57.00
	666.31	0.00	35.00	2.00	40.00	44.00	45.00	41.00	0.00	6.00	0.00	37.00	34.00	43.00	196.00	52.00	119.00	52.00
	666.32	0.00	35.00	0.00	39.00	44.00	45.00	41.00	0.00	7.00	0.00	37.00	32.00	43.00	191.00	52.00	115.00	50.00
	666.33	0.00	36.00	0.00	39.00	44.00	44.00	41.00	0.00	7.00	0.00	37.00	33.00	40.00	184.00	52.00	113.00	49.00
	666.34	0.00	36.00	1.00	39.00	44.00	44.00	41.00	0.00	6.00	0.00	37.00	33.00	42.00	179.00	50.00	110.00	48.00
	666.34	0.00	36.00	0.00	39.00	44.00	44.00	41.00	0.00	7.00	0.00	36.00	32.00	41.00	171.00	49.00	108.00	49.00
	666.35	0.00	35.00	1.00	39.00	44.00	45.00	41.00	0.00	6.00	0.00	36.00	33.00	41.00	166.00	49.00	102.00	48.00
	666.36	0.00	36.00	1.00	38.00	44.00	45.00	41.00	0.00	7.00	0.00	37.00	33.00	41.00	164.00	49.00	94.00	48.00
	666.37	0.00	35.00	2.00	39.00	44.00	44.00	41.00	0.00	7.00	0.00	37.00	33.00	41.00	162.00	48.00	92.00	48.00
	666.38	0.00	35.00	1.00	39.00	42.00	43.00	41.00	0.00	6.00	0.00	37.00	31.00	41.00	162.00	48.00	88.00	48.00
	666.39	0.00	36.00	2.00	40.00	42.00	45.00	40.00	0.00	7.00	0.00	36.00	33.00	41.00	160.00	48.00	87.00	48.00
	666.40	0.00	35.00	1.00	39.00	43.00	44.00	41.00	0.00	7.00	0.00	37.00	33.00	41.00	160.00	47.00	86.00	48.00
	666.41	0.00	35.00	1.00	38.00	40.00	44.00	41.00	0.00	8.00	0.00	37.00	33.00	41.00	161.00	47.00	85.00	48.00
	666.42	0.00	35.00	1.00	38.00	41.00	44.00	41.00	0.00	7.00	0.00	36.00	31.00	41.00	159.00	46.00	82.00	47.00
	666.43	0.00	35.00	1.00	38.00	40.00	44.00	41.00	0.00	7.00	0.00	36.00	31.00	41.00	160.00	47.00	82.00	47.00
	666.44	0.00	34.00	2.00	38.00	40.00	44.00	41.00	0.00	8.00	0.00	35.00	33.00	41.00	160.00	47.00	82.00	47.00
	666.45	0.00	35.00	1.00	39.00	40.00	44.00	41.00	0.00	6.00	0.00	36.00	33.00	41.00	161.00	47.00	82.00	47.00
	666.46	0.00	35.00	0.00	38.00	40.00	44.00	41.00	0.00	5.00	0.00	36.00	31.00	41.00	162.00	47.00	80.00	48.00
	666.47	0.00	35.00	0.00	37.00	39.00	43.00	41.00	0.00	4.00	0.00	36.00	33.00	41.00	161.00	47.00	81.00	47.00
	666.48	0.00	35.00	0.00	38.00	38.00	44.00	41.00	0.00	4.00	0.00	36.00	33.00	41.00	161.00	47.00	82.00	47.00
	666.48	0.00	35.00	0.00	38.00	40.00	44.00	40.00	0.00	4.00	0.00	36.00	33.00	41.00	161.00	47.00	83.00	47.00
	666.49	0.00	35.00	0.00	38.00	40.00	44.00	41.00	0.00	4.00	0.00	36.00	33.00	41.00	160.00	47.00	82.00	48.00
	666.51	0.00	35.00	0.00	37.00	38.00	44.00	41.00	0.00	3.00	0.00	36.00	31.00	41.00	159.00	47.00	83.00	47.00
	666.51	0.00	35.00	0.00	38.00	40.00	44.00	40.00	0.00	2.00	0.00	36.00	31.00	41.00	158.00	47.00	83.00	48.00
	666.52	0.00	35.00	0.00	38.00	38.00	44.00	41.00	0.00	2.00	0.00	36.00	33.00	41.00	160.00	47.00	84.00	47.00
	666.53	0.00	35.00	0.00	38.00	39.00	44.00	41.00	0.00	2.00	0.00	36.00	33.00	41.00	162.00	47.00	84.00	47.00
	666.54	0.00	35.00	0.00	37.00	39.00	44.00	41.00	0.00	1.00	0.00	36.00	33.00	41.00	161.00	48.00	84.00	48.00
	666.55	0.00	35.00	0.00	38.00	39.00	44.00	41.00	0.00	1.00	0.00	36.00	31.00	41.00	161.00	48.00	84.00	48.00
	666.56	0.00	36.00	0.00	38.00	38.00	44.00	41.00	0.00	0.00	0.00	36.00	31.00	41.00	162.00	48.00	84.00	48.00
	666.57	0.00	35.00	0.00	39.00	39.00	44.00	41.00	0.00	1.00	0.00	36.00	33.00	41.00	165.00	48.00	84.00	47.00
	666.58	0.00	35.00	0.00	37.00	38.00	44.00	41.00	0.00	1.00	0.00	36.00	31.00	41.00	166.00	48.00	84.00	48.00
	666.59	0.00	35.00	0.00	37.00	40.00	44.00	40.00	0.00	1.00	0.00	36.00	33.00	41.00	162.00	48.00	84.00	48.00
	666.60	0.00	35.00	0.00	38.00	40.00	44.00	41.00	0.00	1.00	0.00	36.00	31.00	41.00	165.00	48.00	84.00	48.00
	666.61	0.00	35.00	0.00	37.00	40.00	44.00	41.00	0.00	1.00	0.00	36.00	33.00	41.00	166.00	48.00	84.00	48.00
	666.62	0.00	36.00	0.00	38.00	39.00	44.00	41.00	0.00	0.00	0.00	36.00	33.00	41.00	166.00	48.00	84.00	48.00
	666.63	0.00	35.00	0.00	38.00	39.00	44.00	40.00	0.00	1.00	0.00	36.00	31.00	41.00	165.00	48.00	84.00	48.00
	666.64	0.00	35.00	0.00	38.00	38.00	44.00	41.00	0.00	0.00	0.00	36.00	33.00	41.00	165.00	48.00	84.00	48.00
	666.65	0.00	35.00	0.00	39.00	39.00	44.00	41.00	0.00	1.00	0.00	35.00	33.00	39.00	166.00	48.00	84.00	47.00
	666.66	0.00	35.00	0.00	38.00	38.00	44.00	41.00	0.00	1.00	0.00	36.00	33.00	41.00	164.00	48.00	83.00	48.00
	666.66	0.00	35.00	0.00	39.00	38.00	44.00	41.00	0.00	1.00	0.00	36.00	33.00	41.00	162.00	48.00	83.00	48.00
	666.67	0.00	35.00	0.00	38.00	38.00	44.00	41.00	0.00	0.00	0.00	36.00	33.00	41.00	163.00	48.00	83.00	48.00
	666.68	0.00	35.00	0.00	38.00	40.00	44.00	41.00	0.00	0.00	0.00	36.00	33.00	39.00	163.00	48.00	83.00	48.00
	666.69	0.00	36.00	0.00	38.00	39.00	44.00	41.00	0.00	1.00	0.00	36.00	33.00	41.00	164.00	48.00	83.00	47.00
	666.70	0.00	35.00	0.00	38.00	40.00	44.00	41.00	0.00	1.00	0.00	36.00	33.00	41.00	163.00	48.00	83.00	48.00
	666.71	0.00	35.00	0.00	37.00	40.00	44.00	41.00	0.00	0.00	0.00	36.00	33.00	41.00	160.00	48.00	83.00	49.00
	666.72	0.00	35.00	0.00	39.00	39.00	44.00	41.00	0.00	0.00	0.00	36.00	31.00	40.00	160.00	48.00	83.00	48.00
	666.73	0.00	35.00	0.00	39.00	39.00	44.00	41.00	0.00	0.00	0.00	36.00	33.00	39.00	157.00	48.00	82.00	48.00
	666.74	0.00	35.00	0.00	37.00	39.00	44.00	40.00	0.00	0.00	0.00	36.00	33.00	41.00	157.00	48.00	82.00	49.00
	666.75	0.00	35.00	0.00	39.00	38.00	44.00	41.00	0.00	1.00	0.00	36.00	31.00	41.00	157.00	48.00	82.00	48.00
	666.76	0.00	35.00	0.00	37.00	38.00	44.00	41.00	0.00	0.00	0.00	36.00	33.00	41.00	157.00	48.00	82.00	48.00
	666.77	0.00	35.00	0.00	38.00	38.00	44.00	41.00	0.00	0.00	0.00	35.00	33.00	40.00	159.00	47.00	81.00	49.00
	666.78	0.00	35.00	0.00	38.00	38.00	44.00	41.00	0.00	0.00	0.00	36.00	33.00	40.00	156.00	47.00	81.00	48.00
	666.79	0.00	35.00	0.00	38.00	38.00	44.00	41.00	0.00	0.00	0.00	36.00	33.00	40.00	159.00	47.00	81.00	49.00
	666.80	0.00	35.00	0.00	38.00	38.00	44.00	41.00	0.00	0.00	0.00	36.00	31.00	40.00	158.00	47.00	81.00	48.00
	666.80	0.00	35.00	0.00	38.00	38.00	44.00	40.00	0.00	0.00	0.00	36.00	32.00	41.00	163.00	47.00	81.00	48.00
	666.81	0.00	35.00	0.00	37.00	38.00	44.00	41.00	0.00	0.00	0.00	36.00	31.00	41.00	162.00	47.00	82.00	48.00
	666.82	0.00	35.00	0.00	38.00	38.00	44.00	41.00	0.00	0.00	0.00	35.00	33.00	40.00	162.00	47.00	82.00	48.00
	666.83	0.00	35.00	0.00	38.00	38.00	44.00	41.00	0.00	0.00	0.00	36.00	33.00	39.00	162.00	48.00	83.00	48.00
	666.84	0.00	35.00	0.00	38.00	38.00	44.00	41.00	0.00	0.00	0.00	36.00	33.00	39.00	163.00	48.00	83.00	49.00
	666.85	0.00	35.00	0.00	38.00	37.00	44.00	41.00	0.00	0.00	0.00	36.00	31.00	42.00	166.00	48.00	85.00	49.00
	666.86	0.00	35.00	0.00	38.00	39.00	44.00	41.00	0.00	0.00	0.00	36.00	31.00	39.00	169.00	48.00	85.00	49.00
	666.87	0.00	35.00	0.00	38.00	38.00	44.00	41.00	0.00	0.00	0.00	36.00	33.00	39.00	172.00	49.00	89.00	49.00
	666.88	0.00	35.00	0.00	38.00	38.00	44.00	41.00	0.00	0.00	0.00	36.00	34.00	42.00	178.00	49.00	100.00	49.00
	666.89	0.00	35.00	0.00	38.00	38.00	44.00	41.00	0.00	0.00	0.00	36.00	33.00	42.00	184.00	50.00	104.00	49.00
	666.90	0.00	35.00	0.00	37.00	38.00	44.00	41.00	0.00	0.00	0.00	36.00	32.00	41.00	186.00	49.00	108.00	50.00
	666.91	0.00	35.00	0.00	38.00	38.00	44.00	41.00	0.00	0.00	0.00	37.00	32.00	43.00	190.00	52.00	112.00	52.00
	666.92	0.00	35.00	0.00	38.00	38.00	43.00	41.00	0.00	0.00	0.00	37.00	32.00	44.00	196.00	52.00	119.00	56.00
	666.93	0.00	35.00	0.00	36.00	39.00	43.00	41.00	0.00	0.00	0.00	37.00	33.00	44.00	199.00	55.00	125.00	56.00
	666.94	0.00	35.00	0.00	36.00	39.00	44.00	41.00	0.00	0.00	0.00	37.00	34.00	43.00	204.00	57.00	133.00	59.00
	666.95	0.00	35.00	0.00	36.00	39.00	44.00	41.00	0.00	0.00	0.00	38.00	34.00	44.00	207.00	58.00	136.00	65.00
	666.96	0.00	35.00	0.00	38.00	39.00	44.00	41.00	0.00	0.00	0.00	38.00	33.00	44.00	210.00	59.00	142.00	70.00
	666.96	0.00	35.00	0.00	37.00	39.00	44.00	41.00	0.00	0.00	0.00	38.00	33.00	43.00	213.00	61.00	146.00	77.00
	666.97	0.00	35.00	0.00	38.00	39.00	43.00	41.00	0.00	0.00	0.00	39.00	34.00	45.00	213.00	63.00	150.00	83.00
	666.98	0.00	35.00	0.00	38.00	39.00	44.00	41.00	0.00	0.00	0.00	39.00	36.00	45.00	215.00	64.00	156.00	82.00
	666.99	0.00	35.00	0.00	38.00	39.00	44.00	41.00	0.00	0.00	0.00	39.00	36.00	45.00	217.00	64.00	160.00	83.00
	667.00	0.00	35.00	0.00	38.00	39.00	44.00	41.00	0.00	0.00	0.00	39.00	37.00	45.00	218.00	65.00	165.00	85.00
	667.01	0.00	35.00	0.00	37.00	39.00	44.00	41.00	0.00	0.00	0.00	39.00	38.00	45.00	216.00	65.00	168.00	87.00
	667.02	0.00	35.00	0.00	38.00	39.00	44.00	41.00	0.00	0.00	0.00	39.00	37.00	45.00	217.00	66.00	172.00	88.00
	667.03	0.00	35.00	0.00	38.00	40.00	44.00	41.00	0.00	0.00	0.00	39.00	37.00	45.00	218.00	67.00	173.00	90.00
	667.04	0.00	35.00	0.00	37.00	39.00	44.00	40.00	0.00	0.00	0.00	39.00	39.00	45.00	218.00	71.00	175.00	90.00
	667.05	0.00	35.00	0.00	38.00	39.00	44.00	41.00	0.00	0.00	0.00	39.00	40.00	45.00	218.00	71.00	178.00	93.00
	667.06	0.00	35.00	0.00	38.00	39.00	44.00	41.00	0.00	0.00	0.00	39.00	39.00	46.00	219.00	72.00	180.00	96.00
	667.07	0.00	35.00	0.00	38.00	39.00	44.00	41.00	0.00	0.00	0.00	39.00	39.00	46.00	218.00	72.00	183.00	98.00
	667.08	0.00	35.00	0.00	38.00	39.00	44.00	41.00	0.00	0.00	0.00	39.00	37.00	46.00	220.00	72.00	185.00	99.00
	667.09	0.00	35.00	0.00	39.00	39.00	44.00	41.00	0.00	0.00	0.00	39.00	38.00	46.00	220.00	75.00	186.00	99.00
	667.10	0.00	35.00	0.00	38.00	39.00	44.00	41.00	0.00	0.00	0.00	39.00	40.00	46.00	221.00	76.00	187.00	102.00
	667.11	0.00	35.00	0.00	38.00	38.00	44.00	41.00	0.00	0.00	0.00	39.00	38.00	46.00	221.00	81.00	188.00	103.00
	667.12	0.00	35.00	0.00	38.00	40.00	44.00	41.00	0.00	0.00	0.00	39.00	40.00	46.00	221.00	82.00	189.00	105.00
	667.13	0.00	35.00	0.00	37.00	39.00	44.00	41.00	0.00	0.00	0.00	40.00	38.00	46.00	220.00	82.00	189.00	106.00
	667.13	0.00	35.00	0.00	38.00	39.00	44.00	41.00	0.00	0.00	0.00	40.00	40.00	46.00	221.00	82.00	189.00	106.00
	667.15	0.00	35.00	0.00	38.00	39.00	44.00	41.00	0.00	0.00	0.00	40.00	40.00	46.00	220.00	82.00	189.00	108.00
	667.15	0.00	35.00	0.00	38.00	40.00	44.00	41.00	0.00	0.00	0.00	39.00	40.00	46.00	220.00	82.00	189.00	111.00
	667.16	0.00	35.00	0.00	37.00	40.00	44.00	41.00	0.00	0.00	0.00	40.00	40.00	46.00	221.00	82.00	189.00	111.00
	667.17	0.00	35.00	0.00	37.00	38.00	44.00	41.00	0.00	0.00	0.00	40.00	40.00	46.00	222.00	82.00	189.00	110.00
	667.18	0.00	35.00	0.00	38.00	38.00	44.00	41.00	0.00	0.00	0.00	40.00	40.00	46.00	222.00	83.00	189.00	112.00
	667.19	0.00	35.00	0.00	37.00	39.00	44.00	41.00	0.00	0.00	0.00	40.00	40.00	46.00	223.00	83.00	189.00	112.00
	667.20	0.00	35.00	0.00	37.00	39.00	44.00	41.00	0.00	0.00	0.00	40.00	40.00	46.00	223.00	83.00	190.00	112.00
	667.21	0.00	35.00	0.00	37.00	39.00	44.00	41.00	0.00	0.00	0.00	40.00	40.00	46.00	223.00	83.00	190.00	112.00
	667.22	0.00	35.00	0.00	37.00	39.00	44.00	41.00	0.00	0.00	0.00	40.00	38.00	46.00	223.00	83.00	190.00	111.00
	667.23	0.00	35.00	0.00	37.00	39.00	44.00	41.00	0.00	0.00	0.00	39.00	40.00	46.00	223.00	83.00	190.00	112.00
	667.24	0.00	35.00	0.00	37.00	39.00	44.00	41.00	0.00	0.00	0.00	40.00	40.00	46.00	222.00	83.00	190.00	111.00
	667.25	0.00	35.00	0.00	37.00	39.00	44.00	41.00	0.00	0.00	0.00	40.00	38.00	46.00	222.00	83.00	189.00	112.00
	667.26	0.00	35.00	0.00	37.00	39.00	44.00	41.00	0.00	0.00	0.00	39.00	40.00	46.00	223.00	82.00	190.00	111.00
	667.27	0.00	35.00	0.00	38.00	39.00	44.00	41.00	0.00	0.00	0.00	39.00	38.00	46.00	222.00	80.00	190.00	111.00
	667.28	0.00	35.00	0.00	37.00	39.00	44.00	41.00	0.00	0.00	0.00	39.00	40.00	46.00	222.00	81.00	189.00	112.00
	667.29	0.00	35.00	1.00	37.00	39.00	44.00	41.00	0.00	0.00	0.00	39.00	40.00	46.00	221.00	76.00	189.00	111.00
	667.30	0.00	35.00	2.00	38.00	40.00	44.00	41.00	0.00	1.00	0.00	39.00	38.00	46.00	222.00	76.00	188.00	111.00
	667.30	0.00	35.00	2.00	39.00	39.00	44.00	41.00	0.00	0.00	0.00	39.00	40.00	45.00	222.00	79.00	189.00	111.00
	667.32	0.00	35.00	2.00	38.00	40.00	44.00	41.00	0.00	1.00	0.00	39.00	38.00	46.00	221.00	73.00	188.00	111.00
	667.32	0.00	35.00	1.00	38.00	40.00	43.00	41.00	0.00	1.00	0.00	39.00	38.00	46.00	221.00	73.00	188.00	112.00
	667.33	0.00	35.00	2.00	38.00	40.00	44.00	41.00	0.00	2.00	0.00	39.00	40.00	45.00	222.00	73.00	188.00	111.00
	667.34	0.00	34.00	2.00	38.00	40.00	43.00	41.00	0.00	1.00	0.00	39.00	40.00	45.00	221.00	72.00	187.00	110.00
	667.35	0.00	35.00	2.00	38.00	40.00	44.00	41.00	0.00	1.00	0.00	39.00	38.00	46.00	220.00	72.00	186.00	111.00
	667.36	0.00	42.00	0.00	7.00	0.00	36.00	32.00	41.00	178.00	46.00	52.00	49.00
	680.27	0.00	36.00	19.00	40.00	44.00	51.00	43.00	0.00	7.00	0.00	36.00	34.00	41.00	180.00	46.00	52.00	49.00
	680.28	0.00	36.00	17.00	40.00	44.00	50.00	43.00	0.00	8.00	0.00	35.00	32.00	41.00	179.00	46.00	52.00	48.00
	680.29	0.00	36.00	18.00	40.00	42.00	51.00	43.00	0.00	9.00	0.00	36.00	34.00	41.00	177.00	46.00	52.00	48.00
	680.30	0.00	36.00	20.00	40.00	44.00	51.00	43.00	0.00	7.00	0.00	36.00	32.00	41.00	179.00	46.00	52.00	47.00
	680.31	0.00	35.00	24.00	40.00	45.00	51.00	43.00	0.00	7.00	0.00	36.00	32.00	41.00	179.00	46.00	52.00	49.00
	680.32	0.00	36.00	26.00	40.00	45.00	51.00	43.00	0.00	8.00	0.00	36.00	34.00	40.00	179.00	46.00	53.00	48.00
	680.33	0.00	36.00	24.00	40.00	45.00	51.00	43.00	0.00	8.00	0.00	36.00	32.00	41.00	178.00	46.00	52.00	47.00
	680.34	0.00	36.00	24.00	41.00	45.00	51.00	43.00	0.00	9.00	0.00	36.00	34.00	41.00	178.00	46.00	52.00	48.00
	680.34	0.00	36.00	24.00	40.00	45.00	51.00	43.00	0.00	11.00	0.00	36.00	32.00	40.00	178.00	46.00	52.00	49.00
	680.35	0.00	36.00	25.00	41.00	47.00	51.00	43.00	0.00	10.00	0.00	36.00	32.00	41.00	179.00	46.00	52.00	48.00
	680.36	0.00	36.00	25.00	39.00	47.00	51.00	43.00	0.00	11.00	0.00	36.00	32.00	41.00	177.00	46.00	52.00	48.00
	680.37	0.00	36.00	26.00	39.00	47.00	51.00	43.00	0.00	12.00	0.00	36.00	34.00	41.00	180.00	46.00	52.00	48.00
	680.38	0.00	36.00	26.00	39.00	46.00	51.00	43.00	0.00	14.00	0.00	36.00	34.00	41.00	178.00	46.00	52.00	48.00
	680.39	0.00	36.00	26.00	40.00	47.00	51.00	43.00	0.00	13.00	0.00	36.00	32.00	41.00	179.00	46.00	52.00	48.00
	680.40	0.00	36.00	25.00	41.00	45.00	51.00	43.00	0.00	14.00	0.00	36.00	32.00	41.00	178.00	46.00	52.00	48.00
	680.41	0.00	36.00	25.00	39.00	46.00	51.00	43.00	0.00	15.00	0.00	36.00	34.00	41.00	178.00	46.00	52.00	48.00
	680.42	0.00	36.00	25.00	39.00	46.00	51.00	43.00	0.00	15.00	0.00	35.00	32.00	40.00	179.00	46.00	52.00	48.00
	680.43	0.00	36.00	26.00	39.00	47.00	51.00	43.00	0.00	15.00	0.00	35.00	32.00	41.00	178.00	46.00	52.00	48.00
	680.44	0.00	36.00	25.00	40.00	47.00	51.00	43.00	0.00	14.00	0.00	36.00	33.00	41.00	178.00	46.00	52.00	48.00
	680.45	0.00	36.00	18.00	40.00	47.00	49.00	43.00	0.00	15.00	0.00	36.00	34.00	41.00	179.00	46.00	52.00	48.00
	680.46	0.00	36.00	20.00	40.00	47.00	51.00	43.00	0.00	13.00	0.00	36.00	32.00	41.00	179.00	46.00	52.00	48.00
	680.47	0.00	36.00	17.00	39.00	45.00	50.00	43.00	0.00	6.00	0.00	36.00	32.00	39.00	179.00	46.00	52.00	49.00
	680.48	0.00	36.00	16.00	40.00	45.00	51.00	43.00	0.00	8.00	0.00	35.00	32.00	41.00	178.00	46.00	52.00	48.00
	680.49	0.00	36.00	16.00	40.00	44.00	51.00	43.00	0.00	7.00	0.00	36.00	34.00	41.00	178.00	46.00	52.00	48.00
	680.50	0.00	36.00	4.00	40.00	44.00	51.00	43.00	0.00	6.00	0.00	36.00	32.00	41.00	176.00	46.00	52.00	48.00
	680.51	0.00	36.00	6.00	39.00	41.00	50.00	43.00	0.00	6.00	0.00	36.00	34.00	41.00	178.00	46.00	52.00	48.00
	680.52	0.00	36.00	7.00	40.00	43.00	50.00	42.00	0.00	6.00	0.00	36.00	34.00	41.00	177.00	46.00	52.00	48.00
	680.53	0.00	36.00	7.00	39.00	43.00	49.00	43.00	0.00	6.00	0.00	36.00	34.00	41.00	177.00	46.00	52.00	48.00
	680.54	0.00	36.00	6.00	39.00	43.00	50.00	43.00	0.00	7.00	0.00	36.00	34.00	41.00	176.00	46.00	52.00	48.00
	680.54	0.00	35.00	7.00	39.00	43.00	49.00	43.00	0.00	6.00	0.00	35.00	32.00	41.00	176.00	46.00	52.00	48.00
	680.55	0.00	36.00	6.00	39.00	43.00	49.00	43.00	0.00	7.00	0.00	36.00	32.00	41.00	176.00	46.00	52.00	49.00
	680.56	0.00	36.00	6.00	40.00	43.00	48.00	43.00	0.00	6.00	0.00	36.00	32.00	39.00	177.00	46.00	52.00	48.00
	680.57	0.00	36.00	1.00	40.00	43.00	48.00	42.00	0.00	4.00	0.00	36.00	32.00	41.00	176.00	46.00	52.00	48.00
	680.58	0.00	34.00	3.00	39.00	43.00	49.00	42.00	0.00	4.00	0.00	35.00	34.00	41.00	175.00	46.00	52.00	48.00
	680.59	0.00	36.00	0.00	39.00	42.00	49.00	43.00	0.00	4.00	0.00	36.00	34.00	41.00	178.00	47.00	51.00	48.00
	680.60	0.00	36.00	0.00	39.00	42.00	48.00	43.00	0.00	3.00	0.00	36.00	32.00	41.00	177.00	46.00	52.00	48.00
	680.61	0.00	36.00	0.00	37.00	43.00	48.00	43.00	0.00	3.00	0.00	36.00	32.00	41.00	176.00	46.00	52.00	48.00
	680.62	0.00	36.00	0.00	38.00	41.00	48.00	43.00	0.00	2.00	0.00	36.00	34.00	41.00	177.00	46.00	52.00	48.00
	680.63	0.00	36.00	0.00	38.00	42.00	48.00	43.00	0.00	2.00	0.00	36.00	32.00	41.00	177.00	46.00	52.00	48.00
	680.64	0.00	36.00	0.00	37.00	40.00	48.00	43.00	0.00	1.00	0.00	36.00	32.00	41.00	177.00	46.00	52.00	48.00
	680.65	0.00	36.00	0.00	37.00	42.00	49.00	43.00	0.00	1.00	0.00	36.00	34.00	41.00	177.00	46.00	52.00	48.00
	680.66	0.00	36.00	0.00	38.00	40.00	48.00	43.00	0.00	1.00	0.00	36.00	32.00	40.00	176.00	46.00	52.00	48.00
	680.67	0.00	36.00	0.00	38.00	40.00	49.00	43.00	0.00	1.00	0.00	36.00	34.00	41.00	176.00	46.00	52.00	48.00
	680.68	0.00	36.00	0.00	38.00	41.00	48.00	43.00	0.00	0.00	0.00	36.00	34.00	41.00	176.00	46.00	52.00	49.00
	680.69	0.00	36.00	0.00	38.00	41.00	48.00	43.00	0.00	0.00	0.00	36.00	34.00	38.00	177.00	46.00	52.00	49.00
	680.70	0.00	36.00	0.00	39.00	41.00	48.00	43.00	0.00	0.00	0.00	36.00	32.00	41.00	177.00	46.00	52.00	49.00
	680.71	0.00	36.00	0.00	38.00	41.00	48.00	43.00	0.00	0.00	0.00	35.00	32.00	39.00	177.00	46.00	52.00	49.00
	680.72	0.00	36.00	0.00	38.00	40.00	48.00	42.00	0.00	0.00	0.00	36.00	32.00	41.00	177.00	46.00	52.00	49.00
	680.72	0.00	36.00	0.00	38.00	40.00	49.00	42.00	0.00	0.00	0.00	36.00	34.00	41.00	179.00	46.00	52.00	49.00
	680.73	0.00	36.00	0.00	39.00	40.00	48.00	43.00	0.00	0.00	0.00	35.00	34.00	39.00	178.00	46.00	52.00	49.00
	680.74	0.00	36.00	0.00	39.00	40.00	48.00	43.00	0.00	0.00	0.00	36.00	34.00	38.00	175.00	46.00	52.00	49.00
	680.75	0.00	36.00	0.00	39.00	40.00	49.00	43.00	0.00	1.00	0.00	36.00	34.00	41.00	178.00	46.00	51.00	48.00
	680.76	0.00	36.00	0.00	38.00	40.00	48.00	43.00	0.00	1.00	0.00	36.00	34.00	41.00	176.00	46.00	52.00	48.00
	680.77	0.00	36.00	0.00	37.00	39.00	48.00	43.00	0.00	0.00	0.00	36.00	34.00	41.00	178.00	46.00	52.00	49.00
	680.78	0.00	36.00	0.00	38.00	41.00	49.00	43.00	0.00	1.00	0.00	36.00	34.00	41.00	176.00	46.00	52.00	47.00
	680.79	0.00	36.00	0.00	37.00	39.00	48.00	43.00	0.00	1.00	0.00	36.00	34.00	41.00	177.00	46.00	52.00	48.00
	680.80	0.00	36.00	0.00	37.00	39.00	48.00	43.00	0.00	1.00	0.00	36.00	32.00	41.00	177.00	46.00	52.00	48.00
	680.81	0.00	36.00	0.00	38.00	41.00	48.00	43.00	0.00	2.00	0.00	36.00	32.00	41.00	176.00	46.00	52.00	47.00
	680.82	0.00	36.00	0.00	37.00	39.00	49.00	43.00	0.00	2.00	0.00	36.00	32.00	41.00	176.00	46.00	52.00	48.00
	680.83	0.00	36.00	0.00	37.00	39.00	47.00	43.00	0.00	1.00	0.00	36.00	34.00	41.00	178.00	46.00	51.00	48.00
	680.84	0.00	36.00	0.00	38.00	39.00	48.00	43.00	0.00	1.00	0.00	36.00	32.00	41.00	177.00	46.00	52.00	48.00
	680.85	0.00	36.00	0.00	38.00	41.00	48.00	43.00	0.00	1.00	0.00	36.00	34.00	41.00	177.00	46.00	52.00	48.00
	680.85	0.00	36.00	0.00	37.00	41.00	48.00	43.00	0.00	0.00	0.00	36.00	34.00	41.00	178.00	46.00	52.00	49.00
	680.86	0.00	36.00	0.00	38.00	41.00	48.00	43.00	0.00	0.00	0.00	35.00	33.00	41.00	175.00	46.00	52.00	49.00
	680.88	0.00	36.00	0.00	38.00	41.00	49.00	43.00	0.00	1.00	0.00	36.00	32.00	41.00	177.00	46.00	52.00	47.00
	680.88	0.00	36.00	0.00	38.00	39.00	48.00	43.00	0.00	1.00	0.00	36.00	34.00	41.00	176.00	46.00	52.00	48.00
	680.89	0.00	36.00	0.00	37.00	39.00	48.00	43.00	0.00	1.00	0.00	36.00	34.00	41.00	176.00	46.00	52.00	48.00
	680.90	0.00	36.00	0.00	37.00	39.00	48.00	43.00	0.00	1.00	0.00	36.00	34.00	41.00	176.00	46.00	52.00	48.00
	680.91	0.00	36.00	0.00	35.00	41.00	48.00	43.00	0.00	0.00	0.00	36.00	34.00	41.00	175.00	46.00	52.00	49.00
	680.92	0.00	36.00	0.00	35.00	41.00	48.00	43.00	0.00	0.00	0.00	35.00	32.00	39.00	177.00	46.00	52.00	49.00
	680.93	0.00	36.00	0.00	35.00	41.00	48.00	43.00	0.00	1.00	0.00	36.00	34.00	41.00	176.00	46.00	52.00	47.00
	680.94	0.00	36.00	0.00	35.00	39.00	48.00	43.00	0.00	1.00	0.00	36.00	34.00	41.00	177.00	46.00	52.00	48.00
	680.95	0.00	36.00	0.00	34.00	39.00	48.00	43.00	0.00	1.00	0.00	35.00	34.00	41.00	177.00	46.00	52.00	48.00
	680.96	0.00	36.00	0.00	35.00	41.00	48.00	43.00	0.00	1.00	0.00	36.00	34.00	41.00	175.00	46.00	52.00	48.00
	680.97	0.00	36.00	0.00	34.00	39.00	49.00	43.00	0.00	0.00	0.00	36.00	34.00	41.00	178.00	46.00	52.00	49.00
	680.98	0.00	36.00	0.00	35.00	41.00	48.00	43.00	0.00	0.00	0.00	36.00	32.00	38.00	178.00	46.00	52.00	49.00
	680.99	0.00	36.00	0.00	35.00	41.00	48.00	43.00	0.00	0.00	0.00	36.00	34.00	40.00	176.00	46.00	52.00	49.00
	681.00	0.00	36.00	0.00	35.00	41.00	48.00	43.00	0.00	0.00	0.00	36.00	34.00	39.00	178.00	46.00	52.00	49.00
	681.01	0.00	36.00	0.00	36.00	41.00	48.00	43.00	0.00	0.00	0.00	36.00	34.00	39.00	176.00	46.00	52.00	49.00
	681.02	0.00	36.00	0.00	35.00	41.00	49.00	43.00	0.00	1.00	0.00	36.00	34.00	41.00	178.00	46.00	52.00	48.00
	681.03	0.00	36.00	0.00	34.00	39.00	48.00	43.00	0.00	0.00	0.00	36.00	32.00	41.00	176.00	46.00	52.00	49.00
	681.03	0.00	36.00	0.00	36.00	41.00	49.00	43.00	0.00	0.00	0.00	35.00	34.00	41.00	178.00	46.00	52.00	49.00
	681.04	0.00	36.00	0.00	35.00	41.00	48.00	43.00	0.00	0.00	0.00	36.00	34.00	41.00	176.00	46.00	52.00	49.00
	681.05	0.00	36.00	0.00	36.00	41.00	48.00	43.00	0.00	0.00	0.00	35.00	32.00	40.00	175.00	46.00	52.00	49.00
	681.06	0.00	36.00	0.00	35.00	41.00	48.00	43.00	0.00	0.00	0.00	35.00	34.00	39.00	177.00	46.00	52.00	49.00
	681.07	0.00	36.00	0.00	35.00	41.00	48.00	42.00	0.00	0.00	0.00	35.00	32.00	41.00	176.00	46.00	52.00	49.00
	681.08	0.00	36.00	0.00	36.00	41.00	49.00	43.00	0.00	0.00	0.00	36.00	34.00	41.00	176.00	46.00	52.00	49.00
	681.09	0.00	36.00	0.00	36.00	41.00	48.00	43.00	0.00	0.00	0.00	36.00	34.00	40.00	175.00	46.00	52.00	49.00
	681.10	0.00	36.00	0.00	36.00	41.00	49.00	43.00	0.00	0.00	0.00	36.00	34.00	40.00	176.00	46.00	52.00	49.00
	681.11	0.00	36.00	0.00	35.00	41.00	49.00	43.00	0.00	0.00	0.00	35.00	32.00	40.00	176.00	46.00	52.00	49.00
	681.12	0.00	35.00	0.00	35.00	41.00	48.00	42.00	0.00	0.00	0.00	36.00	34.00	41.00	175.00	46.00	52.00	49.00
	681.13	0.00	36.00	0.00	35.00	40.00	49.00	42.00	0.00	0.00	0.00	36.00	34.00	41.00	176.00	46.00	52.00	49.00
	681.14	0.00	36.00	0.00	34.00	41.00	48.00	43.00	0.00	0.00	0.00	35.00	34.00	40.00	178.00	46.00	52.00	49.00
	681.15	0.00	36.00	0.00	35.00	41.00	48.00	43.00	0.00	0.00	0.00	36.00	34.00	41.00	176.00	46.00	52.00	48.00
	681.16	0.00	36.00	0.00	35.00	41.00	49.00	43.00	0.00	0.00	0.00	35.00	32.00	40.00	176.00	46.00	52.00	49.00
	681.16	0.00	36.00	0.00	34.00	40.00	49.00	42.00	0.00	0.00	0.00	36.00	32.00	41.00	176.00	46.00	52.00	49.00
	681.17	0.00	36.00	0.00	35.00	41.00	49.00	43.00	0.00	0.00	0.00	35.00	32.00	40.00	177.00	46.00	52.00	49.00
	681.18	0.00	36.00	0.00	35.00	40.00	48.00	43.00	0.00	0.00	0.00	36.00	34.00	41.00	176.00	46.00	52.00	49.00
	681.19	0.00	36.00	0.00	35.00	41.00	48.00	43.00	0.00	0.00	0.00	36.00	34.00	41.00	174.00	46.00	52.00	49.00
	681.20	0.00	36.00	0.00	34.00	41.00	48.00	43.00	0.00	0.00	0.00	36.00	34.00	41.00	174.00	46.00	52.00	49.00
	681.21	0.00	36.00	0.00	34.00	41.00	48.00	43.00	0.00	0.00	0.00	36.00	32.00	39.00	175.00	46.00	52.00	49.00
	681.22	0.00	36.00	0.00	34.00	40.00	48.00	42.00	0.00	0.00	0.00	36.00	34.00	41.00	175.00	46.00	52.00	49.00
	681.23	0.00	36.00	0.00	35.00	40.00	48.00	43.00	0.00	0.00	0.00	35.00	34.00	40.00	175.00	46.00	52.00	49.00
	681.24	0.00	36.00	0.00	35.00	41.00	48.00	43.00	0.00	0.00	0.00	36.00	34.00	39.00	174.00	46.00	52.00	49.00
	681.25	0.00	36.00	0.00	35.00	41.00	49.00	43.00	0.00	0.00	0.00	36.00	34.00	40.00	173.00	46.00	52.00	49.00
	681.26	0.00	36.00	0.00	34.00	40.00	49.00	43.00	0.00	0.00	0.00	35.00	34.00	40.00	172.00	46.00	52.00	49.00
	681.27	0.00	36.00	0.00	35.00	41.00	49.00	43.00	0.00	0.00	0.00	36.00	34.00	41.00	174.00	46.00	52.00	49.00
	681.28	0.00	36.00	0.00	35.00	40.00	48.00	43.00	0.00	0.00	0.00	36.00	34.00	40.00	173.00	46.00	52.00	49.00
	681.29	0.00	36.00	0.00	35.00	40.00	48.00	43.00	0.00	0.00	0.00	36.00	34.00	39.00	173.00	46.00	52.00	49.00
	681.30	0.00	36.00	0.00	35.00	40.00	48.00	43.00	0.00	0.00	0.00	36.00	34.00	39.00	173.00	46.00	52.00	49.00
	681.31	0.00	36.00	0.00	35.00	40.00	49.00	43.00	0.00	0.00	0.00	36.00	34.00	39.00	173.00	46.00	52.00	49.00
	681.32	0.00	36.00	0.00	34.00	40.00	48.00	43.00	0.00	0.00	0.00	36.00	34.00	41.00	173.00	46.00	52.00	49.00
	681.33	0.00	36.00	0.00	34.00	41.00	49.00	43.00	0.00	0.00	0.00	36.00	34.00	41.00	171.00	46.00	52.00	49.00
	681.33	0.00	36.00	0.00	35.00	40.00	48.00	42.00	0.00	0.00	0.00	36.00	34.00	41.00	172.00	46.00	52.00	49.00
	681.34	0.00	36.00	0.00	35.00	40.00	49.00	43.00	0.00	0.00	0.00	36.00	32.00	40.00	174.00	45.00	52.00	49.00
	681.35	0.00	36.00	0.00	35.00	41.00	48.00	43.00	0.00	0.00	0.00	36.00	32.00	40.00	172.00	46.00	52.00	49.00
	681.36	0.00	36.00	0.00	35.00	40.00	48.00	43.00	0.00	0.00	0.00	36.00	32.00	39.00	172.00	46.00	52.00	49.00
	681.37	0.00	36.00	0.00	35.00	40.00	49.00	43.00	0.00	0.00	0.00	36.00	32.00	39.00	174.00	46.00	52.00	49.00
	681.38	0.00	36.00	0.00	35.00	40.00	48.00	43.00	0.00	0.00	0.00	35.00	34.00	40.00	174.00	46.00	52.00	49.00
	681.39	0.00	36.00	0.00	34.00	38.00	48.00	43.00	0.00	0.00	0.00	35.00	32.00	41.00	174.00	46.00	52.00	49.00
	681.40	0.00	36.00	0.00	35.00	40.00	48.00	43.00	0.00	0.00	0.00	36.00	34.00	40.00	171.00	46.00	52.00	49.00
	681.41	0.00	36.00	0.00	34.00	41.00	48.00	43.00	0.00	0.00	0.00	36.00	34.00	40.00	173.00	46.00	52.00	49.00
	681.42	0.00	36.00	0.00	35.00	40.00	48.00	43.00	0.00	0.00	0.00	36.00	34.00	39.00	173.00	46.00	52.00	49.00
	681.43	0.00	36.00	0.00	35.00	40.00	48.00	42.00	0.00	0.00	0.00	36.00	32.00	42.00	172.00	46.00	52.00	49.00
	681.44	0.00	36.00	0.00	35.00	40.00	48.00	43.00	0.00	0.00	0.00	35.00	32.00	40.00	173.00	47.00	52.00	49.00
	681.45	0.00	36.00	0.00	35.00	40.00	48.00	43.00	0.00	0.00	0.00	35.00	33.00	40.00	173.00	47.00	52.00	49.00
	681.46	0.00	36.00	0.00	35.00	40.00	48.00	43.00	0.00	0.00	0.00	36.00	34.00	42.00	175.00	47.00	52.00	49.00
	681.47	0.00	36.00	0.00	35.00	40.00	48.00	43.00	0.00	0.00	0.00	36.00	32.00	40.00	173.00	47.00	52.00	49.00
	681.47	0.00	36.00	0.00	34.00	40.00	48.00	42.00	0.00	0.00	0.00	36.00	34.00	41.00	175.00	47.00	53.00	49.00
	681.48	0.00	36.00	0.00	35.00	40.00	48.00	43.00	0.00	0.00	0.00	36.00	34.00	39.00	175.00	48.00	53.00	49.00
	681.49	0.00	36.00	0.00	35.00	40.00	48.00	42.00	0.00	0.00	0.00	35.00	32.00	42.00	175.00	48.00	55.00	50.00
	681.50	0.00	36.00	0.00	34.00	40.00	49.00	43.00	0.00	0.00	0.00	35.00	32.00	40.00	176.00	48.00	55.00	49.00
	681.51	0.00	36.00	0.00	35.00	40.00	48.00	43.00	0.00	0.00	0.00	36.00	34.00	40.00	176.00	48.00	53.00	49.00
	681.52	0.00	36.00	0.00	35.00	40.00	48.00	43.00	0.00	0.00	0.00	35.00	32.00	41.00	177.00	48.00	53.00	49.00
	681.53	0.00	36.00	0.00	35.00	40.00	48.00	43.00	0.00	0.00	0.00	35.00	34.00	40.00	176.00	48.00	53.00	49.00
	681.54	0.00	36.00	0.00	35.00	40.00	48.00	43.00	0.00	0.00	0.00	37.00	34.00	39.00	176.00	48.00	53.00	49.00
	681.55	0.00	36.00	0.00	35.00	40.00	48.00	43.00	0.00	0.00	0.00	36.00	32.00	40.00	174.00	48.00	53.00	49.00
	681.56	0.00	36.00	0.00	35.00	40.00	48.00	43.00	0.00	0.00	0.00	37.00	34.00	42.00	176.00	48.00	53.00	49.00
	681.57	0.00	36.00	0.00	35.00	40.00	49.00	43.00	0.00	0.00	0.00	35.00	33.00	40.00	175.00	48.00	55.00	49.00
	681.58	0.00	36.00	0.00	35.00	40.00	48.00	43.00	0.00	0.00	0.00	35.00	32.00	40.00	176.00	48.00	56.00	49.00
	681.59	0.00	36.00	0.00	35.00	40.00	48.00	43.00	0.00	0.00	0.00	37.00	34.00	39.00	177.00	48.00	56.00	49.00
	681.60	0.00	36.00	0.00	35.00	40.00	48.00	43.00	0.00	0.00	0.00	35.00	34.00	40.00	177.00	48.00	57.00	49.00
	681.61	0.00	36.00	0.00	34.00	40.00	48.00	43.00	0.00	0.00	0.00	35.00	34.00	41.00	178.00	48.00	57.00	49.00
	681.61	0.00	36.00	0.00	34.00	40.00	48.00	43.00	0.00	0.00	0.00	37.00	34.00	42.00	178.00	49.00	57.00	49.00
	681.63	0.00	36.00	0.00	35.00	40.00	48.00	43.00	0.00	0.00	0.00	35.00	32.00	40.00	178.00	48.00	59.00	49.00
	681.63	0.00	36.00	0.00	35.00	40.00	48.00	43.00	0.00	0.00	0.00	37.00	32.00	41.00	178.00	49.00	60.00	49.00
	681.64	0.00	36.00	0.00	35.00	40.00	48.00	43.00	0.00	0.00	0.00	35.00	34.00	40.00	178.00	49.00	61.00	49.00
	681.65	0.00	36.00	0.00	35.00	40.00	48.00	43.00	0.00	0.00	0.00	37.00	34.00	39.00	178.00	49.00	61.00	49.00
	681.66	0.00	36.00	0.00	35.00	40.00	48.00	43.00	0.00	0.00	0.00	37.00	34.00	39.00	180.00	49.00	62.00	49.00
	681.67	0.00	36.00	0.00	35.00	40.00	48.00	43.00	0.00	0.00	0.00	37.00	32.00	39.00	180.00	49.00	62.00	49.00
	681.68	0.00	36.00	0.00	35.00	40.00	48.00	43.00	0.00	0.00	0.00	37.00	32.00	42.00	179.00	49.00	62.00	49.00
	681.69	0.00	36.00	0.00	35.00	40.00	48.00	43.00	0.00	0.00	0.00	36.00	34.00	40.00	179.00	49.00	62.00	49.00
	681.70	0.00	36.00	0.00	35.00	40.00	48.00	43.00	0.00	0.00	0.00	36.00	34.00	40.00	179.00	49.00	63.00	49.00
	681.71	0.00	36.00	0.00	34.00	40.00	48.00	43.00	0.00	0.00	0.00	37.00	33.00	40.00	179.00	50.00	63.00	49.00
	681.72	0.00	35.00	0.00	36.00	39.00	48.00	43.00	0.00	0.00	0.00	37.00	34.00	42.00	182.00	50.00	64.00	49.00
	681.73	0.00	36.00	0.00	34.00	40.00	48.00	42.00	0.00	0.00	0.00	37.00	34.00	42.00	184.00	50.00	65.00	50.00
	681.74	0.00	36.00	0.00	34.00	40.00	48.00	43.00	0.00	0.00	0.00	36.00	34.00	40.00	185.00	50.00	76.00	49.00
	681.75	0.00	36.00	0.00	35.00	40.00	48.00	43.00	0.00	0.00	0.00	36.00	32.00	42.00	186.00	50.00	77.00	49.00
	681.76	0.00	36.00	0.00	34.00	39.00	48.00	42.00	0.00	0.00	0.00	37.00	34.00	42.00	187.00	51.00	78.00	48.00
	681.77	0.00	36.00	0.00	34.00	39.00	48.00	42.00	0.00	0.00	0.00	37.00	34.00	42.00	187.00	51.00	79.00	49.00
	681.78	0.00	35.00	0.00	35.00	40.00	48.00	42.00	0.00	0.00	0.00	37.00	32.00	42.00	187.00	51.00	81.00	49.00
	681.78	0.00	36.00	0.00	34.00	39.00	48.00	42.00	0.00	0.00	0.00	37.00	33.00	42.00	188.00	51.00	81.00	50.00
	681.79	0.00	36.00	0.00	35.00	40.00	48.00	43.00	0.00	0.00	0.00	37.00	33.00	42.00	189.00	52.00	82.00	49.00
	681.80	0.00	36.00	0.00	35.00	40.00	48.00	43.00	0.00	0.00	0.00	37.00	34.00	42.00	190.00	52.00	83.00	49.00
	681.81	0.00	36.00	0.00	35.00	40.00	48.00	43.00	0.00	0.00	0.00	37.00	34.00	42.00	191.00	52.00	83.00	49.00
	681.82	0.00	36.00	0.00	35.00	39.00	48.00	42.00	0.00	0.00	0.00	37.00	34.00	42.00	191.00	52.00	83.00	50.00
	681.83	0.00	36.00	0.00	36.00	40.00	48.00	43.00	0.00	0.00	0.00	37.00	33.00	40.00	190.00	52.00	84.00	49.00
	681.84	0.00	36.00	0.00	36.00	40.00	48.00	43.00	0.00	0.00	0.00	37.00	34.00	39.00	191.00	53.00	84.00	49.00
	681.85	0.00	36.00	0.00	36.00	39.00	48.00	42.00	0.00	0.00	0.00	37.00	34.00	41.00	191.00	53.00	84.00	50.00
	681.86	0.00	36.00	0.00	36.00	40.00	48.00	43.00	0.00	0.00	0.00	36.00	33.00	40.00	192.00	53.00	85.00	49.00
	681.87	0.00	36.00	0.00	36.00	40.00	48.00	43.00	0.00	0.00	0.00	37.00	33.00	40.00	193.00	55.00	86.00	49.00
	681.88	0.00	36.00	0.00	36.00	40.00	48.00	43.00	0.00	0.00	0.00	37.00	33.00	39.00	193.00	56.00	90.00	50.00
	681.89	0.00	36.00	0.00	36.00	38.00	48.00	43.00	0.00	0.00	0.00	38.00	33.00	42.00	197.00	56.00	94.00	49.00
	681.90	0.00	36.00	0.00	36.00	40.00	48.00	43.00	0.00	0.00	0.00	38.00	33.00	40.00	197.00	56.00	94.00	50.00
	681.91	0.00	36.00	0.00	35.00	40.00	48.00	43.00	0.00	0.00	0.00	38.00	35.00	39.00	197.00	57.00	97.00	50.00
	681.91	0.00	36.00	0.00	35.00	40.00	48.00	43.00	0.00	0.00	0.00	37.00	35.00	40.00	195.00	57.00	98.00	50.00
	681.92	0.00	36.00	0.00	36.00	40.00	48.00	43.00	0.00	0.00	0.00	38.00	35.00	42.00	196.00	57.00	99.00	49.00
	681.93	0.00	36.00	0.00	36.00	40.00	48.00	43.00	0.00	0.00	0.00	38.00	35.00	40.00	196.00	57.00	99.00	50.00
	681.94	0.00	36.00	0.00	36.00	40.00	48.00	43.00	0.00	0.00	0.00	38.00	35.00	39.00	196.00	57.00	99.00	50.00
	681.95	0.00	36.00	0.00	36.00	40.00	48.00	43.00	0.00	0.00	0.00	38.00	33.00	39.00	196.00	57.00	99.00	50.00
	681.96	0.00	36.00	0.00	36.00	40.00	48.00	43.00	0.00	0.00	0.00	38.00	35.00	39.00	195.00	57.00	99.00	50.00
	681.97	0.00	36.00	0.00	36.00	40.00	48.00	42.00	0.00	0.00	0.00	38.00	35.00	42.00	195.00	57.00	98.00	50.00
	681.98	0.00	36.00	0.00	35.00	40.00	48.00	43.00	0.00	0.00	0.00	37.00	33.00	40.00	195.00	57.00	99.00	50.00
	681.99	0.00	36.00	0.00	35.00	40.00	48.00	43.00	0.00	0.00	0.00	38.00	33.00	40.00	197.00	57.00	98.00	50.00
	682.00	0.00	36.00	0.00	36.00	40.00	48.00	43.00	0.00	0.00	0.00	38.00	35.00	39.00	195.00	57.00	99.00	50.00
	682.01	0.00	36.00	0.00	35.00	38.00	48.00	43.00	0.00	0.00	0.00	37.00	33.00	41.00	196.00	57.00	99.00	50.00
	682.02	0.00	36.00	0.00	35.00	40.00	48.00	43.00	0.00	0.00	0.00	37.00	33.00	40.00	195.00	57.00	99.00	50.00
	682.03	0.00	36.00	0.00	35.00	40.00	48.00	43.00	0.00	0.00	0.00	38.00	35.00	39.00	195.00	57.00	100.00	50.00
	682.04	0.00	36.00	0.00	36.00	40.00	48.00	43.00	0.00	0.00	0.00	38.00	35.00	42.00	196.00	57.00	100.00	50.00
	682.05	0.00	36.00	0.00	36.00	40.00	48.00	43.00	0.00	0.00	0.00	38.00	34.00	41.00	197.00	58.00	100.00	50.00
	682.06	0.00	36.00	0.00	36.00	40.00	48.00	43.00	0.00	0.00	0.00	38.00	35.00	42.00	198.00	58.00	100.00	50.00
	682.07	0.00	36.00	0.00	36.00	40.00	48.00	43.00	0.00	0.00	0.00	38.00	35.00	42.00	198.00	58.00	101.00	50.00
	682.08	0.00	35.00	0.00	35.00	40.00	48.00	43.00	0.00	0.00	0.00	38.00	34.00	40.00	197.00	58.00	100.00	50.00
	682.09	0.00	36.00	0.00	36.00	40.00	48.00	43.00	0.00	0.00	0.00	38.00	34.00	42.00	202.00	58.00	101.00	50.00
	682.09	0.00	36.00	0.00	35.00	40.00	48.00	43.00	0.00	0.00	0.00	38.00	35.00	42.00	200.00	58.00	102.00	50.00
	682.10	0.00	36.00	0.00	35.00	40.00	48.00	43.00	0.00	0.00	0.00	38.00	35.00	42.00	200.00	59.00	102.00	50.00
	682.11	0.00	36.00	0.00	36.00	40.00	48.00	42.00	0.00	0.00	0.00	37.00	35.00	40.00	200.00	59.00	102.00	50.00
	682.12	0.00	36.00	0.00	36.00	40.00	48.00	43.00	0.00	0.00	0.00	38.00	35.00	40.00	200.00	59.00	103.00	49.00
	682.13	0.00	36.00	0.00	35.00	40.00	48.00	43.00	0.00	0.00	0.00	37.00	34.00	40.00	198.00	59.00	103.00	50.00
	682.14	0.00	36.00	0.00	35.00	38.00	48.00	43.00	0.00	0.00	0.00	38.00	34.00	40.00	201.00	59.00	104.00	50.00
	682.15	0.00	36.00	0.00	35.00	40.00	47.00	43.00	0.00	0.00	0.00	37.00	35.00	40.00	201.00	59.00	104.00	50.00
	682.16	0.00	36.00	0.00	38.00	40.00	48.00	43.00	0.00	0.00	0.00	38.00	35.00	42.00	201.00	59.00	105.00	50.00
	682.17	0.00	36.00	0.00	38.00	40.00	47.00	43.00	0.00	0.00	0.00	38.00	34.00	42.00	204.00	59.00	106.00	50.00
	682.18	0.00	36.00	0.00	38.00	40.00	48.00	43.00	0.00	0.00	0.00	38.00	35.00	42.00	203.00	60.00	107.00	50.00
	682.19	0.00	36.00	0.00	38.00	40.00	48.00	43.00	0.00	0.00	0.00	38.00	35.00	42.00	205.00	60.00	107.00	50.00
	682.20	0.00	36.00	0.00	38.00	40.00	48.00	43.00	0.00	0.00	0.00	38.00	35.00	42.00	206.00	61.00	107.00	50.00
	682.21	0.00	36.00	0.00	38.00	40.00	48.00	43.00	0.00	0.00	0.00	38.00	34.00	42.00	206.00	62.00	108.00	50.00
	682.22	0.00	36.00	0.00	38.00	40.00	47.00	43.00	0.00	0.00	0.00	38.00	34.00	42.00	206.00	61.00	107.00	50.00
	682.23	0.00	36.00	0.00	38.00	40.00	48.00	43.00	0.00	0.00	0.00	38.00	35.00	42.00	205.00	62.00	107.00	50.00
	682.23	0.00	35.00	0.00	38.00	40.00	48.00	43.00	0.00	0.00	0.00	38.00	35.00	40.00	206.00	62.00	107.00	51.00
	682.25	0.00	36.00	0.00	38.00	40.00	48.00	43.00	0.00	0.00	0.00	37.00	34.00	40.00	206.00	63.00	106.00	51.00
	682.26	0.00	36.00	0.00	39.00	40.00	48.00	43.00	0.00	0.00	0.00	38.00	35.00	42.00	205.00	63.00	108.00	51.00
	682.26	0.00	36.00	0.00	39.00	40.00	48.00	43.00	0.00	0.00	0.00	38.00	33.00	42.00	207.00	63.00	109.00	51.00
	682.27	0.00	36.00	0.00	38.00	40.00	48.00	43.00	0.00	0.00	0.00	38.00	34.00	42.00	208.00	64.00	109.00	51.00
	682.28	0.00	35.00	0.00	38.00	40.00	48.00	42.00	0.00	0.00	0.00	37.00	34.00	42.00	206.00	64.00	110.00	51.00
	682.29	0.00	36.00	0.00	38.00	40.00	48.00	43.00	0.00	0.00	0.00	38.00	35.00	40.00	207.00	64.00	110.00	49.00
	682.30	0.00	36.00	0.00	38.00	40.00	48.00	43.00	0.00	0.00	0.00	38.00	35.00	40.00	207.00	64.00	109.00	50.00
	682.31	0.00	36.00	0.00	39.00	40.00	48.00	43.00	0.00	0.00	0.00	38.00	35.00	40.00	206.00	63.00	109.00	51.00
	682.32	0.00	36.00	0.00	38.00	40.00	48.00	43.00	0.00	0.00	0.00	38.00	34.00	42.00	204.00	63.00	110.00	51.00
	682.33	0.00	36.00	0.00	38.00	40.00	48.00	43.00	0.00	0.00	0.00	38.00	34.00	42.00	207.00	64.00	110.00	50.00
	682.34	0.00	36.00	0.00	38.00	40.00	48.00	43.00	0.00	0.00	0.00	38.00	35.00	42.00	209.00	64.00	110.00	51.00
	682.35	0.00	36.00	0.00	38.00	40.00	48.00	43.00	0.00	0.00	0.00	38.00	35.00	42.00	209.00	64.00	110.00	51.00
	682.36	0.00	36.00	0.00	38.00	40.00	48.00	43.00	0.00	0.00	0.00	38.00	35.00	42.00	209.00	67.00	111.00	51.00
	682.37	0.00	35.00	0.00	38.00	40.00	48.00	43.00	0.00	0.00	0.00	38.00	34.00	42.00	209.00	68.00	112.00	51.00
	682.38	0.00	36.00	0.00	38.00	40.00	48.00	43.00	0.00	0.00	0.00	39.00	35.00	40.00	213.00	69.00	112.00	51.00
	682.39	0.00	36.00	0.00	38.00	40.00	47.00	43.00	0.00	0.00	0.00	38.00	35.00	40.00	212.00	69.00	113.00	51.00
	682.40	0.00	36.00	0.00	38.00	40.00	48.00	43.00	0.00	0.00	0.00	39.00	33.00	42.00	212.00	70.00	114.00	52.00
	682.41	0.00	36.00	0.00	39.00	40.00	48.00	43.00	0.00	0.00	0.00	38.00	35.00	42.00	212.00	70.00	116.00	52.00
	682.41	0.00	35.00	0.00	38.00	40.00	48.00	43.00	0.00	0.00	0.00	38.00	35.00	42.00	212.00	70.00	117.00	53.00
	682.42	0.00	36.00	0.00	38.00	40.00	47.00	43.00	0.00	0.00	0.00	39.00	33.00	40.00	213.00	70.00	117.00	52.00
	682.43	0.00	36.00	0.00	38.00	40.00	47.00	43.00	0.00	0.00	0.00	39.00	35.00	42.00	213.00	70.00	118.00	55.00
	682.44	0.00	35.00	0.00	38.00	40.00	48.00	43.00	0.00	0.00	0.00	38.00	35.00	42.00	212.00	70.00	118.00	56.00
	682.45	0.00	36.00	0.00	38.00	40.00	48.00	43.00	0.00	0.00	0.00	38.00	33.00	42.00	212.00	70.00	118.00	57.00
	682.46	0.00	36.00	0.00	38.00	40.00	47.00	43.00	0.00	0.00	0.00	39.00	35.00	42.00	214.00	70.00	117.00	57.00
	682.47	0.00	36.00	0.00	38.00	40.00	48.00	43.00	0.00	0.00	0.00	38.00	33.00	42.00	214.00	70.00	117.00	57.00
	682.48	0.00	36.00	0.00	38.00	40.00	48.00	43.00	0.00	0.00	0.00	38.00	35.00	42.00	215.00	70.00	117.00	57.00
	682.49	0.00	36.00	0.00	38.00	40.00	48.00	43.00	0.00	0.00	0.00	38.00	33.00	42.00	214.00	70.00	116.00	53.00
	682.50	0.00	36.00	0.00	38.00	40.00	48.00	43.00	0.00	0.00	0.00	38.00	35.00	42.00	213.00	69.00	115.00	53.00
	682.51	0.00	36.00	0.00	38.00	40.00	48.00	43.00	0.00	0.00	0.00	38.00	34.00	41.00	212.00	68.00	114.00	51.00
	682.52	0.00	35.00	0.00	38.00	40.00	48.00	43.00	0.00	0.00	0.00	38.00	35.00	42.00	211.00	68.00	112.00	52.00
	682.53	0.00	36.00	0.00	38.00	40.00	48.00	43.00	0.00	0.00	0.00	38.00	35.00	42.00	209.00	67.00	111.00	51.00
	682.54	0.00	35.00	0.00	38.00	40.00	48.00	42.00	0.00	0.00	0.00	37.00	33.00	40.00	209.00	63.00	108.00	51.00
	682.55	0.00	36.00	0.00	38.00	40.00	48.00	43.00	0.00	0.00	0.00	38.00	34.00	40.00	205.00	62.00	106.00	50.00
	682.56	0.00	36.00	0.00	38.00	40.00	48.00	43.00	0.00	0.00	0.00	38.00	35.00	40.00	199.00	61.00	104.00	49.00
	682.57	0.00	36.00	0.00	38.00	39.00	48.00	43.00	0.00	0.00	0.00	38.00	33.00	40.00	192.00	58.00	93.00	50.00
	682.58	0.00	36.00	0.00	38.00	40.00	48.00	42.00	0.00	0.00	0.00	37.00	34.00	42.00	186.00	57.00	87.00	50.00
	682.59	0.00	36.00	0.00	38.00	39.00	48.00	42.00	0.00	0.00	0.00	37.00	32.00	42.00	187.00	56.00	84.00	50.00
	682.59	0.00	36.00	0.00	38.00	40.00	48.00	43.00	0.00	0.00	0.00	37.00	33.00	42.00	183.00	54.00	82.00	50.00
	682.60	0.00	36.00	0.00	38.00	40.00	48.00	43.00	0.00	0.00	0.00	36.00	34.00	40.00	179.00	53.00	68.00	50.00
	682.61	0.00	36.00	0.00	35.00	40.00	48.00	43.00	0.00	0.00	0.00	37.00	32.00	40.00	176.00	53.00	67.00	50.00
	682.62	0.00	36.00	0.00	35.00	39.00	48.00	42.00	0.00	0.00	0.00	37.00	32.00	41.00	174.00	52.00	65.00	49.00
	682.63	0.00	36.00	0.00	37.00	40.00	48.00	42.00	0.00	0.00	0.00	37.00	34.00	41.00	174.00	51.00	63.00	50.00
	682.64	0.00	36.00	0.00	39.00	40.00	48.00	43.00	0.00	0.00	0.00	37.00	34.00	40.00	172.00	51.00	58.00	50.00
	682.65	0.00	36.00	0.00	39.00	41.00	48.00	43.00	0.00	0.00	0.00	37.00	32.00	42.00	171.00	51.00	57.00	49.00
	682.66	0.00	36.00	0.00	38.00	41.00	48.00	43.00	0.00	0.00	0.00	36.00	33.00	40.00	171.00	51.00	57.00	49.00
	682.67	0.00	36.00	0.00	39.00	41.00	49.00	43.00	0.00	1.00	0.00	37.00	34.00	42.00	170.00	50.00	54.00	48.00
	682.68	0.00	36.00	0.00	38.00	40.00	48.00	43.00	0.00	4.00	0.00	37.00	34.00	41.00	171.00	50.00	54.00	48.00
	682.69	0.00	36.00	0.00	38.00	40.00	48.00	43.00	0.00	6.00	0.00	37.00	32.00	41.00	166.00	50.00	53.00	48.00
	682.70	0.00	36.00	0.00	38.00	40.00	48.00	43.00	0.00	4.00	0.00	37.00	32.00	41.00	167.00	50.00	53.00	48.00
	682.71	0.00	36.00	0.00	38.00	41.00	48.00	43.00	0.00	5.00	0.00	37.00	32.00	41.00	167.00	48.00	53.00	48.00
	682.72	0.00	36.00	0.00	38.00	40.00	48.00	43.00	0.00	3.00	0.00	36.00	34.00	41.00	160.00	48.00	53.00	48.00
	682.73	0.00	36.00	0.00	38.00	40.00	48.00	43.00	0.00	0.00	0.00	36.00	32.00	41.00	161.00	47.00	52.00	49.00
	682.73	0.00	36.00	0.00	37.00	41.00	49.00	42.00	0.00	5.00	0.00	37.00	34.00	41.00	160.00	47.00	52.00	48.00
	682.74	0.00	36.00	0.00	38.00	40.00	49.00	43.00	0.00	4.00	0.00	36.00	32.00	41.00	158.00	46.00	52.00	48.00
	682.76	0.00	36.00	0.00	38.00	40.00	49.00	43.00	0.00	3.00	0.00	36.00	32.00	41.00	159.00	46.00	52.00	48.00
	682.76	0.00	36.00	0.00	39.00	40.00	48.00	43.00	0.00	0.00	0.00	36.00	33.00	41.00	160.00	45.00	52.00	49.00
	682.77	0.00	36.00	0.00	39.00	42.00	49.00	43.00	0.00	1.00	0.00	36.00	34.00	41.00	158.00	45.00	52.00	47.00
	682.78	0.00	36.00	2.00	38.00	41.00	49.00	43.00	0.00	0.00	0.00	36.00	32.00	41.00	159.00	45.00	52.00	49.00
	682.79	0.00	36.00	3.00	38.00	41.00	49.00	43.00	0.00	0.00	0.00	36.00	32.00	41.00	158.00	45.00	52.00	49.00
	682.80	0.00	36.00	6.00	38.00	42.00	50.00	43.00	0.00	0.00	0.00	36.00	34.00	41.00	157.00	44.00	52.00	49.00
	682.81	0.00	36.00	6.00	39.00	43.00	50.00	42.00	0.00	0.00	0.00	36.00	34.00	41.00	158.00	44.00	52.00	48.00
	682.82	0.00	36.00	7.00	39.00	44.00	50.00	43.00	0.00	1.00	0.00	36.00	34.00	41.00	158.00	44.00	52.00	47.00
	682.83	0.00	36.00	5.00	40.00	46.00	50.00	43.00	0.00	0.00	0.00	36.00	34.00	41.00	157.00	44.00	52.00	48.00
	682.84	0.00	36.00	7.00	39.00	45.00	50.00	43.00	0.00	1.00	0.00	36.00	32.00	41.00	156.00	44.00	52.00	47.00
	682.85	0.00	36.00	6.00	40.00	46.00	51.00	43.00	0.00	1.00	0.00	36.00	32.00	41.00	157.00	44.00	52.00	47.00
	682.86	0.00	36.00	6.00	39.00	47.00	50.00	42.00	0.00	1.00	0.00	35.00	32.00	41.00	157.00	44.00	52.00	47.00
	682.87	0.00	36.00	17.00	40.00	48.00	49.00	43.00	0.00	1.00	0.00	36.00	32.00	41.00	157.00	44.00	51.00	47.00
	682.88	0.00	36.00	16.00	39.00	49.00	51.00	43.00	0.00	1.00	0.00	36.00	34.00	41.00	156.00	44.00	52.00	47.00
	682.89	0.00	36.00	18.00	39.00	47.00	51.00	43.00	0.00	1.00	0.00	36.00	34.00	41.00	158.00	44.00	52.00	48.00
	682.90	0.00	36.00	18.00	39.00	50.00	51.00	43.00	0.00	2.00	0.00	35.00	34.00	41.00	157.00	44.00	52.00	47.00
	682.91	0.00	36.00	18.00	39.00	50.00	51.00	43.00	0.00	2.00	0.00	36.00	32.00	41.00	156.00	44.00	52.00	47.00
	682.91	0.00	35.00	19.00	39.00	50.00	51.00	43.00	0.00	5.00	0.00	36.00	34.00	41.00	156.00	44.00	52.00	47.00
	682.92	0.00	36.00	18.00	40.00	50.00	51.00	43.00	0.00	7.00	0.00	35.00	34.00	41.00	157.00	44.00	52.00	46.00
	682.93	0.00	36.00	18.00	39.00	50.00	51.00	43.00	0.00	7.00	0.00	36.00	34.00	41.00	156.00	44.00	52.00	47.00
	682.94	0.00	36.00	18.00	40.00	50.00	51.00	43.00	0.00	8.00	0.00	35.00	32.00	41.00	155.00	44.00	52.00	46.00
	682.95	0.00	36.00	19.00	39.00	50.00	51.00	43.00	0.00	9.00	0.00	36.00	34.00	41.00	157.00	44.00	52.00	46.00
	682.96	0.00	36.00	19.00	40.00	50.00	51.00	43.00	0.00	9.00	0.00	35.00	34.00	41.00	156.00	44.00	51.00	46.00
	682.97	0.00	36.00	16.00	39.00	50.00	51.00	43.00	0.00	9.00	0.00	36.00	33.00	41.00	157.00	44.00	52.00	47.00
	682.98	0.00	36.00	12.00	39.00	50.00	51.00	43.00	0.00	9.00	0.00	35.00	32.00	41.00	157.00	44.00	52.00	46.00
	682.99	0.00	36.00	10.00	39.00	48.00	51.00	43.00	0.00	9.00	0.00	36.00	34.00	41.00	157.00	44.00	52.00	46.00
	683.00	0.00	36.00	6.00	39.00	47.00	51.00	43.00	0.00	9.00	0.00	35.00	34.00	41.00	159.00	44.00	51.00	46.00
	683.01	0.00	36.00	7.00	40.00	45.00	49.00	43.00	0.00	9.00	0.00	36.00	34.00	41.00	159.00	45.00	52.00	47.00
	683.02	0.00	36.00	7.00	39.00	45.00	49.00	42.00	0.00	8.00	0.00	36.00	32.00	41.00	158.00	45.00	51.00	47.00
	683.03	0.00	36.00	7.00	39.00	44.00	49.00	43.00	0.00	9.00	0.00	36.00	34.00	41.00	160.00	45.00	52.00	47.00
	683.04	0.00	36.00	7.00	39.00	43.00	49.00	43.00	0.00	10.00	0.00	36.00	34.00	41.00	159.00	45.00	52.00	47.00
	683.05	0.00	36.00	4.00	40.00	43.00	49.00	43.00	0.00	11.00	0.00	36.00	34.00	41.00	160.00	45.00	52.00	47.00
	683.06	0.00	36.00	4.00	39.00	43.00	48.00	43.00	0.00	10.00	0.00	36.00	32.00	39.00	159.00	45.00	52.00	49.00
	683.07	0.00	36.00	3.00	38.00	43.00	49.00	43.00	0.00	7.00	0.00	36.00	34.00	41.00	160.00	45.00	52.00	46.00
	683.08	0.00	36.00	3.00	39.00	43.00	49.00	43.00	0.00	5.00	0.00	36.00	34.00	41.00	158.00	45.00	52.00	47.00
	683.08	0.00	36.00	3.00	39.00	43.00	49.00	43.00	0.00	5.00	0.00	36.00	32.00	41.00	159.00	45.00	52.00	47.00
	683.09	0.00	36.00	3.00	39.00	43.00	49.00	43.00	0.00	2.00	0.00	36.00	34.00	41.00	159.00	45.00	52.00	47.00
	683.10	0.00	36.00	3.00	38.00	43.00	48.00	42.00	0.00	2.00	0.00	36.00	34.00	40.00	158.00	45.00	52.00	47.00
	683.11	0.00	36.00	3.00	39.00	43.00	49.00	43.00	0.00	1.00	0.00	36.00	34.00	41.00	159.00	44.00	52.00	47.00
	683.12	0.00	36.00	4.00	38.00	42.00	47.00	43.00	0.00	1.00	0.00	36.00	32.00	41.00	158.00	45.00	52.00	47.00
	683.13	0.00	36.00	3.00	38.00	42.00	49.00	43.00	0.00	1.00	0.00	36.00	34.00	41.00	158.00	45.00	52.00	47.00
	683.14	0.00	36.00	0.00	39.00	42.00	49.00	43.00	0.00	0.00	0.00	36.00	34.00	40.00	160.00	45.00	52.00	48.00
	683.15	0.00	36.00	0.00	39.00	42.00	48.00	43.00	0.00	0.00	0.00	36.00	34.00	38.00	160.00	45.00	52.00	48.00
	683.16	0.00	36.00	0.00	39.00	42.00	49.00	43.00	0.00	0.00	0.00	36.00	32.00	39.00	160.00	45.00	52.00	48.00
	683.17	0.00	36.00	0.00	39.00	42.00	49.00	43.00	0.00	0.00	0.00	36.00	34.00	38.00	160.00	45.00	52.00	48.00
	683.18	0.00	36.00	0.00	39.00	42.00	48.00	43.00	0.00	0.00	0.00	36.00	34.00	39.00	161.00	45.00	52.00	48.00
	683.19	0.00	36.00	0.00	39.00	41.00	49.00	42.00	0.00	0.00	0.00	36.00	32.00	41.00	160.00	45.00	52.00	48.00
	683.20	0.00	36.00	0.00	39.00	41.00	48.00	43.00	0.00	0.00	0.00	36.00	32.00	41.00	160.00	45.00	52.00	48.00
	683.21	0.00	36.00	0.00	38.00	41.00	49.00	43.00	0.00	0.00	0.00	35.00	34.00	39.00	161.00	45.00	52.00	48.00
	683.22	0.00	36.00	0.00	38.00	40.00	49.00	42.00	0.00	0.00	0.00	36.00	32.00	40.00	160.00	45.00	52.00	48.00
	683.23	0.00	36.00	0.00	38.00	40.00	49.00	42.00	0.00	0.00	0.00	36.00	34.00	41.00	161.00	45.00	52.00	48.00
	683.23	0.00	36.00	0.00	38.00	40.00	49.00	42.00	0.00	0.00	0.00	36.00	32.00	41.00	160.00	45.00	52.00	48.00
	683.24	0.00	36.00	0.00	39.00	41.00	49.00	43.00	0.00	0.00	0.00	35.00	32.00	39.00	160.00	45.00	52.00	48.00
	683.25	0.00	36.00	0.00	36.00	40.00	48.00	42.00	0.00	0.00	0.00	36.00	34.00	41.00	161.00	45.00	52.00	49.00
	683.26	0.00	36.00	0.00	35.00	40.00	48.00	43.00	0.00	0.00	0.00	36.00	34.00	41.00	161.00	45.00	52.00	48.00
	683.27	0.00	36.00	0.00	36.00	41.00	48.00	43.00	0.00	0.00	0.00	36.00	32.00	38.00	160.00	45.00	52.00	48.00
	683.28	0.00	36.00	0.00	36.00	40.00	48.00	43.00	0.00	0.00	0.00	36.00	32.00	38.00	161.00	45.00	52.00	48.00
	683.29	0.00	36.00	0.00	35.00	38.00	48.00	43.00	0.00	0.00	0.00	36.00	32.00	41.00	162.00	45.00	52.00	48.00
	683.30	0.00	36.00	0.00	35.00	41.00	49.00	43.00	0.00	0.00	0.00	36.00	34.00	38.00	162.00	46.00	52.00	49.00
	683.31	0.00	36.00	0.00	35.00	41.00	48.00	43.00	0.00	0.00	0.00	36.00	34.00	39.00	161.00	46.00	52.00	48.00
	683.32	0.00	36.00	0.00	35.00	40.00	48.00	43.00	0.00	0.00	0.00	35.00	32.00	40.00	161.00	46.00	52.00	48.00
	683.33	0.00	36.00	0.00	36.00	40.00	48.00	43.00	0.00	0.00	0.00	35.00	34.00	41.00	163.00	47.00	52.00	48.00
	683.34	0.00	36.00	0.00	36.00	40.00	49.00	43.00	0.00	0.00	0.00	35.00	34.00	40.00	162.00	47.00	52.00	48.00
	683.35	0.00	36.00	0.00	36.00	40.00	49.00	43.00	0.00	0.00	0.00	36.00	34.00	39.00	163.00	47.00	52.00	49.00
	683.36	0.00	36.00	0.00	36.00	40.00	49.00	43.00	0.00	0.00	0.00	36.00	34.00	40.00	164.00	47.00	52.00	49.00
	683.37	0.00	36.00	0.00	36.00	40.00	48.00	43.00	0.00	0.00	0.00	36.00	34.00	40.00	163.00	47.00	52.00	48.00
	683.38	0.00	36.00	0.00	37.00	40.00	48.00	43.00	0.00	0.00	0.00	36.00	34.00	41.00	164.00	47.00	52.00	48.00
	683.39	0.00	36.00	0.00	39.00	40.00	48.00	43.00	0.00	0.00	0.00	36.00	34.00	41.00	163.00	47.00	52.00	48.00
	683.40	0.00	36.00	0.00	38.00	40.00	49.00	42.00	0.00	0.00	0.00	36.00	32.00	41.00	162.00	47.00	52.00	49.00
	683.40	0.00	36.00	0.00	38.00	40.00	48.00	43.00	0.00	0.00	0.00	36.00	34.00	41.00	162.00	47.00	52.00	49.00
	683.41	0.00	36.00	0.00	38.00	40.00	49.00	43.00	0.00	0.00	0.00	36.00	32.00	39.00	163.00	47.00	52.00	49.00
	683.42	0.00	36.00	0.00	39.00	40.00	48.00	43.00	0.00	0.00	0.00	36.00	34.00	39.00	163.00	47.00	52.00	49.00
	683.43	0.00	36.00	0.00	39.00	41.00	49.00	43.00	0.00	0.00	0.00	35.00	34.00	40.00	163.00	47.00	52.00	49.00
	683.44	0.00	36.00	0.00	38.00	40.00	49.00	43.00	0.00	0.00	0.00	36.00	34.00	41.00	163.00	47.00	52.00	48.00
	683.45	0.00	36.00	0.00	38.00	41.00	49.00	43.00	0.00	0.00	0.00	35.00	34.00	40.00	163.00	47.00	52.00	49.00
	683.46	0.00	36.00	0.00	38.00	41.00	49.00	43.00	0.00	0.00	0.00	36.00	34.00	39.00	163.00	47.00	52.00	49.00
	683.47	0.00	36.00	0.00	39.00	41.00	49.00	43.00	0.00	0.00	0.00	36.00	32.00	39.00	162.00	47.00	52.00	48.00
	683.48	0.00	36.00	0.00	39.00	41.00	49.00	43.00	0.00	0.00	0.00	36.00	34.00	40.00	163.00	47.00	52.00	49.00
	683.49	0.00	36.00	0.00	39.00	41.00	49.00	43.00	0.00	0.00	0.00	35.00	34.00	41.00	162.00	47.00	52.00	49.00
	683.50	0.00	36.00	0.00	39.00	41.00	48.00	43.00	0.00	0.00	0.00	36.00	32.00	41.00	162.00	47.00	52.00	49.00
	683.51	0.00	36.00	0.00	38.00	42.00	49.00	43.00	0.00	0.00	0.00	35.00	34.00	40.00	162.00	47.00	52.00	49.00
	683.52	0.00	36.00	1.00	39.00	42.00	49.00	43.00	0.00	0.00	0.00	36.00	34.00	40.00	162.00	47.00	52.00	49.00
	683.53	0.00	36.00	3.00	38.00	40.00	48.00	43.00	0.00	0.00	0.00	36.00	32.00	41.00	162.00	47.00	52.00	48.00
	683.53	0.00	36.00	3.00	38.00	41.00	49.00	43.00	0.00	0.00	0.00	36.00	34.00	41.00	162.00	47.00	52.00	49.00
	683.54	0.00	36.00	3.00	38.00	40.00	49.00	43.00	0.00	0.00	0.00	36.00	34.00	42.00	164.00	47.00	52.00	49.00
	683.55	0.00	36.00	3.00	38.00	42.00	49.00	43.00	0.00	0.00	0.00	36.00	34.00	42.00	164.00	46.00	52.00	48.00
	683.56	0.00	36.00	4.00	38.00	40.00	49.00	43.00	0.00	0.00	0.00	36.00	32.00	40.00	164.00	47.00	52.00	48.00
	683.57	0.00	36.00	4.00	38.00	41.00	49.00	43.00	0.00	2.00	0.00	36.00	32.00	41.00	164.00	47.00	52.00	48.00
	683.58	0.00	35.00	4.00	39.00	42.00	49.00	43.00	0.00	3.00	0.00	35.00	32.00	42.00	164.00	47.00	52.00	48.00
	683.59	0.00	36.00	5.00	39.00	42.00	49.00	43.00	0.00	4.00	0.00	36.00	32.00	42.00	163.00	47.00	52.00	48.00
	683.60	0.00	36.00	8.00	39.00	42.00	49.00	42.00	0.00	6.00	0.00	36.00	32.00	42.00	164.00	47.00	52.00	48.00
	683.61	0.00	36.00	8.00	38.00	42.00	49.00	43.00	0.00	6.00	0.00	36.00	32.00	42.00	164.00	47.00	52.00	48.00
	683.62	0.00	36.00	8.00	38.00	42.00	49.00	43.00	0.00	8.00	0.00	36.00	34.00	42.00	164.00	47.00	52.00	48.00
	683.63	0.00	36.00	8.00	38.00	42.00	49.00	43.00	0.00	5.00	0.00	36.00	34.00	42.00	163.00	47.00	52.00	48.00
	683.64	0.00	35.00	8.00	38.00	42.00	49.00	43.00	0.00	2.00	0.00	35.00	34.00	42.00	162.00	47.00	52.00	48.00
	683.65	0.00	36.00	8.00	39.00	42.00	49.00	42.00	0.00	1.00	0.00	36.00	34.00	42.00	163.00	46.00	52.00	48.00
	683.66	0.00	36.00	8.00	39.00	42.00	49.00	42.00	0.00	1.00	0.00	36.00	34.00	42.00	164.00	47.00	52.00	48.00
	683.67	0.00	36.00	7.00	39.00	42.00	48.00	43.00	0.00	1.00	0.00	36.00	34.00	41.00	164.00	46.00	52.00	48.00
	683.68	0.00	36.00	8.00	39.00	42.00	49.00	43.00	0.00	1.00	0.00	36.00	32.00	40.00	164.00	47.00	52.00	48.00
	683.69	0.00	36.00	8.00	38.00	42.00	49.00	43.00	0.00	0.00	0.00	36.00	34.00	42.00	163.00	47.00	52.00	49.00
	683.70	0.00	36.00	8.00	39.00	41.00	49.00	43.00	0.00	0.00	0.00	36.00	34.00	42.00	163.00	47.00	52.00	49.00
	683.71	0.00	36.00	7.00	38.00	42.00	49.00	43.00	0.00	1.00	0.00	36.00	34.00	42.00	163.00	47.00	52.00	48.00
	683.71	0.00	36.00	8.00	39.00	42.00	48.00	43.00	0.00	1.00	0.00	36.00	34.00	41.00	163.00	47.00	52.00	48.00
	683.72	0.00	36.00	8.00	38.00	42.00	49.00	43.00	0.00	1.00	0.00	36.00	34.00	42.00	163.00	47.00	52.00	48.00
	683.73	0.00	36.00	8.00	38.00	42.00	49.00	43.00	0.00	2.00	0.00	36.00	32.00	42.00	163.00	47.00	52.00	48.00
	683.74	0.00	36.00	8.00	39.00	42.00	49.00	42.00	0.00	2.00	0.00	36.00	32.00	42.00	163.00	47.00	52.00	48.00
	683.75	0.00	36.00	8.00	39.00	42.00	49.00	43.00	0.00	3.00	0.00	36.00	34.00	42.00	163.00	47.00	52.00	48.00
	683.76	0.00	36.00	7.00	39.00	41.00	49.00	42.00	0.00	4.00	0.00	36.00	34.00	42.00	164.00	48.00	52.00	48.00
	683.77	0.00	36.00	8.00	39.00	42.00	49.00	43.00	0.00	4.00	0.00	35.00	34.00	42.00	166.00	48.00	52.00	48.00
	683.78	0.00	36.00	9.00	38.00	42.00	49.00	42.00	0.00	5.00	0.00	36.00	32.00	42.00	167.00	48.00	52.00	48.00
	683.79	0.00	36.00	9.00	39.00	42.00	48.00	42.00	0.00	3.00	0.00	36.00	34.00	42.00	168.00	48.00	52.00	48.00
	683.80	0.00	36.00	9.00	39.00	42.00	49.00	43.00	0.00	3.00	0.00	37.00	34.00	42.00	169.00	48.00	52.00	48.00
	683.81	0.00	36.00	9.00	38.00	42.00	49.00	43.00	0.00	2.00	0.00	37.00	32.00	42.00	172.00	49.00	52.00	48.00
	683.82	0.00	35.00	8.00	38.00	42.00	49.00	43.00	0.00	2.00	0.00	35.00	34.00	42.00	172.00	48.00	52.00	48.00
	683.83	0.00	36.00	9.00	38.00	42.00	49.00	42.00	0.00	2.00	0.00	37.00	34.00	42.00	171.00	49.00	53.00	48.00
	683.84	0.00	36.00	9.00	39.00	42.00	49.00	43.00	0.00	1.00	0.00	37.00	32.00	42.00	171.00	48.00	54.00	48.00
	683.85	0.00	36.00	10.00	39.00	42.00	48.00	43.00	0.00	1.00	0.00	37.00	34.00	42.00	172.00	49.00	54.00	48.00
	683.85	0.00	36.00	11.00	38.00	40.00	49.00	43.00	0.00	2.00	0.00	37.00	34.00	42.00	173.00	49.00	55.00	49.00
	683.86	0.00	36.00	9.00	38.00	42.00	49.00	43.00	0.00	2.00	0.00	37.00	34.00	42.00	172.00	49.00	55.00	48.00
	683.88	0.00	36.00	11.00	39.00	42.00	49.00	43.00	0.00	2.00	0.00	37.00	32.00	42.00	171.00	49.00	53.00	48.00
	683.88	0.00	36.00	10.00	39.00	42.00	49.00	43.00	0.00	3.00	0.00	37.00	34.00	42.00	170.00	48.00	52.00	48.00
	683.89	0.00	36.00	11.00	38.00	42.00	49.00	43.00	0.00	3.00	0.00	37.00	32.00	42.00	172.00	49.00	52.00	47.00
	683.90	0.00	36.00	12.00	38.00	42.00	49.00	43.00	0.00	4.00	0.00	37.00	32.00	42.00	170.00	48.00	52.00	47.00
	683.91	0.00	36.00	12.00	39.00	42.00	49.00	43.00	0.00	3.00	0.00	37.00	34.00	42.00	168.00	48.00	52.00	48.00
	683.92	0.00	36.00	11.00	39.00	42.00	49.00	43.00	0.00	4.00	0.00	36.00	34.00	42.00	169.00	48.00	52.00	47.00
	683.93	0.00	36.00	10.00	38.00	42.00	49.00	43.00	0.00	4.00	0.00	37.00	34.00	42.00	171.00	48.00	52.00	48.00
	683.94	0.00	36.00	10.00	39.00	42.00	49.00	43.00	0.00	4.00	0.00	37.00	34.00	42.00	169.00	48.00	52.00	47.00
	683.95	0.00	36.00	11.00	38.00	42.00	49.00	43.00	0.00	4.00	0.00	36.00	32.00	42.00	171.00	48.00	52.00	48.00
	683.96	0.00	36.00	9.00	38.00	42.00	49.00	43.00	0.00	4.00	0.00	37.00	32.00	42.00	171.00	47.00	52.00	47.00
	683.97	0.00	36.00	10.00	39.00	42.00	49.00	43.00	0.00	5.00	0.00	37.00	34.00	42.00	169.00	47.00	52.00	48.00
	683.98	0.00	36.00	9.00	38.00	42.00	49.00	43.00	0.00	6.00	0.00	37.00	34.00	42.00	170.00	48.00	52.00	48.00
	683.99	0.00	36.00	7.00	39.00	41.00	49.00	43.00	0.00	6.00	0.00	37.00	34.00	42.00	169.00	48.00	52.00	49.00
	684.00	0.00	36.00	8.00	39.00	42.00	49.00	43.00	0.00	7.00	0.00	37.00	32.00	42.00	168.00	49.00	52.00	48.00
	684.01	0.00	36.00	8.00	39.00	41.00	49.00	43.00	0.00	7.00	0.00	37.00	34.00	42.00	171.00	48.00	52.00	48.00
	684.02	0.00	36.00	8.00	39.00	42.00	48.00	43.00	0.00	5.00	0.00	37.00	34.00	42.00	169.00	48.00	52.00	48.00
	684.03	0.00	36.00	8.00	39.00	43.00	49.00	42.00	0.00	8.00	0.00	37.00	34.00	42.00	169.00	48.00	52.00	48.00
	684.03	0.00	36.00	6.00	38.00	41.00	49.00	43.00	0.00	7.00	0.00	37.00	34.00	42.00	169.00	48.00	52.00	49.00
	684.04	0.00	36.00	8.00	38.00	43.00	49.00	43.00	0.00	7.00	0.00	37.00	32.00	42.00	168.00	48.00	52.00	48.00
	684.05	0.00	36.00	8.00	38.00	42.00	49.00	43.00	0.00	6.00	0.00	36.00	33.00	42.00	167.00	48.00	52.00	48.00
	684.06	0.00	36.00	8.00	38.00	42.00	49.00	43.00	0.00	8.00	0.00	37.00	33.00	42.00	168.00	48.00	52.00	48.00
	684.07	0.00	36.00	8.00	38.00	43.00	49.00	42.00	0.00	10.00	0.00	37.00	34.00	42.00	169.00	48.00	52.00	48.00
	684.08	0.00	36.00	8.00	39.00	43.00	49.00	43.00	0.00	9.00	0.00	36.00	34.00	40.00	170.00	48.00	52.00	49.00
	684.09	0.00	36.00	7.00	38.00	43.00	49.00	43.00	0.00	11.00	0.00	37.00	34.00	42.00	168.00	49.00	51.00	48.00
	684.10	0.00	36.00	6.00	39.00	42.00	49.00	43.00	0.00	9.00	0.00	37.00	32.00	42.00	170.00	48.00	52.00	48.00
	684.11	0.00	36.00	8.00	39.00	43.00	49.00	43.00	0.00	9.00	0.00	36.00	34.00	42.00	168.00	49.00	52.00	48.00
	684.12	0.00	36.00	8.00	38.00	43.00	49.00	43.00	0.00	9.00	0.00	37.00	34.00	42.00	169.00	48.00	52.00	48.00
	684.13	0.00	36.00	8.00	38.00	43.00	49.00	43.00	0.00	7.00	0.00	37.00	34.00	42.00	169.00	48.00	52.00	48.00
	684.14	0.00	36.00	8.00	38.00	43.00	49.00	43.00	0.00	8.00	0.00	37.00	34.00	42.00	169.00	48.00	52.00	48.00
	684.15	0.00	36.00	8.00	38.00	41.00	48.00	43.00	0.00	9.00	0.00	37.00	34.00	42.00	169.00	48.00	52.00	48.00
	684.16	0.00	36.00	8.00	38.00	42.00	49.00	43.00	0.00	8.00	0.00	36.00	32.00	42.00	169.00	48.00	52.00	48.00
	684.17	0.00	36.00	9.00	38.00	42.00	49.00	43.00	0.00	10.00	0.00	36.00	34.00	42.00	168.00	48.00	52.00	48.00
	684.18	0.00	36.00	8.00	38.00	43.00	49.00	43.00	0.00	9.00	0.00	36.00	34.00	42.00	168.00	48.00	52.00	48.00
	684.19	0.00	36.00	8.00	38.00	43.00	48.00	43.00	0.00	9.00	0.00	36.00	32.00	42.00	168.00	48.00	51.00	48.00
	684.20	0.00	36.00	9.00	38.00	43.00	49.00	43.00	0.00	9.00	0.00	36.00	34.00	42.00	166.00	48.00	52.00	48.00
	684.21	0.00	36.00	8.00	38.00	43.00	49.00	43.00	0.00	11.00	0.00	36.00	34.00	42.00	168.00	48.00	52.00	48.00
	684.22	0.00	36.00	8.00	38.00	40.00	49.00	43.00	0.00	10.00	0.00	36.00	34.00	42.00	168.00	48.00	52.00	48.00
	684.22	0.00	36.00	7.00	38.00	42.00	49.00	43.00	0.00	10.00	0.00	36.00	33.00	42.00	167.00	48.00	52.00	48.00
	684.23	0.00	36.00	9.00	38.00	42.00	49.00	43.00	0.00	6.00	0.00	36.00	34.00	42.00	169.00	48.00	52.00	47.00
	684.24	0.00	35.00	9.00	38.00	42.00	49.00	42.00	0.00	0.00	0.00	36.00	32.00	42.00	168.00	48.00	52.00	49.00
	684.25	0.00	36.00	7.00	37.00	42.00	49.00	43.00	0.00	1.00	0.00	36.00	32.00	42.00	168.00	48.00	52.00	48.00
	684.26	0.00	36.00	8.00	38.00	42.00	49.00	43.00	0.00	1.00	0.00	36.00	34.00	42.00	168.00	47.00	52.00	48.00
	684.27	0.00	36.00	8.00	39.00	42.00	47.00	43.00	0.00	0.00	0.00	36.00	32.00	42.00	167.00	48.00	51.00	49.00
	684.28	0.00	36.00	8.00	38.00	41.00	49.00	43.00	0.00	1.00	0.00	36.00	32.00	42.00	168.00	48.00	52.00	48.00
	684.29	0.00	36.00	8.00	39.00	42.00	49.00	43.00	0.00	0.00	0.00	36.00	34.00	42.00	168.00	48.00	52.00	49.00
	684.30	0.00	36.00	8.00	38.00	42.00	49.00	43.00	0.00	1.00	0.00	36.00	32.00	42.00	168.00	47.00	52.00	48.00
	684.31	0.00	36.00	8.00	38.00	42.00	49.00	43.00	0.00	1.00	0.00	36.00	34.00	42.00	168.00	48.00	52.00	48.00
	684.32	0.00	36.00	7.00	38.00	42.00	47.00	43.00	0.00	1.00	0.00	36.00	34.00	42.00	168.00	48.00	52.00	48.00
	684.33	0.00	36.00	8.00	38.00	42.00	49.00	43.00	0.00	0.00	0.00	36.00	34.00	42.00	167.00	47.00	52.00	49.00
	684.34	0.00	36.00	8.00	35.00	42.00	49.00	43.00	0.00	0.00	0.00	36.00	34.00	42.00	167.00	48.00	52.00	49.00
	684.35	0.00	36.00	3.00	35.00	42.00	49.00	43.00	0.00	0.00	0.00	36.00	34.00	42.00	167.00	47.00	52.00	49.00
	684.36	0.00	36.00	3.00	35.00	40.00	49.00	43.00	0.00	0.00	0.00	36.00	32.00	42.00	169.00	47.00	52.00	49.00
	684.36	0.00	36.00	3.00	35.00	40.00	47.00	43.00	0.00	0.00	0.00	36.00	34.00	41.00	169.00	48.00	51.00	49.00
	684.38	0.00	36.00	3.00	35.00	41.00	49.00	43.00	0.00	0.00	0.00	36.00	34.00	42.00	170.00	48.00	52.00	49.00
	684.38	0.00	36.00	3.00	36.00	42.00	49.00	43.00	0.00	0.00	0.00	36.00	32.00	42.00	169.00	48.00	52.00	49.00
	684.39	0.00	36.00	3.00	35.00	42.00	49.00	43.00	0.00	0.00	0.00	36.00	32.00	42.00	170.00	48.00	52.00	49.00
	684.40	0.00	36.00	2.00	36.00	42.00	48.00	43.00	0.00	0.00	0.00	36.00	32.00	42.00	168.00	48.00	52.00	49.00
	684.41	0.00	36.00	3.00	34.00	42.00	48.00	43.00	0.00	0.00	0.00	36.00	32.00	42.00	169.00	48.00	52.00	49.00
	684.42	0.00	36.00	2.00	35.00	41.00	49.00	43.00	0.00	0.00	0.00	36.00	34.00	41.00	169.00	48.00	52.00	49.00
	684.43	0.00	36.00	2.00	35.00	42.00	49.00	43.00	0.00	0.00	0.00	36.00	34.00	42.00	170.00	48.00	52.00	49.00
	684.44	0.00	36.00	3.00	35.00	42.00	49.00	43.00	0.00	0.00	0.00	36.00	34.00	42.00	170.00	48.00	52.00	49.00
	684.45	0.00	36.00	3.00	36.00	42.00	49.00	43.00	0.00	0.00	0.00	36.00	34.00	42.00	170.00	48.00	52.00	49.00
	684.46	0.00	36.00	2.00	35.00	41.00	49.00	43.00	0.00	0.00	0.00	36.00	34.00	42.00	169.00	48.00	52.00	49.00
	684.47	0.00	36.00	3.00	35.00	40.00	48.00	43.00	0.00	0.00	0.00	36.00	32.00	41.00	169.00	48.00	51.00	49.00
	684.48	0.00	36.00	3.00	35.00	40.00	49.00	43.00	0.00	0.00	0.00	35.00	34.00	41.00	170.00	48.00	52.00	49.00
	684.49	0.00	36.00	3.00	35.00	42.00	49.00	43.00	0.00	0.00	0.00	37.00	34.00	42.00	170.00	48.00	52.00	49.00
	684.50	0.00	36.00	7.00	35.00	40.00	49.00	43.00	0.00	0.00	0.00	37.00	34.00	42.00	170.00	48.00	52.00	49.00
	684.51	0.00	36.00	7.00	35.00	42.00	49.00	43.00	0.00	0.00	0.00	37.00	32.00	42.00	170.00	48.00	52.00	49.00
	684.52	0.00	36.00	5.00	35.00	40.00	48.00	43.00	0.00	0.00	0.00	37.00	32.00	42.00	169.00	48.00	51.00	49.00
	684.53	0.00	36.00	6.00	35.00	41.00	49.00	43.00	0.00	0.00	0.00	37.00	32.00	42.00	170.00	48.00	52.00	49.00
	684.53	0.00	36.00	6.00	36.00	42.00	49.00	43.00	0.00	0.00	0.00	37.00	32.00	42.00	167.00	48.00	52.00	49.00
	684.54	0.00	36.00	6.00	35.00	40.00	49.00	43.00	0.00	0.00	0.00	37.00	32.00	42.00	167.00	48.00	52.00	49.00
	684.55	0.00	36.00	5.00	35.00	41.00	49.00	43.00	0.00	0.00	0.00	36.00	32.00	42.00	168.00	48.00	52.00	49.00
	684.56	0.00	36.00	5.00	35.00	41.00	49.00	43.00	0.00	0.00	0.00	36.00	34.00	41.00	168.00	48.00	52.00	49.00
	684.57	0.00	36.00	4.00	34.00	40.00	49.00	43.00	0.00	0.00	0.00	35.00	34.00	42.00	168.00	48.00	52.00	49.00
	684.58	0.00	36.00	5.00	35.00	42.00	49.00	43.00	0.00	0.00	0.00	36.00	34.00	42.00	168.00	48.00	52.00	49.00
	684.59	0.00	36.00	6.00	36.00	42.00	49.00	43.00	0.00	0.00	0.00	36.00	34.00	42.00	169.00	48.00	52.00	49.00
	684.60	0.00	36.00	4.00	35.00	41.00	49.00	43.00	0.00	0.00	0.00	36.00	32.00	42.00	166.00	48.00	52.00	49.00
	684.61	0.00	36.00	4.00	34.00	42.00	49.00	43.00	0.00	0.00	0.00	36.00	34.00	42.00	167.00	48.00	52.00	49.00
	684.62	0.00	36.00	5.00	35.00	40.00	49.00	43.00	0.00	0.00	0.00	36.00	34.00	42.00	168.00	48.00	52.00	49.00
	684.63	0.00	36.00	6.00	35.00	41.00	49.00	43.00	0.00	0.00	0.00	36.00	32.00	42.00	167.00	47.00	52.00	49.00
	684.64	0.00	36.00	5.00	35.00	40.00	49.00	43.00	0.00	0.00	0.00	36.00	32.00	42.00	169.00	48.00	52.00	49.00
	684.65	0.00	36.00	4.00	35.00	40.00	49.00	43.00	0.00	0.00	0.00	37.00	32.00	42.00	167.00	48.00	52.00	49.00
	684.66	0.00	36.00	4.00	35.00	40.00	49.00	43.00	0.00	0.00	0.00	36.00	34.00	42.00	167.00	48.00	52.00	49.00
	684.67	0.00	36.00	4.00	35.00	40.00	49.00	43.00	0.00	0.00	0.00	36.00	34.00	42.00	167.00	48.00	52.00	49.00
	684.68	0.00	36.00	4.00	35.00	42.00	49.00	43.00	0.00	0.00	0.00	36.00	34.00	42.00	168.00	48.00	51.00	49.00
	684.69	0.00	36.00	2.00	35.00	40.00	49.00	43.00	0.00	0.00	0.00	36.00	32.00	42.00	169.00	48.00	52.00	49.00
	684.70	0.00	36.00	3.00	35.00	40.00	49.00	43.00	0.00	0.00	0.00	36.00	32.00	42.00	168.00	48.00	52.00	49.00
	684.70	0.00	36.00	1.00	35.00	40.00	49.00	43.00	0.00	0.00	0.00	36.00	34.00	42.00	167.00	48.00	52.00	49.00
	684.71	0.00	36.00	1.00	35.00	42.00	49.00	43.00	0.00	0.00	0.00	36.00	32.00	42.00	166.00	48.00	52.00	49.00
	684.72	0.00	36.00	3.00	35.00	42.00	49.00	42.00	0.00	0.00	0.00	36.00	34.00	42.00	168.00	48.00	52.00	49.00
	684.73	0.00	36.00	3.00	34.00	40.00	49.00	43.00	0.00	0.00	0.00	37.00	34.00	42.00	169.00	48.00	52.00	49.00
	684.74	0.00	36.00	3.00	35.00	40.00	49.00	43.00	0.00	0.00	0.00	37.00	34.00	41.00	168.00	48.00	52.00	49.00
	684.75	0.00	36.00	3.00	35.00	40.00	49.00	43.00	0.00	0.00	0.00	37.00	33.00	42.00	169.00	49.00	52.00	49.00
	684.76	0.00	36.00	3.00	35.00	40.00	49.00	43.00	0.00	0.00	0.00	37.00	34.00	42.00	169.00	48.00	52.00	49.00
	684.77	0.00	36.00	2.00	35.00	42.00	48.00	43.00	0.00	0.00	0.00	37.00	32.00	42.00	169.00	49.00	54.00	49.00
	684.78	0.00	36.00	3.00	35.00	40.00	49.00	43.00	0.00	0.00	0.00	37.00	34.00	40.00	169.00	49.00	55.00	49.00
	684.79	0.00	36.00	2.00	35.00	41.00	49.00	43.00	0.00	0.00	0.00	37.00	34.00	42.00	169.00	49.00	56.00	49.00
	684.80	0.00	36.00	1.00	35.00	40.00	48.00	43.00	0.00	0.00	0.00	37.00	34.00	42.00	170.00	49.00	55.00	49.00
	684.81	0.00	36.00	2.00	35.00	41.00	49.00	42.00	0.00	0.00	0.00	37.00	34.00	42.00	169.00	49.00	56.00	49.00
	684.82	0.00	36.00	2.00	35.00	40.00	49.00	43.00	0.00	0.00	0.00	37.00	34.00	42.00	170.00	49.00	55.00	49.00
	684.83	0.00	36.00	3.00	34.00	39.00	49.00	43.00	0.00	1.00	0.00	37.00	34.00	42.00	171.00	49.00	56.00	48.00
	684.84	0.00	36.00	0.00	35.00	41.00	49.00	43.00	0.00	0.00	0.00	37.00	33.00	41.00	171.00	49.00	56.00	49.00
	684.85	0.00	36.00	0.00	35.00	41.00	49.00	43.00	0.00	0.00	0.00	36.00	34.00	40.00	171.00	49.00	56.00	49.00
	684.85	0.00	36.00	0.00	36.00	41.00	48.00	43.00	0.00	0.00	0.00	37.00	33.00	39.00	171.00	49.00	56.00	49.00
	684.86	0.00	36.00	0.00	35.00	41.00	48.00	43.00	0.00	0.00	0.00	37.00	34.00	39.00	171.00	49.00	56.00	49.00
	684.87	0.00	36.00	0.00	35.00	40.00	49.00	42.00	0.00	0.00	0.00	37.00	34.00	42.00	171.00	49.00	56.00	49.00
	684.88	0.00	36.00	0.00	35.00	40.00	48.00	43.00	0.00	0.00	0.00	36.00	33.00	40.00	171.00	49.00	56.00	49.00
	684.89	0.00	36.00	0.00	35.00	40.00	49.00	43.00	0.00	0.00	0.00	37.00	33.00	40.00	172.00	49.00	56.00	49.00
	684.90	0.00	36.00	0.00	35.00	40.00	49.00	43.00	0.00	0.00	0.00	37.00	34.00	39.00	172.00	49.00	56.00	49.00
	684.91	0.00	36.00	0.00	34.00	38.00	48.00	43.00	0.00	0.00	0.00	37.00	34.00	42.00	172.00	49.00	56.00	49.00
	684.92	0.00	36.00	0.00	35.00	40.00	49.00	43.00	0.00	0.00	0.00	37.00	33.00	39.00	173.00	49.00	57.00	49.00
	684.93	0.00	36.00	0.00	35.00	40.00	48.00	43.00	0.00	0.00	0.00	36.00	33.00	40.00	173.00	49.00	57.00	49.00
	684.94	0.00	36.00	0.00	35.00	40.00	49.00	43.00	0.00	0.00	0.00	37.00	34.00	42.00	173.00	49.00	57.00	49.00
	684.95	0.00	36.00	0.00	35.00	40.00	49.00	43.00	0.00	0.00	0.00	37.00	34.00	42.00	173.00	49.00	57.00	49.00
	684.96	0.00	36.00	0.00	35.00	40.00	49.00	43.00	0.00	0.00	0.00	37.00	34.00	42.00	173.00	49.00	59.00	49.00
	684.97	0.00	36.00	0.00	35.00	40.00	48.00	43.00	0.00	0.00	0.00	37.00	34.00	39.00	172.00	49.00	60.00	49.00
	684.98	0.00	36.00	0.00	35.00	40.00	49.00	43.00	0.00	0.00	0.00	37.00	34.00	40.00	172.00	50.00	61.00	49.00
	684.99	0.00	36.00	0.00	35.00	40.00	49.00	43.00	0.00	0.00	0.00	37.00	34.00	40.00	172.00	50.00	61.00	49.00
	685.00	0.00	36.00	0.00	35.00	40.00	48.00	43.00	0.00	0.00	0.00	37.00	33.00	39.00	174.00	50.00	61.00	49.00
	685.00	0.00	36.00	0.00	35.00	40.00	48.00	43.00	0.00	0.00	0.00	36.00	32.00	40.00	173.00	50.00	62.00	49.00
	685.02	0.00	36.00	0.00	35.00	40.00	49.00	43.00	0.00	0.00	0.00	36.00	33.00	40.00	175.00	50.00	63.00	49.00
	685.02	0.00	36.00	0.00	35.00	40.00	48.00	43.00	0.00	0.00	0.00	37.00	34.00	39.00	176.00	51.00	63.00	49.00
	685.03	0.00	36.00	0.00	34.00	40.00	48.00	43.00	0.00	0.00	0.00	36.00	34.00	41.00	177.00	51.00	64.00	49.00
	685.04	0.00	35.00	0.00	35.00	40.00	48.00	43.00	0.00	0.00	0.00	37.00	34.00	42.00	178.00	51.00	64.00	49.00
	685.05	0.00	36.00	0.00	34.00	40.00	48.00	43.00	0.00	0.00	0.00	36.00	33.00	40.00	178.00	51.00	77.00	49.00
	685.06	0.00	36.00	0.00	34.00	40.00	48.00	43.00	0.00	0.00	0.00	37.00	32.00	42.00	178.00	52.00	77.00	49.00
	685.07	0.00	36.00	0.00	34.00	40.00	48.00	43.00	0.00	0.00	0.00	36.00	34.00	40.00	179.00	52.00	77.00	49.00
	685.08	0.00	36.00	0.00	35.00	40.00	48.00	43.00	0.00	0.00	0.00	36.00	34.00	42.00	181.00	52.00	80.00	49.00
	685.09	0.00	36.00	0.00	34.00	40.00	48.00	43.00	0.00	0.00	0.00	37.00	33.00	39.00	183.00	52.00	81.00	49.00
	685.10	0.00	36.00	0.00	35.00	40.00	48.00	43.00	0.00	0.00	0.00	37.00	33.00	39.00	184.00	52.00	82.00	50.00
	685.11	0.00	36.00	0.00	35.00	40.00	49.00	43.00	0.00	0.00	0.00	37.00	33.00	39.00	184.00	52.00	82.00	50.00
	685.12	1.00	36.00	0.00	35.00	40.00	48.00	43.00	0.00	0.00	0.00	37.00	34.00	42.00	186.00	53.00	83.00	49.00
	685.13	1.00	36.00	0.00	35.00	39.00	48.00	43.00	0.00	0.00	0.00	37.00	32.00	42.00	185.00	53.00	83.00	50.00
	685.14	1.00	36.00	0.00	35.00	40.00	49.00	43.00	0.00	0.00	0.00	37.00	33.00	42.00	186.00	53.00	83.00	50.00
	685.15	1.00	36.00	0.00	35.00	40.00	48.00	43.00	0.00	0.00	0.00	37.00	34.00	42.00	186.00	53.00	83.00	50.00
	685.16	1.00	36.00	0.00	35.00	40.00	47.00	43.00	0.00	0.00	0.00	37.00	33.00	42.00	185.00	53.00	83.00	50.00
	685.16	1.00	36.00	0.00	35.00	40.00	48.00	43.00	0.00	0.00	0.00	37.00	33.00	42.00	185.00	53.00	83.00	50.00
	685.17	1.00	36.00	0.00	34.00	39.00	48.00	43.00	0.00	0.00	0.00	37.00	34.00	42.00	186.00	53.00	82.00	49.00
	685.18	1.00	36.00	0.00	35.00	39.00	48.00	43.00	0.00	0.00	0.00	37.00	34.00	42.00	186.00	53.00	84.00	50.00
	685.19	1.00	36.00	4.00	35.00	40.00	48.00	43.00	0.00	0.00	0.00	37.00	33.00	42.00	186.00	53.00	84.00	50.00
	685.20	1.00	36.00	4.00	35.00	40.00	48.00	43.00	0.00	0.00	0.00	37.00	34.00	42.00	188.00	53.00	83.00	50.00
	685.21	1.00	36.00	4.00	36.00	40.00	48.00	43.00	0.00	0.00	0.00	37.00	35.00	42.00	188.00	53.00	83.00	49.00
	685.22	1.00	36.00	3.00	35.00	40.00	48.00	42.00	0.00	0.00	0.00	37.00	33.00	42.00	187.00	53.00	84.00	50.00
	685.23	1.00	36.00	1.00	35.00	40.00	48.00	43.00	0.00	0.00	0.00	37.00	33.00	42.00	187.00	53.00	83.00	50.00
	685.24	1.00	36.00	0.00	35.00	40.00	48.00	43.00	0.00	0.00	0.00	37.00	34.00	42.00	188.00	53.00	83.00	50.00
	685.25	1.00	36.00	2.00	35.00	40.00	48.00	43.00	0.00	0.00	0.00	37.00	33.00	42.00	187.00	53.00	83.00	50.00
	685.26	1.00	36.00	2.00	35.00	40.00	48.00	43.00	0.00	0.00	0.00	37.00	34.00	42.00	188.00	54.00	83.00	50.00
	685.27	1.00	36.00	3.00	35.00	41.00	48.00	42.00	0.00	0.00	0.00	37.00	32.00	42.00	189.00	55.00	85.00	50.00
	685.28	1.00	36.00	3.00	35.00	41.00	49.00	43.00	0.00	0.00	0.00	37.00	33.00	42.00	188.00	56.00	84.00	50.00
	685.29	1.00	36.00	2.00	35.00	40.00	48.00	43.00	0.00	0.00	0.00	37.00	33.00	42.00	190.00	56.00	85.00	50.00
	685.30	1.00	36.00	3.00	35.00	41.00	48.00	43.00	0.00	0.00	0.00	37.00	35.00	42.00	190.00	56.00	88.00	50.00
	685.30	1.00	36.00	0.00	35.00	40.00	48.00	43.00	0.00	0.00	0.00	37.00	33.00	42.00	190.00	57.00	90.00	50.00
	685.32	1.00	36.00	0.00	35.00	40.00	48.00	42.00	0.00	0.00	0.00	37.00	33.00	42.00	190.00	57.00	94.00	50.00
	685.33	1.00	36.00	1.00	35.00	41.00	48.00	43.00	0.00	0.00	0.00	37.00	33.00	42.00	191.00	57.00	95.00	50.00
	685.33	1.00	36.00	2.00	35.00	41.00	47.00	43.00	0.00	0.00	0.00	37.00	33.00	42.00	191.00	57.00	96.00	50.00
	685.34	1.00	36.00	0.00	35.00	41.00	48.00	43.00	0.00	0.00	0.00	37.00	33.00	42.00	192.00	57.00	99.00	50.00
	685.35	0.00	36.00	0.00	35.00	40.00	48.00	43.00	0.00	0.00	0.00	37.00	35.00	42.00	193.00	57.00	100.00	50.00
	685.36	0.00	36.00	0.00	35.00	41.00	48.00	43.00	0.00	0.00	0.00	38.00	35.00	42.00	193.00	58.00	101.00	50.00
	685.37	0.00	36.00	0.00	35.00	41.00	48.00	43.00	0.00	0.00	0.00	38.00	35.00	42.00	193.00	58.00	101.00	50.00
	685.38	0.00	36.00	2.00	35.00	41.00	48.00	43.00	0.00	0.00	0.00	37.00	33.00	42.00	194.00	58.00	101.00	50.00
	685.39	0.00	35.00	3.00	36.00	39.00	48.00	43.00	0.00	0.00	0.00	38.00	35.00	42.00	194.00	58.00	103.00	49.00
	685.40	0.00	36.00	3.00	36.00	41.00	48.00	43.00	0.00	0.00	0.00	38.00	33.00	41.00	195.00	58.00	104.00	49.00
	685.41	0.00	35.00	3.00	38.00	42.00	48.00	43.00	0.00	0.00	0.00	38.00	35.00	40.00	195.00	59.00	104.00	49.00
	685.42	0.00	36.00	2.00	38.00	42.00	47.00	43.00	0.00	0.00	0.00	37.00	35.00	41.00	195.00	59.00	105.00	50.00
	685.43	0.00	35.00	2.00	38.00	41.00	48.00	43.00	0.00	0.00	0.00	37.00	34.00	42.00	195.00	59.00	105.00	50.00
	685.44	0.00	36.00	2.00	38.00	41.00	48.00	43.00	0.00	0.00	0.00	37.00	33.00	42.00	195.00	59.00	106.00	50.00
	685.45	0.00	35.00	0.00	39.00	41.00	48.00	43.00	0.00	0.00	0.00	38.00	35.00	40.00	196.00	59.00	106.00	49.00
	685.46	0.00	36.00	0.00	38.00	42.00	48.00	43.00	0.00	0.00	0.00	38.00	35.00	42.00	195.00	60.00	105.00	50.00
	685.47	0.00	35.00	0.00	38.00	41.00	48.00	43.00	0.00	0.00	0.00	38.00	33.00	40.00	196.00	60.00	106.00	50.00
	685.47	0.00	36.00	0.00	38.00	41.00	48.00	43.00	0.00	0.00	0.00	37.00	35.00	40.00	199.00	60.00	104.00	50.00
	685.49	0.00	36.00	0.00	38.00	42.00	48.00	43.00	0.00	0.00	0.00	38.00	35.00	40.00	198.00	59.00	105.00	49.00
	685.50	0.00	36.00	0.00	38.00	42.00	48.00	43.00	0.00	0.00	0.00	38.00	35.00	42.00	195.00	60.00	105.00	50.00
	685.50	0.00	36.00	0.00	39.00	40.00	47.00	43.00	0.00	0.00	0.00	38.00	35.00	42.00	194.00	59.00	105.00	50.00
	685.51	0.00	36.00	0.00	39.00	42.00	48.00	42.00	0.00	0.00	0.00	37.00	34.00	40.00	193.00	58.00	104.00	50.00
	685.52	0.00	36.00	0.00	38.00	42.00	48.00	43.00	0.00	0.00	0.00	37.00	33.00	40.00	194.00	58.00	103.00	49.00
	685.53	0.00	35.00	0.00	38.00	42.00	48.00	43.00	0.00	0.00	0.00	38.00	35.00	40.00	193.00	58.00	101.00	49.00
	685.54	0.00	36.00	0.00	38.00	41.00	48.00	43.00	0.00	0.00	0.00	38.00	33.00	40.00	190.00	57.00	96.00	50.00
	685.55	0.00	36.00	0.00	36.00	41.00	48.00	43.00	0.00	0.00	0.00	37.00	35.00	40.00	191.00	57.00	88.00	50.00
	685.56	0.00	36.00	0.00	36.00	42.00	48.00	43.00	0.00	0.00	0.00	37.00	35.00	39.00	189.00	57.00	88.00	50.00
	685.57	0.00	36.00	0.00	36.00	42.00	48.00	43.00	0.00	0.00	0.00	37.00	34.00	42.00	189.00	56.00	86.00	50.00
	685.58	0.00	36.00	0.00	35.00	42.00	48.00	43.00	0.00	1.00	0.00	37.00	34.00	42.00	189.00	56.00	86.00	48.00
	685.59	0.00	36.00	0.00	35.00	40.00	48.00	43.00	0.00	1.00	0.00	37.00	33.00	42.00	189.00	56.00	86.00	49.00
	685.60	0.00	36.00	0.00	35.00	41.00	48.00	43.00	0.00	0.00	0.00	37.00	33.00	42.00	187.00	56.00	86.00	50.00
	685.61	0.00	36.00	0.00	35.00	41.00	48.00	43.00	0.00	1.00	0.00	37.00	34.00	42.00	188.00	56.00	86.00	48.00
	685.62	0.00	36.00	0.00	35.00	40.00	48.00	43.00	0.00	0.00	0.00	37.00	33.00	42.00	189.00	56.00	85.00	50.00
	685.63	0.00	36.00	0.00	35.00	42.00	48.00	43.00	0.00	0.00	0.00	36.00	35.00	40.00	190.00	57.00	86.00	50.00
	685.64	0.00	36.00	0.00	36.00	40.00	48.00	43.00	0.00	0.00	0.00	36.00	35.00	42.00	191.00	57.00	86.00	50.00
	685.65	0.00	36.00	0.00	36.00	42.00	48.00	43.00	0.00	0.00	0.00	37.00	35.00	40.00	190.00	57.00	86.00	50.00
	685.66	0.00	36.00	0.00	35.00	41.00	49.00	42.00	0.00	0.00	0.00	37.00	35.00	42.00	190.00	57.00	86.00	50.00
	685.66	0.00	35.00	0.00	35.00	42.00	48.00	42.00	0.00	0.00	0.00	37.00	35.00	42.00	190.00	57.00	87.00	50.00
	685.67	0.00	36.00	0.00	36.00	42.00	49.00	43.00	0.00	0.00	0.00	37.00	33.00	39.00	190.00	57.00	87.00	50.00
	685.68	0.00	36.00	0.00	36.00	41.00	48.00	43.00	0.00	0.00	0.00	37.00	35.00	42.00	190.00	57.00	87.00	50.00
	685.69	0.00	36.00	0.00	35.00	41.00	49.00	43.00	0.00	0.00	0.00	36.00	35.00	40.00	190.00	57.00	87.00	50.00
	685.70	0.00	36.00	2.00	36.00	42.00	48.00	43.00	0.00	0.00	0.00	37.00	35.00	40.00	191.00	57.00	87.00	50.00
	685.71	0.00	36.00	2.00	35.00	41.00	49.00	43.00	0.00	0.00	0.00	37.00	35.00	42.00	191.00	57.00	88.00	50.00
	685.72	0.00	36.00	3.00	35.00	40.00	49.00	43.00	0.00	0.00	0.00	37.00	35.00	42.00	190.00	57.00	88.00	50.00
	685.73	0.00	36.00	3.00	35.00	40.00	49.00	43.00	0.00	0.00	0.00	37.00	33.00	42.00	190.00	57.00	89.00	50.00
	685.74	0.00	36.00	2.00	34.00	41.00	49.00	43.00	0.00	0.00	0.00	38.00	33.00	42.00	191.00	57.00	89.00	50.00
	685.75	0.00	36.00	2.00	35.00	40.00	49.00	43.00	0.00	0.00	0.00	37.00	35.00	41.00	190.00	57.00	88.00	50.00
	685.76	0.00	36.00	3.00	35.00	40.00	50.00	43.00	0.00	1.00	0.00	38.00	33.00	42.00	190.00	56.00	87.00	49.00
	685.77	0.00	35.00	2.00	36.00	42.00	51.00	42.00	0.00	3.00	0.00	37.00	33.00	42.00	190.00	57.00	87.00	49.00
	685.78	0.00	35.00	2.00	38.00	41.00	51.00	43.00	0.00	3.00	0.00	36.00	35.00	42.00	189.00	57.00	87.00	49.00
	685.79	0.00	36.00	3.00	39.00	42.00	51.00	42.00	0.00	4.00	0.00	37.00	34.00	42.00	187.00	57.00	87.00	49.00
	685.80	0.00	36.00	7.00	38.00	42.00	51.00	43.00	0.00	3.00	0.00	37.00	33.00	42.00	188.00	57.00	87.00	49.00
	685.80	0.00	36.00	6.00	39.00	41.00	52.00	43.00	0.00	3.00	0.00	37.00	35.00	42.00	187.00	57.00	87.00	49.00
	685.81	0.00	36.00	9.00	38.00	42.00	51.00	42.00	0.00	3.00	0.00	37.00	33.00	42.00	184.00	57.00	87.00	49.00
	685.82	0.00	36.00	10.00	39.00	42.00	52.00	43.00	0.00	4.00	0.00	37.00	35.00	42.00	184.00	57.00	86.00	49.00
	685.83	0.00	36.00	11.00	39.00	42.00	52.00	43.00	0.00	2.00	0.00	37.00	35.00	42.00	184.00	56.00	86.00	49.00
	685.84	0.00	36.00	9.00	39.00	45.00	51.00	43.00	0.00	3.00	0.00	37.00	35.00	42.00	185.00	56.00	86.00	49.00
	685.85	0.00	36.00	16.00	40.00	46.00	53.00	43.00	0.00	5.00	0.00	37.00	33.00	42.00	182.00	54.00	85.00	49.00
	685.86	0.00	36.00	17.00	40.00	48.00	53.00	43.00	0.00	6.00	0.00	36.00	35.00	42.00	183.00	54.00	85.00	48.00
	685.87	0.00	36.00	24.00	40.00	49.00	53.00	43.00	0.00	13.00	0.00	37.00	34.00	42.00	181.00	54.00	85.00	49.00
	685.88	0.00	36.00	23.00	39.00	49.00	53.00	43.00	0.00	14.00	0.00	37.00	35.00	40.00	180.00	54.00	85.00	49.00
	685.89	0.00	36.00	24.00	40.00	52.00	54.00	43.00	0.00	16.00	0.00	36.00	33.00	42.00	178.00	54.00	85.00	49.00
	685.90	0.00	36.00	25.00	40.00	52.00	56.00	43.00	0.00	18.00	0.00	37.00	35.00	42.00	177.00	54.00	85.00	51.00
	685.91	0.00	36.00	24.00	40.00	52.00	57.00	43.00	0.00	21.00	0.00	37.00	33.00	42.00	177.00	54.00	85.00	49.00
	685.92	0.00	35.00	25.00	40.00	52.00	58.00	43.00	0.00	23.00	0.00	37.00	35.00	40.00	177.00	54.00	85.00	50.00
	685.93	0.00	36.00	24.00	40.00	52.00	58.00	43.00	0.00	25.00	0.00	37.00	35.00	40.00	177.00	54.00	86.00	49.00
	685.94	0.00	36.00	26.00	39.00	52.00	57.00	43.00	1.00	25.00	0.00	37.00	35.00	41.00	179.00	54.00	85.00	49.00
	685.95	0.00	35.00	26.00	40.00	52.00	58.00	42.00	1.00	24.00	0.00	37.00	33.00	42.00	178.00	54.00	85.00	50.00
	685.96	0.00	35.00	26.00	41.00	52.00	59.00	42.00	1.00	24.00	0.00	37.00	35.00	40.00	178.00	54.00	85.00	50.00
	685.97	0.00	35.00	25.00	40.00	52.00	60.00	42.00	1.00	24.00	0.00	37.00	35.00	42.00	179.00	54.00	85.00	50.00
	685.98	0.00	35.00	25.00	41.00	52.00	60.00	42.00	1.00	24.00	0.00	37.00	33.00	40.00	179.00	54.00	85.00	51.00
	685.98	0.00	35.00	26.00	41.00	52.00	61.00	42.00	1.00	23.00	0.00	37.00	33.00	40.00	179.00	54.00	85.00	51.00
	686.00	0.00	35.00	26.00	40.00	52.00	60.00	42.00	1.00	25.00	0.00	37.00	35.00	42.00	178.00	54.00	85.00	50.00
	686.01	0.00	36.00	26.00	40.00	52.00	61.00	43.00	0.00	27.00	0.00	37.00	35.00	42.00	180.00	54.00	85.00	51.00
	686.01	0.00	36.00	25.00	40.00	52.00	60.00	43.00	0.00	28.00	0.00	37.00	34.00	42.00	180.00	54.00	84.00	50.00
	686.02	0.00	36.00	26.00	40.00	52.00	62.00	42.00	1.00	28.00	0.00	37.00	35.00	42.00	178.00	54.00	84.00	51.00
	686.03	0.00	35.00	26.00	39.00	49.00	62.00	42.00	1.00	28.00	0.00	37.00	35.00	42.00	179.00	54.00	84.00	49.00
	686.04	0.00	35.00	26.00	40.00	52.00	62.00	43.00	1.00	29.00	0.00	37.00	33.00	40.00	178.00	54.00	84.00	50.00
	686.05	0.00	36.00	26.00	40.00	52.00	62.00	43.00	1.00	29.00	0.00	37.00	35.00	40.00	181.00	54.00	84.00	51.00
	686.06	0.00	35.00	25.00	39.00	51.00	62.00	42.00	1.00	30.00	0.00	37.00	33.00	42.00	180.00	54.00	84.00	50.00
	686.07	0.00	35.00	26.00	39.00	51.00	63.00	42.00	1.00	31.00	0.00	37.00	35.00	40.00	178.00	54.00	84.00	50.00
	686.08	0.00	36.00	26.00	41.00	51.00	62.00	42.00	1.00	32.00	0.00	36.00	35.00	40.00	180.00	53.00	83.00	51.00
	686.09	0.00	35.00	26.00	39.00	51.00	63.00	42.00	1.00	32.00	0.00	37.00	35.00	42.00	179.00	53.00	83.00	50.00
	686.10	0.00	35.00	25.00	40.00	51.00	63.00	42.00	1.00	32.00	0.00	37.00	33.00	42.00	180.00	53.00	82.00	50.00
	686.11	0.00	35.00	26.00	39.00	51.00	63.00	42.00	1.00	32.00	0.00	37.00	35.00	42.00	179.00	53.00	81.00	50.00
	686.12	0.00	36.00	26.00	40.00	51.00	63.00	42.00	1.00	33.00	0.00	37.00	33.00	42.00	178.00	53.00	80.00	50.00
	686.13	0.00	36.00	25.00	39.00	51.00	63.00	42.00	1.00	36.00	0.00	37.00	35.00	40.00	179.00	53.00	80.00	50.00
	686.14	0.00	35.00	25.00	40.00	51.00	63.00	42.00	1.00	39.00	0.00	37.00	35.00	42.00	180.00	53.00	79.00	50.00
	686.15	0.00	36.00	25.00	39.00	51.00	64.00	42.00	1.00	36.00	0.00	37.00	33.00	42.00	183.00	53.00	79.00	50.00
	686.16	0.00	36.00	25.00	39.00	52.00	64.00	42.00	1.00	37.00	0.00	37.00	33.00	40.00	180.00	53.00	79.00	50.00
	686.17	0.00	36.00	26.00	39.00	52.00	63.00	42.00	1.00	38.00	0.00	37.00	35.00	42.00	178.00	53.00	68.00	50.00
	686.18	0.00	36.00	27.00	39.00	52.00	64.00	42.00	1.00	36.00	0.00	37.00	35.00	42.00	178.00	53.00	68.00	50.00
	686.19	0.00	36.00	27.00	39.00	52.00	62.00	43.00	2.00	35.00	0.00	37.00	33.00	40.00	178.00	53.00	67.00	50.00
	686.20	0.00	35.00	27.00	41.00	52.00	63.00	42.00	2.00	36.00	0.00	37.00	34.00	42.00	178.00	53.00	67.00	50.00
	686.21	0.00	35.00	27.00	40.00	52.00	63.00	42.00	2.00	37.00	0.00	37.00	33.00	42.00	177.00	52.00	67.00	50.00
	686.22	0.00	36.00	27.00	41.00	52.00	63.00	43.00	20.00	37.00	0.00	37.00	33.00	40.00	177.00	52.00	67.00	50.00
	686.22	0.00	36.00	28.00	42.00	53.00	64.00	43.00	20.00	37.00	0.00	37.00	33.00	42.00	177.00	52.00	67.00	51.00
	686.23	0.00	36.00	27.00	41.00	52.00	62.00	43.00	20.00	40.00	0.00	37.00	35.00	42.00	177.00	52.00	66.00	51.00
	686.24	0.00	36.00	27.00	41.00	53.00	64.00	43.00	20.00	43.00	0.00	37.00	35.00	42.00	176.00	52.00	67.00	51.00
	686.25	0.00	36.00	26.00	40.00	53.00	64.00	43.00	19.00	43.00	0.00	37.00	33.00	42.00	177.00	52.00	67.00	51.00
	686.26	0.00	36.00	27.00	41.00	54.00	63.00	43.00	19.00	43.00	0.00	37.00	33.00	42.00	175.00	51.00	66.00	51.00
	686.27	0.00	36.00	29.00	40.00	54.00	63.00	42.00	18.00	43.00	0.00	37.00	33.00	42.00	176.00	51.00	66.00	51.00
	686.28	0.00	36.00	29.00	41.00	54.00	64.00	43.00	19.00	42.00	0.00	37.00	33.00	42.00	177.00	51.00	66.00	51.00
	686.29	0.00	35.00	29.00	40.00	54.00	64.00	43.00	20.00	42.00	0.00	37.00	35.00	42.00	175.00	51.00	64.00	50.00
	686.30	0.00	36.00	30.00	40.00	54.00	64.00	43.00	20.00	40.00	0.00	37.00	35.00	42.00	176.00	51.00	64.00	51.00
	686.31	0.00	36.00	29.00	40.00	52.00	62.00	43.00	20.00	40.00	0.00	37.00	35.00	42.00	173.00	51.00	63.00	50.00
	686.32	0.00	36.00	27.00	41.00	54.00	64.00	44.00	19.00	41.00	0.00	37.00	35.00	42.00	174.00	51.00	63.00	51.00
	686.33	0.00	36.00	28.00	40.00	54.00	64.00	43.00	18.00	40.00	0.00	37.00	35.00	42.00	174.00	51.00	64.00	51.00
	686.34	0.00	36.00	29.00	41.00	54.00	64.00	43.00	20.00	39.00	0.00	37.00	33.00	42.00	173.00	51.00	62.00	50.00
	686.35	0.00	36.00	27.00	41.00	54.00	64.00	43.00	20.00	41.00	0.00	37.00	35.00	42.00	175.00	51.00	64.00	49.00
	686.36	0.00	36.00	29.00	41.00	54.00	64.00	43.00	19.00	42.00	0.00	37.00	35.00	42.00	176.00	51.00	62.00	50.00
	686.37	0.00	36.00	27.00	41.00	54.00	65.00	44.00	19.00	43.00	0.00	37.00	33.00	42.00	176.00	51.00	62.00	51.00
	686.38	0.00	36.00	29.00	41.00	54.00	65.00	43.00	20.00	44.00	0.00	37.00	34.00	42.00	173.00	51.00	63.00	50.00
	686.39	0.00	36.00	30.00	41.00	54.00	65.00	43.00	19.00	43.00	0.00	37.00	35.00	42.00	171.00	50.00	60.00	50.00
	686.40	0.00	36.00	27.00	41.00	54.00	65.00	43.00	19.00	44.00	0.00	37.00	33.00	42.00	173.00	50.00	57.00	50.00
	686.41	0.00	36.00	27.00	41.00	53.00	66.00	44.00	20.00	43.00	0.00	37.00	35.00	42.00	174.00	50.00	58.00	50.00
	686.42	0.00	36.00	26.00	41.00	55.00	66.00	43.00	19.00	43.00	0.00	37.00	33.00	42.00	172.00	50.00	56.00	50.00
	686.43	0.00	36.00	26.00	41.00	55.00	66.00	44.00	19.00	44.00	0.00	37.00	35.00	42.00	174.00	50.00	55.00	50.00
	686.44	0.00	36.00	29.00	41.00	55.00	65.00	43.00	19.00	44.00	0.00	37.00	35.00	42.00	170.00	50.00	54.00	50.00
	686.45	0.00	36.00	24.00	41.00	56.00	66.00	43.00	20.00	45.00	0.00	37.00	33.00	42.00	169.00	49.00	52.00	50.00
	686.45	0.00	36.00	26.00	42.00	56.00	65.00	43.00	19.00	46.00	0.00	37.00	33.00	42.00	169.00	49.00	53.00	50.00
	686.47	0.00	36.00	27.00	41.00	56.00	65.00	43.00	19.00	45.00	0.00	37.00	33.00	42.00	168.00	49.00	53.00	50.00
	686.47	0.00	36.00	26.00	40.00	56.00	65.00	43.00	19.00	45.00	0.00	37.00	35.00	42.00	168.00	48.00	53.00	50.00
	686.48	0.00	36.00	27.00	40.00	56.00	65.00	43.00	19.00	44.00	0.00	37.00	33.00	42.00	167.00	49.00	54.00	50.00
	686.49	0.00	36.00	28.00	41.00	55.00	64.00	44.00	19.00	43.00	0.00	37.00	34.00	42.00	167.00	48.00	53.00	50.00
	686.50	0.00	36.00	27.00	41.00	56.00	65.00	44.00	18.00	44.00	0.00	37.00	34.00	42.00	169.00	47.00	53.00	50.00
	686.51	0.00	36.00	26.00	40.00	54.00	64.00	44.00	19.00	43.00	0.00	37.00	34.00	42.00	167.00	48.00	53.00	50.00
	686.52	0.00	35.00	28.00	41.00	56.00	63.00	43.00	19.00	42.00	0.00	37.00	34.00	42.00	168.00	48.00	52.00	50.00
	686.53	0.00	36.00	27.00	41.00	56.00	63.00	43.00	20.00	43.00	0.00	37.00	34.00	42.00	164.00	46.00	53.00	48.00
	686.54	0.00	36.00	28.00	41.00	56.00	63.00	44.00	20.00	43.00	0.00	37.00	32.00	42.00	165.00	47.00	52.00	50.00
	686.55	0.00	36.00	27.00	41.00	55.00	63.00	43.00	20.00	43.00	0.00	35.00	34.00	42.00	166.00	46.00	52.00	50.00
	686.56	0.00	36.00	27.00	40.00	55.00	63.00	43.00	20.00	43.00	0.00	36.00	34.00	42.00	167.00	46.00	52.00	50.00
	686.57	0.00	36.00	27.00	41.00	55.00	63.00	44.00	20.00	44.00	0.00	36.00	34.00	42.00	164.00	46.00	51.00	50.00
	686.58	0.00	36.00	28.00	41.00	55.00	63.00	44.00	20.00	44.00	0.00	36.00	32.00	42.00	163.00	46.00	51.00	50.00
	686.59	0.00	36.00	28.00	40.00	56.00	64.00	43.00	20.00	45.00	0.00	37.00	34.00	40.00	162.00	46.00	52.00	50.00
	686.60	0.00	36.00	28.00	41.00	56.00	64.00	44.00	20.00	45.00	0.00	36.00	34.00	42.00	163.00	46.00	51.00	50.00
	686.61	0.00	36.00	28.00	41.00	55.00	64.00	44.00	20.00	45.00	0.00	36.00	32.00	42.00	161.00	46.00	51.00	50.00
	686.62	0.00	36.00	28.00	41.00	56.00	64.00	43.00	19.00	45.00	0.00	36.00	32.00	42.00	162.00	46.00	52.00	50.00
	686.63	0.00	36.00	28.00	41.00	56.00	65.00	43.00	20.00	46.00	0.00	36.00	34.00	42.00	159.00	46.00	51.00	49.00
	686.64	0.00	36.00	28.00	41.00	56.00	65.00	44.00	20.00	45.00	0.00	36.00	32.00	42.00	161.00	46.00	51.00	50.00
	686.65	0.00	36.00	29.00	41.00	56.00	65.00	43.00	20.00	46.00	0.00	36.00	32.00	42.00	162.00	46.00	51.00	49.00
	686.66	0.00	36.00	28.00	41.00	56.00	64.00	43.00	20.00	45.00	0.00	36.00	32.00	42.00	162.00	46.00	51.00	50.00
	686.67	0.00	36.00	29.00	41.00	56.00	65.00	43.00	20.00	46.00	0.00	36.00	32.00	42.00	160.00	46.00	52.00	50.00
	686.67	0.00	36.00	29.00	41.00	54.00	64.00	44.00	20.00	46.00	0.00	36.00	34.00	42.00	161.00	46.00	51.00	50.00
	686.69	0.00	35.00	29.00	41.00	55.00	66.00	42.00	19.00	46.00	0.00	36.00	32.00	41.00	161.00	46.00	52.00	50.00
	686.70	0.00	36.00	28.00	42.00	55.00	65.00	43.00	20.00	46.00	0.00	36.00	34.00	42.00	159.00	46.00	52.00	50.00
	686.70	0.00	36.00	29.00	41.00	54.00	64.00	43.00	20.00	43.00	0.00	36.00	34.00	41.00	159.00	46.00	51.00	49.00
	686.71	0.00	36.00	29.00	40.00	54.00	65.00	44.00	20.00	44.00	0.00	36.00	34.00	42.00	160.00	45.00	52.00	49.00
	686.72	0.00	36.00	28.00	41.00	54.00	64.00	43.00	20.00	42.00	0.00	36.00	34.00	42.00	159.00	46.00	52.00	50.00
	686.73	0.00	36.00	28.00	41.00	53.00	65.00	43.00	19.00	43.00	0.00	36.00	34.00	41.00	159.00	45.00	51.00	49.00
	686.74	0.00	36.00	28.00	41.00	53.00	65.00	43.00	20.00	41.00	0.00	36.00	34.00	41.00	159.00	46.00	52.00	50.00
	686.75	0.00	36.00	28.00	41.00	53.00	65.00	43.00	19.00	41.00	0.00	36.00	32.00	42.00	161.00	45.00	51.00	50.00
	686.76	0.00	36.00	29.00	41.00	53.00	64.00	43.00	20.00	40.00	0.00	36.00	32.00	42.00	159.00	45.00	50.00	50.00
	686.77	0.00	36.00	29.00	41.00	53.00	64.00	43.00	20.00	38.00	0.00	36.00	34.00	41.00	159.00	46.00	52.00	49.00
	686.78	0.00	36.00	28.00	41.00	53.00	64.00	43.00	20.00	38.00	0.00	36.00	34.00	41.00	159.00	45.00	51.00	49.00
	686.79	0.00	36.00	28.00	41.00	53.00	64.00	44.00	19.00	38.00	0.00	36.00	32.00	41.00	159.00	46.00	51.00	49.00
	686.80	0.00	36.00	28.00	41.00	53.00	64.00	43.00	20.00	37.00	0.00	36.00	34.00	42.00	159.00	45.00	52.00	49.00
	686.81	0.00	36.00	28.00	41.00	52.00	64.00	44.00	20.00	37.00	0.00	36.00	34.00	42.00	158.00	45.00	51.00	49.00
	686.82	0.00	36.00	28.00	41.00	53.00	63.00	43.00	20.00	37.00	0.00	36.00	32.00	42.00	159.00	45.00	51.00	49.00
	686.83	0.00	36.00	29.00	41.00	53.00	64.00	44.00	20.00	39.00	0.00	36.00	32.00	41.00	159.00	46.00	51.00	49.00
	686.84	0.00	36.00	29.00	41.00	53.00	65.00	43.00	19.00	39.00	0.00	36.00	32.00	41.00	160.00	46.00	51.00	49.00
	686.85	0.00	36.00	28.00	40.00	53.00	65.00	43.00	19.00	40.00	0.00	36.00	34.00	42.00	160.00	46.00	52.00	49.00
	686.86	0.00	36.00	29.00	41.00	53.00	64.00	43.00	19.00	39.00	0.00	36.00	34.00	42.00	160.00	46.00	51.00	49.00
	686.87	0.00	36.00	28.00	41.00	53.00	63.00	44.00	19.00	38.00	0.00	36.00	34.00	41.00	161.00	46.00	51.00	49.00
	686.88	0.00	36.00	27.00	41.00	53.00	63.00	43.00	20.00	39.00	0.00	36.00	32.00	42.00	161.00	46.00	52.00	49.00
	686.89	0.00	36.00	28.00	40.00	53.00	63.00	43.00	19.00	38.00	0.00	36.00	32.00	42.00	162.00	45.00	52.00	49.00
	686.90	0.00	35.00	28.00	40.00	52.00	63.00	43.00	19.00	38.00	0.00	36.00	34.00	41.00	162.00	46.00	52.00	49.00
	686.91	0.00	36.00	28.00	41.00	52.00	62.00	44.00	19.00	39.00	0.00	36.00	34.00	42.00	162.00	45.00	52.00	49.00
	686.91	0.00	36.00	28.00	41.00	53.00	63.00	43.00	19.00	39.00	0.00	36.00	34.00	42.00	159.00	46.00	52.00	49.00
	686.92	0.00	36.00	28.00	41.00	53.00	63.00	43.00	19.00	39.00	0.00	36.00	32.00	41.00	159.00	46.00	52.00	49.00
	686.94	0.00	36.00	28.00	41.00	51.00	62.00	43.00	19.00	41.00	0.00	36.00	34.00	42.00	160.00	45.00	52.00	49.00
	686.94	0.00	36.00	28.00	40.00	53.00	62.00	43.00	20.00	41.00	0.00	36.00	34.00	42.00	160.00	46.00	52.00	49.00
	686.95	0.00	36.00	28.00	42.00	51.00	64.00	44.00	19.00	42.00	0.00	36.00	34.00	41.00	162.00	46.00	52.00	49.00
	686.96	0.00	36.00	29.00	41.00	53.00	63.00	43.00	19.00	42.00	0.00	36.00	32.00	42.00	160.00	45.00	51.00	49.00
	686.97	0.00	36.00	29.00	41.00	53.00	63.00	43.00	19.00	42.00	0.00	36.00	32.00	42.00	161.00	46.00	51.00	49.00
	686.98	0.00	36.00	30.00	41.00	51.00	63.00	44.00	19.00	42.00	0.00	36.00	32.00	42.00	158.00	45.00	52.00	49.00
	686.99	0.00	36.00	29.00	41.00	53.00	63.00	43.00	19.00	42.00	0.00	35.00	32.00	42.00	159.00	45.00	51.00	49.00
	687.00	0.00	36.00	29.00	40.00	53.00	63.00	43.00	19.00	42.00	0.00	36.00	33.00	42.00	161.00	45.00	51.00	49.00
	687.01	0.00	36.00	27.00	40.00	53.00	63.00	44.00	19.00	41.00	0.00	36.00	32.00	42.00	160.00	45.00	52.00	49.00
	687.02	0.00	36.00	29.00	41.00	52.00	63.00	44.00	19.00	42.00	0.00	36.00	34.00	41.00	162.00	45.00	50.00	49.00
	687.03	0.00	36.00	28.00	41.00	52.00	64.00	44.00	19.00	42.00	0.00	36.00	32.00	41.00	160.00	46.00	52.00	49.00
	687.04	0.00	36.00	29.00	41.00	53.00	63.00	44.00	19.00	42.00	0.00	36.00	34.00	42.00	162.00	45.00	51.00	49.00
	687.05	0.00	36.00	29.00	41.00	52.00	63.00	44.00	19.00	43.00	0.00	36.00	32.00	42.00	162.00	46.00	51.00	49.00
	687.06	0.00	36.00	29.00	41.00	52.00	64.00	44.00	19.00	42.00	0.00	36.00	34.00	41.00	162.00	45.00	52.00	49.00
	687.07	0.00	36.00	28.00	41.00	53.00	64.00	44.00	19.00	43.00	0.00	36.00	34.00	42.00	162.00	45.00	51.00	49.00
	687.08	0.00	36.00	29.00	41.00	53.00	64.00	43.00	19.00	44.00	0.00	36.00	34.00	42.00	160.00	46.00	51.00	49.00
	687.09	0.00	36.00	29.00	41.00	53.00	64.00	44.00	19.00	44.00	0.00	36.00	34.00	42.00	160.00	45.00	51.00	49.00
	687.10	0.00	36.00	28.00	41.00	53.00	64.00	44.00	19.00	44.00	0.00	36.00	34.00	42.00	159.00	45.00	51.00	49.00
	687.11	0.00	36.00	29.00	42.00	52.00	64.00	44.00	19.00	44.00	0.00	36.00	32.00	42.00	160.00	46.00	52.00	49.00
	687.12	0.00	36.00	29.00	42.00	52.00	63.00	43.00	19.00	42.00	0.00	36.00	34.00	42.00	160.00	46.00	51.00	49.00
	687.13	0.00	36.00	28.00	41.00	53.00	64.00	43.00	19.00	39.00	0.00	36.00	34.00	42.00	159.00	46.00	52.00	49.00
	687.14	0.00	36.00	28.00	41.00	53.00	64.00	43.00	19.00	39.00	0.00	36.00	34.00	42.00	160.00	45.00	52.00	49.00
	687.15	0.00	36.00	30.00	42.00	53.00	63.00	44.00	19.00	42.00	0.00	36.00	34.00	42.00	160.00	46.00	52.00	49.00
	687.16	0.00	36.00	29.00	40.00	53.00	63.00	43.00	19.00	41.00	0.00	36.00	32.00	42.00	160.00	46.00	51.00	49.00
	687.16	0.00	36.00	29.00	40.00	53.00	64.00	44.00	19.00	40.00	0.00	36.00	34.00	42.00	159.00	46.00	52.00	49.00
	687.17	0.00	36.00	30.00	41.00	53.00	64.00	43.00	19.00	41.00	0.00	36.00	34.00	42.00	161.00	45.00	51.00	49.00
	687.18	0.00	36.00	27.00	41.00	53.00	64.00	43.00	19.00	40.00	0.00	36.00	32.00	42.00	161.00	46.00	52.00	49.00
	687.19	0.00	36.00	28.00	41.00	53.00	65.00	44.00	19.00	40.00	0.00	36.00	34.00	42.00	159.00	45.00	51.00	49.00
	687.20	0.00	37.00	31.00	41.00	53.00	65.00	43.00	20.00	40.00	0.00	36.00	34.00	42.00	161.00	45.00	50.00	49.00
	687.21	0.00	36.00	29.00	41.00	51.00	65.00	44.00	19.00	39.00	0.00	36.00	32.00	41.00	160.00	46.00	52.00	49.00
	687.22	0.00	37.00	29.00	41.00	53.00	65.00	43.00	19.00	40.00	0.00	36.00	34.00	42.00	161.00	45.00	51.00	49.00
	687.23	0.00	37.00	27.00	41.00	53.00	64.00	43.00	19.00	37.00	0.00	36.00	32.00	42.00	162.00	46.00	51.00	49.00
	687.24	0.00	36.00	29.00	41.00	52.00	64.00	43.00	20.00	37.00	0.00	36.00	34.00	42.00	161.00	45.00	52.00	49.00
	687.25	0.00	36.00	28.00	41.00	52.00	65.00	44.00	19.00	36.00	0.00	36.00	34.00	42.00	162.00	46.00	51.00	49.00
	687.26	0.00	35.00	29.00	41.00	51.00	64.00	43.00	19.00	36.00	0.00	36.00	34.00	42.00	161.00	46.00	52.00	49.00
	687.27	0.00	37.00	29.00	41.00	50.00	65.00	43.00	19.00	36.00	0.00	36.00	34.00	42.00	161.00	46.00	51.00	49.00
	687.28	0.00	37.00	29.00	41.00	49.00	65.00	43.00	19.00	33.00	0.00	36.00	34.00	42.00	160.00	46.00	51.00	49.00
	687.29	0.00	37.00	29.00	41.00	49.00	65.00	43.00	19.00	33.00	0.00	36.00	32.00	42.00	162.00	46.00	52.00	49.00
	687.30	0.00	37.00	29.00	41.00	48.00	65.00	43.00	19.00	32.00	0.00	36.00	34.00	42.00	164.00	46.00	51.00	49.00
	687.31	0.00	37.00	29.00	42.00	47.00	65.00	43.00	19.00	31.00	0.00	36.00	34.00	42.00	162.00	45.00	52.00	48.00
	687.32	0.00	37.00	27.00	41.00	47.00	65.00	43.00	19.00	31.00	0.00	36.00	34.00	42.00	162.00	46.00	52.00	49.00
	687.33	0.00	36.00	29.00	41.00	47.00	64.00	43.00	18.00	29.00	0.00	36.00	34.00	42.00	164.00	46.00	52.00	48.00
	687.34	0.00	36.00	29.00	41.00	46.00	65.00	44.00	19.00	28.00	0.00	36.00	32.00	42.00	161.00	45.00	52.00	49.00
	687.35	0.00	37.00	29.00	41.00	46.00	65.00	43.00	19.00	26.00	0.00	36.00	34.00	42.00	160.00	46.00	52.00	50.00
	687.36	0.00	36.00	27.00	41.00	46.00	65.00	43.00	17.00	25.00	0.00	36.00	32.00	42.00	161.00	45.00	51.00	50.00
	687.37	0.00	36.00	28.00	41.00	46.00	66.00	43.00	19.00	22.00	0.00	36.00	34.00	42.00	164.00	46.00	52.00	50.00
	687.38	0.00	36.00	28.00	41.00	46.00	65.00	44.00	18.00	22.00	0.00	36.00	34.00	42.00	165.00	46.00	51.00	50.00
	687.39	0.00	36.00	27.00	40.00	46.00	66.00	43.00	19.00	21.00	0.00	36.00	32.00	42.00	165.00	46.00	51.00	50.00
	687.40	0.00	36.00	26.00	41.00	46.00	64.00	43.00	17.00	20.00	0.00	36.00	32.00	41.00	165.00	46.00	52.00	50.00
	687.41	0.00	37.00	27.00	40.00	46.00	66.00	44.00	19.00	19.00	0.00	36.00	34.00	42.00	166.00	46.00	52.00	48.00
	687.41	0.00	37.00	28.00	40.00	46.00	65.00	43.00	18.00	18.00	0.00	36.00	32.00	42.00	166.00	46.00	52.00	49.00
	687.42	0.00	37.00	28.00	41.00	46.00	66.00	43.00	18.00	17.00	0.00	36.00	32.00	42.00	167.00	46.00	51.00	50.00
	687.43	0.00	37.00	26.00	40.00	46.00	65.00	43.00	18.00	15.00	0.00	36.00	34.00	42.00	163.00	46.00	52.00	48.00
	687.44	0.00	36.00	27.00	40.00	45.00	65.00	43.00	20.00	20.00	0.00	36.00	34.00	42.00	164.00	46.00	52.00	50.00
	687.45	0.00	36.00	25.00	40.00	46.00	65.00	43.00	19.00	21.00	0.00	35.00	32.00	42.00	164.00	46.00	51.00	50.00
	687.46	0.00	36.00	26.00	40.00	45.00	65.00	44.00	20.00	20.00	0.00	36.00	32.00	42.00	164.00	46.00	51.00	50.00
	687.47	0.00	36.00	26.00	39.00	45.00	65.00	43.00	0.00	11.00	0.00	36.00	32.00	41.00	166.00	47.00	52.00	48.00
	687.48	0.00	36.00	26.00	39.00	45.00	64.00	42.00	1.00	10.00	0.00	36.00	32.00	40.00	167.00	46.00	52.00	48.00
	687.49	0.00	36.00	25.00	40.00	45.00	64.00	43.00	1.00	9.00	0.00	36.00	34.00	40.00	167.00	46.00	52.00	48.00
	687.50	0.00	36.00	26.00	40.00	45.00	64.00	42.00	1.00	8.00	0.00	36.00	34.00	42.00	167.00	46.00	52.00	48.00
	687.51	0.00	36.00	26.00	39.00	42.00	63.00	42.00	1.00	7.00	0.00	36.00	34.00	42.00	166.00	46.00	52.00	48.00
	687.52	0.00	36.00	25.00	38.00	43.00	63.00	42.00	1.00	8.00	0.00	35.00	32.00	42.00	167.00	47.00	52.00	48.00
	687.53	0.00	36.00	27.00	39.00	42.00	63.00	42.00	1.00	8.00	0.00	36.00	32.00	42.00	168.00	46.00	52.00	48.00
	687.54	0.00	36.00	26.00	38.00	42.00	63.00	42.00	1.00	8.00	0.00	36.00	34.00	42.00	168.00	46.00	52.00	48.00
	687.55	0.00	36.00	27.00	39.00	42.00	62.00	43.00	0.00	8.00	0.00	36.00	34.00	42.00	168.00	46.00	52.00	48.00
	687.56	0.00	36.00	27.00	40.00	42.00	63.00	43.00	0.00	8.00	0.00	35.00	32.00	42.00	170.00	46.00	52.00	47.00
	687.57	0.00	36.00	27.00	39.00	40.00	62.00	42.00	1.00	8.00	0.00	36.00	34.00	42.00	169.00	46.00	52.00	49.00
	687.58	0.00	36.00	27.00	38.00	42.00	62.00	43.00	0.00	8.00	0.00	36.00	32.00	42.00	170.00	46.00	52.00	48.00
	687.59	0.00	35.00	25.00	40.00	42.00	63.00	43.00	0.00	8.00	0.00	35.00	34.00	42.00	171.00	46.00	52.00	50.00
	687.59	0.00	36.00	25.00	39.00	42.00	63.00	43.00	0.00	8.00	0.00	36.00	32.00	42.00	169.00	46.00	52.00	48.00
	687.60	0.00	36.00	27.00	39.00	42.00	63.00	43.00	0.00	9.00	0.00	36.00	34.00	42.00	170.00	46.00	52.00	48.00
	687.61	0.00	36.00	26.00	40.00	43.00	62.00	43.00	0.00	8.00	0.00	36.00	32.00	42.00	169.00	46.00	52.00	48.00
	687.62	0.00	36.00	26.00	39.00	42.00	63.00	43.00	0.00	8.00	0.00	36.00	34.00	42.00	170.00	46.00	52.00	50.00
	687.63	0.00	36.00	27.00	39.00	42.00	63.00	43.00	0.00	8.00	0.00	36.00	34.00	42.00	169.00	46.00	52.00	48.00
	687.64	0.00	36.00	27.00	36.00	42.00	62.00	43.00	0.00	9.00	0.00	36.00	32.00	40.00	171.00	46.00	52.00	49.00
	687.65	0.00	36.00	25.00	36.00	42.00	62.00	43.00	0.00	9.00	0.00	36.00	32.00	42.00	171.00	46.00	52.00	48.00
	687.66	0.00	36.00	25.00	36.00	42.00	62.00	43.00	2.00	7.00	0.00	36.00	34.00	42.00	169.00	46.00	52.00	48.00
	687.67	0.00	36.00	27.00	35.00	42.00	63.00	43.00	0.00	7.00	0.00	36.00	32.00	42.00	171.00	46.00	52.00	48.00
	687.68	0.00	36.00	26.00	36.00	39.00	62.00	43.00	1.00	7.00	0.00	36.00	34.00	42.00	171.00	46.00	52.00	49.00
	687.69	0.00	36.00	26.00	35.00	41.00	62.00	42.00	1.00	7.00	0.00	36.00	34.00	42.00	169.00	46.00	52.00	48.00
	687.70	0.00	36.00	26.00	35.00	41.00	62.00	43.00	1.00	7.00	0.00	36.00	34.00	42.00	170.00	46.00	52.00	48.00
	687.71	0.00	36.00	25.00	36.00	42.00	62.00	42.00	1.00	7.00	0.00	36.00	32.00	42.00	169.00	46.00	52.00	48.00
	687.72	0.00	36.00	27.00	35.00	42.00	62.00	43.00	0.00	8.00	0.00	36.00	34.00	42.00	170.00	46.00	52.00	48.00
	687.73	0.00	36.00	26.00	36.00	42.00	62.00	43.00	0.00	8.00	0.00	36.00	34.00	42.00	170.00	46.00	52.00	47.00
	687.74	0.00	36.00	26.00	36.00	42.00	62.00	43.00	0.00	8.00	0.00	36.00	34.00	42.00	172.00	46.00	52.00	47.00
	687.75	0.00	36.00	27.00	36.00	42.00	62.00	43.00	0.00	7.00	0.00	36.00	34.00	42.00	170.00	46.00	52.00	48.00
	687.76	0.00	36.00	26.00	36.00	41.00	62.00	43.00	0.00	7.00	0.00	36.00	34.00	42.00	171.00	46.00	52.00	47.00
	687.77	0.00	36.00	27.00	36.00	41.00	62.00	43.00	0.00	8.00	0.00	36.00	32.00	40.00	170.00	46.00	52.00	48.00
	687.78	0.00	36.00	26.00	36.00	42.00	62.00	43.00	0.00	6.00	0.00	36.00	34.00	42.00	171.00	46.00	52.00	47.00
	687.78	0.00	36.00	27.00	36.00	42.00	61.00	43.00	0.00	6.00	0.00	36.00	32.00	42.00	171.00	46.00	52.00	48.00
	687.79	0.00	36.00	26.00	35.00	41.00	62.00	43.00	0.00	4.00	0.00	36.00	32.00	42.00	171.00	46.00	52.00	47.00
	687.80	0.00	36.00	27.00	35.00	41.00	62.00	43.00	0.00	4.00	0.00	36.00	32.00	42.00	170.00	46.00	53.00	47.00
	687.81	0.00	36.00	27.00	36.00	42.00	61.00	43.00	0.00	4.00	0.00	36.00	34.00	42.00	170.00	46.00	53.00	47.00
	687.82	0.00	36.00	27.00	35.00	42.00	62.00	43.00	0.00	3.00	0.00	36.00	32.00	40.00	170.00	46.00	52.00	48.00
	687.83	0.00	36.00	26.00	36.00	42.00	62.00	43.00	0.00	4.00	0.00	36.00	34.00	42.00	171.00	46.00	53.00	47.00
	687.84	0.00	36.00	26.00	36.00	42.00	62.00	43.00	0.00	4.00	0.00	36.00	32.00	42.00	170.00	46.00	52.00	47.00
	687.85	0.00	36.00	26.00	35.00	42.00	62.00	43.00	0.00	4.00	0.00	36.00	34.00	42.00	171.00	46.00	53.00	47.00
	687.86	0.00	35.00	27.00	35.00	42.00	61.00	43.00	0.00	3.00	0.00	36.00	34.00	42.00	170.00	46.00	53.00	48.00
	687.87	0.00	36.00	26.00	35.00	41.00	61.00	43.00	0.00	4.00	0.00	36.00	32.00	42.00	168.00	46.00	52.00	47.00
	687.88	0.00	36.00	27.00	36.00	42.00	62.00	43.00	0.00	3.00	0.00	36.00	34.00	42.00	170.00	46.00	53.00	47.00
	687.89	0.00	36.00	27.00	35.00	42.00	62.00	43.00	0.00	4.00	0.00	36.00	34.00	42.00	170.00	46.00	53.00	47.00
	687.90	0.00	36.00	27.00	35.00	42.00	62.00	43.00	0.00	3.00	0.00	36.00	34.00	42.00	169.00	46.00	53.00	48.00
	687.91	0.00	36.00	26.00	36.00	42.00	62.00	43.00	0.00	4.00	0.00	36.00	34.00	42.00	168.00	46.00	53.00	48.00
	687.92	0.00	36.00	26.00	36.00	41.00	62.00	43.00	0.00	4.00	0.00	36.00	34.00	42.00	169.00	46.00	52.00	48.00
	687.93	0.00	36.00	24.00	36.00	42.00	62.00	43.00	0.00	4.00	0.00	36.00	34.00	42.00	170.00	46.00	52.00	48.00
	687.94	0.00	36.00	25.00	36.00	43.00	62.00	43.00	0.00	3.00	0.00	36.00	34.00	42.00	170.00	46.00	52.00	49.00
	687.95	0.00	36.00	24.00	36.00	42.00	62.00	43.00	0.00	4.00	0.00	36.00	34.00	42.00	169.00	46.00	52.00	48.00
	687.96	0.00	36.00	25.00	36.00	42.00	62.00	43.00	0.00	5.00	0.00	36.00	32.00	42.00	170.00	46.00	52.00	47.00
	687.97	0.00	36.00	25.00	35.00	42.00	62.00	42.00	0.00	3.00	0.00	36.00	32.00	42.00	171.00	46.00	52.00	48.00
	687.97	0.00	36.00	25.00	36.00	42.00	62.00	43.00	0.00	5.00	0.00	36.00	34.00	42.00	170.00	46.00	53.00	48.00
	687.98	0.00	36.00	25.00	35.00	42.00	62.00	43.00	0.00	5.00	0.00	36.00	34.00	42.00	169.00	47.00	52.00	47.00
	687.99	0.00	36.00	24.00	35.00	42.00	61.00	43.00	0.00	5.00	0.00	36.00	34.00	42.00	171.00	46.00	53.00	47.00
	688.00	0.00	36.00	22.00	35.00	42.00	61.00	42.00	0.00	6.00	0.00	36.00	34.00	42.00	170.00	46.00	53.00	48.00
	688.01	0.00	35.00	25.00	35.00	42.00	61.00	43.00	0.00	6.00	0.00	36.00	32.00	42.00	170.00	46.00	53.00	48.00
	688.02	0.00	36.00	25.00	35.00	42.00	61.00	43.00	0.00	5.00	0.00	35.00	34.00	42.00	170.00	46.00	53.00	48.00
	688.03	0.00	36.00	24.00	36.00	41.00	62.00	43.00	0.00	6.00	0.00	36.00	32.00	42.00	170.00	46.00	53.00	48.00
	688.04	0.00	36.00	24.00	35.00	42.00	63.00	43.00	0.00	6.00	0.00	36.00	34.00	42.00	168.00	46.00	53.00	48.00
	688.05	0.00	35.00	23.00	36.00	42.00	62.00	43.00	0.00	6.00	0.00	36.00	34.00	42.00	170.00	46.00	53.00	49.00
	688.06	0.00	36.00	23.00	36.00	42.00	62.00	43.00	0.00	7.00	0.00	35.00	34.00	42.00	168.00	46.00	53.00	48.00
	688.07	0.00	36.00	25.00	36.00	42.00	62.00	43.00	0.00	6.00	0.00	36.00	32.00	42.00	169.00	46.00	53.00	47.00
	688.08	0.00	36.00	25.00	36.00	39.00	62.00	43.00	0.00	7.00	0.00	36.00	34.00	42.00	169.00	46.00	52.00	49.00
	688.09	0.00	35.00	24.00	36.00	41.00	62.00	43.00	0.00	6.00	0.00	36.00	32.00	42.00	169.00	46.00	53.00	49.00
	688.10	0.00	36.00	24.00	36.00	41.00	62.00	43.00	0.00	6.00	0.00	35.00	32.00	42.00	170.00	47.00	53.00	48.00
	688.11	0.00	36.00	22.00	35.00	40.00	62.00	43.00	0.00	6.00	0.00	36.00	34.00	42.00	169.00	46.00	53.00	48.00
	688.12	0.00	36.00	25.00	36.00	41.00	61.00	43.00	0.00	7.00	0.00	35.00	34.00	42.00	171.00	46.00	53.00	48.00
	688.13	0.00	36.00	25.00	36.00	41.00	62.00	43.00	0.00	7.00	0.00	36.00	34.00	40.00	170.00	46.00	53.00	49.00
	688.14	0.00	36.00	24.00	35.00	39.00	61.00	43.00	0.00	6.00	0.00	36.00	32.00	42.00	170.00	47.00	51.00	48.00
	688.15	0.00	36.00	23.00	36.00	40.00	61.00	43.00	0.00	7.00	0.00	36.00	32.00	42.00	169.00	46.00	53.00	48.00
	688.15	0.00	36.00	24.00	35.00	40.00	62.00	43.00	0.00	7.00	0.00	36.00	34.00	42.00	169.00	46.00	53.00	49.00
	688.16	0.00	36.00	25.00	35.00	42.00	61.00	43.00	0.00	7.00	0.00	36.00	34.00	42.00	169.00	47.00	52.00	48.00
	688.17	0.00	36.00	24.00	36.00	41.00	62.00	43.00	0.00	7.00	0.00	36.00	32.00	42.00	170.00	46.00	53.00	48.00
	688.18	0.00	36.00	23.00	36.00	41.00	61.00	43.00	0.00	7.00	0.00	36.00	32.00	42.00	170.00	46.00	53.00	48.00
	688.19	0.00	36.00	25.00	36.00	40.00	61.00	43.00	0.00	7.00	0.00	36.00	34.00	42.00	171.00	46.00	53.00	49.00
	688.20	0.00	36.00	24.00	35.00	42.00	61.00	43.00	0.00	6.00	0.00	36.00	34.00	42.00	171.00	46.00	53.00	49.00
	688.21	0.00	36.00	24.00	36.00	42.00	62.00	43.00	0.00	7.00	0.00	36.00	34.00	42.00	170.00	46.00	53.00	48.00
	688.22	0.00	36.00	23.00	36.00	39.00	62.00	43.00	0.00	7.00	0.00	36.00	32.00	42.00	170.00	46.00	53.00	47.00
	688.23	0.00	36.00	24.00	36.00	40.00	61.00	42.00	0.00	6.00	0.00	36.00	32.00	42.00	170.00	46.00	52.00	49.00
	688.24	0.00	36.00	25.00	36.00	42.00	62.00	43.00	0.00	6.00	0.00	36.00	34.00	42.00	170.00	46.00	53.00	49.00
	688.25	0.00	36.00	25.00	36.00	42.00	62.00	43.00	0.00	7.00	0.00	36.00	34.00	42.00	171.00	46.00	53.00	48.00
	688.26	0.00	36.00	26.00	36.00	41.00	62.00	43.00	0.00	7.00	0.00	36.00	32.00	42.00	170.00	46.00	53.00	47.00
	688.27	0.00	36.00	25.00	36.00	41.00	63.00	43.00	0.00	7.00	0.00	36.00	32.00	42.00	171.00	46.00	53.00	48.00
	688.28	0.00	36.00	25.00	35.00	41.00	62.00	43.00	0.00	7.00	0.00	36.00	32.00	42.00	169.00	46.00	52.00	49.00
	688.29	0.00	36.00	25.00	36.00	41.00	62.00	43.00	0.00	6.00	0.00	36.00	32.00	42.00	170.00	46.00	52.00	48.00
	688.30	0.00	36.00	25.00	36.00	41.00	62.00	43.00	0.00	6.00	0.00	36.00	32.00	42.00	171.00	46.00	52.00	48.00
	688.31	0.00	36.00	25.00	35.00	42.00	62.00	43.00	0.00	7.00	0.00	36.00	34.00	42.00	171.00	46.00	52.00	48.00
	688.32	0.00	36.00	24.00	36.00	41.00	62.00	43.00	0.00	7.00	0.00	36.00	34.00	42.00	171.00	47.00	53.00	49.00
	688.33	0.00	36.00	24.00	35.00	41.00	62.00	43.00	0.00	7.00	0.00	36.00	34.00	42.00	170.00	46.00	53.00	49.00
	688.33	0.00	36.00	26.00	36.00	41.00	63.00	43.00	0.00	7.00	0.00	36.00	34.00	42.00	171.00	46.00	51.00	48.00
	688.34	0.00	36.00	25.00	36.00	40.00	62.00	43.00	0.00	8.00	0.00	36.00	34.00	42.00	171.00	46.00	53.00	49.00
	688.35	0.00	36.00	26.00	35.00	42.00	62.00	43.00	0.00	7.00	0.00	36.00	32.00	40.00	171.00	46.00	53.00	48.00
	688.36	0.00	36.00	25.00	35.00	42.00	62.00	43.00	0.00	7.00	0.00	36.00	34.00	42.00	171.00	46.00	53.00	48.00
	688.37	0.00	36.00	24.00	35.00	41.00	62.00	43.00	0.00	7.00	0.00	36.00	32.00	42.00	170.00	46.00	53.00	48.00
	688.38	0.00	36.00	25.00	36.00	42.00	62.00	43.00	0.00	6.00	0.00	36.00	32.00	42.00	172.00	46.00	53.00	48.00
	688.39	0.00	36.00	24.00	35.00	42.00	62.00	43.00	0.00	6.00	0.00	36.00	32.00	42.00	171.00	46.00	53.00	48.00
	688.40	0.00	36.00	25.00	35.00	42.00	62.00	43.00	0.00	6.00	0.00	36.00	34.00	42.00	171.00	46.00	53.00	48.00
	688.41	0.00	36.00	23.00	36.00	41.00	63.00	43.00	0.00	7.00	0.00	36.00	34.00	42.00	172.00	46.00	53.00	48.00
	688.42	0.00	36.00	26.00	36.00	40.00	62.00	43.00	0.00	7.00	0.00	36.00	32.00	42.00	170.00	46.00	53.00	49.00
	688.43	0.00	36.00	26.00	35.00	42.00	63.00	43.00	0.00	7.00	0.00	36.00	32.00	42.00	172.00	46.00	53.00	49.00
	688.44	0.00	36.00	26.00	36.00	42.00	63.00	43.00	0.00	8.00	0.00	36.00	32.00	42.00	171.00	46.00	53.00	48.00
	688.45	0.00	36.00	25.00	36.00	41.00	63.00	43.00	0.00	7.00	0.00	36.00	34.00	42.00	170.00	46.00	53.00	48.00
	688.46	0.00	36.00	26.00	35.00	41.00	63.00	43.00	0.00	7.00	0.00	36.00	34.00	42.00	170.00	46.00	53.00	49.00
	688.47	0.00	36.00	26.00	35.00	42.00	63.00	43.00	0.00	8.00	0.00	36.00	34.00	42.00	171.00	46.00	53.00	49.00
	688.48	0.00	36.00	25.00	36.00	42.00	63.00	43.00	0.00	8.00	0.00	36.00	32.00	42.00	169.00	46.00	52.00	48.00
	688.49	0.00	36.00	25.00	35.00	40.00	63.00	43.00	0.00	8.00	0.00	36.00	32.00	42.00	172.00	46.00	53.00	48.00
	688.50	0.00	36.00	25.00	36.00	43.00	63.00	42.00	0.00	7.00	0.00	36.00	32.00	42.00	170.00	46.00	53.00	48.00
	688.50	0.00	36.00	26.00	36.00	42.00	61.00	43.00	0.00	7.00	0.00	36.00	34.00	42.00	171.00	46.00	53.00	49.00
	688.52	0.00	36.00	24.00	36.00	42.00	63.00	43.00	0.00	7.00	0.00	36.00	33.00	42.00	171.00	46.00	53.00	48.00
	688.52	0.00	36.00	26.00	35.00	39.00	63.00	43.00	0.00	7.00	0.00	36.00	34.00	42.00	171.00	46.00	53.00	48.00
	688.53	0.00	36.00	26.00	35.00	40.00	62.00	43.00	0.00	6.00	0.00	36.00	34.00	42.00	171.00	46.00	52.00	49.00
	688.54	0.00	36.00	26.00	35.00	42.00	63.00	43.00	0.00	6.00	0.00	36.00	32.00	42.00	170.00	47.00	53.00	49.00
	688.55	0.00	36.00	25.00	35.00	43.00	62.00	43.00	0.00	6.00	0.00	36.00	34.00	42.00	172.00	46.00	53.00	48.00
	688.56	0.00	36.00	24.00	35.00	40.00	62.00	43.00	0.00	6.00	0.00	36.00	34.00	42.00	172.00	46.00	53.00	48.00
	688.57	0.00	36.00	25.00	35.00	42.00	63.00	43.00	0.00	6.00	0.00	36.00	34.00	42.00	172.00	46.00	53.00	47.00
	688.58	0.00	36.00	26.00	35.00	42.00	62.00	43.00	0.00	5.00	0.00	36.00	32.00	42.00	172.00	47.00	53.00	49.00
	688.59	0.00	36.00	26.00	35.00	42.00	62.00	43.00	0.00	5.00	0.00	36.00	34.00	40.00	172.00	47.00	53.00	47.00
	688.60	0.00	36.00	26.00	35.00	42.00	62.00	43.00	0.00	5.00	0.00	36.00	34.00	42.00	173.00	46.00	53.00	48.00
	688.61	0.00	36.00	25.00	36.00	40.00	62.00	42.00	0.00	5.00	0.00	37.00	32.00	42.00	174.00	46.00	53.00	49.00
	688.62	0.00	36.00	26.00	35.00	42.00	62.00	43.00	0.00	5.00	0.00	37.00	34.00	42.00	174.00	46.00	53.00	49.00
	688.63	0.00	36.00	24.00	36.00	42.00	62.00	43.00	0.00	5.00	0.00	36.00	32.00	42.00	178.00	46.00	53.00	48.00
	688.64	0.00	36.00	25.00	36.00	40.00	63.00	43.00	0.00	5.00	0.00	37.00	34.00	42.00	180.00	46.00	53.00	48.00
	688.65	0.00	36.00	25.00	36.00	42.00	63.00	43.00	0.00	5.00	0.00	36.00	32.00	42.00	179.00	46.00	53.00	48.00
	688.66	0.00	36.00	25.00	36.00	42.00	63.00	43.00	0.00	5.00	0.00	37.00	34.00	42.00	178.00	46.00	53.00	49.00
	688.67	0.00	36.00	27.00	36.00	42.00	63.00	43.00	0.00	5.00	0.00	37.00	34.00	40.00	180.00	46.00	53.00	47.00
	688.67	0.00	36.00	26.00	36.00	42.00	63.00	43.00	0.00	5.00	0.00	37.00	32.00	42.00	179.00	46.00	53.00	47.00
	688.69	0.00	36.00	26.00	36.00	41.00	63.00	43.00	0.00	5.00	0.00	37.00	32.00	42.00	179.00	46.00	53.00	49.00
	688.69	0.00	36.00	25.00	37.00	43.00	63.00	43.00	0.00	5.00	0.00	37.00	32.00	42.00	180.00	47.00	53.00	49.00
	688.70	0.00	36.00	26.00	35.00	43.00	63.00	43.00	0.00	5.00	0.00	36.00	34.00	42.00	178.00	46.00	54.00	48.00
	688.71	0.00	36.00	24.00	36.00	41.00	63.00	43.00	0.00	5.00	0.00	37.00	34.00	42.00	180.00	46.00	53.00	48.00
	688.72	0.00	36.00	26.00	36.00	41.00	63.00	42.00	0.00	5.00	0.00	37.00	34.00	42.00	180.00	46.00	54.00	49.00
	688.73	0.00	36.00	27.00	36.00	42.00	63.00	43.00	0.00	6.00	0.00	37.00	34.00	42.00	181.00	46.00	53.00	49.00
	688.74	0.00	36.00	27.00	36.00	43.00	63.00	43.00	0.00	6.00	0.00	37.00	34.00	40.00	180.00	46.00	54.00	48.00
	688.75	0.00	36.00	27.00	36.00	42.00	64.00	43.00	0.00	5.00	0.00	37.00	34.00	42.00	180.00	46.00	54.00	48.00
	688.76	0.00	36.00	26.00	35.00	40.00	64.00	42.00	0.00	6.00	0.00	37.00	32.00	42.00	181.00	46.00	54.00	49.00
	688.77	0.00	36.00	22.00	36.00	43.00	63.00	43.00	0.00	5.00	0.00	37.00	34.00	42.00	179.00	47.00	54.00	49.00
	688.78	0.00	36.00	22.00	35.00	43.00	63.00	43.00	0.00	5.00	0.00	36.00	34.00	42.00	180.00	46.00	54.00	48.00
	688.79	0.00	36.00	23.00	35.00	43.00	63.00	43.00	0.00	5.00	0.00	37.00	34.00	42.00	181.00	46.00	54.00	48.00
	688.80	0.00	36.00	24.00	35.00	43.00	63.00	43.00	0.00	6.00	0.00	36.00	34.00	42.00	182.00	46.00	54.00	48.00
	688.81	0.00	35.00	24.00	36.00	43.00	63.00	43.00	0.00	6.00	0.00	37.00	34.00	40.00	182.00	46.00	54.00	49.00
	688.82	0.00	36.00	23.00	36.00	43.00	63.00	43.00	0.00	6.00	0.00	37.00	34.00	40.00	182.00	46.00	54.00	48.00
	688.83	0.00	36.00	23.00	36.00	43.00	64.00	43.00	0.00	5.00	0.00	37.00	32.00	42.00	179.00	46.00	53.00	48.00
	688.84	0.00	36.00	24.00	36.00	43.00	63.00	43.00	0.00	5.00	0.00	36.00	34.00	42.00	179.00	46.00	54.00	48.00
	688.84	0.00	36.00	23.00	35.00	43.00	63.00	43.00	0.00	5.00	0.00	37.00	32.00	42.00	181.00	46.00	54.00	49.00
	688.86	0.00	36.00	24.00	35.00	43.00	63.00	43.00	0.00	6.00	0.00	37.00	32.00	40.00	183.00	47.00	53.00	48.00
	688.86	0.00	36.00	23.00	35.00	41.00	63.00	43.00	0.00	7.00	0.00	37.00	34.00	42.00	181.00	46.00	54.00	48.00
	688.87	0.00	36.00	26.00	35.00	43.00	63.00	43.00	0.00	7.00	0.00	36.00	34.00	42.00	181.00	46.00	53.00	47.00
	688.88	0.00	36.00	24.00	35.00	43.00	62.00	43.00	0.00	8.00	0.00	37.00	32.00	42.00	181.00	46.00	53.00	49.00
	688.89	0.00	36.00	26.00	35.00	43.00	62.00	43.00	0.00	7.00	0.00	37.00	34.00	40.00	181.00	46.00	54.00	48.00
	688.90	0.00	36.00	27.00	35.00	43.00	63.00	43.00	0.00	8.00	0.00	37.00	32.00	42.00	180.00	47.00	53.00	48.00
	688.91	0.00	36.00	25.00	36.00	43.00	63.00	43.00	1.00	8.00	0.00	36.00	32.00	42.00	183.00	46.00	54.00	48.00
	688.92	0.00	36.00	26.00	35.00	42.00	63.00	42.00	2.00	8.00	0.00	37.00	32.00	42.00	180.00	46.00	53.00	48.00
	688.93	0.00	36.00	27.00	35.00	42.00	62.00	42.00	2.00	8.00	0.00	37.00	34.00	42.00	179.00	46.00	54.00	48.00
	688.94	0.00	36.00	24.00	35.00	41.00	62.00	43.00	2.00	8.00	0.00	37.00	34.00	42.00	181.00	47.00	54.00	48.00
	688.95	0.00	36.00	26.00	36.00	43.00	62.00	42.00	3.00	8.00	0.00	37.00	32.00	42.00	180.00	46.00	53.00	48.00
	688.96	0.00	36.00	26.00	36.00	43.00	62.00	42.00	3.00	8.00	0.00	37.00	32.00	41.00	177.00	46.00	53.00	48.00
	688.97	0.00	36.00	27.00	35.00	42.00	62.00	42.00	3.00	8.00	0.00	37.00	34.00	42.00	179.00	47.00	53.00	48.00
	688.98	0.00	36.00	27.00	35.00	43.00	63.00	43.00	3.00	7.00	0.00	37.00	34.00	42.00	178.00	46.00	53.00	48.00
	688.99	0.00	36.00	26.00	36.00	43.00	63.00	42.00	3.00	7.00	0.00	37.00	32.00	42.00	177.00	46.00	53.00	48.00
	689.00	0.00	36.00	27.00	35.00	43.00	62.00	42.00	3.00	7.00	0.00	37.00	34.00	42.00	178.00	47.00	53.00	48.00
	689.01	0.00	35.00	27.00	35.00	42.00	63.00	43.00	4.00	5.00	0.00	37.00	34.00	42.00	177.00	46.00	53.00	48.00
	689.02	0.00	36.00	26.00	36.00	43.00	63.00	42.00	3.00	5.00	0.00	37.00	32.00	42.00	175.00	46.00	53.00	48.00
	689.03	0.00	36.00	25.00	35.00	43.00	62.00	42.00	3.00	5.00	0.00	37.00	34.00	41.00	177.00	46.00	53.00	49.00
	689.04	0.00	36.00	27.00	36.00	42.00	62.00	42.00	3.00	6.00	0.00	37.00	32.00	42.00	175.00	46.00	53.00	48.00
	689.04	0.00	36.00	27.00	36.00	42.00	62.00	43.00	3.00	9.00	0.00	37.00	34.00	42.00	174.00	46.00	53.00	48.00
	689.05	0.00	36.00	26.00	35.00	45.00	61.00	42.00	3.00	7.00	0.00	36.00	32.00	42.00	177.00	46.00	53.00	48.00
	689.06	0.00	36.00	27.00	35.00	45.00	61.00	42.00	3.00	8.00	0.00	37.00	34.00	42.00	176.00	46.00	53.00	48.00
	689.07	0.00	36.00	27.00	36.00	45.00	61.00	42.00	3.00	8.00	0.00	37.00	32.00	42.00	174.00	46.00	53.00	48.00
	689.08	0.00	36.00	26.00	36.00	45.00	61.00	42.00	3.00	8.00	0.00	36.00	32.00	42.00	173.00	46.00	53.00	48.00
	689.09	0.00	36.00	23.00	35.00	45.00	61.00	42.00	3.00	8.00	0.00	37.00	34.00	42.00	171.00	46.00	53.00	48.00
	689.10	0.00	36.00	27.00	36.00	45.00	61.00	42.00	3.00	8.00	0.00	36.00	32.00	42.00	170.00	46.00	53.00	48.00
	689.11	0.00	36.00	26.00	36.00	45.00	61.00	42.00	3.00	9.00	0.00	37.00	32.00	42.00	171.00	46.00	53.00	48.00
	689.12	0.00	36.00	27.00	34.00	46.00	60.00	42.00	3.00	8.00	0.00	37.00	33.00	42.00	170.00	46.00	53.00	48.00
	689.13	0.00	36.00	27.00	35.00	46.00	59.00	43.00	3.00	8.00	0.00	36.00	34.00	42.00	169.00	46.00	53.00	48.00
	689.14	0.00	36.00	26.00	35.00	46.00	57.00	43.00	3.00	10.00	0.00	36.00	34.00	42.00	171.00	46.00	53.00	48.00
	689.15	0.00	35.00	27.00	36.00	46.00	57.00	43.00	3.00	8.00	0.00	36.00	34.00	40.00	169.00	46.00	53.00	49.00
	689.16	0.00	36.00	26.00	35.00	46.00	57.00	43.00	3.00	9.00	0.00	36.00	32.00	42.00	169.00	46.00	53.00	48.00
	689.17	0.00	36.00	27.00	35.00	46.00	55.00	43.00	3.00	10.00	0.00	36.00	34.00	42.00	170.00	46.00	53.00	48.00
	689.18	0.00	35.00	27.00	36.00	45.00	55.00	43.00	0.00	10.00	0.00	36.00	34.00	42.00	171.00	46.00	53.00	49.00
	689.19	0.00	36.00	25.00	36.00	46.00	54.00	43.00	0.00	11.00	0.00	36.00	32.00	42.00	169.00	46.00	52.00	48.00
	689.20	0.00	36.00	27.00	35.00	45.00	55.00	43.00	1.00	8.00	0.00	36.00	34.00	42.00	170.00	46.00	53.00	48.00
	689.21	0.00	36.00	27.00	36.00	45.00	56.00	43.00	1.00	8.00	0.00	36.00	32.00	42.00	169.00	46.00	53.00	48.00
	689.22	0.00	36.00	26.00	34.00	46.00	56.00	43.00	2.00	10.00	0.00	36.00	33.00	42.00	169.00	46.00	52.00	48.00
	689.23	0.00	35.00	27.00	36.00	46.00	55.00	43.00	2.00	11.00	0.00	36.00	32.00	40.00	169.00	46.00	52.00	48.00
	689.23	0.00	36.00	27.00	35.00	46.00	56.00	44.00	2.00	9.00	0.00	36.00	32.00	42.00	169.00	46.00	52.00	48.00
	689.25	0.00	36.00	28.00	35.00	45.00	55.00	43.00	1.00	9.00	0.00	36.00	32.00	42.00	169.00	46.00	52.00	48.00
	689.26	0.00	36.00	26.00	35.00	45.00	55.00	43.00	0.00	10.00	0.00	36.00	34.00	42.00	169.00	46.00	52.00	48.00
	689.26	0.00	36.00	28.00	36.00	46.00	55.00	43.00	0.00	10.00	0.00	36.00	32.00	40.00	168.00	46.00	52.00	48.00
	689.27	0.00	36.00	28.00	35.00	46.00	55.00	43.00	0.00	9.00	0.00	36.00	32.00	42.00	168.00	46.00	52.00	47.00
	689.28	0.00	36.00	27.00	36.00	46.00	54.00	43.00	0.00	9.00	0.00	36.00	34.00	41.00	168.00	46.00	52.00	48.00
	689.29	0.00	36.00	26.00	36.00	45.00	53.00	43.00	0.00	8.00	0.00	36.00	32.00	42.00	167.00	46.00	52.00	48.00
	689.30	0.00	36.00	27.00	35.00	44.00	53.00	43.00	0.00	8.00	0.00	36.00	34.00	42.00	167.00	46.00	52.00	49.00
	689.31	0.00	36.00	28.00	35.00	45.00	54.00	43.00	0.00	8.00	0.00	36.00	34.00	42.00	166.00	46.00	52.00	49.00
	689.32	0.00	36.00	27.00	36.00	45.00	53.00	43.00	0.00	8.00	0.00	36.00	34.00	41.00	166.00	46.00	52.00	49.00
	689.33	0.00	36.00	28.00	36.00	46.00	53.00	43.00	0.00	8.00	0.00	36.00	34.00	42.00	166.00	46.00	52.00	47.00
	689.34	0.00	36.00	28.00	36.00	46.00	53.00	43.00	0.00	8.00	0.00	36.00	34.00	42.00	166.00	46.00	52.00	47.00
	689.35	0.00	36.00	27.00	36.00	45.00	53.00	43.00	0.00	8.00	0.00	36.00	34.00	41.00	166.00	46.00	52.00	49.00
	689.36	0.00	36.00	27.00	36.00	46.00	53.00	43.00	0.00	11.00	0.00	36.00	34.00	40.00	165.00	46.00	52.00	47.00
	689.37	0.00	36.00	27.00	35.00	46.00	53.00	43.00	0.00	12.00	0.00	36.00	34.00	40.00	164.00	46.00	52.00	48.00
	689.38	0.00	36.00	27.00	35.00	46.00	53.00	43.00	0.00	9.00	0.00	36.00	34.00	41.00	164.00	46.00	52.00	47.00
	689.39	0.00	36.00	27.00	35.00	46.00	53.00	43.00	0.00	9.00	0.00	36.00	34.00	41.00	165.00	46.00	52.00	47.00
	689.40	0.00	36.00	25.00	36.00	46.00	52.00	43.00	0.00	9.00	0.00	36.00	32.00	42.00	163.00	46.00	52.00	48.00
	689.41	0.00	36.00	26.00	35.00	44.00	53.00	43.00	0.00	9.00	0.00	36.00	34.00	41.00	163.00	46.00	52.00	49.00
	689.42	0.00	36.00	28.00	35.00	46.00	54.00	43.00	0.00	7.00	0.00	36.00	34.00	41.00	163.00	46.00	52.00	48.00
	689.43	0.00	36.00	28.00	36.00	45.00	54.00	43.00	0.00	9.00	0.00	36.00	34.00	41.00	162.00	46.00	52.00	47.00
	689.44	0.00	37.00	28.00	36.00	45.00	54.00	43.00	0.00	9.00	0.00	36.00	34.00	41.00	164.00	46.00	52.00	47.00
	689.44	0.00	37.00	27.00	36.00	45.00	55.00	43.00	0.00	11.00	0.00	36.00	34.00	41.00	165.00	46.00	52.00	47.00
	689.45	0.00	36.00	28.00	37.00	45.00	55.00	43.00	0.00	11.00	0.00	36.00	34.00	41.00	164.00	46.00	52.00	48.00
	689.46	0.00	36.00	27.00	36.00	46.00	56.00	43.00	0.00	17.00	0.00	36.00	32.00	40.00	162.00	46.00	52.00	46.00
	689.47	0.00	36.00	28.00	36.00	45.00	57.00	43.00	0.00	21.00	0.00	36.00	34.00	38.00	161.00	46.00	52.00	49.00
	689.48	0.00	36.00	27.00	38.00	45.00	61.00	43.00	0.00	31.00	0.00	36.00	32.00	39.00	162.00	45.00	51.00	48.00
	689.49	0.00	36.00	27.00	36.00	44.00	62.00	43.00	0.00	35.00	0.00	36.00	32.00	41.00	161.00	46.00	51.00	49.00
	689.50	0.00	37.00	27.00	38.00	42.00	62.00	43.00	0.00	42.00	0.00	36.00	34.00	39.00	161.00	45.00	51.00	49.00
	689.51	0.00	37.00	29.00	39.00	42.00	67.00	43.00	0.00	42.00	0.00	36.00	34.00	40.00	161.00	45.00	51.00	49.00
	689.52	0.00	36.00	26.00	39.00	42.00	69.00	43.00	0.00	48.00	0.00	35.00	34.00	38.00	160.00	44.00	51.00	49.00
	689.53	0.00	37.00	29.00	39.00	42.00	76.00	43.00	1.00	53.00	0.00	36.00	34.00	40.00	162.00	44.00	51.00	49.00
	689.54	0.00	36.00	25.00	41.00	42.00	80.00	43.00	2.00	77.00	0.00	36.00	34.00	38.00	161.00	44.00	50.00	49.00
	689.55	0.00	36.00	25.00	41.00	42.00	82.00	42.00	5.00	85.00	0.00	36.00	33.00	40.00	161.00	44.00	50.00	49.00
	689.56	0.00	36.00	30.00	42.00	39.00	89.00	43.00	20.00	96.00	0.00	36.00	34.00	40.00	162.00	44.00	50.00	49.00
	689.57	0.00	36.00	28.00	42.00	36.00	100.00	44.00	20.00	107.00	0.00	36.00	33.00	40.00	167.00	44.00	49.00	49.00
	689.58	0.00	36.00	27.00	41.00	33.00	104.00	44.00	20.00	120.00	0.00	37.00	32.00	40.00	168.00	44.00	51.00	49.00
	689.59	0.00	35.00	31.00	41.00	34.00	114.00	43.00	20.00	139.00	0.00	37.00	34.00	40.00	178.00	45.00	51.00	49.00
	689.60	0.00	36.00	28.00	41.00	34.00	123.00	43.00	18.00	149.00	0.00	37.00	35.00	39.00	182.00	46.00	51.00	47.00
	689.61	0.00	36.00	30.00	42.00	47.00	124.00	42.00	17.00	159.00	0.00	37.00	35.00	41.00	182.00	47.00	50.00	49.00
	689.62	0.00	37.00	31.00	42.00	45.00	135.00	42.00	23.00	158.00	0.00	36.00	37.00	40.00	182.00	48.00	52.00	47.00
	689.63	0.00	36.00	31.00	43.00	54.00	148.00	41.00	27.00	178.00	0.00	36.00	35.00	41.00	184.00	49.00	51.00	48.00
	689.64	0.00	37.00	31.00	43.00	54.00	161.00	42.00	25.00	181.00	0.00	35.00	36.00	41.00	185.00	49.00	52.00	49.00
	689.65	0.00	36.00	36.00	43.00	64.00	164.00	41.00	26.00	183.00	0.00	35.00	36.00	41.00	189.00	50.00	50.00	49.00
	689.66	0.00	37.00	39.00	43.00	66.00	172.00	41.00	25.00	187.00	0.00	35.00	37.00	42.00	193.00	50.00	52.00	49.00
	689.67	0.00	37.00	42.00	43.00	67.00	175.00	41.00	25.00	187.00	0.00	35.00	36.00	42.00	199.00	50.00	56.00	47.00
	689.67	0.00	37.00	43.00	45.00	68.00	177.00	42.00	28.00	191.00	30.00	36.00	37.00	42.00	204.00	52.00	63.00	49.00
	689.69	0.00	37.00	44.00	44.00	71.00	180.00	42.00	28.00	194.00	42.00	36.00	35.00	42.00	206.00	53.00	68.00	49.00
	689.69	0.00	37.00	44.00	44.00	77.00	181.00	42.00	28.00	193.00	72.00	37.00	37.00	42.00	211.00	56.00	80.00	47.00
	689.70	0.00	37.00	46.00	44.00	81.00	183.00	42.00	28.00	192.00	92.00	37.00	37.00	42.00	215.00	58.00	85.00	49.00
	689.72	0.00	37.00	47.00	43.00	84.00	183.00	43.00	28.00	196.00	103.00	37.00	37.00	41.00	218.00	60.00	84.00	48.00
	689.72	0.00	37.00	47.00	44.00	83.00	186.00	41.00	27.00	198.00	109.00	37.00	35.00	41.00	219.00	60.00	83.00	49.00
	689.73	0.00	37.00	46.00	44.00	83.00	188.00	41.00	27.00	198.00	111.00	38.00	35.00	41.00	223.00	60.00	72.00	50.00
	689.74	0.00	37.00	47.00	45.00	82.00	188.00	41.00	28.00	198.00	115.00	39.00	37.00	39.00	222.00	59.00	71.00	50.00
	689.75	0.00	37.00	44.00	44.00	83.00	188.00	42.00	28.00	198.00	117.00	38.00	36.00	41.00	223.00	60.00	70.00	52.00
	689.76	0.00	37.00	42.00	44.00	83.00	186.00	42.00	27.00	198.00	116.00	41.00	37.00	41.00	226.00	60.00	68.00	54.00
	689.77	0.00	37.00	42.00	44.00	81.00	184.00	43.00	28.00	196.00	114.00	48.00	34.00	41.00	226.00	61.00	68.00	58.00
	689.78	0.00	37.00	39.00	44.00	80.00	180.00	42.00	27.00	192.00	111.00	52.00	34.00	41.00	228.00	60.00	67.00	63.00
	689.79	0.00	37.00	29.00	43.00	80.00	178.00	42.00	27.00	188.00	108.00	58.00	36.00	41.00	228.00	61.00	66.00	64.00
	689.80	0.00	36.00	30.00	43.00	80.00	178.00	42.00	26.00	186.00	98.00	60.00	34.00	41.00	230.00	61.00	65.00	64.00
	689.81	0.00	37.00	32.00	43.00	78.00	174.00	43.00	28.00	181.00	64.00	61.00	34.00	41.00	230.00	61.00	56.00	65.00
	689.82	0.00	37.00	30.00	44.00	81.00	171.00	42.00	28.00	179.00	27.00	62.00	35.00	39.00	229.00	59.00	57.00	64.00
	689.83	0.00	37.00	33.00	44.00	80.00	165.00	43.00	28.00	178.00	0.00	58.00	33.00	40.00	227.00	56.00	56.00	64.00
	689.84	0.00	37.00	33.00	44.00	80.00	162.00	43.00	28.00	179.00	0.00	56.00	34.00	39.00	225.00	53.00	55.00	63.00
	689.85	0.00	35.00	34.00	43.00	79.00	160.00	42.00	28.00	181.00	0.00	54.00	35.00	40.00	221.00	53.00	50.00	64.00
	689.86	0.00	37.00	31.00	43.00	77.00	160.00	42.00	27.00	182.00	0.00	53.00	33.00	38.00	220.00	52.00	51.00	63.00
	689.87	0.00	36.00	30.00	44.00	79.00	156.00	42.00	28.00	184.00	0.00	53.00	33.00	40.00	215.00	52.00	50.00	66.00
	689.88	0.00	37.00	30.00	43.00	78.00	156.00	42.00	27.00	186.00	0.00	53.00	34.00	38.00	213.00	52.00	50.00	66.00
	689.89	0.00	35.00	30.00	44.00	81.00	157.00	42.00	28.00	188.00	0.00	55.00	33.00	39.00	213.00	52.00	49.00	70.00
	689.90	0.00	37.00	31.00	44.00	81.00	156.00	42.00	27.00	189.00	0.00	61.00	33.00	38.00	215.00	52.00	50.00	73.00
	689.91	0.00	35.00	31.00	44.00	86.00	160.00	42.00	29.00	191.00	0.00	64.00	35.00	39.00	217.00	52.00	50.00	84.00
	689.92	0.00	37.00	32.00	45.00	91.00	160.00	41.00	27.00	195.00	0.00	66.00	35.00	40.00	218.00	53.00	50.00	94.00
	689.93	0.00	37.00	39.00	45.00	92.00	160.00	43.00	29.00	195.00	0.00	70.00	33.00	40.00	218.00	53.00	50.00	102.00
	689.94	0.00	37.00	42.00	44.00	94.00	160.00	42.00	29.00	194.00	0.00	73.00	36.00	40.00	218.00	53.00	50.00	109.00
	689.95	0.00	40.00	43.00	45.00	96.00	159.00	42.00	30.00	199.00	0.00	74.00	34.00	40.00	217.00	53.00	50.00	113.00
	689.96	0.00	41.00	44.00	44.00	96.00	160.00	42.00	32.00	206.00	0.00	75.00	37.00	40.00	216.00	52.00	50.00	115.00
	689.97	0.00	40.00	45.00	44.00	100.00	162.00	42.00	36.00	210.00	0.00	74.00	35.00	40.00	214.00	52.00	49.00	116.00
	689.98	0.00	42.00	46.00	45.00	105.00	163.00	43.00	40.00	214.00	0.00	73.00	36.00	40.00	212.00	52.00	49.00	120.00
	689.99	0.00	42.00	45.00	46.00	106.00	163.00	43.00	52.00	214.00	0.00	74.00	37.00	38.00	212.00	52.00	49.00	122.00
	690.00	0.00	44.00	46.00	46.00	109.00	165.00	43.00	58.00	223.00	0.00	77.00	37.00	38.00	213.00	52.00	49.00	124.00
	690.01	0.00	44.00	46.00	47.00	117.00	165.00	43.00	61.00	227.00	0.00	80.00	38.00	40.00	213.00	52.00	49.00	124.00
	690.02	0.00	44.00	45.00	47.00	118.00	170.00	43.00	63.00	228.00	0.00	82.00	37.00	40.00	212.00	52.00	49.00	127.00
	690.03	0.00	43.00	52.00	47.00	119.00	171.00	43.00	69.00	235.00	0.00	84.00	37.00	40.00	213.00	52.00	49.00	128.00
	690.04	0.00	44.00	57.00	47.00	119.00	170.00	43.00	71.00	238.00	0.00	87.00	38.00	38.00	210.00	53.00	49.00	129.00
	690.04	0.00	45.00	58.00	47.00	120.00	172.00	43.00	71.00	242.00	0.00	92.00	38.00	38.00	211.00	54.00	48.00	129.00
	690.06	0.00	44.00	58.00	48.00	122.00	171.00	44.00	76.00	243.00	0.00	93.00	38.00	40.00	212.00	54.00	49.00	132.00
	690.07	0.00	44.00	58.00	47.00	122.00	171.00	44.00	77.00	245.00	0.00	100.00	39.00	40.00	214.00	55.00	51.00	133.00
	690.08	0.00	44.00	55.00	47.00	120.00	161.00	43.00	79.00	246.00	0.00	103.00	39.00	40.00	212.00	55.00	53.00	143.00
	690.09	0.00	41.00	48.00	47.00	121.00	161.00	43.00	81.00	249.00	0.00	103.00	38.00	40.00	210.00	54.00	52.00	145.00
	690.09	0.00	42.00	48.00	47.00	122.00	157.00	43.00	85.00	245.00	0.00	102.00	38.00	40.00	204.00	54.00	53.00	145.00
	690.10	0.00	36.00	47.00	47.00	124.00	148.00	42.00	80.00	246.00	0.00	96.00	40.00	39.00	194.00	54.00	54.00	145.00
	690.11	0.00	36.00	45.00	47.00	127.00	148.00	43.00	82.00	246.00	0.00	96.00	40.00	40.00	185.00	54.00	55.00	145.00
	690.12	0.00	36.00	46.00	47.00	129.00	144.00	43.00	81.00	246.00	0.00	97.00	40.00	39.00	187.00	53.00	56.00	152.00
	690.14	0.00	35.00	39.00	46.00	132.00	141.00	43.00	88.00	245.00	0.00	112.00	45.00	38.00	200.00	55.00	67.00	148.00
	690.14	0.00	36.00	32.00	46.00	130.00	135.00	43.00	85.00	246.00	0.00	151.00	58.00	40.00	220.00	60.00	96.00	159.00
	690.15	0.00	36.00	31.00	46.00	134.00	136.00	43.00	94.00	246.00	0.00	185.00	97.00	40.00	238.00	90.00	124.00	167.00
	690.16	0.00	35.00	30.00	46.00	135.00	134.00	43.00	97.00	245.00	18.00	226.00	133.00	40.00	273.00	160.00	148.00	186.00
	690.17	0.00	35.00	30.00	46.00	141.00	134.00	43.00	91.00	241.00	85.00	269.00	177.00	42.00	303.00	212.00	170.00	202.00
	690.18	0.00	36.00	30.00	44.00	143.00	128.00	43.00	87.00	239.00	108.00	304.00	219.00	43.00	318.00	247.00	197.00	230.00
	690.19	0.00	36.00	30.00	46.00	146.00	124.00	43.00	84.00	236.00	117.00	328.00	247.00	43.00	326.00	265.00	207.00	248.00
	690.20	0.00	34.00	28.00	46.00	150.00	124.00	43.00	82.00	226.00	130.00	341.00	255.00	43.00	344.00	277.00	219.00	260.00
	690.21	0.00	36.00	29.00	44.00	148.00	117.00	42.00	77.00	217.00	140.00	356.00	270.00	43.00	352.00	290.00	232.00	264.00
	690.22	0.00	35.00	29.00	43.00	146.00	112.00	42.00	74.00	204.00	144.00	362.00	279.00	43.00	351.00	288.00	235.00	266.00
	690.23	0.00	35.00	30.00	41.00	135.00	107.00	42.00	64.00	192.00	140.00	364.00	278.00	42.00	346.00	279.00	230.00	260.00
	690.25	0.00	35.00	24.00	42.00	117.00	106.00	42.00	42.00	179.00	135.00	365.00	274.00	42.00	334.00	275.00	222.00	257.00
	690.26	0.00	35.00	28.00	41.00	113.00	112.00	43.00	37.00	172.00	139.00	364.00	276.00	43.00	342.00	280.00	223.00	256.00
	690.27	0.00	35.00	21.00	38.00	112.00	115.00	39.00	33.00	169.00	141.00	364.00	276.00	43.00	352.00	288.00	225.00	257.00
	690.28	0.00	35.00	19.00	37.00	103.00	116.00	39.00	33.00	163.00	148.00	363.00	280.00	45.00	360.00	294.00	229.00	256.00
	690.29	0.00	35.00	24.00	37.00	95.00	120.00	37.00	32.00	161.00	150.00	360.00	276.00	46.00	366.00	300.00	229.00	259.00
	690.30	0.00	35.00	26.00	38.00	92.00	122.00	37.00	32.00	151.00	149.00	359.00	276.00	47.00	369.00	303.00	228.00	265.00
	690.31	0.00	35.00	26.00	37.00	74.00	125.00	36.00	29.00	139.00	143.00	354.00	270.00	47.00	370.00	304.00	226.00	267.00
	690.32	0.00	34.00	26.00	37.00	73.00	123.00	36.00	28.00	131.00	140.00	344.00	260.00	47.00	367.00	302.00	226.00	258.00
	690.33	0.00	35.00	26.00	38.00	61.00	125.00	36.00	29.00	124.00	128.00	335.00	253.00	47.00	363.00	294.00	225.00	249.00
	690.34	0.00	35.00	25.00	39.00	63.00	127.00	36.00	29.00	104.00	120.00	322.00	246.00	46.00	355.00	287.00	221.00	224.00
	690.35	0.00	36.00	25.00	38.00	60.00	128.00	36.00	28.00	90.00	109.00	302.00	228.00	46.00	344.00	274.00	216.00	212.00
	690.36	0.00	35.00	15.00	39.00	59.00	128.00	38.00	29.00	83.00	94.00	286.00	220.00	45.00	336.00	266.00	209.00	198.00
	690.37	0.00	35.00	17.00	37.00	56.00	126.00	39.00	28.00	75.00	75.00	271.00	205.00	44.00	331.00	257.00	204.00	189.00
	690.38	0.00	35.00	16.00	37.00	54.00	121.00	38.00	28.00	66.00	29.00	256.00	186.00	45.00	327.00	245.00	198.00	182.00
	690.39	0.00	36.00	6.00	37.00	52.00	100.00	39.00	28.00	63.00	22.00	247.00	175.00	44.00	325.00	236.00	187.00	176.00
	690.40	0.00	36.00	6.00	38.00	49.00	90.00	37.00	28.00	54.00	23.00	236.00	163.00	45.00	324.00	232.00	181.00	170.00
	690.41	0.00	35.00	2.00	37.00	48.00	80.00	37.00	28.00	58.00	23.00	225.00	146.00	45.00	324.00	227.00	169.00	170.00
	690.42	0.00	36.00	1.00	37.00	48.00	65.00	39.00	28.00	56.00	22.00	214.00	114.00	46.00	324.00	222.00	164.00	167.00
	690.43	0.00	36.00	8.00	36.00	47.00	51.00	38.00	18.00	53.00	21.00	198.00	74.00	46.00	321.00	214.00	161.00	161.00
	690.44	0.00	36.00	1.00	35.00	46.00	47.00	39.00	0.00	41.00	0.00	177.00	50.00	46.00	317.00	202.00	158.00	147.00
	690.45	0.00	35.00	0.00	32.00	43.00	45.00	39.00	0.00	42.00	0.00	163.00	47.00	46.00	315.00	172.00	151.00	134.00
	690.46	0.00	35.00	0.00	32.00	46.00	45.00	38.00	0.00	39.00	0.00	144.00	41.00	46.00	310.00	157.00	143.00	122.00
	690.47	0.00	35.00	0.00	32.00	42.00	45.00	38.00	0.00	45.00	0.00	115.00	40.00	46.00	304.00	133.00	133.00	106.00
	690.47	0.00	35.00	0.00	32.00	40.00	43.00	39.00	0.00	41.00	0.00	103.00	39.00	46.00	299.00	97.00	129.00	94.00
	690.48	0.00	35.00	0.00	28.00	41.00	44.00	37.00	0.00	36.00	0.00	94.00	38.00	45.00	291.00	86.00	125.00	81.00
	690.49	0.00	35.00	0.00	29.00	31.00	42.00	36.00	0.00	27.00	0.00	91.00	39.00	45.00	283.00	72.00	119.00	71.00
	690.50	0.00	35.00	0.00	27.00	31.00	43.00	35.00	0.00	28.00	0.00	86.00	37.00	45.00	273.00	64.00	118.00	65.00
	690.51	0.00	35.00	0.00	28.00	30.00	41.00	36.00	0.00	38.00	0.00	81.00	37.00	43.00	264.00	63.00	117.00	63.00
	690.52	0.00	36.00	0.00	28.00	31.00	41.00	35.00	0.00	38.00	0.00	78.00	35.00	42.00	257.00	60.00	117.00	57.00
	690.53	0.00	35.00	0.00	27.00	31.00	42.00	35.00	0.00	43.00	0.00	72.00	35.00	43.00	250.00	58.00	117.00	53.00
	690.54	0.00	36.00	0.00	28.00	29.00	41.00	36.00	0.00	49.00	0.00	71.00	37.00	45.00	248.00	58.00	118.00	50.00
	690.55	0.00	36.00	0.00	31.00	31.00	41.00	36.00	0.00	55.00	0.00	71.00	36.00	45.00	245.00	58.00	117.00	49.00
	690.56	0.00	35.00	0.00	34.00	30.00	40.00	36.00	0.00	52.00	0.00	71.00	37.00	45.00	241.00	57.00	116.00	49.00
	690.57	0.00	35.00	15.00	34.00	29.00	41.00	35.00	0.00	62.00	0.00	70.00	38.00	46.00	239.00	57.00	116.00	48.00
	690.58	0.00	35.00	20.00	33.00	30.00	40.00	35.00	0.00	72.00	0.00	66.00	38.00	45.00	238.00	57.00	115.00	48.00
	690.59	0.00	35.00	22.00	32.00	30.00	41.00	32.00	0.00	72.00	0.00	64.00	36.00	46.00	236.00	54.00	114.00	48.00
	690.60	0.00	35.00	19.00	33.00	31.00	42.00	32.00	0.00	79.00	0.00	59.00	38.00	45.00	233.00	53.00	113.00	48.00
	690.61	0.00	35.00	23.00	33.00	29.00	42.00	32.00	0.00	74.00	0.00	49.00	38.00	45.00	228.00	53.00	115.00	48.00
	690.62	0.00	34.00	22.00	32.00	31.00	42.00	31.00	0.00	77.00	0.00	42.00	38.00	44.00	226.00	53.00	116.00	48.00
	690.63	0.00	34.00	22.00	25.00	31.00	41.00	31.00	0.00	74.00	0.00	40.00	38.00	45.00	226.00	53.00	117.00	48.00
	690.64	0.00	18.00	16.00	26.00	31.00	40.00	31.00	0.00	74.00	0.00	39.00	37.00	46.00	227.00	53.00	119.00	48.00
	690.65	0.00	20.00	21.00	25.00	15.00	41.00	31.00	0.00	55.00	0.00	39.00	39.00	46.00	227.00	53.00	124.00	48.00
	690.66	0.00	23.00	20.00	27.00	11.00	41.00	31.00	0.00	38.00	0.00	38.00	37.00	46.00	227.00	53.00	125.00	48.00
	690.67	0.00	23.00	21.00	26.00	10.00	40.00	31.00	0.00	34.00	0.00	38.00	40.00	46.00	226.00	54.00	131.00	53.00
	690.67	0.00	21.00	2.00	28.00	7.00	40.00	31.00	0.00	23.00	0.00	38.00	39.00	45.00	225.00	55.00	140.00	62.00
	690.69	0.00	22.00	0.00	28.00	6.00	38.00	31.00	0.00	28.00	0.00	38.00	41.00	46.00	227.00	56.00	151.00	72.00
	690.70	0.00	22.00	0.00	28.00	1.00	40.00	31.00	0.00	27.00	0.00	39.00	42.00	47.00	228.00	60.00	169.00	87.00
	690.70	0.00	23.00	17.00	27.00	1.00	39.00	31.00	0.00	29.00	0.00	46.00	46.00	47.00	228.00	63.00	189.00	109.00
	690.71	0.00	26.00	18.00	27.00	2.00	39.00	31.00	0.00	31.00	12.00	64.00	54.00	46.00	227.00	69.00	199.00	123.00
	690.72	0.00	24.00	22.00	27.00	2.00	39.00	30.00	0.00	60.00	49.00	70.00	74.00	49.00	228.00	81.00	208.00	149.00
	690.73	0.00	22.00	22.00	28.00	4.00	39.00	29.00	19.00	78.00	54.00	78.00	98.00	48.00	229.00	112.00	217.00	172.00
	690.74	0.00	26.00	24.00	29.00	5.00	39.00	31.00	19.00	95.00	61.00	86.00	111.00	48.00	230.00	121.00	227.00	190.00
	690.75	0.00	26.00	26.00	29.00	8.00	38.00	30.00	28.00	120.00	68.00	91.00	120.00	49.00	229.00	139.00	233.00	205.00
	690.76	0.00	35.00	26.00	29.00	29.00	39.00	31.00	29.00	143.00	66.00	103.00	135.00	60.00	230.00	168.00	238.00	229.00
	690.77	0.00	33.00	26.00	35.00	31.00	39.00	31.00	29.00	153.00	76.00	107.00	149.00	81.00	233.00	195.00	244.00	244.00
	690.78	0.00	34.00	26.00	34.00	31.00	38.00	30.00	29.00	156.00	87.00	112.00	160.00	87.00	236.00	203.00	252.00	261.00
	690.79	0.00	34.00	24.00	35.00	31.00	39.00	31.00	27.00	160.00	97.00	120.00	159.00	91.00	234.00	211.00	260.00	263.00
	690.80	0.00	34.00	25.00	35.00	31.00	39.00	31.00	29.00	164.00	104.00	137.00	170.00	95.00	236.00	219.00	264.00	270.00
	690.81	0.00	35.00	24.00	35.00	31.00	39.00	32.00	29.00	167.00	108.00	145.00	181.00	97.00	238.00	229.00	266.00	273.00
	690.82	0.00	36.00	25.00	35.00	33.00	40.00	32.00	29.00	162.00	113.00	154.00	191.00	95.00	243.00	231.00	270.00	276.00
	690.83	0.00	36.00	29.00	35.00	34.00	40.00	32.00	29.00	166.00	111.00	164.00	200.00	96.00	247.00	232.00	270.00	267.00
	690.84	0.00	36.00	30.00	35.00	38.00	40.00	32.00	30.00	177.00	109.00	169.00	200.00	98.00	241.00	231.00	265.00	263.00
	690.85	0.00	35.00	31.00	37.00	41.00	43.00	32.00	34.00	192.00	100.00	170.00	201.00	89.00	233.00	229.00	265.00	256.00
	690.86	0.00	36.00	33.00	41.00	51.00	47.00	32.00	44.00	206.00	87.00	165.00	195.00	76.00	230.00	227.00	262.00	240.00
	690.87	0.00	36.00	34.00	44.00	85.00	64.00	31.00	70.00	229.00	57.00	158.00	184.00	47.00	225.00	219.00	258.00	227.00
	690.88	0.00	42.00	43.00	44.00	114.00	88.00	35.00	124.00	260.00	53.00	125.00	176.00	48.00	218.00	216.00	251.00	204.00
	690.89	0.00	67.00	40.00	45.00	135.00	121.00	36.00	172.00	282.00	52.00	102.00	173.00	47.00	214.00	205.00	244.00	186.00
	690.90	0.00	73.00	54.00	46.00	158.00	146.00	36.00	190.00	300.00	48.00	87.00	163.00	46.00	213.00	196.00	233.00	178.00
	690.91	0.00	81.00	64.00	45.00	174.00	167.00	41.00	191.00	323.00	21.00	64.00	135.00	45.00	214.00	173.00	216.00	149.00
	690.92	0.00	100.00	67.00	46.00	186.00	184.00	41.00	197.00	329.00	0.00	41.00	109.00	43.00	209.00	153.00	199.00	112.00
	690.93	0.00	135.00	78.00	47.00	199.00	198.00	41.00	199.00	333.00	0.00	37.00	57.00	42.00	207.00	96.00	161.00	46.00
	690.94	0.00	138.00	77.00	47.00	209.00	203.00	42.00	196.00	329.00	0.00	36.00	43.00	40.00	200.00	63.00	110.00	37.00
	690.95	0.00	137.00	72.00	46.00	212.00	204.00	43.00	191.00	319.00	0.00	34.00	42.00	39.00	197.00	48.00	59.00	31.00
	690.96	0.00	118.00	69.00	47.00	217.00	204.00	44.00	160.00	312.00	0.00	34.00	41.00	38.00	194.00	44.00	47.00	31.00
	690.97	0.00	120.00	69.00	47.00	221.00	207.00	44.00	136.00	311.00	0.00	33.00	41.00	37.00	191.00	43.00	45.00	31.00
	690.98	0.00	123.00	72.00	47.00	221.00	208.00	48.00	110.00	305.00	0.00	32.00	41.00	36.00	198.00	42.00	46.00	32.00
	690.99	0.00	125.00	78.00	48.00	225.00	212.00	50.00	92.00	300.00	0.00	31.00	39.00	36.00	203.00	43.00	51.00	31.00
	691.00	0.00	127.00	84.00	48.00	223.00	215.00	54.00	81.00	301.00	0.00	29.00	38.00	36.00	205.00	44.00	56.00	32.00
	691.01	0.00	127.00	88.00	48.00	220.00	215.00	54.00	67.00	299.00	0.00	29.00	38.00	36.00	204.00	48.00	59.00	32.00
	691.02	0.00	127.00	89.00	48.00	218.00	215.00	52.00	60.00	298.00	0.00	28.00	38.00	37.00	199.00	48.00	56.00	32.00
	691.03	0.00	124.00	88.00	47.00	212.00	214.00	50.00	57.00	293.00	0.00	28.00	40.00	37.00	186.00	44.00	51.00	32.00
	691.04	0.00	108.00	78.00	47.00	205.00	213.00	46.00	52.00	290.00	0.00	30.00	39.00	37.00	173.00	44.00	47.00	33.00
	691.05	0.00	89.00	72.00	48.00	199.00	209.00	44.00	43.00	287.00	0.00	31.00	38.00	36.00	167.00	43.00	47.00	32.00
	691.06	0.00	77.00	60.00	48.00	192.00	204.00	44.00	37.00	277.00	0.00	33.00	37.00	36.00	164.00	43.00	47.00	36.00
	691.07	0.00	72.00	52.00	47.00	185.00	196.00	43.00	30.00	263.00	0.00	34.00	38.00	36.00	166.00	43.00	48.00	34.00
	691.08	0.00	66.00	39.00	48.00	176.00	186.00	43.00	29.00	242.00	0.00	36.00	37.00	36.00	168.00	44.00	48.00	40.00
	691.09	0.00	60.00	38.00	46.00	169.00	173.00	42.00	28.00	220.00	0.00	39.00	36.00	36.00	171.00	46.00	48.00	43.00
	691.10	0.00	43.00	28.00	46.00	156.00	157.00	42.00	28.00	203.00	0.00	39.00	33.00	36.00	176.00	46.00	48.00	46.00
	691.11	0.00	38.00	24.00	47.00	143.00	144.00	42.00	28.00	191.00	0.00	40.00	35.00	36.00	178.00	46.00	48.00	47.00
	691.12	0.00	38.00	22.00	44.00	130.00	136.00	42.00	26.00	185.00	0.00	40.00	32.00	36.00	178.00	45.00	46.00	47.00
	691.13	0.00	37.00	24.00	46.00	120.00	133.00	42.00	26.00	173.00	0.00	40.00	30.00	35.00	173.00	44.00	47.00	46.00
	691.14	0.00	37.00	21.00	44.00	115.00	134.00	42.00	20.00	175.00	0.00	39.00	30.00	34.00	165.00	42.00	45.00	47.00
	691.15	0.00	37.00	26.00	45.00	113.00	120.00	42.00	20.00	162.00	0.00	39.00	30.00	33.00	157.00	42.00	47.00	46.00
	691.16	0.00	37.00	25.00	44.00	108.00	116.00	43.00	21.00	162.00	0.00	39.00	29.00	34.00	149.00	42.00	45.00	46.00
	691.17	0.00	37.00	24.00	45.00	98.00	110.00	43.00	21.00	163.00	0.00	38.00	30.00	34.00	148.00	42.00	45.00	46.00
	691.18	0.00	37.00	20.00	45.00	100.00	94.00	43.00	24.00	159.00	0.00	37.00	30.00	32.00	144.00	42.00	44.00	44.00
	691.19	0.00	36.00	25.00	45.00	98.00	86.00	45.00	26.00	152.00	0.00	37.00	30.00	34.00	133.00	42.00	43.00	46.00
	691.20	0.00	37.00	21.00	43.00	102.00	84.00	43.00	28.00	154.00	0.00	37.00	30.00	33.00	128.00	42.00	44.00	44.00
	691.21	0.00	36.00	22.00	44.00	103.00	83.00	44.00	28.00	156.00	0.00	36.00	29.00	34.00	124.00	42.00	44.00	46.00
	691.22	0.00	37.00	22.00	44.00	107.00	79.00	46.00	27.00	160.00	0.00	34.00	30.00	34.00	123.00	42.00	44.00	45.00
	691.23	0.00	37.00	23.00	44.00	107.00	78.00	44.00	27.00	159.00	0.00	34.00	29.00	34.00	122.00	42.00	44.00	43.00
	691.23	0.00	41.00	26.00	44.00	108.00	86.00	44.00	27.00	159.00	0.00	33.00	30.00	34.00	121.00	42.00	44.00	38.00
	691.25	0.00	45.00	24.00	46.00	110.00	81.00	48.00	30.00	158.00	0.00	33.00	29.00	35.00	121.00	42.00	44.00	39.00
	691.26	0.00	60.00	23.00	45.00	111.00	82.00	49.00	30.00	153.00	0.00	33.00	29.00	33.00	130.00	42.00	44.00	38.00
	691.27	0.00	66.00	25.00	46.00	106.00	81.00	54.00	35.00	159.00	0.00	33.00	30.00	33.00	137.00	43.00	44.00	40.00
	691.27	0.00	71.00	31.00	47.00	117.00	107.00	58.00	39.00	165.00	0.00	32.00	29.00	31.00	144.00	46.00	42.00	40.00
	691.28	0.00	95.00	38.00	47.00	128.00	113.00	61.00	48.00	166.00	0.00	34.00	30.00	31.00	146.00	46.00	38.00	39.00
	691.29	0.00	104.00	53.00	47.00	142.00	124.00	76.00	59.00	179.00	0.00	34.00	31.00	31.00	146.00	44.00	41.00	40.00
	691.30	0.00	104.00	65.00	49.00	148.00	127.00	86.00	71.00	185.00	0.00	35.00	30.00	30.00	145.00	44.00	43.00	42.00
	691.31	0.00	109.00	73.00	52.00	144.00	124.00	88.00	83.00	190.00	0.00	38.00	32.00	29.00	142.00	43.00	46.00	45.00
	691.32	0.00	116.00	81.00	64.00	148.00	123.00	97.00	94.00	198.00	0.00	53.00	31.00	29.00	141.00	45.00	48.00	48.00
	691.33	0.00	119.00	88.00	69.00	159.00	119.00	107.00	103.00	214.00	0.00	60.00	31.00	29.00	132.00	45.00	48.00	48.00
	691.34	0.00	122.00	88.00	70.00	170.00	125.00	120.00	116.00	217.00	0.00	50.00	32.00	31.00	126.00	44.00	48.00	49.00
	691.35	0.00	122.00	96.00	76.00	181.00	132.00	117.00	133.00	222.00	0.00	39.00	33.00	31.00	124.00	43.00	46.00	49.00
	691.36	0.00	121.00	99.00	80.00	185.00	137.00	122.00	140.00	228.00	0.00	37.00	34.00	32.00	124.00	43.00	44.00	49.00
	691.37	0.00	120.00	103.00	84.00	185.00	140.00	125.00	145.00	228.00	0.00	37.00	33.00	32.00	120.00	43.00	45.00	49.00
	691.38	0.00	118.00	110.00	86.00	185.00	148.00	127.00	152.00	229.00	0.00	38.00	35.00	33.00	124.00	44.00	46.00	51.00
	691.39	0.00	114.00	118.00	91.00	186.00	148.00	127.00	159.00	239.00	0.00	47.00	36.00	34.00	131.00	45.00	47.00	73.00
	691.40	0.00	115.00	124.00	94.00	190.00	156.00	130.00	163.00	240.00	0.00	63.00	36.00	35.00	144.00	48.00	48.00	115.00
	691.41	0.00	120.00	129.00	92.00	193.00	158.00	128.00	168.00	246.00	0.00	96.00	41.00	36.00	173.00	57.00	64.00	156.00
	691.42	0.00	122.00	130.00	88.00	193.00	157.00	124.00	170.00	248.00	0.00	161.00	60.00	36.00	206.00	116.00	105.00	187.00
	691.43	0.00	117.00	126.00	81.00	191.00	155.00	117.00	171.00	246.00	0.00	219.00	138.00	38.00	236.00	176.00	122.00	206.00
	691.44	0.00	100.00	127.00	71.00	187.00	150.00	100.00	170.00	242.00	19.00	240.00	159.00	40.00	266.00	179.00	132.00	213.00
	691.45	0.00	66.00	121.00	65.00	187.00	145.00	82.00	165.00	235.00	40.00	264.00	174.00	41.00	291.00	192.00	143.00	213.00
	691.46	0.00	42.00	97.00	45.00	176.00	133.00	51.00	152.00	216.00	39.00	287.00	190.00	41.00	317.00	221.00	164.00	215.00
	691.47	0.00	37.00	85.00	41.00	165.00	124.00	42.00	138.00	185.00	52.00	304.00	224.00	41.00	327.00	254.00	182.00	228.00
	691.48	0.00	35.00	39.00	39.00	152.00	106.00	43.00	103.00	155.00	77.00	305.00	231.00	40.00	329.00	262.00	187.00	224.00
	691.49	0.00	36.00	30.00	41.00	123.00	89.00	42.00	82.00	115.00	82.00	313.00	235.00	41.00	331.00	268.00	193.00	221.00
	691.50	0.00	33.00	29.00	37.00	111.00	82.00	42.00	51.00	72.00	88.00	311.00	227.00	42.00	334.00	278.00	198.00	219.00
	691.51	0.00	32.00	30.00	36.00	69.00	80.00	39.00	35.00	14.00	92.00	296.00	214.00	42.00	335.00	281.00	199.00	217.00
	691.52	0.00	33.00	25.00	34.00	69.00	72.00	37.00	30.00	8.00	99.00	268.00	207.00	44.00	342.00	284.00	199.00	216.00
	691.53	0.00	33.00	25.00	32.00	63.00	80.00	36.00	29.00	7.00	100.00	243.00	200.00	45.00	349.00	286.00	198.00	217.00
	691.54	0.00	33.00	23.00	32.00	55.00	86.00	37.00	29.00	7.00	82.00	235.00	179.00	45.00	348.00	280.00	184.00	214.00
	691.55	0.00	33.00	23.00	34.00	45.00	95.00	38.00	28.00	2.00	33.00	229.00	162.00	45.00	339.00	270.00	170.00	206.00
	691.56	0.00	33.00	22.00	34.00	44.00	95.00	38.00	29.00	4.00	17.00	215.00	139.00	45.00	335.00	261.00	165.00	197.00
	691.57	0.00	34.00	1.00	34.00	45.00	93.00	36.00	29.00	2.00	18.00	198.00	100.00	45.00	330.00	247.00	161.00	190.00
	691.58	0.00	34.00	2.00	34.00	44.00	90.00	36.00	29.00	4.00	17.00	184.00	78.00	45.00	326.00	239.00	158.00	175.00
	691.59	0.00	34.00	0.00	33.00	44.00	87.00	37.00	29.00	1.00	0.00	173.00	55.00	45.00	321.00	225.00	152.00	155.00
	691.60	0.00	34.00	0.00	30.00	43.00	81.00	32.00	27.00	2.00	0.00	162.00	49.00	45.00	319.00	210.00	146.00	137.00
	691.61	0.00	34.00	0.00	33.00	41.00	72.00	37.00	28.00	1.00	0.00	146.00	42.00	45.00	309.00	170.00	136.00	112.00
	691.62	0.00	34.00	6.00	33.00	43.00	69.00	32.00	22.00	4.00	0.00	131.00	42.00	44.00	300.00	144.00	129.00	93.00
	691.63	0.00	35.00	19.00	34.00	44.00	61.00	35.00	18.00	1.00	0.00	113.00	40.00	44.00	284.00	104.00	120.00	79.00
	691.64	0.00	35.00	20.00	37.00	46.00	57.00	35.00	18.00	16.00	0.00	104.00	41.00	44.00	261.00	87.00	111.00	58.00
	691.65	0.00	36.00	27.00	37.00	47.00	58.00	36.00	0.00	37.00	0.00	92.00	39.00	44.00	234.00	69.00	102.00	49.00
	691.66	0.00	36.00	20.00	35.00	46.00	44.00	36.00	0.00	40.00	0.00	85.00	37.00	41.00	228.00	65.00	87.00	48.00
	691.67	0.00	35.00	23.00	36.00	46.00	42.00	36.00	0.00	40.00	0.00	71.00	38.00	43.00	222.00	58.00	86.00	47.00
	691.68	0.00	35.00	6.00	33.00	40.00	42.00	37.00	0.00	45.00	0.00	66.00	36.00	43.00	216.00	56.00	81.00	47.00
	691.69	0.00	35.00	8.00	32.00	26.00	40.00	37.00	0.00	44.00	0.00	60.00	34.00	43.00	216.00	56.00	79.00	47.00
	691.70	0.00	35.00	7.00	32.00	15.00	41.00	32.00	0.00	39.00	0.00	47.00	35.00	43.00	212.00	53.00	79.00	46.00
	691.71	0.00	36.00	0.00	32.00	8.00	40.00	33.00	0.00	30.00	0.00	40.00	33.00	43.00	210.00	52.00	79.00	46.00
	691.72	0.00	36.00	1.00	32.00	7.00	40.00	32.00	0.00	20.00	0.00	39.00	33.00	43.00	206.00	51.00	79.00	47.00
	691.73	0.00	35.00	2.00	32.00	5.00	40.00	32.00	0.00	14.00	0.00	39.00	34.00	43.00	205.00	51.00	78.00	45.00
	691.74	0.00	36.00	2.00	32.00	4.00	39.00	32.00	0.00	7.00	0.00	39.00	35.00	44.00	203.00	50.00	80.00	46.00
	691.75	0.00	34.00	16.00	32.00	6.00	40.00	32.00	0.00	2.00	0.00	38.00	35.00	44.00	202.00	49.00	82.00	45.00
	691.76	0.00	34.00	15.00	31.00	6.00	40.00	32.00	0.00	12.00	0.00	37.00	35.00	44.00	204.00	50.00	89.00	45.00
	691.77	0.00	35.00	14.00	32.00	5.00	40.00	32.00	0.00	6.00	0.00	38.00	36.00	44.00	204.00	50.00	100.00	46.00
	691.78	0.00	35.00	11.00	32.00	7.00	40.00	32.00	0.00	8.00	0.00	38.00	36.00	44.00	207.00	50.00	108.00	45.00
	691.78	0.00	35.00	7.00	31.00	6.00	40.00	32.00	0.00	10.00	0.00	38.00	37.00	45.00	210.00	51.00	111.00	46.00
	691.79	0.00	34.00	3.00	31.00	9.00	39.00	32.00	0.00	11.00	0.00	38.00	39.00	45.00	208.00	51.00	113.00	48.00
	691.80	0.00	23.00	3.00	31.00	6.00	40.00	32.00	0.00	15.00	0.00	38.00	40.00	45.00	206.00	51.00	125.00	49.00
	691.81	0.00	23.00	1.00	32.00	9.00	40.00	32.00	0.00	13.00	0.00	38.00	40.00	46.00	213.00	53.00	131.00	59.00
	691.82	0.00	25.00	3.00	32.00	7.00	40.00	31.00	0.00	20.00	0.00	38.00	41.00	46.00	215.00	55.00	143.00	81.00
	691.83	0.00	23.00	3.00	25.00	8.00	39.00	31.00	0.00	25.00	0.00	39.00	42.00	46.00	216.00	59.00	160.00	100.00
	691.84	0.00	25.00	3.00	31.00	8.00	40.00	31.00	0.00	24.00	0.00	39.00	43.00	47.00	221.00	63.00	183.00	118.00
	691.85	0.00	24.00	2.00	31.00	5.00	40.00	31.00	0.00	34.00	0.00	50.00	46.00	47.00	223.00	66.00	193.00	136.00
	691.86	0.00	20.00	11.00	31.00	7.00	40.00	31.00	0.00	65.00	17.00	66.00	64.00	49.00	225.00	86.00	208.00	166.00
	691.87	0.00	22.00	15.00	32.00	7.00	39.00	30.00	0.00	82.00	46.00	78.00	79.00	49.00	223.00	123.00	221.00	195.00
	691.88	0.00	22.00	18.00	33.00	12.00	40.00	30.00	26.00	110.00	57.00	96.00	106.00	48.00	226.00	153.00	232.00	215.00
	691.89	0.00	23.00	19.00	32.00	22.00	39.00	30.00	27.00	144.00	63.00	114.00	143.00	63.00	229.00	193.00	243.00	248.00
	691.90	0.00	30.00	22.00	32.00	28.00	39.00	30.00	27.00	154.00	64.00	137.00	149.00	81.00	231.00	213.00	251.00	267.00
	691.91	0.00	33.00	22.00	32.00	26.00	39.00	30.00	27.00	172.00	84.00	150.00	160.00	89.00	239.00	219.00	261.00	271.00
	691.92	0.00	35.00	26.00	32.00	17.00	39.00	31.00	29.00	181.00	93.00	157.00	167.00	96.00	239.00	225.00	265.00	284.00
	691.93	0.00	33.00	26.00	32.00	13.00	39.00	30.00	29.00	182.00	105.00	171.00	179.00	99.00	238.00	232.00	269.00	285.00
	691.94	0.00	34.00	26.00	34.00	12.00	39.00	31.00	32.00	179.00	111.00	180.00	188.00	101.00	238.00	235.00	272.00	285.00
	691.95	0.00	34.00	26.00	37.00	13.00	40.00	32.00	42.00	174.00	114.00	189.00	193.00	102.00	239.00	240.00	276.00	283.00
	691.96	0.00	35.00	27.00	37.00	21.00	40.00	32.00	43.00	181.00	115.00	194.00	198.00	99.00	240.00	240.00	276.00	284.00
	691.97	0.00	34.00	27.00	36.00	39.00	41.00	31.00	43.00	188.00	110.00	196.00	198.00	97.00	237.00	241.00	273.00	273.00
	691.98	0.00	35.00	28.00	37.00	45.00	45.00	32.00	45.00	202.00	93.00	196.00	194.00	89.00	230.00	240.00	273.00	269.00
	691.99	0.00	35.00	28.00	41.00	50.00	47.00	32.00	48.00	215.00	74.00	191.00	188.00	79.00	222.00	239.00	269.00	259.00
	692.00	0.00	36.00	39.00	44.00	85.00	65.00	32.00	81.00	231.00	57.00	182.00	180.00	49.00	218.00	237.00	262.00	231.00
	692.01	0.00	43.00	57.00	44.00	111.00	89.00	32.00	133.00	266.00	55.00	164.00	173.00	48.00	216.00	231.00	257.00	209.00
	692.02	0.00	68.00	79.00	45.00	145.00	136.00	31.00	186.00	299.00	46.00	146.00	163.00	47.00	212.00	222.00	246.00	182.00
	692.03	0.00	101.00	89.00	46.00	182.00	176.00	38.00	197.00	318.00	19.00	102.00	141.00	45.00	204.00	205.00	237.00	161.00
	692.04	0.00	128.00	97.00	46.00	205.00	201.00	41.00	202.00	337.00	0.00	83.00	118.00	44.00	195.00	173.00	215.00	126.00
	692.05	0.00	154.00	99.00	46.00	216.00	212.00	42.00	203.00	342.00	0.00	42.00	71.00	43.00	186.00	142.00	180.00	98.00
	692.06	0.00	157.00	103.00	47.00	232.00	217.00	42.00	205.00	342.00	0.00	38.00	47.00	43.00	172.00	80.00	143.00	41.00
	692.07	0.00	160.00	102.00	47.00	236.00	221.00	42.00	203.00	336.00	0.00	36.00	43.00	43.00	151.00	62.00	97.00	36.00
	692.08	0.00	160.00	103.00	48.00	237.00	222.00	43.00	181.00	336.00	0.00	34.00	40.00	40.00	138.00	50.00	57.00	34.00
	692.09	0.00	163.00	100.00	47.00	242.00	223.00	51.00	158.00	333.00	0.00	33.00	42.00	39.00	132.00	49.00	52.00	34.00
	692.10	0.00	166.00	100.00	48.00	244.00	226.00	64.00	120.00	322.00	0.00	31.00	41.00	38.00	133.00	51.00	54.00	33.00
	692.11	0.00	170.00	98.00	49.00	243.00	229.00	76.00	96.00	315.00	0.00	31.00	41.00	39.00	137.00	51.00	60.00	33.00
	692.12	0.00	172.00	100.00	49.00	244.00	231.00	92.00	78.00	316.00	0.00	30.00	40.00	38.00	140.00	51.00	64.00	34.00
	692.13	0.00	169.00	96.00	49.00	244.00	234.00	95.00	62.00	318.00	0.00	29.00	42.00	39.00	141.00	51.00	65.00	34.00
	692.14	0.00	169.00	92.00	49.00	238.00	237.00	86.00	53.00	311.00	0.00	30.00	42.00	39.00	137.00	51.00	60.00	35.00
	692.15	0.00	169.00	90.00	49.00	235.00	234.00	79.00	45.00	306.00	0.00	29.00	42.00	39.00	131.00	48.00	54.00	35.00
	692.16	0.00	167.00	89.00	49.00	228.00	232.00	74.00	38.00	302.00	0.00	30.00	40.00	39.00	126.00	47.00	48.00	34.00
	692.17	0.00	158.00	86.00	48.00	222.00	230.00	63.00	30.00	294.00	0.00	30.00	40.00	38.00	125.00	44.00	45.00	31.00
	692.18	0.00	143.00	75.00	47.00	213.00	225.00	59.00	28.00	286.00	0.00	30.00	40.00	38.00	125.00	43.00	44.00	31.00
	692.19	0.00	96.00	70.00	46.00	195.00	221.00	49.00	28.00	272.00	0.00	32.00	39.00	36.00	116.00	43.00	46.00	32.00
	692.20	0.00	76.00	59.00	47.00	191.00	214.00	45.00	28.00	251.00	0.00	33.00	38.00	36.00	114.00	42.00	45.00	34.00
	692.21	0.00	73.00	51.00	46.00	178.00	206.00	42.00	27.00	236.00	0.00	34.00	36.00	36.00	117.00	42.00	45.00	34.00
	692.22	0.00	69.00	40.00	47.00	166.00	197.00	41.00	27.00	221.00	0.00	35.00	35.00	36.00	132.00	42.00	45.00	37.00
	692.23	0.00	62.00	39.00	45.00	155.00	185.00	42.00	21.00	212.00	0.00	36.00	32.00	35.00	140.00	43.00	45.00	39.00
	692.24	0.00	45.00	32.00	45.00	139.00	172.00	42.00	21.00	202.00	0.00	36.00	32.00	35.00	143.00	45.00	46.00	43.00
	692.25	0.00	43.00	23.00	43.00	128.00	165.00	42.00	21.00	191.00	0.00	37.00	31.00	34.00	145.00	43.00	45.00	44.00
	692.26	0.00	38.00	22.00	44.00	120.00	159.00	41.00	20.00	188.00	0.00	37.00	30.00	35.00	147.00	43.00	45.00	45.00
	692.27	0.00	38.00	22.00	44.00	119.00	156.00	42.00	20.00	185.00	0.00	37.00	30.00	34.00	145.00	42.00	45.00	46.00
	692.28	0.00	37.00	23.00	44.00	107.00	151.00	41.00	20.00	175.00	0.00	36.00	28.00	33.00	143.00	42.00	44.00	45.00
	692.29	0.00	37.00	21.00	44.00	105.00	149.00	41.00	20.00	164.00	0.00	35.00	29.00	33.00	137.00	41.00	44.00	45.00
	692.29	0.00	37.00	23.00	42.00	104.00	141.00	42.00	20.00	158.00	0.00	35.00	27.00	33.00	134.00	41.00	43.00	45.00
	692.30	0.00	37.00	20.00	43.00	98.00	138.00	42.00	20.00	151.00	0.00	35.00	29.00	33.00	132.00	41.00	43.00	44.00
	692.32	0.00	37.00	25.00	43.00	93.00	132.00	44.00	21.00	152.00	0.00	34.00	27.00	33.00	130.00	42.00	43.00	45.00
	692.33	0.00	37.00	21.00	43.00	81.00	129.00	44.00	26.00	150.00	0.00	34.00	28.00	32.00	131.00	42.00	44.00	45.00
	692.33	0.00	37.00	24.00	42.00	79.00	126.00	43.00	26.00	137.00	0.00	34.00	26.00	30.00	132.00	41.00	44.00	43.00
	692.34	0.00	37.00	25.00	42.00	72.00	126.00	43.00	26.00	123.00	0.00	33.00	26.00	28.00	141.00	42.00	44.00	43.00
	692.35	0.00	35.00	25.00	41.00	79.00	130.00	44.00	28.00	120.00	0.00	33.00	27.00	29.00	140.00	42.00	44.00	44.00
	692.36	0.00	38.00	24.00	41.00	84.00	134.00	43.00	27.00	109.00	0.00	32.00	27.00	28.00	141.00	42.00	44.00	42.00
	692.37	0.00	41.00	26.00	43.00	92.00	138.00	43.00	29.00	107.00	0.00	32.00	28.00	29.00	136.00	42.00	44.00	44.00
	692.38	0.00	62.00	30.00	42.00	96.00	139.00	42.00	28.00	108.00	0.00	32.00	28.00	28.00	130.00	43.00	44.00	41.00
	692.39	0.00	65.00	39.00	43.00	100.00	151.00	44.00	31.00	116.00	0.00	32.00	28.00	29.00	123.00	44.00	44.00	43.00
	692.40	0.00	68.00	39.00	45.00	109.00	149.00	54.00	39.00	124.00	0.00	32.00	29.00	28.00	121.00	43.00	44.00	43.00
	692.41	0.00	69.00	53.00	45.00	116.00	139.00	56.00	55.00	141.00	0.00	33.00	31.00	26.00	125.00	42.00	44.00	42.00
	692.42	0.00	70.00	64.00	44.00	126.00	135.00	65.00	66.00	160.00	0.00	34.00	32.00	27.00	128.00	42.00	45.00	44.00
	692.43	0.00	74.00	72.00	46.00	147.00	137.00	75.00	84.00	170.00	0.00	33.00	32.00	26.00	132.00	42.00	45.00	45.00
	692.44	0.00	103.00	78.00	45.00	156.00	144.00	82.00	99.00	187.00	0.00	35.00	33.00	27.00	133.00	42.00	45.00	47.00
	692.45	0.00	110.00	86.00	55.00	162.00	144.00	94.00	113.00	206.00	0.00	36.00	33.00	25.00	124.00	42.00	45.00	47.00
	692.46	0.00	114.00	88.00	59.00	171.00	135.00	103.00	122.00	216.00	0.00	36.00	32.00	26.00	118.00	42.00	45.00	48.00
	692.47	0.00	114.00	89.00	63.00	177.00	139.00	105.00	131.00	219.00	0.00	36.00	33.00	26.00	112.00	43.00	44.00	48.00
	692.48	0.00	118.00	93.00	64.00	181.00	138.00	106.00	136.00	227.00	0.00	37.00	33.00	27.00	112.00	43.00	44.00	48.00
	692.49	0.00	113.00	98.00	66.00	184.00	147.00	101.00	143.00	226.00	0.00	37.00	33.00	28.00	110.00	42.00	44.00	48.00
	692.50	0.00	110.00	107.00	69.00	187.00	143.00	105.00	152.00	222.00	0.00	37.00	34.00	28.00	108.00	42.00	43.00	49.00
	692.51	0.00	99.00	104.00	71.00	190.00	142.00	107.00	153.00	222.00	0.00	37.00	34.00	28.00	107.00	42.00	42.00	59.00
	692.52	0.00	76.00	100.00	68.00	192.00	143.00	108.00	153.00	228.00	0.00	43.00	34.00	28.00	107.00	43.00	44.00	74.00
	692.53	0.00	69.00	102.00	69.00	194.00	143.00	105.00	154.00	234.00	0.00	48.00	34.00	30.00	112.00	45.00	45.00	96.00
	692.54	0.00	63.00	97.00	68.00	194.00	137.00	97.00	154.00	236.00	0.00	62.00	36.00	31.00	131.00	48.00	46.00	116.00
	692.55	0.00	44.00	88.00	65.00	191.00	138.00	82.00	153.00	231.00	0.00	93.00	41.00	33.00	169.00	52.00	51.00	143.00
	692.56	0.00	37.00	74.00	48.00	189.00	130.00	64.00	146.00	218.00	0.00	144.00	48.00	34.00	208.00	80.00	81.00	159.00
	692.57	0.00	36.00	68.00	43.00	180.00	103.00	48.00	132.00	206.00	0.00	204.00	122.00	38.00	257.00	144.00	105.00	179.00
	692.58	0.00	36.00	40.00	45.00	168.00	92.00	45.00	114.00	193.00	13.00	231.00	166.00	41.00	301.00	183.00	125.00	177.00
	692.59	0.00	35.00	26.00	43.00	162.00	84.00	45.00	98.00	160.00	35.00	273.00	202.00	42.00	322.00	225.00	146.00	199.00
	692.60	0.00	34.00	30.00	40.00	139.00	79.00	44.00	85.00	123.00	68.00	304.00	235.00	41.00	341.00	269.00	177.00	225.00
	692.61	0.00	32.00	25.00	37.00	129.00	68.00	45.00	60.00	80.00	86.00	313.00	246.00	41.00	349.00	281.00	198.00	229.00
	692.62	0.00	31.00	21.00	34.00	114.00	63.00	44.00	38.00	44.00	94.00	309.00	251.00	41.00	344.00	280.00	201.00	216.00
	692.63	0.00	32.00	23.00	32.00	94.00	50.00	40.00	30.00	10.00	101.00	308.00	240.00	41.00	341.00	278.00	195.00	193.00
	692.64	0.00	31.00	0.00	32.00	70.00	49.00	39.00	30.00	13.00	104.00	302.00	229.00	41.00	342.00	281.00	191.00	198.00
	692.65	0.00	32.00	0.00	32.00	59.00	49.00	38.00	29.00	11.00	108.00	273.00	227.00	42.00	354.00	287.00	194.00	203.00
	692.66	0.00	32.00	0.00	32.00	47.00	50.00	38.00	28.00	0.00	110.00	257.00	210.00	44.00	361.00	289.00	198.00	205.00
	692.67	0.00	32.00	0.00	33.00	54.00	52.00	39.00	29.00	0.00	99.00	250.00	202.00	45.00	362.00	289.00	195.00	207.00
	692.68	0.00	33.00	0.00	31.00	46.00	47.00	36.00	29.00	0.00	88.00	249.00	190.00	46.00	363.00	289.00	194.00	210.00
	692.69	0.00	33.00	0.00	32.00	44.00	45.00	36.00	29.00	0.00	86.00	249.00	180.00	47.00	363.00	289.00	195.00	200.00
	692.70	0.00	33.00	0.00	32.00	46.00	46.00	33.00	29.00	5.00	94.00	245.00	179.00	47.00	362.00	287.00	195.00	199.00
	692.71	0.00	32.00	0.00	32.00	43.00	47.00	32.00	28.00	0.00	95.00	234.00	169.00	47.00	352.00	280.00	192.00	193.00
	692.72	0.00	33.00	0.00	31.00	43.00	46.00	31.00	28.00	0.00	74.00	215.00	148.00	45.00	340.00	265.00	183.00	176.00
	692.73	0.00	33.00	0.00	30.00	41.00	43.00	31.00	27.00	0.00	18.00	191.00	93.00	46.00	328.00	235.00	156.00	151.00
	692.74	0.00	33.00	0.00	26.00	38.00	42.00	31.00	20.00	0.00	0.00	167.00	50.00	45.00	319.00	215.00	148.00	126.00
	692.75	0.00	33.00	0.00	26.00	37.00	40.00	32.00	18.00	0.00	0.00	151.00	43.00	45.00	303.00	161.00	132.00	101.00
	692.76	0.00	33.00	0.00	31.00	36.00	41.00	32.00	17.00	0.00	0.00	134.00	40.00	44.00	280.00	123.00	118.00	83.00
	692.77	0.00	34.00	0.00	31.00	37.00	41.00	31.00	0.00	0.00	0.00	111.00	39.00	43.00	239.00	91.00	108.00	49.00
	692.78	0.00	34.00	0.00	30.00	37.00	41.00	32.00	0.00	2.00	0.00	99.00	39.00	42.00	224.00	71.00	87.00	45.00
	692.79	0.00	35.00	0.00	26.00	37.00	41.00	32.00	0.00	0.00	0.00	85.00	36.00	42.00	212.00	65.00	75.00	45.00
	692.79	0.00	35.00	0.00	25.00	34.00	41.00	32.00	0.00	0.00	0.00	71.00	34.00	41.00	209.00	58.00	64.00	45.00
	692.80	0.00	35.00	0.00	26.00	29.00	40.00	32.00	0.00	0.00	0.00	65.00	34.00	41.00	203.00	56.00	61.00	45.00
	692.81	0.00	33.00	0.00	26.00	27.00	40.00	31.00	0.00	0.00	0.00	51.00	35.00	41.00	203.00	55.00	59.00	44.00
	692.82	0.00	33.00	0.00	25.00	26.00	40.00	31.00	0.00	0.00	0.00	40.00	32.00	41.00	201.00	53.00	60.00	45.00
	692.83	0.00	32.00	0.00	25.00	9.00	38.00	31.00	0.00	0.00	0.00	40.00	33.00	41.00	200.00	52.00	60.00	44.00
	692.84	0.00	24.00	0.00	24.00	3.00	38.00	31.00	0.00	0.00	0.00	39.00	31.00	41.00	197.00	52.00	61.00	44.00
	692.85	0.00	20.00	0.00	23.00	0.00	39.00	32.00	0.00	0.00	0.00	39.00	33.00	41.00	191.00	52.00	60.00	44.00
	692.86	0.00	21.00	0.00	23.00	2.00	38.00	32.00	0.00	0.00	0.00	38.00	30.00	41.00	181.00	48.00	60.00	45.00
	692.87	0.00	21.00	0.00	22.00	1.00	37.00	32.00	0.00	0.00	0.00	38.00	32.00	41.00	175.00	47.00	61.00	44.00
	692.88	0.00	23.00	0.00	22.00	0.00	38.00	32.00	0.00	0.00	0.00	38.00	30.00	41.00	171.00	46.00	61.00	44.00
	692.89	0.00	22.00	0.00	23.00	0.00	37.00	32.00	0.00	0.00	0.00	38.00	32.00	41.00	167.00	45.00	61.00	44.00
	692.90	0.00	23.00	0.00	24.00	0.00	39.00	32.00	0.00	0.00	0.00	37.00	32.00	42.00	164.00	46.00	60.00	45.00
	692.91	0.00	18.00	0.00	25.00	0.00	40.00	31.00	0.00	0.00	0.00	36.00	32.00	42.00	165.00	45.00	62.00	45.00
	692.92	0.00	16.00	0.00	24.00	0.00	40.00	31.00	0.00	0.00	0.00	36.00	33.00	43.00	167.00	46.00	75.00	46.00
	692.93	0.00	18.00	0.00	23.00	0.00	40.00	32.00	0.00	0.00	0.00	36.00	37.00	44.00	168.00	46.00	79.00	46.00
	692.94	0.00	17.00	0.00	21.00	0.00	39.00	31.00	0.00	0.00	0.00	36.00	37.00	44.00	171.00	49.00	96.00	46.00
	692.95	0.00	21.00	0.00	21.00	0.00	39.00	32.00	0.00	0.00	0.00	36.00	40.00	45.00	177.00	49.00	105.00	48.00
	692.96	0.00	18.00	0.00	22.00	0.00	38.00	31.00	0.00	0.00	0.00	36.00	39.00	45.00	177.00	52.00	124.00	70.00
	692.96	0.00	20.00	0.00	22.00	0.00	38.00	0.00	0.00	0.00	0.00	36.00	41.00	46.00	192.00	57.00	140.00	97.00
	692.97	0.00	20.00	0.00	22.00	0.00	38.00	0.00	0.00	7.00	0.00	38.00	45.00	47.00	193.00	64.00	181.00	120.00
	692.98	0.00	18.00	0.00	22.00	0.00	37.00	0.00	0.00	14.00	10.00	38.00	60.00	48.00	196.00	81.00	199.00	159.00
	692.99	0.00	21.00	0.00	22.00	15.00	38.00	0.00	0.00	37.00	38.00	47.00	83.00	49.00	203.00	110.00	212.00	192.00
	693.00	0.00	22.00	20.00	24.00	15.00	38.00	0.00	16.00	100.00	56.00	72.00	112.00	49.00	213.00	140.00	228.00	218.00
	693.01	0.00	23.00	21.00	24.00	16.00	38.00	0.00	19.00	150.00	62.00	89.00	142.00	64.00	217.00	175.00	241.00	238.00
	693.02	0.00	20.00	22.00	25.00	19.00	38.00	0.00	26.00	166.00	64.00	112.00	162.00	79.00	224.00	201.00	250.00	252.00
	693.03	0.00	25.00	23.00	26.00	17.00	38.00	0.00	28.00	176.00	85.00	127.00	174.00	85.00	227.00	215.00	253.00	263.00
	693.04	0.00	24.00	17.00	26.00	16.00	37.00	1.00	28.00	162.00	98.00	134.00	185.00	91.00	228.00	224.00	257.00	273.00
	693.05	0.00	25.00	22.00	26.00	14.00	38.00	0.00	27.00	156.00	99.00	145.00	190.00	95.00	226.00	228.00	263.00	277.00
	693.06	0.00	25.00	23.00	25.00	11.00	37.00	0.00	29.00	154.00	108.00	155.00	201.00	97.00	228.00	236.00	269.00	272.00
	693.07	0.00	22.00	23.00	26.00	14.00	38.00	0.00	27.00	164.00	113.00	167.00	205.00	97.00	233.00	239.00	272.00	278.00
	693.08	0.00	23.00	22.00	27.00	16.00	39.00	0.00	29.00	164.00	111.00	180.00	211.00	99.00	229.00	240.00	272.00	276.00
	693.09	0.00	26.00	23.00	32.00	19.00	38.00	30.00	29.00	166.00	106.00	184.00	210.00	95.00	225.00	242.00	270.00	272.00
	693.10	0.00	33.00	27.00	34.00	28.00	39.00	30.00	29.00	179.00	96.00	188.00	207.00	85.00	225.00	241.00	265.00	267.00
	693.11	0.00	33.00	28.00	37.00	40.00	42.00	31.00	30.00	192.00	72.00	188.00	200.00	50.00	223.00	238.00	262.00	253.00
	693.12	0.00	35.00	31.00	42.00	51.00	58.00	32.00	50.00	224.00	58.00	186.00	193.00	47.00	218.00	232.00	254.00	226.00
	693.13	0.00	36.00	28.00	43.00	105.00	92.00	31.00	111.00	265.00	55.00	173.00	179.00	47.00	214.00	223.00	244.00	209.00
	693.14	0.00	59.00	28.00	44.00	131.00	132.00	32.00	159.00	292.00	50.00	159.00	165.00	45.00	208.00	213.00	233.00	177.00
	693.15	0.00	66.00	36.00	43.00	139.00	150.00	32.00	187.00	307.00	22.00	109.00	155.00	45.00	201.00	203.00	221.00	161.00
	693.16	0.00	72.00	43.00	44.00	155.00	178.00	32.00	202.00	323.00	0.00	82.00	122.00	44.00	192.00	175.00	206.00	130.00
	693.17	0.00	92.00	64.00	45.00	179.00	202.00	40.00	207.00	338.00	0.00	42.00	80.00	43.00	186.00	148.00	169.00	93.00
	693.18	0.00	131.00	69.00	48.00	196.00	217.00	41.00	217.00	344.00	0.00	38.00	50.00	43.00	165.00	82.00	140.00	41.00
	693.19	0.00	152.00	72.00	47.00	204.00	222.00	42.00	214.00	339.00	0.00	34.00	42.00	41.00	151.00	64.00	96.00	38.00
	693.20	0.00	141.00	71.00	46.00	210.00	222.00	43.00	202.00	321.00	0.00	34.00	41.00	40.00	137.00	48.00	54.00	34.00
	693.21	0.00	137.00	73.00	47.00	215.00	223.00	45.00	167.00	326.00	0.00	33.00	40.00	38.00	128.00	47.00	47.00	35.00
	693.22	0.00	146.00	79.00	47.00	218.00	229.00	46.00	134.00	328.00	0.00	31.00	41.00	38.00	124.00	46.00	48.00	34.00
	693.23	0.00	147.00	78.00	49.00	223.00	233.00	50.00	93.00	320.00	0.00	30.00	40.00	38.00	124.00	46.00	47.00	35.00
	693.24	0.00	144.00	85.00	48.00	221.00	234.00	55.00	66.00	309.00	0.00	28.00	41.00	36.00	124.00	44.00	48.00	35.00
	693.25	0.00	140.00	85.00	48.00	218.00	234.00	57.00	56.00	303.00	0.00	27.00	41.00	35.00	130.00	46.00	48.00	35.00
	693.26	0.00	139.00	83.00	47.00	216.00	234.00	56.00	52.00	296.00	0.00	28.00	38.00	37.00	106.00	44.00	48.00	33.00
	693.27	0.00	138.00	81.00	46.00	210.00	232.00	55.00	50.00	286.00	0.00	27.00	38.00	37.00	115.00	43.00	47.00	34.00
	693.28	0.00	132.00	78.00	46.00	204.00	229.00	53.00	42.00	277.00	0.00	28.00	37.00	36.00	112.00	43.00	46.00	33.00
	693.29	0.00	108.00	63.00	46.00	201.00	223.00	49.00	32.00	262.00	0.00	28.00	38.00	35.00	111.00	42.00	45.00	33.00
	693.30	0.00	86.00	54.00	47.00	195.00	213.00	46.00	29.00	254.00	0.00	29.00	36.00	35.00	109.00	42.00	42.00	29.00
	693.31	0.00	75.00	42.00	46.00	181.00	194.00	45.00	29.00	230.00	0.00	30.00	38.00	34.00	108.00	42.00	42.00	28.00
	693.32	0.00	68.00	39.00	45.00	167.00	170.00	43.00	28.00	207.00	0.00	31.00	35.00	35.00	108.00	42.00	41.00	31.00
	693.33	0.00	62.00	23.00	45.00	158.00	151.00	43.00	28.00	198.00	0.00	33.00	35.00	36.00	108.00	42.00	40.00	33.00
	693.34	0.00	43.00	22.00	45.00	143.00	135.00	41.00	26.00	193.00	0.00	33.00	34.00	35.00	107.00	42.00	41.00	34.00
	693.35	0.00	37.00	27.00	44.00	136.00	119.00	41.00	20.00	186.00	0.00	34.00	36.00	35.00	107.00	42.00	40.00	37.00
	693.36	0.00	36.00	21.00	44.00	123.00	104.00	41.00	20.00	174.00	0.00	35.00	34.00	34.00	109.00	42.00	40.00	41.00
	693.37	0.00	36.00	19.00	43.00	116.00	93.00	41.00	17.00	163.00	0.00	36.00	33.00	34.00	112.00	42.00	40.00	44.00
	693.38	0.00	36.00	19.00	43.00	106.00	91.00	42.00	20.00	154.00	0.00	36.00	32.00	33.00	114.00	42.00	41.00	45.00
	693.39	0.00	36.00	22.00	42.00	100.00	86.00	42.00	0.00	145.00	0.00	36.00	32.00	33.00	116.00	42.00	41.00	46.00
	693.40	0.00	36.00	18.00	41.00	73.00	82.00	42.00	0.00	132.00	0.00	34.00	30.00	32.00	115.00	41.00	40.00	45.00
	693.41	0.00	36.00	21.00	41.00	68.00	80.00	41.00	0.00	128.00	0.00	35.00	28.00	31.00	114.00	41.00	40.00	45.00
	693.41	0.00	36.00	18.00	41.00	70.00	74.00	43.00	19.00	122.00	0.00	35.00	30.00	32.00	112.00	42.00	39.00	45.00
	693.43	0.00	36.00	17.00	42.00	69.00	72.00	43.00	19.00	113.00	0.00	33.00	29.00	32.00	111.00	41.00	41.00	44.00
	693.44	0.00	36.00	18.00	42.00	61.00	67.00	41.00	17.00	111.00	0.00	33.00	30.00	32.00	112.00	41.00	41.00	44.00
	693.44	0.00	36.00	18.00	41.00	61.00	60.00	41.00	20.00	102.00	0.00	33.00	30.00	32.00	113.00	42.00	41.00	45.00
	693.45	0.00	36.00	17.00	40.00	58.00	54.00	42.00	20.00	96.00	0.00	32.00	28.00	32.00	110.00	41.00	41.00	44.00
	693.46	0.00	36.00	24.00	41.00	58.00	52.00	43.00	20.00	88.00	0.00	32.00	30.00	32.00	111.00	42.00	39.00	43.00
	693.47	0.00	36.00	21.00	41.00	58.00	52.00	43.00	28.00	71.00	0.00	31.00	28.00	32.00	114.00	42.00	41.00	38.00
	693.48	0.00	36.00	21.00	42.00	63.00	51.00	43.00	29.00	60.00	0.00	31.00	29.00	30.00	123.00	42.00	40.00	38.00
	693.49	0.00	37.00	23.00	42.00	70.00	54.00	43.00	29.00	44.00	0.00	30.00	29.00	31.00	132.00	42.00	40.00	40.00
	693.50	0.00	37.00	24.00	42.00	89.00	58.00	44.00	29.00	41.00	0.00	31.00	29.00	31.00	138.00	42.00	42.00	40.00
	693.51	0.00	37.00	25.00	43.00	89.00	65.00	44.00	29.00	43.00	0.00	31.00	29.00	30.00	136.00	43.00	41.00	40.00
	693.52	0.00	39.00	26.00	44.00	97.00	69.00	44.00	30.00	54.00	0.00	32.00	29.00	30.00	132.00	43.00	43.00	39.00
	693.53	0.00	41.00	39.00	45.00	104.00	73.00	51.00	35.00	72.00	0.00	32.00	29.00	30.00	123.00	43.00	44.00	38.00
	693.54	0.00	41.00	42.00	46.00	107.00	74.00	62.00	47.00	86.00	0.00	32.00	30.00	28.00	111.00	43.00	45.00	38.00
	693.55	0.00	43.00	47.00	46.00	118.00	81.00	68.00	64.00	107.00	0.00	32.00	30.00	29.00	111.00	42.00	46.00	41.00
	693.56	0.00	56.00	53.00	47.00	123.00	80.00	78.00	78.00	120.00	0.00	34.00	31.00	29.00	112.00	42.00	46.00	45.00
	693.57	0.00	61.00	62.00	48.00	139.00	91.00	86.00	90.00	139.00	0.00	35.00	32.00	27.00	115.00	42.00	46.00	45.00
	693.58	0.00	66.00	66.00	49.00	149.00	101.00	91.00	106.00	151.00	0.00	41.00	32.00	28.00	106.00	42.00	46.00	50.00
	693.59	0.00	68.00	74.00	62.00	160.00	116.00	99.00	114.00	157.00	0.00	38.00	33.00	27.00	105.00	42.00	45.00	47.00
	693.60	0.00	69.00	82.00	65.00	166.00	114.00	102.00	120.00	171.00	0.00	37.00	33.00	29.00	108.00	42.00	45.00	47.00
	693.61	0.00	69.00	87.00	67.00	168.00	117.00	100.00	126.00	187.00	0.00	37.00	33.00	29.00	108.00	42.00	44.00	47.00
	693.62	0.00	69.00	92.00	66.00	175.00	124.00	108.00	132.00	197.00	0.00	37.00	32.00	30.00	108.00	42.00	44.00	47.00
	693.63	0.00	70.00	92.00	69.00	177.00	123.00	107.00	141.00	201.00	0.00	37.00	32.00	29.00	110.00	42.00	45.00	48.00
	693.64	0.00	69.00	98.00	69.00	180.00	121.00	104.00	146.00	215.00	0.00	37.00	33.00	30.00	111.00	43.00	46.00	52.00
	693.65	0.00	68.00	97.00	70.00	181.00	125.00	100.00	150.00	221.00	0.00	37.00	35.00	30.00	114.00	43.00	46.00	59.00
	693.66	0.00	63.00	93.00	71.00	181.00	123.00	92.00	154.00	222.00	0.00	48.00	37.00	31.00	118.00	44.00	46.00	96.00
	693.67	0.00	46.00	84.00	69.00	183.00	124.00	89.00	155.00	227.00	0.00	64.00	40.00	32.00	137.00	46.00	50.00	116.00
	693.68	0.00	40.00	75.00	65.00	183.00	117.00	71.00	155.00	222.00	0.00	102.00	47.00	33.00	160.00	55.00	79.00	143.00
	693.69	0.00	36.00	65.00	55.00	180.00	95.00	62.00	144.00	216.00	0.00	166.00	99.00	34.00	207.00	108.00	112.00	166.00
	693.70	0.00	37.00	43.00	43.00	174.00	86.00	48.00	137.00	213.00	0.00	226.00	159.00	38.00	268.00	185.00	138.00	171.00
	693.71	0.00	36.00	42.00	41.00	173.00	83.00	46.00	119.00	199.00	30.00	268.00	175.00	41.00	305.00	213.00	150.00	181.00
	693.72	0.00	35.00	28.00	41.00	166.00	77.00	45.00	110.00	189.00	84.00	286.00	198.00	42.00	328.00	262.00	177.00	213.00
	693.73	0.00	34.00	30.00	39.00	153.00	71.00	45.00	98.00	162.00	100.00	299.00	228.00	42.00	350.00	288.00	201.00	239.00
	693.74	0.00	33.00	29.00	37.00	139.00	56.00	45.00	77.00	125.00	95.00	294.00	247.00	41.00	351.00	288.00	204.00	241.00
	693.75	0.00	31.00	22.00	33.00	124.00	49.00	44.00	51.00	95.00	49.00	291.00	218.00	41.00	336.00	280.00	192.00	232.00
	693.76	0.00	30.00	27.00	31.00	116.00	40.00	44.00	36.00	62.00	67.00	306.00	209.00	41.00	335.00	280.00	192.00	222.00
	693.77	0.00	30.00	1.00	29.00	93.00	42.00	39.00	31.00	11.00	97.00	316.00	213.00	42.00	344.00	294.00	206.00	222.00
	693.78	0.00	30.00	0.00	30.00	69.00	41.00	39.00	31.00	9.00	113.00	303.00	226.00	45.00	360.00	300.00	214.00	229.00
	693.79	0.00	30.00	0.00	30.00	58.00	40.00	36.00	28.00	7.00	119.00	273.00	221.00	46.00	366.00	305.00	216.00	229.00
	693.80	0.00	30.00	0.00	30.00	50.00	39.00	36.00	28.00	2.00	113.00	274.00	205.00	47.00	370.00	306.00	215.00	229.00
	693.81	0.00	31.00	0.00	30.00	47.00	40.00	37.00	28.00	0.00	103.00	271.00	197.00	47.00	371.00	306.00	214.00	230.00
	693.82	0.00	31.00	0.00	28.00	43.00	40.00	37.00	28.00	0.00	106.00	260.00	183.00	47.00	372.00	304.00	213.00	228.00
	693.83	0.00	32.00	0.00	30.00	41.00	42.00	37.00	28.00	0.00	107.00	244.00	163.00	47.00	368.00	301.00	213.00	224.00
	693.84	0.00	33.00	0.00	31.00	42.00	42.00	32.00	28.00	0.00	104.00	229.00	146.00	47.00	361.00	294.00	209.00	208.00
	693.85	0.00	33.00	0.00	31.00	41.00	42.00	32.00	28.00	0.00	92.00	206.00	90.00	46.00	344.00	277.00	202.00	197.00
	693.86	0.00	32.00	0.00	31.00	38.00	42.00	31.00	29.00	0.00	60.00	182.00	49.00	46.00	334.00	262.00	189.00	177.00
	693.87	0.00	33.00	0.00	31.00	37.00	42.00	31.00	27.00	0.00	21.00	166.00	42.00	45.00	326.00	236.00	169.00	154.00
	693.88	0.00	32.00	0.00	27.00	36.00	41.00	31.00	20.00	0.00	0.00	147.00	40.00	45.00	317.00	220.00	154.00	131.00
	693.89	0.00	34.00	0.00	31.00	35.00	41.00	32.00	18.00	4.00	0.00	130.00	41.00	44.00	303.00	187.00	142.00	107.00
	693.90	0.00	33.00	0.00	31.00	37.00	40.00	31.00	17.00	9.00	0.00	113.00	39.00	43.00	289.00	150.00	127.00	87.00
	693.91	0.00	33.00	0.00	29.00	39.00	41.00	31.00	0.00	9.00	0.00	101.00	38.00	43.00	270.00	113.00	117.00	70.00
	693.91	0.00	34.00	0.00	29.00	38.00	42.00	31.00	0.00	6.00	0.00	89.00	39.00	42.00	236.00	89.00	117.00	49.00
	693.92	0.00	34.00	0.00	32.00	43.00	41.00	31.00	0.00	7.00	0.00	79.00	36.00	43.00	230.00	68.00	110.00	45.00
	693.93	0.00	34.00	0.00	31.00	38.00	41.00	31.00	0.00	9.00	0.00	70.00	35.00	43.00	224.00	66.00	93.00	45.00
	693.94	0.00	35.00	0.00	27.00	35.00	41.00	31.00	0.00	7.00	0.00	65.00	36.00	43.00	217.00	58.00	86.00	45.00
	693.95	0.00	34.00	0.00	26.00	27.00	40.00	30.00	0.00	0.00	0.00	52.00	35.00	43.00	212.00	56.00	85.00	46.00
	693.96	0.00	33.00	0.00	26.00	9.00	40.00	30.00	0.00	0.00	0.00	40.00	33.00	43.00	208.00	54.00	86.00	45.00
	693.97	0.00	35.00	0.00	26.00	8.00	39.00	31.00	0.00	0.00	0.00	40.00	32.00	43.00	203.00	52.00	86.00	46.00
	693.98	0.00	24.00	0.00	25.00	6.00	40.00	31.00	0.00	0.00	0.00	39.00	33.00	43.00	198.00	51.00	86.00	46.00
	693.99	0.00	23.00	0.00	26.00	2.00	39.00	31.00	0.00	0.00	0.00	38.00	34.00	43.00	194.00	51.00	86.00	46.00
	694.00	0.00	23.00	0.00	26.00	2.00	38.00	31.00	0.00	0.00	0.00	38.00	32.00	43.00	189.00	49.00	86.00	46.00
	694.01	0.00	19.00	0.00	26.00	1.00	39.00	31.00	0.00	0.00	0.00	37.00	34.00	43.00	184.00	48.00	86.00	46.00
	694.02	0.00	21.00	8.00	26.00	0.00	40.00	30.00	0.00	0.00	0.00	37.00	35.00	43.00	184.00	48.00	91.00	46.00
	694.03	0.00	19.00	0.00	26.00	0.00	41.00	31.00	0.00	0.00	0.00	37.00	34.00	44.00	186.00	48.00	98.00	46.00
	694.04	0.00	18.00	0.00	25.00	0.00	42.00	31.00	0.00	0.00	0.00	37.00	35.00	44.00	183.00	51.00	103.00	47.00
	694.05	0.00	17.00	0.00	27.00	0.00	41.00	29.00	0.00	0.00	0.00	37.00	40.00	44.00	183.00	52.00	111.00	47.00
	694.05	0.00	19.00	0.00	26.00	0.00	42.00	30.00	0.00	0.00	0.00	37.00	41.00	45.00	188.00	54.00	120.00	51.00
	694.07	0.00	20.00	0.00	25.00	0.00	43.00	30.00	0.00	14.00	0.00	38.00	40.00	46.00	185.00	58.00	138.00	54.00
	694.08	0.00	20.00	0.00	23.00	2.00	40.00	0.00	0.00	26.00	0.00	38.00	42.00	45.00	189.00	65.00	173.00	73.00
	694.08	0.00	20.00	0.00	24.00	4.00	41.00	0.00	0.00	32.00	0.00	38.00	46.00	47.00	198.00	74.00	190.00	114.00
	694.09	0.00	20.00	0.00	24.00	6.00	41.00	0.00	0.00	35.00	7.00	45.00	66.00	47.00	202.00	96.00	205.00	144.00
	694.10	0.00	19.00	0.00	24.00	11.00	40.00	0.00	0.00	42.00	44.00	65.00	97.00	49.00	210.00	124.00	221.00	173.00
	694.11	0.00	21.00	0.00	23.00	1.00	40.00	0.00	0.00	54.00	52.00	80.00	109.00	49.00	215.00	146.00	230.00	199.00
	694.12	0.00	24.00	21.00	23.00	2.00	39.00	0.00	0.00	94.00	55.00	86.00	128.00	49.00	220.00	149.00	238.00	218.00
	694.13	0.00	21.00	23.00	25.00	7.00	40.00	0.00	20.00	138.00	58.00	94.00	149.00	48.00	222.00	174.00	246.00	239.00
	694.14	0.00	22.00	23.00	28.00	8.00	40.00	2.00	28.00	160.00	58.00	99.00	159.00	50.00	224.00	197.00	250.00	239.00
	694.15	0.00	26.00	23.00	37.00	9.00	40.00	0.00	28.00	171.00	60.00	107.00	166.00	50.00	227.00	208.00	253.00	249.00
	694.16	0.00	21.00	25.00	33.00	6.00	40.00	1.00	29.00	168.00	59.00	109.00	170.00	50.00	228.00	208.00	258.00	246.00
	694.17	0.00	25.00	24.00	26.00	5.00	40.00	3.00	28.00	163.00	60.00	113.00	171.00	50.00	229.00	212.00	261.00	237.00
	694.18	0.00	24.00	25.00	27.00	7.00	40.00	31.00	28.00	152.00	59.00	119.00	174.00	50.00	225.00	216.00	262.00	232.00
	694.19	0.00	24.00	25.00	27.00	12.00	40.00	31.00	28.00	158.00	59.00	114.00	174.00	50.00	222.00	217.00	263.00	209.00
	694.20	0.00	25.00	23.00	28.00	12.00	43.00	31.00	29.00	169.00	56.00	103.00	176.00	49.00	218.00	215.00	259.00	195.00
	694.21	0.00	29.00	26.00	38.00	33.00	48.00	30.00	28.00	188.00	48.00	91.00	170.00	49.00	212.00	211.00	251.00	166.00
	694.22	0.00	35.00	29.00	40.00	42.00	79.00	32.00	42.00	221.00	19.00	80.00	157.00	47.00	207.00	187.00	237.00	137.00
	694.23	0.00	40.00	40.00	42.00	108.00	134.00	31.00	109.00	266.00	0.00	49.00	137.00	45.00	203.00	161.00	225.00	120.00
	694.24	0.00	87.00	57.00	43.00	157.00	176.00	36.00	170.00	311.00	0.00	40.00	108.00	44.00	196.00	142.00	212.00	108.00
	694.25	0.00	136.00	71.00	46.00	184.00	199.00	41.00	184.00	336.00	0.00	37.00	82.00	44.00	186.00	110.00	199.00	97.00
	694.26	0.00	162.00	77.00	47.00	202.00	210.00	42.00	191.00	347.00	0.00	36.00	50.00	45.00	178.00	85.00	163.00	57.00
	694.27	0.00	165.00	86.00	48.00	220.00	221.00	44.00	197.00	354.00	0.00	34.00	45.00	44.00	167.00	74.00	126.00	39.00
	694.28	0.00	170.00	93.00	48.00	230.00	227.00	44.00	195.00	337.00	0.00	33.00	43.00	43.00	160.00	59.00	100.00	36.00
	694.29	0.00	169.00	94.00	47.00	232.00	228.00	44.00	179.00	317.00	0.00	33.00	41.00	42.00	153.00	54.00	65.00	35.00
	694.30	0.00	163.00	87.00	46.00	233.00	229.00	45.00	161.00	333.00	0.00	33.00	41.00	40.00	151.00	49.00	61.00	34.00
	694.31	0.00	163.00	86.00	46.00	233.00	229.00	46.00	127.00	338.00	0.00	31.00	41.00	40.00	147.00	48.00	60.00	34.00
	694.32	0.00	171.00	85.00	46.00	234.00	232.00	53.00	103.00	332.00	0.00	30.00	41.00	39.00	142.00	48.00	62.00	35.00
	694.33	0.00	180.00	89.00	48.00	239.00	239.00	76.00	100.00	329.00	0.00	30.00	41.00	39.00	141.00	50.00	65.00	35.00
	694.34	0.00	179.00	90.00	48.00	242.00	244.00	87.00	86.00	324.00	0.00	29.00	41.00	38.00	142.00	50.00	64.00	34.00
	694.35	0.00	176.00	94.00	47.00	242.00	246.00	95.00	81.00	324.00	0.00	29.00	39.00	37.00	131.00	47.00	59.00	34.00
	694.36	0.00	177.00	94.00	47.00	242.00	245.00	86.00	68.00	322.00	0.00	30.00	41.00	38.00	130.00	46.00	48.00	34.00
	694.37	0.00	178.00	94.00	47.00	240.00	240.00	79.00	57.00	314.00	0.00	30.00	40.00	38.00	132.00	45.00	46.00	30.00
	694.38	0.00	175.00	88.00	47.00	237.00	237.00	69.00	50.00	305.00	0.00	31.00	39.00	38.00	135.00	44.00	45.00	31.00
	694.39	0.00	159.00	80.00	46.00	228.00	234.00	59.00	43.00	290.00	0.00	32.00	38.00	37.00	140.00	43.00	44.00	27.00
	694.40	0.00	125.00	74.00	44.00	218.00	226.00	48.00	32.00	277.00	0.00	32.00	38.00	36.00	136.00	43.00	44.00	30.00
	694.41	0.00	89.00	64.00	45.00	210.00	217.00	44.00	28.00	260.00	0.00	32.00	36.00	36.00	133.00	44.00	45.00	33.00
	694.42	0.00	75.00	55.00	46.00	202.00	209.00	42.00	28.00	234.00	0.00	33.00	37.00	36.00	134.00	44.00	44.00	34.00
	694.43	0.00	72.00	39.00	44.00	191.00	201.00	41.00	28.00	218.00	0.00	34.00	35.00	36.00	132.00	43.00	45.00	33.00
	694.44	0.00	69.00	37.00	45.00	179.00	190.00	41.00	28.00	202.00	0.00	34.00	36.00	36.00	132.00	43.00	45.00	34.00
	694.45	0.00	63.00	23.00	44.00	167.00	180.00	41.00	27.00	197.00	0.00	34.00	37.00	36.00	140.00	43.00	45.00	34.00
	694.46	0.00	47.00	23.00	44.00	153.00	174.00	41.00	27.00	189.00	0.00	35.00	33.00	35.00	141.00	43.00	45.00	36.00
	694.47	0.00	45.00	22.00	42.00	146.00	171.00	40.00	27.00	182.00	0.00	35.00	33.00	34.00	143.00	43.00	45.00	35.00
	694.48	0.00	41.00	26.00	43.00	135.00	166.00	42.00	21.00	178.00	0.00	35.00	30.00	34.00	139.00	43.00	45.00	36.00
	694.49	0.00	40.00	27.00	43.00	123.00	168.00	41.00	20.00	169.00	0.00	35.00	29.00	34.00	136.00	43.00	45.00	38.00
	694.50	0.00	39.00	26.00	43.00	115.00	166.00	41.00	21.00	165.00	0.00	35.00	29.00	34.00	133.00	42.00	45.00	38.00
	694.51	0.00	39.00	24.00	43.00	110.00	161.00	41.00	20.00	167.00	0.00	35.00	27.00	34.00	132.00	42.00	45.00	37.00
	694.52	0.00	39.00	24.00	42.00	108.00	158.00	41.00	21.00	164.00	0.00	34.00	26.00	35.00	130.00	42.00	44.00	37.00
	694.53	0.00	38.00	25.00	41.00	98.00	155.00	41.00	20.00	159.00	0.00	34.00	26.00	35.00	131.00	42.00	44.00	38.00
	694.53	0.00	37.00	21.00	42.00	91.00	153.00	41.00	19.00	157.00	0.00	33.00	26.00	33.00	134.00	41.00	45.00	36.00
	694.54	0.00	38.00	21.00	42.00	78.00	149.00	40.00	21.00	156.00	0.00	33.00	28.00	35.00	138.00	42.00	44.00	38.00
	694.55	0.00	36.00	23.00	42.00	77.00	146.00	41.00	21.00	157.00	0.00	31.00	28.00	33.00	140.00	42.00	43.00	38.00
	694.56	0.00	37.00	23.00	41.00	75.00	136.00	41.00	26.00	154.00	0.00	32.00	26.00	32.00	143.00	42.00	43.00	41.00
	694.57	0.00	35.00	20.00	41.00	77.00	134.00	41.00	28.00	152.00	0.00	32.00	28.00	34.00	146.00	42.00	44.00	41.00
	694.58	0.00	37.00	22.00	41.00	83.00	134.00	41.00	27.00	150.00	0.00	32.00	26.00	32.00	145.00	42.00	44.00	38.00
	694.59	0.00	35.00	25.00	41.00	90.00	133.00	41.00	29.00	142.00	0.00	31.00	24.00	33.00	140.00	42.00	44.00	39.00
	694.60	0.00	42.00	22.00	41.00	87.00	130.00	42.00	27.00	138.00	0.00	31.00	26.00	32.00	140.00	42.00	44.00	37.00
	694.61	0.00	42.00	24.00	41.00	90.00	123.00	42.00	29.00	128.00	0.00	31.00	28.00	32.00	120.00	43.00	44.00	38.00
	694.62	0.00	57.00	25.00	42.00	93.00	116.00	42.00	28.00	124.00	0.00	31.00	27.00	32.00	109.00	43.00	44.00	37.00
	694.63	0.00	61.00	28.00	43.00	95.00	112.00	42.00	30.00	113.00	0.00	32.00	29.00	32.00	108.00	45.00	43.00	40.00
	694.64	0.00	64.00	40.00	43.00	101.00	110.00	44.00	33.00	120.00	0.00	32.00	31.00	32.00	112.00	44.00	42.00	41.00
	694.65	0.00	65.00	41.00	43.00	106.00	109.00	55.00	44.00	133.00	0.00	32.00	31.00	31.00	123.00	42.00	42.00	41.00
	694.66	0.00	65.00	51.00	44.00	118.00	116.00	62.00	63.00	150.00	0.00	34.00	32.00	30.00	134.00	42.00	43.00	43.00
	694.67	0.00	67.00	56.00	45.00	121.00	117.00	65.00	73.00	161.00	0.00	34.00	32.00	29.00	135.00	42.00	44.00	44.00
	694.68	0.00	68.00	64.00	46.00	125.00	109.00	70.00	90.00	169.00	0.00	36.00	33.00	29.00	133.00	43.00	44.00	46.00
	694.69	0.00	69.00	67.00	48.00	136.00	111.00	78.00	104.00	180.00	0.00	37.00	34.00	29.00	126.00	43.00	44.00	45.00
	694.70	0.00	70.00	72.00	48.00	145.00	111.00	83.00	117.00	189.00	0.00	36.00	35.00	29.00	122.00	43.00	44.00	46.00
	694.71	0.00	70.00	73.00	55.00	154.00	108.00	88.00	132.00	193.00	0.00	36.00	35.00	30.00	117.00	43.00	44.00	46.00
	694.72	0.00	71.00	79.00	54.00	155.00	108.00	81.00	137.00	202.00	0.00	36.00	36.00	32.00	110.00	43.00	44.00	46.00
	694.73	0.00	69.00	80.00	56.00	157.00	98.00	80.00	139.00	202.00	0.00	36.00	36.00	32.00	110.00	43.00	44.00	46.00
	694.74	0.00	66.00	84.00	57.00	161.00	97.00	78.00	138.00	211.00	0.00	36.00	35.00	32.00	113.00	44.00	45.00	46.00
	694.75	0.00	61.00	81.00	56.00	164.00	95.00	79.00	141.00	209.00	0.00	37.00	38.00	33.00	125.00	49.00	46.00	47.00
	694.76	0.00	44.00	76.00	49.00	165.00	89.00	77.00	139.00	210.00	0.00	46.00	38.00	34.00	143.00	50.00	47.00	64.00
	694.77	0.00	37.00	68.00	48.00	166.00	86.00	67.00	138.00	208.00	0.00	60.00	38.00	34.00	165.00	60.00	50.00	96.00
	694.78	0.00	36.00	59.00	45.00	165.00	85.00	66.00	134.00	201.00	0.00	85.00	40.00	34.00	189.00	85.00	60.00	123.00
	694.79	0.00	36.00	42.00	43.00	162.00	84.00	59.00	127.00	196.00	0.00	130.00	48.00	35.00	207.00	115.00	82.00	134.00
	694.80	0.00	35.00	41.00	42.00	160.00	77.00	45.00	114.00	187.00	0.00	184.00	75.00	36.00	227.00	150.00	99.00	144.00
	694.81	0.00	35.00	27.00	42.00	154.00	73.00	45.00	104.00	178.00	0.00	203.00	142.00	39.00	274.00	178.00	112.00	151.00
	694.82	0.00	35.00	27.00	40.00	142.00	71.00	45.00	97.00	161.00	0.00	225.00	168.00	40.00	299.00	189.00	114.00	166.00
	694.83	0.00	34.00	31.00	41.00	136.00	62.00	44.00	88.00	138.00	0.00	260.00	197.00	41.00	316.00	216.00	129.00	180.00
	694.84	0.00	32.00	23.00	35.00	131.00	55.00	44.00	70.00	99.00	0.00	271.00	211.00	41.00	325.00	238.00	135.00	200.00
	694.85	0.00	31.00	23.00	37.00	123.00	51.00	45.00	48.00	64.00	15.00	287.00	220.00	39.00	325.00	236.00	142.00	197.00
	694.86	0.00	31.00	27.00	36.00	120.00	48.00	43.00	33.00	10.00	66.00	275.00	220.00	39.00	324.00	234.00	148.00	178.00
	694.87	0.00	30.00	0.00	33.00	93.00	44.00	39.00	30.00	9.00	89.00	274.00	215.00	40.00	324.00	237.00	149.00	169.00
	694.88	0.00	30.00	0.00	34.00	64.00	44.00	38.00	30.00	5.00	94.00	266.00	211.00	40.00	329.00	258.00	150.00	178.00
	694.89	0.00	29.00	0.00	32.00	56.00	44.00	37.00	30.00	2.00	99.00	240.00	199.00	42.00	332.00	262.00	155.00	182.00
	694.90	0.00	30.00	0.00	32.00	48.00	45.00	36.00	29.00	0.00	90.00	228.00	189.00	42.00	334.00	262.00	153.00	181.00
	694.91	0.00	32.00	0.00	33.00	50.00	45.00	33.00	29.00	0.00	36.00	228.00	181.00	43.00	335.00	263.00	151.00	179.00
	694.92	0.00	32.00	0.00	33.00	45.00	49.00	32.00	29.00	0.00	17.00	228.00	171.00	44.00	336.00	263.00	151.00	176.00
	694.93	0.00	33.00	0.00	32.00	48.00	49.00	32.00	29.00	0.00	18.00	225.00	161.00	45.00	337.00	263.00	151.00	171.00
	694.94	0.00	33.00	0.00	33.00	41.00	48.00	32.00	28.00	0.00	40.00	218.00	160.00	45.00	336.00	260.00	151.00	168.00
	694.95	0.00	33.00	0.00	32.00	41.00	49.00	32.00	28.00	0.00	39.00	210.00	152.00	44.00	334.00	243.00	149.00	165.00
	694.96	0.00	32.00	0.00	32.00	40.00	47.00	30.00	28.00	0.00	19.00	199.00	126.00	44.00	330.00	230.00	146.00	142.00
	694.97	0.00	33.00	0.00	28.00	36.00	46.00	31.00	26.00	0.00	0.00	182.00	78.00	44.00	322.00	214.00	134.00	115.00
	694.97	0.00	33.00	0.00	28.00	29.00	46.00	32.00	20.00	0.00	0.00	175.00	50.00	44.00	307.00	168.00	124.00	98.00
	694.98	0.00	34.00	0.00	32.00	17.00	46.00	31.00	19.00	0.00	0.00	169.00	44.00	43.00	287.00	136.00	118.00	82.00
	694.99	0.00	33.00	0.00	34.00	13.00	45.00	32.00	19.00	0.00	0.00	159.00	41.00	43.00	250.00	94.00	110.00	56.00
	695.01	0.00	33.00	0.00	33.00	12.00	41.00	31.00	0.00	2.00	0.00	140.00	41.00	43.00	233.00	83.00	97.00	44.00
	695.01	0.00	33.00	0.00	32.00	15.00	41.00	31.00	0.00	0.00	0.00	116.00	40.00	43.00	223.00	68.00	85.00	44.00
	695.02	0.00	34.00	8.00	34.00	18.00	41.00	31.00	0.00	1.00	0.00	92.00	39.00	42.00	215.00	60.00	81.00	43.00
	695.03	0.00	33.00	0.00	32.00	29.00	41.00	31.00	0.00	0.00	0.00	83.00	36.00	41.00	211.00	58.00	65.00	45.00
	695.04	0.00	33.00	0.00	29.00	29.00	41.00	31.00	0.00	8.00	0.00	70.00	38.00	41.00	210.00	56.00	64.00	44.00
	695.05	0.00	35.00	0.00	28.00	28.00	41.00	32.00	0.00	13.00	0.00	63.00	37.00	41.00	209.00	56.00	65.00	43.00
	695.06	0.00	34.00	0.00	28.00	14.00	40.00	31.00	0.00	7.00	0.00	51.00	35.00	42.00	211.00	56.00	78.00	43.00
	695.07	0.00	33.00	0.00	27.00	10.00	40.00	31.00	0.00	0.00	0.00	48.00	35.00	42.00	210.00	56.00	81.00	44.00
	695.08	0.00	33.00	0.00	26.00	9.00	39.00	30.00	0.00	0.00	0.00	41.00	36.00	42.00	209.00	55.00	89.00	45.00
	695.09	0.00	22.00	0.00	26.00	6.00	40.00	31.00	0.00	0.00	0.00	40.00	37.00	43.00	208.00	53.00	94.00	46.00
	695.10	0.00	21.00	0.00	26.00	6.00	40.00	31.00	0.00	0.00	0.00	40.00	37.00	43.00	207.00	53.00	99.00	46.00
	695.11	0.00	23.00	0.00	26.00	6.00	40.00	31.00	0.00	0.00	0.00	40.00	38.00	44.00	204.00	52.00	100.00	46.00
	695.12	0.00	22.00	0.00	26.00	3.00	39.00	31.00	0.00	0.00	0.00	41.00	39.00	44.00	201.00	52.00	100.00	46.00
	695.13	0.00	21.00	0.00	26.00	3.00	40.00	31.00	0.00	0.00	0.00	47.00	39.00	44.00	198.00	52.00	101.00	47.00
	695.14	0.00	23.00	0.00	25.00	3.00	39.00	30.00	0.00	0.00	0.00	45.00	40.00	44.00	196.00	53.00	106.00	47.00
	695.15	0.00	23.00	0.00	26.00	3.00	40.00	31.00	0.00	0.00	0.00	40.00	40.00	45.00	196.00	54.00	108.00	47.00
	695.16	0.00	21.00	0.00	26.00	2.00	39.00	31.00	0.00	0.00	0.00	39.00	41.00	45.00	198.00	55.00	113.00	48.00
	695.16	0.00	20.00	0.00	27.00	0.00	40.00	31.00	0.00	0.00	0.00	39.00	41.00	45.00	200.00	56.00	128.00	49.00
	695.17	0.00	21.00	0.00	26.00	0.00	40.00	31.00	0.00	0.00	0.00	39.00	42.00	46.00	199.00	59.00	136.00	57.00
	695.18	0.00	21.00	0.00	26.00	0.00	41.00	31.00	0.00	0.00	0.00	38.00	43.00	46.00	199.00	60.00	144.00	69.00
	695.19	0.00	21.00	0.00	26.00	0.00	41.00	30.00	0.00	0.00	0.00	38.00	44.00	46.00	200.00	62.00	161.00	86.00
	695.20	0.00	19.00	0.00	25.00	0.00	40.00	30.00	0.00	0.00	0.00	39.00	47.00	46.00	203.00	70.00	175.00	100.00
	695.21	0.00	20.00	0.00	25.00	0.00	40.00	27.00	0.00	0.00	11.00	38.00	51.00	47.00	209.00	77.00	190.00	131.00
	695.22	0.00	22.00	0.00	25.00	0.00	40.00	2.00	0.00	0.00	35.00	39.00	83.00	48.00	208.00	99.00	201.00	147.00
	695.23	0.00	23.00	0.00	24.00	0.00	40.00	0.00	0.00	0.00	52.00	54.00	101.00	49.00	216.00	119.00	214.00	171.00
	695.24	0.00	20.00	0.00	25.00	2.00	39.00	0.00	0.00	2.00	60.00	67.00	125.00	49.00	221.00	143.00	231.00	205.00
	695.25	0.00	21.00	0.00	25.00	5.00	39.00	0.00	0.00	32.00	62.00	76.00	146.00	58.00	227.00	159.00	239.00	230.00
	695.26	0.00	24.00	14.00	27.00	3.00	39.00	0.00	20.00	98.00	70.00	84.00	162.00	72.00	231.00	192.00	247.00	248.00
	695.27	0.00	25.00	21.00	27.00	4.00	40.00	0.00	21.00	152.00	84.00	97.00	166.00	78.00	231.00	201.00	256.00	262.00
	695.28	0.00	22.00	20.00	28.00	5.00	39.00	9.00	27.00	167.00	90.00	105.00	179.00	86.00	227.00	214.00	262.00	264.00
	695.29	0.00	25.00	23.00	28.00	5.00	40.00	7.00	25.00	160.00	93.00	113.00	188.00	86.00	227.00	222.00	264.00	272.00
	695.30	0.00	25.00	16.00	28.00	7.00	39.00	5.00	27.00	153.00	93.00	123.00	190.00	91.00	229.00	225.00	266.00	269.00
	695.31	0.00	23.00	20.00	28.00	7.00	40.00	9.00	27.00	151.00	90.00	137.00	197.00	85.00	227.00	226.00	267.00	269.00
	695.32	0.00	23.00	21.00	28.00	6.00	40.00	8.00	27.00	151.00	84.00	142.00	199.00	86.00	228.00	229.00	268.00	258.00
	695.33	0.00	24.00	23.00	33.00	6.00	40.00	11.00	29.00	151.00	82.00	148.00	200.00	81.00	228.00	230.00	269.00	255.00
	695.34	0.00	23.00	24.00	33.00	11.00	40.00	13.00	28.00	151.00	73.00	149.00	199.00	72.00	226.00	231.00	270.00	252.00
	695.35	0.00	27.00	23.00	37.00	30.00	41.00	30.00	27.00	164.00	61.00	158.00	194.00	50.00	224.00	230.00	269.00	252.00
	695.36	0.00	28.00	27.00	38.00	45.00	46.00	30.00	28.00	185.00	59.00	160.00	185.00	49.00	219.00	228.00	264.00	242.00
	695.37	0.00	35.00	28.00	42.00	84.00	71.00	32.00	44.00	223.00	57.00	159.00	180.00	48.00	215.00	227.00	260.00	214.00
	695.38	0.00	39.00	24.00	44.00	121.00	107.00	32.00	104.00	268.00	54.00	151.00	172.00	48.00	213.00	226.00	253.00	192.00
	695.39	0.00	66.00	40.00	43.00	150.00	144.00	32.00	171.00	303.00	53.00	140.00	172.00	47.00	209.00	224.00	250.00	185.00
	695.40	0.00	74.00	45.00	44.00	164.00	165.00	37.00	192.00	317.00	52.00	110.00	164.00	47.00	210.00	224.00	242.00	176.00
	695.41	0.00	81.00	51.00	45.00	170.00	175.00	38.00	193.00	328.00	50.00	95.00	152.00	46.00	206.00	217.00	227.00	162.00
	695.42	0.00	91.00	70.00	46.00	189.00	185.00	34.00	197.00	327.00	27.00	78.00	123.00	45.00	200.00	191.00	207.00	132.00
	695.43	0.00	110.00	73.00	45.00	196.00	193.00	34.00	202.00	328.00	0.00	41.00	75.00	44.00	189.00	146.00	168.00	83.00
	695.44	0.00	116.00	69.00	45.00	202.00	195.00	38.00	203.00	326.00	0.00	37.00	50.00	42.00	162.00	81.00	123.00	40.00
	695.45	0.00	118.00	63.00	45.00	207.00	196.00	41.00	191.00	325.00	0.00	35.00	42.00	42.00	154.00	59.00	67.00	37.00
	695.46	0.00	121.00	65.00	46.00	212.00	204.00	41.00	163.00	320.00	0.00	34.00	42.00	40.00	151.00	50.00	54.00	35.00
	695.47	0.00	123.00	68.00	46.00	217.00	214.00	45.00	121.00	312.00	0.00	32.00	40.00	38.00	149.00	47.00	53.00	35.00
	695.48	0.00	123.00	73.00	45.00	218.00	219.00	46.00	91.00	307.00	0.00	30.00	41.00	39.00	148.00	47.00	58.00	35.00
	695.49	0.00	123.00	73.00	46.00	219.00	220.00	47.00	68.00	309.00	0.00	27.00	40.00	39.00	149.00	49.00	74.00	36.00
	695.50	0.00	113.00	75.00	46.00	217.00	221.00	48.00	59.00	301.00	0.00	27.00	39.00	39.00	147.00	50.00	77.00	38.00
	695.51	0.00	105.00	72.00	45.00	212.00	220.00	47.00	45.00	289.00	0.00	27.00	41.00	37.00	147.00	49.00	75.00	37.00
	695.52	0.00	97.00	62.00	46.00	206.00	216.00	45.00	37.00	264.00	0.00	29.00	39.00	40.00	132.00	48.00	62.00	37.00
	695.53	0.00	89.00	49.00	46.00	198.00	208.00	43.00	29.00	256.00	0.00	29.00	39.00	39.00	132.00	44.00	52.00	37.00
	695.54	0.00	75.00	40.00	44.00	191.00	201.00	43.00	29.00	248.00	0.00	30.00	40.00	38.00	128.00	44.00	46.00	35.00
	695.55	0.00	70.00	37.00	44.00	179.00	187.00	42.00	29.00	245.00	0.00	30.00	38.00	39.00	127.00	43.00	45.00	31.00
	695.56	0.00	64.00	26.00	43.00	169.00	167.00	42.00	29.00	232.00	0.00	31.00	37.00	38.00	126.00	42.00	44.00	31.00
	695.57	0.00	44.00	29.00	43.00	152.00	153.00	41.00	28.00	224.00	0.00	32.00	36.00	37.00	124.00	42.00	45.00	32.00
	695.58	0.00	37.00	26.00	41.00	142.00	136.00	41.00	28.00	213.00	0.00	33.00	38.00	37.00	123.00	43.00	45.00	33.00
	695.59	0.00	37.00	21.00	41.00	130.00	115.00	42.00	27.00	206.00	0.00	33.00	37.00	36.00	114.00	43.00	44.00	35.00
	695.60	0.00	36.00	14.00	42.00	125.00	98.00	38.00	21.00	194.00	0.00	35.00	36.00	36.00	117.00	43.00	42.00	34.00
	695.60	0.00	34.00	20.00	41.00	118.00	92.00	38.00	20.00	184.00	0.00	35.00	33.00	35.00	118.00	43.00	41.00	37.00
	695.61	0.00	36.00	18.00	42.00	101.00	86.00	38.00	19.00	171.00	0.00	36.00	32.00	34.00	119.00	43.00	42.00	40.00
	695.62	0.00	34.00	22.00	41.00	78.00	79.00	38.00	16.00	157.00	0.00	36.00	32.00	35.00	125.00	43.00	42.00	42.00
	695.63	0.00	36.00	18.00	38.00	61.00	75.00	38.00	0.00	148.00	0.00	36.00	30.00	35.00	127.00	43.00	42.00	43.00
	695.64	0.00	36.00	19.00	37.00	59.00	65.00	38.00	0.00	131.00	0.00	35.00	31.00	34.00	128.00	43.00	40.00	43.00
	695.65	0.00	35.00	11.00	38.00	58.00	58.00	38.00	0.00	115.00	0.00	35.00	29.00	34.00	127.00	43.00	40.00	42.00
	695.66	0.00	35.00	19.00	39.00	59.00	53.00	37.00	0.00	96.00	0.00	34.00	28.00	34.00	125.00	42.00	42.00	40.00
	695.67	0.00	35.00	5.00	39.00	58.00	52.00	38.00	0.00	81.00	0.00	34.00	28.00	34.00	118.00	42.00	41.00	40.00
	695.68	0.00	35.00	2.00	39.00	58.00	52.00	38.00	0.00	67.00	0.00	34.00	30.00	33.00	109.00	42.00	42.00	38.00
	695.69	0.00	35.00	1.00	37.00	52.00	51.00	38.00	0.00	61.00	0.00	33.00	28.00	34.00	108.00	42.00	42.00	39.00
	695.70	0.00	35.00	0.00	35.00	48.00	50.00	38.00	0.00	63.00	0.00	33.00	29.00	34.00	107.00	42.00	42.00	39.00
	695.71	0.00	35.00	1.00	37.00	49.00	47.00	37.00	20.00	61.00	0.00	32.00	29.00	34.00	107.00	42.00	42.00	38.00
	695.72	0.00	35.00	2.00	35.00	50.00	43.00	37.00	20.00	53.00	0.00	30.00	29.00	35.00	109.00	42.00	42.00	39.00
	695.73	0.00	35.00	4.00	40.00	50.00	42.00	39.00	26.00	50.00	0.00	30.00	28.00	34.00	111.00	42.00	42.00	38.00
	695.74	0.00	35.00	13.00	39.00	53.00	43.00	38.00	21.00	46.00	0.00	28.00	29.00	34.00	127.00	42.00	42.00	39.00
	695.75	0.00	35.00	18.00	40.00	51.00	42.00	41.00	28.00	40.00	0.00	30.00	28.00	34.00	135.00	43.00	42.00	39.00
	695.76	0.00	35.00	15.00	40.00	50.00	44.00	42.00	29.00	33.00	0.00	30.00	29.00	32.00	141.00	43.00	40.00	39.00
	695.77	0.00	35.00	16.00	41.00	55.00	44.00	42.00	29.00	36.00	0.00	30.00	29.00	30.00	143.00	43.00	42.00	40.00
	695.78	0.00	35.00	23.00	41.00	65.00	48.00	42.00	30.00	42.00	0.00	30.00	31.00	32.00	135.00	43.00	41.00	40.00
	695.79	0.00	35.00	22.00	41.00	73.00	50.00	42.00	30.00	44.00	0.00	30.00	31.00	32.00	123.00	43.00	42.00	40.00
	695.80	0.00	36.00	24.00	43.00	91.00	50.00	43.00	31.00	58.00	0.00	30.00	32.00	32.00	120.00	43.00	41.00	40.00
	695.80	0.00	36.00	26.00	44.00	98.00	52.00	44.00	38.00	53.00	0.00	30.00	31.00	31.00	114.00	43.00	42.00	43.00
	695.82	0.00	36.00	24.00	45.00	107.00	64.00	45.00	48.00	62.00	0.00	31.00	32.00	30.00	117.00	43.00	44.00	44.00
	695.83	0.00	36.00	36.00	46.00	117.00	69.00	52.00	54.00	68.00	0.00	33.00	32.00	28.00	118.00	43.00	45.00	44.00
	695.84	0.00	36.00	41.00	46.00	121.00	76.00	62.00	67.00	86.00	0.00	34.00	31.00	27.00	122.00	43.00	45.00	45.00
	695.84	0.00	36.00	51.00	47.00	130.00	75.00	71.00	74.00	98.00	0.00	35.00	31.00	29.00	114.00	42.00	45.00	47.00
	695.85	0.00	36.00	67.00	47.00	138.00	77.00	81.00	84.00	125.00	0.00	34.00	32.00	29.00	112.00	42.00	44.00	46.00
	695.86	0.00	39.00	74.00	58.00	147.00	91.00	90.00	97.00	141.00	0.00	35.00	33.00	29.00	112.00	42.00	44.00	46.00
	695.87	0.00	42.00	84.00	66.00	157.00	106.00	103.00	110.00	155.00	0.00	35.00	32.00	30.00	111.00	42.00	44.00	47.00
	695.88	0.00	64.00	86.00	67.00	159.00	114.00	104.00	122.00	177.00	0.00	35.00	34.00	30.00	112.00	42.00	44.00	47.00
	695.89	0.00	64.00	88.00	69.00	169.00	115.00	106.00	136.00	194.00	0.00	35.00	35.00	30.00	119.00	42.00	44.00	47.00
	695.90	0.00	66.00	93.00	69.00	173.00	121.00	104.00	141.00	203.00	0.00	35.00	35.00	31.00	122.00	42.00	45.00	47.00
	695.91	0.00	67.00	96.00	67.00	177.00	124.00	100.00	147.00	214.00	0.00	35.00	35.00	31.00	125.00	42.00	45.00	48.00
	695.92	0.00	66.00	92.00	68.00	177.00	126.00	98.00	149.00	221.00	0.00	35.00	38.00	30.00	127.00	44.00	44.00	48.00
	695.93	0.00	63.00	84.00	66.00	177.00	116.00	95.00	149.00	214.00	0.00	37.00	38.00	30.00	135.00	46.00	46.00	55.00
	695.94	0.00	44.00	85.00	64.00	175.00	94.00	87.00	148.00	209.00	0.00	48.00	38.00	29.00	150.00	50.00	48.00	82.00
	695.95	0.00	40.00	78.00	57.00	169.00	85.00	72.00	140.00	210.00	0.00	82.00	41.00	33.00	182.00	78.00	64.00	113.00
	695.96	0.00	35.00	73.00	44.00	170.00	76.00	57.00	135.00	202.00	0.00	133.00	48.00	36.00	213.00	129.00	93.00	131.00
	695.97	0.00	35.00	65.00	46.00	166.00	76.00	44.00	124.00	193.00	0.00	186.00	81.00	36.00	232.00	152.00	108.00	138.00
	695.98	0.00	36.00	46.00	44.00	164.00	73.00	44.00	115.00	182.00	0.00	201.00	134.00	39.00	267.00	154.00	113.00	142.00
	695.99	0.00	36.00	36.00	42.00	147.00	65.00	44.00	102.00	171.00	0.00	221.00	159.00	41.00	292.00	180.00	113.00	156.00
	696.00	0.00	35.00	25.00	42.00	134.00	54.00	44.00	89.00	158.00	0.00	262.00	206.00	41.00	315.00	217.00	132.00	189.00
	696.01	0.00	34.00	26.00	38.00	126.00	49.00	44.00	69.00	119.00	0.00	280.00	216.00	41.00	324.00	229.00	147.00	197.00
	696.02	0.00	32.00	28.00	37.00	120.00	48.00	44.00	44.00	78.00	0.00	272.00	210.00	39.00	323.00	228.00	154.00	184.00
	696.03	0.00	32.00	25.00	34.00	112.00	43.00	42.00	32.00	33.00	37.00	270.00	211.00	38.00	320.00	228.00	156.00	178.00
	696.04	0.00	32.00	0.00	33.00	89.00	42.00	37.00	29.00	10.00	55.00	266.00	187.00	40.00	320.00	232.00	153.00	180.00
	696.05	0.00	31.00	0.00	32.00	70.00	43.00	33.00	30.00	10.00	82.00	252.00	193.00	41.00	325.00	251.00	154.00	184.00
	696.06	0.00	32.00	0.00	32.00	60.00	44.00	32.00	30.00	9.00	94.00	230.00	197.00	42.00	334.00	265.00	163.00	187.00
	696.07	0.00	32.00	0.00	34.00	52.00	49.00	33.00	30.00	9.00	100.00	207.00	194.00	43.00	334.00	269.00	169.00	187.00
	696.08	0.00	33.00	0.00	33.00	48.00	48.00	33.00	30.00	9.00	74.00	205.00	173.00	44.00	335.00	267.00	159.00	180.00
	696.09	0.00	32.00	0.00	34.00	47.00	52.00	32.00	30.00	6.00	18.00	202.00	146.00	45.00	336.00	263.00	156.00	174.00
	696.10	0.00	34.00	2.00	33.00	47.00	51.00	32.00	29.00	5.00	19.00	189.00	116.00	46.00	336.00	254.00	155.00	172.00
	696.11	0.00	34.00	0.00	34.00	48.00	49.00	32.00	29.00	5.00	19.00	176.00	94.00	47.00	331.00	237.00	151.00	163.00
	696.12	0.00	34.00	0.00	34.00	48.00	49.00	33.00	29.00	5.00	18.00	165.00	75.00	46.00	327.00	228.00	144.00	148.00
	696.13	0.00	34.00	0.00	32.00	47.00	49.00	33.00	29.00	2.00	0.00	156.00	52.00	45.00	317.00	214.00	135.00	110.00
	696.14	0.00	34.00	0.00	32.00	49.00	49.00	33.00	28.00	0.00	0.00	148.00	48.00	44.00	301.00	169.00	128.00	91.00
	696.15	0.00	34.00	0.00	32.00	47.00	48.00	34.00	22.00	0.00	0.00	128.00	41.00	43.00	278.00	131.00	118.00	72.00
	696.16	0.00	33.00	0.00	33.00	47.00	49.00	33.00	21.00	0.00	0.00	114.00	42.00	43.00	246.00	97.00	113.00	48.00
	696.17	0.00	34.00	0.00	34.00	48.00	49.00	33.00	19.00	0.00	0.00	104.00	41.00	43.00	233.00	86.00	107.00	45.00
	696.18	0.00	34.00	9.00	33.00	49.00	48.00	33.00	19.00	1.00	0.00	92.00	38.00	40.00	224.00	75.00	100.00	44.00
	696.19	0.00	34.00	13.00	33.00	49.00	48.00	33.00	18.00	2.00	0.00	74.00	37.00	41.00	214.00	67.00	86.00	43.00
	696.20	0.00	35.00	22.00	32.00	49.00	47.00	33.00	0.00	1.00	0.00	65.00	36.00	41.00	209.00	60.00	83.00	43.00
	696.21	0.00	35.00	14.00	29.00	48.00	46.00	34.00	0.00	10.00	0.00	41.00	36.00	41.00	205.00	57.00	66.00	44.00
	696.22	0.00	35.00	25.00	27.00	49.00	46.00	34.00	0.00	16.00	0.00	39.00	35.00	41.00	200.00	53.00	64.00	45.00
	696.22	0.00	35.00	9.00	28.00	49.00	42.00	34.00	0.00	19.00	0.00	37.00	33.00	39.00	199.00	52.00	63.00	43.00
	696.23	0.00	35.00	1.00	27.00	46.00	42.00	33.00	0.00	12.00	0.00	38.00	32.00	40.00	191.00	52.00	62.00	43.00
	696.25	0.00	35.00	0.00	27.00	47.00	41.00	34.00	0.00	15.00	0.00	37.00	32.00	39.00	181.00	51.00	61.00	42.00
	696.25	0.00	34.00	0.00	27.00	38.00	41.00	34.00	0.00	5.00	0.00	37.00	34.00	40.00	175.00	51.00	61.00	42.00
	696.26	0.00	34.00	9.00	26.00	33.00	41.00	33.00	0.00	1.00	0.00	37.00	32.00	41.00	169.00	48.00	60.00	42.00
	696.27	0.00	24.00	13.00	32.00	23.00	41.00	34.00	0.00	0.00	0.00	37.00	33.00	41.00	165.00	48.00	57.00	42.00
	696.28	0.00	24.00	22.00	33.00	21.00	40.00	34.00	0.00	0.00	0.00	37.00	36.00	41.00	163.00	47.00	58.00	41.00
	696.29	0.00	24.00	20.00	33.00	19.00	41.00	34.00	0.00	0.00	0.00	38.00	36.00	41.00	161.00	46.00	58.00	40.00
	696.30	0.00	24.00	19.00	36.00	21.00	42.00	34.00	0.00	3.00	0.00	38.00	35.00	41.00	159.00	46.00	57.00	40.00
	696.31	0.00	23.00	19.00	35.00	14.00	43.00	34.00	0.00	14.00	0.00	38.00	37.00	41.00	160.00	47.00	60.00	42.00
	696.32	0.00	22.00	21.00	35.00	15.00	43.00	34.00	0.00	26.00	0.00	37.00	38.00	41.00	162.00	47.00	61.00	43.00
	696.33	0.00	22.00	12.00	32.00	14.00	44.00	34.00	0.00	20.00	0.00	38.00	38.00	41.00	164.00	47.00	63.00	43.00
	696.34	0.00	23.00	16.00	32.00	13.00	45.00	33.00	0.00	28.00	0.00	37.00	39.00	42.00	165.00	48.00	76.00	45.00
	696.35	0.00	23.00	19.00	26.00	10.00	47.00	33.00	0.00	32.00	0.00	38.00	39.00	42.00	162.00	48.00	79.00	44.00
	696.36	0.00	23.00	2.00	26.00	5.00	47.00	33.00	0.00	25.00	0.00	38.00	39.00	42.00	162.00	48.00	96.00	45.00
	696.37	0.00	21.00	0.00	27.00	1.00	45.00	33.00	0.00	2.00	0.00	37.00	39.00	42.00	163.00	49.00	101.00	46.00
	696.38	0.00	21.00	0.00	27.00	2.00	43.00	32.00	0.00	0.00	0.00	38.00	39.00	43.00	164.00	51.00	104.00	46.00
	696.39	0.00	22.00	0.00	27.00	1.00	41.00	31.00	0.00	0.00	0.00	37.00	39.00	44.00	163.00	53.00	114.00	51.00
	696.40	0.00	18.00	0.00	28.00	0.00	40.00	1.00	0.00	0.00	0.00	37.00	41.00	44.00	170.00	57.00	129.00	73.00
	696.41	0.00	18.00	0.00	27.00	0.00	40.00	9.00	0.00	0.00	0.00	38.00	43.00	45.00	181.00	63.00	147.00	96.00
	696.41	0.00	18.00	0.00	26.00	0.00	40.00	9.00	0.00	0.00	0.00	38.00	44.00	45.00	186.00	65.00	176.00	118.00
	696.42	0.00	18.00	0.00	26.00	1.00	40.00	32.00	0.00	0.00	0.00	38.00	48.00	46.00	193.00	75.00	191.00	131.00
	696.43	0.00	18.00	17.00	27.00	1.00	40.00	32.00	19.00	23.00	0.00	38.00	62.00	47.00	200.00	82.00	202.00	154.00
	696.44	0.00	19.00	19.00	27.00	4.00	44.00	32.00	19.00	45.00	0.00	39.00	68.00	47.00	204.00	85.00	210.00	169.00
	696.45	0.00	23.00	15.00	34.00	7.00	45.00	33.00	22.00	59.00	0.00	39.00	75.00	48.00	205.00	100.00	215.00	166.00
	696.46	0.00	20.00	15.00	28.00	15.00	48.00	32.00	21.00	56.00	0.00	38.00	81.00	48.00	209.00	107.00	220.00	167.00
	696.47	0.00	24.00	21.00	34.00	33.00	51.00	32.00	27.00	63.00	0.00	38.00	86.00	48.00	208.00	110.00	221.00	155.00
	696.48	0.00	21.00	23.00	34.00	43.00	57.00	32.00	22.00	82.00	13.00	38.00	87.00	47.00	205.00	110.00	220.00	148.00
	696.49	0.00	34.00	23.00	37.00	45.00	68.00	32.00	21.00	118.00	5.00	37.00	85.00	46.00	202.00	98.00	217.00	135.00
	696.50	0.00	34.00	29.00	41.00	48.00	79.00	33.00	20.00	160.00	0.00	36.00	86.00	46.00	197.00	88.00	214.00	127.00
	696.51	0.00	36.00	31.00	42.00	65.00	90.00	37.00	27.00	172.00	0.00	36.00	83.00	45.00	196.00	83.00	208.00	120.00
	696.52	0.00	37.00	27.00	45.00	111.00	110.00	36.00	29.00	209.00	0.00	35.00	71.00	44.00	191.00	66.00	199.00	115.00
	696.53	0.00	41.00	35.00	44.00	141.00	135.00	37.00	30.00	232.00	0.00	35.00	49.00	44.00	186.00	63.00	179.00	99.00
	696.54	0.00	60.00	41.00	44.00	158.00	150.00	38.00	45.00	256.00	0.00	34.00	44.00	41.00	172.00	59.00	148.00	70.00
	696.55	0.00	67.00	45.00	45.00	165.00	162.00	41.00	62.00	279.00	0.00	34.00	43.00	41.00	157.00	52.00	128.00	49.00
	696.56	0.00	71.00	43.00	46.00	170.00	174.00	41.00	71.00	287.00	0.00	33.00	43.00	38.00	145.00	49.00	112.00	43.00
	696.57	0.00	76.00	59.00	46.00	176.00	195.00	42.00	72.00	302.00	0.00	31.00	42.00	39.00	139.00	48.00	90.00	42.00
	696.58	0.00	80.00	67.00	48.00	190.00	200.00	42.00	80.00	309.00	0.00	30.00	41.00	39.00	123.00	46.00	76.00	41.00
	696.59	0.00	92.00	65.00	48.00	193.00	202.00	42.00	64.00	308.00	0.00	31.00	40.00	38.00	121.00	44.00	57.00	42.00
	696.60	0.00	92.00	59.00	46.00	194.00	198.00	43.00	52.00	288.00	0.00	31.00	39.00	38.00	115.00	43.00	49.00	39.00
	696.61	0.00	86.00	44.00	45.00	195.00	194.00	42.00	41.00	273.00	0.00	30.00	38.00	38.00	116.00	43.00	48.00	38.00
	696.62	0.00	82.00	44.00	46.00	194.00	190.00	43.00	30.00	266.00	0.00	29.00	40.00	38.00	115.00	42.00	48.00	38.00
	696.63	0.00	79.00	42.00	46.00	193.00	185.00	42.00	29.00	255.00	0.00	29.00	38.00	39.00	114.00	41.00	48.00	38.00
	696.64	0.00	79.00	43.00	45.00	191.00	181.00	43.00	29.00	251.00	0.00	29.00	38.00	39.00	115.00	42.00	48.00	38.00
	696.65	0.00	79.00	43.00	46.00	187.00	175.00	42.00	29.00	242.00	0.00	29.00	38.00	39.00	112.00	43.00	48.00	37.00
	696.66	0.00	79.00	39.00	47.00	183.00	172.00	43.00	29.00	239.00	0.00	29.00	38.00	38.00	112.00	44.00	46.00	38.00
	696.67	0.00	77.00	38.00	47.00	180.00	170.00	42.00	29.00	241.00	0.00	30.00	38.00	39.00	110.00	44.00	46.00	38.00
	696.68	0.00	76.00	40.00	47.00	176.00	168.00	42.00	29.00	249.00	0.00	31.00	36.00	38.00	108.00	43.00	46.00	35.00
	696.69	0.00	76.00	35.00	47.00	174.00	168.00	43.00	29.00	244.00	0.00	32.00	36.00	37.00	109.00	42.00	45.00	34.00
	696.70	0.00	75.00	30.00	46.00	166.00	163.00	43.00	29.00	226.00	0.00	32.00	37.00	36.00	110.00	42.00	44.00	35.00
	696.71	0.00	71.00	27.00	47.00	162.00	150.00	42.00	28.00	215.00	0.00	32.00	37.00	37.00	110.00	42.00	44.00	34.00
	696.72	0.00	65.00	26.00	45.00	150.00	145.00	42.00	28.00	204.00	0.00	33.00	34.00	36.00	110.00	42.00	44.00	34.00
	696.73	0.00	44.00	26.00	45.00	143.00	121.00	42.00	27.00	195.00	0.00	33.00	33.00	35.00	110.00	42.00	44.00	33.00
	696.74	0.00	44.00	25.00	44.00	136.00	115.00	42.00	27.00	193.00	0.00	34.00	35.00	35.00	111.00	42.00	43.00	34.00
	696.75	0.00	37.00	23.00	45.00	127.00	100.00	42.00	26.00	192.00	0.00	34.00	33.00	35.00	117.00	42.00	44.00	32.00
	696.76	0.00	37.00	25.00	44.00	118.00	96.00	42.00	26.00	187.00	0.00	34.00	32.00	35.00	121.00	42.00	44.00	35.00
	696.77	0.00	37.00	22.00	44.00	106.00	92.00	43.00	21.00	188.00	0.00	35.00	32.00	35.00	125.00	42.00	45.00	36.00
	696.78	0.00	37.00	19.00	44.00	97.00	87.00	42.00	21.00	188.00	0.00	35.00	29.00	35.00	125.00	42.00	45.00	35.00
	696.78	0.00	37.00	21.00	42.00	86.00	83.00	43.00	19.00	188.00	0.00	35.00	29.00	35.00	126.00	42.00	45.00	36.00
	696.79	0.00	37.00	21.00	43.00	74.00	81.00	41.00	19.00	187.00	0.00	35.00	28.00	35.00	125.00	42.00	45.00	36.00
	696.80	0.00	37.00	21.00	42.00	69.00	79.00	41.00	20.00	179.00	0.00	35.00	31.00	34.00	125.00	42.00	44.00	34.00
	696.81	0.00	37.00	23.00	42.00	71.00	78.00	41.00	19.00	171.00	0.00	35.00	27.00	34.00	126.00	42.00	44.00	34.00
	696.82	0.00	37.00	17.00	43.00	68.00	76.00	41.00	20.00	167.00	0.00	34.00	28.00	35.00	127.00	41.00	45.00	34.00
	696.83	0.00	37.00	18.00	41.00	66.00	76.00	41.00	18.00	167.00	0.00	34.00	28.00	35.00	128.00	42.00	44.00	34.00
	696.84	0.00	37.00	18.00	41.00	63.00	75.00	41.00	19.00	162.00	0.00	34.00	28.00	34.00	128.00	42.00	45.00	34.00
	696.85	0.00	37.00	19.00	41.00	60.00	73.00	41.00	19.00	160.00	0.00	34.00	27.00	34.00	128.00	42.00	44.00	33.00
	696.86	0.00	37.00	18.00	42.00	60.00	70.00	41.00	18.00	159.00	0.00	33.00	27.00	34.00	131.00	42.00	44.00	35.00
	696.87	0.00	37.00	18.00	41.00	61.00	68.00	41.00	19.00	155.00	0.00	32.00	29.00	34.00	133.00	42.00	45.00	34.00
	696.88	0.00	37.00	20.00	41.00	65.00	66.00	42.00	19.00	148.00	0.00	32.00	28.00	34.00	136.00	43.00	45.00	34.00
	696.89	0.00	37.00	19.00	42.00	69.00	64.00	41.00	20.00	150.00	0.00	31.00	28.00	34.00	138.00	42.00	45.00	33.00
	696.90	0.00	37.00	20.00	43.00	71.00	62.00	41.00	26.00	150.00	0.00	31.00	29.00	33.00	146.00	43.00	44.00	33.00
	696.91	0.00	37.00	22.00	42.00	73.00	63.00	41.00	27.00	148.00	0.00	31.00	29.00	33.00	146.00	43.00	44.00	34.00
	696.92	0.00	37.00	22.00	42.00	72.00	65.00	41.00	27.00	154.00	0.00	31.00	29.00	32.00	143.00	42.00	44.00	32.00
	696.93	0.00	36.00	20.00	42.00	86.00	64.00	42.00	27.00	154.00	0.00	32.00	30.00	32.00	144.00	43.00	44.00	34.00
	696.94	0.00	36.00	20.00	43.00	91.00	66.00	42.00	28.00	155.00	0.00	32.00	31.00	32.00	138.00	43.00	45.00	34.00
	696.95	0.00	40.00	20.00	43.00	93.00	68.00	42.00	28.00	153.00	0.00	32.00	31.00	31.00	140.00	42.00	45.00	35.00
	696.96	0.00	40.00	23.00	45.00	96.00	68.00	42.00	29.00	159.00	0.00	33.00	32.00	30.00	142.00	42.00	45.00	35.00
	696.97	0.00	42.00	23.00	44.00	101.00	68.00	43.00	28.00	163.00	0.00	33.00	33.00	32.00	143.00	42.00	44.00	35.00
	696.98	0.00	42.00	24.00	44.00	103.00	73.00	44.00	28.00	154.00	0.00	33.00	30.00	30.00	143.00	42.00	44.00	34.00
	696.99	0.00	41.00	23.00	45.00	108.00	68.00	43.00	29.00	161.00	0.00	34.00	30.00	31.00	140.00	42.00	43.00	37.00
	697.00	0.00	42.00	24.00	45.00	112.00	67.00	44.00	28.00	156.00	0.00	33.00	30.00	30.00	138.00	42.00	44.00	38.00
	697.01	0.00	43.00	24.00	46.00	109.00	68.00	43.00	29.00	149.00	0.00	33.00	30.00	31.00	135.00	42.00	44.00	38.00
	697.02	0.00	43.00	23.00	46.00	110.00	69.00	43.00	30.00	142.00	0.00	33.00	30.00	31.00	132.00	41.00	44.00	37.00
	697.03	0.00	43.00	25.00	46.00	112.00	73.00	43.00	30.00	138.00	0.00	33.00	31.00	30.00	129.00	42.00	43.00	37.00
	697.03	0.00	43.00	24.00	46.00	111.00	81.00	42.00	31.00	136.00	0.00	33.00	31.00	31.00	129.00	42.00	44.00	37.00
	697.05	0.00	43.00	23.00	48.00	111.00	78.00	43.00	30.00	137.00	0.00	33.00	31.00	31.00	130.00	42.00	44.00	37.00
	697.05	0.00	42.00	23.00	47.00	113.00	76.00	44.00	32.00	135.00	0.00	33.00	32.00	31.00	131.00	42.00	45.00	37.00
	697.07	0.00	41.00	26.00	48.00	113.00	78.00	44.00	34.00	131.00	0.00	34.00	33.00	31.00	132.00	43.00	44.00	39.00
	697.07	0.00	39.00	32.00	47.00	117.00	75.00	44.00	36.00	133.00	0.00	34.00	31.00	31.00	133.00	42.00	46.00	40.00
	697.08	0.00	36.00	35.00	47.00	119.00	77.00	44.00	39.00	130.00	0.00	34.00	31.00	32.00	134.00	42.00	46.00	41.00
	697.09	0.00	36.00	39.00	47.00	119.00	79.00	43.00	44.00	125.00	0.00	34.00	32.00	32.00	136.00	42.00	46.00	43.00
	697.10	0.00	36.00	40.00	47.00	121.00	81.00	45.00	48.00	127.00	0.00	35.00	32.00	32.00	137.00	42.00	46.00	43.00
	697.11	0.00	36.00	38.00	46.00	122.00	80.00	46.00	50.00	129.00	0.00	35.00	35.00	33.00	141.00	42.00	46.00	44.00
	697.12	0.00	36.00	37.00	48.00	123.00	80.00	47.00	54.00	137.00	0.00	36.00	32.00	34.00	146.00	43.00	47.00	46.00
	697.13	0.00	36.00	34.00	48.00	123.00	79.00	46.00	60.00	141.00	0.00	36.00	35.00	35.00	168.00	44.00	47.00	48.00
	697.14	0.00	36.00	34.00	48.00	125.00	78.00	46.00	62.00	148.00	0.00	39.00	35.00	36.00	191.00	47.00	47.00	77.00
	697.15	0.00	36.00	35.00	48.00	125.00	79.00	46.00	65.00	150.00	0.00	54.00	38.00	37.00	218.00	54.00	59.00	113.00
	697.16	0.00	36.00	37.00	47.00	124.00	83.00	45.00	66.00	155.00	0.00	75.00	42.00	39.00	230.00	64.00	78.00	130.00
	697.17	0.00	36.00	39.00	46.00	126.00	83.00	45.00	71.00	157.00	0.00	89.00	44.00	39.00	257.00	75.00	89.00	140.00
	697.18	0.00	36.00	46.00	44.00	126.00	84.00	45.00	75.00	161.00	0.00	113.00	49.00	41.00	282.00	113.00	108.00	147.00
	697.19	0.00	36.00	47.00	45.00	128.00	85.00	45.00	79.00	165.00	0.00	140.00	61.00	42.00	298.00	148.00	123.00	171.00
	697.20	0.00	35.00	50.00	44.00	124.00	89.00	44.00	75.00	155.00	0.00	160.00	76.00	42.00	306.00	186.00	140.00	182.00
	697.21	0.00	35.00	47.00	43.00	126.00	90.00	44.00	69.00	132.00	0.00	171.00	87.00	42.00	312.00	199.00	148.00	175.00
	697.22	0.00	35.00	32.00	44.00	124.00	89.00	45.00	47.00	114.00	4.00	176.00	94.00	42.00	314.00	208.00	153.00	183.00
	697.23	0.00	35.00	31.00	43.00	117.00	90.00	43.00	37.00	70.00	17.00	176.00	94.00	42.00	318.00	218.00	160.00	183.00
	697.24	0.00	34.00	27.00	39.00	86.00	83.00	40.00	30.00	21.00	29.00	171.00	94.00	43.00	317.00	220.00	165.00	184.00
	697.25	0.00	33.00	27.00	37.00	59.00	77.00	39.00	30.00	2.00	33.00	166.00	81.00	43.00	316.00	223.00	168.00	179.00
	697.26	0.00	34.00	24.00	34.00	44.00	71.00	36.00	28.00	3.00	27.00	164.00	68.00	44.00	317.00	220.00	163.00	178.00
	697.27	0.00	33.00	24.00	34.00	43.00	65.00	32.00	29.00	3.00	0.00	162.00	51.00	45.00	318.00	211.00	156.00	178.00
	697.28	0.00	33.00	16.00	33.00	44.00	56.00	33.00	29.00	1.00	0.00	160.00	51.00	44.00	318.00	196.00	153.00	173.00
	697.29	0.00	33.00	2.00	32.00	43.00	51.00	31.00	29.00	0.00	0.00	158.00	44.00	45.00	317.00	174.00	151.00	173.00
	697.30	0.00	33.00	0.00	33.00	41.00	51.00	31.00	29.00	0.00	0.00	152.00	43.00	44.00	315.00	160.00	148.00	173.00
	697.31	0.00	34.00	1.00	35.00	41.00	51.00	32.00	29.00	0.00	0.00	136.00	41.00	45.00	309.00	142.00	147.00	170.00
	697.32	0.00	33.00	1.00	35.00	43.00	52.00	32.00	29.00	0.00	0.00	124.00	42.00	45.00	306.00	129.00	145.00	158.00
	697.33	0.00	34.00	1.00	36.00	35.00	52.00	32.00	29.00	0.00	0.00	116.00	42.00	45.00	301.00	109.00	144.00	153.00
	697.34	0.00	33.00	1.00	36.00	32.00	51.00	32.00	29.00	0.00	0.00	113.00	41.00	45.00	295.00	98.00	143.00	138.00
	697.35	0.00	33.00	0.00	37.00	32.00	50.00	32.00	29.00	0.00	0.00	112.00	42.00	44.00	283.00	89.00	142.00	128.00
	697.36	0.00	34.00	0.00	35.00	33.00	50.00	33.00	28.00	0.00	0.00	107.00	40.00	43.00	267.00	77.00	140.00	119.00
	697.37	0.00	34.00	0.00	36.00	22.00	49.00	32.00	28.00	0.00	0.00	93.00	39.00	44.00	242.00	69.00	135.00	101.00
	697.38	0.00	33.00	0.00	37.00	20.00	48.00	33.00	20.00	0.00	0.00	89.00	40.00	44.00	237.00	67.00	130.00	90.00
	697.39	0.00	34.00	0.00	37.00	19.00	47.00	32.00	19.00	0.00	0.00	83.00	38.00	44.00	229.00	62.00	126.00	75.00
	697.40	0.00	34.00	0.00	36.00	16.00	46.00	32.00	18.00	0.00	0.00	72.00	39.00	43.00	224.00	61.00	120.00	63.00
	697.41	0.00	34.00	0.00	33.00	14.00	42.00	33.00	0.00	0.00	0.00	67.00	37.00	44.00	221.00	59.00	116.00	53.00
	697.41	0.00	35.00	0.00	33.00	15.00	42.00	32.00	0.00	0.00	0.00	60.00	37.00	44.00	220.00	56.00	113.00	50.00
	697.42	0.00	35.00	0.00	33.00	14.00	42.00	33.00	0.00	0.00	0.00	46.00	37.00	44.00	216.00	54.00	111.00	48.00
	697.43	0.00	35.00	0.00	32.00	12.00	42.00	33.00	0.00	0.00	0.00	40.00	37.00	44.00	213.00	52.00	110.00	48.00
	697.44	0.00	35.00	0.00	32.00	12.00	42.00	33.00	0.00	0.00	0.00	40.00	37.00	43.00	211.00	52.00	108.00	48.00
	697.45	0.00	34.00	0.00	32.00	12.00	41.00	33.00	0.00	0.00	0.00	40.00	37.00	43.00	210.00	52.00	108.00	47.00
	697.46	0.00	35.00	0.00	33.00	12.00	42.00	33.00	0.00	0.00	0.00	39.00	36.00	41.00	208.00	51.00	108.00	48.00
	697.47	0.00	35.00	0.00	33.00	12.00	41.00	33.00	0.00	0.00	0.00	39.00	37.00	41.00	206.00	51.00	108.00	46.00
	697.48	0.00	35.00	0.00	33.00	12.00	41.00	33.00	0.00	1.00	0.00	39.00	36.00	43.00	204.00	51.00	107.00	46.00
	697.49	0.00	34.00	0.00	35.00	12.00	41.00	33.00	0.00	11.00	0.00	39.00	36.00	43.00	203.00	50.00	107.00	48.00
	697.50	0.00	35.00	0.00	35.00	28.00	41.00	33.00	0.00	12.00	0.00	39.00	36.00	43.00	201.00	50.00	106.00	46.00
	697.51	0.00	35.00	0.00	35.00	29.00	41.00	33.00	0.00	21.00	0.00	39.00	36.00	42.00	200.00	49.00	104.00	46.00
	697.52	0.00	35.00	0.00	35.00	22.00	41.00	33.00	0.00	17.00	0.00	38.00	38.00	43.00	197.00	49.00	103.00	46.00
	697.53	0.00	34.00	0.00	36.00	26.00	41.00	33.00	0.00	14.00	0.00	38.00	38.00	43.00	196.00	48.00	101.00	46.00
	697.54	0.00	34.00	0.00	35.00	27.00	41.00	33.00	0.00	12.00	0.00	37.00	36.00	43.00	193.00	48.00	96.00	46.00
	697.55	0.00	35.00	0.00	34.00	27.00	41.00	33.00	0.00	0.00	0.00	38.00	38.00	43.00	189.00	47.00	95.00	47.00
	697.56	0.00	34.00	0.00	35.00	6.00	42.00	33.00	0.00	0.00	0.00	38.00	36.00	43.00	186.00	47.00	96.00	46.00
	697.57	0.00	18.00	0.00	34.00	6.00	42.00	33.00	0.00	0.00	0.00	37.00	38.00	43.00	183.00	47.00	97.00	47.00
	697.58	0.00	18.00	0.00	34.00	7.00	40.00	32.00	0.00	0.00	0.00	37.00	38.00	43.00	180.00	47.00	98.00	46.00
	697.58	0.00	18.00	0.00	33.00	6.00	40.00	33.00	0.00	0.00	0.00	37.00	38.00	43.00	181.00	47.00	98.00	47.00
	697.59	0.00	22.00	0.00	33.00	7.00	40.00	33.00	0.00	0.00	0.00	37.00	38.00	43.00	181.00	46.00	101.00	48.00
	697.60	0.00	22.00	0.00	29.00	7.00	40.00	32.00	0.00	0.00	0.00	37.00	39.00	44.00	181.00	49.00	105.00	48.00
	697.61	0.00	17.00	0.00	26.00	7.00	40.00	32.00	0.00	0.00	0.00	37.00	37.00	44.00	184.00	49.00	106.00	47.00
	697.62	0.00	17.00	0.00	27.00	7.00	40.00	31.00	0.00	0.00	0.00	37.00	39.00	44.00	183.00	50.00	108.00	48.00
	697.63	0.00	18.00	0.00	27.00	8.00	40.00	31.00	0.00	0.00	0.00	37.00	40.00	44.00	181.00	49.00	108.00	48.00
	697.64	0.00	16.00	0.00	27.00	7.00	40.00	31.00	0.00	0.00	0.00	37.00	40.00	44.00	180.00	50.00	112.00	48.00
	697.65	0.00	17.00	0.00	26.00	7.00	40.00	32.00	0.00	0.00	0.00	37.00	39.00	44.00	183.00	50.00	116.00	49.00
	697.66	0.00	17.00	0.00	27.00	2.00	41.00	31.00	0.00	0.00	0.00	37.00	41.00	44.00	183.00	50.00	119.00	53.00
	697.67	0.00	16.00	0.00	27.00	0.00	41.00	30.00	0.00	0.00	0.00	37.00	41.00	45.00	185.00	51.00	123.00	58.00
	697.68	0.00	17.00	0.00	26.00	0.00	41.00	15.00	0.00	0.00	0.00	36.00	41.00	45.00	184.00	52.00	124.00	72.00
	697.69	0.00	17.00	0.00	26.00	0.00	41.00	15.00	0.00	0.00	0.00	36.00	42.00	45.00	185.00	53.00	131.00	76.00
	697.70	0.00	16.00	0.00	28.00	0.00	41.00	0.00	0.00	0.00	0.00	36.00	41.00	45.00	183.00	55.00	135.00	93.00
	697.71	0.00	17.00	0.00	29.00	0.00	41.00	0.00	0.00	0.00	0.00	36.00	42.00	45.00	187.00	56.00	142.00	102.00
	697.72	0.00	17.00	0.00	29.00	0.00	41.00	0.00	0.00	0.00	0.00	36.00	43.00	42.00	185.00	57.00	148.00	99.00
	697.72	0.00	16.00	0.00	28.00	0.00	41.00	0.00	0.00	0.00	0.00	36.00	43.00	45.00	186.00	61.00	157.00	115.00
	697.73	0.00	16.00	0.00	33.00	0.00	41.00	30.00	0.00	0.00	0.00	36.00	43.00	45.00	186.00	63.00	162.00	119.00
	697.74	0.00	17.00	3.00	33.00	0.00	41.00	31.00	0.00	0.00	0.00	36.00	43.00	46.00	188.00	63.00	169.00	118.00
	697.75	0.00	17.00	11.00	34.00	0.00	41.00	31.00	0.00	16.00	0.00	36.00	42.00	46.00	192.00	63.00	175.00	123.00
	697.76	0.00	18.00	19.00	37.00	7.00	42.00	31.00	0.00	25.00	0.00	36.00	42.00	45.00	192.00	65.00	181.00	123.00
	697.77	0.00	24.00	27.00	37.00	9.00	43.00	31.00	0.00	43.00	0.00	36.00	43.00	46.00	193.00	65.00	182.00	128.00
	697.78	0.00	33.00	27.00	39.00	33.00	49.00	32.00	0.00	81.00	0.00	36.00	44.00	46.00	193.00	66.00	184.00	125.00
	697.79	0.00	34.00	26.00	41.00	41.00	57.00	32.00	0.00	108.00	0.00	37.00	45.00	45.00	193.00	67.00	185.00	123.00
	697.80	0.00	34.00	28.00	44.00	51.00	77.00	33.00	20.00	151.00	0.00	37.00	44.00	45.00	191.00	67.00	185.00	123.00
	697.81	0.00	35.00	28.00	44.00	80.00	87.00	36.00	29.00	182.00	0.00	36.00	44.00	45.00	190.00	67.00	188.00	127.00
	697.82	0.00	35.00	30.00	45.00	115.00	107.00	37.00	29.00	210.00	0.00	36.00	44.00	45.00	190.00	68.00	190.00	127.00
	697.83	0.00	37.00	30.00	45.00	127.00	128.00	38.00	30.00	226.00	0.00	36.00	46.00	45.00	189.00	69.00	194.00	128.00
	697.84	0.00	37.00	40.00	46.00	144.00	148.00	41.00	32.00	243.00	0.00	36.00	45.00	45.00	189.00	69.00	190.00	124.00
	697.85	0.00	43.00	41.00	46.00	158.00	155.00	41.00	35.00	260.00	0.00	36.00	44.00	45.00	191.00	70.00	183.00	126.00
	697.86	0.00	43.00	39.00	47.00	172.00	165.00	42.00	36.00	261.00	0.00	36.00	43.00	44.00	190.00	70.00	166.00	120.00
	697.87	0.00	57.00	38.00	46.00	183.00	171.00	42.00	37.00	252.00	0.00	35.00	44.00	44.00	186.00	68.00	160.00	110.00
	697.88	0.00	62.00	42.00	46.00	187.00	176.00	42.00	38.00	260.00	0.00	34.00	42.00	43.00	164.00	58.00	143.00	78.00
	697.89	0.00	65.00	41.00	47.00	191.00	181.00	42.00	38.00	269.00	0.00	34.00	41.00	39.00	153.00	52.00	114.00	46.00
	697.90	0.00	64.00	42.00	46.00	193.00	183.00	41.00	30.00	266.00	0.00	34.00	41.00	39.00	143.00	50.00	73.00	45.00
	697.91	0.00	66.00	42.00	45.00	191.00	187.00	41.00	29.00	267.00	0.00	32.00	40.00	38.00	139.00	44.00	59.00	42.00
	697.92	0.00	67.00	41.00	45.00	193.00	193.00	41.00	29.00	265.00	0.00	31.00	37.00	38.00	138.00	43.00	47.00	38.00
	697.93	0.00	70.00	41.00	45.00	193.00	196.00	41.00	29.00	266.00	0.00	30.00	38.00	38.00	139.00	43.00	47.00	38.00
	697.94	0.00	71.00	41.00	47.00	192.00	201.00	42.00	30.00	265.00	0.00	29.00	36.00	38.00	143.00	43.00	51.00	39.00
	697.95	0.00	70.00	41.00	46.00	192.00	201.00	41.00	29.00	256.00	0.00	28.00	38.00	39.00	149.00	48.00	57.00	39.00
	697.96	0.00	70.00	42.00	46.00	190.00	201.00	42.00	29.00	257.00	0.00	28.00	37.00	39.00	154.00	48.00	62.00	42.00
	697.97	0.00	69.00	40.00	46.00	188.00	201.00	41.00	29.00	255.00	0.00	28.00	36.00	39.00	159.00	49.00	64.00	43.00
	697.98	0.00	68.00	43.00	46.00	186.00	198.00	42.00	29.00	257.00	0.00	29.00	37.00	39.00	160.00	48.00	64.00	47.00
	697.99	0.00	68.00	43.00	46.00	182.00	195.00	42.00	29.00	257.00	0.00	30.00	37.00	39.00	158.00	48.00	61.00	46.00
	698.00	0.00	67.00	40.00	45.00	182.00	192.00	43.00	29.00	256.00	0.00	31.00	37.00	39.00	152.00	46.00	60.00	47.00
	698.01	0.00	67.00	38.00	46.00	179.00	190.00	44.00	29.00	250.00	0.00	32.00	36.00	39.00	149.00	45.00	50.00	47.00
	698.02	0.00	67.00	27.00	47.00	176.00	189.00	44.00	29.00	244.00	0.00	32.00	35.00	39.00	144.00	44.00	49.00	47.00
	698.03	0.00	64.00	27.00	46.00	168.00	185.00	42.00	29.00	240.00	0.00	33.00	34.00	38.00	141.00	44.00	49.00	46.00
	698.04	0.00	44.00	29.00	46.00	164.00	178.00	42.00	29.00	234.00	0.00	34.00	32.00	38.00	142.00	44.00	49.00	46.00
	698.05	0.00	43.00	25.00	45.00	158.00	172.00	43.00	29.00	228.00	0.00	35.00	32.00	36.00	143.00	44.00	49.00	42.00
	698.06	0.00	41.00	27.00	44.00	150.00	168.00	42.00	27.00	228.00	0.00	36.00	34.00	38.00	151.00	45.00	50.00	43.00
	698.07	0.00	37.00	28.00	45.00	147.00	163.00	42.00	27.00	220.00	0.00	38.00	33.00	37.00	155.00	45.00	50.00	41.00
	698.08	0.00	37.00	27.00	43.00	144.00	154.00	43.00	27.00	203.00	0.00	38.00	31.00	37.00	158.00	45.00	48.00	41.00
	698.09	0.00	37.00	28.00	44.00	135.00	149.00	42.00	26.00	197.00	0.00	38.00	29.00	37.00	164.00	45.00	50.00	41.00
	698.09	0.00	37.00	28.00	44.00	132.00	144.00	42.00	21.00	192.00	0.00	38.00	31.00	36.00	165.00	45.00	50.00	42.00
	698.10	0.00	37.00	30.00	43.00	128.00	131.00	42.00	21.00	192.00	0.00	38.00	31.00	36.00	166.00	45.00	50.00	42.00
	698.11	0.00	37.00	28.00	44.00	124.00	124.00	42.00	21.00	183.00	0.00	38.00	30.00	36.00	158.00	44.00	50.00	43.00
	698.12	0.00	37.00	26.00	44.00	120.00	121.00	42.00	21.00	172.00	0.00	37.00	30.00	36.00	158.00	44.00	50.00	43.00
	698.13	0.00	37.00	29.00	43.00	115.00	115.00	43.00	21.00	167.00	0.00	37.00	28.00	35.00	157.00	43.00	50.00	44.00
	698.14	0.00	36.00	27.00	44.00	110.00	102.00	42.00	21.00	155.00	0.00	36.00	30.00	35.00	158.00	43.00	49.00	44.00
	698.15	0.00	37.00	27.00	42.00	105.00	92.00	43.00	21.00	149.00	0.00	36.00	28.00	35.00	161.00	43.00	47.00	44.00
	698.16	0.00	35.00	27.00	44.00	93.00	87.00	42.00	21.00	143.00	0.00	35.00	28.00	35.00	164.00	43.00	49.00	44.00
	698.17	0.00	37.00	26.00	44.00	84.00	80.00	44.00	19.00	137.00	0.00	35.00	30.00	35.00	168.00	43.00	49.00	43.00
	698.18	0.00	36.00	23.00	43.00	72.00	77.00	43.00	20.00	128.00	0.00	34.00	31.00	34.00	171.00	43.00	49.00	43.00
	698.19	0.00	37.00	24.00	43.00	71.00	68.00	42.00	19.00	117.00	0.00	34.00	31.00	34.00	180.00	44.00	49.00	42.00
	698.20	0.00	37.00	21.00	43.00	74.00	60.00	43.00	21.00	111.00	0.00	34.00	30.00	34.00	180.00	46.00	49.00	45.00
	698.21	0.00	36.00	23.00	44.00	73.00	55.00	44.00	20.00	98.00	0.00	35.00	32.00	34.00	179.00	47.00	49.00	44.00
	698.22	0.00	36.00	26.00	45.00	74.00	54.00	43.00	26.00	97.00	0.00	35.00	33.00	34.00	172.00	46.00	49.00	44.00
	698.23	0.00	36.00	24.00	45.00	76.00	53.00	44.00	28.00	92.00	0.00	35.00	32.00	34.00	162.00	45.00	49.00	44.00
	698.24	0.00	36.00	24.00	45.00	76.00	55.00	43.00	28.00	89.00	0.00	34.00	34.00	34.00	152.00	42.00	47.00	44.00
	698.25	0.00	36.00	26.00	44.00	75.00	54.00	43.00	29.00	85.00	0.00	34.00	32.00	34.00	147.00	43.00	49.00	45.00
	698.26	0.00	36.00	26.00	44.00	78.00	55.00	43.00	29.00	82.00	0.00	34.00	32.00	34.00	143.00	42.00	49.00	45.00
	698.27	0.00	36.00	26.00	45.00	81.00	55.00	43.00	29.00	66.00	0.00	34.00	32.00	34.00	143.00	42.00	46.00	46.00
	698.28	0.00	36.00	27.00	45.00	80.00	54.00	44.00	29.00	68.00	0.00	34.00	34.00	34.00	142.00	42.00	49.00	46.00
	698.29	0.00	36.00	28.00	45.00	87.00	54.00	44.00	29.00	67.00	0.00	34.00	35.00	34.00	143.00	42.00	47.00	47.00
	698.30	0.00	36.00	27.00	45.00	94.00	52.00	44.00	29.00	66.00	0.00	34.00	33.00	34.00	146.00	42.00	47.00	47.00
	698.31	0.00	36.00	26.00	45.00	92.00	51.00	44.00	29.00	67.00	0.00	35.00	34.00	34.00	147.00	42.00	48.00	47.00
	698.32	0.00	36.00	28.00	45.00	97.00	52.00	42.00	29.00	66.00	0.00	34.00	36.00	35.00	150.00	42.00	48.00	46.00
	698.33	0.00	36.00	31.00	46.00	102.00	51.00	43.00	29.00	75.00	0.00	35.00	35.00	35.00	153.00	42.00	48.00	47.00
	698.34	0.00	36.00	30.00	45.00	104.00	54.00	42.00	28.00	82.00	0.00	35.00	34.00	36.00	154.00	42.00	48.00	47.00
	698.34	0.00	36.00	31.00	45.00	106.00	51.00	42.00	30.00	88.00	0.00	36.00	36.00	35.00	160.00	43.00	49.00	47.00
	698.35	0.00	36.00	27.00	46.00	106.00	52.00	43.00	29.00	93.00	0.00	36.00	36.00	36.00	164.00	43.00	49.00	46.00
	698.36	0.00	36.00	31.00	45.00	109.00	52.00	42.00	28.00	96.00	0.00	36.00	34.00	36.00	178.00	45.00	50.00	48.00
	698.38	0.00	36.00	29.00	45.00	111.00	53.00	44.00	30.00	90.00	0.00	36.00	34.00	36.00	193.00	47.00	51.00	58.00
	698.38	0.00	36.00	26.00	46.00	109.00	53.00	44.00	31.00	94.00	0.00	39.00	37.00	37.00	210.00	51.00	62.00	91.00
	698.39	0.00	36.00	26.00	45.00	110.00	54.00	43.00	29.00	95.00	0.00	65.00	42.00	38.00	223.00	58.00	85.00	114.00
	698.40	0.00	36.00	28.00	46.00	112.00	57.00	44.00	31.00	92.00	0.00	86.00	46.00	40.00	238.00	61.00	102.00	131.00
	698.41	0.00	36.00	29.00	46.00	113.00	59.00	44.00	33.00	90.00	0.00	103.00	57.00	41.00	265.00	89.00	120.00	146.00
	698.42	0.00	36.00	27.00	45.00	113.00	64.00	44.00	32.00	91.00	0.00	132.00	78.00	42.00	281.00	124.00	130.00	163.00
	698.43	0.00	36.00	28.00	45.00	114.00	68.00	43.00	37.00	98.00	0.00	156.00	103.00	42.00	293.00	148.00	143.00	170.00
	698.44	0.00	36.00	30.00	45.00	115.00	71.00	45.00	38.00	96.00	0.00	177.00	126.00	43.00	303.00	168.00	149.00	181.00
	698.45	0.00	35.00	29.00	44.00	117.00	76.00	45.00	39.00	91.00	0.00	184.00	139.00	43.00	308.00	189.00	154.00	181.00
	698.46	0.00	36.00	27.00	44.00	118.00	77.00	44.00	36.00	65.00	5.00	187.00	142.00	43.00	311.00	203.00	161.00	184.00
	698.47	0.00	35.00	28.00	44.00	117.00	76.00	44.00	34.00	33.00	30.00	194.00	138.00	43.00	312.00	211.00	164.00	188.00
	698.48	0.00	35.00	26.00	44.00	111.00	76.00	41.00	31.00	7.00	34.00	195.00	131.00	44.00	313.00	219.00	173.00	188.00
	698.49	0.00	35.00	25.00	45.00	89.00	71.00	40.00	30.00	9.00	43.00	190.00	107.00	44.00	313.00	220.00	181.00	189.00
	698.50	0.00	35.00	20.00	43.00	75.00	67.00	37.00	29.00	1.00	43.00	182.00	78.00	43.00	315.00	220.00	181.00	186.00
	698.51	0.00	35.00	14.00	41.00	60.00	64.00	32.00	29.00	3.00	40.00	179.00	66.00	45.00	316.00	218.00	180.00	187.00
	698.52	0.00	35.00	12.00	39.00	53.00	59.00	32.00	28.00	0.00	19.00	175.00	52.00	46.00	315.00	213.00	170.00	184.00
	698.53	0.00	35.00	6.00	39.00	50.00	55.00	33.00	29.00	0.00	0.00	175.00	53.00	45.00	315.00	199.00	162.00	181.00
	698.54	0.00	35.00	13.00	39.00	46.00	54.00	33.00	29.00	0.00	0.00	174.00	49.00	45.00	312.00	177.00	162.00	180.00
	698.55	0.00	34.00	1.00	40.00	45.00	54.00	32.00	28.00	0.00	0.00	173.00	42.00	46.00	311.00	166.00	162.00	176.00
	698.56	0.00	35.00	1.00	39.00	42.00	54.00	32.00	29.00	0.00	0.00	166.00	43.00	46.00	310.00	156.00	161.00	171.00
	698.57	0.00	35.00	2.00	38.00	40.00	54.00	32.00	29.00	0.00	0.00	157.00	43.00	46.00	304.00	147.00	159.00	160.00
	698.58	0.00	34.00	2.00	38.00	36.00	53.00	32.00	29.00	0.00	0.00	142.00	42.00	45.00	298.00	138.00	158.00	147.00
	698.59	0.00	35.00	0.00	38.00	35.00	54.00	32.00	29.00	0.00	0.00	130.00	41.00	46.00	293.00	113.00	158.00	135.00
	698.60	0.00	35.00	0.00	37.00	35.00	52.00	33.00	29.00	0.00	0.00	119.00	40.00	45.00	282.00	93.00	156.00	131.00
	698.61	0.00	35.00	0.00	37.00	30.00	51.00	32.00	27.00	0.00	0.00	110.00	42.00	45.00	270.00	89.00	147.00	122.00
	698.62	0.00	35.00	0.00	34.00	18.00	51.00	33.00	23.00	0.00	0.00	106.00	41.00	45.00	246.00	71.00	138.00	103.00
	698.63	0.00	35.00	0.00	38.00	32.00	50.00	32.00	21.00	0.00	0.00	98.00	39.00	45.00	240.00	68.00	132.00	91.00
	698.64	0.00	35.00	0.00	36.00	32.00	49.00	32.00	20.00	0.00	0.00	95.00	39.00	45.00	238.00	60.00	129.00	79.00
	698.65	0.00	33.00	0.00	37.00	33.00	49.00	36.00	19.00	0.00	0.00	81.00	40.00	45.00	235.00	59.00	128.00	73.00
	698.66	0.00	35.00	0.00	37.00	36.00	49.00	36.00	5.00	0.00	0.00	74.00	38.00	45.00	232.00	59.00	127.00	68.00
	698.67	0.00	35.00	0.00	34.00	37.00	48.00	36.00	0.00	0.00	0.00	70.00	38.00	45.00	229.00	56.00	127.00	67.00
	698.68	0.00	35.00	0.00	36.00	31.00	43.00	36.00	0.00	0.00	0.00	67.00	39.00	44.00	228.00	55.00	125.00	57.00
	698.69	0.00	35.00	0.00	37.00	35.00	43.00	36.00	0.00	0.00	0.00	64.00	39.00	45.00	225.00	54.00	124.00	51.00
	698.69	0.00	35.00	0.00	34.00	31.00	42.00	36.00	0.00	0.00	0.00	61.00	39.00	44.00	224.00	53.00	123.00	50.00
	698.70	0.00	36.00	0.00	35.00	30.00	43.00	36.00	0.00	1.00	0.00	60.00	37.00	43.00	222.00	52.00	120.00	47.00
	698.71	0.00	35.00	0.00	34.00	30.00	43.00	36.00	0.00	1.00	0.00	54.00	38.00	44.00	218.00	52.00	119.00	48.00
	698.72	0.00	36.00	0.00	34.00	30.00	42.00	36.00	0.00	5.00	0.00	49.00	37.00	44.00	215.00	52.00	117.00	48.00
	698.73	0.00	35.00	0.00	34.00	29.00	42.00	36.00	0.00	4.00	0.00	44.00	38.00	44.00	214.00	52.00	116.00	48.00
	698.74	0.00	34.00	0.00	35.00	29.00	42.00	36.00	0.00	8.00	0.00	40.00	37.00	44.00	212.00	51.00	114.00	49.00
	698.75	0.00	35.00	0.00	34.00	30.00	42.00	36.00	0.00	17.00	0.00	40.00	38.00	44.00	211.00	51.00	114.00	48.00
	698.76	0.00	35.00	0.00	34.00	29.00	42.00	36.00	0.00	17.00	0.00	40.00	38.00	44.00	210.00	51.00	114.00	49.00
	698.77	0.00	35.00	0.00	34.00	27.00	42.00	36.00	0.00	5.00	0.00	40.00	38.00	44.00	209.00	51.00	114.00	47.00
	698.78	0.00	34.00	0.00	35.00	27.00	42.00	36.00	0.00	8.00	0.00	39.00	39.00	44.00	209.00	50.00	116.00	48.00
	698.79	0.00	34.00	0.00	35.00	27.00	42.00	36.00	0.00	9.00	0.00	39.00	40.00	45.00	209.00	51.00	119.00	47.00
	698.80	0.00	19.00	0.00	34.00	25.00	42.00	36.00	0.00	3.00	0.00	39.00	40.00	45.00	208.00	50.00	120.00	47.00
	698.81	0.00	18.00	0.00	34.00	25.00	42.00	32.00	0.00	0.00	0.00	39.00	38.00	45.00	209.00	50.00	118.00	49.00
	698.82	0.00	18.00	0.00	33.00	8.00	42.00	32.00	0.00	0.00	0.00	38.00	39.00	45.00	208.00	50.00	121.00	49.00
	698.83	0.00	18.00	0.00	33.00	7.00	41.00	32.00	0.00	0.00	0.00	39.00	39.00	45.00	204.00	52.00	122.00	49.00
	698.84	0.00	19.00	0.00	33.00	8.00	40.00	31.00	0.00	0.00	0.00	38.00	39.00	45.00	203.00	52.00	122.00	49.00
	698.85	0.00	18.00	0.00	27.00	8.00	41.00	31.00	0.00	0.00	0.00	38.00	39.00	45.00	200.00	52.00	125.00	50.00
	698.85	0.00	19.00	0.00	27.00	8.00	41.00	30.00	0.00	0.00	0.00	38.00	42.00	45.00	199.00	51.00	125.00	51.00
	698.86	0.00	18.00	0.00	26.00	8.00	40.00	31.00	0.00	0.00	0.00	38.00	42.00	45.00	200.00	52.00	127.00	54.00
	698.87	0.00	19.00	0.00	26.00	8.00	40.00	31.00	0.00	0.00	0.00	38.00	42.00	45.00	200.00	51.00	128.00	58.00
	698.88	0.00	20.00	0.00	28.00	3.00	40.00	30.00	0.00	0.00	0.00	38.00	42.00	45.00	196.00	53.00	130.00	68.00
	698.89	0.00	21.00	0.00	28.00	2.00	41.00	0.00	0.00	0.00	0.00	38.00	43.00	45.00	194.00	54.00	139.00	85.00
	698.90	0.00	20.00	0.00	26.00	0.00	41.00	0.00	0.00	0.00	0.00	37.00	43.00	45.00	196.00	56.00	142.00	91.00
	698.91	0.00	20.00	0.00	26.00	0.00	41.00	0.00	0.00	0.00	0.00	37.00	43.00	45.00	196.00	59.00	157.00	101.00
	698.92	0.00	19.00	0.00	27.00	0.00	41.00	0.00	0.00	0.00	0.00	37.00	43.00	43.00	197.00	62.00	167.00	111.00
	698.93	0.00	18.00	0.00	26.00	0.00	41.00	30.00	0.00	0.00	0.00	37.00	44.00	46.00	200.00	63.00	172.00	113.00
	698.94	0.00	21.00	3.00	27.00	0.00	42.00	31.00	0.00	1.00	0.00	37.00	44.00	46.00	197.00	64.00	180.00	119.00
	698.95	0.00	18.00	6.00	33.00	0.00	42.00	31.00	0.00	8.00	0.00	37.00	46.00	46.00	198.00	64.00	184.00	125.00
	698.96	0.00	23.00	7.00	33.00	0.00	42.00	31.00	0.00	19.00	0.00	37.00	48.00	46.00	200.00	65.00	187.00	132.00
	698.97	0.00	20.00	19.00	33.00	5.00	42.00	30.00	0.00	33.00	0.00	38.00	49.00	45.00	199.00	67.00	188.00	126.00
	698.98	0.00	21.00	21.00	36.00	9.00	42.00	31.00	20.00	50.00	0.00	38.00	49.00	46.00	196.00	70.00	188.00	126.00
	698.99	0.00	20.00	20.00	35.00	26.00	44.00	31.00	15.00	80.00	0.00	38.00	49.00	46.00	198.00	74.00	189.00	126.00
	699.00	0.00	33.00	23.00	37.00	31.00	49.00	31.00	21.00	99.00	0.00	38.00	48.00	46.00	198.00	76.00	188.00	128.00
	699.01	0.00	34.00	27.00	41.00	40.00	51.00	32.00	21.00	131.00	0.00	37.00	48.00	46.00	195.00	77.00	188.00	124.00
	699.02	0.00	33.00	24.00	42.00	53.00	74.00	31.00	22.00	165.00	0.00	37.00	48.00	46.00	194.00	77.00	188.00	125.00
	699.03	0.00	35.00	27.00	44.00	58.00	90.00	36.00	28.00	193.00	0.00	37.00	49.00	46.00	194.00	76.00	190.00	119.00
	699.04	0.00	36.00	31.00	45.00	110.00	107.00	37.00	29.00	210.00	0.00	37.00	48.00	45.00	194.00	76.00	191.00	122.00
	699.04	0.00	37.00	39.00	43.00	130.00	132.00	39.00	28.00	238.00	0.00	37.00	48.00	45.00	193.00	73.00	191.00	129.00
	699.06	0.00	43.00	44.00	44.00	152.00	149.00	41.00	37.00	257.00	0.00	36.00	47.00	45.00	194.00	73.00	190.00	126.00
	699.07	0.00	64.00	44.00	45.00	162.00	164.00	41.00	42.00	271.00	0.00	36.00	48.00	45.00	195.00	72.00	183.00	118.00
	699.08	0.00	65.00	47.00	45.00	168.00	176.00	41.00	43.00	267.00	0.00	36.00	48.00	45.00	197.00	71.00	169.00	111.00
	699.09	0.00	67.00	46.00	45.00	175.00	179.00	42.00	43.00	260.00	0.00	36.00	45.00	44.00	193.00	68.00	157.00	101.00
	699.09	0.00	68.00	48.00	45.00	181.00	184.00	42.00	44.00	275.00	0.00	35.00	42.00	43.00	181.00	58.00	139.00	76.00
	699.10	0.00	70.00	56.00	46.00	186.00	194.00	42.00	45.00	286.00	0.00	34.00	41.00	38.00	165.00	52.00	107.00	48.00
	699.11	0.00	72.00	59.00	45.00	189.00	199.00	42.00	45.00	286.00	0.00	34.00	42.00	37.00	156.00	47.00	68.00	46.00
	699.12	0.00	73.00	59.00	45.00	190.00	204.00	43.00	40.00	281.00	0.00	33.00	39.00	38.00	152.00	44.00	55.00	43.00
	699.13	0.00	82.00	61.00	46.00	192.00	208.00	44.00	32.00	282.00	0.00	32.00	39.00	37.00	152.00	43.00	49.00	40.00
	699.14	0.00	91.00	62.00	47.00	195.00	211.00	43.00	31.00	278.00	0.00	31.00	38.00	38.00	155.00	43.00	50.00	40.00
	699.15	0.00	95.00	64.00	46.00	197.00	213.00	43.00	31.00	280.00	0.00	30.00	38.00	38.00	161.00	43.00	58.00	40.00
	699.16	0.00	91.00	61.00	47.00	198.00	212.00	43.00	31.00	282.00	0.00	29.00	38.00	39.00	170.00	45.00	62.00	41.00
	699.17	0.00	75.00	57.00	46.00	197.00	210.00	42.00	31.00	276.00	0.00	29.00	38.00	39.00	177.00	49.00	76.00	42.00
	699.18	0.00	73.00	43.00	47.00	193.00	208.00	42.00	31.00	273.00	0.00	30.00	39.00	39.00	175.00	50.00	76.00	45.00
	699.19	0.00	73.00	44.00	46.00	191.00	205.00	42.00	30.00	278.00	0.00	31.00	38.00	40.00	175.00	50.00	65.00	46.00
	699.20	0.00	72.00	41.00	46.00	188.00	200.00	43.00	30.00	280.00	0.00	32.00	40.00	40.00	172.00	50.00	63.00	47.00
	699.21	0.00	71.00	40.00	47.00	187.00	195.00	42.00	30.00	280.00	0.00	32.00	40.00	40.00	169.00	48.00	62.00	47.00
	699.22	0.00	71.00	41.00	47.00	185.00	194.00	43.00	31.00	278.00	0.00	32.00	40.00	39.00	167.00	48.00	61.00	46.00
	699.23	0.00	70.00	43.00	46.00	184.00	198.00	42.00	30.00	272.00	0.00	34.00	40.00	39.00	167.00	47.00	60.00	46.00
	699.24	0.00	68.00	41.00	46.00	180.00	196.00	42.00	30.00	261.00	0.00	34.00	39.00	39.00	166.00	46.00	57.00	46.00
	699.25	0.00	67.00	41.00	45.00	177.00	194.00	42.00	30.00	250.00	0.00	35.00	38.00	39.00	166.00	46.00	51.00	45.00
	699.26	0.00	64.00	27.00	45.00	170.00	185.00	42.00	30.00	236.00	0.00	36.00	34.00	39.00	166.00	46.00	51.00	44.00
	699.27	0.00	43.00	26.00	45.00	163.00	172.00	42.00	29.00	225.00	0.00	36.00	34.00	38.00	166.00	46.00	51.00	42.00
	699.28	0.00	43.00	29.00	44.00	152.00	165.00	42.00	29.00	221.00	0.00	38.00	34.00	38.00	166.00	45.00	51.00	39.00
	699.29	0.00	37.00	28.00	46.00	146.00	155.00	42.00	27.00	212.00	0.00	38.00	34.00	37.00	166.00	45.00	51.00	40.00
	699.30	0.00	37.00	24.00	44.00	141.00	144.00	42.00	27.00	200.00	0.00	38.00	32.00	37.00	166.00	45.00	51.00	40.00
	699.31	0.00	37.00	22.00	44.00	136.00	130.00	42.00	27.00	190.00	0.00	38.00	31.00	36.00	166.00	44.00	50.00	38.00
	699.32	0.00	37.00	23.00	45.00	127.00	123.00	42.00	21.00	191.00	0.00	38.00	29.00	36.00	164.00	44.00	50.00	40.00
	699.33	0.00	37.00	26.00	44.00	116.00	119.00	42.00	21.00	180.00	0.00	38.00	30.00	35.00	162.00	44.00	49.00	42.00
	699.34	0.00	37.00	27.00	44.00	114.00	107.00	41.00	21.00	177.00	0.00	37.00	30.00	35.00	156.00	44.00	49.00	43.00
	699.35	0.00	37.00	28.00	44.00	109.00	99.00	42.00	21.00	175.00	0.00	37.00	30.00	35.00	153.00	43.00	48.00	43.00
	699.36	0.00	37.00	29.00	45.00	105.00	93.00	43.00	21.00	168.00	0.00	37.00	31.00	35.00	147.00	43.00	48.00	43.00
	699.37	0.00	37.00	26.00	45.00	99.00	87.00	41.00	21.00	155.00	0.00	36.00	29.00	35.00	144.00	43.00	47.00	42.00
	699.38	0.00	37.00	30.00	44.00	94.00	80.00	42.00	20.00	149.00	0.00	34.00	28.00	35.00	143.00	43.00	47.00	42.00
	699.39	0.00	37.00	24.00	43.00	82.00	73.00	41.00	21.00	148.00	0.00	34.00	30.00	35.00	137.00	43.00	46.00	41.00
	699.40	0.00	37.00	25.00	43.00	74.00	67.00	43.00	20.00	136.00	0.00	34.00	28.00	35.00	140.00	43.00	46.00	40.00
	699.41	0.00	35.00	27.00	43.00	74.00	58.00	43.00	22.00	132.00	0.00	34.00	29.00	34.00	147.00	42.00	46.00	40.00
	699.42	0.00	36.00	23.00	43.00	73.00	55.00	42.00	20.00	125.00	0.00	33.00	31.00	34.00	151.00	42.00	45.00	41.00
	699.42	0.00	36.00	24.00	43.00	73.00	53.00	42.00	21.00	116.00	0.00	33.00	30.00	34.00	152.00	42.00	46.00	39.00
	699.44	0.00	36.00	25.00	42.00	72.00	53.00	44.00	28.00	113.00	0.00	33.00	32.00	32.00	152.00	43.00	45.00	39.00
	699.45	0.00	36.00	27.00	43.00	74.00	53.00	44.00	27.00	106.00	0.00	33.00	31.00	33.00	152.00	43.00	45.00	41.00
	699.46	0.00	36.00	24.00	44.00	72.00	53.00	43.00	29.00	92.00	0.00	33.00	32.00	33.00	145.00	43.00	45.00	42.00
	699.46	0.00	36.00	24.00	44.00	75.00	53.00	44.00	29.00	79.00	0.00	34.00	32.00	33.00	143.00	43.00	44.00	42.00
	699.47	0.00	36.00	24.00	45.00	76.00	53.00	44.00	29.00	70.00	0.00	34.00	34.00	33.00	142.00	43.00	44.00	42.00
	699.48	0.00	36.00	24.00	44.00	86.00	53.00	44.00	29.00	64.00	0.00	34.00	33.00	33.00	141.00	43.00	47.00	43.00
	699.49	0.00	36.00	25.00	45.00	81.00	52.00	44.00	29.00	62.00	0.00	34.00	34.00	33.00	134.00	43.00	47.00	45.00
	699.50	0.00	36.00	22.00	45.00	90.00	50.00	43.00	29.00	66.00	0.00	34.00	33.00	32.00	131.00	42.00	47.00	45.00
	699.51	0.00	36.00	25.00	46.00	92.00	50.00	45.00	30.00	61.00	0.00	34.00	33.00	33.00	129.00	42.00	47.00	45.00
	699.52	0.00	35.00	24.00	47.00	100.00	53.00	44.00	30.00	62.00	0.00	34.00	34.00	32.00	129.00	42.00	46.00	45.00
	699.53	0.00	36.00	25.00	47.00	104.00	52.00	44.00	28.00	72.00	0.00	35.00	34.00	32.00	130.00	42.00	46.00	46.00
	699.54	0.00	36.00	25.00	46.00	108.00	54.00	45.00	28.00	75.00	0.00	35.00	36.00	33.00	132.00	42.00	46.00	45.00
	699.55	0.00	36.00	27.00	46.00	109.00	60.00	45.00	32.00	74.00	0.00	35.00	36.00	34.00	135.00	43.00	47.00	46.00
	699.56	0.00	36.00	29.00	47.00	109.00	59.00	46.00	34.00	81.00	0.00	35.00	34.00	33.00	139.00	43.00	47.00	44.00
	699.57	0.00	36.00	32.00	46.00	106.00	66.00	45.00	38.00	85.00	0.00	34.00	36.00	35.00	146.00	43.00	48.00	46.00
	699.58	0.00	36.00	32.00	49.00	110.00	67.00	45.00	41.00	90.00	0.00	36.00	37.00	35.00	153.00	45.00	48.00	47.00
	699.59	0.00	36.00	30.00	47.00	112.00	69.00	45.00	46.00	92.00	0.00	37.00	37.00	36.00	165.00	45.00	49.00	65.00
	699.60	0.00	36.00	31.00	45.00	112.00	69.00	45.00	54.00	99.00	0.00	38.00	38.00	38.00	184.00	48.00	51.00	97.00
	699.61	0.00	36.00	30.00	46.00	114.00	70.00	45.00	56.00	102.00	0.00	48.00	38.00	38.00	200.00	52.00	62.00	119.00
	699.62	0.00	36.00	29.00	45.00	113.00	71.00	45.00	54.00	113.00	0.00	67.00	42.00	38.00	220.00	56.00	84.00	136.00
	699.63	0.00	36.00	27.00	45.00	114.00	70.00	44.00	51.00	118.00	0.00	90.00	49.00	40.00	233.00	61.00	102.00	151.00
	699.64	0.00	36.00	33.00	44.00	114.00	71.00	45.00	46.00	120.00	0.00	121.00	77.00	39.00	257.00	103.00	119.00	162.00
	699.65	0.00	36.00	34.00	45.00	112.00	69.00	45.00	45.00	108.00	0.00	145.00	107.00	41.00	275.00	127.00	132.00	177.00
	699.66	0.00	36.00	39.00	46.00	113.00	69.00	45.00	46.00	103.00	0.00	165.00	114.00	42.00	288.00	153.00	146.00	183.00
	699.67	0.00	35.00	37.00	45.00	114.00	62.00	45.00	44.00	87.00	0.00	179.00	126.00	42.00	299.00	181.00	152.00	189.00
	699.68	0.00	35.00	34.00	44.00	113.00	60.00	45.00	41.00	59.00	0.00	187.00	137.00	43.00	305.00	194.00	159.00	193.00
	699.69	0.00	35.00	28.00	43.00	109.00	51.00	45.00	36.00	8.00	5.00	193.00	143.00	43.00	310.00	206.00	164.00	193.00
	699.70	0.00	35.00	29.00	41.00	89.00	52.00	44.00	30.00	4.00	20.00	198.00	146.00	43.00	311.00	214.00	169.00	199.00
	699.71	0.00	34.00	28.00	39.00	78.00	49.00	41.00	30.00	0.00	30.00	191.00	146.00	43.00	310.00	217.00	177.00	198.00
	699.72	0.00	34.00	20.00	36.00	58.00	45.00	41.00	30.00	0.00	32.00	179.00	122.00	44.00	308.00	219.00	178.00	192.00
	699.73	0.00	34.00	17.00	36.00	50.00	44.00	40.00	30.00	0.00	32.00	171.00	89.00	44.00	309.00	218.00	180.00	193.00
	699.74	0.00	33.00	14.00	36.00	47.00	44.00	37.00	29.00	0.00	29.00	165.00	77.00	45.00	308.00	215.00	182.00	186.00
	699.75	0.00	33.00	0.00	37.00	43.00	43.00	36.00	29.00	0.00	12.00	162.00	69.00	45.00	309.00	210.00	175.00	186.00
	699.76	0.00	34.00	0.00	36.00	42.00	43.00	36.00	29.00	0.00	0.00	160.00	56.00	45.00	308.00	198.00	164.00	184.00
	699.77	0.00	35.00	0.00	36.00	42.00	43.00	33.00	29.00	0.00	0.00	160.00	52.00	45.00	306.00	171.00	160.00	185.00
	699.78	0.00	35.00	0.00	36.00	43.00	43.00	33.00	29.00	0.00	0.00	156.00	47.00	46.00	304.00	164.00	160.00	180.00
	699.78	0.00	35.00	0.00	36.00	39.00	43.00	33.00	29.00	0.00	0.00	149.00	42.00	46.00	301.00	154.00	161.00	173.00
	699.79	0.00	35.00	0.00	36.00	39.00	43.00	33.00	29.00	0.00	0.00	136.00	41.00	46.00	298.00	146.00	160.00	166.00
	699.80	0.00	35.00	0.00	38.00	37.00	44.00	33.00	28.00	0.00	0.00	129.00	41.00	46.00	294.00	128.00	161.00	160.00
	699.81	0.00	35.00	0.00	38.00	36.00	43.00	32.00	29.00	0.00	0.00	120.00	41.00	46.00	288.00	101.00	159.00	137.00
	699.82	0.00	35.00	0.00	37.00	32.00	44.00	33.00	28.00	0.00	0.00	113.00	41.00	45.00	272.00	90.00	155.00	130.00
	699.83	0.00	34.00	0.00	36.00	32.00	43.00	32.00	23.00	0.00	0.00	108.00	42.00	45.00	245.00	71.00	147.00	116.00
	699.84	0.00	35.00	0.00	38.00	32.00	42.00	33.00	22.00	0.00	0.00	98.00	39.00	45.00	238.00	63.00	140.00	96.00
	699.85	0.00	35.00	0.00	38.00	33.00	43.00	32.00	20.00	0.00	0.00	89.00	41.00	45.00	233.00	62.00	136.00	78.00
	699.86	0.00	35.00	0.00	38.00	35.00	43.00	32.00	20.00	0.00	0.00	86.00	40.00	45.00	227.00	60.00	130.00	58.00
	699.87	0.00	35.00	0.00	37.00	35.00	42.00	32.00	0.00	0.00	0.00	80.00	38.00	45.00	222.00	59.00	126.00	52.00
	699.88	0.00	34.00	0.00	36.00	35.00	43.00	32.00	0.00	0.00	0.00	71.00	38.00	43.00	220.00	58.00	126.00	53.00
	699.89	0.00	35.00	0.00	36.00	35.00	43.00	32.00	0.00	0.00	0.00	68.00	37.00	43.00	219.00	56.00	125.00	52.00
	699.90	0.00	35.00	0.00	35.00	35.00	42.00	32.00	0.00	0.00	0.00	66.00	39.00	43.00	218.00	54.00	125.00	48.00
	699.91	0.00	35.00	0.00	35.00	33.00	43.00	32.00	0.00	0.00	0.00	64.00	39.00	43.00	217.00	52.00	121.00	49.00
	699.92	0.00	35.00	0.00	35.00	32.00	43.00	32.00	0.00	0.00	0.00	62.00	39.00	45.00	215.00	53.00	120.00	49.00
	699.93	0.00	35.00	0.00	35.00	30.00	43.00	32.00	0.00	0.00	0.00	59.00	39.00	44.00	212.00	52.00	120.00	48.00
	699.94	0.00	35.00	0.00	35.00	30.00	43.00	32.00	0.00	0.00	0.00	52.00	39.00	43.00	211.00	52.00	118.00	48.00
	699.95	0.00	35.00	0.00	35.00	30.00	43.00	32.00	0.00	0.00	0.00	48.00	38.00	42.00	208.00	51.00	117.00	48.00
	699.96	0.00	35.00	0.00	35.00	27.00	42.00	33.00	0.00	0.00	0.00	45.00	39.00	44.00	206.00	51.00	117.00	48.00
	699.97	0.00	35.00	0.00	35.00	30.00	43.00	33.00	0.00	1.00	0.00	40.00	40.00	43.00	202.00	51.00	116.00	47.00
	699.97	0.00	35.00	0.00	36.00	27.00	42.00	33.00	0.00	1.00	0.00	39.00	38.00	44.00	201.00	51.00	117.00	48.00
	699.98	0.00	35.00	0.00	37.00	27.00	42.00	33.00	0.00	1.00	0.00	39.00	40.00	44.00	198.00	51.00	117.00	47.00
	700.00	0.00	35.00	0.00	36.00	27.00	42.00	33.00	0.00	3.00	0.00	38.00	40.00	44.00	195.00	50.00	117.00	46.00
	700.00	0.00	35.00	0.00	35.00	27.00	42.00	32.00	0.00	3.00	0.00	38.00	38.00	44.00	193.00	51.00	117.00	46.00
	700.01	0.00	21.00	0.00	35.00	23.00	41.00	32.00	0.00	4.00	0.00	38.00	40.00	44.00	192.00	51.00	118.00	46.00
	700.02	0.00	21.00	0.00	35.00	7.00	41.00	32.00	0.00	5.00	0.00	38.00	40.00	43.00	193.00	51.00	119.00	46.00
	700.03	0.00	21.00	0.00	33.00	8.00	41.00	32.00	0.00	4.00	0.00	38.00	39.00	44.00	193.00	51.00	119.00	46.00
	700.04	0.00	21.00	0.00	32.00	8.00	40.00	32.00	0.00	8.00	0.00	38.00	39.00	44.00	192.00	51.00	122.00	47.00
	700.05	0.00	20.00	0.00	27.00	7.00	40.00	31.00	0.00	8.00	0.00	38.00	39.00	45.00	189.00	51.00	125.00	47.00
	700.06	0.00	22.00	0.00	27.00	11.00	40.00	32.00	0.00	10.00	0.00	38.00	39.00	45.00	189.00	52.00	127.00	47.00
	700.07	0.00	22.00	0.00	28.00	7.00	40.00	32.00	0.00	20.00	0.00	38.00	40.00	46.00	188.00	53.00	132.00	50.00
	700.08	0.00	21.00	0.00	27.00	8.00	42.00	31.00	0.00	24.00	0.00	38.00	43.00	45.00	188.00	53.00	135.00	55.00
	700.09	0.00	21.00	0.00	27.00	25.00	41.00	32.00	0.00	25.00	0.00	38.00	43.00	46.00	189.00	55.00	142.00	60.00
	700.10	0.00	22.00	0.00	27.00	24.00	42.00	31.00	0.00	15.00	0.00	38.00	42.00	45.00	188.00	57.00	146.00	72.00
	700.11	0.00	19.00	0.00	27.00	8.00	42.00	31.00	0.00	13.00	0.00	38.00	42.00	44.00	190.00	59.00	150.00	83.00
	700.12	0.00	21.00	0.00	27.00	9.00	42.00	31.00	0.00	10.00	0.00	38.00	44.00	45.00	189.00	61.00	156.00	95.00
	700.13	0.00	21.00	4.00	27.00	6.00	42.00	31.00	0.00	9.00	0.00	38.00	44.00	46.00	189.00	62.00	165.00	104.00
	700.14	0.00	20.00	4.00	27.00	1.00	41.00	31.00	0.00	6.00	0.00	38.00	43.00	46.00	188.00	63.00	171.00	107.00
	700.15	0.00	19.00	6.00	27.00	1.00	41.00	31.00	0.00	11.00	0.00	37.00	45.00	46.00	186.00	64.00	175.00	112.00
	700.16	0.00	23.00	18.00	27.00	0.00	42.00	31.00	0.00	12.00	0.00	37.00	45.00	46.00	185.00	64.00	176.00	115.00
	700.17	0.00	22.00	13.00	33.00	5.00	42.00	31.00	0.00	20.00	0.00	37.00	43.00	46.00	187.00	65.00	179.00	118.00
	700.17	0.00	22.00	14.00	32.00	7.00	42.00	31.00	0.00	31.00	0.00	37.00	46.00	46.00	188.00	65.00	184.00	117.00
	700.18	0.00	21.00	19.00	33.00	26.00	42.00	31.00	0.00	42.00	0.00	37.00	49.00	46.00	189.00	68.00	186.00	127.00
	700.19	0.00	26.00	19.00	34.00	27.00	43.00	32.00	0.00	50.00	0.00	37.00	49.00	46.00	192.00	68.00	188.00	126.00
	700.20	0.00	22.00	22.00	35.00	29.00	45.00	32.00	0.00	73.00	0.00	37.00	50.00	46.00	193.00	78.00	189.00	133.00
	700.21	0.00	24.00	24.00	36.00	36.00	50.00	32.00	0.00	95.00	0.00	37.00	48.00	44.00	191.00	80.00	190.00	144.00
	700.22	0.00	34.00	25.00	39.00	49.00	53.00	32.00	0.00	115.00	0.00	37.00	51.00	46.00	192.00	86.00	190.00	143.00
	700.23	0.00	35.00	27.00	40.00	52.00	68.00	32.00	0.00	143.00	0.00	37.00	51.00	46.00	191.00	86.00	190.00	141.00
	700.24	0.00	35.00	30.00	42.00	56.00	80.00	32.00	21.00	167.00	0.00	37.00	52.00	46.00	189.00	81.00	190.00	130.00
	700.25	0.00	35.00	31.00	41.00	90.00	94.00	37.00	22.00	184.00	0.00	37.00	50.00	45.00	189.00	77.00	190.00	127.00
	700.26	0.00	36.00	31.00	43.00	111.00	111.00	37.00	29.00	208.00	0.00	37.00	50.00	45.00	190.00	68.00	187.00	121.00
	700.27	0.00	36.00	31.00	44.00	123.00	139.00	41.00	29.00	229.00	0.00	36.00	50.00	45.00	189.00	66.00	183.00	116.00
	700.28	0.00	41.00	36.00	44.00	138.00	155.00	42.00	37.00	243.00	0.00	36.00	51.00	45.00	191.00	70.00	172.00	110.00
	700.29	0.00	57.00	40.00	44.00	150.00	173.00	42.00	44.00	268.00	0.00	35.00	43.00	44.00	193.00	64.00	156.00	103.00
	700.30	0.00	66.00	41.00	46.00	159.00	182.00	42.00	46.00	272.00	0.00	34.00	44.00	43.00	189.00	59.00	149.00	81.00
	700.31	0.00	68.00	43.00	47.00	168.00	197.00	42.00	49.00	276.00	0.00	34.00	43.00	38.00	182.00	53.00	127.00	48.00
	700.32	0.00	70.00	49.00	45.00	175.00	200.00	43.00	53.00	285.00	0.00	33.00	41.00	39.00	162.00	51.00	99.00	44.00
	700.33	0.00	72.00	43.00	46.00	179.00	204.00	42.00	47.00	286.00	0.00	32.00	42.00	39.00	158.00	50.00	66.00	43.00
	700.34	0.00	73.00	42.00	46.00	183.00	203.00	43.00	38.00	278.00	0.00	32.00	39.00	37.00	157.00	44.00	58.00	42.00
	700.35	0.00	73.00	42.00	46.00	183.00	203.00	43.00	30.00	271.00	0.00	30.00	39.00	38.00	160.00	44.00	56.00	42.00
	700.36	0.00	74.00	43.00	46.00	185.00	205.00	43.00	29.00	263.00	0.00	30.00	39.00	39.00	168.00	45.00	57.00	39.00
	700.37	0.00	74.00	43.00	46.00	187.00	204.00	43.00	29.00	266.00	0.00	29.00	38.00	39.00	174.00	48.00	63.00	41.00
	700.38	0.00	73.00	45.00	46.00	187.00	202.00	43.00	29.00	262.00	0.00	29.00	39.00	39.00	178.00	49.00	65.00	40.00
	700.39	0.00	73.00	44.00	46.00	186.00	201.00	44.00	29.00	261.00	0.00	29.00	39.00	39.00	180.00	50.00	65.00	41.00
	700.40	0.00	72.00	40.00	46.00	183.00	201.00	43.00	29.00	259.00	0.00	30.00	39.00	39.00	176.00	50.00	60.00	43.00
	700.41	0.00	71.00	38.00	45.00	181.00	201.00	43.00	29.00	265.00	0.00	31.00	38.00	39.00	175.00	49.00	57.00	45.00
	700.42	0.00	70.00	37.00	46.00	177.00	196.00	43.00	29.00	268.00	0.00	32.00	39.00	39.00	169.00	47.00	50.00	45.00
	700.43	0.00	69.00	40.00	45.00	177.00	190.00	44.00	29.00	266.00	0.00	32.00	40.00	39.00	170.00	46.00	51.00	45.00
	700.44	0.00	67.00	41.00	46.00	169.00	189.00	43.00	29.00	263.00	0.00	33.00	38.00	39.00	165.00	47.00	49.00	45.00
	700.45	0.00	66.00	36.00	45.00	165.00	185.00	44.00	29.00	254.00	0.00	33.00	39.00	39.00	166.00	46.00	50.00	43.00
	700.46	0.00	61.00	29.00	46.00	159.00	172.00	43.00	28.00	245.00	0.00	34.00	38.00	39.00	167.00	45.00	50.00	42.00
	700.47	0.00	43.00	27.00	45.00	150.00	167.00	44.00	29.00	236.00	0.00	34.00	36.00	39.00	164.00	45.00	49.00	42.00
	700.48	0.00	41.00	29.00	45.00	145.00	156.00	43.00	29.00	229.00	0.00	35.00	34.00	38.00	166.00	45.00	50.00	42.00
	700.49	0.00	37.00	28.00	46.00	139.00	147.00	43.00	27.00	221.00	0.00	36.00	34.00	37.00	165.00	45.00	50.00	41.00
	700.50	0.00	37.00	25.00	45.00	135.00	128.00	43.00	27.00	213.00	0.00	36.00	34.00	37.00	165.00	44.00	50.00	39.00
	700.51	0.00	37.00	26.00	45.00	126.00	123.00	43.00	26.00	202.00	0.00	38.00	32.00	37.00	163.00	44.00	50.00	38.00
	700.52	0.00	37.00	23.00	44.00	123.00	119.00	44.00	21.00	189.00	0.00	37.00	31.00	36.00	160.00	44.00	50.00	37.00
	700.53	0.00	37.00	23.00	43.00	111.00	105.00	45.00	21.00	186.00	0.00	38.00	31.00	36.00	157.00	44.00	48.00	36.00
	700.53	0.00	38.00	27.00	44.00	107.00	101.00	43.00	21.00	181.00	0.00	38.00	31.00	36.00	154.00	44.00	49.00	39.00
	700.55	0.00	38.00	25.00	44.00	102.00	99.00	44.00	21.00	168.00	0.00	37.00	30.00	35.00	154.00	43.00	48.00	41.00
	700.55	0.00	36.00	28.00	45.00	96.00	92.00	43.00	21.00	161.00	0.00	37.00	29.00	35.00	154.00	43.00	47.00	42.00
	700.56	0.00	37.00	27.00	44.00	90.00	89.00	43.00	20.00	152.00	0.00	37.00	30.00	35.00	150.00	43.00	48.00	42.00
	700.57	0.00	37.00	27.00	43.00	80.00	83.00	45.00	21.00	143.00	0.00	36.00	30.00	35.00	150.00	43.00	48.00	42.00
	700.58	0.00	37.00	29.00	44.00	71.00	79.00	44.00	20.00	134.00	0.00	36.00	28.00	35.00	150.00	43.00	48.00	43.00
	700.59	0.00	37.00	29.00	43.00	74.00	72.00	45.00	22.00	128.00	0.00	34.00	30.00	33.00	151.00	43.00	48.00	43.00
	700.60	0.00	37.00	25.00	43.00	72.00	64.00	45.00	20.00	120.00	0.00	35.00	30.00	35.00	152.00	43.00	48.00	43.00
	700.61	0.00	37.00	24.00	44.00	68.00	59.00	44.00	20.00	112.00	0.00	34.00	28.00	35.00	157.00	43.00	48.00	43.00
	700.62	0.00	37.00	26.00	43.00	68.00	56.00	44.00	25.00	107.00	0.00	34.00	30.00	35.00	158.00	43.00	48.00	43.00
	700.63	0.00	37.00	26.00	44.00	69.00	54.00	43.00	26.00	102.00	0.00	34.00	30.00	34.00	157.00	43.00	46.00	42.00
	700.64	0.00	37.00	24.00	43.00	67.00	54.00	43.00	27.00	95.00	0.00	33.00	30.00	34.00	163.00	43.00	48.00	43.00
	700.65	0.00	36.00	25.00	44.00	68.00	52.00	44.00	27.00	95.00	0.00	34.00	32.00	33.00	163.00	43.00	46.00	43.00
	700.66	0.00	36.00	25.00	44.00	69.00	52.00	43.00	27.00	77.00	0.00	34.00	30.00	33.00	164.00	43.00	48.00	43.00
	700.67	0.00	36.00	26.00	45.00	72.00	53.00	44.00	29.00	73.00	0.00	34.00	31.00	33.00	157.00	44.00	46.00	43.00
	700.68	0.00	36.00	22.00	45.00	74.00	53.00	44.00	29.00	62.00	0.00	34.00	31.00	33.00	151.00	44.00	48.00	42.00
	700.69	0.00	36.00	27.00	44.00	70.00	53.00	43.00	29.00	65.00	0.00	34.00	33.00	32.00	149.00	44.00	47.00	42.00
	700.70	0.00	36.00	27.00	45.00	74.00	51.00	44.00	29.00	62.00	0.00	34.00	33.00	33.00	143.00	43.00	47.00	43.00
	700.71	0.00	37.00	28.00	44.00	79.00	52.00	43.00	29.00	59.00	0.00	34.00	32.00	33.00	139.00	43.00	47.00	44.00
	700.72	0.00	37.00	25.00	45.00	77.00	49.00	44.00	29.00	62.00	0.00	34.00	32.00	32.00	133.00	43.00	48.00	45.00
	700.73	0.00	36.00	27.00	46.00	89.00	48.00	44.00	30.00	68.00	0.00	34.00	33.00	32.00	130.00	43.00	47.00	46.00
	700.74	0.00	36.00	25.00	46.00	94.00	50.00	43.00	30.00	69.00	0.00	34.00	33.00	33.00	132.00	43.00	47.00	45.00
	700.75	0.00	36.00	28.00	46.00	100.00	51.00	45.00	30.00	74.00	0.00	34.00	33.00	33.00	135.00	43.00	48.00	46.00
	700.76	0.00	36.00	30.00	46.00	106.00	52.00	43.00	29.00	80.00	0.00	34.00	35.00	33.00	138.00	43.00	48.00	44.00
	700.77	0.00	36.00	25.00	45.00	106.00	52.00	45.00	32.00	89.00	0.00	35.00	36.00	32.00	145.00	44.00	49.00	44.00
	700.78	0.00	36.00	28.00	45.00	108.00	50.00	45.00	33.00	98.00	0.00	36.00	34.00	35.00	152.00	44.00	49.00	46.00
	700.79	0.00	36.00	26.00	45.00	108.00	50.00	46.00	38.00	107.00	0.00	36.00	36.00	36.00	162.00	45.00	49.00	47.00
	700.79	0.00	36.00	27.00	46.00	108.00	52.00	45.00	40.00	110.00	0.00	37.00	35.00	36.00	176.00	47.00	49.00	48.00
	700.80	0.00	36.00	30.00	46.00	108.00	51.00	45.00	44.00	116.00	0.00	38.00	35.00	37.00	194.00	50.00	59.00	72.00
	700.82	0.00	36.00	29.00	46.00	110.00	50.00	44.00	47.00	119.00	0.00	47.00	38.00	38.00	212.00	53.00	64.00	99.00
	700.82	0.00	36.00	27.00	46.00	110.00	49.00	45.00	50.00	116.00	0.00	65.00	40.00	37.00	225.00	57.00	88.00	122.00
	700.83	0.00	36.00	29.00	45.00	111.00	55.00	44.00	59.00	108.00	0.00	86.00	43.00	39.00	241.00	62.00	102.00	142.00
	700.84	0.00	36.00	29.00	46.00	113.00	55.00	45.00	58.00	103.00	0.00	108.00	50.00	41.00	269.00	95.00	114.00	162.00
	700.85	0.00	36.00	32.00	45.00	112.00	55.00	45.00	51.00	85.00	0.00	115.00	77.00	42.00	285.00	131.00	127.00	175.00
	700.86	0.00	36.00	32.00	47.00	114.00	50.00	45.00	48.00	81.00	0.00	141.00	108.00	43.00	292.00	143.00	138.00	185.00
	700.87	0.00	36.00	32.00	46.00	113.00	49.00	45.00	45.00	66.00	0.00	158.00	135.00	44.00	301.00	154.00	148.00	195.00
	700.88	0.00	35.00	29.00	45.00	112.00	49.00	45.00	40.00	49.00	0.00	180.00	145.00	44.00	308.00	182.00	150.00	195.00
	700.89	0.00	35.00	27.00	45.00	114.00	47.00	45.00	39.00	11.00	0.00	186.00	146.00	43.00	311.00	199.00	152.00	192.00
	700.90	0.00	34.00	27.00	43.00	115.00	46.00	44.00	36.00	2.00	0.00	197.00	145.00	44.00	313.00	210.00	164.00	194.00
	700.91	0.00	35.00	27.00	42.00	112.00	45.00	45.00	30.00	0.00	20.00	205.00	150.00	44.00	313.00	219.00	182.00	198.00
	700.92	0.00	34.00	23.00	39.00	90.00	43.00	41.00	28.00	0.00	37.00	206.00	152.00	44.00	313.00	222.00	191.00	198.00
	700.93	0.00	33.00	25.00	37.00	72.00	43.00	40.00	28.00	0.00	53.00	198.00	145.00	43.00	313.00	228.00	192.00	200.00
	700.94	0.00	34.00	19.00	37.00	57.00	43.00	38.00	29.00	0.00	43.00	183.00	133.00	44.00	313.00	230.00	193.00	198.00
	700.95	0.00	34.00	0.00	37.00	52.00	43.00	37.00	29.00	0.00	43.00	176.00	127.00	44.00	316.00	226.00	196.00	196.00
	700.96	0.00	34.00	0.00	37.00	49.00	42.00	36.00	29.00	0.00	27.00	177.00	101.00	45.00	315.00	222.00	191.00	196.00
	700.97	0.00	33.00	0.00	36.00	46.00	42.00	38.00	29.00	0.00	0.00	179.00	80.00	43.00	314.00	216.00	183.00	197.00
	700.98	0.00	34.00	0.00	36.00	42.00	42.00	33.00	29.00	0.00	0.00	180.00	60.00	45.00	313.00	211.00	173.00	191.00
	700.99	0.00	34.00	0.00	36.00	43.00	42.00	34.00	29.00	0.00	0.00	180.00	49.00	46.00	313.00	204.00	170.00	189.00
	701.00	0.00	34.00	0.00	37.00	40.00	42.00	34.00	28.00	0.00	0.00	176.00	50.00	46.00	310.00	177.00	176.00	185.00
	701.01	0.00	34.00	0.00	34.00	28.00	41.00	34.00	28.00	0.00	0.00	172.00	47.00	46.00	307.00	171.00	181.00	172.00
	701.02	0.00	34.00	0.00	34.00	37.00	42.00	34.00	28.00	0.00	0.00	170.00	46.00	46.00	304.00	160.00	182.00	160.00
	701.03	0.00	34.00	0.00	34.00	35.00	42.00	34.00	28.00	0.00	0.00	166.00	43.00	46.00	294.00	147.00	180.00	149.00
	701.04	0.00	35.00	0.00	37.00	30.00	41.00	33.00	22.00	0.00	0.00	159.00	41.00	46.00	286.00	118.00	166.00	142.00
	701.05	0.00	34.00	0.00	33.00	28.00	41.00	33.00	22.00	0.00	0.00	153.00	41.00	46.00	271.00	94.00	160.00	137.00
	701.06	0.00	34.00	0.00	34.00	30.00	41.00	34.00	18.00	0.00	0.00	142.00	41.00	46.00	244.00	88.00	157.00	126.00
	701.07	0.00	34.00	0.00	34.00	30.00	40.00	34.00	19.00	0.00	0.00	122.00	40.00	46.00	239.00	71.00	154.00	115.00
	701.08	0.00	34.00	0.00	36.00	30.00	40.00	33.00	19.00	0.00	0.00	109.00	41.00	46.00	236.00	67.00	150.00	95.00
	701.09	0.00	34.00	0.00	36.00	30.00	41.00	33.00	0.00	0.00	0.00	105.00	39.00	45.00	232.00	62.00	147.00	89.00
	701.10	0.00	35.00	0.00	35.00	29.00	41.00	33.00	0.00	0.00	0.00	92.00	39.00	46.00	230.00	62.00	147.00	85.00
	701.11	0.00	34.00	0.00	36.00	30.00	41.00	33.00	0.00	0.00	0.00	89.00	40.00	46.00	229.00	61.00	146.00	76.00
	701.12	0.00	35.00	0.00	35.00	30.00	41.00	33.00	0.00	0.00	0.00	85.00	39.00	44.00	227.00	59.00	146.00	65.00
	701.13	0.00	34.00	0.00	36.00	29.00	41.00	33.00	0.00	0.00	0.00	82.00	40.00	44.00	223.00	58.00	142.00	55.00
	701.14	0.00	35.00	0.00	36.00	28.00	41.00	33.00	0.00	0.00	0.00	79.00	39.00	46.00	220.00	55.00	137.00	50.00
	701.15	0.00	35.00	0.00	35.00	29.00	41.00	33.00	0.00	0.00	0.00	72.00	40.00	45.00	219.00	53.00	133.00	49.00
	701.15	0.00	35.00	0.00	35.00	29.00	41.00	33.00	0.00	0.00	0.00	69.00	38.00	44.00	218.00	53.00	132.00	49.00
	701.16	0.00	35.00	0.00	36.00	29.00	42.00	33.00	0.00	2.00	0.00	64.00	40.00	45.00	213.00	52.00	130.00	47.00
	701.17	0.00	35.00	0.00	36.00	28.00	41.00	33.00	0.00	1.00	0.00	58.00	40.00	44.00	211.00	52.00	124.00	47.00
	701.18	0.00	35.00	0.00	36.00	29.00	41.00	33.00	0.00	9.00	0.00	46.00	40.00	44.00	207.00	52.00	120.00	49.00
	701.19	0.00	34.00	0.00	36.00	29.00	41.00	34.00	0.00	7.00	0.00	39.00	38.00	45.00	205.00	51.00	120.00	48.00
	701.20	0.00	35.00	0.00	36.00	27.00	41.00	34.00	0.00	9.00	0.00	39.00	38.00	44.00	203.00	51.00	119.00	47.00
	701.21	0.00	34.00	0.00	37.00	25.00	41.00	34.00	0.00	8.00	0.00	39.00	40.00	44.00	201.00	50.00	119.00	47.00
	701.22	0.00	18.00	0.00	34.00	27.00	41.00	33.00	0.00	0.00	0.00	38.00	40.00	45.00	199.00	51.00	118.00	47.00
	701.23	0.00	24.00	0.00	34.00	26.00	39.00	33.00	0.00	0.00	0.00	38.00	38.00	45.00	198.00	51.00	118.00	47.00
	701.24	0.00	22.00	0.00	32.00	7.00	40.00	33.00	0.00	0.00	0.00	38.00	40.00	43.00	196.00	51.00	118.00	47.00
	701.25	0.00	20.00	0.00	34.00	9.00	39.00	33.00	0.00	0.00	0.00	38.00	40.00	44.00	194.00	51.00	119.00	47.00
	701.26	0.00	18.00	0.00	27.00	7.00	39.00	32.00	0.00	0.00	0.00	38.00	38.00	45.00	193.00	50.00	119.00	47.00
	701.27	0.00	18.00	0.00	27.00	7.00	39.00	32.00	0.00	0.00	0.00	37.00	38.00	45.00	192.00	50.00	121.00	47.00
	701.28	0.00	18.00	0.00	27.00	7.00	40.00	32.00	0.00	0.00	0.00	38.00	40.00	45.00	189.00	51.00	122.00	48.00
	701.29	0.00	23.00	0.00	27.00	8.00	40.00	32.00	0.00	0.00	0.00	38.00	41.00	45.00	189.00	51.00	127.00	48.00
	701.30	0.00	24.00	0.00	27.00	2.00	40.00	32.00	0.00	0.00	0.00	38.00	40.00	45.00	189.00	52.00	129.00	48.00
	701.30	0.00	21.00	0.00	27.00	1.00	40.00	32.00	0.00	0.00	0.00	38.00	40.00	46.00	189.00	53.00	131.00	49.00
	701.32	0.00	20.00	0.00	27.00	0.00	41.00	32.00	0.00	0.00	0.00	38.00	41.00	46.00	188.00	53.00	135.00	51.00
	701.32	0.00	17.00	0.00	26.00	1.00	41.00	31.00	0.00	0.00	0.00	38.00	43.00	45.00	188.00	55.00	143.00	57.00
	701.33	0.00	18.00	0.00	26.00	0.00	41.00	32.00	0.00	0.00	0.00	37.00	42.00	45.00	188.00	57.00	146.00	73.00
	701.34	0.00	16.00	0.00	26.00	1.00	41.00	31.00	0.00	0.00	0.00	37.00	43.00	45.00	187.00	59.00	152.00	81.00
	701.35	0.00	17.00	0.00	26.00	0.00	41.00	31.00	0.00	0.00	0.00	37.00	42.00	45.00	188.00	60.00	161.00	93.00
	701.36	0.00	18.00	0.00	26.00	1.00	41.00	31.00	0.00	0.00	0.00	37.00	41.00	45.00	189.00	60.00	169.00	104.00
	701.37	0.00	23.00	3.00	26.00	1.00	42.00	32.00	0.00	0.00	0.00	36.00	41.00	44.00	189.00	63.00	172.00	110.00
	701.38	0.00	19.00	6.00	27.00	5.00	41.00	32.00	0.00	7.00	0.00	37.00	41.00	46.00	189.00	64.00	175.00	113.00
	701.39	0.00	23.00	12.00	32.00	25.00	42.00	32.00	0.00	21.00	0.00	37.00	43.00	44.00	190.00	65.00	179.00	121.00
	701.40	0.00	23.00	23.00	34.00	26.00	42.00	32.00	0.00	41.00	0.00	37.00	42.00	46.00	189.00	66.00	186.00	113.00
	701.41	0.00	25.00	29.00	34.00	29.00	43.00	32.00	0.00	55.00	0.00	37.00	42.00	46.00	188.00	66.00	187.00	123.00
	701.42	0.00	23.00	29.00	36.00	43.00	46.00	32.00	20.00	91.00	0.00	37.00	45.00	45.00	185.00	66.00	189.00	123.00
	701.43	0.00	33.00	26.00	41.00	49.00	48.00	32.00	20.00	115.00	0.00	37.00	46.00	46.00	187.00	69.00	190.00	124.00
	701.44	0.00	34.00	29.00	41.00	52.00	68.00	32.00	21.00	150.00	0.00	37.00	46.00	45.00	188.00	69.00	190.00	119.00
	701.45	0.00	35.00	27.00	43.00	59.00	78.00	37.00	28.00	174.00	0.00	37.00	48.00	45.00	187.00	68.00	191.00	118.00
	701.46	0.00	36.00	28.00	44.00	107.00	95.00	36.00	29.00	203.00	0.00	36.00	47.00	45.00	186.00	67.00	193.00	115.00
	701.47	0.00	36.00	35.00	44.00	121.00	109.00	37.00	30.00	216.00	0.00	36.00	48.00	45.00	183.00	66.00	188.00	115.00
	701.48	0.00	41.00	40.00	45.00	139.00	127.00	41.00	40.00	234.00	0.00	36.00	44.00	45.00	180.00	66.00	182.00	111.00
	701.49	0.00	44.00	40.00	46.00	150.00	140.00	42.00	45.00	252.00	0.00	35.00	45.00	44.00	174.00	65.00	159.00	106.00
	701.50	0.00	60.00	41.00	46.00	156.00	147.00	42.00	46.00	256.00	0.00	34.00	44.00	44.00	163.00	58.00	149.00	92.00
	701.51	0.00	62.00	40.00	46.00	164.00	151.00	42.00	46.00	253.00	0.00	34.00	44.00	42.00	151.00	52.00	132.00	72.00
	701.52	0.00	63.00	40.00	46.00	171.00	157.00	43.00	45.00	261.00	0.00	33.00	43.00	39.00	139.00	49.00	110.00	47.00
	701.53	0.00	64.00	42.00	46.00	177.00	164.00	43.00	44.00	270.00	0.00	32.00	41.00	38.00	131.00	46.00	68.00	44.00
	701.54	0.00	65.00	42.00	46.00	180.00	163.00	43.00	38.00	266.00	0.00	32.00	39.00	39.00	118.00	44.00	49.00	43.00
	701.55	0.00	66.00	42.00	47.00	180.00	167.00	43.00	31.00	264.00	0.00	32.00	38.00	38.00	116.00	43.00	47.00	38.00
	701.56	0.00	68.00	43.00	45.00	182.00	169.00	44.00	31.00	264.00	0.00	31.00	37.00	38.00	114.00	43.00	48.00	37.00
	701.57	0.00	70.00	43.00	47.00	182.00	175.00	43.00	31.00	259.00	0.00	29.00	36.00	38.00	114.00	43.00	46.00	37.00
	701.58	0.00	71.00	44.00	45.00	183.00	180.00	44.00	31.00	260.00	0.00	28.00	37.00	38.00	114.00	43.00	46.00	38.00
	701.59	0.00	72.00	44.00	47.00	184.00	186.00	43.00	30.00	259.00	0.00	23.00	37.00	39.00	115.00	44.00	48.00	38.00
	701.59	0.00	71.00	41.00	47.00	186.00	185.00	43.00	31.00	262.00	0.00	23.00	37.00	39.00	122.00	44.00	51.00	38.00
	701.60	0.00	70.00	41.00	46.00	187.00	181.00	44.00	31.00	266.00	0.00	23.00	37.00	39.00	126.00	44.00	54.00	40.00
	701.61	0.00	70.00	42.00	47.00	180.00	175.00	45.00	30.00	267.00	0.00	25.00	39.00	39.00	128.00	42.00	48.00	40.00
	701.62	0.00	68.00	44.00	47.00	178.00	172.00	44.00	30.00	268.00	0.00	27.00	36.00	39.00	129.00	43.00	47.00	42.00
	701.63	0.00	68.00	43.00	46.00	172.00	167.00	44.00	30.00	266.00	0.00	28.00	38.00	40.00	128.00	43.00	48.00	44.00
	701.64	0.00	67.00	41.00	46.00	167.00	162.00	43.00	30.00	263.00	0.00	29.00	36.00	39.00	126.00	42.00	48.00	43.00
	701.65	0.00	67.00	36.00	46.00	161.00	160.00	44.00	30.00	255.00	0.00	31.00	35.00	39.00	123.00	41.00	48.00	41.00
	701.66	0.00	63.00	30.00	46.00	157.00	156.00	44.00	30.00	247.00	0.00	32.00	36.00	39.00	115.00	42.00	47.00	40.00
	701.67	0.00	46.00	28.00	47.00	155.00	154.00	44.00	30.00	241.00	0.00	32.00	35.00	38.00	116.00	42.00	48.00	40.00
	701.68	0.00	42.00	30.00	47.00	145.00	148.00	44.00	29.00	237.00	0.00	33.00	34.00	38.00	125.00	42.00	48.00	38.00
	701.69	0.00	41.00	28.00	45.00	143.00	142.00	44.00	29.00	223.00	0.00	34.00	33.00	37.00	127.00	42.00	48.00	38.00
	701.70	0.00	37.00	29.00	46.00	139.00	131.00	44.00	28.00	212.00	0.00	34.00	34.00	37.00	130.00	42.00	48.00	35.00
	701.71	0.00	37.00	28.00	46.00	131.00	124.00	43.00	27.00	201.00	0.00	35.00	31.00	37.00	133.00	43.00	49.00	37.00
	701.72	0.00	37.00	26.00	44.00	127.00	118.00	45.00	27.00	196.00	0.00	36.00	32.00	36.00	138.00	42.00	48.00	37.00
	701.73	0.00	37.00	29.00	45.00	124.00	118.00	44.00	27.00	184.00	0.00	36.00	32.00	36.00	142.00	42.00	49.00	37.00
	701.74	0.00	37.00	28.00	45.00	122.00	102.00	44.00	27.00	178.00	0.00	37.00	31.00	36.00	144.00	42.00	48.00	36.00
	701.75	0.00	37.00	28.00	45.00	107.00	98.00	43.00	21.00	170.00	0.00	37.00	28.00	36.00	144.00	42.00	49.00	35.00
	701.76	0.00	36.00	27.00	44.00	103.00	95.00	43.00	20.00	166.00	0.00	37.00	30.00	34.00	144.00	42.00	49.00	36.00
	701.77	0.00	37.00	27.00	45.00	96.00	90.00	45.00	22.00	157.00	0.00	37.00	28.00	35.00	144.00	43.00	47.00	39.00
	701.78	0.00	37.00	25.00	44.00	92.00	88.00	43.00	25.00	154.00	0.00	36.00	27.00	35.00	143.00	43.00	48.00	38.00
	701.79	0.00	37.00	27.00	44.00	79.00	85.00	43.00	22.00	156.00	0.00	36.00	29.00	35.00	144.00	43.00	48.00	38.00
	701.80	0.00	37.00	26.00	44.00	73.00	82.00	43.00	20.00	144.00	0.00	35.00	29.00	35.00	141.00	43.00	48.00	39.00
	701.81	0.00	37.00	28.00	44.00	72.00	79.00	44.00	22.00	140.00	0.00	35.00	29.00	35.00	144.00	43.00	48.00	39.00
	701.82	0.00	36.00	19.00	44.00	73.00	76.00	45.00	26.00	129.00	0.00	34.00	27.00	35.00	144.00	43.00	47.00	38.00
	701.83	0.00	37.00	22.00	43.00	72.00	75.00	44.00	27.00	129.00	0.00	34.00	29.00	35.00	147.00	43.00	46.00	38.00
	701.84	0.00	37.00	20.00	43.00	71.00	73.00	44.00	26.00	129.00	0.00	34.00	29.00	35.00	147.00	43.00	46.00	38.00
	701.85	0.00	37.00	21.00	43.00	69.00	71.00	44.00	26.00	122.00	0.00	33.00	28.00	34.00	143.00	42.00	46.00	37.00
	701.86	0.00	36.00	20.00	43.00	72.00	70.00	44.00	28.00	125.00	0.00	33.00	29.00	32.00	152.00	42.00	45.00	38.00
	701.87	0.00	36.00	21.00	44.00	70.00	70.00	43.00	27.00	122.00	0.00	33.00	30.00	33.00	153.00	42.00	45.00	39.00
	701.88	0.00	36.00	23.00	43.00	71.00	69.00	44.00	30.00	120.00	0.00	33.00	31.00	33.00	153.00	43.00	45.00	38.00
	701.89	0.00	36.00	24.00	44.00	73.00	65.00	44.00	28.00	112.00	0.00	34.00	32.00	33.00	154.00	43.00	45.00	40.00
	701.90	0.00	36.00	24.00	44.00	74.00	67.00	44.00	29.00	118.00	0.00	34.00	32.00	33.00	154.00	43.00	46.00	42.00
	701.91	0.00	36.00	24.00	46.00	79.00	70.00	44.00	30.00	115.00	0.00	34.00	32.00	32.00	151.00	43.00	46.00	42.00
	701.91	0.00	36.00	25.00	45.00	76.00	67.00	44.00	31.00	115.00	0.00	34.00	34.00	32.00	151.00	42.00	47.00	42.00
	701.92	0.00	36.00	23.00	45.00	88.00	63.00	44.00	31.00	118.00	0.00	34.00	34.00	32.00	147.00	42.00	48.00	44.00
	701.93	0.00	36.00	27.00	46.00	94.00	62.00	44.00	30.00	113.00	0.00	34.00	34.00	33.00	137.00	42.00	48.00	43.00
	701.94	0.00	36.00	29.00	47.00	100.00	63.00	45.00	29.00	107.00	0.00	34.00	33.00	33.00	132.00	42.00	48.00	45.00
	701.95	0.00	35.00	31.00	46.00	103.00	62.00	44.00	31.00	107.00	0.00	35.00	34.00	32.00	135.00	42.00	48.00	45.00
	701.96	0.00	35.00	32.00	46.00	107.00	64.00	45.00	31.00	101.00	0.00	35.00	34.00	32.00	141.00	43.00	47.00	46.00
	701.97	0.00	36.00	29.00	46.00	110.00	66.00	46.00	34.00	100.00	0.00	35.00	36.00	33.00	150.00	42.00	48.00	47.00
	701.98	0.00	36.00	28.00	46.00	110.00	66.00	46.00	38.00	100.00	0.00	35.00	36.00	34.00	161.00	43.00	48.00	47.00
	701.99	0.00	36.00	30.00	45.00	110.00	62.00	46.00	43.00	99.00	0.00	36.00	35.00	35.00	170.00	44.00	49.00	47.00
	702.00	0.00	36.00	32.00	45.00	111.00	61.00	46.00	47.00	107.00	0.00	36.00	36.00	36.00	185.00	45.00	49.00	50.00
	702.01	0.00	36.00	35.00	47.00	109.00	63.00	46.00	57.00	107.00	0.00	37.00	36.00	36.00	196.00	47.00	51.00	72.00
	702.02	0.00	36.00	41.00	45.00	117.00	63.00	46.00	67.00	107.00	0.00	40.00	35.00	37.00	215.00	52.00	61.00	95.00
	702.03	0.00	36.00	41.00	47.00	115.00	64.00	47.00	66.00	110.00	0.00	64.00	39.00	38.00	229.00	55.00	76.00	112.00
	702.04	0.00	36.00	43.00	46.00	116.00	68.00	46.00	74.00	112.00	0.00	81.00	42.00	39.00	240.00	59.00	90.00	138.00
	702.05	0.00	36.00	44.00	46.00	122.00	70.00	46.00	72.00	114.00	0.00	89.00	46.00	40.00	265.00	80.00	105.00	145.00
	702.06	0.00	36.00	45.00	48.00	124.00	69.00	46.00	68.00	102.00	0.00	112.00	61.00	41.00	277.00	94.00	111.00	156.00
	702.07	0.00	36.00	47.00	47.00	124.00	69.00	44.00	68.00	88.00	0.00	141.00	80.00	40.00	289.00	102.00	119.00	164.00
	702.08	0.00	36.00	45.00	46.00	124.00	67.00	45.00	69.00	94.00	0.00	160.00	122.00	42.00	294.00	114.00	122.00	168.00
	702.09	0.00	36.00	40.00	46.00	124.00	61.00	45.00	66.00	65.00	0.00	167.00	130.00	43.00	300.00	127.00	132.00	177.00
	702.10	0.00	35.00	31.00	46.00	122.00	57.00	45.00	59.00	33.00	0.00	173.00	125.00	42.00	304.00	149.00	136.00	179.00
	702.11	0.00	36.00	27.00	45.00	117.00	51.00	45.00	44.00	12.00	0.00	178.00	127.00	42.00	306.00	159.00	143.00	179.00
	702.12	0.00	36.00	28.00	45.00	113.00	53.00	45.00	39.00	2.00	2.00	175.00	130.00	42.00	309.00	182.00	149.00	182.00
	702.13	0.00	35.00	28.00	44.00	107.00	51.00	42.00	33.00	2.00	22.00	165.00	129.00	41.00	309.00	193.00	155.00	182.00
	702.14	0.00	35.00	21.00	41.00	81.00	52.00	41.00	30.00	1.00	26.00	154.00	77.00	43.00	308.00	195.00	157.00	174.00
	702.15	0.00	35.00	20.00	40.00	60.00	52.00	41.00	29.00	0.00	16.00	132.00	51.00	44.00	307.00	192.00	157.00	161.00
	702.16	0.00	35.00	21.00	39.00	48.00	53.00	37.00	30.00	0.00	0.00	112.00	50.00	45.00	304.00	167.00	157.00	158.00
	702.17	0.00	34.00	11.00	38.00	46.00	53.00	37.00	30.00	0.00	0.00	110.00	47.00	45.00	302.00	158.00	157.00	158.00
	702.18	0.00	35.00	13.00	37.00	49.00	52.00	36.00	30.00	0.00	0.00	111.00	42.00	45.00	301.00	143.00	148.00	160.00
	702.19	0.00	35.00	8.00	39.00	47.00	52.00	36.00	30.00	0.00	0.00	113.00	42.00	45.00	299.00	117.00	146.00	160.00
	702.20	0.00	35.00	12.00	38.00	49.00	52.00	37.00	29.00	0.00	0.00	113.00	43.00	45.00	297.00	100.00	145.00	159.00
	702.21	0.00	34.00	5.00	38.00	46.00	51.00	33.00	29.00	0.00	0.00	112.00	41.00	45.00	296.00	90.00	147.00	157.00
	702.22	0.00	35.00	4.00	38.00	43.00	52.00	33.00	28.00	0.00	0.00	110.00	41.00	45.00	292.00	89.00	150.00	145.00
	702.23	0.00	35.00	1.00	39.00	41.00	51.00	34.00	29.00	0.00	0.00	110.00	41.00	45.00	286.00	87.00	150.00	133.00
	702.24	0.00	35.00	1.00	39.00	41.00	52.00	33.00	29.00	0.00	0.00	109.00	43.00	45.00	279.00	76.00	149.00	123.00
	702.25	0.00	35.00	1.00	40.00	36.00	52.00	33.00	29.00	0.00	0.00	108.00	42.00	44.00	264.00	70.00	148.00	113.00
	702.26	0.00	35.00	0.00	38.00	36.00	52.00	33.00	22.00	0.00	0.00	107.00	42.00	45.00	243.00	63.00	139.00	105.00
	702.27	0.00	35.00	0.00	37.00	31.00	50.00	34.00	20.00	0.00	0.00	106.00	39.00	44.00	240.00	62.00	132.00	87.00
	702.28	0.00	35.00	0.00	37.00	24.00	48.00	34.00	21.00	0.00	0.00	98.00	39.00	45.00	236.00	62.00	129.00	76.00
	702.28	0.00	35.00	0.00	37.00	28.00	49.00	34.00	19.00	0.00	0.00	96.00	38.00	45.00	234.00	61.00	127.00	66.00
	702.29	0.00	35.00	0.00	37.00	23.00	49.00	33.00	20.00	0.00	0.00	84.00	38.00	45.00	233.00	60.00	125.00	57.00
	702.30	0.00	35.00	0.00	37.00	20.00	45.00	33.00	19.00	0.00	0.00	76.00	40.00	42.00	232.00	58.00	123.00	54.00
	702.31	0.00	35.00	0.00	32.00	17.00	44.00	34.00	0.00	0.00	0.00	70.00	38.00	45.00	229.00	54.00	122.00	53.00
	702.32	0.00	34.00	0.00	33.00	17.00	43.00	34.00	0.00	0.00	0.00	69.00	39.00	45.00	226.00	53.00	121.00	50.00
	702.33	0.00	35.00	0.00	35.00	11.00	43.00	34.00	0.00	0.00	0.00	66.00	39.00	45.00	221.00	53.00	119.00	50.00
	702.34	0.00	35.00	0.00	36.00	29.00	43.00	34.00	0.00	0.00	0.00	64.00	36.00	44.00	218.00	52.00	115.00	49.00
	702.35	0.00	35.00	0.00	36.00	31.00	42.00	34.00	0.00	0.00	0.00	60.00	35.00	44.00	214.00	52.00	112.00	48.00
	702.36	0.00	35.00	0.00	36.00	24.00	41.00	34.00	0.00	0.00	0.00	50.00	36.00	42.00	213.00	52.00	107.00	48.00
	702.37	0.00	35.00	0.00	34.00	28.00	42.00	34.00	0.00	0.00	0.00	48.00	36.00	44.00	210.00	51.00	103.00	48.00
	702.38	0.00	35.00	0.00	34.00	10.00	42.00	34.00	0.00	0.00	0.00	41.00	36.00	44.00	207.00	50.00	96.00	48.00
	702.39	0.00	35.00	0.00	34.00	28.00	41.00	34.00	0.00	0.00	0.00	40.00	36.00	43.00	205.00	50.00	94.00	48.00
	702.40	0.00	35.00	0.00	34.00	26.00	42.00	34.00	0.00	0.00	0.00	40.00	36.00	44.00	202.00	50.00	92.00	48.00
	702.41	0.00	35.00	0.00	34.00	27.00	41.00	34.00	0.00	0.00	0.00	39.00	36.00	43.00	199.00	49.00	92.00	47.00
	702.42	0.00	35.00	0.00	34.00	24.00	42.00	33.00	0.00	0.00	0.00	39.00	36.00	43.00	195.00	49.00	87.00	47.00
	702.43	0.00	35.00	0.00	34.00	25.00	43.00	33.00	0.00	0.00	0.00	38.00	36.00	43.00	191.00	49.00	88.00	46.00
	702.44	0.00	35.00	0.00	34.00	6.00	42.00	33.00	0.00	0.00	0.00	38.00	36.00	44.00	187.00	48.00	87.00	46.00
	702.45	0.00	34.00	0.00	34.00	7.00	41.00	34.00	0.00	0.00	0.00	38.00	34.00	44.00	181.00	48.00	86.00	46.00
	702.45	0.00	18.00	0.00	32.00	7.00	41.00	32.00	0.00	0.00	0.00	38.00	35.00	43.00	178.00	47.00	85.00	46.00
	702.46	0.00	18.00	0.00	28.00	7.00	40.00	32.00	0.00	0.00	0.00	37.00	34.00	43.00	179.00	47.00	82.00	46.00
	702.47	0.00	18.00	0.00	29.00	7.00	40.00	32.00	0.00	0.00	0.00	37.00	34.00	43.00	176.00	46.00	70.00	46.00
	702.48	0.00	17.00	0.00	27.00	7.00	40.00	32.00	0.00	0.00	0.00	37.00	35.00	43.00	173.00	46.00	69.00	46.00
	702.49	0.00	16.00	0.00	26.00	7.00	40.00	31.00	0.00	0.00	0.00	37.00	34.00	44.00	172.00	46.00	67.00	46.00
	702.50	0.00	16.00	0.00	27.00	6.00	40.00	31.00	0.00	0.00	0.00	37.00	33.00	43.00	170.00	46.00	65.00	46.00
	702.51	0.00	17.00	0.00	26.00	7.00	40.00	31.00	0.00	0.00	0.00	36.00	34.00	43.00	168.00	46.00	64.00	46.00
	702.52	0.00	17.00	0.00	26.00	1.00	40.00	31.00	0.00	0.00	0.00	37.00	34.00	43.00	167.00	45.00	64.00	46.00
	702.53	0.00	17.00	0.00	26.00	0.00	41.00	31.00	0.00	0.00	0.00	37.00	34.00	43.00	169.00	46.00	64.00	46.00
	702.54	0.00	17.00	0.00	26.00	0.00	40.00	31.00	0.00	0.00	0.00	36.00	35.00	43.00	168.00	46.00	64.00	46.00
	702.55	0.00	17.00	0.00	26.00	0.00	41.00	32.00	0.00	0.00	0.00	37.00	35.00	43.00	167.00	46.00	75.00	46.00
	702.56	0.00	17.00	0.00	25.00	0.00	41.00	31.00	0.00	0.00	0.00	37.00	35.00	43.00	169.00	46.00	79.00	46.00
	702.57	0.00	17.00	0.00	25.00	0.00	41.00	31.00	0.00	0.00	0.00	37.00	36.00	43.00	170.00	46.00	80.00	47.00
	702.58	0.00	17.00	0.00	24.00	0.00	41.00	31.00	0.00	0.00	0.00	36.00	36.00	44.00	168.00	47.00	82.00	47.00
	702.59	0.00	17.00	0.00	25.00	0.00	42.00	31.00	0.00	0.00	0.00	36.00	35.00	44.00	166.00	47.00	95.00	46.00
	702.59	0.00	17.00	0.00	24.00	0.00	42.00	31.00	0.00	0.00	0.00	36.00	38.00	44.00	167.00	48.00	99.00	46.00
	702.60	0.00	17.00	0.00	24.00	0.00	42.00	31.00	0.00	0.00	0.00	36.00	39.00	44.00	167.00	48.00	103.00	47.00
	702.61	0.00	18.00	0.00	25.00	0.00	42.00	31.00	0.00	0.00	0.00	36.00	40.00	44.00	167.00	51.00	106.00	46.00
	702.62	0.00	18.00	0.00	25.00	0.00	42.00	31.00	0.00	0.00	0.00	35.00	40.00	45.00	164.00	51.00	108.00	47.00
	702.63	0.00	18.00	0.00	25.00	1.00	41.00	31.00	0.00	0.00	0.00	36.00	41.00	45.00	166.00	50.00	110.00	46.00
	702.64	0.00	20.00	0.00	25.00	1.00	41.00	31.00	0.00	0.00	0.00	36.00	41.00	45.00	166.00	51.00	113.00	47.00
	702.65	0.00	21.00	10.00	25.00	3.00	42.00	31.00	0.00	0.00	0.00	36.00	40.00	45.00	169.00	51.00	115.00	47.00
	702.66	0.00	19.00	16.00	27.00	5.00	42.00	32.00	0.00	5.00	0.00	35.00	42.00	46.00	170.00	51.00	118.00	47.00
	702.67	0.00	23.00	22.00	26.00	3.00	42.00	32.00	0.00	17.00	0.00	36.00	42.00	46.00	168.00	52.00	122.00	52.00
	702.68	0.00	20.00	13.00	26.00	6.00	42.00	32.00	0.00	23.00	0.00	36.00	43.00	44.00	172.00	53.00	123.00	51.00
	702.69	0.00	21.00	18.00	26.00	11.00	43.00	32.00	0.00	33.00	0.00	36.00	41.00	46.00	171.00	54.00	124.00	51.00
	702.70	0.00	24.00	21.00	27.00	13.00	43.00	32.00	0.00	39.00	0.00	37.00	43.00	46.00	171.00	55.00	124.00	52.00
	702.71	0.00	23.00	19.00	27.00	11.00	43.00	32.00	0.00	42.00	0.00	37.00	41.00	46.00	176.00	56.00	124.00	54.00
	702.72	0.00	23.00	16.00	26.00	13.00	43.00	32.00	0.00	40.00	0.00	37.00	44.00	46.00	176.00	56.00	126.00	53.00
	702.73	0.00	24.00	21.00	27.00	14.00	43.00	32.00	0.00	45.00	0.00	37.00	42.00	46.00	178.00	57.00	129.00	55.00
	702.74	0.00	24.00	24.00	27.00	13.00	43.00	32.00	0.00	45.00	0.00	37.00	42.00	46.00	178.00	58.00	134.00	55.00
	702.75	0.00	23.00	17.00	29.00	13.00	43.00	32.00	16.00	47.00	0.00	37.00	42.00	46.00	180.00	58.00	136.00	58.00
	702.76	0.00	24.00	20.00	30.00	12.00	43.00	32.00	17.00	51.00	0.00	37.00	43.00	46.00	181.00	60.00	141.00	60.00
	702.77	0.00	33.00	21.00	31.00	13.00	44.00	32.00	18.00	75.00	0.00	37.00	44.00	46.00	182.00	61.00	148.00	64.00
	702.78	0.00	34.00	23.00	34.00	10.00	48.00	32.00	25.00	105.00	0.00	37.00	44.00	46.00	183.00	62.00	150.00	64.00
	702.78	0.00	35.00	24.00	39.00	27.00	53.00	36.00	29.00	133.00	0.00	36.00	44.00	46.00	184.00	62.00	156.00	66.00
	702.79	0.00	34.00	26.00	42.00	39.00	75.00	36.00	29.00	162.00	0.00	36.00	46.00	45.00	185.00	63.00	158.00	76.00
	702.80	0.00	36.00	30.00	43.00	42.00	91.00	37.00	30.00	191.00	0.00	35.00	44.00	45.00	187.00	66.00	160.00	63.00
	702.81	0.00	36.00	29.00	43.00	51.00	102.00	38.00	30.00	211.00	0.00	35.00	46.00	44.00	188.00	67.00	160.00	60.00
	702.82	0.00	41.00	29.00	43.00	89.00	112.00	41.00	31.00	225.00	0.00	35.00	45.00	44.00	191.00	68.00	154.00	61.00
	702.83	0.00	56.00	27.00	43.00	101.00	116.00	42.00	30.00	235.00	0.00	35.00	45.00	44.00	195.00	68.00	149.00	53.00
	702.84	0.00	64.00	27.00	45.00	105.00	118.00	42.00	30.00	243.00	0.00	35.00	44.00	42.00	197.00	67.00	135.00	49.00
	702.85	0.00	64.00	28.00	46.00	108.00	120.00	42.00	27.00	239.00	0.00	35.00	44.00	42.00	199.00	59.00	118.00	45.00
	702.86	0.00	64.00	27.00	45.00	107.00	122.00	42.00	29.00	226.00	0.00	35.00	43.00	42.00	202.00	57.00	108.00	45.00
	702.87	0.00	64.00	29.00	45.00	112.00	127.00	42.00	29.00	222.00	0.00	35.00	40.00	40.00	203.00	55.00	93.00	45.00
	702.88	0.00	65.00	30.00	45.00	116.00	131.00	42.00	29.00	226.00	0.00	35.00	42.00	40.00	208.00	53.00	83.00	45.00
	702.89	0.00	66.00	35.00	46.00	119.00	134.00	41.00	29.00	224.00	0.00	35.00	40.00	39.00	216.00	53.00	83.00	42.00
	702.90	0.00	66.00	32.00	45.00	123.00	138.00	41.00	29.00	224.00	0.00	35.00	41.00	39.00	222.00	53.00	88.00	43.00
	702.91	0.00	67.00	27.00	46.00	121.00	142.00	41.00	29.00	229.00	0.00	35.00	41.00	39.00	227.00	53.00	92.00	45.00
	702.92	0.00	67.00	29.00	46.00	126.00	146.00	42.00	30.00	236.00	0.00	35.00	41.00	39.00	229.00	53.00	93.00	46.00
	702.93	0.00	67.00	34.00	46.00	124.00	152.00	43.00	30.00	244.00	0.00	35.00	41.00	39.00	231.00	53.00	93.00	47.00
	702.94	0.00	67.00	36.00	46.00	122.00	157.00	43.00	30.00	252.00	0.00	35.00	39.00	39.00	233.00	53.00	84.00	47.00
	702.95	0.00	67.00	37.00	46.00	124.00	161.00	44.00	30.00	254.00	0.00	35.00	40.00	39.00	235.00	53.00	83.00	48.00
	702.96	0.00	67.00	35.00	46.00	122.00	162.00	43.00	29.00	248.00	0.00	35.00	39.00	39.00	236.00	52.00	70.00	47.00
	702.97	0.00	67.00	26.00	45.00	113.00	158.00	43.00	29.00	247.00	0.00	35.00	38.00	39.00	236.00	52.00	65.00	47.00
	702.98	0.00	66.00	27.00	45.00	110.00	155.00	44.00	29.00	246.00	0.00	35.00	36.00	39.00	239.00	52.00	65.00	47.00
	702.99	0.00	64.00	27.00	45.00	110.00	152.00	43.00	22.00	241.00	0.00	36.00	36.00	39.00	240.00	50.00	64.00	48.00
	703.00	0.00	57.00	26.00	45.00	109.00	147.00	42.00	22.00	240.00	0.00	36.00	35.00	39.00	241.00	49.00	62.00	47.00
	703.01	0.00	44.00	28.00	46.00	109.00	145.00	43.00	22.00	237.00	0.00	36.00	35.00	39.00	245.00	50.00	60.00	47.00
	703.02	0.00	44.00	26.00	46.00	106.00	145.00	43.00	22.00	236.00	0.00	36.00	35.00	39.00	247.00	50.00	58.00	46.00
	703.03	0.00	44.00	27.00	45.00	105.00	144.00	44.00	21.00	237.00	0.00	37.00	36.00	39.00	250.00	50.00	58.00	47.00
	703.04	0.00	42.00	27.00	46.00	105.00	143.00	43.00	21.00	238.00	0.00	37.00	34.00	39.00	260.00	50.00	59.00	47.00
	703.05	0.00	43.00	26.00	46.00	105.00	143.00	43.00	21.00	239.00	0.00	38.00	34.00	39.00	267.00	51.00	61.00	48.00
	703.06	0.00	42.00	27.00	46.00	101.00	144.00	44.00	20.00	238.00	0.00	38.00	35.00	39.00	270.00	51.00	63.00	47.00
	703.07	0.00	37.00	28.00	46.00	94.00	143.00	44.00	20.00	233.00	0.00	38.00	34.00	39.00	274.00	51.00	64.00	48.00
	703.08	0.00	36.00	27.00	45.00	85.00	143.00	43.00	20.00	228.00	0.00	38.00	34.00	39.00	276.00	53.00	64.00	48.00
	703.09	0.00	37.00	26.00	45.00	71.00	144.00	43.00	20.00	220.00	0.00	38.00	32.00	39.00	280.00	53.00	65.00	47.00
	703.10	0.00	37.00	26.00	44.00	69.00	143.00	44.00	0.00	215.00	0.00	39.00	32.00	39.00	281.00	54.00	66.00	48.00
	703.11	0.00	36.00	23.00	44.00	62.00	138.00	44.00	0.00	207.00	0.00	39.00	32.00	39.00	282.00	54.00	66.00	48.00
	703.12	0.00	36.00	26.00	44.00	55.00	134.00	43.00	0.00	207.00	0.00	40.00	32.00	39.00	285.00	54.00	66.00	48.00
	703.13	0.00	36.00	27.00	44.00	56.00	130.00	43.00	0.00	203.00	0.00	40.00	33.00	39.00	286.00	54.00	66.00	49.00
	703.14	0.00	37.00	26.00	44.00	55.00	126.00	43.00	0.00	194.00	0.00	40.00	31.00	39.00	286.00	54.00	67.00	47.00
	703.14	0.00	36.00	27.00	44.00	56.00	123.00	43.00	0.00	194.00	0.00	40.00	30.00	39.00	284.00	54.00	67.00	48.00
	703.16	0.00	36.00	26.00	44.00	56.00	121.00	43.00	0.00	189.00	0.00	40.00	32.00	39.00	279.00	54.00	66.00	48.00
	703.16	0.00	36.00	25.00	44.00	56.00	119.00	43.00	0.00	191.00	0.00	39.00	33.00	39.00	264.00	54.00	64.00	48.00
	703.17	0.00	36.00	27.00	43.00	56.00	117.00	43.00	0.00	194.00	0.00	39.00	31.00	39.00	256.00	54.00	63.00	48.00
	703.18	0.00	37.00	26.00	44.00	55.00	113.00	43.00	0.00	194.00	0.00	39.00	33.00	39.00	255.00	55.00	62.00	48.00
	703.19	0.00	35.00	27.00	43.00	55.00	102.00	43.00	0.00	190.00	0.00	38.00	31.00	39.00	255.00	55.00	60.00	48.00
	703.20	0.00	36.00	26.00	43.00	54.00	100.00	43.00	0.00	189.00	0.00	37.00	33.00	39.00	251.00	55.00	56.00	48.00
	703.21	0.00	37.00	25.00	44.00	54.00	97.00	43.00	0.00	185.00	0.00	38.00	33.00	37.00	251.00	55.00	53.00	48.00
	703.22	0.00	37.00	25.00	42.00	53.00	94.00	43.00	0.00	182.00	0.00	38.00	31.00	39.00	247.00	56.00	51.00	48.00
	703.23	0.00	37.00	26.00	43.00	53.00	92.00	43.00	0.00	179.00	0.00	38.00	33.00	38.00	245.00	54.00	52.00	48.00
	703.24	0.00	37.00	27.00	42.00	52.00	88.00	43.00	0.00	177.00	0.00	37.00	31.00	38.00	245.00	54.00	51.00	48.00
	703.25	0.00	36.00	26.00	43.00	52.00	86.00	43.00	0.00	178.00	0.00	37.00	32.00	38.00	246.00	54.00	51.00	48.00
	703.26	0.00	36.00	25.00	43.00	52.00	84.00	43.00	0.00	172.00	0.00	36.00	32.00	38.00	248.00	54.00	52.00	48.00
	703.27	0.00	36.00	26.00	42.00	52.00	81.00	43.00	0.00	173.00	0.00	36.00	32.00	37.00	249.00	54.00	51.00	48.00
	703.28	0.00	36.00	23.00	42.00	52.00	78.00	43.00	0.00	167.00	0.00	36.00	33.00	37.00	248.00	54.00	51.00	47.00
	703.29	0.00	36.00	25.00	42.00	51.00	74.00	43.00	0.00	165.00	0.00	36.00	33.00	37.00	245.00	54.00	50.00	47.00
	703.30	0.00	36.00	23.00	42.00	51.00	72.00	43.00	0.00	163.00	0.00	35.00	33.00	37.00	242.00	54.00	51.00	46.00
	703.31	0.00	36.00	24.00	42.00	52.00	72.00	42.00	0.00	164.00	0.00	35.00	33.00	35.00	236.00	54.00	51.00	46.00
	703.32	0.00	36.00	24.00	42.00	51.00	71.00	43.00	0.00	165.00	0.00	35.00	31.00	37.00	231.00	54.00	49.00	46.00
	703.33	0.00	36.00	24.00	41.00	51.00	70.00	43.00	0.00	164.00	0.00	34.00	33.00	37.00	226.00	54.00	49.00	46.00
	703.34	0.00	36.00	24.00	41.00	51.00	69.00	43.00	0.00	159.00	0.00	35.00	33.00	37.00	223.00	54.00	50.00	46.00
	703.35	0.00	36.00	24.00	41.00	51.00	65.00	43.00	0.00	155.00	0.00	34.00	31.00	37.00	221.00	53.00	49.00	46.00
	703.35	0.00	36.00	23.00	41.00	52.00	60.00	43.00	0.00	147.00	0.00	34.00	33.00	38.00	219.00	52.00	49.00	46.00
	703.37	0.00	36.00	25.00	41.00	52.00	59.00	43.00	0.00	148.00	0.00	34.00	31.00	38.00	215.00	50.00	49.00	46.00
	703.38	0.00	36.00	27.00	41.00	51.00	59.00	43.00	0.00	148.00	0.00	34.00	33.00	38.00	211.00	47.00	49.00	46.00
	703.39	0.00	36.00	27.00	42.00	49.00	61.00	43.00	0.00	152.00	0.00	35.00	33.00	38.00	207.00	46.00	51.00	46.00
	703.39	0.00	37.00	28.00	42.00	52.00	62.00	43.00	0.00	158.00	0.00	34.00	32.00	38.00	203.00	45.00	49.00	45.00
	703.40	0.00	37.00	25.00	43.00	50.00	66.00	43.00	0.00	160.00	0.00	34.00	33.00	39.00	192.00	45.00	49.00	44.00
	703.41	0.00	36.00	27.00	42.00	52.00	68.00	42.00	0.00	156.00	0.00	34.00	32.00	39.00	190.00	45.00	51.00	44.00
	703.42	0.00	37.00	26.00	42.00	53.00	69.00	43.00	0.00	157.00	0.00	35.00	32.00	39.00	189.00	45.00	50.00	44.00
	703.43	0.00	37.00	27.00	42.00	52.00	72.00	44.00	21.00	148.00	0.00	35.00	32.00	39.00	187.00	45.00	50.00	45.00
	703.44	0.00	37.00	25.00	43.00	54.00	73.00	45.00	21.00	140.00	0.00	34.00	34.00	38.00	189.00	45.00	51.00	45.00
	703.45	0.00	37.00	26.00	43.00	54.00	72.00	43.00	20.00	131.00	0.00	35.00	32.00	39.00	189.00	46.00	53.00	46.00
	703.46	0.00	37.00	28.00	42.00	53.00	70.00	44.00	19.00	116.00	0.00	35.00	34.00	40.00	189.00	46.00	53.00	46.00
	703.47	0.00	36.00	27.00	42.00	53.00	67.00	44.00	19.00	106.00	0.00	35.00	34.00	40.00	188.00	45.00	53.00	46.00
	703.48	0.00	36.00	28.00	42.00	54.00	63.00	44.00	17.00	89.00	0.00	36.00	33.00	40.00	185.00	46.00	53.00	46.00
	703.49	0.00	37.00	27.00	42.00	55.00	61.00	45.00	18.00	83.00	0.00	35.00	32.00	40.00	185.00	46.00	53.00	46.00
	703.50	0.00	37.00	28.00	42.00	54.00	62.00	44.00	18.00	77.00	0.00	36.00	33.00	40.00	181.00	46.00	53.00	46.00
	703.51	0.00	37.00	28.00	42.00	53.00	62.00	45.00	21.00	72.00	0.00	36.00	33.00	40.00	179.00	45.00	53.00	46.00
	703.52	0.00	37.00	25.00	43.00	54.00	63.00	45.00	21.00	71.00	0.00	35.00	33.00	40.00	178.00	44.00	51.00	46.00
	703.53	0.00	37.00	30.00	43.00	54.00	65.00	45.00	20.00	67.00	0.00	35.00	34.00	40.00	176.00	44.00	52.00	47.00
	703.54	0.00	37.00	29.00	43.00	54.00	67.00	44.00	21.00	63.00	0.00	35.00	34.00	38.00	179.00	44.00	53.00	47.00
	703.55	0.00	37.00	29.00	43.00	54.00	69.00	45.00	21.00	60.00	0.00	35.00	32.00	40.00	180.00	44.00	52.00	47.00
	703.56	0.00	37.00	28.00	42.00	54.00	71.00	45.00	26.00	62.00	0.00	35.00	34.00	40.00	179.00	44.00	52.00	47.00
	703.57	0.00	37.00	29.00	42.00	54.00	74.00	44.00	27.00	66.00	0.00	35.00	32.00	40.00	175.00	44.00	53.00	47.00
	703.58	0.00	37.00	29.00	43.00	54.00	76.00	45.00	28.00	63.00	0.00	35.00	34.00	41.00	172.00	44.00	52.00	47.00
	703.59	0.00	37.00	30.00	42.00	55.00	76.00	44.00	28.00	67.00	0.00	35.00	34.00	41.00	171.00	44.00	53.00	46.00
	703.60	0.00	37.00	31.00	43.00	56.00	77.00	44.00	28.00	69.00	0.00	35.00	34.00	40.00	169.00	44.00	52.00	47.00
	703.60	0.00	37.00	30.00	42.00	55.00	76.00	44.00	28.00	70.00	0.00	35.00	34.00	41.00	168.00	44.00	53.00	47.00
	703.62	0.00	37.00	31.00	43.00	52.00	77.00	45.00	27.00	71.00	0.00	35.00	32.00	41.00	170.00	44.00	53.00	47.00
	703.63	0.00	36.00	30.00	42.00	53.00	76.00	44.00	27.00	62.00	0.00	35.00	33.00	41.00	171.00	44.00	53.00	47.00
	703.63	0.00	37.00	29.00	43.00	53.00	77.00	44.00	27.00	64.00	0.00	35.00	32.00	41.00	171.00	44.00	53.00	47.00
	703.64	0.00	36.00	31.00	43.00	55.00	76.00	44.00	28.00	65.00	0.00	35.00	33.00	41.00	172.00	44.00	53.00	47.00
	703.65	0.00	36.00	31.00	44.00	55.00	76.00	44.00	26.00	64.00	0.00	36.00	33.00	41.00	172.00	44.00	56.00	48.00
	703.66	0.00	37.00	32.00	44.00	57.00	74.00	44.00	27.00	65.00	0.00	35.00	31.00	41.00	168.00	43.00	56.00	47.00
	703.67	0.00	36.00	31.00	44.00	57.00	72.00	45.00	26.00	66.00	0.00	36.00	33.00	41.00	170.00	44.00	57.00	48.00
	703.68	0.00	36.00	30.00	44.00	56.00	71.00	45.00	26.00	69.00	0.00	35.00	31.00	41.00	171.00	44.00	58.00	48.00
	703.69	0.00	36.00	29.00	43.00	56.00	70.00	45.00	28.00	69.00	0.00	36.00	33.00	41.00	173.00	45.00	73.00	49.00
	703.70	0.00	36.00	28.00	44.00	57.00	68.00	45.00	27.00	70.00	0.00	36.00	32.00	41.00	176.00	45.00	75.00	49.00
	703.71	0.00	36.00	28.00	42.00	57.00	66.00	45.00	26.00	71.00	0.00	36.00	32.00	41.00	174.00	46.00	80.00	49.00
	703.72	0.00	36.00	27.00	44.00	54.00	63.00	44.00	28.00	69.00	0.00	37.00	34.00	41.00	178.00	47.00	92.00	49.00
	703.73	0.00	36.00	29.00	44.00	53.00	62.00	45.00	27.00	64.00	0.00	37.00	34.00	41.00	183.00	47.00	99.00	50.00
	703.74	0.00	36.00	29.00	44.00	52.00	61.00	45.00	27.00	66.00	0.00	37.00	34.00	42.00	183.00	48.00	102.00	52.00
	703.75	0.00	36.00	28.00	43.00	52.00	59.00	44.00	27.00	62.00	0.00	38.00	32.00	42.00	186.00	48.00	107.00	57.00
	703.76	0.00	36.00	28.00	44.00	51.00	57.00	44.00	27.00	57.00	0.00	38.00	34.00	42.00	188.00	48.00	109.00	57.00
	703.77	0.00	36.00	27.00	44.00	50.00	56.00	44.00	27.00	55.00	0.00	37.00	35.00	40.00	189.00	48.00	109.00	56.00
	703.78	0.00	36.00	29.00	43.00	49.00	56.00	45.00	26.00	51.00	0.00	38.00	35.00	42.00	190.00	48.00	110.00	53.00
	703.79	0.00	36.00	28.00	44.00	47.00	56.00	44.00	26.00	31.00	0.00	38.00	36.00	41.00	190.00	48.00	109.00	50.00
	703.80	0.00	36.00	28.00	42.00	44.00	56.00	44.00	26.00	25.00	0.00	38.00	34.00	42.00	190.00	48.00	109.00	50.00
	703.81	0.00	36.00	26.00	42.00	44.00	56.00	44.00	27.00	22.00	0.00	38.00	34.00	41.00	188.00	48.00	108.00	50.00
	703.82	0.00	36.00	22.00	42.00	44.00	56.00	44.00	21.00	21.00	0.00	38.00	33.00	41.00	186.00	48.00	106.00	51.00
	703.83	0.00	36.00	25.00	41.00	43.00	56.00	44.00	25.00	20.00	0.00	38.00	33.00	41.00	185.00	48.00	105.00	50.00
	703.84	0.00	36.00	24.00	41.00	44.00	56.00	44.00	21.00	19.00	0.00	38.00	35.00	42.00	183.00	47.00	105.00	52.00
	703.85	0.00	35.00	24.00	41.00	45.00	56.00	44.00	19.00	19.00	0.00	38.00	33.00	41.00	181.00	47.00	105.00	50.00
	703.85	0.00	36.00	26.00	40.00	46.00	56.00	44.00	19.00	19.00	0.00	38.00	33.00	42.00	179.00	47.00	105.00	51.00
	703.86	0.00	34.00	24.00	41.00	47.00	56.00	45.00	22.00	19.00	0.00	38.00	35.00	42.00	179.00	48.00	105.00	53.00
	703.88	0.00	36.00	23.00	41.00	47.00	56.00	44.00	21.00	19.00	0.00	38.00	33.00	41.00	180.00	48.00	105.00	53.00
	703.89	0.00	36.00	20.00	40.00	48.00	55.00	44.00	21.00	19.00	0.00	38.00	35.00	40.00	178.00	48.00	106.00	51.00
	703.89	0.00	36.00	25.00	41.00	47.00	55.00	44.00	20.00	19.00	0.00	38.00	35.00	42.00	179.00	48.00	106.00	51.00
	703.90	0.00	35.00	23.00	41.00	47.00	55.00	45.00	19.00	19.00	0.00	38.00	33.00	42.00	179.00	48.00	103.00	52.00
	703.91	0.00	34.00	23.00	40.00	45.00	55.00	45.00	19.00	18.00	0.00	38.00	33.00	42.00	182.00	48.00	97.00	51.00
	703.92	0.00	36.00	25.00	41.00	43.00	54.00	45.00	18.00	18.00	0.00	38.00	35.00	42.00	183.00	48.00	86.00	50.00
	703.93	0.00	36.00	24.00	40.00	43.00	54.00	43.00	18.00	18.00	0.00	38.00	33.00	41.00	184.00	48.00	86.00	52.00
	703.94	0.00	36.00	20.00	40.00	43.00	54.00	43.00	18.00	18.00	0.00	38.00	35.00	42.00	184.00	47.00	85.00	52.00
	703.95	0.00	36.00	20.00	40.00	43.00	54.00	43.00	19.00	18.00	0.00	38.00	34.00	42.00	185.00	47.00	87.00	50.00
	703.96	0.00	35.00	23.00	39.00	43.00	54.00	42.00	17.00	18.00	0.00	38.00	34.00	41.00	186.00	47.00	87.00	50.00
	703.97	0.00	35.00	24.00	40.00	43.00	54.00	43.00	18.00	18.00	0.00	38.00	34.00	42.00	186.00	47.00	86.00	52.00
	703.98	0.00	35.00	20.00	40.00	42.00	53.00	42.00	18.00	17.00	0.00	38.00	33.00	42.00	185.00	48.00	91.00	52.00
	703.99	0.00	35.00	22.00	40.00	43.00	54.00	43.00	17.00	18.00	0.00	38.00	35.00	42.00	187.00	48.00	94.00	52.00
	704.00	0.00	35.00	19.00	40.00	43.00	53.00	43.00	19.00	18.00	0.00	38.00	35.00	42.00	187.00	48.00	96.00	52.00
	704.01	0.00	35.00	17.00	39.00	43.00	54.00	43.00	19.00	18.00	0.00	38.00	33.00	41.00	187.00	48.00	98.00	51.00
	704.02	0.00	35.00	15.00	41.00	42.00	53.00	43.00	19.00	18.00	0.00	38.00	35.00	41.00	188.00	48.00	97.00	54.00
	704.03	0.00	35.00	18.00	40.00	43.00	54.00	43.00	17.00	18.00	0.00	38.00	35.00	41.00	188.00	48.00	96.00	55.00
	704.04	0.00	36.00	16.00	40.00	42.00	54.00	43.00	18.00	18.00	0.00	38.00	33.00	41.00	187.00	48.00	96.00	53.00
	704.05	0.00	35.00	16.00	41.00	44.00	53.00	43.00	19.00	18.00	0.00	38.00	35.00	41.00	187.00	48.00	89.00	55.00
	704.06	0.00	35.00	19.00	41.00	42.00	53.00	43.00	19.00	18.00	0.00	38.00	33.00	41.00	187.00	47.00	88.00	54.00
	704.07	0.00	35.00	12.00	41.00	42.00	53.00	43.00	17.00	17.00	0.00	38.00	33.00	41.00	186.00	47.00	88.00	54.00
	704.08	0.00	35.00	14.00	40.00	43.00	52.00	42.00	18.00	18.00	0.00	38.00	35.00	41.00	187.00	47.00	88.00	52.00
	704.09	0.00	35.00	19.00	40.00	42.00	50.00	43.00	17.00	18.00	0.00	38.00	35.00	41.00	187.00	48.00	88.00	52.00
	704.10	0.00	35.00	19.00	40.00	42.00	50.00	43.00	18.00	18.00	0.00	38.00	33.00	41.00	187.00	46.00	87.00	53.00
	704.10	0.00	35.00	1.00	40.00	44.00	49.00	43.00	19.00	17.00	0.00	38.00	35.00	41.00	187.00	47.00	86.00	51.00
	704.11	0.00	35.00	2.00	41.00	44.00	49.00	42.00	19.00	17.00	0.00	38.00	35.00	39.00	187.00	47.00	86.00	52.00
	704.12	0.00	35.00	0.00	40.00	42.00	49.00	42.00	17.00	18.00	0.00	37.00	33.00	41.00	187.00	47.00	85.00	52.00
	704.13	0.00	35.00	0.00	41.00	43.00	47.00	42.00	17.00	18.00	0.00	38.00	35.00	41.00	185.00	47.00	85.00	52.00
	704.14	0.00	35.00	0.00	40.00	43.00	48.00	43.00	18.00	17.00	0.00	38.00	35.00	39.00	184.00	47.00	84.00	52.00
	704.15	0.00	35.00	0.00	40.00	43.00	48.00	41.00	18.00	17.00	0.00	37.00	35.00	41.00	183.00	47.00	84.00	51.00
	704.16	0.00	35.00	0.00	40.00	43.00	47.00	42.00	19.00	18.00	0.00	37.00	35.00	39.00	184.00	46.00	84.00	51.00
	704.17	0.00	35.00	0.00	40.00	43.00	48.00	41.00	19.00	17.00	0.00	38.00	33.00	41.00	185.00	46.00	84.00	52.00
	704.18	0.00	35.00	0.00	40.00	43.00	48.00	42.00	19.00	17.00	0.00	38.00	33.00	38.00	184.00	46.00	84.00	52.00
	704.19	0.00	35.00	0.00	37.00	42.00	47.00	41.00	19.00	18.00	0.00	37.00	35.00	41.00	186.00	46.00	84.00	51.00
	704.20	0.00	35.00	0.00	38.00	42.00	47.00	41.00	19.00	18.00	0.00	38.00	35.00	38.00	186.00	46.00	84.00	52.00
	704.21	0.00	35.00	0.00	37.00	42.00	48.00	41.00	0.00	17.00	0.00	38.00	35.00	41.00	184.00	45.00	83.00	51.00
	704.22	0.00	35.00	0.00	37.00	42.00	48.00	41.00	0.00	18.00	0.00	37.00	33.00	39.00	187.00	46.00	84.00	51.00
	704.23	0.00	35.00	0.00	36.00	42.00	47.00	41.00	0.00	18.00	0.00	37.00	34.00	41.00	187.00	46.00	83.00	52.00
	704.24	0.00	35.00	0.00	37.00	42.00	44.00	41.00	0.00	18.00	0.00	37.00	34.00	40.00	187.00	46.00	83.00	50.00
	704.25	0.00	35.00	0.00	38.00	42.00	44.00	41.00	0.00	18.00	0.00	38.00	35.00	41.00	186.00	46.00	83.00	52.00
	704.26	0.00	35.00	0.00	37.00	42.00	44.00	41.00	0.00	18.00	0.00	37.00	34.00	41.00	184.00	47.00	83.00	52.00
	704.27	0.00	35.00	0.00	37.00	39.00	44.00	41.00	0.00	18.00	0.00	37.00	33.00	41.00	184.00	47.00	83.00	52.00
	704.28	0.00	35.00	0.00	37.00	39.00	44.00	41.00	0.00	18.00	0.00	37.00	33.00	41.00	186.00	46.00	83.00	52.00
	704.29	0.00	34.00	0.00	38.00	41.00	44.00	41.00	0.00	17.00	0.00	37.00	34.00	41.00	184.00	46.00	83.00	52.00
	704.29	0.00	35.00	0.00	37.00	41.00	44.00	41.00	0.00	17.00	0.00	38.00	33.00	41.00	186.00	46.00	83.00	52.00
	704.30	0.00	35.00	0.00	37.00	41.00	44.00	41.00	0.00	16.00	0.00	37.00	34.00	41.00	183.00	46.00	83.00	52.00
	704.31	0.00	35.00	0.00	39.00	41.00	44.00	41.00	0.00	17.00	0.00	37.00	33.00	39.00	183.00	46.00	82.00	52.00
	704.32	0.00	35.00	0.00	38.00	41.00	44.00	41.00	0.00	17.00	0.00	37.00	34.00	39.00	187.00	46.00	82.00	50.00
	704.33	0.00	35.00	0.00	35.00	41.00	44.00	41.00	0.00	17.00	0.00	37.00	34.00	40.00	184.00	46.00	82.00	51.00
	704.34	0.00	35.00	0.00	35.00	41.00	44.00	41.00	0.00	17.00	0.00	37.00	35.00	41.00	186.00	46.00	82.00	52.00
	704.35	0.00	35.00	0.00	35.00	42.00	44.00	41.00	0.00	18.00	0.00	37.00	33.00	40.00	185.00	46.00	82.00	51.00
	704.36	0.00	34.00	0.00	35.00	42.00	44.00	41.00	0.00	18.00	0.00	37.00	35.00	39.00	187.00	46.00	82.00	50.00
	704.37	0.00	35.00	0.00	35.00	42.00	44.00	41.00	0.00	19.00	0.00	37.00	33.00	40.00	186.00	46.00	82.00	51.00
	704.38	0.00	35.00	0.00	35.00	40.00	44.00	41.00	0.00	17.00	0.00	38.00	33.00	41.00	187.00	46.00	82.00	52.00
	704.39	0.00	35.00	0.00	36.00	42.00	44.00	41.00	0.00	17.00	0.00	37.00	33.00	40.00	188.00	46.00	82.00	50.00
	704.40	0.00	35.00	0.00	35.00	42.00	44.00	41.00	0.00	18.00	0.00	37.00	33.00	40.00	187.00	46.00	82.00	50.00
	704.41	0.00	35.00	0.00	35.00	42.00	44.00	41.00	0.00	18.00	0.00	37.00	35.00	40.00	186.00	46.00	82.00	51.00
	704.42	0.00	35.00	0.00	35.00	40.00	44.00	41.00	0.00	19.00	0.00	38.00	33.00	41.00	188.00	46.00	82.00	52.00
	704.43	0.00	35.00	0.00	35.00	40.00	44.00	40.00	0.00	19.00	0.00	37.00	34.00	41.00	186.00	46.00	82.00	52.00
	704.44	0.00	34.00	0.00	35.00	42.00	44.00	41.00	0.00	18.00	0.00	37.00	34.00	40.00	186.00	46.00	82.00	50.00
	704.45	0.00	35.00	0.00	36.00	42.00	44.00	41.00	0.00	18.00	0.00	37.00	34.00	41.00	187.00	46.00	82.00	52.00
	704.46	0.00	35.00	0.00	35.00	42.00	44.00	41.00	0.00	18.00	0.00	37.00	34.00	41.00	187.00	46.00	81.00	52.00
	704.47	0.00	34.00	0.00	36.00	41.00	44.00	41.00	0.00	18.00	0.00	37.00	34.00	41.00	187.00	46.00	82.00	52.00
	704.47	0.00	35.00	0.00	36.00	41.00	44.00	41.00	0.00	18.00	0.00	37.00	34.00	41.00	187.00	46.00	81.00	52.00
	704.48	0.00	34.00	0.00	36.00	41.00	44.00	41.00	0.00	19.00	0.00	37.00	34.00	39.00	187.00	45.00	81.00	52.00
	704.49	0.00	35.00	0.00	36.00	42.00	43.00	41.00	0.00	19.00	0.00	37.00	32.00	41.00	187.00	45.00	80.00	52.00
	704.50	0.00	34.00	0.00	36.00	41.00	44.00	41.00	0.00	19.00	0.00	37.00	32.00	41.00	185.00	45.00	80.00	51.00
	704.51	0.00	35.00	0.00	35.00	41.00	44.00	41.00	0.00	19.00	0.00	37.00	34.00	40.00	184.00	45.00	79.00	49.00
	704.52	0.00	34.00	0.00	36.00	41.00	44.00	41.00	0.00	18.00	0.00	37.00	32.00	39.00	182.00	44.00	79.00	51.00
	704.53	0.00	35.00	0.00	35.00	41.00	44.00	41.00	0.00	18.00	0.00	37.00	34.00	41.00	183.00	44.00	78.00	51.00
	704.54	0.00	34.00	0.00	35.00	39.00	44.00	41.00	0.00	17.00	0.00	36.00	34.00	41.00	182.00	44.00	78.00	51.00
	704.55	0.00	35.00	0.00	37.00	41.00	44.00	41.00	0.00	17.00	0.00	37.00	34.00	40.00	181.00	44.00	77.00	49.00
	704.56	0.00	34.00	0.00	38.00	41.00	44.00	41.00	0.00	17.00	0.00	37.00	34.00	41.00	181.00	45.00	78.00	51.00
	704.57	0.00	35.00	0.00	37.00	41.00	44.00	41.00	0.00	17.00	0.00	36.00	34.00	39.00	181.00	45.00	78.00	49.00
	704.58	0.00	35.00	0.00	37.00	41.00	44.00	41.00	0.00	17.00	0.00	37.00	34.00	41.00	182.00	44.00	78.00	50.00
	704.59	0.00	35.00	0.00	37.00	41.00	44.00	41.00	0.00	17.00	0.00	36.00	32.00	40.00	181.00	45.00	77.00	49.00
	704.60	0.00	34.00	0.00	38.00	41.00	44.00	41.00	0.00	17.00	0.00	37.00	32.00	39.00	181.00	45.00	68.00	49.00
	704.61	0.00	35.00	0.00	39.00	41.00	44.00	41.00	0.00	17.00	0.00	37.00	34.00	39.00	182.00	45.00	65.00	49.00
	704.62	0.00	35.00	0.00	39.00	41.00	44.00	41.00	0.00	17.00	0.00	37.00	34.00	41.00	182.00	44.00	64.00	50.00
	704.63	0.00	35.00	0.00	39.00	41.00	44.00	41.00	0.00	17.00	0.00	37.00	32.00	41.00	181.00	45.00	63.00	51.00
	704.64	0.00	34.00	0.00	39.00	41.00	44.00	41.00	0.00	16.00	0.00	37.00	32.00	39.00	181.00	44.00	62.00	50.00
	704.65	0.00	35.00	0.00	40.00	42.00	44.00	41.00	0.00	16.00	0.00	37.00	34.00	39.00	179.00	45.00	62.00	49.00
	704.66	0.00	35.00	0.00	39.00	41.00	44.00	41.00	0.00	16.00	0.00	37.00	34.00	40.00	179.00	44.00	61.00	50.00
	704.66	0.00	35.00	0.00	40.00	42.00	44.00	41.00	0.00	17.00	0.00	36.00	32.00	39.00	179.00	45.00	61.00	49.00
	704.67	0.00	35.00	0.00	41.00	42.00	43.00	41.00	0.00	16.00	0.00	37.00	34.00	39.00	178.00	45.00	61.00	48.00
	704.68	0.00	35.00	0.00	40.00	42.00	44.00	41.00	0.00	17.00	0.00	37.00	34.00	40.00	178.00	45.00	61.00	49.00
	704.69	0.00	35.00	0.00	40.00	42.00	44.00	42.00	0.00	17.00	0.00	36.00	32.00	40.00	176.00	45.00	61.00	49.00
	704.70	0.00	35.00	0.00	40.00	42.00	44.00	42.00	0.00	17.00	0.00	35.00	32.00	39.00	178.00	45.00	60.00	49.00
	704.71	0.00	35.00	0.00	40.00	42.00	43.00	42.00	0.00	17.00	0.00	37.00	34.00	39.00	178.00	44.00	60.00	48.00
	704.72	0.00	35.00	0.00	39.00	42.00	44.00	41.00	0.00	17.00	0.00	36.00	32.00	40.00	179.00	45.00	60.00	49.00
	704.73	0.00	35.00	0.00	39.00	42.00	44.00	42.00	0.00	17.00	0.00	37.00	34.00	41.00	176.00	45.00	59.00	51.00
	704.74	0.00	35.00	0.00	39.00	42.00	44.00	41.00	0.00	17.00	0.00	36.00	32.00	39.00	176.00	44.00	59.00	49.00
	704.75	0.00	35.00	0.00	39.00	42.00	44.00	41.00	0.00	17.00	0.00	37.00	34.00	41.00	176.00	44.00	59.00	51.00
	704.76	0.00	35.00	0.00	40.00	42.00	44.00	41.00	0.00	17.00	0.00	37.00	34.00	41.00	177.00	45.00	59.00	50.00
	704.77	0.00	35.00	0.00	41.00	41.00	44.00	41.00	0.00	17.00	0.00	37.00	34.00	41.00	177.00	44.00	59.00	51.00
	704.78	0.00	35.00	0.00	41.00	42.00	44.00	41.00	0.00	17.00	0.00	37.00	34.00	40.00	179.00	45.00	59.00	51.00
	704.79	0.00	35.00	0.00	40.00	41.00	44.00	41.00	0.00	17.00	0.00	36.00	34.00	39.00	178.00	44.00	60.00	51.00
	704.80	0.00	35.00	0.00	40.00	42.00	43.00	41.00	0.00	17.00	0.00	37.00	32.00	39.00	177.00	44.00	60.00	49.00
	704.81	0.00	35.00	0.00	39.00	42.00	44.00	41.00	0.00	17.00	0.00	37.00	32.00	39.00	177.00	44.00	60.00	49.00
	704.82	0.00	36.00	0.00	39.00	41.00	44.00	41.00	0.00	17.00	0.00	37.00	34.00	41.00	178.00	45.00	60.00	50.00
	704.83	0.00	35.00	0.00	39.00	41.00	44.00	41.00	0.00	17.00	0.00	37.00	34.00	41.00	178.00	45.00	60.00	50.00
	704.83	0.00	35.00	0.00	40.00	41.00	44.00	41.00	0.00	17.00	0.00	37.00	34.00	39.00	180.00	44.00	60.00	49.00
	704.84	0.00	35.00	0.00	40.00	41.00	44.00	42.00	0.00	17.00	0.00	37.00	32.00	40.00	178.00	45.00	60.00	49.00
	704.85	0.00	35.00	0.00	40.00	39.00	43.00	42.00	0.00	17.00	0.00	37.00	34.00	41.00	177.00	44.00	60.00	50.00
	704.86	0.00	35.00	0.00	40.00	42.00	44.00	42.00	0.00	17.00	0.00	37.00	34.00	41.00	178.00	45.00	61.00	51.00
	704.87	0.00	35.00	0.00	40.00	42.00	44.00	41.00	0.00	17.00	0.00	37.00	34.00	41.00	177.00	45.00	61.00	51.00
	704.88	0.00	35.00	0.00	40.00	41.00	44.00	41.00	0.00	17.00	0.00	37.00	34.00	41.00	177.00	44.00	61.00	51.00
	704.89	0.00	35.00	0.00	40.00	42.00	44.00	41.00	0.00	17.00	0.00	36.00	32.00	40.00	179.00	44.00	61.00	49.00
	704.90	0.00	35.00	0.00	40.00	42.00	44.00	42.00	0.00	17.00	0.00	37.00	34.00	41.00	178.00	45.00	61.00	51.00
	704.91	0.00	35.00	0.00	39.00	41.00	44.00	41.00	0.00	17.00	0.00	37.00	34.00	41.00	178.00	45.00	61.00	51.00
	704.92	0.00	35.00	0.00	39.00	42.00	44.00	41.00	0.00	17.00	0.00	37.00	34.00	39.00	179.00	44.00	61.00	49.00
	704.93	0.00	35.00	0.00	41.00	42.00	44.00	41.00	0.00	17.00	0.00	37.00	34.00	40.00	179.00	45.00	61.00	49.00
	704.94	0.00	35.00	0.00	39.00	41.00	44.00	41.00	0.00	17.00	0.00	37.00	32.00	41.00	177.00	45.00	61.00	50.00
	704.95	0.00	35.00	0.00	38.00	42.00	44.00	40.00	0.00	17.00	0.00	36.00	32.00	39.00	177.00	44.00	61.00	49.00
	704.96	0.00	35.00	0.00	38.00	42.00	43.00	41.00	0.00	17.00	0.00	37.00	32.00	39.00	177.00	45.00	61.00	49.00
	704.97	0.00	35.00	0.00	38.00	42.00	44.00	42.00	0.00	17.00	0.00	37.00	34.00	39.00	177.00	45.00	61.00	49.00
	704.98	0.00	35.00	0.00	37.00	41.00	44.00	41.00	0.00	17.00	0.00	37.00	34.00	40.00	178.00	45.00	61.00	49.00
	704.99	0.00	35.00	0.00	37.00	42.00	44.00	41.00	0.00	18.00	0.00	36.00	34.00	39.00	178.00	45.00	61.00	51.00
	705.00	0.00	35.00	0.00	37.00	42.00	44.00	41.00	0.00	17.00	0.00	37.00	32.00	39.00	180.00	45.00	61.00	48.00
	705.01	0.00	35.00	0.00	37.00	42.00	44.00	41.00	0.00	17.00	0.00	37.00	34.00	40.00	177.00	44.00	61.00	51.00
	705.01	0.00	35.00	0.00	36.00	42.00	44.00	41.00	0.00	17.00	0.00	36.00	32.00	39.00	176.00	44.00	61.00	49.00
	705.02	0.00	35.00	0.00	37.00	42.00	44.00	41.00	0.00	18.00	0.00	37.00	34.00	41.00	176.00	45.00	61.00	51.00
	705.03	0.00	35.00	0.00	36.00	42.00	44.00	42.00	0.00	17.00	0.00	37.00	32.00	39.00	178.00	45.00	59.00	49.00
	705.04	0.00	35.00	0.00	36.00	42.00	44.00	41.00	0.00	17.00	0.00	37.00	34.00	39.00	176.00	44.00	60.00	50.00
	705.05	0.00	35.00	0.00	36.00	42.00	44.00	41.00	0.00	18.00	0.00	37.00	34.00	41.00	175.00	45.00	60.00	51.00
	705.06	0.00	35.00	0.00	36.00	42.00	44.00	41.00	0.00	18.00	0.00	36.00	32.00	39.00	176.00	45.00	60.00	49.00
	705.07	0.00	35.00	0.00	36.00	42.00	44.00	42.00	0.00	18.00	0.00	37.00	34.00	41.00	175.00	45.00	60.00	51.00
	705.08	0.00	34.00	0.00	36.00	42.00	44.00	42.00	0.00	18.00	0.00	37.00	32.00	41.00	175.00	45.00	60.00	51.00
	705.09	0.00	35.00	0.00	36.00	43.00	44.00	42.00	0.00	19.00	0.00	37.00	34.00	41.00	175.00	45.00	59.00	51.00
	705.10	0.00	35.00	0.00	36.00	43.00	44.00	42.00	0.00	18.00	0.00	37.00	32.00	39.00	176.00	44.00	59.00	49.00
	705.11	0.00	35.00	0.00	37.00	43.00	44.00	42.00	0.00	18.00	0.00	37.00	34.00	41.00	175.00	45.00	59.00	51.00
	705.12	0.00	35.00	0.00	37.00	43.00	44.00	42.00	0.00	18.00	0.00	37.00	34.00	40.00	174.00	45.00	59.00	51.00
	705.13	0.00	35.00	0.00	36.00	43.00	44.00	42.00	0.00	18.00	0.00	37.00	34.00	39.00	174.00	44.00	59.00	50.00
	705.14	0.00	35.00	0.00	36.00	42.00	44.00	42.00	0.00	18.00	0.00	37.00	34.00	41.00	173.00	44.00	59.00	51.00
	705.15	0.00	35.00	0.00	36.00	41.00	44.00	42.00	0.00	18.00	0.00	36.00	34.00	41.00	174.00	45.00	59.00	50.00
	705.16	0.00	35.00	0.00	36.00	42.00	44.00	42.00	0.00	18.00	0.00	37.00	34.00	39.00	174.00	45.00	58.00	51.00
	705.17	0.00	35.00	0.00	36.00	43.00	44.00	42.00	0.00	17.00	0.00	37.00	32.00	39.00	174.00	45.00	59.00	50.00
	705.17	0.00	35.00	0.00	37.00	43.00	43.00	42.00	0.00	18.00	0.00	37.00	34.00	40.00	174.00	45.00	59.00	50.00
	705.18	0.00	35.00	0.00	37.00	42.00	44.00	42.00	0.00	18.00	0.00	37.00	34.00	41.00	173.00	45.00	59.00	51.00
	705.19	0.00	35.00	0.00	37.00	43.00	44.00	42.00	0.00	18.00	0.00	36.00	32.00	39.00	173.00	45.00	59.00	49.00
	705.20	0.00	34.00	0.00	37.00	43.00	44.00	42.00	0.00	18.00	0.00	37.00	34.00	39.00	173.00	45.00	59.00	49.00
	705.21	0.00	35.00	0.00	37.00	43.00	44.00	42.00	0.00	18.00	0.00	37.00	34.00	41.00	173.00	45.00	59.00	51.00
	705.22	0.00	35.00	0.00	37.00	41.00	44.00	42.00	0.00	18.00	0.00	37.00	32.00	41.00	174.00	45.00	59.00	50.00
	705.23	0.00	35.00	0.00	37.00	43.00	44.00	41.00	0.00	18.00	0.00	37.00	32.00	41.00	173.00	44.00	59.00	50.00
	705.24	0.00	34.00	0.00	38.00	43.00	44.00	42.00	0.00	18.00	0.00	37.00	32.00	41.00	173.00	44.00	59.00	50.00
	705.25	0.00	35.00	0.00	36.00	43.00	44.00	42.00	0.00	18.00	0.00	37.00	34.00	41.00	173.00	45.00	59.00	51.00
	705.26	0.00	35.00	0.00	38.00	43.00	44.00	42.00	0.00	18.00	0.00	37.00	32.00	39.00	173.00	44.00	59.00	49.00
	705.27	0.00	35.00	0.00	36.00	43.00	44.00	42.00	0.00	18.00	0.00	37.00	34.00	41.00	172.00	45.00	59.00	51.00
	705.28	0.00	36.00	0.00	36.00	43.00	44.00	42.00	0.00	18.00	0.00	37.00	32.00	41.00	174.00	45.00	59.00	50.00
	705.29	0.00	35.00	0.00	37.00	43.00	44.00	42.00	0.00	18.00	0.00	37.00	34.00	41.00	171.00	44.00	59.00	51.00
	705.30	0.00	35.00	0.00	36.00	43.00	44.00	42.00	0.00	18.00	0.00	37.00	34.00	41.00	175.00	44.00	59.00	51.00
	705.31	0.00	35.00	0.00	37.00	43.00	43.00	42.00	0.00	18.00	0.00	37.00	34.00	41.00	174.00	45.00	59.00	51.00
	705.32	0.00	36.00	0.00	37.00	43.00	44.00	42.00	0.00	18.00	0.00	37.00	34.00	41.00	175.00	45.00	59.00	50.00
	705.33	0.00	35.00	0.00	37.00	43.00	44.00	42.00	0.00	18.00	0.00	37.00	32.00	39.00	175.00	44.00	59.00	49.00
	705.34	0.00	36.00	0.00	37.00	43.00	44.00	42.00	0.00	18.00	0.00	37.00	32.00	39.00	175.00	45.00	59.00	49.00
	705.34	0.00	35.00	0.00	37.00	42.00	44.00	42.00	0.00	18.00	0.00	37.00	32.00	41.00	175.00	44.00	58.00	50.00
	705.35	0.00	36.00	0.00	38.00	43.00	43.00	41.00	0.00	18.00	0.00	36.00	34.00	39.00	174.00	44.00	58.00	51.00
	705.36	0.00	35.00	0.00	37.00	43.00	43.00	42.00	0.00	18.00	0.00	37.00	32.00	39.00	176.00	44.00	58.00	49.00
	705.37	0.00	35.00	0.00	36.00	43.00	43.00	42.00	0.00	18.00	0.00	37.00	34.00	39.00	175.00	45.00	57.00	49.00
	705.38	0.00	36.00	0.00	37.00	42.00	43.00	42.00	0.00	18.00	0.00	37.00	32.00	40.00	176.00	45.00	57.00	49.00
	705.39	0.00	35.00	0.00	37.00	43.00	43.00	42.00	0.00	18.00	0.00	36.00	34.00	39.00	175.00	45.00	57.00	51.00
	705.40	0.00	35.00	0.00	38.00	43.00	42.00	42.00	0.00	18.00	0.00	37.00	32.00	39.00	172.00	44.00	57.00	49.00
	705.41	0.00	35.00	0.00	37.00	43.00	43.00	42.00	0.00	18.00	0.00	37.00	32.00	39.00	172.00	44.00	56.00	49.00
	705.42	0.00	36.00	0.00	37.00	42.00	43.00	42.00	0.00	18.00	0.00	37.00	34.00	40.00	172.00	44.00	56.00	50.00
	705.43	0.00	35.00	0.00	37.00	43.00	43.00	41.00	0.00	18.00	0.00	36.00	34.00	40.00	173.00	44.00	56.00	50.00
	705.44	0.00	35.00	0.00	37.00	43.00	43.00	42.00	0.00	18.00	0.00	37.00	32.00	39.00	173.00	44.00	56.00	48.00
	705.45	0.00	35.00	0.00	38.00	43.00	43.00	42.00	0.00	18.00	0.00	37.00	32.00	39.00	172.00	44.00	56.00	49.00
	705.46	0.00	35.00	0.00	36.00	41.00	43.00	42.00	0.00	18.00	0.00	37.00	34.00	40.00	172.00	44.00	55.00	50.00
	705.47	0.00	35.00	0.00	37.00	43.00	43.00	42.00	0.00	18.00	0.00	37.00	34.00	41.00	175.00	44.00	54.00	50.00
	705.48	0.00	35.00	0.00	36.00	43.00	43.00	42.00	0.00	18.00	0.00	36.00	32.00	39.00	175.00	44.00	54.00	49.00
	705.49	0.00	35.00	0.00	36.00	43.00	43.00	42.00	0.00	18.00	0.00	37.00	34.00	41.00	174.00	44.00	53.00	51.00
	705.50	0.00	35.00	0.00	35.00	43.00	42.00	42.00	0.00	17.00	0.00	37.00	32.00	41.00	175.00	44.00	53.00	50.00
	705.51	0.00	35.00	0.00	36.00	43.00	43.00	42.00	0.00	17.00	0.00	37.00	34.00	40.00	175.00	44.00	53.00	50.00
	705.52	0.00	36.00	0.00	35.00	41.00	43.00	42.00	0.00	18.00	0.00	36.00	34.00	40.00	171.00	44.00	52.00	50.00
	705.53	0.00	36.00	0.00	36.00	43.00	43.00	42.00	0.00	17.00	0.00	37.00	32.00	39.00	172.00	44.00	52.00	50.00
	705.53	0.00	36.00	0.00	36.00	43.00	43.00	42.00	0.00	18.00	0.00	37.00	32.00	40.00	171.00	44.00	52.00	50.00
	705.54	0.00	35.00	0.00	35.00	41.00	43.00	42.00	0.00	18.00	0.00	37.00	34.00	40.00	171.00	44.00	52.00	50.00
	705.55	0.00	35.00	0.00	36.00	43.00	43.00	42.00	0.00	18.00	0.00	36.00	34.00	39.00	173.00	44.00	52.00	51.00
	705.56	0.00	35.00	0.00	36.00	43.00	43.00	42.00	0.00	18.00	0.00	37.00	34.00	39.00	174.00	44.00	52.00	50.00
	705.57	0.00	35.00	0.00	36.00	43.00	43.00	42.00	0.00	18.00	0.00	37.00	32.00	41.00	174.00	44.00	52.00	50.00
	705.58	0.00	35.00	0.00	35.00	43.00	43.00	42.00	0.00	18.00	0.00	37.00	32.00	40.00	173.00	44.00	53.00	50.00
	705.59	0.00	35.00	0.00	37.00	43.00	43.00	42.00	0.00	18.00	0.00	37.00	32.00	40.00	176.00	44.00	53.00	49.00
	705.60	0.00	35.00	0.00	37.00	43.00	43.00	42.00	0.00	18.00	0.00	37.00	34.00	39.00	173.00	44.00	54.00	50.00
	705.61	0.00	35.00	0.00	36.00	43.00	43.00	42.00	0.00	18.00	0.00	37.00	34.00	39.00	178.00	44.00	54.00	49.00
	705.62	0.00	34.00	0.00	36.00	43.00	43.00	42.00	0.00	18.00	0.00	37.00	32.00	40.00	177.00	44.00	55.00	50.00
	705.63	0.00	36.00	0.00	36.00	43.00	43.00	42.00	0.00	18.00	0.00	37.00	34.00	40.00	177.00	44.00	54.00	49.00
	705.64	0.00	35.00	0.00	37.00	43.00	43.00	42.00	0.00	18.00	0.00	37.00	32.00	39.00	178.00	44.00	55.00	50.00
	705.65	0.00	35.00	0.00	36.00	43.00	42.00	42.00	0.00	19.00	0.00	37.00	34.00	40.00	176.00	44.00	55.00	50.00
	705.66	0.00	36.00	0.00	36.00	43.00	43.00	42.00	0.00	18.00	0.00	36.00	32.00	39.00	176.00	44.00	55.00	49.00
	705.67	0.00	36.00	0.00	36.00	43.00	43.00	42.00	0.00	18.00	0.00	37.00	32.00	39.00	179.00	44.00	54.00	49.00
	705.68	0.00	35.00	0.00	37.00	43.00	43.00	42.00	0.00	17.00	0.00	37.00	34.00	39.00	178.00	44.00	55.00	51.00
	705.69	0.00	36.00	0.00	36.00	43.00	43.00	42.00	0.00	18.00	0.00	36.00	32.00	39.00	176.00	44.00	55.00	49.00
	705.70	0.00	36.00	0.00	36.00	44.00	43.00	42.00	0.00	18.00	0.00	36.00	32.00	39.00	178.00	44.00	55.00	49.00
	705.70	0.00	36.00	0.00	36.00	44.00	43.00	42.00	0.00	18.00	0.00	37.00	32.00	39.00	177.00	44.00	54.00	49.00
	705.72	0.00	35.00	0.00	36.00	44.00	43.00	42.00	0.00	17.00	0.00	37.00	34.00	39.00	176.00	44.00	55.00	50.00
	705.72	0.00	36.00	0.00	37.00	44.00	43.00	42.00	0.00	18.00	0.00	36.00	32.00	39.00	178.00	44.00	55.00	49.00
	705.73	0.00	36.00	0.00	36.00	44.00	43.00	42.00	0.00	18.00	0.00	37.00	34.00	41.00	177.00	44.00	55.00	51.00
	705.74	0.00	36.00	0.00	36.00	44.00	43.00	42.00	0.00	18.00	0.00	37.00	34.00	41.00	179.00	44.00	55.00	51.00
	705.75	0.00	35.00	0.00	37.00	44.00	43.00	42.00	0.00	18.00	0.00	37.00	32.00	41.00	179.00	44.00	56.00	51.00
	705.76	0.00	35.00	0.00	37.00	44.00	43.00	42.00	0.00	18.00	0.00	37.00	32.00	40.00	175.00	44.00	55.00	49.00
	705.77	0.00	35.00	0.00	37.00	44.00	43.00	42.00	0.00	18.00	0.00	36.00	32.00	39.00	176.00	44.00	56.00	49.00
	705.78	0.00	35.00	0.00	37.00	43.00	43.00	42.00	0.00	18.00	0.00	37.00	34.00	41.00	175.00	44.00	56.00	51.00
	705.79	0.00	35.00	0.00	37.00	44.00	43.00	42.00	0.00	18.00	0.00	36.00	32.00	39.00	176.00	44.00	55.00	49.00
	705.80	0.00	35.00	0.00	37.00	44.00	43.00	42.00	0.00	18.00	0.00	37.00	32.00	39.00	177.00	44.00	55.00	49.00
	705.81	0.00	35.00	0.00	36.00	44.00	43.00	42.00	0.00	18.00	0.00	36.00	32.00	39.00	174.00	44.00	55.00	49.00
	705.82	0.00	35.00	0.00	36.00	44.00	43.00	42.00	0.00	18.00	0.00	37.00	34.00	40.00	177.00	44.00	55.00	51.00
	705.83	0.00	36.00	0.00	37.00	44.00	43.00	42.00	0.00	18.00	0.00	36.00	34.00	39.00	178.00	44.00	54.00	51.00
	705.84	0.00	35.00	0.00	37.00	44.00	43.00	42.00	0.00	18.00	0.00	37.00	34.00	40.00	182.00	44.00	56.00	51.00
	705.85	0.00	35.00	0.00	37.00	44.00	43.00	42.00	0.00	18.00	0.00	37.00	34.00	40.00	182.00	44.00	56.00	51.00
	705.86	0.00	35.00	0.00	37.00	44.00	43.00	42.00	0.00	18.00	0.00	36.00	32.00	39.00	183.00	44.00	56.00	49.00
	705.86	0.00	36.00	0.00	36.00	44.00	43.00	42.00	0.00	18.00	0.00	37.00	34.00	41.00	184.00	44.00	56.00	51.00
	705.87	0.00	35.00	0.00	36.00	44.00	43.00	42.00	0.00	18.00	0.00	37.00	34.00	39.00	184.00	44.00	56.00	49.00
	705.89	0.00	35.00	0.00	37.00	44.00	43.00	42.00	0.00	18.00	0.00	37.00	34.00	39.00	183.00	45.00	56.00	49.00
	705.89	0.00	36.00	0.00	36.00	43.00	43.00	42.00	0.00	18.00	0.00	37.00	32.00	41.00	180.00	44.00	56.00	51.00
	705.90	0.00	36.00	0.00	37.00	44.00	44.00	41.00	0.00	18.00	0.00	36.00	32.00	39.00	180.00	44.00	56.00	49.00
	705.91	0.00	35.00	0.00	36.00	44.00	42.00	42.00	0.00	18.00	0.00	37.00	32.00	39.00	180.00	44.00	56.00	49.00
	705.92	0.00	36.00	0.00	36.00	44.00	43.00	42.00	0.00	18.00	0.00	37.00	34.00	39.00	180.00	44.00	56.00	49.00
	705.93	0.00	35.00	0.00	37.00	43.00	43.00	42.00	0.00	18.00	0.00	37.00	32.00	40.00	183.00	44.00	56.00	51.00
	705.94	0.00	35.00	0.00	36.00	44.00	43.00	41.00	0.00	18.00	0.00	37.00	34.00	40.00	181.00	44.00	56.00	51.00
	705.95	0.00	36.00	0.00	37.00	44.00	42.00	42.00	0.00	18.00	0.00	37.00	34.00	39.00	184.00	44.00	56.00	49.00
	705.96	0.00	35.00	0.00	37.00	44.00	43.00	42.00	0.00	18.00	0.00	37.00	32.00	40.00	185.00	44.00	56.00	49.00
	705.97	0.00	35.00	0.00	37.00	42.00	43.00	42.00	0.00	18.00	0.00	37.00	32.00	41.00	185.00	44.00	56.00	51.00
	705.98	0.00	35.00	0.00	38.00	44.00	43.00	42.00	0.00	18.00	0.00	36.00	34.00	39.00	184.00	44.00	56.00	51.00
	705.99	0.00	36.00	0.00	37.00	44.00	42.00	42.00	0.00	18.00	0.00	37.00	32.00	39.00	183.00	44.00	56.00	48.00
	706.00	0.00	35.00	0.00	38.00	44.00	43.00	42.00	0.00	18.00	0.00	37.00	34.00	40.00	185.00	44.00	56.00	49.00
	706.01	0.00	36.00	0.00	37.00	44.00	43.00	42.00	0.00	18.00	0.00	36.00	32.00	39.00	185.00	45.00	56.00	49.00
	706.02	0.00	35.00	0.00	37.00	44.00	43.00	42.00	0.00	18.00	0.00	37.00	34.00	41.00	185.00	44.00	56.00	51.00
	706.03	0.00	35.00	0.00	36.00	44.00	43.00	42.00	0.00	18.00	0.00	37.00	34.00	40.00	184.00	45.00	56.00	51.00
	706.04	0.00	35.00	0.00	37.00	44.00	43.00	42.00	0.00	18.00	0.00	37.00	32.00	38.00	184.00	45.00	57.00	49.00
	706.04	0.00	35.00	0.00	37.00	43.00	42.00	42.00	0.00	19.00	0.00	37.00	34.00	40.00	185.00	44.00	57.00	50.00
	706.05	0.00	35.00	0.00	36.00	44.00	43.00	42.00	0.00	18.00	0.00	37.00	32.00	41.00	185.00	45.00	56.00	51.00
	706.06	0.00	36.00	0.00	36.00	44.00	43.00	42.00	0.00	18.00	0.00	37.00	32.00	39.00	184.00	44.00	57.00	49.00
	706.07	0.00	35.00	0.00	37.00	44.00	44.00	42.00	0.00	18.00	0.00	37.00	34.00	40.00	183.00	45.00	56.00	51.00
	706.08	0.00	35.00	0.00	37.00	44.00	43.00	42.00	0.00	18.00	0.00	37.00	34.00	41.00	184.00	45.00	56.00	51.00
	706.09	0.00	35.00	0.00	36.00	44.00	44.00	42.00	0.00	18.00	0.00	36.00	32.00	39.00	184.00	45.00	56.00	49.00
	706.10	0.00	35.00	0.00	37.00	43.00	44.00	42.00	0.00	18.00	0.00	37.00	34.00	40.00	185.00	45.00	57.00	51.00
	706.11	0.00	36.00	0.00	37.00	43.00	42.00	42.00	0.00	18.00	0.00	37.00	32.00	39.00	185.00	45.00	57.00	49.00
	706.12	0.00	36.00	0.00	36.00	43.00	44.00	42.00	0.00	18.00	0.00	37.00	34.00	39.00	184.00	44.00	56.00	49.00
	706.13	0.00	36.00	0.00	36.00	43.00	43.00	42.00	0.00	18.00	0.00	37.00	34.00	40.00	184.00	45.00	57.00	51.00
	706.14	0.00	36.00	0.00	36.00	44.00	43.00	41.00	0.00	18.00	0.00	37.00	34.00	40.00	185.00	44.00	57.00	51.00
	706.15	0.00	35.00	0.00	36.00	44.00	43.00	42.00	0.00	18.00	0.00	37.00	34.00	39.00	184.00	44.00	57.00	49.00
	706.16	0.00	36.00	0.00	36.00	44.00	44.00	42.00	0.00	18.00	0.00	37.00	32.00	39.00	185.00	45.00	57.00	49.00
	706.17	0.00	36.00	0.00	36.00	42.00	43.00	42.00	0.00	18.00	0.00	37.00	34.00	40.00	185.00	45.00	57.00	51.00
	706.18	0.00	36.00	0.00	36.00	44.00	43.00	42.00	0.00	18.00	0.00	36.00	32.00	39.00	185.00	45.00	57.00	49.00
	706.19	0.00	35.00	1.00	36.00	44.00	43.00	42.00	0.00	18.00	0.00	37.00	32.00	41.00	185.00	45.00	57.00	50.00
	706.20	0.00	36.00	7.00	37.00	44.00	43.00	43.00	0.00	18.00	0.00	37.00	34.00	41.00	185.00	45.00	57.00	51.00
	706.21	0.00	36.00	9.00	36.00	44.00	43.00	43.00	0.00	18.00	0.00	37.00	34.00	41.00	184.00	45.00	57.00	49.00
	706.22	0.00	36.00	7.00	36.00	44.00	43.00	43.00	0.00	18.00	0.00	36.00	34.00	41.00	184.00	45.00	57.00	51.00
	706.22	0.00	35.00	9.00	36.00	42.00	43.00	43.00	0.00	18.00	0.00	37.00	32.00	41.00	185.00	44.00	57.00	50.00
	706.23	0.00	36.00	9.00	37.00	44.00	43.00	43.00	0.00	18.00	0.00	37.00	32.00	41.00	184.00	45.00	57.00	51.00
	706.24	0.00	36.00	10.00	37.00	43.00	43.00	43.00	0.00	18.00	0.00	37.00	34.00	41.00	184.00	45.00	57.00	51.00
	706.25	0.00	36.00	11.00	36.00	44.00	43.00	43.00	0.00	18.00	0.00	37.00	32.00	39.00	186.00	45.00	58.00	49.00
	706.26	0.00	36.00	12.00	38.00	44.00	42.00	43.00	0.00	19.00	0.00	37.00	32.00	40.00	185.00	45.00	57.00	51.00
	706.27	0.00	36.00	2.00	36.00	44.00	43.00	43.00	0.00	19.00	0.00	37.00	32.00	39.00	185.00	45.00	58.00	49.00
	706.28	0.00	36.00	1.00	37.00	44.00	43.00	43.00	0.00	18.00	0.00	37.00	32.00	39.00	185.00	45.00	58.00	49.00
	706.29	0.00	36.00	12.00	36.00	44.00	43.00	43.00	0.00	18.00	0.00	37.00	32.00	39.00	185.00	45.00	58.00	50.00
	706.30	0.00	34.00	11.00	37.00	44.00	43.00	43.00	0.00	19.00	0.00	37.00	34.00	41.00	186.00	45.00	59.00	51.00
	706.31	0.00	36.00	12.00	37.00	44.00	43.00	43.00	0.00	19.00	0.00	37.00	32.00	41.00	185.00	44.00	59.00	51.00
	706.32	0.00	36.00	11.00	36.00	44.00	43.00	43.00	0.00	19.00	0.00	37.00	34.00	39.00	186.00	45.00	59.00	51.00
	706.33	0.00	36.00	12.00	36.00	44.00	43.00	43.00	0.00	18.00	0.00	37.00	32.00	38.00	185.00	45.00	60.00	51.00
	706.34	0.00	36.00	12.00	36.00	43.00	42.00	43.00	0.00	18.00	0.00	37.00	34.00	39.00	185.00	44.00	60.00	51.00
	706.35	0.00	36.00	11.00	36.00	44.00	43.00	43.00	0.00	18.00	0.00	37.00	34.00	38.00	185.00	45.00	61.00	51.00
	706.36	0.00	36.00	11.00	38.00	44.00	43.00	43.00	0.00	19.00	0.00	37.00	32.00	41.00	186.00	45.00	61.00	51.00
	706.37	0.00	36.00	11.00	37.00	44.00	43.00	43.00	0.00	18.00	0.00	37.00	34.00	41.00	185.00	45.00	61.00	51.00
	706.38	0.00	36.00	12.00	36.00	44.00	43.00	43.00	0.00	18.00	0.00	37.00	34.00	41.00	184.00	45.00	61.00	49.00
	706.39	0.00	36.00	12.00	37.00	44.00	42.00	43.00	0.00	18.00	0.00	37.00	34.00	41.00	186.00	45.00	61.00	51.00
	706.40	0.00	36.00	12.00	36.00	44.00	43.00	43.00	0.00	18.00	0.00	37.00	34.00	38.00	184.00	45.00	61.00	51.00
	706.41	0.00	34.00	14.00	37.00	44.00	43.00	43.00	0.00	18.00	0.00	37.00	32.00	39.00	183.00	45.00	61.00	49.00
	706.41	0.00	36.00	2.00	37.00	44.00	43.00	43.00	0.00	18.00	0.00	37.00	34.00	39.00	181.00	45.00	62.00	49.00
	706.42	0.00	36.00	11.00	37.00	44.00	43.00	43.00	0.00	18.00	0.00	37.00	34.00	41.00	183.00	45.00	62.00	51.00
	706.44	0.00	36.00	11.00	36.00	44.00	43.00	43.00	0.00	18.00	0.00	37.00	34.00	41.00	183.00	45.00	62.00	51.00
	706.44	0.00	36.00	11.00	37.00	44.00	43.00	43.00	0.00	18.00	0.00	37.00	34.00	41.00	184.00	45.00	62.00	51.00
	706.45	0.00	36.00	12.00	37.00	44.00	43.00	43.00	0.00	18.00	0.00	37.00	32.00	41.00	184.00	45.00	62.00	51.00
	706.46	0.00	36.00	12.00	36.00	44.00	43.00	43.00	0.00	18.00	0.00	37.00	34.00	41.00	184.00	45.00	62.00	51.00
	706.47	0.00	36.00	12.00	36.00	45.00	43.00	43.00	0.00	18.00	0.00	37.00	34.00	41.00	185.00	45.00	62.00	51.00
	706.48	0.00	36.00	12.00	36.00	45.00	43.00	43.00	0.00	18.00	0.00	37.00	34.00	41.00	185.00	45.00	62.00	51.00
	706.49	0.00	36.00	12.00	38.00	45.00	43.00	43.00	0.00	18.00	0.00	37.00	34.00	41.00	184.00	44.00	62.00	51.00
	706.50	0.00	36.00	12.00	36.00	45.00	43.00	43.00	0.00	18.00	0.00	37.00	34.00	41.00	184.00	45.00	63.00	51.00
	706.51	0.00	36.00	13.00	37.00	45.00	43.00	43.00	0.00	17.00	0.00	37.00	32.00	41.00	183.00	45.00	61.00	51.00
	706.52	0.00	36.00	13.00	36.00	45.00	43.00	43.00	0.00	18.00	0.00	37.00	32.00	39.00	186.00	45.00	63.00	51.00
	706.53	0.00	35.00	14.00	36.00	46.00	43.00	43.00	0.00	18.00	0.00	37.00	34.00	39.00	185.00	45.00	63.00	51.00
	706.54	0.00	36.00	14.00	37.00	45.00	43.00	43.00	0.00	18.00	0.00	37.00	34.00	41.00	185.00	45.00	63.00	51.00
	706.55	0.00	36.00	14.00	38.00	46.00	43.00	43.00	0.00	18.00	0.00	37.00	34.00	41.00	184.00	45.00	62.00	49.00
	706.56	0.00	36.00	14.00	36.00	46.00	43.00	43.00	0.00	18.00	0.00	37.00	34.00	39.00	181.00	45.00	62.00	51.00
	706.57	0.00	36.00	16.00	37.00	46.00	43.00	43.00	0.00	18.00	0.00	36.00	32.00	39.00	183.00	45.00	63.00	49.00
	706.58	0.00	36.00	16.00	38.00	46.00	42.00	43.00	0.00	18.00	0.00	37.00	32.00	41.00	184.00	45.00	63.00	49.00
	706.59	0.00	36.00	16.00	37.00	46.00	43.00	43.00	0.00	18.00	0.00	37.00	32.00	39.00	184.00	44.00	63.00	49.00
	706.60	0.00	36.00	16.00	36.00	46.00	43.00	43.00	0.00	18.00	0.00	37.00	34.00	41.00	181.00	45.00	63.00	49.00
	706.61	0.00	36.00	16.00	37.00	46.00	43.00	43.00	0.00	18.00	0.00	37.00	34.00	41.00	181.00	44.00	63.00	51.00
	706.62	0.00	36.00	16.00	36.00	46.00	43.00	43.00	0.00	18.00	0.00	37.00	32.00	38.00	183.00	45.00	63.00	51.00
	706.63	0.00	36.00	16.00	37.00	46.00	43.00	43.00	0.00	18.00	0.00	37.00	34.00	39.00	184.00	45.00	63.00	51.00
	706.63	0.00	36.00	16.00	37.00	46.00	43.00	43.00	0.00	19.00	0.00	37.00	34.00	41.00	184.00	45.00	63.00	49.00
	706.64	0.00	36.00	16.00	38.00	46.00	42.00	43.00	0.00	18.00	0.00	37.00	34.00	39.00	180.00	45.00	62.00	51.00
	706.65	0.00	36.00	16.00	37.00	46.00	43.00	43.00	0.00	18.00	0.00	37.00	34.00	38.00	179.00	45.00	63.00	51.00
	706.66	0.00	36.00	17.00	36.00	46.00	43.00	43.00	0.00	19.00	0.00	37.00	32.00	39.00	182.00	44.00	62.00	49.00
	706.67	0.00	36.00	16.00	38.00	46.00	43.00	43.00	0.00	18.00	0.00	37.00	32.00	41.00	179.00	45.00	63.00	51.00
	706.68	0.00	36.00	16.00	36.00	46.00	43.00	43.00	0.00	19.00	0.00	37.00	32.00	39.00	179.00	45.00	63.00	51.00
	706.69	0.00	36.00	16.00	36.00	46.00	43.00	43.00	0.00	19.00	0.00	37.00	34.00	41.00	181.00	45.00	63.00	51.00
	706.70	0.00	36.00	16.00	37.00	46.00	43.00	43.00	0.00	19.00	0.00	37.00	32.00	41.00	181.00	45.00	63.00	51.00
	706.71	0.00	36.00	16.00	37.00	46.00	42.00	43.00	0.00	19.00	0.00	37.00	34.00	41.00	183.00	45.00	63.00	49.00
	706.72	0.00	36.00	17.00	37.00	47.00	43.00	43.00	0.00	19.00	0.00	37.00	34.00	38.00	181.00	45.00	63.00	51.00
	706.73	0.00	36.00	17.00	37.00	46.00	43.00	43.00	0.00	19.00	0.00	37.00	34.00	39.00	182.00	45.00	62.00	49.00
	706.74	0.00	36.00	17.00	37.00	46.00	43.00	43.00	0.00	19.00	0.00	37.00	34.00	41.00	179.00	45.00	62.00	51.00
	706.75	0.00	36.00	17.00	37.00	46.00	43.00	43.00	0.00	20.00	0.00	37.00	32.00	39.00	177.00	45.00	62.00	51.00
	706.76	0.00	36.00	17.00	37.00	46.00	43.00	43.00	0.00	21.00	0.00	37.00	34.00	41.00	181.00	45.00	62.00	51.00
	706.77	0.00	36.00	17.00	38.00	46.00	42.00	43.00	0.00	20.00	0.00	37.00	32.00	38.00	182.00	45.00	62.00	51.00
	706.78	0.00	36.00	18.00	37.00	46.00	43.00	43.00	0.00	20.00	0.00	37.00	32.00	39.00	181.00	45.00	62.00	49.00
	706.79	0.00	36.00	17.00	36.00	46.00	42.00	43.00	0.00	21.00	0.00	37.00	32.00	39.00	180.00	45.00	62.00	50.00
	706.80	0.00	36.00	17.00	38.00	46.00	43.00	43.00	0.00	19.00	0.00	37.00	32.00	41.00	179.00	45.00	62.00	51.00
	706.81	0.00	36.00	17.00	37.00	46.00	43.00	43.00	0.00	20.00	0.00	37.00	34.00	38.00	180.00	45.00	62.00	49.00
	706.82	0.00	36.00	17.00	37.00	46.00	43.00	43.00	0.00	21.00	0.00	37.00	34.00	41.00	179.00	45.00	62.00	51.00
	706.83	0.00	36.00	17.00	37.00	46.00	43.00	43.00	0.00	21.00	0.00	37.00	34.00	40.00	179.00	45.00	62.00	49.00
	706.84	0.00	36.00	17.00	37.00	46.00	43.00	43.00	0.00	20.00	0.00	37.00	34.00	41.00	179.00	45.00	62.00	51.00
	706.84	0.00	35.00	16.00	37.00	46.00	43.00	43.00	0.00	21.00	0.00	37.00	32.00	39.00	179.00	44.00	62.00	49.00
	706.85	0.00	36.00	16.00	37.00	46.00	42.00	43.00	0.00	21.00	0.00	37.00	34.00	41.00	178.00	45.00	61.00	51.00
	706.86	0.00	36.00	16.00	37.00	46.00	43.00	43.00	0.00	21.00	0.00	37.00	34.00	41.00	177.00	45.00	62.00	51.00
	706.87	0.00	35.00	17.00	36.00	46.00	42.00	43.00	0.00	21.00	0.00	37.00	34.00	39.00	178.00	45.00	61.00	51.00
	706.88	0.00	36.00	16.00	36.00	46.00	43.00	43.00	0.00	21.00	0.00	37.00	32.00	39.00	179.00	45.00	61.00	49.00
	706.89	0.00	36.00	16.00	38.00	46.00	43.00	43.00	0.00	21.00	0.00	37.00	32.00	41.00	177.00	45.00	61.00	49.00
	706.90	0.00	36.00	15.00	38.00	46.00	43.00	43.00	0.00	21.00	0.00	37.00	34.00	41.00	173.00	44.00	61.00	51.00
	706.91	0.00	36.00	15.00	37.00	46.00	43.00	43.00	0.00	21.00	0.00	37.00	32.00	41.00	175.00	45.00	61.00	51.00
	706.92	0.00	36.00	15.00	38.00	46.00	43.00	43.00	0.00	22.00	0.00	37.00	32.00	41.00	173.00	45.00	60.00	49.00
	706.93	0.00	36.00	15.00	37.00	46.00	43.00	43.00	0.00	22.00	0.00	37.00	32.00	39.00	174.00	45.00	60.00	49.00
	706.94	0.00	36.00	15.00	37.00	46.00	43.00	43.00	0.00	21.00	0.00	37.00	32.00	39.00	173.00	45.00	60.00	49.00
	706.95	0.00	36.00	16.00	38.00	47.00	42.00	43.00	0.00	23.00	0.00	37.00	33.00	41.00	172.00	45.00	59.00	51.00
	706.96	0.00	36.00	16.00	36.00	46.00	43.00	43.00	0.00	23.00	0.00	37.00	34.00	41.00	172.00	45.00	59.00	50.00
	706.97	0.00	36.00	15.00	37.00	46.00	43.00	43.00	0.00	23.00	0.00	37.00	34.00	41.00	173.00	45.00	59.00	51.00
	706.98	0.00	36.00	16.00	36.00	46.00	43.00	43.00	0.00	23.00	0.00	37.00	32.00	39.00	171.00	45.00	57.00	50.00
	706.99	0.00	36.00	16.00	39.00	46.00	43.00	43.00	0.00	22.00	0.00	37.00	32.00	39.00	171.00	44.00	57.00	49.00
	707.00	0.00	36.00	15.00	39.00	46.00	43.00	43.00	0.00	23.00	0.00	37.00	34.00	41.00	171.00	45.00	57.00	50.00
	707.01	0.00	36.00	15.00	39.00	46.00	43.00	43.00	0.00	22.00	0.00	37.00	34.00	41.00	172.00	44.00	56.00	51.00
	707.02	0.00	36.00	15.00	39.00	46.00	42.00	43.00	0.00	22.00	0.00	37.00	34.00	39.00	170.00	45.00	56.00	49.00
	707.03	0.00	36.00	15.00	39.00	45.00	44.00	43.00	0.00	21.00	0.00	37.00	32.00	41.00	171.00	45.00	56.00	49.00
	707.03	0.00	36.00	15.00	38.00	45.00	44.00	43.00	0.00	21.00	0.00	37.00	34.00	41.00	170.00	45.00	56.00	49.00
	707.04	0.00	36.00	15.00	39.00	45.00	42.00	43.00	0.00	21.00	0.00	37.00	34.00	41.00	172.00	45.00	56.00	49.00
	707.05	0.00	36.00	16.00	39.00	45.00	43.00	43.00	0.00	20.00	0.00	37.00	34.00	41.00	172.00	44.00	56.00	51.00
	707.06	0.00	36.00	16.00	39.00	45.00	44.00	43.00	0.00	20.00	0.00	37.00	34.00	41.00	171.00	44.00	56.00	50.00
	707.07	0.00	36.00	16.00	39.00	45.00	43.00	43.00	0.00	20.00	0.00	37.00	34.00	41.00	170.00	44.00	56.00	49.00
	707.08	0.00	35.00	15.00	38.00	45.00	43.00	43.00	0.00	20.00	0.00	37.00	34.00	41.00	171.00	44.00	56.00	50.00
	707.09	0.00	36.00	16.00	39.00	45.00	43.00	43.00	0.00	20.00	0.00	37.00	32.00	41.00	169.00	44.00	56.00	49.00
	707.10	0.00	36.00	15.00	39.00	46.00	43.00	43.00	0.00	18.00	0.00	37.00	33.00	41.00	169.00	44.00	54.00	49.00
	707.11	0.00	36.00	16.00	39.00	45.00	43.00	43.00	0.00	19.00	0.00	37.00	34.00	41.00	169.00	45.00	55.00	50.00
	707.12	0.00	36.00	16.00	39.00	45.00	43.00	43.00	0.00	18.00	0.00	37.00	34.00	41.00	169.00	45.00	55.00	51.00
	707.13	0.00	36.00	16.00	39.00	45.00	43.00	43.00	0.00	18.00	0.00	36.00	34.00	39.00	170.00	45.00	55.00	50.00
	707.14	0.00	36.00	16.00	38.00	45.00	43.00	43.00	0.00	18.00	0.00	37.00	32.00	38.00	170.00	44.00	55.00	50.00
	707.15	0.00	36.00	16.00	39.00	45.00	43.00	43.00	0.00	18.00	0.00	37.00	32.00	39.00	169.00	44.00	55.00	50.00
	707.16	0.00	36.00	16.00	39.00	46.00	43.00	43.00	0.00	18.00	0.00	36.00	34.00	41.00	169.00	45.00	55.00	49.00
	707.17	0.00	36.00	16.00	39.00	45.00	43.00	43.00	0.00	18.00	0.00	36.00	34.00	39.00	169.00	45.00	55.00	50.00
	707.18	0.00	36.00	16.00	39.00	45.00	42.00	43.00	0.00	18.00	0.00	37.00	34.00	39.00	168.00	44.00	56.00	50.00
	707.19	0.00	36.00	16.00	39.00	46.00	43.00	43.00	0.00	18.00	0.00	37.00	34.00	41.00	170.00	45.00	56.00	50.00
	707.20	0.00	36.00	16.00	39.00	45.00	43.00	43.00	0.00	18.00	0.00	37.00	32.00	39.00	169.00	45.00	56.00	48.00
	707.21	0.00	36.00	16.00	39.00	46.00	43.00	43.00	0.00	18.00	0.00	37.00	34.00	41.00	168.00	44.00	56.00	50.00
	707.22	0.00	36.00	16.00	39.00	45.00	43.00	43.00	0.00	18.00	0.00	37.00	34.00	41.00	169.00	45.00	56.00	49.00
	707.22	0.00	36.00	16.00	39.00	45.00	43.00	43.00	0.00	19.00	0.00	37.00	32.00	39.00	171.00	45.00	56.00	49.00
	707.23	0.00	36.00	15.00	38.00	45.00	43.00	43.00	0.00	19.00	0.00	37.00	34.00	41.00	170.00	45.00	56.00	50.00
	707.25	0.00	36.00	15.00	39.00	45.00	43.00	43.00	0.00	19.00	0.00	37.00	34.00	41.00	171.00	45.00	56.00	49.00
	707.25	0.00	36.00	15.00	39.00	45.00	43.00	43.00	0.00	19.00	0.00	37.00	34.00	41.00	172.00	45.00	56.00	51.00
	707.26	0.00	36.00	15.00	40.00	45.00	42.00	43.00	0.00	20.00	0.00	37.00	34.00	41.00	172.00	45.00	56.00	49.00
	707.27	0.00	36.00	15.00	38.00	45.00	43.00	43.00	0.00	20.00	0.00	37.00	32.00	39.00	172.00	45.00	56.00	50.00
	707.28	0.00	36.00	16.00	39.00	45.00	43.00	43.00	0.00	20.00	0.00	37.00	32.00	39.00	172.00	45.00	57.00	49.00
	707.29	0.00	36.00	15.00	40.00	45.00	42.00	43.00	0.00	21.00	0.00	37.00	34.00	41.00	173.00	45.00	56.00	50.00
	707.30	0.00	36.00	16.00	40.00	45.00	43.00	43.00	0.00	21.00	0.00	37.00	34.00	41.00	170.00	44.00	57.00	51.00
	707.31	0.00	36.00	15.00	39.00	46.00	43.00	43.00	0.00	21.00	0.00	37.00	34.00	41.00	172.00	44.00	58.00	51.00
	707.32	0.00	36.00	15.00	39.00	46.00	43.00	43.00	0.00	22.00	0.00	37.00	32.00	39.00	172.00	45.00	59.00	49.00
	707.33	0.00	36.00	15.00	39.00	46.00	43.00	43.00	0.00	22.00	0.00	37.00	32.00	39.00	172.00	44.00	60.00	49.00
	707.34	0.00	36.00	16.00	39.00	46.00	43.00	43.00	0.00	22.00	0.00	37.00	32.00	39.00	170.00	45.00	60.00	49.00
	707.35	0.00	36.00	15.00	39.00	46.00	43.00	43.00	0.00	22.00	0.00	37.00	32.00	39.00	171.00	45.00	60.00	48.00
	707.36	0.00	36.00	15.00	39.00	47.00	43.00	43.00	0.00	23.00	0.00	37.00	34.00	41.00	172.00	45.00	60.00	50.00
	707.37	0.00	35.00	15.00	39.00	46.00	42.00	43.00	0.00	23.00	0.00	37.00	32.00	39.00	170.00	44.00	60.00	50.00
	707.38	0.00	36.00	16.00	39.00	46.00	43.00	43.00	0.00	23.00	0.00	37.00	32.00	39.00	170.00	45.00	60.00	49.00
	707.39	0.00	36.00	16.00	38.00	46.00	43.00	43.00	0.00	23.00	0.00	37.00	34.00	41.00	170.00	45.00	60.00	49.00
	707.40	0.00	35.00	16.00	39.00	46.00	42.00	43.00	0.00	23.00	0.00	37.00	32.00	39.00	169.00	45.00	60.00	50.00
	707.41	0.00	36.00	16.00	39.00	47.00	43.00	45.00	0.00	23.00	0.00	37.00	34.00	41.00	169.00	45.00	60.00	51.00
	707.42	0.00	36.00	15.00	39.00	47.00	43.00	45.00	0.00	23.00	0.00	37.00	34.00	41.00	169.00	45.00	60.00	50.00
	707.43	0.00	36.00	16.00	39.00	47.00	43.00	45.00	0.00	23.00	0.00	37.00	34.00	41.00	169.00	45.00	60.00	51.00
	707.44	0.00	36.00	15.00	39.00	47.00	43.00	45.00	0.00	23.00	0.00	37.00	34.00	39.00	169.00	45.00	59.00	51.00
	707.45	0.00	36.00	16.00	39.00	47.00	43.00	45.00	0.00	23.00	0.00	37.00	34.00	38.00	168.00	45.00	60.00	51.00
	707.45	0.00	36.00	21.00	40.00	46.00	42.00	45.00	0.00	24.00	0.00	37.00	32.00	39.00	169.00	45.00	61.00	50.00
	707.46	0.00	36.00	20.00	39.00	48.00	43.00	45.00	0.00	26.00	0.00	37.00	34.00	41.00	168.00	45.00	60.00	50.00
	707.47	0.00	36.00	21.00	40.00	48.00	43.00	44.00	0.00	25.00	0.00	37.00	33.00	41.00	169.00	45.00	60.00	51.00
	707.48	0.00	36.00	21.00	38.00	48.00	43.00	45.00	0.00	27.00	0.00	37.00	32.00	40.00	169.00	45.00	61.00	49.00
	707.49	0.00	36.00	21.00	39.00	48.00	42.00	44.00	0.00	30.00	0.00	37.00	32.00	40.00	170.00	44.00	61.00	50.00
	707.50	0.00	36.00	21.00	40.00	49.00	43.00	44.00	1.00	30.00	0.00	37.00	33.00	41.00	170.00	45.00	61.00	49.00
	707.51	0.00	35.00	21.00	39.00	49.00	43.00	44.00	17.00	30.00	0.00	37.00	34.00	41.00	169.00	45.00	62.00	50.00
	707.52	0.00	36.00	21.00	40.00	48.00	43.00	45.00	17.00	31.00	0.00	37.00	34.00	41.00	170.00	45.00	60.00	51.00
	707.53	0.00	36.00	21.00	39.00	48.00	43.00	44.00	17.00	30.00	0.00	38.00	32.00	41.00	169.00	45.00	62.00	49.00
	707.54	0.00	36.00	21.00	40.00	48.00	43.00	45.00	17.00	30.00	0.00	38.00	34.00	41.00	169.00	44.00	62.00	49.00
	707.55	0.00	36.00	21.00	40.00	48.00	43.00	45.00	16.00	30.00	0.00	38.00	34.00	41.00	169.00	44.00	62.00	49.00
	707.56	0.00	36.00	21.00	39.00	48.00	43.00	45.00	17.00	30.00	0.00	38.00	34.00	41.00	169.00	45.00	62.00	51.00
	707.57	0.00	35.00	21.00	40.00	48.00	42.00	45.00	17.00	32.00	0.00	38.00	34.00	41.00	169.00	45.00	62.00	51.00
	707.58	0.00	36.00	21.00	40.00	49.00	43.00	45.00	17.00	31.00	0.00	38.00	32.00	41.00	169.00	44.00	62.00	50.00
	707.59	0.00	36.00	21.00	40.00	49.00	43.00	45.00	17.00	30.00	0.00	37.00	34.00	41.00	168.00	45.00	62.00	51.00
	707.60	0.00	36.00	21.00	40.00	48.00	43.00	45.00	17.00	31.00	0.00	37.00	34.00	41.00	168.00	45.00	62.00	49.00
	707.61	0.00	36.00	21.00	40.00	47.00	43.00	45.00	17.00	30.00	0.00	37.00	32.00	41.00	169.00	45.00	62.00	49.00
	707.62	0.00	36.00	21.00	40.00	47.00	42.00	45.00	17.00	32.00	0.00	38.00	34.00	41.00	169.00	45.00	62.00	51.00
	707.63	0.00	36.00	20.00	40.00	49.00	43.00	45.00	17.00	32.00	0.00	38.00	32.00	41.00	169.00	44.00	61.00	51.00
	707.64	0.00	36.00	19.00	40.00	49.00	43.00	45.00	17.00	33.00	0.00	38.00	34.00	41.00	171.00	45.00	63.00	51.00
	707.65	0.00	36.00	16.00	40.00	49.00	43.00	45.00	17.00	32.00	0.00	38.00	32.00	41.00	170.00	44.00	68.00	51.00
	707.66	0.00	36.00	17.00	40.00	49.00	44.00	45.00	17.00	33.00	0.00	37.00	34.00	41.00	169.00	45.00	73.00	51.00
	707.66	0.00	36.00	16.00	41.00	49.00	44.00	45.00	17.00	34.00	0.00	38.00	34.00	41.00	169.00	44.00	75.00	51.00
	707.67	0.00	36.00	16.00	39.00	50.00	44.00	45.00	17.00	34.00	0.00	38.00	34.00	41.00	171.00	45.00	74.00	51.00
	707.69	0.00	36.00	20.00	40.00	50.00	41.00	44.00	17.00	39.00	0.00	38.00	34.00	41.00	169.00	45.00	76.00	51.00
	707.69	0.00	36.00	21.00	39.00	51.00	43.00	45.00	17.00	38.00	0.00	38.00	34.00	41.00	171.00	45.00	75.00	51.00
	707.70	0.00	36.00	20.00	40.00	51.00	43.00	45.00	17.00	38.00	0.00	38.00	34.00	41.00	170.00	45.00	75.00	51.00
	707.71	0.00	36.00	20.00	40.00	50.00	43.00	45.00	17.00	39.00	0.00	38.00	34.00	41.00	170.00	45.00	76.00	51.00
	707.72	0.00	36.00	20.00	41.00	50.00	43.00	45.00	17.00	38.00	0.00	38.00	34.00	42.00	168.00	45.00	76.00	51.00
	707.73	0.00	36.00	20.00	40.00	51.00	42.00	44.00	16.00	40.00	0.00	38.00	34.00	41.00	169.00	45.00	76.00	51.00
	707.74	0.00	36.00	19.00	40.00	51.00	42.00	45.00	17.00	39.00	0.00	38.00	34.00	41.00	169.00	45.00	77.00	51.00
	707.75	0.00	35.00	19.00	41.00	52.00	43.00	45.00	17.00	39.00	0.00	38.00	32.00	41.00	168.00	45.00	77.00	51.00
	707.76	0.00	36.00	21.00	40.00	51.00	43.00	45.00	17.00	39.00	0.00	38.00	34.00	41.00	169.00	45.00	77.00	50.00
	707.77	0.00	36.00	19.00	40.00	51.00	42.00	45.00	17.00	40.00	0.00	38.00	34.00	41.00	169.00	45.00	76.00	51.00
	707.78	0.00	36.00	20.00	40.00	52.00	42.00	45.00	17.00	40.00	0.00	38.00	34.00	41.00	169.00	45.00	75.00	51.00
	707.79	0.00	36.00	20.00	40.00	52.00	43.00	44.00	17.00	39.00	0.00	38.00	32.00	41.00	167.00	44.00	76.00	51.00
	707.80	0.00	36.00	21.00	40.00	50.00	42.00	45.00	17.00	39.00	0.00	38.00	32.00	41.00	170.00	45.00	76.00	51.00
	707.81	0.00	36.00	20.00	41.00	51.00	43.00	45.00	17.00	40.00	0.00	38.00	34.00	41.00	169.00	45.00	76.00	51.00
	707.82	0.00	36.00	18.00	40.00	52.00	43.00	45.00	17.00	41.00	0.00	38.00	34.00	42.00	168.00	45.00	76.00	51.00
	707.83	0.00	36.00	20.00	40.00	52.00	43.00	45.00	17.00	41.00	0.00	38.00	34.00	41.00	168.00	44.00	75.00	51.00
	707.84	0.00	36.00	19.00	41.00	52.00	43.00	45.00	17.00	41.00	0.00	38.00	32.00	41.00	169.00	45.00	75.00	51.00
	707.85	0.00	36.00	19.00	41.00	50.00	43.00	45.00	17.00	42.00	0.00	38.00	32.00	41.00	170.00	45.00	76.00	51.00
	707.86	0.00	36.00	17.00	41.00	52.00	42.00	45.00	17.00	42.00	0.00	37.00	34.00	41.00	169.00	44.00	75.00	51.00
	707.87	0.00	36.00	16.00	40.00	52.00	42.00	45.00	17.00	42.00	0.00	38.00	33.00	41.00	169.00	45.00	76.00	51.00
	707.88	0.00	36.00	16.00	41.00	52.00	43.00	45.00	17.00	42.00	0.00	38.00	32.00	42.00	169.00	45.00	75.00	51.00
	707.89	0.00	36.00	20.00	41.00	52.00	43.00	45.00	17.00	44.00	0.00	38.00	32.00	41.00	169.00	45.00	75.00	51.00
	707.90	0.00	36.00	19.00	40.00	52.00	43.00	44.00	17.00	44.00	0.00	38.00	34.00	41.00	170.00	45.00	77.00	51.00
	707.91	0.00	36.00	17.00	41.00	51.00	42.00	45.00	17.00	45.00	0.00	38.00	34.00	41.00	169.00	45.00	75.00	51.00
	707.91	0.00	36.00	20.00	40.00	52.00	42.00	44.00	17.00	45.00	0.00	38.00	34.00	41.00	169.00	45.00	77.00	51.00
	707.92	0.00	36.00	16.00	41.00	52.00	42.00	44.00	17.00	45.00	0.00	38.00	34.00	41.00	170.00	46.00	77.00	51.00
	707.93	0.00	36.00	20.00	41.00	52.00	42.00	45.00	17.00	46.00	0.00	38.00	32.00	41.00	170.00	46.00	75.00	51.00
	707.94	0.00	36.00	20.00	41.00	52.00	42.00	45.00	17.00	47.00	0.00	38.00	32.00	41.00	169.00	46.00	75.00	51.00
	707.95	0.00	36.00	16.00	41.00	52.00	43.00	45.00	17.00	47.00	0.00	38.00	32.00	41.00	170.00	45.00	75.00	51.00
	707.96	0.00	36.00	20.00	41.00	53.00	43.00	45.00	17.00	47.00	0.00	38.00	34.00	41.00	170.00	46.00	75.00	51.00
	707.97	0.00	36.00	19.00	41.00	53.00	43.00	44.00	17.00	47.00	0.00	38.00	32.00	41.00	170.00	46.00	77.00	51.00
	707.98	0.00	36.00	20.00	41.00	52.00	43.00	44.00	17.00	47.00	0.00	38.00	34.00	41.00	169.00	46.00	77.00	51.00
	707.99	0.00	36.00	16.00	41.00	53.00	43.00	43.00	17.00	47.00	0.00	38.00	34.00	41.00	169.00	46.00	77.00	51.00
	708.00	0.00	36.00	17.00	40.00	53.00	43.00	44.00	17.00	47.00	0.00	38.00	32.00	41.00	169.00	46.00	77.00	51.00
	708.01	0.00	35.00	17.00	40.00	53.00	43.00	45.00	17.00	47.00	0.00	38.00	32.00	41.00	169.00	46.00	77.00	51.00
	708.02	0.00	36.00	17.00	42.00	52.00	43.00	45.00	17.00	48.00	0.00	38.00	34.00	41.00	169.00	45.00	77.00	50.00
	708.03	0.00	36.00	17.00	42.00	52.00	42.00	45.00	17.00	48.00	0.00	38.00	34.00	41.00	169.00	46.00	77.00	51.00
	708.04	0.00	36.00	16.00	42.00	52.00	43.00	45.00	17.00	48.00	0.00	38.00	32.00	41.00	170.00	45.00	76.00	51.00
	708.05	0.00	36.00	17.00	41.00	52.00	43.00	45.00	17.00	48.00	0.00	38.00	32.00	41.00	169.00	46.00	77.00	51.00
	708.06	0.00	36.00	16.00	41.00	52.00	43.00	45.00	17.00	48.00	0.00	38.00	32.00	41.00	168.00	45.00	76.00	51.00
	708.07	0.00	36.00	16.00	42.00	52.00	43.00	45.00	17.00	49.00	0.00	38.00	34.00	41.00	168.00	45.00	76.00	51.00
	708.08	0.00	36.00	16.00	41.00	51.00	43.00	45.00	17.00	49.00	0.00	38.00	32.00	40.00	167.00	46.00	78.00	51.00
	708.09	0.00	36.00	17.00	42.00	52.00	43.00	45.00	17.00	49.00	0.00	38.00	32.00	41.00	169.00	45.00	77.00	51.00
	708.10	0.00	36.00	19.00	42.00	52.00	43.00	45.00	17.00	49.00	0.00	38.00	32.00	42.00	168.00	45.00	78.00	49.00
	708.11	0.00	36.00	19.00	41.00	53.00	43.00	45.00	17.00	50.00	0.00	38.00	34.00	41.00	169.00	45.00	78.00	51.00
	708.12	0.00	36.00	18.00	42.00	53.00	43.00	45.00	17.00	50.00	0.00	37.00	32.00	42.00	169.00	45.00	77.00	51.00
	708.13	0.00	36.00	18.00	42.00	53.00	43.00	45.00	18.00	50.00	0.00	38.00	33.00	41.00	167.00	46.00	78.00	51.00
	708.14	0.00	36.00	18.00	42.00	53.00	43.00	45.00	17.00	52.00	0.00	38.00	34.00	41.00	168.00	45.00	78.00	51.00
	708.15	0.00	36.00	18.00	41.00	53.00	42.00	44.00	17.00	54.00	0.00	38.00	34.00	41.00	168.00	46.00	78.00	51.00
	708.16	0.00	36.00	19.00	43.00	53.00	44.00	45.00	18.00	53.00	0.00	38.00	34.00	41.00	168.00	46.00	78.00	51.00
	708.16	0.00	36.00	23.00	41.00	53.00	42.00	44.00	17.00	53.00	0.00	38.00	32.00	40.00	168.00	46.00	78.00	50.00
	708.17	0.00	36.00	23.00	42.00	53.00	43.00	45.00	17.00	54.00	0.00	38.00	34.00	41.00	168.00	45.00	79.00	50.00
	708.18	0.00	36.00	23.00	42.00	52.00	43.00	45.00	17.00	56.00	0.00	38.00	32.00	41.00	169.00	45.00	77.00	51.00
	708.19	0.00	36.00	22.00	42.00	52.00	44.00	45.00	17.00	57.00	0.00	38.00	32.00	41.00	168.00	45.00	78.00	51.00
	708.20	0.00	36.00	22.00	42.00	52.00	44.00	44.00	17.00	56.00	0.00	38.00	34.00	41.00	170.00	45.00	79.00	51.00
	708.21	0.00	36.00	23.00	42.00	51.00	44.00	45.00	17.00	57.00	0.00	38.00	32.00	41.00	171.00	45.00	78.00	51.00
	708.22	0.00	36.00	23.00	42.00	53.00	45.00	45.00	18.00	58.00	0.00	38.00	34.00	41.00	175.00	45.00	78.00	51.00
	708.23	0.00	36.00	22.00	42.00	53.00	45.00	44.00	17.00	58.00	0.00	38.00	32.00	41.00	176.00	45.00	80.00	51.00
	708.24	0.00	36.00	22.00	42.00	53.00	45.00	45.00	17.00	60.00	0.00	38.00	32.00	41.00	176.00	45.00	79.00	51.00
	708.25	0.00	36.00	22.00	42.00	53.00	47.00	45.00	17.00	61.00	0.00	38.00	34.00	41.00	177.00	45.00	79.00	51.00
	708.26	0.00	36.00	24.00	42.00	53.00	47.00	44.00	17.00	61.00	0.00	38.00	32.00	41.00	178.00	45.00	80.00	51.00
	708.27	0.00	36.00	24.00	42.00	54.00	47.00	45.00	17.00	64.00	0.00	38.00	34.00	41.00	180.00	45.00	79.00	51.00
	708.28	0.00	36.00	24.00	42.00	54.00	46.00	44.00	17.00	64.00	0.00	38.00	32.00	41.00	181.00	45.00	80.00	51.00
	708.29	0.00	36.00	26.00	42.00	54.00	48.00	45.00	17.00	64.00	0.00	38.00	32.00	41.00	179.00	45.00	79.00	51.00
	708.30	0.00	36.00	23.00	43.00	54.00	49.00	45.00	18.00	64.00	0.00	38.00	34.00	41.00	180.00	45.00	79.00	51.00
	708.31	0.00	36.00	22.00	42.00	53.00	50.00	45.00	17.00	63.00	0.00	38.00	34.00	41.00	179.00	45.00	80.00	51.00
	708.32	0.00	36.00	22.00	43.00	54.00	49.00	45.00	17.00	64.00	0.00	38.00	32.00	41.00	180.00	45.00	79.00	51.00
	708.33	0.00	36.00	23.00	43.00	55.00	50.00	45.00	17.00	65.00	0.00	38.00	34.00	42.00	180.00	45.00	79.00	51.00
	708.34	0.00	36.00	24.00	42.00	55.00	49.00	45.00	17.00	64.00	0.00	38.00	32.00	41.00	182.00	45.00	80.00	51.00
	708.35	0.00	36.00	23.00	42.00	55.00	49.00	45.00	17.00	64.00	0.00	38.00	32.00	41.00	180.00	45.00	78.00	51.00
	708.36	0.00	36.00	24.00	42.00	55.00	48.00	44.00	17.00	66.00	0.00	38.00	34.00	41.00	180.00	45.00	79.00	51.00
	708.37	0.00	36.00	24.00	43.00	55.00	49.00	45.00	17.00	66.00	0.00	38.00	34.00	41.00	180.00	45.00	79.00	51.00
	708.38	0.00	36.00	24.00	43.00	55.00	49.00	44.00	17.00	67.00	0.00	38.00	32.00	41.00	178.00	45.00	78.00	51.00
	708.39	0.00	36.00	24.00	43.00	55.00	50.00	44.00	17.00	67.00	0.00	38.00	34.00	41.00	178.00	45.00	79.00	51.00
	708.40	0.00	36.00	25.00	42.00	53.00	49.00	45.00	17.00	68.00	0.00	38.00	34.00	41.00	179.00	45.00	78.00	51.00
	708.40	0.00	36.00	24.00	42.00	55.00	50.00	45.00	17.00	69.00	0.00	38.00	34.00	41.00	179.00	45.00	76.00	51.00
	708.41	0.00	36.00	25.00	42.00	54.00	50.00	45.00	17.00	68.00	0.00	38.00	32.00	40.00	178.00	45.00	78.00	51.00
	708.42	0.00	36.00	25.00	43.00	55.00	50.00	45.00	18.00	68.00	0.00	38.00	34.00	41.00	178.00	45.00	77.00	51.00
	708.43	0.00	36.00	26.00	42.00	55.00	50.00	45.00	18.00	69.00	0.00	38.00	34.00	41.00	176.00	45.00	78.00	51.00
	708.44	0.00	36.00	26.00	42.00	55.00	51.00	45.00	17.00	69.00	0.00	38.00	34.00	41.00	176.00	45.00	78.00	51.00
	708.45	0.00	36.00	25.00	42.00	55.00	51.00	45.00	18.00	68.00	0.00	38.00	34.00	41.00	178.00	45.00	77.00	51.00
	708.46	0.00	36.00	25.00	42.00	55.00	50.00	44.00	18.00	70.00	0.00	38.00	34.00	41.00	176.00	45.00	78.00	51.00
	708.47	0.00	36.00	25.00	42.00	55.00	51.00	45.00	17.00	70.00	0.00	38.00	32.00	41.00	177.00	45.00	77.00	51.00
	708.48	0.00	36.00	25.00	42.00	55.00	51.00	45.00	17.00	69.00	0.00	38.00	34.00	41.00	177.00	45.00	76.00	51.00
	708.49	0.00	36.00	25.00	42.00	55.00	51.00	44.00	17.00	68.00	0.00	38.00	34.00	41.00	175.00	45.00	78.00	51.00
	708.50	0.00	36.00	24.00	42.00	55.00	51.00	45.00	17.00	69.00	0.00	38.00	34.00	41.00	176.00	45.00	76.00	51.00
	708.51	0.00	36.00	24.00	42.00	55.00	50.00	45.00	17.00	69.00	0.00	38.00	34.00	41.00	177.00	45.00	77.00	51.00
	708.52	0.00	36.00	25.00	42.00	55.00	51.00	44.00	17.00	68.00	0.00	38.00	34.00	41.00	177.00	45.00	78.00	51.00
	708.53	0.00	35.00	25.00	43.00	55.00	49.00	45.00	17.00	67.00	0.00	38.00	34.00	41.00	174.00	45.00	77.00	51.00
	708.54	0.00	36.00	26.00	43.00	55.00	50.00	45.00	17.00	68.00	0.00	38.00	34.00	41.00	176.00	44.00	77.00	49.00
	708.55	0.00	36.00	25.00	43.00	55.00	50.00	45.00	17.00	67.00	0.00	38.00	34.00	41.00	173.00	45.00	76.00	50.00
	708.56	0.00	36.00	24.00	43.00	55.00	50.00	45.00	17.00	66.00	0.00	38.00	34.00	41.00	172.00	45.00	78.00	51.00
	708.57	0.00	36.00	25.00	42.00	55.00	48.00	44.00	17.00	65.00	0.00	38.00	32.00	41.00	172.00	45.00	78.00	50.00
	708.58	0.00	36.00	27.00	43.00	55.00	50.00	45.00	17.00	63.00	0.00	38.00	34.00	41.00	171.00	45.00	76.00	51.00
	708.59	0.00	36.00	27.00	42.00	55.00	50.00	45.00	17.00	63.00	0.00	38.00	32.00	41.00	172.00	45.00	76.00	51.00
	708.60	0.00	36.00	26.00	42.00	55.00	50.00	44.00	17.00	63.00	0.00	38.00	32.00	41.00	173.00	45.00	77.00	51.00
	708.60	0.00	36.00	23.00	42.00	55.00	50.00	45.00	17.00	63.00	0.00	38.00	32.00	41.00	170.00	45.00	76.00	51.00
	708.61	0.00	36.00	25.00	42.00	54.00	50.00	45.00	17.00	64.00	0.00	38.00	34.00	41.00	170.00	45.00	76.00	50.00
	708.63	0.00	36.00	25.00	42.00	55.00	50.00	44.00	17.00	63.00	0.00	38.00	34.00	41.00	171.00	45.00	77.00	51.00
	708.63	0.00	36.00	23.00	42.00	55.00	50.00	45.00	17.00	64.00	0.00	38.00	32.00	41.00	170.00	45.00	77.00	50.00
	708.64	0.00	36.00	23.00	42.00	55.00	50.00	45.00	17.00	64.00	0.00	38.00	34.00	41.00	171.00	45.00	76.00	50.00
	708.65	0.00	36.00	23.00	42.00	55.00	49.00	45.00	17.00	63.00	0.00	38.00	32.00	41.00	168.00	45.00	77.00	51.00
	708.66	0.00	36.00	25.00	42.00	55.00	48.00	44.00	17.00	63.00	0.00	38.00	34.00	41.00	168.00	45.00	76.00	50.00
	708.67	0.00	36.00	24.00	42.00	55.00	49.00	45.00	17.00	64.00	0.00	38.00	34.00	41.00	169.00	44.00	77.00	50.00
	708.68	0.00	36.00	25.00	42.00	53.00	48.00	45.00	17.00	65.00	0.00	38.00	34.00	41.00	169.00	45.00	77.00	51.00
	708.69	0.00	36.00	25.00	42.00	55.00	50.00	45.00	17.00	65.00	0.00	38.00	34.00	41.00	170.00	45.00	75.00	51.00
	708.70	0.00	36.00	25.00	42.00	55.00	50.00	44.00	17.00	64.00	0.00	38.00	34.00	40.00	169.00	45.00	77.00	50.00
	708.71	0.00	36.00	25.00	41.00	55.00	50.00	45.00	17.00	65.00	0.00	38.00	32.00	41.00	168.00	44.00	76.00	50.00
	708.72	0.00	36.00	25.00	43.00	55.00	50.00	45.00	17.00	65.00	0.00	38.00	34.00	41.00	170.00	45.00	76.00	50.00
	708.73	0.00	36.00	25.00	42.00	55.00	50.00	44.00	17.00	64.00	0.00	38.00	32.00	42.00	170.00	45.00	77.00	50.00
	708.74	0.00	36.00	25.00	43.00	55.00	49.00	45.00	17.00	65.00	0.00	38.00	34.00	41.00	170.00	45.00	76.00	51.00
	708.75	0.00	36.00	24.00	43.00	55.00	51.00	45.00	17.00	66.00	0.00	38.00	34.00	41.00	170.00	45.00	76.00	50.00
	708.76	0.00	36.00	24.00	42.00	55.00	50.00	44.00	17.00	67.00	0.00	38.00	34.00	41.00	171.00	45.00	77.00	51.00
	708.77	0.00	36.00	24.00	43.00	55.00	50.00	45.00	17.00	66.00	0.00	38.00	32.00	41.00	172.00	45.00	76.00	51.00
	708.78	0.00	36.00	23.00	43.00	55.00	50.00	45.00	17.00	68.00	0.00	38.00	32.00	41.00	171.00	45.00	77.00	51.00
	708.79	0.00	37.00	22.00	43.00	55.00	50.00	45.00	17.00	70.00	0.00	38.00	32.00	41.00	172.00	45.00	76.00	50.00
	708.80	0.00	36.00	24.00	43.00	55.00	51.00	45.00	17.00	72.00	0.00	38.00	32.00	41.00	171.00	45.00	76.00	50.00
	708.81	0.00	36.00	23.00	43.00	53.00	51.00	45.00	17.00	74.00	0.00	38.00	34.00	41.00	172.00	45.00	77.00	50.00
	708.82	0.00	36.00	24.00	43.00	55.00	50.00	45.00	17.00	75.00	0.00	38.00	34.00	41.00	177.00	45.00	76.00	51.00
	708.83	0.00	36.00	25.00	42.00	55.00	52.00	45.00	17.00	75.00	0.00	38.00	32.00	41.00	175.00	44.00	77.00	50.00
	708.84	0.00	36.00	25.00	43.00	55.00	51.00	45.00	17.00	75.00	0.00	38.00	34.00	41.00	178.00	45.00	76.00	51.00
	708.84	0.00	35.00	25.00	43.00	55.00	52.00	44.00	17.00	77.00	0.00	38.00	32.00	41.00	179.00	45.00	65.00	51.00
	708.85	0.00	36.00	24.00	42.00	55.00	52.00	44.00	17.00	77.00	0.00	38.00	34.00	41.00	179.00	45.00	66.00	51.00
	708.86	0.00	36.00	25.00	42.00	53.00	51.00	45.00	17.00	77.00	0.00	38.00	34.00	41.00	177.00	45.00	65.00	51.00
	708.87	0.00	36.00	28.00	42.00	55.00	52.00	45.00	17.00	83.00	0.00	38.00	32.00	41.00	177.00	44.00	63.00	50.00
	708.88	0.00	36.00	26.00	42.00	56.00	52.00	45.00	17.00	84.00	0.00	38.00	34.00	41.00	179.00	44.00	65.00	50.00
	708.89	0.00	36.00	27.00	42.00	56.00	52.00	45.00	17.00	86.00	0.00	38.00	34.00	41.00	177.00	44.00	64.00	50.00
	708.90	0.00	36.00	26.00	42.00	56.00	52.00	45.00	17.00	87.00	0.00	38.00	34.00	41.00	178.00	45.00	64.00	50.00
	708.91	0.00	36.00	24.00	42.00	55.00	52.00	45.00	17.00	90.00	0.00	38.00	34.00	41.00	179.00	45.00	65.00	50.00
	708.92	0.00	36.00	24.00	43.00	56.00	52.00	45.00	17.00	91.00	0.00	38.00	34.00	41.00	178.00	45.00	64.00	50.00
	708.93	0.00	35.00	26.00	42.00	57.00	52.00	44.00	17.00	93.00	0.00	38.00	34.00	41.00	179.00	45.00	65.00	50.00
	708.94	0.00	36.00	28.00	43.00	57.00	52.00	45.00	17.00	94.00	0.00	38.00	34.00	41.00	178.00	45.00	64.00	50.00
	708.95	0.00	36.00	29.00	43.00	58.00	52.00	45.00	17.00	98.00	0.00	38.00	32.00	41.00	179.00	45.00	64.00	50.00
	708.96	0.00	36.00	26.00	42.00	59.00	52.00	45.00	16.00	101.00	0.00	38.00	32.00	41.00	179.00	45.00	65.00	50.00
	708.97	0.00	36.00	26.00	44.00	63.00	53.00	44.00	16.00	102.00	0.00	38.00	32.00	41.00	179.00	45.00	65.00	50.00
	708.98	0.00	36.00	26.00	45.00	64.00	53.00	44.00	16.00	108.00	0.00	38.00	34.00	41.00	178.00	45.00	65.00	50.00
	708.99	0.00	36.00	27.00	43.00	71.00	53.00	44.00	20.00	113.00	0.00	38.00	34.00	41.00	178.00	45.00	65.00	51.00
	709.00	0.00	36.00	31.00	44.00	73.00	58.00	44.00	20.00	116.00	0.00	38.00	32.00	41.00	180.00	45.00	65.00	50.00
	709.01	0.00	36.00	31.00	45.00	77.00	61.00	44.00	22.00	118.00	0.00	38.00	34.00	40.00	178.00	45.00	65.00	49.00
	709.02	0.00	36.00	32.00	45.00	79.00	56.00	45.00	22.00	121.00	0.00	37.00	34.00	41.00	174.00	45.00	65.00	50.00
	709.03	0.00	36.00	31.00	44.00	81.00	59.00	44.00	21.00	121.00	0.00	38.00	34.00	41.00	177.00	45.00	65.00	50.00
	709.04	0.00	36.00	28.00	45.00	88.00	58.00	44.00	23.00	125.00	0.00	38.00	34.00	41.00	172.00	45.00	65.00	50.00
	709.05	0.00	36.00	29.00	45.00	92.00	58.00	44.00	23.00	127.00	0.00	38.00	32.00	41.00	172.00	45.00	65.00	50.00
	709.06	0.00	36.00	27.00	44.00	97.00	58.00	44.00	22.00	126.00	0.00	37.00	32.00	41.00	172.00	45.00	65.00	50.00
	709.07	0.00	36.00	28.00	45.00	99.00	58.00	45.00	22.00	126.00	0.00	37.00	34.00	41.00	170.00	45.00	65.00	50.00
	709.08	0.00	37.00	30.00	44.00	100.00	57.00	44.00	23.00	128.00	0.00	38.00	33.00	41.00	171.00	45.00	65.00	50.00
	709.09	0.00	35.00	29.00	44.00	102.00	58.00	44.00	23.00	130.00	0.00	38.00	34.00	41.00	170.00	45.00	65.00	50.00
	709.09	0.00	35.00	31.00	44.00	103.00	58.00	44.00	23.00	128.00	0.00	38.00	32.00	41.00	170.00	45.00	64.00	50.00
	709.10	0.00	36.00	31.00	45.00	104.00	59.00	44.00	23.00	130.00	0.00	38.00	34.00	41.00	169.00	45.00	64.00	50.00
	709.11	0.00	36.00	32.00	44.00	104.00	59.00	44.00	22.00	133.00	0.00	38.00	34.00	41.00	169.00	45.00	62.00	50.00
	709.13	0.00	36.00	32.00	45.00	104.00	58.00	44.00	24.00	132.00	0.00	38.00	32.00	41.00	168.00	45.00	63.00	50.00
	709.13	0.00	36.00	31.00	44.00	105.00	57.00	44.00	22.00	134.00	0.00	38.00	34.00	41.00	168.00	44.00	62.00	48.00
	709.14	0.00	37.00	32.00	44.00	105.00	58.00	44.00	20.00	134.00	0.00	38.00	34.00	41.00	168.00	45.00	62.00	50.00
	709.15	0.00	35.00	30.00	44.00	106.00	59.00	44.00	23.00	136.00	0.00	38.00	34.00	41.00	166.00	45.00	62.00	50.00
	709.16	0.00	36.00	30.00	44.00	107.00	59.00	45.00	24.00	137.00	0.00	38.00	34.00	40.00	167.00	44.00	62.00	50.00
	709.17	0.00	35.00	32.00	44.00	108.00	59.00	44.00	24.00	139.00	0.00	38.00	32.00	41.00	166.00	45.00	60.00	50.00
	709.18	0.00	36.00	30.00	44.00	109.00	58.00	44.00	22.00	140.00	0.00	37.00	32.00	39.00	165.00	45.00	61.00	48.00
	709.19	0.00	35.00	31.00	44.00	111.00	59.00	44.00	24.00	140.00	0.00	38.00	32.00	41.00	166.00	45.00	61.00	50.00
	709.20	0.00	36.00	31.00	44.00	111.00	58.00	44.00	22.00	141.00	0.00	38.00	32.00	39.00	164.00	44.00	61.00	48.00
	709.21	0.00	35.00	32.00	43.00	111.00	58.00	44.00	24.00	141.00	0.00	38.00	34.00	41.00	165.00	45.00	60.00	50.00
	709.22	0.00	36.00	32.00	44.00	112.00	58.00	44.00	23.00	142.00	0.00	38.00	34.00	41.00	163.00	44.00	59.00	50.00
	709.23	0.00	35.00	32.00	44.00	112.00	59.00	44.00	25.00	143.00	0.00	38.00	34.00	41.00	163.00	44.00	56.00	50.00
	709.24	0.00	35.00	29.00	44.00	113.00	58.00	44.00	26.00	141.00	0.00	37.00	34.00	41.00	162.00	44.00	57.00	49.00
	709.25	0.00	35.00	32.00	44.00	113.00	58.00	44.00	26.00	142.00	0.00	37.00	34.00	41.00	163.00	44.00	55.00	50.00
	709.26	0.00	36.00	32.00	44.00	113.00	58.00	44.00	26.00	145.00	0.00	37.00	34.00	41.00	162.00	44.00	55.00	50.00
	709.27	0.00	36.00	32.00	44.00	114.00	59.00	44.00	26.00	145.00	0.00	37.00	34.00	41.00	163.00	44.00	56.00	50.00
	709.28	0.00	35.00	32.00	44.00	114.00	60.00	44.00	26.00	145.00	0.00	37.00	34.00	41.00	161.00	44.00	55.00	50.00
	709.29	0.00	36.00	32.00	44.00	114.00	60.00	46.00	26.00	147.00	0.00	37.00	31.00	41.00	162.00	44.00	56.00	50.00
	709.30	0.00	35.00	32.00	44.00	114.00	61.00	44.00	26.00	146.00	0.00	37.00	32.00	41.00	162.00	44.00	55.00	50.00
	709.31	0.00	36.00	32.00	44.00	114.00	61.00	44.00	26.00	149.00	0.00	37.00	32.00	41.00	162.00	44.00	57.00	50.00
	709.32	0.00	35.00	32.00	45.00	114.00	61.00	44.00	26.00	148.00	0.00	37.00	34.00	41.00	162.00	44.00	56.00	50.00
	709.33	0.00	36.00	32.00	44.00	114.00	62.00	45.00	24.00	151.00	0.00	37.00	34.00	41.00	164.00	45.00	59.00	50.00
	709.34	0.00	36.00	32.00	45.00	114.00	60.00	45.00	26.00	152.00	0.00	37.00	31.00	41.00	165.00	45.00	61.00	50.00
	709.35	0.00	36.00	32.00	44.00	114.00	60.00	44.00	24.00	152.00	0.00	37.00	34.00	41.00	165.00	45.00	64.00	50.00
	709.36	0.00	35.00	32.00	45.00	115.00	59.00	44.00	26.00	153.00	0.00	37.00	34.00	41.00	169.00	46.00	75.00	50.00
	709.37	0.00	36.00	33.00	45.00	115.00	58.00	45.00	26.00	153.00	0.00	37.00	34.00	41.00	167.00	46.00	77.00	50.00
	709.38	0.00	36.00	33.00	44.00	116.00	56.00	45.00	26.00	153.00	0.00	37.00	34.00	41.00	168.00	47.00	79.00	50.00
	709.39	0.00	35.00	33.00	44.00	115.00	58.00	44.00	26.00	152.00	0.00	37.00	32.00	41.00	172.00	48.00	81.00	50.00
	709.40	0.00	37.00	33.00	43.00	116.00	57.00	45.00	26.00	152.00	0.00	38.00	32.00	41.00	173.00	48.00	85.00	50.00
	709.41	0.00	36.00	33.00	43.00	115.00	56.00	44.00	26.00	150.00	0.00	38.00	35.00	41.00	182.00	48.00	91.00	51.00
	709.41	0.00	36.00	33.00	43.00	116.00	56.00	45.00	25.00	149.00	0.00	38.00	33.00	39.00	183.00	49.00	100.00	51.00
	709.42	0.00	36.00	32.00	44.00	115.00	56.00	44.00	26.00	150.00	0.00	38.00	33.00	42.00	182.00	49.00	104.00	51.00
	709.44	0.00	36.00	32.00	43.00	115.00	56.00	44.00	26.00	150.00	0.00	38.00	35.00	42.00	184.00	49.00	110.00	52.00
	709.44	0.00	36.00	31.00	43.00	116.00	55.00	44.00	26.00	148.00	0.00	38.00	34.00	43.00	187.00	49.00	113.00	54.00
	709.45	0.00	37.00	32.00	44.00	114.00	56.00	44.00	26.00	146.00	0.00	37.00	33.00	43.00	182.00	50.00	118.00	56.00
	709.46	0.00	36.00	33.00	42.00	114.00	57.00	44.00	26.00	145.00	0.00	38.00	35.00	44.00	183.00	50.00	126.00	61.00
	709.47	0.00	37.00	32.00	43.00	114.00	55.00	44.00	26.00	143.00	0.00	38.00	34.00	44.00	185.00	51.00	129.00	63.00
	709.48	0.00	37.00	31.00	42.00	114.00	55.00	45.00	26.00	137.00	0.00	38.00	36.00	44.00	190.00	52.00	132.00	74.00
	709.49	0.00	37.00	33.00	42.00	114.00	54.00	44.00	26.00	131.00	0.00	38.00	36.00	44.00	191.00	60.00	134.00	79.00
	709.50	0.00	36.00	32.00	42.00	114.00	54.00	44.00	26.00	131.00	0.00	39.00	35.00	44.00	198.00	56.00	139.00	86.00
	709.51	0.00	36.00	32.00	43.00	114.00	54.00	44.00	26.00	121.00	0.00	38.00	34.00	45.00	197.00	58.00	145.00	93.00
	709.52	0.00	36.00	33.00	42.00	113.00	54.00	44.00	26.00	114.00	0.00	39.00	36.00	45.00	200.00	59.00	149.00	96.00
	709.53	0.00	36.00	32.00	42.00	113.00	54.00	44.00	26.00	112.00	0.00	39.00	35.00	45.00	205.00	62.00	155.00	98.00
	709.54	0.00	36.00	31.00	42.00	113.00	54.00	44.00	26.00	112.00	0.00	40.00	34.00	45.00	206.00	62.00	160.00	107.00
	709.55	0.00	36.00	33.00	43.00	114.00	53.00	44.00	26.00	110.00	0.00	40.00	34.00	45.00	209.00	64.00	165.00	115.00
	709.56	0.00	36.00	32.00	43.00	114.00	53.00	45.00	26.00	104.00	0.00	41.00	37.00	45.00	212.00	65.00	167.00	116.00
	709.57	0.00	36.00	32.00	43.00	112.00	53.00	44.00	26.00	103.00	0.00	41.00	37.00	45.00	213.00	66.00	170.00	119.00
	709.58	0.00	36.00	31.00	43.00	114.00	52.00	45.00	26.00	96.00	0.00	48.00	36.00	45.00	213.00	67.00	172.00	121.00
	709.59	0.00	36.00	32.00	42.00	113.00	52.00	44.00	26.00	93.00	0.00	48.00	35.00	45.00	213.00	67.00	174.00	124.00
	709.60	0.00	36.00	32.00	42.00	114.00	52.00	45.00	26.00	92.00	0.00	50.00	36.00	45.00	216.00	67.00	173.00	123.00
	709.61	0.00	36.00	31.00	43.00	114.00	52.00	44.00	26.00	92.00	0.00	50.00	36.00	45.00	215.00	67.00	175.00	124.00
	709.62	0.00	36.00	32.00	42.00	114.00	52.00	45.00	26.00	94.00	0.00	51.00	37.00	45.00	215.00	70.00	175.00	124.00
	709.63	0.00	36.00	27.00	43.00	113.00	52.00	44.00	26.00	92.00	0.00	51.00	36.00	46.00	213.00	74.00	177.00	125.00
	709.64	0.00	36.00	32.00	42.00	114.00	52.00	45.00	26.00	94.00	0.00	51.00	38.00	45.00	216.00	75.00	178.00	128.00
	709.65	0.00	37.00	33.00	43.00	114.00	52.00	44.00	26.00	98.00	0.00	51.00	38.00	45.00	217.00	76.00	179.00	128.00
	709.66	0.00	36.00	34.00	42.00	115.00	52.00	45.00	26.00	98.00	0.00	51.00	36.00	45.00	214.00	76.00	180.00	128.00
	709.67	0.00	36.00	32.00	43.00	116.00	52.00	44.00	26.00	100.00	0.00	51.00	38.00	45.00	215.00	77.00	180.00	129.00
	709.68	0.00	35.00	30.00	43.00	116.00	51.00	43.00	26.00	103.00	0.00	51.00	36.00	45.00	216.00	77.00	181.00	131.00
	709.69	0.00	36.00	30.00	44.00	117.00	50.00	44.00	27.00	116.00	0.00	51.00	38.00	45.00	216.00	77.00	181.00	129.00
	709.70	0.00	36.00	28.00	43.00	117.00	50.00	44.00	27.00	122.00	0.00	51.00	38.00	45.00	216.00	76.00	182.00	131.00
	709.71	0.00	36.00	30.00	43.00	117.00	50.00	44.00	27.00	128.00	0.00	51.00	38.00	45.00	218.00	75.00	182.00	131.00
	709.72	0.00	36.00	29.00	43.00	117.00	52.00	44.00	27.00	138.00	0.00	51.00	38.00	45.00	217.00	72.00	182.00	131.00
	709.73	0.00	35.00	30.00	44.00	116.00	53.00	43.00	27.00	142.00	0.00	51.00	37.00	45.00	216.00	70.00	181.00	129.00
	709.74	0.00	35.00	27.00	43.00	116.00	53.00	43.00	27.00	151.00	0.00	51.00	38.00	45.00	215.00	70.00	181.00	128.00
	709.75	0.00	36.00	25.00	44.00	117.00	53.00	44.00	27.00	154.00	0.00	50.00	38.00	45.00	216.00	67.00	180.00	128.00
	709.76	0.00	36.00	27.00	43.00	117.00	56.00	44.00	27.00	160.00	0.00	51.00	36.00	45.00	215.00	67.00	180.00	130.00
	709.77	0.00	36.00	28.00	44.00	116.00	56.00	43.00	27.00	165.00	0.00	51.00	36.00	45.00	214.00	67.00	180.00	126.00
	709.78	0.00	36.00	28.00	45.00	116.00	55.00	44.00	28.00	170.00	0.00	50.00	38.00	45.00	215.00	67.00	180.00	126.00
	709.79	0.00	36.00	28.00	45.00	114.00	52.00	44.00	27.00	173.00	0.00	48.00	36.00	45.00	215.00	67.00	179.00	128.00
	709.80	0.00	35.00	31.00	46.00	113.00	55.00	43.00	28.00	176.00	0.00	48.00	38.00	45.00	215.00	67.00	179.00	128.00
	709.81	0.00	36.00	28.00	46.00	114.00	54.00	44.00	28.00	179.00	0.00	47.00	38.00	45.00	215.00	67.00	178.00	128.00
	709.82	0.00	35.00	28.00	46.00	116.00	56.00	44.00	28.00	177.00	0.00	47.00	38.00	45.00	215.00	66.00	178.00	128.00
	709.83	0.00	36.00	28.00	47.00	115.00	56.00	44.00	28.00	175.00	0.00	47.00	36.00	45.00	214.00	66.00	177.00	128.00
	709.84	0.00	35.00	29.00	46.00	116.00	60.00	44.00	28.00	176.00	0.00	48.00	36.00	45.00	214.00	66.00	176.00	127.00
	709.84	0.00	36.00	31.00	46.00	117.00	58.00	45.00	28.00	173.00	0.00	47.00	38.00	45.00	214.00	66.00	176.00	126.00
	709.85	0.00	36.00	30.00	46.00	115.00	59.00	44.00	28.00	173.00	0.00	46.00	38.00	45.00	213.00	66.00	175.00	127.00
	709.86	0.00	36.00	29.00	46.00	116.00	60.00	45.00	28.00	177.00	0.00	46.00	38.00	43.00	213.00	66.00	175.00	126.00
	709.87	0.00	36.00	31.00	47.00	116.00	58.00	43.00	28.00	178.00	0.00	45.00	38.00	45.00	213.00	66.00	174.00	125.00
	709.88	0.00	35.00	30.00	46.00	115.00	60.00	43.00	28.00	178.00	0.00	46.00	36.00	45.00	214.00	66.00	173.00	121.00
	709.89	0.00	36.00	32.00	46.00	115.00	60.00	45.00	28.00	179.00	0.00	46.00	38.00	45.00	214.00	66.00	174.00	118.00
	709.90	0.00	36.00	32.00	46.00	115.00	59.00	44.00	28.00	178.00	0.00	45.00	38.00	45.00	214.00	66.00	173.00	119.00
	709.91	0.00	36.00	32.00	46.00	115.00	60.00	44.00	28.00	177.00	0.00	44.00	38.00	44.00	213.00	66.00	173.00	120.00
	709.92	0.00	36.00	32.00	46.00	114.00	61.00	44.00	28.00	178.00	0.00	43.00	36.00	45.00	212.00	66.00	173.00	120.00
	709.93	0.00	35.00	32.00	46.00	115.00	60.00	44.00	28.00	177.00	0.00	41.00	38.00	44.00	212.00	65.00	172.00	118.00
	709.94	0.00	36.00	31.00	47.00	115.00	61.00	44.00	28.00	183.00	0.00	42.00	38.00	45.00	212.00	65.00	172.00	119.00
	709.95	0.00	35.00	32.00	46.00	115.00	60.00	44.00	28.00	183.00	0.00	43.00	38.00	44.00	210.00	66.00	171.00	119.00
	709.96	0.00	36.00	29.00	47.00	115.00	60.00	44.00	27.00	181.00	0.00	42.00	38.00	45.00	213.00	66.00	170.00	118.00
	709.97	0.00	36.00	29.00	46.00	115.00	60.00	45.00	28.00	183.00	0.00	40.00	38.00	45.00	211.00	65.00	169.00	116.00
	709.98	0.00	36.00	29.00	47.00	114.00	59.00	45.00	27.00	182.00	0.00	40.00	38.00	45.00	210.00	65.00	168.00	113.00
	709.99	0.00	37.00	29.00	46.00	115.00	59.00	44.00	28.00	185.00	0.00	40.00	38.00	43.00	209.00	65.00	167.00	110.00
	710.00	0.00	36.00	29.00	47.00	114.00	59.00	44.00	28.00	185.00	0.00	40.00	38.00	45.00	209.00	65.00	164.00	109.00
	710.01	0.00	36.00	29.00	46.00	114.00	59.00	44.00	28.00	187.00	0.00	40.00	38.00	45.00	209.00	65.00	161.00	108.00
	710.02	0.00	36.00	29.00	46.00	114.00	59.00	45.00	28.00	184.00	0.00	40.00	38.00	45.00	210.00	65.00	160.00	106.00
	710.03	0.00	36.00	29.00	46.00	115.00	60.00	44.00	28.00	184.00	0.00	39.00	38.00	43.00	210.00	65.00	158.00	106.00
	710.04	0.00	35.00	27.00	46.00	114.00	60.00	44.00	28.00	182.00	0.00	39.00	38.00	45.00	209.00	65.00	157.00	105.00
	710.05	0.00	36.00	29.00	46.00	114.00	59.00	45.00	28.00	182.00	0.00	39.00	36.00	45.00	209.00	65.00	156.00	103.00
	710.06	0.00	36.00	28.00	46.00	114.00	58.00	44.00	28.00	183.00	0.00	39.00	38.00	45.00	207.00	64.00	155.00	101.00
	710.07	0.00	36.00	28.00	46.00	114.00	59.00	45.00	28.00	182.00	0.00	39.00	36.00	45.00	211.00	64.00	154.00	97.00
	710.08	0.00	36.00	28.00	47.00	112.00	58.00	44.00	28.00	183.00	0.00	39.00	38.00	45.00	209.00	64.00	152.00	96.00
	710.09	0.00	36.00	28.00	47.00	112.00	58.00	44.00	28.00	182.00	0.00	40.00	38.00	45.00	208.00	64.00	151.00	93.00
	710.10	0.00	36.00	28.00	46.00	112.00	58.00	44.00	28.00	181.00	0.00	39.00	36.00	45.00	209.00	64.00	148.00	91.00
	710.11	0.00	37.00	28.00	47.00	112.00	58.00	44.00	28.00	183.00	0.00	39.00	38.00	45.00	209.00	64.00	148.00	90.00
	710.12	0.00	36.00	28.00	46.00	113.00	58.00	44.00	28.00	182.00	0.00	39.00	38.00	45.00	208.00	64.00	147.00	90.00
	710.13	0.00	36.00	28.00	47.00	113.00	58.00	44.00	28.00	181.00	0.00	39.00	38.00	45.00	206.00	64.00	146.00	90.00
	710.14	0.00	36.00	28.00	45.00	113.00	57.00	44.00	28.00	182.00	0.00	39.00	38.00	45.00	206.00	64.00	146.00	89.00
	710.15	0.00	37.00	29.00	45.00	113.00	56.00	44.00	28.00	181.00	0.00	39.00	38.00	45.00	207.00	64.00	146.00	90.00
	710.16	0.00	36.00	30.00	45.00	112.00	56.00	44.00	28.00	181.00	0.00	39.00	36.00	45.00	208.00	64.00	146.00	88.00
	710.17	0.00	36.00	29.00	45.00	111.00	55.00	45.00	28.00	181.00	0.00	39.00	38.00	45.00	209.00	64.00	145.00	87.00
	710.18	0.00	36.00	28.00	45.00	112.00	55.00	44.00	28.00	182.00	0.00	39.00	38.00	45.00	208.00	64.00	147.00	87.00
	710.19	0.00	36.00	27.00	46.00	112.00	55.00	45.00	27.00	180.00	0.00	39.00	36.00	45.00	207.00	64.00	145.00	86.00
	710.20	0.00	36.00	27.00	45.00	111.00	55.00	44.00	29.00	178.00	0.00	39.00	38.00	45.00	208.00	64.00	146.00	83.00
	710.21	0.00	37.00	30.00	46.00	112.00	55.00	45.00	28.00	176.00	0.00	39.00	36.00	43.00	207.00	64.00	145.00	85.00
	710.22	0.00	36.00	27.00	45.00	111.00	54.00	44.00	28.00	176.00	0.00	39.00	39.00	45.00	207.00	64.00	146.00	84.00
	710.22	0.00	37.00	28.00	46.00	111.00	54.00	44.00	28.00	175.00	0.00	39.00	37.00	45.00	207.00	64.00	147.00	86.00
	710.24	0.00	36.00	30.00	45.00	111.00	54.00	44.00	28.00	177.00	0.00	39.00	38.00	45.00	209.00	64.00	147.00	84.00
	710.25	0.00	36.00	29.00	46.00	111.00	54.00	44.00	28.00	178.00	0.00	39.00	38.00	45.00	210.00	64.00	148.00	84.00
	710.26	0.00	36.00	30.00	46.00	109.00	54.00	44.00	28.00	178.00	0.00	39.00	39.00	45.00	207.00	64.00	147.00	86.00
	710.26	0.00	36.00	28.00	45.00	110.00	54.00	45.00	28.00	178.00	0.00	39.00	37.00	45.00	208.00	64.00	146.00	87.00
	710.28	0.00	36.00	29.00	45.00	110.00	54.00	44.00	28.00	179.00	0.00	39.00	37.00	45.00	208.00	64.00	147.00	87.00
	710.28	0.00	36.00	30.00	46.00	109.00	54.00	44.00	29.00	179.00	0.00	39.00	37.00	44.00	209.00	64.00	147.00	89.00
	710.29	0.00	36.00	30.00	45.00	110.00	54.00	44.00	28.00	179.00	0.00	39.00	37.00	45.00	208.00	64.00	148.00	91.00
	710.30	0.00	37.00	29.00	45.00	110.00	54.00	44.00	28.00	179.00	0.00	39.00	37.00	45.00	208.00	64.00	148.00	91.00
	710.31	0.00	36.00	29.00	46.00	109.00	54.00	44.00	28.00	179.00	0.00	39.00	37.00	45.00	208.00	64.00	148.00	93.00
	710.32	0.00	36.00	29.00	44.00	110.00	54.00	46.00	28.00	179.00	0.00	39.00	37.00	45.00	208.00	64.00	147.00	92.00
	710.33	0.00	36.00	29.00	45.00	110.00	54.00	44.00	28.00	179.00	0.00	39.00	38.00	45.00	207.00	64.00	148.00	92.00
	710.34	0.00	36.00	29.00	44.00	110.00	54.00	45.00	28.00	178.00	0.00	39.00	37.00	45.00	208.00	64.00	148.00	90.00
	710.35	0.00	37.00	29.00	45.00	109.00	54.00	44.00	28.00	177.00	0.00	39.00	38.00	45.00	209.00	64.00	148.00	91.00
	710.36	0.00	36.00	30.00	44.00	109.00	54.00	46.00	28.00	176.00	0.00	39.00	38.00	45.00	208.00	64.00	148.00	87.00
	710.37	0.00	36.00	30.00	45.00	109.00	54.00	45.00	28.00	176.00	0.00	39.00	37.00	45.00	208.00	63.00	148.00	87.00
	710.38	0.00	37.00	28.00	45.00	109.00	54.00	45.00	28.00	176.00	0.00	39.00	37.00	45.00	207.00	64.00	148.00	87.00
	710.39	0.00	36.00	28.00	45.00	109.00	55.00	44.00	28.00	179.00	0.00	39.00	38.00	45.00	208.00	64.00	148.00	86.00
	710.40	0.00	36.00	28.00	45.00	110.00	55.00	45.00	28.00	179.00	0.00	39.00	37.00	45.00	209.00	64.00	148.00	87.00
	710.41	0.00	36.00	29.00	46.00	109.00	55.00	45.00	28.00	180.00	0.00	39.00	38.00	43.00	209.00	64.00	148.00	87.00
	710.42	0.00	36.00	30.00	44.00	110.00	55.00	46.00	28.00	179.00	0.00	39.00	37.00	45.00	208.00	64.00	148.00	90.00
	710.43	0.00	36.00	30.00	45.00	109.00	55.00	44.00	29.00	181.00	0.00	39.00	39.00	45.00	209.00	64.00	150.00	90.00
	710.44	0.00	36.00	30.00	44.00	109.00	55.00	46.00	28.00	181.00	0.00	39.00	37.00	44.00	210.00	64.00	149.00	89.00
	710.45	0.00	36.00	29.00	45.00	109.00	55.00	44.00	28.00	181.00	0.00	39.00	37.00	45.00	208.00	64.00	150.00	90.00
	710.46	0.00	36.00	29.00	45.00	109.00	55.00	44.00	28.00	179.00	0.00	39.00	39.00	45.00	208.00	64.00	150.00	90.00
	710.47	0.00	36.00	30.00	45.00	110.00	55.00	45.00	28.00	180.00	0.00	39.00	37.00	45.00	208.00	64.00	151.00	93.00
	710.48	0.00	36.00	29.00	45.00	110.00	55.00	44.00	28.00	179.00	0.00	39.00	37.00	45.00	209.00	64.00	152.00	93.00
	710.49	0.00	36.00	30.00	45.00	110.00	55.00	45.00	28.00	178.00	0.00	39.00	39.00	45.00	209.00	64.00	152.00	96.00
	710.50	0.00	36.00	29.00	45.00	110.00	54.00	44.00	28.00	177.00	0.00	39.00	39.00	45.00	209.00	65.00	153.00	95.00
	710.51	0.00	36.00	32.00	44.00	109.00	54.00	44.00	28.00	179.00	0.00	39.00	39.00	45.00	210.00	65.00	153.00	95.00
	710.52	0.00	36.00	31.00	45.00	109.00	54.00	45.00	28.00	177.00	0.00	39.00	39.00	45.00	211.00	65.00	154.00	96.00
	710.53	0.00	37.00	28.00	45.00	109.00	54.00	45.00	28.00	177.00	0.00	39.00	37.00	45.00	210.00	65.00	156.00	95.00
	710.54	0.00	36.00	28.00	45.00	109.00	54.00	45.00	28.00	178.00	0.00	39.00	39.00	45.00	210.00	65.00	157.00	97.00
	710.55	0.00	36.00	29.00	45.00	109.00	54.00	44.00	28.00	178.00	0.00	39.00	37.00	45.00	210.00	65.00	160.00	96.00
	710.56	0.00	37.00	27.00	45.00	109.00	54.00	45.00	29.00	175.00	0.00	39.00	39.00	45.00	209.00	65.00	163.00	98.00
	710.57	0.00	36.00	31.00	45.00	110.00	54.00	45.00	28.00	175.00	0.00	40.00	37.00	45.00	209.00	65.00	165.00	99.00
	710.58	0.00	36.00	32.00	46.00	109.00	54.00	45.00	28.00	173.00	0.00	39.00	37.00	45.00	210.00	65.00	165.00	100.00
	710.59	0.00	36.00	32.00	47.00	111.00	53.00	45.00	28.00	177.00	0.00	39.00	37.00	45.00	210.00	65.00	165.00	103.00
	710.60	0.00	36.00	32.00	46.00	111.00	54.00	46.00	28.00	175.00	0.00	39.00	37.00	45.00	209.00	65.00	166.00	104.00
	710.60	0.00	36.00	32.00	46.00	111.00	53.00	45.00	28.00	176.00	0.00	39.00	37.00	45.00	209.00	65.00	166.00	103.00
	710.62	0.00	36.00	31.00	46.00	111.00	53.00	45.00	28.00	174.00	0.00	39.00	37.00	45.00	209.00	65.00	166.00	103.00
	710.63	0.00	35.00	33.00	47.00	112.00	54.00	44.00	28.00	175.00	0.00	39.00	39.00	45.00	210.00	65.00	167.00	103.00
	710.64	0.00	36.00	33.00	46.00	112.00	54.00	44.00	28.00	176.00	0.00	39.00	37.00	45.00	209.00	65.00	167.00	104.00
	710.65	0.00	35.00	31.00	46.00	112.00	54.00	46.00	28.00	176.00	0.00	39.00	39.00	45.00	209.00	65.00	166.00	102.00
	710.65	0.00	36.00	32.00	46.00	112.00	53.00	45.00	29.00	175.00	0.00	39.00	39.00	45.00	208.00	65.00	165.00	103.00
	710.66	0.00	36.00	31.00	47.00	112.00	54.00	46.00	28.00	177.00	0.00	39.00	37.00	45.00	208.00	65.00	164.00	100.00
	710.67	0.00	37.00	32.00	47.00	111.00	53.00	44.00	28.00	176.00	0.00	39.00	39.00	45.00	206.00	65.00	159.00	99.00
	710.68	0.00	37.00	31.00	46.00	111.00	54.00	45.00	29.00	179.00	0.00	39.00	37.00	45.00	209.00	64.00	158.00	99.00
	710.69	0.00	37.00	31.00	46.00	110.00	54.00	46.00	29.00	178.00	0.00	39.00	37.00	45.00	208.00	65.00	157.00	98.00
	710.70	0.00	37.00	32.00	46.00	111.00	54.00	44.00	28.00	178.00	0.00	39.00	39.00	45.00	210.00	64.00	156.00	99.00
	710.71	0.00	36.00	29.00	46.00	111.00	54.00	45.00	29.00	178.00	0.00	39.00	39.00	45.00	209.00	64.00	154.00	97.00
	710.72	0.00	36.00	31.00	47.00	111.00	55.00	45.00	29.00	179.00	0.00	39.00	37.00	45.00	208.00	64.00	156.00	99.00
	710.73	0.00	36.00	31.00	45.00	112.00	55.00	46.00	28.00	180.00	0.00	39.00	38.00	45.00	210.00	64.00	156.00	101.00
	710.74	0.00	35.00	32.00	46.00	111.00	57.00	45.00	28.00	180.00	0.00	39.00	39.00	45.00	209.00	64.00	161.00	102.00
	710.75	0.00	35.00	31.00	47.00	114.00	58.00	44.00	28.00	181.00	0.00	45.00	39.00	44.00	209.00	65.00	165.00	102.00
	710.76	0.00	36.00	32.00	47.00	114.00	58.00	45.00	28.00	181.00	0.00	46.00	39.00	43.00	209.00	65.00	168.00	104.00
	710.77	0.00	36.00	32.00	46.00	115.00	59.00	45.00	28.00	180.00	0.00	46.00	39.00	45.00	210.00	64.00	169.00	105.00
	710.78	0.00	35.00	32.00	47.00	115.00	59.00	44.00	27.00	181.00	0.00	46.00	39.00	43.00	210.00	65.00	168.00	106.00
	710.79	0.00	36.00	31.00	47.00	115.00	58.00	44.00	28.00	182.00	0.00	46.00	39.00	43.00	208.00	65.00	167.00	106.00
	710.80	0.00	36.00	32.00	46.00	114.00	56.00	45.00	28.00	181.00	0.00	45.00	39.00	45.00	209.00	65.00	165.00	107.00
	710.81	0.00	36.00	28.00	46.00	115.00	56.00	44.00	28.00	182.00	0.00	45.00	37.00	45.00	211.00	65.00	164.00	107.00
	710.82	0.00	35.00	27.00	47.00	115.00	58.00	44.00	28.00	181.00	0.00	46.00	37.00	45.00	210.00	65.00	165.00	107.00
	710.83	0.00	37.00	30.00	47.00	114.00	58.00	44.00	28.00	182.00	0.00	47.00	39.00	44.00	212.00	65.00	165.00	108.00
	710.84	0.00	36.00	29.00	47.00	115.00	58.00	45.00	28.00	182.00	0.00	47.00	39.00	45.00	211.00	65.00	166.00	108.00
	710.85	0.00	36.00	28.00	47.00	115.00	59.00	46.00	28.00	181.00	0.00	48.00	39.00	45.00	211.00	65.00	166.00	108.00
	710.86	0.00	36.00	28.00	46.00	115.00	59.00	44.00	29.00	181.00	0.00	47.00	39.00	45.00	211.00	65.00	166.00	107.00
	710.87	0.00	36.00	29.00	47.00	115.00	58.00	44.00	29.00	182.00	0.00	48.00	38.00	45.00	209.00	65.00	166.00	107.00
	710.88	0.00	36.00	27.00	47.00	114.00	58.00	44.00	28.00	183.00	0.00	48.00	39.00	45.00	208.00	64.00	166.00	107.00
	710.89	0.00	35.00	29.00	46.00	116.00	60.00	44.00	29.00	185.00	0.00	49.00	37.00	45.00	210.00	64.00	166.00	108.00
	710.90	0.00	36.00	27.00	47.00	114.00	61.00	45.00	29.00	186.00	0.00	49.00	39.00	45.00	211.00	65.00	165.00	108.00
	710.91	0.00	37.00	28.00	47.00	114.00	61.00	46.00	29.00	186.00	0.00	51.00	38.00	45.00	210.00	65.00	165.00	110.00
	710.92	0.00	39.00	28.00	46.00	114.00	62.00	44.00	29.00	187.00	0.00	51.00	39.00	45.00	211.00	65.00	164.00	111.00
	710.93	0.00	40.00	27.00	47.00	114.00	64.00	45.00	29.00	187.00	0.00	51.00	38.00	45.00	211.00	65.00	165.00	109.00
	710.94	0.00	39.00	29.00	46.00	114.00	64.00	44.00	29.00	188.00	0.00	50.00	39.00	45.00	211.00	65.00	166.00	109.00
	710.95	0.00	41.00	31.00	47.00	114.00	64.00	45.00	29.00	188.00	0.00	50.00	39.00	43.00	210.00	65.00	166.00	111.00
	710.96	0.00	41.00	29.00	47.00	115.00	64.00	45.00	29.00	189.00	0.00	48.00	37.00	45.00	210.00	65.00	166.00	112.00
	710.97	0.00	41.00	32.00	47.00	115.00	63.00	44.00	29.00	188.00	0.00	48.00	39.00	45.00	209.00	65.00	165.00	110.00
	710.98	0.00	41.00	31.00	47.00	115.00	64.00	44.00	29.00	188.00	0.00	48.00	39.00	45.00	211.00	65.00	165.00	110.00
	710.99	0.00	42.00	32.00	47.00	115.00	63.00	44.00	27.00	190.00	0.00	48.00	37.00	45.00	211.00	64.00	165.00	112.00
	711.00	0.00	42.00	32.00	47.00	114.00	65.00	44.00	29.00	187.00	0.00	48.00	39.00	45.00	210.00	64.00	165.00	111.00
	711.01	0.00	42.00	31.00	47.00	115.00	66.00	45.00	29.00	188.00	0.00	47.00	39.00	45.00	210.00	64.00	165.00	110.00
	711.02	0.00	42.00	31.00	47.00	114.00	64.00	44.00	29.00	189.00	0.00	48.00	39.00	45.00	211.00	64.00	164.00	109.00
	711.03	0.00	41.00	31.00	46.00	115.00	65.00	44.00	29.00	190.00	0.00	48.00	37.00	45.00	210.00	64.00	163.00	108.00
	711.04	0.00	42.00	29.00	47.00	115.00	65.00	44.00	29.00	190.00	0.00	48.00	37.00	45.00	210.00	64.00	161.00	107.00
	711.05	0.00	41.00	29.00	46.00	115.00	65.00	44.00	29.00	189.00	0.00	48.00	39.00	44.00	209.00	64.00	160.00	108.00
	711.06	0.00	41.00	31.00	46.00	115.00	64.00	44.00	29.00	187.00	0.00	48.00	39.00	45.00	210.00	64.00	162.00	109.00
	711.07	0.00	41.00	28.00	46.00	115.00	65.00	45.00	29.00	189.00	0.00	50.00	37.00	45.00	210.00	64.00	162.00	112.00
	711.08	0.00	41.00	32.00	47.00	114.00	64.00	46.00	29.00	191.00	0.00	51.00	39.00	45.00	211.00	64.00	163.00	112.00
	711.09	0.00	42.00	31.00	47.00	114.00	64.00	44.00	30.00	192.00	0.00	56.00	39.00	45.00	211.00	65.00	164.00	113.00
	711.10	0.00	40.00	33.00	46.00	115.00	63.00	46.00	30.00	194.00	0.00	58.00	38.00	43.00	209.00	65.00	167.00	116.00
	711.10	0.00	41.00	31.00	47.00	114.00	64.00	45.00	32.00	193.00	0.00	59.00	38.00	45.00	211.00	66.00	170.00	116.00
	711.11	0.00	42.00	32.00	47.00	115.00	65.00	45.00	32.00	195.00	0.00	58.00	38.00	43.00	212.00	66.00	172.00	116.00
	711.12	0.00	40.00	29.00	47.00	114.00	66.00	44.00	32.00	193.00	0.00	58.00	38.00	45.00	211.00	66.00	173.00	115.00
	711.14	0.00	43.00	29.00	47.00	116.00	66.00	45.00	32.00	192.00	0.00	54.00	40.00	43.00	210.00	66.00	175.00	116.00
	711.14	0.00	42.00	33.00	47.00	117.00	67.00	44.00	31.00	193.00	0.00	51.00	38.00	45.00	210.00	65.00	175.00	115.00
	711.15	0.00	42.00	31.00	48.00	116.00	67.00	44.00	31.00	192.00	0.00	50.00	40.00	45.00	210.00	65.00	175.00	117.00
	711.16	0.00	41.00	32.00	48.00	117.00	67.00	44.00	31.00	193.00	0.00	49.00	40.00	44.00	210.00	65.00	176.00	117.00
	711.17	0.00	41.00	32.00	46.00	117.00	67.00	45.00	31.00	192.00	0.00	49.00	38.00	45.00	211.00	65.00	176.00	117.00
	711.18	0.00	40.00	31.00	48.00	117.00	67.00	44.00	30.00	194.00	0.00	50.00	40.00	45.00	211.00	66.00	176.00	117.00
	711.19	0.00	42.00	33.00	47.00	117.00	67.00	44.00	30.00	194.00	0.00	50.00	40.00	45.00	212.00	66.00	175.00	117.00
	711.20	0.00	41.00	31.00	48.00	117.00	66.00	44.00	30.00	194.00	0.00	50.00	40.00	45.00	212.00	66.00	175.00	117.00
	711.21	0.00	40.00	33.00	47.00	116.00	65.00	44.00	30.00	195.00	0.00	54.00	40.00	45.00	212.00	66.00	175.00	119.00
	711.22	0.00	41.00	30.00	46.00	116.00	65.00	46.00	29.00	196.00	0.00	58.00	40.00	45.00	212.00	66.00	176.00	117.00
	711.23	0.00	41.00	30.00	46.00	116.00	66.00	44.00	29.00	198.00	0.00	62.00	40.00	45.00	213.00	66.00	175.00	117.00
	711.24	0.00	43.00	33.00	48.00	115.00	66.00	44.00	30.00	198.00	0.00	63.00	40.00	45.00	214.00	66.00	176.00	117.00
	711.25	0.00	42.00	30.00	48.00	116.00	66.00	44.00	30.00	199.00	0.00	64.00	39.00	45.00	214.00	67.00	176.00	118.00
	711.26	0.00	42.00	32.00	47.00	115.00	65.00	45.00	30.00	201.00	0.00	65.00	40.00	44.00	212.00	67.00	177.00	120.00
	711.27	0.00	39.00	32.00	48.00	115.00	67.00	44.00	30.00	202.00	0.00	65.00	40.00	44.00	213.00	67.00	178.00	121.00
	711.28	0.00	39.00	34.00	46.00	116.00	68.00	44.00	31.00	201.00	0.00	64.00	40.00	45.00	212.00	67.00	180.00	119.00
	711.29	0.00	40.00	33.00	48.00	116.00	67.00	45.00	30.00	199.00	0.00	64.00	40.00	46.00	211.00	67.00	181.00	119.00
	711.30	0.00	40.00	33.00	46.00	115.00	67.00	44.00	30.00	197.00	0.00	64.00	40.00	46.00	211.00	66.00	181.00	119.00
	711.31	0.00	40.00	33.00	47.00	116.00	67.00	44.00	30.00	197.00	0.00	63.00	40.00	46.00	210.00	66.00	181.00	120.00
	711.32	0.00	41.00	32.00	47.00	117.00	64.00	44.00	30.00	197.00	0.00	59.00	40.00	44.00	210.00	66.00	182.00	118.00
	711.33	0.00	43.00	33.00	46.00	116.00	62.00	45.00	30.00	195.00	0.00	51.00	40.00	46.00	209.00	66.00	181.00	118.00
	711.34	0.00	39.00	29.00	47.00	115.00	62.00	45.00	30.00	195.00	0.00	49.00	38.00	46.00	210.00	66.00	181.00	117.00
	711.35	0.00	39.00	31.00	46.00	116.00	62.00	44.00	30.00	196.00	0.00	48.00	38.00	46.00	209.00	65.00	180.00	117.00
	711.36	0.00	36.00	30.00	47.00	116.00	62.00	44.00	30.00	195.00	0.00	48.00	38.00	45.00	210.00	66.00	179.00	116.00
	711.37	0.00	36.00	33.00	46.00	116.00	63.00	44.00	28.00	194.00	0.00	49.00	38.00	45.00	209.00	65.00	176.00	119.00
	711.38	0.00	36.00	32.00	47.00	115.00	61.00	44.00	29.00	193.00	0.00	48.00	38.00	45.00	209.00	65.00	175.00	116.00
	711.39	0.00	35.00	32.00	47.00	115.00	61.00	44.00	29.00	192.00	0.00	48.00	40.00	43.00	209.00	65.00	172.00	115.00
	711.40	0.00	37.00	33.00	48.00	115.00	60.00	45.00	29.00	189.00	0.00	49.00	39.00	45.00	210.00	65.00	169.00	115.00
	711.41	0.00	37.00	33.00	48.00	114.00	61.00	45.00	29.00	189.00	0.00	50.00	39.00	45.00	209.00	65.00	170.00	116.00
	711.42	0.00	36.00	29.00	46.00	115.00	63.00	44.00	29.00	189.00	0.00	53.00	40.00	45.00	209.00	65.00	168.00	116.00
	711.43	0.00	36.00	32.00	47.00	114.00	64.00	44.00	29.00	192.00	0.00	57.00	40.00	45.00	209.00	65.00	168.00	117.00
	711.44	0.00	36.00	31.00	46.00	115.00	63.00	44.00	29.00	192.00	0.00	60.00	38.00	44.00	209.00	65.00	168.00	118.00
	711.45	0.00	36.00	32.00	47.00	115.00	63.00	44.00	29.00	192.00	0.00	62.00	38.00	45.00	210.00	65.00	168.00	119.00
	711.46	0.00	35.00	33.00	46.00	115.00	63.00	44.00	29.00	193.00	0.00	62.00	38.00	45.00	211.00	65.00	168.00	117.00
	711.47	0.00	37.00	33.00	46.00	114.00	63.00	44.00	29.00	194.00	0.00	61.00	40.00	45.00	212.00	65.00	168.00	120.00
	711.48	0.00	42.00	33.00	47.00	115.00	62.00	45.00	29.00	194.00	0.00	58.00	40.00	45.00	211.00	65.00	172.00	119.00
	711.49	0.00	41.00	32.00	46.00	115.00	63.00	44.00	30.00	193.00	0.00	50.00	38.00	45.00	211.00	65.00	173.00	119.00
	711.50	0.00	37.00	32.00	47.00	115.00	62.00	46.00	29.00	192.00	0.00	45.00	38.00	44.00	211.00	65.00	174.00	118.00
	711.51	0.00	36.00	34.00	47.00	116.00	62.00	45.00	30.00	191.00	0.00	47.00	40.00	46.00	211.00	65.00	175.00	118.00
	711.52	0.00	36.00	33.00	48.00	116.00	62.00	44.00	30.00	191.00	0.00	47.00	40.00	46.00	209.00	65.00	176.00	117.00
	711.53	0.00	35.00	31.00	46.00	115.00	63.00	45.00	30.00	190.00	0.00	40.00	39.00	45.00	210.00	64.00	174.00	113.00
	711.54	0.00	35.00	31.00	46.00	115.00	61.00	45.00	29.00	190.00	0.00	39.00	39.00	46.00	208.00	64.00	170.00	110.00
	711.55	0.00	35.00	32.00	47.00	115.00	61.00	44.00	30.00	191.00	0.00	39.00	39.00	45.00	209.00	64.00	165.00	108.00
	711.56	0.00	37.00	32.00	46.00	115.00	59.00	46.00	29.00	190.00	0.00	39.00	40.00	45.00	209.00	64.00	164.00	104.00
	711.57	0.00	35.00	30.00	47.00	115.00	60.00	44.00	29.00	191.00	0.00	45.00	40.00	45.00	210.00	64.00	162.00	104.00
	711.58	0.00	36.00	33.00	46.00	115.00	60.00	44.00	29.00	188.00	0.00	46.00	40.00	45.00	209.00	64.00	160.00	104.00
	711.59	0.00	35.00	33.00	46.00	114.00	59.00	44.00	29.00	187.00	0.00	46.00	40.00	45.00	210.00	64.00	160.00	102.00
	711.59	0.00	36.00	32.00	47.00	113.00	59.00	44.00	29.00	184.00	0.00	48.00	39.00	45.00	209.00	64.00	159.00	101.00
	711.60	0.00	37.00	31.00	47.00	111.00	59.00	44.00	29.00	184.00	0.00	48.00	38.00	45.00	209.00	64.00	158.00	101.00
	711.61	0.00	36.00	32.00	46.00	109.00	58.00	44.00	29.00	184.00	0.00	48.00	38.00	45.00	210.00	64.00	156.00	99.00
	711.62	0.00	36.00	31.00	47.00	107.00	59.00	44.00	29.00	183.00	0.00	49.00	38.00	45.00	210.00	63.00	157.00	101.00
	711.63	0.00	36.00	31.00	47.00	107.00	59.00	44.00	29.00	185.00	0.00	48.00	39.00	44.00	211.00	64.00	156.00	101.00
	711.64	0.00	37.00	31.00	48.00	107.00	58.00	44.00	29.00	188.00	0.00	48.00	39.00	45.00	212.00	64.00	156.00	101.00
	711.65	0.00	37.00	32.00	47.00	107.00	58.00	44.00	29.00	189.00	0.00	50.00	37.00	45.00	211.00	63.00	155.00	103.00
	711.66	0.00	37.00	31.00	46.00	108.00	58.00	45.00	29.00	188.00	0.00	52.00	38.00	45.00	211.00	64.00	156.00	104.00
	711.67	0.00	36.00	31.00	46.00	108.00	59.00	44.00	29.00	186.00	0.00	55.00	40.00	43.00	210.00	64.00	160.00	107.00
	711.68	0.00	36.00	31.00	46.00	110.00	60.00	46.00	29.00	187.00	0.00	55.00	40.00	45.00	211.00	65.00	161.00	106.00
	711.69	0.00	36.00	32.00	46.00	110.00	62.00	44.00	29.00	188.00	0.00	52.00	40.00	45.00	212.00	65.00	166.00	109.00
	711.70	0.00	36.00	31.00	46.00	111.00	62.00	44.00	29.00	187.00	0.00	50.00	38.00	45.00	212.00	65.00	169.00	113.00
	711.71	0.00	37.00	31.00	46.00	111.00	61.00	45.00	28.00	187.00	0.00	49.00	38.00	44.00	211.00	65.00	170.00	113.00
	711.72	0.00	37.00	32.00	47.00	112.00	59.00	45.00	29.00	186.00	0.00	47.00	38.00	45.00	211.00	65.00	172.00	114.00
	711.73	0.00	36.00	31.00	46.00	111.00	60.00	44.00	29.00	187.00	0.00	47.00	38.00	45.00	210.00	65.00	172.00	114.00
	711.74	0.00	37.00	31.00	47.00	111.00	59.00	46.00	29.00	187.00	0.00	46.00	38.00	44.00	211.00	65.00	173.00	113.00
	711.75	0.00	36.00	32.00	46.00	110.00	58.00	45.00	29.00	188.00	0.00	48.00	38.00	45.00	210.00	65.00	173.00	113.00
	711.76	0.00	36.00	32.00	47.00	109.00	58.00	44.00	29.00	187.00	0.00	50.00	40.00	45.00	211.00	65.00	173.00	112.00
	711.77	0.00	37.00	32.00	46.00	108.00	57.00	46.00	29.00	189.00	0.00	55.00	38.00	45.00	211.00	65.00	173.00	112.00
	711.78	0.00	37.00	31.00	47.00	107.00	59.00	46.00	29.00	186.00	0.00	62.00	38.00	45.00	212.00	65.00	172.00	112.00
	711.79	0.00	37.00	32.00	46.00	105.00	59.00	45.00	29.00	187.00	0.00	64.00	39.00	45.00	213.00	65.00	173.00	112.00
	711.80	0.00	37.00	31.00	46.00	99.00	59.00	44.00	29.00	184.00	0.00	64.00	40.00	44.00	212.00	66.00	173.00	112.00
	711.81	0.00	37.00	31.00	46.00	96.00	59.00	45.00	29.00	183.00	0.00	65.00	40.00	45.00	212.00	65.00	173.00	114.00
	711.82	0.00	36.00	32.00	46.00	95.00	60.00	44.00	29.00	183.00	0.00	65.00	40.00	45.00	212.00	65.00	172.00	113.00
	711.83	0.00	36.00	29.00	46.00	93.00	60.00	44.00	29.00	183.00	0.00	65.00	40.00	45.00	212.00	65.00	172.00	112.00
	711.84	0.00	36.00	32.00	46.00	93.00	59.00	45.00	28.00	184.00	0.00	65.00	38.00	45.00	212.00	65.00	170.00	113.00
	711.85	0.00	36.00	32.00	46.00	92.00	60.00	44.00	29.00	182.00	0.00	64.00	40.00	45.00	212.00	65.00	168.00	112.00
	711.86	0.00	36.00	31.00	46.00	93.00	60.00	45.00	28.00	183.00	0.00	64.00	39.00	45.00	213.00	65.00	166.00	111.00
	711.87	0.00	36.00	31.00	46.00	93.00	60.00	44.00	29.00	184.00	10.00	64.00	38.00	45.00	212.00	65.00	167.00	114.00
	711.88	0.00	37.00	32.00	46.00	92.00	60.00	44.00	28.00	184.00	25.00	63.00	38.00	45.00	213.00	65.00	167.00	112.00
	711.89	0.00	36.00	30.00	46.00	93.00	60.00	44.00	29.00	185.00	27.00	64.00	38.00	45.00	213.00	65.00	168.00	110.00
	711.90	0.00	36.00	29.00	46.00	95.00	60.00	46.00	28.00	184.00	23.00	64.00	38.00	44.00	213.00	65.00	169.00	112.00
	711.91	0.00	35.00	32.00	47.00	96.00	60.00	44.00	29.00	184.00	30.00	64.00	40.00	45.00	213.00	65.00	171.00	112.00
	711.92	0.00	36.00	32.00	46.00	99.00	60.00	45.00	29.00	184.00	30.00	63.00	38.00	45.00	214.00	65.00	174.00	113.00
	711.93	0.00	36.00	31.00	46.00	100.00	59.00	44.00	29.00	184.00	29.00	61.00	38.00	46.00	212.00	65.00	176.00	110.00
	711.94	0.00	36.00	32.00	46.00	101.00	58.00	45.00	29.00	185.00	23.00	59.00	39.00	46.00	212.00	66.00	177.00	107.00
	711.95	0.00	36.00	31.00	47.00	100.00	60.00	46.00	29.00	184.00	23.00	59.00	38.00	46.00	213.00	66.00	178.00	107.00
	711.96	0.00	35.00	31.00	46.00	97.00	59.00	44.00	29.00	185.00	17.00	59.00	40.00	44.00	212.00	66.00	178.00	105.00
	711.97	0.00	36.00	31.00	46.00	94.00	59.00	44.00	29.00	184.00	6.00	60.00	40.00	46.00	212.00	66.00	178.00	104.00
	711.98	0.00	36.00	31.00	47.00	95.00	58.00	46.00	29.00	185.00	14.00	63.00	39.00	46.00	211.00	66.00	178.00	105.00
	711.99	0.00	36.00	31.00	47.00	94.00	58.00	44.00	29.00	185.00	21.00	63.00	38.00	46.00	212.00	66.00	178.00	106.00
	712.00	0.00	36.00	31.00	46.00	93.00	59.00	45.00	28.00	187.00	23.00	64.00	38.00	44.00	213.00	66.00	178.00	105.00
	712.01	0.00	36.00	33.00	47.00	93.00	58.00	46.00	29.00	187.00	24.00	64.00	39.00	45.00	213.00	66.00	177.00	106.00
	712.02	0.00	36.00	32.00	45.00	94.00	58.00	46.00	29.00	186.00	23.00	63.00	38.00	45.00	213.00	66.00	177.00	106.00
	712.03	0.00	35.00	31.00	46.00	93.00	59.00	46.00	29.00	185.00	24.00	64.00	39.00	45.00	213.00	66.00	176.00	107.00
	712.04	0.00	36.00	32.00	46.00	93.00	59.00	44.00	29.00	184.00	20.00	64.00	37.00	45.00	213.00	65.00	175.00	107.00
	712.05	0.00	35.00	32.00	47.00	93.00	59.00	46.00	29.00	184.00	24.00	64.00	40.00	46.00	214.00	66.00	174.00	105.00
	712.05	0.00	36.00	29.00	46.00	92.00	58.00	44.00	29.00	184.00	25.00	64.00	39.00	45.00	214.00	66.00	173.00	106.00
	712.07	0.00	36.00	32.00	47.00	93.00	58.00	44.00	29.00	185.00	25.00	63.00	41.00	45.00	214.00	66.00	173.00	105.00
	712.08	0.00	36.00	30.00	46.00	92.00	57.00	44.00	28.00	183.00	26.00	64.00	39.00	46.00	214.00	66.00	174.00	105.00
	712.09	0.00	36.00	33.00	46.00	92.00	58.00	45.00	29.00	184.00	25.00	63.00	38.00	44.00	213.00	66.00	175.00	105.00
	712.09	0.00	36.00	33.00	46.00	93.00	58.00	44.00	28.00	182.00	25.00	63.00	39.00	45.00	212.00	66.00	175.00	105.00
	712.10	0.00	36.00	31.00	47.00	93.00	58.00	44.00	29.00	182.00	25.00	61.00	40.00	45.00	213.00	66.00	175.00	104.00
	712.11	0.00	35.00	31.00	47.00	93.00	58.00	46.00	29.00	181.00	25.00	58.00	39.00	44.00	211.00	66.00	175.00	103.00
	712.12	0.00	36.00	30.00	47.00	93.00	58.00	44.00	29.00	181.00	24.00	57.00	39.00	45.00	213.00	66.00	174.00	103.00
	712.13	0.00	35.00	32.00	46.00	93.00	58.00	45.00	29.00	182.00	16.00	57.00	41.00	45.00	213.00	66.00	173.00	104.00
	712.14	0.00	36.00	31.00	46.00	92.00	58.00	44.00	29.00	183.00	0.00	58.00	40.00	45.00	213.00	66.00	172.00	103.00
	712.15	0.00	36.00	29.00	46.00	91.00	58.00	44.00	29.00	184.00	0.00	58.00	39.00	45.00	211.00	65.00	171.00	100.00
	712.16	0.00	36.00	32.00	45.00	92.00	56.00	45.00	29.00	185.00	0.00	59.00	40.00	45.00	211.00	65.00	171.00	97.00
	712.17	0.00	36.00	31.00	46.00	93.00	54.00	44.00	28.00	187.00	0.00	58.00	39.00	45.00	212.00	65.00	171.00	94.00
	712.18	0.00	36.00	33.00	45.00	92.00	53.00	44.00	27.00	188.00	0.00	58.00	40.00	46.00	211.00	65.00	170.00	98.00
	712.19	0.00	35.00	33.00	47.00	92.00	53.00	44.00	29.00	187.00	0.00	57.00	41.00	46.00	211.00	65.00	168.00	96.00
	712.20	0.00	35.00	33.00	47.00	92.00	53.00	44.00	29.00	188.00	0.00	57.00	41.00	45.00	211.00	65.00	168.00	96.00
	712.21	0.00	36.00	31.00	46.00	92.00	53.00	44.00	29.00	187.00	0.00	56.00	40.00	45.00	212.00	65.00	170.00	96.00
	712.22	0.00	36.00	33.00	46.00	92.00	52.00	44.00	27.00	187.00	0.00	56.00	39.00	45.00	211.00	65.00	169.00	96.00
	712.23	0.00	36.00	31.00	46.00	92.00	53.00	44.00	29.00	185.00	0.00	57.00	40.00	45.00	211.00	65.00	169.00	97.00
	712.24	0.00	36.00	33.00	45.00	92.00	52.00	45.00	28.00	183.00	0.00	56.00	41.00	45.00	210.00	65.00	169.00	98.00
	712.25	0.00	36.00	33.00	46.00	91.00	52.00	44.00	29.00	183.00	0.00	52.00	38.00	45.00	211.00	65.00	168.00	98.00
	712.26	0.00	36.00	31.00	46.00	91.00	51.00	44.00	29.00	181.00	0.00	50.00	40.00	45.00	211.00	65.00	168.00	96.00
	712.27	0.00	36.00	33.00	46.00	92.00	51.00	44.00	27.00	181.00	0.00	49.00	40.00	44.00	210.00	65.00	169.00	97.00
	712.28	0.00	34.00	33.00	47.00	91.00	51.00	44.00	29.00	181.00	0.00	48.00	40.00	45.00	211.00	65.00	169.00	97.00
	712.29	0.00	37.00	31.00	46.00	91.00	51.00	44.00	27.00	180.00	0.00	48.00	40.00	44.00	211.00	65.00	169.00	96.00
	712.30	0.00	35.00	33.00	47.00	91.00	51.00	44.00	29.00	179.00	0.00	48.00	40.00	45.00	210.00	65.00	168.00	96.00
	712.31	0.00	36.00	32.00	45.00	91.00	50.00	44.00	27.00	182.00	0.00	49.00	39.00	45.00	210.00	65.00	169.00	97.00
	712.32	0.00	36.00	32.00	46.00	90.00	51.00	44.00	27.00	181.00	0.00	49.00	40.00	46.00	211.00	65.00	168.00	97.00
	712.33	0.00	36.00	33.00	47.00	91.00	50.00	44.00	29.00	183.00	0.00	50.00	39.00	45.00	211.00	65.00	168.00	96.00
	712.34	0.00	36.00	33.00	47.00	91.00	51.00	45.00	29.00	185.00	0.00	55.00	38.00	45.00	211.00	65.00	169.00	100.00
	712.35	0.00	36.00	31.00	46.00	91.00	51.00	45.00	29.00	185.00	0.00	60.00	39.00	45.00	211.00	66.00	169.00	101.00
	712.36	0.00	36.00	32.00	46.00	92.00	51.00	44.00	29.00	186.00	0.00	61.00	41.00	46.00	209.00	66.00	172.00	100.00
	712.37	0.00	36.00	31.00	46.00	91.00	52.00	44.00	29.00	185.00	0.00	61.00	41.00	46.00	211.00	66.00	174.00	100.00
	712.38	0.00	36.00	31.00	46.00	92.00	52.00	44.00	29.00	185.00	0.00	59.00	40.00	46.00	211.00	66.00	174.00	102.00
	712.39	0.00	36.00	33.00	46.00	92.00	52.00	44.00	29.00	183.00	0.00	52.00	41.00	46.00	212.00	65.00	174.00	101.00
	712.40	0.00	36.00	31.00	46.00	92.00	52.00	45.00	29.00	182.00	0.00	50.00	40.00	45.00	211.00	65.00	174.00	104.00
	712.41	0.00	36.00	31.00	47.00	92.00	51.00	45.00	28.00	182.00	0.00	49.00	39.00	46.00	212.00	65.00	174.00	104.00
	712.42	0.00	36.00	33.00	46.00	91.00	51.00	45.00	29.00	182.00	0.00	48.00	40.00	46.00	212.00	65.00	173.00	101.00
	712.42	0.00	36.00	31.00	46.00	90.00	51.00	44.00	29.00	181.00	0.00	48.00	39.00	45.00	211.00	65.00	172.00	101.00
	712.44	0.00	36.00	33.00	45.00	89.00	51.00	44.00	29.00	179.00	0.00	49.00	39.00	46.00	211.00	65.00	171.00	100.00
	712.44	0.00	36.00	33.00	45.00	87.00	51.00	45.00	29.00	181.00	0.00	50.00	39.00	46.00	213.00	65.00	170.00	102.00
	712.46	0.00	36.00	32.00	45.00	87.00	51.00	44.00	29.00	182.00	0.00	50.00	39.00	46.00	211.00	65.00	170.00	100.00
	712.46	0.00	36.00	31.00	46.00	87.00	51.00	45.00	29.00	180.00	0.00	51.00	40.00	45.00	211.00	65.00	170.00	99.00
	712.47	0.00	36.00	33.00	46.00	85.00	49.00	45.00	29.00	179.00	0.00	52.00	38.00	45.00	211.00	65.00	168.00	98.00
	712.48	0.00	35.00	33.00	46.00	83.00	51.00	44.00	29.00	178.00	0.00	52.00	40.00	45.00	212.00	65.00	166.00	98.00
	712.49	0.00	36.00	31.00	46.00	84.00	51.00	44.00	29.00	179.00	0.00	51.00	40.00	45.00	212.00	65.00	165.00	101.00
	712.50	0.00	36.00	33.00	45.00	82.00	51.00	44.00	29.00	176.00	0.00	51.00	38.00	45.00	212.00	65.00	164.00	99.00
	712.51	0.00	36.00	32.00	46.00	85.00	51.00	44.00	29.00	179.00	0.00	53.00	40.00	45.00	211.00	64.00	163.00	99.00
	712.52	0.00	36.00	33.00	47.00	84.00	51.00	46.00	29.00	181.00	0.00	60.00	38.00	45.00	211.00	65.00	164.00	104.00
	712.53	0.00	36.00	33.00	45.00	84.00	51.00	45.00	29.00	183.00	0.00	62.00	39.00	46.00	211.00	65.00	164.00	105.00
	712.54	0.00	36.00	33.00	46.00	85.00	52.00	45.00	29.00	182.00	0.00	63.00	41.00	46.00	212.00	66.00	166.00	106.00
	712.55	0.00	36.00	31.00	47.00	88.00	52.00	44.00	29.00	181.00	0.00	64.00	38.00	46.00	212.00	66.00	169.00	104.00
	712.56	0.00	36.00	33.00	46.00	89.00	53.00	45.00	29.00	179.00	0.00	63.00	40.00	46.00	212.00	66.00	170.00	104.00
	712.57	0.00	36.00	33.00	46.00	90.00	53.00	45.00	29.00	180.00	0.00	61.00	40.00	46.00	211.00	65.00	172.00	106.00
	712.58	0.00	36.00	30.00	46.00	90.00	52.00	46.00	29.00	180.00	0.00	51.00	39.00	46.00	212.00	66.00	173.00	106.00
	712.59	0.00	36.00	32.00	46.00	90.00	52.00	45.00	29.00	180.00	0.00	48.00	39.00	46.00	212.00	66.00	175.00	104.00
	712.60	0.00	36.00	33.00	46.00	89.00	51.00	46.00	29.00	181.00	0.00	47.00	40.00	46.00	212.00	65.00	175.00	103.00
	712.61	0.00	36.00	32.00	46.00	84.00	51.00	46.00	29.00	175.00	0.00	47.00	40.00	46.00	211.00	65.00	174.00	103.00
	712.62	0.00	36.00	32.00	46.00	84.00	50.00	45.00	29.00	175.00	0.00	47.00	40.00	46.00	211.00	64.00	173.00	102.00
	712.63	0.00	36.00	32.00	45.00	84.00	50.00	45.00	29.00	175.00	0.00	47.00	40.00	46.00	211.00	64.00	171.00	97.00
	712.64	0.00	35.00	32.00	47.00	80.00	49.00	44.00	29.00	174.00	0.00	47.00	41.00	46.00	211.00	64.00	167.00	96.00
	712.65	0.00	36.00	33.00	46.00	80.00	49.00	44.00	27.00	172.00	0.00	46.00	39.00	46.00	211.00	64.00	166.00	94.00
	712.66	0.00	36.00	31.00	46.00	79.00	49.00	46.00	29.00	172.00	0.00	49.00	40.00	46.00	211.00	64.00	164.00	92.00
	712.67	0.00	35.00	33.00	47.00	79.00	49.00	44.00	29.00	172.00	0.00	50.00	40.00	45.00	211.00	65.00	160.00	85.00
	712.68	0.00	36.00	32.00	46.00	77.00	49.00	44.00	29.00	172.00	0.00	51.00	41.00	45.00	213.00	64.00	159.00	83.00
	712.69	0.00	35.00	32.00	46.00	77.00	49.00	44.00	28.00	171.00	0.00	52.00	40.00	45.00	210.00	64.00	157.00	86.00
	712.70	0.00	36.00	31.00	46.00	75.00	49.00	44.00	29.00	170.00	0.00	52.00	41.00	45.00	211.00	64.00	157.00	87.00
	712.71	0.00	35.00	31.00	45.00	75.00	49.00	44.00	29.00	169.00	0.00	52.00	41.00	45.00	212.00	64.00	158.00	89.00
	712.72	0.00	37.00	32.00	46.00	74.00	49.00	45.00	29.00	167.00	0.00	52.00	39.00	45.00	212.00	64.00	159.00	89.00
	712.73	0.00	36.00	32.00	45.00	74.00	49.00	44.00	27.00	168.00	0.00	52.00	41.00	45.00	211.00	64.00	160.00	90.00
	712.74	0.00	36.00	31.00	46.00	75.00	49.00	44.00	27.00	169.00	0.00	52.00	41.00	44.00	211.00	64.00	159.00	92.00
	712.75	0.00	36.00	31.00	44.00	75.00	49.00	44.00	27.00	172.00	0.00	56.00	41.00	44.00	213.00	65.00	161.00	94.00
	712.76	0.00	36.00	32.00	45.00	77.00	49.00	44.00	27.00	172.00	0.00	59.00	39.00	44.00	212.00	65.00	162.00	95.00
	712.77	0.00	35.00	32.00	46.00	77.00	50.00	44.00	29.00	172.00	0.00	59.00	41.00	46.00	213.00	66.00	163.00	97.00
	712.78	0.00	35.00	32.00	45.00	79.00	50.00	44.00	29.00	173.00	10.00	57.00	39.00	46.00	212.00	65.00	167.00	100.00
	712.78	0.00	35.00	32.00	46.00	80.00	50.00	45.00	29.00	175.00	10.00	56.00	41.00	46.00	212.00	66.00	170.00	107.00
	712.79	0.00	36.00	30.00	45.00	81.00	50.00	44.00	28.00	175.00	0.00	53.00	39.00	45.00	212.00	66.00	174.00	104.00
	712.80	0.00	36.00	30.00	45.00	84.00	50.00	44.00	29.00	175.00	0.00	50.00	39.00	46.00	211.00	66.00	176.00	105.00
	712.81	0.00	36.00	31.00	45.00	82.00	50.00	44.00	29.00	174.00	0.00	46.00	38.00	46.00	212.00	66.00	176.00	103.00
	712.82	0.00	36.00	31.00	46.00	82.00	49.00	44.00	29.00	173.00	0.00	47.00	38.00	46.00	212.00	66.00	177.00	104.00
	712.83	0.00	36.00	31.00	45.00	80.00	49.00	44.00	29.00	168.00	0.00	45.00	38.00	46.00	211.00	65.00	177.00	103.00
	712.84	0.00	36.00	31.00	45.00	79.00	49.00	44.00	29.00	160.00	0.00	44.00	40.00	46.00	210.00	64.00	175.00	99.00
	712.85	0.00	36.00	30.00	45.00	78.00	49.00	44.00	29.00	156.00	0.00	45.00	40.00	46.00	207.00	64.00	168.00	98.00
	712.86	0.00	36.00	32.00	46.00	75.00	49.00	46.00	28.00	156.00	0.00	47.00	40.00	46.00	209.00	64.00	163.00	93.00
	712.87	0.00	36.00	31.00	46.00	64.00	48.00	44.00	27.00	156.00	0.00	47.00	38.00	44.00	208.00	63.00	159.00	83.00
	712.88	0.00	34.00	31.00	46.00	60.00	48.00	44.00	28.00	157.00	0.00	46.00	38.00	46.00	210.00	63.00	158.00	77.00
	712.89	0.00	36.00	31.00	45.00	57.00	48.00	44.00	27.00	157.00	0.00	47.00	40.00	44.00	208.00	63.00	155.00	66.00
	712.90	0.00	35.00	31.00	45.00	56.00	49.00	44.00	28.00	158.00	0.00	47.00	40.00	45.00	210.00	63.00	154.00	61.00
	712.91	0.00	35.00	28.00	46.00	51.00	49.00	44.00	28.00	150.00	0.00	47.00	37.00	45.00	209.00	62.00	152.00	59.00
	712.92	0.00	35.00	32.00	46.00	50.00	49.00	44.00	28.00	147.00	0.00	46.00	37.00	45.00	209.00	58.00	150.00	59.00
	712.93	0.00	35.00	31.00	46.00	50.00	49.00	44.00	28.00	147.00	0.00	39.00	39.00	45.00	208.00	57.00	148.00	58.00
	712.94	0.00	35.00	31.00	46.00	51.00	49.00	44.00	28.00	146.00	0.00	40.00	37.00	45.00	209.00	56.00	146.00	58.00
	712.95	0.00	35.00	31.00	45.00	50.00	49.00	44.00	28.00	143.00	0.00	40.00	38.00	45.00	208.00	56.00	146.00	58.00
	712.96	0.00	36.00	32.00	45.00	50.00	49.00	44.00	28.00	144.00	0.00	40.00	36.00	45.00	208.00	56.00	146.00	58.00
	712.97	0.00	35.00	32.00	45.00	51.00	49.00	44.00	28.00	146.00	0.00	40.00	37.00	45.00	209.00	56.00	145.00	58.00
	712.98	0.00	36.00	31.00	45.00	51.00	49.00	44.00	28.00	145.00	0.00	40.00	38.00	45.00	209.00	57.00	146.00	59.00
	712.99	0.00	35.00	33.00	45.00	52.00	49.00	44.00	28.00	143.00	0.00	40.00	38.00	45.00	208.00	58.00	146.00	60.00
	713.00	0.00	36.00	31.00	45.00	57.00	49.00	44.00	28.00	142.00	0.00	40.00	38.00	45.00	209.00	59.00	150.00	60.00
	713.01	0.00	36.00	32.00	45.00	57.00	49.00	45.00	28.00	139.00	0.00	39.00	37.00	45.00	208.00	59.00	150.00	60.00
	713.02	0.00	35.00	31.00	46.00	57.00	49.00	44.00	28.00	131.00	0.00	39.00	37.00	45.00	208.00	58.00	150.00	63.00
	713.03	0.00	36.00	31.00	45.00	57.00	49.00	45.00	28.00	122.00	0.00	39.00	37.00	45.00	206.00	56.00	151.00	65.00
	713.04	0.00	37.00	30.00	44.00	58.00	48.00	44.00	27.00	119.00	0.00	39.00	38.00	44.00	204.00	54.00	151.00	61.00
	713.05	0.00	36.00	31.00	45.00	58.00	49.00	44.00	29.00	120.00	0.00	38.00	38.00	45.00	202.00	54.00	150.00	60.00
	713.06	0.00	37.00	32.00	45.00	58.00	49.00	44.00	28.00	121.00	0.00	38.00	38.00	45.00	199.00	54.00	148.00	58.00
	713.07	0.00	37.00	31.00	46.00	53.00	49.00	44.00	29.00	122.00	0.00	38.00	36.00	45.00	198.00	53.00	146.00	59.00
	713.08	0.00	37.00	32.00	45.00	52.00	49.00	46.00	27.00	123.00	0.00	38.00	36.00	45.00	198.00	53.00	142.00	58.00
	713.09	0.00	36.00	31.00	45.00	52.00	47.00	44.00	28.00	124.00	0.00	39.00	37.00	45.00	198.00	53.00	140.00	57.00
	713.09	0.00	35.00	32.00	45.00	52.00	49.00	44.00	29.00	127.00	0.00	39.00	38.00	45.00	197.00	53.00	137.00	56.00
	713.10	0.00	36.00	32.00	46.00	51.00	49.00	44.00	28.00	129.00	0.00	39.00	38.00	45.00	198.00	53.00	137.00	53.00
	713.11	0.00	35.00	31.00	45.00	51.00	49.00	44.00	28.00	129.00	0.00	39.00	38.00	44.00	199.00	53.00	135.00	53.00
	713.12	0.00	36.00	31.00	46.00	50.00	49.00	44.00	28.00	133.00	0.00	39.00	38.00	44.00	198.00	53.00	136.00	53.00
	713.13	0.00	36.00	27.00	45.00	50.00	48.00	44.00	27.00	140.00	0.00	38.00	38.00	45.00	199.00	53.00	136.00	51.00
	713.14	0.00	36.00	31.00	46.00	50.00	49.00	44.00	28.00	141.00	0.00	39.00	38.00	44.00	199.00	53.00	134.00	53.00
	713.15	0.00	35.00	31.00	46.00	51.00	49.00	44.00	28.00	142.00	0.00	39.00	38.00	45.00	199.00	53.00	133.00	53.00
	713.16	0.00	36.00	31.00	46.00	50.00	49.00	45.00	27.00	142.00	0.00	39.00	36.00	43.00	198.00	53.00	133.00	51.00
	713.17	0.00	35.00	28.00	46.00	51.00	49.00	44.00	28.00	143.00	0.00	39.00	38.00	45.00	200.00	53.00	132.00	53.00
	713.18	0.00	36.00	31.00	45.00	51.00	48.00	44.00	27.00	144.00	0.00	39.00	37.00	43.00	200.00	53.00	133.00	51.00
	713.19	0.00	35.00	32.00	45.00	51.00	49.00	44.00	28.00	144.00	0.00	39.00	36.00	45.00	199.00	53.00	131.00	53.00
	713.20	0.00	36.00	32.00	45.00	52.00	48.00	44.00	27.00	138.00	0.00	39.00	38.00	45.00	199.00	53.00	134.00	53.00
	713.21	0.00	35.00	31.00	45.00	50.00	49.00	44.00	28.00	132.00	0.00	39.00	36.00	45.00	200.00	53.00	136.00	56.00
	713.22	0.00	35.00	29.00	46.00	53.00	49.00	44.00	28.00	130.00	0.00	39.00	36.00	45.00	199.00	54.00	136.00	57.00
	713.23	0.00	36.00	29.00	45.00	58.00	49.00	45.00	28.00	125.00	0.00	38.00	36.00	45.00	200.00	53.00	138.00	57.00
	713.24	0.00	36.00	31.00	46.00	53.00	49.00	44.00	28.00	110.00	0.00	38.00	36.00	45.00	198.00	53.00	139.00	57.00
	713.25	0.00	36.00	28.00	45.00	53.00	48.00	44.00	28.00	109.00	0.00	38.00	36.00	45.00	197.00	53.00	140.00	57.00
	713.26	0.00	35.00	31.00	45.00	52.00	49.00	44.00	28.00	109.00	0.00	38.00	38.00	45.00	196.00	53.00	141.00	57.00
	713.27	0.00	36.00	32.00	45.00	51.00	49.00	44.00	28.00	110.00	0.00	38.00	38.00	45.00	196.00	53.00	140.00	56.00
	713.28	0.00	35.00	32.00	46.00	51.00	49.00	44.00	28.00	110.00	0.00	37.00	36.00	45.00	196.00	53.00	139.00	55.00
	713.29	0.00	36.00	30.00	45.00	50.00	49.00	44.00	28.00	110.00	0.00	38.00	36.00	44.00	197.00	53.00	138.00	54.00
	713.30	0.00	35.00	32.00	46.00	49.00	49.00	44.00	28.00	112.00	0.00	39.00	38.00	45.00	198.00	53.00	138.00	53.00
	713.31	0.00	36.00	31.00	46.00	48.00	49.00	44.00	28.00	111.00	0.00	39.00	36.00	45.00	198.00	53.00	137.00	53.00
	713.32	0.00	36.00	32.00	45.00	48.00	49.00	44.00	27.00	111.00	0.00	39.00	36.00	45.00	199.00	53.00	138.00	53.00
	713.33	0.00	36.00	32.00	45.00	48.00	49.00	44.00	27.00	110.00	0.00	39.00	38.00	45.00	199.00	53.00	137.00	53.00
	713.34	0.00	35.00	29.00	46.00	47.00	50.00	44.00	28.00	108.00	0.00	39.00	38.00	45.00	199.00	53.00	136.00	53.00
	713.35	0.00	35.00	31.00	46.00	47.00	50.00	44.00	28.00	110.00	0.00	38.00	36.00	45.00	198.00	53.00	134.00	52.00
	713.36	0.00	35.00	31.00	46.00	46.00	49.00	44.00	28.00	108.00	0.00	39.00	38.00	45.00	199.00	53.00	134.00	53.00
	713.37	0.00	36.00	31.00	46.00	47.00	49.00	46.00	28.00	108.00	0.00	39.00	38.00	45.00	199.00	53.00	132.00	52.00
	713.38	0.00	36.00	31.00	45.00	47.00	49.00	44.00	28.00	105.00	0.00	38.00	38.00	45.00	200.00	53.00	132.00	52.00
	713.39	0.00	36.00	31.00	45.00	47.00	49.00	44.00	28.00	110.00	0.00	38.00	36.00	45.00	200.00	53.00	131.00	52.00
	713.40	0.00	36.00	28.00	46.00	48.00	49.00	46.00	28.00	109.00	0.00	39.00	38.00	45.00	201.00	53.00	131.00	52.00
	713.41	0.00	35.00	32.00	44.00	47.00	49.00	44.00	28.00	107.00	0.00	39.00	38.00	45.00	201.00	53.00	131.00	52.00
	713.41	0.00	36.00	32.00	44.00	47.00	49.00	44.00	26.00	106.00	0.00	38.00	36.00	43.00	201.00	53.00	133.00	52.00
	713.42	0.00	35.00	31.00	45.00	47.00	49.00	45.00	28.00	106.00	0.00	38.00	37.00	45.00	200.00	53.00	133.00	52.00
	713.44	0.00	36.00	30.00	44.00	47.00	50.00	44.00	28.00	107.00	0.00	38.00	35.00	42.00	200.00	53.00	134.00	53.00
	713.44	0.00	36.00	31.00	44.00	47.00	49.00	44.00	27.00	105.00	0.00	38.00	35.00	45.00	198.00	53.00	135.00	52.00
	713.45	0.00	36.00	30.00	44.00	46.00	49.00	44.00	28.00	105.00	0.00	38.00	35.00	44.00	193.00	53.00	135.00	53.00
	713.46	0.00	35.00	32.00	44.00	46.00	49.00	44.00	28.00	103.00	0.00	38.00	35.00	45.00	192.00	53.00	132.00	52.00
	713.47	0.00	36.00	32.00	44.00	45.00	49.00	44.00	27.00	103.00	0.00	38.00	35.00	45.00	191.00	53.00	133.00	52.00
	713.48	0.00	36.00	31.00	44.00	45.00	50.00	45.00	28.00	100.00	0.00	38.00	35.00	45.00	191.00	52.00	132.00	52.00
	713.49	0.00	36.00	32.00	44.00	45.00	49.00	44.00	27.00	101.00	0.00	38.00	36.00	44.00	190.00	52.00	130.00	51.00
	713.50	0.00	35.00	31.00	44.00	47.00	49.00	44.00	28.00	100.00	0.00	38.00	35.00	45.00	190.00	53.00	128.00	52.00
	713.51	0.00	35.00	31.00	44.00	46.00	49.00	44.00	28.00	100.00	0.00	38.00	35.00	44.00	189.00	52.00	127.00	52.00
	713.52	0.00	35.00	31.00	44.00	44.00	49.00	44.00	28.00	98.00	0.00	38.00	35.00	44.00	186.00	52.00	126.00	52.00
	713.53	0.00	36.00	32.00	44.00	45.00	49.00	45.00	27.00	97.00	0.00	38.00	37.00	44.00	189.00	52.00	126.00	51.00
	713.54	0.00	36.00	32.00	43.00	44.00	49.00	44.00	26.00	98.00	0.00	38.00	37.00	44.00	189.00	52.00	125.00	51.00
	713.55	0.00	36.00	32.00	43.00	44.00	49.00	44.00	27.00	97.00	0.00	37.00	37.00	44.00	189.00	52.00	124.00	50.00
	713.56	0.00	36.00	31.00	45.00	45.00	49.00	44.00	28.00	98.00	0.00	37.00	37.00	44.00	188.00	52.00	123.00	51.00
	713.57	0.00	36.00	30.00	43.00	44.00	49.00	44.00	26.00	97.00	0.00	38.00	37.00	44.00	185.00	52.00	122.00	52.00
	713.58	0.00	36.00	32.00	43.00	43.00	49.00	44.00	27.00	95.00	0.00	38.00	35.00	44.00	184.00	52.00	121.00	51.00
	713.59	0.00	36.00	32.00	45.00	44.00	49.00	44.00	28.00	92.00	0.00	38.00	36.00	44.00	184.00	52.00	119.00	51.00
	713.60	0.00	36.00	28.00	43.00	44.00	49.00	44.00	27.00	91.00	0.00	38.00	36.00	44.00	183.00	52.00	117.00	51.00
	713.61	0.00	36.00	26.00	43.00	44.00	49.00	44.00	28.00	92.00	0.00	37.00	34.00	44.00	183.00	52.00	118.00	51.00
	713.62	0.00	36.00	26.00	43.00	44.00	49.00	44.00	26.00	91.00	0.00	38.00	36.00	44.00	183.00	52.00	118.00	51.00
	713.63	0.00	36.00	29.00	43.00	43.00	49.00	44.00	28.00	91.00	0.00	38.00	36.00	44.00	184.00	52.00	119.00	51.00
	713.64	0.00	36.00	30.00	43.00	44.00	49.00	44.00	26.00	92.00	0.00	38.00	34.00	44.00	186.00	52.00	121.00	52.00
	713.65	0.00	36.00	25.00	43.00	45.00	49.00	44.00	28.00	92.00	0.00	38.00	34.00	44.00	187.00	52.00	122.00	52.00
	713.66	0.00	36.00	27.00	45.00	45.00	49.00	44.00	28.00	92.00	0.00	37.00	36.00	45.00	186.00	52.00	123.00	51.00
	713.67	0.00	36.00	29.00	43.00	45.00	49.00	44.00	26.00	92.00	0.00	37.00	36.00	45.00	186.00	52.00	122.00	51.00
	713.68	0.00	36.00	29.00	43.00	46.00	49.00	45.00	28.00	91.00	0.00	38.00	34.00	45.00	184.00	52.00	122.00	51.00
	713.69	0.00	36.00	29.00	43.00	45.00	49.00	44.00	26.00	89.00	0.00	38.00	34.00	45.00	184.00	52.00	122.00	52.00
	713.70	0.00	36.00	29.00	43.00	45.00	49.00	44.00	27.00	87.00	0.00	38.00	36.00	45.00	184.00	52.00	122.00	52.00
	713.71	0.00	36.00	29.00	45.00	45.00	48.00	44.00	28.00	88.00	0.00	38.00	36.00	44.00	184.00	52.00	122.00	51.00
	713.71	0.00	36.00	29.00	44.00	44.00	49.00	44.00	26.00	88.00	0.00	38.00	36.00	44.00	184.00	52.00	122.00	52.00
	713.72	0.00	36.00	27.00	45.00	45.00	49.00	44.00	28.00	90.00	0.00	37.00	36.00	44.00	184.00	52.00	122.00	52.00
	713.73	0.00	36.00	29.00	44.00	44.00	49.00	44.00	26.00	90.00	0.00	38.00	34.00	44.00	184.00	52.00	120.00	52.00
	713.74	0.00	36.00	29.00	43.00	44.00	49.00	44.00	28.00	90.00	0.00	38.00	34.00	44.00	184.00	52.00	120.00	52.00
	713.75	0.00	36.00	29.00	43.00	44.00	49.00	44.00	26.00	89.00	0.00	38.00	35.00	44.00	184.00	52.00	120.00	50.00
	713.76	0.00	36.00	29.00	45.00	46.00	49.00	45.00	28.00	89.00	0.00	38.00	34.00	44.00	185.00	52.00	119.00	52.00
	713.77	0.00	36.00	29.00	45.00	47.00	49.00	44.00	27.00	89.00	0.00	38.00	36.00	44.00	186.00	52.00	119.00	51.00
	713.78	0.00	36.00	30.00	43.00	47.00	49.00	45.00	26.00	90.00	0.00	38.00	34.00	45.00	187.00	52.00	119.00	51.00
	713.79	0.00	36.00	29.00	44.00	47.00	49.00	45.00	26.00	90.00	0.00	38.00	36.00	44.00	188.00	52.00	119.00	51.00
	713.80	0.00	37.00	29.00	45.00	46.00	49.00	44.00	27.00	93.00	0.00	38.00	36.00	44.00	188.00	52.00	119.00	51.00
	713.81	0.00	37.00	29.00	44.00	45.00	49.00	44.00	27.00	93.00	0.00	38.00	34.00	44.00	188.00	52.00	119.00	52.00
	713.82	0.00	36.00	30.00	43.00	44.00	49.00	44.00	27.00	95.00	0.00	38.00	36.00	45.00	189.00	52.00	121.00	51.00
	713.83	0.00	36.00	29.00	43.00	43.00	49.00	44.00	26.00	94.00	0.00	38.00	35.00	45.00	190.00	52.00	122.00	52.00
	713.84	0.00	36.00	30.00	44.00	44.00	49.00	45.00	28.00	97.00	0.00	37.00	34.00	45.00	188.00	52.00	123.00	52.00
	713.85	0.00	36.00	30.00	45.00	44.00	49.00	44.00	28.00	95.00	0.00	38.00	36.00	45.00	188.00	52.00	124.00	51.00
	713.86	0.00	36.00	30.00	43.00	45.00	49.00	44.00	26.00	95.00	0.00	38.00	36.00	45.00	189.00	52.00	124.00	51.00
	713.87	0.00	36.00	30.00	45.00	45.00	49.00	44.00	28.00	96.00	0.00	38.00	36.00	45.00	188.00	52.00	124.00	52.00
	713.88	0.00	36.00	30.00	43.00	44.00	49.00	44.00	26.00	96.00	0.00	38.00	36.00	45.00	187.00	52.00	125.00	52.00
	713.89	0.00	36.00	30.00	44.00	43.00	49.00	44.00	27.00	97.00	0.00	38.00	36.00	43.00	187.00	52.00	125.00	51.00
	713.90	0.00	35.00	30.00	45.00	44.00	49.00	45.00	27.00	97.00	0.00	38.00	36.00	45.00	188.00	52.00	125.00	51.00
	713.91	0.00	36.00	30.00	43.00	44.00	49.00	44.00	26.00	99.00	0.00	38.00	36.00	45.00	189.00	52.00	123.00	52.00
	713.92	0.00	36.00	31.00	43.00	44.00	49.00	44.00	26.00	100.00	0.00	38.00	34.00	44.00	188.00	52.00	122.00	52.00
	713.93	0.00	35.00	31.00	44.00	45.00	49.00	45.00	27.00	98.00	0.00	38.00	36.00	44.00	188.00	52.00	120.00	51.00
	713.94	0.00	37.00	31.00	43.00	45.00	49.00	44.00	28.00	99.00	0.00	38.00	36.00	44.00	189.00	52.00	119.00	51.00
	713.95	0.00	36.00	31.00	43.00	45.00	49.00	44.00	26.00	99.00	0.00	37.00	36.00	44.00	187.00	52.00	119.00	52.00
	713.96	0.00	36.00	29.00	44.00	46.00	50.00	44.00	27.00	98.00	0.00	37.00	34.00	44.00	187.00	52.00	119.00	52.00
	713.97	0.00	36.00	31.00	43.00	46.00	50.00	45.00	26.00	98.00	0.00	38.00	34.00	44.00	187.00	52.00	118.00	51.00
	713.97	0.00	36.00	31.00	44.00	46.00	50.00	45.00	26.00	100.00	0.00	38.00	36.00	44.00	187.00	50.00	117.00	51.00
	713.98	0.00	36.00	30.00	43.00	44.00	50.00	45.00	27.00	99.00	0.00	38.00	34.00	44.00	187.00	50.00	117.00	51.00
	713.99	0.00	35.00	31.00	44.00	44.00	50.00	45.00	27.00	100.00	0.00	38.00	34.00	44.00	188.00	50.00	117.00	51.00
	714.00	0.00	36.00	31.00	43.00	45.00	49.00	44.00	27.00	100.00	0.00	38.00	36.00	44.00	188.00	52.00	115.00	51.00
	714.01	0.00	35.00	30.00	43.00	45.00	50.00	44.00	27.00	102.00	0.00	38.00	34.00	44.00	189.00	52.00	117.00	51.00
	714.02	0.00	37.00	31.00	44.00	44.00	50.00	44.00	27.00	102.00	0.00	38.00	34.00	44.00	189.00	52.00	120.00	51.00
	714.03	0.00	35.00	31.00	43.00	44.00	52.00	44.00	28.00	102.00	0.00	38.00	36.00	45.00	189.00	52.00	122.00	52.00
	714.04	0.00	35.00	31.00	44.00	44.00	54.00	44.00	28.00	104.00	0.00	38.00	34.00	45.00	189.00	52.00	122.00	52.00
	714.05	0.00	36.00	31.00	45.00	44.00	54.00	45.00	28.00	105.00	0.00	38.00	36.00	45.00	190.00	52.00	123.00	52.00
	714.06	0.00	35.00	31.00	44.00	45.00	55.00	44.00	28.00	101.00	0.00	38.00	34.00	45.00	192.00	52.00	124.00	52.00
	714.07	0.00	35.00	31.00	43.00	44.00	53.00	44.00	28.00	102.00	0.00	3