0.00	14.17	1326.63
	181.61	0.00	14.17	1327.63
	181.62	0.00	14.01	1306.63
	181.63	0.00	14.01	1305.63
	181.64	0.00	14.17	1327.63
	181.65	0.00	14.01	1306.63
	181.66	0.00	14.18	1328.63
	181.68	0.00	14.18	1329.63
	181.69	0.00	14.17	1324.63
	181.70	0.00	14.17	1325.63
	181.71	0.00	14.01	1309.63
	181.72	0.00	14.01	1305.63
	181.74	0.00	14.18	1324.63
	181.75	0.00	14.18	1324.63
	181.76	0.00	14.18	1325.63
	181.77	0.00	14.18	1325.63
	181.78	0.00	14.19	1324.62
	181.79	0.00	14.02	1309.63
	181.80	0.00	14.18	1322.62
	181.82	0.00	14.19	1325.62
	181.83	0.00	14.19	1325.62
	181.84	0.00	14.03	1309.62
	181.85	0.00	14.19	1324.62
	181.86	0.00	14.20	1325.60
	181.88	0.00	14.21	1326.60
	181.89	0.00	14.20	1326.60
	181.90	0.00	14.20	1324.60
	181.91	0.00	14.04	1303.60
	181.92	0.00	14.21	1325.60
	181.93	0.00	14.04	1303.60
	181.95	0.00	14.19	1323.61
	181.96	0.00	14.20	1324.60
	181.97	0.00	14.21	1325.60
	181.98	0.00	14.20	1323.60
	181.99	0.00	14.20	1324.60
	182.00	0.00	14.19	1323.60
	182.01	0.00	14.01	1304.63
	182.03	0.00	14.17	1324.63
	182.04	0.00	14.17	1325.63
	182.05	0.00	14.17	1325.63
	182.06	0.00	14.18	1326.63
	182.07	0.00	14.17	1324.63
	182.09	0.00	14.17	1323.63
	182.10	0.00	14.17	1324.63
	182.11	0.00	14.17	1324.63
	182.12	0.00	14.18	1326.63
	182.13	0.00	14.17	1325.63
	182.14	0.00	14.01	1304.63
	182.16	0.00	14.17	1325.63
	182.17	0.00	14.17	1327.63
	182.18	0.00	14.16	1325.64
	182.19	0.00	14.15	1327.64
	182.20	0.00	14.00	1306.64
	182.21	0.00	14.16	1327.64
	182.23	0.00	14.15	1325.64
	182.24	0.00	14.13	1325.64
	182.25	0.00	14.14	1325.64
	182.26	0.00	14.14	1327.64
	182.27	0.00	14.13	1327.65
	182.28	0.00	14.14	1326.65
	182.30	0.00	14.14	1328.64
	182.31	0.00	14.13	1327.65
	182.32	0.00	14.12	1322.65
	182.33	0.00	14.13	1328.65
	182.34	0.00	14.14	1327.63
	182.35	0.00	14.13	1327.65
	182.37	0.00	14.12	1327.65
	182.38	0.00	14.13	1328.65
	182.39	0.00	14.13	1328.65
	182.40	0.00	14.12	1326.65
	182.41	0.00	14.13	1328.65
	182.42	0.00	14.15	1328.62
	182.44	0.00	14.13	1328.65
	182.45	0.00	14.12	1327.65
	182.46	0.00	14.13	1327.65
	182.47	0.00	14.13	1329.65
	182.48	0.00	14.13	1328.65
	182.49	0.00	14.13	1328.65
	182.51	0.00	14.15	1327.62
	182.52	0.00	14.13	1327.65
	182.53	0.00	14.13	1330.65
	182.54	0.00	14.13	1328.65
	182.55	0.00	14.13	1329.65
	182.56	0.00	14.13	1328.65
	182.58	0.00	14.13	1328.65
	182.59	0.00	14.13	1328.65
	182.60	0.00	14.14	1328.65
	182.61	0.00	14.13	1328.65
	182.62	0.00	14.13	1328.65
	182.63	0.00	14.13	1328.65
	182.65	0.00	14.13	1330.65
	182.66	0.00	14.13	1328.65
	182.67	0.00	14.13	1328.64
	182.68	0.00	14.13	1328.65
	182.69	0.00	14.15	1328.65
	182.71	0.00	14.13	1329.65
	182.72	0.00	14.13	1328.65
	182.73	0.00	14.13	1329.65
	182.74	0.00	14.13	1328.65
	182.75	0.00	14.13	1328.65
	182.76	0.00	14.13	1328.65
	182.77	0.00	14.13	1329.65
	182.79	0.00	14.13	1328.65
	182.80	0.00	14.13	1329.65
	182.81	0.00	14.12	1327.65
	182.82	0.00	14.13	1328.65
	182.83	0.00	14.12	1328.66
	182.85	0.00	14.12	1327.65
	182.86	0.00	14.13	1328.65
	182.87	0.00	14.13	1328.65
	182.88	0.00	14.13	1328.65
	182.89	0.00	14.12	1326.65
	182.90	0.00	14.11	1329.66
	182.91	0.00	14.14	1328.63
	182.93	0.00	14.12	1329.66
	182.94	0.00	14.12	1329.66
	182.95	0.00	14.11	1328.66
	182.96	0.00	14.11	1329.66
	182.97	0.00	14.11	1326.66
	182.99	0.00	14.11	1327.66
	183.00	0.00	14.13	1328.64
	183.01	0.00	14.11	1326.66
	183.02	0.00	14.11	1327.66
	183.03	0.00	14.11	1328.66
	183.04	0.00	14.12	1329.66
	183.05	0.00	14.11	1330.66
	183.07	0.00	14.11	1327.66
	183.08	0.00	14.10	1328.67
	183.09	0.00	14.11	1331.67
	183.10	0.00	14.09	1330.67
	183.11	0.00	14.10	1330.67
	183.13	0.00	14.10	1329.67
	183.14	0.00	14.10	1330.67
	183.15	0.00	14.10	1328.67
	183.16	0.00	14.09	1329.68
	183.17	0.00	14.09	1324.67
	183.18	0.00	14.10	1329.67
	183.20	0.00	14.10	1330.67
	183.21	0.00	14.10	1329.67
	183.22	0.00	14.10	1330.67
	183.23	0.00	14.10	1330.67
	183.24	0.00	14.10	1329.67
	183.25	0.00	14.10	1329.67
	183.27	0.00	14.10	1329.67
	183.28	0.00	14.09	1328.67
	183.29	0.00	14.10	1330.67
	183.30	0.00	14.10	1329.67
	183.31	0.00	14.09	1330.68
	183.32	0.00	14.10	1329.67
	183.34	0.00	14.10	1330.67
	183.35	0.00	14.09	1327.67
	183.36	0.00	14.10	1330.67
	183.37	0.00	14.07	1320.67
	183.38	0.00	14.10	1330.67
	183.39	0.00	14.09	1329.68
	183.41	0.00	14.08	1326.67
	183.42	0.00	14.09	1328.67
	183.43	0.00	14.09	1330.67
	183.44	0.00	14.09	1330.67
	183.45	0.00	14.10	1332.67
	183.46	0.00	14.09	1330.67
	183.48	0.00	14.09	1329.67
	183.49	0.00	14.09	1333.67
	183.50	0.00	14.09	1335.67
	183.51	0.00	14.07	1332.68
	183.52	0.00	14.07	1332.68
	183.53	0.00	14.07	1331.68
	183.55	0.00	13.91	1312.68
	183.56	0.00	14.08	1332.68
	183.57	0.00	14.08	1332.68
	183.58	0.00	14.07	1334.68
	183.59	0.00	14.08	1332.67
	183.61	0.00	14.07	1331.68
	183.62	0.00	14.05	1326.68
	183.63	0.00	13.92	1311.68
	183.64	0.00	13.92	1312.67
	183.65	0.00	14.07	1332.68
	183.66	0.00	14.05	1328.68
	183.67	0.00	13.91	1313.68
	183.69	0.00	14.05	1329.68
	183.70	0.00	13.91	1315.68
	183.71	0.00	14.06	1333.68
	183.72	0.00	14.06	1332.68
	183.73	0.00	13.91	1311.68
	183.75	0.00	14.06	1332.68
	183.76	0.00	13.90	1312.68
	183.77	0.00	14.06	1331.68
	183.78	0.00	14.07	1332.68
	183.79	0.00	14.06	1333.68
	183.80	0.00	14.06	1333.69
	183.82	0.00	14.07	1334.68
	183.83	0.00	13.90	1314.68
	183.84	0.00	14.06	1333.68
	183.85	0.00	14.07	1336.68
	183.86	0.00	13.90	1312.68
	183.87	0.00	14.06	1333.68
	183.88	0.00	14.06	1333.68
	183.90	0.00	14.06	1332.68
	183.91	0.00	14.06	1334.68
	183.92	0.00	14.06	1332.68
	183.93	0.00	14.06	1334.68
	183.94	0.00	14.06	1333.68
	183.96	0.00	14.06	1333.68
	183.97	0.00	14.07	1331.68
	183.98	0.00	14.06	1332.68
	183.99	0.00	14.07	1331.68
	184.00	0.00	14.07	1331.68
	184.01	0.00	14.07	1332.68
	184.02	0.00	14.07	1330.68
	184.04	0.00	14.08	1330.68
	184.05	0.00	14.09	1329.67
	184.06	0.00	14.09	1332.67
	184.07	0.00	14.09	1330.67
	184.08	0.00	13.93	1310.67
	184.10	0.00	14.10	1330.67
	184.11	0.00	14.09	1329.67
	184.12	0.00	14.10	1332.66
	184.13	0.00	14.10	1332.66
	184.14	0.00	14.10	1333.66
	184.15	0.00	14.10	1334.66
	184.16	0.00	14.10	1333.66
	184.18	0.00	14.09	1338.67
	184.19	0.00	14.09	1334.67
	184.20	0.00	14.09	1334.67
	184.21	0.00	14.09	1336.66
	184.22	0.00	14.08	1334.67
	184.24	0.00	14.07	1334.67
	184.25	0.00	14.08	1336.67
	184.26	0.00	14.07	1337.67
	184.27	0.00	14.06	1337.68
	184.28	0.00	14.07	1339.67
	184.29	0.00	14.07	1336.67
	184.30	0.00	14.07	1336.67
	184.32	0.00	14.07	1334.67
	184.33	0.00	13.90	1311.67
	184.34	0.00	14.08	1334.67
	184.35	0.00	14.07	1335.67
	184.36	0.00	14.07	1335.67
	184.38	0.00	14.08	1339.67
	184.39	0.00	14.07	1336.67
	184.40	0.00	14.07	1335.67
	184.41	0.00	14.07	1335.67
	184.42	0.00	13.91	1317.67
	184.43	0.00	13.91	1318.67
	184.45	0.00	14.08	1341.67
	184.46	0.00	14.07	1340.67
	184.47	0.00	13.91	1320.67
	184.48	0.00	14.07	1340.67
	184.49	0.00	14.08	1343.67
	184.50	0.00	14.06	1362.67
	184.52	0.00	14.08	1344.67
	184.53	0.00	13.90	1342.67
	184.54	0.00	14.06	1362.67
	184.55	0.00	14.06	1364.67
	184.56	0.00	14.06	1364.67
	184.57	0.00	14.06	1363.67
	184.59	0.00	14.06	1365.67
	184.60	0.00	14.07	1345.67
	184.61	0.00	14.06	1367.67
	184.62	0.00	14.06	1368.68
	184.63	0.00	14.06	1370.68
	184.64	0.00	14.05	1368.68
	184.66	0.00	14.06	1347.68
	184.67	0.00	14.06	1341.67
	184.68	0.00	14.06	1361.67
	184.69	0.00	14.08	1343.67
	184.70	0.00	14.09	1339.67
	184.71	0.00	13.93	1340.66
	184.73	0.00	14.11	1340.65
	184.74	0.00	14.12	1339.65
	184.75	0.00	14.12	1340.65
	184.76	0.00	13.95	1338.65
	184.77	0.00	14.14	1340.65
	184.78	0.00	14.13	1359.65
	184.80	0.00	14.13	1337.65
	184.81	0.00	14.15	1338.63
	184.82	0.00	14.18	1339.61
	184.83	0.00	14.17	1337.61
	184.84	0.00	14.02	1315.61
	184.86	0.00	14.19	1337.60
	184.87	0.00	14.19	1333.60
	184.88	0.00	14.18	1334.61
	184.89	0.00	14.19	1333.60
	184.90	0.00	14.23	1328.59
	184.91	0.00	14.19	1330.60
	184.93	0.00	14.19	1330.60
	184.94	0.00	14.20	1328.60
	184.95	0.00	14.22	1328.59
	184.96	0.00	14.23	1328.58
	184.97	0.00	14.25	1326.58
	184.98	0.00	14.24	1325.58
	184.99	0.00	14.26	1324.58
	185.01	0.00	14.28	1320.58
	185.02	0.00	14.31	1314.57
	185.03	0.00	14.32	1312.57
	185.04	0.00	14.34	1315.57
	185.05	0.00	14.33	1310.57
	185.07	0.00	14.36	1307.56
	185.08	0.00	14.37	1307.55
	185.09	0.00	14.39	1302.55
	185.10	0.00	14.39	1299.55
	185.11	0.00	14.41	1296.54
	185.12	0.00	14.42	1295.54
	185.13	0.00	14.44	1291.54
	185.15	0.00	14.45	1292.53
	185.16	0.00	14.52	1266.52
	185.17	0.00	14.53	1266.52
	185.18	0.00	14.54	1266.52
	185.19	0.00	14.56	1266.51
	185.21	0.00	14.56	1265.51
	185.22	0.00	14.57	1267.51
	185.23	0.00	14.57	1267.51
	185.24	0.00	14.58	1268.51
	185.25	0.00	14.58	1269.51
	185.26	0.00	14.58	1266.51
	185.27	0.00	14.58	1264.51
	185.29	0.00	14.58	1265.51
	185.30	0.00	14.59	1264.51
	185.31	0.00	14.61	1263.50
	185.32	0.00	14.62	1258.50
	185.33	0.00	14.63	1260.50
	185.35	0.00	14.64	1258.50
	185.36	0.00	14.64	1256.50
	185.37	0.00	14.64	1256.50
	185.38	0.00	14.64	1256.49
	185.39	0.00	14.64	1253.49
	185.40	0.00	14.63	1256.50
	185.41	0.00	14.64	1260.50
	185.43	0.00	14.60	1250.50
	185.44	0.00	14.61	1258.50
	185.45	0.00	14.61	1259.50
	185.46	0.00	14.60	1260.50
	185.47	0.00	14.59	1261.50
	185.49	0.00	14.58	1261.50
	185.50	0.00	14.57	1263.50
	185.51	0.00	14.56	1264.50
	185.52	0.00	14.57	1264.50
	185.53	0.00	14.55	1265.50
	185.54	0.00	14.53	1265.52
	185.55	0.00	14.53	1267.52
	185.57	0.00	14.52	1263.52
	185.58	0.00	14.50	1266.53
	185.59	0.00	14.50	1267.53
	185.60	0.00	14.48	1267.54
	185.61	0.00	14.48	1265.54
	185.63	0.00	14.48	1265.54
	185.64	0.00	14.46	1267.55
	185.65	0.00	14.47	1266.55
	185.66	0.00	14.47	1268.55
	185.67	0.00	14.47	1263.55
	185.68	0.00	14.47	1262.55
	185.70	0.00	14.46	1263.55
	185.71	0.00	14.47	1262.55
	185.72	0.00	14.30	1241.55
	185.73	0.00	14.46	1261.55
	185.74	0.00	14.46	1262.55
	185.75	0.00	14.30	1240.55
	185.77	0.00	14.30	1242.55
	185.78	0.00	14.46	1258.55
	185.79	0.00	14.47	1259.55
	185.80	0.00	14.46	1259.55
	185.81	0.00	14.47	1260.55
	185.83	0.00	14.46	1259.55
	185.84	0.00	14.31	1241.55
	185.85	0.00	14.48	1259.54
	185.86	0.00	14.47	1258.55
	185.87	0.00	14.48	1258.54
	185.88	0.00	14.48	1259.54
	185.89	0.00	14.48	1261.54
	185.91	0.00	14.47	1260.55
	185.92	0.00	14.47	1259.55
	185.93	0.00	14.47	1260.55
	185.94	0.00	14.46	1261.55
	185.95	0.00	14.45	1262.55
	185.97	0.00	14.45	1263.55
	185.98	0.00	14.45	1268.55
	185.99	0.00	14.43	1264.55
	186.00	0.00	14.42	1265.56
	186.01	0.00	14.41	1267.56
	186.02	0.00	14.40	1269.56
	186.04	0.00	14.38	1269.57
	186.05	0.00	14.22	1248.57
	186.06	0.00	14.37	1269.58
	186.07	0.00	14.34	1266.59
	186.08	0.00	14.33	1271.60
	186.09	0.00	14.32	1270.60
	186.11	0.00	14.15	1250.61
	186.12	0.00	14.13	1245.61
	186.13	0.00	14.11	1253.63
	186.14	0.00	14.10	1253.64
	186.15	0.00	14.09	1252.64
	186.16	0.00	14.08	1254.64
	186.18	0.00	14.08	1255.65
	186.19	0.00	14.06	1254.66
	186.20	0.00	14.04	1256.66
	186.21	0.00	14.00	1274.67
	186.22	0.00	14.00	1275.67
	186.23	0.00	13.98	1276.67
	186.25	0.00	13.94	1280.68
	186.26	0.00	13.93	1282.69
	186.27	0.00	13.93	1282.69
	186.28	0.00	13.91	1280.69
	186.29	0.00	13.91	1286.70
	186.30	0.00	13.90	1285.70
	186.32	0.00	13.91	1287.70
	186.33	0.00	13.90	1288.70
	186.34	0.00	13.90	1287.70
	186.35	0.00	13.88	1286.70
	186.36	0.00	13.88	1289.70
	186.37	0.00	13.89	1293.70
	186.38	0.00	14.03	1310.70
	186.40	0.00	13.87	1291.70
	186.41	0.00	13.87	1291.70
	186.42	0.00	13.86	1292.71
	186.43	0.00	13.86	1292.71
	186.44	0.00	13.86	1290.70
	186.46	0.00	13.87	1293.70
	186.47	0.00	14.02	1312.70
	186.48	0.00	13.85	1293.71
	186.49	0.00	13.87	1296.71
	186.50	0.00	13.84	1288.71
	186.51	0.00	13.85	1293.71
	186.52	0.00	14.02	1315.70
	186.54	0.00	13.85	1295.71
	186.55	0.00	13.84	1296.71
	186.56	0.00	13.83	1296.71
	186.57	0.00	13.84	1296.71
	186.58	0.00	13.83	1298.71
	186.60	0.00	13.82	1296.72
	186.61	0.00	13.81	1297.72
	186.62	0.00	13.79	1292.72
	186.63	0.00	13.82	1300.72
	186.64	0.00	13.81	1300.72
	186.65	0.00	13.82	1299.72
	186.66	0.00	13.79	1293.72
	186.68	0.00	13.81	1301.72
	186.69	0.00	13.81	1300.72
	186.70	0.00	13.81	1301.72
	186.71	0.00	13.81	1303.72
	186.72	0.00	13.81	1302.72
	186.74	0.00	13.80	1301.72
	186.75	0.00	13.81	1303.72
	186.76	0.00	13.80	1301.72
	186.77	0.00	13.82	1302..4.06	1320.74
	215.64	0.00	14.07	1320.73
	215.65	0.00	14.08	1318.73
	215.66	0.00	14.06	1317.73
	215.67	0.00	14.06	1320.73
	215.69	0.00	14.07	1321.73
	215.70	0.00	14.06	1320.73
	215.71	0.00	14.06	1320.73
	215.72	0.00	14.05	1313.73
	215.73	0.00	14.08	1323.73
	215.75	0.00	14.06	1320.73
	215.76	0.00	14.08	1322.73
	215.77	0.00	14.09	1323.73
	215.78	0.00	14.08	1321.72
	215.79	0.00	14.08	1321.72
	215.80	0.00	14.08	1323.72
	215.82	0.00	14.09	1321.72
	215.83	0.00	14.09	1322.72
	215.84	0.00	14.09	1322.72
	215.85	0.00	14.08	1321.72
	215.86	0.00	14.09	1322.72
	215.87	0.00	14.08	1322.73
	215.88	0.00	14.09	1322.72
	215.90	0.00	14.09	1322.72
	215.91	0.00	13.93	1300.72
	215.92	0.00	14.09	1321.72
	215.93	0.00	14.09	1324.72
	215.94	0.00	14.09	1322.72
	215.96	0.00	14.09	1320.72
	215.97	0.00	14.08	1323.72
	215.98	0.00	14.09	1323.72
	215.99	0.00	14.08	1323.72
	216.00	0.00	14.08	1323.72
	216.01	0.00	14.08	1323.72
	216.03	0.00	14.08	1323.72
	216.04	0.00	14.08	1323.73
	216.05	0.00	14.08	1322.72
	216.06	0.00	14.05	1314.73
	216.07	0.00	14.07	1323.73
	216.08	0.00	14.07	1322.73
	216.10	0.00	14.07	1321.73
	216.11	0.00	14.08	1321.72
	216.12	0.00	14.08	1321.72
	216.13	0.00	14.07	1322.73
	216.14	0.00	14.08	1326.73
	216.15	0.00	14.07	1322.73
	216.17	0.00	14.07	1321.72
	216.18	0.00	14.07	1323.73
	216.19	0.00	14.07	1322.73
	216.20	0.00	14.07	1323.72
	216.21	0.00	14.07	1324.73
	216.22	0.00	14.07	1323.73
	216.24	0.00	14.07	1322.73
	216.25	0.00	14.07	1322.73
	216.26	0.00	14.04	1315.73
	216.27	0.00	14.07	1322.73
	216.28	0.00	14.06	1321.73
	216.29	0.00	14.05	1316.73
	216.31	0.00	14.06	1321.73
	216.32	0.00	14.07	1322.73
	216.33	0.00	14.07	1323.73
	216.34	0.00	14.07	1323.73
	216.35	0.00	14.06	1323.73
	216.37	0.00	14.07	1322.73
	216.38	0.00	14.07	1323.73
	216.39	0.00	14.06	1323.73
	216.40	0.00	14.07	1322.73
	216.41	0.00	14.06	1320.73
	216.42	0.00	14.04	1314.73
	216.43	0.00	14.07	1322.73
	216.45	0.00	14.06	1321.73
	216.46	0.00	14.05	1319.73
	216.47	0.00	14.05	1322.73
	216.48	0.00	14.07	1323.73
	216.49	0.00	14.06	1322.73
	216.51	0.00	14.06	1322.73
	216.52	0.00	14.06	1321.73
	216.53	0.00	14.06	1321.73
	216.54	0.00	14.06	1321.73
	216.55	0.00	14.06	1320.73
	216.56	0.00	14.07	1322.73
	216.57	0.00	14.06	1318.73
	216.59	0.00	14.06	1321.73
	216.60	0.00	14.06	1321.73
	216.61	0.00	14.06	1321.73
	216.62	0.00	14.06	1322.73
	216.63	0.00	14.06	1320.73
	216.65	0.00	13.90	1300.73
	216.66	0.00	14.06	1321.73
	216.67	0.00	14.06	1321.73
	216.68	0.00	14.06	1321.73
	216.69	0.00	14.06	1321.73
	216.70	0.00	14.05	1319.73
	216.72	0.00	14.07	1322.73
	216.73	0.00	14.06	1320.73
	216.74	0.00	14.06	1322.73
	216.75	0.00	14.06	1320.73
	216.76	0.00	14.07	1321.72
	216.77	0.00	14.06	1321.73
	216.79	0.00	14.07	1323.73
	216.80	0.00	13.90	1300.73
	216.81	0.00	14.07	1323.73
	216.82	0.00	14.07	1324.73
	216.83	0.00	14.06	1320.73
	216.84	0.00	14.06	1320.73
	216.86	0.00	14.07	1325.73
	216.87	0.00	14.06	1320.73
	216.88	0.00	14.06	1320.73
	216.89	0.00	14.06	1320.73
	216.90	0.00	14.06	1321.73
	216.91	0.00	14.05	1320.74
	216.93	0.00	14.06	1322.74
	216.94	0.00	14.06	1321.73
	216.95	0.00	14.06	1321.73
	216.96	0.00	14.06	1320.73
	216.97	0.00	14.06	1323.73
	216.98	0.00	14.06	1320.73
	217.00	0.00	14.06	1320.73
	217.01	0.00	14.05	1322.74
	217.02	0.00	14.05	1319.73
	217.03	0.00	14.05	1321.73
	217.04	0.00	14.06	1322.73
	217.05	0.00	14.06	1322.73
	217.07	0.00	14.06	1321.73
	217.08	0.00	14.05	1321.73
	217.09	0.00	14.05	1322.74
	217.10	0.00	14.02	1313.73
	217.11	0.00	14.07	1321.73
	217.12	0.00	14.06	1322.73
	217.14	0.00	14.05	1321.74
	217.15	0.00	14.04	1321.74
	217.16	0.00	14.05	1322.74
	217.17	0.00	14.05	1322.74
	217.18	0.00	14.04	1321.74
	217.19	0.00	14.04	1322.74
	217.21	0.00	14.05	1323.74
	217.22	0.00	14.04	1322.74
	217.23	0.00	14.04	1322.74
	217.24	0.00	14.03	1322.75
	217.25	0.00	14.00	1312.75
	217.26	0.00	14.02	1322.75
	217.28	0.00	14.02	1323.75
	217.29	0.00	14.02	1322.75
	217.30	0.00	14.03	1324.75
	217.31	0.00	14.02	1322.75
	217.32	0.00	14.06	1324.71
	217.33	0.00	14.03	1325.75
	217.35	0.00	14.02	1326.75
	217.36	0.00	14.01	1322.75
	217.37	0.00	14.01	1324.75
	217.38	0.00	14.02	1324.75
	217.39	0.00	14.02	1325.75
	217.40	0.00	14.01	1325.76
	217.42	0.00	14.01	1324.75
	217.43	0.00	14.00	1322.75
	217.44	0.00	14.02	1324.75
	217.45	0.00	14.01	1321.75
	217.46	0.00	14.04	1326.75
	217.48	0.00	14.02	1325.75
	217.49	0.00	14.02	1325.75
	217.50	0.00	14.04	1327.75
	217.51	0.00	14.01	1324.75
	217.52	0.00	14.02	1326.75
	217.53	0.00	14.02	1326.75
	217.54	0.00	14.02	1325.75
	217.56	0.00	14.02	1325.75
	217.57	0.00	14.01	1323.75
	217.58	0.00	14.02	1327.75
	217.59	0.00	14.01	1324.75
	217.60	0.00	14.02	1324.75
	217.62	0.00	14.01	1325.75
	217.63	0.00	14.02	1324.75
	217.64	0.00	14.01	1324.75
	217.65	0.00	14.02	1321.76
	217.66	0.00	14.02	1324.75
	217.67	0.00	13.86	1302.75
	217.68	0.00	14.03	1324.75
	217.70	0.00	14.02	1325.76
	217.71	0.00	14.02	1323.75
	217.72	0.00	14.03	1323.75
	217.73	0.00	14.03	1322.74
	217.74	0.00	14.02	1321.75
	217.76	0.00	14.03	1326.75
	217.77	0.00	14.03	1324.75
	217.78	0.00	14.04	1324.75
	217.79	0.00	14.03	1323.75
	217.80	0.00	14.03	1324.75
	217.81	0.00	14.04	1323.74
	217.83	0.00	14.03	1323.75
	217.84	0.00	14.03	1325.75
	217.85	0.00	14.03	1324.75
	217.86	0.00	14.03	1322.75
	217.87	0.00	14.03	1324.75
	217.88	0.00	14.04	1325.75
	217.89	0.00	14.03	1324.75
	217.91	0.00	14.03	1323.75
	217.92	0.00	14.03	1323.75
	217.93	0.00	14.03	1324.75
	217.94	0.00	14.03	1323.75
	217.95	0.00	14.04	1324.74
	217.97	0.00	14.03	1323.75
	217.98	0.00	14.04	1324.74
	217.99	0.00	14.03	1323.74
	218.00	0.00	14.04	1324.74
	218.01	0.00	14.04	1323.74
	218.02	0.00	14.05	1324.74
	218.04	0.00	14.04	1323.74
	218.05	0.00	14.06	1323.71
	218.06	0.00	14.04	1323.74
	218.07	0.00	14.05	1324.74
	218.08	0.00	14.05	1323.74
	218.09	0.00	14.04	1323.74
	218.11	0.00	14.04	1322.74
	218.12	0.00	14.04	1322.74
	218.13	0.00	14.04	1323.74
	218.14	0.00	14.05	1324.74
	218.15	0.00	14.04	1323.74
	218.16	0.00	14.04	1323.74
	218.18	0.00	14.05	1324.74
	218.19	0.00	14.05	1326.74
	218.20	0.00	14.04	1323.74
	218.21	0.00	14.04	1320.74
	218.22	0.00	14.05	1324.74
	218.23	0.00	14.05	1321.74
	218.25	0.00	14.05	1323.74
	218.26	0.00	14.03	1317.74
	218.27	0.00	14.05	1324.74
	218.28	0.00	14.04	1321.74
	218.29	0.00	14.05	1323.74
	218.30	0.00	14.05	1322.74
	218.32	0.00	14.05	1322.74
	218.33	0.00	14.05	1322.74
	218.34	0.00	14.06	1325.74
	218.35	0.00	14.05	1322.74
	218.36	0.00	14.04	1321.74
	218.37	0.00	14.04	1320.74
	218.39	0.00	14.04	1321.74
	218.40	0.00	14.05	1322.74
	218.41	0.00	14.05	1324.74
	218.42	0.00	14.03	1321.75
	218.43	0.00	14.04	1323.75
	218.44	0.00	14.03	1319.75
	218.46	0.00	14.03	1321.74
	218.47	0.00	14.01	1319.75
	218.48	0.00	14.03	1322.75
	218.49	0.00	14.02	1322.75
	218.50	0.00	14.02	1321.75
	218.51	0.00	14.01	1322.75
	218.52	0.00	14.01	1322.76
	218.54	0.00	14.01	1323.76
	218.55	0.00	14.02	1323.76
	218.56	0.00	14.01	1324.76
	218.57	0.00	14.01	1322.76
	218.59	0.00	14.01	1325.76
	218.60	0.00	14.00	1323.76
	218.61	0.00	14.00	1323.76
	218.62	0.00	14.00	1323.76
	218.63	0.00	14.01	1326.76
	218.64	0.00	14.00	1323.76
	218.65	0.00	14.00	1323.76
	218.66	0.00	14.00	1323.76
	218.68	0.00	14.00	1322.76
	218.69	0.00	14.02	1323.74
	218.70	0.00	14.01	1322.76
	218.71	0.00	14.00	1320.76
	218.72	0.00	14.01	1323.76
	218.74	0.00	13.98	1315.76
	218.75	0.00	14.00	1321.76
	218.76	0.00	14.01	1322.76
	218.77	0.00	14.00	1322.77
	218.78	0.00	14.01	1322.76
	218.80	0.00	14.01	1324.76
	218.81	0.00	14.01	1322.76
	218.82	0.00	14.02	1325.76
	218.83	0.00	14.02	1323.76
	218.84	0.00	14.01	1322.76
	218.85	0.00	14.01	1323.76
	218.86	0.00	14.02	1325.76
	218.88	0.00	14.01	1322.76
	218.89	0.00	14.01	1321.76
	218.90	0.00	14.01	1321.76
	218.91	0.00	14.01	1321.76
	218.92	0.00	14.02	1320.76
	218.94	0.00	14.01	1321.76
	218.95	0.00	14.01	1322.76
	218.96	0.00	14.01	1320.76
	218.97	0.00	14.02	1322.76
	218.98	0.00	14.01	1321.76
	218.99	0.00	14.03	1320.75
	219.00	0.00	14.02	1322.76
	219.02	0.00	14.03	1320.75
	219.03	0.00	14.02	1323.76
	219.04	0.00	14.02	1320.75
	219.05	0.00	14.03	1322.76
	219.06	0.00	14.02	1320.76
	219.08	0.00	13.99	1313.76
	219.09	0.00	14.02	1323.76
	219.10	0.00	14.04	1320.73
	219.11	0.00	14.02	1320.76
	219.12	0.00	14.02	1320.76
	219.13	0.00	14.01	1316.76
	219.15	0.00	14.02	1320.76
	219.16	0.00	14.02	1322.76
	219.17	0.00	14.02	1322.76
	219.18	0.00	14.02	1322.76
	219.19	0.00	14.03	1320.75
	219.20	0.00	14.03	1323.75
	219.22	0.00	14.03	1319.75
	219.23	0.00	14.03	1320.75
	219.24	0.00	14.04	1321.75
	219.25	0.00	14.03	1317.74
	219.26	0.00	14.05	1320.74
	219.27	0.00	14.05	1320.74
	219.29	0.00	14.03	1320.75
	219.30	0.00	14.04	1317.74
	219.31	0.00	14.06	1321.74
	219.32	0.00	14.06	1319.73
	219.33	0.00	14.07	1318.73
	219.34	0.00	14.07	1322.73
	219.36	0.00	14.10	1320.68
	219.37	0.00	14.06	1320.73
	219.38	0.00	14.06	1319.73
	219.39	0.00	14.07	1323.73
	219.40	0.00	14.07	1321.73
	219.41	0.00	14.07	1321.73
	219.43	0.00	14.08	1322.72
	219.44	0.00	14.06	1320.73
	219.45	0.00	14.06	1320.73
	219.46	0.00	14.04	1312.73
	219.47	0.00	14.07	1321.73
	219.48	0.00	14.07	1320.72
	219.50	0.00	14.08	1321.72
	219.51	0.00	14.07	1318.72
	219.52	0.00	14.08	1320.72
	219.53	0.00	14.08	1320.72
	219.54	0.00	14.09	1321.69
	219.55	0.00	14.06	1317.73
	219.57	0.00	14.07	1320.72
	219.58	0.00	14.07	1321.72
	219.59	0.00	14.06	1321.73
	219.60	0.00	14.07	1323.73
	219.61	0.00	14.06	1321.73
	219.62	0.00	14.07	1322.73
	219.64	0.00	14.07	1317.73
	219.65	0.00	14.06	1320.73
	219.66	0.00	14.06	1321.73
	219.67	0.00	14.03	1311.73
	219.68	0.00	14.06	1320.73
	219.70	0.00	14.06	1319.73
	219.71	0.00	14.06	1319.73
	219.72	0.00	14.03	1310.73
	219.73	0.00	14.07	1321.73
	219.74	0.00	14.06	1318.73
	219.75	0.00	13.90	1299.73
	219.76	0.00	14.03	1314.74
	219.78	0.00	14.04	1319.74
	219.79	0.00	14.04	1320.74
	219.80	0.00	14.06	1319.72
	219.81	0.00	14.03	1314.74
	219.82	0.00	14.04	1319.74
	219.84	0.00	14.04	1319.74
	219.85	0.00	14.04	1319.74
	219.86	0.00	14.04	1323.74
	219.87	0.00	14.04	1321.73
	219.88	0.00	14.03	1321.75
	219.89	0.00	14.03	1321.75
	219.91	0.00	14.03	1321.75
	219.92	0.00	14.03	1321.75
	219.93	0.00	14.03	1320.75
	219.94	0.00	14.03	1322.75
	219.95	0.00	14.02	1321.75
	219.96	0.00	14.01	1321.76
	219.97	0.00	14.03	1320.75
	219.99	0.00	14.02	1320.75
	220.00	0.00	14.02	1321.75
	220.01	0.00	14.02	1321.75
	220.02	0.00	14.03	1319.75
	220.03	0.00	14.02	1322.75
	220.05	0.00	14.01	1321.76
	220.06	0.00	14.01	1320.76
	220.07	0.00	14.01	1317.75
	220.08	0.00	14.01	1322.75
	220.09	0.00	14.03	1322.75
	220.10	0.00	14.03	1323.75
	220.11	0.00	14.03	1323.75
	220.13	0.00	14.03	1322.75
	220.14	0.00	14.05	1320.72
	220.15	0.00	14.01	1314.75
	220.16	0.00	14.02	1323.75
	220.17	0.00	14.02	1322.75
	220.19	0.00	14.02	1321.75
	220.20	0.00	14.03	1324.75
	220.21	0.00	14.02	1321.75
	220.22	0.00	14.01	1322.76
	220.23	0.00	14.02	1321.75
	220.24	0.00	14.02	1323.75
	220.26	0.00	14.03	1322.75
	220.27	0.00	14.02	1321.75
	220.28	0.00	14.02	1323.75
	220.29	0.00	14.03	1321.75
	220.30	0.00	14.02	1320.75
	220.31	0.00	14.01	1321.76
	220.33	0.00	13.99	1310.75
	220.34	0.00	14.02	1320.75
	220.35	0.00	14.03	1320.75
	220.36	0.00	14.03	1323.75
	220.37	0.00	14.03	1320.75
	220.38	0.00	14.03	1320.76
	220.40	0.00	14.03	1319.75
	220.41	0.00	14.02	1320.75
	220.42	0.00	14.03	1320.75
	220.43	0.00	14.04	1322.75
	220.44	0.00	14.03	1322.75
	220.45	0.00	14.03	1320.75
	220.47	0.00	14.03	1321.75
	220.48	0.00	14.03	1321.75
	220.49	0.00	14.03	1319.75
	220.50	0.00	14.04	1321.75
	220.51	0.00	14.04	1321.75
	220.52	0.00	14.03	1320.75
	220.54	0.00	14.04	1324.75
	220.55	0.00	14.03	1321.75
	220.56	0.00	14.03	1319.75
	220.57	0.00	14.03	1319.75
	220.58	0.00	14.03	1322.75
	220.59	0.00	14.03	1319.75
	220.61	0.00	14.03	1321.75
	220.62	0.00	14.02	1319.75
	220.63	0.00	14.03	1320.75
	220.64	0.00	14.02	1321.76
	220.65	0.00	14.03	1321.75
	220.66	0.00	14.02	1324.75
	220.68	0.00	13.87	1301.75
	220.69	0.00	14.04	1323.75
	220.70	0.00	14.02	1323.75
	220.71	0.00	14.03	1320.75
	220.72	0.00	14.05	1321.72
	220.73	0.00	14.03	1322.75
	220.75	0.00	14.03	1321.75
	220.76	0.00	14.03	1322.75
	220.77	0.00	14.03	1320.75
	220.78	0.00	14.02	1323.75
	220.79	0.00	14.02	1321.75
	220.80	0.00	14.02	1322.75
	220.82	0.00	14.02	1320.75
	220.83	0.00	14.03	1324.75
	220.84	0.00	14.02	1324.75
	220.85	0.00	14.02	1323.75
	220.86	0.00	14.02	1320.75
	220.87	0.00	14.03	1323.75
	220.89	0.00	14.02	1321.75
	220.90	0.00	14.02	1322.75
	220.91	0.00	14.02	1324.75
	220.92	0.00	14.02	1322.75
	220.93	0.00	14.03	1323.75
	220.94	0.00	14.02	1323.76
	220.96	0.00	14.02	1322.75
	220.97	0.00	14.04	1323.72
	220.98	0.00	14.02	1324.75
	220.99	0.00	14.02	1322.75
	221.00	0.00	14.02	1322.75
	221.02	0.00	14.01	1319.75
	221.03	0.00	14.03	1324.75
	221.04	0.00	14.02	1323.75
	221.05	0.00	14.00	1321.77
	221.06	0.00	14.02	1322.75
	221.07	0.00	14.01	1318.75
	221.08	0.00	14.03	1324.75
	221.10	0.00	14.02	1321.75
	221.11	0.00	14.02	1323.75
	221.12	0.00	14.02	1324.76
	221.13	0.00	14.01	1322.76
	221.14	0.00	14.03	1322.75
	221.16	0.00	14.02	1322.75
	221.17	0.00	14.02	1323.75
	221.18	0.00	14.03	1324.75
	221.19	0.00	14.03	1323.75
	221.20	0.00	14.03	1322.75
	221.21	0.00	14.03	1324.75
	221.22	0.00	14.03	1319.75
	221.24	0.00	14.03	1322.75
	221.25	0.00	14.03	1323.75
	221.26	0.00	14.05	1322.74
	221.27	0.00	14.04	1323.74
	221.28	0.00	14.05	1322.74
	221.29	0.00	14.05	1321.75
	221.31	0.00	14.04	1321.74
	221.32	0.00	14.05	1321.74
	221.33	0.00	14.06	1320.73
	221.34	0.00	14.06	1320.73
	221.35	0.00	14.06	1321.73
	221.37	0.00	14.05	1321.74
	221.38	0.00	14.06	1320.73
	221.39	0.00	14.06	1321.73
	221.40	0.00	14.07	1321.73
	221.41	0.00	14.07	1321.73
	221.42	0.00	14.06	1318.73
	221.43	0.00	14.07	1319.73
	221.45	0.00	14.07	1320.74
	221.46	0.00	14.06	1320.73
	221.47	0.00	14.07	1318.73
	221.48	0.00	14.07	1319.73
	221.49	0.00	13.91	1300.73
	221.51	0.00	14.06	1319.73
	221.52	0.00	14.06	1319.73
	221.53	0.00	14.07	1320.74
	221.54	0.00	14.06	1320.73
	221.55	0.00	14.06	1323.73
	221.56	0.00	14.06	1316.73
	221.58	0.00	14.07	1321.73
	221.59	0.00	14.08	1320.73
	221.60	0.00	14.06	1319.73
	221.61	0.00	14.06	1320.73
	221.62	0.00	14.07	1320.73
	221.63	0.00	14.07	1321.73
	221.65	0.00	14.05	1319.73
	221.66	0.00	14.07	1322.73
	221.67	0.00	14.07	1320.73
	221.68	0.00	14.06	1320.73
	221.69	0.00	14.07	1320.73
	221.70	0.00	14.04	1322.75
	221.72	0.00	14.05	1320.74
	221.73	0.00	14.03	1315.74
	221.74	0.00	14.05	1319.74
	221.75	0.00	14.04	1321.74
	221.76	0.00	14.06	1325.74
	221.77	0.00	14.03	1316.74
	221.79	0.00	14.04	1320.74
	221.80	0.00	14.04	1321.74
	221.81	0.00	14.06	1322.74
	221.82	0.00	14.07	1317.75
	221.83	0.00	14.04	1320.75
	221.84	0.00	14.05	1321.75
	221.86	0.00	14.05	1323.75
	221.87	0.00	14.04	1320.75
	221.88	0.00	14.05	1319.73
	221.89	0.00	14.04	1319.74
	221.90	0.00	14.03	1318.75
	221.91	0.00	14.04	1319.74
	221.93	0.00	14.05	1322.74
	221.94	0.00	14.04	1319.74
	221.95	0.00	14.04	1319.75
	221.96	0.00	14.05	1320.74
	221.97	0.00	14.04	1320.75
	221.98	0.00	14.04	1320.74
	222.00	0.00	14.04	1320.75
	222.01	0.00	14.04	1320.74
	222.02	0.00	14.02	1316.75
	222.03	0.00	14.06	1322.74
	222.04	0.00	14.04	1320.75
	222.05	0.00	14.04	1320.75
	222.07	0.00	14.05	1322.75
	222.08	0.00	14.04	1320.75
	222.09	0.00	14.05	1320.75
	222.10	0.00	14.04	1320.74
	222.11	0.00	14.04	1321.75
	222.12	0.00	14.04	1318.75
	222.14	0.00	14.04	1321.75
	222.15	0.00	14.03	1319.75
	222.16	0.00	14.05	1319.75
	222.17	0.00	14.03	1321.75
	222.18	0.00	14.03	1321.75
	222.19	0.00	14.04	1321.75
	222.21	0.00	14.03	1322.75
	222.22	0.00	14.03	1320.75
	222.23	0.00	14.02	1321.76
	222.24	0.00	14.03	1321.75
	222.25	0.00	14.04	1322.75
	222.26	0.00	14.03	1321.75
	222.28	0.00	14.00	1311.75
	222.29	0.00	14.04	1325.75
	222.30	0.00	14.03	1322.75
	222.31	0.00	14.03	1322.75
	222.32	0.00	14.03	1322.75
	222.33	0.00	14.04	1324.75
	222.35	0.00	14.04	1322.75
	222.36	0.00	14.03	1321.75
	222.37	0.00	14.03	1321.75
	222.38	0.00	14.03	1323.75
	222.39	0.00	14.02	1321.76
	222.40	0.00	14.05	1321.73
	222.41	0.00	14.02	1320.75
	222.43	0.00	14.03	1321.75
	222.44	0.00	14.03	1321.75
	222.45	0.00	14.04	1323.75
	222.46	0.00	14.01	1314.75
	222.48	0.00	14.03	1321.75
	222.49	0.00	14.03	1322.75
	222.50	0.00	14.03	1325.75
	222.51	0.00	14.01	1316.75
	222.52	0.00	14.03	1322.75
	222.53	0.00	14.03	1322.75
	222.54	0.00	14.03	1321.75
	222.56	0.00	14.03	1322.75
	222.57	0.00	14.03	1322.75
	222.58	0.00	14.03	1322.75
	222.59	0.00	14.03	1322.75
	222.60	0.00	14.03	1323.75
	222.61	0.00	14.02	1322.76
	222.63	0.00	14.00	1311.75
	222.64	0.00	14.03	1322.75
	222.65	0.00	14.01	1322.77
	222.66	0.00	14.03	1322.75
	222.67	0.00	14.00	1315.76
	222.69	0.00	14.03	1322.75
	222.70	0.00	14.03	1322.75
	222.71	0.00	14.02	1324.76
	222.72	0.00	14.03	1323.76
	222.73	0.00	14.03	1321.75
	222.74	0.00	14.02	1323.76
	222.75	0.00	14.03	1326.76
	222.77	0.00	14.03	1323.75
	222.78	0.00	14.03	1324.75
	222.79	0.00	14.03	1325.76
	222.80	0.00	14.02	1324.76
	222.81	0.00	14.04	1321.75
	222.83	0.00	14.03	1324.75
	222.84	0.00	14.05	1323.75
	222.85	0.00	14.04	1322.75
	222.86	0.00	14.03	1321.75
	222.87	0.00	14.03	1321.75
	222.88	0.00	14.03	1322.75
	222.90	0.00	14.05	1321.73
	222.91	0.00	14.03	1321.75
	222.92	0.00	14.03	1323.75
	222.93	0.00	14.04	1322.75
	222.94	0.00	14.02	1315.75
	222.95	0.00	14.03	1318.75
	222.97	0.00	14.04	1322.74
	222.98	0.00	14.05	1322.73
	222.99	0.00	14.04	1325.75
	223.00	0.00	14.03	1322.75
	223.01	0.00	14.03	1321.75
	223.02	0.00	14.02	1318.75
	223.04	0.00	14.05	1324.75
	223.05	0.00	14.02	1322.76
	223.06	0.00	14.02	1320.77
	223.07	0.00	14.02	1318.75
	223.08	0.00	14.03	1322.75
	223.09	0.00	14.05	1322.75
	223.11	0.00	14.03	1319.75
	223.12	0.00	14.05	1318.74
	223.13	0.00	14.05	1321.75
	223.14	0.00	14.05	1322.75
	223.15	0.00	14.05	1317.74
	223.16	0.00	14.07	1318.74
	223.18	0.00	14.06	1320.74
	223.19	0.00	14.05	1324.74
	223.20	0.00	14.04	1321.74
	223.21	0.00	14.04	1320.74
	223.22	0.00	14.04	1321.75
	223.23	0.00	14.07	1317.74
	223.25	0.00	14.05	1320.74
	223.26	0.00	14.05	1321.74
	223.27	0.00	14.05	1322.74
	223.28	0.00	14.05	1319.74
	223.29	0.00	14.04	1322.75
	223.30	0.00	14.05	1320.74
	223.32	0.00	14.07	1318.74
	223.33	0.00	14.05	1318.74
	223.34	0.00	14.05	1323.74
	223.35	0.00	14.01	1311.74
	223.36	0.00	14.05	1319.74
	223.37	0.00	14.04	1320.75
	223.38	0.00	14.02	1311.74
	223.40	0.00	14.04	1320.74
	223.41	0.00	13.90	1299.74
	223.42	0.00	14.06	1318.74
	223.43	0.00	14.06	1318.74
	223.44	0.00	14.06	1320.74
	223.46	0.00	14.05	1319.75
	223.47	0.00	14.06	1319.73
	223.48	0.00	14.05	1320.74
	223.49	0.00	14.06	1320.74
	223.50	0.00	14.06	1318.74
	223.51	0.00	14.06	1321.74
	223.52	0.00	14.04	1312.74
	223.54	0.00	14.06	1320.74
	223.55	0.00	14.06	1320.73
	223.56	0.00	14.06	1322.73
	223.57	0.00	14.06	1314.73
	223.58	0.00	14.08	1319.73
	223.60	0.00	14.08	1320.73
	223.61	0.00	14.07	1317.73
	223.62	0.00	14.07	1318.73
	223.63	0.00	14.07	1317.73
	223.64	0.00	14.07	1316.73
	223.65	0.00	14.07	1317.73
	223.67	0.00	14.07	1318.73
	223.68	0.00	14.07	1318.73
	223.69	0.00	14.07	1318.73
	223.70	0.00	14.08	1318.73
	223.71	0.00	14.08	1317.72
	223.72	0.00	14.07	1319.73
	223.74	0.00	14.06	1315.73
	223.75	0.00	14.07	1316.73
	223.76	0.00	14.06	1319.73
	223.77	0.00	14.08	1320.73
	223.78	0.00	14.06	1315.73
	223.80	0.00	14.06	1318.73
	223.81	0.00	14.07	1317.73
	223.82	0.00	14.07	1321.73
	223.83	0.00	14.07	1316.73
	223.84	0.00	14.07	1317.73
	223.85	0.00	14.08	1321.73
	223.86	0.00	14.07	1317.73
	223.88	0.00	14.07	1317.73
	223.89	0.00	14.07	1317.73
	223.90	0.00	14.07	1317.73
	223.91	0.00	14.07	1317.73
	223.92	0.00	14.08	1318.73
	223.94	0.00	14.07	1317.73
	223.95	0.00	14.03	1307.73
	223.96	0.00	14.07	1319.73
	223.97	0.00	14.06	1318.73
	223.98	0.00	14.06	1319.74
	223.99	0.00	14.06	1316.74
	224.01	0.00	14.07	1320.73
	224.02	0.00	14.06	1318.74
	224.03	0.00	14.07	1319.74
	224.04	0.00	14.06	1319.74
	224.05	0.00	14.06	1318.74
	224.06	0.00	14.07	1319.74
	224.07	0.00	14.05	1316.74
	224.09	0.00	14.05	1320.74
	224.10	0.00	14.07	1319.74
	224.11	0.00	14.05	1319.74
	224.12	0.00	14.04	1316.74
	224.13	0.00	14.04	1319.75
	224.15	0.00	14.04	1319.75
	224.16	0.00	14.03	1321.75
	224.17	0.00	14.01	1313.75
	224.18	0.00	14.03	1320.75
	224.19	0.00	14.04	1322.75
	224.20	0.00	14.03	1322.75
	224.22	0.00	14.03	1320.75
	224.23	0.00	14.02	1319.76
	224.24	0.00	14.02	1320.76
	224.25	0.00	14.01	1321.76
	224.26	0.00	14.02	1322.76
	224.27	0.00	14.03	1322.75
	224.29	0.00	14.02	1321.75
	224.30	0.00	14.02	1321.76
	224.31	0.00	14.01	1322.77
	224.32	0.00	14.01	1319.76
	224.33	0.00	14.02	1322.76
	224.34	0.00	14.02	1321.76
	224.36	0.00	14.01	1320.76
	224.37	0.00	14.02	1322.76
	224.38	0.00	14.01	1321.76
	224.39	0.00	14.01	1322.77
	224.40	0.00	14.01	1322.76
	224.41	0.00	14.01	1320.76
	224.43	0.00	14.01	1323.76
	224.44	0.00	14.01	1324.76
	224.45	0.00	14.01	1324.76
	224.46	0.00	14.01	1323.76
	224.47	0.00	14.02	1322.74
	224.48	0.00	14.01	1324.76
	224.50	0.00	14.00	1321.76
	224.51	0.00	14.00	1321.76
	224.52	0.00	14.00	1324.76
	224.53	0.00	14.00	1322.76
	224.54	0.00	14.00	1322.76
	224.55	0.00	14.00	1322.76
	224.57	0.00	14.01	1325.76
	224.58	0.00	14.00	1323.76
	224.59	0.00	14.00	1322.76
	224.60	0.00	14.00	1322.76
	224.61	0.00	14.00	1323.76
	224.62	0.00	13.99	1324.76
	224.63	0.00	14.01	1324.74
	224.65	0.00	14.00	1322.76
	224.66	0.00	14.00	1323.76
	224.67	0.00	14.00	1324.76
	224.68	0.00	14.00	1324.76
	224.69	0.00	13.99	1325.77
	224.71	0.00	14.00	1323.76
	224.72	0.00	14.01	1326.75
	224.73	0.00	14.00	1326.76
	224.74	0.00	13.99	1323.77
	224.75	0.00	14.01	1323.76
	224.76	0.00	14.00	1323.77
	224.78	0.00	13.98	1315.76
	224.79	0.00	14.01	1324.76
	224.80	0.00	13.99	1322.77
	224.81	0.00	14.00	1323.77
	224.82	0.00	13.99	1320.76
	224.83	0.00	13.99	1322.77
	224.85	0.00	14.01	1326.76
	224.86	0.00	14.00	1321.76
	224.87	0.00	14.01	1322.75
	224.88	0.00	14.00	1321.77
	224.89	0.00	14.01	1322.76
	224.90	0.00	14.01	1322.76
	224.92	0.00	14.01	1321.76
	224.93	0.00	14.01	1323.76
	224.94	0.00	14.00	1322.76
	224.95	0.00	14.01	1321.76
	224.96	0.00	14.00	1320.77
	224.97	0.00	13.99	1314.76
	224.99	0.00	14.01	1322.76
	225.00	0.00	14.01	1321.76
	225.01	0.00	14.01	1322.76
	225.02	0.00	14.01	1321.76
	225.03	0.00	14.00	1321.77
	225.04	0.00	14.01	1321.76
	225.06	0.00	14.02	1320.76
	225.07	0.00	14.00	1318.76
	225.08	0.00	14.01	1321.76
	225.09	0.00	13.99	1314.76
	225.10	0.00	14.01	1320.76
	225.12	0.00	14.01	1320.77
	225.13	0.00	14.00	1317.76
	225.14	0.00	14.01	1319.76
	225.15	0.00	14.01	1320.76
	225.16	0.00	14.01	1320.76
	225.17	0.00	14.02	1321.76
	225.18	0.00	14.01	1320.76
	225.20	0.00	14.01	1320.76
	225.21	0.00	14.02	1321.76
	225.22	0.00	14.02	1321.76
	225.23	0.00	14.03	1320.76
	225.24	0.00	13.98	1309.76
	225.26	0.00	14.02	1318.76
	225.27	0.00	14.02	1319.76
	225.28	0.00	14.03	1318.76
	225.29	0.00	14.03	1318.76
	225.30	0.00	14.02	1314.76
	225.31	0.00	14.03	1319.76
	225.33	0.00	14.02	1320.76
	225.34	0.00	14.03	1319.76
	225.35	0.00	14.03	1318.76
	225.36	0.00	14.04	1317.75
	225.37	0.00	14.03	1319.76
	225.38	0.00	14.03	1318.76
	225.40	0.00	13.88	1298.75
	225.41	0.00	14.04	1319.75
	225.42	0.00	14.04	1318.75
	225.43	0.00	14.04	1316.75
	225.44	0.00	14.06	1317.74
	225.45	0.00	14.04	1317.76
	225.47	0.00	14.05	1314.74
	225.48	0.00	14.06	1318.74
	225.49	0.00	14.06	1317.74
	225.50	0.00	14.06	1315.74
	225.51	0.00	14.07	1318.74
	225.52	0.00	14.07	1316.73
	225.54	0.00	14.07	1316.73
	225.55	0.00	14.06	1317.74
	225.56	0.00	14.07	1318.73
	225.57	0.00	13.91	1296.73
	225.58	0.00	14.04	1308.73
	225.59	0.00	14.08	1319.73
	225.61	0.00	14.07	1318.73
	225.62	0.00	14.07	1319.73
	225.63	0.00	14.06	1318.73
	225.64	0.00	14.07	1317.73
	225.65	0.00	14.07	1317.73
	225.66	0.00	14.07	1319.73
	225.68	0.00	14.05	1317.74
	225.69	0.00	14.06	1318.73
	225.70	0.00	14.06	1318.73
	225.71	0.00	14.06	1320.74
	225.72	0.00	14.05	1315.74
	225.73	0.00	14.06	1319.73
	225.75	0.00	14.06	1319.74
	225.76	0.00	14.06	1320.74
	225.77	0.00	14.06	1320.74
	225.78	0.00	14.07	1319.74
	225.79	0.00	14.05	1317.75
	225.80	0.00	14.06	1321.74
	225.82	0.00	14.06	1319.74
	225.83	0.00	13.90	1298.74
	225.84	0.00	14.07	1319.74
	225.85	0.00	14.06	1318.74
	225.86	0.00	14.06	1319.74
	225.87	0.00	14.06	1319.74
	225.89	0.00	14.06	1316.74
	225.90	0.00	14.06	1319.74
	225.91	0.00	14.06	1320.74
	225.92	0.00	14.07	1319.74
	225.93	0.00	14.06	1319.74
	225.94	0.00	14.06	1319.74
	225.96	0.00	14.06	1320.74
	225.97	0.00	14.06	1319.74
	225.98	0.00	14.06	1319.74
	225.99	0.00	14.06	1318.74
	226.00	0.00	14.06	1321.74
	226.01	0.00	14.06	1320.74
	226.03	0.00	14.05	1320.75
	226.04	0.00	14.06	1318.74
	226.05	0.00	14.07	1318.74
	226.06	0.00	14.06	1320.74
	226.07	0.00	14.07	1320.74
	226.08	0.00	14.06	1319.74
	226.10	0.00	14.07	1317.74
	226.11	0.00	14.06	1320.74
	226.12	0.00	14.06	1318.74
	226.13	0.00	14.06	1319.74
	226.14	0.00	14.07	1320.74
	226.15	0.00	14.06	1317.74
	226.17	0.00	14.04	1310.74
	226.18	0.00	14.07	1317.74
	226.19	0.00	14.06	1317.74
	226.20	0.00	14.07	1318.74
	226.21	0.00	14.08	1319.73
	226.23	0.00	14.07	1317.73
	226.24	0.00	14.07	1316.73
	226.25	0.00	14.07	1318.73
	226.26	0.00	14.07	1318.73
	226.27	0.00	14.08	1317.73
	226.28	0.00	14.07	1316.73
	226.29	0.00	14.08	1318.73
	226.31	0.00	14.08	1317.73
	226.32	0.00	14.08	1318.73
	226.33	0.00	14.07	1316.73
	226.34	0.00	14.07	1318.73
	226.35	0.00	14.07	1318.73
	226.37	0.00	14.09	1315.71
	226.38	0.00	14.07	1318.73
	226.39	0.00	14.07	1317.73
	226.40	0.00	14.07	1316.73
	226.41	0.00	14.07	1315.73
	226.42	0.00	14.07	1317.73
	226.44	0.00	14.07	1316.73
	226.45	0.00	14.06	1316.74
	226.46	0.00	14.07	1316.74
	226.47	0.00	14.07	1319.74
	226.48	0.00	14.05	1318.74
	226.49	0.00	14.06	1319.74
	226.51	0.00	14.06	1319.74
	226.52	0.00	14.05	1316.74
	226.53	0.00	14.06	1318.74
	226.54	0.00	14.06	1318.74
	226.55	0.00	14.07	1319.74
	226.56	0.00	14.06	1319.74
	226.58	0.00	13.89	1298.74
	226.59	0.00	14.05	1316.74
	226.60	0.00	14.06	1319.74
	226.61	0.00	14.06	1317.74
	226.62	0.00	14.05	1318.74
	226.63	0.00	14.06	1317.74
	226.65	0.00	14.05	1319.74
	226.66	0.00	14.06	1319.74
	226.67	0.00	14.05	1318.74
	226.68	0.00	14.06	1320.74
	226.69	0.00	14.05	1318.74
	226.70	0.00	14.05	1318.74
	226.72	0.00	14.04	1317.75
	226.73	0.00	14.09	1313.74
	226.74	0.00	14.05	1316.74
	226.75	0.00	14.06	1317.74
	226.76	0.00	14.05	1314.74
	226.77	0.00	14.05	1319.74
	226.79	0.00	14.06	1317.74
	226.80	0.00	14.07	1317.72
	226.81	0.00	14.06	1318.74
	226.82	0.00	14.06	1318.74
	226.83	0.00	14.06	1318.74
	226.84	0.00	14.06	1317.74
	226.86	0.00	14.06	1317.74
	226.87	0.00	14.06	1317.74
	226.88	0.00	14.05	1317.75
	226.89	0.00	14.05	1315.74
	226.90	0.00	14.07	1318.74
	226.91	0.00	14.06	1318.74
	226.93	0.00	14.06	1318.74
	226.94	0.00	14.06	1320.74
	226.95	0.00	14.05	1318.74
	226.96	0.00	14.06	1317.74
	226.97	0.00	14.05	1317.75
	226.98	0.00	14.06	1318.74
	227.00	0.00	14.06	1316.74
	227.01	0.00	14.06	1318.74
	227.02	0.00	14.02	1307.74
	227.03	0.00	14.07	1318.74
	227.04	0.00	14.06	1317.74
	227.05	0.00	14.06	1318.74
	227.07	0.00	14.07	1319.74
	227.08	0.00	14.07	1321.74
	227.09	0.00	14.06	1317.74
	227.10	0.00	14.06	1316.74
	227.11	0.00	14.07	1317.74
	227.12	0.00	14.06	1316.74
	227.14	0.00	14.06	1317.74
	227.15	0.00	14.07	1317.73
	227.16	0.00	14.08	1317.74
	227.17	0.00	14.07	1318.73
	227.18	0.00	14.07	1317.73
	227.19	0.00	14.08	1319.73
	227.21	0.00	14.07	1316.73
	227.22	0.00	14.07	1316.74
	227.23	0.00	14.07	1317.73
	227.24	0.00	14.08	1319.73
	227.25	0.00	14.07	1317.73
	227.26	0.00	14.08	1317.73
	227.28	0.00	14.09	1319.73
	227.29	0.00	14.09	1318.72
	227.30	0.00	14.08	1316.72
	227.31	0.00	14.13	1316.67
	227.32	0.00	14.10	1318.72
	227.34	0.00	14.10	1315.71
	227.35	0.00	14.10	1315.71
	227.36	0.00	14.11	1315.71
	227.37	0.00	14.11	1316.71
	227.38	0.00	14.10	1314.71
	227.39	0.00	14.11	1314.71
	227.40	0.00	14.12	1314.70
	227.42	0.00	14.14	1314.70
	227.43	0.00	14.11	1315.70
	227.44	0.00	14.12	1317.70
	227.45	0.00	14.12	1318.70
	227.46	0.00	14.12	1315.70
	227.48	0.00	14.11	1315.71
	227.49	0.00	14.13	1316.69
	227.50	0.00	14.12	1317.70
	227.51	0.00	14.11	1314.70
	227.52	0.00	14.13	1315.70
	227.53	0.00	14.12	1317.70
	227.55	0.00	14.11	1313.70
	227.56	0.00	14.12	1315.70
	227.57	0.00	14.12	1316.70
	227.58	0.00	14.12	1317.70
	227.59	0.00	14.11	1316.70
	227.60	0.00	14.12	1317.70
	227.62	0.00	14.12	1316.70
	227.63	0.00	14.12	1317.70
	227.64	0.00	14.12	1317.70
	227.65	0.00	14.11	1316.71
	227.66	0.00	14.11	1318.70
	227.67	0.00	14.09	1314.71
	227.69	0.00	13.95	1295.70
	227.70	0.00	14.10	1317.71
	227.71	0.00	14.11	1318.71
	227.72	0.00	14.11	1316.71
	227.73	0.00	14.10	1318.71
	227.74	0.00	14.10	1317.71
	227.76	0.00	14.10	1320.71
	227.77	0.00	14.09	1315.71
	227.78	0.00	14.11	1318.71
	227.79	0.00	14.11	1320.71
	227.80	0.00	14.11	1323.71
	227.81	0.00	14.10	1316.71
	227.83	0.00	14.10	1318.71
	227.84	0.00	14.10	1319.71
	227.85	0.00	14.11	1321.71
	227.86	0.00	14.10	1318.71
	227.87	0.00	14.11	1318.71
	227.88	0.00	14.10	1317.71
	227.90	0.00	14.10	1317.71
	227.91	0.00	14.10	1318.71
	227.92	0.00	14.12	1319.70
	227.93	0.00	14.10	1318.71
	227.94	0.00	14.11	1319.71
	227.95	0.00	14.11	1319.71
	227.97	0.00	14.11	1318.71
	227.98	0.00	14.10	1319.71
	227.99	0.00	14.11	1320.71
	228.00	0.00	14.11	1317.70
	228.01	0.00	14.11	1320.71
	228.02	0.00	14.10	1316.71
	228.04	0.00	14.11	1319.71
	228.05	0.00	14.12	1321.70
	228.06	0.00	14.11	1318.70
	228.07	0.00	14.10	1319.71
	228.08	0.00	14.11	1316.70
	228.09	0.00	14.11	1320.71
	228.11	0.00	14.09	1312.71
	228.12	0.00	14.10	1318.71
	228.13	0.00	14.10	1319.71
	228.14	0.00	14.10	1318.71
	228.15	0.00	14.10	1318.71
	228.16	0.00	14.09	1315.72
	228.18	0.00	14.10	1319.71
	228.19	0.00	14.09	1319.71
	228.20	0.00	14.10	1318.71
	228.21	0.00	14.09	1319.71
	228.22	0.00	14.10	1321.71
	228.24	0.00	14.09	1316.72
	228.25	0.00	14.09	1319.72
	228.26	0.00	14.09	1318.72
	228.27	0.00	14.09	1321.72
	228.28	0.00	14.09	1318.72
	228.29	0.00	13.93	1298.72
	228.30	0.00	14.09	1317.72
	228.32	0.00	14.08	1317.72
	228.33	0.00	14.09	1318.72
	228.34	0.00	14.09	1318.72
	228.35	0.00	14.08	1318.72
	228.36	0.00	14.08	1314.72
	228.38	0.00	13.92	1299.73
	228.39	0.00	14.09	1317.72
	228.40	0.00	14.07	1319.73
	228.41	0.00	14.07	1318.73
	228.42	0.00	14.07	1318.74
	228.43	0.00	14.07	1318.73
	228.45	0.00	14.07	1314.72
	228.46	0.00	14.07	1319.73
	228.47	0.00	14.07	1318.73
	228.48	0.00	14.09	1319.73
	228.49	0.00	14.06	1314.73
	228.50	0.00	14.08	1316.73
	228.52	0.00	14.10	1317.70
	228.53	0.00	14.08	1322.73
	228.54	0.00	14.08	1321.73
	228.55	0.00	14.09	1318.73
	228.56	0.00	14.08	1317.73
	228.57	0.00	14.08	1316.73
	228.59	0.00	14.09	1318.72
	228.60	0.00	14.08	1318.72
	228.61	0.00	14.07	1318.73
	228.62	0.00	14.08	1316.72
	228.63	0.00	14.09	1319.72
	228.64	0.00	14.08	1318.72
	228.66	0.00	14.08	1317.73
	228.67	0.00	14.07	1318.73
	228.68	0.00	14.07	1318.73
	228.69	0.00	14.08	1318.72
	228.70	0.00	14.07	1319.73
	228.71	0.00	14.08	1319.73
	228.73	0.00	14.07	1318.73
	228.74	0.00	14.07	1318.73
	228.75	0.00	14.07	1317.73
	228.76	0.00	14.07	1318.73
	228.77	0.00	14.07	1318.74
	228.78	0.00	14.08	1319.73
	228.80	0.00	14.08	1316.73
	228.81	0.00	14.07	1317.73
	228.82	0.00	14.07	1319.73
	228.83	0.00	14.07	1317.73
	228.84	0.00	14.06	1317.74
	228.85	0.00	14.07	1317.73
	228.87	0.00	14.08	1319.73
	228.88	0.00	14.07	1316.74
	228.89	0.00	14.06	1317.74
	228.90	0.00	14.06	1318.74
	228.91	0.00	14.06	1317.74
	228.92	0.00	14.06	1318.74
	228.94	0.00	14.06	1317.75
	228.95	0.00	14.06	1317.74
	228.96	0.00	14.06	1318.74
	228.97	0.00	14.05	1320.74
	228.98	0.00	14.06	1317.74
	229.00	0.00	14.06	1321.74
	229.01	0.00	14.07	1319.74
	229.02	0.00	14.06	1318.74
	229.03	0.00	14.06	1318.74
	229.04	0.00	14.07	1319.74
	229.05	0.00	14.05	1320.74
	229.06	0.00	14.06	1317.74
	229.08	0.00	14.06	1318.74
	229.09	0.00	14.05	1316.74
	229.10	0.00	14.06	1318.74
	229.11	0.00	14.07	1318.73
	229.12	0.00	14.07	1319.74
	229.13	0.00	14.05	1317.74
	229.15	0.00	14.06	1319.74
	229.16	0.00	14.07	1320.74
	229.17	0.00	14.06	1317.74
	229.18	0.00	14.06	1319.74
	229.19	0.00	14.06	1318.74
	229.20	0.00	14.05	1317.75
	229.22	0.00	14.06	1318.74
	229.23	0.00	13.90	1298.74
	229.24	0.00	14.06	1319.74
	229.25	0.00	14.05	1318.74
	229.26	0.00	14.06	1319.74
	229.27	0.00	14.06	1317.74
	229.29	0.00	14.06	1319.74
	229.30	0.00	14.06	1318.74
	229.31	0.00	14.06	1319.74
	229.32	0.00	14.06	1319.74
	229.33	0.00	14.07	1321.74
	229.35	0.00	14.05	1317.74
	229.36	0.00	14.06	1317.74
	229.37	0.00	14.06	1319.73
	229.38	0.00	14.06	1320.74
	229.39	0.00	14.05	1315.74
	229.40	0.00	14.06	1319.74
	229.41	0.00	14.06	1319.74
	229.43	0.00	14.06	1318.74
	229.44	0.00	14.06	1319.74
	229.45	0.00	14.06	1317.74
	229.46	0.00	14.06	1320.74
	229.47	0.00	14.09	1316.73
	229.49	0.00	14.08	1319.73
	229.50	0.00	14.07	1319.73
	229.51	0.00	14.08	1318.73
	229.52	0.00	14.09	1317.73
	229.53	0.00	14.08	1316.73
	229.54	0.00	14.08	1318.73
	229.55	0.00	14.08	1317.73
	229.57	0.00	14.08	1318.73
	229.58	0.00	14.08	1316.73
	229.59	0.00	14.05	1308.73
	229.60	0.00	14.08	1318.73
	229.61	0.00	14.08	1318.73
	229.63	0.00	14.08	1318.73
	229.64	0.00	14.07	1319.73
	229.65	0.00	14.07	1315.73
	229.66	0.00	14.08	1318.73
	229.67	0.00	14.08	1318.73
	229.68	0.00	14.08	1318.73
	229.70	0.00	14.07	1319.73
	229.71	0.00	14.08	1317.73
	229.72	0.00	14.10	1317.72
	229.73	0.00	14.07	1314.73
	229.74	0.00	14.07	1318.73
	229.75	0.00	14.08	1315.73
	229.77	0.00	14.08	1318.73
	229.78	0.00	14.08	1317.73
	229.79	0.00	14.08	1316.73
	229.80	0.00	14.07	1317.74
	229.81	0.00	14.08	1318.73
	229.82	0.00	14.07	1318.73
	229.84	0.00	14.08	1319.73
	229.85	0.00	14.07	1317.73
	229.86	0.00	14.08	1320.73
	229.87	0.00	14.07	1317.73
	229.88	0.00	14.07	1317.73
	229.89	0.00	14.07	1318.73
	229.91	0.00	14.08	1319.73
	229.92	0.00	14.08	1319.73
	229.93	0.00	14.08	1319.73
	229.94	0.00	14.08	1319.73
	229.95	0.00	14.07	1317.73
	229.96	0.00	14.07	1318.73
	229.98	0.00	14.07	1318.74
	229.99	0.00	14.07	1319.73
	230.00	0.00	14.07	1316.73
	230.01	0.00	14.07	1317.73
	230.02	0.00	14.06	1313.73
	230.03	0.00	14.08	1320.73
	230.05	0.00	14.07	1318.73
	230.06	0.00	14.08	1317.73
	230.07	0.00	14.07	1317.73
	230.08	0.00	14.08	1320.73
	230.09	0.00	14.07	1318.73
	230.11	0.00	14.08	1316.73
	230.12	0.00	14.08	1317.73
	230.13	0.00	14.08	1315.73
	230.14	0.00	14.07	1317.74
	230.15	0.00	14.07	1317.73
	230.16	0.00	14.07	1316.73
	230.17	0.00	13.91	1297.73
	230.19	0.00	14.08	1318.73
	230.20	0.00	14.08	1317.73
	230.21	0.00	14.07	1317.73
	230.22	0.00	14.08	1318.73
	230.23	0.00	14.06	1317.74
	230.24	0.00	14.07	1319.73
	230.26	0.00	14.07	1315.73
	230.27	0.00	14.08	1318.73
	230.28	0.00	14.07	1317.73
	230.29	0.00	14.08	1319.73
	230.30	0.00	14.07	1317.73
	230.32	0.00	14.06	1317.74
	230.33	0.00	14.06	1314.74
	230.34	0.00	14.07	1319.74
	230.35	0.00	14.06	1317.74
	230.36	0.00	14.07	1318.74
	230.37	0.00	14.07	1319.74
	230.38	0.00	14.06	1317.74
	230.40	0.00	14.06	1318.74
	230.41	0.00	14.06	1318.74
	230.42	0.00	14.08	1318.74
	230.43	0.00	14.07	1319.74
	230.44	0.00	14.06	1318.74
	230.46	0.00	14.07	1320.74
	230.47	0.00	14.06	1318.74
	230.48	0.00	14.06	1317.74
	230.49	0.00	14.07	1317.74
	230.50	0.00	14.07	1319.74
	230.51	0.00	14.06	1317.74
	230.52	0.00	14.06	1318.74
	230.54	0.00	14.06	1317.74
	230.55	0.00	14.07	1320.74
	230.56	0.00	14.06	1317.74
	230.57	0.00	14.06	1317.74
	230.58	0.00	14.07	1319.74
	230.60	0.00	14.07	1318.74
	230.61	0.00	14.06	1315.74
	230.62	0.00	14.07	1319.74
	230.63	0.00	14.07	1318.74
	230.64	0.00	14.06	1317.74
	230.65	0.00	14.06	1317.74
	230.67	0.00	14.07	1317.73
	230.68	0.00	14.07	1317.73
	230.69	0.00	14.08	1316.73
	230.70	0.00	14.08	1317.73
	230.71	0.00	14.09	1319.73
	230.72	0.00	14.08	1316.73
	230.74	0.00	14.08	1317.73
	230.75	0.00	14.09	1316.73
	230.76	0.00	14.08	1317.73
	230.77	0.00	14.07	1318.73
	230.78	0.00	14.08	1316.73
	230.79	0.00	14.08	1318.73
	230.80	0.00	14.08	1318.73
	230.82	0.00	14.08	1318.73
	230.83	0.00	14.08	1316.73
	230.84	0.00	14.08	1317.73
	230.85	0.00	14.09	1319.73
	230.86	0.00	14.08	1317.73
	230.88	0.00	14.08	1317.73
	230.89	0.00	14.08	1317.73
	230.90	0.00	14.08	1317.73
	230.91	0.00	14.08	1316.73
	230.92	0.00	14.08	1316.73
	230.93	0.00	14.07	1314.73
	230.95	0.00	14.08	1316.73
	230.96	0.00	14.08	1317.73
	230.97	0.00	14.09	1319.72
	230.98	0.00	14.10	1315.71
	230.99	0.00	14.10	1317.71
	231.00	0.00	14.10	1317.72
	231.02	0.00	14.12	1318.70
	231.03	0.00	14.13	1315.68
	231.04	0.00	14.16	1316.66
	231.05	0.00	14.18	1317.64
	231.06	0.00	14.19	1320.64
	231.07	0.00	14.18	1318.64
	231.09	0.00	14.21	1318.60
	231.10	0.00	14.18	1318.64
	231.11	0.00	14.17	1317.64
	231.12	0.00	14.18	1317.64
	231.13	0.00	14.17	1317.65
	231.14	0.00	14.17	1318.65
	231.16	0.00	14.16	1318.66
	231.17	0.00	14.16	1316.67
	231.18	0.00	14.15	1320.67
	231.19	0.00	14.14	1316.67
	231.20	0.00	14.15	1315.67
	231.22	0.00	14.15	1318.67
	231.23	0.00	14.14	1317.67
	231.24	0.00	14.14	1316.68
	231.25	0.00	14.12	1317.70
	231.26	0.00	14.13	1316.69
	231.27	0.00	14.13	1320.69
	231.28	0.00	14.10	1316.71
	231.30	0.00	14.11	1317.71
	231.31	0.00	14.12	1318.71
	231.32	0.00	14.11	1318.71
	231.33	0.00	14.11	1317.71
	231.34	0.00	14.11	1317.71
	231.36	0.00	14.10	1319.71
	231.37	0.00	14.12	1317.72
	231.38	0.00	14.10	1317.72
	231.39	0.00	14.09	1317.72
	231.40	0.00	14.09	1317.72
	231.41	0.00	14.09	1316.72
	231.43	0.00	14.08	1317.72
	231.44	0.00	14.08	1315.72
	231.45	0.00	14.08	1319.73
	231.46	0.00	14.08	1316.73
	231.47	0.00	14.07	1317.73
	231.48	0.00	14.07	1317.73
	231.50	0.00	14.06	1316.74
	231.51	0.00	14.06	1316.74
	231.52	0.00	14.06	1318.75
	231.53	0.00	14.05	1317.74
	231.54	0.00	14.07	1317.74
	231.55	0.00	14.06	1317.74
	231.57	0.00	14.06	1318.74
	231.58	0.00	14.07	1319.74
	231.59	0.00	14.06	1317.74
	231.60	0.00	14.06	1317.74
	231.61	0.00	14.04	1310.74
	231.62	0.00	14.05	1320.74
	231.63	0.00	14.06	1318.74
	231.65	0.00	14.06	1317.74
	231.66	0.00	14.06	1317.74
	231.67	0.00	14.06	1317.74
	231.68	0.00	14.05	1317.75
	231.69	0.00	14.06	1317.74
	231.71	0.00	14.05	1318.74
	231.72	0.00	14.06	1317.74
	231.73	0.00	14.06	1318.74
	231.74	0.00	14.06	1317.74
	231.75	0.00	14.06	1316.74
	231.76	0.00	14.06	1318.75
	231.78	0.00	14.06	1317.74
	231.79	0.00	14.06	1319.74
	231.80	0.00	14.05	1316.74
	231.81	0.00	14.06	1318.74
	231.82	0.00	14.06	1319.74
	231.83	0.00	14.07	1319.74
	231.85	0.00	14.06	1318.74
	231.86	0.00	14.06	1317.74
	231.87	0.00	14.06	1319.74
	231.88	0.00	14.04	1312.74
	231.89	0.00	14.06	1318.74
	231.90	0.00	14.06	1317.74
	231.92	0.00	14.07	1319.74
	231.93	0.00	14.06	1317.74
	231.94	0.00	14.05	1316.75
	231.95	0.00	14.05	1317.75
	231.96	0.00	14.05	1313.74
	231.97	0.00	14.06	1316.74
	231.99	0.00	14.06	1316.74
	232.00	0.00	14.06	1315.74
	232.01	0.00	14.07	1318.74
	232.02	0.00	14.07	1316.73
	232.03	0.00	14.06	1317.75
	232.04	0.00	14.07	1318.74
	232.05	0.00	14.06	1316.74
	232.07	0.00	14.06	1317.74
	232.08	0.00	14.04	1306.73
	232.09	0.00	14.09	1317.73
	232.10	0.00	14.08	1318.73
	232.11	0.00	14.06	1317.74
	232.13	0.00	14.07	1314.73
	232.14	0.00	14.10	1316.73
	232.15	1.00	14.08	1317.73
	232.16	1.00	14.09	1319.73
	232.17	1.00	14.08	1315.72
	232.18	1.00	14.09	1318.72
	232.20	1.00	14.09	1318.72
	232.21	1.00	14.08	1317.73
	232.22	1.00	14.08	1316.72
	232.23	1.00	14.11	1314.72
	232.24	1.00	14.10	1316.71
	232.25	1.00	14.11	1318.71
	232.27	1.00	14.08	1307.71
	232.28	1.00	14.11	1315.71
	232.29	1.00	14.11	1315.70
	232.30	1.00	14.11	1315.70
	232.31	1.00	14.11	1315.70
	232.33	1.00	14.11	1315.70
	232.34	1.00	14.10	1308.70
	232.35	1.00	14.13	1318.69
	232.36	1.00	14.12	1313.69
	232.37	1.00	14.11	1315.70
	232.38	1.00	14.13	1315.69
	232.40	1.00	14.13	1315.69
	232.41	1.00	14.13	1317.69
	232.42	1.00	14.12	1313.69
	232.43	1.00	14.12	1317.69
	232.44	1.00	14.12	1316.70
	232.45	0.00	14.10	1315.71
	232.47	0.00	14.11	1316.70
	232.48	0.00	14.11	1316.70
	232.49	0.00	14.11	1316.70
	232.50	0.00	14.11	1317.70
	232.51	0.00	14.11	1318.70
	232.52	0.00	14.11	1318.70
	232.54	0.00	14.11	1316.70
	232.55	0.00	14.10	1316.71
	232.56	0.00	14.11	1315.70
	232.57	0.00	14.11	1316.70
	232.58	0.00	14.11	1316.70
	232.59	0.00	14.09	1310.70
	232.61	0.00	14.11	1317.70
	232.62	0.00	14.11	1315.70
	232.63	0.00	14.13	1316.67
	232.64	0.00	14.10	1314.70
	232.65	0.00	14.11	1316.70
	232.66	0.00	14.10	1315.70
	232.68	0.00	14.11	1317.70
	232.69	0.00	14.11	1319.70
	232.70	0.00	14.11	1316.70
	232.71	0.00	14.10	1316.71
	232.72	0.00	14.11	1316.70
	232.73	0.00	14.11	1316.70
	232.75	0.00	14.12	1316.70
	232.76	0.00	14.10	1315.71
	232.77	0.00	14.10	1317.71
	232.78	0.00	14.10	1316.71
	232.79	0.00	14.10	1316.71
	232.80	0.00	14.10	1317.71
	232.82	0.00	14.14	1313.71
	232.83	0.00	14.10	1316.71
	232.84	0.00	14.11	1317.71
	232.85	0.00	14.10	1315.71
	232.86	0.00	14.10	1317.71
	232.88	0.00	14.11	1317.71
	232.89	0.00	14.10	1316.72
	232.90	0.00	14.09	1314.71
	232.91	0.00	14.10	1317.71
	232.92	0.00	14.10	1316.71
	232.93	0.00	14.11	1317.71
	232.94	0.00	14.11	1317.71
	232.96	0.00	14.10	1316.71
	232.97	0.00	14.09	1316.72
	232.98	0.00	14.10	1316.71
	232.99	0.00	14.10	1316.71
	233.00	0.00	14.10	1316.71
	233.02	0.00	14.09	1316.72
	233.03	0.00	14.09	1318.72
	233.04	0.00	14.09	1317.72
	233.05	0.00	14.09	1317.71
	233.06	0.00	14.09	1317.72
	233.07	0.00	14.09	1318.72
	233.08	0.00	14.09	1316.72
	233.10	0.00	14.09	1317.72
	233.11	0.00	14.09	1317.72
	233.12	0.00	14.09	1318.72
	233.13	0.00	14.09	1318.72
	233.14	0.00	14.11	1318.70
	233.16	0.00	14.07	1312.73
	233.17	0.00	14.08	1317.73
	233.18	0.00	14.09	1318.73
	233.19	0.00	14.07	1318.73
	233.20	0.00	14.07	1318.73
	233.21	0.00	14.08	1319.73
	233.23	0.00	14.07	1316.74
	233.24	0.00	14.08	1318.73
	233.25	0.00	14.08	1317.73
	233.26	0.00	14.07	1314.73
	233.27	0.00	14.07	1318.74
	233.28	0.00	14.06	1317.74
	233.30	0.00	14.07	1318.74
	233.31	0.00	14.07	1317.73
	233.32	0.00	14.06	1317.74
	233.33	0.00	14.07	1318.74
	233.34	0.00	14.06	1317.74
	233.35	0.00	14.07	1318.74
	233.37	0.00	14.06	1316.74
	233.38	0.00	14.06	1317.74
	233.39	0.00	14.06	1317.74
	233.40	0.00	14.06	1318.74
	233.41	0.00	14.06	1317.74
	233.42	0.00	14.06	1319.74
	233.44	0.00	14.06	1317.74
	233.45	0.00	14.07	1319.74
	233.46	0.00	14.06	1318.74
	233.47	0.00	14.06	1318.74
	233.48	0.00	14.07	1318.72
	233.49	0.00	14.07	1318.74
	233.51	0.00	14.05	1315.74
	233.52	0.00	14.06	1318.74
	233.53	0.00	14.06	1317.74
	233.54	0.00	14.05	1319.74
	233.55	0.00	14.07	1319.74
	233.56	0.00	14.06	1317.74
	233.58	0.00	14.04	1318.75
	233.59	0.00	14.06	1315.75
	233.60	0.00	14.04	1319.74
	233.61	0.00	14.05	1319.75
	233.62	0.00	14.05	1319.75
	233.63	0.00	14.04	1317.75
	233.65	0.00	14.04	1318.75
	233.66	0.00	14.03	1319.76
	233.67	0.00	14.03	1317.75
	233.68	0.00	14.04	1320.75
	233.69	0.00	13.88	1299.75
	233.70	0.00	14.02	1322.76
	233.72	0.00	14.03	1321.75
	233.73	0.00	14.03	1321.75
	233.74	0.00	14.02	1321.76
	233.75	0.00	14.01	1322.76
	233.76	0.00	14.02	1321.75
	233.77	0.00	14.01	1321.76
	233.79	0.00	14.02	1323.76
	233.80	0.00	14.02	1321.76
	233.81	0.00	14.01	1322.76
	233.82	0.00	14.01	1321.76
	233.83	0.00	14.01	1322.76
	233.84	0.00	14.02	1323.76
	233.86	0.00	14.01	1322.76
	233.87	0.00	14.02	1323.76
	233.88	0.00	14.01	1322.76
	233.89	0.00	14.01	1322.76
	233.90	0.00	14.02	1322.76
	233.91	0.00	14.03	1320.76
	233.93	0.00	14.02	1323.76
	233.94	0.00	14.01	1322.76
	233.95	0.00	13.99	1319.76
	233.96	0.00	14.00	1325.76
	233.97	0.00	14.00	1325.76
	233.99	0.00	13.98	1317.76
	234.00	0.00	13.99	1326.76
	234.01	0.00	13.98	1325.77
	234.02	0.00	13.99	1324.77
	234.03	0.00	13.99	1324.77
	234.04	0.00	14.00	1323.77
	234.05	0.00	13.97	1327.78
	234.07	0.00	13.97	1329.78
	234.08	0.00	13.97	1328.78
	234.09	0.00	13.97	1328.78
	234.10	0.00	13.96	1329.78
	234.11	0.00	13.98	1333.78
	234.13	0.00	13.96	1328.78
	234.14	0.00	13.96	1328.78
	234.15	0.00	13.96	1329.78
	234.16	0.00	13.95	1328.78
	234.17	0.00	13.95	1329.78
	234.18	0.00	13.96	1330.78
	234.19	0.00	13.95	1329.78
	234.21	0.00	13.95	1330.78
	234.22	0.00	13.95	1329.78
	234.23	0.00	13.95	1332.79
	234.24	0.00	13.93	1326.79
	234.25	0.00	13.79	1311.79
	234.27	0.00	13.94	1329.79
	234.28	0.00	13.94	1329.79
	234.29	0.00	13.94	1329.79
	234.30	0.00	13.94	1330.79
	234.31	0.00	13.94	1331.79
	234.32	0.00	13.94	1330.79
	234.34	0.00	13.95	1330.79
	234.35	0.00	13.94	1330.79
	234.36	0.00	13.95	1334.79
	234.37	0.00	13.94	1331.79
	234.38	0.00	13.94	1331.79
	234.39	0.00	13.96	1332.79
	234.41	0.00	13.95	1334.79
	234.42	0.00	13.94	1329.79
	234.43	0.00	13.95	1332.79
	234.44	0.00	13.96	1335.79
	234.45	0.00	13.95	1332.79
	234.46	0.00	13.94	1330.80
	234.48	0.00	13.94	1347.78
	234.49	0.00	13.94	1353.79
	234.50	0.00	13.95	1352.78
	234.51	0.00	13.95	1331.78
	234.52	0.00	13.95	1331.79
	234.53	0.00	13.98	1331.76
	234.55	0.00	13.97	1335.78
	234.56	0.00	13.96	1335.79
	234.57	0.00	13.95	1352.79
	234.58	0.00	13.96	1333.79
	234.59	0.00	13.97	1333.78
	234.60	0.00	13.96	1333.79
	234.62	0.00	13.97	1333.79
	234.63	0.00	13.96	1331.79
	234.64	0.00	13.98	1329.78
	234.65	0.00	13.83	1309.78
	234.66	0.00	14.01	1329.76
	234.67	0.00	14.04	1329.75
	234.69	0.00	14.05	1327.74
	234.70	0.00	14.09	1327.72
	234.71	0.00	14.11	1326.70
	234.72	0.00	14.13	1323.69
	234.73	0.00	14.14	1324.68
	234.74	0.00	14.15	1324.67
	234.76	0.00	14.15	1324.68
	234.77	0.00	14.16	1322.67
	234.78	0.00	14.16	1319.66
	234.79	0.00	14.20	1321.65
	234.80	0.00	14.21	1318.65
	234.81	0.00	14.21	1320.65
	234.83	0.00	14.22	1319.65
	234.84	0.00	14.22	1319.66
	234.85	0.00	14.23	1322.66
	234.86	0.00	14.23	1316.65
	234.87	0.00	14.24	1316.65
	234.88	0.00	14.26	1317.65
	234.90	0.00	14.24	1314.65
	234.91	0.00	14.24	1314.66
	234.92	0.00	14.25	1315.65
	234.93	0.00	14.28	1308.65
	234.94	0.00	14.27	1310.66
	234.95	0.00	14.29	1310.64
	234.97	0.00	14.29	1307.64
	234.98	0.00	14.29	1311.64
	234.99	0.00	14.29	1310.64
	235.00	0.00	14.29	1312.64
	235.01	0.00	14.29	1312.64
	235.02	0.00	14.30	1311.64
	235.04	0.00	14.28	1305.64
	235.05	0.00	14.30	1312.64
	235.06	0.00	14.31	1310.65
	235.07	0.00	14.31	1309.64
	235.08	0.00	14.33	1313.64
	235.10	0.00	14.33	1309.62
	235.11	0.00	14.33	1309.62
	235.12	0.00	14.34	1311.62
	235.13	0.00	14.35	1307.61
	235.14	0.00	14.37	1307.59
	235.15	0.00	14.36	1307.61
	235.16	0.00	14.36	1305.61
	235.18	0.00	14.36	1306.61
	235.19	0.00	14.36	1310.61
	235.20	0.00	14.37	1308.61
	235.21	0.00	14.37	1306.61
	235.22	0.00	14.37	1307.61
	235.24	0.00	14.37	1308.61
	235.25	0.00	14.37	1305.61
	235.26	0.00	14.37	1307.61
	235.27	0.00	14.36	1306.61
	235.28	0.00	14.37	1308.61
	235.29	0.00	14.36	1305.62
	235.30	0.00	14.35	1307.62
	235.32	0.00	14.38	1305.62
	235.33	0.00	14.35	1307.61
	235.34	0.00	14.36	1307.61
	235.35	0.00	14.35	1308.61
	235.36	0.00	14.35	1308.61
	235.38	0.00	14.36	1310.61
	235.39	0.00	14.35	1308.62
	235.40	0.00	14.33	1309.62
	235.41	0.00	14.34	1309.62
	235.42	0.00	14.35	1311.62
	235.43	0.00	14.32	1308.62
	235.45	0.00	14.33	1311.62
	235.46	0.00	14.31	1311.63
	235.47	0.00	14.32	1311.62
	235.48	0.00	14.34	1309.62
	235.49	0.00	14.31	1312.62
	235.50	0.00	14.30	1311.63
	235.52	0.00	14.30	1313.63
	235.53	0.00	14.29	1312.63
	235.54	0.00	14.28	1314.63
	235.55	0.00	14.29	1315.63
	235.56	0.00	14.28	1318.64
	235.57	0.00	14.27	1314.63
	235.59	0.00	14.26	1312.64
	235.60	0.00	14.25	1314.64
	235.61	0.00	14.25	1313.64
	235.62	0.00	14.24	1316.63
	235.63	0.00	14.23	1320.65
	235.64	0.00	14.20	1322.66
	235.66	0.00	14.17	1324.65
	235.67	0.00	14.17	1326.66
	235.68	0.00	14.16	1352.66
	235.69	0.00	14.14	1356.68
	235.70	0.00	14.12	1361.68
	235.71	0.00	14.09	1361.69
	235.73	0.00	14.09	1372.70
	235.74	0.00	14.08	1373.70
	235.75	0.00	14.04	1384.68
	235.76	0.00	13.99	1388.69
	235.77	0.00	13.91	1396.73
	235.79	0.00	13.67	1331.71
	235.80	0.00	13.59	1313.67
	235.81	0.00	13.37	1269.67
	235.82	0.00	13.20	1252.73
	235.83	0.00	12.85	1164.70
	235.84	0.00	12.43	1088.70
	235.85	0.00	12.16	1048.71
	235.87	0.00	12.13	1047.71
	235.88	0.00	12.07	1047.72
	235.89	0.00	12.14	1062.71
	235.90	0.00	12.18	1064.70
	235.91	0.00	12.21	1072.68
	235.92	0.00	12.25	1074.68
	235.94	0.00	12.28	1078.68
	235.95	0.00	12.31	1081.68
	235.96	0.00	12.34	1084.67
	235.97	0.00	12.38	1101.66
	235.98	0.00	12.43	1103.65
	236.00	0.00	12.49	1106.61
	236.01	0.00	12.54	1109.59
	236.02	0.00	12.60	1114.57
	236.03	0.00	12.65	1118.53
	236.04	0.00	12.70	1118.51
	236.05	0.00	12.73	1116.50
	236.06	0.00	12.77	1117.50
	236.08	0.00	12.79	1119.49
	236.09	0.00	12.83	1118.49
	236.10	0.00	12.87	1116.48
	236.11	0.00	12.90	1111.47
	236.12	0.00	12.90	1109.47
	236.13	0.00	13.00	1124.47
	236.15	0.00	13.04	1124.47
	236.16	0.00	13.05	1113.47
	236.17	0.00	13.07	1104.48
	236.18	0.00	13.15	1110.52
	236.19	0.00	13.21	1114.54
	236.20	0.00	13.22	1106.59
	236.22	0.00	13.26	1110.68
	236.23	0.00	13.29	1116.71
	236.24	0.00	13.35	1129.75
	236.25	0.00	13.56	1170.76
	236.26	0.00	13.84	1210.75
	236.27	0.00	13.98	1230.74
	236.29	0.00	14.13	1237.68
	236.30	0.00	14.25	1264.65
	236.31	0.00	14.43	1272.61
	236.32	0.00	14.69	1243.50
	236.33	0.00	14.90	1263.47
	236.34	0.00	15.24	1282.45
	236.36	0.00	15.43	1261.41
	236.37	0.00	15.63	1264.28
	236.38	0.00	15.80	1266.15
	236.39	0.00	15.85	1260.12
	236.40	0.00	15.88	1253.09
	236.41	0.00	15.89	1239.07
	236.43	0.00	15.88	1222.06
	236.44	0.00	15.83	1174.05
	236.45	0.00	15.79	1151.04
	236.46	0.00	15.77	1135.03
	236.47	0.00	15.55	1095.03
	236.48	0.00	15.51	1088.04
	236.50	0.00	15.44	1075.08
	236.51	0.00	15.32	1055.13
	236.52	0.00	15.24	1025.13
	236.53	0.00	14.37	784.11
	236.54	0.00	14.47	807.11
	236.55	0.00	14.51	817.11
	236.57	0.00	14.54	822.11
	236.58	0.00	14.54	824.11
	236.59	0.00	14.57	829.11
	236.60	0.00	14.58	833.11
	236.61	0.00	14.57	829.11
	236.62	0.00	14.57	830.11
	236.64	0.00	14.58	831.11
	236.65	0.00	14.59	832.10
	236.66	0.00	14.59	830.10
	236.67	0.00	14.60	832.10
	236.68	0.00	14.62	836.09
	236.69	0.00	14.59	826.09
	236.71	0.00	14.60	829.09
	236.72	0.00	14.63	835.08
	236.73	0.00	14.65	839.08
	236.74	0.00	14.66	839.08
	236.75	0.00	14.73	851.05
	236.76	0.00	14.74	845.04
	236.77	0.00	14.76	847.03
	236.79	0.00	14.66	852.10
	236.80	0.00	14.50	847.21
	236.81	0.00	14.15	815.27
	236.82	0.00	13.02	744.58
	236.83	0.00	12.17	825.80
	236.85	0.00	11.20	822.95
	236.86	0.00	10.95	828.01
	236.87	0.00	11.00	859.05
	236.88	0.00	11.04	854.02
	236.89	0.00	11.27	899.99
	236.90	0.00	11.58	928.84
	236.91	0.00	11.80	956.78
	236.93	0.00	12.10	993.73
	236.94	0.00	12.32	1022.67
	236.95	0.00	12.51	1057.68
	236.96	0.00	12.61	1075.69
	236.97	0.00	12.72	1109.68
	236.99	0.00	12.77	1112.65
	237.00	0.00	12.81	1113.65
	237.01	0.00	12.86	1112.65
	237.02	0.00	12.85	1106.66
	237.03	0.00	12.91	1102.66
	237.04	0.00	12.97	1066.62
	237.05	0.00	13.06	1060.60
	237.07	0.00	13.22	1092.59
	237.08	0.00	13.34	1092.58
	237.09	0.00	13.43	1081.58
	237.10	0.00	13.50	1091.57
	237.11	0.00	13.51	1096.57
	237.12	0.00	13.55	1106.57
	237.14	0.00	13.58	1112.57
	237.15	0.00	13.59	1114.57
	237.16	0.00	13.57	1135.56
	237.17	0.00	13.60	1144.56
	237.18	0.00	13.64	1154.55
	237.20	0.00	13.65	1160.55
	237.21	0.00	13.71	1181.54
	237.22	0.00	13.73	1190.54
	237.23	0.00	13.69	1187.53
	237.24	0.00	13.62	1171.53
	237.25	0.00	13.52	1182.53
	237.26	0.00	13.50	1182.52
	237.28	0.00	13.50	1188.52
	237.29	0.00	13.50	1192.52
	237.30	0.00	13.50	1203.53
	237.31	0.00	13.51	1209.52
	237.32	0.00	13.51	1216.53
	237.33	0.00	13.48	1215.53
	237.35	0.00	13.46	1219.53
	237.36	0.00	13.42	1210.53
	237.37	0.00	13.37	1208.54
	237.38	0.00	13.34	1203.55
	237.39	0.00	13.34	1197.55
	237.41	0.00	13.33	1186.55
	237.42	0.00	13.32	1178.58
	237.43	0.00	13.26	1171.67
	237.44	0.00	13.26	1150.68
	237.45	0.00	13.17	1149.82
	237.46	0.00	13.14	1147.85
	237.47	0.00	13.19	1167.91
	237.49	0.00	13.28	1187.93
	237.50	0.00	13.32	1195.95
	237.51	0.00	13.50	1196.82
	237.52	0.00	13.66	1199.69
	237.53	0.00	13.70	1189.69
	237.54	0.00	13.85	1181.69
	237.56	0.00	13.91	1185.72
	237.57	0.00	14.03	1183.71
	237.58	0.00	14.07	1183.73
	237.59	0.00	14.12	1182.71
	237.60	0.00	14.17	1180.71
	237.62	0.00	14.25	1184.69
	237.63	0.00	14.35	1184.65
	237.64	0.00	14.69	1205.53
	237.65	0.00	14.80	1207.49
	237.66	0.00	14.89	1209.47
	237.67	0.00	14.99	1208.45
	237.68	0.00	15.09	1207.42
	237.70	0.00	15.17	1206.39
	237.71	0.00	15.25	1199.35
	237.72	0.00	15.35	1177.33
	237.73	0.00	15.42	1169.26
	237.74	0.00	15.52	1156.16
	237.75	0.00	15.58	1122.10
	237.77	0.00	15.61	1121.08
	237.78	0.00	15.62	1110.07
	237.79	0.00	15.66	1102.05
	237.80	0.00	15.62	1082.04
	237.81	0.00	15.59	1064.03
	237.83	0.00	15.59	1032.00
	237.84	0.00	15.49	991.97
	237.85	0.00	15.42	927.93
	237.86	0.00	15.21	856.90
	237.87	0.00	15.13	821.87
	237.88	0.00	15.08	801.85
	237.89	0.00	15.04	798.85
	237.91	0.00	14.87	790.83
	237.92	0.00	14.79	786.84
	237.93	0.00	14.69	776.87
	237.94	0.00	14.54	766.94
	237.95	0.00	14.39	746.98
	237.96	0.00	14.27	725.99
	237.98	0.00	14.39	743.99
	237.99	0.00	14.48	765.99
	238.00	0.00	14.52	779.00
	238.01	0.00	14.53	780.99
	238.02	0.00	14.52	781.00
	238.03	0.00	14.53	781.00
	238.05	0.00	14.51	778.00
	238.06	0.00	14.52	773.99
	238.07	0.00	14.49	775.00
	238.08	0.00	14.47	762.99
	238.09	0.00	14.43	757.00
	238.10	0.00	14.43	760.00
	238.11	0.00	14.45	758.99
	238.13	0.00	14.43	754.99
	238.14	0.00	14.41	756.00
	238.15	0.00	14.43	760.00
	238.16	0.00	14.47	763.98
	238.17	0.00	14.47	766.00
	238.19	0.00	14.49	768.99
	238.20	0.00	14.46	767.00
	238.21	0.00	14.49	774.00
	238.22	0.00	14.50	777.00
	238.23	0.00	14.53	782.00
	238.24	0.00	14.52	780.00
	238.26	0.00	14.50	779.01
	238.27	0.00	14.51	782.01
	238.28	0.00	14.47	773.01
	238.29	0.00	14.50	776.00
	238.30	0.00	14.48	772.00
	238.31	0.00	14.49	775.00
	238.32	0.00	14.51	779.01
	238.34	0.00	14.50	780.01
	238.35	0.00	14.50	780.01
	238.36	0.00	14.54	786.00
	238.37	0.00	14.56	790.00
	238.38	0.00	14.58	795.00
	238.39	0.00	14.60	800.00
	238.41	0.00	14.61	803.00
	238.42	0.00	14.61	806.01
	238.43	0.00	14.62	808.00
	238.44	0.00	14.44	804.09
	238.45	0.00	14.17	778.14
	238.46	0.00	13.53	716.24
	238.48	0.00	11.99	693.59
	238.49	0.00	10.97	749.82
	238.50	0.00	10.68	826.95
	238.51	0.00	10.31	855.03
	238.52	0.00	10.38	918.11
	238.53	0.00	10.86	977.04
	238.54	0.00	11.01	992.01
	238.56	0.00	11.04	993.00
	238.57	0.00	11.18	983.90
	238.58	0.00	11.51	995.75
	238.59	0.00	11.70	1003.73
	238.60	0.00	11.88	1007.70
	238.61	0.00	12.07	1020.71
	238.63	0.00	12.31	1040.72
	238.64	0.00	12.46	1043.70
	238.65	0.00	12.61	1030.68
	238.66	0.00	12.73	1037.68
	238.67	0.00	12.86	1034.65
	238.69	0.00	12.94	1028.64
	238.70	0.00	13.08	1039.63
	238.71	0.00	13.15	1039.63
	238.72	0.00	13.19	1040.62
	238.73	0.00	13.24	1031.60
	238.74	0.00	13.24	1025.61
	238.75	0.00	13.28	1029.61
	238.77	0.00	13.37	1034.60
	238.78	0.00	13.40	1033.60
	238.79	0.00	13.42	1034.60
	238.80	0.00	13.45	1030.60
	238.81	0.00	13.44	1034.60
	238.83	0.00	13.40	1024.59
	238.84	0.00	13.43	1028.59
	238.85	0.00	13.41	1027.59
	238.86	0.00	13.46	1030.59
	238.87	0.00	13.51	1037.60
	238.88	0.00	13.58	1047.59
	238.90	0.00	13.62	1052.59
	238.91	0.00	13.66	1082.59
	238.92	0.00	13.67	1087.59
	238.93	0.00	13.74	1129.59
	238.94	0.00	13.79	1148.58
	238.95	0.00	13.78	1184.58
	238.97	0.00	13.77	1197.59
	238.98	0.00	13.79	1212.59
	238.99	0.00	13.80	1225.59
	239.00	0.00	13.78	1227.59
	239.01	0.00	13.83	1235.55
	239.02	0.00	13.84	1242.59
	239.04	0.00	13.87	1248.59
	239.05	0.00	13.87	1267.59
	239.06	0.00	13.88	1269.59
	239.07	0.00	14.06	1291.59
	239.08	0.00	14.07	1298.59
	239.09	0.00	13.93	1279.59
	239.11	0.00	14.12	1300.58
	239.12	0.00	14.15	1302.58
	239.13	0.00	14.18	1306.58
	239.14	0.00	14.25	1309.57
	239.15	0.00	14.31	1302.57
	239.16	0.00	14.39	1307.53
	239.18	0.00	14.48	1282.56
	239.19	0.00	14.59	1280.54
	239.20	0.00	14.72	1254.53
	239.21	0.00	14.82	1247.52
	239.22	0.00	14.89	1244.49
	239.23	0.00	14.99	1244.45
	239.25	0.00	15.10	1232.40
	239.26	0.00	15.24	1227.32
	239.27	0.00	15.37	1206.20
	239.28	0.00	15.55	1183.09
	239.29	0.00	15.58	1172.08
	239.30	0.00	15.59	1160.07
	239.32	0.00	15.61	1129.06
	239.33	0.00	15.64	1122.05
	239.34	0.00	15.66	1115.03
	239.35	0.00	15.71	1111.00
	239.36	0.00	15.76	1104.96
	239.37	0.00	15.81	1092.91
	239.38	0.00	15.82	1077.88
	239.40	0.00	15.81	1060.87
	239.41	0.00	15.79	1033.86
	239.42	0.00	15.74	986.86
	239.43	0.00	15.66	944.85
	239.44	0.00	15.61	927.85
	239.46	0.00	15.60	911.84
	239.47	0.00	15.59	898.84
	239.48	0.00	15.52	878.84
	239.49	0.00	15.44	856.84
	239.50	0.00	15.41	849.83
	239.51	0.00	15.37	838.83
	239.52	0.00	15.31	831.83
	239.54	0.00	14.93	806.85
	239.55	0.00	14.74	786.93
	239.56	0.00	14.47	750.00
	239.57	0.00	14.23	695.00
	239.58	0.00	14.25	701.00
	239.59	0.00	14.39	731.00
	239.61	0.00	14.39	735.00
	239.62	0.00	14.41	736.00
	239.63	0.00	14.40	739.01
	239.64	0.00	14.39	731.00
	239.65	0.00	14.37	734.01
	239.66	0.00	14.40	735.01
	239.68	0.00	14.39	738.00
	239.69	0.00	14.40	740.01
	239.70	0.00	14.39	741.01
	239.71	0.00	14.49	758.01
	239.72	0.00	14.45	754.01
	239.73	0.00	14.43	752.02
	239.75	0.00	14.49	762.01
	239.76	0.00	14.46	761.02
	239.77	0.00	14.49	764.02
	239.78	0.00	14.50	766.02
	239.79	0.00	14.52	766.01
	239.80	0.00	14.53	771.01
	239.82	0.00	14.55	773.00
	239.83	0.00	14.56	777.01
	239.84	0.00	14.56	779.01
	239.85	0.00	14.56	779.01
	239.86	0.00	14.59	781.01
	239.87	0.00	14.54	777.02
	239.88	0.00	14.56	782.02
	239.90	0.00	14.58	782.02
	239.91	0.00	14.60	784.01
	239.92	0.00	14.59	787.01
	239.93	0.00	14.62	788.01
	239.94	0.00	14.62	793.01
	239.95	0.00	14.63	796.01
	239.97	0.00	14.67	800.01
	239.98	0.00	14.67	804.01
	239.99	0.00	14.67	805.00
	240.00	0.00	14.70	800.00
	240.01	0.00	14.66	805.01
	240.02	0.00	14.45	799.13
	240.04	0.00	14.20	775.20
	240.05	0.00	13.52	680.25
	240.06	0.00	12.81	650.35
	240.07	0.00	11.58	691.66
	240.08	0.00	11.13	755.82
	240.09	0.00	10.85	806.91
	240.11	0.00	10.61	857.98
	240.12	0.00	10.52	888.99
	240.13	0.00	10.77	913.98
	240.14	0.00	10.84	915.96
	240.15	0.00	11.03	941.93
	240.16	0.00	11.25	966.75
	240.18	0.00	11.41	970.68
	240.19	0.00	11.55	988.69
	240.20	0.00	11.69	997.69
	240.21	0.00	11.78	996.69
	240.22	0.00	11.99	1017.66
	240.23	0.00	12.31	1059.67
	240.24	0.00	12.50	1073.67
	240.26	0.00	12.75	1103.65
	240.27	0.00	12.99	1131.66
	240.28	0.00	13.12	1133.64
	240.29	0.00	13.20	1133.64
	240.30	0.00	13.26	1134.63
	240.31	0.00	13.32	1132.63
	240.33	0.00	13.36	1132.63
	240.34	0.00	13.43	1112.63
	240.35	0.00	13.48	1111.64
	240.36	0.00	13.58	1125.60
	240.37	0.00	13.60	1122.63
	240.38	0.00	13.63	1118.62
	240.40	0.00	13.70	1094.61
	240.41	0.00	13.75	1110.61
	240.42	0.00	13.80	1111.62
	240.43	0.00	13.87	1115.61
	240.44	0.00	13.94	1123.61
	240.46	0.00	14.01	1113.60
	240.47	0.00	14.08	1109.58
	240.48	0.00	14.16	1116.57
	240.49	0.00	14.23	1120.55
	240.50	0.00	14.31	1099.55
	240.51	0.00	14.37	1098.53
	240.52	0.00	14.43	1101.52
	240.54	0.00	14.44	1124.52
	240.55	0.00	14.47	1127.52
	240.56	0.00	14.51	1151.52
	240.57	0.00	14.73	1190.50
	240.58	0.00	14.75	1197.50
	240.60	0.00	14.79	1209.49
	240.61	0.00	14.81	1223.49
	240.62	0.00	14.84	1243.49
	240.63	0.00	14.84	1256.50
	240.64	0.00	14.88	1271.49
	240.65	0.00	14.85	1280.50
	240.66	0.00	14.84	1283.50
	240.68	0.00	14.78	1277.51
	240.69	0.00	14.76	1286.52
	240.70	0.00	14.69	1287.54
	240.71	0.00	14.68	1292.54
	240.72	0.00	14.64	1299.55
	240.74	0.00	14.66	1301.55
	240.75	0.00	14.69	1298.54
	240.76	0.00	14.72	1293.54
	240.77	0.00	14.76	1290.54
	240.78	0.00	14.79	1284.54
	240.79	0.00	14.83	1281.53
	240.80	0.00	14.88	1277.53
	240.82	0.00	14.92	1277.53
	240.83	0.00	14.97	1273.52
	240.84	0.00	15.00	1270.53
	240.85	0.00	15.08	1264.50
	240.86	0.00	15.12	1255.48
	240.88	0.00	15.16	1247.48
	240.89	0.00	15.23	1234.42
	240.90	0.00	15.34	1207.35
	240.91	0.00	15.40	1197.29
	240.92	0.00	15.47	1192.24
	240.93	0.00	15.57	1177.10
	240.95	0.00	15.60	1167.08
	240.96	0.00	15.62	1157.06
	240.97	0.00	15.61	1113.06
	240.98	0.00	15.60	1103.05
	240.99	0.00	15.61	1090.04
	241.00	0.00	15.60	1075.04
	241.02	0.00	15.60	1055.03
	241.03	0.00	15.62	1050.00
	241.04	0.00	15.66	1038.96
	241.05	0.00	15.68	1023.92
	241.06	0.00	15.73	1008.87
	241.07	0.00	15.71	969.86
	241.09	0.00	15.70	950.85
	241.10	0.00	15.67	928.85
	241.11	0.00	15.60	896.84
	241.12	0.00	15.49	840.84
	241.13	0.00	15.22	768.84
	241.14	0.00	15.14	755.84
	241.16	0.00	15.35	817.84
	241.17	0.00	15.46	849.84
	241.18	0.00	15.43	846.83
	241.19	0.00	15.32	837.83
	241.20	0.00	14.89	798.85
	241.21	0.00	14.57	759.94
	241.22	0.00	14.33	714.97
	241.24	0.00	14.11	668.97
	241.25	0.00	14.30	711.98
	241.26	0.00	14.39	728.98
	241.27	0.00	14.39	728.98
	241.28	0.00	14.38	726.98
	241.29	0.00	14.37	719.98
	241.30	0.00	14.36	717.98
	241.32	0.00	14.32	717.98
	241.33	0.00	14.33	718.98
	241.34	0.00	14.35	718.98
	241.35	0.00	14.35	723.98
	241.36	0.00	14.36	718.98
	241.38	0.00	14.37	723.98
	241.39	0.00	14.37	722.98
	241.40	0.00	14.39	726.98
	241.41	0.00	14.37	727.98
	241.42	0.00	14.39	727.98
	241.43	0.00	14.41	735.98
	241.44	0.00	14.38	732.99
	241.46	0.00	14.41	739.99
	241.47	0.00	14.42	741.99
	241.48	0.00	14.42	741.99
	241.49	0.00	14.42	740.99
	241.50	0.00	14.43	744.99
	241.51	0.00	14.46	750.99
	241.52	0.00	14.46	749.99
	241.54	0.00	14.49	753.99
	241.55	0.00	14.52	758.99
	241.56	0.00	14.52	762.99
	241.57	0.00	14.55	762.98
	241.58	0.00	14.57	768.98
	241.60	0.00	14.60	772.98
	241.61	0.00	14.58	773.98
	241.62	0.00	14.59	776.98
	241.63	0.00	14.60	777.98
	241.64	0.00	14.61	779.98
	241.65	0.00	14.61	781.98
	241.66	0.00	14.62	782.98
	241.68	0.00	14.63	785.98
	241.69	0.00	14.63	784.98
	241.70	0.00	14.63	785.98
	241.71	0.00	14.63	787.98
	241.72	0.00	14.65	788.98
	241.73	0.00	14.50	795.04
	241.75	0.00	13.92	764.24
	241.76	0.00	13.14	698.27
	241.77	0.00	11.83	677.50
	241.78	0.00	11.15	721.64
	241.79	0.00	10.71	782.73
	241.80	0.00	10.39	845.83
	241.82	0.00	10.24	894.87
	241.83	0.00	10.23	932.91
	241.84	0.00	10.45	998.95
	241.85	0.00	10.70	1012.86
	241.86	0.00	10.92	1016.73
	241.87	0.00	11.06	1019.72
	241.88	0.00	11.23	1036.72
	241.90	0.00	11.37	1031.72
	241.91	0.00	11.53	1028.72
	241.92	0.00	11.66	1019.71
	241.93	0.00	11.84	1020.71
	241.94	0.00	12.24	1064.72
	241.96	0.00	12.43	1069.72
	241.97	0.00	12.60	1080.72
	241.98	0.00	12.75	1086.69
	241.99	0.00	12.86	1090.70
	242.00	0.00	12.97	1104.70
	242.01	0.00	13.05	1139.70
	242.03	0.00	13.16	1150.69
	242.04	0.00	13.26	1173.69
	242.05	0.00	13.34	1177.68
	242.06	0.00	13.42	1183.68
	242.07	0.00	13.49	1185.66
	242.08	0.00	13.54	1180.65
	242.10	0.00	13.58	1175.64
	242.11	0.00	13.63	1169.64
	242.12	0.00	13.70	1159.62
	242.13	0.00	13.76	1140.62
	242.14	0.00	13.99	1157.61
	242.15	0.00	14.02	1160.61
	242.16	0.00	14.05	1161.64
	242.18	0.00	14.14	1157.57
	242.19	0.00	14.15	1163.60
	242.20	0.00	14.14	1166.63
	242.21	0.00	14.14	1172.65
	242.22	0.00	14.14	1173.66
	242.24	0.00	14.15	1172.67
	242.25	0.00	14.17	1173.67
	242.26	0.00	14.19	1173.68
	242.27	0.00	14.33	1153.64
	242.28	0.00	14.39	1150.59
	242.29	0.00	14.49	1145.52
	242.31	0.00	14.59	1140.44
	242.32	0.00	14.63	1142.46
	242.33	0.00	14.63	1140.49
	242.34	0.00	14.57	1133.57
	242.35	0.00	14.69	1138.47
	242.36	0.00	14.72	1137.45
	242.38	0.00	14.72	1135.46
	242.39	0.00	14.71	1140.49
	242.40	0.00	14.72	1138.50
	242.41	0.00	14.74	1136.48
	242.42	0.00	14.82	1135.44
	242.43	0.00	14.84	1137.43
	242.45	0.00	14.82	1136.47
	242.46	0.00	14.83	1133.45
	242.47	0.00	14.82	1130.47
	242.48	0.00	14.80	1127.48
	242.49	0.00	14.78	1121.51
	242.50	0.00	14.72	1119.53
	242.52	0.00	14.66	1114.54
	242.53	0.00	14.64	1117.55
	242.54	0.00	14.66	1119.55
	242.55	0.00	14.68	1125.55
	242.56	0.00	14.69	1123.54
	242.57	0.00	14.71	1113.52
	242.59	0.00	14.86	1089.44
	242.60	0.00	14.83	1067.49
	242.61	0.00	14.89	1065.46
	242.62	0.00	15.13	1064.25
	242.63	0.00	15.22	1061.21
	242.64	0.00	15.33	1049.08
	242.66	0.00	15.37	1045.07
	242.67	0.00	15.39	1045.06
	242.68	0.00	15.40	1031.05
	242.69	0.00	15.40	1025.04
	242.70	0.00	15.40	1013.03
	242.71	0.00	15.40	995.01
	242.73	0.00	15.44	984.96
	242.74	0.00	15.46	947.92
	242.75	0.00	15.40	913.90
	242.76	0.00	15.40	880.86
	242.77	0.00	15.39	861.84
	242.78	0.00	15.34	838.84
	242.80	0.00	15.40	828.83
	242.81	0.00	15.40	824.83
	242.82	0.00	15.35	818.82
	242.83	0.00	15.09	788.82
	242.84	0.00	15.02	778.82
	242.85	0.00	14.85	779.84
	242.87	0.00	14.60	758.93
	242.88	0.00	14.40	729.97
	242.89	0.00	14.17	675.98
	242.90	0.00	14.21	693.98
	242.91	0.00	14.27	699.98
	242.92	0.00	14.27	704.98
	242.93	0.00	14.27	704.98
	242.95	0.00	14.29	705.97
	242.96	0.00	14.27	706.98
	242.97	0.00	14.28	709.99
	242.98	0.00	14.25	706.99
	242.99	0.00	14.25	705.99
	243.01	0.00	14.26	705.99
	243.02	0.00	14.25	702.99
	243.03	0.00	14.26	708.99
	243.04	0.00	14.27	710.99
	243.05	0.00	14.29	713.99
	243.06	0.00	14.28	709.99
	243.08	0.00	14.29	710.99
	243.09	0.00	14.29	714.99
	243.10	0.00	14.33	720.98
	243.11	0.00	14.33	727.00
	243.12	0.00	14.36	729.99
	243.13	0.00	14.42	742.99
	243.14	0.00	14.44	750.00
	243.16	0.00	14.44	750.00
	243.17	0.00	14.46	754.00
	243.18	0.00	14.48	759.00
	243.19	0.00	14.50	762.00
	243.20	0.00	14.51	765.00
	243.21	0.00	14.54	767.99
	243.23	0.00	14.53	769.00
	243.24	0.00	14.55	769.99
	243.25	0.00	14.55	769.99
	243.26	0.00	14.55	769.99
	243.27	0.00	14.56	773.99
	243.28	0.00	14.56	772.99
	243.30	0.00	14.53	766.99
	243.31	0.00	14.54	768.99
	243.32	0.00	14.56	768.99
	243.33	0.00	14.54	768.99
	243.34	0.00	14.54	768.99
	243.35	0.00	14.56	766.99
	243.36	0.00	14.27	768.15
	243.38	0.00	13.97	746.23
	243.39	0.00	13.67	732.25
	243.40	0.00	12.33	682.51
	243.41	0.00	11.40	726.71
	243.42	0.00	10.97	765.81
	243.43	0.00	10.56	832.93
	243.45	0.00	10.40	892.02
	243.46	0.00	10.45	925.03
	243.47	0.00	10.62	965.04
	243.48	0.00	10.76	998.99
	243.49	0.00	10.98	1005.81
	243.50	0.00	11.16	1013.74
	243.52	0.00	11.31	1015.75
	243.53	0.00	11.44	1025.74
	243.54	0.00	11.54	1029.73
	243.55	0.00	11.61	1026.73
	243.56	0.00	11.71	1021.72
	243.57	0.00	11.81	1023.73
	243.59	0.00	11.87	1026.72
	243.60	0.00	11.98	1032.72
	243.61	0.00	12.05	1048.72
	243.62	0.00	12.14	1063.71
	243.63	0.00	12.30	1098.71
	243.64	0.00	12.60	1163.71
	243.66	0.00	12.68	1185.72
	243.67	0.00	12.74	1199.72
	243.68	0.00	12.79	1213.73
	243.69	0.00	12.82	1218.73
	243.70	0.00	12.93	1235.69
	243.71	0.00	12.95	1238.73
	243.73	0.00	12.99	1245.73
	243.74	0.00	13.03	1242.73
	243.75	0.00	13.10	1246.73
	243.76	0.00	13.13	1239.73
	243.77	0.00	13.21	1242.73
	243.78	0.00	13.25	1244.73
	243.80	0.00	13.31	1237.72
	243.81	0.00	13.37	1242.73
	243.82	0.00	13.39	1235.72
	243.83	0.00	13.43	1236.72
	243.84	0.00	13.51	1253.68
	243.85	0.00	13.53	1260.73
	243.87	0.00	13.56	1262.72
	243.88	0.00	13.59	1268.72
	243.89	0.00	13.62	1274.72
	243.90	0.00	13.63	1274.72
	243.91	0.00	13.69	1289.71
	243.92	0.00	13.69	1295.73
	243.94	0.00	13.72	1301.71
	243.95	0.00	13.77	1311.71
	243.96	0.00	13.74	1302.71
	243.97	0.00	13.80	1317.71
	243.98	0.00	13.82	1318.70
	243.99	0.00	13.82	1319.71
	244.01	0.00	13.83	1322.70
	244.02	0.00	13.82	1323.70
	244.03	0.00	13.81	1323.70
	244.04	0.00	13.81	1325.70
	244.05	0.00	13.82	1322.70
	244.06	0.00	13.81	1330.71
	244.08	0.00	13.82	1338.70
	244.09	0.00	13.82	1328.70
	244.10	0.00	13.80	1322.70
	244.11	0.00	13.76	1306.70
	244.12	0.00	13.77	1304.69
	244.13	0.00	13.79	1301.68
	244.15	0.00	13.79	1301.70
	244.16	0.00	13.82	1301.71
	244.17	0.00	13.92	1322.70
	244.18	0.00	13.99	1314.70
	244.19	0.00	14.07	1306.64
	244.20	0.00	14.22	1294.54
	244.22	0.00	14.24	1282.57
	244.23	0.00	14.24	1262.58
	244.24	0.00	14.31	1258.59
	244.25	0.00	14.34	1261.60
	244.26	0.00	14.68	1305.58
	244.27	0.00	14.88	1315.53
	244.29	0.00	15.12	1304.46
	244.30	0.00	15.24	1295.39
	244.31	0.00	15.42	1273.29
	244.32	0.00	15.60	1267.13
	244.33	0.00	15.67	1266.10
	244.34	0.00	15.71	1248.08
	244.36	0.00	15.75	1225.06
	244.37	0.00	15.78	1216.05
	244.38	0.00	15.82	1198.02
	244.39	0.00	15.85	1190.01
	244.40	0.00	15.88	1174.96
	244.41	0.00	15.91	1153.93
	244.43	0.00	15.92	1127.89
	244.44	0.00	15.90	1092.86
	244.45	0.00	15.90	1072.85
	244.46	0.00	15.82	1004.85
	244.47	0.00	15.76	976.85
	244.48	0.00	15.72	939.84
	244.50	0.00	15.65	899.83
	244.51	0.00	15.56	870.83
	244.52	0.00	15.46	842.83
	244.53	0.00	15.41	838.83
	244.54	0.00	15.33	819.83
	244.55	0.00	15.04	788.83
	244.57	0.00	14.93	773.83
	244.58	0.00	14.77	763.85
	244.59	0.00	14.47	735.96
	244.60	0.00	14.27	705.98
	244.61	0.00	13.96	648.98
	244.62	0.00	14.11	673.98
	244.63	0.00	14.17	685.98
	244.65	0.00	14.19	688.98
	244.66	0.00	14.21	692.98
	244.67	0.00	14.23	697.98
	244.68	0.00	14.22	694.98
	244.69	0.00	14.22	700.99
	244.71	0.00	14.22	700.99
	244.72	0.00	14.23	702.99
	244.73	0.00	14.22	697.99
	244.74	0.00	14.22	697.99
	244.75	0.00	14.22	698.99
	244.76	0.00	14.18	690.99
	244.77	0.00	14.21	697.99
	244.79	0.00	14.21	697.99
	244.80	0.00	14.18	692.99
	244.81	0.00	14.22	699.99
	244.82	0.00	14.22	699.99
	244.83	0.00	14.24	704.99
	244.84	0.00	14.22	701.99
	244.86	0.00	14.27	708.99
	244.87	0.00	14.27	711.99
	244.88	0.00	14.28	710.99
	244.89	0.00	14.30	709.99
	244.90	0.00	14.29	714.99
	244.91	0.00	14.30	713.99
	244.93	0.00	14.31	716.99
	244.94	0.00	14.31	719.99
	244.95	0.00	14.35	723.99
	244.96	0.00	14.37	724.98
	244.97	0.00	14.37	728.98
	244.98	0.00	14.37	728.98
	245.00	0.00	14.39	729.98
	245.01	0.00	14.38	730.98
	245.02	0.00	14.38	731.98
	245.03	0.00	14.39	733.98
	245.04	0.00	14.41	736.98
	245.05	0.00	14.37	732.99
	245.06	0.00	14.40	734.98
	245.08	0.00	14.40	735.98
	245.09	0.00	14.40	737.99
	245.10	0.00	14.24	738.06
	245.11	0.00	13.98	721.15
	245.12	0.00	13.75	717.23
	245.13	0.00	13.41	680.23
	245.15	0.00	12.64	655.32
	245.16	0.00	12.12	684.51
	245.17	0.00	11.87	693.56
	245.18	0.00	11.57	725.66
	245.19	0.00	11.59	790.74
	245.20	0.00	11.83	852.75
	245.22	0.00	11.58	833.72
	245.23	0.00	11.62	840.56
	245.24	0.00	11.71	891.58
	245.25	0.00	11.85	925.59
	245.26	0.00	12.09	977.60
	245.27	0.00	12.27	1017.62
	245.28	0.00	12.48	1059.63
	245.30	0.00	12.57	1079.64
	245.31	0.00	12.69	1100.64
	245.32	0.00	12.75	1105.65
	245.33	0.00	12.85	1111.65
	245.34	0.00	12.92	1109.65
	245.36	0.00	12.97	1111.65
	245.37	0.00	13.04	1107.65
	245.38	0.00	13.09	1107.65
	245.39	0.00	13.15	1107.64
	245.40	0.00	13.20	1112.64
	245.41	0.00	13.24	1115.64
	245.43	0.00	13.29	1116.64
	245.44	0.00	13.33	1135.64
	245.45	0.00	13.39	1141.64
	245.46	0.00	13.46	1141.64
	245.47	0.00	13.52	1139.63
	245.48	0.00	13.59	1145.63
	245.50	0.00	13.67	1151.62
	245.51	0.00	13.72	1155.62
	245.52	0.00	13.78	1163.61
	245.53	0.00	13.87	1196.60
	245.54	0.00	13.91	1203.60
	245.55	0.00	13.98	1211.59
	245.57	0.00	14.00	1209.59
	245.58	0.00	14.03	1212.58
	245.59	0.00	14.06	1234.57
	245.60	0.00	14.09	1237.56
	245.61	0.00	14.11	1239.56
	245.62	0.00	14.28	1262.56
	245.64	0.00	14.29	1266.56
	245.65	0.00	14.31	1269.56
	245.66	0.00	14.32	1274.56
	245.67	0.00	14.14	1256.56
	245.68	0.00	14.28	1272.57
	245.69	0.00	14.27	1280.57
	245.71	0.00	14.26	1286.58
	245.72	0.00	14.23	1289.58
	245.73	0.00	14.22	1290.59
	245.74	0.00	14.23	1289.60
	245.75	0.00	14.22	1294.60
	245.76	0.00	14.22	1293.60
	245.78	0.00	14.24	1298.60
	245.79	0.00	14.26	1297.60
	245.80	0.00	14.28	1299.59
	245.81	0.00	14.29	1299.59
	245.82	0.00	14.29	1295.59
	245.83	0.00	14.31	1294.59
	245.85	0.00	14.32	1297.59
	245.86	0.00	14.35	1293.59
	245.87	0.00	14.35	1286.61
	245.88	0.00	14.41	1290.58
	245.89	0.00	14.47	1289.58
	245.90	0.00	14.52	1286.57
	245.91	0.00	14.60	1264.57
	245.93	0.00	14.73	1239.56
	245.94	0.00	14.79	1238.53
	245.95	0.00	14.85	1236.52
	245.96	0.00	14.90	1232.51
	245.97	0.00	14.95	1226.50
	245.99	0.00	15.00	1223.48
	246.00	0.00	15.03	1223.48
	246.01	0.00	15.04	1221.50
	246.02	0.00	15.09	1215.50
	246.03	0.00	15.17	1206.42
	246.04	0.00	15.18	1175.48
	246.05	0.00	15.45	1174.21
	246.07	0.00	15.55	1167.11
	246.08	0.00	15.58	1139.09
	246.09	0.00	15.62	1132.07
	246.10	0.00	15.63	1124.06
	246.11	0.00	15.65	1118.05
	246.13	0.00	15.66	1114.05
	246.14	0.00	15.65	1097.04
	246.15	0.00	15.66	1089.02
	246.16	0.00	15.68	1077.00
	246.17	0.00	15.70	1057.96
	246.18	0.00	15.67	1030.93
	246.20	0.00	15.63	1000.90
	246.21	0.00	15.51	931.89
	246.22	0.00	15.32	858.87
	246.23	0.00	15.19	821.85
	246.24	0.00	15.08	781.84
	246.25	0.00	15.08	774.84
	246.27	0.00	14.98	771.84
	246.28	0.00	14.62	746.86
	246.29	0.00	14.49	739.91
	246.30	0.00	14.25	723.01
	246.31	0.00	14.27	727.02
	246.32	0.00	14.28	732.03
	246.34	0.00	13.89	664.05
	246.35	0.00	14.36	745.03
	246.36	0.00	14.42	760.04
	246.37	0.00	14.42	759.04
	246.38	0.00	14.39	761.07
	246.39	0.00	14.37	760.08
	246.41	0.00	14.36	760.09
	246.42	0.00	14.33	757.10
	246.43	0.00	14.28	748.11
	246.44	0.00	14.26	746.12
	246.45	0.00	14.27	749.13
	246.46	0.00	14.24	748.14
	246.47	0.00	14.24	751.15
	246.49	0.00	14.22	750.16
	246.50	0.00	14.22	753.17
	246.51	0.00	14.20	755.18
	246.52	0.00	14.23	760.18
	246.53	0.00	14.24	760.17
	246.54	0.00	14.26	764.17
	246.55	0.00	14.32	776.17
	246.57	0.00	14.34	780.17
	246.58	0.00	14.33	779.17
	246.59	0.00	14.36	784.17
	246.60	0.00	14.33	782.18
	246.61	0.00	14.34	783.18
	246.63	0.00	14.31	776.18
	246.64	0.00	14.29	775.18
	246.65	0.00	14.32	775.17
	246.66	0.00	14.33	774.16
	246.67	0.00	14.32	773.16
	246.68	0.00	14.33	772.14
	246.69	0.00	14.43	777.08
	246.71	0.00	14.48	773.04
	246.72	0.00	14.51	778.03
	246.73	0.00	14.54	783.03
	246.74	0.00	14.54	784.03
	246.75	0.00	14.31	791.23
	246.76	0.00	14.19	791.30
	246.77	0.00	13.95	772.38
	246.79	0.00	13.66	721.35
	246.80	0.00	13.62	723.29
	246.81	0.00	12.64	667.40
	246.82	0.00	12.00	715.63
	246.83	0.00	11.56	736.78
	246.85	0.00	11.41	765.83
	246.86	0.00	11.39	783.88
	246.87	0.00	11.48	800.89
	246.88	0.00	11.64	833.87
	246.89	0.00	11.67	832.79
	246.90	0.00	11.91	882.77
	246.91	0.00	12.39	1005.80
	246.93	0.00	12.70	1083.82
	246.94	0.00	12.86	1127.81
	246.95	0.00	12.97	1159.81
	246.96	0.00	13.03	1199.81
	246.97	0.00	13.09	1215.81
	246.99	0.00	13.15	1227.81
	247.00	0.00	13.23	1236.81
	247.01	0.00	13.29	1251.81
	247.02	0.00	13.35	1246.79
	247.03	0.00	13.36	1254.78
	247.04	0.00	13.14	1180.75
	247.05	0.00	13.09	1162.73
	247.07	0.00	13.19	1176.69
	247.08	0.00	13.26	1180.66
	247.09	0.00	13.38	1204.61
	247.10	0.00	13.47	1219.54
	247.11	0.00	13.59	1227.48
	247.12	0.00	13.67	1238.42
	247.14	0.00	13.74	1241.36
	247.15	0.00	13.79	1243.31
	247.16	0.00	13.85	1249.26
	247.17	0.00	13.93	1266.22
	247.18	0.00	14.00	1283.19
	247.20	0.00	14.04	1292.19
	247.21	0.00	14.07	1303.18
	247.22	0.00	14.11	1316.17
	247.23	0.00	14.14	1322.17
	247.24	0.00	14.18	1340.17
	247.25	0.00	14.23	1344.16
	247.27	0.00	14.27	1345.16
	247.28	0.00	14.29	1341.16
	247.29	0.00	14.32	1339.17
	247.30	0.00	14.33	1335.17
	247.31	0.00	14.34	1337.17
	247.32	0.00	14.34	1336.19
	247.34	0.00	14.33	1328.19
	247.35	0.00	14.34	1334.20
	247.36	0.00	14.35	1338.20
	247.37	0.00	14.33	1337.21
	247.38	0.00	14.31	1339.22
	247.39	0.00	14.28	1335.25
	247.41	0.00	14.27	1337.26
	247.42	0.00	14.31	1358.28
	247.43	0.00	14.28	1354.32
	247.44	0.00	14.30	1357.34
	247.45	0.00	14.27	1354.36
	247.46	0.00	14.24	1350.39
	247.48	0.00	14.23	1356.41
	247.49	0.00	14.21	1350.42
	247.50	0.00	14.19	1347.44
	247.51	0.00	14.17	1339.46
	247.52	0.00	14.17	1339.47
	247.53	0.00	14.15	1326.48
	247.55	0.00	14.14	1319.50
	247.56	0.00	14.10	1297.51
	247.57	0.00	14.11	1290.52
	247.58	0.00	14.09	1288.55
	247.59	0.00	14.09	1311.54
	247.60	0.00	14.10	1319.55
	247.62	0.00	14.12	1319.56
	247.63	0.00	14.16	1312.56
	247.64	0.00	14.20	1312.55
	247.65	0.00	14.24	1311.55
	247.66	0.00	14.28	1305.55
	247.67	0.00	14.32	1300.55
	247.69	0.00	14.35	1289.53
	247.70	0.00	14.37	1281.53
	247.71	0.00	14.40	1288.54
	247.72	0.00	14.60	1296.58
	247.73	0.00	14.67	1284.59
	247.74	0.00	14.68	1273.63
	247.76	0.00	14.81	1254.60
	247.77	0.00	14.86	1240.55
	247.78	0.00	15.00	1204.46
	247.79	0.00	15.08	1164.43
	247.80	0.00	15.38	1160.15
	247.81	0.00	15.44	1144.09
	247.83	0.00	15.46	1113.07
	247.84	0.00	15.48	1101.06
	247.85	0.00	15.48	1093.05
	247.86	0.00	15.48	1083.04
	247.87	0.00	15.52	1076.02
	247.88	0.00	15.48	1051.00
	247.90	0.00	15.49	1045.99
	247.91	0.00	15.48	1032.97
	247.92	0.00	15.46	1015.95
	247.93	0.00	15.44	993.92
	247.94	0.00	15.42	978.91
	247.95	0.00	15.41	964.89
	247.97	0.00	15.19	935.89
	247.98	0.00	15.16	925.89
	247.99	0.00	15.14	895.88
	248.00	0.00	15.09	885.89
	248.01	0.00	15.08	882.89
	248.02	0.00	15.02	870.91
	248.04	0.00	14.90	851.95
	248.05	0.00	14.83	847.99
	248.06	0.00	14.74	831.01
	248.07	0.00	14.63	811.02
	248.08	0.00	14.56	788.03
	248.09	0.00	14.18	712.04
	248.10	0.00	14.19	712.03
	248.12	0.00	14.42	757.03
	248.13	0.00	14.50	772.02
	248.14	0.00	14.48	774.03
	248.15	0.00	14.49	776.03
	248.16	0.00	14.48	770.03
	248.17	0.00	14.48	773.03
	248.19	0.00	14.48	770.03
	248.20	0.00	14.50	777.03
	248.21	0.00	14.49	772.03
	248.22	0.00	14.49	776.03
	248.23	0.00	14.50	781.03
	248.24	0.00	14.47	771.03
	248.26	0.00	14.50	777.03
	248.27	0.00	14.50	777.03
	248.28	0.00	14.46	765.03
	248.29	0.00	14.49	771.03
	248.30	0.00	14.50	777.04
	248.31	0.00	14.54	785.02
	248.33	0.00	14.51	780.03
	248.34	0.00	14.52	783.03
	248.35	0.00	14.53	780.03
	248.36	0.00	14.53	782.03
	248.37	0.00	14.54	784.03
	248.38	0.00	14.53	786.03
	248.40	0.00	14.57	785.02
	248.41	0.00	14.56	790.02
	248.42	0.00	14.56	788.02
	248.43	0.00	14.57	788.02
	248.44	0.00	14.54	780.02
	248.45	0.00	14.56	788.02
	248.47	0.00	14.55	787.03
	248.48	0.00	14.56	792.02
	248.49	0.00	14.58	787.02
	248.50	0.00	14.57	792.02
	248.51	0.00	14.58	794.02
	248.52	0.00	14.58	795.02
	248.54	0.00	14.57	795.03
	248.55	0.00	14.13	796.37
	248.56	0.00	13.77	763.49
	248.57	0.00	13.65	745.49
	248.58	0.00	13.25	688.49
	248.59	0.00	12.88	671.53
	248.60	0.00	12.36	656.66
	248.62	0.00	12.44	710.73
	248.63	0.00	12.33	731.77
	248.64	0.00	12.29	751.80
	248.65	0.00	12.43	787.83
	248.66	0.00	12.51	813.85
	248.67	0.00	12.59	839.85
	248.69	0.00	12.68	855.78
	248.70	0.00	12.99	949.82
	248.71	0.00	13.05	1004.83
	248.72	0.00	13.14	1051.82
	248.73	0.00	13.14	1088.84
	248.74	0.00	13.14	1120.87
	248.76	0.00	13.08	1165.90
	248.77	0.00	13.08	1183.90
	248.78	0.00	13.06	1191.91
	248.79	0.00	13.05	1192.91
	248.80	0.00	13.05	1201.91
	248.81	0.00	13.07	1199.90
	248.83	0.00	13.08	1195.88
	248.84	0.00	13.09	1195.89
	248.85	0.00	13.08	1190.89
	248.86	0.00	13.10	1187.87
	248.87	0.00	13.09	1186.87
	248.88	0.00	13.11	1184.86
	248.90	0.00	13.11	1188.86
	248.91	0.00	13.12	1187.86
	248.92	0.00	13.12	1192.85
	248.93	0.00	13.13	1196.85
	248.94	0.00	13.14	1221.85
	248.95	0.00	13.14	1229.85
	248.97	0.00	13.15	1230.86
	248.98	0.00	13.19	1238.86
	248.99	0.00	13.18	1240.86
	249.00	0.00	13.19	1244.86
	249.01	0.00	13.21	1249.87
	249.02	0.00	13.22	1250.87
	249.04	0.00	13.30	1292.87
	249.05	0.00	13.35	1301.86
	249.06	0.00	13.41	1302.85
	249.07	0.00	13.48	1306.83
	249.08	0.00	13.50	1303.84
	249.10	0.00	13.55	1313.84
	249.11	0.00	13.59	1312.84
	249.12	0.00	13.64	1314.83
	249.13	0.00	13.65	1310.83
	249.14	0.00	13.69	1315.82
	249.15	0.00	13.71	1317.81
	249.16	0.00	13.72	1322.81
	249.18	0.00	13.73	1322.81
	249.19	0.00	13.74	1325.81
	249.20	0.00	13.73	1322.81
	249.21	0.00	13.73	1327.82
	249.22	0.00	13.73	1328.82
	249.24	0.00	13.73	1333.82
	249.25	0.00	13.73	1329.82
	249.26	0.00	13.72	1328.84
	249.27	0.00	13.66	1316.87
	249.28	0.00	13.69	1324.89
	249.29	0.00	13.68	1329.91
	249.30	0.00	13.71	1334.92
	249.32	0.00	13.73	1328.92
	249.33	0.00	13.80	1348.91
	249.34	0.00	13.82	1343.93
	249.35	0.00	13.89	1345.92
	249.36	0.00	13.99	1343.88
	249.37	0.00	14.06	1343.85
	249.39	0.00	14.12	1342.82
	249.40	0.00	14.19	1339.80
	249.41	0.00	14.25	1340.79
	249.42	0.00	14.28	1336.78
	249.43	0.00	14.33	1338.77
	249.45	0.00	14.51	1366.76
	249.46	0.00	14.58	1367.75
	249.47	0.00	14.70	1344.75
	249.48	0.00	14.85	1319.73
	249.49	0.00	14.90	1319.72
	249.50	0.00	14.95	1314.71
	249.52	0.00	14.99	1311.71
	249.53	0.00	15.05	1309.68
	249.54	0.00	15.06	1304.67
	249.55	0.00	15.09	1306.65
	249.56	0.00	15.19	1306.59
	249.57	0.00	15.24	1303.56
	249.59	0.00	15.26	1300.57
	249.60	0.00	15.33	1296.52
	249.61	0.00	15.57	1274.32
	249.62	0.00	15.76	1267.12
	249.63	0.00	15.78	1251.09
	249.64	0.00	15.81	1224.08
	249.66	0.00	15.82	1213.06
	249.67	0.00	15.85	1204.05
	249.68	0.00	15.88	1199.04
	249.69	0.00	15.88	1190.03
	249.70	0.00	15.89	1177.01
	249.71	0.00	15.93	1161.95
	249.72	0.00	15.95	1144.92
	249.74	0.00	15.93	1113.89
	249.75	0.00	15.91	1076.86
	249.76	0.00	15.86	1011.85
	249.77	0.00	15.80	981.85
	249.78	0.00	15.77	950.84
	249.80	0.00	15.70	933.84
	249.81	0.00	15.66	922.84
	249.82	0.00	15.38	890.84
	249.83	0.00	15.28	892.86
	249.84	0.00	15.08	880.97
	249.85	0.00	14.95	867.00
	249.86	0.00	14.80	838.04
	249.88	0.00	14.41	801.23
	249.89	0.00	14.46	770.09
	249.90	0.00	14.46	776.10
	249.91	0.00	14.51	782.09
	249.92	0.00	14.51	784.10
	249.93	0.00	14.49	784.10
	249.95	0.00	14.39	785.19
	249.96	0.00	14.37	785.20
	249.97	0.00	14.40	790.20
	249.98	0.00	14.39	786.19
	249.99	0.00	14.42	787.17
	250.00	0.00	14.45	788.15
	250.02	0.00	14.42	787.17
	250.03	0.00	14.41	786.17
	250.04	0.00	14.42	784.16
	250.05	0.00	14.44	784.14
	250.06	0.00	14.45	780.12
	250.07	0.00	14.48	782.10
	250.09	0.00	14.45	779.11
	250.10	0.00	14.44	782.13
	250.11	0.00	14.40	784.17
	250.12	0.00	14.39	786.18
	250.13	0.00	14.41	786.17
	250.14	0.00	14.40	787.18
	250.16	0.00	14.41	786.17
	250.17	0.00	14.40	782.16
	250.18	0.00	14.46	786.14
	250.19	0.00	14.49	788.11
	250.20	0.00	14.48	786.12
	250.21	0.00	14.47	782.10
	250.22	0.00	14.49	786.11
	250.24	0.00	14.50	789.11
	250.25	0.00	14.48	790.12
	250.26	0.00	14.50	791.13
	250.27	0.00	14.47	789.14
	250.28	0.00	14.47	790.14
	250.29	0.00	14.36	793.23
	250.31	0.00	14.21	787.29
	250.32	0.00	14.04	767.32
	250.33	0.00	13.81	736.35
	250.34	0.00	13.33	694.40
	250.35	0.00	12.88	693.56
	250.36	0.00	12.10	657.65
	250.38	0.00	11.70	677.77
	250.39	0.00	11.74	725.86
	250.40	0.00	11.96	777.88
	250.41	0.00	12.08	822.93
	250.42	0.00	12.29	887.98
	250.43	0.00	12.78	989.91
	250.44	0.00	13.28	1095.84
	250.46	0.00	13.55	1159.78
	250.47	0.00	13.66	1196.79
	250.48	0.00	13.72	1226.77
	250.49	0.00	13.74	1243.81
	250.50	0.00	13.77	1256.81
	250.52	0.00	13.82	1268.80
	250.53	0.00	13.88	1273.78
	250.54	0.00	13.92	1281.77
	250.55	0.00	13.96	1280.77
	250.56	0.00	14.00	1279.76
	250.57	0.00	14.05	1275.75
	250.59	0.00	14.09	1280.75
	250.60	0.00	14.11	1277.74
	250.61	0.00	14.15	1279.74
	250.62	0.00	14.19	1299.73
	250.63	0.00	14.20	1323.72
	250.64	0.00	14.25	1333.72
	250.66	0.00	14.29	1341.71
	250.67	0.00	14.32	1349.71
	250.68	0.00	14.33	1343.70
	250.69	0.00	14.37	1382.69
	250.70	0.00	14.42	1411.68
	250.71	0.00	14.45	1423.67
	250.73	0.00	14.46	1425.67
	250.74	0.00	14.48	1429.67
	250.75	0.00	14.48	1431.67
	250.76	0.00	14.49	1433.67
	250.77	0.00	14.49	1436.67
	250.78	0.00	14.50	1438.67
	250.80	0.00	14.49	1436.67
	250.81	0.00	14.49	1443.67
	250.82	0.00	14.50	1440.67
	250.83	0.00	14.49	1445.67
	250.84	0.00	14.49	1447.67
	250.85	0.00	14.48	1442.67
	250.87	0.00	14.49	1448.67
	250.88	0.00	14.47	1446.68
	250.89	0.00	14.47	1442.68
	250.90	0.00	14.45	1443.68
	250.91	0.00	14.42	1444.69
	250.92	0.00	14.41	1448.69
	250.94	0.00	14.36	1426.69
	250.95	0.00	14.33	1431.70
	250.96	0.00	14.34	1435.70
	250.97	0.00	14.33	1434.70
	250.98	0.00	14.35	1437.70
	250.99	0.00	14.38	1455.70
	251.01	0.00	14.40	1455.70
	251.02	0.00	14.41	1451.70
	251.03	0.00	14.44	1460.70
	251.04	0.00	14.43	1458.70
	251.05	0.00	14.46	1456.67
	251.06	0.00	14.45	1457.68
	251.08	0.00	14.42	1458.72
	251.09	0.00	14.42	1458.73
	251.10	0.00	14.40	1459.76
	251.11	0.00	14.43	1456.75
	251.12	0.00	14.42	1457.77
	251.13	0.00	14.40	1439.78
	251.15	0.00	14.41	1441.79
	251.16	0.00	14.41	1443.80
	251.17	0.00	14.43	1464.80
	251.18	0.00	14.45	1464.79
	251.19	0.00	14.47	1460.78
	251.20	0.00	14.50	1459.79
	251.22	0.00	14.53	1456.78
	251.23	0.00	14.58	1455.76
	251.24	0.00	14.62	1452.73
	251.25	0.00	14.68	1451.70
	251.26	0.00	14.74	1456.66
	251.27	0.00	14.82	1445.65
	251.29	0.00	14.96	1415.63
	251.30	0.00	15.04	1403.62
	251.31	0.00	15.27	1408.59
	251.32	0.00	15.39	1382.55
	251.33	0.00	15.52	1351.50
	251.34	0.00	15.87	1341.15
	251.36	0.00	15.93	1308.09
	251.37	0.00	15.95	1298.07
	251.38	0.00	15.99	1284.06
	251.39	0.00	16.01	1276.04
	251.40	0.00	16.03	1268.02
	251.41	0.00	16.07	1255.98
	251.43	0.00	16.13	1245.94
	251.44	0.00	16.15	1223.90
	251.45	0.00	16.14	1198.88
	251.46	0.00	16.11	1161.87
	251.47	0.00	16.03	1114.86
	251.48	0.00	15.85	1006.85
	251.50	0.00	15.67	944.85
	251.51	0.00	15.65	934.85
	251.52	0.00	15.38	904.85
	251.53	0.00	15.32	896.85
	251.54	0.00	15.19	885.91
	251.55	0.00	15.04	872.97
	251.57	0.00	14.93	854.01
	251.58	0.00	14.78	839.08
	251.59	0.00	14.28	761.21
	251.60	0.00	14.15	737.21
	251.61	0.00	14.28	748.14
	251.62	0.00	14.34	757.13
	251.63	0.00	14.36	762.14
	251.65	0.00	14.31	759.16
	251.66	0.00	14.32	759.15
	251.67	0.00	14.32	758.15
	251.68	0.00	14.30	756.16
	251.69	0.00	14.29	754.16
	251.71	0.00	14.34	760.15
	251.72	0.00	14.33	764.16
	251.73	0.00	14.30	762.18
	251.74	0.00	14.27	762.20
	251.75	0.00	14.26	763.21
	251.76	0.00	14.25	761.21
	251.77	0.00	14.26	764.22
	251.79	0.00	14.24	766.23
	251.80	0.00	14.28	763.20
	251.81	0.00	14.34	771.18
	251.82	0.00	14.34	771.18
	251.83	0.00	14.26	770.24
	251.84	0.00	14.27	775.25
	251.86	0.00	14.24	769.25
	251.87	0.00	14.24	772.26
	251.88	0.00	14.28	775.24
	251.89	0.00	14.28	779.24
	251.90	0.00	14.27	777.26
	251.91	0.00	14.31	781.24
	251.93	0.00	14.27	776.25
	251.94	0.00	14.19	769.29
	251.95	0.00	14.13	768.30
	251.96	0.00	13.97	751.32
	251.97	0.00	13.49	672.33
	251.98	0.00	13.11	631.36
	252.00	0.00	12.58	631.54
	252.01	0.00	12.05	674.75
	252.02	0.00	11.56	707.89
	252.03	0.00	11.37	732.92
	252.04	0.00	11.33	757.97
	252.05	0.00	11.44	799.97
	252.06	0.00	11.50	819.99
	252.08	0.00	12.26	949.97
	252.09	0.00	12.47	996.98
	252.10	0.00	12.56	1012.96
	252.11	0.00	12.66	1030.92
	252.12	0.00	12.62	1054.92
	252.13	0.00	12.65	1062.92
	252.15	0.00	12.66	1067.92
	252.16	0.00	12.69	1072.93
	252.17	0.00	12.80	1070.96
	252.18	0.00	12.82	1099.98
	252.19	0.00	12.86	1107.98
	252.20	0.00	12.92	1117.98
	252.22	0.00	12.97	1105.97
	252.23	0.00	13.02	1111.96
	252.24	0.00	13.08	1124.96
	252.25	0.00	13.13	1134.96
	252.26	0.00	13.25	1158.94
	252.27	0.00	13.31	1167.92
	252.29	0.00	13.35	1174.92
	252.30	0.00	13.39	1180.91
	252.31	0.00	13.44	1186.90
	252.32	0.00	13.47	1189.89
	252.33	0.00	13.55	1191.86
	252.34	0.00	13.59	1193.84
	252.36	0.00	13.66	1215.77
	252.37	0.00	13.70	1219.77
	252.38	0.00	13.75	1225.76
	252.39	0.00	13.78	1226.76
	252.40	0.00	13.86	1229.71
	252.41	0.00	13.85	1231.74
	252.43	0.00	13.91	1234.74
	252.44	0.00	13.95	1236.73
	252.45	0.00	14.00	1240.72
	252.46	0.00	14.03	1238.71
	252.47	0.00	14.10	1237.69
	252.48	0.00	14.16	1235.68
	252.50	0.00	14.20	1236.68
	252.51	0.00	14.25	1231.67
	252.52	0.00	14.30	1233.66
	252.53	0.00	14.34	1234.65
	252.54	0.00	14.41	1232.65
	252.55	0.00	14.46	1226.63
	252.57	0.00	14.54	1227.63
	252.58	0.00	14.60	1228.62
	252.59	0.00	14.63	1231.62
	252.60	0.00	14.69	1227.61
	252.61	0.00	14.73	1228.62
	252.62	0.00	14.80	1225.59
	252.64	0.00	14.84	1225.58
	252.65	0.00	14.90	1249.57
	252.66	0.00	14.94	1252.56
	252.67	0.00	14.96	1255.55
	252.68	0.00	15.15	1282.54
	252.70	0.00	15.19	1288.54
	252.71	0.00	15.23	1294.53
	252.72	0.00	15.25	1299.53
	252.73	0.00	15.28	1302.53
	252.74	0.00	15.31	1316.52
	252.75	0.00	15.32	1323.52
	252.77	0.00	15.35	1325.51
	252.78	0.00	15.36	1325.51
	252.79	0.00	15.39	1326.50
	252.80	0.00	15.42	1332.50
	252.81	0.00	15.43	1326.49
	252.82	0.00	15.46	1321.46
	252.84	0.00	15.45	1322.50
	252.85	0.00	15.49	1320.48
	252.86	0.00	15.59	1296.43
	252.87	0.00	15.58	1285.42
	252.88	0.00	15.67	1284.35
	252.89	0.00	15.70	1285.33
	252.91	0.00	15.82	1281.21
	252.92	0.00	15.86	1278.17
	252.93	0.00	15.90	1275.13
	252.94	0.00	15.92	1252.11
	252.95	0.00	15.92	1241.10
	252.96	0.00	15.97	1245.08
	252.98	0.00	15.98	1241.07
	252.99	0.00	15.98	1238.07
	253.00	0.00	15.99	1230.06
	253.01	0.00	15.99	1219.05
	253.02	0.00	15.99	1210.04
	253.04	0.00	15.97	1197.03
	253.05	0.00	15.99	1179.00
	253.06	0.00	15.95	1147.98
	253.07	0.00	15.78	1077.97
	253.08	0.00	15.61	1009.96
	253.09	0.00	15.58	966.93
	253.11	0.00	15.61	946.88
	253.12	0.00	15.61	925.87
	253.13	0.00	15.59	901.85
	253.14	0.00	15.54	880.84
	253.15	0.00	15.56	870.84
	253.16	0.00	15.47	860.84
	253.17	0.00	15.17	838.84
	253.19	0.00	14.99	831.91
	253.20	0.00	14.85	819.99
	253.21	0.00	14.69	797.02
	253.22	0.00	14.35	770.20
	253.23	0.00	14.11	703.14
	253.24	0.00	14.16	714.14
	253.26	0.00	14.24	731.15
	253.27	0.00	14.25	734.15
	253.28	0.00	14.24	738.18
	253.29	0.00	14.22	735.18
	253.30	0.00	14.22	734.18
	253.31	0.00	14.20	733.19
	253.33	0.00	14.17	736.21
	253.34	0.00	14.17	733.21
	253.35	0.00	14.15	734.22
	253.36	0.00	14.15	737.23
	253.37	0.00	14.12	737.25
	253.38	0.00	14.14	739.26
	253.39	0.00	14.11	741.29
	253.41	0.00	14.10	747.31
	253.42	0.00	14.07	741.31
	253.43	0.00	14.06	740.31
	253.44	0.00	14.05	738.31
	253.45	0.00	14.03	733.31
	253.46	0.00	14.04	736.31
	253.48	0.00	14.09	746.31
	253.49	0.00	14.10	750.31
	253.50	0.00	14.10	748.31
	253.51	0.00	14.10	750.31
	253.52	0.00	14.08	740.31
	253.53	0.00	14.07	744.32
	253.55	0.00	14.10	745.31
	253.56	0.00	14.11	747.31
	253.57	0.00	14.12	748.31
	253.58	0.00	14.15	752.30
	253.59	0.00	14.17	755.30
	253.60	0.00	14.18	753.28
	253.62	0.00	14.18	755.29
	253.63	0.00	14.17	754.28
	253.64	0.00	14.19	758.28
	253.65	0.00	14.22	758.27
	253.66	0.00	14.29	761.22
	253.67	0.00	14.21	761.25
	253.68	0.00	14.03	762.32
	253.70	0.00	13.67	713.34
	253.71	0.00	12.39	622.54
	253.72	0.00	11.46	612.65
	253.73	0.00	11.12	643.77
	253.74	0.00	10.83	693.93
	253.75	0.00	10.70	749.97
	253.77	0.00	10.53	787.05
	253.78	0.00	10.52	807.00
	253.79	0.00	10.67	847.00
	253.80	0.00	10.72	864.01
	253.81	0.00	10.80	909.00
	253.82	0.00	10.86	917.00
	253.84	0.00	10.89	924.99
	253.85	0.00	10.94	929.98
	253.86	0.00	11.02	953.93
	253.87	0.00	11.12	958.89
	253.88	0.00	11.19	958.84
	253.89	0.00	11.30	962.78
	253.91	0.00	11.34	964.77
	253.92	0.00	11.39	965.77
	253.93	0.00	11.42	965.76
	253.94	0.00	11.44	967.75
	253.95	0.00	11.49	981.73
	253.96	0.00	11.50	988.74
	253.98	0.00	11.52	996.75
	253.99	0.00	11.52	999.76
	254.00	0.00	11.55	1011.76
	254.01	0.00	11.54	1012.76
	254.02	0.00	11.56	1018.76
	254.03	0.00	11.65	1036.77
	254.05	0.00	11.68	1043.78
	254.06	0.00	11.88	1081.80
	254.07	0.00	11.98	1095.79
	254.08	0.00	12.09	1113.80
	254.09	0.00	12.20	1121.81
	254.10	0.00	12.27	1131.81
	254.11	0.00	12.32	1137.82
	254.13	0.00	12.41	1137.77
	254.14	0.00	12.45	1142.83
	254.15	0.00	12.54	1149.83
	254.16	0.00	12.62	1153.84
	254.17	0.00	12.71	1164.84
	254.19	0.00	12.78	1169.84
	254.20	0.00	12.83	1190.86
	254.21	0.00	12.87	1171.86
	254.22	0.00	12.96	1206.86
	254.23	0.00	13.00	1206.86
	254.24	0.00	13.05	1207.87
	254.26	0.00	13.08	1207.88
	254.27	0.00	13.19	1235.88
	254.28	0.00	13.30	1252.86
	254.29	0.00	13.38	1263.86
	254.30	0.00	13.44	1264.85
	254.31	0.00	13.47	1265.85
	254.32	0.00	13.53	1269.85
	254.34	0.00	13.57	1268.85
	254.35	0.00	13.63	1268.83
	254.36	0.00	13.70	1265.81
	254.37	0.00	13.79	1262.79
	254.38	0.00	13.83	1263.76
	254.40	0.00	13.90	1267.75
	254.41	0.00	13.92	1272.76
	254.42	0.00	13.95	1274.75
	254.43	0.00	13.99	1272.75
	254.44	0.00	14.03	1268.74
	254.45	0.00	14.06	1271.74
	254.47	0.00	14.06	1242.74
	254.48	0.00	14.08	1268.75
	254.49	0.00	14.16	1249.72
	254.50	0.00	14.18	1240.72
	254.51	0.00	14.22	1238.71
	254.52	0.00	14.26	1250.70
	254.54	0.00	14.31	1231.70
	254.55	0.00	14.34	1245.69
	254.56	0.00	14.43	1199.69
	254.57	0.00	14.43	1218.68
	254.58	0.00	14.50	1194.67
	254.59	0.00	14.53	1188.66
	254.61	0.00	14.53	1178.65
	254.62	0.00	14.57	1182.64
	254.63	0.00	14.59	1179.64
	254.64	0.00	14.59	1177.64
	254.65	0.00	14.60	1174.64
	254.66	0.00	14.58	1170.64
	254.67	0.00	14.57	1171.64
	254.69	0.00	14.53	1172.66
	254.70	0.00	14.53	1170.66
	254.71	0.00	14.50	1168.68
	254.72	0.00	14.55	1161.66
	254.73	0.00	14.53	1155.66
	254.75	0.00	14.55	1152.65
	254.76	0.00	14.62	1148.61
	254.77	0.00	14.68	1139.60
	254.78	0.00	14.77	1133.56
	254.79	0.00	14.90	1098.46
	254.80	0.00	14.93	1069.48
	254.82	0.00	15.28	1060.12
	254.83	0.00	15.33	1058.10
	254.84	0.00	15.32	1044.09
	254.85	0.00	15.30	1025.08
	254.86	0.00	15.27	1001.06
	254.87	0.00	15.22	981.06
	254.88	0.00	15.16	958.05
	254.90	0.00	15.09	935.05
	254.91	0.00	14.98	904.05
	254.92	0.00	14.88	880.06
	254.93	0.00	14.77	860.08
	254.94	0.00	14.58	838.17
	254.95	0.00	14.48	832.22
	254.97	0.00	14.80	904.22
	254.98	0.00	14.70	884.24
	254.99	0.00	14.69	883.24
	255.00	0.00	14.72	888.24
	255.01	0.00	14.72	893.25
	255.02	0.00	14.72	891.24
	255.04	0.00	14.71	892.25
	255.05	0.00	14.73	892.24
	255.06	0.00	14.73	892.25
	255.07	0.00	14.71	888.25
	255.08	0.00	14.69	890.26
	255.09	0.00	14.68	880.25
	255.11	0.00	14.66	878.25
	255.12	0.00	14.68	879.25
	255.13	0.00	14.62	854.25
	255.14	0.00	14.52	842.25
	255.15	0.00	14.38	812.25
	255.16	0.00	14.31	788.25
	255.18	0.00	14.24	768.24
	255.19	0.00	14.15	741.23
	255.20	0.00	14.16	742.23
	255.21	0.00	14.13	736.23
	255.22	0.00	14.14	738.23
	255.23	0.00	14.15	740.23
	255.25	0.00	14.13	738.23
	255.26	0.00	14.13	740.23
	255.27	0.00	14.12	738.24
	255.28	0.00	14.16	746.23
	255.29	0.00	14.19	743.22
	255.30	0.00	14.34	761.12
	255.31	0.00	14.60	821.11
	255.33	0.00	14.55	851.23
	255.34	0.00	14.60	880.26
	255.35	0.00	14.65	923.32
	255.36	0.00	14.73	977.37
	255.37	0.00	14.77	1011.41
	255.38	0.00	14.81	1039.43
	255.40	0.00	14.84	1051.43
	255.41	0.00	14.87	1062.43
	255.42	0.00	14.88	1072.42
	255.43	0.00	14.94	1083.42
	255.44	0.00	14.98	1097.42
	255.45	0.00	15.00	1111.42
	255.47	0.00	15.02	1116.42
	255.48	0.00	15.04	1120.41
	255.49	0.00	15.02	1126.41
	255.50	0.00	15.01	1128.42
	255.51	0.00	14.99	1131.43
	255.52	0.00	14.98	1132.44
	255.54	0.00	14.96	1136.45
	255.55	0.00	14.89	1140.48
	255.56	0.00	14.86	1147.48
	255.57	0.00	14.81	1153.50
	255.58	0.00	14.77	1177.51
	255.59	0.00	14.76	1183.51
	255.61	0.00	14.74	1192.51
	255.62	0.00	14.72	1200.52
	255.63	0.00	14.71	1202.52
	255.64	0.00	14.68	1210.52
	255.65	0.00	14.66	1215.53
	255.66	0.00	14.67	1219.52
	255.68	0.00	14.67	1222.53
	255.69	0.00	14.66	1227.53
	255.70	0.00	14.66	1231.53
	255.71	0.00	14.69	1235.52
	255.72	0.00	14.71	1233.52
	255.73	0.00	14.74	1232.52
	255.75	0.00	14.75	1232.52
	255.76	0.00	14.79	1233.51
	255.77	0.00	14.80	1234.51
	255.78	0.00	14.79	1233.51
	255.79	0.00	14.78	1233.51
	255.80	0.00	14.78	1238.51
	255.82	0.00	14.77	1239.51
	255.83	0.00	14.76	1239.51
	255.84	0.00	14.79	1246.51
	255.85	0.00	14.78	1244.51
	255.86	0.00	14.79	1247.51
	255.87	0.00	14.78	1252.51
	255.89	0.00	14.77	1249.51
	255.90	0.00	14.75	1253.52
	255.91	0.00	14.68	1268.52
	255.92	0.00	14.69	1276.52
	255.93	0.00	14.66	1277.53
	255.94	0.00	14.65	1277.53
	255.96	0.00	14.64	1282.53
	255.97	0.00	14.63	1279.53
	255.98	0.00	14.64	1287.53
	255.99	0.00	14.62	1290.54
	256.00	0.00	14.60	1292.54
	256.01	0.00	14.59	1291.55
	256.02	0.00	14.57	1291.56
	256.04	0.00	14.55	1288.56
	256.05	0.00	14.55	1288.56
	256.06	0.00	14.51	1283.57
	256.07	0.00	14.52	1282.57
	256.08	0.00	14.49	1282.58
	256.10	0.00	14.48	1281.59
	256.11	0.00	14.47	1283.59
	256.12	0.00	14.45	1281.59
	256.13	0.00	14.41	1307.59
	256.14	0.00	14.39	1310.60
	256.15	0.00	14.38	1311.60
	256.17	0.00	14.38	1312.60
	256.18	0.00	14.37	1314.61
	256.19	0.00	14.36	1317.62
	256.20	0.00	14.36	1316.61
	256.21	0.00	14.36	1314.61
	256.22	0.00	14.37	1316.61
	256.23	0.00	14.38	1316.61
	256.25	0.00	14.39	1316.61
	256.26	0.00	14.39	1318.60
	256.27	0.00	14.40	1318.60
	256.28	0.00	14.41	1318.60
	256.29	0.00	14.39	1317.61
	256.31	0.00	14.39	1321.60
	256.32	0.00	14.42	1300.61
	256.33	0.00	14.37	1316.60
	256.34	0.00	14.34	1316.62
	256.35	0.00	14.34	1314.61
	256.36	0.00	14.34	1319.61
	256.38	0.00	14.30	1308.61
	256.39	0.00	14.29	1311.61
	256.40	0.00	14.29	1310.61
	256.41	0.00	14.27	1314.61
	256.42	0.00	14.25	1314.63
	256.43	0.00	14.23	1312.63
	256.45	0.00	14.20	1316.63
	256.46	0.00	14.18	1317.63
	256.47	0.00	14.16	1312.64
	256.48	0.00	14.10	1317.65
	256.49	0.00	14.06	1314.66
	256.50	0.00	14.02	1317.67
	256.52	0.00	13.98	1316.68
	256.53	0.00	13.98	1311.68
	256.54	0.00	13.90	1312.68
	256.55	0.00	13.88	1316.68
	256.56	0.00	13.87	1312.69
	256.57	0.00	13.84	1314.69
	256.58	0.00	13.82	1313.69
	256.60	0.00	13.80	1291.69
	256.61	0.00	13.77	1290.71
	256.62	0.00	13.70	1294.72
	256.63	0.00	13.67	1292.73
	256.64	0.00	13.63	1290.74
	256.66	0.00	13.62	1290.74
	256.67	0.00	13.60	1289.74
	256.68	0.00	13.59	1296.74
	256.69	0.00	13.58	1291.74
	256.70	0.00	13.57	1291.74
	256.71	0.00	13.56	1290.74
	256.73	0.00	13.54	1286.74
	256.74	0.00	13.52	1285.75
	256.75	0.00	13.52	1285.74
	256.76	0.00	13.52	1285.74
	256.77	0.00	13.51	1284.75
	256.78	0.00	13.47	1275.75
	256.80	0.00	13.50	1281.75
	256.81	0.00	13.50	1282.75
	256.82	0.00	13.50	1281.75
	256.83	0.00	13.49	1284.75
	256.84	0.00	13.49	1279.75
	256.86	0.00	13.49	1276.75
	256.87	0.00	13.49	1278.76
	256.88	0.00	13.49	1275.76
	256.89	0.00	13.47	1272.77
	256.90	0.00	13.50	1278.76
	256.91	0.00	13.50	1278.76
	256.92	0.00	13.50	1277.77
	256.94	0.00	13.51	1280.76
	256.95	0.00	13.50	1274.77
	256.96	0.00	13.51	1274.78
	256.97	0.00	13.51	1272.77
	256.98	0.00	13.53	1273.77
	257.00	0.00	13.54	1271.77
	257.01	0.00	13.50	1256.77
	257.02	0.00	13.58	1261.77
	257.03	0.00	13.57	1259.77
	257.04	0.00	13.57	1253.78
	257.05	0.00	13.58	1244.79
	257.06	0.00	13.61	1247.79
	257.08	0.00	13.65	1228.79
	257.09	0.00	13.67	1229.80
	257.10	0.00	13.69	1236.80
	257.11	0.00	13.67	1240.84
	257.12	0.00	13.67	1242.87
	257.14	0.00	13.66	1240.89
	257.15	0.00	13.69	1251.89
	257.16	0.00	13.70	1254.91
	257.17	0.00	13.69	1254.92
	257.18	0.00	13.71	1254.90
	257.19	0.00	13.73	1237.94
	257.20	0.00	13.70	1258.94
	257.22	0.00	13.73	1237.94
	257.23	0.00	13.74	1242.95
	257.24	0.00	13.75	1245.95
	257.25	0.00	13.72	1247.99
	257.26	0.00	13.70	1249.00
	257.27	0.00	13.70	1247.00
	257.29	0.00	13.71	1251.00
	257.30	0.00	13.71	1253.00
	257.31	0.00	13.70	1253.00
	257.32	0.00	13.71	1253.00
	257.33	0.00	13.71	1254.00
	257.35	0.00	13.69	1252.01
	257.36	0.00	13.67	1274.99
	257.37	0.00	13.69	1265.96
	257.38	0.00	13.68	1269.96
	257.39	0.00	13.66	1266.95
	257.40	0.00	13.71	1260.85
	257.42	0.00	13.71	1283.85
	257.43	0.00	13.72	1291.84
	257.44	0.00	13.73	1292.84
	257.45	0.00	13.72	1300.83
	257.46	0.00	13.72	1303.83
	257.47	0.00	13.72	1302.83
	257.48	0.00	13.68	1303.84
	257.50	0.00	13.68	1306.84
	257.51	0.00	13.68	1306.83
	257.52	0.00	13.68	1310.83
	257.53	0.00	13.68	1309.82
	257.54	0.00	13.69	1308.82
	257.55	0.00	13.69	1307.82
	257.57	0.00	13.69	1308.82
	257.58	0.00	13.68	1305.82
	257.59	0.00	13.69	1330.82
	257.60	0.00	13.69	1324.82
	257.61	0.00	13.66	1317.83
	257.63	0.00	13.69	1324.83
	257.64	0.00	13.69	1324.84
	257.65	0.00	13.68	1324.84
	257.66	0.00	13.69	1330.84
	257.67	0.00	13.71	1331.84
	257.68	0.00	13.70	1329.85
	257.70	0.00	13.71	1331.85
	257.71	0.00	13.75	1341.85
	257.72	0.00	13.76	1345.86
	257.73	0.00	13.76	1350.86
	257.74	0.00	13.76	1347.86
	257.75	0.00	13.80	1334.86
	257.77	0.00	13.82	1340.86
	257.78	0.00	13.83	1342.86
	257.79	0.00	13.84	1324.86
	257.80	0.00	13.85	1326.86
	257.81	0.00	13.83	1344.86
	257.82	0.00	13.84	1349.86
	257.84	0.00	13.84	1351.86
	257.85	0.00	13.83	1373.87
	257.86	0.00	13.83	1370.86
	257.87	0.00	13.83	1372.87
	257.88	0.00	13.81	1370.88
	257.89	0.00	13.79	1370.91
	257.91	0.00	13.79	1372.92
	257.92	0.00	13.76	1370.93
	257.93	0.00	13.79	1377.92
	257.94	0.00	13.77	1378.92
	257.95	0.00	13.78	1381.92
	257.97	0.00	13.77	1381.92
	257.98	0.00	13.77	1379.92
	257.99	0.00	13.77	1377.92
	258.00	0.00	13.77	1375.91
	258.01	0.00	13.78	1373.90
	258.02	0.00	13.78	1371.91
	258.04	0.00	13.77	1372.92
	258.05	0.00	13.77	1371.92
	258.06	0.00	13.75	1376.94
	258.07	0.00	13.73	1374.95
	258.08	0.00	13.71	1380.97
	258.09	0.00	13.70	1384.97
	258.11	0.00	13.67	1379.98
	258.12	0.00	13.69	1387.98
	258.13	0.00	13.70	1388.98
	258.14	0.00	13.66	1376.98
	258.15	0.00	13.70	1385.99
	258.16	0.00	13.70	1383.00
	258.18	0.00	13.72	1379.98
	258.19	0.00	13.73	1377.98
	258.20	0.00	13.72	1373.98
	258.21	0.00	13.74	1351.98
	258.22	0.00	13.75	1348.97
	258.23	0.00	13.75	1344.97
	258.25	0.00	13.75	1341.97
	258.26	0.00	13.78	1338.96
	258.27	0.00	13.75	1338.96
	258.28	0.00	13.76	1334.96
	258.29	0.00	13.77	1315.96
	258.30	0.00	13.77	1311.96
	258.32	0.00	13.76	1304.97
	258.33	0.00	13.78	1304.96
	258.34	0.00	13.76	1301.97
	258.35	0.00	13.74	1301.99
	258.36	0.00	13.74	1299.00
	258.37	0.00	13.74	1300.00
	258.39	0.00	13.73	1301.00
	258.40	0.00	13.74	1302.00
	258.41	0.00	13.75	1301.99
	258.42	0.00	13.75	1299.99
	258.43	0.00	13.77	1297.98
	258.44	0.00	13.79	1293.96
	258.45	0.00	13.80	1291.96
	258.47	0.00	13.81	1290.96
	258.48	0.00	13.80	1286.96
	258.49	0.00	13.81	1280.95
	258.50	0.00	13.81	1274.95
	258.51	0.00	13.82	1270.94
	258.53	0.00	13.84	1268.92
	258.54	0.00	13.86	1264.89
	258.55	0.00	13.89	1263.85
	258.56	0.00	13.91	1261.85
	258.57	0.00	13.91	1261.85
	258.58	0.00	13.91	1258.85
	258.60	0.00	13.96	1235.85
	258.61	0.00	13.97	1238.85
	258.62	0.00	13.97	1238.85
	258.63	0.00	13.97	1236.84
	258.64	0.00	13.98	1235.84
	258.65	0.00	13.98	1233.84
	258.67	0.00	13.99	1235.83
	258.68	0.00	13.99	1232.83
	258.69	0.00	14.00	1231.83
	258.70	0.00	14.02	1228.83
	258.71	0.00	14.03	1223.83
	258.72	0.00	14.02	1221.83
	258.74	0.00	14.03	1218.82
	258.75	0.00	14.02	1218.82
	258.76	0.00	14.02	1218.82
	258.77	0.00	13.97	1236.82
	258.78	0.00	14.00	1214.82
	258.79	0.00	14.00	1212.82
	258.81	0.00	13.98	1235.82
	258.82	0.00	14.02	1216.82
	258.83	0.00	14.01	1235.79
	258.84	0.00	14.02	1234.80
	258.85	0.00	14.03	1234.80
	258.86	0.00	14.05	1234.79
	258.88	0.00	14.06	1234.79
	258.89	0.00	14.07	1236.78
	258.90	0.00	14.06	1236.79
	258.91	0.00	14.07	1238.79
	258.92	0.00	14.07	1240.78
	258.93	0.00	14.09	1239.77
	258.95	0.00	14.10	1240.76
	258.96	0.00	14.08	1236.76
	258.97	0.00	14.11	1239.75
	258.98	0.00	14.14	1240.73
	258.99	0.00	14.14	1234.72
	259.00	0.00	14.16	1238.71
	259.02	0.00	14.18	1238.70
	259.03	0.00	14.17	1239.71
	259.04	0.00	14.16	1234.71
	259.05	0.00	14.16	1240.73
	259.06	0.00	14.15	1242.73
	259.08	0.00	14.17	1246.73
	259.09	0.00	14.16	1243.73
	259.10	0.00	14.16	1241.73
	259.11	0.00	14.14	1262.73
	259.12	0.00	14.15	1263.73
	259.13	0.00	14.16	1263.73
	259.14	0.00	14.17	1262.72
	259.16	0.00	14.18	1259.70
	259.17	0.00	14.20	1264.70
	259.18	0.00	14.19	1261.70
	259.19	0.00	14.21	1262.69
	259.20	0.00	14.21	1261.69
	259.22	0.00	14.20	1280.69
	259.23	0.00	14.20	1281.69
	259.24	0.00	14.21	1281.69
	259.25	0.00	14.21	1284.70
	259.26	0.00	14.22	1263.69
	259.27	0.00	14.20	1282.70
	259.29	0.00	14.21	1283.70
	259.30	0.00	14.23	1262.70
	259.31	0.00	14.21	1284.69
	259.32	0.00	14.22	1264.70
	259.33	0.00	14.23	1263.69
	259.34	0.00	14.20	1258.70
	259.36	0.00	14.21	1285.69
	259.37	0.00	14.21	1285.70
	259.38	0.00	14.21	1285.70
	259.39	0.00	14.19	1283.70
	259.40	0.00	14.20	1285.70
	259.41	0.00	14.21	1285.70
	259.43	0.00	14.22	1286.69
	259.44	0.00	14.23	1285.68
	259.45	0.00	14.21	1285.69
	259.46	0.00	14.22	1279.68
	259.47	0.00	14.25	1286.68
	259.48	0.00	14.24	1285.68
	259.50	0.00	14.25	1281.68
	259.51	0.00	14.25	1281.68
	259.52	0.00	14.26	1284.68
	259.53	0.00	14.26	1284.69
	259.54	0.00	14.30	1290.68
	259.55	0.00	14.30	1292.68
	259.57	0.00	14.32	1293.67
	259.58	0.00	14.36	1274.67
	259.59	0.00	14.36	1269.67
	259.60	0.00	14.40	1272.67
	259.61	0.00	14.42	1273.67
	259.62	0.00	14.43	1274.66
	259.64	0.00	14.45	1274.66
	259.65	0.00	14.45	1278.66
	259.66	0.00	14.46	1282.66
	259.67	0.00	14.52	1258.66
	259.68	0.00	14.52	1262.65
	259.69	0.00	14.51	1264.66
	259.71	0.00	14.50	1267.66
	259.72	1.00	14.52	1266.66
	259.73	1.00	14.51	1266.66
	259.74	1.00	14.52	1266.66
	259.75	1.00	14.51	1265.66
	259.77	1.00	14.52	1266.66
	259.78	1.00	14.53	1266.66
	259.79	1.00	14.52	1266.66
	259.80	1.00	14.55	1247.66
	259.81	1.00	14.53	1266.65
	259.82	1.00	14.53	1264.65
	259.83	1.00	14.56	1245.65
	259.85	1.00	14.53	1263.66
	259.86	1.00	14.54	1261.65
	259.87	1.00	14.58	1245.65
	259.88	1.00	14.57	1262.65
	259.89	1.00	14.59	1262.64
	259.91	1.00	14.61	1267.64
	259.92	1.00	14.63	1244.64
	259.93	1.00	14.64	1243.64
	259.94	1.00	14.66	1243.63
	259.95	1.00	14.65	1240.63
	259.96	1.00	14.66	1242.63
	259.98	1.00	14.67	1241.63
	259.99	1.00	14.67	1243.63
	260.00	0.00	14.68	1244.63
	260.01	0.00	14.68	1245.63
	260.02	0.00	14.68	1244.63
	260.03	0.00	14.68	1243.63
	260.05	0.00	14.67	1248.63
	260.06	0.00	14.66	1250.63
	260.07	0.00	14.67	1247.63
	260.08	0.00	14.65	1268.63
	260.09	0.00	14.68	1252.63
	260.10	0.00	14.66	1253.63
	260.11	0.00	14.63	1270.63
	260.13	0.00	14.64	1273.62
	260.14	0.00	14.62	1270.63
	260.15	0.00	14.61	1274.63
	260.16	0.00	14.60	1273.63
	260.17	0.00	14.60	1273.63
	260.19	0.00	14.61	1281.63
	260.20	0.00	14.60	1273.63
	260.21	0.00	14.59	1276.64
	260.22	0.00	14.60	1273.63
	260.23	0.00	14.58	1272.64
	260.24	0.00	14.57	1270.64
	260.26	0.00	14.58	1275.64
	260.27	0.00	14.57	1274.64
	260.28	0.00	14.57	1274.64
	260.29	0.00	14.57	1273.64
	260.30	0.00	14.57	1272.64
	260.31	0.00	14.54	1273.66
	260.33	0.00	14.56	1273.64
	260.34	0.00	14.55	1269.64
	260.35	0.00	14.55	1271.64
	260.36	0.00	14.54	1271.64
	260.37	0.00	14.55	1273.64
	260.38	0.00	14.54	1272.65
	260.39	0.00	14.53	1273.65
	260.41	0.00	14.53	1273.65
	260.42	0.00	14.51	1269.65
	260.43	0.00	14.53	1271.64
	260.44	0.00	14.53	1275.65
	260.45	0.00	14.50	1267.65
	260.47	0.00	14.53	1270.63
	260.48	0.00	14.51	1270.65
	260.49	0.00	14.50	1271.65
	260.50	0.00	14.50	1269.65
	260.51	0.00	14.50	1269.65
	260.52	0.00	14.50	1268.65
	260.54	0.00	14.50	1271.65
	260.55	0.00	14.49	1270.65
	260.56	0.00	14.50	1269.65
	260.57	0.00	14.50	1267.65
	260.58	0.00	14.49	1270.65
	260.59	0.00	14.48	1268.65
	260.60	0.00	14.48	1269.65
	260.62	0.00	14.49	1270.65
	260.63	0.00	14.48	1268.65
	260.64	0.00	14.48	1269.65
	260.65	0.00	14.46	1267.66
	260.66	0.00	14.48	1269.65
	260.67	0.00	14.47	1266.65
	260.69	0.00	14.47	1268.65
	260.70	0.00	14.47	1269.65
	260.71	0.00	14.46	1270.66
	260.72	0.00	14.45	1268.66
	260.73	0.00	14.46	1269.65
	260.75	0.00	14.43	1268.67
	260.76	0.00	14.45	1268.66
	260.77	0.00	14.44	1269.66
	260.78	0.00	14.44	1269.66
	260.79	0.00	14.44	1269.67
	260.80	0.00	14.43	1267.67
	260.82	0.00	14.42	1267.67
	260.83	0.00	14.44	1268.66
	260.84	0.00	14.41	1268.67
	260.85	0.00	14.41	1263.66
	260.86	0.00	14.42	1270.67
	260.87	0.00	14.36	1288.67
	260.89	0.00	14.42	1268.67
	260.90	0.00	14.36	1289.67
	260.91	0.00	14.41	1268.67
	260.92	0.00	14.36	1288.68
	260.93	0.00	14.38	1289.66
	260.94	0.00	14.37	1287.66
	260.96	0.00	14.36	1290.67
	260.97	0.00	14.41	1270.66
	260.98	0.00	14.42	1270.66
	260.99	0.00	14.41	1268.66
	261.00	0.00	14.42	1270.66
	261.01	0.00	14.41	1270.66
	261.02	0.00	14.41	1269.67
	261.04	0.00	14.41	1270.66
	261.05	0.00	14.40	1269.66
	261.06	0.00	14.41	1272.66
	261.07	0.00	14.36	1291.66
	261.08	0.00	14.35	1291.67
	261.10	0.00	14.34	1291.67
	261.11	0.00	14.34	1291.67
	261.12	0.00	14.33	1289.68
	261.13	0.00	14.34	1292.68
	261.14	0.00	14.33	1292.68
	261.15	0.00	14.32	1290.68
	261.17	0.00	14.32	1293.68
	261.18	0.00	14.32	1293.68
	261.19	0.00	14.33	1294.67
	261.20	0.00	14.31	1293.68
	261.21	0.00	14.31	1294.68
	261.22	0.00	14.31	1294.69
	261.24	0.00	14.30	1295.69
	261.25	0.00	14.30	1297.70
	261.26	0.00	14.28	1295.70
	261.27	0.00	14.28	1296.70
	261.28	0.00	14.28	1294.70
	261.30	0.00	14.28	1300.70
	261.31	0.00	14.27	1295.70
	261.32	0.00	14.26	1297.71
	261.33	0.00	14.25	1296.71
	261.34	0.00	14.26	1297.71
	261.35	0.00	14.24	1295.71
	261.36	0.00	14.22	1314.71
	261.38	0.00	14.23	1292.72
	261.39	0.00	14.22	1317.72
	261.40	0.00	14.22	1317.72
	261.41	0.00	14.21	1316.72
	261.42	0.00	14.23	1296.72
	261.44	0.00	14.21	1295.73
	261.45	0.00	14.22	1296.72
	261.46	0.00	14.21	1297.72
	261.47	0.00	14.21	1296.72
	261.48	0.00	14.22	1299.72
	261.49	0.00	14.20	1297.72
	261.51	0.00	14.20	1297.72
	261.52	0.00	14.19	1297.73
	261.53	0.00	14.18	1315.72
	261.54	0.00	14.19	1317.72
	261.55	0.00	14.19	1316.72
	261.56	0.00	14.19	1318.72
	261.58	0.00	14.19	1315.72
	261.59	0.00	14.19	1316.72
	261.60	0.00	14.19	1316.72
	261.61	0.00	14.22	1316.72
	261.62	0.00	14.20	1318.72
	261.63	0.00	14.20	1316.72
	261.64	0.00	14.20	1291.72
	261.66	0.00	14.20	1317.72
	261.67	0.00	14.20	1316.72
	261.68	0.00	14.21	1321.72
	261.69	0.00	14.20	1322.72
	261.70	0.00	14.21	1320.71
	261.72	0.00	14.22	1319.71
	261.73	0.00	14.21	1318.71
	261.74	0.00	14.22	1319.71
	261.75	0.00	14.23	1321.71
	261.76	0.00	14.22	1318.71
	261.77	0.00	14.22	1319.71
	261.79	0.00	14.21	1320.71
	261.80	0.00	14.22	1318.71
	261.81	0.00	14.23	1321.71
	261.82	0.00	14.21	1320.72
	261.83	0.00	14.21	1321.72
	261.84	0.00	14.22	1321.71
	261.86	0.00	14.22	1319.71
	261.87	0.00	14.22	1319.71
	261.88	0.00	14.23	1321.71
	261.89	0.00	14.22	1319.71
	261.90	0.00	14.23	1319.70
	261.91	0.00	14.21	1319.72
	261.93	0.00	14.21	1317.71
	261.94	0.00	14.22	1320.71
	261.95	0.00	14.22	1319.71
	261.96	0.00	14.22	1321.71
	261.97	0.00	14.22	1320.71
	261.98	0.00	14.21	1319.72
	262.00	0.00	14.22	1319.71
	262.01	0.00	14.22	1323.71
	262.02	0.00	14.24	1302.71
	262.03	0.00	14.22	1320.71
	262.04	0.00	14.23	1320.71
	262.05	0.00	14.23	1321.71
	262.07	0.00	14.23	1320.70
	262.08	0.00	14.22	1320.71
	262.09	0.00	14.23	1325.71
	262.10	0.00	14.22	1322.71
	262.11	0.00	14.21	1320.71
	262.13	0.00	14.21	1322.72
	262.14	0.00	14.21	1322.72
	262.15	0.00	14.21	1321.72
	262.16	0.00	14.21	1319.72
	262.17	0.00	14.21	1325.72
	262.18	0.00	14.20	1321.72
	262.20	0.00	14.21	1321.72
	262.21	0.00	14.21	1322.72
	262.22	0.00	14.21	1320.72
	262.23	0.00	14.22	1300.72
	262.24	0.00	14.21	1323.72
	262.25	0.00	14.20	1319.72
	262.27	0.00	14.20	1321.72
	262.28	0.00	14.21	1325.72
	262.29	0.00	14.20	1321.72
	262.30	0.00	14.20	1322.72
	262.31	0.00	14.20	1322.73
	262.32	0.00	14.20	1321.72
	262.33	0.00	14.21	1323.72
	262.35	0.00	14.21	1323.72
	262.36	0.00	14.20	1321.72
	262.37	0.00	14.20	1322.72
	262.38	0.00	14.20	1322.73
	262.39	0.00	14.20	1322.72
	262.41	0.00	14.21	1322.72
	262.42	0.00	14.20	1320.72
	262.43	0.00	14.21	1321.72
	262.44	0.00	14.21	1321.72
	262.45	0.00	14.22	1300.72
	262.46	0.00	14.21	1321.72
	262.48	0.00	14.22	1302.72
	262.49	0.00	14.21	1296.72
	262.50	0.00	14.21	1321.72
	262.51	0.00	14.22	1301.72
	262.52	0.00	14.23	1303.72
	262.54	0.00	14.23	1301.72
	262.55	0.00	14.22	1323.72
	262.56	0.00	14.23	1302.72
	262.57	0.00	14.23	1323.72
	262.58	0.00	14.21	1322.72
	262.59	0.00	14.22	1323.72
	262.60	0.00	14.22	1323.72
	262.62	0.00	14.22	1301.72
	262.63	0.00	14.22	1321.71
	262.64	0.00	14.22	1323.72
	262.65	0.00	14.21	1323.72
	262.66	0.00	14.21	1321.72
	262.67	0.00	14.20	1318.72
	262.69	0.00	14.21	1320.72
	262.70	0.00	14.21	1320.72
	262.71	0.00	14.21	1321.72
	262.72	0.00	14.21	1321.72
	262.73	0.00	14.20	1319.72
	262.75	0.00	14.21	1322.72
	262.76	0.00	14.22	1323.72
	262.77	0.00	14.22	1320.72
	262.78	0.00	14.22	1321.72
	262.79	0.00	14.22	1320.72
	262.80	0.00	14.22	1323.72
	262.82	0.00	14.21	1322.72
	262.83	0.00	14.21	1321.72
	262.84	0.00	14.21	1322.72
	262.85	0.00	14.21	1322.72
	262.86	0.00	14.21	1320.72
	262.87	0.00	14.21	1321.72
	262.89	0.00	14.23	1321.72
	262.90	0.00	14.21	1321.72
	262.91	0.00	14.21	1322.72
	262.92	0.00	14.21	1322.72
	262.93	0.00	14.21	1321.72
	262.94	0.00	14.21	1322.73
	262.96	0.00	14.21	1319.72
	262.97	0.00	14.23	1302.72
	262.98	0.00	14.21	1321.72
	262.99	0.00	14.21	1323.72
	263.00	0.00	14.22	1323.72
	263.01	0.00	14.25	1322.67
	263.02	0.00	14.22	1321.71
	263.04	0.00	14.21	1322.72
	263.05	0.00	14.22	1300.72
	263.06	0.00	14.21	1322.72
	263.07	0.00	14.21	1320.72
	263.08	0.00	14.21	1322.72
	263.10	0.00	14.21	1321.72
	263.11	0.00	14.21	1323.72
	263.12	0.00	14.21	1322.72
	263.13	0.00	14.22	1322.72
	263.14	0.00	14.23	1321.71
	263.15	0.00	14.23	1322.71
	263.17	0.00	14.23	1319.71
	263.18	0.00	14.24	1321.71
	263.19	0.00	14.24	1320.70
	263.20	0.00	14.21	1312.71
	263.21	0.00	14.25	1298.71
	263.23	0.00	14.24	1318.71
	263.24	0.00	14.24	1317.70
	263.25	0.00	14.25	1318.70
	263.26	0.00	14.26	1298.70
	263.27	0.00	14.27	1301.70
	263.28	0.00	14.27	1300.70
	263.29	0.00	14.25	1318.70
	263.31	0.00	14.24	1318.70
	263.32	0.00	14.27	1302.70
	263.33	0.00	14.26	1300.70
	263.34	0.00	14.26	1297.70
	263.35	0.00	14.25	1298.70
	263.36	0.00	14.27	1301.70
	263.38	0.00	14.26	1299.70
	263.39	0.00	14.23	1320.71
	263.40	0.00	14.24	1320.71
	263.41	0.00	14.24	1319.71
	263.42	0.00	14.24	1299.72
	263.44	0.00	14.25	1300.71
	263.45	0.00	14.25	1302.71
	263.46	0.00	14.23	1321.71
	263.47	0.00	14.24	1301.72
	263.48	0.00	14.24	1303.72
	263.49	0.00	14.24	1301.72
	263.51	0.00	14.23	1302.72
	263.52	0.00	14.22	1304.72
	263.53	0.00	14.23	1301.72
	263.54	0.00	14.22	1322.72
	263.55	0.00	14.22	1298.72
	263.56	0.00	14.23	1302.72
	263.58	0.00	14.21	1321.72
	263.59	0.00	14.21	1319.73
	263.60	0.00	14.21	1322.72
	263.61	0.00	14.21	1319.72
	263.62	0.00	14.20	1321.72
	263.63	0.00	14.20	1323.72
	263.65	0.00	14.21	1322.72
	263.66	0.00	14.19	1322.74
	263.67	0.00	14.20	1322.72
	263.68	0.00	14.20	1321.72
	263.69	0.00	14.19	1322.72
	263.70	0.00	14.20	1323.72
	263.72	0.00	14.19	1322.72
	263.73	0.00	14.20	1324.72
	263.74	0.00	14.20	1322.73
	263.75	0.00	14.19	1320.72
	263.76	0.00	14.19	1321.72
	263.77	0.00	14.21	1322.72
	263.79	0.00	14.21	1321.72
	263.80	0.00	14.21	1323.72
	263.81	0.00	14.20	1322.72
	263.82	0.00	14.20	1323.72
	263.83	0.00	14.18	1316.73
	263.84	0.00	14.21	1324.72
	263.86	0.00	14.19	1323.72
	263.87	0.00	14.20	1322.72
	263.88	0.00	14.17	1315.72
	263.89	0.00	14.21	1321.72
	263.90	0.00	14.19	1324.73
	263.91	0.00	14.20	1326.72
	263.93	0.00	14.18	1324.72
	263.94	0.00	14.19	1325.72
	263.95	0.00	14.19	1324.72
	263.96	0.00	14.19	1327.73
	263.97	0.00	14.17	1325.74
	263.98	0.00	14.17	1325.74
	264.00	0.00	14.20	1323.73
	264.01	0.00	14.17	1326.73
	264.02	0.00	14.17	1327.73
	264.03	0.00	14.17	1329.73
	264.04	0.00	14.16	1328.73
	264.05	0.00	14.16	1327.73
	264.07	0.00	14.15	1328.74
	264.08	0.00	14.14	1326.74
	264.09	0.00	14.15	1328.74
	264.10	0.00	14.15	1328.74
	264.11	0.00	14.16	1325.74
	264.13	0.00	14.14	1325.74
	264.14	0.00	14.14	1326.75
	264.15	0.00	14.14	1325.74
	264.16	0.00	14.15	1329.74
	264.17	0.00	14.15	1328.74
	264.18	0.00	14.14	1325.74
	264.20	0.00	14.14	1328.74
	264.21	0.00	14.14	1326.74
	264.22	0.00	14.17	1326.71
	264.23	0.00	14.14	1325.74
	264.24	0.00	14.15	1330.74
	264.25	0.00	14.15	1327.74
	264.27	0.00	14.14	1326.74
	264.28	0.00	14.15	1328.74
	264.29	0.00	14.14	1326.74
	264.30	0.00	14.14	1326.75
	264.31	0.00	14.15	1326.74
	264.32	0.00	14.16	1327.74
	264.34	0.00	14.16	1324.74
	264.35	0.00	14.16	1326.74
	264.36	0.00	14.16	1326.74
	264.37	0.00	14.16	1325.74
	264.38	0.00	14.16	1324.74
	264.39	0.00	14.16	1328.74
	264.41	0.00	14.14	1327.74
	264.42	0.00	14.16	1326.74
	264.43	0.00	14.15	1325.74
	264.44	0.00	14.16	1324.74
	264.45	0.00	14.18	1324.73
	264.46	0.00	14.17	1325.74
	264.48	0.00	14.17	1322.74
	264.49	0.00	14.17	1326.73
	264.50	0.00	14.17	1324.74
	264.51	0.00	14.18	1327.73
	264.52	0.00	14.17	1324.74
	264.54	0.00	14.16	1324.75
	264.55	0.00	14.17	1318.73
	264.56	0.00	14.20	1324.73
	264.57	0.00	14.18	1324.73
	264.58	0.00	14.18	1324.73
	264.59	0.00	14.19	1323.73
	264.60	0.00	14.19	1323.73
	264.62	0.00	14.18	1323.74
	264.63	0.00	14.17	1316.73
	264.64	0.00	14.18	1321.73
	264.65	0.00	14.19	1323.73
	264.66	0.00	14.18	1324.73
	264.67	0.00	14.18	1325.73
	264.69	0.00	14.18	1323.73
	264.70	0.00	14.18	1324.73
	264.71	0.00	14.16	1317.73
	264.72	0.00	14.18	1327.73
	264.73	0.00	14.18	1324.73
	264.74	0.00	14.18	1325.73
	264.76	0.00	14.19	1329.73
	264.77	0.00	14.18	1323.73
	264.78	0.00	14.17	1324.74
	264.79	0.00	14.21	1322.73
	264.80	0.00	14.18	1324.73
	264.82	0.00	14.18	1323.73
	264.83	0.00	14.18	1325.73
	264.84	0.00	14.16	1316.73
	264.85	0.00	14.19	1324.72
	264.86	0.00	14.17	1324.74
	264.87	0.00	14.19	1324.73
	264.89	0.00	14.18	1323.73
	264.90	0.00	14.18	1322.73
	264.91	0.00	14.18	1324.73
	264.92	0.00	14.19	1323.73
	264.93	0.00	14.18	1323.73
	264.94	0.00	14.21	1323.70
	264.95	0.00	14.18	1317.72
	264.97	0.00	14.20	1323.72
	264.98	0.00	14.20	1323.72
	264.99	0.00	14.21	1322.71
	265.00	0.00	14.22	1325.71
	265.01	0.00	14.23	1324.71
	265.02	0.00	14.23	1322.71
	265.04	0.00	14.24	1326.71
	265.05	0.00	14.24	1320.70
	265.06	0.00	14.24	1322.70
	265.07	0.00	14.22	1312.70
	265.08	0.00	14.25	1324.70
	265.10	0.00	14.25	1322.69
	265.11	0.00	14.25	1322.70
	265.12	0.00	14.25	1325.70
	265.13	0.00	14.24	1323.70
	265.14	0.00	14.24	1323.70
	265.15	0.00	14.22	1318.70
	265.17	0.00	14.24	1323.70
	265.18	0.00	14.23	1322.71
	265.19	0.00	14.22	1322.71
	265.20	0.00	14.22	1324.71
	265.21	0.00	14.22	1322.71
	265.23	0.00	14.21	1323.72
	265.24	0.00	14.23	1328.72
	265.25	0.00	14.19	1318.73
	265.26	0.00	14.19	1322.73
	265.27	0.00	14.19	1323.73
	265.28	0.00	14.19	1321.74
	265.29	0.00	14.19	1324.73
	265.31	0.00	14.18	1323.74
	265.32	0.00	14.16	1318.74
	265.33	0.00	14.16	1324.75
	265.34	0.00	14.15	1323.76
	265.35	0.00	14.15	1324.75
	265.36	0.00	14.14	1328.76
	265.38	0.00	14.13	1324.76
	265.39	0.00	14.12	1323.76
	265.40	0.00	14.08	1311.77
	265.41	0.00	14.12	1304.77
	265.42	0.00	14.10	1305.78
	265.44	0.00	14.08	1299.79
	265.45	0.00	14.08	1300.79
	265.46	0.00	14.09	1304.79
	265.47	0.00	14.09	1306.79
	265.48	0.00	14.08	1306.80
	265.49	0.00	14.07	1303.80
	265.51	0.00	14.08	1303.79
	265.52	0.00	14.07	1306.80
	265.53	0.00	14.07	1307.80
	265.54	0.00	14.06	1304.80
	265.55	0.00	14.06	1304.80
	265.56	0.00	14.07	1305.80
	265.58	0.00	14.06	1303.80
	265.59	0.00	14.07	1304.79
	265.60	0.00	14.07	1303.79
	265.61	0.00	14.06	1305.79
	265.62	0.00	14.06	1304.79
	265.63	0.00	14.06	1305.79
	265.64	0.00	14.06	1304.79
	265.66	0.00	14.06	1304.79
	265.67	0.00	14.06	1304.78
	265.68	0.00	14.05	1303.79
	265.69	0.00	14.04	1305.80
	265.70	0.00	14.05	1303.80
	265.72	0.00	14.05	1323.80
	265.73	0.00	14.06	1305.80
	265.74	0.00	14.06	1303.80
	265.75	0.00	14.06	1302.80
	265.76	0.00	14.07	1305.80
	265.77	0.00	14.06	1322.80
	265.79	0.00	14.07	1322.80
	265.80	0.00	14.06	1319.80
	265.81	0.00	14.09	1325.79
	265.82	0.00	14.09	1321.79
	265.83	0.00	14.10	1320.79
	265.84	0.00	14.12	1322.78
	265.86	0.00	14.12	1321.78
	265.87	0.00	14.12	1319.78
	265.88	0.00	14.14	1323.77
	265.89	0.00	14.14	1319.77
	265.90	0.00	14.14	1319.77
	265.91	0.00	14.14	1321.77
	265.92	0.00	14.14	1320.77
	265.94	0.00	14.14	1320.77
	265.95	0.00	14.14	1320.77
	265.96	0.00	14.15	1323.77
	265.97	0.00	14.14	1322.77
	265.98	0.00	14.15	1321.77
	266.00	0.00	14.15	1324.77
	266.01	0.00	14.14	1321.77
	266.02	0.00	14.15	1323.77
	266.03	0.00	14.15	1321.77
	266.04	0.00	14.14	1324.77
	266.05	0.00	14.15	1324.76
	266.07	0.00	14.16	1322.76
	266.08	0.00	14.15	1321.76
	266.09	0.00	14.16	1325.77
	266.10	0.00	14.14	1322.77
	266.11	0.00	14.15	1321.76
	266.12	0.00	14.14	1323.77
	266.14	0.00	14.14	1322.77
	266.15	0.00	14.14	1324.78
	266.16	0.00	14.15	1324.77
	266.17	0.00	14.14	1324.77
	266.18	0.00	14.13	1322.77
	266.19	0.00	14.12	1325.78
	266.21	0.00	14.12	1324.78
	266.22	0.00	14.15	1322.74
	266.23	0.00	14.13	1321.77
	266.24	0.00	14.13	1323.77
	266.25	0.00	14.12	1321.78
	266.26	0.00	14.12	1322.78
	266.28	0.00	14.11	1323.78
	266.29	0.00	14.11	1323.78
	266.30	0.00	14.10	1324.78
	266.31	0.00	14.10	1323.79
	266.32	0.00	14.10	1321.78
	266.33	0.00	14.10	1324.78
	266.35	0.00	14.10	1324.78
	266.36	0.00	14.11	1325.78
	266.37	0.00	14.10	1324.78
	266.38	0.00	14.09	1324.80
	266.39	0.00	14.10	1323.78
	266.41	0.00	14.10	1326.78
	266.42	0.00	14.10	1322.78
	266.43	0.00	14.09	1324.78
	266.44	0.00	14.06	1314.79
	266.45	0.00	14.09	1323.79
	266.46	0.00	14.09	1323.79
	266.48	0.00	14.09	1324.78
	266.49	0.00	14.08	1322.79
	266.50	0.00	14.09	1324.79
	266.51	0.00	14.09	1323.79
	266.52	0.00	14.10	1324.79
	266.53	0.00	14.09	1322.79
	266.55	0.00	14.10	1323.78
	266.56	0.00	14.10	1326.79
	266.57	0.00	14.10	1324.79
	266.58	0.00	14.09	1323.79
	266.59	0.00	14.09	1323.79
	266.60	0.00	14.09	1323.79
	266.61	0.00	14.09	1323.79
	266.63	0.00	14.08	1322.80
	266.64	0.00	14.10	1323.79
	266.65	0.00	14.09	1318.79
	266.66	0.00	14.10	1322.79
	266.67	0.00	14.10	1323.79
	266.69	0.00	14.10	1321.79
	266.70	0.00	14.10	1322.79
	266.71	0.00	14.10	1323.79
	266.72	0.00	14.09	1325.79
	266.73	0.00	14.08	1318.79
	266.74	0.00	14.09	1323.79
	266.76	0.00	14.08	1320.79
	266.77	0.00	14.09	1324.79
	266.78	0.00	14.09	1322.79
	266.79	0.00	14.08	1319.79
	266.80	0.00	14.09	1324.79
	266.81	0.00	14.08	1324.79
	266.83	0.00	14.08	1323.79
	266.84	0.00	14.08	1325.79
	266.85	0.00	14.08	1321.79
	266.86	0.00	14.09	1324.77
	266.87	0.00	14.08	1322.80
	266.89	0.00	14.06	1315.79
	266.90	0.00	14.08	1323.79
	266.91	0.00	14.10	1303.79
	266.92	0.00	14.08	1322.79
	266.93	0.00	14.08	1320.79
	266.94	0.00	14.08	1324.80
	266.95	0.00	14.08	1323.79
	266.97	0.00	14.08	1323.79
	266.98	0.00	14.08	1324.79
	266.99	0.00	14.07	1324.79
	267.00	0.00	14.08	1322.79
	267.01	0.00	14.07	1322.79
	267.02	0.00	14.07	1323.79
	267.04	0.00	14.06	1319.78
	267.05	0.00	14.07	1321.78
	267.06	0.00	14.08	1325.78
	267.07	0.00	14.06	1323.80
	267.08	0.00	14.06	1326.80
	267.10	0.00	14.06	1324.80
	267.11	0.00	14.06	1325.79
	267.12	0.00	14.06	1327.80
	267.13	0.00	14.06	1327.80
	267.14	0.00	14.05	1327.80
	267.15	0.00	14.05	1325.80
	267.16	0.00	14.06	1305.80
	267.18	0.00	14.05	1326.80
	267.19	0.00	14.05	1326.80
	267.20	0.00	14.06	1306.80
	267.21	0.00	14.06	1308.81
	267.22	0.00	14.05	1306.81
	267.23	0.00	14.05	1304.81
	267.25	0.00	14.05	1305.81
	267.26	0.00	14.04	1307.81
	267.27	0.00	14.07	1305.77
	267.28	0.00	14.05	1305.81
	267.29	0.00	14.04	1305.81
	267.30	0.00	14.04	1304.81
	267.32	0.00	14.01	1295.81
	267.33	0.00	14.04	1304.81
	267.34	0.00	14.03	1305.82
	267.35	0.00	14.03	1304.81
	267.36	0.00	14.02	1305.82
	267.38	0.00	14.02	1304.82
	267.39	0.00	14.02	1305.82
	267.40	0.00	14.01	1304.82
	267.41	0.00	14.02	1307.82
	267.42	0.00	14.01	1306.83
	267.43	0.00	14.00	1307.84
	267.45	0.00	14.02	1307.83
	267.46	0.00	14.01	1309.83
	267.47	0.00	14.01	1309.83
	267.48	0.00	14.03	1311.82
	267.49	0.00	14.02	1309.81
	267.50	0.00	14.04	1309.79
	267.52	0.00	14.05	1311.79
	267.53	0.00	14.04	1312.80
	267.54	0.00	14.03	1312.81
	267.55	0.00	13.98	1310.87
	267.56	0.00	13.99	1311.86
	267.57	0.00	14.01	1308.83
	267.58	0.00	14.00	1307.83
	267.60	0.00	14.01	1309.84
	267.61	0.00	14.02	1304.82
	267.62	0.00	14.00	1307.82
	267.63	0.00	14.04	1310.77
	267.64	0.00	14.02	1309.76
	267.66	0.00	14.02	1306.76
	267.67	0.00	13.95	1300.82
	267.68	0.00	13.90	1299.86
	267.69	0.00	13.90	1300.85
	267.70	0.00	13.89	1297.84
	267.71	0.00	13.90	1294.82
	267.73	0.00	13.87	1290.83
	267.74	0.00	13.83	1287.85
	267.75	0.00	13.82	1286.85
	267.76	0.00	13.79	1283.86
	267.77	0.00	13.78	1281.86
	267.78	0.00	13.79	1285.86
	267.80	0.00	13.76	1282.86
	267.81	0.00	13.74	1280.88
	267.82	0.00	13.73	1279.88
	267.83	0.00	13.68	1273.93
	267.84	0.00	13.69	1278.95
	267.85	0.00	13.66	1299.99
	267.87	0.00	13.68	1307.01
	267.88	0.00	13.71	1319.02
	267.89	0.00	13.74	1329.04
	267.90	0.00	13.77	1334.03
	267.91	0.00	13.79	1336.04
	267.92	0.00	13.82	1334.04
	267.94	0.00	13.82	1327.04
	267.95	0.00	13.94	1325.01
	267.96	0.00	14.12	1312.91
	267.97	0.00	14.20	1312.90
	267.98	0.00	14.27	1320.91
	267.99	0.00	14.45	1346.81
	268.01	0.00	14.62	1348.71
	268.02	0.00	14.78	1342.65
	268.03	0.00	14.93	1332.62
	268.04	0.00	15.04	1324.60
	268.05	0.00	15.18	1311.55
	268.06	0.00	15.29	1309.48
	268.08	0.00	15.47	1259.38
	268.09	0.00	15.66	1273.38
	268.10	0.00	15.96	1264.08
	268.11	0.00	16.00	1261.05
	268.12	0.00	16.01	1255.05
	268.14	0.00	16.02	1248.03
	268.15	0.00	16.03	1237.01
	268.16	0.00	16.02	1219.99
	268.17	0.00	16.01	1182.98
	268.18	0.00	15.99	1149.95
	268.19	0.00	15.94	1121.94
	268.20	0.00	15.82	1058.94
	268.22	0.00	15.45	955.94
	268.23	0.00	15.27	893.94
	268.24	0.00	15.21	876.94
	268.25	0.00	15.17	862.93
	268.26	0.00	15.16	851.93
	268.27	0.00	15.12	844.93
	268.29	0.00	15.11	835.93
	268.30	0.00	15.07	829.93
	268.31	0.00	14.98	815.94
	268.32	0.00	14.98	821.95
	268.33	0.00	15.02	852.96
	268.35	0.00	15.10	890.97
	268.36	0.00	15.06	890.98
	268.37	0.00	15.05	885.98
	268.38	0.00	15.02	875.98
	268.39	0.00	14.98	865.98
	268.40	0.00	14.90	844.98
	268.41	0.00	14.78	813.97
	268.43	0.00	14.73	802.97
	268.44	0.00	14.65	786.97
	268.45	0.00	14.58	768.96
	268.46	0.00	14.54	767.97
	268.47	0.00	14.56	769.97
	268.48	0.00	14.56	771.97
	268.50	0.00	14.59	776.97
	268.51	0.00	14.61	784.97
	268.52	0.00	14.64	788.97
	268.53	0.00	14.62	784.97
	268.54	0.00	14.75	814.96
	268.55	0.00	14.84	838.96
	268.57	0.00	14.92	873.95
	268.58	0.00	15.03	898.93
	268.59	0.00	15.12	928.92
	268.60	0.00	15.16	972.96
	268.61	0.00	15.14	1007.02
	268.62	0.00	14.71	1051.41
	268.64	0.00	14.51	1087.49
	268.65	0.00	14.34	1116.54
	268.66	0.00	14.31	1128.57
	268.67	0.00	14.26	1142.60
	268.68	0.00	14.17	1181.64
	268.69	0.00	14.08	1202.68
	268.70	0.00	13.93	1239.73
	268.72	0.00	13.88	1251.75
	268.73	0.00	13.82	1262.75
	268.74	0.00	13.77	1266.77
	268.75	0.00	13.76	1273.78
	268.76	0.00	13.73	1274.79
	268.78	0.00	13.72	1269.76
	268.79	0.00	13.65	1272.83
	268.80	0.00	13.65	1266.84
	268.81	0.00	13.58	1265.85
	268.82	0.00	13.46	1257.95
	268.83	0.00	13.43	1230.99
	268.85	0.00	13.37	1219.04
	268.86	0.00	13.34	1213.09
	268.87	0.00	13.31	1208.11
	268.88	0.00	13.30	1209.13
	268.89	0.00	13.26	1200.14
	268.90	0.00	13.29	1208.14
	268.92	0.00	13.29	1211.15
	268.93	0.00	13.31	1211.14
	268.94	0.00	13.34	1213.12
	268.95	0.00	13.36	1216.11
	268.96	0.00	13.37	1218.10
	268.98	0.00	13.39	1218.09
	268.99	0.00	13.40	1223.08
	269.00	0.00	13.44	1225.06
	269.01	0.00	13.44	1224.04
	269.02	0.00	13.53	1225.93
	269.03	0.00	13.57	1224.89
	269.04	0.00	13.54	1244.89
	269.06	0.00	13.59	1247.83
	269.07	0.00	13.60	1252.83
	269.08	0.00	13.60	1246.83
	269.09	0.00	13.61	1249.82
	269.10	0.00	13.59	1246.83
	269.11	0.00	13.61	1250.84
	269.13	0.00	13.61	1250.84
	269.14	0.00	13.66	1256.83
	269.15	0.00	13.67	1259.85
	269.16	0.00	13.72	1259.84
	269.17	0.00	13.76	1264.84
	269.19	0.00	13.78	1262.85
	269.20	0.00	13.82	1288.85
	269.21	0.00	13.97	1290.72
	269.22	0.00	14.07	1269.68
	269.23	0.00	14.39	1308.68
	269.24	0.00	14.49	1312.73
	269.25	0.00	14.78	1291.57
	269.27	0.00	15.09	1285.34
	269.28	0.00	15.32	1273.24
	269.29	0.00	15.54	1240.10
	269.30	0.00	15.66	1238.07
	269.31	0.00	15.70	1236.06
	269.33	0.00	15.76	1228.03
	269.34	0.00	15.78	1225.03
	269.35	0.00	15.82	1217.01
	269.36	0.00	15.85	1219.00
	269.37	0.00	15.86	1212.99
	269.38	0.00	15.88	1208.98
	269.39	0.00	15.89	1210.98
	269.41	0.00	15.88	1206.98
	269.42	0.00	15.89	1206.97
	269.43	0.00	15.90	1209.98
	269.44	0.00	15.89	1215.98
	269.45	0.00	15.84	1218.00
	269.47	0.00	15.80	1225.03
	269.48	0.00	15.78	1227.04
	269.49	0.00	15.77	1230.04
	269.50	0.00	15.77	1228.04
	269.51	0.00	15.77	1223.04
	269.52	0.00	15.79	1219.03
	269.54	0.00	15.83	1212.00
	269.55	0.00	15.83	1206.00
	269.56	0.00	15.85	1198.99
	269.57	0.00	15.85	1190.98
	269.58	0.00	15.84	1179.98
	269.59	0.00	15.82	1170.99
	269.61	0.00	15.80	1159.98
	269.62	0.00	15.79	1146.98
	269.63	0.00	15.76	1113.98
	269.64	0.00	15.54	1074.98
	269.65	0.00	15.53	1053.97
	269.66	0.00	15.45	1026.97
	269.68	0.00	15.37	982.96
	269.69	0.00	15.20	927.96
	269.70	0.00	14.93	835.96
	269.71	0.00	14.76	782.95
	269.72	0.00	14.68	764.95
	269.73	0.00	14.60	746.95
	269.75	0.00	14.52	735.96
	269.76	0.00	14.41	719.96
	269.77	0.00	14.55	754.96
	269.78	0.00	14.66	786.97
	269.79	0.00	14.75	812.96
	269.80	0.00	14.65	791.97
	269.82	0.00	14.60	777.97
	269.83	0.00	14.56	772.97
	269.84	0.00	14.56	773.97
	269.85	0.00	14.54	768.97
	269.86	0.00	14.56	772.97
	269.87	0.00	14.54	768.97
	269.89	0.00	14.52	768.97
	269.90	0.00	14.52	768.97
	269.91	0.00	14.53	767.97
	269.92	0.00	14.52	765.97
	269.93	0.00	14.52	765.97
	269.94	0.00	14.52	765.97
	269.95	0.00	14.49	759.97
	269.97	0.00	14.54	769.97
	269.98	0.00	14.54	770.97
	269.99	0.00	14.54	770.97
	270.00	0.00	14.53	764.97
	270.01	0.00	14.56	771.97
	270.02	0.00	14.57	768.96
	270.04	0.00	14.56	770.97
	270.05	0.00	14.60	799.00
	270.06	0.00	14.80	851.01
	270.07	0.00	14.66	912.17
	270.08	0.00	14.33	958.39
	270.09	0.00	14.23	989.46
	270.11	0.00	14.23	1011.48
	270.12	0.00	14.27	1030.48
	270.13	0.00	14.29	1049.48
	270.14	0.00	14.39	1081.47
	270.15	0.00	14.47	1111.46
	270.16	0.00	14.49	1130.47
	270.18	0.00	14.50	1159.48
	270.19	0.00	14.49	1180.49
	270.20	0.00	14.67	1212.50
	270.21	0.00	14.63	1244.50
	270.22	0.00	14.64	1252.50
	270.23	0.00	14.64	1256.51
	270.25	0.00	14.66	1260.51
	270.26	0.00	14.67	1261.51
	270.27	0.00	14.70	1267.50
	270.28	0.00	14.70	1267.50
	270.29	0.00	14.72	1269.50
	270.30	0.00	14.73	1269.50
	270.32	0.00	14.74	1272.49
	270.33	0.00	14.76	1278.50
	270.34	0.00	14.74	1283.49
	270.35	0.00	14.76	1285.50
	270.36	0.00	14.75	1291.50
	270.37	0.00	14.72	1315.50
	270.39	0.00	14.72	1323.51
	270.40	0.00	14.72	1326.51
	270.41	0.00	14.72	1334.51
	270.42	0.00	14.73	1342.51
	270.43	0.00	14.73	1366.51
	270.44	0.00	14.72	1357.50
	270.45	0.00	14.76	1371.49
	270.47	0.00	14.77	1372.50
	270.48	0.00	14.78	1367.49
	270.49	0.00	14.79	1371.51
	270.50	0.00	14.78	1374.51
	270.51	0.00	14.81	1375.51
	270.53	0.00	14.79	1381.51
	270.54	0.00	14.82	1384.47
	270.55	0.00	14.79	1385.50
	270.56	0.00	14.79	1388.50
	270.57	0.00	14.78	1392.50
	270.58	0.00	14.79	1398.50
	270.60	0.00	14.78	1398.50
	270.61	0.00	14.77	1399.51
	270.62	0.00	14.77	1397.50
	270.63	0.00	14.76	1404.50
	270.64	0.00	14.74	1402.50
	270.65	0.00	14.73	1404.50
	270.67	0.00	14.71	1406.50
	270.68	0.00	14.69	1399.50
	270.69	0.00	14.67	1397.51
	270.70	0.00	14.68	1374.50
	270.71	0.00	14.64	1373.51
	270.73	0.00	14.63	1370.51
	270.74	0.00	14.62	1371.51
	270.75	0.00	14.60	1362.52
	270.76	0.00	14.59	1361.52
	270.77	0.00	14.60	1362.52
	270.78	0.00	14.60	1354.52
	270.79	0.00	14.62	1350.51
	270.81	0.00	14.65	1350.51
	270.82	0.00	14.68	1309.51
	270.83	0.00	14.70	1302.51
	270.84	0.00	14.71	1296.51
	270.85	0.00	14.73	1288.51
	270.86	0.00	14.74	1282.51
	270.88	0.00	14.84	1254.50
	270.89	0.00	14.88	1247.49
	270.90	0.00	14.92	1243.49
	270.91	0.00	14.96	1235.48
	270.92	0.00	15.01	1225.46
	270.94	0.00	15.04	1214.44
	270.95	0.00	15.08	1217.42
	270.96	0.00	15.08	1209.41
	270.97	0.00	15.13	1208.39
	270.98	0.00	15.14	1202.38
	270.99	0.00	15.16	1199.36
	271.00	0.00	15.17	1193.35
	271.02	0.00	15.18	1195.35
	271.03	0.00	15.20	1194.33
	271.04	0.00	15.27	1189.26
	271.05	0.00	15.41	1188.17
	271.06	0.00	15.45	1184.15
	271.08	0.00	15.51	1181.11
	271.09	0.00	15.57	1170.09
	271.10	0.00	15.62	1172.08
	271.11	0.00	15.65	1169.07
	271.12	0.00	15.63	1159.06
	271.13	0.00	15.66	1166.06
	271.14	0.00	15.65	1169.06
	271.16	0.00	15.66	1167.06
	271.17	0.00	15.67	1171.05
	271.18	0.00	15.67	1167.05
	271.19	0.00	15.66	1168.05
	271.20	0.00	15.66	1170.05
	271.22	0.00	15.66	1168.05
	271.23	0.00	15.66	1167.05
	271.24	0.00	15.66	1168.05
	271.25	0.00	15.66	1169.05
	271.26	0.00	15.66	1167.05
	271.27	0.00	15.66	1169.05
	271.29	0.00	15.66	1167.05
	271.30	0.00	15.66	1166.04
	271.31	0.00	15.67	1165.04
	271.32	0.00	15.67	1163.04
	271.33	0.00	15.68	1162.04
	271.34	0.00	15.67	1159.04
	271.36	0.00	15.67	1158.04
	271.37	0.00	15.63	1147.05
	271.38	0.00	15.61	1137.05
	271.39	0.00	15.37	1097.06
	271.40	0.00	15.26	1061.05
	271.42	0.00	15.17	1031.07
	271.43	0.00	15.11	1010.07
	271.44	0.00	15.05	980.05
	271.45	0.00	14.98	942.03
	271.46	0.00	14.86	900.01
	271.47	0.00	14.75	863.01
	271.48	0.00	14.74	860.01
	271.50	0.00	14.77	872.01
	271.51	0.00	14.88	896.00
	271.52	0.00	14.95	920.00
	271.53	0.00	15.00	946.03
	271.54	0.00	15.03	972.05
	271.55	0.00	14.97	997.11
	271.57	0.00	14.86	1023.18
	271.58	0.00	14.88	1069.21
	271.59	0.00	14.95	1114.22
	271.60	0.00	14.97	1130.21
	271.61	0.00	14.97	1144.21
	271.63	0.00	14.97	1150.21
	271.64	0.00	15.13	1180.21
	271.65	0.00	15.12	1188.22
	271.66	0.00	15.13	1188.23
	271.67	0.00	15.12	1193.24
	271.68	0.00	15.09	1201.25
	271.70	0.00	15.05	1202.26
	271.71	0.00	15.02	1205.27
	271.72	0.00	14.95	1214.28
	271.73	0.00	14.90	1212.29
	271.74	0.00	14.86	1226.30
	271.75	0.00	14.66	1212.31
	271.77	0.00	14.62	1222.32
	271.78	0.00	14.54	1245.33
	271.79	0.00	14.53	1248.33
	271.80	0.00	14.52	1255.33
	271.81	0.00	14.49	1256.33
	271.82	0.00	14.49	1265.34
	271.84	0.00	14.49	1273.34
	271.85	0.00	14.64	1297.34
	271.86	0.00	14.63	1321.34
	271.87	0.00	14.62	1311.34
	271.88	0.00	14.64	1321.34
	271.89	0.00	14.65	1319.34
	271.91	0.00	14.65	1321.35
	271.92	0.00	14.68	1304.35
	271.93	0.00	14.67	1300.35
	271.94	0.00	14.68	1303.35
	271.95	0.00	14.67	1297.35
	271.96	0.00	14.67	1298.35
	271.98	0.00	14.67	1297.35
	271.99	0.00	14.67	1294.35
	272.00	0.00	14.66	1296.35
	272.01	0.00	14.49	1277.36
	272.02	0.00	14.47	1278.36
	272.03	0.00	14.43	1285.38
	272.05	0.00	14.41	1284.39
	272.06	0.00	14.34	1283.41
	272.07	0.00	14.30	1293.42
	272.08	0.00	14.23	1296.44
	272.09	0.00	14.20	1299.43
	272.10	0.00	14.14	1298.48
	272.11	0.00	14.14	1296.48
	272.13	0.00	14.11	1298.49
	272.14	0.00	14.10	1299.49
	272.15	0.00	14.08	1299.50
	272.16	0.00	14.07	1298.50
	272.17	0.00	14.06	1301.51
	272.19	0.00	14.04	1294.51
	272.20	0.00	14.03	1290.51
	272.21	0.00	13.99	1277.51
	272.22	0.00	14.02	1288.51
	272.23	0.00	14.02	1289.51
	272.24	0.00	14.02	1292.51
	272.26	0.00	14.00	1292.52
	272.27	0.00	13.99	1294.52
	272.28	0.00	13.99	1296.52
	272.29	0.00	13.99	1291.52
	272.30	0.00	14.04	1299.52
	272.31	0.00	14.05	1322.52
	272.33	0.00	14.08	1301.51
	272.34	0.00	14.10	1305.51
	272.35	0.00	14.09	1302.51
	272.36	0.00	14.10	1325.51
	272.37	0.00	14.11	1326.51
	272.39	0.00	14.11	1322.51
	272.40	0.00	14.12	1324.50
	272.41	0.00	14.12	1315.50
	272.42	0.00	14.12	1318.50
	272.43	0.00	14.14	1321.50
	272.44	0.00	14.14	1321.50
	272.45	0.00	14.15	1322.50
	272.47	0.00	14.17	1321.49
	272.48	0.00	14.19	1322.50
	272.49	0.00	14.22	1321.49
	272.50	0.00	14.23	1319.49
	272.51	0.00	14.24	1321.49
	272.52	0.00	14.27	1323.48
	272.54	0.00	14.28	1320.48
	272.55	0.00	14.30	1321.48
	272.56	0.00	14.33	1319.47
	272.57	0.00	14.51	1338.46
	272.58	0.00	14.54	1335.46
	272.59	0.00	14.57	1334.46
	272.61	0.00	14.58	1335.45
	272.62	0.00	14.58	1335.46
	272.63	0.00	14.60	1337.45
	272.64	0.00	14.58	1338.45
	272.65	0.00	14.58	1335.45
	272.66	0.00	14.58	1338.45
	272.68	0.00	14.58	1337.45
	272.69	0.00	14.58	1335.45
	272.70	0.00	14.56	1336.46
	272.71	0.00	14.56	1334.45
	272.72	0.00	14.58	1314.45
	272.73	0.00	14.37	1314.46
	272.75	0.00	14.38	1316.46
	272.76	0.00	14.36	1313.46
	272.77	0.00	14.34	1315.47
	272.78	0.00	14.32	1307.47
	272.79	0.00	14.33	1314.47
	272.80	0.00	14.32	1312.47
	272.82	0.00	14.29	1314.48
	272.83	0.00	14.28	1305.47
	272.84	0.00	14.31	1308.47
	272.85	0.00	14.29	1304.49
	272.86	0.00	14.30	1302.47
	272.88	0.00	14.28	1295.48
	272.89	0.00	14.31	1279.48
	272.90	0.00	14.29	1280.49
	272.91	0.00	14.26	1271.49
	272.92	0.00	14.26	1271.50
	272.93	0.00	14.23	1268.51
	272.95	0.00	14.21	1261.51
	272.96	0.00	14.21	1261.51
	272.97	0.00	14.22	1257.51
	272.98	0.00	14.21	1247.51
	272.99	0.00	14.24	1248.51
	273.00	0.00	14.24	1246.51
	273.02	0.00	14.23	1245.51
	273.03	0.00	14.21	1244.52
	273.04	0.00	14.19	1242.52
	273.05	0.00	14.16	1238.52
	273.06	0.00	14.10	1233.53
	273.07	0.00	14.04	1219.53
	273.08	0.00	13.99	1202.53
	273.10	0.00	13.91	1181.54
	273.11	0.00	13.95	1147.53
	273.12	0.00	13.94	1134.52
	273.13	0.00	13.97	1118.52
	273.14	0.00	14.01	1107.51
	273.16	0.00	14.06	1092.50
	273.17	0.00	14.17	1073.47
	273.18	0.00	14.32	1053.42
	273.19	0.00	14.46	1035.37
	273.20	0.00	14.60	1019.29
	273.21	0.00	14.79	1000.20
	273.23	0.00	14.95	988.11
	273.24	0.00	14.96	972.08
	273.25	0.00	14.95	959.08
	273.26	0.00	14.92	944.07
	273.27	0.00	14.84	923.07
	273.28	0.00	14.81	906.06
	273.30	0.00	14.72	882.06
	273.31	0.00	14.54	828.06
	273.32	0.00	14.55	837.05
	273.33	0.00	14.51	828.05
	273.34	0.00	14.49	805.05
	273.35	0.00	14.47	801.05
	273.36	0.00	14.50	807.04
	273.38	0.00	14.52	818.03
	273.39	0.00	14.55	823.02
	273.40	0.00	14.72	868.02
	273.41	0.00	14.82	922.04
	273.42	0.00	14.66	986.13
	273.44	0.00	14.62	1028.21
	273.45	0.00	14.65	1057.23
	273.46	0.00	14.69	1079.25
	273.47	0.00	14.75	1091.24
	273.48	0.00	14.81	1103.21
	273.49	0.00	15.03	1132.18
	273.51	0.00	15.09	1139.17
	273.52	0.00	15.11	1141.16
	273.53	0.00	15.14	1147.15
	273.54	0.00	15.14	1154.16
	273.55	0.00	15.14	1156.17
	273.56	0.00	15.13	1160.18
	273.58	0.00	15.13	1161.18
	273.59	0.00	15.14	1168.19
	273.60	0.00	15.12	1171.19
	273.61	0.00	15.11	1174.20
	273.62	0.00	15.10	1174.20
	273.63	0.00	15.10	1178.20
	273.64	0.00	15.09	1181.20
	273.66	0.00	15.09	1183.20
	273.67	0.00	15.10	1182.20
	273.68	0.00	15.09	1184.21
	273.69	0.00	15.09	1178.21
	273.70	0.00	15.09	1182.22
	273.72	0.00	15.10	1186.22
	273.73	0.00	15.11	1184.21
	273.74	0.00	15.11	1188.22
	273.75	0.00	15.12	1191.21
	273.76	0.00	15.11	1193.21
	273.77	0.00	15.12	1191.21
	273.79	0.00	15.12	1192.21
	273.80	0.00	15.15	1194.20
	273.81	0.00	15.15	1194.20
	273.82	0.00	15.17	1193.19
	273.83	0.00	15.16	1194.20
	273.84	0.00	15.16	1191.20
	273.86	0.00	15.16	1190.20
	273.87	0.00	15.16	1194.20
	273.88	0.00	15.16	1192.20
	273.89	0.00	15.16	1195.20
	273.90	0.00	15.14	1193.20
	273.91	0.00	15.13	1192.20
	273.93	0.00	15.12	1194.20
	273.94	0.00	15.10	1189.21
	273.95	0.00	15.05	1194.23
	273.96	0.00	15.01	1194.24
	273.97	0.00	14.96	1199.26
	273.98	0.00	14.90	1206.28
	274.00	0.00	14.85	1206.30
	274.01	0.00	14.73	1232.31
	274.02	0.00	14.68	1232.32
	274.03	0.00	14.65	1233.33
	274.04	0.00	14.60	1235.35
	274.05	0.00	14.57	1237.36
	274.07	0.00	14.53	1242.37
	274.08	0.00	14.50	1242.38
	274.09	0.00	14.47	1241.39
	274.10	0.00	14.46	1245.39
	274.11	0.00	14.42	1238.40
	274.12	0.00	14.43	1243.40
	274.14	0.00	14.45	1242.40
	274.15	0.00	14.44	1242.40
	274.16	0.00	14.44	1243.40
	274.17	0.00	14.43	1241.40
	274.18	0.00	14.43	1241.40
	274.19	0.00	14.41	1241.41
	274.20	0.00	14.41	1244.41
	274.22	0.00	14.40	1241.41
	274.23	0.00	14.39	1240.41
	274.24	0.00	14.36	1238.42
	274.25	0.00	14.35	1242.42
	274.26	0.00	14.34	1240.42
	274.28	0.00	14.32	1239.43
	274.29	0.00	14.31	1239.43
	274.30	0.00	14.30	1236.43
	274.31	0.00	14.30	1236.43
	274.32	0.00	14.30	1238.43
	274.33	0.00	14.31	1241.43
	274.35	0.00	14.32	1245.43
	274.36	0.00	14.30	1240.43
	274.37	0.00	14.29	1242.44
	274.38	0.00	14.29	1241.43
	274.39	0.00	14.30	1239.43
	274.41	0.00	14.28	1243.43
	274.42	0.00	14.28	1244.43
	274.43	0.00	14.26	1245.44
	274.44	0.00	14.24	1241.44
	274.45	0.00	14.24	1245.44
	274.46	0.00	14.24	1247.44
	274.48	0.00	14.24	1248.44
	274.49	0.00	14.24	1252.44
	274.50	0.00	14.22	1252.44
	274.51	0.00	14.21	1252.44
	274.52	0.00	14.20	1254.44
	274.53	0.00	14.19	1254.44
	274.55	0.00	14.19	1255.44
	274.56	0.00	14.16	1257.46
	274.57	0.00	14.17	1260.45
	274.58	0.00	14.16	1260.45
	274.59	0.00	14.15	1259.45
	274.60	0.00	14.14	1262.45
	274.61	0.00	14.14	1263.45
	274.63	0.00	14.13	1260.45
	274.64	0.00	14.11	1260.46
	274.65	0.00	14.12	1261.46
	274.66	0.00	14.10	1261.46
	274.67	0.00	14.07	1283.46
	274.69	0.00	14.09	1266.46
	274.70	0.00	14.08	1267.47
	274.71	0.00	14.07	1266.47
	274.72	0.00	14.07	1267.47
	274.73	0.00	14.06	1268.47
	274.74	0.00	14.04	1268.47
	274.76	0.00	14.04	1266.47
	274.77	0.00	14.05	1268.47
	274.78	0.00	14.03	1286.47
	274.79	0.00	14.03	1287.47
	274.80	0.00	14.02	1284.48
	274.81	0.00	14.04	1289.47
	274.83	0.00	14.03	1284.47
	274.84	0.00	14.04	1265.47
	274.85	0.00	14.04	1284.47
	274.86	0.00	14.05	1288.47
	274.87	0.00	14.03	1284.48
	274.88	0.00	14.05	1284.48
	274.90	0.00	14.06	1265.47
	274.91	0.00	14.08	1263.47
	274.92	0.00	14.05	1283.47
	274.93	0.00	14.07	1283.47
	274.94	0.00	14.08	1264.47
	274.95	0.00	14.09	1261.46
	274.97	0.00	14.08	1258.47
	274.98	0.00	14.06	1275.47
	274.99	0.00	14.11	1259.46
	275.00	0.00	14.11	1260.46
	275.01	0.00	14.10	1259.46
	275.02	0.00	14.10	1280.46
	275.04	1.00	14.10	1259.47
	275.05	1.00	14.09	1257.46
	275.06	1.00	14.10	1258.46
	275.07	1.00	14.11	1258.46
	275.08	1.00	14.10	1258.46
	275.10	1.00	14.11	1258.46
	275.11	1.00	14.10	1258.46
	275.12	1.00	14.08	1259.47
	275.13	1.00	14.10	1256.47
	275.14	1.00	14.09	1260.47
	275.15	1.00	14.09	1259.47
	275.17	1.00	14.08	1260.47
	275.18	1.00	14.07	1264.47
	275.19	1.00	14.06	1260.47
	275.20	1.00	14.04	1259.48
	275.21	1.00	14.04	1262.48
	275.22	1.00	14.02	1261.48
	275.23	1.00	14.00	1259.48
	275.25	1.00	13.99	1260.48
	275.26	1.00	13.98	1262.49
	275.27	1.00	13.97	1263.49
	275.28	1.00	13.97	1262.49
	275.30	1.00	13.98	1262.49
	275.31	1.00	13.99	1261.49
	275.32	0.00	13.98	1262.49
	275.33	0.00	13.98	1262.49
	275.34	0.00	13.81	1243.49
	275.35	0.00	13.98	1261.49
	275.36	0.00	13.83	1243.48
	275.38	0.00	14.01	1263.46
	275.39	0.00	13.99	1286.49
	275.40	0.00	13.96	1279.49
	275.41	0.00	13.98	1286.49
	275.42	0.00	13.98	1286.49
	275.44	0.00	13.98	1290.48
	275.45	0.00	13.98	1291.48
	275.46	0.00	13.97	1292.49
	275.47	0.00	13.99	1292.48
	275.48	0.00	13.99	1294.48
	275.49	0.00	13.98	1292.48
	275.51	0.00	13.97	1293.48
	275.52	0.00	13.98	1295.48
	275.53	0.00	13.96	1296.48
	275.54	0.00	13.96	1297.48
	275.55	0.00	13.98	1301.45
	275.56	0.00	13.96	1298.48
	275.58	0.00	13.94	1301.48
	275.59	0.00	13.93	1302.48
	275.60	0.00	13.94	1305.48
	275.61	0.00	13.91	1301.49
	275.62	0.00	13.91	1304.49
	275.63	0.00	13.90	1304.50
	275.65	0.00	13.90	1307.49
	275.66	0.00	13.89	1304.50
	275.67	0.00	13.88	1307.50
	275.68	0.00	13.86	1299.50
	275.69	0.00	13.88	1309.50
	275.70	0.00	13.86	1308.50
	275.72	0.00	13.84	1310.51
	275.73	0.00	13.85	1312.50
	275.74	0.00	13.85	1313.50
	275.75	0.00	13.84	1311.50
	275.76	0.00	13.84	1312.50
	275.77	0.00	13.66	1294.50
	275.79	0.00	13.64	1292.50
	275.80	0.00	13.63	1293.50
	275.81	0.00	13.63	1298.50
	275.82	0.00	13.61	1296.50
	275.83	0.00	13.61	1298.50
	275.85	0.00	13.60	1301.50
	275.86	0.00	13.59	1300.50
	275.87	0.00	13.59	1298.51
	275.88	0.00	13.58	1296.50
	275.89	0.00	13.59	1302.50
	275.90	0.00	13.58	1300.50
	275.92	0.00	13.59	1302.50
	275.93	0.00	13.58	1302.50
	275.94	0.00	13.59	1301.48
	275.95	0.00	13.56	1299.51
	275.96	0.00	13.56	1303.50
	275.97	0.00	13.57	1301.50
	275.98	0.00	13.56	1302.50
	276.00	0.00	13.57	1304.50
	276.01	0.00	13.56	1301.50
	276.02	0.00	13.55	1303.51
	276.03	0.00	13.55	1306.50
	276.04	0.00	13.53	1305.50
	276.06	0.00	13.54	1300.50
	276.07	0.00	13.54	1304.50
	276.08	0.00	13.54	1301.50
	276.09	0.00	13.53	1303.50
	276.10	0.00	13.52	1300.50
	276.11	0.00	13.51	1297.50
	276.13	0.00	13.53	1300.50
	276.14	0.00	13.53	1299.50
	276.15	0.00	13.53	1303.50
	276.16	0.00	13.52	1299.51
	276.17	0.00	13.52	1298.51
	276.19	0.00	13.51	1293.50
	276.20	0.00	13.53	1298.50
	276.21	0.00	13.53	1297.50
	276.22	0.00	13.54	1298.50
	276.23	0.00	13.53	1297.50
	276.24	0.00	13.53	1293.51
	276.25	0.00	13.57	1298.50
	276.27	0.00	13.55	1291.50
	276.28	0.00	13.56	1291.50
	276.29	0.00	13.57	1292.50
	276.30	0.00	13.57	1288.50
	276.31	0.00	13.58	1286.51
	276.33	0.00	13.60	1285.50
	276.34	0.00	13.61	1284.50
	276.35	0.00	13.76	1302.50
	276.36	0.00	13.60	1281.50
	276.37	0.00	13.61	1285.50
	276.38	0.00	13.60	1282.50
	276.39	0.00	13.60	1281.50
	276.41	0.00	13.61	1282.50
	276.42	0.00	13.60	1279.50
	276.43	0.00	13.61	1281.50
	276.44	0.00	13.61	1280.50
	276.45	0.00	13.61	1279.50
	276.47	0.00	13.62	1280.50
	276.48	0.00	13.63	1279.48
	276.49	0.00	13.61	1277.50
	276.50	0.00	13.61	1275.50
	276.51	0.00	13.62	1278.50
	276.52	0.00	13.63	1280.50
	276.54	0.00	13.61	1273.50
	276.55	0.00	13.62	1279.51
	276.56	0.00	13.62	1279.51
	276.57	0.00	13.63	1279.50
	276.58	0.00	13.62	1280.51
	276.59	0.00	13.62	1279.51
	276.61	0.00	13.64	1281.50
	276.62	0.00	13.64	1278.50
	276.63	0.00	13.63	1277.52
	276.64	0.00	13.65	1277.50
	276.65	0.00	13.67	1278.50
	276.66	0.00	13.67	1276.50
	276.68	0.00	13.84	1296.50
	276.69	0.00	13.68	1275.50
	276.70	0.00	13.68	1277.50
	276.71	0.00	13.68	1277.50
	276.72	0.00	13.68	1278.50
	276.73	0.00	13.66	1270.50
	276.75	0.00	13.68	1278.50
	276.76	0.00	13.69	1276.50
	276.77	0.00	13.69	1278.50
	276.78	0.00	13.69	1276.50
	276.79	0.00	13.69	1276.51
	276.80	0.00	13.67	1266.50
	276.82	0.00	13.72	1277.50
	276.83	0.00	13.88	1295.49
	276.84	0.00	13.70	1279.50
	276.85	0.00	13.71	1279.50
	276.86	0.00	13.70	1276.50
	276.88	0.00	13.71	1275.49
	276.89	0.00	13.72	1277.50
	276.90	0.00	13.72	1274.49
	276.91	0.00	13.73	1275.49
	276.92	0.00	13.76	1279.49
	276.93	0.00	13.75	1273.49
	276.95	0.00	13.77	1274.48
	276.96	0.00	13.77	1274.49
	276.97	0.00	13.77	1273.49
	276.98	0.00	13.95	1290.49
	276.99	0.00	13.79	1273.49
	277.00	0.00	13.79	1273.48
	277.02	0.00	13.80	1274.48
	277.03	0.00	13.79	1273.48
	277.04	0.00	13.79	1273.48
	277.05	0.00	13.79	1269.48
	277.06	0.00	13.80	1273.48
	277.07	0.00	13.80	1272.48
	277.09	0.00	13.79	1269.48
	277.10	0.00	13.81	1272.48
	277.11	0.00	13.81	1272.48
	277.12	0.00	13.81	1273.48
	277.13	0.00	13.81	1275.48
	277.14	0.00	13.81	1273.48
	277.16	0.00	13.80	1276.48
	277.17	0.00	13.81	1277.48
	277.18	0.00	13.79	1276.48
	277.19	0.00	13.79	1275.48
	277.20	0.00	13.79	1278.48
	277.22	0.00	13.94	1292.48
	277.23	0.00	13.93	1295.49
	277.24	0.00	13.75	1274.49
	277.25	0.00	13.73	1271.49
	277.26	0.00	13.70	1270.50
	277.27	0.00	13.67	1268.50
	277.28	0.00	13.64	1263.51
	277.30	0.00	13.60	1256.51
	277.31	0.00	13.58	1239.52
	277.32	0.00	13.54	1235.53
	277.33	0.00	13.50	1232.53
	277.34	0.00	13.47	1224.54
	277.36	0.00	13.43	1217.54
	277.37	0.00	13.40	1213.56
	277.38	0.00	13.38	1209.57
	277.39	0.00	13.35	1205.58
	277.40	0.00	13.34	1199.59
	277.41	0.00	13.33	1196.59
	277.43	0.00	13.33	1194.60
	277.44	0.00	13.33	1195.60
	277.45	0.00	13.31	1193.61
	277.46	0.00	13.30	1192.61
	277.47	0.00	13.29	1193.62
	277.48	0.00	13.30	1192.62
	277.50	0.00	13.29	1196.61
	277.51	0.00	13.28	1192.61
	277.52	0.00	13.28	1200.62
	277.53	0.00	13.29	1205.62
	277.54	0.00	13.27	1210.62
	277.55	0.00	13.25	1219.62
	277.57	0.00	13.24	1227.60
	277.58	0.00	13.18	1230.63
	277.59	0.00	13.21	1246.62
	277.60	0.00	13.19	1269.62
	277.61	0.00	13.19	1279.62
	277.62	0.00	13.21	1289.62
	277.64	0.00	13.20	1296.62
	277.65	0.00	13.20	1305.61
	277.66	0.00	13.21	1312.60
	277.67	0.00	13.21	1314.60
	277.68	0.00	13.21	1313.60
	277.70	0.00	13.23	1314.60
	277.71	0.00	13.22	1314.60
	277.72	0.00	13.21	1311.62
	277.73	0.00	13.22	1307.60
	277.74	0.00	13.26	1307.60
	277.75	0.00	13.28	1306.60
	277.77	0.00	13.34	1307.59
	277.78	0.00	13.43	1306.53
	277.79	0.00	13.44	1307.60
	277.80	0.00	13.47	1304.59
	277.81	0.00	13.51	1300.59
	277.82	0.00	13.54	1301.59
	277.83	0.00	13.55	1315.58
	277.85	0.00	13.58	1321.58
	277.86	0.00	13.59	1320.58
	277.87	0.00	13.61	1322.57
	277.88	0.00	13.63	1321.57
	277.89	0.00	13.65	1320.57
	277.91	0.00	13.67	1320.56
	277.92	0.00	13.70	1325.55
	277.93	0.00	13.72	1327.55
	277.94	0.00	13.74	1328.55
	277.95	0.00	13.76	1334.55
	277.96	0.00	13.78	1339.55
	277.98	0.00	13.79	1349.55
	277.99	0.00	13.80	1354.55
	278.00	0.00	13.81	1364.55
	278.01	0.00	13.83	1371.54
	278.02	0.00	13.83	1374.53
	278.03	0.00	13.86	1377.53
	278.05	0.00	13.88	1377.53
	278.06	0.00	13.91	1371.52
	278.07	0.00	13.92	1359.52
	278.08	0.00	13.91	1393.53
	278.09	0.00	13.93	1372.52
	278.11	0.00	13.94	1376.52
	278.12	0.00	13.94	1383.52
	278.13	0.00	13.93	1386.52
	278.14	0.00	13.96	1392.52
	278.15	0.00	13.99	1395.51
	278.16	0.00	14.02	1394.51
	278.17	0.00	14.06	1390.50
	278.19	0.00	14.12	1390.49
	278.20	0.00	14.15	1392.49
	278.21	0.00	14.19	1392.47
	278.22	0.00	14.22	1387.46
	278.23	0.00	14.28	1399.45
	278.24	0.00	14.31	1403.44
	278.26	0.00	14.35	1401.43
	278.27	0.00	14.42	1399.42
	278.28	0.00	14.49	1393.39
	278.29	0.00	14.58	1398.36
	278.30	0.00	14.67	1401.32
	278.32	0.00	14.77	1401.27
	278.33	0.00	14.98	1421.21
	278.34	0.00	15.07	1418.17
	278.35	0.00	15.14	1413.11
	278.36	0.00	15.19	1407.10
	278.37	0.00	15.24	1406.08
	278.38	0.00	15.30	1396.06
	278.39	0.00	15.24	1366.05
	278.41	0.00	15.48	1381.03
	278.42	0.00	15.54	1362.01
	278.43	0.00	15.63	1314.99
	278.44	0.00	15.71	1300.95
	278.45	0.00	15.79	1259.92
	278.47	0.00	15.83	1234.88
	278.48	0.00	15.85	1215.87
	278.49	0.00	15.87	1201.86
	278.50	0.00	15.89	1175.85
	278.51	0.00	15.90	1148.85
	278.52	0.00	15.92	1132.84
	278.54	0.00	15.90	1104.84
	278.55	0.00	15.86	1074.83
	278.56	0.00	15.83	1019.83
	278.57	0.00	15.79	978.83
	278.58	0.00	15.75	945.82
	278.59	0.00	15.72	936.82
	278.61	0.00	15.69	932.82
	278.62	0.00	15.47	900.82
	278.63	0.00	15.43	884.81
	278.64	0.00	15.32	870.81
	278.65	0.00	15.04	840.86
	278.66	0.00	14.73	793.96
	278.68	0.00	14.43	721.97
	278.69	0.00	14.30	691.96
	278.70	0.00	14.61	762.96
	278.71	0.00	14.73	787.95
	278.72	0.00	14.73	794.96
	278.73	0.00	14.78	805.97
	278.75	0.00	14.81	815.97
	278.76	0.00	14.81	816.97
	278.77	0.00	14.82	818.97
	278.78	0.00	14.82	818.97
	278.79	0.00	14.81	816.97
	278.80	0.00	14.78	805.97
	278.82	0.00	14.73	793.97
	278.83	0.00	14.60	766.97
	278.84	0.00	14.61	767.97
	278.85	0.00	14.61	767.97
	278.86	0.00	14.61	768.97
	278.87	0.00	14.63	773.97
	278.89	0.00	14.67	782.97
	278.90	0.00	14.70	790.97
	278.91	0.00	14.73	792.96
	278.92	0.00	14.68	785.96
	278.93	0.00	14.67	779.95
	278.94	0.00	14.64	772.95
	278.95	0.00	14.64	771.95
	278.97	0.00	14.67	780.95
	278.98	0.00	14.67	779.95
	278.99	0.00	14.69	784.95
	279.00	0.00	14.62	787.99
	279.01	0.00	14.39	759.04
	279.02	0.00	13.73	684.06
	279.04	0.00	12.60	656.28
	279.05	0.00	11.70	764.56
	279.06	0.00	11.51	840.65
	279.07	0.00	11.43	880.61
	279.08	0.00	11.40	956.64
	279.09	0.00	11.53	1003.65
	279.11	0.00	11.65	1030.66
	279.12	0.00	11.76	1050.65
	279.13	0.00	11.94	1061.64
	279.14	0.00	12.04	1061.64
	279.15	0.00	12.13	1052.62
	279.16	0.00	12.22	1046.60
	279.18	0.00	12.43	1066.58
	279.19	0.00	12.61	1088.57
	279.20	0.00	12.73	1095.56
	279.21	0.00	12.81	1094.54
	279.22	0.00	12.95	1127.53
	279.23	0.00	13.08	1145.52
	279.25	0.00	13.12	1164.51
	279.26	0.00	13.19	1178.49
	279.27	0.00	13.23	1198.48
	279.28	0.00	13.37	1236.48
	279.29	0.00	13.41	1251.50
	279.30	0.00	13.43	1267.51
	279.32	0.00	13.44	1273.51
	279.33	0.00	13.47	1281.53
	279.34	0.00	13.49	1286.53
	279.35	0.00	13.48	1276.53
	279.36	0.00	13.53	1278.53
	279.37	0.00	13.53	1272.53
	279.39	0.00	13.55	1266.53
	279.40	0.00	13.57	1267.53
	279.41	0.00	13.63	1261.52
	279.42	0.00	13.67	1266.54
	279.43	0.00	13.72	1253.54
	279.44	0.00	13.73	1242.55
	279.45	0.00	13.77	1238.56
	279.47	0.00	13.81	1258.56
	279.48	0.00	13.82	1258.56
	279.49	0.00	13.83	1261.57
	279.50	0.00	13.83	1262.57
	279.51	0.00	13.82	1289.58
	279.52	0.00	13.82	1290.58
	279.54	0.00	13.80	1286.58
	279.55	0.00	13.79	1293.59
	279.56	0.00	13.78	1295.60
	279.57	0.00	13.80	1277.60
	279.58	0.00	13.79	1305.60
	279.60	0.00	13.81	1307.60
	279.61	0.00	13.82	1306.60
	279.62	0.00	13.82	1305.60
	279.63	0.00	13.85	1308.60
	279.64	0.00	13.86	1307.60
	279.65	0.00	13.92	1289.60
	279.67	0.00	13.92	1278.61
	279.68	0.00	14.11	1294.61
	279.69	0.00	14.12	1291.61
	279.70	0.00	14.16	1296.60
	279.71	0.00	14.17	1314.60
	279.72	0.00	14.22	1321.60
	279.74	0.00	14.27	1315.58
	279.75	0.00	14.37	1320.57
	279.76	0.00	14.44	1315.55
	279.77	0.00	14.55	1287.48
	279.78	0.00	14.66	1285.42
	279.79	0.00	14.75	1273.37
	279.80	0.00	14.84	1264.37
	279.82	0.00	15.02	1266.24
	279.83	0.00	15.21	1258.12
	279.84	0.00	15.38	1219.09
	279.85	0.00	15.47	1211.06
	279.86	0.00	15.55	1173.04
	279.88	0.00	15.60	1126.00
	279.89	0.00	15.64	1105.97
	279.90	0.00	15.66	1085.93
	279.91	0.00	15.70	1064.90
	279.92	0.00	15.70	1042.88
	279.93	0.00	15.67	1013.87
	279.95	0.00	15.69	997.86
	279.96	0.00	15.67	970.84
	279.97	0.00	15.65	927.83
	279.98	0.00	15.66	925.83
	279.99	0.00	15.59	893.82
	280.00	0.00	15.58	881.82
	280.02	0.00	15.45	853.82
	280.03	0.00	15.14	822.82
	280.04	0.00	15.02	813.82
	280.05	0.00	14.86	805.89
	280.06	0.00	14.62	782.98
	280.07	0.00	14.51	768.01
	280.08	0.00	13.81	625.00
	280.10	0.00	14.16	686.99
	280.11	0.00	14.39	729.99
	280.12	0.00	14.41	734.99
	280.13	0.00	14.43	738.99
	280.14	0.00	14.42	735.99
	280.16	0.00	14.43	741.99
	280.17	0.00	14.44	743.99
	280.18	0.00	14.41	741.00
	280.19	0.00	14.41	740.00
	280.20	0.00	14.43	737.00
	280.21	0.00	14.41	737.00
	280.22	0.00	14.42	738.00
	280.24	0.00	14.42	738.00
	280.25	0.00	14.41	737.00
	280.26	0.00	14.45	745.00
	280.27	0.00	14.44	743.00
	280.28	0.00	14.48	742.97
	280.29	0.00	14.46	748.00
	280.30	0.00	14.47	751.00
	280.32	0.00	14.47	749.00
	280.33	0.00	14.51	758.00
	280.34	0.00	14.49	755.00
	280.35	0.00	14.50	752.99
	280.36	0.00	14.52	754.99
	280.38	0.00	14.54	761.99
	280.39	0.00	14.56	758.99
	280.40	0.00	14.54	759.99
	280.41	0.00	14.55	761.99
	280.42	0.00	14.45	763.05
	280.43	0.00	14.19	733.12
	280.44	0.00	13.90	697.16
	280.46	0.00	13.31	644.21
	280.47	0.00	13.07	657.29
	280.48	0.00	12.22	721.58
	280.49	0.00	11.52	801.78
	280.50	0.00	11.26	876.88
	280.51	0.00	11.16	901.91
	280.52	0.00	11.14	917.89
	280.54	0.00	11.38	947.71
	280.55	0.00	11.52	964.65
	280.56	0.00	11.64	1000.66
	280.57	0.00	11.81	1015.64
	280.58	0.00	11.92	1029.64
	280.60	0.00	12.02	1036.64
	280.61	0.00	12.13	1045.65
	280.62	0.00	12.21	1040.63
	280.63	0.00	12.35	1048.63
	280.64	0.00	12.47	1060.63
	280.65	0.00	12.50	1053.63
	280.67	0.00	12.58	1055.62
	280.68	0.00	12.67	1059.60
	280.69	0.00	12.87	1089.59
	280.70	0.00	13.08	1124.55
	280.71	0.00	13.19	1131.54
	280.72	0.00	13.27	1140.53
	280.73	0.00	13.34	1153.53
	280.75	0.00	13.40	1158.53
	280.76	0.00	13.44	1161.53
	280.77	0.00	13.52	1175.53
	280.78	0.00	13.60	1193.53
	280.79	0.00	13.65	1198.53
	280.81	0.00	13.68	1203.53
	280.82	0.00	13.72	1204.53
	280.83	0.00	13.75	1206.53
	280.84	0.00	13.78	1209.52
	280.85	0.00	13.81	1211.52
	280.86	0.00	14.02	1231.51
	280.88	0.00	13.88	1215.50
	280.89	0.00	13.90	1217.50
	280.90	0.00	14.13	1240.49
	280.91	0.00	14.16	1243.48
	280.92	0.00	14.21	1247.46
	280.93	0.00	14.26	1252.44
	280.95	0.00	14.12	1239.43
	280.96	0.00	14.12	1246.43
	280.97	0.00	14.11	1251.42
	280.98	0.00	14.10	1258.42
	280.99	0.00	14.06	1251.40
	281.00	0.00	14.01	1234.40
	281.02	0.00	13.97	1233.40
	281.03	0.00	13.91	1231.40
	281.04	0.00	13.90	1252.41
	281.05	0.00	13.86	1268.42
	281.06	0.00	13.81	1262.39
	281.07	0.00	13.69	1249.43
	281.08	0.00	13.63	1244.44
	281.10	0.00	13.54	1228.45
	281.11	0.00	13.52	1233.46
	281.12	0.00	13.52	1239.46
	281.13	0.00	13.51	1240.47
	281.14	0.00	13.52	1245.48
	281.16	0.00	13.50	1241.48
	281.17	0.00	13.50	1239.49
	281.18	0.00	13.57	1248.49
	281.19	0.00	13.59	1249.49
	281.20	0.00	13.65	1263.50
	281.21	0.00	13.70	1265.51
	281.23	0.00	13.73	1269.51
	281.24	0.00	13.77	1276.51
	281.25	0.00	13.83	1282.51
	281.26	0.00	13.88	1279.51
	281.27	0.00	13.96	1272.50
	281.28	0.00	14.02	1269.51
	281.30	0.00	14.11	1266.49
	281.31	0.00	14.17	1261.47
	281.32	0.00	14.25	1264.44
	281.33	0.00	14.30	1263.43
	281.34	0.00	14.36	1270.44
	281.35	0.00	14.40	1259.44
	281.36	0.00	14.48	1253.42
	281.38	0.00	14.56	1240.38
	281.39	0.00	14.82	1286.35
	281.40	0.00	14.99	1287.24
	281.41	0.00	15.12	1284.16
	281.42	0.00	15.33	1251.10
	281.44	0.00	15.43	1213.09
	281.45	0.00	15.45	1174.07
	281.46	0.00	15.47	1159.05
	281.47	0.00	15.51	1142.04
	281.48	0.00	15.53	1128.04
	281.49	0.00	15.57	1113.03
	281.51	0.00	15.58	1095.02
	281.52	0.00	15.58	1086.02
	281.53	0.00	15.58	1073.01
	281.54	0.00	15.60	1053.99
	281.55	0.00	15.59	1037.96
	281.56	0.00	15.59	1022.94
	281.58	0.00	15.56	1007.92
	281.59	0.00	15.55	981.89
	281.60	0.00	15.44	928.88
	281.61	0.00	15.37	927.88
	281.62	0.00	15.30	907.88
	281.63	0.00	15.02	880.91
	281.65	0.00	14.88	847.96
	281.66	0.00	14.75	830.01
	281.67	0.00	14.46	769.02
	281.68	0.00	13.95	666.02
	281.69	0.00	13.89	662.03
	281.70	0.00	14.25	722.03
	281.72	0.00	14.29	737.04
	281.73	0.00	14.30	743.05
	281.74	0.00	14.36	750.04
	281.75	0.00	14.42	761.04
	281.76	0.00	14.44	763.03
	281.77	0.00	14.49	766.02
	281.79	0.00	14.46	764.02
	281.80	0.00	14.51	769.02
	281.81	0.00	14.51	769.02
	281.82	0.00	14.52	771.02
	281.83	0.00	14.52	770.02
	281.84	0.00	14.56	773.00
	281.85	0.00	14.52	764.02
	281.87	0.00	14.50	763.01
	281.88	0.00	14.52	767.01
	281.89	0.00	14.50	764.01
	281.90	0.00	14.51	765.01
	281.91	0.00	14.50	757.01
	281.92	0.00	14.48	762.02
	281.94	0.00	14.53	766.01
	281.95	0.00	14.53	765.01
	281.96	0.00	14.57	779.01
	281.97	0.00	14.64	788.00
	281.98	0.00	14.67	800.00
	281.99	0.00	14.69	804.00
	282.01	0.00	14.75	806.98
	282.02	0.00	14.74	808.98
	282.03	0.00	14.75	810.99
	282.04	0.00	14.75	811.98
	282.05	0.00	14.79	816.98
	282.06	0.00	14.80	818.98
	282.08	0.00	14.80	818.98
	282.09	0.00	14.79	818.99
	282.10	0.00	14.79	816.98
	282.11	0.00	14.79	816.98
	282.12	0.00	14.72	816.01
	282.13	0.00	14.48	814.18
	282.14	0.00	14.25	800.29
	282.16	0.00	13.68	727.37
	282.17	0.00	13.15	693.46
	282.18	0.00	12.58	692.57
	282.19	0.00	11.74	643.66
	282.20	0.00	11.58	670.73
	282.21	0.00	11.79	730.77
	282.23	0.00	12.12	804.80
	282.24	0.00	12.25	853.84
	282.25	0.00	12.76	982.82
	282.26	0.00	13.04	1055.80
	282.27	0.00	13.09	1095.82
	282.28	0.00	13.10	1122.83
	282.30	0.00	13.11	1148.85
	282.31	0.00	13.10	1168.87
	282.32	0.00	13.10	1179.90
	282.33	0.00	13.12	1185.90
	282.34	0.00	13.17	1186.85
	282.35	0.00	13.21	1180.84
	282.36	0.00	13.27	1179.82
	282.38	0.00	13.37	1177.76
	282.39	0.00	13.41	1171.77
	282.40	0.00	13.47	1169.76
	282.41	0.00	13.53	1166.74
	282.42	0.00	13.60	1159.72
	282.44	0.00	13.70	1157.69
	282.45	0.00	13.80	1158.67
	282.46	0.00	13.89	1158.67
	282.47	0.00	13.96	1162.66
	282.48	0.00	14.03	1158.65
	282.49	0.00	14.07	1164.65
	282.51	0.00	14.13	1164.64
	282.52	0.00	14.17	1165.64
	282.53	0.00	14.23	1165.63
	282.54	0.00	14.28	1165.63
	282.55	0.00	14.32	1166.63
	282.56	0.00	14.38	1167.62
	282.58	0.00	14.42	1168.60
	282.59	0.00	14.46	1168.60
	282.60	0.00	14.47	1190.59
	282.61	0.00	14.49	1192.59
	282.62	0.00	14.55	1197.58
	282.63	0.00	14.57	1197.58
	282.64	0.00	14.61	1194.57
	282.66	0.00	14.65	1199.56
	282.67	0.00	14.82	1219.55
	282.68	0.00	14.88	1225.54
	282.69	0.00	14.90	1232.54
	282.70	0.00	14.93	1252.54
	282.72	0.00	14.98	1261.53
	282.73	0.00	15.03	1250.53
	282.74	0.00	15.05	1257.52
	282.75	0.00	15.09	1266.52
	282.76	0.00	15.09	1294.52
	282.77	0.00	15.11	1273.52
	282.79	0.00	15.19	1294.52
	282.80	0.00	15.27	1296.49
	282.81	0.00	15.30	1308.50
	282.82	0.00	15.36	1308.48
	282.83	0.00	15.44	1311.43
	282.84	0.00	15.69	1315.19
	282.86	0.00	15.76	1311.13
	282.87	0.00	15.82	1310.08
	282.88	0.00	15.82	1302.08
	282.89	0.00	15.84	1281.07
	282.90	0.00	15.87	1280.05
	282.91	0.00	15.89	1283.05
	282.93	0.00	15.90	1273.04
	282.94	0.00	15.90	1262.04
	282.95	0.00	15.90	1251.04
	282.96	0.00	15.91	1246.04
	282.97	0.00	15.90	1228.03
	282.98	0.00	15.91	1227.03
	283.00	0.00	15.92	1218.02
	283.01	0.00	15.92	1216.01
	283.02	0.00	15.93	1213.01
	283.03	0.00	15.94	1210.00
	283.04	0.00	15.95	1207.00
	283.05	0.00	15.97	1198.99
	283.07	0.00	15.96	1190.98
	283.08	0.00	15.97	1186.98
	283.09	0.00	15.98	1176.97
	283.10	0.00	15.98	1164.97
	283.11	0.00	15.99	1157.96
	283.12	0.00	15.99	1141.96
	283.14	0.00	15.97	1127.95
	283.15	0.00	15.97	1113.93
	283.16	0.00	15.93	1092.92
	283.17	0.00	15.96	1067.90
	283.18	0.00	15.96	1055.89
	283.19	0.00	15.95	1041.87
	283.21	0.00	15.92	1020.85
	283.22	0.00	15.88	997.84
	283.23	0.00	15.87	968.82
	283.24	0.00	15.86	955.82
	283.25	0.00	15.84	940.82
	283.26	0.00	15.80	924.81
	283.28	0.00	15.77	918.81
	283.29	0.00	15.53	890.81
	283.30	0.00	15.47	880.81
	283.31	0.00	15.25	876.89
	283.32	0.00	15.08	861.97
	283.33	0.00	14.97	856.03
	283.35	0.00	14.72	797.06
	283.36	0.00	14.60	755.01
	283.37	0.00	14.70	784.02
	283.38	0.00	14.72	789.02
	283.39	0.00	14.71	788.03
	283.40	0.00	14.70	787.03
	283.42	0.00	14.71	789.03
	283.43	0.00	14.71	787.03
	283.44	0.00	14.70	789.04
	283.45	0.00	14.70	789.04
	283.46	0.00	14.68	793.06
	283.47	0.00	14.64	790.09
	283.48	0.00	14.60	784.10
	283.50	0.00	14.59	782.10
	283.51	0.00	14.60	779.08
	283.52	0.00	14.60	779.08
	283.53	0.00	14.60	779.08
	283.54	0.00	14.57	778.10
	283.55	0.00	14.57	777.10
	283.57	0.00	14.58	778.10
	283.58	0.00	14.60	778.08
	283.59	0.00	14.66	779.04
	283.60	0.00	14.65	778.04
	283.61	0.00	14.67	780.03
	283.62	0.00	14.68	781.03
	283.64	0.00	14.68	781.03
	283.65	0.00	14.68	782.03
	283.66	0.00	14.69	784.03
	283.67	0.00	14.70	785.03
	283.68	0.00	14.70	786.03
	283.69	0.00	14.72	785.02
	283.70	0.00	14.72	787.02
	283.72	0.00	14.72	785.01
	283.73	0.00	14.73	786.01
	283.74	0.00	14.73	787.01
	283.75	0.00	14.75	784.99
	283.76	0.00	14.72	784.01
	283.77	0.00	14.72	784.01
	283.79	0.00	14.47	781.18
	283.80	0.00	14.29	779.28
	283.81	0.00	14.04	760.34
	283.82	0.00	13.51	733.48
	283.83	0.00	13.18	763.61
	283.84	0.00	12.56	749.72
	283.86	0.00	12.29	783.86
	283.87	0.00	12.05	808.90
	283.88	0.00	12.16	864.97
	283.89	0.00	12.20	887.94
	283.90	0.00	12.21	913.95
	283.91	0.00	12.61	992.88
	283.92	0.00	12.93	1054.78
	283.94	0.00	13.08	1089.76
	283.95	0.00	13.25	1117.69
	283.96	0.00	13.36	1146.69
	283.97	0.00	13.45	1164.69
	283.98	0.00	13.55	1180.67
	284.00	0.00	13.65	1200.67
	284.01	0.00	13.72	1209.67
	284.02	0.00	13.85	1231.66
	284.03	0.00	13.92	1235.66
	284.04	0.00	13.99	1238.66
	284.05	0.00	14.04	1240.66
	284.07	0.00	14.10	1242.66
	284.08	0.00	14.15	1248.66
	284.09	0.00	14.24	1251.61
	284.10	0.00	14.25	1254.65
	284.11	0.00	14.28	1277.65
	284.12	0.00	14.31	1283.65
	284.14	0.00	14.28	1306.65
	284.15	0.00	14.36	1290.65
	284.16	0.00	14.33	1312.64
	284.17	0.00	14.36	1319.64
	284.18	0.00	14.38	1327.64
	284.19	0.00	14.40	1338.64
	284.21	0.00	14.42	1344.63
	284.22	0.00	14.44	1350.64
	284.23	0.00	14.45	1353.64
	284.24	0.00	14.45	1355.63
	284.25	0.00	14.48	1400.63
	284.26	0.00	14.46	1378.63
	284.28	0.00	14.46	1378.63
	284.29	0.00	14.49	1382.60
	284.30	0.00	14.48	1408.63
	284.31	0.00	14.49	1417.63
	284.32	0.00	14.51	1423.62
	284.33	0.00	14.48	1415.63
	284.35	0.00	14.48	1417.63
	284.36	0.00	14.48	1418.63
	284.37	0.00	14.46	1419.64
	284.38	0.00	14.43	1404.63
	284.39	0.00	14.40	1400.64
	284.40	0.00	14.34	1400.65
	284.42	0.00	14.31	1407.66
	284.43	0.00	14.25	1407.67
	284.44	0.00	14.21	1407.68
	284.45	0.00	14.18	1404.67
	284.46	0.00	14.16	1397.67
	284.47	0.00	14.12	1411.67
	284.49	0.00	14.10	1395.67
	284.50	0.00	14.05	1383.67
	284.51	0.00	14.03	1381.67
	284.52	0.00	13.99	1368.67
	284.53	0.00	13.93	1347.67
	284.55	0.00	13.79	1311.67
	284.56	0.00	13.78	1308.68
	284.57	0.00	13.80	1311.68
	284.58	0.00	13.79	1311.68
	284.59	0.00	13.80	1311.68
	284.60	0.00	13.81	1313.68
	284.61	0.00	13.82	1313.68
	284.63	0.00	13.86	1302.67
	284.64	0.00	13.88	1301.67
	284.65	0.00	13.89	1298.67
	284.66	0.00	13.91	1292.66
	284.67	0.00	13.93	1283.67
	284.69	0.00	13.95	1278.66
	284.70	0.00	13.97	1270.66
	284.71	0.00	14.01	1262.66
	284.72	0.00	14.03	1260.66
	284.73	0.00	14.05	1260.65
	284.74	0.00	14.07	1257.65
	284.75	0.00	14.12	1251.64
	284.77	0.00	14.20	1238.63
	284.78	0.00	14.32	1221.60
	284.79	0.00	14.42	1197.58
	284.80	0.00	14.52	1166.56
	284.81	0.00	14.73	1199.53
	284.82	0.00	14.84	1179.53
	284.84	0.00	15.02	1148.47
	284.85	0.00	15.09	1134.43
	284.86	0.00	15.42	1130.10
	284.87	0.00	15.63	1138.06
	284.88	0.00	15.63	1112.05
	284.89	0.00	15.62	1090.03
	284.91	0.00	15.59	1057.01
	284.92	0.00	15.51	1010.97
	284.93	0.00	15.50	990.95
	284.94	0.00	15.46	964.93
	284.95	0.00	15.18	910.92
	284.96	0.00	15.10	870.92
	284.98	0.00	15.03	859.95
	284.99	0.00	14.93	847.99
	285.00	0.00	14.83	830.01
	285.01	0.00	14.69	811.07
	285.02	0.00	14.52	784.12
	285.03	0.00	13.99	681.12
	285.05	0.00	14.19	719.13
	285.06	0.00	14.23	726.14
	285.07	0.00	14.26	731.14
	285.08	0.00	14.22	733.19
	285.09	0.00	14.21	731.19
	285.10	0.00	14.17	730.20
	285.11	0.00	14.21	728.18
	285.13	0.00	14.23	734.17
	285.14	0.00	14.24	735.17
	285.15	0.00	14.25	737.17
	285.16	0.00	14.26	739.17
	285.17	0.00	14.27	740.16
	285.19	0.00	14.25	743.19
	285.20	0.00	14.24	743.20
	285.21	0.00	14.22	744.22
	285.22	0.00	14.17	736.22
	285.23	0.00	14.21	743.22
	285.24	0.00	14.18	744.25
	285.26	0.00	14.18	743.24
	285.27	0.00	14.20	746.24
	285.28	0.00	14.24	753.23
	285.29	0.00	14.25	754.23
	285.30	0.00	14.26	753.22
	285.31	0.00	14.27	753.21
	285.33	0.00	14.31	753.18
	285.34	0.00	14.29	757.21
	285.35	0.00	14.31	761.21
	285.36	0.00	14.31	756.20
	285.37	0.00	14.30	760.21
	285.38	0.00	14.33	769.22
	285.39	0.00	14.33	769.22
	285.41	0.00	14.25	770.29
	285.42	0.00	14.16	769.31
	285.43	0.00	13.99	748.34
	285.44	0.00	13.18	654.41
	285.45	0.00	12.80	662.57
	285.46	0.00	11.93	675.75
	285.48	0.00	11.51	701.87
	285.49	0.00	11.24	730.95
	285.50	0.00	11.19	770.02
	285.51	0.00	11.16	787.00
	285.52	0.00	11.24	812.98
	285.53	0.00	11.28	822.95
	285.55	0.00	11.31	838.94
	285.56	0.00	11.32	850.92
	285.57	0.00	11.45	892.88
	285.58	0.00	11.55	905.85
	285.59	0.00	11.65	918.81
	285.60	0.00	11.68	918.79
	285.61	0.00	11.78	944.75
	285.63	0.00	11.83	943.72
	285.64	0.00	11.91	945.67
	285.65	0.00	11.97	946.62
	285.66	0.00	12.05	954.62
	285.67	0.00	12.06	960.64
	285.68	0.00	12.09	963.65
	285.70	0.00	12.15	972.65
	285.71	0.00	12.16	973.65
	285.72	0.00	12.20	976.66
	285.73	0.00	12.21	975.67
	285.74	0.00	12.29	978.66
	285.75	0.00	12.36	988.66
	285.77	0.00	12.51	1027.66
	285.78	0.00	12.61	1032.64
	285.79	0.00	12.73	1040.62
	285.80	0.00	12.85	1044.62
	285.81	0.00	12.94	1051.59
	285.82	0.00	12.97	1057.61
	285.83	0.00	13.07	1084.61
	285.85	0.00	13.12	1083.60
	285.86	0.00	13.18	1087.60
	285.87	0.00	13.23	1093.60
	285.88	0.00	13.25	1089.61
	285.89	0.00	13.32	1090.60
	285.90	0.00	13.33	1090.59
	285.92	0.00	13.35	1091.59
	285.93	0.00	13.39	1092.59
	285.94	0.00	13.40	1090.59
	285.95	0.00	13.41	1094.59
	285.96	0.00	13.41	1096.59
	285.98	0.00	13.42	1099.59
	285.99	0.00	13.43	1103.59
	286.00	0.00	13.45	1107.58
	286.01	0.00	13.46	1109.59
	286.02	0.00	13.50	1109.58
	286.03	0.00	13.53	1111.58
	286.05	0.00	13.56	1116.58
	286.06	0.00	13.56	1112.57
	286.07	0.00	13.57	1114.57
	286.08	0.00	13.58	1113.57
	286.09	0.00	13.79	1139.57
	286.10	0.00	13.81	1138.57
	286.11	0.00	13.82	1135.58
	286.13	0.00	13.84	1134.57
	286.14	0.00	13.88	1136.58
	286.15	0.00	13.93	1134.57
	286.16	0.00	13.98	1131.57
	286.17	0.00	14.04	1131.57
	286.19	0.00	14.13	1110.57
	286.20	0.00	14.18	1116.57
	286.21	0.00	14.21	1111.56
	286.22	0.00	14.28	1121.56
	286.23	0.00	14.32	1116.55
	286.24	0.00	14.37	1114.54
	286.26	0.00	14.41	1115.53
	286.27	0.00	14.44	1104.53
	286.28	0.00	14.51	1117.51
	286.29	0.00	14.57	1086.50
	286.30	0.00	14.61	1080.49
	286.31	0.00	14.65	1075.48
	286.33	0.00	14.69	1069.46
	286.34	0.00	14.78	1061.40
	286.35	0.00	14.74	1057.45
	286.36	0.00	14.74	1050.45
	286.37	0.00	14.76	1045.44
	286.38	0.00	14.81	1022.43
	286.39	0.00	14.85	1019.41
	286.41	0.00	14.89	1011.38
	286.42	0.00	14.96	1009.33
	286.43	0.00	14.98	994.30
	286.44	0.00	15.21	1007.13
	286.45	0.00	15.24	977.08
	286.47	0.00	15.30	971.06
	286.48	0.00	15.33	963.05
	286.49	0.00	15.30	949.05
	286.50	0.00	15.35	947.03
	286.51	0.00	15.36	939.01
	286.52	0.00	15.41	929.96
	286.53	0.00	15.45	921.93
	286.55	0.00	15.47	907.91
	286.56	0.00	15.45	885.88
	286.57	0.00	15.47	879.87
	286.58	0.00	15.44	871.86
	286.59	0.00	15.47	854.86
	286.61	0.00	15.47	842.85
	286.62	0.00	15.48	821.84
	286.63	0.00	15.46	813.84
	286.64	0.00	15.48	819.83
	286.65	0.00	15.44	813.83
	286.66	0.00	15.40	806.83
	286.67	0.00	15.12	778.83
	286.69	0.00	15.05	768.83
	286.70	0.00	14.89	764.86
	286.71	0.00	14.69	748.95
	286.72	0.00	14.52	728.99
	286.73	0.00	14.38	713.04
	286.74	0.00	14.23	693.06
	286.76	0.00	14.18	681.05
	286.77	0.00	14.17	682.06
	286.78	0.00	14.20	685.05
	286.79	0.00	14.22	688.05
	286.80	0.00	14.20	687.06
	286.81	0.00	14.23	692.06
	286.83	0.00	14.22	690.06
	286.84	0.00	14.22	690.07
	286.85	0.00	14.25	695.07
	286.86	0.00	14.22	697.07
	286.87	0.00	14.21	698.08
	286.88	0.00	14.21	698.08
	286.89	0.00	14.20	696.08
	286.91	0.00	14.19	694.09
	286.92	0.00	14.17	693.09
	286.93	0.00	14.18	697.10
	286.94	0.00	14.15	701.14
	286.95	0.00	14.18	707.14
	286.96	0.00	14.19	711.15
	286.98	0.00	14.21	716.15
	286.99	0.00	14.23	717.14
	287.00	0.00	14.23	717.14
	287.01	0.00	14.24	720.14
	287.02	0.00	14.28	724.13
	287.03	0.00	14.31	721.09
	287.05	0.00	14.32	724.10
	287.06	0.00	14.36	725.07
	287.07	0.00	14.38	727.06
	287.08	0.00	14.39	727.06
	287.09	0.00	14.39	727.06
	287.10	0.00	14.40	728.05
	287.11	0.00	14.43	727.03
	287.13	0.00	14.42	726.03
	287.14	0.00	14.41	726.04
	287.15	0.00	14.34	715.05
	287.16	0.00	14.33	714.05
	287.17	0.00	13.98	706.24
	287.18	0.00	13.84	704.28
	287.20	0.00	13.46	678.36
	287.21	0.00	12.74	645.49
	287.22	0.00	11.53	605.60
	287.23	0.00	11.13	630.69
	287.24	0.00	10.87	680.82
	287.25	0.00	10.69	734.89
	287.27	0.00	10.89	790.90
	287.28	0.00	11.08	849.94
	287.29	0.00	11.10	870.92
	287.30	0.00	11.15	899.89
	287.31	0.00	11.32	931.87
	287.32	0.00	11.38	945.86
	287.33	0.00	11.49	972.85
	287.35	0.00	11.56	951.80
	287.36	0.00	11.57	962.84
	287.37	0.00	11.59	938.84
	287.38	0.00	11.64	934.83
	287.39	0.00	11.71	929.81
	287.41	0.00	11.78	921.74
	287.42	0.00	11.86	923.70
	287.43	0.00	11.95	920.64
	287.44	0.00	11.93	922.68
	287.45	0.00	11.97	922.69
	287.46	0.00	12.02	940.71
	287.47	0.00	12.05	945.72
	287.49	0.00	12.13	976.73
	287.50	0.00	12.18	987.74
	287.51	0.00	12.23	991.74
	287.52	0.00	12.29	995.73
	287.53	0.00	12.34	993.73
	287.54	0.00	12.38	995.73
	287.56	0.00	12.44	994.73
	287.57	0.00	12.48	994.74
	287.58	0.00	12.55	996.74
	287.59	0.00	12.66	1006.72
	287.60	0.00	12.72	1003.73
	287.61	0.00	12.78	1003.72
	287.63	0.00	12.86	1005.72
	287.64	0.00	12.99	987.72
	287.65	0.00	13.07	992.72
	287.66	0.00	13.13	985.71
	287.67	0.00	13.25	991.70
	287.68	0.00	13.28	990.70
	287.70	0.00	13.36	989.69
	287.71	0.00	13.43	989.68
	287.72	0.00	13.46	993.69
	287.73	0.00	13.59	1022.68
	287.74	0.00	13.67	1024.68
	287.75	0.00	13.70	1020.67
	287.77	0.00	13.96	1038.67
	287.78	0.00	13.99	1037.66
	287.79	0.00	14.06	1036.66
	287.80	0.00	14.08	1033.66
	287.81	0.00	14.15	1033.65
	287.82	0.00	14.22	1038.65
	287.83	0.00	14.27	1041.64
	287.85	0.00	14.32	1048.64
	287.86	0.00	14.35	1052.64
	287.87	0.00	14.38	1054.64
	287.88	0.00	14.42	1065.64
	287.89	0.00	14.44	1072.64
	287.90	0.00	14.47	1068.63
	287.92	0.00	14.54	1075.61
	287.93	0.00	14.57	1075.61
	287.94	0.00	14.64	1075.56
	287.95	0.00	14.67	1074.57
	287.96	0.00	14.75	1077.52
	287.98	0.00	14.75	1081.54
	287.99	0.00	14.78	1062.55
	288.00	0.00	14.81	1059.55
	288.01	0.00	14.88	1055.49
	288.02	0.00	14.94	1059.45
	288.03	0.00	15.19	1050.19
	288.05	0.00	15.27	1048.12
	288.06	0.00	15.32	1044.10
	288.07	0.00	15.32	1017.09
	288.08	0.00	15.34	1011.09
	288.09	0.00	15.35	1003.08
	288.10	0.00	15.34	996.08
	288.11	0.00	15.37	995.07
	288.13	0.00	15.40	989.06
	288.14	0.00	15.41	980.05
	288.15	0.00	15.44	971.02
	288.16	0.00	15.47	961.99
	288.17	0.00	15.47	942.97
	288.19	0.00	15.55	940.94
	288.20	0.00	15.60	927.90
	288.21	0.00	15.61	906.87
	288.22	0.00	15.62	889.86
	288.23	0.00	15.65	886.85
	288.24	0.00	15.60	847.84
	288.25	0.00	15.58	813.84
	288.27	0.00	15.55	793.84
	288.28	0.00	15.53	789.83
	288.29	0.00	15.51	788.83
	288.30	0.00	15.37	765.83
	288.31	0.00	15.28	759.83
	288.32	0.00	15.22	749.82
	288.33	0.00	15.16	742.82
	288.35	0.00	15.06	727.82
	288.36	0.00	14.64	699.83
	288.37	0.00	14.27	664.94
	288.38	0.00	14.07	643.97
	288.39	0.00	13.88	621.00
	288.41	0.00	13.66	600.05
	288.42	0.00	13.41	562.06
	288.43	0.00	13.58	591.09
	288.44	0.00	13.75	618.09
	288.45	0.00	13.82	630.09
	288.46	0.00	13.86	634.07
	288.47	0.00	13.89	643.09
	288.49	0.00	13.91	645.08
	288.50	0.00	13.94	647.07
	288.51	0.00	14.00	655.06
	288.52	0.00	14.00	655.06
	288.53	0.00	13.99	653.06
	288.54	0.00	14.00	661.09
	288.56	0.00	14.00	659.08
	288.57	0.00	13.97	661.11
	288.58	0.00	13.97	662.11
	288.59	0.00	13.99	664.09
	288.60	0.00	14.01	667.09
	288.61	0.00	14.03	671.09
	288.62	0.00	13.90	666.16
	288.64	0.00	14.03	678.12
	288.65	0.00	13.97	685.19
	288.66	0.00	13.88	679.22
	288.67	0.00	13.94	683.20
	288.68	0.00	13.93	679.19
	288.70	0.00	13.93	679.19
	288.71	0.00	13.93	677.18
	288.72	0.00	13.95	679.18
	288.73	0.00	13.96	677.16
	288.74	0.00	14.01	681.14
	288.75	0.00	14.07	689.13
	288.76	0.00	14.08	688.12
	288.78	0.00	14.10	690.11
	288.79	0.00	14.15	696.10
	288.80	0.00	14.17	697.09
	288.81	0.00	14.20	700.08
	288.82	0.00	14.22	702.07
	288.83	0.00	14.22	699.06
	288.85	0.00	14.19	699.08
	288.86	0.00	14.03	702.20
	288.87	0.00	13.81	684.25
	288.88	0.00	13.21	611.29
	288.89	0.00	12.52	572.42
	288.90	0.00	11.99	588.56
	288.92	0.00	11.45	618.70
	288.93	0.00	11.10	656.83
	288.94	0.00	10.79	700.93
	288.95	0.00	10.57	743.00
	288.96	0.00	10.53	771.02
	288.97	0.00	10.60	804.98
	288.98	0.00	10.72	835.01
	289.00	0.00	10.88	862.98
	289.01	0.00	10.98	898.98
	289.02	0.00	11.03	908.96
	289.03	0.00	11.20	928.90
	289.04	0.00	11.29	940.91
	289.05	0.00	11.39	946.88
	289.07	0.00	11.61	966.82
	289.08	0.00	11.70	958.81
	289.09	0.00	11.76	953.81
	289.10	0.00	11.82	947.82
	289.11	0.00	11.91	942.80
	289.12	0.00	11.98	936.79
	289.14	0.00	12.03	934.79
	289.15	0.00	12.11	932.78
	289.16	0.00	12.18	956.78
	289.17	0.00	12.23	961.78
	289.18	0.00	12.28	971.79
	289.19	0.00	12.34	976.79
	289.20	0.00	12.39	990.78
	289.22	0.00	12.46	998.78
	289.23	0.00	12.51	1005.78
	289.24	0.00	12.55	1009.78
	289.25	0.00	12.58	1013.78
	289.26	0.00	12.64	1016.79
	289.27	0.00	12.68	1023.77
	289.29	0.00	12.75	1020.77
	289.30	0.00	12.81	1022.77
	289.31	0.00	12.87	1026.76
	289.32	0.00	12.94	1049.77
	289.33	0.00	13.05	1070.76
	289.34	0.00	13.09	1080.76
	289.36	0.00	13.10	1087.76
	289.37	0.00	13.15	1090.76
	289.38	0.00	13.19	1094.76
	289.39	0.00	13.23	1093.77
	289.40	0.00	13.25	1098.77
	289.41	0.00	13.27	1100.77
	289.42	0.00	13.29	1097.77
	289.44	0.00	13.32	1098.76
	289.45	0.00	13.33	1098.76
	289.46	0.00	13.34	1095.76
	289.47	0.00	13.34	1091.77
	289.48	0.00	13.33	1080.76
	289.50	0.00	13.32	1072.76
	289.51	0.00	13.31	1069.76
	289.52	0.00	13.29	1045.77
	289.53	0.00	13.33	1022.77
	289.54	0.00	13.29	1035.74
	289.55	0.00	13.30	1015.78
	289.57	0.00	13.28	1013.78
	289.58	0.00	13.28	1015.79
	289.59	0.00	13.47	1032.79
	289.60	0.00	13.47	1029.79
	289.61	0.00	13.48	1023.78
	289.62	0.00	13.51	1022.78
	289.64	0.00	13.53	1023.79
	289.65	0.00	13.61	1019.79
	289.66	0.00	13.70	1010.78
	289.67	0.00	13.74	1002.78
	289.68	0.00	13.83	996.77
	289.69	0.00	13.84	988.77
	289.70	0.00	13.91	994.76
	289.72	0.00	13.96	982.75
	289.73	0.00	14.02	982.74
	289.74	0.00	14.08	983.71
	289.75	0.00	14.13	979.69
	289.76	0.00	14.21	977.62
	289.77	0.00	14.25	973.64
	289.79	0.00	14.32	954.59
	289.80	0.00	14.35	942.60
	289.81	0.00	14.43	916.58
	289.82	0.00	14.56	916.49
	289.83	0.00	14.63	908.42
	289.84	0.00	14.89	905.21
	289.86	0.00	14.94	902.18
	289.87	0.00	14.97	892.13
	289.88	0.00	15.02	893.10
	289.89	0.00	15.01	887.10
	289.90	0.00	15.02	876.08
	289.91	0.00	15.01	868.07
	289.93	0.00	14.99	856.06
	289.94	0.00	14.97	846.05
	289.95	0.00	14.94	810.03
	289.96	0.00	14.92	781.00
	289.97	0.00	14.86	750.98
	289.98	0.00	14.78	724.97
	290.00	0.00	14.79	708.93
	290.01	0.00	14.80	687.88
	290.02	0.00	14.75	656.86
	290.03	0.00	14.71	639.85
	290.04	0.00	14.80	659.84
	290.05	0.00	14.74	652.84
	290.06	0.00	14.43	634.84
	290.08	0.00	14.35	630.84
	290.09	0.00	14.29	628.85
	290.10	0.00	14.15	611.88
	290.11	0.00	13.92	596.95
	290.12	0.00	13.77	584.98
	290.13	0.00	13.66	574.99
	290.14	0.00	13.70	599.05
	290.16	0.00	13.76	612.05
	290.17	0.00	13.98	638.02
	290.18	0.00	14.04	649.02
	290.19	0.00	14.10	664.03
	290.20	0.00	14.07	666.04
	290.21	0.00	14.08	667.04
	290.23	0.00	14.09	670.04
	290.24	0.00	14.14	679.04
	290.25	0.00	14.14	679.04
	290.26	0.00	14.13	676.05
	290.27	0.00	14.23	688.03
	290.28	0.00	14.19	689.05
	290.30	0.00	14.20	690.05
	290.31	0.00	14.23	692.05
	290.32	0.00	14.28	705.05
	290.33	0.00	14.32	713.05
	290.34	0.00	14.30	713.06
	290.35	0.00	14.31	714.06
	290.36	0.00	14.31	710.05
	290.38	0.00	14.32	709.05
	290.39	0.00	14.32	714.05
	290.40	0.00	14.35	715.05
	290.41	0.00	14.35	716.05
	290.42	0.00	14.36	715.04
	290.44	0.00	14.33	714.06
	290.45	0.00	14.34	715.05
	290.46	0.00	14.34	717.05
	290.47	0.00	14.36	718.05
	290.48	0.00	14.37	720.05
	290.49	0.00	14.38	721.05
	290.50	0.00	14.39	724.04
	290.52	0.00	14.40	724.03
	290.53	0.00	14.41	725.03
	290.54	0.00	14.42	729.02
	290.55	0.00	14.44	729.02
	290.56	0.00	14.45	731.02
	290.57	0.00	14.47	739.02
	290.59	0.00	14.35	740.10
	290.60	0.00	14.18	740.17
	290.61	0.00	13.96	714.21
	290.62	0.00	13.11	664.40
	290.63	0.00	12.13	624.54
	290.64	0.00	11.49	632.66
	290.66	0.00	11.25	660.75
	290.67	0.00	11.04	700.84
	290.68	0.00	10.95	735.89
	290.69	0.00	10.97	767.92
	290.70	0.00	11.07	807.95
	290.71	0.00	11.26	846.97
	290.72	0.00	11.23	847.96
	290.74	0.00	11.15	847.97
	290.75	0.00	11.39	898.93
	290.76	0.00	11.55	954.91
	290.77	0.00	11.59	969.92
	290.78	0.00	11.66	987.93
	290.79	0.00	11.76	996.93
	290.81	0.00	11.83	1005.94
	290.82	0.00	11.91	1005.93
	290.83	0.00	11.95	1001.92
	290.84	0.00	12.01	970.91
	290.85	0.00	11.99	956.89
	290.86	0.00	11.99	945.87
	290.88	0.00	12.16	966.85
	290.89	0.00	12.23	961.84
	290.90	0.00	12.29	971.84
	290.91	0.00	12.37	980.83
	290.92	0.00	12.53	1003.79
	290.93	0.00	12.61	1010.75
	290.95	0.00	12.71	1017.73
	290.96	0.00	12.78	1024.72
	290.97	0.00	12.83	1027.73
	290.98	0.00	12.88	1034.72
	290.99	0.00	12.91	1032.72
	291.00	0.00	12.97	1033.72
	291.02	0.00	13.04	1033.71
	291.03	0.00	13.06	1032.72
	291.04	0.00	13.14	1040.71
	291.05	0.00	13.15	1053.71
	291.06	0.00	13.19	1053.71
	291.08	0.00	13.21	1053.71
	291.09	0.00	13.25	1062.71
	291.10	0.00	13.27	1065.72
	291.11	0.00	13.33	1072.71
	291.12	0.00	13.34	1066.71
	291.13	0.00	13.35	1066.71
	291.14	0.00	13.36	1065.71
	291.16	0.00	13.39	1066.70
	291.17	0.00	13.41	1068.71
	291.18	0.00	13.44	1077.70
	291.19	0.00	13.44	1076.71
	291.20	0.00	13.47	1087.71
	291.21	0.00	13.47	1090.71
	291.23	0.00	13.50	1093.71
	291.24	0.00	13.51	1102.72
	291.25	0.00	13.53	1118.72
	291.26	0.00	13.58	1130.72
	291.27	0.00	13.61	1133.71
	291.28	0.00	13.63	1135.72
	291.30	0.00	13.65	1144.72
	291.31	0.00	13.67	1152.74
	291.32	0.00	13.69	1155.73
	291.33	0.00	13.70	1160.73
	291.34	0.00	13.75	1170.74
	291.35	0.00	13.79	1177.74
	291.36	0.00	13.82	1180.74
	291.38	0.00	14.04	1208.74
	291.39	0.00	14.09	1214.74
	291.40	0.00	14.14	1212.74
	291.41	0.00	14.24	1204.73
	291.42	0.00	14.33	1205.73
	291.44	0.00	14.40	1208.73
	291.45	0.00	14.48	1203.72
	291.46	0.00	14.60	1204.69
	291.47	0.00	14.71	1206.65
	291.48	0.00	14.81	1203.62
	291.49	0.00	14.92	1208.58
	291.51	0.00	15.03	1202.54
	291.52	0.00	15.16	1194.46
	291.53	0.00	15.28	1168.41
	291.54	0.00	15.34	1167.39
	291.55	0.00	15.56	1163.16
	291.56	0.00	15.64	1148.12
	291.58	0.00	15.69	1123.09
	291.59	0.00	15.72	1113.07
	291.60	0.00	15.76	1109.05
	291.61	0.00	15.79	1095.01
	291.62	0.00	15.82	1082.99
	291.64	0.00	15.83	1060.95
	291.65	0.00	15.85	1041.91
	291.66	0.00	15.69	968.90
	291.67	0.00	15.66	943.88
	291.68	0.00	15.59	884.87
	291.69	0.00	15.52	846.86
	291.70	0.00	15.42	811.85
	291.72	0.00	15.32	769.85
	291.73	0.00	15.22	741.84
	291.74	0.00	15.35	777.84
	291.75	0.00	15.32	776.83
	291.76	0.00	15.29	774.83
	291.77	0.00	15.18	772.84
	291.79	0.00	14.75	739.86
	291.80	0.00	14.26	673.97
	291.81	0.00	14.07	643.99
	291.82	0.00	13.73	594.02
	291.83	0.00	13.74	596.02
	291.84	0.00	13.83	609.01
	291.86	0.00	13.86	615.00
	291.87	0.00	13.90	615.98
	291.88	0.00	13.89	619.00
	291.89	0.00	13.82	614.01
	291.90	0.00	13.81	612.02
	291.91	0.00	13.82	613.02
	291.92	0.00	13.79	612.03
	291.94	0.00	13.78	612.04
	291.95	0.00	13.83	623.04
	291.96	0.00	13.86	630.05
	291.97	0.00	14.03	657.05
	291.98	0.00	14.12	673.05
	291.99	0.00	14.14	687.09
	292.01	0.00	14.16	695.11
	292.02	0.00	14.15	703.13
	292.03	0.00	14.21	707.09
	292.04	0.00	14.26	713.09
	292.05	0.00	14.27	710.08
	292.06	0.00	14.31	720.09
	292.08	0.00	14.31	724.09
	292.09	0.00	14.34	730.09
	292.10	0.00	14.34	733.10
	292.11	0.00	14.32	732.10
	292.12	0.00	14.37	735.10
	292.13	0.00	14.36	737.10
	292.14	0.00	14.38	740.10
	292.16	0.00	14.39	746.10
	292.17	0.00	14.42	749.10
	292.18	0.00	14.43	751.10
	292.19	0.00	14.45	757.09
	292.20	0.00	14.51	764.07
	292.21	0.00	14.55	765.04
	292.23	0.00	14.56	764.03
	292.24	0.00	14.61	775.03
	292.25	0.00	14.65	776.02
	292.26	0.00	14.65	781.02
	292.27	0.00	14.68	788.02
	292.28	0.00	14.69	790.02
	292.30	0.00	14.61	793.08
	292.31	0.00	14.48	806.16
	292.32	0.00	14.15	857.40
	292.33	0.00	13.30	859.59
	292.34	0.00	12.07	877.82
	292.35	0.00	11.35	895.85
	292.36	0.00	10.35	876.97
	292.38	0.00	10.24	931.01
	292.39	0.00	10.27	950.01
	292.40	0.00	10.56	972.96
	292.41	0.00	10.73	991.95
	292.42	0.00	11.02	999.84
	292.43	0.00	11.25	1003.77
	292.45	0.00	11.42	1000.73
	292.46	0.00	11.50	990.74
	292.47	0.00	11.60	989.74
	292.48	0.00	11.70	1004.73
	292.49	0.00	11.77	1000.74
	292.50	0.00	11.82	982.75
	292.52	0.00	11.90	990.76
	292.53	0.00	12.04	1011.76
	292.54	0.00	12.12	1016.77
	292.55	0.00	12.16	1016.77
	292.56	0.00	12.29	1034.78
	292.58	0.00	12.43	1049.78
	292.59	0.00	12.54	1065.76
	292.60	0.00	12.57	1067.79
	292.61	0.00	12.68	1079.80
	292.62	0.00	12.73	1084.81
	292.63	0.00	12.80	1108.81
	292.64	0.00	12.88	1109.81
	292.66	0.00	12.95	1107.81
	292.67	0.00	12.99	1105.81
	292.68	0.00	13.03	1102.81
	292.69	0.00	13.09	1095.81
	292.70	0.00	13.12	1067.81
	292.72	0.00	13.16	1062.81
	292.73	0.00	13.19	1059.81
	292.74	0.00	13.24	1065.80
	292.75	0.00	13.27	1062.79
	292.76	0.00	13.29	1064.79
	292.77	0.00	13.36	1068.79
	292.79	0.00	13.38	1072.80
	292.80	0.00	13.41	1075.79
	292.81	0.00	13.44	1079.79
	292.82	0.00	13.46	1082.79
	292.83	0.00	13.50	1086.79
	292.84	0.00	13.59	1112.79
	292.86	0.00	13.64	1123.79
	292.87	0.00	13.73	1138.77
	292.88	0.00	13.75	1150.78
	292.89	0.00	13.83	1177.78
	292.90	0.00	13.84	1214.78
	292.91	0.00	13.92	1208.78
	292.92	0.00	13.93	1241.78
	292.94	0.00	13.95	1251.79
	292.95	0.00	14.00	1232.78
	292.96	0.00	14.17	1287.78
	292.97	0.00	14.19	1290.78
	292.98	0.00	14.23	1292.78
	293.00	0.00	14.31	1271.78
	293.01	0.00	14.34	1271.78
	293.02	0.00	14.38	1270.78
	293.03	0.00	14.42	1263.77
	293.04	0.00	14.45	1265.77
	293.05	0.00	14.47	1264.77
	293.07	0.00	14.48	1262.77
	293.08	0.00	14.51	1256.78
	293.09	0.00	14.53	1252.77
	293.10	0.00	14.56	1250.76
	293.11	0.00	14.57	1244.76
	293.12	0.00	14.57	1242.76
	293.14	0.00	14.59	1239.76
	293.15	0.00	14.59	1240.76
	293.16	0.00	14.63	1242.75
	293.17	0.00	14.62	1264.76
	293.18	0.00	14.69	1241.74
	293.19	0.00	14.78	1240.69
	293.20	0.00	14.91	1237.60
	293.22	0.00	15.05	1231.49
	293.23	0.00	15.20	1206.39
	293.24	0.00	15.29	1201.32
	293.25	0.00	15.42	1196.23
	293.26	0.00	15.53	1181.12
	293.27	0.00	15.58	1148.09
	293.29	0.00	15.58	1130.08
	293.30	0.00	15.60	1119.07
	293.31	0.00	15.66	1108.03
	293.32	0.00	15.69	1094.00
	293.33	0.00	15.71	1075.96
	293.35	0.00	15.72	1061.94
	293.36	0.00	15.67	1035.93
	293.37	0.00	15.64	991.91
	293.38	0.00	15.58	957.90
	293.39	0.00	15.51	925.89
	293.40	0.00	15.47	899.87
	293.41	0.00	15.34	856.86
	293.43	0.00	15.25	820.86
	293.44	0.00	15.18	806.86
	293.45	0.00	15.16	797.85
	293.46	0.00	15.09	777.85
	293.47	0.00	14.77	743.84
	293.48	0.00	14.72	736.84
	293.50	0.00	14.62	724.88
	293.51	0.00	14.45	697.91
	293.52	0.00	14.15	664.99
	293.53	0.00	13.98	635.99
	293.54	0.00	13.63	586.00
	293.55	0.00	13.88	620.00
	293.57	0.00	14.02	654.01
	293.58	0.00	14.16	677.00
	293.59	0.00	14.19	683.00
	293.60	0.00	14.21	689.01
	293.61	0.00	14.20	688.01
	293.62	0.00	14.17	683.01
	293.64	0.00	14.19	687.01
	293.65	0.00	14.16	681.01
	293.66	0.00	14.12	678.01
	293.67	0.00	14.22	695.01
	293.68	0.00	14.22	697.01
	293.69	0.00	14.33	717.01
	293.70	0.00	14.32	715.01
	293.72	0.00	14.37	725.01
	293.73	0.00	14.38	727.01
	293.74	0.00	14.40	732.01
	293.75	0.00	14.40	732.01
	293.76	0.00	14.39	730.01
	293.77	0.00	14.42	736.01
	293.79	0.00	14.45	743.01
	293.80	0.00	14.48	750.01
	293.81	0.00	14.50	754.01
	293.82	0.00	14.51	756.01
	293.83	0.00	14.55	759.01
	293.84	0.00	14.52	759.01
	293.86	0.00	14.54	762.01
	293.87	0.00	14.55	763.00
	293.88	0.00	14.57	767.00
	293.89	0.00	14.58	770.00
	293.90	0.00	14.60	774.00
	293.91	0.00	14.62	776.00
	293.92	0.00	14.62	778.00
	293.94	0.00	14.63	782.00
	293.95	0.00	14.68	786.99
	293.96	0.00	14.69	787.99
	293.97	0.00	14.66	794.01
	293.98	0.00	14.34	785.13
	294.00	0.00	13.79	749.23
	294.01	0.00	12.59	722.58
	294.02	0.00	11.26	730.83
	294.03	0.00	10.58	813.98
	294.04	0.00	10.22	877.04
	294.05	0.00	10.08	948.09
	294.06	0.00	10.09	985.12
	294.08	0.00	10.20	995.11
	294.09	0.00	10.39	992.11
	294.10	0.00	10.69	1036.99
	294.11	0.00	10.91	1040.93
	294.12	0.00	11.05	1038.92
	294.13	0.00	11.24	1044.91
	294.15	0.00	11.38	1039.89
	294.16	0.00	11.57	1045.89
	294.17	0.00	11.69	1047.90
	294.18	0.00	11.85	1041.89
	294.19	0.00	11.97	1037.88
	294.20	0.00	12.10	1030.88
	294.22	0.00	12.20	1035.87
	294.23	0.00	12.38	1043.86
	294.24	0.00	12.52	1055.84
	294.25	0.00	12.64	1066.84
	294.26	0.00	12.75	1078.83
	294.27	0.00	12.87	1089.82
	294.29	0.00	12.96	1098.82
	294.30	0.00	13.02	1100.80
	294.31	0.00	13.13	1096.79
	294.32	0.00	13.42	1135.78
	294.33	0.00	13.51	1131.76
	294.34	0.00	13.52	1108.75
	294.36	0.00	13.61	1101.72
	294.37	0.00	13.60	1095.69
	294.38	0.00	13.68	1094.66
	294.39	0.00	13.78	1107.63
	294.40	0.00	13.83	1097.62
	294.41	0.00	13.91	1099.61
	294.42	0.00	13.94	1090.59
	294.44	0.00	14.01	1089.58
	294.45	0.00	14.00	1090.59
	294.46	0.00	14.01	1070.59
	294.47	0.00	14.00	1096.60
	294.48	0.00	13.99	1117.60
	294.50	0.00	14.00	1097.60
	294.51	0.00	14.02	1098.60
	294.52	0.00	14.06	1105.59
	294.53	0.00	14.17	1105.52
	294.54	0.00	14.34	1101.39
	294.55	0.00	14.41	1097.35
	294.57	0.00	14.42	1095.37
	294.58	0.00	14.43	1095.38
	294.59	0.00	14.43	1097.38
	294.60	0.00	14.42	1095.40
	294.61	0.00	14.43	1122.39
	294.62	0.00	14.47	1121.37
	294.64	0.00	14.51	1127.37
	294.65	0.00	14.67	1085.34
	294.66	0.00	14.72	1109.28
	294.67	0.00	14.78	1112.23
	294.68	0.00	14.82	1115.21
	294.69	0.00	14.86	1118.20
	294.70	0.00	14.90	1097.20
	294.72	0.00	14.89	1118.20
	294.73	0.00	14.95	1092.19
	294.74	0.00	15.00	1075.19
	294.75	0.00	15.06	1072.17
	294.76	0.00	15.10	1069.14
	294.77	0.00	15.14	1068.12
	294.79	0.00	15.17	1068.11
	294.80	0.00	15.18	1054.10
	294.81	0.00	15.21	1047.09
	294.82	0.00	15.22	1028.08
	294.83	0.00	15.21	1021.08
	294.84	0.00	15.22	1020.07
	294.86	0.00	15.22	1014.07
	294.87	0.00	15.23	1004.06
	294.88	0.00	15.25	1002.06
	294.89	0.00	15.27	1000.05
	294.90	0.00	15.27	994.05
	294.91	0.00	15.28	988.04
	294.92	0.00	15.29	985.04
	294.94	0.00	15.29	977.03
	294.95	0.00	15.30	973.02
	294.96	0.00	15.35	969.00
	294.97	0.00	15.37	957.97
	294.98	0.00	15.43	949.91
	295.00	0.00	15.45	937.89
	295.01	0.00	15.48	926.87
	295.02	0.00	15.49	910.85
	295.03	0.00	15.48	892.84
	295.04	0.00	15.42	842.83
	295.05	0.00	15.38	806.82
	295.07	0.00	15.30	773.82
	295.08	0.00	15.24	745.81
	295.09	0.00	15.20	727.81
	295.10	0.00	15.13	710.81
	295.11	0.00	15.08	691.80
	295.12	0.00	15.06	699.80
	295.13	0.00	15.06	702.80
	295.14	0.00	15.00	694.80
	295.16	0.00	14.97	692.80
	295.17	0.00	14.56	674.80
	295.18	0.00	14.37	652.83
	295.19	0.00	13.88	600.92
	295.20	0.00	13.74	582.93
	295.22	0.00	13.59	561.93
	295.23	0.00	13.68	574.93
	295.24	0.00	13.73	582.93
	295.25	0.00	13.77	587.93
	295.26	0.00	13.77	590.93
	295.27	0.00	13.81	594.94
	295.28	0.00	13.81	599.94
	295.30	0.00	13.78	592.94
	295.31	0.00	13.77	593.94
	295.32	0.00	13.77	593.94
	295.33	0.00	13.77	592.95
	295.34	0.00	13.74	594.95
	295.35	0.00	13.77	600.95
	295.36	0.00	13.75	596.95
	295.38	0.00	13.77	600.95
	295.39	0.00	13.81	606.95
	295.40	0.00	13.93	626.95
	295.41	0.00	14.00	638.95
	295.42	0.00	14.01	642.96
	295.44	0.00	14.05	649.96
	295.45	0.00	14.06	651.96
	295.46	0.00	14.02	645.96
	295.47	0.00	14.01	644.96
	295.48	0.00	14.00	641.96
	295.49	0.00	13.99	641.96
	295.50	0.00	14.04	642.96
	295.52	0.00	14.07	654.96
	295.53	0.00	14.07	654.96
	295.54	0.00	14.13	665.96
	295.55	0.00	14.24	683.96
	295.56	0.00	14.32	699.95
	295.57	0.00	14.38	709.95
	295.58	0.00	14.44	721.95
	295.60	0.00	14.42	718.95
	295.61	0.00	14.43	722.96
	295.62	0.00	14.42	721.96
	295.63	0.00	14.39	724.98
	295.64	0.00	14.18	716.05
	295.66	0.00	13.58	633.09
	295.67	0.00	13.12	628.12
	295.68	0.00	12.11	628.34
	295.69	0.00	11.70	687.45
	295.70	0.00	11.46	737.53
	295.71	0.00	11.21	789.60
	295.73	0.00	11.04	834.67
	295.74	0.00	11.04	871.68
	295.75	0.00	11.53	938.49
	295.76	0.00	11.66	981.47
	295.77	0.00	11.83	1012.48
	295.78	0.00	12.03	1042.48
	295.79	0.00	12.14	1056.49
	295.81	0.00	12.23	1084.48
	295.82	0.00	12.29	1087.49
	295.83	0.00	12.33	1082.48
	295.84	0.00	12.38	1078.49
	295.85	0.00	12.44	1073.49
	295.86	0.00	12.47	1072.49
	295.88	0.00	12.54	1068.49
	295.89	0.00	12.61	1067.48
	295.90	0.00	12.67	1076.48
	295.91	0.00	12.72	1081.47
	295.92	0.00	12.76	1090.47
	295.93	0.00	12.79	1100.47
	295.95	0.00	12.84	1115.47
	295.96	0.00	12.87	1127.47
	295.97	0.00	12.91	1143.47
	295.98	0.00	12.96	1148.46
	295.99	0.00	13.01	1164.46
	296.01	0.00	13.05	1178.45
	296.02	0.00	13.09	1188.46
	296.03	0.00	13.14	1190.44
	296.04	0.00	13.19	1198.43
	296.05	0.00	13.23	1208.42
	296.06	0.00	13.28	1211.41
	296.08	0.00	13.34	1216.40
	296.09	0.00	13.40	1221.39
	296.10	0.00	13.47	1216.39
	296.11	0.00	13.59	1242.37
	296.12	0.00	13.57	1231.36
	296.13	0.00	13.60	1234.35
	296.14	0.00	13.63	1239.35
	296.16	0.00	13.66	1245.34
	296.17	0.00	13.68	1252.34
	296.18	0.00	13.69	1256.34
	296.19	0.00	13.72	1261.34
	296.20	0.00	13.72	1268.34
	296.21	0.00	13.75	1278.33
	296.23	0.00	13.75	1285.33
	296.24	0.00	13.77	1294.33
	296.25	0.00	13.79	1299.32
	296.26	0.00	13.80	1303.32
	296.27	0.00	13.82	1301.32
	296.29	0.00	13.81	1301.32
	296.30	0.00	13.83	1305.32
	296.31	0.00	13.86	1308.29
	296.32	0.00	13.86	1308.31
	296.33	0.00	13.87	1310.31
	296.34	0.00	13.90	1309.31
	296.35	0.00	13.92	1306.30
	296.37	0.00	13.96	1301.29
	296.38	0.00	14.01	1294.29
	296.39	0.00	14.04	1281.29
	296.40	0.00	14.08	1285.30
	296.41	0.00	14.10	1275.30
	296.42	0.00	14.12	1275.31
	296.44	0.00	14.14	1275.31
	296.45	0.00	14.16	1274.32
	296.46	0.00	14.18	1269.34
	296.47	0.00	14.20	1262.34
	296.48	0.00	14.20	1257.34
	296.49	0.00	14.23	1249.33
	296.51	0.00	14.26	1243.31
	296.52	0.00	14.27	1224.30
	296.53	0.00	14.31	1216.28
	296.54	0.00	14.47	1222.30
	296.55	0.00	14.49	1173.31
	296.56	0.00	14.44	1196.31
	296.58	0.00	14.38	1177.34
	296.59	0.00	14.38	1160.37
	296.60	0.00	14.34	1138.40
	296.61	0.00	14.29	1102.44
	296.62	0.00	14.20	1104.43
	296.63	0.00	14.16	1112.45
	296.64	0.00	14.05	1112.48
	296.66	0.00	14.01	1114.48
	296.67	0.00	14.03	1088.49
	296.68	0.00	14.04	1086.49
	296.69	0.00	14.00	1081.52
	296.70	0.00	14.02	1070.49
	296.72	0.00	14.03	1066.49
	296.73	0.00	14.01	1056.49
	296.74	0.00	14.03	1046.49
	296.75	0.00	14.05	1017.49
	296.76	0.00	14.08	1005.49
	296.77	0.00	14.10	994.49
	296.78	0.00	14.12	987.48
	296.80	0.00	14.16	977.47
	296.81	0.00	14.17	968.46
	296.82	0.00	14.25	966.45
	296.83	0.00	14.29	952.44
	296.84	0.00	14.32	945.42
	296.85	0.00	14.40	937.38
	296.87	0.00	14.46	932.34
	296.88	0.00	14.55	925.27
	296.89	0.00	14.57	916.26
	296.90	0.00	14.56	910.26
	296.91	0.00	14.55	896.27
	296.92	0.00	14.53	857.18
	296.94	0.00	14.29	826.17
	296.95	0.00	14.51	821.15
	296.96	0.00	14.27	799.15
	296.97	0.00	14.30	796.12
	296.98	0.00	14.36	803.10
	296.99	0.00	14.40	806.09
	297.01	0.00	14.45	809.07
	297.02	0.00	14.46	809.07
	297.03	0.00	14.49	809.06
	297.04	0.00	14.50	811.06
	297.05	0.00	14.46	802.06
	297.06	0.00	14.43	801.07
	297.07	0.00	14.44	803.07
	297.09	0.00	14.45	803.07
	297.10	0.00	14.47	807.07
	297.11	0.00	14.46	813.07
	297.12	0.00	14.45	814.07
	297.13	0.00	14.44	809.07
	297.14	0.00	14.44	811.07
	297.16	0.00	14.46	811.06
	297.17	0.00	14.48	814.07
	297.18	0.00	14.47	807.06
	297.19	0.00	14.46	807.06
	297.20	0.00	14.44	805.07
	297.21	0.00	14.40	807.08
	297.23	0.00	14.39	798.07
	297.24	0.00	14.35	789.07
	297.25	0.00	14.32	774.06
	297.26	0.00	14.28	765.06
	297.27	0.00	14.23	752.05
	297.28	0.00	14.25	753.04
	297.29	0.00	14.23	746.04
	297.31	0.00	14.23	742.03
	297.32	0.00	14.22	743.04
	297.33	0.00	14.20	740.04
	297.34	0.00	14.23	745.04
	297.35	0.00	14.25	746.03
	297.36	0.00	14.29	755.03
	297.38	0.00	14.32	762.03
	297.39	0.00	14.34	768.04
	297.40	0.00	14.37	771.03
	297.41	0.00	14.46	793.03
	297.42	0.00	14.49	800.03
	297.43	0.00	14.78	833.03
	297.45	0.00	14.86	869.03
	297.46	0.00	14.94	889.03
	297.47	0.00	15.00	915.03
	297.48	0.00	15.03	934.04
	297.49	0.00	15.05	946.05
	297.50	0.00	14.96	964.15
	297.52	0.00	15.03	968.09
	297.53	0.00	15.03	976.10
	297.54	0.00	15.05	985.10
	297.55	0.00	15.05	990.10
	297.56	0.00	15.07	995.10
	297.57	0.00	15.04	999.11
	297.58	0.00	15.06	1002.11
	297.60	0.00	15.04	1004.12
	297.61	0.00	15.02	1010.13
	297.62	0.00	14.98	1012.15
	297.63	0.00	14.95	1015.16
	297.64	0.00	14.91	1018.18
	297.65	0.00	14.86	1019.20
	297.67	0.00	14.84	1023.21
	297.68	0.00	14.80	1025.23
	297.69	0.00	14.76	1022.24
	297.70	0.00	14.75	1019.24
	297.71	0.00	14.71	1019.25
	297.72	0.00	14.68	1019.26
	297.74	0.00	14.65	1020.27
	297.75	0.00	14.60	1018.28
	297.76	0.00	14.56	1013.29
	297.77	0.00	14.56	1013.29
	297.78	0.00	14.56	1014.29
	297.79	0.00	14.56	1013.29
	297.80	0.00	14.53	1010.30
	297.82	0.00	14.54	1017.30
	297.83	0.00	14.53	1012.30
	297.84	0.00	14.53	1013.31
	297.85	0.00	14.51	1011.31
	297.86	0.00	14.50	1008.31
	297.88	0.00	14.49	1010.31
	297.89	0.00	14.51	1008.29
	297.90	0.00	14.49	1009.31
	297.91	0.00	14.45	1006.33
	297.92	0.00	14.42	1004.33
	297.93	0.00	14.42	1006.33
	297.95	0.00	14.40	1006.34
	297.96	0.00	14.40	1006.34
	297.97	0.00	14.39	1005.34
	297.98	0.00	14.39	1006.34
	297.99	0.00	14.38	1006.34
	298.00	0.00	14.38	1006.34
	298.02	0.00	14.39	1006.34
	298.03	0.00	14.38	1007.34
	298.04	0.00	14.37	1004.34
	298.05	0.00	14.35	1005.34
	298.06	0.00	14.35	1005.34
	298.07	0.00	14.35	1006.34
	298.08	0.00	14.33	1009.34
	298.10	0.00	14.33	1010.35
	298.11	0.00	14.31	1014.35
	298.12	0.00	14.29	1015.35
	298.13	0.00	14.26	1021.35
	298.14	0.00	14.21	1028.35
	298.16	0.00	14.14	1031.36
	298.17	0.00	14.08	1037.36
	298.18	0.00	14.04	1039.37
	298.19	0.00	14.00	1039.37
	298.20	0.00	13.99	1039.37
	298.21	0.00	13.97	1040.37
	298.23	0.00	13.89	1066.38
	298.24	0.00	13.87	1063.38
	298.25	0.00	13.86	1067.38
	298.26	0.00	13.82	1071.38
	298.27	0.00	13.82	1071.38
	298.28	0.00	13.82	1071.38
	298.30	0.00	13.83	1074.38
	298.31	0.00	13.82	1074.37
	298.32	0.00	13.83	1073.37
	298.33	0.00	13.82	1072.37
	298.34	0.00	13.85	1071.37
	298.35	0.00	13.86	1071.37
	298.36	0.00	13.89	1070.36
	298.38	0.00	13.95	1062.36
	298.39	0.00	13.97	1058.36
	298.40	0.00	13.99	1055.36
	298.41	0.00	14.03	1051.35
	298.42	0.00	14.05	1045.35
	298.44	0.00	14.09	1044.35
	298.45	0.00	14.18	1039.34
	298.46	0.00	14.20	1040.34
	298.47	0.00	14.26	1034.33
	298.48	0.00	14.31	1027.33
	298.49	0.00	14.41	1004.32
	298.51	0.00	14.46	1001.31
	298.52	0.00	14.51	1000.30
	298.53	0.00	14.53	996.29
	298.54	0.00	14.54	992.29
	298.55	0.00	14.58	990.28
	298.56	0.00	14.62	987.28
	298.58	0.00	14.63	983.27
	298.59	0.00	14.65	981.27
	298.60	0.00	14.65	980.26
	298.61	0.00	14.66	979.26
	298.62	0.00	14.67	979.26
	298.63	0.00	14.68	976.25
	298.64	0.00	14.68	977.25
	298.66	0.00	14.67	973.25
	298.67	0.00	14.68	974.25
	298.68	0.00	14.67	974.25
	298.69	0.00	14.68	973.25
	298.70	0.00	14.67	973.25
	298.72	0.00	14.67	972.25
	298.73	0.00	14.69	970.25
	298.74	0.00	14.70	968.24
	298.75	0.00	14.74	969.24
	298.76	0.00	14.73	967.24
	298.77	0.00	14.74	965.24
	298.78	0.00	14.73	965.23
	298.80	0.00	14.73	965.23
	298.81	0.00	14.73	965.23
	298.82	0.00	14.73	962.23
	298.83	0.00	14.72	965.23
	298.84	0.00	14.72	965.24
	298.85	0.00	14.72	965.23
	298.86	0.00	14.73	970.23
	298.88	0.00	14.73	966.23
	298.89	0.00	14.73	964.23
	298.90	0.00	14.73	964.23
	298.91	0.00	14.72	964.23
	298.92	0.00	14.72	964.23
	298.94	0.00	14.71	965.23
	298.95	0.00	14.71	966.22
	298.96	0.00	14.70	966.23
	298.97	0.00	14.70	965.23
	298.98	0.00	14.71	967.23
	298.99	0.00	14.70	966.23
	299.00	0.00	14.71	968.23
	299.02	0.00	14.71	967.23
	299.03	0.00	14.71	967.23
	299.04	0.00	14.71	968.23
	299.05	0.00	14.70	970.23
	299.06	0.00	14.71	968.23
	299.07	0.00	14.70	965.23
	299.08	0.00	14.70	969.23
	299.10	0.00	14.69	971.23
	299.11	0.00	14.70	972.23
	299.12	0.00	14.70	973.23
	299.13	0.00	14.69	971.23
	299.14	0.00	14.69	973.23
	299.16	0.00	14.68	973.24
	299.17	0.00	14.68	976.23
	299.18	0.00	14.70	976.23
	299.19	0.00	14.69	977.23
	299.20	0.00	14.67	976.24
	299.21	0.00	14.67	978.24
	299.23	0.00	14.67	978.24
	299.24	0.00	14.67	980.24
	299.25	0.00	14.66	981.24
	299.26	0.00	14.65	981.25
	299.27	0.00	14.65	981.25
	299.28	0.00	14.65	985.25
	299.29	0.00	14.65	985.25
	299.31	0.00	14.65	985.25
	299.32	0.00	14.64	985.25
	299.33	0.00	14.66	988.25
	299.34	0.00	14.64	986.25
	299.35	0.00	14.64	987.25
	299.36	0.00	14.63	985.26
	299.38	0.00	14.63	987.26
	299.39	0.00	14.65	993.25
	299.40	0.00	14.65	991.25
	299.41	0.00	14.63	990.25
	299.42	0.00	14.62	990.26
	299.43	0.00	14.62	990.26
	299.45	0.00	14.63	992.26
	299.46	0.00	14.62	991.26
	299.47	0.00	14.60	992.26
	299.48	0.00	14.60	993.26
	299.49	0.00	14.60	994.26
	299.50	0.00	14.60	993.26
	299.51	0.00	14.59	995.26
	299.53	0.00	14.56	998.27
	299.54	0.00	14.57	999.27
	299.55	0.00	14.56	1001.27
	299.56	0.00	14.54	1002.27
	299.57	0.00	14.53	1002.28
	299.58	0.00	14.52	1001.27
	299.60	0.00	14.53	1002.28
	299.61	0.00	14.53	1006.28
	299.62	0.00	14.52	1005.28
	299.63	0.00	14.51	1004.28
	299.64	0.00	14.51	1007.28
	299.66	0.00	14.50	1005.28
	299.67	0.00	14.50	1005.28
	299.68	0.00	14.50	1004.29
	299.69	0.00	14.50	1006.29
	299.70	0.00	14.49	1001.28
	299.71	0.00	14.51	1008.28
	299.72	0.00	14.52	1005.28
	299.74	0.00	14.52	1005.28
	299.75	0.00	14.52	1005.28
	299.76	0.00	14.52	1005.28
	299.77	0.00	14.51	1006.29
	299.78	0.00	14.52	1005.28
	299.79	0.00	14.52	1006.28
	299.81	0.00	14.50	1004.28
	299.82	0.00	14.51	1006.29
	299.83	0.00	14.51	1007.28
	299.84	0.00	14.51	1006.29
	299.85	0.00	14.50	1007.29
	299.86	0.00	14.50	1007.29
	299.88	0.00	14.51	1007.28
	299.89	0.00	14.50	1008.29
	299.90	0.00	14.51	1010.29
	299.91	0.00	14.49	1008.29
	299.92	0.00	14.50	1007.29
	299.93	0.00	14.50	1007.29
	299.95	0.00	14.50	1007.29
	299.96	0.00	14.50	1008.29
	299.97	0.00	14.49	1007.29
	299.98	0.00	14.49	1007.29
	299.99	0.00	14.48	1007.30
	300.00	0.00	14.48	1004.29
	300.02	0.00	14.50	1010.29
	300.03	0.00	14.48	1007.30
	300.04	0.00	14.48	1007.30
	300.05	0.00	14.47	1008.30
	300.06	0.00	14.48	1007.30
	300.07	0.00	14.47	1007.30
	300.09	0.00	14.47	1007.30
	300.10	0.00	14.47	1008.30
	300.11	0.00	14.46	1012.30
	300.12	0.00	14.43	1003.30
	300.13	0.00	14.46	1008.30
	300.14	0.00	14.46	1009.30
	300.16	0.00	14.46	1008.30
	300.17	0.00	14.47	1007.30
	300.18	0.00	14.47	1010.30
	300.19	0.00	14.46	1009.30
	300.20	0.00	14.46	1010.30
	300.21	0.00	14.47	1007.30
	300.23	0.00	14.47	1008.30
	300.24	0.00	14.47	1009.30
	300.25	0.00	14.47	1011.30
	300.26	0.00	14.47	1012.30
	300.27	0.00	14.48	1010.30
	300.28	0.00	14.47	1010.31
	300.30	0.00	14.49	1009.30
	300.31	0.00	14.49	1010.30
	300.32	0.00	14.51	1008.30
	300.33	0.00	14.50	1007.30
	300.34	0.00	14.50	1007.30
	300.35	0.00	14.51	1007.29
	300.36	0.00	14.49	1008.30
	300.38	0.00	14.50	1008.30
	300.39	0.00	14.51	1008.29
	300.40	0.00	14.50	1007.30
	300.41	0.00	14.51	1010.30
	300.42	0.00	14.51	1011.30
	300.44	0.00	14.52	1010.30
	300.45	0.00	14.51	1009.30
	300.46	0.00	14.52	1009.29
	300.47	0.00	14.52	1010.30
	300.48	0.00	14.52	1011.30
	300.49	0.00	14.52	1010.30
	300.51	0.00	14.53	1010.30
	300.52	0.00	14.54	1012.30
	300.53	0.00	14.54	1008.29
	300.54	0.00	14.55	1010.29
	300.55	0.00	14.54	1011.30
	300.56	0.00	14.56	1012.29
	300.58	0.00	14.55	1013.29
	300.59	0.00	14.57	1012.29
	300.60	0.00	14.56	1013.29
	300.61	0.00	14.55	1010.29
	300.62	0.00	14.58	1018.29
	300.63	0.00	14.57	1014.29
	300.64	0.00	14.56	1013.29
	300.66	0.00	14.55	1014.29
	300.67	0.00	14.54	1012.29
	300.68	0.00	14.56	1015.30
	300.69	0.00	14.55	1012.30
	300.70	0.00	14.56	1014.29
	300.72	0.00	14.54	1015.30
	300.73	0.00	14.53	1013.30
	300.74	0.00	14.54	1014.30
	300.75	0.00	14.56	1017.30
	300.76	0.00	14.54	1016.30
	300.77	0.00	14.54	1016.30
	300.79	0.00	14.54	1016.30
	300.80	0.00	14.54	1018.30
	300.81	0.00	14.55	1016.30
	300.82	0.00	14.55	1017.29
	300.83	1.00	14.52	1011.30
	300.84	1.00	14.55	1017.30
	300.86	1.00	14.54	1018.30
	300.87	1.00	14.56	1018.30
	300.88	1.00	14.54	1013.30
	300.89	1.00	14.57	1014.29
	300.90	1.00	14.57	1014.29
	300.91	1.00	14.57	1011.29
	300.92	1.00	14.58	1009.29
	300.94	1.00	14.57	1012.29
	300.95	1.00	14.60	1011.29
	300.96	1.00	14.60	1011.29
	300.97	1.00	14.61	1008.28
	300.98	1.00	14.64	1008.28
	301.00	1.00	14.66	1005.28
	301.01	1.00	14.69	1003.26
	301.02	1.00	14.70	1001.26
	301.03	1.00	14.72	998.26
	301.04	0.00	14.73	996.26
	301.05	0.00	14.74	999.26
	301.07	0.00	14.76	998.25
	301.08	0.00	14.76	996.25
	301.09	0.00	14.76	996.25
	301.10	0.00	14.76	999.26
	301.11	0.00	14.77	998.25
	301.12	0.00	14.77	999.25
	301.13	0.00	14.77	999.25
	301.15	0.00	14.75	998.25
	301.16	0.00	14.74	999.26
	301.17	0.00	14.73	1001.26
	301.18	0.00	14.72	1002.26
	301.19	0.00	14.72	1001.26
	301.20	0.00	14.72	1003.26
	301.22	0.00	14.70	1004.27
	301.23	0.00	14.69	1000.27
	301.24	0.00	14.67	1007.27
	301.25	0.00	14.66	1007.27
	301.26	0.00	14.63	1005.27
	301.27	0.00	14.63	1008.28
	301.29	0.00	14.63	1007.28
	301.30	0.00	14.62	1007.28
	301.31	0.00	14.62	1008.29
	301.32	0.00	14.62	1009.28
	301.33	0.00	14.59	1002.28
	301.34	0.00	14.60	1010.28
	301.36	0.00	14.58	1011.29
	301.37	0.00	14.59	1012.29
	301.38	0.00	14.57	1012.29
	301.39	0.00	14.56	1012.29
	301.40	0.00	14.55	1013.30
	301.41	0.00	14.54	1014.30
	301.42	0.00	14.55	1015.30
	301.44	0.00	14.54	1015.30
	301.45	0.00	14.55	1017.30
	301.46	0.00	14.55	1017.30
	301.47	0.00	14.55	1017.30
	301.48	0.00	14.55	1017.30
	301.50	0.00	14.56	1017.30
	301.51	0.00	14.56	1016.30
	301.52	0.00	14.56	1015.30
	301.53	0.00	14.55	1011.30
	301.54	0.00	14.57	1016.30
	301.55	0.00	14.58	1018.30
	301.57	0.00	14.59	1017.30
	301.58	0.00	14.61	1019.30
	301.59	0.00	14.63	1016.30
	301.60	0.00	14.64	1016.30
	301.61	0.00	14.65	1016.30
	301.62	0.00	14.66	1017.29
	301.64	0.00	14.66	1015.29
	301.65	0.00	14.65	1016.30
	301.66	0.00	14.65	1016.30
	301.67	0.00	14.64	1017.30
	301.68	0.00	14.62	1018.31
	301.69	0.00	14.59	1022.32
	301.70	0.00	14.57	1023.33
	301.72	0.00	14.55	1024.33
	301.73	0.00	14.51	1025.34
	301.74	0.00	14.48	1025.35
	301.75	0.00	14.47	1028.35
	301.76	0.00	14.45	1028.35
	301.77	0.00	14.44	1028.36
	301.79	0.00	14.43	1026.36
	301.80	0.00	14.42	1024.36
	301.81	0.00	14.43	1022.36
	301.82	0.00	14.45	1021.35
	301.83	0.00	14.46	1018.35
	301.85	0.00	14.49	1016.35
	301.86	0.00	14.53	1014.34
	301.87	0.00	14.55	1011.33
	301.88	0.00	14.56	1009.34
	301.89	0.00	14.61	1013.34
	301.90	0.00	14.59	1008.33
	301.92	0.00	14.60	1007.33
	301.93	0.00	14.60	1008.33
	301.94	0.00	14.61	1006.33
	301.95	0.00	14.60	1007.33
	301.96	0.00	14.60	1007.33
	301.97	0.00	14.61	1013.33
	301.98	0.00	14.58	1003.33
	302.00	0.00	14.55	1005.34
	302.01	0.00	14.50	1002.34
	302.02	0.00	14.49	1004.34
	302.03	0.00	14.44	1000.35
	302.04	0.00	14.41	1000.35
	302.05	0.00	14.37	993.35
	302.07	0.00	14.33	983.35
	302.08	0.00	14.28	974.35
	302.09	0.00	14.23	968.36
	302.10	0.00	14.18	964.36
	302.11	0.00	14.13	959.36
	302.13	0.00	14.07	958.37
	302.14	0.00	14.02	955.36
	302.15	0.00	13.99	952.37
	302.16	0.00	13.98	953.37
	302.17	0.00	13.95	950.37
	302.18	0.00	13.93	951.37
	302.19	0.00	13.90	948.37
	302.20	0.00	13.89	947.37
	302.22	0.00	13.86	944.37
	302.23	0.00	13.64	926.37
	302.24	0.00	13.62	921.37
	302.25	0.00	13.58	917.37
	302.26	0.00	13.55	912.37
	302.27	0.00	13.52	903.37
	302.29	0.00	13.49	896.37
	302.30	0.00	13.51	891.33
	302.31	0.00	13.47	886.37
	302.32	0.00	13.49	887.37
	302.33	0.00	13.53	882.36
	302.35	0.00	13.59	873.36
	302.36	0.00	13.68	871.38
	302.37	0.00	13.72	859.40
	302.38	0.00	13.70	830.45
	302.39	0.00	13.85	805.35
	302.40	0.00	13.99	762.20
	302.41	0.00	13.67	662.13
	302.43	0.00	13.79	615.04
	302.44	0.00	13.46	538.00
	302.45	0.00	12.82	484.98
	302.46	0.00	12.80	478.97
	302.47	0.00	12.78	474.96
	302.48	0.00	12.76	469.94
	302.50	0.00	12.75	466.94
	302.51	0.00	12.75	463.94
	302.52	0.00	12.72	463.94
	302.53	0.00	12.74	462.94
	302.54	0.00	12.71	461.93
	302.55	0.00	12.70	459.94
	302.57	0.00	12.67	463.95
	302.58	0.00	12.64	464.96
	302.59	0.00	12.97	502.96
	302.60	0.00	13.39	554.97
	302.61	0.00	13.68	598.97
	302.62	0.00	13.87	634.98
	302.64	0.00	13.98	657.98
	302.65	0.00	13.99	662.98
	302.66	0.00	14.04	672.98
	302.67	0.00	14.05	675.98
	302.68	0.00	14.07	678.98
	302.69	0.00	14.11	686.98
	302.70	0.00	14.13	691.98
	302.72	0.00	14.13	697.99
	302.73	0.00	14.13	700.99
	302.74	0.00	14.21	715.99
	302.75	0.00	14.24	724.99
	302.76	0.00	14.28	733.99
	302.77	0.00	14.30	742.00
	302.79	0.00	14.32	747.00
	302.80	0.00	14.33	753.00
	302.81	0.00	14.32	750.00
	302.82	0.00	14.36	760.01
	302.83	0.00	14.35	764.01
	302.84	0.00	14.37	769.01
	302.86	0.00	14.37	773.02
	302.87	0.00	14.47	787.01
	302.88	0.00	14.55	804.00
	302.89	0.00	14.66	839.98
	302.90	0.00	14.78	858.96
	302.91	0.00	14.85	886.98
	302.92	0.00	14.89	913.00
	302.94	0.00	14.84	931.07
	302.95	0.00	14.52	950.25
	302.96	0.00	14.21	968.36
	302.97	0.00	14.09	980.40
	302.98	0.00	14.02	985.42
	302.99	0.00	13.97	989.44
	303.01	0.00	13.86	995.48
	303.02	0.00	13.70	1013.51
	303.03	0.00	13.60	1031.53
	303.04	0.00	13.52	1046.54
	303.05	0.00	13.40	1076.56
	303.06	0.00	13.40	1092.57
	303.08	0.00	13.36	1094.57
	303.09	0.00	13.34	1091.57
	303.10	0.00	13.31	1093.58
	303.11	0.00	13.30	1097.54
	303.12	0.00	13.27	1099.59
	303.13	0.00	13.23	1100.59
	303.14	0.00	13.22	1099.59
	303.16	0.00	13.21	1102.59
	303.17	0.00	13.20	1105.59
	303.18	0.00	13.18	1107.58
	303.19	0.00	13.15	1106.59
	303.20	0.00	13.14	1111.59
	303.22	0.00	13.12	1108.59
	303.23	0.00	13.11	1089.59
	303.24	0.00	13.06	1108.59
	303.25	0.00	13.08	1089.60
	303.26	0.00	13.01	1076.59
	303.27	0.00	13.10	1093.58
	303.29	0.00	13.10	1093.58
	303.30	0.00	13.11	1093.58
	303.31	0.00	13.11	1094.58
	303.32	0.00	13.13	1117.58
	303.33	0.00	13.06	1097.57
	303.34	0.00	13.13	1144.57
	303.36	0.00	13.15	1143.57
	303.37	0.00	13.17	1144.57
	303.38	0.00	13.19	1147.57
	303.39	0.00	13.25	1152.57
	303.40	0.00	13.29	1153.57
	303.41	0.00	13.36	1154.56
	303.42	0.00	13.39	1154.56
	303.44	0.00	13.43	1159.56
	303.45	0.00	13.48	1159.56
	303.46	0.00	13.52	1162.56
	303.47	0.00	13.60	1164.54
	303.48	0.00	13.65	1167.56
	303.50	0.00	13.89	1192.58
	303.51	0.00	13.92	1200.61
	303.52	0.00	13.94	1203.64
	303.53	0.00	13.98	1202.67
	303.54	0.00	14.03	1205.65
	303.55	0.00	14.10	1219.61
	303.57	0.00	14.34	1225.41
	303.58	0.00	14.33	1226.52
	303.59	0.00	14.37	1210.63
	303.60	0.00	14.53	1155.57
	303.61	0.00	14.96	1142.22
	303.62	0.00	15.11	1132.16
	303.64	0.00	15.28	1102.09
	303.65	0.00	15.35	1094.07
	303.66	0.00	15.41	1086.05
	303.67	0.00	15.45	1074.03
	303.68	0.00	15.50	1064.02
	303.69	0.00	15.52	1055.01
	303.71	0.00	15.51	1046.00
	303.72	0.00	15.51	1033.99
	303.73	0.00	15.50	1022.97
	303.74	0.00	15.47	1019.97
	303.75	0.00	15.48	1014.95
	303.76	0.00	15.47	1008.95
	303.77	0.00	15.48	1003.94
	303.79	0.00	15.45	1000.94
	303.80	0.00	15.44	990.94
	303.81	0.00	15.40	955.93
	303.82	0.00	15.34	933.93
	303.83	0.00	15.25	906.93
	303.85	0.00	15.14	865.93
	303.86	0.00	14.95	813.93
	303.87	0.00	14.52	739.92
	303.88	0.00	14.34	695.92
	303.89	0.00	14.09	643.91
	303.90	0.00	13.97	622.91
	303.92	0.00	13.96	624.92
	303.93	0.00	14.05	644.93
	303.94	0.00	14.10	657.94
	303.95	0.00	14.17	674.94
	303.96	0.00	14.33	709.94
	303.97	0.00	14.40	726.94
	303.98	0.00	14.35	719.95
	304.00	0.00	14.36	726.95
	304.01	0.00	14.38	729.95
	304.02	0.00	14.41	730.94
	304.03	0.00	14.39	735.96
	304.04	0.00	14.40	737.96
	304.05	0.00	14.40	737.96
	304.07	0.00	14.40	736.96
	304.08	0.00	14.40	737.96
	304.09	0.00	14.38	732.96
	304.10	0.00	14.38	731.96
	304.11	0.00	14.36	728.96
	304.12	0.00	14.32	723.96
	304.14	0.00	14.30	719.96
	304.15	0.00	14.29	717.96
	304.16	0.00	14.31	722.96
	304.17	0.00	14.33	723.96
	304.18	0.00	14.34	725.96
	304.19	0.00	14.51	764.94
	304.20	0.00	14.70	846.97
	304.22	0.00	14.45	886.21
	304.23	0.00	14.27	939.40
	304.24	0.00	14.22	987.46
	304.25	0.00	14.46	1027.47
	304.26	0.00	14.52	1043.48
	304.27	0.00	14.51	1064.49
	304.29	0.00	14.48	1090.50
	304.30	0.00	14.46	1114.51
	304.31	0.00	14.44	1135.52
	304.32	0.00	14.42	1165.53
	304.33	0.00	14.36	1202.54
	304.34	0.00	14.35	1211.55
	304.36	0.00	14.33	1220.57
	304.37	0.00	14.35	1224.56
	304.38	0.00	14.39	1227.57
	304.39	0.00	14.36	1229.57
	304.40	0.00	14.37	1229.57
	304.41	0.00	14.38	1233.57
	304.42	0.00	14.38	1236.57
	304.44	0.00	14.39	1238.57
	304.45	0.00	14.36	1226.57
	304.46	0.00	14.38	1238.57
	304.47	0.00	14.39	1243.57
	304.48	0.00	14.40	1247.57
	304.50	0.00	14.39	1247.57
	304.51	0.00	14.39	1253.57
	304.52	0.00	14.38	1254.57
	304.53	0.00	14.41	1267.57
	304.54	0.00	14.40	1272.58
	304.55	0.00	14.40	1278.58
	304.57	0.00	14.41	1280.58
	304.58	0.00	14.42	1282.58
	304.59	0.00	14.42	1309.58
	304.60	0.00	14.44	1286.58
	304.61	0.00	14.49	1308.58
	304.62	0.00	14.49	1329.58
	304.64	0.00	14.52	1333.57
	304.65	0.00	14.52	1332.59
	304.66	0.00	14.61	1307.56
	304.67	0.00	14.57	1289.55
	304.68	0.00	14.58	1311.54
	304.69	0.00	14.58	1309.54
	304.71	0.00	14.59	1287.54
	304.72	0.00	14.58	1307.54
	304.73	0.00	14.58	1310.54
	304.74	0.00	14.56	1300.53
	304.75	0.00	14.57	1308.53
	304.76	0.00	14.57	1308.54
	304.78	0.00	14.57	1309.54
	304.79	0.00	14.58	1307.53
	304.80	0.00	14.58	1306.53
	304.81	0.00	14.60	1308.51
	304.82	0.00	14.61	1298.50
	304.83	0.00	14.61	1297.50
	304.85	0.00	14.60	1293.50
	304.86	0.00	14.65	1273.49
	304.87	0.00	14.66	1262.49
	304.88	0.00	14.64	1283.48
	304.89	0.00	14.74	1251.47
	304.90	0.00	14.76	1246.45
	304.92	0.00	14.80	1233.43
	304.93	0.00	14.97	1223.30
	304.94	0.00	15.05	1210.27
	304.95	0.00	15.20	1197.15
	304.96	0.00	15.37	1139.10
	304.97	0.00	15.43	1134.08
	304.99	0.00	15.48	1127.06
	305.00	0.00	15.51	1121.04
	305.01	0.00	15.51	1114.03
	305.02	0.00	15.52	1106.03
	305.03	0.00	15.53	1100.02
	305.04	0.00	15.52	1095.02
	305.06	0.00	15.52	1083.01
	305.07	0.00	15.52	1077.01
	305.08	0.00	15.49	1065.01
	305.09	0.00	15.48	1056.00
	305.10	0.00	15.46	1051.01
	305.11	0.00	15.46	1046.00
	305.13	0.00	15.46	1048.00
	305.14	0.00	15.46	1049.00
	305.15	0.00	15.42	1047.01
	305.16	0.00	15.40	1046.02
	305.17	0.00	15.36	1054.04
	305.18	0.00	15.33	1058.06
	305.20	0.00	15.30	1060.08
	305.21	0.00	15.30	1061.08
	305.22	0.00	15.30	1058.07
	305.23	0.00	15.33	1058.06
	305.24	0.00	15.33	1058.05
	305.26	0.00	15.35	1057.05
	305.27	0.00	15.35	1056.05
	305.28	0.00	15.35	1058.05
	305.29	0.00	15.34	1064.06
	305.30	0.00	15.33	1063.07
	305.31	0.00	15.31	1062.08
	305.33	0.00	15.28	1060.09
	305.34	0.00	15.27	1061.09
	305.35	0.00	15.26	1061.09
	305.36	0.00	15.26	1062.10
	305.37	0.00	15.24	1061.10
	305.38	0.00	15.27	1060.09
	305.39	0.00	15.27	1057.09
	305.41	0.00	15.27	1055.08
	305.42	0.00	15.29	1048.07
	305.43	0.00	15.29	1042.06
	305.44	0.00	15.28	1029.04
	305.45	0.00	15.27	1018.02
	305.47	0.00	15.23	999.02
	305.48	0.00	14.99	958.01
	305.49	0.00	14.94	935.00
	305.50	0.00	14.81	882.00
	305.51	0.00	14.69	845.00
	305.52	0.00	14.58	809.99
	305.54	0.00	14.51	797.99
	305.55	0.00	14.53	797.99
	305.56	0.00	14.53	799.99
	305.57	0.00	14.63	820.98
	305.58	0.00	14.77	864.98
	305.59	0.00	14.84	900.99
	305.61	0.00	14.96	944.00
	305.62	0.00	15.19	1001.02
	305.63	0.00	15.11	1032.13
	305.64	0.00	15.05	1049.20
	305.65	0.00	15.07	1057.20
	305.66	0.00	15.09	1062.19
	305.67	0.00	15.15	1065.16
	305.69	0.00	15.21	1065.12
	305.70	0.00	15.23	1068.11
	305.71	0.00	15.24	1067.11
	305.72	0.00	15.23	1076.12
	305.73	0.00	15.23	1080.13
	305.75	0.00	15.20	1086.15
	305.76	0.00	15.16	1088.17
	305.77	0.00	15.13	1094.20
	305.78	0.00	15.08	1096.24
	305.79	0.00	14.98	1103.29
	305.80	0.00	14.90	1109.33
	305.82	0.00	14.80	1124.35
	305.83	0.00	14.75	1128.36
	305.84	0.00	14.71	1132.37
	305.85	0.00	14.69	1134.38
	305.86	0.00	14.67	1139.39
	305.87	0.00	14.62	1136.40
	305.89	0.00	14.62	1140.41
	305.90	0.00	14.62	1142.41
	305.91	0.00	14.62	1139.41
	305.92	0.00	14.63	1139.41
	305.93	0.00	14.64	1138.41
	305.94	0.00	14.66	1138.41
	305.95	0.00	14.69	1135.40
	305.97	0.00	14.70	1134.40
	305.98	0.00	14.70	1134.40
	305.99	0.00	14.70	1134.40
	306.00	0.00	14.71	1135.40
	306.01	0.00	14.71	1155.40
	306.02	0.00	14.72	1156.39
	306.04	0.00	14.74	1153.39
	306.05	0.00	14.74	1149.39
	306.06	0.00	14.78	1151.38
	306.07	0.00	14.81	1133.38
	306.08	0.00	14.78	1153.39
	306.10	0.00	14.82	1133.38
	306.11	0.00	14.82	1134.38
	306.12	0.00	14.79	1134.39
	306.13	0.00	14.78	1133.39
	306.14	0.00	14.77	1128.39
	306.15	0.00	14.75	1133.39
	306.17	0.00	14.75	1134.40
	306.18	0.00	14.74	1132.40
	306.19	0.00	14.76	1134.39
	306.20	0.00	14.72	1153.39
	306.21	0.00	14.73	1134.39
	306.22	0.00	14.70	1156.39
	306.24	0.00	14.71	1134.40
	306.25	0.00	14.71	1134.40
	306.26	0.00	14.69	1134.41
	306.27	0.00	14.67	1132.41
	306.28	0.00	14.67	1137.41
	306.29	0.00	14.66	1136.41
	306.31	0.00	14.64	1135.42
	306.32	0.00	14.60	1155.42
	306.33	0.00	14.64	1137.42
	306.34	0.00	14.63	1137.42
	306.35	0.00	14.61	1136.44
	306.36	0.00	14.60	1137.43
	306.38	0.00	14.59	1137.43
	306.39	0.00	14.61	1134.43
	306.40	0.00	14.60	1135.43
	306.41	0.00	14.59	1134.43
	306.42	0.00	14.58	1134.43
	306.44	0.00	14.57	1133.44
	306.45	0.00	14.57	1134.44
	306.46	0.00	14.58	1133.43
	306.47	0.00	14.53	1123.44
	306.48	0.00	14.52	1153.44
	306.49	0.00	14.52	1153.44
	306.50	0.00	14.51	1154.44
	306.52	0.00	14.51	1156.44
	306.53	0.00	14.51	1155.44
	306.54	0.00	14.51	1154.44
	306.55	0.00	14.49	1154.44
	306.56	0.00	14.50	1154.44
	306.58	0.00	14.49	1152.44
	306.59	0.00	14.51	1154.44
	306.60	0.00	14.50	1156.44
	306.61	0.00	14.50	1155.44
	306.62	0.00	14.49	1152.44
	306.63	0.00	14.49	1154.44
	306.64	0.00	14.48	1156.45
	306.66	0.00	14.47	1152.45
	306.67	0.00	14.47	1152.45
	306.68	0.00	14.47	1153.46
	306.69	0.00	14.46	1154.46
	306.70	0.00	14.45	1153.46
	306.72	0.00	14.45	1154.46
	306.73	0.00	14.44	1153.47
	306.74	0.00	14.43	1149.47
	306.75	0.00	14.45	1156.47
	306.76	0.00	14.44	1156.47
	306.77	0.00	14.43	1154.47
	306.79	0.00	14.43	1153.47
	306.80	0.00	14.41	1155.48
	306.81	0.00	14.41	1155.48
	306.82	0.00	14.41	1154.49
	306.83	0.00	14.41	1154.48
	306.84	0.00	14.41	1157.48
	306.86	0.00	14.40	1155.49
	306.87	0.00	14.40	1154.49
	306.88	0.00	14.39	1156.50
	306.89	0.00	14.44	1132.49
	306.90	0.00	14.38	1155.50
	306.91	0.00	14.34	1155.51
	306.92	0.00	14.34	1154.51
	306.94	0.00	14.32	1154.51
	306.95	0.00	14.32	1156.52
	306.96	0.00	14.31	1156.52
	306.97	0.00	14.31	1156.52
	306.98	0.00	14.31	1156.52
	307.00	0.00	14.32	1156.52
	307.01	0.00	14.30	1158.53
	307.02	0.00	14.28	1157.53
	307.03	0.00	14.30	1157.53
	307.04	0.00	14.28	1156.53
	307.05	0.00	14.28	1157.53
	307.07	0.00	14.29	1158.53
	307.08	0.00	14.27	1155.53
	307.09	0.00	14.28	1158.53
	307.10	0.00	14.26	1157.53
	307.11	0.00	14.25	1157.54
	307.13	0.00	14.25	1157.54
	307.14	0.00	14.24	1160.54
	307.15	0.00	14.22	1152.54
	307.16	0.00	14.23	1156.54
	307.17	0.00	14.22	1157.54
	307.18	0.00	14.22	1160.54
	307.19	0.00	14.20	1162.55
	307.21	0.00	14.19	1159.55
	307.22	0.00	14.18	1159.55
	307.23	0.00	14.19	1157.55
	307.24	0.00	14.17	1159.55
	307.25	0.00	14.18	1158.55
	307.27	0.00	14.18	1160.55
	307.28	0.00	14.17	1161.55
	307.29	0.00	14.18	1160.55
	307.30	0.00	14.18	1160.55
	307.31	0.00	14.18	1159.55
	307.32	0.00	14.17	1159.55
	307.33	0.00	14.18	1158.55
	307.35	0.00	14.23	1159.55
	307.36	0.00	14.20	1161.55
	307.37	0.00	14.20	1157.55
	307.38	0.00	14.20	1159.55
	307.39	0.00	14.20	1156.55
	307.41	0.00	14.21	1159.55
	307.42	0.00	14.20	1156.55
	307.43	0.00	14.23	1156.53
	307.44	0.00	14.23	1156.53
	307.45	0.00	14.22	1154.54
	307.46	0.00	14.21	1154.55
	307.48	0.00	14.20	1154.55
	307.49	0.00	14.24	1158.54
	307.50	0.00	14.24	1157.54
	307.51	0.00	14.24	1157.54
	307.52	0.00	14.26	1156.54
	307.53	0.00	14.24	1157.55
	307.55	0.00	14.27	1156.54
	307.56	0.00	14.27	1157.54
	307.57	0.00	14.27	1154.54
	307.58	0.00	14.27	1151.54
	307.59	0.00	14.27	1154.54
	307.60	0.00	14.27	1153.54
	307.61	0.00	14.29	1156.53
	307.63	0.00	14.30	1154.53
	307.64	0.00	14.30	1154.54
	307.65	0.00	14.31	1156.53
	307.66	0.00	14.32	1158.53
	307.67	0.00	14.32	1155.53
	307.69	0.00	14.31	1155.53
	307.70	0.00	14.33	1154.52
	307.71	0.00	14.36	1156.52
	307.72	0.00	14.33	1148.52
	307.73	0.00	14.37	1153.52
	307.74	0.00	14.37	1153.52
	307.76	0.00	14.39	1154.50
	307.77	0.00	14.38	1151.51
	307.78	0.00	14.40	1155.51
	307.79	0.00	14.38	1153.51
	307.80	0.00	14.39	1154.51
	307.81	0.00	14.40	1154.51
	307.83	0.00	14.41	1153.51
	307.84	0.00	14.42	1152.50
	307.85	0.00	14.43	1153.50
	307.86	0.00	14.43	1154.50
	307.87	0.00	14.42	1152.50
	307.89	0.00	14.44	1154.50
	307.90	0.00	14.43	1152.50
	307.91	0.00	14.44	1153.50
	307.92	0.00	14.44	1154.50
	307.93	0.00	14.46	1152.49
	307.94	0.00	14.46	1152.49
	307.95	0.00	14.46	1153.49
	307.97	0.00	14.48	1152.49
	307.98	0.00	14.47	1152.49
	307.99	0.00	14.47	1153.49
	308.00	0.00	14.47	1153.49
	308.01	0.00	14.47	1154.49
	308.02	0.00	14.47	1153.49
	308.04	0.00	14.47	1153.49
	308.05	0.00	14.49	1153.48
	308.06	0.00	14.48	1150.48
	308.07	0.00	14.49	1153.48
	308.08	0.00	14.50	1154.48
	308.10	0.00	14.50	1153.48
	308.11	0.00	14.52	1154.47
	308.12	0.00	14.52	1153.47
	308.13	0.00	14.53	1151.47
	308.14	0.00	14.58	1131.47
	308.15	0.00	14.55	1152.46
	308.17	0.00	14.62	1131.46
	308.18	0.00	14.62	1132.46
	308.19	0.00	14.63	1132.46
	308.20	0.00	14.57	1152.46
	308.21	0.00	14.63	1131.46
	308.22	0.00	14.64	1132.46
	308.24	0.00	14.64	1134.46
	308.25	0.00	14.64	1130.45
	308.26	0.00	14.64	1133.45
	308.27	0.00	14.63	1130.46
	308.28	0.00	14.63	1128.45
	308.29	0.00	14.63	1132.45
	308.30	0.00	14.63	1132.45
	308.32	0.00	14.63	1131.46
	308.33	0.00	14.63	1133.46
	308.34	0.00	14.64	1135.46
	308.35	0.00	14.64	1132.45
	308.36	0.00	14.63	1132.46
	308.38	0.00	14.63	1134.46
	308.39	0.00	14.61	1131.46
	308.40	0.00	14.62	1132.46
	308.41	0.00	14.63	1134.45
	308.42	0.00	14.62	1130.46
	308.43	0.00	14.61	1134.46
	308.45	0.00	14.61	1133.46
	308.46	0.00	14.61	1132.46
	308.47	0.00	14.60	1132.46
	308.48	0.00	14.60	1132.46
	308.49	0.00	14.60	1132.46
	308.50	0.00	14.58	1132.46
	308.52	0.00	14.59	1133.46
	308.53	0.00	14.58	1135.46
	308.54	0.00	14.58	1132.46
	308.55	0.00	14.58	1134.46
	308.56	0.00	14.58	1135.46
	308.58	0.00	14.58	1133.46
	308.59	0.00	14.57	1133.46
	308.60	0.00	14.58	1134.46
	308.61	0.00	14.56	1131.46
	308.62	0.00	14.58	1134.46
	308.63	0.00	14.57	1134.46
	308.64	0.00	14.56	1134.46
	308.66	0.00	14.57	1136.46
	308.67	0.00	14.55	1134.46
	308.68	0.00	14.53	1138.47
	308.69	0.00	14.50	1137.48
	308.70	0.00	14.51	1138.48
	308.72	0.00	14.44	1156.47
	308.73	0.00	14.44	1157.48
	308.74	0.00	14.43	1154.48
	308.75	0.00	14.43	1159.48
	308.76	0.00	14.43	1159.48
	308.77	0.00	14.43	1158.48
	308.79	0.00	14.42	1158.49
	308.80	0.00	14.43	1160.48
	308.81	0.00	14.41	1155.49
	308.82	0.00	14.43	1160.48
	308.83	0.00	14.43	1160.48
	308.84	0.00	14.40	1161.49
	308.86	0.00	14.41	1159.49
	308.87	0.00	14.42	1160.49
	308.88	0.00	14.43	1160.48
	308.89	0.00	14.41	1158.49
	308.90	0.00	14.43	1163.48
	308.91	0.00	14.43	1161.48
	308.92	0.00	14.42	1161.49
	308.94	0.00	14.42	1160.49
	308.95	0.00	14.43	1162.48
	308.96	0.00	14.43	1159.48
	308.97	0.00	14.45	1162.48
	308.98	0.00	14.44	1160.48
	309.00	0.00	14.42	1160.48
	309.01	0.00	14.44	1160.48
	309.02	0.00	14.43	1161.48
	309.03	0.00	14.44	1163.48
	309.04	0.00	14.44	1162.48
	309.05	0.00	14.42	1162.49
	309.07	0.00	14.42	1162.49
	309.08	0.00	14.41	1160.49
	309.09	0.00	14.42	1163.49
	309.10	0.00	14.42	1162.49
	309.11	0.00	14.42	1161.49
	309.12	0.00	14.41	1160.49
	309.14	0.00	14.41	1161.49
	309.15	0.00	14.41	1164.49
	309.16	0.00	14.39	1161.49
	309.17	0.00	14.40	1162.49
	309.18	0.00	14.39	1163.50
	309.19	0.00	14.39	1164.50
	309.21	0.00	14.40	1163.50
	309.22	0.00	14.39	1164.50
	309.23	0.00	14.38	1162.50
	309.24	0.00	14.39	1164.50
	309.25	0.00	14.38	1162.50
	309.26	0.00	14.37	1163.50
	309.28	0.00	14.39	1166.50
	309.29	0.00	14.37	1165.50
	309.30	0.00	14.37	1163.50
	309.31	0.00	14.38	1166.51
	309.32	0.00	14.37	1165.51
	309.33	0.00	14.38	1165.51
	309.35	0.00	14.35	1159.51
	309.36	0.00	14.35	1165.51
	309.37	0.00	14.36	1166.51
	309.38	0.00	14.35	1165.51
	309.39	0.00	14.36	1166.51
	309.40	0.00	14.35	1164.51
	309.42	0.00	14.37	1165.51
	309.43	0.00	14.37	1166.51
	309.44	0.00	14.36	1168.51
	309.45	0.00	14.36	1168.51
	309.46	0.00	14.37	1167.51
	309.48	0.00	14.36	1166.51
	309.49	0.00	14.36	1168.51
	309.50	0.00	14.37	1166.51
	309.51	0.00	14.36	1165.51
	309.52	0.00	14.36	1166.51
	309.53	0.00	14.35	1167.51
	309.54	0.00	14.37	1167.51
	309.56	0.00	14.36	1164.51
	309.57	0.00	14.36	1166.51
	309.58	0.00	14.37	1167.51
	309.59	0.00	14.36	1165.51
	309.60	0.00	14.36	1166.51
	309.61	0.00	14.36	1167.51
	309.63	0.00	14.37	1166.51
	309.64	0.00	14.38	1164.51
	309.65	0.00	14.38	1164.51
	309.66	0.00	14.39	1164.51
	309.67	0.00	14.39	1162.51
	309.69	0.00	14.39	1164.51
	309.70	0.00	14.40	1162.50
	309.71	0.00	14.40	1160.50
	309.72	0.00	14.40	1164.50
	309.73	0.00	14.41	1162.50
	309.74	0.00	14.41	1163.50
	309.76	0.00	14.41	1160.50
	309.77	0.00	14.42	1163.50
	309.78	0.00	14.41	1161.50
	309.79	0.00	14.43	1161.49
	309.80	0.00	14.44	1159.49
	309.81	0.00	14.43	1163.49
	309.83	0.00	14.44	1158.49
	309.84	0.00	14.45	1161.49
	309.85	0.00	14.44	1154.49
	309.86	0.00	14.46	1157.48
	309.87	0.00	14.45	1156.49
	309.88	0.00	14.44	1157.49
	309.90	0.00	14.46	1159.48
	309.91	0.00	14.46	1158.48
	309.92	0.00	14.45	1158.48
	309.93	0.00	14.45	1158.48
	309.94	0.00	14.44	1160.49
	309.95	0.00	14.43	1160.49
	309.97	0.00	14.43	1161.49
	309.98	0.00	14.44	1161.48
	309.99	0.00	14.43	1159.49
	310.00	0.00	14.42	1163.49
	310.01	0.00	14.42	1161.49
	310.02	0.00	14.42	1161.49
	310.04	0.00	14.42	1160.49
	310.05	0.00	14.42	1161.49
	310.06	0.00	14.43	1160.49
	310.07	0.00	14.42	1161.50
	310.08	0.00	14.44	1159.49
	310.09	0.00	14.46	1161.48
	310.11	0.00	14.46	1159.48
	310.12	0.00	14.45	1157.48
	310.13	0.00	14.44	1153.48
	310.14	0.00	14.46	1156.48
	310.15	0.00	14.46	1156.48
	310.16	0.00	14.45	1152.48
	310.18	0.00	14.47	1159.48
	310.19	0.00	14.48	1158.48
	310.20	0.00	14.46	1156.48
	310.21	0.00	14.46	1157.48
	310.22	0.00	14.46	1159.48
	310.23	0.00	14.47	1158.48
	310.25	0.00	14.45	1157.48
	310.26	0.00	14.45	1155.48
	310.27	0.00	14.46	1158.48
	310.28	0.00	14.46	1158.48
	310.29	0.00	14.46	1160.48
	310.30	0.00	14.46	1160.48
	310.32	0.00	14.47	1161.48
	310.33	0.00	14.47	1158.48
	310.34	0.00	14.47	1160.48
	310.35	0.00	14.47	1160.49
	310.36	0.00	14.48	1159.48
	310.38	0.00	14.48	1160.48
	310.39	0.00	14.48	1156.48
	310.40	0.00	14.49	1159.48
	310.41	0.00	14.50	1158.47
	310.42	0.00	14.48	1176.47
	310.43	0.00	14.51	1159.47
	310.45	0.00	14.49	1178.47
	310.46	0.00	14.52	1178.44
	310.47	0.00	14.51	1178.46
	310.48	0.00	14.59	1161.46
	310.49	0.00	14.53	1179.46
	310.50	0.00	14.59	1157.46
	310.52	0.00	14.61	1156.46
	310.53	0.00	14.61	1156.46
	310.54	0.00	14.61	1155.46
	310.55	0.00	14.62	1155.45
	310.56	0.00	14.65	1153.45
	310.57	0.00	14.65	1155.45
	310.59	0.00	14.65	1155.45
	310.60	0.00	14.65	1153.45
	310.61	0.00	14.66	1152.45
	310.62	0.00	14.68	1132.45
	310.63	0.00	14.68	1133.45
	310.64	0.00	14.67	1153.44
	310.66	0.00	14.68	1132.45
	310.67	0.00	14.68	1134.45
	310.68	0.00	14.69	1131.44
	310.69	0.00	14.68	1134.45
	310.70	0.00	14.68	1134.45
	310.71	0.00	14.69	1135.45
	310.73	0.00	14.68	1134.45
	310.74	0.00	14.67	1134.45
	310.75	0.00	14.69	1133.44
	310.76	0.00	14.67	1132.45
	310.77	0.00	14.68	1136.45
	310.79	1.00	14.68	1135.45
	310.80	1.00	14.67	1134.45
	310.81	1.00	14.67	1136.45
	310.82	1.00	14.67	1135.45
	310.83	1.00	14.67	1137.45
	310.84	1.00	14.65	1135.46
	310.85	1.00	14.65	1137.45
	310.87	1.00	14.64	1138.45
	310.88	1.00	14.63	1138.45
	310.89	1.00	14.63	1138.45
	310.90	1.00	14.62	1139.46
	310.91	1.00	14.61	1139.46
	310.92	1.00	14.60	1138.46
	310.94	1.00	14.60	1138.47
	310.95	1.00	14.60	1140.46
	310.96	1.00	14.60	1138.46
	310.97	1.00	14.58	1134.46
	310.98	1.00	14.59	1138.46
	310.99	1.00	14.59	1139.46
	311.01	1.00	14.58	1139.46
	311.02	1.00	14.59	1140.46
	311.03	1.00	14.58	1138.46
	311.04	1.00	14.57	1139.46
	311.05	1.00	14.57	1139.46
	311.07	1.00	14.55	1136.46
	311.08	0.00	14.54	1138.46
	311.09	0.00	14.57	1141.46
	311.10	0.00	14.51	1160.46
	311.11	0.00	14.57	1140.46
	311.12	0.00	14.51	1158.46
	311.14	0.00	14.58	1140.46
	311.15	0.00	14.56	1138.47
	311.16	0.00	14.53	1165.46
	311.17	0.00	14.57	1141.46
	311.18	0.00	14.52	1160.46
	311.19	0.00	14.49	1179.46
	311.20	0.00	14.52	1160.46
	311.22	0.00	14.48	1178.46
	311.23	0.00	14.57	1141.46
	311.24	0.00	14.51	1161.46
	311.25	0.00	14.48	1154.46
	311.26	0.00	14.56	1143.46
	311.28	0.00	14.54	1141.46
	311.29	0.00	14.49	1161.46
	311.30	0.00	14.48	1162.47
	311.31	0.00	14.44	1182.47
	311.32	0.00	14.46	1162.47
	311.33	0.00	14.44	1164.49
	311.35	0.00	14.45	1164.48
	311.36	0.00	14.45	1167.48
	311.37	0.00	14.42	1186.48
	311.38	0.00	14.41	1185.48
	311.39	0.00	14.41	1184.48
	311.40	0.00	14.42	1186.48
	311.42	0.00	14.42	1166.49
	311.43	0.00	14.41	1165.49
	311.44	0.00	14.40	1185.50
	311.45	0.00	14.40	1188.50
	311.46	0.00	14.38	1188.50
	311.48	0.00	14.41	1166.50
	311.49	0.00	14.40	1168.50
	311.50	0.00	14.40	1167.50
	311.51	0.00	14.40	1171.51
	311.52	0.00	14.39	1169.51
	311.53	0.00	14.38	1171.51
	311.54	0.00	14.36	1171.52
	311.56	0.00	14.35	1169.52
	311.57	0.00	14.34	1177.52
	311.58	0.00	14.33	1176.52
	311.59	0.00	14.33	1176.52
	311.60	0.00	14.29	1173.53
	311.61	0.00	14.28	1174.53
	311.63	0.00	14.25	1178.53
	311.64	0.00	14.24	1183.54
	311.65	0.00	14.22	1176.54
	311.66	0.00	14.21	1179.54
	311.67	0.00	14.19	1180.54
	311.69	0.00	14.19	1182.54
	311.70	0.00	14.18	1184.55
	311.71	0.00	14.16	1182.55
	311.72	0.00	14.16	1184.55
	311.73	0.00	14.14	1186.56
	311.74	0.00	14.14	1185.55
	311.76	0.00	14.13	1187.55
	311.77	0.00	14.11	1186.55
	311.78	0.00	14.11	1189.55
	311.79	0.00	14.12	1191.55
	311.80	0.00	14.14	1191.55
	311.81	0.00	14.11	1210.55
	311.83	0.00	14.12	1208.55
	311.84	0.00	14.12	1209.55
	311.85	0.00	14.12	1209.55
	311.86	0.00	14.12	1208.55
	311.87	0.00	14.12	1208.55
	311.88	0.00	14.13	1208.55
	311.90	0.00	14.12	1207.55
	311.91	0.00	14.12	1203.55
	311.92	0.00	14.15	1205.55
	311.93	0.00	14.15	1205.55
	311.94	0.00	14.14	1206.55
	311.95	0.00	14.13	1200.55
	311.97	0.00	14.16	1203.55
	311.98	0.00	14.17	1204.55
	311.99	0.00	14.18	1202.54
	312.00	0.00	14.20	1200.54
	312.01	0.00	14.21	1198.54
	312.02	0.00	14.22	1200.54
	312.04	0.00	14.24	1198.54
	312.05	0.00	14.22	1197.54
	312.06	0.00	14.24	1197.54
	312.07	0.00	14.24	1195.53
	312.08	0.00	14.25	1195.53
	312.09	0.00	14.25	1195.53
	312.11	0.00	14.26	1192.53
	312.12	0.00	14.25	1194.53
	312.13	0.00	14.26	1195.53
	312.14	0.00	14.25	1193.53
	312.15	0.00	14.26	1193.53
	312.17	0.00	14.27	1195.53
	312.18	0.00	14.26	1191.53
	312.19	0.00	14.27	1194.53
	312.20	0.00	14.26	1193.54
	312.21	0.00	14.27	1193.53
	312.22	0.00	14.27	1194.53
	312.23	0.00	14.27	1194.53
	312.25	0.00	14.27	1193.53
	312.26	0.00	14.28	1195.53
	312.27	0.00	14.27	1194.53
	312.28	0.00	14.27	1194.53
	312.29	0.00	14.27	1193.53
	312.30	0.00	14.27	1196.53
	312.32	0.00	14.28	1196.53
	312.33	0.00	14.27	1192.53
	312.34	0.00	14.27	1194.53
	312.35	0.00	14.28	1195.53
	312.36	0.00	14.27	1196.53
	312.38	0.00	14.28	1194.53
	312.39	0.00	14.28	1193.53
	312.40	0.00	14.28	1193.53
	312.41	0.00	14.28	1193.53
	312.42	0.00	14.28	1193.53
	312.43	0.00	14.29	1195.53
	312.45	0.00	14.29	1195.53
	312.46	0.00	14.30	1194.52
	312.47	0.00	14.30	1195.52
	312.48	0.00	14.29	1193.53
	312.49	0.00	14.29	1194.53
	312.50	0.00	14.30	1193.52
	312.52	0.00	14.29	1192.52
	312.53	0.00	14.30	1194.52
	312.54	0.00	14.31	1193.52
	312.55	0.00	14.31	1193.52
	312.56	0.00	14.31	1197.52
	312.57	0.00	14.32	1196.52
	312.59	0.00	14.32	1198.51
	312.60	0.00	14.31	1196.53
	312.61	0.00	14.31	1199.52
	312.62	0.00	14.31	1198.52
	312.63	0.00	14.31	1198.52
	312.64	0.00	14.31	1197.52
	312.66	0.00	14.30	1197.52
	312.67	0.00	14.31	1198.52
	312.68	0.00	14.31	1198.52
	312.69	0.00	14.30	1202.53
	312.70	0.00	14.29	1200.53
	312.72	0.00	14.30	1203.53
	312.73	0.00	14.29	1202.53
	312.74	0.00	14.29	1202.53
	312.75	0.00	14.30	1204.53
	312.76	0.00	14.28	1202.53
	312.77	0.00	14.29	1204.53
	312.78	0.00	14.28	1203.53
	312.80	0.00	14.28	1204.53
	312.81	0.00	14.28	1203.53
	312.82	0.00	14.27	1204.53
	312.83	0.00	14.26	1206.53
	312.84	0.00	14.26	1208.53
	312.86	0.00	14.25	1209.53
	312.87	0.00	14.24	1209.54
	312.88	0.00	14.24	1211.53
	312.89	0.00	14.24	1216.53
	312.90	0.00	14.22	1216.53
	312.91	0.00	14.17	1217.54
	312.92	0.00	14.13	1223.55
	312.94	0.00	14.03	1236.55
	312.95	0.00	13.95	1240.56
	312.96	0.00	13.86	1268.57
	312.97	0.00	13.78	1251.58
	312.98	0.00	13.64	1250.60
	313.00	0.00	13.33	1227.61
	313.01	0.00	13.30	1230.60
	313.02	0.00	12.75	1104.61
	313.03	0.00	12.70	1107.61
	313.04	0.00	12.65	1106.61
	313.05	0.00	12.59	1105.62
	313.07	0.00	12.56	1107.62
	313.08	0.00	12.54	1104.60
	313.09	0.00	12.50	1106.62
	313.10	0.00	12.45	1097.62
	313.11	0.00	12.49	1107.62
	313.12	0.00	12.49	1106.62
	313.14	0.00	12.50	1108.62
	313.15	0.00	12.52	1131.62
	313.16	0.00	12.53	1134.62
	313.17	0.00	12.55	1138.62
	313.18	0.00	12.53	1139.62
	313.19	0.00	12.55	1147.62
	313.20	0.00	12.55	1154.62
	313.22	0.00	12.57	1160.62
	313.23	0.00	12.62	1169.62
	313.24	0.00	12.69	1176.61
	313.25	0.00	12.78	1191.61
	313.26	0.00	12.86	1201.60
	313.28	0.00	12.93	1204.60
	313.29	0.00	13.02	1206.59
	313.30	0.00	13.10	1208.58
	313.31	0.00	13.20	1212.57
	313.32	0.00	13.27	1216.56
	313.33	0.00	13.38	1215.54
	313.35	0.00	13.47	1218.54
	313.36	0.00	13.58	1202.52
	313.37	0.00	13.69	1215.51
	313.38	0.00	13.80	1229.51
	313.39	0.00	13.84	1228.50
	313.40	0.00	13.87	1225.50
	313.42	0.00	13.90	1222.49
	313.43	0.00	13.91	1207.50
	313.44	0.00	13.93	1194.50
	313.45	0.00	13.94	1177.50
	313.46	0.00	14.09	1194.50
	313.47	0.00	14.16	1193.50
	313.49	0.00	14.40	1201.49
	313.50	0.00	14.51	1176.48
	313.51	0.00	14.63	1156.45
	313.52	0.00	14.89	1137.37
	313.53	0.00	15.18	1127.17
	313.54	0.00	15.43	1104.08
	313.55	0.00	15.48	1095.06
	313.57	0.00	15.52	1091.06
	313.58	0.00	15.52	1080.05
	313.59	0.00	15.49	1068.05
	313.60	0.00	15.48	1052.04
	313.61	0.00	15.41	1023.04
	313.63	0.00	15.36	998.03
	313.64	0.00	15.28	950.02
	313.65	0.00	15.17	920.02
	313.66	0.00	15.08	898.03
	313.67	0.00	14.81	864.03
	313.68	0.00	14.73	852.03
	313.70	0.00	14.68	840.04
	313.71	0.00	14.36	767.03
	313.72	0.00	14.29	749.03
	313.73	0.00	14.29	748.03
	313.74	0.00	14.29	748.03
	313.75	0.00	14.28	750.03
	313.76	0.00	14.29	745.03
	313.78	0.00	14.28	743.02
	313.79	0.00	14.28	744.02
	313.80	0.00	14.28	747.02
	313.81	0.00	14.29	749.02
	313.82	0.00	14.30	751.02
	313.83	0.00	14.30	745.02
	313.85	0.00	14.28	745.01
	313.86	0.00	14.24	740.02
	313.87	0.00	14.25	738.01
	313.88	0.00	14.25	739.01
	313.89	0.00	14.26	740.01
	313.90	0.00	14.25	737.01
	313.92	0.00	14.25	738.01
	313.93	0.00	14.30	747.00
	313.94	0.00	14.28	742.00
	313.95	0.00	14.31	744.00
	313.96	0.00	14.33	748.00
	313.97	0.00	14.31	746.00
	313.98	0.00	14.27	750.01
	314.00	0.00	14.04	757.14
	314.01	0.00	13.68	762.27
	314.02	0.00	13.11	778.41
	314.03	0.00	11.96	832.65
	314.04	0.00	11.61	902.73
	314.05	0.00	11.73	926.67
	314.07	0.00	11.85	962.68
	314.08	0.00	11.89	996.68
	314.09	0.00	11.90	1003.69
	314.10	0.00	12.05	1037.69
	314.11	0.00	12.16	1068.70
	314.12	0.00	12.27	1097.69
	314.14	0.00	12.36	1126.69
	314.15	0.00	12.44	1161.68
	314.16	0.00	12.48	1167.68
	314.17	0.00	12.50	1174.68
	314.18	0.00	12.52	1173.67
	314.19	0.00	12.57	1181.67
	314.21	0.00	12.59	1182.67
	314.22	0.00	12.61	1179.66
	314.23	0.00	12.63	1179.66
	314.24	0.00	12.66	1176.65
	314.25	0.00	12.70	1176.64
	314.26	0.00	12.73	1174.63
	314.27	0.00	12.75	1173.63
	314.29	0.00	12.75	1172.63
	314.30	0.00	12.76	1170.62
	314.31	0.00	12.77	1167.62
	314.32	0.00	12.81	1170.61
	314.33	0.00	12.79	1164.61
	314.35	0.00	12.79	1162.61
	314.36	0.00	12.81	1164.61
	314.37	0.00	12.84	1170.61
	314.38	0.00	12.86	1173.62
	314.39	0.00	12.90	1179.62
	314.40	0.00	12.91	1176.61
	314.42	0.00	13.01	1192.61
	314.43	0.00	13.24	1242.60
	314.44	0.00	13.29	1250.60
	314.45	0.00	13.35	1264.60
	314.46	0.00	13.41	1275.60
	314.47	0.00	13.46	1288.59
	314.48	0.00	13.51	1298.59
	314.50	0.00	13.58	1299.58
	314.51	0.00	13.63	1303.58
	314.52	0.00	13.69	1310.58
	314.53	0.00	13.76	1316.57
	314.54	0.00	13.83	1336.56
	314.55	0.00	13.87	1329.55
	314.57	0.00	13.95	1334.54
	314.58	0.00	13.99	1331.54
	314.59	0.00	14.02	1333.54
	314.60	0.00	14.08	1332.54
	314.61	0.00	14.16	1331.52
	314.63	0.00	14.18	1332.52
	314.64	0.00	14.25	1325.51
	314.65	0.00	14.29	1325.50
	314.66	0.00	14.32	1325.49
	314.67	0.00	14.38	1320.47
	314.68	0.00	14.42	1323.46
	314.70	0.00	14.46	1319.44
	314.71	0.00	14.60	1361.43
	314.72	0.00	14.56	1310.43
	314.73	0.00	14.69	1305.33
	314.74	0.00	14.72	1298.34
	314.75	0.00	14.74	1290.37
	314.77	0.00	14.79	1284.38
	314.78	0.00	14.90	1275.30
	314.79	0.00	14.98	1263.26
	314.80	0.00	15.09	1222.20
	314.81	0.00	15.22	1196.14
	314.82	0.00	15.30	1187.10
	314.83	0.00	15.43	1161.08
	314.85	0.00	15.46	1164.07
	314.86	0.00	15.49	1153.06
	314.87	0.00	15.53	1151.05
	314.88	0.00	15.56	1125.04
	314.89	0.00	15.60	1118.03
	314.90	0.00	15.63	1111.02
	314.92	0.00	15.66	1101.00
	314.93	0.00	15.66	1085.00
	314.94	0.00	15.69	1074.98
	314.95	0.00	15.73	1064.96
	314.96	0.00	15.73	1051.95
	314.98	0.00	15.76	1043.93
	314.99	0.00	15.77	1029.91
	315.00	0.00	15.83	1019.87
	315.01	0.00	15.82	997.85
	315.02	0.00	15.77	956.85
	315.03	0.00	15.77	930.83
	315.04	0.00	15.63	888.83
	315.06	0.00	15.47	818.81
	315.07	0.00	15.32	765.81
	315.08	0.00	15.19	720.80
	315.09	0.00	15.13	697.79
	315.10	0.00	14.92	659.79
	315.11	0.00	14.87	659.79
	315.13	0.00	14.85	660.79
	315.14	0.00	14.81	656.79
	315.15	0.00	14.69	658.79
	315.16	0.00	14.51	650.82
	315.17	0.00	14.03	616.88
	315.18	0.00	13.89	597.91
	315.19	0.00	13.76	580.91
	315.21	0.00	13.76	582.92
	315.22	0.00	13.88	604.92
	315.23	0.00	13.94	615.92
	315.24	0.00	14.01	633.93
	315.25	0.00	14.05	641.93
	315.26	0.00	14.02	645.94
	315.28	0.00	14.02	642.94
	315.29	0.00	14.00	642.94
	315.30	0.00	14.03	641.94
	315.31	0.00	13.99	636.94
	315.32	0.00	14.01	635.92
	315.33	0.00	13.99	634.94
	315.34	0.00	13.99	637.94
	315.36	0.00	13.98	635.94
	315.37	0.00	13.98	638.94
	315.38	0.00	13.97	637.94
	315.39	0.00	13.99	637.94
	315.40	0.00	14.00	639.94
	315.41	0.00	14.04	640.94
	315.43	0.00	14.02	645.94
	315.44	0.00	14.01	644.94
	315.45	0.00	14.04	646.94
	315.46	0.00	14.05	648.94
	315.47	0.00	14.07	651.94
	315.48	0.00	14.03	651.95
	315.50	0.00	14.05	653.95
	315.51	0.00	14.04	653.94
	315.52	0.00	14.06	652.94
	315.53	0.00	14.06	652.94
	315.54	0.00	14.05	651.94
	315.55	0.00	14.08	653.94
	315.57	0.00	14.07	654.94
	315.58	0.00	14.09	654.94
	315.59	0.00	14.09	658.94
	315.60	0.00	14.09	654.94
	315.61	0.00	14.10	657.94
	315.62	0.00	14.04	659.95
	315.63	0.00	13.91	665.03
	315.65	0.00	13.45	666.20
	315.66	0.00	12.73	638.40
	315.67	0.00	11.80	651.48
	315.68	0.00	11.41	697.58
	315.69	0.00	11.34	752.67
	315.70	0.00	11.33	827.75
	315.72	0.00	11.42	873.71
	315.73	0.00	11.67	913.72
	315.74	0.00	11.84	945.73
	315.75	0.00	12.12	1035.76
	315.76	0.00	12.34	1095.77
	315.77	0.00	12.53	1132.78
	315.79	0.00	12.64	1157.78
	315.80	0.00	12.72	1165.78
	315.81	0.00	12.78	1170.79
	315.82	0.00	12.82	1165.78
	315.83	0.00	12.88	1163.78
	315.84	0.00	12.95	1158.77
	315.86	0.00	13.02	1154.77
	315.87	0.00	13.10	1149.76
	315.88	0.00	13.19	1146.76
	315.89	0.00	13.27	1144.75
	315.90	0.00	13.32	1149.74
	315.91	0.00	13.37	1162.74
	315.93	0.00	13.40	1192.74
	315.94	0.00	13.44	1200.73
	315.95	0.00	13.47	1206.73
	315.96	0.00	13.50	1215.73
	315.97	0.00	13.53	1221.73
	315.98	0.00	13.58	1228.72
	316.00	0.00	13.77	1247.72
	316.01	0.00	13.78	1254.72
	316.02	0.00	13.81	1257.72
	316.03	0.00	13.84	1258.72
	316.04	0.00	13.83	1258.73
	316.05	0.00	13.87	1260.72
	316.07	0.00	13.85	1246.72
	316.08	0.00	13.89	1253.72
	316.09	0.00	13.91	1246.72
	316.10	0.00	13.98	1269.72
	316.11	0.00	14.00	1269.72
	316.12	0.00	14.03	1268.72
	316.14	0.00	14.05	1269.72
	316.15	0.00	14.04	1264.72
	316.16	0.00	14.02	1243.72
	316.17	0.00	14.02	1238.72
	316.18	0.00	13.84	1215.72
	316.19	0.00	13.87	1197.72
	316.21	0.00	13.85	1198.73
	316.22	0.00	13.83	1196.73
	316.23	0.00	13.80	1195.74
	316.24	0.00	13.78	1191.74
	316.25	0.00	13.77	1190.74
	316.26	0.00	13.76	1189.74
	316.27	0.00	13.76	1188.75
	316.29	0.00	13.73	1183.75
	316.30	0.00	13.74	1183.75
	316.31	0.00	13.73	1180.75
	316.32	0.00	13.75	1179.75
	316.33	0.00	13.80	1179.73
	316.35	0.00	13.85	1181.74
	316.36	0.00	13.89	1173.74
	316.37	0.00	13.98	1175.74
	316.38	0.00	14.08	1163.72
	316.39	0.00	14.19	1158.71
	316.40	0.00	14.31	1153.69
	316.42	0.00	14.45	1146.67
	316.43	0.00	14.53	1147.64
	316.44	0.00	14.84	1186.58
	316.45	0.00	14.98	1186.54
	316.46	0.00	15.15	1160.43
	316.47	0.00	15.40	1137.19
	316.48	0.00	15.54	1137.10
	316.50	0.00	15.63	1142.07
	316.51	0.00	15.64	1146.07
	316.52	0.00	15.67	1147.07
	316.53	0.00	15.68	1148.06
	316.54	0.00	15.68	1137.05
	316.55	0.00	15.68	1134.05
	316.57	0.00	15.70	1132.04
	316.58	0.00	15.72	1126.03
	316.59	0.00	15.73	1121.01
	316.60	0.00	15.76	1107.97
	316.61	0.00	15.77	1095.95
	316.63	0.00	15.76	1071.92
	316.64	0.00	15.74	1022.88
	316.65	0.00	15.58	960.87
	316.66	0.00	15.58	941.86
	316.67	0.00	15.44	893.85
	316.68	0.00	15.40	856.83
	316.70	0.00	15.36	831.83
	316.71	0.00	15.26	816.83
	316.72	0.00	15.26	801.82
	316.73	0.00	15.24	789.82
	316.74	0.00	15.25	778.82
	316.75	0.00	15.21	772.82
	316.77	0.00	15.13	774.82
	316.78	0.00	15.03	765.82
	316.79	0.00	14.59	734.85
	316.80	0.00	14.25	688.95
	316.81	0.00	13.90	623.97
	316.82	0.00	13.52	557.96
	316.83	0.00	13.55	567.96
	316.85	0.00	13.68	587.96
	316.86	0.00	13.76	599.96
	316.87	0.00	13.81	615.96
	316.88	0.00	13.86	622.96
	316.89	0.00	13.88	622.96
	316.90	0.00	13.89	624.96
	316.92	0.00	13.87	628.96
	316.93	0.00	13.90	633.97
	316.94	0.00	13.87	628.97
	316.95	0.00	13.86	629.97
	316.96	0.00	13.86	629.97
	316.97	0.00	13.87	631.97
	316.98	0.00	13.90	637.97
	317.00	0.00	13.90	639.97
	317.01	0.00	13.96	646.97
	317.02	0.00	13.94	646.97
	317.03	0.00	13.96	647.97
	317.04	0.00	13.95	652.97
	317.05	0.00	13.96	654.97
	317.07	0.00	13.99	660.97
	317.08	0.00	14.02	666.97
	317.09	0.00	14.06	672.97
	317.10	0.00	14.10	680.97
	317.11	0.00	14.07	680.98
	317.12	0.00	14.08	682.98
	317.13	0.00	14.14	693.98
	317.15	0.00	14.19	702.98
	317.16	0.00	14.21	704.97
	317.17	0.00	14.22	706.97
	317.18	0.00	14.25	711.97
	317.19	0.00	14.26	713.97
	317.20	0.00	14.29	719.97
	317.22	0.00	14.31	724.97
	317.23	0.00	14.33	728.97
	317.24	0.00	14.39	740.96
	317.25	0.00	14.32	743.99
	317.26	0.00	14.19	739.03
	317.27	0.00	13.84	701.08
	317.29	0.00	13.33	675.14
	317.30	0.00	12.30	645.31
	317.31	0.00	11.42	709.48
	317.32	0.00	11.14	782.66
	317.33	0.00	11.10	844.70
	317.34	0.00	11.16	922.75
	317.36	0.00	11.41	953.65
	317.37	0.00	11.64	974.62
	317.38	0.00	11.69	1027.64
	317.39	0.00	11.75	1053.65
	317.40	0.00	11.87	1079.63
	317.41	0.00	11.97	1098.62
	317.42	0.00	12.06	1130.62
	317.44	0.00	12.17	1145.61
	317.45	0.00	12.25	1147.60
	317.46	0.00	12.32	1140.59
	317.47	0.00	12.41	1132.58
	317.48	0.00	12.49	1119.57
	317.50	0.00	12.59	1124.57
	317.51	0.00	12.64	1120.56
	317.52	0.00	12.72	1123.53
	317.53	0.00	12.78	1122.52
	317.54	0.00	12.80	1124.51
	317.55	0.00	12.88	1129.50
	317.56	0.00	12.93	1131.50
	317.58	0.00	12.97	1137.50
	317.59	0.00	13.01	1136.50
	317.60	0.00	13.04	1136.51
	317.61	0.00	13.06	1152.50
	317.62	0.00	13.16	1161.49
	317.63	0.00	13.41	1178.49
	317.65	0.00	13.47	1175.48
	317.66	0.00	13.54	1177.47
	317.67	0.00	13.58	1178.46
	317.68	0.00	13.63	1182.46
	317.69	0.00	13.67	1191.45
	317.70	0.00	13.70	1187.44
	317.72	0.00	13.73	1192.43
	317.73	0.00	13.77	1200.42
	317.74	0.00	13.80	1207.42
	317.75	0.00	13.86	1235.41
	317.76	0.00	13.85	1239.42
	317.77	0.00	13.86	1243.42
	317.79	0.00	13.88	1253.42
	317.80	0.00	13.86	1257.42
	317.81	0.00	13.88	1261.41
	317.82	0.00	13.88	1271.43
	317.83	0.00	13.90	1277.42
	317.84	0.00	13.92	1281.42
	317.86	0.00	13.94	1284.42
	317.87	0.00	13.99	1287.41
	317.88	0.00	14.01	1291.42
	317.89	0.00	14.05	1290.41
	317.90	0.00	14.07	1293.41
	317.91	0.00	14.08	1296.41
	317.93	0.00	14.05	1296.43
	317.94	0.00	14.06	1302.43
	317.95	0.00	14.06	1304.43
	317.96	0.00	14.00	1290.44
	317.97	0.00	13.97	1281.44
	317.98	0.00	13.99	1288.45
	318.00	0.00	13.99	1289.46
	318.01	0.00	13.99	1292.46
	318.02	0.00	14.00	1297.47
	318.03	0.00	14.05	1298.47
	318.04	0.00	14.08	1319.47
	318.05	0.00	14.14	1318.47
	318.07	0.00	14.19	1307.48
	318.08	0.00	14.23	1291.47
	318.09	0.00	14.27	1273.49
	318.10	0.00	14.35	1266.46
	318.11	0.00	14.40	1260.51
	318.12	0.00	14.48	1245.55
	318.14	0.00	14.70	1229.42
	318.15	0.00	14.93	1199.32
	318.16	0.00	15.15	1191.16
	318.17	0.00	15.38	1144.09
	318.18	0.00	15.44	1139.06
	318.19	0.00	15.47	1128.05
	318.20	0.00	15.50	1105.04
	318.22	0.00	15.56	1091.02
	318.23	0.00	15.61	1089.00
	318.24	0.00	15.66	1079.98
	318.25	0.00	15.74	1071.95
	318.26	0.00	15.76	1069.95
	318.27	0.00	15.79	1054.93
	318.29	0.00	15.86	1049.89
	318.30	0.00	15.90	1037.87
	318.31	0.00	15.95	1023.85
	318.32	0.00	15.93	998.83
	318.33	0.00	15.92	970.82
	318.35	0.00	15.88	917.82
	318.36	0.00	15.80	879.81
	318.37	0.00	15.75	850.80
	318.38	0.00	15.60	821.80
	318.39	0.00	15.49	799.80
	318.40	0.00	15.43	791.79
	318.41	0.00	15.27	788.79
	318.43	0.00	15.10	786.81
	318.44	0.00	14.83	778.91
	318.45	0.00	14.44	751.97
	318.46	0.00	14.33	732.98
	318.47	0.00	14.19	695.98
	318.48	0.00	14.24	709.98
	318.50	0.00	14.23	709.99
	318.51	0.00	14.26	707.96
	318.52	0.00	14.20	704.98
	318.53	0.00	14.20	700.98
	318.54	0.00	14.19	694.98
	318.55	0.00	14.17	691.98
	318.57	0.00	14.16	692.99
	318.58	0.00	14.15	693.00
	318.59	0.00	14.17	693.99
	318.60	0.00	14.17	691.99
	318.61	0.00	14.13	692.99
	318.62	0.00	14.12	688.99
	318.64	0.00	14.16	695.99
	318.65	0.00	14.16	695.99
	318.66	0.00	14.14	695.00
	318.67	0.00	14.16	697.00
	318.68	0.00	14.16	700.99
	318.69	0.00	14.19	702.99
	318.70	0.00	14.19	706.00
	318.72	0.00	14.22	708.99
	318.73	0.00	14.20	709.00
	318.74	0.00	14.21	711.00
	318.75	0.00	14.22	709.99
	318.76	0.00	14.24	713.99
	318.77	0.00	14.24	712.99
	318.79	0.00	14.23	711.99
	318.80	0.00	14.23	709.99
	318.81	0.00	14.21	705.99
	318.82	0.00	14.20	701.98
	318.83	0.00	14.18	696.98
	318.84	0.00	14.20	697.98
	318.86	0.00	14.19	692.97
	318.87	0.00	14.20	693.97
	318.88	0.00	14.20	695.97
	318.89	0.00	14.21	696.97
	318.90	0.00	14.22	698.97
	318.91	0.00	14.26	707.97
	318.92	0.00	14.25	708.97
	318.94	0.00	14.28	710.97
	318.95	0.00	14.27	712.97
	318.96	0.00	13.85	687.10
	318.97	0.00	13.03	617.27
	318.98	0.00	12.37	603.33
	318.99	0.00	11.56	656.49
	319.01	0.00	11.13	719.64
	319.02	0.00	10.71	794.81
	319.03	0.00	10.57	894.91
	319.04	0.00	10.65	966.96
	319.05	0.00	10.76	997.98
	319.06	0.00	11.09	1054.91
	319.08	0.00	11.27	1057.83
	319.09	0.00	11.51	1068.83
	319.10	0.00	11.71	1074.83
	319.11	0.00	11.85	1077.83
	319.12	0.00	11.97	1076.83
	319.13	0.00	12.06	1075.83
	319.14	0.00	12.18	1080.83
	319.16	0.00	12.26	1072.83
	319.17	0.00	12.38	1057.81
	319.18	0.00	12.43	1051.81
	319.19	0.00	12.49	1049.80
	319.20	0.00	12.53	1046.80
	319.22	0.00	12.62	1051.79
	319.23	0.00	12.68	1050.79
	319.24	0.00	12.72	1050.79
	319.25	0.00	12.76	1075.79
	319.26	0.00	12.76	1055.79
	319.27	0.00	12.79	1071.79
	319.29	0.00	12.81	1069.79
	319.30	0.00	13.05	1113.78
	319.31	0.00	13.11	1122.78
	319.32	0.00	13.18	1127.78
	319.33	0.00	13.24	1134.78
	319.34	0.00	13.28	1134.78
	319.35	0.00	13.34	1135.77
	319.37	0.00	13.40	1131.76
	319.38	0.00	13.46	1132.76
	319.39	0.00	13.51	1134.75
	319.40	0.00	13.57	1139.75
	319.41	0.00	13.61	1135.74
	319.42	0.00	13.86	1160.73
	319.44	0.00	13.94	1183.73
	319.45	0.00	14.03	1192.71
	319.46	0.00	14.12	1201.68
	319.47	0.00	14.32	1187.60
	319.48	0.00	14.42	1196.54
	319.50	0.00	14.50	1209.51
	319.51	0.00	14.52	1214.53
	319.52	0.00	14.56	1231.54
	319.53	0.00	14.65	1243.50
	319.54	0.00	14.66	1257.51
	319.55	0.00	14.66	1285.48
	319.56	0.00	14.70	1293.44
	319.58	0.00	14.72	1316.42
	319.59	0.00	14.79	1298.40
	319.60	0.00	14.82	1308.39
	319.61	0.00	14.83	1330.36
	319.62	0.00	14.84	1345.37
	319.63	0.00	14.86	1346.34
	319.64	0.00	14.89	1345.34
	319.66	0.00	14.90	1350.36
	319.67	0.00	14.86	1348.44
	319.68	0.00	14.90	1346.44
	319.69	0.00	15.01	1351.37
	319.70	0.00	15.13	1310.36
	319.72	0.00	15.20	1313.32
	319.73	0.00	15.33	1290.24
	319.74	0.00	15.36	1284.23
	319.75	0.00	15.34	1286.31
	319.76	0.00	15.56	1286.12
	319.77	0.00	15.65	1299.10
	319.79	0.00	15.69	1291.09
	319.80	0.00	15.72	1283.08
	319.81	0.00	15.75	1271.07
	319.82	0.00	15.78	1244.07
	319.83	0.00	15.80	1241.07
	319.84	0.00	15.84	1238.06
	319.86	0.00	15.85	1228.06
	319.87	0.00	15.88	1232.06
	319.88	0.00	15.91	1225.05
	319.89	0.00	15.91	1215.05
	319.90	0.00	15.92	1206.04
	319.91	0.00	15.94	1198.03
	319.92	0.00	15.97	1189.02
	319.94	0.00	15.98	1178.00
	319.95	0.00	16.02	1170.98
	319.96	0.00	16.05	1168.95
	319.97	0.00	16.09	1156.92
	319.98	0.00	16.09	1141.90
	320.00	0.00	16.11	1127.88
	320.01	0.00	16.08	1094.86
	320.02	0.00	15.94	996.84
	320.03	0.00	15.90	995.84
	320.04	0.00	15.83	949.83
	320.05	0.00	15.81	933.82
	320.07	0.00	15.83	922.82
	320.08	0.00	15.74	902.81
	320.09	0.00	15.69	887.81
	320.10	0.00	15.64	869.81
	320.11	0.00	15.60	855.80
	320.12	0.00	15.49	842.80
	320.13	0.00	15.42	837.80
	320.15	0.00	15.34	826.80
	320.16	0.00	15.19	819.82
	320.17	0.00	15.07	796.84
	320.18	0.00	14.80	773.93
	320.19	0.00	14.37	733.99
	320.20	0.00	14.17	688.99
	320.22	0.00	13.79	628.03
	320.23	0.00	13.54	583.04
	320.24	0.00	13.71	590.98
	320.25	0.00	13.78	608.99
	320.26	0.00	13.84	617.99
	320.27	0.00	13.88	627.00
	320.28	0.00	13.87	629.01
	320.30	0.00	13.87	626.00
	320.31	0.00	13.86	630.01
	320.32	0.00	13.87	631.02
	320.33	0.00	13.87	634.02
	320.34	0.00	13.88	634.01
	320.35	0.00	13.88	636.02
	320.36	0.00	13.86	639.03
	320.38	0.00	13.87	637.03
	320.39	0.00	13.91	648.03
	320.40	0.00	13.95	652.02
	320.41	0.00	13.99	661.01
	320.42	0.00	14.00	662.01
	320.44	0.00	14.02	663.01
	320.45	0.00	14.05	672.01
	320.46	0.00	14.05	674.01
	320.47	0.00	14.04	673.02
	320.48	0.00	14.09	685.02
	320.49	0.00	14.12	688.02
	320.50	0.00	14.07	682.02
	320.52	0.00	14.06	681.02
	320.53	0.00	14.09	681.01
	320.54	0.00	14.10	684.00
	320.55	0.00	14.10	684.00
	320.56	0.00	14.09	682.00
	320.57	0.00	14.10	679.99
	320.58	0.00	14.11	680.99
	320.60	0.00	14.11	681.99
	320.61	0.00	14.13	678.98
	320.62	0.00	14.12	676.98
	320.63	0.00	14.12	676.98
	320.64	0.00	14.14	681.98
	320.65	0.00	14.18	688.98
	320.67	0.00	14.32	713.98
	320.68	0.00	14.36	722.97
	320.69	0.00	14.36	725.98
	320.70	0.00	14.01	729.23
	320.71	0.00	13.57	686.32
	320.72	0.00	13.12	629.22
	320.73	0.00	12.34	622.33
	320.75	0.00	11.75	681.51
	320.76	0.00	11.43	731.63
	320.77	0.00	11.16	800.74
	320.78	0.00	10.90	867.83
	320.79	0.00	10.88	917.88
	320.80	0.00	11.01	949.88
	320.82	0.00	11.30	1008.77
	320.83	0.00	11.41	1023.76
	320.84	0.00	11.52	1028.76
	320.85	0.00	11.63	1063.78
	320.86	0.00	11.72	1070.76
	320.88	0.00	11.85	1079.76
	320.89	0.00	11.91	1080.76
	320.90	0.00	11.99	1078.76
	320.91	0.00	12.05	1075.76
	320.92	0.00	12.11	1071.76
	320.93	0.00	12.18	1074.76
	320.95	0.00	12.21	1080.76
	320.96	0.00	12.28	1084.75
	320.97	0.00	12.30	1098.75
	320.98	0.00	12.34	1106.76
	320.99	0.00	12.36	1118.77
	321.00	0.00	12.45	1127.76
	321.02	0.00	12.43	1138.76
	321.03	0.00	12.45	1148.77
	321.04	0.00	12.49	1158.77
	321.05	0.00	12.54	1166.77
	321.06	0.00	12.55	1163.79
	321.07	0.00	12.61	1162.80
	321.08	0.00	12.55	1148.81
	321.10	0.00	12.57	1136.82
	321.11	0.00	12.55	1127.83
	321.12	0.00	12.54	1117.83
	321.13	0.00	12.60	1137.82
	321.14	0.00	12.57	1130.85
	321.16	0.00	12.58	1133.85
	321.17	0.00	12.60	1135.85
	321.18	0.00	12.62	1136.85
	321.19	0.00	12.63	1137.85
	321.20	0.00	12.63	1135.85
	321.21	0.00	12.65	1134.85
	321.23	0.00	12.66	1136.85
	321.24	0.00	12.69	1136.85
	321.25	0.00	12.72	1135.85
	321.26	0.00	12.74	1137.85
	321.27	0.00	12.75	1137.85
	321.28	0.00	12.79	1142.85
	321.30	0.00	12.79	1138.85
	321.31	0.00	12.79	1143.86
	321.32	0.00	12.82	1149.85
	321.33	0.00	12.85	1149.85
	321.34	0.00	12.86	1155.86
	321.35	0.00	12.90	1152.86
	321.36	0.00	12.92	1143.86
	321.38	0.00	12.96	1146.86
	321.39	0.00	13.01	1140.85
	321.40	0.00	13.05	1135.85
	321.41	0.00	13.09	1132.86
	321.42	0.00	13.17	1145.85
	321.43	0.00	13.24	1125.85
	321.45	0.00	13.24	1123.85
	321.46	0.00	13.47	1140.85
	321.47	0.00	13.50	1133.84
	321.48	0.00	13.54	1133.85
	321.49	0.00	13.59	1134.85
	321.51	0.00	13.62	1134.84
	321.52	0.00	13.75	1110.83
	321.53	0.00	13.86	1104.82
	321.54	0.00	13.96	1090.81
	321.55	0.00	14.04	1077.79
	321.56	0.00	14.14	1071.78
	321.57	0.00	14.25	1071.77
	321.59	0.00	14.38	1063.66
	321.60	0.00	14.51	1096.69
	321.61	0.00	14.55	1104.74
	321.62	0.00	14.63	1117.77
	321.63	0.00	14.99	1119.42
	321.64	0.00	15.28	1127.22
	321.66	0.00	15.36	1088.18
	321.67	0.00	15.50	1094.10
	321.68	0.00	15.53	1096.09
	321.69	0.00	15.57	1097.08
	321.70	0.00	15.59	1095.08
	321.71	0.00	15.61	1091.06
	321.73	0.00	15.59	1082.06
	321.74	0.00	15.58	1065.05
	321.75	0.00	15.60	1064.03
	321.76	0.00	15.52	1027.02
	321.77	0.00	15.41	962.02
	321.78	0.00	15.30	912.00
	321.80	0.00	15.08	843.99
	321.81	0.00	15.10	819.92
	321.82	0.00	15.06	790.88
	321.83	0.00	14.97	762.87
	321.84	0.00	14.95	741.84
	321.85	0.00	14.94	729.84
	321.86	0.00	14.90	716.83
	321.88	0.00	14.88	711.83
	321.89	0.00	14.86	709.83
	321.90	0.00	14.56	692.83
	321.91	0.00	14.48	690.84
	321.92	0.00	14.40	686.86
	321.93	0.00	14.13	664.95
	321.95	0.00	13.89	635.99
	321.96	0.00	13.64	588.98
	321.97	0.00	13.58	579.98
	321.98	0.00	13.66	591.98
	321.99	0.00	13.69	599.98
	322.00	0.00	13.75	608.98
	322.02	0.00	13.78	612.98
	322.03	0.00	13.80	616.98
	322.04	0.00	13.80	615.98
	322.05	0.00	13.80	615.98
	322.06	0.00	13.79	614.98
	322.07	0.00	13.74	610.98
	322.08	0.00	13.81	618.98
	322.10	0.00	13.79	617.98
	322.11	0.00	13.79	615.98
	322.12	0.00	13.80	619.98
	322.13	0.00	13.79	618.98
	322.14	0.00	13.81	619.97
	322.15	0.00	13.82	622.99
	322.17	0.00	13.78	619.99
	322.18	0.00	13.77	619.99
	322.19	0.00	13.82	627.99
	322.20	0.00	13.89	637.99
	322.21	0.00	13.88	637.99
	322.22	0.00	13.90	640.99
	322.23	0.00	13.90	640.99
	322.25	0.00	13.90	640.99
	322.26	0.00	13.97	652.99
	322.27	0.00	14.00	656.99
	322.28	0.00	14.02	659.99
	322.29	0.00	14.01	658.99
	322.30	0.00	14.05	664.99
	322.32	0.00	14.08	667.98
	322.33	0.00	14.05	662.98
	322.34	0.00	14.05	665.98
	322.35	0.00	14.07	669.98
	322.36	0.00	14.13	676.98
	322.37	0.00	14.13	678.98
	322.39	0.00	14.15	679.98
	322.40	0.00	14.16	681.98
	322.41	0.00	14.17	683.98
	322.42	0.00	14.16	684.98
	322.43	0.00	14.16	687.99
	322.44	0.00	14.14	691.00
	322.45	0.00	13.87	688.16
	322.47	0.00	13.57	658.20
	322.48	0.00	13.23	656.27
	322.49	0.00	12.63	640.39
	322.50	0.00	11.71	666.58
	322.51	0.00	11.55	703.65
	322.52	0.00	11.42	753.74
	322.54	0.00	11.47	814.81
	322.55	0.00	11.55	843.73
	322.56	0.00	11.65	877.74
	322.57	0.00	11.74	930.76
	322.58	0.00	11.85	971.78
	322.59	0.00	12.02	1025.80
	322.61	0.00	12.09	1048.82
	322.62	0.00	12.12	1057.83
	322.63	0.00	12.17	1059.82
	322.64	0.00	12.22	1059.82
	322.65	0.00	12.27	1056.82
	322.66	0.00	12.35	1056.82
	322.68	0.00	12.40	1050.82
	322.69	0.00	12.47	1043.79
	322.70	0.00	12.50	1043.81
	322.71	0.00	12.49	1037.81
	322.72	0.00	12.53	1036.81
	322.73	0.00	12.67	1064.81
	322.75	0.00	12.71	1068.81
	322.76	0.00	12.76	1074.79
	322.77	0.00	12.78	1077.81
	322.78	0.00	12.78	1078.82
	322.79	0.00	12.80	1097.82
	322.80	0.00	12.81	1100.81
	322.82	0.00	12.84	1097.81
	322.83	0.00	12.87	1093.81
	322.84	0.00	12.93	1094.81
	322.85	0.00	12.94	1093.81
	322.86	0.00	12.96	1088.81
	322.87	0.00	12.99	1093.81
	322.89	0.00	13.00	1090.81
	322.90	0.00	13.04	1091.77
	322.91	0.00	13.01	1086.81
	322.92	0.00	13.05	1094.81
	322.93	0.00	13.06	1090.81
	322.95	0.00	13.08	1093.81
	322.96	0.00	13.07	1093.81
	322.97	0.00	13.09	1098.82
	322.98	0.00	13.10	1101.81
	322.99	0.00	13.11	1106.81
	323.00	0.00	13.10	1104.81
	323.01	0.00	13.10	1108.81
	323.02	0.00	13.11	1107.82
	323.04	0.00	13.11	1107.82
	323.05	0.00	13.12	1105.81
	323.06	0.00	13.11	1108.82
	323.07	0.00	13.12	1108.82
	323.08	0.00	13.10	1106.83
	323.10	0.00	13.10	1109.83
	323.11	0.00	13.11	1107.79
	323.12	0.00	13.07	1108.85
	323.13	0.00	13.08	1112.83
	323.14	0.00	13.08	1110.84
	323.15	0.00	13.11	1112.83
	323.17	0.00	13.14	1114.83
	323.18	0.00	13.18	1110.83
	323.19	0.00	13.25	1090.83
	323.20	0.00	13.31	1091.83
	323.21	0.00	13.54	1112.83
	323.22	0.00	13.60	1115.82
	323.23	0.00	13.65	1117.82
	323.25	0.00	13.71	1118.82
	323.26	0.00	13.78	1119.82
	323.27	0.00	13.84	1116.80
	323.28	0.00	13.93	1120.79
	323.29	0.00	14.03	1140.78
	323.30	0.00	14.08	1148.78
	323.32	0.00	14.16	1148.77
	323.33	0.00	14.21	1150.77
	323.34	0.00	14.29	1149.77
	323.35	0.00	14.36	1145.75
	323.36	0.00	14.50	1142.70
	323.38	0.00	14.59	1134.67
	323.39	0.00	14.64	1129.66
	323.40	0.00	14.73	1118.61
	323.41	0.00	14.94	1111.45
	323.42	0.00	15.24	1064.21
	323.43	0.00	15.37	1063.11
	323.45	0.00	15.39	1054.09
	323.46	0.00	15.43	1051.07
	323.47	0.00	15.46	1046.06
	323.48	0.00	15.49	1043.05
	323.49	0.00	15.46	1020.03
	323.50	0.00	15.45	1001.00
	323.52	0.00	15.40	956.96
	323.53	0.00	15.32	903.90
	323.54	0.00	15.18	843.89
	323.55	0.00	15.15	825.87
	323.56	0.00	15.10	803.87
	323.57	0.00	15.07	797.86
	323.58	0.00	15.00	787.87
	323.60	0.00	14.91	777.88
	323.61	0.00	14.79	762.92
	323.62	0.00	14.33	734.01
	323.63	0.00	14.21	718.03
	323.64	0.00	14.06	701.07
	323.65	0.00	13.66	627.09
	323.67	0.00	13.68	627.08
	323.68	0.00	13.82	648.08
	323.69	0.00	13.96	680.09
	323.70	0.00	14.04	701.10
	323.71	0.00	14.06	707.10
	323.72	0.00	14.11	711.12
	323.73	0.00	14.10	721.13
	323.75	0.00	14.11	724.13
	323.76	0.00	14.11	727.14
	323.77	0.00	14.13	728.13
	323.78	0.00	14.19	736.12
	323.79	0.00	14.20	739.11
	323.80	0.00	14.23	742.11
	323.82	0.00	14.25	749.12
	323.83	0.00	14.23	744.12
	323.84	0.00	14.27	747.09
	323.85	0.00	14.29	755.10
	323.86	0.00	14.27	742.09
	323.87	0.00	14.29	748.09
	323.89	0.00	14.29	745.08
	323.90	0.00	14.32	752.08
	323.91	0.00	14.30	751.08
	323.92	0.00	14.31	749.08
	323.93	0.00	14.33	753.08
	323.94	0.00	14.35	754.07
	323.95	0.00	14.37	756.06
	323.97	0.00	14.38	752.04
	323.98	0.00	14.40	754.03
	323.99	0.00	14.44	759.02
	324.00	0.00	14.45	760.02
	324.01	0.00	14.47	765.02
	324.02	0.00	14.47	761.02
	324.04	0.00	14.48	768.02
	324.05	0.00	14.50	771.02
	324.06	0.00	14.45	775.07
	324.07	0.00	14.32	776.14
	324.08	0.00	14.15	772.22
	324.09	0.00	13.73	725.32
	324.11	0.00	12.93	663.40
	324.12	0.00	12.16	717.62
	324.13	0.00	11.71	797.75
	324.14	0.00	11.59	850.82
	324.15	0.00	11.65	880.78
	324.16	0.00	11.73	933.71
	324.18	0.00	11.80	964.72
	324.19	0.00	11.85	983.72
	324.20	0.00	11.97	1004.73
	324.21	0.00	12.06	1022.73
	324.22	0.00	12.13	1029.73
	324.23	0.00	12.20	1034.73
	324.25	0.00	12.25	1057.73
	324.26	0.00	12.30	1063.73
	324.27	0.00	12.34	1067.73
	324.28	0.00	12.38	1063.73
	324.29	0.00	12.43	1068.72
	324.30	0.00	12.48	1073.71
	324.32	0.00	12.55	1090.71
	324.33	0.00	12.53	1089.71
	324.34	0.00	12.59	1100.69
	324.35	0.00	12.63	1114.69
	324.36	0.00	12.66	1127.69
	324.37	0.00	12.69	1142.69
	324.39	0.00	12.74	1169.69
	324.40	0.00	12.74	1179.70
	324.41	0.00	12.75	1193.69
	324.42	0.00	12.79	1208.69
	324.43	0.00	12.83	1222.68
	324.45	0.00	12.86	1236.67
	324.46	0.00	12.94	1241.67
	324.47	0.00	13.01	1248.65
	324.48	0.00	13.07	1254.67
	324.49	0.00	13.14	1256.65
	324.50	0.00	13.20	1249.63
	324.51	0.00	13.26	1241.59
	324.53	0.00	13.34	1245.58
	324.54	0.00	13.41	1242.51
	324.55	0.00	13.49	1248.51
	324.56	0.00	13.57	1250.47
	324.57	0.00	13.64	1250.44
	324.58	0.00	13.68	1254.43
	324.60	0.00	13.71	1256.42
	324.61	0.00	13.75	1258.41
	324.62	0.00	13.77	1263.41
	324.63	0.00	13.80	1263.40
	324.64	0.00	13.81	1269.39
	324.65	0.00	13.81	1271.40
	324.67	0.00	13.81	1273.40
	324.68	0.00	13.82	1272.41
	324.69	0.00	13.83	1273.42
	324.70	0.00	13.83	1275.44
	324.71	0.00	13.86	1284.46
	324.72	0.00	13.93	1298.47
	324.74	0.00	13.98	1308.48
	324.75	0.00	14.01	1312.48
	324.76	0.00	14.07	1340.51
	324.77	0.00	14.13	1343.51
	324.78	0.00	14.22	1358.51
	324.79	0.00	14.27	1366.51
	324.80	0.00	14.47	1398.51
	324.82	0.00	14.38	1385.49
	324.83	0.00	14.58	1412.47
	324.84	0.00	14.63	1403.46
	324.85	0.00	14.70	1400.43
	324.86	0.00	14.74	1390.42
	324.88	0.00	14.76	1387.42
	324.89	0.00	14.81	1392.39
	324.90	0.00	14.88	1390.36
	324.91	0.00	14.96	1393.33
	324.92	0.00	15.04	1385.27
	324.93	0.00	15.03	1375.33
	324.95	0.00	15.12	1359.32
	324.96	0.00	15.13	1363.34
	324.97	0.00	15.14	1350.36
	324.98	0.00	15.13	1342.41
	324.99	0.00	15.15	1319.45
	325.00	0.00	15.11	1346.46
	325.02	0.00	15.20	1325.44
	325.03	0.00	15.22	1328.44
	325.04	0.00	15.30	1329.36
	325.05	0.00	15.30	1327.37
	325.06	0.00	15.42	1320.26
	325.07	0.00	15.51	1292.20
	325.08	0.00	15.55	1308.15
	325.10	0.00	15.62	1270.10
	325.11	0.00	15.64	1258.09
	325.12	0.00	15.66	1245.08
	325.13	0.00	15.66	1233.08
	325.14	0.00	15.65	1195.08
	325.16	0.00	15.67	1182.07
	325.17	0.00	15.66	1173.07
	325.18	0.00	15.68	1164.06
	325.19	0.00	15.66	1152.05
	325.20	0.00	15.67	1146.05
	325.21	0.00	15.66	1130.04
	325.23	0.00	15.62	1111.03
	325.24	0.00	15.64	1093.00
	325.25	0.00	15.64	1071.96
	325.26	0.00	15.63	1041.92
	325.27	0.00	15.55	1005.91
	325.28	0.00	15.50	948.88
	325.30	0.00	15.47	925.85
	325.31	0.00	15.51	935.84
	325.32	0.00	15.42	912.84
	325.33	0.00	15.33	904.87
	325.34	0.00	15.06	867.87
	325.35	0.00	14.99	855.89
	325.36	0.00	14.86	836.94
	325.38	0.00	14.75	824.99
	325.39	0.00	14.66	815.02
	325.40	0.00	14.59	800.03
	325.41	0.00	14.50	782.04
	325.42	0.00	13.97	694.09
	325.43	0.00	13.99	678.03
	325.45	0.00	14.19	719.03
	325.46	0.00	14.25	732.03
	325.47	0.00	14.35	751.03
	325.48	0.00	14.37	755.03
	325.49	0.00	14.37	755.03
	325.50	0.00	14.39	760.03
	325.52	0.00	14.39	758.03
	325.53	0.00	14.40	766.03
	325.54	0.00	14.43	772.03
	325.55	0.00	14.51	784.03
	325.56	0.00	14.55	794.03
	325.57	0.00	14.54	795.03
	325.58	0.00	14.51	794.04
	325.60	0.00	14.54	798.03
	325.61	0.00	14.55	797.03
	325.62	0.00	14.54	800.03
	325.63	0.00	14.54	795.03
	325.64	0.00	14.47	784.03
	325.65	0.00	14.50	790.03
	325.67	0.00	14.48	782.03
	325.68	0.00	14.45	779.03
	325.69	0.00	14.50	787.03
	325.70	0.00	14.53	790.03
	325.71	0.00	14.56	797.03
	325.72	0.00	14.57	802.03
	325.74	0.00	14.56	801.03
	325.75	0.00	14.59	803.03
	325.76	0.00	14.60	807.03
	325.77	0.00	14.62	815.03
	325.78	0.00	14.63	814.03
	325.79	0.00	14.33	816.25
	325.81	0.00	13.98	778.33
	325.82	0.00	13.75	751.38
	325.83	0.00	13.42	720.43
	325.84	0.00	13.09	706.50
	325.85	0.00	12.52	739.63
	325.86	0.00	12.07	774.74
	325.88	0.00	11.95	811.80
	325.89	0.00	11.93	845.80
	325.90	0.00	11.98	875.74
	325.91	0.00	12.15	915.74
	325.92	0.00	12.47	982.77
	325.93	0.00	12.74	1033.77
	325.95	0.00	12.87	1087.78
	325.96	0.00	12.96	1109.78
	325.97	0.00	13.08	1109.78
	325.98	0.00	13.16	1124.78
	325.99	0.00	13.19	1129.78
	326.00	0.00	13.24	1143.78
	326.01	0.00	13.28	1149.78
	326.03	0.00	13.36	1163.78
	326.04	0.00	13.41	1169.78
	326.05	0.00	13.38	1191.78
	326.06	0.00	13.43	1194.77
	326.07	0.00	13.45	1197.77
	326.08	0.00	13.47	1196.77
	326.10	0.00	13.50	1224.77
	326.11	0.00	13.53	1224.77
	326.12	0.00	13.57	1227.77
	326.13	0.00	13.61	1228.76
	326.14	0.00	13.65	1228.76
	326.16	0.00	13.67	1232.76
	326.17	0.00	13.86	1253.76
	326.18	0.00	13.90	1260.76
	326.19	0.00	13.92	1264.75
	326.20	0.00	13.96	1266.76
	326.21	0.00	13.98	1272.75
	326.23	0.00	14.02	1285.75
	326.24	0.00	14.06	1292.75
	326.25	0.00	14.08	1294.75
	326.26	0.00	14.12	1296.75
	326.27	0.00	14.17	1303.76
	326.28	0.00	14.23	1306.74
	326.30	0.00	14.30	1330.74
	326.31	0.00	14.33	1334.73
	326.32	0.00	14.35	1330.73
	326.33	0.00	14.38	1335.72
	326.34	0.00	14.40	1337.73
	326.35	0.00	14.42	1341.72
	326.36	0.00	14.43	1345.72
	326.38	0.00	14.45	1345.71
	326.39	0.00	14.47	1347.71
	326.40	0.00	14.48	1354.71
	326.41	0.00	14.51	1357.71
	326.42	0.00	14.53	1363.72
	326.44	0.00	14.51	1365.71
	326.45	0.00	14.53	1370.71
	326.46	0.00	14.54	1372.71
	326.47	0.00	14.55	1383.71
	326.48	0.00	14.56	1381.71
	326.49	0.00	14.56	1386.71
	326.51	0.00	14.54	1407.71
	326.52	0.00	14.56	1386.71
	326.53	0.00	14.57	1418.71
	326.54	0.00	14.55	1418.71
	326.55	0.00	14.56	1421.71
	326.56	0.00	14.56	1409.71
	326.58	0.00	14.59	1416.71
	326.59	0.00	14.69	1408.70
	326.60	0.00	14.80	1385.69
	326.61	0.00	14.85	1361.69
	326.62	0.00	14.91	1358.66
	326.63	0.00	14.95	1353.65
	326.64	0.00	14.91	1359.65
	326.66	0.00	15.03	1345.64
	326.67	0.00	15.05	1341.62
	326.68	0.00	15.07	1340.61
	326.69	0.00	15.10	1339.62
	326.70	0.00	15.13	1335.63
	326.72	0.00	15.15	1332.62
	326.73	0.00	15.15	1331.63
	326.74	0.00	15.15	1329.64
	326.75	0.00	15.19	1323.62
	326.76	0.00	15.24	1303.61
	326.77	0.00	15.34	1300.53
	326.79	0.00	15.32	1296.57
	326.80	0.00	15.56	1304.33
	326.81	0.00	15.69	1300.21
	326.82	0.00	15.78	1303.11
	326.83	0.00	15.84	1301.09
	326.84	0.00	15.84	1274.08
	326.86	0.00	15.87	1269.07
	326.87	0.00	15.91	1268.06
	326.88	0.00	15.94	1252.03
	326.89	0.00	15.98	1243.02
	326.90	0.00	15.99	1236.02
	326.91	0.00	16.01	1226.00
	326.92	0.00	16.02	1209.97
	326.94	0.00	16.03	1194.95
	326.95	0.00	16.04	1168.92
	326.96	0.00	16.02	1124.88
	326.97	0.00	15.94	1079.87
	326.98	0.00	15.74	995.85
	327.00	0.00	15.71	945.84
	327.01	0.00	15.63	907.83
	327.02	0.00	15.56	873.83
	327.03	0.00	15.44	849.83
	327.04	0.00	15.36	819.82
	327.05	0.00	15.30	811.82
	327.07	0.00	15.20	801.82
	327.08	0.00	15.08	790.83
	327.09	0.00	14.62	747.88
	327.10	0.00	14.43	725.95
	327.11	0.00	14.21	696.00
	327.12	0.00	13.99	670.05
	327.13	0.00	13.76	647.12
	327.15	0.00	13.79	643.09
	327.16	0.00	13.88	650.06
	327.17	0.00	13.90	651.05
	327.18	0.00	13.90	654.05
	327.19	0.00	13.86	653.07
	327.20	0.00	13.83	653.09
	327.22	0.00	13.88	660.09
	327.23	0.00	13.94	679.11
	327.24	0.00	14.22	723.08
	327.25	0.00	14.29	737.08
	327.26	0.00	14.35	754.09
	327.27	0.00	14.39	761.08
	327.28	0.00	14.44	771.08
	327.30	0.00	14.46	770.09
	327.31	0.00	14.43	778.11
	327.32	0.00	14.45	785.12
	327.33	0.00	14.41	788.16
	327.34	0.00	14.45	792.14
	327.36	0.00	14.44	789.14
	327.37	0.00	14.43	788.13
	327.38	0.00	14.46	792.12
	327.39	0.00	14.47	795.12
	327.40	0.00	14.47	792.12
	327.41	0.00	14.49	792.11
	327.42	0.00	14.48	791.11
	327.44	0.00	14.50	792.10
	327.45	0.00	14.52	799.11
	327.46	0.00	14.55	808.10
	327.47	0.00	14.56	807.09
	327.48	0.00	14.60	813.09
	327.49	0.00	14.62	816.09
	327.51	0.00	14.64	819.08
	327.52	0.00	14.55	817.12
	327.53	0.00	14.46	810.14
	327.54	0.00	14.30	793.16
	327.55	0.00	13.85	738.23
	327.56	0.00	13.20	728.42
	327.58	0.00	12.47	747.66
	327.59	0.00	12.22	796.78
	327.60	0.00	12.13	825.81
	327.61	0.00	12.07	836.80
	327.62	0.00	12.38	896.76
	327.63	0.00	12.40	931.75
	327.64	0.00	12.46	950.75
	327.66	0.00	12.54	976.75
	327.67	0.00	12.58	990.75
	327.68	0.00	12.63	1007.76
	327.69	0.00	12.76	1038.76
	327.70	0.00	12.82	1052.76
	327.71	0.00	12.80	1051.76
	327.73	0.00	12.81	1053.76
	327.74	0.00	12.85	1055.75
	327.75	0.00	12.88	1059.75
	327.76	0.00	12.94	1070.76
	327.77	0.00	13.01	1076.75
	327.78	0.00	13.08	1082.74
	327.80	0.00	13.13	1083.74
	327.81	0.00	13.20	1086.73
	327.82	0.00	13.26	1088.73
	327.83	0.00	13.30	1086.73
	327.84	0.00	13.33	1092.73
	327.86	0.00	13.44	1115.73
	327.87	0.00	13.42	1107.73
	327.88	0.00	13.46	1110.72
	327.89	0.00	13.48	1112.72
	327.90	0.00	13.48	1116.73
	327.91	0.00	13.51	1119.73
	327.92	0.00	13.55	1128.72
	327.94	0.00	13.55	1126.72
	327.95	0.00	13.58	1131.72
	327.96	0.00	13.61	1136.72
	327.97	0.00	13.63	1137.72
	327.98	0.00	13.65	1137.71
	328.00	0.00	13.67	1136.72
	328.01	0.00	13.70	1134.72
	328.02	0.00	13.71	1137.72
	328.03	0.00	13.74	1143.72
	328.04	0.00	13.76	1141.72
	328.05	0.00	13.77	1141.72
	328.07	0.00	13.80	1144.72
	328.08	0.00	13.81	1142.71
	328.09	0.00	13.85	1149.72
	328.10	0.00	13.85	1168.71
	328.11	0.00	13.86	1169.72
	328.12	0.00	13.88	1170.71
	328.14	0.00	13.89	1172.71
	328.15	0.00	13.90	1174.71
	328.16	0.00	13.91	1180.71
	328.17	0.00	13.92	1181.71
	328.18	0.00	13.94	1185.71
	328.19	0.00	13.95	1185.71
	328.20	0.00	13.98	1190.71
	328.22	0.00	14.02	1187.71
	328.23	0.00	14.04	1188.71
	328.24	0.00	14.09	1188.71
	328.25	0.00	14.18	1178.70
	328.26	0.00	14.23	1175.70
	328.27	0.00	14.27	1173.70
	328.29	0.00	14.33	1200.70
	328.30	0.00	14.36	1205.70
	328.31	0.00	14.40	1213.69
	328.32	0.00	14.61	1240.69
	328.33	0.00	14.66	1249.69
	328.35	0.00	14.74	1262.66
	328.36	0.00	14.80	1269.67
	328.37	0.00	14.85	1268.65
	328.38	0.00	14.90	1272.63
	328.39	0.00	14.95	1275.62
	328.40	0.00	15.01	1270.60
	328.42	0.00	15.05	1268.57
	328.43	0.00	15.11	1271.56
	328.44	0.00	15.19	1272.53
	328.45	0.00	15.22	1261.51
	328.46	0.00	15.29	1256.48
	328.47	0.00	15.33	1247.45
	328.48	0.00	15.44	1221.40
	328.50	0.00	15.69	1199.13
	328.51	0.00	15.72	1198.12
	328.52	0.00	15.76	1194.10
	328.53	0.00	15.78	1184.09
	328.54	0.00	15.79	1173.08
	328.55	0.00	15.80	1172.07
	328.57	0.00	15.82	1166.06
	328.58	0.00	15.83	1157.05
	328.59	0.00	15.83	1136.02
	328.60	0.00	15.82	1120.00
	328.61	0.00	15.81	1100.97
	328.63	0.00	15.79	1050.93
	328.64	0.00	15.78	1018.89
	328.65	0.00	15.66	957.87
	328.66	0.00	15.58	920.86
	328.67	0.00	15.51	885.85
	328.68	0.00	15.39	845.84
	328.70	0.00	15.33	822.83
	328.71	0.00	15.35	819.83
	328.72	0.00	15.34	815.83
	328.73	0.00	15.28	810.83
	328.74	0.00	15.16	805.84
	328.75	0.00	14.78	767.86
	328.77	0.00	14.46	736.97
	328.78	0.00	14.28	707.00
	328.79	0.00	14.12	684.03
	328.80	0.00	13.97	664.06
	328.81	0.00	13.86	645.06
	328.82	0.00	13.88	652.06
	328.83	0.00	13.92	656.05
	328.85	0.00	13.94	658.04
	328.86	0.00	13.93	656.04
	328.87	0.00	13.91	655.05
	328.88	0.00	13.89	652.05
	328.89	0.00	13.89	652.05
	328.90	0.00	13.90	656.06
	328.91	0.00	13.91	659.05
	328.93	0.00	13.92	660.06
	328.94	0.00	13.90	656.06
	328.95	0.00	13.91	659.06
	328.96	0.00	13.92	660.06
	328.97	0.00	14.09	694.07
	328.98	0.00	14.19	716.08
	329.00	0.00	14.19	726.12
	329.01	0.00	14.20	733.14
	329.02	0.00	14.29	741.10
	329.03	0.00	14.30	743.10
	329.04	0.00	14.35	749.09
	329.05	0.00	14.34	751.10
	329.07	0.00	14.37	754.09
	329.08	0.00	14.39	763.09
	329.09	0.00	14.46	772.08
	329.10	0.00	14.49	776.07
	329.11	0.00	14.54	784.06
	329.12	0.00	14.57	791.06
	329.14	0.00	14.60	794.05
	329.15	0.00	14.62	799.05
	329.16	0.00	14.55	804.11
	329.17	0.00	14.42	794.15
	329.18	0.00	14.28	787.19
	329.19	0.00	13.78	708.23
	329.20	0.00	13.15	701.40
	329.22	0.00	12.41	757.63
	329.23	0.00	12.03	820.74
	329.24	0.00	11.87	844.79
	329.25	0.00	12.00	897.78
	329.26	0.00	12.20	937.72
	329.27	0.00	12.29	964.72
	329.29	0.00	12.41	1016.72
	329.30	0.00	12.58	1039.71
	329.31	0.00	12.67	1055.72
	329.32	0.00	12.73	1088.71
	329.33	0.00	12.79	1090.71
	329.35	0.00	13.01	1139.70
	329.36	0.00	13.09	1149.70
	329.37	0.00	13.20	1159.70
	329.38	0.00	13.26	1162.70
	329.39	0.00	13.32	1166.69
	329.40	0.00	13.40	1148.69
	329.41	0.00	13.41	1147.69
	329.42	0.00	13.45	1149.69
	329.44	0.00	13.49	1151.68
	329.45	0.00	13.53	1158.68
	329.46	0.00	13.57	1166.68
	329.47	0.00	13.60	1189.68
	329.48	0.00	13.63	1200.68
	329.50	0.00	13.72	1189.68
	329.51	0.00	13.75	1196.67
	329.52	0.00	13.76	1201.67
	329.53	0.00	13.78	1206.68
	329.54	0.00	13.85	1209.67
	329.55	0.00	13.88	1208.67
	329.57	0.00	13.92	1208.66
	329.58	0.00	13.96	1211.66
	329.59	0.00	14.01	1215.66
	329.60	0.00	14.04	1213.66
	329.61	0.00	14.26	1231.65
	329.62	0.00	14.35	1252.64
	329.64	0.00	14.36	1232.64
	329.65	0.00	14.42	1250.64
	329.66	0.00	14.47	1250.63
	329.67	0.00	14.51	1249.64
	329.68	0.00	14.57	1252.63
	329.70	0.00	14.58	1245.63
	329.71	0.00	14.65	1254.63
	329.72	0.00	14.68	1253.62
	329.73	0.00	14.72	1255.62
	329.74	0.00	14.76	1257.62
	329.75	0.00	14.77	1262.61
	329.76	0.00	14.77	1260.61
	329.78	0.00	14.79	1262.61
	329.79	0.00	14.79	1266.61
	329.80	0.00	14.82	1270.61
	329.81	0.00	14.82	1276.61
	329.82	0.00	14.84	1286.61
	329.83	0.00	14.83	1280.61
	329.85	0.00	14.86	1290.61
	329.86	0.00	14.87	1291.61
	329.87	0.00	14.88	1294.61
	329.88	0.00	14.92	1292.60
	329.89	0.00	14.93	1292.60
	329.91	0.00	14.93	1291.60
	329.92	0.00	14.96	1291.60
	329.93	0.00	14.98	1287.59
	329.94	0.00	14.98	1286.59
	329.95	0.00	15.00	1290.60
	329.96	0.00	15.02	1285.58
	329.97	0.00	15.03	1286.58
	329.99	0.00	15.06	1287.57
	330.00	0.00	15.07	1280.57
	330.01	0.00	15.10	1285.57
	330.02	0.00	15.10	1279.56
	330.03	0.00	15.15	1277.52
	330.05	0.00	15.12	1273.55
	330.06	0.00	15.13	1274.55
	330.07	0.00	15.14	1274.54
	330.08	0.00	15.15	1277.54
	330.09	0.00	15.16	1278.54
	330.10	0.00	15.14	1277.55
	330.11	0.00	15.14	1279.55
	330.13	0.00	15.13	1275.55
	330.14	0.00	15.12	1274.55
	330.15	0.00	15.11	1272.55
	330.16	0.00	15.10	1267.55
	330.17	0.00	15.11	1268.55
	330.18	0.00	15.13	1264.54
	330.20	0.00	15.17	1260.53
	330.21	0.00	15.21	1242.52
	330.22	0.00	15.30	1238.49
	330.23	0.00	15.39	1185.43
	330.24	0.00	15.55	1175.26
	330.26	0.00	15.68	1173.14
	330.27	0.00	15.71	1169.12
	330.28	0.00	15.73	1161.10
	330.29	0.00	15.73	1150.09
	330.30	0.00	15.73	1132.07
	330.31	0.00	15.71	1115.05
	330.33	0.00	15.69	1099.04
	330.34	0.00	15.64	1064.02
	330.35	0.00	15.48	997.00
	330.36	0.00	15.36	930.97
	330.37	0.00	15.35	910.94
	330.38	0.00	15.28	887.92
	330.39	0.00	15.19	864.93
	330.41	0.00	15.08	845.94
	330.42	0.00	14.94	827.99
	330.43	0.00	14.57	790.03
	330.44	0.00	14.48	776.05
	330.45	0.00	14.23	751.14
	330.46	0.00	13.98	720.20
	330.48	0.00	13.89	705.19
	330.49	0.00	14.41	808.20
	330.50	0.00	14.42	813.21
	330.51	0.00	14.42	815.21
	330.52	0.00	14.40	813.22
	330.53	0.00	14.42	810.21
	330.55	0.00	14.40	813.22
	330.56	0.00	14.39	810.22
	330.57	0.00	14.37	810.24
	330.58	0.00	14.33	806.26
	330.59	0.00	14.35	805.24
	330.60	0.00	14.33	809.27
	330.61	0.00	14.35	812.26
	330.63	0.00	14.34	807.26
	330.64	0.00	14.34	809.26
	330.65	0.00	14.35	811.26
	330.66	0.00	14.39	816.25
	330.67	0.00	14.38	815.25
	330.69	0.00	14.38	815.25
	330.70	0.00	14.38	819.25
	330.71	0.00	14.36	814.26
	330.72	0.00	14.37	813.25
	330.73	0.00	14.37	815.26
	330.74	0.00	14.37	813.25
	330.76	0.00	14.43	820.23
	330.77	0.00	14.44	820.22
	330.78	0.00	14.47	815.17
	330.79	0.00	14.55	817.12
	330.80	0.00	14.57	813.09
	330.81	0.00	14.59	815.08
	330.82	0.00	14.63	817.07
	330.83	0.00	14.63	817.07
	330.85	0.00	14.62	819.07
	330.86	0.00	14.63	818.06
	330.87	0.00	14.63	820.07
	330.88	0.00	14.56	821.13
	330.89	0.00	14.49	824.18
	330.91	0.00	14.39	815.21
	330.92	0.00	14.19	789.27
	330.93	0.00	13.66	715.31
	330.94	0.00	13.26	720.42
	330.95	0.00	12.42	693.54
	330.96	0.00	12.51	800.65
	330.98	0.00	12.29	817.70
	330.99	0.00	12.50	878.68
	331.00	0.00	12.84	975.69
	331.01	0.00	13.00	1028.70
	331.02	0.00	13.09	1082.71
	331.03	0.00	13.18	1101.71
	331.05	0.00	13.30	1095.71
	331.06	0.00	13.36	1105.70
	331.07	0.00	13.38	1115.70
	331.08	0.00	13.38	1119.70
	331.09	0.00	13.38	1124.72
	331.10	0.00	13.41	1127.70
	331.11	0.00	13.40	1123.70
	331.13	0.00	13.45	1119.69
	331.14	0.00	13.47	1118.69
	331.15	0.00	13.47	1114.69
	331.16	0.00	13.47	1109.69
	331.17	0.00	13.49	1110.69
	331.19	0.00	13.53	1115.69
	331.20	0.00	13.55	1112.68
	331.21	0.00	13.56	1108.68
	331.22	0.00	13.57	1109.68
	331.23	0.00	13.60	1115.68
	331.24	0.00	13.63	1117.68
	331.26	0.00	13.67	1115.68
	331.27	0.00	13.65	1117.68
	331.28	0.00	13.68	1117.67
	331.29	0.00	13.70	1119.67
	331.30	0.00	13.70	1119.68
	331.31	0.00	13.73	1126.67
	331.33	0.00	13.73	1122.67
	331.34	0.00	13.74	1120.67
	331.35	0.00	13.76	1123.67
	331.36	0.00	13.79	1120.66
	331.37	0.00	13.81	1117.67
	331.38	0.00	13.85	1119.66
	331.40	0.00	13.87	1114.66
	331.41	0.00	13.89	1113.66
	331.42	0.00	13.90	1107.66
	331.43	0.00	13.95	1115.66
	331.44	0.00	13.95	1113.65
	331.45	0.00	13.98	1117.65
	331.47	0.00	13.98	1118.65
	331.48	0.00	13.98	1118.65
	331.49	0.00	13.98	1118.65
	331.50	0.00	13.97	1140.65
	331.51	0.00	13.99	1120.66
	331.52	0.00	13.98	1138.65
	331.54	0.00	13.99	1141.65
	331.55	0.00	13.99	1136.65
	331.56	0.00	13.99	1142.65
	331.57	0.00	13.97	1146.66
	331.58	0.00	13.97	1146.66
	331.59	0.00	13.98	1144.65
	331.61	0.00	13.99	1146.66
	331.62	0.00	13.97	1147.66
	331.63	0.00	13.97	1147.66
	331.64	0.00	13.98	1149.66
	331.65	0.00	13.98	1149.66
	331.66	0.00	13.96	1147.66
	331.68	0.00	13.96	1149.66
	331.69	0.00	13.94	1153.67
	331.70	0.00	13.93	1154.67
	331.71	0.00	13.89	1153.68
	331.72	0.00	13.88	1154.68
	331.73	0.00	13.88	1152.68
	331.75	0.00	13.87	1153.69
	331.76	0.00	13.88	1152.68
	331.77	0.00	13.88	1152.68
	331.78	0.00	13.86	1154.69
	331.79	0.00	13.86	1156.69
	331.80	0.00	13.86	1160.69
	331.82	0.00	13.83	1157.71
	331.83	0.00	13.84	1162.71
	331.84	0.00	13.84	1161.71
	331.85	0.00	13.86	1158.72
	331.86	0.00	13.84	1153.74
	331.88	0.00	13.90	1162.75
	331.89	0.00	13.98	1166.74
	331.90	0.00	14.05	1166.74
	331.91	0.00	14.18	1164.72
	331.92	0.00	14.31	1163.66
	331.93	0.00	14.42	1155.63
	331.94	0.00	14.54	1169.62
	331.96	0.00	14.79	1179.59
	331.97	0.00	14.91	1176.56
	331.98	0.00	14.94	1165.57
	331.99	0.00	15.06	1115.54
	332.00	0.00	15.40	1113.21
	332.02	0.00	15.51	1102.11
	332.03	0.00	15.53	1099.10
	332.04	0.00	15.56	1095.08
	332.05	0.00	15.54	1086.08
	332.06	0.00	15.54	1073.06
	332.07	0.00	15.53	1060.05
	332.08	0.00	15.50	1040.04
	332.10	0.00	15.48	1002.01
	332.11	0.00	15.47	983.98
	332.12	0.00	15.46	966.96
	332.13	0.00	15.38	961.99
	332.14	0.00	15.13	934.02
	332.15	0.00	15.05	922.04
	332.17	0.00	14.97	908.06
	332.18	0.00	14.65	889.28
	332.19	0.00	14.58	864.26
	332.20	0.00	14.41	807.21
	332.21	0.00	14.36	785.18
	332.22	0.00	14.40	797.18
	332.23	0.00	14.43	800.17
	332.25	0.00	14.41	792.16
	332.26	0.00	14.44	797.15
	332.27	0.00	14.45	797.14
	332.28	0.00	14.48	802.14
	332.29	0.00	14.46	800.14
	332.30	0.00	14.49	802.14
	332.32	0.00	14.47	807.16
	332.33	0.00	14.50	812.15
	332.34	0.00	14.50	810.15
	332.35	0.00	14.53	815.14
	332.36	0.00	14.54	818.14
	332.38	0.00	14.56	822.14
	332.39	0.00	14.57	826.14
	332.40	0.00	14.58	825.13
	332.41	0.00	14.58	823.13
	332.42	0.00	14.61	832.13
	332.43	0.00	14.63	835.13
	332.44	0.00	14.64	838.12
	332.46	0.00	14.65	841.12
	332.47	0.00	14.43	821.18
	332.48	0.00	13.55	720.34
	332.49	0.00	13.12	771.46
	332.50	0.00	12.88	836.57
	332.51	0.00	13.08	931.68
	332.53	0.00	13.25	979.64
	332.54	0.00	13.30	995.63
	332.55	0.00	13.29	1004.63
	332.56	0.00	13.23	1021.62
	332.57	0.00	13.15	1021.63
	332.58	0.00	13.09	1024.64
	332.60	0.00	13.01	1018.64
	332.61	0.00	12.81	1014.64
	332.62	0.00	12.65	990.64
	332.63	0.00	12.50	964.64
	332.64	0.00	12.30	931.64
	332.65	0.00	12.24	927.65
	332.67	0.00	12.21	928.64
	332.68	0.00	12.16	928.65
	332.69	0.00	12.09	931.68
	332.70	0.00	12.07	937.69
	332.71	0.00	12.02	942.70
	332.72	0.00	11.98	950.72
	332.74	0.00	11.99	979.73
	332.75	0.00	11.97	985.74
	332.76	0.00	11.91	989.75
	332.77	0.00	11.89	993.76
	332.78	0.00	11.92	1005.76
	332.79	0.00	11.90	1007.76
	332.81	0.00	11.91	1010.76
	332.82	0.00	11.92	1012.76
	332.83	0.00	11.93	1012.75
	332.84	0.00	11.99	1015.71
	332.85	0.00	12.07	1015.67
	332.86	0.00	12.27	1047.67
	332.88	0.00	12.52	1084.66
	332.89	0.00	12.68	1113.67
	332.90	0.00	12.94	1156.67
	332.91	0.00	13.18	1184.65
	332.92	0.00	13.30	1200.64
	332.94	0.00	13.42	1202.63
	332.95	0.00	13.49	1202.63
	332.96	0.00	13.58	1227.63
	332.97	0.00	13.75	1226.62
	332.98	0.00	13.77	1207.62
	332.99	0.00	13.85	1208.61
	333.00	0.00	13.88	1204.61
	333.02	0.00	13.94	1212.61
	333.03	0.00	14.02	1189.60
	333.04	0.00	14.05	1196.61
	333.05	0.00	14.29	1265.60
	333.06	0.00	14.18	1219.60
	333.08	0.00	14.21	1228.60
	333.09	0.00	14.29	1249.60
	333.10	0.00	14.32	1251.59
	333.11	0.00	14.34	1250.59
	333.12	0.00	14.35	1248.60
	333.13	0.00	14.39	1250.58
	333.14	0.00	14.39	1255.59
	333.16	0.00	14.39	1250.58
	333.17	0.00	14.40	1252.58
	333.18	0.00	14.39	1252.58
	333.19	0.00	14.41	1235.58
	333.20	0.00	14.41	1234.58
	333.22	0.00	14.39	1234.58
	333.23	0.00	14.38	1234.58
	333.24	0.00	14.36	1234.58
	333.25	0.00	14.35	1234.58
	333.26	0.00	14.32	1239.59
	333.27	0.00	14.31	1239.59
	333.29	0.00	14.29	1238.59
	333.30	0.00	14.29	1240.59
	333.31	0.00	14.28	1241.59
	333.32	0.00	14.27	1240.59
	333.33	0.00	14.27	1239.59
	333.34	0.00	14.25	1235.59
	333.36	0.00	14.24	1237.59
	333.37	0.00	14.24	1236.59
	333.38	0.00	14.24	1236.59
	333.39	0.00	14.23	1235.59
	333.40	0.00	14.23	1233.59
	333.41	0.00	14.23	1233.59
	333.42	0.00	14.23	1235.59
	333.44	0.00	14.23	1231.59
	333.45	0.00	14.22	1227.59
	333.46	0.00	14.23	1233.59
	333.47	0.00	14.24	1233.59
	333.48	0.00	14.24	1235.59
	333.50	0.00	14.24	1233.59
	333.51	0.00	14.24	1233.59
	333.52	0.00	14.24	1234.59
	333.53	0.00	14.24	1235.59
	333.54	0.00	14.23	1235.59
	333.55	0.00	14.20	1229.59
	333.57	0.00	14.19	1230.59
	333.58	0.00	14.18	1235.60
	333.59	0.00	14.16	1232.60
	333.60	0.00	14.11	1223.60
	333.61	0.00	14.05	1208.60
	333.63	0.00	13.86	1161.61
	333.64	0.00	13.84	1159.62
	333.65	0.00	13.82	1156.62
	333.66	0.00	13.78	1154.63
	333.67	0.00	13.72	1153.68
	333.68	0.00	13.66	1149.72
	333.70	0.00	13.64	1149.72
	333.71	0.00	13.62	1147.72
	333.72	0.00	13.61	1145.73
	333.73	0.00	13.60	1145.73
	333.74	0.00	13.60	1144.72
	333.75	0.00	13.61	1145.72
	333.77	0.00	13.57	1140.73
	333.78	0.00	13.58	1143.73
	333.79	0.00	13.59	1143.73
	333.80	0.00	13.60	1143.72
	333.81	0.00	13.61	1143.72
	333.82	0.00	13.60	1142.72
	333.84	0.00	13.61	1144.72
	333.85	0.00	13.61	1142.72
	333.86	0.00	13.62	1143.72
	333.87	0.00	13.62	1139.71
	333.88	0.00	13.66	1142.68
	333.89	0.00	13.68	1145.68
	333.91	0.00	13.74	1145.62
	333.92	0.00	13.72	1141.62
	333.93	0.00	13.76	1148.62
	333.94	0.00	13.76	1148.62
	333.95	0.00	13.76	1148.62
	333.97	0.00	13.76	1148.63
	333.98	0.00	13.76	1147.62
	333.99	0.00	13.78	1149.62
	334.00	0.00	13.78	1148.62
	334.01	0.00	13.78	1149.62
	334.02	0.00	13.78	1148.62
	334.03	0.00	13.78	1150.62
	334.05	0.00	13.79	1148.62
	334.06	0.00	13.79	1150.62
	334.07	0.00	13.79	1150.62
	334.08	0.00	13.80	1153.62
	334.09	0.00	13.79	1149.62
	334.11	0.00	13.81	1151.62
	334.12	0.00	13.81	1154.62
	334.13	0.00	13.81	1156.62
	334.14	0.00	13.80	1152.62
	334.15	0.00	13.82	1155.62
	334.16	0.00	13.82	1156.63
	334.18	0.00	13.82	1157.62
	334.19	0.00	13.82	1159.62
	334.20	0.00	13.84	1158.61
	334.21	0.00	13.83	1159.61
	334.22	0.00	13.85	1160.61
	334.23	0.00	13.84	1160.62
	334.25	0.00	13.84	1157.61
	334.26	0.00	13.85	1161.61
	334.27	0.00	13.84	1159.61
	334.28	0.00	13.93	1183.61
	334.29	0.00	13.95	1184.61
	334.30	0.00	13.94	1185.61
	334.32	0.00	13.95	1188.61
	334.33	0.00	13.95	1187.61
	334.34	0.00	13.96	1192.61
	334.35	0.00	13.96	1188.61
	334.36	0.00	13.96	1190.61
	334.37	0.00	13.95	1191.62
	334.39	0.00	13.97	1191.60
	334.40	0.00	13.97	1195.61
	334.41	0.00	13.97	1193.61
	334.42	0.00	13.98	1194.60
	334.43	0.00	13.98	1193.60
	334.45	0.00	13.99	1197.60
	334.46	0.00	13.99	1195.60
	334.47	0.00	13.99	1197.60
	334.48	0.00	13.99	1196.61
	334.49	0.00	14.00	1196.60
	334.50	0.00	14.00	1201.61
	334.52	0.00	14.01	1199.60
	334.53	0.00	14.01	1199.60
	334.54	0.00	14.00	1199.61
	334.55	0.00	14.00	1196.60
	334.56	0.00	14.01	1201.60
	334.57	0.00	14.02	1203.60
	334.58	0.00	14.02	1202.60
	334.60	0.00	14.03	1205.60
	334.61	0.00	14.02	1203.60
	334.62	0.00	14.03	1205.60
	334.63	0.00	14.03	1205.60
	334.64	0.00	14.04	1207.60
	334.66	0.00	14.03	1206.60
	334.67	0.00	14.05	1207.60
	334.68	0.00	14.08	1217.60
	334.69	0.00	14.09	1223.60
	334.70	0.00	14.12	1225.60
	334.71	0.00	14.12	1227.60
	334.73	0.00	14.13	1230.60
	334.74	0.00	14.13	1231.60
	334.75	0.00	14.14	1234.60
	334.76	0.00	14.14	1233.60
	334.77	0.00	14.14	1234.60
	334.78	0.00	14.14	1236.60
	334.80	0.00	14.14	1236.60
	334.81	0.00	14.15	1236.60
	334.82	0.00	14.15	1239.60
	334.83	0.00	14.14	1235.60
	334.84	0.00	14.15	1238.60
	334.86	0.00	14.15	1239.60
	334.87	0.00	14.15	1236.60
	334.88	0.00	14.15	1240.60
	334.89	0.00	14.15	1239.60
	334.90	0.00	14.15	1239.59
	334.91	0.00	14.15	1239.60
	334.92	0.00	14.15	1239.60
	334.94	0.00	14.15	1240.60
	334.95	0.00	14.15	1241.60
	334.96	0.00	14.15	1240.60
	334.97	0.00	14.15	1240.60
	334.98	0.00	14.14	1242.60
	335.00	0.00	14.14	1241.60
	335.01	0.00	14.15	1241.59
	335.02	0.00	14.15	1244.60
	335.03	0.00	14.13	1244.60
	335.04	0.00	14.13	1241.60
	335.05	0.00	14.13	1242.60
	335.07	0.00	14.13	1243.60
	335.08	0.00	14.12	1241.60
	335.09	0.00	14.13	1242.60
	335.10	0.00	14.13	1242.60
	335.11	0.00	14.12	1242.60
	335.12	0.00	14.11	1245.60
	335.14	0.00	14.11	1241.60
	335.15	0.00	14.12	1241.60
	335.16	0.00	14.11	1241.60
	335.17	0.00	14.12	1244.60
	335.18	0.00	14.12	1242.60
	335.20	0.00	14.12	1243.60
	335.21	0.00	14.11	1243.61
	335.22	0.00	14.13	1243.60
	335.23	0.00	14.13	1242.60
	335.24	0.00	14.13	1242.60
	335.25	0.00	14.13	1243.60
	335.26	0.00	14.14	1245.60
	335.28	0.00	14.13	1243.60
	335.29	0.00	14.12	1243.61
	335.30	0.00	14.13	1243.60
	335.31	0.00	14.14	1242.60
	335.32	0.00	14.13	1244.60
	335.33	0.00	14.13	1244.60
	335.35	0.00	14.14	1243.60
	335.36	0.00	14.14	1243.60
	335.37	0.00	14.13	1240.60
	335.38	0.00	14.14	1243.60
	335.39	0.00	14.17	1243.56
	335.41	0.00	14.12	1241.60
	335.42	0.00	14.14	1246.60
	335.43	0.00	14.13	1244.60
	335.44	0.00	14.14	1244.60
	335.45	0.00	14.15	1246.60
	335.46	0.00	14.14	1243.60
	335.48	0.00	14.14	1244.60
	335.49	0.00	14.14	1244.60
	335.50	0.00	14.13	1245.61
	335.51	0.00	14.14	1244.60
	335.52	0.00	14.14	1244.60
	335.53	0.00	14.15	1245.60
	335.55	0.00	14.15	1245.60
	335.56	0.00	14.15	1245.60
	335.57	0.00	14.15	1245.60
	335.58	0.00	14.15	1245.60
	335.59	0.00	14.16	1244.59
	335.60	0.00	14.16	1245.60
	335.62	0.00	14.16	1246.60
	335.63	0.00	14.17	1247.59
	335.64	0.00	14.16	1248.60
	335.65	0.00	14.16	1248.60
	335.66	0.00	14.17	1246.59
	335.67	0.00	14.16	1247.60
	335.69	0.00	14.18	1249.59
	335.70	0.00	14.16	1244.59
	335.71	0.00	14.16	1245.59
	335.72	0.00	14.17	1247.59
	335.73	0.00	14.17	1248.60
	335.75	0.00	14.17	1248.59
	335.76	0.00	14.17	1249.60
	335.77	0.00	14.18	1250.59
	335.78	0.00	14.17	1249.60
	335.79	0.00	14.19	1248.59
	335.80	0.00	14.17	1250.59
	335.82	0.00	14.18	1249.59
	335.83	0.00	14.16	1245.59
	335.84	0.00	14.18	1251.59
	335.85	0.00	14.19	1250.59
	335.86	0.00	14.18	1250.59
	335.87	0.00	14.17	1251.60
	335.89	0.00	14.18	1250.59
	335.90	0.00	14.18	1251.60
	335.91	0.00	14.18	1251.59
	335.92	0.00	14.18	1251.59
	335.93	0.00	14.19	1253.59
	335.94	0.00	14.18	1250.59
	335.95	0.00	14.18	1250.59
	335.97	0.00	14.17	1250.60
	335.98	0.00	14.17	1250.60
	335.99	0.00	14.18	1252.59
	336.00	0.00	14.19	1253.59
	336.01	0.00	14.19	1252.59
	336.03	0.00	14.18	1250.59
	336.04	0.00	14.19	1253.59
	336.05	0.00	14.18	1249.59
	336.06	0.00	14.18	1251.59
	336.07	0.00	14.17	1250.60
	336.08	0.00	14.18	1248.59
	336.10	0.00	14.18	1251.59
	336.11	0.00	14.17	1247.59
	336.12	0.00	14.19	1252.59
	336.13	0.00	14.18	1250.59
	336.14	0.00	14.18	1250.59
	336.16	0.00	14.18	1251.59
	336.17	0.00	14.19	1252.59
	336.18	0.00	14.19	1252.59
	336.19	0.00	14.19	1252.59
	336.20	0.00	14.19	1253.59
	336.21	0.00	14.19	1253.59
	336.23	0.00	14.19	1252.59
	336.24	0.00	14.18	1251.59
	336.25	1.00	14.19	1252.59
	336.26	1.00	14.18	1251.59
	336.27	1.00	14.18	1251.59
	336.28	1.00	14.21	1251.56
	336.30	1.00	14.17	1246.59
	336.31	1.00	14.19	1253.59
	336.32	1.00	14.19	1252.59
	336.33	1.00	14.18	1251.59
	336.34	1.00	14.19	1254.59
	336.35	1.00	14.19	1251.59
	336.37	1.00	14.19	1251.59
	336.38	1.00	14.19	1250.59
	336.39	1.00	14.20	1255.59
	336.40	1.00	14.20	1252.59
	336.41	1.00	14.19	1252.59
	336.42	1.00	14.20	1254.59
	336.44	1.00	14.19	1247.59
	336.45	1.00	14.20	1252.59
	336.46	1.00	14.20	1252.59
	336.47	0.00	14.22	1253.59
	336.48	0.00	14.22	1252.58
	336.50	0.00	14.23	1252.59
	336.51	0.00	14.22	1253.59
	336.52	0.00	14.22	1253.59
	336.53	0.00	14.22	1255.59
	336.54	0.00	14.22	1254.59
	336.55	0.00	14.21	1255.59
	336.57	0.00	14.21	1254.59
	336.58	0.00	14.20	1250.59
	336.59	0.00	14.22	1256.59
	336.60	0.00	14.22	1257.59
	336.61	0.00	14.21	1256.59
	336.62	0.00	14.21	1256.59
	336.64	0.00	14.19	1252.59
	336.65	0.00	14.21	1256.59
	336.66	0.00	14.20	1257.59
	336.67	0.00	14.19	1260.60
	336.68	0.00	14.19	1259.59
	336.69	0.00	14.18	1264.59
	336.70	0.00	14.16	1265.60
	336.72	0.00	14.14	1267.61
	336.73	0.00	14.09	1270.66
	336.74	0.00	14.07	1274.68
	336.75	0.00	14.04	1275.71
	336.76	0.00	14.02	1275.73
	336.78	0.00	14.01	1275.73
	336.79	0.00	13.98	1275.74
	336.80	0.00	13.98	1275.76
	336.81	0.00	13.95	1278.77
	336.82	0.00	13.93	1274.78
	336.83	0.00	13.93	1276.78
	336.85	0.00	13.93	1275.76
	336.86	0.00	13.90	1275.79
	336.87	0.00	13.89	1271.79
	336.88	0.00	13.89	1274.80
	336.89	0.00	13.88	1274.80
	336.91	0.00	13.86	1273.80
	336.92	0.00	13.82	1263.80
	336.93	0.00	13.77	1260.82
	336.94	0.00	13.73	1250.81
	336.95	0.00	13.61	1221.81
	336.96	0.00	13.61	1225.82
	336.97	0.00	13.62	1231.83
	336.99	0.00	13.61	1228.83
	337.00	0.00	13.60	1227.83
	337.01	0.00	13.60	1225.82
	337.02	0.00	13.60	1226.82
	337.03	0.00	13.59	1246.82
	337.05	0.00	13.61	1248.82
	337.06	0.00	13.62	1235.81
	337.07	0.00	13.70	1272.80
	337.08	0.00	13.79	1271.74
	337.09	0.00	13.90	1251.68
	337.10	0.00	13.98	1250.62
	337.11	0.00	14.01	1245.61
	337.13	0.00	14.07	1237.60
	337.14	0.00	14.17	1241.59
	337.15	0.00	14.29	1241.56
	337.16	0.00	14.61	1254.56
	337.17	0.00	14.76	1235.55
	337.19	0.00	14.96	1231.53
	337.20	0.00	15.12	1245.50
	337.21	0.00	15.23	1251.47
	337.22	0.00	15.49	1231.33
	337.23	0.00	15.56	1227.33
	337.24	0.00	15.76	1222.14
	337.26	0.00	15.88	1220.08
	337.27	0.00	15.93	1219.06
	337.28	0.00	15.95	1218.03
	337.29	0.00	15.99	1187.99
	337.30	0.00	15.95	1192.98
	337.31	0.00	15.99	1180.96
	337.33	0.00	15.94	1132.94
	337.34	0.00	15.88	1100.93
	337.35	0.00	15.77	1047.93
	337.36	0.00	15.69	1014.93
	337.37	0.00	15.21	876.92
	337.38	0.00	14.87	780.92
	337.39	0.00	14.62	725.92
	337.41	0.00	14.64	736.93
	337.42	0.00	14.79	779.93
	337.43	0.00	14.79	787.95
	337.44	0.00	14.86	814.95
	337.45	0.00	14.76	803.96
	337.47	0.00	14.65	776.96
	337.48	0.00	14.66	779.96
	337.49	0.00	14.67	788.97
	337.50	0.00	14.67	796.98
	337.51	0.00	14.65	799.00
	337.52	0.00	14.64	785.98
	337.53	0.00	14.63	783.97
	337.55	0.00	14.61	774.96
	337.56	0.00	14.61	774.96
	337.57	0.00	14.59	770.96
	337.58	0.00	14.57	773.97
	337.59	0.00	14.56	774.98
	337.60	0.00	14.57	779.99
	337.61	0.00	14.57	777.98
	337.63	0.00	14.57	775.97
	337.64	0.00	14.58	781.97
	337.65	0.00	14.64	794.96
	337.66	0.00	14.74	816.95
	337.67	0.00	14.82	858.95
	337.69	0.00	14.95	887.93
	337.70	0.00	15.18	954.89
	337.71	0.00	15.30	1018.92
	337.72	0.00	15.30	1068.97
	337.73	0.00	15.25	1109.03
	337.74	0.00	15.08	1165.13
	337.76	0.00	14.94	1185.19
	337.77	0.00	14.90	1204.21
	337.78	0.00	15.07	1234.21
	337.79	0.00	15.09	1242.22
	337.80	0.00	15.13	1254.23
	337.81	0.00	15.14	1259.23
	337.83	0.00	15.15	1273.23
	337.84	0.00	15.15	1274.23
	337.85	0.00	15.16	1280.24
	337.86	0.00	15.18	1282.23
	337.87	0.00	15.19	1288.23
	337.88	0.00	15.19	1288.23
	337.89	0.00	15.13	1313.23
	337.91	0.00	15.11	1316.24
	337.92	0.00	15.10	1320.24
	337.93	0.00	15.07	1327.24
	337.94	0.00	15.03	1331.24
	337.95	0.00	15.00	1336.26
	337.97	0.00	14.98	1342.29
	337.98	0.00	14.92	1354.30
	337.99	0.00	14.89	1358.29
	338.00	0.00	14.88	1368.30
	338.01	0.00	14.81	1373.30
	338.02	0.00	14.79	1382.30
	338.04	0.00	14.76	1378.30
	338.05	0.00	14.74	1377.30
	338.06	0.00	14.74	1383.29
	338.07	0.00	14.72	1383.30
	338.08	0.00	14.71	1385.31
	338.09	0.00	14.68	1378.31
	338.11	0.00	14.69	1391.32
	338.12	0.00	14.62	1402.33
	338.13	0.00	14.59	1407.34
	338.14	0.00	14.53	1408.35
	338.15	0.00	14.55	1410.35
	338.16	0.00	14.55	1413.35
	338.18	0.00	14.54	1431.35
	338.19	0.00	14.56	1434.35
	338.20	0.00	14.57	1433.35
	338.21	0.00	14.65	1425.35
	338.22	0.00	14.68	1422.34
	338.23	0.00	14.72	1422.32
	338.25	0.00	14.74	1420.32
	338.26	0.00	14.77	1422.32
	338.27	0.00	14.80	1424.31
	338.28	0.00	14.84	1423.30
	338.29	0.00	14.85	1424.30
	338.30	0.00	14.88	1421.30
	338.32	0.00	14.91	1421.29
	338.33	0.00	14.94	1421.29
	338.34	0.00	14.99	1412.28
	338.35	0.00	15.05	1416.26
	338.36	0.00	15.10	1405.25
	338.37	0.00	15.15	1402.24
	338.39	0.00	15.17	1398.23
	338.40	0.00	15.18	1396.23
	338.41	0.00	15.20	1397.22
	338.42	0.00	15.17	1386.22
	338.43	0.00	15.15	1401.23
	338.44	0.00	15.16	1395.23
	338.45	0.00	15.12	1398.24
	338.47	0.00	15.12	1399.24
	338.48	0.00	15.11	1400.24
	338.49	0.00	15.10	1396.24
	338.50	0.00	15.05	1397.27
	338.51	0.00	15.03	1394.28
	338.53	0.00	15.02	1385.30
	338.54	0.00	14.97	1379.33
	338.55	0.00	14.96	1346.35
	338.56	0.00	14.96	1338.37
	338.57	0.00	15.05	1330.33
	338.58	0.00	14.98	1300.39
	338.60	0.00	14.92	1285.40
	338.61	0.00	14.88	1286.43
	338.62	0.00	14.83	1285.44
	338.63	0.00	14.79	1281.45
	338.64	0.00	14.75	1280.45
	338.65	0.00	14.71	1284.43
	338.67	0.00	14.72	1281.39
	338.68	0.00	14.67	1261.42
	338.69	0.00	14.71	1260.39
	338.70	0.00	14.72	1250.37
	338.71	0.00	14.76	1243.34
	338.72	0.00	14.82	1226.32
	338.74	0.00	14.84	1215.32
	338.75	0.00	14.88	1181.31
	338.76	0.00	14.89	1174.30
	338.77	0.00	14.95	1159.29
	338.78	0.00	15.02	1149.28
	338.79	0.00	15.06	1139.28
	338.80	0.00	15.13	1124.26
	338.82	0.00	15.24	1106.21
	338.83	0.00	15.41	1088.08
	338.84	0.00	15.44	1064.04
	338.85	0.00	15.39	1036.04
	338.86	0.00	15.13	965.03
	338.88	0.00	15.03	921.02
	338.89	0.00	14.84	858.02
	338.90	0.00	14.60	788.02
	338.91	0.00	14.25	703.01
	338.92	0.00	14.12	681.01
	338.93	0.00	14.16	685.00
	338.95	0.00	14.40	729.98
	338.96	0.00	14.65	775.94
	338.97	0.00	14.53	755.96
	338.98	0.00	14.36	723.97
	338.99	0.00	14.39	729.97
	339.00	0.00	14.40	731.97
	339.02	0.00	14.43	737.97
	339.03	0.00	14.42	740.97
	339.04	0.00	14.39	734.97
	339.05	0.00	14.40	732.97
	339.06	0.00	14.34	724.97
	339.07	0.00	14.36	726.97
	339.08	0.00	14.37	731.97
	339.10	0.00	14.36	729.97
	339.11	0.00	14.38	733.97
	339.12	0.00	14.41	739.97
	339.13	0.00	14.43	743.97
	339.14	0.00	14.49	758.97
	339.15	0.00	14.55	766.97
	339.17	0.00	14.53	763.97
	339.18	0.00	14.52	761.97
	339.19	0.00	14.50	757.97
	339.20	0.00	14.53	760.97
	339.21	0.00	14.52	761.97
	339.22	0.00	14.51	758.97
	339.23	0.00	14.54	767.97
	339.25	0.00	14.51	768.98
	339.26	0.00	14.25	792.12
	339.27	0.00	14.12	882.28
	339.28	0.00	13.88	950.37
	339.29	0.00	13.82	991.42
	339.30	0.00	13.80	1006.43
	339.32	0.00	13.78	1022.45
	339.33	0.00	13.74	1043.47
	339.34	0.00	13.64	1067.49
	339.35	0.00	13.62	1098.50
	339.36	0.00	13.59	1115.52
	339.38	0.00	13.55	1128.53
	339.39	0.00	13.47	1158.54
	339.40	0.00	13.44	1168.55
	339.41	0.00	13.43	1171.55
	339.42	0.00	13.41	1180.56
	339.43	0.00	13.42	1189.56
	339.45	0.00	13.44	1203.57
	339.46	0.00	13.46	1218.57
	339.47	0.00	13.50	1232.57
	339.48	0.00	13.55	1240.57
	339.49	0.00	13.60	1254.57
	339.51	0.00	13.67	1264.57
	339.52	0.00	13.73	1301.58
	339.53	0.00	13.77	1313.57
	339.54	0.00	13.83	1328.57
	339.55	0.00	13.84	1333.56
	339.56	0.00	13.86	1344.56
	339.57	0.00	13.86	1358.56
	339.59	0.00	13.88	1373.56
	339.60	0.00	13.88	1378.55
	339.61	0.00	13.88	1388.55
	339.62	0.00	13.89	1396.55
	339.63	0.00	13.90	1399.54
	339.64	0.00	13.93	1415.54
	339.66	0.00	13.94	1422.53
	339.67	0.00	13.95	1432.53
	339.68	0.00	13.97	1444.51
	339.69	0.00	13.98	1450.50
	339.70	0.00	13.98	1463.50
	339.72	0.00	14.01	1475.49
	339.73	0.00	14.02	1479.48
	339.74	0.00	14.04	1484.47
	339.75	0.00	14.06	1485.46
	339.76	0.00	14.08	1494.45
	339.77	0.00	14.11	1498.44
	339.79	0.00	14.14	1503.42
	339.80	0.00	14.16	1506.40
	339.81	0.00	14.18	1505.38
	339.82	0.00	14.18	1507.39
	339.83	0.00	14.22	1503.36
	339.84	0.00	14.24	1502.35
	339.86	0.00	14.28	1502.31
	339.87	0.00	14.30	1502.28
	339.88	0.00	14.31	1503.27
	339.89	0.00	14.36	1502.22
	339.90	0.00	14.36	1503.22
	339.91	0.00	14.42	1498.19
	339.93	0.00	14.46	1496.17
	339.94	0.00	14.47	1495.16
	339.95	0.00	14.50	1488.15
	339.96	0.00	14.55	1474.14
	339.97	0.00	14.59	1466.14
	339.98	0.00	14.61	1458.14
	340.00	0.00	14.61	1455.15
	340.01	0.00	14.62	1455.15
	340.02	0.00	14.62	1454.15
	340.03	0.00	14.62	1455.16
	340.04	0.00	14.65	1451.15
	340.05	0.00	14.68	1444.14
	340.07	0.00	14.73	1438.12
	340.08	0.00	14.82	1418.12
	340.09	0.00	14.87	1403.12
	340.10	0.00	14.88	1385.12
	340.11	0.00	14.89	1368.12
	340.12	0.00	14.89	1369.14
	340.14	0.00	14.90	1362.15
	340.15	0.00	14.91	1358.16
	340.16	0.00	14.91	1355.16
	340.17	0.00	14.92	1357.15
	340.18	0.00	14.92	1354.15
	340.19	0.00	14.91	1349.15
	340.21	0.00	14.90	1343.16
	340.22	0.00	14.88	1335.16
	340.23	0.00	14.84	1323.18
	340.24	0.00	14.79	1318.20
	340.25	0.00	14.72	1315.23
	340.26	0.00	14.66	1313.25
	340.28	0.00	14.61	1310.27
	340.29	0.00	14.54	1298.28
	340.30	0.00	14.45	1280.30
	340.31	0.00	14.36	1267.32
	340.32	0.00	14.29	1249.33
	340.33	0.00	14.21	1210.34
	340.35	0.00	14.12	1196.36
	340.36	0.00	14.01	1168.38
	340.37	0.00	13.81	1138.40
	340.38	0.00	13.67	1101.40
	340.39	0.00	13.62	1088.40
	340.41	0.00	13.51	1065.41
	340.42	0.00	13.52	1062.41
	340.43	0.00	13.53	1063.42
	340.44	0.00	13.53	1064.43
	340.45	0.00	13.61	1076.42
	340.46	0.00	13.71	1092.41
	340.48	0.00	13.81	1103.41
	340.49	0.00	13.98	1113.40
	340.50	0.00	14.14	1129.37
	340.51	0.00	14.23	1127.35
	340.52	0.00	14.34	1133.33
	340.53	0.00	14.44	1127.30
	340.55	0.00	14.52	1124.27
	340.56	0.00	14.68	1102.24
	340.57	0.00	14.77	1102.21
	340.58	0.00	14.84	1098.19
	340.59	0.00	14.92	1091.14
	340.60	0.00	15.04	1081.09
	340.62	0.00	15.11	1074.06
	340.63	0.00	15.16	1068.05
	340.64	0.00	15.21	1058.04
	340.65	0.00	15.20	1038.03
	340.66	0.00	15.15	1019.02
	340.67	0.00	15.00	965.02
	340.69	0.00	14.84	901.02
	340.70	0.00	14.72	877.02
	340.71	0.00	14.70	854.01
	340.72	0.00	14.75	864.01
	340.73	0.00	14.77	867.00
	340.74	0.00	14.77	866.00
	340.76	0.00	14.82	876.01
	340.77	0.00	14.88	897.01
	340.78	0.00	14.90	896.01
	340.79	0.00	14.94	914.02
	340.80	0.00	14.92	940.08
	340.81	0.00	14.91	993.16
	340.83	0.00	14.89	1015.21
	340.84	0.00	14.89	1039.23
	340.85	0.00	14.91	1056.24
	340.86	0.00	14.94	1068.24
	340.87	0.00	14.97	1076.24
	340.88	0.00	14.98	1093.23
	340.90	0.00	14.94	1105.23
	340.91	0.00	14.92	1116.23
	340.92	0.00	14.88	1115.24
	340.93	0.00	14.84	1129.25
	340.94	0.00	14.98	1190.27
	340.95	0.00	14.97	1202.28
	340.97	0.00	14.97	1211.29
	340.98	0.00	14.96	1217.30
	340.99	0.00	14.90	1226.32
	341.00	0.00	14.86	1238.33
	341.01	0.00	14.82	1245.35
	341.02	0.00	14.80	1253.35
	341.04	0.00	14.75	1260.36
	341.05	0.00	14.68	1283.37
	341.06	0.00	14.66	1293.37
	341.07	0.00	14.62	1289.38
	341.08	0.00	14.58	1300.39
	341.10	0.00	14.55	1315.40
	341.11	0.00	14.52	1321.41
	341.12	0.00	14.52	1324.41
	341.13	0.00	14.51	1326.41
	341.14	0.00	14.49	1331.42
	341.15	0.00	14.49	1336.42
	341.17	0.00	14.48	1337.42
	341.18	0.00	14.48	1339.42
	341.19	0.00	14.46	1338.42
	341.20	0.00	14.48	1344.42
	341.21	0.00	14.46	1345.42
	341.22	0.00	14.46	1348.42
	341.23	0.00	14.44	1345.43
	341.25	0.00	14.45	1349.43
	341.26	0.00	14.45	1353.43
	341.27	0.00	14.43	1348.43
	341.28	0.00	14.43	1354.43
	341.29	0.00	14.43	1357.43
	341.31	0.00	14.42	1358.44
	341.32	0.00	14.41	1359.44
	341.33	0.00	14.40	1360.45
	341.34	0.00	14.39	1358.44
	341.35	0.00	14.40	1364.44
	341.36	0.00	14.40	1367.44
	341.38	0.00	14.41	1369.44
	341.39	0.00	14.39	1368.44
	341.40	0.00	14.39	1369.45
	341.41	0.00	14.36	1370.46
	341.42	0.00	14.36	1369.45
	341.43	0.00	14.37	1375.45
	341.45	0.00	14.37	1374.45
	341.46	0.00	14.36	1376.45
	341.47	0.00	14.34	1377.46
	341.48	0.00	14.34	1377.46
	341.49	0.00	14.33	1378.46
	341.51	0.00	14.32	1379.46
	341.52	0.00	14.31	1379.46
	341.53	0.00	14.30	1379.47
	341.54	0.00	14.29	1381.47
	341.55	0.00	14.28	1400.47
	341.56	0.00	14.28	1378.47
	341.58	0.00	14.26	1370.47
	341.59	0.00	14.27	1381.47
	341.60	0.00	14.26	1380.47
	341.61	0.00	14.25	1398.47
	341.62	0.00	14.27	1403.47
	341.63	0.00	14.26	1402.47
	341.64	0.00	14.26	1401.47
	341.66	0.00	14.27	1403.47
	341.67	0.00	14.25	1399.47
	341.68	0.00	14.27	1402.47
	341.69	0.00	14.30	1386.47
	341.70	0.00	14.29	1383.47
	341.72	0.00	14.29	1383.47
	341.73	0.00	14.29	1386.48
	341.74	0.00	14.31	1385.47
	341.75	0.00	14.33	1383.47
	341.76	0.00	14.32	1385.47
	341.77	0.00	14.32	1387.47
	341.79	0.00	14.33	1383.47
	341.80	0.00	14.33	1384.47
	341.81	0.00	14.34	1385.47
	341.82	0.00	14.33	1386.47
	341.83	0.00	14.34	1385.47
	341.84	0.00	14.34	1385.47
	341.86	0.00	14.35	1388.47
	341.87	0.00	14.34	1386.47
	341.88	0.00	14.35	1387.47
	341.89	0.00	14.34	1387.47
	341.90	0.00	14.34	1389.47
	341.91	0.00	14.34	1386.47
	341.93	0.00	14.34	1389.47
	341.94	0.00	14.33	1386.47
	341.95	1.00	14.34	1389.47
	341.96	1.00	14.35	1388.45
	341.97	1.00	14.33	1393.47
	341.98	1.00	14.34	1393.47
	342.00	1.00	14.33	1391.47
	342.01	1.00	14.33	1391.47
	342.02	1.00	14.34	1392.47
	342.03	1.00	14.32	1387.47
	342.04	1.00	14.34	1392.47
	342.05	1.00	14.34	1391.47
	342.07	1.00	14.35	1392.47
	342.08	1.00	14.36	1391.47
	342.09	1.00	14.37	1391.46
	342.10	1.00	14.38	1389.46
	342.11	1.00	14.39	1392.46
	342.13	1.00	14.40	1392.46
	342.14	1.00	14.41	1393.47
	342.15	1.00	14.43	1394.46
	342.16	1.00	14.45	1395.46
	342.17	0.00	14.46	1395.46
	342.18	0.00	14.49	1391.46
	342.20	0.00	14.50	1390.45
	342.21	0.00	14.52	1392.45
	342.22	0.00	14.51	1391.47
	342.23	0.00	14.53	1393.45
	342.24	0.00	14.55	1392.45
	342.25	0.00	14.55	1395.45
	342.27	0.00	14.57	1394.45
	342.28	0.00	14.58	1393.45
	342.29	0.00	14.58	1395.45
	342.30	0.00	14.59	1395.44
	342.31	0.00	14.60	1394.44
	342.32	0.00	14.59	1395.45
	342.34	0.00	14.60	1395.44
	342.35	0.00	14.60	1395.44
	342.36	0.00	14.61	1398.44
	342.37	0.00	14.61	1397.44
	342.38	0.00	14.61	1395.44
	342.39	0.00	14.61	1397.44
	342.41	0.00	14.61	1397.44
	342.42	0.00	14.63	1397.44
	342.43	0.00	14.64	1396.44
	342.44	0.00	14.64	1395.44
	342.45	0.00	14.64	1398.44
	342.46	0.00	14.65	1395.43
	342.48	0.00	14.64	1397.44
	342.49	0.00	14.64	1395.44
	342.50	0.00	14.65	1397.43
	342.51	0.00	14.66	1398.43
	342.52	0.00	14.65	1397.43
	342.54	0.00	14.66	1398.43
	342.55	0.00	14.65	1398.43
	342.56	0.00	14.65	1399.43
	342.57	0.00	14.64	1396.43
	342.58	0.00	14.65	1401.43
	342.59	0.00	14.67	1396.43
	342.60	0.00	14.64	1403.43
	342.62	0.00	14.63	1402.44
	342.63	0.00	14.64	1404.43
	342.64	0.00	14.64	1402.43
	342.65	0.00	14.63	1405.44
	342.66	0.00	14.62	1406.43
	342.67	0.00	14.60	1406.44
	342.69	0.00	14.60	1408.44
	342.70	0.00	14.59	1408.44
	342.71	0.00	14.60	1412.43
	342.72	0.00	14.58	1409.44
	342.73	0.00	14.57	1411.44
	342.75	0.00	14.55	1430.44
	342.76	0.00	14.55	1432.44
	342.77	0.00	14.54	1430.44
	342.78	0.00	14.53	1431.44
	342.79	0.00	14.52	1433.44
	342.80	0.00	14.51	1431.44
	342.82	0.00	14.51	1432.45
	342.83	0.00	14.51	1431.44
	342.84	0.00	14.49	1435.45
	342.85	0.00	14.47	1434.45
	342.86	0.00	14.48	1432.45
	342.87	0.00	14.46	1434.45
	342.89	0.00	14.46	1434.45
	342.90	0.00	14.45	1432.45
	342.91	0.00	14.43	1434.46
	342.92	0.00	14.43	1427.46
	342.93	0.00	14.43	1434.46
	342.94	0.00	14.42	1432.46
	342.96	0.00	14.42	1432.46
	342.97	0.00	14.40	1432.46
	342.98	0.00	14.41	1433.46
	342.99	0.00	14.44	1413.43
	343.00	0.00	14.42	1413.46
	343.01	0.00	14.42	1411.46
	343.03	0.00	14.42	1414.46
	343.04	0.00	14.41	1412.46
	343.05	0.00	14.41	1413.46
	343.06	0.00	14.41	1414.46
	343.07	0.00	14.40	1413.46
	343.08	0.00	14.43	1414.43
	343.10	0.00	14.38	1417.46
	343.11	0.00	14.40	1415.46
	343.12	0.00	14.37	1435.46
	343.13	0.00	14.39	1416.46
	343.14	0.00	14.39	1415.46
	343.15	0.00	14.36	1438.46
	343.17	0.00	14.37	1439.44
	343.18	0.00	14.35	1439.46
	343.19	0.00	14.35	1439.46
	343.20	0.00	14.33	1439.47
	343.21	0.00	14.32	1440.47
	343.23	0.00	14.31	1439.47
	343.24	0.00	14.31	1436.47
	343.25	0.00	14.28	1438.47
	343.26	0.00	14.28	1434.47
	343.27	0.00	14.27	1436.47
	343.28	0.00	14.23	1427.48
	343.29	0.00	14.21	1428.48
	343.31	0.00	14.19	1426.48
	343.32	0.00	14.17	1426.49
	343.33	0.00	14.15	1420.48
	343.34	0.00	14.11	1411.48
	343.35	0.00	14.09	1411.49
	343.36	0.00	14.07	1406.49
	343.38	0.00	14.05	1403.49
	343.39	0.00	14.04	1401.49
	343.40	0.00	14.00	1391.49
	343.41	0.00	14.02	1395.49
	343.42	0.00	14.02	1394.49
	343.44	0.00	14.01	1390.49
	343.45	0.00	14.00	1391.49
	343.46	0.00	13.98	1384.49
	343.47	0.00	13.88	1354.50
	343.48	0.00	13.88	1353.50
	343.49	0.00	13.88	1353.50
	343.51	0.00	13.88	1356.49
	343.52	0.00	13.88	1355.49
	343.53	0.00	13.88	1356.49
	343.54	0.00	13.88	1356.49
	343.55	0.00	13.87	1352.49
	343.56	0.00	13.88	1356.49
	343.58	0.00	13.88	1356.50
	343.59	0.00	13.90	1360.49
	343.60	0.00	13.89	1356.49
	343.61	0.00	13.89	1356.50
	343.62	0.00	13.89	1358.49
	343.63	0.00	13.88	1357.49
	343.65	0.00	13.89	1359.49
	343.66	0.00	13.90	1357.49
	343.67	0.00	13.90	1360.49
	343.68	0.00	13.88	1359.50
	343.69	0.00	13.89	1358.50
	343.70	0.00	13.90	1358.49
	343.72	0.00	13.89	1358.49
	343.73	0.00	13.90	1363.49
	343.74	0.00	13.91	1361.49
	343.75	0.00	13.90	1361.49
	343.76	0.00	13.89	1360.50
	343.77	0.00	13.90	1358.49
	343.79	0.00	13.90	1357.49
	343.80	0.00	13.89	1359.49
	343.81	0.00	13.90	1363.49
	343.82	0.00	13.89	1359.49
	343.83	0.00	13.89	1359.49
	343.85	0.00	13.88	1360.49
	343.86	0.00	13.89	1358.49
	343.87	0.00	13.89	1359.49
	343.88	0.00	13.88	1359.49
	343.89	0.00	13.89	1363.49
	343.90	0.00	13.88	1359.49
	343.92	0.00	13.88	1360.50
	343.93	0.00	13.89	1359.49
	343.94	0.00	13.88	1359.49
	343.95	0.00	13.89	1359.49
	343.96	0.00	13.88	1359.49
	343.97	0.00	13.89	1360.49
	343.99	0.00	13.88	1359.49
	344.00	0.00	13.89	1360.49
	344.01	0.00	13.89	1361.49
	344.02	0.00	13.89	1359.49
	344.03	0.00	13.89	1358.49
	344.04	0.00	13.88	1362.49
	344.06	0.00	13.87	1361.51
	344.07	0.00	13.88	1360.49
	344.08	0.00	13.89	1362.49
	344.09	0.00	13.88	1362.49
	344.10	0.00	13.88	1362.49
	344.11	0.00	13.88	1361.49
	344.13	0.00	13.89	1361.49
	344.14	0.00	13.89	1360.49
	344.15	0.00	13.89	1363.49
	344.16	0.00	13.89	1361.49
	344.17	0.00	13.88	1362.49
	344.18	0.00	13.85	1353.49
	344.20	0.00	13.87	1361.49
	344.21	0.00	13.87	1362.49
	344.22	0.00	13.88	1365.50
	344.23	0.00	13.86	1363.50
	344.24	0.00	13.85	1363.50
	344.26	0.00	13.83	1358.50
	344.27	0.00	13.83	1361.50
	344.28	0.00	13.83	1358.50
	344.29	0.00	13.82	1355.50
	344.30	0.00	13.82	1354.51
	344.31	0.00	13.82	1330.51
	344.33	0.00	13.80	1328.51
	344.34	0.00	13.79	1327.51
	344.35	0.00	13.78	1328.52
	344.36	0.00	13.76	1325.52
	344.37	0.00	13.75	1326.52
	344.38	0.00	13.76	1322.52
	344.39	0.00	13.74	1321.52
	344.41	0.00	13.72	1314.53
	344.42	0.00	13.73	1318.53
	344.43	0.00	13.71	1317.53
	344.44	0.00	13.71	1315.53
	344.45	0.00	13.70	1317.53
	344.47	0.00	13.69	1314.54
	344.48	0.00	13.69	1314.54
	344.49	0.00	13.68	1312.54
	344.50	0.00	13.65	1307.54
	344.51	0.00	13.66	1314.54
	344.52	0.00	13.65	1315.54
	344.54	0.00	13.64	1318.54
	344.55	0.00	13.63	1319.54
	344.56	0.00	13.60	1323.55
	344.57	0.00	13.59	1329.55
	344.58	0.00	13.57	1334.55
	344.60	0.00	13.54	1342.55
	344.61	0.00	13.53	1350.55
	344.62	0.00	13.49	1358.55
	344.63	0.00	13.48	1363.56
	344.64	0.00	13.46	1384.56
	344.65	0.00	13.46	1388.56
	344.67	0.00	13.46	1390.56
	344.68	0.00	13.46	1391.56
	344.69	0.00	13.42	1385.56
	344.70	0.00	13.45	1402.56
	344.71	0.00	13.46	1404.56
	344.72	0.00	13.45	1406.55
	344.73	0.00	13.45	1408.55
	344.75	0.00	13.46	1408.55
	344.76	0.00	13.46	1411.55
	344.77	0.00	13.46	1412.55
	344.78	0.00	13.45	1413.56
	344.79	0.00	13.47	1415.55
	344.81	0.00	13.49	1414.55
	344.82	0.00	13.51	1413.55
	344.83	0.00	13.52	1408.55
	344.84	0.00	13.54	1411.56
	344.85	0.00	13.59	1407.56
	344.86	0.00	13.67	1429.55
	344.88	0.00	13.75	1441.55
	344.89	0.00	13.90	1471.55
	344.90	0.00	13.97	1478.55
	344.91	0.00	14.02	1480.55
	344.92	0.00	14.05	1501.55
	344.94	0.00	14.11	1507.54
	344.95	0.00	14.17	1508.54
	344.96	0.00	14.21	1511.53
	344.97	0.00	14.26	1519.53
	344.98	0.00	14.31	1522.53
	344.99	0.00	14.34	1530.53
	345.01	0.00	14.39	1535.52
	345.02	0.00	14.45	1532.51
	345.03	0.00	14.52	1528.50
	345.04	0.00	14.57	1531.50
	345.05	0.00	14.63	1530.49
	345.06	0.00	14.68	1531.49
	345.07	0.00	14.76	1532.47
	345.09	0.00	14.81	1550.45
	345.10	0.00	14.90	1562.43
	345.11	0.00	15.08	1577.42
	345.12	0.00	15.01	1550.41
	345.13	0.00	15.19	1569.39
	345.14	0.00	15.32	1564.36
	345.16	0.00	15.37	1562.34
	345.17	0.00	15.41	1551.32
	345.18	0.00	15.52	1524.29
	345.19	0.00	15.56	1515.30
	345.20	0.00	15.58	1505.29
	345.21	0.00	15.60	1501.29
	345.23	0.00	15.68	1461.28
	345.24	0.00	15.72	1459.27
	345.25	0.00	15.73	1452.27
	345.26	0.00	15.72	1446.28
	345.27	0.00	15.73	1446.28
	345.29	0.00	15.71	1446.29
	345.30	0.00	15.67	1450.29
	345.31	0.00	15.65	1454.29
	345.32	0.00	15.65	1449.29
	345.33	0.00	15.67	1445.29
	345.34	0.00	15.71	1440.28
	345.36	0.00	15.73	1431.28
	345.37	0.00	15.74	1431.28
	345.38	0.00	15.77	1425.26
	345.39	0.00	15.84	1405.25
	345.40	0.00	15.86	1403.24
	345.41	0.00	15.87	1400.23
	345.42	0.00	15.87	1399.22
	345.44	0.00	15.87	1402.22
	345.45	0.00	15.86	1400.22
	345.46	0.00	15.85	1398.23
	345.47	0.00	15.84	1397.23
	345.48	0.00	15.84	1399.24
	345.50	0.00	15.83	1396.24
	345.51	0.00	15.81	1397.25
	345.52	0.00	15.81	1396.25
	345.53	0.00	15.82	1391.24
	345.54	0.00	15.83	1394.23
	345.55	0.00	15.88	1387.19
	345.57	0.00	15.93	1382.16
	345.58	0.00	15.98	1375.11
	345.59	0.00	16.01	1365.09
	345.60	0.00	16.02	1358.08
	345.61	0.00	16.01	1351.08
	345.62	0.00	16.01	1341.08
	345.64	0.00	16.00	1333.07
	345.65	0.00	16.00	1322.07
	345.66	0.00	15.97	1304.07
	345.67	0.00	15.92	1270.06
	345.68	0.00	15.86	1237.06
	345.70	0.00	15.68	1203.06
	345.71	0.00	15.64	1161.05
	345.72	0.00	15.49	1088.03
	345.73	0.00	15.44	1054.01
	345.74	0.00	15.44	1029.97
	345.75	0.00	15.41	995.93
	345.76	0.00	15.40	970.90
	345.78	0.00	15.38	955.89
	345.79	0.00	15.37	939.88
	345.80	0.00	15.34	927.87
	345.81	0.00	15.34	914.86
	345.82	0.00	15.36	911.85
	345.83	0.00	15.36	905.85
	345.85	0.00	15.39	903.84
	345.86	0.00	15.40	903.84
	345.87	0.00	15.42	890.83
	345.88	0.00	15.41	881.83
	345.89	0.00	15.44	872.82
	345.90	0.00	15.44	866.82
	345.92	0.00	15.43	864.82
	345.93	0.00	15.45	866.82
	345.94	0.00	15.47	870.81
	345.95	0.00	15.48	874.81
	345.96	0.00	15.50	872.80
	345.97	0.00	15.41	871.81
	345.98	0.00	15.34	873.81
	346.00	0.00	15.21	870.86
	346.01	0.00	15.08	856.91
	346.02	0.00	14.91	824.93
	346.03	0.00	14.81	788.92
	346.04	0.00	14.81	789.92
	346.05	0.00	14.82	796.92
	346.07	0.00	14.82	797.92
	346.08	0.00	14.83	799.92
	346.09	0.00	14.83	800.92
	346.10	0.00	14.83	803.92
	346.11	0.00	14.82	800.93
	346.12	0.00	14.82	800.93
	346.14	0.00	14.81	802.93
	346.15	0.00	14.81	800.93
	346.16	0.00	14.82	799.93
	346.17	0.00	14.81	798.93
	346.18	0.00	14.81	801.93
	346.19	0.00	14.80	799.93
	346.20	0.00	14.80	795.93
	346.22	0.00	14.80	800.93
	346.23	0.00	14.79	795.93
	346.24	0.00	14.80	798.93
	346.25	0.00	14.82	799.93
	346.26	0.00	14.81	800.93
	346.27	0.00	14.80	798.93
	346.29	0.00	14.81	802.93
	346.30	0.00	14.82	804.93
	346.31	0.00	14.81	802.93
	346.32	0.00	14.83	803.92
	346.33	0.00	14.84	805.92
	346.34	0.00	14.82	801.92
	346.36	0.00	14.83	804.92
	346.37	0.00	14.83	804.92
	346.38	0.00	14.81	802.92
	346.39	0.00	14.82	800.92
	346.40	0.00	14.82	800.92
	346.42	0.00	14.83	800.92
	346.43	0.00	14.83	799.92
	346.44	0.00	14.82	798.92
	346.45	0.00	14.83	800.92
	346.46	0.00	14.82	798.92
	346.47	0.00	14.71	790.96
	346.48	0.00	14.39	755.01
	346.50	0.00	13.89	757.17
	346.51	0.00	12.94	736.41
	346.52	0.00	12.26	723.44
	346.53	0.00	11.65	684.48
	346.54	0.00	12.04	801.59
	346.55	0.00	12.21	891.58
	346.57	0.00	12.20	934.59
	346.58	0.00	12.40	1023.63
	346.59	0.00	12.70	1126.66
	346.60	0.00	12.78	1157.65
	346.61	0.00	12.84	1178.66
	346.62	0.00	12.89	1185.65
	346.64	0.00	12.90	1191.65
	346.65	0.00	12.93	1194.65
	346.66	0.00	12.92	1185.65
	346.67	0.00	12.96	1185.65
	346.68	0.00	12.99	1182.66
	346.69	0.00	13.05	1186.65
	346.70	0.00	13.11	1187.65
	346.72	0.00	13.17	1189.65
	346.73	0.00	13.21	1193.65
	346.74	0.00	13.26	1193.64
	346.75	0.00	13.29	1194.65
	346.76	0.00	13.36	1196.65
	346.78	0.00	13.37	1199.65
	346.79	0.00	13.43	1201.65
	346.80	0.00	13.51	1202.65
	346.81	0.00	13.60	1214.64
	346.82	0.00	13.64	1219.65
	346.83	0.00	13.70	1226.64
	346.85	0.00	13.74	1235.64
	346.86	0.00	13.81	1273.63
	346.87	0.00	13.84	1262.63
	346.88	0.00	13.88	1297.62
	346.89	0.00	13.91	1309.61
	346.90	0.00	13.97	1318.60
	346.92	0.00	13.95	1328.60
	346.93	0.00	13.96	1337.60
	346.94	0.00	13.96	1338.60
	346.95	0.00	13.96	1344.60
	346.96	0.00	13.95	1346.60
	346.98	0.00	13.95	1356.60
	346.99	0.00	13.93	1359.61
	347.00	0.00	13.95	1367.61
	347.01	0.00	13.98	1377.61
	347.02	0.00	14.01	1380.61
	347.03	0.00	14.05	1383.60
	347.04	0.00	14.05	1386.61
	347.06	0.00	14.08	1389.61
	347.07	0.00	14.08	1410.61
	347.08	0.00	14.10	1410.61
	347.09	0.00	14.13	1418.61
	347.10	0.00	14.16	1415.61
	347.11	0.00	14.19	1408.61
	347.13	0.00	14.22	1412.60
	347.14	0.00	14.25	1409.60
	347.15	0.00	14.28	1407.58
	347.16	0.00	14.44	1423.58
	347.17	0.00	14.49	1423.57
	347.19	0.00	14.54	1444.57
	347.20	0.00	14.58	1441.56
	347.21	0.00	14.64	1436.56
	347.22	0.00	14.68	1428.53
	347.23	0.00	14.74	1418.52
	347.24	0.00	14.82	1416.52
	347.25	0.00	15.01	1387.39
	347.27	0.00	15.03	1392.45
	347.28	0.00	15.11	1353.45
	347.29	0.00	15.21	1358.39
	347.30	0.00	15.33	1331.30
	347.31	0.00	15.43	1324.23
	347.32	0.00	15.53	1318.13
	347.34	0.00	15.56	1313.11
	347.35	0.00	15.58	1281.08
	347.36	0.00	15.61	1277.08
	347.37	0.00	15.72	1267.07
	347.38	0.00	15.74	1261.07
	347.39	0.00	15.74	1256.06
	347.41	0.00	15.77	1261.06
	347.42	0.00	15.80	1260.05
	347.43	0.00	15.81	1253.04
	347.44	0.00	15.81	1245.04
	347.45	0.00	15.83	1237.03
	347.46	0.00	15.84	1226.02
	347.48	0.00	15.87	1216.01
	347.49	0.00	15.86	1210.01
	347.50	0.00	15.88	1198.00
	347.51	0.00	15.89	1192.98
	347.52	0.00	15.91	1182.95
	347.54	0.00	15.93	1170.92
	347.55	0.00	15.95	1154.89
	347.56	0.00	15.96	1137.86
	347.57	0.00	15.92	1080.84
	347.58	0.00	15.87	1048.84
	347.59	0.00	15.79	1018.83
	347.60	0.00	15.74	997.83
	347.62	0.00	15.70	985.83
	347.63	0.00	15.65	971.83
	347.64	0.00	15.37	935.84
	347.65	0.00	15.29	925.86
	347.66	0.00	15.19	906.91
	347.67	0.00	15.00	875.97
	347.69	0.00	14.89	854.99
	347.70	0.00	14.76	822.00
	347.71	0.00	14.62	789.01
	347.72	0.00	14.22	691.99
	347.73	0.00	14.42	728.99
	347.74	0.00	14.45	736.99
	347.76	0.00	14.47	740.99
	347.77	0.00	14.51	745.99
	347.78	0.00	14.50	747.98
	347.79	0.00	14.49	744.98
	347.80	0.00	14.48	741.99
	347.81	0.00	14.48	741.99
	347.83	0.00	14.45	738.99
	347.84	0.00	14.49	735.96
	347.85	0.00	14.44	733.98
	347.86	0.00	14.44	734.98
	347.87	0.00	14.45	736.99
	347.88	0.00	14.47	739.99
	347.89	0.00	14.48	746.99
	347.91	0.00	14.50	746.99
	347.92	0.00	14.53	749.98
	347.93	0.00	14.50	754.99
	347.94	0.00	14.52	750.99
	347.95	0.00	14.53	756.99
	347.97	0.00	14.54	758.99
	347.98	0.00	14.54	760.99
	347.99	0.00	14.55	759.98
	348.00	0.00	14.57	758.98
	348.01	0.00	14.59	762.98
	348.02	0.00	14.55	759.98
	348.04	0.00	14.57	763.98
	348.05	0.00	14.58	762.97
	348.06	0.00	14.61	764.97
	348.07	0.00	14.60	763.96
	348.08	0.00	14.62	765.97
	348.09	0.00	14.63	769.96
	348.10	0.00	14.65	769.96
	348.11	0.00	14.67	775.96
	348.13	0.00	14.69	783.96
	348.14	0.00	14.65	778.97
	348.15	0.00	14.58	789.04
	348.16	0.00	14.38	780.15
	348.17	0.00	13.83	733.21
	348.19	0.00	12.98	663.36
	348.20	0.00	12.00	652.50
	348.21	0.00	11.70	709.60
	348.22	0.00	11.55	748.66
	348.23	0.00	11.44	791.71
	348.24	0.00	11.53	826.65
	348.26	0.00	11.68	873.64
	348.27	0.00	11.66	914.66
	348.28	0.00	11.70	935.67
	348.29	0.00	11.75	952.67
	348.30	0.00	11.78	961.66
	348.31	0.00	11.83	972.66
	348.32	0.00	11.82	976.68
	348.34	0.00	11.86	982.67
	348.35	0.00	11.86	983.67
	348.36	0.00	11.97	997.67
	348.37	0.00	11.89	984.67
	348.38	0.00	11.91	987.67
	348.39	0.00	11.97	995.67
	348.41	0.00	11.98	993.66
	348.42	0.00	12.03	1015.66
	348.43	0.00	12.06	1021.66
	348.44	0.00	12.09	1027.67
	348.45	0.00	12.11	1033.68
	348.47	0.00	12.14	1037.68
	348.48	0.00	12.16	1039.68
	348.49	0.00	12.19	1044.69
	348.50	0.00	12.25	1049.69
	348.51	0.00	12.30	1054.70
	348.52	0.00	12.38	1042.70
	348.53	0.00	12.51	1055.70
	348.55	0.00	12.59	1088.71
	348.56	0.00	12.67	1097.71
	348.57	0.00	12.77	1093.70
	348.58	0.00	12.88	1090.70
	348.59	0.00	12.96	1094.70
	348.61	0.00	13.03	1096.70
	348.62	0.00	13.08	1098.70
	348.63	0.00	13.14	1096.69
	348.64	0.00	13.21	1105.69
	348.65	0.00	13.24	1128.68
	348.66	0.00	13.30	1136.68
	348.67	0.00	13.32	1146.68
	348.69	0.00	13.37	1159.67
	348.70	0.00	13.42	1178.66
	348.71	0.00	13.45	1185.66
	348.72	0.00	13.52	1217.66
	348.73	0.00	13.57	1220.65
	348.74	0.00	13.60	1226.65
	348.76	0.00	13.63	1233.65
	348.77	0.00	13.66	1239.65
	348.78	0.00	13.69	1246.64
	348.79	0.00	13.72	1244.64
	348.80	0.00	13.74	1251.64
	348.82	0.00	13.77	1250.63
	348.83	0.00	13.80	1246.63
	348.84	0.00	13.83	1245.63
	348.85	0.00	14.06	1264.59
	348.86	0.00	14.06	1264.62
	348.87	0.00	14.06	1265.61
	348.88	0.00	14.07	1268.62
	348.90	0.00	14.09	1273.62
	348.91	0.00	14.11	1267.61
	348.92	0.00	14.13	1266.61
	348.93	0.00	14.15	1263.60
	348.94	0.00	14.18	1256.60
	348.95	0.00	14.19	1257.60
	348.97	0.00	14.19	1258.60
	348.98	0.00	14.19	1257.60
	348.99	0.00	14.16	1253.61
	349.00	0.00	14.16	1251.62
	349.01	0.00	14.16	1250.61
	349.02	0.00	14.17	1250.61
	349.04	0.00	14.22	1248.60
	349.05	0.00	14.26	1239.59
	349.06	0.00	14.32	1234.58
	349.07	0.00	14.38	1221.58
	349.08	0.00	14.44	1213.56
	349.09	0.00	14.48	1207.56
	349.11	0.00	14.53	1196.56
	349.12	0.00	14.64	1165.52
	349.13	0.00	14.75	1143.48
	349.14	0.00	14.89	1131.37
	349.15	0.00	15.18	1107.17
	349.17	0.00	15.23	1080.12
	349.18	0.00	15.31	1078.09
	349.19	0.00	15.39	1069.06
	349.20	0.00	15.41	1060.03
	349.21	0.00	15.46	1045.99
	349.22	0.00	15.50	1032.97
	349.23	0.00	15.52	1022.94
	349.25	0.00	15.55	1003.89
	349.26	0.00	15.56	983.87
	349.27	0.00	15.53	965.85
	349.28	0.00	15.51	947.84
	349.29	0.00	15.52	927.83
	349.30	0.00	15.50	904.83
	349.32	0.00	15.45	890.82
	349.33	0.00	15.20	858.82
	349.34	0.00	15.05	836.83
	349.35	0.00	14.91	828.90
	349.36	0.00	14.65	798.00
	349.38	0.00	14.41	753.01
	349.39	0.00	14.18	701.02
	349.40	0.00	14.02	671.01
	349.41	0.00	14.29	723.01
	349.42	0.00	14.39	736.01
	349.43	0.00	14.35	736.03
	349.45	0.00	14.35	737.03
	349.46	0.00	14.37	745.03
	349.47	0.00	14.37	743.03
	349.48	0.00	14.39	744.03
	349.49	0.00	14.34	737.03
	349.50	0.00	14.38	745.04
	349.51	0.00	14.41	748.03
	349.53	0.00	14.41	756.03
	349.54	0.00	14.44	762.04
	349.55	0.00	14.48	765.04
	349.56	0.00	14.49	765.03
	349.57	0.00	14.50	765.03
	349.58	0.00	14.52	771.03
	349.60	0.00	14.54	776.02
	349.61	0.00	14.56	781.02
	349.62	0.00	14.60	783.01
	349.63	0.00	14.57	780.01
	349.64	0.00	14.59	782.00
	349.65	0.00	14.63	782.00
	349.67	0.00	14.60	781.00
	349.68	0.00	14.60	782.00
	349.69	0.00	14.58	776.00
	349.70	0.00	14.62	785.00
	349.71	0.00	14.61	783.00
	349.72	0.00	14.61	784.00
	349.73	0.00	14.63	783.99
	349.75	0.00	14.62	784.99
	349.76	0.00	14.62	779.99
	349.77	0.00	14.63	781.99
	349.78	0.00	14.63	783.99
	349.79	0.00	14.64	784.99
	349.80	0.00	14.70	785.98
	349.82	0.00	14.68	791.98
	349.83	0.00	14.68	794.99
	349.84	0.00	14.59	795.05
	349.85	0.00	14.31	785.17
	349.86	0.00	13.71	734.32
	349.87	0.00	13.11	709.45
	349.89	0.00	12.08	712.57
	349.90	0.00	11.67	739.65
	349.91	0.00	11.58	800.70
	349.92	0.00	11.68	860.68
	349.93	0.00	11.86	933.66
	349.94	0.00	11.96	968.68
	349.95	0.00	12.13	993.66
	349.97	0.00	12.18	997.69
	349.98	0.00	12.34	1006.68
	349.99	0.00	12.43	1022.68
	350.00	0.00	12.53	1038.67
	350.01	0.00	12.55	1038.67
	350.02	0.00	12.64	1042.66
	350.04	0.00	12.69	1039.66
	350.05	0.00	12.76	1040.66
	350.06	0.00	12.85	1035.65
	350.07	0.00	13.01	1049.64
	350.08	0.00	13.19	1035.64
	350.10	0.00	13.29	1043.64
	350.11	0.00	13.38	1047.63
	350.12	0.00	13.46	1049.63
	350.13	0.00	13.51	1047.62
	350.14	0.00	13.60	1053.62
	350.15	0.00	13.66	1054.61
	350.17	0.00	13.72	1060.61
	350.18	0.00	13.80	1092.60
	350.19	0.00	13.86	1099.60
	350.20	0.00	13.94	1105.59
	350.21	0.00	13.98	1110.59
	350.22	0.00	14.05	1111.58
	350.23	0.00	14.09	1117.58
	350.25	0.00	14.17	1126.53
	350.26	0.00	14.35	1150.58
	350.27	0.00	14.38	1153.56
	350.28	0.00	14.39	1160.56
	350.29	0.00	14.45	1186.56
	350.31	0.00	14.48	1196.56
	350.32	0.00	14.48	1202.56
	350.33	0.00	14.43	1227.57
	350.34	0.00	14.42	1231.56
	350.35	0.00	14.47	1235.56
	350.36	0.00	14.46	1264.56
	350.38	0.00	14.51	1248.56
	350.39	0.00	14.47	1272.55
	350.40	0.00	14.47	1279.56
	350.41	0.00	14.49	1287.55
	350.42	0.00	14.50	1289.56
	350.43	0.00	14.51	1292.56
	350.45	0.00	14.52	1292.55
	350.46	0.00	14.51	1296.55
	350.47	0.00	14.50	1297.57
	350.48	0.00	14.53	1302.55
	350.49	0.00	14.51	1300.56
	350.50	0.00	14.51	1304.56
	350.52	0.00	14.50	1304.57
	350.53	0.00	14.51	1308.56
	350.54	0.00	14.49	1309.57
	350.55	0.00	14.51	1311.55
	350.56	0.00	14.51	1309.57
	350.57	0.00	14.50	1310.57
	350.58	0.00	14.50	1315.58
	350.60	0.00	14.50	1312.58
	350.61	0.00	14.49	1306.58
	350.62	0.00	14.54	1311.58
	350.63	0.00	14.57	1310.57
	350.64	0.00	14.61	1304.56
	350.66	0.00	14.65	1305.56
	350.67	0.00	14.69	1299.56
	350.68	0.00	14.74	1302.55
	350.69	0.00	14.77	1299.55
	350.70	0.00	14.88	1272.54
	350.71	0.00	15.00	1250.53
	350.73	0.00	15.03	1244.52
	350.74	0.00	15.07	1239.51
	350.75	0.00	15.11	1234.49
	350.76	0.00	15.14	1232.48
	350.77	0.00	15.19	1230.45
	350.78	0.00	15.22	1202.47
	350.80	0.00	15.34	1204.37
	350.81	0.00	15.40	1204.33
	350.82	0.00	15.51	1204.25
	350.83	0.00	15.57	1184.19
	350.84	0.00	15.66	1172.11
	350.85	0.00	15.70	1174.08
	350.87	0.00	15.73	1166.07
	350.88	0.00	15.74	1155.06
	350.89	0.00	15.75	1139.05
	350.90	0.00	15.74	1135.05
	350.91	0.00	15.74	1126.04
	350.92	0.00	15.73	1111.03
	350.94	0.00	15.70	1096.02
	350.95	0.00	15.68	1079.01
	350.96	0.00	15.70	1061.98
	350.97	0.00	15.62	1017.95
	350.98	0.00	15.62	995.93
	350.99	0.00	15.62	975.89
	351.01	0.00	15.55	927.87
	351.02	0.00	15.56	911.84
	351.03	0.00	15.48	878.83
	351.04	0.00	15.42	859.82
	351.05	0.00	15.41	846.82
	351.06	0.00	15.40	835.81
	351.08	0.00	15.36	828.81
	351.09	0.00	15.32	820.81
	351.10	0.00	15.27	814.81
	351.11	0.00	14.96	785.82
	351.12	0.00	14.78	776.89
	351.13	0.00	14.63	759.96
	351.14	0.00	14.46	740.99
	351.16	0.00	14.23	703.01
	351.17	0.00	13.89	633.99
	351.18	0.00	14.31	702.98
	351.19	0.00	14.36	712.98
	351.20	0.00	14.39	714.97
	351.21	0.00	14.35	720.00
	351.23	0.00	14.32	721.03
	351.24	0.00	14.31	720.03
	351.25	0.00	14.26	718.06
	351.26	0.00	14.27	720.06
	351.27	0.00	14.28	724.07
	351.28	0.00	14.31	733.07
	351.30	0.00	14.31	728.07
	351.31	0.00	14.29	737.10
	351.32	0.00	14.30	741.12
	351.33	0.00	14.36	745.08
	351.34	0.00	14.36	748.09
	351.35	0.00	14.39	748.07
	351.37	0.00	14.44	751.05
	351.38	0.00	14.48	757.04
	351.39	0.00	14.49	758.03
	351.40	0.00	14.49	759.03
	351.41	0.00	14.52	761.03
	351.42	0.00	14.52	765.03
	351.44	0.00	14.54	763.02
	351.45	0.00	14.53	760.02
	351.46	0.00	14.57	767.01
	351.47	0.00	14.58	757.99
	351.48	0.00	14.58	763.99
	351.49	0.00	14.57	759.99
	351.51	0.00	14.60	765.99
	351.52	0.00	14.61	765.98
	351.53	0.00	14.60	764.98
	351.54	0.00	14.62	766.97
	351.55	0.00	14.62	765.97
	351.56	0.00	14.63	768.97
	351.58	0.00	14.63	767.97
	351.59	0.00	14.54	770.03
	351.60	0.00	14.48	777.07
	351.61	0.00	14.29	758.12
	351.62	0.00	13.92	724.18
	351.63	0.00	13.30	718.32
	351.64	0.00	12.28	650.38
	351.66	0.00	12.15	696.44
	351.67	0.00	12.04	726.48
	351.68	0.00	12.11	782.48
	351.69	0.00	12.41	859.43
	351.70	0.00	12.49	905.45
	351.71	0.00	12.76	975.46
	351.73	0.00	12.99	1029.47
	351.74	0.00	13.17	1077.47
	351.75	0.00	13.26	1105.48
	351.76	0.00	13.32	1153.48
	351.77	0.00	13.37	1176.48
	351.78	0.00	13.40	1194.49
	351.80	0.00	13.42	1196.49
	351.81	0.00	13.44	1199.48
	351.82	0.00	13.46	1197.49
	351.83	0.00	13.47	1198.49
	351.84	0.00	13.49	1197.48
	351.85	0.00	13.50	1200.48
	351.86	0.00	13.53	1206.48
	351.88	0.00	13.55	1206.48
	351.89	0.00	13.58	1210.48
	351.90	0.00	13.61	1213.48
	351.91	0.00	13.64	1222.48
	351.92	0.00	13.67	1228.48
	351.94	0.00	13.71	1233.48
	351.95	0.00	13.74	1241.48
	351.96	0.00	13.79	1249.48
	351.97	0.00	13.86	1273.48
	351.98	0.00	13.90	1283.48
	351.99	0.00	13.95	1288.48
	352.01	0.00	13.98	1291.48
	352.02	0.00	14.03	1291.47
	352.03	0.00	14.08	1292.47
	352.04	0.00	14.12	1290.47
	352.05	0.00	14.16	1288.47
	352.07	0.00	14.18	1287.47
	352.08	0.00	14.27	1266.47
	352.09	0.00	14.29	1264.47
	352.10	0.00	14.32	1263.46
	352.11	0.00	14.34	1261.46
	352.12	0.00	14.38	1267.46
	352.14	0.00	14.40	1268.46
	352.15	0.00	14.39	1294.45
	352.16	0.00	14.43	1296.45
	352.17	0.00	14.46	1307.45
	352.18	0.00	14.53	1337.45
	352.19	0.00	14.56	1348.44
	352.20	0.00	14.57	1376.44
	352.22	0.00	14.75	1403.44
	352.23	0.00	14.78	1413.43
	352.24	0.00	14.81	1424.43
	352.25	0.00	14.83	1427.43
	352.26	0.00	14.87	1434.42
	352.27	0.00	14.90	1442.42
	352.29	0.00	14.91	1435.42
	352.30	0.00	14.96	1453.42
	352.31	0.00	14.99	1454.41
	352.32	0.00	15.01	1457.41
	352.33	0.00	15.04	1453.40
	352.35	0.00	15.06	1457.40
	352.36	0.00	15.09	1465.39
	352.37	0.00	15.13	1463.38
	352.38	0.00	15.17	1465.38
	352.39	0.00	15.20	1464.37
	352.40	0.00	15.24	1466.36
	352.42	0.00	15.27	1458.36
	352.43	0.00	15.33	1452.36
	352.44	0.00	15.36	1452.36
	352.45	0.00	15.36	1447.35
	352.46	0.00	15.38	1450.35
	352.48	0.00	15.38	1445.35
	352.49	0.00	15.38	1444.35
	352.50	0.00	15.37	1442.35
	352.51	0.00	15.35	1439.35
	352.52	0.00	15.28	1441.36
	352.53	0.00	15.21	1445.37
	352.54	0.00	15.20	1454.37
	352.56	0.00	15.19	1450.37
	352.57	0.00	15.24	1448.37
	352.58	0.00	15.28	1445.37
	352.59	0.00	15.33	1437.36
	352.60	0.00	15.46	1389.35
	352.61	0.00	15.47	1380.38
	352.63	0.00	15.52	1364.37
	352.64	0.00	15.57	1313.37
	352.65	0.00	15.72	1301.21
	352.66	0.00	15.87	1293.08
	352.67	0.00	15.89	1279.06
	352.69	0.00	15.92	1276.05
	352.70	0.00	15.96	1258.02
	352.71	0.00	15.98	1241.00
	352.72	0.00	16.02	1221.97
	352.73	0.00	16.00	1192.94
	352.74	0.00	15.93	1149.92
	352.76	0.00	15.87	1096.87
	352.77	0.00	15.71	1020.85
	352.78	0.00	15.65	992.85
	352.79	0.00	15.60	976.86
	352.80	0.00	15.52	960.87
	352.81	0.00	15.46	949.88
	352.83	0.00	15.35	936.92
	352.84	0.00	15.04	906.97
	352.85	0.00	14.95	890.00
	352.86	0.00	14.86	868.01
	352.87	0.00	14.71	822.03
	352.88	0.00	14.40	790.14
	352.89	0.00	14.42	790.13
	352.91	0.00	14.49	808.14
	352.92	0.00	14.50	813.15
	352.93	0.00	14.48	810.16
	352.94	0.00	14.48	810.16
	352.95	0.00	14.48	810.16
	352.97	0.00	14.46	805.16
	352.98	0.00	14.44	802.16
	352.99	0.00	14.44	798.16
	353.00	0.00	14.45	797.16
	353.01	0.00	14.41	796.16
	353.02	0.00	14.43	794.16
	353.04	0.00	14.39	788.16
	353.05	0.00	14.40	786.16
	353.06	0.00	14.40	785.16
	353.07	0.00	14.38	784.16
	353.08	0.00	14.41	780.15
	353.09	0.00	14.41	785.15
	353.10	0.00	14.41	787.15
	353.12	0.00	14.43	787.14
	353.13	0.00	14.45	783.13
	353.14	0.00	14.48	786.10
	353.15	0.00	14.48	786.10
	353.16	0.00	14.48	778.08
	353.17	0.00	14.51	779.06
	353.19	0.00	14.51	775.05
	353.20	0.00	14.53	769.04
	353.21	0.00	14.51	769.04
	353.22	0.00	14.50	763.04
	353.23	0.00	14.53	764.02
	353.24	0.00	14.51	764.02
	353.26	0.00	14.54	770.02
	353.27	0.00	14.56	771.02
	353.28	0.00	14.56	771.02
	353.29	0.00	14.52	774.06
	353.30	0.00	14.32	778.21
	353.31	0.00	14.16	771.27
	353.33	0.00	13.86	732.31
	353.34	0.00	13.40	732.43
	353.35	0.00	12.37	724.56
	353.36	0.00	11.76	732.65
	353.37	0.00	11.57	772.71
	353.38	0.00	11.54	815.74
	353.39	0.00	11.82	881.64
	353.41	0.00	11.78	915.64
	353.42	0.00	11.97	960.64
	353.43	0.00	12.04	982.67
	353.44	0.00	12.24	1010.67
	353.45	0.00	12.28	1022.67
	353.46	0.00	12.40	1037.66
	353.48	0.00	12.54	1056.66
	353.49	0.00	12.62	1075.66
	353.50	0.00	12.69	1080.65
	353.51	0.00	12.73	1081.65
	353.52	0.00	12.78	1085.64
	353.53	0.00	12.83	1093.64
	353.55	0.00	12.82	1081.63
	353.56	0.00	12.74	1056.63
	353.57	0.00	12.80	1059.64
	353.58	0.00	12.84	1060.64
	353.59	0.00	12.90	1068.64
	353.60	0.00	12.95	1073.64
	353.62	0.00	13.00	1077.65
	353.63	0.00	13.17	1109.65
	353.64	0.00	13.27	1122.65
	353.65	0.00	13.38	1149.65
	353.66	0.00	13.48	1154.64
	353.67	0.00	13.59	1176.64
	353.69	0.00	13.65	1181.64
	353.70	0.00	13.72	1188.63
	353.71	0.00	13.78	1193.62
	353.72	0.00	13.86	1168.61
	353.73	0.00	14.08	1185.60
	353.74	0.00	14.12	1179.60
	353.76	0.00	14.16	1174.60
	353.77	0.00	14.20	1174.59
	353.78	0.00	14.21	1175.58
	353.79	0.00	14.22	1175.58
	353.80	0.00	14.24	1173.58
	353.82	0.00	14.26	1173.58
	353.83	0.00	14.27	1173.58
	353.84	0.00	14.30	1173.58
	353.85	0.00	14.31	1173.57
	353.86	0.00	14.39	1153.57
	353.87	0.00	14.44	1158.56
	353.89	0.00	14.46	1164.56
	353.90	0.00	14.48	1166.56
	353.91	0.00	14.48	1171.57
	353.92	0.00	14.53	1177.56
	353.93	0.00	14.55	1179.56
	353.94	0.00	14.57	1184.56
	353.95	0.00	14.58	1207.56
	353.97	0.00	14.60	1203.56
	353.98	0.00	14.63	1212.56
	353.99	0.00	14.66	1214.55
	354.00	0.00	14.69	1209.55
	354.01	0.00	14.74	1210.54
	354.02	0.00	14.76	1210.54
	354.04	0.00	14.80	1206.54
	354.05	0.00	14.83	1184.53
	354.06	0.00	14.85	1184.53
	354.07	0.00	14.88	1184.52
	354.08	0.00	14.88	1178.52
	354.10	0.00	14.89	1176.52
	354.11	0.00	14.93	1180.51
	354.12	0.00	14.93	1178.51
	354.13	0.00	14.95	1179.50
	354.14	0.00	14.94	1176.50
	354.15	0.00	14.94	1172.49
	354.16	0.00	14.95	1173.49
	354.18	0.00	14.97	1173.49
	354.19	0.00	14.96	1166.48
	354.20	0.00	15.00	1171.48
	354.21	0.00	14.99	1159.49
	354.22	0.00	15.02	1155.47
	354.23	0.00	15.04	1149.47
	354.25	0.00	15.02	1139.49
	354.26	0.00	15.14	1118.41
	354.27	0.00	15.26	1112.29
	354.28	0.00	15.35	1086.20
	354.29	0.00	15.51	1078.07
	354.30	0.00	15.52	1067.05
	354.32	0.00	15.54	1059.04
	354.33	0.00	15.55	1046.03
	354.34	0.00	15.58	1036.01
	354.35	0.00	15.56	1015.99
	354.36	0.00	15.48	967.96
	354.38	0.00	15.46	947.94
	354.39	0.00	15.49	931.89
	354.40	0.00	15.50	908.86
	354.41	0.00	15.47	869.84
	354.42	0.00	15.45	849.83
	354.43	0.00	15.44	831.83
	354.45	0.00	15.38	795.82
	354.46	0.00	15.39	795.81
	354.47	0.00	15.36	790.81
	354.48	0.00	15.29	784.81
	354.49	0.00	14.95	756.81
	354.50	0.00	14.73	740.85
	354.51	0.00	14.43	704.93
	354.53	0.00	14.20	670.97
	354.54	0.00	14.09	659.99
	354.55	0.00	13.94	650.05
	354.56	0.00	13.76	614.03
	354.57	0.00	13.81	620.02
	354.58	0.00	13.88	630.02
	354.60	0.00	13.91	630.00
	354.61	0.00	13.94	636.00
	354.62	0.00	13.98	647.02
	354.63	0.00	14.01	654.02
	354.64	0.00	13.99	647.02
	354.65	0.00	14.01	654.03
	354.66	0.00	14.17	681.03
	354.68	0.00	14.26	700.03
	354.69	0.00	14.29	709.04
	354.70	0.00	14.34	718.04
	354.71	0.00	14.31	717.04
	354.72	0.00	14.33	718.04
	354.73	0.00	14.35	723.05
	354.75	0.00	14.36	723.04
	354.76	0.00	14.35	725.04
	354.77	0.00	14.38	727.04
	354.78	0.00	14.39	730.04
	354.79	0.00	14.35	728.04
	354.80	0.00	14.37	729.04
	354.82	0.00	14.41	733.04
	354.83	0.00	14.40	731.04
	354.84	0.00	14.42	736.04
	354.85	0.00	14.44	740.04
	354.86	0.00	14.42	735.03
	354.87	0.00	14.46	739.01
	354.89	0.00	14.52	745.99
	354.90	0.00	14.53	748.99
	354.91	0.00	14.58	754.99
	354.92	0.00	14.56	753.99
	354.93	0.00	14.56	755.99
	354.94	0.00	14.47	760.06
	354.95	0.00	14.33	753.12
	354.97	0.00	14.11	745.20
	354.98	0.00	13.48	680.32
	354.99	0.00	12.38	602.37
	355.00	0.00	11.90	637.49
	355.01	0.00	11.69	667.54
	355.02	0.00	11.50	712.65
	355.04	0.00	11.34	762.70
	355.05	0.00	11.32	799.72
	355.06	0.00	11.44	848.71
	355.07	0.00	11.52	904.64
	355.08	0.00	11.70	946.62
	355.09	0.00	11.76	968.61
	355.11	0.00	11.86	983.61
	355.12	0.00	11.94	1017.61
	355.13	0.00	11.96	1020.61
	355.14	0.00	12.00	1016.61
	355.15	0.00	12.03	1014.63
	355.16	0.00	12.08	1009.61
	355.18	0.00	12.13	1003.60
	355.19	0.00	12.21	1009.60
	355.20	0.00	12.27	1012.60
	355.21	0.00	12.33	1023.60
	355.22	0.00	12.40	1031.59
	355.23	0.00	12.44	1042.60
	355.25	0.00	12.52	1054.58
	355.26	0.00	12.55	1065.58
	355.27	0.00	12.63	1083.58
	355.28	0.00	12.67	1090.58
	355.29	0.00	12.73	1098.58
	355.30	0.00	12.79	1103.58
	355.32	0.00	12.85	1114.57
	355.33	0.00	12.94	1116.54
	355.34	0.00	13.00	1114.53
	355.35	0.00	13.09	1118.51
	355.36	0.00	13.13	1117.50
	355.37	0.00	13.19	1115.49
	355.39	0.00	13.24	1115.48
	355.40	0.00	13.33	1115.48
	355.41	0.00	13.36	1117.49
	355.42	0.00	13.41	1120.47
	355.43	0.00	13.46	1121.44
	355.44	0.00	13.49	1126.44
	355.46	0.00	13.54	1136.42
	355.47	0.00	13.54	1144.41
	355.48	0.00	13.55	1152.41
	355.49	0.00	13.56	1163.41
	355.50	0.00	13.54	1165.41
	355.51	0.00	13.52	1169.42
	355.52	0.00	13.50	1183.41
	355.54	0.00	13.49	1182.41
	355.55	0.00	13.49	1190.42
	355.56	0.00	13.46	1190.42
	355.57	0.00	13.43	1183.42
	355.58	0.00	13.42	1182.42
	355.60	0.00	13.41	1186.43
	355.61	0.00	13.39	1183.43
	355.62	0.00	13.34	1185.44
	355.63	0.00	13.36	1190.44
	355.64	0.00	13.38	1193.44
	355.65	0.00	13.40	1199.45
	355.67	0.00	13.42	1198.44
	355.68	0.00	13.44	1196.45
	355.69	0.00	13.50	1193.44
	355.70	0.00	13.55	1188.44
	355.71	0.00	13.59	1186.45
	355.72	0.00	13.65	1178.44
	355.73	0.00	13.75	1176.44
	355.75	0.00	13.86	1171.43
	355.76	0.00	13.94	1160.42
	355.77	0.00	14.00	1149.40
	355.78	0.00	14.36	1169.37
	355.79	0.00	14.50	1168.36
	355.80	0.00	14.64	1178.36
	355.82	0.00	14.82	1200.37
	355.83	0.00	14.89	1198.37
	355.84	0.00	15.03	1175.44
	355.85	0.00	15.11	1177.44
	355.86	0.00	15.23	1180.36
	355.87	0.00	15.37	1171.25
	355.89	0.00	15.54	1187.14
	355.90	0.00	15.67	1208.09
	355.91	0.00	15.75	1214.08
	355.92	0.00	15.77	1188.07
	355.93	0.00	15.82	1193.05
	355.94	0.00	15.82	1184.05
	355.96	0.00	15.86	1173.03
	355.97	0.00	15.92	1164.01
	355.98	0.00	15.92	1141.97
	355.99	0.00	15.90	1109.94
	356.00	0.00	15.86	1070.92
	356.02	0.00	15.86	1029.86
	356.03	0.00	15.85	1004.85
	356.04	0.00	15.80	976.84
	356.05	0.00	15.77	939.83
	356.06	0.00	15.67	861.83
	356.07	0.00	15.66	836.82
	356.08	0.00	15.53	803.82
	356.10	0.00	15.52	797.81
	356.11	0.00	15.58	826.81
	356.12	0.00	15.58	835.81
	356.13	0.00	15.51	821.81
	356.14	0.00	15.43	802.81
	356.15	0.00	15.08	761.81
	356.17	0.00	14.80	739.82
	356.18	0.00	14.31	682.96
	356.19	0.00	14.04	648.99
	356.20	0.00	13.75	599.00
	356.21	0.00	13.67	591.00
	356.22	0.00	13.96	629.98
	356.23	0.00	14.17	664.97
	356.25	0.00	14.27	683.97
	356.26	0.00	14.25	681.98
	356.27	0.00	14.19	677.99
	356.28	0.00	14.13	666.00
	356.29	0.00	14.11	663.01
	356.30	0.00	14.17	679.02
	356.32	0.00	14.23	689.02
	356.33	0.00	14.24	698.03
	356.34	0.00	14.29	706.03
	356.35	0.00	14.30	706.03
	356.36	0.00	14.32	710.03
	356.37	0.00	14.30	714.03
	356.39	0.00	14.25	701.03
	356.40	0.00	14.14	684.04
	356.41	0.00	14.16	689.04
	356.42	0.00	14.19	699.05
	356.43	0.00	14.16	699.07
	356.44	0.00	14.18	701.08
	356.46	0.00	14.14	701.10
	356.47	0.00	14.16	707.10
	356.48	0.00	14.22	720.10
	356.49	0.00	14.26	723.09
	356.50	0.00	14.35	736.08
	356.51	0.00	14.38	745.09
	356.53	0.00	14.42	749.07
	356.54	0.00	14.44	751.05
	356.55	0.00	14.46	752.05
	356.56	0.00	14.50	759.05
	356.57	0.00	14.52	758.04
	356.58	0.00	14.54	762.04
	356.60	0.00	14.54	767.03
	356.61	0.00	14.57	769.03
	356.62	0.00	14.59	774.02
	356.63	0.00	14.59	774.03
	356.64	0.00	14.58	778.04
	356.65	0.00	14.41	774.11
	356.67	0.00	14.02	721.15
	356.68	0.00	12.98	606.28
	356.69	0.00	12.64	632.37
	356.70	0.00	12.00	637.51
	356.71	0.00	11.51	666.65
	356.72	0.00	11.28	703.74
	356.73	0.00	11.17	728.75
	356.75	0.00	11.14	762.77
	356.76	0.00	11.19	792.76
	356.77	0.00	11.27	816.74
	356.78	0.00	11.43	847.71
	356.79	0.00	11.53	867.67
	356.80	0.00	11.66	917.62
	356.82	0.00	11.77	950.61
	356.83	0.00	11.89	976.58
	356.84	0.00	11.94	990.60
	356.85	0.00	11.99	1013.61
	356.86	0.00	12.03	1012.60
	356.87	0.00	12.09	1010.59
	356.89	0.00	12.11	1005.59
	356.90	0.00	12.15	1001.59
	356.91	0.00	12.23	1008.58
	356.92	0.00	12.26	1010.58
	356.93	0.00	12.24	1012.58
	356.94	0.00	12.28	1020.58
	356.95	0.00	12.28	1028.58
	356.97	0.00	12.29	1041.58
	356.98	0.00	12.29	1052.58
	356.99	0.00	12.37	1086.58
	357.00	0.00	12.39	1105.58
	357.01	0.00	12.40	1114.57
	357.02	0.00	12.40	1124.57
	357.04	0.00	12.44	1140.57
	357.05	0.00	12.47	1148.57
	357.06	0.00	12.47	1153.56
	357.07	0.00	12.46	1154.56
	357.08	0.00	12.47	1157.56
	357.10	0.00	12.49	1165.56
	357.11	0.00	12.48	1174.56
	357.12	0.00	12.45	1181.56
	357.13	0.00	12.47	1187.56
	357.14	0.00	12.45	1190.56
	357.15	0.00	12.48	1200.56
	357.17	0.00	12.48	1212.56
	357.18	0.00	12.47	1223.56
	357.19	0.00	12.51	1239.54
	357.20	0.00	12.51	1248.55
	357.21	0.00	12.51	1256.52
	357.22	0.00	12.52	1267.51
	357.23	0.00	12.51	1273.51
	357.25	0.00	12.52	1279.51
	357.26	0.00	12.53	1287.50
	357.27	0.00	12.52	1288.50
	357.28	0.00	12.53	1290.50
	357.29	0.00	12.50	1296.51
	357.30	0.00	12.52	1292.51
	357.32	0.00	12.51	1285.52
	357.33	0.00	12.52	1276.52
	357.34	0.00	12.51	1264.53
	357.35	0.00	12.53	1255.54
	357.36	0.00	12.58	1250.54
	357.37	0.00	12.64	1246.55
	357.39	0.00	12.69	1237.55
	357.40	0.00	12.73	1234.56
	357.41	0.00	12.79	1225.56
	357.42	0.00	12.84	1216.56
	357.43	0.00	12.87	1209.56
	357.44	0.00	12.93	1197.56
	357.46	0.00	12.97	1176.56
	357.47	0.00	13.04	1172.57
	357.48	0.00	13.20	1183.58
	357.49	0.00	13.56	1249.58
	357.50	0.00	13.67	1259.58
	357.52	0.00	13.79	1273.59
	357.53	0.00	13.89	1279.59
	357.54	0.00	13.97	1284.58
	357.55	0.00	14.06	1278.56
	357.56	0.00	14.23	1289.54
	357.57	0.00	14.33	1294.51
	357.58	0.00	14.46	1292.51
	357.60	0.00	14.61	1291.47
	357.61	0.00	14.67	1283.51
	357.62	0.00	14.79	1275.47
	357.63	0.00	15.17	1274.18
	357.64	0.00	15.28	1277.11
	357.66	0.00	15.35	1269.08
	357.67	0.00	15.54	1274.06
	357.68	0.00	15.63	1245.02
	357.69	0.00	15.70	1231.97
	357.70	0.00	15.75	1222.95
	357.71	0.00	15.81	1206.91
	357.73	0.00	15.87	1185.87
	357.74	0.00	15.90	1162.86
	357.75	0.00	15.94	1161.85
	357.76	0.00	15.94	1127.84
	357.77	0.00	15.97	1116.84
	357.78	0.00	15.98	1091.83
	357.80	0.00	15.96	1058.83
	357.81	0.00	16.00	1050.81
	357.82	0.00	15.98	1003.82
	357.83	0.00	15.97	986.81
	357.84	0.00	15.90	965.81
	357.85	0.00	15.83	945.81
	357.86	0.00	15.80	931.80
	357.88	0.00	15.55	890.80
	357.89	0.00	15.49	872.80
	357.90	0.00	15.27	853.81
	357.91	0.00	14.99	833.94
	357.92	0.00	14.79	792.98
	357.94	0.00	14.41	731.04
	357.95	0.00	13.99	631.00
	357.96	0.00	13.95	640.03
	357.97	0.00	14.37	707.00
	357.98	0.00	14.46	721.99
	357.99	0.00	14.47	728.99
	358.00	0.00	14.48	728.00
	358.02	0.00	14.46	727.01
	358.03	0.00	14.43	729.01
	358.04	0.00	14.45	730.01
	358.05	0.00	14.46	734.02
	358.06	0.00	14.43	735.03
	358.07	0.00	14.46	738.03
	358.08	0.00	14.45	739.03
	358.10	0.00	14.45	736.03
	358.11	0.00	14.46	740.03
	358.12	0.00	14.49	744.02
	358.13	0.00	14.49	744.02
	358.14	0.00	14.48	743.03
	358.16	0.00	14.47	742.02
	358.17	0.00	14.47	742.02
	358.18	0.00	14.47	744.03
	358.19	0.00	14.48	744.02
	358.20	0.00	14.49	746.02
	358.21	0.00	14.48	747.03
	358.22	0.00	14.52	753.02
	358.24	0.00	14.50	748.02
	358.25	0.00	14.52	753.02
	358.26	0.00	14.51	751.02
	358.27	0.00	14.52	752.02
	358.28	0.00	14.55	757.01
	358.29	0.00	14.57	761.01
	358.30	0.00	14.59	765.00
	358.32	0.00	14.65	775.99
	358.33	0.00	14.65	775.99
	358.34	0.00	14.68	781.99
	358.35	0.00	14.69	783.99
	358.36	0.00	14.70	787.99
	358.38	0.00	14.39	785.20
	358.39	0.00	14.03	760.28
	358.40	0.00	13.26	672.36
	358.41	0.00	11.72	610.54
	358.42	0.00	11.06	674.77
	358.43	0.00	10.75	731.93
	358.45	0.00	10.54	807.11
	358.46	0.00	10.48	845.12
	358.47	0.00	10.61	873.07
	358.48	0.00	10.78	906.04
	358.49	0.00	11.02	936.99
	358.50	0.00	11.08	964.95
	358.51	0.00	11.20	977.92
	358.53	0.00	11.38	989.85
	358.54	0.00	11.45	987.84
	358.55	0.00	11.59	987.82
	358.56	0.00	11.68	982.82
	358.57	0.00	11.79	973.80
	358.58	0.00	11.85	963.81
	358.60	0.00	11.97	956.79
	358.61	0.00	12.06	953.78
	358.62	0.00	12.15	950.79
	358.63	0.00	12.18	950.78
	358.64	0.00	12.26	954.78
	358.65	0.00	12.31	980.79
	358.67	0.00	12.38	984.78
	358.68	0.00	12.41	985.79
	358.69	0.00	12.43	983.78
	358.70	0.00	12.49	990.78
	358.71	0.00	12.53	988.78
	358.72	0.00	12.59	986.77
	358.73	0.00	12.61	978.77
	358.75	0.00	12.64	973.79
	358.76	0.00	12.72	948.76
	358.77	0.00	12.76	946.75
	358.78	0.00	12.80	939.75
	358.79	0.00	12.80	937.75
	358.80	0.00	12.84	933.75
	358.82	0.00	12.84	935.75
	358.83	0.00	12.88	933.74
	358.84	0.00	12.94	933.74
	358.85	0.00	12.94	940.74
	358.86	0.00	12.93	939.74
	358.88	0.00	12.94	936.74
	358.89	0.00	12.90	945.74
	358.90	0.00	12.83	956.75
	358.91	0.00	12.81	961.75
	358.92	0.00	12.74	960.75
	358.93	0.00	12.70	961.76
	358.94	0.00	12.68	963.76
	358.96	0.00	12.62	961.77
	358.97	0.00	12.57	964.80
	358.98	0.00	12.58	969.79
	358.99	0.00	12.57	969.80
	359.00	0.00	12.54	970.80
	359.01	0.00	12.53	971.81
	359.02	0.00	12.54	973.81
	359.04	0.00	12.53	970.81
	359.05	0.00	12.54	971.82
	359.06	0.00	12.56	977.82
	359.07	0.00	12.53	970.83
	359.08	0.00	12.55	974.83
	359.10	0.00	12.54	973.84
	359.11	0.00	12.55	972.84
	359.12	0.00	12.54	974.88
	359.13	0.00	12.55	973.89
	359.14	0.00	12.56	973.90
	359.15	0.00	12.60	975.90
	359.16	0.00	12.64	978.90
	359.18	0.00	12.70	976.86
	359.19	0.00	12.74	978.86
	359.20	0.00	12.80	976.84
	359.21	0.00	12.88	969.84
	359.22	0.00	13.07	956.81
	359.23	0.00	13.13	949.80
	359.25	0.00	13.21	950.79
	359.26	0.00	13.28	949.79
	359.27	0.00	13.34	953.78
	359.28	0.00	13.44	968.78
	359.29	0.00	13.76	990.78
	359.30	0.00	13.86	989.76
	359.31	0.00	13.94	988.75
	359.33	0.00	14.00	982.73
	359.34	0.00	14.05	975.72
	359.35	0.00	14.19	969.68
	359.36	0.00	14.23	960.67
	359.37	0.00	14.38	932.61
	359.38	0.00	14.32	905.64
	359.40	0.00	14.53	904.48
	359.41	0.00	14.86	894.20
	359.42	0.00	14.93	890.15
	359.43	0.00	14.95	882.13
	359.44	0.00	14.94	862.10
	359.45	0.00	14.89	834.08
	359.47	0.00	14.81	777.03
	359.48	0.00	14.74	736.99
	359.49	0.00	14.64	702.96
	359.50	0.00	14.59	683.93
	359.51	0.00	14.55	669.90
	359.52	0.00	14.16	639.90
	359.53	0.00	14.15	645.93
	359.55	0.00	14.04	638.98
	359.56	0.00	13.91	626.01
	359.57	0.00	13.77	605.01
	359.58	0.00	13.91	656.10
	359.59	0.00	13.86	648.12
	359.60	0.00	13.95	674.15
	359.62	0.00	14.01	687.16
	359.63	0.00	14.05	697.17
	359.64	0.00	14.10	706.16
	359.65	0.00	14.12	709.17
	359.66	0.00	14.14	714.17
	359.67	0.00	14.14	716.17
	359.69	0.00	14.14	715.18
	359.70	0.00	14.14	715.18
	359.71	0.00	14.14	716.18
	359.72	0.00	14.15	716.17
	359.73	0.00	14.11	712.17
	359.74	0.00	14.09	706.18
	359.76	0.00	14.12	714.17
	359.77	0.00	14.16	723.18
	359.78	0.00	14.16	723.18
	359.79	0.00	14.19	730.18
	359.80	0.00	14.19	734.18
	359.81	0.00	14.16	728.18
	359.83	0.00	14.18	729.18
	359.84	0.00	14.24	741.18
	359.85	0.00	14.27	744.17
	359.86	0.00	14.26	742.17
	359.87	0.00	14.23	739.17
	359.88	0.00	14.24	742.17
	359.89	0.00	14.22	739.17
	359.91	0.00	14.20	734.17
	359.92	0.00	14.20	731.17
	359.93	0.00	14.19	733.17
	359.94	0.00	14.20	731.17
	359.95	0.00	14.21	736.17
	359.96	0.00	14.22	739.17
	359.98	0.00	14.25	742.17
	359.99	0.00	14.24	743.17
	360.00	0.00	14.30	748.16
	360.01	0.00	14.29	744.15
	360.02	0.00	14.36	750.12
	360.03	0.00	14.37	753.12
	360.05	0.00	14.40	757.11
	360.06	0.00	14.41	756.10
	360.07	0.00	14.45	761.09
	360.08	0.00	14.26	765.23
	360.09	0.00	14.13	751.24
	360.10	0.00	13.89	730.24
	360.11	0.00	12.51	616.40
	360.13	0.00	11.61	647.56
	360.14	0.00	11.26	695.65
	360.15	0.00	11.03	747.74
	360.16	0.00	10.79	797.82
	360.17	0.00	10.69	835.83
	360.18	0.00	10.69	856.80
	360.20	0.00	10.89	892.80
	360.21	0.00	10.97	928.76
	360.22	0.00	11.21	958.65
	360.23	0.00	11.39	1004.66
	360.24	0.00	11.46	1010.66
	360.25	0.00	11.54	1015.66
	360.27	0.00	11.60	1013.66
	360.28	0.00	11.67	1008.67
	360.29	0.00	11.73	1003.66
	360.30	0.00	11.76	990.65
	360.31	0.00	11.79	982.66
	360.32	0.00	11.96	1004.66
	360.34	0.00	12.32	1067.66
	360.35	0.00	12.44	1097.66
	360.36	0.00	12.61	1140.64
	360.37	0.00	12.72	1169.64
	360.38	0.00	12.80	1184.59
	360.39	0.00	12.88	1185.48
	360.41	0.00	12.77	1157.52
	360.42	0.00	12.89	1155.41
	360.43	0.00	13.10	1173.30
	360.44	0.00	13.28	1178.20
	360.45	0.00	13.41	1182.16
	360.46	0.00	13.52	1182.14
	360.48	0.00	13.60	1182.13
	360.49	0.00	13.63	1184.12
	360.50	0.00	13.72	1192.11
	360.51	0.00	13.74	1196.10
	360.52	0.00	13.77	1200.10
	360.54	0.00	13.76	1204.10
	360.55	0.00	13.74	1209.10
	360.56	0.00	13.72	1217.08
	360.57	0.00	13.64	1227.12
	360.58	0.00	13.58	1228.15
	360.59	0.00	13.53	1236.17
	360.60	0.00	13.49	1244.20
	360.61	0.00	13.46	1249.21
	360.63	0.00	13.47	1264.23
	360.64	0.00	13.48	1269.23
	360.65	0.00	13.47	1276.23
	360.66	0.00	13.48	1278.24
	360.67	0.00	13.47	1277.25
	360.69	0.00	13.46	1282.32
	360.70	0.00	13.69	1356.35
	360.71	0.00	13.79	1387.37
	360.72	0.00	13.88	1409.38
	360.73	0.00	13.94	1411.39
	360.74	0.00	13.97	1410.40
	360.76	0.00	13.99	1398.41
	360.77	0.00	14.03	1396.42
	360.78	0.00	14.07	1395.41
	360.79	0.00	14.11	1386.40
	360.80	0.00	14.18	1374.37
	360.81	0.00	14.20	1363.37
	360.83	0.00	14.20	1347.38
	360.84	0.00	14.17	1325.41
	360.85	0.00	14.20	1330.42
	360.86	0.00	14.22	1335.44
	360.87	0.00	14.29	1349.44
	360.89	0.00	14.30	1351.45
	360.90	0.00	14.33	1351.46
	360.91	0.00	14.34	1352.48
	360.92	0.00	14.38	1361.50
	360.93	0.00	14.38	1363.54
	360.94	0.00	14.45	1363.52
	360.95	0.00	14.51	1362.52
	360.97	0.00	14.56	1349.45
	360.98	0.00	14.64	1365.47
	360.99	0.00	14.69	1380.57
	361.00	0.00	14.80	1377.57
	361.01	0.00	14.82	1348.63
	361.02	0.00	14.95	1340.63
	361.04	0.00	15.29	1351.33
	361.05	0.00	15.48	1337.12
	361.06	0.00	15.57	1307.09
	361.07	0.00	15.57	1265.08
	361.08	0.00	15.77	1273.07
	361.10	0.00	15.86	1284.05
	361.11	0.00	15.91	1282.04
	361.12	0.00	15.94	1280.03
	361.13	0.00	15.98	1277.01
	361.14	0.00	16.04	1274.97
	361.15	0.00	16.08	1262.94
	361.17	0.00	16.10	1243.91
	361.18	0.00	16.14	1219.85
	361.19	0.00	16.16	1193.84
	361.20	0.00	16.11	1157.84
	361.21	0.00	16.09	1121.83
	361.22	0.00	15.96	1027.82
	361.23	0.00	15.92	987.82
	361.25	0.00	15.84	951.82
	361.26	0.00	15.77	920.81
	361.27	0.00	15.71	906.81
	361.28	0.00	15.44	871.81
	361.29	0.00	15.40	856.81
	361.30	0.00	15.35	837.80
	361.32	0.00	15.27	817.80
	361.33	0.00	15.02	797.83
	361.34	0.00	14.66	764.97
	361.35	0.00	14.36	706.99
	361.36	0.00	13.87	611.99
	361.37	0.00	13.61	586.04
	361.39	0.00	14.05	652.99
	361.40	0.00	14.25	687.99
	361.41	0.00	14.30	702.00
	361.42	0.00	14.29	703.01
	361.43	0.00	14.33	714.02
	361.44	0.00	14.35	717.02
	361.45	0.00	14.40	724.01
	361.47	0.00	14.38	718.00
	361.48	0.00	14.33	718.02
	361.49	0.00	14.33	714.02
	361.50	0.00	14.31	713.03
	361.51	0.00	14.31	713.03
	361.52	0.00	14.29	713.03
	361.54	0.00	14.28	715.05
	361.55	0.00	14.27	715.05
	361.56	0.00	14.23	710.06
	361.57	0.00	14.24	713.07
	361.58	0.00	14.22	712.08
	361.59	0.00	14.22	712.08
	361.61	0.00	14.22	716.09
	361.62	0.00	14.23	718.09
	361.63	0.00	14.24	722.09
	361.64	0.00	14.26	723.09
	361.65	0.00	14.27	726.09
	361.66	0.00	14.28	725.08
	361.68	0.00	14.29	722.06
	361.69	0.00	14.37	725.01
	361.70	0.00	14.41	732.01
	361.71	0.00	14.46	743.01
	361.72	0.00	14.50	755.01
	361.73	0.00	14.55	759.00
	361.75	0.00	14.57	762.00
	361.76	0.00	14.55	759.00
	361.77	0.00	14.56	758.99
	361.78	0.00	14.58	765.00
	361.79	0.00	14.64	782.00
	361.80	0.00	14.45	789.15
	361.82	0.00	14.06	752.28
	361.83	0.00	12.66	603.34
	361.84	0.00	11.49	594.47
	361.85	0.00	10.80	653.66
	361.86	0.00	10.34	723.83
	361.87	0.00	9.89	813.02
	361.88	0.00	9.73	870.10
	361.90	0.00	9.85	920.06
	361.91	0.00	9.96	960.03
	361.92	0.00	10.20	1014.96
	361.93	0.00	10.40	1016.92
	361.94	0.00	10.58	1016.90
	361.95	0.00	10.80	1014.82
	361.97	0.00	10.99	1007.79
	361.98	0.00	11.16	1028.78
	361.99	0.00	11.30	1020.78
	362.00	0.00	11.42	1011.78
	362.01	0.00	11.53	1001.78
	362.02	0.00	11.64	999.78
	362.04	0.00	11.73	997.78
	362.05	0.00	11.83	1000.78
	362.06	0.00	11.97	1016.79
	362.07	0.00	12.34	1080.80
	362.08	0.00	12.53	1109.82
	362.09	0.00	12.62	1128.80
	362.11	0.00	12.78	1159.80
	362.12	0.00	12.86	1167.80
	362.13	0.00	12.98	1177.80
	362.14	0.00	13.06	1183.79
	362.15	0.00	13.11	1184.79
	362.16	0.00	13.22	1193.78
	362.18	0.00	13.28	1192.77
	362.19	0.00	13.34	1194.77
	362.20	0.00	13.43	1193.77
	362.21	0.00	13.47	1190.76
	362.22	0.00	13.51	1190.76
	362.23	0.00	13.54	1186.75
	362.25	0.00	13.60	1195.75
	362.26	0.00	13.71	1220.75
	362.27	0.00	13.73	1227.75
	362.28	0.00	13.80	1232.71
	362.29	0.00	13.82	1240.74
	362.30	0.00	13.86	1242.74
	362.32	0.00	13.89	1246.73
	362.33	0.00	13.91	1250.73
	362.34	0.00	13.94	1247.72
	362.35	0.00	13.95	1246.73
	362.36	0.00	13.99	1253.71
	362.38	0.00	14.00	1251.71
	362.39	0.00	14.03	1247.70
	362.40	0.00	14.05	1253.70
	362.41	0.00	14.06	1252.69
	362.42	0.00	14.07	1256.70
	362.43	0.00	14.08	1254.69
	362.44	0.00	14.12	1265.69
	362.46	0.00	14.12	1267.69
	362.47	0.00	14.13	1267.69
	362.48	0.00	14.16	1270.68
	362.49	0.00	14.19	1275.68
	362.50	0.00	14.24	1277.63
	362.51	0.00	14.24	1270.67
	362.53	0.00	14.29	1273.65
	362.54	0.00	14.36	1265.62
	362.55	0.00	14.38	1267.62
	362.56	0.00	14.44	1223.63
	362.57	0.00	14.51	1253.57
	362.58	0.00	14.59	1238.59
	362.60	0.00	14.70	1256.65
	362.61	0.00	14.71	1245.67
	362.62	0.00	14.76	1249.66
	362.63	0.00	14.77	1230.66
	362.64	0.00	14.84	1228.63
	362.65	0.00	14.90	1225.59
	362.67	0.00	15.03	1239.52
	362.68	0.00	15.14	1222.46
	362.69	0.00	15.18	1225.45
	362.70	0.00	15.18	1227.50
	362.71	0.00	15.34	1229.37
	362.72	0.00	15.49	1217.22
	362.74	0.00	15.58	1204.11
	362.75	0.00	15.65	1203.08
	362.76	0.00	15.68	1174.07
	362.77	0.00	15.69	1167.07
	362.78	0.00	15.72	1162.05
	362.80	0.00	15.75	1156.02
	362.81	0.00	15.82	1148.97
	362.82	0.00	15.84	1133.95
	362.83	0.00	15.87	1116.91
	362.84	0.00	15.90	1099.87
	362.85	0.00	15.90	1077.86
	362.86	0.00	15.91	1066.85
	362.88	0.00	15.89	1041.84
	362.89	0.00	15.82	1007.84
	362.90	0.00	15.81	966.83
	362.91	0.00	15.77	938.83
	362.92	0.00	15.72	912.82
	362.94	0.00	15.59	869.82
	362.95	0.00	15.52	834.81
	362.96	0.00	15.44	816.81
	362.97	0.00	15.13	780.81
	362.98	0.00	15.09	767.81
	362.99	0.00	14.90	744.81
	363.00	0.00	14.73	731.85
	363.02	0.00	14.43	702.96
	363.03	0.00	14.29	686.98
	363.04	0.00	14.17	666.99
	363.05	0.00	14.06	653.99
	363.06	0.00	14.08	663.01
	363.07	0.00	14.07	666.03
	363.08	0.00	14.14	671.00
	363.10	0.00	14.15	671.99
	363.11	0.00	14.18	677.99
	363.12	0.00	14.18	679.00
	363.13	0.00	14.15	679.02
	363.14	0.00	14.13	678.03
	363.16	0.00	14.18	688.03
	363.17	0.00	14.18	686.02
	363.18	0.00	14.17	684.02
	363.19	0.00	14.21	696.03
	363.20	0.00	14.24	696.02
	363.21	0.00	14.23	694.03
	363.23	0.00	14.23	701.03
	363.24	0.00	14.23	701.03
	363.25	0.00	14.25	705.03
	363.26	0.00	14.29	706.01
	363.27	0.00	14.29	706.01
	363.28	0.00	14.30	706.00
	363.29	0.00	14.31	711.01
	363.30	0.00	14.33	715.01
	363.32	0.00	14.31	710.00
	363.33	0.00	14.32	713.01
	363.34	0.00	14.31	713.01
	363.35	0.00	14.32	714.01
	363.36	0.00	14.33	716.01
	363.38	0.00	14.36	714.00
	363.39	0.00	14.38	723.00
	363.40	0.00	14.37	721.00
	363.41	0.00	14.37	718.99
	363.42	0.00	14.39	725.00
	363.43	0.00	14.38	724.00
	363.45	0.00	14.39	726.00
	363.46	0.00	14.39	725.00
	363.47	0.00	14.40	728.00
	363.48	0.00	14.39	726.01
	363.49	0.00	13.98	729.26
	363.50	0.00	13.70	696.29
	363.51	0.00	12.77	598.38
	363.53	0.00	12.35	635.48
	363.54	0.00	11.81	668.62
	363.55	0.00	11.45	687.69
	363.56	0.00	11.20	726.77
	363.57	0.00	10.99	754.82
	363.58	0.00	10.96	790.85
	363.60	0.00	10.98	828.87
	363.61	0.00	11.06	868.88
	363.62	0.00	11.17	900.85
	363.63	0.00	11.19	936.84
	363.64	0.00	11.26	951.83
	363.65	0.00	11.32	961.81
	363.67	0.00	11.37	969.80
	363.68	0.00	11.47	969.74
	363.69	0.00	11.52	969.76
	363.70	0.00	11.58	964.74
	363.71	0.00	11.65	963.74
	363.72	0.00	11.69	962.74
	363.73	0.00	11.74	959.74
	363.75	0.00	11.79	955.74
	363.76	0.00	11.84	960.75
	363.77	0.00	11.94	964.73
	363.78	0.00	11.94	956.73
	363.79	0.00	12.01	957.73
	363.80	0.00	12.06	962.73
	363.82	0.00	12.12	965.73
	363.83	0.00	12.21	965.68
	363.84	0.00	12.29	974.73
	363.85	0.00	12.36	995.73
	363.86	0.00	12.40	986.72
	363.88	0.00	12.45	975.71
	363.89	0.00	12.55	975.71
	363.90	0.00	12.66	966.66
	363.91	0.00	12.68	958.70
	363.92	0.00	12.85	950.70
	363.93	0.00	12.94	953.70
	363.94	0.00	13.00	951.70
	363.96	0.00	13.08	952.70
	363.97	0.00	13.14	956.70
	363.98	0.00	13.17	955.69
	363.99	0.00	13.24	963.69
	364.00	0.00	13.31	961.69
	364.01	0.00	13.36	962.69
	364.02	0.00	13.36	966.68
	364.04	0.00	13.39	973.68
	364.05	0.00	13.40	971.66
	364.06	0.00	13.39	973.69
	364.07	0.00	13.48	1002.68
	364.08	0.00	13.50	1008.68
	364.09	0.00	13.74	1035.67
	364.11	0.00	13.80	1051.67
	364.12	0.00	13.84	1058.67
	364.13	0.00	13.86	1058.66
	364.14	0.00	13.90	1067.67
	364.15	0.00	13.95	1068.66
	364.16	0.00	13.97	1073.66
	364.18	0.00	14.03	1074.66
	364.19	0.00	14.08	1070.65
	364.20	0.00	14.11	1066.65
	364.21	0.00	14.15	1067.65
	364.22	0.00	14.17	1065.64
	364.23	0.00	14.19	1063.63
	364.25	0.00	14.21	1063.63
	364.26	0.00	14.23	1058.62
	364.27	0.00	14.23	1058.62
	364.28	0.00	14.23	1057.62
	364.29	0.00	14.22	1057.62
	364.30	0.00	14.23	1057.62
	364.32	0.00	14.21	1054.62
	364.33	0.00	14.19	1049.62
	364.34	0.00	14.19	1045.63
	364.35	0.00	14.14	1035.63
	364.36	0.00	14.11	1037.64
	364.37	0.00	14.03	1021.64
	364.39	0.00	13.94	1009.65
	364.40	0.00	13.90	1010.65
	364.41	0.00	13.85	1001.66
	364.42	0.00	13.80	999.66
	364.43	0.00	13.77	995.66
	364.44	0.00	13.74	989.66
	364.45	0.00	13.72	991.67
	364.47	0.00	13.67	980.67
	364.48	0.00	13.44	953.67
	364.49	0.00	13.40	932.66
	364.50	0.00	13.36	892.66
	364.51	0.00	13.38	882.66
	364.52	0.00	13.41	875.65
	364.54	0.00	13.47	866.63
	364.55	0.00	13.52	855.62
	364.56	0.00	13.63	849.60
	364.57	0.00	13.72	842.54
	364.58	0.00	13.88	839.44
	364.59	0.00	13.89	841.48
	364.61	0.00	13.97	841.42
	364.62	0.00	14.01	836.38
	364.63	0.00	14.01	835.38
	364.64	0.00	14.00	836.38
	364.65	0.00	13.98	833.38
	364.66	0.00	13.99	834.38
	364.67	0.00	14.00	834.38
	364.69	0.00	14.02	835.38
	364.70	0.00	14.02	835.39
	364.71	0.00	14.03	837.39
	364.72	0.00	14.05	833.37
	364.73	0.00	14.07	841.37
	364.74	0.00	14.08	837.36
	364.76	0.00	14.08	834.36
	364.77	0.00	14.08	835.36
	364.78	0.00	14.08	835.36
	364.79	0.00	14.07	835.37
	364.80	0.00	14.34	858.36
	364.81	0.00	14.35	866.37
	364.83	0.00	14.37	865.37
	364.84	0.00	14.41	868.36
	364.85	0.00	14.46	880.36
	364.86	0.00	14.48	880.35
	364.87	0.00	14.53	885.35
	364.88	0.00	14.52	889.36
	364.90	0.00	14.56	890.34
	364.91	0.00	14.59	884.33
	364.92	0.00	14.59	888.33
	364.93	0.00	14.61	887.33
	364.94	0.00	14.60	890.33
	364.95	0.00	14.61	888.33
	364.97	0.00	14.61	891.34
	364.98	0.00	14.58	892.35
	364.99	0.00	14.56	891.35
	365.00	0.00	14.58	897.36
	365.01	0.00	14.57	900.36
	365.02	0.00	14.56	902.37
	365.04	0.00	14.57	906.37
	365.05	0.00	14.56	908.38
	365.06	0.00	14.57	909.38
	365.07	0.00	14.57	911.38
	365.08	0.00	14.57	912.38
	365.09	0.00	14.56	915.39
	365.11	0.00	14.56	918.39
	365.12	0.00	14.53	920.40
	365.13	0.00	14.51	918.41
	365.14	0.00	14.49	918.40
	365.15	0.00	14.43	918.42
	365.16	0.00	14.42	919.43
	365.17	0.00	14.41	919.44
	365.19	0.00	14.38	922.45
	365.20	0.00	14.36	920.46
	365.21	0.00	14.33	921.47
	365.22	0.00	14.30	919.48
	365.23	0.00	14.30	919.45
	365.25	0.00	14.24	920.50
	365.26	0.00	14.17	909.51
	365.27	0.00	14.11	911.51
	365.28	0.00	14.06	911.52
	365.29	0.00	13.79	888.52
	365.30	0.00	13.74	886.53
	365.32	0.00	13.73	886.53
	365.33	0.00	13.74	884.50
	365.34	0.00	13.69	885.54
	365.35	0.00	13.70	888.54
	365.36	0.00	13.70	887.54
	365.37	0.00	13.69	886.54
	365.38	0.00	13.71	889.54
	365.39	0.00	13.70	887.54
	365.41	0.00	13.69	887.55
	365.42	0.00	13.93	907.54
	365.43	0.00	13.93	909.54
	365.44	0.00	13.93	907.54
	365.45	0.00	13.93	908.54
	365.47	0.00	13.96	909.53
	365.48	0.00	13.95	908.53
	365.49	0.00	13.95	908.53
	365.50	0.00	13.96	909.54
	365.51	0.00	13.97	907.53
	365.52	0.00	13.98	908.53
	365.54	0.00	13.99	908.53
	365.55	0.00	13.98	907.53
	365.56	0.00	13.98	905.53
	365.57	0.00	14.00	907.53
	365.58	0.00	14.00	908.53
	365.59	0.00	14.01	907.52
	365.60	0.00	14.05	911.52
	365.62	0.00	14.04	904.52
	365.63	0.00	14.06	906.52
	365.64	0.00	14.07	906.52
	365.65	0.00	14.09	907.52
	365.66	0.00	14.09	905.51
	365.67	0.00	14.11	908.51
	365.69	0.00	14.13	908.49
	365.70	0.00	14.10	906.51
	365.71	0.00	14.12	911.51
	365.72	0.00	14.11	908.51
	365.73	0.00	14.11	908.51
	365.74	0.00	14.11	908.51
	365.76	0.00	14.11	908.51
	365.77	0.00	14.14	911.49
	365.78	0.00	14.14	908.51
	365.79	0.00	14.16	912.50
	365.80	0.00	14.14	904.50
	365.81	0.00	14.16	909.50
	365.83	0.00	14.18	912.50
	365.84	0.00	14.18	910.50
	365.85	0.00	14.19	909.50
	365.86	0.00	14.19	908.51
	365.87	0.00	14.21	910.50
	365.88	0.00	14.21	905.49
	365.89	0.00	14.23	906.49
	365.91	0.00	14.24	906.49
	365.92	0.00	14.24	905.49
	365.93	0.00	14.23	904.49
	365.94	0.00	14.24	904.49
	365.95	0.00	14.29	904.45
	365.97	0.00	14.25	905.48
	365.98	0.00	14.27	908.48
	365.99	0.00	14.26	906.48
	366.00	0.00	14.26	904.48
	366.01	0.00	14.26	905.48
	366.02	0.00	14.25	906.48
	366.03	0.00	14.25	906.48
	366.05	0.00	14.25	906.48
	366.06	0.00	14.24	903.48
	366.07	0.00	14.25	907.48
	366.08	0.00	14.23	906.48
	366.09	0.00	14.22	908.49
	366.10	0.00	14.22	909.49
	366.11	0.00	14.20	910.49
	366.13	0.00	14.20	911.49
	366.14	0.00	14.17	910.49
	366.15	0.00	14.18	907.49
	366.16	0.00	14.18	917.49
	366.17	0.00	14.19	914.49
	366.19	0.00	14.18	912.49
	366.20	0.00	14.18	912.49
	366.21	0.00	14.17	912.49
	366.22	0.00	14.15	911.49
	366.23	0.00	14.14	911.50
	366.24	0.00	14.15	913.50
	366.26	0.00	14.14	911.50
	366.27	0.00	14.15	912.50
	366.28	0.00	14.15	912.50
	366.29	0.00	14.15	913.50
	366.30	0.00	14.14	911.50
	366.31	0.00	14.14	911.50
	366.32	0.00	14.16	912.49
	366.34	0.00	14.13	911.50
	366.35	0.00	14.16	911.50
	366.36	0.00	14.15	910.49
	366.37	0.00	14.13	912.50
	366.38	0.00	14.14	914.50
	366.39	0.00	14.15	913.50
	366.41	0.00	14.15	913.49
	366.42	0.00	14.14	917.50
	366.43	0.00	14.13	912.50
	366.44	0.00	14.15	916.49
	366.45	0.00	14.13	914.50
	366.46	0.00	14.13	915.50
	366.48	0.00	14.13	915.50
	366.49	0.00	14.14	916.51
	366.50	0.00	14.16	916.49
	366.51	0.00	14.15	917.50
	366.52	0.00	14.13	914.50
	366.53	0.00	14.13	916.50
	366.55	0.00	14.14	918.50
	366.56	0.00	14.13	915.50
	366.57	0.00	14.14	916.50
	366.58	0.00	14.18	916.47
	366.59	0.00	14.14	916.50
	366.60	0.00	14.15	915.50
	366.61	0.00	14.16	913.49
	366.63	0.00	14.17	914.49
	366.64	0.00	14.18	915.49
	366.65	0.00	14.17	913.49
	366.66	0.00	14.18	913.49
	366.67	0.00	14.18	913.49
	366.69	0.00	14.20	915.48
	366.70	0.00	14.21	918.48
	366.71	0.00	14.19	914.48
	366.72	0.00	14.19	914.48
	366.73	0.00	14.19	914.48
	366.74	0.00	14.20	915.48
	366.75	0.00	14.20	915.48
	366.77	0.00	14.19	914.49
	366.78	0.00	14.19	911.48
	366.79	0.00	14.20	913.48
	366.80	0.00	14.21	916.48
	366.81	0.00	14.21	914.48
	366.82	0.00	14.21	917.48
	366.83	0.00	14.20	914.48
	366.85	0.00	14.24	914.44
	366.86	0.00	14.20	915.49
	366.87	0.00	14.22	919.48
	366.88	0.00	14.21	918.48
	366.89	0.00	14.21	916.48
	366.91	0.00	14.21	914.48
	366.92	0.00	14.20	916.48
	366.93	0.00	14.21	916.48
	366.94	0.00	14.21	914.48
	366.95	0.00	14.23	913.48
	366.96	0.00	14.21	913.48
	366.97	0.00	14.22	915.48
	366.99	0.00	14.22	913.48
	367.00	0.00	14.24	915.47
	367.01	0.00	14.24	914.48
	367.02	0.00	14.24	912.48
	367.03	0.00	14.24	912.48
	367.04	0.00	14.24	914.48
	367.06	0.00	14.25	914.48
	367.07	0.00	14.24	912.48
	367.08	0.00	14.26	914.48
	367.09	0.00	14.25	912.48
	367.10	0.00	14.25	912.48
	367.11	0.00	14.28	909.46
	367.13	0.00	14.27	912.48
	367.14	0.00	14.27	911.47
	367.15	0.00	14.29	912.47
	367.16	0.00	14.30	912.47
	367.17	0.00	14.28	912.47
	367.18	0.00	14.30	912.47
	367.20	0.00	14.28	913.47
	367.21	0.00	14.27	913.48
	367.22	0.00	14.27	912.48
	367.23	0.00	14.28	914.47
	367.24	0.00	14.28	913.47
	367.25	0.00	14.27	913.47
	367.27	0.00	14.27	914.47
	367.28	0.00	14.27	914.47
	367.29	0.00	14.27	915.48
	367.30	0.00	14.25	914.48
	367.31	0.00	14.26	916.48
	367.32	0.00	14.24	915.48
	367.33	0.00	14.24	914.48
	367.35	0.00	14.26	917.48
	367.36	0.00	14.24	917.48
	367.37	0.00	14.24	917.48
	367.38	0.00	14.24	918.48
	367.39	0.00	14.27	919.44
	367.41	0.00	14.22	919.48
	367.42	0.00	14.22	918.48
	367.43	0.00	14.22	918.48
	367.44	0.00	14.21	920.49
	367.45	0.00	14.21	918.48
	367.46	0.00	14.22	918.48
	367.47	0.00	14.22	919.48
	367.48	0.00	14.21	920.49
	367.50	0.00	14.23	921.48
	367.51	0.00	14.22	921.48
	367.52	0.00	14.21	920.49
	367.53	0.00	14.20	917.48
	367.54	0.00	14.22	918.48
	367.55	0.00	14.22	920.48
	367.57	0.00	14.22	919.49
	367.58	1.00	14.21	918.49
	367.59	1.00	14.25	920.48
	367.60	1.00	14.23	917.48
	367.61	1.00	14.24	920.48
	367.63	1.00	14.23	919.48
	367.64	1.00	14.24	920.48
	367.65	1.00	14.24	920.48
	367.66	1.00	14.24	919.48
	367.67	1.00	14.24	919.48
	367.68	1.00	14.24	917.48
	367.70	1.00	14.26	919.48
	367.71	1.00	14.26	917.48
	367.72	1.00	14.28	919.48
	367.73	1.00	14.27	919.48
	367.74	1.00	14.29	919.48
	367.75	1.00	14.28	918.48
	367.77	0.00	14.30	918.48
	367.78	0.00	14.29	921.48
	367.79	0.00	14.29	920.48
	367.80	0.00	14.29	919.48
	367.81	0.00	14.29	919.48
	367.82	0.00	14.28	918.48
	367.83	0.00	14.29	920.48
	367.85	0.00	14.28	920.49
	367.86	0.00	14.28	921.48
	367.87	0.00	14.29	922.48
	367.88	0.00	14.28	921.48
	367.89	0.00	14.28	921.48
	367.90	0.00	14.29	922.48
	367.92	0.00	14.27	921.48
	367.93	0.00	14.27	921.48
	367.94	0.00	14.26	921.48
	367.95	0.00	14.26	922.48
	367.96	0.00	14.24	921.48
	367.97	0.00	14.25	922.48
	367.98	0.00	14.25	925.48
	368.00	0.00	14.22	927.49
	368.01	0.00	14.23	929.49
	368.02	0.00	14.18	931.51
	368.03	0.00	14.17	931.50
	368.04	0.00	14.13	933.51
	368.05	0.00	14.08	932.52
	368.07	0.00	14.05	938.53
	368.08	0.00	14.03	940.53
	368.09	0.00	14.00	942.54
	368.10	0.00	13.99	943.54
	368.11	0.00	13.94	944.55
	368.12	0.00	13.92	947.56
	368.14	0.00	13.91	950.56
	368.15	0.00	13.90	953.56
	368.16	0.00	13.67	933.57
	368.17	0.00	13.90	955.57
	368.18	0.00	13.88	954.57
	368.19	0.00	13.88	956.58
	368.20	0.00	13.92	958.54
	368.22	0.00	13.84	952.58
	368.23	0.00	13.88	961.58
	368.24	0.00	13.89	961.58
	368.25	0.00	13.91	962.58
	368.26	0.00	13.93	962.58
	368.27	0.00	13.96	964.57
	368.29	0.00	14.00	970.58
	368.30	0.00	14.08	983.57
	368.31	0.00	14.14	986.57
	368.32	0.00	14.18	985.57
	368.33	0.00	14.25	984.56
	368.35	0.00	14.28	978.56
	368.36	0.00	14.36	984.55
	368.37	0.00	14.40	984.54
	368.38	0.00	14.48	979.53
	368.39	0.00	14.53	979.52
	368.40	0.00	14.62	977.49
	368.41	0.00	14.69	969.47
	368.43	0.00	14.75	969.44
	368.44	0.00	14.83	965.40
	368.45	0.00	15.01	963.24
	368.46	0.00	15.16	954.12
	368.47	0.00	15.19	953.10
	368.48	0.00	15.19	945.08
	368.50	0.00	15.21	927.05
	368.51	0.00	15.17	909.04
	368.52	0.00	15.10	861.03
	368.53	0.00	15.00	819.99
	368.54	0.00	14.76	748.96
	368.55	0.00	14.56	697.94
	368.57	0.00	14.23	618.91
	368.58	0.00	13.80	552.91
	368.59	0.00	13.26	515.91
	368.60	0.00	13.25	512.91
	368.61	0.00	13.20	513.93
	368.62	0.00	13.64	572.95
	368.63	0.00	13.73	595.98
	368.65	0.00	13.74	612.00
	368.66	0.00	13.73	608.00
	368.67	0.00	13.69	597.98
	368.68	0.00	13.63	588.99
	368.69	0.00	13.63	588.99
	368.70	0.00	13.67	594.99
	368.72	0.00	13.74	607.99
	368.73	0.00	13.83	623.00
	368.74	0.00	13.88	634.00
	368.75	0.00	13.91	645.01
	368.76	0.00	13.95	653.01
	368.77	0.00	14.01	663.01
	368.79	0.00	13.93	653.01
	368.80	0.00	13.90	649.01
	368.81	0.00	13.93	657.01
	368.82	0.00	13.97	665.01
	368.83	0.00	14.00	671.01
	368.84	0.00	14.02	673.00
	368.86	0.00	14.07	687.01
	368.87	0.00	14.07	688.01
	368.88	0.00	14.12	697.01
	368.89	0.00	14.14	706.02
	368.90	0.00	14.20	718.02
	368.91	0.00	14.27	732.02
	368.92	0.00	14.29	737.02
	368.94	0.00	14.31	740.02
	368.95	0.00	14.45	777.00
	368.96	0.00	14.39	761.97
	368.97	0.00	14.46	766.94
	368.98	0.00	14.94	876.92
	368.99	0.00	15.13	961.96
	369.01	0.00	15.12	998.02
	369.02	0.00	14.78	1026.28
	369.03	0.00	14.49	1058.43
	369.04	0.00	14.25	1080.51
	369.05	0.00	14.24	1094.53
	369.06	0.00	14.23	1097.55
	369.08	0.00	14.20	1112.57
	369.09	0.00	14.13	1125.61
	369.10	0.00	14.06	1132.66
	369.11	0.00	14.00	1170.70
	369.12	0.00	13.93	1176.72
	369.13	0.00	13.86	1182.78
	369.14	0.00	13.80	1183.81
	369.16	0.00	13.77	1184.83
	369.17	0.00	13.70	1179.87
	369.18	0.00	13.67	1176.87
	369.19	0.00	13.62	1172.88
	369.20	0.00	13.60	1168.88
	369.22	0.00	13.59	1163.88
	369.23	0.00	13.57	1158.88
	369.24	0.00	13.54	1153.88
	369.25	0.00	13.48	1138.89
	369.26	0.00	13.48	1136.88
	369.27	0.00	13.45	1134.88
	369.29	0.00	13.44	1133.88
	369.30	0.00	13.45	1135.88
	369.31	0.00	13.49	1137.82
	369.32	0.00	13.52	1140.81
	369.33	0.00	13.53	1143.80
	369.34	0.00	13.55	1147.80
	369.36	0.00	13.56	1147.80
	369.37	0.00	13.61	1153.80
	369.38	0.00	13.63	1151.80
	369.39	0.00	13.68	1174.79
	369.40	0.00	13.71	1169.79
	369.42	0.00	13.73	1169.79
	369.43	0.00	13.76	1165.78
	369.44	0.00	13.82	1162.78
	369.45	0.00	13.85	1160.77
	369.46	0.00	13.92	1157.74
	369.47	0.00	13.91	1155.77
	369.48	0.00	13.98	1152.73
	369.50	0.00	13.95	1150.72
	369.51	0.00	13.96	1147.72
	369.52	0.00	13.95	1149.72
	369.53	0.00	13.92	1149.73
	369.54	0.00	13.91	1152.73
	369.55	0.00	13.87	1157.72
	369.57	0.00	13.87	1156.70
	369.58	0.00	13.82	1159.72
	369.59	0.00	13.81	1159.70
	369.60	0.00	13.79	1157.68
	369.61	0.00	13.74	1154.69
	369.63	0.00	13.69	1148.67
	369.64	0.00	13.66	1139.66
	369.65	0.00	13.64	1113.66
	369.66	0.00	13.59	1103.65
	369.67	0.00	13.54	1088.65
	369.68	0.00	13.47	1070.65
	369.70	0.00	13.38	1050.65
	369.71	0.00	13.37	1036.65
	369.72	0.00	13.31	1034.65
	369.73	0.00	13.28	1027.65
	369.74	0.00	13.24	1019.65
	369.75	0.00	13.16	1002.66
	369.77	0.00	13.16	1001.64
	369.78	0.00	13.19	1013.66
	369.79	0.00	13.23	1021.66
	369.80	0.00	13.24	1022.66
	369.81	0.00	13.23	1020.66
	369.82	0.00	13.19	1007.66
	369.83	0.00	13.02	962.66
	369.85	0.00	12.74	897.67
	369.86	0.00	12.48	833.66
	369.87	0.00	12.25	788.68
	369.88	0.00	12.17	776.71
	369.89	0.00	12.12	767.72
	369.91	0.00	12.12	758.73
	369.92	0.00	12.17	751.72
	369.93	0.00	12.26	740.64
	369.94	0.00	12.36	726.61
	369.95	0.00	12.52	712.60
	369.96	0.00	12.81	687.58
	369.98	0.00	12.95	676.56
	369.99	0.00	13.04	672.53
	370.00	0.00	13.13	667.49
	370.01	0.00	13.26	662.43
	370.02	0.00	13.40	655.35
	370.03	0.00	13.46	647.30
	370.04	0.00	13.48	644.27
	370.06	0.00	13.48	638.24
	370.07	0.00	13.43	630.24
	370.08	0.00	13.54	625.13
	370.09	0.00	13.71	642.07
	370.10	0.00	13.62	629.08
	370.11	0.00	13.62	632.10
	370.13	0.00	13.63	639.11
	370.14	0.00	13.78	668.12
	370.15	0.00	13.90	688.12
	370.16	0.00	14.01	711.12
	370.17	0.00	14.11	729.12
	370.18	0.00	14.16	739.12
	370.20	0.00	14.22	747.11
	370.21	0.00	14.24	749.11
	370.22	0.00	14.25	752.11
	370.23	0.00	14.24	750.11
	370.24	0.00	14.26	752.10
	370.25	0.00	14.28	757.11
	370.27	0.00	14.29	756.10
	370.28	0.00	14.32	763.10
	370.29	0.00	14.32	765.10
	370.30	0.00	14.45	797.07
	370.31	0.00	14.52	885.19
	370.32	0.00	14.42	909.29
	370.33	0.00	14.15	943.38
	370.35	0.00	13.99	983.46
	370.36	0.00	14.03	1005.48
	370.37	0.00	14.04	1026.49
	370.38	0.00	14.03	1042.51
	370.39	0.00	13.98	1066.53
	370.41	0.00	13.95	1092.56
	370.42	0.00	13.83	1119.60
	370.43	0.00	13.75	1155.61
	370.44	0.00	13.72	1167.63
	370.45	0.00	13.64	1178.64
	370.46	0.00	13.63	1185.64
	370.48	0.00	13.60	1189.64
	370.49	0.00	13.62	1187.64
	370.50	0.00	13.64	1191.64
	370.51	0.00	13.61	1183.64
	370.52	0.00	13.65	1188.64
	370.53	0.00	13.66	1193.63
	370.55	0.00	13.66	1194.63
	370.56	0.00	13.63	1213.63
	370.57	0.00	13.61	1217.64
	370.58	0.00	13.62	1217.63
	370.59	0.00	13.58	1224.63
	370.60	0.00	13.56	1235.63
	370.61	0.00	13.54	1244.64
	370.63	0.00	13.51	1253.64
	370.64	0.00	13.47	1259.64
	370.65	0.00	13.47	1266.64
	370.66	0.00	13.45	1277.65
	370.67	0.00	13.43	1280.65
	370.69	0.00	13.42	1285.65
	370.70	0.00	13.40	1287.65
	370.71	0.00	13.39	1289.65
	370.72	0.00	13.39	1290.65
	370.73	0.00	13.42	1285.64
	370.74	0.00	13.43	1278.64
	370.76	0.00	13.47	1275.64
	370.77	0.00	13.47	1261.64
	370.78	0.00	13.50	1260.64
	370.79	0.00	13.53	1255.64
	370.80	0.00	13.52	1253.64
	370.81	0.00	13.53	1246.64
	370.83	0.00	13.52	1242.64
	370.84	0.00	13.49	1235.64
	370.85	0.00	13.49	1235.64
	370.86	0.00	13.47	1231.65
	370.87	0.00	13.47	1208.64
	370.88	0.00	13.44	1205.65
	370.89	0.00	13.46	1203.65
	370.91	0.00	13.45	1199.65
	370.92	0.00	13.47	1203.65
	370.93	0.00	13.49	1196.62
	370.94	0.00	13.48	1191.65
	370.95	0.00	13.48	1186.65
	370.97	0.00	13.50	1182.64
	370.98	0.00	13.53	1178.64
	370.99	0.00	13.56	1172.64
	371.00	0.00	13.60	1163.64
	371.01	0.00	13.62	1161.64
	371.02	0.00	13.67	1156.64
	371.04	0.00	13.67	1151.64
	371.05	0.00	13.69	1149.64
	371.06	0.00	13.71	1147.63
	371.07	0.00	13.74	1144.63
	371.08	0.00	13.74	1139.63
	371.10	0.00	13.74	1137.63
	371.11	0.00	13.78	1134.59
	371.12	0.00	13.76	1135.62
	371.13	0.00	13.79	1129.62
	371.14	0.00	13.79	1128.62
	371.15	0.00	13.80	1126.62
	371.17	0.00	13.82	1126.62
	371.18	0.00	13.81	1123.62
	371.19	0.00	13.82	1124.62
	371.20	0.00	13.84	1123.61
	371.21	0.00	13.84	1120.61
	371.22	0.00	13.91	1100.61
	371.23	0.00	13.92	1100.61
	371.25	0.00	13.94	1099.60
	371.26	0.00	13.93	1096.60
	371.27	0.00	13.95	1101.60
	371.28	0.00	13.97	1098.59
	371.29	0.00	13.97	1101.60
	371.30	0.00	13.96	1099.60
	371.32	0.00	13.96	1102.60
	371.33	0.00	13.95	1102.60
	371.34	0.00	13.95	1102.60
	371.35	0.00	13.97	1102.60
	371.36	0.00	13.97	1100.59
	371.38	0.00	13.96	1101.59
	371.39	0.00	13.96	1102.59
	371.40	0.00	13.94	1099.60
	371.41	0.00	13.94	1101.60
	371.42	0.00	13.93	1099.60
	371.43	0.00	13.93	1099.60
	371.45	0.00	13.93	1100.60
	371.46	0.00	13.91	1099.59
	371.47	0.00	13.92	1099.59
	371.48	0.00	13.92	1103.60
	371.49	0.00	13.93	1109.60
	371.51	0.00	13.94	1112.60
	371.52	0.00	13.93	1113.60
	371.53	0.00	13.93	1112.59
	371.54	0.00	13.92	1111.60
	371.55	0.00	13.91	1109.59
	371.56	0.00	13.86	1099.60
	371.58	0.00	13.91	1120.60
	371.59	0.00	13.94	1141.60
	371.60	0.00	13.99	1167.61
	371.61	0.00	13.57	1084.67
	371.62	0.00	13.02	973.69
	371.63	0.00	12.85	944.69
	371.64	0.00	12.70	923.69
	371.66	0.00	12.63	914.70
	371.67	0.00	12.69	928.70
	371.68	0.00	12.77	940.69
	371.69	0.00	12.89	959.68
	371.70	0.00	13.05	967.60
	371.72	0.00	13.23	985.57
	371.73	0.00	13.39	1010.59
	371.74	0.00	13.52	1024.59
	371.75	0.00	13.57	1030.59
	371.76	0.00	13.65	1037.58
	371.77	0.00	13.69	1045.58
	371.79	0.00	13.73	1049.58
	371.80	0.00	13.75	1055.59
	371.81	0.00	13.78	1061.58
	371.82	0.00	13.79	1061.57
	371.83	0.00	13.82	1066.57
	371.84	0.00	13.83	1068.57
	371.86	0.00	13.83	1071.57
	371.87	0.00	13.84	1073.57
	371.88	0.00	13.83	1078.58
	371.89	0.00	13.82	1080.58
	371.90	0.00	13.80	1081.58
	371.91	0.00	13.80	1087.58
	371.93	0.00	13.75	1109.58
	371.94	0.00	13.74	1112.58
	371.95	0.00	13.74	1119.58
	371.96	0.00	13.70	1119.59
	371.97	0.00	13.69	1123.59
	371.98	0.00	13.70	1127.57
	372.00	0.00	13.66	1125.59
	372.01	0.00	13.67	1130.59
	372.02	0.00	13.65	1126.59
	372.03	0.00	13.64	1129.59
	372.04	0.00	13.65	1129.59
	372.05	0.00	13.64	1131.59
	372.07	0.00	13.64	1130.60
	372.08	0.00	13.65	1128.59
	372.09	0.00	13.67	1131.59
	372.10	0.00	13.70	1133.59
	372.11	0.00	13.71	1129.59
	372.12	0.00	13.72	1126.59
	372.14	0.00	13.71	1121.59
	372.15	0.00	13.74	1123.59
	372.16	0.00	13.78	1121.58
	372.17	0.00	13.78	1120.59
	372.18	0.00	13.83	1118.58
	372.20	0.00	13.85	1117.58
	372.21	0.00	13.89	1118.57
	372.22	0.00	13.97	1099.57
	372.23	0.00	13.97	1094.57
	372.24	0.00	13.99	1097.57
	372.25	0.00	13.99	1098.57
	372.27	0.00	14.01	1098.57
	372.28	0.00	14.03	1100.56
	372.29	0.00	14.02	1099.56
	372.30	0.00	14.02	1099.56
	372.31	0.00	14.02	1096.56
	372.32	0.00	14.04	1101.56
	372.33	0.00	14.05	1100.56
	372.35	0.00	14.05	1101.56
	372.36	0.00	14.08	1102.53
	372.37	0.00	14.05	1101.56
	372.38	0.00	14.05	1101.56
	372.39	0.00	14.07	1105.56
	372.41	0.00	14.06	1103.56
	372.42	0.00	14.07	1107.56
	372.43	0.00	14.07	1105.56
	372.44	0.00	14.07	1107.56
	372.45	0.00	14.09	1106.54
	372.46	0.00	14.09	1109.56
	372.48	0.00	14.09	1108.56
	372.49	0.00	14.09	1108.56
	372.50	0.00	14.11	1112.55
	372.51	0.00	14.11	1111.55
	372.52	0.00	14.11	1110.55
	372.54	0.00	14.12	1108.55
	372.55	0.00	14.11	1110.56
	372.56	0.00	14.13	1109.55
	372.57	0.00	14.11	1110.55
	372.58	0.00	14.12	1110.55
	372.59	0.00	14.12	1109.55
	372.60	0.00	14.13	1111.55
	372.62	0.00	14.11	1105.55
	372.63	0.00	14.12	1110.55
	372.64	0.00	14.12	1112.55
	372.65	0.00	14.12	1111.55
	372.66	0.00	14.12	1111.55
	372.67	0.00	14.13	1114.55
	372.69	0.00	14.13	1114.55
	372.70	0.00	14.13	1112.55
	372.71	0.00	14.14	1114.55
	372.72	0.00	14.13	1112.55
	372.73	0.00	14.13	1113.55
	372.75	0.00	14.15	1112.55
	372.76	0.00	14.14	1115.55
	372.77	0.00	14.14	1112.55
	372.78	0.00	14.15	1111.55
	372.79	0.00	14.17	1114.54
	372.80	0.00	14.17	1116.54
	372.82	0.00	14.18	1114.54
	372.83	0.00	14.16	1113.56
	372.84	0.00	14.16	1112.55
	372.85	0.00	14.19	1115.54
	372.86	0.00	14.19	1112.54
	372.87	0.00	14.19	1112.54
	372.89	0.00	14.22	1112.54
	372.90	0.00	14.21	1110.54
	372.91	0.00	14.22	1112.54
	372.92	0.00	14.21	1114.54
	372.93	0.00	14.23	1112.53
	372.94	0.00	14.24	1113.53
	372.96	0.00	14.24	1111.53
	372.97	0.00	14.24	1112.53
	372.98	0.00	14.26	1116.53
	372.99	0.00	14.25	1113.53
	373.00	0.00	14.25	1112.53
	373.01	0.00	14.25	1114.53
	373.03	0.00	14.26	1117.53
	373.04	0.00	14.25	1112.53
	373.05	0.00	14.24	1114.53
	373.06	0.00	14.25	1114.53
	373.07	0.00	14.26	1112.53
	373.08	0.00	14.27	1115.53
	373.10	0.00	14.27	1113.53
	373.11	0.00	14.27	1115.53
	373.12	0.00	14.27	1113.52
	373.13	0.00	14.26	1111.53
	373.14	0.00	14.26	1112.53
	373.15	0.00	14.28	1114.52
	373.17	0.00	14.27	1115.52
	373.18	0.00	14.27	1114.52
	373.19	0.00	14.28	1116.52
	373.20	0.00	14.28	1116.52
	373.21	0.00	14.27	1116.53
	373.23	0.00	14.28	1116.52
	373.24	0.00	14.27	1114.52
	373.25	0.00	14.28	1115.52
	373.26	0.00	14.28	1116.52
	373.27	0.00	14.27	1113.52
	373.28	0.00	14.28	1115.52
	373.30	0.00	14.26	1115.54
	373.31	0.00	14.29	1118.51
	373.32	0.00	14.28	1114.52
	373.33	0.00	14.29	1116.52
	373.34	0.00	14.29	1116.52
	373.35	1.00	14.31	1118.52
	373.36	1.00	14.29	1114.52
	373.38	1.00	14.30	1114.52
	373.39	1.00	14.37	1108.52
	373.40	1.00	14.38	1111.51
	373.41	1.00	14.35	1108.51
	373.42	1.00	14.36	1106.51
	373.44	1.00	14.38	1109.51
	373.45	1.00	14.37	1107.51
	373.46	1.00	14.38	1110.51
	373.47	1.00	14.37	1106.51
	373.48	1.00	14.37	1109.51
	373.49	1.00	14.37	1112.51
	373.51	1.00	14.35	1107.51
	373.52	1.00	14.36	1112.51
	373.53	1.00	14.34	1111.52
	373.54	1.00	14.36	1111.52
	373.55	1.00	14.33	1112.52
	373.56	1.00	14.32	1116.52
	373.58	1.00	14.30	1117.53
	373.59	1.00	14.28	1118.53
	373.60	1.00	14.27	1122.53
	373.61	1.00	14.27	1122.53
	373.62	0.00	14.24	1122.54
	373.64	0.00	14.24	1121.54
	373.65	0.00	14.21	1124.55
	373.66	0.00	14.20	1123.55
	373.67	0.00	14.20	1124.55
	373.68	0.00	14.20	1126.55
	373.69	0.00	14.20	1126.55
	373.70	0.00	14.21	1125.55
	373.72	0.00	14.20	1120.55
	373.73	0.00	14.23	1123.55
	373.74	0.00	14.23	1122.55
	373.75	0.00	14.25	1123.54
	373.76	0.00	14.23	1116.54
	373.77	0.00	14.26	1121.54
	373.79	0.00	14.26	1123.54
	373.80	0.00	14.27	1122.54
	373.81	0.00	14.27	1120.53
	373.82	0.00	14.28	1121.54
	373.83	0.00	14.28	1121.54
	373.84	0.00	14.30	1121.53
	373.86	0.00	14.29	1116.53
	373.87	0.00	14.31	1116.53
	373.88	0.00	14.33	1118.52
	373.89	0.00	14.34	1114.52
	373.90	0.00	14.35	1113.52
	373.92	0.00	14.35	1112.52
	373.93	0.00	14.36	1113.52
	373.94	0.00	14.37	1113.51
	373.95	0.00	14.36	1111.51
	373.96	0.00	14.37	1109.51
	373.97	0.00	14.34	1102.51
	373.98	0.00	14.38	1108.51
	374.00	0.00	14.38	1107.51
	374.01	0.00	14.39	1109.51
	374.02	0.00	14.40	1108.50
	374.03	0.00	14.40	1108.50
	374.04	0.00	14.39	1106.50
	374.05	0.00	14.39	1107.51
	374.07	0.00	14.39	1106.50
	374.08	0.00	14.39	1106.50
	374.09	0.00	14.38	1105.51
	374.10	0.00	14.39	1105.50
	374.11	0.00	14.38	1106.50
	374.13	0.00	14.38	1106.50
	374.14	0.00	14.38	1107.50
	374.15	0.00	14.37	1103.50
	374.16	0.00	14.37	1107.51
	374.17	0.00	14.36	1106.51
	374.18	0.00	14.37	1106.50
	374.20	0.00	14.36	1108.51
	374.21	0.00	14.35	1104.51
	374.22	0.00	14.33	1108.51
	374.23	0.00	14.32	1106.51
	374.24	0.00	14.31	1100.51
	374.25	0.00	14.32	1106.51
	374.27	0.00	14.32	1108.51
	374.28	0.00	14.30	1108.52
	374.29	0.00	14.28	1106.52
	374.30	0.00	14.29	1109.52
	374.31	0.00	14.28	1108.52
	374.33	0.00	14.28	1108.52
	374.34	0.00	14.27	1109.52
	374.35	0.00	14.26	1109.52
	374.36	0.00	14.26	1110.52
	374.37	0.00	14.25	1108.52
	374.38	0.00	14.26	1109.52
	374.39	0.00	14.25	1109.52
	374.41	0.00	14.25	1109.52
	374.42	0.00	14.25	1109.52
	374.43	0.00	14.24	1110.53
	374.44	0.00	14.23	1110.53
	374.45	0.00	14.23	1110.53
	374.47	0.00	14.23	1109.53
	374.48	0.00	14.22	1111.53
	374.49	0.00	14.22	1109.53
	374.50	0.00	14.23	1112.53
	374.51	0.00	14.21	1111.53
	374.52	0.00	14.22	1114.53
	374.54	0.00	14.23	1112.53
	374.55	0.00	14.22	1112.53
	374.56	0.00	14.20	1113.54
	374.57	0.00	14.21	1116.54
	374.58	0.00	14.21	1116.54
	374.59	0.00	14.20	1115.54
	374.61	0.00	14.19	1113.54
	374.62	0.00	14.20	1115.54
	374.63	0.00	14.19	1118.54
	374.64	0.00	14.19	1115.54
	374.65	0.00	14.19	1117.54
	374.66	0.00	14.18	1118.54
	374.68	0.00	14.18	1116.54
	374.69	0.00	14.17	1117.55
	374.70	0.00	14.18	1117.54
	374.71	0.00	14.17	1118.55
	374.72	0.00	14.16	1118.55
	374.73	0.00	14.15	1117.55
	374.75	0.00	14.14	1118.55
	374.76	0.00	14.13	1118.55
	374.77	0.00	14.14	1119.55
	374.78	0.00	14.11	1117.56
	374.79	0.00	14.11	1118.56
	374.80	0.00	14.11	1119.56
	374.82	0.00	14.11	1123.56
	374.83	0.00	14.10	1121.56
	374.84	0.00	14.08	1122.56
	374.85	0.00	14.06	1120.57
	374.86	0.00	14.06	1121.56
	374.88	0.00	14.06	1118.56
	374.89	0.00	14.05	1122.57
	374.90	0.00	14.04	1120.56
	374.91	0.00	13.98	1124.56
	374.92	0.00	13.98	1129.57
	374.93	0.00	13.97	1127.57
	374.94	0.00	13.97	1127.57
	374.96	0.00	13.98	1128.56
	374.97	0.00	13.97	1127.57
	374.98	0.00	13.97	1128.57
	374.99	0.00	13.97	1128.57
	375.00	0.00	13.97	1129.57
	375.02	0.00	13.97	1130.57
	375.03	0.00	13.96	1128.57
	375.04	0.00	14.01	1130.54
	375.05	0.00	14.01	1129.53
	375.06	0.00	13.99	1129.57
	375.07	0.00	13.99	1131.57
	375.08	0.00	13.94	1150.57
	375.10	0.00	13.99	1130.57
	375.11	0.00	13.99	1131.57
	375.12	0.00	13.94	1149.57
	375.13	0.00	13.95	1150.57
	375.14	0.00	13.94	1144.56
	375.16	0.00	13.96	1149.57
	375.17	0.00	13.96	1150.57
	375.18	0.00	13.96	1150.57
	375.19	0.00	13.96	1151.57
	375.20	0.00	14.01	1131.57
	375.21	0.00	13.97	1150.57
	375.23	0.00	13.98	1149.56
	375.24	0.00	13.99	1150.56
	375.25	0.00	14.01	1149.56
	375.26	0.00	13.99	1151.56
	375.27	0.00	14.01	1152.56
	375.28	0.00	13.99	1151.56
	375.30	0.00	13.99	1151.56
	375.31	0.00	13.99	1153.57
	375.32	0.00	14.00	1152.56
	375.33	0.00	13.98	1151.56
	375.34	0.00	14.00	1152.56
	375.35	0.00	14.00	1152.56
	375.37	0.00	14.01	1155.56
	375.38	0.00	13.99	1151.56
	375.39	0.00	14.00	1152.56
	375.40	0.00	13.99	1152.56
	375.41	0.00	14.00	1154.56
	375.42	0.00	13.99	1151.56
	375.44	0.00	14.00	1152.56
	375.45	0.00	13.99	1150.56
	375.46	0.00	13.99	1153.56
	375.47	0.00	13.97	1152.58
	375.48	0.00	13.99	1153.57
	375.50	0.00	13.98	1149.56
	375.51	0.00	13.98	1150.56
	375.52	0.00	13.99	1153.56
	375.53	0.00	14.01	1157.56
	375.54	0.00	13.99	1154.56
	375.55	0.00	13.98	1154.56
	375.57	0.00	14.02	1153.53
	375.58	0.00	13.99	1152.56
	375.59	0.00	13.98	1153.56
	375.60	0.00	13.98	1154.56
	375.61	0.00	13.98	1153.56
	375.62	0.00	13.96	1146.56
	375.64	0.00	13.98	1153.56
	375.65	0.00	13.98	1152.56
	375.66	0.00	13.97	1153.57
	375.67	0.00	13.99	1151.56
	375.68	0.00	13.97	1153.56
	375.69	0.00	14.03	1133.56
	375.70	0.00	13.98	1155.57
	375.72	0.00	14.02	1133.56
	375.73	0.00	13.97	1155.56
	375.74	0.00	13.95	1155.57
	375.75	0.00	13.96	1154.56
	375.76	0.00	13.94	1160.57
	375.78	0.00	13.90	1158.58
	375.79	0.00	13.88	1162.58
	375.80	0.00	13.84	1164.58
	375.81	0.00	13.83	1166.58
	375.82	0.00	13.78	1167.59
	375.83	0.00	13.74	1165.59
	375.85	0.00	13.70	1163.59
	375.86	0.00	13.62	1160.59
	375.87	0.00	13.61	1162.60
	375.88	0.00	13.57	1166.60
	375.89	0.00	13.53	1167.61
	375.91	0.00	13.48	1166.61
	375.92	0.00	13.39	1154.61
	375.93	0.00	13.34	1154.61
	375.94	0.00	13.26	1164.62
	375.95	0.00	13.18	1158.64
	375.96	0.00	13.13	1154.64
	375.98	0.00	13.06	1142.64
	375.99	0.00	13.01	1133.65
	376.00	0.00	12.98	1131.65
	376.01	0.00	12.97	1130.65
	376.02	0.00	12.96	1128.63
	376.03	0.00	12.98	1129.62
	376.05	0.00	12.95	1131.65
	376.06	0.00	12.95	1132.65
	376.07	0.00	12.96	1131.65
	376.08	0.00	12.96	1134.65
	376.09	0.00	12.97	1135.65
	376.10	0.00	12.99	1140.65
	376.12	0.00	13.04	1145.64
	376.13	0.00	13.10	1159.64
	376.14	0.00	13.17	1166.63
	376.15	0.00	13.21	1172.63
	376.16	0.00	13.28	1181.62
	376.17	0.00	13.33	1184.62
	376.19	0.00	13.37	1188.62
	376.20	0.00	13.40	1188.62
	376.21	0.00	13.42	1189.62
	376.22	0.00	13.44	1187.62
	376.23	0.00	13.47	1189.61
	376.25	0.00	13.49	1187.61
	376.26	0.00	13.49	1184.61
	376.27	0.00	13.51	1183.61
	376.28	0.00	13.52	1183.61
	376.29	0.00	13.54	1180.61
	376.30	0.00	13.57	1176.61
	376.32	0.00	13.59	1174.61
	376.33	0.00	13.60	1171.61
	376.34	0.00	13.61	1163.61
	376.35	0.00	13.63	1158.61
	376.36	0.00	13.67	1155.61
	376.37	0.00	13.72	1154.61
	376.39	0.00	13.78	1127.61
	376.40	0.00	13.84	1114.60
	376.41	0.00	13.95	1109.59
	376.42	0.00	14.12	1088.57
	376.43	0.00	14.38	1072.54
	376.44	0.00	14.67	1061.44
	376.46	0.00	14.93	1053.33
	376.47	0.00	15.14	1050.16
	376.48	0.00	15.19	1049.13
	376.49	0.00	15.38	1061.12
	376.50	0.00	15.39	1044.10
	376.51	0.00	15.32	988.09
	376.52	0.00	15.44	963.07
	376.54	0.00	15.10	877.04
	376.55	0.00	14.79	827.03
	376.56	0.00	14.73	816.04
	376.57	0.00	14.68	810.06
	376.58	0.00	14.61	809.08
	376.60	0.00	14.52	798.11
	376.61	0.00	14.33	743.07
	376.62	0.00	14.23	736.10
	376.63	0.00	14.23	736.10
	376.64	0.00	14.21	734.11
	376.65	0.00	14.24	742.12
	376.67	0.00	14.26	741.10
	376.68	0.00	14.25	742.11
	376.69	0.00	14.25	741.11
	376.70	0.00	14.24	739.11
	376.71	0.00	14.26	742.10
	376.72	0.00	14.28	743.09
	376.73	0.00	14.29	740.07
	376.75	0.00	14.30	739.06
	376.76	0.00	14.28	734.06
	376.77	0.00	14.26	728.05
	376.78	0.00	14.30	732.05
	376.79	0.00	14.30	729.04
	376.80	0.00	14.33	734.03
	376.82	0.00	14.39	742.03
	376.83	0.00	14.43	751.03
	376.84	0.00	14.46	755.02
	376.85	0.00	14.52	763.02
	376.86	0.00	14.51	764.02
	376.88	0.00	14.50	763.02
	376.89	0.00	14.48	766.04
	376.90	0.00	14.43	788.14
	376.91	0.00	14.12	759.22
	376.92	0.00	13.71	723.30
	376.93	0.00	13.37	743.47
	376.94	0.00	12.78	712.54
	376.95	0.00	12.63	720.56
	376.97	0.00	12.09	677.58
	376.98	0.00	12.05	702.60
	376.99	0.00	11.93	721.64
	377.00	0.00	11.89	749.67
	377.01	0.00	12.13	824.67
	377.02	0.00	11.99	830.65
	377.04	0.00	12.20	920.67
	377.05	0.00	12.36	1030.68
	377.06	0.00	12.46	1089.69
	377.07	0.00	12.52	1124.70
	377.08	0.00	12.56	1147.70
	377.10	0.00	12.57	1155.70
	377.11	0.00	12.59	1161.70
	377.12	0.00	12.60	1159.70
	377.13	0.00	12.60	1161.70
	377.14	0.00	12.62	1159.70
	377.15	0.00	12.62	1153.69
	377.17	0.00	12.57	1132.69
	377.18	0.00	12.54	1119.68
	377.19	0.00	12.51	1106.68
	377.20	0.00	12.49	1115.67
	377.21	0.00	12.58	1138.67
	377.22	0.00	12.53	1126.66
	377.23	0.00	12.41	1114.67
	377.25	0.00	12.36	1110.66
	377.26	0.00	12.36	1120.66
	377.27	0.00	12.36	1123.66
	377.28	0.00	12.34	1121.66
	377.29	0.00	12.31	1119.66
	377.31	0.00	12.26	1107.65
	377.32	0.00	12.23	1107.65
	377.33	0.00	12.22	1108.65
	377.34	0.00	12.20	1115.65
	377.35	0.00	12.26	1133.65
	377.36	0.00	12.30	1149.65
	377.38	0.00	12.34	1162.66
	377.39	0.00	12.42	1179.65
	377.40	0.00	12.48	1195.65
	377.41	0.00	12.51	1206.65
	377.42	0.00	12.55	1215.65
	377.44	0.00	12.59	1228.65
	377.45	0.00	12.65	1242.66
	377.46	0.00	12.79	1257.65
	377.47	0.00	12.88	1281.64
	377.48	0.00	12.96	1286.64
	377.49	0.00	13.05	1290.64
	377.51	0.00	13.14	1305.64
	377.52	0.00	13.18	1306.66
	377.53	0.00	13.24	1305.64
	377.54	0.00	13.31	1305.63
	377.55	0.00	13.36	1303.63
	377.56	0.00	13.38	1304.64
	377.58	0.00	13.46	1315.64
	377.59	0.00	13.52	1326.64
	377.60	0.00	13.60	1335.64
	377.61	0.00	13.70	1340.63
	377.62	0.00	13.79	1343.63
	377.63	0.00	13.89	1360.63
	377.65	0.00	14.00	1366.63
	377.66	0.00	14.14	1352.63
	377.67	0.00	14.27	1361.60
	377.68	0.00	14.38	1370.60
	377.69	0.00	14.51	1401.58
	377.70	0.00	14.59	1400.57
	377.72	0.00	14.70	1415.51
	377.73	0.00	14.95	1404.36
	377.74	0.00	15.08	1398.33
	377.75	0.00	15.27	1386.20
	377.76	0.00	15.38	1377.13
	377.77	0.00	15.45	1379.11
	377.79	0.00	15.60	1329.10
	377.80	0.00	15.78	1338.08
	377.81	0.00	15.84	1312.06
	377.82	0.00	15.89	1304.04
	377.83	0.00	15.97	1294.98
	377.84	0.00	16.03	1280.94
	377.86	0.00	16.13	1264.89
	377.87	0.00	16.13	1242.87
	377.88	0.00	16.14	1214.84
	377.89	0.00	16.14	1190.84
	377.90	0.00	16.13	1155.84
	377.91	0.00	16.06	1082.83
	377.92	0.00	15.87	991.83
	377.94	0.00	15.84	962.82
	377.95	0.00	15.79	935.82
	377.96	0.00	15.75	928.82
	377.97	0.00	15.73	912.81
	377.98	0.00	15.46	880.81
	378.00	0.00	15.42	868.81
	378.01	0.00	15.36	853.81
	378.02	0.00	15.15	832.82
	378.03	0.00	14.81	806.97
	378.04	0.00	14.57	771.02
	378.05	0.00	14.27	700.01
	378.06	0.00	14.32	702.98
	378.08	0.00	14.47	729.97
	378.09	0.00	14.50	737.97
	378.10	0.00	14.50	738.98
	378.11	0.00	14.51	741.98
	378.12	0.00	14.52	747.99
	378.13	0.00	14.52	749.99
	378.15	0.00	14.52	747.99
	378.16	0.00	14.55	753.99
	378.17	0.00	14.56	755.99
	378.18	0.00	14.54	755.99
	378.19	0.00	14.54	754.99
	378.20	0.00	14.55	753.99
	378.22	0.00	14.55	756.99
	378.23	0.00	14.53	756.00
	378.24	0.00	14.54	755.99
	378.25	0.00	14.56	758.99
	378.26	0.00	14.57	760.99
	378.27	0.00	14.58	762.99
	378.29	0.00	14.58	762.99
	378.30	0.00	14.59	761.99
	378.31	0.00	14.57	762.00
	378.32	0.00	14.58	768.00
	378.33	0.00	14.57	766.00
	378.34	0.00	14.60	767.99
	378.36	0.00	14.62	772.99
	378.37	0.00	14.61	770.99
	378.38	0.00	14.64	772.98
	378.39	0.00	14.70	782.97
	378.40	0.00	14.72	789.97
	378.41	0.00	14.73	792.97
	378.42	0.00	14.60	795.05
	378.44	0.00	14.36	790.15
	378.45	0.00	13.54	703.30
	378.46	0.00	11.50	588.43
	378.47	0.00	10.65	659.60
	378.48	0.00	10.58	744.70
	378.49	0.00	10.41	849.84
	378.51	0.00	10.30	912.89
	378.52	0.00	10.45	952.90
	378.53	0.00	10.80	1031.88
	378.54	0.00	10.99	1051.84
	378.55	0.00	11.17	1068.74
	378.56	0.00	11.34	1116.75
	378.58	0.00	11.45	1117.74
	378.59	0.00	11.54	1111.73
	378.60	0.00	11.61	1108.72
	378.61	0.00	11.65	1100.73
	378.62	0.00	11.74	1095.71
	378.64	0.00	11.81	1085.69
	378.65	0.00	11.88	1088.68
	378.66	0.00	11.93	1098.67
	378.67	0.00	11.96	1106.67
	378.68	0.00	12.01	1115.66
	378.69	0.00	12.04	1133.65
	378.70	0.00	12.07	1151.64
	378.72	0.00	12.10	1166.64
	378.73	0.00	12.13	1181.63
	378.74	0.00	12.12	1193.64
	378.75	0.00	12.15	1204.63
	378.76	0.00	12.15	1212.64
	378.77	0.00	12.16	1219.64
	378.79	0.00	12.18	1224.64
	378.80	0.00	12.20	1228.64
	378.81	0.00	12.22	1234.64
	378.82	0.00	12.22	1239.66
	378.83	0.00	12.22	1235.64
	378.85	0.00	12.23	1237.64
	378.86	0.00	12.24	1239.64
	378.87	0.00	12.25	1238.64
	378.88	0.00	12.27	1239.64
	378.89	0.00	12.32	1238.64
	378.90	0.00	12.39	1247.64
	378.91	0.00	12.46	1252.64
	378.93	0.00	12.51	1254.64
	378.94	0.00	12.55	1258.64
	378.95	0.00	12.59	1261.64
	378.96	0.00	12.61	1259.64
	378.97	0.00	12.65	1259.64
	378.98	0.00	12.66	1255.64
	379.00	0.00	12.72	1257.64
	379.01	0.00	12.75	1259.64
	379.02	0.00	12.83	1266.64
	379.03	0.00	12.91	1274.65
	379.04	0.00	13.11	1307.66
	379.05	0.00	13.20	1315.66
	379.07	0.00	13.27	1324.66
	379.08	0.00	13.30	1322.67
	379.09	0.00	13.38	1332.68
	379.10	0.00	13.43	1326.67
	379.11	0.00	13.47	1325.69
	379.12	0.00	13.53	1320.68
	379.14	0.00	13.58	1304.68
	379.15	0.00	13.61	1280.68
	379.16	0.00	13.67	1272.69
	379.17	0.00	13.69	1254.70
	379.18	0.00	13.78	1299.72
	379.20	0.00	13.96	1336.72
	379.21	0.00	14.16	1383.72
	379.22	0.00	14.21	1386.72
	379.23	0.00	14.29	1397.71
	379.24	0.00	14.43	1392.68
	379.25	0.00	14.54	1395.66
	379.27	0.00	14.66	1386.64
	379.28	0.00	14.80	1361.60
	379.29	0.00	15.06	1379.55
	379.30	0.00	15.13	1382.53
	379.31	0.00	15.41	1351.42
	379.32	0.00	15.48	1353.40
	379.33	0.00	15.68	1337.17
	379.35	0.00	15.80	1332.12
	379.36	0.00	15.87	1304.09
	379.37	0.00	15.89	1293.08
	379.38	0.00	15.94	1281.05
	379.39	0.00	15.94	1263.03
	379.41	0.00	15.94	1230.98
	379.42	0.00	15.96	1193.93
	379.43	0.00	15.89	1129.91
	379.44	0.00	15.72	1008.88
	379.45	0.00	15.64	950.86
	379.46	0.00	15.55	910.85
	379.47	0.00	15.51	885.85
	379.49	0.00	15.46	869.84
	379.50	0.00	15.41	854.84
	379.51	0.00	15.10	820.84
	379.52	0.00	14.92	820.87
	379.53	0.00	14.61	792.00
	379.54	0.00	14.41	756.03
	379.56	0.00	14.24	722.05
	379.57	0.00	13.92	666.09
	379.58	0.00	13.87	679.15
	379.59	0.00	14.25	720.02
	379.60	0.00	14.33	733.02
	379.61	0.00	14.35	743.03
	379.63	0.00	14.32	739.04
	379.64	0.00	14.34	745.05
	379.65	0.00	14.35	749.05
	379.66	0.00	14.39	756.05
	379.67	0.00	14.39	759.06
	379.68	0.00	14.45	767.06
	379.70	0.00	14.37	752.05
	379.71	0.00	14.34	746.05
	379.72	0.00	14.31	743.06
	379.73	0.00	14.31	743.06
	379.74	0.00	14.30	742.06
	379.75	0.00	14.30	742.06
	379.77	0.00	14.30	745.07
	379.78	0.00	14.30	743.06
	379.79	0.00	14.32	746.06
	379.80	0.00	14.33	746.05
	379.81	0.00	14.35	747.04
	379.82	0.00	14.39	753.03
	379.83	0.00	14.40	755.03
	379.85	0.00	14.44	758.02
	379.86	0.00	14.42	756.02
	379.87	0.00	14.45	763.02
	379.88	0.00	14.46	765.02
	379.89	0.00	14.47	767.02
	379.91	0.00	14.51	774.01
	379.92	0.00	14.52	776.01
	379.93	0.00	14.51	777.01
	379.94	0.00	14.56	780.01
	379.95	0.00	14.55	782.01
	379.96	0.00	14.54	781.01
	379.97	0.00	14.17	785.29
	379.99	0.00	13.97	777.32
	380.00	0.00	12.69	639.43
	380.01	0.00	11.21	613.56
	380.02	0.00	10.65	672.69
	380.03	0.00	10.30	769.92
	380.04	0.00	10.06	871.10
	380.05	0.00	9.98	942.12
	380.07	0.00	10.11	972.08
	380.08	0.00	10.43	1041.08
	380.09	0.00	10.61	1054.06
	380.10	0.00	10.73	1050.04
	380.11	0.00	10.89	1050.00
	380.13	0.00	11.11	1038.91
	380.14	0.00	11.25	1020.88
	380.15	0.00	11.34	1011.90
	380.16	0.00	11.48	1005.89
	380.17	0.00	11.54	990.89
	380.18	0.00	11.64	986.90
	380.20	0.00	11.77	990.90
	380.21	0.00	12.08	1030.91
	380.22	0.00	12.24	1047.89
	380.23	0.00	12.32	1063.91
	380.24	0.00	12.40	1072.92
	380.25	0.00	12.49	1086.92
	380.27	0.00	12.57	1096.91
	380.28	0.00	12.57	1090.89
	380.29	0.00	12.62	1094.89
	380.30	0.00	12.69	1094.88
	380.31	0.00	12.73	1093.89
	380.32	0.00	12.79	1091.89
	380.34	0.00	12.85	1065.89
	380.35	0.00	12.90	1060.88
	380.36	0.00	12.93	1059.88
	380.37	0.00	12.97	1058.87
	380.38	0.00	13.01	1056.88
	380.39	0.00	13.08	1061.87
	380.41	0.00	13.11	1059.87
	380.42	0.00	13.16	1059.87
	380.43	0.00	13.21	1063.87
	380.44	0.00	13.27	1092.86
	380.45	0.00	13.30	1104.87
	380.46	0.00	13.29	1136.86
	380.48	0.00	13.32	1146.87
	380.49	0.00	13.33	1154.87
	380.50	0.00	13.35	1164.88
	380.51	0.00	13.38	1174.87
	380.52	0.00	13.39	1182.88
	380.53	0.00	13.38	1180.88
	380.55	0.00	13.39	1182.88
	380.56	0.00	13.41	1188.88
	380.57	0.00	13.41	1189.89
	380.58	0.00	13.40	1188.89
	380.59	0.00	13.42	1190.88
	380.60	0.00	13.42	1184.88
	380.62	0.00	13.44	1190.89
	380.63	0.00	13.46	1188.89
	380.64	0.00	13.48	1184.90
	380.65	0.00	13.55	1191.86
	380.66	0.00	13.52	1182.90
	380.67	0.00	13.53	1185.90
	380.69	0.00	13.53	1184.91
	380.70	0.00	13.56	1187.91
	380.71	0.00	13.58	1189.91
	380.72	0.00	13.66	1170.91
	380.73	0.00	13.72	1168.90
	380.74	0.00	13.83	1193.88
	380.76	0.00	13.94	1199.87
	380.77	0.00	14.01	1200.86
	380.78	0.00	14.12	1197.84
	380.79	0.00	14.22	1202.83
	380.80	0.00	14.34	1203.82
	380.81	0.00	14.63	1220.79
	380.83	0.00	14.74	1211.77
	380.84	0.00	14.85	1220.73
	380.85	0.00	15.14	1223.49
	380.86	0.00	15.17	1217.50
	380.87	0.00	15.44	1193.28
	380.88	0.00	15.60	1187.15
	380.90	0.00	15.64	1164.12
	380.91	0.00	15.66	1154.10
	380.92	0.00	15.70	1152.08
	380.93	0.00	15.72	1141.07
	380.94	0.00	15.73	1124.04
	380.95	0.00	15.74	1091.00
	380.97	0.00	15.73	1056.96
	380.98	0.00	15.68	1007.92
	380.99	0.00	15.56	945.89
	381.00	0.00	15.33	837.88
	381.01	0.00	15.15	789.88
	381.02	0.00	15.02	742.87
	381.04	0.00	15.01	737.87
	381.05	0.00	14.94	720.86
	381.06	0.00	14.89	708.86
	381.07	0.00	14.85	705.86
	381.08	0.00	14.49	684.86
	381.09	0.00	14.38	682.87
	381.11	0.00	14.09	661.97
	381.12	0.00	13.88	640.03
	381.13	0.00	13.68	623.07
	381.14	0.00	13.60	618.11
	381.15	0.00	13.92	657.05
	381.16	0.00	13.98	667.03
	381.17	0.00	14.06	680.03
	381.19	0.00	14.08	686.05
	381.20	0.00	14.05	688.06
	381.21	0.00	14.07	689.06
	381.22	0.00	14.09	695.07
	381.23	0.00	14.10	697.07
	381.24	0.00	14.09	701.08
	381.26	0.00	14.10	707.10
	381.27	0.00	14.08	707.11
	381.28	0.00	14.13	720.11
	381.29	0.00	14.17	724.11
	381.30	0.00	14.22	728.10
	381.31	0.00	14.16	722.10
	381.33	0.00	14.19	728.10
	381.34	0.00	14.18	726.10
	381.35	0.00	14.19	728.10
	381.36	0.00	14.17	727.11
	381.37	0.00	14.17	727.11
	381.38	0.00	14.18	732.12
	381.39	0.00	14.15	727.12
	381.41	0.00	14.19	733.12
	381.42	0.00	14.21	735.11
	381.43	0.00	14.23	739.11
	381.44	0.00	14.23	737.11
	381.45	0.00	14.26	741.11
	381.47	0.00	14.29	743.10
	381.48	0.00	14.27	745.10
	381.49	0.00	14.28	745.09
	381.50	0.00	14.35	747.05
	381.51	0.00	14.36	749.05
	381.52	0.00	14.40	752.03
	381.54	0.00	14.38	754.05
	381.55	0.00	14.40	755.05
	381.56	0.00	14.40	757.04
	381.57	0.00	14.40	760.05
	381.58	0.00	14.44	765.04
	381.59	0.00	14.32	776.15
	381.60	0.00	13.93	755.29
	381.62	0.00	12.90	630.31
	381.63	0.00	11.95	620.43
	381.64	0.00	11.06	646.56
	381.65	0.00	10.71	722.73
	381.66	0.00	10.28	818.94
	381.67	0.00	10.03	888.01
	381.69	0.00	10.13	958.03
	381.70	0.00	10.21	993.02
	381.71	0.00	10.46	1048.97
	381.72	0.00	10.60	1061.95
	381.73	0.00	10.75	1062.92
	381.74	0.00	10.85	1063.89
	381.76	0.00	10.99	1055.87
	381.77	0.00	11.09	1045.85
	381.78	0.00	11.18	1024.84
	381.79	0.00	11.25	1011.82
	381.80	0.00	11.39	998.77
	381.81	0.00	11.49	984.75
	381.83	0.00	11.59	974.74
	381.84	0.00	11.67	969.72
	381.85	0.00	11.72	972.74
	381.86	0.00	11.83	996.74
	381.87	0.00	11.91	1004.74
	381.88	0.00	11.98	1014.74
	381.89	0.00	12.09	1031.73
	381.91	0.00	12.19	1045.74
	381.92	0.00	12.20	1043.73
	381.93	0.00	12.36	1063.73
	381.94	0.00	12.53	1088.73
	381.95	0.00	12.58	1089.73
	381.97	0.00	12.73	1108.72
	381.98	0.00	12.85	1126.73
	381.99	0.00	12.99	1142.72
	382.00	0.00	13.08	1166.72
	382.01	0.00	13.17	1179.72
	382.02	0.00	13.23	1181.72
	382.04	0.00	13.30	1188.71
	382.05	0.00	13.35	1190.72
	382.06	0.00	13.43	1212.71
	382.07	0.00	13.51	1224.71
	382.08	0.00	13.55	1234.71
	382.09	0.00	13.62	1235.70
	382.11	0.00	13.68	1236.70
	382.12	0.00	13.70	1231.71
	382.13	0.00	13.77	1240.70
	382.14	0.00	13.83	1244.69
	382.15	0.00	13.85	1241.69
	382.16	0.00	13.94	1234.69
	382.17	0.00	13.97	1248.69
	382.19	0.00	14.03	1231.68
	382.20	0.00	14.08	1231.67
	382.21	0.00	14.13	1230.67
	382.22	0.00	14.22	1209.66
	382.23	0.00	14.27	1205.65
	382.25	0.00	14.34	1210.64
	382.26	0.00	14.38	1206.63
	382.27	0.00	14.46	1211.61
	382.28	0.00	14.69	1230.56
	382.29	0.00	14.79	1232.51
	382.30	0.00	14.86	1236.48
	382.32	0.00	14.90	1229.48
	382.33	0.00	15.00	1231.47
	382.34	0.00	15.05	1224.44
	382.35	0.00	15.15	1226.39
	382.36	0.00	15.19	1222.39
	382.37	0.00	15.19	1219.42
	382.39	0.00	15.29	1197.37
	382.40	0.00	15.31	1201.37
	382.41	0.00	15.41	1185.25
	382.42	0.00	15.52	1194.18
	382.43	0.00	15.57	1189.14
	382.44	0.00	15.58	1177.12
	382.45	0.00	15.61	1158.12
	382.47	0.00	15.62	1157.11
	382.48	0.00	15.64	1152.11
	382.49	0.00	15.65	1153.11
	382.50	0.00	15.67	1149.10
	382.51	0.00	15.66	1147.10
	382.53	0.00	15.69	1147.09
	382.54	0.00	15.68	1132.08
	382.55	0.00	15.70	1131.07
	382.56	0.00	15.68	1111.05
	382.57	0.00	15.69	1104.03
	382.58	0.00	15.67	1082.01
	382.60	0.00	15.63	1054.99
	382.61	0.00	15.61	1031.97
	382.62	0.00	15.59	984.93
	382.63	0.00	15.57	950.89
	382.64	0.00	15.51	916.87
	382.65	0.00	15.40	867.86
	382.67	0.00	15.27	812.86
	382.68	0.00	15.15	773.85
	382.69	0.00	15.07	740.85
	382.70	0.00	15.05	727.84
	382.71	0.00	15.06	728.84
	382.72	0.00	15.07	734.84
	382.73	0.00	14.84	722.84
	382.75	0.00	14.84	717.83
	382.76	0.00	14.68	713.84
	382.77	0.00	14.45	681.87
	382.78	0.00	14.22	671.97
	382.79	0.00	14.02	646.99
	382.80	0.00	13.63	587.99
	382.82	0.00	13.36	557.03
	382.83	0.00	13.61	593.01
	382.84	0.00	13.84	625.00
	382.85	0.00	13.88	635.00
	382.86	0.00	13.92	641.00
	382.87	0.00	13.94	645.00
	382.89	0.00	13.96	649.00
	382.90	0.00	14.02	655.00
	382.91	0.00	14.01	660.01
	382.92	0.00	14.04	664.01
	382.93	0.00	14.07	670.01
	382.94	0.00	14.10	679.01
	382.95	0.00	14.09	679.02
	382.97	0.00	14.07	673.01
	382.98	0.00	14.10	679.01
	382.99	0.00	14.13	684.01
	383.00	0.00	14.16	690.01
	383.01	0.00	14.17	693.01
	383.02	0.00	14.17	692.01
	383.04	0.00	14.17	693.01
	383.05	0.00	14.18	695.01
	383.06	0.00	14.19	697.01
	383.07	0.00	14.19	699.02
	383.08	0.00	14.19	699.02
	383.09	0.00	14.19	700.02
	383.11	0.00	14.19	698.01
	383.12	0.00	14.19	699.02
	383.13	0.00	14.21	702.01
	383.14	0.00	14.23	705.01
	383.15	0.00	14.23	704.01
	383.16	0.00	14.24	707.01
	383.17	0.00	14.25	709.01
	383.19	0.00	14.28	708.99
	383.20	0.00	14.27	712.01
	383.21	0.00	14.28	719.01
	383.22	0.00	14.27	717.01
	383.23	0.00	14.30	720.00
	383.25	0.00	14.32	723.00
	383.26	0.00	14.34	728.00
	383.27	0.00	14.19	729.08
	383.28	0.00	13.90	706.17
	383.29	0.00	13.26	673.32
	383.30	0.00	12.47	651.40
	383.31	0.00	11.82	713.52
	383.33	0.00	11.29	754.66
	383.34	0.00	10.83	813.83
	383.35	0.00	10.60	871.89
	383.36	0.00	10.60	925.90
	383.37	0.00	10.64	966.96
	383.38	0.00	10.84	1028.96
	383.40	0.00	10.97	1049.92
	383.41	0.00	11.05	1049.84
	383.42	0.00	11.11	1048.81
	383.43	0.00	11.18	1045.83
	383.44	0.00	11.28	1038.82
	383.45	0.00	11.35	1024.82
	383.47	0.00	11.41	1012.82
	383.48	0.00	11.48	1005.82
	383.49	0.00	11.54	996.82
	383.50	0.00	11.58	986.83
	383.51	0.00	11.71	991.82
	383.52	0.00	11.72	985.83
	383.54	0.00	11.74	979.82
	383.55	0.00	11.80	977.82
	383.56	0.00	11.75	958.81
	383.57	0.00	11.79	956.80
	383.58	0.00	11.80	956.81
	383.59	0.00	11.87	968.82
	383.61	0.00	11.87	963.81
	383.62	0.00	11.90	941.80
	383.63	0.00	11.96	941.80
	383.64	0.00	11.93	928.80
	383.65	0.00	11.80	892.79
	383.66	0.00	11.72	866.77
	383.68	0.00	11.70	849.77
	383.69	0.00	11.69	837.76
	383.70	0.00	11.74	831.76
	383.71	0.00	11.82	825.73
	383.72	0.00	11.92	826.73
	383.73	0.00	11.99	831.74
	383.75	0.00	12.05	834.74
	383.76	0.00	12.09	837.73
	383.77	0.00	12.16	843.73
	383.78	0.00	12.25	860.74
	383.79	0.00	12.34	878.75
	383.80	0.00	12.37	883.75
	383.82	0.00	12.51	931.75
	383.83	0.00	12.56	937.75
	383.84	0.00	12.58	942.75
	383.85	0.00	12.60	945.75
	383.86	0.00	12.69	953.68
	383.87	0.00	12.65	959.75
	383.89	0.00	12.71	955.75
	383.90	0.00	12.67	958.75
	383.91	0.00	12.68	959.75
	383.92	0.00	12.70	960.75
	383.93	0.00	12.72	964.75
	383.94	0.00	12.73	963.76
	383.95	0.00	12.76	964.75
	383.97	0.00	12.83	966.75
	383.98	0.00	12.85	965.75
	383.99	0.00	12.92	967.75
	384.00	0.00	12.96	967.74
	384.01	0.00	13.01	968.75
	384.02	0.00	13.07	958.73
	384.04	0.00	13.15	958.73
	384.05	0.00	13.25	957.72
	384.06	0.00	13.33	956.71
	384.07	0.00	13.45	954.70
	384.08	0.00	13.53	951.69
	384.09	0.00	13.66	946.65
	384.11	0.00	13.75	941.65
	384.12	0.00	13.85	936.62
	384.13	0.00	13.88	937.61
	384.14	0.00	14.04	965.57
	384.15	0.00	14.22	996.53
	384.16	0.00	14.35	997.45
	384.17	0.00	14.45	1005.41
	384.19	0.00	14.51	991.42
	384.20	0.00	14.94	1016.23
	384.21	0.00	15.04	994.14
	384.22	0.00	15.10	993.11
	384.23	0.00	15.11	986.10
	384.24	0.00	15.16	980.09
	384.26	0.00	15.17	976.08
	384.27	0.00	15.21	964.05
	384.28	0.00	15.24	954.01
	384.29	0.00	15.13	901.97
	384.30	0.00	15.15	882.94
	384.31	0.00	15.11	844.91
	384.33	0.00	15.06	822.90
	384.34	0.00	15.04	800.87
	384.35	0.00	14.97	772.86
	384.36	0.00	14.93	756.86
	384.37	0.00	14.87	727.85
	384.38	0.00	14.79	715.85
	384.39	0.00	14.49	689.85
	384.41	0.00	14.41	686.85
	384.42	0.00	14.31	678.87
	384.43	0.00	14.19	666.91
	384.44	0.00	14.00	652.99
	384.45	0.00	13.82	630.00
	384.46	0.00	13.56	583.00
	384.48	0.00	13.40	558.99
	384.49	0.00	13.61	598.00
	384.50	0.00	13.72	621.01
	384.51	0.00	13.81	632.01
	384.52	0.00	13.84	641.01
	384.53	0.00	13.82	641.01
	384.54	0.00	13.84	644.01
	384.56	0.00	13.85	648.02
	384.57	0.00	13.85	645.01
	384.58	0.00	14.01	671.01
	384.59	0.00	14.10	684.00
	384.60	0.00	14.05	682.02
	384.61	0.00	14.13	697.02
	384.63	0.00	14.16	700.01
	384.64	0.00	14.15	698.01
	384.65	0.00	14.12	694.01
	384.66	0.00	14.13	698.02
	384.67	0.00	14.19	706.01
	384.68	0.00	14.20	711.02
	384.70	0.00	14.21	711.01
	384.71	0.00	14.20	709.01
	384.72	0.00	14.18	706.01
	384.73	0.00	14.20	710.01
	384.74	0.00	14.20	710.01
	384.75	0.00	14.20	709.01
	384.76	0.00	14.24	713.01
	384.78	0.00	14.24	718.01
	384.79	0.00	14.26	721.01
	384.80	0.00	14.21	723.04
	384.81	0.00	14.18	723.05
	384.82	0.00	14.21	726.04
	384.83	0.00	14.24	729.03
	384.85	0.00	14.31	737.02
	384.86	0.00	14.33	740.02
	384.87	0.00	14.31	743.03
	384.88	0.00	14.21	746.08
	384.89	0.00	14.09	743.13
	384.90	0.00	13.66	704.14
	384.92	0.00	13.00	646.20
	384.93	0.00	12.00	676.40
	384.94	0.00	11.47	740.53
	384.95	0.00	11.23	805.66
	384.96	0.00	10.95	873.74
	384.97	0.00	10.84	930.79
	384.98	0.00	10.92	950.79
	385.00	0.00	11.20	993.73
	385.01	0.00	11.44	1030.64
	385.02	0.00	11.61	1037.63
	385.03	0.00	11.77	1051.63
	385.04	0.00	11.89	1053.64
	385.05	0.00	12.00	1069.65
	385.07	0.00	12.08	1067.64
	385.08	0.00	12.16	1064.64
	385.09	0.00	12.21	1059.64
	385.10	0.00	12.27	1058.65
	385.11	0.00	12.31	1046.65
	385.13	0.00	12.34	1039.64
	385.14	0.00	12.40	1036.64
	385.15	0.00	12.47	1036.64
	385.16	0.00	12.50	1033.64
	385.17	0.00	12.53	1033.64
	385.18	0.00	12.57	1030.64
	385.20	0.00	12.60	1030.63
	385.21	0.00	12.64	1033.63
	385.22	0.00	12.64	1026.63
	385.23	0.00	12.67	1025.63
	385.24	0.00	12.72	1023.62
	385.25	0.00	12.79	1032.61
	385.27	0.00	12.90	1032.54
	385.28	0.00	12.90	1023.60
	385.29	0.00	12.92	1012.60
	385.30	0.00	13.02	993.59
	385.31	0.00	13.06	986.58
	385.32	0.00	13.10	988.57
	385.33	0.00	13.16	985.55
	385.35	0.00	13.20	981.56
	385.36	0.00	13.24	980.55
	385.37	0.00	13.28	986.54
	385.38	0.00	13.29	991.54
	385.39	0.00	13.36	1004.54
	385.40	0.00	13.38	1014.54
	385.42	0.00	13.34	1046.55
	385.43	0.00	13.54	1064.55
	385.44	0.00	13.56	1080.55
	385.45	0.00	13.57	1087.55
	385.46	0.00	13.58	1091.55
	385.47	0.00	13.60	1137.55
	385.49	0.00	13.62	1120.56
	385.50	0.00	13.61	1120.56
	385.51	0.00	13.62	1124.56
	385.52	0.00	13.61	1124.56
	385.53	0.00	13.60	1124.57
	385.54	0.00	13.55	1103.57
	385.56	0.00	13.54	1103.58
	385.57	0.00	13.51	1098.58
	385.58	0.00	13.55	1108.58
	385.59	0.00	13.55	1103.58
	385.60	0.00	13.57	1101.58
	385.61	0.00	13.62	1121.58
	385.63	0.00	13.64	1120.58
	385.64	0.00	13.66	1118.58
	385.65	0.00	13.68	1121.57
	385.66	0.00	13.70	1116.57
	385.67	0.00	13.71	1113.57
	385.68	0.00	13.72	1112.57
	385.70	0.00	13.80	1090.56
	385.71	0.00	13.81	1084.54
	385.72	0.00	13.85	1092.56
	385.73	0.00	13.86	1086.56
	385.74	0.00	13.89	1086.55
	385.75	0.00	13.93	1083.54
	385.77	0.00	13.95	1077.53
	385.78	0.00	14.01	1074.53
	385.79	0.00	14.03	1062.51
	385.80	0.00	14.13	1065.51
	385.81	0.00	14.19	1060.50
	385.82	0.00	14.27	1045.49
	385.84	0.00	14.31	1038.48
	385.85	0.00	14.34	1017.46
	385.86	0.00	14.40	1009.44
	385.87	0.00	14.47	1001.38
	385.88	0.00	14.54	1000.35
	385.89	0.00	14.63	971.32
	385.91	0.00	14.62	986.32
	385.92	0.00	14.69	963.32
	385.93	0.00	14.75	957.27
	385.94	0.00	14.92	953.14
	385.95	0.00	14.99	952.11
	385.96	0.00	15.03	952.09
	385.98	0.00	15.05	947.08
	385.99	0.00	15.04	942.08
	386.00	0.00	15.05	940.07
	386.01	0.00	15.05	935.07
	386.02	0.00	15.05	926.05
	386.03	0.00	15.05	914.04
	386.04	0.00	15.06	897.01
	386.06	0.00	15.05	887.99
	386.07	0.00	14.97	847.98
	386.08	0.00	14.92	828.96
	386.09	0.00	14.83	810.96
	386.10	0.00	14.80	797.95
	386.11	0.00	14.75	783.95
	386.13	0.00	14.69	771.94
	386.14	0.00	14.39	745.96
	386.15	0.00	14.32	739.98
	386.16	0.00	14.25	733.01
	386.17	0.00	14.16	720.03
	386.18	0.00	14.04	695.03
	386.20	0.00	13.85	637.00
	386.21	0.00	13.53	587.01
	386.22	0.00	13.56	586.99
	386.23	0.00	13.64	605.00
	386.24	0.00	13.64	608.00
	386.25	0.00	13.65	610.00
	386.26	0.00	13.64	610.01
	386.28	0.00	13.63	609.01
	386.29	0.00	13.65	612.01
	386.30	0.00	13.62	610.01
	386.31	0.00	13.65	613.01
	386.32	0.00	13.66	614.01
	386.33	0.00	13.68	616.01
	386.34	0.00	13.69	623.02
	386.36	0.00	13.73	624.01
	386.37	0.00	13.71	623.02
	386.38	0.00	13.77	633.02
	386.39	0.00	13.93	660.02
	386.40	0.00	14.04	682.03
	386.41	0.00	14.06	686.03
	386.43	0.00	14.06	687.03
	386.44	0.00	14.09	689.02
	386.45	0.00	14.08	690.03
	386.46	0.00	14.10	694.02
	386.47	0.00	14.10	693.02
	386.48	0.00	14.11	693.02
	386.50	0.00	14.12	695.02
	386.51	0.00	14.12	695.02
	386.52	0.00	14.15	700.02
	386.53	0.00	14.15	701.02
	386.54	0.00	14.19	705.01
	386.55	0.00	14.18	704.01
	386.57	0.00	14.19	705.01
	386.58	0.00	14.22	713.02
	386.59	0.00	14.19	722.05
	386.60	0.00	14.09	718.07
	386.61	0.00	13.84	681.10
	386.62	0.00	13.34	644.12
	386.63	0.00	13.06	649.19
	386.65	0.00	12.35	692.37
	386.66	0.00	11.93	760.47
	386.67	0.00	11.84	805.51
	386.68	0.00	11.95	829.47
	386.69	0.00	12.07	871.43
	386.70	0.00	12.09	885.48
	386.72	0.00	12.52	1004.50
	386.73	0.00	12.66	1038.51
	386.74	0.00	12.74	1064.51
	386.75	0.00	12.78	1074.52
	386.76	0.00	12.86	1093.52
	386.77	0.00	12.90	1099.51
	386.79	0.00	12.92	1101.51
	386.80	0.00	13.05	1129.52
	386.81	0.00	13.10	1132.52
	386.82	0.00	13.16	1135.52
	386.83	0.00	13.21	1137.51
	386.84	0.00	13.28	1143.51
	386.86	0.00	13.34	1154.51
	386.87	0.00	13.39	1158.50
	386.88	0.00	13.40	1153.50
	386.89	0.00	13.44	1156.50
	386.90	0.00	13.52	1131.50
	386.92	0.00	13.59	1142.50
	386.93	0.00	13.66	1148.50
	386.94	0.00	13.72	1157.50
	386.95	0.00	13.76	1156.49
	386.96	0.00	13.82	1157.49
	386.97	0.00	13.85	1164.49
	386.98	0.00	13.88	1184.49
	387.00	0.00	13.92	1187.49
	387.01	0.00	13.96	1184.48
	387.02	0.00	14.01	1181.48
	387.03	0.00	14.06	1190.47
	387.04	0.00	14.09	1185.47
	387.05	0.00	14.13	1187.46
	387.07	0.00	14.18	1188.45
	387.08	0.00	14.25	1189.44
	387.09	0.00	14.26	1187.45
	387.10	0.00	14.32	1193.44
	387.11	0.00	14.35	1195.44
	387.13	0.00	14.40	1198.43
	387.14	0.00	14.44	1202.42
	387.15	0.00	14.44	1205.42
	387.16	0.00	14.48	1210.42
	387.17	0.00	14.49	1218.42
	387.18	0.00	14.52	1242.42
	387.20	0.00	14.54	1253.42
	387.21	0.00	14.56	1256.42
	387.22	0.00	14.59	1264.41
	387.23	0.00	14.59	1264.41
	387.24	0.00	14.62	1273.41
	387.25	0.00	14.63	1280.41
	387.27	0.00	14.81	1305.41
	387.28	0.00	14.70	1294.39
	387.29	0.00	14.84	1313.41
	387.30	0.00	14.89	1328.40
	387.31	0.00	14.92	1327.40
	387.32	0.00	14.97	1334.39
	387.33	0.00	15.03	1332.39
	387.35	0.00	15.06	1329.39
	387.36	0.00	15.11	1329.38
	387.37	0.00	15.16	1323.37
	387.38	0.00	15.19	1319.36
	387.39	0.00	15.22	1323.35
	387.41	0.00	15.28	1318.34
	387.42	0.00	15.33	1314.31
	387.43	0.00	15.33	1305.35
	387.44	0.00	15.39	1298.30
	387.45	0.00	15.38	1291.31
	387.46	0.00	15.34	1287.37
	387.48	0.00	15.40	1285.34
	387.49	0.00	15.40	1284.33
	387.50	0.00	15.39	1274.35
	387.51	0.00	15.38	1253.40
	387.52	0.00	15.35	1248.43
	387.53	0.00	15.35	1244.45
	387.55	0.00	15.33	1235.46
	387.56	0.00	15.29	1236.48
	387.57	0.00	15.30	1243.50
	387.58	0.00	15.30	1240.50
	387.59	0.00	15.29	1234.49
	387.60	0.00	15.35	1238.46
	387.61	0.00	15.46	1207.32
	387.63	0.00	15.66	1199.11
	387.64	0.00	15.67	1197.10
	387.65	0.00	15.67	1186.08
	387.66	0.00	15.66	1177.08
	387.67	0.00	15.67	1170.07
	387.69	0.00	15.65	1163.07
	387.70	0.00	15.63	1150.07
	387.71	0.00	15.60	1130.06
	387.72	0.00	15.55	1108.06
	387.73	0.00	15.51	1089.06
	387.74	0.00	15.43	1038.05
	387.76	0.00	15.33	1008.05
	387.77	0.00	15.26	981.04
	387.78	0.00	15.16	950.04
	387.79	0.00	14.93	919.04
	387.80	0.00	14.87	908.04
	387.81	0.00	14.86	900.04
	387.83	0.00	14.81	892.04
	387.84	0.00	14.79	880.04
	387.85	0.00	14.73	872.05
	387.86	0.00	14.67	857.05
	387.87	0.00	14.59	839.06
	387.88	0.00	14.54	823.06
	387.89	0.00	14.42	801.07
	387.91	0.00	14.24	759.07
	387.92	0.00	13.96	692.05
	387.93	0.00	14.12	710.03
	387.94	0.00	14.15	710.03
	387.95	0.00	14.19	714.03
	387.96	0.00	14.18	717.03
	387.98	0.00	14.19	721.03
	387.99	0.00	14.22	728.03
	388.00	0.00	14.23	731.03
	388.01	0.00	14.24	733.03
	388.02	0.00	14.25	732.03
	388.03	0.00	14.25	734.03
	388.05	0.00	14.24	733.03
	388.06	0.00	14.25	734.03
	388.07	0.00	14.24	734.03
	388.08	0.00	14.26	734.02
	388.09	0.00	14.25	732.03
	388.10	0.00	14.22	736.04
	388.11	0.00	14.24	737.03
	388.13	0.00	14.25	739.03
	388.14	0.00	14.24	738.03
	388.15	0.00	14.27	740.03
	388.16	0.00	14.25	742.04
	388.17	0.00	14.28	748.03
	388.19	0.00	14.29	751.04
	388.20	0.00	14.35	759.03
	388.21	0.00	14.34	761.04
	388.22	0.00	14.37	764.03
	388.23	0.00	14.38	767.03
	388.24	0.00	14.40	770.03
	388.25	0.00	14.39	765.02
	388.27	0.00	14.45	776.02
	388.28	0.00	14.47	779.02
	388.29	0.00	14.50	785.02
	388.30	0.00	14.53	790.01
	388.31	0.00	14.53	790.01
	388.32	0.00	14.53	789.01
	388.33	0.00	14.52	791.02
	388.35	0.00	14.44	793.08
	388.36	0.00	14.30	790.12
	388.37	0.00	13.98	754.15
	388.38	0.00	12.90	632.22
	388.39	0.00	12.20	650.40
	388.41	0.00	11.79	702.51
	388.42	0.00	11.68	750.56
	388.43	0.00	11.56	787.63
	388.44	0.00	11.66	833.66
	388.45	0.00	11.61	835.64
	388.46	0.00	11.76	861.58
	388.47	0.00	11.78	867.57
	388.49	0.00	11.81	901.59
	388.50	0.00	11.90	924.58
	388.51	0.00	11.94	932.59
	388.52	0.00	11.96	941.60
	388.53	0.00	12.06	961.60
	388.54	0.00	12.08	971.61
	388.55	0.00	12.07	975.62
	388.57	0.00	12.09	982.62
	388.58	0.00	12.18	1002.63
	388.59	0.00	12.24	1011.62
	388.60	0.00	12.29	1019.63
	388.61	0.00	12.35	1025.62
	388.63	0.00	12.35	1026.62
	388.64	0.00	12.39	1031.63
	388.65	0.00	12.44	1040.62
	388.66	0.00	12.43	1042.63
	388.67	0.00	12.48	1052.63
	388.68	0.00	12.52	1058.63
	388.70	0.00	12.56	1063.63
	388.71	0.00	12.59	1064.63
	388.72	0.00	12.62	1067.64
	388.73	0.00	12.68	1071.63
	388.74	0.00	12.70	1070.62
	388.75	0.00	12.73	1077.62
	388.77	0.00	12.80	1107.62
	388.78	0.00	12.83	1111.62
	388.79	0.00	12.85	1117.62
	388.80	0.00	12.88	1124.62
	388.81	0.00	12.91	1145.62
	388.83	0.00	12.94	1151.62
	388.84	0.00	12.98	1157.62
	388.85	0.00	13.01	1158.61
	388.86	0.00	13.04	1164.62
	388.87	0.00	13.10	1174.61
	388.88	0.00	13.16	1175.60
	388.89	0.00	13.21	1176.60
	388.91	0.00	13.25	1180.60
	388.92	0.00	13.30	1184.59
	388.93	0.00	13.32	1189.60
	388.94	0.00	13.36	1193.59
	388.95	0.00	13.41	1203.58
	388.97	0.00	13.45	1206.58
	388.98	0.00	13.49	1213.58
	388.99	0.00	13.58	1237.57
	389.00	0.00	13.61	1233.57
	389.01	0.00	13.66	1239.57
	389.02	0.00	13.70	1244.57
	389.04	0.00	13.74	1245.56
	389.05	0.00	13.78	1245.56
	389.06	0.00	13.81	1243.56
	389.07	0.00	13.90	1247.51
	389.08	0.00	13.86	1246.57
	389.09	0.00	13.90	1244.55
	389.11	0.00	13.95	1248.55
	389.12	0.00	13.95	1251.55
	389.13	0.00	14.16	1277.55
	389.14	0.00	14.19	1273.53
	389.15	0.00	14.21	1274.53
	389.16	0.00	14.26	1272.49
	389.17	0.00	14.30	1271.48
	389.19	0.00	14.33	1270.47
	389.20	0.00	14.36	1269.47
	389.21	0.00	14.35	1259.46
	389.22	0.00	14.36	1258.46
	389.23	0.00	14.40	1259.41
	389.25	0.00	14.35	1251.45
	389.26	0.00	14.37	1252.45
	389.27	0.00	14.36	1243.45
	389.28	0.00	14.34	1240.45
	389.29	0.00	14.31	1233.46
	389.30	0.00	14.32	1231.46
	389.32	0.00	14.29	1223.46
	389.33	0.00	14.28	1229.46
	389.34	0.00	14.30	1228.46
	389.35	0.00	14.29	1226.46
	389.36	0.00	14.28	1230.47
	389.37	0.00	14.27	1226.47
	389.39	0.00	14.30	1226.43
	389.40	0.00	14.26	1230.48
	389.41	0.00	14.29	1232.47
	389.42	0.00	14.32	1228.47
	389.43	0.00	14.39	1219.45
	389.44	0.00	14.52	1202.43
	389.45	0.00	14.73	1154.41
	389.47	0.00	14.82	1136.33
	389.48	0.00	14.96	1099.29
	389.49	0.00	15.02	1065.24
	389.50	0.00	15.17	1055.12
	389.51	0.00	15.20	1044.09
	389.52	0.00	15.20	1027.08
	389.54	0.00	15.23	1022.07
	389.55	0.00	15.27	1012.03
	389.56	0.00	15.29	999.00
	389.57	0.00	15.35	982.94
	389.58	0.00	15.34	953.90
	389.60	0.00	15.32	910.88
	389.61	0.00	15.22	872.87
	389.62	0.00	15.12	837.86
	389.63	0.00	15.05	812.85
	389.64	0.00	14.72	783.85
	389.65	0.00	14.65	782.87
	389.67	0.00	14.50	767.93
	389.68	0.00	14.33	763.03
	389.69	0.00	14.20	742.05
	389.70	0.00	13.83	693.14
	389.71	0.00	13.52	609.06
	389.72	0.00	14.07	686.02
	389.73	0.00	14.11	693.03
	389.75	0.00	14.10	694.03
	389.76	0.00	14.08	694.04
	389.77	0.00	14.08	696.05
	389.78	0.00	14.10	699.05
	389.79	0.00	14.11	705.05
	389.80	0.00	14.17	715.04
	389.82	0.00	14.16	717.05
	389.83	0.00	14.18	718.05
	389.84	0.00	14.14	722.09
	389.85	0.00	14.09	720.12
	389.86	0.00	14.12	728.13
	389.87	0.00	14.12	727.12
	389.89	0.00	14.11	728.12
	389.90	0.00	14.15	733.12
	389.91	0.00	14.17	739.12
	389.92	0.00	14.18	742.12
	389.93	0.00	14.19	739.12
	389.94	0.00	14.21	741.11
	389.95	0.00	14.27	743.07
	389.97	0.00	14.26	744.08
	389.98	0.00	14.25	742.08
	389.99	0.00	14.28	744.08
	390.00	0.00	14.34	746.04
	390.01	0.00	14.35	749.03
	390.02	0.00	14.36	751.03
	390.04	0.00	14.38	753.02
	390.05	0.00	14.39	758.03
	390.06	0.00	14.42	761.03
	390.07	0.00	14.43	760.02
	390.08	0.00	14.27	762.14
	390.09	0.00	14.24	764.16
	390.11	0.00	14.10	765.22
	390.12	0.00	14.01	763.28
	390.13	0.00	13.76	736.32
	390.14	0.00	13.62	755.42
	390.15	0.00	13.28	772.56
	390.16	0.00	12.78	766.62
	390.17	0.00	12.24	746.67
	390.19	0.00	12.51	844.75
	390.20	0.00	12.55	878.79
	390.21	0.00	12.41	885.78
	390.22	0.00	12.48	910.76
	390.23	0.00	12.60	945.73
	390.25	0.00	12.74	998.74
	390.26	0.00	12.80	1028.73
	390.27	0.00	12.85	1051.73
	390.28	0.00	12.88	1071.73
	390.29	0.00	12.89	1087.75
	390.30	0.00	12.89	1104.75
	390.32	0.00	12.90	1112.75
	390.33	0.00	12.88	1139.76
	390.34	0.00	12.91	1124.76
	390.35	0.00	12.89	1122.77
	390.36	0.00	12.90	1147.76
	390.37	0.00	12.91	1123.76
	390.39	0.00	12.93	1127.76
	390.40	0.00	12.95	1127.76
	390.41	0.00	12.97	1129.76
	390.42	0.00	12.97	1128.76
	390.43	0.00	13.03	1130.72
	390.45	0.00	13.03	1133.76
	390.46	0.00	13.03	1128.76
	390.47	0.00	13.05	1131.76
	390.48	0.00	13.09	1134.76
	390.49	0.00	13.12	1132.76
	390.50	0.00	13.16	1138.76
	390.51	0.00	13.16	1136.76
	390.53	0.00	13.21	1138.76
	390.54	0.00	13.20	1139.76
	390.55	0.00	13.19	1133.76
	390.56	0.00	13.22	1139.76
	390.57	0.00	13.26	1164.76
	390.58	0.00	13.27	1187.75
	390.60	0.00	13.30	1185.75
	390.61	0.00	13.32	1188.75
	390.62	0.00	13.36	1192.75
	390.63	0.00	13.34	1189.75
	390.64	0.00	13.42	1204.76
	390.65	0.00	13.42	1197.75
	390.67	0.00	13.45	1205.75
	390.68	0.00	13.47	1228.75
	390.69	0.00	13.49	1234.75
	390.70	0.00	13.52	1242.75
	390.71	0.00	13.53	1238.74
	390.73	0.00	13.55	1242.74
	390.74	0.00	13.59	1246.74
	390.75	0.00	13.62	1229.74
	390.76	0.00	13.66	1251.74
	390.77	0.00	13.71	1248.73
	390.78	0.00	13.76	1255.73
	390.80	0.00	13.82	1254.73
	390.81	0.00	13.86	1262.72
	390.82	0.00	13.95	1262.72
	390.83	0.00	14.00	1263.71
	390.84	0.00	14.04	1289.71
	390.85	0.00	14.25	1314.70
	390.86	0.00	14.33	1309.70
	390.88	0.00	14.43	1306.69
	390.89	0.00	14.46	1305.67
	390.90	0.00	14.54	1310.66
	390.91	0.00	14.61	1319.65
	390.92	0.00	14.74	1295.64
	390.94	0.00	14.84	1300.62
	390.95	0.00	14.96	1282.56
	390.96	0.00	15.01	1279.57
	390.97	0.00	15.17	1272.47
	390.98	0.00	15.18	1273.48
	390.99	0.00	15.21	1242.48
	391.01	0.00	15.28	1242.44
	391.02	0.00	15.38	1248.39
	391.03	0.00	15.56	1245.19
	391.04	0.00	15.62	1242.12
	391.05	0.00	15.68	1241.10
	391.06	0.00	15.71	1238.08
	391.08	0.00	15.73	1215.08
	391.09	0.00	15.74	1207.07
	391.10	0.00	15.76	1207.06
	391.11	0.00	15.77	1202.04
	391.12	0.00	15.81	1203.02
	391.13	0.00	15.83	1198.00
	391.14	0.00	15.86	1192.98
	391.16	0.00	15.87	1185.96
	391.17	0.00	15.88	1178.96
	391.18	0.00	15.92	1174.94
	391.19	0.00	15.95	1170.93
	391.20	0.00	15.97	1161.90
	391.22	0.00	16.01	1157.88
	391.23	0.00	16.04	1147.86
	391.24	0.00	16.02	1139.86
	391.25	0.00	16.03	1123.85
	391.26	0.00	16.04	1111.84
	391.27	0.00	16.03	1077.84
	391.29	0.00	16.03	1058.84
	391.30	0.00	16.02	1045.83
	391.31	0.00	15.98	1021.83
	391.32	0.00	15.90	993.83
	391.33	0.00	15.81	943.83
	391.34	0.00	15.73	933.83
	391.36	0.00	15.75	925.82
	391.37	0.00	15.67	916.82
	391.38	0.00	15.38	888.83
	391.39	0.00	15.22	881.86
	391.40	0.00	14.97	857.98
	391.41	0.00	14.80	826.02
	391.42	0.00	14.58	791.06
	391.44	0.00	14.36	732.03
	391.45	0.00	14.40	743.04
	391.46	0.00	14.37	744.05
	391.47	0.00	14.38	742.05
	391.48	0.00	14.37	741.06
	391.49	0.00	14.37	740.05
	391.51	0.00	14.36	740.06
	391.52	0.00	14.35	738.06
	391.53	0.00	14.32	733.07
	391.54	0.00	14.35	740.07
	391.55	0.00	14.36	748.08
	391.56	0.00	14.37	750.08
	391.58	0.00	14.33	743.08
	391.59	0.00	14.30	736.08
	391.60	0.00	14.31	742.09
	391.61	0.00	14.35	749.09
	391.62	0.00	14.33	742.08
	391.63	0.00	14.33	746.09
	391.65	0.00	14.33	745.09
	391.66	0.00	14.36	752.09
	391.67	0.00	14.37	753.09
	391.68	0.00	14.38	755.09
	391.69	0.00	14.39	759.09
	391.70	0.00	14.38	755.09
	391.71	0.00	14.38	754.08
	391.73	0.00	14.39	756.08
	391.74	0.00	14.44	760.06
	391.75	0.00	14.50	762.02
	391.76	0.00	14.52	763.01
	391.77	0.00	14.58	771.01
	391.78	0.00	14.57	772.00
	391.80	0.00	14.46	773.09
	391.81	0.00	14.27	772.22
	391.82	0.00	14.19	772.26
	391.83	0.00	14.05	763.30
	391.84	0.00	13.60	696.33
	391.85	0.00	13.13	681.39
	391.87	0.00	12.22	657.54
	391.88	0.00	11.78	702.65
	391.89	0.00	11.70	745.72
	391.90	0.00	11.80	794.76
	391.91	0.00	11.91	850.76
	391.92	0.00	12.29	928.75
	391.93	0.00	12.54	985.75
	391.95	0.00	12.72	1052.76
	391.96	0.00	12.88	1086.76
	391.97	0.00	13.08	1135.76
	391.98	0.00	13.21	1158.75
	391.99	0.00	13.28	1166.75
	392.01	0.00	13.35	1177.74
	392.02	0.00	13.38	1183.75
	392.03	0.00	13.45	1185.75
	392.04	0.00	13.54	1184.74
	392.05	0.00	13.63	1191.73
	392.06	0.00	13.62	1210.73
	392.08	0.00	13.66	1192.73
	392.09	0.00	13.71	1197.72
	392.10	0.00	13.74	1199.72
	392.11	0.00	13.77	1202.71
	392.12	0.00	13.80	1206.71
	392.13	0.00	13.83	1212.71
	392.14	0.00	13.84	1216.71
	392.16	0.00	13.86	1240.70
	392.17	0.00	13.90	1244.70
	392.18	0.00	13.93	1242.70
	392.19	0.00	13.94	1251.70
	392.20	0.00	14.03	1231.69
	392.22	0.00	14.04	1235.70
	392.23	0.00	14.05	1233.70
	392.24	0.00	14.08	1234.69
	392.25	0.00	14.12	1246.69
	392.26	0.00	14.13	1244.69
	392.27	0.00	14.15	1244.68
	392.29	0.00	14.20	1244.66
	392.30	0.00	14.22	1249.68
	392.31	0.00	14.23	1244.67
	392.32	0.00	14.29	1251.67
	392.33	0.00	14.30	1252.67
	392.34	0.00	14.32	1248.67
	392.36	0.00	14.35	1257.67
	392.37	0.00	14.36	1258.67
	392.38	0.00	14.37	1255.66
	392.39	0.00	14.38	1258.66
	392.40	0.00	14.40	1260.66
	392.41	0.00	14.44	1257.65
	392.43	0.00	14.45	1260.66
	392.44	0.00	14.49	1259.65
	392.45	0.00	14.54	1281.64
	392.46	0.00	14.56	1286.64
	392.47	0.00	14.58	1300.64
	392.48	0.00	14.74	1326.64
	392.50	0.00	14.74	1329.64
	392.51	0.00	14.74	1333.65
	392.52	0.00	14.81	1332.65
	392.53	0.00	14.82	1328.65
	392.54	0.00	14.87	1340.65
	392.55	0.00	14.91	1345.64
	392.57	0.00	14.93	1343.64
	392.58	0.00	15.01	1348.61
	392.59	0.00	15.02	1344.63
	392.60	0.00	15.06	1353.62
	392.61	0.00	15.08	1349.62
	392.63	0.00	15.11	1360.62
	392.64	0.00	15.13	1371.62
	392.65	0.00	15.13	1377.62
	392.66	0.00	15.14	1382.63
	392.67	0.00	15.14	1388.63
	392.68	0.00	15.15	1391.64
	392.70	0.00	15.13	1384.65
	392.71	0.00	15.17	1385.65
	392.72	0.00	15.21	1389.64
	392.73	0.00	15.25	1386.61
	392.74	0.00	15.27	1385.62
	392.75	0.00	15.27	1384.62
	392.77	0.00	15.29	1371.60
	392.78	0.00	15.33	1374.59
	392.79	0.00	15.38	1369.58
	392.80	0.00	15.51	1342.48
	392.81	0.00	15.63	1338.37
	392.82	0.00	15.86	1325.11
	392.84	0.00	15.89	1298.08
	392.85	0.00	15.93	1286.06
	392.86	0.00	15.95	1274.04
	392.87	0.00	15.96	1263.03
	392.88	0.00	15.97	1251.01
	392.89	0.00	15.97	1237.01
	392.91	0.00	15.97	1226.98
	392.92	0.00	15.98	1206.95
	392.93	0.00	15.94	1172.93
	392.94	0.00	15.95	1145.89
	392.95	0.00	15.90	1119.87
	392.96	0.00	15.87	1078.85
	392.98	0.00	15.79	1037.85
	392.99	0.00	15.67	977.84
	393.00	0.00	15.62	940.84
	393.01	0.00	15.59	919.83
	393.02	0.00	15.56	909.83
	393.03	0.00	15.53	906.83
	393.05	0.00	15.25	873.83
	393.06	0.00	15.12	860.84
	393.07	0.00	15.00	850.89
	393.08	0.00	14.86	838.96
	393.09	0.00	14.72	822.01
	393.10	0.00	14.58	801.06
	393.11	0.00	14.37	753.07
	393.13	0.00	14.30	732.04
	393.14	0.00	14.29	737.07
	393.15	0.00	14.20	738.14
	393.16	0.00	14.22	739.13
	393.17	0.00	14.21	737.14
	393.19	0.00	14.25	742.12
	393.20	0.00	14.21	739.14
	393.21	0.00	14.25	743.12
	393.22	0.00	14.23	750.15
	393.23	0.00	14.24	752.17
	393.24	0.00	14.22	757.20
	393.25	0.00	14.20	756.21
	393.27	0.00	14.19	763.25
	393.28	0.00	14.15	757.26
	393.29	0.00	14.18	761.25
	393.30	0.00	14.12	764.31
	393.31	0.00	14.13	763.30
	393.32	0.00	14.15	769.30
	393.33	0.00	14.20	773.28
	393.35	0.00	14.15	775.31
	393.36	0.00	14.16	775.32
	393.37	0.00	14.20	778.30
	393.38	0.00	14.19	779.30
	393.39	0.00	14.19	774.27
	393.41	0.00	14.30	780.22
	393.42	0.00	14.35	779.18
	393.43	0.00	14.38	785.16
	393.44	0.00	14.43	783.13
	393.45	0.00	14.43	785.12
	393.46	0.00	14.47	788.11
	393.48	0.00	14.48	784.08
	393.49	0.00	14.26	784.24
	393.50	0.00	14.08	772.33
	393.51	0.00	13.84	737.33
	393.52	0.00	13.06	667.39
	393.53	0.00	12.49	699.59
	393.54	0.00	11.93	771.76
	393.55	0.00	11.69	803.83
	393.57	0.00	11.72	842.83
	393.58	0.00	11.75	854.81
	393.59	0.00	11.83	863.77
	393.60	0.00	12.08	894.74
	393.61	0.00	12.43	955.73
	393.63	0.00	12.53	969.73
	393.64	0.00	12.64	991.73
	393.65	0.00	12.70	1007.73
	393.66	0.00	12.77	1015.72
	393.67	0.00	12.81	1021.72
	393.68	0.00	12.87	1028.72
	393.70	0.00	12.91	1027.71
	393.71	0.00	12.95	1024.70
	393.72	0.00	12.97	1016.69
	393.73	0.00	13.00	1012.68
	393.74	0.00	13.05	1005.67
	393.75	0.00	13.11	1002.66
	393.76	0.00	13.14	998.66
	393.78	0.00	13.16	994.67
	393.79	0.00	13.23	994.65
	393.80	0.00	13.25	1002.65
	393.81	0.00	13.29	1003.65
	393.82	0.00	13.30	998.65
	393.83	0.00	13.32	997.64
	393.85	0.00	13.36	1006.64
	393.86	0.00	13.39	1005.64
	393.87	0.00	13.43	1006.63
	393.88	0.00	13.52	1028.62
	393.89	0.00	13.59	1028.62
	393.90	0.00	13.70	1043.61
	393.92	0.00	13.83	1052.60
	393.93	0.00	13.94	1059.60
	393.94	0.00	14.00	1062.59
	393.95	0.00	14.27	1097.58
	393.96	0.00	14.35	1111.57
	393.97	0.00	14.41	1118.57
	393.99	0.00	14.46	1120.56
	394.00	0.00	14.50	1130.58
	394.01	0.00	14.57	1134.55
	394.02	0.00	14.60	1142.55
	394.03	0.00	14.58	1140.54
	394.04	0.00	14.61	1148.54
	394.05	0.00	14.63	1153.54
	394.07	0.00	14.64	1153.54
	394.08	0.00	14.64	1150.54
	394.09	0.00	14.67	1158.53
	394.10	0.00	14.69	1160.53
	394.11	0.00	14.70	1162.53
	394.13	0.00	14.70	1163.53
	394.14	0.00	14.71	1187.53
	394.15	0.00	14.75	1169.52
	394.16	0.00	14.73	1163.52
	394.17	0.00	14.76	1171.52
	394.18	0.00	14.76	1171.52
	394.20	0.00	14.77	1172.52
	394.21	0.00	14.78	1180.52
	394.22	0.00	14.81	1180.51
	394.23	0.00	14.84	1181.51
	394.24	0.00	14.87	1181.50
	394.25	0.00	14.92	1183.49
	394.27	0.00	14.92	1176.46
	394.28	0.00	15.04	1181.36
	394.29	0.00	15.01	1186.40
	394.30	0.00	15.05	1186.37
	394.31	0.00	15.00	1177.41
	394.32	0.00	15.05	1179.38
	394.34	0.00	15.07	1183.34
	394.35	0.00	15.10	1184.33
	394.36	0.00	15.12	1182.32
	394.37	0.00	15.09	1178.33
	394.38	0.00	15.08	1182.34
	394.39	0.00	15.07	1177.35
	394.41	0.00	15.06	1180.35
	394.42	0.00	15.05	1187.36
	394.43	0.00	15.03	1180.36
	394.44	0.00	15.03	1177.34
	394.45	0.00	14.98	1179.38
	394.46	0.00	14.97	1178.38
	394.48	0.00	14.96	1178.39
	394.49	0.00	14.93	1175.40
	394.50	0.00	14.88	1174.41
	394.51	0.00	14.85	1172.42
	394.52	0.00	14.80	1170.43
	394.53	0.00	14.80	1173.43
	394.55	0.00	14.79	1172.44
	394.56	0.00	14.82	1172.43
	394.57	0.00	14.85	1171.43
	394.58	0.00	14.90	1161.42
	394.59	0.00	14.93	1145.41
	394.60	0.00	14.97	1140.40
	394.61	0.00	14.99	1125.38
	394.63	0.00	15.03	1075.39
	394.64	0.00	15.06	1064.36
	394.65	0.00	15.28	1055.14
	394.66	0.00	15.32	1042.10
	394.67	0.00	15.36	1036.08
	394.69	0.00	15.36	1025.07
	394.70	0.00	15.36	1013.05
	394.71	0.00	15.40	1004.02
	394.72	0.00	15.39	992.00
	394.73	0.00	15.38	974.99
	394.74	0.00	15.37	953.96
	394.76	0.00	15.35	932.94
	394.77	0.00	15.34	910.91
	394.78	0.00	15.33	871.87
	394.79	0.00	15.32	860.85
	394.80	0.00	15.25	845.85
	394.81	0.00	14.97	816.85
	394.83	0.00	14.87	808.89
	394.84	0.00	14.75	794.94
	394.85	0.00	14.63	781.98
	394.86	0.00	14.52	769.01
	394.87	0.00	14.36	743.04
	394.88	0.00	14.00	718.21
	394.89	0.00	13.76	681.23
	394.91	0.00	13.72	659.17
	394.92	0.00	13.74	663.17
	394.93	0.00	13.81	665.13
	394.94	0.00	13.79	667.14
	394.95	0.00	13.73	656.15
	394.96	0.00	13.71	658.17
	394.98	0.00	13.73	658.16
	394.99	0.00	13.75	659.15
	395.00	0.00	13.71	658.17
	395.01	0.00	13.71	658.17
	395.02	0.00	13.82	666.13
	395.03	0.00	13.83	665.13
	395.04	0.00	14.08	714.14
	395.06	0.00	14.12	734.18
	395.07	0.00	14.12	749.24
	395.08	0.00	14.17	755.22
	395.09	0.00	14.12	755.26
	395.10	0.00	14.13	758.27
	395.11	0.00	14.12	761.29
	395.13	0.00	14.11	765.31
	395.14	0.00	14.10	766.32
	395.15	0.00	14.15	775.32
	395.16	0.00	14.14	774.32
	395.17	0.00	14.13	780.35
	395.18	0.00	14.19	786.32
	395.20	0.00	14.36	790.18
	395.21	0.00	14.54	862.21
	395.22	0.00	14.66	910.23
	395.23	0.00	14.58	934.30
	395.24	0.00	14.51	962.37
	395.25	0.00	14.48	1002.43
	395.27	0.00	14.53	1022.44
	395.28	0.00	14.63	1050.44
	395.29	0.00	14.74	1064.42
	395.30	0.00	14.78	1072.41
	395.31	0.00	15.01	1098.40
	395.32	0.00	15.07	1101.39
	395.33	0.00	15.09	1104.38
	395.35	0.00	15.13	1111.37
	395.36	0.00	15.14	1111.37
	395.37	0.00	15.15	1115.37
	395.38	0.00	15.17	1116.37
	395.39	0.00	15.18	1117.37
	395.41	0.00	15.18	1115.36
	395.42	0.00	15.16	1110.37
	395.43	0.00	15.19	1121.36
	395.44	0.00	15.18	1117.36
	395.45	0.00	15.18	1118.36
	395.46	0.00	15.19	1124.36
	395.48	0.00	15.19	1126.36
	395.49	0.00	15.18	1126.37
	395.50	0.00	15.20	1135.36
	395.51	0.00	15.22	1137.36
	395.52	0.00	15.23	1142.36
	395.53	0.00	15.21	1144.37
	395.55	0.00	15.23	1147.36
	395.56	0.00	15.24	1147.36
	395.57	0.00	15.26	1153.36
	395.58	0.00	15.26	1152.36
	395.59	0.00	15.27	1154.36
	395.60	0.00	15.27	1155.36
	395.62	0.00	15.27	1156.36
	395.63	0.00	15.27	1156.36
	395.64	0.00	15.24	1156.39
	395.65	0.00	15.24	1160.39
	395.66	0.00	15.25	1165.39
	395.67	0.00	15.27	1168.39
	395.69	0.00	15.27	1168.39
	395.70	0.00	15.27	1173.39
	395.71	0.00	15.28	1179.39
	395.72	0.00	15.24	1199.39
	395.73	0.00	15.21	1199.40
	395.74	0.00	15.20	1206.41
	395.76	0.00	15.17	1205.41
	395.77	0.00	15.16	1207.42
	395.78	0.00	15.14	1209.42
	395.79	0.00	15.13	1211.43
	395.80	0.00	15.10	1214.45
	395.81	0.00	15.10	1215.44
	395.83	0.00	15.08	1215.45
	395.84	0.00	15.05	1213.46
	395.85	0.00	15.04	1214.46
	395.86	0.00	15.01	1214.47
	395.87	0.00	14.99	1213.48
	395.88	0.00	14.97	1211.48
	395.89	0.00	14.95	1208.49
	395.91	0.00	14.93	1200.49
	395.92	0.00	14.97	1204.49
	395.93	0.00	14.95	1199.49
	395.94	0.00	14.97	1177.49
	395.95	0.00	14.99	1177.49
	395.97	0.00	14.98	1175.49
	395.98	0.00	14.99	1173.49
	395.99	0.00	14.99	1169.49
	396.00	0.00	15.02	1170.48
	396.01	0.00	15.05	1166.48
	396.02	0.00	15.06	1167.48
	396.04	0.00	15.07	1169.48
	396.05	0.00	15.09	1170.47
	396.06	0.00	15.11	1176.47
	396.07	0.00	15.11	1177.47
	396.08	0.00	15.11	1178.47
	396.09	0.00	15.11	1178.47
	396.11	0.00	15.12	1179.47
	396.12	0.00	15.11	1179.47
	396.13	0.00	15.10	1179.48
	396.14	0.00	15.10	1178.48
	396.15	0.00	15.11	1181.47
	396.17	0.00	15.10	1181.48
	396.18	0.00	15.11	1180.47
	396.19	0.00	15.10	1182.48
	396.20	0.00	15.11	1179.48
	396.21	0.00	15.12	1180.47
	396.22	0.00	15.12	1178.47
	396.23	0.00	15.13	1185.47
	396.25	0.00	15.12	1180.47
	396.26	0.00	15.12	1183.47
	396.27	0.00	15.10	1183.48
	396.28	0.00	15.11	1181.47
	396.29	0.00	15.09	1181.48
	396.30	0.00	15.10	1180.48
	396.32	0.00	15.08	1179.48
	396.33	0.00	15.08	1182.48
	396.34	0.00	15.09	1179.48
	396.35	0.00	15.06	1181.48
	396.36	0.00	15.07	1180.48
	396.38	0.00	15.07	1179.48
	396.39	0.00	15.06	1180.49
	396.40	0.00	15.05	1180.49
	396.41	0.00	15.04	1180.50
	396.42	0.00	15.03	1180.50
	396.43	0.00	15.02	1180.50
	396.44	0.00	15.00	1179.51
	396.46	0.00	14.97	1179.51
	396.47	0.00	14.97	1179.52
	396.48	0.00	14.95	1181.52
	396.49	0.00	14.77	1161.53
	396.50	0.00	14.76	1161.53
	396.52	0.00	14.74	1160.54
	396.53	0.00	14.73	1160.54
	396.54	0.00	14.71	1162.54
	396.55	0.00	14.69	1162.55
	396.56	0.00	14.69	1163.55
	396.57	0.00	14.68	1164.55
	396.58	0.00	14.67	1163.56
	396.60	0.00	14.67	1162.56
	396.61	0.00	14.66	1163.56
	396.62	0.00	14.66	1162.56
	396.63	0.00	14.64	1160.57
	396.64	0.00	14.63	1160.57
	396.66	0.00	14.62	1162.57
	396.67	0.00	14.60	1162.58
	396.68	0.00	14.59	1161.58
	396.69	0.00	14.60	1163.58
	396.70	0.00	14.58	1161.58
	396.71	0.00	14.57	1159.58
	396.73	0.00	14.58	1163.58
	396.74	0.00	14.57	1163.58
	396.75	0.00	14.55	1161.59
	396.76	0.00	14.52	1159.59
	396.77	0.00	14.52	1157.59
	396.78	0.00	14.53	1157.59
	396.80	0.00	14.51	1157.59
	396.81	0.00	14.49	1154.59
	396.82	0.00	14.48	1153.59
	396.83	0.00	14.46	1148.59
	396.84	0.00	14.45	1147.59
	396.85	0.00	14.42	1144.60
	396.86	0.00	14.42	1144.60
	396.88	0.00	14.40	1142.60
	396.89	0.00	14.40	1141.60
	396.90	0.00	14.39	1143.60
	396.91	0.00	14.39	1141.60
	396.92	0.00	14.39	1139.60
	396.94	0.00	14.39	1141.60
	396.95	0.00	14.39	1141.60
	396.96	0.00	14.39	1138.60
	396.97	0.00	14.37	1140.60
	396.98	0.00	14.37	1140.60
	396.99	0.00	14.37	1140.60
	397.01	0.00	14.39	1140.58
	397.02	0.00	14.37	1139.60
	397.03	0.00	14.36	1137.60
	397.04	0.00	14.37	1139.60
	397.05	0.00	14.37	1139.60
	397.06	0.00	14.37	1139.60
	397.08	0.00	14.37	1137.60
	397.09	0.00	14.37	1136.60
	397.10	0.00	14.38	1140.60
	397.11	0.00	14.38	1140.60
	397.12	0.00	14.37	1141.60
	397.13	0.00	14.38	1138.60
	397.15	0.00	14.38	1142.60
	397.16	0.00	14.38	1139.60
	397.17	0.00	14.37	1141.60
	397.18	0.00	14.38	1140.60
	397.19	0.00	14.38	1140.60
	397.20	0.00	14.35	1133.60
	397.22	0.00	14.37	1137.60
	397.23	0.00	14.38	1138.60
	397.24	0.00	14.37	1141.61
	397.25	0.00	14.38	1142.60
	397.26	0.00	14.38	1138.60
	397.27	0.00	14.38	1139.60
	397.29	0.00	14.39	1140.60
	397.30	0.00	14.38	1139.60
	397.31	0.00	14.38	1140.60
	397.32	0.00	14.38	1138.60
	397.33	0.00	14.39	1140.60
	397.34	0.00	14.39	1140.60
	397.36	0.00	14.39	1138.60
	397.37	0.00	14.38	1134.60
	397.38	0.00	14.40	1142.60
	397.39	0.00	14.43	1140.60
	397.40	0.00	14.41	1142.60
	397.41	0.00	14.41	1142.60
	397.42	0.00	14.40	1138.60
	397.44	0.00	14.42	1142.60
	397.45	0.00	14.42	1142.60
	397.46	0.00	14.44	1142.60
	397.47	0.00	14.44	1141.60
	397.48	0.00	14.46	1143.60
	397.50	0.00	14.44	1140.60
	397.51	0.00	14.45	1141.60
	397.52	0.00	14.46	1142.60
	397.53	0.00	14.46	1142.60
	397.54	0.00	14.46	1144.60
	397.55	0.00	14.46	1141.60
	397.57	0.00	14.48	1142.60
	397.58	0.00	14.48	1143.60
	397.59	0.00	14.48	1143.60
	397.60	0.00	14.49	1145.59
	397.61	0.00	14.49	1144.59
	397.62	0.00	14.49	1144.60
	397.64	0.00	14.67	1164.59
	397.65	0.00	14.50	1142.59
	397.66	0.00	14.67	1165.59
	397.67	0.00	14.69	1167.59
	397.68	0.00	14.69	1167.59
	397.69	0.00	14.70	1170.59
	397.71	0.00	14.72	1172.59
	397.72	0.00	14.73	1174.59
	397.73	0.00	14.71	1171.59
	397.74	0.00	14.74	1176.59
	397.75	0.00	14.74	1177.59
	397.76	0.00	14.74	1178.59
	397.77	0.00	14.74	1177.59
	397.79	0.00	14.74	1178.59
	397.80	0.00	14.75	1180.59
	397.81	0.00	14.74	1176.59
	397.82	0.00	14.75	1178.59
	397.83	0.00	14.75	1179.59
	397.85	0.00	14.76	1180.59
	397.86	0.00	14.76	1181.59
	397.87	0.00	14.76	1181.59
	397.88	0.00	14.76	1181.59
	397.89	0.00	14.76	1182.59
	397.90	0.00	14.76	1182.59
	397.92	0.00	14.76	1184.59
	397.93	0.00	14.76	1183.59
	397.94	0.00	14.77	1185.59
	397.95	0.00	14.77	1184.59
	397.96	0.00	14.78	1185.59
	397.97	0.00	14.74	1200.59
	397.98	0.00	14.77	1208.58
	398.00	0.00	14.76	1203.58
	398.01	0.00	14.75	1204.59
	398.02	0.00	14.76	1206.58
	398.03	0.00	14.78	1184.58
	398.04	0.00	14.75	1206.59
	398.05	0.00	14.78	1188.59
	398.07	0.00	14.60	1165.59
	398.08	0.00	14.77	1208.58
	398.09	0.00	14.76	1207.59
	398.10	0.00	14.76	1206.58
	398.11	0.00	14.76	1209.59
	398.13	0.00	14.75	1209.59
	398.14	0.00	14.76	1207.58
	398.15	0.00	14.75	1208.59
	398.16	0.00	14.76	1209.58
	398.17	0.00	14.76	1208.58
	398.18	0.00	14.76	1211.58
	398.20	0.00	14.75	1211.59
	398.21	0.00	14.75	1211.59
	398.22	0.00	14.74	1210.59
	398.23	0.00	14.75	1211.59
	398.24	0.00	14.73	1206.59
	398.25	0.00	14.74	1211.59
	398.27	0.00	14.74	1212.59
	398.28	0.00	14.75	1213.59
	398.29	0.00	14.75	1214.59
	398.30	0.00	14.74	1212.59
	398.31	0.00	14.74	1211.59
	398.32	0.00	14.76	1213.58
	398.34	0.00	14.74	1213.59
	398.35	0.00	14.74	1216.59
	398.36	0.00	14.74	1215.59
	398.37	0.00	14.74	1214.59
	398.38	0.00	14.74	1213.59
	398.39	0.00	14.74	1216.59
	398.41	0.00	14.74	1215.59
	398.42	1.00	14.76	1216.58
	398.43	1.00	14.75	1216.59
	398.44	1.00	14.74	1216.59
	398.45	1.00	14.75	1215.59
	398.47	1.00	14.76	1218.59
	398.48	1.00	14.76	1217.58
	398.49	1.00	14.75	1217.59
	398.50	1.00	14.76	1216.58
	398.51	1.00	14.76	1216.58
	398.52	1.00	14.76	1216.59
	398.53	1.00	14.75	1218.59
	398.55	1.00	14.76	1216.59
	398.56	1.00	14.76	1214.58
	398.57	1.00	14.60	1195.58
	398.58	1.00	14.75	1211.58
	398.59	1.00	14.77	1215.58
	398.61	1.00	14.77	1216.58
	398.62	0.00	14.77	1217.58
	398.63	0.00	14.77	1216.58
	398.64	0.00	14.76	1217.58
	398.65	0.00	14.77	1218.58
	398.66	0.00	14.76	1218.59
	398.67	0.00	14.76	1218.59
	398.69	0.00	14.77	1217.58
	398.70	0.00	14.77	1217.58
	398.71	0.00	14.76	1219.59
	398.72	0.00	14.77	1221.57
	398.73	0.00	14.77	1223.58
	398.75	0.00	14.76	1225.59
	398.76	0.00	14.76	1226.59
	398.77	0.00	14.75	1226.59
	398.78	0.00	14.74	1226.59
	398.79	0.00	14.75	1232.59
	398.80	0.00	14.74	1231.59
	398.82	0.00	14.74	1237.59
	398.83	0.00	14.73	1239.60
	398.84	0.00	14.71	1240.60
	398.85	0.00	14.70	1245.60
	398.86	0.00	14.69	1245.60
	398.87	0.00	14.65	1240.61
	398.88	0.00	14.63	1242.61
	398.90	0.00	14.59	1237.61
	398.91	0.00	14.54	1232.62
	398.92	0.00	14.50	1234.63
	398.93	0.00	14.49	1233.64
	398.94	0.00	14.50	1238.64
	398.95	0.00	14.34	1229.64
	398.97	0.00	14.38	1247.65
	398.98	0.00	14.38	1250.65
	398.99	0.00	14.41	1242.66
	399.00	0.00	14.40	1246.67
	399.01	0.00	14.37	1247.67
	399.02	0.00	14.35	1258.68
	399.04	0.00	14.32	1263.69
	399.05	0.00	14.30	1267.69
	399.06	0.00	14.29	1277.70
	399.07	0.00	14.23	1302.71
	399.08	0.00	14.22	1285.72
	399.09	0.00	14.19	1283.73
	399.11	0.00	14.17	1285.73
	399.12	0.00	14.16	1286.73
	399.13	0.00	14.16	1288.73
	399.14	0.00	14.12	1308.73
	399.15	0.00	14.12	1311.74
	399.17	0.00	14.13	1313.74
	399.18	0.00	14.15	1314.74
	399.19	0.00	14.18	1315.74
	399.20	0.00	14.19	1317.74
	399.21	0.00	14.22	1321.74
	399.22	0.00	14.27	1325.73
	399.23	0.00	14.32	1330.72
	399.25	0.00	14.39	1326.72
	399.26	0.00	14.52	1316.71
	399.27	0.00	14.59	1312.70
	399.28	0.00	14.70	1313.69
	399.29	0.00	14.91	1333.68
	399.30	0.00	15.01	1326.66
	399.32	0.00	15.11	1316.63
	399.33	0.00	15.30	1314.52
	399.34	0.00	15.32	1314.56
	399.35	0.00	15.34	1295.63
	399.36	0.00	15.40	1287.59
	399.38	0.00	15.63	1283.37
	399.39	0.00	15.75	1270.24
	399.40	0.00	15.81	1272.25
	399.41	0.00	15.94	1262.11
	399.42	0.00	15.97	1257.07
	399.43	0.00	15.97	1246.05
	399.45	0.00	15.97	1227.04
	399.46	0.00	15.94	1180.01
	399.47	0.00	15.85	1119.99
	399.48	0.00	15.67	1012.96
	399.49	0.00	15.02	835.96
	399.50	0.00	14.25	668.96
	399.52	0.00	14.14	651.96
	399.53	0.00	14.09	644.97
	399.54	0.00	14.06	642.98
	399.55	0.00	14.20	674.99
	399.56	0.00	14.45	735.99
	399.57	0.00	14.67	785.98
	399.58	0.00	14.56	757.97
	399.60	0.00	14.50	744.98
	399.61	0.00	14.50	745.98
	399.62	0.00	14.49	748.98
	399.63	0.00	14.48	747.99
	399.64	0.00	14.48	748.99
	399.65	0.00	14.49	750.99
	399.67	0.00	14.47	745.99
	399.68	0.00	14.45	739.99
	399.69	0.00	14.50	755.99
	399.70	0.00	14.52	760.99
	399.71	0.00	14.55	764.99
	399.72	0.00	14.58	771.99
	399.74	0.00	14.62	784.99
	399.75	0.00	14.62	788.00
	399.76	0.00	14.65	796.00
	399.77	0.00	14.68	798.00
	399.78	0.00	14.69	806.00
	399.79	0.00	14.68	806.00
	399.81	0.00	14.68	808.00
	399.82	0.00	14.78	821.99
	399.83	0.00	14.90	864.97
	399.84	0.00	14.96	881.95
	399.85	0.00	15.09	907.91
	399.86	0.00	15.13	938.94
	399.88	0.00	15.12	976.01
	399.89	0.00	14.64	1004.40
	399.90	0.00	14.40	1042.48
	399.91	0.00	14.31	1065.51
	399.92	0.00	14.29	1077.53
	399.93	0.00	14.31	1090.53
	399.95	0.00	14.30	1109.54
	399.96	0.00	14.29	1134.57
	399.97	0.00	14.24	1174.59
	399.98	0.00	14.18	1201.62
	399.99	0.00	14.09	1242.63
	400.00	0.00	14.07	1250.63
	400.02	0.00	14.04	1258.65
	400.03	0.00	14.02	1263.65
	400.04	0.00	14.00	1267.66
	400.05	0.00	14.00	1269.66
	400.06	0.00	13.97	1271.67
	400.07	0.00	13.97	1268.68
	400.09	0.00	13.93	1266.69
	400.10	0.00	13.89	1256.69
	400.11	0.00	13.92	1272.69
	400.12	0.00	13.91	1271.69
	400.13	0.00	13.90	1280.70
	400.14	0.00	13.88	1280.70
	400.16	0.00	13.88	1283.70
	400.17	0.00	13.86	1282.70
	400.18	0.00	13.87	1287.70
	400.19	0.00	13.87	1288.70
	400.20	0.00	13.86	1293.71
	400.22	0.00	13.87	1291.70
	400.23	0.00	13.85	1282.70
	400.24	0.00	13.88	1298.70
	400.25	0.00	13.85	1292.70
	400.26	0.00	13.87	1307.70
	400.27	0.00	13.85	1310.71
	400.29	0.00	13.84	1312.71
	400.30	0.00	13.84	1316.71
	400.31	0.00	13.84	1322.70
	400.32	0.00	13.83	1326.71
	400.33	0.00	13.85	1348.70
	400.34	0.00	13.84	1349.71
	400.36	0.00	13.85	1351.71
	400.37	0.00	13.85	1355.71
	400.38	0.00	13.85	1358.71
	400.39	0.00	13.86	1362.71
	400.40	0.00	13.87	1364.71
	400.41	0.00	13.85	1369.71
	400.42	0.00	13.87	1373.71
	400.44	0.00	13.86	1374.71
	400.45	0.00	13.88	1381.71
	400.46	0.00	13.87	1384.71
	400.47	0.00	13.88	1391.71
	400.48	0.00	13.89	1398.72
	400.50	0.00	13.92	1395.71
	400.51	0.00	13.95	1407.71
	400.52	0.00	13.97	1404.71
	400.53	0.00	14.01	1412.71
	400.54	0.00	14.03	1404.71
	400.55	0.00	14.08	1410.71
	400.57	0.00	14.14	1405.69
	400.58	0.00	14.18	1403.69
	400.59	0.00	14.25	1403.63
	400.60	0.00	14.31	1422.62
	400.61	0.00	14.30	1417.67
	400.62	0.00	14.38	1414.65
	400.64	0.00	14.50	1410.61
	400.65	0.00	14.65	1409.43
	400.66	0.00	14.66	1402.45
	400.67	0.00	14.94	1410.36
	400.68	0.00	15.06	1399.22
	400.69	0.00	15.20	1390.12
	400.70	0.00	15.27	1378.10
	400.72	0.00	15.34	1370.07
	400.73	0.00	15.39	1323.06
	400.74	0.00	15.49	1297.04
	400.75	0.00	15.54	1283.03
	400.76	0.00	15.60	1276.01
	400.78	0.00	15.65	1269.99
	400.79	0.00	15.77	1243.98
	400.80	0.00	15.80	1236.97
	400.81	0.00	15.81	1232.96
	400.82	0.00	15.83	1223.95
	400.83	0.00	15.81	1216.95
	400.85	0.00	15.80	1203.95
	400.86	0.00	15.80	1187.94
	400.87	0.00	15.78	1179.95
	400.88	0.00	15.79	1171.94
	400.89	0.00	15.79	1158.94
	400.90	0.00	15.77	1143.94
	400.92	0.00	15.79	1130.92
	400.93	0.00	15.76	1115.93
	400.94	0.00	15.72	1100.93
	400.95	0.00	15.68	1084.93
	400.96	0.00	15.67	1071.92
	400.97	0.00	15.66	1059.92
	400.99	0.00	15.41	1013.92
	401.00	0.00	15.35	967.91
	401.01	0.00	15.30	942.90
	401.02	0.00	15.16	892.91
	401.03	0.00	14.95	824.91
	401.04	0.00	14.61	738.92
	401.05	0.00	14.53	731.93
	401.07	0.00	14.54	734.93
	401.08	0.00	14.56	741.93
	401.09	0.00	14.80	796.93
	401.10	0.00	14.92	835.93
	401.11	0.00	14.83	820.94
	401.13	0.00	14.69	783.94
	401.14	0.00	14.61	769.95
	401.15	0.00	14.58	770.96
	401.16	0.00	14.58	767.96
	401.17	0.00	14.53	756.96
	401.18	0.00	14.53	756.96
	401.20	0.00	14.52	751.95
	401.21	0.00	14.50	748.95
	401.22	0.00	14.53	754.95
	401.23	0.00	14.51	753.96
	401.24	0.00	14.49	751.96
	401.25	0.00	14.51	751.95
	401.26	0.00	14.51	751.95
	401.27	0.00	14.56	761.95
	401.29	0.00	14.53	758.95
	401.30	0.00	14.56	762.95
	401.31	0.00	14.58	767.95
	401.32	0.00	14.56	775.97
	401.33	0.00	13.92	703.08
	401.35	0.00	14.16	831.18
	401.36	0.00	14.09	878.24
	401.37	0.00	14.04	917.27
	401.38	0.00	14.02	935.29
	401.39	0.00	14.08	962.30
	401.40	0.00	14.13	992.32
	401.42	0.00	14.17	1016.33
	401.43	0.00	14.16	1044.35
	401.44	0.00	14.16	1068.37
	401.45	0.00	14.13	1088.38
	401.46	0.00	14.10	1107.40
	401.47	0.00	14.08	1116.41
	401.48	0.00	14.04	1135.41
	401.50	0.00	13.98	1142.43
	401.51	0.00	13.92	1168.43
	401.52	0.00	13.89	1177.44
	401.53	0.00	13.88	1180.44
	401.54	0.00	13.89	1185.43
	401.56	0.00	13.84	1176.44
	401.57	0.00	13.88	1192.44
	401.58	0.00	13.88	1193.45
	401.59	0.00	13.87	1198.45
	401.60	0.00	13.85	1198.46
	401.61	0.00	13.85	1201.46
	401.63	0.00	13.84	1206.45
	401.64	0.00	13.83	1212.45
	401.65	0.00	13.82	1235.45
	401.66	0.00	13.81	1240.45
	401.67	0.00	13.79	1248.46
	401.68	0.00	13.78	1252.46
	401.70	0.00	13.78	1262.46
	401.71	0.00	13.78	1266.46
	401.72	0.00	13.77	1272.46
	401.73	0.00	13.76	1302.46
	401.74	0.00	13.73	1311.46
	401.76	0.00	13.72	1317.47
	401.77	0.00	13.72	1323.47
	401.78	0.00	13.72	1329.47
	401.79	0.00	13.71	1331.47
	401.80	0.00	13.70	1335.47
	401.81	0.00	13.71	1339.47
	401.82	0.00	13.71	1340.47
	401.84	0.00	13.72	1322.47
	401.85	0.00	13.72	1322.47
	401.86	0.00	13.73	1321.47
	401.87	0.00	13.74	1325.47
	401.88	0.00	13.77	1324.47
	401.89	0.00	13.79	1321.47
	401.91	0.00	13.81	1320.47
	401.92	0.00	13.84	1324.46
	401.93	0.00	13.86	1324.46
	401.94	0.00	13.89	1325.46
	401.95	0.00	13.90	1326.46
	401.97	0.00	13.92	1325.45
	401.98	0.00	13.93	1326.45
	401.99	0.00	13.95	1325.45
	402.00	0.00	13.98	1327.44
	402.01	0.00	13.99	1326.44
	402.02	0.00	14.01	1323.44
	402.03	0.00	14.04	1323.43
	402.05	0.00	14.06	1317.43
	402.06	0.00	14.09	1315.43
	402.07	0.00	14.11	1310.42
	402.08	0.00	14.14	1308.42
	402.09	0.00	14.16	1310.41
	402.11	0.00	14.18	1307.40
	402.12	0.00	14.21	1305.39
	402.13	0.00	14.26	1301.37
	402.14	0.00	14.29	1297.37
	402.15	0.00	14.32	1292.36
	402.16	0.00	14.35	1283.36
	402.17	0.00	14.38	1277.35
	402.19	0.00	14.43	1273.35
	402.20	0.00	14.46	1257.34
	402.21	0.00	14.54	1249.33
	402.22	0.00	14.61	1223.33
	402.23	0.00	14.64	1215.32
	402.25	0.00	14.69	1211.30
	402.26	0.00	14.74	1204.29
	402.27	0.00	14.77	1205.28
	402.28	0.00	14.79	1197.27
	402.29	0.00	14.97	1213.27
	402.30	0.00	14.97	1212.27
	402.32	0.00	14.97	1209.27
	402.33	0.00	14.98	1206.27
	402.34	0.00	14.98	1204.27
	402.35	0.00	14.98	1199.27
	402.36	0.00	14.98	1202.27
	402.37	0.00	14.80	1181.28
	402.39	0.00	14.78	1180.28
	402.40	0.00	14.74	1181.29
	402.41	0.00	14.69	1181.30
	402.42	0.00	14.64	1177.31
	402.43	0.00	14.60	1176.32
	402.44	0.00	14.56	1176.33
	402.45	0.00	14.54	1171.33
	402.47	0.00	14.54	1167.33
	402.48	0.00	14.54	1166.33
	402.49	0.00	14.54	1164.33
	402.50	0.00	14.54	1154.33
	402.51	0.00	14.57	1153.32
	402.53	0.00	14.59	1148.32
	402.54	0.00	14.62	1142.31
	402.55	0.00	14.74	1114.30
	402.56	0.00	14.79	1103.28
	402.57	0.00	14.82	1096.27
	402.58	0.00	14.89	1089.25
	402.60	0.00	15.00	1079.17
	402.61	0.00	15.10	1065.11
	402.62	0.00	15.15	1057.08
	402.63	0.00	15.18	1046.06
	402.64	0.00	15.17	1034.05
	402.65	0.00	15.16	1023.04
	402.67	0.00	15.11	1001.04
	402.68	0.00	15.10	988.03
	402.69	0.00	15.04	967.03
	402.70	0.00	14.95	922.02
	402.71	0.00	14.82	877.02
	402.72	0.00	14.67	837.02
	402.74	0.00	14.62	822.01
	402.75	0.00	14.62	822.01
	402.76	0.00	14.61	823.02
	402.77	0.00	14.61	824.02
	402.78	0.00	14.65	830.01
	402.79	0.00	14.62	831.02
	402.80	0.00	14.74	863.03
	402.82	0.00	14.81	883.03
	402.83	0.00	14.64	926.24
	402.84	0.00	14.55	940.31
	402.85	0.00	14.49	954.37
	402.86	0.00	14.47	966.38
	402.88	0.00	14.49	977.38
	402.89	0.00	14.50	983.38
	402.90	0.00	14.55	990.38
	402.91	0.00	14.59	996.36
	402.92	0.00	14.65	1011.35
	402.93	0.00	14.67	1017.35
	402.95	0.00	14.66	1025.36
	402.96	0.00	14.69	1037.35
	402.97	0.00	14.70	1045.36
	402.98	0.00	14.70	1054.37
	402.99	0.00	14.68	1058.38
	403.00	0.00	14.66	1067.39
	403.02	0.00	14.64	1071.40
	403.03	0.00	14.64	1079.40
	403.04	0.00	14.64	1086.40
	403.05	0.00	14.63	1088.40
	403.06	0.00	14.63	1095.40
	403.07	0.00	14.63	1099.40
	403.08	0.00	14.63	1101.40
	403.10	0.00	14.60	1108.42
	403.11	0.00	14.61	1109.41
	403.12	0.00	14.62	1113.41
	403.13	0.00	14.59	1116.42
	403.14	0.00	14.59	1119.42
	403.16	0.00	14.59	1123.42
	403.17	0.00	14.59	1127.42
	403.18	0.00	14.59	1129.43
	403.19	0.00	14.60	1134.42
	403.20	0.00	14.58	1132.42
	403.21	0.00	14.60	1140.43
	403.23	0.00	14.61	1140.43
	403.24	0.00	14.62	1146.43
	403.25	0.00	14.62	1143.43
	403.26	0.00	14.62	1145.43
	403.27	0.00	14.63	1146.43
	403.28	0.00	14.64	1150.43
	403.30	0.00	14.63	1148.43
	403.31	0.00	14.64	1148.43
	403.32	0.00	14.64	1148.43
	403.33	0.00	14.64	1149.43
	403.34	0.00	14.65	1149.44
	403.35	0.00	14.64	1148.43
	403.36	0.00	14.63	1148.43
	403.38	0.00	14.66	1155.43
	403.39	0.00	14.64	1153.44
	403.40	0.00	14.66	1156.44
	403.41	0.00	14.66	1156.43
	403.42	0.00	14.66	1157.44
	403.44	0.00	14.66	1160.44
	403.45	0.00	14.66	1163.44
	403.46	0.00	14.65	1162.44
	403.47	0.00	14.65	1166.44
	403.48	0.00	14.64	1167.44
	403.49	0.00	14.58	1187.44
	403.51	0.00	14.63	1170.45
	403.52	0.00	14.57	1193.44
	403.53	0.00	14.53	1193.45
	403.54	0.00	14.75	1199.46
	403.55	0.00	14.52	1200.46
	403.56	0.00	14.57	1184.47
	403.58	0.00	14.48	1208.47
	403.59	0.00	14.45	1208.48
	403.60	0.00	14.44	1211.48
	403.61	0.00	14.41	1211.49
	403.62	0.00	14.40	1218.49
	403.63	0.00	14.39	1217.49
	403.65	0.00	14.36	1222.50
	403.66	0.00	14.36	1225.50
	403.67	0.00	14.34	1225.50
	403.68	0.00	14.32	1226.51
	403.69	0.00	14.33	1225.51
	403.70	0.00	14.31	1225.51
	403.72	0.00	14.32	1226.51
	403.73	0.00	14.29	1229.52
	403.74	0.00	14.29	1228.52
	403.75	0.00	14.23	1244.53
	403.76	0.00	14.24	1253.53
	403.77	0.00	14.24	1252.53
	403.79	0.00	14.24	1258.54
	403.80	0.00	14.22	1254.54
	403.81	0.00	14.23	1233.54
	403.82	0.00	14.21	1253.54
	403.83	0.00	14.21	1262.54
	403.84	0.00	14.19	1256.54
	403.86	0.00	14.18	1255.55
	403.87	0.00	14.18	1256.55
	403.88	0.00	14.17	1258.55
	403.89	0.00	14.15	1259.56
	403.90	0.00	14.14	1260.56
	403.91	0.00	14.13	1262.56
	403.93	0.00	14.11	1259.56
	403.94	0.00	14.10	1261.57
	403.95	0.00	14.12	1265.57
	403.96	0.00	14.05	1266.57
	403.97	0.00	14.03	1269.57
	403.98	0.00	14.02	1270.58
	404.00	0.00	14.01	1271.58
	404.01	0.00	14.01	1270.58
	404.02	0.00	14.00	1270.58
	404.03	0.00	14.00	1270.58
	404.04	0.00	13.99	1269.58
	404.05	0.00	13.99	1268.59
	404.07	0.00	13.98	1269.59
	404.08	0.00	13.99	1273.59
	404.09	0.00	13.97	1268.59
	404.10	0.00	13.98	1270.59
	404.11	0.00	13.98	1272.59
	404.12	0.00	13.98	1270.59
	404.14	1.00	13.98	1246.59
	404.15	1.00	13.98	1246.59
	404.16	1.00	13.99	1248.59
	404.17	1.00	13.97	1245.59
	404.18	1.00	13.95	1245.60
	404.20	1.00	13.95	1245.59
	404.21	1.00	13.95	1247.60
	404.22	1.00	13.93	1244.60
	404.23	1.00	13.92	1245.60
	404.24	1.00	13.94	1249.60
	404.25	1.00	13.93	1245.60
	404.26	1.00	13.93	1245.60
	404.28	1.00	13.92	1243.60
	404.29	1.00	13.92	1242.60
	404.30	1.00	13.93	1247.60
	404.31	1.00	13.93	1245.60
	404.32	1.00	13.93	1244.60
	404.33	1.00	13.93	1244.60
	404.35	1.00	13.93	1244.60
	404.36	1.00	13.93	1242.60
	404.37	1.00	13.93	1244.60
	404.38	1.00	13.92	1242.60
	404.39	1.00	13.92	1240.60
	404.41	1.00	13.93	1241.60
	404.42	1.00	13.92	1242.60
	404.43	1.00	13.93	1243.60
	404.44	1.00	13.92	1238.60
	404.45	1.00	13.93	1239.60
	404.46	1.00	13.97	1238.57
	404.48	1.00	13.97	1239.60
	404.49	1.00	13.96	1240.60
	404.50	1.00	13.99	1237.60
	404.51	0.00	14.01	1235.59
	404.52	0.00	14.02	1232.59
	404.53	0.00	14.05	1235.59
	404.55	0.00	14.05	1233.59
	404.56	0.00	14.07	1234.59
	404.57	0.00	14.07	1233.60
	404.58	0.00	14.15	1229.58
	404.59	0.00	14.16	1226.58
	404.60	0.00	14.16	1232.58
	404.62	0.00	14.16	1230.58
	404.63	0.00	14.17	1230.58
	404.64	0.00	14.18	1233.57
	404.65	0.00	14.18	1234.58
	404.66	0.00	14.17	1237.58
	404.67	0.00	14.16	1232.57
	404.69	0.00	14.15	1237.58
	404.70	0.00	14.13	1258.58
	404.71	0.00	14.12	1259.58
	404.72	0.00	14.13	1264.58
	404.73	0.00	14.12	1269.58
	404.75	0.00	14.11	1269.58
	404.76	0.00	14.11	1269.58
	404.77	0.00	14.13	1267.58
	404.78	0.00	14.10	1272.58
	404.79	0.00	14.10	1271.58
	404.80	0.00	14.10	1277.58
	404.81	0.00	14.09	1275.58
	404.83	0.00	14.09	1276.59
	404.84	0.00	14.09	1278.58
	404.85	0.00	14.09	1277.58
	404.86	0.00	14.10	1279.58
	404.87	0.00	14.10	1280.58
	404.88	0.00	14.10	1283.58
	404.90	0.00	14.09	1277.58
	404.91	0.00	14.10	1280.58
	404.92	0.00	14.10	1282.57
	404.93	0.00	14.10	1287.58
	404.94	0.00	14.10	1287.58
	404.95	0.00	14.10	1288.58
	404.97	0.00	14.10	1286.58
	404.98	0.00	14.09	1289.58
	404.99	0.00	14.09	1289.58
	405.00	0.00	14.08	1288.58
	405.01	0.00	14.07	1292.58
	405.02	0.00	14.07	1288.58
	405.04	0.00	14.07	1290.58
	405.05	0.00	14.07	1291.58
	405.06	0.00	14.07	1293.58
	405.07	0.00	14.06	1292.58
	405.08	0.00	14.06	1292.58
	405.09	0.00	14.06	1292.59
	405.11	0.00	14.08	1294.58
	405.12	0.00	14.05	1293.58
	405.13	0.00	14.06	1295.58
	405.14	0.00	14.06	1293.58
	405.15	0.00	14.06	1297.58
	405.17	0.00	14.06	1295.58
	405.18	0.00	14.05	1296.58
	405.19	0.00	14.05	1297.58
	405.20	0.00	14.07	1293.58
	405.21	0.00	14.05	1295.58
	405.22	0.00	14.04	1295.58
	405.23	0.00	14.04	1296.58
	405.25	0.00	14.04	1295.58
	405.26	0.00	14.03	1297.59
	405.27	0.00	14.04	1297.58
	405.28	0.00	14.02	1295.58
	405.29	0.00	14.03	1297.58
	405.30	0.00	14.02	1296.58
	405.32	0.00	14.03	1295.58
	405.33	0.00	14.02	1297.58
	405.34	0.00	14.01	1295.59
	405.35	0.00	14.04	1295.55
	405.36	0.00	14.02	1298.58
	405.37	0.00	14.02	1292.58
	405.39	0.00	14.03	1293.58
	405.40	0.00	14.03	1296.58
	405.41	0.00	14.03	1295.58
	405.42	0.00	14.02	1293.58
	405.43	0.00	14.03	1294.58
	405.45	0.00	14.03	1300.58
	405.46	0.00	14.02	1294.58
	405.47	0.00	14.02	1296.58
	405.48	0.00	14.02	1295.58
	405.49	0.00	14.02	1294.59
	405.50	0.00	14.01	1296.59
	405.52	0.00	14.02	1295.59
	405.53	0.00	14.02	1294.58
	405.54	0.00	14.02	1295.58
	405.55	0.00	14.02	1294.58
	405.56	0.00	14.01	1296.59
	405.57	0.00	14.02	1297.59
	405.58	0.00	14.01	1296.59
	405.60	0.00	14.03	1297.56
	405.61	0.00	14.01	1295.58
	405.62	0.00	14.00	1297.59
	405.63	0.00	14.00	1297.59
	405.64	0.00	14.00	1298.59
	405.66	0.00	14.00	1301.59
	405.67	0.00	14.00	1300.59
	405.68	0.00	13.99	1297.59
	405.69	0.00	14.00	1299.59
	405.70	0.00	14.01	1299.59
	405.71	0.00	13.99	1301.59
	405.73	0.00	13.99	1301.59
	405.74	0.00	13.98	1300.59
	405.75	0.00	13.98	1301.59
	405.76	0.00	13.98	1300.59
	405.77	0.00	13.96	1298.60
	405.78	0.00	13.97	1297.59
	405.80	0.00	13.97	1299.59
	405.81	0.00	13.97	1302.59
	405.82	0.00	13.97	1304.60
	405.83	0.00	13.96	1301.60
	405.84	0.00	13.97	1301.60
	405.85	0.00	13.97	1301.60
	405.87	0.00	13.96	1300.60
	405.88	0.00	13.97	1301.59
	405.89	0.00	13.97	1302.60
	405.90	0.00	13.96	1301.60
	405.91	0.00	13.94	1296.60
	405.92	0.00	13.97	1300.59
	405.94	0.00	13.96	1302.60
	405.95	0.00	13.97	1305.60
	405.96	0.00	13.96	1301.60
	405.97	0.00	13.96	1306.60
	405.98	0.00	13.95	1303.60
	406.00	0.00	13.96	1303.60
	406.01	0.00	13.96	1306.60
	406.02	0.00	13.96	1305.59
	406.03	0.00	13.97	1309.58
	406.04	0.00	13.95	1307.59
	406.05	0.00	13.96	1309.60
	406.07	0.00	13.96	1311.59
	406.08	0.00	13.95	1310.60
	406.09	0.00	13.95	1311.60
	406.10	0.00	13.94	1308.60
	406.11	0.00	13.95	1312.59
	406.12	0.00	13.94	1312.60
	406.14	0.00	13.93	1311.60
	406.15	0.00	13.93	1311.60
	406.16	0.00	13.93	1312.60
	406.17	0.00	13.95	1316.60
	406.18	0.00	13.93	1311.60
	406.19	0.00	13.92	1311.60
	406.20	0.00	13.91	1313.60
	406.22	0.00	13.91	1315.60
	406.23	0.00	13.87	1315.60
	406.24	0.00	13.83	1320.60
	406.25	0.00	13.81	1321.61
	406.26	0.00	13.80	1326.61
	406.28	0.00	13.73	1325.62
	406.29	0.00	13.69	1323.63
	406.30	0.00	13.65	1316.64
	406.31	0.00	13.60	1314.64
	406.32	0.00	13.54	1307.65
	406.33	0.00	13.50	1303.66
	406.35	0.00	13.47	1278.67
	406.36	0.00	13.44	1275.68
	406.37	0.00	13.39	1271.69
	406.38	0.00	13.36	1266.70
	406.39	0.00	13.35	1262.70
	406.40	0.00	13.31	1258.71
	406.42	0.00	13.32	1257.71
	406.43	0.00	13.28	1253.72
	406.44	0.00	13.26	1253.72
	406.45	0.00	13.26	1256.73
	406.46	0.00	13.24	1257.73
	406.47	0.00	13.22	1260.73
	406.49	0.00	13.20	1267.74
	406.50	0.00	13.17	1268.74
	406.51	0.00	13.17	1273.74
	406.52	0.00	13.15	1275.74
	406.53	0.00	13.14	1276.75
	406.55	0.00	13.13	1277.75
	406.56	0.00	13.11	1277.75
	406.57	0.00	13.12	1281.75
	406.58	0.00	13.10	1279.75
	406.59	0.00	13.10	1279.75
	406.60	0.00	13.09	1276.75
	406.61	0.00	13.08	1274.75
	406.63	0.00	13.08	1274.75
	406.64	0.00	13.08	1271.75
	406.65	0.00	13.09	1269.75
	406.66	0.00	13.10	1268.75
	406.67	0.00	13.10	1270.75
	406.69	0.00	13.10	1268.75
	406.70	0.00	13.10	1271.75
	406.71	0.00	13.13	1274.75
	406.72	0.00	13.11	1267.75
	406.73	0.00	13.16	1276.75
	406.74	0.00	13.17	1273.75
	406.76	0.00	13.21	1277.75
	406.77	0.00	13.30	1293.75
	406.78	0.00	13.32	1288.75
	406.79	0.00	13.38	1285.75
	406.80	0.00	13.48	1299.75
	406.81	0.00	13.52	1295.75
	406.83	0.00	13.61	1291.71
	406.84	0.00	13.62	1308.75
	406.85	0.00	13.69	1310.75
	406.86	0.00	13.73	1308.75
	406.87	0.00	13.79	1308.75
	406.89	0.00	13.83	1303.75
	406.90	0.00	13.92	1297.75
	406.91	0.00	13.96	1300.75
	406.92	0.00	14.03	1293.74
	406.93	0.00	14.08	1295.74
	406.94	0.00	14.13	1292.74
	406.95	0.00	14.22	1286.73
	406.97	0.00	14.28	1283.72
	406.98	0.00	14.34	1282.71
	406.99	0.00	14.40	1285.69
	407.00	0.00	14.46	1283.67
	407.01	0.00	14.56	1261.66
	407.02	0.00	14.61	1260.64
	407.04	0.00	14.65	1257.63
	407.05	0.00	14.70	1257.61
	407.06	0.00	14.74	1254.59
	407.07	0.00	14.82	1248.56
	407.08	0.00	14.97	1240.47
	407.10	0.00	15.10	1218.40
	407.11	0.00	15.13	1214.40
	407.12	0.00	15.13	1211.42
	407.13	0.00	15.20	1203.39
	407.14	0.00	15.19	1212.42
	407.15	0.00	15.17	1210.43
	407.16	0.00	15.21	1211.41
	407.18	0.00	15.23	1211.39
	407.19	0.00	15.33	1210.29
	407.20	0.00	15.39	1204.23
	407.21	0.00	15.43	1203.21
	407.22	0.00	15.48	1200.18
	407.23	0.00	15.50	1199.16
	407.25	0.00	15.53	1199.14
	407.26	0.00	15.54	1196.12
	407.27	0.00	15.55	1194.11
	407.28	0.00	15.57	1195.10
	407.29	0.00	15.57	1195.10
	407.30	0.00	15.58	1193.09
	407.32	0.00	15.57	1192.09
	407.33	0.00	15.57	1189.09
	407.34	0.00	15.58	1191.09
	407.35	0.00	15.57	1192.10
	407.36	0.00	15.54	1194.12
	407.38	0.00	15.47	1198.19
	407.39	0.00	15.32	1208.30
	407.40	0.00	15.14	1215.47
	407.41	0.00	15.02	1225.54
	407.42	0.00	14.72	1272.62
	407.43	0.00	14.55	1296.71
	407.45	0.00	14.46	1302.76
	407.46	0.00	14.36	1302.81
	407.47	0.00	14.30	1303.83
	407.48	0.00	14.27	1297.84
	407.49	0.00	14.28	1295.84
	407.50	0.00	14.34	1288.83
	407.52	0.00	14.43	1283.82
	407.53	0.00	14.56	1269.79
	407.54	0.00	14.77	1228.75
	407.55	0.00	14.92	1222.69
	407.56	0.00	15.06	1221.63
	407.57	0.00	15.49	1230.25
	407.59	0.00	15.57	1229.18
	407.60	0.00	15.61	1214.13
	407.61	0.00	15.63	1192.10
	407.62	0.00	15.59	1151.09
	407.63	0.00	15.55	1113.08
	407.64	0.00	15.42	1045.06
	407.66	0.00	15.31	997.05
	407.67	0.00	15.25	966.03
	407.68	0.00	15.23	942.99
	407.69	0.00	15.21	918.95
	407.70	0.00	15.17	880.90
	407.71	0.00	15.16	859.87
	407.73	0.00	15.15	849.86
	407.74	0.00	15.17	858.86
	407.75	0.00	15.16	860.86
	407.76	0.00	15.12	860.89
	407.77	0.00	15.02	852.96
	407.78	0.00	14.90	835.99
	407.80	0.00	14.70	793.01
	407.81	0.00	14.30	700.00
	407.82	0.00	14.30	702.00
	407.83	0.00	14.46	730.98
	407.84	0.00	14.55	753.99
	407.85	0.00	14.57	763.99
	407.86	0.00	14.58	762.99
	407.88	0.00	14.59	763.99
	407.89	0.00	14.59	764.99
	407.90	0.00	14.57	761.99
	407.91	0.00	14.61	762.98
	407.92	0.00	14.59	762.99
	407.93	0.00	14.48	746.99
	407.95	0.00	14.49	746.99
	407.96	0.00	14.49	744.99
	407.97	0.00	14.47	741.99
	407.98	0.00	14.51	746.99
	407.99	0.00	14.50	745.99
	408.00	0.00	14.50	741.99
	408.02	0.00	14.49	739.99
	408.03	0.00	14.49	739.99
	408.04	0.00	14.48	737.99
	408.05	0.00	14.47	736.99
	408.06	0.00	14.48	737.99
	408.07	0.00	14.47	735.99
	408.09	0.00	14.47	733.98
	408.10	0.00	14.47	738.98
	408.11	0.00	14.50	739.98
	408.12	0.00	14.50	740.98
	408.13	0.00	14.51	742.98
	408.14	0.00	14.51	743.98
	408.16	0.00	14.52	745.98
	408.17	0.00	14.53	746.98
	408.18	0.00	14.46	751.02
	408.19	0.00	14.06	729.19
	408.20	0.00	13.56	677.21
	408.21	0.00	12.29	610.35
	408.22	0.00	11.58	660.49
	408.24	0.00	11.27	721.60
	408.25	0.00	11.09	769.64
	408.26	0.00	11.05	817.68
	408.27	0.00	11.10	841.68
	408.28	0.00	11.29	871.63
	408.29	0.00	11.45	920.64
	408.31	0.00	11.56	938.64
	408.32	0.00	11.67	952.59
	408.33	0.00	11.74	974.66
	408.34	0.00	11.83	994.66
	408.35	0.00	11.89	1009.67
	408.36	0.00	12.06	1041.67
	408.38	0.00	11.99	1023.66
	408.39	0.00	12.06	1044.65
	408.40	0.00	12.07	1037.64
	408.41	0.00	12.05	1031.64
	408.42	0.00	12.06	1030.64
	408.43	0.00	12.06	1025.63
	408.45	0.00	12.15	1041.63
	408.46	0.00	12.21	1045.62
	408.47	0.00	12.27	1055.62
	408.48	0.00	12.32	1063.61
	408.49	0.00	12.40	1081.61
	408.50	0.00	12.44	1087.61
	408.52	0.00	12.48	1100.61
	408.53	0.00	12.53	1122.62
	408.54	0.00	12.58	1141.64
	408.55	0.00	12.64	1153.63
	408.56	0.00	12.68	1163.64
	408.57	0.00	12.74	1177.64
	408.59	0.00	12.77	1185.64
	408.60	0.00	12.80	1183.63
	408.61	0.00	12.84	1187.63
	408.62	0.00	12.86	1183.63
	408.63	0.00	12.91	1180.63
	408.64	0.00	12.94	1179.63
	408.66	0.00	12.95	1173.63
	408.67	0.00	12.98	1172.63
	408.68	0.00	12.99	1171.64
	408.69	0.00	13.02	1168.64
	408.70	0.00	13.04	1170.63
	408.71	0.00	13.06	1173.63
	408.73	0.00	13.07	1175.63
	408.74	0.00	13.10	1183.63
	408.75	0.00	13.15	1184.62
	408.76	0.00	13.18	1187.64
	408.77	0.00	13.21	1189.63
	408.78	0.00	13.24	1195.63
	408.80	0.00	13.26	1195.62
	408.81	0.00	13.29	1198.62
	408.82	0.00	13.32	1200.62
	408.83	0.00	13.37	1205.62
	408.84	0.00	13.38	1205.62
	408.85	0.00	13.42	1210.62
	408.87	0.00	13.46	1210.61
	408.88	0.00	13.50	1214.61
	408.89	0.00	13.55	1213.61
	408.90	0.00	13.57	1210.61
	408.91	0.00	13.63	1214.60
	408.92	0.00	13.68	1218.60
	408.94	0.00	13.71	1215.59
	408.95	0.00	13.74	1213.58
	408.96	0.00	13.81	1206.56
	408.97	0.00	13.88	1196.55
	408.98	0.00	13.95	1222.54
	408.99	0.00	13.96	1226.53
	409.01	0.00	14.01	1216.52
	409.02	0.00	14.06	1226.52
	409.03	0.00	14.11	1226.51
	409.04	0.00	14.16	1222.50
	409.05	0.00	14.21	1218.48
	409.06	0.00	14.40	1233.51
	409.08	0.00	14.44	1235.49
	409.09	0.00	14.50	1226.46
	409.10	0.00	14.55	1211.47
	409.11	0.00	14.61	1212.43
	409.12	0.00	14.61	1212.46
	409.13	0.00	14.71	1207.36
	409.15	0.00	14.74	1206.34
	409.16	0.00	14.76	1207.33
	409.17	0.00	14.82	1201.28
	409.18	0.00	14.92	1199.21
	409.19	0.00	15.01	1193.16
	409.20	0.00	15.15	1164.12
	409.22	0.00	15.17	1132.11
	409.23	0.00	15.21	1121.10
	409.24	0.00	15.27	1088.08
	409.25	0.00	15.29	1080.07
	409.26	0.00	15.31	1075.06
	409.27	0.00	15.33	1063.05
	409.29	0.00	15.38	1051.01
	409.30	0.00	15.40	1046.00
	409.31	0.00	15.43	1039.97
	409.32	0.00	15.44	1020.94
	409.33	0.00	15.46	1003.90
	409.35	0.00	15.44	983.89
	409.36	0.00	15.46	972.88
	409.37	0.00	15.40	944.87
	409.38	0.00	15.37	903.86
	409.39	0.00	15.34	872.85
	409.40	0.00	15.30	841.84
	409.41	0.00	15.27	832.83
	409.42	0.00	15.02	807.83
	409.44	0.00	14.99	804.83
	409.45	0.00	14.90	793.85
	409.46	0.00	14.79	784.88
	409.47	0.00	14.64	766.94
	409.48	0.00	14.45	742.99
	409.50	0.00	14.26	703.00
	409.51	0.00	13.94	643.99
	409.52	0.00	14.18	688.99
	409.53	0.00	14.24	696.98
	409.54	0.00	14.24	703.00
	409.55	0.00	14.27	708.00
	409.57	0.00	14.25	705.00
	409.58	0.00	14.29	709.00
	409.59	0.00	14.28	706.00
	409.60	0.00	14.28	706.00
	409.61	0.00	14.28	710.01
	409.62	0.00	14.28	709.01
	409.63	0.00	14.34	720.00
	409.65	0.00	14.36	726.00
	409.66	0.00	14.38	730.00
	409.67	0.00	14.40	735.00
	409.68	0.00	14.36	727.00
	409.69	0.00	14.37	729.00
	409.70	0.00	14.40	734.00
	409.72	0.00	14.34	724.00
	409.73	0.00	14.41	737.00
	409.74	0.00	14.40	739.00
	409.75	0.00	14.41	737.00
	409.76	0.00	14.45	746.00
	409.77	0.00	14.46	750.01
	409.79	0.00	14.49	751.99
	409.80	0.00	14.52	760.00
	409.81	0.00	14.52	760.00
	409.82	0.00	14.51	763.00
	409.83	0.00	14.53	766.00
	409.84	0.00	14.53	767.00
	409.85	0.00	14.54	768.00
	409.87	0.00	14.53	766.00
	409.88	0.00	14.53	767.00
	409.89	0.00	14.54	769.00
	409.90	0.00	14.50	770.02
	409.91	0.00	14.40	765.06
	409.92	0.00	14.15	739.10
	409.94	0.00	13.84	718.20
	409.95	0.00	12.95	673.37
	409.96	0.00	12.39	707.49
	409.97	0.00	11.74	685.56
	409.98	0.00	11.62	719.62
	409.99	0.00	11.67	760.67
	410.01	0.00	11.92	828.72
	410.02	0.00	12.15	863.69
	410.03	0.00	12.37	920.68
	410.04	0.00	12.62	1000.74
	410.05	0.00	12.73	1050.76
	410.06	0.00	12.80	1103.77
	410.08	0.00	12.93	1146.77
	410.09	0.00	12.96	1159.77
	410.10	0.00	12.98	1163.77
	410.11	0.00	13.01	1173.77
	410.12	0.00	13.04	1180.77
	410.13	0.00	13.08	1181.77
	410.14	0.00	13.11	1186.77
	410.16	0.00	13.14	1183.76
	410.17	0.00	13.22	1184.71
	410.18	0.00	13.22	1193.76
	410.19	0.00	13.25	1202.75
	410.20	0.00	13.27	1210.75
	410.22	0.00	13.31	1234.74
	410.23	0.00	13.32	1247.74
	410.24	0.00	13.31	1262.74
	410.25	0.00	13.27	1256.73
	410.26	0.00	13.28	1264.72
	410.27	0.00	13.31	1270.71
	410.29	0.00	13.33	1270.71
	410.30	0.00	13.36	1288.70
	410.31	0.00	13.36	1295.68
	410.32	0.00	13.34	1292.67
	410.33	0.00	13.37	1302.64
	410.35	0.00	13.38	1300.63
	410.36	0.00	13.41	1306.63
	410.37	0.00	13.44	1314.63
	410.38	0.00	13.47	1319.63
	410.39	0.00	13.49	1321.64
	410.40	0.00	13.52	1318.63
	410.42	0.00	13.56	1319.63
	410.43	0.00	13.61	1320.63
	410.44	0.00	13.62	1318.63
	410.45	0.00	13.67	1317.63
	410.46	0.00	13.70	1314.63
	410.47	0.00	13.74	1318.63
	410.48	0.00	13.77	1306.63
	410.50	0.00	13.85	1331.63
	410.51	0.00	13.89	1334.63
	410.52	0.00	13.91	1334.64
	410.53	0.00	13.95	1354.64
	410.54	0.00	13.99	1355.64
	410.55	0.00	14.01	1349.64
	410.57	0.00	14.11	1351.63
	410.58	0.00	14.16	1347.63
	410.59	0.00	14.24	1348.62
	410.60	0.00	14.27	1342.62
	410.61	0.00	14.32	1336.60
	410.63	0.00	14.34	1331.61
	410.64	0.00	14.42	1339.61
	410.65	0.00	14.49	1343.60
	410.66	0.00	14.53	1342.60
	410.67	0.00	14.58	1343.60
	410.68	0.00	14.59	1345.60
	410.70	0.00	14.67	1321.58
	410.71	0.00	14.67	1347.60
	410.72	0.00	14.70	1347.59
	410.73	0.00	14.74	1344.57
	410.74	0.00	14.79	1345.53
	410.75	0.00	14.89	1343.46
	410.77	0.00	15.01	1321.40
	410.78	0.00	15.06	1316.38
	410.79	0.00	15.07	1317.39
	410.80	0.00	15.28	1323.42
	410.81	0.00	15.29	1323.41
	410.82	0.00	15.29	1324.41
	410.83	0.00	15.31	1322.43
	410.85	0.00	15.38	1317.35
	410.86	0.00	15.51	1320.25
	410.87	0.00	15.50	1306.25
	410.88	0.00	15.59	1294.23
	410.89	0.00	15.58	1298.25
	410.91	0.00	15.67	1298.16
	410.92	0.00	15.72	1295.10
	410.93	0.00	15.73	1286.09
	410.94	0.00	15.75	1259.08
	410.95	0.00	15.78	1257.06
	410.96	0.00	15.81	1244.04
	410.98	0.00	15.84	1223.01
	410.99	0.00	15.88	1213.98
	411.00	0.00	15.91	1193.95
	411.01	0.00	15.94	1176.92
	411.02	0.00	15.95	1164.90
	411.03	0.00	15.94	1141.87
	411.05	0.00	15.90	1111.86
	411.06	0.00	15.84	1077.85
	411.07	0.00	15.85	1050.84
	411.08	0.00	15.80	1005.84
	411.09	0.00	15.80	983.83
	411.10	0.00	15.77	963.83
	411.11	0.00	15.73	937.82
	411.13	0.00	15.49	894.82
	411.14	0.00	15.45	880.82
	411.15	0.00	15.42	873.82
	411.16	0.00	15.30	866.82
	411.17	0.00	15.16	853.87
	411.19	0.00	14.94	837.98
	411.20	0.00	14.79	814.00
	411.21	0.00	14.65	775.00
	411.22	0.00	14.56	761.00
	411.23	0.00	14.59	767.00
	411.24	0.00	14.59	767.00
	411.25	0.00	14.59	770.00
	411.27	0.00	14.55	762.00
	411.28	0.00	14.57	766.01
	411.29	0.00	14.57	767.00
	411.30	0.00	14.58	766.00
	411.31	0.00	14.56	764.00
	411.32	0.00	14.56	765.00
	411.33	0.00	14.58	768.00
	411.35	0.00	14.59	770.00
	411.36	0.00	14.57	767.00
	411.37	0.00	14.59	770.00
	411.38	0.00	14.58	769.00
	411.39	0.00	14.61	776.00
	411.41	0.00	14.62	777.00
	411.42	0.00	14.60	773.00
	411.43	0.00	14.61	775.00
	411.44	0.00	14.61	776.00
	411.45	0.00	14.62	777.00
	411.46	0.00	14.63	780.00
	411.47	0.00	14.62	779.00
	411.49	0.00	14.62	778.00
	411.50	0.00	14.63	780.00
	411.51	0.00	14.63	781.00
	411.52	0.00	14.62	778.00
	411.53	0.00	14.62	777.00
	411.54	0.00	14.66	779.99
	411.56	0.00	14.66	781.98
	411.57	0.00	14.66	782.99
	411.58	0.00	14.66	784.99
	411.59	0.00	14.67	782.98
	411.60	0.00	14.66	780.98
	411.61	0.00	14.70	789.98
	411.63	0.00	14.65	794.02
	411.64	0.00	14.41	787.15
	411.65	0.00	14.01	755.21
	411.66	0.00	13.26	712.33
	411.67	0.00	12.14	703.43
	411.68	0.00	11.44	716.51
	411.70	0.00	11.59	800.60
	411.71	0.00	11.56	842.63
	411.72	0.00	11.78	891.63
	411.73	0.00	11.86	898.56
	411.74	0.00	12.13	976.56
	411.75	0.00	12.30	1014.57
	411.77	0.00	12.49	1049.57
	411.78	0.00	12.70	1069.57
	411.79	0.00	12.84	1095.57
	411.80	0.00	12.94	1113.57
	411.81	0.00	12.99	1120.57
	411.82	0.00	13.04	1128.57
	411.83	0.00	13.08	1122.56
	411.85	0.00	13.10	1126.56
	411.86	0.00	13.14	1126.56
	411.87	0.00	13.21	1125.55
	411.88	0.00	13.27	1128.56
	411.89	0.00	13.33	1154.55
	411.91	0.00	13.40	1158.54
	411.92	0.00	13.45	1180.54
	411.93	0.00	13.50	1190.54
	411.94	0.00	13.55	1178.54
	411.95	0.00	13.60	1189.54
	411.96	0.00	13.64	1196.54
	411.98	0.00	13.69	1207.54
	411.99	0.00	13.77	1218.54
	412.00	0.00	13.84	1223.54
	412.01	0.00	13.89	1224.54
	412.02	0.00	13.94	1226.54
	412.03	0.00	14.00	1230.54
	412.05	0.00	14.03	1226.53
	412.06	0.00	14.09	1230.53
	412.07	0.00	14.13	1228.53
	412.08	0.00	14.16	1230.52
	412.09	0.00	14.18	1228.52
	412.10	0.00	14.21	1235.52
	412.11	0.00	14.25	1236.51
	412.13	0.00	14.27	1237.51
	412.14	0.00	14.28	1238.51
	412.15	0.00	14.30	1261.51
	412.16	0.00	14.27	1290.51
	412.17	0.00	14.27	1295.51
	412.19	0.00	14.29	1307.51
	412.20	0.00	14.28	1311.51
	412.21	0.00	14.28	1312.51
	412.22	0.00	14.28	1316.51
	412.23	0.00	14.29	1324.51
	412.24	0.00	14.31	1327.51
	412.26	0.00	14.31	1336.51
	412.27	0.00	14.32	1339.51
	412.28	0.00	14.33	1340.51
	412.29	0.00	14.34	1342.51
	412.30	0.00	14.50	1362.51
	412.31	0.00	14.54	1362.50
	412.33	0.00	14.57	1363.49
	412.34	0.00	14.62	1363.48
	412.35	0.00	14.64	1363.48
	412.36	0.00	14.66	1364.47
	412.37	0.00	14.68	1363.47
	412.38	0.00	14.70	1365.46
	412.40	0.00	14.69	1362.46
	412.41	0.00	14.71	1363.46
	412.42	0.00	14.73	1369.46
	412.43	0.00	14.74	1369.46
	412.44	0.00	14.76	1368.46
	412.45	0.00	14.77	1365.46
	412.47	0.00	14.82	1355.46
	412.48	0.00	14.89	1351.44
	412.49	0.00	14.95	1343.43
	412.50	0.00	14.99	1342.42
	412.51	0.00	15.05	1315.41
	412.52	0.00	15.03	1334.42
	412.54	0.00	15.10	1305.43
	412.55	0.00	15.19	1283.43
	412.56	0.00	15.21	1282.43
	412.57	0.00	15.22	1278.45
	412.58	0.00	15.32	1269.35
	412.59	0.00	15.40	1247.34
	412.61	0.00	15.47	1248.28
	412.62	0.00	15.63	1246.13
	412.63	0.00	15.67	1244.10
	412.64	0.00	15.68	1225.09
	412.65	0.00	15.70	1217.08
	412.66	0.00	15.71	1206.07
	412.68	0.00	15.72	1205.07
	412.69	0.00	15.75	1203.05
	412.70	0.00	15.76	1193.04
	412.71	0.00	15.79	1184.01
	412.72	0.00	15.81	1169.99
	412.73	0.00	15.84	1156.97
	412.75	0.00	15.84	1142.95
	412.76	0.00	15.84	1123.93
	412.77	0.00	15.83	1105.91
	412.78	0.00	15.84	1078.88
	412.79	0.00	15.78	1043.87
	412.80	0.00	15.70	995.85
	412.82	0.00	15.61	957.85
	412.83	0.00	15.47	898.85
	412.84	0.00	15.39	866.84
	412.85	0.00	15.34	846.84
	412.86	0.00	15.35	834.83
	412.87	0.00	15.35	831.83
	412.89	0.00	15.13	809.83
	412.90	0.00	15.09	806.83
	412.91	0.00	15.03	800.83
	412.92	0.00	14.91	789.85
	412.93	0.00	14.75	774.93
	412.94	0.00	14.53	748.00
	412.95	0.00	14.29	710.03
	412.97	0.00	13.99	659.05
	412.98	0.00	14.15	688.06
	412.99	0.00	14.34	722.05
	413.00	0.00	14.38	730.05
	413.01	0.00	14.41	733.04
	413.02	0.00	14.36	733.06
	413.04	0.00	14.31	730.09
	413.05	0.00	14.33	728.08
	413.06	0.00	14.31	728.08
	413.07	0.00	14.28	722.09
	413.08	0.00	14.25	720.09
	413.09	0.00	14.25	723.09
	413.11	0.00	14.30	722.06
	413.12	0.00	14.30	724.07
	413.13	0.00	14.33	727.06
	413.14	0.00	14.25	719.10
	413.15	0.00	14.32	730.07
	413.16	0.00	14.32	738.10
	413.17	0.00	14.33	740.10
	413.19	0.00	14.35	743.11
	413.20	0.00	14.42	749.07
	413.21	0.00	14.41	749.08
	413.22	0.00	14.42	748.08
	413.23	0.00	14.42	754.08
	413.25	0.00	14.46	759.07
	413.26	0.00	14.51	757.03
	413.27	0.00	14.51	757.05
	413.28	0.00	14.54	761.04
	413.29	0.00	14.52	757.03
	413.30	0.00	14.56	762.03
	413.32	0.00	14.58	768.02
	413.33	0.00	14.59	770.03
	413.34	0.00	14.49	768.08
	413.35	0.00	14.31	758.15
	413.36	0.00	13.94	719.24
	413.37	0.00	12.82	601.33
	413.38	0.00	12.62	646.42
	413.39	0.00	12.09	658.51
	413.41	0.00	11.91	696.58
	413.42	0.00	12.03	775.66
	413.43	0.00	12.04	817.69
	413.44	0.00	12.09	858.68
	413.45	0.00	12.63	969.65
	413.47	0.00	13.03	1068.65
	413.48	0.00	13.12	1117.65
	413.49	0.00	13.20	1143.64
	413.50	0.00	13.31	1177.65
	413.51	0.00	13.35	1186.65
	413.52	0.00	13.40	1196.64
	413.54	0.00	13.42	1198.64
	413.55	0.00	13.45	1198.64
	413.56	0.00	13.48	1196.64
	413.57	0.00	13.52	1196.64
	413.58	0.00	13.57	1196.64
	413.59	0.00	13.59	1190.63
	413.61	0.00	13.70	1203.63
	413.62	0.00	13.71	1207.63
	413.63	0.00	13.74	1206.63
	413.64	0.00	13.82	1215.63
	413.65	0.00	13.85	1219.65
	413.66	0.00	13.93	1225.63
	413.68	0.00	13.98	1231.63
	413.69	0.00	13.99	1259.63
	413.70	0.00	14.03	1271.63
	413.71	0.00	14.04	1274.63
	413.72	0.00	14.09	1281.62
	413.73	0.00	14.08	1280.63
	413.75	0.00	14.12	1291.63
	413.76	0.00	14.15	1296.62
	413.77	0.00	14.16	1297.62
	413.78	0.00	14.21	1307.62
	413.79	0.00	14.20	1312.63
	413.80	0.00	14.26	1311.61
	413.82	0.00	14.28	1331.61
	413.83	0.00	14.30	1309.60
	413.84	0.00	14.33	1310.60
	413.85	0.00	14.34	1329.59
	413.86	0.00	14.37	1328.59
	413.88	0.00	14.38	1325.59
	413.89	0.00	14.43	1354.58
	413.90	0.00	14.45	1358.58
	413.91	0.00	14.46	1363.58
	413.92	0.00	14.47	1371.58
	413.93	0.00	14.47	1373.59
	413.94	0.00	14.48	1378.58
	413.96	0.00	14.49	1386.58
	413.97	0.00	14.50	1386.58
	413.98	0.00	14.50	1394.58
	413.99	0.00	14.51	1400.58
	414.00	0.00	14.66	1418.59
	414.02	0.00	14.68	1420.58
	414.03	0.00	14.55	1404.58
	414.04	0.00	14.72	1428.57
	414.05	0.00	14.72	1428.57
	414.06	0.00	14.59	1412.57
	414.07	0.00	14.59	1411.57
	414.08	0.00	14.60	1412.57
	414.10	0.00	14.64	1410.56
	414.11	0.00	14.79	1434.56
	414.12	0.00	14.80	1438.56
	414.13	0.00	14.66	1419.56
	414.14	0.00	14.67	1420.56
	414.16	0.00	14.83	1439.55
	414.17	0.00	14.86	1438.55
	414.18	0.00	14.91	1435.55
	414.19	0.00	14.96	1425.54
	414.20	0.00	15.00	1421.53
	414.21	0.00	15.03	1418.53
	414.23	0.00	15.09	1387.53
	414.24	0.00	15.10	1387.53
	414.25	0.00	15.12	1393.52
	414.26	0.00	15.12	1390.52
	414.27	0.00	15.15	1385.52
	414.28	0.00	15.16	1385.51
	414.30	0.00	15.18	1379.51
	414.31	0.00	15.21	1373.50
	414.32	0.00	15.24	1368.49
	414.33	0.00	15.34	1345.48
	414.34	0.00	15.34	1333.47
	414.35	0.00	15.40	1322.43
	414.37	0.00	15.53	1300.36
	414.38	0.00	15.62	1293.29
	414.39	0.00	15.68	1266.22
	414.40	0.00	15.78	1253.14
	414.41	0.00	15.83	1239.10
	414.42	0.00	15.85	1230.08
	414.44	0.00	15.88	1215.06
	414.45	0.00	15.90	1202.05
	414.46	0.00	15.88	1184.04
	414.47	0.00	15.87	1163.01
	414.48	0.00	15.86	1128.97
	414.49	0.00	15.84	1079.93
	414.51	0.00	15.77	1031.89
	414.52	0.00	15.55	918.86
	414.53	0.00	15.48	881.85
	414.54	0.00	15.45	859.84
	414.55	0.00	15.20	831.84
	414.56	0.00	15.17	818.84
	414.58	0.00	15.13	818.84
	414.59	0.00	14.99	809.89
	414.60	0.00	14.81	787.96
	414.61	0.00	14.67	773.00
	414.62	0.00	14.37	750.14
	414.63	0.00	14.13	723.21
	414.64	0.00	13.98	690.20
	414.66	0.00	14.13	714.18
	414.67	0.00	14.15	717.18
	414.68	0.00	14.18	718.16
	414.69	0.00	14.18	721.16
	414.70	0.00	14.20	721.16
	414.72	0.00	14.18	721.16
	414.73	0.00	14.20	721.16
	414.74	0.00	14.19	723.16
	414.75	0.00	14.20	727.17
	414.76	0.00	14.20	732.19
	414.77	0.00	14.19	732.20
	414.79	0.00	14.18	733.21
	414.80	0.00	14.19	737.22
	414.81	0.00	14.23	740.20
	414.82	0.00	14.22	742.21
	414.83	0.00	14.21	745.23
	414.84	0.00	14.24	747.22
	414.86	0.00	14.24	744.22
	414.87	0.00	14.24	742.21
	414.88	0.00	14.25	746.23
	414.89	0.00	14.25	746.22
	414.90	0.00	14.27	745.20
	414.91	0.00	14.28	742.18
	414.92	0.00	14.29	742.16
	414.94	0.00	14.36	744.12
	414.95	0.00	14.41	745.09
	414.96	0.00	14.46	742.04
	414.97	0.00	14.47	740.03
	414.98	0.00	14.47	739.02
	414.99	0.00	14.52	744.00
	415.01	0.00	14.45	738.03
	415.02	0.00	14.33	746.14
	415.03	0.00	14.27	741.16
	415.04	0.00	14.06	722.22
	415.05	0.00	13.71	737.33
	415.06	0.00	12.89	697.45
	415.08	0.00	11.98	661.52
	415.09	0.00	11.72	675.57
	415.10	0.00	11.55	703.63
	415.11	0.00	11.71	776.65
	415.12	0.00	11.71	802.64
	415.13	0.00	11.89	854.64
	415.14	0.00	12.02	921.65
	415.16	0.00	12.17	956.66
	415.17	0.00	12.22	973.67
	415.18	0.00	12.27	984.68
	415.19	0.00	12.28	983.69
	415.20	0.00	12.34	993.68
	415.21	0.00	12.37	987.67
	415.23	0.00	12.35	988.67
	415.24	0.00	12.36	990.67
	415.25	0.00	12.41	991.66
	415.26	0.00	12.44	990.66
	415.27	0.00	12.48	988.67
	415.28	0.00	12.57	1011.65
	415.30	0.00	12.64	1015.65
	415.31	0.00	12.69	1022.65
	415.32	0.00	12.73	1026.65
	415.33	0.00	12.80	1032.65
	415.34	0.00	12.84	1040.65
	415.35	0.00	12.91	1048.65
	415.37	0.00	12.94	1052.65
	415.38	0.00	13.00	1078.65
	415.39	0.00	13.06	1090.65
	415.40	0.00	13.09	1094.65
	415.41	0.00	13.14	1098.65
	415.42	0.00	13.18	1102.65
	415.44	0.00	13.20	1099.65
	415.45	0.00	13.22	1097.65
	415.46	0.00	13.25	1093.65
	415.47	0.00	13.28	1092.65
	415.48	0.00	13.34	1090.61
	415.49	0.00	13.36	1093.64
	415.51	0.00	13.38	1089.63
	415.52	0.00	13.44	1112.63
	415.53	0.00	13.48	1113.63
	415.54	0.00	13.50	1112.63
	415.55	0.00	13.52	1115.63
	415.56	0.00	13.54	1113.63
	415.58	0.00	13.55	1111.63
	415.59	0.00	13.59	1119.63
	415.60	0.00	13.63	1117.62
	415.61	0.00	13.66	1118.61
	415.62	0.00	13.69	1118.62
	415.63	0.00	13.74	1121.58
	415.64	0.00	13.74	1130.61
	415.66	0.00	13.75	1128.61
	415.67	0.00	13.74	1124.61
	415.68	0.00	13.96	1155.61
	415.69	0.00	13.99	1160.60
	415.70	0.00	14.01	1162.61
	415.72	0.00	14.05	1158.60
	415.73	0.00	14.11	1139.60
	415.74	0.00	14.11	1153.59
	415.75	0.00	14.19	1134.59
	415.76	0.00	14.22	1132.58
	415.77	0.00	14.22	1132.58
	415.79	0.00	14.24	1132.57
	415.80	0.00	14.19	1153.58
	415.81	0.00	14.24	1131.58
	415.82	0.00	14.22	1128.58
	415.83	0.00	14.23	1128.58
	415.84	0.00	14.24	1133.58
	415.86	0.00	14.28	1132.57
	415.87	0.00	14.13	1110.58
	415.88	0.00	14.36	1129.57
	415.89	0.00	14.39	1124.56
	415.90	0.00	14.43	1123.55
	415.91	0.00	14.47	1116.54
	415.93	0.00	14.55	1111.52
	415.94	0.00	14.62	1107.50
	415.95	0.00	14.67	1105.47
	415.96	0.00	14.73	1060.51
	415.97	0.00	14.77	1053.51
	415.98	0.00	14.83	1058.48
	416.00	0.00	14.99	1046.33
	416.01	0.00	15.22	1037.12
	416.02	0.00	15.28	1013.07
	416.03	0.00	15.31	998.04
	416.04	0.00	15.40	989.01
	416.05	0.00	15.40	976.00
	416.07	0.00	15.40	967.99
	416.08	0.00	15.43	956.97
	416.09	0.00	15.44	939.95
	416.10	0.00	15.44	922.91
	416.11	0.00	15.45	899.88
	416.12	0.00	15.39	866.86
	416.14	0.00	15.26	791.85
	416.15	0.00	15.29	797.84
	416.16	0.00	15.16	758.84
	416.17	0.00	15.23	761.83
	416.18	0.00	15.25	773.83
	416.19	0.00	14.98	746.83
	416.20	0.00	14.84	733.84
	416.22	0.00	14.60	710.87
	416.23	0.00	14.37	690.95
	416.24	0.00	14.15	665.00
	416.25	0.00	13.88	652.10
	416.26	0.00	13.61	598.09
	416.27	0.00	13.96	666.12
	416.29	0.00	14.12	700.13
	416.30	0.00	14.16	698.12
	416.31	0.00	14.18	711.13
	416.32	0.00	14.17	710.15
	416.33	0.00	14.15	708.16
	416.34	0.00	14.03	712.25
	416.36	0.00	14.03	716.28
	416.37	0.00	14.08	721.27
	416.38	0.00	14.04	722.28
	416.39	0.00	14.04	723.29
	416.40	0.00	14.04	722.28
	416.41	0.00	14.04	725.29
	416.42	0.00	14.01	722.29
	416.44	0.00	13.96	712.30
	416.45	0.00	13.94	707.30
	416.46	0.00	13.96	714.31
	416.47	0.00	14.02	723.29
	416.48	0.00	14.03	725.29
	416.49	0.00	13.99	719.29
	416.51	0.00	13.99	719.29
	416.52	0.00	14.01	719.28
	416.53	0.00	14.03	720.28
	416.54	0.00	14.06	726.28
	416.55	0.00	14.10	734.28
	416.56	0.00	14.12	736.27
	416.58	0.00	14.20	745.25
	416.59	0.00	14.21	752.27
	416.60	0.00	14.39	761.15
	416.61	0.00	14.49	772.12
	416.62	0.00	14.36	770.19
	416.63	0.00	14.19	755.22
	416.65	0.00	13.21	621.28
	416.66	0.00	12.24	591.44
	416.67	0.00	11.33	652.70
	416.68	0.00	10.95	711.86
	416.69	0.00	10.73	768.98
	416.70	0.00	10.66	818.04
	416.71	0.00	10.67	851.01
	416.73	0.00	10.90	887.92
	416.74	0.00	11.00	923.88
	416.75	0.00	11.15	945.81
	416.76	0.00	11.24	952.82
	416.77	0.00	11.34	955.80
	416.78	0.00	11.50	968.75
	416.80	0.00	11.59	961.72
	416.81	0.00	11.68	961.71
	416.82	0.00	11.77	957.71
	416.83	0.00	11.88	958.72
	416.84	0.00	11.91	948.72
	416.85	0.00	11.98	925.71
	416.87	0.00	12.03	921.70
	416.88	0.00	12.15	926.70
	416.89	0.00	12.21	921.70
	416.90	0.00	12.29	938.70
	416.91	0.00	12.37	936.70
	416.92	0.00	12.45	941.70
	416.94	0.00	12.50	937.69
	416.95	0.00	12.54	927.68
	416.96	0.00	12.60	919.68
	416.97	0.00	12.68	902.70
	416.98	0.00	12.78	899.68
	416.99	0.00	12.83	895.67
	417.00	0.00	12.86	888.67
	417.02	0.00	12.95	879.66
	417.03	0.00	13.06	870.65
	417.04	0.00	13.17	859.60
	417.05	0.00	13.19	854.63
	417.06	0.00	13.28	830.62
	417.07	0.00	13.31	826.61
	417.08	0.00	13.36	821.59
	417.10	0.00	13.40	822.59
	417.11	0.00	13.44	819.57
	417.12	0.00	13.46	821.57
	417.13	0.00	13.48	826.56
	417.14	0.00	13.51	832.55
	417.16	0.00	13.44	853.56
	417.17	0.00	13.44	860.56
	417.18	0.00	13.40	865.57
	417.19	0.00	13.33	869.59
	417.20	0.00	13.27	875.60
	417.21	0.00	13.16	876.60
	417.22	0.00	13.12	897.61
	417.23	0.00	13.08	901.61
	417.25	0.00	13.04	905.62
	417.26	0.00	13.01	913.62
	417.27	0.00	12.98	922.63
	417.28	0.00	12.96	931.63
	417.29	0.00	12.96	934.64
	417.30	0.00	12.95	938.64
	417.32	0.00	12.95	946.65
	417.33	0.00	12.97	955.65
	417.34	0.00	13.01	981.66
	417.35	0.00	13.04	989.66
	417.36	0.00	13.06	994.67
	417.37	0.00	13.32	1012.67
	417.39	0.00	13.40	1007.67
	417.40	0.00	13.55	1004.66
	417.41	0.00	13.68	1002.65
	417.42	0.00	13.81	1000.65
	417.43	0.00	13.90	995.63
	417.44	0.00	14.00	988.61
	417.45	0.00	14.12	993.60
	417.47	0.00	14.18	986.59
	417.48	0.00	14.26	976.56
	417.49	0.00	14.32	969.55
	417.50	0.00	14.32	956.57
	417.51	0.00	14.38	945.55
	417.52	0.00	14.47	923.53
	417.54	0.00	14.48	906.52
	417.55	0.00	14.74	879.25
	417.56	0.00	14.88	878.15
	417.57	0.00	14.95	878.12
	417.58	0.00	14.96	868.10
	417.59	0.00	14.98	872.09
	417.61	0.00	15.01	871.08
	417.62	0.00	15.01	864.07
	417.63	0.00	15.01	860.07
	417.64	0.00	15.03	858.06
	417.65	0.00	15.05	853.05
	417.66	0.00	15.08	852.03
	417.68	0.00	15.11	852.01
	417.69	0.00	15.08	832.01
	417.70	0.00	15.08	830.01
	417.71	0.00	15.06	820.00
	417.72	0.00	15.02	786.99
	417.73	0.00	14.96	752.97
	417.74	0.00	14.92	719.94
	417.76	0.00	14.94	700.88
	417.77	0.00	14.86	678.87
	417.78	0.00	14.81	666.86
	417.79	0.00	14.82	662.85
	417.80	0.00	14.79	653.84
	417.81	0.00	14.77	645.84
	417.83	0.00	14.78	650.84
	417.84	0.00	14.80	651.83
	417.85	0.00	14.47	630.83
	417.86	0.00	14.38	620.83
	417.87	0.00	14.24	621.85
	417.88	0.00	14.00	616.96
	417.89	0.00	13.89	615.00
	417.91	0.00	13.78	603.02
	417.92	0.00	13.77	611.03
	417.93	0.00	13.89	629.03
	417.94	0.00	13.92	635.03
	417.95	0.00	13.89	635.04
	417.97	0.00	13.90	636.05
	417.98	0.00	13.88	635.06
	417.99	0.00	13.88	637.06
	418.00	0.00	13.87	636.07
	418.01	0.00	13.77	623.07
	418.02	0.00	13.77	623.07
	418.03	0.00	13.77	623.07
	418.05	0.00	13.76	622.07
	418.06	0.00	13.78	624.07
	418.07	0.00	13.75	620.07
	418.08	0.00	13.74	619.07
	418.09	0.00	13.76	622.07
	418.10	0.00	13.71	616.08
	418.11	0.00	13.72	618.08
	418.13	0.00	13.73	619.08
	418.14	0.00	13.73	620.08
	418.15	0.00	13.74	619.07
	418.16	0.00	13.76	623.07
	418.17	0.00	13.78	626.07
	418.19	0.00	13.79	628.07
	418.20	0.00	13.79	628.07
	418.21	0.00	13.82	632.07
	418.22	0.00	13.79	630.08
	418.23	0.00	13.82	629.06
	418.24	0.00	13.81	628.06
	418.25	0.00	13.79	628.07
	418.27	0.00	13.77	623.07
	418.28	0.00	13.81	625.06
	418.29	0.00	13.93	647.06
	418.30	0.00	13.96	649.05
	418.31	0.00	14.00	656.05
	418.32	0.00	14.06	666.05
	418.33	0.00	14.09	671.05
	418.35	0.00	14.09	671.05
	418.36	0.00	14.09	672.05
	418.37	0.00	14.11	675.05
	418.38	0.00	14.11	672.04
	418.39	0.00	14.13	675.04
	418.40	0.00	13.91	681.21
	418.42	0.00	13.78	685.25
	418.43	0.00	13.74	706.28
	418.44	0.00	12.59	610.41
	418.45	0.00	12.20	629.46
	418.46	0.00	11.79	643.55
	418.47	0.00	11.65	680.63
	418.48	0.00	11.44	709.70
	418.50	0.00	11.55	783.76
	418.51	0.00	11.39	792.76
	418.52	0.00	11.63	851.77
	418.53	0.00	11.47	852.78
	418.54	0.00	11.55	876.76
	418.55	0.00	11.72	933.71
	418.57	0.00	11.85	967.70
	418.58	0.00	11.90	1000.71
	418.59	0.00	11.97	999.72
	418.60	0.00	11.97	997.72
	418.61	0.00	11.99	994.72
	418.62	0.00	12.02	992.72
	418.64	0.00	12.06	989.72
	418.65	0.00	12.13	988.72
	418.66	0.00	12.14	981.72
	418.67	0.00	12.20	996.70
	418.68	0.00	12.25	996.69
	418.70	0.00	12.30	999.69
	418.71	0.00	12.36	1004.68
	418.72	0.00	12.41	1005.68
	418.73	0.00	12.43	1011.68
	418.74	0.00	12.51	1046.68
	418.75	0.00	12.55	1050.68
	418.76	0.00	12.60	1055.68
	418.78	0.00	12.65	1056.68
	418.79	0.00	12.71	1061.68
	418.80	0.00	12.74	1059.68
	418.81	0.00	12.83	1057.67
	418.82	0.00	12.94	1077.67
	418.83	0.00	13.03	1084.67
	418.85	0.00	13.13	1101.67
	418.86	0.00	13.17	1106.67
	418.87	0.00	13.19	1107.67
	418.88	0.00	13.20	1111.67
	418.89	0.00	13.23	1116.67
	418.90	0.00	13.25	1118.67
	418.92	0.00	13.25	1122.67
	418.93	0.00	13.25	1119.67
	418.94	0.00	13.27	1123.67
	418.95	0.00	13.27	1127.67
	418.96	0.00	13.27	1135.67
	418.97	0.00	13.24	1133.68
	418.98	0.00	13.22	1131.68
	419.00	0.00	13.23	1135.68
	419.01	0.00	13.21	1132.68
	419.02	0.00	13.22	1132.68
	419.03	0.00	13.23	1132.68
	419.04	0.00	13.22	1129.68
	419.06	0.00	13.23	1111.68
	419.07	0.00	13.24	1107.68
	419.08	0.00	13.26	1103.68
	419.09	0.00	13.25	1102.69
	419.10	0.00	13.28	1098.69
	419.11	0.00	13.30	1096.69
	419.13	0.00	13.33	1094.69
	419.14	0.00	13.39	1077.69
	419.15	0.00	13.44	1074.70
	419.16	0.00	13.44	1074.71
	419.17	0.00	13.50	1075.72
	419.18	0.00	13.56	1072.72
	419.20	0.00	13.63	1068.73
	419.21	0.00	13.71	1064.71
	419.22	0.00	13.79	1056.69
	419.23	0.00	14.06	1068.66
	419.24	0.00	14.12	1062.64
	419.25	0.00	14.22	1067.62
	419.27	0.00	14.28	1070.62
	419.28	0.00	14.31	1065.60
	419.29	0.00	14.37	1067.60
	419.30	0.00	14.47	1069.59
	419.31	0.00	14.51	1065.58
	419.32	0.00	14.57	1067.56
	419.34	0.00	14.67	1065.50
	419.35	0.00	14.73	1064.50
	419.36	0.00	14.74	1054.51
	419.37	0.00	14.75	1051.54
	419.38	0.00	14.81	1030.51
	419.39	0.00	14.80	1020.53
	419.41	0.00	15.09	997.25
	419.42	0.00	15.21	993.16
	419.43	0.00	15.24	992.13
	419.44	0.00	15.27	983.12
	419.45	0.00	15.32	985.09
	419.46	0.00	15.31	976.08
	419.48	0.00	15.33	969.05
	419.49	0.00	15.37	955.02
	419.50	0.00	15.39	941.99
	419.51	0.00	15.42	922.94
	419.52	0.00	15.44	892.89
	419.53	0.00	15.33	816.88
	419.55	0.00	15.23	778.87
	419.56	0.00	15.14	735.86
	419.57	0.00	15.04	714.85
	419.58	0.00	15.02	715.85
	419.59	0.00	15.15	746.85
	419.60	0.00	15.12	740.84
	419.61	0.00	15.11	741.84
	419.63	0.00	14.79	712.84
	419.64	0.00	14.64	707.85
	419.65	0.00	14.26	659.89
	419.66	0.00	13.99	647.00
	419.67	0.00	13.89	637.02
	419.68	0.00	13.74	620.05
	419.70	0.00	13.79	629.05
	419.71	0.00	13.89	641.03
	419.72	0.00	13.92	641.01
	419.73	0.00	13.89	643.03
	419.74	0.00	13.84	641.05
	419.75	0.00	13.85	642.06
	419.77	0.00	13.86	643.06
	419.78	0.00	13.84	643.06
	419.79	0.00	13.85	638.06
	419.80	0.00	13.82	638.07
	419.81	0.00	13.75	625.06
	419.82	0.00	13.80	627.03
	419.83	0.00	13.82	636.06
	419.85	0.00	13.92	656.06
	419.86	0.00	13.99	663.06
	419.87	0.00	14.01	670.07
	419.88	0.00	14.01	669.07
	419.89	0.00	14.08	682.07
	419.90	0.00	14.13	692.08
	419.92	0.00	14.20	703.08
	419.93	0.00	14.19	704.08
	419.94	0.00	14.17	701.08
	419.95	0.00	14.22	711.08
	419.96	0.00	14.29	723.08
	419.97	0.00	14.32	724.06
	419.98	0.00	14.29	724.08
	420.00	0.00	14.29	727.08
	420.01	0.00	14.29	723.08
	420.02	0.00	14.30	729.08
	420.03	0.00	14.32	731.07
	420.04	0.00	14.33	729.07
	420.05	0.00	14.33	730.07
	420.07	0.00	14.33	730.07
	420.08	0.00	14.32	726.06
	420.09	0.00	14.38	734.05
	420.10	0.00	14.40	736.04
	420.11	0.00	14.41	738.04
	420.12	0.00	14.40	736.04
	420.14	0.00	14.39	737.05
	420.15	0.00	14.41	738.04
	420.16	0.00	14.43	741.04
	420.17	0.00	14.24	742.16
	420.18	0.00	14.09	737.21
	420.19	0.00	13.90	716.19
	420.21	0.00	13.43	687.29
	420.22	0.00	12.46	630.36
	420.23	0.00	12.06	674.49
	420.24	0.00	11.83	703.56
	420.25	0.00	11.62	742.67
	420.26	0.00	11.43	783.71
	420.27	0.00	11.50	814.71
	420.29	0.00	11.63	852.70
	420.30	0.00	11.51	846.71
	420.31	0.00	11.63	866.66
	420.32	0.00	11.72	919.65
	420.33	0.00	11.84	944.66
	420.34	0.00	11.91	965.67
	420.36	0.00	11.96	981.67
	420.37	0.00	12.00	989.69
	420.38	0.00	12.05	989.68
	420.39	0.00	12.09	993.68
	420.40	0.00	12.13	996.68
	420.41	0.00	12.18	995.68
	420.43	0.00	12.24	995.68
	420.44	0.00	12.37	1019.69
	420.45	0.00	12.49	1033.70
	420.46	0.00	12.48	1033.69
	420.47	0.00	12.59	1050.69
	420.48	0.00	12.64	1051.69
	420.50	0.00	12.66	1053.69
	420.51	0.00	12.69	1060.70
	420.52	0.00	12.71	1063.69
	420.53	0.00	12.72	1061.69
	420.54	0.00	12.77	1063.69
	420.55	0.00	12.81	1087.69
	420.57	0.00	12.81	1083.69
	420.58	0.00	12.83	1085.70
	420.59	0.00	12.87	1084.68
	420.60	0.00	12.92	1084.68
	420.61	0.00	12.95	1073.68
	420.63	0.00	13.00	1050.68
	420.64	0.00	13.02	1051.68
	420.65	0.00	13.04	1047.69
	420.66	0.00	13.05	1044.68
	420.67	0.00	13.09	1050.68
	420.68	0.00	13.09	1047.68
	420.70	0.00	13.10	1048.68
	420.71	0.00	13.11	1048.68
	420.72	0.00	13.11	1050.69
	420.73	0.00	13.13	1054.68
	420.74	0.00	13.14	1056.68
	420.75	0.00	13.13	1055.68
	420.77	0.00	13.15	1059.68
	420.78	0.00	13.14	1057.68
	420.79	0.00	13.13	1058.69
	420.80	0.00	13.14	1060.69
	420.81	0.00	13.14	1058.69
	420.82	0.00	13.11	1061.70
	420.83	0.00	13.12	1065.70
	420.85	0.00	13.10	1063.70
	420.86	0.00	13.05	1066.74
	420.87	0.00	13.11	1081.77
	420.88	0.00	13.10	1083.78
	420.89	0.00	13.10	1086.79
	420.91	0.00	13.10	1087.80
	420.92	0.00	13.15	1092.79
	420.93	0.00	13.16	1086.78
	420.94	0.00	13.22	1085.79
	420.95	0.00	13.26	1082.78
	420.96	0.00	13.32	1079.77
	420.98	0.00	13.43	1077.71
	420.99	0.00	13.50	1070.71
	421.00	0.00	13.58	1065.70
	421.01	0.00	13.69	1057.69
	421.02	0.00	13.77	1052.68
	421.03	0.00	13.88	1042.64
	421.05	0.00	14.02	1042.62
	421.06	0.00	14.12	1035.60
	421.07	0.00	14.18	1031.58
	421.08	0.00	14.28	1037.58
	421.09	0.00	14.38	1036.55
	421.10	0.00	14.47	1036.53
	421.11	0.00	14.52	1037.51
	421.13	0.00	14.61	1017.49
	421.14	0.00	14.69	1020.48
	421.15	0.00	14.69	1019.51
	421.16	0.00	14.71	1019.51
	421.17	0.00	14.76	1019.50
	421.19	0.00	14.98	1015.29
	421.20	0.00	15.12	1032.32
	421.21	0.00	15.18	1025.27
	421.22	0.00	15.25	1012.18
	421.23	0.00	15.31	997.13
	421.24	0.00	15.24	968.11
	421.26	0.00	15.19	916.08
	421.27	0.00	15.15	884.05
	421.28	0.00	15.08	841.01
	421.29	0.00	14.90	774.97
	421.30	0.00	14.85	744.93
	421.31	0.00	14.77	711.90
	421.33	0.00	14.35	656.88
	421.34	0.00	14.24	624.87
	421.35	0.00	14.18	610.86
	421.36	0.00	14.26	615.86
	421.37	0.00	14.32	622.85
	421.38	0.00	14.36	635.85
	421.39	0.00	14.29	634.86
	421.41	0.00	14.21	627.88
	421.42	0.00	14.05	614.93
	421.43	0.00	13.87	606.99
	421.44	0.00	13.77	597.00
	421.45	0.00	13.46	561.03
	421.47	0.00	13.59	586.04
	421.48	0.00	13.77	607.01
	421.49	0.00	13.86	622.01
	421.50	0.00	13.94	630.01
	421.51	0.00	13.91	639.03
	421.52	0.00	13.93	641.04
	421.53	0.00	13.93	642.04
	421.55	0.00	13.95	646.04
	421.56	0.00	13.96	652.05
	421.57	0.00	13.93	653.07
	421.58	0.00	13.97	658.07
	421.59	0.00	13.93	649.07
	421.60	0.00	13.93	649.07
	421.61	0.00	13.99	658.07
	421.63	0.00	14.13	683.07
	421.64	0.00	14.14	686.08
	421.65	0.00	14.06	679.11
	421.66	0.00	14.05	678.11
	421.67	0.00	14.07	682.11
	421.69	0.00	14.05	678.11
	421.70	0.00	14.08	680.10
	421.71	0.00	14.10	686.11
	421.72	0.00	14.14	694.11
	421.73	0.00	14.16	698.11
	421.74	0.00	14.20	706.11
	421.75	0.00	14.17	699.11
	421.77	0.00	14.20	708.12
	421.78	0.00	14.22	713.11
	421.79	0.00	14.25	716.11
	421.80	0.00	14.34	716.05
	421.81	0.00	14.37	721.03
	421.82	0.00	14.38	718.03
	421.83	0.00	14.42	728.02
	421.85	0.00	14.45	730.02
	421.86	0.00	14.44	735.03
	421.87	0.00	14.47	737.03
	421.88	0.00	14.45	741.03
	421.89	0.00	14.48	745.02
	421.91	0.00	14.54	754.02
	421.92	0.00	14.07	753.31
	421.93	0.00	13.88	733.33
	421.94	0.00	12.83	622.38
	421.95	0.00	11.80	627.53
	421.96	0.00	11.26	683.66
	421.98	0.00	11.04	748.80
	421.99	0.00	10.69	830.98
	422.00	0.00	10.64	918.08
	422.01	0.00	10.75	966.04
	422.02	0.00	10.84	977.97
	422.03	0.00	11.04	1034.95
	422.04	0.00	11.16	1042.90
	422.05	0.00	11.34	1052.81
	422.07	0.00	11.48	1069.81
	422.08	0.00	11.68	1110.82
	422.09	0.00	11.71	1100.82
	422.10	0.00	11.82	1102.84
	422.11	0.00	11.89	1101.84
	422.13	0.00	11.96	1105.82
	422.14	0.00	12.01	1101.82
	422.15	0.00	12.06	1113.82
	422.16	0.00	12.12	1120.82
	422.17	0.00	12.20	1143.80
	422.18	0.00	12.30	1160.74
	422.20	0.00	12.33	1184.77
	422.21	0.00	12.40	1210.75
	422.22	0.00	12.49	1239.72
	422.23	0.00	12.59	1266.67
	422.24	0.00	12.68	1289.65
	422.25	0.00	12.79	1313.63
	422.27	0.00	12.89	1322.58
	422.28	0.00	13.05	1338.43
	422.29	0.00	13.24	1345.23
	422.30	0.00	13.31	1360.20
	422.31	0.00	13.39	1373.18
	422.33	0.00	13.47	1378.17
	422.34	0.00	13.52	1378.16
	422.35	0.00	13.54	1381.15
	422.36	0.00	13.55	1381.15
	422.37	0.00	13.55	1387.15
	422.38	0.00	13.57	1395.15
	422.39	0.00	13.54	1386.16
	422.41	0.00	13.55	1392.15
	422.42	0.00	13.59	1402.14
	422.43	0.00	13.62	1410.14
	422.44	0.00	13.63	1418.14
	422.45	0.00	13.66	1427.14
	422.46	0.00	13.68	1428.13
	422.48	0.00	13.72	1438.12
	422.49	0.00	13.72	1435.12
	422.50	0.00	13.72	1440.12
	422.51	0.00	13.73	1444.11
	422.52	0.00	13.73	1446.11
	422.53	0.00	13.73	1444.12
	422.55	0.00	13.74	1441.12
	422.56	0.00	13.76	1443.12
	422.57	0.00	13.78	1437.12
	422.58	0.00	13.81	1431.12
	422.59	0.00	13.84	1423.11
	422.60	0.00	13.86	1417.14
	422.62	0.00	13.91	1404.14
	422.63	0.00	13.95	1394.15
	422.64	0.00	13.91	1384.25
	422.65	0.00	13.92	1362.30
	422.66	0.00	13.92	1343.37
	422.67	0.00	13.91	1322.42
	422.69	0.00	13.88	1302.52
	422.70	0.00	13.93	1288.53
	422.71	0.00	13.99	1283.59
	422.72	0.00	14.05	1268.57
	422.73	0.00	14.10	1262.56
	422.74	0.00	14.25	1261.49
	422.76	0.00	14.49	1268.47
	422.77	0.00	14.65	1266.42
	422.78	0.00	14.84	1286.32
	422.79	0.00	14.97	1297.26
	422.80	0.00	15.09	1269.23
	422.81	0.00	15.40	1281.16
	422.83	0.00	15.49	1286.11
	422.84	0.00	15.51	1286.11
	422.85	0.00	15.55	1268.09
	422.86	0.00	15.59	1239.08
	422.87	0.00	15.64	1229.06
	422.88	0.00	15.63	1205.05
	422.89	0.00	15.68	1197.02
	422.91	0.00	15.71	1182.01
	422.92	0.00	15.77	1180.98
	422.93	0.00	15.81	1169.96
	422.94	0.00	15.84	1158.95
	422.95	0.00	15.90	1149.92
	422.97	0.00	15.90	1123.91
	422.98	0.00	15.91	1100.88
	422.99	0.00	15.94	1073.86
	423.00	0.00	15.87	1024.85
	423.01	0.00	15.82	983.84
	423.02	0.00	15.79	934.83
	423.04	0.00	15.79	921.83
	423.05	0.00	15.76	898.82
	423.06	0.00	15.77	904.82
	423.07	0.00	15.69	876.82
	423.08	0.00	15.64	866.81
	423.09	0.00	15.57	866.81
	423.11	0.00	15.28	832.81
	423.12	0.00	15.20	817.81
	423.13	0.00	14.95	794.85
	423.14	0.00	14.64	756.94
	423.15	0.00	14.76	791.99
	423.16	0.00	14.03	649.01
	423.17	0.00	13.63	583.00
	423.19	0.00	13.83	627.01
	423.20	0.00	14.18	685.00
	423.21	0.00	14.26	703.01
	423.22	0.00	14.21	707.05
	423.23	0.00	14.18	712.09
	423.24	0.00	14.19	720.11
	423.26	0.00	14.21	721.10
	423.27	0.00	14.20	724.11
	423.28	0.00	14.19	727.13
	423.29	0.00	14.23	721.10
	423.30	0.00	14.14	725.17
	423.31	0.00	14.16	728.17
	423.33	0.00	14.22	731.12
	423.34	0.00	14.28	729.08
	423.35	0.00	14.32	732.06
	423.36	0.00	14.27	731.09
	423.37	0.00	14.27	740.11
	423.38	0.00	14.33	738.07
	423.39	0.00	14.34	742.09
	423.41	0.00	14.39	748.06
	423.42	0.00	14.42	754.05
	423.43	0.00	14.41	756.06
	423.44	0.00	14.44	758.05
	423.45	0.00	14.40	750.05
	423.46	0.00	14.43	757.05
	423.48	0.00	14.45	757.05
	423.49	0.00	14.45	756.04
	423.50	0.00	14.51	765.02
	423.51	0.00	14.53	767.02
	423.52	0.00	14.54	771.02
	423.53	0.00	14.53	770.02
	423.55	0.00	14.56	773.02
	423.56	0.00	14.56	772.02
	423.57	0.00	14.57	771.01
	423.58	0.00	14.61	778.00
	423.59	0.00	14.61	783.00
	423.60	0.00	14.69	791.99
	423.62	0.00	14.68	793.99
	423.63	0.00	14.46	804.12
	423.64	0.00	13.48	661.18
	423.65	0.00	11.86	614.33
	423.66	0.00	10.98	684.51
	423.67	0.00	10.76	732.63
	423.69	0.00	10.44	811.77
	423.70	0.00	10.27	880.84
	423.71	0.00	10.49	919.76
	423.72	0.00	10.85	994.71
	423.73	0.00	11.13	1024.66
	423.74	0.00	11.43	1041.60
	423.76	0.00	11.66	1105.61
	423.77	0.00	11.82	1107.60
	423.78	0.00	11.97	1108.59
	423.79	0.00	12.10	1102.59
	423.80	0.00	12.22	1095.58
	423.81	0.00	12.36	1087.57
	423.83	0.00	12.51	1077.55
	423.84	0.00	12.69	1078.53
	423.85	0.00	12.89	1086.50
	423.86	0.00	13.10	1105.46
	423.87	0.00	13.24	1113.42
	423.88	0.00	13.34	1121.40
	423.89	0.00	13.43	1138.39
	423.91	0.00	13.49	1153.39
	423.92	0.00	13.57	1172.38
	423.93	0.00	13.60	1175.38
	423.94	0.00	13.70	1196.38
	423.95	0.00	13.74	1196.37
	423.97	0.00	13.84	1200.35
	423.98	0.00	13.88	1190.33
	423.99	0.00	13.96	1191.29
	424.00	0.00	14.04	1202.27
	424.01	0.00	14.06	1208.25
	424.02	0.00	14.11	1213.23
	424.04	0.00	14.11	1224.23
	424.05	0.00	14.09	1226.23
	424.06	0.00	14.03	1221.23
	424.07	0.00	13.94	1219.26
	424.08	0.00	13.89	1226.27
	424.09	0.00	13.83	1236.28
	424.10	0.00	13.84	1249.29
	424.12	0.00	13.86	1260.29
	424.13	0.00	13.84	1261.28
	424.14	0.00	13.84	1268.28
	424.15	0.00	13.85	1274.27
	424.16	0.00	13.86	1280.27
	424.17	0.00	13.86	1283.26
	424.19	0.00	13.85	1286.27
	424.20	0.00	13.82	1285.28
	424.21	0.00	13.74	1273.30
	424.22	0.00	13.62	1261.32
	424.23	0.00	13.52	1259.36
	424.25	0.00	13.47	1270.38
	424.26	0.00	13.41	1264.40
	424.27	0.00	13.39	1266.41
	424.28	0.00	13.40	1266.38
	424.29	0.00	13.38	1276.42
	424.30	0.00	13.39	1280.43
	424.31	0.00	13.43	1288.43
	424.33	0.00	13.46	1289.44
	424.34	0.00	13.54	1306.44
	424.35	0.00	13.63	1308.41
	424.36	0.00	13.72	1312.44
	424.37	0.00	13.79	1312.42
	424.39	0.00	13.92	1304.41
	424.40	0.00	14.03	1305.40
	424.41	0.00	14.11	1296.40
	424.42	0.00	14.19	1292.39
	424.43	0.00	14.28	1295.37
	424.44	0.00	14.36	1294.37
	424.45	0.00	14.48	1278.36
	424.47	0.00	14.66	1284.35
	424.48	0.00	14.76	1299.35
	424.49	0.00	14.83	1297.36
	424.50	0.00	14.93	1269.36
	424.51	0.00	14.97	1267.37
	424.52	0.00	15.10	1299.48
	424.54	0.00	15.22	1278.41
	424.55	0.00	15.41	1286.28
	424.56	0.00	15.61	1302.13
	424.57	0.00	15.69	1290.10
	424.58	0.00	15.75	1283.09
	424.60	0.00	15.80	1256.07
	424.61	0.00	15.83	1252.06
	424.62	0.00	15.87	1242.04
	424.63	0.00	15.87	1233.04
	424.64	0.00	15.88	1221.02
	424.65	0.00	15.94	1206.99
	424.67	0.00	15.97	1191.96
	424.68	0.00	16.01	1173.90
	424.69	0.00	15.98	1138.88
	424.70	0.00	15.95	1095.86
	424.71	0.00	15.86	1020.86
	424.72	0.00	15.86	1001.85
	424.73	0.00	15.74	945.85
	424.75	0.00	15.67	899.83
	424.76	0.00	15.56	869.83
	424.77	0.00	15.50	857.83
	424.78	0.00	15.20	823.83
	424.79	0.00	15.19	814.82
	424.80	0.00	15.13	797.82
	424.82	0.00	15.00	791.83
	424.83	0.00	14.77	780.89
	424.84	0.00	14.52	757.00
	424.85	0.00	14.39	720.99
	424.86	0.00	14.13	681.00
	424.87	0.00	14.22	699.01
	424.89	0.00	14.30	715.01
	424.90	0.00	14.33	721.00
	424.91	0.00	14.34	726.01
	424.92	0.00	14.35	727.01
	424.93	0.00	14.33	727.02
	424.94	0.00	14.29	722.01
	424.95	0.00	14.34	731.02
	424.97	0.00	14.34	731.02
	424.98	0.00	14.30	727.03
	424.99	0.00	14.35	732.03
	425.00	0.00	14.32	734.04
	425.01	0.00	14.35	735.03
	425.02	0.00	14.34	737.03
	425.04	0.00	14.33	735.04
	425.05	0.00	14.35	735.04
	425.06	0.00	14.34	738.04
	425.07	0.00	14.33	736.04
	425.08	0.00	14.36	741.04
	425.10	0.00	14.35	740.04
	425.11	0.00	14.35	740.04
	425.12	0.00	14.34	740.05
	425.13	0.00	14.34	740.05
	425.14	0.00	14.33	739.05
	425.15	0.00	14.34	740.05
	425.16	0.00	14.36	742.04
	425.18	0.00	14.37	741.03
	425.19	0.00	14.41	741.02
	425.20	0.00	14.40	744.02
	425.21	0.00	14.41	747.02
	425.22	0.00	14.40	749.02
	425.23	0.00	14.40	744.02
	425.25	0.00	14.42	746.01
	425.26	0.00	14.44	754.02
	425.27	0.00	14.44	758.02
	425.28	0.00	14.45	756.02
	425.29	0.00	14.47	759.02
	425.30	0.00	14.48	761.02
	425.32	0.00	14.19	761.22
	425.33	0.00	14.02	741.24
	425.34	0.00	13.43	657.29
	425.35	0.00	12.42	582.39
	425.36	0.00	12.06	619.49
	425.37	0.00	11.64	637.58
	425.38	0.00	11.47	679.68
	425.40	0.00	11.39	728.75
	425.41	0.00	11.29	750.77
	425.42	0.00	11.24	784.79
	425.43	0.00	11.28	822.81
	425.44	0.00	11.40	864.81
	425.45	0.00	11.46	884.81
	425.47	0.00	11.60	943.80
	425.48	0.00	11.67	965.79
	425.49	0.00	11.73	976.77
	425.50	0.00	11.83	989.74
	425.51	0.00	11.87	993.74
	425.52	0.00	11.90	992.74
	425.54	0.00	11.91	988.73
	425.55	0.00	11.95	984.72
	425.56	0.00	11.98	982.72
	425.57	0.00	11.99	977.72
	425.58	0.00	12.03	975.72
	425.59	0.00	12.04	976.72
	425.61	0.00	12.07	977.71
	425.62	0.00	12.10	982.71
	425.63	0.00	12.12	1003.71
	425.64	0.00	12.13	1010.72
	425.65	0.00	12.16	1019.72
	425.66	0.00	12.17	1024.72
	425.67	0.00	12.20	1031.72
	425.69	0.00	12.23	1038.72
	425.70	0.00	12.26	1043.72
	425.71	0.00	12.31	1049.72
	425.72	0.00	12.35	1069.72
	425.73	0.00	12.41	1076.71
	425.75	0.00	12.43	1071.71
	425.76	0.00	12.48	1070.71
	425.77	0.00	12.53	1074.71
	425.78	0.00	12.58	1070.71
	425.79	0.00	12.62	1055.71
	425.80	0.00	12.69	1060.70
	425.82	0.00	12.73	1054.70
	425.83	0.00	12.80	1062.70
	425.84	0.00	12.85	1087.69
	425.85	0.00	12.93	1098.69
	425.86	0.00	12.99	1109.66
	425.87	0.00	13.01	1116.68
	425.88	0.00	13.05	1116.68
	425.90	0.00	13.14	1143.68
	425.91	0.00	13.16	1148.68
	425.92	0.00	13.20	1157.67
	425.93	0.00	13.22	1162.68
	425.94	0.00	13.27	1173.67
	425.95	0.00	13.27	1174.67
	425.97	0.00	13.28	1177.67
	425.98	0.00	13.31	1183.67
	425.99	0.00	13.33	1188.67
	426.00	0.00	13.35	1190.66
	426.01	0.00	13.37	1189.66
	426.02	0.00	13.39	1173.66
	426.04	0.00	13.41	1170.66
	426.05	0.00	13.43	1169.65
	426.06	0.00	13.43	1169.65
	426.07	0.00	13.44	1169.65
	426.08	0.00	13.47	1164.62
	426.09	0.00	13.48	1164.64
	426.11	0.00	13.48	1176.65
	426.12	0.00	13.49	1166.64
	426.13	0.00	13.51	1158.64
	426.14	0.00	13.53	1153.63
	426.15	0.00	13.55	1149.63
	426.16	0.00	13.57	1140.63
	426.18	0.00	13.61	1137.62
	426.19	0.00	13.65	1131.62
	426.20	0.00	13.66	1126.61
	426.21	0.00	13.70	1114.60
	426.22	0.00	13.75	1100.59
	426.23	0.00	13.83	1085.55
	426.25	0.00	13.86	1065.58
	426.26	0.00	13.91	1045.57
	426.27	0.00	14.19	1029.56
	426.28	0.00	14.20	992.56
	426.29	0.00	14.20	985.56
	426.30	0.00	14.16	1001.56
	426.32	0.00	14.12	968.57
	426.33	0.00	14.05	935.57
	426.34	0.00	13.95	956.58
	426.35	0.00	13.88	947.59
	426.36	0.00	13.87	945.59
	426.37	0.00	13.84	937.59
	426.38	0.00	13.85	932.58
	426.40	0.00	13.88	899.58
	426.41	0.00	13.95	889.56
	426.42	0.00	13.94	881.57
	426.43	0.00	14.05	873.51
	426.44	0.00	14.13	861.47
	426.45	0.00	14.19	855.44
	426.47	0.00	14.20	850.44
	426.48	0.00	14.20	848.46
	426.49	0.00	14.16	842.48
	426.50	0.00	14.13	838.51
	426.51	0.00	14.14	838.52
	426.52	0.00	14.14	835.52
	426.54	0.00	14.11	836.55
	426.55	0.00	14.17	834.50
	426.56	0.00	14.10	832.57
	426.57	0.00	14.11	831.56
	426.58	0.00	14.14	832.52
	426.59	0.00	14.17	830.51
	426.61	0.00	14.17	828.48
	426.62	0.00	14.21	827.46
	426.63	0.00	14.21	825.45
	426.64	0.00	14.19	824.46
	426.65	0.00	14.19	824.46
	426.66	0.00	14.19	824.46
	426.67	0.00	14.20	824.45
	426.69	0.00	14.19	824.46
	426.70	0.00	14.16	817.46
	426.71	0.00	14.17	820.46
	426.72	0.00	14.17	819.46
	426.73	0.00	13.92	797.46
	426.74	0.00	13.90	797.46
	426.76	0.00	13.91	798.46
	426.77	0.00	13.89	795.45
	426.78	0.00	13.90	798.45
	426.79	0.00	13.89	796.45
	426.80	0.00	13.88	794.45
	426.81	0.00	13.86	795.46
	426.83	0.00	13.85	793.46
	426.84	0.00	13.85	792.46
	426.85	0.00	13.83	790.47
	426.86	0.00	13.86	791.46
	426.87	0.00	13.84	790.46
	426.88	0.00	13.82	790.47
	426.89	0.00	13.81	791.47
	426.91	0.00	13.81	794.47
	426.92	0.00	13.78	792.49
	426.93	0.00	13.77	792.48
	426.94	0.00	13.77	793.49
	426.95	0.00	13.72	795.50
	426.96	0.00	13.72	797.50
	426.98	0.00	13.69	802.50
	426.99	0.00	13.66	805.51
	427.00	0.00	13.65	805.51
	427.01	0.00	13.63	810.52
	427.02	0.00	13.60	806.52
	427.03	0.00	13.64	815.52
	427.05	0.00	13.61	812.53
	427.06	0.00	13.61	814.53
	427.07	0.00	13.61	816.54
	427.08	0.00	13.62	818.54
	427.09	0.00	13.63	819.53
	427.10	0.00	13.63	820.53
	427.12	0.00	13.63	818.54
	427.13	0.00	13.66	825.53
	427.14	0.00	13.67	826.54
	427.15	0.00	13.68	827.54
	427.16	0.00	13.67	829.54
	427.17	0.00	13.66	830.55
	427.19	0.00	13.67	830.54
	427.20	0.00	13.69	832.54
	427.21	0.00	13.66	829.54
	427.22	0.00	13.67	829.54
	427.23	0.00	13.67	829.54
	427.24	0.00	13.66	830.54
	427.26	0.00	13.90	848.55
	427.27	0.00	13.88	847.56
	427.28	0.00	13.89	849.55
	427.29	0.00	13.87	847.55
	427.30	0.00	13.89	849.54
	427.31	0.00	13.91	849.54
	427.33	0.00	13.93	849.54
	427.34	0.00	13.90	848.55
	427.35	0.00	13.88	849.56
	427.36	0.00	13.91	851.54
	427.37	0.00	13.92	849.54
	427.38	0.00	13.95	849.53
	427.39	0.00	13.96	851.53
	427.41	0.00	13.97	850.53
	427.42	0.00	13.97	850.53
	427.43	0.00	13.96	850.52
	427.44	0.00	13.97	855.53
	427.45	0.00	13.97	851.53
	427.46	0.00	13.98	854.53
	427.48	0.00	13.97	853.53
	427.49	0.00	13.98	854.52
	427.50	0.00	13.98	854.53
	427.51	0.00	13.99	855.52
	427.52	0.00	13.99	855.52
	427.53	0.00	14.00	853.52
	427.55	0.00	14.02	856.52
	427.56	0.00	14.02	854.52
	427.57	0.00	14.05	854.51
	427.58	0.00	14.05	851.51
	427.59	0.00	14.09	851.50
	427.60	0.00	14.11	852.51
	427.61	0.00	14.12	846.50
	427.63	0.00	14.13	851.50
	427.64	0.00	14.14	851.50
	427.65	0.00	14.16	850.49
	427.66	0.00	14.15	849.49
	427.67	0.00	14.15	849.49
	427.68	0.00	14.17	850.46
	427.70	0.00	14.18	849.48
	427.71	0.00	14.15	850.49
	427.72	0.00	14.18	847.48
	427.73	0.00	14.18	851.48
	427.74	0.00	14.20	853.48
	427.75	0.00	14.19	852.48
	427.77	0.00	14.20	851.48
	427.78	0.00	14.20	854.48
	427.79	0.00	14.22	851.47
	427.80	0.00	14.18	843.48
	427.81	0.00	14.22	851.47
	427.82	0.00	14.24	852.47
	427.84	0.00	14.23	850.47
	427.85	0.00	14.24	852.47
	427.86	0.00	14.23	853.47
	427.87	0.00	14.22	853.46
	427.88	0.00	14.21	853.47
	427.89	0.00	14.22	853.47
	427.91	0.00	14.23	853.47
	427.92	0.00	14.22	855.47
	427.93	0.00	14.21	853.47
	427.94	0.00	14.21	855.47
	427.95	0.00	14.22	854.47
	427.96	0.00	14.19	854.48
	427.98	0.00	14.20	853.47
	427.99	0.00	14.23	860.47
	428.00	0.00	14.20	854.47
	428.01	0.00	14.20	855.48
	428.02	0.00	14.18	852.48
	428.03	0.00	14.19	857.48
	428.05	0.00	14.16	859.49
	428.06	0.00	14.13	859.50
	428.07	0.00	14.14	868.49
	428.08	0.00	14.10	865.49
	428.09	0.00	14.05	861.50
	428.10	0.00	14.03	862.51
	428.11	0.00	14.00	861.51
	428.13	0.00	13.97	861.52
	428.14	0.00	13.93	862.55
	428.15	0.00	13.92	861.54
	428.16	0.00	13.92	863.54
	428.17	0.00	13.90	863.54
	428.18	0.00	13.86	865.55
	428.20	0.00	13.86	864.55
	428.21	0.00	13.83	863.56
	428.22	0.00	13.82	864.56
	428.23	0.00	13.81	864.57
	428.24	0.00	13.83	865.56
	428.25	0.00	13.81	867.57
	428.27	0.00	13.56	843.57
	428.28	0.00	13.81	866.57
	428.29	0.00	13.82	866.57
	428.30	0.00	13.82	865.57
	428.31	0.00	13.81	865.57
	428.32	0.00	13.81	865.58
	428.33	0.00	13.80	862.57
	428.35	0.00	13.80	860.57
	428.36	0.00	13.81	864.57
	428.37	0.00	13.83	866.57
	428.38	0.00	13.83	864.57
	428.39	0.00	13.82	864.57
	428.40	0.00	13.83	863.57
	428.42	0.00	13.85	864.56
	428.43	0.00	13.85	867.56
	428.44	0.00	13.85	865.56
	428.45	0.00	13.85	861.56
	428.46	0.00	13.87	862.56
	428.47	0.00	13.88	864.56
	428.49	0.00	13.88	861.56
	428.50	0.00	13.87	862.57
	428.51	0.00	13.89	863.56
	428.52	0.00	13.87	856.56
	428.53	0.00	13.87	862.56
	428.54	0.00	13.89	863.56
	428.56	0.00	13.88	864.56
	428.57	0.00	13.87	861.56
	428.58	0.00	13.88	864.56
	428.59	0.00	13.94	863.51
	428.60	0.00	13.89	864.55
	428.61	0.00	13.90	866.55
	428.63	0.00	13.89	863.56
	428.64	0.00	13.87	865.56
	428.65	0.00	13.88	867.56
	428.66	0.00	13.87	863.56
	428.67	0.00	13.87	863.56
	428.68	0.00	13.86	865.57
	428.70	0.00	13.85	863.56
	428.71	0.00	13.86	862.56
	428.72	0.00	13.86	865.56
	428.73	0.00	13.86	865.56
	428.74	0.00	13.85	864.56
	428.75	0.00	13.84	864.56
	428.77	0.00	13.86	864.56
	428.78	0.00	13.87	861.55
	428.79	0.00	13.89	867.56
	428.80	0.00	13.85	863.56
	428.81	0.00	13.86	863.56
	428.82	0.00	13.87	862.55
	428.83	0.00	13.87	862.55
	428.85	0.00	13.88	862.55
	428.86	0.00	13.87	861.55
	428.87	0.00	13.87	860.56
	428.88	0.00	13.90	863.55
	428.89	0.00	13.88	860.55
	428.90	0.00	13.90	860.55
	428.92	0.00	13.90	858.55
	428.93	0.00	13.91	859.55
	428.94	0.00	13.91	859.55
	428.95	0.00	13.93	859.55
	428.96	0.00	13.93	860.54
	428.97	0.00	13.89	857.55
	428.98	0.00	13.92	860.55
	429.00	0.00	13.92	860.55
	429.01	0.00	13.93	861.54
	429.02	0.00	13.93	861.54
	429.03	0.00	13.93	860.54
	429.04	0.00	13.93	860.54
	429.05	0.00	13.90	853.54
	429.07	0.00	13.94	860.54
	429.08	0.00	13.93	859.54
	429.09	0.00	13.94	860.54
	429.10	0.00	13.94	860.54
	429.11	0.00	13.94	859.54
	429.12	0.00	13.93	859.54
	429.14	0.00	13.93	859.54
	429.15	0.00	13.94	859.54
	429.16	0.00	13.96	865.54
	429.17	0.00	13.93	859.54
	429.18	0.00	13.94	861.54
	429.19	0.00	13.93	857.54
	429.20	0.00	13.93	858.54
	429.22	0.00	13.94	859.54
	429.23	0.00	13.95	860.53
	429.24	0.00	13.96	865.54
	429.25	0.00	13.93	856.53
	429.26	0.00	13.95	858.53
	429.27	0.00	13.97	860.53
	429.29	0.00	13.97	860.53
	429.30	0.00	13.98	862.53
	429.31	0.00	13.98	860.52
	429.32	0.00	13.98	860.53
	429.33	0.00	13.98	863.53
	429.34	0.00	13.98	856.53
	429.36	0.00	14.01	859.52
	429.37	0.00	14.02	859.52
	429.38	0.00	14.03	860.52
	429.39	0.00	14.03	858.51
	429.40	0.00	14.04	858.52
	429.41	0.00	14.07	859.51
	429.43	0.00	14.09	859.51
	429.44	0.00	14.05	856.51
	429.45	0.00	14.06	855.50
	429.46	0.00	14.09	859.50
	429.47	0.00	14.10	857.49
	429.48	0.00	14.12	855.49
	429.50	0.00	14.15	854.47
	429.51	0.00	14.14	854.48
	429.52	0.00	14.15	854.48
	429.53	0.00	14.16	852.48
	429.54	0.00	14.17	851.47
	429.55	0.00	14.18	852.47
	429.57	0.00	14.20	853.47
	429.58	0.00	14.19	851.47
	429.59	0.00	14.19	851.47
	429.60	0.00	14.18	845.46
	429.61	0.00	14.19	848.46
	429.62	0.00	14.20	851.46
	429.64	0.00	14.19	852.46
	429.65	0.00	14.21	852.46
	429.66	0.00	14.21	852.46
	429.67	0.00	14.20	852.46
	429.68	0.00	14.19	851.47
	429.69	0.00	14.22	858.46
	429.70	0.00	14.22	855.46
	429.72	0.00	14.20	851.46
	429.73	0.00	14.21	853.46
	429.74	0.00	14.21	853.46
	429.75	0.00	14.19	853.46
	429.76	0.00	14.19	851.47
	429.77	1.00	14.19	851.46
	429.79	1.00	14.20	851.46
	429.80	1.00	14.18	851.46
	429.81	1.00	14.19	853.46
	429.82	1.00	14.20	854.46
	429.83	1.00	14.20	854.46
	429.84	1.00	14.19	854.46
	429.86	1.00	14.19	854.46
	429.87	1.00	14.19	854.46
	429.88	1.00	14.18	853.46
	429.89	1.00	14.17	857.46
	429.90	1.00	14.16	857.47
	429.91	1.00	14.16	858.47
	429.92	1.00	14.17	857.46
	429.94	1.00	14.14	859.48
	429.95	1.00	14.16	857.46
	429.96	1.00	14.15	858.47
	429.97	1.00	14.18	860.46
	429.98	0.00	14.16	858.46
	430.00	0.00	14.17	860.46
	430.01	0.00	14.17	859.46
	430.02	0.00	14.17	859.46
	430.03	0.00	14.16	859.48
	430.04	0.00	14.16	859.47
	430.05	0.00	14.18	859.46
	430.07	0.00	14.15	859.46
	430.08	0.00	14.18	859.46
	430.09	0.00	14.18	858.46
	430.10	0.00	14.16	858.46
	430.11	0.00	14.17	859.46
	430.12	0.00	14.16	859.47
	430.14	0.00	14.16	860.47
	430.15	0.00	14.16	863.47
	430.16	0.00	14.15	860.47
	430.17	0.00	14.14	861.47
	430.18	0.00	14.14	861.47
	430.19	0.00	14.13	860.48
	430.20	0.00	14.11	861.48
	430.22	0.00	14.13	862.47
	430.23	0.00	14.09	859.48
	430.24	0.00	14.10	867.48
	430.25	0.00	14.08	867.49
	430.26	0.00	14.05	868.50
	430.27	0.00	14.04	869.51
	430.29	0.00	14.00	870.52
	430.30	0.00	13.97	871.53
	430.31	0.00	13.94	871.54
	430.32	0.00	13.93	876.54
	430.33	0.00	13.89	874.55
	430.34	0.00	13.86	877.56
	430.36	0.00	13.80	878.59
	430.37	0.00	13.77	880.60
	430.38	0.00	13.73	884.60
	430.39	0.00	13.67	882.62
	430.40	0.00	13.67	885.60
	430.41	0.00	13.63	885.62
	430.42	0.00	13.58	890.63
	430.44	0.00	13.31	869.64
	430.45	0.00	13.27	870.65
	430.46	0.00	13.25	876.66
	430.47	0.00	13.23	877.67
	430.48	0.00	13.21	877.68
	430.49	0.00	13.22	880.68
	430.51	0.00	13.22	882.68
	430.52	0.00	13.21	880.68
	430.53	0.00	13.21	881.68
	430.54	0.00	13.23	882.68
	430.55	0.00	13.25	882.67
	430.56	0.00	13.27	882.68
	430.58	0.00	13.51	893.67
	430.59	0.00	13.62	898.66
	430.60	0.00	13.70	919.64
	430.61	0.00	13.78	920.63
	430.62	0.00	13.86	916.63
	430.63	0.00	13.92	910.62
	430.64	0.00	14.02	909.60
	430.66	0.00	14.12	885.59
	430.67	0.00	14.19	879.56
	430.68	0.00	14.26	869.52
	430.69	0.00	14.38	865.46
	430.70	0.00	14.46	861.40
	430.71	0.00	14.79	860.15
	430.73	0.00	14.88	859.11
	430.74	0.00	14.91	851.09
	430.75	0.00	14.92	844.07
	430.76	0.00	14.95	832.05
	430.77	0.00	14.91	819.03
	430.78	0.00	14.90	807.02
	430.80	0.00	14.83	757.97
	430.81	0.00	14.72	730.95
	430.82	0.00	14.39	653.93
	430.83	0.00	14.08	591.92
	430.84	0.00	13.87	557.92
	430.85	0.00	13.20	501.92
	430.86	0.00	13.20	499.91
	430.88	0.00	13.59	543.91
	430.89	0.00	13.68	570.96
	430.90	0.00	13.65	576.99
	430.91	0.00	13.66	585.00
	430.92	0.00	13.66	587.01
	430.93	0.00	13.66	586.99
	430.95	0.00	13.73	590.98
	430.96	0.00	13.77	596.98
	430.97	0.00	13.77	599.99
	430.98	0.00	13.77	597.98
	430.99	0.00	13.74	596.98
	431.00	0.00	13.73	597.99
	431.01	0.00	13.73	597.99
	431.03	0.00	13.82	617.99
	431.04	0.00	13.75	614.00
	431.05	0.00	13.75	614.00
	431.06	0.00	13.72	615.00
	431.07	0.00	13.75	618.00
	431.08	0.00	13.85	637.00
	431.10	0.00	13.94	656.00
	431.11	0.00	14.01	670.01
	431.12	0.00	14.02	671.00
	431.13	0.00	14.08	683.01
	431.14	0.00	14.15	694.01
	431.15	0.00	14.18	705.01
	431.17	0.00	14.27	725.01
	431.18	0.00	14.53	796.00
	431.19	0.00	14.74	845.01
	431.20	0.00	14.92	880.97
	431.21	0.00	15.00	911.98
	431.22	0.00	15.02	946.02
	431.23	0.00	14.99	976.09
	431.25	0.00	14.74	1008.33
	431.26	0.00	14.55	1038.44
	431.27	0.00	14.43	1053.51
	431.28	0.00	14.32	1066.56
	431.29	0.00	14.27	1071.58
	431.30	0.00	14.23	1073.60
	431.32	0.00	14.14	1102.63
	431.33	0.00	14.06	1110.65
	431.34	0.00	13.96	1119.67
	431.35	0.00	13.90	1118.69
	431.36	0.00	13.84	1116.70
	431.38	0.00	13.80	1113.73
	431.39	0.00	13.77	1110.73
	431.40	0.00	13.74	1104.73
	431.41	0.00	13.72	1104.74
	431.42	0.00	13.70	1106.74
	431.43	0.00	13.69	1107.75
	431.44	0.00	13.68	1109.76
	431.46	0.00	13.68	1107.75
	431.47	0.00	13.67	1107.76
	431.48	0.00	13.66	1107.76
	431.49	0.00	13.66	1108.77
	431.50	0.00	13.65	1112.77
	431.52	0.00	13.66	1113.75
	431.53	0.00	13.64	1115.78
	431.54	0.00	13.65	1116.78
	431.55	0.00	13.67	1120.78
	431.56	0.00	13.67	1121.79
	431.57	0.00	13.69	1121.79
	431.58	0.00	13.70	1125.77
	431.60	0.00	13.67	1125.80
	431.61	0.00	13.67	1130.80
	431.62	0.00	13.67	1127.80
	431.63	0.00	13.69	1128.80
	431.64	0.00	13.71	1129.80
	431.65	0.00	13.72	1126.81
	431.67	0.00	13.71	1125.82
	431.68	0.00	13.73	1126.81
	431.69	0.00	13.74	1127.81
	431.70	0.00	13.76	1129.81
	431.71	0.00	13.73	1128.81
	431.73	0.00	13.74	1132.80
	431.74	0.00	13.72	1131.82
	431.75	0.00	13.73	1133.81
	431.76	0.00	13.72	1134.81
	431.77	0.00	13.74	1130.79
	431.78	0.00	13.77	1134.78
	431.80	0.00	13.79	1129.76
	431.81	0.00	13.80	1125.75
	431.82	0.00	13.82	1122.74
	431.83	0.00	13.84	1115.71
	431.84	0.00	13.89	1110.67
	431.85	0.00	13.89	1106.67
	431.86	0.00	13.88	1100.66
	431.88	0.00	13.84	1098.68
	431.89	0.00	13.81	1092.70
	431.90	0.00	13.83	1091.71
	431.91	0.00	13.81	1082.71
	431.92	0.00	13.80	1073.71
	431.94	0.00	13.78	1073.73
	431.95	0.00	13.78	1067.73
	431.96	0.00	13.78	1064.73
	431.97	0.00	13.74	1051.72
	431.98	0.00	13.78	1058.72
	431.99	0.00	13.80	1051.72
	432.01	0.00	13.80	1047.71
	432.02	0.00	13.80	1040.71
	432.03	0.00	13.81	1019.70
	432.04	0.00	13.81	1007.69
	432.05	0.00	13.82	1004.68
	432.06	0.00	13.84	995.67
	432.08	0.00	13.86	985.66
	432.09	0.00	13.88	982.65
	432.10	0.00	13.89	976.64
	432.11	0.00	13.91	969.62
	432.12	0.00	13.93	968.62
	432.13	0.00	13.97	960.60
	432.14	0.00	13.99	957.59
	432.16	0.00	14.02	946.58
	432.17	0.00	14.04	937.56
	432.18	0.00	14.07	928.55
	432.19	0.00	14.08	916.54
	432.20	0.00	14.12	903.50
	432.22	0.00	14.09	869.49
	432.23	0.00	14.16	851.46
	432.24	0.00	14.19	834.42
	432.25	0.00	14.21	823.39
	432.26	0.00	14.17	806.37
	432.27	0.00	14.06	773.36
	432.28	0.00	13.76	710.35
	432.30	0.00	13.45	643.32
	432.31	0.00	13.33	612.28
	432.32	0.00	13.46	626.24
	432.33	0.00	13.49	623.22
	432.34	0.00	13.47	621.21
	432.35	0.00	13.48	618.19
	432.36	0.00	13.45	617.20
	432.38	0.00	13.53	624.17
	432.39	0.00	13.83	651.08
	432.40	0.00	14.07	696.06
	432.41	0.00	14.12	699.06
	432.42	0.00	14.11	696.05
	432.44	0.00	14.18	711.05
	432.45	0.00	14.17	723.10
	432.46	0.00	14.20	728.10
	432.47	0.00	14.18	728.10
	432.48	0.00	14.18	729.10
	432.49	0.00	14.19	734.10
	432.50	0.00	14.20	729.10
	432.52	0.00	14.17	732.12
	432.53	0.00	14.19	733.11
	432.54	0.00	14.19	733.11
	432.55	0.00	14.21	735.11
	432.56	0.00	14.21	733.10
	432.57	0.00	14.19	729.10
	432.58	0.00	14.22	732.10
	432.60	0.00	14.21	736.11
	432.61	0.00	14.26	739.10
	432.62	0.00	14.26	739.10
	432.63	0.00	14.35	741.03
	432.64	0.00	14.25	741.08
	432.66	0.00	14.13	758.21
	432.67	0.00	14.10	783.31
	432.68	0.00	14.10	817.35
	432.69	0.00	14.13	836.37
	432.70	0.00	14.17	853.39
	432.71	0.00	14.20	875.41
	432.72	0.00	14.24	895.42
	432.74	0.00	14.28	913.43
	432.75	0.00	14.31	929.44
	432.76	0.00	14.33	942.45
	432.77	0.00	14.32	957.46
	432.78	0.00	14.31	976.49
	432.79	0.00	14.29	987.52
	432.81	0.00	14.25	997.55
	432.82	0.00	14.23	1010.58
	432.83	0.00	14.15	1024.60
	432.84	0.00	14.05	1043.62
	432.85	0.00	14.00	1051.63
	432.86	0.00	13.98	1055.62
	432.88	0.00	13.92	1068.63
	432.89	0.00	13.90	1072.64
	432.90	0.00	13.87	1074.64
	432.91	0.00	13.86	1082.65
	432.92	0.00	13.86	1085.63
	432.93	0.00	13.81	1083.65
	432.95	0.00	13.81	1089.66
	432.96	0.00	13.79	1095.66
	432.97	0.00	13.76	1095.66
	432.98	0.00	13.71	1110.66
	432.99	0.00	13.69	1111.66
	433.01	0.00	13.65	1108.66
	433.02	0.00	13.64	1113.65
	433.03	0.00	13.58	1140.65
	433.04	0.00	13.58	1141.65
	433.05	0.00	13.56	1144.65
	433.06	0.00	13.55	1147.65
	433.08	0.00	13.52	1149.66
	433.09	0.00	13.50	1170.66
	433.10	0.00	13.50	1174.65
	433.11	0.00	13.48	1158.65
	433.12	0.00	13.48	1161.66
	433.13	0.00	13.45	1183.66
	433.14	0.00	13.45	1185.66
	433.16	0.00	13.43	1191.66
	433.17	0.00	13.42	1189.66
	433.18	0.00	13.40	1192.66
	433.19	0.00	13.39	1195.66
	433.20	0.00	13.38	1196.66
	433.22	0.00	13.38	1200.66
	433.23	0.00	13.38	1201.66
	433.24	0.00	13.37	1202.66
	433.25	0.00	13.36	1207.66
	433.26	0.00	13.38	1211.65
	433.27	0.00	13.36	1210.65
	433.29	0.00	13.37	1211.65
	433.30	0.00	13.37	1208.65
	433.31	0.00	13.39	1212.65
	433.32	0.00	13.39	1211.65
	433.33	0.00	13.40	1211.65
	433.34	0.00	13.39	1211.65
	433.36	0.00	13.41	1208.65
	433.37	0.00	13.43	1206.64
	433.38	0.00	13.43	1205.64
	433.39	0.00	13.45	1205.64
	433.40	0.00	13.48	1202.64
	433.41	0.00	13.47	1200.64
	433.43	0.00	13.49	1198.63
	433.44	0.00	13.48	1195.64
	433.45	0.00	13.50	1189.64
	433.46	0.00	13.51	1191.64
	433.47	0.00	13.51	1191.64
	433.48	0.00	13.51	1192.64
	433.50	0.00	13.51	1194.64
	433.51	0.00	13.53	1193.63
	433.52	0.00	13.53	1194.64
	433.53	0.00	13.55	1189.64
	433.54	0.00	13.58	1185.63
	433.55	0.00	13.60	1161.63
	433.57	0.00	13.62	1155.63
	433.58	0.00	13.62	1156.64
	433.59	0.00	13.64	1153.63
	433.60	0.00	13.65	1152.63
	433.61	0.00	13.68	1149.63
	433.63	0.00	13.71	1143.62
	433.64	0.00	13.74	1140.62
	433.65	0.00	13.81	1118.62
	433.66	0.00	13.83	1113.62
	433.67	0.00	13.86	1111.61
	433.68	0.00	13.88	1106.61
	433.69	0.00	13.90	1107.60
	433.71	0.00	13.92	1106.60
	433.72	0.00	13.93	1104.60
	433.73	0.00	13.93	1101.60
	433.74	0.00	13.94	1099.60
	433.75	0.00	13.93	1098.60
	433.77	0.00	13.92	1097.60
	433.78	0.00	13.92	1097.60
	433.79	0.00	13.92	1096.60
	433.80	0.00	13.91	1093.60
	433.81	0.00	13.90	1091.60
	433.82	0.00	13.89	1088.61
	433.83	0.00	13.88	1089.60
	433.85	0.00	13.89	1087.60
	433.86	0.00	13.87	1087.60
	433.87	0.00	13.88	1087.60
	433.88	0.00	13.87	1088.60
	433.89	0.00	13.88	1087.60
	433.91	0.00	13.89	1086.59
	433.92	0.00	13.89	1088.60
	433.93	0.00	13.89	1085.60
	433.94	0.00	13.91	1084.59
	433.95	0.00	13.94	1084.59
	433.96	0.00	14.00	1072.59
	433.98	0.00	14.05	1071.58
	433.99	0.00	14.07	1067.58
	434.00	0.00	14.11	1062.57
	434.01	0.00	14.19	1058.55
	434.02	0.00	14.26	1053.55
	434.03	0.00	14.37	1053.55
	434.05	0.00	14.51	1069.53
	434.06	0.00	14.62	1067.51
	434.07	0.00	14.69	1066.51
	434.08	0.00	14.85	1064.39
	434.09	0.00	14.90	1061.37
	434.10	0.00	14.98	1062.31
	434.12	0.00	14.87	1060.41
	434.13	0.00	14.98	1062.33
	434.14	0.00	15.00	1062.33
	434.15	0.00	14.99	1062.33
	434.16	0.00	15.02	1069.32
	434.17	0.00	15.00	1070.34
	434.19	0.00	14.99	1073.34
	434.20	0.00	14.98	1077.36
	434.21	0.00	14.94	1079.39
	434.22	0.00	14.94	1082.39
	434.23	0.00	14.91	1089.41
	434.25	0.00	14.86	1094.42
	434.26	0.00	14.81	1098.44
	434.27	0.00	14.76	1103.47
	434.28	0.00	14.70	1107.50
	434.29	0.00	14.65	1110.52
	434.30	0.00	14.61	1116.54
	434.32	0.00	14.56	1121.55
	434.33	0.00	14.51	1126.57
	434.34	0.00	14.45	1125.59
	434.35	0.00	14.37	1133.59
	434.36	0.00	14.30	1131.61
	434.37	0.00	14.28	1133.61
	434.39	0.00	14.22	1139.62
	434.40	0.00	14.20	1139.63
	434.41	0.00	14.17	1143.63
	434.42	0.00	14.13	1147.63
	434.43	0.00	14.09	1150.64
	434.44	0.00	14.07	1155.64
	434.45	0.00	14.03	1155.65
	434.47	0.00	14.02	1157.65
	434.48	0.00	14.00	1158.67
	434.49	0.00	14.01	1162.65
	434.50	0.00	13.99	1158.65
	434.51	0.00	13.98	1158.65
	434.53	0.00	13.94	1167.65
	434.54	0.00	13.94	1168.65
	434.55	0.00	13.93	1165.65
	434.56	0.00	13.93	1165.65
	434.57	0.00	13.93	1169.65
	434.58	0.00	13.93	1169.65
	434.60	0.00	13.92	1166.65
	434.61	0.00	13.92	1167.65
	434.62	0.00	13.94	1167.64
	434.63	0.00	13.94	1167.64
	434.64	0.00	13.95	1169.65
	434.66	0.00	13.95	1170.64
	434.67	0.00	13.97	1172.64
	434.68	0.00	13.96	1171.64
	434.69	0.00	13.96	1170.64
	434.70	0.00	13.97	1171.64
	434.71	0.00	13.97	1171.64
	434.72	0.00	13.98	1172.64
	434.74	0.00	14.00	1173.64
	434.75	0.00	13.99	1172.64
	434.76	0.00	14.00	1171.64
	434.77	0.00	14.00	1173.64
	434.78	0.00	14.00	1172.64
	434.79	0.00	14.00	1174.64
	434.81	0.00	14.01	1174.63
	434.82	0.00	14.00	1173.64
	434.83	0.00	14.00	1174.64
	434.84	0.00	14.00	1173.64
	434.85	0.00	14.00	1173.63
	434.86	0.00	14.01	1175.63
	434.88	0.00	14.00	1173.63
	434.89	0.00	14.01	1174.63
	434.90	0.00	14.03	1176.61
	434.91	0.00	14.01	1175.63
	434.92	0.00	14.01	1175.63
	434.94	0.00	14.00	1179.63
	434.95	0.00	14.00	1177.63
	434.96	0.00	14.00	1177.63
	434.97	0.00	14.00	1177.63
	434.98	0.00	14.00	1177.63
	434.99	0.00	14.01	1176.62
	435.01	0.00	14.00	1177.63
	435.02	0.00	14.02	1178.63
	435.03	0.00	14.01	1177.63
	435.04	0.00	14.02	1176.63
	435.05	0.00	14.03	1177.63
	435.06	0.00	14.03	1177.63
	435.08	0.00	14.04	1176.63
	435.09	0.00	14.04	1175.63
	435.10	0.00	14.06	1177.62
	435.11	0.00	14.06	1175.62
	435.12	0.00	14.07	1174.62
	435.13	0.00	14.08	1178.62
	435.14	0.00	14.09	1180.62
	435.16	0.00	14.08	1176.62
	435.17	0.00	14.10	1175.61
	435.18	0.00	14.10	1178.62
	435.19	0.00	14.13	1177.62
	435.20	0.00	14.11	1178.62
	435.22	0.00	14.11	1178.62
	435.23	0.00	14.12	1178.62
	435.24	0.00	14.12	1177.62
	435.25	0.00	14.11	1178.63
	435.26	0.00	14.13	1177.62
	435.27	0.00	14.13	1172.61
	435.29	0.00	14.14	1181.61
	435.30	0.00	14.13	1181.62
	435.31	0.00	14.17	1185.61
	435.32	0.00	14.14	1184.62
	435.33	0.00	14.13	1184.62
	435.34	0.00	14.15	1185.60
	435.36	0.00	14.14	1181.61
	435.37	0.00	14.16	1184.61
	435.38	0.00	14.14	1185.61
	435.39	0.00	14.11	1179.61
	435.40	0.00	14.09	1208.61
	435.41	0.00	14.14	1186.61
	435.42	0.00	14.12	1187.62
	435.44	0.00	14.13	1187.61
	435.45	0.00	14.13	1190.61
	435.46	0.00	14.07	1206.61
	435.47	0.00	14.07	1208.62
	435.48	0.00	14.08	1209.61
	435.50	0.00	14.07	1204.61
	435.51	0.00	14.06	1206.62
	435.52	0.00	14.06	1208.62
	435.53	0.00	14.06	1208.61
	435.54	0.00	14.05	1206.61
	435.55	0.00	14.06	1207.61
	435.57	0.00	14.07	1206.61
	435.58	0.00	14.07	1206.61
	435.59	0.00	14.07	1206.61
	435.60	0.00	14.07	1207.61
	435.61	0.00	14.08	1207.61
	435.62	0.00	14.12	1184.61
	435.64	0.00	14.07	1205.61
	435.65	0.00	14.12	1185.61
	435.66	0.00	14.13	1183.61
	435.67	0.00	14.12	1183.61
	435.68	0.00	14.12	1182.61
	435.69	0.00	14.11	1182.62
	435.70	0.00	14.13	1182.61
	435.72	0.00	14.12	1183.61
	435.73	0.00	14.12	1183.61
	435.74	0.00	14.12	1180.61
	435.75	0.00	14.12	1182.61
	435.76	0.00	14.12	1182.61
	435.77	0.00	14.12	1183.61
	435.79	0.00	14.11	1185.61
	435.80	0.00	14.12	1184.61
	435.81	0.00	14.11	1183.61
	435.82	0.00	14.10	1183.61
	435.83	0.00	14.06	1203.61
	435.85	0.00	14.04	1205.61
	435.86	0.00	14.02	1206.62
	435.87	0.00	14.01	1206.61
	435.88	0.00	13.99	1203.61
	435.89	0.00	13.98	1210.62
	435.90	0.00	13.95	1208.62
	435.92	0.00	13.91	1204.62
	435.93	0.00	13.87	1199.62
	435.94	0.00	13.87	1201.62
	435.95	0.00	13.86	1200.62
	435.96	0.00	13.81	1190.63
	435.97	0.00	13.81	1192.63
	435.99	0.00	13.81	1190.62
	436.00	0.00	13.80	1190.63
	436.01	0.00	13.80	1184.62
	436.02	0.00	13.86	1194.63
	436.03	0.00	13.89	1199.62
	436.04	0.00	13.90	1200.63
	436.06	0.00	13.93	1201.62
	436.07	0.00	13.95	1199.62
	436.08	0.00	13.96	1197.62
	436.09	0.00	13.99	1196.62
	436.10	0.00	14.00	1192.62
	436.11	0.00	14.04	1195.61
	436.13	1.00	14.10	1175.61
	436.14	1.00	14.11	1175.62
	436.15	1.00	14.13	1172.61
	436.16	1.00	14.14	1175.61
	436.17	1.00	14.14	1171.61
	436.19	1.00	14.15	1169.61
	436.20	1.00	14.14	1168.61
	436.21	1.00	14.16	1169.61
	436.22	1.00	14.17	1169.60
	436.23	1.00	14.16	1171.61
	436.24	1.00	14.16	1169.61
	436.25	1.00	14.17	1170.61
	436.27	1.00	14.16	1170.61
	436.28	1.00	14.17	1173.60
	436.29	1.00	14.16	1170.61
	436.30	1.00	14.16	1171.60
	436.31	1.00	14.15	1173.61
	436.33	1.00	14.15	1172.61
	436.34	1.00	14.15	1171.61
	436.35	1.00	14.15	1175.61
	436.36	0.00	14.15	1174.61
	436.37	0.00	14.15	1174.60
	436.38	0.00	14.15	1174.60
	436.39	0.00	14.13	1175.61
	436.41	0.00	14.14	1174.60
	436.42	0.00	14.13	1174.60
	436.43	0.00	14.14	1175.60
	436.44	0.00	14.14	1174.60
	436.45	0.00	14.14	1175.60
	436.47	0.00	14.14	1174.60
	436.48	0.00	14.14	1174.60
	436.49	0.00	14.13	1175.61
	436.50	0.00	14.13	1175.61
	436.51	0.00	14.15	1177.60
	436.52	0.00	14.15	1174.60
	436.54	0.00	14.15	1173.60
	436.55	0.00	14.15	1175.60
	436.56	0.00	14.14	1174.60
	436.57	0.00	14.14	1174.61
	436.58	0.00	14.14	1169.60
	436.59	0.00	14.17	1173.60
	436.60	0.00	14.16	1174.60
	436.62	0.00	14.16	1172.60
	436.63	0.00	14.17	1172.60
	436.64	0.00	14.18	1170.60
	436.65	0.00	14.18	1171.60
	436.66	0.00	14.18	1170.60
	436.67	0.00	14.17	1177.60
	436.69	0.00	14.17	1171.60
	436.70	0.00	14.16	1172.60
	436.71	0.00	14.15	1164.60
	436.72	0.00	14.18	1170.60
	436.73	0.00	14.18	1170.60
	436.75	0.00	14.18	1169.60
	436.76	0.00	14.18	1168.60
	436.77	0.00	14.19	1171.60
	436.78	0.00	14.19	1167.60
	436.79	0.00	14.21	1165.60
	436.80	0.00	14.22	1165.59
	436.81	0.00	14.24	1160.59
	436.83	0.00	14.31	1152.59
	436.84	0.00	14.32	1148.60
	436.85	0.00	14.36	1148.59
	436.86	0.00	14.36	1144.59
	436.87	0.00	14.39	1152.59
	436.89	0.00	14.42	1153.58
	436.90	0.00	14.42	1155.58
	436.91	0.00	14.43	1152.58
	436.92	0.00	14.44	1154.58
	436.93	0.00	14.44	1152.58
	436.94	0.00	14.44	1150.58
	436.95	0.00	14.44	1152.58
	436.97	0.00	14.43	1151.58
	436.98	0.00	14.43	1149.58
	436.99	0.00	14.43	1150.58
	437.00	0.00	14.42	1150.58
	437.01	0.00	14.43	1151.58
	437.02	0.00	14.44	1151.56
	437.04	0.00	14.41	1146.58
	437.05	0.00	14.42	1148.58
	437.06	0.00	14.42	1152.58
	437.07	0.00	14.41	1149.58
	437.08	0.00	14.41	1150.58
	437.10	0.00	14.41	1150.58
	437.11	0.00	14.39	1151.59
	437.12	0.00	14.39	1151.58
	437.13	0.00	14.38	1153.58
	437.14	0.00	14.37	1149.58
	437.15	0.00	14.38	1151.58
	437.17	0.00	14.36	1150.58
	437.18	0.00	14.37	1151.58
	437.19	0.00	14.36	1150.58
	437.20	0.00	14.35	1150.58
	437.21	0.00	14.37	1149.57
	437.22	0.00	14.36	1149.58
	437.23	0.00	14.36	1145.58
	437.25	0.00	14.35	1146.58
	437.26	0.00	14.36	1147.58
	437.27	0.00	14.36	1147.58
	437.28	0.00	14.36	1146.58
	437.29	0.00	14.37	1144.58
	437.31	0.00	14.38	1144.58
	437.32	0.00	14.38	1144.58
	437.33	0.00	14.38	1147.58
	437.34	0.00	14.39	1146.58
	437.35	0.00	14.39	1143.58
	437.36	0.00	14.38	1144.58
	437.38	0.00	14.39	1143.58
	437.39	0.00	14.40	1146.58
	437.40	0.00	14.38	1145.58
	437.41	0.00	14.38	1144.58
	437.42	0.00	14.39	1145.57
	437.44	0.00	14.38	1141.58
	437.45	0.00	14.38	1143.58
	437.46	0.00	14.38	1142.58
	437.47	0.00	14.37	1141.58
	437.48	0.00	14.38	1142.58
	437.49	0.00	14.37	1143.58
	437.51	0.00	14.37	1141.58
	437.52	0.00	14.39	1143.55
	437.53	0.00	14.38	1142.58
	437.54	0.00	14.38	1142.57
	437.55	0.00	14.38	1143.58
	437.56	0.00	14.39	1142.58
	437.58	0.00	14.41	1142.57
	437.59	0.00	14.41	1142.57
	437.60	0.00	14.41	1142.57
	437.61	0.00	14.40	1139.59
	437.62	0.00	14.43	1137.57
	437.63	0.00	14.44	1137.57
	437.64	0.00	14.46	1134.57
	437.66	0.00	14.47	1133.57
	437.67	0.00	14.51	1140.57
	437.68	0.00	14.51	1138.56
	437.69	0.00	14.51	1137.57
	437.70	0.00	14.54	1138.56
	437.72	0.00	14.55	1141.56
	437.73	0.00	14.56	1138.56
	437.74	0.00	14.58	1135.56
	437.75	0.00	14.58	1136.56
	437.76	0.00	14.59	1135.55
	437.77	0.00	14.60	1135.55
	437.79	0.00	14.60	1136.55
	437.80	0.00	14.61	1132.55
	437.81	0.00	14.63	1133.54
	437.82	0.00	14.62	1129.55
	437.83	0.00	14.63	1132.54
	437.84	0.00	14.63	1131.54
	437.86	0.00	14.64	1133.54
	437.87	0.00	14.63	1132.54
	437.88	0.00	14.61	1131.56
	437.89	0.00	14.64	1132.54
	437.90	0.00	14.63	1132.54
	437.91	0.00	14.63	1132.54
	437.93	0.00	14.64	1132.54
	437.94	0.00	14.64	1135.54
	437.95	0.00	14.63	1136.54
	437.96	0.00	14.63	1135.54
	437.97	0.00	14.64	1134.54
	437.98	0.00	14.64	1133.54
	438.00	0.00	14.64	1135.54
	438.01	0.00	14.64	1135.54
	438.02	0.00	14.63	1135.54
	438.03	0.00	14.64	1137.54
	438.04	0.00	14.63	1134.54
	438.05	0.00	14.63	1134.54
	438.07	0.00	14.62	1136.54
	438.08	0.00	14.62	1135.54
	438.09	0.00	14.61	1135.54
	438.10	0.00	14.61	1136.54
	438.11	0.00	14.61	1136.54
	438.13	0.00	14.61	1137.54
	438.14	0.00	14.58	1139.55
	438.15	0.00	14.56	1140.55
	438.16	0.00	14.56	1142.55
	438.17	0.00	14.52	1144.56
	438.18	0.00	14.53	1147.56
	438.20	0.00	14.51	1145.56
	438.21	0.00	14.50	1145.56
	438.22	0.00	14.49	1145.56
	438.23	0.00	14.49	1149.56
	438.24	0.00	14.49	1148.56
	438.25	0.00	14.49	1148.56
	438.27	0.00	14.48	1147.56
	438.28	0.00	14.48	1147.56
	438.29	0.00	14.49	1147.56
	438.30	0.00	14.48	1147.56
	438.31	0.00	14.48	1147.56
	438.32	0.00	14.50	1148.56
	438.34	0.00	14.50	1149.56
	438.35	0.00	14.49	1147.56
	438.36	0.00	14.50	1148.56
	438.37	0.00	14.50	1145.56
	438.38	0.00	14.49	1149.56
	438.39	0.00	14.50	1148.56
	438.41	0.00	14.50	1149.56
	438.42	0.00	14.50	1148.56
	438.43	0.00	14.50	1148.56
	438.44	0.00	14.48	1147.56
	438.45	0.00	14.49	1146.56
	438.47	0.00	14.48	1150.56
	438.48	0.00	14.48	1150.56
	438.49	0.00	14.48	1150.56
	438.50	0.00	14.47	1148.56
	438.51	0.00	14.47	1151.56
	438.52	0.00	14.46	1151.57
	438.54	0.00	14.46	1152.57
	438.55	0.00	14.47	1153.56
	438.56	0.00	14.46	1151.56
	438.57	0.00	14.47	1152.56
	438.58	0.00	14.47	1152.56
	438.59	0.00	14.48	1152.56
	438.61	0.00	14.48	1152.56
	438.62	0.00	14.48	1152.56
	438.63	0.00	14.47	1152.56
	438.64	0.00	14.48	1152.56
	438.65	0.00	14.48	1154.56
	438.66	0.00	14.48	1154.56
	438.67	0.00	14.49	1154.56
	438.69	0.00	14.48	1152.56
	438.70	0.00	14.49	1154.56
	438.71	0.00	14.50	1154.55
	438.72	0.00	14.48	1152.57
	438.73	0.00	14.49	1155.56
	438.75	0.00	14.50	1154.56
	438.76	0.00	14.49	1156.56
	438.77	0.00	14.50	1155.56
	438.78	0.00	14.50	1155.56
	438.79	0.00	14.50	1155.56
	438.80	0.00	14.50	1154.56
	438.82	0.00	14.51	1154.55
	438.83	0.00	14.48	1151.56
	438.84	0.00	14.50	1153.56
	438.85	0.00	14.49	1155.56
	438.86	0.00	14.49	1156.56
	438.88	0.00	14.51	1160.56
	438.89	0.00	14.50	1163.56
	438.90	0.00	14.48	1159.56
	438.91	0.00	14.48	1159.56
	438.92	0.00	14.48	1158.56
	438.93	0.00	14.47	1159.56
	438.94	0.00	14.48	1158.56
	438.96	0.00	14.49	1161.56
	438.97	0.00	14.48	1159.56
	438.98	0.00	14.48	1159.56
	438.99	0.00	14.48	1157.55
	439.00	0.00	14.48	1162.56
	439.01	0.00	14.47	1160.56
	439.03	0.00	14.48	1158.56
	439.04	0.00	14.47	1160.56
	439.05	0.00	14.45	1159.56
	439.06	0.00	14.45	1163.56
	439.07	0.00	14.41	1168.57
	439.08	0.00	14.41	1170.56
	439.10	0.00	14.33	1180.58
	439.11	0.00	14.29	1184.58
	439.12	0.00	14.25	1191.59
	439.13	0.00	14.17	1213.60
	439.14	0.00	14.11	1213.60
	439.15	0.00	13.86	1184.61
	439.17	0.00	13.79	1182.62
	439.18	0.00	13.75	1186.62
	439.19	0.00	13.69	1184.62
	439.20	0.00	13.64	1204.62
	439.21	0.00	13.59	1196.62
	439.23	0.00	13.53	1191.62
	439.24	0.00	13.47	1187.62
	439.25	0.00	13.52	1205.61
	439.26	0.00	13.52	1206.58
	439.27	0.00	13.41	1189.61
	439.28	0.00	13.30	1174.61
	439.30	0.00	13.24	1164.61
	439.31	0.00	13.23	1165.61
	439.32	0.00	13.21	1167.61
	439.33	0.00	13.22	1167.61
	439.34	0.00	13.21	1166.61
	439.35	0.00	13.23	1170.61
	439.36	0.00	13.24	1168.60
	439.38	0.00	13.29	1181.61
	439.39	0.00	13.39	1200.60
	439.40	0.00	13.43	1208.61
	439.41	0.00	13.46	1205.61
	439.42	0.00	13.48	1208.61
	439.44	0.00	13.50	1202.61
	439.45	0.00	13.52	1195.61
	439.46	0.00	13.55	1190.61
	439.47	0.00	13.49	1162.61
	439.48	0.00	13.54	1156.61
	439.49	0.00	13.60	1152.61
	439.51	0.00	13.66	1126.61
	439.52	0.00	13.80	1120.61
	439.53	0.00	13.87	1117.60
	439.54	0.00	13.98	1115.60
	439.55	0.00	14.14	1093.59
	439.57	0.00	14.34	1090.57
	439.58	0.00	14.54	1081.53
	439.59	0.00	14.79	1074.45
	439.60	0.00	14.96	1068.35
	439.61	0.00	15.18	1066.15
	439.62	0.00	15.20	1057.12
	439.63	0.00	15.22	1041.10
	439.65	0.00	15.21	1021.09
	439.66	0.00	15.19	982.06
	439.67	0.00	15.12	956.05
	439.68	0.00	15.03	922.05
	439.69	0.00	14.92	891.06
	439.70	0.00	14.82	868.07
	439.72	0.00	14.73	862.12
	439.73	0.00	14.69	854.13
	439.74	0.00	14.35	780.17
	439.75	0.00	14.21	745.15
	439.76	0.00	14.23	749.15
	439.77	0.00	14.26	755.15
	439.79	0.00	14.26	756.15
	439.80	0.00	14.26	757.16
	439.81	0.00	14.26	761.16
	439.82	0.00	14.25	756.16
	439.83	0.00	14.27	759.16
	439.84	0.00	14.27	760.16
	439.86	0.00	14.26	762.16
	439.87	0.00	14.27	761.15
	439.88	0.00	14.26	760.17
	439.89	0.00	14.27	764.15
	439.90	0.00	14.28	763.15
	439.91	0.00	14.29	769.15
	439.92	0.00	14.31	767.14
	439.94	0.00	14.35	770.12
	439.95	0.00	14.40	769.08
	439.96	0.00	14.42	771.07
	439.97	0.00	14.44	773.07
	439.98	0.00	14.47	773.05
	440.00	0.00	14.47	776.05
	440.01	0.00	14.50	781.05
	440.02	0.00	14.49	777.05
	440.03	0.00	14.52	784.05
	440.04	0.00	14.52	784.05
	440.05	0.00	14.54	786.04
	440.07	0.00	14.55	788.04
	440.08	0.00	14.29	801.25
	440.09	0.00	13.99	784.36
	440.10	0.00	13.10	686.39
	440.11	0.00	11.29	630.54
	440.12	0.00	10.91	689.64
	440.13	0.00	11.09	775.68
	440.14	0.00	10.93	817.73
	440.16	0.00	10.88	863.78
	440.17	0.00	11.09	920.81
	440.18	0.00	11.17	954.81
	440.19	0.00	11.30	977.81
	440.20	0.00	11.42	981.73
	440.22	0.00	11.47	989.73
	440.23	0.00	11.48	995.74
	440.24	0.00	11.46	1002.74
	440.25	0.00	11.46	1006.74
	440.26	0.00	11.44	1009.77
	440.27	0.00	11.42	1008.77
	440.29	0.00	11.43	1004.74
	440.30	0.00	11.37	1002.78
	440.31	0.00	11.35	1002.78
	440.32	0.00	11.29	999.78
	440.33	0.00	11.28	1000.79
	440.34	0.00	11.24	993.79
	440.36	0.00	11.15	979.80
	440.37	0.00	11.13	976.79
	440.38	0.00	11.12	972.80
	440.39	0.00	11.10	957.81
	440.40	0.00	11.10	955.81
	440.41	0.00	11.11	948.82
	440.42	0.00	11.14	947.83
	440.44	0.00	11.15	946.83
	440.45	0.00	11.20	950.86
	440.46	0.00	11.21	930.87
	440.47	0.00	11.25	932.88
	440.48	0.00	11.31	931.88
	440.50	0.00	11.35	932.88
	440.51	0.00	11.55	963.89
	440.52	0.00	11.71	992.90
	440.53	0.00	11.78	1021.91
	440.54	0.00	11.84	1029.91
	440.55	0.00	11.88	1038.91
	440.56	0.00	11.93	1046.91
	440.58	0.00	12.02	1066.92
	440.59	0.00	12.07	1069.92
	440.60	0.00	12.12	1078.91
	440.61	0.00	12.21	1081.91
	440.62	0.00	12.28	1084.91
	440.64	0.00	12.34	1087.91
	440.65	0.00	12.41	1112.92
	440.66	0.00	12.46	1098.91
	440.67	0.00	12.48	1095.91
	440.68	0.00	12.54	1097.91
	440.69	0.00	12.62	1122.90
	440.71	0.00	12.72	1124.88
	440.72	0.00	12.91	1160.81
	440.73	0.00	13.03	1175.82
	440.74	0.00	13.13	1182.82
	440.75	0.00	13.23	1195.82
	440.76	0.00	13.29	1204.82
	440.77	0.00	13.43	1233.82
	440.79	0.00	13.55	1240.82
	440.80	0.00	13.66	1244.82
	440.81	0.00	13.74	1245.81
	440.82	0.00	13.82	1244.80
	440.83	0.00	13.92	1213.79
	440.85	0.00	14.08	1192.77
	440.86	0.00	14.19	1189.76
	440.87	0.00	14.29	1187.75
	440.88	0.00	14.38	1174.73
	440.89	0.00	14.47	1179.71
	440.90	0.00	14.76	1195.67
	440.92	0.00	14.89	1188.60
	440.93	0.00	15.02	1166.52
	440.94	0.00	15.18	1162.37
	440.95	0.00	15.30	1160.30
	440.96	0.00	15.43	1162.17
	440.97	0.00	15.48	1156.15
	440.98	0.00	15.52	1126.13
	441.00	0.00	15.57	1125.11
	441.01	0.00	15.58	1117.10
	441.02	0.00	15.63	1115.07
	441.03	0.00	15.64	1108.05
	441.04	0.00	15.66	1093.04
	441.06	0.00	15.69	1078.00
	441.07	0.00	15.73	1061.96
	441.08	0.00	15.74	1036.92
	441.09	0.00	15.71	983.89
	441.10	0.00	15.65	952.88
	441.11	0.00	15.59	927.87
	441.13	0.00	15.55	901.86
	441.14	0.00	15.54	881.86
	441.15	0.00	15.46	852.85
	441.16	0.00	15.41	831.85
	441.17	0.00	15.13	801.85
	441.18	0.00	15.09	795.84
	441.20	0.00	14.96	794.86
	441.21	0.00	14.73	775.94
	441.22	0.00	14.49	746.02
	441.23	0.00	14.20	713.12
	441.24	0.00	13.84	640.12
	441.25	0.00	14.03	657.06
	441.27	0.00	14.18	678.02
	441.28	0.00	14.28	690.02
	441.29	0.00	14.29	696.02
	441.30	0.00	14.29	696.02
	441.31	0.00	14.27	695.03
	441.32	0.00	14.25	696.04
	441.33	0.00	14.29	695.02
	441.35	0.00	14.22	699.07
	441.36	0.00	14.19	701.09
	441.37	0.00	14.17	695.09
	441.38	0.00	14.15	692.08
	441.39	0.00	14.15	691.08
	441.40	0.00	14.16	696.09
	441.42	0.00	14.18	700.09
	441.43	0.00	14.24	709.08
	441.44	0.00	14.26	716.08
	441.45	0.00	14.27	715.08
	441.46	0.00	14.27	715.08
	441.47	0.00	14.29	719.08
	441.48	0.00	14.26	716.08
	441.50	0.00	14.28	717.08
	441.51	0.00	14.28	718.07
	441.52	0.00	14.32	718.04
	441.53	0.00	14.33	719.04
	441.54	0.00	14.38	723.03
	441.55	0.00	14.38	726.03
	441.57	0.00	14.41	731.02
	441.58	0.00	14.45	735.01
	441.59	0.00	14.45	739.02
	441.60	0.00	14.43	737.03
	441.61	0.00	14.47	739.02
	441.62	0.00	14.47	741.03
	441.64	0.00	14.46	743.03
	441.65	0.00	14.49	743.02
	441.66	0.00	14.31	749.14
	441.67	0.00	14.06	734.20
	441.68	0.00	13.52	673.22
	441.69	0.00	12.29	598.36
	441.71	0.00	11.63	657.52
	441.72	0.00	11.29	705.60
	441.73	0.00	11.19	779.68
	441.74	0.00	11.12	836.74
	441.75	0.00	11.24	875.72
	441.76	0.00	11.45	921.69
	441.78	0.00	11.58	963.61
	441.79	0.00	11.70	994.61
	441.80	0.00	11.76	1011.60
	441.81	0.00	11.83	1021.60
	441.82	0.00	11.90	1027.59
	441.83	0.00	11.94	1048.60
	441.85	0.00	11.99	1055.60
	441.86	0.00	12.01	1051.60
	441.87	0.00	12.04	1048.59
	441.88	0.00	12.07	1045.60
	441.89	0.00	12.08	1044.59
	441.90	0.00	12.15	1047.59
	441.92	0.00	12.13	1057.59
	441.93	0.00	12.15	1065.59
	441.94	0.00	12.17	1073.59
	441.95	0.00	12.22	1084.58
	441.96	0.00	12.28	1098.58
	441.97	0.00	12.29	1108.59
	441.99	0.00	12.33	1121.59
	442.00	0.00	12.38	1135.58
	442.01	0.00	12.40	1146.58
	442.02	0.00	12.45	1158.59
	442.03	0.00	12.47	1166.58
	442.04	0.00	12.50	1172.58
	442.05	0.00	12.52	1171.58
	442.07	0.00	12.58	1179.58
	442.08	0.00	12.62	1185.58
	442.09	0.00	12.65	1184.58
	442.10	0.00	12.68	1189.58
	442.11	0.00	12.74	1191.58
	442.13	0.00	12.74	1198.57
	442.14	0.00	12.72	1192.57
	442.15	0.00	12.72	1196.58
	442.16	0.00	12.70	1198.58
	442.17	0.00	12.71	1203.57
	442.18	0.00	12.69	1199.57
	442.20	0.00	12.69	1201.57
	442.21	0.00	12.69	1203.58
	442.22	0.00	12.71	1206.58
	442.23	0.00	12.72	1208.58
	442.24	0.00	12.76	1207.58
	442.25	0.00	12.81	1211.58
	442.27	0.00	12.85	1208.58
	442.28	0.00	12.92	1210.58
	442.29	0.00	12.97	1208.58
	442.30	0.00	13.03	1206.58
	442.31	0.00	13.05	1192.58
	442.32	0.00	13.13	1194.59
	442.33	0.00	13.14	1190.60
	442.35	0.00	13.18	1190.60
	442.36	0.00	13.23	1183.60
	442.37	0.00	13.28	1191.60
	442.38	0.00	13.34	1183.60
	442.39	0.00	13.39	1158.59
	442.41	0.00	13.48	1176.60
	442.42	0.00	13.57	1182.60
	442.43	0.00	13.58	1162.60
	442.44	0.00	13.66	1137.60
	442.45	0.00	13.67	1135.60
	442.46	0.00	13.73	1133.60
	442.48	0.00	13.98	1175.60
	442.49	0.00	14.13	1193.58
	442.50	0.00	14.27	1207.57
	442.51	0.00	14.46	1188.55
	442.52	0.00	14.59	1185.53
	442.53	0.00	14.69	1187.51
	442.55	0.00	14.96	1215.48
	442.56	0.00	15.06	1223.44
	442.57	0.00	15.18	1216.40
	442.58	0.00	15.30	1189.37
	442.59	0.00	15.34	1184.36
	442.60	0.00	15.58	1175.14
	442.61	0.00	15.65	1147.10
	442.63	0.00	15.70	1147.08
	442.64	0.00	15.72	1132.06
	442.65	0.00	15.70	1115.04
	442.66	0.00	15.69	1087.01
	442.67	0.00	15.73	1061.96
	442.69	0.00	15.69	1019.91
	442.70	0.00	15.58	932.89
	442.71	0.00	15.39	860.87
	442.72	0.00	15.32	830.86
	442.73	0.00	15.30	822.86
	442.74	0.00	15.34	815.85
	442.76	0.00	15.31	809.85
	442.77	0.00	15.07	776.84
	442.78	0.00	15.05	767.84
	442.79	0.00	14.90	764.84
	442.80	0.00	14.74	755.88
	442.81	0.00	14.43	728.00
	442.82	0.00	14.08	663.02
	442.83	0.00	13.90	631.01
	442.85	0.00	13.86	623.01
	442.86	0.00	13.47	569.04
	442.87	0.00	13.91	621.00
	442.88	0.00	14.03	647.00
	442.89	0.00	14.13	667.01
	442.91	0.00	14.15	674.01
	442.92	0.00	14.15	677.02
	442.93	0.00	14.16	676.01
	442.94	0.00	14.17	680.02
	442.95	0.00	14.19	687.02
	442.96	0.00	14.19	687.02
	442.98	0.00	14.19	686.03
	442.99	0.00	14.24	693.02
	443.00	0.00	14.24	700.03
	443.01	0.00	14.27	701.03
	443.02	0.00	14.29	706.03
	443.03	0.00	14.33	714.02
	443.04	0.00	14.34	716.03
	443.06	0.00	14.35	721.03
	443.07	0.00	14.37	725.03
	443.08	0.00	14.36	724.03
	443.09	0.00	14.37	728.03
	443.10	0.00	14.40	727.01
	443.11	0.00	14.34	721.03
	443.13	0.00	14.39	730.03
	443.14	0.00	14.41	733.03
	443.15	0.00	14.43	737.03
	443.16	0.00	14.42	739.03
	443.17	0.00	14.43	742.03
	443.18	0.00	14.46	745.02
	443.20	0.00	14.50	746.02
	443.21	0.00	14.48	750.02
	443.22	0.00	14.50	750.02
	443.23	0.00	14.50	754.02
	443.24	0.00	14.52	758.02
	443.25	0.00	14.52	761.03
	443.27	0.00	14.54	759.02
	443.28	0.00	14.52	757.02
	443.29	0.00	14.54	763.02
	443.30	0.00	14.29	761.15
	443.31	0.00	13.86	728.25
	443.32	0.00	12.94	651.37
	443.33	0.00	12.12	632.43
	443.35	0.00	11.71	649.51
	443.36	0.00	11.32	649.56
	443.37	0.00	11.54	715.60
	443.38	0.00	12.04	816.63
	443.39	0.00	12.00	827.63
	443.41	0.00	12.43	907.56
	443.42	0.00	12.84	1004.57
	443.43	0.00	13.01	1083.57
	443.44	0.00	13.09	1103.57
	443.45	0.00	13.13	1112.57
	443.46	0.00	13.19	1096.56
	443.47	0.00	13.21	1106.56
	443.49	0.00	13.23	1113.55
	443.50	0.00	13.23	1122.58
	443.51	0.00	13.26	1125.57
	443.52	0.00	13.26	1123.57
	443.53	0.00	13.25	1114.57
	443.55	0.00	13.27	1108.56
	443.56	0.00	13.26	1097.56
	443.57	0.00	13.25	1077.58
	443.58	0.00	13.37	1097.56
	443.59	0.00	13.39	1098.56
	443.60	0.00	13.44	1102.56
	443.61	0.00	13.48	1103.56
	443.63	0.00	13.56	1108.55
	443.64	0.00	13.58	1106.55
	443.65	0.00	13.61	1112.56
	443.66	0.00	13.67	1114.55
	443.67	0.00	13.68	1108.55
	443.69	0.00	13.71	1110.55
	443.70	0.00	13.74	1114.55
	443.71	0.00	13.77	1117.55
	443.72	0.00	13.80	1119.55
	443.73	0.00	13.84	1126.55
	443.74	0.00	13.87	1125.54
	443.76	0.00	13.91	1129.54
	443.77	0.00	13.91	1126.54
	443.78	0.00	13.94	1134.55
	443.79	0.00	13.98	1135.54
	443.80	0.00	13.98	1133.54
	443.81	0.00	14.00	1142.54
	443.83	0.00	14.01	1143.54
	443.84	0.00	14.04	1150.54
	443.85	0.00	14.05	1152.54
	443.86	0.00	14.05	1156.54
	443.87	0.00	14.07	1162.54
	443.88	0.00	14.09	1160.54
	443.89	0.00	14.12	1164.54
	443.91	0.00	14.15	1167.54
	443.92	0.00	14.15	1167.55
	443.93	0.00	14.18	1187.54
	443.94	0.00	14.19	1190.54
	443.95	0.00	14.21	1189.54
	443.97	0.00	14.24	1189.54
	443.98	0.00	14.24	1191.54
	443.99	0.00	14.26	1192.54
	444.00	0.00	14.25	1194.54
	444.01	0.00	14.25	1199.54
	444.02	0.00	14.25	1196.54
	444.04	0.00	14.26	1198.54
	444.05	0.00	14.30	1198.54
	444.06	0.00	14.33	1195.54
	444.07	0.00	14.36	1189.54
	444.08	0.00	14.40	1192.54
	444.10	0.00	14.43	1187.53
	444.11	0.00	14.46	1182.53
	444.12	0.00	14.52	1183.53
	444.13	0.00	14.62	1178.52
	444.14	0.00	14.75	1178.50
	444.15	0.00	14.84	1183.50
	444.17	0.00	14.90	1175.48
	444.18	0.00	14.99	1180.45
	444.19	0.00	15.06	1184.43
	444.20	0.00	15.15	1166.40
	444.21	0.00	15.23	1165.37
	444.22	0.00	15.28	1164.36
	444.23	0.00	15.21	1165.47
	444.25	0.00	15.16	1164.54
	444.26	0.00	15.29	1158.41
	444.27	0.00	15.45	1147.23
	444.28	0.00	15.37	1128.27
	444.29	0.00	15.45	1105.17
	444.30	0.00	15.45	1088.13
	444.32	0.00	15.41	1038.11
	444.33	0.00	15.37	1012.10
	444.34	0.00	15.28	968.08
	444.35	0.00	15.15	917.06
	444.36	0.00	15.11	889.01
	444.38	0.00	15.08	849.95
	444.39	0.00	14.88	788.91
	444.40	0.00	14.78	749.89
	444.41	0.00	14.78	735.87
	444.42	0.00	14.80	736.87
	444.43	0.00	14.84	749.87
	444.44	0.00	14.84	758.88
	444.45	0.00	14.75	769.96
	444.47	0.00	14.59	758.03
	444.48	0.00	14.48	741.04
	444.49	0.00	14.39	729.05
	444.50	0.00	14.02	692.18
	444.51	0.00	13.98	694.21
	444.52	0.00	14.11	707.16
	444.54	0.00	14.37	728.05
	444.55	0.00	14.42	737.05
	444.56	0.00	14.35	743.12
	444.57	0.00	14.30	742.14
	444.58	0.00	14.28	740.16
	444.60	0.00	14.27	740.17
	444.61	0.00	14.24	737.18
	444.62	0.00	14.25	738.18
	444.63	0.00	14.25	741.19
	444.64	0.00	14.27	743.18
	444.65	0.00	14.29	742.16
	444.66	0.00	14.29	741.16
	444.68	0.00	14.29	742.16
	444.69	0.00	14.32	745.15
	444.70	0.00	14.31	743.15
	444.71	0.00	14.33	747.15
	444.72	0.00	14.36	749.14
	444.73	0.00	14.37	753.14
	444.75	0.00	14.36	755.15
	444.76	0.00	14.37	756.15
	444.77	0.00	14.39	761.15
	444.78	0.00	14.38	759.15
	444.79	0.00	14.42	760.12
	444.80	0.00	14.44	761.11
	444.82	0.00	14.46	759.09
	444.83	0.00	14.52	760.05
	444.84	0.00	14.54	762.04
	444.85	0.00	14.56	766.04
	444.86	0.00	14.55	764.04
	444.87	0.00	14.56	767.04
	444.89	0.00	14.55	765.04
	444.90	0.00	14.54	765.04
	444.91	0.00	14.56	767.04
	444.92	0.00	14.56	766.04
	444.93	0.00	14.57	768.04
	444.94	0.00	14.57	768.04
	444.95	0.00	14.59	769.03
	444.97	0.00	14.57	769.04
	444.98	0.00	14.56	765.04
	444.99	0.00	14.58	770.04
	445.00	0.00	14.32	770.23
	445.01	0.00	14.13	783.38
	445.02	0.00	13.73	742.38
	445.04	0.00	12.63	645.43
	445.05	0.00	11.73	630.50
	445.06	0.00	11.25	651.59
	445.07	0.00	11.19	720.68
	445.08	0.00	11.03	781.77
	445.09	0.00	11.04	825.79
	445.11	0.00	11.20	870.81
	445.12	0.00	11.38	915.80
	445.13	0.00	11.46	949.77
	445.14	0.00	11.64	980.70
	445.15	0.00	11.77	996.69
	445.16	0.00	11.84	1012.70
	445.17	0.00	11.91	1021.70
	445.19	0.00	11.96	1040.69
	445.20	0.00	12.03	1040.69
	445.21	0.00	12.04	1042.71
	445.22	0.00	12.09	1039.70
	445.23	0.00	12.10	1034.70
	445.25	0.00	12.14	1034.70
	445.26	0.00	12.16	1034.70
	445.27	0.00	12.20	1032.70
	445.28	0.00	12.24	1011.69
	445.29	0.00	12.29	1032.70
	445.30	0.00	12.33	1036.69
	445.32	0.00	12.32	1033.69
	445.33	0.00	12.36	1037.69
	445.34	0.00	12.39	1045.69
	445.35	0.00	12.43	1053.69
	445.36	0.00	12.51	1056.62
	445.37	0.00	12.49	1056.69
	445.39	0.00	12.55	1066.69
	445.40	0.00	12.60	1090.69
	445.41	0.00	12.63	1092.69
	445.42	0.00	12.67	1096.69
	445.43	0.00	12.71	1097.70
	445.44	0.00	12.79	1100.69
	445.45	0.00	12.84	1100.68
	445.47	0.00	12.87	1102.68
	445.48	0.00	12.92	1104.68
	445.49	0.00	12.97	1106.67
	445.50	0.00	13.01	1111.68
	445.51	0.00	13.07	1117.67
	445.53	0.00	13.12	1120.67
	445.54	0.00	13.15	1122.66
	445.55	0.00	13.24	1151.66
	445.56	0.00	13.29	1155.66
	445.57	0.00	13.32	1165.66
	445.58	0.00	13.35	1168.66
	445.60	0.00	13.44	1179.65
	445.61	0.00	13.50	1177.65
	445.62	0.00	13.57	1172.64
	445.63	0.00	13.62	1173.64
	445.64	0.00	13.66	1173.63
	445.65	0.00	13.70	1176.64
	445.67	0.00	13.75	1179.63
	445.68	0.00	13.79	1181.62
	445.69	0.00	13.95	1218.62
	445.70	0.00	13.89	1177.61
	445.71	0.00	13.97	1174.60
	445.72	0.00	14.04	1148.60
	445.73	0.00	14.24	1183.60
	445.75	0.00	14.31	1186.60
	445.76	0.00	14.40	1178.59
	445.77	0.00	14.49	1161.58
	445.78	0.00	14.62	1143.50
	445.79	0.00	14.66	1149.52
	445.80	0.00	14.65	1149.57
	445.82	0.00	14.53	1144.73
	445.83	0.00	14.53	1138.73
	445.84	0.00	14.71	1140.54
	445.85	0.00	14.80	1139.49
	445.86	0.00	14.87	1113.47
	445.88	0.00	14.82	1113.56
	445.89	0.00	14.94	1111.46
	445.90	0.00	15.07	1107.33
	445.91	0.00	15.18	1097.22
	445.92	0.00	15.26	1089.16
	445.93	0.00	15.31	1080.13
	445.94	0.00	15.31	1044.12
	445.96	0.00	15.30	1030.12
	445.97	0.00	15.31	1024.11
	445.98	0.00	15.32	1014.10
	445.99	0.00	15.37	1012.09
	446.00	0.00	15.38	997.08
	446.02	0.00	15.38	990.06
	446.03	0.00	15.37	970.04
	446.04	0.00	15.39	959.01
	446.05	0.00	15.42	940.95
	446.06	0.00	15.41	910.92
	446.07	0.00	15.34	859.90
	446.08	0.00	15.25	815.88
	446.10	0.00	15.13	768.86
	446.11	0.00	15.07	740.85
	446.12	0.00	14.99	713.85
	446.13	0.00	14.91	687.84
	446.14	0.00	14.85	674.84
	446.15	0.00	14.81	659.83
	446.17	0.00	14.43	625.83
	446.18	0.00	14.44	622.83
	446.19	0.00	14.45	619.82
	446.20	0.00	14.36	629.82
	446.21	0.00	14.22	621.85
	446.22	0.00	14.03	617.92
	446.23	0.00	13.88	602.96
	446.25	0.00	13.74	584.97
	446.26	0.00	13.63	573.98
	446.27	0.00	13.80	599.99
	446.28	0.00	13.96	628.99
	446.29	0.00	14.01	636.99
	446.30	0.00	14.09	653.99
	446.32	0.00	14.13	660.00
	446.33	0.00	14.13	663.00
	446.34	0.00	14.16	668.00
	446.35	0.00	14.17	674.01
	446.36	0.00	14.17	673.01
	446.37	0.00	14.19	676.01
	446.39	0.00	14.19	680.01
	446.40	0.00	14.22	683.01
	446.41	0.00	14.23	686.01
	446.42	0.00	14.25	690.01
	446.43	0.00	14.27	695.01
	446.44	0.00	14.24	690.01
	446.45	0.00	14.28	697.01
	446.47	0.00	14.26	696.02
	446.48	0.00	14.30	700.01
	446.49	0.00	14.32	705.01
	446.50	0.00	14.32	704.01
	446.51	0.00	14.32	705.01
	446.52	0.00	14.32	705.01
	446.54	0.00	14.33	707.01
	446.55	0.00	14.32	708.02
	446.56	0.00	14.35	713.01
	446.57	0.00	14.37	711.01
	446.58	0.00	14.37	715.01
	446.60	0.00	14.39	715.00
	446.61	0.00	14.41	716.00
	446.62	0.00	14.40	714.00
	446.63	0.00	14.43	713.99
	446.64	0.00	14.40	717.00
	446.65	0.00	14.42	722.00
	446.66	0.00	14.44	719.99
	446.67	0.00	14.44	723.99
	446.69	0.00	14.47	729.99
	446.70	0.00	14.46	727.99
	446.71	0.00	14.48	730.99
	446.72	0.00	14.49	734.99
	446.73	0.00	14.52	739.99
	446.75	0.00	14.27	733.13
	446.76	0.00	14.21	779.22
	446.77	0.00	13.33	691.24
	446.78	0.00	11.55	635.50
	446.79	0.00	11.35	691.54
	446.80	0.00	11.09	767.65
	446.82	0.00	10.76	844.77
	446.83	0.00	10.74	898.83
	446.84	0.00	10.98	956.84
	446.85	0.00	11.18	988.78
	446.86	0.00	11.42	1001.77
	446.87	0.00	11.73	1061.77
	446.88	0.00	11.92	1095.76
	446.90	0.00	12.01	1103.75
	446.91	0.00	12.08	1103.75
	446.92	0.00	12.17	1100.74
	446.93	0.00	12.24	1098.74
	446.94	0.00	12.31	1093.75
	446.95	0.00	12.32	1082.74
	446.97	0.00	12.39	1087.74
	446.98	0.00	12.45	1086.73
	446.99	0.00	12.48	1084.73
	447.00	0.00	12.50	1085.72
	447.01	0.00	12.54	1087.72
	447.02	0.00	12.55	1093.72
	447.04	0.00	12.56	1098.71
	447.05	0.00	12.58	1111.71
	447.06	0.00	12.59	1119.71
	447.07	0.00	12.64	1135.71
	447.08	0.00	12.65	1139.71
	447.09	0.00	12.63	1138.72
	447.11	0.00	12.67	1148.72
	447.12	0.00	12.68	1146.72
	447.13	0.00	12.71	1148.72
	447.14	0.00	12.70	1143.72
	447.15	0.00	12.70	1136.72
	447.16	0.00	12.73	1138.72
	447.18	0.00	12.74	1136.72
	447.19	0.00	12.75	1130.72
	447.20	0.00	12.76	1125.71
	447.21	0.00	12.77	1127.72
	447.22	0.00	12.76	1124.72
	447.23	0.00	12.72	1113.72
	447.25	0.00	12.81	1146.72
	447.26	0.00	12.80	1143.72
	447.27	0.00	12.82	1143.72
	447.28	0.00	12.83	1141.72
	447.29	0.00	12.82	1140.70
	447.30	0.00	12.82	1141.72
	447.32	0.00	12.80	1138.73
	447.33	0.00	12.80	1140.73
	447.34	0.00	12.81	1137.73
	447.35	0.00	12.81	1134.73
	447.36	0.00	12.84	1135.73
	447.37	0.00	12.86	1134.73
	447.39	0.00	12.90	1129.73
	447.40	0.00	12.92	1125.73
	447.41	0.00	12.94	1120.73
	447.42	0.00	12.97	1113.73
	447.43	0.00	12.96	1107.74
	447.44	0.00	12.98	1101.73
	447.46	0.00	13.13	1110.73
	447.47	0.00	13.18	1110.73
	447.48	0.00	13.25	1105.73
	447.49	0.00	13.34	1104.72
	447.50	0.00	13.40	1097.72
	447.51	0.00	13.48	1095.73
	447.52	0.00	13.60	1078.71
	447.54	0.00	13.69	1079.70
	447.55	0.00	13.78	1079.70
	447.56	0.00	13.87	1086.69
	447.57	0.00	13.96	1095.69
	447.58	0.00	14.06	1097.68
	447.60	0.00	14.24	1095.62
	447.61	0.00	14.31	1092.61
	447.62	0.00	14.66	1123.54
	447.63	0.00	14.77	1120.50
	447.64	0.00	14.95	1116.35
	447.65	0.00	15.08	1097.30
	447.67	0.00	15.29	1113.17
	447.68	0.00	15.39	1123.14
	447.69	0.00	15.43	1097.11
	447.70	0.00	15.47	1087.08
	447.71	0.00	15.52	1082.06
	447.72	0.00	15.54	1062.02
	447.73	0.00	15.56	1054.99
	447.75	0.00	15.56	1033.96
	447.76	0.00	15.60	1015.91
	447.77	0.00	15.51	969.90
	447.78	0.00	15.48	946.89
	447.79	0.00	15.47	922.88
	447.80	0.00	15.35	852.87
	447.82	0.00	15.31	830.86
	447.83	0.00	15.27	798.86
	447.84	0.00	15.22	767.85
	447.85	0.00	15.11	738.85
	447.86	0.00	15.10	734.84
	447.88	0.00	15.19	764.84
	447.89	0.00	14.91	737.84
	447.90	0.00	14.77	710.84
	447.91	0.00	14.47	696.88
	447.92	0.00	14.13	663.99
	447.93	0.00	13.87	630.03
	447.94	0.00	13.60	579.03
	447.95	0.00	13.73	616.06
	447.97	0.00	14.12	680.05
	447.98	0.00	14.18	690.05
	447.99	0.00	14.18	690.05
	448.00	0.00	14.17	688.05
	448.01	0.00	14.14	686.06
	448.02	0.00	14.15	686.06
	448.04	0.00	14.12	682.06
	448.05	0.00	14.13	686.07
	448.06	0.00	14.13	687.07
	448.07	0.00	14.14	692.07
	448.08	0.00	14.20	698.05
	448.10	0.00	14.17	700.08
	448.11	0.00	14.25	712.08
	448.12	0.00	14.21	710.09
	448.13	0.00	14.27	721.09
	448.14	0.00	14.28	726.10
	448.15	0.00	14.29	729.10
	448.16	0.00	14.30	730.10
	448.18	0.00	14.32	737.11
	448.19	0.00	14.32	743.12
	448.20	0.00	14.33	746.12
	448.21	0.00	14.34	748.12
	448.22	0.00	14.35	751.12
	448.23	0.00	14.40	755.10
	448.25	0.00	14.39	754.10
	448.26	0.00	14.46	757.06
	448.27	0.00	14.52	757.04
	448.28	0.00	14.50	759.04
	448.29	0.00	14.52	759.03
	448.30	0.00	14.52	758.03
	448.32	0.00	14.54	766.03
	448.33	0.00	14.55	766.03
	448.34	0.00	14.56	771.03
	448.35	0.00	14.56	769.03
	448.36	0.00	14.60	776.02
	448.37	0.00	14.63	784.02
	448.39	0.00	14.61	782.03
	448.40	0.00	14.20	781.28
	448.41	0.00	13.84	748.33
	448.42	0.00	12.14	589.42
	448.43	0.00	11.27	651.60
	448.44	0.00	10.98	713.75
	448.45	0.00	10.84	795.85
	448.47	0.00	10.67	866.89
	448.48	0.00	10.77	908.89
	448.49	0.00	11.07	952.87
	448.50	0.00	11.24	984.86
	448.51	0.00	11.47	1014.84
	448.52	0.00	11.65	1027.86
	448.54	0.00	11.80	1069.87
	448.55	0.00	11.92	1068.87
	448.56	0.00	12.07	1073.85
	448.57	0.00	12.11	1059.86
	448.58	0.00	12.24	1039.86
	448.59	0.00	12.34	1029.85
	448.61	0.00	12.40	1014.85
	448.62	0.00	12.48	1008.84
	448.63	0.00	12.54	1000.84
	448.64	0.00	12.62	995.84
	448.65	0.00	12.63	986.83
	448.66	0.00	12.70	994.83
	448.67	0.00	12.75	995.82
	448.69	0.00	12.79	1000.82
	448.70	0.00	12.83	1004.82
	448.71	0.00	12.86	1004.81
	448.72	0.00	12.86	997.81
	448.73	0.00	12.95	1020.81
	448.75	0.00	13.03	1002.81
	448.76	0.00	13.09	1001.81
	448.77	0.00	13.14	998.80
	448.78	0.00	13.16	996.79
	448.79	0.00	13.15	987.79
	448.80	0.00	13.23	986.78
	448.82	0.00	13.22	986.78
	448.83	0.00	13.28	986.77
	448.84	0.00	13.32	991.77
	448.85	0.00	13.34	995.77
	448.86	0.00	13.37	994.76
	448.87	0.00	13.37	994.76
	448.88	0.00	13.40	997.76
	448.90	0.00	13.42	999.76
	448.91	0.00	13.43	1001.76
	448.92	0.00	13.42	1003.77
	448.93	0.00	13.42	1004.76
	448.94	0.00	13.45	1009.76
	448.95	0.00	13.46	1010.76
	448.97	0.00	13.46	1010.76
	448.98	0.00	13.46	1012.77
	448.99	0.00	13.45	1014.77
	449.00	0.00	13.44	1017.77
	449.01	0.00	13.41	1020.78
	449.02	0.00	13.41	1025.78
	449.04	0.00	13.37	1029.78
	449.05	0.00	13.38	1033.79
	449.06	0.00	13.39	1036.79
	449.07	0.00	13.38	1038.80
	449.08	0.00	13.43	1039.79
	449.09	0.00	13.42	1039.79
	449.11	0.00	13.44	1040.79
	449.12	0.00	13.44	1039.79
	449.13	0.00	13.47	1037.79
	449.14	0.00	13.49	1039.79
	449.15	0.00	13.59	1059.78
	449.16	0.00	13.63	1058.78
	449.17	0.00	13.66	1060.78
	449.19	0.00	13.71	1054.78
	449.20	0.00	13.76	1053.78
	449.21	0.00	14.00	1070.77
	449.22	0.00	14.06	1066.77
	449.23	0.00	14.11	1061.76
	449.25	0.00	14.18	1058.75
	449.26	0.00	14.21	1051.74
	449.27	0.00	14.24	1045.73
	449.28	0.00	14.36	1041.66
	449.29	0.00	14.40	1038.62
	449.30	0.00	14.45	1036.59
	449.31	0.00	14.47	1039.59
	449.33	0.00	14.47	1032.61
	449.34	0.00	14.47	1030.61
	449.35	0.00	14.49	1027.61
	449.36	0.00	14.50	1002.61
	449.37	0.00	14.56	973.58
	449.39	0.00	14.63	970.53
	449.40	0.00	14.66	967.48
	449.41	0.00	14.63	964.53
	449.42	0.00	14.82	959.36
	449.43	0.00	14.97	957.23
	449.44	0.00	15.07	951.13
	449.45	0.00	15.08	946.12
	449.47	0.00	15.05	928.11
	449.48	0.00	15.01	913.10
	449.49	0.00	14.93	880.09
	449.50	0.00	14.91	859.07
	449.51	0.00	14.88	835.05
	449.52	0.00	14.79	776.01
	449.54	0.00	14.69	727.96
	449.55	0.00	14.66	702.93
	449.56	0.00	14.64	684.89
	449.57	0.00	14.64	675.87
	449.58	0.00	14.26	638.87
	449.59	0.00	14.26	635.86
	449.60	0.00	14.27	634.86
	449.62	0.00	14.25	634.86
	449.63	0.00	14.20	633.88
	449.64	0.00	14.11	626.90
	449.65	0.00	13.94	616.97
	449.66	0.00	13.83	598.99
	449.67	0.00	13.69	592.01
	449.69	0.00	13.50	575.07
	449.70	0.00	13.62	577.00
	449.71	0.00	13.66	588.01
	449.72	0.00	13.61	583.01
	449.73	0.00	13.73	601.02
	449.74	0.00	13.75	604.02
	449.76	0.00	13.70	603.05
	449.77	0.00	13.67	604.07
	449.78	0.00	13.61	600.09
	449.79	0.00	13.64	604.09
	449.80	0.00	13.64	610.10
	449.81	0.00	13.63	610.12
	449.82	0.00	13.61	609.12
	449.84	0.00	13.62	611.12
	449.85	0.00	13.63	613.12
	449.86	0.00	13.65	615.12
	449.87	0.00	13.63	613.12
	449.88	0.00	13.65	617.11
	449.89	0.00	13.69	620.11
	449.91	0.00	13.64	617.10
	449.92	0.00	13.66	618.09
	449.93	0.00	13.68	622.10
	449.94	0.00	13.67	624.11
	449.95	0.00	13.70	626.10
	449.96	0.00	13.71	628.10
	449.98	0.00	13.89	650.07
	449.99	0.00	14.00	663.05
	450.00	0.00	14.02	667.04
	450.01	0.00	14.10	676.03
	450.02	0.00	14.11	682.03
	450.03	0.00	14.12	686.04
	450.04	0.00	14.17	690.03
	450.06	0.00	14.18	695.03
	450.07	0.00	14.11	695.08
	450.08	0.00	14.05	701.10
	450.09	0.00	13.88	676.11
	450.10	0.00	13.51	646.16
	450.11	0.00	13.19	660.23
	450.13	0.00	12.50	717.43
	450.14	0.00	12.18	782.52
	450.15	0.00	12.10	815.54
	450.16	0.00	12.13	853.51
	450.17	0.00	12.15	882.53
	450.18	0.00	12.20	930.54
	450.20	0.00	12.26	960.56
	450.21	0.00	12.34	978.57
	450.22	0.00	12.31	976.56
	450.23	0.00	12.33	990.56
	450.24	0.00	12.35	1000.56
	450.25	0.00	12.37	1007.57
	450.27	0.00	12.39	1006.57
	450.28	0.00	12.43	1008.56
	450.29	0.00	12.43	1010.58
	450.30	0.00	12.43	1009.57
	450.31	0.00	12.47	1013.57
	450.32	0.00	12.50	1036.57
	450.33	0.00	12.49	1019.57
	450.35	0.00	12.51	1040.57
	450.36	0.00	12.52	1040.57
	450.37	0.00	12.54	1049.57
	450.38	0.00	12.54	1054.57
	450.39	0.00	12.55	1054.57
	450.41	0.00	12.55	1059.57
	450.42	0.00	12.57	1065.57
	450.43	0.00	12.56	1069.59
	450.44	0.00	12.57	1070.57
	450.45	0.00	12.60	1071.57
	450.46	0.00	12.62	1077.57
	450.48	0.00	12.66	1083.57
	450.49	0.00	12.73	1086.51
	450.50	0.00	12.70	1091.59
	450.51	0.00	12.76	1110.57
	450.52	0.00	12.80	1112.57
	450.53	0.00	12.85	1115.57
	450.54	0.00	12.88	1116.57
	450.56	0.00	12.90	1115.57
	450.57	0.00	12.93	1117.56
	450.58	0.00	12.96	1117.57
	450.59	0.00	13.03	1134.57
	450.60	0.00	13.04	1135.57
	450.61	0.00	13.07	1132.56
	450.63	0.00	13.08	1133.57
	450.64	0.00	13.10	1135.57
	450.65	0.00	13.11	1132.57
	450.66	0.00	13.15	1138.57
	450.67	0.00	13.17	1134.56
	450.68	0.00	13.19	1132.56
	450.70	0.00	13.22	1128.56
	450.71	0.00	13.27	1124.53
	450.72	0.00	13.27	1125.56
	450.73	0.00	13.30	1120.56
	450.74	0.00	13.33	1119.56
	450.75	0.00	13.35	1119.56
	450.77	0.00	13.37	1118.56
	450.78	0.00	13.38	1117.56
	450.79	0.00	13.39	1115.56
	450.80	0.00	13.39	1112.56
	450.81	0.00	13.41	1112.56
	450.82	0.00	13.44	1107.55
	450.84	0.00	13.47	1105.55
	450.85	0.00	13.67	1103.55
	450.86	0.00	13.50	1100.54
	450.87	0.00	13.76	1100.54
	450.88	0.00	13.79	1101.54
	450.89	0.00	13.83	1098.53
	450.91	0.00	13.88	1074.53
	450.92	0.00	13.93	1069.52
	450.93	0.00	13.99	1065.53
	450.94	0.00	14.08	1061.51
	450.95	0.00	14.14	1079.50
	450.96	0.00	14.23	1055.49
	450.98	0.00	14.29	1047.49
	450.99	0.00	14.35	1037.47
	451.00	0.00	14.38	1029.48
	451.01	0.00	14.43	1028.45
	451.02	0.00	14.45	1024.44
	451.03	0.00	14.52	1028.42
	451.05	0.00	14.57	1024.41
	451.06	0.00	14.82	1086.39
	451.07	0.00	14.70	1011.36
	451.08	0.00	14.76	980.33
	451.09	0.00	14.83	970.29
	451.10	0.00	14.79	940.32
	451.11	0.00	15.02	933.13
	451.13	0.00	15.04	927.12
	451.14	0.00	15.06	923.11
	451.15	0.00	15.05	915.10
	451.16	0.00	15.06	909.09
	451.17	0.00	15.06	899.07
	451.18	0.00	15.05	887.05
	451.20	0.00	15.04	872.03
	451.21	0.00	15.03	849.00
	451.22	0.00	15.00	807.95
	451.23	0.00	14.93	780.94
	451.24	0.00	14.85	744.90
	451.25	0.00	14.74	693.87
	451.27	0.00	14.68	681.86
	451.28	0.00	14.32	641.86
	451.29	0.00	14.31	640.86
	451.30	0.00	14.26	643.88
	451.31	0.00	14.13	643.95
	451.32	0.00	14.02	643.01
	451.33	0.00	13.95	638.02
	451.35	0.00	13.88	634.04
	451.36	0.00	13.77	613.02
	451.37	0.00	13.83	625.02
	451.38	0.00	13.86	626.02
	451.39	0.00	13.83	625.02
	451.40	0.00	13.83	624.02
	451.42	0.00	13.78	624.06
	451.43	0.00	13.78	624.06
	451.44	0.00	13.76	625.07
	451.45	0.00	13.70	625.11
	451.46	0.00	13.71	626.11
	451.47	0.00	13.73	629.11
	451.48	0.00	13.71	627.11
	451.50	0.00	13.67	625.12
	451.51	0.00	13.72	630.11
	451.52	0.00	13.77	637.11
	451.53	0.00	13.78	636.10
	451.54	0.00	13.76	635.10
	451.55	0.00	13.76	635.10
	451.57	0.00	13.73	631.11
	451.58	0.00	13.86	640.05
	451.59	0.00	13.91	644.03
	451.60	0.00	13.90	643.03
	451.61	0.00	13.97	654.03
	451.62	0.00	14.08	672.03
	451.64	0.00	14.09	675.03
	451.65	0.00	14.10	676.03
	451.66	0.00	14.13	679.02
	451.67	0.00	14.20	688.02
	451.68	0.00	14.25	701.02
	451.69	0.00	14.32	715.01
	451.70	0.00	14.34	719.01
	451.72	0.00	14.41	730.01
	451.73	0.00	14.41	733.01
	451.74	0.00	14.39	728.01
	451.75	0.00	14.47	739.00
	451.76	0.00	14.45	742.01
	451.77	0.00	14.47	746.01
	451.79	0.00	14.47	740.00
	451.80	0.00	14.46	744.01
	451.81	0.00	14.17	746.20
	451.82	0.00	13.98	725.23
	451.83	0.00	13.67	713.32
	451.85	0.00	12.88	704.49
	451.86	0.00	12.51	741.57
	451.87	0.00	12.02	721.64
	451.88	0.00	12.37	824.70
	451.89	0.00	12.62	898.74
	451.90	0.00	13.28	1069.79
	451.91	0.00	13.68	1192.81
	451.93	0.00	13.82	1231.81
	451.94	0.00	13.92	1259.82
	451.95	0.00	13.98	1285.83
	451.96	0.00	14.01	1305.83
	451.97	0.00	14.01	1315.84
	451.98	0.00	14.03	1333.85
	452.00	0.00	14.05	1335.85
	452.01	0.00	14.09	1339.84
	452.02	0.00	14.15	1336.84
	452.03	0.00	14.19	1335.83
	452.04	0.00	14.24	1331.82
	452.05	0.00	14.27	1332.81
	452.07	0.00	14.31	1330.80
	452.08	0.00	14.35	1329.79
	452.09	0.00	14.38	1327.78
	452.10	0.00	14.42	1330.78
	452.11	0.00	14.44	1330.77
	452.13	0.00	14.47	1338.78
	452.14	0.00	14.50	1340.76
	452.15	0.00	14.54	1344.76
	452.16	0.00	14.55	1339.75
	452.17	0.00	14.58	1337.74
	452.18	0.00	14.60	1338.75
	452.20	0.00	14.63	1336.73
	452.21	0.00	14.68	1341.72
	452.22	0.00	14.69	1341.72
	452.23	0.00	14.73	1339.71
	452.24	0.00	14.74	1345.71
	452.25	0.00	14.76	1344.71
	452.27	0.00	14.77	1345.70
	452.28	0.00	14.79	1348.70
	452.29	0.00	14.81	1349.69
	452.30	0.00	14.83	1351.69
	452.31	0.00	14.82	1354.69
	452.32	0.00	14.84	1356.69
	452.34	0.00	14.85	1358.68
	452.35	0.00	14.86	1362.68
	452.36	0.00	14.83	1386.69
	452.37	0.00	14.85	1394.69
	452.38	0.00	14.85	1396.68
	452.39	0.00	14.85	1400.69
	452.41	0.00	14.87	1422.69
	452.42	0.00	14.90	1431.69
	452.43	0.00	14.91	1431.68
	452.44	0.00	14.94	1436.68
	452.45	0.00	14.96	1438.68
	452.47	0.00	14.97	1445.68
	452.48	0.00	14.99	1448.68
	452.49	0.00	15.01	1455.67
	452.50	0.00	15.02	1463.67
	452.51	0.00	15.03	1471.67
	452.52	0.00	15.02	1476.68
	452.54	0.00	15.02	1476.68
	452.55	0.00	15.01	1480.68
	452.56	0.00	15.00	1479.68
	452.57	0.00	15.00	1485.68
	452.58	0.00	14.99	1485.69
	452.59	0.00	14.99	1492.69
	452.61	0.00	14.98	1489.69
	452.62	0.00	14.97	1490.69
	452.63	0.00	14.97	1490.70
	452.64	0.00	14.96	1488.70
	452.65	0.00	14.96	1487.70
	452.66	0.00	14.95	1487.70
	452.67	0.00	14.96	1484.70
	452.69	0.00	14.94	1482.71
	452.70	0.00	14.94	1483.71
	452.71	0.00	14.94	1484.71
	452.72	0.00	14.95	1484.71
	452.73	0.00	14.97	1480.71
	452.75	0.00	15.02	1477.70
	452.76	0.00	15.09	1467.70
	452.77	0.00	15.15	1457.69
	452.78	0.00	15.21	1449.67
	452.79	0.00	15.25	1435.66
	452.80	0.00	15.28	1431.65
	452.82	0.00	15.30	1400.64
	452.83	0.00	15.33	1394.62
	452.84	0.00	15.36	1392.60
	452.85	0.00	15.37	1388.60
	452.86	0.00	15.46	1361.57
	452.87	0.00	15.50	1355.54
	452.89	0.00	15.63	1349.40
	452.90	0.00	15.81	1342.22
	452.91	0.00	15.91	1338.11
	452.92	0.00	15.93	1324.09
	452.93	0.00	15.94	1320.07
	452.94	0.00	15.94	1308.06
	452.96	0.00	15.92	1288.05
	452.97	0.00	15.92	1268.03
	452.98	0.00	15.90	1248.01
	452.99	0.00	15.90	1219.97
	453.00	0.00	15.87	1184.94
	453.02	0.00	15.88	1132.90
	453.03	0.00	15.88	1106.87
	453.04	0.00	15.85	1083.87
	453.05	0.00	15.85	1072.86
	453.06	0.00	15.86	1064.85
	453.07	0.00	15.81	1059.86
	453.08	0.00	15.71	1053.92
	453.10	0.00	15.57	1043.01
	453.11	0.00	15.48	1027.04
	453.12	0.00	15.25	986.12
	453.13	0.00	14.88	867.10
	453.14	0.00	14.87	863.10
	453.15	0.00	14.88	864.10
	453.17	0.00	14.87	865.11
	453.18	0.00	14.87	867.12
	453.19	0.00	14.87	869.12
	453.20	0.00	14.89	868.11
	453.21	0.00	14.90	873.11
	453.22	0.00	14.91	874.11
	453.23	0.00	14.91	879.12
	453.25	0.00	14.92	877.11
	453.26	0.00	14.91	882.12
	453.27	0.00	14.92	881.12
	453.28	0.00	14.91	876.12
	453.29	0.00	14.91	878.12
	453.30	0.00	14.91	877.11
	453.32	0.00	14.89	871.11
	453.33	0.00	14.85	858.10
	453.34	0.00	14.66	811.09
	453.35	0.00	14.64	811.09
	453.36	0.00	14.64	807.09
	453.37	0.00	14.62	807.09
	453.39	0.00	14.63	805.09
	453.40	0.00	14.63	804.09
	453.41	0.00	14.60	797.09
	453.42	0.00	14.61	797.08
	453.43	0.00	14.62	798.08
	453.44	0.00	14.62	796.07
	453.45	0.00	14.65	800.06
	453.47	0.00	14.66	799.05
	453.48	0.00	14.69	799.04
	453.49	0.00	14.68	796.04
	453.50	0.00	14.73	799.01
	453.51	0.00	14.73	804.01
	453.52	0.00	14.74	805.02
	453.54	0.00	14.76	806.02
	453.55	0.00	14.75	812.02
	453.56	0.00	14.76	817.03
	453.57	0.00	14.62	817.12
	453.58	0.00	14.53	813.16
	453.60	0.00	14.21	788.26
	453.61	0.00	13.72	751.34
	453.62	0.00	12.97	765.47
	453.63	0.00	12.78	819.53
	453.64	0.00	12.39	817.59
	453.65	0.00	12.60	912.60
	453.66	0.00	12.73	951.56
	453.68	0.00	12.89	1011.58
	453.69	0.00	12.93	1063.59
	453.70	0.00	12.97	1089.60
	453.71	0.00	12.98	1104.60
	453.72	0.00	12.99	1114.60
	453.73	0.00	12.99	1123.60
	453.75	0.00	13.00	1132.61
	453.76	0.00	13.00	1133.61
	453.77	0.00	12.99	1136.60
	453.78	0.00	13.00	1135.60
	453.79	0.00	13.00	1135.61
	453.80	0.00	12.98	1129.60
	453.82	0.00	12.99	1136.61
	453.83	0.00	13.00	1135.59
	453.84	0.00	12.97	1131.61
	453.85	0.00	12.98	1138.61
	453.86	0.00	12.96	1139.61
	453.88	0.00	12.96	1140.61
	453.89	0.00	12.95	1140.62
	453.90	0.00	12.95	1142.62
	453.91	0.00	12.96	1147.62
	453.92	0.00	12.95	1146.62
	453.93	0.00	12.94	1150.62
	453.95	0.00	12.92	1152.63
	453.96	0.00	12.95	1174.60
	453.97	0.00	12.91	1175.63
	453.98	0.00	12.92	1162.63
	453.99	0.00	12.93	1167.63
	454.00	0.00	12.95	1190.63
	454.02	0.00	12.93	1193.63
	454.03	0.00	12.92	1194.63
	454.04	0.00	12.91	1199.64
	454.05	0.00	12.94	1204.64
	454.06	0.00	12.93	1205.64
	454.08	0.00	12.95	1206.64
	454.09	0.00	12.94	1205.64
	454.10	0.00	12.94	1211.64
	454.11	0.00	12.93	1214.64
	454.12	0.00	12.92	1220.64
	454.13	0.00	12.93	1224.64
	454.15	0.00	12.95	1229.63
	454.16	0.00	12.96	1233.63
	454.17	0.00	12.95	1237.63
	454.18	0.00	12.98	1237.60
	454.19	0.00	12.94	1232.62
	454.20	0.00	12.92	1237.63
	454.22	0.00	12.91	1241.63
	454.23	0.00	12.90	1238.63
	454.24	0.00	12.94	1241.63
	454.25	0.00	12.97	1246.63
	454.26	0.00	13.01	1253.63
	454.27	0.00	13.05	1252.63
	454.29	0.00	13.12	1254.63
	454.30	0.00	13.24	1258.63
	454.31	0.00	13.28	1264.63
	454.32	0.00	13.33	1270.64
	454.33	0.00	13.42	1272.63
	454.34	0.00	13.46	1273.63
	454.36	0.00	13.54	1273.62
	454.37	0.00	13.61	1274.62
	454.38	0.00	13.65	1266.61
	454.39	0.00	13.75	1285.56
	454.40	0.00	13.77	1279.62
	454.41	0.00	13.85	1273.60
	454.43	0.00	13.89	1271.60
	454.44	0.00	13.95	1269.60
	454.45	0.00	14.01	1275.60
	454.46	0.00	14.10	1286.59
	454.47	0.00	14.16	1278.59
	454.48	0.00	14.21	1273.58
	454.50	0.00	14.25	1267.57
	454.51	0.00	14.31	1268.56
	454.52	0.00	14.34	1227.56
	454.53	0.00	14.39	1263.56
	454.54	0.00	14.40	1263.56
	454.55	0.00	14.42	1263.56
	454.57	0.00	14.46	1258.55
	454.58	0.00	14.50	1254.54
	454.59	0.00	14.65	1209.53
	454.60	0.00	14.74	1199.51
	454.61	0.00	14.81	1191.48
	454.62	0.00	14.90	1183.43
	454.64	0.00	14.95	1172.42
	454.65	0.00	14.96	1121.46
	454.66	0.00	15.12	1109.30
	454.67	0.00	15.43	1116.16
	454.68	0.00	15.46	1104.13
	454.69	0.00	15.49	1097.11
	454.71	0.00	15.30	1062.10
	454.72	0.00	15.29	1048.08
	454.73	0.00	15.48	1055.06
	454.74	0.00	15.45	1031.04
	454.75	0.00	15.47	989.98
	454.76	0.00	15.32	946.92
	454.77	0.00	15.33	931.90
	454.79	0.00	15.32	915.88
	454.80	0.00	15.29	905.88
	454.81	0.00	15.21	889.89
	454.82	0.00	15.13	881.91
	454.83	0.00	14.97	866.00
	454.85	0.00	14.79	835.05
	454.86	0.00	14.66	804.06
	454.87	0.00	14.41	771.15
	454.88	0.00	13.90	680.20
	454.89	0.00	14.02	681.13
	454.90	0.00	14.25	722.11
	454.92	0.00	14.33	739.11
	454.93	0.00	14.31	749.16
	454.94	0.00	14.30	751.18
	454.95	0.00	14.27	751.20
	454.96	0.00	14.33	755.17
	454.97	0.00	14.22	743.20
	454.98	0.00	14.23	743.20
	455.00	0.00	14.26	751.19
	455.01	0.00	14.32	759.18
	455.02	0.00	14.35	763.17
	455.03	0.00	14.42	767.13
	455.04	0.00	14.41	774.15
	455.05	0.00	14.44	781.15
	455.07	0.00	14.46	783.15
	455.08	0.00	14.55	783.13
	455.09	0.00	14.50	788.14
	455.10	0.00	14.49	790.14
	455.11	0.00	14.47	792.15
	455.12	0.00	14.49	794.14
	455.14	0.00	14.52	796.14
	455.15	0.00	14.48	794.15
	455.16	0.00	14.49	793.14
	455.17	0.00	14.48	791.14
	455.18	0.00	14.51	799.14
	455.19	0.00	14.57	800.11
	455.20	0.00	14.56	802.11
	455.22	0.00	14.66	814.07
	455.23	0.00	14.69	814.05
	455.24	0.00	14.68	813.05
	455.25	0.00	14.70	814.05
	455.26	0.00	14.58	811.13
	455.27	0.00	14.40	799.18
	455.29	0.00	13.80	708.24
	455.30	0.00	13.23	700.37
	455.31	0.00	12.17	706.53
	455.32	0.00	11.57	715.64
	455.33	0.00	11.47	746.67
	455.35	0.00	11.78	805.67
	455.36	0.00	12.20	885.65
	455.37	0.00	12.34	916.68
	455.38	0.00	12.95	1040.64
	455.39	0.00	13.16	1080.63
	455.40	0.00	13.33	1119.64
	455.41	0.00	13.43	1142.64
	455.43	0.00	13.50	1160.65
	455.44	0.00	13.61	1173.60
	455.45	0.00	13.59	1176.66
	455.46	0.00	13.65	1180.65
	455.47	0.00	13.69	1179.64
	455.48	0.00	13.76	1178.64
	455.50	0.00	13.84	1177.64
	455.51	0.00	13.91	1172.63
	455.52	0.00	13.95	1172.63
	455.53	0.00	14.02	1172.63
	455.54	0.00	14.06	1169.62
	455.55	0.00	14.12	1171.62
	455.57	0.00	14.14	1168.61
	455.58	0.00	14.18	1175.61
	455.59	0.00	14.20	1175.62
	455.60	0.00	14.24	1176.61
	455.61	0.00	14.26	1178.61
	455.63	0.00	14.32	1183.60
	455.64	0.00	14.37	1185.60
	455.65	0.00	14.41	1184.59
	455.66	0.00	14.46	1183.58
	455.67	0.00	14.52	1178.58
	455.68	0.00	14.56	1179.57
	455.70	0.00	14.63	1180.56
	455.71	0.00	14.69	1187.56
	455.72	0.00	14.73	1187.55
	455.73	0.00	14.74	1188.56
	455.74	0.00	14.80	1192.54
	455.75	0.00	14.82	1193.53
	455.77	0.00	14.84	1192.52
	455.78	0.00	14.87	1193.52
	455.79	0.00	14.90	1190.51
	455.80	0.00	14.93	1189.51
	455.81	0.00	14.99	1212.50
	455.82	0.00	15.01	1213.50
	455.83	0.00	15.03	1214.50
	455.85	0.00	15.05	1219.49
	455.86	0.00	15.05	1217.49
	455.87	0.00	15.06	1219.49
	455.88	0.00	15.09	1222.47
	455.89	0.00	15.11	1220.46
	455.91	0.00	15.15	1219.45
	455.92	0.00	15.16	1221.45
	455.93	0.00	15.18	1219.44
	455.94	0.00	15.20	1221.44
	455.95	0.00	15.20	1213.43
	455.96	0.00	15.23	1205.41
	455.98	0.00	15.25	1204.41
	455.99	0.00	15.27	1230.41
	456.00	0.00	15.29	1229.40
	456.01	0.00	15.28	1233.41
	456.02	0.00	15.30	1233.40
	456.03	0.00	15.30	1212.40
	456.05	0.00	15.31	1216.40
	456.06	0.00	15.34	1217.38
	456.07	0.00	15.36	1219.37
	456.08	0.00	15.38	1220.36
	456.09	0.00	15.38	1223.35
	456.10	0.00	15.38	1223.36
	456.12	0.00	15.40	1225.36
	456.13	0.00	15.41	1227.36
	456.14	0.00	15.40	1235.38
	456.15	0.00	15.42	1255.38
	456.16	0.00	15.41	1259.40
	456.17	0.00	15.42	1258.39
	456.19	0.00	15.59	1284.37
	456.20	0.00	15.57	1283.39
	456.21	0.00	15.66	1292.30
	456.22	0.00	15.71	1295.25
	456.23	0.00	15.75	1293.21
	456.24	0.00	15.79	1270.17
	456.26	0.00	15.82	1265.12
	456.27	0.00	15.83	1257.11
	456.28	0.00	15.85	1255.10
	456.29	0.00	15.86	1247.09
	456.30	0.00	15.85	1238.09
	456.31	0.00	15.85	1229.08
	456.33	0.00	15.83	1219.08
	456.34	0.00	15.83	1210.07
	456.35	0.00	15.83	1207.07
	456.36	0.00	15.80	1185.06
	456.37	0.00	15.81	1171.03
	456.38	0.00	15.83	1155.01
	456.39	0.00	15.85	1133.97
	456.41	0.00	15.66	1064.94
	456.42	0.00	15.81	1070.90
	456.43	0.00	15.58	990.87
	456.44	0.00	15.52	955.86
	456.45	0.00	15.49	928.85
	456.47	0.00	15.39	893.85
	456.48	0.00	15.38	881.84
	456.49	0.00	15.38	869.84
	456.50	0.00	15.37	867.84
	456.51	0.00	15.34	863.83
	456.52	0.00	15.28	862.84
	456.54	0.00	15.19	857.88
	456.55	0.00	15.00	848.99
	456.56	0.00	14.91	842.03
	456.57	0.00	14.75	828.11
	456.58	0.00	14.56	773.10
	456.59	0.00	14.52	741.01
	456.60	0.00	14.55	748.01
	456.61	0.00	14.61	760.01
	456.63	0.00	14.59	759.02
	456.64	0.00	14.57	761.04
	456.65	0.00	14.56	761.04
	456.66	0.00	14.57	761.04
	456.67	0.00	14.55	762.06
	456.69	0.00	14.51	754.06
	456.70	0.00	14.50	755.07
	456.71	0.00	14.50	755.07
	456.72	0.00	14.50	754.07
	456.73	0.00	14.51	764.08
	456.74	0.00	14.54	763.06
	456.76	0.00	14.55	765.06
	456.77	0.00	14.50	756.06
	456.78	0.00	14.55	762.06
	456.79	0.00	14.55	763.06
	456.80	0.00	14.53	760.06
	456.81	0.00	14.57	763.06
	456.82	0.00	14.55	767.06
	456.84	0.00	14.56	766.06
	456.85	0.00	14.55	767.06
	456.86	0.00	14.55	766.06
	456.87	0.00	14.57	765.05
	456.88	0.00	14.56	765.05
	456.89	0.00	14.58	770.05
	456.91	0.00	14.61	772.05
	456.92	0.00	14.61	776.05
	456.93	0.00	14.63	776.03
	456.94	0.00	14.66	778.03
	456.95	0.00	14.65	780.03
	456.96	0.00	14.66	776.02
	456.98	0.00	14.67	777.02
	456.99	0.00	14.68	783.02
	457.00	0.00	14.61	783.07
	457.01	0.00	14.54	786.10
	457.02	0.00	14.45	784.13
	457.03	0.00	14.25	759.20
	457.05	0.00	13.88	752.30
	457.06	0.00	13.58	765.38
	457.07	0.00	13.09	762.45
	457.08	0.00	12.89	786.52
	457.09	0.00	12.80	806.54
	457.10	0.00	12.90	840.56
	457.11	0.00	13.04	889.55
	457.13	0.00	13.30	970.55
	457.14	0.00	13.24	990.57
	457.15	0.00	13.27	1034.59
	457.16	0.00	13.29	1080.60
	457.17	0.00	13.29	1111.61
	457.19	0.00	13.24	1157.61
	457.20	0.00	13.23	1166.61
	457.21	0.00	13.20	1171.61
	457.22	0.00	13.19	1175.61
	457.23	0.00	13.21	1178.61
	457.24	0.00	13.20	1177.61
	457.25	0.00	13.19	1178.62
	457.27	0.00	13.21	1179.61
	457.28	0.00	13.20	1177.61
	457.29	0.00	13.19	1174.61
	457.30	0.00	13.18	1173.61
	457.31	0.00	13.17	1170.61
	457.33	0.00	13.15	1171.62
	457.34	0.00	13.13	1195.61
	457.35	0.00	13.09	1189.61
	457.36	0.00	13.03	1180.60
	457.37	0.00	12.95	1167.60
	457.38	0.00	12.98	1186.60
	457.40	0.00	12.96	1198.59
	457.41	0.00	12.89	1192.59
	457.42	0.00	12.91	1203.59
	457.43	0.00	12.89	1203.59
	457.44	0.00	12.87	1204.59
	457.45	0.00	12.87	1210.60
	457.47	0.00	12.94	1219.54
	457.48	0.00	12.98	1230.58
	457.49	0.00	13.00	1238.58
	457.50	0.00	13.04	1250.58
	457.51	0.00	13.05	1251.58
	457.52	0.00	13.13	1276.59
	457.54	0.00	13.18	1288.59
	457.55	0.00	13.24	1299.58
	457.56	0.00	13.28	1308.58
	457.57	0.00	13.34	1317.58
	457.58	0.00	13.43	1324.58
	457.59	0.00	13.52	1332.59
	457.61	0.00	13.60	1340.59
	457.62	0.00	13.66	1339.57
	457.63	0.00	13.70	1343.57
	457.64	0.00	13.76	1345.57
	457.65	0.00	13.78	1342.57
	457.66	0.00	13.84	1341.56
	457.68	0.00	13.85	1336.57
	457.69	0.00	13.91	1339.56
	457.70	0.00	13.94	1339.56
	457.71	0.00	14.01	1358.55
	457.72	0.00	14.06	1359.56
	457.73	0.00	14.11	1357.55
	457.75	0.00	14.14	1375.55
	457.76	0.00	14.19	1373.54
	457.77	0.00	14.24	1370.54
	457.78	0.00	14.29	1378.54
	457.79	0.00	14.32	1371.53
	457.80	0.00	14.32	1363.53
	457.82	0.00	14.32	1362.53
	457.83	0.00	14.34	1361.53
	457.84	0.00	14.35	1360.52
	457.85	0.00	14.35	1353.52
	457.86	0.00	14.39	1358.52
	457.88	0.00	14.39	1353.52
	457.89	0.00	14.39	1349.53
	457.90	0.00	14.42	1341.52
	457.91	0.00	14.41	1331.52
	457.92	0.00	14.39	1312.52
	457.93	0.00	14.35	1296.53
	457.95	0.00	14.37	1302.53
	457.96	0.00	14.38	1296.53
	457.97	0.00	14.36	1292.53
	457.98	0.00	14.35	1278.54
	457.99	0.00	14.37	1260.54
	458.00	0.00	14.37	1258.54
	458.02	0.00	14.34	1255.54
	458.03	0.00	14.39	1237.55
	458.04	0.00	14.36	1238.56
	458.05	0.00	14.34	1230.56
	458.06	0.00	14.34	1231.56
	458.07	0.00	14.34	1230.56
	458.08	0.00	14.36	1230.56
	458.10	0.00	14.40	1229.56
	458.11	0.00	14.50	1216.55
	458.12	0.00	14.61	1205.54
	458.13	0.00	14.69	1195.53
	458.14	0.00	14.80	1191.51
	458.16	0.00	14.89	1156.46
	458.17	0.00	14.97	1143.42
	458.18	0.00	15.11	1101.32
	458.19	0.00	15.31	1101.16
	458.20	0.00	15.35	1098.12
	458.21	0.00	15.38	1090.10
	458.23	0.00	15.40	1077.08
	458.24	0.00	15.41	1063.05
	458.25	0.00	15.42	1043.02
	458.26	0.00	15.42	1017.97
	458.27	0.00	15.43	989.91
	458.28	0.00	15.34	929.90
	458.30	0.00	15.25	883.88
	458.31	0.00	15.23	868.87
	458.32	0.00	15.20	863.87
	458.33	0.00	15.15	860.89
	458.34	0.00	15.06	850.93
	458.35	0.00	14.90	846.02
	458.36	0.00	14.82	834.05
	458.38	0.00	14.68	822.13
	458.39	0.00	14.48	774.12
	458.40	0.00	14.43	761.11
	458.41	0.00	14.44	767.12
	458.42	0.00	14.45	768.12
	458.43	0.00	14.44	765.12
	458.45	0.00	14.43	764.12
	458.46	0.00	14.43	761.12
	458.47	0.00	14.41	756.12
	458.48	0.00	14.41	755.12
	458.49	0.00	14.39	752.12
	458.50	0.00	14.37	750.13
	458.52	0.00	14.38	755.13
	458.53	0.00	14.39	759.13
	458.54	0.00	14.37	758.13
	458.55	0.00	14.38	759.13
	458.56	0.00	14.40	760.12
	458.57	0.00	14.42	761.12
	458.59	0.00	14.42	765.12
	458.60	0.00	14.42	766.12
	458.61	0.00	14.43	765.12
	458.62	0.00	14.45	766.11
	458.63	0.00	14.45	773.12
	458.64	0.00	14.46	769.12
	458.66	0.00	14.48	776.12
	458.67	0.00	14.50	785.11
	458.68	0.00	14.50	783.03
	458.69	0.00	14.53	899.29
	458.70	0.00	14.28	942.44
	458.71	0.00	14.21	990.52
	458.73	0.00	14.16	1020.55
	458.74	0.00	14.17	1033.56
	458.75	0.00	14.21	1046.57
	458.76	0.00	14.27	1046.56
	458.77	0.00	14.28	1057.57
	458.78	0.00	14.26	1065.57
	458.80	0.00	14.24	1072.57
	458.81	0.00	14.22	1080.58
	458.82	0.00	14.20	1084.59
	458.83	0.00	14.21	1087.59
	458.84	0.00	14.22	1090.59
	458.85	0.00	14.20	1091.60
	458.86	0.00	14.21	1093.60
	458.88	0.00	14.22	1096.60
	458.89	0.00	14.22	1099.60
	458.90	0.00	14.23	1102.60
	458.91	0.00	14.25	1107.60
	458.92	0.00	14.26	1113.60
	458.94	0.00	14.28	1117.60
	458.95	0.00	14.30	1121.60
	458.96	0.00	14.31	1126.60
	458.97	0.00	14.32	1129.60
	458.98	0.00	14.34	1133.60
	458.99	0.00	14.37	1131.60
	459.01	0.00	14.39	1135.60
	459.02	0.00	14.43	1132.60
	459.03	0.00	14.45	1132.60
	459.04	0.00	14.50	1129.59
	459.05	0.00	14.55	1130.58
	459.06	0.00	14.62	1128.56
	459.08	0.00	14.67	1125.55
	459.09	0.00	14.72	1125.54
	459.10	0.00	14.78	1124.52
	459.11	0.00	14.81	1122.51
	459.12	0.00	14.87	1120.49
	459.13	0.00	14.91	1120.47
	459.14	0.00	14.93	1120.46
	459.16	0.00	14.95	1119.44
	459.17	0.00	15.00	1119.41
	459.18	0.00	15.05	1120.38
	459.19	0.00	15.08	1117.35
	459.20	0.00	15.09	1120.35
	459.22	0.00	15.09	1119.35
	459.23	0.00	15.09	1118.34
	459.24	0.00	15.11	1121.34
	459.25	0.00	15.10	1122.34
	459.26	0.00	15.11	1119.34
	459.27	0.00	15.12	1120.33
	459.29	0.00	15.14	1121.31
	459.30	0.00	15.14	1116.31
	459.31	0.00	15.15	1116.31
	459.32	0.00	15.15	1112.31
	459.33	0.00	15.14	1107.32
	459.34	0.00	15.15	1106.32
	459.36	0.00	15.13	1104.33
	459.37	0.00	15.14	1104.32
	459.38	0.00	15.13	1106.33
	459.39	0.00	15.12	1103.34
	459.40	0.00	15.11	1103.36
	459.41	0.00	15.10	1103.37
	459.43	0.00	15.10	1105.37
	459.44	0.00	15.08	1101.38
	459.45	0.00	15.08	1105.38
	459.46	0.00	15.07	1105.39
	459.47	0.00	15.05	1107.40
	459.48	0.00	15.06	1109.40
	459.50	0.00	15.05	1108.41
	459.51	0.00	15.04	1109.41
	459.52	0.00	15.02	1112.42
	459.53	0.00	15.01	1111.43
	459.54	0.00	15.00	1111.43
	459.55	0.00	14.99	1113.43
	459.57	0.00	14.97	1113.44
	459.58	0.00	14.95	1112.45
	459.59	0.00	14.94	1116.46
	459.60	0.00	14.92	1119.47
	459.61	0.00	14.90	1122.48
	459.63	0.00	14.90	1122.48
	459.64	0.00	14.87	1120.49
	459.65	0.00	14.85	1123.51
	459.66	0.00	14.83	1125.52
	459.67	0.00	14.82	1122.52
	459.68	0.00	14.83	1123.52
	459.70	0.00	14.80	1124.53
	459.71	0.00	14.79	1124.53
	459.72	0.00	14.77	1125.54
	459.73	0.00	14.77	1127.54
	459.74	0.00	14.73	1124.55
	459.75	0.00	14.72	1129.55
	459.77	0.00	14.69	1131.57
	459.78	0.00	14.69	1133.57
	459.79	0.00	14.65	1127.58
	459.80	0.00	14.64	1134.58
	459.81	0.00	14.65	1135.58
	459.83	0.00	14.63	1136.59
	459.84	0.00	14.61	1132.59
	459.85	0.00	14.63	1137.59
	459.86	0.00	14.62	1138.59
	459.87	0.00	14.63	1139.58
	459.88	0.00	14.64	1138.58
	459.89	0.00	14.63	1139.59
	459.91	0.00	14.63	1139.59
	459.92	0.00	14.65	1138.58
	459.93	0.00	14.65	1138.58
	459.94	0.00	14.64	1135.58
	459.95	0.00	14.66	1140.58
	459.97	0.00	14.69	1140.54
	459.98	0.00	14.66	1140.58
	459.99	0.00	14.66	1141.58
	460.00	0.00	14.66	1140.58
	460.01	0.00	14.66	1142.58
	460.02	0.00	14.65	1142.58
	460.04	0.00	14.64	1139.58
	460.05	0.00	14.65	1144.58
	460.06	0.00	14.65	1143.58
	460.07	0.00	14.65	1143.58
	460.08	0.00	14.65	1142.58
	460.09	0.00	14.65	1143.58
	460.11	0.00	14.65	1143.58
	460.12	0.00	14.65	1144.58
	460.13	0.00	14.65	1144.58
	460.14	0.00	14.67	1146.58
	460.15	0.00	14.66	1145.58
	460.16	0.00	14.65	1144.58
	460.18	0.00	14.65	1147.59
	460.19	0.00	14.66	1147.58
	460.20	0.00	14.66	1147.58
	460.21	0.00	14.66	1145.58
	460.22	0.00	14.65	1145.58
	460.23	0.00	14.65	1146.58
	460.25	0.00	14.65	1146.58
	460.26	0.00	14.63	1147.59
	460.27	0.00	14.62	1148.60
	460.28	0.00	14.63	1149.59
	460.29	0.00	14.62	1150.59
	460.30	0.00	14.62	1150.59
	460.32	0.00	14.60	1150.59
	460.33	0.00	14.59	1151.60
	460.34	0.00	14.59	1153.60
	460.35	0.00	14.57	1153.60
	460.36	0.00	14.57	1154.60
	460.38	0.00	14.56	1156.60
	460.39	0.00	14.57	1155.61
	460.40	0.00	14.54	1156.61
	460.41	0.00	14.53	1157.61
	460.42	0.00	14.53	1156.61
	460.43	0.00	14.53	1159.61
	460.45	0.00	14.52	1163.61
	460.46	0.00	14.50	1163.60
	460.47	0.00	14.49	1165.61
	460.48	0.00	14.48	1167.61
	460.49	0.00	14.46	1168.61
	460.50	0.00	14.45	1171.62
	460.52	0.00	14.45	1172.62
	460.53	0.00	14.44	1173.62
	460.54	0.00	14.44	1172.62
	460.55	0.00	14.44	1172.62
	460.56	0.00	14.44	1174.62
	460.57	0.00	14.44	1172.62
	460.58	0.00	14.44	1172.62
	460.60	0.00	14.45	1173.62
	460.61	0.00	14.45	1173.62
	460.62	0.00	14.46	1176.62
	460.63	0.00	14.45	1173.62
	460.64	0.00	14.44	1172.62
	460.66	0.00	14.44	1175.62
	460.67	0.00	14.45	1175.62
	460.68	0.00	14.44	1172.62
	460.69	0.00	14.45	1174.62
	460.70	0.00	14.46	1176.62
	460.71	0.00	14.45	1176.62
	460.73	0.00	14.45	1174.62
	460.74	0.00	14.44	1174.63
	460.75	0.00	14.45	1175.62
	460.76	0.00	14.44	1171.62
	460.77	0.00	14.45	1176.62
	460.78	0.00	14.45	1175.62
	460.80	0.00	14.45	1176.62
	460.81	0.00	14.45	1175.62
	460.82	0.00	14.44	1176.63
	460.83	0.00	14.46	1176.61
	460.84	0.00	14.43	1171.62
	460.85	0.00	14.46	1177.62
	460.87	0.00	14.45	1173.62
	460.88	0.00	14.45	1174.62
	460.89	0.00	14.45	1173.62
	460.90	0.00	14.44	1175.62
	460.91	0.00	14.45	1176.62
	460.92	0.00	14.45	1175.62
	460.94	0.00	14.45	1173.62
	460.95	0.00	14.45	1177.62
	460.96	0.00	14.45	1174.62
	460.97	0.00	14.44	1176.62
	460.98	0.00	14.44	1175.62
	460.99	0.00	14.44	1175.62
	461.01	0.00	14.42	1175.63
	461.02	0.00	14.43	1176.62
	461.03	0.00	14.42	1176.63
	461.04	0.00	14.42	1177.63
	461.05	0.00	14.42	1179.63
	461.07	0.00	14.42	1176.63
	461.08	0.00	14.42	1178.63
	461.09	0.00	14.43	1177.63
	461.10	0.00	14.43	1178.63
	461.11	0.00	14.44	1177.62
	461.12	0.00	14.42	1175.63
	461.13	0.00	14.43	1177.63
	461.15	0.00	14.43	1177.63
	461.16	0.00	14.43	1178.63
	461.17	0.00	14.41	1170.63
	461.18	0.00	14.44	1177.63
	461.19	0.00	14.43	1177.63
	461.20	0.00	14.47	1178.59
	461.22	0.00	14.43	1173.63
	461.23	0.00	14.44	1177.63
	461.24	0.00	14.44	1177.63
	461.25	0.00	14.44	1178.63
	461.26	0.00	14.44	1178.63
	461.27	0.00	14.44	1177.63
	461.29	0.00	14.44	1179.63
	461.30	0.00	14.44	1179.62
	461.31	0.00	14.44	1181.63
	461.32	0.00	14.45	1181.63
	461.33	0.00	14.44	1179.63
	461.34	0.00	14.44	1180.63
	461.36	0.00	14.44	1180.63
	461.37	0.00	14.44	1181.63
	461.38	0.00	14.44	1182.63
	461.39	0.00	14.45	1181.62
	461.40	0.00	14.43	1181.63
	461.41	0.00	14.44	1184.63
	461.43	0.00	14.44	1183.63
	461.44	0.00	14.44	1183.63
	461.45	0.00	14.44	1183.63
	461.46	0.00	14.44	1181.63
	461.47	0.00	14.44	1183.63
	461.48	0.00	14.44	1184.63
	461.50	0.00	14.44	1184.63
	461.51	0.00	14.44	1184.63
	461.52	0.00	14.43	1184.63
	461.53	0.00	14.44	1186.63
	461.54	0.00	14.43	1188.64
	461.55	0.00	14.42	1186.64
	461.57	0.00	14.42	1189.64
	461.58	0.00	14.42	1187.64
	461.59	0.00	14.41	1185.64
	461.60	0.00	14.41	1189.64
	461.61	0.00	14.41	1189.64
	461.62	0.00	14.40	1190.64
	461.64	0.00	14.41	1189.64
	461.65	0.00	14.40	1191.64
	461.66	0.00	14.40	1189.64
	461.67	0.00	14.39	1189.65
	461.68	0.00	14.39	1190.64
	461.69	0.00	14.40	1193.64
	461.71	0.00	14.39	1190.64
	461.72	0.00	14.40	1191.64
	461.73	0.00	14.40	1189.64
	461.74	0.00	14.41	1191.64
	461.75	0.00	14.40	1191.65
	461.76	0.00	14.41	1189.64
	461.77	0.00	14.42	1190.64
	461.79	0.00	14.43	1190.64
	461.80	0.00	14.42	1189.64
	461.81	0.00	14.43	1190.64
	461.82	0.00	14.41	1184.64
	461.83	0.00	14.42	1189.65
	461.85	0.00	14.43	1189.64
	461.86	0.00	14.42	1189.64
	461.87	0.00	14.42	1190.64
	461.88	0.00	14.42	1189.64
	461.89	0.00	14.43	1190.64
	461.90	0.00	14.43	1191.64
	461.92	0.00	14.42	1190.64
	461.93	0.00	14.40	1186.65
	461.94	0.00	14.42	1190.64
	461.95	0.00	14.42	1191.64
	461.96	0.00	14.42	1190.64
	461.97	0.00	14.42	1190.64
	461.99	0.00	14.42	1189.64
	462.00	0.00	14.41	1186.64
	462.01	0.00	14.42	1191.64
	462.02	0.00	14.42	1191.64
	462.03	0.00	14.42	1191.64
	462.05	0.00	14.41	1193.64
	462.06	0.00	14.41	1191.64
	462.07	0.00	14.41	1192.64
	462.08	0.00	14.41	1193.64
	462.09	0.00	14.41	1196.64
	462.10	0.00	14.40	1190.64
	462.11	0.00	14.41	1194.64
	462.13	0.00	14.41	1192.64
	462.14	0.00	14.40	1191.64
	462.15	0.00	14.41	1192.64
	462.16	0.00	14.41	1193.64
	462.17	0.00	14.41	1194.64
	462.18	0.00	14.43	1198.64
	462.20	0.00	14.40	1194.64
	462.21	0.00	14.38	1193.66
	462.22	0.00	14.40	1194.64
	462.23	0.00	14.39	1195.65
	462.24	0.00	14.39	1194.64
	462.26	0.00	14.39	1196.65
	462.27	0.00	14.37	1185.64
	462.28	0.00	14.40	1195.64
	462.29	0.00	14.40	1195.64
	462.30	0.00	14.39	1194.64
	462.31	0.00	14.39	1195.65
	462.32	0.00	14.38	1191.64
	462.34	0.00	14.40	1196.64
	462.35	0.00	14.38	1197.65
	462.36	0.00	14.40	1199.65
	462.37	0.00	14.38	1195.65
	462.38	0.00	14.38	1195.65
	462.39	0.00	14.38	1195.65
	462.41	0.00	14.39	1195.64
	462.42	0.00	14.39	1196.64
	462.43	0.00	14.39	1196.64
	462.44	0.00	14.38	1194.65
	462.45	0.00	14.39	1192.64
	462.47	0.00	14.39	1200.65
	462.48	0.00	14.40	1200.65
	462.49	0.00	14.39	1197.64
	462.50	0.00	14.38	1195.65
	462.51	0.00	14.38	1197.64
	462.52	0.00	14.39	1199.64
	462.53	0.00	14.38	1198.64
	462.55	0.00	14.39	1203.64
	462.56	0.00	14.37	1194.64
	462.57	0.00	14.39	1199.64
	462.58	0.00	14.37	1198.64
	462.59	0.00	14.36	1201.65
	462.60	0.00	14.36	1201.65
	462.62	0.00	14.37	1200.65
	462.63	0.00	14.38	1200.64
	462.64	0.00	14.38	1203.65
	462.65	0.00	14.37	1200.65
	462.66	0.00	14.36	1202.65
	462.67	0.00	14.36	1200.65
	462.69	0.00	14.37	1204.65
	462.70	0.00	14.36	1201.65
	462.71	0.00	14.34	1222.65
	462.72	0.00	14.36	1203.65
	462.73	0.00	14.37	1200.65
	462.74	0.00	14.35	1224.65
	462.76	0.00	14.37	1204.65
	462.77	0.00	14.34	1222.65
	462.78	0.00	14.36	1202.65
	462.79	0.00	14.36	1203.65
	462.80	1.00	14.36	1223.65
	462.82	1.00	14.37	1203.65
	462.83	1.00	14.37	1203.65
	462.84	1.00	14.37	1202.65
	462.85	1.00	14.37	1202.65
	462.86	1.00	14.38	1204.65
	462.87	1.00	14.37	1202.65
	462.88	1.00	14.38	1201.65
	462.90	1.00	14.39	1200.65
	462.91	1.00	14.39	1200.65
	462.92	1.00	14.40	1200.64
	462.93	1.00	14.41	1201.64
	462.94	1.00	14.40	1202.65
	462.95	1.00	14.41	1201.64
	462.97	1.00	14.41	1198.64
	462.98	1.00	14.41	1200.64
	462.99	0.00	14.41	1200.64
	463.00	0.00	14.42	1204.64
	463.01	0.00	14.40	1195.64
	463.02	0.00	14.45	1203.59
	463.04	0.00	14.42	1204.64
	463.05	0.00	14.42	1203.64
	463.06	0.00	14.44	1209.64
	463.07	0.00	14.40	1225.64
	463.08	0.00	14.40	1226.64
	463.09	0.00	14.43	1210.64
	463.11	0.00	14.42	1212.64
	463.12	0.00	14.42	1211.65
	463.13	0.00	14.42	1213.64
	463.14	0.00	14.43	1214.65
	463.15	0.00	14.38	1236.65
	463.16	0.00	14.36	1260.65
	463.18	0.00	14.34	1262.66
	463.19	0.00	14.33	1264.66
	463.20	0.00	14.31	1265.66
	463.21	0.00	14.28	1264.66
	463.22	0.00	14.29	1266.67
	463.23	0.00	14.28	1250.67
	463.25	0.00	14.24	1252.68
	463.26	0.00	14.22	1252.68
	463.27	0.00	14.20	1257.69
	463.28	0.00	14.17	1259.69
	463.29	0.00	14.16	1261.70
	463.30	0.00	14.15	1260.70
	463.32	0.00	14.11	1258.71
	463.33	0.00	14.10	1261.72
	463.34	0.00	14.07	1262.72
	463.35	0.00	14.04	1262.73
	463.36	0.00	14.02	1258.73
	463.38	0.00	14.01	1259.72
	463.39	0.00	14.01	1258.72
	463.40	0.00	13.99	1261.73
	463.41	0.00	13.93	1282.74
	463.42	0.00	13.91	1282.74
	463.43	0.00	13.88	1282.75
	463.44	0.00	13.87	1284.76
	463.46	0.00	13.85	1284.78
	463.47	0.00	13.82	1283.79
	463.48	0.00	13.81	1283.80
	463.49	0.00	13.78	1281.81
	463.50	0.00	13.77	1279.81
	463.52	0.00	13.75	1302.82
	463.53	0.00	13.72	1298.82
	463.54	0.00	13.71	1298.82
	463.55	0.00	13.72	1304.82
	463.56	0.00	13.69	1303.83
	463.57	0.00	13.67	1304.83
	463.58	0.00	13.68	1301.82
	463.60	0.00	13.70	1283.82
	463.61	0.00	13.72	1279.82
	463.62	0.00	13.74	1276.81
	463.63	0.00	13.83	1251.77
	463.64	0.00	13.87	1250.77
	463.65	0.00	13.92	1246.76
	463.67	0.00	14.06	1232.76
	463.68	0.00	14.11	1226.74
	463.69	0.00	14.17	1227.74
	463.70	0.00	14.26	1222.73
	463.71	0.00	14.39	1208.71
	463.73	0.00	14.48	1203.68
	463.74	0.00	14.69	1191.56
	463.75	0.00	14.75	1163.59
	463.76	0.00	14.96	1156.49
	463.77	0.00	15.21	1171.36
	463.78	0.00	15.43	1173.19
	463.80	0.00	15.56	1169.12
	463.81	0.00	15.61	1168.10
	463.82	0.00	15.60	1151.08
	463.83	0.00	15.61	1129.05
	463.84	0.00	15.55	1080.04
	463.85	0.00	15.50	1045.01
	463.86	0.00	15.30	942.99
	463.88	0.00	14.86	800.98
	463.89	0.00	14.76	778.99
	463.90	0.00	14.67	759.99
	463.91	0.00	14.57	743.00
	463.92	0.00	14.65	771.00
	463.94	0.00	14.75	797.99
	463.95	0.00	14.90	838.99
	463.96	0.00	14.96	866.99
	463.97	0.00	14.83	821.98
	463.98	0.00	14.81	817.98
	463.99	0.00	14.79	816.99
	464.01	0.00	14.79	818.99
	464.02	0.00	14.82	836.00
	464.03	0.00	14.78	818.99
	464.04	0.00	14.74	809.00
	464.05	0.00	14.71	806.00
	464.06	0.00	14.72	809.00
	464.07	0.00	14.76	820.00
	464.09	0.00	14.74	815.00
	464.10	0.00	14.79	828.00
	464.11	0.00	14.81	835.00
	464.12	0.00	14.82	841.01
	464.13	0.00	14.82	845.01
	464.14	0.00	14.84	851.01
	464.16	0.00	14.91	867.00
	464.17	0.00	15.06	913.98
	464.18	0.00	15.13	931.96
	464.19	0.00	15.28	958.91
	464.20	0.00	15.37	999.91
	464.21	0.00	15.40	1038.95
	464.23	0.00	15.33	1077.04
	464.24	0.00	15.18	1116.19
	464.25	0.00	14.96	1166.35
	464.26	0.00	14.91	1185.38
	464.27	0.00	14.92	1208.39
	464.28	0.00	14.93	1214.39
	464.30	0.00	14.89	1226.40
	464.31	0.00	14.79	1266.42
	464.32	0.00	14.74	1288.43
	464.33	0.00	14.69	1306.44
	464.34	0.00	14.66	1314.46
	464.35	0.00	14.64	1318.47
	464.36	0.00	14.61	1323.48
	464.38	0.00	14.58	1320.48
	464.39	0.00	14.55	1319.49
	464.40	0.00	14.52	1318.50
	464.41	0.00	14.47	1316.52
	464.42	0.00	14.44	1313.53
	464.44	0.00	14.41	1311.54
	464.45	0.00	14.39	1314.54
	464.46	0.00	14.37	1311.55
	464.47	0.00	14.36	1317.55
	464.48	0.00	14.34	1315.56
	464.49	0.00	14.29	1317.56
	464.51	0.00	14.25	1321.58
	464.52	0.00	14.23	1320.58
	464.53	0.00	14.20	1322.59
	464.54	0.00	14.18	1325.59
	464.55	0.00	14.16	1317.58
	464.56	0.00	14.12	1309.61
	464.58	0.00	14.11	1298.61
	464.59	0.00	14.06	1286.64
	464.60	0.00	14.02	1293.65
	464.61	0.00	14.02	1293.67
	464.62	0.00	13.99	1269.71
	464.63	0.00	13.97	1265.73
	464.65	0.00	13.93	1263.76
	464.66	0.00	13.95	1271.76
	464.67	0.00	13.96	1272.76
	464.68	0.00	14.03	1275.71
	464.69	0.00	14.10	1279.70
	464.70	0.00	14.14	1279.70
	464.72	0.00	14.16	1275.68
	464.73	0.00	14.23	1279.67
	464.74	0.00	14.28	1280.67
	464.75	0.00	14.38	1262.66
	464.76	0.00	14.42	1262.66
	464.77	0.00	14.46	1260.65
	464.79	0.00	14.55	1258.60
	464.80	0.00	14.63	1260.52
	464.81	0.00	14.71	1258.45
	464.82	0.00	14.76	1260.42
	464.83	0.00	14.77	1251.41
	464.84	0.00	14.68	1255.55
	464.86	0.00	14.76	1249.47
	464.87	0.00	14.75	1250.49
	464.88	0.00	14.75	1246.49
	464.89	0.00	14.79	1246.44
	464.90	0.00	14.74	1241.46
	464.91	0.00	14.68	1242.52
	464.93	0.00	14.69	1242.49
	464.94	0.00	14.62	1247.50
	464.95	0.00	14.60	1248.48
	464.96	0.00	14.56	1252.49
	464.97	0.00	14.48	1278.49
	464.98	0.00	14.51	1266.50
	465.00	0.00	14.45	1288.48
	465.01	0.00	14.40	1293.52
	465.02	0.00	14.40	1292.51
	465.03	0.00	14.40	1291.51
	465.04	0.00	14.36	1291.52
	465.05	0.00	14.35	1294.53
	465.07	0.00	14.34	1293.53
	465.08	0.00	14.35	1290.53
	465.09	0.00	14.34	1285.53
	465.10	0.00	14.34	1281.53
	465.11	0.00	14.34	1278.53
	465.12	0.00	14.39	1253.53
	465.14	0.00	14.35	1269.53
	465.15	0.00	14.40	1243.53
	465.16	0.00	14.41	1238.53
	465.17	0.00	14.44	1211.52
	465.18	0.00	14.48	1203.51
	465.20	0.00	14.55	1195.48
	465.21	0.00	14.66	1180.44
	465.22	0.00	14.87	1153.38
	465.23	0.00	15.14	1128.25
	465.24	0.00	15.31	1113.12
	465.25	0.00	15.37	1097.07
	465.26	0.00	15.39	1077.05
	465.28	0.00	15.38	1058.04
	465.29	0.00	15.35	1018.03
	465.30	0.00	15.29	988.02
	465.31	0.00	15.22	952.01
	465.32	0.00	15.12	912.01
	465.33	0.00	14.97	869.01
	465.35	0.00	14.86	837.02
	465.36	0.00	14.74	807.02
	465.37	0.00	14.79	819.02
	465.38	0.00	14.85	836.01
	465.39	0.00	14.95	869.01
	465.40	0.00	14.88	856.02
	465.42	0.00	14.77	831.02
	465.43	0.00	14.76	825.02
	465.44	0.00	14.77	828.02
	465.45	0.00	14.76	825.02
	465.46	0.00	14.76	826.02
	465.47	0.00	14.76	825.02
	465.48	0.00	14.73	823.02
	465.50	0.00	14.72	817.02
	465.51	0.00	14.71	810.01
	465.52	0.00	14.64	794.01
	465.53	0.00	14.62	790.01
	465.54	0.00	14.62	790.01
	465.55	0.00	14.63	789.01
	465.57	0.00	14.62	792.01
	465.58	0.00	14.64	797.01
	465.59	0.00	14.74	815.00
	465.60	0.00	14.86	857.02
	465.61	0.00	15.00	912.02
	465.63	0.00	15.10	951.03
	465.64	0.00	15.05	990.12
	465.65	0.00	14.98	1025.20
	465.66	0.00	14.94	1053.26
	465.67	0.00	14.93	1075.28
	465.68	0.00	14.98	1091.28
	465.69	0.00	15.03	1103.27
	465.71	0.00	15.05	1108.27
	465.72	0.00	15.10	1120.27
	465.73	0.00	15.10	1131.27
	465.74	0.00	15.07	1144.28
	465.75	0.00	15.16	1179.28
	465.77	0.00	15.15	1189.29
	465.78	0.00	15.10	1209.30
	465.79	0.00	15.05	1212.32
	465.80	0.00	15.03	1218.32
	465.81	0.00	15.02	1225.32
	465.82	0.00	15.02	1232.33
	465.83	0.00	15.01	1238.33
	465.85	0.00	15.01	1243.34
	465.86	0.00	15.00	1247.34
	465.87	0.00	14.97	1270.35
	465.88	0.00	14.96	1274.35
	465.89	0.00	14.97	1279.35
	465.90	0.00	14.95	1283.35
	465.92	0.00	14.94	1289.36
	465.93	0.00	14.94	1293.37
	465.94	0.00	14.94	1300.37
	465.95	0.00	14.94	1300.36
	465.96	0.00	14.95	1308.37
	465.98	0.00	14.95	1310.37
	465.99	0.00	14.96	1313.37
	466.00	0.00	14.98	1315.36
	466.01	0.00	14.98	1316.36
	466.02	0.00	14.99	1323.36
	466.03	0.00	15.00	1319.36
	466.04	0.00	15.00	1316.36
	466.06	0.00	15.00	1317.36
	466.07	0.00	15.01	1319.36
	466.08	0.00	14.99	1320.36
	466.09	0.00	14.99	1320.35
	466.10	0.00	14.96	1325.37
	466.11	0.00	14.95	1324.37
	466.13	0.00	14.86	1346.38
	466.14	0.00	14.84	1348.39
	466.15	0.00	14.83	1349.39
	466.16	0.00	14.80	1347.40
	466.17	0.00	14.78	1350.41
	466.18	0.00	14.73	1352.43
	466.20	0.00	14.67	1381.44
	466.21	0.00	14.60	1383.45
	466.22	0.00	14.57	1389.46
	466.23	0.00	14.48	1400.47
	466.24	0.00	14.45	1399.47
	466.25	0.00	14.43	1399.48
	466.27	0.00	14.43	1399.48
	466.28	0.00	14.43	1396.48
	466.29	0.00	14.43	1391.48
	466.30	0.00	14.42	1384.48
	466.31	0.00	14.43	1358.48
	466.32	0.00	14.41	1356.48
	466.34	0.00	14.41	1327.49
	466.35	0.00	14.38	1317.49
	466.36	0.00	14.38	1313.49
	466.37	0.00	14.37	1309.49
	466.38	0.00	14.35	1305.50
	466.39	0.00	14.34	1303.50
	466.41	0.00	14.34	1301.50
	466.42	0.00	14.39	1298.49
	466.43	0.00	14.43	1291.49
	466.44	0.00	14.47	1287.49
	466.45	0.00	14.57	1262.48
	466.46	0.00	14.60	1257.47
	466.48	0.00	14.64	1254.46
	466.49	0.00	14.75	1242.44
	466.50	0.00	14.79	1232.43
	466.51	0.00	14.84	1223.41
	466.52	0.00	14.92	1217.38
	466.53	0.00	14.97	1211.34
	466.55	0.00	15.07	1200.31
	466.56	0.00	15.15	1190.29
	466.57	0.00	15.20	1185.27
	466.58	0.00	15.27	1179.24
	466.59	0.00	15.31	1174.21
	466.61	0.00	15.35	1171.19
	466.62	0.00	15.41	1163.14
	466.63	0.00	15.46	1155.11
	466.64	0.00	15.48	1143.09
	466.65	0.00	15.44	1110.07
	466.66	0.00	15.42	1084.05
	466.67	0.00	15.37	1060.04
	466.69	0.00	15.33	1042.03
	466.70	0.00	15.31	1024.02
	466.71	0.00	15.27	1010.01
	466.72	0.00	15.23	994.01
	466.73	0.00	15.13	965.02
	466.75	0.00	14.99	916.03
	466.76	0.00	14.92	893.04
	466.77	0.00	14.82	871.04
	466.78	0.00	14.81	868.04
	466.79	0.00	14.81	866.04
	466.80	0.00	14.80	860.04
	466.81	0.00	14.80	864.04
	466.83	0.00	14.80	860.04
	466.84	0.00	14.79	855.03
	466.85	0.00	14.77	853.04
	466.86	0.00	14.76	849.04
	466.87	0.00	14.73	860.08
	466.88	0.00	14.64	906.18
	466.89	0.00	14.45	950.25
	466.91	0.00	14.27	975.34
	466.92	0.00	14.16	1000.39
	466.93	0.00	14.14	1025.41
	466.94	0.00	14.12	1037.42
	466.95	0.00	14.14	1051.42
	466.97	0.00	14.16	1063.43
	466.98	0.00	14.16	1076.44
	466.99	0.00	14.13	1088.44
	467.00	0.00	14.07	1103.45
	467.01	0.00	14.05	1115.46
	467.02	0.00	14.02	1119.47
	467.04	0.00	14.01	1123.47
	467.05	0.00	13.97	1132.48
	467.06	0.00	13.92	1137.49
	467.07	0.00	13.87	1144.50
	467.08	0.00	13.86	1149.50
	467.09	0.00	13.82	1153.51
	467.11	0.00	13.75	1180.51
	467.12	0.00	13.72	1184.51
	467.13	0.00	13.68	1189.52
	467.14	0.00	13.66	1195.52
	467.15	0.00	13.63	1204.53
	467.17	0.00	13.57	1199.53
	467.18	0.00	13.57	1213.54
	467.19	0.00	13.54	1221.54
	467.20	0.00	13.50	1247.54
	467.21	0.00	13.49	1252.54
	467.22	0.00	13.45	1256.55
	467.23	0.00	13.43	1264.55
	467.25	0.00	13.41	1265.55
	467.26	0.00	13.38	1270.56
	467.27	0.00	13.34	1262.55
	467.28	0.00	13.33	1274.56
	467.29	0.00	13.33	1278.56
	467.30	0.00	13.30	1272.56
	467.32	0.00	13.29	1272.56
	467.33	0.00	13.27	1275.57
	467.34	0.00	13.28	1275.56
	467.35	0.00	13.27	1276.56
	467.36	0.00	13.25	1283.57
	467.38	0.00	13.23	1302.58
	467.39	0.00	13.20	1304.58
	467.40	0.00	13.16	1309.61
	467.41	0.00	13.17	1308.59
	467.42	0.00	13.16	1308.59
	467.43	0.00	13.14	1308.60
	467.45	0.00	13.13	1310.60
	467.46	0.00	13.13	1305.59
	467.47	0.00	13.12	1304.60
	467.48	0.00	13.06	1293.60
	467.49	0.00	13.01	1285.60
	467.51	0.00	12.97	1275.59
	467.52	0.00	12.89	1258.59
	467.53	0.00	12.84	1252.59
	467.54	0.00	12.78	1246.61
	467.55	0.00	12.70	1238.64
	467.56	0.00	12.63	1230.65
	467.57	0.00	12.56	1223.65
	467.59	0.00	12.43	1195.65
	467.60	0.00	12.26	1166.65
	467.61	0.00	12.17	1145.63
	467.62	0.00	12.09	1138.66
	467.63	0.00	12.13	1128.66
	467.64	0.00	12.14	1126.66
	467.66	0.00	12.17	1132.66
	467.67	0.00	12.23	1161.66
	467.68	0.00	12.25	1161.66
	467.69	0.00	12.30	1164.66
	467.70	0.00	12.36	1169.65
	467.72	0.00	12.47	1178.60
	467.73	0.00	12.56	1190.60
	467.74	0.00	12.65	1205.61
	467.75	0.00	12.78	1225.61
	467.76	0.00	12.88	1234.59
	467.77	0.00	12.93	1239.61
	467.79	0.00	12.97	1240.60
	467.80	0.00	13.00	1245.60
	467.81	0.00	13.01	1247.60
	467.82	0.00	13.01	1246.60
	467.83	0.00	13.02	1248.59
	467.85	0.00	13.02	1249.60
	467.86	0.00	13.00	1247.60
	467.87	0.00	13.00	1249.60
	467.88	0.00	12.99	1246.60
	467.89	0.00	12.99	1243.60
	467.90	0.00	13.00	1243.60
	467.92	0.00	12.99	1240.60
	467.93	0.00	13.01	1240.60
	467.94	0.00	13.03	1231.60
	467.95	0.00	13.03	1227.60
	467.96	0.00	13.03	1218.59
	467.97	0.00	13.05	1220.59
	467.98	0.00	13.05	1219.59
	468.00	0.00	13.03	1222.60
	468.01	0.00	13.02	1201.59
	468.02	0.00	13.01	1221.60
	468.03	0.00	13.00	1202.59
	468.04	0.00	12.98	1204.60
	468.06	0.00	12.95	1203.60
	468.07	0.00	12.93	1201.60
	468.08	0.00	12.91	1197.60
	468.09	0.00	12.87	1196.60
	468.10	0.00	12.82	1180.59
	468.11	0.00	12.81	1178.59
	468.13	0.00	12.82	1176.59
	468.14	0.00	12.82	1176.59
	468.15	0.00	12.83	1176.59
	468.16	0.00	12.83	1176.59
	468.17	0.00	12.85	1174.59
	468.19	0.00	12.86	1176.59
	468.20	0.00	12.87	1176.59
	468.21	0.00	12.88	1177.59
	468.22	0.00	12.88	1177.59
	468.23	0.00	12.90	1178.56
	468.24	0.00	12.87	1178.59
	468.26	0.00	12.87	1177.59
	468.27	0.00	12.87	1179.59
	468.28	0.00	12.87	1177.59
	468.29	0.00	12.89	1182.59
	468.30	0.00	12.90	1184.59
	468.31	0.00	12.91	1187.59
	468.33	0.00	12.90	1182.59
	468.34	0.00	12.94	1192.59
	468.35	0.00	12.95	1193.59
	468.36	0.00	12.96	1187.59
	468.37	0.00	12.98	1189.59
	468.38	1.00	13.00	1207.59
	468.40	1.00	13.02	1189.58
	468.41	1.00	13.03	1188.58
	468.42	1.00	13.07	1210.58
	468.43	1.00	13.10	1212.58
	468.44	1.00	13.13	1215.58
	468.45	1.00	13.18	1217.58
	468.47	1.00	13.20	1220.58
	468.48	1.00	13.23	1226.58
	468.49	1.00	13.27	1218.58
	468.50	1.00	13.25	1223.58
	468.51	1.00	13.25	1217.58
	468.53	1.00	13.29	1222.58
	468.54	1.00	13.32	1221.57
	468.55	1.00	13.33	1220.57
	468.56	1.00	13.35	1222.58
	468.57	1.00	13.38	1220.57
	468.58	1.00	13.39	1218.57
	468.60	1.00	13.40	1215.57
	468.61	0.00	13.43	1222.57
	468.62	0.00	13.44	1200.58
	468.63	0.00	13.47	1223.57
	468.64	0.00	13.50	1203.57
	468.66	0.00	13.52	1204.57
	468.67	0.00	13.57	1206.57
	468.68	0.00	13.58	1206.57
	468.69	0.00	13.60	1208.57
	468.70	0.00	13.64	1207.56
	468.71	0.00	13.63	1208.56
	468.72	0.00	13.63	1209.57
	468.74	0.00	13.64	1212.57
	468.75	0.00	13.66	1212.56
	468.76	0.00	13.65	1211.56
	468.77	0.00	13.66	1211.57
	468.78	0.00	13.69	1210.56
	468.80	0.00	13.76	1212.56
	468.81	0.00	13.75	1210.56
	468.82	0.00	13.77	1209.56
	468.83	0.00	13.79	1209.56
	468.84	0.00	13.80	1208.56
	468.85	0.00	13.82	1208.55
	468.86	0.00	13.82	1211.56
	468.88	0.00	13.82	1209.56
	468.89	0.00	13.84	1212.55
	468.90	0.00	13.83	1208.55
	468.91	0.00	13.84	1212.55
	468.92	0.00	13.84	1213.55
	468.94	0.00	13.85	1214.55
	468.95	0.00	13.85	1211.55
	468.96	0.00	13.85	1212.56
	468.97	0.00	13.86	1214.54
	468.98	0.00	13.86	1216.55
	468.99	0.00	13.85	1215.55
	469.01	0.00	13.85	1215.55
	469.02	0.00	13.86	1214.55
	469.03	0.00	13.87	1216.55
	469.04	0.00	13.86	1215.55
	469.05	0.00	13.88	1217.55
	469.06	0.00	13.87	1216.56
	469.08	0.00	13.89	1216.55
	469.09	0.00	13.88	1217.55
	469.10	0.00	13.88	1216.55
	469.11	0.00	13.88	1220.55
	469.12	0.00	13.88	1219.55
	469.13	0.00	13.87	1221.55
	469.15	0.00	13.87	1221.55
	469.16	0.00	13.87	1221.55
	469.17	0.00	13.87	1222.55
	469.18	0.00	13.87	1223.55
	469.19	0.00	13.88	1221.55
	469.20	0.00	13.87	1243.55
	469.22	0.00	13.86	1242.56
	469.23	0.00	13.85	1238.55
	469.24	0.00	13.86	1243.55
	469.25	0.00	13.87	1246.55
	469.26	0.00	13.88	1227.55
	469.27	0.00	13.88	1227.55
	469.29	0.00	13.88	1226.55
	469.30	0.00	13.87	1246.55
	469.31	0.00	13.87	1248.55
	469.32	0.00	13.86	1244.55
	469.33	0.00	13.87	1247.55
	469.35	0.00	13.88	1250.55
	469.36	0.00	13.88	1250.55
	469.37	0.00	13.88	1249.55
	469.38	0.00	13.91	1249.51
	469.39	0.00	13.87	1251.55
	469.40	0.00	13.87	1251.55
	469.42	0.00	13.87	1251.55
	469.43	0.00	13.89	1253.55
	469.44	0.00	13.88	1252.55
	469.45	0.00	13.89	1252.54
	469.46	0.00	13.88	1256.55
	469.47	0.00	13.88	1257.55
	469.48	0.00	13.90	1257.54
	469.50	0.00	13.88	1259.55
	469.51	0.00	13.88	1262.55
	469.52	0.00	13.88	1260.55
	469.53	0.00	13.88	1260.55
	469.54	0.00	13.87	1262.55
	469.56	0.00	13.88	1262.55
	469.57	0.00	13.88	1266.55
	469.58	0.00	13.87	1266.55
	469.59	0.00	13.88	1271.55
	469.60	0.00	13.87	1269.55
	469.61	0.00	13.87	1270.54
	469.63	0.00	13.86	1270.54
	469.64	0.00	13.87	1273.55
	469.65	0.00	13.83	1273.55
	469.66	0.00	13.83	1273.55
	469.67	0.00	13.82	1276.55
	469.68	0.00	13.80	1273.55
	469.70	0.00	13.80	1275.55
	469.71	0.00	13.80	1276.55
	469.72	0.00	13.78	1269.55
	469.73	0.00	13.79	1277.55
	469.74	0.00	13.79	1275.55
	469.75	0.00	13.80	1276.55
	469.77	0.00	13.79	1276.55
	469.78	0.00	13.79	1277.55
	469.79	0.00	13.79	1280.55
	469.80	0.00	13.77	1276.55
	469.81	0.00	13.78	1277.55
	469.82	0.00	13.79	1280.55
	469.84	0.00	13.78	1279.55
	469.85	0.00	13.78	1276.55
	469.86	0.00	13.79	1275.55
	469.87	0.00	13.79	1278.55
	469.88	0.00	13.80	1276.55
	469.89	0.00	13.80	1277.55
	469.91	0.00	13.82	1283.55
	469.92	0.00	13.81	1278.55
	469.93	0.00	13.80	1278.55
	469.94	0.00	13.81	1278.55
	469.95	0.00	13.80	1277.55
	469.96	0.00	13.80	1281.55
	469.98	0.00	13.79	1279.55
	469.99	0.00	13.80	1281.55
	470.00	0.00	13.80	1280.55
	470.01	0.00	13.80	1280.55
	470.02	0.00	13.79	1279.55
	470.04	0.00	13.78	1278.55
	470.05	0.00	13.80	1281.55
	470.06	0.00	13.78	1280.55
	470.07	0.00	13.75	1272.55
	470.08	0.00	13.78	1281.55
	470.09	0.00	13.76	1282.55
	470.11	0.00	13.77	1282.55
	470.12	0.00	13.75	1279.55
	470.13	0.00	13.76	1283.55
	470.14	0.00	13.75	1282.55
	470.15	0.00	13.75	1284.55
	470.16	0.00	13.75	1283.55
	470.17	0.00	13.74	1285.56
	470.19	0.00	13.74	1281.55
	470.20	0.00	13.74	1282.55
	470.21	0.00	13.74	1281.55
	470.22	0.00	13.71	1274.55
	470.23	0.00	13.75	1284.55
	470.25	0.00	13.72	1280.55
	470.26	0.00	13.71	1279.56
	470.27	0.00	13.71	1279.56
	470.28	0.00	13.70	1277.56
	470.29	0.00	13.70	1277.56
	470.30	0.00	13.69	1276.56
	470.32	0.00	13.68	1273.56
	470.33	0.00	13.66	1272.56
	470.34	0.00	13.64	1270.57
	470.35	0.00	13.64	1270.56
	470.36	0.00	13.62	1264.57
	470.37	0.00	13.62	1242.57
	470.39	0.00	13.61	1239.57
	470.40	0.00	13.57	1228.57
	470.41	0.00	13.59	1235.57
	470.42	0.00	13.58	1232.58
	470.43	0.00	13.57	1228.58
	470.45	0.00	13.56	1224.58
	470.46	0.00	13.55	1222.58
	470.47	0.00	13.55	1219.59
	470.48	0.00	13.56	1220.59
	470.49	0.00	13.52	1219.60
	470.50	0.00	13.46	1217.66
	470.52	0.00	13.43	1218.68
	470.53	0.00	13.44	1219.65
	470.54	0.00	13.41	1221.68
	470.55	0.00	13.37	1225.68
	470.56	0.00	13.34	1228.69
	470.57	0.00	13.33	1235.69
	470.58	0.00	13.31	1239.69
	470.60	0.00	13.28	1237.70
	470.61	0.00	13.26	1240.71
	470.62	0.00	13.25	1243.71
	470.63	0.00	13.24	1241.72
	470.64	0.00	13.20	1249.72
	470.66	0.00	13.19	1255.72
	470.67	0.00	13.15	1259.73
	470.68	0.00	13.13	1263.73
	470.69	0.00	13.13	1271.73
	470.70	0.00	13.13	1270.73
	470.72	0.00	13.12	1269.73
	470.73	0.00	13.12	1269.74
	470.74	0.00	13.12	1268.74
	470.75	0.00	13.14	1269.71
	470.76	0.00	13.13	1274.75
	470.77	0.00	13.15	1276.75
	470.79	0.00	13.17	1274.75
	470.80	0.00	13.19	1268.74
	470.81	0.00	13.22	1267.74
	470.82	0.00	13.28	1263.74
	470.83	0.00	13.35	1263.72
	470.84	0.00	13.51	1241.66
	470.86	0.00	13.59	1237.65
	470.87	0.00	13.65	1231.64
	470.88	0.00	13.71	1230.63
	470.89	0.00	13.76	1227.63
	470.90	0.00	13.82	1223.62
	470.91	0.00	13.88	1227.61
	470.93	0.00	13.91	1219.61
	470.94	0.00	13.95	1220.61
	470.95	0.00	13.98	1225.60
	470.96	0.00	14.02	1222.60
	470.97	0.00	14.04	1226.60
	470.98	0.00	14.07	1232.60
	471.00	0.00	14.06	1255.60
	471.01	0.00	14.06	1295.59
	471.02	0.00	14.09	1318.58
	471.03	0.00	14.10	1361.58
	471.04	0.00	14.13	1378.58
	471.05	0.00	14.17	1413.57
	471.07	0.00	14.17	1409.57
	471.08	0.00	14.20	1431.57
	471.09	0.00	14.22	1430.57
	471.10	0.00	14.25	1428.56
	471.11	0.00	14.27	1418.56
	471.12	0.00	14.31	1412.56
	471.14	0.00	14.33	1404.56
	471.15	0.00	14.36	1392.55
	471.16	0.00	14.40	1337.54
	471.17	0.00	14.43	1323.54
	471.18	0.00	14.45	1305.53
	471.19	0.00	14.54	1277.52
	471.21	0.00	14.56	1270.51
	471.22	0.00	14.57	1262.50
	471.23	0.00	14.61	1254.49
	471.24	0.00	14.68	1241.48
	471.25	0.00	14.71	1237.48
	471.27	0.00	14.73	1235.47
	471.28	0.00	14.76	1232.46
	471.29	0.00	14.80	1211.46
	471.30	0.00	14.84	1207.44
	471.31	0.00	14.86	1204.44
	471.32	0.00	14.90	1196.43
	471.33	0.00	14.91	1194.43
	471.35	0.00	14.94	1193.43
	471.36	0.00	14.93	1192.42
	471.37	0.00	14.93	1195.42
	471.38	0.00	14.93	1196.42
	471.39	0.00	14.93	1196.42
	471.40	0.00	14.92	1195.43
	471.42	0.00	14.92	1195.43
	471.43	0.00	14.90	1190.42
	471.44	0.00	14.91	1214.42
	471.45	0.00	14.91	1220.42
	471.46	0.00	14.92	1219.42
	471.48	0.00	14.92	1220.42
	471.49	0.00	14.89	1222.43
	471.50	0.00	14.89	1227.43
	471.51	0.00	14.88	1230.43
	471.52	0.00	14.88	1226.43
	471.53	0.00	14.89	1226.43
	471.54	0.00	14.86	1228.43
	471.56	0.00	14.84	1233.44
	471.57	0.00	14.77	1240.45
	471.58	0.00	14.71	1247.48
	471.59	0.00	14.70	1253.49
	471.60	0.00	14.67	1263.51
	471.61	0.00	14.65	1278.52
	471.63	0.00	14.62	1293.53
	471.64	0.00	14.56	1328.54
	471.65	0.00	14.51	1338.54
	471.66	0.00	14.46	1366.55
	471.67	0.00	14.44	1375.56
	471.69	0.00	14.40	1384.56
	471.70	0.00	14.37	1385.56
	471.71	0.00	14.35	1385.57
	471.72	0.00	14.35	1392.57
	471.73	0.00	14.39	1390.56
	471.74	0.00	14.44	1387.56
	471.75	0.00	14.51	1388.56
	471.77	0.00	14.62	1385.52
	471.78	0.00	14.79	1369.48
	471.79	0.00	14.93	1364.38
	471.80	0.00	15.19	1328.28
	471.81	0.00	15.43	1282.19
	471.83	0.00	15.50	1271.14
	471.84	0.00	15.55	1269.12
	471.85	0.00	15.55	1259.11
	471.86	0.00	15.59	1251.10
	471.87	0.00	15.62	1239.08
	471.88	0.00	15.65	1229.06
	471.89	0.00	15.68	1212.03
	471.91	0.00	15.69	1194.99
	471.92	0.00	15.72	1175.95
	471.93	0.00	15.70	1161.94
	471.94	0.00	15.72	1143.92
	471.95	0.00	15.70	1122.91
	471.97	0.00	15.68	1102.90
	471.98	0.00	15.67	1061.89
	471.99	0.00	15.64	1048.88
	472.00	0.00	15.63	1030.87
	472.01	0.00	15.62	1021.87
	472.02	0.00	15.58	1005.87
	472.04	0.00	15.58	991.86
	472.05	0.00	15.53	969.86
	472.06	0.00	15.46	959.86
	472.07	0.00	15.30	929.90
	472.08	0.00	15.09	907.00
	472.09	0.00	14.95	876.03
	472.10	0.00	14.77	831.04
	472.12	0.00	13.93	631.00
	472.13	0.00	13.96	651.02
	472.14	0.00	14.29	716.03
	472.15	0.00	14.38	734.02
	472.16	0.00	14.39	735.03
	472.17	0.00	14.39	736.03
	472.19	0.00	14.40	741.03
	472.20	0.00	14.43	747.03
	472.21	0.00	14.43	748.03
	472.22	0.00	14.46	753.03
	472.23	0.00	14.48	757.03
	472.24	0.00	14.48	760.04
	472.26	0.00	14.51	768.04
	472.27	0.00	14.51	767.04
	472.28	0.00	14.51	770.04
	472.29	0.00	14.52	770.04
	472.30	0.00	14.51	764.03
	472.31	0.00	14.49	761.03
	472.33	0.00	14.49	761.03
	472.34	0.00	14.51	762.03
	472.35	0.00	14.49	757.03
	472.36	0.00	14.50	759.03
	472.37	0.00	14.52	761.02
	472.38	0.00	14.56	766.01
	472.39	0.00	14.58	768.01
	472.41	0.00	14.60	773.00
	472.42	0.00	14.63	779.00
	472.43	0.00	14.65	779.99
	472.44	0.00	14.69	785.99
	472.45	0.00	14.72	792.99
	472.46	0.00	14.70	785.99
	472.48	0.00	14.64	792.02
	472.49	0.00	14.37	788.15
	472.50	0.00	13.91	727.19
	472.51	0.00	12.11	606.35
	472.52	0.00	10.83	653.55
	472.53	0.00	10.66	714.61
	472.55	0.00	10.63	789.69
	472.56	0.00	10.63	856.73
	472.57	0.00	10.80	914.76
	472.58	0.00	11.01	924.71
	472.59	0.00	11.26	964.65
	472.60	0.00	11.50	994.65
	472.61	0.00	11.68	1007.65
	472.63	0.00	11.82	1018.66
	472.64	0.00	11.93	1027.68
	472.65	0.00	12.00	1029.67
	472.66	0.00	12.02	1024.67
	472.67	0.00	12.09	1026.67
	472.69	0.00	12.13	1016.67
	472.70	0.00	12.15	1011.67
	472.71	0.00	12.22	1011.66
	472.72	0.00	12.25	1012.67
	472.73	0.00	12.34	1035.65
	472.74	0.00	12.40	1032.65
	472.76	0.00	12.47	1037.64
	472.77	0.00	12.54	1056.64
	472.78	0.00	12.63	1073.64
	472.79	0.00	12.70	1084.64
	472.80	0.00	12.81	1089.64
	472.81	0.00	12.85	1099.64
	472.83	0.00	12.90	1111.64
	472.84	0.00	12.99	1136.63
	472.85	0.00	13.05	1147.63
	472.86	0.00	13.11	1153.63
	472.87	0.00	13.17	1158.62
	472.88	0.00	13.20	1160.62
	472.89	0.00	13.25	1140.61
	472.91	0.00	13.28	1141.61
	472.92	0.00	13.33	1140.60
	472.93	0.00	13.35	1137.61
	472.94	0.00	13.37	1137.60
	472.95	0.00	13.40	1142.60
	472.97	0.00	13.41	1143.60
	472.98	0.00	13.42	1168.60
	472.99	0.00	13.44	1172.60
	473.00	0.00	13.44	1176.60
	473.01	0.00	13.46	1178.61
	473.02	0.00	13.47	1174.60
	473.04	0.00	13.51	1177.61
	473.05	0.00	13.54	1176.61
	473.06	0.00	13.56	1175.61
	473.07	0.00	13.58	1178.61
	473.08	0.00	13.60	1182.61
	473.09	0.00	13.68	1203.61
	473.11	0.00	13.72	1202.61
	473.12	0.00	13.77	1201.61
	473.13	0.00	13.84	1200.60
	473.14	0.00	13.90	1193.59
	473.15	0.00	13.96	1190.59
	473.16	0.00	14.01	1191.58
	473.18	0.00	14.04	1190.56
	473.19	0.00	14.10	1194.54
	473.20	0.00	14.13	1193.53
	473.21	0.00	14.18	1190.49
	473.22	0.00	14.41	1208.48
	473.23	0.00	14.43	1208.52
	473.25	0.00	14.56	1205.42
	473.26	0.00	14.63	1193.39
	473.27	0.00	14.73	1173.38
	473.28	0.00	14.82	1148.37
	473.29	0.00	14.85	1150.36
	473.30	0.00	14.89	1145.35
	473.32	0.00	14.90	1142.35
	473.33	0.00	14.91	1146.36
	473.34	0.00	14.92	1143.36
	473.35	0.00	14.89	1141.40
	473.36	0.00	14.95	1125.40
	473.37	0.00	14.98	1119.38
	473.39	0.00	15.03	1114.33
	473.40	0.00	15.14	1086.24
	473.41	0.00	15.16	1082.21
	473.42	0.00	15.25	1075.14
	473.43	0.00	15.25	1067.11
	473.44	0.00	15.30	1061.09
	473.45	0.00	15.32	1051.08
	473.47	0.00	15.37	1037.06
	473.48	0.00	15.37	1027.04
	473.49	0.00	15.40	1020.02
	473.50	0.00	15.42	1002.00
	473.51	0.00	15.43	986.95
	473.53	0.00	15.38	957.93
	473.54	0.00	15.35	924.90
	473.55	0.00	15.28	891.88
	473.56	0.00	15.27	874.87
	473.57	0.00	15.27	846.86
	473.58	0.00	15.25	826.86
	473.60	0.00	15.02	799.85
	473.61	0.00	14.97	794.85
	473.62	0.00	14.91	788.86
	473.63	0.00	14.78	778.89
	473.64	0.00	14.53	758.00
	473.65	0.00	14.42	740.03
	473.67	0.00	14.16	686.02
	473.68	0.00	14.45	741.02
	473.69	0.00	14.52	763.03
	473.70	0.00	14.52	762.03
	473.71	0.00	14.55	765.02
	473.72	0.00	14.54	764.03
	473.73	0.00	14.54	767.03
	473.75	0.00	14.51	763.03
	473.76	0.00	14.51	759.03
	473.77	0.00	14.49	758.04
	473.78	0.00	14.51	765.04
	473.79	0.00	14.54	770.03
	473.80	0.00	14.53	770.05
	473.82	0.00	14.59	787.05
	473.83	0.00	14.61	788.04
	473.84	0.00	14.61	791.05
	473.85	0.00	14.61	789.04
	473.86	0.00	14.59	788.05
	473.87	0.00	14.60	788.05
	473.89	0.00	14.66	796.04
	473.90	0.00	14.61	790.05
	473.91	0.00	14.64	795.04
	473.92	0.00	14.64	795.04
	473.93	0.00	14.65	798.04
	473.94	0.00	14.65	798.04
	473.95	0.00	14.68	801.03
	473.97	0.00	14.68	804.04
	473.98	0.00	14.68	801.03
	473.99	0.00	14.67	800.03
	474.00	0.00	14.67	799.03
	474.01	0.00	14.69	798.02
	474.02	0.00	14.68	796.02
	474.04	0.00	14.68	795.02
	474.05	0.00	14.69	794.01
	474.06	0.00	14.68	792.01
	474.07	0.00	14.68	795.01
	474.08	0.00	14.71	799.01
	474.09	0.00	14.69	794.01
	474.11	0.00	14.70	794.00
	474.12	0.00	14.69	797.01
	474.13	0.00	14.60	795.06
	474.14	0.00	14.39	790.16
	474.15	0.00	13.89	760.32
	474.16	0.00	12.91	709.48
	474.17	0.00	12.11	710.60
	474.19	0.00	11.93	745.66
	474.20	0.00	11.77	768.70
	474.21	0.00	12.10	856.75
	474.22	0.00	12.30	924.76
	474.23	0.00	12.35	933.73
	474.25	0.00	12.32	931.70
	474.26	0.00	12.56	1001.72
	474.27	0.00	12.67	1063.72
	474.28	0.00	12.70	1092.74
	474.29	0.00	12.73	1105.74
	474.30	0.00	12.75	1116.74
	474.32	0.00	12.76	1124.75
	474.33	0.00	12.80	1130.75
	474.34	0.00	12.83	1127.74
	474.35	0.00	12.87	1124.72
	474.36	0.00	12.91	1125.74
	474.37	0.00	12.94	1124.74
	474.39	0.00	12.99	1121.73
	474.40	0.00	13.01	1122.73
	474.41	0.00	13.07	1123.73
	474.42	0.00	13.09	1128.73
	474.43	0.00	13.13	1138.73
	474.44	0.00	13.15	1148.73
	474.46	0.00	13.19	1158.72
	474.47	0.00	13.22	1190.72
	474.48	0.00	13.26	1206.72
	474.49	0.00	13.28	1221.72
	474.50	0.00	13.30	1233.72
	474.51	0.00	13.35	1243.72
	474.53	0.00	13.38	1252.72
	474.54	0.00	13.42	1257.72
	474.55	0.00	13.45	1263.71
	474.56	0.00	13.46	1262.72
	474.57	0.00	13.51	1266.70
	474.58	0.00	13.54	1266.69
	474.60	0.00	13.58	1264.69
	474.61	0.00	13.64	1263.68
	474.62	0.00	13.69	1270.68
	474.63	0.00	13.70	1268.68
	474.64	0.00	13.72	1271.69
	474.65	0.00	13.77	1277.67
	474.67	0.00	13.78	1285.67
	474.68	0.00	13.79	1289.67
	474.69	0.00	13.81	1298.67
	474.70	0.00	13.82	1301.67
	474.71	0.00	13.84	1304.67
	474.72	0.00	13.84	1308.67
	474.74	0.00	13.83	1329.67
	474.75	0.00	13.83	1330.67
	474.76	0.00	13.83	1334.67
	474.77	0.00	13.82	1336.68
	474.78	0.00	13.83	1338.68
	474.80	0.00	13.87	1362.66
	474.81	0.00	13.88	1358.68
	474.82	0.00	13.90	1356.68
	474.83	0.00	13.94	1352.68
	474.84	0.00	13.99	1348.68
	474.85	0.00	14.02	1341.67
	474.86	0.00	14.04	1331.68
	474.88	0.00	14.07	1331.67
	474.89	0.00	14.10	1331.67
	474.90	0.00	14.14	1328.66
	474.91	0.00	14.17	1325.66
	474.92	0.00	14.21	1330.65
	474.94	0.00	14.24	1327.65
	474.95	0.00	14.27	1331.64
	474.96	0.00	14.30	1335.64
	474.97	0.00	14.31	1335.64
	474.98	0.00	14.33	1335.63
	474.99	0.00	14.34	1335.63
	475.00	0.00	14.36	1329.63
	475.02	0.00	14.38	1323.62
	475.03	0.00	14.44	1316.59
	475.04	0.00	14.45	1316.61
	475.05	0.00	14.49	1306.60
	475.06	0.00	14.56	1296.59
	475.07	0.00	14.63	1287.58
	475.09	0.00	14.71	1275.56
	475.10	0.00	14.77	1246.56
	475.11	0.00	14.87	1218.53
	475.12	0.00	15.00	1215.41
	475.13	0.00	15.18	1164.27
	475.14	0.00	15.32	1155.13
	475.16	0.00	15.36	1149.11
	475.17	0.00	15.55	1162.09
	475.18	0.00	15.61	1153.05
	475.19	0.00	15.68	1148.01
	475.20	0.00	15.72	1135.97
	475.21	0.00	15.74	1121.94
	475.23	0.00	15.77	1106.91
	475.24	0.00	15.77	1087.89
	475.25	0.00	15.76	1068.87
	475.26	0.00	15.70	1044.87
	475.27	0.00	15.63	1006.86
	475.29	0.00	15.39	972.87
	475.30	0.00	15.33	954.87
	475.31	0.00	15.26	941.88
	475.32	0.00	15.18	933.92
	475.33	0.00	15.04	919.01
	475.34	0.00	14.89	880.05
	475.36	0.00	14.73	844.07
	475.37	0.00	14.30	747.12
	475.38	0.00	14.45	779.12
	475.39	0.00	14.54	802.13
	475.40	0.00	14.57	809.13
	475.41	0.00	14.56	807.13
	475.42	0.00	14.56	807.13
	475.44	0.00	14.53	802.13
	475.45	0.00	14.48	797.14
	475.46	0.00	14.50	797.14
	475.47	0.00	14.46	794.16
	475.48	0.00	14.43	785.17
	475.49	0.00	14.44	788.17
	475.51	0.00	14.41	791.19
	475.52	0.00	14.44	788.17
	475.53	0.00	14.45	792.17
	475.54	0.00	14.43	790.17
	475.55	0.00	14.46	793.16
	475.56	0.00	14.47	791.16
	475.58	0.00	14.45	793.17
	475.59	0.00	14.46	793.17
	475.60	0.00	14.46	793.17
	475.61	0.00	14.45	794.17
	475.62	0.00	14.46	793.17
	475.63	0.00	14.47	792.16
	475.64	0.00	14.51	793.12
	475.66	0.00	14.64	802.05
	475.67	0.00	14.64	801.05
	475.68	0.00	14.64	798.04
	475.69	0.00	14.68	796.03
	475.70	0.00	14.63	788.03
	475.71	0.00	14.61	783.03
	475.73	0.00	14.62	778.02
	475.74	0.00	14.63	780.02
	475.75	0.00	14.64	782.02
	475.76	0.00	14.65	784.02
	475.77	0.00	14.66	783.02
	475.78	0.00	14.66	788.02
	475.80	0.00	14.65	787.03
	475.81	0.00	14.34	782.23
	475.82	0.00	14.10	755.28
	475.83	0.00	13.31	654.34
	475.84	0.00	12.67	670.46
	475.85	0.00	12.03	738.59
	475.86	0.00	11.78	769.64
	475.88	0.00	11.66	806.67
	475.89	0.00	11.71	848.69
	475.90	0.00	12.23	981.71
	475.91	0.00	12.49	1040.72
	475.92	0.00	12.65	1076.72
	475.93	0.00	12.75	1096.71
	475.95	0.00	12.78	1105.71
	475.96	0.00	12.80	1102.71
	475.97	0.00	12.83	1108.71
	475.98	0.00	12.85	1112.71
	475.99	0.00	12.85	1113.72
	476.01	0.00	12.87	1116.72
	476.02	0.00	12.90	1112.72
	476.03	0.00	12.94	1112.72
	476.04	0.00	12.99	1115.71
	476.05	0.00	13.03	1118.71
	476.06	0.00	13.10	1119.70
	476.08	0.00	13.15	1123.70
	476.09	0.00	13.20	1123.70
	476.10	0.00	13.26	1124.70
	476.11	0.00	13.31	1128.70
	476.12	0.00	13.36	1133.69
	476.13	0.00	13.41	1135.69
	476.14	0.00	13.46	1143.68
	476.16	0.00	13.55	1150.64
	476.17	0.00	13.58	1198.64
	476.18	0.00	13.63	1206.63
	476.19	0.00	13.68	1193.63
	476.20	0.00	13.75	1197.59
	476.22	0.00	13.75	1203.62
	476.23	0.00	13.79	1206.61
	476.24	0.00	13.85	1217.61
	476.25	0.00	13.91	1220.60
	476.26	0.00	13.98	1246.60
	476.27	0.00	14.04	1252.59
	476.29	0.00	14.07	1259.60
	476.30	0.00	14.11	1271.58
	476.31	0.00	14.14	1279.58
	476.32	0.00	14.16	1298.57
	476.33	0.00	14.20	1301.56
	476.34	0.00	14.24	1314.55
	476.36	0.00	14.26	1318.55
	476.37	0.00	14.33	1329.54
	476.38	0.00	14.36	1333.53
	476.39	0.00	14.38	1338.52
	476.40	0.00	14.41	1342.51
	476.41	0.00	14.44	1345.50
	476.43	0.00	14.46	1351.50
	476.44	0.00	14.48	1355.50
	476.45	0.00	14.50	1361.49
	476.46	0.00	14.55	1362.47
	476.47	0.00	14.57	1365.46
	476.48	0.00	14.61	1363.46
	476.50	0.00	14.63	1364.45
	476.51	0.00	14.66	1362.43
	476.52	0.00	14.71	1360.39
	476.53	0.00	14.75	1358.38
	476.54	0.00	14.80	1351.36
	476.55	0.00	14.83	1342.34
	476.57	0.00	14.91	1334.32
	476.58	0.00	15.00	1321.26
	476.59	0.00	15.04	1320.23
	476.60	0.00	15.13	1295.24
	476.61	0.00	15.21	1288.16
	476.62	0.00	15.25	1285.13
	476.64	0.00	15.27	1280.11
	476.65	0.00	15.31	1283.10
	476.66	0.00	15.47	1299.10
	476.67	0.00	15.52	1294.08
	476.68	0.00	15.51	1271.07
	476.69	0.00	15.56	1250.06
	476.70	0.00	15.59	1247.05
	476.72	0.00	15.60	1240.04
	476.73	0.00	15.61	1233.03
	476.74	0.00	15.64	1225.01
	476.75	0.00	15.66	1227.00
	476.76	0.00	15.69	1219.98
	476.77	0.00	15.69	1200.97
	476.79	0.00	15.71	1193.96
	476.80	0.00	15.74	1185.95
	476.81	0.00	15.75	1177.94
	476.82	0.00	15.76	1171.92
	476.83	0.00	15.80	1162.92
	476.85	0.00	15.78	1157.90
	476.86	0.00	15.77	1143.90
	476.87	0.00	15.77	1134.89
	476.88	0.00	15.77	1117.88
	476.89	0.00	15.79	1103.87
	476.90	0.00	15.81	1094.87
	476.92	0.00	15.79	1077.87
	476.93	0.00	15.78	1065.86
	476.94	0.00	15.75	1045.85
	476.95	0.00	15.77	1028.85
	476.96	0.00	15.71	1004.85
	476.97	0.00	15.69	984.84
	476.99	0.00	15.64	963.84
	477.00	0.00	15.62	932.84
	477.01	0.00	15.38	901.84
	477.02	0.00	15.33	883.84
	477.03	0.00	15.26	871.84
	477.04	0.00	15.18	862.85
	477.06	0.00	15.06	846.88
	477.07	0.00	14.90	827.95
	477.08	0.00	14.72	801.00
	477.09	0.00	14.56	779.04
	477.10	0.00	14.21	738.17
	477.11	0.00	13.95	688.17
	477.12	0.00	13.86	686.22
	477.14	0.00	14.02	716.23
	477.15	0.00	14.08	725.22
	477.16	0.00	14.09	729.22
	477.17	0.00	14.10	730.21
	477.18	0.00	14.09	725.21
	477.19	0.00	14.10	727.21
	477.21	0.00	14.12	725.19
	477.22	0.00	14.16	727.17
	477.23	0.00	14.16	725.16
	477.24	0.00	14.15	721.15
	477.25	0.00	14.17	725.14
	477.26	0.00	14.16	722.15
	477.28	0.00	14.16	722.15
	477.29	0.00	14.13	719.16
	477.30	0.00	14.15	726.17
	477.31	0.00	14.17	729.17
	477.32	0.00	14.19	731.16
	477.33	0.00	14.20	730.15
	477.35	0.00	14.25	735.13
	477.36	0.00	14.26	738.13
	477.37	0.00	14.28	742.13
	477.38	0.00	14.28	742.13
	477.39	0.00	14.30	744.12
	477.40	0.00	14.31	742.11
	477.42	0.00	14.35	750.11
	477.43	0.00	14.39	754.09
	477.44	0.00	14.46	763.07
	477.45	0.00	14.52	769.05
	477.46	0.00	14.55	773.04
	477.47	0.00	14.60	776.01
	477.48	0.00	14.53	779.07
	477.50	0.00	14.45	780.14
	477.51	0.00	14.37	772.18
	477.52	0.00	14.17	753.21
	477.53	0.00	13.78	691.24
	477.54	0.00	13.43	692.34
	477.55	0.00	12.80	676.44
	477.57	0.00	12.39	705.51
	477.58	0.00	12.07	723.58
	477.59	0.00	11.91	748.65
	477.60	0.00	11.91	785.67
	477.61	0.00	12.13	839.68
	477.62	0.00	12.35	885.65
	477.64	0.00	12.62	949.66
	477.65	0.00	12.66	972.68
	477.66	0.00	12.73	993.68
	477.67	0.00	12.90	1032.69
	477.68	0.00	12.98	1060.69
	477.69	0.00	12.96	1061.69
	477.70	0.00	13.00	1070.69
	477.72	0.00	13.04	1072.66
	477.73	0.00	13.02	1072.69
	477.74	0.00	13.04	1073.68
	477.75	0.00	13.06	1071.68
	477.76	0.00	13.09	1074.67
	477.77	0.00	13.14	1079.67
	477.79	0.00	13.15	1077.67
	477.80	0.00	13.19	1077.68
	477.81	0.00	13.23	1100.67
	477.82	0.00	13.25	1084.67
	477.83	0.00	13.30	1088.67
	477.84	0.00	13.32	1137.67
	477.86	0.00	13.35	1142.66
	477.87	0.00	13.37	1151.66
	477.88	0.00	13.41	1161.66
	477.89	0.00	13.42	1169.66
	477.90	0.00	13.45	1178.66
	477.92	0.00	13.48	1186.67
	477.93	0.00	13.52	1194.66
	477.94	0.00	13.55	1201.66
	477.95	0.00	13.63	1222.66
	477.96	0.00	13.63	1230.66
	477.97	0.00	13.66	1233.66
	477.98	0.00	13.70	1239.65
	478.00	0.00	13.72	1238.65
	478.01	0.00	13.76	1243.65
	478.02	0.00	13.80	1247.64
	478.03	0.00	13.82	1249.64
	478.04	0.00	13.85	1252.64
	478.05	0.00	13.89	1249.64
	478.07	0.00	13.91	1256.63
	478.08	0.00	13.95	1276.63
	478.09	0.00	13.96	1283.63
	478.10	0.00	13.98	1283.63
	478.11	0.00	13.98	1281.63
	478.13	0.00	14.00	1284.62
	478.14	0.00	14.00	1282.62
	478.15	0.00	14.01	1283.64
	478.16	0.00	14.02	1285.62
	478.17	0.00	14.04	1288.62
	478.18	0.00	14.05	1288.62
	478.19	0.00	14.06	1289.62
	478.21	0.00	14.06	1286.62
	478.22	0.00	14.09	1288.62
	478.23	0.00	14.09	1289.62
	478.24	0.00	14.10	1290.62
	478.25	0.00	14.12	1289.61
	478.27	0.00	14.14	1287.61
	478.28	0.00	14.16	1288.61
	478.29	0.00	14.20	1290.59
	478.30	0.00	14.24	1290.59
	478.31	0.00	14.27	1287.59
	478.32	0.00	14.31	1282.58
	478.33	0.00	14.33	1277.58
	478.35	0.00	14.36	1278.57
	478.36	0.00	14.39	1276.54
	478.37	0.00	14.45	1255.57
	478.38	0.00	14.43	1268.56
	478.39	0.00	14.56	1253.54
	478.41	0.00	14.60	1250.53
	478.42	0.00	14.66	1257.53
	478.43	0.00	14.68	1253.52
	478.44	0.00	14.72	1254.52
	478.45	0.00	14.73	1251.52
	478.46	0.00	14.74	1247.51
	478.48	0.00	14.74	1246.51
	478.49	0.00	14.74	1246.51
	478.50	0.00	14.76	1253.51
	478.51	0.00	14.78	1257.51
	478.52	0.00	14.84	1258.50
	478.53	0.00	14.87	1261.49
	478.54	0.00	15.05	1281.48
	478.56	0.00	15.12	1281.46
	478.57	0.00	15.15	1261.44
	478.58	0.00	15.24	1240.43
	478.59	0.00	15.32	1211.38
	478.60	0.00	15.51	1182.18
	478.61	0.00	15.59	1177.12
	478.63	0.00	15.64	1165.09
	478.64	0.00	15.72	1162.05
	478.65	0.00	15.78	1152.02
	478.66	0.00	15.78	1130.01
	478.67	0.00	15.73	1101.00
	478.69	0.00	15.71	1068.98
	478.70	0.00	15.64	1034.96
	478.71	0.00	15.59	1009.95
	478.72	0.00	15.60	988.94
	478.73	0.00	15.54	964.93
	478.74	0.00	15.49	950.93
	478.75	0.00	15.43	931.93
	478.77	0.00	15.15	898.94
	478.78	0.00	15.11	886.95
	478.79	0.00	15.02	877.98
	478.80	0.00	14.97	869.00
	478.81	0.00	14.87	853.03
	478.82	0.00	14.65	812.08
	478.83	0.00	14.33	769.20
	478.85	0.00	14.02	703.18
	478.86	0.00	14.23	752.20
	478.87	0.00	14.30	768.19
	478.88	0.00	14.32	771.19
	478.89	0.00	14.32	772.19
	478.91	0.00	14.34	775.19
	478.92	0.00	14.29	769.19
	478.93	0.00	14.31	774.20
	478.94	0.00	14.29	755.20
	478.95	0.00	14.33	777.19
	478.96	0.00	14.33	776.19
	478.97	0.00	14.30	757.19
	478.99	0.00	14.35	780.19
	479.00	0.00	14.34	777.19
	479.01	0.00	14.31	761.20
	479.02	0.00	14.31	762.20
	479.03	0.00	14.32	760.19
	479.04	0.00	14.32	757.19
	479.05	0.00	14.32	763.19
	479.07	0.00	14.37	770.19
	479.08	0.00	14.36	768.19
	479.09	0.00	14.37	769.19
	479.10	0.00	14.37	770.19
	479.11	0.00	14.38	768.19
	479.13	0.00	14.42	774.18
	479.14	0.00	14.44	776.17
	479.15	0.00	14.47	775.15
	479.16	0.00	14.48	765.11
	479.17	0.00	14.50	767.10
	479.18	0.00	14.51	763.08
	479.20	0.00	14.51	753.06
	479.21	0.00	14.55	762.06
	479.22	0.00	14.54	767.07
	479.23	0.00	14.61	776.06
	479.24	0.00	14.61	779.07
	479.25	0.00	14.62	782.07
	479.26	0.00	14.66	787.07
	479.28	0.00	14.48	788.19
	479.29	0.00	14.35	787.28
	479.30	0.00	14.17	774.34
	479.31	0.00	13.57	695.40
	479.32	0.00	12.82	664.50
	479.33	0.00	12.04	648.57
	479.35	0.00	11.63	654.61
	479.36	0.00	11.45	680.66
	479.37	0.00	11.36	708.72
	479.38	0.00	11.70	781.71
	479.39	0.00	11.85	825.72
	479.40	0.00	11.73	826.73
	479.42	0.00	11.94	876.73
	479.43	0.00	12.24	941.76
	479.44	0.00	12.34	994.78
	479.45	0.00	12.39	1006.78
	479.46	0.00	12.42	1020.79
	479.47	0.00	12.43	1028.80
	479.48	0.00	12.46	1031.80
	479.50	0.00	12.49	1031.78
	479.51	0.00	12.49	1029.78
	479.52	0.00	12.52	1030.78
	479.53	0.00	12.57	1030.74
	479.54	0.00	12.61	1035.74
	479.55	0.00	12.67	1040.74
	479.57	0.00	12.73	1046.73
	479.58	0.00	12.86	1069.75
	479.59	0.00	12.93	1076.73
	479.60	0.00	13.01	1094.73
	479.61	0.00	13.06	1101.72
	479.63	0.00	13.12	1110.72
	479.64	0.00	13.24	1129.72
	479.65	0.00	13.31	1138.71
	479.66	0.00	13.39	1161.71
	479.67	0.00	13.43	1171.71
	479.68	0.00	13.53	1181.70
	479.70	0.00	13.60	1191.70
	479.71	0.00	13.68	1174.70
	479.72	0.00	13.72	1173.70
	479.73	0.00	13.75	1176.70
	479.74	0.00	13.77	1174.69
	479.75	0.00	13.80	1179.69
	479.77	0.00	13.82	1179.69
	479.78	0.00	13.79	1170.69
	479.79	0.00	13.84	1180.69
	479.80	0.00	13.85	1180.69
	479.81	0.00	13.87	1182.68
	479.82	0.00	13.89	1188.68
	479.84	0.00	13.89	1188.68
	479.85	0.00	13.91	1192.68
	479.86	0.00	13.92	1193.68
	479.87	0.00	13.94	1193.68
	479.88	0.00	13.94	1196.69
	479.89	0.00	13.99	1201.67
	479.91	0.00	14.02	1200.67
	479.92	0.00	14.02	1201.67
	479.93	0.00	14.07	1203.67
	479.94	0.00	14.08	1202.67
	479.95	0.00	14.10	1204.67
	479.96	0.00	14.13	1205.67
	479.98	0.00	14.15	1202.67
	479.99	0.00	14.20	1228.67
	480.00	0.00	14.23	1228.67
	480.01	0.00	14.26	1230.67
	480.02	0.00	14.29	1230.67
	480.03	0.00	14.32	1229.67
	480.05	0.00	14.37	1225.66
	480.06	0.00	14.37	1225.66
	480.07	0.00	14.39	1224.66
	480.08	0.00	14.41	1222.66
	480.09	0.00	14.42	1219.65
	480.10	0.00	14.42	1223.66
	480.11	0.00	14.43	1224.65
	480.13	0.00	14.45	1222.65
	480.14	0.00	14.47	1220.64
	480.15	0.00	14.51	1219.64
	480.16	0.00	14.55	1218.63
	480.17	0.00	14.57	1216.64
	480.19	0.00	14.58	1217.64
	480.20	0.00	14.59	1219.63
	480.21	0.00	14.56	1199.63
	480.22	0.00	14.57	1216.63
	480.23	0.00	14.55	1196.63
	480.24	0.00	14.59	1196.63
	480.25	0.00	14.63	1193.62
	480.27	0.00	14.72	1204.61
	480.28	0.00	14.79	1200.59
	480.29	0.00	14.85	1170.57
	480.30	0.00	14.93	1156.55
	480.31	0.00	15.01	1122.52
	480.33	0.00	15.06	1114.49
	480.34	0.00	15.07	1105.49
	480.35	0.00	15.30	1097.25
	480.36	0.00	15.36	1085.19
	480.37	0.00	15.40	1079.15
	480.38	0.00	15.41	1065.11
	480.39	0.00	15.40	1038.07
	480.41	0.00	15.31	999.05
	480.42	0.00	15.33	943.02
	480.43	0.00	15.05	867.98
	480.44	0.00	15.00	832.94
	480.45	0.00	15.00	811.91
	480.46	0.00	14.93	803.92
	480.48	0.00	14.86	799.95
	480.49	0.00	14.79	798.00
	480.50	0.00	14.67	790.05
	480.51	0.00	14.57	776.08
	480.52	0.00	14.37	757.17
	480.53	0.00	14.10	707.20
	480.55	0.00	14.14	716.20
	480.56	0.00	14.15	717.20
	480.57	0.00	14.16	720.20
	480.58	0.00	14.15	721.20
	480.59	0.00	14.19	727.21
	480.60	0.00	14.18	723.20
	480.61	0.00	14.19	723.20
	480.63	0.00	14.18	722.20
	480.64	0.00	14.17	720.20
	480.65	0.00	14.18	722.20
	480.66	0.00	14.17	723.20
	480.67	0.00	14.18	725.20
	480.69	0.00	14.24	736.20
	480.70	0.00	14.26	737.20
	480.71	0.00	14.25	739.20
	480.72	0.00	14.26	740.20
	480.73	0.00	14.25	738.20
	480.74	0.00	14.28	744.20
	480.75	0.00	14.28	745.20
	480.77	0.00	14.27	743.20
	480.78	0.00	14.29	746.20
	480.79	0.00	14.27	742.20
	480.80	0.00	14.29	747.20
	480.81	0.00	14.30	751.21
	480.82	0.00	14.27	747.22
	480.83	0.00	14.29	752.22
	480.85	0.00	14.31	751.20
	480.86	0.00	14.34	755.19
	480.87	0.00	14.35	756.19
	480.88	0.00	14.37	761.19
	480.89	0.00	14.37	757.18
	480.91	0.00	14.38	758.17
	480.92	0.00	14.43	757.15
	480.93	0.00	14.41	759.15
	480.94	0.00	14.45	766.15
	480.95	0.00	14.44	765.15
	480.96	0.00	14.44	764.15
	480.97	0.00	14.44	765.15
	480.99	0.00	14.30	763.23
	481.00	0.00	14.15	766.31
	481.01	0.00	13.54	684.38
	481.02	0.00	12.60	606.47
	481.03	0.00	11.60	560.52
	481.04	0.00	11.29	591.60
	481.05	0.00	11.11	617.65
	481.07	0.00	11.15	666.75
	481.08	0.00	11.16	713.82
	481.09	0.00	11.65	803.86
	481.10	0.00	11.82	862.83
	481.11	0.00	11.78	880.85
	481.13	0.00	12.34	1005.86
	481.14	0.00	12.55	1081.83
	481.15	0.00	12.60	1099.82
	481.16	0.00	12.63	1106.81
	481.17	0.00	12.65	1114.81
	481.18	0.00	12.59	1115.82
	481.20	0.00	12.58	1092.82
	481.21	0.00	12.61	1107.81
	481.22	0.00	12.62	1102.80
	481.23	0.00	12.66	1078.75
	481.24	0.00	12.62	1066.76
	481.25	0.00	12.63	1071.74
	481.27	0.00	12.64	1084.73
	481.28	0.00	12.67	1086.73
	481.29	0.00	12.66	1090.72
	481.30	0.00	12.67	1096.72
	481.31	0.00	12.68	1103.73
	481.32	0.00	12.70	1112.73
	481.34	0.00	12.71	1119.73
	481.35	0.00	12.72	1127.74
	481.36	0.00	12.75	1135.74
	481.37	0.00	12.78	1146.73
	481.38	0.00	12.83	1152.72
	481.39	0.00	12.85	1152.71
	481.41	0.00	12.88	1157.71
	481.42	0.00	12.91	1159.71
	481.43	0.00	12.92	1156.72
	481.44	0.00	12.94	1155.72
	481.45	0.00	12.96	1153.72
	481.46	0.00	12.99	1156.72
	481.48	0.00	13.00	1156.72
	481.49	0.00	13.01	1160.72
	481.50	0.00	13.01	1164.72
	481.51	0.00	13.03	1167.72
	481.52	0.00	13.05	1173.72
	481.53	0.00	13.09	1180.71
	481.55	0.00	13.14	1192.71
	481.56	0.00	13.21	1199.71
	481.57	0.00	13.28	1210.70
	481.58	0.00	13.33	1218.70
	481.59	0.00	13.43	1226.69
	481.60	0.00	13.52	1231.69
	481.62	0.00	13.59	1233.68
	481.63	0.00	13.73	1250.68
	481.64	0.00	13.81	1244.67
	481.65	0.00	13.89	1238.66
	481.66	0.00	13.96	1239.66
	481.67	0.00	14.04	1236.66
	481.69	0.00	14.08	1232.64
	481.70	0.00	14.08	1238.64
	481.71	0.00	14.12	1240.63
	481.72	0.00	14.14	1242.63
	481.73	0.00	14.15	1246.63
	481.74	0.00	14.16	1242.64
	481.76	0.00	14.16	1242.63
	481.77	0.00	14.17	1231.63
	481.78	0.00	14.15	1215.62
	481.79	0.00	14.16	1188.63
	481.80	0.00	14.14	1187.63
	481.81	0.00	14.12	1191.64
	481.83	0.00	14.06	1187.67
	481.84	0.00	14.01	1184.67
	481.85	0.00	14.01	1166.67
	481.86	0.00	13.96	1185.68
	481.87	0.00	13.92	1138.69
	481.89	0.00	13.96	1138.68
	481.90	0.00	14.06	1138.64
	481.91	0.00	14.18	1156.68
	481.92	0.00	14.31	1153.66
	481.93	0.00	14.42	1143.64
	481.94	0.00	14.54	1141.61
	481.95	0.00	14.64	1139.58
	481.97	0.00	14.75	1133.53
	481.98	0.00	14.93	1107.46
	481.99	0.00	15.03	1104.39
	482.00	0.00	15.22	1066.16
	482.01	0.00	15.29	1068.13
	482.02	0.00	15.54	1078.10
	482.04	0.00	15.61	1071.06
	482.05	0.00	15.64	1061.02
	482.06	0.00	15.71	1047.96
	482.07	0.00	15.70	1022.93
	482.08	0.00	15.71	982.89
	482.10	0.00	15.61	933.88
	482.11	0.00	15.53	878.88
	482.12	0.00	15.48	851.87
	482.13	0.00	15.50	840.87
	482.14	0.00	15.32	823.86
	482.15	0.00	15.31	816.86
	482.16	0.00	15.30	807.85
	482.18	0.00	15.26	800.85
	482.19	0.00	15.13	797.85
	482.20	0.00	14.91	786.93
	482.21	0.00	14.64	760.04
	482.22	0.00	14.42	742.11
	482.23	0.00	14.02	667.12
	482.25	0.00	14.14	683.10
	482.26	0.00	14.28	700.05
	482.27	0.00	14.35	713.05
	482.28	0.00	14.34	719.08
	482.29	0.00	14.30	713.09
	482.30	0.00	14.31	718.10
	482.32	0.00	14.29	717.11
	482.33	0.00	14.30	718.11
	482.34	0.00	14.31	718.11
	482.35	0.00	14.28	716.11
	482.36	0.00	14.24	710.12
	482.37	0.00	14.26	714.12
	482.38	0.00	14.28	717.12
	482.40	0.00	14.31	720.12
	482.41	0.00	14.31	724.12
	482.42	0.00	14.30	722.12
	482.43	0.00	14.31	723.12
	482.44	0.00	14.31	724.12
	482.45	0.00	14.32	726.12
	482.47	0.00	14.32	726.12
	482.48	0.00	14.33	727.12
	482.49	0.00	14.33	727.12
	482.50	0.00	14.33	727.12
	482.51	0.00	14.32	726.12
	482.52	0.00	14.32	726.12
	482.54	0.00	14.33	728.12
	482.55	0.00	14.33	728.12
	482.56	0.00	14.35	730.11
	482.57	0.00	14.39	734.10
	482.58	0.00	14.39	733.09
	482.59	0.00	14.41	734.08
	482.61	0.00	14.44	737.07
	482.62	0.00	14.45	739.07
	482.63	0.00	14.48	743.06
	482.64	0.00	14.50	741.06
	482.65	0.00	14.47	736.06
	482.66	0.00	14.47	740.06
	482.67	0.00	14.43	735.07
	482.69	0.00	14.18	748.29
	482.70	0.00	13.79	728.43
	482.71	0.00	12.73	621.46
	482.72	0.00	11.54	578.50
	482.73	0.00	10.74	585.62
	482.74	0.00	10.58	636.74
	482.76	0.00	10.43	707.86
	482.77	0.00	10.25	763.96
	482.78	0.00	10.29	820.00
	482.79	0.00	10.53	872.00
	482.80	0.00	10.79	920.96
	482.81	0.00	11.00	938.89
	482.83	0.00	11.11	942.89
	482.84	0.00	11.23	965.88
	482.85	0.00	11.37	966.87
	482.86	0.00	11.52	979.88
	482.87	0.00	11.68	993.89
	482.88	0.00	11.81	997.88
	482.89	0.00	11.94	1001.86
	482.91	0.00	12.06	999.81
	482.92	0.00	12.15	997.79
	482.93	0.00	12.21	994.81
	482.94	0.00	12.28	995.79
	482.95	0.00	12.35	996.79
	482.96	0.00	12.36	993.79
	482.98	0.00	12.40	997.80
	482.99	0.00	12.50	1017.80
	483.00	0.00	12.52	1022.81
	483.01	0.00	12.53	1023.81
	483.02	0.00	12.58	1030.80
	483.04	0.00	12.59	1029.80
	483.05	0.00	12.59	1029.80
	483.06	0.00	12.67	1037.80
	483.07	0.00	12.66	1035.81
	483.08	0.00	12.72	1036.77
	483.09	0.00	12.69	1055.81
	483.10	0.00	12.73	1060.81
	483.12	0.00	12.74	1060.81
	483.13	0.00	12.77	1065.81
	483.14	0.00	12.78	1064.81
	483.15	0.00	12.80	1069.81
	483.16	0.00	12.83	1071.82
	483.17	0.00	12.87	1096.82
	483.19	0.00	12.91	1103.81
	483.20	0.00	12.95	1104.81
	483.21	0.00	12.96	1110.82
	483.22	0.00	12.97	1106.82
	483.23	0.00	13.03	1115.82
	483.25	0.00	13.05	1115.82
	483.26	0.00	13.08	1117.82
	483.27	0.00	13.11	1117.82
	483.28	0.00	13.14	1120.83
	483.29	0.00	13.23	1139.82
	483.30	0.00	13.29	1143.81
	483.31	0.00	13.31	1141.81
	483.33	0.00	13.35	1138.81
	483.34	0.00	13.38	1137.82
	483.35	0.00	13.41	1143.84
	483.36	0.00	13.46	1150.82
	483.37	0.00	13.49	1153.83
	483.39	0.00	13.52	1152.83
	483.40	0.00	13.53	1151.84
	483.41	0.00	13.55	1153.84
	483.42	0.00	13.61	1131.84
	483.43	0.00	13.58	1155.85
	483.44	0.00	13.65	1135.84
	483.45	0.00	13.66	1141.84
	483.47	0.00	13.73	1161.84
	483.48	0.00	13.74	1149.84
	483.49	0.00	13.83	1146.84
	483.50	0.00	13.92	1143.85
	483.51	0.00	13.99	1139.85
	483.52	0.00	14.03	1140.85
	483.54	0.00	14.06	1110.86
	483.55	0.00	14.09	1117.87
	483.56	0.00	14.17	1125.87
	483.57	0.00	14.22	1127.87
	483.58	0.00	14.29	1126.85
	483.60	0.00	14.41	1121.80
	483.61	0.00	14.67	1126.75
	483.62	0.00	14.93	1102.52
	483.63	0.00	15.27	1088.18
	483.64	0.00	15.32	1068.16
	483.65	0.00	15.38	1062.13
	483.66	0.00	15.44	1050.09
	483.68	0.00	15.46	1042.08
	483.69	0.00	15.49	1039.06
	483.70	0.00	15.50	1030.05
	483.71	0.00	15.55	1016.00
	483.72	0.00	15.56	998.96
	483.73	0.00	15.55	973.93
	483.75	0.00	15.57	946.90
	483.76	0.00	15.52	897.89
	483.77	0.00	15.43	854.88
	483.78	0.00	15.43	846.88
	483.79	0.00	15.44	832.87
	483.80	0.00	15.43	831.87
	483.82	0.00	15.24	818.86
	483.83	0.00	15.25	815.86
	483.84	0.00	15.19	802.86
	483.85	0.00	15.06	790.86
	483.86	0.00	14.80	772.95
	483.87	0.00	14.50	731.04
	483.89	0.00	13.96	676.20
	483.90	0.00	13.50	614.27
	483.91	0.00	13.41	606.29
	483.92	0.00	13.72	662.29
	483.93	0.00	13.82	680.30
	483.94	0.00	13.89	694.30
	483.95	0.00	13.90	695.30
	483.97	0.00	13.91	695.29
	483.98	0.00	13.93	696.28
	483.99	0.00	13.97	698.26
	484.00	0.00	13.99	698.26
	484.01	0.00	13.98	700.26
	484.02	0.00	13.91	694.29
	484.04	0.00	13.86	693.32
	484.05	0.00	13.88	695.31
	484.06	0.00	13.86	694.32
	484.07	0.00	13.91	698.30
	484.08	0.00	13.91	705.32
	484.09	0.00	13.96	711.32
	484.11	0.00	13.95	716.33
	484.12	0.00	14.02	720.31
	484.13	0.00	14.03	723.31
	484.14	0.00	14.05	730.31
	484.15	0.00	14.04	733.33
	484.16	0.00	14.10	738.32
	484.17	0.00	14.11	744.32
	484.19	0.00	14.09	743.33
	484.20	0.00	14.11	746.33
	484.21	0.00	14.12	746.33
	484.22	0.00	14.14	749.32
	484.23	0.00	14.15	751.32
	484.25	0.00	14.17	750.31
	484.26	0.00	14.19	754.31
	484.27	0.00	14.19	754.30
	484.28	0.00	14.22	758.30
	484.29	0.00	14.25	762.28
	484.30	0.00	14.29	762.26
	484.32	0.00	14.33	766.24
	484.33	0.00	14.33	770.24
	484.34	0.00	14.36	773.24
	484.35	0.00	14.44	776.18
	484.36	0.00	14.45	779.18
	484.37	0.00	14.29	765.23
	484.38	0.00	13.90	694.21
	484.40	0.00	13.49	656.21
	484.41	0.00	12.66	606.30
	484.42	0.00	12.20	643.40
	484.43	0.00	11.75	689.50
	484.44	0.00	11.35	729.61
	484.45	0.00	11.04	773.71
	484.47	0.00	10.93	806.73
	484.48	0.00	10.99	866.79
	484.49	0.00	11.04	908.77
	484.50	0.00	11.15	926.75
	484.51	0.00	11.20	954.74
	484.52	0.00	11.28	956.72
	484.54	0.00	11.37	965.72
	484.55	0.00	11.48	971.71
	484.56	0.00	11.56	969.69
	484.57	0.00	11.74	980.66
	484.58	0.00	11.86	981.64
	484.59	0.00	11.95	983.63
	484.60	0.00	12.06	988.62
	484.62	0.00	12.15	991.63
	484.63	0.00	12.19	993.63
	484.64	0.00	12.28	1000.63
	484.65	0.00	12.32	997.63
	484.66	0.00	12.36	997.63
	484.67	0.00	12.40	1001.63
	484.69	0.00	12.45	1007.63
	484.70	0.00	12.46	1000.63
	484.71	0.00	12.52	1008.63
	484.72	0.00	12.56	1012.63
	484.73	0.00	12.64	1035.63
	484.74	0.00	12.72	1045.63
	484.76	0.00	12.77	1049.64
	484.77	0.00	12.82	1049.63
	484.78	0.00	12.88	1051.63
	484.79	0.00	12.91	1049.63
	484.80	0.00	12.99	1035.63
	484.81	0.00	13.03	1036.63
	484.83	0.00	13.03	1035.64
	484.84	0.00	13.07	1034.63
	484.85	0.00	13.05	1030.63
	484.86	0.00	13.10	1038.63
	484.87	0.00	13.11	1042.64
	484.88	0.00	13.14	1044.64
	484.89	0.00	13.16	1047.65
	484.91	0.00	13.22	1056.64
	484.92	0.00	13.26	1061.63
	484.93	0.00	13.29	1058.63
	484.94	0.00	13.31	1059.63
	484.95	0.00	13.32	1059.63
	484.97	0.00	13.34	1064.64
	484.98	0.00	13.36	1067.63
	484.99	0.00	13.35	1070.63
	485.00	0.00	13.37	1077.63
	485.01	0.00	13.38	1080.63
	485.02	0.00	13.40	1083.63
	485.04	0.00	13.39	1082.65
	485.05	0.00	13.43	1085.62
	485.06	0.00	13.40	1086.65
	485.07	0.00	13.40	1090.66
	485.08	0.00	13.40	1092.67
	485.09	0.00	13.40	1096.69
	485.11	0.00	13.42	1097.69
	485.12	0.00	13.42	1100.69
	485.13	0.00	13.46	1103.69
	485.14	0.00	13.52	1107.66
	485.15	0.00	13.56	1109.66
	485.16	0.00	13.61	1109.66
	485.18	0.00	13.67	1111.65
	485.19	0.00	13.73	1117.64
	485.20	0.00	13.79	1125.64
	485.21	0.00	13.88	1146.63
	485.22	0.00	13.94	1149.62
	485.23	0.00	14.09	1149.60
	485.25	0.00	14.21	1147.59
	485.26	0.00	14.33	1147.57
	485.27	0.00	14.40	1158.57
	485.28	0.00	14.53	1170.55
	485.29	0.00	14.61	1176.53
	485.30	0.00	14.73	1175.48
	485.32	0.00	14.84	1179.45
	485.33	0.00	14.97	1177.39
	485.34	0.00	15.08	1146.35
	485.35	0.00	15.43	1156.19
	485.36	0.00	15.47	1128.14
	485.37	0.00	15.53	1104.11
	485.39	0.00	15.60	1095.07
	485.40	0.00	15.62	1083.04
	485.41	0.00	15.68	1086.02
	485.42	0.00	15.68	1073.99
	485.43	0.00	15.70	1047.95
	485.44	0.00	15.68	1027.93
	485.45	0.00	15.62	995.92
	485.47	0.00	15.61	953.90
	485.48	0.00	15.57	914.88
	485.49	0.00	15.52	891.88
	485.50	0.00	15.47	864.87
	485.51	0.00	15.52	861.86
	485.52	0.00	15.26	824.86
	485.54	0.00	15.31	826.85
	485.55	0.00	15.29	816.85
	485.56	0.00	15.28	808.84
	485.57	0.00	15.19	806.85
	485.58	0.00	15.05	795.85
	485.60	0.00	14.84	771.91
	485.61	0.00	14.58	745.01
	485.62	0.00	14.42	725.03
	485.63	0.00	14.12	672.05
	485.64	0.00	14.20	687.04
	485.65	0.00	14.32	706.03
	485.66	0.00	14.36	714.03
	485.68	0.00	14.38	717.03
	485.69	0.00	14.34	717.04
	485.70	0.00	14.35	719.05
	485.71	0.00	14.34	720.05
	485.72	0.00	14.35	721.05
	485.73	0.00	14.36	722.05
	485.75	0.00	14.33	720.06
	485.76	0.00	14.33	720.06
	485.77	0.00	14.30	717.07
	485.78	0.00	14.31	715.06
	485.79	0.00	14.28	712.07
	485.80	0.00	14.30	716.07
	485.82	0.00	14.29	714.07
	485.83	0.00	14.31	718.07
	485.84	0.00	14.31	718.07
	485.85	0.00	14.29	715.07
	485.86	0.00	14.28	716.07
	485.87	0.00	14.29	714.07
	485.88	0.00	14.31	718.07
	485.90	0.00	14.32	718.06
	485.91	0.00	14.35	722.05
	485.92	0.00	14.37	725.05
	485.93	0.00	14.39	727.04
	485.94	0.00	14.41	732.03
	485.95	0.00	14.44	735.03
	485.97	0.00	14.45	737.03
	485.98	0.00	14.47	740.03
	485.99	0.00	14.47	741.03
	486.00	0.00	14.51	748.03
	486.01	0.00	14.53	753.03
	486.02	0.00	14.55	755.02
	486.04	0.00	14.57	759.02
	486.05	0.00	14.59	764.02
	486.06	0.00	14.59	766.03
	486.07	0.00	14.63	772.02
	486.08	0.00	14.63	772.02
	486.09	0.00	14.40	776.19
	486.11	0.00	14.22	774.24
	486.12	0.00	13.12	619.25
	486.13	0.00	11.92	590.38
	486.14	0.00	11.47	639.49
	486.15	0.00	11.09	675.61
	486.16	0.00	10.72	747.76
	486.17	0.00	10.60	819.83
	486.19	0.00	10.68	877.87
	486.20	0.00	10.89	924.86
	486.21	0.00	10.98	960.85
	486.22	0.00	11.17	984.80
	486.23	0.00	11.32	1002.81
	486.24	0.00	11.49	1025.81
	486.26	0.00	11.59	1020.80
	486.27	0.00	11.67	1022.81
	486.28	0.00	11.84	1031.81
	486.29	0.00	11.92	1023.81
	486.30	0.00	12.02	1017.81
	486.32	0.00	12.12	1022.83
	486.33	0.00	12.30	1036.82
	486.34	0.00	12.45	1052.84
	486.35	0.00	12.60	1062.84
	486.36	0.00	12.71	1076.85
	486.37	0.00	12.84	1091.84
	486.38	0.00	12.90	1094.84
	486.40	0.00	12.95	1072.83
	486.41	0.00	12.97	1062.82
	486.42	0.00	13.00	1063.82
	486.43	0.00	13.04	1059.81
	486.44	0.00	13.09	1057.81
	486.45	0.00	13.20	1043.81
	486.47	0.00	13.21	1040.80
	486.48	0.00	13.21	1034.80
	486.49	0.00	13.19	1025.79
	486.50	0.00	13.22	1015.78
	486.51	0.00	13.23	1011.77
	486.52	0.00	13.27	1003.76
	486.54	0.00	13.33	1007.76
	486.55	0.00	13.32	1013.76
	486.56	0.00	13.36	1014.76
	486.57	0.00	13.40	1016.76
	486.58	0.00	13.46	1017.75
	486.60	0.00	13.48	1019.76
	486.61	0.00	13.51	1040.75
	486.62	0.00	13.55	1044.74
	486.63	0.00	13.57	1051.74
	486.64	0.00	13.61	1056.74
	486.65	0.00	13.63	1059.74
	486.67	0.00	13.64	1059.75
	486.68	0.00	13.69	1066.74
	486.69	0.00	13.71	1067.74
	486.70	0.00	13.74	1069.74
	486.71	0.00	13.78	1070.73
	486.72	0.00	13.82	1073.73
	486.73	0.00	13.85	1080.74
	486.75	0.00	13.94	1109.73
	486.76	0.00	14.01	1124.73
	486.77	0.00	14.08	1128.73
	486.78	0.00	14.18	1139.72
	486.79	0.00	14.24	1146.71
	486.80	0.00	14.30	1149.71
	486.82	0.00	14.40	1158.69
	486.83	0.00	14.48	1170.67
	486.84	0.00	14.52	1176.66
	486.85	0.00	14.59	1175.62
	486.86	0.00	14.67	1177.59
	486.88	0.00	14.73	1175.54
	486.89	0.00	14.74	1170.55
	486.90	0.00	14.80	1163.52
	486.91	0.00	14.89	1157.46
	486.92	0.00	14.96	1132.43
	486.93	0.00	15.01	1128.38
	486.95	0.00	15.10	1123.30
	486.96	0.00	15.23	1126.18
	486.97	0.00	15.31	1129.13
	486.98	0.00	15.29	1095.12
	486.99	0.00	15.33	1091.11
	487.00	0.00	15.32	1079.10
	487.02	0.00	15.32	1071.09
	487.03	0.00	15.30	1059.09
	487.04	0.00	15.28	1043.08
	487.05	0.00	15.29	1033.05
	487.06	0.00	15.30	1018.02
	487.07	0.00	15.53	1019.97
	487.09	0.00	15.55	995.91
	487.10	0.00	15.52	974.89
	487.11	0.00	15.51	924.88
	487.12	0.00	15.48	898.87
	487.13	0.00	15.43	867.86
	487.14	0.00	15.46	854.86
	487.16	0.00	15.35	856.86
	487.17	0.00	15.40	865.85
	487.18	0.00	15.38	855.85
	487.19	0.00	15.38	850.85
	487.20	0.00	15.35	840.85
	487.21	0.00	15.27	826.85
	487.23	0.00	15.11	813.85
	487.24	0.00	14.77	782.96
	487.25	0.00	14.47	740.04
	487.26	0.00	14.22	686.03
	487.27	0.00	14.28	701.03
	487.28	0.00	14.35	714.03
	487.29	0.00	14.39	720.02
	487.31	0.00	14.40	717.02
	487.32	0.00	14.41	720.03
	487.33	0.00	14.39	722.03
	487.34	0.00	14.37	719.03
	487.35	0.00	14.37	723.03
	487.36	0.00	14.37	725.04
	487.38	0.00	14.40	725.03
	487.39	0.00	14.40	729.04
	487.40	0.00	14.39	730.04
	487.41	0.00	14.41	734.04
	487.42	0.00	14.42	731.04
	487.43	0.00	14.40	732.04
	487.45	0.00	14.43	735.04
	487.46	0.00	14.42	735.04
	487.47	0.00	14.43	739.04
	487.48	0.00	14.45	743.04
	487.49	0.00	14.46	745.04
	487.50	0.00	14.46	750.04
	487.52	0.00	14.48	751.04
	487.53	0.00	14.48	749.04
	487.54	0.00	14.47	751.04
	487.55	0.00	14.49	748.04
	487.56	0.00	14.51	756.04
	487.57	0.00	14.52	759.04
	487.58	0.00	14.53	761.04
	487.60	0.00	14.55	762.03
	487.61	0.00	14.55	763.03
	487.62	0.00	14.55	766.03
	487.63	0.00	14.57	768.03
	487.64	0.00	14.57	768.03
	487.65	0.00	14.58	773.03
	487.67	0.00	14.62	778.03
	487.68	0.00	14.64	780.02
	487.69	0.00	14.62	781.03
	487.70	0.00	14.62	782.03
	487.71	0.00	14.63	778.02
	487.72	0.00	14.20	770.27
	487.73	0.00	13.96	739.28
	487.75	0.00	13.03	652.38
	487.76	0.00	11.73	620.55
	487.77	0.00	11.38	687.64
	487.78	0.00	11.14	741.74
	487.79	0.00	10.83	800.85
	487.80	0.00	10.79	846.93
	487.82	0.00	10.96	899.94
	487.83	0.00	11.16	930.95
	487.84	0.00	11.46	965.88
	487.85	0.00	11.57	1001.87
	487.86	0.00	11.65	1019.88
	487.87	0.00	11.81	1068.90
	487.89	0.00	11.90	1084.91
	487.90	0.00	12.01	1101.91
	487.91	0.00	12.06	1106.92
	487.92	0.00	12.12	1099.91
	487.93	0.00	12.21	1096.91
	487.94	0.00	12.23	1084.90
	487.96	0.00	12.25	1075.90
	487.97	0.00	12.33	1074.90
	487.98	0.00	12.36	1069.87
	487.99	0.00	12.42	1077.88
	488.00	0.00	12.47	1083.86
	488.01	0.00	12.52	1094.85
	488.03	0.00	12.57	1105.85
	488.04	0.00	12.60	1117.84
	488.05	0.00	12.62	1134.86
	488.06	0.00	12.68	1149.84
	488.07	0.00	12.69	1154.84
	488.08	0.00	12.77	1161.82
	488.10	0.00	12.82	1169.81
	488.11	0.00	12.91	1177.80
	488.12	0.00	12.97	1182.77
	488.13	0.00	13.02	1183.74
	488.14	0.00	13.09	1202.73
	488.16	0.00	13.15	1204.71
	488.17	0.00	13.20	1216.71
	488.18	0.00	13.26	1220.69
	488.19	0.00	13.30	1227.70
	488.20	0.00	13.37	1236.67
	488.21	0.00	13.40	1243.66
	488.22	0.00	13.44	1248.65
	488.24	0.00	13.47	1256.64
	488.25	0.00	13.49	1255.64
	488.26	0.00	13.50	1258.65
	488.27	0.00	13.54	1263.62
	488.28	0.00	13.57	1269.62
	488.29	0.00	13.55	1260.62
	488.30	0.00	13.55	1262.62
	488.32	0.00	13.55	1260.63
	488.33	0.00	13.53	1259.65
	488.34	0.00	13.54	1262.64
	488.35	0.00	13.54	1260.65
	488.36	0.00	13.57	1260.65
	488.38	0.00	13.59	1262.65
	488.39	0.00	13.62	1263.65
	488.40	0.00	13.62	1261.67
	488.41	0.00	13.66	1263.65
	488.42	0.00	13.67	1255.65
	488.43	0.00	13.75	1268.65
	488.45	0.00	13.78	1262.65
	488.46	0.00	13.83	1252.64
	488.47	0.00	13.90	1245.61
	488.48	0.00	13.98	1233.58
	488.49	0.00	14.02	1220.58
	488.50	0.00	14.10	1233.53
	488.52	0.00	14.23	1226.49
	488.53	0.00	14.38	1226.46
	488.54	0.00	14.48	1206.43
	488.55	0.00	14.57	1195.42
	488.56	0.00	14.84	1264.42
	488.57	0.00	14.95	1273.39
	488.58	0.00	15.19	1317.40
	488.60	0.00	15.23	1274.50
	488.61	0.00	15.40	1266.32
	488.62	0.00	15.47	1263.28
	488.63	0.00	15.61	1254.16
	488.64	0.00	15.63	1247.13
	488.66	0.00	15.64	1226.11
	488.67	0.00	15.66	1194.11
	488.68	0.00	15.69	1185.09
	488.69	0.00	15.72	1184.08
	488.70	0.00	15.76	1168.03
	488.71	0.00	15.80	1162.01
	488.73	0.00	15.81	1150.00
	488.74	0.00	15.84	1137.98
	488.75	0.00	15.84	1115.96
	488.76	0.00	15.78	1068.93
	488.77	0.00	15.73	1017.88
	488.78	0.00	15.68	996.88
	488.80	0.00	15.62	957.87
	488.81	0.00	15.55	919.86
	488.82	0.00	15.39	830.85
	488.83	0.00	15.21	761.84
	488.84	0.00	15.11	731.84
	488.85	0.00	15.08	719.84
	488.86	0.00	15.04	717.83
	488.88	0.00	14.76	688.83
	488.89	0.00	14.70	676.83
	488.90	0.00	14.69	670.82
	488.91	0.00	14.58	666.82
	488.92	0.00	14.43	658.84
	488.93	0.00	14.12	638.96
	488.95	0.00	13.98	621.99
	488.96	0.00	13.80	594.99
	488.97	0.00	13.84	604.00
	488.98	0.00	13.89	615.00
	488.99	0.00	13.92	619.00
	489.00	0.00	13.94	627.00
	489.02	0.00	13.94	629.01
	489.03	0.00	13.94	629.01
	489.04	0.00	13.97	635.01
	489.05	0.00	13.93	629.01
	489.06	0.00	13.93	632.02
	489.07	0.00	13.95	636.02
	489.08	0.00	14.00	644.02
	489.10	0.00	14.08	658.02
	489.11	0.00	14.18	681.03
	489.12	0.00	14.22	689.02
	489.13	0.00	14.32	711.03
	489.14	0.00	14.35	717.03
	489.15	0.00	14.40	727.03
	489.17	0.00	14.42	728.03
	489.18	0.00	14.46	737.02
	489.19	0.00	14.45	737.03
	489.20	0.00	14.41	733.03
	489.21	0.00	14.47	744.03
	489.22	0.00	14.49	751.04
	489.23	0.00	14.51	755.03
	489.25	0.00	14.49	754.04
	489.26	0.00	14.49	754.04
	489.27	0.00	14.52	758.03
	489.28	0.00	14.50	757.04
	489.29	0.00	14.51	754.03
	489.30	0.00	14.52	753.03
	489.32	0.00	14.52	757.03
	489.33	0.00	14.54	761.03
	489.34	0.00	14.54	764.04
	489.35	0.00	14.56	763.03
	489.36	0.00	14.59	767.03
	489.37	0.00	14.57	768.03
	489.39	0.00	14.57	769.03
	489.40	0.00	14.57	771.04
	489.41	0.00	14.57	772.04
	489.42	0.00	14.58	774.04
	489.43	0.00	14.58	775.04
	489.44	0.00	14.59	781.04
	489.45	0.00	14.60	778.04
	489.47	0.00	14.30	779.24
	489.48	0.00	14.15	742.18
	489.49	0.00	13.43	641.19
	489.50	0.00	12.96	656.31
	489.51	0.00	12.46	705.42
	489.52	0.00	11.98	751.52
	489.54	0.00	11.60	783.61
	489.55	0.00	11.33	831.69
	489.56	0.00	11.26	857.69
	489.57	0.00	11.32	882.70
	489.58	0.00	11.41	905.70
	489.59	0.00	11.62	937.68
	489.61	0.00	11.72	947.63
	489.62	0.00	11.77	977.60
	489.63	0.00	11.87	987.59
	489.64	0.00	11.98	1000.60
	489.65	0.00	12.07	1009.60
	489.66	0.00	12.17	1026.61
	489.67	0.00	12.23	1023.61
	489.69	0.00	12.24	1016.62
	489.70	0.00	12.29	1012.60
	489.71	0.00	12.33	1000.60
	489.72	0.00	12.40	999.59
	489.73	0.00	12.46	989.59
	489.75	0.00	12.49	990.59
	489.76	0.00	12.53	989.57
	489.77	0.00	12.55	987.58
	489.78	0.00	12.59	961.57
	489.79	0.00	12.68	967.57
	489.80	0.00	12.74	967.56
	489.82	0.00	12.75	986.57
	489.83	0.00	12.82	1006.57
	489.84	0.00	12.90	1015.58
	489.85	0.00	13.03	1027.57
	489.86	0.00	13.08	1036.58
	489.87	0.00	13.16	1044.58
	489.89	0.00	13.24	1050.58
	489.90	0.00	13.33	1077.58
	489.91	0.00	13.37	1085.58
	489.92	0.00	13.40	1112.58
	489.93	0.00	13.43	1113.58
	489.94	0.00	13.45	1119.58
	489.95	0.00	13.46	1125.58
	489.97	0.00	13.51	1135.57
	489.98	0.00	13.55	1149.57
	489.99	0.00	13.55	1152.58
	490.00	0.00	13.58	1158.57
	490.01	0.00	13.61	1159.57
	490.02	0.00	13.62	1170.57
	490.04	0.00	13.64	1173.56
	490.05	0.00	13.65	1179.56
	490.06	0.00	13.68	1182.53
	490.07	0.00	13.67	1194.56
	490.08	0.00	13.67	1195.56
	490.09	0.00	13.67	1202.56
	490.11	0.00	13.69	1211.56
	490.12	0.00	13.69	1218.56
	490.13	0.00	13.69	1219.57
	490.14	0.00	13.70	1222.57
	490.15	0.00	13.70	1221.56
	490.16	0.00	13.71	1223.56
	490.18	0.00	13.71	1224.56
	490.19	0.00	13.70	1226.56
	490.20	0.00	13.71	1226.56
	490.21	0.00	13.71	1227.57
	490.22	0.00	13.72	1226.56
	490.23	0.00	13.72	1222.56
	490.25	0.00	13.72	1227.56
	490.26	0.00	13.71	1226.56
	490.27	0.00	13.70	1223.56
	490.28	0.00	13.70	1224.57
	490.29	0.00	13.70	1224.57
	490.30	0.00	13.69	1216.56
	490.32	0.00	13.72	1229.56
	490.33	0.00	13.71	1221.56
	490.34	0.00	13.70	1217.56
	490.35	0.00	13.73	1227.57
	490.36	0.00	13.66	1198.56
	490.37	0.00	13.68	1199.56
	490.39	0.00	13.68	1197.57
	490.40	0.00	13.67	1190.57
	490.41	0.00	13.66	1179.57
	490.42	0.00	13.67	1172.57
	490.43	0.00	13.66	1163.57
	490.44	0.00	13.69	1170.57
	490.46	0.00	13.63	1151.57
	490.47	0.00	13.63	1120.57
	490.48	0.00	13.64	1118.57
	490.49	0.00	13.65	1110.57
	490.50	0.00	13.67	1105.57
	490.51	0.00	13.74	1084.57
	490.52	0.00	13.73	1095.56
	490.54	0.00	13.71	1065.56
	490.55	0.00	13.80	1038.56
	490.56	0.00	13.85	1026.55
	490.57	0.00	13.81	1032.54
	490.58	0.00	13.87	1031.54
	490.60	0.00	13.96	1003.53
	490.61	0.00	13.99	993.54
	490.62	0.00	14.03	989.53
	490.63	0.00	14.06	965.53
	490.64	0.00	14.10	958.51
	490.65	0.00	14.13	958.51
	490.66	0.00	14.12	952.51
	490.68	0.00	14.12	949.50
	490.69	0.00	14.11	945.50
	490.70	0.00	14.11	945.50
	490.71	0.00	14.08	943.51
	490.72	0.00	14.07	942.51
	490.73	0.00	14.06	942.51
	490.75	0.00	14.05	943.52
	490.76	0.00	14.05	942.51
	490.77	0.00	14.05	941.51
	490.78	0.00	14.04	941.51
	490.79	0.00	14.06	938.51
	490.80	0.00	14.04	937.51
	490.82	0.00	14.04	937.51
	490.83	0.00	14.05	935.51
	490.84	0.00	14.04	933.51
	490.85	0.00	14.01	934.52
	490.86	0.00	14.01	931.52
	490.87	0.00	13.99	932.53
	490.89	0.00	14.00	935.52
	490.90	0.00	14.01	936.52
	490.91	0.00	13.97	930.52
	490.92	0.00	13.98	934.52
	490.93	0.00	13.97	934.53
	490.94	0.00	13.96	934.53
	490.95	0.00	13.95	936.53
	490.97	0.00	13.93	937.54
	490.98	0.00	13.90	936.54
	490.99	0.00	13.91	940.54
	491.00	0.00	13.88	942.55
	491.01	0.00	13.87	941.55
	491.02	0.00	13.83	942.56
	491.04	0.00	13.82	943.56
	491.05	0.00	13.80	946.56
	491.06	0.00	13.74	949.57
	491.07	0.00	13.69	954.57
	491.08	0.00	13.65	956.57
	491.09	0.00	13.60	958.58
	491.10	0.00	13.59	960.57
	491.12	0.00	13.57	959.57
	491.13	0.00	13.56	965.58
	491.14	0.00	13.56	962.58
	491.15	0.00	13.54	961.58
	491.16	0.00	13.53	961.58
	491.17	0.00	13.53	961.58
	491.19	0.00	13.52	963.58
	491.20	0.00	13.51	961.58
	491.21	0.00	13.51	962.58
	491.22	0.00	13.50	961.58
	491.23	0.00	13.51	961.57
	491.24	0.00	13.48	957.58
	491.26	0.00	13.49	959.58
	491.27	0.00	13.49	958.58
	491.28	0.00	13.48	957.58
	491.29	0.00	13.49	961.58
	491.30	0.00	13.49	961.58
	491.31	0.00	13.48	960.58
	491.33	0.00	13.48	960.58
	491.34	0.00	13.46	960.59
	491.35	0.00	13.46	960.59
	491.36	0.00	13.45	961.59
	491.37	0.00	13.45	961.59
	491.38	0.00	13.45	961.59
	491.39	0.00	13.45	959.59
	491.41	0.00	13.45	960.59
	491.42	0.00	13.45	958.59
	491.43	0.00	13.45	957.59
	491.44	0.00	13.46	960.59
	491.45	0.00	13.46	960.60
	491.46	0.00	13.47	961.59
	491.48	0.00	13.47	960.59
	491.49	0.00	13.48	959.59
	491.50	0.00	13.47	959.59
	491.51	0.00	13.50	962.59
	491.52	0.00	13.50	962.59
	491.53	0.00	13.51	963.59
	491.55	0.00	13.51	962.59
	491.56	0.00	13.52	964.59
	491.57	0.00	13.55	967.59
	491.58	0.00	13.55	965.59
	491.59	0.00	13.56	965.59
	491.60	0.00	13.60	962.58
	491.61	0.00	13.62	962.58
	491.63	0.00	13.65	958.58
	491.64	0.00	13.68	959.57
	491.65	0.00	13.71	960.57
	491.66	0.00	13.71	961.57
	491.67	0.00	13.75	955.57
	491.68	0.00	13.76	956.57
	491.70	0.00	13.77	957.57
	491.71	0.00	13.77	958.57
	491.72	0.00	13.78	955.57
	491.73	0.00	13.78	957.57
	491.74	0.00	13.79	958.56
	491.75	0.00	13.78	954.56
	491.77	0.00	13.82	958.56
	491.78	0.00	13.82	956.56
	491.79	0.00	13.83	956.56
	491.80	0.00	13.83	953.56
	491.81	0.00	13.85	955.56
	491.82	0.00	13.90	954.52
	491.83	0.00	13.87	954.55
	491.85	0.00	13.86	954.56
	491.86	0.00	13.90	954.55
	491.87	0.00	13.92	953.55
	491.88	0.00	13.92	954.55
	491.89	0.00	13.94	953.55
	491.90	0.00	13.94	954.55
	491.92	0.00	13.95	952.55
	491.93	0.00	13.96	953.54
	491.94	0.00	13.97	951.54
	491.95	0.00	13.98	954.54
	491.96	0.00	13.97	953.54
	491.97	0.00	13.97	952.54
	491.98	0.00	13.98	954.54
	492.00	0.00	13.98	955.54
	492.01	0.00	13.96	975.55
	492.02	0.00	13.95	975.55
	492.03	0.00	13.97	976.54
	492.04	0.00	13.97	956.54
	492.05	0.00	13.97	979.54
	492.07	0.00	13.96	977.54
	492.08	0.00	13.98	981.54
	492.09	0.00	13.97	979.54
	492.10	0.00	13.95	978.56
	492.11	0.00	13.99	958.54
	492.12	0.00	13.98	979.54
	492.14	0.00	13.97	975.54
	492.15	0.00	13.98	979.54
	492.16	0.00	13.98	979.54
	492.17	0.00	13.98	980.54
	492.18	0.00	14.00	980.53
	492.19	0.00	14.00	980.53
	492.20	0.00	13.99	976.54
	492.22	0.00	14.02	981.53
	492.23	0.00	14.03	980.53
	492.24	0.00	14.02	978.53
	492.25	0.00	14.02	977.53
	492.26	0.00	14.02	978.53
	492.27	0.00	14.02	979.53
	492.29	0.00	14.03	980.53
	492.30	0.00	14.01	978.54
	492.31	0.00	14.05	984.53
	492.32	0.00	14.04	981.53
	492.33	0.00	14.25	1000.52
	492.34	0.00	14.26	1001.52
	492.36	0.00	14.25	1000.52
	492.37	0.00	14.25	1000.52
	492.38	0.00	14.25	1000.52
	492.39	0.00	14.24	998.53
	492.40	0.00	14.26	1000.52
	492.41	0.00	14.26	1000.52
	492.42	0.00	14.27	999.52
	492.44	0.00	14.28	1000.52
	492.45	0.00	14.29	999.52
	492.46	0.00	14.30	996.52
	492.47	0.00	14.29	999.52
	492.48	0.00	14.31	1000.52
	492.49	0.00	14.31	1001.52
	492.51	0.00	14.34	980.51
	492.52	0.00	14.31	999.51
	492.53	0.00	14.31	998.51
	492.54	0.00	14.33	980.51
	492.55	0.00	14.33	982.51
	492.56	0.00	14.34	981.51
	492.58	0.00	14.32	980.51
	492.59	0.00	14.34	980.51
	492.60	0.00	14.33	979.51
	492.61	0.00	14.33	980.51
	492.62	0.00	14.33	979.51
	492.63	0.00	14.33	980.51
	492.64	0.00	14.34	979.51
	492.66	0.00	14.38	980.47
	492.67	0.00	14.33	981.51
	492.68	0.00	14.32	978.51
	492.69	0.00	14.13	959.51
	492.70	0.00	14.35	980.51
	492.71	0.00	14.36	981.50
	492.73	0.00	14.35	981.51
	492.74	0.00	14.35	980.51
	492.75	0.00	14.35	981.51
	492.76	0.00	14.34	979.50
	492.77	0.00	14.34	981.51
	492.78	0.00	14.13	961.51
	492.80	0.00	14.34	982.51
	492.81	0.00	14.35	983.51
	492.82	0.00	14.35	982.50
	492.83	0.00	14.33	981.51
	492.84	0.00	14.34	983.51
	492.85	0.00	14.33	982.51
	492.86	0.00	14.31	976.51
	492.88	0.00	14.32	983.51
	492.89	0.00	14.34	983.51
	492.90	0.00	14.34	986.51
	492.91	0.00	14.33	983.51
	492.92	0.00	14.33	981.51
	492.93	0.00	14.34	982.50
	492.95	0.00	14.33	983.50
	492.96	0.00	14.34	983.50
	492.97	0.00	14.35	988.50
	492.98	0.00	14.34	983.50
	492.99	0.00	14.34	985.51
	493.00	0.00	14.34	984.51
	493.02	0.00	14.35	986.50
	493.03	0.00	14.34	983.50
	493.04	0.00	14.33	985.50
	493.05	0.00	14.35	986.50
	493.06	0.00	14.35	985.50
	493.07	0.00	14.33	984.50
	493.08	0.00	14.35	985.50
	493.10	0.00	14.35	986.50
	493.11	0.00	14.36	984.50
	493.12	0.00	14.36	985.50
	493.13	0.00	14.37	983.50
	493.14	0.00	14.35	982.50
	493.15	1.00	14.38	988.50
	493.17	1.00	14.37	983.50
	493.18	1.00	14.38	983.49
	493.19	1.00	14.39	985.49
	493.20	1.00	14.38	983.49
	493.21	1.00	14.38	983.49
	493.22	1.00	14.40	982.49
	493.23	1.00	14.42	983.48
	493.25	1.00	14.42	983.48
	493.26	1.00	14.41	981.48
	493.27	1.00	14.43	981.47
	493.28	1.00	14.45	982.47
	493.29	1.00	14.47	981.47
	493.30	1.00	14.49	979.46
	493.32	1.00	14.49	982.46
	493.33	1.00	14.51	982.46
	493.34	1.00	14.50	982.46
	493.35	1.00	14.48	981.47
	493.36	1.00	14.49	981.47
	493.37	0.00	14.49	979.47
	493.39	0.00	14.49	981.47
	493.40	0.00	14.49	980.47
	493.41	0.00	14.50	983.47
	493.42	0.00	14.48	979.47
	493.43	0.00	14.50	983.47
	493.44	0.00	14.50	983.47
	493.45	0.00	14.51	984.47
	493.47	0.00	14.48	983.47
	493.48	0.00	14.48	983.47
	493.49	0.00	14.48	985.47
	493.50	0.00	14.47	985.47
	493.51	0.00	14.46	986.47
	493.52	0.00	14.45	989.48
	493.54	0.00	14.44	990.48
	493.55	0.00	14.42	995.49
	493.56	0.00	14.41	1001.50
	493.57	0.00	14.39	1000.50
	493.58	0.00	14.37	1006.52
	493.59	0.00	14.32	1029.53
	493.61	0.00	14.29	1030.53
	493.62	0.00	14.25	1035.54
	493.63	0.00	14.21	1039.55
	493.64	0.00	14.18	1044.56
	493.65	0.00	14.13	1044.57
	493.66	0.00	14.07	1051.59
	493.67	0.00	13.81	1030.60
	493.69	0.00	13.77	1032.60
	493.70	0.00	13.77	1038.60
	493.71	0.00	13.74	1040.61
	493.72	0.00	13.70	1042.62
	493.73	0.00	13.70	1045.63
	493.75	0.00	13.66	1046.64
	493.76	0.00	13.70	1050.58
	493.77	0.00	13.63	1054.65
	493.78	0.00	13.60	1055.66
	493.79	0.00	13.57	1031.66
	493.80	0.00	13.58	1031.66
	493.81	0.00	13.56	1032.66
	493.83	0.00	13.53	1032.67
	493.84	0.00	13.51	1057.68
	493.85	0.00	13.50	1053.67
	493.86	0.00	13.50	1056.67
	493.87	0.00	13.54	1060.67
	493.88	0.00	13.56	1039.67
	493.89	0.00	13.59	1054.67
	493.91	0.00	13.62	1055.67
	493.92	0.00	13.66	1058.67
	493.93	0.00	13.72	1057.66
	493.94	0.00	13.76	1055.66
	493.95	0.00	13.79	1052.66
	493.97	0.00	13.87	1047.65
	493.98	0.00	13.96	1061.64
	493.99	0.00	14.22	1084.65
	494.00	0.00	14.33	1077.63
	494.01	0.00	14.41	1069.61
	494.02	0.00	14.47	1065.59
	494.03	0.00	14.56	1033.56
	494.05	0.00	14.66	1025.51
	494.06	0.00	14.81	993.35
	494.07	0.00	14.94	988.25
	494.08	0.00	15.09	984.15
	494.09	0.00	15.16	977.11
	494.10	0.00	15.22	965.08
	494.12	0.00	15.26	957.07
	494.13	0.00	15.25	948.04
	494.14	0.00	15.29	938.00
	494.15	0.00	15.25	911.97
	494.16	0.00	15.21	888.95
	494.17	0.00	15.03	802.94
	494.19	0.00	14.95	780.94
	494.20	0.00	14.86	763.94
	494.21	0.00	14.70	728.93
	494.22	0.00	14.21	664.93
	494.23	0.00	13.75	582.93
	494.24	0.00	13.40	527.92
	494.26	0.00	13.06	490.92
	494.27	0.00	13.09	487.91
	494.28	0.00	13.07	482.91
	494.29	0.00	13.10	478.90
	494.30	0.00	13.08	476.90
	494.31	0.00	13.34	503.90
	494.32	0.00	13.31	509.92
	494.34	0.00	13.62	552.94
	494.35	0.00	13.86	605.97
	494.36	0.00	13.87	612.99
	494.37	0.00	13.79	603.00
	494.38	0.00	13.73	592.99
	494.39	0.00	13.74	587.97
	494.41	0.00	13.81	600.98
	494.42	0.00	13.83	605.97
	494.43	0.00	13.78	600.97
	494.44	0.00	13.93	623.98
	494.45	0.00	13.93	631.99
	494.46	0.00	13.97	636.98
	494.48	0.00	13.89	630.99
	494.49	0.00	13.87	627.99
	494.50	0.00	13.90	639.99
	494.51	0.00	13.94	642.99
	494.52	0.00	13.98	650.99
	494.53	0.00	13.99	655.00
	494.54	0.00	14.08	674.00
	494.56	0.00	14.18	694.00
	494.57	0.00	14.28	712.00
	494.58	0.00	14.29	718.00
	494.59	0.00	14.36	729.00
	494.60	0.00	14.51	763.98
	494.61	0.00	14.64	791.97
	494.63	0.00	14.83	863.99
	494.64	0.00	14.97	906.99
	494.65	0.00	15.13	938.94
	494.66	0.00	15.23	954.90
	494.67	0.00	15.29	977.90
	494.68	0.00	15.36	1002.90
	494.70	0.00	15.37	1024.93
	494.71	0.00	15.36	1050.98
	494.72	0.00	15.36	1084.02
	494.73	0.00	15.39	1120.03
	494.74	0.00	15.37	1161.06
	494.75	0.00	15.27	1195.13
	494.77	0.00	15.11	1239.17
	494.78	0.00	14.96	1278.19
	494.79	0.00	14.90	1281.21
	494.80	0.00	14.84	1287.24
	494.81	0.00	14.80	1293.27
	494.82	0.00	14.74	1302.30
	494.83	0.00	14.62	1310.34
	494.85	0.00	14.51	1329.39
	494.86	0.00	14.43	1332.43
	494.87	0.00	14.27	1335.49
	494.88	0.00	14.22	1346.49
	494.89	0.00	14.14	1349.54
	494.91	0.00	14.04	1357.59
	494.92	0.00	13.97	1358.61
	494.93	0.00	13.90	1355.63
	494.94	0.00	13.83	1355.65
	494.95	0.00	13.72	1360.65
	494.96	0.00	13.63	1367.66
	494.98	0.00	13.54	1371.67
	494.99	0.00	13.42	1361.67
	495.00	0.00	13.34	1356.68
	495.01	0.00	13.23	1351.69
	495.02	0.00	13.12	1339.70
	495.03	0.00	13.04	1334.71
	495.05	0.00	12.98	1332.72
	495.06	0.00	12.96	1340.73
	495.07	0.00	12.92	1336.73
	495.08	0.00	12.87	1331.74
	495.09	0.00	12.83	1325.74
	495.10	0.00	12.83	1326.75
	495.11	0.00	12.83	1322.74
	495.13	0.00	12.82	1320.74
	495.14	0.00	12.81	1312.74
	495.15	0.00	12.81	1308.74
	495.16	0.00	12.81	1309.74
	495.17	0.00	12.85	1313.75
	495.19	0.00	12.91	1324.76
	495.20	0.00	12.95	1330.75
	495.21	0.00	13.00	1335.76
	495.22	0.00	13.04	1337.77
	495.23	0.00	13.09	1340.77
	495.24	0.00	13.13	1342.77
	495.26	0.00	13.21	1340.77
	495.27	0.00	13.24	1344.77
	495.28	0.00	13.28	1339.77
	495.29	0.00	13.32	1335.77
	495.30	0.00	13.33	1330.77
	495.31	0.00	13.44	1333.72
	495.33	0.00	13.42	1328.78
	495.34	0.00	13.44	1319.77
	495.35	0.00	13.47	1317.76
	495.36	0.00	13.47	1310.76
	495.37	0.00	13.48	1328.76
	495.38	0.00	13.48	1326.76
	495.39	0.00	13.48	1326.77
	495.41	0.00	13.50	1329.76
	495.42	0.00	13.45	1326.75
	495.43	0.00	13.46	1322.74
	495.44	0.00	13.45	1317.75
	495.45	0.00	13.43	1308.76
	495.47	0.00	13.42	1302.76
	495.48	0.00	13.44	1271.76
	495.49	0.00	13.46	1254.75
	495.50	0.00	13.48	1243.75
	495.51	0.00	13.54	1233.74
	495.52	0.00	13.60	1222.74
	495.54	0.00	13.64	1211.75
	495.55	0.00	13.76	1204.68
	495.56	0.00	13.84	1192.63
	495.57	0.00	13.94	1185.62
	495.58	0.00	14.00	1177.57
	495.59	0.00	14.01	1170.56
	495.61	0.00	14.03	1166.54
	495.62	0.00	14.06	1153.53
	495.63	0.00	14.09	1134.51
	495.64	0.00	14.16	1126.50
	495.65	0.00	14.31	1070.47
	495.67	0.00	14.45	1055.40
	495.68	0.00	14.66	1032.33
	495.69	0.00	14.79	1012.26
	495.70	0.00	14.90	988.17
	495.71	0.00	14.98	968.10
	495.72	0.00	14.94	934.07
	495.73	0.00	14.91	914.06
	495.75	0.00	14.85	892.06
	495.76	0.00	14.76	844.05
	495.77	0.00	14.70	820.04
	495.78	0.00	14.61	800.05
	495.79	0.00	14.59	797.05
	495.80	0.00	14.57	792.05
	495.82	0.00	14.55	792.05
	495.83	0.00	14.58	797.04
	495.84	0.00	14.60	797.02
	495.85	0.00	14.41	756.02
	495.86	0.00	14.43	764.03
	495.87	0.00	14.46	768.02
	495.89	0.00	14.48	771.02
	495.90	0.00	14.49	773.02
	495.91	0.00	14.49	778.02
	495.92	0.00	14.49	778.02
	495.93	0.00	14.50	779.02
	495.94	0.00	14.50	777.02
	495.95	0.00	14.51	782.02
	495.97	0.00	14.49	777.02
	495.98	0.00	14.48	776.02
	495.99	0.00	14.48	772.02
	496.00	0.00	14.49	772.01
	496.01	0.00	14.48	769.01
	496.02	0.00	14.49	771.01
	496.04	0.00	14.52	775.01
	496.05	0.00	14.53	777.01
	496.06	0.00	14.54	780.01
	496.07	0.00	14.63	798.99
	496.08	0.00	14.74	851.00
	496.09	0.00	14.84	906.04
	496.11	0.00	14.72	946.15
	496.12	0.00	14.54	982.25
	496.13	0.00	14.50	1020.29
	496.14	0.00	14.50	1047.31
	496.15	0.00	14.52	1084.33
	496.16	0.00	14.55	1130.35
	496.18	0.00	14.57	1158.37
	496.19	0.00	14.65	1212.38
	496.20	0.00	14.61	1262.39
	496.21	0.00	14.63	1295.40
	496.22	0.00	14.63	1305.41
	496.23	0.00	14.64	1322.41
	496.25	0.00	14.62	1328.42
	496.26	0.00	14.62	1331.43
	496.27	0.00	14.60	1353.43
	496.28	0.00	14.63	1354.43
	496.29	0.00	14.65	1341.43
	496.30	0.00	14.65	1366.43
	496.32	0.00	14.65	1366.43
	496.33	0.00	14.65	1367.43
	496.34	0.00	14.67	1373.43
	496.35	0.00	14.68	1373.43
	496.36	0.00	14.69	1376.43
	496.37	0.00	14.73	1358.43
	496.39	0.00	14.72	1381.43
	496.40	0.00	14.72	1387.44
	496.41	0.00	14.74	1392.43
	496.42	0.00	14.75	1400.44
	496.43	0.00	14.75	1403.44
	496.44	0.00	14.76	1406.44
	496.45	0.00	14.77	1412.44
	496.47	0.00	14.76	1417.45
	496.48	0.00	14.80	1420.42
	496.49	0.00	14.79	1420.44
	496.50	0.00	14.83	1417.43
	496.51	0.00	14.86	1417.43
	496.53	0.00	14.88	1416.43
	496.54	0.00	14.90	1416.42
	496.55	0.00	14.92	1414.43
	496.56	0.00	14.92	1418.42
	496.57	0.00	14.93	1419.41
	496.58	0.00	14.93	1419.41
	496.60	0.00	14.91	1419.42
	496.61	0.00	14.92	1424.42
	496.62	0.00	14.89	1425.43
	496.63	0.00	14.88	1424.43
	496.64	0.00	14.87	1429.43
	496.65	0.00	14.87	1427.43
	496.67	0.00	14.85	1429.43
	496.68	0.00	14.85	1429.43
	496.69	0.00	14.84	1428.43
	496.70	0.00	14.84	1426.44
	496.71	0.00	14.84	1423.43
	496.72	0.00	14.85	1417.43
	496.74	0.00	14.86	1411.43
	496.75	0.00	14.87	1403.43
	496.76	0.00	14.88	1398.43
	496.77	0.00	14.87	1396.43
	496.78	0.00	14.87	1399.44
	496.79	0.00	14.89	1397.43
	496.80	0.00	14.86	1394.44
	496.82	0.00	14.87	1395.44
	496.83	0.00	14.87	1389.44
	496.84	0.00	14.88	1389.44
	496.85	0.00	14.91	1364.44
	496.86	0.00	14.90	1361.44
	496.88	0.00	14.89	1357.44
	496.89	0.00	14.95	1329.44
	496.90	0.00	14.97	1319.43
	496.91	0.00	14.99	1307.42
	496.92	0.00	14.99	1303.42
	496.93	0.00	15.00	1298.41
	496.95	0.00	15.00	1292.41
	496.96	0.00	14.99	1284.41
	496.97	0.00	14.95	1275.41
	496.98	0.00	14.93	1275.41
	496.99	0.00	14.90	1270.42
	497.00	0.00	14.86	1266.43
	497.02	0.00	14.84	1262.43
	497.03	0.00	14.82	1256.44
	497.04	0.00	14.81	1250.43
	497.05	0.00	14.78	1241.44
	497.06	0.00	14.78	1243.44
	497.07	0.00	14.75	1239.44
	497.09	0.00	14.74	1238.44
	497.10	0.00	14.72	1233.45
	497.11	0.00	14.73	1232.42
	497.12	0.00	14.70	1230.45
	497.13	0.00	14.70	1231.45
	497.14	0.00	14.69	1229.45
	497.16	0.00	14.69	1228.45
	497.17	0.00	14.67	1225.46
	497.18	0.00	14.67	1227.46
	497.19	0.00	14.68	1225.46
	497.20	0.00	14.67	1223.46
	497.22	0.00	14.66	1220.46
	497.23	0.00	14.68	1227.46
	497.24	0.00	14.68	1228.46
	497.25	0.00	14.68	1230.46
	497.26	0.00	14.71	1238.46
	497.27	0.00	14.70	1240.47
	497.29	0.00	14.73	1246.46
	497.30	0.00	14.76	1251.46
	497.31	0.00	14.76	1255.46
	497.32	0.00	14.77	1256.46
	497.33	0.00	14.77	1258.46
	497.34	0.00	14.78	1260.46
	497.36	0.00	14.78	1259.46
	497.37	0.00	14.80	1261.46
	497.38	0.00	14.80	1263.46
	497.39	0.00	14.80	1261.45
	497.40	0.00	14.81	1263.45
	497.41	0.00	14.81	1261.45
	497.42	0.00	14.82	1263.45
	497.44	0.00	14.81	1264.46
	497.45	0.00	14.81	1267.45
	497.46	0.00	14.81	1270.45
	497.47	0.00	14.85	1270.45
	497.48	0.00	14.82	1273.45
	497.50	0.00	14.82	1276.45
	497.51	0.00	14.82	1276.45
	497.52	0.00	14.82	1279.46
	497.53	0.00	14.82	1280.45
	497.54	0.00	14.84	1287.45
	497.55	0.00	14.81	1280.46
	497.57	0.00	14.83	1284.45
	497.58	0.00	14.82	1285.45
	497.59	0.00	14.82	1288.46
	497.60	0.00	14.84	1287.45
	497.61	0.00	14.84	1290.46
	497.63	0.00	14.84	1291.46
	497.64	0.00	14.86	1294.45
	497.65	0.00	14.85	1294.45
	497.66	0.00	14.86	1296.45
	497.67	0.00	14.86	1299.45
	497.68	0.00	14.88	1300.45
	497.70	0.00	14.88	1301.45
	497.71	0.00	14.88	1300.45
	497.72	0.00	14.90	1302.44
	497.73	0.00	14.91	1302.44
	497.74	0.00	14.91	1307.44
	497.75	0.00	14.91	1306.44
	497.77	0.00	14.91	1307.44
	497.78	0.00	14.91	1310.44
	497.79	0.00	14.91	1309.44
	497.80	0.00	14.91	1310.44
	497.81	0.00	14.91	1310.44
	497.82	0.00	14.91	1312.44
	497.84	0.00	14.91	1315.44
	497.85	0.00	14.92	1314.44
	497.86	0.00	14.92	1314.44
	497.87	0.00	14.92	1314.44
	497.88	0.00	14.87	1338.44
	497.89	0.00	14.93	1318.44
	497.91	0.00	14.93	1318.44
	497.92	0.00	14.92	1321.45
	497.93	0.00	14.93	1321.44
	497.94	0.00	14.92	1314.44
	497.95	0.00	14.94	1323.44
	497.97	0.00	14.94	1322.44
	497.98	0.00	14.94	1324.44
	497.99	0.00	14.94	1323.44
	498.00	0.00	14.95	1323.44
	498.01	0.00	14.95	1322.44
	498.02	0.00	14.95	1321.44
	498.03	0.00	14.95	1324.44
	498.05	0.00	14.97	1327.44
	498.06	0.00	14.97	1326.44
	498.07	0.00	14.97	1328.44
	498.08	0.00	14.97	1328.44
	498.09	0.00	14.97	1329.44
	498.11	0.00	14.99	1328.43
	498.12	0.00	14.98	1329.44
	498.13	0.00	14.99	1329.43
	498.14	0.00	15.00	1330.43
	498.15	0.00	15.00	1332.43
	498.16	0.00	15.00	1330.43
	498.18	0.00	14.99	1330.43
	498.19	0.00	14.99	1330.43
	498.20	0.00	15.00	1332.43
	498.21	0.00	14.99	1331.43
	498.22	0.00	14.99	1334.43
	498.23	0.00	14.99	1330.43
	498.25	0.00	14.99	1331.43
	498.26	0.00	15.00	1333.43
	498.27	0.00	15.00	1333.43
	498.28	0.00	15.00	1334.43
	498.29	0.00	14.99	1335.43
	498.30	0.00	14.99	1334.44
	498.32	0.00	15.00	1334.43
	498.33	0.00	15.00	1333.43
	498.34	0.00	14.99	1332.43
	498.35	0.00	15.00	1338.43
	498.36	0.00	15.00	1336.43
	498.37	0.00	14.98	1332.43
	498.39	0.00	15.00	1338.43
	498.40	0.00	15.00	1337.43
	498.41	0.00	14.98	1338.45
	498.42	0.00	15.00	1337.43
	498.43	0.00	15.00	1340.43
	498.45	0.00	15.00	1335.43
	498.46	0.00	15.00	1338.43
	498.47	0.00	15.01	1341.43
	498.48	0.00	15.00	1338.43
	498.49	0.00	15.00	1339.43
	498.50	0.00	15.00	1339.43
	498.51	0.00	15.00	1340.43
	498.53	0.00	15.01	1339.43
	498.54	0.00	15.01	1341.43
	498.55	0.00	15.00	1340.43
	498.56	0.00	15.01	1340.43
	498.57	0.00	15.01	1338.43
	498.58	0.00	15.01	1339.43
	498.60	0.00	15.03	1339.41
	498.61	0.00	15.01	1340.43
	498.62	0.00	15.02	1341.43
	498.63	0.00	15.01	1340.43
	498.64	0.00	15.01	1340.43
	498.66	0.00	15.02	1342.43
	498.67	0.00	15.01	1341.43
	498.68	0.00	15.02	1342.43
	498.69	0.00	15.01	1341.43
	498.70	0.00	15.03	1343.42
	498.71	0.00	15.01	1340.43
	498.73	0.00	15.02	1344.43
	498.74	0.00	15.02	1342.43
	498.75	0.00	15.02	1340.43
	498.76	0.00	15.03	1342.43
	498.77	0.00	15.03	1344.43
	498.78	0.00	15.02	1341.43
	498.80	0.00	15.02	1340.43
	498.81	0.00	15.03	1342.43
	498.82	0.00	15.01	1336.43
	498.83	0.00	15.03	1343.43
	498.84	0.00	15.03	1342.43
	498.85	0.00	15.03	1343.43
	498.87	0.00	15.03	1342.43
	498.88	0.00	15.03	1341.43
	498.89	0.00	15.04	1341.43
	498.90	0.00	15.05	1342.42
	498.91	0.00	15.05	1340.42
	498.92	0.00	15.05	1337.42
	498.94	0.00	15.06	1339.42
	498.95	0.00	15.05	1340.42
	498.96	0.00	15.05	1340.42
	498.97	0.00	15.06	1339.42
	498.98	0.00	15.06	1339.42
	499.00	0.00	15.05	1340.43
	499.01	0.00	15.04	1336.42
	499.02	0.00	15.05	1340.42
	499.03	0.00	15.05	1341.42
	499.04	0.00	15.06	1340.42
	499.05	0.00	15.04	1338.42
	499.06	0.00	15.06	1343.42
	499.08	0.00	15.05	1342.42
	499.09	0.00	15.05	1340.43
	499.10	0.00	15.06	1340.42
	499.11	0.00	15.06	1340.42
	499.12	0.00	15.06	1340.42
	499.14	0.00	15.06	1343.42
	499.15	0.00	15.05	1342.42
	499.16	0.00	15.05	1342.42
	499.17	0.00	15.06	1341.42
	499.18	0.00	15.06	1343.42
	499.19	0.00	15.05	1341.43
	499.20	0.00	15.07	1344.42
	499.22	0.00	15.06	1343.42
	499.23	0.00	15.06	1342.42
	499.24	0.00	15.05	1341.42
	499.25	0.00	15.07	1343.42
	499.26	0.00	15.07	1340.42
	499.27	0.00	15.06	1341.42
	499.29	0.00	15.06	1342.42
	499.30	0.00	15.07	1344.42
	499.31	0.00	15.06	1344.42
	499.32	0.00	15.06	1340.42
	499.33	0.00	15.06	1341.42
	499.35	0.00	15.06	1339.42
	499.36	0.00	15.06	1342.42
	499.37	0.00	15.06	1343.42
	499.38	0.00	15.07	1340.42
	499.39	0.00	15.08	1340.42
	499.40	0.00	15.06	1342.42
	499.42	0.00	15.07	1341.41
	499.43	0.00	15.07	1342.42
	499.44	0.00	15.07	1340.42
	499.45	0.00	15.06	1342.42
	499.46	0.00	15.07	1341.42
	499.47	0.00	15.11	1340.37
	499.49	0.00	15.08	1343.39
	499.50	0.00	15.06	1341.42
	499.51	0.00	15.07	1343.42
	499.52	0.00	15.06	1341.42
	499.53	0.00	15.05	1342.42
	499.55	0.00	15.06	1343.42
	499.56	0.00	15.05	1342.42
	499.57	1.00	15.06	1340.41
	499.58	1.00	15.07	1345.42
	499.59	1.00	15.06	1345.42
	499.60	1.00	15.06	1342.42
	499.61	1.00	15.05	1345.42
	499.63	1.00	15.05	1345.42
	499.64	1.00	15.05	1344.42
	499.65	1.00	15.05	1344.42
	499.66	1.00	15.05	1344.42
	499.67	1.00	15.04	1342.42
	499.69	1.00	15.08	1341.42
	499.70	1.00	15.05	1345.42
	499.71	1.00	15.05	1346.42
	499.72	1.00	15.05	1345.42
	499.73	1.00	15.05	1343.42
	499.74	1.00	15.08	1344.37
	499.76	1.00	15.04	1341.42
	499.77	1.00	15.05	1347.42
	499.78	1.00	15.04	1343.42
	499.79	0.00	15.04	1345.42
	499.80	0.00	15.05	1346.42
	499.81	0.00	15.04	1340.42
	499.83	0.00	15.05	1344.42
	499.84	0.00	15.06	1343.42
	499.85	0.00	15.07	1342.42
	499.86	0.00	15.07	1341.42
	499.87	0.00	15.07	1344.42
	499.89	0.00	15.08	1341.41
	499.90	0.00	15.07	1341.42
	499.91	0.00	15.06	1340.42
	499.92	0.00	15.08	1342.41
	499.93	0.00	15.08	1342.41
	499.94	0.00	15.07	1341.42
	499.95	0.00	15.08	1342.42
	499.97	0.00	15.08	1341.41
	499.98	0.00	15.08	1341.41
	499.99	0.00	15.08	1342.41
	500.00	0.00	15.08	1348.41
	500.01	0.00	15.08	1343.42
	500.02	0.00	15.07	1344.41
	500.04	0.00	15.07	1344.41
	500.05	0.00	15.07	1343.42
	500.06	0.00	15.06	1348.42
	500.07	0.00	15.05	1345.42
	500.08	0.00	15.05	1345.42
	500.09	0.00	15.05	1345.42
	500.11	0.00	15.05	1347.42
	500.12	0.00	15.05	1346.42
	500.13	0.00	15.04	1348.42
	500.14	0.00	15.05	1350.42
	500.15	0.00	15.04	1346.42
	500.17	0.00	15.04	1347.42
	500.18	0.00	15.03	1348.42
	500.19	0.00	15.04	1349.42
	500.20	0.00	15.04	1350.42
	500.21	0.00	15.02	1350.43
	500.22	0.00	15.03	1348.42
	500.23	0.00	15.02	1350.43
	500.25	0.00	15.00	1346.43
	500.26	0.00	15.01	1351.43
	500.27	0.00	15.01	1351.43
	500.28	0.00	15.01	1352.43
	500.29	0.00	15.00	1352.43
	500.30	0.00	15.00	1352.43
	500.32	0.00	14.99	1352.45
	500.33	0.00	14.99	1352.44
	500.34	0.00	14.99	1354.44
	500.35	0.00	14.97	1346.44
	500.36	0.00	14.92	1373.44
	500.38	0.00	14.92	1375.44
	500.39	0.00	14.92	1373.44
	500.40	0.00	14.92	1372.44
	500.41	0.00	14.91	1374.45
	500.42	0.00	14.91	1373.45
	500.43	0.00	14.90	1373.45
	500.45	0.00	14.91	1376.45
	500.46	0.00	14.90	1375.45
	500.47	0.00	14.91	1374.45
	500.48	0.00	14.90	1374.45
	500.49	0.00	14.90	1374.45
	500.51	0.00	14.90	1374.45
	500.52	0.00	14.91	1378.45
	500.53	0.00	14.90	1375.45
	500.54	0.00	14.90	1375.45
	500.55	0.00	14.90	1373.45
	500.56	0.00	14.89	1377.45
	500.58	0.00	14.89	1374.45
	500.59	0.00	14.89	1375.46
	500.60	0.00	14.90	1374.45
	500.61	0.00	14.88	1377.45
	500.62	0.00	14.89	1377.46
	500.63	0.00	14.88	1377.46
	500.64	0.00	14.86	1375.46
	500.66	0.00	14.87	1377.46
	500.67	0.00	14.87	1377.46
	500.68	0.00	14.85	1378.47
	500.69	0.00	14.87	1380.46
	500.70	0.00	14.87	1381.46
	500.72	0.00	14.86	1378.46
	500.73	0.00	14.86	1377.46
	500.74	0.00	14.85	1374.46
	500.75	0.00	14.87	1376.46
	500.76	0.00	14.86	1375.47
	500.77	0.00	14.87	1376.47
	500.79	0.00	14.86	1378.46
	500.80	0.00	14.88	1379.46
	500.81	0.00	14.87	1376.46
	500.82	0.00	14.88	1373.46
	500.83	0.00	14.88	1376.46
	500.85	0.00	14.88	1375.46
	500.86	0.00	14.88	1375.46
	500.87	0.00	14.89	1371.46
	500.88	0.00	14.86	1363.46
	500.89	0.00	14.89	1372.46
	500.90	0.00	14.89	1372.46
	500.92	0.00	14.89	1371.46
	500.93	0.00	14.89	1372.46
	500.94	0.00	14.91	1373.43
	500.95	0.00	14.89	1373.46
	500.96	0.00	14.89	1371.46
	500.97	0.00	14.88	1370.46
	500.98	0.00	14.89	1372.46
	501.00	0.00	14.89	1372.46
	501.01	0.00	14.89	1374.46
	501.02	0.00	14.89	1372.46
	501.03	0.00	14.89	1373.45
	501.04	0.00	14.88	1373.46
	501.06	0.00	14.87	1373.46
	501.07	0.00	14.88	1373.46
	501.08	0.00	14.88	1374.46
	501.09	0.00	14.88	1372.46
	501.10	0.00	14.88	1372.46
	501.11	0.00	14.91	1373.43
	501.13	0.00	14.89	1373.46
	501.14	0.00	14.89	1373.46
	501.15	0.00	14.89	1375.46
	501.16	0.00	14.90	1372.45
	501.17	0.00	14.89	1371.46
	501.19	0.00	14.88	1373.46
	501.20	0.00	14.88	1374.46
	501.21	0.00	14.87	1376.46
	501.22	0.00	14.86	1377.46
	501.23	0.00	14.84	1381.46
	501.24	0.00	14.83	1379.47
	501.26	0.00	14.82	1382.47
	501.27	0.00	14.80	1386.47
	501.28	0.00	14.77	1391.48
	501.29	0.00	14.67	1401.49
	501.30	0.00	14.62	1406.50
	501.31	0.00	14.55	1415.52
	501.33	0.00	14.46	1420.53
	501.34	0.00	14.35	1421.55
	501.35	0.00	14.19	1421.56
	501.36	0.00	13.84	1338.57
	501.37	0.00	13.42	1243.57
	501.38	0.00	12.85	1114.56
	501.40	0.00	12.61	1080.58
	501.41	0.00	12.58	1083.58
	501.42	0.00	12.46	1050.58
	501.43	0.00	12.43	1069.58
	501.44	0.00	12.41	1068.58
	501.45	0.00	12.41	1071.58
	501.47	0.00	12.41	1073.58
	501.48	0.00	12.41	1076.58
	501.49	0.00	12.41	1083.58
	501.50	0.00	12.39	1083.58
	501.51	0.00	12.39	1085.58
	501.52	0.00	12.38	1089.58
	501.54	0.00	12.39	1094.57
	501.55	0.00	12.46	1102.53
	501.56	0.00	12.52	1111.52
	501.57	0.00	12.58	1121.56
	501.58	0.00	12.64	1128.56
	501.60	0.00	12.74	1142.55
	501.61	0.00	12.78	1149.55
	501.62	0.00	12.81	1149.55
	501.63	0.00	12.89	1148.52
	501.64	0.00	12.90	1150.55
	501.65	0.00	12.95	1147.55
	501.66	0.00	12.96	1143.55
	501.68	0.00	12.98	1141.55
	501.69	0.00	13.04	1135.55
	501.70	0.00	13.07	1129.55
	501.71	0.00	13.09	1121.56
	501.72	0.00	13.17	1121.55
	501.73	0.00	13.25	1117.55
	501.75	0.00	13.37	1123.55
	501.76	0.00	13.49	1116.54
	501.77	0.00	13.70	1106.53
	501.78	0.00	13.96	1098.49
	501.79	0.00	14.23	1073.44
	501.80	0.00	14.60	1070.32
	501.82	0.00	14.93	1043.18
	501.83	0.00	15.04	1039.12
	501.84	0.00	15.08	1028.11
	501.85	0.00	15.31	1044.10
	501.86	0.00	15.29	1022.09
	501.87	0.00	15.26	997.08
	501.89	0.00	15.00	928.05
	501.90	0.00	14.90	889.04
	501.91	0.00	14.81	855.04
	501.92	0.00	14.73	824.04
	501.93	0.00	14.64	813.06
	501.94	0.00	14.57	805.08
	501.96	0.00	14.44	780.09
	501.97	0.00	13.98	678.06
	501.98	0.00	14.32	741.06
	501.99	0.00	14.38	752.06
	502.00	0.00	14.37	758.06
	502.01	0.00	14.36	756.06
	502.02	0.00	14.41	762.06
	502.04	0.00	14.40	762.05
	502.05	0.00	14.43	768.06
	502.06	0.00	14.42	765.06
	502.07	0.00	14.42	764.06
	502.08	0.00	14.41	763.06
	502.09	0.00	14.41	764.05
	502.11	0.00	14.41	764.05
	502.12	0.00	14.44	770.05
	502.13	0.00	14.44	766.05
	502.14	0.00	14.44	769.06
	502.15	0.00	14.46	770.05
	502.16	0.00	14.47	772.05
	502.18	0.00	14.47	777.05
	502.19	0.00	14.51	782.05
	502.20	0.00	14.55	792.04
	502.21	0.00	14.54	796.05
	502.22	0.00	14.57	795.05
	502.23	0.00	14.59	805.05
	502.25	0.00	14.59	807.05
	502.26	0.00	14.39	805.16
	502.27	0.00	14.04	762.21
	502.28	0.00	13.62	728.28
	502.29	0.00	13.12	718.37
	502.30	0.00	12.60	797.55
	502.32	0.00	11.83	847.72
	502.33	0.00	11.47	861.76
	502.34	0.00	11.68	924.80
	502.35	0.00	11.36	887.81
	502.36	0.00	11.43	900.79
	502.37	0.00	11.44	911.81
	502.38	0.00	11.44	909.80
	502.40	0.00	11.54	910.75
	502.41	0.00	11.75	953.73
	502.42	0.00	11.69	967.72
	502.43	0.00	11.70	978.73
	502.44	0.00	11.82	1010.74
	502.45	0.00	11.96	1028.72
	502.47	0.00	12.04	1046.76
	502.48	0.00	12.16	1060.76
	502.49	0.00	12.34	1093.76
	502.50	0.00	12.45	1097.76
	502.51	0.00	12.67	1121.75
	502.52	0.00	12.88	1139.74
	502.54	0.00	12.98	1149.74
	502.55	0.00	13.11	1143.73
	502.56	0.00	13.26	1146.71
	502.57	0.00	13.41	1147.68
	502.58	0.00	13.52	1140.67
	502.59	0.00	13.61	1148.64
	502.61	0.00	13.74	1148.62
	502.62	0.00	13.81	1152.60
	502.63	0.00	13.86	1158.58
	502.64	0.00	13.90	1163.57
	502.65	0.00	13.92	1158.56
	502.66	0.00	13.93	1160.56
	502.68	0.00	13.96	1160.55
	502.69	0.00	13.96	1159.56
	502.70	0.00	13.97	1163.56
	502.71	0.00	13.96	1158.56
	502.72	0.00	13.96	1157.56
	502.73	0.00	13.96	1161.56
	502.75	0.00	13.94	1164.57
	502.76	0.00	13.95	1165.57
	502.77	0.00	13.86	1174.59
	502.78	0.00	13.83	1179.60
	502.79	0.00	13.78	1185.61
	502.80	0.00	13.74	1192.62
	502.82	0.00	13.72	1195.58
	502.83	0.00	13.65	1202.63
	502.84	0.00	13.60	1207.64
	502.85	0.00	13.57	1210.65
	502.86	0.00	13.58	1218.65
	502.87	0.00	13.59	1223.65
	502.89	0.00	13.62	1226.65
	502.90	0.00	13.65	1234.65
	502.91	0.00	13.67	1254.65
	502.92	0.00	13.74	1267.65
	502.93	0.00	13.82	1287.65
	502.94	0.00	13.91	1299.64
	502.96	0.00	13.97	1309.64
	502.97	0.00	14.10	1340.62
	502.98	0.00	14.17	1339.61
	502.99	0.00	14.42	1372.60
	503.00	0.00	14.49	1372.59
	503.01	0.00	14.60	1374.57
	503.02	0.00	14.74	1367.48
	503.04	0.00	14.90	1360.39
	503.05	0.00	15.07	1344.34
	503.06	0.00	15.21	1324.28
	503.07	0.00	15.32	1295.25
	503.08	0.00	15.41	1309.21
	503.10	0.00	15.55	1293.18
	503.11	0.00	15.61	1291.14
	503.12	0.00	15.66	1295.13
	503.13	0.00	15.70	1287.12
	503.14	0.00	15.74	1265.11
	503.15	0.00	15.78	1259.10
	503.16	0.00	15.80	1258.09
	503.18	0.00	15.81	1245.08
	503.19	0.00	15.84	1239.08
	503.20	0.00	15.85	1234.06
	503.21	0.00	15.88	1217.05
	503.22	0.00	15.88	1206.05
	503.23	0.00	15.89	1199.05
	503.25	0.00	15.91	1192.04
	503.26	0.00	15.92	1177.02
	503.27	0.00	15.93	1168.00
	503.28	0.00	15.94	1150.98
	503.29	0.00	16.02	1147.92
	503.30	0.00	16.06	1130.89
	503.32	0.00	16.06	1105.88
	503.33	0.00	16.03	1074.87
	503.34	0.00	15.93	1023.86
	503.35	0.00	15.78	934.85
	503.36	0.00	15.66	854.85
	503.37	0.00	15.62	826.84
	503.39	0.00	15.58	808.84
	503.40	0.00	15.59	789.83
	503.41	0.00	15.66	806.83
	503.42	0.00	15.75	824.82
	503.43	0.00	15.66	818.82
	503.44	0.00	15.51	790.82
	503.45	0.00	15.44	787.82
	503.47	0.00	15.36	777.82
	503.48	0.00	15.29	767.82
	503.49	0.00	14.96	740.82
	503.50	0.00	14.77	730.84
	503.51	0.00	14.40	701.98
	503.52	0.00	14.29	701.02
	503.54	0.00	14.17	679.02
	503.55	0.00	14.21	679.00
	503.56	0.00	14.26	687.00
	503.57	0.00	14.26	694.01
	503.58	0.00	14.29	696.01
	503.59	0.00	14.28	698.01
	503.61	0.00	14.26	697.02
	503.62	0.00	14.24	693.02
	503.63	0.00	14.21	681.02
	503.64	0.00	14.17	680.03
	503.65	0.00	14.18	683.03
	503.66	0.00	14.22	693.03
	503.67	0.00	14.21	698.04
	503.69	0.00	14.18	692.04
	503.70	0.00	14.15	684.03
	503.71	0.00	14.18	691.03
	503.72	0.00	14.23	699.03
	503.73	0.00	14.21	698.04
	503.74	0.00	14.22	700.04
	503.76	0.00	14.26	711.05
	503.77	0.00	14.29	717.05
	503.78	0.00	14.35	725.05
	503.79	0.00	14.34	726.05
	503.80	0.00	14.34	729.05
	503.81	0.00	14.40	738.05
	503.83	0.00	14.43	748.05
	503.84	0.00	14.45	750.04
	503.85	0.00	14.47	753.04
	503.86	0.00	14.49	759.04
	503.87	0.00	14.52	761.03
	503.88	0.00	14.55	766.02
	503.89	0.00	14.60	772.02
	503.91	0.00	14.64	778.01
	503.92	0.00	14.66	787.01
	503.93	0.00	14.68	788.01
	503.94	0.00	14.69	790.01
	503.95	0.00	14.69	791.01
	503.96	0.00	14.70	789.00
	503.98	0.00	14.70	790.00
	503.99	0.00	14.32	793.26
	504.00	0.00	14.17	796.25
	504.01	0.00	13.58	763.41
	504.02	0.00	12.86	758.47
	504.03	0.00	11.85	709.50
	504.05	0.00	11.06	713.62
	504.06	0.00	10.76	769.72
	504.07	0.00	10.70	828.82
	504.08	0.00	10.78	886.83
	504.09	0.00	10.91	930.83
	504.10	0.00	11.09	982.83
	504.11	0.00	11.31	1035.74
	504.13	0.00	11.44	1056.71
	504.14	0.00	11.51	1075.72
	504.15	0.00	11.56	1084.72
	504.16	0.00	11.65	1116.71
	504.17	0.00	11.71	1121.71
	504.19	0.00	11.76	1120.71
	504.20	0.00	11.80	1120.70
	504.21	0.00	11.84	1123.70
	504.22	0.00	11.89	1130.68
	504.23	0.00	11.96	1141.67
	504.24	0.00	12.02	1148.65
	504.26	0.00	12.09	1158.61
	504.27	0.00	12.14	1176.59
	504.28	0.00	12.18	1185.58
	504.29	0.00	12.20	1203.58
	504.30	0.00	12.22	1219.59
	504.31	0.00	12.20	1228.59
	504.33	0.00	12.28	1242.60
	504.34	0.00	12.24	1245.60
	504.35	0.00	12.24	1251.61
	504.36	0.00	12.23	1254.61
	504.37	0.00	12.23	1254.61
	504.38	0.00	12.20	1254.62
	504.39	0.00	12.19	1253.63
	504.41	0.00	12.20	1253.64
	504.42	0.00	12.21	1250.64
	504.43	0.00	12.24	1244.64
	504.44	0.00	12.28	1236.64
	504.45	0.00	12.27	1234.66
	504.47	0.00	12.28	1230.66
	504.48	0.00	12.30	1226.67
	504.49	0.00	12.31	1222.67
	504.50	0.00	12.31	1215.68
	504.51	0.00	12.30	1203.69
	504.52	0.00	12.29	1195.71
	504.54	0.00	12.33	1187.71
	504.55	0.00	12.33	1175.73
	504.56	0.00	12.46	1176.75
	504.57	0.00	12.58	1165.75
	504.58	0.00	12.68	1154.76
	504.59	0.00	12.73	1151.77
	504.61	0.00	12.80	1186.82
	504.62	0.00	12.80	1201.84
	504.63	0.00	12.85	1212.85
	504.64	0.00	12.89	1220.85
	504.65	0.00	12.93	1220.84
	504.66	0.00	13.04	1222.79
	504.68	0.00	13.11	1227.79
	504.69	0.00	13.20	1231.78
	504.70	0.00	13.30	1230.77
	504.71	0.00	13.40	1230.76
	504.72	0.00	13.48	1227.76
	504.73	0.00	13.59	1222.75
	504.75	0.00	13.68	1222.74
	504.76	0.00	13.78	1247.73
	504.77	0.00	13.81	1241.73
	504.78	0.00	13.86	1247.72
	504.79	0.00	13.89	1254.72
	504.80	0.00	13.95	1253.71
	504.82	0.00	13.99	1253.73
	504.83	0.00	14.02	1244.71
	504.84	0.00	14.27	1308.70
	504.85	0.00	14.17	1225.70
	504.86	0.00	14.47	1208.68
	504.87	0.00	14.58	1215.67
	504.89	0.00	14.65	1213.65
	504.90	0.00	14.73	1211.61
	504.91	0.00	14.77	1200.64
	504.92	0.00	14.79	1200.68
	504.93	0.00	14.86	1187.66
	504.94	0.00	15.12	1178.40
	504.95	0.00	15.42	1158.18
	504.97	0.00	15.47	1128.14
	504.98	0.00	15.53	1128.12
	504.99	0.00	15.57	1120.09
	505.00	0.00	15.68	1121.04
	505.01	0.00	15.70	1109.02
	505.02	0.00	15.77	1098.97
	505.04	0.00	15.81	1076.92
	505.05	0.00	15.79	1054.90
	505.06	0.00	15.74	1007.88
	505.07	0.00	15.70	966.88
	505.08	0.00	15.66	919.87
	505.10	0.00	15.57	877.86
	505.11	0.00	15.48	832.86
	505.12	0.00	15.48	818.85
	505.13	0.00	15.37	793.84
	505.14	0.00	15.42	819.84
	505.15	0.00	15.38	815.84
	505.17	0.00	15.10	782.84
	505.18	0.00	14.97	775.84
	505.19	0.00	14.73	753.87
	505.20	0.00	14.34	715.01
	505.21	0.00	14.19	702.05
	505.22	0.00	13.95	665.10
	505.23	0.00	14.13	708.19
	505.25	0.00	13.98	638.00
	505.26	0.00	14.09	667.01
	505.27	0.00	14.14	683.03
	505.28	0.00	14.13	690.06
	505.29	0.00	14.05	691.12
	505.30	0.00	14.01	688.14
	505.32	0.00	13.92	672.12
	505.33	0.00	13.87	693.22
	505.34	0.00	14.14	746.25
	505.35	0.00	14.17	751.23
	505.36	0.00	14.25	753.18
	505.37	0.00	14.26	752.17
	505.38	0.00	14.27	756.19
	505.40	0.00	14.25	759.20
	505.41	0.00	14.23	755.21
	505.42	0.00	14.25	760.21
	505.43	0.00	14.25	761.21
	505.44	0.00	14.25	763.22
	505.45	0.00	14.25	760.21
	505.47	0.00	14.26	761.20
	505.48	0.00	14.27	762.20
	505.49	0.00	14.26	759.20
	505.50	0.00	14.26	761.20
	505.51	0.00	14.29	764.19
	505.52	0.00	14.30	765.19
	505.54	0.00	14.29	761.18
	505.55	0.00	14.30	764.18
	505.56	0.00	14.31	766.18
	505.57	0.00	14.35	756.12
	505.58	0.00	14.49	769.05
	505.59	0.00	14.48	767.05
	505.61	0.00	14.50	768.04
	505.62	0.00	14.51	766.03
	505.63	0.00	14.52	772.04
	505.64	0.00	14.57	777.02
	505.65	0.00	14.57	781.03
	505.66	0.00	14.58	780.03
	505.67	0.00	14.60	785.03
	505.69	0.00	14.61	787.03
	505.70	0.00	14.44	785.13
	505.71	0.00	14.20	773.19
	505.72	0.00	13.56	692.20
	505.73	0.00	12.44	617.34
	505.75	0.00	11.60	661.50
	505.76	0.00	11.30	706.59
	505.77	0.00	11.18	763.68
	505.78	0.00	10.97	828.78
	505.79	0.00	10.92	865.84
	505.80	0.00	11.10	901.83
	505.81	0.00	11.32	959.79
	505.83	0.00	11.51	972.71
	505.84	0.00	11.69	1010.72
	505.85	0.00	11.89	1062.74
	505.86	0.00	12.03	1105.74
	505.87	0.00	12.11	1097.74
	505.88	0.00	12.21	1117.74
	505.89	0.00	12.23	1103.74
	505.91	0.00	12.28	1067.73
	505.92	0.00	12.31	1054.73
	505.93	0.00	12.35	1043.73
	505.94	0.00	12.39	1033.72
	505.95	0.00	12.41	1023.72
	505.97	0.00	12.46	1016.72
	505.98	0.00	12.49	1016.72
	505.99	0.00	12.51	1017.72
	506.00	0.00	12.57	1018.65
	506.01	0.00	12.51	1023.74
	506.02	0.00	12.59	1024.72
	506.04	0.00	12.60	1053.72
	506.05	0.00	12.63	1058.72
	506.06	0.00	12.65	1063.73
	506.07	0.00	12.67	1062.73
	506.08	0.00	12.73	1084.72
	506.09	0.00	12.76	1093.72
	506.11	0.00	12.80	1077.72
	506.12	0.00	12.86	1101.72
	506.13	0.00	12.92	1108.72
	506.14	0.00	12.98	1115.71
	506.15	0.00	13.06	1115.67
	506.16	0.00	13.18	1129.66
	506.17	0.00	13.28	1145.65
	506.19	0.00	13.36	1154.65
	506.20	0.00	13.44	1162.64
	506.21	0.00	13.51	1191.64
	506.22	0.00	13.57	1200.63
	506.23	0.00	13.66	1210.62
	506.25	0.00	13.64	1212.61
	506.26	0.00	13.68	1222.61
	506.27	0.00	13.72	1219.61
	506.28	0.00	13.77	1229.60
	506.29	0.00	13.78	1227.60
	506.30	0.00	13.84	1233.60
	506.32	0.00	13.87	1237.59
	506.33	0.00	14.05	1259.59
	506.34	0.00	14.09	1262.59
	506.35	0.00	14.12	1255.59
	506.36	0.00	14.16	1260.59
	506.37	0.00	14.18	1263.59
	506.39	0.00	14.21	1270.59
	506.40	0.00	14.23	1268.59
	506.41	0.00	14.26	1260.58
	506.42	0.00	14.30	1264.59
	506.43	0.00	14.34	1256.58
	506.44	0.00	14.40	1253.56
	506.45	0.00	14.44	1252.54
	506.47	0.00	14.49	1238.52
	506.48	0.00	14.51	1229.51
	506.49	0.00	14.52	1226.52
	506.50	0.00	14.52	1223.52
	506.51	0.00	14.54	1227.52
	506.52	0.00	14.52	1221.52
	506.54	0.00	14.58	1199.53
	506.55	0.00	14.54	1213.53
	506.56	0.00	14.61	1187.57
	506.57	0.00	14.57	1186.63
	506.58	0.00	14.58	1163.64
	506.59	0.00	14.59	1160.62
	506.61	0.00	14.59	1155.63
	506.62	0.00	14.60	1158.63
	506.63	0.00	14.66	1160.63
	506.64	0.00	14.72	1160.62
	506.65	0.00	14.87	1153.52
	506.66	0.00	15.18	1117.25
	506.68	0.00	15.33	1111.15
	506.69	0.00	15.40	1084.12
	506.70	0.00	15.47	1069.07
	506.71	0.00	15.50	1061.05
	506.72	0.00	15.55	1046.01
	506.73	0.00	15.61	1038.96
	506.75	0.00	15.69	1027.91
	506.76	0.00	15.72	1014.89
	506.77	0.00	15.76	1001.88
	506.78	0.00	15.74	974.87
	506.79	0.00	15.76	957.86
	506.80	0.00	15.77	936.85
	506.82	0.00	15.75	869.85
	506.83	0.00	15.60	806.84
	506.84	0.00	15.43	761.84
	506.85	0.00	15.24	734.83
	506.86	0.00	15.15	726.83
	506.87	0.00	15.10	717.83
	506.88	0.00	14.72	683.83
	506.90	0.00	14.57	681.84
	506.91	0.00	14.40	674.87
	506.92	0.00	14.11	660.00
	506.93	0.00	13.95	635.02
	506.94	0.00	13.85	620.02
	506.95	0.00	13.91	639.03
	506.96	0.00	13.94	647.03
	506.98	0.00	13.99	650.02
	506.99	0.00	13.99	653.03
	507.00	0.00	13.98	651.03
	507.01	0.00	14.00	657.04
	507.02	0.00	13.96	650.04
	507.03	0.00	13.94	647.04
	507.05	0.00	14.00	659.04
	507.06	0.00	13.90	646.05
	507.07	0.00	13.91	649.05
	507.08	0.00	13.89	648.05
	507.09	0.00	13.87	646.05
	507.10	0.00	13.89	652.06
	507.11	0.00	13.90	653.07
	507.13	0.00	13.84	653.09
	507.14	0.00	13.84	655.10
	507.15	0.00	13.80	654.12
	507.16	0.00	13.82	655.11
	507.17	0.00	13.79	655.13
	507.19	0.00	13.89	669.12
	507.20	0.00	14.03	690.11
	507.21	0.00	14.06	696.11
	507.22	0.00	14.11	703.10
	507.23	0.00	14.14	707.10
	507.24	0.00	14.18	713.09
	507.25	0.00	14.31	729.06
	507.27	0.00	14.33	735.05
	507.28	0.00	14.38	738.05
	507.29	0.00	14.39	741.04
	507.30	0.00	14.43	750.04
	507.31	0.00	14.43	753.04
	507.32	0.00	14.45	757.04
	507.33	0.00	14.48	761.04
	507.35	0.00	14.51	765.03
	507.36	0.00	14.51	768.03
	507.37	0.00	14.50	766.03
	507.38	0.00	14.52	769.03
	507.39	0.00	14.53	773.03
	507.41	0.00	14.54	774.03
	507.42	0.00	14.25	782.24
	507.43	0.00	13.52	645.18
	507.44	0.00	12.66	586.29
	507.45	0.00	12.00	609.41
	507.46	0.00	11.53	650.56
	507.47	0.00	11.05	715.77
	507.49	0.00	10.73	783.93
	507.50	0.00	10.58	830.00
	507.51	0.00	10.55	864.01
	507.52	0.00	10.71	923.99
	507.53	0.00	10.80	947.94
	507.54	0.00	11.08	984.90
	507.55	0.00	11.20	1006.86
	507.57	0.00	11.34	1017.85
	507.58	0.00	11.46	1016.81
	507.59	0.00	11.65	1019.78
	507.60	0.00	11.72	1010.77
	507.61	0.00	11.84	1011.77
	507.63	0.00	11.97	1016.77
	507.64	0.00	12.10	1015.75
	507.65	0.00	12.21	1007.74
	507.66	0.00	12.26	997.77
	507.67	0.00	12.36	1002.76
	507.68	0.00	12.45	999.76
	507.70	0.00	12.49	994.75
	507.71	0.00	12.58	1005.70
	507.72	0.00	12.58	996.75
	507.73	0.00	12.63	980.72
	507.74	0.00	12.70	971.71
	507.75	0.00	12.77	962.70
	507.77	0.00	12.84	937.69
	507.78	0.00	12.93	910.67
	507.79	0.00	12.98	907.66
	507.80	0.00	13.04	905.65
	507.81	0.00	13.09	900.63
	507.82	0.00	13.15	890.62
	507.83	0.00	13.29	886.61
	507.85	0.00	13.40	878.60
	507.86	0.00	13.58	880.58
	507.87	0.00	13.69	877.55
	507.88	0.00	13.76	874.50
	507.89	0.00	13.85	881.48
	507.90	0.00	13.92	886.45
	507.92	0.00	14.00	892.42
	507.93	0.00	14.07	894.41
	507.94	0.00	14.06	900.41
	507.95	0.00	14.09	906.41
	507.96	0.00	14.10	907.40
	507.97	0.00	14.12	909.40
	507.98	0.00	14.14	912.40
	508.00	0.00	14.17	912.39
	508.01	0.00	14.18	915.40
	508.02	0.00	14.21	918.39
	508.03	0.00	14.23	921.38
	508.04	0.00	14.23	922.38
	508.05	0.00	14.24	924.38
	508.07	0.00	14.24	930.39
	508.08	0.00	14.24	934.39
	508.09	0.00	14.25	940.39
	508.10	0.00	14.23	941.39
	508.11	0.00	14.27	955.40
	508.12	0.00	14.28	959.40
	508.14	0.00	14.28	960.40
	508.15	0.00	14.31	964.40
	508.16	0.00	14.31	968.40
	508.17	0.00	14.31	991.40
	508.18	0.00	14.35	997.39
	508.19	0.00	14.35	1003.39
	508.20	0.00	14.36	1006.39
	508.22	0.00	14.37	1011.39
	508.23	0.00	14.42	1034.39
	508.24	0.00	14.43	1039.39
	508.25	0.00	14.66	1065.38
	508.26	0.00	14.74	1070.37
	508.27	0.00	14.75	1066.37
	508.29	0.00	14.79	1061.38
	508.30	0.00	14.84	1040.37
	508.31	0.00	14.88	1016.34
	508.32	0.00	14.89	1014.35
	508.33	0.00	14.91	1004.36
	508.34	0.00	14.89	1007.37
	508.36	0.00	14.97	1010.31
	508.37	0.00	15.17	1011.15
	508.38	0.00	15.24	1010.12
	508.39	0.00	15.29	1007.10
	508.40	0.00	15.29	999.10
	508.41	0.00	15.31	997.09
	508.43	0.00	15.31	980.08
	508.44	0.00	15.36	990.06
	508.45	0.00	15.40	986.04
	508.46	0.00	15.42	981.02
	508.47	0.00	15.45	964.99
	508.48	0.00	15.43	935.96
	508.49	0.00	15.47	909.91
	508.51	0.00	15.43	871.88
	508.52	0.00	15.41	848.87
	508.53	0.00	15.34	795.86
	508.54	0.00	15.29	780.85
	508.55	0.00	15.24	757.85
	508.56	0.00	15.20	738.84
	508.58	0.00	15.18	730.84
	508.59	0.00	15.09	719.84
	508.60	0.00	15.02	716.84
	508.61	0.00	14.56	692.84
	508.62	0.00	14.45	684.88
	508.63	0.00	14.26	673.96
	508.64	0.00	14.10	657.01
	508.66	0.00	13.92	619.00
	508.67	0.00	13.88	620.02
	508.68	0.00	13.97	642.04
	508.69	0.00	14.02	652.04
	508.70	0.00	14.08	657.02
	508.72	0.00	14.10	665.02
	508.73	0.00	14.13	673.03
	508.74	0.00	14.11	679.04
	508.75	0.00	14.08	676.05
	508.76	0.00	14.08	677.05
	508.77	0.00	14.04	666.05
	508.78	0.00	13.96	658.06
	508.79	0.00	13.91	647.05
	508.81	0.00	13.88	646.06
	508.82	0.00	13.97	657.06
	508.83	0.00	14.04	673.06
	508.84	0.00	14.13	691.06
	508.85	0.00	14.24	711.06
	508.86	0.00	14.26	716.06
	508.88	0.00	14.30	726.07
	508.89	0.00	14.31	729.07
	508.90	0.00	14.37	740.07
	508.91	0.00	14.37	737.08
	508.92	0.00	14.36	742.08
	508.93	0.00	14.36	746.08
	508.95	0.00	14.35	745.09
	508.96	0.00	14.38	749.08
	508.97	0.00	14.38	749.08
	508.98	0.00	14.41	753.08
	508.99	0.00	14.40	754.08
	509.00	0.00	14.41	750.07
	509.02	0.00	14.43	758.07
	509.03	0.00	14.47	763.06
	509.04	0.00	14.52	770.05
	509.05	0.00	14.51	768.05
	509.06	0.00	14.52	771.05
	509.07	0.00	14.53	773.05
	509.08	0.00	14.54	775.05
	509.10	0.00	14.56	776.05
	509.11	0.00	14.55	778.05
	509.12	0.00	14.54	776.05
	509.13	0.00	14.57	779.04
	509.14	0.00	14.58	781.04
	509.15	0.00	14.35	783.16
	509.17	0.00	14.21	775.22
	509.18	0.00	13.29	651.24
	509.19	0.00	12.43	615.35
	509.20	0.00	11.91	662.47
	509.21	0.00	11.64	706.54
	509.22	0.00	11.37	762.65
	509.23	0.00	11.11	830.78
	509.25	0.00	10.96	879.82
	509.26	0.00	11.09	923.84
	509.27	0.00	11.24	983.82
	509.28	0.00	11.37	1000.76
	509.29	0.00	11.44	1009.76
	509.30	0.00	11.56	1028.76
	509.32	0.00	11.65	1028.75
	509.33	0.00	11.67	1022.75
	509.34	0.00	11.72	1019.75
	509.35	0.00	11.77	1018.76
	509.36	0.00	11.83	1014.75
	509.38	0.00	11.87	1012.79
	509.39	0.00	11.93	1010.77
	509.40	0.00	11.96	1006.77
	509.41	0.00	11.99	1005.77
	509.42	0.00	12.00	1003.77
	509.43	0.00	12.05	1000.77
	509.45	0.00	12.04	994.77
	509.46	0.00	12.06	993.77
	509.47	0.00	11.96	968.75
	509.48	0.00	11.93	956.74
	509.49	0.00	11.92	948.74
	509.50	0.00	11.96	951.73
	509.51	0.00	11.95	943.74
	509.53	0.00	11.94	933.74
	509.54	0.00	11.95	934.74
	509.55	0.00	11.96	927.74
	509.56	0.00	11.96	918.73
	509.57	0.00	11.96	909.74
	509.58	0.00	11.98	903.70
	509.60	0.00	11.95	899.73
	509.61	0.00	11.97	870.73
	509.62	0.00	11.99	864.73
	509.63	0.00	12.01	857.73
	509.64	0.00	12.03	855.73
	509.65	0.00	12.05	851.72
	509.67	0.00	12.11	859.73
	509.68	0.00	12.18	867.73
	509.69	0.00	12.23	866.72
	509.70	0.00	12.26	872.73
	509.71	0.00	12.29	873.73
	509.72	0.00	12.34	878.72
	509.73	0.00	12.35	878.74
	509.75	0.00	12.41	882.72
	509.76	0.00	12.45	882.73
	509.77	0.00	12.50	882.72
	509.78	0.00	12.54	886.72
	509.79	0.00	12.59	905.72
	509.80	0.00	12.63	906.71
	509.82	0.00	12.65	907.72
	509.83	0.00	12.68	907.71
	509.84	0.00	12.73	906.71
	509.85	0.00	12.78	905.70
	509.86	0.00	12.83	910.70
	509.87	0.00	12.91	909.69
	509.89	0.00	12.98	910.69
	509.90	0.00	13.03	907.68
	509.91	0.00	13.18	908.67
	509.92	0.00	13.28	899.66
	509.93	0.00	13.35	904.65
	509.94	0.00	13.45	900.64
	509.95	0.00	13.57	899.63
	509.97	0.00	13.64	907.63
	509.98	0.00	13.72	909.60
	509.99	0.00	13.81	912.58
	510.00	0.00	13.91	915.53
	510.01	0.00	14.04	920.50
	510.02	0.00	14.19	897.43
	510.04	0.00	14.26	896.40
	510.05	0.00	14.39	894.32
	510.06	0.00	14.43	902.32
	510.07	0.00	14.49	907.31
	510.08	0.00	14.57	909.26
	510.09	0.00	14.62	908.23
	510.11	0.00	14.69	910.17
	510.12	0.00	14.70	904.16
	510.13	0.00	14.70	898.15
	510.14	0.00	14.69	894.14
	510.15	0.00	14.69	887.13
	510.16	0.00	14.68	883.13
	510.17	0.00	14.89	892.12
	510.19	0.00	14.86	874.11
	510.20	0.00	14.80	854.10
	510.21	0.00	14.79	845.09
	510.22	0.00	14.80	830.06
	510.23	0.00	14.86	795.01
	510.24	0.00	14.87	775.96
	510.26	0.00	14.87	759.92
	510.27	0.00	14.86	742.90
	510.28	0.00	14.84	727.88
	510.29	0.00	14.78	705.87
	510.30	0.00	14.47	672.86
	510.31	0.00	14.46	659.86
	510.33	0.00	14.50	656.85
	510.34	0.00	14.53	662.85
	510.35	0.00	14.49	659.85
	510.36	0.00	14.41	661.85
	510.37	0.00	14.26	654.90
	510.38	0.00	14.05	642.99
	510.39	0.00	13.93	631.01
	510.41	0.00	13.76	603.02
	510.42	0.00	13.78	606.01
	510.43	0.00	13.92	632.02
	510.44	0.00	13.93	634.02
	510.45	0.00	14.01	650.02
	510.46	0.00	14.01	648.02
	510.48	0.00	14.01	655.02
	510.49	0.00	14.01	660.04
	510.50	0.00	14.02	662.04
	510.51	0.00	14.02	666.04
	510.52	0.00	13.99	661.04
	510.53	0.00	13.95	655.04
	510.54	0.00	13.91	648.04
	510.56	0.00	13.95	651.04
	510.57	0.00	14.14	691.04
	510.58	0.00	14.25	709.05
	510.59	0.00	14.30	717.04
	510.60	0.00	14.33	728.06
	510.61	0.00	14.36	732.05
	510.63	0.00	14.38	736.05
	510.64	0.00	14.39	740.06
	510.65	0.00	14.40	745.07
	510.66	0.00	14.38	750.10
	510.67	0.00	14.37	747.10
	510.68	0.00	14.36	747.09
	510.70	0.00	14.40	746.06
	510.71	0.00	14.41	747.05
	510.72	0.00	14.43	750.05
	510.73	0.00	14.45	754.04
	510.74	0.00	14.46	754.05
	510.75	0.00	14.47	755.04
	510.77	0.00	14.48	759.04
	510.78	0.00	14.50	759.03
	510.79	0.00	14.52	764.03
	510.80	0.00	14.51	765.04
	510.81	0.00	14.52	767.03
	510.82	0.00	14.57	768.03
	510.83	0.00	14.55	770.03
	510.85	0.00	14.54	771.04
	510.86	0.00	14.43	773.12
	510.87	0.00	14.32	774.17
	510.88	0.00	14.13	765.25
	510.89	0.00	13.68	706.29
	510.90	0.00	12.75	623.34
	510.92	0.00	11.86	653.47
	510.93	0.00	11.42	717.61
	510.94	0.00	11.31	777.71
	510.95	0.00	11.03	829.78
	510.96	0.00	11.11	895.83
	510.97	0.00	11.20	928.81
	510.98	0.00	11.40	979.76
	511.00	0.00	11.60	1008.74
	511.01	0.00	11.76	1034.75
	511.02	0.00	11.91	1060.76
	511.03	0.00	11.98	1072.77
	511.04	0.00	12.04	1073.76
	511.05	0.00	12.12	1079.76
	511.07	0.00	12.16	1070.76
	511.08	0.00	12.25	1072.76
	511.09	0.00	12.26	1056.76
	511.10	0.00	12.28	1045.76
	511.11	0.00	12.30	1033.76
	511.13	0.00	12.34	1031.76
	511.14	0.00	12.37	1031.76
	511.15	0.00	12.42	1033.76
	511.16	0.00	12.40	1025.76
	511.17	0.00	12.39	1020.75
	511.18	0.00	12.42	1026.76
	511.20	0.00	12.43	1023.76
	511.21	0.00	12.47	1023.75
	511.22	0.00	12.47	1022.75
	511.23	0.00	12.50	1020.75
	511.24	0.00	12.54	1017.74
	511.25	0.00	12.54	1010.75
	511.26	0.00	12.57	1004.75
	511.28	0.00	12.63	999.74
	511.29	0.00	12.69	992.74
	511.30	0.00	12.77	995.73
	511.31	0.00	12.79	1008.74
	511.32	0.00	12.86	1011.72
	511.33	0.00	12.92	1015.72
	511.35	0.00	12.99	1017.72
	511.36	0.00	13.02	1019.72
	511.37	0.00	13.06	1024.72
	511.38	0.00	13.08	1027.72
	511.39	0.00	13.09	1035.72
	511.40	0.00	13.12	1036.71
	511.42	0.00	13.14	1038.71
	511.43	0.00	13.15	1041.70
	511.44	0.00	13.17	1041.70
	511.45	0.00	13.20	1036.70
	511.46	0.00	13.23	1035.70
	511.47	0.00	13.26	1034.70
	511.48	0.00	13.27	1034.70
	511.50	0.00	13.29	1033.69
	511.51	0.00	13.30	1033.69
	511.52	0.00	13.35	1054.69
	511.53	0.00	13.32	1057.71
	511.54	0.00	13.37	1036.70
	511.55	0.00	13.36	1036.70
	511.57	0.00	13.38	1040.70
	511.58	0.00	13.38	1042.70
	511.59	0.00	13.35	1059.70
	511.60	0.00	13.41	1039.70
	511.61	0.00	13.45	1039.66
	511.63	0.00	13.43	1042.70
	511.64	0.00	13.44	1043.70
	511.65	0.00	13.45	1041.70
	511.66	0.00	13.46	1042.70
	511.67	0.00	13.47	1042.70
	511.68	0.00	13.50	1043.69
	511.69	0.00	13.54	1038.69
	511.71	0.00	13.57	1034.69
	511.72	0.00	13.65	1033.68
	511.73	0.00	13.69	1028.68
	511.74	0.00	13.74	1027.68
	511.75	0.00	13.80	1024.67
	511.76	0.00	13.85	1023.66
	511.77	0.00	13.93	995.60
	511.79	0.00	13.94	989.64
	511.80	0.00	13.98	989.64
	511.81	0.00	14.22	1004.62
	511.82	0.00	14.27	1004.61
	511.83	0.00	14.35	999.58
	511.85	0.00	14.43	993.53
	511.86	0.00	14.46	986.54
	511.87	0.00	14.55	966.52
	511.88	0.00	14.56	952.52
	511.89	0.00	14.77	957.35
	511.90	0.00	14.98	951.15
	511.92	0.00	15.00	942.13
	511.93	0.00	15.01	934.12
	511.94	0.00	15.00	927.11
	511.95	0.00	15.00	911.09
	511.96	0.00	15.00	901.07
	511.97	0.00	15.00	881.04
	511.98	0.00	14.99	847.00
	512.00	0.00	14.84	754.92
	512.01	0.00	14.83	717.90
	512.02	0.00	14.75	686.87
	512.03	0.00	14.69	672.86
	512.04	0.00	14.38	655.86
	512.05	0.00	14.35	648.86
	512.07	0.00	14.28	649.88
	512.08	0.00	14.16	641.93
	512.09	0.00	13.98	634.00
	512.10	0.00	13.89	621.01
	512.11	0.00	13.71	598.02
	512.12	0.00	13.76	597.01
	512.13	0.00	13.83	614.01
	512.15	0.00	13.87	619.00
	512.16	0.00	13.85	618.01
	512.17	0.00	13.86	620.01
	512.18	0.00	13.84	614.00
	512.19	0.00	13.84	614.01
	512.20	0.00	13.85	621.01
	512.22	0.00	13.90	630.01
	512.23	0.00	13.94	639.02
	512.24	0.00	13.95	644.02
	512.25	0.00	13.99	650.02
	512.26	0.00	14.04	657.01
	512.27	0.00	14.04	665.03
	512.28	0.00	14.05	666.03
	512.29	0.00	14.01	661.03
	512.31	0.00	14.04	666.03
	512.32	0.00	13.98	656.03
	512.33	0.00	13.91	649.03
	512.34	0.00	14.02	664.02
	512.35	0.00	14.06	667.02
	512.36	0.00	14.04	670.02
	512.38	0.00	14.07	668.02
	512.39	0.00	14.08	677.03
	512.40	0.00	14.12	683.03
	512.41	0.00	14.10	684.03
	512.42	0.00	14.11	685.03
	512.43	0.00	14.14	688.03
	512.45	0.00	14.16	692.03
	512.46	0.00	14.16	696.03
	512.47	0.00	14.15	694.03
	512.48	0.00	14.18	699.03
	512.49	0.00	14.20	702.03
	512.50	0.00	14.21	704.03
	512.52	0.00	14.10	707.11
	512.53	0.00	13.99	706.15
	512.54	0.00	13.81	682.17
	512.55	0.00	13.51	651.21
	512.56	0.00	13.40	680.23
	512.57	0.00	12.84	673.35
	512.58	0.00	12.43	724.45
	512.59	0.00	12.46	797.51
	512.61	0.00	12.56	846.53
	512.62	0.00	12.23	816.56
	512.63	0.00	12.36	849.54
	512.64	0.00	12.36	864.54
	512.65	0.00	12.46	917.55
	512.66	0.00	12.58	922.57
	512.68	0.00	12.72	946.54
	512.69	0.00	12.72	982.60
	512.70	0.00	12.80	1003.59
	512.71	0.00	12.88	1017.60
	512.72	0.00	12.96	1036.60
	512.73	0.00	13.07	1058.60
	512.75	0.00	13.20	1095.59
	512.76	0.00	13.26	1101.59
	512.77	0.00	13.30	1111.60
	512.78	0.00	13.40	1111.59
	512.79	0.00	13.42	1117.59
	512.80	0.00	13.44	1118.59
	512.82	0.00	13.51	1119.58
	512.83	0.00	13.54	1115.58
	512.84	0.00	13.57	1118.57
	512.85	0.00	13.62	1118.57
	512.86	0.00	13.64	1114.56
	512.88	0.00	13.68	1116.56
	512.89	0.00	13.71	1120.56
	512.90	0.00	13.74	1123.55
	512.91	0.00	13.76	1125.55
	512.92	0.00	13.77	1123.55
	512.93	0.00	13.80	1125.54
	512.95	0.00	13.82	1131.54
	512.96	0.00	13.82	1135.55
	512.97	0.00	13.84	1138.54
	512.98	0.00	13.84	1142.55
	512.99	0.00	13.87	1147.54
	513.00	0.00	13.86	1146.54
	513.02	0.00	13.87	1151.55
	513.03	0.00	13.87	1147.54
	513.04	0.00	13.89	1154.54
	513.05	0.00	13.92	1156.54
	513.06	0.00	13.93	1157.54
	513.07	0.00	13.96	1160.54
	513.09	0.00	13.96	1162.54
	513.10	0.00	13.96	1164.54
	513.11	0.00	13.96	1170.54
	513.12	0.00	13.96	1174.54
	513.13	0.00	13.94	1180.54
	513.14	0.00	13.94	1185.54
	513.16	0.00	13.91	1209.55
	513.17	0.00	13.92	1212.55
	513.18	0.00	13.91	1216.55
	513.19	0.00	13.95	1239.55
	513.20	0.00	14.14	1265.55
	513.21	0.00	14.12	1265.55
	513.22	0.00	14.14	1268.55
	513.24	0.00	14.16	1274.55
	513.25	0.00	14.15	1273.55
	513.26	0.00	14.15	1268.55
	513.27	0.00	14.14	1270.55
	513.28	0.00	14.19	1275.55
	513.29	0.00	14.17	1274.56
	513.31	0.00	14.18	1274.56
	513.32	0.00	14.18	1270.56
	513.33	0.00	14.20	1268.55
	513.34	0.00	14.24	1273.55
	513.35	0.00	14.25	1269.55
	513.37	0.00	14.24	1265.55
	513.38	0.00	14.30	1268.54
	513.39	0.00	14.32	1263.55
	513.40	0.00	14.36	1261.54
	513.41	0.00	14.38	1255.54
	513.42	0.00	14.44	1259.53
	513.44	0.00	14.49	1243.52
	513.45	0.00	14.55	1240.51
	513.46	0.00	14.68	1198.50
	513.47	0.00	14.72	1191.50
	513.48	0.00	14.75	1191.49
	513.49	0.00	14.80	1188.48
	513.51	0.00	14.80	1184.47
	513.52	0.00	14.81	1172.47
	513.53	0.00	14.82	1168.48
	513.54	0.00	14.85	1170.48
	513.55	0.00	14.83	1155.49
	513.56	0.00	14.86	1159.49
	513.58	0.00	14.81	1150.57
	513.59	0.00	14.79	1147.64
	513.60	0.00	14.78	1121.67
	513.61	0.00	15.08	1089.40
	513.62	0.00	15.25	1083.23
	513.63	0.00	15.32	1074.15
	513.65	0.00	15.34	1064.13
	513.66	0.00	15.36	1054.11
	513.67	0.00	15.35	1047.11
	513.68	0.00	15.36	1046.10
	513.69	0.00	15.35	1039.10
	513.70	0.00	15.35	1034.10
	513.72	0.00	15.34	1025.09
	513.73	0.00	15.34	1009.08
	513.74	0.00	15.32	1000.07
	513.75	0.00	15.30	980.04
	513.76	0.00	15.26	957.02
	513.77	0.00	15.24	920.00
	513.78	0.00	15.17	891.97
	513.80	0.00	15.18	876.93
	513.81	0.00	15.15	857.90
	513.82	0.00	15.14	845.89
	513.83	0.00	14.88	816.89
	513.84	0.00	14.87	806.88
	513.85	0.00	14.84	803.89
	513.87	0.00	14.83	800.89
	513.88	0.00	14.80	792.89
	513.89	0.00	14.80	793.89
	513.90	0.00	14.80	786.88
	513.91	0.00	14.75	779.90
	513.92	0.00	14.72	769.91
	513.94	0.00	14.55	764.99
	513.95	0.00	14.45	750.02
	513.96	0.00	14.31	726.03
	513.97	0.00	14.08	673.03
	513.98	0.00	13.96	655.03
	513.99	0.00	14.25	701.01
	514.00	0.00	14.27	713.02
	514.02	0.00	14.28	715.02
	514.03	0.00	14.28	718.03
	514.04	0.00	14.29	720.03
	514.05	0.00	14.28	721.04
	514.06	0.00	14.26	721.04
	514.07	0.00	14.29	722.04
	514.09	0.00	14.28	727.04
	514.10	0.00	14.28	724.04
	514.11	0.00	14.26	725.04
	514.12	0.00	14.28	728.04
	514.13	0.00	14.24	721.04
	514.14	0.00	14.23	719.04
	514.16	0.00	14.23	712.04
	514.17	0.00	14.17	708.04
	514.18	0.00	14.19	712.04
	514.19	0.00	14.22	718.04
	514.20	0.00	14.22	718.04
	514.21	0.00	14.26	722.03
	514.22	0.00	14.26	725.04
	514.24	0.00	14.29	728.03
	514.25	0.00	14.29	729.03
	514.26	0.00	14.33	732.03
	514.27	0.00	14.32	735.03
	514.28	0.00	14.37	741.03
	514.29	0.00	14.37	744.03
	514.31	0.00	14.39	745.02
	514.32	0.00	14.42	752.02
	514.33	0.00	14.43	755.02
	514.34	0.00	14.45	754.02
	514.35	0.00	14.48	760.02
	514.36	0.00	14.54	777.02
	514.38	0.00	14.56	782.02
	514.39	0.00	14.55	782.03
	514.40	0.00	14.38	786.14
	514.41	0.00	14.20	775.23
	514.42	0.00	13.47	689.29
	514.43	0.00	12.87	676.38
	514.45	0.00	12.35	701.47
	514.46	0.00	12.11	737.56
	514.47	0.00	12.34	815.61
	514.48	0.00	12.33	838.60
	514.49	0.00	12.46	877.62
	514.50	0.00	12.71	957.65
	514.51	0.00	12.82	991.66
	514.53	0.00	12.89	1043.66
	514.54	0.00	12.93	1062.66
	514.55	0.00	12.98	1086.67
	514.56	0.00	12.97	1100.68
	514.57	0.00	12.99	1112.68
	514.58	0.00	13.00	1118.68
	514.60	0.00	13.01	1117.68
	514.61	0.00	13.01	1112.68
	514.62	0.00	13.05	1114.68
	514.63	0.00	13.07	1115.68
	514.64	0.00	13.12	1115.67
	514.66	0.00	13.13	1112.67
	514.67	0.00	13.16	1113.66
	514.68	0.00	13.19	1112.66
	514.69	0.00	13.22	1112.66
	514.70	0.00	13.23	1118.67
	514.71	0.00	13.28	1123.66
	514.72	0.00	13.34	1127.66
	514.74	0.00	13.33	1134.66
	514.75	0.00	13.38	1166.65
	514.76	0.00	13.39	1169.65
	514.77	0.00	13.41	1176.65
	514.78	0.00	13.42	1184.65
	514.79	0.00	13.44	1194.65
	514.81	0.00	13.46	1199.64
	514.82	0.00	13.48	1210.65
	514.83	0.00	13.48	1237.65
	514.84	0.00	13.50	1242.65
	514.85	0.00	13.51	1245.65
	514.87	0.00	13.54	1253.65
	514.88	0.00	13.55	1259.65
	514.89	0.00	13.59	1267.64
	514.90	0.00	13.61	1275.64
	514.91	0.00	13.63	1280.64
	514.92	0.00	13.65	1285.64
	514.94	0.00	13.67	1291.64
	514.95	0.00	13.67	1290.64
	514.96	0.00	13.68	1295.64
	514.97	0.00	13.67	1294.64
	514.98	0.00	13.70	1298.64
	514.99	0.00	13.76	1321.63
	515.01	0.00	13.73	1315.63
	515.02	0.00	13.78	1327.63
	515.03	0.00	13.81	1329.63
	515.04	0.00	13.82	1330.64
	515.05	0.00	13.84	1329.63
	515.06	0.00	13.81	1322.64
	515.08	0.00	13.86	1338.63
	515.09	0.00	13.86	1333.63
	515.10	0.00	13.87	1333.63
	515.11	0.00	13.90	1331.63
	515.12	0.00	13.92	1329.63
	515.13	0.00	13.94	1328.64
	515.15	0.00	13.94	1326.63
	515.16	0.00	13.98	1333.62
	515.17	0.00	13.99	1328.62
	515.18	0.00	14.04	1332.62
	515.19	0.00	14.06	1333.62
	515.20	0.00	14.08	1325.61
	515.22	0.00	14.12	1326.61
	515.23	0.00	14.14	1315.60
	515.24	0.00	14.30	1327.60
	515.25	0.00	14.24	1325.59
	515.26	0.00	14.43	1342.58
	515.27	0.00	14.47	1342.58
	515.29	0.00	14.49	1332.58
	515.30	0.00	14.52	1330.57
	515.31	0.00	14.66	1363.57
	515.32	0.00	14.70	1358.56
	515.33	0.00	14.79	1364.55
	515.34	0.00	14.88	1374.54
	515.35	0.00	14.95	1383.53
	515.37	0.00	15.00	1385.52
	515.38	0.00	15.08	1368.51
	515.39	0.00	15.15	1365.48
	515.40	0.00	15.30	1351.44
	515.41	0.00	15.30	1342.50
	515.42	0.00	15.45	1310.46
	515.44	0.00	15.71	1275.20
	515.45	0.00	15.83	1270.12
	515.46	0.00	15.89	1267.08
	515.47	0.00	15.95	1257.05
	515.48	0.00	15.97	1245.04
	515.50	0.00	15.99	1229.02
	515.51	0.00	15.98	1199.98
	515.52	0.00	15.97	1168.93
	515.53	0.00	15.88	1107.90
	515.54	0.00	15.79	1062.89
	515.55	0.00	15.74	1024.88
	515.57	0.00	15.71	992.87
	515.58	0.00	15.59	917.86
	515.59	0.00	15.45	859.85
	515.60	0.00	15.34	829.84
	515.61	0.00	15.30	809.84
	515.62	0.00	15.02	784.84
	515.64	0.00	14.95	778.84
	515.65	0.00	14.89	777.86
	515.66	0.00	14.77	770.89
	515.67	0.00	14.59	761.01
	515.68	0.00	14.47	743.03
	515.69	0.00	14.30	713.05
	515.70	0.00	14.11	674.02
	515.72	0.00	14.21	697.03
	515.73	0.00	14.19	694.03
	515.74	0.00	14.22	700.03
	515.75	0.00	14.22	697.03
	515.76	0.00	14.23	698.03
	515.77	0.00	14.23	697.03
	515.78	0.00	14.23	700.04
	515.80	0.00	14.26	712.05
	515.81	0.00	14.30	723.06
	515.82	0.00	14.36	735.06
	515.83	0.00	14.40	743.06
	515.84	0.00	14.44	750.06
	515.85	0.00	14.42	755.09
	515.87	0.00	14.44	759.09
	515.88	0.00	14.50	765.06
	515.89	0.00	14.50	763.06
	515.90	0.00	14.53	771.06
	515.91	0.00	14.56	778.05
	515.92	0.00	14.59	782.04
	515.94	0.00	14.58	779.04
	515.95	0.00	14.57	781.05
	515.96	0.00	14.58	781.05
	515.97	0.00	14.56	775.04
	515.98	0.00	14.59	782.04
	515.99	0.00	14.59	783.04
	516.01	0.00	14.61	788.04
	516.02	0.00	14.63	787.03
	516.03	0.00	14.64	791.03
	516.04	0.00	14.66	789.03
	516.05	0.00	14.66	793.02
	516.06	0.00	14.66	793.02
	516.08	0.00	14.69	796.02
	516.09	0.00	14.69	797.02
	516.10	0.00	14.70	802.02
	516.11	0.00	14.65	801.05
	516.12	0.00	14.43	801.20
	516.13	0.00	14.33	789.23
	516.15	0.00	13.95	767.35
	516.16	0.00	13.36	710.42
	516.17	0.00	12.64	686.50
	516.18	0.00	12.35	728.59
	516.19	0.00	12.45	791.63
	516.20	0.00	12.40	828.68
	516.21	0.00	12.70	912.68
	516.23	0.00	12.78	945.70
	516.24	0.00	13.05	1022.73
	516.25	0.00	13.06	1043.73
	516.26	0.00	13.05	1083.74
	516.27	0.00	13.07	1101.75
	516.28	0.00	13.10	1119.76
	516.29	0.00	13.12	1130.76
	516.31	0.00	13.12	1134.76
	516.32	0.00	13.13	1142.76
	516.33	0.00	13.15	1144.76
	516.34	0.00	13.20	1144.76
	516.35	0.00	13.21	1143.76
	516.37	0.00	13.24	1143.76
	516.38	0.00	13.29	1142.75
	516.39	0.00	13.33	1139.75
	516.40	0.00	13.36	1137.75
	516.41	0.00	13.38	1142.75
	516.42	0.00	13.37	1144.75
	516.44	0.00	13.40	1144.75
	516.45	0.00	13.40	1147.75
	516.46	0.00	13.42	1146.75
	516.47	0.00	13.44	1150.75
	516.48	0.00	13.46	1150.75
	516.50	0.00	13.47	1157.74
	516.51	0.00	13.49	1160.75
	516.52	0.00	13.49	1182.75
	516.53	0.00	13.50	1186.75
	516.54	0.00	13.51	1190.75
	516.55	0.00	13.52	1188.75
	516.56	0.00	13.57	1186.73
	516.58	0.00	13.58	1187.74
	516.59	0.00	13.61	1185.74
	516.60	0.00	13.65	1185.74
	516.61	0.00	13.67	1188.74
	516.62	0.00	13.72	1192.74
	516.64	0.00	13.74	1187.74
	516.65	0.00	13.73	1211.75
	516.66	0.00	13.76	1216.74
	516.67	0.00	13.76	1226.74
	516.68	0.00	13.77	1227.74
	516.69	0.00	13.78	1235.74
	516.71	0.00	13.82	1264.74
	516.72	0.00	13.79	1253.74
	516.73	0.00	13.79	1260.74
	516.74	0.00	13.79	1261.74
	516.75	0.00	13.80	1265.74
	516.76	0.00	13.84	1291.74
	516.78	0.00	13.84	1292.74
	516.79	0.00	13.84	1297.75
	516.80	0.00	13.87	1300.75
	516.81	0.00	13.91	1304.74
	516.82	0.00	13.94	1307.73
	516.83	0.00	13.97	1313.73
	516.84	0.00	13.98	1313.73
	516.86	0.00	14.03	1328.73
	516.87	0.00	14.05	1332.72
	516.88	0.00	14.05	1329.72
	516.89	0.00	14.10	1341.72
	516.90	0.00	14.13	1340.71
	516.91	0.00	14.15	1341.71
	516.93	0.00	14.20	1338.70
	516.94	0.00	14.22	1337.69
	516.95	0.00	14.26	1335.69
	516.96	0.00	14.27	1337.69
	516.97	0.00	14.28	1333.68
	516.98	0.00	14.29	1334.68
	517.00	0.00	14.28	1330.68
	517.01	0.00	14.32	1335.68
	517.02	0.00	14.36	1329.68
	517.03	0.00	14.37	1323.66
	517.04	0.00	14.45	1316.66
	517.05	0.00	14.50	1304.66
	517.07	0.00	14.70	1318.65
	517.08	0.00	14.79	1298.65
	517.09	0.00	14.81	1297.64
	517.10	0.00	14.79	1313.64
	517.11	0.00	14.90	1286.64
	517.13	0.00	14.94	1260.64
	517.14	0.00	15.07	1261.55
	517.15	0.00	15.24	1239.41
	517.16	0.00	15.51	1238.18
	517.17	0.00	15.58	1231.11
	517.18	0.00	15.62	1202.09
	517.19	0.00	15.65	1189.07
	517.21	0.00	15.69	1178.03
	517.22	0.00	15.70	1165.02
	517.23	0.00	15.71	1150.00
	517.24	0.00	15.72	1138.99
	517.25	0.00	15.72	1127.98
	517.27	0.00	15.69	1111.98
	517.28	0.00	15.69	1098.96
	517.29	0.00	15.67	1080.95
	517.30	0.00	15.61	1060.94
	517.31	0.00	15.55	1037.94
	517.32	0.00	15.32	998.94
	517.34	0.00	15.32	976.94
	517.35	0.00	15.28	970.95
	517.36	0.00	15.27	962.95
	517.37	0.00	15.22	954.96
	517.38	0.00	15.18	942.98
	517.39	0.00	15.09	923.02
	517.40	0.00	14.99	904.05
	517.41	0.00	14.71	874.19
	517.43	0.00	14.48	837.26
	517.44	0.00	13.82	686.26
	517.45	0.00	13.83	699.30
	517.46	0.00	14.02	735.29
	517.47	0.00	14.10	747.29
	517.48	0.00	14.14	752.26
	517.50	0.00	14.13	750.26
	517.51	0.00	14.16	754.25
	517.52	0.00	14.20	755.22
	517.53	0.00	14.24	752.18
	517.54	0.00	14.20	747.19
	517.55	0.00	14.18	736.16
	517.57	0.00	14.16	727.14
	517.58	0.00	14.10	728.19
	517.59	0.00	14.15	744.22
	517.60	0.00	14.17	752.23
	517.61	0.00	14.23	760.22
	517.62	0.00	14.25	764.22
	517.64	0.00	14.26	764.21
	517.65	0.00	14.26	761.20
	517.66	0.00	14.22	759.27
	517.67	0.00	14.17	763.28
	517.68	0.00	14.19	761.26
	517.69	0.00	14.23	765.23
	517.71	0.00	14.27	758.19
	517.72	0.00	14.25	752.17
	517.73	0.00	14.28	755.16
	517.74	0.00	14.27	752.16
	517.75	0.00	14.30	760.16
	517.76	0.00	14.30	761.17
	517.78	0.00	14.33	765.16
	517.79	0.00	14.28	770.22
	517.80	0.00	14.15	759.25
	517.81	0.00	13.79	696.24
	517.82	0.00	13.46	656.28
	517.83	0.00	13.21	667.36
	517.85	0.00	12.69	695.48
	517.86	0.00	11.98	762.60
	517.87	0.00	11.48	825.73
	517.88	0.00	11.43	856.78
	517.89	0.00	11.54	886.78
	517.90	0.00	11.58	893.77
	517.91	0.00	11.64	897.75
	517.93	0.00	11.71	919.74
	517.94	0.00	11.78	932.69
	517.95	0.00	11.90	940.68
	517.96	0.00	12.02	953.69
	517.97	0.00	12.20	990.70
	517.98	0.00	12.50	1056.71
	518.00	0.00	12.66	1079.72
	518.01	0.00	12.77	1091.72
	518.02	0.00	12.88	1120.69
	518.03	0.00	12.96	1130.73
	518.04	0.00	13.03	1132.72
	518.05	0.00	13.13	1134.72
	518.07	0.00	13.18	1137.72
	518.08	0.00	13.25	1136.72
	518.09	0.00	13.31	1139.72
	518.10	0.00	13.36	1124.71
	518.11	0.00	13.42	1142.70
	518.12	0.00	13.45	1138.70
	518.14	0.00	13.50	1139.69
	518.15	0.00	13.53	1141.69
	518.16	0.00	13.57	1142.69
	518.17	0.00	13.59	1144.69
	518.18	0.00	13.62	1143.68
	518.20	0.00	13.70	1168.67
	518.21	0.00	13.75	1172.67
	518.22	0.00	13.80	1172.66
	518.23	0.00	13.85	1178.65
	518.24	0.00	13.89	1180.64
	518.25	0.00	13.92	1183.63
	518.26	0.00	13.97	1189.62
	518.28	0.00	14.01	1192.61
	518.29	0.00	14.03	1194.61
	518.30	0.00	14.06	1199.60
	518.31	0.00	14.08	1202.60
	518.32	0.00	14.10	1203.59
	518.33	0.00	14.14	1203.58
	518.35	0.00	14.17	1203.58
	518.36	0.00	14.36	1223.58
	518.37	0.00	14.39	1224.57
	518.38	0.00	14.37	1231.58
	518.39	0.00	14.38	1232.57
	518.41	0.00	14.37	1239.57
	518.42	0.00	14.34	1238.57
	518.43	0.00	14.31	1244.58
	518.44	0.00	14.29	1239.59
	518.45	0.00	14.25	1246.60
	518.46	0.00	14.06	1233.61
	518.47	0.00	14.22	1255.61
	518.49	0.00	14.21	1255.62
	518.50	0.00	14.21	1256.62
	518.51	0.00	14.23	1259.61
	518.52	0.00	14.22	1258.62
	518.53	0.00	14.23	1258.62
	518.54	0.00	14.25	1262.62
	518.56	0.00	14.08	1241.62
	518.57	0.00	14.25	1258.62
	518.58	0.00	14.27	1256.62
	518.59	0.00	14.27	1256.62
	518.60	0.00	14.29	1254.62
	518.61	0.00	14.30	1245.62
	518.63	0.00	14.32	1246.62
	518.64	0.00	14.33	1246.62
	518.65	0.00	14.33	1238.62
	518.66	0.00	14.35	1241.62
	518.67	0.00	14.35	1236.62
	518.68	0.00	14.35	1231.62
	518.70	0.00	14.35	1226.62
	518.71	0.00	14.34	1219.62
	518.72	0.00	14.33	1213.62
	518.73	0.00	14.34	1219.62
	518.74	0.00	14.40	1196.62
	518.75	0.00	14.44	1194.60
	518.77	0.00	14.44	1193.62
	518.78	0.00	14.49	1170.62
	518.79	0.00	14.51	1182.61
	518.80	0.00	14.52	1181.61
	518.81	0.00	14.55	1155.61
	518.82	0.00	14.52	1146.61
	518.84	0.00	14.50	1165.61
	518.85	0.00	14.38	1123.61
	518.86	0.00	14.41	1111.60
	518.87	0.00	14.64	1124.59
	518.88	0.00	14.71	1106.57
	518.89	0.00	14.79	1080.53
	518.91	0.00	14.87	1046.51
	518.92	0.00	15.14	1036.25
	518.93	0.00	15.24	1028.15
	518.94	0.00	15.26	1016.13
	518.95	0.00	15.27	1008.12
	518.96	0.00	15.26	996.11
	518.98	0.00	15.27	982.08
	518.99	0.00	15.26	959.04
	519.00	0.00	15.27	942.01
	519.01	0.00	15.30	917.96
	519.02	0.00	15.29	892.90
	519.03	0.00	15.11	804.88
	519.05	0.00	14.87	767.87
	519.06	0.00	14.88	769.86
	519.07	0.00	14.84	762.87
	519.08	0.00	14.71	747.90
	519.09	0.00	14.47	730.00
	519.10	0.00	14.34	723.05
	519.11	0.00	14.13	697.10
	519.13	0.00	14.07	685.11
	519.14	0.00	14.30	727.08
	519.15	0.00	14.38	745.10
	519.16	0.00	14.37	744.10
	519.17	0.00	14.36	750.12
	519.18	0.00	14.38	745.11
	519.20	0.00	14.40	755.11
	519.21	0.00	14.39	757.12
	519.22	0.00	14.39	757.12
	519.23	0.00	14.40	759.12
	519.24	0.00	14.40	761.13
	519.25	0.00	14.44	765.11
	519.27	0.00	14.42	767.12
	519.28	0.00	14.41	767.13
	519.29	0.00	14.42	767.13
	519.30	0.00	14.42	769.13
	519.31	0.00	14.43	772.13
	519.32	0.00	14.42	772.14
	519.34	0.00	14.42	770.13
	519.35	0.00	14.43	773.13
	519.36	0.00	14.45	773.12
	519.37	0.00	14.45	775.12
	519.38	0.00	14.44	772.12
	519.39	0.00	14.48	779.11
	519.41	0.00	14.48	781.12
	519.42	0.00	14.51	781.10
	519.43	0.00	14.50	779.10
	519.44	0.00	14.57	790.08
	519.45	0.00	14.58	788.07
	519.46	0.00	14.58	787.06
	519.47	0.00	14.59	789.06
	519.49	0.00	14.60	790.06
	519.50	0.00	14.61	789.06
	519.51	0.00	14.61	795.05
	519.52	0.00	14.62	794.05
	519.53	0.00	14.63	796.05
	519.54	0.00	14.63	796.05
	519.56	0.00	14.65	799.05
	519.57	0.00	14.64	801.06
	519.58	0.00	14.66	801.05
	519.59	0.00	14.64	799.05
	519.60	0.00	14.65	800.05
	519.61	0.00	14.58	802.10
	519.63	0.00	14.42	796.17
	519.64	0.00	14.36	808.25
	519.65	0.00	13.93	747.31
	519.66	0.00	13.66	763.43
	519.67	0.00	12.95	701.45
	519.68	0.00	12.63	704.50
	519.70	0.00	12.16	682.53
	519.71	0.00	12.38	749.56
	519.72	0.00	12.56	807.60
	519.73	0.00	12.54	817.60
	519.74	0.00	12.17	772.61
	519.75	0.00	12.43	835.60
	519.76	0.00	12.58	915.61
	519.78	0.00	12.74	989.63
	519.79	0.00	12.75	1029.65
	519.80	0.00	12.78	1096.67
	519.81	0.00	12.78	1119.67
	519.82	0.00	12.80	1135.67
	519.83	0.00	12.81	1147.68
	519.84	0.00	12.81	1148.67
	519.86	0.00	12.81	1151.67
	519.87	0.00	12.77	1164.67
	519.88	0.00	12.65	1139.67
	519.89	0.00	12.62	1133.67
	519.90	0.00	12.65	1129.66
	519.92	0.00	12.61	1132.65
	519.93	0.00	12.64	1137.65
	519.94	0.00	12.63	1141.65
	519.95	0.00	12.62	1147.65
	519.96	0.00	12.59	1142.67
	519.97	0.00	12.60	1146.65
	519.99	0.00	12.67	1163.65
	520.00	0.00	12.71	1177.65
	520.01	0.00	12.76	1195.65
	520.02	0.00	12.78	1209.66
	520.03	0.00	12.81	1226.65
	520.04	0.00	12.87	1237.66
	520.06	0.00	12.88	1252.66
	520.07	0.00	12.91	1261.66
	520.08	0.00	12.95	1270.66
	520.09	0.00	12.97	1275.66
	520.10	0.00	12.98	1281.66
	520.12	0.00	13.04	1283.66
	520.13	0.00	13.07	1291.66
	520.14	0.00	13.09	1287.65
	520.15	0.00	13.21	1307.65
	520.16	0.00	13.30	1311.60
	520.17	0.00	13.32	1320.65
	520.19	0.00	13.40	1324.65
	520.20	0.00	13.43	1329.64
	520.21	0.00	13.48	1334.64
	520.22	0.00	13.51	1347.64
	520.23	0.00	13.56	1350.64
	520.24	0.00	13.60	1360.65
	520.26	0.00	13.64	1357.63
	520.27	0.00	13.68	1364.63
	520.28	0.00	13.71	1362.63
	520.29	0.00	13.76	1363.63
	520.30	0.00	13.78	1361.63
	520.31	0.00	13.82	1362.63
	520.33	0.00	13.88	1368.62
	520.34	0.00	13.90	1359.62
	520.35	0.00	13.96	1358.61
	520.36	0.00	14.00	1355.61
	520.37	0.00	14.04	1358.61
	520.38	0.00	14.07	1355.61
	520.40	0.00	14.12	1358.60
	520.41	0.00	14.15	1353.60
	520.42	0.00	14.19	1354.59
	520.43	0.00	14.22	1350.59
	520.44	0.00	14.25	1350.59
	520.45	0.00	14.30	1348.58
	520.47	0.00	14.32	1352.58
	520.48	0.00	14.36	1354.57
	520.49	0.00	14.42	1347.56
	520.50	0.00	14.47	1364.56
	520.51	0.00	14.52	1367.54
	520.52	0.00	14.55	1361.53
	520.54	0.00	14.62	1365.48
	520.55	0.00	14.63	1361.50
	520.56	0.00	14.63	1349.49
	520.57	0.00	14.63	1342.49
	520.58	0.00	14.64	1345.48
	520.59	0.00	14.64	1343.48
	520.60	0.00	14.64	1336.48
	520.62	0.00	14.67	1337.45
	520.63	0.00	14.65	1334.48
	520.64	0.00	14.65	1328.48
	520.65	0.00	14.65	1332.48
	520.66	0.00	14.68	1330.47
	520.67	0.00	14.75	1323.44
	520.69	0.00	14.85	1317.40
	520.70	0.00	14.92	1312.36
	520.71	0.00	15.01	1301.31
	520.72	0.00	15.18	1293.16
	520.73	0.00	15.32	1244.12
	520.75	0.00	15.37	1229.08
	520.76	0.00	15.46	1190.02
	520.77	0.00	15.52	1167.95
	520.78	0.00	15.57	1138.90
	520.79	0.00	15.58	1114.89
	520.80	0.00	15.59	1094.88
	520.82	0.00	15.57	1077.87
	520.83	0.00	15.55	1047.86
	520.84	0.00	15.48	1017.86
	520.85	0.00	15.43	994.85
	520.86	0.00	15.37	967.86
	520.87	0.00	15.30	951.86
	520.89	0.00	15.19	936.90
	520.90	0.00	15.05	917.97
	520.91	0.00	14.93	905.04
	520.92	0.00	14.89	906.09
	520.93	0.00	14.22	767.16
	520.94	0.00	13.90	709.20
	520.95	0.00	14.18	765.21
	520.97	0.00	14.20	772.21
	520.98	0.00	14.21	775.23
	520.99	0.00	14.19	779.24
	521.00	0.00	14.18	782.26
	521.01	0.00	14.20	790.27
	521.02	0.00	14.25	794.27
	521.04	0.00	14.25	798.29
	521.05	0.00	14.19	806.34
	521.06	0.00	14.25	806.32
	521.07	0.00	14.20	811.35
	521.08	0.00	14.25	811.34
	521.09	0.00	14.25	812.34
	521.11	0.00	14.26	812.33
	521.12	0.00	14.26	809.32
	521.13	0.00	14.25	809.32
	521.14	0.00	14.23	792.33
	521.15	0.00	14.28	814.32
	521.16	0.00	14.31	818.31
	521.18	0.00	14.31	817.31
	521.19	0.00	14.31	818.31
	521.20	0.00	14.33	820.30
	521.21	0.00	14.35	821.30
	521.22	0.00	14.31	819.30
	521.23	0.00	14.10	769.30
	521.25	0.00	13.70	694.26
	521.26	0.00	13.61	707.27
	521.27	0.00	13.27	729.39
	521.28	0.00	12.95	772.51
	521.29	0.00	13.37	904.56
	521.30	0.00	13.70	993.60
	521.32	0.00	13.85	1034.60
	521.33	0.00	13.93	1053.60
	521.34	0.00	13.98	1067.60
	521.35	0.00	14.09	1095.60
	521.36	0.00	14.20	1117.56
	521.37	0.00	14.19	1127.60
	521.38	0.00	14.23	1143.60
	521.40	0.00	14.25	1149.60
	521.41	0.00	14.27	1155.60
	521.42	0.00	14.27	1152.60
	521.43	0.00	14.29	1157.60
	521.44	0.00	14.29	1163.60
	521.46	0.00	14.30	1168.60
	521.47	0.00	14.29	1168.60
	521.48	0.00	14.31	1171.60
	521.49	0.00	14.30	1177.60
	521.50	0.00	14.31	1179.61
	521.51	0.00	14.32	1186.60
	521.53	0.00	14.30	1210.61
	521.54	0.00	14.30	1212.61
	521.55	0.00	14.33	1221.61
	521.56	0.00	14.32	1226.61
	521.57	0.00	14.33	1232.61
	521.58	0.00	14.34	1236.61
	521.59	0.00	14.29	1257.62
	521.61	0.00	14.31	1257.60
	521.62	0.00	14.31	1261.61
	521.63	0.00	14.33	1265.60
	521.64	0.00	14.35	1264.60
	521.65	0.00	14.35	1268.60
	521.66	0.00	14.38	1265.60
	521.68	0.00	14.39	1269.60
	521.69	0.00	14.41	1271.60
	521.70	0.00	14.41	1269.59
	521.71	0.00	14.43	1268.59
	521.72	0.00	14.43	1269.59
	521.73	0.00	14.44	1273.59
	521.75	0.00	14.46	1279.59
	521.76	0.00	14.45	1278.59
	521.77	0.00	14.46	1284.59
	521.78	0.00	14.46	1282.59
	521.79	0.00	14.46	1281.59
	521.80	0.00	14.46	1283.59
	521.82	0.00	14.52	1265.59
	521.83	0.00	14.46	1286.59
	521.84	0.00	14.46	1284.59
	521.85	0.00	14.46	1280.59
	521.86	0.00	14.47	1282.59
	521.87	0.00	14.52	1258.58
	521.89	0.00	14.52	1257.58
	521.90	0.00	14.51	1254.59
	521.91	0.00	14.53	1259.59
	521.92	0.00	14.55	1258.58
	521.93	0.00	14.57	1240.58
	521.95	0.00	14.57	1258.58
	521.96	0.00	14.59	1239.58
	521.97	0.00	14.60	1237.58
	521.98	0.00	14.61	1238.58
	521.99	0.00	14.62	1238.58
	522.00	0.00	14.64	1239.58
	522.01	0.00	14.65	1239.58
	522.03	0.00	14.67	1241.58
	522.04	0.00	14.68	1242.58
	522.05	0.00	14.68	1244.58
	522.06	0.00	14.68	1245.58
	522.07	0.00	14.69	1245.59
	522.08	0.00	14.67	1240.58
	522.09	0.00	14.70	1245.58
	522.11	0.00	14.69	1246.58
	522.12	0.00	14.69	1246.58
	522.13	0.00	14.69	1248.58
	522.14	0.00	14.69	1248.58
	522.15	0.00	14.69	1246.58
	522.17	0.00	14.69	1247.58
	522.18	0.00	14.70	1250.58
	522.19	0.00	14.70	1251.58
	522.20	0.00	14.71	1249.58
	522.21	0.00	14.71	1250.58
	522.22	0.00	14.73	1252.58
	522.23	0.00	14.74	1251.58
	522.25	0.00	14.75	1248.58
	522.26	0.00	14.78	1247.57
	522.27	0.00	14.78	1248.57
	522.28	0.00	14.78	1245.58
	522.29	0.00	14.80	1247.57
	522.30	0.00	14.81	1245.57
	522.32	0.00	14.81	1245.57
	522.33	0.00	14.81	1243.57
	522.34	0.00	14.81	1244.57
	522.35	0.00	14.83	1247.57
	522.36	0.00	14.82	1241.57
	522.38	0.00	14.81	1244.58
	522.39	0.00	14.82	1242.57
	522.40	0.00	14.83	1239.57
	522.41	0.00	14.83	1242.57
	522.42	0.00	14.84	1244.57
	522.43	0.00	14.84	1242.57
	522.45	0.00	14.83	1240.58
	522.46	0.00	14.84	1240.57
	522.47	0.00	14.84	1241.57
	522.48	0.00	14.85	1243.57
	522.49	0.00	14.84	1241.57
	522.50	0.00	14.83	1239.58
	522.52	0.00	14.83	1242.58
	522.53	0.00	14.83	1243.57
	522.54	0.00	14.83	1243.57
	522.55	0.00	14.81	1241.58
	522.56	0.00	14.82	1246.58
	522.57	0.00	14.80	1244.58
	522.59	0.00	14.78	1245.58
	522.60	0.00	14.78	1249.58
	522.61	0.00	14.77	1250.58
	522.62	0.00	14.74	1253.58
	522.63	0.00	14.73	1256.59
	522.64	0.00	14.71	1256.59
	522.66	0.00	14.71	1256.59
	522.67	0.00	14.70	1256.59
	522.68	0.00	14.70	1258.59
	522.69	0.00	14.69	1260.59
	522.70	0.00	14.68	1261.59
	522.71	0.00	14.68	1260.59
	522.72	0.00	14.67	1259.59
	522.74	0.00	14.67	1259.59
	522.75	0.00	14.66	1255.59
	522.76	0.00	14.66	1256.60
	522.77	0.00	14.67	1259.59
	522.78	0.00	14.66	1258.59
	522.80	0.00	14.65	1258.60
	522.81	0.00	14.65	1260.60
	522.82	0.00	14.65	1257.60
	522.83	0.00	14.65	1259.59
	522.84	0.00	14.63	1257.60
	522.85	0.00	14.64	1258.60
	522.86	0.00	14.63	1260.60
	522.88	0.00	14.63	1260.60
	522.89	0.00	14.63	1261.60
	522.90	0.00	14.63	1260.60
	522.91	0.00	14.62	1260.60
	522.92	0.00	14.63	1262.60
	522.94	0.00	14.63	1262.60
	522.95	0.00	14.61	1260.60
	522.96	0.00	14.62	1263.60
	522.97	0.00	14.62	1263.60
	522.98	0.00	14.62	1264.60
	522.99	0.00	14.62	1265.60
	523.01	0.00	14.62	1264.60
	523.02	0.00	14.60	1266.60
	523.03	0.00	14.61	1264.60
	523.04	0.00	14.60	1264.60
	523.05	0.00	14.61	1264.60
	523.06	0.00	14.61	1263.60
	523.08	0.00	14.60	1265.60
	523.09	0.00	14.60	1262.60
	523.10	0.00	14.60	1266.60
	523.11	0.00	14.58	1267.61
	523.12	0.00	14.59	1268.60
	523.13	0.00	14.57	1267.61
	523.15	0.00	14.57	1268.61
	523.16	0.00	14.57	1267.61
	523.17	0.00	14.58	1269.61
	523.18	0.00	14.56	1269.62
	523.19	0.00	14.56	1267.61
	523.20	0.00	14.55	1268.62
	523.21	0.00	14.54	1269.63
	523.23	0.00	14.55	1269.62
	523.24	0.00	14.55	1269.62
	523.25	0.00	14.54	1270.62
	523.26	0.00	14.53	1263.62
	523.27	0.00	14.55	1272.62
	523.28	0.00	14.55	1270.62
	523.30	0.00	14.55	1268.61
	523.31	0.00	14.55	1267.62
	523.32	0.00	14.55	1270.62
	523.33	0.00	14.55	1269.62
	523.34	0.00	14.55	1269.62
	523.35	0.00	14.56	1270.61
	523.37	0.00	14.55	1271.62
	523.38	0.00	14.56	1269.61
	523.39	0.00	14.55	1269.62
	523.40	0.00	14.56	1270.61
	523.41	0.00	14.56	1268.62
	523.42	0.00	14.55	1270.62
	523.44	0.00	14.55	1267.62
	523.45	0.00	14.58	1272.61
	523.46	0.00	14.57	1269.61
	523.47	0.00	14.57	1269.61
	523.48	0.00	14.56	1268.62
	523.49	0.00	14.57	1268.61
	523.51	0.00	14.58	1267.61
	523.52	0.00	14.58	1273.61
	523.53	0.00	14.57	1271.61
	523.54	0.00	14.58	1272.61
	523.55	0.00	14.57	1270.61
	523.57	0.00	14.57	1269.61
	523.58	0.00	14.57	1270.61
	523.59	0.00	14.56	1273.62
	523.60	0.00	14.57	1271.61
	523.61	0.00	14.57	1271.61
	523.62	0.00	14.58	1274.62
	523.63	0.00	14.55	1270.62
	523.65	0.00	14.56	1272.62
	523.66	0.00	14.56	1271.62
	523.67	0.00	14.55	1269.62
	523.68	0.00	14.56	1271.62
	523.69	0.00	14.55	1270.61
	523.70	0.00	14.54	1270.62
	523.72	0.00	14.55	1273.62
	523.73	0.00	14.55	1273.62
	523.74	0.00	14.55	1272.62
	523.75	0.00	14.53	1264.62
	523.76	0.00	14.54	1273.62
	523.77	0.00	14.54	1273.62
	523.79	0.00	14.54	1274.62
	523.80	0.00	14.53	1273.63
	523.81	0.00	14.54	1275.62
	523.82	0.00	14.54	1274.62
	523.83	0.00	14.54	1274.62
	523.84	0.00	14.54	1273.62
	523.85	0.00	14.53	1268.62
	523.87	0.00	14.55	1271.62
	523.88	0.00	14.55	1272.62
	523.89	0.00	14.56	1274.61
	523.90	0.00	14.55	1274.62
	523.91	0.00	14.55	1272.62
	523.92	0.00	14.55	1272.62
	523.94	0.00	14.56	1272.62
	523.95	0.00	14.56	1273.62
	523.96	0.00	14.56	1272.62
	523.97	0.00	14.57	1275.62
	523.98	0.00	14.58	1274.60
	524.00	0.00	14.55	1273.63
	524.01	0.00	14.57	1278.62
	524.02	0.00	14.57	1276.62
	524.03	0.00	14.56	1274.62
	524.04	0.00	14.57	1275.62
	524.05	0.00	14.57	1278.62
	524.07	0.00	14.56	1273.62
	524.08	0.00	14.57	1278.62
	524.09	0.00	14.57	1276.62
	524.10	0.00	14.59	1280.61
	524.11	0.00	14.59	1287.62
	524.12	0.00	14.57	1278.62
	524.14	0.00	14.57	1278.62
	524.15	0.00	14.58	1279.62
	524.16	0.00	14.58	1280.62
	524.17	0.00	14.59	1281.61
	524.18	0.00	14.58	1280.62
	524.19	0.00	14.58	1281.62
	524.21	0.00	14.57	1282.62
	524.22	0.00	14.58	1280.62
	524.23	0.00	14.57	1280.62
	524.24	0.00	14.58	1281.61
	524.25	0.00	14.58	1279.61
	524.26	0.00	14.55	1275.62
	524.28	0.00	14.57	1282.62
	524.29	0.00	14.59	1278.59
	524.30	0.00	14.57	1282.62
	524.31	0.00	14.58	1282.61
	524.32	0.00	14.58	1280.61
	524.33	0.00	14.58	1282.62
	524.34	0.00	14.57	1280.62
	524.36	0.00	14.59	1281.61
	524.37	0.00	14.59	1281.61
	524.38	0.00	14.58	1280.62
	524.39	0.00	14.60	1279.61
	524.40	0.00	14.60	1280.61
	524.41	0.00	14.61	1285.61
	524.43	0.00	14.60	1278.61
	524.44	0.00	14.60	1280.61
	524.45	0.00	14.61	1282.61
	524.46	0.00	14.60	1278.61
	524.47	0.00	14.61	1278.59
	524.48	0.00	14.60	1279.61
	524.50	0.00	14.60	1283.61
	524.51	0.00	14.60	1280.61
	524.52	0.00	14.59	1281.61
	524.53	0.00	14.59	1281.62
	524.54	0.00	14.59	1280.61
	524.55	0.00	14.59	1279.61
	524.57	0.00	14.59	1279.61
	524.58	0.00	14.58	1276.61
	524.59	0.00	14.58	1280.62
	524.60	0.00	14.58	1277.61
	524.61	0.00	14.59	1283.61
	524.62	0.00	14.58	1280.61
	524.64	0.00	14.58	1281.61
	524.65	0.00	14.59	1281.61
	524.66	0.00	14.58	1280.61
	524.67	0.00	14.58	1281.61
	524.68	0.00	14.57	1280.62
	524.69	0.00	14.57	1280.62
	524.71	0.00	14.57	1282.62
	524.72	0.00	14.58	1280.61
	524.73	0.00	14.56	1279.62
	524.74	0.00	14.57	1280.61
	524.75	0.00	14.58	1282.61
	524.77	0.00	14.58	1282.61
	524.78	0.00	14.57	1283.62
	524.79	0.00	14.58	1282.61
	524.80	0.00	14.56	1283.62
	524.81	0.00	14.58	1284.61
	524.82	0.00	14.57	1282.62
	524.83	0.00	14.57	1282.62
	524.85	0.00	14.57	1282.62
	524.86	0.00	14.57	1283.62
	524.87	0.00	14.58	1281.61
	524.88	0.00	14.57	1282.62
	524.89	0.00	14.56	1283.62
	524.90	0.00	14.57	1283.62
	524.91	0.00	14.56	1283.62
	524.93	0.00	14.57	1282.61
	524.94	0.00	14.57	1281.62
	524.95	0.00	14.59	1288.62
	524.96	1.00	14.58	1281.61
	524.97	1.00	14.57	1281.62
	524.99	1.00	14.56	1281.63
	525.00	1.00	14.57	1279.62
	525.01	1.00	14.57	1280.62
	525.02	1.00	14.57	1279.62
	525.03	1.00	14.56	1278.62
	525.04	1.00	14.58	1281.61
	525.06	1.00	14.57	1279.62
	525.07	1.00	14.61	1279.57
	525.08	1.00	14.58	1279.62
	525.09	1.00	14.58	1282.61
	525.10	1.00	14.58	1283.62
	525.11	1.00	14.59	1280.61
	525.13	1.00	14.59	1283.61
	525.14	1.00	14.60	1285.61
	525.15	1.00	14.58	1277.61
	525.16	1.00	14.58	1278.61
	525.17	1.00	14.58	1278.61
	525.18	0.00	14.58	1279.61
	525.20	0.00	14.58	1277.61
	525.21	0.00	14.57	1275.61
	525.22	0.00	14.58	1278.61
	525.23	0.00	14.58	1278.61
	525.24	0.00	14.58	1279.61
	525.25	0.00	14.59	1280.61
	525.27	0.00	14.59	1283.61
	525.28	0.00	14.59	1281.61
	525.29	0.00	14.58	1277.61
	525.30	0.00	14.58	1279.61
	525.31	0.00	14.59	1281.61
	525.32	0.00	14.58	1279.61
	525.34	0.00	14.59	1283.61
	525.35	0.00	14.59	1283.61
	525.36	0.00	14.59	1285.61
	525.37	0.00	14.58	1283.61
	525.38	0.00	14.58	1284.61
	525.39	0.00	14.59	1286.61
	525.41	0.00	14.58	1287.62
	525.42	0.00	14.58	1293.62
	525.43	0.00	14.57	1289.62
	525.44	0.00	14.57	1291.62
	525.45	0.00	14.57	1297.63
	525.46	0.00	14.55	1293.63
	525.47	0.00	14.55	1298.64
	525.49	0.00	14.51	1321.64
	525.50	0.00	14.51	1323.64
	525.51	0.00	14.48	1324.65
	525.52	0.00	14.48	1331.66
	525.53	0.00	14.44	1328.67
	525.54	0.00	14.43	1325.67
	525.56	0.00	14.39	1322.68
	525.57	0.00	14.38	1328.69
	525.58	0.00	14.35	1329.69
	525.59	0.00	14.35	1327.68
	525.60	0.00	14.32	1326.68
	525.62	0.00	14.29	1328.70
	525.63	0.00	14.28	1335.70
	525.64	0.00	14.25	1336.70
	525.65	0.00	14.22	1338.71
	525.66	0.00	14.21	1336.72
	525.67	0.00	14.18	1335.74
	525.69	0.00	14.15	1336.76
	525.70	0.00	14.13	1338.77
	525.71	0.00	14.10	1336.79
	525.72	0.00	14.06	1355.78
	525.73	0.00	14.05	1355.79
	525.74	0.00	14.05	1356.79
	525.76	0.00	14.06	1356.79
	525.77	0.00	14.06	1357.79
	525.78	0.00	14.08	1357.79
	525.79	0.00	14.09	1359.78
	525.80	0.00	14.12	1333.78
	525.81	0.00	14.18	1337.75
	525.83	0.00	14.28	1341.73
	525.84	0.00	14.32	1347.73
	525.85	0.00	14.37	1350.73
	525.86	0.00	14.43	1353.71
	525.87	0.00	14.48	1356.71
	525.88	0.00	14.57	1353.69
	525.90	0.00	14.65	1346.68
	525.91	0.00	14.80	1331.66
	525.92	0.00	14.93	1321.65
	525.93	0.00	15.02	1310.63
	525.94	0.00	15.18	1283.57
	525.95	0.00	15.30	1269.53
	525.97	0.00	15.35	1262.52
	525.98	0.00	15.64	1244.23
	525.99	0.00	15.75	1230.12
	526.00	0.00	15.79	1217.10
	526.01	0.00	15.73	1158.08
	526.02	0.00	15.57	1054.05
	526.03	0.00	15.29	935.04
	526.05	0.00	15.17	878.01
	526.06	0.00	15.14	863.00
	526.07	0.00	15.11	849.98
	526.08	0.00	15.06	832.97
	526.09	0.00	15.02	820.97
	526.10	0.00	15.00	809.97
	526.12	0.00	14.97	802.97
	526.13	0.00	14.92	797.99
	526.14	0.00	14.92	793.99
	526.15	0.00	14.90	793.00
	526.16	0.00	14.86	788.00
	526.17	0.00	14.82	777.99
	526.19	0.00	14.70	759.99
	526.20	0.00	14.36	697.99
	526.21	0.00	14.30	688.99
	526.22	0.00	14.61	756.99
	526.23	0.00	14.72	789.99
	526.24	0.00	14.76	800.99
	526.26	0.00	14.78	802.99
	526.27	0.00	14.78	806.99
	526.28	0.00	14.76	803.99
	526.29	0.00	14.77	805.99
	526.30	0.00	14.79	808.98
	526.31	0.00	14.81	816.99
	526.33	0.00	14.82	821.99
	526.34	0.00	14.84	831.00
	526.35	0.00	14.87	839.00
	526.36	0.00	14.88	842.00
	526.37	0.00	14.89	846.00
	526.38	0.00	14.90	852.00
	526.40	0.00	14.92	856.00
	526.41	0.00	14.92	858.00
	526.42	0.00	14.95	865.99
	526.43	0.00	15.03	884.99
	526.44	0.00	15.08	898.98
	526.45	0.00	15.14	914.97
	526.47	0.00	15.21	950.95
	526.48	0.00	15.33	976.90
	526.49	0.00	15.41	1017.91
	526.50	0.00	15.45	1048.93
	526.51	0.00	15.46	1083.97
	526.52	0.00	15.43	1112.03
	526.53	0.00	15.31	1140.11
	526.55	0.00	15.03	1168.33
	526.56	0.00	14.94	1190.38
	526.57	0.00	14.80	1227.40
	526.58	0.00	14.79	1237.41
	526.59	0.00	14.69	1262.43
	526.60	0.00	14.67	1270.45
	526.62	0.00	14.64	1272.47
	526.63	0.00	14.58	1281.50
	526.64	0.00	14.54	1285.51
	526.65	0.00	14.52	1264.53
	526.66	0.00	14.50	1265.55
	526.67	0.00	14.51	1264.56
	526.69	0.00	14.47	1260.57
	526.70	0.00	14.44	1257.59
	526.71	0.00	14.42	1250.59
	526.72	0.00	14.41	1262.60
	526.73	0.00	14.38	1259.60
	526.74	0.00	14.38	1262.60
	526.76	0.00	14.36	1260.60
	526.77	0.00	14.36	1260.59
	526.78	0.00	14.35	1260.60
	526.79	0.00	14.33	1267.60
	526.80	0.00	14.33	1268.61
	526.82	0.00	14.32	1272.61
	526.83	0.00	14.32	1275.61
	526.84	0.00	14.31	1280.61
	526.85	0.00	14.31	1285.61
	526.86	0.00	14.30	1287.61
	526.87	0.00	14.31	1288.61
	526.88	0.00	14.29	1291.61
	526.90	0.00	14.28	1293.61
	526.91	0.00	14.23	1315.61
	526.92	0.00	14.24	1320.61
	526.93	0.00	14.23	1319.62
	526.94	0.00	14.23	1323.61
	526.96	0.00	14.21	1323.62
	526.97	0.00	14.21	1323.62
	526.98	0.00	14.20	1326.62
	526.99	0.00	14.19	1328.62
	527.00	0.00	14.19	1333.62
	527.01	0.00	14.17	1360.63
	527.03	0.00	14.17	1364.63
	527.04	0.00	14.16	1366.63
	527.05	0.00	14.15	1370.64
	527.06	0.00	14.10	1366.64
	527.07	0.00	14.11	1380.64
	527.08	0.00	14.12	1378.64
	527.09	0.00	14.10	1379.65
	527.11	0.00	14.09	1383.65
	527.12	0.00	14.11	1385.64
	527.13	0.00	14.10	1384.65
	527.14	0.00	14.10	1382.64
	527.15	0.00	14.11	1382.63
	527.16	0.00	14.12	1383.63
	527.18	0.00	14.15	1362.62
	527.19	0.00	14.13	1373.61
	527.20	0.00	14.16	1380.60
	527.21	0.00	14.16	1380.60
	527.22	0.00	14.16	1382.61
	527.23	0.00	14.17	1363.62
	527.25	0.00	14.17	1380.61
	527.26	0.00	14.19	1379.60
	527.27	0.00	14.23	1361.58
	527.28	0.00	14.27	1358.55
	527.29	0.00	14.28	1359.53
	527.30	0.00	14.32	1354.51
	527.32	0.00	14.35	1358.51
	527.33	0.00	14.34	1350.52
	527.34	0.00	14.33	1351.53
	527.35	0.00	14.34	1350.53
	527.36	0.00	14.33	1349.53
	527.38	0.00	14.33	1345.53
	527.39	0.00	14.29	1346.55
	527.40	0.00	14.28	1349.56
	527.41	0.00	14.27	1351.53
	527.42	0.00	14.22	1351.57
	527.43	0.00	14.18	1351.58
	527.44	0.00	14.15	1352.59
	527.46	0.00	14.10	1353.59
	527.47	0.00	14.07	1353.60
	527.48	0.00	14.04	1353.60
	527.49	0.00	14.02	1352.60
	527.50	0.00	14.00	1352.61
	527.52	0.00	14.01	1347.61
	527.53	0.00	13.98	1328.61
	527.54	0.00	13.97	1325.61
	527.55	0.00	13.94	1316.61
	527.56	0.00	13.96	1320.61
	527.57	0.00	13.95	1317.61
	527.59	0.00	13.94	1311.61
	527.60	0.00	13.94	1302.61
	527.61	0.00	13.93	1301.61
	527.62	0.00	13.92	1299.61
	527.63	0.00	13.93	1295.60
	527.64	0.00	13.93	1295.61
	527.66	0.00	13.94	1292.59
	527.67	0.00	13.94	1292.60
	527.68	0.00	13.95	1287.60
	527.69	0.00	13.95	1287.60
	527.70	0.00	13.95	1282.60
	527.71	0.00	13.96	1281.59
	527.72	0.00	14.00	1277.57
	527.74	0.00	14.01	1273.59
	527.75	0.00	14.06	1263.58
	527.76	0.00	14.14	1255.57
	527.77	0.00	14.22	1242.56
	527.78	0.00	14.30	1230.55
	527.80	0.00	14.47	1198.50
	527.81	0.00	14.56	1189.46
	527.82	0.00	14.74	1169.41
	527.83	0.00	15.03	1150.29
	527.84	0.00	15.27	1136.14
	527.85	0.00	15.36	1123.10
	527.86	0.00	15.41	1114.07
	527.88	0.00	15.41	1099.06
	527.89	0.00	15.40	1086.05
	527.90	0.00	15.37	1068.04
	527.91	0.00	15.35	1047.03
	527.92	0.00	15.27	993.02
	527.94	0.00	15.21	964.02
	527.95	0.00	15.15	943.02
	527.96	0.00	15.12	934.03
	527.97	0.00	15.11	933.03
	527.98	0.00	15.12	936.03
	527.99	0.00	15.12	932.03
	528.01	0.00	15.07	919.03
	528.02	0.00	14.93	884.04
	528.03	0.00	14.89	873.04
	528.04	0.00	14.87	867.04
	528.05	0.00	14.85	865.05
	528.06	0.00	14.82	861.04
	528.07	0.00	14.82	860.04
	528.09	0.00	14.81	856.04
	528.10	0.00	14.80	854.04
	528.11	0.00	14.79	851.04
	528.12	0.00	14.78	848.04
	528.13	0.00	14.76	845.04
	528.14	0.00	14.76	848.04
	528.16	0.00	14.75	842.04
	528.17	0.00	14.72	835.04
	528.18	0.00	14.71	833.04
	528.19	0.00	14.68	835.05
	528.20	0.00	14.45	828.05
	528.21	0.00	14.39	893.22
	528.22	0.00	14.12	919.37
	528.24	0.00	13.96	949.44
	528.25	0.00	13.85	969.48
	528.26	0.00	13.87	986.49
	528.27	0.00	13.83	998.51
	528.28	0.00	13.76	1015.55
	528.29	0.00	13.69	1039.56
	528.31	0.00	13.65	1062.58
	528.32	0.00	13.50	1076.59
	528.33	0.00	13.46	1097.60
	528.34	0.00	13.40	1109.61
	528.35	0.00	13.36	1121.62
	528.36	0.00	13.33	1127.63
	528.38	0.00	13.27	1153.63
	528.39	0.00	13.25	1156.63
	528.40	0.00	13.24	1157.63
	528.41	0.00	13.22	1164.63
	528.42	0.00	13.20	1168.63
	528.44	0.00	13.18	1175.63
	528.45	0.00	13.17	1175.63
	528.46	0.00	13.17	1183.63
	528.47	0.00	13.15	1186.63
	528.48	0.00	13.14	1190.63
	528.49	0.00	13.13	1192.63
	528.51	0.00	13.12	1200.63
	528.52	0.00	13.11	1205.63
	528.53	0.00	13.10	1212.63
	528.54	0.00	13.10	1215.63
	528.55	0.00	13.11	1241.63
	528.57	0.00	13.12	1245.63
	528.58	0.00	13.11	1253.64
	528.59	0.00	13.11	1261.63
	528.60	0.00	13.09	1272.63
	528.61	0.00	13.08	1275.63
	528.62	0.00	13.07	1278.63
	528.63	0.00	13.06	1282.63
	528.65	0.00	13.04	1283.63
	528.66	0.00	13.04	1280.63
	528.67	0.00	13.03	1281.63
	528.68	0.00	13.04	1278.63
	528.69	0.00	13.04	1272.63
	528.71	0.00	13.09	1272.62
	528.72	0.00	13.13	1265.62
	528.73	0.00	13.14	1262.62
	528.74	0.00	13.15	1265.62
	528.75	0.00	13.18	1264.62
	528.76	0.00	13.20	1267.62
	528.78	0.00	13.20	1257.62
	528.79	0.00	13.25	1264.62
	528.80	0.00	13.32	1268.62
	528.81	0.00	13.38	1269.62
	528.82	0.00	13.41	1270.61
	528.83	0.00	13.44	1270.62
	528.84	0.00	13.46	1271.61
	528.86	0.00	13.50	1273.61
	528.87	0.00	13.51	1270.61
	528.88	0.00	13.52	1266.62
	528.89	0.00	13.54	1263.61
	528.90	0.00	13.56	1264.61
	528.92	0.00	13.57	1263.61
	528.93	0.00	13.58	1264.61
	528.94	0.00	13.61	1259.61
	528.95	0.00	13.63	1236.61
	528.96	0.00	13.67	1232.61
	528.97	0.00	13.69	1228.60
	528.99	0.00	13.70	1226.60
	529.00	0.00	13.73	1226.60
	529.01	0.00	13.75	1224.60
	529.02	0.00	13.75	1223.60
	529.03	0.00	13.77	1220.60
	529.04	0.00	13.77	1219.60
	529.06	0.00	13.78	1219.60
	529.07	0.00	13.79	1214.60
	529.08	0.00	13.81	1213.60
	529.09	0.00	13.83	1213.59
	529.10	0.00	13.82	1207.59
	529.11	0.00	13.86	1206.56
	529.13	0.00	13.85	1205.60
	529.14	0.00	13.86	1204.59
	529.15	0.00	13.88	1200.59
	529.16	0.00	13.89	1199.59
	529.17	0.00	13.91	1196.59
	529.18	0.00	13.95	1195.58
	529.20	0.00	13.94	1193.59
	529.21	0.00	13.95	1193.59
	529.22	0.00	13.96	1194.58
	529.23	0.00	13.97	1190.58
	529.24	0.00	13.97	1190.58
	529.26	0.00	13.99	1185.57
	529.27	0.00	14.00	1182.57
	529.28	0.00	14.01	1181.57
	529.29	0.00	14.02	1179.57
	529.30	0.00	14.04	1176.57
	529.31	0.00	14.06	1173.56
	529.33	0.00	14.10	1168.56
	529.34	0.00	14.14	1164.56
	529.35	0.00	14.17	1162.55
	529.36	0.00	14.27	1139.54
	529.37	0.00	14.31	1136.53
	529.38	0.00	14.37	1134.51
	529.40	0.00	14.40	1132.49
	529.41	0.00	14.43	1128.48
	529.42	0.00	14.55	1118.46
	529.43	0.00	14.57	1113.45
	529.44	0.00	14.61	1109.43
	529.45	0.00	14.68	1102.41
	529.47	0.00	14.77	1092.37
	529.48	0.00	14.86	1081.34
	529.49	0.00	14.91	1075.33
	529.50	0.00	14.94	1064.32
	529.51	0.00	14.97	1048.30
	529.52	0.00	15.03	1035.24
	529.54	0.00	15.06	1029.22
	529.55	0.00	15.09	1017.16
	529.56	0.00	15.11	1003.12
	529.57	0.00	15.07	989.11
	529.58	0.00	15.05	969.09
	529.59	0.00	14.96	940.09
	529.60	0.00	14.84	886.08
	529.62	0.00	14.81	896.08
	529.63	0.00	14.77	880.08
	529.64	0.00	14.80	889.08
	529.65	0.00	14.90	913.07
	529.66	0.00	14.94	929.08
	529.68	0.00	14.98	945.08
	529.69	0.00	15.02	961.09
	529.70	0.00	15.05	975.10
	529.71	0.00	14.85	1003.31
	529.72	0.00	14.73	1017.43
	529.73	0.00	14.69	1026.48
	529.75	0.00	14.69	1042.49
	529.76	0.00	14.73	1053.49
	529.77	0.00	14.81	1067.48
	529.78	0.00	14.85	1073.47
	529.79	0.00	14.89	1080.46
	529.80	0.00	14.91	1088.45
	529.82	0.00	14.91	1098.45
	529.83	0.00	14.91	1102.46
	529.84	0.00	14.89	1111.47
	529.85	0.00	14.87	1121.47
	529.86	0.00	14.83	1126.50
	529.87	0.00	14.76	1135.52
	529.89	0.00	14.69	1143.53
	529.90	0.00	14.62	1153.55
	529.91	0.00	14.56	1160.56
	529.92	0.00	14.54	1164.58
	529.93	0.00	14.54	1165.59
	529.94	0.00	14.52	1169.59
	529.96	0.00	14.47	1175.61
	529.97	0.00	14.42	1179.62
	529.98	0.00	14.39	1183.62
	529.99	0.00	14.37	1187.63
	530.00	0.00	14.28	1209.64
	530.02	0.00	14.25	1214.65
	530.03	0.00	14.24	1217.65
	530.04	0.00	14.19	1222.66
	530.05	0.00	14.17	1223.67
	530.06	0.00	14.15	1228.67
	530.07	0.00	14.07	1237.67
	530.08	0.00	14.07	1242.67
	530.10	0.00	14.06	1243.67
	530.11	0.00	14.04	1243.68
	530.12	0.00	14.01	1235.68
	530.13	0.00	14.04	1244.67
	530.14	0.00	14.03	1249.67
	530.16	0.00	14.03	1249.67
	530.17	0.00	14.02	1251.67
	530.18	0.00	14.01	1251.67
	530.19	0.00	14.01	1251.67
	530.20	0.00	14.01	1253.67
	530.21	0.00	13.99	1254.67
	530.22	0.00	14.00	1258.67
	530.24	0.00	13.99	1259.67
	530.25	0.00	13.98	1262.67
	530.26	0.00	13.96	1264.67
	530.27	0.00	13.96	1265.67
	530.28	0.00	13.96	1268.67
	530.29	0.00	13.96	1266.67
	530.31	0.00	13.96	1271.67
	530.32	0.00	13.94	1269.67
	530.33	0.00	13.94	1270.67
	530.34	0.00	13.93	1272.67
	530.35	0.00	13.92	1273.67
	530.36	0.00	13.93	1273.67
	530.38	0.00	13.92	1275.67
	530.39	0.00	13.90	1276.67
	530.40	0.00	13.89	1276.67
	530.41	0.00	13.90	1282.67
	530.42	0.00	13.89	1282.67
	530.44	0.00	13.90	1283.67
	530.45	0.00	13.89	1279.67
	530.46	0.00	13.91	1281.66
	530.47	0.00	13.90	1280.67
	530.48	0.00	13.92	1280.66
	530.49	0.00	13.92	1280.66
	530.51	0.00	13.92	1278.66
	530.52	0.00	13.92	1279.66
	530.53	0.00	13.92	1277.66
	530.54	0.00	13.93	1282.66
	530.55	0.00	13.93	1281.66
	530.57	0.00	13.96	1284.62
	530.58	0.00	13.93	1284.66
	530.59	0.00	13.93	1286.66
	530.60	0.00	13.93	1282.66
	530.61	0.00	13.94	1284.66
	530.62	0.00	13.95	1285.66
	530.63	0.00	13.95	1283.65
	530.65	0.00	13.95	1282.65
	530.66	0.00	13.94	1282.66
	530.67	0.00	13.94	1277.65
	530.68	0.00	13.95	1283.65
	530.69	0.00	13.96	1284.65
	530.71	0.00	13.96	1284.65
	530.72	0.00	13.97	1285.65
	530.73	0.00	13.97	1284.65
	530.74	0.00	13.97	1284.65
	530.75	0.00	13.98	1284.65
	530.76	0.00	13.98	1281.65
	530.78	0.00	14.00	1286.65
	530.79	0.00	13.99	1284.65
	530.80	0.00	14.00	1283.64
	530.81	1.00	14.00	1284.64
	530.82	1.00	14.00	1283.64
	530.83	1.00	13.99	1284.65
	530.84	1.00	13.99	1283.65
	530.86	1.00	14.01	1285.64
	530.87	1.00	14.02	1280.64
	530.88	1.00	14.01	1282.64
	530.89	1.00	14.01	1282.64
	530.90	1.00	14.02	1283.64
	530.91	1.00	14.02	1282.64
	530.93	1.00	14.01	1281.64
	530.94	1.00	14.02	1283.63
	530.95	1.00	14.01	1283.64
	530.96	1.00	14.02	1282.64
	530.97	1.00	14.02	1281.64
	530.98	1.00	14.03	1281.64
	531.00	0.00	14.03	1282.64
	531.01	0.00	14.03	1282.64
	531.02	0.00	14.04	1280.63
	531.03	0.00	14.05	1281.63
	531.04	0.00	14.04	1280.64
	531.05	0.00	14.06	1279.63
	531.07	0.00	14.06	1279.63
	531.08	0.00	14.08	1282.63
	531.09	0.00	14.07	1279.63
	531.10	0.00	14.07	1279.63
	531.11	0.00	14.06	1278.64
	531.13	0.00	14.07	1281.63
	531.14	0.00	14.06	1278.63
	531.15	0.00	14.06	1280.63
	531.16	0.00	14.06	1279.63
	531.17	0.00	14.07	1284.63
	531.18	0.00	14.05	1281.63
	531.20	0.00	14.05	1281.63
	531.21	0.00	14.02	1282.64
	531.22	0.00	14.02	1282.63
	531.23	0.00	14.01	1280.63
	531.24	0.00	14.00	1279.63
	531.25	0.00	14.00	1282.63
	531.27	0.00	13.99	1282.63
	531.28	0.00	13.98	1280.64
	531.29	0.00	13.99	1282.63
	531.30	0.00	13.99	1284.64
	531.31	0.00	14.01	1281.63
	531.32	0.00	14.00	1281.63
	531.34	0.00	14.03	1286.64
	531.35	0.00	14.02	1285.63
	531.36	0.00	14.02	1286.63
	531.37	0.00	14.03	1291.63
	531.38	0.00	14.03	1290.63
	531.39	0.00	14.03	1290.63
	531.41	0.00	14.03	1292.62
	531.42	0.00	14.02	1295.63
	531.43	0.00	14.02	1295.63
	531.44	0.00	14.00	1316.63
	531.45	0.00	13.99	1319.63
	531.47	0.00	14.00	1318.63
	531.48	0.00	14.00	1324.63
	531.49	0.00	13.99	1323.63
	531.50	0.00	13.98	1321.64
	531.51	0.00	13.99	1324.63
	531.52	0.00	13.99	1327.63
	531.53	0.00	13.98	1326.63
	531.55	0.00	13.99	1327.63
	531.56	0.00	13.97	1325.63
	531.57	0.00	13.97	1327.63
	531.58	0.00	13.97	1329.63
	531.59	0.00	13.96	1327.63
	531.60	0.00	13.95	1324.63
	531.62	0.00	13.96	1332.63
	531.63	0.00	13.95	1332.63
	531.64	0.00	13.94	1333.63
	531.65	0.00	13.93	1334.63
	531.66	0.00	13.93	1335.63
	531.68	0.00	13.93	1336.63
	531.69	0.00	13.91	1327.63
	531.70	0.00	13.93	1335.63
	531.71	0.00	13.93	1336.63
	531.72	0.00	13.94	1335.63
	531.73	0.00	13.93	1334.63
	531.75	0.00	13.94	1337.63
	531.76	0.00	13.94	1335.63
	531.77	0.00	13.94	1338.63
	531.78	0.00	13.95	1338.63
	531.79	0.00	13.95	1338.63
	531.80	0.00	13.95	1338.63
	531.82	0.00	13.95	1338.63
	531.83	0.00	13.95	1338.63
	531.84	0.00	13.95	1340.63
	531.85	0.00	13.95	1340.63
	531.86	0.00	13.95	1338.63
	531.87	0.00	13.95	1339.63
	531.89	0.00	13.95	1338.63
	531.90	0.00	13.95	1341.63
	531.91	0.00	13.97	1339.60
	531.92	0.00	13.95	1338.63
	531.93	0.00	13.95	1337.63
	531.95	0.00	13.96	1338.63
	531.96	0.00	13.96	1338.63
	531.97	0.00	13.97	1338.63
	531.98	0.00	13.96	1337.63
	531.99	0.00	13.99	1336.60
	532.00	0.00	13.97	1336.63
	532.02	0.00	13.98	1335.62
	532.03	0.00	13.98	1338.62
	532.04	0.00	13.98	1336.62
	532.05	0.00	14.00	1341.62
	532.06	0.00	13.97	1331.62
	532.07	0.00	13.98	1338.63
	532.09	0.00	14.00	1337.62
	532.10	0.00	14.00	1337.62
	532.11	0.00	13.99	1337.62
	532.12	0.00	14.00	1336.62
	532.13	0.00	14.01	1337.62
	532.14	0.00	14.00	1339.62
	532.16	0.00	14.00	1338.62
	532.17	0.00	14.01	1337.62
	532.18	0.00	13.99	1337.62
	532.19	0.00	14.00	1341.62
	532.20	0.00	14.00	1342.62
	532.21	0.00	14.00	1340.62
	532.23	0.00	14.00	1340.62
	532.24	0.00	14.01	1343.62
	532.25	0.00	14.02	1347.62
	532.26	0.00	14.00	1342.62
	532.27	0.00	14.00	1342.62
	532.28	0.00	14.00	1341.62
	532.29	0.00	14.00	1343.62
	532.31	0.00	14.00	1344.63
	532.32	0.00	14.01	1347.62
	532.33	0.00	14.00	1347.62
	532.34	0.00	14.00	1345.62
	532.35	0.00	14.00	1345.62
	532.37	0.00	13.98	1339.62
	532.38	0.00	14.01	1349.62
	532.39	0.00	13.99	1345.62
	532.40	0.00	14.01	1350.62
	532.41	0.00	14.01	1347.62
	532.42	0.00	14.00	1347.62
	532.44	0.00	14.00	1348.62
	532.45	0.00	14.00	1347.62
	532.46	0.00	14.00	1347.62
	532.47	0.00	13.99	1346.62
	532.48	0.00	14.00	1351.62
	532.50	0.00	14.00	1348.62
	532.51	0.00	14.00	1348.62
	532.52	0.00	14.00	1349.62
	532.53	0.00	14.00	1347.61
	532.54	0.00	13.99	1348.63
	532.55	0.00	13.99	1350.62
	532.56	0.00	14.00	1348.62
	532.58	0.00	13.99	1347.62
	532.59	0.00	13.98	1344.62
	532.60	0.00	14.00	1348.62
	532.61	0.00	13.99	1347.63
	532.62	0.00	14.00	1348.62
	532.64	0.00	14.00	1348.62
	532.65	0.00	14.00	1348.62
	532.66	0.00	14.01	1350.62
	532.67	0.00	14.00	1349.62
	532.68	0.00	14.01	1351.62
	532.69	0.00	14.01	1350.62
	532.71	0.00	14.01	1349.61
	532.72	0.00	14.00	1349.62
	532.73	0.00	14.01	1347.62
	532.74	0.00	14.00	1349.62
	532.75	0.00	14.01	1349.61
	532.76	0.00	14.00	1350.63
	532.78	0.00	14.02	1353.61
	532.79	0.00	14.02	1350.62
	532.80	0.00	14.02	1350.62
	532.81	0.00	14.01	1346.61
	532.82	0.00	14.02	1349.61
	532.83	0.00	14.02	1348.61
	532.84	0.00	14.02	1348.62
	532.86	0.00	14.03	1350.61
	532.87	0.00	14.03	1350.61
	532.88	0.00	14.03	1350.61
	532.89	0.00	14.03	1349.61
	532.90	0.00	14.02	1351.62
	532.92	0.00	14.02	1349.62
	532.93	0.00	14.03	1345.61
	532.94	0.00	14.04	1347.61
	532.95	0.00	14.04	1349.61
	532.96	0.00	14.05	1349.61
	532.97	0.00	14.05	1348.61
	532.98	0.00	14.05	1348.62
	533.00	0.00	14.06	1346.61
	533.01	0.00	14.06	1347.61
	533.02	0.00	14.07	1347.61
	533.03	0.00	14.07	1349.61
	533.04	0.00	14.08	1350.61
	533.06	0.00	14.07	1346.61
	533.07	0.00	14.07	1348.61
	533.08	0.00	14.08	1348.61
	533.09	0.00	14.08	1346.61
	533.10	0.00	14.08	1346.61
	533.11	0.00	14.08	1347.61
	533.13	0.00	14.08	1346.61
	533.14	0.00	14.08	1346.60
	533.15	0.00	14.08	1347.61
	533.16	0.00	14.07	1347.61
	533.17	0.00	14.07	1345.61
	533.19	0.00	14.07	1346.61
	533.20	0.00	14.07	1345.61
	533.21	0.00	14.07	1345.61
	533.22	0.00	14.07	1346.61
	533.23	0.00	14.07	1346.61
	533.24	0.00	14.06	1343.61
	533.26	0.00	14.06	1347.61
	533.27	0.00	14.06	1347.61
	533.28	0.00	14.07	1348.61
	533.29	0.00	14.06	1346.61
	533.30	0.00	14.09	1347.57
	533.31	0.00	14.06	1349.61
	533.33	0.00	14.07	1348.61
	533.34	0.00	14.05	1349.61
	533.35	0.00	14.05	1348.61
	533.36	0.00	14.05	1346.61
	533.37	0.00	14.04	1349.61
	533.38	0.00	14.04	1348.61
	533.40	0.00	14.05	1349.61
	533.41	0.00	14.05	1347.61
	533.42	0.00	14.06	1354.61
	533.43	0.00	14.04	1348.61
	533.44	0.00	14.03	1349.61
	533.45	0.00	14.04	1348.61
	533.47	0.00	14.04	1349.61
	533.48	0.00	14.03	1350.61
	533.49	0.00	14.02	1350.61
	533.50	0.00	14.03	1348.61
	533.51	0.00	14.02	1347.61
	533.52	0.00	14.00	1343.61
	533.53	0.00	14.01	1349.61
	533.55	0.00	14.01	1350.61
	533.56	0.00	14.01	1351.61
	533.57	0.00	14.00	1351.61
	533.58	0.00	14.00	1351.61
	533.59	0.00	14.00	1353.61
	533.61	0.00	13.98	1352.61
	533.62	0.00	13.97	1352.63
	533.63	0.00	13.96	1353.62
	533.64	0.00	13.94	1354.62
	533.65	0.00	13.92	1351.62
	533.66	0.00	13.88	1348.62
	533.68	0.00	13.87	1350.62
	533.69	0.00	13.85	1331.63
	533.70	0.00	13.81	1321.63
	533.71	0.00	13.78	1320.64
	533.72	0.00	13.74	1317.65
	533.73	0.00	13.73	1314.65
	533.75	0.00	13.72	1308.65
	533.76	0.00	13.69	1309.66
	533.77	0.00	13.67	1308.66
	533.78	0.00	13.66	1307.66
	533.79	0.00	13.63	1307.66
	533.80	0.00	13.63	1309.63
	533.82	0.00	13.58	1308.67
	533.83	0.00	13.57	1313.67
	533.84	0.00	13.54	1313.67
	533.85	0.00	13.53	1315.67
	533.86	0.00	13.51	1318.68
	533.88	0.00	13.50	1320.68
	533.89	0.00	13.49	1319.68
	533.90	0.00	13.49	1321.68
	533.91	0.00	13.48	1319.68
	533.92	0.00	13.49	1326.67
	533.93	0.00	13.49	1326.68
	533.95	0.00	13.48	1323.68
	533.96	0.00	13.47	1322.68
	533.97	0.00	13.47	1322.68
	533.98	0.00	13.45	1315.71
	533.99	0.00	13.44	1313.71
	534.00	0.00	13.47	1309.71
	534.02	0.00	13.50	1303.65
	534.03	0.00	13.50	1296.70
	534.04	0.00	13.51	1297.67
	534.05	0.00	13.53	1294.66
	534.06	0.00	13.56	1272.66
	534.07	0.00	13.55	1292.65
	534.09	0.00	13.71	1300.63
	534.10	0.00	13.73	1326.64
	534.11	0.00	13.77	1335.64
	534.12	0.00	13.81	1339.64
	534.13	0.00	13.85	1340.64
	534.15	0.00	13.86	1340.64
	534.16	0.00	13.89	1341.64
	534.17	0.00	13.88	1330.64
	534.18	0.00	13.84	1314.63
	534.19	0.00	13.83	1311.63
	534.20	0.00	13.86	1322.64
	534.22	0.00	13.89	1339.64
	534.23	0.00	13.92	1398.64
	534.24	0.00	13.94	1419.65
	534.25	0.00	13.99	1432.63
	534.26	0.00	14.03	1436.63
	534.27	0.00	14.08	1447.64
	534.28	0.00	14.14	1454.63
	534.30	0.00	14.16	1454.64
	534.31	0.00	14.22	1458.61
	534.32	0.00	14.26	1471.63
	534.33	0.00	14.29	1477.62
	534.34	0.00	14.35	1463.62
	534.35	0.00	14.40	1468.61
	534.37	0.00	14.45	1494.61
	534.38	0.00	14.48	1498.61
	534.39	0.00	14.52	1496.60
	534.40	0.00	14.56	1491.59
	534.41	0.00	14.59	1485.59
	534.42	0.00	14.62	1490.58
	534.44	0.00	14.62	1497.58
	534.45	0.00	14.63	1496.58
	534.46	0.00	14.65	1499.56
	534.47	0.00	14.67	1499.57
	534.48	0.00	14.68	1498.56
	534.50	0.00	14.70	1498.56
	534.51	0.00	14.74	1501.54
	534.52	0.00	14.77	1495.52
	534.53	0.00	14.79	1492.51
	534.54	0.00	14.83	1488.49
	534.55	0.00	14.86	1491.47
	534.57	0.00	14.86	1466.46
	534.58	0.00	14.87	1472.45
	534.59	0.00	14.90	1475.43
	534.60	0.00	14.92	1478.40
	534.61	0.00	15.01	1483.31
	534.62	0.00	15.08	1482.22
	534.64	0.00	15.13	1489.18
	534.65	0.00	15.20	1488.16
	534.66	0.00	15.22	1490.14
	534.67	0.00	15.25	1490.13
	534.68	0.00	15.32	1483.11
	534.69	0.00	15.37	1471.10
	534.71	0.00	15.46	1458.09
	534.72	0.00	15.55	1439.07
	534.73	0.00	15.62	1404.05
	534.74	0.00	15.77	1344.03
	534.75	0.00	15.83	1313.98
	534.76	0.00	15.85	1296.96
	534.78	0.00	15.85	1277.95
	534.79	0.00	16.01	1276.93
	534.80	0.00	16.05	1255.90
	534.81	0.00	16.07	1237.88
	534.82	0.00	16.08	1216.87
	534.83	0.00	16.06	1189.85
	534.84	0.00	16.01	1148.85
	534.86	0.00	15.76	1059.84
	534.87	0.00	15.70	1021.84
	534.88	0.00	15.66	988.84
	534.89	0.00	15.67	973.83
	534.90	0.00	15.61	952.83
	534.91	0.00	15.58	933.83
	534.93	0.00	15.55	917.83
	534.94	0.00	15.48	908.83
	534.95	0.00	15.41	902.83
	534.96	0.00	15.29	891.86
	534.97	0.00	15.11	868.93
	534.98	0.00	14.89	831.99
	535.00	0.00	14.71	784.99
	535.01	0.00	14.66	768.97
	535.02	0.00	14.69	780.97
	535.03	0.00	14.71	783.98
	535.04	0.00	14.73	788.98
	535.05	0.00	14.70	790.99
	535.07	0.00	14.72	790.99
	535.08	0.00	14.70	790.99
	535.09	0.00	14.72	797.00
	535.10	0.00	14.72	796.00
	535.11	0.00	14.70	793.99
	535.12	0.00	14.67	786.00
	535.14	0.00	14.67	785.00
	535.15	0.00	14.63	777.00
	535.16	0.00	14.64	779.00
	535.17	0.00	14.64	770.99
	535.18	0.00	14.65	772.99
	535.19	0.00	14.66	774.99
	535.20	0.00	14.65	777.99
	535.22	0.00	14.69	779.99
	535.23	0.00	14.68	778.99
	535.24	0.00	14.67	776.99
	535.25	0.00	14.66	775.99
	535.26	0.00	14.67	776.99
	535.27	0.00	14.68	776.98
	535.28	0.00	14.67	773.98
	535.30	0.00	14.71	780.97
	535.31	0.00	14.72	778.96
	535.32	0.00	14.74	783.96
	535.33	0.00	14.77	787.95
	535.34	0.00	14.77	788.95
	535.36	0.00	14.78	789.95
	535.37	0.00	14.79	793.95
	535.38	0.00	14.75	796.98
	535.39	0.00	14.64	794.01
	535.40	0.00	14.32	763.11
	535.41	0.00	13.74	701.18
	535.42	0.00	12.32	617.31
	535.44	0.00	11.84	660.39
	535.45	0.00	11.73	702.46
	535.46	0.00	11.71	768.53
	535.47	0.00	11.95	876.56
	535.48	0.00	12.02	922.56
	535.49	0.00	11.77	936.59
	535.51	0.00	11.93	991.61
	535.52	0.00	12.21	1063.64
	535.53	0.00	12.35	1090.63
	535.54	0.00	12.42	1100.62
	535.55	0.00	12.46	1108.62
	535.57	0.00	12.48	1110.62
	535.58	0.00	12.51	1110.62
	535.59	0.00	12.53	1110.62
	535.60	0.00	12.56	1105.62
	535.61	0.00	12.59	1105.62
	535.62	0.00	12.60	1105.62
	535.63	0.00	12.59	1092.62
	535.65	0.00	12.65	1112.61
	535.66	0.00	12.75	1117.60
	535.67	0.00	12.80	1121.60
	535.68	0.00	12.82	1125.60
	535.69	0.00	12.89	1147.59
	535.71	0.00	12.97	1165.58
	535.72	0.00	13.03	1178.58
	535.73	0.00	13.09	1191.58
	535.74	0.00	13.12	1204.59
	535.75	0.00	13.18	1214.57
	535.76	0.00	13.25	1230.56
	535.78	0.00	13.31	1240.55
	535.79	0.00	13.36	1248.54
	535.80	0.00	13.43	1261.52
	535.81	0.00	13.51	1270.49
	535.82	0.00	13.60	1268.46
	535.83	0.00	13.68	1281.45
	535.84	0.00	13.77	1286.43
	535.86	0.00	13.83	1294.42
	535.87	0.00	13.89	1294.41
	535.88	0.00	13.97	1296.40
	535.89	0.00	14.00	1287.37
	535.90	0.00	14.10	1297.34
	535.91	0.00	14.18	1308.30
	535.93	0.00	14.34	1308.20
	535.94	0.00	14.44	1312.15
	535.95	0.00	14.51	1310.13
	535.96	0.00	14.58	1326.13
	535.97	0.00	14.64	1325.12
	535.99	0.00	14.67	1324.12
	536.00	0.00	14.70	1306.11
	536.01	0.00	14.75	1328.10
	536.02	0.00	14.76	1306.10
	536.03	0.00	14.79	1301.09
	536.04	0.00	14.84	1296.08
	536.05	0.00	14.88	1298.07
	536.07	0.00	14.94	1297.06
	536.08	0.00	14.96	1285.06
	536.09	0.00	14.98	1281.06
	536.10	0.00	15.01	1282.05
	536.11	0.00	15.05	1281.04
	536.13	0.00	15.08	1283.03
	536.14	0.00	15.11	1277.03
	536.15	0.00	15.14	1272.01
	536.16	0.00	15.17	1257.01
	536.17	0.00	15.19	1246.00
	536.18	0.00	15.36	1270.00
	536.20	0.00	15.38	1263.99
	536.21	0.00	15.41	1265.99
	536.22	0.00	15.49	1231.98
	536.23	0.00	15.49	1224.97
	536.24	0.00	15.52	1224.96
	536.25	0.00	15.58	1198.95
	536.27	0.00	15.61	1196.94
	536.28	0.00	15.64	1187.92
	536.29	0.00	15.66	1181.90
	536.30	0.00	15.69	1176.89
	536.31	0.00	15.69	1155.88
	536.32	0.00	15.74	1150.87
	536.34	0.00	15.73	1136.87
	536.35	0.00	15.75	1120.86
	536.36	0.00	15.79	1110.85
	536.37	0.00	15.80	1095.85
	536.38	0.00	15.81	1084.84
	536.39	0.00	15.86	1079.83
	536.41	0.00	15.90	1069.82
	536.42	0.00	15.91	1061.82
	536.43	0.00	15.91	1043.82
	536.44	0.00	15.91	1023.81
	536.45	0.00	15.89	991.81
	536.46	0.00	15.85	963.81
	536.47	0.00	15.81	944.81
	536.49	0.00	15.72	916.81
	536.50	0.00	15.65	888.80
	536.51	0.00	15.65	883.80
	536.52	0.00	15.61	874.80
	536.53	0.00	15.36	847.80
	536.54	0.00	15.31	834.80
	536.56	0.00	15.19	820.80
	536.57	0.00	15.02	804.84
	536.58	0.00	14.72	773.96
	536.59	0.00	14.53	741.99
	536.60	0.00	14.26	681.98
	536.61	0.00	14.41	704.96
	536.63	0.00	14.48	721.97
	536.64	0.00	14.50	725.97
	536.65	0.00	14.49	730.98
	536.66	0.00	14.49	731.98
	536.67	0.00	14.49	731.98
	536.68	0.00	14.51	740.99
	536.70	0.00	14.51	745.00
	536.71	0.00	14.52	747.00
	536.72	0.00	14.51	734.99
	536.73	0.00	14.55	745.00
	536.74	0.00	14.54	744.00
	536.75	0.00	14.57	746.99
	536.77	0.00	14.56	752.00
	536.78	0.00	14.57	754.00
	536.79	0.00	14.57	754.00
	536.80	0.00	14.60	754.00
	536.81	0.00	14.60	761.00
	536.82	0.00	14.63	767.00
	536.84	0.00	14.63	769.00
	536.85	0.00	14.63	773.00
	536.86	0.00	14.64	770.00
	536.87	0.00	14.63	769.00
	536.88	0.00	14.66	775.00
	536.89	0.00	14.67	777.00
	536.90	0.00	14.68	780.00
	536.91	0.00	14.73	779.99
	536.93	0.00	14.70	783.99
	536.94	0.00	14.72	781.99
	536.95	0.00	14.74	786.98
	536.96	0.00	14.75	784.98
	536.97	0.00	14.76	787.98
	536.98	0.00	14.69	788.01
	537.00	0.00	14.59	784.06
	537.01	0.00	14.35	759.11
	537.02	0.00	13.86	710.20
	537.03	0.00	13.00	646.33
	537.04	0.00	12.77	741.48
	537.05	0.00	12.08	731.57
	537.07	0.00	11.90	764.60
	537.08	0.00	11.80	814.66
	537.09	0.00	11.83	851.63
	537.10	0.00	11.86	911.66
	537.11	0.00	11.95	960.68
	537.12	0.00	12.04	985.68
	537.14	0.00	12.07	996.68
	537.15	0.00	12.14	1001.67
	537.16	0.00	12.21	1012.67
	537.17	0.00	12.26	1012.66
	537.18	0.00	12.29	1031.66
	537.19	0.00	12.25	1022.66
	537.21	0.00	12.29	1020.65
	537.22	0.00	12.33	1020.64
	537.23	0.00	12.42	1023.59
	537.24	0.00	12.42	1019.63
	537.25	0.00	12.51	1027.62
	537.26	0.00	12.58	1041.64
	537.28	0.00	12.67	1060.66
	537.29	0.00	12.75	1085.66
	537.30	0.00	12.81	1098.68
	537.31	0.00	12.90	1120.67
	537.32	0.00	12.99	1140.67
	537.33	0.00	13.05	1159.67
	537.35	0.00	13.11	1171.66
	537.36	0.00	13.18	1183.65
	537.37	0.00	13.24	1194.65
	537.38	0.00	13.31	1206.63
	537.39	0.00	13.37	1207.61
	537.40	0.00	13.42	1214.59
	537.41	0.00	13.47	1215.57
	537.43	0.00	13.52	1217.56
	537.44	0.00	13.54	1215.56
	537.45	0.00	13.57	1214.55
	537.46	0.00	13.64	1227.55
	537.47	0.00	13.65	1227.54
	537.49	0.00	13.66	1225.54
	537.50	0.00	13.68	1227.54
	537.51	0.00	13.69	1225.54
	537.52	0.00	13.73	1232.53
	537.53	0.00	13.75	1232.53
	537.54	0.00	13.80	1252.53
	537.55	0.00	13.83	1250.53
	537.57	0.00	13.86	1251.53
	537.58	0.00	13.86	1249.54
	537.59	0.00	13.90	1251.54
	537.60	0.00	13.93	1253.53
	537.61	0.00	13.96	1252.53
	537.63	0.00	14.00	1246.53
	537.64	0.00	14.04	1243.52
	537.65	0.00	14.08	1243.51
	537.66	0.00	14.10	1241.51
	537.67	0.00	14.17	1239.49
	537.68	0.00	14.19	1242.49
	537.70	0.00	14.21	1234.49
	537.71	0.00	14.23	1238.49
	537.72	0.00	14.26	1237.49
	537.73	0.00	14.30	1233.47
	537.74	0.00	14.31	1233.48
	537.75	0.00	14.36	1226.48
	537.77	0.00	14.35	1216.47
	537.78	0.00	14.43	1229.45
	537.79	0.00	14.51	1226.41
	537.80	0.00	14.61	1216.32
	537.81	0.00	14.66	1207.28
	537.82	0.00	14.74	1197.23
	537.84	0.00	14.80	1187.20
	537.85	0.00	14.89	1175.14
	537.86	0.00	14.92	1160.13
	537.87	0.00	14.98	1125.12
	537.88	0.00	14.99	1111.12
	537.89	0.00	15.18	1117.11
	537.91	0.00	15.26	1083.10
	537.92	0.00	15.25	1051.10
	537.93	0.00	15.31	1051.09
	537.94	0.00	15.31	1034.09
	537.95	0.00	15.32	1017.08
	537.96	0.00	15.30	998.08
	537.97	0.00	15.28	984.07
	537.99	0.00	15.26	969.06
	538.00	0.00	15.21	949.05
	538.01	0.00	15.17	925.04
	538.02	0.00	15.08	870.02
	538.03	0.00	14.96	829.00
	538.04	0.00	14.89	774.94
	538.06	0.00	14.57	719.89
	538.07	0.00	14.59	704.85
	538.08	0.00	14.57	695.84
	538.09	0.00	14.55	685.83
	538.10	0.00	14.50	679.84
	538.11	0.00	14.41	675.88
	538.13	0.00	14.22	666.96
	538.14	0.00	14.11	660.01
	538.15	0.00	14.00	640.01
	538.16	0.00	13.85	616.03
	538.17	0.00	13.88	620.02
	538.18	0.00	13.92	633.02
	538.19	0.00	13.97	638.02
	538.21	0.00	13.99	644.02
	538.22	0.00	13.99	645.02
	538.23	0.00	13.97	644.03
	538.24	0.00	13.96	643.03
	538.25	0.00	13.94	642.04
	538.26	0.00	13.96	642.03
	538.28	0.00	14.05	654.04
	538.29	0.00	14.03	656.04
	538.30	0.00	14.10	669.04
	538.31	0.00	14.17	680.04
	538.32	0.00	14.17	681.04
	538.33	0.00	14.18	680.02
	538.34	0.00	14.15	680.04
	538.36	0.00	14.20	683.03
	538.37	0.00	14.24	691.03
	538.38	0.00	14.27	691.03
	538.39	0.00	14.28	702.03
	538.40	0.00	14.30	705.03
	538.41	0.00	14.34	713.03
	538.43	0.00	14.35	718.04
	538.44	0.00	14.37	722.03
	538.45	0.00	14.36	717.03
	538.46	0.00	14.40	721.03
	538.47	0.00	14.43	728.03
	538.48	0.00	14.44	729.03
	538.50	0.00	14.45	732.02
	538.51	0.00	14.46	737.03
	538.52	0.00	14.45	735.03
	538.53	0.00	14.49	744.03
	538.54	0.00	14.50	749.03
	538.55	0.00	14.50	747.03
	538.57	0.00	14.52	759.05
	538.58	0.00	14.33	756.15
	538.59	0.00	14.09	750.26
	538.60	0.00	13.47	700.37
	538.61	0.00	12.91	711.44
	538.62	0.00	12.10	676.51
	538.64	0.00	11.92	692.52
	538.65	0.00	11.79	723.57
	538.66	0.00	11.90	791.62
	538.67	0.00	11.85	814.59
	538.68	0.00	11.94	848.59
	538.69	0.00	12.13	936.62
	538.70	0.00	12.20	965.63
	538.72	0.00	12.32	1000.63
	538.73	0.00	12.40	1020.64
	538.74	0.00	12.48	1063.63
	538.75	0.00	12.52	1081.65
	538.76	0.00	12.55	1085.64
	538.77	0.00	12.60	1095.64
	538.79	0.00	12.64	1099.63
	538.80	0.00	12.62	1097.63
	538.81	0.00	12.65	1095.62
	538.82	0.00	12.69	1094.62
	538.83	0.00	12.77	1097.60
	538.84	0.00	12.83	1107.61
	538.86	0.00	12.78	1104.62
	538.87	0.00	12.74	1104.61
	538.88	0.00	12.89	1148.60
	538.89	0.00	12.97	1177.60
	538.90	0.00	13.06	1210.59
	538.91	0.00	13.13	1231.58
	538.93	0.00	13.20	1257.58
	538.94	0.00	13.33	1285.57
	538.95	0.00	13.41	1313.55
	538.96	0.00	13.46	1327.56
	538.97	0.00	13.54	1349.53
	538.98	0.00	13.61	1361.50
	539.00	0.00	13.69	1368.48
	539.01	0.00	13.76	1378.45
	539.02	0.00	13.81	1375.41
	539.03	0.00	13.86	1375.39
	539.04	0.00	13.88	1379.41
	539.05	0.00	13.90	1377.41
	539.07	0.00	13.92	1365.42
	539.08	0.00	13.94	1363.42
	539.09	0.00	13.94	1355.42
	539.10	0.00	13.98	1358.43
	539.11	0.00	14.00	1358.43
	539.13	0.00	14.04	1362.43
	539.14	0.00	14.08	1363.43
	539.15	0.00	14.09	1366.44
	539.16	0.00	14.08	1355.44
	539.17	0.00	14.15	1368.44
	539.18	0.00	14.17	1364.42
	539.20	0.00	14.15	1352.46
	539.21	0.00	14.19	1358.47
	539.22	0.00	14.21	1359.47
	539.23	0.00	14.24	1358.47
	539.24	0.00	14.26	1354.48
	539.25	0.00	14.26	1339.49
	539.27	0.00	14.28	1334.49
	539.28	0.00	14.29	1328.48
	539.29	0.00	14.30	1325.48
	539.30	0.00	14.30	1314.49
	539.31	0.00	14.30	1311.49
	539.32	0.00	14.30	1306.50
	539.34	0.00	14.28	1289.51
	539.35	0.00	14.28	1296.52
	539.36	0.00	14.27	1280.53
	539.37	0.00	14.22	1274.55
	539.38	0.00	14.19	1305.57
	539.39	0.00	14.14	1306.60
	539.41	0.00	14.10	1308.61
	539.42	0.00	14.09	1306.64
	539.43	0.00	14.09	1310.62
	539.44	0.00	14.13	1305.62
	539.45	0.00	14.17	1299.62
	539.46	0.00	14.22	1302.62
	539.47	0.00	14.24	1301.61
	539.49	0.00	14.30	1297.61
	539.50	0.00	14.38	1299.60
	539.51	0.00	14.48	1286.58
	539.52	0.00	14.67	1261.55
	539.53	0.00	14.78	1222.55
	539.54	0.00	14.96	1185.43
	539.56	0.00	15.30	1147.15
	539.57	0.00	15.33	1115.11
	539.58	0.00	15.37	1095.08
	539.59	0.00	15.37	1077.06
	539.60	0.00	15.55	1079.04
	539.61	0.00	15.57	1062.01
	539.63	0.00	15.62	1049.95
	539.64	0.00	15.65	1029.90
	539.65	0.00	15.63	1013.89
	539.66	0.00	15.43	972.87
	539.67	0.00	15.42	963.86
	539.69	0.00	15.39	929.86
	539.70	0.00	15.40	927.86
	539.71	0.00	15.39	921.86
	539.72	0.00	15.26	906.89
	539.73	0.00	15.14	891.96
	539.74	0.00	14.96	874.06
	539.76	0.00	14.87	849.08
	539.77	0.00	14.70	825.12
	539.78	0.00	14.22	705.09
	539.79	0.00	14.41	744.10
	539.80	0.00	14.46	753.09
	539.81	0.00	14.49	758.09
	539.83	0.00	14.47	757.10
	539.84	0.00	14.45	747.09
	539.85	0.00	14.45	752.10
	539.86	0.00	14.47	755.10
	539.87	0.00	14.48	758.10
	539.88	0.00	14.50	761.10
	539.89	0.00	14.50	764.11
	539.91	0.00	14.50	765.11
	539.92	0.00	14.51	763.10
	539.93	0.00	14.54	771.10
	539.94	0.00	14.53	770.10
	539.95	0.00	14.54	771.10
	539.96	0.00	14.54	772.10
	539.97	0.00	14.53	772.11
	539.99	0.00	14.54	769.09
	540.00	0.00	14.55	772.09
	540.01	0.00	14.54	768.09
	540.02	0.00	14.54	770.09
	540.03	0.00	14.55	769.08
	540.04	0.00	14.57	769.07
	540.06	0.00	14.59	774.07
	540.07	0.00	14.60	777.07
	540.08	0.00	14.64	780.06
	540.09	0.00	14.63	780.06
	540.10	0.00	14.64	786.06
	540.11	0.00	14.66	788.05
	540.13	0.00	14.68	793.05
	540.14	0.00	14.69	794.05
	540.15	0.00	14.69	796.05
	540.16	0.00	14.69	797.07
	540.17	0.00	14.49	798.20
	540.18	0.00	14.33	787.26
	540.20	0.00	13.95	738.31
	540.21	0.00	13.40	698.43
	540.22	0.00	12.56	696.55
	540.23	0.00	12.01	718.62
	540.24	0.00	11.87	746.64
	540.25	0.00	11.92	798.68
	540.26	0.00	11.98	834.66
	540.28	0.00	11.95	844.66
	540.29	0.00	12.07	914.67
	540.30	0.00	12.14	942.68
	540.31	0.00	12.24	962.67
	540.32	0.00	12.24	973.69
	540.33	0.00	12.31	995.68
	540.35	0.00	12.37	1007.68
	540.36	0.00	12.41	1018.68
	540.37	0.00	12.45	1042.68
	540.38	0.00	12.47	1043.70
	540.39	0.00	12.52	1046.68
	540.40	0.00	12.55	1051.68
	540.42	0.00	12.56	1049.67
	540.43	0.00	12.59	1052.66
	540.44	0.00	12.64	1061.66
	540.45	0.00	12.70	1066.66
	540.46	0.00	12.81	1082.63
	540.47	0.00	12.87	1101.65
	540.49	0.00	12.93	1114.64
	540.50	0.00	12.98	1129.64
	540.51	0.00	13.02	1139.65
	540.52	0.00	13.04	1147.65
	540.53	0.00	13.07	1157.62
	540.54	0.00	13.05	1158.65
	540.56	0.00	13.09	1173.65
	540.57	0.00	13.12	1180.65
	540.58	0.00	13.16	1190.65
	540.59	0.00	13.18	1186.66
	540.60	0.00	13.19	1183.65
	540.61	0.00	13.27	1196.65
	540.63	0.00	13.29	1193.65
	540.64	0.00	13.33	1190.64
	540.65	0.00	13.40	1192.64
	540.66	0.00	13.42	1185.64
	540.67	0.00	13.47	1185.64
	540.68	0.00	13.47	1199.64
	540.70	0.00	13.52	1200.64
	540.71	0.00	13.59	1218.64
	540.72	0.00	13.60	1223.64
	540.73	0.00	13.63	1222.63
	540.74	0.00	13.64	1225.64
	540.75	0.00	13.64	1228.64
	540.77	0.00	13.62	1225.64
	540.78	0.00	13.66	1225.64
	540.79	0.00	13.68	1231.64
	540.80	0.00	13.67	1229.64
	540.81	0.00	13.67	1229.64
	540.82	0.00	13.67	1235.64
	540.84	0.00	13.68	1224.64
	540.85	0.00	13.71	1229.64
	540.86	0.00	13.70	1215.64
	540.87	0.00	13.74	1221.64
	540.88	0.00	13.75	1223.64
	540.89	0.00	13.79	1229.64
	540.91	0.00	13.78	1222.64
	540.92	0.00	13.79	1222.64
	540.93	0.00	13.79	1221.64
	540.94	0.00	13.79	1215.64
	540.95	0.00	13.81	1218.64
	540.96	0.00	13.83	1215.64
	540.98	0.00	13.84	1217.64
	540.99	0.00	13.85	1220.64
	541.00	0.00	13.86	1224.64
	541.01	0.00	13.84	1219.64
	541.02	0.00	13.88	1228.64
	541.03	0.00	13.92	1223.64
	541.04	0.00	13.95	1218.64
	541.06	0.00	13.95	1208.64
	541.07	0.00	14.00	1206.63
	541.08	0.00	14.02	1208.63
	541.09	0.00	14.07	1210.62
	541.10	0.00	14.11	1203.61
	541.12	0.00	14.18	1202.58
	541.13	0.00	14.17	1199.60
	541.14	0.00	14.22	1193.60
	541.15	0.00	14.29	1192.59
	541.16	0.00	14.36	1186.58
	541.17	0.00	14.41	1184.57
	541.19	0.00	14.48	1170.54
	541.20	0.00	14.59	1138.52
	541.21	0.00	14.69	1110.47
	541.22	0.00	14.81	1084.40
	541.23	0.00	14.81	1074.41
	541.24	0.00	14.91	1045.30
	541.26	0.00	14.97	1027.23
	541.27	0.00	15.07	1018.15
	541.28	0.00	15.07	1005.13
	541.29	0.00	15.09	992.10
	541.30	0.00	15.07	981.09
	541.31	0.00	15.07	968.07
	541.33	0.00	15.04	951.05
	541.34	0.00	15.04	934.02
	541.35	0.00	15.03	910.99
	541.36	0.00	15.06	895.93
	541.37	0.00	15.08	866.90
	541.38	0.00	15.13	858.88
	541.39	0.00	15.13	845.86
	541.41	0.00	15.11	835.86
	541.42	0.00	15.06	821.86
	541.43	0.00	14.97	812.88
	541.44	0.00	14.80	797.95
	541.45	0.00	14.62	778.02
	541.46	0.00	14.47	754.04
	541.48	0.00	14.34	724.05
	541.49	0.00	14.19	699.08
	541.50	0.00	14.18	692.06
	541.51	0.00	14.26	707.06
	541.52	0.00	14.31	712.04
	541.53	0.00	14.33	715.04
	541.54	0.00	14.31	708.04
	541.56	0.00	14.32	714.04
	541.57	0.00	14.32	714.04
	541.58	0.00	14.31	712.04
	541.59	0.00	14.32	718.04
	541.60	0.00	14.32	718.04
	541.61	0.00	14.35	728.05
	541.63	0.00	14.37	728.05
	541.64	0.00	14.39	735.05
	541.65	0.00	14.40	741.05
	541.66	0.00	14.44	747.05
	541.67	0.00	14.43	751.05
	541.68	0.00	14.45	752.05
	541.70	0.00	14.44	751.05
	541.71	0.00	14.44	750.05
	541.72	0.00	14.42	746.05
	541.73	0.00	14.43	747.05
	541.74	0.00	14.43	748.05
	541.75	0.00	14.47	753.04
	541.77	0.00	14.45	750.04
	541.78	0.00	14.47	750.04
	541.79	0.00	14.46	747.04
	541.80	0.00	14.46	751.04
	541.81	0.00	14.47	754.04
	541.82	0.00	14.47	754.04
	541.84	0.00	14.49	757.04
	541.85	0.00	14.51	756.02
	541.86	0.00	14.50	757.03
	541.87	0.00	14.48	760.04
	541.88	0.00	14.49	756.03
	541.89	0.00	14.44	762.08
	541.90	0.00	14.22	755.20
	541.92	0.00	13.98	739.28
	541.93	0.00	13.53	703.39
	541.94	0.00	12.92	686.50
	541.95	0.00	12.58	726.52
	541.96	0.00	12.07	692.57
	541.97	0.00	11.95	713.60
	541.99	0.00	11.95	762.63
	542.00	0.00	11.92	791.65
	542.01	0.00	12.35	887.66
	542.02	0.00	12.62	966.69
	542.03	0.00	12.68	1025.68
	542.04	0.00	12.76	1049.68
	542.06	0.00	12.78	1064.68
	542.07	0.00	12.79	1079.69
	542.08	0.00	12.81	1087.68
	542.09	0.00	12.81	1095.68
	542.10	0.00	12.82	1115.68
	542.11	0.00	12.82	1099.67
	542.13	0.00	12.84	1118.66
	542.14	0.00	12.85	1112.66
	542.15	0.00	12.86	1112.65
	542.16	0.00	12.86	1113.65
	542.17	0.00	12.88	1117.65
	542.18	0.00	12.90	1124.64
	542.20	0.00	12.93	1136.64
	542.21	0.00	12.97	1145.63
	542.22	0.00	12.99	1157.63
	542.23	0.00	13.00	1169.62
	542.24	0.00	13.03	1182.62
	542.26	0.00	13.06	1192.62
	542.27	0.00	13.07	1202.62
	542.28	0.00	13.09	1215.61
	542.29	0.00	13.08	1217.61
	542.30	0.00	13.15	1234.61
	542.31	0.00	13.18	1245.59
	542.32	0.00	13.21	1249.60
	542.34	0.00	13.24	1260.61
	542.35	0.00	13.27	1263.61
	542.36	0.00	13.29	1265.61
	542.37	0.00	13.33	1265.60
	542.38	0.00	13.38	1263.60
	542.39	0.00	13.39	1260.60
	542.41	0.00	13.42	1259.60
	542.42	0.00	13.44	1262.61
	542.43	0.00	13.48	1262.61
	542.44	0.00	13.52	1265.61
	542.45	0.00	13.57	1265.62
	542.47	0.00	13.62	1267.61
	542.48	0.00	13.65	1259.61
	542.49	0.00	13.74	1272.61
	542.50	0.00	13.79	1268.61
	542.51	0.00	13.86	1287.61
	542.52	0.00	13.92	1281.61
	542.53	0.00	13.98	1280.61
	542.55	0.00	14.01	1301.60
	542.56	0.00	14.03	1300.60
	542.57	0.00	14.05	1300.60
	542.58	0.00	14.07	1294.59
	542.59	0.00	14.12	1299.59
	542.60	0.00	14.10	1282.60
	542.62	0.00	14.13	1284.60
	542.63	0.00	14.15	1279.59
	542.64	0.00	14.16	1281.59
	542.65	0.00	14.18	1284.59
	542.66	0.00	14.18	1280.60
	542.67	0.00	14.19	1282.59
	542.69	0.00	14.21	1284.59
	542.70	0.00	14.20	1273.59
	542.71	0.00	14.23	1267.58
	542.72	0.00	14.23	1265.58
	542.73	0.00	14.22	1256.58
	542.75	0.00	14.21	1252.59
	542.76	0.00	14.16	1237.59
	542.77	0.00	14.18	1245.59
	542.78	0.00	14.17	1245.59
	542.79	0.00	14.18	1243.59
	542.80	0.00	14.23	1245.59
	542.82	0.00	14.29	1240.57
	542.83	0.00	14.35	1231.59
	542.84	0.00	14.49	1210.58
	542.85	0.00	14.57	1202.57
	542.86	0.00	14.65	1176.56
	542.87	0.00	14.69	1165.55
	542.88	0.00	14.73	1158.54
	542.90	0.00	14.79	1152.52
	542.91	0.00	14.88	1127.48
	542.92	0.00	15.01	1112.38
	542.93	0.00	15.21	1086.18
	542.94	0.00	15.26	1075.13
	542.95	0.00	15.31	1067.09
	542.97	0.00	15.54	1078.04
	542.98	0.00	15.56	1070.02
	542.99	0.00	15.59	1056.99
	543.00	0.00	15.60	1042.96
	543.01	0.00	15.63	1024.92
	543.03	0.00	15.61	999.90
	543.04	0.00	15.40	960.88
	543.05	0.00	15.37	938.86
	543.06	0.00	15.35	896.86
	543.07	0.00	15.32	876.84
	543.08	0.00	15.32	863.84
	543.09	0.00	15.35	849.83
	543.11	0.00	15.28	828.83
	543.12	0.00	15.28	823.82
	543.13	0.00	15.17	815.83
	543.14	0.00	15.06	804.85
	543.15	0.00	14.90	781.89
	543.16	0.00	14.65	752.00
	543.17	0.00	14.50	727.03
	543.19	0.00	14.07	657.07
	543.20	0.00	14.16	672.06
	543.21	0.00	14.32	701.05
	543.22	0.00	14.39	713.05
	543.23	0.00	14.42	724.06
	543.25	0.00	14.42	726.07
	543.26	0.00	14.42	726.07
	543.27	0.00	14.38	726.08
	543.28	0.00	14.36	722.08
	543.29	0.00	14.36	721.08
	543.30	0.00	14.34	719.09
	543.31	0.00	14.35	724.10
	543.33	0.00	14.35	724.10
	543.34	0.00	14.33	727.12
	543.35	0.00	14.35	733.13
	543.36	0.00	14.27	731.18
	543.37	0.00	14.26	733.20
	543.38	0.00	14.27	739.21
	543.40	0.00	14.27	741.22
	543.41	0.00	14.29	742.21
	543.42	0.00	14.29	746.21
	543.43	0.00	14.33	751.20
	543.44	0.00	14.34	749.20
	543.45	0.00	14.33	752.20
	543.47	0.00	14.36	757.20
	543.48	0.00	14.36	752.19
	543.49	0.00	14.47	758.12
	543.50	0.00	14.60	763.05
	543.51	0.00	14.58	760.04
	543.52	0.00	14.62	769.04
	543.53	0.00	14.66	770.04
	543.55	0.00	14.66	772.03
	543.56	0.00	14.67	773.03
	543.57	0.00	14.67	773.03
	543.58	0.00	14.70	780.03
	543.59	0.00	14.68	779.03
	543.60	0.00	14.42	781.19
	543.62	0.00	14.20	757.23
	543.63	0.00	13.38	684.31
	543.64	0.00	11.88	637.47
	543.65	0.00	11.20	659.54
	543.66	0.00	11.09	716.62
	543.67	0.00	11.00	797.74
	543.69	0.00	11.01	850.72
	543.70	0.00	11.19	887.71
	543.71	0.00	11.31	913.75
	543.72	0.00	11.42	949.73
	543.73	0.00	11.59	971.71
	543.74	0.00	11.74	977.67
	543.76	0.00	11.82	976.68
	543.77	0.00	11.96	991.66
	543.78	0.00	12.02	997.67
	543.79	0.00	12.10	998.67
	543.80	0.00	12.13	995.67
	543.81	0.00	12.16	991.68
	543.82	0.00	12.19	982.66
	543.84	0.00	12.23	977.66
	543.85	0.00	12.25	979.66
	543.86	0.00	12.30	979.66
	543.87	0.00	12.31	975.67
	543.88	0.00	12.41	990.67
	543.89	0.00	12.49	1022.67
	543.91	0.00	12.55	1025.67
	543.92	0.00	12.58	1031.67
	543.93	0.00	12.62	1043.68
	543.94	0.00	12.65	1052.68
	543.95	0.00	12.71	1063.68
	543.96	0.00	12.76	1090.67
	543.97	0.00	12.80	1096.67
	543.99	0.00	12.84	1101.67
	544.00	0.00	12.88	1102.68
	544.01	0.00	12.91	1102.67
	544.02	0.00	12.95	1105.67
	544.03	0.00	12.99	1109.66
	544.05	0.00	13.02	1092.66
	544.06	0.00	13.07	1093.66
	544.07	0.00	13.16	1090.61
	544.08	0.00	13.17	1098.65
	544.09	0.00	13.21	1116.65
	544.10	0.00	13.26	1146.65
	544.11	0.00	13.26	1152.65
	544.13	0.00	13.29	1160.65
	544.14	0.00	13.29	1164.66
	544.15	0.00	13.32	1174.65
	544.16	0.00	13.33	1178.65
	544.17	0.00	13.34	1182.65
	544.19	0.00	13.33	1180.65
	544.20	0.00	13.35	1187.65
	544.21	0.00	13.35	1191.66
	544.22	0.00	13.36	1194.66
	544.23	0.00	13.36	1189.65
	544.24	0.00	13.39	1196.65
	544.25	0.00	13.41	1200.65
	544.27	0.00	13.43	1198.65
	544.28	0.00	13.46	1192.65
	544.29	0.00	13.46	1190.66
	544.30	0.00	13.50	1186.65
	544.31	0.00	13.50	1182.66
	544.32	0.00	13.51	1177.66
	544.34	0.00	13.53	1171.66
	544.35	0.00	13.56	1169.65
	544.36	0.00	13.60	1163.67
	544.37	0.00	13.62	1158.65
	544.38	0.00	13.65	1157.65
	544.39	0.00	13.68	1153.65
	544.41	0.00	13.71	1146.64
	544.42	0.00	13.74	1144.64
	544.43	0.00	13.76	1137.65
	544.44	0.00	13.82	1129.67
	544.45	0.00	13.93	1115.64
	544.46	0.00	14.01	1108.63
	544.48	0.00	14.17	1081.61
	544.49	0.00	14.25	1073.60
	544.50	0.00	14.33	1071.59
	544.51	0.00	14.59	1083.54
	544.52	0.00	14.68	1083.50
	544.53	0.00	14.77	1060.52
	544.54	0.00	14.72	1047.59
	544.56	0.00	15.00	1037.31
	544.57	0.00	15.11	1007.19
	544.58	0.00	15.20	999.13
	544.59	0.00	15.24	988.11
	544.60	0.00	15.27	985.09
	544.61	0.00	15.31	978.07
	544.63	0.00	15.37	965.03
	544.64	0.00	15.40	954.99
	544.65	0.00	15.45	934.93
	544.66	0.00	15.44	910.90
	544.67	0.00	15.42	881.88
	544.69	0.00	15.36	846.87
	544.70	0.00	15.33	819.86
	544.71	0.00	15.25	774.85
	544.72	0.00	15.10	732.84
	544.73	0.00	15.09	722.84
	544.74	0.00	15.26	763.83
	544.75	0.00	15.06	754.83
	544.77	0.00	15.05	751.83
	544.78	0.00	15.01	736.83
	544.79	0.00	14.85	723.83
	544.80	0.00	14.59	701.87
	544.81	0.00	14.23	665.99
	544.82	0.00	14.09	647.02
	544.84	0.00	13.88	621.04
	544.85	0.00	13.84	613.03
	544.86	0.00	13.90	621.02
	544.87	0.00	14.03	640.02
	544.88	0.00	14.08	653.02
	544.89	0.00	14.12	661.03
	544.91	0.00	14.12	662.03
	544.92	0.00	14.11	668.05
	544.93	0.00	14.13	669.05
	544.94	0.00	14.12	673.05
	544.95	0.00	14.15	677.06
	544.96	0.00	14.17	694.11
	544.97	0.00	14.26	706.08
	544.99	0.00	14.25	708.09
	545.00	0.00	14.25	705.08
	545.01	0.00	14.27	709.08
	545.02	0.00	14.29	714.08
	545.03	0.00	14.30	718.08
	545.04	0.00	14.31	720.08
	545.05	0.00	14.32	723.08
	545.07	0.00	14.33	724.08
	545.08	0.00	14.35	728.08
	545.09	0.00	14.36	731.08
	545.10	0.00	14.37	736.09
	545.11	0.00	14.38	737.09
	545.13	0.00	14.41	741.08
	545.14	0.00	14.41	742.08
	545.15	0.00	14.40	742.09
	545.16	0.00	14.42	743.08
	545.17	0.00	14.43	746.08
	545.18	0.00	14.42	743.08
	545.20	0.00	14.45	747.07
	545.21	0.00	14.50	751.05
	545.22	0.00	14.51	754.05
	545.23	0.00	14.51	755.05
	545.24	0.00	14.52	757.05
	545.25	0.00	14.53	755.04
	545.26	0.00	14.55	760.04
	545.28	0.00	14.56	763.04
	545.29	0.00	14.59	768.04
	545.30	0.00	14.36	772.19
	545.31	0.00	13.93	747.38
	545.32	0.00	13.39	683.39
	545.33	0.00	12.04	599.49
	545.34	0.00	11.41	662.64
	545.36	0.00	11.07	717.76
	545.37	0.00	10.80	787.87
	545.38	0.00	10.58	840.96
	545.39	0.00	10.65	889.95
	545.40	0.00	10.79	923.94
	545.41	0.00	11.05	972.89
	545.43	0.00	11.18	997.87
	545.44	0.00	11.31	1029.87
	545.45	0.00	11.40	1033.84
	545.46	0.00	11.51	1038.81
	545.47	0.00	11.66	1042.76
	545.48	0.00	11.76	1042.74
	545.50	0.00	11.88	1055.74
	545.51	0.00	11.96	1055.73
	545.52	0.00	12.07	1056.73
	545.53	0.00	12.13	1062.73
	545.54	0.00	12.19	1066.75
	545.55	0.00	12.27	1069.73
	545.57	0.00	12.38	1083.73
	545.58	0.00	12.47	1092.73
	545.59	0.00	12.56	1108.73
	545.60	0.00	12.62	1118.72
	545.61	0.00	12.66	1133.73
	545.63	0.00	12.69	1142.73
	545.64	0.00	12.72	1152.73
	545.65	0.00	12.76	1161.73
	545.66	0.00	12.78	1172.73
	545.67	0.00	12.79	1181.73
	545.68	0.00	12.78	1181.74
	545.69	0.00	12.78	1189.73
	545.71	0.00	12.80	1198.73
	545.72	0.00	12.76	1194.73
	545.73	0.00	12.75	1199.74
	545.74	0.00	12.73	1198.74
	545.75	0.00	12.71	1196.74
	545.76	0.00	12.71	1202.74
	545.78	0.00	12.70	1208.74
	545.79	0.00	12.65	1206.74
	545.80	0.00	12.63	1202.74
	545.81	0.00	12.60	1202.75
	545.82	0.00	12.60	1210.74
	545.84	0.00	12.56	1213.74
	545.85	0.00	12.53	1216.74
	545.86	0.00	12.50	1223.74
	545.87	0.00	12.48	1231.74
	545.88	0.00	12.46	1240.75
	545.89	0.00	12.47	1248.74
	545.90	0.00	12.49	1251.74
	545.91	0.00	12.51	1258.75
	545.93	0.00	12.54	1263.75
	545.94	0.00	12.57	1268.76
	545.95	0.00	12.62	1273.75
	545.96	0.00	12.65	1271.75
	545.97	0.00	12.73	1278.75
	545.99	0.00	12.79	1282.76
	546.00	0.00	12.89	1295.76
	546.01	0.00	12.98	1305.77
	546.02	0.00	13.11	1311.77
	546.03	0.00	13.20	1328.77
	546.04	0.00	13.28	1327.77
	546.06	0.00	13.38	1337.77
	546.07	0.00	13.47	1344.77
	546.08	0.00	13.51	1334.77
	546.09	0.00	13.55	1323.77
	546.10	0.00	13.63	1319.78
	546.11	0.00	13.69	1317.78
	546.13	0.00	13.75	1302.78
	546.14	0.00	13.78	1282.80
	546.15	0.00	13.81	1285.81
	546.16	0.00	13.86	1288.82
	546.17	0.00	13.95	1312.81
	546.19	0.00	14.01	1285.81
	546.20	0.00	14.08	1300.81
	546.21	0.00	14.14	1302.80
	546.22	0.00	14.24	1270.79
	546.23	0.00	14.30	1269.79
	546.24	0.00	14.42	1264.77
	546.25	0.00	14.56	1265.76
	546.27	0.00	14.68	1264.76
	546.28	0.00	14.78	1269.75
	546.29	0.00	14.81	1259.75
	546.30	0.00	14.98	1273.71
	546.31	0.00	15.11	1250.64
	546.32	0.00	15.30	1245.44
	546.34	0.00	15.73	1236.16
	546.35	0.00	15.78	1233.13
	546.36	0.00	15.79	1219.12
	546.37	0.00	15.82	1203.09
	546.38	0.00	15.81	1172.05
	546.40	0.00	15.77	1130.03
	546.41	0.00	15.75	1075.96
	546.42	0.00	15.71	1041.93
	546.43	0.00	15.66	992.89
	546.44	0.00	15.63	944.87
	546.45	0.00	15.35	881.86
	546.46	0.00	15.33	846.85
	546.48	0.00	15.33	835.84
	546.49	0.00	15.31	830.84
	546.50	0.00	15.28	817.83
	546.51	0.00	15.11	807.85
	546.52	0.00	14.92	791.91
	546.53	0.00	14.62	763.03
	546.54	0.00	14.38	736.11
	546.56	0.00	14.06	681.17
	546.57	0.00	14.11	696.18
	546.58	0.00	14.15	710.20
	546.59	0.00	14.16	718.23
	546.60	0.00	14.12	719.27
	546.61	0.00	14.12	725.28
	546.63	0.00	14.10	723.28
	546.64	0.00	14.13	728.28
	546.65	0.00	14.15	726.28
	546.66	0.00	14.14	731.27
	546.67	0.00	14.16	727.25
	546.68	0.00	14.18	731.25
	546.70	0.00	14.16	737.28
	546.71	0.00	14.17	742.29
	546.72	0.00	14.17	745.30
	546.73	0.00	14.20	746.29
	546.74	0.00	14.20	751.30
	546.75	0.00	14.21	754.30
	546.77	0.00	14.22	755.30
	546.78	0.00	14.19	754.30
	546.79	0.00	14.21	758.30
	546.80	0.00	14.23	760.31
	546.81	0.00	14.24	760.30
	546.82	0.00	14.23	758.30
	546.84	0.00	14.25	763.30
	546.85	0.00	14.28	765.30
	546.86	0.00	14.28	767.29
	546.87	0.00	14.33	771.27
	546.88	0.00	14.37	773.23
	546.89	0.00	14.42	775.20
	546.91	0.00	14.47	782.18
	546.92	0.00	14.58	788.12
	546.93	0.00	14.65	790.07
	546.94	0.00	14.66	792.07
	546.95	0.00	14.67	795.07
	546.96	0.00	14.68	798.07
	546.97	0.00	14.66	800.09
	546.98	0.00	14.72	803.07
	547.00	0.00	14.41	803.28
	547.01	0.00	14.17	783.37
	547.02	0.00	13.54	702.36
	547.03	0.00	12.11	642.47
	547.04	0.00	11.30	688.64
	547.05	0.00	10.91	734.75
	547.07	0.00	10.62	813.90
	547.08	0.00	10.58	885.95
	547.09	0.00	10.86	947.88
	547.10	0.00	11.22	1003.89
	547.11	0.00	11.23	1017.86
	547.13	0.00	11.41	1028.83
	547.14	0.00	11.53	1031.80
	547.15	0.00	11.74	1051.80
	547.16	0.00	11.90	1062.80
	547.17	0.00	12.03	1056.79
	547.18	0.00	12.20	1060.79
	547.19	0.00	12.35	1062.79
	547.21	0.00	12.69	1101.80
	547.22	0.00	12.79	1099.79
	547.23	0.00	12.90	1103.80
	547.24	0.00	12.98	1103.79
	547.25	0.00	13.03	1095.79
	547.27	0.00	13.15	1101.74
	547.28	0.00	13.17	1106.80
	547.29	0.00	13.22	1104.79
	547.30	0.00	13.29	1127.79
	547.31	0.00	13.37	1135.79
	547.32	0.00	13.46	1146.79
	547.34	0.00	13.50	1146.80
	547.35	0.00	13.56	1146.78
	547.36	0.00	13.61	1145.78
	547.37	0.00	13.70	1121.78
	547.38	0.00	13.75	1120.77
	547.39	0.00	13.77	1118.77
	547.41	0.00	13.86	1112.70
	547.42	0.00	13.86	1110.76
	547.43	0.00	13.89	1109.75
	547.44	0.00	13.92	1111.75
	547.45	0.00	13.96	1109.74
	547.46	0.00	14.01	1108.74
	547.47	0.00	14.03	1109.74
	547.49	0.00	14.11	1111.73
	547.50	0.00	14.15	1118.73
	547.51	0.00	14.18	1119.73
	547.52	0.00	14.20	1117.73
	547.53	0.00	14.21	1123.73
	547.55	0.00	14.24	1129.72
	547.56	0.00	14.24	1128.73
	547.57	0.00	14.29	1153.73
	547.58	0.00	14.29	1153.73
	547.59	0.00	14.22	1134.74
	547.60	0.00	14.20	1138.75
	547.61	0.00	14.17	1143.75
	547.63	0.00	14.12	1151.75
	547.64	0.00	14.08	1148.76
	547.65	0.00	14.07	1159.76
	547.66	0.00	14.04	1160.77
	547.67	0.00	14.03	1166.77
	547.69	0.00	14.02	1167.77
	547.70	0.00	14.00	1168.78
	547.71	0.00	13.98	1166.78
	547.72	0.00	13.99	1171.78
	547.73	0.00	13.98	1171.78
	547.74	0.00	13.97	1170.78
	547.76	0.00	13.97	1170.78
	547.77	0.00	14.02	1176.75
	547.78	0.00	14.05	1183.78
	547.79	0.00	14.06	1191.78
	547.80	0.00	14.18	1225.78
	547.81	0.00	14.30	1234.78
	547.83	0.00	14.35	1238.78
	547.84	0.00	14.43	1247.79
	547.85	0.00	14.53	1256.77
	547.86	0.00	14.58	1263.77
	547.87	0.00	14.66	1268.76
	547.88	0.00	14.75	1273.75
	547.90	0.00	14.83	1273.73
	547.91	0.00	15.02	1288.71
	547.92	0.00	15.14	1281.65
	547.93	0.00	15.34	1258.49
	547.94	0.00	15.50	1263.36
	547.95	0.00	15.68	1252.16
	547.97	0.00	15.72	1240.14
	547.98	0.00	15.76	1215.11
	547.99	0.00	15.79	1206.09
	548.00	0.00	15.82	1189.06
	548.01	0.00	15.83	1178.04
	548.02	0.00	15.85	1155.00
	548.03	0.00	15.87	1143.97
	548.05	0.00	15.85	1112.93
	548.06	0.00	15.73	1042.90
	548.07	0.00	15.68	1009.88
	548.08	0.00	15.66	994.88
	548.09	0.00	15.64	971.87
	548.10	0.00	15.64	952.86
	548.12	0.00	15.64	949.86
	548.13	0.00	15.54	897.85
	548.14	0.00	15.51	879.85
	548.15	0.00	15.23	843.85
	548.16	0.00	15.21	828.84
	548.17	0.00	15.19	819.84
	548.19	0.00	15.11	813.85
	548.20	0.00	14.97	796.86
	548.21	0.00	14.71	774.96
	548.22	0.00	14.45	740.05
	548.23	0.00	14.20	702.12
	548.24	0.00	13.82	656.24
	548.26	0.00	13.47	608.26
	548.27	0.00	13.82	678.28
	548.28	0.00	13.99	707.27
	548.29	0.00	14.12	722.23
	548.30	0.00	14.11	725.25
	548.31	0.00	14.11	725.25
	548.33	0.00	14.11	725.25
	548.34	0.00	14.08	724.27
	548.35	0.00	14.05	720.28
	548.36	0.00	14.07	722.27
	548.37	0.00	14.14	727.24
	548.38	0.00	14.18	728.21
	548.40	0.00	14.12	726.25
	548.41	0.00	14.10	730.28
	548.42	0.00	14.15	734.26
	548.43	0.00	14.21	735.21
	548.44	0.00	14.15	733.25
	548.45	0.00	14.16	739.25
	548.46	0.00	14.20	737.21
	548.48	0.00	14.24	734.17
	548.49	0.00	14.23	728.15
	548.50	0.00	14.22	729.16
	548.51	0.00	14.24	736.16
	548.52	0.00	14.27	736.15
	548.53	0.00	14.30	741.15
	548.54	0.00	14.32	747.15
	548.56	0.00	14.35	753.15
	548.57	0.00	14.37	755.14
	548.58	0.00	14.42	760.12
	548.59	0.00	14.44	770.14
	548.60	0.00	14.48	769.11
	548.61	0.00	14.52	775.10
	548.63	0.00	14.57	783.09
	548.64	0.00	14.58	787.09
	548.65	0.00	14.61	790.08
	548.66	0.00	14.65	793.06
	548.67	0.00	14.65	798.06
	548.68	0.00	14.69	800.05
	548.70	0.00	14.67	804.08
	548.71	0.00	14.24	827.40
	548.72	0.00	13.68	678.24
	548.73	0.00	12.33	602.41
	548.74	0.00	11.59	646.54
	548.75	0.00	11.02	701.68
	548.77	0.00	10.64	759.81
	548.78	0.00	10.39	833.96
	548.79	0.00	10.30	878.97
	548.80	0.00	10.28	911.97
	548.81	0.00	10.57	961.93
	548.82	0.00	10.72	1002.92
	548.84	0.00	10.98	1012.92
	548.85	0.00	11.22	1034.87
	548.86	0.00	11.44	1057.87
	548.87	0.00	11.58	1064.87
	548.88	0.00	11.71	1072.85
	548.89	0.00	11.76	1071.89
	548.90	0.00	11.87	1069.89
	548.92	0.00	11.91	1060.89
	548.93	0.00	11.95	1049.88
	548.94	0.00	12.04	1048.88
	548.95	0.00	12.10	1044.85
	548.96	0.00	12.11	1042.89
	548.97	0.00	12.19	1048.88
	548.99	0.00	12.27	1063.88
	549.00	0.00	12.31	1073.88
	549.01	0.00	12.35	1083.88
	549.02	0.00	12.41	1095.88
	549.03	0.00	12.45	1101.89
	549.04	0.00	12.49	1107.89
	549.06	0.00	12.49	1109.89
	549.07	0.00	12.53	1107.89
	549.08	0.00	12.59	1107.89
	549.09	0.00	12.69	1111.89
	549.10	0.00	12.75	1112.91
	549.11	0.00	12.84	1111.90
	549.13	0.00	12.96	1151.90
	549.14	0.00	13.09	1172.90
	549.15	0.00	13.17	1177.90
	549.16	0.00	13.24	1179.89
	549.17	0.00	13.29	1183.90
	549.19	0.00	13.37	1188.89
	549.20	0.00	13.41	1190.89
	549.21	0.00	13.46	1193.89
	549.22	0.00	13.51	1197.88
	549.23	0.00	13.56	1198.87
	549.24	0.00	13.59	1200.88
	549.26	0.00	13.63	1207.87
	549.27	0.00	13.67	1208.87
	549.28	0.00	13.68	1207.87
	549.29	0.00	13.71	1212.87
	549.30	0.00	13.70	1210.87
	549.31	0.00	13.73	1223.88
	549.33	0.00	13.74	1223.87
	549.34	0.00	13.76	1228.87
	549.35	0.00	13.77	1231.87
	549.36	0.00	13.78	1234.87
	549.37	0.00	13.81	1244.87
	549.38	0.00	13.81	1248.87
	549.40	0.00	13.85	1258.87
	549.41	0.00	13.89	1255.87
	549.42	0.00	13.92	1257.87
	549.43	0.00	13.97	1260.86
	549.44	0.00	14.02	1256.85
	549.45	0.00	14.07	1251.85
	549.47	0.00	14.17	1224.82
	549.48	0.00	14.24	1247.79
	549.49	0.00	14.48	1241.56
	549.50	0.00	14.53	1207.62
	549.51	0.00	14.62	1212.57
	549.52	0.00	14.70	1176.53
	549.53	0.00	14.69	1149.59
	549.55	0.00	14.93	1169.54
	549.56	0.00	14.92	1154.42
	549.57	0.00	15.03	1173.50
	549.58	0.00	15.19	1178.37
	549.59	0.00	15.39	1181.22
	549.60	0.00	15.47	1180.17
	549.62	0.00	15.51	1168.15
	549.63	0.00	15.52	1159.13
	549.64	0.00	15.56	1136.11
	549.65	0.00	15.58	1124.09
	549.66	0.00	15.62	1123.07
	549.67	0.00	15.65	1115.06
	549.69	0.00	15.68	1112.04
	549.70	0.00	15.69	1095.00
	549.71	0.00	15.75	1086.95
	549.72	0.00	15.79	1070.91
	549.73	0.00	15.78	1046.89
	549.75	0.00	15.72	1016.88
	549.76	0.00	15.69	996.87
	549.77	0.00	15.67	977.86
	549.78	0.00	15.70	951.86
	549.79	0.00	15.68	935.85
	549.80	0.00	15.65	917.85
	549.82	0.00	15.63	896.85
	549.83	0.00	15.37	854.84
	549.84	0.00	15.31	835.84
	549.85	0.00	15.23	814.84
	549.86	0.00	15.03	795.85
	549.87	0.00	14.72	752.90
	549.88	0.00	14.35	703.01
	549.90	0.00	14.05	648.02
	549.91	0.00	13.64	590.04
	549.92	0.00	14.01	654.06
	549.93	0.00	14.09	667.04
	549.94	0.00	14.15	672.03
	549.95	0.00	14.15	675.04
	549.97	0.00	14.15	678.04
	549.98	0.00	14.15	681.05
	549.99	0.00	14.17	684.05
	550.00	0.00	14.17	687.06
	550.01	0.00	14.21	688.05
	550.02	0.00	14.18	693.06
	550.03	0.00	14.21	695.06
	550.05	0.00	14.20	696.06
	550.06	0.00	14.22	700.06
	550.07	0.00	14.20	698.07
	550.08	0.00	14.24	701.05
	550.09	0.00	14.24	707.07
	550.10	0.00	14.24	710.08
	550.12	0.00	14.25	711.08
	550.13	0.00	14.25	714.09
	550.14	0.00	14.29	716.08
	550.15	0.00	14.28	717.08
	550.16	0.00	14.29	719.08
	550.17	0.00	14.31	718.07
	550.19	0.00	14.31	720.07
	550.20	0.00	14.29	717.07
	550.21	0.00	14.31	721.07
	550.22	0.00	14.31	721.07
	550.23	0.00	14.31	721.07
	550.24	0.00	14.34	727.07
	550.26	0.00	14.37	728.06
	550.27	0.00	14.34	724.06
	550.28	0.00	14.35	727.06
	550.29	0.00	14.38	733.06
	550.30	0.00	14.44	742.05
	550.31	0.00	14.43	744.05
	550.32	0.00	14.46	749.05
	550.34	0.00	14.46	751.05
	550.35	0.00	14.48	752.04
	550.36	0.00	14.50	756.04
	550.37	0.00	14.10	760.33
	550.38	0.00	13.83	737.40
	550.39	0.00	13.02	652.49
	550.41	0.00	11.72	634.63
	550.42	0.00	11.19	707.70
	550.43	0.00	10.99	770.76
	550.44	0.00	10.66	844.87
	550.45	0.00	10.43	906.94
	550.46	0.00	10.55	957.95
	550.47	0.00	10.81	1011.91
	550.49	0.00	10.91	1038.87
	550.50	0.00	11.06	1044.84
	550.51	0.00	11.27	1062.82
	550.52	0.00	11.41	1079.84
	550.53	0.00	11.53	1076.87
	550.54	0.00	11.60	1070.88
	550.56	0.00	11.71	1070.86
	550.57	0.00	11.77	1069.89
	550.58	0.00	11.82	1057.90
	550.59	0.00	11.88	1051.91
	550.60	0.00	11.93	1048.91
	550.61	0.00	12.00	1047.89
	550.63	0.00	12.05	1050.93
	550.64	0.00	12.08	1046.91
	550.65	0.00	12.26	1074.91
	550.66	0.00	12.33	1083.91
	550.67	0.00	12.37	1087.92
	550.69	0.00	12.40	1087.92
	550.70	0.00	12.44	1092.93
	550.71	0.00	12.48	1094.92
	550.72	0.00	12.50	1090.92
	550.73	0.00	12.60	1098.92
	550.74	0.00	12.64	1095.92
	550.76	0.00	12.65	1085.92
	550.77	0.00	12.74	1085.92
	550.78	0.00	12.75	1080.91
	550.79	0.00	12.88	1116.90
	550.80	0.00	12.94	1117.90
	550.81	0.00	13.03	1131.89
	550.82	0.00	13.08	1134.90
	550.84	0.00	13.12	1140.89
	550.85	0.00	13.21	1168.89
	550.86	0.00	13.25	1170.88
	550.87	0.00	13.28	1176.88
	550.88	0.00	13.31	1182.88
	550.90	0.00	13.36	1189.87
	550.91	0.00	13.41	1190.87
	550.92	0.00	13.45	1196.86
	550.93	0.00	13.48	1201.86
	550.94	0.00	13.52	1202.85
	550.95	0.00	13.55	1209.85
	550.97	0.00	13.59	1214.85
	550.98	0.00	13.61	1211.84
	550.99	0.00	13.64	1216.84
	551.00	0.00	13.66	1219.83
	551.01	0.00	13.70	1221.83
	551.02	0.00	13.73	1217.83
	551.03	0.00	13.78	1221.83
	551.05	0.00	13.79	1222.82
	551.06	0.00	13.83	1224.82
	551.07	0.00	13.86	1222.82
	551.08	0.00	13.87	1221.82
	551.09	0.00	13.91	1215.82
	551.10	0.00	14.10	1232.82
	551.12	0.00	14.15	1224.82
	551.13	0.00	14.19	1222.82
	551.14	0.00	14.26	1213.81
	551.15	0.00	14.29	1207.81
	551.16	0.00	14.34	1198.80
	551.17	0.00	14.48	1157.79
	551.19	0.00	14.59	1156.72
	551.20	0.00	14.60	1158.70
	551.21	0.00	14.61	1151.72
	551.22	0.00	14.59	1141.73
	551.23	0.00	14.60	1140.73
	551.24	0.00	14.62	1135.74
	551.26	0.00	14.63	1128.73
	551.27	0.00	14.74	1135.67
	551.28	0.00	14.82	1123.66
	551.29	0.00	14.88	1124.62
	551.30	0.00	14.95	1117.55
	551.31	0.00	15.23	1109.28
	551.33	0.00	15.36	1106.16
	551.34	0.00	15.39	1082.14
	551.35	0.00	15.40	1072.12
	551.36	0.00	15.44	1069.11
	551.37	0.00	15.46	1065.10
	551.39	0.00	15.49	1056.08
	551.40	0.00	15.52	1048.06
	551.41	0.00	15.54	1036.04
	551.42	0.00	15.57	1029.02
	551.43	0.00	15.64	1015.96
	551.44	0.00	15.69	996.89
	551.45	0.00	15.69	977.87
	551.47	0.00	15.64	939.86
	551.48	0.00	15.51	877.86
	551.49	0.00	15.45	848.85
	551.50	0.00	15.34	795.84
	551.51	0.00	15.14	742.84
	551.52	0.00	15.10	734.83
	551.53	0.00	14.77	702.83
	551.55	0.00	14.76	700.83
	551.56	0.00	14.73	691.83
	551.57	0.00	14.59	693.84
	551.58	0.00	14.39	680.91
	551.59	0.00	14.12	650.98
	551.60	0.00	13.96	628.00
	551.62	0.00	13.61	577.03
	551.63	0.00	13.60	571.01
	551.64	0.00	13.66	583.02
	551.65	0.00	13.71	587.01
	551.66	0.00	13.71	593.02
	551.67	0.00	13.68	589.02
	551.69	0.00	13.69	593.03
	551.70	0.00	13.71	598.04
	551.71	0.00	13.74	600.03
	551.72	0.00	13.74	602.04
	551.73	0.00	13.71	603.05
	551.74	0.00	13.80	612.04
	551.75	0.00	13.76	614.06
	551.77	0.00	13.80	618.05
	551.78	0.00	13.83	626.05
	551.79	0.00	13.81	625.06
	551.80	0.00	13.83	627.05
	551.81	0.00	13.82	629.08
	551.82	0.00	13.83	633.06
	551.84	0.00	13.99	659.06
	551.85	0.00	14.07	672.06
	551.86	0.00	14.06	671.06
	551.87	0.00	14.13	683.06
	551.88	0.00	14.15	693.07
	551.89	0.00	14.14	698.08
	551.91	0.00	14.18	698.07
	551.92	0.00	14.20	705.07
	551.93	0.00	14.25	712.07
	551.94	0.00	14.27	715.07
	551.95	0.00	14.28	718.07
	551.96	0.00	14.31	723.07
	551.97	0.00	14.32	730.07
	551.99	0.00	14.37	734.05
	552.00	0.00	14.39	738.05
	552.01	0.00	14.42	742.05
	552.02	0.00	14.43	746.05
	552.03	0.00	14.45	747.05
	552.04	0.00	14.44	749.05
	552.05	0.00	14.46	754.04
	552.07	0.00	14.48	756.04
	552.08	0.00	14.16	753.23
	552.09	0.00	13.95	719.22
	552.10	0.00	13.08	623.33
	552.11	0.00	12.33	625.44
	552.13	0.00	11.87	665.56
	552.14	0.00	11.60	708.66
	552.15	0.00	11.34	762.76
	552.16	0.00	11.14	815.85
	552.17	0.00	11.16	870.89
	552.18	0.00	11.24	908.88
	552.20	0.00	11.42	958.89
	552.21	0.00	11.46	993.88
	552.22	0.00	11.62	1011.82
	552.23	0.00	11.68	1018.80
	552.24	0.00	11.78	1025.80
	552.25	0.00	11.84	1027.80
	552.26	0.00	11.94	1031.80
	552.28	0.00	12.01	1036.80
	552.29	0.00	12.07	1032.80
	552.30	0.00	12.11	1029.80
	552.31	0.00	12.18	1033.80
	552.32	0.00	12.25	1030.80
	552.33	0.00	12.26	1027.80
	552.35	0.00	12.33	1023.80
	552.36	0.00	12.35	1020.79
	552.37	0.00	12.41	1024.79
	552.38	0.00	12.46	1027.79
	552.39	0.00	12.50	1028.79
	552.40	0.00	12.53	1026.79
	552.42	0.00	12.57	1037.78
	552.43	0.00	12.61	1033.77
	552.44	0.00	12.62	1026.76
	552.45	0.00	12.63	1016.75
	552.46	0.00	12.64	1002.75
	552.47	0.00	12.66	994.74
	552.48	0.00	12.69	984.74
	552.50	0.00	12.65	967.73
	552.51	0.00	12.71	966.73
	552.52	0.00	12.80	973.72
	552.53	0.00	12.80	971.71
	552.54	0.00	12.83	971.71
	552.55	0.00	12.98	947.64
	552.57	0.00	12.91	948.72
	552.58	0.00	12.94	945.71
	552.59	0.00	12.96	977.71
	552.60	0.00	13.03	961.71
	552.61	0.00	13.02	988.71
	552.63	0.00	13.10	974.71
	552.64	0.00	13.12	980.72
	552.65	0.00	13.10	981.72
	552.66	0.00	13.20	1010.72
	552.67	0.00	13.19	1037.72
	552.68	0.00	13.21	1042.72
	552.69	0.00	13.25	1044.72
	552.71	0.00	13.34	1048.64
	552.72	0.00	13.31	1049.72
	552.73	0.00	13.34	1058.72
	552.74	0.00	13.36	1061.72
	552.75	0.00	13.39	1065.71
	552.76	0.00	13.44	1068.71
	552.78	0.00	13.49	1068.69
	552.79	0.00	13.51	1070.70
	552.80	0.00	13.61	1068.70
	552.81	0.00	13.84	1085.70
	552.82	0.00	13.71	1060.69
	552.83	0.00	13.73	1059.69
	552.85	0.00	13.97	1077.69
	552.86	0.00	14.03	1075.68
	552.87	0.00	14.06	1071.67
	552.88	0.00	14.15	1045.66
	552.89	0.00	14.16	1044.66
	552.90	0.00	14.18	1046.66
	552.91	0.00	14.13	1067.65
	552.93	0.00	14.20	1047.66
	552.94	0.00	14.22	1046.65
	552.95	0.00	14.22	1040.64
	552.96	0.00	14.26	1038.64
	552.97	0.00	14.30	1034.62
	552.98	0.00	14.33	1025.60
	553.00	0.00	14.36	1020.58
	553.01	0.00	14.37	1017.58
	553.02	0.00	14.39	1017.59
	553.03	0.00	14.40	1016.57
	553.04	0.00	14.43	1015.56
	553.05	0.00	14.44	1008.54
	553.07	0.00	14.45	1005.53
	553.08	0.00	14.48	997.52
	553.09	0.00	14.45	991.54
	553.10	0.00	14.49	988.51
	553.11	0.00	14.51	986.50
	553.12	0.00	14.50	985.50
	553.14	0.00	14.49	962.50
	553.15	0.00	14.45	938.50
	553.16	0.00	14.41	938.51
	553.17	0.00	14.39	937.51
	553.18	0.00	14.31	936.53
	553.19	0.00	14.27	936.54
	553.21	0.00	14.18	934.56
	553.22	0.00	13.95	915.56
	553.23	0.00	13.92	911.57
	553.24	0.00	13.96	907.52
	553.25	0.00	13.93	903.58
	553.26	0.00	13.98	899.56
	553.27	0.00	14.01	891.53
	553.29	0.00	14.09	885.51
	553.30	0.00	14.17	876.47
	553.31	0.00	14.27	871.39
	553.32	0.00	14.38	865.29
	553.33	0.00	14.39	861.28
	553.34	0.00	14.36	854.29
	553.36	0.00	14.44	852.23
	553.37	0.00	14.40	838.22
	553.38	0.00	14.34	822.22
	553.39	0.00	14.29	812.23
	553.40	0.00	14.18	805.30
	553.41	0.00	14.14	797.30
	553.42	0.00	14.18	786.23
	553.44	0.00	14.16	783.22
	553.45	0.00	14.10	762.21
	553.46	0.00	13.96	739.23
	553.47	0.00	13.95	733.21
	553.48	0.00	13.96	732.20
	553.50	0.00	13.95	728.21
	553.51	0.00	13.95	723.20
	553.52	0.00	13.97	726.20
	553.53	0.00	13.97	725.20
	553.54	0.00	13.93	706.20
	553.55	0.00	13.98	725.19
	553.56	0.00	13.93	705.19
	553.58	0.00	13.94	707.19
	553.59	0.00	14.01	727.18
	553.60	0.00	13.93	732.22
	553.61	0.00	13.88	753.29
	553.62	0.00	13.77	768.37
	553.63	0.00	13.58	764.42
	553.65	0.00	13.40	773.48
	553.66	0.00	13.35	784.50
	553.67	0.00	13.31	790.53
	553.68	0.00	13.29	794.53
	553.69	0.00	13.29	803.54
	553.70	0.00	13.25	807.56
	553.72	0.00	13.25	820.58
	553.73	0.00	13.21	827.59
	553.74	0.00	13.24	832.59
	553.75	0.00	13.23	838.59
	553.76	0.00	13.23	849.60
	553.77	0.00	13.22	849.60
	553.78	0.00	13.23	855.61
	553.80	0.00	13.20	858.61
	553.81	0.00	13.20	861.61
	553.82	0.00	13.19	865.62
	553.83	0.00	13.13	872.63
	553.84	0.00	13.12	878.62
	553.85	0.00	13.12	886.62
	553.87	0.00	13.12	893.62
	553.88	0.00	13.12	901.62
	553.89	0.00	13.11	908.63
	553.90	0.00	13.12	910.62
	553.91	0.00	13.09	912.65
	553.92	0.00	13.12	916.61
	553.94	0.00	13.10	916.63
	553.95	0.00	13.11	917.63
	553.96	0.00	13.10	919.63
	553.97	0.00	13.12	922.63
	553.98	0.00	13.14	921.63
	553.99	0.00	13.14	921.62
	554.01	0.00	13.14	923.63
	554.02	0.00	13.17	925.62
	554.03	0.00	13.16	925.62
	554.04	0.00	13.18	926.62
	554.05	0.00	13.19	926.62
	554.06	0.00	13.19	926.62
	554.08	0.00	13.20	927.62
	554.09	0.00	13.21	931.63
	554.10	0.00	13.25	931.62
	554.11	0.00	13.23	928.62
	554.12	0.00	13.25	928.62
	554.13	0.00	13.27	931.62
	554.14	0.00	13.28	930.62
	554.16	0.00	13.31	932.61
	554.17	0.00	13.31	931.61
	554.18	0.00	13.33	932.61
	554.19	0.00	13.35	930.61
	554.20	0.00	13.38	926.61
	554.21	0.00	13.43	930.61
	554.22	0.00	13.44	927.61
	554.24	0.00	13.44	929.61
	554.25	0.00	13.45	930.60
	554.26	0.00	13.48	930.57
	554.27	0.00	13.44	930.61
	554.28	0.00	13.43	926.60
	554.29	0.00	13.42	929.60
	554.31	0.00	13.40	933.60
	554.32	0.00	13.38	934.60
	554.33	0.00	13.37	937.61
	554.34	0.00	13.35	937.60
	554.35	0.00	13.35	937.60
	554.36	0.00	13.33	938.61
	554.38	0.00	13.34	939.61
	554.39	0.00	13.34	944.61
	554.40	0.00	13.32	940.61
	554.41	0.00	13.32	939.61
	554.42	0.00	13.31	940.61
	554.43	0.00	13.31	941.61
	554.45	0.00	13.30	941.61
	554.46	0.00	13.31	938.60
	554.47	0.00	13.30	941.61
	554.48	0.00	13.29	941.61
	554.49	0.00	13.29	942.61
	554.50	0.00	13.29	942.61
	554.52	0.00	13.28	942.61
	554.53	0.00	13.28	943.61
	554.54	0.00	13.28	943.61
	554.55	0.00	13.28	944.61
	554.56	0.00	13.27	942.62
	554.57	0.00	13.28	945.61
	554.59	0.00	13.27	944.61
	554.60	0.00	13.27	943.61
	554.61	0.00	13.27	944.61
	554.62	0.00	13.26	945.61
	554.63	0.00	13.26	945.61
	554.64	0.00	13.25	944.61
	554.65	0.00	13.24	946.62
	554.67	0.00	13.24	944.61
	554.68	0.00	13.26	947.61
	554.69	0.00	13.26	945.61
	554.70	0.00	13.24	944.61
	554.71	0.00	13.24	943.61
	554.72	0.00	13.25	947.62
	554.74	0.00	13.24	943.61
	554.75	0.00	13.23	946.62
	554.76	0.00	13.26	946.59
	554.77	0.00	13.24	944.61
	554.78	0.00	13.23	945.61
	554.79	0.00	13.24	946.61
	554.81	0.00	13.24	945.61
	554.82	0.00	13.23	943.61
	554.83	0.00	13.24	944.61
	554.84	0.00	13.22	943.62
	554.85	0.00	13.23	944.62
	554.86	0.00	13.24	946.61
	554.88	0.00	13.25	948.61
	554.89	0.00	13.24	946.61
	554.90	0.00	13.25	945.61
	554.91	0.00	13.25	945.61
	554.92	0.00	13.25	945.61
	554.93	0.00	13.25	945.61
	554.95	0.00	13.24	945.62
	554.96	0.00	13.30	944.56
	554.97	0.00	13.27	947.61
	554.98	0.00	13.27	946.61
	554.99	0.00	13.28	945.61
	555.00	0.00	13.28	944.61
	555.02	0.00	13.27	943.61
	555.03	0.00	13.28	944.61
	555.04	0.00	13.28	945.61
	555.05	0.00	13.29	943.60
	555.06	0.00	13.31	943.60
	555.07	0.00	13.27	941.61
	555.08	0.00	13.29	944.61
	555.10	0.00	13.29	942.61
	555.11	0.00	13.30	944.61
	555.12	0.00	13.31	946.60
	555.13	0.00	13.31	944.60
	555.14	0.00	13.31	943.60
	555.15	0.00	13.32	945.61
	555.16	0.00	13.33	945.60
	555.18	0.00	13.32	947.60
	555.19	0.00	13.32	943.60
	555.20	0.00	13.32	944.60
	555.21	0.00	13.34	943.60
	555.22	0.00	13.35	944.60
	555.23	0.00	13.35	944.60
	555.25	0.00	13.35	942.60
	555.26	0.00	13.36	944.60
	555.27	0.00	13.36	944.60
	555.28	0.00	13.37	943.59
	555.29	0.00	13.38	945.60
	555.30	0.00	13.35	940.60
	555.32	0.00	13.39	945.60
	555.33	0.00	13.40	944.60
	555.34	0.00	13.42	943.60
	555.35	0.00	13.44	943.60
	555.36	0.00	13.48	940.59
	555.37	0.00	13.48	940.60
	555.39	0.00	13.50	938.60
	555.40	0.00	13.52	938.59
	555.41	0.00	13.53	938.59
	555.42	0.00	13.55	938.59
	555.43	0.00	13.56	937.58
	555.44	0.00	13.59	937.58
	555.46	0.00	13.58	936.58
	555.47	0.00	13.59	935.58
	555.48	0.00	13.62	936.57
	555.49	0.00	13.61	933.58
	555.50	0.00	13.61	933.58
	555.51	0.00	13.65	936.58
	555.53	0.00	13.66	936.58
	555.54	0.00	13.67	937.57
	555.55	0.00	13.68	937.58
	555.56	0.00	13.68	936.57
	555.57	0.00	13.67	936.58
	555.58	0.00	13.68	937.58
	555.59	0.00	13.68	938.57
	555.61	0.00	13.68	936.57
	555.62	0.00	13.69	937.57
	555.63	0.00	13.69	936.57
	555.64	0.00	13.71	939.57
	555.65	0.00	13.69	935.57
	555.66	0.00	13.70	938.57
	555.68	0.00	13.71	937.57
	555.69	0.00	13.74	941.57
	555.70	0.00	13.72	939.57
	555.71	0.00	13.72	938.57
	555.72	0.00	13.72	937.57
	555.73	0.00	13.73	939.57
	555.75	0.00	13.74	939.57
	555.76	0.00	13.75	940.56
	555.77	0.00	13.75	942.57
	555.78	0.00	13.76	941.57
	555.79	0.00	13.76	940.56
	555.80	0.00	13.77	942.56
	555.82	0.00	13.78	942.56
	555.83	0.00	13.79	941.56
	555.84	0.00	13.79	941.56
	555.85	0.00	13.80	943.56
	555.86	0.00	13.79	942.56
	555.87	0.00	13.77	936.56
	555.89	0.00	13.83	944.56
	555.90	0.00	13.81	943.56
	555.91	0.00	13.80	944.56
	555.92	0.00	13.80	944.56
	555.93	0.00	13.79	942.56
	555.94	0.00	13.81	946.56
	555.96	0.00	13.80	946.57
	555.97	0.00	13.81	946.56
	555.98	0.00	13.79	941.56
	555.99	0.00	13.81	946.56
	556.00	0.00	13.81	946.56
	556.01	0.00	13.81	949.56
	556.02	0.00	13.81	948.56
	556.04	0.00	13.81	948.56
	556.05	0.00	13.81	949.56
	556.06	0.00	13.80	949.57
	556.07	0.00	13.81	952.56
	556.08	0.00	13.81	950.56
	556.09	0.00	13.80	949.56
	556.11	0.00	13.81	950.56
	556.12	0.00	13.80	949.56
	556.13	0.00	13.79	951.56
	556.14	0.00	13.78	950.57
	556.15	0.00	13.79	951.56
	556.16	0.00	13.81	956.56
	556.18	0.00	13.80	955.56
	556.19	0.00	13.79	954.56
	556.20	1.00	13.79	953.56
	556.21	1.00	13.79	953.56
	556.22	1.00	13.80	955.56
	556.23	1.00	13.78	954.57
	556.25	1.00	13.79	954.56
	556.26	1.00	13.78	954.56
	556.27	1.00	13.78	952.56
	556.28	1.00	13.80	952.56
	556.29	1.00	13.82	959.56
	556.30	1.00	13.81	954.56
	556.32	1.00	13.82	954.54
	556.33	1.00	13.80	953.56
	556.34	1.00	13.79	951.56
	556.35	1.00	13.82	957.56
	556.36	1.00	13.80	954.56
	556.37	1.00	13.81	955.56
	556.39	1.00	13.81	955.56
	556.40	1.00	13.81	955.56
	556.41	1.00	13.80	954.58
	556.42	0.00	13.80	955.57
	556.43	0.00	13.80	950.56
	556.44	0.00	13.82	956.56
	556.46	0.00	13.82	957.56
	556.47	0.00	13.82	957.56
	556.48	0.00	13.81	956.56
	556.49	0.00	13.82	957.56
	556.50	0.00	13.82	957.56
	556.51	0.00	13.82	956.56
	556.53	0.00	13.83	960.56
	556.54	0.00	13.82	957.56
	556.55	0.00	13.82	958.56
	556.56	0.00	13.82	960.56
	556.57	0.00	13.81	961.56
	556.58	0.00	13.81	958.56
	556.59	0.00	13.80	961.57
	556.61	0.00	13.79	959.56
	556.62	0.00	13.81	964.56
	556.63	0.00	13.79	960.56
	556.64	0.00	13.78	961.56
	556.65	0.00	13.79	962.56
	556.66	0.00	13.79	962.56
	556.68	0.00	13.77	963.57
	556.69	0.00	13.77	962.57
	556.70	0.00	13.77	961.56
	556.71	0.00	13.76	959.56
	556.72	0.00	13.78	962.56
	556.73	0.00	13.77	961.56
	556.75	0.00	13.78	962.56
	556.76	0.00	13.77	962.57
	556.77	0.00	13.77	964.57
	556.78	0.00	13.78	962.56
	556.79	0.00	13.73	956.56
	556.80	0.00	13.78	962.56
	556.82	0.00	13.78	962.56
	556.83	0.00	13.78	964.56
	556.84	0.00	13.79	965.56
	556.85	0.00	13.78	965.57
	556.86	0.00	13.80	967.53
	556.87	0.00	13.74	959.56
	556.88	0.00	13.77	970.57
	556.90	0.00	13.76	966.57
	556.91	0.00	13.75	967.57
	556.92	0.00	13.75	968.57
	556.93	0.00	13.74	969.57
	556.94	0.00	13.74	969.57
	556.96	0.00	13.74	969.57
	556.97	0.00	13.71	972.58
	556.98	0.00	13.71	972.57
	556.99	0.00	13.64	973.57
	557.00	0.00	13.64	977.57
	557.01	0.00	13.63	977.57
	557.03	0.00	13.60	982.58
	557.04	0.00	13.58	982.58
	557.05	0.00	13.54	985.59
	557.06	0.00	13.55	985.58
	557.07	0.00	13.52	985.59
	557.08	0.00	13.52	988.59
	557.09	0.00	13.51	988.59
	557.11	0.00	13.50	987.59
	557.12	0.00	13.51	988.59
	557.13	0.00	13.52	987.59
	557.14	0.00	13.52	985.59
	557.15	0.00	13.53	984.58
	557.16	0.00	13.52	983.59
	557.17	0.00	13.54	985.59
	557.19	0.00	13.55	983.59
	557.20	0.00	13.56	984.59
	557.21	0.00	13.54	980.59
	557.22	0.00	13.56	982.58
	557.23	0.00	13.57	983.58
	557.25	0.00	13.59	981.56
	557.26	0.00	13.57	984.58
	557.27	0.00	13.57	985.58
	557.28	0.00	13.57	983.58
	557.29	0.00	13.57	984.58
	557.30	0.00	13.57	983.58
	557.32	0.00	13.57	982.58
	557.33	0.00	13.56	982.58
	557.34	0.00	13.56	982.59
	557.35	0.00	13.58	986.58
	557.36	0.00	13.57	980.58
	557.37	0.00	13.57	980.58
	557.38	0.00	13.57	981.58
	557.40	0.00	13.57	981.58
	557.41	0.00	13.57	981.58
	557.42	0.00	13.61	984.57
	557.43	0.00	13.58	979.59
	557.44	0.00	13.63	980.58
	557.46	0.00	13.68	973.57
	557.47	0.00	13.73	968.57
	557.48	0.00	13.75	968.57
	557.49	0.00	13.77	961.56
	557.50	0.00	13.80	962.56
	557.51	0.00	13.81	964.57
	557.52	0.00	13.81	962.56
	557.54	0.00	13.85	961.56
	557.55	0.00	13.87	959.55
	557.56	0.00	13.86	959.55
	557.57	0.00	13.87	955.55
	557.58	0.00	13.88	957.55
	557.59	0.00	13.90	957.55
	557.60	0.00	13.94	961.53
	557.62	0.00	13.89	951.54
	557.63	0.00	13.91	957.54
	557.64	0.00	13.92	959.54
	557.65	0.00	13.92	958.54
	557.66	0.00	13.93	962.54
	557.67	0.00	13.92	957.54
	557.69	0.00	13.93	956.53
	557.70	0.00	13.95	957.53
	557.71	0.00	13.94	953.53
	557.72	0.00	13.96	952.53
	557.73	0.00	13.97	953.53
	557.75	0.00	13.97	952.53
	557.76	0.00	14.00	950.52
	557.77	0.00	13.99	949.53
	557.78	0.00	14.01	945.52
	557.79	0.00	14.01	951.52
	557.80	0.00	14.01	948.52
	557.81	0.00	14.01	949.51
	557.83	0.00	14.02	950.51
	557.84	0.00	14.02	950.51
	557.85	0.00	14.03	949.50
	557.86	0.00	14.02	949.51
	557.87	0.00	14.01	945.51
	557.89	0.00	14.02	949.51
	557.90	0.00	14.01	946.51
	557.91	0.00	14.01	947.51
	557.92	0.00	14.01	945.51
	557.93	0.00	13.98	946.52
	557.94	0.00	13.96	945.53
	557.96	0.00	13.97	944.52
	557.97	0.00	13.95	943.52
	557.98	0.00	13.96	940.52
	557.99	0.00	13.96	940.52
	558.00	0.00	13.95	937.51
	558.01	0.00	14.01	933.46
	558.02	0.00	13.98	932.51
	558.03	0.00	14.02	917.49
	558.05	0.00	14.12	915.45
	558.06	0.00	14.23	905.41
	558.07	0.00	14.38	890.34
	558.08	0.00	14.46	882.28
	558.09	0.00	14.55	873.18
	558.10	0.00	14.58	868.15
	558.12	0.00	14.59	860.13
	558.13	0.00	14.60	854.11
	558.14	0.00	14.56	842.11
	558.15	0.00	14.48	823.11
	558.16	0.00	14.44	813.11
	558.17	0.00	14.35	797.12
	558.19	0.00	14.33	793.13
	558.20	0.00	14.30	788.14
	558.21	0.00	14.24	781.16
	558.22	0.00	14.16	776.21
	558.23	0.00	14.14	767.19
	558.24	0.00	14.18	775.19
	558.26	0.00	14.18	775.19
	558.27	0.00	14.20	777.18
	558.28	0.00	14.25	783.17
	558.29	0.00	14.25	784.17
	558.30	0.00	14.17	766.17
	558.31	0.00	14.16	767.17
	558.33	0.00	14.16	767.17
	558.34	0.00	14.14	745.16
	558.35	0.00	14.12	745.16
	558.36	0.00	14.14	746.15
	558.37	0.00	14.12	742.15
	558.38	0.00	14.13	741.15
	558.40	0.00	14.13	740.15
	558.41	0.00	14.14	742.15
	558.42	0.00	14.14	739.15
	558.43	0.00	14.14	742.15
	558.44	0.00	14.16	739.14
	558.45	0.00	14.14	740.14
	558.47	0.00	14.11	744.17
	558.48	0.00	14.04	743.22
	558.49	0.00	13.98	736.25
	558.50	0.00	13.90	721.26
	558.51	0.00	13.83	714.28
	558.52	0.00	13.85	746.36
	558.53	0.00	13.62	780.52
	558.54	0.00	13.60	827.54
	558.56	0.00	13.65	851.53
	558.57	0.00	13.67	873.57
	558.58	0.00	13.72	892.53
	558.59	0.00	13.71	906.55
	558.60	0.00	13.84	940.46
	558.61	0.00	13.85	971.45
	558.63	0.00	13.84	1007.46
	558.64	0.00	13.80	1013.47
	558.65	0.00	13.74	1040.48
	558.66	0.00	13.72	1077.51
	558.67	0.00	13.71	1090.53
	558.69	0.00	13.72	1099.55
	558.70	0.00	13.71	1102.58
	558.71	0.00	13.66	1134.58
	558.72	0.00	13.71	1116.58
	558.73	0.00	13.70	1141.58
	558.74	0.00	13.75	1142.57
	558.76	0.00	13.79	1145.57
	558.77	0.00	13.80	1148.56
	558.78	0.00	13.82	1156.55
	558.79	0.00	13.86	1158.54
	558.80	0.00	13.91	1162.54
	558.81	0.00	13.95	1171.54
	558.83	0.00	13.99	1179.53
	558.84	0.00	14.02	1221.53
	558.85	0.00	14.05	1226.53
	558.86	0.00	14.05	1228.53
	558.87	0.00	14.08	1237.53
	558.88	0.00	14.12	1243.52
	558.90	0.00	14.13	1245.52
	558.91	0.00	14.16	1248.51
	558.92	0.00	14.18	1256.51
	558.93	0.00	14.17	1258.51
	558.94	0.00	14.18	1259.51
	558.95	0.00	14.19	1267.51
	558.97	0.00	14.19	1272.52
	558.98	0.00	14.17	1268.52
	558.99	0.00	14.21	1288.52
	559.00	0.00	14.20	1279.52
	559.01	0.00	14.23	1298.52
	559.02	0.00	14.25	1305.52
	559.03	0.00	14.27	1304.52
	559.05	0.00	14.32	1312.51
	559.06	0.00	14.39	1314.48
	559.07	0.00	14.47	1317.45
	559.08	0.00	14.65	1313.38
	559.09	0.00	14.95	1325.35
	559.10	0.00	15.02	1327.33
	559.12	0.00	15.06	1331.32
	559.13	0.00	15.15	1313.29
	559.14	0.00	15.13	1315.35
	559.15	0.00	15.09	1296.36
	559.16	0.00	15.12	1318.37
	559.17	0.00	15.10	1322.38
	559.19	0.00	15.05	1347.39
	559.20	0.00	15.02	1351.42
	559.21	0.00	14.98	1354.44
	559.22	0.00	14.93	1356.45
	559.23	0.00	14.88	1358.47
	559.25	0.00	14.62	1346.48
	559.26	0.00	14.54	1351.49
	559.27	0.00	14.49	1354.51
	559.28	0.00	14.47	1356.52
	559.29	0.00	14.48	1361.51
	559.30	0.00	14.48	1361.51
	559.31	0.00	14.49	1361.51
	559.33	0.00	14.51	1365.51
	559.34	0.00	14.55	1360.46
	559.35	0.00	14.51	1364.52
	559.36	0.00	14.54	1366.51
	559.37	0.00	14.54	1363.51
	559.38	0.00	14.54	1359.51
	559.40	0.00	14.57	1360.52
	559.41	0.00	14.64	1347.46
	559.42	0.00	14.63	1349.52
	559.43	0.00	14.65	1341.52
	559.44	0.00	14.67	1344.53
	559.46	0.00	14.67	1343.56
	559.47	0.00	14.67	1344.58
	559.48	0.00	14.70	1340.56
	559.49	0.00	14.71	1338.57
	559.50	0.00	14.73	1337.57
	559.51	0.00	14.72	1339.59
	559.52	0.00	14.77	1341.56
	559.54	0.00	14.80	1314.55
	559.55	0.00	14.92	1295.51
	559.56	0.00	14.99	1295.45
	559.57	0.00	15.05	1293.39
	559.58	0.00	15.11	1292.35
	559.59	0.00	15.12	1292.34
	559.60	0.00	15.18	1294.28
	559.62	0.00	15.18	1295.29
	559.63	0.00	15.18	1296.29
	559.64	0.00	15.16	1298.30
	559.65	0.00	15.12	1294.34
	559.66	0.00	15.05	1285.40
	559.68	0.00	15.00	1265.42
	559.69	0.00	14.94	1259.44
	559.70	0.00	14.84	1283.46
	559.71	0.00	14.79	1280.48
	559.72	0.00	14.74	1283.49
	559.73	0.00	14.74	1289.49
	559.75	0.00	14.67	1272.51
	559.76	0.00	14.64	1267.52
	559.77	0.00	14.58	1253.53
	559.78	0.00	14.54	1247.54
	559.79	0.00	14.47	1240.56
	559.80	0.00	14.42	1230.57
	559.82	0.00	14.39	1222.57
	559.83	0.00	14.38	1215.57
	559.84	0.00	14.38	1201.57
	559.85	0.00	14.39	1183.56
	559.86	0.00	14.41	1157.55
	559.87	0.00	14.47	1136.53
	559.89	0.00	14.57	1095.52
	559.90	0.00	14.65	1057.48
	559.91	0.00	14.68	1040.46
	559.92	0.00	14.77	1030.39
	559.93	0.00	14.77	1013.35
	559.94	0.00	14.79	1001.33
	559.96	0.00	14.73	987.35
	559.97	0.00	14.69	963.35
	559.98	0.00	14.61	929.32
	559.99	0.00	14.43	888.37
	560.00	0.00	14.26	843.36
	560.01	0.00	14.23	804.25
	560.03	0.00	14.11	761.22
	560.04	0.00	13.95	741.28
	560.05	0.00	14.00	746.26
	560.06	0.00	13.94	747.32
	560.07	0.00	14.00	750.28
	560.08	0.00	13.95	728.28
	560.09	0.00	13.96	741.29
	560.11	0.00	13.94	723.28
	560.12	0.00	13.94	723.28
	560.13	0.00	13.94	726.28
	560.14	0.00	13.94	725.28
	560.15	0.00	13.95	725.27
	560.16	0.00	14.04	732.23
	560.18	0.00	14.07	739.23
	560.19	0.00	14.27	758.15
	560.20	0.00	14.36	765.12
	560.21	0.00	14.43	768.09
	560.22	0.00	14.50	775.09
	560.23	0.00	14.58	818.10
	560.25	0.00	14.56	834.16
	560.26	0.00	14.52	855.26
	560.27	0.00	14.54	877.32
	560.28	0.00	14.51	910.39
	560.29	0.00	14.55	927.38
	560.30	0.00	14.58	942.32
	560.32	0.00	14.58	946.34
	560.33	0.00	14.50	951.44
	560.34	0.00	14.59	953.36
	560.35	0.00	14.55	958.42
	560.36	0.00	14.53	965.44
	560.37	0.00	14.52	974.45
	560.39	0.00	14.48	982.48
	560.40	0.00	14.46	994.50
	560.41	0.00	14.45	1007.52
	560.42	0.00	14.41	1019.54
	560.43	0.00	14.37	1021.55
	560.44	0.00	14.32	1027.57
	560.46	0.00	14.31	1036.58
	560.47	0.00	14.23	1059.59
	560.48	0.00	14.21	1046.61
	560.49	0.00	14.15	1066.61
	560.50	0.00	14.13	1072.61
	560.51	0.00	14.08	1081.61
	560.53	0.00	14.01	1091.62
	560.54	0.00	13.96	1099.63
	560.55	0.00	13.92	1100.64
	560.56	0.00	13.85	1121.65
	560.57	0.00	13.90	1100.64
	560.58	0.00	13.83	1123.65
	560.59	0.00	13.82	1122.65
	560.61	0.00	13.78	1114.65
	560.62	0.00	13.73	1128.66
	560.63	0.00	13.70	1131.66
	560.64	0.00	13.67	1137.66
	560.65	0.00	13.63	1138.66
	560.66	0.00	13.62	1136.66
	560.68	0.00	13.59	1136.67
	560.69	0.00	13.58	1118.67
	560.70	0.00	13.58	1120.67
	560.71	0.00	13.55	1121.67
	560.72	0.00	13.54	1127.68
	560.74	0.00	13.53	1144.68
	560.75	0.00	13.55	1147.68
	560.76	0.00	13.51	1145.68
	560.77	0.00	13.50	1145.68
	560.78	0.00	13.49	1146.68
	560.79	0.00	13.48	1147.69
	560.80	0.00	13.45	1148.69
	560.82	0.00	13.44	1148.69
	560.83	0.00	13.45	1151.69
	560.84	0.00	13.45	1153.69
	560.85	0.00	13.44	1150.69
	560.86	0.00	13.45	1151.69
	560.88	0.00	13.45	1147.69
	560.89	0.00	13.44	1150.69
	560.90	0.00	13.43	1151.69
	560.91	0.00	13.45	1151.69
	560.92	0.00	13.43	1151.69
	560.93	0.00	13.44	1150.69
	560.95	0.00	13.43	1147.69
	560.96	0.00	13.44	1152.69
	560.97	0.00	13.43	1151.69
	560.98	0.00	13.45	1151.68
	560.99	0.00	13.45	1130.68
	561.00	0.00	13.45	1129.69
	561.02	0.00	13.45	1131.69
	561.03	0.00	13.45	1130.68
	561.04	0.00	13.46	1129.68
	561.05	0.00	13.46	1125.68
	561.06	0.00	13.45	1125.68
	561.08	0.00	13.44	1120.68
	561.09	0.00	13.46	1124.68
	561.10	0.00	13.50	1119.64
	561.11	0.00	13.45	1123.68
	561.12	0.00	13.48	1126.68
	561.13	0.00	13.47	1120.68
	561.14	0.00	13.48	1115.68
	561.16	0.00	13.50	1115.67
	561.17	0.00	13.49	1110.69
	561.18	0.00	13.53	1111.66
	561.19	0.00	13.53	1113.67
	561.20	0.00	13.56	1109.67
	561.22	0.00	13.57	1109.67
	561.23	0.00	13.58	1109.67
	561.24	0.00	13.59	1106.67
	561.25	0.00	13.60	1105.67
	561.26	0.00	13.62	1104.67
	561.27	0.00	13.63	1123.66
	561.28	0.00	13.65	1102.66
	561.30	0.00	13.67	1100.66
	561.31	0.00	13.67	1120.66
	561.32	0.00	13.71	1123.66
	561.33	0.00	13.72	1120.65
	561.34	0.00	13.72	1122.65
	561.35	0.00	13.74	1127.66
	561.37	0.00	13.76	1124.65
	561.38	0.00	13.75	1121.66
	561.39	0.00	13.76	1120.65
	561.40	0.00	13.77	1119.65
	561.41	0.00	13.80	1128.65
	561.42	0.00	13.80	1123.64
	561.44	0.00	13.78	1120.65
	561.45	0.00	13.80	1125.64
	561.46	0.00	13.80	1123.64
	561.47	0.00	13.80	1124.64
	561.48	0.00	13.80	1125.64
	561.50	0.00	13.80	1123.64
	561.51	0.00	13.80	1122.64
	561.52	0.00	13.79	1123.64
	561.53	0.00	13.80	1126.64
	561.54	0.00	13.78	1122.64
	561.55	0.00	13.80	1129.64
	561.57	0.00	13.79	1126.64
	561.58	0.00	13.79	1125.64
	561.59	0.00	13.80	1127.64
	561.60	0.00	13.79	1126.64
	561.61	0.00	13.79	1126.64
	561.62	0.00	13.79	1126.64
	561.64	0.00	13.79	1125.64
	561.65	0.00	13.80	1128.64
	561.66	0.00	13.79	1128.64
	561.67	0.00	13.79	1126.64
	561.68	0.00	13.78	1124.64
	561.69	0.00	13.80	1127.64
	561.71	0.00	13.78	1124.64
	561.72	0.00	13.80	1129.64
	561.73	0.00	13.79	1128.65
	561.74	0.00	13.79	1125.64
	561.75	0.00	13.80	1128.64
	561.76	0.00	13.80	1129.64
	561.78	0.00	13.79	1126.64
	561.79	0.00	13.80	1128.64
	561.80	0.00	13.80	1133.64
	561.81	0.00	13.80	1130.63
	561.82	0.00	13.79	1130.64
	561.84	0.00	13.79	1131.64
	561.85	0.00	13.78	1126.63
	561.86	0.00	13.79	1125.63
	561.87	0.00	13.79	1129.63
	561.88	0.00	13.80	1130.63
	561.89	0.00	13.77	1124.63
	561.90	0.00	13.80	1130.63
	561.92	0.00	13.79	1129.63
	561.93	0.00	13.82	1130.62
	561.94	0.00	13.81	1132.63
	561.95	0.00	13.81	1128.63
	561.96	0.00	13.81	1130.63
	561.97	0.00	13.81	1130.63
	561.99	0.00	13.83	1134.63
	562.00	0.00	13.82	1133.63
	562.01	0.00	13.81	1130.63
	562.02	0.00	13.81	1130.63
	562.03	0.00	13.81	1130.63
	562.04	0.00	13.81	1129.63
	562.06	0.00	13.82	1129.63
	562.07	0.00	13.82	1130.63
	562.08	0.00	13.81	1129.63
	562.09	0.00	13.82	1131.63
	562.10	0.00	13.83	1133.63
	562.11	0.00	13.86	1131.60
	562.13	0.00	13.84	1130.62
	562.14	0.00	13.83	1129.62
	562.15	0.00	13.85	1133.63
	562.16	0.00	13.83	1132.63
	562.17	0.00	13.85	1134.62
	562.19	0.00	13.85	1134.62
	562.20	0.00	13.85	1134.62
	562.21	0.00	13.85	1133.62
	562.22	0.00	13.84	1135.63
	562.23	0.00	13.85	1137.62
	562.24	0.00	13.85	1134.62
	562.26	0.00	13.85	1139.62
	562.27	0.00	13.86	1139.62
	562.28	0.00	13.85	1139.62
	562.29	0.00	13.85	1138.62
	562.30	0.00	13.86	1139.62
	562.31	0.00	13.86	1139.62
	562.33	0.00	13.85	1139.63
	562.34	0.00	13.83	1132.62
	562.35	0.00	13.86	1138.62
	562.36	0.00	13.87	1140.62
	562.37	0.00	13.87	1140.62
	562.38	0.00	13.86	1139.62
	562.40	0.00	13.87	1140.62
	562.41	0.00	13.87	1141.62
	562.42	0.00	13.87	1141.62
	562.43	0.00	13.86	1141.63
	562.44	0.00	13.88	1142.62
	562.45	0.00	13.88	1141.62
	562.47	0.00	13.88	1141.62
	562.48	0.00	13.88	1141.62
	562.49	0.00	13.88	1139.62
	562.50	0.00	13.88	1141.62
	562.51	0.00	13.89	1143.62
	562.52	0.00	13.89	1144.62
	562.53	0.00	13.88	1143.62
	562.55	0.00	13.89	1143.62
	562.56	0.00	13.88	1140.62
	562.57	0.00	13.89	1143.62
	562.58	0.00	13.88	1139.62
	562.59	0.00	13.88	1138.62
	562.61	0.00	13.89	1143.62
	562.62	0.00	13.90	1142.61
	562.63	0.00	13.89	1142.62
	562.64	0.00	13.92	1145.61
	562.65	0.00	13.90	1143.62
	562.66	0.00	13.90	1144.61
	562.67	0.00	13.90	1144.62
	562.69	0.00	13.90	1141.61
	562.70	0.00	13.89	1142.62
	562.71	0.00	13.89	1139.61
	562.72	0.00	13.88	1140.62
	562.73	0.00	13.89	1140.61
	562.75	0.00	13.88	1135.61
	562.76	0.00	13.89	1140.61
	562.77	0.00	13.89	1143.62
	562.78	0.00	13.91	1145.61
	562.79	0.00	13.88	1143.62
	562.80	0.00	13.90	1147.61
	562.82	0.00	13.89	1144.62
	562.83	0.00	13.88	1145.62
	562.84	0.00	13.89	1145.62
	562.85	0.00	13.85	1141.62
	562.86	0.00	13.88	1148.62
	562.87	0.00	13.88	1146.62
	562.89	0.00	13.88	1148.62
	562.90	0.00	13.86	1146.62
	562.91	0.00	13.87	1145.62
	562.92	0.00	13.84	1167.62
	562.93	0.00	13.84	1168.62
	562.95	0.00	13.83	1168.62
	562.96	0.00	13.83	1169.62
	562.97	0.00	13.82	1170.62
	562.98	0.00	13.82	1171.62
	562.99	0.00	13.81	1171.62
	563.00	0.00	13.80	1172.62
	563.01	0.00	13.78	1172.63
	563.03	0.00	13.78	1150.64
	563.04	0.00	13.79	1175.63
	563.05	0.00	13.78	1152.63
	563.06	0.00	13.78	1173.63
	563.07	0.00	13.78	1174.62
	563.09	0.00	13.79	1156.63
	563.10	0.00	13.77	1174.63
	563.11	0.00	13.77	1176.63
	563.12	0.00	13.78	1175.63
	563.13	0.00	13.77	1178.63
	563.14	0.00	13.77	1178.63
	563.15	0.00	13.76	1177.63
	563.17	0.00	13.76	1178.63
	563.18	0.00	13.76	1177.63
	563.19	0.00	13.76	1182.63
	563.20	0.00	13.75	1179.63
	563.21	0.00	13.76	1161.63
	563.22	0.00	13.74	1180.63
	563.24	0.00	13.75	1180.63
	563.25	0.00	13.74	1179.63
	563.26	0.00	13.74	1179.63
	563.27	0.00	13.73	1180.63
	563.28	0.00	13.73	1180.63
	563.29	0.00	13.73	1181.63
	563.31	0.00	13.72	1180.64
	563.32	0.00	13.72	1179.63
	563.33	0.00	13.72	1177.63
	563.34	0.00	13.73	1185.63
	563.35	0.00	13.71	1179.63
	563.36	0.00	13.71	1181.63
	563.38	0.00	13.71	1181.63
	563.39	0.00	13.71	1181.63
	563.40	0.00	13.69	1180.63
	563.41	0.00	13.69	1180.63
	563.42	0.00	13.68	1181.63
	563.44	0.00	13.68	1182.63
	563.45	0.00	13.68	1181.63
	563.46	0.00	13.67	1181.63
	563.47	0.00	13.66	1182.64
	563.48	0.00	13.65	1179.64
	563.49	0.00	13.66	1180.64
	563.51	0.00	13.64	1180.65
	563.52	0.00	13.68	1182.61
	563.53	0.00	13.65	1184.64
	563.54	0.00	13.64	1179.64
	563.55	0.00	13.64	1181.64
	563.56	0.00	13.63	1182.64
	563.58	0.00	13.64	1178.64
	563.59	0.00	13.62	1180.64
	563.60	0.00	13.64	1182.64
	563.61	0.00	13.62	1183.64
	563.62	0.00	13.62	1184.64
	563.64	0.00	13.62	1185.64
	563.65	0.00	13.61	1185.64
	563.66	0.00	13.61	1185.64
	563.67	0.00	13.61	1186.64
	563.68	0.00	13.60	1185.64
	563.69	0.00	13.60	1184.64
	563.70	0.00	13.61	1185.62
	563.72	0.00	13.59	1183.64
	563.73	0.00	13.58	1163.64
	563.74	0.00	13.58	1181.64
	563.75	0.00	13.59	1162.64
	563.76	0.00	13.58	1181.64
	563.78	0.00	13.59	1182.64
	563.79	0.00	13.61	1189.64
	563.80	0.00	13.60	1180.61
	563.81	0.00	13.58	1181.65
	563.82	0.00	13.61	1163.64
	563.83	0.00	13.60	1160.64
	563.85	0.00	13.59	1180.64
	563.86	0.00	13.59	1160.64
	563.87	0.00	13.59	1162.64
	563.88	0.00	13.59	1160.64
	563.89	0.00	13.59	1160.64
	563.90	0.00	13.58	1158.64
	563.91	0.00	13.59	1160.64
	563.93	0.00	13.59	1160.64
	563.94	0.00	13.58	1161.64
	563.95	0.00	13.58	1160.64
	563.96	0.00	13.58	1160.64
	563.97	0.00	13.58	1159.64
	563.99	0.00	13.58	1159.64
	564.00	0.00	13.57	1157.65
	564.01	0.00	13.58	1160.65
	564.02	0.00	13.59	1161.64
	564.03	0.00	13.58	1160.64
	564.04	0.00	13.58	1159.64
	564.06	0.00	13.59	1158.64
	564.07	0.00	13.59	1159.64
	564.08	0.00	13.59	1159.64
	564.09	0.00	13.62	1159.60
	564.10	0.00	13.58	1159.65
	564.11	0.00	13.59	1160.64
	564.13	0.00	13.59	1160.64
	564.14	0.00	13.59	1157.64
	564.15	0.00	13.60	1158.64
	564.16	0.00	13.59	1157.64
	564.17	0.00	13.61	1158.64
	564.19	0.00	13.60	1158.64
	564.20	0.00	13.60	1156.65
	564.21	0.00	13.60	1157.64
	564.22	0.00	13.61	1159.64
	564.23	0.00	13.60	1156.64
	564.24	0.00	13.60	1158.64
	564.25	0.00	13.60	1158.64
	564.27	0.00	13.60	1152.64
	564.28	0.00	13.61	1156.64
	564.29	0.00	13.61	1156.64
	564.30	0.00	13.61	1157.64
	564.31	0.00	13.59	1150.64
	564.33	0.00	13.61	1157.64
	564.34	0.00	13.61	1157.64
	564.35	0.00	13.61	1158.64
	564.36	0.00	13.62	1156.64
	564.37	0.00	13.62	1158.64
	564.38	0.00	13.62	1156.64
	564.40	0.00	13.62	1157.65
	564.41	0.00	13.63	1158.63
	564.42	0.00	13.61	1156.64
	564.43	0.00	13.63	1159.64
	564.44	0.00	13.62	1156.64
	564.45	0.00	13.62	1154.63
	564.47	0.00	13.64	1157.64
	564.48	0.00	13.63	1159.64
	564.49	0.00	13.66	1159.61
	564.50	0.00	13.65	1155.63
	564.51	0.00	13.64	1153.63
	564.52	0.00	13.67	1160.63
	564.53	0.00	13.66	1158.63
	564.55	0.00	13.65	1156.64
	564.56	0.00	13.66	1178.63
	564.57	0.00	13.66	1177.63
	564.58	0.00	13.67	1157.63
	564.59	0.00	13.67	1155.63
	564.60	0.00	13.67	1177.63
	564.62	0.00	13.66	1178.63
	564.63	0.00	13.67	1175.63
	564.64	0.00	13.69	1155.63
	564.65	0.00	13.69	1177.63
	564.66	0.00	13.69	1176.63
	564.67	0.00	13.69	1175.63
	564.69	0.00	13.69	1176.63
	564.70	0.00	13.70	1177.63
	564.71	0.00	13.70	1179.63
	564.72	0.00	13.71	1177.63
	564.73	0.00	13.71	1174.63
	564.75	0.00	13.71	1174.63
	564.76	0.00	13.70	1173.63
	564.77	0.00	13.71	1177.63
	564.78	0.00	13.73	1176.61
	564.79	0.00	13.71	1176.63
	564.80	0.00	13.72	1180.63
	564.82	0.00	13.71	1178.63
	564.83	0.00	13.71	1177.63
	564.84	0.00	13.71	1178.63
	564.85	0.00	13.71	1177.63
	564.86	0.00	13.72	1177.63
	564.88	0.00	13.72	1176.62
	564.89	0.00	13.71	1176.63
	564.90	0.00	13.72	1177.62
	564.91	0.00	13.71	1177.63
	564.92	0.00	13.71	1177.63
	564.93	0.00	13.71	1177.63
	564.94	0.00	13.71	1177.63
	564.96	0.00	13.71	1177.62
	564.97	0.00	13.70	1176.63
	564.98	0.00	13.71	1177.63
	564.99	0.00	13.71	1177.62
	565.00	0.00	13.71	1174.62
	565.02	0.00	13.74	1179.63
	565.03	0.00	13.71	1178.63
	565.04	0.00	13.72	1177.62
	565.05	0.00	13.72	1179.62
	565.06	0.00	13.71	1178.63
	565.07	0.00	13.71	1178.62
	565.09	0.00	13.70	1179.63
	565.10	0.00	13.71	1180.62
	565.11	0.00	13.70	1180.62
	565.12	0.00	13.71	1178.62
	565.13	0.00	13.71	1158.62
	565.14	0.00	13.70	1180.62
	565.16	0.00	13.70	1180.62
	565.17	0.00	13.70	1180.62
	565.18	0.00	13.70	1179.62
	565.19	0.00	13.70	1182.63
	565.20	0.00	13.71	1183.62
	565.21	0.00	13.71	1181.62
	565.22	0.00	13.70	1180.62
	565.24	0.00	13.70	1180.62
	565.25	0.00	13.71	1182.62
	565.26	0.00	13.70	1182.62
	565.27	0.00	13.69	1180.62
	565.28	0.00	13.71	1181.62
	565.30	0.00	13.70	1182.62
	565.31	0.00	13.70	1181.62
	565.32	0.00	13.70	1183.62
	565.33	0.00	13.70	1183.62
	565.34	0.00	13.71	1184.62
	565.35	0.00	13.69	1180.62
	565.36	0.00	13.70	1182.62
	565.38	0.00	13.69	1183.63
	565.39	0.00	13.72	1183.60
	565.40	0.00	13.69	1181.62
	565.41	0.00	13.69	1183.62
	565.42	0.00	13.71	1184.62
	565.44	0.00	13.70	1184.62
	565.45	0.00	13.70	1184.62
	565.46	0.00	13.70	1185.62
	565.47	0.00	13.70	1185.62
	565.48	0.00	13.69	1184.63
	565.49	0.00	13.70	1185.62
	565.51	0.00	13.70	1183.62
	565.52	0.00	13.72	1165.62
	565.53	0.00	13.71	1184.62
	565.54	0.00	13.72	1187.62
	565.55	0.00	13.71	1183.62
	565.57	0.00	13.71	1183.62
	565.58	0.00	13.70	1182.63
	565.59	0.00	13.72	1183.62
	565.60	0.00	13.71	1183.62
	565.61	0.00	13.73	1163.62
	565.62	0.00	13.73	1184.62
	565.64	0.00	13.73	1182.62
	565.65	0.00	13.71	1177.62
	565.66	0.00	13.73	1182.62
	565.67	0.00	13.74	1181.62
	565.68	0.00	13.74	1182.62
	565.69	0.00	13.74	1183.62
	565.71	0.00	13.76	1161.62
	565.72	0.00	13.74	1183.62
	565.73	0.00	13.72	1184.62
	565.74	0.00	13.73	1184.62
	565.75	0.00	13.73	1184.62
	565.76	0.00	13.74	1185.62
	565.78	0.00	13.72	1185.62
	565.79	0.00	13.71	1184.62
	565.80	0.00	13.72	1186.62
	565.81	0.00	13.71	1185.62
	565.82	0.00	13.71	1182.62
	565.83	0.00	13.73	1188.62
	565.85	0.00	13.72	1184.62
	565.86	0.00	13.72	1184.62
	565.87	0.00	13.72	1185.62
	565.88	0.00	13.70	1182.62
	565.89	0.00	13.73	1165.62
	565.90	0.00	13.71	1185.62
	565.91	0.00	13.71	1186.62
	565.93	0.00	13.70	1183.62
	565.94	0.00	13.71	1185.62
	565.95	0.00	13.71	1186.62
	565.96	0.00	13.71	1184.62
	565.97	0.00	13.70	1183.62
	565.99	0.00	13.71	1187.62
	566.00	0.00	13.70	1187.62
	566.01	0.00	13.71	1187.62
	566.02	0.00	13.71	1189.62
	566.03	0.00	13.70	1186.62
	566.04	0.00	13.71	1186.62
	566.05	0.00	13.71	1187.62
	566.07	0.00	13.71	1190.62
	566.08	0.00	13.71	1188.62
	566.09	0.00	13.70	1186.62
	566.10	0.00	13.70	1186.62
	566.11	0.00	13.70	1189.62
	566.13	0.00	13.70	1187.62
	566.14	0.00	13.71	1188.62
	566.15	0.00	13.70	1186.62
	566.16	0.00	13.71	1189.62
	566.17	0.00	13.70	1189.62
	566.18	0.00	13.71	1187.62
	566.20	0.00	13.71	1189.62
	566.21	0.00	13.71	1190.62
	566.22	0.00	13.71	1188.62
	566.23	0.00	13.70	1190.62
	566.24	0.00	13.70	1191.62
	566.25	0.00	13.72	1192.62
	566.27	0.00	13.69	1190.62
	566.28	0.00	13.70	1190.62
	566.29	0.00	13.69	1188.62
	566.30	0.00	13.70	1189.62
	566.31	0.00	13.70	1189.62
	566.33	0.00	13.68	1189.64
	566.34	0.00	13.70	1192.62
	566.35	0.00	13.70	1191.62
	566.36	0.00	13.70	1190.62
	566.37	0.00	13.70	1190.62
	566.38	0.00	13.70	1191.62
	566.39	0.00	13.70	1190.62
	566.41	0.00	13.68	1190.64
	566.42	0.00	13.69	1189.63
	566.43	0.00	13.70	1188.62
	566.44	0.00	13.70	1192.62
	566.45	0.00	13.70	1190.62
	566.47	0.00	13.69	1189.62
	566.48	0.00	13.70	1191.62
	566.49	0.00	13.70	1190.62
	566.50	0.00	13.71	1190.61
	566.51	0.00	13.71	1193.62
	566.52	0.00	13.69	1190.62
	566.53	0.00	13.70	1191.62
	566.55	0.00	13.70	1191.62
	566.56	0.00	13.71	1194.62
	566.57	0.00	13.70	1191.62
	566.58	0.00	13.70	1190.62
	566.59	0.00	13.70	1193.62
	566.60	0.00	13.71	1194.62
	566.62	0.00	13.70	1192.62
	566.63	0.00	13.70	1191.62
	566.64	0.00	13.70	1192.62
	566.65	0.00	13.70	1191.62
	566.66	0.00	13.70	1191.62
	566.68	0.00	13.71	1193.62
	566.69	0.00	13.69	1191.62
	566.70	0.00	13.69	1192.62
	566.71	0.00	13.70	1191.62
	566.72	0.00	13.71	1192.62
	566.73	0.00	13.70	1191.62
	566.75	0.00	13.71	1193.61
	566.76	0.00	13.69	1194.63
	566.77	0.00	13.69	1189.62
	566.78	0.00	13.71	1193.62
	566.79	0.00	13.71	1193.62
	566.80	0.00	13.69	1189.62
	566.82	0.00	13.71	1193.62
	566.83	0.00	13.70	1192.62
	566.84	0.00	13.72	1192.61
	566.85	0.00	13.70	1188.62
	566.86	0.00	13.72	1191.62
	566.88	0.00	13.71	1192.62
	566.89	0.00	13.72	1192.61
	566.90	0.00	13.72	1191.61
	566.91	0.00	13.72	1193.62
	566.92	0.00	13.73	1193.61
	566.93	0.00	13.73	1191.61
	566.94	0.00	13.73	1190.61
	566.96	0.00	13.73	1192.62
	566.97	0.00	13.74	1192.61
	566.98	0.00	13.73	1191.62
	566.99	0.00	13.73	1192.62
	567.00	0.00	13.73	1192.62
	567.02	0.00	13.73	1192.61
	567.03	0.00	13.72	1194.62
	567.04	0.00	13.72	1194.62
	567.05	0.00	13.74	1191.61
	567.06	0.00	13.73	1196.62
	567.07	0.00	13.73	1193.61
	567.09	0.00	13.72	1193.62
	567.10	0.00	13.71	1191.63
	567.11	0.00	13.74	1194.61
	567.12	0.00	13.72	1195.62
	567.13	0.00	13.73	1193.61
	567.14	0.00	13.73	1195.61
	567.16	0.00	13.73	1196.61
	567.17	0.00	13.73	1195.61
	567.18	0.00	13.72	1196.62
	567.19	0.00	13.73	1195.61
	567.20	0.00	13.74	1198.61
	567.21	0.00	13.73	1195.61
	567.22	0.00	13.72	1197.61
	567.24	0.00	13.72	1196.61
	567.25	0.00	13.72	1196.61
	567.26	0.00	13.71	1195.62
	567.27	0.00	13.71	1197.61
	567.28	0.00	13.73	1197.61
	567.30	0.00	13.71	1194.61
	567.31	0.00	13.72	1196.61
	567.32	0.00	13.71	1197.61
	567.33	0.00	13.71	1198.61
	567.34	0.00	13.71	1198.61
	567.35	0.00	13.71	1197.62
	567.37	0.00	13.70	1197.61
	567.38	0.00	13.72	1198.61
	567.39	0.00	13.71	1197.61
	567.40	0.00	13.71	1196.61
	567.41	0.00	13.71	1197.61
	567.42	0.00	13.71	1196.61
	567.44	0.00	13.74	1197.57
	567.45	0.00	13.71	1200.61
	567.46	0.00	13.71	1196.61
	567.47	0.00	13.71	1196.61
	567.48	0.00	13.71	1197.61
	567.49	0.00	13.71	1199.61
	567.51	0.00	13.71	1196.61
	567.52	0.00	13.71	1196.62
	567.53	0.00	13.71	1199.61
	567.54	0.00	13.70	1197.62
	567.55	0.00	13.71	1197.61
	567.57	0.00	13.71	1197.61
	567.58	0.00	13.72	1198.61
	567.59	0.00	13.71	1197.61
	567.60	0.00	13.71	1198.62
	567.61	0.00	13.71	1197.61
	567.62	0.00	13.68	1191.62
	567.63	0.00	13.71	1201.61
	567.65	0.00	13.72	1199.61
	567.66	0.00	13.71	1196.61
	567.67	0.00	13.72	1199.61
	567.68	0.00	13.71	1200.62
	567.69	0.00	13.72	1199.61
	567.71	0.00	13.69	1191.61
	567.72	0.00	13.71	1199.61
	567.73	0.00	13.72	1201.61
	567.74	0.00	13.72	1203.61
	567.75	0.00	13.72	1200.61
	567.76	0.00	13.71	1201.62
	567.78	0.00	13.72	1201.61
	567.79	0.00	13.72	1202.61
	567.80	0.00	13.72	1201.61
	567.81	0.00	13.72	1201.61
	567.82	0.00	13.72	1202.61
	567.83	0.00	13.73	1205.61
	567.84	0.00	13.71	1198.61
	567.86	0.00	13.72	1202.61
	567.87	0.00	13.72	1204.61
	567.88	0.00	13.72	1204.61
	567.89	0.00	13.73	1183.61
	567.90	0.00	13.71	1198.61
	567.92	0.00	13.72	1201.61
	567.93	0.00	13.72	1201.61
	567.94	0.00	13.72	1201.62
	567.95	0.00	13.72	1200.61
	567.96	0.00	13.72	1202.61
	567.97	0.00	13.72	1201.61
	567.99	0.00	13.73	1200.61
	568.00	0.00	13.72	1203.61
	568.01	0.00	13.73	1201.61
	568.02	0.00	13.72	1201.61
	568.03	0.00	13.73	1202.61
	568.04	0.00	13.75	1204.61
	568.05	0.00	13.72	1203.61
	568.07	0.00	13.73	1200.61
	568.08	0.00	13.73	1199.61
	568.09	0.00	13.73	1200.61
	568.10	0.00	13.74	1199.61
	568.11	0.00	13.74	1200.61
	568.13	0.00	13.72	1197.61
	568.14	0.00	13.73	1202.61
	568.15	0.00	13.74	1200.61
	568.16	0.00	13.74	1200.61
	568.17	0.00	13.73	1200.61
	568.18	0.00	13.73	1200.61
	568.20	0.00	13.74	1200.61
	568.21	0.00	13.75	1200.61
	568.22	0.00	13.75	1200.61
	568.23	0.00	13.75	1200.61
	568.24	0.00	13.75	1198.61
	568.25	0.00	13.76	1200.61
	568.27	0.00	13.76	1200.61
	568.28	0.00	13.76	1197.61
	568.29	0.00	13.76	1199.61
	568.30	0.00	13.77	1200.61
	568.31	0.00	13.77	1199.61
	568.33	0.00	13.77	1197.61
	568.34	0.00	13.77	1198.61
	568.35	0.00	13.74	1193.61
	568.36	0.00	13.77	1200.61
	568.37	0.00	13.77	1198.61
	568.38	0.00	13.78	1200.61
	568.39	0.00	13.78	1201.61
	568.41	0.00	13.77	1199.61
	568.42	0.00	13.78	1199.60
	568.43	0.00	13.77	1201.61
	568.44	0.00	13.77	1199.61
	568.45	0.00	13.79	1198.59
	568.47	0.00	13.76	1198.62
	568.48	0.00	13.78	1201.61
	568.49	0.00	13.76	1197.60
	568.50	0.00	13.77	1200.60
	568.51	0.00	13.77	1201.61
	568.52	0.00	13.78	1203.61
	568.53	0.00	13.78	1200.61
	568.55	0.00	13.78	1199.60
	568.56	0.00	13.77	1202.61
	568.57	0.00	13.79	1203.61
	568.58	0.00	13.78	1201.60
	568.59	0.00	13.77	1201.61
	568.60	0.00	13.78	1199.60
	568.62	0.00	13.77	1199.61
	568.63	0.00	13.77	1199.61
	568.64	0.00	13.78	1200.60
	568.65	0.00	13.76	1201.61
	568.66	0.00	13.78	1199.60
	568.67	0.00	13.78	1199.60
	568.69	0.00	13.78	1200.61
	568.70	0.00	13.78	1198.60
	568.71	0.00	13.78	1200.60
	568.72	0.00	13.79	1198.60
	568.73	0.00	13.79	1203.61
	568.74	0.00	13.78	1201.60
	568.76	0.00	13.78	1201.60
	568.77	0.00	13.79	1197.60
	568.78	0.00	13.78	1197.60
	568.79	0.00	13.79	1200.60
	568.80	0.00	13.78	1199.60
	568.82	0.00	13.77	1196.60
	568.83	0.00	13.79	1200.61
	568.84	0.00	13.78	1199.60
	568.85	0.00	13.79	1199.60
	568.86	0.00	13.80	1199.60
	568.87	0.00	13.79	1199.60
	568.89	0.00	13.78	1199.61
	568.90	0.00	13.78	1199.61
	568.91	0.00	13.80	1200.60
	568.92	0.00	13.79	1199.60
	568.93	0.00	13.79	1200.60
	568.94	0.00	13.80	1200.60
	568.96	0.00	13.80	1203.60
	568.97	0.00	13.79	1199.60
	568.98	0.00	13.80	1200.60
	568.99	0.00	13.80	1201.60
	569.00	0.00	13.81	1202.60
	569.01	0.00	13.79	1199.60
	569.03	0.00	13.79	1201.60
	569.04	0.00	13.77	1196.60
	569.05	0.00	13.79	1200.60
	569.06	0.00	13.79	1200.60
	569.07	0.00	13.78	1201.61
	569.08	0.00	13.78	1197.60
	569.09	0.00	13.79	1201.60
	569.11	0.00	13.79	1201.60
	569.12	0.00	13.78	1201.60
	569.13	0.00	13.78	1200.60
	569.14	0.00	13.78	1199.60
	569.15	0.00	13.81	1200.58
	569.16	0.00	13.80	1201.60
	569.18	0.00	13.79	1202.60
	569.19	0.00	13.79	1199.60
	569.20	0.00	13.79	1200.60
	569.21	0.00	13.81	1200.60
	569.22	0.00	13.80	1201.60
	569.23	0.00	13.79	1198.61
	569.25	0.00	13.80	1199.60
	569.26	0.00	13.80	1201.60
	569.27	0.00	13.81	1198.60
	569.28	0.00	13.82	1201.60
	569.29	0.00	13.82	1200.60
	569.31	0.00	13.82	1199.60
	569.32	0.00	13.82	1200.60
	569.33	0.00	13.81	1199.61
	569.34	0.00	13.82	1200.60
	569.35	0.00	13.82	1199.60
	569.36	0.00	13.83	1199.60
	569.38	0.00	13.83	1199.60
	569.39	0.00	13.83	1199.60
	569.40	0.00	13.83	1200.60
	569.41	0.00	13.83	1199.60
	569.42	0.00	13.83	1201.60
	569.43	0.00	13.83	1198.60
	569.45	0.00	13.83	1200.60
	569.46	0.00	13.83	1200.60
	569.47	0.00	13.83	1199.60
	569.48	0.00	13.83	1200.60
	569.49	0.00	13.82	1200.61
	569.50	0.00	13.83	1200.60
	569.52	0.00	13.81	1197.60
	569.53	0.00	13.83	1200.60
	569.54	0.00	13.83	1200.60
	569.55	0.00	13.85	1205.60
	569.56	0.00	13.83	1201.60
	569.57	0.00	13.83	1201.60
	569.59	0.00	13.83	1201.60
	569.60	0.00	13.83	1200.60
	569.61	0.00	13.84	1201.60
	569.62	0.00	13.83	1201.60
	569.63	0.00	13.80	1192.60
	569.64	0.00	13.83	1201.60
	569.66	0.00	13.82	1201.60
	569.67	0.00	13.83	1201.60
	569.68	0.00	13.82	1200.60
	569.69	0.00	13.82	1201.60
	569.70	0.00	13.83	1201.60
	569.71	0.00	13.82	1201.60
	569.72	0.00	13.83	1202.60
	569.74	0.00	13.82	1200.60
	569.75	0.00	13.82	1200.60
	569.76	0.00	13.82	1200.61
	569.77	0.00	13.82	1199.60
	569.78	0.00	13.82	1197.60
	569.80	0.00	13.82	1200.60
	569.81	0.00	13.83	1202.60
	569.82	0.00	13.83	1202.60
	569.83	0.00	13.82	1200.60
	569.84	0.00	13.81	1201.61
	569.85	0.00	13.81	1198.60
	569.87	0.00	13.81	1203.60
	569.88	0.00	13.81	1198.60
	569.89	0.00	13.81	1201.60
	569.90	0.00	13.81	1201.60
	569.91	0.00	13.81	1201.60
	569.92	0.00	13.80	1201.60
	569.94	0.00	13.82	1201.59
	569.95	0.00	13.81	1202.60
	569.96	0.00	13.81	1200.60
	569.97	0.00	13.81	1201.60
	569.98	0.00	13.81	1202.60
	569.99	0.00	13.81	1202.60
	570.01	0.00	13.82	1203.60
	570.02	0.00	13.81	1200.60
	570.03	0.00	13.83	1205.60
	570.04	0.00	13.79	1202.60
	570.05	0.00	13.80	1203.60
	570.06	0.00	13.80	1202.60
	570.08	0.00	13.80	1202.60
	570.09	0.00	13.81	1204.60
	570.10	0.00	13.80	1203.60
	570.11	0.00	13.79	1205.60
	570.12	0.00	13.79	1199.60
	570.13	0.00	13.80	1204.60
	570.15	0.00	13.79	1203.60
	570.16	0.00	13.78	1199.60
	570.17	0.00	13.79	1203.60
	570.18	0.00	13.78	1203.61
	570.19	0.00	13.80	1202.60
	570.21	0.00	13.80	1204.60
	570.22	0.00	13.79	1206.60
	570.23	0.00	13.79	1202.60
	570.24	0.00	13.79	1203.60
	570.25	0.00	13.80	1205.60
	570.26	0.00	13.81	1204.57
	570.27	0.00	13.79	1203.60
	570.29	0.00	13.79	1202.60
	570.30	0.00	13.81	1212.60
	570.31	0.00	13.80	1208.60
	570.32	0.00	13.79	1206.60
	570.33	0.00	13.78	1203.60
	570.34	0.00	13.78	1205.60
	570.36	0.00	13.78	1205.60
	570.37	0.00	13.78	1206.60
	570.38	0.00	13.79	1207.60
	570.39	0.00	13.78	1204.60
	570.40	0.00	13.78	1202.60
	570.41	0.00	13.78	1206.60
	570.43	0.00	13.79	1185.60
	570.44	0.00	13.79	1204.60
	570.45	0.00	13.78	1206.60
	570.46	0.00	13.78	1204.60
	570.47	0.00	13.77	1203.60
	570.48	0.00	13.79	1185.60
	570.50	0.00	13.79	1209.60
	570.51	0.00	13.78	1206.60
	570.52	0.00	13.78	1187.61
	570.53	0.00	13.77	1205.61
	570.54	0.00	13.75	1198.60
	570.55	0.00	13.80	1209.60
	570.57	0.00	13.79	1185.60
	570.58	0.00	13.78	1186.60
	570.59	0.00	13.78	1186.60
	570.60	0.00	13.78	1187.60
	570.61	0.00	13.77	1186.61
	570.63	0.00	13.78	1186.60
	570.64	0.00	13.75	1179.60
	570.65	0.00	13.79	1185.60
	570.66	0.00	13.77	1207.60
	570.67	0.00	13.79	1188.60
	570.68	0.00	13.78	1187.60
	570.70	0.00	13.82	1186.55
	570.71	0.00	13.77	1187.60
	570.72	0.00	13.78	1185.60
	570.73	0.00	13.78	1188.60
	570.74	0.00	13.78	1186.60
	570.75	0.00	13.78	1185.60
	570.77	0.00	13.78	1187.60
	570.78	0.00	13.78	1185.60
	570.79	0.00	13.78	1185.60
	570.80	0.00	13.78	1186.60
	570.81	0.00	13.78	1186.60
	570.82	0.00	13.78	1185.60
	570.83	0.00	13.78	1185.60
	570.85	0.00	13.78	1187.60
	570.86	0.00	13.77	1183.60
	570.87	0.00	13.78	1186.60
	570.88	0.00	13.79	1207.58
	570.89	0.00	13.80	1190.60
	570.91	0.00	13.78	1186.60
	570.92	0.00	13.77	1206.60
	570.93	0.00	13.77	1206.60
	570.94	0.00	13.78	1208.60
	570.95	0.00	13.77	1209.60
	570.96	0.00	13.79	1208.59
	570.97	0.00	13.77	1208.60
	570.99	0.00	13.78	1211.60
	571.00	0.00	13.79	1210.60
	571.01	0.00	13.78	1211.60
	571.02	0.00	13.78	1212.60
	571.03	0.00	13.78	1212.60
	571.04	0.00	13.78	1213.59
	571.06	0.00	13.78	1212.60
	571.07	0.00	13.78	1215.60
	571.08	0.00	13.77	1214.60
	571.09	0.00	13.78	1212.60
	571.10	0.00	13.78	1213.60
	571.11	0.00	13.78	1214.60
	571.13	0.00	13.78	1212.60
	571.14	0.00	13.77	1213.60
	571.15	0.00	13.78	1213.60
	571.16	0.00	13.78	1217.60
	571.17	0.00	13.77	1214.60
	571.19	0.00	13.77	1212.60
	571.20	0.00	13.77	1213.60
	571.21	0.00	13.77	1213.60
	571.22	0.00	13.76	1214.60
	571.23	0.00	13.77	1213.60
	571.24	0.00	13.76	1214.60
	571.26	0.00	13.76	1214.60
	571.27	0.00	13.77	1213.60
	571.28	0.00	13.77	1215.60
	571.29	0.00	13.75	1210.60
	571.30	0.00	13.76	1213.61
	571.31	0.00	13.77	1212.60
	571.33	0.00	13.77	1215.60
	571.34	0.00	13.76	1212.60
	571.35	0.00	13.77	1212.60
	571.36	0.00	13.77	1214.60
	571.37	0.00	13.76	1211.60
	571.38	0.00	13.77	1213.60
	571.40	0.00	13.77	1213.60
	571.41	0.00	13.77	1215.60
	571.42	0.00	13.76	1210.60
	571.43	0.00	13.77	1213.60
	571.44	0.00	13.76	1212.60
	571.45	0.00	13.76	1212.60
	571.47	0.00	13.76	1213.60
	571.48	0.00	13.76	1212.61
	571.49	0.00	13.79	1211.57
	571.50	0.00	13.75	1209.60
	571.51	0.00	13.75	1212.60
	571.52	0.00	13.75	1212.60
	571.54	0.00	13.75	1211.60
	571.55	0.00	13.75	1211.60
	571.56	0.00	13.75	1211.60
	571.57	0.00	13.75	1211.60
	571.58	0.00	13.75	1209.60
	571.59	0.00	13.76	1210.60
	571.61	0.00	13.75	1210.60
	571.62	0.00	13.73	1204.60
	571.63	0.00	13.75	1211.60
	571.64	0.00	13.75	1210.60
	571.65	0.00	13.75	1210.60
	571.66	0.00	13.74	1210.60
	571.67	0.00	13.75	1212.60
	571.69	0.00	13.74	1211.60
	571.70	0.00	13.75	1210.60
	571.71	0.00	13.75	1212.60
	571.72	0.00	13.74	1211.60
	571.73	0.00	13.75	1210.59
	571.75	0.00	13.74	1210.60
	571.76	0.00	13.73	1211.60
	571.77	0.00	13.74	1210.60
	571.78	0.00	13.73	1211.60
	571.79	0.00	13.74	1208.60
	571.80	0.00	13.74	1210.60
	571.82	0.00	13.74	1210.60
	571.83	0.00	13.74	1210.60
	571.84	0.00	13.75	1210.60
	571.85	0.00	13.76	1190.60
	571.86	0.00	13.74	1208.60
	571.87	0.00	13.74	1209.60
	571.89	0.00	13.74	1210.60
	571.90	0.00	13.75	1207.60
	571.91	0.00	13.74	1209.60
	571.92	0.00	13.75	1209.60
	571.93	0.00	13.75	1210.60
	571.94	0.00	13.74	1209.60
	571.96	0.00	13.74	1209.60
	571.97	0.00	13.75	1210.60
	571.98	0.00	13.74	1208.60
	571.99	0.00	13.76	1209.58
	572.00	0.00	13.73	1208.61
	572.01	0.00	13.75	1211.60
	572.03	0.00	13.73	1205.60
	572.04	0.00	13.73	1206.60
	572.05	0.00	13.75	1187.60
	572.06	0.00	13.75	1189.60
	572.07	0.00	13.74	1187.60
	572.09	0.00	13.74	1188.60
	572.10	0.00	13.75	1190.60
	572.11	0.00	13.73	1187.60
	572.12	0.00	13.74	1187.60
	572.13	0.00	13.73	1189.60
	572.14	0.00	13.71	1184.61
	572.15	0.00	13.72	1190.60
	572.17	0.00	13.72	1188.61
	572.18	0.00	13.72	1188.60
	572.19	0.00	13.71	1191.60
	572.20	0.00	13.72	1190.60
	572.21	0.00	13.71	1190.61
	572.22	0.00	13.72	1192.60
	572.24	0.00	13.70	1189.61
	572.25	0.00	13.70	1190.61
	572.26	0.00	13.68	1189.62
	572.27	0.00	13.70	1191.61
	572.28	0.00	13.69	1188.61
	572.29	0.00	13.69	1189.61
	572.31	0.00	13.69	1192.61
	572.32	0.00	13.70	1192.61
	572.33	0.00	13.68	1191.61
	572.34	0.00	13.67	1190.62
	572.35	0.00	13.68	1190.61
	572.36	0.00	13.67	1193.61
	572.38	0.00	13.67	1189.61
	572.39	0.00	13.66	1188.61
	572.40	0.00	13.67	1192.61
	572.41	0.00	13.67	1190.61
	572.42	0.00	13.66	1187.61
	572.44	0.00	13.66	1190.61
	572.45	0.00	13.65	1191.61
	572.46	0.00	13.66	1172.61
	572.47	0.00	13.65	1189.61
	572.48	0.00	13.65	1193.61
	572.49	0.00	13.64	1190.62
	572.51	0.00	13.63	1189.62
	572.52	0.00	13.64	1193.62
	572.53	0.00	13.64	1192.62
	572.54	0.00	13.64	1193.62
	572.55	0.00	13.63	1192.62
	572.56	0.00	13.63	1190.62
	572.58	0.00	13.64	1192.62
	572.59	0.00	13.63	1190.62
	572.60	0.00	13.64	1190.60
	572.61	0.00	13.63	1189.62
	572.62	0.00	13.63	1193.62
	572.63	0.00	13.62	1191.62
	572.65	0.00	13.61	1190.63
	572.66	0.00	13.62	1190.63
	572.67	0.00	13.62	1190.63
	572.68	0.00	13.61	1191.63
	572.69	0.00	13.61	1190.63
	572.70	0.00	13.64	1190.63
	572.72	0.00	13.62	1192.63
	572.73	0.00	13.61	1191.63
	572.74	0.00	13.60	1187.63
	572.75	0.00	13.61	1192.63
	572.76	0.00	13.62	1192.62
	572.77	0.00	13.61	1192.63
	572.79	0.00	13.60	1189.63
	572.80	0.00	13.61	1192.63
	572.81	0.00	13.61	1192.63
	572.82	0.00	13.60	1191.63
	572.83	0.00	13.60	1193.63
	572.84	0.00	13.60	1193.63
	572.86	0.00	13.60	1193.63
	572.87	0.00	13.60	1192.63
	572.88	0.00	13.61	1194.63
	572.89	0.00	13.60	1191.63
	572.90	0.00	13.58	1189.63
	572.91	0.00	13.59	1193.63
	572.93	0.00	13.59	1193.63
	572.94	0.00	13.60	1195.63
	572.95	0.00	13.58	1189.63
	572.96	0.00	13.59	1193.63
	572.97	0.00	13.59	1195.63
	572.98	0.00	13.59	1194.63
	573.00	0.00	13.59	1196.63
	573.01	0.00	13.59	1194.63
	573.02	0.00	13.59	1194.63
	573.03	0.00	13.57	1192.63
	573.04	0.00	13.59	1199.63
	573.05	0.00	13.58	1196.63
	573.07	0.00	13.58	1194.63
	573.08	0.00	13.58	1196.63
	573.09	0.00	13.58	1198.63
	573.10	0.00	13.58	1195.63
	573.11	0.00	13.58	1198.63
	573.13	0.00	13.56	1194.63
	573.14	0.00	13.57	1196.63
	573.15	0.00	13.57	1198.63
	573.16	0.00	13.58	1200.63
	573.17	0.00	13.55	1197.63
	573.18	0.00	13.54	1197.64
	573.20	0.00	13.57	1203.63
	573.21	0.00	13.54	1197.64
	573.22	0.00	13.55	1198.64
	573.23	0.00	13.56	1199.63
	573.24	0.00	13.55	1199.64
	573.25	0.00	13.55	1200.64
	573.27	0.00	13.54	1199.65
	573.28	0.00	13.55	1199.64
	573.29	0.00	13.55	1200.64
	573.30	0.00	13.55	1198.64
	573.31	0.00	13.55	1200.64
	573.32	0.00	13.55	1219.63
	573.34	0.00	13.56	1218.63
	573.35	0.00	13.55	1219.64
	573.36	0.00	13.56	1199.63
	573.37	0.00	13.57	1216.64
	573.38	0.00	13.55	1218.64
	573.39	0.00	13.55	1219.64
	573.41	0.00	13.55	1218.64
	573.42	0.00	13.55	1218.64
	573.43	0.00	13.55	1217.63
	573.44	0.00	13.54	1216.64
	573.45	0.00	13.55	1219.64
	573.46	0.00	13.56	1219.63
	573.47	0.00	13.55	1220.64
	573.49	0.00	13.55	1219.64
	573.50	0.00	13.55	1217.63
	573.51	0.00	13.57	1222.63
	573.52	0.00	13.57	1221.63
	573.53	0.00	13.55	1217.63
	573.55	0.00	13.55	1219.64
	573.56	0.00	13.55	1219.64
	573.57	0.00	13.55	1220.64
	573.58	0.00	13.57	1219.61
	573.59	0.00	13.56	1219.63
	573.60	0.00	13.54	1216.64
	573.62	0.00	13.55	1219.64
	573.63	0.00	13.55	1219.64
	573.64	0.00	13.56	1218.63
	573.65	0.00	13.55	1217.64
	573.66	0.00	13.55	1220.64
	573.67	0.00	13.55	1219.64
	573.69	0.00	13.55	1220.64
	573.70	0.00	13.55	1219.64
	573.71	0.00	13.56	1219.64
	573.72	0.00	13.56	1218.64
	573.73	0.00	13.56	1219.63
	573.75	0.00	13.56	1219.64
	573.76	0.00	13.58	1216.63
	573.77	0.00	13.56	1220.64
	573.78	0.00	13.56	1216.64
	573.79	0.00	13.56	1219.64
	573.80	0.00	13.58	1219.63
	573.82	0.00	13.57	1218.64
	573.83	0.00	13.58	1218.63
	573.84	0.00	13.58	1219.63
	573.85	0.00	13.57	1219.64
	573.86	0.00	13.58	1218.63
	573.87	0.00	13.59	1218.63
	573.89	0.00	13.58	1217.63
	573.90	0.00	13.58	1216.63
	573.91	0.00	13.58	1218.64
	573.92	0.00	13.60	1220.63
	573.93	0.00	13.59	1217.63
	573.94	0.00	13.59	1215.63
	573.96	0.00	13.60	1217.63
	573.97	0.00	13.59	1216.63
	573.98	0.00	13.59	1216.64
	573.99	0.00	13.60	1217.63
	574.00	0.00	13.60	1217.63
	574.01	0.00	13.59	1216.63
	574.03	0.00	13.60	1214.63
	574.04	0.00	13.61	1218.63
	574.05	0.00	13.59	1216.63
	574.06	0.00	13.60	1217.63
	574.07	0.00	13.59	1215.63
	574.08	0.00	13.58	1211.63
	574.10	0.00	13.60	1218.63
	574.11	0.00	13.60	1217.63
	574.12	0.00	13.60	1217.63
	574.13	0.00	13.59	1215.64
	574.14	0.00	13.59	1215.63
	574.15	0.00	13.59	1212.63
	574.17	0.00	13.60	1195.63
	574.18	0.00	13.58	1216.63
	574.19	0.00	13.56	1207.63
	574.20	0.00	13.59	1216.63
	574.21	0.00	13.59	1215.63
	574.22	0.00	13.60	1216.60
	574.24	0.00	13.57	1210.63
	574.25	0.00	13.58	1215.63
	574.26	0.00	13.58	1215.63
	574.27	0.00	13.58	1215.63
	574.28	0.00	13.57	1215.63
	574.29	0.00	13.57	1214.63
	574.31	0.00	13.56	1214.65
	574.32	0.00	13.56	1214.64
	574.33	0.00	13.57	1215.63
	574.34	0.00	13.55	1215.63
	574.35	0.00	13.56	1214.63
	574.36	0.00	13.57	1216.63
	574.38	0.00	13.57	1216.63
	574.39	0.00	13.56	1214.63
	574.40	0.00	13.56	1216.63
	574.41	0.00	13.55	1217.64
	574.42	0.00	13.54	1211.63
	574.44	0.00	13.54	1214.64
	574.45	0.00	13.55	1216.64
	574.46	0.00	13.54	1214.63
	574.47	0.00	13.54	1215.64
	574.48	0.00	13.56	1215.62
	574.49	0.00	13.53	1191.64
	574.50	0.00	13.54	1196.64
	574.52	0.00	13.54	1195.64
	574.53	0.00	13.54	1195.64
	574.54	0.00	13.53	1194.64
	574.55	0.00	13.53	1193.64
	574.56	0.00	13.53	1191.64
	574.58	0.00	13.53	1193.64
	574.59	0.00	13.54	1195.64
	574.60	0.00	13.52	1193.64
	574.61	0.00	13.52	1193.64
	574.62	0.00	13.52	1192.64
	574.63	0.00	13.52	1193.64
	574.65	0.00	13.51	1213.65
	574.66	0.00	13.52	1193.64
	574.67	0.00	13.53	1194.64
	574.68	0.00	13.52	1193.64
	574.69	0.00	13.52	1194.64
	574.70	0.00	13.51	1190.64
	574.72	0.00	13.52	1214.64
	574.73	0.00	13.52	1195.65
	574.74	0.00	13.50	1197.65
	574.75	0.00	13.52	1193.64
	574.76	0.00	13.51	1196.65
	574.77	0.00	13.51	1195.65
	574.79	0.00	13.51	1194.65
	574.80	0.00	13.51	1195.65
	574.81	0.00	13.51	1197.65
	574.82	0.00	13.52	1197.65
	574.83	0.00	13.52	1199.65
	574.84	0.00	13.53	1196.64
	574.86	0.00	13.52	1194.64
	574.87	0.00	13.52	1195.65
	574.88	0.00	13.53	1196.64
	574.89	0.00	13.52	1195.65
	574.90	0.00	13.55	1200.64
	574.91	0.00	13.53	1197.65
	574.93	0.00	13.53	1196.65
	574.94	0.00	13.54	1197.64
	574.95	0.00	13.54	1196.64
	574.96	0.00	13.53	1196.65
	574.97	0.00	13.53	1198.66
	574.98	0.00	13.54	1200.65
	575.00	0.00	13.53	1218.64
	575.01	0.00	13.53	1218.65
	575.02	0.00	13.54	1198.64
	575.03	0.00	13.54	1217.65
	575.04	0.00	13.54	1217.64
	575.05	0.00	13.54	1197.65
	575.07	0.00	13.53	1196.65
	575.08	0.00	13.54	1217.65
	575.09	0.00	13.54	1199.65
	575.10	0.00	13.55	1196.64
	575.11	0.00	13.55	1198.64
	575.13	0.00	13.53	1218.65
	575.14	0.00	13.55	1196.64
	575.15	0.00	13.56	1199.64
	575.16	0.00	13.56	1198.64
	575.17	0.00	13.56	1197.64
	575.18	0.00	13.56	1197.64
	575.20	0.00	13.57	1198.64
	575.21	0.00	13.57	1218.63
	575.22	0.00	13.56	1196.64
	575.23	0.00	13.57	1221.64
	575.24	0.00	13.56	1218.64
	575.25	0.00	13.56	1216.64
	575.27	0.00	13.57	1218.64
	575.28	0.00	13.57	1199.64
	575.29	0.00	13.58	1220.64
	575.30	0.00	13.58	1200.64
	575.31	0.00	13.55	1213.64
	575.32	0.00	13.57	1219.64
	575.34	0.00	13.56	1217.64
	575.35	0.00	13.58	1222.64
	575.36	0.00	13.57	1218.64
	575.37	0.00	13.58	1218.64
	575.38	0.00	13.58	1216.64
	575.39	0.00	13.58	1220.64
	575.41	0.00	13.57	1218.64
	575.42	0.00	13.58	1219.64
	575.43	0.00	13.57	1219.64
	575.44	0.00	13.57	1219.64
	575.45	0.00	13.58	1218.63
	575.46	0.00	13.58	1220.64
	575.47	0.00	13.58	1219.64
	575.49	0.00	13.58	1220.64
	575.50	0.00	13.56	1215.64
	575.51	0.00	13.58	1218.64
	575.52	0.00	13.58	1217.64
	575.53	0.00	13.59	1219.64
	575.55	0.00	13.59	1218.63
	575.56	0.00	13.60	1219.63
	575.57	0.00	13.60	1217.63
	575.58	0.00	13.61	1219.63
	575.59	0.00	13.61	1219.64
	575.60	0.00	13.62	1217.63
	575.62	0.00	13.62	1218.63
	575.63	0.00	13.61	1217.63
	575.64	0.00	13.63	1219.63
	575.65	0.00	13.63	1218.63
	575.66	0.00	13.62	1213.63
	575.67	0.00	13.64	1217.63
	575.69	0.00	13.63	1216.64
	575.70	0.00	13.64	1215.63
	575.71	0.00	13.64	1216.63
	575.72	0.00	13.65	1215.63
	575.73	0.00	13.65	1216.63
	575.75	0.00	13.65	1216.63
	575.76	0.00	13.65	1216.63
	575.77	0.00	13.64	1217.64
	575.78	0.00	13.65	1217.63
	575.79	0.00	13.63	1209.63
	575.80	0.00	13.65	1218.63
	575.81	0.00	13.65	1217.63
	575.83	0.00	13.66	1216.63
	575.84	0.00	13.65	1216.63
	575.85	0.00	13.65	1215.64
	575.86	0.00	13.66	1216.63
	575.87	0.00	13.65	1216.63
	575.88	0.00	13.64	1217.63
	575.90	0.00	13.65	1215.63
	575.91	0.00	13.65	1217.63
	575.92	0.00	13.65	1217.63
	575.93	0.00	13.64	1214.63
	575.94	0.00	13.64	1214.63
	575.95	0.00	13.66	1217.63
	575.97	0.00	13.66	1218.63
	575.98	0.00	13.65	1216.63
	575.99	0.00	13.65	1215.63
	576.00	0.00	13.65	1216.63
	576.01	0.00	13.65	1214.63
	576.02	0.00	13.65	1214.64
	576.04	0.00	13.67	1215.62
	576.05	0.00	13.68	1213.63
	576.06	0.00	13.66	1215.63
	576.07	0.00	13.67	1215.63
	576.08	0.00	13.67	1216.63
	576.09	0.00	13.67	1216.63
	576.11	0.00	13.66	1216.63
	576.12	0.00	13.67	1214.62
	576.13	0.00	13.67	1218.63
	576.14	0.00	13.66	1217.63
	576.15	0.00	13.67	1215.63
	576.16	0.00	13.67	1215.63
	576.18	0.00	13.67	1217.63
	576.19	0.00	13.67	1215.63
	576.20	0.00	13.70	1213.59
	576.21	0.00	13.65	1209.63
	576.22	0.00	13.67	1211.63
	576.23	0.00	13.68	1213.63
	576.25	0.00	13.68	1214.63
	576.26	0.00	13.67	1213.63
	576.27	0.00	13.68	1213.63
	576.28	0.00	13.69	1215.62
	576.29	0.00	13.67	1212.63
	576.30	0.00	13.69	1209.62
	576.32	0.00	13.68	1211.62
	576.33	0.00	13.67	1212.63
	576.34	0.00	13.68	1214.63
	576.35	0.00	13.69	1216.62
	576.36	0.00	13.69	1214.62
	576.38	0.00	13.68	1192.63
	576.39	0.00	13.69	1191.62
	576.40	0.00	13.69	1216.63
	576.41	0.00	13.69	1214.62
	576.42	0.00	13.67	1212.63
	576.43	0.00	13.69	1193.62
	576.45	0.00	13.67	1212.63
	576.46	0.00	13.68	1213.63
	576.47	0.00	13.70	1192.62
	576.48	0.00	13.67	1213.62
	576.49	0.00	13.68	1193.62
	576.50	0.00	13.69	1195.62
	576.52	0.00	13.67	1214.63
	576.53	0.00	13.68	1192.62
	576.54	0.00	13.68	1191.61
	576.55	0.00	13.65	1211.63
	576.56	0.00	13.66	1214.63
	576.57	0.00	13.66	1194.63
	576.59	0.00	13.67	1193.63
	576.60	0.00	13.66	1213.63
	576.61	0.00	13.67	1193.63
	576.62	0.00	13.66	1192.63
	576.63	0.00	13.67	1192.62
	576.64	0.00	13.67	1192.63
	576.66	0.00	13.67	1195.63
	576.67	0.00	13.65	1211.63
	576.68	0.00	13.66	1193.63
	576.69	0.00	13.64	1211.63
	576.70	0.00	13.65	1191.63
	576.71	0.00	13.64	1212.64
	576.73	0.00	13.65	1190.63
	576.74	0.00	13.65	1192.63
	576.75	0.00	13.65	1212.63
	576.76	0.00	13.65	1192.63
	576.77	0.00	13.66	1194.63
	576.78	0.00	13.65	1192.63
	576.79	0.00	13.66	1193.63
	576.81	0.00	13.65	1191.63
	576.82	0.00	13.65	1190.63
	576.83	0.00	13.64	1216.63
	576.84	0.00	13.64	1192.63
	576.85	0.00	13.65	1193.62
	576.86	0.00	13.64	1217.63
	576.88	0.00	13.63	1214.63
	576.89	0.00	13.63	1215.63
	576.90	0.00	13.61	1213.63
	576.91	0.00	13.62	1218.63
	576.92	0.00	13.62	1215.63
	576.94	0.00	13.61	1216.63
	576.95	0.00	13.61	1216.63
	576.96	0.00	13.60	1216.63
	576.97	0.00	13.60	1214.63
	576.98	0.00	13.60	1216.64
	576.99	0.00	13.60	1217.63
	577.01	0.00	13.58	1214.63
	577.02	0.00	13.58	1217.63
	577.03	0.00	13.58	1219.63
	577.04	0.00	13.58	1218.63
	577.05	0.00	13.57	1219.63
	577.06	0.00	13.58	1217.63
	577.08	0.00	13.56	1215.63
	577.09	0.00	13.57	1219.64
	577.10	0.00	13.56	1222.64
	577.11	0.00	13.57	1222.63
	577.12	0.00	13.56	1222.64
	577.13	0.00	13.58	1220.60
	577.15	0.00	13.56	1224.63
	577.16	0.00	13.56	1207.63
	577.17	0.00	13.56	1205.63
	577.18	0.00	13.55	1211.63
	577.19	0.00	13.54	1214.63
	577.20	0.00	13.54	1221.63
	577.22	0.00	13.54	1224.64
	577.23	0.00	13.53	1229.63
	577.24	0.00	13.51	1233.63
	577.25	0.00	13.52	1235.63
	577.26	0.00	13.50	1237.63
	577.27	0.00	13.49	1234.63
	577.29	0.00	13.49	1236.63
	577.30	0.00	13.48	1239.63
	577.31	0.00	13.49	1246.63
	577.32	0.00	13.48	1244.62
	577.33	0.00	13.49	1250.62
	577.34	0.00	13.48	1252.62
	577.36	0.00	13.48	1254.62
	577.37	0.00	13.47	1253.63
	577.38	0.00	13.47	1254.62
	577.39	0.00	13.48	1258.62
	577.40	0.00	13.48	1259.62
	577.41	0.00	13.48	1261.62
	577.43	0.00	13.48	1268.62
	577.44	0.00	13.47	1265.62
	577.45	0.00	13.46	1269.62
	577.46	0.00	13.42	1263.62
	577.47	0.00	13.44	1271.62
	577.48	0.00	13.43	1269.62
	577.50	0.00	13.41	1267.62
	577.51	0.00	13.39	1262.62
	577.52	0.00	13.40	1264.62
	577.53	0.00	13.37	1255.61
	577.54	0.00	13.34	1249.62
	577.55	0.00	13.33	1245.61
	577.57	0.00	13.29	1238.62
	577.58	0.00	13.27	1234.62
	577.59	0.00	13.20	1216.61
	577.60	0.00	13.06	1178.61
	577.61	0.00	12.92	1155.61
	577.63	0.00	12.85	1139.61
	577.64	0.00	12.74	1113.61
	577.65	0.00	12.70	1102.61
	577.66	0.00	12.66	1085.59
	577.67	0.00	12.60	1074.62
	577.68	0.00	12.53	1057.63
	577.70	0.00	12.48	1043.64
	577.71	0.00	12.40	1032.66
	577.72	0.00	12.28	1017.73
	577.73	0.00	12.19	992.77
	577.74	0.00	12.17	991.76
	577.75	0.00	12.19	1000.77
	577.77	0.00	12.16	996.78
	577.78	0.00	12.17	998.78
	577.79	0.00	12.16	992.78
	577.80	0.00	12.19	987.78
	577.81	0.00	12.24	980.78
	577.82	0.00	12.32	967.77
	577.84	0.00	12.38	959.75
	577.85	0.00	12.47	936.72
	577.86	0.00	12.65	921.65
	577.87	0.00	12.75	902.65
	577.88	0.00	12.89	885.62
	577.89	0.00	13.06	864.58
	577.90	0.00	13.32	819.56
	577.91	0.00	13.49	803.52
	577.93	0.00	13.64	792.47
	577.94	0.00	13.75	776.43
	577.95	0.00	13.85	768.37
	577.96	0.00	13.90	765.33
	577.97	0.00	14.36	853.32
	577.98	0.00	14.33	853.34
	578.00	0.00	14.33	853.33
	578.01	0.00	14.37	855.32
	578.02	0.00	14.36	853.32
	578.03	0.00	14.38	855.31
	578.04	0.00	14.41	858.30
	578.05	0.00	14.42	859.29
	578.07	0.00	14.42	860.29
	578.08	0.00	14.43	859.28
	578.09	0.00	14.47	862.26
	578.10	0.00	14.54	873.25
	578.11	0.00	14.55	875.25
	578.13	0.00	14.59	880.23
	578.14	0.00	14.61	880.23
	578.15	0.00	14.58	860.23
	578.16	0.00	14.64	880.20
	578.17	0.00	14.66	880.20
	578.18	0.00	14.68	891.20
	578.20	0.00	14.71	892.19
	578.21	0.00	14.69	872.19
	578.22	0.00	14.67	868.19
	578.23	0.00	14.54	867.28
	578.24	0.00	14.42	855.33
	578.25	0.00	14.17	793.33
	578.27	0.00	13.56	673.36
	578.28	0.00	13.53	679.40
	578.29	0.00	13.24	726.54
	578.30	0.00	13.50	846.57
	578.31	0.00	13.66	888.56
	578.32	0.00	13.79	920.54
	578.33	0.00	13.87	973.58
	578.34	0.00	13.94	1023.58
	578.36	0.00	13.95	1056.59
	578.37	0.00	13.93	1085.60
	578.38	0.00	13.96	1110.60
	578.39	0.00	13.97	1128.60
	578.40	0.00	13.95	1162.61
	578.42	0.00	13.98	1184.61
	578.43	0.00	14.02	1197.60
	578.44	0.00	14.07	1218.61
	578.45	0.00	14.09	1218.61
	578.46	0.00	14.08	1218.62
	578.47	0.00	14.12	1227.61
	578.49	0.00	14.12	1234.61
	578.50	0.00	14.14	1242.60
	578.51	0.00	14.08	1264.60
	578.52	0.00	14.08	1268.60
	578.53	0.00	14.09	1277.61
	578.54	0.00	14.12	1289.61
	578.55	0.00	14.08	1305.61
	578.57	0.00	14.15	1320.60
	578.58	0.00	14.15	1334.60
	578.59	0.00	14.15	1360.60
	578.60	0.00	14.16	1359.61
	578.61	0.00	14.17	1358.60
	578.63	0.00	14.13	1353.60
	578.64	0.00	14.15	1350.60
	578.65	0.00	14.14	1324.60
	578.66	0.00	14.10	1322.62
	578.67	0.00	14.09	1318.60
	578.68	0.00	14.11	1328.60
	578.70	0.00	14.12	1337.60
	578.71	0.00	14.11	1335.60
	578.72	0.00	14.11	1335.60
	578.73	0.00	14.10	1329.61
	578.74	0.00	14.06	1328.61
	578.75	0.00	14.05	1328.61
	578.77	0.00	14.04	1308.62
	578.78	0.00	14.00	1327.63
	578.79	0.00	14.01	1355.62
	578.80	0.00	14.00	1358.62
	578.81	0.00	13.99	1361.62
	578.82	0.00	13.99	1363.62
	578.84	0.00	13.98	1360.62
	578.85	0.00	13.95	1363.63
	578.86	0.00	13.98	1375.62
	578.87	0.00	13.96	1368.62
	578.88	0.00	13.97	1367.62
	578.89	0.00	13.99	1371.62
	578.91	0.00	14.00	1373.62
	578.92	0.00	14.02	1372.61
	578.93	0.00	14.01	1373.61
	578.94	0.00	14.00	1375.61
	578.95	0.00	14.01	1376.61
	578.96	0.00	14.02	1378.61
	578.98	0.00	14.01	1380.61
	578.99	0.00	14.01	1382.61
	579.00	0.00	14.00	1377.61
	579.01	0.00	14.03	1380.61
	579.02	0.00	14.06	1382.61
	579.03	0.00	14.09	1380.61
	579.05	0.00	14.12	1375.60
	579.06	0.00	14.15	1370.60
	579.07	0.00	14.17	1369.60
	579.08	0.00	14.21	1363.60
	579.09	0.00	14.23	1355.59
	579.10	0.00	14.26	1352.59
	579.12	0.00	14.28	1345.59
	579.13	0.00	14.29	1344.59
	579.14	0.00	14.30	1343.58
	579.15	0.00	14.32	1343.58
	579.16	0.00	14.31	1337.58
	579.17	0.00	14.33	1336.58
	579.19	0.00	14.34	1330.58
	579.20	0.00	14.36	1324.58
	579.21	0.00	14.41	1300.57
	579.22	0.00	14.43	1292.57
	579.23	0.00	14.45	1309.57
	579.25	0.00	14.58	1254.56
	579.26	0.00	14.69	1237.55
	579.27	0.00	14.76	1230.55
	579.28	0.00	14.77	1247.54
	579.29	0.00	14.82	1221.54
	579.30	0.00	14.88	1198.53
	579.31	0.00	14.89	1197.53
	579.33	0.00	14.91	1196.52
	579.34	0.00	14.93	1195.52
	579.35	0.00	14.96	1192.51
	579.36	0.00	14.99	1185.50
	579.37	0.00	15.04	1178.47
	579.38	0.00	15.05	1177.48
	579.40	0.00	15.06	1170.48
	579.41	0.00	15.07	1169.47
	579.42	0.00	15.07	1164.47
	579.43	0.00	15.08	1164.46
	579.44	0.00	15.06	1161.47
	579.45	0.00	15.07	1160.46
	579.47	0.00	15.04	1156.46
	579.48	0.00	15.05	1159.46
	579.49	0.00	15.03	1158.47
	579.50	0.00	15.02	1159.47
	579.51	0.00	15.01	1154.47
	579.53	0.00	15.02	1154.43
	579.54	0.00	14.98	1156.48
	579.55	0.00	14.94	1152.48
	579.56	0.00	14.88	1153.49
	579.57	0.00	14.84	1151.50
	579.58	0.00	14.80	1152.50
	579.59	0.00	14.72	1151.51
	579.61	0.00	14.69	1146.48
	579.62	0.00	14.62	1145.52
	579.63	0.00	14.57	1141.52
	579.64	0.00	14.51	1138.53
	579.65	0.00	14.46	1133.53
	579.66	0.00	14.42	1126.53
	579.68	0.00	14.39	1119.53
	579.69	0.00	14.40	1112.52
	579.70	0.00	14.36	1100.53
	579.71	0.00	14.39	1098.53
	579.72	0.00	14.40	1096.53
	579.73	0.00	14.40	1092.53
	579.75	0.00	14.42	1081.52
	579.76	0.00	14.46	1066.51
	579.77	0.00	14.50	1052.52
	579.78	0.00	14.54	1038.50
	579.79	0.00	14.62	1032.48
	579.81	0.00	14.74	1031.45
	579.82	0.00	14.82	1027.42
	579.83	0.00	14.90	1021.37
	579.84	0.00	14.94	1012.34
	579.85	0.00	14.88	996.36
	579.86	0.00	14.81	971.35
	579.88	0.00	14.69	938.35
	579.89	0.00	14.69	929.34
	579.90	0.00	14.67	914.31
	579.91	0.00	14.60	896.31
	579.92	0.00	14.57	887.31
	579.93	0.00	14.55	886.32
	579.95	0.00	14.55	882.31
	579.96	0.00	14.55	882.31
	579.97	0.00	14.55	883.31
	579.98	0.00	14.55	883.31
	579.99	0.00	14.55	881.31
	580.00	0.00	14.55	883.31
	580.02	0.00	14.55	884.30
	580.03	0.00	14.40	847.30
	580.04	0.00	14.29	843.34
	580.05	0.00	14.38	891.38
	580.06	0.00	14.38	915.42
	580.07	0.00	14.35	942.45
	580.08	0.00	14.34	960.47
	580.10	0.00	14.39	983.46
	580.11	0.00	14.36	992.49
	580.12	0.00	14.38	1010.49
	580.13	0.00	14.37	1020.50
	580.14	0.00	14.32	1032.52
	580.16	0.00	14.29	1046.53
	580.17	0.00	14.24	1055.54
	580.18	0.00	14.19	1060.54
	580.19	0.00	14.17	1069.55
	580.20	0.00	14.11	1083.55
	580.21	0.00	14.09	1086.55
	580.22	0.00	14.07	1092.55
	580.24	0.00	14.08	1092.56
	580.25	0.00	14.04	1097.57
	580.26	0.00	14.03	1098.57
	580.27	0.00	14.03	1105.56
	580.28	0.00	14.02	1114.56
	580.29	0.00	14.00	1116.56
	580.31	0.00	13.98	1120.57
	580.32	0.00	13.95	1123.57
	580.33	0.00	13.95	1129.57
	580.34	0.00	13.94	1129.57
	580.35	0.00	13.93	1132.57
	580.36	0.00	13.93	1133.57
	580.38	0.00	13.93	1134.57
	580.39	0.00	13.94	1140.57
	580.40	0.00	13.92	1138.57
	580.41	0.00	13.92	1139.57
	580.42	0.00	13.92	1143.57
	580.44	0.00	13.95	1143.57
	580.45	0.00	13.92	1144.57
	580.46	0.00	13.94	1145.57
	580.47	0.00	13.95	1145.57
	580.48	0.00	13.96	1147.57
	580.49	0.00	13.98	1146.57
	580.51	0.00	14.01	1149.57
	580.52	0.00	14.04	1148.57
	580.53	0.00	14.08	1144.56
	580.54	0.00	14.12	1142.56
	580.55	0.00	14.15	1145.56
	580.56	0.00	14.19	1144.55
	580.58	0.00	14.21	1164.55
	580.59	0.00	14.20	1160.55
	580.60	0.00	14.23	1171.55
	580.61	0.00	14.25	1172.55
	580.62	0.00	14.23	1175.55
	580.63	0.00	14.24	1176.54
	580.65	0.00	14.26	1181.54
	580.66	0.00	14.26	1183.54
	580.67	0.00	14.26	1184.55
	580.68	0.00	14.27	1186.54
	580.69	0.00	14.27	1187.54
	580.70	0.00	14.26	1189.54
	580.72	0.00	14.26	1190.54
	580.73	0.00	14.25	1193.55
	580.74	0.00	14.24	1191.55
	580.75	0.00	14.23	1197.55
	580.76	0.00	14.24	1197.55
	580.77	0.00	14.22	1194.55
	580.78	0.00	14.17	1214.55
	580.80	0.00	14.18	1213.55
	580.81	0.00	14.17	1215.55
	580.82	0.00	14.17	1214.55
	580.83	0.00	14.18	1218.55
	580.84	0.00	14.16	1219.56
	580.85	0.00	14.17	1217.55
	580.87	0.00	14.16	1239.55
	580.88	0.00	14.19	1220.55
	580.89	0.00	14.19	1220.55
	580.90	0.00	14.18	1222.55
	580.91	0.00	14.19	1221.55
	580.92	0.00	14.18	1222.55
	580.94	0.00	14.18	1223.55
	580.95	0.00	14.17	1221.55
	580.96	0.00	14.17	1219.55
	580.97	0.00	14.18	1222.55
	580.98	0.00	14.19	1225.55
	581.00	0.00	14.18	1224.55
	581.01	0.00	14.18	1223.55
	581.02	0.00	14.17	1222.55
	581.03	0.00	14.19	1220.52
	581.04	0.00	14.17	1223.55
	581.05	0.00	14.15	1221.55
	581.07	0.00	14.14	1220.55
	581.08	0.00	14.14	1220.55
	581.09	0.00	14.14	1198.55
	581.10	0.00	14.12	1222.55
	581.11	0.00	14.11	1224.56
	581.12	0.00	14.09	1223.56
	581.14	0.00	14.10	1225.56
	581.15	0.00	14.07	1224.56
	581.16	0.00	14.06	1225.56
	581.17	0.00	14.07	1204.56
	581.18	0.00	14.06	1207.56
	581.19	0.00	14.06	1210.57
	581.21	0.00	14.05	1206.56
	581.22	0.00	14.04	1209.57
	581.23	0.00	14.02	1229.57
	581.24	0.00	14.03	1207.57
	581.25	0.00	14.04	1209.57
	581.26	0.00	14.03	1209.57
	581.28	0.00	14.03	1209.57
	581.29	0.00	14.02	1208.57
	581.30	0.00	14.03	1211.57
	581.31	0.00	14.02	1209.57
	581.32	0.00	14.01	1208.57
	581.33	0.00	14.01	1208.57
	581.34	0.00	14.00	1210.57
	581.36	0.00	14.01	1209.57
	581.37	0.00	14.02	1211.57
	581.38	0.00	14.02	1212.57
	581.39	0.00	14.04	1214.57
	581.40	0.00	14.03	1207.57
	581.41	1.00	14.03	1206.57
	581.43	1.00	14.04	1207.57
	581.44	1.00	14.04	1207.57
	581.45	1.00	14.04	1225.57
	581.46	1.00	14.04	1225.57
	581.47	1.00	14.06	1228.57
	581.48	1.00	14.06	1225.56
	581.50	1.00	14.08	1206.57
	581.51	1.00	14.07	1225.57
	581.52	1.00	14.07	1224.56
	581.53	1.00	14.07	1244.56
	581.54	1.00	14.08	1225.56
	581.56	1.00	14.07	1246.56
	581.57	1.00	14.10	1224.56
	581.58	1.00	14.09	1224.57
	581.59	1.00	14.09	1244.56
	581.60	1.00	14.10	1248.56
	581.61	1.00	14.10	1244.56
	581.63	1.00	14.11	1245.56
	581.64	0.00	14.10	1244.56
	581.65	0.00	14.12	1246.56
	581.66	0.00	14.13	1246.55
	581.67	0.00	14.11	1244.56
	581.68	0.00	14.13	1243.56
	581.70	0.00	14.13	1246.56
	581.71	0.00	14.14	1243.56
	581.72	0.00	14.14	1244.56
	581.73	0.00	14.14	1245.56
	581.74	0.00	14.16	1223.56
	581.75	0.00	14.17	1223.55
	581.77	0.00	14.19	1227.56
	581.78	0.00	14.18	1224.55
	581.79	0.00	14.18	1227.55
	581.80	0.00	14.19	1226.55
	581.81	0.00	14.24	1204.55
	581.82	0.00	14.26	1202.52
	581.84	0.00	14.25	1212.55
	581.85	0.00	14.23	1202.55
	581.86	0.00	14.24	1205.55
	581.87	0.00	14.24	1205.55
	581.88	0.00	14.23	1205.55
	581.89	0.00	14.24	1204.55
	581.91	0.00	14.23	1207.55
	581.92	0.00	14.23	1205.55
	581.93	0.00	14.24	1208.55
	581.94	0.00	14.22	1206.55
	581.95	0.00	14.22	1206.55
	581.96	0.00	14.22	1205.55
	581.98	0.00	14.22	1206.55
	581.99	0.00	14.22	1204.55
	582.00	0.00	14.22	1206.55
	582.01	0.00	14.22	1205.55
	582.02	0.00	14.22	1205.55
	582.03	0.00	14.22	1203.55
	582.04	0.00	14.22	1205.55
	582.06	0.00	14.18	1195.55
	582.07	0.00	14.22	1205.55
	582.08	0.00	14.22	1204.55
	582.09	0.00	14.21	1204.55
	582.10	0.00	14.22	1203.55
	582.12	0.00	14.22	1205.55
	582.13	0.00	14.21	1203.55
	582.14	0.00	14.21	1204.55
	582.15	0.00	14.22	1204.55
	582.16	0.00	14.22	1202.55
	582.17	0.00	14.21	1203.56
	582.19	0.00	14.22	1207.55
	582.20	0.00	14.22	1207.55
	582.21	0.00	14.22	1206.55
	582.22	0.00	14.21	1204.55
	582.23	0.00	14.21	1204.55
	582.24	0.00	14.21	1205.55
	582.26	0.00	14.20	1204.56
	582.27	0.00	14.21	1206.55
	582.28	0.00	14.19	1201.55
	582.29	0.00	14.22	1205.55
	582.30	0.00	14.21	1205.55
	582.31	0.00	14.21	1203.55
	582.33	0.00	14.22	1206.55
	582.34	0.00	14.23	1204.52
	582.35	0.00	14.21	1205.55
	582.36	0.00	14.20	1201.55
	582.37	0.00	14.21	1205.55
	582.38	0.00	14.21	1204.55
	582.40	0.00	14.21	1205.55
	582.41	0.00	14.21	1207.55
	582.42	0.00	14.21	1206.55
	582.43	0.00	14.21	1203.55
	582.44	0.00	14.21	1205.55
	582.45	0.00	14.22	1207.55
	582.47	0.00	14.17	1226.55
	582.48	0.00	14.16	1227.55
	582.49	0.00	14.17	1230.55
	582.50	0.00	14.15	1225.55
	582.51	0.00	14.15	1226.56
	582.52	0.00	14.16	1227.54
	582.54	0.00	14.17	1229.55
	582.55	0.00	14.14	1221.55
	582.56	0.00	14.15	1225.55
	582.57	0.00	14.15	1225.55
	582.58	0.00	14.16	1230.55
	582.59	0.00	14.16	1228.55
	582.60	0.00	14.17	1229.54
	582.62	0.00	14.14	1224.55
	582.63	0.00	14.16	1228.55
	582.64	0.00	14.16	1229.55
	582.65	0.00	14.16	1229.55
	582.66	0.00	14.14	1223.55
	582.68	0.00	14.16	1230.55
	582.69	0.00	14.16	1229.55
	582.70	0.00	14.16	1227.55
	582.71	0.00	14.15	1225.55
	582.72	0.00	14.16	1228.55
	582.73	0.00	14.16	1228.55
	582.75	0.00	14.15	1230.55
	582.76	0.00	14.15	1228.55
	582.77	0.00	14.16	1231.55
	582.78	0.00	14.16	1228.54
	582.79	0.00	14.16	1233.55
	582.80	0.00	14.15	1229.55
	582.82	0.00	14.15	1229.55
	582.83	0.00	14.15	1231.55
	582.84	0.00	14.14	1230.55
	582.85	0.00	14.16	1232.53
	582.86	0.00	14.13	1230.56
	582.88	0.00	14.14	1230.55
	582.89	0.00	14.14	1229.55
	582.90	0.00	14.15	1231.55
	582.91	0.00	14.15	1231.55
	582.92	0.00	14.15	1231.55
	582.93	0.00	14.15	1232.55
	582.94	0.00	14.15	1231.55
	582.96	0.00	14.15	1232.55
	582.97	0.00	14.15	1232.55
	582.98	0.00	14.15	1233.55
	582.99	0.00	14.15	1233.55
	583.00	0.00	14.15	1234.55
	583.01	0.00	14.15	1231.55
	583.03	0.00	14.15	1232.55
	583.04	0.00	14.15	1234.55
	583.05	0.00	14.15	1232.55
	583.06	0.00	14.14	1232.55
	583.07	0.00	14.15	1231.55
	583.09	0.00	14.15	1233.55
	583.10	0.00	14.15	1232.55
	583.11	0.00	14.14	1232.56
	583.12	0.00	14.15	1231.55
	583.13	0.00	14.15	1232.55
	583.14	0.00	14.15	1233.55
	583.15	0.00	14.15	1231.55
	583.17	0.00	14.14	1233.55
	583.18	0.00	14.15	1231.55
	583.19	0.00	14.14	1233.56
	583.20	0.00	14.14	1232.55
	583.21	0.00	14.15	1238.55
	583.22	0.00	14.14	1234.55
	583.24	0.00	14.12	1254.55
	583.25	0.00	14.14	1235.55
	583.26	0.00	14.14	1232.55
	583.27	0.00	14.14	1234.55
	583.28	0.00	14.15	1235.55
	583.29	0.00	14.15	1237.55
	583.31	0.00	14.13	1231.55
	583.32	0.00	14.14	1235.55
	583.33	0.00	14.12	1257.55
	583.34	0.00	14.13	1260.55
	583.35	0.00	14.12	1259.55
	583.36	0.00	14.11	1260.55
	583.38	0.00	14.09	1263.56
	583.39	0.00	14.10	1269.55
	583.40	0.00	14.09	1270.55
	583.41	0.00	14.07	1276.56
	583.42	0.00	14.07	1283.56
	583.44	0.00	14.07	1292.56
	583.45	0.00	14.05	1293.55
	583.46	0.00	14.04	1300.54
	583.47	0.00	14.04	1309.56
	583.48	0.00	14.00	1311.56
	583.49	0.00	13.96	1316.56
	583.50	0.00	13.90	1319.57
	583.52	0.00	13.86	1322.57
	583.53	0.00	13.85	1304.55
	583.54	0.00	13.78	1305.57
	583.55	0.00	13.79	1303.57
	583.56	0.00	13.73	1302.57
	583.58	0.00	13.70	1301.57
	583.59	0.00	13.63	1286.57
	583.60	0.00	13.64	1292.57
	583.61	0.00	13.63	1296.57
	583.62	0.00	13.61	1294.57
	583.63	0.00	13.62	1296.57
	583.65	0.00	13.61	1295.57
	583.66	0.00	13.57	1286.57
	583.67	0.00	13.58	1283.57
	583.68	0.00	13.60	1281.57
	583.69	0.00	13.61	1280.57
	583.70	0.00	13.66	1281.57
	583.71	0.00	13.66	1270.56
	583.73	0.00	13.74	1273.56
	583.74	0.00	13.80	1276.55
	583.75	0.00	13.85	1274.55
	583.76	0.00	13.88	1279.55
	583.77	0.00	13.90	1280.55
	583.78	0.00	13.93	1278.53
	583.80	0.00	13.96	1279.55
	583.81	0.00	13.96	1280.54
	583.82	0.00	14.00	1277.54
	583.83	0.00	14.00	1274.54
	583.84	0.00	14.02	1261.54
	583.85	0.00	14.01	1250.55
	583.87	0.00	14.01	1236.55
	583.88	0.00	14.03	1228.55
	583.89	0.00	14.04	1231.56
	583.90	0.00	14.05	1241.56
	583.91	0.00	14.09	1244.56
	583.92	0.00	14.11	1233.56
	583.94	0.00	14.17	1201.56
	583.95	0.00	14.19	1212.56
	583.96	0.00	14.34	1166.56
	583.97	0.00	14.57	1128.53
	583.98	0.00	14.68	1116.51
	584.00	0.00	14.86	1111.47
	584.01	0.00	15.03	1104.40
	584.02	0.00	15.23	1102.22
	584.03	0.00	15.27	1096.19
	584.04	0.00	15.47	1113.16
	584.05	0.00	15.50	1106.14
	584.07	0.00	15.50	1085.12
	584.08	0.00	15.31	1048.11
	584.09	0.00	15.25	1016.10
	584.10	0.00	15.22	975.08
	584.11	0.00	15.12	933.06
	584.12	0.00	15.06	907.06
	584.14	0.00	14.96	881.07
	584.15	0.00	14.87	867.10
	584.16	0.00	14.76	859.15
	584.17	0.00	14.68	841.16
	584.18	0.00	14.34	754.17
	584.19	0.00	14.14	721.19
	584.20	0.00	14.16	727.19
	584.22	0.00	14.15	732.20
	584.23	0.00	14.18	738.20
	584.24	0.00	14.20	742.20
	584.25	0.00	14.22	745.20
	584.26	0.00	14.24	749.20
	584.27	0.00	14.25	748.20
	584.29	0.00	14.26	751.20
	584.30	0.00	14.30	752.19
	584.31	0.00	14.31	755.18
	584.32	0.00	14.32	754.17
	584.33	0.00	14.34	759.17
	584.34	0.00	14.35	754.16
	584.35	0.00	14.35	751.15
	584.37	0.00	14.37	756.14
	584.38	0.00	14.46	756.08
	584.39	0.00	14.47	758.08
	584.40	0.00	14.47	758.08
	584.41	0.00	14.47	761.08
	584.42	0.00	14.47	762.08
	584.44	0.00	14.49	762.08
	584.45	0.00	14.52	772.08
	584.46	0.00	14.55	779.08
	584.47	0.00	14.49	768.08
	584.48	0.00	14.39	776.17
	584.49	0.00	14.13	771.27
	584.51	0.00	13.55	722.36
	584.52	0.00	12.66	689.45
	584.53	0.00	11.88	689.55
	584.54	0.00	11.87	747.59
	584.55	0.00	11.78	783.63
	584.56	0.00	11.76	828.67
	584.57	0.00	11.78	852.69
	584.59	0.00	11.80	879.69
	584.60	0.00	11.92	940.71
	584.61	0.00	11.92	956.69
	584.62	0.00	12.03	976.64
	584.63	0.00	12.06	991.65
	584.64	0.00	12.11	998.67
	584.66	0.00	12.18	1029.67
	584.67	0.00	12.16	1023.67
	584.68	0.00	12.18	1020.67
	584.69	0.00	12.18	994.66
	584.70	0.00	12.20	991.65
	584.72	0.00	12.22	986.63
	584.73	0.00	12.26	984.63
	584.74	0.00	12.29	978.61
	584.75	0.00	12.30	976.60
	584.76	0.00	12.27	963.60
	584.77	0.00	12.30	965.59
	584.78	0.00	12.29	966.61
	584.80	0.00	12.23	952.59
	584.81	0.00	12.31	969.59
	584.82	0.00	12.33	993.59
	584.83	0.00	12.34	996.58
	584.84	0.00	12.39	1006.58
	584.85	0.00	12.47	1016.58
	584.86	0.00	12.63	1049.58
	584.88	0.00	12.74	1070.57
	584.89	0.00	12.81	1089.58
	584.90	0.00	12.92	1113.57
	584.91	0.00	13.01	1154.57
	584.92	0.00	13.05	1170.56
	584.94	0.00	13.12	1184.56
	584.95	0.00	13.13	1190.56
	584.96	0.00	13.14	1194.56
	584.97	0.00	13.15	1198.56
	584.98	0.00	13.15	1203.57
	584.99	0.00	13.17	1206.55
	585.01	0.00	13.22	1214.55
	585.02	0.00	13.27	1220.55
	585.03	0.00	13.31	1228.55
	585.04	0.00	13.37	1236.55
	585.05	0.00	13.41	1237.54
	585.06	0.00	13.48	1245.54
	585.08	0.00	13.56	1251.54
	585.09	0.00	13.68	1258.53
	585.10	0.00	13.78	1262.53
	585.11	0.00	13.86	1252.52
	585.12	0.00	13.94	1251.52
	585.13	0.00	14.02	1265.52
	585.15	0.00	14.11	1271.51
	585.16	0.00	14.17	1281.50
	585.17	0.00	14.30	1301.50
	585.18	0.00	14.42	1312.49
	585.19	0.00	14.71	1337.47
	585.20	0.00	14.86	1346.45
	585.21	0.00	14.97	1362.42
	585.23	0.00	15.08	1371.41
	585.24	0.00	15.22	1380.35
	585.25	0.00	15.34	1383.27
	585.26	0.00	15.47	1362.23
	585.27	0.00	15.73	1365.19
	585.28	0.00	15.82	1370.16
	585.30	0.00	15.84	1353.14
	585.31	0.00	15.90	1357.12
	585.32	0.00	15.94	1346.10
	585.33	0.00	15.98	1320.08
	585.34	0.00	16.01	1312.06
	585.35	0.00	16.02	1300.04
	585.37	0.00	16.06	1288.02
	585.38	0.00	16.09	1266.98
	585.39	0.00	16.17	1256.94
	585.40	0.00	16.19	1222.90
	585.41	0.00	16.23	1199.87
	585.42	0.00	16.21	1160.85
	585.44	0.00	16.12	1102.85
	585.45	0.00	15.87	986.85
	585.46	0.00	15.75	919.84
	585.47	0.00	15.69	869.83
	585.48	0.00	15.67	855.83
	585.50	0.00	15.58	820.82
	585.51	0.00	15.59	823.82
	585.52	0.00	15.56	822.82
	585.53	0.00	15.52	824.82
	585.54	0.00	15.51	822.81
	585.55	0.00	15.22	794.81
	585.56	0.00	15.17	778.81
	585.58	0.00	14.91	773.85
	585.59	0.00	14.49	739.02
	585.60	0.00	14.13	662.02
	585.61	0.00	13.83	598.00
	585.62	0.00	14.10	649.99
	585.63	0.00	14.29	693.02
	585.65	0.00	14.34	706.03
	585.66	0.00	14.35	707.03
	585.67	0.00	14.39	712.03
	585.68	0.00	14.39	714.04
	585.69	0.00	14.42	719.04
	585.70	0.00	14.41	718.04
	585.71	0.00	14.42	719.04
	585.73	0.00	14.43	721.04
	585.74	0.00	14.42	716.03
	585.75	0.00	14.43	720.04
	585.76	0.00	14.47	726.03
	585.77	0.00	14.46	727.04
	585.78	0.00	14.46	731.04
	585.80	0.00	14.53	740.04
	585.81	0.00	14.50	740.04
	585.82	0.00	14.54	749.04
	585.83	0.00	14.54	752.04
	585.84	0.00	14.60	759.03
	585.85	0.00	14.62	763.03
	585.87	0.00	14.64	767.03
	585.88	0.00	14.64	773.03
	585.89	0.00	14.62	764.02
	585.90	0.00	14.64	768.02
	585.91	0.00	14.64	766.01
	585.92	0.00	14.64	766.01
	585.94	0.00	14.63	764.01
	585.95	0.00	14.65	768.01
	585.96	0.00	14.69	779.01
	585.97	0.00	14.69	778.01
	585.98	0.00	14.72	785.01
	585.99	0.00	14.72	784.01
	586.00	0.00	14.73	787.01
	586.02	0.00	14.79	799.00
	586.03	0.00	14.55	798.15
	586.04	0.00	14.38	776.14
	586.05	0.00	13.49	658.13
	586.06	0.00	11.85	630.37
	586.07	0.00	11.37	686.47
	586.09	0.00	11.29	772.58
	586.10	0.00	10.87	848.66
	586.11	0.00	10.78	906.74
	586.12	0.00	11.06	986.78
	586.13	0.00	11.26	1043.77
	586.14	0.00	11.44	1055.68
	586.16	0.00	11.61	1092.69
	586.17	0.00	11.80	1123.68
	586.18	0.00	11.86	1127.69
	586.19	0.00	11.94	1122.67
	586.20	0.00	12.02	1114.67
	586.21	0.00	12.15	1104.65
	586.22	0.00	12.28	1100.64
	586.24	0.00	12.39	1099.63
	586.25	0.00	12.50	1102.62
	586.26	0.00	12.61	1104.58
	586.27	0.00	12.76	1121.53
	586.28	0.00	12.89	1146.51
	586.30	0.00	12.99	1160.48
	586.31	0.00	13.09	1178.45
	586.32	0.00	13.19	1199.43
	586.33	0.00	13.27	1207.39
	586.34	0.00	13.34	1224.38
	586.35	0.00	13.39	1233.38
	586.36	0.00	13.44	1247.37
	586.38	0.00	13.51	1258.36
	586.39	0.00	13.52	1265.36
	586.40	0.00	13.55	1274.35
	586.41	0.00	13.57	1287.34
	586.42	0.00	13.58	1285.33
	586.44	0.00	13.59	1286.33
	586.45	0.00	13.58	1291.33
	586.46	0.00	13.56	1287.33
	586.47	0.00	13.49	1284.34
	586.48	0.00	13.48	1296.35
	586.49	0.00	13.43	1296.36
	586.51	0.00	13.40	1302.37
	586.52	0.00	13.40	1316.37
	586.53	0.00	13.36	1312.38
	586.54	0.00	13.37	1323.38
	586.55	0.00	13.37	1323.38
	586.56	0.00	13.34	1323.39
	586.58	0.00	13.33	1320.41
	586.59	0.00	13.33	1318.42
	586.60	0.00	13.27	1289.45
	586.61	0.00	13.23	1263.48
	586.62	0.00	13.22	1251.53
	586.63	0.00	13.46	1306.56
	586.65	0.00	13.53	1314.58
	586.66	0.00	13.61	1322.58
	586.67	0.00	13.72	1331.58
	586.68	0.00	13.81	1339.58
	586.69	0.00	13.86	1333.58
	586.70	0.00	13.92	1325.57
	586.72	0.00	13.98	1316.57
	586.73	0.00	14.04	1299.57
	586.74	0.00	14.11	1270.57
	586.75	0.00	14.15	1287.56
	586.76	0.00	14.26	1322.56
	586.77	0.00	14.34	1339.55
	586.78	0.00	14.41	1347.55
	586.80	0.00	14.52	1356.54
	586.81	0.00	14.66	1347.52
	586.82	0.00	14.79	1343.48
	586.83	0.00	14.90	1326.44
	586.84	0.00	15.08	1303.37
	586.85	0.00	15.25	1258.33
	586.87	0.00	15.41	1250.19
	586.88	0.00	15.64	1257.13
	586.89	0.00	15.74	1220.07
	586.90	0.00	15.83	1207.00
	586.91	0.00	15.87	1187.96
	586.92	0.00	15.94	1172.92
	586.94	0.00	15.98	1151.88
	586.95	0.00	15.98	1129.87
	586.96	0.00	15.96	1100.86
	586.97	0.00	15.88	1035.84
	586.98	0.00	15.76	951.84
	587.00	0.00	15.71	917.83
	587.01	0.00	15.72	902.82
	587.02	0.00	15.43	859.82
	587.03	0.00	15.41	855.82
	587.04	0.00	15.36	835.82
	587.05	0.00	15.18	814.82
	587.06	0.00	14.90	781.88
	587.08	0.00	14.56	740.00
	587.09	0.00	14.34	696.02
	587.10	0.00	14.12	662.04
	587.11	0.00	14.24	678.02
	587.12	0.00	14.39	701.00
	587.13	0.00	14.42	710.01
	587.15	0.00	14.41	713.01
	587.16	0.00	14.40	714.02
	587.17	0.00	14.40	712.02
	587.18	0.00	14.44	720.02
	587.19	0.00	14.44	720.02
	587.20	0.00	14.44	724.03
	587.21	0.00	14.48	731.03
	587.23	0.00	14.45	729.04
	587.24	0.00	14.46	730.04
	587.25	0.00	14.48	735.03
	587.26	0.00	14.47	730.03
	587.27	0.00	14.47	734.03
	587.28	0.00	14.50	740.03
	587.30	0.00	14.50	742.03
	587.31	0.00	14.49	745.04
	587.32	0.00	14.50	747.04
	587.33	0.00	14.50	745.03
	587.34	0.00	14.51	748.03
	587.35	0.00	14.53	751.03
	587.37	0.00	14.54	750.03
	587.38	0.00	14.57	754.02
	587.39	0.00	14.55	750.02
	587.40	0.00	14.54	747.02
	587.41	0.00	14.53	745.02
	587.42	0.00	14.59	753.01
	587.44	0.00	14.62	767.01
	587.45	0.00	14.67	774.01
	587.46	0.00	14.68	778.00
	587.47	0.00	14.71	788.01
	587.48	0.00	14.71	789.01
	587.49	0.00	14.54	787.10
	587.51	0.00	14.24	772.18
	587.52	0.00	13.48	691.17
	587.53	0.00	11.74	670.41
	587.54	0.00	11.40	722.50
	587.55	0.00	11.20	795.60
	587.56	0.00	10.90	870.67
	587.57	0.00	10.88	929.72
	587.59	0.00	11.05	995.77
	587.60	0.00	11.25	1018.74
	587.61	0.00	11.40	1028.69
	587.62	0.00	11.59	1055.69
	587.63	0.00	11.70	1058.70
	587.64	0.00	11.75	1049.68
	587.66	0.00	11.89	1042.68
	587.67	0.00	11.97	1033.68
	587.68	0.00	12.05	1025.68
	587.69	0.00	12.18	1024.68
	587.70	0.00	12.55	1068.68
	587.71	0.00	12.57	1049.67
	587.73	0.00	12.64	1057.66
	587.74	0.00	12.71	1067.66
	587.75	0.00	12.72	1073.67
	587.76	0.00	12.79	1088.66
	587.77	0.00	12.85	1101.66
	587.78	0.00	12.89	1113.67
	587.80	0.00	12.95	1121.67
	587.81	0.00	13.01	1127.67
	587.82	0.00	13.04	1151.67
	587.83	0.00	13.09	1154.67
	587.84	0.00	13.17	1153.67
	587.85	0.00	13.21	1155.66
	587.87	0.00	13.30	1159.66
	587.88	0.00	13.34	1155.66
	587.89	0.00	13.37	1164.65
	587.90	0.00	13.44	1166.65
	587.91	0.00	13.53	1186.64
	587.92	0.00	13.57	1190.64
	587.94	0.00	13.66	1197.63
	587.95	0.00	13.73	1207.63
	587.96	0.00	13.80	1211.62
	587.97	0.00	13.85	1218.62
	587.98	0.00	13.90	1229.61
	588.00	0.00	13.93	1230.60
	588.01	0.00	13.99	1239.59
	588.02	0.00	14.05	1255.59
	588.03	0.00	14.08	1256.58
	588.04	0.00	14.09	1254.58
	588.05	0.00	14.12	1262.58
	588.06	0.00	14.14	1264.57
	588.08	0.00	14.17	1263.56
	588.09	0.00	14.17	1270.57
	588.10	0.00	14.17	1272.57
	588.11	0.00	14.18	1276.57
	588.12	0.00	14.16	1275.57
	588.14	0.00	14.14	1275.57
	588.15	0.00	14.13	1268.58
	588.16	0.00	14.11	1269.58
	588.17	0.00	14.10	1266.58
	588.18	0.00	14.07	1264.58
	588.19	0.00	14.09	1271.59
	588.21	0.00	14.15	1293.59
	588.22	0.00	14.13	1274.59
	588.23	0.00	14.17	1280.58
	588.24	0.00	14.25	1275.58
	588.25	0.00	14.33	1272.58
	588.26	0.00	14.38	1267.57
	588.27	0.00	14.49	1239.56
	588.29	0.00	14.61	1213.53
	588.30	0.00	14.88	1219.49
	588.31	0.00	15.01	1207.44
	588.32	0.00	15.12	1189.40
	588.33	0.00	15.22	1149.37
	588.34	0.00	15.43	1138.18
	588.36	0.00	15.49	1130.14
	588.37	0.00	15.54	1102.11
	588.38	0.00	15.56	1090.10
	588.39	0.00	15.59	1081.08
	588.40	0.00	15.63	1070.04
	588.41	0.00	15.65	1044.01
	588.43	0.00	15.65	1025.98
	588.44	0.00	15.68	997.93
	588.45	0.00	15.61	956.90
	588.46	0.00	15.54	907.88
	588.47	0.00	15.44	847.86
	588.48	0.00	15.33	790.85
	588.50	0.00	15.31	785.84
	588.51	0.00	15.38	801.84
	588.52	0.00	15.36	789.84
	588.53	0.00	15.06	754.83
	588.54	0.00	14.98	741.83
	588.55	0.00	14.75	740.88
	588.57	0.00	14.39	708.01
	588.58	0.00	14.12	657.01
	588.59	0.00	13.91	628.02
	588.60	0.00	14.25	691.02
	588.61	0.00	14.30	707.03
	588.62	0.00	14.35	711.03
	588.64	0.00	14.28	709.06
	588.65	0.00	14.28	708.06
	588.66	0.00	14.26	707.07
	588.67	0.00	14.27	710.07
	588.68	0.00	14.28	710.05
	588.69	0.00	14.27	713.07
	588.70	0.00	14.28	712.07
	588.72	0.00	14.23	705.07
	588.73	0.00	14.23	707.08
	588.74	0.00	14.25	712.08
	588.75	0.00	14.26	714.08
	588.76	0.00	14.30	723.09
	588.77	0.00	14.29	723.09
	588.78	0.00	14.33	728.08
	588.80	0.00	14.30	725.09
	588.81	0.00	14.33	728.08
	588.82	0.00	14.32	729.09
	588.83	0.00	14.32	736.11
	588.84	0.00	14.33	738.10
	588.85	0.00	14.33	743.12
	588.87	0.00	14.32	743.12
	588.88	0.00	14.36	743.09
	588.89	0.00	14.42	747.06
	588.90	0.00	14.44	751.06
	588.91	0.00	14.46	753.05
	588.92	0.00	14.49	757.04
	588.94	0.00	14.49	755.04
	588.95	0.00	14.53	766.04
	588.96	0.00	14.53	764.04
	588.97	0.00	14.54	766.04
	588.98	0.00	14.53	765.04
	588.99	0.00	14.55	770.04
	589.01	0.00	14.57	770.03
	589.02	0.00	14.59	772.03
	589.03	0.00	14.59	773.03
	589.04	0.00	14.59	775.03
	589.05	0.00	14.43	775.14
	589.06	0.00	14.24	757.16
	589.08	0.00	13.21	676.33
	589.09	0.00	11.71	655.48
	589.10	0.00	11.23	714.61
	589.11	0.00	11.00	792.73
	589.12	0.00	10.79	872.82
	589.13	0.00	10.77	922.84
	589.15	0.00	11.02	974.82
	589.16	0.00	11.13	1009.78
	589.17	0.00	11.34	1026.71
	589.18	0.00	11.55	1047.72
	589.19	0.00	11.74	1071.71
	589.20	0.00	11.85	1071.71
	589.21	0.00	11.96	1063.71
	589.22	0.00	12.02	1032.70
	589.24	0.00	12.12	1017.71
	589.25	0.00	12.23	1010.69
	589.26	0.00	12.32	999.69
	589.27	0.00	12.42	1012.68
	589.28	0.00	12.52	1002.67
	589.30	0.00	12.60	995.66
	589.31	0.00	12.69	991.63
	589.32	0.00	12.78	968.65
	589.33	0.00	12.77	963.64
	589.34	0.00	12.83	960.64
	589.35	0.00	12.89	977.63
	589.37	0.00	12.98	981.61
	589.38	0.00	13.06	981.59
	589.39	0.00	13.08	970.58
	589.40	0.00	13.21	981.57
	589.41	0.00	13.27	983.56
	589.42	0.00	13.36	983.55
	589.44	0.00	13.45	988.54
	589.45	0.00	13.53	1011.55
	589.46	0.00	13.61	1022.53
	589.47	0.00	13.67	1031.52
	589.48	0.00	13.71	1060.52
	589.49	0.00	13.78	1065.51
	589.51	0.00	14.04	1070.50
	589.52	0.00	14.10	1094.48
	589.53	0.00	14.13	1098.50
	589.54	0.00	14.20	1100.48
	589.55	0.00	14.26	1104.47
	589.56	0.00	14.33	1111.46
	589.58	0.00	14.33	1110.46
	589.59	0.00	14.36	1106.45
	589.60	0.00	14.35	1106.47
	589.61	0.00	14.39	1110.44
	589.62	0.00	14.41	1090.44
	589.63	0.00	14.39	1108.44
	589.64	0.00	14.39	1111.44
	589.66	0.00	14.45	1088.44
	589.67	0.00	14.42	1085.44
	589.68	0.00	14.42	1066.45
	589.69	0.00	14.39	1065.45
	589.70	0.00	14.39	1062.46
	589.71	0.00	14.41	1061.46
	589.72	0.00	14.43	1060.45
	589.74	0.00	14.45	1055.45
	589.75	0.00	14.48	1048.43
	589.76	0.00	14.52	1053.43
	589.77	0.00	14.52	1048.43
	589.78	0.00	14.54	1046.43
	589.79	0.00	14.59	1047.43
	589.81	0.00	14.61	1044.42
	589.82	0.00	14.66	1041.41
	589.83	0.00	14.60	1026.45
	589.84	0.00	14.66	1028.44
	589.85	0.00	14.66	1026.45
	589.86	0.00	14.77	1005.41
	589.88	0.00	14.82	1001.37
	589.89	0.00	14.92	996.28
	589.90	0.00	14.95	989.26
	589.91	0.00	15.02	979.20
	589.92	0.00	15.06	976.16
	589.93	0.00	15.05	949.15
	589.95	0.00	15.09	947.13
	589.96	0.00	15.13	945.12
	589.97	0.00	15.16	943.12
	589.98	0.00	15.16	941.12
	589.99	0.00	15.16	927.11
	590.00	0.00	15.19	929.10
	590.02	0.00	15.18	919.09
	590.03	0.00	15.19	914.09
	590.04	0.00	15.18	898.08
	590.05	0.00	15.13	875.06
	590.06	0.00	15.05	826.04
	590.07	0.00	14.93	772.00
	590.09	0.00	14.79	718.96
	590.10	0.00	14.69	688.93
	590.11	0.00	14.61	658.89
	590.12	0.00	14.51	633.87
	590.13	0.00	14.19	596.84
	590.14	0.00	14.15	579.83
	590.15	0.00	14.09	570.83
	590.17	0.00	14.11	572.83
	590.18	0.00	14.04	584.84
	590.19	0.00	13.86	595.96
	590.20	0.00	13.81	605.01
	590.21	0.00	13.74	603.02
	590.22	0.00	13.63	602.09
	590.23	0.00	13.62	604.10
	590.25	0.00	13.64	606.10
	590.26	0.00	13.64	604.09
	590.27	0.00	13.63	606.10
	590.28	0.00	13.63	606.10
	590.29	0.00	13.63	606.10
	590.30	0.00	13.62	606.11
	590.32	0.00	13.62	607.11
	590.33	0.00	13.62	606.11
	590.34	0.00	13.62	607.11
	590.35	0.00	13.61	607.11
	590.36	0.00	13.60	608.12
	590.37	0.00	13.60	609.12
	590.39	0.00	13.60	608.13
	590.40	0.00	13.59	609.13
	590.41	0.00	13.64	609.12
	590.42	0.00	13.59	607.12
	590.43	0.00	13.62	608.12
	590.44	0.00	13.60	610.13
	590.45	0.00	13.62	613.13
	590.47	0.00	13.62	613.13
	590.48	0.00	13.61	615.14
	590.49	0.00	13.63	614.13
	590.50	0.00	13.58	611.13
	590.51	0.00	13.61	611.12
	590.52	0.00	13.64	613.11
	590.53	0.00	13.71	611.07
	590.55	0.00	13.73	613.05
	590.56	0.00	13.76	615.05
	590.57	0.00	13.76	614.04
	590.58	0.00	13.75	612.03
	590.59	0.00	13.79	615.03
	590.60	0.00	13.78	616.03
	590.62	0.00	13.79	615.03
	590.63	0.00	13.82	620.03
	590.64	0.00	13.93	632.03
	590.65	0.00	13.99	647.03
	590.66	0.00	14.04	658.03
	590.67	0.00	14.04	658.03
	590.69	0.00	14.05	661.03
	590.70	0.00	13.71	658.22
	590.71	0.00	13.53	644.27
	590.72	0.00	13.34	649.25
	590.73	0.00	12.24	618.35
	590.74	0.00	11.76	665.47
	590.76	0.00	11.56	706.55
	590.77	0.00	11.29	768.65
	590.78	0.00	11.12	830.73
	590.79	0.00	11.12	889.77
	590.80	0.00	11.28	939.77
	590.81	0.00	11.40	981.73
	590.82	0.00	11.49	1002.68
	590.84	0.00	11.63	1025.67
	590.85	0.00	11.68	1030.67
	590.86	0.00	11.75	1031.67
	590.87	0.00	11.83	1031.67
	590.88	0.00	11.90	1050.66
	590.90	0.00	11.99	1050.66
	590.91	0.00	12.06	1047.66
	590.92	0.00	12.14	1045.66
	590.93	0.00	12.18	1023.65
	590.94	0.00	12.23	1023.65
	590.95	0.00	12.27	1041.65
	590.96	0.00	12.34	1051.65
	590.98	0.00	12.39	1057.65
	590.99	0.00	12.40	1059.65
	591.00	0.00	12.46	1064.63
	591.01	0.00	12.48	1071.65
	591.02	0.00	12.46	1061.64
	591.03	0.00	12.55	1082.64
	591.05	0.00	12.58	1088.64
	591.06	0.00	12.60	1090.64
	591.07	0.00	12.61	1096.65
	591.08	0.00	12.64	1100.63
	591.09	0.00	12.60	1092.64
	591.10	0.00	12.66	1104.64
	591.12	0.00	12.68	1106.64
	591.13	0.00	12.69	1109.63
	591.14	0.00	12.75	1115.59
	591.15	0.00	12.75	1125.63
	591.16	0.00	12.76	1133.63
	591.17	0.00	12.76	1134.63
	591.19	0.00	12.76	1141.63
	591.20	0.00	12.77	1144.63
	591.21	0.00	12.79	1152.63
	591.22	0.00	12.80	1153.63
	591.23	0.00	12.88	1173.63
	591.25	0.00	12.97	1183.63
	591.26	0.00	13.02	1189.63
	591.27	0.00	13.07	1199.63
	591.28	0.00	13.11	1202.63
	591.29	0.00	13.14	1206.62
	591.30	0.00	13.22	1208.62
	591.31	0.00	13.25	1218.61
	591.33	0.00	13.27	1220.61
	591.34	0.00	13.34	1231.61
	591.35	0.00	13.43	1234.57
	591.36	0.00	13.46	1258.60
	591.37	0.00	13.53	1273.60
	591.38	0.00	13.58	1272.60
	591.40	0.00	13.66	1261.58
	591.41	0.00	13.72	1251.58
	591.42	0.00	13.78	1255.58
	591.43	0.00	13.88	1255.57
	591.44	0.00	13.93	1264.57
	591.45	0.00	14.02	1255.56
	591.47	0.00	14.08	1262.55
	591.48	0.00	14.12	1250.54
	591.49	0.00	14.19	1242.54
	591.50	0.00	14.27	1231.54
	591.51	0.00	14.41	1218.48
	591.52	0.00	14.48	1201.46
	591.54	0.00	14.56	1195.42
	591.55	0.00	14.70	1148.39
	591.56	0.00	14.77	1153.39
	591.57	0.00	14.85	1155.35
	591.58	0.00	15.10	1149.31
	591.59	0.00	15.24	1140.19
	591.60	0.00	15.28	1128.16
	591.62	0.00	15.30	1111.14
	591.63	0.00	15.32	1089.12
	591.64	0.00	15.40	1059.07
	591.65	0.00	15.38	1042.06
	591.66	0.00	15.41	1035.05
	591.67	0.00	15.43	1017.03
	591.69	0.00	15.40	1006.02
	591.70	0.00	15.43	989.99
	591.71	0.00	15.45	966.94
	591.72	0.00	15.43	930.90
	591.73	0.00	15.36	887.89
	591.75	0.00	15.32	837.87
	591.76	0.00	15.25	776.85
	591.77	0.00	15.15	750.84
	591.78	0.00	15.11	727.84
	591.79	0.00	14.92	721.83
	591.80	0.00	14.88	710.83
	591.81	0.00	14.84	700.83
	591.83	0.00	14.63	686.84
	591.84	0.00	14.33	681.95
	591.85	0.00	14.15	670.01
	591.86	0.00	13.85	627.05
	591.87	0.00	13.74	608.04
	591.88	0.00	13.78	616.05
	591.90	0.00	13.86	620.01
	591.91	0.00	13.87	628.02
	591.92	0.00	14.05	658.03
	591.93	0.00	14.11	671.04
	591.94	0.00	14.13	678.05
	591.95	0.00	14.17	690.06
	591.97	0.00	14.21	700.07
	591.98	0.00	14.21	703.08
	591.99	0.00	14.25	709.07
	592.00	0.00	14.22	705.08
	592.01	0.00	14.22	712.09
	592.02	0.00	14.24	716.09
	592.03	0.00	14.26	722.10
	592.05	0.00	14.25	721.10
	592.06	0.00	14.31	725.09
	592.07	0.00	14.31	731.08
	592.08	0.00	14.31	734.09
	592.09	0.00	14.32	735.09
	592.10	0.00	14.35	742.09
	592.11	0.00	14.36	744.09
	592.13	0.00	14.38	748.09
	592.14	0.00	14.39	750.09
	592.15	0.00	14.37	750.09
	592.16	0.00	14.40	753.09
	592.17	0.00	14.41	754.09
	592.19	0.00	14.39	750.09
	592.20	0.00	14.40	754.09
	592.21	0.00	14.41	756.09
	592.22	0.00	14.43	757.08
	592.23	0.00	14.43	758.07
	592.24	0.00	14.45	758.07
	592.25	0.00	14.46	760.07
	592.27	0.00	14.47	760.06
	592.28	0.00	14.49	763.06
	592.29	0.00	14.49	765.06
	592.30	0.00	14.49	765.06
	592.31	0.00	14.40	769.12
	592.32	0.00	14.22	764.18
	592.34	0.00	13.84	707.22
	592.35	0.00	13.13	655.29
	592.36	0.00	12.13	683.48
	592.37	0.00	11.40	770.71
	592.38	0.00	11.20	830.83
	592.39	0.00	11.05	895.94
	592.41	0.00	11.04	936.92
	592.42	0.00	11.08	949.87
	592.43	0.00	11.32	975.81
	592.44	0.00	11.47	992.77
	592.45	0.00	11.66	1010.68
	592.46	0.00	11.76	1024.67
	592.47	0.00	11.88	1042.67
	592.49	0.00	11.97	1044.67
	592.50	0.00	12.04	1044.66
	592.51	0.00	12.08	1034.67
	592.52	0.00	12.14	1024.67
	592.53	0.00	12.20	1018.66
	592.54	0.00	12.26	1010.66
	592.56	0.00	12.30	997.65
	592.57	0.00	12.35	990.65
	592.58	0.00	12.39	982.64
	592.59	0.00	12.44	969.63
	592.60	0.00	12.48	962.62
	592.61	0.00	12.48	954.61
	592.63	0.00	12.52	953.61
	592.64	0.00	12.55	953.61
	592.65	0.00	12.64	930.61
	592.66	0.00	12.65	948.60
	592.67	0.00	12.67	941.61
	592.68	0.00	12.70	931.59
	592.70	0.00	12.74	936.58
	592.71	0.00	12.77	930.58
	592.72	0.00	12.87	906.57
	592.73	0.00	12.92	903.57
	592.74	0.00	13.00	901.56
	592.75	0.00	13.06	900.55
	592.76	0.00	13.09	897.55
	592.78	0.00	13.18	917.54
	592.79	0.00	13.21	911.54
	592.80	0.00	13.26	913.53
	592.81	0.00	13.28	912.54
	592.82	0.00	13.30	914.53
	592.83	0.00	13.33	916.52
	592.84	0.00	13.36	922.52
	592.86	0.00	13.38	925.52
	592.87	0.00	13.42	931.52
	592.88	0.00	13.42	932.53
	592.89	0.00	13.45	939.53
	592.90	0.00	13.45	945.53
	592.91	0.00	13.46	947.53
	592.93	0.00	13.46	951.53
	592.94	0.00	13.47	954.53
	592.95	0.00	13.46	961.54
	592.96	0.00	13.42	966.55
	592.97	0.00	13.43	975.54
	592.98	0.00	13.34	981.55
	593.00	0.00	13.31	990.56
	593.01	0.00	13.27	995.56
	593.02	0.00	13.19	1018.57
	593.03	0.00	13.19	1020.58
	593.04	0.00	13.22	1028.57
	593.05	0.00	13.19	1027.57
	593.07	0.00	13.23	1034.58
	593.08	0.00	13.24	1040.58
	593.09	0.00	13.27	1041.58
	593.10	0.00	13.32	1044.56
	593.11	0.00	13.42	1062.54
	593.12	0.00	13.47	1058.57
	593.14	0.00	13.53	1055.57
	593.15	0.00	13.64	1033.56
	593.16	0.00	13.65	1048.56
	593.17	0.00	13.96	1047.55
	593.18	0.00	14.01	1044.55
	593.19	0.00	14.10	1036.54
	593.21	0.00	14.11	1027.53
	593.22	0.00	13.99	1005.52
	593.23	0.00	14.26	1019.50
	593.24	0.00	14.32	1010.49
	593.25	0.00	14.38	1004.44
	593.26	0.00	14.38	997.46
	593.27	0.00	14.44	996.45
	593.29	0.00	14.44	984.44
	593.30	0.00	14.43	983.43
	593.31	0.00	14.45	979.43
	593.32	0.00	14.47	953.42
	593.33	0.00	14.52	954.40
	593.34	0.00	14.67	940.37
	593.35	0.00	14.75	927.32
	593.37	0.00	14.92	925.19
	593.38	0.00	14.98	917.15
	593.39	0.00	15.02	916.14
	593.40	0.00	15.02	900.11
	593.41	0.00	15.01	884.08
	593.42	0.00	15.00	864.05
	593.44	0.00	14.94	817.04
	593.45	0.00	14.84	754.99
	593.46	0.00	14.72	719.94
	593.47	0.00	14.73	691.88
	593.48	0.00	14.39	662.88
	593.50	0.00	14.34	652.88
	593.51	0.00	14.25	650.92
	593.52	0.00	14.12	652.99
	593.53	0.00	14.01	645.05
	593.54	0.00	13.94	640.06
	593.55	0.00	13.85	629.08
	593.56	0.00	13.72	605.07
	593.58	0.00	13.72	603.06
	593.59	0.00	13.75	612.08
	593.60	0.00	13.75	616.08
	593.61	0.00	13.76	615.07
	593.62	0.00	13.75	616.08
	593.63	0.00	13.76	619.09
	593.64	0.00	13.76	620.08
	593.66	0.00	13.76	623.09
	593.67	0.00	13.75	624.10
	593.68	0.00	13.77	624.10
	593.69	0.00	13.77	627.09
	593.70	0.00	13.78	629.09
	593.71	0.00	13.78	630.09
	593.72	0.00	13.77	631.10
	593.74	0.00	13.77	630.10
	593.75	0.00	13.81	635.09
	593.76	0.00	13.80	638.11
	593.77	0.00	13.79	636.11
	593.78	0.00	13.81	643.11
	593.79	0.00	13.83	646.11
	593.81	0.00	13.83	646.11
	593.82	0.00	13.83	647.11
	593.83	0.00	13.85	650.11
	593.84	0.00	13.87	654.11
	593.85	0.00	13.89	654.11
	593.86	0.00	13.87	655.11
	593.88	0.00	13.87	655.11
	593.89	0.00	13.88	656.11
	593.90	0.00	13.90	658.10
	593.91	0.00	13.90	659.11
	593.92	0.00	13.89	658.11
	593.93	0.00	13.91	660.10
	593.94	0.00	13.89	652.09
	593.96	0.00	13.90	651.08
	593.97	0.00	13.88	645.08
	593.98	0.00	13.87	642.08
	593.99	0.00	13.89	641.07
	594.00	0.00	13.91	643.07
	594.01	0.00	13.93	647.07
	594.03	0.00	13.83	648.12
	594.04	0.00	13.70	655.19
	594.05	0.00	13.55	653.23
	594.06	0.00	13.12	653.37
	594.07	0.00	12.61	692.49
	594.08	0.00	12.32	751.61
	594.09	0.00	12.44	819.65
	594.11	0.00	12.53	855.65
	594.12	0.00	12.53	860.63
	594.13	0.00	12.76	916.60
	594.14	0.00	12.87	966.61
	594.15	0.00	12.70	964.63
	594.16	0.00	12.71	1021.64
	594.18	0.00	12.69	1039.63
	594.19	0.00	12.64	1052.65
	594.20	0.00	12.73	1086.65
	594.21	0.00	12.76	1105.65
	594.22	0.00	12.79	1156.65
	594.23	0.00	12.81	1141.65
	594.25	0.00	12.88	1169.63
	594.26	0.00	12.91	1171.64
	594.27	0.00	12.97	1161.63
	594.28	0.00	13.02	1164.62
	594.29	0.00	13.00	1153.61
	594.30	0.00	12.91	1140.60
	594.32	0.00	12.89	1135.59
	594.33	0.00	12.93	1137.58
	594.34	0.00	12.95	1139.57
	594.35	0.00	12.94	1147.57
	594.36	0.00	12.95	1156.57
	594.37	0.00	12.95	1166.57
	594.39	0.00	12.96	1180.58
	594.40	0.00	12.97	1197.57
	594.41	0.00	12.96	1209.57
	594.42	0.00	12.95	1214.57
	594.43	0.00	12.96	1229.58
	594.44	0.00	12.98	1241.58
	594.46	0.00	12.98	1247.58
	594.47	0.00	13.00	1256.58
	594.48	0.00	13.02	1264.58
	594.49	0.00	13.05	1269.58
	594.50	0.00	13.08	1276.58
	594.51	0.00	13.12	1276.58
	594.53	0.00	13.15	1274.59
	594.54	0.00	13.21	1276.58
	594.55	0.00	13.24	1272.57
	594.56	0.00	13.28	1272.57
	594.57	0.00	13.33	1282.57
	594.58	0.00	13.37	1286.57
	594.59	0.00	13.42	1289.57
	594.61	0.00	13.44	1293.57
	594.62	0.00	13.54	1311.57
	594.63	0.00	13.58	1309.57
	594.64	0.00	13.61	1317.57
	594.65	0.00	13.64	1313.57
	594.66	0.00	13.65	1311.57
	594.68	0.00	13.67	1312.57
	594.69	0.00	13.67	1307.57
	594.70	0.00	13.70	1309.57
	594.71	0.00	13.71	1307.57
	594.72	0.00	13.74	1307.57
	594.73	0.00	13.75	1301.57
	594.75	0.00	13.75	1293.57
	594.76	0.00	13.79	1291.57
	594.77	0.00	13.83	1308.57
	594.78	0.00	13.84	1297.57
	594.79	0.00	13.82	1294.57
	594.80	0.00	13.82	1280.60
	594.82	0.00	13.85	1304.58
	594.83	0.00	13.84	1299.58
	594.84	0.00	13.82	1297.59
	594.85	0.00	13.81	1282.59
	594.86	0.00	13.81	1276.59
	594.88	0.00	13.79	1259.59
	594.89	0.00	13.77	1259.60
	594.90	0.00	13.75	1245.60
	594.91	0.00	13.74	1238.60
	594.92	0.00	13.71	1230.61
	594.93	0.00	13.67	1202.61
	594.95	0.00	13.66	1174.61
	594.96	0.00	13.64	1171.64
	594.97	0.00	13.65	1171.64
	594.98	0.00	13.61	1164.67
	594.99	0.00	13.60	1161.67
	595.00	0.00	13.61	1161.67
	595.02	0.00	13.64	1158.66
	595.03	0.00	13.69	1155.65
	595.04	0.00	13.74	1149.61
	595.05	0.00	13.83	1110.60
	595.06	0.00	13.99	1104.59
	595.07	0.00	14.08	1097.59
	595.09	0.00	14.22	1081.57
	595.10	0.00	14.31	1072.55
	595.11	0.00	14.45	1063.53
	595.12	0.00	14.62	1033.47
	595.13	0.00	14.77	1026.39
	595.14	0.00	14.96	1020.23
	595.15	0.00	15.01	1009.17
	595.17	0.00	15.08	1000.11
	595.18	0.00	15.10	980.06
	595.19	0.00	15.08	952.03
	595.20	0.00	15.04	908.96
	595.21	0.00	14.92	840.92
	595.22	0.00	14.80	806.91
	595.24	0.00	14.71	769.91
	595.25	0.00	14.64	761.92
	595.26	0.00	14.58	754.95
	595.27	0.00	14.45	744.02
	595.28	0.00	14.34	732.05
	595.29	0.00	14.16	702.07
	595.30	0.00	13.99	686.13
	595.32	0.00	14.32	756.15
	595.33	0.00	14.37	770.16
	595.34	0.00	14.37	771.16
	595.35	0.00	14.36	768.16
	595.36	0.00	14.35	765.16
	595.38	0.00	14.33	761.16
	595.39	0.00	14.34	762.16
	595.40	0.00	14.32	761.17
	595.41	0.00	14.33	763.17
	595.42	0.00	14.34	766.17
	595.43	0.00	14.37	771.17
	595.44	0.00	14.35	774.18
	595.46	0.00	14.37	776.17
	595.47	0.00	14.35	778.18
	595.48	0.00	14.35	781.19
	595.49	0.00	14.35	784.20
	595.50	0.00	14.36	787.20
	595.51	0.00	14.36	788.21
	595.53	0.00	14.36	790.21
	595.54	0.00	14.40	790.18
	595.55	0.00	14.37	791.21
	595.56	0.00	14.38	795.21
	595.57	0.00	14.36	790.21
	595.58	0.00	14.36	790.21
	595.59	0.00	14.37	793.21
	595.61	0.00	14.37	792.21
	595.62	0.00	14.41	798.20
	595.63	0.00	14.41	801.21
	595.64	0.00	14.42	805.21
	595.65	0.00	14.45	805.19
	595.66	0.00	14.45	803.18
	595.68	0.00	14.48	801.15
	595.69	0.00	14.53	806.13
	595.70	0.00	14.57	809.11
	595.71	0.00	14.59	811.10
	595.72	0.00	14.46	812.21
	595.73	0.00	14.34	812.27
	595.75	0.00	14.24	802.28
	595.76	0.00	13.89	762.33
	595.77	0.00	13.33	742.42
	595.78	0.00	12.37	786.60
	595.79	0.00	11.78	832.73
	595.80	0.00	11.79	876.76
	595.82	0.00	11.79	901.77
	595.83	0.00	11.84	910.75
	595.84	0.00	11.91	914.73
	595.85	0.00	12.10	945.70
	595.86	0.00	12.16	983.69
	595.87	0.00	12.25	1001.70
	595.89	0.00	12.36	1022.69
	595.90	0.00	12.39	1027.69
	595.91	0.00	12.47	1055.69
	595.92	0.00	12.56	1068.68
	595.93	0.00	12.64	1075.68
	595.94	0.00	12.69	1076.69
	595.96	0.00	12.74	1079.68
	595.97	0.00	12.82	1083.67
	595.98	0.00	12.85	1081.67
	595.99	0.00	12.89	1080.67
	596.00	0.00	12.93	1076.67
	596.01	0.00	12.97	1075.68
	596.03	0.00	13.00	1073.67
	596.04	0.00	13.00	1079.67
	596.05	0.00	13.05	1083.67
	596.06	0.00	13.07	1088.67
	596.07	0.00	13.10	1113.67
	596.08	0.00	13.12	1119.67
	596.10	0.00	13.14	1123.67
	596.11	0.00	13.18	1131.67
	596.12	0.00	13.20	1131.66
	596.13	0.00	13.23	1132.66
	596.14	0.00	13.26	1134.66
	596.15	0.00	13.29	1137.65
	596.16	0.00	13.29	1138.67
	596.18	0.00	13.36	1141.66
	596.19	0.00	13.38	1120.66
	596.20	0.00	13.42	1122.66
	596.21	0.00	13.46	1123.66
	596.22	0.00	13.48	1119.66
	596.23	0.00	13.51	1123.66
	596.25	0.00	13.54	1122.65
	596.26	0.00	13.57	1119.65
	596.27	0.00	13.58	1118.65
	596.28	0.00	13.61	1119.65
	596.29	0.00	13.63	1121.65
	596.30	0.00	13.68	1141.65
	596.32	0.00	13.71	1146.65
	596.33	0.00	13.73	1149.65
	596.34	0.00	13.76	1153.64
	596.35	0.00	13.80	1157.64
	596.36	0.00	13.82	1162.64
	596.38	0.00	13.84	1187.64
	596.39	0.00	13.87	1195.64
	596.40	0.00	13.88	1195.64
	596.41	0.00	13.90	1182.64
	596.42	0.00	13.91	1208.64
	596.43	0.00	13.92	1208.64
	596.45	0.00	13.94	1213.64
	596.46	0.00	13.96	1217.64
	596.47	0.00	13.99	1219.63
	596.48	0.00	14.02	1221.62
	596.49	0.00	14.07	1203.61
	596.50	0.00	14.13	1203.61
	596.52	0.00	14.11	1225.61
	596.53	0.00	14.35	1240.56
	596.54	0.00	14.36	1241.60
	596.55	0.00	14.45	1216.59
	596.56	0.00	14.45	1234.58
	596.57	0.00	14.57	1210.57
	596.59	0.00	14.58	1213.57
	596.60	0.00	14.61	1210.57
	596.61	0.00	14.64	1203.56
	596.62	0.00	14.69	1200.54
	596.63	0.00	14.73	1168.53
	596.64	0.00	14.78	1166.52
	596.66	0.00	14.80	1162.51
	596.67	0.00	14.82	1160.50
	596.68	0.00	14.85	1152.47
	596.69	0.00	14.87	1153.48
	596.70	0.00	14.89	1153.46
	596.71	0.00	14.91	1153.46
	596.72	0.00	14.92	1145.45
	596.74	0.00	14.93	1142.45
	596.75	0.00	14.94	1141.44
	596.76	0.00	14.97	1117.44
	596.77	0.00	14.98	1112.43
	596.78	0.00	15.00	1107.43
	596.79	0.00	15.05	1102.40
	596.81	0.00	15.15	1095.33
	596.82	0.00	15.31	1066.17
	596.83	0.00	15.38	1060.12
	596.84	0.00	15.42	1053.11
	596.85	0.00	15.42	1045.10
	596.86	0.00	15.42	1035.09
	596.88	0.00	15.45	1026.05
	596.89	0.00	15.46	1017.03
	596.90	0.00	15.42	998.02
	596.91	0.00	15.39	981.00
	596.92	0.00	15.33	954.99
	596.93	0.00	15.25	931.98
	596.95	0.00	15.16	900.97
	596.96	0.00	14.87	848.95
	596.97	0.00	14.80	815.95
	596.98	0.00	14.77	806.95
	596.99	0.00	14.74	796.94
	597.00	0.00	14.67	787.98
	597.02	0.00	14.55	772.01
	597.03	0.00	14.52	766.03
	597.04	0.00	14.38	743.05
	597.05	0.00	14.26	722.06
	597.06	0.00	14.20	710.06
	597.07	0.00	14.04	695.10
	597.09	0.00	13.82	659.16
	597.10	0.00	13.77	627.07
	597.11	0.00	13.90	647.06
	597.12	0.00	14.01	675.07
	597.13	0.00	14.12	699.09
	597.14	0.00	14.08	695.10
	597.15	0.00	14.08	700.11
	597.17	0.00	14.09	705.12
	597.18	0.00	14.18	719.11
	597.19	0.00	14.29	742.12
	597.20	0.00	14.30	745.12
	597.21	0.00	14.31	747.12
	597.22	0.00	14.31	747.12
	597.23	0.00	14.28	742.13
	597.25	0.00	14.31	747.12
	597.26	0.00	14.30	747.13
	597.27	0.00	14.29	752.13
	597.28	0.00	14.32	752.13
	597.29	0.00	14.34	760.13
	597.30	0.00	14.36	764.14
	597.32	0.00	14.38	770.14
	597.33	0.00	14.40	774.14
	597.34	0.00	14.41	773.15
	597.35	0.00	14.39	774.14
	597.36	0.00	14.40	773.14
	597.37	0.00	14.40	772.14
	597.39	0.00	14.41	778.14
	597.40	0.00	14.41	778.14
	597.41	0.00	14.43	778.14
	597.42	0.00	14.47	779.12
	597.43	0.00	14.49	783.11
	597.44	0.00	14.48	786.11
	597.46	0.00	14.53	788.09
	597.47	0.00	14.54	792.09
	597.48	0.00	14.52	793.11
	597.49	0.00	14.55	793.08
	597.50	0.00	14.43	797.17
	597.51	0.00	14.30	791.21
	597.53	0.00	14.13	770.25
	597.54	0.00	13.55	680.28
	597.55	0.00	13.07	682.35
	597.56	0.00	12.61	702.44
	597.57	0.00	12.61	755.48
	597.58	0.00	12.20	730.51
	597.59	0.00	12.49	800.56
	597.61	0.00	12.64	846.56
	597.62	0.00	12.74	892.53
	597.63	0.00	12.89	962.55
	597.64	0.00	12.99	1030.57
	597.65	0.00	13.08	1078.59
	597.66	0.00	13.04	1125.60
	597.68	0.00	13.06	1144.60
	597.69	0.00	13.06	1159.61
	597.70	0.00	13.08	1167.61
	597.71	0.00	13.08	1168.61
	597.72	0.00	13.09	1169.60
	597.73	0.00	13.09	1167.61
	597.75	0.00	13.10	1167.61
	597.76	0.00	13.09	1166.62
	597.77	0.00	13.10	1165.62
	597.78	0.00	13.12	1166.61
	597.79	0.00	13.11	1165.60
	597.80	0.00	13.10	1165.61
	597.82	0.00	13.10	1164.61
	597.83	0.00	13.11	1164.61
	597.84	0.00	13.11	1168.61
	597.85	0.00	13.10	1172.61
	597.86	0.00	13.10	1171.62
	597.88	0.00	13.10	1175.61
	597.89	0.00	13.13	1182.62
	597.90	0.00	13.13	1182.62
	597.91	0.00	13.16	1188.62
	597.92	0.00	13.17	1190.62
	597.93	0.00	13.17	1190.63
	597.95	0.00	13.16	1208.62
	597.96	0.00	13.23	1221.63
	597.97	0.00	13.23	1218.62
	597.98	0.00	13.26	1200.62
	597.99	0.00	13.24	1212.63
	598.00	0.00	13.25	1215.64
	598.02	0.00	13.27	1196.64
	598.03	0.00	13.27	1198.65
	598.04	0.00	13.32	1175.65
	598.05	0.00	13.28	1162.65
	598.06	0.00	13.31	1214.65
	598.07	0.00	13.31	1212.67
	598.09	0.00	13.36	1213.64
	598.10	0.00	13.42	1193.64
	598.11	0.00	13.46	1191.63
	598.12	0.00	13.45	1215.63
	598.13	0.00	13.46	1212.63
	598.15	0.00	13.53	1191.62
	598.16	0.00	13.54	1186.61
	598.17	0.00	13.57	1183.61
	598.18	0.00	13.57	1204.61
	598.19	0.00	13.63	1181.61
	598.20	0.00	13.64	1179.61
	598.21	0.00	13.68	1182.61
	598.23	0.00	13.67	1198.60
	598.24	0.00	13.70	1197.60
	598.25	0.00	13.77	1203.60
	598.26	0.00	13.86	1185.59
	598.27	0.00	13.85	1210.59
	598.28	0.00	13.97	1197.58
	598.30	0.00	14.03	1206.58
	598.31	0.00	14.06	1257.57
	598.32	0.00	14.11	1263.57
	598.33	0.00	14.21	1249.57
	598.34	0.00	14.29	1249.56
	598.35	0.00	14.34	1247.56
	598.37	0.00	14.47	1240.55
	598.38	0.00	14.53	1234.54
	598.39	0.00	14.63	1231.52
	598.40	0.00	14.73	1222.51
	598.41	0.00	14.79	1217.50
	598.42	0.00	14.84	1216.49
	598.44	0.00	14.88	1214.49
	598.45	0.00	14.93	1217.47
	598.46	0.00	14.96	1207.46
	598.47	0.00	15.02	1212.44
	598.48	0.00	15.05	1218.43
	598.49	0.00	15.07	1222.43
	598.51	0.00	15.13	1221.41
	598.52	0.00	15.22	1217.34
	598.53	0.00	15.26	1190.36
	598.54	0.00	15.26	1184.36
	598.55	0.00	15.60	1180.16
	598.56	0.00	15.66	1176.13
	598.58	0.00	15.68	1168.11
	598.59	0.00	15.68	1161.10
	598.60	0.00	15.68	1147.08
	598.61	0.00	15.70	1128.04
	598.62	0.00	15.67	1099.01
	598.63	0.00	15.71	1077.96
	598.65	0.00	15.69	1059.93
	598.66	0.00	15.48	1004.90
	598.67	0.00	15.39	923.87
	598.68	0.00	15.38	891.85
	598.69	0.00	15.29	847.85
	598.70	0.00	15.31	847.84
	598.72	0.00	15.26	831.84
	598.73	0.00	15.20	821.84
	598.74	0.00	15.09	823.85
	598.75	0.00	14.90	806.92
	598.76	0.00	14.67	781.02
	598.77	0.00	14.51	757.05
	598.78	0.00	14.21	714.12
	598.80	0.00	14.03	687.14
	598.81	0.00	14.26	721.11
	598.82	0.00	14.38	728.04
	598.83	0.00	14.39	735.06
	598.84	0.00	14.37	739.08
	598.85	0.00	14.36	741.09
	598.87	0.00	14.35	743.11
	598.88	0.00	14.36	748.12
	598.89	0.00	14.32	746.14
	598.90	0.00	14.32	750.15
	598.91	0.00	14.30	746.15
	598.92	0.00	14.29	745.16
	598.94	0.00	14.30	747.16
	598.95	0.00	14.31	750.16
	598.96	0.00	14.32	749.15
	598.97	0.00	14.33	750.14
	598.98	0.00	14.29	750.17
	598.99	0.00	14.34	758.16
	599.01	0.00	14.38	765.16
	599.02	0.00	14.39	768.16
	599.03	0.00	14.41	770.15
	599.04	0.00	14.41	773.15
	599.05	0.00	14.41	773.15
	599.06	0.00	14.42	773.14
	599.07	0.00	14.45	774.13
	599.09	0.00	14.49	772.12
	599.10	0.00	14.49	777.11
	599.11	0.00	14.52	779.10
	599.12	0.00	14.53	783.09
	599.13	0.00	14.56	784.08
	599.14	0.00	14.56	781.07
	599.16	0.00	14.55	781.07
	599.17	0.00	14.56	784.07
	599.18	0.00	14.25	777.27
	599.19	0.00	14.18	770.26
	599.20	0.00	14.00	732.24
	599.21	0.00	13.42	669.26
	599.22	0.00	12.58	639.34
	599.24	0.00	12.18	683.44
	599.25	0.00	12.01	729.52
	599.26	0.00	11.82	766.57
	599.27	0.00	11.85	803.60
	599.28	0.00	11.89	832.60
	599.29	0.00	11.94	854.60
	599.31	0.00	12.19	908.58
	599.32	0.00	12.32	976.60
	599.33	0.00	12.42	1001.59
	599.34	0.00	12.47	1023.60
	599.35	0.00	12.49	1031.59
	599.36	0.00	12.51	1040.60
	599.38	0.00	12.54	1050.60
	599.39	0.00	12.56	1054.60
	599.40	0.00	12.56	1054.60
	599.41	0.00	12.59	1058.59
	599.42	0.00	12.59	1056.60
	599.44	0.00	12.62	1052.59
	599.45	0.00	12.63	1050.59
	599.46	0.00	12.64	1051.59
	599.47	0.00	12.64	1050.59
	599.48	0.00	12.64	1050.59
	599.49	0.00	12.67	1057.58
	599.50	0.00	12.68	1077.58
	599.52	0.00	12.69	1082.59
	599.53	0.00	12.72	1087.59
	599.54	0.00	12.75	1073.60
	599.55	0.00	12.78	1079.59
	599.56	0.00	12.79	1077.59
	599.58	0.00	12.83	1084.59
	599.59	0.00	12.85	1087.59
	599.60	0.00	12.88	1111.59
	599.61	0.00	12.90	1111.60
	599.62	0.00	12.96	1109.59
	599.63	0.00	13.02	1108.59
	599.65	0.00	13.01	1109.59
	599.66	0.00	13.01	1104.59
	599.67	0.00	13.08	1108.59
	599.68	0.00	13.08	1106.59
	599.69	0.00	13.12	1099.59
	599.70	0.00	13.19	1098.58
	599.72	0.00	13.27	1075.58
	599.73	0.00	13.31	1074.58
	599.74	0.00	13.33	1075.58
	599.75	0.00	13.36	1076.58
	599.76	0.00	13.37	1078.58
	599.77	0.00	13.39	1078.57
	599.78	0.00	13.42	1080.57
	599.80	0.00	13.44	1084.57
	599.81	0.00	13.45	1082.57
	599.82	0.00	13.52	1081.51
	599.83	0.00	13.48	1078.58
	599.84	0.00	13.49	1078.57
	599.86	0.00	13.52	1081.57
	599.87	0.00	13.55	1080.56
	599.88	0.00	13.57	1080.56
	599.89	0.00	13.60	1080.56
	599.90	0.00	13.63	1081.56
	599.91	0.00	13.66	1082.55
	599.92	0.00	13.68	1083.55
	599.94	0.00	13.70	1082.55
	599.95	0.00	13.72	1082.55
	599.96	0.00	13.76	1085.54
	599.97	0.00	13.80	1083.54
	599.98	0.00	13.85	1087.54
	600.00	0.00	13.83	1087.54
	600.01	0.00	13.87	1088.53
	600.02	0.00	13.90	1093.53
	600.03	0.00	13.96	1117.53
	600.04	0.00	13.97	1122.54
	600.05	0.00	13.99	1125.53
	600.07	0.00	14.02	1132.53
	600.08	0.00	14.03	1132.53
	600.09	0.00	14.05	1135.52
	600.10	0.00	14.07	1138.53
	600.11	0.00	14.08	1135.52
	600.12	0.00	14.09	1133.52
	600.14	0.00	14.07	1126.52
	600.15	0.00	14.09	1128.52
	600.16	0.00	14.13	1128.52
	600.17	0.00	14.20	1119.51
	600.18	0.00	14.30	1117.50
	600.19	0.00	14.40	1112.49
	600.21	0.00	14.49	1103.47
	600.22	0.00	14.56	1100.46
	600.23	0.00	14.66	1087.43
	600.24	0.00	14.72	1056.38
	600.25	0.00	14.84	1018.33
	600.26	0.00	14.96	1006.24
	600.28	0.00	15.05	998.14
	600.29	0.00	15.07	989.13
	600.30	0.00	15.10	986.10
	600.31	0.00	15.11	971.08
	600.32	0.00	15.32	974.04
	600.33	0.00	15.32	956.01
	600.34	0.00	15.35	933.93
	600.36	0.00	15.07	870.91
	600.37	0.00	14.99	804.88
	600.38	0.00	15.02	798.86
	600.39	0.00	15.01	784.85
	600.40	0.00	14.97	783.86
	600.41	0.00	14.93	784.87
	600.43	0.00	14.67	763.97
	600.44	0.00	14.46	743.04
	600.45	0.00	14.26	715.08
	600.46	0.00	13.89	656.12
	600.47	0.00	14.18	705.11
	600.48	0.00	14.24	723.12
	600.50	0.00	14.27	727.11
	600.51	0.00	14.25	721.12
	600.52	0.00	14.25	722.12
	600.53	0.00	14.25	720.10
	600.54	0.00	14.20	713.12
	600.55	0.00	14.26	723.12
	600.57	0.00	14.27	731.13
	600.58	0.00	14.26	731.14
	600.59	0.00	14.25	733.15
	600.60	0.00	14.28	738.15
	600.61	0.00	14.29	739.14
	600.62	0.00	14.31	743.14
	600.64	0.00	14.33	746.14
	600.65	0.00	14.34	753.14
	600.66	0.00	14.34	752.14
	600.67	0.00	14.38	757.14
	600.68	0.00	14.39	763.14
	600.69	0.00	14.39	763.14
	600.71	0.00	14.41	772.14
	600.72	0.00	14.41	767.14
	600.73	0.00	14.37	766.15
	600.74	0.00	14.39	769.16
	600.75	0.00	14.42	776.16
	600.76	0.00	14.43	785.17
	600.77	0.00	14.48	791.16
	600.78	0.00	14.51	797.16
	600.80	0.00	14.52	795.16
	600.81	0.00	14.55	797.12
	600.82	0.00	14.55	795.12
	600.83	0.00	14.57	796.12
	600.84	0.00	14.58	798.11
	600.85	0.00	14.62	804.11
	600.87	0.00	14.58	798.12
	600.88	0.00	14.52	801.17
	600.89	0.00	14.47	802.19
	600.90	0.00	14.38	795.21
	600.91	0.00	14.24	779.24
	600.92	0.00	13.75	719.31
	600.94	0.00	12.99	696.40
	600.95	0.00	12.20	671.46
	600.96	0.00	11.82	697.55
	600.97	0.00	11.93	760.59
	600.98	0.00	11.93	794.62
	600.99	0.00	11.86	806.63
	601.01	0.00	11.97	844.61
	601.02	0.00	11.95	859.63
	601.03	0.00	12.08	895.62
	601.04	0.00	12.14	945.62
	601.05	0.00	12.22	960.61
	601.06	0.00	12.22	973.62
	601.08	0.00	12.25	986.63
	601.09	0.00	12.29	1000.62
	601.10	0.00	12.32	1006.63
	601.11	0.00	12.34	1006.62
	601.12	0.00	12.37	1007.61
	601.13	0.00	12.38	1007.61
	601.15	0.00	12.41	1010.61
	601.16	0.00	12.42	1010.61
	601.17	0.00	12.44	1009.60
	601.18	0.00	12.46	1011.60
	601.19	0.00	12.46	1010.60
	601.20	0.00	12.48	1030.59
	601.21	0.00	12.46	1011.59
	601.23	0.00	12.48	1031.59
	601.24	0.00	12.49	1037.59
	601.25	0.00	12.49	1042.59
	601.26	0.00	12.51	1047.59
	601.27	0.00	12.53	1054.59
	601.28	0.00	12.55	1061.59
	601.30	0.00	12.58	1067.59
	601.31	0.00	12.65	1076.60
	601.32	0.00	12.75	1087.59
	601.33	0.00	12.78	1095.59
	601.34	0.00	12.85	1099.58
	601.35	0.00	12.90	1106.58
	601.37	0.00	12.95	1133.59
	601.38	0.00	13.01	1142.59
	601.39	0.00	13.07	1146.58
	601.40	0.00	13.10	1145.58
	601.41	0.00	13.15	1147.58
	601.42	0.00	13.19	1151.57
	601.44	0.00	13.26	1155.55
	601.45	0.00	13.28	1158.56
	601.46	0.00	13.31	1158.56
	601.47	0.00	13.37	1170.56
	601.48	0.00	13.39	1174.56
	601.50	0.00	13.41	1183.56
	601.51	0.00	13.48	1203.56
	601.52	0.00	13.50	1204.56
	601.53	0.00	13.56	1218.55
	601.54	0.00	13.61	1219.55
	601.55	0.00	13.63	1222.55
	601.57	0.00	13.65	1223.55
	601.58	0.00	13.68	1231.55
	601.59	0.00	13.70	1236.55
	601.60	0.00	13.73	1239.55
	601.61	0.00	13.74	1243.55
	601.62	0.00	13.76	1236.54
	601.64	0.00	13.81	1244.54
	601.65	0.00	13.83	1249.55
	601.66	0.00	13.89	1256.54
	601.67	0.00	13.93	1252.54
	601.68	0.00	13.96	1248.54
	601.69	0.00	14.00	1245.53
	601.71	0.00	14.04	1246.52
	601.72	0.00	14.07	1251.53
	601.73	0.00	14.11	1247.51
	601.74	0.00	14.15	1246.51
	601.75	0.00	14.19	1243.50
	601.76	0.00	14.23	1238.50
	601.78	0.00	14.29	1241.49
	601.79	0.00	14.33	1235.49
	601.80	0.00	14.38	1231.49
	601.81	0.00	14.41	1230.48
	601.82	0.00	14.45	1229.47
	601.83	0.00	14.49	1219.47
	601.84	0.00	14.55	1193.47
	601.86	0.00	14.63	1196.46
	601.87	0.00	14.62	1188.47
	601.88	0.00	14.67	1186.45
	601.89	0.00	14.83	1198.44
	601.90	0.00	14.90	1201.41
	601.91	0.00	14.93	1200.40
	601.93	0.00	14.96	1201.38
	601.94	0.00	15.00	1182.38
	601.95	0.00	15.00	1179.40
	601.96	0.00	15.06	1178.36
	601.97	0.00	15.03	1177.40
	601.98	0.00	15.15	1156.33
	602.00	0.00	15.12	1146.36
	602.01	0.00	15.28	1143.22
	602.02	0.00	15.34	1132.15
	602.03	0.00	15.34	1099.13
	602.04	0.00	15.38	1085.10
	602.05	0.00	15.43	1085.07
	602.07	0.00	15.46	1064.05
	602.08	0.00	15.48	1054.02
	602.09	0.00	15.48	1029.00
	602.10	0.00	15.49	1022.98
	602.11	0.00	15.48	999.96
	602.13	0.00	15.45	973.94
	602.14	0.00	15.44	952.92
	602.15	0.00	15.38	912.88
	602.16	0.00	15.33	890.87
	602.17	0.00	15.32	873.86
	602.18	0.00	15.28	854.85
	602.19	0.00	15.27	840.84
	602.21	0.00	15.00	794.84
	602.22	0.00	14.95	789.84
	602.23	0.00	14.87	786.86
	602.24	0.00	14.77	772.86
	602.25	0.00	14.59	764.94
	602.26	0.00	14.44	750.99
	602.27	0.00	14.32	732.03
	602.29	0.00	14.15	716.09
	602.30	0.00	13.95	681.12
	602.31	0.00	13.56	607.15
	602.32	0.00	13.95	673.13
	602.33	0.00	14.11	703.13
	602.34	0.00	14.17	716.14
	602.36	0.00	14.14	719.17
	602.37	0.00	14.15	722.18
	602.38	0.00	14.07	722.24
	602.39	0.00	14.07	727.25
	602.40	0.00	14.10	734.25
	602.41	0.00	14.10	734.25
	602.42	0.00	14.13	737.24
	602.44	0.00	14.12	740.26
	602.45	0.00	14.12	742.26
	602.46	0.00	14.26	751.19
	602.47	0.00	14.33	755.15
	602.48	0.00	14.32	754.15
	602.49	0.00	14.28	759.20
	602.51	0.00	14.26	764.23
	602.52	0.00	14.32	769.21
	602.53	0.00	14.29	777.25
	602.54	0.00	14.35	784.23
	602.55	0.00	14.34	786.26
	602.57	0.00	14.33	792.27
	602.58	0.00	14.57	826.13
	602.59	0.00	14.40	783.07
	602.60	0.00	14.64	912.19
	602.61	0.00	14.42	970.40
	602.62	0.00	14.40	1032.46
	602.64	0.00	14.44	1065.45
	602.65	0.00	14.58	1079.43
	602.66	0.00	14.66	1085.41
	602.67	0.00	14.72	1093.39
	602.68	0.00	14.76	1099.38
	602.69	0.00	14.77	1106.38
	602.70	0.00	14.80	1109.37
	602.72	0.00	14.80	1131.36
	602.73	0.00	14.80	1132.36
	602.74	0.00	14.80	1132.36
	602.75	0.00	14.79	1133.36
	602.76	0.00	14.79	1129.36
	602.77	0.00	14.78	1128.36
	602.79	0.00	14.78	1131.36
	602.80	0.00	14.79	1130.36
	602.81	0.00	14.78	1136.36
	602.82	0.00	14.78	1138.36
	602.83	0.00	14.78	1144.36
	602.84	0.00	14.78	1146.36
	602.86	0.00	14.78	1151.36
	602.87	0.00	14.79	1156.36
	602.88	0.00	14.80	1157.36
	602.89	0.00	14.82	1159.36
	602.90	0.00	14.80	1185.36
	602.91	0.00	14.81	1184.36
	602.93	0.00	14.83	1189.36
	602.94	0.00	14.85	1210.36
	602.95	0.00	14.86	1183.35
	602.96	0.00	14.94	1163.34
	602.97	0.00	14.96	1157.33
	602.98	0.00	15.01	1134.33
	603.00	0.00	15.02	1129.32
	603.01	0.00	15.01	1124.32
	603.02	0.00	15.04	1124.31
	603.03	0.00	15.05	1120.30
	603.04	0.00	15.06	1119.30
	603.05	0.00	15.06	1117.30
	603.07	0.00	15.06	1121.30
	603.08	0.00	15.05	1121.30
	603.09	0.00	15.05	1121.30
	603.10	0.00	15.04	1122.31
	603.11	0.00	15.04	1127.31
	603.12	0.00	15.04	1129.31
	603.14	0.00	15.04	1131.32
	603.15	0.00	15.03	1129.32
	603.16	0.00	15.02	1129.32
	603.17	0.00	15.06	1127.28
	603.18	0.00	15.02	1127.32
	603.19	0.00	15.00	1123.33
	603.21	0.00	14.99	1126.33
	603.22	0.00	14.98	1126.33
	603.23	0.00	14.97	1125.33
	603.24	0.00	14.97	1126.33
	603.25	0.00	14.97	1127.34
	603.26	0.00	14.97	1126.33
	603.28	0.00	14.95	1127.34
	603.29	0.00	14.95	1131.34
	603.30	0.00	14.93	1129.34
	603.31	0.00	14.93	1127.34
	603.32	0.00	14.91	1127.35
	603.33	0.00	14.91	1128.35
	603.34	0.00	14.91	1131.35
	603.36	0.00	14.91	1130.35
	603.37	0.00	14.89	1128.36
	603.38	0.00	14.87	1133.36
	603.39	0.00	14.87	1130.36
	603.40	0.00	14.84	1128.37
	603.41	0.00	14.83	1129.37
	603.43	0.00	14.81	1130.38
	603.44	0.00	14.80	1131.39
	603.45	0.00	14.79	1134.38
	603.46	0.00	14.80	1131.38
	603.47	0.00	14.79	1135.39
	603.49	0.00	14.77	1133.39
	603.50	0.00	14.76	1136.39
	603.51	0.00	14.75	1135.39
	603.52	0.00	14.72	1140.40
	603.53	0.00	14.70	1139.41
	603.54	0.00	14.68	1138.41
	603.55	0.00	14.66	1141.41
	603.57	0.00	14.67	1142.41
	603.58	0.00	14.63	1142.41
	603.59	0.00	14.62	1142.42
	603.60	0.00	14.62	1143.42
	603.61	0.00	14.60	1141.42
	603.63	0.00	14.58	1143.42
	603.64	0.00	14.59	1144.39
	603.65	0.00	14.56	1143.42
	603.66	0.00	14.57	1140.42
	603.67	0.00	14.57	1141.42
	603.68	0.00	14.57	1142.42
	603.70	0.00	14.57	1144.42
	603.71	0.00	14.57	1140.42
	603.72	0.00	14.57	1140.42
	603.73	0.00	14.60	1138.42
	603.74	0.00	14.59	1137.42
	603.75	0.00	14.59	1136.42
	603.77	0.00	14.59	1134.42
	603.78	0.00	14.59	1134.42
	603.79	0.00	14.59	1136.42
	603.80	0.00	14.57	1138.42
	603.81	0.00	14.55	1137.42
	603.82	0.00	14.52	1137.43
	603.84	0.00	14.52	1138.42
	603.85	0.00	14.52	1140.42
	603.86	0.00	14.51	1138.42
	603.87	0.00	14.50	1140.42
	603.88	0.00	14.50	1143.43
	603.89	0.00	14.49	1140.43
	603.91	0.00	14.48	1138.43
	603.92	0.00	14.47	1137.43
	603.93	0.00	14.46	1139.43
	603.94	0.00	14.46	1141.43
	603.95	0.00	14.45	1141.43
	603.96	0.00	14.44	1140.43
	603.97	0.00	14.44	1139.43
	603.99	0.00	14.45	1141.43
	604.00	0.00	14.44	1140.43
	604.01	0.00	14.44	1138.43
	604.02	0.00	14.44	1142.43
	604.03	0.00	14.44	1140.43
	604.04	0.00	14.42	1141.43
	604.06	0.00	14.43	1138.43
	604.07	0.00	14.42	1141.43
	604.08	0.00	14.42	1141.43
	604.09	0.00	14.43	1143.43
	604.10	0.00	14.41	1141.43
	604.11	0.00	14.42	1142.44
	604.13	0.00	14.41	1140.44
	604.14	0.00	14.44	1142.43
	604.15	0.00	14.44	1144.43
	604.16	0.00	14.44	1142.43
	604.17	0.00	14.44	1139.43
	604.19	0.00	14.46	1141.43
	604.20	0.00	14.47	1141.43
	604.21	0.00	14.46	1137.43
	604.22	0.00	14.45	1137.45
	604.23	0.00	14.46	1137.44
	604.24	0.00	14.46	1139.43
	604.26	0.00	14.47	1138.43
	604.27	0.00	14.47	1137.43
	604.28	0.00	14.47	1137.43
	604.29	0.00	14.47	1138.43
	604.30	0.00	14.47	1138.43
	604.31	0.00	14.46	1136.43
	604.32	0.00	14.48	1138.41
	604.34	0.00	14.46	1139.43
	604.35	0.00	14.45	1137.43
	604.36	0.00	14.45	1138.43
	604.37	0.00	14.45	1138.43
	604.38	0.00	14.43	1159.43
	604.39	0.00	14.43	1158.43
	604.41	0.00	14.42	1159.43
	604.42	0.00	14.42	1160.43
	604.43	0.00	14.44	1139.43
	604.44	0.00	14.42	1160.43
	604.45	0.00	14.44	1139.43
	604.47	0.00	14.41	1160.43
	604.48	0.00	14.41	1159.43
	604.49	0.00	14.42	1139.43
	604.50	0.00	14.41	1163.43
	604.51	0.00	14.42	1140.43
	604.52	0.00	14.40	1163.44
	604.53	0.00	14.41	1162.43
	604.55	0.00	14.39	1159.43
	604.56	0.00	14.39	1161.43
	604.57	0.00	14.39	1159.43
	604.58	0.00	14.38	1161.43
	604.59	0.00	14.38	1161.43
	604.60	0.00	14.37	1161.43
	604.62	0.00	14.37	1160.43
	604.63	0.00	14.37	1160.43
	604.64	0.00	14.37	1160.43
	604.65	0.00	14.36	1162.43
	604.66	0.00	14.36	1164.43
	604.67	0.00	14.35	1163.43
	604.69	0.00	14.34	1164.43
	604.70	0.00	14.33	1168.43
	604.71	0.00	14.33	1167.43
	604.72	0.00	14.32	1167.44
	604.73	0.00	14.31	1167.44
	604.74	0.00	14.31	1162.43
	604.76	0.00	14.31	1168.44
	604.77	0.00	14.31	1169.44
	604.78	0.00	14.31	1170.44
	604.79	0.00	14.30	1172.44
	604.80	0.00	14.30	1170.44
	604.81	0.00	14.30	1171.44
	604.83	0.00	14.29	1170.44
	604.84	0.00	14.29	1169.44
	604.85	0.00	14.31	1173.44
	604.86	0.00	14.30	1174.44
	604.87	0.00	14.29	1169.44
	604.88	0.00	14.29	1169.44
	604.90	0.00	14.30	1170.44
	604.91	0.00	14.30	1170.44
	604.92	0.00	14.30	1170.44
	604.93	0.00	14.30	1170.44
	604.94	0.00	14.29	1167.44
	604.95	0.00	14.30	1168.44
	604.97	0.00	14.29	1170.44
	604.98	0.00	14.30	1170.44
	604.99	0.00	14.31	1171.44
	605.00	0.00	14.31	1169.44
	605.01	0.00	14.32	1169.44
	605.02	0.00	14.33	1171.43
	605.04	0.00	14.32	1172.45
	605.05	1.00	14.32	1170.44
	605.06	1.00	14.31	1166.44
	605.07	1.00	14.31	1171.44
	605.08	1.00	14.32	1173.44
	605.09	1.00	14.32	1172.44
	605.11	1.00	14.32	1170.44
	605.12	1.00	14.33	1173.44
	605.13	1.00	14.32	1168.45
	605.14	1.00	14.32	1170.44
	605.15	1.00	14.34	1174.44
	605.16	1.00	14.33	1171.44
	605.18	1.00	14.33	1171.44
	605.19	1.00	14.34	1174.44
	605.20	1.00	14.33	1170.44
	605.21	1.00	14.34	1169.44
	605.22	1.00	14.34	1170.44
	605.23	1.00	14.36	1170.42
	605.25	0.00	14.33	1164.43
	605.26	0.00	14.35	1169.43
	605.27	0.00	14.34	1168.44
	605.28	0.00	14.34	1168.43
	605.29	0.00	14.35	1168.43
	605.30	0.00	14.34	1166.43
	605.32	0.00	14.34	1167.44
	605.33	0.00	14.34	1169.44
	605.34	0.00	14.35	1169.43
	605.35	0.00	14.33	1168.43
	605.36	0.00	14.35	1167.43
	605.37	0.00	14.34	1166.43
	605.39	0.00	14.34	1169.44
	605.40	0.00	14.34	1167.43
	605.41	0.00	14.34	1167.43
	605.42	0.00	14.34	1165.44
	605.43	0.00	14.35	1168.43
	605.44	0.00	14.34	1165.43
	605.46	0.00	14.34	1168.43
	605.47	0.00	14.34	1168.43
	605.48	0.00	14.35	1171.43
	605.49	0.00	14.33	1168.43
	605.50	0.00	14.33	1167.43
	605.51	0.00	14.33	1167.44
	605.53	0.00	14.35	1171.44
	605.54	0.00	14.32	1164.43
	605.55	0.00	14.32	1169.44
	605.56	0.00	14.32	1173.44
	605.57	0.00	14.31	1174.44
	605.58	0.00	14.31	1174.44
	605.59	0.00	14.30	1175.44
	605.61	0.00	14.30	1177.44
	605.62	0.00	14.29	1178.44
	605.63	0.00	14.29	1181.44
	605.64	0.00	14.29	1185.44
	605.65	0.00	14.27	1187.45
	605.67	0.00	14.27	1195.45
	605.68	0.00	14.26	1196.45
	605.69	0.00	14.25	1196.46
	605.70	0.00	14.24	1222.45
	605.71	0.00	14.22	1223.46
	605.72	0.00	14.22	1205.46
	605.73	0.00	14.20	1202.46
	605.75	0.00	14.18	1229.46
	605.76	0.00	14.22	1214.43
	605.77	0.00	14.17	1235.47
	605.78	0.00	14.10	1256.47
	605.79	0.00	14.12	1260.47
	605.81	0.00	14.12	1264.47
	605.82	0.00	14.12	1244.47
	605.83	0.00	14.10	1264.48
	605.84	0.00	14.08	1256.47
	605.85	0.00	14.11	1268.47
	605.86	0.00	14.10	1267.47
	605.88	0.00	14.10	1266.47
	605.89	0.00	14.10	1267.47
	605.90	0.00	14.09	1265.48
	605.91	0.00	14.08	1268.48
	605.92	0.00	14.09	1272.48
	605.93	0.00	14.07	1268.48
	605.95	0.00	14.07	1270.48
	605.96	0.00	14.06	1269.49
	605.97	0.00	14.07	1249.49
	605.98	0.00	14.11	1226.49
	605.99	0.00	14.12	1230.50
	606.00	0.00	14.13	1228.50
	606.02	0.00	14.14	1228.50
	606.03	0.00	14.16	1224.50
	606.04	0.00	14.22	1223.47
	606.05	0.00	14.23	1216.51
	606.06	0.00	14.28	1213.49
	606.07	0.00	14.32	1204.49
	606.09	0.00	14.36	1201.49
	606.10	0.00	14.40	1194.48
	606.11	0.00	14.44	1188.48
	606.12	0.00	14.48	1184.48
	606.13	0.00	14.51	1185.47
	606.14	0.00	14.52	1176.47
	606.16	0.00	14.53	1172.47
	606.17	0.00	14.54	1172.47
	606.18	0.00	14.54	1165.46
	606.19	0.00	14.56	1165.47
	606.20	0.00	14.60	1167.46
	606.21	0.00	14.60	1159.45
	606.23	0.00	14.61	1157.44
	606.24	0.00	14.68	1158.43
	606.25	0.00	14.73	1128.42
	606.26	0.00	14.76	1120.41
	606.27	0.00	14.82	1111.40
	606.28	0.00	14.90	1097.37
	606.30	0.00	14.96	1074.34
	606.31	0.00	15.04	1023.25
	606.32	0.00	15.08	979.15
	606.33	0.00	15.00	899.08
	606.34	0.00	14.71	803.07
	606.35	0.00	14.63	766.04
	606.36	0.00	14.56	747.02
	606.38	0.00	14.40	705.00
	606.39	0.00	14.42	700.97
	606.40	0.00	14.32	678.96
	606.41	0.00	14.23	660.96
	606.42	0.00	14.19	649.96
	606.44	0.00	14.12	638.95
	606.45	0.00	14.10	632.95
	606.46	0.00	14.04	623.95
	606.47	0.00	14.01	621.96
	606.48	0.00	13.99	618.96
	606.49	0.00	13.93	611.97
	606.50	0.00	13.91	611.97
	606.52	0.00	13.99	630.98
	606.53	0.00	13.79	599.98
	606.54	0.00	13.84	607.98
	606.55	0.00	13.86	614.98
	606.56	0.00	14.25	682.97
	606.57	0.00	14.47	727.97
	606.59	0.00	14.49	739.98
	606.60	0.00	14.52	745.98
	606.61	0.00	14.51	742.97
	606.62	0.00	14.53	745.97
	606.63	0.00	14.52	743.97
	606.64	0.00	14.51	739.96
	606.66	0.00	14.49	739.97
	606.67	0.00	14.50	743.98
	606.68	0.00	14.48	739.98
	606.69	0.00	14.42	728.98
	606.70	0.00	14.42	732.98
	606.71	0.00	14.43	735.98
	606.72	0.00	14.45	739.98
	606.74	0.00	14.49	747.99
	606.75	0.00	14.52	762.99
	606.76	0.00	14.58	771.99
	606.77	0.00	14.64	788.99
	606.78	0.00	14.66	794.99
	606.79	0.00	14.68	800.99
	606.81	0.00	14.69	807.00
	606.82	0.00	14.71	816.00
	606.83	0.00	14.74	823.00
	606.84	0.00	14.77	831.00
	606.85	0.00	14.78	835.00
	606.86	0.00	14.81	864.00
	606.88	0.00	14.89	877.96
	606.89	0.00	14.97	936.01
	606.90	0.00	14.70	981.18
	606.91	0.00	14.61	1003.26
	606.92	0.00	14.61	1014.27
	606.93	0.00	14.65	1021.26
	606.95	0.00	14.67	1022.26
	606.96	0.00	14.73	1032.26
	606.97	0.00	14.75	1045.27
	606.98	0.00	14.71	1062.29
	606.99	0.00	14.68	1079.31
	607.00	0.00	14.59	1100.35
	607.02	0.00	14.48	1112.38
	607.03	0.00	14.42	1125.40
	607.04	0.00	14.39	1134.42
	607.05	0.00	14.36	1141.44
	607.06	0.00	14.33	1145.45
	607.08	0.00	14.29	1149.47
	607.09	0.00	14.27	1153.47
	607.10	0.00	14.25	1159.48
	607.11	0.00	14.23	1165.49
	607.12	0.00	14.22	1173.50
	607.13	0.00	14.20	1176.50
	607.14	0.00	14.18	1200.51
	607.16	0.00	14.19	1204.51
	607.17	0.00	14.18	1206.51
	607.18	0.00	14.20	1212.51
	607.19	0.00	14.19	1217.52
	607.20	0.00	14.20	1219.52
	607.21	0.00	14.19	1219.52
	607.23	0.00	14.20	1224.52
	607.24	0.00	14.21	1227.52
	607.25	0.00	14.21	1226.52
	607.26	0.00	14.22	1228.52
	607.27	0.00	14.23	1230.52
	607.28	0.00	14.24	1230.52
	607.30	0.00	14.22	1224.52
	607.31	0.00	14.24	1232.52
	607.32	0.00	14.23	1234.52
	607.33	0.00	14.23	1236.52
	607.34	0.00	14.22	1236.52
	607.35	0.00	14.15	1261.52
	607.37	0.00	14.13	1258.52
	607.38	0.00	14.13	1267.52
	607.39	0.00	14.11	1271.53
	607.40	0.00	14.10	1274.53
	607.41	0.00	14.07	1272.54
	607.42	0.00	14.06	1274.54
	607.44	0.00	13.97	1265.54
	607.45	0.00	14.00	1282.54
	607.46	0.00	13.99	1283.54
	607.47	0.00	13.99	1285.54
	607.48	0.00	13.99	1285.54
	607.50	0.00	13.97	1287.55
	607.51	0.00	13.94	1282.54
	607.52	0.00	13.95	1291.55
	607.53	0.00	13.94	1292.55
	607.54	0.00	13.93	1293.55
	607.55	0.00	13.89	1293.56
	607.57	0.00	13.87	1289.56
	607.58	0.00	13.86	1294.56
	607.59	0.00	13.85	1294.56
	607.60	0.00	13.84	1292.56
	607.61	0.00	13.82	1291.56
	607.62	0.00	13.82	1292.56
	607.64	0.00	13.78	1290.57
	607.65	0.00	13.75	1287.57
	607.66	0.00	13.74	1294.58
	607.67	0.00	13.72	1299.58
	607.68	0.00	13.70	1297.58
	607.69	0.00	13.66	1296.59
	607.71	0.00	13.65	1294.59
	607.72	0.00	13.61	1290.59
	607.73	0.00	13.60	1286.59
	607.74	0.00	13.58	1280.60
	607.75	0.00	13.59	1276.59
	607.76	0.00	13.57	1271.60
	607.78	0.00	13.57	1260.60
	607.79	0.00	13.59	1260.59
	607.80	0.00	13.60	1254.59
	607.81	0.00	13.62	1244.59
	607.82	0.00	13.67	1218.58
	607.84	0.00	13.71	1204.57
	607.85	0.00	13.72	1170.59
	607.86	0.00	13.79	1150.56
	607.87	0.00	13.77	1130.55
	607.88	0.00	13.79	1116.53
	607.89	0.00	13.79	1098.53
	607.90	0.00	13.87	1104.51
	607.92	0.00	13.87	1097.52
	607.93	0.00	13.92	1096.50
	607.94	0.00	13.98	1096.50
	607.95	0.00	14.00	1087.49
	607.96	0.00	14.09	1079.47
	607.97	0.00	14.24	1067.45
	607.99	0.00	14.38	1041.42
	608.00	0.00	14.52	1015.39
	608.01	0.00	14.63	996.32
	608.02	0.00	14.78	984.27
	608.03	0.00	14.86	973.23
	608.04	0.00	14.94	941.15
	608.06	0.00	14.99	929.10
	608.07	0.00	14.92	884.07
	608.08	0.00	14.71	815.07
	608.09	0.00	14.59	780.06
	608.10	0.00	14.46	745.05
	608.11	0.00	14.33	713.05
	608.13	0.00	14.24	693.05
	608.14	0.00	14.16	678.05
	608.15	0.00	14.00	648.05
	608.16	0.00	14.00	646.04
	608.17	0.00	14.02	643.03
	608.18	0.00	14.19	673.01
	608.20	0.00	14.23	680.99
	608.21	0.00	14.27	694.99
	608.22	0.00	14.23	687.00
	608.23	0.00	14.21	681.99
	608.24	0.00	14.26	696.00
	608.25	0.00	14.40	723.99
	608.27	0.00	14.47	740.99
	608.28	0.00	14.49	741.99
	608.29	0.00	14.53	747.99
	608.30	0.00	14.53	749.99
	608.31	0.00	14.55	757.00
	608.32	0.00	14.58	761.99
	608.33	0.00	14.58	770.00
	608.35	0.00	14.61	769.99
	608.36	0.00	14.61	771.99
	608.37	0.00	14.62	776.99
	608.38	0.00	14.64	779.99
	608.39	0.00	14.65	781.99
	608.40	0.00	14.65	789.00
	608.41	0.00	14.66	789.00
	608.43	0.00	14.67	792.00
	608.44	0.00	14.68	790.99
	608.45	0.00	14.69	793.99
	608.46	0.00	14.72	801.99
	608.47	0.00	14.78	808.97
	608.48	0.00	14.80	817.96
	608.50	0.00	14.87	871.00
	608.51	0.00	14.81	881.04
	608.52	0.00	14.65	907.18
	608.53	0.00	14.52	937.27
	608.54	0.00	14.43	969.31
	608.55	0.00	14.39	993.34
	608.57	0.00	14.39	1009.35
	608.58	0.00	14.40	1026.35
	608.59	0.00	14.40	1042.37
	608.60	0.00	14.42	1060.37
	608.61	0.00	14.43	1072.38
	608.63	0.00	14.39	1088.40
	608.64	0.00	14.38	1103.42
	608.65	0.00	14.37	1114.43
	608.66	0.00	14.36	1126.44
	608.67	0.00	14.37	1133.45
	608.68	0.00	14.37	1140.45
	608.70	0.00	14.35	1146.46
	608.71	0.00	14.33	1155.47
	608.72	0.00	14.30	1185.49
	608.73	0.00	14.26	1221.48
	608.74	0.00	14.22	1230.49
	608.75	0.00	14.21	1235.49
	608.77	0.00	14.22	1243.49
	608.78	0.00	14.19	1251.50
	608.79	0.00	14.19	1254.50
	608.80	0.00	14.17	1258.50
	608.81	0.00	14.14	1264.50
	608.82	0.00	14.13	1269.50
	608.84	0.00	14.13	1273.50
	608.85	0.00	14.12	1275.50
	608.86	0.00	14.13	1282.51
	608.87	0.00	14.13	1286.51
	608.88	0.00	14.16	1292.50
	608.89	0.00	14.15	1297.50
	608.91	0.00	14.16	1300.50
	608.92	0.00	14.13	1330.51
	608.93	0.00	14.12	1330.51
	608.94	0.00	14.13	1337.50
	608.95	0.00	14.12	1339.51
	608.96	0.00	14.11	1345.51
	608.97	0.00	14.09	1348.52
	608.99	0.00	14.11	1351.51
	609.00	0.00	14.08	1352.52
	609.01	0.00	14.08	1353.52
	609.02	0.00	14.05	1346.52
	609.03	0.00	14.08	1352.52
	609.04	0.00	14.07	1352.52
	609.06	0.00	14.04	1341.52
	609.07	0.00	14.04	1345.53
	609.08	0.00	14.05	1320.53
	609.09	0.00	14.02	1320.53
	609.10	0.00	14.00	1323.53
	609.12	0.00	13.97	1342.53
	609.13	0.00	13.95	1343.53
	609.14	0.00	13.93	1344.54
	609.15	0.00	13.91	1345.54
	609.16	0.00	13.92	1345.51
	609.17	0.00	13.91	1327.54
	609.19	0.00	13.91	1327.54
	609.20	0.00	13.90	1324.54
	609.21	0.00	13.93	1325.54
	609.22	0.00	13.94	1342.54
	609.23	0.00	13.96	1340.54
	609.24	0.00	14.00	1338.53
	609.26	0.00	14.03	1329.53
	609.27	0.00	14.05	1328.53
	609.28	0.00	14.08	1303.53
	609.29	0.00	14.12	1300.52
	609.30	0.00	14.13	1295.52
	609.31	0.00	14.15	1288.52
	609.33	0.00	14.19	1255.51
	609.34	0.00	14.30	1246.51
	609.35	0.00	14.33	1241.50
	609.36	0.00	14.35	1239.50
	609.37	0.00	14.40	1234.49
	609.38	0.00	14.43	1228.48
	609.40	0.00	14.46	1225.47
	609.41	0.00	14.47	1224.47
	609.42	0.00	14.48	1222.47
	609.43	0.00	14.48	1218.47
	609.44	0.00	14.45	1211.47
	609.45	0.00	14.47	1218.47
	609.47	0.00	14.45	1215.47
	609.48	0.00	14.45	1213.46
	609.49	0.00	14.42	1216.48
	609.50	0.00	14.42	1211.48
	609.51	0.00	14.38	1207.48
	609.52	0.00	14.38	1205.48
	609.54	0.00	14.36	1200.48
	609.55	0.00	14.34	1197.48
	609.56	0.00	14.33	1195.48
	609.57	0.00	14.37	1171.48
	609.58	0.00	14.39	1164.47
	609.59	0.00	14.40	1166.48
	609.61	0.00	14.42	1164.47
	609.62	0.00	14.45	1162.46
	609.63	0.00	14.46	1157.46
	609.64	0.00	14.47	1156.46
	609.65	0.00	14.50	1153.45
	609.66	0.00	14.50	1147.45
	609.68	0.00	14.53	1148.45
	609.69	0.00	14.54	1146.44
	609.70	0.00	14.55	1146.44
	609.71	0.00	14.55	1143.44
	609.72	0.00	14.56	1141.43
	609.73	0.00	14.57	1138.43
	609.75	0.00	14.56	1131.43
	609.76	0.00	14.56	1126.42
	609.77	0.00	14.56	1120.42
	609.78	0.00	14.59	1107.41
	609.79	0.00	14.61	1092.40
	609.80	0.00	14.64	1080.37
	609.82	0.00	14.71	1062.34
	609.83	0.00	14.77	1042.31
	609.84	0.00	14.87	1021.27
	609.85	0.00	14.90	1006.24
	609.86	0.00	14.92	987.21
	609.87	0.00	14.93	961.15
	609.89	0.00	14.96	925.05
	609.90	0.00	14.80	874.04
	609.91	0.00	14.71	856.04
	609.92	0.00	14.74	862.04
	609.93	0.00	14.75	866.04
	609.94	0.00	14.76	869.04
	609.96	0.00	14.81	873.03
	609.97	0.00	14.93	903.02
	609.98	0.00	15.03	929.01
	609.99	0.00	15.05	947.03
	610.00	0.00	15.03	975.08
	610.02	0.00	14.81	1007.26
	610.03	0.00	14.63	1046.34
	610.04	0.00	14.53	1068.38
	610.05	0.00	14.52	1083.38
	610.06	0.00	14.51	1088.39
	610.07	0.00	14.53	1097.38
	610.08	0.00	14.53	1103.38
	610.10	0.00	14.52	1108.39
	610.11	0.00	14.49	1119.41
	610.12	0.00	14.43	1125.42
	610.13	0.00	14.40	1134.43
	610.14	0.00	14.37	1135.44
	610.16	0.00	14.34	1141.45
	610.17	0.00	14.30	1143.46
	610.18	0.00	14.26	1147.47
	610.19	0.00	14.23	1154.48
	610.20	0.00	14.19	1151.48
	610.21	0.00	14.17	1156.49
	610.22	0.00	14.09	1178.49
	610.24	0.00	14.04	1181.50
	610.25	0.00	13.99	1191.50
	610.26	0.00	13.96	1199.50
	610.27	0.00	13.94	1203.51
	610.28	0.00	13.91	1204.51
	610.29	0.00	13.90	1210.51
	610.31	0.00	13.88	1213.52
	610.32	0.00	13.86	1216.54
	610.33	0.00	13.88	1219.52
	610.34	0.00	13.89	1219.52
	610.35	0.00	13.89	1221.52
	610.36	0.00	13.90	1221.52
	610.38	0.00	13.91	1221.52
	610.39	0.00	13.91	1217.52
	610.40	0.00	13.93	1217.51
	610.41	0.00	13.92	1218.52
	610.42	0.00	13.94	1217.51
	610.44	0.00	13.94	1218.51
	610.45	0.00	13.93	1218.51
	610.46	0.00	13.94	1221.51
	610.47	0.00	13.93	1217.52
	610.48	0.00	13.93	1219.52
	610.49	0.00	13.91	1222.52
	610.51	0.00	13.90	1226.52
	610.52	0.00	13.89	1229.52
	610.53	0.00	13.90	1231.52
	610.54	0.00	13.89	1233.52
	610.55	0.00	13.88	1233.53
	610.57	0.00	13.87	1230.52
	610.58	0.00	13.88	1237.52
	610.59	0.00	13.87	1234.52
	610.60	0.00	13.87	1234.52
	610.61	0.00	13.86	1235.52
	610.62	0.00	13.87	1236.52
	610.63	0.00	13.88	1237.52
	610.65	0.00	13.85	1235.52
	610.66	0.00	13.86	1237.52
	610.67	0.00	13.87	1238.52
	610.68	0.00	13.88	1235.52
	610.69	0.00	13.89	1238.52
	610.71	0.00	13.90	1237.52
	610.72	1.00	13.90	1238.52
	610.73	1.00	13.91	1236.52
	610.74	1.00	13.91	1238.52
	610.75	1.00	13.93	1236.52
	610.76	1.00	13.92	1234.52
	610.78	1.00	13.95	1241.51
	610.79	1.00	13.95	1239.51
	610.80	1.00	13.94	1238.51
	610.81	1.00	13.95	1242.51
	610.82	1.00	13.93	1243.52
	610.83	1.00	13.94	1240.52
	610.84	1.00	13.96	1239.51
	610.86	1.00	13.97	1240.51
	610.87	1.00	13.97	1239.52
	610.88	1.00	14.00	1241.49
	610.89	1.00	13.98	1259.51
	610.90	1.00	14.00	1237.51
	610.91	1.00	13.99	1260.51
	610.93	1.00	14.00	1260.51
	610.94	1.00	14.00	1239.51
	610.95	0.00	14.01	1241.51
	610.96	0.00	14.00	1239.52
	610.97	0.00	14.02	1241.51
	610.98	0.00	14.01	1236.51
	611.00	0.00	14.02	1236.51
	611.01	0.00	14.02	1238.51
	611.02	0.00	14.03	1239.51
	611.03	0.00	14.03	1239.51
	611.04	0.00	14.03	1239.51
	611.05	0.00	14.04	1237.51
	611.07	0.00	14.07	1234.51
	611.08	0.00	14.05	1232.51
	611.09	0.00	14.05	1231.51
	611.10	0.00	14.06	1232.51
	611.11	0.00	14.06	1231.51
	611.13	0.00	14.07	1231.51
	611.14	0.00	14.08	1229.50
	611.15	0.00	14.08	1229.50
	611.16	0.00	14.07	1228.51
	611.17	0.00	14.08	1227.50
	611.18	0.00	14.07	1229.51
	611.20	0.00	14.06	1229.51
	611.21	0.00	14.06	1226.51
	611.22	0.00	14.07	1228.51
	611.23	0.00	14.07	1228.50
	611.24	0.00	14.06	1225.51
	611.25	0.00	14.06	1228.51
	611.27	0.00	14.06	1227.51
	611.28	0.00	14.07	1228.51
	611.29	0.00	14.06	1227.51
	611.30	0.00	14.06	1228.51
	611.31	0.00	14.06	1228.51
	611.32	0.00	14.06	1227.51
	611.34	0.00	14.06	1226.51
	611.35	0.00	14.07	1227.50
	611.36	0.00	14.07	1229.51
	611.37	0.00	14.06	1227.51
	611.38	0.00	14.07	1230.51
	611.39	0.00	14.06	1229.51
	611.41	0.00	14.06	1231.51
	611.42	0.00	14.05	1230.51
	611.43	0.00	14.05	1232.51
	611.44	0.00	14.06	1233.51
	611.45	0.00	14.04	1233.51
	611.47	0.00	14.06	1235.49
	611.48	0.00	14.05	1237.51
	611.49	0.00	14.07	1233.51
	611.50	0.00	14.03	1238.51
	611.51	0.00	14.02	1237.51
	611.52	0.00	14.03	1236.51
	611.53	0.00	14.03	1238.51
	611.55	0.00	14.03	1238.51
	611.56	0.00	14.02	1240.51
	611.57	0.00	14.02	1239.51
	611.58	0.00	14.01	1240.51
	611.59	0.00	14.02	1238.51
	611.60	0.00	14.01	1240.51
	611.62	0.00	14.01	1236.51
	611.63	0.00	14.01	1240.51
	611.64	0.00	14.02	1241.51
	611.65	0.00	14.02	1241.51
	611.66	0.00	14.02	1242.51
	611.67	0.00	14.02	1242.51
	611.69	0.00	14.01	1240.51
	611.70	0.00	14.02	1242.51
	611.71	0.00	14.02	1241.51
	611.72	0.00	14.01	1240.51
	611.73	0.00	14.00	1242.51
	611.75	0.00	14.00	1239.51
	611.76	0.00	14.00	1244.51
	611.77	0.00	14.00	1244.51
	611.78	0.00	13.99	1242.51
	611.79	0.00	14.00	1245.51
	611.80	0.00	14.01	1245.49
	611.82	0.00	14.00	1245.51
	611.83	0.00	14.00	1245.51
	611.84	0.00	14.01	1247.51
	611.85	0.00	13.99	1249.51
	611.86	0.00	13.99	1249.51
	611.87	0.00	13.97	1248.51
	611.89	0.00	13.98	1253.51
	611.90	0.00	13.99	1254.51
	611.91	0.00	13.98	1254.51
	611.92	0.00	13.99	1251.51
	611.93	0.00	13.96	1276.51
	611.94	0.00	13.96	1276.51
	611.96	0.00	13.92	1267.51
	611.97	0.00	13.94	1281.52
	611.98	0.00	13.94	1280.52
	611.99	0.00	13.93	1281.52
	612.00	0.00	13.93	1279.52
	612.02	0.00	13.93	1282.52
	612.03	0.00	13.93	1281.52
	612.04	0.00	13.92	1283.52
	612.05	0.00	13.91	1282.52
	612.06	0.00	13.90	1283.53
	612.07	0.00	13.87	1279.52
	612.08	0.00	13.85	1278.53
	612.10	0.00	13.88	1287.52
	612.11	0.00	13.85	1289.53
	612.12	0.00	13.85	1291.53
	612.13	0.00	13.86	1293.52
	612.14	0.00	13.83	1290.53
	612.16	0.00	13.86	1296.53
	612.17	0.00	13.85	1297.53
	612.18	0.00	13.84	1296.53
	612.19	0.00	13.86	1299.53
	612.20	0.00	13.84	1297.53
	612.21	0.00	13.87	1300.49
	612.22	0.00	13.84	1301.53
	612.24	0.00	13.84	1304.53
	612.25	0.00	13.84	1305.53
	612.26	0.00	13.85	1307.53
	612.27	0.00	13.85	1304.53
	612.28	0.00	13.85	1307.53
	612.29	0.00	13.85	1309.53
	612.31	0.00	13.86	1309.53
	612.32	0.00	13.86	1309.53
	612.33	0.00	13.87	1311.53
	612.34	0.00	13.87	1311.53
	612.35	0.00	13.86	1312.53
	612.37	0.00	13.86	1313.53
	612.38	0.00	13.85	1316.53
	612.39	0.00	13.86	1317.53
	612.40	0.00	13.85	1319.53
	612.41	0.00	13.85	1320.53
	612.42	0.00	13.83	1321.53
	612.44	0.00	13.84	1322.53
	612.45	0.00	13.83	1325.53
	612.46	0.00	13.82	1326.53
	612.47	0.00	13.82	1326.53
	612.48	0.00	13.81	1328.53
	612.49	0.00	13.81	1329.53
	612.51	0.00	13.79	1330.54
	612.52	0.00	13.79	1334.53
	612.53	0.00	13.78	1334.53
	612.54	0.00	13.76	1334.54
	612.55	0.00	13.74	1330.53
	612.56	0.00	13.76	1341.53
	612.58	0.00	13.75	1341.55
	612.59	0.00	13.76	1344.54
	612.60	0.00	13.75	1345.54
	612.61	0.00	13.76	1345.54
	612.62	0.00	13.76	1345.53
	612.63	0.00	13.74	1344.55
	612.65	0.00	13.76	1347.53
	612.66	0.00	13.76	1349.53
	612.67	0.00	13.75	1343.54
	612.68	0.00	13.75	1348.53
	612.69	0.00	13.74	1347.54
	612.71	0.00	13.78	1346.48
	612.72	0.00	13.73	1349.54
	612.73	0.00	13.72	1349.54
	612.74	0.00	13.68	1347.54
	612.75	0.00	13.68	1361.54
	612.76	0.00	13.64	1361.55
	612.77	0.00	13.60	1367.55
	612.79	0.00	13.55	1365.55
	612.80	0.00	13.50	1367.56
	612.81	0.00	13.44	1371.56
	612.82	0.00	13.37	1375.57
	612.83	0.00	13.30	1380.58
	612.84	0.00	13.26	1387.58
	612.86	0.00	13.21	1377.58
	612.87	0.00	13.18	1365.58
	612.88	0.00	13.16	1355.59
	612.89	0.00	13.11	1344.60
	612.90	0.00	13.09	1318.60
	612.92	0.00	13.06	1316.62
	612.93	0.00	13.05	1306.62
	612.94	0.00	13.06	1296.63
	612.95	0.00	13.03	1286.64
	612.96	0.00	13.03	1273.64
	612.97	0.00	13.01	1251.61
	612.98	0.00	12.88	1204.64
	613.00	0.00	12.51	1087.62
	613.01	0.00	12.42	1020.61
	613.02	0.00	12.51	1013.60
	613.03	0.00	12.59	1004.59
	613.04	0.00	12.70	999.58
	613.05	0.00	12.76	992.59
	613.07	0.00	12.81	982.58
	613.08	0.00	12.85	975.58
	613.09	0.00	12.88	966.57
	613.10	0.00	12.89	963.57
	613.11	0.00	12.95	970.57
	613.13	0.00	13.02	995.58
	613.14	0.00	13.18	1035.58
	613.15	0.00	13.33	1075.58
	613.16	0.00	13.47	1115.58
	613.17	0.00	13.50	1126.58
	613.18	0.00	13.52	1139.58
	613.20	0.00	13.50	1144.59
	613.21	0.00	13.50	1144.59
	613.22	0.00	13.50	1150.59
	613.23	0.00	13.50	1151.59
	613.24	0.00	13.50	1145.59
	613.25	0.00	13.49	1139.59
	613.27	0.00	13.43	1120.58
	613.28	0.00	13.33	1090.58
	613.29	0.00	13.21	1059.58
	613.30	0.00	13.14	1037.57
	613.31	0.00	13.16	1037.57
	613.32	0.00	13.21	1039.57
	613.34	0.00	13.27	1045.57
	613.35	0.00	13.31	1043.56
	613.36	0.00	13.36	1035.52
	613.37	0.00	13.36	1025.56
	613.38	0.00	13.34	1014.56
	613.39	0.00	13.35	1010.55
	613.41	0.00	13.39	1006.55
	613.42	0.00	13.39	1004.55
	613.43	0.00	13.41	1004.54
	613.44	0.00	13.42	1005.55
	613.45	0.00	13.44	1006.55
	613.46	0.00	13.47	1009.55
	613.47	0.00	13.52	1016.55
	613.49	0.00	13.56	1020.55
	613.50	0.00	13.60	1025.53
	613.51	0.00	13.61	1035.56
	613.52	0.00	13.66	1046.55
	613.53	0.00	13.72	1055.55
	613.54	0.00	13.75	1062.55
	613.56	0.00	13.79	1069.55
	613.57	0.00	13.81	1072.55
	613.58	0.00	13.84	1071.54
	613.59	0.00	13.83	1064.54
	613.60	0.00	13.83	1061.54
	613.61	0.00	13.85	1063.54
	613.63	0.00	13.88	1062.54
	613.64	0.00	13.92	1075.54
	613.65	0.00	14.03	1099.51
	613.66	0.00	14.10	1138.54
	613.67	0.00	14.18	1165.54
	613.69	0.00	14.19	1204.55
	613.70	0.00	14.18	1245.55
	613.71	0.00	14.21	1274.55
	613.72	0.00	14.25	1323.56
	613.73	0.00	14.25	1369.57
	613.74	0.00	14.27	1404.56
	613.76	0.00	14.27	1436.56
	613.77	0.00	14.29	1457.56
	613.78	0.00	14.29	1472.56
	613.79	0.00	14.28	1484.56
	613.80	0.00	14.30	1495.56
	613.81	0.00	14.33	1502.55
	613.83	0.00	14.36	1514.54
	613.84	0.00	14.38	1520.53
	613.85	0.00	14.43	1502.51
	613.86	0.00	14.46	1511.50
	613.87	0.00	14.48	1517.49
	613.88	0.00	14.51	1523.45
	613.90	0.00	14.50	1525.47
	613.91	0.00	14.48	1529.47
	613.92	0.00	14.50	1529.46
	613.93	0.00	14.48	1527.46
	613.94	0.00	14.49	1533.46
	613.95	0.00	14.50	1516.46
	613.97	0.00	14.51	1521.46
	613.98	0.00	14.53	1521.45
	613.99	0.00	14.53	1528.44
	614.00	0.00	14.55	1529.43
	614.01	0.00	14.58	1532.41
	614.02	0.00	14.60	1530.38
	614.03	0.00	14.69	1521.35
	614.05	0.00	14.75	1520.33
	614.06	0.00	14.76	1501.29
	614.07	0.00	14.87	1509.23
	614.08	0.00	14.93	1507.18
	614.09	0.00	14.95	1500.16
	614.11	0.00	14.99	1497.15
	614.12	0.00	15.03	1492.12
	614.13	0.00	15.06	1494.09
	614.14	0.00	15.07	1489.08
	614.15	0.00	15.11	1489.07
	614.16	0.00	15.14	1479.06
	614.17	0.00	15.17	1480.05
	614.19	0.00	15.19	1481.03
	614.20	0.00	15.21	1483.02
	614.21	0.00	15.23	1485.00
	614.22	0.00	15.25	1489.99
	614.23	0.00	15.27	1488.98
	614.25	0.00	15.33	1492.96
	614.26	0.00	15.39	1493.95
	614.27	0.00	15.48	1478.93
	614.28	0.00	15.54	1466.92
	614.29	0.00	15.62	1440.89
	614.30	0.00	15.68	1413.88
	614.32	0.00	15.81	1346.87
	614.33	0.00	15.85	1326.86
	614.34	0.00	15.87	1295.86
	614.35	0.00	15.90	1275.85
	614.36	0.00	15.90	1251.84
	614.37	0.00	15.91	1233.83
	614.39	0.00	16.06	1229.83
	614.40	0.00	16.06	1208.82
	614.41	0.00	15.88	1163.81
	614.42	0.00	15.84	1130.81
	614.43	0.00	15.82	1076.81
	614.44	0.00	15.76	1034.80
	614.46	0.00	15.73	992.80
	614.47	0.00	15.67	954.80
	614.48	0.00	15.64	934.79
	614.49	0.00	15.59	915.79
	614.50	0.00	15.53	905.80
	614.51	0.00	15.39	899.80
	614.53	0.00	15.26	882.82
	614.54	0.00	15.12	862.86
	614.55	0.00	14.87	823.94
	614.56	0.00	14.64	753.94
	614.57	0.00	14.38	713.94
	614.58	0.00	14.59	756.94
	614.59	0.00	14.64	766.94
	614.61	0.00	14.65	772.94
	614.62	0.00	14.66	772.94
	614.63	0.00	14.64	769.95
	614.64	0.00	14.65	777.95
	614.65	0.00	14.66	779.95
	614.66	0.00	14.66	778.95
	614.68	0.00	14.67	785.96
	614.69	0.00	14.67	785.96
	614.70	0.00	14.69	782.95
	614.71	0.00	14.68	785.95
	614.72	0.00	14.68	784.95
	614.73	0.00	14.68	780.95
	614.75	0.00	14.66	779.95
	614.76	0.00	14.67	780.95
	614.77	0.00	14.67	783.95
	614.78	0.00	14.66	781.95
	614.79	0.00	14.68	779.95
	614.80	0.00	14.66	778.95
	614.82	0.00	14.69	781.94
	614.83	0.00	14.73	784.92
	614.84	0.00	14.76	785.90
	614.85	0.00	14.78	782.89
	614.86	0.00	14.77	784.89
	614.87	0.00	14.84	790.88
	614.89	0.00	14.84	795.88
	614.90	0.00	14.86	802.88
	614.91	0.00	14.87	807.88
	614.92	0.00	14.88	813.89
	614.93	0.00	14.73	811.97
	614.94	0.00	14.41	772.00
	614.95	0.00	13.54	668.11
	614.97	0.00	12.46	649.21
	614.98	0.00	11.88	709.37
	614.99	0.00	11.53	768.45
	615.00	0.00	11.21	841.54
	615.01	0.00	11.13	922.55
	615.02	0.00	11.20	980.57
	615.03	0.00	11.24	1043.58
	615.05	0.00	11.35	1072.59
	615.06	0.00	11.52	1133.60
	615.07	0.00	11.68	1154.59
	615.08	0.00	11.80	1161.58
	615.09	0.00	11.88	1158.57
	615.10	0.00	12.01	1151.55
	615.12	0.00	12.08	1132.54
	615.13	0.00	12.18	1116.52
	615.14	0.00	12.27	1105.50
	615.15	0.00	12.36	1093.48
	615.16	0.00	12.46	1081.45
	615.17	0.00	12.59	1087.43
	615.19	0.00	12.98	1144.43
	615.20	0.00	13.12	1167.44
	615.21	0.00	13.20	1179.46
	615.22	0.00	13.30	1198.51
	615.23	0.00	13.31	1183.55
	615.25	0.00	13.26	1128.56
	615.26	0.00	13.21	1117.57
	615.27	0.00	13.20	1107.58
	615.28	0.00	13.21	1098.58
	615.29	0.00	13.25	1118.58
	615.30	0.00	13.30	1114.58
	615.32	0.00	13.35	1106.57
	615.33	0.00	13.40	1097.56
	615.34	0.00	13.46	1083.54
	615.35	0.00	13.57	1056.54
	615.36	0.00	13.65	1048.52
	615.37	0.00	13.77	1050.47
	615.39	0.00	13.82	1045.49
	615.40	0.00	13.87	1023.49
	615.41	0.00	13.92	1026.48
	615.42	0.00	13.94	1057.49
	615.43	0.00	13.95	1060.48
	615.44	0.00	13.96	1068.49
	615.46	0.00	13.99	1076.49
	615.47	0.00	13.99	1080.49
	615.48	0.00	14.00	1081.49
	615.49	0.00	14.01	1082.49
	615.50	0.00	14.02	1087.49
	615.51	0.00	14.03	1091.50
	615.53	0.00	14.04	1100.50
	615.54	0.00	14.06	1103.50
	615.55	0.00	14.07	1108.50
	615.56	0.00	14.08	1111.50
	615.57	0.00	14.11	1126.51
	615.58	0.00	14.11	1133.51
	615.60	0.00	14.15	1141.51
	615.61	0.00	14.12	1170.51
	615.62	0.00	14.15	1185.52
	615.63	0.00	14.18	1193.51
	615.64	0.00	14.22	1207.51
	615.65	0.00	14.23	1211.52
	615.66	0.00	14.27	1236.52
	615.68	0.00	14.31	1243.51
	615.69	0.00	14.33	1244.51
	615.70	0.00	14.37	1250.50
	615.71	0.00	14.41	1244.49
	615.72	0.00	14.46	1241.48
	615.73	0.00	14.52	1231.47
	615.75	0.00	14.73	1249.45
	615.76	0.00	14.64	1200.44
	615.77	0.00	14.90	1224.41
	615.78	0.00	14.98	1217.35
	615.79	0.00	15.11	1219.30
	615.80	0.00	15.21	1201.26
	615.82	0.00	15.30	1192.20
	615.83	0.00	15.44	1170.15
	615.84	0.00	15.50	1164.10
	615.85	0.00	15.56	1160.07
	615.86	0.00	15.59	1150.05
	615.88	0.00	15.63	1141.02
	615.89	0.00	15.69	1134.98
	615.90	0.00	15.75	1125.92
	615.91	0.00	15.78	1115.90
	615.92	0.00	15.82	1110.89
	615.93	0.00	15.85	1101.87
	615.95	0.00	15.86	1083.85
	615.96	0.00	15.86	1066.83
	615.97	0.00	15.85	1023.83
	615.98	0.00	15.82	996.82
	615.99	0.00	15.75	952.81
	616.00	0.00	15.64	905.81
	616.01	0.00	15.61	871.80
	616.03	0.00	15.35	836.80
	616.04	0.00	15.36	829.80
	616.05	0.00	15.23	833.80
	616.06	0.00	15.11	829.83
	616.07	0.00	14.96	814.89
	616.08	0.00	14.74	793.99
	616.09	0.00	14.58	745.99
	616.11	0.00	14.27	677.98
	616.12	0.00	14.35	700.98
	616.13	0.00	14.35	696.98
	616.14	0.00	14.34	694.98
	616.15	0.00	14.34	698.98
	616.16	0.00	14.33	691.98
	616.18	0.00	14.34	693.98
	616.19	0.00	14.33	691.98
	616.20	0.00	14.33	694.98
	616.21	0.00	14.32	696.99
	616.22	0.00	14.34	703.00
	616.23	0.00	14.32	698.99
	616.25	0.00	14.37	709.99
	616.26	0.00	14.38	712.99
	616.27	0.00	14.42	726.00
	616.28	0.00	14.45	733.00
	616.29	0.00	14.46	736.00
	616.30	0.00	14.47	738.00
	616.32	0.00	14.49	738.00
	616.33	0.00	14.50	745.00
	616.34	0.00	14.52	748.00
	616.35	0.00	14.54	752.00
	616.36	0.00	14.52	750.00
	616.37	0.00	14.54	753.00
	616.39	0.00	14.54	756.00
	616.40	0.00	14.54	756.00
	616.41	0.00	14.57	759.00
	616.42	0.00	14.58	759.99
	616.43	0.00	14.58	758.99
	616.44	0.00	14.57	756.99
	616.46	0.00	14.56	753.99
	616.47	0.00	14.61	758.97
	616.48	0.00	14.64	762.97
	616.49	0.00	14.63	762.97
	616.50	0.00	14.65	764.97
	616.51	0.00	14.65	768.97
	616.52	0.00	14.60	771.00
	616.54	0.00	14.46	754.03
	616.55	0.00	14.14	739.08
	616.56	0.00	13.36	644.19
	616.57	0.00	12.69	680.33
	616.58	0.00	12.02	712.44
	616.59	0.00	11.89	754.50
	616.60	0.00	11.75	804.57
	616.62	0.00	11.80	869.61
	616.63	0.00	11.81	919.60
	616.64	0.00	11.93	956.61
	616.65	0.00	12.06	995.62
	616.66	0.00	12.21	1031.63
	616.67	0.00	12.33	1075.63
	616.69	0.00	12.43	1088.63
	616.70	0.00	12.63	1122.63
	616.71	0.00	12.67	1129.64
	616.72	0.00	12.72	1130.63
	616.73	0.00	12.77	1135.62
	616.75	0.00	12.80	1138.62
	616.76	0.00	12.83	1138.62
	616.77	0.00	12.85	1144.62
	616.78	0.00	12.89	1145.61
	616.79	0.00	12.94	1156.61
	616.80	0.00	12.99	1167.60
	616.82	0.00	13.02	1180.60
	616.83	0.00	13.06	1193.60
	616.84	0.00	13.10	1209.60
	616.85	0.00	13.15	1222.58
	616.86	0.00	13.20	1242.60
	616.87	0.00	13.22	1252.60
	616.89	0.00	13.27	1263.59
	616.90	0.00	13.28	1270.59
	616.91	0.00	13.32	1283.58
	616.92	0.00	13.34	1293.58
	616.93	0.00	13.40	1309.56
	616.94	0.00	13.46	1316.55
	616.96	0.00	13.51	1317.53
	616.97	0.00	13.56	1314.52
	616.98	0.00	13.61	1320.51
	616.99	0.00	13.67	1325.49
	617.00	0.00	13.71	1331.48
	617.01	0.00	13.75	1332.46
	617.03	0.00	13.76	1344.45
	617.04	0.00	13.77	1349.44
	617.05	0.00	13.80	1365.42
	617.06	0.00	13.81	1378.40
	617.07	0.00	13.81	1384.39
	617.08	0.00	13.81	1383.39
	617.10	0.00	13.83	1390.38
	617.11	0.00	13.84	1394.38
	617.12	0.00	13.83	1396.38
	617.13	0.00	13.82	1396.39
	617.14	0.00	13.81	1397.39
	617.15	0.00	13.79	1390.40
	617.16	0.00	13.77	1390.40
	617.18	0.00	13.77	1382.40
	617.19	0.00	13.81	1388.40
	617.20	0.00	13.85	1389.40
	617.21	0.00	13.86	1388.41
	617.22	0.00	13.90	1390.41
	617.24	0.00	13.91	1382.41
	617.25	0.00	14.00	1396.41
	617.26	0.00	14.03	1387.41
	617.27	0.00	14.07	1382.40
	617.28	0.00	14.11	1378.40
	617.29	0.00	14.19	1382.39
	617.31	0.00	14.27	1385.37
	617.32	0.00	14.33	1379.37
	617.33	0.00	14.39	1378.36
	617.34	0.00	14.45	1380.34
	617.35	0.00	14.53	1383.31
	617.36	0.00	14.57	1371.28
	617.38	0.00	14.66	1363.24
	617.39	0.00	14.76	1352.21
	617.40	0.00	14.81	1344.18
	617.41	0.00	14.90	1344.13
	617.42	0.00	14.94	1334.12
	617.44	0.00	15.01	1338.11
	617.45	0.00	15.07	1324.08
	617.46	0.00	15.17	1311.06
	617.47	0.00	15.23	1302.04
	617.48	0.00	15.33	1292.01
	617.49	0.00	15.46	1254.98
	617.50	0.00	15.50	1234.96
	617.52	0.00	15.56	1195.94
	617.53	0.00	15.60	1169.89
	617.54	0.00	15.63	1150.86
	617.55	0.00	15.63	1133.86
	617.56	0.00	15.80	1134.84
	617.58	0.00	15.81	1117.84
	617.59	0.00	15.80	1100.83
	617.60	0.00	15.82	1082.83
	617.61	0.00	15.81	1062.82
	617.62	0.00	15.78	1039.82
	617.63	0.00	15.77	1016.81
	617.65	0.00	15.72	995.81
	617.66	0.00	15.70	954.81
	617.67	0.00	15.52	928.80
	617.68	0.00	15.50	917.80
	617.69	0.00	15.47	901.80
	617.70	0.00	15.45	896.80
	617.71	0.00	15.33	883.81
	617.72	0.00	15.18	871.86
	617.74	0.00	14.95	846.96
	617.75	0.00	14.81	820.00
	617.76	0.00	14.85	844.06
	617.77	0.00	14.31	701.01
	617.78	0.00	14.38	720.01
	617.79	0.00	14.51	746.01
	617.81	0.00	14.53	748.01
	617.82	0.00	14.56	747.00
	617.83	0.00	14.56	758.01
	617.84	0.00	14.58	758.01
	617.85	0.00	14.59	764.01
	617.86	0.00	14.62	768.00
	617.88	0.00	14.62	767.00
	617.89	0.00	14.63	772.01
	617.90	0.00	14.63	773.01
	617.91	0.00	14.65	775.00
	617.92	0.00	14.67	775.00
	617.93	0.00	14.68	780.00
	617.95	0.00	14.71	787.00
	617.96	0.00	14.72	783.99
	617.97	0.00	14.71	779.99
	617.98	0.00	14.71	778.99
	617.99	0.00	14.69	777.99
	618.00	0.00	14.74	782.99
	618.02	0.00	14.76	787.99
	618.03	0.00	14.77	791.99
	618.04	0.00	14.79	792.98
	618.05	0.00	14.80	793.98
	618.06	0.00	14.81	792.98
	618.07	0.00	14.80	782.96
	618.09	0.00	14.78	777.96
	618.10	0.00	14.79	776.95
	618.11	0.00	14.81	780.95
	618.12	0.00	14.82	783.95
	618.13	0.00	14.84	788.95
	618.14	0.00	14.86	793.95
	618.16	0.00	14.86	800.96
	618.17	0.00	14.88	803.96
	618.18	0.00	14.67	806.07
	618.19	0.00	14.47	803.16
	618.20	0.00	13.87	745.25
	618.21	0.00	12.88	677.34
	618.22	0.00	12.09	685.40
	618.23	0.00	11.62	681.47
	618.25	0.00	11.46	736.54
	618.26	0.00	11.33	794.59
	618.27	0.00	11.52	847.59
	618.28	0.00	11.60	873.57
	618.29	0.00	11.69	948.59
	618.30	0.00	11.82	976.61
	618.32	0.00	11.95	1008.62
	618.33	0.00	11.96	1012.62
	618.34	0.00	12.04	1024.63
	618.35	0.00	12.06	1023.63
	618.36	0.00	12.09	1019.62
	618.38	0.00	12.15	1017.63
	618.39	0.00	12.21	1014.63
	618.40	0.00	12.27	1017.63
	618.41	0.00	12.44	1047.62
	618.42	0.00	12.55	1060.62
	618.43	0.00	12.70	1091.61
	618.45	0.00	12.78	1110.60
	618.46	0.00	12.89	1129.61
	618.47	0.00	12.94	1149.62
	618.48	0.00	13.00	1159.62
	618.49	0.00	13.07	1173.62
	618.50	0.00	13.13	1184.62
	618.52	0.00	13.18	1193.61
	618.53	0.00	13.24	1201.62
	618.54	0.00	13.30	1206.62
	618.55	0.00	13.37	1206.61
	618.56	0.00	13.44	1216.61
	618.57	0.00	13.48	1224.61
	618.59	0.00	13.56	1228.59
	618.60	0.00	13.69	1233.57
	618.61	0.00	13.71	1238.56
	618.62	0.00	13.79	1241.55
	618.63	0.00	13.85	1242.53
	618.64	0.00	13.88	1245.53
	618.66	0.00	13.97	1270.52
	618.67	0.00	13.99	1253.49
	618.68	0.00	14.07	1264.45
	618.69	0.00	14.14	1280.42
	618.70	0.00	14.19	1289.42
	618.71	0.00	14.30	1294.34
	618.72	0.00	14.38	1296.29
	618.74	0.00	14.43	1301.27
	618.75	0.00	14.49	1307.26
	618.76	0.00	14.52	1304.25
	618.77	0.00	14.63	1309.15
	618.78	0.00	14.69	1316.13
	618.80	0.00	14.70	1311.11
	618.81	0.00	14.69	1305.10
	618.82	0.00	14.72	1306.09
	618.83	0.00	14.73	1301.08
	618.84	0.00	14.71	1292.07
	618.85	0.00	14.74	1304.06
	618.86	0.00	14.76	1303.05
	618.88	0.00	14.78	1295.05
	618.89	0.00	14.79	1292.05
	618.90	0.00	14.82	1285.04
	618.91	0.00	14.84	1279.05
	618.92	0.00	14.87	1284.05
	618.94	0.00	14.90	1278.05
	618.95	0.00	14.93	1268.04
	618.96	0.00	14.98	1263.04
	618.97	0.00	15.01	1247.03
	618.98	0.00	15.04	1244.03
	618.99	0.00	15.15	1221.02
	619.01	0.00	15.18	1211.02
	619.02	0.00	15.22	1217.02
	619.03	0.00	15.23	1210.01
	619.04	0.00	15.23	1195.00
	619.05	0.00	15.24	1188.00
	619.06	0.00	15.26	1177.00
	619.08	0.00	15.27	1171.00
	619.09	0.00	15.32	1140.99
	619.10	0.00	15.36	1151.99
	619.11	0.00	15.36	1142.98
	619.12	0.00	15.38	1148.98
	619.13	0.00	15.40	1135.96
	619.15	0.00	15.60	1147.95
	619.16	0.00	15.61	1139.95
	619.17	0.00	15.65	1120.92
	619.18	0.00	15.65	1103.90
	619.19	0.00	15.63	1086.92
	619.20	0.00	15.63	1067.91
	619.22	0.00	15.59	1048.90
	619.23	0.00	15.59	1025.88
	619.24	0.00	15.57	1010.87
	619.25	0.00	15.57	993.85
	619.26	0.00	15.56	970.84
	619.27	0.00	15.52	945.84
	619.28	0.00	15.51	930.83
	619.30	0.00	15.54	915.81
	619.31	0.00	15.55	913.81
	619.32	0.00	15.54	897.80
	619.33	0.00	15.57	881.80
	619.34	0.00	15.59	883.80
	619.35	0.00	15.38	862.80
	619.37	0.00	15.41	867.79
	619.38	0.00	15.42	870.79
	619.39	0.00	15.43	867.79
	619.40	0.00	15.43	860.79
	619.41	0.00	15.38	856.79
	619.42	0.00	15.19	858.85
	619.44	0.00	15.06	870.96
	619.45	0.00	14.98	855.99
	619.46	0.00	14.76	845.14
	619.47	0.00	14.15	672.05
	619.48	0.00	13.93	631.03
	619.49	0.00	14.09	664.04
	619.51	0.00	14.34	707.03
	619.52	0.00	14.38	714.03
	619.53	0.00	14.40	719.02
	619.54	0.00	14.42	726.06
	619.55	0.00	14.40	729.06
	619.56	0.00	14.36	725.08
	619.58	0.00	14.38	738.11
	619.59	0.00	14.41	744.11
	619.60	0.00	14.38	744.12
	619.61	0.00	14.36	732.10
	619.62	0.00	14.40	730.08
	619.63	0.00	14.35	733.09
	619.64	0.00	14.36	728.08
	619.66	0.00	14.42	735.06
	619.67	0.00	14.45	739.05
	619.68	0.00	14.47	743.04
	619.69	0.00	14.51	747.03
	619.70	0.00	14.51	749.04
	619.71	0.00	14.53	754.04
	619.72	0.00	14.55	761.04
	619.74	0.00	14.58	766.03
	619.75	0.00	14.61	772.03
	619.76	0.00	14.63	773.02
	619.77	0.00	14.67	780.01
	619.78	0.00	14.66	778.01
	619.79	0.00	14.72	780.99
	619.81	0.00	14.54	777.09
	619.82	0.00	14.31	740.11
	619.83	0.00	14.13	726.13
	619.84	0.00	13.53	644.18
	619.85	0.00	13.04	643.24
	619.86	0.00	12.45	663.36
	619.88	0.00	12.00	714.49
	619.89	0.00	11.66	757.58
	619.90	0.00	11.62	792.59
	619.91	0.00	11.62	812.59
	619.92	0.00	11.72	849.58
	619.93	0.00	11.75	864.58
	619.95	0.00	11.77	871.55
	619.96	0.00	11.83	909.50
	619.97	0.00	11.94	942.50
	619.98	0.00	12.03	954.50
	619.99	0.00	12.10	973.51
	620.00	0.00	12.15	983.52
	620.02	0.00	12.22	999.53
	620.03	0.00	12.29	1007.53
	620.04	0.00	12.31	1009.53
	620.05	0.00	12.37	1017.53
	620.06	0.00	12.39	1011.53
	620.07	0.00	12.42	1013.53
	620.09	0.00	12.45	1007.52
	620.10	0.00	12.46	1012.53
	620.11	0.00	12.49	1016.53
	620.12	0.00	12.54	1021.52
	620.13	0.00	12.60	1028.52
	620.14	0.00	12.63	1036.52
	620.15	0.00	12.68	1047.53
	620.17	0.00	12.73	1053.52
	620.18	0.00	12.76	1053.53
	620.19	0.00	12.88	1077.53
	620.20	0.00	12.92	1084.53
	620.21	0.00	13.00	1116.53
	620.22	0.00	13.09	1131.53
	620.24	0.00	13.16	1142.53
	620.25	0.00	13.23	1148.53
	620.26	0.00	13.29	1156.52
	620.27	0.00	13.33	1157.52
	620.28	0.00	13.38	1171.52
	620.29	0.00	13.43	1168.52
	620.31	0.00	13.45	1172.52
	620.32	0.00	13.47	1180.52
	620.33	0.00	13.48	1188.51
	620.34	0.00	13.47	1188.51
	620.35	0.00	13.49	1192.51
	620.36	0.00	13.48	1196.50
	620.38	0.00	13.46	1200.50
	620.39	0.00	13.48	1187.50
	620.40	0.00	13.51	1192.50
	620.41	0.00	13.52	1199.49
	620.42	0.00	13.53	1201.49
	620.43	0.00	13.55	1204.49
	620.45	0.00	13.58	1209.48
	620.46	0.00	13.59	1238.48
	620.47	0.00	13.62	1241.48
	620.48	0.00	13.65	1229.48
	620.49	0.00	13.67	1251.48
	620.51	0.00	13.68	1253.48
	620.52	0.00	13.72	1250.47
	620.53	0.00	13.75	1251.47
	620.54	0.00	13.80	1249.46
	620.55	0.00	13.86	1224.46
	620.56	0.00	13.87	1223.45
	620.57	0.00	13.94	1223.44
	620.59	0.00	13.98	1221.44
	620.60	0.00	14.01	1222.43
	620.61	0.00	14.04	1220.43
	620.62	0.00	14.09	1215.42
	620.63	0.00	14.12	1216.42
	620.64	0.00	14.25	1243.41
	620.66	0.00	14.22	1225.41
	620.67	0.00	14.27	1248.40
	620.68	0.00	14.30	1248.40
	620.69	0.00	14.33	1249.41
	620.70	0.00	14.42	1247.38
	620.71	0.00	14.47	1239.36
	620.73	0.00	14.53	1235.34
	620.74	0.00	14.59	1230.32
	620.75	0.00	14.63	1221.32
	620.76	0.00	14.63	1199.32
	620.77	0.00	14.63	1197.32
	620.78	0.00	14.64	1197.32
	620.79	0.00	14.63	1198.32
	620.81	0.00	14.66	1197.31
	620.82	0.00	14.68	1199.29
	620.83	0.00	14.68	1197.28
	620.84	0.00	14.78	1189.20
	620.85	0.00	14.80	1175.18
	620.86	0.00	14.85	1160.15
	620.88	0.00	14.94	1129.13
	620.89	0.00	14.98	1113.12
	620.90	0.00	15.04	1104.10
	620.91	0.00	15.11	1086.06
	620.92	0.00	15.19	1045.02
	620.94	0.00	15.26	1035.99
	620.95	0.00	15.29	1021.97
	620.96	0.00	15.30	1000.95
	620.97	0.00	15.33	986.92
	620.98	0.00	15.37	970.89
	620.99	0.00	15.39	953.85
	621.01	0.00	15.38	937.83
	621.02	0.00	15.36	913.82
	621.03	0.00	15.36	892.81
	621.04	0.00	15.39	883.81
	621.05	0.00	15.34	872.81
	621.06	0.00	15.30	862.81
	621.08	0.00	15.25	855.82
	621.09	0.00	15.12	844.84
	621.10	0.00	14.85	822.94
	621.11	0.00	14.68	775.99
	621.12	0.00	14.31	713.06
	621.13	0.00	14.22	702.08
	621.15	0.00	14.40	742.10
	621.16	0.00	14.40	747.11
	621.17	0.00	14.40	753.13
	621.18	0.00	14.41	756.12
	621.19	0.00	14.41	756.12
	621.20	0.00	14.40	754.12
	621.21	0.00	14.40	755.13
	621.22	0.00	14.37	752.14
	621.24	0.00	14.41	757.13
	621.25	0.00	14.42	757.12
	621.26	0.00	14.42	757.11
	621.27	0.00	14.43	757.11
	621.28	0.00	14.44	759.11
	621.29	0.00	14.44	758.11
	621.31	0.00	14.43	756.11
	621.32	0.00	14.44	759.11
	621.33	0.00	14.44	758.11
	621.34	0.00	14.45	760.11
	621.35	0.00	14.45	761.11
	621.36	0.00	14.48	765.10
	621.38	0.00	14.49	767.10
	621.39	0.00	14.53	775.10
	621.40	0.00	14.54	778.10
	621.41	0.00	14.59	782.08
	621.42	0.00	14.59	786.09
	621.43	0.00	14.64	788.07
	621.45	0.00	14.66	785.05
	621.46	0.00	14.68	784.03
	621.47	0.00	14.69	787.03
	621.48	0.00	14.71	787.02
	621.49	0.00	14.71	787.02
	621.50	0.00	14.71	788.02
	621.52	0.00	14.71	791.02
	621.53	0.00	14.70	789.02
	621.54	0.00	14.69	787.02
	621.55	0.00	14.70	785.02
	621.56	0.00	14.72	786.01
	621.57	0.00	14.72	786.01
	621.59	0.00	14.71	790.02
	621.60	0.00	14.71	786.02
	621.61	0.00	14.61	786.07
	621.62	0.00	14.53	785.13
	621.63	0.00	14.34	776.20
	621.64	0.00	14.03	742.29
	621.66	0.00	13.33	687.37
	621.67	0.00	13.31	720.38
	621.68	0.00	12.55	659.42
	621.69	0.00	12.40	679.45
	621.70	0.00	12.44	746.51
	621.71	0.00	12.29	768.54
	621.72	0.00	12.28	801.57
	621.73	0.00	12.54	889.56
	621.75	0.00	12.86	978.57
	621.76	0.00	12.72	1000.58
	621.77	0.00	12.76	1049.58
	621.78	0.00	12.77	1062.58
	621.79	0.00	12.78	1073.55
	621.80	0.00	12.77	1080.59
	621.82	0.00	12.77	1082.58
	621.83	0.00	12.78	1089.58
	621.84	0.00	12.86	1110.58
	621.85	0.00	12.84	1103.58
	621.86	0.00	12.79	1098.58
	621.88	0.00	12.79	1101.57
	621.89	0.00	12.81	1106.57
	621.90	0.00	12.82	1113.57
	621.91	0.00	12.85	1115.57
	621.92	0.00	12.85	1119.57
	621.93	0.00	12.91	1134.57
	621.95	0.00	12.95	1139.57
	621.96	0.00	12.99	1146.58
	621.97	0.00	13.04	1146.58
	621.98	0.00	13.07	1150.58
	621.99	0.00	13.14	1159.57
	622.00	0.00	13.16	1160.57
	622.02	0.00	13.20	1167.57
	622.03	0.00	13.24	1164.57
	622.04	0.00	13.30	1169.57
	622.05	0.00	13.35	1171.57
	622.06	0.00	13.41	1173.57
	622.07	0.00	13.42	1166.57
	622.09	0.00	13.48	1170.56
	622.10	0.00	13.51	1168.56
	622.11	0.00	13.53	1167.56
	622.12	0.00	13.58	1166.56
	622.13	0.00	13.59	1166.56
	622.14	0.00	13.60	1167.56
	622.16	0.00	13.62	1167.57
	622.17	0.00	13.65	1191.56
	622.18	0.00	13.63	1191.56
	622.19	0.00	13.65	1189.55
	622.20	0.00	13.67	1197.55
	622.21	0.00	13.73	1214.55
	622.22	0.00	13.73	1218.56
	622.24	0.00	13.74	1224.55
	622.25	0.00	13.78	1220.55
	622.26	0.00	13.74	1226.56
	622.27	0.00	13.73	1225.56
	622.28	0.00	13.73	1225.56
	622.30	0.00	13.74	1229.56
	622.31	0.00	13.74	1234.56
	622.32	0.00	13.76	1235.56
	622.33	0.00	13.76	1234.56
	622.34	0.00	13.82	1237.55
	622.35	0.00	13.84	1241.55
	622.36	0.00	13.85	1239.56
	622.38	0.00	13.88	1235.55
	622.39	0.00	13.90	1234.55
	622.40	0.00	13.92	1232.55
	622.41	0.00	13.93	1229.55
	622.42	0.00	13.94	1229.55
	622.44	0.00	13.94	1220.55
	622.45	0.00	13.97	1216.53
	622.46	0.00	13.96	1211.55
	622.47	0.00	13.97	1210.55
	622.48	0.00	13.98	1206.55
	622.49	0.00	13.99	1208.55
	622.51	0.00	14.01	1213.55
	622.52	0.00	14.05	1220.55
	622.53	0.00	14.09	1219.54
	622.54	0.00	14.14	1224.53
	622.55	0.00	14.21	1221.53
	622.56	0.00	14.28	1220.52
	622.58	0.00	14.40	1210.51
	622.59	0.00	14.45	1199.50
	622.60	0.00	14.53	1189.47
	622.61	0.00	14.70	1155.43
	622.62	0.00	14.78	1136.38
	622.63	0.00	14.95	1105.29
	622.65	0.00	15.11	1063.17
	622.66	0.00	15.15	1019.09
	622.67	0.00	15.23	1013.05
	622.68	0.00	15.26	1000.04
	622.69	0.00	15.47	1005.01
	622.70	0.00	15.50	992.98
	622.72	0.00	15.55	979.93
	622.73	0.00	15.58	957.87
	622.74	0.00	15.59	937.85
	622.75	0.00	15.55	915.84
	622.76	0.00	15.51	888.83
	622.77	0.00	15.26	836.83
	622.78	0.00	15.27	827.82
	622.80	0.00	15.19	809.83
	622.81	0.00	15.10	803.84
	622.82	0.00	14.88	792.93
	622.83	0.00	14.72	781.01
	622.84	0.00	14.54	754.05
	622.85	0.00	14.07	677.12
	622.87	0.00	13.80	644.18
	622.88	0.00	14.12	709.21
	622.89	0.00	14.14	718.22
	622.90	0.00	14.16	722.22
	622.91	0.00	14.17	725.22
	622.92	0.00	14.16	723.22
	622.94	0.00	14.19	725.21
	622.95	0.00	14.17	721.21
	622.96	0.00	14.18	723.21
	622.97	0.00	14.16	720.21
	622.98	0.00	14.17	722.21
	622.99	0.00	14.20	727.21
	623.01	0.00	14.21	726.20
	623.02	0.00	14.21	726.20
	623.03	0.00	14.22	732.20
	623.04	0.00	14.23	731.20
	623.05	0.00	14.28	740.20
	623.06	0.00	14.29	743.20
	623.07	0.00	14.31	746.20
	623.09	0.00	14.32	749.20
	623.10	0.00	14.34	748.18
	623.11	0.00	14.32	749.19
	623.12	0.00	14.35	752.19
	623.13	0.00	14.36	755.19
	623.14	0.00	14.38	759.19
	623.16	0.00	14.41	764.19
	623.17	0.00	14.43	767.18
	623.18	0.00	14.42	766.17
	623.19	0.00	14.49	766.13
	623.20	0.00	14.50	767.11
	623.21	0.00	14.55	764.08
	623.22	0.00	14.58	766.06
	623.24	0.00	14.60	770.06
	623.25	0.00	14.62	772.06
	623.26	0.00	14.62	772.05
	623.27	0.00	14.63	775.05
	623.28	0.00	14.67	776.03
	623.29	0.00	14.46	779.18
	623.31	0.00	13.95	721.28
	623.32	0.00	13.22	633.31
	623.33	0.00	12.23	607.41
	623.34	0.00	11.44	615.51
	623.35	0.00	11.17	641.61
	623.36	0.00	10.93	692.72
	623.38	0.00	10.73	749.85
	623.39	0.00	10.71	794.86
	623.40	0.00	10.95	861.84
	623.41	0.00	11.07	880.79
	623.42	0.00	11.17	904.75
	623.43	0.00	11.35	928.74
	623.44	0.00	11.47	936.73
	623.46	0.00	11.55	939.73
	623.47	0.00	11.65	948.75
	623.48	0.00	11.79	960.76
	623.49	0.00	12.07	987.76
	623.50	0.00	12.19	992.76
	623.51	0.00	12.31	995.75
	623.53	0.00	12.42	999.73
	623.54	0.00	12.50	994.71
	623.55	0.00	12.64	979.70
	623.56	0.00	12.71	978.68
	623.57	0.00	12.77	981.69
	623.59	0.00	12.78	975.68
	623.60	0.00	12.86	981.68
	623.61	0.00	12.89	979.67
	623.62	0.00	12.97	987.67
	623.63	0.00	13.01	987.67
	623.64	0.00	13.05	991.67
	623.65	0.00	13.08	994.66
	623.67	0.00	13.15	1013.65
	623.68	0.00	13.18	1012.65
	623.69	0.00	13.19	1008.64
	623.70	0.00	13.31	1013.60
	623.71	0.00	13.27	1013.65
	623.72	0.00	13.32	1010.63
	623.73	0.00	13.37	1015.63
	623.75	0.00	13.39	1015.63
	623.76	0.00	13.42	1020.63
	623.77	0.00	13.44	1024.63
	623.78	0.00	13.46	1031.64
	623.79	0.00	13.49	1034.62
	623.80	0.00	13.50	1041.62
	623.82	0.00	13.52	1048.62
	623.83	0.00	13.52	1051.62
	623.84	0.00	13.48	1077.62
	623.85	0.00	13.48	1083.62
	623.86	0.00	13.50	1090.62
	623.88	0.00	13.54	1109.62
	623.89	0.00	13.54	1112.62
	623.90	0.00	13.61	1095.62
	623.91	0.00	13.57	1115.62
	623.92	0.00	13.57	1114.61
	623.93	0.00	13.58	1114.62
	623.94	0.00	13.57	1128.62
	623.96	0.00	13.58	1138.62
	623.97	0.00	13.58	1142.62
	623.98	0.00	13.60	1141.62
	623.99	0.00	13.70	1122.62
	624.00	0.00	13.72	1121.61
	624.02	0.00	13.78	1121.61
	624.03	0.00	13.87	1096.60
	624.04	0.00	13.95	1091.60
	624.05	0.00	14.00	1105.60
	624.06	0.00	14.08	1083.60
	624.07	0.00	14.11	1081.60
	624.08	0.00	14.16	1078.58
	624.10	0.00	14.22	1077.58
	624.11	0.00	14.25	1074.57
	624.12	0.00	14.29	1074.56
	624.13	0.00	14.32	1072.56
	624.14	0.00	14.35	1067.55
	624.15	0.00	14.40	1071.54
	624.17	0.00	14.39	1063.54
	624.18	0.00	14.47	1061.53
	624.19	0.00	14.54	1059.51
	624.20	0.00	14.55	1046.50
	624.21	0.00	14.63	1041.47
	624.22	0.00	14.73	1015.44
	624.24	0.00	14.76	990.41
	624.25	0.00	14.84	988.35
	624.26	0.00	14.91	985.29
	624.27	0.00	15.04	977.19
	624.28	0.00	15.08	973.16
	624.29	0.00	15.09	967.14
	624.31	0.00	15.11	953.10
	624.32	0.00	15.13	934.06
	624.33	0.00	15.10	907.03
	624.34	0.00	15.03	877.01
	624.35	0.00	14.98	829.98
	624.36	0.00	15.04	815.90
	624.38	0.00	15.14	808.86
	624.39	0.00	15.21	806.85
	624.40	0.00	15.27	804.84
	624.41	0.00	15.23	796.84
	624.42	0.00	15.21	790.84
	624.43	0.00	15.14	788.84
	624.45	0.00	14.96	778.88
	624.46	0.00	14.70	765.01
	624.47	0.00	14.48	747.10
	624.48	0.00	14.25	721.16
	624.49	0.00	14.03	684.17
	624.50	0.00	14.20	709.15
	624.52	0.00	14.29	723.13
	624.53	0.00	14.30	727.14
	624.54	0.00	14.28	728.16
	624.55	0.00	14.28	732.16
	624.56	0.00	14.31	735.16
	624.57	0.00	14.30	733.16
	624.58	0.00	14.30	732.16
	624.59	0.00	14.27	726.16
	624.61	0.00	14.26	727.17
	624.62	0.00	14.25	731.18
	624.63	0.00	14.26	727.17
	624.64	0.00	14.25	728.17
	624.65	0.00	14.28	733.16
	624.66	0.00	14.27	733.17
	624.68	0.00	14.25	729.17
	624.69	0.00	14.28	726.13
	624.70	0.00	14.24	723.15
	624.71	0.00	14.26	728.15
	624.72	0.00	14.24	723.15
	624.73	0.00	14.24	720.15
	624.75	0.00	14.21	714.15
	624.76	0.00	14.24	720.15
	624.77	0.00	14.24	719.16
	624.78	0.00	14.21	717.16
	624.79	0.00	14.21	718.16
	624.80	0.00	14.26	727.16
	624.82	0.00	14.30	732.15
	624.83	0.00	14.37	740.13
	624.84	0.00	14.44	744.09
	624.85	0.00	14.47	750.09
	624.86	0.00	14.48	753.10
	624.87	0.00	14.46	755.10
	624.89	0.00	14.44	753.12
	624.90	0.00	14.41	752.14
	624.91	0.00	14.36	745.15
	624.92	0.00	14.37	754.17
	624.93	0.00	14.25	777.26
	624.94	0.00	13.96	744.35
	624.96	0.00	13.01	618.37
	624.97	0.00	12.34	610.41
	624.98	0.00	11.35	571.50
	624.99	0.00	11.19	622.61
	625.00	0.00	10.92	688.78
	625.01	0.00	10.79	750.93
	625.03	0.00	10.75	789.97
	625.04	0.00	10.71	829.02
	625.05	0.00	10.73	864.00
	625.06	0.00	10.76	878.99
	625.07	0.00	10.95	914.94
	625.08	0.00	11.00	914.90
	625.09	0.00	11.07	922.88
	625.10	0.00	11.11	924.86
	625.12	0.00	11.22	941.87
	625.13	0.00	11.22	933.84
	625.14	0.00	11.20	928.84
	625.15	0.00	11.23	949.82
	625.16	0.00	11.27	950.80
	625.17	0.00	11.29	952.80
	625.19	0.00	11.28	955.80
	625.20	0.00	11.33	957.77
	625.21	0.00	11.32	964.77
	625.22	0.00	11.33	967.77
	625.23	0.00	11.33	970.78
	625.24	0.00	11.34	972.78
	625.26	0.00	11.35	974.78
	625.27	0.00	11.37	980.77
	625.28	0.00	11.41	985.76
	625.29	0.00	11.45	993.75
	625.30	0.00	11.49	1013.74
	625.31	0.00	11.49	1021.73
	625.33	0.00	11.54	1023.68
	625.34	0.00	11.57	1033.70
	625.35	0.00	11.64	1042.69
	625.36	0.00	11.66	1043.69
	625.37	0.00	11.67	1049.69
	625.38	0.00	11.73	1053.68
	625.40	0.00	11.76	1057.68
	625.41	0.00	11.82	1062.68
	625.42	0.00	11.84	1078.68
	625.43	0.00	11.86	1086.68
	625.44	0.00	11.87	1096.69
	625.45	0.00	11.92	1114.69
	625.47	0.00	11.97	1127.70
	625.48	0.00	12.00	1133.68
	625.49	0.00	12.10	1151.68
	625.50	0.00	12.13	1152.68
	625.51	0.00	12.17	1166.69
	625.52	0.00	12.22	1176.70
	625.54	0.00	12.30	1186.69
	625.55	0.00	12.38	1197.69
	625.56	0.00	12.43	1201.68
	625.57	0.00	12.49	1207.68
	625.58	0.00	12.62	1229.68
	625.59	0.00	12.87	1287.69
	625.60	0.00	13.05	1320.67
	625.62	0.00	13.21	1351.67
	625.63	0.00	13.33	1365.66
	625.64	0.00	13.42	1372.66
	625.65	0.00	13.50	1374.66
	625.66	0.00	13.58	1374.66
	625.67	0.00	13.66	1383.64
	625.69	0.00	13.74	1387.63
	625.70	0.00	13.82	1385.62
	625.71	0.00	13.90	1378.62
	625.72	0.00	14.01	1383.60
	625.73	0.00	14.12	1378.56
	625.75	0.00	14.23	1381.57
	625.76	0.00	14.31	1376.57
	625.77	0.00	14.42	1384.55
	625.78	0.00	14.50	1386.53
	625.79	0.00	14.55	1376.52
	625.80	0.00	14.63	1382.51
	625.82	0.00	14.73	1377.51
	625.83	0.00	14.89	1389.48
	625.84	0.00	15.00	1383.42
	625.85	0.00	15.10	1371.36
	625.86	0.00	15.16	1362.34
	625.87	0.00	15.31	1347.28
	625.89	0.00	15.43	1349.17
	625.90	0.00	15.50	1344.13
	625.91	0.00	15.52	1331.10
	625.92	0.00	15.61	1318.06
	625.93	0.00	15.72	1254.99
	625.94	0.00	15.79	1237.93
	625.96	0.00	15.83	1221.90
	625.97	0.00	15.85	1207.88
	625.98	0.00	15.85	1190.87
	625.99	0.00	15.86	1171.86
	626.00	0.00	16.03	1175.85
	626.01	0.00	16.03	1155.84
	626.03	0.00	16.03	1130.84
	626.04	0.00	16.00	1086.83
	626.05	0.00	15.94	1040.83
	626.06	0.00	15.89	988.83
	626.07	0.00	15.85	960.82
	626.08	0.00	15.63	928.82
	626.10	0.00	15.61	917.82
	626.11	0.00	15.58	900.81
	626.12	0.00	15.52	873.81
	626.13	0.00	15.33	843.81
	626.14	0.00	15.00	829.93
	626.15	0.00	15.07	873.02
	626.16	0.00	14.50	752.09
	626.18	0.00	14.19	703.12
	626.19	0.00	14.41	751.14
	626.20	0.00	14.52	762.09
	626.21	0.00	14.56	767.08
	626.22	0.00	14.53	772.10
	626.23	0.00	14.54	770.11
	626.25	0.00	14.53	768.11
	626.26	0.00	14.52	772.13
	626.27	0.00	14.50	773.15
	626.28	0.00	14.47	775.17
	626.29	0.00	14.47	776.17
	626.30	0.00	14.44	775.19
	626.32	0.00	14.49	781.17
	626.33	0.00	14.54	778.14
	626.34	0.00	14.55	783.13
	626.35	0.00	14.50	782.16
	626.36	0.00	14.49	776.15
	626.37	0.00	14.51	776.13
	626.39	0.00	14.52	774.12
	626.40	0.00	14.53	777.13
	626.41	0.00	14.51	776.14
	626.42	0.00	14.52	776.13
	626.43	0.00	14.52	776.13
	626.44	0.00	14.52	776.13
	626.46	0.00	14.52	776.13
	626.47	0.00	14.53	775.13
	626.48	0.00	14.54	778.12
	626.49	0.00	14.56	779.11
	626.50	0.00	14.59	782.10
	626.51	0.00	14.61	786.10
	626.53	0.00	14.62	786.09
	626.54	0.00	14.63	789.08
	626.55	0.00	14.66	794.07
	626.56	0.00	14.67	791.05
	626.57	0.00	14.70	795.04
	626.58	0.00	14.73	801.04
	626.59	0.00	14.73	798.04
	626.61	0.00	14.73	802.04
	626.62	0.00	14.64	804.11
	626.63	0.00	14.44	797.17
	626.64	0.00	14.04	743.25
	626.65	0.00	13.31	660.26
	626.66	0.00	12.10	629.43
	626.67	0.00	11.57	676.55
	626.69	0.00	11.38	708.64
	626.70	0.00	11.15	774.76
	626.71	0.00	11.07	822.84
	626.72	0.00	11.17	872.83
	626.73	0.00	11.26	898.77
	626.75	0.00	11.38	913.73
	626.76	0.00	11.52	963.69
	626.77	0.00	11.67	1005.65
	626.78	0.00	11.79	1026.61
	626.79	0.00	11.83	1028.61
	626.80	0.00	11.90	1029.60
	626.81	0.00	11.98	1025.59
	626.83	0.00	12.04	1019.59
	626.84	0.00	12.12	1015.60
	626.85	0.00	12.20	1012.59
	626.86	0.00	12.23	1011.59
	626.87	0.00	12.31	1008.58
	626.88	0.00	12.36	1012.58
	626.90	0.00	12.44	1024.58
	626.91	0.00	12.48	1033.58
	626.92	0.00	12.55	1049.58
	626.93	0.00	12.62	1064.58
	626.94	0.00	12.67	1070.58
	626.96	0.00	12.71	1078.58
	626.97	0.00	12.75	1081.58
	626.98	0.00	12.79	1083.58
	626.99	0.00	12.80	1081.58
	627.00	0.00	12.85	1089.58
	627.01	0.00	12.87	1090.58
	627.02	0.00	12.89	1088.58
	627.04	0.00	12.98	1090.52
	627.05	0.00	12.96	1109.59
	627.06	0.00	12.99	1118.59
	627.07	0.00	13.00	1111.59
	627.08	0.00	13.04	1117.59
	627.09	0.00	13.09	1125.59
	627.11	0.00	13.12	1129.60
	627.12	0.00	13.14	1130.59
	627.13	0.00	13.15	1134.59
	627.14	0.00	13.19	1134.58
	627.15	0.00	13.21	1130.58
	627.16	0.00	13.22	1135.59
	627.18	0.00	13.23	1138.58
	627.19	0.00	13.22	1140.59
	627.20	0.00	13.24	1141.58
	627.21	0.00	13.22	1143.59
	627.22	0.00	13.21	1145.59
	627.23	0.00	13.19	1147.60
	627.25	0.00	13.19	1152.61
	627.26	0.00	13.16	1143.61
	627.27	0.00	13.19	1154.61
	627.28	0.00	13.18	1146.61
	627.29	0.00	13.23	1163.62
	627.30	0.00	13.27	1171.62
	627.32	0.00	13.25	1163.62
	627.33	0.00	13.26	1162.62
	627.34	0.00	13.32	1168.62
	627.35	0.00	13.35	1166.62
	627.36	0.00	13.40	1167.63
	627.38	0.00	13.46	1163.63
	627.39	0.00	13.60	1182.62
	627.40	0.00	13.65	1181.60
	627.41	0.00	13.72	1187.58
	627.42	0.00	13.79	1185.57
	627.43	0.00	13.83	1185.56
	627.45	0.00	13.90	1171.56
	627.46	0.00	14.01	1157.56
	627.47	0.00	14.08	1152.55
	627.48	0.00	14.19	1159.54
	627.49	0.00	14.32	1138.53
	627.50	0.00	14.48	1142.52
	627.52	0.00	14.56	1149.51
	627.53	0.00	14.63	1154.50
	627.54	0.00	14.68	1154.49
	627.55	0.00	14.77	1148.46
	627.56	0.00	14.84	1144.43
	627.57	0.00	14.93	1136.37
	627.59	0.00	15.02	1127.33
	627.60	0.00	15.09	1098.29
	627.61	0.00	15.38	1104.17
	627.62	0.00	15.51	1081.12
	627.63	0.00	15.56	1068.06
	627.64	0.00	15.60	1060.04
	627.66	0.00	15.63	1054.02
	627.67	0.00	15.64	1037.00
	627.68	0.00	15.63	1013.97
	627.69	0.00	15.69	986.90
	627.70	0.00	15.47	908.88
	627.71	0.00	15.44	878.86
	627.72	0.00	15.33	829.85
	627.74	0.00	15.29	784.85
	627.75	0.00	15.33	782.84
	627.76	0.00	15.47	800.83
	627.77	0.00	15.26	794.83
	627.78	0.00	15.29	799.83
	627.79	0.00	15.27	791.82
	627.81	0.00	15.19	774.82
	627.82	0.00	15.02	767.84
	627.83	0.00	14.74	742.92
	627.84	0.00	14.48	711.99
	627.85	0.00	14.29	689.03
	627.86	0.00	13.95	665.17
	627.88	0.00	13.79	624.13
	627.89	0.00	13.93	653.14
	627.90	0.00	14.13	666.05
	627.91	0.00	14.15	675.06
	627.92	0.00	14.11	677.11
	627.93	0.00	14.10	679.11
	627.95	0.00	14.14	684.11
	627.96	0.00	14.09	683.13
	627.97	0.00	14.08	684.13
	627.98	0.00	14.09	682.13
	627.99	0.00	14.15	696.13
	628.00	0.00	14.22	705.11
	628.02	0.00	14.24	717.14
	628.03	0.00	14.24	718.14
	628.04	0.00	14.24	720.14
	628.05	0.00	14.25	716.13
	628.06	0.00	14.24	718.13
	628.07	0.00	14.28	722.12
	628.08	0.00	14.28	723.12
	628.10	0.00	14.26	717.12
	628.11	0.00	14.25	714.12
	628.12	0.00	14.25	719.12
	628.13	0.00	14.22	713.12
	628.14	0.00	14.25	719.12
	628.15	0.00	14.28	724.12
	628.16	0.00	14.26	724.13
	628.18	0.00	14.34	740.13
	628.19	0.00	14.37	744.13
	628.20	0.00	14.35	742.13
	628.21	0.00	14.36	744.13
	628.22	0.00	14.37	745.13
	628.23	0.00	14.42	754.13
	628.25	0.00	14.43	750.11
	628.26	0.00	14.41	750.12
	628.27	0.00	14.42	756.13
	628.28	0.00	14.43	758.13
	628.29	0.00	14.44	760.13
	628.30	0.00	14.45	762.13
	628.32	0.00	14.48	765.12
	628.33	0.00	14.38	769.17
	628.34	0.00	14.19	745.20
	628.35	0.00	13.83	689.22
	628.36	0.00	12.88	631.31
	628.37	0.00	11.94	637.43
	628.39	0.00	11.55	680.56
	628.40	0.00	11.26	731.72
	628.41	0.00	11.04	798.80
	628.42	0.00	10.97	841.80
	628.43	0.00	11.08	892.76
	628.44	0.00	11.16	932.72
	628.46	0.00	11.32	956.66
	628.47	0.00	11.53	1009.62
	628.48	0.00	11.64	1039.62
	628.49	0.00	11.74	1054.61
	628.50	0.00	11.80	1052.61
	628.51	0.00	11.86	1051.60
	628.53	0.00	11.90	1041.60
	628.54	0.00	11.95	1032.60
	628.55	0.00	12.01	1025.58
	628.56	0.00	12.04	1020.59
	628.57	0.00	12.07	1011.59
	628.58	0.00	12.15	1016.59
	628.59	0.00	12.22	1022.58
	628.61	0.00	12.28	1027.58
	628.62	0.00	12.35	1038.58
	628.63	0.00	12.40	1048.59
	628.64	0.00	12.41	1055.59
	628.65	0.00	12.58	1086.59
	628.66	0.00	12.70	1113.60
	628.68	0.00	12.77	1126.60
	628.69	0.00	12.82	1132.61
	628.70	0.00	12.86	1141.60
	628.71	0.00	12.91	1148.60
	628.72	0.00	12.96	1157.60
	628.73	0.00	12.97	1152.60
	628.75	0.00	13.02	1159.60
	628.76	0.00	13.05	1167.60
	628.77	0.00	13.09	1176.61
	628.78	0.00	13.11	1173.60
	628.79	0.00	13.14	1179.60
	628.80	0.00	13.15	1183.60
	628.82	0.00	13.19	1188.60
	628.83	0.00	13.21	1191.60
	628.84	0.00	13.26	1202.60
	628.85	0.00	13.29	1206.60
	628.86	0.00	13.33	1215.59
	628.88	0.00	13.37	1220.59
	628.89	0.00	13.42	1225.59
	628.90	0.00	13.45	1228.60
	628.91	0.00	13.49	1223.59
	628.92	0.00	13.58	1242.59
	628.93	0.00	13.61	1235.59
	628.95	0.00	13.64	1253.59
	628.96	0.00	13.66	1253.59
	628.97	0.00	13.69	1253.59
	628.98	0.00	13.70	1257.59
	628.99	0.00	13.73	1249.59
	629.00	0.00	13.73	1235.59
	629.02	0.00	13.74	1216.60
	629.03	0.00	13.75	1213.60
	629.04	0.00	13.74	1211.60
	629.05	0.00	13.73	1202.61
	629.06	0.00	13.72	1198.62
	629.07	0.00	13.75	1174.63
	629.09	0.00	13.75	1178.63
	629.10	0.00	13.75	1177.64
	629.11	0.00	13.78	1176.63
	629.12	0.00	13.81	1155.63
	629.13	0.00	13.86	1153.64
	629.14	0.00	13.95	1150.63
	629.16	0.00	14.05	1149.62
	629.17	0.00	14.17	1162.61
	629.18	0.00	14.28	1158.60
	629.19	0.00	14.41	1157.57
	629.20	0.00	14.53	1148.54
	629.21	0.00	14.64	1139.50
	629.22	0.00	14.74	1140.46
	629.24	0.00	14.79	1131.48
	629.25	0.00	14.94	1104.38
	629.26	0.00	15.10	1089.22
	629.27	0.00	15.19	1070.13
	629.28	0.00	15.44	1064.07
	629.29	0.00	15.48	1055.05
	629.31	0.00	15.49	1045.04
	629.32	0.00	15.50	1040.03
	629.33	0.00	15.51	1033.01
	629.34	0.00	15.54	1025.98
	629.35	0.00	15.60	1011.93
	629.36	0.00	15.67	1005.88
	629.38	0.00	15.67	989.87
	629.39	0.00	15.68	975.85
	629.40	0.00	15.68	966.85
	629.41	0.00	15.67	919.84
	629.42	0.00	15.61	869.83
	629.44	0.00	15.30	825.83
	629.45	0.00	15.27	809.82
	629.46	0.00	15.23	797.82
	629.47	0.00	15.19	779.82
	629.48	0.00	15.12	760.82
	629.49	0.00	14.90	752.84
	629.50	0.00	14.57	725.96
	629.52	0.00	14.38	697.01
	629.53	0.00	14.06	655.07
	629.54	0.00	13.94	631.07
	629.55	0.00	13.99	644.08
	629.56	0.00	14.07	658.08
	629.57	0.00	14.11	666.07
	629.58	0.00	14.12	666.08
	629.60	0.00	14.10	670.09
	629.61	0.00	14.10	675.10
	629.62	0.00	14.09	673.10
	629.63	0.00	14.12	683.12
	629.64	0.00	14.06	681.15
	629.65	0.00	14.05	676.15
	629.67	0.00	14.07	681.14
	629.68	0.00	14.15	692.12
	629.69	0.00	14.14	702.15
	629.70	0.00	14.08	698.19
	629.71	0.00	14.08	700.20
	629.72	0.00	14.11	703.19
	629.74	0.00	14.11	701.18
	629.75	0.00	14.08	699.19
	629.76	0.00	14.02	690.19
	629.77	0.00	14.08	701.20
	629.78	0.00	14.09	703.20
	629.79	0.00	14.08	701.20
	629.81	0.00	14.06	697.20
	629.82	0.00	14.04	694.20
	629.83	0.00	14.07	697.19
	629.84	0.00	14.07	699.20
	629.85	0.00	14.08	701.20
	629.86	0.00	14.11	706.20
	629.88	0.00	14.12	709.20
	629.89	0.00	14.15	715.20
	629.90	0.00	14.17	716.19
	629.91	0.00	14.18	715.18
	629.92	0.00	14.20	716.18
	629.93	0.00	14.19	718.18
	629.94	0.00	14.23	719.16
	629.96	0.00	14.24	720.15
	629.97	0.00	14.26	723.15
	629.98	0.00	14.27	724.15
	629.99	0.00	14.25	724.16
	630.00	0.00	14.31	725.12
	630.01	0.00	14.31	727.13
	630.03	0.00	14.14	728.24
	630.04	0.00	14.03	727.25
	630.05	0.00	13.51	651.28
	630.06	0.00	12.59	601.33
	630.07	0.00	12.01	653.44
	630.08	0.00	11.62	694.55
	630.09	0.00	11.33	746.64
	630.11	0.00	11.02	790.75
	630.12	0.00	10.82	827.80
	630.13	0.00	10.87	876.80
	630.14	0.00	10.92	898.78
	630.15	0.00	10.98	925.75
	630.16	0.00	11.08	937.74
	630.18	0.00	11.16	939.70
	630.19	0.00	11.25	941.70
	630.20	0.00	11.41	968.68
	630.21	0.00	11.47	964.67
	630.22	0.00	11.59	960.65
	630.23	0.00	11.70	957.63
	630.25	0.00	11.75	947.65
	630.26	0.00	11.87	951.65
	630.27	0.00	11.97	948.65
	630.28	0.00	12.09	959.66
	630.29	0.00	12.35	1003.67
	630.30	0.00	12.56	1035.70
	630.32	0.00	12.73	1062.68
	630.33	0.00	12.86	1091.69
	630.34	0.00	12.94	1106.69
	630.35	0.00	13.01	1115.69
	630.36	0.00	13.11	1133.69
	630.37	0.00	13.18	1140.69
	630.39	0.00	13.23	1152.68
	630.40	0.00	13.34	1159.68
	630.41	0.00	13.42	1162.67
	630.42	0.00	13.53	1185.67
	630.43	0.00	13.59	1206.66
	630.44	0.00	13.65	1208.66
	630.46	0.00	13.72	1212.64
	630.47	0.00	13.80	1225.64
	630.48	0.00	13.84	1230.63
	630.49	0.00	13.92	1242.62
	630.50	0.00	13.94	1241.62
	630.51	0.00	13.98	1248.61
	630.53	0.00	14.04	1255.60
	630.54	0.00	14.06	1264.60
	630.55	0.00	14.11	1273.60
	630.56	0.00	14.13	1274.59
	630.57	0.00	14.18	1285.59
	630.58	0.00	14.22	1286.58
	630.59	0.00	14.26	1283.57
	630.61	0.00	14.31	1281.56
	630.62	0.00	14.38	1270.56
	630.63	0.00	14.44	1263.55
	630.64	0.00	14.49	1258.54
	630.65	0.00	14.53	1252.53
	630.66	0.00	14.55	1234.52
	630.68	0.00	14.64	1219.52
	630.69	0.00	14.66	1216.51
	630.70	0.00	14.69	1215.50
	630.71	0.00	14.71	1212.50
	630.72	0.00	14.73	1212.49
	630.73	0.00	14.74	1207.48
	630.75	0.00	14.81	1224.46
	630.76	0.00	14.80	1204.46
	630.77	0.00	14.83	1196.44
	630.78	0.00	14.83	1170.46
	630.79	0.00	14.84	1163.45
	630.80	0.00	14.86	1152.45
	630.82	0.00	14.87	1116.45
	630.83	0.00	14.88	1113.45
	630.84	0.00	14.88	1109.45
	630.85	0.00	14.86	1130.45
	630.86	0.00	14.88	1111.45
	630.88	0.00	14.84	1122.45
	630.89	0.00	14.89	1133.46
	630.90	0.00	14.92	1103.46
	630.91	0.00	14.90	1101.49
	630.92	0.00	14.90	1096.49
	630.93	0.00	14.94	1098.47
	630.94	0.00	14.96	1093.44
	630.96	0.00	15.06	1065.33
	630.97	0.00	15.24	1062.16
	630.98	0.00	15.33	1064.11
	630.99	0.00	15.35	1061.09
	631.00	0.00	15.36	1055.08
	631.02	0.00	15.39	1052.06
	631.03	0.00	15.60	1063.02
	631.04	0.00	15.60	1051.00
	631.05	0.00	15.58	1031.99
	631.06	0.00	15.55	1002.96
	631.07	0.00	15.36	961.92
	631.09	0.00	15.33	929.89
	631.10	0.00	15.36	911.85
	631.11	0.00	15.32	862.84
	631.12	0.00	15.31	846.83
	631.13	0.00	15.32	822.82
	631.14	0.00	15.30	802.81
	631.15	0.00	15.29	797.81
	631.16	0.00	15.27	786.81
	631.18	0.00	15.25	776.80
	631.19	0.00	15.18	767.81
	631.20	0.00	14.99	771.82
	631.21	0.00	14.76	760.92
	631.22	0.00	14.60	749.00
	631.23	0.00	14.36	714.04
	631.25	0.00	14.25	686.02
	631.26	0.00	14.28	698.03
	631.27	0.00	14.30	704.04
	631.28	0.00	14.30	706.05
	631.29	0.00	14.31	711.06
	631.30	0.00	14.31	713.07
	631.32	0.00	14.28	710.08
	631.33	0.00	14.27	709.08
	631.34	0.00	14.27	709.08
	631.35	0.00	14.27	709.08
	631.36	0.00	14.27	708.08
	631.37	0.00	14.29	712.08
	631.39	0.00	14.29	712.08
	631.40	0.00	14.32	721.09
	631.41	0.00	14.31	723.09
	631.42	0.00	14.32	728.10
	631.43	0.00	14.31	726.10
	631.44	0.00	14.30	724.10
	631.46	0.00	14.31	720.09
	631.47	0.00	14.29	719.10
	631.48	0.00	14.33	726.09
	631.49	0.00	14.32	725.10
	631.50	0.00	14.36	732.10
	631.51	0.00	14.37	734.10
	631.53	0.00	14.37	735.10
	631.54	0.00	14.37	734.10
	631.55	0.00	14.39	738.10
	631.56	0.00	14.37	735.10
	631.57	0.00	14.39	739.09
	631.58	0.00	14.40	741.09
	631.59	0.00	14.40	737.08
	631.61	0.00	14.49	746.05
	631.62	0.00	14.51	750.05
	631.63	0.00	14.48	745.05
	631.64	0.00	14.50	749.05
	631.65	0.00	14.50	749.05
	631.66	0.00	14.50	749.04
	631.67	0.00	14.53	748.03
	631.69	0.00	14.52	749.04
	631.70	0.00	14.33	747.16
	631.71	0.00	14.08	738.24
	631.72	0.00	13.80	710.33
	631.73	0.00	13.07	646.37
	631.75	0.00	12.24	623.42
	631.76	0.00	11.75	666.52
	631.77	0.00	11.51	706.60
	631.78	0.00	11.23	747.66
	631.79	0.00	11.02	783.70
	631.80	0.00	11.00	818.70
	631.81	0.00	10.94	839.71
	631.83	0.00	11.14	882.72
	631.84	0.00	11.21	915.71
	631.85	0.00	11.34	933.69
	631.86	0.00	11.43	943.68
	631.87	0.00	11.52	952.67
	631.88	0.00	11.60	955.68
	631.90	0.00	11.66	954.65
	631.91	0.00	11.77	955.65
	631.92	0.00	11.83	952.65
	631.93	0.00	11.95	955.65
	631.94	0.00	12.04	957.64
	631.95	0.00	12.08	954.65
	631.96	0.00	12.11	955.66
	631.97	0.00	12.16	956.64
	631.99	0.00	12.23	955.64
	632.00	0.00	12.25	971.64
	632.01	0.00	12.28	955.63
	632.02	0.00	12.31	957.63
	632.03	0.00	12.37	966.62
	632.04	0.00	12.37	982.64
	632.06	0.00	12.41	985.64
	632.07	0.00	12.45	1008.63
	632.08	0.00	12.49	1006.63
	632.09	0.00	12.52	1007.63
	632.10	0.00	12.58	1011.64
	632.11	0.00	12.63	988.63
	632.13	0.00	12.69	1007.62
	632.14	0.00	12.73	986.62
	632.15	0.00	12.78	985.62
	632.16	0.00	12.83	1005.62
	632.17	0.00	12.86	1006.62
	632.18	0.00	12.91	1005.63
	632.20	0.00	13.00	1012.61
	632.21	0.00	13.03	994.61
	632.22	0.00	13.08	1016.61
	632.23	0.00	13.15	1038.61
	632.24	0.00	13.19	1044.60
	632.25	0.00	13.22	1050.61
	632.27	0.00	13.26	1055.60
	632.28	0.00	13.28	1055.60
	632.29	0.00	13.31	1060.60
	632.30	0.00	13.35	1064.60
	632.31	0.00	13.38	1067.60
	632.33	0.00	13.43	1064.59
	632.34	0.00	13.46	1065.59
	632.35	0.00	13.48	1065.59
	632.36	0.00	13.50	1064.59
	632.37	0.00	13.51	1062.59
	632.38	0.00	13.51	1063.59
	632.39	0.00	13.52	1064.60
	632.41	0.00	13.55	1045.58
	632.42	0.00	13.59	1042.58
	632.43	0.00	13.62	1043.58
	632.44	0.00	13.64	1020.58
	632.45	0.00	13.68	1027.58
	632.46	0.00	13.66	1042.58
	632.47	0.00	13.66	1025.59
	632.49	0.00	13.69	1029.58
	632.50	0.00	13.66	1024.58
	632.51	0.00	13.72	1022.57
	632.52	0.00	13.71	1016.57
	632.53	0.00	13.71	1011.58
	632.54	0.00	13.72	1014.58
	632.56	0.00	13.73	1011.57
	632.57	0.00	13.70	1007.57
	632.58	0.00	13.74	1004.57
	632.59	0.00	13.74	999.57
	632.60	0.00	13.76	992.57
	632.61	0.00	13.78	987.57
	632.63	0.00	13.80	980.57
	632.64	0.00	13.80	965.56
	632.65	0.00	13.85	964.55
	632.66	0.00	13.84	959.55
	632.67	0.00	13.83	939.55
	632.68	0.00	13.86	936.54
	632.70	0.00	13.87	925.54
	632.71	0.00	13.89	898.54
	632.72	0.00	13.93	895.53
	632.73	0.00	13.92	894.53
	632.74	0.00	13.91	889.53
	632.75	0.00	13.92	888.53
	632.77	0.00	13.94	883.52
	632.78	0.00	13.92	876.52
	632.79	0.00	13.94	870.52
	632.80	0.00	13.93	867.51
	632.81	0.00	13.96	862.50
	632.82	0.00	13.99	857.49
	632.84	0.00	13.99	856.48
	632.85	0.00	14.02	850.47
	632.86	0.00	14.04	846.46
	632.87	0.00	14.06	844.45
	632.88	0.00	14.04	838.45
	632.89	0.00	14.05	833.44
	632.90	0.00	14.04	833.43
	632.91	0.00	13.99	823.43
	632.93	0.00	13.96	819.43
	632.94	0.00	13.96	818.43
	632.95	0.00	13.94	814.43
	632.96	0.00	13.95	813.42
	632.97	0.00	13.92	809.43
	632.98	0.00	13.91	810.43
	633.00	0.00	13.91	808.43
	633.01	0.00	13.91	809.42
	633.02	0.00	13.92	807.42
	633.03	0.00	13.92	807.42
	633.04	0.00	13.94	804.42
	633.05	0.00	13.95	802.41
	633.07	0.00	13.95	805.41
	633.08	0.00	13.95	801.41
	633.09	0.00	13.93	798.41
	633.10	0.00	13.93	798.41
	633.11	0.00	13.94	796.40
	633.12	0.00	13.92	798.41
	633.14	0.00	13.92	794.42
	633.15	0.00	13.95	799.40
	633.16	0.00	13.94	794.40
	633.17	0.00	13.94	798.40
	633.18	0.00	13.95	797.40
	633.19	0.00	13.93	796.40
	633.21	0.00	13.94	798.40
	633.22	0.00	13.97	798.39
	633.23	0.00	13.96	796.39
	633.24	0.00	13.97	799.39
	633.25	0.00	13.97	798.39
	633.26	0.00	13.97	798.39
	633.28	0.00	13.96	796.39
	633.29	0.00	13.97	799.39
	633.30	0.00	13.98	799.38
	633.31	0.00	13.98	801.39
	633.32	0.00	13.98	802.39
	633.33	0.00	13.97	803.39
	633.34	0.00	13.96	804.39
	633.36	0.00	13.95	805.39
	633.37	0.00	13.95	808.39
	633.38	0.00	13.93	809.40
	633.39	0.00	13.92	809.41
	633.40	0.00	13.91	807.40
	633.41	0.00	13.93	815.40
	633.42	0.00	13.91	814.40
	633.44	0.00	13.89	819.41
	633.45	0.00	13.89	821.41
	633.46	0.00	13.89	821.41
	633.47	0.00	13.87	823.42
	633.48	0.00	13.85	822.42
	633.50	0.00	13.84	822.43
	633.51	0.00	13.86	826.43
	633.52	0.00	13.83	828.44
	633.53	0.00	13.82	828.44
	633.54	0.00	13.81	829.45
	633.55	0.00	13.80	829.45
	633.57	0.00	13.78	832.46
	633.58	0.00	13.76	830.46
	633.59	0.00	13.76	835.46
	633.60	0.00	13.74	835.46
	633.61	0.00	13.70	835.47
	633.62	0.00	13.68	836.47
	633.63	0.00	13.69	839.48
	633.65	0.00	13.65	839.49
	633.66	0.00	13.63	842.50
	633.67	0.00	13.65	848.49
	633.68	0.00	13.63	840.49
	633.69	0.00	13.63	843.49
	633.70	0.00	13.62	844.49
	633.72	0.00	13.62	844.49
	633.73	0.00	13.62	844.49
	633.74	0.00	13.62	845.48
	633.75	0.00	13.62	845.50
	633.76	0.00	13.64	849.49
	633.77	0.00	13.63	848.49
	633.78	0.00	13.62	844.49
	633.80	0.00	13.61	847.49
	633.81	0.00	13.62	846.49
	633.82	0.00	13.63	845.49
	633.83	0.00	13.60	846.49
	633.84	0.00	13.61	847.50
	633.85	0.00	13.60	848.49
	633.86	0.00	13.58	846.50
	633.88	0.00	13.60	847.49
	633.89	0.00	13.58	848.50
	633.90	0.00	13.57	849.50
	633.91	0.00	13.57	850.50
	633.92	0.00	13.57	849.50
	633.93	0.00	13.57	849.50
	633.95	0.00	13.56	850.51
	633.96	0.00	13.58	851.50
	633.97	0.00	13.55	849.50
	633.98	0.00	13.56	850.50
	633.99	0.00	13.56	851.50
	634.00	0.00	13.58	851.50
	634.02	0.00	13.56	848.50
	634.03	0.00	13.57	850.50
	634.04	0.00	13.58	849.49
	634.05	0.00	13.57	850.50
	634.06	0.00	13.60	850.49
	634.07	0.00	13.58	849.50
	634.09	0.00	13.60	847.49
	634.10	0.00	13.60	848.49
	634.11	0.00	13.60	848.49
	634.12	0.00	13.61	848.49
	634.13	0.00	13.61	846.50
	634.14	0.00	13.62	848.49
	634.16	0.00	13.62	844.49
	634.17	0.00	13.65	844.49
	634.18	0.00	13.65	845.49
	634.19	0.00	13.65	843.49
	634.20	0.00	13.67	843.49
	634.21	0.00	13.67	843.49
	634.22	0.00	13.67	843.49
	634.23	0.00	13.68	840.49
	634.25	0.00	13.69	846.49
	634.26	0.00	13.69	842.48
	634.27	0.00	13.69	843.49
	634.28	0.00	13.70	843.48
	634.29	0.00	13.70	844.49
	634.30	0.00	13.69	842.49
	634.32	0.00	13.73	842.48
	634.33	0.00	13.71	845.48
	634.34	0.00	13.70	843.48
	634.35	0.00	13.71	842.48
	634.36	0.00	13.72	844.48
	634.38	0.00	13.72	843.48
	634.39	0.00	13.72	843.48
	634.40	0.00	13.72	844.49
	634.41	0.00	13.73	843.48
	634.42	0.00	13.73	842.48
	634.43	0.00	13.72	844.48
	634.44	0.00	13.72	844.48
	634.46	0.00	13.72	844.48
	634.47	0.00	13.72	842.48
	634.48	0.00	13.73	846.48
	634.49	0.00	13.73	844.48
	634.50	0.00	13.73	845.48
	634.51	0.00	13.74	844.48
	634.53	0.00	13.74	844.48
	634.54	0.00	13.75	845.48
	634.55	0.00	13.75	843.48
	634.56	0.00	13.75	843.48
	634.57	0.00	13.77	842.47
	634.58	0.00	13.78	844.47
	634.59	0.00	13.79	841.47
	634.61	0.00	13.79	841.47
	634.62	0.00	13.81	839.47
	634.63	0.00	13.81	840.47
	634.64	0.00	13.82	838.47
	634.65	0.00	13.84	837.47
	634.66	0.00	13.84	837.46
	634.68	0.00	13.84	837.46
	634.69	0.00	13.85	837.46
	634.70	0.00	13.86	837.45
	634.71	0.00	13.87	835.45
	634.72	0.00	13.88	836.45
	634.73	0.00	13.87	837.46
	634.75	0.00	13.89	832.45
	634.76	0.00	13.88	831.44
	634.77	0.00	13.88	834.45
	634.78	0.00	13.90	835.44
	634.79	0.00	13.89	834.44
	634.80	0.00	13.90	835.44
	634.82	0.00	13.88	835.45
	634.83	0.00	13.90	836.44
	634.84	0.00	13.88	834.44
	634.85	0.00	13.89	834.44
	634.86	0.00	13.90	836.44
	634.87	0.00	13.91	838.44
	634.89	0.00	13.90	837.44
	634.90	0.00	13.92	834.44
	634.91	0.00	13.92	835.44
	634.92	0.00	13.91	836.44
	634.93	0.00	13.91	836.44
	634.94	0.00	13.91	836.44
	634.95	0.00	13.91	836.44
	634.97	0.00	13.93	836.44
	634.98	0.00	13.95	837.41
	634.99	0.00	13.93	837.42
	635.00	0.00	13.93	841.44
	635.01	0.00	13.94	842.44
	635.02	0.00	13.94	842.44
	635.03	0.00	13.93	841.44
	635.05	0.00	13.94	842.44
	635.06	0.00	13.94	842.44
	635.07	0.00	13.98	843.41
	635.08	0.00	13.94	843.43
	635.09	0.00	13.96	840.43
	635.10	0.00	13.95	842.43
	635.12	0.00	13.94	842.44
	635.13	0.00	13.95	842.43
	635.14	0.00	13.94	843.44
	635.15	0.00	13.94	843.44
	635.16	0.00	13.95	844.44
	635.17	0.00	13.95	841.44
	635.19	0.00	13.95	843.43
	635.20	0.00	13.95	844.43
	635.21	0.00	13.95	843.43
	635.22	0.00	13.95	843.43
	635.23	0.00	13.95	843.43
	635.24	0.00	13.94	843.44
	635.26	0.00	13.95	843.44
	635.27	0.00	13.96	848.43
	635.28	0.00	13.93	844.44
	635.29	0.00	13.95	844.43
	635.30	0.00	13.95	845.43
	635.31	0.00	13.95	844.44
	635.33	0.00	13.95	844.44
	635.34	0.00	13.96	843.43
	635.35	0.00	13.97	848.43
	635.36	0.00	13.96	845.43
	635.37	0.00	13.96	845.43
	635.38	0.00	13.96	845.43
	635.40	0.00	13.96	845.43
	635.41	0.00	13.96	845.43
	635.42	0.00	13.96	845.43
	635.43	0.00	13.95	845.44
	635.44	0.00	13.96	847.43
	635.45	0.00	13.96	842.43
	635.46	0.00	13.95	846.43
	635.48	0.00	13.95	842.43
	635.49	0.00	13.97	846.43
	635.50	0.00	13.96	845.43
	635.51	0.00	13.95	845.44
	635.52	0.00	13.95	847.44
	635.53	0.00	13.94	842.43
	635.54	0.00	13.95	846.43
	635.56	0.00	13.95	846.43
	635.57	0.00	13.95	846.43
	635.58	1.00	13.95	846.43
	635.59	1.00	13.95	846.43
	635.60	1.00	13.94	845.44
	635.61	1.00	13.96	845.43
	635.63	1.00	13.95	845.43
	635.64	1.00	13.95	846.43
	635.65	1.00	13.96	847.43
	635.66	1.00	13.95	846.43
	635.67	1.00	13.96	848.43
	635.68	1.00	13.95	846.43
	635.70	1.00	13.95	848.44
	635.71	1.00	13.97	850.43
	635.72	1.00	13.96	844.43
	635.73	1.00	13.96	848.43
	635.74	1.00	13.96	848.43
	635.75	0.00	13.96	847.43
	635.77	0.00	13.95	847.44
	635.78	0.00	13.94	846.44
	635.79	0.00	13.94	844.43
	635.80	0.00	13.94	843.43
	635.81	0.00	13.97	850.43
	635.82	0.00	13.96	847.43
	635.84	0.00	13.95	846.43
	635.85	0.00	13.95	846.43
	635.86	0.00	13.95	846.43
	635.87	0.00	13.94	848.44
	635.88	0.00	13.93	848.45
	635.89	0.00	13.95	852.43
	635.91	0.00	13.96	847.43
	635.92	0.00	13.94	849.43
	635.93	0.00	13.92	849.44
	635.94	0.00	13.92	851.44
	635.95	0.00	13.91	851.44
	635.96	0.00	13.90	851.44
	635.97	0.00	13.89	854.45
	635.99	0.00	13.89	854.44
	636.00	0.00	13.89	855.44
	636.01	0.00	13.87	853.45
	636.02	0.00	13.87	852.45
	636.03	0.00	13.86	854.45
	636.04	0.00	13.86	853.45
	636.06	0.00	13.86	854.44
	636.07	0.00	13.84	855.46
	636.08	0.00	13.82	852.45
	636.09	0.00	13.81	848.45
	636.10	0.00	13.80	849.46
	636.11	0.00	13.79	850.46
	636.13	0.00	13.80	851.46
	636.14	0.00	13.79	852.46
	636.15	0.00	13.77	854.47
	636.16	0.00	13.76	853.47
	636.17	0.00	13.76	859.47
	636.18	0.00	13.74	858.47
	636.19	0.00	13.71	857.47
	636.21	0.00	13.71	859.48
	636.22	0.00	13.69	861.48
	636.23	0.00	13.68	861.48
	636.24	0.00	13.67	864.48
	636.25	0.00	13.65	864.48
	636.26	0.00	13.63	864.49
	636.28	0.00	13.61	869.49
	636.29	0.00	13.59	866.49
	636.30	0.00	13.57	868.50
	636.31	0.00	13.56	870.50
	636.32	0.00	13.53	872.50
	636.33	0.00	13.52	873.50
	636.34	0.00	13.50	875.50
	636.36	0.00	13.46	875.51
	636.37	0.00	13.47	877.51
	636.38	0.00	13.42	881.51
	636.39	0.00	13.40	883.51
	636.40	0.00	13.37	887.51
	636.41	0.00	13.34	887.52
	636.43	0.00	13.32	886.52
	636.44	0.00	13.31	889.52
	636.45	0.00	13.31	888.51
	636.46	0.00	13.29	885.52
	636.47	0.00	13.30	887.52
	636.48	0.00	13.30	887.52
	636.50	0.00	13.30	887.52
	636.51	0.00	13.29	886.52
	636.52	0.00	13.29	886.52
	636.53	0.00	13.29	885.53
	636.54	0.00	13.30	886.51
	636.55	0.00	13.30	882.51
	636.57	0.00	13.30	884.51
	636.58	0.00	13.31	882.51
	636.59	0.00	13.30	881.51
	636.60	0.00	13.32	879.51
	636.61	0.00	13.33	875.51
	636.62	0.00	13.36	878.51
	636.64	0.00	13.38	868.50
	636.65	0.00	13.41	868.50
	636.66	0.00	13.47	861.49
	636.67	0.00	13.56	851.49
	636.68	0.00	13.67	843.48
	636.69	0.00	13.75	838.47
	636.70	0.00	13.86	832.45
	636.72	0.00	13.96	824.41
	636.73	0.00	14.09	820.36
	636.74	0.00	14.24	814.26
	636.75	0.00	14.38	813.16
	636.76	0.00	14.42	810.13
	636.77	0.00	14.46	805.11
	636.79	0.00	14.48	798.08
	636.80	0.00	14.49	794.06
	636.81	0.00	14.53	787.04
	636.82	0.00	14.51	782.03
	636.83	0.00	14.48	775.03
	636.84	0.00	14.38	760.05
	636.85	0.00	14.32	753.07
	636.87	0.00	14.28	744.07
	636.88	0.00	14.23	740.08
	636.89	0.00	14.17	734.10
	636.90	0.00	14.10	730.13
	636.91	0.00	14.00	721.19
	636.92	0.00	13.92	712.21
	636.94	0.00	13.92	713.22
	636.95	0.00	13.96	716.19
	636.96	0.00	13.98	720.19
	636.97	0.00	14.05	730.18
	636.98	0.00	14.10	740.18
	636.99	0.00	14.14	737.19
	637.01	0.00	14.22	751.18
	637.02	0.00	14.29	764.18
	637.03	0.00	14.27	763.19
	637.04	0.00	14.30	760.17
	637.05	0.00	14.29	759.16
	637.06	0.00	14.30	760.16
	637.08	0.00	14.31	759.15
	637.09	0.00	14.30	758.15
	637.10	0.00	14.32	759.14
	637.11	0.00	14.31	759.15
	637.12	0.00	14.30	758.15
	637.13	0.00	14.30	755.14
	637.15	0.00	14.29	757.14
	637.16	0.00	14.29	759.15
	637.17	0.00	14.24	762.20
	637.18	0.00	14.18	766.25
	637.19	0.00	14.14	770.29
	637.20	0.00	14.01	778.36
	637.21	0.00	13.99	819.43
	637.22	0.00	13.92	873.49
	637.24	0.00	13.91	909.52
	637.25	0.00	13.95	925.53
	637.26	0.00	13.94	920.53
	637.27	0.00	13.96	922.52
	637.28	0.00	13.98	940.52
	637.29	0.00	13.97	954.53
	637.31	0.00	13.95	976.54
	637.32	0.00	13.89	999.56
	637.33	0.00	13.77	1029.58
	637.34	0.00	13.67	1051.62
	637.35	0.00	13.64	1067.61
	637.36	0.00	13.60	1087.62
	637.38	0.00	13.55	1096.63
	637.39	0.00	13.51	1101.63
	637.40	0.00	13.51	1114.63
	637.41	0.00	13.48	1123.64
	637.42	0.00	13.48	1129.64
	637.43	0.00	13.49	1155.64
	637.45	0.00	13.48	1159.64
	637.46	0.00	13.49	1161.64
	637.47	0.00	13.50	1161.64
	637.48	0.00	13.52	1165.65
	637.49	0.00	13.48	1189.65
	637.51	0.00	13.50	1193.64
	637.52	0.00	13.52	1176.67
	637.53	0.00	13.55	1181.66
	637.54	0.00	13.52	1199.66
	637.55	0.00	13.54	1199.66
	637.56	0.00	13.58	1196.64
	637.58	0.00	13.61	1199.64
	637.59	0.00	13.63	1199.63
	637.60	0.00	13.65	1199.63
	637.61	0.00	13.68	1195.62
	637.62	0.00	13.76	1197.57
	637.63	0.00	13.74	1196.62
	637.65	0.00	13.74	1195.62
	637.66	0.00	13.77	1196.62
	637.67	0.00	13.81	1175.62
	637.68	0.00	13.78	1200.62
	637.69	0.00	13.79	1208.62
	637.70	0.00	13.79	1206.61
	637.72	0.00	13.79	1213.61
	637.73	0.00	13.79	1237.61
	637.74	0.00	13.80	1241.61
	637.75	0.00	13.80	1242.62
	637.76	0.00	13.82	1250.61
	637.77	0.00	13.83	1253.61
	637.78	0.00	13.85	1256.61
	637.80	0.00	13.89	1277.61
	637.81	0.00	13.91	1282.61
	637.82	0.00	13.95	1290.60
	637.83	0.00	13.96	1293.60
	637.84	0.00	13.99	1297.60
	637.85	0.00	14.03	1300.60
	637.87	0.00	14.07	1306.60
	637.88	0.00	14.09	1314.60
	637.89	0.00	14.14	1317.59
	637.90	0.00	14.17	1321.58
	637.91	0.00	14.19	1327.58
	637.92	0.00	14.22	1333.58
	637.94	0.00	14.23	1329.58
	637.95	0.00	14.27	1331.57
	637.96	0.00	14.31	1338.56
	637.97	0.00	14.34	1339.56
	637.98	0.00	14.37	1346.56
	638.00	0.00	14.39	1339.55
	638.01	0.00	14.45	1350.55
	638.02	0.00	14.57	1344.53
	638.03	0.00	14.67	1342.52
	638.04	0.00	14.81	1313.50
	638.05	0.00	14.88	1308.49
	638.07	0.00	14.92	1301.47
	638.08	0.00	14.99	1300.45
	638.09	0.00	15.07	1301.41
	638.10	0.00	15.29	1318.37
	638.11	0.00	15.42	1286.31
	638.12	0.00	15.52	1292.21
	638.14	0.00	15.61	1262.15
	638.15	0.00	15.67	1266.11
	638.16	0.00	15.67	1254.10
	638.17	0.00	15.71	1261.09
	638.18	0.00	15.73	1235.08
	638.19	0.00	15.76	1240.06
	638.20	0.00	15.81	1240.05
	638.22	0.00	15.84	1235.02
	638.23	0.00	15.85	1233.01
	638.24	0.00	15.86	1231.01
	638.25	0.00	15.85	1222.01
	638.26	0.00	15.84	1217.01
	638.28	0.00	15.83	1208.01
	638.29	0.00	15.85	1210.01
	638.30	0.00	15.85	1207.02
	638.31	0.00	15.84	1203.02
	638.32	0.00	15.83	1200.04
	638.33	0.00	15.82	1199.05
	638.34	0.00	15.79	1192.07
	638.36	0.00	15.75	1189.10
	638.37	0.00	15.81	1183.04
	638.38	0.00	15.85	1199.04
	638.39	0.00	15.83	1186.04
	638.40	0.00	15.83	1187.05
	638.41	0.00	15.88	1208.05
	638.43	0.00	15.88	1216.05
	638.44	0.00	15.94	1236.05
	638.45	0.00	15.94	1235.04
	638.46	0.00	15.90	1224.06
	638.47	0.00	15.89	1215.05
	638.48	0.00	15.87	1210.06
	638.50	0.00	15.85	1209.07
	638.51	0.00	15.87	1208.05
	638.52	0.00	15.83	1202.07
	638.53	0.00	15.84	1198.06
	638.54	0.00	15.68	1172.06
	638.55	0.00	15.66	1158.05
	638.57	0.00	15.64	1140.05
	638.58	0.00	15.60	1119.04
	638.59	0.00	15.52	1090.07
	638.60	0.00	15.35	1029.07
	638.61	0.00	15.27	1005.08
	638.63	0.00	15.19	979.08
	638.64	0.00	15.16	962.08
	638.65	0.00	15.03	935.12
	638.66	0.00	14.94	917.15
	638.67	0.00	14.76	895.24
	638.68	0.00	14.70	873.21
	638.69	0.00	14.61	847.22
	638.71	0.00	14.40	794.22
	638.72	0.00	13.97	689.20
	638.73	0.00	14.02	701.20
	638.74	0.00	14.05	708.21
	638.75	0.00	14.15	729.18
	638.76	0.00	14.16	710.17
	638.78	0.00	14.15	714.16
	638.79	0.00	14.16	716.16
	638.80	0.00	14.18	720.16
	638.81	0.00	14.23	727.15
	638.82	0.00	14.22	728.16
	638.83	0.00	14.23	734.16
	638.84	0.00	14.26	740.16
	638.86	0.00	14.27	741.16
	638.87	0.00	14.29	746.16
	638.88	0.00	14.29	746.16
	638.89	0.00	14.32	752.15
	638.90	0.00	14.34	757.15
	638.91	0.00	14.35	758.15
	638.93	0.00	14.36	758.15
	638.94	0.00	14.35	755.15
	638.95	0.00	14.31	751.16
	638.96	0.00	14.31	759.18
	638.97	0.00	14.21	746.15
	638.98	0.00	14.04	721.18
	639.00	0.00	14.47	850.25
	639.01	0.00	14.42	872.31
	639.02	0.00	14.36	892.34
	639.03	0.00	14.30	911.39
	639.04	0.00	14.31	937.41
	639.05	0.00	14.31	954.42
	639.07	0.00	14.39	970.41
	639.08	0.00	14.38	987.43
	639.09	0.00	14.36	995.45
	639.10	0.00	14.33	1003.48
	639.11	0.00	14.32	1015.49
	639.12	0.00	14.33	1027.50
	639.14	0.00	14.32	1038.51
	639.15	0.00	14.27	1050.54
	639.16	0.00	14.28	1057.52
	639.17	0.00	14.28	1065.53
	639.18	0.00	14.28	1070.53
	639.19	0.00	14.28	1074.53
	639.21	0.00	14.28	1079.53
	639.22	0.00	14.28	1084.54
	639.23	0.00	14.29	1087.54
	639.24	0.00	14.32	1093.53
	639.25	0.00	14.32	1098.54
	639.26	0.00	14.32	1121.53
	639.28	0.00	14.33	1126.54
	639.29	0.00	14.32	1123.54
	639.30	0.00	14.32	1126.54
	639.31	0.00	14.31	1130.54
	639.32	0.00	14.33	1110.54
	639.33	0.00	14.32	1132.54
	639.34	0.00	14.33	1110.54
	639.36	0.00	14.33	1113.54
	639.37	0.00	14.36	1113.52
	639.38	0.00	14.34	1111.54
	639.39	0.00	14.36	1119.54
	639.40	0.00	14.37	1118.54
	639.41	0.00	14.38	1120.54
	639.43	0.00	14.38	1121.54
	639.44	0.00	14.37	1123.55
	639.45	0.00	14.39	1127.54
	639.46	0.00	14.39	1129.54
	639.47	0.00	14.41	1132.54
	639.48	0.00	14.43	1135.54
	639.50	0.00	14.43	1134.54
	639.51	0.00	14.42	1135.55
	639.52	0.00	14.43	1135.54
	639.53	0.00	14.42	1133.54
	639.54	0.00	14.42	1136.54
	639.55	0.00	14.44	1142.54
	639.57	0.00	14.43	1139.54
	639.58	0.00	14.43	1140.55
	639.59	0.00	14.43	1140.54
	639.60	0.00	14.43	1137.54
	639.61	0.00	14.43	1142.54
	639.63	0.00	14.41	1136.54
	639.64	0.00	14.44	1148.55
	639.65	0.00	14.42	1143.55
	639.66	0.00	14.42	1144.55
	639.67	0.00	14.42	1145.55
	639.68	0.00	14.42	1145.55
	639.70	0.00	14.42	1144.55
	639.71	0.00	14.42	1142.55
	639.72	0.00	14.42	1142.55
	639.73	0.00	14.42	1140.54
	639.74	0.00	14.42	1143.55
	639.75	0.00	14.42	1140.55
	639.77	0.00	14.41	1139.55
	639.78	0.00	14.40	1138.55
	639.79	0.00	14.41	1136.55
	639.80	0.00	14.40	1135.55
	639.81	0.00	14.40	1134.55
	639.82	0.00	14.39	1134.56
	639.84	0.00	14.37	1130.57
	639.85	0.00	14.35	1128.57
	639.86	0.00	14.35	1127.57
	639.87	0.00	14.34	1122.57
	639.88	0.00	14.34	1119.57
	639.89	0.00	14.31	1108.56
	639.91	0.00	14.31	1105.56
	639.92	0.00	14.31	1099.56
	639.93	0.00	14.29	1091.56
	639.94	0.00	14.29	1080.56
	639.95	0.00	14.31	1069.55
	639.96	0.00	14.37	1065.53
	639.98	0.00	14.43	1059.52
	639.99	0.00	14.50	1061.51
	640.00	0.00	14.56	1058.50
	640.01	0.00	14.62	1058.50
	640.02	0.00	14.70	1051.49
	640.03	0.00	14.73	1050.47
	640.05	0.00	14.80	1038.46
	640.06	0.00	14.84	1024.44
	640.07	0.00	14.87	1016.41
	640.08	0.00	14.87	997.39
	640.09	0.00	14.89	991.37
	640.10	0.00	14.91	977.32
	640.11	0.00	14.92	970.30
	640.13	0.00	14.91	968.30
	640.14	0.00	14.92	968.30
	640.15	0.00	14.92	966.29
	640.16	0.00	14.91	942.27
	640.17	0.00	14.92	938.25
	640.19	0.00	14.92	929.24
	640.20	0.00	14.91	924.23
	640.21	0.00	14.89	920.24
	640.22	0.00	14.87	911.23
	640.23	0.00	14.84	904.23
	640.24	0.00	14.81	897.24
	640.25	0.00	14.78	890.24
	640.27	0.00	14.71	875.25
	640.28	0.00	14.67	865.25
	640.29	0.00	14.61	850.24
	640.30	0.00	14.56	838.24
	640.31	0.00	14.47	806.22
	640.32	0.00	14.42	793.22
	640.34	0.00	14.41	790.22
	640.35	0.00	14.41	791.22
	640.36	0.00	14.41	790.22
	640.37	0.00	14.40	794.23
	640.38	0.00	14.41	794.23
	640.39	0.00	14.39	790.23
	640.41	0.00	14.39	792.24
	640.42	0.00	14.39	792.24
	640.43	0.00	14.41	798.24
	640.44	0.00	14.49	828.26
	640.45	0.00	14.63	881.26
	640.46	0.00	14.68	910.29
	640.47	0.00	14.64	934.34
	640.49	0.00	14.58	957.38
	640.50	0.00	14.60	975.40
	640.51	0.00	14.63	984.39
	640.52	0.00	14.67	995.39
	640.53	0.00	14.71	1008.40
	640.54	0.00	14.76	1013.36
	640.56	0.00	14.77	1020.38
	640.57	0.00	14.78	1030.39
	640.58	0.00	14.78	1042.40
	640.59	0.00	14.78	1058.42
	640.60	0.00	14.77	1067.44
	640.61	0.00	14.75	1073.44
	640.63	0.00	14.74	1078.45
	640.64	0.00	14.77	1096.45
	640.65	0.00	14.77	1102.46
	640.66	0.00	14.77	1108.47
	640.67	0.00	14.74	1113.48
	640.69	0.00	14.76	1123.48
	640.70	0.00	14.72	1132.50
	640.71	0.00	14.72	1137.50
	640.72	0.00	14.70	1171.51
	640.73	0.00	14.69	1181.52
	640.74	0.00	14.67	1185.52
	640.75	0.00	14.66	1192.53
	640.77	0.00	14.66	1195.53
	640.78	0.00	14.65	1195.53
	640.79	0.00	14.65	1205.54
	640.80	0.00	14.64	1207.54
	640.81	0.00	14.60	1208.55
	640.82	0.00	14.58	1210.55
	640.84	0.00	14.51	1214.58
	640.85	0.00	14.50	1216.56
	640.86	0.00	14.45	1212.57
	640.87	0.00	14.41	1204.57
	640.88	0.00	14.37	1206.58
	640.89	0.00	14.28	1199.59
	640.91	0.00	14.24	1197.59
	640.92	0.00	14.17	1197.60
	640.93	0.00	14.04	1200.64
	640.94	0.00	13.90	1213.66
	640.95	0.00	13.87	1222.67
	640.96	0.00	13.83	1222.67
	640.97	0.00	13.81	1229.68
	640.99	0.00	13.80	1223.68
	641.00	0.00	13.81	1231.68
	641.01	0.00	13.83	1237.68
	641.02	0.00	13.85	1235.66
	641.03	0.00	13.90	1231.64
	641.04	0.00	13.94	1234.63
	641.06	0.00	13.96	1228.62
	641.07	0.00	13.99	1224.61
	641.08	0.00	14.04	1207.60
	641.09	0.00	14.11	1211.60
	641.10	0.00	14.15	1204.60
	641.12	0.00	14.24	1203.59
	641.13	0.00	14.26	1201.59
	641.14	0.00	14.27	1201.59
	641.15	0.00	14.26	1201.59
	641.16	0.00	14.26	1203.59
	641.17	0.00	14.25	1204.60
	641.19	0.00	14.23	1200.59
	641.20	0.00	14.25	1208.59
	641.21	0.00	14.23	1211.59
	641.22	0.00	14.21	1213.60
	641.23	0.00	14.19	1214.60
	641.24	0.00	14.17	1214.61
	641.26	0.00	14.18	1214.60
	641.27	0.00	14.18	1215.60
	641.28	0.00	14.20	1211.60
	641.29	0.00	14.22	1209.60
	641.30	0.00	14.23	1213.60
	641.31	0.00	14.22	1207.60
	641.33	0.00	14.22	1205.60
	641.34	0.00	14.22	1205.60
	641.35	0.00	14.23	1207.60
	641.36	0.00	14.21	1203.60
	641.37	0.00	14.21	1203.60
	641.38	0.00	14.22	1204.60
	641.40	0.00	14.21	1206.60
	641.41	0.00	14.20	1205.60
	641.42	0.00	14.19	1204.61
	641.43	0.00	14.18	1206.61
	641.44	0.00	14.15	1207.61
	641.45	0.00	14.06	1215.63
	641.47	0.00	14.03	1214.65
	641.48	0.00	14.01	1216.66
	641.49	0.00	14.00	1215.66
	641.50	0.00	13.97	1214.67
	641.51	0.00	13.96	1215.67
	641.52	0.00	13.97	1212.67
	641.53	0.00	13.93	1214.67
	641.55	0.00	13.91	1215.67
	641.56	0.00	13.91	1216.67
	641.57	0.00	13.89	1217.68
	641.58	0.00	13.88	1215.68
	641.59	0.00	13.88	1214.67
	641.60	0.00	13.88	1215.67
	641.62	0.00	13.84	1207.68
	641.63	0.00	13.85	1218.69
	641.64	0.00	13.83	1213.69
	641.65	0.00	13.82	1213.69
	641.66	0.00	13.81	1214.69
	641.67	0.00	13.79	1209.69
	641.69	0.00	13.77	1206.70
	641.70	0.00	13.76	1206.70
	641.71	0.00	13.76	1205.69
	641.72	0.00	13.76	1205.70
	641.73	0.00	13.76	1205.70
	641.74	0.00	13.76	1205.70
	641.76	0.00	13.72	1194.70
	641.77	0.00	13.76	1206.70
	641.78	0.00	13.75	1204.70
	641.79	0.00	13.75	1203.70
	641.80	0.00	13.75	1203.70
	641.82	0.00	13.75	1201.70
	641.83	0.00	13.76	1206.70
	641.84	0.00	13.75	1201.70
	641.85	0.00	13.75	1200.70
	641.86	0.00	13.77	1207.70
	641.87	0.00	13.74	1202.70
	641.89	0.00	13.74	1200.70
	641.90	0.00	13.74	1181.71
	641.91	0.00	13.74	1201.70
	641.92	0.00	13.74	1198.70
	641.93	0.00	13.73	1200.70
	641.94	0.00	13.73	1198.70
	641.96	0.00	13.72	1198.70
	641.97	0.00	13.70	1173.71
	641.98	0.00	13.70	1175.71
	641.99	0.00	13.71	1175.71
	642.00	0.00	13.71	1176.69
	642.01	0.00	13.69	1196.71
	642.03	0.00	13.70	1173.71
	642.04	0.00	13.69	1174.71
	642.05	0.00	13.69	1174.71
	642.06	0.00	13.70	1177.71
	642.07	0.00	13.69	1175.71
	642.08	0.00	13.69	1174.71
	642.10	0.00	13.69	1174.72
	642.11	0.00	13.68	1174.71
	642.12	0.00	13.69	1175.71
	642.13	0.00	13.69	1175.71
	642.14	0.00	13.69	1174.71
	642.15	0.00	13.66	1188.71
	642.16	0.00	13.71	1175.71
	642.18	0.00	13.70	1194.71
	642.19	0.00	13.70	1192.71
	642.20	0.00	13.70	1173.71
	642.21	0.00	13.71	1194.71
	642.22	0.00	13.70	1192.71
	642.24	0.00	13.71	1193.70
	642.25	0.00	13.71	1194.70
	642.26	0.00	13.69	1192.71
	642.27	0.00	13.72	1198.70
	642.28	0.00	13.71	1196.71
	642.29	0.00	13.73	1174.69
	642.31	0.00	13.72	1194.70
	642.32	0.00	13.71	1194.70
	642.33	0.00	13.73	1195.70
	642.34	0.00	13.73	1195.70
	642.35	0.00	13.74	1173.70
	642.36	0.00	13.71	1165.69
	642.38	0.00	13.74	1195.69
	642.39	0.00	13.76	1196.67
	642.40	0.00	13.73	1195.71
	642.41	0.00	13.76	1197.69
	642.42	0.00	13.76	1196.69
	642.44	0.00	13.75	1196.70
	642.45	0.00	13.75	1195.70
	642.46	0.00	13.75	1195.69
	642.47	0.00	13.74	1192.69
	642.48	0.00	13.76	1175.69
	642.49	0.00	13.78	1196.66
	642.50	0.00	13.76	1196.69
	642.52	0.00	13.75	1195.69
	642.53	0.00	13.76	1175.69
	642.54	0.00	13.76	1196.69
	642.55	0.00	13.77	1177.69
	642.56	0.00	13.76	1197.69
	642.58	0.00	13.76	1196.69
	642.59	0.00	13.76	1196.69
	642.60	0.00	13.74	1192.70
	642.61	0.00	13.77	1200.69
	642.62	0.00	13.74	1192.69
	642.63	0.00	13.76	1197.69
	642.64	0.00	13.76	1196.69
	642.66	0.00	13.77	1200.69
	642.67	0.00	13.76	1196.69
	642.68	0.00	13.76	1196.69
	642.69	0.00	13.75	1195.69
	642.70	0.00	13.76	1196.69
	642.72	0.00	13.77	1196.69
	642.73	0.00	13.76	1194.69
	642.74	0.00	13.76	1197.69
	642.75	0.00	13.77	1198.69
	642.76	0.00	13.77	1197.69
	642.77	0.00	13.78	1201.69
	642.78	0.00	13.79	1202.69
	642.80	0.00	13.80	1202.69
	642.81	0.00	13.79	1202.69
	642.82	0.00	13.81	1205.69
	642.83	0.00	13.80	1203.69
	642.84	0.00	13.81	1204.69
	642.85	0.00	13.81	1206.69
	642.87	0.00	13.80	1203.69
	642.88	0.00	13.81	1206.69
	642.89	0.00	13.81	1203.69
	642.90	0.00	13.83	1207.68
	642.91	0.00	13.83	1208.68
	642.92	0.00	13.83	1204.68
	642.94	0.00	13.84	1206.68
	642.95	0.00	13.83	1204.68
	642.96	0.00	13.84	1206.68
	642.97	0.00	13.84	1209.68
	642.98	0.00	13.84	1207.68
	643.00	0.00	13.84	1210.69
	643.01	0.00	13.85	1213.68
	643.02	0.00	13.84	1210.68
	643.03	0.00	13.84	1210.68
	643.04	0.00	13.84	1210.68
	643.05	0.00	13.84	1210.68
	643.07	0.00	13.84	1212.68
	643.08	0.00	13.84	1210.68
	643.09	0.00	13.83	1210.68
	643.10	0.00	13.83	1213.68
	643.11	0.00	13.81	1205.68
	643.12	0.00	13.83	1213.68
	643.14	0.00	13.83	1211.68
	643.15	0.00	13.81	1207.68
	643.16	0.00	13.83	1213.68
	643.17	0.00	13.82	1212.68
	643.18	0.00	13.82	1212.69
	643.19	0.00	13.83	1214.68
	643.21	0.00	13.83	1214.68
	643.22	0.00	13.83	1213.68
	643.23	0.00	13.82	1213.68
	643.24	0.00	13.82	1214.68
	643.25	0.00	13.79	1207.69
	643.26	0.00	13.83	1220.69
	643.28	0.00	13.81	1215.69
	643.29	0.00	13.82	1216.69
	643.30	0.00	13.82	1215.68
	643.31	0.00	13.81	1215.69
	643.32	0.00	13.82	1216.69
	643.33	0.00	13.82	1215.69
	643.34	0.00	13.81	1214.69
	643.36	0.00	13.82	1217.69
	643.37	0.00	13.81	1214.69
	643.38	0.00	13.82	1216.69
	643.39	0.00	13.82	1216.69
	643.40	0.00	13.81	1215.69
	643.42	0.00	13.82	1218.69
	643.43	0.00	13.82	1216.69
	643.44	0.00	13.81	1215.69
	643.45	0.00	13.83	1219.69
	643.46	0.00	13.82	1218.69
	643.47	0.00	13.82	1217.69
	643.48	0.00	13.82	1215.68
	643.50	0.00	13.83	1218.68
	643.51	0.00	13.82	1215.69
	643.52	0.00	13.83	1216.68
	643.53	0.00	13.84	1216.68
	643.54	0.00	13.85	1218.68
	643.56	0.00	13.85	1219.68
	643.57	0.00	13.86	1216.68
	643.58	0.00	13.85	1216.69
	643.59	0.00	13.86	1218.68
	643.60	0.00	13.86	1215.68
	643.61	0.00	13.85	1217.68
	643.63	0.00	13.86	1215.68
	643.64	0.00	13.86	1218.68
	643.65	0.00	13.85	1212.68
	643.66	0.00	13.86	1217.68
	643.67	0.00	13.86	1217.68
	643.68	0.00	13.89	1217.67
	643.70	0.00	13.87	1217.67
	643.71	0.00	13.88	1220.67
	643.72	0.00	13.88	1218.67
	643.73	0.00	13.88	1219.67
	643.74	0.00	13.88	1219.67
	643.75	0.00	13.89	1220.66
	643.77	0.00	13.88	1218.68
	643.78	0.00	13.88	1217.67
	643.79	0.00	13.90	1219.67
	643.80	0.00	13.90	1221.67
	643.81	0.00	13.90	1220.67
	643.82	0.00	13.89	1220.67
	643.84	0.00	13.89	1216.67
	643.85	0.00	13.93	1219.65
	643.86	0.00	13.92	1220.66
	643.87	0.00	13.92	1221.65
	643.88	0.00	13.92	1221.65
	643.89	0.00	13.94	1223.65
	643.91	0.00	13.93	1221.65
	643.92	0.00	13.94	1224.65
	643.93	0.00	13.93	1223.65
	643.94	0.00	13.93	1222.65
	643.95	0.00	13.94	1224.65
	643.96	0.00	13.94	1224.65
	643.98	0.00	13.93	1223.65
	643.99	0.00	13.93	1223.65
	644.00	0.00	13.93	1223.65
	644.01	0.00	13.94	1225.65
	644.02	0.00	13.93	1224.66
	644.03	0.00	13.93	1223.65
	644.04	0.00	13.93	1223.65
	644.06	0.00	13.94	1224.65
	644.07	0.00	13.93	1221.65
	644.08	0.00	13.93	1223.65
	644.09	0.00	13.93	1223.65
	644.10	0.00	13.95	1229.65
	644.11	0.00	13.94	1224.65
	644.13	0.00	13.94	1225.65
	644.14	0.00	13.94	1224.65
	644.15	0.00	13.92	1225.66
	644.16	0.00	13.93	1226.66
	644.17	0.00	13.94	1224.65
	644.19	0.00	13.94	1225.65
	644.20	0.00	13.93	1222.65
	644.21	0.00	13.94	1227.66
	644.22	0.00	13.93	1224.66
	644.23	0.00	13.93	1224.66
	644.24	0.00	13.94	1224.65
	644.26	0.00	13.92	1215.65
	644.27	0.00	13.94	1221.65
	644.28	0.00	13.95	1223.65
	644.29	0.00	13.95	1223.65
	644.30	0.00	13.96	1224.65
	644.31	0.00	13.97	1226.65
	644.33	0.00	13.97	1227.66
	644.34	0.00	13.98	1227.64
	644.35	0.00	13.98	1227.65
	644.36	0.00	13.98	1228.65
	644.37	0.00	14.01	1234.65
	644.38	0.00	14.04	1244.65
	644.40	0.00	14.03	1242.65
	644.41	0.00	14.05	1248.65
	644.42	0.00	14.05	1253.66
	644.43	0.00	14.09	1255.63
	644.44	0.00	14.09	1253.65
	644.45	0.00	14.10	1258.65
	644.47	0.00	14.11	1259.65
	644.48	0.00	14.12	1261.65
	644.49	0.00	14.11	1260.65
	644.50	0.00	14.12	1263.65
	644.51	0.00	14.13	1265.65
	644.52	0.00	14.13	1265.65
	644.53	0.00	14.11	1262.66
	644.55	0.00	14.13	1270.66
	644.56	0.00	14.13	1270.65
	644.57	0.00	14.14	1271.65
	644.58	0.00	14.14	1271.65
	644.59	0.00	14.13	1270.65
	644.60	0.00	14.12	1270.66
	644.62	0.00	14.13	1269.65
	644.63	0.00	14.12	1266.65
	644.64	0.00	14.11	1265.66
	644.65	0.00	14.10	1266.65
	644.66	0.00	14.10	1265.66
	644.67	0.00	14.09	1262.66
	644.69	0.00	14.09	1262.66
	644.70	0.00	14.08	1263.66
	644.71	0.00	14.08	1262.66
	644.72	0.00	14.08	1260.65
	644.73	0.00	14.08	1258.66
	644.75	0.00	14.07	1259.66
	644.76	0.00	14.08	1261.66
	644.77	0.00	14.07	1260.66
	644.78	0.00	14.07	1260.66
	644.79	0.00	14.06	1258.67
	644.80	0.00	14.06	1259.66
	644.81	0.00	14.05	1256.67
	644.83	0.00	14.02	1248.67
	644.84	0.00	14.02	1249.67
	644.85	0.00	14.02	1249.67
	644.86	0.00	14.00	1247.67
	644.87	0.00	14.00	1247.67
	644.89	0.00	13.99	1244.67
	644.90	0.00	13.98	1242.67
	644.91	0.00	13.97	1244.68
	644.92	0.00	13.96	1240.67
	644.93	0.00	13.96	1240.68
	644.94	0.00	13.95	1238.68
	644.96	0.00	13.95	1238.68
	644.97	0.00	13.93	1237.68
	644.98	0.00	13.93	1235.68
	644.99	0.00	13.91	1233.69
	645.00	0.00	13.91	1237.68
	645.01	0.00	13.91	1236.68
	645.02	0.00	13.89	1233.69
	645.04	0.00	13.90	1233.68
	645.05	0.00	13.89	1232.69
	645.06	0.00	13.89	1234.69
	645.07	0.00	13.89	1234.69
	645.08	0.00	13.88	1232.69
	645.09	0.00	13.87	1232.69
	645.11	0.00	13.88	1235.69
	645.12	0.00	13.88	1234.69
	645.13	0.00	13.87	1233.69
	645.14	0.00	13.85	1230.69
	645.15	0.00	13.87	1234.69
	645.16	0.00	13.87	1234.69
	645.18	0.00	13.87	1234.69
	645.19	0.00	13.87	1235.69
	645.20	0.00	13.87	1238.69
	645.21	0.00	13.86	1235.69
	645.22	0.00	13.86	1234.69
	645.23	0.00	13.86	1234.69
	645.25	0.00	13.85	1233.69
	645.26	0.00	13.86	1234.69
	645.27	0.00	13.86	1235.69
	645.28	0.00	13.85	1231.69
	645.29	0.00	13.85	1234.69
	645.30	0.00	13.84	1233.69
	645.32	0.00	13.85	1232.69
	645.33	0.00	13.85	1236.69
	645.34	0.00	13.85	1232.69
	645.35	0.00	13.85	1231.69
	645.36	0.00	13.84	1232.69
	645.37	0.00	13.83	1233.69
	645.39	0.00	13.84	1233.69
	645.40	0.00	13.84	1232.69
	645.41	0.00	13.85	1231.69
	645.42	0.00	13.85	1232.69
	645.43	0.00	13.85	1235.69
	645.44	0.00	13.84	1232.69
	645.46	0.00	13.85	1231.69
	645.47	0.00	13.85	1231.69
	645.48	0.00	13.85	1231.69
	645.49	0.00	13.85	1232.69
	645.50	0.00	13.85	1233.69
	645.51	0.00	13.86	1232.69
	645.53	0.00	13.87	1229.69
	645.54	0.00	13.88	1229.68
	645.55	0.00	13.88	1229.69
	645.56	0.00	13.89	1230.68
	645.57	0.00	13.90	1227.68
	645.58	0.00	13.89	1229.69
	645.60	0.00	13.90	1229.68
	645.61	0.00	13.89	1225.68
	645.62	0.00	13.91	1231.68
	645.63	0.00	13.91	1229.68
	645.64	0.00	13.90	1229.69
	645.65	0.00	13.94	1231.66
	645.66	0.00	13.93	1232.68
	645.68	0.00	13.92	1230.68
	645.69	0.00	13.93	1230.67
	645.70	0.00	13.93	1227.67
	645.71	0.00	13.93	1226.66
	645.72	0.00	13.95	1230.66
	645.73	0.00	13.94	1231.66
	645.75	0.00	13.95	1230.66
	645.76	0.00	13.95	1232.66
	645.77	0.00	13.96	1229.65
	645.78	0.00	14.00