.00	6.77	895.00
	3349.73	0.00	6.79	897.00
	3349.74	0.00	6.83	895.00
	3349.75	0.00	6.87	899.00
	3349.76	0.00	6.88	897.00
	3349.77	0.00	6.80	911.00
	3349.79	0.00	6.79	910.00
	3349.80	0.00	6.76	906.00
	3349.81	0.00	6.74	903.00
	3349.82	0.00	6.33	839.00
	3349.83	0.00	6.83	916.00
	3349.84	0.00	6.83	917.00
	3349.85	0.00	7.28	967.00
	3349.87	0.00	7.28	967.00
	3349.88	0.00	7.27	965.00
	3349.89	0.00	7.27	970.00
	3349.90	0.00	7.28	969.00
	3349.91	0.00	6.74	911.00
	3349.92	0.00	7.21	968.00
	3349.94	0.00	7.20	966.00
	3349.95	0.00	7.21	963.00
	3349.96	0.00	7.21	963.00
	3349.97	0.00	7.23	965.00
	3349.98	0.00	7.23	964.00
	3349.99	0.00	7.25	962.00
	3350.00	0.00	7.23	960.00
	3350.02	0.00	7.21	966.00
	3350.03	0.00	7.19	963.00
	3350.04	0.00	7.13	959.00
	3350.05	0.00	6.68	907.00
	3350.06	0.00	7.11	951.00
	3350.07	0.00	7.20	941.00
	3350.09	0.00	7.23	943.00
	3350.10	0.00	7.24	945.00
	3350.11	0.00	7.22	942.00
	3350.12	0.00	7.22	939.00
	3350.13	0.00	7.14	925.00
	3350.14	0.00	7.14	924.00
	3350.16	0.00	7.15	924.00
	3350.17	0.00	6.69	872.00
	3350.18	0.00	6.69	871.00
	3350.19	0.00	6.70	870.00
	3350.20	0.00	6.69	872.00
	3350.21	0.00	6.70	869.00
	3350.22	0.00	6.77	872.00
	3350.24	0.00	6.77	870.00
	3350.25	0.00	6.79	872.00
	3350.26	0.00	6.71	889.00
	3350.27	0.00	6.72	887.00
	3350.28	0.00	6.69	884.00
	3350.29	0.00	6.26	825.00
	3350.30	0.00	6.77	888.00
	3350.32	0.00	6.79	887.00
	3350.33	0.00	6.80	886.00
	3350.34	0.00	6.85	888.00
	3350.35	0.00	6.90	891.00
	3350.36	0.00	6.88	883.00
	3350.37	0.00	7.26	952.00
	3350.39	0.00	6.81	901.00
	3350.40	0.00	6.78	899.00
	3350.41	0.00	6.72	885.00
	3350.42	0.00	6.85	911.00
	3350.43	0.00	6.85	909.00
	3350.44	0.00	6.85	911.00
	3350.46	0.00	7.29	959.00
	3350.47	0.00	7.30	962.00
	3350.48	0.00	7.27	953.00
	3350.49	0.00	7.29	961.00
	3350.50	0.00	7.29	959.00
	3350.51	0.00	7.24	959.00
	3350.52	0.00	7.24	958.00
	3350.54	0.00	7.24	953.00
	3350.55	0.00	7.28	956.00
	3350.56	0.00	7.26	954.00
	3350.57	0.00	7.26	954.00
	3350.58	0.00	7.28	956.00
	3350.59	0.00	7.28	959.00
	3350.61	0.00	7.24	956.00
	3350.62	0.00	7.23	957.00
	3350.63	0.00	7.22	956.00
	3350.64	0.00	7.17	953.00
	3350.65	0.00	7.14	951.00
	3350.66	0.00	7.14	946.00
	3350.67	0.00	7.23	932.00
	3350.69	0.00	7.23	933.00
	3350.70	0.00	7.25	935.00
	3350.71	0.00	7.29	941.00
	3350.72	0.00	7.32	944.00
	3350.73	0.00	7.23	932.00
	3350.75	0.00	7.16	921.00
	3350.76	0.00	7.16	919.00
	3350.77	0.00	6.70	870.00
	3350.78	0.00	6.71	868.00
	3350.79	0.00	6.70	869.00
	3350.80	0.00	6.70	871.00
	3350.81	0.00	6.71	871.00
	3350.82	0.00	6.78	873.00
	3350.84	0.00	6.78	872.00
	3350.85	0.00	6.78	871.00
	3350.86	0.00	6.69	891.00
	3350.87	0.00	6.69	890.00
	3350.88	0.00	6.68	886.00
	3350.89	0.00	6.64	880.00
	3350.91	0.00	6.26	826.00
	3350.92	0.00	6.67	878.00
	3350.93	0.00	6.77	892.00
	3350.94	0.00	6.76	891.00
	3350.95	0.00	6.84	895.00
	3350.96	0.00	6.89	893.00
	3350.98	0.00	6.80	908.00
	3350.99	0.00	6.80	908.00
	3351.00	0.00	6.76	904.00
	3351.01	0.00	6.74	898.00
	3351.02	0.00	6.71	893.00
	3351.03	0.00	6.33	838.00
	3351.05	0.00	6.84	917.00
	3351.06	0.00	6.83	917.00
	3351.07	0.00	7.25	967.00
	3351.08	0.00	7.28	968.00
	3351.09	0.00	7.26	968.00
	3351.10	0.00	7.26	969.00
	3351.11	0.00	6.82	919.00
	3351.13	0.00	7.16	968.00
	3351.14	0.00	7.20	965.00
	3351.15	0.00	7.17	967.00
	3351.16	0.00	7.17	964.00
	3351.17	0.00	7.18	966.00
	3351.18	0.00	7.20	965.00
	3351.19	0.00	7.24	968.00
	3351.21	0.00	7.25	964.00
	3351.22	0.00	7.20	968.00
	3351.23	0.00	7.18	965.00
	3351.24	0.00	7.19	966.00
	3351.25	0.00	6.69	915.00
	3351.26	0.00	6.67	911.00
	3351.28	0.00	6.72	903.00
	3351.29	0.00	6.78	895.00
	3351.30	0.00	6.78	897.00
	3351.31	0.00	6.80	899.00
	3351.32	0.00	6.84	904.00
	3351.33	0.00	6.85	906.00
	3351.35	0.00	6.68	882.00
	3351.36	0.00	6.67	881.00
	3351.37	0.00	6.68	882.00
	3351.38	0.00	6.67	882.00
	3351.39	0.00	6.68	881.00
	3351.40	0.00	6.68	882.00
	3351.41	0.00	6.68	881.00
	3351.43	0.00	6.69	882.00
	3351.44	0.00	6.75	883.00
	3351.45	0.00	6.75	880.00
	3351.46	0.00	6.71	899.00
	3351.47	0.00	6.70	898.00
	3351.48	0.00	6.67	895.00
	3351.50	0.00	6.63	888.00
	3351.51	0.00	6.26	831.00
	3351.52	0.00	6.78	899.00
	3351.53	0.00	6.76	898.00
	3351.54	0.00	6.79	897.00
	3351.55	0.00	6.87	901.00
	3351.56	0.00	6.89	898.00
	3351.58	0.00	6.80	914.00
	3351.59	0.00	6.79	913.00
	3351.60	0.00	6.75	909.00
	3351.61	0.00	6.72	903.00
	3351.62	0.00	6.67	895.00
	3351.63	0.00	6.32	843.00
	3351.65	0.00	6.82	920.00
	3351.66	0.00	6.83	919.00
	3351.67	0.00	6.83	920.00
	3351.68	0.00	6.82	919.00
	3351.69	0.00	6.83	919.00
	3351.70	0.00	6.83	919.00
	3351.71	0.00	6.84	919.00
	3351.73	0.00	6.82	920.00
	3351.74	0.00	6.78	918.00
	3351.75	0.00	6.78	917.00
	3351.76	0.00	6.79	914.00
	3351.77	0.00	6.79	913.00
	3351.78	0.00	6.81	915.00
	3351.80	0.00	6.82	917.00
	3351.81	0.00	6.78	914.00
	3351.82	0.00	6.75	912.00
	3351.83	0.00	6.76	915.00
	3351.84	0.00	6.75	913.00
	3351.85	0.00	6.69	909.00
	3351.86	0.00	6.68	903.00
	3351.88	0.00	6.78	889.00
	3351.89	0.00	6.76	890.00
	3351.90	0.00	6.79	890.00
	3351.91	0.00	6.80	894.00
	3351.92	0.00	6.82	895.00
	3351.93	0.00	6.86	898.00
	3351.95	0.00	6.69	874.00
	3351.96	0.00	6.69	874.00
	3351.97	0.00	6.68	870.00
	3351.98	0.00	6.70	870.00
	3351.99	0.00	6.70	872.00
	3352.00	0.00	6.70	870.00
	3352.01	0.00	6.71	868.00
	3352.03	0.00	6.74	868.00
	3352.04	0.00	6.79	868.00
	3352.05	0.00	6.79	866.00
	3352.06	0.00	6.76	883.00
	3352.07	0.00	6.73	881.00
	3352.08	0.00	6.70	877.00
	3352.10	0.00	6.29	819.00
	3352.11	0.00	6.80	881.00
	3352.12	0.00	6.81	882.00
	3352.13	0.00	6.82	881.00
	3352.14	0.00	6.91	886.00
	3352.15	0.00	6.93	884.00
	3352.17	0.00	6.80	898.00
	3352.18	0.00	6.83	896.00
	3352.19	0.00	6.78	893.00
	3352.20	0.00	6.79	892.00
	3352.21	0.00	6.75	884.00
	3352.22	0.00	6.80	885.00
	3352.23	0.00	6.87	904.00
	3352.25	0.00	6.85	905.00
	3352.26	0.00	7.31	959.00
	3352.27	0.00	7.31	953.00
	3352.28	0.00	7.31	957.00
	3352.29	0.00	7.32	957.00
	3352.30	0.00	7.31	955.00
	3352.31	0.00	7.25	953.00
	3352.33	0.00	7.26	953.00
	3352.34	0.00	7.27	947.00
	3352.35	0.00	7.27	946.00
	3352.36	0.00	7.30	946.00
	3352.37	0.00	7.31	948.00
	3352.38	0.00	7.32	941.00
	3352.40	0.00	7.26	945.00
	3352.41	0.00	7.26	941.00
	3352.42	0.00	7.26	940.00
	3352.43	0.00	7.21	940.00
	3352.44	0.00	7.17	934.00
	3352.45	0.00	7.19	926.00
	3352.47	0.00	7.29	917.00
	3352.48	0.00	7.30	920.00
	3352.49	0.00	7.30	922.00
	3352.50	0.00	7.26	916.00
	3352.51	0.00	7.34	926.00
	3352.52	0.00	7.30	920.00
	3352.54	0.00	7.21	904.00
	3352.55	0.00	7.21	905.00
	3352.56	0.00	6.73	853.00
	3352.57	0.00	6.74	851.00
	3352.58	0.00	6.74	854.00
	3352.59	0.00	6.73	853.00
	3352.60	0.00	6.72	851.00
	3352.62	0.00	6.75	851.00
	3352.63	0.00	6.81	855.00
	3352.64	0.00	6.82	850.00
	3352.65	0.00	6.76	869.00
	3352.66	0.00	6.76	869.00
	3352.67	0.00	6.70	865.00
	3352.69	0.00	6.68	863.00
	3352.70	0.00	6.31	810.00
	3352.71	0.00	6.82	872.00
	3352.72	0.00	6.83	873.00
	3352.73	0.00	7.31	922.00
	3352.74	0.00	7.39	927.00
	3352.75	0.00	7.35	917.00
	3352.77	0.00	7.28	937.00
	3352.78	0.00	7.30	937.00
	3352.79	0.00	7.28	935.00
	3352.80	0.00	6.82	886.00
	3352.81	0.00	6.76	877.00
	3352.82	0.00	6.90	889.00
	3352.84	0.00	6.90	899.00
	3352.85	0.00	7.31	945.00
	3352.86	0.00	7.34	945.00
	3352.87	0.00	7.31	934.00
	3352.88	0.00	7.33	943.00
	3352.89	0.00	7.34	943.00
	3352.90	0.00	7.34	942.00
	3352.92	0.00	7.29	940.00
	3352.93	0.00	7.30	940.00
	3352.94	0.00	7.30	935.00
	3352.95	0.00	7.32	933.00
	3352.96	0.00	7.33	933.00
	3352.97	0.00	7.34	934.00
	3352.99	0.00	7.30	924.00
	3353.00	0.00	7.37	933.00
	3353.01	0.00	7.33	931.00
	3353.02	0.00	7.32	932.00
	3353.03	0.00	7.26	923.00
	3353.04	0.00	7.23	923.00
	3353.06	0.00	7.22	914.00
	3353.07	0.00	7.33	906.00
	3353.08	0.00	7.33	905.00
	3353.09	0.00	7.35	907.00
	3353.10	0.00	7.37	910.00
	3353.11	0.00	7.40	915.00
	3353.12	0.00	7.25	891.00
	3353.14	0.00	7.23	889.00
	3353.15	0.00	7.23	888.00
	3353.16	0.00	7.22	887.00
	3353.17	0.00	7.23	886.00
	3353.18	0.00	7.23	888.00
	3353.19	0.00	7.22	887.00
	3353.20	0.00	7.25	887.00
	3353.22	0.00	7.31	890.00
	3353.23	0.00	7.30	882.00
	3353.24	0.00	7.25	904.00
	3353.25	0.00	7.26	903.00
	3353.26	0.00	7.23	900.00
	3353.27	0.00	7.22	896.00
	3353.29	0.00	6.84	837.00
	3353.30	0.00	7.31	902.00
	3353.31	0.00	7.31	901.00
	3353.32	0.00	7.33	901.00
	3353.33	0.00	7.45	905.00
	3353.34	0.00	7.47	904.00
	3353.36	0.00	7.38	919.00
	3353.37	0.00	7.38	919.00
	3353.38	0.00	7.37	918.00
	3353.39	0.00	7.32	912.00
	3353.40	0.00	7.28	906.00
	3353.41	0.00	6.91	850.00
	3353.42	0.00	7.39	926.00
	3353.44	0.00	7.38	925.00
	3353.45	0.00	7.40	928.00
	3353.46	0.00	7.41	928.00
	3353.47	0.00	7.34	912.00
	3353.48	0.00	7.40	926.00
	3353.50	0.00	7.39	928.00
	3353.51	0.00	7.40	928.00
	3353.52	0.00	7.35	929.00
	3353.53	0.00	7.33	928.00
	3353.54	0.00	7.34	925.00
	3353.55	0.00	7.35	923.00
	3353.56	0.00	7.36	923.00
	3353.57	0.00	7.34	922.00
	3353.59	0.00	7.38	925.00
	3353.60	0.00	7.38	925.00
	3353.61	0.00	7.33	925.00
	3353.62	0.00	7.32	926.00
	3353.63	0.00	7.29	923.00
	3353.64	0.00	7.25	919.00
	3353.66	0.00	7.22	911.00
	3353.67	0.00	7.33	900.00
	3353.68	0.00	7.35	902.00
	3353.69	0.00	7.37	905.00
	3353.70	0.00	7.38	907.00
	3353.71	0.00	7.39	909.00
	3353.72	0.00	7.38	910.00
	3353.74	0.00	7.26	888.00
	3353.75	0.00	7.25	887.00
	3353.76	0.00	6.78	838.00
	3353.77	0.00	6.77	836.00
	3353.78	0.00	6.76	839.00
	3353.79	0.00	6.77	838.00
	3353.81	0.00	6.77	838.00
	3353.82	0.00	6.80	837.00
	3353.83	0.00	6.84	840.00
	3353.84	0.00	6.85	838.00
	3353.85	0.00	6.80	858.00
	3353.86	0.00	6.80	859.00
	3353.88	0.00	6.79	858.00
	3353.89	0.00	6.75	858.00
	3353.90	0.00	6.32	800.00
	3353.91	0.00	6.85	866.00
	3353.92	0.00	6.85	866.00
	3353.93	0.00	6.91	868.00
	3353.95	0.00	7.40	918.00
	3353.96	0.00	6.93	869.00
	3353.97	0.00	6.87	885.00
	3353.98	0.00	6.87	882.00
	3353.99	0.00	6.82	879.00
	3354.00	0.00	6.78	874.00
	3354.01	0.00	6.39	818.00
	3354.03	0.00	6.91	897.00
	3354.04	0.00	6.91	897.00
	3354.05	0.00	6.90	898.00
	3354.06	0.00	6.90	896.00
	3354.07	0.00	6.89	895.00
	3354.08	0.00	6.83	892.00
	3354.09	0.00	6.89	904.00
	3354.11	0.00	6.84	900.00
	3354.12	0.00	6.82	906.00
	3354.13	0.00	6.83	905.00
	3354.14	0.00	6.83	903.00
	3354.15	0.00	6.83	904.00
	3354.16	0.00	6.84	909.00
	3354.18	0.00	6.85	912.00
	3354.19	0.00	6.86	918.00
	3354.20	0.00	6.80	919.00
	3354.21	0.00	6.78	924.00
	3354.22	0.00	6.73	927.00
	3354.23	0.00	6.67	925.00
	3354.25	0.00	6.66	924.00
	3354.26	0.00	6.76	920.00
	3354.27	0.00	6.75	922.00
	3354.28	0.00	6.75	930.00
	3354.29	0.00	6.75	936.00
	3354.30	0.00	6.79	945.00
	3354.31	0.00	6.62	928.00
	3354.33	0.00	6.62	929.00
	3354.34	0.00	6.61	934.00
	3354.35	0.00	6.60	937.00
	3354.36	0.00	6.61	939.00
	3354.37	0.00	6.58	942.00
	3354.38	0.00	6.59	945.00
	3354.40	0.00	6.58	947.00
	3354.41	0.00	6.58	947.00
	3354.42	0.00	6.64	954.00
	3354.43	0.00	6.64	956.00
	3354.44	0.00	6.59	973.00
	3354.45	0.00	6.58	974.00
	3354.46	0.00	6.57	979.00
	3354.48	0.00	6.53	977.00
	3354.49	0.00	6.14	920.00
	3354.50	0.00	6.62	986.00
	3354.51	0.00	6.62	989.00
	3354.52	0.00	6.69	993.00
	3354.53	0.00	6.73	995.00
	3354.55	0.00	6.70	989.00
	3354.56	0.00	6.63	1008.00
	3354.57	0.00	6.62	1010.00
	3354.58	0.00	6.62	1012.00
	3354.59	0.00	6.62	1010.00
	3354.60	0.00	6.60	1011.00
	3354.61	0.00	6.57	1006.00
	3354.63	0.00	6.16	946.00
	3354.64	0.00	6.66	1022.00
	3354.65	0.00	6.66	1023.00
	3354.66	0.00	6.66	1023.00
	3354.67	0.00	6.67	1024.00
	3354.68	0.00	6.65	1024.00
	3354.70	0.00	6.66	1026.00
	3354.71	0.00	6.66	1022.00
	3354.72	0.00	6.64	1019.00
	3354.73	0.00	6.65	1024.00
	3354.74	0.00	6.65	1026.00
	3354.75	0.00	6.65	1025.00
	3354.77	0.00	6.65	1027.00
	3354.78	0.00	6.64	1028.00
	3354.79	0.00	6.61	1025.00
	3354.80	0.00	6.59	1026.00
	3354.81	0.00	6.60	1025.00
	3354.82	0.00	6.61	1022.00
	3354.84	0.00	6.61	1022.00
	3354.85	0.00	6.61	1022.00
	3354.86	0.00	6.61	1023.00
	3354.87	0.00	6.63	1026.00
	3354.88	0.00	6.63	1027.00
	3354.89	0.00	6.62	1029.00
	3354.91	0.00	6.62	1030.00
	3354.92	0.00	6.60	1029.00
	3354.93	0.00	6.59	1029.00
	3354.94	0.00	6.57	1031.00
	3354.95	0.00	6.55	1028.00
	3354.96	0.00	6.53	1028.00
	3354.98	0.00	6.49	1027.00
	3354.99	0.00	6.49	1027.00
	3355.00	0.00	6.49	1021.00
	3355.01	0.00	6.58	1015.53362.40	0.00	7.25	985.00
	3362.42	0.00	7.26	979.00
	3362.43	0.00	7.26	973.00
	3362.44	0.00	7.28	974.00
	33600	7.23	988.00
	3362.40	0.00	7.25	985.00
	3362.42	0.00	7.26	979.00
	3362.43	0.00	7.26	973.00
	3362.44	0.00	7.28	974.00
	33600	7.23	988.00
	3362.40	0.00	7.25	985.00
	3362.42	0.00	7.26	979.00
	3362.43	0.00	7.26	973.00
	3362.44	0.00	7.28	974.00
	3362.45	0.00	7.30	972.00
	3362.46	0.00	7.30	968.00
	3362.47	0.00	7.29	961.00
	3362.49	0.00	7.28	964.00
	3362.50	0.00	7.27	959.00
	3362.51	0.00	7.19	951.00
	3362.52	0.00	7.18	948.00
	3362.53	0.00	7.20	947.00
	3362.54	0.00	7.20	935.00
	3362.55	0.00	7.29	925.00
	3362.57	0.00	7.31	922.00
	3362.58	0.00	7.35	930.00
	3362.59	0.00	7.36	929.00
	3362.60	0.00	7.20	901.00
	3362.61	0.00	7.20	898.00
	3362.62	0.00	7.18	893.00
	3362.64	0.00	6.76	841.00
	3362.65	0.00	6.75	833.00
	3362.66	0.00	6.79	831.00
	3362.67	0.00	6.79	833.00
	3362.68	0.00	6.80	829.00
	3362.69	0.00	6.88	830.00
	3362.70	0.00	6.84	825.00
	3362.72	0.00	6.83	842.00
	3362.73	0.00	6.86	839.00
	3362.74	0.00	6.84	841.00
	3362.75	0.00	6.81	837.00
	3362.76	0.00	6.76	829.00
	3362.77	0.00	6.92	836.00
	3362.79	0.00	6.91	839.00
	3362.80	0.00	6.95	838.00
	3362.81	0.00	7.03	844.00
	3362.82	0.00	7.03	846.00
	3362.83	0.00	7.05	841.00
	3362.84	0.00	6.95	859.00
	3362.85	0.00	6.95	860.00
	3362.87	0.00	6.91	857.00
	3362.88	0.00	6.89	854.00
	3362.89	0.00	6.48	793.00
	3362.90	0.00	6.98	869.00
	3362.91	0.00	7.00	866.00
	3362.92	0.00	6.98	863.00
	3362.94	0.00	6.97	860.00
	3362.95	0.00	6.99	857.00
	3362.96	0.00	6.97	850.00
	3362.97	0.00	6.97	850.00
	3362.98	0.00	6.97	846.00
	3363.00	0.00	6.94	841.00
	3363.01	0.00	6.88	834.00
	3363.02	0.00	6.87	832.00
	3363.03	0.00	6.88	830.00
	3363.04	0.00	6.90	823.00
	3363.05	0.00	6.90	823.00
	3363.06	0.00	6.91	824.00
	3363.08	0.00	6.93	824.00
	3363.09	0.00	6.93	823.00
	3363.10	0.00	6.51	776.00
	3363.11	0.00	6.50	775.00
	3363.12	0.00	6.49	774.00
	3363.13	0.00	6.46	773.00
	3363.14	0.00	6.43	767.00
	3363.16	0.00	6.44	761.00
	3363.17	0.00	6.50	740.00
	3363.18	0.00	6.51	739.00
	3363.19	0.00	6.52	738.00
	3363.20	0.00	6.52	737.00
	3363.21	0.00	6.51	736.00
	3363.23	0.00	6.51	735.00
	3363.24	0.00	6.51	735.00
	3363.25	0.00	6.52	737.00
	3363.26	0.00	6.51	735.00
	3363.27	0.00	6.52	735.00
	3363.28	0.00	6.52	737.00
	3363.29	0.00	6.53	738.00
	3363.31	0.00	6.55	740.00
	3363.32	0.00	6.61	744.00
	3363.33	0.00	6.62	742.00
	3363.34	0.00	6.58	751.00
	3363.35	0.00	6.54	764.00
	3363.36	0.00	6.56	764.00
	3363.38	0.00	6.54	765.00
	3363.39	0.00	6.53	766.00
	3363.40	0.00	6.52	767.00
	3363.41	0.00	6.54	763.00
	3363.42	0.00	6.55	766.00
	3363.43	0.00	6.47	766.00
	3363.44	0.00	6.58	771.00
	3363.46	0.00	6.59	768.00
	3363.47	0.00	6.61	779.00
	3363.48	0.00	6.57	793.00
	3363.49	0.00	6.58	792.00
	3363.50	0.00	6.55	792.00
	3363.51	0.00	6.55	795.00
	3363.53	0.00	6.57	794.00
	3363.54	0.00	6.55	802.00
	3363.55	0.00	6.53	805.00
	3363.56	0.00	6.89	857.00
	3363.57	0.00	6.90	864.00
	3363.58	0.00	6.90	868.00
	3363.60	0.00	6.89	871.00
	3363.61	0.00	6.89	882.00
	3363.62	0.00	6.89	888.00
	3363.63	0.00	6.88	892.00
	3363.64	0.00	6.82	895.00
	3363.65	0.00	6.81	897.00
	3363.66	0.00	6.82	892.00
	3363.68	0.00	6.82	895.00
	3363.69	0.00	6.83	897.00
	3363.70	0.00	6.83	902.00
	3363.71	0.00	6.83	902.00
	3363.72	0.00	6.84	907.00
	3363.73	0.00	6.84	906.00
	3363.75	0.00	6.77	911.00
	3363.76	0.00	6.77	912.00
	3363.77	0.00	6.76	913.00
	3363.78	0.00	6.68	908.00
	3363.79	0.00	6.66	908.00
	3363.80	0.00	6.76	899.00
	3363.82	0.00	6.76	891.00
	3363.83	0.00	6.78	891.00
	3363.84	0.00	6.78	896.00
	3363.85	0.00	6.80	901.00
	3363.86	0.00	6.84	907.00
	3363.87	0.00	6.77	897.00
	3363.89	0.00	6.67	883.00
	3363.90	0.00	6.67	883.00
	3363.91	0.00	6.67	884.00
	3363.92	0.00	6.68	884.00
	3363.93	0.00	6.67	883.00
	3363.94	0.00	6.68	882.00
	3363.95	0.00	6.67	883.00
	3363.97	0.00	6.27	829.00
	3363.98	0.00	6.68	880.00
	3363.99	0.00	6.75	883.00
	3364.00	0.00	6.72	880.00
	3364.01	0.00	6.74	877.00
	3364.02	0.00	6.70	894.00
	3364.04	0.00	6.71	890.00
	3364.05	0.00	6.70	885.00
	3364.06	0.00	6.67	879.00
	3364.07	0.00	6.32	821.00
	3364.08	0.00	6.78	876.00
	3364.09	0.00	6.78	871.00
	3364.11	0.00	6.80	870.00
	3364.12	0.00	6.88	870.00
	3364.13	0.00	6.92	868.00
	3364.14	0.00	6.82	884.00
	3364.15	0.00	6.82	880.00
	3364.16	0.00	6.78	875.00
	3364.17	0.00	6.76	868.00
	3364.19	0.00	6.39	814.00
	3364.20	0.00	6.40	808.00
	3364.21	0.00	6.88	878.00
	3364.22	0.00	6.89	874.00
	3364.23	0.00	6.89	869.00
	3364.24	0.00	6.89	862.00
	3364.25	0.00	6.89	862.00
	3364.27	0.00	6.86	851.00
	3364.28	0.00	6.85	854.00
	3364.29	0.00	6.84	851.00
	3364.30	0.00	6.85	848.00
	3364.31	0.00	6.87	841.00
	3364.32	0.00	6.87	841.00
	3364.34	0.00	6.89	838.00
	3364.35	0.00	6.92	839.00
	3364.36	0.00	6.87	835.00
	3364.37	0.00	6.87	837.00
	3364.38	0.00	6.85	833.00
	3364.39	0.00	6.80	831.00
	3364.41	0.00	6.77	827.00
	3364.42	0.00	6.82	818.00
	3364.43	0.00	6.88	807.00
	3364.44	0.00	6.90	810.00
	3364.45	0.00	6.94	813.00
	3364.46	0.00	6.87	802.00
	3364.47	0.00	6.81	793.00
	3364.49	0.00	6.80	792.00
	3364.50	0.00	6.80	793.00
	3364.51	0.00	6.79	794.00
	3364.52	0.00	6.80	793.00
	3364.53	0.00	6.78	795.00
	3364.54	0.00	6.79	795.00
	3364.55	0.00	6.87	799.00
	3364.57	0.00	6.88	800.00
	3364.58	0.00	6.81	818.00
	3364.59	0.00	6.80	820.00
	3364.60	0.00	6.77	821.00
	3364.61	0.00	6.21	770.00
	3364.62	0.00	6.38	766.00
	3364.64	0.00	6.85	828.00
	3364.65	0.00	6.87	829.00
	3364.66	0.00	6.97	835.00
	3364.67	0.00	6.93	825.00
	3364.68	0.00	6.86	850.00
	3364.69	0.00	6.87	854.00
	3364.71	0.00	6.85	856.00
	3364.72	0.00	6.80	855.00
	3364.73	0.00	6.40	802.00
	3364.74	0.00	6.88	873.00
	3364.75	0.00	6.87	874.00
	3364.76	0.00	6.89	878.00
	3364.77	0.00	6.87	874.00
	3364.79	0.00	6.87	880.00
	3364.80	0.00	6.86	883.00
	3364.81	0.00	6.86	883.00
	3364.82	0.00	6.80	885.00
	3364.83	0.00	6.79	888.00
	3364.84	0.00	6.80	885.00
	3364.85	0.00	6.81	887.00
	3364.87	0.00	6.83	886.00
	3364.88	0.00	6.82	890.00
	3364.89	0.00	6.83	894.00
	3364.90	0.00	6.79	895.00
	3364.91	0.00	6.78	899.00
	3364.92	0.00	6.70	897.00
	3364.94	0.00	6.67	894.00
	3364.95	0.00	6.69	882.00
	3364.96	0.00	6.76	882.00
	3364.97	0.00	6.79	885.00
	3364.98	0.00	6.80	888.00
	3365.00	0.00	6.83	894.00
	3365.01	0.00	6.67	874.00
	3365.02	0.00	6.66	874.00
	3365.03	0.00	6.66	876.00
	3365.04	0.00	6.65	874.00
	3365.05	0.00	6.66	881.00
	3365.06	0.00	6.66	881.00
	3365.07	0.00	6.66	883.00
	3365.09	0.00	6.71	889.00
	3365.10	0.00	6.71	893.00
	3365.11	0.00	6.30	838.00
	3365.12	0.00	6.66	914.00
	3365.13	0.00	6.64	916.00
	3365.14	0.00	6.60	916.00
	3365.15	0.00	6.22	868.00
	3365.17	0.00	6.69	930.00
	3365.18	0.00	6.68	933.00
	3365.19	0.00	6.68	936.00
	3365.20	0.00	6.72	942.00
	3365.21	0.00	6.77	946.00
	3365.22	0.00	6.72	940.00
	3365.24	0.00	6.66	966.00
	3365.25	0.00	6.66	966.00
	3365.26	0.00	6.61	965.00
	3365.27	0.00	6.60	966.00
	3365.28	0.00	6.19	912.00
	3365.29	0.00	6.20	912.00
	3365.31	0.00	6.66	982.00
	3365.32	0.00	6.67	984.00
	3365.33	0.00	6.67	982.00
	3365.34	0.00	6.68	984.00
	3365.35	0.00	6.66	976.00
	3365.36	0.00	6.67	985.00
	3365.38	0.00	6.67	985.00
	3365.39	0.00	6.67	986.00
	3365.40	0.00	6.63	985.00
	3365.41	0.00	6.62	986.00
	3365.42	0.00	6.62	984.00
	3365.43	0.00	6.64	980.00
	3365.44	0.00	6.64	977.00
	3365.46	0.00	6.64	979.00
	3365.47	0.00	6.65	981.00
	3365.48	0.00	6.66	981.00
	3365.49	0.00	6.64	975.00
	3365.50	0.00	6.62	980.00
	3365.51	0.00	6.61	978.00
	3365.53	0.00	6.55	977.00
	3365.54	0.00	6.51	969.00
	3365.55	0.00	6.55	960.00
	3365.56	0.00	6.62	954.00
	3365.57	0.00	6.64	954.00
	3365.58	0.00	6.65	953.00
	3365.60	0.00	6.68	958.00
	3365.61	0.00	6.71	962.00
	3365.62	0.00	6.53	937.00
	3365.63	0.00	6.54	937.00
	3365.64	0.00	6.54	937.00
	3365.65	0.00	6.54	936.00
	3365.66	0.00	6.56	934.00
	3365.68	0.00	6.52	932.00
	3365.69	0.00	6.55	933.00
	3365.70	0.00	6.55	931.00
	3365.71	0.00	6.62	933.00
	3365.72	0.00	6.64	928.00
	3365.73	0.00	6.59	950.00
	3365.75	0.00	6.59	945.00
	3365.76	0.00	6.54	940.00
	3365.77	0.00	6.53	938.00
	3365.78	0.00	6.16	883.00
	3365.79	0.00	6.65	941.00
	3365.80	0.00	6.66	940.00
	3365.82	0.00	6.73	943.00
	3365.83	0.00	6.77	942.00
	3365.84	0.00	6.71	933.00
	3365.85	0.00	6.68	955.00
	3365.86	0.00	6.67	952.00
	3365.87	0.00	6.65	950.00
	3365.88	0.00	6.63	949.00
	3365.90	0.00	6.62	947.00
	3365.91	0.00	6.25	891.00
	3365.92	0.00	6.72	962.00
	3365.93	0.00	6.72	962.00
	3365.94	0.00	6.72	962.00
	3365.95	0.00	6.72	962.00
	3365.96	0.00	6.70	956.00
	3365.98	0.00	6.66	950.00
	3365.99	0.00	6.63	964.00
	3366.00	0.00	6.71	964.00
	3366.01	0.00	6.69	962.00
	3366.02	0.00	6.63	960.00
	3366.03	0.00	6.66	959.00
	3366.05	0.00	6.67	957.00
	3366.06	0.00	6.67	958.00
	3366.07	0.00	6.67	957.00
	3366.08	0.00	6.63	958.00
	3366.09	0.00	6.69	959.00
	3366.10	0.00	6.70	959.00
	3366.12	0.00	6.65	960.00
	3366.13	0.00	6.64	960.00
	3366.14	0.00	6.60	958.00
	3366.15	0.00	6.55	952.00
	3366.16	0.00	6.57	940.00
	3366.17	0.00	6.66	936.00
	3366.18	0.00	6.65	938.00
	3366.20	0.00	6.67	939.00
	3366.21	0.00	6.69	943.00
	3366.22	0.00	6.71	945.00
	3366.23	0.00	6.56	923.00
	3366.24	0.00	6.56	922.00
	3366.25	0.00	6.55	922.00
	3366.27	0.00	6.55	921.00
	3366.28	0.00	6.55	921.00
	3366.29	0.00	6.55	922.00
	3366.30	0.00	6.54	921.00
	3366.31	0.00	6.61	925.00
	3366.32	0.00	6.62	922.00
	3366.34	0.00	6.61	928.00
	3366.35	0.00	6.58	941.00
	3366.36	0.00	6.56	940.00
	3366.37	0.00	6.57	940.00
	3366.38	0.00	6.52	934.00
	3366.39	0.00	6.17	885.00
	3366.41	0.00	6.63	941.00
	3366.42	0.00	6.64	940.00
	3366.43	0.00	6.73	947.00
	3366.44	0.00	6.73	945.00
	3366.45	0.00	6.74	944.00
	3366.46	0.00	6.68	934.00
	3366.47	0.00	6.64	960.00
	3366.49	0.00	6.64	959.00
	3366.50	0.00	6.61	957.00
	3366.51	0.00	6.57	951.00
	3366.52	0.00	6.22	896.00
	3366.53	0.00	6.68	968.00
	3366.54	0.00	6.68	969.00
	3366.55	0.00	6.67	971.00
	3366.57	0.00	6.69	970.00
	3366.58	0.00	6.67	970.00
	3366.59	0.00	6.59	960.00
	3366.60	0.00	6.67	973.00
	3366.61	0.00	6.68	974.00
	3366.62	0.00	6.62	973.00
	3366.64	0.00	6.62	972.00
	3366.65	0.00	6.63	965.00
	3366.66	0.00	6.58	959.00
	3366.67	0.00	6.63	964.00
	3366.68	0.00	6.64	966.00
	3366.69	0.00	6.66	966.00
	3366.71	0.00	6.68	969.00
	3366.72	0.00	6.62	968.00
	3366.73	0.00	6.61	967.00
	3366.74	0.00	6.57	964.00
	3366.75	0.00	6.53	961.00
	3366.76	0.00	6.53	961.00
	3366.77	0.00	6.51	951.00
	3366.79	0.00	6.63	940.00
	3366.80	0.00	6.65	941.00
	3366.81	0.00	6.67	942.00
	3366.82	0.00	6.71	949.00
	3366.83	0.00	6.55	925.00
	3366.84	0.00	6.55	925.00
	3366.86	0.00	6.56	926.00
	3366.87	0.00	6.55	925.00
	3366.88	0.00	6.55	924.00
	3366.89	0.00	6.55	922.00
	3366.90	0.00	6.55	924.00
	3366.91	0.00	6.56	922.00
	3366.93	0.00	6.63	925.00
	3366.94	0.00	6.64	921.00
	3366.95	0.00	6.64	920.00
	3366.96	0.00	6.59	938.00
	3366.97	0.00	6.59	937.00
	3366.98	0.00	6.54	934.00
	3367.00	0.00	6.18	881.00
	3367.01	0.00	6.63	932.00
	3367.02	0.00	6.66	933.00
	3367.03	0.00	6.69	930.00
	3367.04	0.00	6.76	935.00
	3367.05	0.00	6.79	933.00
	3367.06	0.00	6.77	925.00
	3367.08	0.00	6.68	944.00
	3367.09	0.00	6.67	942.00
	3367.10	0.00	6.66	940.00
	3367.11	0.00	6.26	882.00
	3367.12	0.00	6.73	951.00
	3367.13	0.00	6.73	950.00
	3367.14	0.00	6.73	951.00
	3367.16	0.00	6.73	948.00
	3367.17	0.00	6.73	949.00
	3367.18	0.00	6.73	948.00
	3367.19	0.00	6.73	950.00
	3367.20	0.00	6.58	950.00
	3367.21	0.00	6.70	949.00
	3367.23	0.00	6.68	948.00
	3367.24	0.00	6.67	947.00
	3367.25	0.00	6.68	947.00
	3367.26	0.00	6.69	942.00
	3367.27	0.00	6.70	940.00
	3367.28	0.00	6.73	942.00
	3367.30	0.00	6.72	941.00
	3367.31	0.00	6.73	937.00
	3367.32	0.00	6.67	939.00
	3367.33	0.00	6.68	941.00
	3367.34	0.00	6.65	937.00
	3367.35	0.00	6.63	936.00
	3367.36	0.00	6.59	931.00
	3367.38	0.00	6.61	915.00
	3367.39	0.00	6.69	913.00
	3367.40	0.00	6.71	912.00
	3367.41	0.00	6.74	917.00
	3367.42	0.00	6.77	921.00
	3367.43	0.00	6.61	896.00
	3367.45	0.00	6.60	897.00
	3367.46	0.00	6.61	898.00
	3367.47	0.00	6.45	897.00
	3367.48	0.00	6.45	894.00
	3367.49	0.00	6.46	891.00
	3367.50	0.00	6.51	895.00
	3367.52	0.00	6.53	890.00
	3367.53	0.00	6.59	893.00
	3367.54	0.00	6.61	889.00
	3367.55	0.00	6.63	887.00
	3367.56	0.00	6.67	887.00
	3367.57	0.00	6.60	907.00
	3367.58	0.00	6.60	906.00
	3367.60	0.00	6.58	902.00
	3367.61	0.00	6.21	846.00
	3367.62	0.00	6.69	904.00
	3367.63	0.00	6.71	903.00
	3367.64	0.00	6.73	902.00
	3367.65	0.00	6.78	906.00
	3367.67	0.00	6.82	903.00
	3367.68	0.00	6.74	915.00
	3367.69	0.00	6.72	916.00
	3367.70	0.00	6.69	912.00
	3367.71	0.00	6.65	906.00
	3367.72	0.00	6.29	849.00
	3367.73	0.00	6.75	922.00
	3367.75	0.00	6.76	922.00
	3367.76	0.00	6.75	921.00
	3367.77	0.00	6.72	913.00
	3367.78	0.00	6.76	917.00
	3367.79	0.00	6.76	922.00
	3367.80	0.00	6.76	922.00
	3367.82	0.00	6.71	920.00
	3367.83	0.00	6.71	922.00
	3367.84	0.00	6.72	916.00
	3367.85	0.00	6.73	917.00
	3367.86	0.00	6.73	917.00
	3367.87	0.00	6.78	922.00
	3367.88	0.00	6.77	921.00
	3367.90	0.00	6.72	919.00
	3367.91	0.00	6.71	921.00
	3367.92	0.00	6.65	922.00
	3367.93	0.00	6.63	917.00
	3367.94	0.00	6.61	916.00
	3367.95	0.00	6.62	910.00
	3367.97	0.00	6.71	898.00
	3367.98	0.00	6.73	902.00
	3367.99	0.00	6.75	904.00
	3368.00	0.00	6.79	910.00
	3368.01	0.00	6.63	886.00
	3368.02	0.00	6.63	886.00
	3368.04	0.00	6.63	887.00
	3368.05	0.00	6.63	886.00
	3368.06	0.00	6.60	884.00
	3368.07	0.00	6.63	888.00
	3368.08	0.00	6.63	890.00
	3368.09	0.00	6.61	888.00
	3368.10	0.00	6.68	892.00
	3368.12	0.00	6.71	891.00
	3368.13	0.00	6.65	909.00
	3368.14	0.00	6.65	909.00
	3368.15	0.00	6.63	907.00
	3368.16	0.00	6.59	905.00
	3368.17	0.00	6.24	850.00
	3368.18	0.00	6.70	911.00
	3368.20	0.00	6.72	911.00
	3368.21	0.00	6.82	919.00
	3368.22	0.00	6.82	916.00
	3368.23	0.00	6.72	933.00
	3368.24	0.00	6.72	932.00
	3368.25	0.00	6.71	934.00
	3368.27	0.00	6.67	932.00
	3368.28	0.00	6.64	926.00
	3368.29	0.00	6.28	873.00
	3368.30	0.00	6.74	946.00
	3368.31	0.00	6.74	945.00
	3368.32	0.00	6.74	949.00
	3368.34	0.00	6.74	951.00
	3368.35	0.00	6.73	948.00
	3368.36	0.00	6.72	953.00
	3368.37	0.00	6.73	952.00
	3368.38	0.00	6.69	950.00
	3368.39	0.00	6.68	950.00
	3368.41	0.00	6.68	948.00
	3368.42	0.00	6.69	946.00
	3368.43	0.00	6.70	946.00
	3368.44	0.00	6.70	947.00
	3368.45	0.00	6.72	950.00
	3368.46	0.00	6.72	951.00
	3368.47	0.00	6.70	944.00
	3368.49	0.00	6.66	952.00
	3368.50	0.00	6.65	951.00
	3368.51	0.00	6.57	947.00
	3368.52	0.00	6.54	945.00
	3368.53	0.00	6.57	935.00
	3368.54	0.00	6.65	932.00
	3368.56	0.00	6.66	938.00
	3368.57	0.00	6.68	940.00
	3368.58	0.00	6.71	946.00
	3368.59	0.00	6.55	924.00
	3368.60	0.00	6.54	925.00
	3368.61	0.00	6.56	927.00
	3368.62	0.00	6.56	930.00
	3368.64	0.00	6.54	928.00
	3368.65	0.00	6.55	928.00
	3368.66	0.00	6.55	931.00
	3368.67	0.00	6.56	933.00
	3368.68	0.00	6.62	937.00
	3368.69	0.00	6.62	932.00
	3368.71	0.00	6.57	952.00
	3368.72	0.00	6.57	954.00
	3368.73	0.00	6.56	953.00
	3368.74	0.00	6.50	950.00
	3368.75	0.00	6.49	949.00
	3368.76	0.00	6.15	898.00
	3368.77	0.00	6.62	956.00
	3368.79	0.00	6.62	954.00
	3368.80	0.00	6.68	958.00
	3368.81	0.00	6.72	958.00
	3368.82	0.00	6.68	950.00
	3368.83	0.00	6.63	971.00
	3368.84	0.00	6.64	969.00
	3368.86	0.00	6.63	968.00
	3368.87	0.00	6.61	967.00
	3368.88	0.00	6.21	908.00
	3368.89	0.00	6.63	959.00
	3368.90	0.00	6.68	976.00
	3368.91	0.00	6.68	974.00
	3368.93	0.00	6.69	973.00
	3368.94	0.00	6.71	975.00
	3368.95	0.00	6.69	974.00
	3368.96	0.00	6.65	961.00
	3368.97	0.00	6.69	973.00
	3368.98	0.00	6.69	971.00
	3369.00	0.00	6.63	970.00
	3369.01	0.00	6.63	970.00
	3369.02	0.00	6.65	963.00
	3369.03	0.00	6.66	963.00
	3369.04	0.00	6.66	963.00
	3369.05	0.00	6.67	963.00
	3369.06	0.00	6.69	962.00
	3369.08	0.00	6.70	962.00
	3369.09	0.00	6.65	963.00
	3369.10	0.00	6.53	962.00
	3369.11	0.00	6.50	958.00
	3369.12	1.00	6.45	953.00
	3369.13	1.00	6.43	953.00
	3369.15	1.00	6.44	945.00
	3369.16	1.00	6.60	933.00
	3369.17	1.00	6.67	934.00
	3369.18	1.00	6.65	938.00
	3369.19	1.00	6.72	939.00
	3369.20	1.00	6.59	918.00
	3369.22	1.00	6.58	915.00
	3369.23	1.00	6.50	915.00
	3369.24	1.00	6.49	913.00
	3369.25	1.00	6.58	911.00
	3369.26	1.00	6.59	908.00
	3369.27	1.00	6.60	910.00
	3369.28	1.00	6.61	908.00
	3369.30	1.00	6.67	908.00
	3369.31	1.00	6.67	906.00
	3369.32	1.00	6.67	907.00
	3369.33	1.00	6.61	925.00
	3369.34	0.00	6.61	922.00
	3369.35	0.00	6.57	919.00
	3369.36	0.00	6.21	863.00
	3369.38	0.00	6.68	922.00
	3369.39	0.00	6.70	921.00
	3369.40	0.00	6.71	926.00
	3369.41	0.00	6.81	924.00
	3369.42	0.00	6.83	921.00
	3369.43	0.00	6.72	937.00
	3369.45	0.00	6.71	938.00
	3369.46	0.00	6.67	935.00
	3369.47	0.00	6.61	931.00
	3369.48	0.00	6.26	875.00
	3369.49	0.00	6.72	948.00
	3369.50	0.00	6.72	950.00
	3369.52	0.00	6.74	949.00
	3369.53	0.00	6.74	949.00
	3369.54	0.00	6.75	949.00
	3369.55	0.00	6.74	951.00
	3369.56	0.00	6.74	952.00
	3369.57	0.00	6.73	952.00
	3369.58	0.00	6.68	951.00
	3369.60	0.00	6.68	952.00
	3369.61	0.00	6.68	951.00
	3369.62	0.00	6.56	943.00
	3369.63	0.00	6.68	950.00
	3369.64	0.00	6.69	950.00
	3369.65	0.00	6.70	953.00
	3369.67	0.00	6.72	952.00
	3369.68	0.00	6.70	947.00
	3369.69	0.00	6.66	952.00
	3369.70	0.00	6.66	954.00
	3369.71	0.00	6.64	953.00
	3369.72	0.00	6.57	949.00
	3369.74	0.00	6.56	944.00
	3369.75	0.00	6.66	932.00
	3369.76	0.00	6.67	934.00
	3369.77	0.00	6.70	937.00
	3369.78	0.00	6.73	943.00
	3369.79	0.00	6.59	924.00
	3369.80	0.00	6.58	921.00
	3369.82	0.00	6.58	921.00
	3369.83	0.00	6.58	922.00
	3369.84	0.00	6.57	922.00
	3369.85	0.00	6.57	922.00
	3369.86	0.00	6.57	924.00
	3369.87	0.00	6.57	922.00
	3369.89	0.00	6.64	926.00
	3369.90	0.00	6.65	924.00
	3369.91	0.00	6.60	943.00
	3369.92	0.00	6.60	943.00
	3369.93	0.00	6.59	941.00
	3369.94	0.00	6.55	940.00
	3369.95	0.00	6.18	886.00
	3369.97	0.00	6.66	942.00
	3369.98	0.00	6.65	942.00
	3369.99	0.00	6.71	942.00
	3370.00	0.00	6.76	945.00
	3370.01	0.00	6.72	935.00
	3370.02	0.00	6.67	959.00
	3370.04	0.00	6.67	960.00
	3370.05	0.00	6.65	956.00
	3370.06	0.00	6.63	955.00
	3370.07	0.00	6.24	898.00
	3370.08	0.00	6.71	966.00
	3370.09	0.00	6.70	970.00
	3370.10	0.00	6.70	969.00
	3370.12	0.00	6.70	970.00
	3370.13	0.00	6.70	970.00
	3370.14	0.00	6.70	968.00
	3370.15	0.00	6.71	973.00
	3370.16	0.00	6.70	971.00
	3370.17	0.00	6.70	971.00
	3370.19	0.00	6.67	970.00
	3370.20	0.00	6.65	970.00
	3370.21	0.00	6.64	972.00
	3370.22	0.00	6.64	964.00
	3370.23	0.00	6.65	965.00
	3370.25	0.00	6.67	967.00
	3370.26	0.00	6.69	968.00
	3370.27	0.00	6.70	967.00
	3370.28	0.00	6.63	967.00
	3370.29	0.00	6.65	968.00
	3370.30	0.00	6.55	968.00
	3370.31	0.00	6.63	968.00
	3370.33	0.00	6.55	962.00
	3370.34	0.00	6.54	960.00
	3370.35	0.00	6.61	948.00
	3370.36	0.00	6.64	943.00
	3370.37	0.00	6.64	947.00
	3370.38	0.00	6.69	952.00
	3370.39	0.00	6.58	937.00
	3370.41	0.00	6.55	930.00
	3370.42	0.00	6.55	930.00
	3370.43	0.00	6.55	930.00
	3370.44	0.00	6.56	930.00
	3370.45	0.00	6.55	927.00
	3370.46	0.00	6.56	929.00
	3370.48	0.00	6.57	930.00
	3370.49	0.00	6.61	929.00
	3370.50	0.00	6.65	929.00
	3370.51	0.00	6.65	928.00
	3370.52	0.00	6.64	929.00
	3370.53	0.00	6.60	947.00
	3370.54	0.00	6.57	945.00
	3370.56	0.00	6.55	939.00
	3370.57	0.00	6.18	887.00
	3370.58	0.00	6.65	944.00
	3370.59	0.00	6.66	944.00
	3370.60	0.00	6.67	938.00
	3370.61	0.00	6.73	944.00
	3370.63	0.00	6.78	945.00
	3370.64	0.00	6.73	936.00
	3370.65	0.00	6.68	958.00
	3370.66	0.00	6.67	957.00
	3370.67	0.00	6.64	952.00
	3370.68	0.00	6.25	895.00
	3370.69	0.00	6.25	893.00
	3370.71	0.00	6.26	889.00
	3370.72	0.00	6.73	964.00
	3370.73	0.00	6.70	961.00
	3370.74	0.00	6.73	961.00
	3370.75	0.00	6.72	961.00
	3370.76	0.00	6.72	963.00
	3370.78	0.00	6.73	962.00
	3370.79	0.00	6.72	960.00
	3370.80	0.00	6.73	961.00
	3370.81	0.00	6.67	957.00
	3370.82	0.00	6.63	952.00
	3370.83	0.00	6.68	952.00
	3370.85	0.00	6.66	952.00
	3370.86	0.00	6.70	951.00
	3370.87	0.00	6.72	952.00
	3370.88	0.00	6.74	953.00
	3370.89	0.00	6.67	952.00
	3370.90	0.00	6.58	951.00
	3370.91	0.00	6.59	950.00
	3370.93	0.00	6.56	947.00
	3370.94	0.00	6.59	943.00
	3370.95	0.00	6.58	934.00
	3370.96	0.00	6.68	923.00
	3370.97	0.00	6.71	923.00
	3370.98	0.00	6.71	924.00
	3371.00	0.00	6.73	926.00
	3371.01	0.00	6.77	932.00
	3371.02	0.00	6.60	909.00
	3371.03	0.00	6.54	910.00
	3371.04	0.00	6.59	909.00
	3371.05	0.00	6.60	910.00
	3371.07	0.00	6.61	911.00
	3371.08	0.00	6.57	907.00
	3371.09	0.00	6.60	910.00
	3371.10	0.00	6.68	912.00
	3371.11	0.00	6.68	909.00
	3371.12	0.00	6.63	931.00
	3371.13	0.00	6.61	927.00
	3371.15	0.00	6.58	924.00
	3371.16	0.00	6.21	870.00
	3371.17	0.00	6.69	926.00
	3371.18	0.00	6.68	926.00
	3371.19	0.00	6.69	926.00
	3371.20	0.00	6.78	929.00
	3371.21	0.00	6.80	931.00
	3371.23	0.00	6.76	919.00
	3371.24	0.00	6.70	946.00
	3371.25	0.00	6.69	945.00
	3371.26	0.00	6.62	936.00
	3371.27	0.00	6.26	883.00
	3371.28	0.00	6.23	883.00
	3371.30	0.00	6.69	955.00
	3371.31	0.00	6.69	955.00
	3371.32	0.00	6.66	956.00
	3371.33	0.00	6.70	956.00
	3371.34	0.00	6.73	954.00
	3371.35	0.00	6.58	946.00
	3371.37	0.00	6.67	959.00
	3371.38	0.00	6.68	956.00
	3371.39	0.00	6.59	956.00
	3371.40	0.00	6.62	956.00
	3371.41	0.00	6.61	958.00
	3371.42	0.00	6.60	958.00
	3371.44	0.00	6.61	954.00
	3371.45	0.00	6.61	954.00
	3371.46	0.00	6.63	956.00
	3371.47	0.00	6.66	955.00
	3371.48	0.00	6.65	956.00
	3371.49	0.00	6.66	953.00
	3371.50	0.00	6.60	956.00
	3371.52	0.00	6.62	956.00
	3371.53	0.00	6.58	955.00
	3371.54	0.00	6.53	952.00
	3371.55	0.00	6.54	945.00
	3371.56	0.00	6.63	935.00
	3371.57	0.00	6.64	935.00
	3371.59	0.00	6.64	940.00
	3371.60	0.00	6.59	942.00
	3371.61	0.00	6.71	947.00
	3371.62	0.00	6.55	922.00
	3371.63	0.00	6.56	922.00
	3371.64	0.00	6.57	921.00
	3371.65	0.00	6.56	920.00
	3371.67	0.00	6.57	923.00
	3371.68	0.00	6.58	922.00
	3371.69	0.00	6.57	921.00
	3371.70	0.00	6.59	916.00
	3371.71	0.00	6.65	922.00
	3371.72	0.00	6.66	918.00
	3371.74	0.00	6.61	938.00
	3371.75	0.00	6.61	937.00
	3371.76	0.00	6.58	932.00
	3371.77	0.00	6.55	930.00
	3371.78	0.00	6.19	880.00
	3371.79	0.00	6.64	932.00
	3371.80	0.00	6.68	933.00
	3371.82	0.00	6.73	934.00
	3371.83	0.00	6.79	937.00
	3371.84	0.00	6.75	924.00
	3371.85	0.00	6.67	948.00
	3371.86	0.00	6.68	946.00
	3371.87	0.00	6.65	943.00
	3371.89	0.00	6.63	939.00
	3371.90	0.00	6.27	885.00
	3371.91	0.00	6.75	946.00
	3371.92	0.00	6.73	954.00
	3371.93	0.00	6.72	954.00
	3371.94	0.00	6.74	955.00
	3371.96	0.00	6.74	951.00
	3371.97	0.00	6.73	954.00
	3371.98	0.00	6.74	955.00
	3371.99	0.00	6.72	957.00
	3372.00	0.00	6.72	952.00
	3372.01	0.00	6.67	955.00
	3372.02	0.00	6.67	954.00
	3372.04	0.00	6.68	947.00
	3372.05	0.00	6.69	948.00
	3372.06	0.00	6.70	949.00
	3372.07	0.00	6.71	949.00
	3372.08	0.00	6.71	947.00
	3372.09	0.00	6.66	946.00
	3372.11	0.00	6.68	947.00
	3372.12	0.00	6.67	947.00
	3372.13	0.00	6.59	940.00
	3372.14	0.00	6.58	931.00
	3372.15	0.00	6.69	921.00
	3372.16	0.00	6.71	922.00
	3372.18	0.00	6.71	923.00
	3372.19	0.00	6.73	925.00
	3372.20	0.00	6.76	928.00
	3372.21	0.00	6.73	923.00
	3372.22	0.00	6.60	905.00
	3372.23	0.00	6.60	904.00
	3372.24	0.00	6.60	904.00
	3372.26	0.00	6.61	902.00
	3372.27	0.00	6.61	904.00
	3372.28	0.00	6.61	901.00
	3372.29	0.00	6.68	905.00
	3372.30	0.00	6.69	900.00
	3372.31	0.00	6.65	919.00
	3372.32	0.00	6.65	919.00
	3372.34	0.00	6.61	915.00
	3372.35	0.00	6.61	914.00
	3372.36	0.00	6.23	861.00
	3372.37	0.00	6.67	911.00
	3372.38	0.00	6.69	911.00
	3372.39	0.00	6.72	912.00
	3372.41	0.00	6.78	912.00
	3372.42	0.00	6.85	912.00
	3372.43	0.00	6.77	896.00
	3372.44	0.00	6.73	923.00
	3372.45	0.00	6.74	922.00
	3372.46	0.00	6.73	919.00
	3372.48	0.00	6.69	915.00
	3372.49	0.00	6.31	860.00
	3372.50	0.00	6.78	929.00
	3372.51	0.00	6.78	929.00
	3372.52	0.00	6.79	929.00
	3372.53	0.00	6.79	928.00
	3372.54	0.00	6.78	928.00
	3372.56	0.00	6.78	930.00
	3372.57	0.00	6.78	930.00
	3372.58	0.00	6.66	921.00
	3372.59	0.00	6.71	930.00
	3372.60	0.00	6.73	927.00
	3372.61	0.00	6.72	928.00
	3372.62	0.00	6.74	928.00
	3372.64	0.00	6.74	931.00
	3372.65	0.00	6.70	927.00
	3372.66	0.00	6.68	929.00
	3372.67	0.00	6.67	930.00
	3372.68	0.00	6.66	930.00
	3372.69	0.00	6.58	928.00
	3372.71	0.00	6.57	920.00
	3372.72	0.00	6.65	906.00
	3372.73	0.00	6.68	906.00
	3372.74	0.00	6.70	907.00
	3372.75	0.00	6.74	915.00
	3372.76	0.00	6.75	915.00
	3372.78	0.00	6.63	899.00
	3372.79	0.00	6.58	898.00
	3372.80	0.00	6.55	903.00
	3372.81	0.00	6.53	912.00
	3372.82	0.00	6.53	924.00
	3372.83	0.00	6.50	942.00
	3372.85	0.00	6.49	963.00
	3372.86	0.00	6.50	992.00
	3372.87	0.00	6.46	1018.00
	3372.88	0.00	6.43	1042.00
	3372.89	0.00	6.33	1091.00
	3372.90	0.00	6.28	1119.00
	3372.91	0.00	6.24	1138.00
	3372.93	0.00	6.21	1150.00
	3372.94	0.00	6.18	1162.00
	3372.95	0.00	6.14	1164.00
	3372.96	0.00	6.15	1175.00
	3372.97	0.00	6.18	1183.00
	3372.98	0.00	5.85	1132.00
	3373.00	0.00	6.24	1184.00
	3373.01	0.00	6.30	1192.00
	3373.02	0.00	6.32	1191.00
	3373.03	0.00	6.35	1188.00
	3373.04	0.00	6.39	1185.00
	3373.06	0.00	6.44	1185.00
	3373.07	0.00	6.46	1178.00
	3373.08	0.00	6.48	1172.00
	3373.09	0.00	6.50	1167.00
	3373.10	0.00	6.54	1157.00
	3373.11	0.00	6.50	1165.00
	3373.12	0.00	6.49	1170.00
	3373.14	0.00	6.49	1168.00
	3373.15	0.00	6.50	1169.00
	3373.16	0.00	6.51	1172.00
	3373.17	0.00	6.52	1172.00
	3373.18	0.00	6.52	1170.00
	3373.19	0.00	6.54	1164.00
	3373.21	0.00	6.51	1151.00
	3373.22	0.00	6.52	1136.00
	3373.23	0.00	6.70	1160.00
	3373.24	0.00	6.73	1151.00
	3373.25	0.00	6.75	1142.00
	3373.26	0.00	6.78	1132.00
	3373.28	0.00	6.81	1118.00
	3373.29	0.00	6.85	1099.00
	3373.30	0.00	6.89	1084.00
	3373.31	0.00	6.92	1062.00
	3373.32	0.00	6.91	1032.00
	3373.33	0.00	7.01	1018.00
	3373.35	0.00	7.03	988.00
	3373.36	0.00	7.50	1002.00
	3373.37	0.00	7.50	979.00
	3373.38	0.00	7.73	968.00
	3373.39	0.00	7.76	953.00
	3373.40	0.00	7.79	947.00
	3373.42	0.00	7.89	944.00
	3373.43	0.00	8.10	887.00
	3373.44	0.00	8.16	851.00
	3373.45	0.00	7.76	784.00
	3373.46	0.00	7.79	779.00
	3373.47	0.00	7.80	776.00
	3373.49	0.00	7.80	772.00
	3373.50	0.00	7.82	765.00
	3373.51	0.00	7.69	759.00
	3373.52	0.00	7.65	753.00
	3373.53	0.00	7.60	741.00
	3373.54	0.00	7.56	725.00
	3373.55	0.00	7.42	704.00
	3373.57	0.00	7.29	685.00
	3373.58	0.00	7.18	670.00
	3373.59	0.00	7.11	659.00
	3373.60	0.00	6.55	601.00
	3373.61	0.00	6.53	600.00
	3373.62	0.00	6.54	602.00
	3373.64	0.00	6.63	606.00
	3373.65	0.00	6.63	612.00
	3373.66	0.00	6.64	610.00
	3373.67	0.00	6.64	612.00
	3373.68	0.00	6.64	612.00
	3373.69	0.00	6.62	619.00
	3373.71	0.00	6.72	618.00
	3373.72	0.00	6.70	624.00
	3373.73	0.00	6.71	624.00
	3373.74	0.00	6.68	623.00
	3373.75	0.00	6.69	622.00
	3373.76	0.00	6.70	619.00
	3373.77	0.00	6.71	618.00
	3373.79	0.00	6.80	622.00
	3373.80	0.00	6.79	623.00
	3373.81	0.00	6.78	628.00
	3373.82	0.00	6.76	625.00
	3373.83	0.00	6.76	625.00
	3373.84	0.00	6.76	625.00
	3373.85	0.00	6.77	625.00
	3373.87	0.00	6.76	627.00
	3373.88	0.00	6.79	625.00
	3373.89	0.00	6.80	620.00
	3373.90	0.00	6.80	619.00
	3373.91	0.00	6.76	618.00
	3373.92	0.00	6.73	617.00
	3373.94	0.00	6.74	615.00
	3373.95	0.00	6.76	612.00
	3373.96	0.00	6.75	612.00
	3373.97	0.00	6.76	614.00
	3373.98	0.00	6.77	612.00
	3374.00	0.00	6.73	623.00
	3374.01	0.00	6.63	651.00
	3374.02	0.00	6.40	720.00
	3374.03	0.00	6.04	892.00
	3374.04	0.00	5.87	1022.00
	3374.05	0.00	5.87	1048.00
	3374.06	0.00	5.86	1067.00
	3374.07	0.00	5.85	1085.00
	3374.09	0.00	5.84	1099.00
	3374.10	0.00	5.79	1131.00
	3374.11	0.00	5.71	1168.00
	3374.12	0.00	5.99	1249.00
	3374.13	0.00	6.00	1286.00
	3374.14	0.00	5.63	1247.00
	3374.16	0.00	5.91	1308.00
	3374.17	0.00	5.92	1317.00
	3374.18	0.00	5.91	1325.00
	3374.19	0.00	5.92	1324.00
	3374.20	0.00	5.94	1316.00
	3374.21	0.00	5.97	1296.00
	3374.23	0.00	5.99	1279.00
	3374.24	0.00	6.00	1263.00
	3374.25	0.00	6.01	1247.00
	3374.26	0.00	6.03	1229.00
	3374.27	0.00	6.05	1213.00
	3374.28	0.00	6.44	1251.00
	3374.30	0.00	6.48	1235.00
	3374.31	0.00	6.50	1217.00
	3374.32	0.00	6.55	1208.00
	3374.33	0.00	6.59	1202.00
	3374.34	0.00	6.62	1195.00
	3374.35	0.00	6.68	1191.00
	3374.37	0.00	6.73	1184.00
	3374.38	0.00	6.77	1173.00
	3374.39	0.00	6.80	1169.00
	3374.40	0.00	6.82	1159.00
	3374.41	0.00	6.90	1136.00
	3374.42	0.00	6.96	1110.00
	3374.44	0.00	7.04	1082.00
	3374.45	0.00	7.16	1050.00
	3374.46	0.00	7.23	1022.00
	3374.47	0.00	7.34	992.00
	3374.48	0.00	7.44	954.00
	3374.49	0.00	7.27	887.00
	3374.51	0.00	7.74	935.00
	3374.52	0.00	7.80	912.00
	3374.53	0.00	7.66	831.00
	3374.54	0.00	7.79	803.00
	3374.55	0.00	7.94	813.00
	3374.56	0.00	7.90	838.00
	3374.58	0.00	8.01	811.00
	3374.59	0.00	8.65	857.00
	3374.60	0.00	8.66	847.00
	3374.61	0.00	8.10	788.00
	3374.62	0.00	8.68	826.00
	3374.63	0.00	7.84	751.00
	3374.65	0.00	7.64	729.00
	3374.66	0.00	8.24	755.00
	3374.67	0.00	8.16	735.00
	3374.68	0.00	8.07	721.00
	3374.69	0.00	6.66	610.00
	3374.70	0.00	6.69	607.00
	3374.71	0.00	6.67	611.00
	3374.73	0.00	6.59	653.00
	3374.74	0.00	6.58	663.00
	3374.75	0.00	6.57	661.00
	3374.76	0.00	6.59	657.00
	3374.77	0.00	6.60	656.00
	3374.78	0.00	6.61	657.00
	3374.79	0.00	6.52	659.00
	3374.81	0.00	6.61	658.00
	3374.82	0.00	6.61	660.00
	3374.83	0.00	6.51	656.00
	3374.84	0.00	6.53	652.00
	3374.85	0.00	6.56	642.00
	3374.86	0.00	6.59	640.00
	3374.88	0.00	6.59	639.00
	3374.89	0.00	6.59	638.00
	3374.90	0.00	6.60	638.00
	3374.91	0.00	6.60	638.00
	3374.92	0.00	6.59	636.00
	3374.93	0.00	6.61	633.00
	3374.95	0.00	6.61	632.00
	3374.96	0.00	6.60	630.00
	3374.97	0.00	6.70	631.00
	3374.98	0.00	6.73	623.00
	3374.99	0.00	6.75	621.00
	3375.00	0.00	6.73	621.00
	3375.01	0.00	6.74	619.00
	3375.03	0.00	6.74	620.00
	3375.04	0.00	6.74	617.00
	3375.05	0.00	6.73	618.00
	3375.06	0.00	6.70	620.00
	3375.07	0.00	6.79	624.00
	3375.08	0.00	6.77	624.00
	3375.09	0.00	6.72	636.00
	3375.11	0.00	6.65	662.00
	3375.12	0.00	6.49	722.00
	3375.13	0.00	6.21	833.00
	3375.14	0.00	5.95	1008.00
	3375.15	0.00	5.88	1088.00
	3375.16	0.00	5.88	1109.00
	3375.18	0.00	5.88	1115.00
	3375.19	0.00	5.87	1117.00
	3375.20	0.00	5.79	1139.00
	3375.21	0.00	5.81	1162.00
	3375.22	0.00	5.78	1195.00
	3375.23	0.00	5.75	1221.00
	3375.25	0.00	5.74	1237.00
	3375.26	0.00	5.73	1239.00
	3375.27	0.00	6.05	1288.00
	3375.28	0.00	6.08	1281.00
	3375.29	0.00	6.09	1273.00
	3375.30	0.00	6.10	1257.00
	3375.32	0.00	6.49	1292.00
	3375.33	0.00	6.52	1275.00
	3375.34	0.00	6.52	1262.00
	3375.35	0.00	6.56	1249.00
	3375.36	0.00	6.61	1239.00
	3375.37	0.00	6.65	1225.00
	3375.39	0.00	6.70	1214.00
	3375.40	0.00	6.73	1205.00
	3375.41	0.00	6.81	1205.00
	3375.42	0.00	6.88	1201.00
	3375.43	0.00	6.96	1197.00
	3375.44	0.00	7.04	1186.00
	3375.46	0.00	7.09	1167.00
	3375.47	0.00	6.92	1088.00
	3375.48	0.00	7.01	1056.00
	3375.49	0.00	7.11	1017.00
	3375.50	0.00	7.24	983.00
	3375.51	0.00	7.34	960.00
	3375.53	0.00	8.10	986.00
	3375.54	0.00	8.24	972.00
	3375.55	0.00	8.29	962.00
	3375.56	0.00	8.46	958.00
	3375.57	0.00	8.52	953.00
	3375.58	0.00	8.76	938.00
	3375.60	0.00	8.87	919.00
	3375.61	0.00	9.03	909.00
	3375.62	0.00	9.17	913.00
	3375.63	0.00	9.15	952.00
	3375.64	0.00	9.25	946.00
	3375.65	0.00	9.34	955.00
	3375.67	0.00	9.55	934.00
	3375.68	0.00	9.48	932.00
	3375.69	0.00	9.62	928.00
	3375.70	0.00	9.39	896.00
	3375.71	0.00	8.99	841.00
	3375.72	0.00	8.68	797.00
	3375.73	0.00	8.54	774.00
	3375.75	0.00	8.34	744.00
	3375.76	0.00	8.24	727.00
	3375.77	0.00	7.46	656.00
	3375.78	0.00	6.51	601.00
	3375.79	0.00	6.46	617.00
	3375.80	0.00	6.57	623.00
	3375.81	0.00	6.56	624.00
	3375.83	0.00	6.58	622.00
	3375.84	0.00	6.66	620.00
	3375.85	0.00	6.76	624.00
	3375.86	0.00	6.74	626.00
	3375.87	0.00	6.67	633.00
	3375.88	0.00	6.71	632.00
	3375.90	0.00	6.67	632.00
	3375.91	0.00	6.68	632.00
	3375.92	0.00	6.68	633.00
	3375.93	0.00	6.67	632.00
	3375.94	0.00	6.69	631.00
	3375.95	0.00	6.69	631.00
	3375.97	0.00	6.69	631.00
	3375.98	0.00	6.69	630.00
	3375.99	0.00	6.68	629.00
	3376.00	0.00	6.64	628.00
	3376.01	0.00	6.65	625.00
	3376.02	0.00	6.65	621.00
	3376.03	0.00	6.65	620.00
	3376.05	0.00	6.67	621.00
	3376.06	0.00	6.68	618.00
	3376.07	0.00	6.67	619.00
	3376.08	0.00	6.68	619.00
	3376.09	0.00	6.67	619.00
	3376.10	0.00	6.68	618.00
	3376.12	0.00	6.62	614.00
	3376.13	0.00	6.62	612.00
	3376.14	0.00	6.63	609.00
	3376.15	0.00	6.64	610.00
	3376.16	0.00	6.61	610.00
	3376.17	0.00	6.63	610.00
	3376.18	0.00	6.65	615.00
	3376.20	0.00	6.60	635.00
	3376.21	0.00	6.47	688.00
	3376.22	0.00	6.21	814.00
	3376.23	0.00	5.92	986.00
	3376.24	0.00	5.82	1084.00
	3376.25	0.00	5.82	1107.00
	3376.27	0.00	5.80	1108.00
	3376.28	0.00	5.78	1107.00
	3376.29	0.00	5.76	1124.00
	3376.30	0.00	5.73	1149.00
	3376.31	0.00	5.70	1176.00
	3376.32	0.00	5.69	1192.00
	3376.34	0.00	5.69	1202.00
	3376.35	0.00	6.09	1246.00
	3376.36	0.00	6.14	1231.00
	3376.37	0.00	6.20	1210.00
	3376.38	0.00	6.28	1183.00
	3376.39	0.00	6.34	1152.00
	3376.41	0.00	6.40	1119.00
	3376.42	0.00	6.47	1087.00
	3376.43	0.00	6.52	1052.00
	3376.44	0.00	6.57	1029.00
	3376.45	0.00	6.64	996.00
	3376.46	0.00	6.71	971.00
	3376.48	0.00	6.77	937.00
	3376.49	0.00	6.81	914.00
	3376.50	0.00	6.88	891.00
	3376.51	0.00	6.95	868.00
	3376.52	0.00	7.34	904.00
	3376.53	0.00	7.40	896.00
	3376.54	0.00	7.46	891.00
	3376.56	0.00	7.51	883.00
	3376.57	0.00	7.62	876.00
	3376.58	0.00	7.40	826.00
	3376.59	0.00	7.44	820.00
	3376.60	0.00	7.44	834.00
	3376.61	0.00	7.49	825.00
	3376.63	0.00	7.67	793.00
	3376.64	0.00	7.64	805.00
	3376.65	0.00	7.74	788.00
	3376.66	0.00	8.47	845.00
	3376.67	0.00	8.42	878.00
	3376.68	0.00	8.59	862.00
	3376.70	0.00	8.63	852.00
	3376.71	0.00	8.72	850.00
	3376.72	0.00	8.78	846.00
	3376.73	0.00	8.87	846.00
	3376.74	0.00	8.90	843.00
	3376.75	0.00	8.93	837.00
	3376.76	0.00	9.02	841.00
	3376.78	0.00	9.01	833.00
	3376.79	0.00	8.88	825.00
	3376.80	0.00	8.80	811.00
	3376.81	0.00	8.71	801.00
	3376.82	0.00	8.58	783.00
	3376.83	0.00	8.42	763.00
	3376.85	0.00	8.35	746.00
	3376.86	0.00	8.22	728.00
	3376.87	0.00	8.05	712.00
	3376.88	0.00	6.59	604.00
	3376.89	0.00	6.61	605.00
	3376.90	0.00	6.49	619.00
	3376.92	0.00	6.50	625.00
	3376.93	0.00	6.61	626.00
	3376.94	0.00	6.61	621.00
	3376.95	0.00	6.63	620.00
	3376.96	0.00	6.64	618.00
	3376.97	0.00	6.65	615.00
	3376.99	0.00	6.64	615.00
	3377.00	0.00	6.64	615.00
	3377.01	0.00	6.65	614.00
	3377.02	0.00	6.64	616.00
	3377.03	0.00	6.65	615.00
	3377.04	0.00	6.65	615.00
	3377.05	0.00	6.72	619.00
	3377.07	0.00	6.73	618.00
	3377.08	0.00	6.71	623.00
	3377.09	0.00	6.72	623.00
	3377.10	0.00	6.71	620.00
	3377.11	0.00	6.72	619.00
	3377.12	0.00	6.73	617.00
	3377.14	0.00	6.73	618.00
	3377.15	0.00	6.73	616.00
	3377.16	0.00	6.80	618.00
	3377.17	0.00	6.80	618.00
	3377.18	0.00	6.79	622.00
	3377.19	0.00	6.80	621.00
	3377.21	0.00	6.77	621.00
	3377.22	0.00	6.78	619.00
	3377.23	0.00	6.78	620.00
	3377.24	0.00	6.78	620.00
	3377.25	0.00	6.76	620.00
	3377.26	0.00	6.75	619.00
	3377.27	0.00	6.75	620.00
	3377.29	0.00	6.72	627.00
	3377.30	0.00	6.71	629.00
	3377.31	0.00	6.66	629.00
	3377.32	0.00	6.64	635.00
	3377.33	0.00	6.59	655.00
	3377.34	0.00	6.47	708.00
	3377.35	0.00	6.16	859.00
	3377.37	0.00	5.93	1024.00
	3377.38	0.00	5.81	1119.00
	3377.39	0.00	5.81	1140.00
	3377.40	0.00	5.81	1149.00
	3377.41	0.00	5.80	1167.00
	3377.42	0.00	5.74	1194.00
	3377.44	0.00	5.67	1241.00
	3377.45	0.00	5.64	1269.00
	3377.46	0.00	5.62	1289.00
	3377.47	0.00	5.58	1291.00
	3377.48	0.00	5.90	1344.00
	3377.50	0.00	5.94	1326.00
	3377.51	0.00	5.99	1302.00
	3377.52	0.00	6.07	1266.00
	3377.53	0.00	6.20	1217.00
	3377.54	0.00	6.30	1185.00
	3377.55	0.00	6.36	1152.00
	3377.56	0.00	6.49	1108.00
	3377.58	0.00	6.57	1074.00
	3377.59	0.00	6.67	1039.00
	3377.60	0.00	6.74	1007.00
	3377.61	0.00	6.84	977.00
	3377.62	0.00	6.92	953.00
	3377.63	0.00	6.98	932.00
	3377.65	0.00	7.03	913.00
	3377.66	0.00	6.92	884.00
	3377.67	0.00	6.93	872.00
	3377.68	0.00	6.96	859.00
	3377.69	0.00	6.95	848.00
	3377.70	0.00	6.93	840.00
	3377.72	0.00	7.34	881.00
	3377.73	0.00	7.40	879.00
	3377.74	0.00	7.42	878.00
	3377.75	0.00	7.47	878.00
	3377.76	0.00	7.51	873.00
	3377.77	0.00	7.56	869.00
	3377.79	0.00	7.65	870.00
	3377.80	0.00	7.44	807.00
	3377.81	0.00	7.70	769.00
	3377.82	0.00	7.74	794.00
	3377.83	0.00	7.81	802.00
	3377.84	0.00	7.88	803.00
	3377.85	0.00	7.85	834.00
	3377.87	0.00	8.71	862.00
	3377.88	0.00	8.82	866.00
	3377.89	0.00	8.87	871.00
	3377.90	0.00	8.96	864.00
	3377.91	0.00	9.04	866.00
	3377.92	0.00	9.13	873.00
	3377.94	0.00	9.08	867.00
	3377.95	0.00	9.03	857.00
	3377.96	0.00	8.87	827.00
	3377.97	0.00	8.69	802.00
	3377.98	0.00	8.50	774.00
	3377.99	0.00	8.30	747.00
	3378.01	0.00	8.21	727.00
	3378.02	0.00	7.23	654.00
	3378.03	0.00	6.66	599.00
	3378.04	0.00	6.68	599.00
	3378.05	0.00	6.66	610.00
	3378.06	0.00	6.66	628.00
	3378.07	0.00	6.66	638.00
	3378.09	0.00	6.62	636.00
	3378.10	0.00	6.62	634.00
	3378.11	0.00	6.62	636.00
	3378.12	0.00	6.64	638.00
	3378.13	0.00	6.65	638.00
	3378.14	0.00	6.64	640.00
	3378.16	0.00	6.63	638.00
	3378.17	0.00	6.58	638.00
	3378.18	0.00	6.55	634.00
	3378.19	0.00	6.58	622.00
	3378.20	0.00	6.59	623.00
	3378.21	0.00	6.60	621.00
	3378.23	0.00	6.59	622.00
	3378.24	0.00	6.58	621.00
	3378.25	0.00	6.59	621.00
	3378.26	0.00	6.60	619.00
	3378.27	0.00	6.61	618.00
	3378.28	0.00	6.60	620.00
	3378.29	0.00	6.59	618.00
	3378.31	0.00	6.67	618.00
	3378.32	0.00	6.70	615.00
	3378.33	0.00	6.68	613.00
	3378.34	0.00	6.69	620.00
	3378.35	0.00	6.70	619.00
	3378.36	0.00	6.67	616.00
	3378.37	0.00	6.69	616.00
	3378.39	0.00	6.71	610.00
	3378.40	0.00	6.69	618.00
	3378.41	0.00	6.69	617.00
	3378.42	0.00	6.70	616.00
	3378.43	0.00	6.73	621.00
	3378.44	0.00	6.75	620.00
	3378.46	0.00	6.74	621.00
	3378.47	0.00	6.70	629.00
	3378.48	0.00	6.70	629.00
	3378.49	0.00	6.70	631.00
	3378.50	0.00	6.59	662.00
	3378.51	0.00	6.45	726.00
	3378.52	0.00	6.14	886.00
	3378.54	0.00	5.97	1011.00
	3378.55	0.00	5.92	1059.00
	3378.56	0.00	5.88	1077.00
	3378.57	0.00	5.88	1072.00
	3378.58	0.00	5.92	1058.00
	3378.59	0.00	5.93	1064.00
	3378.61	0.00	5.92	1074.00
	3378.62	0.00	5.90	1088.00
	3378.63	0.00	6.33	1152.00
	3378.64	0.00	6.37	1160.00
	3378.65	0.00	6.41	1160.00
	3378.66	0.00	6.43	1153.00
	3378.68	0.00	6.46	1138.00
	3378.69	0.00	6.53	1119.00
	3378.70	0.00	6.56	1098.00
	3378.71	0.00	6.62	1076.00
	3378.72	0.00	6.66	1048.00
	3378.73	0.00	6.72	1023.00
	3378.75	0.00	6.76	1000.00
	3378.76	0.00	7.12	1027.00
	3378.77	0.00	7.16	1004.00
	3378.78	0.00	7.19	976.00
	3378.79	0.00	7.30	951.00
	3378.80	0.00	7.37	925.00
	3378.82	0.00	7.41	911.00
	3378.83	0.00	7.43	900.00
	3378.84	0.00	7.47	889.00
	3378.85	0.00	7.52	882.00
	3378.86	0.00	7.47	875.00
	3378.87	0.00	7.46	864.00
	3378.88	0.00	7.46	855.00
	3378.90	0.00	7.62	802.00
	3378.91	0.00	7.68	788.00
	3378.92	0.00	7.67	786.00
	3378.93	0.00	7.24	738.00
	3378.94	0.00	7.29	726.00
	3378.95	0.00	7.28	724.00
	3378.97	0.00	7.33	723.00
	3378.98	0.00	7.32	723.00
	3378.99	0.00	7.37	723.00
	3379.00	0.00	7.40	724.00
	3379.01	0.00	7.35	726.00
	3379.02	0.00	7.47	729.00
	3379.04	0.00	8.22	786.00
	3379.05	0.00	8.30	789.00
	3379.06	0.00	8.40	799.00
	3379.07	0.00	8.20	805.00
	3379.08	0.00	8.26	808.00
	3379.09	0.00	8.34	809.00
	3379.10	0.00	8.37	812.00
	3379.12	0.00	8.35	814.00
	3379.13	0.00	8.42	815.00
	3379.14	0.00	8.38	806.00
	3379.15	0.00	8.29	790.00
	3379.16	0.00	8.32	769.00
	3379.18	0.00	8.31	755.00
	3379.19	0.00	8.29	742.00
	3379.20	0.00	8.06	711.00
	3379.21	0.00	7.52	651.00
	3379.22	0.00	6.56	593.00
	3379.23	0.00	6.60	592.00
	3379.25	0.00	6.66	592.00
	3379.26	0.00	6.75	601.00
	3379.27	0.00	6.79	613.00
	3379.28	0.00	6.75	631.00
	3379.29	0.00	6.72	630.00
	3379.30	0.00	6.74	633.00
	3379.31	0.00	6.75	629.00
	3379.33	0.00	6.74	630.00
	3379.34	0.00	6.75	630.00
	3379.35	0.00	6.76	630.00
	3379.36	0.00	6.75	632.00
	3379.37	0.00	6.75	633.00
	3379.38	0.00	6.69	633.00
	3379.39	0.00	6.69	633.00
	3379.41	0.00	6.69	629.00
	3379.42	0.00	6.70	630.00
	3379.43	0.00	6.68	630.00
	3379.44	0.00	6.71	630.00
	3379.45	0.00	6.72	629.00
	3379.46	0.00	6.70	628.00
	3379.48	0.00	6.72	625.00
	3379.49	0.00	6.66	620.00
	3379.50	0.00	6.67	615.00
	3379.51	0.00	6.67	605.00
	3379.52	0.00	6.68	604.00
	3379.53	0.00	6.69	603.00
	3379.55	0.00	6.68	606.00
	3379.56	0.00	6.68	605.00
	3379.57	0.00	6.69	605.00
	3379.58	0.00	6.68	605.00
	3379.59	0.00	6.69	603.00
	3379.60	0.00	6.68	603.00
	3379.61	0.00	6.69	603.00
	3379.63	0.00	6.69	604.00
	3379.64	0.00	6.77	604.00
	3379.65	0.00	6.77	602.00
	3379.66	0.00	6.77	605.00
	3379.67	0.00	6.75	607.00
	3379.68	0.00	6.75	608.00
	3379.69	0.00	6.74	609.00
	3379.71	0.00	6.75	610.00
	3379.72	0.00	6.75	611.00
	3379.73	0.00	6.73	611.00
	3379.74	0.00	6.63	652.00
	3379.75	0.00	6.38	749.00
	3379.76	0.00	6.11	909.00
	3379.78	0.00	5.96	1028.00
	3379.79	0.00	5.93	1074.00
	3379.80	0.00	5.90	1091.00
	3379.81	0.00	5.91	1099.00
	3379.82	0.00	5.82	1119.00
	3379.83	0.00	5.80	1160.00
	3379.85	0.00	5.79	1183.00
	3379.86	0.00	5.77	1206.00
	3379.87	0.00	6.06	1267.00
	3379.88	0.00	6.07	1270.00
	3379.89	0.00	6.16	1259.00
	3379.90	0.00	6.46	1298.00
	3379.92	0.00	6.22	1231.00
	3379.93	0.00	6.28	1212.00
	3379.94	0.00	6.73	1266.00
	3379.95	0.00	6.77	1244.00
	3379.96	0.00	6.85	1224.00
	3379.97	0.00	6.88	1198.00
	3379.99	0.00	6.98	1172.00
	3380.00	0.00	7.03	1148.00
	3380.01	0.00	7.08	1128.00
	3380.02	0.00	7.16	1107.00
	3380.03	0.00	7.23	1081.00
	3380.04	0.00	7.26	1053.00
	3380.06	0.00	7.26	1031.00
	3380.07	0.00	7.33	1006.00
	3380.08	0.00	7.49	981.00
	3380.09	0.00	7.55	966.00
	3380.10	0.00	7.56	955.00
	3380.11	0.00	7.62	946.00
	3380.12	0.00	7.65	937.00
	3380.14	0.00	7.68	930.00
	3380.15	0.00	7.36	865.00
	3380.16	0.00	7.41	861.00
	3380.17	0.00	7.43	856.00
	3380.18	0.00	7.50	857.00
	3380.19	0.00	7.55	852.00
	3380.21	0.00	7.57	855.00
	3380.22	0.00	7.62	857.00
	3380.23	0.00	7.68	857.00
	3380.24	0.00	7.66	855.00
	3380.25	0.00	7.75	865.00
	3380.26	0.00	8.53	907.00
	3380.28	0.00	8.78	865.00
	3380.29	0.00	8.83	899.00
	3380.30	0.00	9.00	878.00
	3380.31	0.00	9.11	885.00
	3380.32	0.00	9.15	892.00
	3380.33	0.00	9.25	905.00
	3380.34	0.00	9.29	902.00
	3380.36	0.00	9.37	912.00
	3380.37	0.00	9.40	906.00
	3380.38	0.00	9.37	900.00
	3380.39	0.00	9.25	881.00
	3380.40	0.00	9.01	853.00
	3380.41	0.00	8.76	819.00
	3380.43	0.00	8.60	794.00
	3380.44	0.00	8.46	771.00
	3380.45	0.00	8.36	749.00
	3380.46	0.00	8.22	727.00
	3380.47	0.00	8.04	704.00
	3380.48	0.00	7.13	638.00
	3380.50	0.00	6.54	598.00
	3380.51	0.00	6.42	640.00
	3380.52	0.00	6.54	630.00
	3380.53	0.00	6.57	627.00
	3380.54	0.00	6.58	624.00
	3380.55	0.00	6.62	621.00
	3380.57	0.00	6.73	623.00
	3380.58	0.00	6.74	621.00
	3380.59	0.00	6.73	621.00
	3380.60	0.00	6.74	620.00
	3380.61	0.00	6.73	618.00
	3380.62	0.00	6.74	619.00
	3380.63	0.00	6.74	620.00
	3380.65	0.00	6.69	632.00
	3380.66	0.00	6.72	626.00
	3380.67	0.00	6.74	623.00
	3380.68	0.00	6.75	618.00
	3380.69	0.00	6.74	609.00
	3380.70	0.00	6.78	610.00
	3380.72	0.00	6.72	607.00
	3380.73	0.00	6.72	605.00
	3380.74	0.00	6.73	606.00
	3380.75	0.00	6.74	604.00
	3380.76	0.00	6.75	605.00
	3380.77	0.00	6.76	603.00
	3380.79	0.00	6.75	604.00
	3380.80	0.00	6.74	603.00
	3380.81	0.00	6.76	604.00
	3380.82	0.00	6.70	600.00
	3380.83	0.00	6.70	598.00
	3380.84	0.00	6.72	595.00
	3380.85	0.00	6.72	598.00
	3380.87	0.00	6.71	596.00
	3380.88	0.00	6.72	596.00
	3380.89	0.00	6.73	595.00
	3380.90	0.00	6.73	597.00
	3380.91	0.00	6.72	597.00
	3380.92	0.00	6.74	597.00
	3380.93	0.00	6.73	600.00
	3380.95	0.00	6.72	597.00
	3380.96	0.00	6.73	598.00
	3380.97	0.00	6.72	606.00
	3380.98	0.00	6.68	632.00
	3380.99	0.00	6.50	692.00
	3381.00	0.00	6.15	856.00
	3381.02	0.00	5.89	1042.00
	3381.03	0.00	5.78	1144.00
	3381.04	0.00	5.78	1173.00
	3381.05	0.00	5.78	1191.00
	3381.06	0.00	5.74	1218.00
	3381.07	0.00	5.69	1259.00
	3381.09	0.00	5.65	1290.00
	3381.10	0.00	5.65	1309.00
	3381.11	0.00	5.63	1318.00
	3381.12	0.00	5.63	1314.00
	3381.13	0.00	5.64	1298.00
	3381.14	0.00	5.94	1322.00
	3381.16	0.00	6.34	1348.00
	3381.17	0.00	6.13	1267.00
	3381.18	0.00	6.19	1231.00
	3381.19	0.00	6.29	1198.00
	3381.20	0.00	6.34	1157.00
	3381.21	0.00	6.43	1118.00
	3381.23	0.00	6.55	1080.00
	3381.24	0.00	6.65	1038.00
	3381.25	0.00	6.76	989.00
	3381.26	0.00	6.88	940.00
	3381.27	0.00	6.99	892.00
	3381.28	0.00	7.11	862.00
	3381.30	0.00	7.22	836.00
	3381.31	0.00	7.38	829.00
	3381.32	0.00	7.44	814.00
	3381.33	0.00	7.49	806.00
	3381.34	0.00	7.48	828.00
	3381.35	0.00	7.54	824.00
	3381.36	0.00	7.58	825.00
	3381.38	0.00	7.65	826.00
	3381.39	0.00	7.66	827.00
	3381.40	0.00	8.39	884.00
	3381.41	0.00	8.48	887.00
	3381.42	0.00	8.51	898.00
	3381.43	0.00	8.82	851.00
	3381.45	0.00	8.71	879.00
	3381.46	0.00	8.80	891.00
	3381.47	0.00	9.01	862.00
	3381.48	0.00	9.06	872.00
	3381.49	0.00	9.21	872.00
	3381.50	0.00	9.24	884.00
	3381.52	0.00	9.33	889.00
	3381.53	0.00	9.34	884.00
	3381.54	0.00	9.32	873.00
	3381.55	0.00	9.18	848.00
	3381.56	0.00	9.05	833.00
	3381.57	0.00	8.96	821.00
	3381.58	0.00	8.78	798.00
	3381.60	0.00	8.66	776.00
	3381.61	0.00	8.53	759.00
	3381.62	0.00	8.57	759.00
	3381.63	0.00	7.62	688.00
	3381.64	0.00	7.57	693.00
	3381.65	0.00	7.32	692.00
	3381.67	0.00	7.12	685.00
	3381.68	0.00	6.53	617.00
	3381.69	0.00	6.54	613.00
	3381.70	0.00	6.58	605.00
	3381.71	0.00	6.59	603.00
	3381.72	0.00	6.60	600.00
	3381.74	0.00	6.62	599.00
	3381.75	0.00	6.59	600.00
	3381.76	0.00	6.59	599.00
	3381.77	0.00	6.59	601.00
	3381.78	0.00	6.58	599.00
	3381.79	0.00	6.66	605.00
	3381.80	0.00	6.61	607.00
	3381.82	0.00	6.65	607.00
	3381.83	0.00	6.64	607.00
	3381.84	0.00	6.65	606.00
	3381.85	0.00	6.66	604.00
	3381.86	0.00	6.67	602.00
	3381.87	0.00	6.76	604.00
	3381.88	0.00	6.74	601.00
	3381.90	0.00	6.75	600.00
	3381.91	0.00	6.74	603.00
	3381.92	0.00	6.76	602.00
	3381.93	0.00	6.72	602.00
	3381.94	0.00	6.73	602.00
	3381.95	0.00	6.72	600.00
	3381.97	0.00	6.74	602.00
	3381.98	0.00	6.73	601.00
	3381.99	0.00	6.74	602.00
	3382.00	0.00	6.74	602.00
	3382.01	0.00	6.69	611.00
	3382.02	0.00	6.72	608.00
	3382.04	0.00	6.61	619.00
	3382.05	0.00	6.56	634.00
	3382.06	0.00	6.64	611.00
	3382.07	0.00	6.63	614.00
	3382.08	0.00	6.59	627.00
	3382.09	0.00	6.55	634.00
	3382.10	0.00	6.55	639.00
	3382.12	0.00	6.51	658.00
	3382.13	0.00	6.44	695.00
	3382.14	0.00	6.11	876.00
	3382.15	0.00	5.73	1136.00
	3382.16	0.00	5.66	1212.00
	3382.17	0.00	5.67	1212.00
	3382.19	0.00	5.67	1215.00
	3382.20	0.00	5.61	1243.00
	3382.21	0.00	5.57	1290.00
	3382.22	0.00	5.93	1383.00
	3382.23	0.00	6.08	1406.00
	3382.25	0.00	6.08	1413.00
	3382.26	0.00	6.08	1412.00
	3382.27	0.00	6.10	1410.00
	3382.28	0.00	6.15	1399.00
	3382.29	0.00	6.23	1378.00
	3382.30	0.00	6.32	1335.00
	3382.31	0.00	6.43	1293.00
	3382.33	0.00	6.52	1261.00
	3382.34	0.00	6.64	1220.00
	3382.35	0.00	6.77	1173.00
	3382.36	0.00	6.92	1119.00
	3382.37	0.00	7.03	1065.00
	3382.38	0.00	7.15	1010.00
	3382.40	0.00	7.29	945.00
	3382.41	0.00	7.43	896.00
	3382.42	0.00	7.53	864.00
	3382.43	0.00	7.57	846.00
	3382.44	0.00	7.60	838.00
	3382.45	0.00	7.60	833.00
	3382.47	0.00	7.60	825.00
	3382.48	0.00	7.59	819.00
	3382.49	0.00	7.53	806.00
	3382.50	0.00	8.22	849.00
	3382.51	0.00	7.48	792.00
	3382.52	0.00	8.19	840.00
	3382.54	0.00	8.20	839.00
	3382.55	0.00	8.22	839.00
	3382.56	0.00	8.36	829.00
	3382.57	0.00	8.65	788.00
	3382.58	0.00	8.69	785.00
	3382.59	0.00	8.80	790.00
	3382.60	0.00	8.84	792.00
	3382.62	0.00	8.87	797.00
	3382.63	0.00	8.91	800.00
	3382.64	0.00	8.95	806.00
	3382.65	0.00	8.97	810.00
	3382.66	0.00	9.74	874.00
	3382.67	0.00	9.70	868.00
	3382.68	0.00	8.98	808.00
	3382.70	0.00	8.89	800.00
	3382.71	0.00	8.79	789.00
	3382.72	0.00	8.80	778.00
	3382.73	0.00	8.88	778.00
	3382.74	0.00	8.67	757.00
	3382.75	0.00	8.41	727.00
	3382.77	0.00	7.50	668.00
	3382.78	0.00	7.34	668.00
	3382.79	0.00	7.15	679.00
	3382.80	0.00	6.58	628.00
	3382.81	0.00	6.54	654.00
	3382.82	0.00	6.49	669.00
	3382.84	0.00	6.50	669.00
	3382.85	0.00	6.50	668.00
	3382.86	0.00	6.52	666.00
	3382.87	0.00	6.46	663.00
	3382.88	0.00	6.49	654.00
	3382.89	0.00	6.49	654.00
	3382.90	0.00	6.53	650.00
	3382.92	0.00	6.55	647.00
	3382.93	0.00	6.53	649.00
	3382.94	0.00	6.53	648.00
	3382.95	0.00	6.46	642.00
	3382.96	0.00	6.48	639.00
	3382.97	0.00	6.53	614.00
	3382.99	0.00	6.58	605.00
	3383.00	0.00	6.61	596.00
	3383.01	0.00	6.62	596.00
	3383.02	0.00	6.61	595.00
	3383.03	0.00	6.60	597.00
	3383.04	0.00	6.63	590.00
	3383.05	0.00	6.62	591.00
	3383.07	0.00	6.64	588.00
	3383.08	0.00	6.63	586.00
	3383.09	0.00	6.64	586.00
	3383.10	0.00	6.64	588.00
	3383.11	0.00	6.64	587.00
	3383.12	0.00	6.66	586.00
	3383.14	0.00	6.65	587.00
	3383.15	0.00	6.67	585.00
	3383.16	0.00	6.73	590.00
	3383.17	0.00	6.73	588.00
	3383.18	0.00	6.71	591.00
	3383.19	0.00	6.71	591.00
	3383.20	0.00	6.68	599.00
	3383.22	0.00	6.70	591.00
	3383.23	0.00	6.69	593.00
	3383.24	0.00	6.68	592.00
	3383.25	0.00	6.68	595.00
	3383.26	0.00	6.67	601.00
	3383.27	0.00	6.56	642.00
	3383.29	0.00	6.21	800.00
	3383.30	0.00	5.52	1190.00
	3383.31	0.00	5.62	1262.00
	3383.32	0.00	5.66	1253.00
	3383.33	0.00	5.70	1219.00
	3383.34	0.00	5.73	1211.00
	3383.36	0.00	5.69	1252.00
	3383.37	0.00	6.09	1365.00
	3383.38	0.00	6.22	1412.00
	3383.39	0.00	6.21	1417.00
	3383.40	0.00	6.27	1420.00
	3383.41	0.00	6.25	1400.00
	3383.43	0.00	6.29	1387.00
	3383.44	0.00	6.34	1373.00
	3383.45	0.00	6.39	1353.00
	3383.46	0.00	6.49	1331.00
	3383.47	0.00	6.54	1309.00
	3383.48	0.00	6.63	1280.00
	3383.50	0.00	6.71	1247.00
	3383.51	0.00	6.80	1206.00
	3383.52	0.00	6.89	1161.00
	3383.53	0.00	7.00	1118.00
	3383.54	0.00	7.10	1071.00
	3383.55	0.00	7.22	1019.00
	3383.57	0.00	7.30	976.00
	3383.58	0.00	7.42	936.00
	3383.59	0.00	7.50	899.00
	3383.60	0.00	7.55	877.00
	3383.61	0.00	7.60	862.00
	3383.62	0.00	7.64	852.00
	3383.63	0.00	7.65	841.00
	3383.65	0.00	7.71	839.00
	3383.66	0.00	7.66	835.00
	3383.67	0.00	7.69	830.00
	3383.68	0.00	7.70	828.00
	3383.69	0.00	7.73	821.00
	3383.70	0.00	7.76	823.00
	3383.72	0.00	7.84	833.00
	3383.73	0.00	7.95	821.00
	3383.74	0.00	8.04	782.00
	3383.75	0.00	8.78	828.00
	3383.76	0.00	8.91	837.00
	3383.77	0.00	9.03	842.00
	3383.79	0.00	9.08	841.00
	3383.80	0.00	9.16	849.00
	3383.81	0.00	9.19	853.00
	3383.82	0.00	9.21	854.00
	3383.83	0.00	9.13	852.00
	3383.84	0.00	9.16	847.00
	3383.86	0.00	9.14	844.00
	3383.87	0.00	9.02	827.00
	3383.88	0.00	8.87	810.00
	3383.89	0.00	8.68	786.00
	3383.90	0.00	8.45	759.00
	3383.91	0.00	8.25	735.00
	3383.92	0.00	7.34	669.00
	3383.94	0.00	7.23	653.00
	3383.95	0.00	7.13	640.00
	3383.96	0.00	7.09	637.00
	3383.97	0.00	6.47	589.00
	3383.98	0.00	6.49	589.00
	3384.00	0.00	6.53	592.00
	3384.01	0.00	6.58	590.00
	3384.02	0.00	6.67	593.00
	3384.03	0.00	6.67	592.00
	3384.04	0.00	6.67	595.00
	3384.05	0.00	6.69	595.00
	3384.06	0.00	6.68	593.00
	3384.08	0.00	6.69	592.00
	3384.09	0.00	6.69	590.00
	3384.10	0.00	6.72	589.00
	3384.11	0.00	6.77	593.00
	3384.12	0.00	6.77	596.00
	3384.13	0.00	6.77	596.00
	3384.14	0.00	6.75	595.00
	3384.16	0.00	6.75	595.00
	3384.17	0.00	6.75	595.00
	3384.18	0.00	6.75	596.00
	3384.19	0.00	6.74	595.00
	3384.20	0.00	6.74	595.00
	3384.21	0.00	6.73	596.00
	3384.23	0.00	6.74	596.00
	3384.24	0.00	6.73	596.00
	3384.25	0.00	6.68	594.00
	3384.26	0.00	6.68	593.00
	3384.27	0.00	6.68	594.00
	3384.28	0.00	6.68	593.00
	3384.29	0.00	6.69	594.00
	3384.31	0.00	6.70	595.00
	3384.32	0.00	6.69	597.00
	3384.33	0.00	6.69	595.00
	3384.34	0.00	6.70	597.00
	3384.35	0.00	6.70	597.00
	3384.36	0.00	6.70	595.00
	3384.38	0.00	6.62	592.00
	3384.39	0.00	6.62	591.00
	3384.40	0.00	6.64	586.00
	3384.41	0.00	6.65	586.00
	3384.42	0.00	6.67	586.00
	3384.43	0.00	6.65	585.00
	3384.44	0.00	6.67	586.00
	3384.46	0.00	6.67	587.00
	3384.47	0.00	6.65	594.00
	3384.48	0.00	6.56	637.00
	3384.49	0.00	6.17	814.00
	3384.50	0.00	5.46	1193.00
	3384.51	0.00	5.59	1243.00
	3384.53	0.00	5.60	1241.00
	3384.54	0.00	5.64	1204.00
	3384.55	0.00	5.64	1201.00
	3384.56	0.00	5.59	1251.00
	3384.57	0.00	5.54	1323.00
	3384.58	0.00	5.52	1356.00
	3384.60	0.00	5.91	1426.00
	3384.61	0.00	6.00	1434.00
	3384.62	0.00	6.03	1422.00
	3384.63	0.00	6.03	1421.00
	3384.64	0.00	6.04	1409.00
	3384.65	0.00	6.06	1391.00
	3384.67	0.00	6.16	1375.00
	3384.68	0.00	6.24	1348.00
	3384.69	0.00	6.30	1313.00
	3384.70	0.00	6.40	1280.00
	3384.71	0.00	6.49	1240.00
	3384.72	0.00	6.62	1191.00
	3384.74	0.00	6.71	1158.00
	3384.75	0.00	6.79	1115.00
	3384.76	0.00	6.91	1069.00
	3384.77	0.00	7.07	1022.00
	3384.78	0.00	7.19	968.00
	3384.79	0.00	7.28	923.00
	3384.81	0.00	7.36	889.00
	3384.82	0.00	7.42	861.00
	3384.83	0.00	7.48	841.00
	3384.84	0.00	7.53	826.00
	3384.85	0.00	7.57	816.00
	3384.86	0.00	7.60	811.00
	3384.88	0.00	7.61	804.00
	3384.89	0.00	7.66	797.00
	3384.90	0.00	7.79	803.00
	3384.91	0.00	7.80	798.00
	3384.92	0.00	7.86	790.00
	3384.93	0.00	8.02	751.00
	3384.94	0.00	8.06	751.00
	3384.96	0.00	8.07	748.00
	3384.97	0.00	8.08	750.00
	3384.98	0.00	8.11	756.00
	3384.99	0.00	8.11	755.00
	3385.00	0.00	8.14	758.00
	3385.01	0.00	8.18	757.00
	3385.03	0.00	8.26	767.00
	3385.04	0.00	9.01	824.00
	3385.05	0.00	9.09	833.00
	3385.06	0.00	9.17	840.00
	3385.07	0.00	9.30	849.00
	3385.08	0.00	9.29	855.00
	3385.10	0.00	9.22	843.00
	3385.11	0.00	9.07	834.00
	3385.12	0.00	8.93	816.00
	3385.13	0.00	8.79	805.00
	3385.14	0.00	8.68	788.00
	3385.15	0.00	8.65	776.00
	3385.16	0.00	7.73	706.00
	3385.18	0.00	7.63	687.00
	3385.19	0.00	7.51	671.00
	3385.20	0.00	7.33	650.00
	3385.21	0.00	7.18	639.00
	3385.22	0.00	6.57	598.00
	3385.23	0.00	6.61	602.00
	3385.25	0.00	6.62	598.00
	3385.26	0.00	6.61	596.00
	3385.27	0.00	6.58	589.00
	3385.28	0.00	6.60	588.00
	3385.29	0.00	6.62	582.00
	3385.30	0.00	6.62	583.00
	3385.32	0.00	6.62	584.00
	3385.33	0.00	6.62	584.00
	3385.34	0.00	6.62	584.00
	3385.35	0.00	6.62	584.00
	3385.36	0.00	6.62	584.00
	3385.37	0.00	6.62	583.00
	3385.38	0.00	6.62	585.00
	3385.40	0.00	6.61	585.00
	3385.41	0.00	6.62	583.00
	3385.42	0.00	6.69	587.00
	3385.43	0.00	6.67	586.00
	3385.44	0.00	6.69	590.00
	3385.45	0.00	6.69	591.00
	3385.47	0.00	6.67	589.00
	3385.48	0.00	6.68	590.00
	3385.49	0.00	6.68	589.00
	3385.50	0.00	6.68	588.00
	3385.51	0.00	6.70	587.00
	3385.52	0.00	6.68	588.00
	3385.54	0.00	6.68	587.00
	3385.55	0.00	6.78	590.00
	3385.56	0.00	6.78	590.00
	3385.57	0.00	6.78	589.00
	3385.58	0.00	6.78	589.00
	3385.59	0.00	6.76	595.00
	3385.60	0.00	6.76	592.00
	3385.62	0.00	6.76	593.00
	3385.63	0.00	6.76	593.00
	3385.64	0.00	6.75	594.00
	3385.65	0.00	6.75	594.00
	3385.66	0.00	6.74	592.00
	3385.67	0.00	6.75	593.00
	3385.69	0.00	6.74	597.00
	3385.70	0.00	6.63	620.00
	3385.71	0.00	6.75	591.00
	3385.72	0.00	6.75	592.00
	3385.73	0.00	6.70	606.00
	3385.74	0.00	6.54	662.00
	3385.75	0.00	5.82	974.00
	3385.77	0.00	5.37	1342.00
	3385.78	0.00	5.51	1400.00
	3385.79	0.00	5.50	1419.00
	3385.80	0.00	5.53	1418.00
	3385.81	0.00	5.55	1420.00
	3385.82	0.00	5.54	1437.00
	3385.84	0.00	5.54	1441.00
	3385.85	0.00	5.58	1422.00
	3385.86	0.00	5.62	1387.00
	3385.87	0.00	5.67	1347.00
	3385.88	0.00	5.71	1309.00
	3385.89	0.00	6.11	1321.00
	3385.91	0.00	6.17	1282.00
	3385.92	0.00	6.23	1237.00
	3385.93	0.00	6.30	1185.00
	3385.94	0.00	6.39	1131.00
	3385.95	0.00	6.46	1076.00
	3385.96	0.00	6.55	1024.00
	3385.98	0.00	6.63	978.00
	3385.99	0.00	6.69	940.00
	3386.00	0.00	6.76	912.00
	3386.01	0.00	6.79	888.00
	3386.02	0.00	6.87	870.00
	3386.03	0.00	6.89	857.00
	3386.05	0.00	6.91	850.00
	3386.06	0.00	6.94	842.00
	3386.07	0.00	6.97	839.00
	3386.08	0.00	6.94	841.00
	3386.09	0.00	6.95	842.00
	3386.10	0.00	6.95	845.00
	3386.12	0.00	6.86	842.00
	3386.13	0.00	6.85	846.00
	3386.14	0.00	6.88	843.00
	3386.15	0.00	6.93	822.00
	3386.16	0.00	6.93	823.00
	3386.17	0.00	6.95	825.00
	3386.18	0.00	6.94	824.00
	3386.20	0.00	6.95	823.00
	3386.21	0.00	6.94	822.00
	3386.22	0.00	7.27	872.00
	3386.23	0.00	7.27	871.00
	3386.24	0.00	6.91	817.00
	3386.25	0.00	6.90	819.00
	3386.27	0.00	6.89	820.00
	3386.28	0.00	6.87	821.00
	3386.29	0.00	6.87	826.00
	3386.30	0.00	6.36	788.00
	3386.31	0.00	6.33	812.00
	3386.32	0.00	6.28	840.00
	3386.34	0.00	6.23	862.00
	3386.35	0.00	6.17	884.00
	3386.36	0.00	6.15	895.00
	3386.37	0.00	6.14	900.00
	3386.38	0.00	6.20	904.00
	3386.39	0.00	6.21	895.00
	3386.40	0.00	6.17	905.00
	3386.42	0.00	6.16	894.00
	3386.43	0.00	6.17	882.00
	3386.44	0.00	6.14	869.00
	3386.45	0.00	6.15	860.00
	3386.46	0.00	6.15	852.00
	3386.47	0.00	6.18	842.00
	3386.49	0.00	6.20	833.00
	3386.50	0.00	6.28	829.00
	3386.51	0.00	6.32	821.00
	3386.52	0.00	6.28	835.00
	3386.53	0.00	6.28	837.00
	3386.54	0.00	6.27	836.00
	3386.56	0.00	6.27	832.00
	3386.57	0.00	6.30	823.00
	3386.58	0.00	6.27	830.00
	3386.59	0.00	6.28	827.00
	3386.60	0.00	6.29	824.00
	3386.61	0.00	6.30	819.00
	3386.63	0.00	6.31	816.00
	3386.64	0.00	6.31	809.00
	3386.65	0.00	6.29	805.00
	3386.66	0.00	6.26	802.00
	3386.67	0.00	6.27	800.00
	3386.68	0.00	6.28	798.00
	3386.69	0.00	6.28	796.00
	3386.71	0.00	6.30	796.00
	3386.72	0.00	6.30	797.00
	3386.73	0.00	6.28	801.00
	3386.74	0.00	6.28	800.00
	3386.75	0.00	6.20	798.00
	3386.76	0.00	6.18	799.00
	3386.77	0.00	6.25	774.00
	3386.79	0.00	6.24	774.00
	3386.80	0.00	6.24	777.00
	3386.81	0.00	6.18	777.00
	3386.82	0.00	6.24	778.00
	3386.83	0.00	6.23	779.00
	3386.84	0.00	6.25	779.00
	3386.86	0.00	6.24	777.00
	3386.87	0.00	6.23	775.00
	3386.88	0.00	6.24	776.00
	3386.89	0.00	6.24	778.00
	3386.90	0.00	6.24	777.00
	3386.91	0.00	6.31	781.00
	3386.93	0.00	6.32	782.00
	3386.94	0.00	6.27	805.00
	3386.95	0.00	6.26	807.00
	3386.96	0.00	6.27	808.00
	3386.97	0.00	6.25	809.00
	3386.98	0.00	6.25	809.00
	3387.00	0.00	6.27	804.00
	3387.01	0.00	6.29	804.00
	3387.02	0.00	6.37	807.00
	3387.03	0.00	6.39	801.00
	3387.04	0.00	6.34	821.00
	3387.05	0.00	6.34	819.00
	3387.06	0.00	6.35	815.00
	3387.08	0.00	6.31	812.00
	3387.09	0.00	6.34	813.00
	3387.10	0.00	6.36	803.00
	3387.11	0.00	6.34	811.00
	3387.12	0.00	6.35	808.00
	3387.13	0.00	6.35	807.00
	3387.15	0.00	6.34	807.00
	3387.16	0.00	6.34	808.00
	3387.17	0.00	6.34	807.00
	3387.18	0.00	6.28	807.00
	3387.19	0.00	6.29	806.00
	3387.20	0.00	6.29	804.00
	3387.21	0.00	6.29	804.00
	3387.23	0.00	6.30	806.00
	3387.24	0.00	6.30	806.00
	3387.25	0.00	6.28	812.00
	3387.26	0.00	6.27	812.00
	3387.27	0.00	6.26	812.00
	3387.28	0.00	6.21	808.00
	3387.30	0.00	6.18	809.00
	3387.31	0.00	6.23	791.00
	3387.32	0.00	6.25	783.00
	3387.33	0.00	6.22	787.00
	3387.34	0.00	6.21	787.00
	3387.35	0.00	6.24	788.00
	3387.36	0.00	6.24	791.00
	3387.38	0.00	6.23	793.00
	3387.39	0.00	6.24	795.00
	3387.40	0.00	6.23	796.00
	3387.41	0.00	6.16	798.00
	3387.42	0.00	6.18	801.00
	3387.43	0.00	6.20	800.00
	3387.45	0.00	6.21	804.00
	3387.46	0.00	6.21	805.00
	3387.47	0.00	6.29	809.00
	3387.48	0.00	6.31	809.00
	3387.49	0.00	6.25	829.00
	3387.50	0.00	6.25	831.00
	3387.51	0.00	6.23	830.00
	3387.53	0.00	6.24	831.00
	3387.54	0.00	6.23	828.00
	3387.55	0.00	6.25	826.00
	3387.56	0.00	6.26	826.00
	3387.57	0.00	6.21	824.00
	3387.58	0.00	6.34	827.00
	3387.60	0.00	6.35	824.00
	3387.61	0.00	6.29	844.00
	3387.62	0.00	6.30	845.00
	3387.63	0.00	6.29	845.00
	3387.64	0.00	6.29	842.00
	3387.65	0.00	6.28	847.00
	3387.67	0.00	6.28	846.00
	3387.68	0.00	6.28	845.00
	3387.69	0.00	6.28	845.00
	3387.70	0.00	6.27	846.00
	3387.71	0.00	6.28	848.00
	3387.72	0.00	6.25	845.00
	3387.73	0.00	6.16	846.00
	3387.75	0.00	6.12	845.00
	3387.76	0.00	6.23	841.00
	3387.77	0.00	6.23	842.00
	3387.78	0.00	6.23	840.00
	3387.79	0.00	6.24	842.00
	3387.80	0.00	6.25	839.00
	3387.82	0.00	6.23	845.00
	3387.83	0.00	6.20	843.00
	3387.84	0.00	6.14	839.00
	3387.85	0.00	6.12	836.00
	3387.86	0.00	6.19	815.00
	3387.87	0.00	6.20	816.00
	3387.88	0.00	6.19	817.00
	3387.90	0.00	6.19	817.00
	3387.91	0.00	6.20	815.00
	3387.92	0.00	6.20	817.00
	3387.93	0.00	6.19	818.00
	3387.94	0.00	6.20	818.00
	3387.95	0.00	6.20	817.00
	3387.97	0.00	6.19	820.00
	3387.98	0.00	6.19	818.00
	3387.99	0.00	6.26	824.00
	3388.00	0.00	6.27	820.00
	3388.01	0.00	6.22	840.00
	3388.02	0.00	6.22	841.00
	3388.04	0.00	6.20	839.00
	3388.05	0.00	6.22	840.00
	3388.06	0.00	6.24	835.00
	3388.07	0.00	6.24	832.00
	3388.08	0.00	6.32	836.00
	3388.09	0.00	6.34	830.00
	3388.10	0.00	6.29	852.00
	3388.11	0.00	6.29	851.00
	3388.13	0.00	6.29	848.00
	3388.14	0.00	6.28	849.00
	3388.15	0.00	6.30	843.00
	3388.16	0.00	6.27	850.00
	3388.17	0.00	6.18	850.00
	3388.18	0.00	6.21	851.00
	3388.20	0.00	6.25	851.00
	3388.21	0.00	6.26	852.00
	3388.22	0.00	6.23	852.00
	3388.23	0.00	6.22	852.00
	3388.24	0.00	6.21	853.00
	3388.25	0.00	6.22	849.00
	3388.27	0.00	6.23	848.00
	3388.28	0.00	6.24	849.00
	3388.29	0.00	6.23	847.00
	3388.30	0.00	6.23	847.00
	3388.31	0.00	6.22	850.00
	3388.32	0.00	6.22	851.00
	3388.34	0.00	6.13	844.00
	3388.35	0.00	6.14	845.00
	3388.36	0.00	6.13	841.00
	3388.37	0.00	6.18	821.00
	3388.38	0.00	6.19	820.00
	3388.39	0.00	6.19	821.00
	3388.40	0.00	6.19	820.00
	3388.42	0.00	6.19	821.00
	3388.43	0.00	6.18	824.00
	3388.44	0.00	6.19	822.00
	3388.45	0.00	6.18	822.00
	3388.46	0.00	6.19	822.00
	3388.47	0.00	6.19	825.00
	3388.48	0.00	6.19	823.00
	3388.50	0.00	6.26	826.00
	3388.51	0.00	6.26	825.00
	3388.52	0.00	6.22	844.00
	3388.53	0.00	6.21	843.00
	3388.54	0.00	6.22	845.00
	3388.55	0.00	6.21	843.00
	3388.57	0.00	6.22	841.00
	3388.58	0.00	6.22	839.00
	3388.59	0.00	6.25	835.00
	3388.60	0.00	6.32	840.00
	3388.61	0.00	6.32	836.00
	3388.62	0.00	6.28	856.00
	3388.64	0.00	6.28	857.00
	3388.65	0.00	6.27	859.00
	3388.66	0.00	6.27	858.00
	3388.67	0.00	6.27	859.00
	3388.68	0.00	6.26	859.00
	3388.69	0.00	6.26	858.00
	3388.70	0.00	6.26	858.00
	3388.72	0.00	6.26	861.00
	3388.73	0.00	6.26	861.00
	3388.74	0.00	6.26	861.00
	3388.75	0.00	6.21	862.00
	3388.76	0.00	6.21	860.00
	3388.77	0.00	6.21	856.00
	3388.78	0.00	6.21	856.00
	3388.80	0.00	6.22	857.00
	3388.81	0.00	6.23	858.00
	3388.82	0.00	6.23	857.00
	3388.83	0.00	6.24	853.00
	3388.84	0.00	6.22	859.00
	3388.85	0.00	6.18	857.00
	3388.87	0.00	6.12	853.00
	3388.88	0.00	6.14	843.00
	3388.89	0.00	6.19	829.00
	3388.90	0.00	6.19	829.00
	3388.91	0.00	6.18	829.00
	3388.92	0.00	6.19	830.00
	3388.94	0.00	6.18	829.00
	3388.95	0.00	6.20	830.00
	3388.96	0.00	6.18	829.00
	3388.97	0.00	6.19	828.00
	3388.98	0.00	6.18	828.00
	3388.99	0.00	6.19	826.00
	3389.00	0.00	6.19	829.00
	3389.02	0.00	6.18	829.00
	3389.03	0.00	6.19	828.00
	3389.04	0.00	6.26	831.00
	3389.05	0.00	6.27	826.00
	3389.06	0.00	6.23	846.00
	3389.07	0.00	6.23	846.00
	3389.09	0.00	6.21	845.00
	3389.10	0.00	6.22	845.00
	3389.11	0.00	6.25	839.00
	3389.12	0.00	6.25	837.00
	3389.13	0.00	6.33	841.00
	3389.14	0.00	6.35	835.00
	3389.15	0.00	6.29	857.00
	3389.17	0.00	6.29	856.00
	3389.18	0.00	6.29	856.00
	3389.19	0.00	6.28	858.00
	3389.20	0.00	6.28	855.00
	3389.21	0.00	6.29	850.00
	3389.22	0.00	6.27	858.00
	3389.24	0.00	6.27	859.00
	3389.25	0.00	6.27	859.00
	3389.26	0.00	6.28	857.00
	3389.27	0.00	6.27	860.00
	3389.28	0.00	6.25	860.00
	3389.29	0.00	6.21	859.00
	3389.30	0.00	6.22	856.00
	3389.32	0.00	6.22	856.00
	3389.33	0.00	6.22	856.00
	3389.34	0.00	6.24	856.00
	3389.35	0.00	6.24	856.00
	3389.36	0.00	6.21	859.00
	3389.37	0.00	6.22	860.00
	3389.38	0.00	6.21	860.00
	3389.40	0.00	6.13	855.00
	3389.41	0.00	6.02	856.00
	3389.42	0.00	6.16	845.00
	3389.43	0.00	6.19	833.00
	3389.44	0.00	6.18	833.00
	3389.45	0.00	6.18	835.00
	3389.47	0.00	6.18	838.00
	3389.48	0.00	6.18	838.00
	3389.49	0.00	6.19	837.00
	3389.50	0.00	6.18	839.00
	3389.51	0.00	6.18	841.00
	3389.52	0.00	6.18	840.00
	3389.54	0.00	6.17	843.00
	3389.55	0.00	6.17	842.00
	3389.56	0.00	6.16	841.00
	3389.57	0.00	6.24	846.00
	3389.58	0.00	6.26	840.00
	3389.59	0.00	6.21	860.00
	3389.60	0.00	6.21	860.00
	3389.62	0.00	6.22	859.00
	3389.63	0.00	6.20	859.00
	3389.64	0.00	6.22	855.00
	3389.65	0.00	6.23	851.00
	3389.66	0.00	6.23	849.00
	3389.67	0.00	6.24	848.00
	3389.69	0.00	6.33	851.00
	3389.70	0.00	6.33	845.00
	3389.71	0.00	6.29	866.00
	3389.72	0.00	6.29	865.00
	3389.73	0.00	6.28	865.00
	3389.74	0.00	6.28	859.00
	3389.75	0.00	6.29	860.00
	3389.77	0.00	6.28	858.00
	3389.78	0.00	6.28	857.00
	3389.79	0.00	6.29	854.00
	3389.80	0.00	6.29	852.00
	3389.81	0.00	6.30	848.00
	3389.82	0.00	6.28	849.00
	3389.84	0.00	6.30	847.00
	3389.85	0.00	6.29	845.00
	3389.86	0.00	6.24	844.00
	3389.87	0.00	6.25	840.00
	3389.88	0.00	6.24	837.00
	3389.89	0.00	6.24	834.00
	3389.90	0.00	6.25	834.00
	3389.92	0.00	6.27	830.00
	3389.93	0.00	6.27	830.00
	3389.94	0.00	6.27	828.00
	3389.95	0.00	6.19	819.00
	3389.96	0.00	6.20	815.00
	3389.97	0.00	6.25	788.00
	3389.99	0.00	6.27	786.00
	3390.00	0.00	6.27	781.00
	3390.01	0.00	6.27	779.00
	3390.02	0.00	6.29	778.00
	3390.03	0.00	6.27	775.00
	3390.04	0.00	6.30	773.00
	3390.05	0.00	6.29	770.00
	3390.07	0.00	6.29	772.00
	3390.08	0.00	6.31	768.00
	3390.09	0.00	6.38	771.00
	3390.10	0.00	6.39	768.00
	3390.11	0.00	6.35	785.00
	3390.12	0.00	6.35	785.00
	3390.14	0.00	6.33	785.00
	3390.15	0.00	6.33	783.00
	3390.16	0.00	6.36	779.00
	3390.17	0.00	6.36	777.00
	3390.18	0.00	6.37	780.00
	3390.19	0.00	6.39	776.00
	3390.20	0.00	6.43	770.00
	3390.22	0.00	6.38	796.00
	3390.23	0.00	6.39	795.00
	3390.24	0.00	6.39	795.00
	3390.25	0.00	6.37	794.00
	3390.26	0.00	6.37	793.00
	3390.27	0.00	6.38	794.00
	3390.28	0.00	6.38	793.00
	3390.30	0.00	6.39	792.00
	3390.31	0.00	6.40	789.00
	3390.32	0.00	6.39	790.00
	3390.33	0.00	6.39	791.00
	3390.34	0.00	6.38	790.00
	3390.35	0.00	6.35	789.00
	3390.37	0.00	6.35	786.00
	3390.38	0.00	6.36	786.00
	3390.39	0.00	6.34	785.00
	3390.40	0.00	6.34	785.00
	3390.41	0.00	6.36	788.00
	3390.42	0.00	6.35	789.00
	3390.44	0.00	6.34	790.00
	3390.45	0.00	6.35	791.00
	3390.46	0.00	6.33	798.00
	3390.47	0.00	6.31	802.00
	3390.48	0.00	6.23	803.00
	3390.49	0.00	6.23	803.00
	3390.50	0.00	6.28	788.00
	3390.52	0.00	6.27	791.00
	3390.53	0.00	6.26	795.00
	3390.54	0.00	6.25	796.00
	3390.55	0.00	6.26	797.00
	3390.56	0.00	6.25	800.00
	3390.57	0.00	6.24	800.00
	3390.59	0.00	6.23	803.00
	3390.60	0.00	6.23	807.00
	3390.61	0.00	6.22	806.00
	3390.62	0.00	6.25	810.00
	3390.63	0.00	6.30	814.00
	3390.64	0.00	6.30	816.00
	3390.66	0.00	6.28	828.00
	3390.67	0.00	6.24	846.00
	3390.68	0.00	6.23	850.00
	3390.69	0.00	6.21	857.00
	3390.70	0.00	6.19	867.00
	3390.71	0.00	6.19	874.00
	3390.73	0.00	6.19	879.00
	3390.74	0.00	6.19	884.00
	3390.75	0.00	6.20	888.00
	3390.76	0.00	6.26	894.00
	3390.77	0.00	6.27	893.00
	3390.78	0.00	6.22	915.00
	3390.79	0.00	6.22	911.00
	3390.81	0.00	6.24	906.00
	3390.82	0.00	6.24	898.00
	3390.83	0.00	6.27	883.00
	3390.84	0.00	6.29	867.00
	3390.85	0.00	6.33	850.00
	3390.86	0.00	6.40	820.00
	3390.87	0.00	6.43	792.00
	3390.89	0.00	6.50	748.00
	3390.90	0.00	6.55	721.00
	3390.91	0.00	6.57	708.00
	3390.92	0.00	6.58	700.00
	3390.93	0.00	6.57	695.00
	3390.94	0.00	6.54	689.00
	3390.96	0.00	6.57	681.00
	3390.97	0.00	6.56	674.00
	3390.98	0.00	6.58	665.00
	3390.99	0.00	6.58	662.00
	3391.00	0.00	6.57	663.00
	3391.01	0.00	6.61	663.00
	3391.03	0.00	6.61	661.00
	3391.04	0.00	6.52	655.00
	3391.05	0.00	6.55	648.00
	3391.06	0.00	6.58	636.00
	3391.07	0.00	6.61	636.00
	3391.08	0.00	6.59	636.00
	3391.09	0.00	6.60	634.00
	3391.11	0.00	6.60	634.00
	3391.12	0.00	6.61	634.00
	3391.13	0.00	6.61	633.00
	3391.14	0.00	6.60	630.00
	3391.15	0.00	6.61	630.00
	3391.16	0.00	6.60	631.00
	3391.17	0.00	6.65	633.00
	3391.19	0.00	6.70	632.00
	3391.20	0.00	6.69	631.00
	3391.21	0.00	6.68	638.00
	3391.22	0.00	6.66	645.00
	3391.23	0.00	6.66	645.00
	3391.25	0.00	6.65	643.00
	3391.26	0.00	6.62	641.00
	3391.27	0.00	6.61	636.00
	3391.28	0.00	6.61	639.00
	3391.29	0.00	6.60	634.00
	3391.30	0.00	6.66	636.00
	3391.31	0.00	6.63	631.00
	3391.33	0.00	6.61	641.00
	3391.34	0.00	6.65	642.00
	3391.35	0.00	6.64	654.00
	3391.36	0.00	6.60	682.00
	3391.37	0.00	6.49	733.00
	3391.38	0.00	6.86	849.00
	3391.39	0.00	6.74	902.00
	3391.41	0.00	6.71	926.00
	3391.42	0.00	6.23	892.00
	3391.43	0.00	6.23	906.00
	3391.44	0.00	6.67	972.00
	3391.45	0.00	6.65	987.00
	3391.46	0.00	6.20	952.00
	3391.48	0.00	6.19	965.00
	3391.49	0.00	6.20	977.00
	3391.50	0.00	6.20	984.00
	3391.51	0.00	6.20	994.00
	3391.52	0.00	6.21	997.00
	3391.53	0.00	6.20	997.00
	3391.55	0.00	6.17	998.00
	3391.56	0.00	6.17	998.00
	3391.57	0.00	6.17	992.00
	3391.58	0.00	6.18	989.00
	3391.59	0.00	6.19	986.00
	3391.60	0.00	6.18	982.00
	3391.62	0.00	6.18	980.00
	3391.63	0.00	6.61	1022.00
	3391.64	0.00	6.64	1018.00
	3391.65	0.00	6.66	1010.00
	3391.66	0.00	6.68	1003.00
	3391.67	0.00	6.71	997.00
	3391.69	0.00	6.74	988.00
	3391.70	0.00	6.76	978.00
	3391.71	0.00	6.78	970.00
	3391.72	0.00	6.79	967.00
	3391.73	0.00	6.81	964.00
	3391.74	0.00	6.82	959.00
	3391.76	0.00	6.80	954.00
	3391.77	0.00	6.78	946.00
	3391.78	0.00	6.76	944.00
	3391.79	0.00	6.78	940.00
	3391.80	0.00	6.82	928.00
	3391.81	0.00	6.88	907.00
	3391.82	0.00	6.90	894.00
	3391.84	0.00	6.96	882.00
	3391.85	0.00	7.03	865.00
	3391.86	0.00	7.07	842.00
	3391.87	0.00	7.14	830.00
	3391.88	0.00	7.22	812.00
	3391.89	0.00	7.29	802.00
	3391.91	0.00	7.45	772.00
	3391.92	0.00	7.51	760.00
	3391.93	0.00	7.61	739.00
	3391.94	0.00	7.69	722.00
	3391.95	0.00	7.76	724.00
	3391.96	0.00	7.81	724.00
	3391.98	0.00	7.84	730.00
	3391.99	0.00	7.85	729.00
	3392.00	0.00	7.84	726.00
	3392.01	0.00	7.86	725.00
	3392.02	0.00	7.92	726.00
	3392.03	0.00	7.90	721.00
	3392.04	0.00	7.82	711.00
	3392.06	0.00	7.75	700.00
	3392.07	0.00	7.60	683.00
	3392.08	0.00	7.52	671.00
	3392.09	0.00	7.42	661.00
	3392.10	0.00	7.35	648.00
	3392.11	0.00	6.69	589.00
	3392.12	0.00	6.72	588.00
	3392.14	0.00	6.78	595.00
	3392.15	0.00	6.80	596.00
	3392.16	0.00	6.84	597.00
	3392.17	0.00	6.85	596.00
	3392.18	0.00	6.81	594.00
	3392.19	0.00	6.84	595.00
	3392.21	0.00	6.86	595.00
	3392.22	0.00	6.85	595.00
	3392.23	0.00	6.83	596.00
	3392.24	0.00	6.85	594.00
	3392.25	0.00	6.84	597.00
	3392.26	0.00	6.83	597.00
	3392.28	0.00	6.84	597.00
	3392.29	0.00	6.78	596.00
	3392.30	0.00	6.78	595.00
	3392.31	0.00	6.78	596.00
	3392.32	0.00	6.77	595.00
	3392.33	0.00	6.80	595.00
	3392.35	0.00	6.80	595.00
	3392.36	0.00	6.79	595.00
	3392.37	0.00	6.74	594.00
	3392.38	0.00	6.77	595.00
	3392.39	0.00	6.69	590.00
	3392.40	0.00	6.71	588.00
	3392.41	0.00	6.70	587.00
	3392.42	0.00	6.71	587.00
	3392.44	0.00	6.71	586.00
	3392.45	0.00	6.72	587.00
	3392.46	0.00	6.72	586.00
	3392.47	0.00	6.72	587.00
	3392.48	0.00	6.72	587.00
	3392.50	0.00	6.72	587.00
	3392.51	0.00	6.73	584.00
	3392.52	0.00	6.72	586.00
	3392.53	0.00	6.73	585.00
	3392.54	0.00	6.80	588.00
	3392.55	0.00	6.81	588.00
	3392.56	0.00	6.81	588.00
	3392.58	0.00	6.81	589.00
	3392.59	0.00	6.79	587.00
	3392.60	0.00	6.79	587.00
	3392.61	0.00	6.75	587.00
	3392.62	0.00	6.77	587.00
	3392.63	0.00	6.78	586.00
	3392.65	0.00	6.87	594.00
	3392.66	0.00	6.84	601.00
	3392.67	0.00	6.83	608.00
	3392.68	0.00	6.79	618.00
	3392.69	0.00	6.77	629.00
	3392.70	0.00	6.72	638.00
	3392.71	0.00	6.72	649.00
	3392.73	0.00	6.71	652.00
	3392.74	0.00	6.70	658.00
	3392.75	0.00	6.70	660.00
	3392.76	0.00	6.70	665.00
	3392.77	0.00	6.70	669.00
	3392.78	0.00	6.68	679.00
	3392.79	0.00	6.68	686.00
	3392.81	0.00	6.58	699.00
	3392.82	0.00	6.56	715.00
	3392.83	0.00	6.51	736.00
	3392.84	0.00	6.49	759.00
	3392.85	0.00	6.42	781.00
	3392.86	0.00	6.41	804.00
	3392.88	0.00	6.39	821.00
	3392.89	0.00	6.39	836.00
	3392.90	0.00	6.36	851.00
	3392.91	0.00	6.35	861.00
	3392.92	0.00	6.30	872.00
	3392.93	0.00	6.68	927.00
	3392.95	0.00	6.68	937.00
	3392.96	0.00	6.67	943.00
	3392.97	0.00	6.68	947.00
	3392.98	0.00	6.68	950.00
	3392.99	0.00	6.68	951.00
	3393.00	0.00	6.69	950.00
	3393.01	0.00	6.71	949.00
	3393.03	0.00	6.70	947.00
	3393.04	0.00	6.70	945.00
	3393.05	0.00	6.70	943.00
	3393.06	0.00	6.72	941.00
	3393.07	0.00	6.72	939.00
	3393.08	0.00	6.73	938.00
	3393.10	0.00	6.75	937.00
	3393.11	0.00	6.73	933.00
	3393.12	0.00	6.26	878.00
	3393.13	0.00	6.72	926.00
	3393.14	0.00	6.73	925.00
	3393.16	0.00	6.73	923.00
	3393.17	0.00	6.73	922.00
	3393.18	0.00	6.73	922.00
	3393.19	0.00	6.28	871.00
	3393.20	0.00	6.73	919.00
	3393.21	0.00	6.30	863.00
	3393.22	0.00	6.38	863.00
	3393.24	0.00	6.39	859.00
	3393.25	0.00	6.40	852.00
	3393.26	0.00	6.41	846.00
	3393.27	0.00	6.40	845.00
	3393.28	0.00	6.41	837.00
	3393.29	0.00	6.43	830.00
	3393.30	0.00	6.44	820.00
	3393.32	0.00	6.46	808.00
	3393.33	0.00	6.47	803.00
	3393.34	0.00	6.48	796.00
	3393.35	0.00	6.48	790.00
	3393.36	0.00	6.51	781.00
	3393.37	0.00	7.07	837.00
	3393.39	0.00	7.08	832.00
	3393.40	0.00	7.09	834.00
	3393.41	0.00	7.08	832.00
	3393.42	0.00	7.08	829.00
	3393.43	0.00	7.08	829.00
	3393.44	0.00	7.07	825.00
	3393.46	0.00	7.07	827.00
	3393.47	0.00	7.06	825.00
	3393.48	0.00	7.06	827.00
	3393.49	0.00	7.07	824.00
	3393.50	0.00	7.07	821.00
	3393.51	0.00	7.09	821.00
	3393.52	0.00	7.10	819.00
	3393.54	0.00	7.09	818.00
	3393.55	0.00	7.10	817.00
	3393.56	0.00	7.10	818.00
	3393.57	0.00	7.10	815.00
	3393.58	0.00	7.04	814.00
	3393.59	0.00	7.05	812.00
	3393.61	0.00	7.05	811.00
	3393.62	0.00	7.05	811.00
	3393.63	0.00	7.04	808.00
	3393.64	0.00	7.06	808.00
	3393.65	0.00	7.05	806.00
	3393.66	0.00	7.05	805.00
	3393.68	0.00	7.06	803.00
	3393.69	0.00	7.07	801.00
	3393.70	0.00	7.07	797.00
	3393.71	0.00	7.06	794.00
	3393.72	0.00	6.96	784.00
	3393.73	0.00	6.96	784.00
	3393.74	0.00	6.96	783.00
	3393.76	0.00	6.96	779.00
	3393.77	0.00	6.97	780.00
	3393.78	0.00	6.96	778.00
	3393.79	0.00	6.97	778.00
	3393.80	0.00	6.99	778.00
	3393.81	0.00	6.99	776.00
	3393.83	0.00	6.87	777.00
	3393.84	0.00	6.88	775.00
	3393.85	0.00	6.93	775.00
	3393.86	0.00	6.94	774.00
	3393.87	0.00	6.98	770.00
	3393.88	0.00	6.46	721.00
	3393.90	0.00	6.47	721.00
	3393.91	0.00	6.45	725.00
	3393.92	0.00	6.47	725.00
	3393.93	0.00	6.44	728.00
	3393.94	0.00	6.44	730.00
	3393.95	0.00	6.52	741.00
	3393.96	0.00	6.53	743.00
	3393.98	0.00	6.51	749.00
	3393.99	0.00	6.50	753.00
	3394.00	0.00	6.51	755.00
	3394.01	0.00	6.49	758.00
	3394.02	0.00	6.49	759.00
	3394.03	0.00	6.50	759.00
	3394.04	0.00	6.49	763.00
	3394.06	0.00	6.50	763.00
	3394.07	0.00	6.57	770.00
	3394.08	0.00	6.57	774.00
	3394.09	0.00	6.57	778.00
	3394.10	0.00	6.56	780.00
	3394.11	0.00	6.55	785.00
	3394.13	0.00	6.56	787.00
	3394.14	0.00	6.53	790.00
	3394.15	0.00	6.52	793.00
	3394.16	0.00	6.51	797.00
	3394.17	0.00	6.51	796.00
	3394.18	0.00	6.50	797.00
	3394.20	0.00	6.50	798.00
	3394.21	0.00	6.50	798.00
	3394.22	0.00	6.50	799.00
	3394.23	0.00	6.50	800.00
	3394.24	0.00	6.48	805.00
	3394.25	0.00	6.47	808.00
	3394.27	0.00	6.47	811.00
	3394.28	0.00	6.41	811.00
	3394.29	0.00	6.41	812.00
	3394.30	0.00	6.41	811.00
	3394.31	0.00	6.41	810.00
	3394.32	0.00	6.42	809.00
	3394.33	0.00	6.43	810.00
	3394.35	0.00	6.43	812.00
	3394.36	0.00	6.42	814.00
	3394.37	0.00	6.41	816.00
	3394.38	0.00	6.41	819.00
	3394.39	0.00	6.39	819.00
	3394.40	0.00	6.31	816.00
	3394.41	0.00	6.31	817.00
	3394.43	0.00	6.31	817.00
	3394.44	0.00	6.31	815.00
	3394.45	0.00	6.32	812.00
	3394.46	0.00	6.33	809.00
	3394.47	0.00	6.33	802.00
	3394.48	0.00	6.35	795.00
	3394.50	0.00	6.37	783.00
	3394.51	0.00	6.40	770.00
	3394.52	0.00	6.42	757.00
	3394.53	0.00	6.43	739.00
	3394.54	0.00	6.47	720.00
	3394.55	0.00	6.51	699.00
	3394.57	0.00	6.53	678.00
	3394.58	0.00	6.66	667.00
	3394.59	0.00	6.72	653.00
	3394.60	0.00	6.76	636.00
	3394.61	0.00	6.78	625.00
	3394.62	0.00	6.78	617.00
	3394.63	0.00	6.80	610.00
	3394.65	0.00	6.78	607.00
	3394.66	0.00	6.80	603.00
	3394.67	0.00	6.81	599.00
	3394.68	0.00	6.82	598.00
	3394.69	0.00	6.91	603.00
	3394.70	0.00	6.90	601.00
	3394.72	0.00	6.90	602.00
	3394.73	0.00	6.90	601.00
	3394.74	0.00	6.85	598.00
	3394.75	0.00	6.91	602.00
	3394.76	0.00	6.88	601.00
	3394.77	0.00	6.89	603.00
	3394.78	0.00	6.90	601.00
	3394.80	0.00	6.89	600.00
	3394.81	0.00	6.88	599.00
	3394.82	0.00	6.89	602.00
	3394.83	0.00	6.90	602.00
	3394.84	0.00	6.84	600.00
	3394.85	0.00	6.83	599.00
	3394.87	0.00	6.82	600.00
	3394.88	0.00	6.83	600.00
	3394.89	0.00	6.80	598.00
	3394.90	0.00	6.84	599.00
	3394.91	0.00	6.84	598.00
	3394.92	0.00	6.86	596.00
	3394.93	0.00	6.84	597.00
	3394.95	0.00	6.84	595.00
	3394.96	0.00	6.74	589.00
	3394.97	0.00	6.74	589.00
	3394.98	0.00	6.75	588.00
	3394.99	0.00	6.75	588.00
	3395.00	0.00	6.75	588.00
	3395.02	0.00	6.76	586.00
	3395.03	0.00	6.75	587.00
	3395.04	0.00	6.75	586.00
	3395.05	0.00	6.76	586.00
	3395.06	0.00	6.75	586.00
	3395.07	0.00	6.76	585.00
	3395.08	0.00	6.75	584.00
	3395.10	0.00	6.75	585.00
	3395.11	0.00	6.74	585.00
	3395.12	0.00	6.79	587.00
	3395.13	0.00	6.79	588.00
	3395.14	0.00	6.80	588.00
	3395.15	0.00	6.77	589.00
	3395.17	0.00	7.32	636.00
	3395.18	0.00	7.44	651.00
	3395.19	0.00	7.66	671.00
	3395.20	0.00	7.83	691.00
	3395.21	0.00	7.98	713.00
	3395.22	0.00	7.90	773.00
	3395.23	0.00	7.60	928.00
	3395.25	0.00	7.46	1010.00
	3395.26	0.00	7.74	967.00
	3395.27	0.00	7.82	925.00
	3395.28	0.00	7.84	901.00
	3395.29	0.00	7.77	905.00
	3395.30	0.00	7.68	927.00
	3395.32	0.00	7.57	953.00
	3395.33	0.00	7.51	966.00
	3395.34	0.00	7.43	969.00
	3395.35	0.00	7.42	975.00
	3395.36	0.00	7.39	975.00
	3395.37	0.00	7.39	966.00
	3395.39	0.00	7.39	950.00
	3395.40	0.00	7.38	929.00
	3395.41	0.00	7.43	919.00
	3395.42	0.00	7.42	903.00
	3395.43	0.00	7.41	890.00
	3395.44	0.00	7.37	877.00
	3395.46	0.00	7.28	897.00
	3395.47	0.00	7.23	901.00
	3395.48	0.00	7.21	897.00
	3395.49	0.00	7.18	894.00
	3395.50	0.00	7.12	896.00
	3395.51	0.00	7.10	900.00
	3395.52	0.00	7.06	905.00
	3395.54	0.00	7.04	913.00
	3395.55	0.00	7.04	917.00
	3395.56	0.00	7.03	921.00
	3395.57	0.00	7.01	927.00
	3395.58	0.00	7.03	930.00
	3395.59	0.00	7.04	927.00
	3395.61	0.00	7.08	913.00
	3395.62	0.00	7.16	894.00
	3395.63	0.00	7.25	867.00
	3395.64	0.00	7.24	866.00
	3395.65	0.00	7.24	865.00
	3395.66	0.00	7.17	859.00
	3395.68	0.00	7.16	856.00
	3395.69	0.00	7.15	859.00
	3395.70	0.00	7.15	859.00
	3395.71	0.00	7.14	863.00
	3395.72	0.00	7.13	865.00
	3395.73	0.00	7.14	867.00
	3395.74	0.00	7.09	869.00
	3395.76	0.00	7.07	871.00
	3395.77	0.00	7.07	875.00
	3395.78	0.00	7.06	875.00
	3395.79	0.00	7.01	879.00
	3395.80	0.00	7.00	879.00
	3395.81	0.00	6.98	879.00
	3395.82	0.00	6.90	874.00
	3395.84	0.00	6.87	876.00
	3395.85	0.00	6.83	873.00
	3395.86	0.00	6.80	876.00
	3395.87	0.00	6.79	873.00
	3395.88	0.00	6.31	821.00
	3395.89	0.00	6.41	824.00
	3395.91	0.00	6.41	819.00
	3395.92	0.00	6.41	813.00
	3395.93	0.00	6.39	807.00
	3395.94	0.00	6.42	802.00
	3395.95	0.00	6.42	794.00
	3395.96	0.00	6.44	786.00
	3395.98	0.00	6.44	776.00
	3395.99	0.00	6.46	768.00
	3396.00	0.00	6.47	758.00
	3396.01	0.00	6.49	751.00
	3396.02	0.00	6.59	753.00
	3396.03	0.00	6.59	748.00
	3396.04	0.00	6.60	742.00
	3396.06	0.00	6.62	737.00
	3396.07	0.00	6.63	728.00
	3396.08	0.00	6.63	720.00
	3396.09	0.00	6.64	709.00
	3396.10	0.00	6.67	695.00
	3396.11	0.00	6.69	679.00
	3396.12	0.00	6.72	663.00
	3396.14	0.00	6.73	650.00
	3396.15	0.00	6.72	646.00
	3396.16	0.00	6.74	634.00
	3396.17	0.00	6.69	628.00
	3396.18	0.00	6.73	620.00
	3396.19	0.00	6.74	612.00
	3396.21	0.00	6.75	606.00
	3396.22	0.00	6.78	605.00
	3396.23	0.00	6.78	604.00
	3396.24	0.00	6.81	602.00
	3396.25	0.00	6.79	600.00
	3396.26	0.00	6.80	600.00
	3396.28	0.00	6.70	593.00
	3396.29	0.00	6.70	591.00
	3396.30	0.00	6.71	590.00
	3396.31	0.00	6.72	590.00
	3396.32	0.00	6.73	588.00
	3396.33	0.00	6.73	588.00
	3396.34	0.00	6.72	589.00
	3396.36	0.00	6.72	589.00
	3396.37	0.00	6.72	587.00
	3396.38	0.00	6.71	589.00
	3396.39	0.00	6.69	590.00
	3396.40	0.00	6.69	590.00
	3396.41	0.00	6.77	594.00
	3396.43	0.00	6.75	597.00
	3396.44	0.00	6.75	598.00
	3396.45	0.00	6.73	602.00
	3396.46	0.00	6.71	607.00
	3396.47	0.00	6.74	611.00
	3396.48	0.00	6.70	617.00
	3396.50	0.00	6.69	620.00
	3396.51	0.00	6.70	625.00
	3396.52	0.00	6.67	640.00
	3396.53	0.00	6.65	651.00
	3396.54	0.00	6.71	666.00
	3396.55	0.00	6.69	679.00
	3396.57	0.00	6.66	691.00
	3396.58	0.00	6.63	700.00
	3396.59	0.00	6.62	710.00
	3396.60	0.00	6.61	720.00
	3396.61	0.00	6.60	730.00
	3396.62	0.00	6.57	738.00
	3396.63	0.00	6.55	748.00
	3396.65	0.00	6.54	757.00
	3396.66	0.00	6.52	765.00
	3396.67	0.00	6.51	776.00
	3396.68	0.00	6.50	782.00
	3396.69	0.00	6.42	789.00
	3396.70	0.00	6.41	795.00
	3396.71	0.00	6.40	801.00
	3396.73	0.00	6.39	807.00
	3396.74	0.00	6.38	815.00
	3396.75	0.00	6.37	821.00
	3396.76	0.00	6.37	827.00
	3396.77	0.00	6.36	832.00
	3396.78	0.00	6.35	836.00
	3396.80	0.00	6.34	840.00
	3396.81	0.00	6.29	841.00
	3396.82	0.00	6.24	840.00
	3396.83	0.00	6.22	845.00
	3396.84	0.00	6.22	851.00
	3396.85	0.00	6.22	855.00
	3396.87	0.00	6.20	862.00
	3396.88	0.00	6.19	871.00
	3396.89	0.00	6.18	885.00
	3396.90	0.00	6.16	895.00
	3396.91	0.00	6.15	906.00
	3396.92	0.00	6.14	914.00
	3396.93	0.00	6.11	931.00
	3396.95	0.00	6.08	948.00
	3396.96	0.00	6.05	967.00
	3396.97	0.00	6.04	978.00
	3396.98	0.00	6.02	994.00
	3396.99	0.00	6.01	1003.00
	3397.00	0.00	6.00	1009.00
	3397.02	0.00	5.98	1015.00
	3397.03	0.00	5.98	1021.00
	3397.04	0.00	5.97	1025.00
	3397.05	0.00	5.97	1028.00
	3397.06	0.00	5.96	1035.00
	3397.07	0.00	5.97	1034.00
	3397.09	0.00	5.97	1037.00
	3397.10	0.00	5.97	1035.00
	3397.11	0.00	5.97	1035.00
	3397.12	0.00	5.98	1030.00
	3397.13	0.00	5.97	1025.00
	3397.14	0.00	5.98	1018.00
	3397.16	0.00	6.00	1011.00
	3397.17	0.00	6.01	1003.00
	3397.18	0.00	6.04	990.00
	3397.19	0.00	6.06	982.00
	3397.20	0.00	6.08	975.00
	3397.22	0.00	6.13	982.00
	3397.23	0.00	6.11	988.00
	3397.24	0.00	6.10	991.00
	3397.25	0.00	6.09	997.00
	3397.26	0.00	6.09	1004.00
	3397.27	0.00	6.10	994.00
	3397.28	0.00	6.15	975.00
	3397.30	0.00	6.19	954.00
	3397.31	0.00	6.20	944.00
	3397.32	0.00	6.22	932.00
	3397.33	0.00	6.23	920.00
	3397.34	0.00	6.25	908.00
	3397.35	0.00	6.26	898.00
	3397.37	0.00	6.28	888.00
	3397.38	0.00	6.29	882.00
	3397.39	0.00	6.28	879.00
	3397.40	0.00	6.31	876.00
	3397.41	0.00	6.37	876.00
	3397.42	0.00	6.39	878.00
	3397.44	0.00	6.39	879.00
	3397.45	0.00	6.38	883.00
	3397.46	0.00	6.38	882.00
	3397.47	0.00	6.40	878.00
	3397.48	0.00	6.39	873.00
	3397.49	0.00	6.40	865.00
	3397.51	0.00	6.42	854.00
	3397.52	0.00	6.43	841.00
	3397.53	0.00	6.44	829.00
	3397.54	0.00	6.40	821.00
	3397.55	0.00	6.49	811.00
	3397.56	0.00	6.50	804.00
	3397.57	0.00	6.50	801.00
	3397.59	0.00	6.50	797.00
	3397.60	0.00	6.50	800.00
	3397.61	0.00	6.50	802.00
	3397.62	0.00	6.42	803.00
	3397.63	0.00	6.43	805.00
	3397.64	0.00	6.42	803.00
	3397.65	0.00	6.43	804.00
	3397.67	0.00	6.42	801.00
	3397.68	0.00	6.45	799.00
	3397.69	0.00	6.46	795.00
	3397.70	0.00	6.46	789.00
	3397.71	0.00	6.48	782.00
	3397.72	0.00	6.47	780.00
	3397.74	0.00	6.47	775.00
	3397.75	0.00	6.39	767.00
	3397.76	0.00	6.31	768.00
	3397.77	0.00	6.37	766.00
	3397.78	0.00	6.38	769.00
	3397.79	0.00	6.37	772.00
	3397.81	0.00	6.38	774.00
	3397.82	0.00	6.33	774.00
	3397.83	0.00	6.37	773.00
	3397.84	0.00	6.36	771.00
	3397.85	0.00	6.38	767.00
	3397.86	0.00	6.39	764.00
	3397.87	0.00	6.39	759.00
	3397.89	0.00	6.40	754.00
	3397.90	0.00	6.39	754.00
	3397.91	0.00	6.40	752.00
	3397.92	0.00	6.47	757.00
	3397.93	0.00	6.48	757.00
	3397.94	0.00	6.47	760.00
	3397.96	0.00	6.47	760.00
	3397.97	0.00	6.48	760.00
	3397.98	0.00	6.49	760.00
	3397.99	0.00	6.48	758.00
	3398.00	0.00	6.49	754.00
	3398.01	0.00	6.51	753.00
	3398.02	0.00	6.53	751.00
	3398.04	0.00	6.62	752.00
	3398.05	0.00	6.61	750.00
	3398.06	0.00	6.62	753.00
	3398.07	0.00	6.61	753.00
	3398.08	0.00	6.61	751.00
	3398.09	0.00	6.59	753.00
	3398.11	0.00	6.60	752.00
	3398.12	0.00	6.60	752.00
	3398.13	0.00	6.59	753.00
	3398.14	0.00	6.59	752.00
	3398.15	0.00	6.60	751.00
	3398.16	0.00	6.60	750.00
	3398.17	0.00	6.59	753.00
	3398.19	0.00	6.59	752.00
	3398.20	0.00	6.56	752.00
	3398.21	0.00	6.52	751.00
	3398.22	0.00	6.53	750.00
	3398.23	0.00	6.51	748.00
	3398.25	0.00	6.37	749.00
	3398.26	0.00	6.90	800.00
	3398.27	0.00	6.52	749.00
	3398.28	0.00	7.02	800.00
	3398.29	0.00	6.52	750.00
	3398.30	0.00	6.42	741.00
	3398.31	0.00	6.43	742.00
	3398.32	0.00	6.44	740.00
	3398.34	0.00	6.44	738.00
	3398.35	0.00	6.44	738.00
	3398.36	0.00	6.44	738.00
	3398.37	0.00	6.44	737.00
	3398.38	0.00	6.44	739.00
	3398.39	0.00	6.44	738.00
	3398.41	0.00	6.45	739.00
	3398.42	0.00	6.44	738.00
	3398.43	0.00	6.44	737.00
	3398.44	0.00	6.44	740.00
	3398.45	0.00	6.45	738.00
	3398.46	0.00	6.51	743.00
	3398.47	0.00	6.52	745.00
	3398.49	0.00	6.52	743.00
	3398.50	0.00	6.52	746.00
	3398.51	0.00	6.53	747.00
	3398.52	0.00	6.52	746.00
	3398.53	0.00	6.52	747.00
	3398.54	0.00	6.52	743.00
	3398.56	0.00	6.53	741.00
	3398.57	0.00	6.54	745.00
	3398.58	0.00	6.54	741.00
	3398.59	0.00	6.56	740.00
	3398.60	0.00	6.63	746.00
	3398.61	0.00	6.63	745.00
	3398.63	0.00	6.62	747.00
	3398.64	0.00	6.63	747.00
	3398.65	0.00	6.63	745.00
	3398.66	0.00	6.61	747.00
	3398.67	0.00	6.61	748.00
	3398.68	0.00	6.60	747.00
	3398.69	0.00	6.61	748.00
	3398.71	0.00	6.60	748.00
	3398.72	0.00	6.60	747.00
	3398.73	0.00	6.60	747.00
	3398.74	0.00	6.58	750.00
	3398.75	0.00	6.59	748.00
	3398.76	0.00	6.59	748.00
	3398.78	0.00	6.53	748.00
	3398.79	0.00	6.53	746.00
	3398.80	0.00	6.53	745.00
	3398.81	0.00	6.53	746.00
	3398.82	0.00	6.53	744.00
	3398.83	0.00	6.53	744.00
	3398.84	0.00	6.53	744.00
	3398.86	0.00	6.54	744.00
	3398.87	0.00	6.53	746.00
	3398.88	0.00	6.52	744.00
	3398.89	0.00	6.52	743.00
	3398.90	0.00	6.43	737.00
	3398.91	0.00	6.42	736.00
	3398.93	0.00	6.42	735.00
	3398.94	0.00	6.43	734.00
	3398.95	0.00	6.43	733.00
	3398.96	0.00	6.43	734.00
	3398.97	0.00	6.44	733.00
	3398.98	0.00	6.44	733.00
	3399.00	0.00	6.43	732.00
	3399.01	0.00	6.41	732.00
	3399.02	0.00	6.45	728.00
	3399.03	0.00	6.45	729.00
	3399.04	0.00	6.45	727.00
	3399.05	0.00	6.44	728.00
	3399.06	0.00	6.44	727.00
	3399.08	0.00	6.48	730.00
	3399.09	0.00	6.53	733.00
	3399.10	0.00	6.55	734.00
	3399.11	0.00	6.54	734.00
	3399.12	0.00	6.54	734.00
	3399.13	0.00	6.53	734.00
	3399.15	0.00	6.53	731.00
	3399.16	0.00	6.55	731.00
	3399.17	0.00	6.56	728.00
	3399.18	0.00	6.56	726.00
	3399.19	0.00	6.59	724.00
	3399.20	0.00	6.66	729.00
	3399.21	0.00	6.67	725.00
	3399.23	0.00	6.66	727.00
	3399.24	0.00	6.66	726.00
	3399.25	0.00	6.65	725.00
	3399.26	0.00	6.65	725.00
	3399.27	0.00	6.65	722.00
	3399.28	0.00	6.65	722.00
	3399.30	0.00	6.65	721.00
	3399.31	0.00	6.66	718.00
	3399.32	0.00	6.66	717.00
	3399.33	0.00	6.66	716.00
	3399.34	0.00	6.66	719.00
	3399.35	0.00	6.65	719.00
	3399.36	0.00	6.64	719.00
	3399.38	0.00	6.60	717.00
	3399.39	0.00	6.58	717.00
	3399.40	0.00	6.59	716.00
	3399.41	0.00	6.58	717.00
	3399.42	0.00	6.58	717.00
	3399.43	0.00	6.59	719.00
	3399.45	0.00	6.58	718.00
	3399.46	0.00	6.59	719.00
	3399.47	0.00	6.60	717.00
	3399.48	0.00	6.59	718.00
	3399.49	0.00	6.57	716.00
	3399.50	0.00	6.52	714.00
	3399.52	0.00	6.48	709.00
	3399.53	0.00	6.48	710.00
	3399.54	0.00	6.48	709.00
	3399.55	0.00	6.49	708.00
	3399.56	0.00	6.49	708.00
	3399.57	0.00	6.49	709.00
	3399.58	0.00	6.50	708.00
	3399.60	0.00	6.49	710.00
	3399.61	0.00	6.49	709.00
	3399.62	0.00	6.50	708.00
	3399.63	0.00	6.50	708.00
	3399.64	0.00	6.50	706.00
	3399.65	0.00	6.51	706.00
	3399.67	0.00	6.49	709.00
	3399.68	0.00	6.49	708.00
	3399.69	0.00	6.59	713.00
	3399.70	0.00	6.59	713.00
	3399.71	0.00	6.58	717.00
	3399.72	0.00	6.58	716.00
	3399.74	0.00	6.58	716.00
	3399.75	0.00	6.58	715.00
	3399.76	0.00	6.58	715.00
	3399.77	0.00	6.59	712.00
	3399.78	0.00	6.60	709.00
	3399.79	0.00	6.60	709.00
	3399.80	0.00	6.71	713.00
	3399.82	0.00	6.71	712.00
	3399.83	0.00	6.71	709.00
	3399.84	0.00	6.70	711.00
	3399.85	0.00	6.66	710.00
	3399.86	0.00	6.67	710.00
	3399.87	0.00	6.68	710.00
	3399.88	0.00	6.68	711.00
	3399.90	0.00	6.68	711.00
	3399.91	0.00	6.68	711.00
	3399.92	0.00	6.69	710.00
	3399.93	0.00	6.68	710.00
	3399.94	0.00	6.68	710.00
	3399.95	0.00	6.67	712.00
	3399.97	0.00	6.67	712.00
	3399.98	0.00	6.65	711.00
	3399.99	0.00	6.61	710.00
	3400.00	0.00	6.60	712.00
	3400.01	0.00	6.61	710.00
	3400.02	0.00	6.61	711.00
	3400.04	0.00	6.61	711.00
	3400.05	0.00	6.62	711.00
	3400.06	0.00	6.61	711.00
	3400.07	0.00	6.62	709.00
	3400.08	0.00	6.61	708.00
	3400.09	0.00	6.62	707.00
	3400.10	0.00	6.54	703.00
	3400.12	0.00	6.52	698.00
	3400.13	0.00	6.50	699.00
	3400.14	0.00	6.52	695.00
	3400.15	0.00	6.50	697.00
	3400.16	0.00	6.50	697.00
	3400.17	0.00	6.51	696.00
	3400.18	0.00	6.52	696.00
	3400.20	0.00	6.52	696.00
	3400.21	0.00	6.52	696.00
	3400.22	0.00	6.52	696.00
	3400.23	0.00	6.53	696.00
	3400.24	0.00	6.53	695.00
	3400.25	0.00	6.53	698.00
	3400.27	0.00	6.53	699.00
	3400.28	0.00	6.53	699.00
	3400.29	0.00	6.52	699.00
	3400.30	0.00	6.61	707.00
	3400.31	0.00	6.61	707.00
	3400.32	0.00	6.61	712.00
	3400.34	0.00	6.60	713.00
	3400.35	0.00	6.60	716.00
	3400.36	0.00	6.60	717.00
	3400.37	0.00	6.60	718.00
	3400.38	0.00	6.61	718.00
	3400.39	0.00	6.62	718.00
	3400.41	0.00	6.62	718.00
	3400.42	0.00	6.62	717.00
	3400.43	0.00	6.71	722.00
	3400.44	0.00	6.72	722.00
	3400.45	0.00	6.72	721.00
	3400.46	0.00	6.72	721.00
	3400.47	0.00	6.72	721.00
	3400.49	0.00	6.73	720.00
	3400.50	0.00	6.70	717.00
	3400.51	0.00	6.71	718.00
	3400.52	0.00	6.71	716.00
	3400.53	0.00	6.71	716.00
	3400.54	0.00	6.71	715.00
	3400.56	0.00	6.71	714.00
	3400.57	0.00	6.70	711.00
	3400.58	0.00	6.71	709.00
	3400.59	0.00	6.71	705.00
	3400.60	0.00	6.70	705.00
	3400.61	0.00	6.72	702.00
	3400.63	0.00	6.71	699.00
	3400.64	0.00	6.66	695.00
	3400.65	0.00	6.66	689.00
	3400.66	0.00	6.67	684.00
	3400.67	0.00	7.19	732.00
	3400.68	0.00	6.67	678.00
	3400.69	0.00	6.69	674.00
	3400.71	0.00	7.23	725.00
	3400.72	0.00	7.23	725.00
	3400.73	0.00	7.23	723.00
	3400.74	0.00	7.24	721.00
	3400.75	0.00	7.21	718.00
	3400.76	0.00	7.12	711.00
	3400.77	0.00	7.12	711.00
	3400.79	0.00	7.12	708.00
	3400.80	0.00	7.13	707.00
	3400.81	0.00	7.11	708.00
	3400.82	0.00	7.13	709.00
	3400.83	0.00	7.13	710.00
	3400.84	0.00	7.15	710.00
	3400.86	0.00	7.15	711.00
	3400.87	0.00	7.17	712.00
	3400.88	0.00	7.12	708.00
	3400.89	0.00	7.13	706.00
	3400.90	0.00	7.13	706.00
	3400.91	0.00	7.13	708.00
	3400.93	0.00	7.12	708.00
	3400.94	0.00	7.14	709.00
	3400.95	0.00	7.21	716.00
	3400.96	0.00	7.22	718.00
	3400.97	0.00	7.21	720.00
	3400.98	0.00	6.68	674.00
	3401.00	0.00	7.20	726.00
	3401.01	0.00	6.67	675.00
	3401.02	0.00	6.67	674.00
	3401.03	0.00	6.68	674.00
	3401.04	0.00	6.69	674.00
	3401.05	0.00	6.69	675.00
	3401.06	0.00	7.33	732.00
	3401.08	0.00	7.33	731.00
	3401.09	0.00	7.33	730.00
	3401.10	0.00	7.33	733.00
	3401.11	0.00	7.33	733.00
	3401.12	0.00	7.30	733.00
	3401.13	0.00	7.32	733.00
	3401.14	0.00	7.31	732.00
	3401.16	0.00	7.31	733.00
	3401.17	0.00	7.29	732.00
	3401.18	0.00	7.30	731.00
	3401.19	0.00	7.33	732.00
	3401.20	0.00	7.26	730.00
	3401.21	0.00	7.33	727.00
	3401.23	0.00	7.33	729.00
	3401.24	0.00	7.34	728.00
	3401.25	0.00	7.34	729.00
	3401.26	0.00	7.29	724.00
	3401.27	0.00	7.27	724.00
	3401.28	0.00	7.27	723.00
	3401.29	0.00	7.28	722.00
	3401.31	0.00	7.28	721.00
	3401.32	0.00	7.30	722.00
	3401.33	0.00	7.30	722.00
	3401.34	0.00	7.31	723.00
	3401.35	0.00	7.31	721.00
	3401.36	0.00	7.30	719.00
	3401.38	0.00	7.30	718.00
	3401.39	0.00	7.29	717.00
	3401.40	0.00	7.19	709.00
	3401.41	0.00	7.19	708.00
	3401.42	0.00	7.19	708.00
	3401.43	0.00	7.20	709.00
	3401.45	0.00	7.20	707.00
	3401.46	0.00	7.21	707.00
	3401.47	0.00	7.21	707.00
	3401.48	0.00	7.23	707.00
	3401.49	0.00	7.20	705.00
	3401.50	0.00	7.22	707.00
	3401.52	0.00	7.23	707.00
	3401.53	0.00	7.23	707.00
	3401.54	0.00	7.21	706.00
	3401.55	0.00	7.20	704.00
	3401.56	0.00	7.16	701.00
	3401.57	0.00	7.17	701.00
	3401.58	0.00	7.17	704.00
	3401.60	0.00	7.16	703.00
	3401.61	0.00	7.17	703.00
	3401.62	0.00	7.27	710.00
	3401.63	0.00	7.26	711.00
	3401.64	0.00	7.24	711.00
	3401.65	0.00	7.25	710.00
	3401.67	0.00	7.24	713.00
	3401.68	0.00	7.24	712.00
	3401.69	0.00	7.16	712.00
	3401.70	0.00	7.17	713.00
	3401.71	0.00	7.22	710.00
	3401.72	0.00	7.24	710.00
	3401.74	0.00	6.71	660.00
	3401.75	0.00	6.72	658.00
	3401.76	0.00	7.38	716.00
	3401.77	0.00	7.37	714.00
	3401.78	0.00	7.38	713.00
	3401.79	0.00	7.38	714.00
	3401.80	0.00	7.39	713.00
	3401.82	0.00	7.36	712.00
	3401.83	0.00	7.37	713.00
	3401.84	0.00	7.37	714.00
	3401.85	0.00	7.38	713.00
	3401.86	0.00	7.37	711.00
	3401.87	0.00	7.36	709.00
	3401.89	0.00	7.38	710.00
	3401.90	0.00	7.41	711.00
	3401.91	0.00	7.41	706.00
	3401.92	0.00	7.40	711.00
	3401.93	0.00	7.39	711.00
	3401.94	0.00	7.39	708.00
	3401.96	0.00	7.37	707.00
	3401.97	0.00	7.33	707.00
	3401.98	0.00	7.31	705.00
	3401.99	0.00	7.31	702.00
	3402.00	0.00	7.31	703.00
	3402.01	0.00	7.34	704.00
	3402.02	0.00	7.33	704.00
	3402.04	0.00	7.36	706.00
	3402.05	0.00	7.37	706.00
	3402.06	0.00	7.36	704.00
	3402.07	0.00	7.33	706.00
	3402.08	0.00	7.33	706.00
	3402.09	0.00	7.20	698.00
	3402.10	0.00	7.21	697.00
	3402.12	0.00	7.22	698.00
	3402.13	0.00	7.23	698.00
	3402.14	0.00	7.22	697.00
	3402.15	0.00	7.23	700.00
	3402.16	0.00	7.24	702.00
	3402.17	0.00	7.23	701.00
	3402.19	0.00	7.25	703.00
	3402.20	0.00	7.24	703.00
	3402.21	0.00	7.24	702.00
	3402.22	0.00	7.25	703.00
	3402.23	0.00	7.19	698.00
	3402.25	0.00	7.20	699.00
	3402.26	0.00	7.19	698.00
	3402.27	0.00	7.19	702.00
	3402.28	0.00	7.18	703.00
	3402.29	0.00	7.27	711.00
	3402.30	0.00	7.27	711.00
	3402.31	0.00	7.27	713.00
	3402.33	0.00	7.27	712.00
	3402.34	0.00	7.26	715.00
	3402.35	0.00	7.27	716.00
	3402.36	0.00	7.26	718.00
	3402.37	0.00	7.25	718.00
	3402.38	0.00	7.26	718.00
	3402.39	0.00	7.25	719.00
	3402.41	0.00	7.26	719.00
	3402.42	0.00	7.27	719.00
	3402.43	0.00	7.25	719.00
	3402.44	0.00	7.27	718.00
	3402.45	0.00	7.38	726.00
	3402.46	0.00	7.38	728.00
	3402.48	0.00	7.38	727.00
	3402.49	0.00	7.37	730.00
	3402.50	0.00	7.37	729.00
	3402.51	0.00	7.36	728.00
	3402.52	0.00	7.35	730.00
	3402.53	0.00	7.35	730.00
	3402.55	0.00	7.35	730.00
	3402.56	0.00	7.36	727.00
	3402.57	0.00	7.34	727.00
	3402.58	0.00	7.34	728.00
	3402.59	0.00	7.37	731.00
	3402.60	0.00	7.37	730.00
	3402.61	0.00	7.35	730.00
	3402.63	0.00	7.34	730.00
	3402.64	0.00	7.35	733.00
	3402.65	0.00	7.32	732.00
	3402.66	0.00	7.27	732.00
	3402.67	0.00	7.24	733.00
	3402.68	0.00	7.25	733.00
	3402.69	0.00	7.25	734.00
	3402.71	0.00	7.23	736.00
	3402.72	0.00	7.19	735.00
	3402.73	0.00	7.23	737.00
	3402.74	0.00	7.23	737.00
	3402.75	0.00	7.23	739.00
	3402.76	0.00	7.25	738.00
	3402.78	0.00	7.23	739.00
	3402.79	0.00	7.22	741.00
	3402.80	0.00	7.22	742.00
	3402.81	0.00	7.20	740.00
	3402.82	0.00	7.11	736.00
	3402.83	0.00	7.10	735.00
	3402.85	0.00	7.12	735.00
	3402.86	0.00	7.11	736.00
	3402.87	0.00	7.12	737.00
	3402.88	0.00	7.13	738.00
	3402.89	0.00	7.12	738.00
	3402.90	0.00	7.11	740.00
	3402.91	0.00	7.11	742.00
	3402.93	0.00	7.11	744.00
	3402.94	0.00	7.11	744.00
	3402.95	0.00	7.07	743.00
	3402.96	0.00	7.06	743.00
	3402.97	0.00	7.05	746.00
	3402.98	0.00	7.06	748.00
	3403.00	0.00	7.04	751.00
	3403.01	0.00	7.03	752.00
	3403.02	0.00	7.05	753.00
	3403.03	0.00	7.13	757.00
	3403.04	0.00	7.12	759.00
	3403.05	0.00	7.12	760.00
	3403.07	0.00	7.12	760.00
	3403.08	0.00	7.12	760.00
	3403.09	0.00	6.60	709.00
	3403.10	0.00	6.60	707.00
	3403.11	0.00	6.61	707.00
	3403.12	0.00	6.62	702.00
	3403.14	0.00	6.62	700.00
	3403.15	0.00	6.63	698.00
	3403.16	0.00	7.26	757.00
	3403.17	0.00	7.27	755.00
	3403.18	0.00	7.27	753.00
	3403.19	0.00	7.27	753.00
	3403.20	0.00	7.26	752.00
	3403.22	0.00	7.29	751.00
	3403.23	0.00	7.26	749.00
	3403.24	0.00	7.26	750.00
	3403.25	0.00	7.29	748.00
	3403.26	0.00	7.27	746.00
	3403.27	0.00	7.26	746.00
	3403.29	0.00	7.25	744.00
	3403.30	0.00	7.28	747.00
	3403.31	0.00	7.29	749.00
	3403.32	0.00	7.29	748.00
	3403.33	0.00	7.27	751.00
	3403.34	0.00	7.26	752.00
	3403.35	0.00	7.26	752.00
	3403.37	0.00	7.19	753.00
	3403.38	0.00	7.19	753.00
	3403.39	0.00	7.20	753.00
	3403.40	0.00	7.19	753.00
	3403.41	0.00	7.20	753.00
	3403.42	0.00	7.19	753.00
	3403.44	0.00	7.20	754.00
	3403.45	0.00	7.20	755.00
	3403.46	0.00	7.21	754.00
	3403.47	0.00	7.19	756.00
	3403.48	0.00	7.18	754.00
	3403.49	0.00	7.18	754.00
	3403.50	0.00	7.11	752.00
	3403.52	0.00	7.08	749.00
	3403.53	0.00	7.08	749.00
	3403.54	0.00	7.07	746.00
	3403.55	0.00	7.09	747.00
	3403.56	0.00	7.09	746.00
	3403.57	0.00	7.09	749.00
	3403.59	0.00	7.08	751.00
	3403.60	0.00	7.07	750.00
	3403.61	0.00	7.06	752.00
	3403.62	0.00	7.04	751.00
	3403.63	0.00	7.03	751.00
	3403.64	0.00	6.49	701.00
	3403.66	0.00	6.49	702.00
	3403.67	0.00	6.48	704.00
	3403.68	0.00	6.48	708.00
	3403.69	0.00	6.48	711.00
	3403.70	0.00	6.48	712.00
	3403.71	0.00	6.55	719.00
	3403.72	0.00	6.55	719.00
	3403.74	0.00	6.55	724.00
	3403.75	0.00	6.55	726.00
	3403.76	0.00	6.55	727.00
	3403.77	0.00	6.54	729.00
	3403.78	0.00	6.54	729.00
	3403.79	0.00	6.55	728.00
	3403.81	0.00	6.55	731.00
	3403.82	0.00	7.11	782.00
	3403.83	0.00	7.15	789.00
	3403.84	0.00	7.14	787.00
	3403.85	0.00	6.63	740.00
	3403.86	0.00	6.64	742.00
	3403.87	0.00	6.62	744.00
	3403.89	0.00	6.61	745.00
	3403.90	0.00	6.61	746.00
	3403.91	0.00	6.60	747.00
	3403.92	0.00	6.60	746.00
	3403.93	0.00	6.60	748.00
	3403.94	0.00	6.59	746.00
	3403.96	0.00	6.58	749.00
	3403.97	0.00	6.59	749.00
	3403.98	0.00	6.58	748.00
	3403.99	0.00	6.52	747.00
	3404.00	0.00	6.52	748.00
	3404.01	0.00	6.52	747.00
	3404.02	0.00	6.52	746.00
	3404.04	0.00	6.52	748.00
	3404.05	0.00	6.52	749.00
	3404.06	0.00	6.53	749.00
	3404.07	0.00	6.54	748.00
	3404.08	0.00	6.53	749.00
	3404.09	0.00	6.45	749.00
	3404.11	0.00	6.47	746.00
	3404.12	0.00	6.40	741.00
	3404.13	0.00	6.41	739.00
	3404.14	0.00	6.41	739.00
	3404.15	0.00	6.42	737.00
	3404.16	0.00	6.43	736.00
	3404.18	0.00	6.44	735.00
	3404.19	0.00	6.44	735.00
	3404.20	0.00	6.44	734.00
	3404.21	0.00	6.36	733.00
	3404.22	0.00	6.45	732.00
	3404.23	0.00	6.45	732.00
	3404.24	0.00	6.44	731.00
	3404.26	0.00	6.45	730.00
	3404.27	0.00	6.45	729.00
	3404.28	0.00	6.45	731.00
	3404.29	0.00	6.45	730.00
	3404.30	0.00	6.51	732.00
	3404.31	0.00	6.54	734.00
	3404.32	0.00	6.55	731.00
	3404.34	0.00	6.55	734.00
	3404.35	0.00	6.53	734.00
	3404.36	0.00	6.55	731.00
	3404.37	0.00	6.53	731.00
	3404.38	0.00	6.54	729.00
	3404.39	0.00	6.56	729.00
	3404.41	0.00	6.55	728.00
	3404.42	0.00	6.65	735.00
	3404.43	0.00	6.65	735.00
	3404.44	0.00	6.64	737.00
	3404.45	0.00	6.64	736.00
	3404.46	0.00	6.65	734.00
	3404.48	0.00	6.63	735.00
	3404.49	0.00	6.63	733.00
	3404.50	0.00	6.65	735.00
	3404.51	0.00	6.64	734.00
	3404.52	0.00	6.64	733.00
	3404.53	0.00	6.64	734.00
	3404.55	0.00	6.64	733.00
	3404.56	0.00	6.64	730.00
	3404.57	0.00	6.65	728.00
	3404.58	0.00	6.64	730.00
	3404.59	0.00	6.64	731.00
	3404.60	0.00	6.63	730.00
	3404.61	0.00	6.57	729.00
	3404.63	0.00	6.57	728.00
	3404.64	0.00	6.57	730.00
	3404.65	0.00	6.56	730.00
	3404.66	0.00	6.58	731.00
	3404.67	0.00	6.58	733.00
	3404.68	0.00	6.58	732.00
	3404.69	0.00	6.58	733.00
	3404.71	0.00	6.56	732.00
	3404.72	0.00	6.47	727.00
	3404.73	0.00	6.47	725.00
	3404.74	0.00	6.47	725.00
	3404.75	0.00	6.47	723.00
	3404.76	0.00	6.47	725.00
	3404.78	0.00	6.47	724.00
	3404.79	0.00	6.49	724.00
	3404.80	0.00	6.49	723.00
	3404.81	0.00	6.48	723.00
	3404.82	0.00	6.48	723.00
	3404.83	0.00	6.48	725.00
	3404.85	0.00	6.48	722.00
	3404.86	0.00	6.48	723.00
	3404.87	0.00	6.49	722.00
	3404.88	0.00	6.48	723.00
	3404.89	0.00	6.48	723.00
	3404.90	0.00	6.51	723.00
	3404.91	0.00	6.57	728.00
	3404.93	0.00	6.58	729.00
	3404.94	0.00	6.58	729.00
	3404.95	0.00	6.58	732.00
	3404.96	0.00	6.58	732.00
	3404.97	0.00	6.57	730.00
	3404.98	0.00	6.56	730.00
	3405.00	0.00	6.56	729.00
	3405.01	0.00	6.58	726.00
	3405.02	0.00	6.58	726.00
	3405.03	0.00	6.63	726.00
	3405.04	0.00	6.68	729.00
	3405.05	0.00	6.69	728.00
	3405.06	0.00	6.68	731.00
	3405.08	0.00	6.68	731.00
	3405.09	0.00	6.68	731.00
	3405.10	0.00	6.66	731.00
	3405.11	0.00	6.66	730.00
	3405.12	0.00	6.66	731.00
	3405.13	0.00	6.66	732.00
	3405.15	0.00	6.66	732.00
	3405.16	0.00	6.66	732.00
	3405.17	0.00	6.65	733.00
	3405.18	0.00	6.65	732.00
	3405.19	0.00	6.65	734.00
	3405.20	0.00	6.64	736.00
	3405.21	0.00	6.64	734.00
	3405.23	0.00	6.56	734.00
	3405.24	0.00	6.54	733.00
	3405.25	0.00	6.57	733.00
	3405.26	0.00	6.57	733.00
	3405.27	0.00	6.57	733.00
	3405.28	0.00	6.56	732.00
	3405.30	0.00	6.58	734.00
	3405.31	0.00	6.58	733.00
	3405.32	0.00	6.59	733.00
	3405.33	0.00	6.58	732.00
	3405.34	0.00	6.57	733.00
	3405.35	0.00	6.57	733.00
	3405.37	0.00	6.57	731.00
	3405.38	0.00	6.48	724.00
	3405.39	0.00	6.48	723.00
	3405.40	0.00	6.47	723.00
	3405.41	0.00	6.48	722.00
	3405.42	0.00	6.49	722.00
	3405.43	0.00	6.48	722.00
	3405.45	0.00	6.48	722.00
	3405.46	0.00	6.48	722.00
	3405.47	0.00	6.48	722.00
	3405.48	0.00	6.48	722.00
	3405.49	0.00	6.49	722.00
	3405.50	0.00	6.49	720.00
	3405.51	0.00	6.49	719.00
	3405.53	0.00	6.49	721.00
	3405.54	0.00	6.48	720.00
	3405.55	0.00	6.48	720.00
	3405.56	0.00	6.49	721.00
	3405.57	0.00	6.57	727.00
	3405.58	0.00	6.58	727.00
	3405.60	0.00	6.56	731.00
	3405.61	0.00	6.57	730.00
	3405.62	0.00	6.56	731.00
	3405.63	0.00	6.56	730.00
	3405.64	0.00	6.57	729.00
	3405.65	0.00	6.57	727.00
	3405.67	0.00	6.57	728.00
	3405.68	0.00	6.57	728.00
	3405.69	0.00	7.17	783.00
	3405.70	0.00	7.17	783.00
	3405.71	0.00	7.17	784.00
	3405.72	0.00	7.17	785.00
	3405.73	0.00	7.17	786.00
	3405.75	0.00	7.15	787.00
	3405.76	0.00	7.16	788.00
	3405.77	0.00	7.16	788.00
	3405.78	0.00	7.14	788.00
	3405.79	0.00	6.63	740.00
	3405.80	0.00	6.61	741.00
	3405.82	0.00	7.15	792.00
	3405.83	0.00	7.14	791.00
	3405.84	0.00	7.14	792.00
	3405.85	0.00	7.14	792.00
	3405.86	0.00	7.13	790.00
	3405.87	0.00	7.13	794.00
	3405.89	0.00	7.14	794.00
	3405.90	0.00	7.12	794.00
	3405.91	0.00	7.07	793.00
	3405.92	0.00	7.07	793.00
	3405.93	0.00	7.06	793.00
	3405.94	0.00	7.06	793.00
	3405.96	0.00	7.07	792.00
	3405.97	0.00	7.08	793.00
	3405.98	0.00	7.08	794.00
	3405.99	0.00	7.08	792.00
	3406.00	0.00	7.08	789.00
	3406.01	0.00	7.08	791.00
	3406.02	0.00	7.06	788.00
	3406.04	0.00	7.00	782.00
	3406.05	0.00	6.46	728.00
	3406.06	0.00	6.98	777.00
	3406.07	0.00	6.95	775.00
	3406.08	0.00	6.99	775.00
	3406.09	0.00	6.99	775.00
	3406.11	0.00	7.00	774.00
	3406.12	0.00	7.00	776.00
	3406.13	0.00	7.00	775.00
	3406.14	0.00	6.99	774.00
	3406.15	0.00	6.99	775.00
	3406.16	0.00	6.99	775.00
	3406.18	0.00	6.99	775.00
	3406.19	0.00	6.47	725.00
	3406.20	0.00	6.47	724.00
	3406.21	0.00	6.47	723.00
	3406.22	0.00	6.47	727.00
	3406.23	0.00	6.47	726.00
	3406.24	0.00	6.49	727.00
	3406.26	0.00	6.54	731.00
	3406.27	0.00	6.56	732.00
	3406.28	0.00	6.57	731.00
	3406.29	0.00	6.57	732.00
	3406.30	0.00	6.57	735.00
	3406.31	0.00	6.55	734.00
	3406.33	0.00	6.49	735.00
	3406.34	0.00	6.56	734.00
	3406.35	0.00	6.56	734.00
	3406.36	0.00	6.55	735.00
	3406.37	0.00	6.56	736.00
	3406.38	0.00	6.56	733.00
	3406.40	0.00	6.57	733.00
	3406.41	0.00	6.67	739.00
	3406.42	0.00	6.62	739.00
	3406.43	0.00	6.66	737.00
	3406.44	0.00	7.16	790.00
	3406.45	0.00	6.66	739.00
	3406.47	0.00	7.16	790.00
	3406.48	0.00	6.65	740.00
	3406.49	0.00	6.64	740.00
	3406.50	0.00	6.64	740.00
	3406.51	0.00	6.64	740.00
	3406.52	0.00	6.64	740.00
	3406.53	0.00	6.64	740.00
	3406.55	0.00	6.64	739.00
	3406.56	0.00	7.16	791.00
	3406.57	0.00	7.17	792.00
	3406.58	0.00	7.17	792.00
	3406.59	0.00	7.14	792.00
	3406.60	0.00	7.15	794.00
	3406.62	0.00	7.16	792.00
	3406.63	0.00	7.17	791.00
	3406.64	0.00	7.13	790.00
	3406.65	0.00	7.10	791.00
	3406.66	0.00	7.10	789.00
	3406.67	0.00	7.10	787.00
	3406.69	0.00	7.11	788.00
	3406.70	0.00	7.11	788.00
	3406.71	0.00	7.11	785.00
	3406.72	0.00	7.12	785.00
	3406.73	0.00	7.12	785.00
	3406.74	0.00	7.12	784.00
	3406.75	0.00	7.12	781.00
