2.39	1817.04
	3858.04	0.00	12.38	1819.04
	3858.05	0.00	12.37	1819.04
	3858.06	0.00	12.38	1822.04
	3858.07	0.00	12.38	1821.04
	3858.08	0.00	12.38	1818.01
	3858.10	0.00	12.40	1828.02
	3858.11	0.00	12.40	1831.03
	3858.12	0.00	12.40	1830.03
	3858.13	0.00	12.41	1834.03
	3858.14	0.00	12.39	1832.03
	3858.15	0.00	12.40	1834.02
	3858.17	0.00	12.40	1836.03
	3858.18	0.00	12.40	1839.04
	3858.19	0.00	12.40	1839.04
	3858.20	0.00	12.41	1839.04
	3858.21	0.00	12.40	1840.05
	3858.23	0.00	12.38	1833.04
	3858.24	0.00	12.39	1841.05
	3858.25	0.00	12.40	1839.01
	3858.26	0.00	12.41	1838.98
	3858.27	0.00	12.41	1841.00
	3858.28	0.00	12.41	1841.00
	3858.30	0.00	12.41	1842.00
	3858.31	0.00	12.40	1841.01
	3858.32	0.00	12.41	1843.00
	3858.33	0.00	12.37	1832.00
	3858.34	0.00	12.38	1835.00
	3858.36	0.00	12.37	1836.01
	3858.37	0.00	12.38	1838.00
	3858.38	0.00	12.38	1837.00
	3858.39	0.00	12.38	1841.00
	3858.40	0.00	12.38	1838.01
	3858.41	0.00	12.35	1827.00
	3858.43	0.00	12.37	1836.00
	3858.44	0.00	12.38	1839.00
	3858.45	0.00	12.40	1838.93
	3858.46	0.00	12.38	1843.00
	3858.47	0.00	12.39	1841.00
	3858.49	0.00	12.39	1843.00
	3858.50	0.00	12.41	1842.96
	3858.51	0.00	12.38	1843.03
	3858.52	0.00	12.37	1843.05
	3858.53	0.00	12.37	1845.07
	3858.54	0.00	12.35	1846.09
	3858.56	0.00	12.37	1845.07
	3858.57	0.00	12.37	1848.08
	3858.58	0.00	12.37	1848.08
	3858.59	0.00	12.38	1847.05
	3858.60	0.00	12.37	1845.05
	3858.62	0.00	12.38	1849.06
	3858.63	0.00	12.38	1847.06
	3858.64	0.00	12.38	1850.07
	3858.65	0.00	12.39	1848.06
	3858.66	0.00	12.37	1850.07
	3858.67	0.00	12.37	1850.07
	3858.69	0.00	12.50	1848.74
	3858.70	0.00	12.48	1851.80
	3858.71	0.00	12.47	1852.82
	3858.72	0.00	12.47	1846.84
	3858.73	0.00	12.46	1844.84
	3858.75	0.00	12.47	1846.84
	3858.76	0.00	12.46	1846.84
	3858.77	0.00	12.47	1834.75
	3858.78	0.00	12.41	1833.89
	3858.79	0.00	12.39	1836.96
	3858.80	0.00	12.39	1827.98
	3858.82	0.00	12.39	1831.99
	3858.83	0.00	12.39	1834.00
	3858.84	0.00	12.40	1834.00
	3858.85	0.00	12.36	1818.97
	3858.86	0.00	12.34	1816.02
	3858.88	0.00	12.35	1825.04
	3858.89	0.00	12.37	1826.05
	3858.90	0.00	12.36	1828.05
	3858.91	0.00	12.37	1829.05
	3858.92	0.00	12.37	1830.05
	3858.93	0.00	12.36	1830.06
	3858.95	0.00	12.36	1824.02
	3858.96	0.00	12.38	1836.02
	3858.97	0.00	12.39	1842.03
	3858.98	0.00	12.38	1844.04
	3858.99	0.00	12.38	1846.04
	3859.00	0.00	12.38	1845.05
	3859.02	0.00	12.38	1845.04
	3859.03	0.00	12.38	1846.05
	3859.04	0.00	12.38	1847.05
	3859.05	0.00	12.39	1848.04
	3859.06	0.00	12.38	1850.05
	3859.08	0.00	12.39	1852.05
	3859.09	0.00	12.39	1851.05
	3859.10	0.00	12.39	1852.05
	3859.11	0.00	12.40	1853.05
	3859.12	0.00	12.41	1854.01
	3859.13	0.00	12.39	1852.05
	3859.15	0.00	12.40	1848.01
	3859.16	0.00	12.41	1849.00
	3859.17	0.00	12.41	1854.00
	3859.18	0.00	12.42	1853.00
	3859.19	0.00	12.41	1851.00
	3859.21	0.00	12.41	1853.00
	3859.22	0.00	12.43	1851.95
	3859.23	0.00	12.41	1852.00
	3859.24	0.00	12.39	1845.00
	3859.25	0.00	12.40	1842.99
	3859.26	0.00	12.40	1844.98
	3859.28	0.00	12.40	1844.99
	3859.29	0.00	12.40	1844.99
	3859.30	0.00	12.40	1844.99
	3859.31	0.00	12.38	1836.99
	3859.32	0.00	12.38	1835.99
	3859.34	0.00	12.40	1839.99
	3859.35	0.00	12.40	1843.01
	3859.36	0.00	12.42	1843.99
	3859.37	0.00	12.41	1844.99
	3859.38	0.00	12.42	1843.97
	3859.39	0.00	12.42	1844.99
	3859.41	0.00	12.42	1846.00
	3859.42	0.00	12.40	1845.03
	3859.43	0.00	12.40	1847.04
	3859.44	0.00	12.40	1844.04
	3859.45	0.00	12.41	1849.06
	3859.47	0.00	12.40	1847.06
	3859.48	0.00	12.40	1846.06
	3859.49	0.00	12.40	1848.06
	3859.50	0.00	12.42	1849.02
	3859.51	0.00	12.42	1847.02
	3859.52	0.00	12.41	1848.04
	3859.54	0.00	12.42	1848.03
	3859.55	0.00	12.42	1851.05
	3859.56	0.00	12.41	1851.05
	3859.57	0.00	12.54	1849.72
	3859.58	0.00	12.53	1847.76
	3859.60	0.00	12.53	1851.77
	3859.61	0.00	12.52	1851.80
	3859.62	0.00	12.51	1845.82
	3859.63	0.00	12.52	1846.81
	3859.64	0.00	12.49	1833.77
	3859.65	0.00	12.44	1833.91
	3859.67	0.00	12.44	1827.96
	3859.68	0.00	12.44	1827.96
	3859.69	0.00	12.45	1830.96
	3859.70	0.00	12.44	1830.97
	3859.71	0.00	12.41	1811.94
	3859.73	0.00	12.41	1821.00
	3859.74	0.00	12.43	1819.01
	3859.75	0.00	12.42	1828.02
	3859.76	0.00	12.42	1826.99
	3859.77	0.00	12.44	1834.99
	3859.78	0.00	12.45	1837.00
	3859.80	0.00	12.44	1840.01
	3859.81	0.00	12.44	1843.02
	3859.82	0.00	12.44	1843.02
	3859.83	0.00	12.44	1844.00
	3859.84	0.00	12.47	1848.98
	3859.85	0.00	12.45	1847.02
	3859.87	0.00	12.46	1849.02
	3859.88	0.00	12.45	1852.03
	3859.89	0.00	12.45	1849.02
	3859.90	0.00	12.46	1853.03
	3859.91	0.00	12.46	1846.98
	3859.93	0.00	12.47	1849.97
	3859.94	0.00	12.48	1849.96
	3859.95	0.00	12.48	1852.97
	3859.96	0.00	12.47	1851.97
	3859.97	0.00	12.47	1851.97
	3859.98	0.00	12.47	1848.97
	3860.00	0.00	12.47	1850.97
	3860.01	0.00	12.44	1839.97
	3860.02	0.00	12.45	1840.96
	3860.03	0.00	12.45	1841.97
	3860.04	0.00	12.46	1839.96
	3860.06	0.00	12.46	1840.97
	3860.07	0.00	12.46	1840.95
	3860.08	0.00	12.44	1832.96
	3860.09	0.00	12.44	1832.96
	3860.10	0.00	12.45	1836.96
	3860.11	0.00	12.45	1837.97
	3860.13	0.00	12.46	1839.96
	3860.14	0.00	12.47	1838.95
	3860.15	0.00	12.49	1841.92
	3860.16	0.00	12.45	1839.99
	3860.17	0.00	12.46	1841.00
	3860.19	0.00	12.45	1839.01
	3860.20	0.00	12.45	1839.02
	3860.21	0.00	12.45	1842.02
	3860.22	0.00	12.46	1842.02
	3860.23	0.00	12.46	1842.02
	3860.25	0.00	12.48	1841.97
	3860.26	0.00	12.47	1841.99
	3860.27	0.00	12.47	1841.00
	3860.28	0.00	12.47	1843.00
	3860.29	0.00	12.47	1842.02
	3860.30	0.00	12.45	1833.00
	3860.32	0.00	12.47	1843.01
	3860.33	0.00	12.59	1841.71
	3860.34	0.00	12.60	1844.70
	3860.35	0.00	12.57	1841.76
	3860.36	0.00	12.57	1840.77
	3860.37	0.00	12.57	1841.77
	3860.39	0.00	12.56	1840.77
	3860.40	0.00	12.53	1827.77
	3860.41	0.00	12.49	1828.88
	3860.42	0.00	12.50	1822.90
	3860.43	0.00	12.50	1824.92
	3860.45	0.00	12.49	1820.90
	3860.46	0.00	12.43	1806.96
	3860.47	0.00	12.45	1817.97
	3860.48	0.00	12.46	1818.97
	3860.49	0.00	12.46	1818.98
	3860.50	0.00	12.45	1823.99
	3860.52	0.00	12.45	1817.96
	3860.53	0.00	12.48	1832.97
	3860.54	0.00	12.48	1834.97
	3860.55	0.00	12.48	1835.98
	3860.56	0.00	12.48	1835.97
	3860.58	0.00	12.48	1836.98
	3860.59	0.00	12.47	1837.98
	3860.60	0.00	12.47	1837.99
	3860.61	0.00	12.47	1837.98
	3860.62	0.00	12.48	1843.99
	3860.63	0.00	12.48	1841.99
	3860.65	0.00	12.47	1844.01
	3860.66	0.00	12.45	1838.00
	3860.67	0.00	12.47	1845.00
	3860.68	0.00	12.47	1847.00
	3860.69	0.00	12.47	1841.98
	3860.70	0.00	12.48	1843.95
	3860.72	0.00	12.49	1844.95
	3860.73	0.00	12.48	1842.95
	3860.74	0.00	12.49	1844.95
	3860.75	0.00	12.49	1847.95
	3860.76	0.00	12.48	1844.95
	3860.77	0.00	12.48	1842.95
	3860.79	0.00	12.45	1830.96
	3860.80	0.00	12.46	1832.95
	3860.81	0.00	12.46	1831.94
	3860.82	0.00	12.47	1829.94
	3860.83	0.00	12.47	1830.94
	3860.85	0.00	12.47	1829.94
	3860.86	0.00	12.47	1830.94
	3860.87	0.00	12.47	1831.95
	3860.88	0.00	12.45	1822.94
	3860.89	0.00	12.47	1829.94
	3860.90	0.00	12.47	1829.94
	3860.92	0.00	12.48	1830.94
	3860.93	0.00	12.48	1829.93
	3860.94	0.00	12.48	1830.93
	3860.95	0.00	12.48	1828.93
	3860.96	0.00	12.50	1829.88
	3860.98	0.00	12.48	1829.95
	3860.99	0.00	12.46	1828.98
	3861.00	0.00	12.46	1828.99
	3861.01	0.00	12.46	1830.99
	3861.02	0.00	12.46	1832.00
	3861.04	0.00	12.46	1830.00
	3861.05	0.00	12.46	1829.99
	3861.06	0.00	12.48	1830.96
	3861.07	0.00	12.47	1830.97
	3861.08	0.00	12.47	1831.98
	3861.09	0.00	12.46	1832.01
	3861.11	0.00	12.45	1830.00
	3861.12	0.00	12.46	1834.00
	3861.13	0.00	12.52	1831.83
	3861.14	0.00	12.54	1831.77
	3861.15	0.00	12.58	1836.71
	3861.17	0.00	12.57	1838.74
	3861.18	0.00	12.56	1833.75
	3861.19	0.00	12.55	1831.76
	3861.20	0.00	12.55	1831.77
	3861.21	0.00	12.51	1818.78
	3861.22	0.00	12.47	1818.88
	3861.24	0.00	12.46	1816.90
	3861.25	0.00	12.48	1814.91
	3861.26	0.00	12.47	1816.93
	3861.27	0.00	12.48	1819.91
	3861.28	0.00	12.39	1795.97
	3861.30	0.00	12.42	1809.99
	3861.31	0.00	12.43	1812.99
	3861.32	0.00	12.42	1818.01
	3861.33	0.00	12.43	1818.98
	3861.34	0.00	12.42	1814.97
	3861.35	0.00	12.44	1826.99
	3861.37	0.00	12.43	1830.01
	3861.38	0.00	12.41	1819.00
	3861.39	0.00	12.43	1830.00
	3861.40	0.00	12.43	1829.01
	3861.41	0.00	12.43	1827.99
	3861.42	0.00	12.43	1832.00
	3861.44	0.00	12.43	1832.01
	3861.45	0.00	12.43	1834.00
	3861.46	0.00	12.43	1835.01
	3861.47	0.00	12.43	1835.02
	3861.48	0.00	12.42	1834.02
	3861.50	0.00	12.43	1835.00
	3861.51	0.00	12.44	1833.97
	3861.52	0.00	12.43	1832.97
	3861.53	0.00	12.44	1833.97
	3861.54	0.00	12.43	1832.98
	3861.55	0.00	12.44	1832.96
	3861.57	0.00	12.44	1833.96
	3861.58	0.00	12.44	1835.96
	3861.59	0.00	12.41	1824.97
	3861.60	0.00	12.41	1825.96
	3861.61	0.00	12.41	1825.96
	3861.63	0.00	12.41	1826.96
	3861.64	0.00	12.41	1825.96
	3861.65	0.00	12.42	1825.96
	3861.66	0.00	12.42	1825.96
	3861.67	0.00	12.42	1827.97
	3861.68	0.00	12.41	1821.96
	3861.70	0.00	12.41	1824.96
	3861.71	0.00	12.43	1826.96
	3861.72	0.00	12.41	1828.97
	3861.73	0.00	12.42	1826.96
	3861.74	0.00	12.43	1829.96
	3861.75	0.00	12.42	1826.96
	3861.77	0.00	12.41	1827.98
	3861.78	0.00	12.38	1819.01
	3861.79	0.00	12.40	1829.02
	3861.80	0.00	12.40	1829.03
	3861.81	0.00	12.39	1829.04
	3861.83	0.00	12.40	1830.04
	3861.84	0.00	12.40	1832.04
	3861.85	0.00	12.40	1831.02
	3861.86	0.00	12.41	1834.01
	3861.87	0.00	12.40	1833.02
	3861.88	0.00	12.40	1836.04
	3861.90	0.00	12.40	1834.02
	3861.91	0.00	12.38	1834.05
	3861.92	0.00	12.38	1834.05
	3861.93	0.00	12.38	1834.05
	3861.94	0.00	12.45	1828.83
	3861.96	0.00	12.49	1835.77
	3861.97	0.00	12.48	1837.80
	3861.98	0.00	12.47	1830.81
	3861.99	0.00	12.47	1831.82
	3862.00	0.00	12.46	1820.75
	3862.02	0.00	12.39	1818.91
	3862.03	0.00	12.39	1819.93
	3862.04	0.00	12.39	1818.95
	3862.05	0.00	12.39	1814.97
	3862.06	0.00	12.40	1818.97
	3862.07	0.00	12.33	1796.98
	3862.09	0.00	12.35	1809.02
	3862.10	0.00	12.35	1808.03
	3862.11	0.00	12.36	1814.03
	3862.12	0.00	12.35	1815.05
	3862.13	0.00	12.35	1817.04
	3862.15	0.00	12.36	1817.02
	3862.16	0.00	12.36	1815.00
	3862.17	0.00	12.38	1826.01
	3862.18	0.00	12.39	1827.02
	3862.19	0.00	12.38	1827.02
	3862.20	0.00	12.38	1827.02
	3862.22	0.00	12.36	1823.04
	3862.23	0.00	12.38	1824.99
	3862.24	0.00	12.38	1827.00
	3862.25	0.00	12.39	1830.01
	3862.26	0.00	12.38	1827.02
	3862.28	0.00	12.38	1832.03
	3862.29	0.00	12.39	1833.03
	3862.30	0.00	12.39	1833.03
	3862.31	0.00	12.38	1828.03
	3862.32	0.00	12.39	1833.03
	3862.33	0.00	12.39	1826.99
	3862.35	0.00	12.41	1828.95
	3862.36	0.00	12.41	1828.97
	3862.37	0.00	12.41	1828.97
	3862.38	0.00	12.42	1830.97
	3862.39	0.00	12.41	1829.98
	3862.41	0.00	12.41	1826.97
	3862.42	0.00	12.41	1828.97
	3862.43	0.00	12.38	1818.97
	3862.44	0.00	12.39	1823.97
	3862.45	0.00	12.39	1820.97
	3862.46	0.00	12.39	1819.96
	3862.48	0.00	12.40	1820.96
	3862.49	0.00	12.40	1821.96
	3862.50	0.00	12.38	1815.96
	3862.51	0.00	12.39	1820.97
	3862.52	0.00	12.38	1819.98
	3862.53	0.00	12.39	1823.97
	3862.55	0.00	12.39	1822.97
	3862.56	0.00	12.39	1823.97
	3862.57	0.00	12.39	1824.97
	3862.58	0.00	12.38	1825.00
	3862.59	0.00	12.38	1827.01
	3862.61	0.00	12.37	1827.02
	3862.62	0.00	12.36	1826.04
	3862.63	0.00	12.36	1827.04
	3862.64	0.00	12.36	1831.05
	3862.65	0.00	12.36	1828.05
	3862.66	0.00	12.37	1829.02
	3862.68	0.00	12.37	1830.03
	3862.69	0.00	12.37	1833.03
	3862.70	0.00	12.36	1833.06
	3862.71	0.00	12.37	1834.05
	3862.72	0.00	12.36	1833.05
	3862.74	0.00	12.36	1835.06
	3862.75	0.00	12.45	1830.81
	3862.76	0.00	12.46	1832.78
	3862.77	0.00	12.47	1838.81
	3862.78	0.00	12.46	1837.81
	3862.79	0.00	12.46	1837.83
	3862.81	0.00	12.46	1833.82
	3862.82	0.00	12.45	1830.83
	3862.83	0.00	12.45	1832.83
	3862.84	0.00	12.45	1819.75
	3862.85	0.00	12.43	1819.79
	3862.86	0.00	12.42	1818.83
	3862.88	0.00	12.38	1819.92
	3862.89	0.00	12.37	1820.97
	3862.90	0.00	12.39	1816.97
	3862.91	0.00	12.38	1816.98
	3862.92	0.00	12.39	1819.98
	3862.94	0.00	12.33	1794.99
	3862.95	0.00	12.34	1805.02
	3862.96	0.00	12.34	1806.02
	3862.97	0.00	12.34	1806.02
	3862.98	0.00	12.34	1807.03
	3863.00	0.00	12.34	1804.03
	3863.01	0.00	12.36	1809.03
	3863.02	0.00	12.36	1814.03
	3863.03	0.00	12.36	1811.03
	3863.04	0.00	12.38	1812.99
	3863.05	0.00	12.39	1821.00
	3863.07	0.00	12.39	1822.00
	3863.08	0.00	12.40	1823.01
	3863.09	0.00	12.39	1821.01
	3863.10	0.00	12.39	1821.01
	3863.11	0.00	12.39	1822.02
	3863.13	0.00	12.40	1819.97
	3863.14	0.00	12.39	1823.00
	3863.15	0.00	12.39	1824.01
	3863.16	0.00	12.39	1826.01
	3863.17	0.00	12.39	1828.02
	3863.18	0.00	12.39	1827.02
	3863.20	0.00	12.39	1829.02
	3863.21	0.00	12.39	1829.03
	3863.22	0.00	12.40	1828.99
	3863.23	0.00	12.40	1825.98
	3863.24	0.00	12.464	0.00	12.36	1794.93
	3885.65	0.00	12.38	1799.93
	3885.66	0.00	12.38	1801.93
	3885.67	0.00	12.38	1800.92
	3885.68	0.00	12.39	1801.92
	3885.70	0.00	12.42	1804.86
	3885.71	0.00	12.40	1803.89
	3885.72	0.00	12.38	1804.96
	3885.73	0.00	12.36	1802.98
	3885.74	0.00	12.37	1805.99
	3885.76	0.00	12.37	1809.01
	3885.77	0.00	12.37	1811.00
	3885.78	0.00	12.37	1811.00
	3885.79	0.00	12.37	1812.00
	3885.80	0.00	12.37	1810.00
	3885.81	0.00	12.39	1810.96
	3885.83	0.00	12.38	1810.97
	3885.84	0.00	12.38	1813.98
	3885.85	0.00	12.38	1811.99
	3885.86	0.00	12.37	1811.99
	3885.87	0.00	12.37	1815.00
	3885.88	0.00	12.38	1813.00
	3885.90	0.00	12.43	1815.86
	3885.91	0.00	12.49	1817.72
	3885.92	0.00	12.49	1820.73
	3885.93	0.00	12.48	1819.75
	3885.94	0.00	12.47	1812.76
	3885.96	0.00	12.50	1812.70
	3885.97	0.00	12.47	1813.77
	3885.98	0.00	12.47	1798.69
	3885.99	0.00	12.47	1798.70
	3886.00	0.00	12.46	1798.72
	3886.01	0.00	12.42	1802.83
	3886.03	0.00	12.40	1801.88
	3886.04	0.00	12.41	1795.90
	3886.05	0.00	12.41	1799.92
	3886.06	0.00	12.43	1803.89
	3886.07	0.00	12.41	1802.92
	3886.09	0.00	12.35	1776.92
	3886.10	0.00	12.35	1776.91
	3886.11	0.00	12.36	1784.93
	3886.12	0.00	12.36	1792.97
	3886.13	0.00	12.37	1793.97
	3886.14	0.00	12.38	1796.98
	3886.16	0.00	12.37	1800.99
	3886.17	0.00	12.37	1799.98
	3886.18	0.00	12.38	1797.95
	3886.19	0.00	12.36	1790.94
	3886.20	0.00	12.39	1806.95
	3886.22	0.00	12.40	1814.97
	3886.23	0.00	12.41	1815.97
	3886.24	0.00	12.40	1815.97
	3886.25	0.00	12.40	1815.97
	3886.26	0.00	12.41	1812.94
	3886.27	0.00	12.41	1813.93
	3886.29	0.00	12.41	1813.93
	3886.30	0.00	12.41	1818.96
	3886.31	0.00	12.42	1821.97
	3886.32	0.00	12.43	1823.97
	3886.33	0.00	12.42	1822.97
	3886.35	0.00	12.43	1823.97
	3886.36	0.00	12.42	1825.97
	3886.37	0.00	12.42	1825.98
	3886.38	0.00	12.42	1818.94
	3886.39	0.00	12.43	1819.93
	3886.40	0.00	12.44	1821.92
	3886.42	0.00	12.44	1822.92
	3886.43	0.00	12.44	1821.92
	3886.44	0.00	12.44	1823.92
	3886.45	0.00	12.44	1823.93
	3886.46	0.00	12.40	1809.92
	3886.48	0.00	12.41	1812.92
	3886.49	0.00	12.42	1812.91
	3886.50	0.00	12.43	1810.87
	3886.51	0.00	12.41	1810.92
	3886.52	0.00	12.42	1811.91
	3886.53	0.00	12.42	1810.91
	3886.55	0.00	12.42	1810.91
	3886.56	0.00	12.41	1803.91
	3886.57	0.00	12.42	1807.91
	3886.58	0.00	12.42	1807.91
	3886.59	0.00	12.42	1808.91
	3886.61	0.00	12.42	1811.92
	3886.62	0.00	12.43	1813.91
	3886.63	0.00	12.45	1811.88
	3886.64	0.00	12.43	1811.91
	3886.65	0.00	12.42	1809.94
	3886.66	0.00	12.41	1808.95
	3886.68	0.00	12.42	1812.96
	3886.69	0.00	12.41	1812.97
	3886.70	0.00	12.41	1813.97
	3886.71	0.00	12.41	1813.98
	3886.72	0.00	12.43	1814.94
	3886.74	0.00	12.42	1814.95
	3886.75	0.00	12.42	1814.95
	3886.76	0.00	12.42	1817.97
	3886.77	0.00	12.42	1815.97
	3886.78	0.00	12.41	1813.97
	3886.79	0.00	12.41	1816.97
	3886.81	0.00	12.51	1812.72
	3886.82	0.00	12.52	1817.70
	3886.83	0.00	12.52	1821.72
	3886.84	0.00	12.52	1821.73
	3886.85	0.00	12.52	1815.71
	3886.86	0.00	12.51	1816.75
	3886.88	0.00	12.52	1809.69
	3886.89	0.00	12.45	1801.79
	3886.90	0.00	12.42	1804.87
	3886.91	0.00	12.43	1796.89
	3886.92	0.00	12.44	1802.90
	3886.94	0.00	12.39	1779.89
	3886.95	0.00	12.38	1777.89
	3886.96	0.00	12.38	1777.90
	3886.97	0.00	12.38	1785.93
	3886.98	0.00	12.39	1791.95
	3887.00	0.00	12.40	1791.96
	3887.01	0.00	12.41	1797.96
	3887.02	0.00	12.40	1800.96
	3887.03	0.00	12.40	1794.92
	3887.04	0.00	12.41	1802.93
	3887.05	0.00	12.42	1806.94
	3887.07	0.00	12.43	1809.94
	3887.08	0.00	12.43	1810.95
	3887.09	0.00	12.43	1811.95
	3887.10	0.00	12.44	1811.91
	3887.11	0.00	12.42	1810.95
	3887.12	0.00	12.43	1813.94
	3887.14	0.00	12.43	1818.95
	3887.15	0.00	12.42	1819.98
	3887.16	0.00	12.44	1818.95
	3887.17	0.00	12.43	1818.96
	3887.18	0.00	12.43	1819.96
	3887.20	0.00	12.43	1819.96
	3887.21	0.00	12.43	1811.92
	3887.22	0.00	12.44	1815.91
	3887.23	0.00	12.45	1817.91
	3887.24	0.00	12.45	1817.90
	3887.25	0.00	12.45	1817.91
	3887.27	0.00	12.45	1819.90
	3887.28	0.00	12.45	1820.90
	3887.29	0.00	12.45	1819.91
	3887.30	0.00	12.43	1811.91
	3887.31	0.00	12.42	1808.91
	3887.33	0.00	12.42	1808.90
	3887.34	0.00	12.42	1808.90
	3887.35	0.00	12.42	1808.90
	3887.36	0.00	12.43	1810.90
	3887.37	0.00	12.42	1808.90
	3887.38	0.00	12.43	1811.90
	3887.40	0.00	12.42	1809.91
	3887.41	0.00	12.42	1803.90
	3887.42	0.00	12.42	1807.90
	3887.43	0.00	12.42	1810.91
	3887.44	0.00	12.43	1809.91
	3887.46	0.00	12.43	1812.91
	3887.47	0.00	12.43	1811.91
	3887.48	0.00	12.43	1812.90
	3887.49	0.00	12.46	1812.85
	3887.50	0.00	12.43	1812.93
	3887.51	0.00	12.42	1813.94
	3887.53	0.00	12.43	1815.94
	3887.54	0.00	12.42	1813.96
	3887.55	0.00	12.41	1814.97
	3887.56	0.00	12.41	1815.98
	3887.57	0.00	12.42	1818.98
	3887.58	0.00	12.43	1816.95
	3887.60	0.00	12.43	1820.96
	3887.61	0.00	12.43	1818.97
	3887.62	0.00	12.42	1819.97
	3887.63	0.00	12.42	1819.98
	3887.64	0.00	12.42	1822.98
	3887.66	0.00	12.48	1821.84
	3887.67	0.00	12.53	1821.69
	3887.68	0.00	12.52	1824.72
	3887.69	0.00	12.51	1818.74
	3887.70	0.00	12.51	1819.75
	3887.71	0.00	12.51	1807.68
	3887.73	0.00	12.44	1808.84
	3887.74	0.00	12.44	1804.89
	3887.75	0.00	12.44	1803.89
	3887.76	0.00	12.44	1806.90
	3887.77	0.00	12.44	1807.91
	3887.78	0.00	12.38	1785.92
	3887.80	0.00	12.38	1789.94
	3887.81	0.00	12.39	1793.95
	3887.82	0.00	12.39	1796.95
	3887.83	0.00	12.41	1797.96
	3887.84	0.00	12.41	1805.97
	3887.86	0.00	12.40	1805.97
	3887.87	0.00	12.42	1802.89
	3887.88	0.00	12.42	1814.95
	3887.89	0.00	12.43	1815.96
	3887.90	0.00	12.42	1818.96
	3887.92	0.00	12.42	1819.98
	3887.93	0.00	12.42	1820.96
	3887.94	0.00	12.42	1814.92
	3887.95	0.00	12.43	1821.96
	3887.96	0.00	12.45	1824.91
	3887.97	0.00	12.43	1824.97
	3887.99	0.00	12.43	1824.97
	3888.00	0.00	12.43	1825.97
	3888.01	0.00	12.43	1818.93
	3888.02	0.00	12.44	1823.93
	3888.03	0.00	12.44	1820.93
	3888.05	0.00	12.44	1822.93
	3888.06	0.00	12.45	1823.90
	3888.07	0.00	12.45	1825.92
	3888.08	0.00	12.45	1823.91
	3888.09	0.00	12.45	1823.91
	3888.10	0.00	12.44	1821.92
	3888.12	0.00	12.42	1812.91
	3888.13	0.00	12.42	1811.91
	3888.14	0.00	12.42	1814.91
	3888.15	0.00	12.43	1812.88
	3888.16	0.00	12.42	1815.91
	3888.18	0.00	12.43	1813.91
	3888.19	0.00	12.43	1816.91
	3888.20	0.00	12.43	1815.91
	3888.21	0.00	12.41	1809.91
	3888.22	0.00	12.41	1808.91
	3888.23	0.00	12.41	1808.91
	3888.25	0.00	12.43	1809.89
	3888.26	0.00	12.43	1815.91
	3888.27	0.00	12.43	1816.91
	3888.28	0.00	12.44	1815.91
	3888.29	0.00	12.45	1813.87
	3888.31	0.00	12.44	1813.90
	3888.32	0.00	12.44	1814.90
	3888.33	0.00	12.43	1815.94
	3888.34	0.00	12.42	1817.96
	3888.35	0.00	12.42	1816.97
	3888.36	0.00	12.42	1819.98
	3888.38	0.00	12.42	1819.98
	3888.39	0.00	12.42	1818.97
	3888.40	0.00	12.44	1819.94
	3888.41	0.00	12.43	1820.95
	3888.42	0.00	12.44	1822.96
	3888.43	0.00	12.43	1822.97
	3888.45	0.00	12.43	1823.98
	3888.46	0.00	12.51	1818.75
	3888.47	0.00	12.54	1824.70
	3888.48	0.00	12.54	1825.73
	3888.49	0.00	12.52	1820.74
	3888.51	0.00	12.52	1821.75
	3888.52	0.00	12.54	1812.64
	3888.53	0.00	12.51	1808.71
	3888.54	0.00	12.45	1809.83
	3888.55	0.00	12.46	1805.88
	3888.56	0.00	12.46	1807.89
	3888.58	0.00	12.45	1810.91
	3888.59	0.00	12.40	1793.93
	3888.60	0.00	12.41	1800.94
	3888.61	0.00	12.42	1803.95
	3888.62	0.00	12.43	1802.94
	3888.63	0.00	12.42	1808.96
	3888.65	0.00	12.41	1800.92
	3888.66	0.00	12.45	1817.94
	3888.67	0.00	12.46	1819.95
	3888.68	0.00	12.45	1823.95
	3888.69	0.00	12.45	1821.95
	3888.71	0.00	12.46	1817.90
	3888.72	0.00	12.45	1823.95
	3888.73	0.00	12.46	1824.95
	3888.74	0.00	12.46	1827.95
	3888.75	0.00	12.46	1828.95
	3888.76	0.00	12.46	1830.95
	3888.78	0.00	12.47	1824.91
	3888.79	0.00	12.48	1828.90
	3888.80	0.00	12.48	1827.90
	3888.81	0.00	12.48	1830.90
	3888.82	0.00	12.49	1828.90
	3888.84	0.00	12.49	1827.89
	3888.85	0.00	12.49	1827.89
	3888.86	0.00	12.46	1816.89
	3888.87	0.00	12.45	1818.91
	3888.88	0.00	12.47	1819.89
	3888.90	0.00	12.46	1817.89
	3888.91	0.00	12.46	1818.89
	3888.92	0.00	12.46	1816.89
	3888.93	0.00	12.48	1817.89
	3888.94	0.00	12.47	1817.89
	3888.95	0.00	12.47	1816.88
	3888.97	0.00	12.49	1812.82
	3888.98	0.00	12.47	1817.89
	3888.99	0.00	12.48	1818.88
	3889.00	0.00	12.48	1818.88
	3889.01	0.00	12.48	1817.88
	3889.03	0.00	12.48	1818.88
	3889.04	0.00	12.49	1818.88
	3889.05	0.00	12.48	1816.89
	3889.06	0.00	12.47	1817.94
	3889.07	0.00	12.47	1819.94
	3889.08	0.00	12.47	1819.95
	3889.10	0.00	12.47	1819.95
	3889.11	0.00	12.46	1819.95
	3889.12	0.00	12.47	1819.95
	3889.13	0.00	12.48	1819.91
	3889.14	0.00	12.48	1821.92
	3889.15	0.00	12.48	1822.92
	3889.17	0.00	12.45	1811.94
	3889.18	0.00	12.48	1820.94
	3889.19	0.00	12.48	1819.94
	3889.20	0.00	12.48	1822.94
	3889.21	0.00	12.47	1822.95
	3889.22	0.00	12.58	1822.66
	3889.24	0.00	12.58	1825.68
	3889.25	0.00	12.57	1821.70
	3889.26	0.00	12.57	1820.69
	3889.27	0.00	12.56	1823.72
	3889.28	0.00	12.57	1809.62
	3889.30	0.00	12.53	1807.70
	3889.31	0.00	12.48	1809.83
	3889.32	0.00	12.50	1805.85
	3889.33	0.00	12.49	1808.87
	3889.34	0.00	12.43	1784.87
	3889.35	0.00	12.43	1788.91
	3889.37	0.00	12.43	1792.91
	3889.38	0.00	12.45	1800.92
	3889.39	0.00	12.45	1801.93
	3889.40	0.00	12.46	1808.94
	3889.41	0.00	12.46	1807.90
	3889.43	0.00	12.48	1816.91
	3889.44	0.00	12.48	1815.92
	3889.45	0.00	12.48	1816.92
	3889.46	0.00	12.48	1814.92
	3889.47	0.00	12.47	1817.92
	3889.48	0.00	12.47	1818.93
	3889.50	0.00	12.47	1815.91
	3889.51	0.00	12.48	1824.93
	3889.52	0.00	12.48	1824.93
	3889.53	0.00	12.48	1822.93
	3889.54	0.00	12.48	1825.94
	3889.56	0.00	12.48	1824.94
	3889.57	0.00	12.48	1824.94
	3889.58	0.00	12.49	1823.91
	3889.59	0.00	12.48	1819.89
	3889.60	0.00	12.49	1822.89
	3889.61	0.00	12.49	1824.88
	3889.63	0.00	12.49	1821.88
	3889.64	0.00	12.49	1820.88
	3889.65	0.00	12.50	1823.87
	3889.66	0.00	12.49	1819.87
	3889.67	0.00	12.46	1810.87
	3889.69	0.00	12.47	1808.87
	3889.70	0.00	12.46	1810.89
	3889.71	0.00	12.47	1811.87
	3889.72	0.00	12.47	1811.87
	3889.73	0.00	12.47	1810.87
	3889.75	0.00	12.46	1807.87
	3889.76	0.00	12.47	1806.87
	3889.77	0.00	12.47	1808.87
	3889.78	0.00	12.47	1811.87
	3889.79	0.00	12.48	1810.87
	3889.80	0.00	12.47	1805.87
	3889.82	0.00	12.48	1812.87
	3889.83	0.00	12.48	1810.87
	3889.84	0.00	12.46	1811.91
	3889.85	0.00	12.47	1813.91
	3889.86	0.00	12.47	1812.91
	3889.87	0.00	12.46	1812.93
	3889.89	0.00	12.45	1813.95
	3889.90	0.00	12.46	1814.95
	3889.91	0.00	12.46	1815.95
	3889.92	0.00	12.48	1815.90
	3889.93	0.00	12.46	1816.92
	3889.95	0.00	12.47	1818.93
	3889.96	0.00	12.47	1816.93
	3889.97	0.00	12.47	1815.93
	3889.98	0.00	12.46	1817.95
	3889.99	0.00	12.46	1818.94
	3890.00	0.00	12.56	1815.68
	3890.02	0.00	12.57	1819.67
	3890.03	0.00	12.56	1822.70
	3890.04	0.00	12.55	1815.71
	3890.05	0.00	12.55	1815.72
	3890.06	0.00	12.55	1817.72
	3890.07	0.00	12.53	1804.67
	3890.09	0.00	12.48	1805.80
	3890.10	0.00	12.48	1801.85
	3890.11	0.00	12.48	1804.87
	3890.12	0.00	12.49	1805.85
	3890.13	0.00	12.43	1788.90
	3890.15	0.00	12.42	1792.92
	3890.16	0.00	12.44	1794.92
	3890.17	0.00	12.44	1796.94
	3890.18	0.00	12.43	1802.95
	3890.19	0.00	12.43	1796.90
	3890.20	0.00	12.46	1813.92
	3890.22	0.00	12.46	1816.92
	3890.23	0.00	12.46	1814.94
	3890.24	0.00	12.46	1816.93
	3890.25	0.00	12.46	1815.93
	3890.26	0.00	12.46	1818.93
	3890.28	0.00	12.44	1817.96
	3890.29	0.00	12.46	1817.92
	3890.30	0.00	12.46	1821.94
	3890.31	0.00	12.46	1822.94
	3890.32	0.00	12.46	1820.95
	3890.33	0.00	12.47	1825.94
	3890.35	0.00	12.47	1823.94
	3890.36	0.00	12.46	1822.94
	3890.37	0.00	12.46	1824.95
	3890.38	0.00	12.47	1820.90
	3890.39	0.00	12.48	1821.89
	3890.41	0.00	12.48	1823.89
	3890.42	0.00	12.48	1821.88
	3890.43	0.00	12.48	1821.88
	3890.44	0.00	12.49	1822.88
	3890.45	0.00	12.49	1822.88
	3890.46	0.00	12.47	1819.89
	3890.48	0.00	12.49	1823.88
	3890.49	0.00	12.45	1809.88
	3890.50	0.00	12.46	1811.88
	3890.51	0.00	12.45	1811.89
	3890.52	0.00	12.46	1812.88
	3890.54	0.00	12.45	1810.88
	3890.55	0.00	12.46	1809.88
	3890.56	0.00	12.46	1809.88
	3890.57	0.00	12.46	1808.88
	3890.58	0.00	12.44	1806.88
	3890.59	0.00	12.46	1808.88
	3890.61	0.00	12.46	1809.88
	3890.62	0.00	12.47	1812.88
	3890.63	0.00	12.46	1810.88
	3890.64	0.00	12.47	1812.88
	3890.65	0.00	12.48	1810.84
	3890.67	0.00	12.46	1811.90
	3890.68	0.00	12.44	1811.93
	3890.69	0.00	12.45	1812.93
	3890.70	0.00	12.44	1813.94
	3890.71	0.00	12.45	1812.94
	3890.72	0.00	12.44	1813.95
	3890.74	0.00	12.44	1814.95
	3890.75	0.00	12.47	1813.86
	3890.76	0.00	12.46	1816.92
	3890.77	0.00	12.46	1817.93
	3890.78	0.00	12.45	1815.94
	3890.80	0.00	12.45	1817.95
	3890.81	0.00	12.44	1816.95
	3890.82	0.00	12.45	1818.94
	3890.83	0.00	12.49	1819.84
	3890.84	0.00	12.46	1812.87
	3890.85	0.00	12.56	1818.66
	3890.87	0.00	12.56	1822.69
	3890.88	0.00	12.54	1813.71
	3890.89	0.00	12.54	1814.71
	3890.90	0.00	12.56	1811.66
	3890.91	0.00	12.50	1804.74
	3890.92	0.00	12.48	1803.80
	3890.94	0.00	12.47	1804.83
	3890.95	0.00	12.47	1797.86
	3890.96	0.00	12.48	1802.87
	3890.97	0.00	12.42	1781.86
	3890.98	0.00	12.42	1787.90
	3891.00	0.00	12.44	1797.92
	3891.01	0.00	12.43	1795.93
	3891.02	0.00	12.45	1798.93
	3891.03	0.00	12.44	1803.93
	3891.04	0.00	12.44	1801.90
	3891.05	0.00	12.46	1812.91
	3891.07	0.00	12.46	1813.92
	3891.08	0.00	12.47	1816.91
	3891.09	0.00	12.46	1817.93
	3891.10	0.00	12.46	1817.93
	3891.11	0.00	12.45	1818.93
	3891.13	0.00	12.45	1813.90
	3891.14	0.00	12.46	1820.92
	3891.15	0.00	12.46	1822.93
	3891.16	0.00	12.46	1822.93
	3891.17	0.00	12.46	1820.94
	3891.18	0.00	12.47	1822.94
	3891.20	0.00	12.46	1823.94
	3891.21	0.00	12.46	1823.95
	3891.22	0.00	12.47	1823.94
	3891.23	0.00	12.47	1818.90
	3891.24	0.00	12.47	1819.89
	3891.26	0.00	12.48	1821.88
	3891.27	0.00	12.49	1820.88
	3891.28	0.00	12.48	1820.88
	3891.29	0.00	12.48	1820.88
	3891.30	0.00	12.47	1820.90
	3891.31	0.00	12.48	1821.88
	3891.33	0.00	12.48	1818.88
	3891.34	0.00	12.45	1807.88
	3891.35	0.00	12.45	1808.89
	3891.36	0.00	12.44	1805.88
	3891.37	0.00	12.45	1807.88
	3891.39	0.00	12.45	1806.87
	3891.40	0.00	12.44	1806.90
	3891.41	0.00	12.45	1808.88
	3891.42	0.00	12.45	1806.88
	3891.43	0.00	12.43	1799.88
	3891.44	0.00	12.44	1803.89
	3891.46	0.00	12.46	1806.87
	3891.47	0.00	12.45	1806.88
	3891.48	0.00	12.46	1807.87
	3891.49	0.00	12.48	1808.83
	3891.50	0.00	12.46	1806.87
	3891.52	0.00	12.45	1805.88
	3891.53	0.00	12.43	1805.92
	3891.54	0.00	12.43	1806.93
	3891.55	0.00	12.43	1806.94
	3891.56	0.00	12.43	1809.95
	3891.57	0.00	12.43	1809.95
	3891.59	0.00	12.45	1812.92
	3891.60	0.00	12.44	1810.93
	3891.61	0.00	12.44	1809.93
	3891.62	0.00	12.43	1808.95
	3891.63	0.00	12.43	1809.94
	3891.64	0.00	12.43	1810.95
	3891.66	0.00	12.48	1811.83
	3891.67	0.00	12.54	1811.67
	3891.68	0.00	12.54	1816.70
	3891.69	0.00	12.53	1811.70
	3891.70	0.00	12.52	1808.72
	3891.72	0.00	12.52	1808.72
	3891.73	0.00	12.53	1798.62
	3891.74	0.00	12.46	1795.78
	3891.75	0.00	12.44	1797.83
	3891.76	0.00	12.45	1793.87
	3891.77	0.00	12.45	1794.88
	3891.79	0.00	12.38	1770.88
	3891.80	0.00	12.38	1774.92
	3891.81	0.00	12.39	1780.91
	3891.82	0.00	12.40	1787.93
	3891.83	0.00	12.42	1786.93
	3891.85	0.00	12.41	1790.95
	3891.86	0.00	12.41	1794.94
	3891.87	0.00	12.41	1788.90
	3891.88	0.00	12.43	1800.92
	3891.89	0.00	12.43	1801.92
	3891.90	0.00	12.43	1803.92
	3891.92	0.00	12.43	1802.93
	3891.93	0.00	12.43	1805.94
	3891.94	0.00	12.43	1806.93
	3891.95	0.00	12.44	1803.89
	3891.96	0.00	12.43	1810.93
	3891.98	0.00	12.45	1811.89
	3891.99	0.00	12.43	1811.94
	3892.00	0.00	12.43	1813.94
	3892.01	0.00	12.43	1811.94
	3892.02	0.00	12.44	1813.94
	3892.03	0.00	12.43	1814.94
	3892.05	0.00	12.44	1807.90
	3892.06	0.00	12.45	1810.89
	3892.07	0.00	12.45	1811.89
	3892.08	0.00	12.45	1808.89
	3892.09	0.00	12.45	1810.89
	3892.11	0.00	12.46	1811.88
	3892.12	0.00	12.46	1812.88
	3892.13	0.00	12.46	1814.88
	3892.14	0.00	12.42	1800.88
	3892.15	0.00	12.43	1802.88
	3892.16	0.00	12.44	1803.86
	3892.18	0.00	12.43	1802.88
	3892.19	0.00	12.43	1801.88
	3892.20	0.00	12.43	1802.88
	3892.21	0.00	12.43	1803.89
	3892.22	0.00	12.44	1803.88
	3892.24	0.00	12.42	1797.88
	3892.25	0.00	12.43	1800.88
	3892.26	0.00	12.43	1801.88
	3892.27	0.00	12.44	1801.88
	3892.28	0.00	12.44	1804.88
	3892.29	0.00	12.44	1804.88
	3892.31	0.00	12.44	1803.89
	3892.32	0.00	12.45	1804.86
	3892.33	0.00	12.43	1805.92
	3892.34	0.00	12.42	1806.94
	3892.35	0.00	12.43	1805.94
	3892.37	0.00	12.42	1806.95
	3892.38	0.00	12.42	1807.95
	3892.39	0.00	12.42	1808.95
	3892.40	0.00	12.42	1809.97
	3892.41	0.00	12.43	1810.96
	3892.42	0.00	12.44	1810.92
	3892.44	0.00	12.43	1810.93
	3892.45	0.00	12.43	1812.95
	3892.46	0.00	12.43	1809.94
	3892.47	0.00	12.43	1810.94
	3892.48	0.00	12.43	1812.95
	3892.50	0.00	12.42	1812.97
	3892.51	0.00	12.54	1813.66
	3892.52	0.00	12.54	1816.70
	3892.53	0.00	12.52	1810.71
	3892.54	0.00	12.52	1810.73
	3892.55	0.00	12.52	1812.72
	3892.57	0.00	12.52	1811.73
	3892.58	0.00	12.48	1798.75
	3892.59	0.00	12.45	1799.82
	3892.60	0.00	12.44	1793.87
	3892.61	0.00	12.45	1798.88
	3892.62	0.00	12.39	1774.88
	3892.64	0.00	12.39	1783.93
	3892.65	0.00	12.41	1789.93
	3892.66	0.00	12.41	1790.93
	3892.67	0.00	12.42	1793.94
	3892.68	0.00	12.42	1795.91
	3892.70	0.00	12.40	1790.91
	3892.71	0.00	12.44	1805.92
	3892.72	0.00	12.44	1808.93
	3892.73	0.00	12.45	1810.90
	3892.74	0.00	12.44	1811.93
	3892.75	0.00	12.44	1809.93
	3892.77	0.00	12.44	1811.93
	3892.78	0.00	12.45	1811.90
	3892.79	0.00	12.44	1814.93
	3892.80	0.00	12.44	1816.94
	3892.81	0.00	12.44	1816.94
	3892.83	0.00	12.44	1817.96
	3892.84	0.00	12.45	1818.94
	3892.85	0.00	12.46	1817.92
	3892.86	0.00	12.45	1813.90
	3892.87	0.00	12.46	1814.88
	3892.88	0.00	12.46	1816.89
	3892.90	0.00	12.47	1814.88
	3892.91	0.00	12.46	1814.88
	3892.92	0.00	12.48	1818.86
	3892.93	0.00	12.44	1803.88
	3892.94	0.00	12.44	1805.88
	3892.96	0.00	12.44	1806.88
	3892.97	0.00	12.44	1806.88
	3892.98	0.00	12.44	1806.89
	3892.99	0.00	12.45	1807.88
	3893.00	0.00	12.45	1806.88
	3893.01	0.00	12.45	1806.88
	3893.03	0.00	12.44	1797.85
	3893.04	0.00	12.45	1803.87
	3893.05	0.00	12.45	1806.87
	3893.06	0.00	12.45	1805.88
	3893.07	0.00	12.48	1806.83
	3893.09	0.00	12.47	1809.87
	3893.10	0.00	12.47	1808.87
	3893.11	0.00	12.47	1807.84
	3893.12	0.00	12.44	1806.91
	3893.13	0.00	12.45	1809.92
	3893.14	0.00	12.44	1808.93
	3893.16	0.00	12.44	1807.93
	3893.17	0.00	12.44	1808.94
	3893.18	0.00	12.43	1809.95
	3893.19	0.00	12.44	1811.95
	3893.20	0.00	12.45	1811.91
	3893.21	0.00	12.44	1812.94
	3893.23	0.00	12.44	1808.93
	3893.24	0.00	12.44	1813.94
	3893.25	0.00	12.44	1812.94
	3893.26	0.00	12.53	1808.68
	3893.27	0.00	12.56	1817.67
	3893.29	0.00	12.55	1817.70
	3893.30	0.00	12.54	1811.71
	3893.31	0.00	12.53	1813.73
	3893.32	0.00	12.51	1802.72
	3893.33	0.00	12.46	1801.82
	3893.34	0.00	12.46	1802.84
	3893.36	0.00	12.46	1795.86
	3893.37	0.00	12.47	1800.87
	3893.38	0.00	12.41	1776.87
	3893.39	0.00	12.41	1786.91
	3893.40	0.00	12.43	1794.92
	3893.41	0.00	12.44	1794.93
	3893.43	0.00	12.43	1799.94
	3893.44	0.00	12.43	1799.94
	3893.45	0.00	12.43	1797.92
	3893.46	0.00	12.44	1804.92
	3893.47	0.00	12.45	1809.92
	3893.49	0.00	12.45	1810.93
	3893.50	0.00	12.45	1811.93
	3893.51	0.00	12.44	1809.92
	3893.52	0.00	12.45	1814.92
	3893.53	0.00	12.45	1817.93
	3893.54	0.00	12.46	1816.93
	3893.56	0.00	12.48	1817.88
	3893.57	0.00	12.45	1818.94
	3893.58	0.00	12.46	1818.94
	3893.59	0.00	12.46	1812.90
	3893.60	0.00	12.46	1814.89
	3893.62	0.00	12.47	1818.89
	3893.63	0.00	12.47	1818.88
	3893.64	0.00	12.48	1818.88
	3893.65	0.00	12.47	1817.88
	3893.66	0.00	12.47	1817.88
	3893.68	0.00	12.48	1818.88
	3893.69	0.00	12.44	1805.88
	3893.70	0.00	12.44	1805.89
	3893.71	0.00	12.45	1807.88
	3893.72	0.00	12.44	1805.88
	3893.73	0.00	12.44	1807.88
	3893.75	0.00	12.44	1806.90
	3893.76	0.00	12.45	1806.88
	3893.77	0.00	12.44	1806.88
	3893.78	0.00	12.43	1801.88
	3893.79	0.00	12.43	1803.89
	3893.81	0.00	12.44	1804.89
	3893.82	0.00	12.44	1806.89
	3893.83	0.00	12.44	1807.89
	3893.84	0.00	12.45	1808.88
	3893.85	0.00	12.44	1807.89
	3893.86	0.00	12.45	1807.90
	3893.88	0.00	12.44	1808.93
	3893.89	0.00	12.43	1810.94
	3893.90	0.00	12.42	1809.96
	3893.91	0.00	12.43	1811.96
	3893.92	0.00	12.42	1810.96
	3893.94	0.00	12.42	1812.96
	3893.95	0.00	12.45	1815.93
	3893.96	0.00	12.43	1815.95
	3893.97	0.00	12.43	1813.95
	3893.98	0.00	12.44	1814.95
	3893.99	0.00	12.43	1816.96
	3894.01	0.00	12.55	1815.67
	3894.02	0.00	12.54	1819.70
	3894.03	0.00	12.52	1811.73
	3894.04	0.00	12.51	1810.73
	3894.05	0.00	12.51	1812.74
	3894.06	0.00	12.48	1802.76
	3894.08	0.00	12.44	1803.85
	3894.09	0.00	12.44	1794.88
	3894.10	0.00	12.44	1799.89
	3894.11	0.00	12.45	1801.89
	3894.12	0.00	12.39	1780.89
	3894.13	0.00	12.39	1786.93
	3894.15	0.00	12.40	1792.94
	3894.16	0.00	12.41	1793.95
	3894.17	0.00	12.41	1797.95
	3894.18	0.00	12.41	1797.93
	3894.19	0.00	12.42	1802.92
	3894.21	0.00	12.43	1809.93
	3894.22	0.00	12.43	1811.94
	3894.23	0.00	12.43	1812.94
	3894.24	0.00	12.43	1812.94
	3894.25	0.00	12.43	1812.94
	3894.26	0.00	12.43	1811.93
	3894.28	0.00	12.44	1816.94
	3894.29	0.00	12.44	1816.95
	3894.30	0.00	12.44	1817.95
	3894.31	0.00	12.45	1815.92
	3894.32	0.00	12.44	1817.95
	3894.34	0.00	12.44	1820.95
	3894.35	0.00	12.44	1813.91
	3894.36	0.00	12.44	1815.92
	3894.37	0.00	12.46	1819.90
	3894.38	0.00	12.46	1815.89
	3894.39	0.00	12.46	1818.89
	3894.41	0.00	12.45	1817.91
	3894.42	0.00	12.47	1819.89
	3894.43	0.00	12.46	1818.89
	3894.44	0.00	12.43	1806.89
	3894.45	0.00	12.43	1807.89
	3894.47	0.00	12.43	1808.89
	3894.48	0.00	12.44	1807.89
	3894.49	0.00	12.44	1807.89
	3894.50	0.00	12.45	1806.87
	3894.51	0.00	12.44	1808.89
	3894.52	0.00	12.44	1807.89
	3894.54	0.00	12.42	1802.89
	3894.55	0.00	12.43	1804.89
	3894.56	0.00	12.44	1807.89
	3894.57	1.00	12.44	1806.89
	3894.58	1.00	12.44	1808.89
	3894.60	1.00	12.45	1808.88
	3894.61	1.00	12.44	1808.89
	3894.62	1.00	12.45	1808.88
	3894.63	1.00	12.43	1809.93
	3894.64	1.00	12.44	1809.92
	3894.66	1.00	12.42	1810.96
	3894.67	1.00	12.42	1812.96
	3894.68	1.00	12.44	1811.92
	3894.69	1.00	12.44	1811.92
	3894.70	1.00	12.43	1814.94
	3894.71	0.00	12.43	1811.95
	3894.73	0.00	12.43	1812.95
	3894.74	0.00	12.42	1812.96
	3894.75	0.00	12.54	1816.68
	3894.76	0.00	12.54	1819.70
	3894.77	0.00	12.52	1811.72
	3894.79	0.00	12.52	1813.73
	3894.80	0.00	12.51	1811.74
	3894.81	0.00	12.52	1799.64
	3894.82	0.00	12.47	1801.77
	3894.83	0.00	12.44	1803.85
	3894.84	0.00	12.44	1796.88
	3894.86	0.00	12.45	1800.89
	3894.87	0.00	12.45	1799.88
	3894.88	0.00	12.38	1778.91
	3894.89	0.00	12.39	1789.94
	3894.90	0.00	12.41	1793.94
	3894.92	0.00	12.42	1792.94
	3894.93	0.00	12.42	1793.94
	3894.94	0.00	12.41	1797.95
	3894.95	0.00	12.41	1800.95
	3894.96	0.00	12.41	1795.91
	3894.97	0.00	12.43	1806.92
	3894.99	0.00	12.43	1805.93
	3895.00	0.00	12.43	1809.93
	3895.01	0.00	12.44	1809.93
	3895.02	0.00	12.44	1810.94
	3895.03	0.00	12.43	1811.94
	3895.04	0.00	12.44	1808.90
	3895.06	0.00	12.44	1814.93
	3895.07	0.00	12.44	1816.95
	3895.08	0.00	12.44	1817.94
	3895.09	0.00	12.44	1816.95
	3895.10	0.00	12.44	1816.95
	3895.12	0.00	12.44	1817.95
	3895.13	0.00	12.43	1818.97
	3895.14	0.00	12.44	1812.91
	3895.15	0.00	12.45	1816.90
	3895.16	0.00	12.45	1818.90
	3895.17	0.00	12.45	1817.91
	3895.19	0.00	12.46	1817.89
	3895.20	0.00	12.46	1817.89
	3895.21	0.00	12.46	1818.89
	3895.22	0.00	12.45	1816.91
	3895.23	0.00	12.42	1803.89
	3895.25	0.00	12.42	1806.89
	3895.26	0.00	12.42	1807.89
	3895.27	0.00	12.43	1806.90
	3895.28	0.00	12.44	1807.89
	3895.29	0.00	12.43	1807.89
	3895.30	0.00	12.44	1807.89
	3895.32	0.00	12.45	1806.85
	3895.33	0.00	12.42	1800.89
	3895.34	0.00	12.42	1802.89
	3895.35	0.00	12.43	1805.89
	3895.36	0.00	12.43	1806.90
	3895.37	0.00	12.42	1800.89
	3895.39	0.00	12.43	1806.89
	3895.40	0.00	12.44	1805.89
	3895.41	0.00	12.45	1808.86
	3895.42	0.00	12.43	1806.91
	3895.43	0.00	12.42	1807.94
	3895.45	0.00	12.42	1809.95
	3895.46	0.00	12.43	1809.91
	3895.47	0.00	12.41	1808.96
	3895.48	0.00	12.42	1809.96
	3895.49	0.00	12.42	1809.96
	3895.50	0.00	12.42	1811.98
	3895.52	0.00	12.44	1810.92
	3895.53	0.00	12.43	1811.94
	3895.54	0.00	12.43	1812.95
	3895.55	0.00	12.43	1811.95
	3895.56	0.00	12.43	1812.95
	3895.58	0.00	12.42	1807.95
	3895.59	0.00	12.42	1812.96
	3895.60	0.00	12.42	1813.95
	3895.61	0.00	12.53	1811.68
	3895.62	0.00	12.53	1816.71
	3895.63	0.00	12.51	1810.72
	3895.65	0.00	12.52	1808.72
	3895.66	0.00	12.51	1809.73
	3895.67	0.00	12.51	1812.74
	3895.68	0.00	12.49	1796.72
	3895.69	0.00	12.45	1799.80
	3895.71	0.00	12.44	1793.87
	3895.72	0.00	12.44	1796.88
	3895.73	0.00	12.44	1800.89
	3895.74	0.00	12.37	1776.92
	3895.75	0.00	12.38	1782.93
	3895.76	0.00	12.39	1789.93
	3895.78	0.00	12.40	1787.93
	3895.79	0.00	12.40	1789.96
	3895.80	0.00	12.41	1792.95
	3895.81	0.00	12.40	1796.95
	3895.82	0.00	12.39	1786.91
	3895.84	0.00	12.41	1794.90
	3895.85	0.00	12.41	1795.91
	3895.86	0.00	12.42	1799.92
	3895.87	0.00	12.43	1804.93
	3895.88	0.00	12.43	1806.94
	3895.89	0.00	12.43	1808.93
	3895.91	0.00	12.43	1809.94
	3895.92	0.00	12.42	1808.94
	3895.93	0.00	12.44	1810.91
	3895.94	0.00	12.43	1814.94
	3895.95	0.00	12.44	1815.94
	3895.96	0.00	12.44	1813.94
	3895.98	0.00	12.43	1812.95
	3895.99	0.00	12.44	1814.94
	3896.00	0.00	12.44	1814.95
	3896.01	0.00	12.45	1814.92
	3896.02	0.00	12.45	1810.90
	3896.04	0.00	12.44	1810.89
	3896.05	0.00	12.45	1813.89
	3896.06	0.00	12.45	1813.89
	3896.07	0.00	12.46	1812.89
	3896.08	0.00	12.45	1813.89
	3896.09	0.00	12.45	1813.89
	3896.11	0.00	12.42	1800.88
	3896.12	0.00	12.42	1801.89
	3896.13	0.00	12.43	1802.88
	3896.14	0.00	12.43	1803.88
	3896.15	0.00	12.43	1800.88
	3896.17	0.00	12.42	1800.89
	3896.18	0.00	12.44	1804.88
	3896.19	0.00	12.43	1800.88
	3896.20	0.00	12.44	1801.88
	3896.21	0.00	12.41	1795.90
	3896.22	0.00	12.44	1802.88
	3896.24	0.00	12.44	1801.88
	3896.25	0.00	12.45	1802.87
	3896.26	0.00	12.44	1800.86
	3896.27	0.00	12.45	1803.87
	3896.28	0.00	12.47	1803.82
	3896.30	0.00	12.43	1802.90
	3896.31	0.00	12.42	1803.94
	3896.32	0.00	12.42	1800.94
	3896.33	0.00	12.43	1804.94
	3896.34	0.00	12.42	1805.95
	3896.35	0.00	12.42	1805.95
	3896.37	0.00	12.42	1805.95
	3896.38	0.00	12.44	1806.91
	3896.39	0.00	12.44	1807.93
	3896.40	0.00	12.42	1806.96
	3896.41	0.00	12.43	1809.94
	3896.43	0.00	12.54	1808.67
	3896.44	0.00	12.55	1812.66
	3896.45	0.00	12.54	1812.68
	3896.46	0.00	12.54	1813.69
	3896.47	0.00	12.52	1805.71
	3896.48	0.00	12.53	1806.71
	3896.50	0.00	12.50	1795.69
	3896.51	0.00	12.45	1796.81
	3896.52	0.00	12.45	1789.85
	3896.53	0.00	12.47	1793.83
	3896.54	0.00	12.45	1794.87
	3896.56	0.00	12.45	1797.88
	3896.57	0.00	12.39	1773.89
	3896.58	0.00	12.41	1785.92
	3896.59	0.00	12.42	1784.93
	3896.60	0.00	12.42	1790.93
	3896.61	0.00	12.41	1794.94
	3896.63	0.00	12.40	1791.95
	3896.64	0.00	12.40	1782.90
	3896.65	0.00	12.43	1796.90
	3896.66	0.00	12.43	1802.92
	3896.67	0.00	12.44	1805.94
	3896.68	0.00	12.45	1805.93
	3896.70	0.00	12.44	1801.88
	3896.71	0.00	12.45	1810.91
	3896.72	0.00	12.45	1810.91
	3896.73	0.00	12.45	1811.92
	3896.74	0.00	12.45	1811.93
	3896.76	0.00	12.45	1812.93
	3896.77	0.00	12.45	1813.91
	3896.78	0.00	12.43	1801.89
	3896.79	0.00	12.46	1810.88
	3896.80	0.00	12.46	1812.88
	3896.81	0.00	12.47	1811.88
	3896.83	0.00	12.46	1809.87
	3896.84	0.00	12.47	1813.87
	3896.85	0.00	12.47	1812.88
	3896.86	0.00	12.47	1811.87
	3896.87	0.00	12.43	1801.87
	3896.89	0.00	12.44	1801.87
	3896.90	0.00	12.45	1803.87
	3896.91	0.00	12.44	1803.88
	3896.92	0.00	12.42	1790.87
	3896.93	0.00	12.44	1802.87
	3896.94	0.00	12.44	1800.87
	3896.96	0.00	12.47	1803.83
	3896.97	0.00	12.43	1794.87
	3896.98	0.00	12.44	1797.87
	3896.99	0.00	12.44	1799.87
	3897.00	0.00	12.45	1801.87
	3897.02	0.00	12.45	1803.87
	3897.03	0.00	12.45	1803.87
	3897.04	0.00	12.45	1801.87
	3897.05	0.00	12.48	1803.81
	3897.06	0.00	12.44	1803.91
	3897.07	0.00	12.43	1803.92
	3897.09	0.00	12.43	1806.94
	3897.10	0.00	12.43	1807.95
	3897.11	0.00	12.43	1807.95
	3897.12	0.00	12.44	1806.91
	3897.13	0.00	12.44	1808.91
	3897.15	0.00	12.44	1809.93
	3897.16	0.00	12.43	1807.94
	3897.17	0.00	12.43	1808.94
	3897.18	0.00	12.49	1805.77
	3897.19	0.00	12.54	1812.69
	3897.20	0.00	12.55	1816.68
	3897.22	0.00	12.53	1815.70
	3897.23	0.00	12.52	1808.71
	3897.24	0.00	12.52	1810.73
	3897.25	0.00	12.50	1790.66
	3897.26	0.00	12.45	1797.80
	3897.28	0.00	12.45	1793.85
	3897.29	0.00	12.45	1793.87
	3897.30	0.00	12.46	1798.87
	3897.31	0.00	12.45	1797.86
	3897.32	0.00	12.40	1771.86
	3897.33	0.00	12.39	1779.92
	3897.35	0.00	12.41	1785.92
	3897.36	0.00	12.42	1787.93
	3897.37	0.00	12.40	1786.93
	3897.38	0.00	12.40	1781.90
	3897.39	0.00	12.43	1798.90
	3897.41	0.00	12.44	1799.90
	3897.42	0.00	12.44	1802.91
	3897.43	0.00	12.43	1803.92
	3897.44	0.00	12.43	1804.92
	3897.45	0.00	12.44	1799.88
	3897.46	0.00	12.46	1808.87
	3897.48	0.00	12.44	1811.93
	3897.49	0.00	12.45	1810.93
	3897.50	0.00	12.46	1814.93
	3897.51	0.00	12.43	1813.95
	3897.52	0.00	12.45	1815.93
	3897.53	0.00	12.45	1810.89
	3897.55	0.00	12.46	1813.88
	3897.56	0.00	12.47	1815.87
	3897.57	0.00	12.46	1813.88
	3897.58	0.00	12.47	1814.87
	3897.59	0.00	12.47	1813.87
	3897.61	0.00	12.47	1801.81
	3897.62	0.00	12.44	1802.87
	3897.63	0.00	12.44	1805.87
	3897.64	0.00	12.44	1802.87
	3897.65	0.00	12.44	1803.88
	3897.66	0.00	12.45	1805.87
	3897.68	0.00	12.45	1805.87
	3897.69	0.00	12.43	1797.87
	3897.70	0.00	12.46	1801.82
	3897.71	0.00	12.43	1793.87
	3897.72	0.00	12.45	1803.87
	3897.74	0.00	12.45	1803.87
	3897.75	0.00	12.45	1804.87
	3897.76	0.00	12.49	1808.80
	3897.77	0.00	12.45	1806.88
	3897.78	0.00	12.45	1808.91
	3897.79	0.00	12.43	1806.94
	3897.81	0.00	12.44	1809.93
	3897.82	0.00	12.44	1810.93
	3897.83	0.00	12.46	1810.89
	3897.84	0.00	12.46	1813.91
	3897.85	0.00	12.47	1814.92
	3897.87	0.00	12.46	1814.92
	3897.88	0.00	12.45	1815.92
	3897.89	0.00	12.55	1809.66
	3897.90	0.00	12.57	1819.65
	3897.91	0.00	12.56	1814.68
	3897.92	0.00	12.55	1812.69
	3897.94	0.00	12.54	1812.70
	3897.95	0.00	12.55	1817.70
	3897.96	0.00	12.52	1805.71
	3897.97	0.00	12.48	1807.81
	3897.98	0.00	12.47	1807.83
	3898.00	0.00	12.48	1804.83
	3898.01	0.00	12.49	1806.86
	3898.02	0.00	12.49	1810.86
	3898.03	0.00	12.42	1791.91
	3898.04	0.00	12.43	1799.92
	3898.05	0.00	12.45	1806.94
	3898.07	0.00	12.44	1812.94
	3898.08	0.00	12.43	1804.92
	3898.09	0.00	12.44	1814.92
	3898.10	0.00	12.46	1827.93
	3898.11	0.00	12.46	1828.94
	3898.13	0.00	12.44	1833.96
	3898.14	0.00	12.43	1834.97
	3898.15	0.00	12.44	1840.97
	3898.16	0.00	12.45	1844.95
	3898.17	0.00	12.43	1846.00
	3898.18	0.00	12.42	1847.01
	3898.20	0.00	12.40	1850.02
	3898.21	0.00	12.38	1848.03
	3898.22	0.00	12.37	1848.00
	3898.23	0.00	12.36	1850.00
	3898.24	0.00	12.35	1850.01
	3898.26	0.00	12.32	1855.04
	3898.27	0.00	12.30	1861.03
	3898.28	0.00	12.27	1864.04
	3898.29	0.00	12.20	1854.06
	3898.30	0.00	12.16	1851.08
	3898.31	0.00	12.14	1851.08
	3898.33	0.00	12.11	1848.08
	3898.34	0.00	12.08	1844.09
	3898.35	0.00	12.04	1830.09
	3898.36	0.00	12.04	1830.10
	3898.37	0.00	12.02	1825.10
	3898.39	0.00	12.02	1816.10
	3898.40	0.00	12.03	1800.09
	3898.41	0.00	12.04	1791.08
	3898.42	0.00	12.10	1770.00
	3898.43	0.00	12.09	1754.07
	3898.44	0.00	12.12	1736.06
	3898.46	0.00	12.13	1736.04
	3898.47	0.00	12.18	1725.01
	3898.48	0.00	12.22	1709.95
	3898.49	0.00	12.28	1689.87
	3898.50	0.00	12.36	1672.78
	3898.51	0.00	12.41	1670.70
	3898.53	0.00	12.43	1669.67
	3898.54	0.00	12.44	1666.65
	3898.55	0.00	12.45	1662.61
	3898.56	0.00	12.49	1679.61
	3898.57	0.00	12.51	1687.60
	3898.59	0.00	12.51	1678.56
	3898.60	0.00	12.51	1680.57
	3898.61	0.00	12.54	1687.52
	3898.62	0.00	12.55	1689.51
	3898.63	0.00	12.57	1695.51
	3898.64	0.00	12.58	1699.51
	3898.66	0.00	12.60	1702.51
	3898.67	0.00	12.61	1707.50
	3898.68	0.00	12.62	1706.49
	3898.69	0.00	12.63	1710.49
	3898.70	0.00	12.64	1710.49
	3898.72	0.00	12.64	1712.48
	3898.73	0.00	12.64	1715.48
	3898.74	0.00	12.64	1718.50
	3898.75	0.00	12.66	1717.47
	3898.76	0.00	12.67	1720.47
	3898.77	0.00	12.67	1720.46
	3898.79	0.00	12.68	1720.45
	3898.80	0.00	12.78	1714.22
	3898.81	0.00	12.82	1720.15
	3898.82	0.00	12.83	1721.15
	3898.83	0.00	12.83	1725.15
	3898.84	0.00	12.83	1722.15
	3898.86	0.00	12.84	1725.15
	3898.87	0.00	12.83	1721.16
	3898.88	0.00	12.83	1717.17
	3898.89	0.00	12.82	1721.18
	3898.90	0.00	12.78	1726.30
	3898.91	0.00	12.77	1720.27
	3898.93	0.00	12.72	1720.38
	3898.94	0.00	12.73	1720.37
	3898.95	0.00	12.74	1724.37
	3898.96	0.00	12.75	1728.35
	3898.97	0.00	12.77	1732.35
	3898.99	0.00	12.78	1733.34
	3899.00	0.00	12.72	1741.43
	3899.01	0.00	12.58	1756.59
	3899.02	0.00	12.39	1792.86
	3899.03	0.00	12.26	1826.00
	3899.04	0.00	12.19	1846.05
	3899.06	0.00	12.18	1857.07
	3899.07	0.00	12.15	1868.09
	3899.08	0.00	12.07	1895.13
	3899.09	0.00	11.96	1938.19
	3899.10	0.00	11.78	2020.29
	3899.12	0.00	11.74	2047.34
	3899.13	0.00	11.69	2077.40
	3899.14	0.00	11.58	2105.46
	3899.15	0.00	11.54	2132.47
	3899.16	0.00	11.54	2138.46
	3899.17	0.00	11.61	2149.44
	3899.19	0.00	11.67	2147.41
	3899.20	0.00	11.74	2140.36
	3899.21	0.00	11.80	2137.32
	3899.22	0.00	11.88	2124.28
	3899.23	0.00	11.94	2112.25
	3899.25	0.00	12.01	2106.23
	3899.26	0.00	12.10	2086.19
	3899.27	0.00	12.22	2049.14
	3899.28	0.00	12.30	2061.12
	3899.29	0.00	12.41	2042.08
	3899.30	0.00	12.61	2002.06
	3899.32	0.00	12.69	1990.02
	3899.33	0.00	12.75	1983.98
	3899.34	0.00	12.76	1984.98
	3899.35	0.00	12.80	1992.96
	3899.36	0.00	12.83	1999.93
	3899.38	0.00	12.90	2012.86
	3899.39	0.00	12.96	2013.79
	3899.40	0.00	13.05	2020.69
	3899.41	0.00	13.12	2021.60
	3899.42	0.00	13.17	2026.57
	3899.44	0.00	13.31	2053.53
	3899.45	0.00	13.39	2056.49
	3899.46	0.00	13.50	2081.46
	3899.47	0.00	13.78	2135.38
	3899.48	0.00	13.97	2170.33
	3899.49	0.00	14.19	2222.32
	3899.50	0.00	14.40	2253.27
	3899.52	0.00	14.60	2285.17
	3899.53	0.00	14.75	2305.12
	3899.54	0.00	14.87	2336.12
	3899.55	0.00	14.99	2354.07
	3899.56	0.00	15.02	2354.05
	3899.58	0.00	15.02	2340.00
	3899.59	0.00	14.93	2298.91
	3899.60	0.00	14.82	2225.68
	3899.61	0.00	14.67	2143.53
	3899.62	0.00	14.24	2029.78
	3899.63	0.00	13.92	1937.91
	3899.65	0.00	13.49	1832.07
	3899.66	0.00	13.07	1726.15
	3899.67	0.00	12.67	1654.30
	3899.68	0.00	12.66	1662.32
	3899.69	0.00	12.69	1682.32
	3899.71	0.00	12.72	1695.32
	3899.72	0.00	12.77	1703.26
	3899.73	0.00	12.73	1691.26
	3899.74	0.00	12.80	1719.26
	3899.75	0.00	12.82	1725.26
	3899.76	0.00	12.83	1727.27
	3899.78	0.00	12.84	1730.26
	3899.79	0.00	12.83	1728.26
	3899.80	0.00	12.84	1726.26
	3899.81	0.00	12.83	1727.27
	3899.82	0.00	12.84	1727.27
	3899.83	0.00	12.84	1732.27
	3899.85	0.00	12.85	1737.26
	3899.86	0.00	12.84	1739.29
	3899.87	0.00	12.86	1742.27
	3899.88	0.00	12.87	1742.27
	3899.89	0.00	12.88	1746.26
	3899.91	0.00	12.89	1748.26
	3899.92	0.00	12.91	1754.24
	3899.93	0.00	12.91	1757.24
	3899.94	0.00	12.92	1749.19
	3899.95	0.00	12.93	1752.17
	3899.96	0.00	12.94	1749.13
	3899.98	0.00	12.97	1755.11
	3899.99	0.00	12.98	1759.11
	3900.00	0.00	12.98	1763.11
	3900.01	0.00	12.97	1757.09
	3900.02	0.00	12.97	1758.09
	3900.04	0.00	12.97	1759.09
	3900.05	0.00	12.97	1753.08
	3900.06	0.00	12.98	1751.08
	3900.07	0.00	12.89	1762.25
	3900.08	0.00	12.76	1782.46
	3900.09	0.00	12.25	1876.81
	3900.11	0.00	11.70	2017.13
	3900.12	0.00	11.41	2114.30
	3900.13	0.00	11.36	2140.34
	3900.14	0.00	11.37	2152.35
	3900.15	0.00	11.34	2171.38
	3900.17	0.00	11.40	2241.49
	3900.18	0.00	11.52	2268.53
	3900.19	0.00	11.60	2305.55
	3900.20	0.00	11.65	2325.55
	3900.21	0.00	11.73	2334.52
	3900.22	0.00	11.79	2315.51
	3900.24	0.00	11.87	2297.48
	3900.25	0.00	11.98	2270.43
	3900.26	0.00	12.16	2244.19
	3900.27	0.00	12.30	2212.15
	3900.28	0.00	12.40	2183.12
	3900.30	0.00	12.60	2133.07
	3900.31	0.00	12.77	2073.12
	3900.32	0.00	12.86	2056.04
	3900.33	0.00	12.93	2019.94
	3900.34	0.00	12.99	2018.80
	3900.35	0.00	13.09	2009.57
	3900.37	0.00	13.10	1999.55
	3900.38	0.00	13.09	2023.52
	3900.39	0.00	13.09	2020.49
	3900.40	0.00	13.09	2015.47
	3900.41	0.00	13.10	2005.46
	3900.43	0.00	13.12	1978.43
	3900.44	0.00	13.28	2002.39
	3900.45	0.00	13.32	2006.39
	3900.46	0.00	13.38	2018.39
	3900.47	0.00	13.56	2049.40
	3900.48	0.00	13.76	2085.39
	3900.50	0.00	13.96	2124.38
	3900.51	0.00	14.12	2150.38
	3900.52	0.00	14.30	2191.36
	3900.53	0.00	14.49	2225.27
	3900.54	0.00	14.60	2250.26
	3900.55	0.00	14.75	2283.19
	3900.57	0.00	14.81	2295.15
	3900.58	0.00	14.87	2305.08
	3900.59	0.00	14.88	2308.04
	3900.60	0.00	14.86	2300.02
	3900.61	0.00	14.82	2266.92
	3900.62	0.00	14.75	2225.78
	3900.64	0.00	14.52	2166.92
	3900.65	0.00	14.23	2069.95
	3900.66	0.00	13.83	1969.08
	3900.67	0.00	13.39	1856.14
	3900.68	0.00	12.85	1737.22
	3900.69	0.00	12.77	1722.26
	3900.71	0.00	12.73	1711.28
	3900.72	0.00	12.75	1715.27
	3900.73	0.00	12.77	1719.27
	3900.74	0.00	12.79	1726.27
	3900.75	0.00	12.83	1733.26
	3900.77	0.00	12.81	1732.28
	3900.78	0.00	12.82	1731.25
	3900.79	0.00	12.85	1735.24
	3900.80	0.00	12.86	1738.23
	3900.81	0.00	12.85	1738.24
	3900.82	0.00	12.88	1742.21
	3900.84	0.00	12.88	1739.21
	3900.85	0.00	12.89	1744.20
	3900.86	0.00	12.92	1747.17
	3900.87	0.00	12.91	1742.18
	3900.88	0.00	12.92	1744.18
	3900.90	0.00	12.93	1747.18
	3900.91	0.00	12.94	1747.15
	3900.92	0.00	12.94	1749.17
	3900.93	0.00	12.92	1746.19
	3900.94	0.00	12.91	1748.22
	3900.95	0.00	12.90	1747.24
	3900.97	0.00	12.90	1748.25
	3900.98	0.00	12.90	1749.25
	3900.99	0.00	12.91	1751.24
	3901.00	0.00	12.89	1747.25
	3901.01	0.00	12.92	1754.22
	3901.02	0.00	12.95	1756.18
	3901.04	0.00	12.96	1760.17
	3901.05	0.00	12.96	1765.20
	3901.06	0.00	12.97	1766.18
	3901.07	0.00	12.97	1765.17
	3901.08	0.00	12.96	1766.17
	3901.09	0.00	12.97	1765.17
	3901.11	0.00	12.92	1774.25
	3901.12	0.00	12.69	1806.58
	3901.13	0.00	12.09	1934.02
	3901.14	0.00	11.57	2092.28
	3901.15	0.00	11.52	2118.39
	3901.17	0.00	11.48	2137.41
	3901.18	0.00	11.47	2158.43
	3901.19	0.00	11.39	2187.50
	3901.20	0.00	11.42	2219.54
	3901.21	0.00	11.51	2246.57
	3901.22	0.00	11.58	2278.59
	3901.24	0.00	11.64	2294.60
	3901.25	0.00	11.78	2319.55
	3901.26	0.00	11.92	2310.51
	3901.27	0.00	12.07	2291.47
	3901.28	0.00	12.25	2252.36
	3901.30	0.00	12.40	2224.30
	3901.31	0.00	12.65	2156.24
	3901.32	0.00	12.80	2119.18
	3901.33	0.00	12.87	2095.11
	3901.34	0.00	12.94	2050.01
	3901.36	0.00	12.98	2056.92
	3901.37	0.00	13.09	2016.77
	3901.38	0.00	13.16	1997.63
	3901.39	0.00	13.18	1990.56
	3901.40	0.00	13.23	1982.45
	3901.41	0.00	13.22	1976.46
	3901.43	0.00	13.25	1978.43
	3901.44	0.00	13.30	1989.41
	3901.45	0.00	13.35	1997.35
	3901.46	0.00	13.36	2009.39
	3901.47	0.00	13.40	2020.38
	3901.49	0.00	13.42	2026.37
	3901.50	0.00	13.44	2034.37
	3901.51	0.00	13.57	2063.36
	3901.52	0.00	13.76	2109.35
	3901.53	0.00	13.86	2128.33
	3901.54	0.00	13.96	2152.31
	3901.56	0.00	14.07	2181.27
	3901.57	0.00	14.22	2211.17
	3901.58	0.00	14.28	2229.20
	3901.59	0.00	14.38	2251.15
	3901.60	0.00	14.46	2260.09
	3901.61	0.00	14.48	2261.10
	3901.63	0.00	14.52	2250.01
	3901.64	0.00	14.56	2224.80
	3901.65	0.00	14.61	2163.43
	3901.66	0.00	14.33	2093.58
	3901.67	0.00	14.01	2006.90
	3901.68	0.00	13.57	1880.13
	3901.70	0.00	13.16	1773.31
	3901.71	0.00	12.72	1669.38
	3901.72	0.00	12.59	1645.49
	3901.73	0.00	12.55	1643.48
	3901.74	0.00	12.50	1630.50
	3901.76	0.00	12.56	1645.48
	3901.77	0.00	12.61	1655.44
	3901.78	0.00	13.04	1833.44
	3901.79	0.00	12.71	1700.38
	3901.80	0.00	12.71	1697.35
	3901.81	0.00	12.77	1714.33
	3901.83	0.00	12.78	1723.33
	3901.84	0.00	12.80	1727.32
	3901.85	0.00	12.82	1731.32
	3901.86	0.00	12.83	1741.32
	3901.87	0.00	12.84	1747.32
	3901.88	0.00	12.84	1747.31
	3901.90	0.00	12.86	1750.29
	3901.91	0.00	12.86	1751.28
	3901.92	0.00	12.87	1752.28
	3901.93	0.00	12.85	1756.33
	3901.94	0.00	13.01	1757.99
	3901.96	0.00	13.00	1760.01
	3901.97	0.00	13.00	1761.03
	3901.98	0.00	12.99	1754.05
	3901.99	0.00	12.99	1755.04
	3902.00	0.00	12.99	1753.04
	3902.01	0.00	12.98	1754.04
	3902.03	0.00	12.98	1756.05
	3902.04	0.00	12.93	1748.12
	3902.05	0.00	12.89	1754.23
	3902.06	0.00	12.88	1756.26
	3902.07	0.00	12.88	1761.27
	3902.08	0.00	12.90	1758.24
	3902.10	0.00	12.89	1764.27
	3902.11	0.00	12.90	1762.27
	3902.12	0.00	12.90	1764.27
	3902.13	0.00	12.87	1766.34
	3902.14	0.00	12.67	1790.66
	3902.15	0.00	12.08	1920.03
	3902.17	0.00	11.51	2087.34
	3902.18	0.00	11.37	2139.44
	3902.19	0.00	11.35	2156.44
	3902.20	0.00	11.35	2176.44
	3902.21	0.00	11.40	2205.49
	3902.23	0.00	11.50	2235.46
	3902.24	0.00	11.55	2254.50
	3902.25	0.00	11.62	2300.52
	3902.26	0.00	11.71	2325.51
	3902.27	0.00	11.79	2330.52
	3902.28	0.00	11.91	2333.49
	3902.30	0.00	12.03	2312.45
	3902.31	0.00	12.20	2261.38
	3902.32	0.00	12.35	2237.28
	3902.33	0.00	12.47	2209.23
	3902.34	0.00	12.71	2145.16
	3902.36	0.00	12.85	2101.10
	3902.37	0.00	12.89	2084.02
	3902.38	0.00	12.97	2059.93
	3902.39	0.00	13.05	2043.78
	3902.40	0.00	13.16	1998.62
	3902.41	0.00	13.20	1988.51
	3902.43	0.00	13.22	1976.46
	3902.44	0.00	13.24	1964.38
	3902.45	0.00	13.23	1961.40
	3902.46	0.00	13.24	1958.38
	3902.47	0.00	13.24	1947.36
	3902.49	0.00	13.21	1944.41
	3902.50	0.00	13.34	1966.40
	3902.51	0.00	13.50	1994.38
	3902.52	0.00	13.59	2016.38
	3902.53	0.00	13.67	2029.37
	3902.54	0.00	13.73	2040.37
	3902.56	0.00	13.83	2068.36
	3902.57	0.00	13.93	2088.32
	3902.58	0.00	13.97	2101.32
	3902.59	0.00	14.06	2128.31
	3902.60	0.00	14.10	2135.30
	3902.61	0.00	14.14	2140.27
	3902.63	0.00	14.20	2160.25
	3902.64	0.00	14.22	2155.19
	3902.65	0.00	14.26	2149.08
	3902.66	0.00	14.25	2142.04
	3902.67	0.00	14.26	2124.99
	3902.69	0.00	14.16	2092.93
	3902.70	0.00	14.13	2072.89
	3902.71	0.00	14.05	2046.96
	3902.72	0.00	13.85	1986.10
	3902.73	0.00	13.54	1906.25
	3902.75	0.00	13.19	1788.36
	3902.76	0.00	12.81	1686.44
	3902.77	0.00	12.56	1625.45
	3902.78	0.00	12.48	1618.46
	3902.79	0.00	12.44	1605.51
	3902.80	0.00	12.50	1621.47
	3902.81	0.00	12.54	1627.46
	3902.83	0.00	12.55	1629.46
	3902.84	0.00	12.57	1634.45
	3902.85	0.00	12.55	1624.47
	3902.86	0.00	12.57	1628.46
	3902.87	0.00	12.54	1605.40
	3902.88	0.00	12.53	1613.49
	3902.90	0.00	12.59	1633.47
	3902.91	0.00	12.56	1610.40
	3902.92	0.00	12.65	1643.34
	3902.93	0.00	12.73	1676.30
	3902.94	0.00	12.75	1683.30
	3902.96	0.00	12.77	1692.29
	3902.97	0.00	12.78	1701.29
	3902.98	0.00	12.78	1705.28
	3902.99	0.00	12.79	1708.28
	3903.00	0.00	12.83	1720.25
	3903.01	0.00	12.84	1727.27
	3903.03	0.00	12.82	1724.30
	3903.04	0.00	12.83	1727.28
	3903.05	0.00	12.83	1728.28
	3903.06	0.00	12.81	1717.28
	3903.07	0.00	12.86	1726.22
	3903.09	0.00	12.83	1729.29
	3903.10	0.00	12.84	1733.29
	3903.11	0.00	12.85	1732.28
	3903.12	0.00	12.87	1743.25
	3903.13	0.00	12.88	1746.24
	3903.14	0.00	12.90	1746.19
	3903.16	0.00	12.92	1745.14
	3903.17	0.00	12.94	1747.13
	3903.18	0.00	12.94	1746.11
	3903.19	0.00	12.94	1750.11
	3903.20	0.00	12.94	1748.11
	3903.21	0.00	12.94	1749.10
	3903.23	0.00	12.96	1759.10
	3903.24	0.00	12.90	1765.16
	3903.25	0.00	12.56	1794.62
	3903.26	0.00	11.94	1944.01
	3903.27	0.00	11.39	2124.33
	3903.29	0.00	11.26	2176.46
	3903.30	0.00	11.25	2193.48
	3903.31	0.00	11.28	2195.48
	3903.32	0.00	11.26	2202.47
	3903.33	0.00	11.33	2246.49
	3903.34	0.00	11.45	2285.48
	3903.36	0.00	11.53	2320.54
	3903.37	0.00	11.63	2333.54
	3903.38	0.00	11.69	2338.54
	3903.39	0.00	11.76	2344.52
	3903.40	0.00	11.84	2330.49
	3903.42	0.00	11.93	2316.45
	3903.43	0.00	12.01	2293.42
	3903.44	0.00	12.12	2257.38
	3903.45	0.00	12.24	2239.23
	3903.46	0.00	12.32	2218.20
	3903.47	0.00	12.51	2169.17
	3903.49	0.00	12.64	2133.12
	3903.50	0.00	12.80	2094.06
	3903.51	0.00	12.83	2068.06
	3903.52	0.00	12.86	2061.02
	3903.53	0.00	12.90	2058.95
	3903.55	0.00	12.97	2048.85
	3903.56	0.00	13.04	2040.73
	3903.57	0.00	13.10	2044.62
	3903.58	0.00	13.14	2027.51
	3903.59	0.00	13.18	2030.47
	3903.60	0.00	13.21	2021.44
	3903.62	0.00	13.21	2017.43
	3903.63	0.00	13.23	1992.43
	3903.64	0.00	13.28	2000.36
	3903.65	0.00	13.30	1997.33
	3903.66	0.00	13.31	1998.34
	3903.68	0.00	13.45	2019.32
	3903.69	0.00	13.61	2049.32
	3903.70	0.00	13.69	2071.34
	3903.71	0.00	13.78	2085.29
	3903.72	0.00	13.88	2105.26
	3903.73	0.00	14.00	2137.27
	3903.75	0.00	14.11	2162.26
	3903.76	0.00	14.21	2183.23
	3903.77	0.00	14.29	2199.20
	3903.78	0.00	14.35	2209.17
	3903.79	0.00	14.38	2218.15
	3903.80	0.00	14.41	2211.08
	3903.82	0.00	14.39	2202.05
	3903.83	0.00	14.33	2182.03
	3903.84	0.00	14.36	2163.86
	3903.85	0.00	14.42	2136.55
	3903.86	0.00	14.35	2065.23
	3903.88	0.00	14.29	2024.18
	3903.89	0.00	13.99	1969.52
	3903.90	0.00	13.67	1913.85
	3903.91	0.00	13.30	1828.05
	3903.92	0.00	12.92	1743.22
	3903.93	0.00	12.80	1702.28
	3903.95	0.00	12.67	1662.36
	3903.96	0.00	12.68	1671.33
	3903.97	0.00	12.72	1662.18
	3903.98	0.00	12.71	1676.30
	3903.99	0.00	12.71	1674.31
	3904.00	0.00	12.65	1643.37
	3904.02	0.00	12.65	1644.36
	3904.03	0.00	12.67	1644.35
	3904.04	0.00	12.68	1649.34
	3904.05	0.00	12.69	1650.34
	3904.06	0.00	12.70	1654.36
	3904.07	0.00	12.72	1661.34
	3904.09	0.00	12.73	1663.33
	3904.10	0.00	12.81	1694.27
	3904.11	0.00	12.82	1703.28
	3904.12	0.00	12.84	1708.25
	3904.13	0.00	12.84	1709.25
	3904.15	0.00	12.85	1710.25
	3904.16	0.00	12.86	1711.23
	3904.17	0.00	12.87	1717.24
	3904.18	0.00	12.87	1715.23
	3904.19	0.00	12.87	1714.23
	3904.20	0.00	12.87	1717.23
	3904.22	0.00	12.84	1720.30
	3904.23	0.00	12.85	1721.30
	3904.24	0.00	12.86	1725.30
	3904.25	0.00	12.87	1724.28
	3904.26	0.00	12.85	1721.29
	3904.27	0.00	12.88	1735.29
	3904.29	0.00	12.89	1734.29
	3904.30	0.00	12.91	1738.24
	3904.31	0.00	12.90	1735.26
	3904.32	0.00	12.92	1739.26
	3904.33	0.00	12.90	1739.27
	3904.35	0.00	12.90	1740.27
	3904.36	0.00	12.91	1744.27
	3904.37	0.00	12.94	1755.23
	3904.38	0.00	12.98	1757.13
	3904.39	0.00	12.99	1765.15
	3904.40	0.00	12.99	1768.17
	3904.42	0.00	12.98	1768.17
	3904.43	0.00	12.99	1769.17
	3904.44	0.00	12.86	1780.37
	3904.45	0.00	12.40	1860.80
	3904.46	0.00	11.71	2041.20
	3904.47	0.00	11.19	2204.53
	3904.49	0.00	11.07	2252.62
	3904.50	0.00	11.11	2264.60
	3904.51	0.00	11.18	2255.57
	3904.52	0.00	11.27	2263.55
	3904.53	0.00	11.47	2274.48
	3904.55	0.00	11.65	2295.45
	3904.56	0.00	11.83	2303.43
	3904.57	0.00	11.96	2319.42
	3904.58	0.00	12.12	2322.36
	3904.59	0.00	12.23	2310.33
	3904.61	0.00	12.34	2298.30
	3904.62	0.00	12.49	2278.26
	3904.63	0.00	12.70	2233.24
	3904.64	0.00	12.88	2190.20
	3904.65	0.00	13.00	2170.13
	3904.66	0.00	13.07	2153.06
	3904.68	0.00	13.12	2133.99
	3904.69	0.00	13.20	2112.80
	3904.70	0.00	13.26	2097.67
	3904.71	0.00	13.36	2064.53
	3904.72	0.00	13.35	2045.48
	3904.73	0.00	13.37	2032.43
	3904.75	0.00	13.36	2017.39
	3904.76	0.00	13.35	2003.38
	3904.77	0.00	13.33	1986.35
	3904.78	0.00	13.44	1999.32
	3904.79	0.00	13.56	2018.31
	3904.80	0.00	13.58	2009.27
	3904.82	0.00	13.63	2014.24
	3904.83	0.00	13.64	2006.22
	3904.84	0.00	13.67	2006.20
	3904.85	0.00	13.67	2002.19
	3904.86	0.00	13.69	2000.20
	3904.88	0.00	13.71	2004.19
	3904.89	0.00	13.74	2007.19
	3904.90	0.00	13.76	2009.18
	3904.91	0.00	13.77	2013.16
	3904.92	0.00	13.81	2022.15
	3904.93	0.00	13.84	2028.16
	3904.95	0.00	13.85	2031.17
	3904.96	0.00	13.85	2032.17
	3904.97	0.00	13.85	2040.21
	3904.98	0.00	13.85	2038.20
	3904.99	0.00	13.87	2049.20
	3905.00	0.00	13.89	2049.18
	3905.02	0.00	13.92	2055.13
	3905.03	0.00	13.95	2060.09
	3905.04	0.00	14.03	2062.94
	3905.05	0.00	14.04	2060.88
	3905.06	0.00	14.01	2043.85
	3905.07	0.00	14.01	2027.77
	3905.09	0.00	13.82	1978.78
	3905.10	0.00	13.67	1942.90
	3905.11	0.00	13.46	1894.05
	3905.12	0.00	13.23	1833.15
	3905.13	0.00	12.98	1780.27
	3905.14	0.00	12.92	1741.16
	3905.16	0.00	12.79	1725.33
	3905.17	0.00	12.70	1706.39
	3905.18	0.00	12.76	1708.22
	3905.19	0.00	12.84	1709.05
	3905.20	0.00	12.85	1711.05
	3905.22	0.00	12.87	1716.03
	3905.23	0.00	12.88	1717.05
	3905.24	0.00	12.87	1714.05
	3905.25	0.00	12.88	1715.05
	3905.26	0.00	12.87	1706.05
	3905.27	0.00	12.88	1709.05
	3905.29	0.00	12.87	1707.05
	3905.30	0.00	12.88	1706.04
	3905.31	0.00	12.76	1688.21
	3905.32	0.00	12.73	1691.28
	3905.33	0.00	12.74	1688.30
	3905.34	0.00	12.75	1690.32
	3905.36	0.00	12.76	1692.30
	3905.37	0.00	12.76	1695.32
	3905.38	0.00	12.74	1675.25
	3905.39	0.00	12.77	1690.26
	3905.40	0.00	12.79	1697.26
	3905.42	0.00	12.78	1702.27
	3905.43	0.00	12.79	1706.27
	3905.44	0.00	12.79	1705.26
	3905.45	0.00	12.83	1708.18
	3905.46	0.00	12.85	1720.22
	3905.47	0.00	12.83	1719.23
	3905.49	0.00	12.83	1719.23
	3905.50	0.00	12.85	1720.21
	3905.51	0.00	12.84	1721.23
	3905.52	0.00	12.84	1722.23
	3905.53	0.00	12.84	1721.23
	3905.55	0.00	12.87	1716.15
	3905.56	0.00	12.82	1719.27
	3905.57	0.00	12.82	1720.27
	3905.58	0.00	12.83	1721.27
	3905.59	0.00	12.83	1723.28
	3905.60	0.00	12.85	1722.25
	3905.62	0.00	12.88	1722.16
	3905.63	0.00	12.89	1724.15
	3905.64	0.00	12.90	1732.16
	3905.65	0.00	12.92	1735.14
	3905.66	0.00	12.87	1756.25
	3905.67	0.00	12.73	1776.45
	3905.69	0.00	12.30	1878.82
	3905.70	0.00	11.95	1978.03
	3905.71	0.00	11.71	2063.18
	3905.72	0.00	11.56	2120.24
	3905.73	0.00	11.53	2141.27
	3905.75	0.00	11.60	2165.29
	3905.76	0.00	11.68	2166.27
	3905.77	0.00	11.76	2180.26
	3905.78	0.00	11.85	2214.28
	3905.79	0.00	11.90	2260.28
	3905.80	0.00	11.93	2275.36
	3905.82	0.00	12.00	2287.36
	3905.83	0.00	12.05	2286.36
	3905.84	0.00	12.12	2280.35
	3905.85	0.00	12.20	2281.29
	3905.86	0.00	12.29	2260.29
	3905.88	0.00	12.36	2246.27
	3905.89	0.00	12.43	2232.23
	3905.90	0.00	12.53	2220.11
	3905.91	0.00	12.64	2196.07
	3905.92	0.00	12.79	2153.04
	3905.94	0.00	12.87	2132.00
	3905.95	0.00	12.99	2102.95
	3905.96	0.00	12.98	2086.00
	3905.97	0.00	12.99	2073.96
	3905.98	0.00	13.03	2073.88
	3905.99	0.00	13.07	2072.82
	3906.01	0.00	13.09	2068.73
	3906.02	0.00	13.11	2065.68
	3906.03	0.00	13.15	2070.63
	3906.04	0.00	13.17	2074.59
	3906.05	0.00	13.19	2073.55
	3906.06	0.00	13.25	2077.48
	3906.08	0.00	13.27	2083.50
	3906.09	0.00	13.28	2078.46
	3906.10	0.00	13.29	2083.46
	3906.11	0.00	13.31	2090.46
	3906.12	0.00	13.31	2093.48
	3906.14	0.00	13.35	2099.46
	3906.15	0.00	13.38	2101.43
	3906.16	0.00	13.42	2109.41
	3906.17	0.00	13.42	2108.43
	3906.18	0.00	13.48	2092.35
	3906.19	0.00	13.51	2096.33
	3906.21	0.00	13.52	2094.30
	3906.22	0.00	13.54	2092.25
	3906.23	0.00	13.57	2098.22
	3906.24	0.00	13.68	2116.19
	3906.25	0.00	13.69	2111.17
	3906.27	0.00	13.72	2113.12
	3906.28	0.00	13.74	2107.08
	3906.29	0.00	13.87	2123.03
	3906.30	0.00	13.88	2116.00
	3906.31	0.00	13.92	2109.92
	3906.32	0.00	13.93	2099.89
	3906.33	0.00	13.93	2097.92
	3906.35	0.00	13.96	2099.92
	3906.36	0.00	13.96	2098.93
	3906.37	0.00	13.97	2103.96
	3906.38	0.00	13.96	2097.00
	3906.39	0.00	13.93	2078.99
	3906.41	0.00	13.88	2064.01
	3906.42	0.00	13.76	2024.95
	3906.43	0.00	13.69	1992.95
	3906.44	0.00	13.64	1967.94
	3906.45	0.00	13.43	1908.99
	3906.46	0.00	13.30	1861.06
	3906.48	0.00	13.12	1807.19
	3906.49	0.00	12.96	1778.31
	3906.50	0.00	12.80	1727.42
	3906.51	0.00	12.70	1696.47
	3906.52	0.00	12.72	1691.40
	3906.53	0.00	12.80	1733.34
	3906.55	0.00	12.80	1731.33
	3906.56	0.00	12.78	1721.34
	3906.57	0.00	12.76	1717.37
	3906.58	0.00	12.78	1719.35
	3906.59	0.00	12.77	1711.35
	3906.61	0.00	12.76	1705.36
	3906.62	0.00	12.72	1686.39
	3906.63	0.00	12.67	1664.42
	3906.64	0.00	12.68	1666.42
	3906.65	0.00	12.67	1669.42
	3906.66	0.00	12.67	1669.43
	3906.68	0.00	12.69	1672.42
	3906.69	0.00	12.74	1664.26
	3906.70	0.00	12.83	1670.10
	3906.71	0.00	12.82	1670.12
	3906.72	0.00	12.82	1668.11
	3906.74	0.00	12.83	1672.10
	3906.75	0.00	12.83	1672.11
	3906.76	0.00	12.82	1674.14
	3906.77	0.00	12.83	1676.13
	3906.78	0.00	12.83	1673.13
	3906.79	0.00	12.82	1673.14
	3906.81	0.00	12.82	1674.15
	3906.82	0.00	12.82	1675.14
	3906.83	0.00	12.82	1672.14
	3906.84	0.00	12.83	1674.13
	3906.85	0.00	12.81	1674.15
	3906.86	0.00	12.81	1671.13
	3906.88	0.00	12.79	1657.13
	3906.89	0.00	12.75	1659.22
	3906.90	0.00	12.75	1652.18
	3906.91	0.00	12.77	1657.16
	3906.92	0.00	12.75	1661.23
	3906.93	0.00	12.74	1666.27
	3906.95	0.00	12.77	1664.29
	3906.96	0.00	12.78	1669.30
	3906.97	0.00	12.78	1674.31
	3906.98	0.00	12.73	1648.27
	3907.00	0.00	12.76	1664.27
	3907.01	0.00	12.76	1670.32
	3907.02	0.00	12.82	1733.34
	3907.03	0.00	12.68	1768.57
	3907.04	0.00	12.34	1862.81
	3907.05	0.00	12.11	1938.96
	3907.06	0.00	12.02	1986.00
	3907.08	0.00	11.98	2020.04
	3907.09	0.00	11.94	2041.08
	3907.10	0.00	11.93	2047.11
	3907.11	0.00	11.90	2054.13
	3907.12	0.00	11.86	2064.16
	3907.14	0.00	11.80	2085.23
	3907.15	0.00	11.79	2121.27
	3907.16	0.00	11.82	2153.29
	3907.17	0.00	11.85	2179.32
	3907.18	0.00	11.85	2189.25
	3907.19	0.00	11.86	2194.25
	3907.21	0.00	11.91	2205.26
	3907.22	0.00	11.97	2212.25
	3907.23	0.00	12.03	2219.25
	3907.24	0.00	12.07	2214.23
	3907.25	0.00	12.11	2204.22
	3907.27	0.00	12.15	2192.20
	3907.28	0.00	12.19	2176.22
	3907.29	0.00	12.27	2166.16
	3907.30	0.00	12.35	2139.14
	3907.31	0.00	12.43	2122.13
	3907.32	0.00	12.45	2117.11
	3907.34	0.00	12.46	2113.12
	3907.35	0.00	12.49	2106.13
	3907.36	0.00	12.60	2076.11
	3907.37	0.00	12.68	2057.11
	3907.38	0.00	12.70	2080.09
	3907.40	0.00	12.73	2083.06
	3907.41	0.00	12.75	2082.08
	3907.42	0.00	12.79	2086.08
	3907.43	0.00	12.82	2089.08
	3907.44	0.00	12.92	2092.07
	3907.46	0.00	13.02	2096.97
	3907.47	0.00	13.05	2098.96
	3907.48	0.00	13.09	2111.95
	3907.49	0.00	13.13	2118.93
	3907.50	0.00	13.19	2112.88
	3907.51	0.00	13.24	2111.84
	3907.53	0.00	13.29	2112.78
	3907.54	0.00	13.37	2109.66
	3907.55	0.00	13.42	2110.61
	3907.56	0.00	13.49	2108.47
	3907.57	0.00	13.65	2139.41
	3907.59	0.00	13.69	2140.36
	3907.60	0.00	13.70	2135.33
	3907.61	0.00	13.74	2132.24
	3907.62	0.00	13.77	2125.20
	3907.63	0.00	13.78	2122.17
	3907.64	0.00	13.80	2121.13
	3907.66	0.00	13.80	2103.08
	3907.67	0.00	13.79	2082.02
	3907.68	0.00	13.73	2060.05
	3907.69	0.00	13.57	2009.01
	3907.70	0.00	13.43	1920.07
	3907.71	0.00	13.38	1883.02
	3907.73	0.00	13.26	1838.05
	3907.74	0.00	13.09	1792.16
	3907.75	0.00	12.92	1753.28
	3907.76	0.00	12.81	1725.35
	3907.77	0.00	12.72	1702.40
	3907.78	0.00	12.69	1698.43
	3907.80	0.00	12.78	1739.34
	3907.81	0.00	12.78	1732.33
	3907.82	0.00	12.77	1722.29
	3907.83	0.00	12.77	1725.30
	3907.84	0.00	12.79	1725.28
	3907.86	0.00	12.75	1712.31
	3907.87	0.00	12.76	1718.31
	3907.88	0.00	12.77	1718.31
	3907.89	0.00	12.78	1719.30
	3907.90	0.00	12.76	1712.32
	3907.91	0.00	12.77	1713.31
	3907.93	0.00	12.77	1713.31
	3907.94	0.00	12.70	1681.36
	3907.95	0.00	12.70	1677.33
	3907.96	0.00	12.71	1679.31
	3907.97	0.00	12.71	1678.31
	3907.99	0.00	12.77	1702.27
	3908.00	0.00	12.84	1720.20
	3908.01	0.00	12.84	1731.23
	3908.02	0.00	12.85	1736.22
	3908.03	0.00	12.86	1738.22
	3908.04	0.00	12.88	1749.22
	3908.06	0.00	12.90	1755.22
	3908.07	0.00	12.90	1759.22
	3908.08	0.00	12.90	1756.21
	3908.09	0.00	12.89	1754.22
	3908.10	0.00	12.90	1754.21
	3908.11	0.00	12.88	1740.21
	3908.13	0.00	12.84	1721.23
	3908.14	0.00	12.83	1717.23
	3908.15	0.00	12.83	1715.22
	3908.16	0.00	12.85	1720.22
	3908.17	0.00	12.86	1721.21
	3908.19	0.00	12.86	1722.21
	3908.20	0.00	12.87	1724.20
	3908.21	0.00	12.86	1722.20
	3908.22	0.00	12.80	1718.28
	3908.23	0.00	12.75	1741.38
	3908.25	0.00	12.53	1791.58
	3908.26	0.00	12.28	1843.77
	3908.27	0.00	12.09	1907.90
	3908.28	0.00	11.99	1978.96
	3908.29	0.00	11.88	2020.03
	3908.30	0.00	11.79	2042.13
	3908.32	0.00	11.76	2068.16
	3908.33	0.00	11.73	2112.20
	3908.34	0.00	11.71	2121.23
	3908.35	0.00	11.68	2131.25
	3908.36	0.00	11.63	2145.29
	3908.37	0.00	11.61	2162.31
	3908.39	0.00	11.64	2190.34
	3908.40	0.00	11.67	2202.30
	3908.41	0.00	11.71	2217.29
	3908.42	0.00	11.75	2233.26
	3908.43	0.00	11.77	2246.26
	3908.45	0.00	11.77	2248.35
	3908.46	0.00	11.79	2251.36
	3908.47	0.00	11.84	2246.29
	3908.48	0.00	11.87	2240.33
	3908.49	0.00	11.91	2227.27
	3908.50	0.00	11.96	2231.27
	3908.52	0.00	12.00	2213.26
	3908.53	0.00	12.07	2205.19
	3908.54	0.00	12.12	2201.20
	3908.55	0.00	12.16	2192.18
	3908.56	0.00	12.20	2176.17
	3908.58	0.00	12.23	2169.17
	3908.59	0.00	12.26	2159.16
	3908.60	0.00	12.29	2156.16
	3908.61	0.00	12.34	2154.15
	3908.62	0.00	12.36	2151.14
	3908.63	0.00	12.40	2150.10
	3908.65	0.00	12.45	2149.08
	3908.66	0.00	12.49	2143.07
	3908.67	0.00	12.48	2143.06
	3908.68	0.00	12.53	2148.05
	3908.69	0.00	12.58	2144.04
	3908.71	0.00	12.75	2106.02
	3908.72	0.00	12.88	2088.00
	3908.73	0.00	12.97	2079.99
	3908.74	0.00	13.09	2079.93
	3908.75	0.00	13.14	2081.86
	3908.76	0.00	13.23	2091.74
	3908.78	0.00	13.33	2120.56
	3908.79	0.00	13.44	2132.41
	3908.80	0.00	13.51	2111.36
	3908.81	0.00	13.53	2106.32
	3908.82	0.00	13.56	2103.26
	3908.84	0.00	13.68	2115.20
	3908.85	0.00	13.81	2124.10
	3908.86	0.00	13.92	2131.93
	3908.87	0.00	13.96	2098.77
	3908.88	0.00	13.97	2086.69
	3908.89	0.00	13.98	2068.65
	3908.91	0.00	13.98	2049.59
	3908.92	0.00	13.90	2001.41
	3908.93	0.00	13.81	1956.31
	3908.94	0.00	13.83	1929.18
	3908.95	0.00	13.64	1868.40
	3908.96	0.00	13.38	1797.67
	3908.98	0.00	13.10	1753.98
	3908.99	0.00	12.87	1723.28
	3909.00	0.00	12.74	1700.37
	3909.01	0.00	12.82	1690.14
	3909.02	0.00	12.81	1682.10
	3909.04	0.00	12.78	1676.12
	3909.05	0.00	12.78	1678.13
	3909.06	0.00	12.81	1682.11
	3909.07	0.00	12.81	1680.09
	3909.08	0.00	12.80	1679.10
	3909.09	0.00	12.80	1679.10
	3909.11	0.00	12.79	1676.11
	3909.12	0.00	12.80	1680.10
	3909.13	0.00	12.81	1679.10
	3909.14	0.00	12.82	1682.09
	3909.15	0.00	12.82	1682.10
	3909.17	0.00	12.83	1686.10
	3909.18	0.00	12.83	1687.10
	3909.19	0.00	12.86	1681.01
	3909.20	0.00	12.77	1669.14
	3909.21	0.00	12.75	1676.21
	3909.22	0.00	12.75	1679.24
	3909.24	0.00	12.76	1679.27
	3909.25	0.00	12.78	1679.27
	3909.26	0.00	12.77	1681.28
	3909.27	0.00	12.78	1685.28
	3909.28	0.00	12.79	1693.30
	3909.29	0.00	12.75	1670.26
	3909.31	0.00	12.75	1675.28
	3909.32	0.00	12.77	1682.29
	3909.33	0.00	12.85	1715.22
	3909.34	0.00	12.89	1734.20
	3909.35	0.00	12.90	1737.20
	3909.36	0.00	12.90	1746.20
	3909.38	0.00	12.91	1753.20
	3909.39	0.00	12.94	1761.16
	3909.40	0.00	12.96	1772.17
	3909.41	0.00	12.96	1775.18
	3909.42	0.00	12.99	1777.12
	3909.44	0.00	12.93	1778.23
	3909.45	0.00	12.90	1792.30
	3909.46	0.00	12.70	1837.43
	3909.47	0.00	12.19	1930.84
	3909.48	0.00	11.84	2043.03
	3909.50	0.00	11.63	2120.16
	3909.51	0.00	11.56	2172.22
	3909.52	0.00	11.56	2197.16
	3909.53	0.00	11.64	2229.15
	3909.54	0.00	11.64	2236.17
	3909.55	0.00	11.65	2240.16
	3909.57	0.00	11.63	2244.19
	3909.58	0.00	11.63	2251.20
	3909.59	0.00	11.66	2263.22
	3909.60	0.00	11.70	2284.22
	3909.61	0.00	11.76	2288.24
	3909.62	0.00	11.81	2274.24
	3909.64	0.00	11.88	2271.22
	3909.65	0.00	11.95	2258.21
	3909.66	0.00	12.06	2258.17
	3909.67	0.00	12.14	2246.20
	3909.68	0.00	12.22	2226.18
	3909.70	0.00	12.31	2213.16
	3909.71	0.00	12.44	2180.10
	3909.72	0.00	12.49	2155.08
	3909.73	0.00	12.57	2152.06
	3909.74	0.00	12.62	2155.03
	3909.76	0.00	12.70	2137.01
	3909.77	0.00	12.84	2109.96
	3909.78	0.00	12.97	2087.80
	3909.79	0.00	13.06	2090.75
	3909.80	0.00	13.11	2086.71
	3909.81	0.00	13.21	2068.68
	3909.83	0.00	13.21	2066.63
	3909.84	0.00	13.26	2086.60
	3909.85	0.00	13.22	2078.65
	3909.86	0.00	13.25	2085.64
	3909.87	0.00	13.24	2112.61
	3909.88	0.00	13.27	2118.56
	3909.90	0.00	13.31	2117.47
	3909.91	0.00	13.38	2110.32
	3909.92	0.00	13.43	2088.29
	3909.93	0.00	13.58	2112.23
	3909.94	0.00	13.61	2120.22
	3909.96	0.00	13.64	2128.20
	3909.97	0.00	13.68	2132.14
	3909.98	0.00	13.75	2144.07
	3909.99	0.00	13.77	2142.02
	3910.00	0.00	13.88	2161.01
	3910.01	0.00	13.92	2156.94
	3910.03	0.00	13.97	2148.83
	3910.04	0.00	14.05	2147.67
	3910.05	0.00	14.05	2134.62
	3910.06	0.00	14.09	2126.57
	3910.07	0.00	14.12	2129.54
	3910.08	0.00	14.13	2123.53
	3910.10	0.00	14.13	2099.46
	3910.11	0.00	14.17	2081.29
	3910.12	0.00	14.05	2034.22
	3910.13	0.00	13.91	1984.20
	3910.14	0.00	13.94	1958.06
	3910.16	0.00	13.80	1914.18
	3910.17	0.00	13.54	1873.54
	3910.18	0.00	13.24	1825.90
	3910.19	0.00	13.01	1791.17
	3910.20	0.00	12.80	1723.32
	3910.21	0.00	12.73	1705.37
	3910.23	0.00	12.79	1742.33
	3910.24	0.00	12.80	1737.27
	3910.25	0.00	12.79	1734.28
	3910.26	0.00	12.77	1721.29
	3910.27	0.00	12.70	1682.34
	3910.29	0.00	12.71	1685.34
	3910.30	0.00	12.71	1682.32
	3910.31	0.00	12.71	1684.33
	3910.32	0.00	12.70	1681.33
	3910.33	0.00	12.70	1685.33
	3910.34	0.00	12.68	1673.32
	3910.36	0.00	12.69	1676.32
	3910.37	0.00	12.69	1677.32
	3910.38	0.00	12.70	1676.31
	3910.39	0.00	12.70	1678.31
	3910.40	0.00	12.71	1679.31
	3910.41	0.00	12.72	1679.31
	3910.43	0.00	12.73	1685.31
	3910.44	0.00	12.72	1682.30
	3910.45	0.00	12.75	1690.30
	3910.46	0.00	12.74	1694.32
	3910.47	0.00	12.77	1703.30
	3910.49	0.00	12.83	1726.27
	3910.50	0.00	12.90	1759.22
	3910.51	0.00	12.93	1763.18
	3910.52	0.00	12.92	1764.21
	3910.53	0.00	12.92	1763.20
	3910.54	0.00	12.90	1763.24
	3910.56	0.00	12.89	1760.26
	3910.57	0.00	12.89	1761.27
	3910.58	0.00	12.88	1759.28
	3910.59	0.00	12.89	1759.27
	3910.60	0.00	12.88	1760.28
	3910.62	0.00	12.90	1763.27
	3910.63	0.00	12.91	1761.24
	3910.64	0.00	12.92	1766.24
	3910.65	0.00	12.91	1765.25
	3910.66	0.00	12.92	1767.25
	3910.67	0.00	12.87	1774.33
	3910.69	0.00	12.79	1787.43
	3910.70	0.00	12.54	1842.60
	3910.71	0.00	12.15	1953.82
	3910.72	0.00	11.93	2034.95
	3910.73	0.00	11.77	2085.03
	3910.75	0.00	11.68	2121.09
	3910.76	0.00	11.54	2130.18
	3910.77	0.00	11.62	2174.22
	3910.78	0.00	11.64	2192.22
	3910.79	0.00	11.64	2206.23
	3910.80	0.00	11.65	2222.23
	3910.82	0.00	11.66	2239.25
	3910.83	0.00	11.69	2255.22
	3910.84	0.00	11.73	2268.23
	3910.85	0.00	11.76	2296.24
	3910.86	0.00	11.79	2300.20
	3910.88	0.00	11.85	2316.21
	3910.89	0.00	11.90	2314.21
	3910.90	0.00	11.93	2306.21
	3910.91	0.00	11.95	2300.23
	3910.92	0.00	12.03	2296.21
	3910.93	0.00	12.08	2289.20
	3910.95	0.00	12.13	2276.19
	3910.96	0.00	12.19	2260.13
	3910.97	0.00	12.22	2255.13
	3910.98	0.00	12.26	2250.11
	3910.99	0.00	12.30	2236.10
	3911.01	0.00	12.35	2230.09
	3911.02	0.00	12.34	2222.08
	3911.03	0.00	12.36	2215.08
	3911.04	0.00	12.37	2211.07
	3911.05	0.00	12.40	2209.06
	3911.06	0.00	12.41	2207.06
	3911.08	0.00	12.43	2203.06
	3911.09	0.00	12.47	2205.04
	3911.10	0.00	12.50	2206.04
	3911.11	0.00	12.51	2211.04
	3911.12	0.00	12.52	2215.04
	3911.14	0.00	12.53	2212.07
	3911.15	0.00	12.55	2222.06
	3911.16	0.00	12.64	2191.04
	3911.17	0.00	12.79	2191.01
	3911.18	0.00	12.88	2176.96
	3911.19	0.00	12.98	2165.93
	3911.21	0.00	13.08	2136.89
	3911.22	0.00	13.15	2155.81
	3911.23	0.00	13.19	2168.71
	3911.24	0.00	13.29	2172.50
	3911.25	0.00	13.40	2174.29
	3911.27	0.00	13.44	2164.19
	3911.28	0.00	13.48	2151.10
	3911.29	0.00	13.61	2154.04
	3911.30	0.00	13.65	2120.01
	3911.31	0.00	13.66	2109.98
	3911.32	0.00	13.72	2102.85
	3911.34	0.00	13.77	2089.75
	3911.35	0.00	13.91	2106.74
	3911.36	0.00	13.96	2097.66
	3911.37	0.00	13.97	2073.61
	3911.38	0.00	13.94	2040.58
	3911.39	0.00	13.87	2033.70
	3911.41	0.00	13.81	2018.77
	3911.42	0.00	13.70	1991.86
	3911.43	0.00	13.42	1945.08
	3911.44	0.00	13.33	1913.11
	3911.45	0.00	13.10	1851.18
	3911.46	0.00	13.01	1822.21
	3911.48	0.00	12.91	1793.25
	3911.49	0.00	12.86	1782.29
	3911.50	0.00	12.86	1785.29
	3911.51	0.00	12.86	1785.29
	3911.52	0.00	12.84	1778.28
	3911.54	0.00	12.84	1777.28
	3911.55	0.00	12.84	1777.27
	3911.56	0.00	12.84	1770.24
	3911.57	0.00	12.88	1782.23
	3911.58	0.00	12.89	1789.24
	3911.60	0.00	12.91	1790.23
	3911.61	0.00	12.91	1790.23
	3911.62	0.00	12.91	1790.23
	3911.63	0.00	12.91	1788.23
	3911.64	0.00	12.93	1794.23
	3911.65	0.00	12.93	1793.23
	3911.67	0.00	12.94	1791.18
	3911.68	0.00	12.96	1798.20
	3911.69	0.00	12.97	1802.20
	3911.70	0.00	12.98	1805.20
	3911.71	0.00	12.98	1806.20
	3911.72	0.00	12.97	1807.22
	3911.74	0.00	12.99	1808.20
	3911.75	0.00	12.98	1803.20
	3911.76	0.00	12.98	1803.20
	3911.77	0.00	12.97	1795.18
	3911.78	0.00	13.00	1808.16
	3911.79	0.00	13.02	1814.14
	3911.81	0.00	13.03	1819.13
	3911.82	0.00	13.05	1828.13
	3911.83	0.00	13.07	1833.11
	3911.84	0.00	13.08	1846.13
	3911.85	0.00	13.06	1855.18
	3911.87	0.00	13.00	1849.24
	3911.88	0.00	12.95	1854.34
	3911.89	0.00	12.89	1860.43
	3911.90	0.00	12.84	1867.52
	3911.91	0.00	12.82	1870.58
	3911.92	0.00	12.77	1875.67
	3911.94	0.00	12.74	1879.70
	3911.95	0.00	12.76	1887.70
	3911.96	0.00	12.77	1889.70
	3911.97	0.00	12.80	1892.64
	3911.98	0.00	12.78	1894.70
	3912.00	0.00	12.78	1897.73
	3912.01	0.00	12.79	1904.75
	3912.02	0.00	12.84	1908.69
	3912.03	0.00	12.81	1910.77
	3912.04	0.00	12.84	1917.73
	3912.05	0.00	12.83	1910.74
	3912.07	0.00	12.82	1924.78
	3912.08	0.00	12.82	1921.76
	3912.09	0.00	12.86	1937.77
	3912.10	0.00	12.86	1942.77
	3912.11	0.00	12.89	1943.70
	3912.13	0.00	13.00	1952.48
	3912.14	0.00	12.98	1944.52
	3912.15	0.00	13.01	1951.52
	3912.16	0.00	13.01	1951.52
	3912.17	0.00	13.00	1943.53
	3912.18	0.00	13.00	1945.53
	3912.20	0.00	13.00	1945.53
	3912.21	0.00	12.90	1932.69
	3912.22	0.00	12.87	1928.74
	3912.23	0.00	12.90	1931.75
	3912.24	0.00	12.91	1933.76
	3912.25	0.00	12.91	1936.76
	3912.27	0.00	12.91	1937.76
	3912.28	0.00	12.90	1939.78
	3912.29	0.00	12.87	1931.74
	3912.30	0.00	12.87	1936.75
	3912.31	0.00	12.87	1939.77
	3912.33	0.00	12.82	1952.79
	3912.34	0.00	12.80	1958.80
	3912.35	0.00	12.81	1960.77
	3912.36	0.00	12.81	1969.79
	3912.37	0.00	12.80	1971.80
	3912.38	0.00	12.79	1977.83
	3912.40	0.00	12.78	1972.84
	3912.41	0.00	12.76	1970.85
	3912.42	0.00	12.75	1967.84
	3912.43	0.00	12.74	1973.87
	3912.44	0.00	12.73	1971.89
	3912.46	0.00	12.69	1978.90
	3912.47	0.00	12.67	1980.91
	3912.48	0.00	12.65	1983.94
	3912.49	0.00	12.66	1981.89
	3912.50	0.00	12.64	1982.90
	3912.51	0.00	12.63	1979.90
	3912.53	0.00	12.62	1978.92
	3912.54	0.00	12.59	1972.92
	3912.55	0.00	12.57	1969.92
	3912.56	0.00	12.56	1967.93
	3912.57	0.00	12.55	1965.94
	3912.59	0.00	12.54	1966.94
	3912.60	0.00	12.52	1963.95
	3912.61	0.00	12.51	1960.95
	3912.62	0.00	12.52	1965.95
	3912.63	0.00	12.51	1963.95
	3912.64	0.00	12.52	1962.93
	3912.66	0.00	12.50	1963.00
	3912.67	0.00	12.50	1959.99
	3912.68	0.00	12.50	1960.02
	3912.69	0.00	12.50	1954.03
	3912.70	0.00	12.50	1953.03
	3912.71	0.00	12.51	1948.99
	3912.73	0.00	12.52	1950.00
	3912.74	0.00	12.51	1949.01
	3912.75	0.00	12.51	1948.01
	3912.76	0.00	12.51	1948.01
	3912.77	0.00	12.51	1947.02
	3912.78	0.00	12.62	1944.72
	3912.80	0.00	12.62	1948.75
	3912.81	0.00	12.61	1943.77
	3912.82	0.00	12.60	1941.78
	3912.83	0.00	12.61	1943.78
	3912.84	0.00	12.53	1929.89
	3912.86	0.00	12.51	1932.96
	3912.87	0.00	12.52	1924.96
	3912.88	0.00	12.53	1927.98
	3912.89	0.00	12.53	1928.98
	3912.90	0.00	12.53	1907.96
	3912.91	0.00	12.54	1914.98
	3912.93	0.00	12.55	1909.97
	3912.94	0.00	12.56	1916.97
	3912.95	0.00	12.55	1916.98
	3912.96	0.00	12.56	1920.98
	3912.97	0.00	12.58	1929.95
	3912.99	0.00	12.58	1931.96
	3913.00	0.00	12.59	1932.95
	3913.01	0.00	12.58	1933.97
	3913.02	0.00	12.57	1930.95
	3913.03	0.00	12.58	1935.97
	3913.05	0.00	12.58	1934.99
	3913.06	0.00	12.58	1935.98
	3913.07	0.00	12.59	1936.97
	3913.08	0.00	12.59	1935.97
	3913.09	0.00	12.61	1929.88
	3913.10	0.00	12.60	1930.91
	3913.12	0.00	12.63	1926.91
	3913.13	0.00	12.63	1925.91
	3913.14	0.00	12.63	1924.92
	3913.15	0.00	12.62	1914.90
	3913.16	0.00	12.62	1910.90
	3913.18	0.00	12.62	1909.90
	3913.19	0.00	12.63	1907.90
	3913.20	0.00	12.65	1905.89
	3913.21	0.00	12.64	1901.89
	3913.22	0.00	12.64	1904.89
	3913.23	0.00	12.66	1905.89
	3913.25	0.00	12.67	1900.89
	3913.26	0.00	12.69	1897.88
	3913.27	0.00	12.69	1894.88
	3913.28	0.00	12.67	1894.93
	3913.29	0.00	12.66	1895.95
	3913.30	0.00	12.66	1896.95
	3913.32	0.00	12.68	1895.91
	3913.33	0.00	12.68	1896.91
	3913.34	0.00	12.69	1897.91
	3913.35	0.00	12.68	1897.92
	3913.36	0.00	12.68	1896.92
	3913.37	0.00	12.68	1896.93
	3913.39	0.00	12.68	1894.93
	3913.40	0.00	12.67	1897.94
	3913.41	0.00	12.78	1891.65
	3913.42	0.00	12.79	1899.66
	3913.43	0.00	12.78	1899.68
	3913.45	0.00	12.77	1891.69
	3913.46	0.00	12.77	1891.69
	3913.47	0.00	12.77	1893.69
	3913.48	0.00	12.76	1880.65
	3913.49	0.00	12.69	1878.81
	3913.50	0.00	12.66	1876.86
	3913.52	0.00	12.612.67	1895.92
	3913.72	0.00	12.65	1898.92
	3913.73	0.00	12.66	1897.89
	3913.74	0.00	12.66	1892.88
	3913.75	0.00	12.66	1898.88
	3913.76	0.00	12.66	1898.90
	3913.78	0.00	12.67	1897.87
	3913.79	0.00	12.67	1897.87
	3913.80	0.00	12.65	1888.87
	3913.81	0.00	12.63	1887.89
	3913.82	0.00	12.64	1887.87
	3913.83	0.00	12.64	1887.87
	3913.85	0.00	12.65	1888.87
	3913.86	0.00	12.67	1891.82
	3913.87	0.00	12.65	1888.87
	3913.88	0.00	12.64	1887.88
	3913.89	0.00	12.65	1892.87
	3913.91	0.00	12.65	1892.88
	3913.92	0.00	12.65	1892.87
	3913.93	0.00	12.65	1892.90
	3913.94	0.00	12.64	1890.91
	3913.95	0.00	12.63	1895.93
	3913.96	0.00	12.63	1891.94
	3913.98	0.00	12.62	1894.95
	3913.99	0.00	12.61	1893.97
	3914.00	0.00	12.63	1895.91
	3914.01	0.00	12.63	1896.93
	3914.02	0.00	12.63	1897.94
	3914.04	0.00	12.62	1898.94
	3914.05	0.00	12.61	1899.95
	3914.06	0.00	12.61	1900.95
	3914.07	0.00	12.71	1896.67
	3914.08	0.00	12.72	1901.69
	3914.09	0.00	12.71	1903.71
	3914.11	0.00	12.71	1898.72
	3914.12	0.00	12.70	1898.72
	3914.13	0.00	12.68	1886.73
	3914.14	0.00	12.66	1885.77
	3914.15	0.00	12.63	1885.84
	3914.16	0.00	12.61	1885.89
	3914.18	0.00	12.62	1880.93
	3914.19	0.00	12.63	1885.92
	3914.20	0.00	12.59	1864.89
	3914.21	0.00	12.61	1874.91
	3914.22	0.00	12.61	1879.93
	3914.24	0.00	12.63	1878.92
	3914.25	0.00	12.63	1880.92
	3914.26	0.00	12.62	1882.92
	3914.27	0.00	12.61	1878.89
	3914.28	0.00	12.64	1892.90
	3914.29	0.00	12.64	1894.91
	3914.31	0.00	12.65	1893.89
	3914.32	0.00	12.63	1891.92
	3914.33	0.00	12.63	1892.90
	3914.34	0.00	12.63	1896.92
	3914.35	0.00	12.63	1899.92
	3914.36	0.00	12.64	1899.93
	3914.38	0.00	12.63	1899.93
	3914.39	0.00	12.63	1901.93
	3914.40	0.00	12.64	1896.87
	3914.41	0.00	12.64	1899.88
	3914.42	0.00	12.65	1900.87
	3914.44	0.00	12.65	1898.87
	3914.45	0.00	12.65	1899.87
	3914.46	0.00	12.64	1900.87
	3914.47	0.00	12.61	1888.87
	3914.48	0.00	12.62	1890.87
	3914.50	0.00	12.61	1888.88
	3914.51	0.00	12.59	1876.87
	3914.52	0.00	12.61	1888.87
	3914.53	0.00	12.60	1885.87
	3914.54	0.00	12.61	1888.88
	3914.55	0.00	12.61	1887.87
	3914.57	0.00	12.61	1892.87
	3914.58	0.00	12.61	1893.88
	3914.59	0.00	12.60	1896.89
	3914.60	0.00	12.58	1896.94
	3914.61	0.00	12.58	1893.95
	3914.62	0.00	12.58	1896.95
	3914.64	0.00	12.58	1895.96
	3914.65	0.00	12.60	1897.91
	3914.66	0.00	12.59	1898.93
	3914.67	0.00	12.59	1897.94
	3914.68	0.00	12.59	1900.94
	3914.69	0.00	12.59	1904.96
	3914.71	0.00	12.63	1902.81
	3914.72	0.00	12.68	1902.67
	3914.73	0.00	12.67	1904.69
	3914.74	0.00	12.67	1906.71
	3914.75	0.00	12.66	1901.72
	3914.77	0.00	12.65	1903.73
	3914.78	0.00	12.65	1888.65
	3914.79	0.00	12.57	1892.86
	3914.80	0.00	12.56	1891.90
	3914.81	0.00	12.56	1888.92
	3914.82	0.00	12.56	1888.94
	3914.84	0.00	12.55	1887.94
	3914.85	0.00	12.53	1872.90
	3914.86	0.00	12.53	1877.93
	3914.87	0.00	12.53	1884.95
	3914.88	0.00	12.55	1887.95
	3914.90	0.00	12.53	1890.95
	3914.91	0.00	12.54	1888.92
	3914.92	0.00	12.54	1890.93
	3914.93	0.00	12.55	1898.93
	3914.94	0.00	12.54	1902.95
	3914.95	0.00	12.55	1902.93
	3914.97	0.00	12.53	1902.96
	3914.98	0.00	12.53	1901.94
	3914.99	0.00	12.53	1907.96
	3915.00	0.00	12.54	1910.95
	3915.01	0.00	12.54	1910.97
	3915.03	0.00	12.54	1908.97
	3915.04	0.00	12.54	1903.94
	3915.05	0.00	12.55	1902.90
	3915.06	0.00	12.56	1906.91
	3915.07	0.00	12.56	1904.91
	3915.08	0.00	12.57	1906.90
	3915.10	0.00	12.58	1906.86
	3915.11	0.00	12.55	1892.90
	3915.12	0.00	12.53	1895.90
	3915.13	0.00	12.55	1894.90
	3915.14	0.00	12.54	1893.92
	3915.16	0.00	12.55	1895.90
	3915.17	0.00	12.55	1892.90
	3915.18	0.00	12.54	1891.90
	3915.19	0.00	12.57	1897.89
	3915.20	0.00	12.55	1894.90
	3915.21	0.00	12.56	1897.89
	3915.23	0.00	12.56	1897.89
	3915.24	0.00	12.55	1895.95
	3915.25	0.00	12.53	1896.96
	3915.26	0.00	12.54	1897.97
	3915.27	0.00	12.53	1898.97
	3915.28	0.00	12.55	1897.94
	3915.30	0.00	12.54	1899.96
	3915.31	0.00	12.55	1898.96
	3915.32	0.00	12.56	1899.92
	3915.33	0.00	12.54	1899.97
	3915.34	0.00	12.61	1903.81
	3915.36	0.00	12.65	1902.69
	3915.37	0.00	12.65	1904.71
	3915.38	0.00	12.62	1888.73
	3915.39	0.00	12.63	1897.73
	3915.40	0.00	12.61	1883.69
	3915.41	0.00	12.55	1886.86
	3915.43	0.00	12.54	1887.89
	3915.44	0.00	12.54	1886.90
	3915.45	0.00	12.55	1882.92
	3915.46	0.00	12.54	1884.94
	3915.47	0.00	12.51	1865.91
	3915.49	0.00	12.53	1875.93
	3915.50	0.00	12.53	1879.94
	3915.51	0.00	12.55	1879.94
	3915.52	0.00	12.55	1877.94
	3915.53	0.00	12.56	1880.94
	3915.54	0.00	12.56	1879.91
	3915.56	0.00	12.58	1889.92
	3915.57	0.00	12.58	1889.93
	3915.58	0.00	12.59	1891.93
	3915.59	0.00	12.58	1889.94
	3915.60	0.00	12.59	1888.93
	3915.62	0.00	12.58	1880.90
	3915.63	0.00	12.59	1890.93
	3915.64	0.00	12.60	1888.93
	3915.65	0.00	12.61	1889.93
	3915.66	0.00	12.59	1890.95
	3915.67	0.00	12.62	1885.89
	3915.69	0.00	12.64	1885.88
	3915.70	0.00	12.64	1882.88
	3915.71	0.00	12.65	1884.86
	3915.72	0.00	12.64	1886.88
	3915.73	0.00	12.61	1872.87
	3915.75	0.00	12.61	1874.87
	3915.76	0.00	12.61	1875.89
	3915.77	0.00	12.62	1873.87
	3915.78	0.00	12.62	1874.87
	3915.79	0.00	12.61	1872.87
	3915.80	0.00	12.60	1865.87
	3915.81	0.00	12.63	1874.87
	3915.83	0.00	12.63	1875.86
	3915.84	0.00	12.63	1875.86
	3915.85	0.00	12.63	1874.87
	3915.86	0.00	12.63	1877.87
	3915.87	0.00	12.61	1873.91
	3915.89	0.00	12.60	1873.93
	3915.90	0.00	12.59	1874.96
	3915.91	0.00	12.60	1878.95
	3915.92	0.00	12.60	1877.95
	3915.93	0.00	12.62	1877.91
	3915.94	0.00	12.61	1879.93
	3915.96	0.00	12.62	1882.93
	3915.97	0.00	12.62	1880.93
	3915.98	0.00	12.61	1883.94
	3915.99	0.00	12.70	1876.68
	3916.00	0.00	12.72	1884.67
	3916.02	0.00	12.72	1887.69
	3916.03	0.00	12.70	1878.70
	3916.04	0.00	12.71	1879.70
	3916.05	0.00	12.70	1880.72
	3916.06	0.00	12.70	1871.65
	3916.08	0.00	12.62	1868.82
	3916.09	0.00	12.60	1869.87
	3916.10	0.00	12.62	1866.89
	3916.11	0.00	12.60	1874.91
	3916.12	0.00	12.60	1872.91
	3916.13	0.00	12.57	1860.87
	3916.15	0.00	12.56	1860.91
	3916.16	0.00	12.59	1875.91
	3916.17	0.00	12.58	1870.92
	3916.18	0.00	12.57	1875.93
	3916.19	0.00	12.57	1868.88
	3916.20	0.00	12.56	1868.89
	3916.22	0.00	12.58	1884.90
	3916.23	0.00	12.58	1889.92
	3916.24	0.00	12.57	1891.93
	3916.25	0.00	12.56	1892.93
	3916.26	0.00	12.55	1887.90
	3916.27	0.00	12.56	1897.93
	3916.29	0.00	12.57	1899.92
	3916.30	0.00	12.53	1888.94
	3916.31	0.00	12.56	1900.94
	3916.32	0.00	12.55	1900.94
	3916.33	0.00	12.56	1896.89
	3916.35	0.00	12.56	1898.90
	3916.36	0.00	12.57	1898.88
	3916.37	0.00	12.57	1897.88
	3916.38	0.00	12.54	1888.88
	3916.39	0.00	12.56	1887.84
	3916.40	0.00	12.55	1890.89
	3916.42	0.00	12.54	1889.89
	3916.43	0.00	12.55	1889.88
	3916.44	0.00	12.54	1890.89
	3916.45	0.00	12.51	1878.89
	3916.46	0.00	12.54	1891.89
	3916.48	0.00	12.54	1892.89
	3916.49	0.00	12.55	1893.87
	3916.50	0.00	12.55	1893.88
	3916.51	0.00	12.52	1892.94
	3916.52	0.00	12.52	1892.95
	3916.53	0.00	12.51	1893.98
	3916.55	0.00	12.52	1894.97
	3916.56	0.00	12.52	1893.93
	3916.57	0.00	12.52	1897.95
	3916.58	0.00	12.52	1899.97
	3916.59	0.00	12.51	1898.97
	3916.61	0.00	12.50	1903.97
	3916.62	0.00	12.55	1901.79
	3916.63	0.00	12.60	1907.70
	3916.64	0.00	12.58	1912.74
	3916.65	0.00	12.58	1907.74
	3916.66	0.00	12.57	1908.75
	3916.68	0.00	12.52	1895.79
	3916.69	0.00	12.50	1894.86
	3916.70	0.00	12.46	1892.91
	3916.71	0.00	12.48	1892.93
	3916.72	0.00	12.49	1895.94
	3916.74	0.00	12.46	1887.92
	3916.75	0.00	12.45	1887.95
	3916.76	0.00	12.46	1890.95
	3916.77	0.00	12.47	1892.96
	3916.78	0.00	12.47	1896.95
	3916.79	0.00	12.48	1899.93
	3916.81	0.00	12.48	1903.94
	3916.82	0.00	12.48	1903.94
	3916.83	0.00	12.48	1904.96
	3916.84	0.00	12.48	1909.96
	3916.85	0.00	12.48	1901.92
	3916.87	0.00	12.48	1909.96
	3916.88	0.00	12.48	1913.95
	3916.89	0.00	12.48	1913.97
	3916.90	0.00	12.48	1914.96
	3916.91	0.00	12.48	1907.93
	3916.92	0.00	12.49	1910.93
	3916.94	0.00	12.51	1916.91
	3916.95	0.00	12.50	1911.91
	3916.96	0.00	12.50	1912.91
	3916.97	0.00	12.48	1900.89
	3916.98	0.00	12.48	1902.91
	3917.00	0.00	12.47	1898.90
	3917.01	0.00	12.48	1897.90
	3917.02	0.00	12.48	1899.90
	3917.03	0.00	12.49	1898.90
	3917.04	0.00	12.48	1897.90
	3917.05	0.00	12.49	1899.90
	3917.07	0.00	12.50	1902.90
	3917.08	0.00	12.50	1900.88
	3917.09	0.00	12.49	1899.93
	3917.10	0.00	12.48	1901.96
	3917.11	0.00	12.48	1899.97
	3917.12	0.00	12.48	1900.98
	3917.14	0.00	12.48	1900.97
	3917.15	0.00	12.49	1903.94
	3917.16	0.00	12.49	1903.96
	3917.17	0.00	12.50	1904.94
	3917.18	0.00	12.49	1905.97
	3917.20	0.00	12.51	1905.91
	3917.21	0.00	12.60	1905.68
	3917.22	0.00	12.60	1907.71
	3917.23	0.00	12.61	1898.73
	3917.24	0.00	12.60	1898.73
	3917.25	0.00	12.59	1897.74
	3917.27	0.00	12.53	1886.82
	3917.28	0.00	12.50	1886.89
	3917.29	0.00	12.50	1887.90
	3917.30	0.00	12.51	1878.92
	3917.31	0.00	12.50	1883.95
	3917.33	0.00	12.52	1882.89
	3917.34	0.00	12.49	1871.92
	3917.35	0.00	12.50	1880.93
	3917.36	0.00	12.53	1879.90
	3917.37	0.00	12.50	1881.94
	3917.38	0.00	12.50	1875.90
	3917.40	0.00	12.51	1882.91
	3917.41	0.00	12.53	1893.93
	3917.42	0.00	12.52	1891.94
	3917.43	0.00	12.52	1896.94
	3917.44	0.00	12.52	1891.90
	3917.46	0.00	12.51	1894.94
	3917.47	0.00	12.52	1899.95
	3917.48	0.00	12.53	1898.94
	3917.49	0.00	12.52	1899.95
	3917.50	0.00	12.52	1897.93
	3917.51	0.00	12.55	1897.87
	3917.53	0.00	12.54	1896.89
	3917.54	0.00	12.54	1897.89
	3917.55	0.00	12.54	1898.89
	3917.56	0.00	12.51	1886.90
	3917.57	0.00	12.52	1890.88
	3917.59	0.00	12.53	1894.89
	3917.60	0.00	12.51	1888.89
	3917.61	0.00	12.52	1888.89
	3917.62	0.00	12.50	1886.89
	3917.63	0.00	12.50	1882.89
	3917.64	0.00	12.52	1888.89
	3917.66	0.00	12.53	1890.88
	3917.67	0.00	12.53	1890.89
	3917.68	0.00	12.55	1890.83
	3917.69	0.00	12.51	1889.92
	3917.70	0.00	12.50	1890.95
	3917.72	0.00	12.49	1890.98
	3917.73	0.00	12.50	1893.97
	3917.74	0.00	12.52	1892.92
	3917.75	0.00	12.51	1893.94
	3917.76	0.00	12.50	1891.96
	3917.77	0.00	12.51	1896.96
	3917.79	0.00	12.51	1896.96
	3917.80	0.00	12.60	1893.69
	3917.81	0.00	12.63	1899.66
	3917.82	0.00	12.61	1896.72
	3917.83	0.00	12.59	1894.73
	3917.85	0.00	12.59	1893.74
	3917.86	0.00	12.53	1883.81
	3917.87	0.00	12.50	1884.90
	3917.88	0.00	12.51	1877.91
	3917.89	0.00	12.50	1882.93
	3917.90	0.00	12.51	1883.93
	3917.92	0.00	12.46	1864.92
	3917.93	0.00	12.49	1878.93
	3917.94	0.00	12.50	1874.94
	3917.95	0.00	12.50	1880.94
	3917.96	0.00	12.51	1883.90
	3917.97	0.00	12.51	1887.92
	3917.99	0.00	12.52	1890.92
	3918.00	0.00	12.52	1889.93
	3918.01	0.00	12.52	1891.92
	3918.02	0.00	12.51	1895.94
	3918.03	0.00	12.50	1889.91
	3918.05	0.00	12.51	1895.94
	3918.06	0.00	12.54	1896.88
	3918.07	0.00	12.50	1902.95
	3918.08	0.00	12.49	1904.95
	3918.09	0.00	12.50	1899.91
	3918.10	0.00	12.51	1900.89
	3918.12	0.00	12.50	1902.90
	3918.13	0.00	12.51	1901.89
	3918.14	0.00	12.51	1901.89
	3918.15	0.00	12.48	1890.90
	3918.16	0.00	12.48	1893.89
	3918.18	0.00	12.49	1890.89
	3918.19	0.00	12.49	1892.89
	3918.20	0.00	12.49	1892.89
	3918.21	0.00	12.49	1892.89
	3918.22	0.00	12.48	1888.89
	3918.23	0.00	12.49	1892.89
	3918.25	0.00	12.49	1893.89
	3918.26	0.00	12.52	1893.81
	3918.27	0.00	12.47	1893.94
	3918.28	0.00	12.47	1894.95
	3918.29	0.00	12.47	1894.96
	3918.31	0.00	12.47	1897.97
	3918.32	0.00	12.45	1888.97
	3918.33	0.00	12.48	1897.93
	3918.34	0.00	12.48	1895.95
	3918.35	0.00	12.51	1896.86
	3918.36	0.00	12.48	1897.96
	3918.38	0.00	12.59	1900.67
	3918.39	0.00	12.57	1901.71
	3918.40	0.00	12.59	1895.66
	3918.41	0.00	12.56	1894.73
	3918.42	0.00	12.55	1896.74
	3918.44	0.00	12.54	1885.69
	3918.45	0.00	12.48	1887.87
	3918.46	0.00	12.46	1888.91
	3918.47	0.00	12.47	1885.93
	3918.48	0.00	12.47	1885.93
	3918.50	0.00	12.46	1876.90
	3918.51	0.00	12.42	1869.93
	3918.52	0.00	12.45	1882.94
	3918.53	0.00	12.46	1883.95
	3918.54	0.00	12.45	1887.96
	3918.55	0.00	12.47	1892.93
	3918.57	0.00	12.49	1896.93
	3918.58	0.00	12.52	1892.94
	3918.59	0.00	12.51	1893.94
	3918.60	0.00	12.53	1891.93
	3918.61	0.00	12.54	1887.91
	3918.62	0.00	12.59	1882.93
	3918.64	0.00	12.62	1878.93
	3918.65	0.00	12.64	1880.89
	3918.66	0.00	12.63	1877.89
	3918.67	0.00	12.64	1879.87
	3918.68	0.00	12.64	1878.87
	3918.70	0.00	12.64	1881.88
	3918.71	0.00	12.65	1880.86
	3918.72	0.00	12.65	1882.86
	3918.73	0.00	12.62	1870.86
	3918.74	0.00	12.61	1871.87
	3918.75	0.00	12.62	1871.86
	3918.77	0.00	12.62	1867.86
	3918.78	0.00	12.61	1871.87
	3918.79	0.00	12.60	1872.86
	3918.80	0.00	12.56	1865.87
	3918.81	0.00	12.57	1875.87
	3918.82	0.00	12.56	1883.87
	3918.84	0.00	12.57	1885.84
	3918.85	0.00	12.56	1886.87
	3918.86	0.00	12.53	1885.93
	3918.87	0.00	12.52	1884.94
	3918.88	0.00	12.51	1882.96
	3918.90	0.00	12.52	1887.95
	3918.91	0.00	12.51	1887.96
	3918.92	0.00	12.53	1887.92
	3918.93	0.00	12.52	1886.93
	3918.94	0.00	12.52	1887.94
	3918.95	0.00	12.50	1886.95
	3918.97	0.00	12.55	1887.83
	3918.98	0.00	12.61	1890.68
	3918.99	0.00	12.61	1891.69
	3919.00	0.00	12.59	1885.71
	3919.01	0.00	12.59	1885.72
	3919.03	0.00	12.55	1888.75
	3919.04	0.00	12.49	1875.80
	3919.05	0.00	12.48	1880.85
	3919.06	0.00	12.45	1879.89
	3919.07	0.00	12.47	1874.91
	3919.08	0.00	12.47	1878.93
	3919.10	0.00	12.43	1859.90
	3919.11	0.00	12.44	1872.92
	3919.12	0.00	12.46	1874.93
	3919.13	0.00	12.46	1880.94
	3919.14	0.00	12.46	1881.94
	3919.16	0.00	12.48	1887.91
	3919.17	0.00	12.48	1888.92
	3919.18	0.00	12.49	1891.93
	3919.19	0.00	12.49	1895.92
	3919.20	0.00	12.48	1894.93
	3919.21	0.00	12.48	1893.91
	3919.23	0.00	12.48	1898.94
	3919.24	0.00	12.48	1898.93
	3919.25	0.00	12.48	1896.93
	3919.26	0.00	12.47	1897.94
	3919.27	0.00	12.48	1891.89
	3919.29	0.00	12.49	1895.88
	3919.30	0.00	12.50	1897.88
	3919.31	0.00	12.50	1896.87
	3919.32	0.00	12.50	1894.86
	3919.33	0.00	12.46	1880.87
	3919.34	0.00	12.48	1881.86
	3919.36	0.00	12.51	1875.86
	3919.37	0.00	12.51	1874.87
	3919.38	0.00	12.52	1877.85
	3919.39	0.00	12.52	1876.85
	3919.40	0.00	12.51	1871.85
	3919.42	0.00	12.53	1875.85
	3919.43	0.00	12.54	1879.84
	3919.44	0.00	12.54	1876.84
	3919.45	0.00	12.55	1879.83
	3919.46	0.00	12.57	1880.78
	3919.47	0.00	12.54	1881.87
	3919.49	0.00	12.52	1881.90
	3919.50	0.00	12.51	1887.91
	3919.51	0.00	12.54	1892.86
	3919.52	0.00	12.54	1895.87
	3919.53	0.00	12.53	1896.89
	3919.55	0.00	12.53	1900.90
	3919.56	0.00	12.52	1901.91
	3919.57	0.00	12.62	1902.64
	3919.58	0.00	12.65	1910.62
	3919.59	0.00	12.65	1916.65
	3919.60	0.00	12.64	1911.67
	3919.62	0.00	12.66	1914.67
	3919.63	0.00	12.66	1902.69
	3919.64	0.00	12.63	1907.80
	3919.65	0.00	12.64	1914.83
	3919.66	0.00	12.68	1915.84
	3919.68	0.00	12.72	1919.83
	3919.69	0.00	12.84	1904.74
	3919.70	0.00	12.88	1901.68
	3919.71	0.00	12.92	1911.65
	3919.72	0.00	12.96	1914.63
	3919.73	0.00	13.01	1924.55
	3919.75	0.00	13.05	1929.46
	3919.76	0.00	13.14	1938.30
	3919.77	0.00	13.22	1952.18
	3919.78	0.00	13.24	1955.14
	3919.79	0.00	13.28	1964.12
	3919.80	0.00	13.33	1967.01
	3919.82	0.00	13.45	1983.97
	3919.83	0.00	13.46	1978.92
	3919.84	0.00	13.51	1983.85
	3919.85	0.00	13.55	1983.76
	3919.86	0.00	13.59	1981.69
	3919.88	0.00	13.64	1988.63
	3919.89	0.00	13.70	1994.57
	3919.90	0.00	13.75	1996.46
	3919.91	0.00	13.77	1995.41
	3919.92	0.00	13.79	1996.38
	3919.93	0.00	13.82	1997.31
	3919.95	0.00	13.85	2002.27
	3919.96	0.00	13.80	1986.32
	3919.97	0.00	13.84	2002.29
	3919.98	0.00	13.83	2007.32
	3919.99	0.00	13.82	2004.32
	3920.01	0.00	13.83	2009.31
	3920.02	0.00	13.85	2017.31
	3920.03	0.00	13.82	2014.38
	3920.04	0.00	13.82	2021.40
	3920.05	0.00	13.82	2026.43
	3920.06	0.00	13.80	2032.48
	3920.08	0.00	13.82	2040.47
	3920.09	0.00	13.82	2045.48
	3920.10	0.00	13.81	2052.55
	3920.11	0.00	13.82	2062.55
	3920.12	0.00	13.84	2065.50
	3920.13	0.00	13.84	2065.49
	3920.15	0.00	13.83	2069.54
	3920.16	0.00	13.85	2072.50
	3920.17	0.00	13.83	2072.53
	3920.18	0.00	13.83	2076.55
	3920.19	0.00	13.80	2076.62
	3920.20	0.00	13.82	2085.59
	3920.22	0.00	13.84	2082.56
	3920.23	0.00	13.80	2077.63
	3920.24	0.00	13.79	2080.66
	3920.25	0.00	13.75	2078.71
	3920.26	0.00	13.73	2078.77
	3920.28	0.00	13.77	2079.69
	3920.29	0.00	13.75	2081.73
	3920.30	0.00	13.75	2083.73
	3920.31	0.00	13.75	2082.75
	3920.32	0.00	13.75	2085.76
	3920.33	0.00	13.63	2050.76
	3920.35	0.00	13.61	2048.79
	3920.36	0.00	13.61	2052.81
	3920.37	0.00	13.59	2050.86
	3920.38	0.00	13.58	2054.90
	3920.39	0.00	13.59	2059.89
	3920.40	0.00	13.61	2062.88
	3920.42	0.00	13.64	2070.86
	3920.43	0.00	13.63	2070.87
	3920.44	0.00	13.63	2067.86
	3920.45	0.00	13.63	2072.88
	3920.46	0.00	13.63	2073.90
	3920.48	0.00	13.64	2084.91
	3920.49	0.00	13.64	2074.86
	3920.50	0.00	13.64	2074.87
	3920.51	0.00	13.63	2076.88
	3920.52	0.00	13.65	2078.85
	3920.53	0.00	13.63	2073.86
	3920.55	0.00	13.62	2067.87
	3920.56	0.00	13.61	2055.87
	3920.57	0.00	13.58	2044.88
	3920.58	0.00	13.57	2045.91
	3920.59	0.00	13.59	2038.84
	3920.60	0.00	13.55	2030.91
	3920.62	0.00	13.53	2025.92
	3920.63	0.00	13.51	2015.93
	3920.64	0.00	13.50	1996.92
	3920.65	0.00	13.47	1979.92
	3920.66	0.00	13.46	1970.91
	3920.67	0.00	13.43	1951.90
	3920.69	0.00	13.40	1937.89
	3920.70	0.00	13.36	1912.90
	3920.71	0.00	13.34	1899.89
	3920.72	0.00	13.32	1883.85
	3920.73	0.00	13.28	1876.93
	3920.75	0.00	13.24	1866.97
	3920.76	0.00	13.18	1858.05
	3920.77	0.00	13.14	1845.08
	3920.78	0.00	13.10	1829.11
	3920.79	0.00	13.06	1818.14
	3920.80	0.00	13.04	1807.15
	3920.82	0.00	13.00	1794.15
	3920.83	0.00	12.99	1788.14
	3920.84	0.00	12.95	1776.17
	3920.85	0.00	12.92	1766.18
	3920.86	0.00	12.90	1761.19
	3920.87	0.00	12.88	1756.20
	3920.89	0.00	12.81	1731.22
	3920.90	0.00	12.80	1729.24
	3920.91	0.00	12.81	1732.20
	3920.92	0.00	12.82	1734.19
	3920.93	0.00	12.81	1731.19
	3920.95	0.00	12.81	1732.20
	3920.96	0.00	12.81	1731.20
	3920.97	0.00	12.81	1728.20
	3920.98	0.00	12.81	1731.21
	3920.99	0.00	12.80	1727.20
	3921.00	0.00	12.77	1714.20
	3921.02	0.00	12.77	1712.20
	3921.03	0.00	12.77	1711.20
	3921.04	0.00	12.75	1707.22
	3921.05	0.00	12.76	1710.20
	3921.06	0.00	12.77	1713.21
	3921.08	0.00	12.78	1711.18
	3921.09	0.00	12.78	1715.21
	3921.10	0.00	12.79	1720.21
	3921.11	0.00	12.80	1722.21
	3921.12	0.00	12.81	1726.21
	3921.13	0.00	12.81	1728.21
	3921.15	0.00	12.82	1731.21
	3921.16	0.00	12.83	1733.19
	3921.17	0.00	12.83	1736.22
	3921.18	0.00	12.84	1737.22
	3921.19	0.00	12.83	1736.22
	3921.20	0.00	12.89	1737.11
	3921.22	0.00	12.84	1741.24
	3921.23	0.00	12.83	1736.25
	3921.24	0.00	12.83	1735.23
	3921.25	0.00	12.82	1737.28
	3921.26	0.00	12.81	1741.29
	3921.27	0.00	12.81	1741.31
	3921.29	0.00	12.80	1743.33
	3921.30	0.00	12.81	1744.32
	3921.31	0.00	12.81	1743.32
	3921.32	0.00	12.80	1741.33
	3921.33	0.00	12.81	1742.32
	3921.35	0.00	12.80	1741.33
	3921.36	0.00	12.81	1745.34
	3921.37	0.00	12.81	1746.34
	3921.38	0.00	12.81	1745.35
	3921.39	0.00	12.84	1751.30
	3921.40	0.00	12.83	1751.32
	3921.42	0.00	12.84	1752.31
	3921.43	0.00	12.84	1755.32
	3921.44	0.00	12.84	1753.31
	3921.45	0.00	12.85	1754.30
	3921.46	0.00	12.86	1753.28
	3921.48	0.00	12.81	1754.37
	3921.49	0.00	12.75	1757.46
	3921.50	0.00	12.69	1754.53
	3921.51	0.00	12.59	1760.70
	3921.52	0.00	12.55	1791.80
	3921.53	0.00	12.47	1798.89
	3921.55	0.00	12.43	1804.95
	3921.56	0.00	12.55	1817.60
	3921.57	0.00	12.49	1822.68
	3921.58	0.00	12.46	1830.72
	3921.59	0.00	12.43	1833.74
	3921.60	0.00	12.41	1841.76
	3921.62	0.00	12.38	1848.82
	3921.63	0.00	12.32	1847.85
	3921.64	0.00	12.29	1858.88
	3921.65	0.00	12.25	1867.93
	3921.66	0.00	12.23	1877.94
	3921.68	0.00	12.07	1872.23
	3921.69	0.00	12.03	1882.31
	3921.70	0.00	12.01	1891.37
	3921.71	0.00	12.03	1904.37
	3921.72	0.00	12.02	1910.39
	3921.73	0.00	12.02	1915.35
	3921.75	0.00	11.99	1903.36
	3921.76	0.00	12.00	1917.36
	3921.77	0.00	12.00	1925.38
	3921.78	0.00	12.00	1930.38
	3921.79	0.00	12.03	1939.34
	3921.81	0.00	12.05	1948.35
	3921.82	0.00	12.05	1949.37
	3921.83	0.00	12.05	1950.38
	3921.84	0.00	12.06	1953.38
	3921.85	0.00	12.07	1950.37
	3921.86	0.00	12.08	1951.37
	3921.88	0.00	12.08	1952.37
	3921.89	0.00	12.09	1952.37
	3921.90	0.00	12.09	1949.36
	3921.91	0.00	12.10	1948.32
	3921.92	0.00	12.12	1952.31
	3921.94	0.00	12.14	1954.30
	3921.95	0.00	12.14	1952.30
	3921.96	0.00	12.16	1957.29
	3921.97	0.00	12.17	1959.29
	3921.98	0.00	12.16	1950.29
	3922.00	0.00	12.18	1954.28
	3922.01	0.00	12.19	1955.28
	3922.02	0.00	12.21	1955.28
	3922.03	0.00	12.23	1961.27
	3922.04	0.00	12.24	1958.26
	3922.05	0.00	12.26	1964.26
	3922.07	0.00	12.27	1967.27
	3922.08	0.00	12.25	1962.28
	3922.09	0.00	12.25	1966.32
	3922.10	0.00	12.26	1966.32
	3922.11	0.00	12.26	1972.35
	3922.12	0.00	12.27	1975.33
	3922.14	0.00	12.29	1977.29
	3922.15	0.00	12.29	1980.31
	3922.16	0.00	12.29	1983.32
	3922.17	0.00	12.29	1985.32
	3922.18	0.00	12.34	1990.21
	3922.20	0.00	12.34	1994.21
	3922.21	0.00	12.35	1999.22
	3922.22	0.00	12.35	2002.23
	3922.23	0.00	12.34	2004.23
	3922.24	0.00	12.34	2007.24
	3922.25	0.00	12.28	2004.36
	3922.27	0.00	12.28	2004.37
	3922.28	0.00	12.30	2006.37
	3922.29	0.00	12.31	2007.32
	3922.30	0.00	12.31	2006.33
	3922.31	0.00	12.32	2011.34
	3922.33	0.00	12.33	2013.34
	3922.34	0.00	12.34	2015.34
	3922.35	0.00	12.35	2015.33
	3922.36	0.00	12.39	2018.28
	3922.37	0.00	12.38	2016.32
	3922.38	0.00	12.40	2016.30
	3922.40	0.00	12.40	2011.29
	3922.41	0.00	12.40	2010.29
	3922.42	0.00	12.42	2009.29
	3922.43	0.00	12.44	2015.30
	3922.44	0.00	12.46	2019.29
	3922.46	0.00	12.47	2017.28
	3922.47	0.00	12.49	2017.24
	3922.48	0.00	12.50	2017.23
	3922.49	0.00	12.52	2019.21
	3922.50	0.00	12.52	2019.20
	3922.51	0.00	12.53	2018.20
	3922.53	0.00	12.53	2019.21
	3922.54	0.00	12.53	2013.20
	3922.55	0.00	12.54	2014.20
	3922.56	0.00	12.54	2016.20
	3922.57	0.00	12.55	2016.20
	3922.59	0.00	12.57	2018.19
	3922.60	0.00	12.58	2017.18
	3922.61	0.00	12.59	2015.17
	3922.62	0.00	12.60	2015.19
	3922.63	0.00	12.61	2014.17
	3922.65	0.00	12.61	2011.16
	3922.66	0.00	12.59	2010.22
	3922.67	0.00	12.60	2009.23
	3922.68	0.00	12.60	2005.22
	3922.69	0.00	12.61	2005.22
	3922.70	0.00	12.61	2005.22
	3922.72	0.00	12.63	2005.18
	3922.73	0.00	12.63	2006.20
	3922.74	0.00	12.63	2000.20
	3922.75	0.00	12.63	2004.20
	3922.76	0.00	12.63	1999.20
	3922.78	0.00	12.63	2001.21
	3922.79	0.00	12.72	2003.00
	3922.80	0.00	12.73	2002.99
	3922.81	0.00	12.73	2004.00
	3922.82	0.00	12.73	1999.01
	3922.83	0.00	12.72	1999.01
	3922.85	0.00	12.66	1988.11
	3922.86	0.00	12.63	1988.18
	3922.87	0.00	12.62	1987.20
	3922.88	0.00	12.61	1977.20
	3922.89	0.00	12.65	1985.19
	3922.90	0.00	12.64	1986.20
	3922.92	0.00	12.62	1972.16
	3922.93	0.00	12.64	1980.17
	3922.94	0.00	12.65	1981.17
	3922.95	0.00	12.63	1981.17
	3922.96	0.00	12.63	1985.17
	3922.97	0.00	12.65	1987.14
	3922.99	0.00	12.66	1989.13
	3923.00	0.00	12.66	1991.14
	3923.01	0.00	12.66	1995.15
	3923.02	0.00	12.64	1991.18
	3923.03	0.00	12.64	1993.17
	3923.05	0.00	12.63	1987.16
	3923.06	0.00	12.62	1990.18
	3923.07	0.00	12.63	1987.18
	3923.08	0.00	12.63	1992.19
	3923.09	0.00	12.62	1992.19
	3923.10	0.00	12.62	1992.19
	3923.12	0.00	12.63	1989.12
	3923.13	0.00	12.64	1991.13
	3923.14	0.00	12.63	1988.13
	3923.15	0.00	12.63	1991.12
	3923.16	0.00	12.62	1989.13
	3923.18	0.00	12.58	1979.13
	3923.19	0.00	12.58	1977.14
	3923.20	0.00	12.58	1977.14
	3923.21	0.00	12.57	1978.14
	3923.22	0.00	12.56	1976.15
	3923.23	0.00	12.56	1981.15
	3923.25	0.00	12.56	1984.15
	3923.26	0.00	12.55	1983.16
	3923.27	0.00	12.54	1982.17
	3923.28	0.00	12.53	1987.20
	3923.29	0.00	12.50	1982.24
	3923.31	0.00	12.49	1984.25
	3923.32	0.00	12.49	1986.24
	3923.33	0.00	12.50	1987.22
	3923.34	0.00	12.48	1986.25
	3923.35	0.00	12.49	1991.26
	3923.36	0.00	12.48	1990.26
	3923.38	0.00	12.47	1994.27
	3923.39	0.00	12.47	1995.28
	3923.40	0.00	12.56	1997.02
	3923.41	0.00	12.55	1999.06
	3923.42	0.00	12.54	1994.06
	3923.44	0.00	12.54	1992.07
	3923.45	0.00	12.47	1984.17
	3923.46	0.00	12.42	1982.29
	3923.47	0.00	12.43	1984.28
	3923.48	0.00	12.43	1986.29
	3923.50	0.00	12.44	1982.30
	3923.51	0.00	12.45	1986.30
	3923.52	0.00	12.44	1975.25
	3923.53	0.00	12.44	1979.27
	3923.54	0.00	12.45	1982.27
	3923.55	0.00	12.44	1986.27
	3923.57	0.00	12.44	1988.29
	3923.58	0.00	12.47	1997.24
	3923.59	0.00	12.47	1999.25
	3923.60	0.00	12.47	1997.25
	3923.61	0.00	12.46	1998.28
	3923.62	0.00	12.46	1999.27
	3923.64	0.00	12.46	1997.27
	3923.65	0.00	12.45	1998.28
	3923.66	0.00	12.45	1999.29
	3923.67	0.00	12.46	2001.28
	3923.68	0.00	12.46	2001.29
	3923.70	0.00	12.47	1998.23
	3923.71	0.00	12.47	1998.23
	3923.72	0.00	12.47	1999.22
	3923.73	0.00	12.47	1999.22
	3923.74	0.00	12.48	2001.22
	3923.75	0.00	12.47	2001.24
	3923.77	0.00	12.45	1991.22
	3923.78	0.00	12.44	1991.22
	3923.79	0.00	12.45	1992.22
	3923.80	0.00	12.45	1992.22
	3923.81	0.00	12.44	1988.22
	3923.83	0.00	12.45	1990.22
	3923.84	0.00	12.46	1994.22
	3923.85	0.00	12.47	1997.22
	3923.86	0.00	12.46	1994.22
	3923.87	0.00	12.45	1997.26
	3923.88	0.00	12.44	1994.28
	3923.90	0.00	12.43	1993.29
	3923.91	0.00	12.42	1993.32
	3923.92	0.00	12.43	1997.30
	3923.93	0.00	12.44	1997.27
	3923.94	0.00	12.42	1996.29
	3923.95	0.00	12.42	1997.30
	3923.97	0.00	12.42	1997.30
	3923.98	0.00	12.41	1999.30
	3923.99	0.00	12.42	2002.31
	3924.00	0.00	12.51	2002.05
	3924.01	0.00	12.50	2005.07
	3924.03	0.00	12.49	2001.09
	3924.04	0.00	12.48	1999.10
	3924.05	0.00	12.44	1995.17
	3924.06	0.00	12.40	1989.25
	3924.07	0.00	12.38	1988.29
	3924.08	0.00	12.37	1991.32
	3924.10	0.00	12.38	1990.33
	3924.11	0.00	12.38	1992.34
	3924.12	0.00	12.37	1977.29
	3924.13	0.00	12.38	1986.30
	3924.14	0.00	12.39	1989.30
	3924.16	0.00	12.39	1991.30
	3924.17	0.00	12.39	1995.31
	3924.18	0.00	12.39	1995.31
	3924.19	0.00	12.42	2001.26
	3924.20	0.00	12.41	2003.30
	3924.21	0.00	12.42	2003.29
	3924.23	0.00	12.42	2003.29
	3924.24	0.00	12.41	2005.30
	3924.25	0.00	12.41	2003.31
	3924.26	0.00	12.42	2005.30
	3924.27	0.00	12.41	2004.31
	3924.29	0.00	12.43	2002.30
	3924.30	0.00	12.44	2004.26
	3924.31	0.00	12.44	1998.25
	3924.32	0.00	12.45	2002.24
	3924.33	0.00	12.46	2005.23
	3924.34	0.00	12.45	2002.25
	3924.36	0.00	12.46	2003.23
	3924.37	0.00	12.46	2001.23
	3924.38	0.00	12.44	1991.23
	3924.39	0.00	12.44	1990.22
	3924.40	0.00	12.44	1991.23
	3924.42	0.00	12.45	1987.22
	3924.43	0.00	12.45	1989.22
	3924.44	0.00	12.46	1992.22
	3924.45	0.00	12.46	1991.22
	3924.46	0.00	12.47	1993.22
	3924.47	0.00	12.47	1994.21
	3924.49	0.00	12.47	1994.21
	3924.50	0.00	12.45	1994.26
	3924.51	0.00	12.44	1989.27
	3924.52	0.00	12.44	1989.28
	3924.53	0.00	12.44	1991.29
	3924.54	0.00	12.48	1993.18
	3924.56	0.00	12.46	1995.26
	3924.57	0.00	12.46	1995.26
	3924.58	0.00	12.45	1994.27
	3924.59	0.00	12.45	1991.28
	3924.60	0.00	12.43	1987.28
	3924.62	0.00	12.45	1995.28
	3924.63	0.00	12.55	1999.02
	3924.64	0.00	12.55	1999.03
	3924.65	0.00	12.54	1995.06
	3924.66	0.00	12.53	1991.06
	3924.67	0.00	12.53	1993.06
	3924.69	0.00	12.46	1980.17
	3924.70	0.00	12.42	1980.28
	3924.71	0.00	12.43	1981.29
	3924.72	0.00	12.44	1983.30
	3924.73	0.00	12.46	1984.24
	3924.75	0.00	12.42	1967.26
	3924.76	0.00	12.43	1972.25
	3924.77	0.00	12.44	1978.26
	3924.78	0.00	12.44	1978.26
	3924.79	0.00	12.44	1981.27
	3924.80	0.00	12.44	1982.26
	3924.82	0.00	12.48	1996.23
	3924.83	0.00	12.47	1994.25
	3924.84	0.00	12.48	1992.21
	3924.85	0.00	12.46	1994.26
	3924.86	0.00	12.45	1988.25
	3924.88	0.00	12.45	1991.27
	3924.89	0.00	12.44	1993.30
	3924.90	0.00	12.46	1996.27
	3924.91	0.00	12.46	1994.27
	3924.92	0.00	12.46	1994.27
	3924.93	0.00	12.47	1991.21
	3924.95	0.00	12.47	1990.21
	3924.96	0.00	12.48	1993.20
	3924.97	0.00	12.48	1994.20
	3924.98	0.00	12.48	1993.20
	3924.99	0.00	12.48	1991.20
	3925.01	0.00	12.46	1983.20
	3925.02	0.00	12.45	1980.20
	3925.03	0.00	12.47	1982.20
	3925.04	0.00	12.46	1981.21
	3925.05	0.00	12.47	1979.20
	3925.06	0.00	12.47	1981.20
	3925.08	0.00	12.48	1985.20
	3925.09	0.00	12.48	1984.18
	3925.10	0.00	12.48	1986.20
	3925.11	0.00	12.48	1986.20
	3925.12	0.00	12.47	1985.23
	3925.13	0.00	12.45	1980.27
	3925.15	0.00	12.46	1987.27
	3925.16	0.00	12.45	1982.27
	3925.17	0.00	12.44	1979.27
	3925.18	0.00	12.47	1984.23
	3925.19	0.00	12.47	1987.24
	3925.21	0.00	12.46	1985.26
	3925.22	0.00	12.45	1986.27
	3925.23	0.00	12.46	1988.27
	3925.24	0.00	12.51	1987.10
	3925.25	0.00	12.55	1989.01
	3925.26	0.00	12.55	1993.03
	3925.28	0.00	12.54	1992.03
	3925.29	0.00	12.54	1989.06
	3925.30	0.00	12.53	1989.05
	3925.31	0.00	12.47	1978.15
	3925.32	0.00	12.42	1975.26
	3925.34	0.00	12.41	1975.29
	3925.35	0.00	12.43	1972.28
	3925.36	0.00	12.43	1975.29
	3925.37	0.00	12.43	1976.29
	3925.38	0.00	12.42	1964.24
	3925.39	0.00	12.43	1972.25
	3925.41	0.00	12.43	1973.26
	3925.42	0.00	12.43	1978.26
	3925.43	0.00	12.42	1979.27
	3925.44	0.00	12.46	1991.23
	3925.45	0.00	12.46	1990.24
	3925.47	0.00	12.44	1988.25
	3925.48	0.00	12.44	1989.25
	3925.49	0.00	12.44	1989.25
	3925.50	0.00	12.44	1983.24
	3925.51	0.00	12.44	1990.27
	3925.52	0.00	12.44	1990.27
	3925.54	0.00	12.44	1991.27
	3925.55	0.00	12.44	1988.27
	3925.56	0.00	12.44	1992.27
	3925.57	0.00	12.45	1990.22
	3925.58	0.00	12.46	1990.22
	3925.60	0.00	12.47	1993.21
	3925.61	0.00	12.47	1991.20
	3925.62	0.00	12.47	1991.20
	3925.63	0.00	12.45	1982.20
	3925.64	0.00	12.44	1981.20
	3925.65	0.00	12.45	1981.20
	3925.67	0.00	12.45	1980.20
	3925.68	0.00	12.45	1977.20
	3925.69	0.00	12.46	1981.20
	3925.70	0.00	12.45	1978.19
	3925.71	0.00	12.46	1982.19
	3925.72	0.00	12.47	1983.18
	3925.74	0.00	12.47	1983.19
	3925.75	0.00	12.47	1985.20
	3925.76	0.00	12.45	1982.23
	3925.77	0.00	12.44	1983.26
	3925.78	0.00	12.44	1983.27
	3925.80	0.00	12.44	1984.27
	3925.81	0.00	12.44	1982.25
	3925.82	0.00	12.44	1983.25
	3925.83	0.00	12.44	1984.26
	3925.84	0.00	12.43	1978.26
	3925.85	0.00	12.43	1986.27
	3925.87	0.00	12.44	1988.27
	3925.88	0.00	12.45	1988.21
	3925.89	0.00	12.53	1990.01
	3925.90	0.00	12.53	1993.03
	3925.91	0.00	12.51	1986.05
	3925.92	0.00	12.55	1985.95
	3925.94	0.00	12.42	1975.20
	3925.95	0.00	12.40	1976.26
	3925.96	0.00	12.39	1972.27
	3925.97	0.00	12.39	1975.27
	3925.98	0.00	12.40	1976.30
	3926.00	0.00	12.40	1977.30
	3926.01	0.00	12.38	1963.26
	3926.02	0.00	12.39	1968.27
	3926.03	0.00	12.40	1973.27
	3926.04	0.00	12.39	1974.27
	3926.05	0.00	12.39	1976.28
	3926.07	0.00	12.38	1973.28
	3926.08	0.00	12.40	1986.27
	3926.09	0.00	12.41	1986.26
	3926.10	0.00	12.40	1986.27
	3926.11	0.00	12.40	1985.27
	3926.13	0.00	12.39	1980.29
	3926.14	0.00	12.37	1977.29
	3926.15	0.00	12.39	1986.29
	3926.16	0.00	12.39	1984.29
	3926.17	0.00	12.39	1986.30
	3926.18	0.00	12.39	1983.29
	3926.20	0.00	12.41	1982.23
	3926.21	0.00	12.41	1985.23
	3926.22	0.00	12.42	1983.21
	3926.23	0.00	12.41	1987.23
	3926.25	0.00	12.39	1977.23
	3926.26	0.00	12.38	1973.23
	3926.27	0.00	12.39	1974.22
	3926.28	0.00	12.38	1974.23
	3926.29	0.00	12.39	1974.23
	3926.30	0.00	12.39	1973.23
	3926.32	0.00	12.39	1976.24
	3926.33	0.00	12.40	1977.23
	3926.34	0.00	12.40	1979.23
	3926.35	0.00	12.40	1979.23
	3926.36	0.00	12.43	1979.15
	3926.37	0.00	12.38	1980.27
	3926.39	0.00	12.37	1977.29
	3926.40	0.00	12.37	1979.30
	3926.41	0.00	12.37	1979.31
	3926.42	0.00	12.39	1981.27
	3926.43	0.00	12.39	1982.28
	3926.45	0.00	12.38	1979.29
	3926.46	0.00	12.38	1982.29
	3926.47	0.00	12.37	1982.32
	3926.48	0.00	12.38	1983.30
	3926.49	0.00	12.49	1986.02
	3926.50	0.00	12.48	1987.04
	3926.52	0.00	12.47	1981.06
	3926.53	0.00	12.47	1982.07
	3926.54	0.00	12.46	1981.07
	3926.55	0.00	12.38	1971.23
	3926.56	0.00	12.36	1969.27
	3926.58	0.00	12.35	1972.31
	3926.59	0.00	12.37	1970.31
	3926.60	0.00	12.37	1973.32
	3926.61	0.00	12.35	1960.28
	3926.62	0.00	12.38	1970.28
	3926.63	0.00	12.38	1971.28
	3926.65	0.00	12.37	1971.29
	3926.66	0.00	12.42	1976.17
	3926.67	0.00	12.40	1982.25
	3926.68	0.00	12.40	1986.27
	3926.69	0.00	12.40	1984.27
	3926.70	0.00	12.39	1984.28
	3926.72	0.00	12.38	1979.27
	3926.73	0.00	12.39	1984.28
	3926.74	0.00	12.39	1986.29
	3926.75	0.00	12.39	1986.29
	3926.76	0.00	12.39	1988.29
	3926.78	0.00	12.40	1990.29
	3926.79	0.00	12.41	1986.23
	3926.80	0.00	12.41	1987.23
	3926.81	0.00	12.41	1984.23
	3926.82	0.00	12.42	1987.22
	3926.83	0.00	12.41	1986.23
	3926.85	0.00	12.40	1981.22
	3926.86	0.00	12.38	1975.23
	3926.87	0.00	12.38	1975.22
	3926.88	0.00	12.38	1975.22
	3926.89	0.00	12.39	1975.23
	3926.90	0.00	12.39	1978.24
	3926.92	0.00	12.40	1982.23
	3926.93	0.00	12.39	1978.23
	3926.94	0.00	12.39	1979.23
	3926.95	0.00	12.40	1982.23
	3926.96	0.00	12.37	1977.28
	3926.98	0.00	12.36	1978.30
	3926.99	0.00	12.36	1981.31
	3927.00	0.00	12.36	1979.31
	3927.01	0.00	12.36	1980.29
	3927.02	0.00	12.36	1978.29
	3927.03	0.00	12.36	1981.30
	3927.05	0.00	12.35	1979.31
	3927.06	0.00	12.34	1978.33
	3927.07	0.00	12.41	1982.13
	3927.08	0.00	12.45	1985.06
	3927.09	0.00	12.44	1986.08
	3927.11	0.00	12.43	1979.09
	3927.12	0.00	12.43	1980.10
	3927.13	0.00	12.36	1968.19
	3927.14	0.00	12.31	1969.32
	3927.15	0.00	12.31	1968.32
	3927.16	0.00	12.33	1970.34
	3927.18	0.00	12.33	1972.34
	3927.19	0.00	12.30	1955.30
	3927.20	0.00	12.32	1963.30
	3927.21	0.00	12.32	1966.32
	3927.22	0.00	12.32	1973.32
	3927.24	0.00	12.31	1972.32
	3927.25	0.00	12.33	1979.30
	3927.26	0.00	12.35	1987.30
	3927.27	0.00	12.34	1982.31
	3927.28	0.00	12.33	1985.31
	3927.30	0.00	12.33	1981.28
	3927.31	0.00	12.32	1984.33
	3927.32	0.00	12.33	1985.33
	3927.33	0.00	12.33	1985.33
	3927.34	0.00	12.33	1986.34
	3927.35	0.00	12.32	1987.36
	3927.37	0.00	12.34	1981.27
	3927.38	0.00	12.35	1984.27
	3927.39	0.00	12.34	1983.27
	3927.40	0.00	12.34	1982.28
	3927.41	0.00	12.34	1982.27
	3927.43	0.00	12.32	1975.27
	3927.44	0.00	12.32	1976.27
	3927.45	0.00	12.34	1974.22
	3927.46	0.00	12.33	1976.27
	3927.47	0.00	12.33	1975.26
	3927.48	0.00	12.33	1973.27
	3927.50	0.00	12.34	1979.28
	3927.51	0.00	12.35	1981.27
	3927.52	0.00	12.35	1980.26
	3927.53	0.00	12.35	1979.26
	3927.54	0.00	12.32	1976.31
	3927.56	0.00	12.32	1977.33
	3927.57	0.00	12.32	1978.34
	3927.58	0.00	12.32	1979.34
	3927.59	0.00	12.33	1980.31
	3927.60	0.00	12.34	1984.32
	3927.61	0.00	12.33	1981.33
	3927.63	0.00	12.33	1982.33
	3927.64	0.00	12.37	1983.23
	3927.65	0.00	12.40	1982.14
	3927.66	0.00	12.43	1985.07
	3927.67	0.00	12.42	1986.09
	3927.69	0.00	12.42	1978.10
	3927.70	0.00	12.41	1980.11
	3927.71	0.00	12.32	1970.29
	3927.72	0.00	12.30	1965.32
	3927.73	0.00	12.30	1968.33
	3927.75	0.00	12.33	1969.31
	3927.76	0.00	12.32	1973.35
	3927.77	0.00	12.30	1955.30
	3927.78	0.00	12.32	1965.31
	3927.79	0.00	12.31	1963.32
	3927.80	0.00	12.32	1972.32
	3927.82	0.00	12.32	1972.32
	3927.83	0.00	12.31	1970.32
	3927.84	0.00	12.35	1981.29
	3927.85	0.00	12.34	1982.30
	3927.86	0.00	12.33	1981.31
	3927.87	0.00	12.34	1982.31
	3927.89	0.00	12.33	1979.30
	3927.90	0.00	12.33	1983.32
	3927.91	0.00	12.34	1983.32
	3927.92	0.00	12.33	1981.33
	3927.93	0.00	12.34	1984.32
	3927.95	0.00	12.33	1982.30
	3927.96	0.00	12.35	1980.26
	3927.97	0.00	12.35	1983.26
	3927.98	0.00	12.35	1982.26
	3927.99	0.00	12.35	1981.27
	3928.00	0.00	12.35	1983.26
	3928.02	0.00	12.33	1972.26
	3928.03	0.00	12.32	1971.26
	3928.04	0.00	12.32	1970.27
	3928.05	0.00	12.32	1971.26
	3928.06	0.00	12.32	1970.26
	3928.08	0.00	12.32	1970.26
	3928.09	0.00	12.35	1973.20
	3928.10	0.00	12.33	1974.26
	3928.11	0.00	12.33	1976.26
	3928.12	0.00	12.33	1973.26
	3928.13	0.00	12.30	1971.32
	3928.15	0.00	12.31	1973.33
	3928.16	0.00	12.30	1973.34
	3928.17	0.00	12.30	1974.34
	3928.18	0.00	12.31	1977.32
	3928.19	0.00	12.31	1975.32
	3928.20	0.00	12.31	1976.33
	3928.22	0.00	12.31	1973.33
	3928.23	0.00	12.30	1976.34
	3928.24	0.00	12.41	1977.07
	3928.25	0.00	12.42	1980.07
	3928.26	0.00	12.41	1978.09
	3928.28	0.00	12.40	1975.10
	3928.29	0.00	12.40	1978.11
	3928.30	0.00	12.30	1967.30
	3928.31	0.00	12.28	1964.33
	3928.32	0.00	12.29	1964.33
	3928.33	0.00	12.30	1964.35
	3928.35	0.00	12.31	1968.34
	3928.36	0.00	12.29	1950.29
	3928.37	0.00	12.31	1960.31
	3928.38	0.00	12.31	1963.32
	3928.39	0.00	12.31	1964.31
	3928.41	0.00	12.31	1967.31
	3928.42	0.00	12.31	1968.31
	3928.43	0.00	12.35	1978.26
	3928.44	0.00	12.35	1981.29
	3928.45	0.00	12.34	1977.30
	3928.46	0.00	12.33	1977.30
	3928.48	0.00	12.33	1973.31
	3928.49	0.00	12.33	1979.32
	3928.50	0.00	12.33	1980.32
	3928.51	0.00	12.34	1979.32
	3928.52	0.00	12.33	1980.32
	3928.54	0.00	12.34	1975.27
	3928.55	0.00	12.36	1981.25
	3928.56	0.00	12.36	1980.25
	3928.57	0.00	12.35	1977.25
	3928.58	0.00	12.37	1979.23
	3928.59	0.00	12.34	1968.25
	3928.61	0.00	12.33	1968.25
	3928.62	0.00	12.34	1968.24
	3928.63	0.00	12.34	1965.25
	3928.64	0.00	12.35	1971.24
	3928.65	0.00	12.34	1964.24
	3928.67	0.00	12.36	1975.24
	3928.68	0.00	12.36	1973.25
	3928.69	0.00	12.37	1973.24
	3928.70	0.00	12.37	1972.24
	3928.71	0.00	12.36	1974.28
	3928.72	0.00	12.35	1973.31
	3928.74	0.00	12.36	1976.31
	3928.75	0.00	12.36	1975.31
	3928.76	0.00	12.38	1975.26
	3928.77	0.00	12.38	1975.28
	3928.78	0.00	12.39	1976.29
	3928.80	0.00	12.39	1979.29
	3928.81	0.00	12.39	1977.29
	3928.82	0.00	12.40	1977.28
	3928.83	0.00	12.51	1977.02
	3928.84	0.00	12.51	1984.03
	3928.85	0.00	12.51	1977.04
	3928.87	0.00	12.50	1976.05
	3928.88	0.00	12.44	1968.16
	3928.89	0.00	12.39	1963.27
	3928.90	0.00	12.39	1964.28
	3928.91	0.00	12.40	1964.29
	3928.93	0.00	12.42	1966.29
	3928.94	0.00	12.42	1970.29
	3928.95	0.00	12.41	1958.25
	3928.96	0.00	12.43	1965.25
	3928.97	0.00	12.42	1965.26
	3928.98	0.00	12.43	1970.24
	3929.00	0.00	12.45	1978.21
	3929.01	0.00	12.45	1979.23
	3929.02	0.00	12.45	1981.24
	3929.03	0.00	12.44	1979.25
	3929.04	0.00	12.45	1979.24
	3929.06	0.00	12.44	1980.24
	3929.07	0.00	12.43	1973.24
	3929.08	0.00	12.44	1976.23
	3929.09	0.00	12.44	1981.26
	3929.10	0.00	12.44	1978.26
	3929.11	0.00	12.43	1980.27
	3929.13	0.00	12.44	1980.27
	3929.14	0.00	12.44	1977.21
	3929.15	0.00	12.45	1980.20
	3929.16	0.00	12.45	1978.20
	3929.17	0.00	12.45	1977.20
	3929.19	0.00	12.43	1972.22
	3929.20	0.00	12.42	1966.20
	3929.21	0.00	12.41	1964.20
	3929.22	0.00	12.41	1966.20
	3929.23	0.00	12.41	1966.21
	3929.25	0.00	12.41	1966.20
	3929.26	0.00	12.42	1968.20
	3929.27	0.00	12.43	1968.20
	3929.28	0.00	12.43	1968.21
	3929.29	0.00	12.43	1967.20
	3929.30	0.00	12.43	1969.22
	3929.32	0.00	12.42	1967.25
	3929.33	0.00	12.42	1966.26
	3929.34	0.00	12.42	1969.28
	3929.35	0.00	12.43	1972.27
	3929.36	0.00	12.45	1972.23
	3929.37	0.00	12.45	1971.25
	3929.39	0.00	12.45	1970.26
	3929.40	0.00	12.46	1974.25
	3929.41	0.00	12.46	1970.25
	3929.42	0.00	12.57	1973.98
	3929.43	0.00	12.56	1978.01
	3929.45	0.00	12.56	1971.01
	3929.46	0.00	12.56	1973.02
	3929.47	0.00	12.49	1966.15
	3929.48	0.00	12.46	1966.24
	3929.49	0.00	12.46	1968.24
	3929.50	0.00	12.48	1964.25
	3929.52	0.00	12.49	1971.25
	3929.53	0.00	12.52	1971.20
	3929.54	0.00	12.48	1955.20
	3929.55	0.00	12.50	1967.21
	3929.56	0.00	12.51	1968.21
	3929.57	0.00	12.50	1972.22
	3929.59	0.00	12.51	1974.22
	3929.60	0.00	12.52	1971.19
	3929.61	0.00	12.54	1981.17
	3929.62	0.00	12.55	1984.18
	3929.63	0.00	12.55	1985.19
	3929.65	0.00	12.55	1983.19
	3929.66	0.00	12.54	1981.20
	3929.67	0.00	12.53	1982.21
	3929.68	0.00	12.54	1983.21
	3929.69	0.00	12.54	1983.22
	3929.70	0.00	12.55	1986.21
	3929.72	0.00	12.55	1986.21
	3929.73	0.00	12.54	1985.21
	3929.74	0.00	12.55	1981.16
	3929.75	0.00	12.57	1986.14
	3929.76	0.00	12.57	1984.14
	3929.78	0.00	12.57	1986.14
	3929.79	0.00	12.56	1977.14
	3929.80	0.00	12.55	1974.14
	3929.81	0.00	12.55	1972.14
	3929.82	0.00	12.56	1970.13
	3929.83	0.00	12.56	1971.13
	3929.85	0.00	12.56	1969.14
	3929.86	0.00	12.57	1970.13
	3929.87	0.00	12.58	1973.13
	3929.88	0.00	12.58	1977.13
	3929.89	0.00	12.58	1974.13
	3929.91	0.00	12.59	1973.10
	3929.92	0.00	12.56	1970.16
	3929.93	0.00	12.55	1971.19
	3929.94	0.00	12.56	1973.19
	3929.95	0.00	12.56	1973.21
	3929.96	0.00	12.57	1970.17
	3929.98	0.00	12.57	1970.17
	3929.99	0.00	12.56	1970.20
	3930.00	0.00	12.57	1972.19
	3930.01	0.00	12.57	1973.19
	3930.02	0.00	12.57	1973.19
	3930.04	0.00	12.65	1977.00
	3930.05	0.00	12.64	1980.01
	3930.06	0.00	12.64	1975.01
	3930.07	0.00	12.63	1975.01
	3930.08	0.00	12.55	1966.15
	3930.09	0.00	12.53	1965.20
	3930.11	0.00	12.52	1964.21
	3930.12	0.00	12.54	1963.21
	3930.13	0.00	12.55	1966.22
	3930.14	0.00	12.53	1957.19
	3930.15	0.00	12.53	1959.18
	3930.17	0.00	12.54	1964.19
	3930.18	0.00	12.54	1967.19
	3930.19	0.00	12.54	1970.19
	3930.20	0.00	12.55	1971.16
	3930.21	0.00	12.57	1979.16
	3930.22	0.00	12.56	1981.17
	3930.24	0.00	12.56	1980.19
	3930.25	0.00	12.56	1981.18
	3930.26	0.00	12.55	1973.16
	3930.27	0.00	12.54	1979.20
	3930.28	0.00	12.54	1980.21
	3930.30	0.00	12.54	1981.20
	3930.31	0.00	12.54	1980.20
	3930.32	0.00	12.53	1980.21
	3930.33	0.00	12.56	1976.09
	3930.34	0.00	12.55	1982.15
	3930.35	0.00	12.54	1983.15
	3930.37	0.00	12.54	1982.15
	3930.38	0.00	12.52	1980.15
	3930.39	0.00	12.47	1960.16
	3930.40	0.00	12.50	1975.16
	3930.41	0.00	12.50	1975.16
	3930.42	0.00	12.50	1975.16
	3930.44	0.00	12.48	1976.18
	3930.45	0.00	12.48	1976.17
	3930.46	0.00	12.49	1981.17
	3930.47	0.00	12.49	1983.18
	3930.48	0.00	12.48	1981.20
	3930.50	0.00	12.49	1984.17
	3930.51	0.00	12.46	1980.23
	3930.52	0.00	12.45	1982.25
	3930.53	0.00	12.45	1984.27
	3930.54	0.00	12.44	1986.27
	3930.55	0.00	12.46	1988.23
	3930.57	0.00	12.45	1985.24
	3930.58	0.00	12.43	1987.26
	3930.59	0.00	12.43	1987.27
	3930.60	0.00	12.43	1988.27
	3930.61	0.00	12.45	1990.20
	3930.63	0.00	12.52	1994.03
	3930.64	0.00	12.52	1996.04
	3930.65	0.00	12.50	1988.06
	3930.66	0.00	12.50	1987.06
	3930.67	0.00	12.50	1988.05
	3930.68	0.00	12.42	1974.20
	3930.70	0.00	12.38	1977.28
	3930.71	0.00	12.39	1975.30
	3930.72	0.00	12.39	1979.30
	3930.73	0.00	12.41	1977.25
	3930.74	0.00	12.38	1964.27
	3930.76	0.00	12.39	1971.28
	3930.77	0.00	12.39	1973.28
	3930.78	0.00	12.38	1976.29
	3930.79	0.00	12.38	1976.28
	3930.80	0.00	12.42	1987.25
	3930.81	0.00	12.41	1988.26
	3930.83	0.00	12.41	1986.26
	3930.84	0.00	12.38	1976.27
	3930.85	0.00	12.39	1979.26
	3930.86	0.00	12.40	1985.28
	3930.87	0.00	12.40	1984.27
	3930.89	0.00	12.41	1985.28
	3930.90	0.00	12.40	1986.28
	3930.91	0.00	12.40	1987.28
	3930.92	0.00	12.41	1981.23
	3930.93	0.00	12.41	1981.22
	3930.94	0.00	12.42	1982.21
	3930.96	0.00	12.42	1982.21
	3930.97	0.00	12.40	1977.21
	3930.98	0.00	12.39	1972.22
	3930.99	0.00	12.40	1974.21
	3931.00	0.00	12.39	1971.21
	3931.02	0.00	12.38	1967.22
	3931.03	0.00	12.38	1970.23
	3931.04	0.00	12.38	1968.21
	3931.05	0.00	12.40	1975.22
	3931.06	0.00	12.40	1975.22
	3931.07	0.00	12.40	1975.23
	3931.09	0.00	12.39	1974.22
	3931.10	0.00	12.38	1972.23
	3931.11	0.00	12.36	1972.28
	3931.12	0.00	12.36	1973.29
	3931.13	0.00	12.35	1972.30
	3931.14	0.00	12.35	1973.31
	3931.16	0.00	12.36	1974.27
	3931.17	0.00	12.34	1971.32
	3931.18	0.00	12.34	1973.30
	3931.19	0.00	12.35	1974.30
	3931.20	0.00	12.33	1972.31
	3931.22	0.00	12.44	1974.03
	3931.23	0.00	12.42	1970.04
	3931.24	0.00	12.43	1973.07
	3931.25	0.00	12.42	1973.08
	3931.26	0.00	12.42	1975.08
	3931.27	0.00	12.41	1974.10
	3931.29	0.00	12.33	1965.28
	3931.30	0.00	12.31	1966.32
	3931.31	0.00	12.33	1966.33
	3931.32	0.00	12.33	1969.34
	3931.33	0.00	12.31	1955.28
	3931.34	0.00	12.34	1968.29
	3931.36	0.00	12.34	1971.30
	3931.37	0.00	12.34	1978.31
	3931.38	0.00	12.34	1979.30
	3931.39	0.00	12.35	1983.30
	3931.40	0.00	12.38	1989.26
	3931.42	0.00	12.37	1992.29
	3931.43	0.00	12.36	1986.29
	3931.44	0.00	12.37	1992.29
	3931.45	0.00	12.38	1993.29
	3931.46	0.00	12.37	1993.30
	3931.47	0.00	12.38	1998.30
	3931.49	0.00	12.38	1999.30
	3931.50	0.00	12.38	1998.30
	3931.51	0.00	12.38	1998.30
	3931.52	0.00	12.39	1994.25
	3931.53	0.00	12.40	1999.24
	3931.55	0.00	12.41	2001.24
	3931.56	0.00	12.41	2001.24
	3931.57	0.00	12.42	2004.22
	3931.58	0.00	12.40	1998.24
	3931.59	0.00	12.39	1997.25
	3931.61	0.00	12.39	1995.24
	3931.62	0.00	12.42	1996.19
	3931.63	0.00	12.40	1996.24
	3931.64	0.00	12.40	1993.24
	3931.65	0.00	12.40	1998.25
	3931.66	0.00	12.41	1999.25
	3931.68	0.00	12.41	2002.25
	3931.69	0.00	12.42	1999.24
	3931.70	0.00	12.41	1998.26
	3931.71	0.00	12.40	1996.29
	3931.72	0.00	12.39	1998.31
	3931.74	0.00	12.40	2002.30
	3931.75	0.00	12.41	2000.30
	3931.76	0.00	12.42	1999.26
	3931.77	0.00	12.41	1996.30
	3931.78	0.00	12.42	2000.28
	3931.79	0.00	12.42	2002.28
	3931.81	0.00	12.42	1998.28
	3931.82	0.00	12.44	2002.25
	3931.83	0.00	12.49	2006.12
	3931.84	0.00	12.49	2004.12
	3931.85	0.00	12.49	2003.13
	3931.86	0.00	12.50	2002.12
	3931.88	0.00	12.50	2004.13
	3931.89	0.00	12.51	2003.13
	3931.90	0.00	12.44	1994.27
	3931.91	0.00	12.42	1990.30
	3931.92	0.00	12.45	1991.29
	3931.93	0.00	12.46	1993.28
	3931.95	0.00	12.47	1984.23
	3931.96	0.00	12.47	1987.24
	3931.97	0.00	12.48	1988.25
	3931.98	0.00	12.48	1989.24
	3932.00	0.00	12.48	1988.24
	3932.01	0.00	12.49	1990.24
	3932.02	0.00	12.51	1990.21
	3932.03	0.00	12.53	1999.21
	3932.04	0.00	12.53	1995.21
	3932.05	0.00	12.53	1992.21
	3932.06	0.00	12.55	1991.21
	3932.08	0.00	12.56	1993.19
	3932.09	0.00	12.57	1991.19
	3932.10	0.00	12.58	1988.19
	3932.11	0.00	12.58	1989.20
	3932.12	0.00	12.60	1992.19
	3932.14	0.00	12.61	1991.18
	3932.15	0.00	12.62	1987.17
	3932.16	0.00	12.63	1984.17
	3932.17	0.00	12.64	1978.14
	3932.18	0.00	12.67	1971.11
	3932.19	0.00	12.69	1967.10
	3932.21	0.00	12.70	1959.08
	3932.22	0.00	12.73	1949.05
	3932.23	0.00	12.76	1944.02
	3932.24	0.00	12.77	1934.00
	3932.25	0.00	12.76	1908.97
	3932.26	0.00	12.77	1901.96
	3932.28	0.00	12.80	1896.92
	3932.29	0.00	12.81	1885.88
	3932.30	0.00	12.84	1873.83
	3932.31	0.00	12.87	1863.73
	3932.32	0.00	12.89	1855.67
	3932.34	0.00	12.90	1845.61
	3932.35	0.00	12.93	1845.59
	3932.36	0.00	12.93	1838.55
	3932.37	0.00	12.93	1832.53
	3932.38	0.00	12.93	1824.49
	3932.39	0.00	12.93	1820.46
	3932.41	0.00	12.92	1811.45
	3932.42	0.00	12.93	1809.41
	3932.43	0.00	12.92	1802.40
	3932.44	0.00	12.90	1791.42
	3932.45	0.00	12.87	1782.44
	3932.47	0.00	12.86	1773.41
	3932.48	0.00	12.84	1760.40
	3932.49	0.00	12.82	1754.40
	3932.50	0.00	12.80	1745.40
	3932.51	0.00	12.78	1737.41
	3932.52	0.00	12.77	1733.41
	3932.54	0.00	12.75	1727.42
	3932.55	0.00	12.73	1725.44
	3932.56	0.00	12.71	1714.46
	3932.57	0.00	12.71	1714.46
	3932.58	0.00	12.70	1713.47
	3932.59	0.00	12.68	1711.49
	3932.61	0.00	12.68	1710.48
	3932.62	0.00	12.69	1708.45
	3932.63	0.00	12.69	1707.44
	3932.64	0.00	12.68	1703.44
	3932.65	0.00	12.68	1702.44
	3932.66	0.00	12.68	1703.44
	3932.68	0.00	12.67	1705.45
	3932.69	0.00	12.67	1694.38
	3932.70	0.00	12.69	1710.45
	3932.71	0.00	12.70	1714.46
	3932.72	0.00	12.71	1716.46
	3932.74	0.00	12.71	1719.47
	3932.75	0.00	12.72	1720.45
	3932.76	0.00	12.74	1724.45
	3932.77	0.00	12.75	1729.44
	3932.78	0.00	12.76	1731.44
	3932.79	0.00	12.77	1736.44
	3932.81	0.00	12.77	1738.44
	3932.82	0.00	12.77	1740.45
	3932.83	0.00	12.79	1742.43
	3932.84	0.00	12.79	1744.43
	3932.85	0.00	12.80	1744.43
	3932.87	0.00	12.79	1745.44
	3932.88	0.00	12.82	1750.42
	3932.89	0.00	12.81	1749.42
	3932.90	0.00	12.81	1748.42
	3932.91	0.00	12.82	1748.40
	3932.92	0.00	12.82	1749.41
	3932.94	0.00	12.82	1750.41
	3932.95	0.00	12.83	1751.40
	3932.96	0.00	12.83	1753.41
	3932.97	0.00	12.92	1751.20
	3932.98	0.00	12.99	1754.06
	3933.00	0.00	13.01	1757.04
	3933.01	0.00	13.01	1759.05
	3933.02	0.00	13.01	1758.04
	3933.03	0.00	13.02	1760.04
	3933.04	0.00	13.03	1761.02
	3933.05	0.00	13.04	1778.04
	3933.07	0.00	13.03	1778.07
	3933.08	0.00	13.01	1783.11
	3933.09	0.00	12.98	1788.16
	3933.10	0.00	12.97	1797.21
	3933.11	0.00	12.93	1809.30
	3933.12	0.00	12.90	1816.36
	3933.14	0.00	12.88	1827.41
	3933.15	0.00	12.83	1819.45
	3933.16	0.00	12.76	1819.56
	3933.17	0.00	12.67	1824.74
	3933.18	0.00	12.63	1830.82
	3933.19	0.00	12.62	1830.87
	3933.21	0.00	12.60	1836.90
	3933.22	0.00	12.59	1836.93
	3933.23	0.00	12.57	1839.94
	3933.24	0.00	12.57	1841.97
	3933.25	0.00	12.57	1846.98
	3933.27	0.00	12.55	1847.01
	3933.28	0.00	12.51	1833.98
	3933.29	0.00	12.49	1835.02
	3933.30	0.00	12.50	1847.04
	3933.31	0.00	12.48	1848.06
	3933.32	0.00	12.47	1850.07
	3933.34	0.00	12.47	1856.09
	3933.35	0.00	12.47	1861.11
	3933.36	0.00	12.46	1864.12
	3933.37	0.00	12.44	1869.14
	3933.38	0.00	12.44	1867.11
	3933.39	0.00	12.47	1886.12
	3933.41	0.00	12.47	1890.14
	3933.42	0.00	12.47	1892.15
	3933.43	0.00	12.46	1893.17
	3933.44	0.00	12.46	1898.17
	3933.45	0.00	12.46	1900.18
	3933.47	0.00	12.45	1900.18
	3933.48	0.00	12.45	1897.17
	3933.49	0.00	12.44	1896.18
	3933.50	0.00	12.45	1906.18
	3933.51	0.00	12.46	1907.19
	3933.53	0.00	12.44	1907.21
	3933.54	0.00	12.45	1910.20
	3933.55	0.00	12.45	1912.21
	3933.56	0.00	12.45	1915.21
	3933.57	0.00	12.46	1913.17
	3933.58	0.00	12.45	1915.18
	3933.60	0.00	12.46	1918.18
	3933.61	0.00	12.45	1920.20
	3933.62	0.00	12.43	1914.19
	3933.63	0.00	12.45	1920.20
	3933.64	0.00	12.45	1921.20
	3933.66	0.00	12.47	1921.15
	3933.67	0.00	12.42	1914.20
	3933.68	0.00	12.42	1916.20
	3933.69	0.00	12.43	1917.20
	3933.70	0.00	12.42	1916.20
	3933.71	0.00	12.41	1911.21
	3933.73	0.00	12.42	1918.21
	3933.74	0.00	12.42	1918.21
	3933.75	0.00	12.39	1905.22
	3933.76	0.00	12.42	1918.21
	3933.77	0.00	12.43	1922.21
	3933.78	0.00	12.44	1921.20
	3933.80	0.00	12.45	1921.20
	3933.81	0.00	12.45	1922.20
	3933.82	0.00	12.43	1915.20
	3933.83	0.00	12.46	1926.21
	3933.84	0.00	12.45	1928.24
	3933.85	0.00	12.47	1933.25
	3933.87	0.00	12.48	1939.27
	3933.88	0.00	12.49	1945.25
	3933.89	0.00	12.51	1950.27
	3933.90	0.00	12.52	1950.26
	3933.91	0.00	12.56	1960.21
	3933.93	0.00	12.56	1962.23
	3933.94	0.00	12.56	1962.23
	3933.95	0.00	12.57	1968.24
	3933.96	0.00	12.58	1975.23
	3933.97	0.00	12.72	1978.90
	3933.98	0.00	12.72	1982.90
	3934.00	0.00	12.72	1983.91
	3934.01	0.00	12.71	1985.93
	3934.02	0.00	12.70	1977.94
	3934.03	0.00	12.70	1981.96
	3934.04	0.00	12.59	1967.15
	3934.06	0.00	12.54	1968.25
	3934.07	0.00	12.54	1968.27
	3934.08	0.00	12.57	1970.28
	3934.09	0.00	12.56	1972.28
	3934.10	0.00	12.55	1965.24
	3934.11	0.00	12.53	1954.24
	3934.13	0.00	12.55	1965.25
	3934.14	0.00	12.55	1970.26
	3934.15	0.00	12.53	1975.26
	3934.16	0.00	12.53	1978.27
	3934.17	0.00	12.57	1990.23
	3934.19	0.00	12.56	1993.24
	3934.20	0.00	12.55	1993.26
	3934.21	0.00	12.56	1995.26
	3934.22	0.00	12.55	1992.26
	3934.23	0.00	12.54	1992.27
	3934.24	0.00	12.56	1985.19
	3934.26	0.00	12.54	1989.26
	3934.27	0.00	12.54	1991.26
	3934.28	0.00	12.54	1991.26
	3934.29	0.00	12.54	1989.27
	3934.30	0.00	12.54	1993.27
	3934.31	0.00	12.55	1988.22
	3934.33	0.00	12.55	1988.23
	3934.34	0.00	12.55	1988.22
	3934.35	0.00	12.55	1988.22
	3934.36	0.00	12.55	1989.22
	3934.37	0.00	12.53	1975.20
	3934.39	0.00	12.52	1978.22
	3934.40	0.00	12.52	1978.22
	3934.41	0.00	12.52	1976.23
	3934.42	0.00	12.52	1974.22
	3934.43	0.00	12.51	1975.23
	3934.44	0.00	12.53	1981.23
	3934.46	0.00	12.53	1982.23
	3934.47	0.00	12.51	1984.25
	3934.48	0.00	12.51	1985.24
	3934.49	0.00	12.50	1982.27
	3934.50	0.00	12.49	1982.28
	3934.52	0.00	12.48	1982.31
	3934.53	0.00	12.48	1984.31
	3934.54	0.00	12.48	1982.32
	3934.55	0.00	12.49	1984.29
	3934.56	0.00	12.49	1984.29
	3934.57	0.00	12.48	1982.31
	3934.59	0.00	12.48	1984.31
	3934.60	0.00	12.46	1980.33
	3934.61	0.00	12.57	1978.01
	3934.62	0.00	12.59	1981.99
	3934.63	0.00	12.58	1982.02
	3934.65	0.00	12.56	1975.04
	3934.66	0.00	12.55	1973.05
	3934.67	0.00	12.55	1970.05
	3934.68	0.00	12.48	1959.16
	3934.69	0.00	12.41	1957.32
	3934.70	0.00	12.40	1956.34
	3934.72	0.00	12.42	1957.35
	3934.73	0.00	12.42	1959.36
	3934.74	0.00	12.42	1959.36
	3934.75	0.00	12.40	1941.31
	3934.76	0.00	12.41	1947.32
	3934.77	0.00	12.44	1951.27
	3934.79	0.00	12.42	1954.33
	3934.80	0.00	12.40	1956.34
	3934.81	0.00	12.40	1961.34
	3934.82	0.00	12.43	1959.25
	3934.83	0.00	12.43	1973.31
	3934.84	0.00	12.43	1974.32
	3934.86	0.00	12.43	1973.32
	3934.87	0.00	12.43	1973.32
	3934.88	0.00	12.43	1973.33
	3934.89	0.00	12.42	1973.34
	3934.90	0.00	12.42	1975.34
	3934.92	0.00	12.42	1971.31
	3934.93	0.00	12.42	1974.32
	3934.94	0.00	12.43	1973.32
	3934.95	0.00	12.43	1971.32
	3934.96	0.00	12.43	1972.31
	3934.98	0.00	12.42	1974.32
	3934.99	0.00	12.43	1974.33
	3935.00	0.00	12.43	1970.28
	3935.01	0.00	12.44	1972.30
	3935.02	0.00	12.44	1970.28
	3935.03	0.00	12.45	1970.27
	3935.05	0.00	12.45	1966.27
	3935.06	0.00	12.43	1958.27
	3935.07	0.00	12.43	1960.27
	3935.08	0.00	12.44	1961.26
	3935.09	0.00	12.44	1961.26
	3935.11	0.00	12.45	1962.26
	3935.12	0.00	12.45	1964.26
	3935.13	0.00	12.47	1970.26
	3935.14	0.00	12.47	1969.26
	3935.15	0.00	12.47	1969.26
	3935.16	0.00	12.47	1970.26
	3935.18	0.00	12.46	1970.28
	3935.19	0.00	12.46	1971.29
	3935.20	0.00	12.45	1971.31
	3935.21	0.00	12.44	1972.34
	3935.22	0.00	12.45	1973.33
	3935.23	0.00	12.45	1973.33
	3935.25	0.00	12.46	1973.29
	3935.26	0.00	12.46	1973.31
	3935.27	0.00	12.45	1972.32
	3935.28	0.00	12.45	1971.32
	3935.29	0.00	12.45	1972.32
	3935.31	0.00	12.44	1970.33
	3935.32	0.00	12.55	1972.02
	3935.33	0.00	12.55	1971.03
	3935.34	0.00	12.53	1960.04
	3935.35	0.00	12.53	1959.05
	3935.36	0.00	12.52	1945.02
	3935.38	0.00	12.47	1939.12
	3935.39	0.00	12.44	1936.23
	3935.40	0.00	12.46	1926.25
	3935.41	0.00	12.48	1923.24
	3935.42	0.00	12.49	1917.24
	3935.43	0.00	12.46	1897.21
	3935.45	0.00	12.49	1903.22
	3935.46	0.00	12.50	1903.23
	3935.47	0.00	12.52	1902.21
	3935.48	0.00	12.53	1901.20
	3935.50	0.00	12.54	1901.18
	3935.51	0.00	12.55	1900.14
	3935.52	0.00	12.58	1910.14
	3935.53	0.00	12.59	1909.14
	3935.54	0.00	12.58	1908.14
	3935.55	0.00	12.59	1904.13
	3935.56	0.00	12.59	1896.09
	3935.58	0.00	12.60	1898.10
	3935.59	0.00	12.61	1896.08
	3935.60	0.00	12.61	1890.07
	3935.61	0.00	12.62	1887.05
	3935.62	0.00	12.62	1879.04
	3935.64	0.00	12.62	1874.03
	3935.65	0.00	12.61	1867.02
	3935.66	0.00	12.61	1853.97
	3935.67	0.00	12.61	1848.95
	3935.68	0.00	12.60	1833.94
	3935.69	0.00	12.60	1824.92
	3935.71	0.00	12.61	1816.89
	3935.72	0.00	12.62	1803.86
	3935.73	0.00	12.62	1796.83
	3935.74	0.00	12.65	1784.76
	3935.75	0.00	12.63	1764.72
	3935.77	0.00	12.64	1750.66
	3935.78	0.00	12.70	1756.59
	3935.79	0.00	12.74	1757.52
	3935.80	0.00	12.76	1754.47
	3935.81	0.00	12.79	1759.44
	3935.82	0.00	12.81	1762.43
	3935.84	0.00	12.82	1765.44
	3935.85	0.00	12.85	1768.40
	3935.86	0.00	12.85	1768.40
	3935.87	0.00	12.88	1778.39
	3935.88	0.00	12.89	1781.39
	3935.89	0.00	12.90	1780.38
	3935.91	0.00	12.91	1782.38
	3935.92	0.00	12.96	1783.26
	3935.93	0.00	12.92	1784.37
	3935.94	0.00	12.92	1784.36
	3935.95	0.00	12.92	1783.36
	3935.97	0.00	12.93	1781.35
	3935.98	0.00	12.90	1774.36
	3935.99	0.00	12.93	1781.32
	3936.00	0.00	12.92	1778.35
	3936.01	0.00	12.90	1778.39
	3936.02	0.00	12.90	1779.39
	3936.04	0.00	12.90	1777.38
	3936.05	0.00	12.90	1776.38
	3936.06	0.00	12.90	1776.39
	3936.07	0.00	12.89	1775.42
	3936.08	0.00	12.89	1776.41
	3936.10	0.00	12.89	1774.41
	3936.11	0.00	12.89	1775.41
	3936.12	0.00	12.92	1774.33
	3936.13	0.00	12.89	1778.42
	3936.14	0.00	12.88	1775.42
	3936.15	0.00	12.88	1772.42
	3936.17	0.00	12.92	1777.34
	3936.18	0.00	12.90	1774.38
	3936.19	0.00	12.90	1776.38
	3936.20	0.00	12.91	1777.39
	3936.21	0.00	12.90	1778.40
	3936.22	0.00	12.90	1780.40
	3936.24	0.00	12.90	1781.40
	3936.25	0.00	12.90	1778.40
	3936.26	0.00	12.90	1779.40
	3936.27	0.00	13.06	1778.05
	3936.28	0.00	13.07	1782.03
	3936.29	0.00	13.07	1782.05
	3936.31	0.00	13.06	1782.06
	3936.32	0.00	13.07	1782.03
	3936.33	0.00	13.07	1786.04
	3936.34	0.00	13.06	1775.04
	3936.35	0.00	13.06	1773.04
	3936.37	0.00	13.06	1774.04
	3936.38	0.00	13.06	1774.04
	3936.39	0.00	13.06	1775.04
	3936.40	0.00	13.01	1757.05
	3936.41	0.00	12.95	1755.17
	3936.42	0.00	12.92	1757.25
	3936.44	0.00	12.92	1758.28
	3936.45	0.00	12.91	1757.27
	3936.46	0.00	12.91	1754.27
	3936.47	0.00	12.91	1756.29
	3936.48	0.00	12.92	1751.31
	3936.50	0.00	12.93	1751.31
	3936.51	0.00	12.93	1752.32
	3936.52	0.00	12.93	1754.32
	3936.53	0.00	12.93	1752.32
	3936.54	0.00	12.93	1754.32
	3936.55	0.00	12.93	1755.32
	3936.57	0.00	12.93	1755.32
	3936.58	0.00	12.91	1746.32
	3936.59	0.00	12.90	1725.24
	3936.60	0.00	12.89	1730.29
	3936.61	0.00	12.89	1735.30
	3936.62	0.00	12.91	1743.31
	3936.64	0.00	12.90	1740.31
	3936.65	0.00	12.90	1741.31
	3936.66	0.00	12.91	1744.31
	3936.67	0.00	12.91	1743.31
	3936.68	0.00	12.92	1743.31
	3936.69	0.00	12.93	1745.30
	3936.71	0.00	12.93	1749.31
	3936.72	0.00	12.92	1744.31
	3936.73	0.00	12.92	1744.32
	3936.74	0.00	12.92	1746.31
	3936.75	0.00	12.90	1749.33
	3936.76	0.00	12.89	1740.31
	3936.78	0.00	12.92	1754.31
	3936.79	0.00	12.91	1755.31
	3936.80	0.00	12.94	1753.24
	3936.81	0.00	12.91	1750.28
	3936.82	0.00	12.91	1747.27
	3936.84	0.00	12.94	1760.27
	3936.85	0.00	12.96	1768.28
	3936.86	0.00	12.96	1771.28
	3936.87	0.00	12.97	1773.28
	3936.88	0.00	12.96	1771.28
	3936.89	0.00	12.95	1773.28
	3936.91	0.00	12.95	1773.29
	3936.92	0.00	12.95	1775.29
	3936.93	0.00	12.94	1776.33
	3936.94	0.00	12.94	1776.33
	3936.95	0.00	12.94	1776.32
	3936.96	0.00	12.97	1773.23
	3936.98	0.00	12.95	1778.29
	3936.99	0.00	12.96	1777.29
	3937.00	0.00	12.95	1778.29
	3937.01	0.00	12.95	1777.29
	3937.02	0.00	12.96	1779.28
	3937.04	0.00	12.96	1780.29
	3937.05	0.00	12.96	1780.28
	3937.06	0.00	12.96	1780.29
	3937.07	0.00	12.96	1780.29
	3937.08	0.00	12.98	1777.26
	3937.0