03.96	0.00	11.79	1602.63
	2903.97	0.00	11.78	1601.67
	2903.98	0.00	11.77	1599.68
	2904.00	0.00	11.78	1603.70
	2904.01	0.00	11.78	1603.70
	2904.02	0.00	11.80	1601.66
	2904.03	0.00	11.80	1603.66
	2904.04	0.00	11.80	1604.67
	2904.05	0.00	11.80	1606.70
	2904.07	0.00	11.80	1609.69
	2904.08	0.00	11.83	1608.62
	2904.09	0.00	11.94	1607.36
	2904.10	0.00	11.95	1611.33
	2904.11	0.00	11.91	1604.41
	2904.13	0.00	11.92	1605.41
	2904.14	0.00	11.86	1589.42
	2904.15	0.00	11.83	1588.50
	2904.16	0.00	11.84	1588.51
	2904.17	0.00	11.83	1585.60
	2904.18	0.00	11.86	1580.62
	2904.20	0.00	11.87	1580.63
	2904.21	0.00	11.82	1554.63
	2904.22	0.00	11.87	1563.65
	2904.23	0.00	11.91	1563.65
	2904.24	0.00	11.93	1560.65
	2904.26	0.00	11.95	1562.65
	2904.27	0.00	11.96	1561.65
	2904.28	0.00	11.95	1552.61
	2904.29	0.00	12.00	1573.63
	2904.30	0.00	12.02	1572.63
	2904.31	0.00	12.01	1575.64
	2904.33	0.00	12.01	1577.64
	2904.34	0.00	12.01	1576.62
	2904.35	0.00	12.02	1579.65
	2904.36	0.00	12.02	1582.66
	2904.37	0.00	12.03	1583.66
	2904.38	0.00	12.03	1584.66
	2904.40	0.00	12.02	1573.61
	2904.41	0.00	12.05	1583.61
	2904.42	0.00	12.06	1582.60
	2904.43	0.00	12.07	1582.60
	2904.44	0.00	12.07	1583.60
	2904.46	0.00	12.07	1584.60
	2904.47	0.00	12.07	1581.59
	2904.48	0.00	12.07	1581.59
	2904.49	0.00	12.08	1582.59
	2904.50	0.00	12.10	1580.58
	2904.51	0.00	12.10	1580.58
	2904.53	0.00	12.10	1575.58
	2904.54	0.00	12.14	1572.57
	2904.55	0.00	12.14	1570.57
	2904.56	0.00	12.17	1573.54
	2904.57	0.00	12.17	1573.55
	2904.59	0.00	12.15	1571.60
	2904.60	0.00	12.15	1570.61
	2904.61	0.00	12.15	1571.61
	2904.62	0.00	12.15	1571.62
	2904.63	0.00	12.18	1571.57
	2904.64	0.00	12.18	1572.58
	2904.66	0.00	12.20	1572.56
	2904.67	0.00	12.18	1569.59
	2904.68	0.00	12.20	1574.58
	2904.69	0.00	12.34	1574.27
	2904.70	0.00	12.34	1575.29
	2904.72	0.00	12.35	1578.29
	2904.73	0.00	12.33	1569.30
	2904.74	0.00	12.33	1571.31
	2904.75	0.00	12.32	1558.24
	2904.76	0.00	12.23	1560.43
	2904.77	0.00	12.22	1554.49
	2904.79	0.00	12.22	1558.51
	2904.80	0.00	12.22	1560.51
	2904.81	0.00	12.16	1542.53
	2904.82	0.00	12.17	1551.54
	2904.83	0.00	12.18	1554.54
	2904.84	0.00	12.19	1555.57
	2904.86	0.00	12.20	1560.56
	2904.87	0.00	12.19	1561.56
	2904.88	0.00	12.21	1564.53
	2904.89	0.00	12.24	1574.51
	2904.90	0.00	12.23	1572.55
	2904.91	0.00	12.22	1574.55
	2904.93	0.00	12.22	1576.55
	2904.94	0.00	12.20	1573.56
	2904.95	0.00	12.21	1578.57
	2904.96	0.00	12.21	1576.58
	2904.97	0.00	12.21	1579.58
	2904.99	0.00	12.21	1575.55
	2905.00	0.00	12.22	1576.53
	2905.01	0.00	12.23	1578.53
	2905.02	0.00	12.23	1578.52
	2905.03	0.00	12.22	1577.53
	2905.05	0.00	12.19	1567.54
	2905.06	0.00	12.21	1569.52
	2905.07	0.00	12.20	1568.52
	2905.08	0.00	12.21	1567.52
	2905.09	0.00	12.21	1567.50
	2905.10	0.00	12.19	1560.52
	2905.12	0.00	12.19	1562.51
	2905.13	0.00	12.20	1560.51
	2905.14	0.00	12.23	1560.43
	2905.15	0.00	12.20	1562.51
	2905.16	0.00	12.21	1559.48
	2905.18	0.00	12.17	1558.55
	2905.19	0.00	12.16	1558.57
	2905.20	0.00	12.16	1559.57
	2905.21	0.00	12.15	1558.59
	2905.22	0.00	12.17	1558.55
	2905.23	0.00	12.16	1560.57
	2905.25	0.00	12.15	1560.58
	2905.26	0.00	12.14	1562.59
	2905.27	0.00	12.21	1557.40
	2905.28	0.00	12.28	1562.29
	2905.29	0.00	12.26	1563.32
	2905.30	0.00	12.25	1559.33
	2905.32	0.00	12.24	1559.34
	2905.33	0.00	12.21	1543.31
	2905.34	0.00	12.13	1545.48
	2905.35	0.00	12.14	1539.52
	2905.36	0.00	12.13	1545.54
	2905.37	0.00	12.13	1543.54
	2905.39	0.00	12.07	1523.54
	2905.40	0.00	12.09	1535.56
	2905.41	0.00	12.11	1533.56
	2905.42	0.00	12.12	1535.57
	2905.43	0.00	12.12	1539.57
	2905.45	0.00	12.12	1535.53
	2905.46	0.00	12.16	1551.54
	2905.47	0.00	12.16	1552.55
	2905.48	0.00	12.17	1550.55
	2905.49	0.00	12.15	1554.57
	2905.50	0.00	12.13	1545.55
	2905.52	0.00	12.16	1551.52
	2905.53	0.00	12.17	1556.55
	2905.54	0.00	12.15	1555.56
	2905.55	0.00	12.15	1579.57
	2905.56	0.00	12.15	1581.56
	2905.58	0.00	12.14	1581.57
	2905.59	0.00	12.17	1577.49
	2905.60	0.00	12.15	1577.52
	2905.61	0.00	12.17	1580.51
	2905.62	0.00	12.17	1580.51
	2905.63	0.00	12.17	1582.51
	2905.65	0.00	12.15	1577.51
	2905.66	0.00	12.15	1575.51
	2905.67	0.00	12.15	1576.51
	2905.68	0.00	12.16	1575.50
	2905.69	0.00	12.15	1573.51
	2905.70	0.00	12.13	1573.51
	2905.72	0.00	12.14	1571.51
	2905.73	0.00	12.15	1553.53
	2905.74	0.00	12.17	1557.52
	2905.75	0.00	12.17	1553.52
	2905.76	0.00	12.15	1554.55
	2905.78	0.00	12.14	1556.58
	2905.79	0.00	12.14	1556.58
	2905.80	0.00	12.14	1557.59
	2905.81	0.00	12.13	1558.60
	2905.82	0.00	12.14	1555.57
	2905.83	0.00	12.15	1561.57
	2905.85	0.00	12.14	1561.59
	2905.86	0.00	12.13	1561.60
	2905.87	0.00	12.12	1564.61
	2905.88	0.00	12.27	1565.30
	2905.89	0.00	12.26	1566.30
	2905.91	0.00	12.26	1567.31
	2905.92	0.00	12.24	1562.33
	2905.93	0.00	12.23	1562.34
	2905.94	0.00	12.24	1549.24
	2905.95	0.00	12.14	1547.44
	2905.96	0.00	12.11	1550.51
	2905.98	0.00	12.09	1536.54
	2905.99	0.00	12.11	1548.56
	2906.00	0.00	12.03	1521.55
	2906.01	0.00	12.06	1534.58
	2906.02	0.00	12.07	1539.59
	2906.03	0.00	12.07	1542.60
	2906.05	0.00	12.07	1545.60
	2906.06	0.00	12.08	1552.60
	2906.07	0.00	12.10	1559.59
	2906.08	0.00	12.10	1559.60
	2906.09	0.00	12.10	1559.60
	2906.10	0.00	12.12	1559.54
	2906.12	0.00	12.08	1557.58
	2906.13	0.00	12.08	1557.61
	2906.14	0.00	12.07	1562.63
	2906.15	0.00	12.07	1562.64
	2906.16	0.00	12.07	1562.64
	2906.18	0.00	12.07	1558.61
	2906.19	0.00	12.08	1561.59
	2906.20	0.00	12.09	1563.59
	2906.21	0.00	12.07	1561.60
	2906.22	0.00	12.08	1561.58
	2906.23	0.00	12.08	1559.58
	2906.25	0.00	12.06	1552.58
	2906.26	0.00	12.05	1553.60
	2906.27	0.00	12.07	1553.58
	2906.28	0.00	12.06	1553.58
	2906.29	0.00	12.04	1548.58
	2906.31	0.00	12.05	1550.58
	2906.32	0.00	12.05	1549.58
	2906.33	0.00	12.05	1548.58
	2906.34	0.00	12.05	1546.57
	2906.35	0.00	12.03	1547.63
	2906.36	0.00	12.01	1544.63
	2906.38	0.00	12.02	1547.63
	2906.39	0.00	12.02	1545.64
	2906.40	0.00	12.02	1549.65
	2906.41	0.00	12.03	1546.61
	2906.42	0.00	12.03	1548.61
	2906.44	0.00	12.03	1547.63
	2906.45	0.00	12.02	1549.64
	2906.46	0.00	12.04	1551.59
	2906.47	0.00	12.16	1551.32
	2906.48	0.00	12.14	1553.35
	2906.49	0.00	12.12	1546.38
	2906.51	0.00	12.13	1548.37
	2906.52	0.00	12.12	1547.37
	2906.53	0.00	12.04	1535.47
	2906.54	0.00	12.01	1535.56
	2906.55	0.00	12.02	1534.58
	2906.56	0.00	12.02	1537.59
	2906.58	0.00	12.02	1538.58
	2906.59	0.00	11.93	1511.58
	2906.60	0.00	11.97	1524.60
	2906.61	0.00	12.00	1531.62
	2906.62	0.00	11.99	1535.63
	2906.64	0.00	11.99	1535.63
	2906.65	0.00	12.01	1540.60
	2906.66	0.00	12.03	1551.61
	2906.67	0.00	12.03	1550.62
	2906.68	0.00	12.02	1550.62
	2906.69	0.00	11.98	1552.63
	2906.71	0.00	11.99	1559.64
	2906.72	0.00	11.98	1561.65
	2906.73	0.00	11.98	1562.65
	2906.74	0.00	11.98	1563.66
	2906.75	0.00	11.98	1564.63
	2906.76	0.00	11.99	1561.61
	2906.78	0.00	11.99	1564.61
	2906.79	0.00	11.99	1566.61
	2906.80	0.00	11.99	1562.60
	2906.81	0.00	11.99	1568.60
	2906.82	0.00	11.95	1563.60
	2906.83	0.00	11.94	1564.60
	2906.85	0.00	11.92	1563.62
	2906.86	0.00	11.93	1569.60
	2906.87	0.00	11.91	1571.61
	2906.88	0.00	11.89	1567.61
	2906.89	0.00	11.86	1577.62
	2906.91	0.00	11.83	1572.62
	2906.92	0.00	11.85	1584.62
	2906.93	0.00	11.84	1586.62
	2906.94	0.00	11.83	1586.62
	2906.95	0.00	11.81	1586.66
	2906.97	0.00	11.80	1587.67
	2906.98	0.00	11.79	1591.69
	2906.99	0.00	11.79	1590.69
	2907.00	0.00	11.82	1594.62
	2907.01	0.00	11.80	1595.65
	2907.02	0.00	11.78	1595.67
	2907.04	0.00	11.76	1594.69
	2907.05	0.00	11.74	1600.72
	2907.06	0.00	11.75	1601.70
	2907.07	0.00	11.88	1599.38
	2907.08	0.00	11.87	1602.39
	2907.09	0.00	11.85	1597.40
	2907.11	0.00	11.83	1593.42
	2907.12	0.00	11.82	1594.40
	2907.13	0.00	11.74	1583.52
	2907.14	0.00	11.71	1584.58
	2907.15	0.00	11.70	1580.63
	2907.16	0.00	11.69	1580.64
	2907.18	0.00	11.69	1584.66
	2907.19	0.00	11.60	1559.65
	2907.20	0.00	11.62	1573.69
	2907.21	0.00	11.64	1577.70
	2907.22	0.00	11.64	1581.70
	2907.24	0.00	11.64	1585.70
	2907.25	0.00	11.63	1592.68
	2907.26	0.00	11.65	1607.69
	2907.27	0.00	11.64	1607.70
	2907.28	0.00	11.63	1610.70
	2907.29	0.00	11.62	1612.69
	2907.31	0.00	11.61	1610.68
	2907.32	0.00	11.60	1616.72
	2907.33	0.00	11.60	1617.73
	2907.34	0.00	11.58	1617.76
	2907.35	0.00	11.60	1620.73
	2907.37	0.00	11.60	1616.69
	2907.38	0.00	11.61	1618.69
	2907.39	0.00	11.61	1619.68
	2907.40	0.00	11.61	1614.68
	2907.41	0.00	11.61	1617.68
	2907.42	0.00	11.62	1616.67
	2907.44	0.00	11.59	1608.68
	2907.45	0.00	11.59	1610.68
	2907.46	0.00	11.59	1608.68
	2907.47	0.00	11.60	1607.67
	2907.48	0.00	11.63	1598.67
	2907.50	0.00	11.63	1597.67
	2907.51	0.00	11.62	1594.67
	2907.52	0.00	11.63	1592.67
	2907.53	0.00	11.63	1594.67
	2907.54	0.00	11.63	1595.68
	2907.55	0.00	11.65	1595.65
	2907.57	0.00	11.62	1594.70
	2907.58	0.00	11.61	1592.72
	2907.59	0.00	11.61	1591.71
	2907.60	0.00	11.60	1593.74
	2907.61	0.00	11.60	1593.74
	2907.62	0.00	11.61	1593.70
	2907.64	0.00	11.61	1596.72
	2907.65	0.00	11.62	1596.72
	2907.66	0.00	11.60	1599.74
	2907.67	0.00	11.62	1594.67
	2907.68	0.00	11.73	1598.40
	2907.70	0.00	11.76	1600.36
	2907.71	0.00	11.74	1599.42
	2907.72	0.00	11.71	1593.44
	2907.73	0.00	11.71	1594.45
	2907.74	0.00	11.67	1585.46
	2907.75	0.00	11.64	1582.51
	2907.77	0.00	11.58	1582.64
	2907.78	0.00	11.59	1578.68
	2907.79	0.00	11.59	1582.69
	2907.80	0.00	11.55	1563.65
	2907.81	0.00	11.54	1567.70
	2907.83	0.00	11.54	1569.71
	2907.84	0.00	11.56	1572.71
	2907.85	0.00	11.59	1573.72
	2907.86	0.00	11.59	1578.72
	2907.87	0.00	11.58	1580.73
	2907.88	0.00	11.58	1581.73
	2907.90	0.00	11.60	1584.71
	2907.91	0.00	11.63	1595.70
	2907.92	0.00	11.62	1595.71
	2907.93	0.00	11.63	1598.71
	2907.94	0.00	11.63	1598.71
	2907.95	0.00	11.63	1599.72
	2907.97	0.00	11.64	1598.72
	2907.98	0.00	11.64	1598.72
	2907.99	0.00	11.63	1600.72
	2908.00	0.00	11.63	1604.71
	2908.01	0.00	11.62	1605.73
	2908.02	0.00	11.62	1606.72
	2908.04	0.00	11.63	1610.73
	2908.05	0.00	11.62	1612.74
	2908.06	0.00	11.63	1612.75
	2908.07	0.00	11.63	1614.74
	2908.08	0.00	11.64	1614.73
	2908.10	0.00	11.64	1615.74
	2908.11	0.00	11.65	1612.71
	2908.12	0.00	11.67	1615.69
	2908.13	0.00	11.68	1618.68
	2908.14	0.00	11.70	1616.68
	2908.15	0.00	11.70	1615.67
	2908.17	0.00	11.70	1612.67
	2908.18	0.00	11.72	1614.67
	2908.19	0.00	11.71	1608.67
	2908.20	0.00	11.72	1609.68
	2908.21	0.00	11.73	1609.66
	2908.23	0.00	11.74	1607.66
	2908.24	0.00	11.75	1607.66
	2908.25	0.00	11.74	1605.66
	2908.26	0.00	11.74	1605.68
	2908.27	0.00	11.76	1607.65
	2908.28	0.00	11.77	1607.65
	2908.30	0.00	11.77	1607.65
	2908.31	0.00	11.77	1608.66
	2908.32	0.00	11.76	1605.67
	2908.33	0.00	11.76	1609.70
	2908.34	0.00	11.76	1610.71
	2908.36	0.00	11.77	1610.71
	2908.37	0.00	11.77	1610.71
	2908.38	0.00	11.79	1611.67
	2908.39	0.00	11.79	1612.69
	2908.40	0.00	11.79	1613.70
	2908.41	0.00	11.80	1619.71
	2908.43	0.00	11.80	1619.71
	2908.44	0.00	11.93	1617.38
	2908.45	0.00	11.94	1619.36
	2908.46	0.00	11.94	1621.37
	2908.47	0.00	11.93	1624.40
	2908.49	0.00	11.91	1614.41
	2908.50	0.00	11.91	1617.42
	2908.51	0.00	11.84	1603.49
	2908.52	0.00	11.79	1604.60
	2908.53	0.00	11.80	1597.63
	2908.54	0.00	11.80	1603.65
	2908.56	0.00	11.73	1580.63
	2908.57	0.00	11.73	1585.67
	2908.58	0.00	11.76	1596.67
	2908.59	0.00	11.77	1600.68
	2908.60	0.00	11.79	1599.68
	2908.61	0.00	11.78	1605.70
	2908.63	0.00	11.80	1607.66
	2908.64	0.00	11.83	1619.67
	2908.65	0.00	11.83	1623.68
	2908.66	0.00	11.83	1622.68
	2908.67	0.00	11.84	1623.67
	2908.69	0.00	11.83	1626.68
	2908.70	0.00	11.83	1625.68
	2908.71	0.00	11.84	1629.70
	2908.72	0.00	11.84	1626.69
	2908.73	0.00	11.85	1629.70
	2908.75	0.00	11.87	1627.66
	2908.76	0.00	11.87	1627.66
	2908.77	0.00	11.87	1627.66
	2908.78	0.00	11.89	1629.65
	2908.79	0.00	11.89	1630.65
	2908.80	0.00	11.89	1630.64
	2908.82	0.00	11.89	1630.64
	2908.83	0.00	11.88	1623.64
	2908.84	0.00	11.91	1618.64
	2908.85	0.00	11.95	1611.63
	2908.86	0.00	11.97	1608.63
	2908.87	0.00	11.99	1604.63
	2908.89	0.00	12.00	1603.62
	2908.90	0.00	12.00	1598.62
	2908.91	0.00	12.02	1602.62
	2908.92	0.00	12.03	1600.62
	2908.93	0.00	12.04	1595.62
	2908.95	0.00	12.07	1597.59
	2908.96	0.00	12.05	1597.64
	2908.97	0.00	12.05	1599.66
	2908.98	0.00	12.05	1598.67
	2908.99	0.00	12.05	1598.67
	2909.00	0.00	12.06	1600.67
	2909.02	0.00	12.08	1598.62
	2909.03	0.00	12.07	1597.64
	2909.04	0.00	12.07	1598.65
	2909.05	0.00	12.07	1596.65
	2909.06	0.00	12.06	1596.66
	2	8
	2927.10	0.00	12.10	1564.59
	2927.11	0.00	12.09	1557.55
	2927.12	0.00	12.12	1570.56
	2927.13	0.00	12.13	1576.57
10	1560.58
	2927.10	0.00	12.10	1564.59
	2927.11	0.00	12.09	1557.55
	2927.12	0.00	12.12	1570.56
	2927.13	0.00	12.13	1576.57
	2927.14	0.00	12.13	1577.58
	2927.16	0.00	12.13	1582.59
	2927.17	0.00	12.13	1580.57
	2927.18	0.00	12.12	1583.60
	2927.19	0.00	12.12	1585.61
	2927.20	0.00	12.13	1586.61
	2927.21	0.00	12.13	1585.60
	2927.23	0.00	12.13	1583.57
	2927.24	0.00	12.15	1585.56
	2927.25	0.00	12.15	1585.55
	2927.26	0.00	12.15	1585.56
	2927.27	0.00	12.15	1588.56
	2927.28	0.00	12.14	1580.55
	2927.30	0.00	12.14	1581.55
	2927.31	0.00	12.13	1580.57
	2927.32	0.00	12.14	1581.55
	2927.33	0.00	12.14	1578.55
	2927.34	0.00	12.14	1578.55
	2927.35	0.00	12.16	1577.49
	2927.37	0.00	12.14	1579.55
	2927.38	0.00	12.15	1580.55
	2927.39	0.00	12.15	1580.53
	2927.40	0.00	12.13	1581.59
	2927.41	0.00	12.13	1582.58
	2927.43	0.00	12.13	1581.59
	2927.44	0.00	12.12	1580.60
	2927.45	0.00	12.11	1582.63
	2927.46	0.00	12.15	1583.56
	2927.47	0.00	12.14	1583.58
	2927.48	0.00	12.14	1584.59
	2927.50	0.00	12.12	1583.62
	2927.51	0.00	12.28	1584.26
	2927.52	0.00	12.28	1585.27
	2927.53	0.00	12.28	1587.28
	2927.54	0.00	12.26	1582.31
	2927.56	0.00	12.26	1580.31
	2927.57	0.00	12.26	1569.22
	2927.58	0.00	12.16	1564.43
	2927.59	0.00	12.15	1564.48
	2927.60	0.00	12.15	1564.52
	2927.62	0.00	12.15	1565.52
	2927.63	0.00	12.14	1567.53
	2927.64	0.00	12.06	1542.55
	2927.65	0.00	12.10	1555.56
	2927.66	0.00	12.12	1555.57
	2927.67	0.00	12.11	1561.58
	2927.69	0.00	12.08	1556.57
	2927.70	0.00	12.15	1574.55
	2927.71	0.00	12.14	1576.57
	2927.72	0.00	12.15	1576.56
	2927.73	0.00	12.13	1578.59
	2927.75	0.00	12.14	1581.58
	2927.76	0.00	12.14	1581.58
	2927.77	0.00	12.14	1583.59
	2927.78	0.00	12.13	1584.61
	2927.79	0.00	12.13	1585.60
	2927.80	0.00	12.13	1584.60
	2927.81	0.00	12.14	1581.56
	2927.83	0.00	12.15	1586.56
	2927.84	0.00	12.16	1585.55
	2927.85	0.00	12.15	1585.55
	2927.86	0.00	12.14	1579.54
	2927.87	0.00	12.13	1578.56
	2927.89	0.00	12.14	1579.54
	2927.90	0.00	12.14	1577.54
	2927.91	0.00	12.14	1577.54
	2927.92	0.00	12.12	1573.57
	2927.93	0.00	12.14	1578.54
	2927.94	0.00	12.13	1576.54
	2927.96	0.00	12.14	1577.54
	2927.97	0.00	12.14	1577.52
	2927.98	0.00	12.11	1571.56
	2927.99	0.00	12.12	1579.59
	2928.00	0.00	12.11	1577.60
	2928.02	0.00	12.10	1581.64
	2928.03	0.00	12.12	1582.61
	2928.04	0.00	12.13	1580.57
	2928.05	0.00	12.12	1582.59
	2928.06	0.00	12.11	1582.62
	2928.07	0.00	12.12	1587.61
	2928.09	0.00	12.15	1577.48
	2928.10	0.00	12.27	1584.26
	2928.11	0.00	12.26	1587.31
	2928.12	0.00	12.27	1591.29
	2928.13	0.00	12.24	1579.31
	2928.14	0.00	12.24	1580.32
	2928.16	0.00	12.19	1566.34
	2928.17	0.00	12.14	1570.47
	2928.18	0.00	12.12	1561.52
	2928.19	0.00	12.12	1565.53
	2928.20	0.00	12.12	1567.55
	2928.22	0.00	12.13	1568.54
	2928.23	0.00	12.05	1544.55
	2928.24	0.00	12.08	1556.57
	2928.25	0.00	12.09	1557.59
	2928.26	0.00	12.10	1564.59
	2928.27	0.00	12.09	1566.59
	2928.29	0.00	12.12	1573.57
	2928.30	0.00	12.13	1579.58
	2928.31	0.00	12.14	1578.58
	2928.32	0.00	12.13	1581.58
	2928.33	0.00	12.14	1582.55
	2928.35	0.00	12.12	1583.59
	2928.36	0.00	12.12	1585.61
	2928.37	0.00	12.12	1584.61
	2928.38	0.00	12.12	1583.61
	2928.39	0.00	12.14	1585.54
	2928.40	0.00	12.13	1584.57
	2928.42	0.00	12.14	1586.56
	2928.43	0.00	12.15	1584.56
	2928.44	0.00	12.15	1585.55
	2928.45	0.00	12.15	1589.56
	2928.46	0.00	12.11	1578.56
	2928.47	0.00	12.12	1580.55
	2928.49	0.00	12.12	1580.56
	2928.50	0.00	12.12	1579.56
	2928.51	0.00	12.13	1579.55
	2928.52	0.00	12.11	1573.55
	2928.53	0.00	12.13	1578.54
	2928.55	0.00	12.12	1576.55
	2928.56	0.00	12.14	1577.55
	2928.57	0.00	12.13	1579.54
	2928.58	0.00	12.12	1579.58
	2928.59	0.00	12.13	1581.56
	2928.60	0.00	12.12	1579.61
	2928.62	0.00	12.11	1582.61
	2928.63	0.00	12.13	1579.56
	2928.64	0.00	12.12	1583.58
	2928.65	0.00	12.12	1583.60
	2928.66	0.00	12.12	1582.61
	2928.67	0.00	12.16	1580.48
	2928.69	0.00	12.26	1586.27
	2928.70	0.00	12.27	1587.28
	2928.71	0.00	12.26	1584.30
	2928.72	0.00	12.24	1580.31
	2928.73	0.00	12.23	1581.33
	2928.75	0.00	12.18	1568.36
	2928.76	0.00	12.13	1568.48
	2928.77	0.00	12.13	1563.52
	2928.78	0.00	12.13	1567.53
	2928.79	0.00	12.04	1535.52
	2928.80	0.00	12.07	1553.56
	2928.82	0.00	12.08	1557.57
	2928.83	0.00	12.08	1557.57
	2928.84	0.00	12.11	1560.58
	2928.85	0.00	12.10	1564.58
	2928.86	0.00	12.08	1557.55
	2928.88	0.00	12.13	1574.56
	2928.89	0.00	12.15	1580.57
	2928.90	0.00	12.14	1581.58
	2928.91	0.00	12.13	1583.58
	2928.92	0.00	12.13	1577.54
	2928.93	0.00	12.13	1584.60
	2928.95	0.00	12.13	1584.60
	2928.96	0.00	12.13	1586.61
	2928.97	0.00	12.14	1583.57
	2928.98	0.00	12.14	1586.58
	2928.99	0.00	12.15	1588.55
	2929.00	0.00	12.16	1586.55
	2929.02	0.00	12.16	1586.55
	2929.03	0.00	12.15	1586.56
	2929.04	0.00	12.09	1570.55
	2929.05	0.00	12.13	1581.55
	2929.06	0.00	12.14	1580.55
	2929.08	0.00	12.17	1580.46
	2929.09	0.00	12.13	1577.55
	2929.10	0.00	12.12	1576.55
	2929.11	0.00	12.13	1578.54
	2929.12	0.00	12.14	1578.54
	2929.13	0.00	12.13	1578.55
	2929.15	0.00	12.14	1581.54
	2929.16	0.00	12.14	1579.57
	2929.17	0.00	12.15	1580.55
	2929.18	0.00	12.13	1581.60
	2929.19	0.00	12.13	1580.60
	2929.21	0.00	12.12	1580.61
	2929.22	0.00	12.14	1582.57
	2929.23	0.00	12.11	1576.59
	2929.24	0.00	12.13	1582.60
	2929.25	0.00	12.12	1583.60
	2929.26	0.00	12.27	1583.28
	2929.28	0.00	12.28	1585.27
	2929.29	0.00	12.27	1581.29
	2929.30	0.00	12.25	1579.30
	2929.31	0.00	12.25	1581.31
	2929.32	0.00	12.24	1579.32
	2929.33	0.00	12.18	1567.37
	2929.35	0.00	12.14	1568.47
	2929.36	0.00	12.15	1563.51
	2929.37	0.00	12.14	1567.54
	2929.38	0.00	12.08	1544.51
	2929.39	0.00	12.07	1544.53
	2929.40	0.00	12.08	1549.55
	2929.42	0.00	12.10	1558.57
	2929.43	0.00	12.12	1561.57
	2929.44	0.00	12.11	1564.57
	2929.45	0.00	12.12	1565.54
	2929.46	0.00	12.19	1578.47
	2929.48	0.00	12.15	1578.56
	2929.49	0.00	12.14	1578.57
	2929.50	0.00	12.14	1579.57
	2929.51	0.00	12.16	1576.48
	2929.52	0.00	12.14	1582.59
	2929.54	0.00	12.14	1583.59
	2929.55	0.00	12.14	1584.59
	2929.56	0.00	12.14	1584.58
	2929.57	0.00	12.15	1583.55
	2929.58	0.00	12.17	1584.54
	2929.59	0.00	12.16	1584.54
	2929.61	0.00	12.16	1585.55
	2929.62	0.00	12.17	1586.54
	2929.63	0.00	12.14	1577.54
	2929.64	0.00	12.14	1576.53
	2929.65	0.00	12.14	1576.54
	2929.67	0.00	12.14	1577.54
	2929.68	0.00	12.13	1572.54
	2929.69	0.00	12.14	1576.54
	2929.70	0.00	12.14	1575.53
	2929.71	0.00	12.14	1575.54
	2929.72	0.00	12.16	1576.51
	2929.74	0.00	12.13	1576.57
	2929.75	0.00	12.13	1574.58
	2929.76	0.00	12.12	1577.61
	2929.77	0.00	12.13	1579.60
	2929.78	0.00	12.15	1580.56
	2929.79	0.00	12.14	1581.58
	2929.81	0.00	12.14	1580.57
	2929.82	0.00	12.14	1579.58
	2929.83	0.00	12.13	1582.59
	2929.84	0.00	12.13	1581.60
	2929.85	0.00	12.26	1579.29
	2929.86	0.00	12.28	1585.25
	2929.88	0.00	12.27	1586.28
	2929.89	0.00	12.26	1578.29
	2929.90	0.00	12.24	1580.32
	2929.91	0.00	12.23	1566.26
	2929.92	0.00	12.15	1566.44
	2929.94	0.00	12.14	1560.50
	2929.95	0.00	12.13	1562.54
	2929.96	0.00	12.13	1559.50
	2929.97	0.00	12.06	1539.52
	2929.98	0.00	12.07	1546.55
	2930.00	0.00	12.10	1551.52
	2930.01	0.00	12.10	1552.57
	2930.02	0.00	12.10	1561.57
	2930.03	0.00	12.10	1563.58
	2930.04	0.00	12.12	1569.55
	2930.05	0.00	12.14	1578.56
	2930.07	0.00	12.13	1575.57
	2930.08	0.00	12.13	1576.57
	2930.09	0.00	12.14	1578.57
	2930.10	0.00	12.12	1578.57
	2930.11	0.00	12.13	1582.59
	2930.12	0.00	12.13	1581.59
	2930.14	0.00	12.12	1583.60
	2930.15	0.00	12.13	1578.56
	2930.16	0.00	12.15	1583.55
	2930.17	0.00	12.15	1583.55
	2930.18	0.00	12.15	1582.54
	2930.19	0.00	12.14	1582.55
	2930.21	0.00	12.15	1581.54
	2930.22	0.00	12.13	1575.54
	2930.23	0.00	12.15	1576.49
	2930.24	0.00	12.11	1569.54
	2930.25	0.00	12.13	1576.54
	2930.27	0.00	12.12	1569.54
	2930.28	0.00	12.14	1573.53
	2930.29	0.00	12.13	1573.54
	2930.30	0.00	12.13	1574.54
	2930.31	0.00	12.13	1574.54
	2930.32	0.00	12.14	1575.54
	2930.34	0.00	12.12	1577.58
	2930.35	0.00	12.12	1574.60
	2930.36	0.00	12.11	1577.60
	2930.37	0.00	12.12	1577.59
	2930.38	0.00	12.13	1579.56
	2930.40	0.00	12.13	1578.57
	2930.41	0.00	12.12	1578.59
	2930.42	0.00	12.11	1580.62
	2930.43	0.00	12.16	1574.45
	2930.44	0.00	12.27	1581.26
	2930.45	0.00	12.27	1583.27
	2930.47	0.00	12.24	1576.31
	2930.48	0.00	12.25	1575.30
	2930.49	0.00	12.24	1577.31
	2930.50	0.00	12.18	1560.33
	2930.51	0.00	12.13	1562.46
	2930.53	0.00	12.12	1554.51
	2930.54	0.00	12.14	1563.52
	2930.55	0.00	12.13	1557.50
	2930.56	0.00	12.06	1535.52
	2930.57	0.00	12.07	1539.53
	2930.58	0.00	12.08	1551.55
	2930.59	0.00	12.10	1553.57
	2930.61	0.00	12.09	1559.57
	2930.62	0.00	12.09	1560.58
	2930.63	0.00	12.12	1566.55
	2930.64	0.00	12.12	1573.56
	2930.65	0.00	12.12	1574.57
	2930.67	0.00	12.12	1576.57
	2930.68	0.00	12.12	1573.58
	2930.69	0.00	12.11	1572.56
	2930.70	0.00	12.11	1577.59
	2930.71	0.00	12.11	1579.60
	2930.72	0.00	12.11	1578.60
	2930.74	0.00	12.10	1578.61
	2930.75	0.00	12.11	1576.57
	2930.76	0.00	12.11	1575.57
	2930.77	0.00	12.12	1577.56
	2930.78	0.00	12.12	1580.56
	2930.80	0.00	12.12	1579.56
	2930.81	0.00	12.12	1579.56
	2930.82	0.00	12.09	1570.56
	2930.83	0.00	12.10	1572.56
	2930.84	0.00	12.09	1573.57
	2930.85	0.00	12.10	1570.57
	2930.87	0.00	12.09	1573.56
	2930.88	0.00	12.10	1572.56
	2930.89	0.00	12.08	1567.57
	2930.90	0.00	12.09	1569.57
	2930.91	0.00	12.10	1572.56
	2930.92	0.00	12.10	1573.57
	2930.94	0.00	12.11	1574.55
	2930.95	0.00	12.09	1572.58
	2930.96	0.00	12.09	1573.60
	2930.97	0.00	12.07	1573.62
	2930.98	0.00	12.09	1576.60
	2931.00	0.00	12.06	1570.63
	2931.01	0.00	12.10	1577.59
	2931.02	0.00	12.09	1576.61
	2931.03	0.00	12.09	1578.62
	2931.04	0.00	12.08	1578.63
	2931.05	0.00	12.23	1576.29
	2931.07	0.00	12.23	1581.30
	2931.08	0.00	12.22	1575.32
	2931.09	0.00	12.22	1573.33
	2931.10	0.00	12.20	1573.34
	2931.11	0.00	12.20	1561.26
	2931.13	0.00	12.10	1559.46
	2931.14	0.00	12.09	1556.53
	2931.15	0.00	12.09	1555.55
	2931.16	0.00	12.09	1561.56
	2931.17	0.00	12.06	1544.53
	2931.18	0.00	12.01	1537.56
	2931.20	0.00	12.04	1547.59
	2931.21	0.00	12.06	1551.60
	2931.22	0.00	12.05	1556.61
	2931.23	0.00	12.06	1559.61
	2931.24	0.00	12.04	1551.59
	2931.25	0.00	12.09	1566.57
	2931.27	0.00	12.10	1572.59
	2931.28	0.00	12.10	1574.60
	2931.29	0.00	12.10	1576.60
	2931.30	0.00	12.08	1574.60
	2931.31	0.00	12.09	1579.62
	2931.32	0.00	12.09	1578.63
	2931.34	0.00	12.09	1581.63
	2931.35	0.00	12.09	1580.62
	2931.36	0.00	12.10	1577.58
	2931.37	0.00	12.11	1580.59
	2931.38	0.00	12.11	1581.58
	2931.40	0.00	12.12	1580.57
	2931.41	0.00	12.11	1582.57
	2931.42	0.00	12.09	1573.57
	2931.43	0.00	12.09	1576.57
	2931.44	0.00	12.09	1573.57
	2931.46	0.00	12.09	1572.57
	2931.47	0.00	12.10	1573.57
	2931.48	0.00	12.10	1575.57
	2931.49	0.00	12.09	1572.57
	2931.50	0.00	12.10	1573.57
	2931.51	0.00	12.10	1575.57
	2931.53	0.00	12.10	1575.57
	2931.54	0.00	12.09	1574.58
	2931.55	0.00	12.09	1576.61
	2931.56	0.00	12.09	1575.62
	2931.57	0.00	12.09	1576.62
	2931.58	0.00	12.08	1577.63
	2931.60	0.00	12.10	1578.58
	2931.61	0.00	12.10	1580.60
	2931.62	0.00	12.10	1579.62
	2931.63	0.00	12.09	1579.62
	2931.64	0.00	12.09	1581.63
	2931.65	0.00	12.20	1577.35
	2931.67	0.00	12.24	1584.29
	2931.68	0.00	12.24	1585.31
	2931.69	0.00	12.22	1576.33
	2931.70	0.00	12.22	1577.34
	2931.71	0.00	12.18	1565.32
	2931.73	0.00	12.10	1564.49
	2931.74	0.00	12.10	1558.53
	2931.75	0.00	12.11	1562.55
	2931.76	0.00	12.11	1563.55
	2931.77	0.00	12.07	1549.52
	2931.78	0.00	12.04	1547.57
	2931.80	0.00	12.05	1555.60
	2931.81	0.00	12.05	1552.60
	2931.82	0.00	12.07	1562.60
	2931.83	0.00	12.06	1554.56
	2931.84	0.00	12.09	1567.58
	2931.86	0.00	12.11	1576.59
	2931.87	0.00	12.12	1578.59
	2931.88	0.00	12.11	1579.60
	2931.89	0.00	12.11	1575.54
	2931.90	0.00	12.10	1582.61
	2931.91	0.00	12.10	1581.62
	2931.93	0.00	12.10	1583.62
	2931.94	0.00	12.09	1582.63
	2931.95	0.00	12.11	1585.62
	2931.96	0.00	12.11	1581.58
	2931.97	0.00	12.12	1583.57
	2931.98	0.00	12.13	1583.56
	2932.00	0.00	12.10	1577.57
	2932.01	0.00	12.10	1575.56
	2932.02	0.00	12.11	1576.56
	2932.03	0.00	12.11	1576.56
	2932.04	0.00	12.10	1574.56
	2932.06	0.00	12.11	1576.56
	2932.07	0.00	12.10	1573.56
	2932.08	0.00	12.10	1576.56
	2932.09	0.00	12.11	1577.56
	2932.10	0.00	12.12	1577.56
	2932.11	0.00	12.11	1577.56
	2932.13	0.00	12.09	1577.60
	2932.14	0.00	12.09	1577.61
	2932.15	0.00	12.10	1582.62
	2932.16	0.00	12.10	1581.62
	2932.17	0.00	12.12	1579.57
	2932.19	0.00	12.11	1580.59
	2932.20	0.00	12.11	1581.60
	2932.21	0.00	12.10	1580.61
	2932.22	0.00	12.10	1583.62
	2932.23	0.00	12.25	1581.28
	2932.24	0.00	12.25	1582.28
	2932.26	0.00	12.25	1583.29
	2932.27	0.00	12.23	1576.32
	2932.28	0.00	12.21	1577.33
	2932.29	0.00	12.21	1565.25
	2932.30	0.00	12.12	1565.45
	2932.31	0.00	12.11	1562.52
	2932.33	0.00	12.12	1564.54
	2932.34	0.00	12.11	1566.54
	2932.35	0.00	12.05	1545.55
	2932.36	0.00	12.08	1555.55
	2932.37	0.00	12.09	1557.58
	2932.38	0.00	12.09	1558.58
	2932.40	0.00	12.08	1561.59
	2932.41	0.00	12.07	1555.56
	2932.42	0.00	12.13	1573.56
	2932.43	0.00	12.13	1574.57
	2932.44	0.00	12.12	1576.58
	2932.46	0.00	12.14	1577.54
	2932.47	0.00	12.12	1567.54
	2932.48	0.00	12.13	1578.59
	2932.49	0.00	12.13	1580.59
	2932.50	0.00	12.13	1579.59
	2932.51	0.00	12.12	1579.60
	2932.53	0.00	12.14	1579.56
	2932.54	0.00	12.15	1581.55
	2932.55	0.00	12.16	1581.54
	2932.56	0.00	12.15	1581.54
	2932.57	0.00	12.15	1581.54
	2932.59	0.00	12.13	1574.54
	2932.60	0.00	12.13	1575.54
	2932.61	0.00	12.13	1576.54
	2932.62	0.00	12.14	1575.54
	2932.63	0.00	12.14	1574.54
	2932.64	0.00	12.13	1569.53
	2932.66	0.00	12.14	1572.53
	2932.67	0.00	12.14	1573.53
	2932.68	0.00	12.14	1572.53
	2932.69	0.00	12.14	1571.54
	2932.70	0.00	12.12	1572.57
	2932.71	0.00	12.12	1575.58
	2932.73	0.00	12.12	1575.59
	2932.74	0.00	12.12	1574.59
	2932.75	0.00	12.13	1576.59
	2932.76	0.00	12.14	1576.55
	2932.77	0.00	12.14	1577.57
	2932.79	0.00	12.13	1577.58
	2932.80	0.00	12.12	1580.59
	2932.81	0.00	12.28	1578.25
	2932.82	0.00	12.29	1580.24
	2932.83	0.00	12.27	1580.27
	2932.84	0.00	12.26	1572.29
	2932.86	0.00	12.26	1574.29
	2932.87	0.00	12.23	1560.25
	2932.88	0.00	12.14	1560.44
	2932.89	0.00	12.13	1555.49
	2932.90	0.00	12.14	1558.51
	2932.92	0.00	12.14	1560.52
	2932.93	0.00	12.13	1560.52
	2932.94	0.00	12.07	1533.50
	2932.95	0.00	12.08	1543.54
	2932.96	0.00	12.10	1551.55
	2932.97	0.00	12.11	1554.56
	2932.99	0.00	12.10	1559.56
	2933.00	0.00	12.11	1555.53
	2933.01	0.00	12.14	1570.55
	2933.02	0.00	12.15	1572.55
	2933.03	0.00	12.14	1572.56
	2933.04	0.00	12.13	1574.56
	2933.06	0.00	12.14	1571.52
	2933.07	0.00	12.14	1576.57
	2933.08	0.00	12.13	1578.58
	2933.09	0.00	12.13	1579.59
	2933.10	0.00	12.13	1580.59
	2933.11	0.00	12.14	1580.58
	2933.13	0.00	12.14	1576.55
	2933.14	0.00	12.15	1578.54
	2933.15	0.00	12.15	1577.54
	2933.16	0.00	12.14	1576.54
	2933.17	0.00	12.16	1576.53
	2933.19	0.00	12.13	1573.53
	2933.20	0.00	12.13	1572.53
	2933.21	0.00	12.13	1569.53
	2933.22	0.00	12.14	1570.53
	2933.23	0.00	12.14	1571.53
	2933.25	0.00	12.12	1565.53
	2933.26	0.00	12.13	1568.53
	2933.27	0.00	12.14	1571.53
	2933.28	0.00	12.13	1570.53
	2933.29	0.00	12.13	1571.54
	2933.30	0.00	12.11	1572.58
	2933.32	0.00	12.11	1572.58
	2933.33	0.00	12.11	1573.59
	2933.34	0.00	12.11	1573.59
	2933.35	0.00	12.13	1573.55
	2933.36	0.00	12.12	1575.57
	2933.38	0.00	12.12	1575.58
	2933.39	0.00	12.12	1577.59
	2933.40	0.00	12.11	1576.59
	2933.41	0.00	12.26	1576.26
	2933.42	0.00	12.27	1577.25
	2933.43	0.00	12.27	1575.24
	2933.45	0.00	12.22	1566.30
	2933.46	0.00	12.24	1572.30
	2933.47	0.00	12.16	1557.36
	2933.48	0.00	12.14	1559.43
	2933.49	0.00	12.11	1551.51
	2933.50	0.00	12.12	1558.52
	2933.52	0.00	12.04	1531.51
	2933.53	0.00	12.05	1537.54
	2933.54	0.00	12.06	1543.55
	2933.55	0.00	12.07	1549.56
	2933.56	0.00	12.09	1548.57
	2933.57	0.00	12.09	1554.57
	2933.59	0.00	12.07	1545.54
	2933.60	0.00	12.12	1565.55
	2933.61	0.00	12.13	1569.56
	2933.62	0.00	12.12	1571.57
	2933.63	0.00	12.11	1570.55
	2933.65	0.00	12.11	1572.58
	2933.66	0.00	12.11	1573.59
	2933.67	0.00	12.11	1573.59
	2933.68	0.00	12.11	1575.60
	2933.69	0.00	12.10	1577.60
	2933.70	0.00	12.11	1571.56
	2933.72	0.00	12.11	1572.56
	2933.73	0.00	12.11	1575.56
	2933.74	0.00	12.12	1576.55
	2933.75	0.00	12.12	1577.55
	2933.76	0.00	12.12	1575.55
	2933.78	0.00	12.09	1570.55
	2933.79	0.00	12.09	1570.55
	2933.80	0.00	12.10	1567.55
	2933.81	0.00	12.10	1568.55
	2933.82	0.00	12.11	1568.55
	2933.83	0.00	12.10	1569.55
	2933.85	0.00	12.09	1565.55
	2933.86	0.00	12.10	1568.55
	2933.87	0.00	12.10	1567.55
	2933.88	0.00	12.10	1569.55
	2933.89	0.00	12.11	1570.55
	2933.90	0.00	12.09	1569.58
	2933.92	0.00	12.08	1569.60
	2933.93	0.00	12.08	1569.60
	2933.94	0.00	12.08	1571.61
	2933.95	0.00	12.08	1571.62
	2933.96	0.00	12.10	1571.57
	2933.98	0.00	12.10	1574.59
	2933.99	0.00	12.09	1573.60
	2934.00	0.00	12.09	1574.61
	2934.01	0.00	12.12	1575.54
	2934.02	0.00	12.24	1576.27
	2934.03	0.00	12.24	1578.30
	2934.05	0.00	12.22	1570.31
	2934.06	0.00	12.22	1572.32
	2934.07	0.00	12.22	1573.32
	2934.08	0.00	12.17	1559.35
	2934.09	0.00	12.10	1562.49
	2934.10	0.00	12.10	1553.53
	2934.12	0.00	12.12	1557.53
	2934.13	0.00	12.11	1561.54
	2934.14	0.00	12.06	1537.51
	2934.15	0.00	12.05	1540.56
	2934.16	0.00	12.04	1543.57
	2934.17	0.00	12.08	1552.58
	2934.19	0.00	12.07	1557.59
	2934.20	0.00	12.08	1556.54
	2934.21	0.00	12.12	1571.56
	2934.22	0.00	12.12	1572.57
	2934.23	0.00	12.12	1572.57
	2934.25	0.00	12.13	1573.54
	2934.26	0.00	12.11	1572.58
	2934.27	0.00	12.11	1575.58
	2934.28	0.00	12.11	1578.60
	2934.29	0.00	12.12	1577.59
	2934.30	0.00	12.10	1575.60
	2934.32	0.00	12.11	1577.60
	2934.33	0.00	12.11	1574.57
	2934.34	0.00	12.11	1573.57
	2934.35	0.00	12.13	1580.55
	2934.36	0.00	12.14	1577.55
	2934.38	0.00	12.14	1578.54
	2934.39	0.00	12.12	1571.52
	2934.40	0.00	12.11	1570.54
	2934.41	0.00	12.12	1572.54
	2934.42	0.00	12.12	1571.54
	2934.43	0.00	12.14	1570.50
	2934.45	0.00	12.12	1571.54
	2934.46	0.00	12.11	1567.54
	2934.47	0.00	12.12	1570.54
	2934.48	0.00	12.12	1569.55
	2934.49	0.00	12.14	1572.53
	2934.50	0.00	12.14	1572.51
	2934.52	0.00	12.11	1572.56
	2934.53	0.00	12.11	1571.59
	2934.54	0.00	12.11	1572.58
	2934.55	0.00	12.11	1574.59
	2934.56	0.00	12.11	1574.59
	2934.58	0.00	12.13	1574.57
	2934.59	0.00	12.13	1577.57
	2934.60	0.00	12.13	1575.58
	2934.61	0.00	12.12	1576.58
	2934.62	0.00	12.11	1575.60
	2934.63	0.00	12.26	1575.27
	2934.65	0.00	12.27	1579.25
	2934.66	0.00	12.26	1574.28
	2934.67	0.00	12.24	1572.31
	2934.68	0.00	12.26	1572.26
	2934.69	0.00	12.17	1560.37
	2934.71	0.00	12.14	1560.44
	2934.72	0.00	12.13	1561.49
	2934.73	0.00	12.15	1557.50
	2934.74	0.00	12.14	1561.51
	2934.75	0.00	12.07	1536.51
	2934.76	0.00	12.08	1548.55
	2934.78	0.00	12.11	1548.55
	2934.79	0.00	12.11	1556.56
	2934.80	0.00	12.11	1558.56
	2934.81	0.00	12.11	1557.54
	2934.82	0.00	12.15	1573.54
	2934.83	0.00	12.15	1572.54
	2934.85	0.00	12.15	1572.55
	2934.86	0.00	12.14	1574.57
	2934.87	0.00	12.15	1572.53
	2934.88	0.00	12.14	1577.57
	2934.89	0.00	12.14	1576.57
	2934.90	0.00	12.14	1579.60
	2934.92	0.00	12.15	1581.57
	2934.93	0.00	12.15	1576.54
	2934.94	0.00	12.16	1579.53
	2934.95	0.00	12.16	1582.54
	2934.96	0.00	12.19	1580.51
	2934.98	0.00	12.18	1581.51
	2934.99	0.00	12.15	1573.51
	2935.00	0.00	12.15	1576.53
	2935.01	0.00	12.17	1576.51
	2935.02	0.00	12.16	1573.51
	2935.03	0.00	12.16	1574.51
	2935.05	0.00	12.16	1574.53
	2935.06	0.00	12.16	1574.51
	2935.07	0.00	12.17	1573.51
	2935.08	0.00	12.17	1574.51
	2935.09	0.00	12.16	1575.53
	2935.11	0.00	12.18	1576.50
	2935.12	0.00	12.17	1576.52
	2935.13	0.00	12.16	1576.55
	2935.14	0.00	12.14	1576.58
	2935.15	0.00	12.16	1579.57
	2935.16	0.00	12.17	1577.52
	2935.18	0.00	12.17	1577.54
	2935.19	0.00	12.17	1575.54
	2935.20	0.00	12.16	1580.56
	2935.21	0.00	12.16	1579.56
	2935.22	0.00	12.16	1579.56
	2935.23	0.00	12.33	1580.18
	2935.25	0.00	12.29	1578.24
	2935.26	0.00	12.29	1575.26
	2935.27	0.00	12.28	1574.27
	2935.28	0.00	12.29	1576.26
	2935.29	0.00	12.27	1561.21
	2935.31	0.00	12.19	1561.40
	2935.32	0.00	12.17	1560.46
	2935.33	0.00	12.17	1562.50
	2935.34	0.00	12.18	1566.50
	2935.35	0.00	12.10	1541.50
	2935.36	0.00	12.13	1552.52
	2935.38	0.00	12.15	1554.49
	2935.39	0.00	12.11	1540.53
	2935.40	0.00	12.15	1557.53
	2935.41	0.00	12.15	1560.53
	2935.42	0.00	12.16	1562.52
	2935.44	0.00	12.19	1573.52
	2935.45	0.00	12.19	1573.52
	2935.46	0.00	12.19	1576.53
	2935.47	0.00	12.18	1576.54
	2935.48	0.00	12.18	1579.54
	2935.49	0.00	12.17	1579.55
	2935.51	0.00	12.18	1578.55
	2935.52	0.00	12.16	1581.58
	2935.53	0.00	12.18	1579.52
	2935.54	0.00	12.19	1580.51
	2935.55	0.00	12.19	1581.51
	2935.56	0.00	12.18	1580.53
	2935.58	0.00	12.19	1583.51
	2935.59	0.00	12.16	1574.51
	2935.60	0.00	12.17	1576.51
	2935.61	0.00	12.16	1575.52
	2935.62	0.00	12.17	1575.51
	2935.63	0.00	12.17	1573.51
	2935.65	0.00	12.16	1569.50
	2935.66	0.00	12.16	1571.52
	2935.67	0.00	12.18	1572.50
	2935.68	0.00	12.17	1573.51
	2935.69	0.00	12.17	1574.51
	2935.71	0.00	12.18	1572.49
	2935.72	0.00	12.14	1566.54
	2935.73	0.00	12.15	1576.56
	2935.74	0.00	12.15	1580.57
	2935.75	0.00	12.17	1576.54
	2935.77	0.00	12.15	1571.53
	2935.78	0.00	12.16	1580.55
	2935.79	0.00	12.16	1579.55
	2935.80	0.00	12.16	1580.56
	2935.81	0.00	12.16	1584.57
	2935.82	0.00	12.30	1581.24
	2935.84	0.00	12.31	1583.24
	2935.85	0.00	12.28	1577.29
	2935.86	0.00	12.29	1578.28
	2935.87	0.00	12.28	1578.28
	2935.88	0.00	12.27	1565.22
	2935.89	0.00	12.20	1564.35
	2935.91	0.00	12.17	1565.44
	2935.92	0.00	12.17	1560.48
	2935.93	0.00	12.17	1565.50
	2935.94	0.00	12.10	1541.48
	2935.95	0.00	12.10	1548.53
	2935.96	0.00	12.12	1557.54
	2935.98	0.00	12.13	1556.55
	2935.99	0.00	12.14	1560.52
	2936.00	0.00	12.13	1561.55
	2936.01	0.00	12.11	1552.52
	2936.02	0.00	12.16	1573.53
	2936.04	0.00	12.16	1577.56
	2936.05	0.00	12.16	1579.55
	2936.06	0.00	12.16	1577.51
	2936.07	0.00	12.16	1582.56
	2936.08	0.00	12.16	1582.55
	2936.09	0.00	12.15	1584.57
	2936.11	0.00	12.15	1583.58
	2936.12	0.00	12.15	1583.58
	2936.13	0.00	12.15	1580.55
	2936.14	0.00	12.17	1585.53
	2936.15	0.00	12.18	1587.53
	2936.17	0.00	12.17	1584.53
	2936.18	0.00	12.14	1578.54
	2936.19	0.00	12.14	1578.53
	2936.20	0.00	12.15	1576.53
	2936.21	0.00	12.15	1577.53
	2936.22	0.00	12.13	1575.54
	2936.24	0.00	12.13	1573.53
	2936.25	0.00	12.13	1573.53
	2936.26	0.00	12.14	1574.53
	2936.27	0.00	12.17	1576.46
	2936.28	0.00	12.15	1576.53
	2936.29	0.00	12.15	1576.53
	2936.31	0.00	12.14	1576.55
	2936.32	0.00	12.13	1577.58
	2936.33	0.00	12.12	1579.59
	2936.34	0.00	12.12	1577.60
	2936.35	0.00	12.14	1577.55
	2936.37	0.00	12.14	1580.53
	2936.38	0.00	12.13	1580.58
	2936.39	0.00	12.13	1579.59
	2936.40	0.00	12.12	1580.60
	2936.41	0.00	12.19	1582.45
	2936.42	0.00	12.27	1584.27
	2936.44	0.00	12.27	1585.29
	2936.45	0.00	12.25	1576.30
	2936.46	0.00	12.24	1576.30
	2936.47	0.00	12.22	1571.31
	2936.48	0.00	12.23	1564.23
	2936.50	0.00	12.14	1565.44
	2936.51	0.00	12.12	1557.51
	2936.52	0.00	12.13	1562.52
	2936.53	0.00	12.13	1565.53
	2936.54	0.00	12.05	1543.55
	2936.55	0.00	12.08	1553.56
	2936.57	0.00	12.10	1554.57
	2936.58	0.00	12.10	1556.57
	2936.59	0.00	12.09	1560.58
	2936.60	0.00	12.06	1548.57
	2936.61	0.00	12.11	1563.55
	2936.62	0.00	12.13	1577.57
	2936.64	0.00	12.13	1576.57
	2936.65	0.00	12.12	1578.59
	2936.66	0.00	12.13	1582.58
	2936.67	0.00	12.12	1581.59
	2936.68	0.00	12.12	1580.59
	2936.69	0.00	12.12	1580.59
	2936.71	0.00	12.12	1581.60
	2936.72	0.00	12.13	1579.56
	2936.73	0.00	12.14	1582.55
	2936.74	0.00	12.14	1580.55
	2936.75	0.00	12.15	1584.55
	2936.77	0.00	12.13	1577.54
	2936.78	0.00	12.11	1573.55
	2936.79	0.00	12.12	1577.55
	2936.80	0.00	12.12	1575.55
	2936.81	0.00	12.12	1575.55
	2936.82	0.00	12.13	1573.54
	2936.84	0.00	12.12	1572.53
	2936.85	0.00	12.12	1575.55
	2936.86	0.00	12.13	1574.54
	2936.87	0.00	12.13	1574.54
	2936.88	0.00	12.14	1575.52
	2936.90	0.00	12.15	1574.50
	2936.91	0.00	12.12	1575.57
	2936.92	0.00	12.11	1575.59
	2936.93	0.00	12.10	1574.60
	2936.94	0.00	12.10	1577.61
	2936.95	0.00	12.10	1576.61
	2936.97	0.00	12.11	1574.56
	2936.98	0.00	12.11	1576.58
	2936.99	0.00	12.12	1581.59
	2937.00	0.00	12.11	1580.60
	2937.01	0.00	12.11	1579.60
	2937.02	0.00	12.25	1579.27
	2937.04	0.00	12.26	1581.28
	2937.05	0.00	12.24	1577.30
	2937.06	0.00	12.23	1573.31
	2937.07	0.00	12.23	1575.31
	2937.08	0.00	12.22	1576.32
	2937.10	0.00	12.17	1562.34
	2937.11	0.00	12.12	1562.47
	2937.12	0.00	12.12	1557.51
	2937.13	0.00	12.11	1559.54
	2937.14	0.00	12.05	1535.51
	2937.15	0.00	12.04	1534.53
	2937.17	0.00	12.06	1549.56
	2937.18	0.00	12.07	1553.57
	2937.19	0.00	12.09	1556.58
	2937.20	0.00	12.09	1560.58
	2937.21	0.00	12.10	1561.55
	2937.23	0.00	12.12	1572.57
	2937.24	0.00	12.13	1573.57
	2937.25	0.00	12.12	1571.57
	2937.26	0.00	12.12	1575.58
	2937.27	0.00	12.10	1570.57
	2937.28	0.00	12.11	1577.59
	2937.30	0.00	12.11	1578.60
	2937.31	0.00	12.11	1578.60
	2937.32	0.00	12.12	1580.60
	2937.33	0.00	12.12	1577.56
	2937.34	0.00	12.13	1579.55
	2937.35	0.00	12.13	1577.55
	2937.37	0.00	12.14	1578.52
	2937.38	0.00	12.13	1580.55
	2937.39	0.00	12.11	1572.55
	2937.40	0.00	12.11	1572.55
	2937.41	0.00	12.10	1571.57
	2937.42	0.00	12.12	1572.55
	2937.44	0.00	12.10	1567.55
	2937.45	0.00	12.11	1568.55
	2937.46	0.00	12.11	1571.57
	2937.47	0.00	12.12	1575.55
	2937.48	0.00	12.12	1571.54
	2937.50	0.00	12.13	1571.51
	2937.51	0.00	12.10	1571.59
	2937.52	0.00	12.10	1572.59
	2937.53	0.00	12.09	1573.60
	2937.54	0.00	12.09	1572.61
	2937.55	0.00	12.09	1574.62
	2937.57	0.00	12.12	1575.56
	2937.58	0.00	12.11	1575.58
	2937.59	0.00	12.11	1574.59
	2937.60	0.00	12.10	1574.59
	2937.61	0.00	12.18	1567.36
	2937.63	0.00	12.25	1579.27
	2937.64	0.00	12.25	1580.29
	2937.65	0.00	12.21	1570.33
	2937.66	0.00	12.23	1574.31
	2937.67	0.00	12.22	1573.32
	2937.68	0.00	12.17	1561.35
	2937.70	0.00	12.12	1560.48
	2937.71	0.00	12.11	1555.52
	2937.72	0.00	12.12	1559.53
	2937.73	0.00	12.04	1532.52
	2937.74	0.00	12.06	1544.55
	2937.75	0.00	12.07	1551.57
	2937.77	0.00	12.07	1552.57
	2937.78	0.00	12.09	1556.58
	2937.79	0.00	12.08	1557.60
	2937.80	0.00	12.10	1556.54
	2937.81	1.00	12.12	1570.56
	2937.83	1.00	12.13	1573.57
	2937.84	1.00	12.10	1573.60
	2937.85	1.00	12.12	1576.58
	2937.86	1.00	12.11	1573.56
	2937.87	1.00	12.11	1575.59
	2937.88	1.00	12.12	1580.58
	2937.90	1.00	12.10	1572.60
	2937.91	1.00	12.11	1580.60
	2937.92	1.00	12.12	1575.56
	2937.93	1.00	12.15	1580.52
	2937.94	1.00	12.13	1579.55
	2937.96	1.00	12.13	1579.55
	2937.97	1.00	12.13	1579.55
	2937.98	1.00	12.11	1571.55
	2937.99	1.00	12.13	1575.54
	2938.00	1.00	12.12	1572.54
	2938.01	1.00	12.13	1572.54
	2938.03	0.00	12.11	1569.54
	2938.04	0.00	12.11	1568.54
	2938.05	0.00	12.11	1570.54
	2938.06	0.00	12.12	1569.54
	2938.07	0.00	12.11	1570.56
	2938.08	0.00	12.13	1573.54
	2938.10	0.00	12.12	1571.55
	2938.11	0.00	12.11	1574.58
	2938.12	0.00	12.10	1571.60
	2938.13	0.00	12.10	1573.60
	2938.14	0.00	12.10	1573.60
	2938.16	0.00	12.10	1575.61
	2938.17	0.00	12.12	1575.56
	2938.18	0.00	12.10	1570.58
	2938.19	0.00	12.11	1576.59
	2938.20	0.00	12.10	1576.60
	2938.21	0.00	12.19	1571.36
	2938.23	0.00	12.24	1572.26
	2938.24	0.00	12.24	1577.29
	2938.25	0.00	12.23	1572.30
	2938.26	0.00	12.23	1572.31
	2938.27	0.00	12.24	1571.27
	2938.29	0.00	12.15	1559.39
	2938.30	0.00	12.12	1560.48
	2938.31	0.00	12.12	1555.52
	2938.32	0.00	12.12	1561.53
	2938.33	0.00	12.06	1535.50
	2938.34	0.00	12.05	1536.53
	2938.36	0.00	12.07	1544.54
	2938.37	0.00	12.08	1552.56
	2938.38	0.00	12.09	1555.57
	2938.39	0.00	12.09	1558.57
	2938.40	0.00	12.08	1553.55
	2938.41	0.00	12.12	1567.55
	2938.43	0.00	12.13	1570.55
	2938.44	0.00	12.13	1571.56
	2938.45	0.00	12.12	1570.58
	2938.46	0.00	12.12	1574.57
	2938.47	0.00	12.12	1573.56
	2938.48	0.00	12.12	1577.58
	2938.50	0.00	12.12	1577.59
	2938.51	0.00	12.13	1578.59
	2938.52	0.00	12.12	1577.59
	2938.53	0.00	12.13	1575.56
	2938.54	0.00	12.13	1578.56
	2938.56	0.00	12.15	1577.54
	2938.57	0.00	12.15	1577.53
	2938.58	0.00	12.15	1577.53
	2938.59	0.00	12.12	1572.55
	2938.60	0.00	12.13	1572.53
	2938.61	0.00	12.13	1569.53
	2938.63	0.00	12.13	1571.53
	2938.64	0.00	12.13	1571.53
	2938.65	0.00	12.12	1569.53
	2938.66	0.00	12.12	1567.53
	2938.67	0.00	12.13	1569.52
	2938.69	0.00	12.16	1570.46
	2938.70	0.00	12.13	1562.48
	2938.71	0.00	12.14	1571.52
	2938.72	0.00	12.13	1570.54
	2938.73	0.00	12.12	1570.57
	2938.74	0.00	12.12	1571.58
	2938.76	0.00	12.12	1572.58
	2938.77	0.00	12.12	1574.59
	2938.78	0.00	12.14	1575.54
	2938.79	0.00	12.13	1577.57
	2938.80	0.00	12.13	1574.57
	2938.81	0.00	12.13	1575.57
	2938.83	0.00	12.12	1577.58
	2938.84	0.00	12.19	1568.37
	2938.85	0.00	12.27	1578.24
	2938.86	0.00	12.28	1580.26
	2938.87	0.00	12.25	1571.28
	2938.89	0.00	12.25	1572.29
	2938.90	0.00	12.22	1559.25
	2938.91	0.00	12.16	1559.39
	2938.92	0.00	12.15	1561.42
	2938.93	0.00	12.13	1561.46
	2938.94	0.00	12.15	1555.49
	2938.96	0.00	12.14	1561.50
	2938.97	0.00	12.06	1532.50
	2938.98	0.00	12.08	1546.54
	2938.99	0.00	12.11	1552.54
	2939.00	0.00	12.11	1556.55
	2939.01	0.00	12.10	1559.55
	2939.03	0.00	12.14	1558.45
	2939.04	0.00	12.11	1557.52
	2939.05	0.00	12.14	1567.53
	2939.06	0.00	12.15	1572.54
	2939.07	0.00	12.14	1574.54
	2939.08	0.00	12.13	1575.55
	2939.10	0.00	12.14	1574.55
	2939.11	0.00	12.13	1578.57
	2939.12	0.00	12.14	1580.57
	2939.13	0.00	12.14	1579.57
	2939.14	0.00	12.14	1579.57
	2939.16	0.00	12.14	1576.53
	2939.17	0.00	12.16	1581.52
	2939.18	0.00	12.16	1577.51
	2939.19	0.00	12.16	1578.51
	2939.20	0.00	12.14	1569.51
	2939.21	0.00	12.15	1571.50
	2939.23	0.00	12.14	1567.51
	2939.24	0.00	12.16	1572.50
	2939.25	0.00	12.16	1572.51
	2939.26	0.00	12.16	1572.50
	2939.27	0.00	12.13	1562.50
	2939.29	0.00	12.16	1571.50
	2939.30	0.00	12.17	1571.50
	2939.31	0.00	12.17	1573.50
	2939.32	0.00	12.19	1574.44
	2939.33	0.00	12.17	1573.51
	2939.34	0.00	12.15	1573.54
	2939.36	0.00	12.15	1573.55
	2939.37	0.00	12.15	1574.56
	2939.38	0.00	12.15	1571.54
	2939.39	0.00	12.17	1574.52
	2939.40	0.00	12.17	1577.53
	2939.41	0.00	12.16	1576.55
	2939.43	0.00	12.16	1576.55
	2939.44	0.00	12.17	1576.54
	2939.45	0.00	12.32	1577.21
	2939.46	0.00	12.31	1579.23
	2939.47	0.00	12.29	1570.25
	2939.49	0.00	12.29	1573.26
	2939.50	0.00	12.29	1558.16
	2939.51	0.00	12.17	1554.38
	2939.52	0.00	12.17	1560.43
	2939.53	0.00	12.17	1554.46
	2939.54	0.00	12.19	1555.44
	2939.56	0.00	12.17	1557.48
	2939.57	0.00	12.10	1533.48
	2939.58	0.00	12.12	1547.51
	2939.59	0.00	12.13	1548.54
	2939.60	0.00	12.15	1556.52
	2939.62	0.00	12.14	1555.50
	2939.63	0.00	12.16	1558.49
	2939.64	0.00	12.17	1566.52
	2939.65	0.00	12.19	1573.51
	2939.66	0.00	12.18	1572.51
	2939.67	0.00	12.17	1574.52
	2939.69	0.00	12.16	1574.54
	2939.70	0.00	12.17	1578.54
	2939.71	0.00	12.17	1576.55
	2939.72	0.00	12.17	1579.55
	2939.73	0.00	12.16	1578.56
	2939.75	0.00	12.17	1575.51
	2939.76	0.00	12.18	1576.50
	2939.77	0.00	12.19	1577.50
	2939.78	0.00	12.20	1577.48
	2939.79	0.00	12.18	1576.49
	2939.80	0.00	12.16	1570.49
	2939.81	0.00	12.16	1572.49
	2939.83	0.00	12.18	1572.48
	2939.84	0.00	12.17	1569.49
	2939.85	0.00	12.17	1570.49
	2939.86	0.00	12.17	1569.49
	2939.87	0.00	12.16	1567.51
	2939.89	0.00	12.18	1573.49
	2939.90	0.00	12.18	1571.49
	2939.91	0.00	12.18	1572.49
	2939.92	0.00	12.19	1572.47
	2939.93	0.00	12.17	1573.51
	2939.94	0.00	12.15	1571.54
	2939.96	0.00	12.15	1572.55
	2939.97	0.00	12.14	1574.58
	2939.98	0.00	12.18	1576.51
	2939.99	0.00	12.16	1572.52
	2940.00	0.00	12.16	1573.53
	2940.02	0.00	12.20	1575.46
	2940.03	0.00	12.15	1575.55
	2940.04	0.00	12.16	1576.55
	2940.05	0.00	12.30	1575.23
	2940.06	0.00	12.30	1578.25
	2940.07	0.00	12.30	1576.25
	2940.09	0.00	12.28	1571.26
	2940.10	0.00	12.28	1571.27
	2940.11	0.00	12.26	1573.29
	2940.12	0.00	12.25	1562.26
	2940.13	0.00	12.18	1560.40
	2940.14	0.00	12.16	1552.46
	2940.16	0.00	12.17	1558.49
	2940.17	0.00	12.15	1552.46
	2940.18	0.00	12.10	1541.49
	2940.19	0.00	12.11	1547.51
	2940.20	0.00	12.11	1548.53
	2940.22	0.00	12.14	1553.53
	2940.23	0.00	12.13	1557.53
	2940.24	0.00	12.10	1546.50
	2940.25	0.00	12.16	1567.51
	2940.26	0.00	12.16	1571.53
	2940.27	0.00	12.16	1574.53
	2940.29	0.00	12.16	1571.49
	2940.30	0.00	12.16	1576.54
	2940.31	0.00	12.15	1577.55
	2940.32	0.00	12.15	1575.55
	2940.33	0.00	12.15	1577.56
	2940.35	0.00	12.15	1578.56
	2940.36	0.00	12.15	1572.52
	2940.37	0.00	12.17	1578.51
	2940.38	0.00	12.18	1579.51
	2940.39	0.00	12.17	1578.53
	2940.40	0.00	12.17	1580.51
	2940.42	0.00	12.17	1579.51
	2940.43	0.00	12.15	1571.51
	2940.44	0.00	12.14	1572.53
	2940.45	0.00	12.16	1575.51
	2940.46	0.00	12.16	1572.50
	2940.47	0.00	12.16	1573.51
	2940.49	0.00	12.14	1569.52
	2940.50	0.00	12.16	1574.51
	2940.51	0.00	12.16	1572.50
	2940.52	0.00	12.16	1575.51
	2940.53	0.00	12.17	1574.49
	2940.55	0.00	12.16	1573.51
	2940.56	0.00	12.14	1575.55
	2940.57	0.00	12.14	1573.56
	2940.58	0.00	12.14	1574.55
	2940.59	0.00	12.15	1574.53
	2940.60	0.00	12.16	1575.53
	2940.62	0.00	12.16	1577.53
	2940.63	0.00	12.15	1579.55
	2940.64	0.00	12.15	1579.56
	2940.65	0.00	12.15	1579.56
	2940.66	0.00	12.30	1580.22
	2940.68	0.00	12.29	1581.24
	2940.69	0.00	12.28	1573.26
	2940.70	0.00	12.28	1572.26
	2940.71	0.00	12.28	1575.27
	2940.72	0.00	12.23	1561.27
	2940.73	0.00	12.17	1564.41
	2940.75	0.00	12.17	1557.46
	2940.76	0.00	12.17	1561.48
	2940.77	0.00	12.18	1564.46
	2940.78	0.00	12.11	1542.50
	2940.79	0.00	12.12	1549.51
	2940.80	0.00	12.12	1549.52
	2940.82	0.00	12.13	1550.54
	2940.83	0.00	12.14	1557.53
	2940.84	0.00	12.13	1559.54
	2940.85	0.00	12.15	1564.51
	2940.86	0.00	12.16	1572.54
	2940.87	0.00	12.16	1573.53
	2940.89	0.00	12.16	1574.53
	2940.90	0.00	12.17	1570.49
	2940.91	0.00	12.16	1575.52
	2940.92	0.00	12.16	1579.55
	2940.93	0.00	12.16	1578.55
	2940.95	0.00	12.16	1579.55
	2940.96	0.00	12.16	1575.53
	2940.97	0.00	12.18	1581.51
	2940.98	0.00	12.18	1579.51
	2940.99	0.00	12.18	1578.50
	2941.00	0.00	12.17	1579.52
	2941.02	0.00	12.18	1580.50
	2941.03	0.00	12.15	1573.50
	2941.04	0.00	12.16	1575.50
	2941.05	0.00	12.15	1572.51
	2941.06	0.00	12.16	1574.50
	2941.08	0.00	12.15	1569.50
	2941.09	0.00	12.16	1570.50
	2941.10	0.00	12.16	1571.51
	2941.11	0.00	12.16	1572.50
	2941.12	0.00	12.16	1570.50
	2941.13	0.00	12.17	1570.48
	2941.15	0.00	12.14	1570.54
	2941.16	0.00	12.13	1568.55
	2941.17	0.00	12.12	1567.56
	2941.18	0.00	12.12	1567.56
	2941.19	0.00	12.15	1565.48
	2941.20	0.00	12.13	1563.52
	2941.22	0.00	12.13	1564.53
	2941.23	0.00	12.12	1561.55
	2941.24	0.00	12.11	1560.56
	2941.25	0.00	12.12	1551.48
	2941.26	0.00	12.25	1558.22
	2941.28	0.00	12.25	1560.24
	2941.29	0.00	12.22	1553.25
	2941.30	0.00	12.19	1542.26
	2941.31	0.00	12.20	1549.27
	2941.32	0.00	12.19	1550.28
	2941.33	0.00	12.12	1531.32
	2941.35	0.00	12.06	1531.44
	2941.36	0.00	12.06	1523.48
	2941.37	0.00	12.06	1527.49
	2941.38	0.00	12.05	1527.51
	2941.39	0.00	11.96	1501.50
	2941.40	0.00	11.97	1504.51
	2941.42	0.00	11.99	1510.53
	2941.43	0.00	11.99	1510.56
	2941.44	0.00	12.00	1515.54
	2941.45	0.00	11.99	1516.55
	2941.46	0.00	11.99	1514.51
	2941.47	0.00	11.99	1517.53
	2941.49	0.00	12.02	1524.52
	2941.50	0.00	12.02	1527.53
	2941.51	0.00	12.02	1527.54
	2941.52	0.00	12.00	1525.55
	2941.53	0.00	12.00	1526.55
	2941.55	0.00	12.00	1523.51
	2941.56	0.00	11.99	1527.55
	2941.57	0.00	11.99	1528.55
	2941.58	0.00	11.97	1526.57
	2941.59	0.00	11.98	1529.58
	2941.60	0.00	11.97	1527.58
	2941.62	0.00	11.96	1524.60
	2941.63	0.00	11.97	1528.59
	2941.64	0.00	11.97	1528.59
	2941.65	0.00	11.96	1526.60
	2941.66	0.00	11.96	1524.56
	2941.68	0.00	11.97	1527.56
	2941.69	0.00	11.97	1530.56
	2941.70	0.00	11.97	1530.56
	2941.71	0.00	11.97	1533.57
	2941.72	0.00	11.98	1535.56
	2941.73	0.00	11.97	1537.57
	2941.75	0.00	11.96	1541.58
	2941.76	0.00	11.98	1542.58
	2941.77	0.00	11.95	1553.59
	2941.78	0.00	11.93	1559.59
	2941.79	0.00	11.89	1565.60
	2941.80	0.00	11.88	1571.60
	2941.82	0.00	11.86	1586.61
	2941.83	0.00	11.84	1575.63
	2941.84	0.00	11.84	1589.63
	2941.85	0.00	11.82	1599.64
	2941.86	0.00	11.79	1607.65
	2941.88	0.00	11.78	1618.66
	2941.89	0.00	11.78	1629.67
	2941.90	0.00	11.78	1638.67
	2941.91	0.00	11.80	1650.68
	2941.92	0.00	11.80	1662.71
	2941.93	0.00	11.78	1677.77
	2941.95	0.00	11.79	1697.78
	2941.96	0.00	11.79	1713.79
	2941.97	0.00	11.83	1728.73
	2941.98	0.00	11.84	1742.75
	2941.99	0.00	11.87	1756.77
	2942.01	0.00	11.88	1767.78
	2942.02	0.00	12.01	1779.55
	2942.03	0.00	12.03	1784.55
	2942.04	0.00	12.07	1785.56
	2942.05	0.00	12.11	1786.57
	2942.06	0.00	12.08	1774.75
	2942.08	0.00	12.11	1773.76
	2942.09	0.00	12.18	1782.76
	2942.10	0.00	12.27	1786.74
	2942.11	0.00	12.43	1770.72
	2942.12	0.00	12.50	1751.64
	2942.13	0.00	12.63	1753.59
	2942.15	0.00	12.70	1765.53
	2942.16	0.00	12.74	1770.51
	2942.17	0.00	12.81	1773.44
	2942.18	0.00	12.91	1788.37
	2942.19	0.00	12.96	1811.30
	2942.20	0.00	13.05	1813.19
	2942.22	0.00	13.11	1824.10
	2942.23	0.00	13.16	1822.02
	2942.24	0.00	13.20	1807.91
	2942.25	0.00	13.24	1808.90
	2942.26	0.00	13.38	1836.86
	2942.28	0.00	13.43	1846.84
	2942.29	0.00	13.45	1840.78
	2942.30	0.00	13.51	1844.72
	2942.31	0.00	13.51	1836.72
	2942.32	0.00	13.56	1840.66
	2942.34	0.00	13.55	1835.72
	2942.35	0.00	13.56	1829.72
	2942.36	0.00	13.62	1832.66
	2942.37	0.00	13.66	1834.64
	2942.38	0.00	13.69	1834.65
	2942.39	0.00	13.70	1830.67
	2942.41	0.00	13.76	1835.70
	2942.42	0.00	13.81	1836.69
	2942.43	0.00	13.95	1853.67
	2942.44	0.00	14.04	1867.65
	2942.45	0.00	14.11	1874.66
	2942.46	0.00	14.19	1885.67
	2942.48	0.00	14.30	1905.64
	2942.49	0.00	14.40	1924.61
	2942.50	0.00	14.47	1938.63
	2942.51	0.00	14.53	1954.63
	2942.52	0.00	14.61	1975.65
	2942.53	0.00	14.66	1988.61
	2942.55	0.00	14.73	2003.60
	2942.56	0.00	14.79	2021.56
	2942.57	0.00	14.87	2034.51
	2942.58	0.00	14.86	2038.54
	2942.59	0.00	14.88	2034.46
	2942.61	0.00	14.90	2025.36
	2942.62	0.00	14.91	2006.23
	2942.63	0.00	14.94	1987.03
	2942.64	0.00	14.84	1945.97
	2942.65	0.00	14.75	1906.93
	2942.66	0.00	14.58	1855.97
	2942.67	0.00	14.31	1780.07
	2942.69	0.00	13.94	1687.13
	2942.70	0.00	13.70	1624.21
	2942.71	0.00	13.35	1539.31
	2942.72	0.00	12.92	1438.31
	2942.73	0.00	12.44	1369.44
	2942.75	0.00	12.39	1363.49
	2942.76	0.00	12.37	1359.44
	2942.77	0.00	12.35	1369.53
	2942.78	0.00	12.32	1370.60
	2942.79	0.00	12.30	1372.65
	2942.81	0.00	12.33	1378.67
	2942.82	0.00	12.34	1375.68
	2942.83	0.00	12.37	1387.69
	2942.84	0.00	12.39	1392.67
	2942.85	0.00	12.37	1393.71
	2942.86	0.00	12.37	1396.72
	2942.87	0.00	12.37	1394.72
	2942.89	0.00	12.33	1377.70
	2942.90	0.00	12.32	1370.68
	2942.91	0.00	12.37	1386.68
	2942.92	0.00	12.37	1388.68
	2942.93	0.00	12.37	1388.68
	2942.95	0.00	12.40	1387.63
	2942.96	0.00	12.35	1376.67
	2942.97	0.00	12.38	1393.67
	2942.98	0.00	12.38	1396.67
	2942.99	0.00	12.45	1388.64
	2943.00	0.00	12.47	1395.64
	2943.02	0.00	12.46	1391.65
	2943.03	0.00	12.45	1390.65
	2943.04	0.00	12.45	1392.65
	2943.05	0.00	12.45	1394.66
	2943.06	0.00	12.45	1393.66
	2943.07	0.00	12.43	1387.65
	2943.09	0.00	12.43	1390.67
	2943.10	0.00	12.46	1397.67
	2943.11	0.00	12.44	1388.67
	2943.12	0.00	12.44	1391.67
	2943.13	0.00	12.44	1390.66
	2943.14	0.00	12.42	1385.67
	2943.16	0.00	12.44	1393.67
	2943.17	0.00	12.48	1391.59
	2943.18	0.00	12.49	1393.58
	2943.19	0.00	12.49	1394.57
	2943.20	0.00	12.49	1394.56
	2943.22	0.00	12.49	1390.54
	2943.23	0.00	12.48	1390.54
	2943.24	0.00	12.50	1396.55
	2943.25	0.00	12.53	1402.51
	2943.26	0.00	12.52	1402.54
	2943.27	0.00	12.32	1416.83
	2943.29	0.00	11.70	1506.25
	2943.30	0.00	10.72	1729.68
	2943.31	0.00	10.27	1860.90
	2943.32	0.00	10.25	1874.98
	2943.33	0.00	10.35	1861.00
	2943.34	0.00	10.46	1873.01
	2943.36	0.00	10.58	1918.06
	2943.37	0.00	10.64	1966.13
	2943.38	0.00	10.78	2026.22
	2943.39	0.00	10.94	2079.26
	2943.40	0.00	11.05	2097.25
	2943.42	0.00	11.20	2117.20
	2943.43	0.00	11.31	2112.17
	2943.44	0.00	11.41	2101.14
	2943.45	0.00	11.50	2078.08
	2943.46	0.00	11.65	2057.92
	2943.47	0.00	11.79	2041.86
	2943.49	0.00	11.92	2017.80
	2943.50	0.00	12.01	1997.78
	2943.51	0.00	12.05	1970.83
	2943.52	0.00	12.15	1952.78
	2943.53	0.00	12.26	1932.72
	2943.55	0.00	12.39	1894.61
	2943.56	0.00	12.55	1873.53
	2943.57	0.00	12.71	1839.45
	2943.58	0.00	12.81	1827.36
	2943.59	0.00	12.91	1808.30
	2943.60	0.00	12.97	1814.20
	2943.62	0.00	13.02	1819.15
	2943.63	0.00	13.04	1818.11
	2943.64	0.00	13.07	1819.06
	2943.65	0.00	13.09	1821.06
	2943.66	0.00	13.11	1820.05
	2943.68	0.00	13.15	1830.03
	2943.69	0.00	13.17	1829.02
	2943.70	0.00	13.19	1830.01
	2943.71	0.00	13.25	1832.95
	2943.72	0.00	13.28	1835.93
	2943.73	0.00	13.33	1842.91
	2943.75	0.00	13.46	1870.90
	2943.76	0.00	13.55	1886.88
	2943.77	0.00	13.63	1904.85
	2943.78	0.00	13.69	1913.82
	2943.79	0.00	13.77	1932.81
	2943.81	0.00	13.84	1946.78
	2943.82	0.00	13.98	1975.82
	2943.83	0.00	14.11	1995.71
	2943.84	0.00	14.15	1995.70
	2943.85	0.00	14.24	1998.61
	2943.86	0.00	14.33	2007.54
	2943.88	0.00	14.39	2008.51
	2943.89	0.00	14.42	2003.48
	2943.90	0.00	14.44	1987.44
	2943.91	0.00	14.46	1977.34
	2943.92	0.00	14.46	1955.25
	2943.93	0.00	14.47	1920.02
	2943.95	0.00	14.40	1875.90
	2943.96	0.00	14.29	1804.76
	2943.97	0.00	13.93	1724.00
	2943.98	0.00	13.41	1621.18
	2943.99	0.00	13.07	1561.46
	2944.01	0.00	12.81	1505.61
	2944.02	0.00	12.56	1458.74
	2944.03	0.00	12.44	1438.80
	2944.04	0.00	12.39	1426.81
	2944.05	0.00	12.36	1423.81
	2944.06	0.00	12.37	1424.81
	2944.08	0.00	12.37	1425.81
	2944.09	0.00	12.38	1428.81
	2944.10	0.00	12.45	1428.67
	2944.11	0.00	12.44	1425.67
	2944.12	0.00	12.38	1426.80
	2944.13	0.00	12.58	1430.44
	2944.15	0.00	12.57	1434.46
	2944.16	0.00	12.56	1432.48
	2944.17	0.00	12.56	1434.48
	2944.18	0.00	12.54	1422.48
	2944.19	0.00	12.55	1426.48
	2944.20	0.00	12.54	1426.48
	2944.22	0.00	12.48	1411.49
	2944.23	0.00	12.37	1389.73
	2944.24	0.00	12.32	1378.75
	2944.25	0.00	12.38	1391.71
	2944.26	0.00	12.38	1400.77
	2944.28	0.00	12.38	1404.79
	2944.29	0.00	12.39	1401.80
	2944.30	0.00	12.41	1403.80
	2944.31	0.00	12.41	1403.79
	2944.32	0.00	12.42	1403.79
	2944.33	0.00	12.40	1404.81
	2944.35	0.00	12.37	1380.73
	2944.36	0.00	12.40	1393.74
	2944.37	0.00	12.42	1400.74
	2944.38	0.00	12.42	1400.75
	2944.39	0.00	12.42	1407.74
	2944.40	0.00	12.42	1407.74
	2944.42	0.00	12.42	1409.74
	2944.43	0.00	12.43	1413.74
	2944.44	0.00	12.48	1425.71
	2944.45	0.00	12.48	1429.72
	2944.46	0.00	12.49	1428.71
	2944.47	0.00	12.48	1426.71
	2944.49	0.00	12.48	1426.72
	2944.50	0.00	12.44	1418.73
	2944.51	0.00	12.42	1420.76
	2944.52	0.00	12.10	1458.07
	2944.53	0.00	11.46	1571.46
	2944.54	0.00	10.44	1822.88
	2944.56	0.00	10.11	1943.08
	2944.57	0.00	10.15	1945.14
	2944.58	0.00	10.26	1938.10
	2944.59	0.00	10.38	1926.11
	2944.60	0.00	10.52	1958.15
	2944.62	0.00	10.42	1959.20
	2944.63	0.00	10.81	2060.19
	2944.64	0.00	10.90	2068.19
	2944.65	0.00	11.02	2095.19
	2944.66	0.00	11.11	2097.17
	2944.67	0.00	11.18	2090.14
	2944.69	0.00	11.26	2081.11
	2944.70	0.00	11.33	2074.09
	2944.71	0.00	11.34	2044.08
	2944.72	0.00	11.41	2045.06
	2944.73	0.00	11.46	2027.01
	2944.75	0.00	11.53	2002.95
	2944.76	0.00	11.61	1971.93
	2944.77	0.00	11.67	1953.90
	2944.78	0.00	11.71	1938.87
	2944.79	0.00	11.78	1926.73
	2944.80	0.00	11.80	1914.72
	2944.82	0.00	11.84	1905.71
	2944.83	0.00	11.85	1899.70
	2944.84	0.00	11.87	1899.72
	2944.85	0.00	11.85	1890.78
	2944.86	0.00	11.91	1900.77
	2944.88	0.00	11.94	1905.76
	2944.89	0.00	11.98	1903.72
	2944.90	0.00	12.03	1909.72
	2944.91	0.00	12.06	1909.71
	2944.92	0.00	12.12	1912.69
	2944.93	0.00	12.18	1908.67
	2944.95	0.00	12.29	1909.63
	2944.96	0.00	12.42	1898.61
	2944.97	0.00	12.61	1874.58
	2944.98	0.00	12.74	1867.55
	2945.00	0.00	12.80	1881.52
	2945.01	0.00	12.89	1888.46
	2945.02	0.00	13.00	1896.38
	2945.03	0.00	13.15	1907.25
	2945.04	0.00	13.41	1927.10
	2945.05	0.00	13.57	1943.95
	2945.06	0.00	13.79	1989.98
	2945.08	0.00	13.93	2011.94
	2945.09	0.00	14.05	2027.89
	2945.10	0.00	14.18	2038.81
	2945.11	0.00	14.35	2064.73
	2945.12	0.00	14.44	2066.64
	2945.14	0.00	14.54	2077.59
	2945.15	0.00	14.60	2070.53
	2945.16	0.00	14.65	2060.42
	2945.17	0.00	14.68	2043.28
	2945.18	0.00	14.70	2010.05
	2945.19	0.00	14.81	1947.48
	2945.21	0.00	14.70	1883.38
	2945.22	0.00	14.44	1810.48
	2945.23	0.00	13.71	1696.15
	2945.24	0.00	13.18	1601.57
	2945.25	0.00	12.76	1517.68
	2945.26	0.00	12.55	1463.74
	2945.28	0.00	12.43	1443.80
	2945.29	0.00	12.41	1445.82
	2945.30	0.00	12.37	1435.82
	2945.31	0.00	12.36	1434.82
	2945.32	0.00	12.37	1435.82
	2945.34	0.00	12.39	1435.80
	2945.35	0.00	12.37	1434.82
	2945.36	0.00	12.35	1433.83
	2945.37	0.00	12.35	1432.83
	2945.38	0.00	12.35	1431.83
	2945.39	0.00	12.37	1431.79
	2945.41	0.00	12.35	1407.83
	2945.42	0.00	12.39	1409.78
	2945.43	0.00	12.39	1409.78
	2945.44	0.00	12.38	1411.80
	2945.45	0.00	12.39	1411.80
	2945.46	0.00	12.39	1413.80
	2945.48	0.00	12.39	1413.80
	2945.49	0.00	12.36	1407.81
	2945.50	0.00	12.37	1411.81
	2945.51	0.00	12.57	1423.49
	2945.52	0.00	12.58	1429.50
	2945.54	0.00	12.58	1429.51
	2945.55	0.00	12.55	1418.52
	2945.56	0.00	12.56	1421.52
	2945.57	0.00	12.56	1424.53
	2945.58	0.00	12.57	1428.52
	2945.59	0.00	12.54	1419.52
	2945.61	0.00	12.47	1413.61
	2945.62	0.00	12.42	1414.71
	2945.63	0.00	12.41	1411.77
	2945.64	0.00	12.42	1415.77
	2945.65	0.00	12.41	1414.79
	2945.66	0.00	12.42	1424.79
	2945.68	0.00	12.43	1411.72
	2945.69	0.00	12.44	1417.72
	2945.70	0.00	12.43	1415.73
	2945.71	0.00	12.47	1425.71
	2945.72	0.00	12.45	1424.73
	2945.73	0.00	12.48	1434.72
	2945.75	0.00	12.47	1435.71
	2945.76	0.00	12.43	1437.77
	2945.77	0.00	12.05	1497.10
	2945.78	0.00	11.12	1676.59
	2945.79	0.00	10.30	1910.97
	2945.80	0.00	10.17	1970.12
	2945.82	0.00	10.24	1957.12
	2945.83	0.00	10.43	1920.07
	2945.84	0.00	10.50	1912.09
	2945.85	0.00	10.56	1952.20
	2945.86	0.00	10.61	2012.26
	2945.88	0.00	10.71	2043.27
	2945.89	0.00	10.83	2081.27
	2945.90	0.00	10.94	2098.21
	2945.91	0.00	11.05	2106.18
	2945.92	0.00	11.17	2106.13
	2945.93	0.00	11.27	2088.08
	2945.95	0.00	11.40	2077.04
	2945.96	0.00	11.52	2058.99
	2945.97	0.00	11.64	2034.93
	2945.98	0.00	11.73	2012.89
	2945.99	0.00	11.86	1983.85
	2946.01	0.00	12.00	1970.78
	2946.02	0.00	12.13	1954.73
	2946.03	0.00	12.26	1929.68
	2946.04	0.00	12.47	1896.58
	2946.05	0.00	12.70	1854.48
	2946.07	0.00	12.83	1835.38
	2946.08	0.00	12.89	1830.31
	2946.09	0.00	12.94	1827.24
	2946.10	0.00	12.98	1816.15
	2946.11	0.00	13.01	1804.09
	2946.12	0.00	13.10	1787.96
	2946.14	0.00	13.09	1773.95
	2946.15	0.00	13.08	1758.95
	2946.16	0.00	13.10	1758.93
	2946.17	0.00	13.08	1752.99
	2946.18	0.00	13.11	1759.98
	2946.19	0.00	13.15	1774.99
	2946.21	0.00	13.19	1783.98
	2946.22	0.00	13.29	1808.91
	2946.23	0.00	13.31	1807.89
	2946.24	0.00	13.41	1845.89
	2946.25	0.00	13.50	1869.85
	2946.27	0.00	13.52	1881.85
	2946.28	0.00	13.61	1903.76
	2946.29	0.00	13.75	1937.77
	2946.30	0.00	13.97	1974.66
	2946.31	0.00	13.98	1983.71
	2946.32	0.00	14.09	1994.60
	2946.34	0.00	14.09	2000.64
	2946.35	0.00	14.14	1997.54
	2946.36	0.00	14.15	1984.52
	2946.37	0.00	14.19	1986.46
	2946.38	0.00	14.16	1952.27
	2946.40	0.00	14.22	1921.06
	2946.41	0.00	14.13	1833.79
	2946.42	0.00	14.16	1732.45
	2946.43	0.00	13.93	1668.57
	2946.44	0.00	13.43	1590.09
	2946.45	0.00	12.96	1499.39
	2946.47	0.00	12.68	1467.64
	2946.48	0.00	12.43	1419.76
	2946.49	0.00	12.48	1440.67
	2946.50	0.00	12.47	1442.67
	2946.51	0.00	12.48	1446.68
	2946.52	0.00	12.47	1445.68
	2946.54	0.00	12.45	1441.69
	2946.55	0.00	12.43	1439.70
	2946.56	0.00	12.40	1408.71
	2946.57	0.00	12.37	1428.73
	2946.58	0.00	12.37	1408.75
	2946.59	0.00	12.37	1404.73
	2946.61	0.00	12.40	1412.72
	2946.62	0.00	12.40	1412.72
	2946.63	0.00	12.40	1413.72
	2946.64	0.00	12.41	1410.72
	2946.65	0.00	12.41	1414.71
	2946.67	0.00	12.40	1413.71
	2946.68	0.00	12.40	1413.72
	2946.69	0.00	12.39	1412.71
	2946.70	0.00	12.39	1413.72
	2946.71	0.00	12.39	1414.72
	2946.72	0.00	12.41	1417.72
	2946.74	0.00	12.42	1420.72
	2946.75	0.00	12.42	1421.72
	2946.76	0.00	12.42	1419.71
	2946.77	0.00	12.42	1419.71
	2946.78	0.00	12.41	1418.75
	2946.79	0.00	12.40	1416.74
	2946.81	0.00	12.39	1418.76
	2946.82	0.00	12.39	1415.76
	2946.83	0.00	12.39	1415.77
	2946.84	0.00	12.38	1415.76
	2946.85	0.00	12.39	1415.77
	2946.86	0.00	12.39	1416.77
	2946.88	0.00	12.40	1417.76
	2946.89	0.00	12.41	1420.73
	2946.90	0.00	12.42	1422.74
	2946.91	0.00	12.43	1421.73
	2946.92	0.00	12.42	1422.74
	2946.93	0.00	12.42	1422.73
	2946.95	0.00	12.42	1421.73
	2946.96	0.00	12.43	1420.72
	2946.97	0.00	12.43	1418.71
	2946.98	0.00	12.49	1420.60
	2946.99	0.00	12.47	1419.63
	2947.01	0.00	12.16	1468.92
	2947.02	0.00	11.47	1601.31
	2947.03	0.00	10.59	1812.70
	2947.04	0.00	10.18	1938.96
	2947.05	0.00	10.09	1982.06
	2947.06	0.00	10.14	1976.05
	2947.08	0.00	10.24	1961.10
	2947.09	0.00	10.33	1951.11
	2947.10	0.00	10.40	1986.15
	2947.11	0.00	10.44	2030.21
	2947.12	0.00	10.64	2040.15
	2947.13	0.00	10.73	2068.16
	2947.15	0.00	10.81	2089.16
	2947.16	0.00	10.88	2094.14
	2947.17	0.00	11.01	2097.07
	2947.18	0.00	11.08	2083.05
	2947.19	0.00	11.16	2082.03
	2947.21	0.00	11.26	2065.99
	2947.22	0.00	11.33	2050.99
	2947.23	0.00	11.43	2024.95
	2947.24	0.00	11.52	2011.90
	2947.25	0.00	11.62	1986.84
	2947.27	0.00	11.72	1967.80
	2947.28	0.00	11.82	1948.74
	2947.29	0.00	11.92	1934.69
	2947.30	0.00	12.02	1924.63
	2947.31	0.00	12.11	1912.57
	2947.32	0.00	12.23	1891.48
	2947.34	0.00	12.38	1882.39
	2947.35	0.00	12.50	1860.32
	2947.36	0.00	12.60	1851.27
	2947.37	0.00	12.71	1843.23
	2947.38	0.00	12.80	1831.19
	2947.40	0.00	12.86	1822.16
	2947.41	0.00	12.88	1821.13
	2947.42	0.00	12.91	1817.10
	2947.43	0.00	12.96	1825.07
	2947.44	0.00	12.99	1827.06
	2947.45	0.00	13.05	1833.03
	2947.47	0.00	13.07	1833.03
	2947.48	0.00	13.13	1844.00
	2947.49	0.00	13.30	1865.98
	2947.50	0.00	13.40	1887.94
	2947.51	0.00	13.51	1911.88
	2947.52	0.00	13.56	1923.89
	2947.54	0.00	13.67	1945.86
	2947.55	0.00	13.80	1961.80
	2947.56	0.00	14.02	1993.70
	2947.57	0.00	14.14	2008.61
	2947.58	0.00	14.16	2009.62
	2947.60	0.00	14.22	2003.57
	2947.61	0.00	14.29	2006.51
	2947.62	0.00	14.38	2006.39
	2947.63	0.00	14.46	1993.19
	2947.64	0.00	14.53	1970.93
	2947.65	0.00	14.60	1918.54
	2947.67	0.00	14.40	1827.37
	2947.68	0.00	14.19	1755.42
	2947.69	0.00	13.63	1680.09
	2947.70	0.00	13.16	1578.31
	2947.71	0.00	12.78	1533.69
	2947.72	0.00	12.49	1466.82
	2947.74	0.00	12.39	1424.85
	2947.75	0.00	12.38	1418.78
	2947.76	0.00	12.38	1420.78
	2947.77	0.00	12.36	1412.78
	2947.78	0.00	12.33	1402.78
	2947.79	0.00	12.37	1413.77
	2947.81	0.00	12.40	1422.78
	2947.82	0.00	12.39	1420.79
	2947.83	0.00	12.39	1422.78
	2947.84	0.00	12.37	1413.78
	2947.85	0.00	12.35	1408.78
	2947.87	0.00	12.38	1415.78
	2947.88	0.00	12.37	1413.79
	2947.89	0.00	12.37	1416.79
	2947.90	0.00	12.36	1415.80
	2947.91	0.00	12.37	1419.78
	2947.92	0.00	12.37	1420.79
	2947.94	0.00	12.38	1421.79
	2947.95	0.00	12.38	1423.79
	2947.96	0.00	12.37	1423.81
	2947.97	0.00	12.38	1421.81
	2947.98	0.00	12.37	1426.82
	2948.00	0.00	12.42	1431.76
	2948.01	0.00	12.39	1433.83
	2948.02	0.00	12.38	1426.79
	2948.03	0.00	12.40	1430.78
	2948.04	0.00	12.40	1430.79
	2948.05	0.00	12.42	1434.77
	2948.07	0.00	12.42	1431.76
	2948.08	0.00	12.43	1433.75
	2948.09	0.00	12.45	1434.71
	2948.10	0.00	12.45	1440.75
	2948.11	0.00	12.42	1434.75
	2948.12	0.00	12.44	1437.74
	2948.14	0.00	12.46	1444.73
	2948.15	0.00	12.46	1443.72
	2948.16	0.00	12.48	1441.69
	2948.17	0.00	12.48	1441.69
	2948.18	0.00	12.50	1443.68
	2948.19	0.00	12.48	1434.68
	2948.21	0.00	12.48	1434.66
	2948.22	0.00	12.40	1444.76
	2948.23	0.00	11.89	1507.11
	2948.24	0.00	10.99	1715.49
	2948.25	0.00	10.26	1913.86
	2948.26	0.00	10.13	1974.00
	2948.28	0.00	10.18	1975.04
	2948.29	0.00	10.26	1960.08
	2948.30	0.00	10.40	1932.08
	2948.31	0.00	10.68	2009.11
	2948.32	0.00	10.61	1986.14
	2948.34	0.00	10.68	2023.18
	2948.35	0.00	10.70	2037.23
	2948.36	0.00	10.72	2050.25
	2948.37	0.00	10.75	2056.25
	2948.38	0.00	10.84	2053.12
	2948.40	0.00	10.92	2042.10
	2948.41	0.00	11.00	2027.07
	2948.42	0.00	11.10	2010.04
	2948.43	0.00	11.17	1990.11
	2948.44	0.00	11.26	1970.09
	2948.45	0.00	11.39	1960.04
	2948.47	0.00	11.49	1926.97
	2948.48	0.00	11.61	1908.94
	2948.49	0.00	11.73	1892.89
	2948.50	0.00	11.84	1876.85
	2948.51	0.00	11.99	1868.75
	2948.53	0.00	12.09	1843.72
	2948.54	0.00	12.24	1815.68
	2948.55	0.00	12.42	1790.63
	2948.56	0.00	12.52	1761.59
	2948.57	0.00	12.66	1770.57
	2948.58	0.00	12.75	1778.51
	2948.60	0.00	12.82	1787.47
	2948.61	0.00	12.92	1802.42
	2948.62	0.00	13.03	1817.31
	2948.63	0.00	13.11	1832.26
	2948.64	0.00	13.19	1853.20
	2948.66	0.00	13.25	1868.18
	2948.67	0.00	13.34	1895.13
	2948.68	0.00	13.41	1897.04
	2948.69	0.00	13.60	1935.99
	2948.70	0.00	13.68	1951.96
	2948.71	0.00	13.73	1959.95
	2948.73	0.00	13.80	1968.86
	2948.74	0.00	13.98	2001.83
	2948.75	0.00	14.04	2006.78
	2948.76	0.00	14.11	1983.76
	2948.77	0.00	14.13	2004.73
	2948.78	0.00	14.19	2003.67
	2948.80	0.00	14.20	1993.65
	2948.81	0.00	14.20	1962.56
	2948.82	0.00	14.22	1933.39
	2948.83	0.00	14.25	1896.11
	2948.84	0.00	14.24	1806.63
	2948.85	0.00	14.17	1712.45
	2948.87	0.00	13.82	1658.81
	2948.88	0.00	13.27	1574.21
	2948.89	0.00	12.92	1513.47
	2948.90	0.00	12.54	1447.77
	2948.91	0.00	12.32	1389.92
	2948.93	0.00	12.26	1380.92
	2948.94	0.00	12.33	1409.86
	2948.95	0.00	12.35	1414.86
	2948.96	0.00	12.34	1413.87
	2948.97	0.00	12.33	1411.87
	2948.98	0.00	12.35	1417.86
	2949.00	0.00	12.30	1412.88
	2949.01	0.00	12.31	1416.89
	2949.02	0.00	12.30	1416.89
	2949.03	0.00	12.32	1418.86
	2949.04	0.00	12.31	1420.88
	2949.05	0.00	12.31	1418.88
	2949.07	0.00	12.43	1417.63
	2949.08	0.00	12.46	1418.58
	2949.09	0.00	12.48	1421.55
	2949.10	0.00	12.48	1421.56
	2949.11	0.00	12.47	1421.57
	2949.13	0.00	12.45	1415.59
	2949.14	0.00	12.45	1418.59
	2949.15	0.00	12.44	1419.61
	2949.16	0.00	12.44	1407.54
	2949.17	0.00	12.36	1407.70
	2949.18	0.00	12.33	1411.77
	2949.19	0.00	12.34	1404.79
	2949.21	0.00	12.34	1405.80
	2949.22	0.00	12.33	1410.84
	2949.23	0.00	12.32	1408.84
	2949.24	0.00	12.33	1412.85
	2949.25	0.00	12.30	1398.79
	2949.27	0.00	12.33	1406.80
	2949.28	0.00	12.33	1411.80
	2949.29	0.00	12.36	1418.80
	2949.30	0.00	12.37	1425.79
	2949.31	0.00	12.37	1429.79
	2949.32	0.00	12.36	1432.82
	2949.34	0.00	12.37	1433.79
	2949.35	0.00	12.41	1436.73
	2949.36	0.00	12.42	1441.74
	2949.37	0.00	12.43	1444.74
	2949.38	0.00	12.42	1444.75
	2949.39	0.00	12.31	1456.91
	2949.41	0.00	11.80	1535.25
	2949.42	0.00	11.12	1695.60
	2949.43	0.00	10.59	1837.88
	2949.44	0.00	10.41	1907.08
	2949.45	0.00	10.42	1936.13
	2949.47	0.00	10.51	1964.14
	2949.48	0.00	10.69	1976.16
	2949.49	0.00	10.83	2023.10
	2949.50	0.00	10.90	2059.14
	2949.51	0.00	10.99	2090.15
	2949.52	0.00	11.12	2128.16
	2949.54	0.00	11.17	2138.18
	2949.55	0.00	11.24	2145.17
	2949.56	0.00	11.31	2142.13
	2949.57	0.00	11.37	2133.10
	2949.58	0.00	11.45	2120.07
	2949.60	0.00	11.53	2109.03
	2949.61	0.00	11.62	2080.91
	2949.62	0.00	11.67	2062.98
	2949.63	0.00	11.73	2036.96
	2949.64	0.00	11.80	2017.93
	2949.65	0.00	11.86	1998.85
	2949.67	0.00	11.88	1982.84
	2949.68	0.00	11.93	1968.82
	2949.69	0.00	11.98	1960.79
	2949.70	0.00	12.07	1951.63
	2949.71	0.00	12.13	1951.58
	2949.73	0.00	12.15	1951.58
	2949.74	0.00	12.18	1951.58
	2949.75	0.00	12.20	1958.58
	2949.76	0.00	12.16	1952.71
	2949.77	0.00	12.20	1961.71
	2949.78	0.00	12.22	1968.71
	2949.80	0.00	12.25	1971.67
	2949.81	0.00	12.29	1978.67
	2949.82	0.00	12.36	1979.66
	2949.83	0.00	12.43	1986.65
	2949.84	0.00	12.54	1976.61
	2949.86	0.00	12.70	1959.49
	2949.87	0.00	12.86	1934.46
	2949.88	0.00	13.00	1925.36
	2949.89	0.00	13.07	1921.27
	2949.90	0.00	13.15	1913.15
	2949.91	0.00	13.22	1899.11
	2949.93	0.00	13.30	1908.05
	2949.94	0.00	13.38	1900.98
	2949.95	0.00	13.44	1899.87
	2949.96	0.00	13.45	1894.86
	2949.97	0.00	13.45	1880.84
	2949.99	0.00	13.53	1878.67
	2950.00	0.00	13.56	1863.58
	2950.01	0.00	13.61	1823.46
	2950.02	0.00	13.53	1828.51
	2950.03	0.00	13.61	1818.50
	2950.04	0.00	13.46	1740.49
	2950.06	0.00	13.37	1709.56
	2950.07	0.00	13.16	1657.73
	2950.08	0.00	12.98	1607.79
	2950.09	0.00	12.80	1563.86
	2950.10	0.00	12.64	1521.91
	2950.12	0.00	12.52	1494.93
	2950.13	0.00	12.42	1467.92
	2950.14	0.00	12.41	1469.90
	2950.15	0.00	12.43	1472.90
	2950.16	0.00	12.41	1468.91
	2950.17	0.00	12.41	1458.86
	2950.19	0.00	12.38	1450.90
	2950.20	0.00	12.36	1446.92
	2950.21	0.00	12.35	1443.91
	2950.22	0.00	12.35	1441.92
	2950.23	0.00	12.34	1439.93
	2950.25	0.00	12.34	1438.93
	2950.26	0.00	12.35	1442.94
	2950.27	0.00	12.35	1442.94
	2950.28	0.00	12.36	1441.90
	2950.29	0.00	12.38	1446.90
	2950.30	0.00	12.37	1446.92
	2950.32	0.00	12.39	1454.92
	2950.33	0.00	12.39	1454.92
	2950.34	0.00	12.38	1450.92
	2950.35	0.00	12.39	1452.92
	2950.36	0.00	12.40	1453.91
	2950.37	0.00	12.40	1456.91
	2950.39	0.00	12.41	1458.90
	2950.40	0.00	12.41	1456.90
	2950.41	0.00	12.40	1452.88
	2950.42	0.00	12.38	1449.90
	2950.43	0.00	12.40	1456.90
	2950.44	0.00	12.56	1455.58
	2950.46	0.00	12.57	1459.58
	2950.47	0.00	12.56	1454.58
	2950.48	0.00	12.55	1453.59
	2950.49	0.00	12.57	1448.58
	2950.50	0.00	12.55	1447.60
	2950.51	0.00	12.51	1440.62
	2950.53	0.00	12.53	1445.62
	2950.54	0.00	12.40	1433.79
	2950.55	0.00	12.41	1443.83
	2950.56	0.00	12.41	1444.84
	2950.57	0.00	12.41	1442.86
	2950.58	0.00	12.28	1465.99
	2950.60	0.00	11.91	1524.24
	2950.61	0.00	11.44	1631.51
	2950.62	0.00	11.01	1735.71
	2950.63	0.00	10.79	1801.81
	2950.64	0.00	10.70	1839.89
	2950.66	0.00	10.73	1846.91
	2950.67	0.00	10.78	1862.95
	2950.68	0.00	10.83	1920.92
	2950.69	0.00	10.85	1965.98
	2950.70	0.00	10.91	2005.02
	2950.71	0.00	10.96	2038.08
	2950.73	0.00	11.00	2063.11
	2950.74	0.00	11.03	2077.13
	2950.75	0.00	11.08	2088.13
	2950.76	0.00	11.16	2086.06
	2950.77	0.00	11.21	2068.02
	2950.79	0.00	11.30	2065.01
	2950.80	0.00	11.37	2051.98
	2950.81	0.00	11.46	2041.94
	2950.82	0.00	11.56	2022.86
	2950.83	0.00	11.66	2011.86
	2950.84	0.00	11.74	1996.82
	2950.86	0.00	11.83	1981.79
	2950.87	0.00	11.90	1969.75
	2950.88	0.00	11.96	1956.72
	2950.89	0.00	12.05	1956.69
	2950.90	0.00	12.12	1945.67
	2950.92	0.00	12.17	1938.64
	2950.93	0.00	12.22	1934.62
	2950.94	0.00	12.30	1932.57
	2950.95	0.00	12.39	1933.51
	2950.96	0.00	12.51	1922.48
	2950.97	0.00	12.62	1911.42
	2950.99	0.00	12.69	1907.42
	2951.00	0.00	12.81	1897.29
	2951.01	0.00	12.89	1899.27
	2951.02	0.00	12.96	1901.22
	2951.03	0.00	13.03	1901.17
	2951.05	0.00	13.05	1887.20
	2951.06	0.00	13.09	1890.15
	2951.07	0.00	13.12	1892.13
	2951.08	0.00	13.16	1891.07
	2951.09	0.00	13.18	1884.04
	2951.10	0.00	13.23	1875.97
	2951.12	0.00	13.24	1875.95
	2951.13	0.00	13.25	1866.93
	2951.14	0.00	13.29	1862.88
	2951.15	0.00	13.38	1852.72
	2951.16	0.00	13.41	1845.66
	2951.18	0.00	13.48	1839.52
	2951.19	0.00	13.51	1834.45
	2951.20	0.00	13.58	1802.33
	2951.21	0.00	13.58	1805.26
	2951.22	0.00	13.55	1776.23
	2951.23	0.00	13.59	1749.21
	2951.25	0.00	13.52	1748.24
	2951.26	0.00	13.45	1698.30
	2951.27	0.00	13.29	1668.51
	2951.28	0.00	13.07	1620.64
	2951.29	0.00	12.87	1577.76
	2951.31	0.00	12.69	1559.82
	2951.32	0.00	12.56	1504.90
	2951.33	0.00	12.50	1490.90
	2951.34	0.00	12.48	1487.90
	2951.35	0.00	12.47	1481.89
	2951.36	0.00	12.48	1477.84
	2951.38	0.00	12.47	1475.87
	2951.39	0.00	12.47	1471.86
	2951.40	0.00	12.45	1466.86
	2951.41	0.00	12.45	1462.85
	2951.42	0.00	12.45	1463.85
	2951.43	0.00	12.42	1452.84
	2951.45	0.00	12.43	1453.84
	2951.46	0.00	12.43	1452.84
	2951.47	0.00	12.42	1451.86
	2951.48	0.00	12.44	1453.84
	2951.49	0.00	12.43	1453.84
	2951.50	0.00	12.44	1452.83
	2951.52	0.00	12.44	1450.81
	2951.53	0.00	12.45	1454.83
	2951.54	0.00	12.44	1455.83
	2951.55	0.00	12.43	1451.83
	2951.56	0.00	12.43	1452.83
	2951.58	0.00	12.44	1453.82
	2951.59	0.00	12.44	1454.82
	2951.60	0.00	12.46	1451.78
	2951.61	0.00	12.45	1453.82
	2951.62	0.00	12.45	1454.81
	2951.63	0.00	12.45	1451.81
	2951.65	0.00	12.45	1449.80
	2951.66	0.00	12.46	1450.79
	2951.67	0.00	12.46	1446.78
	2951.68	0.00	12.46	1446.77
	2951.69	0.00	12.47	1447.76
	2951.70	0.00	12.47	1444.77
	2951.72	0.00	12.48	1446.76
	2951.73	0.00	12.47	1448.76
	2951.74	0.00	12.50	1451.72
	2951.75	0.00	12.46	1448.78
	2951.76	0.00	12.47	1448.79
	2951.78	0.00	12.45	1444.80
	2951.79	0.00	12.38	1446.88
	2951.80	0.00	12.15	1481.05
	2951.81	0.00	11.83	1524.31
	2951.82	0.00	11.54	1602.47
	2951.83	0.00	11.34	1652.62
	2951.85	0.00	11.21	1687.72
	2951.86	0.00	11.13	1720.78
	2951.87	0.00	11.06	1749.83
	2951.88	0.00	11.04	1784.79
	2951.89	0.00	11.02	1851.86
	2951.90	0.00	11.05	1899.91
	2951.92	0.00	11.01	1947.99
	2951.93	0.00	10.95	1976.11
	2951.94	0.00	10.94	2001.12
	2951.95	0.00	10.93	2017.16
	2951.96	0.00	10.91	2024.18
	2951.98	0.00	10.95	2029.13
	2951.99	0.00	10.99	2037.14
	2952.00	0.00	11.03	2035.12
	2952.01	0.00	11.10	2035.06
	2952.02	0.00	11.15	2025.05
	2952.04	0.00	11.18	2012.03
	2952.05	0.00	11.22	2000.01
	2952.06	0.00	11.26	1982.01
	2952.07	0.00	11.31	1970.98
	2952.08	0.00	11.38	1958.93
	2952.09	0.00	11.44	1942.90
	2952.11	0.00	11.50	1934.88
	2952.12	0.00	11.55	1929.85
	2952.13	0.00	11.59	1921.84
	2952.14	0.00	11.65	1916.81
	2952.15	0.00	11.69	1914.80
	2952.17	0.00	11.72	1913.79
	2952.18	0.00	11.76	1917.78
	2952.19	0.00	11.77	1916.77
	2952.20	0.00	11.82	1929.77
	2952.21	0.00	11.85	1926.77
	2952.22	0.00	11.89	1927.80
	2952.24	0.00	11.93	1931.80
	2952.25	0.00	11.96	1927.79
	2952.26	0.00	12.01	1931.75
	2952.27	0.00	12.07	1931.72
	2952.28	0.00	12.13	1930.74
	2952.30	0.00	12.21	1926.72
	2952.31	0.00	12.35	1914.69
	2952.32	0.00	12.58	1881.50
	2952.33	0.00	12.71	1862.44
	2952.34	0.00	12.84	1855.37
	2952.35	0.00	12.94	1845.29
	2952.37	0.00	13.15	1865.16
	2952.38	0.00	13.21	1844.14
	2952.39	0.00	13.25	1832.10
	2952.40	0.00	13.31	1831.10
	2952.41	0.00	13.34	1831.06
	2952.43	0.00	13.33	1793.95
	2952.44	0.00	13.39	1786.83
	2952.45	0.00	13.42	1768.74
	2952.46	0.00	13.45	1730.71
	2952.47	0.00	13.41	1725.64
	2952.48	0.00	13.36	1684.55
	2952.50	0.00	13.09	1632.65
	2952.51	0.00	12.92	1576.71
	2952.52	0.00	12.78	1554.84
	2952.53	0.00	12.65	1501.90
	2952.54	0.00	12.47	1458.95
	2952.55	0.00	12.41	1451.96
	2952.57	0.00	12.40	1453.96
	2952.58	0.00	12.39	1447.94
	2952.59	0.00	12.37	1443.94
	2952.60	0.00	12.35	1440.94
	2952.61	0.00	12.35	1438.93
	2952.63	0.00	12.39	1436.85
	2952.64	0.00	12.36	1433.92
	2952.65	0.00	12.34	1431.92
	2952.66	0.00	12.32	1425.92
	2952.67	0.00	12.34	1425.89
	2952.68	0.00	12.35	1429.91
	2952.70	0.00	12.35	1431.92
	2952.71	0.00	12.36	1433.92
	2952.72	0.00	12.36	1435.92
	2952.73	0.00	12.32	1424.92
	2952.74	0.00	12.36	1435.91
	2952.75	0.00	12.37	1438.92
	2952.77	0.00	12.37	1440.92
	2952.78	0.00	12.37	1439.92
	2952.79	0.00	12.37	1442.93
	2952.80	0.00	12.37	1442.93
	2952.81	0.00	12.37	1443.95
	2952.82	0.00	12.39	1449.92
	2952.84	0.00	12.37	1448.93
	2952.85	0.00	12.38	1449.92
	2952.86	0.00	12.38	1446.90
	2952.87	0.00	12.43	1453.86
	2952.88	0.00	12.45	1458.84
	2952.90	0.00	12.46	1464.83
	2952.91	0.00	12.47	1462.83
	2952.92	0.00	12.46	1459.82
	2952.93	0.00	12.47	1460.81
	2952.94	0.00	12.47	1459.81
	2952.95	0.00	12.46	1458.80
	2952.97	0.00	12.44	1449.79
	2952.98	0.00	12.45	1448.77
	2952.99	0.00	12.46	1449.76
	2953.00	0.00	12.46	1447.76
	2953.01	0.00	12.39	1453.84
	2953.02	0.00	12.16	1491.01
	2953.04	0.00	11.76	1561.28
	2953.05	0.00	11.35	1655.56
	2953.06	0.00	11.01	1745.73
	2953.07	0.00	10.83	1814.83
	2953.08	0.00	10.89	1830.89
	2953.10	0.00	10.88	1895.92
	2953.11	0.00	10.94	1924.92
	2953.12	0.00	11.00	1957.99
	2953.13	0.00	11.01	1978.02
	2953.14	0.00	11.07	2006.02
	2953.15	0.00	11.14	2027.00
	2953.17	0.00	11.18	2047.02
	2953.18	0.00	11.23	2058.03
	2953.19	0.00	11.32	2068.90
	2953.20	0.00	11.39	2071.88
	2953.21	0.00	11.45	2067.87
	2953.23	0.00	11.52	2063.84
	2953.24	0.00	11.56	2046.91
	2953.25	0.00	11.66	2035.88
	2953.26	0.00	11.75	2021.84
	2953.27	0.00	11.87	1999.79
	2953.28	0.00	11.97	1984.68
	2953.30	0.00	12.07	2004.68
	2953.31	0.00	12.15	1972.64
	2953.32	0.00	12.21	1969.58
	2953.33	0.00	12.32	1956.49
	2953.34	0.00	12.37	1946.45
	2953.36	0.00	12.48	1939.41
	2953.37	0.00	12.60	1923.37
	2953.38	0.00	12.68	1904.35
	2953.39	0.00	12.74	1889.31
	2953.40	0.00	12.84	1898.25
	2953.41	0.00	12.91	1886.19
	2953.43	0.00	13.01	1889.08
	2953.44	0.00	13.10	1866.96
	2953.45	0.00	13.13	1863.89
	2953.46	0.00	13.20	1871.82
	2953.47	0.00	13.23	1879.78
	2953.49	0.00	13.26	1878.71
	2953.50	0.00	13.28	1872.66
	2953.51	0.00	13.29	1871.65
	2953.52	0.00	13.28	1852.64
	2953.53	0.00	13.33	1857.62
	2953.54	0.00	13.34	1855.60
	2953.56	0.00	13.38	1856.57
	2953.57	0.00	13.42	1849.53
	2953.58	0.00	13.44	1848.51
	2953.59	0.00	13.50	1845.42
	2953.60	0.00	13.53	1814.38
	2953.62	0.00	13.58	1816.30
	2953.63	0.00	13.57	1810.31
	2953.64	0.00	13.59	1793.25
	2953.65	0.00	13.73	1807.22
	2953.66	0.00	13.74	1787.17
	2953.67	0.00	13.64	1752.11
	2953.69	0.00	13.61	1730.10
	2953.70	0.00	13.57	1708.16
	2953.71	0.00	13.46	1674.25
	2953.72	0.00	13.22	1632.53
	2953.73	0.00	13.09	1593.58
	2953.75	0.00	12.99	1552.49
	2953.76	0.00	12.85	1523.57
	2953.77	0.00	12.77	1505.57
	2953.78	0.00	12.69	1489.59
	2953.79	0.00	12.66	1484.59
	2953.80	0.00	12.65	1482.58
	2953.82	0.00	12.64	1475.58
	2953.83	0.00	12.63	1473.58
	2953.84	0.00	12.63	1474.58
	2953.85	0.00	12.62	1471.58
	2953.86	0.00	12.57	1450.57
	2953.87	0.00	12.46	1449.74
	2953.89	0.00	12.45	1447.75
	2953.90	0.00	12.42	1446.81
	2953.91	0.00	12.42	1451.83
	2953.92	0.00	12.43	1453.83
	2953.93	0.00	12.45	1453.84
	2953.95	0.00	12.48	1462.83
	2953.96	0.00	12.48	1463.82
	2953.97	0.00	12.49	1469.82
	2953.98	0.00	12.51	1472.81
	2953.99	0.00	12.51	1472.82
	2954.00	0.00	12.52	1474.82
	2954.01	0.00	12.52	1474.82
	2954.03	0.00	12.48	1456.77
	2954.04	0.00	12.51	1465.76
	2954.05	0.00	12.52	1468.77
	2954.06	0.00	12.52	1466.76
	2954.07	0.00	12.52	1467.77
	2954.09	0.00	12.50	1471.80
	2954.10	0.00	12.51	1469.78
	2954.11	0.00	12.51	1467.78
	2954.12	0.00	12.51	1469.77
	2954.13	0.00	12.57	1481.73
	2954.14	0.00	12.57	1481.74
	2954.16	0.00	12.56	1481.75
	2954.17	0.00	12.56	1479.74
	2954.18	0.00	12.54	1473.74
	2954.19	0.00	12.56	1482.74
	2954.20	0.00	12.55	1481.74
	2954.21	0.00	12.43	1480.89
	2954.23	0.00	12.14	1510.11
	2954.24	0.00	11.75	1581.42
	2954.25	0.00	11.43	1658.67
	2954.26	0.00	11.27	1694.78
	2954.27	0.00	11.22	1718.80
	2954.29	0.00	11.21	1738.78
	2954.30	0.00	11.18	1756.82
	2954.31	0.00	11.11	1796.88
	2954.32	0.00	11.14	1866.92
	2954.33	0.00	11.19	1914.91
	2954.34	0.00	11.19	1951.98
	2954.36	0.00	11.23	1982.00
	2954.37	0.00	11.27	2004.02
	2954.38	0.00	11.34	2026.02
	2954.39	0.00	11.38	2030.04
	2954.40	0.00	11.49	2054.00
	2954.42	0.00	11.53	2055.03
	2954.43	0.00	11.59	2050.01
	2954.44	0.00	11.68	2045.97
	2954.45	0.00	11.76	2034.94
	2954.46	0.00	11.84	2021.92
	2954.47	0.00	11.92	2008.88
	2954.49	0.00	12.06	1988.71
	2954.50	0.00	12.12	1969.69
	2954.51	0.00	12.18	1950.63
	2954.52	0.00	12.25	1933.59
	2954.53	0.00	12.28	1904.65
	2954.55	0.00	12.41	1882.54
	2954.56	0.00	12.51	1859.56
	2954.57	0.00	12.61	1846.52
	2954.58	0.00	12.69	1828.45
	2954.59	0.00	12.73	1809.42
	2954.60	0.00	12.83	1820.38
	2954.62	0.00	12.85	1814.34
	2954.63	0.00	12.90	1830.31
	2954.64	0.00	12.96	1837.25
	2954.65	0.00	13.00	1845.20
	2954.66	0.00	13.03	1852.16
	2954.68	0.00	13.08	1859.10
	2954.69	0.00	13.09	1856.08
	2954.70	0.00	13.13	1865.05
	2954.71	0.00	13.14	1860.03
	2954.72	0.00	13.26	1876.01
	2954.73	0.00	13.30	1873.96
	2954.75	0.00	13.35	1871.94
	2954.76	0.00	13.42	1869.91
	2954.77	0.00	13.49	1879.89
	2954.78	0.00	13.51	1885.90
	2954.79	0.00	13.56	1864.87
	2954.81	0.00	13.70	1883.85
	2954.82	0.00	13.73	1884.84
	2954.83	0.00	13.71	1876.84
	2954.84	0.00	13.73	1872.82
	2954.85	0.00	13.73	1862.79
	2954.86	0.00	13.73	1860.80
	2954.87	0.00	13.74	1845.76
	2954.89	0.00	13.57	1806.76
	2954.90	0.00	13.52	1763.72
	2954.91	0.00	13.50	1752.70
	2954.92	0.00	13.27	1682.65
	2954.93	0.00	13.09	1635.75
	2954.95	0.00	12.89	1585.84
	2954.96	0.00	12.74	1544.85
	2954.97	0.00	12.58	1506.91
	2954.98	0.00	12.46	1479.94
	2954.99	0.00	12.44	1483.97
	2955.00	0.00	12.47	1491.94
	2955.02	0.00	12.45	1482.92
	2955.03	0.00	12.46	1482.92
	2955.04	0.00	12.45	1475.90
	2955.05	0.00	12.44	1470.91
	2955.06	0.00	12.43	1464.90
	2955.08	0.00	12.42	1459.90
	2955.09	0.00	12.45	1459.86
	2955.10	0.00	12.42	1459.90
	2955.11	0.00	12.45	1458.85
	2955.12	0.00	12.46	1460.85
	2955.13	0.00	12.45	1461.87
	2955.15	0.00	12.45	1460.87
	2955.16	0.00	12.45	1460.86
	2955.17	0.00	12.46	1459.86
	2955.18	0.00	12.46	1459.86
	2955.19	0.00	12.45	1461.87
	2955.20	0.00	12.58	1460.59
	2955.22	0.00	12.61	1463.55
	2955.23	0.00	12.61	1462.56
	2955.24	0.00	12.62	1463.56
	2955.25	0.00	12.59	1448.56
	2955.26	0.00	12.62	1454.55
	2955.28	0.00	12.62	1452.55
	2955.29	0.00	12.62	1452.55
	2955.30	0.00	12.61	1450.55
	2955.31	0.00	12.61	1452.56
	2955.32	0.00	12.62	1438.46
	2955.33	0.00	12.56	1433.54
	2955.34	0.00	12.52	1435.62
	2955.36	0.00	12.50	1435.68
	2955.37	0.00	12.49	1424.70
	2955.38	0.00	12.49	1427.71
	2955.39	0.00	12.48	1429.72
	2955.40	0.00	12.46	1420.70
	2955.42	0.00	12.47	1428.71
	2955.43	0.00	12.50	1440.72
	2955.44	0.00	12.51	1443.72
	2955.45	0.00	12.49	1441.74
	2955.46	0.00	12.51	1445.73
	2955.47	0.00	12.49	1441.74
	2955.49	0.00	12.40	1452.87
	2955.50	0.00	12.23	1483.06
	2955.51	0.00	11.85	1555.32
	2955.52	0.00	11.55	1634.49
	2955.53	0.00	11.35	1689.64
	2955.54	0.00	11.25	1721.74
	2955.56	0.00	11.21	1742.77
	2955.57	0.00	11.24	1784.82
	2955.58	0.00	11.29	1834.87
	2955.59	0.00	11.37	1875.89
	2955.60	0.00	11.46	1909.90
	2955.62	0.00	11.58	1952.90
	2955.63	0.00	11.66	1958.83
	2955.64	0.00	11.77	1977.82
	2955.65	0.00	11.84	1984.81
	2955.66	0.00	11.89	1984.80
	2955.67	0.00	11.97	1985.78
	2955.69	0.00	12.04	1977.75
	2955.70	0.00	12.12	1971.72
	2955.71	0.00	12.16	1955.69
	2955.72	0.00	12.25	1941.64
	2955.73	0.00	12.33	1927.61
	2955.75	0.00	12.44	1898.55
	2955.76	0.00	12.51	1870.59
	2955.77	0.00	12.60	1845.55
	2955.78	0.00	12.67	1830.51
	2955.79	0.00	12.72	1820.48
	2955.80	0.00	12.77	1812.42
	2955.82	0.00	12.81	1807.43
	2955.83	0.00	12.83	1807.42
	2955.84	0.00	12.83	1803.42
	2955.85	0.00	12.84	1811.42
	2955.86	0.00	12.83	1815.43
	2955.88	0.00	12.86	1822.31
	2955.89	0.00	12.85	1830.32
	2955.90	0.00	12.82	1833.33
	2955.91	0.00	12.76	1841.37
	2955.92	0.00	12.69	1829.42
	2955.93	0.00	12.67	1851.48
	2955.95	0.00	12.66	1855.49
	2955.96	0.00	12.66	1863.49
	2955.97	0.00	12.65	1868.50
	2955.98	0.00	12.64	1863.48
	2955.99	0.00	12.65	1866.48
	2956.00	0.00	12.65	1861.48
	2956.02	0.00	12.64	1858.49
	2956.03	0.00	12.67	1856.44
	2956.04	0.00	12.66	1845.46
	2956.05	0.00	12.66	1832.46
	2956.06	0.00	12.63	1813.49
	2956.08	0.00	12.70	1789.44
	2956.09	0.00	12.71	1767.44
	2956.10	0.00	12.70	1745.43
	2956.11	0.00	12.69	1732.42
	2956.12	0.00	12.66	1722.42
	2956.13	0.00	12.64	1702.38
	2956.15	0.00	12.62	1697.38
	2956.16	0.00	12.58	1689.39
	2956.17	0.00	12.56	1677.39
	2956.18	0.00	12.54	1675.40
	2956.19	0.00	12.49	1666.41
	2956.21	0.00	12.45	1659.42
	2956.22	0.00	12.43	1657.41
	2956.23	0.00	12.40	1654.43
	2956.24	0.00	12.37	1649.43
	2956.25	0.00	12.34	1642.44
	2956.26	0.00	12.31	1642.47
	2956.28	0.00	12.30	1634.45
	2956.29	0.00	12.26	1631.46
	2956.30	0.00	12.22	1634.46
	2956.31	0.00	12.20	1634.49
	2956.32	0.00	12.18	1629.47
	2956.33	0.00	12.16	1629.48
	2956.35	0.00	12.17	1628.45
	2956.36	0.00	12.14	1625.51
	2956.37	0.00	12.14	1628.52
	2956.38	0.00	12.13	1625.52
	2956.39	0.00	12.12	1620.51
	2956.41	0.00	12.11	1620.52
	2956.42	0.00	12.12	1622.51
	2956.43	0.00	12.12	1618.48
	2956.44	0.00	12.10	1619.51
	2956.45	0.00	12.10	1618.51
	2956.46	0.00	12.09	1617.51
	2956.48	0.00	12.10	1618.51
	2956.49	0.00	12.09	1617.53
	2956.50	0.00	12.09	1619.54
	2956.51	0.00	12.08	1620.55
	2956.52	0.00	12.09	1626.55
	2956.53	0.00	12.08	1625.56
	2956.55	0.00	12.06	1629.57
	2956.56	0.00	12.14	1628.33
	2956.57	0.00	12.16	1635.30
	2956.58	0.00	12.16	1638.30
	2956.59	0.00	12.15	1639.31
	2956.61	0.00	12.13	1641.35
	2956.62	0.00	12.14	1638.35
	2956.63	0.00	12.12	1639.36
	2956.64	0.00	12.12	1641.36
	2956.65	0.00	12.14	1643.32
	2956.66	0.00	12.09	1634.35
	2956.68	0.00	12.09	1631.34
	2956.69	0.00	12.03	1635.49
	2956.70	0.00	12.04	1628.50
	2956.71	0.00	12.04	1634.54
	2956.72	0.00	12.04	1635.54
	2956.74	0.00	12.04	1637.55
	2956.75	0.00	12.00	1622.54
	2956.76	0.00	12.00	1626.57
	2956.77	0.00	12.01	1632.58
	2956.78	0.00	12.03	1631.59
	2956.79	0.00	12.02	1637.62
	2956.81	0.00	12.03	1638.60
	2956.82	0.00	12.02	1639.60
	2956.83	0.00	12.01	1632.59
	2956.84	0.00	12.04	1645.59
	2956.85	0.00	12.08	1654.57
	2956.87	0.00	12.07	1651.58
	2956.88	0.00	12.06	1655.59
	2956.89	0.00	12.06	1650.56
	2956.90	0.00	12.06	1658.60
	2956.91	0.00	12.06	1661.60
	2956.92	0.00	12.06	1660.61
	2956.94	0.00	12.06	1661.62
	2956.95	0.00	12.07	1659.56
	2956.96	0.00	12.07	1659.56
	2956.97	0.00	12.08	1661.55
	2956.98	0.00	12.09	1660.54
	2957.00	0.00	12.09	1662.55
	2957.01	0.00	12.06	1654.55
	2957.02	0.00	12.07	1655.54
	2957.03	0.00	12.07	1655.56
	2957.04	0.00	12.08	1657.54
	2957.05	0.00	12.08	1654.54
	2957.07	0.00	12.08	1656.54
	2957.08	0.00	12.08	1655.55
	2957.09	0.00	12.08	1654.54
	2957.10	0.00	12.08	1653.53
	2957.11	0.00	12.10	1656.53
	2957.12	0.00	12.11	1654.53
	2957.14	0.00	12.16	1656.49
	2957.15	0.00	12.14	1650.55
	2957.16	0.00	12.14	1650.56
	2957.17	0.00	12.15	1648.57
	2957.18	0.00	12.17	1651.57
	2957.20	0.00	12.20	1652.53
	2957.21	0.00	12.19	1654.55
	2957.22	0.00	12.20	1652.56
	2957.23	0.00	12.20	1652.55
	2957.24	0.00	12.20	1653.56
	2957.25	0.00	12.32	1650.27
	2957.27	0.00	12.31	1654.29
	2957.28	0.00	12.30	1649.31
	2957.29	0.00	12.30	1647.31
	2957.30	0.00	12.29	1650.31
	2957.31	0.00	12.29	1651.32
	2957.33	0.00	12.28	1638.26
	2957.34	0.00	12.21	1638.40
	2957.35	0.00	12.19	1638.44
	2957.36	0.00	12.19	1632.48
	2957.37	0.00	12.18	1637.49
	2957.38	0.00	12.13	1618.48
	2957.40	0.00	12.10	1617.52
	2957.41	0.00	12.14	1632.53
	2957.42	0.00	12.16	1630.54
	2957.43	0.00	12.15	1630.55
	2957.44	0.00	12.15	1634.54
	2957.46	0.00	12.13	1623.50
	2957.47	0.00	12.16	1641.52
	2957.48	0.00	12.17	1645.52
	2957.49	0.00	12.16	1646.54
	2957.50	0.00	12.14	1649.54
	2957.51	0.00	12.13	1644.51
	2957.53	0.00	12.12	1648.53
	2957.54	0.00	12.12	1653.56
	2957.55	0.00	12.11	1650.56
	2957.56	0.00	12.11	1653.57
	2957.57	0.00	12.09	1656.58
	2957.59	0.00	12.10	1654.53
	2957.60	0.00	12.09	1657.53
	2957.61	0.00	12.10	1656.53
	2957.62	0.00	12.10	1657.53
	2957.63	0.00	12.09	1656.53
	2957.64	0.00	12.07	1652.53
	2957.66	0.00	12.07	1650.53
	2957.67	0.00	12.06	1649.54
	2957.68	0.00	12.08	1651.53
	2957.69	0.00	12.06	1650.53
	2957.70	0.00	12.05	1647.53
	2957.72	0.00	12.05	1648.54
	2957.73	0.00	12.06	1650.53
	2957.74	0.00	12.06	1651.53
	2957.75	0.00	12.06	1651.53
	2957.76	0.00	12.05	1650.55
	2957.77	0.00	12.04	1651.58
	2957.79	0.00	12.03	1651.59
	2957.80	0.00	12.02	1651.60
	2957.81	0.00	12.02	1650.61
	2957.82	0.00	12.04	1650.55
	2957.83	0.00	12.03	1653.58
	2957.84	0.00	12.03	1650.59
	2957.86	0.00	12.02	1654.60
	2957.87	0.00	12.05	1654.55
	2957.88	0.00	12.14	1652.32
	2957.89	0.00	12.14	1655.34
	2957.90	0.00	12.12	1649.36
	2957.92	0.00	12.12	1653.36
	2957.93	0.00	12.10	1638.30
	2957.94	0.00	12.03	1639.47
	2957.95	0.00	12.02	1633.52
	2957.96	0.00	12.02	1638.53
	2957.97	0.00	12.00	1629.51
	2957.99	0.00	11.96	1615.52
	2958.00	0.00	11.97	1625.56
	2958.01	0.00	11.97	1628.57
	2958.02	0.00	12.01	1629.57
	2958.03	0.00	12.00	1630.58
	2958.05	0.00	11.99	1632.59
	2958.06	0.00	11.98	1624.55
	2958.07	0.00	12.03	1642.56
	2958.08	0.00	12.03	1646.56
	2958.09	0.00	12.04	1645.53
	2958.10	0.00	12.02	1650.58
	2958.12	0.00	12.02	1649.57
	2958.13	0.00	12.02	1652.59
	2958.14	0.00	12.02	1653.57
	2958.15	0.00	12.01	1653.60
	2958.16	0.00	12.00	1655.60
	2958.18	0.00	12.00	1654.60
	2958.19	0.00	12.00	1651.56
	2958.20	0.00	12.02	1657.56
	2958.21	0.00	12.02	1654.56
	2958.22	0.00	12.02	1655.55
	2958.23	0.00	12.02	1655.56
	2958.25	0.00	12.02	1655.55
	2958.26	0.00	12.00	1649.55
	2958.27	0.00	12.00	1649.55
	2958.28	0.00	12.01	1626.56
	2958.29	0.00	12.01	1648.55
	2958.31	0.00	12.01	1648.55
	2958.32	0.00	11.99	1644.55
	2958.33	0.00	12.00	1648.56
	2958.34	0.00	12.00	1648.55
	2958.35	0.00	12.00	1646.55
	2958.36	0.00	12.00	1645.55
	2958.38	0.00	12.01	1647.55
	2958.39	0.00	12.01	1649.55
	2958.40	0.00	12.00	1647.55
	2958.41	0.00	11.99	1644.56
	2958.42	0.00	11.98	1646.60
	2958.44	0.00	11.98	1645.60
	2958.45	0.00	11.98	1646.61
	2958.46	0.00	11.98	1647.61
	2958.47	0.00	11.99	1647.58
	2958.48	0.00	11.99	1650.59
	2958.50	0.00	11.99	1649.60
	2958.51	0.00	11.99	1648.60
	2958.52	0.00	11.98	1650.61
	2958.53	0.00	11.99	1651.61
	2958.54	0.00	12.10	1649.32
	2958.55	0.00	12.09	1653.35
	2958.57	0.00	12.08	1649.37
	2958.58	0.00	12.09	1648.36
	2958.59	0.00	12.08	1648.37
	2958.60	0.00	12.07	1637.30
	2958.61	0.00	12.00	1636.44
	2958.62	0.00	11.98	1636.51
	2958.64	0.00	11.99	1633.53
	2958.65	0.00	11.98	1637.54
	2958.66	0.00	11.91	1616.55
	2958.67	0.00	11.93	1625.57
	2958.68	0.00	11.96	1625.59
	2958.70	0.00	11.96	1632.59
	2958.71	0.00	11.95	1632.59
	2958.72	0.00	11.98	1637.57
	2958.73	0.00	11.99	1646.57
	2958.74	0.00	11.98	1645.58
	2958.75	0.00	11.97	1648.59
	2958.77	0.00	11.97	1646.56
	2958.78	0.00	11.96	1650.60
	2958.79	0.00	11.96	1654.61
	2958.80	0.00	11.97	1655.61
	2958.81	0.00	11.96	1656.62
	2958.83	0.00	11.97	1654.58
	2958.84	0.00	11.96	1655.57
	2958.85	0.00	11.97	1658.57
	2958.86	0.00	11.97	1657.57
	2958.87	0.00	11.96	1653.56
	2958.88	0.00	11.96	1652.56
	2958.90	0.00	11.95	1651.56
	2958.91	0.00	11.94	1653.57
	2958.92	0.00	11.94	1654.57
	2958.93	0.00	11.93	1654.57
	2958.94	0.00	11.93	1651.56
	2958.96	0.00	11.93	1653.54
	2958.97	0.00	11.94	1657.56
	2958.98	0.00	11.94	1655.56
	2958.99	0.00	11.94	1655.57
	2959.00	0.00	11.93	1655.57
	2959.01	0.00	11.91	1651.60
	2959.03	0.00	11.92	1655.61
	2959.04	0.00	11.91	1655.62
	2959.05	0.00	11.91	1658.63
	2959.06	0.00	11.93	1655.59
	2959.07	0.00	11.93	1657.60
	2959.09	0.00	11.92	1659.61
	2959.10	0.00	11.92	1660.62
	2959.11	0.00	11.92	1659.62
	2959.12	0.00	12.04	1659.34
	2959.13	0.00	12.04	1661.35
	2959.14	0.00	12.03	1662.36
	2959.16	0.00	12.02	1658.39
	2959.17	0.00	12.02	1660.38
	2959.18	0.00	12.02	1660.38
	2959.19	0.00	11.99	1645.35
	2959.20	0.00	11.93	1647.50
	2959.21	0.00	11.93	1641.53
	2959.23	0.00	11.94	1643.55
	2959.24	0.00	11.94	1647.55
	2959.25	0.00	11.87	1629.59
	2959.26	0.00	11.90	1640.59
	2959.27	0.00	11.92	1637.60
	2959.29	0.00	11.93	1642.60
	2959.30	0.00	11.90	1632.56
	2959.31	0.00	11.95	1654.58
	2959.32	0.00	11.96	1657.59
	2959.33	0.00	11.96	1658.59
	2959.34	0.00	11.96	1660.57
	2959.36	0.00	11.96	1663.60
	2959.37	0.00	11.95	1666.61
	2959.38	0.00	11.94	1666.63
	2959.39	0.00	11.93	1662.62
	2959.40	0.00	11.95	1665.58
	2959.42	0.00	11.96	1669.57
	2959.43	0.00	11.95	1665.57
	2959.44	0.00	11.95	1669.57
	2959.45	0.00	11.93	1663.57
	2959.46	0.00	11.94	1665.57
	2959.47	0.00	11.94	1663.56
	2959.49	0.00	11.93	1666.57
	2959.50	0.00	11.92	1668.57
	2959.51	0.00	11.90	1665.57
	2959.52	0.00	11.90	1667.57
	2959.53	0.00	11.91	1668.57
	2959.55	0.00	11.94	1668.48
	2959.56	0.00	11.89	1669.61
	2959.57	0.00	11.89	1668.61
	2959.58	0.00	11.89	1667.62
	2959.59	0.00	11.90	1671.62
	2959.60	0.00	11.89	1670.64
	2959.62	0.00	11.93	1665.58
	2959.63	0.00	11.93	1666.60
	2959.64	0.00	11.92	1664.61
	2959.65	0.00	11.92	1667.63
	2959.66	0.00	12.03	1665.35
	2959.68	0.00	12.04	1670.35
	2959.69	0.00	12.03	1663.36
	2959.70	0.00	12.03	1665.37
	2959.71	0.00	12.02	1668.38
	2959.72	0.00	11.99	1653.35
	2959.73	0.00	11.93	1653.49
	2959.75	0.00	11.93	1655.51
	2959.76	0.00	11.93	1650.53
	2959.77	0.00	11.94	1655.54
	2959.78	0.00	11.88	1630.49
	2959.79	0.00	11.85	1640.57
	2959.81	0.00	11.86	1646.57
	2959.82	0.00	11.87	1653.59
	2959.83	0.00	11.87	1654.62
	2959.84	0.00	11.89	1662.60
	2959.85	0.00	11.89	1663.57
	2959.86	0.00	11.91	1675.59
	2959.88	0.00	11.91	1676.59
	2959.89	0.00	11.89	1681.60
	2959.90	0.00	11.89	1679.59
	2959.91	0.00	11.89	1685.62
	2959.92	0.00	11.89	1684.62
	2959.94	0.00	11.89	1685.61
	2959.95	0.00	11.89	1686.61
	2959.96	0.00	11.89	1687.62
	2959.97	0.00	11.90	1685.58
	2959.98	0.00	11.91	1683.57
	2960.00	0.00	11.91	1681.57
	2960.01	0.00	11.94	1684.54
	2960.02	0.00	11.93	1684.56
	2960.03	0.00	11.94	1684.56
	2960.04	0.00	11.95	1682.55
	2960.05	0.00	11.95	1679.57
	2960.07	0.00	11.94	1671.55
	2960.08	0.00	11.96	1673.55
	2960.09	0.00	11.97	1673.52
	2960.10	0.00	11.96	1675.55
	2960.11	0.00	11.96	1677.55
	2960.12	0.00	11.96	1674.54
	2960.14	0.00	11.98	1676.54
	2960.15	0.00	11.96	1669.54
	2960.16	0.00	11.98	1676.54
	2960.17	0.00	12.00	1678.54
	2960.18	0.00	11.98	1677.57
	2960.20	0.00	12.00	1679.58
	2960.21	0.00	11.98	1678.59
	2960.22	0.00	12.00	1681.59
	2960.23	0.00	12.02	1682.55
	2960.24	0.00	12.00	1680.60
	2960.26	0.00	11.99	1679.60
	2960.27	0.00	12.03	1685.55
	2960.28	0.00	12.03	1686.56
	2960.29	0.00	12.04	1688.57
	2960.30	0.00	12.02	1686.59
	2960.31	0.00	12.03	1689.59
	2960.33	0.00	12.16	1692.30
	2960.34	0.00	12.14	1692.34
	2960.35	0.00	12.12	1685.35
	2960.36	0.00	12.13	1688.35
	2960.37	0.00	12.10	1674.30
	2960.39	0.00	12.05	1675.45
	2960.40	0.00	12.04	1673.50
	2960.41	0.00	12.03	1674.53
	2960.42	0.00	12.04	1677.52
	2960.43	0.00	11.99	1660.54
	2960.44	0.00	12.00	1667.56
	2960.46	0.00	12.02	1671.57
	2960.47	0.00	12.01	1673.58
	2960.48	0.00	12.01	1670.54
	2960.49	0.00	12.02	1685.59
	2960.50	0.00	12.02	1682.57
	2960.52	0.00	12.01	1686.57
	2960.53	0.00	12.01	1686.57
	2960.54	0.00	12.01	1692.58
	2960.55	0.00	12.00	1692.60
	2960.56	0.00	11.99	1691.60
	2960.57	0.00	11.99	1691.60
	2960.59	0.00	12.01	1687.52
	2960.60	0.00	11.98	1691.56
	2960.61	0.00	11.99	1691.55
	2960.62	0.00	11.98	1688.55
	2960.63	0.00	11.97	1686.57
	2960.65	0.00	11.96	1684.55
	2960.66	0.00	11.93	1676.55
	2960.67	0.00	11.91	1675.55
	2960.68	0.00	11.91	1674.55
	2960.69	0.00	11.90	1670.55
	2960.70	0.00	11.88	1664.55
	2960.72	0.00	11.86	1659.56
	2960.73	0.00	11.84	1649.55
	2960.74	0.00	11.84	1643.55
	2960.75	0.00	11.85	1633.54
	2960.76	0.00	11.84	1624.51
	2960.78	0.00	11.85	1613.49
	2960.79	0.00	11.82	1605.54
	2960.80	0.00	11.81	1600.55
	2960.81	0.00	11.79	1593.56
	2960.82	0.00	11.77	1595.57
	2960.83	0.00	11.76	1595.58
	2960.85	0.00	11.73	1597.59
	2960.86	0.00	11.67	1607.61
	2960.87	0.00	11.67	1617.58
	2960.88	0.00	11.64	1626.59
	2960.89	0.00	11.62	1635.61
	2960.91	0.00	11.61	1646.62
	2960.92	0.00	11.57	1654.64
	2960.93	0.00	11.57	1672.65
	2960.94	0.00	11.68	1684.37
	2960.95	0.00	11.65	1701.42
	2960.96	0.00	11.63	1716.45
	2960.98	0.00	11.62	1742.49
	2960.99	0.00	11.58	1746.40
	2961.00	0.00	11.50	1778.60
	2961.01	0.00	11.40	1810.81
	2961.02	0.00	11.41	1848.84
	2961.04	0.00	11.39	1876.87
	2961.05	0.00	11.38	1894.86
	2961.06	0.00	11.41	1923.88
	2961.07	0.00	11.42	1935.91
	2961.08	0.00	11.48	1949.84
	2961.09	0.00	11.50	1958.86
	2961.11	0.00	11.50	1958.86
	2961.12	0.00	11.64	2000.83
	2961.13	0.00	11.55	1955.86
	2961.14	0.00	11.58	1944.85
	2961.15	0.00	11.60	1938.84
	2961.17	0.00	11.64	1933.79
	2961.18	0.00	11.68	1933.78
	2961.19	0.00	11.70	1929.77
	2961.20	0.00	11.72	1925.76
	2961.21	0.00	11.73	1920.75
	2961.22	0.00	11.74	1919.74
	2961.24	0.00	11.75	1918.74
	2961.25	0.00	11.76	1919.74
	2961.26	0.00	11.78	1922.74
	2961.27	0.00	11.79	1926.74
	2961.28	0.00	11.79	1926.74
	2961.30	0.00	11.80	1933.77
	2961.31	0.00	11.80	1931.78
	2961.32	0.00	11.83	1933.77
	2961.33	0.00	11.86	1931.75
	2961.34	0.00	11.88	1931.74
	2961.35	0.00	11.92	1931.74
	2961.37	0.00	11.95	1926.73
	2961.38	0.00	11.96	1923.72
	2961.39	0.00	12.04	1919.55
	2961.40	0.00	12.06	1913.52
	2961.41	0.00	12.07	1904.52
	2961.43	0.00	12.08	1894.49
	2961.44	0.00	12.10	1879.48
	2961.45	0.00	12.08	1836.63
	2961.46	0.00	12.24	1778.58
	2961.47	0.00	12.41	1716.49
	2961.49	0.00	12.45	1673.39
	2961.50	0.00	12.43	1618.28
	2961.51	0.00	12.46	1600.18
	2961.52	0.00	12.47	1562.11
	2961.53	0.00	12.41	1528.08
	2961.54	0.00	12.40	1489.06
	2961.56	0.00	12.36	1493.04
	2961.57	0.00	12.31	1477.02
	2961.58	0.00	12.29	1469.01
	2961.59	0.00	12.23	1441.96
	2961.60	0.00	12.25	1445.93
	2961.61	0.00	12.28	1450.91
	2961.63	0.00	12.28	1448.90
	2961.64	0.00	12.28	1448.90
	2961.65	0.00	12.29	1448.90
	2961.66	0.00	12.31	1450.86
	2961.67	0.00	12.26	1445.91
	2961.69	0.00	12.28	1453.91
	2961.70	0.00	12.28	1434.95
	2961.71	0.00	12.28	1456.93
	2961.72	0.00	12.29	1452.89
	2961.73	0.00	12.31	1438.92
	2961.74	0.00	12.30	1460.93
	2961.76	0.00	12.30	1439.95
	2961.77	0.00	12.33	1465.93
	2961.78	0.00	12.32	1439.93
	2961.79	0.00	12.32	1439.93
	2961.80	0.00	12.31	1441.95
	2961.81	0.00	12.33	1437.89
	2961.83	0.00	12.34	1437.88
	2961.84	0.00	12.33	1435.88
	2961.85	0.00	12.34	1436.87
	2961.86	0.00	12.36	1439.86
	2961.87	0.00	12.36	1440.86
	2961.89	0.00	12.36	1438.86
	2961.90	0.00	12.36	1440.87
	2961.91	0.00	12.35	1436.85
	2961.92	0.00	12.37	1438.84
	2961.93	0.00	12.38	1438.83
	2961.94	0.00	12.38	1430.78
	2961.96	0.00	12.35	1430.83
	2961.97	0.00	12.37	1434.82
	2961.98	0.00	12.37	1433.82
	2961.99	0.00	12.37	1430.83
	2962.00	0.00	12.39	1432.81
	2962.01	0.00	12.31	1439.87
	2962.03	0.00	12.21	1457.01
	2962.04	0.00	12.06	1502.14
	2962.05	0.00	11.92	1537.27
	2962.06	0.00	11.81	1566.37
	2962.07	0.00	11.71	1599.42
	2962.08	0.00	11.65	1637.47
	2962.10	0.00	11.65	1653.48
	2962.11	0.00	11.61	1662.52
	2962.12	0.00	11.56	1673.59
	2962.13	0.00	11.56	1684.58
	2962.14	0.00	11.54	1701.63
	2962.16	0.00	11.53	1718.62
	2962.17	0.00	11.48	1745.68
	2962.18	0.00	11.50	1768.63
	2962.19	0.00	11.41	1781.76
	2962.20	0.00	11.40	1804.74
	2962.21	0.00	11.40	1835.78
	2962.23	0.00	11.37	1862.84
	2962.24	0.00	11.35	1880.86
	2962.25	0.00	11.31	1888.93
	2962.26	0.00	11.30	1898.94
	2962.27	0.00	11.30	1908.95
	2962.29	0.00	11.30	1914.96
	2962.30	0.00	11.33	1918.91
	2962.31	0.00	11.31	1915.92
	2962.32	0.00	11.32	1923.92
	2962.33	0.00	11.32	1930.88
	2962.35	0.00	11.33	1925.89
	2962.36	0.00	11.29	1923.90
	2962.37	0.00	11.27	1919.91
	2962.38	0.00	11.23	1911.93
	2962.39	0.00	11.21	1911.93
	2962.41	0.00	11.18	1910.94
	2962.42	0.00	11.15	1906.91
	2962.43	0.00	11.10	1903.91
	2962.44	0.00	11.12	1907.85
	2962.45	0.00	11.08	1914.93
	2962.46	0.00	11.07	1914.93
	2962.48	0.00	11.07	1915.93
	2962.49	0.00	11.06	1917.95
	2962.50	0.00	11.05	1921.95
	2962.51	0.00	11.06	1921.95
	2962.52	0.00	11.06	1924.95
	2962.54	0.00	11.07	1926.97
	2962.55	0.00	11.06	1923.99
	2962.56	0.00	11.08	1924.99
	2962.57	0.00	11.09	1924.99
	2962.58	0.00	11.11	1926.97
	2962.59	0.00	11.10	1925.01
	2962.61	0.00	11.12	1926.99
	2962.62	0.00	11.14	1919.93
	2962.63	0.00	11.18	1924.94
	2962.64	0.00	11.18	1921.95
	2962.65	0.00	11.19	1923.94
	2962.67	0.00	11.18	1920.00
	2962.68	0.00	11.20	1920.00
	2962.69	0.00	11.21	1917.00
	2962.70	0.00	11.22	1919.00
	2962.71	0.00	11.24	1910.95
	2962.72	0.00	11.25	1912.96
	2962.74	0.00	11.25	1907.96
	2962.75	0.00	11.26	1904.97
	2962.76	0.00	11.30	1901.93
	2962.77	0.00	11.30	1896.94
	2962.78	0.00	11.30	1894.94
	2962.80	0.00	11.29	1882.93
	2962.81	0.00	11.27	1877.97
	2962.82	0.00	11.28	1876.98
	2962.83	0.00	11.28	1871.97
	2962.84	0.00	11.29	1867.96
	2962.86	0.00	11.32	1866.95
	2962.87	0.00	11.35	1860.94
	2962.88	0.00	11.39	1850.93
	2962.89	0.00	11.43	1839.90
	2962.90	0.00	11.46	1827.90
	2962.91	0.00	11.53	1815.86
	2962.93	0.00	11.58	1798.83
	2962.94	0.00	11.66	1776.79
	2962.95	0.00	11.77	1748.74
	2962.96	0.00	11.96	1701.67
	2962.97	0.00	12.10	1662.64
	2962.99	0.00	12.21	1635.55
	2963.00	0.00	12.29	1620.46
	2963.01	0.00	12.36	1599.35
	2963.02	0.00	12.43	1585.24
	2963.03	0.00	12.54	1556.09
	2963.05	0.00	12.57	1550.01
	2963.06	0.00	12.54	1544.06
	2963.07	0.00	12.53	1538.04
	2963.08	0.00	12.67	1530.70
	2963.09	0.00	12.66	1526.71
	2963.10	0.00	12.63	1512.71
	2963.12	0.00	12.61	1500.70
	2963.13	0.00	12.58	1491.69
	2963.14	0.00	12.55	1485.69
	2963.15	0.00	12.41	1484.81
	2963.16	0.00	12.34	1456.91
	2963.17	0.00	12.32	1453.92
	2963.19	0.00	12.30	1447.90
	2963.20	0.00	12.28	1443.92
	2963.21	0.00	12.26	1439.92
	2963.22	0.00	12.28	1431.93
	2963.23	0.00	12.28	1427.91
	2963.25	0.00	12.23	1419.93
	2963.26	0.00	12.23	1419.92
	2963.27	0.00	12.23	1417.92
	2963.28	0.00	12.23	1439.89
	2963.29	0.00	12.18	1394.86
	2963.30	0.00	12.20	1404.88
	2963.32	0.00	12.23	1410.88
	2963.33	0.00	12.23	1409.90
	2963.34	0.00	12.24	1413.89
	2963.35	0.00	12.24	1415.89
	2963.36	0.00	12.24	1415.89
	2963.37	0.00	12.28	1421.84
	2963.39	0.00	12.29	1423.84
	2963.40	0.00	12.30	1432.86
	2963.41	0.00	12.31	1430.86
	2963.42	0.00	12.32	1432.83
	2963.43	0.00	12.32	1436.86
	2963.44	0.00	12.30	1432.85
	2963.46	0.00	12.29	1432.87
	2963.47	0.00	12.29	1433.89
	2963.48	0.00	12.31	1435.86
	2963.49	0.00	12.30	1431.86
	2963.50	0.00	12.31	1431.84
	2963.52	0.00	12.32	1429.83
	2963.53	0.00	12.34	1422.77
	2963.54	0.00	12.36	1426.76
	2963.55	0.00	12.39	1428.70
	2963.56	0.00	12.39	1430.75
	2963.57	0.00	12.37	1426.74
	2963.59	0.00	12.38	1426.73
	2963.60	0.00	12.38	1425.73
	2963.61	0.00	12.37	1426.73
	2963.62	0.00	12.37	1425.72
	2963.63	0.00	12.38	1428.72
	2963.64	0.00	12.39	1440.72
	2963.66	0.00	12.40	1441.71
	2963.67	0.00	12.42	1451.71
	2963.68	0.00	12.47	1453.62
	2963.69	0.00	12.51	1471.63
	2963.70	0.00	12.59	1495.61
	2963.72	0.00	12.63	1538.71
	2963.73	0.00	12.61	1587.84
	2963.74	0.00	12.59	1606.95
	2963.75	0.00	12.56	1625.06
	2963.76	0.00	12.53	1633.13
	2963.77	0.00	12.53	1630.19
	2963.79	0.00	12.68	1664.24
	2963.80	0.00	12.72	1679.23
	2963.81	0.00	12.75	1694.26
	2963.82	0.00	12.77	1724.27
	2963.83	0.00	12.97	1768.27
	2963.84	0.00	13.04	1785.28
	2963.86	0.00	13.08	1802.26
	2963.87	0.00	13.13	1798.21
	2963.88	0.00	13.15	1805.19
	2963.89	0.00	13.19	1811.19
	2963.90	0.00	13.18	1808.19
	2963.91	0.00	13.20	1811.19
	2963.93	0.00	13.21	1814.19
	2963.94	0.00	13.21	1791.26
	2963.95	0.00	13.22	1797.27
	2963.96	0.00	13.23	1790.25
	2963.97	0.00	13.26	1796.24
	2963.98	0.00	13.26	1797.24
	2964.00	0.00	13.27	1799.24
	2964.01	0.00	13.30	1797.18
	2964.02	0.00	13.30	1800.19
	2964.03	0.00	13.30	1799.19
	2964.04	0.00	13.32	1798.14
	2964.06	0.00	13.28	1797.21
	2964.07	0.00	13.27	1799.21
	2964.08	0.00	13.26	1798.22
	2964.09	0.00	13.26	1797.18
	2964.10	0.00	13.26	1799.19
	2964.11	0.00	13.25	1800.20
	2964.13	0.00	13.23	1793.21
	2964.14	0.00	13.21	1790.21
	2964.15	0.00	13.18	1787.23
	2964.16	0.00	13.16	1787.25
	2964.17	0.00	13.13	1779.26
	2964.18	0.00	13.09	1776.29
	2964.20	0.00	13.05	1772.32
	2964.21	0.00	12.97	1771.38
	2964.22	0.00	12.92	1769.40
	2964.23	0.00	12.84	1773.39
	2964.24	0.00	12.55	1780.42
	2964.25	0.00	12.46	1787.43
	2964.27	0.00	12.22	1781.47
	2964.28	0.00	12.10	1796.49
	2964.29	0.00	12.01	1797.52
	2964.30	0.00	11.91	1790.54
	2964.31	0.00	11.84	1785.56
	2964.33	0.00	11.75	1782.59
	2964.34	0.00	11.63	1762.61
	2964.35	0.00	11.52	1742.63
	2964.36	0.00	11.42	1719.64
	2964.37	0.00	11.38	1700.62
	2964.38	0.00	11.38	1685.57
	2964.40	0.00	11.31	1654.61
	2964.41	0.00	11.34	1633.56
	2964.42	0.00	11.34	1604.58
	2964.43	0.00	11.39	1594.55
	2964.44	0.00	11.53	1581.44
	2964.46	0.00	11.65	1543.38
	2964.47	0.00	11.91	1477.27
	2964.48	0.00	12.09	1473.17
	2964.49	0.00	12.15	1447.10
	2964.50	0.00	12.18	1451.07
	2964.51	0.00	12.20	1453.05
	2964.53	0.00	12.37	1451.69
	2964.54	0.00	12.39	1452.69
	2964.55	0.00	12.37	1452.72
	2964.56	0.00	12.39	1451.68
	2964.57	0.00	12.37	1441.68
	2964.58	0.00	12.37	1438.68
	2964.60	0.00	12.35	1456.69
	2964.61	0.00	12.35	1416.63
	2964.62	0.00	12.28	1415.75
	2964.63	0.00	12.23	1417.85
	2964.64	0.00	12.22	1436.86
	2964.66	0.00	12.22	1412.89
	2964.67	0.00	12.23	1409.91
	2964.68	0.00	12.23	1408.92
	2964.69	0.00	12.26	1433.84
	2964.70	0.00	12.24	1415.93
	2964.71	0.00	12.24	1415.93
	2964.73	0.00	12.24	1415.93
	2964.74	0.00	12.18	1389.89
	2964.75	0.00	12.16	1387.90
	2964.76	0.00	12.17	1392.92
	2964.77	0.00	12.19	1397.92
	2964.78	0.00	12.16	1390.92
	2964.80	0.00	12.15	1385.91
	2964.81	0.00	12.17	1391.92
	2964.82	0.00	12.19	1400.93
	2964.83	0.00	12.18	1401.94
	2964.84	0.00	12.20	1406.93
	2964.85	0.00	12.20	1407.94
	2964.87	0.00	12.20	1406.93
	2964.88	0.00	12.20	1409.95
	2964.89	0.00	12.23	1411.94
	2964.90	0.00	12.23	1410.94
	2964.91	0.00	12.23	1412.94
	2964.93	0.00	12.22	1417.97
	2964.94	0.00	12.24	1419.95
	2964.95	0.00	12.23	1418.94
	2964.96	0.00	12.24	1417.94
	2964.97	0.00	12.23	1421.96
	2964.98	0.00	12.26	1429.96
	2965.00	0.00	12.25	1425.95
	2965.01	0.00	12.27	1427.90
	2965.02	0.00	12.32	1440.91
	2965.03	0.00	12.34	1445.90
	2965.04	0.00	12.35	1450.90
	2965.05	0.00	12.36	1451.89
	2965.07	0.00	12.35	1451.90
	2965.08	0.00	12.38	1459.89
	2965.09	0.00	12.40	1459.86
	2965.10	0.00	12.40	1461.86
	2965.11	0.00	12.41	1467.86
	2965.13	0.00	12.35	1476.95
	2965.14	0.00	12.21	1484.15
	2965.15	0.00	11.98	1532.45
	2965.16	0.00	11.81	1571.68
	2965.17	0.00	11.64	1611.77
	2965.18	0.00	11.46	1631.85
	2965.19	0.00	11.33	1668.90
	2965.21	0.00	11.20	1723.99
	2965.22	0.00	11.11	1753.03
	2965.23	0.00	11.05	1760.08
	2965.24	0.00	10.96	1786.14
	2965.25	0.00	10.90	1813.17
	2965.27	0.00	10.76	1848.18
	2965.28	0.00	10.75	1869.20
	2965.29	0.00	10.72	1878.21
	2965.30	0.00	10.72	1910.20
	2965.31	0.00	10.71	1919.20
	2965.32	0.00	10.73	1922.18
	2965.34	0.00	10.77	1930.16
	2965.35	0.00	10.80	1933.15
	2965.36	0.00	10.90	1907.14
	2965.37	0.00	10.92	1899.11
	2965.38	0.00	10.95	1898.08
	2965.40	0.00	10.96	1892.11
	2965.41	0.00	10.98	1890.11
	2965.42	0.00	11.00	1890.11
	2965.43	0.00	11.02	1886.06
	2965.44	0.00	11.04	1888.07
	2965.46	0.00	11.06	1891.07
	2965.47	0.00	11.09	1889.02
	2965.48	0.00	11.11	1894.00
	2965.49	0.00	11.14	1900.01
	2965.50	0.00	11.17	1902.00
	2965.52	0.00	11.16	1905.04
	2965.53	0.00	11.17	1907.06
	2965.54	0.00	11.18	1912.06
	2965.55	0.00	11.19	1917.06
	2965.56	0.00	11.20	1922.95
	2965.57	0.00	11.15	1923.02
	2965.59	0.00	11.17	1934.02
	2965.60	0.00	11.16	1933.02
	2965.61	0.00	11.18	1940.00
	2965.62	0.00	11.14	1933.00
	2965.63	0.00	11.15	1944.01
	2965.65	0.00	11.16	1944.99
	2965.66	0.00	11.15	1944.02
	2965.67	0.00	11.15	1937.02
	2965.68	0.00	11.17	1939.03
	2965.69	0.00	11.20	1929.98
	2965.70	0.00	11.22	1916.97
	2965.72	0.00	11.26	1912.93
	2965.73	0.00	11.27	1897.92
	2965.74	0.00	11.31	1841.89
	2965.75	0.00	11.35	1822.88
	2965.76	0.00	11.42	1798.84
	2965.78	0.00	11.47	1777.81
	2965.79	0.00	11.52	1748.76
	2965.80	0.00	11.58	1717.73
	2965.81	0.00	11.61	1691.68
	2965.82	0.00	11.68	1676.62
	2965.83	0.00	11.85	1611.55
	2965.85	0.00	12.00	1562.45
	2965.86	0.00	12.16	1529.29
	2965.87	0.00	12.19	1509.21
	2965.88	0.00	12.22	1499.14
	2965.89	0.00	12.21	1492.13
	2965.91	0.00	12.21	1477.11
	2965.92	0.00	12.20	1468.09
	2965.93	0.00	12.22	1467.07
	2965.94	0.00	12.23	1445.03
	2965.95	0.00	12.22	1466.04
	2965.96	0.00	12.23	1447.05
	2965.98	0.00	12.23	1448.05
	2965.99	0.00	12.26	1445.00
	2966.00	0.00	12.24	1444.05
	2966.01	0.00	12.23	1444.04
	2966.02	0.00	12.22	1462.03
	2966.04	0.00	12.23	1442.03
	2966.05	0.00	12.24	1444.03
	2966.06	0.00	12.24	1443.02
	2966.07	0.00	12.24	1440.02
	2966.08	0.00	12.23	1442.04
	2966.09	0.00	12.26	1466.07
	2966.11	0.00	12.25	1482.12
	2966.12	0.00	12.22	1497.18
	2966.13	0.00	12.24	1558.95
	2966.14	0.00	12.12	1600.11
	2966.15	0.00	12.00	1630.20
	2966.16	0.00	11.91	1653.27
	2966.18	0.00	11.85	1678.33
	2966.19	0.00	11.79	1691.38
	2966.20	0.00	11.68	1720.63
	2966.21	0.00	11.69	1739.71
	2966.22	0.00	11.69	1766.74
	2966.24	0.00	11.68	1783.76
	2966.25	0.00	11.69	1791.72
	2966.26	0.00	11.70	1808.74
	2966.27	0.00	11.71	1839.77
	2966.28	0.00	11.75	1870.74
	2966.29	0.00	11.76	1892.77
	2966.31	0.00	11.75	1910.79
	2966.32	0.00	11.73	1920.79
	2966.33	0.00	11.71	1928.80
	2966.34	0.00	11.70	1937.84
	2966.35	0.00	11.71	1947.83
	2966.37	0.00	11.71	1952.84
	2966.38	0.00	11.72	1952.80
	2966.39	0.00	11.72	1955.81
	2966.40	0.00	11.74	1955.79
	2966.41	0.00	11.73	1954.79
	2966.43	0.00	11.71	1955.79
	2966.44	0.00	11.71	1953.79
	2966.45	0.00	11.70	1949.78
	2966.46	0.00	11.72	1955.78
	2966.47	0.00	11.71	1951.78
	2966.48	0.00	11.70	1947.78
	2966.50	0.00	11.71	1950.78
	2966.51	0.00	11.70	1950.78
	2966.52	0.00	11.68	1948.82
	2966.53	0.00	11.67	1944.82
	2966.54	0.00	11.67	1947.83
	2966.56	0.00	11.69	1951.80
	2966.57	0.00	11.68	1951.81
	2966.58	0.00	11.68	1950.81
	2966.59	0.00	11.67	1952.82
	2966.60	0.00	11.69	1951.77
	2966.62	0.00	11.67	1952.79
	2966.63	0.00	11.68	1957.77
	2966.64	0.00	11.65	1958.80
	2966.65	0.00	11.62	1954.87
	2966.66	0.00	11.62	1952.86
	2966.67	0.00	11.62	1950.86
	2966.69	0.00	11.61	1947.87
	2966.70	0.00	11.62	1941.83
	2966.71	0.00	11.62	1939.84
	2966.72	0.00	11.62	1932.84
	2966.73	0.00	11.64	1926.79
	2966.75	0.00	11.66	1929.80
	2966.76	0.00	11.64	1920.81
	2966.77	0.00	11.63	1910.80
	2966.78	0.00	11.64	1902.78
	2966.79	0.00	11.63	1896.81
	2966.80	0.00	11.65	1890.80
	2966.82	0.00	11.65	1881.82
	2966.83	0.00	11.67	1869.75
	2966.84	0.00	11.69	1861.74
	2966.85	0.00	11.69	1848.74
	2966.86	0.00	11.72	1838.68
	2966.88	0.00	11.67	1816.73
	2966.89	0.00	11.66	1803.73
	2966.90	0.00	11.66	1785.72
	2966.91	0.00	11.64	1769.71
	2966.92	0.00	11.56	1729.71
	2966.93	0.00	11.58	1713.70
	2966.95	0.00	11.57	1695.68
	2966.96	0.00	11.58	1671.68
	2966.97	0.00	11.68	1635.61
	2966.98	0.00	11.76	1602.61
	2966.99	0.00	11.82	1575.57
	2967.01	0.00	11.92	1543.52
	2967.02	0.00	11.98	1523.47
	2967.03	0.00	12.01	1501.40
	2967.04	0.00	12.07	1459.34
	2967.05	0.00	12.07	1446.28
	2967.06	0.00	12.08	1437.22
	2967.08	0.00	12.08	1437.20
	2967.09	0.00	12.09	1436.18
	2967.10	0.00	12.09	1454.14
	2967.11	0.00	12.15	1440.09
	2967.12	0.00	12.16	1464.08
	2967.13	0.00	12.16	1467.09
	2967.15	0.00	12.17	1470.09
	2967.16	0.00	12.18	1477.10
	2967.17	0.00	12.19	1481.11
	2967.18	0.00	12.17	1478.11
	2967.19	0.00	12.19	1489.12
	2967.20	0.00	12.19	1495.14
	2967.22	0.00	12.17	1494.16
	2967.23	0.00	12.34	1500.83
	2967.24	0.00	12.34	1507.85
	2967.25	0.00	12.33	1514.89
	2967.26	0.00	12.29	1507.92
	2967.28	0.00	12.31	1516.93
	2967.29	0.00	12.30	1521.96
	2967.30	0.00	12.27	1515.95
	2967.31	0.00	12.16	1517.18
	2967.32	0.00	12.13	1525.27
	2967.33	0.00	12.14	1522.31
	2967.35	0.00	12.13	1533.34
	2967.36	0.00	12.08	1512.30
	2967.37	0.00	12.08	1521.34
	2967.38	0.00	12.10	1539.38
	2967.39	0.00	12.12	1543.40
	2967.41	0.00	12.10	1560.41
	2967.42	0.00	12.06	1570.40
	2967.43	0.00	12.09	1593.43
	2967.44	0.00	12.08	1601.45
	2967.45	0.00	12.05	1605.48
	2967.46	0.00	12.05	1608.48
	2967.48	0.00	12.05	1611.46
	2967.49	0.00	12.05	1620.51
	2967.50	0.00	12.07	1628.51
	2967.51	0.00	12.07	1634.54
	2967.52	0.00	12.08	1632.49
	2967.54	0.00	12.12	1638.43
	2967.55	0.00	12.11	1640.49
	2967.56	0.00	12.11	1643.49
	2967.57	0.00	12.09	1634.49
	2967.58	0.00	12.10	1638.47
	2967.59	0.00	12.10	1637.49
	2967.61	0.00	12.11	1638.49
	2967.62	0.00	12.11	1637.48
	2967.63	0.00	12.13	1644.47
	2967.64	0.00	12.14	1646.48
	2967.65	0.00	12.16	1647.47
	2967.66	0.00	12.16	1647.48
	2967.68	0.00	12.14	1645.52
	2967.69	0.00	12.14	1642.52
	2967.70	0.00	12.15	1646.53
	2967.71	0.00	12.17	1647.53
	2967.72	0.00	12.18	1647.50
	2967.74	0.00	12.18	1647.51
	2967.75	0.00	12.18	1646.52
	2967.76	0.00	12.21	1647.49
	2967.77	0.00	12.37	1651.17
	2967.78	0.00	12.40	1646.19
	2967.79	0.00	12.41	1638.20
	2967.81	0.00	12.41	1641.23
	2967.82	0.00	12.42	1643.21
	2967.83	0.00	12.34	1627.30
	2967.84	0.00	12.28	1627.44
	2967.85	0.00	12.26	1631.48
	2967.87	0.00	12.29	1628.47
	2967.88	0.00	12.31	1633.48
	2967.89	0.00	12.31	1625.43
	2967.90	0.00	12.30	1620.46
	2967.91	0.00	12.33	1630.46
	2967.92	0.00	12.33	1630.46
	2967.94	0.00	12.34	1635.46
	2967.95	0.00	12.38	1647.43
	2967.96	0.00	12.40	1655.43
	2967.97	0.00	12.42	1659.43
	2967.98	0.00	12.42	1659.43
	2968.00	0.00	12.40	1658.44
	2968.01	0.00	12.40	1660.44
	2968.02	0.00	12.39	1654.40
	2968.03	0.00	12.38	1657.45
	2968.04	0.00	12.38	1660.46
	2968.05	0.00	12.39	1660.46
	2968.07	0.00	12.39	1662.46
	2968.08	0.00	12.37	1659.48
	2968.09	0.00	12.38	1651.41
	2968.10	0.00	12.41	1663.41
	2968.11	0.00	12.41	1662.41
	2968.12	0.00	12.40	1661.42
	2968.14	0.00	12.38	1655.41
	2968.15	0.00	12.39	1655.40
	2968.16	0.00	12.38	1653.41
	2968.17	0.00	12.39	1652.42
	2968.18	0.00	12.40	1653.40
	2968.20	0.00	12.38	1647.40
	2968.21	0.00	12.39	1651.40
	2968.22	0.00	12.40	1653.41
	2968.23	0.00	12.40	1655.39
	2968.24	0.00	12.42	1652.36
	2968.25	0.00	12.39	1652.42
	2968.27	0.00	12.39	1650.42
	2968.28	0.00	12.37	1648.45
	2968.29	0.00	12.37	1649.46
	2968.30	0.00	12.39	1648.41
	2968.31	0.00	12.38	1650.44
	2968.33	0.00	12.37	1651.45
	2968.34	0.00	12.38	1652.45
	2968.35	0.00	12.37	1649.45
	2968.36	0.00	12.51	1648.12
	2968.37	0.00	12.51	1651.15
	2968.38	0.00	12.49	1644.16
	2968.40	0.00	12.51	1645.12
	2968.41	0.00	12.41	1629.25
	2968.42	0.00	12.34	1630.39
	2968.43	0.00	12.34	1624.42
	2968.44	0.00	12.34	1626.44
	2968.46	0.00	12.35	1620.38
	2968.47	0.00	12.32	1614.41
	2968.48	0.00	12.32	1617.42
	2968.49	0.00	12.33	1618.42
	2968.50	0.00	12.33	1621.43
	2968.51	0.00	12.33	1623.43
	2968.53	0.00	12.34	1625.40
	2968.54	0.00	12.37	1631.37
	2968.55	0.00	12.36	1636.41
	2968.56	0.00	12.35	1633.43
	2968.57	0.00	12.34	1637.43
	2968.59	0.00	12.34	1630.39
	2968.60	0.00	12.33	1636.44
	2968.61	0.00	12.32	1635.45
	2968.62	0.00	12.32	1637.46
	2968.63	0.00	12.32	1637.46
	2968.64	0.00	12.32	1639.46
	2968.66	0.00	12.33	1635.41
	2968.67	0.00	12.32	1635.42
	2968.68	0.00	12.33	1636.41
	2968.69	0.00	12.33	1636.40
	2968.70	0.00	12.31	1631.41
	2968.71	0.00	12.31	1630.40
	2968.73	0.00	12.31	1627.40
	2968.74	0.00	12.31	1627.41
	2968.75	0.00	12.29	1623.41
	2968.76	0.00	12.32	1623.36
	2968.77	0.00	12.31	1624.40
	2968.78	0.00	12.30	1622.40
	2968.80	0.00	12.29	1619.41
	2968.81	0.00	12.28	1616.42
	2968.82	0.00	12.28	1622.45
	2968.83	0.00	12.28	1618.45
	2968.84	0.00	12.28	1619.45
	2968.86	0.00	12.26	1618.48
	2968.87	0.00	12.30	1621.41
	2968.88	0.00	12.28	1621.44
	2968.89	0.00	12.28	1622.45
	2968.90	0.00	12.28	1624.46
	2968.91	0.00	12.33	1622.31
	2968.93	0.00	12.41	1622.13
	2968.94	0.00	12.44	1626.11
	2968.95	0.00	12.41	1620.16
	2968.96	0.00	12.41	1622.17
	2968.97	0.00	12.37	1603.18
	2968.99	0.00	12.28	1600.37
	2969.00	0.00	12.28	1599.40
	2969.01	0.00	12.29	1598.41
	2969.02	0.00	12.30	1593.36
	2969.03	0.00	12.26	1586.39
	2969.05	0.00	12.28	1592.40
	2969.06	0.00	12.28	1592.41
	2969.07	0.00	12.29	1596.40
	2969.08	0.00	12.28	1593.42
	2969.09	0.00	12.33	1603.37
	2969.10	0.00	12.33	1605.38
	2969.12	0.00	12.33	1603.38
	2969.13	0.00	12.33	1607.38
	2969.14	0.00	12.32	1606.38
	2969.15	0.00	12.32	1603.36
	2969.16	0.00	12.32	1608.39
	2969.17	0.00	12.32	1607.40
	2969.19	0.00	12.32	1608.41
	2969.20	0.00	12.31	1608.41
	2969.21	0.00	12.31	1603.37
	2969.22	0.00	12.33	1604.35
	2969.23	0.00	12.34	1604.34
	2969.25	0.00	12.34	1602.34
	2969.26	0.00	12.34	1602.33
	2969.27	0.00	12.30	1594.34
	2969.28	0.00	12.31	1598.34
	2969.29	0.00	12.32	1579.34
	2969.30	0.00	12.33	1580.34
	2969.32	0.00	12.29	1599.35
	2969.33	0.00	12.30	1600.35
	2969.34	0.00	12.29	1601.36
	2969.35	0.00	12.30	1605.36
	2969.36	0.00	12.30	1605.36
	2969.37	0.00	12.31	1604.35
	2969.39	0.00	12.28	1603.40
	2969.40	0.00	12.28	1603.40
	2969.41	0.00	12.27	1603.42
	2969.42	0.00	12.26	1602.43
	2969.43	0.00	12.29	1603.37
	2969.45	0.00	12.29	1603.37
	2969.46	0.00	12.28	1605.39
	2969.47	0.00	12.29	1604.40
	2969.48	0.00	12.28	1604.41
	2969.49	0.00	12.42	1604.08
	2969.50	0.00	12.43	1608.09
	2969.52	0.00	12.41	1601.12
	2969.53	0.00	12.40	1601.12
	2969.54	0.00	12.38	1600.14
	2969.55	0.00	12.37	1589.12
	2969.56	0.00	12.31	1587.22
	2969.58	0.00	12.26	1589.33
	2969.59	0.00	12.27	1585.37
	2969.60	0.00	12.28	1587.37
	2969.61	0.00	12.30	1588.33
	2969.62	0.00	12.24	1570.35
	2969.63	0.00	12.25	1577.37
	2969.65	0.00	12.27	1579.38
	2969.66	0.00	12.27	1585.38
	2969.67	0.00	12.29	1582.33
	2969.68	0.00	12.32	1598.36
	2969.69	0.00	12.32	1598.36
	2969.71	0.00	12.30	1600.37
	2969.72	0.00	12.30	1599.36
	2969.73	0.00	12.28	1596.37
	2969.74	0.00	12.29	1601.39
	2969.75	0.00	12.30	1603.39
	2969.76	0.00	12.30	1601.38
	2969.78	0.00	12.30	1600.35
	2969.79	0.00	12.31	1599.34
	2969.80	0.00	12.31	1599.34
	2969.81	0.00	12.31	1601.33
	2969.82	0.00	12.30	1599.34
	2969.83	0.00	12.29	1594.34
	2969.85	0.00	12.28	1595.34
	2969.86	0.00	12.29	1571.34
	2969.87	0.00	12.30	1577.34
	2969.88	0.00	12.28	1596.34
	2969.89	0.00	12.27	1592.34
	2969.91	0.00	12.27	1595.36
	2969.92	0.00	12.30	1575.35
	2969.93	0.00	12.28	1594.35
	2969.94	0.00	12.29	1593.32
	2969.95	0.00	12.26	1592.38
	2969.96	0.00	12.25	1593.40
	2969.98	0.00	12.24	1592.41
	2969.99	0.00	12.24	1592.41
	2970.00	0.00	12.24	1591.39
	2970.01	0.00	12.23	1593.41
	2970.02	0.00	12.24	1591.41
	2970.04	0.00	12.21	1593.44
	2970.05	0.00	12.20	1594.44
	2970.06	0.00	12.36	1594.10
	2970.07	0.00	12.35	1597.12
	2970.08	0.00	12.32	1589.16
	2970.09	0.00	12.31	1585.15
	2970.11	0.00	12.32	1591.16
	2970.12	0.00	12.28	1578.14
	2970.13	0.00	12.17	1572.35
	2970.14	0.00	12.15	1573.41
	2970.15	0.00	12.17	1572.43
	2970.17	0.00	12.16	1575.44
	2970.18	0.00	12.09	1553.44
	2970.19	0.00	12.12	1563.44
	2970.20	0.00	12.12	1566.45
	2970.21	0.00	12.14	1565.45
	2970.22	0.00	12.13	1566.46
	2970.24	0.00	12.13	1572.45
	2970.25	0.00	12.16	1581.43
	2970.26	0.00	12.17	1588.42
	2970.27	0.00	12.16	1588.46
	2970.28	0.00	12.13	1594.47
	2970.29	0.00	12.09	1596.47
	2970.31	0.00	12.08	1607.50
	2970.32	0.00	12.06	1603.50
	2970.33	0.00	12.06	1605.51
	2970.34	0.00	12.07	1602.46
	2970.35	0.00	12.08	1602.42
	2970.36	0.00	12.08	1608.46
	2970.38	0.00	12.08	1608.46
	2970.39	0.00	12.09	1587.46
	2970.40	0.00	12.08	1608.46
	2970.41	0.00	12.09	1609.46
	2970.42	0.00	12.06	1600.46
	2970.44	0.00	12.07	1602.46
	2970.45	0.00	12.09	1583.46
	2970.46	0.00	12.08	1582.46
	2970.47	0.00	12.07	1578.46
	2970.48	0.00	12.09	1582.45
	2970.50	0.00	12.08	1605.46
	2970.51	0.00	12.09	1584.46
	2970.52	0.00	12.07	1602.46
	2970.53	0.00	12.11	1605.40
	2970.54	0.00	12.09	1605.47
	2970.55	0.00	12.07	1602.48
	2970.57	0.00	12.07	1604.49
	2970.58	0.00	12.08	1602.47
	2970.59	0.00	12.07	1604.49
	2970.60	0.00	12.07	1606.50
	2970.61	0.00	12.07	1606.51
	2970.63	0.00	12.06	1608.52
	2970.64	0.00	12.19	1605.19
	2970.65	0.00	12.20	1611.20
	2970.66	0.00	12.18	1606.24
	2970.67	0.00	12.18	1610.24
	2970.68	0.00	12.13	1595.24
	2970.70	0.00	12.05	1596.42
	2970.71	0.00	12.04	1595.48
	2970.72	0.00	12.06	1591.47
	2970.73	0.00	12.07	1593.48
	2970.74	0.00	12.07	1596.49
	2970.75	0.00	12.01	1571.47
	2970.77	0.00	12.04	1586.49
	2970.78	0.00	12.06	1586.50
	2970.79	0.00	12.07	1593.50
	2970.80	0.00	12.08	1593.46
	2970.81	0.00	12.10	1602.47
	2970.82	0.00	12.11	1608.48
	2970.84	0.00	12.14	1591.49
	2970.85	0.00	12.10	1615.52
	2970.86	0.00	12.11	1612.46
	2970.87	0.00	12.10	1616.51
	2970.88	0.00	12.11	1616.51
	2970.90	0.00	12.09	1611.51
	2970.91	0.00	12.11	1616.51
	2970.92	0.00	12.13	1616.47
	2970.93	0.00	12.13	1614.48
	2970.94	0.00	12.14	1615.46
	2970.95	0.00	12.14	1614.46
	2970.97	0.00	12.15	1616.45
	2970.98	0.00	12.13	1610.46
	2970.99	0.00	12.13	1609.45
	2971.00	0.00	12.15	1588.45
	2971.01	0.00	12.13	1609.45
	2971.03	0.00	12.13	1611.45
	2971.04	0.00	12.13	1609.45
	2971.05	0.00	12.13	1610.45
	2971.06	0.00	12.12	1611.46
	2971.07	0.00	12.14	1612.41
	2971.08	0.00	12.12	1614.45
	2971.10	0.00	12.11	1614.47
	2971.11	0.00	12.11	1615.48
	2971.12	0.00	12.11	1619.50
	2971.13	0.00	12.10	1614.46
	2971.14	0.00	12.10	1615.49
	2971.16	0.00	12.08	1613.52
	2971.17	0.00	12.09	1615.51
	2971.18	0.00	12.18	1618.30
	2971.19	0.00	12.23	1617.18
	2971.20	0.00	12.25	1618.16
	2971.21	0.00	12.22	1612.21
	2971.23	0.00	12.21	1613.22
	2971.24	0.00	12.18	1600.20
	2971.25	0.00	12.08	1600.41
	2971.26	0.00	12.08	1603.46
	2971.27	0.00	12.08	1601.47
	2971.29	0.00	12.07	1605.48
	2971.30	0.00	12.00	1579.46
	2971.31	0.00	12.01	1581.46
	2971.32	0.00	12.03	1598.49
	2971.33	0.00	12.05	1597.50
	2971.34	0.00	12.06	1603.50
	2971.36	0.00	12.05	1598.47
	2971.37	0.00	12.10	1617.48
	2971.38	0.00	12.10	1620.50
	2971.39	0.00	12.09	1618.49
	2971.40	0.00	12.09	1623.49
	2971.41	0.00	12.08	1625.50
	2971.43	0.00	12.11	1626.43
	2971.44	0.00	12.09	1628.51
	2971.45	0.00	12.08	1628.52
	2971.46	0.00	12.07	1627.52
	2971.47	0.00	12.10	1628.44
	2971.49	0.00	12.10	1631.47
	2971.50	0.00	12.10	1629.47
	2971.51	0.00	12.10	1630.47
	2971.52	0.00	12.09	1629.47
	2971.53	0.00	12.08	1626.46
	2971.54	0.00	12.08	1622.46
	2971.56	0.00	12.10	1603.46
	2971.57	0.00	12.10	1603.44
	2971.58	0.00	12.09	1601.46
	2971.59	0.00	12.09	1601.46
	2971.60	0.00	12.10	1602.46
	2971.62	0.00	12.10	1601.46
	2971.63	0.00	12.14	1599.39
	2971.64	0.00	12.11	1597.46
	2971.65	0.00	12.10	1598.48
	2971.66	0.00	12.09	1595.49
	2971.67	0.00	12.10	1596.49
	2971.69	0.00	12.11	1594.45
	2971.70	0.00	12.12	1595.45
	2971.71	0.00	12.11	1598.49
	2971.72	0.00	12.11	1596.49
	2971.73	0.00	12.11	1597.50
	2971.75	0.00	12.24	1592.16
	2971.76	0.00	12.26	1599.18
	2971.77	0.00	12.24	1590.20
	2971.78	0.00	12.23	1612.21
	2971.79	0.00	12.23	1612.21
	2971.80	0.00	12.18	1591.18
	2971.82	0.00	12.10	1596.37
	2971.83	0.00	12.09	1597.43
	2971.84	0.00	12.11	1593.45
	2971.85	0.00	12.11	1598.46
	2971.86	0.00	12.05	1573.44
	2971.87	0.00	12.07	1587.47
	2971.89	0.00	12.09	1584.49
	2971.90	0.00	12.11	1586.47
	2971.91	0.00	12.09	1589.48
	2971.92	0.00	12.10	1590.46
	2971.93	0.00	12.12	1599.47
	2971.95	0.00	12.14	1605.46
	2971.96	0.00	12.14	1606.47
	2971.97	0.00	12.13	1606.47
	2971.98	0.00	12.15	1600.46
	2971.99	0.00	12.16	1600.47
	2972.00	0.00	12.16	1600.48
	2972.02	0.00	12.17	1580.50
	2972.03	0.00	12.16	1602.49
	2972.04	0.00	12.16	1603.49
	2972.05	0.00	12.17	1598.44
	2972.06	0.00	12.17	1600.45
	2972.08	0.00	12.18	1601.44
	2972.09	0.00	12.18	1601.44
	2972.10	0.00	12.21	1579.44
	2972.11	0.00	12.19	1598.44
	2972.12	0.00	12.17	1589.43
	2972.13	0.00	12.17	1590.43
	2972.15	0.00	12.19	1569.43
	2972.16	0.00	12.18	1567.44
	2972.17	0.00	12.18	1566.43
	2972.18	0.00	12.18	1567.43
	2972.19	0.00	12.18	1567.43
	2972.21	0.00	12.18	1567.44
	2972.22	0.00	12.19	1567.43
	2972.23	0.00	12.18	1590.40
	2972.24	0.00	12.17	1590.44
	2972.25	0.00	12.15	1588.46
	2972.26	0.00	12.15	1591.46
	2972.28	0.00	12.14	1589.46
	2972.29	0.00	12.15	1593.44
	2972.30	0.00	12.14	1578.47
	2972.31	0.00	12.11	1582.48
	2972.32	0.00	12.09	1604.49
	2972.34	0.00	12.08	1605.52
	2972.35	0.00	12.22	1601.17
	2972.36	0.00	12.22	1604.16
	2972.37	0.00	12.24	1587.18
	2972.38	0.00	12.21	1604.20
	2972.39	0.00	12.22	1582.21
	2972.41	0.00	12.20	1605.22
	2972.42	0.00	12.12	1567.31
	2972.43	0.00	12.07	1591.43
	2972.44	0.00	12.09	1569.46
	2972.45	0.00	12.09	1571.47
	2972.46	0.00	12.08	1594.47
	2972.48	0.00	12.03	1550.44
	2972.49	0.00	12.02	1580.47
	2972.50	0.00	12.05	1569.49
	2972.51	0.00	12.06	1588.50
	2972.52	0.00	12.06	1594.51
	2972.53	0.00	12.10	1582.48
	2972.55	0.00	12.11	1609.48
	2972.56	0.00	12.09	1583.50
	2972.57	0.00	12.10	1609.49
	2972.58	0.00	12.09	1611.50
	2972.59	0.00	12.08	1585.50
	2972.61	0.00	12.08	1611.51
	2972.62	0.00	12.09	1590.51
	2972.63	0.00	12.10	1589.51
	2972.64	0.00	12.11	1591.49
	2972.65	0.00	12.11	1589.47
	2972.66	0.00	12.12	1590.46
	2972.68	0.00	12.11	1611.46
	2972.69	0.00	12.09	1605.47
	2972.70	0.00	12.10	1612.46
	2972.71	0.00	12.08	1604.46
	2972.72	0.00	12.08	1604.48
	2972.74	0.00	12.10	1585.46
	2972.75	0.00	12.09	1583.46
	2972.76	0.00	12.09	1585.46
	2972.77	0.00	12.11	1586.43
	2972.78	0.00	12.10	1585.46
	2972.79	0.00	12.11	1586.46
	2972.81	0.00	12.10	1606.45
	2972.82	0.00	12.08	1604.48
	2972.83	0.00	12.09	1583.49
	2972.84	0.00	12.08	1604.50
	2972.85	0.00	12.10	1605.45
	2972.87	0.00	12.09	1607.48
	2972.88	0.00	12.09	1605.50
	2972.89	0.00	12.10	1587.50
	2972.90	0.00	12.08	1587.53
	2972.91	0.00	12.17	1581.29
	2972.92	0.00	12.22	1608.18
	2972.94	0.00	12.23	1586.21
	2972.95	0.00	12.21	1581.22
	2972.96	0.00	12.20	1604.22
	2972.97	0.00	12.21	1583.22
	2972.98	0.00	12.11	1588.31
	2973.00	0.00	12.07	1591.44
	2973.01	0.00	12.07	1588.47
	2973.02	0.00	12.09	1572.47
	2973.03	0.00	12.03	1549.45
	2973.04	0.00	12.05	1561.48
	2973.05	0.00	12.07	1562.49
	2973.07	0.00	12.07	1569.50
	2973.08	0.00	12.06	1568.52
	2973.09	0.00	12.09	1570.46
	2973.10	0.00	12.10	1582.48
	2973.11	0.00	12.10	1604.49
	2973.12	0.00	12.09	1608.50
	2973.14	0.00	12.09	1586.49
	2973.15	0.00	12.07	1611.52
	2973.16	0.00	12.10	1589.48
	2973.17	0.00	12.08	1593.52
	2973