1.00
	3975.09	0.00	6.71	938.00
	3975.10	0.00	6.71	937.00
	3975.11	0.00	6.66	933.00
	3975.13	0.00	6.62	932.00
	3975.14	0.00	6.66	933.00
	3975.15	0.00	6.66	933.00
	3975.16	0.00	6.67	936.00
	3975.17	0.00	6.66	935.00
	3975.18	0.00	6.73	938.00
	3975.20	0.00	6.74	936.00
	3975.21	0.00	6.67	963.00
	3975.22	0.00	6.69	964.00
	3975.23	0.00	6.66	965.00
	3975.24	0.00	6.66	964.00
	3975.25	0.00	6.69	965.00
	3975.26	0.00	6.68	964.00
	3975.28	0.00	6.67	963.00
	3975.29	0.00	6.68	963.00
	3975.30	0.00	6.76	969.00
	3975.31	0.00	6.77	962.00
	3975.32	0.00	7.04	1035.00
	3975.33	0.00	6.73	985.00
	3975.35	0.00	6.74	984.00
	3975.36	0.00	6.73	984.00
	3975.37	0.00	6.73	984.00
	3975.38	0.00	6.73	983.00
	3975.39	0.00	6.73	982.00
	3975.40	0.00	7.04	1039.00
	3975.42	0.00	7.02	1038.00
	3975.43	0.00	7.02	1038.00
	3975.44	0.00	7.01	1038.00
	3975.45	0.00	7.02	1036.00
	3975.46	0.00	7.03	1041.00
	3975.47	0.00	7.03	1042.00
	3975.49	0.00	7.02	1038.00
	3975.50	0.00	7.00	1043.00
	3975.51	0.00	7.01	1045.00
	3975.52	0.00	7.02	1045.00
	3975.53	0.00	7.00	1046.00
	3975.54	0.00	6.97	1045.00
	3975.56	0.00	6.96	1048.00
	3975.57	0.00	6.94	1045.00
	3975.58	0.00	6.95	1047.00
	3975.59	0.00	6.95	1048.00
	3975.60	0.00	6.96	1042.00
	3975.61	0.00	6.96	1042.00
	3975.62	0.00	6.96	1043.00
	3975.64	0.00	6.96	1043.00
	3975.65	0.00	6.94	1047.00
	3975.66	0.00	6.96	1048.00
	3975.67	0.00	6.99	1048.00
	3975.68	0.00	7.00	1051.00
	3975.70	0.00	6.99	1049.00
	3975.71	0.00	6.92	1054.00
	3975.72	0.00	6.92	1053.00
	3975.73	0.00	6.93	1052.00
	3975.74	0.00	6.84	1054.00
	3975.75	0.00	6.86	1056.00
	3975.77	0.00	6.45	1001.00
	3975.78	0.00	6.83	1050.00
	3975.79	0.00	6.53	999.00
	3975.80	0.00	6.92	1025.00
	3975.81	0.00	6.93	1026.00
	3975.82	0.00	6.96	1028.00
	3975.83	0.00	6.96	1028.00
	3975.85	0.00	6.94	1028.00
	3975.86	0.00	6.97	1032.00
	3975.87	0.00	6.99	1033.00
	3975.88	0.00	6.92	1024.00
	3975.89	0.00	6.61	973.00
	3975.90	0.00	6.59	973.00
	3975.92	0.00	6.14	920.00
	3975.93	0.00	6.14	917.00
	3975.94	0.00	6.15	917.00
	3975.95	0.00	6.15	918.00
	3975.96	0.00	6.15	917.00
	3975.97	0.00	6.16	916.00
	3975.99	0.00	6.23	919.00
	3976.00	0.00	6.23	915.00
	3976.01	0.00	6.18	939.00
	3976.02	0.00	6.17	941.00
	3976.03	0.00	6.18	941.00
	3976.04	0.00	6.18	940.00
	3976.06	0.00	6.17	941.00
	3976.07	0.00	6.17	941.00
	3976.08	0.00	6.18	938.00
	3976.09	0.00	6.18	939.00
	3976.10	0.00	6.20	937.00
	3976.11	0.00	6.70	993.00
	3976.12	0.00	6.69	989.00
	3976.14	0.00	6.69	990.00
	3976.15	0.00	6.27	937.00
	3976.16	0.00	6.55	1010.00
	3976.17	0.00	6.22	959.00
	3976.18	0.00	6.21	960.00
	3976.19	0.00	6.20	961.00
	3976.21	0.00	6.20	961.00
	3976.22	0.00	6.20	962.00
	3976.23	0.00	6.22	956.00
	3976.24	0.00	6.54	1021.00
	3976.25	0.00	6.54	1023.00
	3976.26	0.00	6.53	1022.00
	3976.28	0.00	6.94	1073.00
	3976.29	0.00	6.94	1073.00
	3976.30	0.00	6.53	1022.00
	3976.31	0.00	6.20	967.00
	3976.32	0.00	6.51	1024.00
	3976.33	0.00	6.92	1075.00
	3976.35	0.00	6.53	1025.00
	3976.36	0.00	6.52	1026.00
	3976.37	0.00	6.88	1074.00
	3976.38	0.00	6.88	1072.00
	3976.39	0.00	6.89	1072.00
	3976.40	0.00	6.89	1064.00
	3976.42	0.00	6.90	1065.00
	3976.43	0.00	6.90	1064.00
	3976.44	0.00	6.89	1064.00
	3976.45	0.00	6.89	1067.00
	3976.46	0.00	6.90	1066.00
	3976.47	0.00	6.90	1067.00
	3976.49	0.00	6.92	1067.00
	3976.50	0.00	6.91	1064.00
	3976.51	0.00	6.87	1071.00
	3976.52	0.00	6.86	1070.00
	3976.53	0.00	6.56	1019.00
	3976.54	0.00	6.88	1072.00
	3976.56	0.00	6.86	1069.00
	3976.57	0.00	6.41	1017.00
	3976.58	0.00	6.39	1014.00
	3976.59	0.00	6.06	963.00
	3976.60	0.00	6.48	987.00
	3976.61	0.00	6.48	987.00
	3976.63	0.00	6.49	989.00
	3976.64	0.00	6.91	1042.00
	3976.65	0.00	6.94	1044.00
	3976.66	0.00	6.94	1045.00
	3976.67	0.00	6.57	982.00
	3976.68	0.00	6.57	983.00
	3976.69	0.00	6.13	932.00
	3976.71	0.00	6.13	931.00
	3976.72	0.00	6.14	931.00
	3976.73	0.00	6.15	929.00
	3976.74	0.00	6.14	930.00
	3976.75	0.00	6.15	929.00
	3976.76	0.00	6.21	931.00
	3976.78	0.00	6.22	927.00
	3976.79	0.00	6.16	950.00
	3976.80	0.00	6.17	950.00
	3976.81	0.00	6.17	950.00
	3976.82	0.00	6.16	949.00
	3976.83	0.00	6.16	948.00
	3976.85	0.00	6.17	947.00
	3976.86	0.00	6.17	946.00
	3976.87	0.00	6.19	944.00
	3976.88	0.00	6.19	942.00
	3976.89	0.00	6.25	945.00
	3976.90	0.00	6.26	943.00
	3976.91	0.00	6.26	939.00
	3976.93	0.00	6.61	983.00
	3976.94	0.00	6.22	956.00
	3976.95	0.00	6.22	956.00
	3976.96	0.00	6.22	956.00
	3976.97	0.00	6.21	954.00
	3976.98	0.00	6.22	951.00
	3977.00	0.00	6.55	1011.00
	3977.01	0.00	6.55	1012.00
	3977.02	0.00	6.55	1011.00
	3977.03	0.00	6.55	1010.00
	3977.04	0.00	6.97	1062.00
	3977.05	0.00	6.89	1060.00
	3977.07	0.00	6.91	1061.00
	3977.08	0.00	6.62	1012.00
	3977.09	0.00	6.96	1064.00
	3977.10	0.00	6.96	1064.00
	3977.11	0.00	6.96	1060.00
	3977.12	0.00	6.96	1064.00
	3977.14	0.00	6.50	1011.00
	3977.15	0.00	6.92	1063.00
	3977.16	0.00	6.91	1062.00
	3977.17	0.00	6.91	1058.00
	3977.18	0.00	6.93	1056.00
	3977.19	0.00	6.93	1056.00
	3977.21	0.00	6.92	1058.00
	3977.22	0.00	6.91	1056.00
	3977.23	0.00	6.90	1056.00
	3977.24	0.00	6.93	1058.00
	3977.25	0.00	6.93	1060.00
	3977.27	0.00	6.95	1060.00
	3977.28	0.00	6.92	1056.00
	3977.29	0.00	6.90	1058.00
	3977.30	0.00	6.89	1062.00
	3977.31	0.00	6.88	1064.00
	3977.32	0.00	6.88	1062.00
	3977.33	0.00	6.88	1064.00
	3977.35	0.00	6.81	1058.00
	3977.36	0.00	6.50	1008.00
	3977.37	0.00	6.52	1006.00
	3977.38	0.00	6.90	1030.00
	3977.39	0.00	6.90	1032.00
	3977.40	0.00	6.90	1031.00
	3977.42	0.00	6.91	1032.00
	3977.43	0.00	6.93	1034.00
	3977.44	0.00	6.94	1036.00
	3977.45	0.00	6.97	1041.00
	3977.46	0.00	6.58	979.00
	3977.47	0.00	6.58	978.00
	3977.49	0.00	6.58	978.00
	3977.50	0.00	6.14	928.00
	3977.51	0.00	6.13	928.00
	3977.52	0.00	6.14	927.00
	3977.53	0.00	6.13	928.00
	3977.54	0.00	6.14	928.00
	3977.55	0.00	6.20	929.00
	3977.57	0.00	6.21	927.00
	3977.58	0.00	6.21	925.00
	3977.59	0.00	6.20	932.00
	3977.60	0.00	6.17	949.00
	3977.61	0.00	6.17	949.00
	3977.62	0.00	6.16	949.00
	3977.64	0.00	6.16	950.00
	3977.65	0.00	6.17	946.00
	3977.66	0.00	6.18	946.00
	3977.67	0.00	6.18	944.00
	3977.68	0.00	6.25	946.00
	3977.69	0.00	6.25	945.00
	3977.71	0.00	6.59	992.00
	3977.72	0.00	6.55	1011.00
	3977.73	0.00	6.55	1014.00
	3977.74	0.00	6.22	963.00
	3977.75	0.00	6.21	963.00
	3977.76	0.00	6.21	963.00
	3977.78	0.00	6.21	964.00
	3977.79	0.00	6.21	961.00
	3977.80	0.00	6.55	1017.00
	3977.81	0.00	6.55	1018.00
	3977.82	0.00	6.55	1019.00
	3977.83	0.00	6.95	1071.00
	3977.85	0.00	6.95	1071.00
	3977.86	0.00	6.95	1070.00
	3977.87	0.00	6.63	1018.00
	3977.88	0.00	6.62	1016.00
	3977.89	0.00	6.62	1019.00
	3977.90	0.00	6.93	1074.00
	3977.92	0.00	6.94	1076.00
	3977.93	0.00	6.93	1075.00
	3977.94	0.00	6.88	1073.00
	3977.95	0.00	6.88	1072.00
	3977.96	0.00	6.88	1072.00
	3977.97	0.00	6.88	1071.00
	3977.99	0.00	6.90	1065.00
	3978.00	0.00	6.92	1065.00
	3978.01	0.00	6.91	1065.00
	3978.02	0.00	6.91	1063.00
	3978.03	0.00	6.93	1064.00
	3978.04	0.00	6.93	1063.00
	3978.06	0.00	6.96	1063.00
	3978.07	0.00	6.91	1062.00
	3978.08	0.00	6.89	1067.00
	3978.09	0.00	6.89	1066.00
	3978.10	0.00	6.90	1059.00
	3978.11	0.00	6.88	1067.00
	3978.13	0.00	6.87	1067.00
	3978.14	0.00	6.81	1061.00
	3978.15	0.00	6.51	1012.00
	3978.16	0.00	6.50	1011.00
	3978.17	0.00	6.51	1012.00
	3978.18	0.00	6.84	1050.00
	3978.19	0.00	6.92	1037.00
	3978.21	0.00	6.94	1040.00
	3978.22	0.00	6.93	1040.00
	3978.23	0.00	6.95	1044.00
	3978.24	0.00	6.98	1048.00
	3978.25	0.00	6.97	1048.00
	3978.27	0.00	6.96	1043.00
	3978.28	0.00	6.60	984.00
	3978.29	0.00	6.58	983.00
	3978.30	0.00	6.58	982.00
	3978.31	0.00	6.15	929.00
	3978.32	0.00	6.14	928.00
	3978.33	0.00	6.14	930.00
	3978.35	0.00	6.13	929.00
	3978.36	0.00	6.15	927.00
	3978.37	0.00	6.18	929.00
	3978.38	0.00	6.65	977.00
	3978.39	0.00	6.66	973.00
	3978.40	0.00	6.60	1000.00
	3978.42	0.00	6.57	999.00
	3978.43	0.00	6.59	999.00
	3978.44	0.00	6.58	999.00
	3978.45	0.00	6.57	998.00
	3978.46	0.00	6.59	999.00
	3978.47	0.00	6.60	998.00
	3978.49	0.00	6.61	995.00
	3978.50	0.00	6.18	944.00
	3978.51	0.00	6.70	998.00
	3978.52	0.00	7.00	1044.00
	3978.53	0.00	7.04	1042.00
	3978.54	0.00	7.02	1048.00
	3978.56	0.00	6.99	1064.00
	3978.57	0.00	6.98	1062.00
	3978.58	0.00	6.98	1062.00
	3978.59	0.00	6.98	1062.00
	3978.60	0.00	6.99	1061.00
	3978.61	0.00	6.67	1010.00
	3978.63	0.00	6.67	1009.00
	3978.64	0.00	6.67	1007.00
	3978.65	0.00	6.69	1003.00
	3978.66	0.00	6.70	1002.00
	3978.67	0.00	7.00	1062.00
	3978.68	0.00	7.01	1061.00
	3978.69	0.00	6.99	1058.00
	3978.71	0.00	7.00	1056.00
	3978.72	0.00	7.02	1056.00
	3978.73	0.00	7.02	1058.00
	3978.74	0.00	7.03	1053.00
	3978.75	0.00	7.03	1053.00
	3978.77	0.00	7.02	1047.00
	3978.78	0.00	7.03	1054.00
	3978.79	0.00	7.02	1053.00
	3978.80	0.00	7.03	1050.00
	3978.81	0.00	7.03	1052.00
	3978.82	0.00	6.98	1048.00
	3978.83	0.00	6.99	1047.00
	3978.85	0.00	6.99	1048.00
	3978.86	0.00	6.99	1047.00
	3978.87	0.00	7.00	1045.00
	3978.88	0.00	7.00	1035.00
	3978.89	0.00	7.02	1037.00
	3978.90	0.00	7.01	1035.00
	3978.92	0.00	7.02	1036.00
	3978.93	0.00	7.04	1036.00
	3978.94	0.00	7.05	1035.00
	3978.95	0.00	7.06	1036.00
	3978.96	0.00	7.02	1028.00
	3978.97	0.00	7.00	1036.00
	3978.99	0.00	6.99	1033.00
	3979.00	0.00	6.98	1032.00
	3979.01	0.00	6.92	1027.00
	3979.02	0.00	6.61	975.00
	3979.03	0.00	6.97	1011.00
	3979.04	0.00	7.02	998.00
	3979.06	0.00	7.02	1000.00
	3979.07	0.00	7.02	999.00
	3979.08	0.00	7.04	1001.00
	3979.09	0.00	7.06	1004.00
	3979.10	0.00	7.08	1006.00
	3979.11	0.00	7.09	1009.00
	3979.13	0.00	7.09	1009.00
	3979.14	0.00	7.08	1008.00
	3979.15	0.00	6.70	947.00
	3979.16	0.00	6.69	947.00
	3979.17	0.00	6.68	947.00
	3979.18	0.00	6.66	943.00
	3979.20	0.00	6.66	942.00
	3979.21	0.00	6.67	942.00
	3979.22	0.00	6.65	944.00
	3979.23	0.00	6.67	943.00
	3979.24	0.00	6.67	938.00
	3979.25	0.00	6.73	946.00
	3979.27	0.00	6.75	942.00
	3979.28	0.00	6.68	966.00
	3979.29	0.00	6.68	966.00
	3979.30	0.00	6.58	967.00
	3979.31	0.00	6.67	966.00
	3979.32	0.00	6.69	967.00
	3979.33	0.00	6.69	966.00
	3979.35	0.00	6.70	964.00
	3979.36	0.00	6.70	961.00
	3979.37	0.00	6.78	965.00
	3979.38	0.00	6.80	962.00
	3979.39	0.00	7.15	1004.00
	3979.40	0.00	7.07	1030.00
	3979.42	0.00	7.07	1030.00
	3979.43	0.00	7.07	1029.00
	3979.44	0.00	7.07	1031.00
	3979.45	0.00	6.74	977.00
	3979.46	0.00	6.75	980.00
	3979.47	0.00	6.76	977.00
	3979.49	0.00	7.07	1030.00
	3979.50	0.00	7.07	1037.00
	3979.51	0.00	7.07	1036.00
	3979.52	0.00	7.09	1040.00
	3979.53	0.00	7.11	1032.00
	3979.54	0.00	7.10	1037.00
	3979.55	0.00	7.09	1037.00
	3979.57	0.00	7.09	1036.00
	3979.58	0.00	6.77	982.00
	3979.59	0.00	7.08	1038.00
	3979.60	0.00	7.09	1040.00
	3979.61	0.00	7.08	1039.00
	3979.63	0.00	7.09	1040.00
	3979.64	0.00	7.04	1038.00
	3979.65	0.00	7.03	1039.00
	3979.66	0.00	7.03	1039.00
	3979.67	0.00	7.02	1029.00
	3979.68	0.00	7.06	1031.00
	3979.70	0.00	7.04	1029.00
	3979.71	0.00	7.03	1031.00
	3979.72	0.00	7.05	1027.00
	3979.73	0.00	7.05	1032.00
	3979.74	0.00	7.06	1034.00
	3979.75	0.00	7.05	1030.00
	3979.76	0.00	7.01	1038.00
	3979.78	0.00	7.00	1038.00
	3979.79	0.00	6.99	1036.00
	3979.80	0.00	6.99	1038.00
	3979.81	0.00	6.98	1037.00
	3979.82	0.00	6.91	1029.00
	3979.83	0.00	6.91	1030.00
	3979.85	0.00	6.60	975.00
	3979.86	0.00	7.02	1004.00
	3979.87	0.00	7.02	1003.00
	3979.88	0.00	7.03	1004.00
	3979.89	0.00	7.05	1007.00
	3979.90	0.00	7.05	1008.00
	3979.92	0.00	7.07	1010.00
	3979.93	0.00	7.07	1010.00
	3979.94	0.00	6.69	946.00
	3979.95	0.00	6.68	945.00
	3979.96	0.00	6.65	943.00
	3979.97	0.00	6.65	940.00
	3979.99	0.00	6.66	939.00
	3980.00	0.00	6.67	940.00
	3980.01	0.00	6.66	941.00
	3980.02	0.00	6.68	939.00
	3980.03	0.00	6.73	942.00
	3980.04	0.00	6.73	940.00
	3980.05	0.00	6.68	965.00
	3980.07	0.00	6.68	964.00
	3980.08	0.00	6.68	966.00
	3980.09	0.00	6.67	965.00
	3980.10	0.00	6.68	967.00
	3980.11	0.00	6.66	962.00
	3980.12	0.00	6.99	1011.00
	3980.14	0.00	7.01	1011.00
	3980.15	0.00	7.05	1012.00
	3980.16	0.00	7.11	1010.00
	3980.17	0.00	7.11	1008.00
	3980.18	0.00	7.14	1003.00
	3980.19	0.00	7.12	1003.00
	3980.21	0.00	7.13	1002.00
	3980.22	0.00	7.06	1027.00
	3980.23	0.00	7.07	1029.00
	3980.24	0.00	7.07	1027.00
	3980.25	0.00	7.05	1027.00
	3980.26	0.00	6.74	978.00
	3980.28	0.00	6.75	975.00
	3980.29	0.00	6.75	973.00
	3980.30	0.00	7.10	1023.00
	3980.31	0.00	7.06	1034.00
	3980.32	0.00	7.06	1033.00
	3980.33	0.00	7.06	1032.00
	3980.35	0.00	7.07	1034.00
	3980.36	0.00	7.08	1035.00
	3980.37	0.00	7.07	1032..00
	3989.09	0.00	6.25	843.00
	3989.10	0.00	6.22	844.00
	3989.11	0.00	6.21	844.00
	3989.12	0.00	6.21	846.00
	3989.13	0.0844.00
	3989.09	0.00	6.25	843.00
	3989.10	0.00	6.22	844.00
	3989.11	0.00	6.21	844.00
	3989.12	0.00	6.21	846.00
	3989.13	0.00	6.27	845.00
	3989.14	0.00	6.36	847.00
	3989.16	0.00	6.36	846.00
	3989.17	0.00	6.32	873.00
	3989.18	0.00	6.33	871.00
	3989.19	0.00	6.33	874.00
	3989.20	0.00	6.33	874.00
	3989.21	0.00	6.33	873.00
	3989.23	0.00	6.32	875.00
	3989.24	0.00	6.71	926.00
	3989.25	0.00	6.72	924.00
	3989.26	0.00	7.17	973.00
	3989.27	0.00	7.20	974.00
	3989.28	0.00	7.25	970.00
	3989.30	0.00	7.26	969.00
	3989.31	0.00	7.24	972.00
	3989.32	0.00	7.19	991.00
	3989.33	0.00	7.19	990.00
	3989.34	0.00	7.16	988.00
	3989.35	0.00	6.83	934.00
	3989.36	0.00	6.84	930.00
	3989.38	0.00	7.19	994.00
	3989.39	0.00	7.18	994.00
	3989.40	0.00	7.19	992.00
	3989.41	0.00	7.18	994.00
	3989.42	0.00	7.20	999.00
	3989.43	0.00	7.18	992.00
	3989.45	0.00	7.19	1000.00
	3989.46	0.00	7.19	1001.00
	3989.47	0.00	7.21	1000.00
	3989.48	0.00	7.19	1000.00
	3989.49	0.00	7.16	999.00
	3989.50	0.00	7.15	999.00
	3989.52	0.00	7.14	998.00
	3989.53	0.00	7.17	991.00
	3989.54	0.00	7.17	992.00
	3989.55	0.00	7.18	991.00
	3989.56	0.00	7.20	991.00
	3989.57	0.00	7.18	992.00
	3989.58	0.00	7.11	994.00
	3989.60	0.00	7.14	995.00
	3989.61	0.00	7.12	992.00
	3989.62	0.00	7.06	986.00
	3989.63	0.00	7.04	984.00
	3989.64	0.00	7.03	976.00
	3989.65	0.00	7.16	963.00
	3989.67	0.00	7.18	959.00
	3989.68	0.00	7.20	961.00
	3989.69	0.00	7.22	965.00
	3989.70	0.00	7.24	968.00
	3989.71	0.00	7.20	959.00
	3989.72	0.00	6.81	899.00
	3989.74	0.00	6.81	898.00
	3989.75	0.00	6.82	891.00
	3989.76	0.00	6.34	844.00
	3989.77	0.00	6.34	843.00
	3989.78	0.00	6.35	842.00
	3989.79	0.00	6.34	845.00
	3989.81	0.00	6.35	844.00
	3989.82	0.00	6.35	844.00
	3989.83	0.00	6.42	846.00
	3989.84	0.00	6.43	842.00
	3989.85	0.00	6.37	868.00
	3989.86	0.00	6.37	868.00
	3989.87	0.00	6.36	868.00
	3989.89	0.00	6.36	867.00
	3989.90	0.00	6.36	867.00
	3989.91	0.00	6.37	865.00
	3989.92	0.00	6.75	916.00
	3989.93	0.00	6.76	915.00
	3989.94	0.00	6.77	912.00
	3989.96	0.00	7.27	966.00
	3989.97	0.00	7.30	961.00
	3989.98	0.00	7.23	980.00
	3989.99	0.00	7.23	983.00
	3990.00	0.00	7.22	983.00
	3990.01	0.00	7.21	982.00
	3990.03	0.00	7.20	983.00
	3990.04	0.00	6.87	930.00
	3990.05	0.00	7.25	982.00
	3990.06	0.00	7.24	994.00
	3990.07	0.00	7.21	993.00
	3990.08	0.00	7.21	992.00
	3990.10	0.00	7.24	996.00
	3990.11	0.00	7.23	996.00
	3990.12	0.00	7.22	990.00
	3990.13	0.00	7.22	999.00
	3990.14	0.00	7.23	1000.00
	3990.15	0.00	7.20	998.00
	3990.17	0.00	7.16	999.00
	3990.18	0.00	7.16	997.00
	3990.19	0.00	7.19	989.00
	3990.20	0.00	7.19	989.00
	3990.21	0.00	7.19	990.00
	3990.22	0.00	7.18	991.00
	3990.24	0.00	7.21	994.00
	3990.25	0.00	7.22	993.00
	3990.26	0.00	7.19	988.00
	3990.27	0.00	7.15	998.00
	3990.28	0.00	7.14	994.00
	3990.29	0.00	7.14	994.00
	3990.30	0.00	7.09	990.00
	3990.32	0.00	7.07	990.00
	3990.33	0.00	7.06	979.00
	3990.34	0.00	7.17	962.00
	3990.35	0.00	7.19	960.00
	3990.36	0.00	7.20	965.00
	3990.37	0.00	7.22	968.00
	3990.39	0.00	7.25	971.00
	3990.40	0.00	7.25	969.00
	3990.41	0.00	6.81	900.00
	3990.42	0.00	6.82	898.00
	3990.43	0.00	6.81	895.00
	3990.44	0.00	6.34	844.00
	3990.46	0.00	6.34	842.00
	3990.47	0.00	6.35	841.00
	3990.48	0.00	6.35	841.00
	3990.49	0.00	6.37	833.00
	3990.50	0.00	6.37	838.00
	3990.51	0.00	6.44	839.00
	3990.52	0.00	6.45	834.00
	3990.54	0.00	6.40	855.00
	3990.55	0.00	6.40	860.00
	3990.56	0.00	6.40	858.00
	3990.57	0.00	6.40	858.00
	3990.58	0.00	6.39	857.00
	3990.59	0.00	6.40	857.00
	3990.61	0.00	6.78	906.00
	3990.62	0.00	6.80	906.00
	3990.63	0.00	7.30	960.00
	3990.64	0.00	7.32	957.00
	3990.65	0.00	7.33	953.00
	3990.66	0.00	7.25	975.00
	3990.68	0.00	7.26	975.00
	3990.69	0.00	7.21	970.00
	3990.70	0.00	7.23	973.00
	3990.71	0.00	7.24	970.00
	3990.72	0.00	6.89	917.00
	3990.73	0.00	7.25	980.00
	3990.75	0.00	7.26	979.00
	3990.76	0.00	7.25	976.00
	3990.77	0.00	7.25	978.00
	3990.78	0.00	7.26	978.00
	3990.79	0.00	7.27	980.00
	3990.80	0.00	7.23	971.00
	3990.81	0.00	7.27	981.00
	3990.83	0.00	7.26	980.00
	3990.84	0.00	7.23	978.00
	3990.85	0.00	7.22	979.00
	3990.86	0.00	7.19	973.00
	3990.87	0.00	7.25	968.00
	3990.88	0.00	7.25	967.00
	3990.90	0.00	7.26	965.00
	3990.91	0.00	7.28	964.00
	3990.92	0.00	7.28	964.00
	3990.93	0.00	7.28	961.00
	3990.94	0.00	7.22	967.00
	3990.95	0.00	7.23	966.00
	3990.97	0.00	7.15	961.00
	3990.98	0.00	7.13	955.00
	3990.99	0.00	7.13	954.00
	3991.00	0.00	7.12	954.00
	3991.01	0.00	7.25	939.00
	3991.02	0.00	7.25	936.00
	3991.04	0.00	7.27	938.00
	3991.05	0.00	7.29	942.00
	3991.06	0.00	7.32	947.00
	3991.07	0.00	7.18	926.00
	3991.08	0.00	6.88	875.00
	3991.09	0.00	6.85	874.00
	3991.10	0.00	6.85	870.00
	3991.12	0.00	6.39	819.00
	3991.13	0.00	6.39	817.00
	3991.14	0.00	6.39	818.00
	3991.15	0.00	6.40	818.00
	3991.16	0.00	6.45	821.00
	3991.17	0.00	6.47	822.00
	3991.19	0.00	6.46	819.00
	3991.20	0.00	6.41	846.00
	3991.21	0.00	6.41	846.00
	3991.22	0.00	6.40	847.00
	3991.23	0.00	6.40	848.00
	3991.24	0.00	6.39	847.00
	3991.26	0.00	6.79	899.00
	3991.27	0.00	6.80	896.00
	3991.28	0.00	6.82	895.00
	3991.29	0.00	7.32	945.00
	3991.30	0.00	7.35	942.00
	3991.31	0.00	7.33	949.00
	3991.32	0.00	7.28	954.00
	3991.34	0.00	7.30	954.00
	3991.35	0.00	7.28	951.00
	3991.36	0.00	6.94	892.00
	3991.37	0.00	7.30	955.00
	3991.38	0.00	7.30	955.00
	3991.39	0.00	7.31	958.00
	3991.41	0.00	7.32	958.00
	3991.42	0.00	7.32	960.00
	3991.43	0.00	7.29	955.00
	3991.44	0.00	7.31	958.00
	3991.45	0.00	7.30	963.00
	3991.46	0.00	7.28	961.00
	3991.48	0.00	7.24	960.00
	3991.49	0.00	7.24	959.00
	3991.50	0.00	7.24	960.00
	3991.51	0.00	7.27	950.00
	3991.52	0.00	7.27	950.00
	3991.53	0.00	7.29	950.00
	3991.54	0.00	7.30	954.00
	3991.56	0.00	7.30	953.00
	3991.57	0.00	7.30	954.00
	3991.58	0.00	7.24	952.00
	3991.59	0.00	7.23	958.00
	3991.60	0.00	7.21	958.00
	3991.61	0.00	7.13	950.00
	3991.63	0.00	7.11	945.00
	3991.64	0.00	7.25	925.00
	3991.65	0.00	7.26	927.00
	3991.66	0.00	7.27	929.00
	3991.67	0.00	7.28	931.00
	3991.68	0.00	7.29	932.00
	3991.70	0.00	7.29	936.00
	3991.71	0.00	7.25	930.00
	3991.72	0.00	6.86	872.00
	3991.73	0.00	6.84	872.00
	3991.74	0.00	6.36	823.00
	3991.75	0.00	6.71	873.00
	3991.77	0.00	6.35	823.00
	3991.78	0.00	6.35	827.00
	3991.79	0.00	6.34	828.00
	3991.80	0.00	6.38	830.00
	3991.81	0.00	6.43	829.00
	3991.82	0.00	6.40	843.00
	3991.83	0.00	6.36	860.00
	3991.85	0.00	6.36	862.00
	3991.86	0.00	6.35	866.00
	3991.87	0.00	6.33	866.00
	3991.88	0.00	6.33	867.00
	3991.89	0.00	6.72	922.00
	3991.90	0.00	6.72	923.00
	3991.92	0.00	7.23	978.00
	3991.93	0.00	7.22	976.00
	3991.94	0.00	7.22	978.00
	3991.95	0.00	7.18	995.00
	3991.96	0.00	7.16	994.00
	3991.97	0.00	6.94	995.00
	3991.99	0.00	6.97	996.00
	3992.00	0.00	6.66	941.00
	3992.01	0.00	6.71	938.00
	3992.02	0.00	6.64	954.00
	3992.03	0.00	6.66	956.00
	3992.04	0.00	7.18	1009.00
	3992.05	0.00	7.17	1009.00
	3992.07	0.00	7.09	1013.00
	3992.08	0.00	7.08	1014.00
	3992.09	0.00	7.13	1017.00
	3992.10	0.00	7.13	1018.00
	3992.11	0.00	7.13	1018.00
	3992.12	0.00	7.13	1019.00
	3992.14	0.00	7.08	1018.00
	3992.15	0.00	7.08	1016.00
	3992.16	0.00	7.08	1016.00
	3992.17	0.00	7.05	1016.00
	3992.18	0.00	7.09	1015.00
	3992.20	0.00	7.11	1012.00
	3992.21	0.00	7.11	1013.00
	3992.22	0.00	7.09	1012.00
	3992.23	0.00	7.11	1014.00
	3992.24	0.00	7.11	1014.00
	3992.25	0.00	7.12	1016.00
	3992.26	0.00	7.14	1017.00
	3992.28	0.00	7.14	1017.00
	3992.29	0.00	7.13	1015.00
	3992.30	0.00	7.07	1019.00
	3992.31	0.00	7.07	1020.00
	3992.32	0.00	7.07	1019.00
	3992.33	0.00	7.03	1016.00
	3992.35	0.00	6.99	1010.00
	3992.36	0.00	6.99	1008.00
	3992.37	0.00	7.00	1001.00
	3992.38	0.00	6.99	998.00
	3992.39	0.00	7.08	994.00
	3992.41	0.00	7.13	981.00
	3992.42	0.00	7.13	983.00
	3992.43	0.00	7.16	986.00
	3992.44	0.00	7.18	990.00
	3992.45	0.00	7.18	988.00
	3992.46	0.00	7.16	984.00
	3992.47	0.00	7.07	967.00
	3992.49	0.00	6.76	914.00
	3992.50	0.00	6.64	913.00
	3992.51	0.00	6.30	861.00
	3992.52	0.00	6.65	910.00
	3992.53	0.00	6.30	862.00
	3992.54	0.00	6.66	909.00
	3992.56	0.00	6.32	860.00
	3992.57	0.00	6.33	858.00
	3992.58	0.00	6.74	907.00
	3992.59	0.00	6.40	856.00
	3992.60	0.00	6.35	881.00
	3992.61	0.00	6.35	879.00
	3992.63	0.00	6.33	878.00
	3992.64	0.00	6.35	879.00
	3992.65	0.00	6.34	878.00
	3992.66	0.00	6.34	878.00
	3992.67	0.00	6.75	929.00
	3992.68	0.00	6.71	923.00
	3992.69	0.00	6.78	922.00
	3992.71	0.00	7.25	978.00
	3992.72	0.00	7.27	973.00
	3992.73	0.00	7.20	995.00
	3992.74	0.00	7.21	996.00
	3992.75	0.00	7.18	994.00
	3992.76	0.00	7.19	994.00
	3992.78	0.00	7.19	993.00
	3992.79	0.00	6.40	887.00
	3992.80	0.00	7.23	997.00
	3992.81	0.00	7.21	998.00
	3992.82	0.00	6.80	948.00
	3992.83	0.00	7.25	1001.00
	3992.85	0.00	7.24	1000.00
	3992.86	0.00	7.22	998.00
	3992.87	0.00	7.20	994.00
	3992.88	0.00	7.22	1003.00
	3992.89	0.00	7.23	1003.00
	3992.90	0.00	7.22	1003.00
	3992.92	0.00	7.17	1002.00
	3992.93	0.00	7.17	1002.00
	3992.94	0.00	7.16	1001.00
	3992.95	0.00	7.18	1000.00
	3992.96	0.00	7.18	999.00
	3992.97	0.00	7.19	993.00
	3992.99	0.00	7.19	993.00
	3993.00	0.00	7.19	992.00
	3993.01	0.00	7.22	997.00
	3993.02	0.00	7.22	992.00
	3993.03	0.00	7.16	994.00
	3993.04	0.00	7.16	998.00
	3993.06	0.00	7.15	997.00
	3993.07	0.00	7.10	994.00
	3993.08	0.00	7.06	989.00
	3993.09	0.00	7.05	982.00
	3993.10	0.00	7.18	963.00
	3993.11	0.00	7.19	964.00
	3993.12	0.00	7.20	965.00
	3993.14	0.00	7.21	968.00
	3993.15	0.00	7.22	970.00
	3993.16	0.00	7.25	973.00
	3993.17	0.00	7.13	953.00
	3993.18	0.00	7.12	951.00
	3993.19	0.00	7.12	950.00
	3993.21	0.00	6.67	899.00
	3993.22	0.00	6.69	897.00
	3993.23	0.00	6.69	896.00
	3993.24	0.00	6.69	897.00
	3993.25	0.00	6.69	896.00
	3993.26	0.00	6.35	844.00
	3993.28	0.00	6.78	892.00
	3993.29	0.00	6.78	893.00
	3993.30	0.00	6.37	868.00
	3993.31	0.00	6.37	868.00
	3993.32	0.00	6.36	868.00
	3993.33	0.00	6.36	869.00
	3993.35	0.00	6.37	868.00
	3993.36	0.00	6.37	867.00
	3993.37	0.00	6.76	920.00
	3993.38	0.00	6.76	920.00
	3993.39	0.00	7.25	969.00
	3993.40	0.00	7.27	968.00
	3993.41	0.00	7.30	964.00
	3993.43	0.00	7.20	982.00
	3993.44	0.00	7.22	987.00
	3993.45	0.00	7.22	986.00
	3993.46	0.00	7.22	986.00
	3993.47	0.00	7.20	984.00
	3993.48	0.00	6.87	928.00
	3993.50	0.00	7.23	993.00
	3993.51	0.00	7.23	992.00
	3993.52	0.00	6.81	941.00
	3993.53	0.00	7.22	988.00
	3993.54	0.00	7.25	993.00
	3993.55	0.00	7.24	992.00
	3993.57	0.00	7.24	994.00
	3993.58	0.00	7.23	995.00
	3993.59	0.00	7.22	992.00
	3993.60	0.00	7.19	992.00
	3993.61	0.00	7.18	992.00
	3993.62	0.00	7.20	982.00
	3993.63	0.00	7.20	982.00
	3993.65	0.00	7.21	985.00
	3993.66	0.00	7.21	983.00
	3993.67	0.00	7.23	986.00
	3993.68	0.00	7.25	985.00
	3993.69	0.00	7.19	985.00
	3993.70	0.00	7.17	988.00
	3993.72	0.00	7.15	986.00
	3993.73	0.00	7.08	979.00
	3993.74	0.00	7.08	978.00
	3993.75	0.00	7.07	978.00
	3993.76	0.00	7.09	966.00
	3993.77	0.00	7.20	953.00
	3993.79	0.00	7.20	954.00
	3993.80	0.00	7.23	958.00
	3993.81	0.00	7.24	961.00
	3993.82	0.00	7.25	959.00
	3993.83	0.00	7.14	941.00
	3993.84	0.00	7.14	941.00
	3993.86	0.00	7.14	942.00
	3993.87	0.00	7.14	941.00
	3993.88	0.00	6.70	889.00
	3993.89	0.00	6.69	889.00
	3993.90	0.00	6.70	889.00
	3993.91	0.00	6.71	887.00
	3993.93	0.00	6.71	889.00
	3993.94	0.00	6.72	888.00
	3993.95	0.00	6.79	891.00
	3993.96	0.00	6.78	889.00
	3993.97	0.00	6.73	914.00
	3993.98	0.00	6.38	865.00
	3994.00	0.00	6.37	864.00
	3994.01	0.00	6.37	866.00
	3994.02	0.00	6.38	865.00
	3994.03	0.00	6.76	915.00
	3994.04	0.00	6.77	916.00
	3994.05	0.00	6.78	916.00
	3994.06	0.00	6.80	913.00
	3994.08	0.00	7.29	967.00
	3994.09	0.00	6.88	912.00
	3994.10	0.00	7.31	960.00
	3994.11	0.00	6.82	932.00
	3994.12	0.00	6.82	934.00
	3994.13	0.00	7.21	981.00
	3994.15	0.00	7.21	980.00
	3994.16	0.00	6.88	925.00
	3994.17	0.00	7.28	978.00
	3994.18	0.00	6.83	935.00
	3994.19	0.00	6.83	939.00
	3994.20	0.00	7.25	989.00
	3994.22	0.00	7.26	989.00
	3994.23	0.00	7.24	988.00
	3994.24	0.00	7.24	984.00
	3994.25	0.00	7.24	991.00
	3994.26	0.00	7.24	993.00
	3994.27	0.00	7.20	991.00
	3994.29	0.00	7.18	992.00
	3994.30	0.00	7.18	988.00
	3994.31	0.00	7.21	980.00
	3994.32	0.00	7.22	981.00
	3994.33	0.00	7.19	979.00
	3994.34	0.00	7.22	982.00
	3994.35	0.00	7.25	984.00
	3994.37	0.00	7.24	983.00
	3994.38	0.00	7.15	977.00
	3994.39	0.00	7.17	989.00
	3994.40	0.00	7.16	985.00
	3994.41	0.00	7.09	980.00
	3994.42	0.00	7.09	978.00
	3994.44	0.00	7.09	978.00
	3994.45	0.00	7.09	970.00
	3994.46	0.00	7.22	953.00
	3994.47	0.00	7.23	952.00
	3994.48	0.00	7.24	955.00
	3994.49	0.00	7.27	958.00
	3994.51	0.00	7.28	958.00
	3994.52	0.00	7.17	936.00
	3994.53	0.00	7.17	936.00
	3994.54	0.00	6.84	887.00
	3994.55	0.00	7.16	936.00
	3994.56	0.00	6.72	884.00
	3994.57	0.00	6.73	879.00
	3994.59	0.00	6.73	880.00
	3994.60	0.00	6.74	877.00
	3994.61	0.00	6.73	881.00
	3994.62	0.00	6.73	881.00
	3994.63	0.00	6.76	878.00
	3994.64	0.00	6.46	830.00
	3994.66	0.00	6.82	877.00
	3994.67	0.00	6.76	902.00
	3994.68	0.00	6.75	902.00
	3994.69	0.00	6.39	852.00
	3994.70	0.00	6.39	853.00
	3994.71	0.00	6.40	852.00
	3994.73	0.00	6.40	852.00
	3994.74	0.00	6.80	905.00
	3994.75	0.00	6.81	904.00
	3994.76	0.00	6.82	904.00
	3994.77	0.00	7.32	956.00
	3994.78	0.00	7.34	952.00
	3994.80	0.00	7.34	952.00
	3994.81	0.00	7.28	976.00
	3994.82	0.00	7.28	973.00
	3994.83	0.00	7.26	972.00
	3994.84	0.00	7.27	973.00
	3994.85	0.00	7.25	973.00
	3994.86	0.00	7.16	968.00
	3994.88	0.00	6.90	914.00
	3994.89	0.00	7.27	981.00
	3994.90	0.00	7.27	982.00
	3994.91	0.00	7.26	983.00
	3994.92	0.00	6.84	931.00
	3994.94	0.00	7.27	984.00
	3994.95	0.00	7.26	984.00
	3994.96	0.00	7.24	976.00
	3994.97	0.00	7.26	987.00
	3994.98	0.00	7.27	988.00
	3994.99	0.00	7.22	985.00
	3995.00	0.00	7.20	987.00
	3995.02	0.00	7.20	987.00
	3995.03	0.00	7.19	984.00
	3995.04	0.00	7.21	978.00
	3995.05	0.00	7.23	977.00
	3995.06	0.00	7.23	978.00
	3995.07	0.00	7.25	982.00
	3995.09	0.00	7.26	981.00
	3995.10	0.00	7.23	976.00
	3995.11	0.00	7.18	982.00
	3995.12	0.00	7.16	982.00
	3995.13	0.00	7.17	984.00
	3995.14	0.00	7.16	982.00
	3995.16	0.00	7.10	977.00
	3995.17	0.00	7.09	972.00
	3995.18	0.00	7.09	964.00
	3995.19	0.00	7.20	951.00
	3995.20	0.00	7.21	951.00
	3995.21	0.00	7.20	953.00
	3995.23	0.00	7.23	952.00
	3995.24	0.00	7.24	956.00
	3995.25	0.00	7.27	960.00
	3995.26	0.00	7.14	940.00
	3995.27	0.00	7.14	939.00
	3995.28	0.00	7.16	937.00
	3995.29	0.00	7.14	939.00
	3995.31	0.00	6.70	888.00
	3995.32	0.00	6.70	888.00
	3995.33	0.00	6.71	888.00
	3995.34	0.00	6.70	887.00
	3995.35	0.00	6.70	889.00
	3995.36	0.00	6.71	888.00
	3995.38	0.00	6.78	890.00
	3995.39	0.00	6.44	840.00
	3995.40	0.00	6.78	889.00
	3995.41	0.00	6.79	889.00
	3995.42	0.00	6.72	915.00
	3995.43	0.00	6.72	914.00
	3995.45	0.00	6.37	867.00
	3995.46	0.00	6.36	865.00
	3995.47	0.00	6.37	864.00
	3995.48	0.00	6.77	914.00
	3995.49	0.00	6.79	920.00
	3995.50	0.00	6.80	916.00
	3995.51	0.00	7.28	968.00
	3995.53	0.00	7.29	966.00
	3995.54	0.00	7.29	967.00
	3995.55	0.00	7.31	962.00
	3995.56	0.00	7.24	985.00
	3995.57	0.00	7.24	984.00
	3995.58	0.00	7.22	983.00
	3995.60	0.00	7.20	979.00
	3995.61	0.00	6.88	926.00
	3995.62	0.00	6.86	924.00
	3995.63	0.00	7.27	983.00
	3995.64	0.00	7.23	990.00
	3995.66	0.00	6.82	941.00
	3995.67	0.00	7.24	993.00
	3995.68	1.00	7.24	995.00
	3995.69	1.00	7.22	988.00
	3995.70	1.00	7.25	997.00
	3995.71	1.00	7.22	995.00
	3995.72	1.00	7.23	997.00
	3995.74	1.00	7.23	995.00
	3995.75	1.00	7.21	997.00
	3995.76	1.00	7.17	997.00
	3995.77	1.00	7.17	997.00
	3995.78	1.00	7.17	989.00
	3995.79	1.00	7.19	989.00
	3995.81	1.00	7.19	989.00
	3995.82	1.00	7.19	989.00
	3995.83	1.00	7.21	989.00
	3995.84	1.00	7.23	991.00
	3995.85	1.00	7.23	990.00
	3995.86	1.00	7.13	991.00
	3995.88	1.00	7.16	993.00
	3995.89	1.00	7.14	991.00
	3995.90	1.00	7.07	986.00
	3995.91	0.00	7.08	984.00
	3995.92	0.00	7.05	983.00
	3995.93	0.00	7.08	974.00
	3995.94	0.00	7.19	959.00
	3995.96	0.00	7.19	963.00
	3995.97	0.00	7.21	967.00
	3995.98	0.00	7.23	970.00
	3995.99	0.00	7.25	972.00
	3996.00	0.00	7.22	967.00
	3996.01	0.00	6.80	902.00
	3996.03	0.00	7.12	953.00
	3996.04	0.00	7.11	952.00
	3996.05	0.00	6.67	902.00
	3996.06	0.00	6.67	901.00
	3996.07	0.00	6.67	902.00
	3996.08	0.00	6.68	903.00
	3996.10	0.00	6.68	902.00
	3996.11	0.00	6.75	905.00
	3996.12	0.00	6.76	904.00
	3996.13	0.00	6.76	904.00
	3996.14	0.00	6.73	915.00
	3996.15	0.00	6.69	926.00
	3996.17	0.00	6.69	926.00
	3996.18	0.00	6.34	878.00
	3996.19	0.00	6.33	876.00
	3996.20	0.00	6.76	929.00
	3996.21	0.00	6.75	930.00
	3996.22	0.00	6.75	930.00
	3996.23	0.00	6.76	928.00
	3996.25	0.00	7.24	981.00
	3996.26	0.00	6.84	928.00
	3996.27	0.00	7.26	981.00
	3996.28	0.00	6.80	944.00
	3996.29	0.00	7.21	996.00
	3996.30	0.00	7.20	995.00
	3996.32	0.00	6.77	946.00
	3996.33	0.00	7.19	994.00
	3996.34	0.00	7.15	989.00
	3996.35	0.00	6.41	882.00
	3996.36	0.00	6.81	953.00
	3996.37	0.00	6.80	953.00
	3996.39	0.00	6.80	954.00
	3996.40	0.00	6.80	954.00
	3996.41	0.00	7.23	1002.00
	3996.42	0.00	7.22	1005.00
	3996.43	0.00	7.20	999.00
	3996.44	0.00	7.20	1009.00
	3996.46	0.00	7.21	1008.00
	3996.47	0.00	7.20	1007.00
	3996.48	0.00	7.15	1005.00
	3996.49	0.00	7.15	1005.00
	3996.50	0.00	7.15	1005.00
	3996.51	0.00	7.16	1005.00
	3996.53	0.00	7.15	1000.00
	3996.54	0.00	7.19	991.00
	3996.55	0.00	7.18	998.00
	3996.56	0.00	7.19	998.00
	3996.57	0.00	7.19	1002.00
	3996.58	0.00	7.20	1001.00
	3996.60	0.00	7.20	1000.00
	3996.61	0.00	7.18	997.00
	3996.62	0.00	7.14	1005.00
	3996.63	0.00	7.13	1005.00
	3996.64	0.00	7.12	1003.00
	3996.65	0.00	7.01	998.00
	3996.66	0.00	7.04	995.00
	3996.68	0.00	7.05	987.00
	3996.69	0.00	6.75	923.00
	3996.70	0.00	7.15	975.00
	3996.71	0.00	7.16	976.00
	3996.72	0.00	7.17	977.00
	3996.73	0.00	7.20	981.00
	3996.75	0.00	7.21	986.00
	3996.76	0.00	7.14	975.00
	3996.77	0.00	7.09	966.00
	3996.78	0.00	7.08	965.00
	3996.79	0.00	6.66	916.00
	3996.81	0.00	6.66	915.00
	3996.82	0.00	6.65	915.00
	3996.83	0.00	6.65	914.00
	3996.84	0.00	6.66	915.00
	3996.85	0.00	6.66	916.00
	3996.86	0.00	6.68	914.00
	3996.87	0.00	6.73	916.00
	3996.89	0.00	6.74	913.00
	3996.90	0.00	6.73	917.00
	3996.91	0.00	6.70	931.00
	3996.92	0.00	6.68	938.00
	3996.93	0.00	6.67	938.00
	3996.94	0.00	6.32	888.00
	3996.96	0.00	6.32	889.00
	3996.97	0.00	6.32	887.00
	3996.98	0.00	6.73	941.00
	3996.99	0.00	6.71	940.00
	3997.00	0.00	6.74	940.00
	3997.01	0.00	6.75	938.00
	3997.03	0.00	6.82	941.00
	3997.04	0.00	6.84	937.00
	3997.05	0.00	6.77	957.00
	3997.06	0.00	7.20	1008.00
	3997.07	0.00	6.78	957.00
	3997.08	0.00	7.19	1006.00
	3997.09	0.00	6.76	955.00
	3997.11	0.00	6.76	954.00
	3997.12	0.00	6.38	897.00
	3997.13	0.00	6.79	961.00
	3997.14	0.00	6.78	962.00
	3997.15	0.00	6.78	962.00
	3997.16	0.00	7.20	1013.00
	3997.18	0.00	7.21	1010.00
	3997.19	0.00	7.20	1012.00
	3997.20	0.00	7.18	1007.00
	3997.21	0.00	7.19	1014.00
	3997.22	0.00	7.20	1016.00
	3997.23	0.00	7.19	1013.00
	3997.25	0.00	7.14	1014.00
	3997.26	0.00	7.14	1014.00
	3997.27	0.00	7.14	1014.00
	3997.28	0.00	7.13	1012.00
	3997.29	0.00	7.13	1011.00
	3997.30	0.00	7.16	1003.00
	3997.32	0.00	7.16	1005.00
	3997.33	0.00	7.16	1004.00
	3997.34	0.00	7.17	1005.00
	3997.35	0.00	7.18	1006.00
	3997.36	0.00	7.19	1007.00
	3997.37	0.00	7.18	1002.00
	3997.39	0.00	7.19	1004.00
	3997.40	0.00	7.18	1003.00
	3997.41	0.00	7.12	1008.00
	3997.42	0.00	7.13	1009.00
	3997.43	0.00	7.10	1006.00
	3997.44	0.00	6.63	953.00
	3997.46	0.00	7.04	1000.00
	3997.47	0.00	7.04	1000.00
	3997.48	0.00	7.01	996.00
	3997.49	0.00	6.65	935.00
	3997.50	0.00	7.16	975.00
	3997.51	0.00	7.17	976.00
	3997.53	0.00	7.19	980.00
	3997.54	0.00	7.20	981.00
	3997.55	0.00	7.17	977.00
	3997.56	0.00	7.09	962.00
	3997.57	0.00	7.09	961.00
	3997.58	0.00	6.60	912.00
	3997.59	0.00	6.63	912.00
	3997.61	0.00	6.64	912.00
	3997.62	0.00	6.64	910.00
	3997.63	0.00	6.66	914.00
	3997.64	0.00	6.65	912.00
	3997.65	0.00	6.66	910.00
	3997.66	0.00	6.72	916.00
	3997.68	0.00	6.73	913.00
	3997.69	0.00	6.39	860.00
	3997.70	0.00	6.68	937.00
	3997.71	0.00	6.67	937.00
	3997.72	0.00	6.67	936.00
	3997.73	0.00	6.32	887.00
	3997.75	0.00	6.31	888.00
	3997.76	0.00	6.72	940.00
	3997.77	0.00	6.72	941.00
	3997.78	0.00	6.72	941.00
	3997.79	0.00	6.73	939.00
	3997.80	0.00	6.77	942.00
	3997.81	0.00	6.80	941.00
	3997.83	0.00	6.82	935.00
	3997.84	0.00	6.75	958.00
	3997.85	0.00	6.76	959.00
	3997.86	0.00	6.74	955.00
	3997.87	0.00	6.72	955.00
	3997.89	0.00	6.73	955.00
	3997.90	0.00	6.71	949.00
	3997.91	0.00	6.37	895.00
	3997.92	0.00	6.77	963.00
	3997.93	0.00	6.77	964.00
	3997.94	0.00	6.77	963.00
	3997.96	0.00	7.19	1016.00
	3997.97	0.00	7.18	1015.00
	3997.98	0.00	7.18	1014.00
	3997.99	0.00	7.15	1009.00
	3998.00	0.00	7.18	1020.00
	3998.01	0.00	7.17	1018.00
	3998.02	0.00	7.17	1017.00
	3998.04	0.00	7.12	1015.00
	3998.05	0.00	7.12	1016.00
	3998.06	0.00	7.13	1018.00
	3998.07	0.00	7.12	1016.00
	3998.08	0.00	7.11	1013.00
	3998.09	0.00	7.14	1006.00
	3998.11	0.00	7.12	1007.00
	3998.12	0.00	7.13	1005.00
	3998.13	0.00	7.15	1008.00
	3998.14	0.00	7.15	1008.00
	3998.15	0.00	7.16	1011.00
	3998.17	0.00	7.15	1008.00
	3998.18	0.00	7.15	1011.00
	3998.19	0.00	7.13	1006.00
	3998.20	0.00	7.08	1014.00
	3998.21	0.00	7.09	1013.00
	3998.22	0.00	7.07	1011.00
	3998.23	0.00	6.62	959.00
	3998.25	0.00	6.59	956.00
	3998.26	0.00	6.59	948.00
	3998.27	0.00	6.60	944.00
	3998.28	0.00	6.71	935.00
	3998.29	0.00	6.71	933.00
	3998.30	0.00	6.72	935.00
	3998.32	0.00	7.12	986.00
	3998.33	0.00	7.17	993.00
	3998.34	0.00	7.11	982.00
	3998.35	0.00	7.03	974.00
	3998.36	0.00	6.72	923.00
	3998.37	0.00	6.62	927.00
	3998.39	0.00	6.62	927.00
	3998.40	0.00	6.61	928.00
	3998.41	0.00	6.59	927.00
	3998.42	0.00	6.61	930.00
	3998.43	0.00	6.61	929.00
	3998.44	0.00	6.61	928.00
	3998.46	0.00	6.61	928.00
	3998.47	0.00	6.65	931.00
	3998.48	0.00	6.69	932.00
	3998.49	0.00	6.68	930.00
	3998.50	0.00	6.62	956.00
	3998.51	0.00	6.63	954.00
	3998.52	0.00	6.61	954.00
	3998.54	0.00	6.24	903.00
	3998.55	0.00	6.27	902.00
	3998.56	0.00	6.27	902.00
	3998.57	0.00	6.67	958.00
	3998.58	0.00	6.67	959.00
	3998.59	0.00	6.69	953.00
	3998.61	0.00	6.77	956.00
	3998.62	0.00	6.78	951.00
	3998.63	0.00	6.75	948.00
	3998.64	0.00	6.73	972.00
	3998.65	0.00	6.74	969.00
	3998.66	0.00	6.73	969.00
	3998.68	0.00	6.72	967.00
	3998.69	0.00	6.71	969.00
	3998.70	0.00	6.33	909.00
	3998.71	0.00	6.74	976.00
	3998.72	0.00	6.74	976.00
	3998.73	0.00	6.74	976.00
	3998.75	0.00	6.75	972.00
	3998.76	0.00	6.74	976.00
	3998.77	0.00	6.74	975.00
	3998.78	0.00	6.71	970.00
	3998.79	0.00	6.73	978.00
	3998.80	0.00	6.72	977.00
	3998.82	0.00	6.69	976.00
	3998.83	0.00	6.67	977.00
	3998.84	0.00	6.67	972.00
	3998.85	0.00	6.69	963.00
	3998.86	0.00	6.69	967.00
	3998.87	0.00	6.70	970.00
	3998.88	0.00	6.71	969.00
	3998.90	0.00	6.73	972.00
	3998.91	0.00	6.73	971.00
	3998.92	0.00	6.65	976.00
	3998.93	0.00	6.65	977.00
	3998.94	0.00	6.63	975.00
	3998.95	0.00	6.61	974.00
	3998.97	0.00	6.57	971.00
	3998.98	0.00	6.56	970.00
	3998.99	0.00	6.60	957.00
	3999.00	0.00	6.68	949.00
	3999.01	0.00	6.69	951.00
	3999.02	0.00	6.70	953.00
	3999.04	0.00	6.71	955.00
	3999.05	0.00	6.73	957.00
	3999.06	0.00	6.74	960.00
	3999.07	0.00	6.60	938.00
	3999.08	0.00	6.60	937.00
	3999.09	0.00	6.61	938.00
	3999.11	0.00	6.58	939.00
	3999.12	0.00	6.59	939.00
	3999.13	0.00	6.61	938.00
	3999.14	0.00	6.61	939.00
	3999.15	0.00	6.60	939.00
	3999.16	0.00	6.60	938.00
	3999.17	0.00	6.67	941.00
	3999.19	0.00	6.69	938.00
	3999.20	0.00	6.63	961.00
	3999.21	0.00	6.28	912.00
	3999.22	0.00	6.62	965.00
	3999.23	0.00	6.26	913.00
	3999.25	0.00	6.27	911.00
	3999.26	0.00	6.27	913.00
	3999.27	0.00	6.66	971.00
	3999.28	0.00	6.66	969.00
	3999.29	0.00	6.69	969.00
	3999.30	0.00	6.75	973.00
	3999.31	0.00	6.76	972.00
	3999.33	0.00	6.76	967.00
	3999.34	0.00	6.71	991.00
	3999.35	0.00	6.70	992.00
	3999.36	0.00	6.71	993.00
	3999.37	0.00	6.70	996.00
	3999.38	0.00	6.67	996.00
	3999.40	0.00	6.63	990.00
	3999.41	0.00	6.31	937.00
	3999.42	0.00	6.70	1012.00
	3999.43	0.00	6.69	1015.00
	3999.44	0.00	6.70	1016.00
	3999.45	0.00	6.70	1018.00
	3999.47	0.00	6.69	1020.00
	3999.48	0.00	6.69	1022.00
	3999.49	0.00	6.68	1022.00
	3999.50	0.00	6.68	1025.00
	3999.51	0.00	6.67	1025.00
	3999.52	0.00	6.64	1018.00
	3999.54	0.00	6.63	1017.00
	3999.55	0.00	6.63	1021.00
	3999.56	0.00	6.66	1034.00
	3999.57	0.00	6.66	1037.00
	3999.58	0.00	6.65	1042.00
	3999.59	0.00	6.63	1045.00
	3999.61	0.00	6.61	1050.00
	3999.62	0.00	6.60	1056.00
	3999.63	0.00	6.57	1064.00
	3999.64	0.00	6.55	1069.00
	3999.65	0.00	6.55	1074.00
	3999.66	0.00	6.54	1077.00
	3999.68	0.00	6.56	1075.00
	3999.69	0.00	6.54	1079.00
	3999.70	0.00	6.53	1086.00
	3999.71	0.00	6.55	1092.00
	3999.72	0.00	6.56	1096.00
	3999.73	0.00	6.56	1096.00
	3999.75	0.00	6.52	1091.00
	3999.76	0.00	6.53	1090.00
	3999.77	0.00	6.52	1085.00
	3999.78	0.00	6.49	1089.00
	3999.79	0.00	6.47	1078.00
	3999.80	0.00	6.51	1073.00
	3999.82	0.00	6.52	1059.00
	3999.83	0.00	6.51	1049.00
	3999.84	0.00	6.48	1034.00
	3999.85	0.00	6.47	1021.00
	3999.86	0.00	6.51	995.00
	3999.87	0.00	6.61	971.00
	3999.89	0.00	6.64	956.00
	3999.90	0.00	6.68	939.00
	3999.91	0.00	6.74	918.00
	3999.92	0.00	6.78	892.00
	3999.93	0.00	6.32	797.00
	3999.94	0.00	6.34	779.00
	3999.95	0.00	6.34	765.00
	3999.97	0.00	6.37	754.00
	3999.98	0.00	6.36	753.00
	3999.99	0.00	6.37	749.00
	4000.00	0.00	6.47	750.00
	4000.01	0.00	6.48	747.00
	4000.02	0.00	6.42	769.00
	4000.04	0.00	6.43	767.00
	4000.05	0.00	6.42	766.00
	4000.06	0.00	6.41	765.00
	4000.07	0.00	6.42	764.00
	4000.08	0.00	6.44	761.00
	4000.09	0.00	6.44	757.00
	4000.11	0.00	6.52	757.00
	4000.12	0.00	6.52	755.00
	4000.13	0.00	6.54	749.00
	4000.14	0.00	6.48	771.00
	4000.15	0.00	6.48	770.00
	4000.16	0.00	6.46	770.00
	4000.18	0.00	6.46	769.00
	4000.19	0.00	6.46	770.00
	4000.20	0.00	6.45	769.00
	4000.21	0.00	6.45	767.00
	4000.22	0.00	6.45	766.00
	4000.23	0.00	6.45	765.00
	4000.25	0.00	6.42	764.00
	4000.26	0.00	6.42	763.00
	4000.27	0.00	6.37	762.00
	4000.28	0.00	6.37	761.00
	4000.29	0.00	6.39	754.00
	4000.30	0.00	6.39	752.00
	4000.31	0.00	6.39	750.00
	4000.33	0.00	6.39	749.00
	4000.34	0.00	6.40	748.00
	4000.35	0.00	6.41	750.00
	4000.36	0.00	6.43	751.00
	4000.37	0.00	6.40	755.00
	4000.38	0.00	6.40	756.00
	4000.40	0.00	6.40	754.00
	4000.41	0.00	6.32	755.00
	4000.42	0.00	6.31	764.00
	4000.43	0.00	6.34	771.00
	4000.44	0.00	6.24	831.00
	4000.45	0.00	6.09	942.00
	4000.46	0.00	5.98	1024.00
	4000.48	0.00	5.93	1066.00
	4000.49	0.00	5.89	1097.00
	4000.50	0.00	5.87	1126.00
	4000.51	0.00	5.83	1171.00
	4000.52	0.00	6.09	1277.00
	4000.53	0.00	6.05	1322.00
	4000.55	0.00	6.04	1358.00
	4000.56	0.00	5.94	1364.00
	4000.57	0.00	5.93	1378.00
	4000.58	0.00	5.91	1384.00
	4000.59	0.00	5.92	1390.00
	4000.60	0.00	5.92	1390.00
	4000.62	0.00	5.93	1388.00
	4000.63	0.00	5.93	1380.00
	4000.64	0.00	5.94	1371.00
	4000.65	0.00	5.96	1361.00
	4000.66	0.00	5.97	1347.00
	4000.67	0.00	6.00	1332.00
	4000.69	0.00	6.03	1312.00
	4000.70	0.00	6.07	1294.00
	4000.71	0.00	6.11	1270.00
	4000.72	0.00	6.16	1238.00
	4000.73	0.00	6.23	1210.00
	4000.75	0.00	6.29	1179.00
	4000.76	0.00	6.34	1151.00
	4000.77	0.00	6.41	1126.00
	4000.78	0.00	6.46	1101.00
	4000.79	0.00	6.54	1074.00
	4000.80	0.00	6.62	1050.00
	4000.82	0.00	6.70	1023.00
	4000.83	0.00	7.15	1050.00
	4000.84	0.00	7.18	1054.00
	4000.85	0.00	7.27	1038.00
	4000.86	0.00	7.33	1019.00
	4000.87	0.00	7.41	1007.00
	4000.88	0.00	7.45	990.00
	4000.90	0.00	7.49	963.00
	4000.91	0.00	7.78	864.00
	4000.92	0.00	8.51	934.00
	4000.93	0.00	8.61	942.00
	4000.94	0.00	8.32	863.00
	4000.95	0.00	8.47	866.00
	4000.97	0.00	8.49	862.00
	4000.98	0.00	8.62	866.00
	4000.99	0.00	8.69	866.00
	4001.00	0.00	8.77	868.00
	4001.01	0.00	8.74	860.00
	4001.02	0.00	8.65	844.00
	4001.04	0.00	8.55	829.00
	4001.05	0.00	8.48	815.00
	4001.06	0.00	8.46	802.00
	4001.07	0.00	8.28	781.00
	4001.08	0.00	7.62	710.00
	4001.09	0.00	6.68	653.00
	4001.11	0.00	6.61	677.00
	4001.12	0.00	6.63	696.00
	4001.13	0.00	6.61	701.00
	4001.14	0.00	6.62	697.00
	4001.15	0.00	6.63	698.00
	4001.16	0.00	6.64	696.00
	4001.18	0.00	6.64	698.00
	4001.19	0.00	6.65	698.00
	4001.20	0.00	6.63	700.00
	4001.21	0.00	6.63	698.00
	4001.22	0.00	6.59	696.00
	4001.23	0.00	6.57	691.00
	4001.25	0.00	6.58	689.00
	4001.26	0.00	6.60	681.00
	4001.27	0.00	6.62	681.00
	4001.28	0.00	6.62	681.00
	4001.29	0.00	6.63	678.00
	4001.30	0.00	6.64	679.00
	4001.31	0.00	6.64	678.00
	4001.33	0.00	6.64	677.00
	4001.34	0.00	6.62	676.00
	4001.35	0.00	6.64	676.00
	4001.36	0.00	6.66	673.00
	4001.37	0.00	6.68	673.00
	4001.38	0.00	6.67	672.00
	4001.39	0.00	6.74	675.00
	4001.41	0.00	6.75	676.00
	4001.42	0.00	6.70	675.00
	4001.43	0.00	6.70	670.00
	4001.44	0.00	6.66	680.00
	4001.45	0.00	6.67	679.00
	4001.46	0.00	6.66	683.00
	4001.48	0.00	6.58	703.00
	4001.49	0.00	6.56	727.00
	4001.50	0.00	6.35	820.00
	4001.51	0.00	6.04	1005.00
	4001.52	0.00	5.83	1178.00
	4001.53	0.00	5.76	1246.00
	4001.55	0.00	5.77	1275.00
	4001.56	0.00	5.80	1289.00
	4001.57	0.00	6.08	1365.00
	4001.58	0.00	6.02	1395.00
	4001.59	0.00	6.03	1416.00
	4001.60	0.00	6.04	1432.00
	4001.62	0.00	6.07	1430.00
	4001.63	0.00	6.46	1468.00
	4001.64	0.00	6.51	1444.00
	4001.65	0.00	6.54	1440.00
	4001.66	0.00	6.64	1398.00
	4001.67	0.00	6.73	1345.00
	4001.69	0.00	6.85	1287.00
	4001.70	0.00	6.95	1238.00
	4001.71	0.00	7.03	1186.00
	4001.72	0.00	7.12	1132.00
	4001.73	0.00	7.22	1090.00
	4001.75	0.00	7.29	1057.00
	4001.76	0.00	7.33	1028.00
	4001.77	0.00	7.35	995.00
	4001.78	0.00	7.50	999.00
	4001.79	0.00	7.56	978.00
	4001.80	0.00	7.66	946.00
	4001.81	0.00	7.77	912.00
	4001.83	0.00	7.86	901.00
	4001.84	0.00	7.95	880.00
	4001.85	0.00	7.96	860.00
	4001.86	0.00	7.99	870.00
	4001.87	0.00	8.00	868.00
	4001.88	0.00	7.96	872.00
	4001.90	0.00	7.86	887.00
	4001.91	0.00	7.88	892.00
	4001.92	0.00	7.95	915.00
	4001.93	0.00	8.01	921.00
	4001.94	0.00	8.66	972.00
	4001.95	0.00	8.73	965.00
	4001.97	0.00	8.34	886.00
	4001.98	0.00	8.40	885.00
	4001.99	0.00	8.50	882.00
	4002.00	0.00	8.51	875.00
	4002.01	0.00	8.53	865.00
	4002.02	0.00	8.48	857.00
	4002.03	0.00	8.41	841.00
	4002.05	0.00	8.19	818.00
	4002.06	0.00	8.13	804.00
	4002.07	0.00	8.11	792.00
	4002.08	0.00	8.05	776.00
	4002.09	0.00	7.83	751.00
	4002.10	0.00	6.52	647.00
	4002.12	0.00	6.54	646.00
	4002.13	0.00	6.51	664.00
	4002.14	0.00	6.55	670.00
	4002.15	0.00	6.58	671.00
	4002.16	0.00	6.59	668.00
	4002.17	0.00	6.59	668.00
	4002.19	0.00	6.59	667.00
	4002.20	0.00	6.66	673.00
	4002.21	0.00	6.67	672.00
	4002.22	0.00	6.66	678.00
	4002.23	0.00	6.67	676.00
	4002.24	0.00	6.64	677.00
	4002.25	0.00	6.65	675.00
	4002.27	0.00	6.66	675.00
	4002.28	0.00	6.66	673.00
	4002.29	0.00	6.66	671.00
	4002.30	0.00	6.73	675.00
	4002.31	0.00	6.75	675.00
	4002.32	0.00	6.74	676.00
	4002.34	0.00	6.73	681.00
	4002.35	0.00	6.73	679.00
	4002.36	0.00	6.72	679.00
	4002.37	0.00	6.73	678.00
	4002.38	0.00	6.73	680.00
	4002.39	0.00	6.73	679.00
	4002.41	0.00	6.74	679.00
	4002.42	0.00	6.74	678.00
	4002.43	0.00	6.74	677.00
	4002.44	0.00	6.73	679.00
	4002.45	0.00	6.74	677.00
	4002.46	0.00	6.73	675.00
	4002.47	0.00	6.69	675.00
	4002.49	0.00	6.69	676.00
	4002.50	0.00	6.69	675.00
	4002.51	0.00	6.69	674.00
	4002.52	0.00	6.67	677.00
	4002.53	0.00	6.58	702.00
	4002.54	0.00	6.54	743.00
	4002.55	0.00	6.37	815.00
	4002.57	0.00	6.13	950.00
	4002.58	0.00	5.97	1063.00
	4002.59	0.00	5.92	1111.00
	4002.60	0.00	5.91	1127.00
	4002.61	0.00	5.87	1142.00
	4002.62	0.00	5.75	1166.00
	4002.64	0.00	5.72	1214.00
	4002.65	0.00	5.71	1241.00
	4002.66	0.00	5.70	1258.00
	4002.67	0.00	6.35	1387.00
	4002.68	0.00	6.41	1408.00
	4002.70	0.00	6.45	1408.00
	4002.71	0.00	6.48	1417.00
	4002.72	0.00	6.52	1418.00
	4002.73	0.00	6.59	1412.00
	4002.74	0.00	6.66	1388.00
	4002.75	0.00	6.71	1358.00
	4002.77	0.00	6.76	1326.00
	4002.78	0.00	6.81	1295.00
	4002.79	0.00	6.61	1207.00
	4002.80	0.00	6.69	1169.00
	4002.81	0.00	6.79	1124.00
	4002.82	0.00	6.88	1083.00
	4002.84	0.00	7.00	1036.00
	4002.85	0.00	7.12	998.00
	4002.86	0.00	7.18	965.00
	4002.87	0.00	7.25	939.00
	4002.88	0.00	7.31	914.00
	4002.89	0.00	7.39	898.00
	4002.91	0.00	7.40	890.00
	4002.92	0.00	7.45	875.00
	4002.93	0.00	8.17	920.00
	4002.94	0.00	8.19	913.00
	4002.95	0.00	8.30	892.00
	4002.96	0.00	8.46	862.00
	4002.97	0.00	8.40	874.00
	4002.99	0.00	8.46	873.00
	4003.00	0.00	8.51	869.00
	4003.01	0.00	8.51	867.00
	4003.02	0.00	8.51	876.00
	4003.03	0.00	8.59	864.00
	4003.04	0.00	8.67	867.00
	4003.06	0.00	8.78	868.00
	4003.07	0.00	8.79	866.00
	4003.08	0.00	8.91	872.00
	4003.09	0.00	8.91	867.00
	4003.10	0.00	8.87	861.00
	4003.11	0.00	8.78	850.00
	4003.12	0.00	8.69	832.00
	4003.14	0.00	8.56	821.00
	4003.15	0.00	8.48	807.00
	4003.16	0.00	8.40	793.00
	4003.17	0.00	8.31	782.00
	4003.18	0.00	8.10	761.00
	4003.19	0.00	7.50	700.00
	4003.21	0.00	6.62	670.00
	4003.22	0.00	6.60	679.00
	4003.23	0.00	6.60	683.00
	4003.24	0.00	6.62	687.00
	4003.25	0.00	6.61	682.00
	4003.26	0.00	6.62	678.00
	4003.28	0.00	6.62	678.00
	4003.29	0.00	6.65	680.00
	4003.30	0.00	6.67	680.00
	4003.31	0.00	6.65	681.00
	4003.32	0.00	6.66	682.00
	4003.33	0.00	6.58	676.00
	4003.34	0.00	6.60	676.00
	4003.36	0.00	6.61	672.00
	4003.37	0.00	6.62	668.00
	4003.38	0.00	6.63	668.00
	4003.39	0.00	6.63	668.00
	4003.40	0.00	6.63	667.00
	4003.41	0.00	6.64	665.00
	4003.43	0.00	6.64	665.00
	4003.44	0.00	6.64	664.00
	4003.45	0.00	6.64	663.00
	4003.46	0.00	6.66	662.00
	4003.47	0.00	6.67	663.00
	4003.48	0.00	6.66	663.00
	4003.50	0.00	6.74	665.00
	4003.51	0.00	6.73	664.00
	4003.52	0.00	6.72	671.00
	4003.53	0.00	6.72	671.00
	4003.54	0.00	6.70	669.00
	4003.55	0.00	6.71	670.00
	4003.56	0.00	6.71	667.00
	4003.58	0.00	6.72	666.00
	4003.59	0.00	6.72	665.00
	4003.60	0.00	6.78	667.00
	4003.61	0.00	6.78	666.00
	4003.62	0.00	6.77	674.00
	4003.63	0.00	6.76	672.00
	4003.64	0.00	6.73	673.00
	4003.66	0.00	6.69	693.00
	4003.67	0.00	6.65	716.00
	4003.68	0.00	6.46	796.00
	4003.69	0.00	6.17	944.00
	4003.70	0.00	5.97	1088.00
	4003.71	0.00	5.88	1166.00
	4003.73	0.00	5.86	1184.00
	4003.74	0.00	5.88	1186.00
	4003.75	0.00	5.87	1191.00
	4003.76	0.00	5.82	1217.00
	4003.77	0.00	5.79	1246.00
	4003.78	0.00	5.78	1272.00
	4003.80	0.00	6.12	1339.00
	4003.81	0.00	6.14	1350.00
	4003.82	0.00	6.43	1408.00
	4003.83	0.00	6.46	1406.00
	4003.84	0.00	6.49	1396.00
	4003.85	0.00	6.28	1331.00
	4003.87	0.00	6.33	1312.00
	4003.88	0.00	6.39	1288.00
	4003.89	0.00	6.46	1270.00
	4003.90	0.00	6.53	1240.00
	4003.91	0.00	6.60	1214.00
	4003.93	0.00	6.66	1188.00
	4003.94	0.00	6.74	1161.00
	4003.95	0.00	6.80	1126.00
	4003.96	0.00	6.86	1091.00
	4003.97	0.00	6.89	1055.00
	4003.98	0.00	7.19	1076.00
	4004.00	0.00	7.25	1041.00
	4004.01	0.00	7.28	1027.00
	4004.02	0.00	7.35	1008.00
	4004.03	0.00	7.40	991.00
	4004.04	0.00	7.36	971.00
	4004.05	0.00	7.41	958.00
	4004.06	0.00	7.46	949.00
	4004.08	0.00	7.55	921.00
	4004.09	0.00	7.63	904.00
	4004.10	0.00	7.69	893.00
	4004.11	0.00	7.78	856.00
	4004.12	0.00	7.83	838.00
	4004.13	0.00	7.41	782.00
	4004.15	0.00	7.42	784.00
	4004.16	0.00	8.08	834.00
	4004.17	0.00	8.12	839.00
	4004.18	0.00	8.14	837.00
	4004.19	0.00	8.20	833.00
	4004.20	0.00	8.26	831.00
	4004.21	0.00	8.26	827.00
	4004.23	0.00	8.29	827.00
	4004.24	0.00	8.41	834.00
	4004.25	0.00	8.41	829.00
	4004.26	0.00	8.49	834.00
	4004.27	0.00	8.58	838.00
	4004.28	0.00	8.62	838.00
	4004.30	0.00	8.62	838.00
	4004.31	0.00	8.61	836.00
	4004.32	0.00	8.57	829.00
	4004.33	0.00	8.53	826.00
	4004.34	0.00	8.42	813.00
	4004.36	0.00	8.40	805.00
	4004.37	0.00	8.36	794.00
	4004.38	0.00	8.32	782.00
	4004.39	0.00	8.11	757.00
	4004.40	0.00	7.62	699.00
	4004.41	0.00	6.73	643.00
	4004.42	0.00	6.68	641.00
	4004.44	0.00	6.64	660.00
	4004.45	0.00	6.62	666.00
	4004.46	0.00	6.70	671.00
	4004.47	0.00	6.69	669.00
	4004.48	0.00	6.69	668.00
	4004.49	0.00	6.70	667.00
	4004.50	0.00	6.69	667.00
	4004.52	0.00	6.70	667.00
	4004.53	0.00	6.70	665.00
	4004.54	0.00	6.64	664.00
	4004.55	0.00	6.65	662.00
	4004.56	0.00	6.65	663.00
	4004.57	0.00	6.65	662.00
	4004.59	0.00	6.66	663.00
	4004.60	0.00	6.66	665.00
	4004.61	0.00	6.66	665.00
	4004.62	0.00	6.66	665.00
	4004.63	0.00	6.66	664.00
	4004.64	0.00	6.59	660.00
	4004.66	0.00	6.60	656.00
	4004.67	0.00	6.62	650.00
	4004.68	0.00	6.65	652.00
	4004.69	0.00	6.64	651.00
	4004.70	0.00	6.64	651.00
	4004.71	0.00	6.65	650.00
	4004.72	0.00	6.67	651.00
	4004.74	0.00	6.66	650.00
	4004.75	0.00	6.66	650.00
	4004.76	0.00	6.66	650.00
	4004.77	0.00	6.67	650.00
	4004.78	0.00	6.73	651.00
	4004.79	0.00	6.73	652.00
	4004.81	0.00	6.72	655.00
	4004.82	0.00	6.71	655.00
	4004.83	0.00	6.70	659.00
	4004.84	0.00	6.68	661.00
	4004.85	0.00	6.68	662.00
	4004.86	0.00	6.64	674.00
	4004.87	0.00	6.59	692.00
	4004.89	0.00	6.61	717.00
	4004.90	0.00	6.46	782.00
	4004.91	0.00	6.19	909.00
	4004.92	0.00	6.02	1023.00
	4004.93	0.00	5.94	1092.00
	4004.94	0.00	5.90	1122.00
	4004.96	0.00	5.90	1138.00
	4004.97	0.00	5.88	1147.00
	4004.98	0.00	5.84	1158.00
	4004.99	0.00	5.82	1194.00
	4005.00	0.00	5.82	1217.00
	4005.01	0.00	5.80	1237.00
	4005.03	0.00	6.16	1295.00
	4005.04	0.00	6.22	1305.00
	4005.05	0.00	6.29	1309.00
	4005.06	0.00	6.35	1308.00
	4005.07	0.00	6.40	1299.00
	4005.08	0.00	6.45	1283.00
	4005.10	0.00	6.49	1259.00
	4005.11	0.00	6.53	1236.00
	4005.12	0.00	6.58	1208.00
	4005.13	0.00	6.89	1236.00
	4005.14	0.00	6.95	1208.00
	4005.15	0.00	7.00	1170.00
	4005.17	0.00	7.04	1136.00
	4005.18	0.00	7.10	1108.00
	4005.19	0.00	7.13	1082.00
	4005.20	0.00	7.19	1060.00
	4005.21	0.00	7.23	1040.00
	4005.22	0.00	7.30	1019.00
	4005.24	0.00	7.32	1007.00
	4005.25	0.00	7.33	1000.00
	4005.26	0.00	7.38	1002.00
	4005.27	0.00	7.42	998.00
	4005.28	0.00	7.43	994.00
	4005.29	0.00	7.36	989.00
	4005.31	0.00	7.33	985.00
	4005.32	0.00	7.37	984.00
	4005.33	0.00	7.39	975.00
	4005.34	0.00	7.35	965.00
	4005.35	0.00	7.37	959.00
	4005.36	0.00	7.41	948.00
	4005.38	0.00	7.52	923.00
	4005.39	0.00	7.65	853.00
	4005.40	0.00	7.61	860.00
	4005.41	0.00	7.67	849.00
	4005.42	0.00	7.76	850.00
	4005.43	0.00	8.36	902.00
	4005.44	0.00	8.17	851.00
	4005.46	0.00	8.26	847.00
	4005.47	0.00	8.31	848.00
	4005.48	0.00	8.39	853.00
	4005.49	0.00	8.42	847.00
	4005.50	0.00	8.48	847.00
	4005.52	0.00	8.50	845.00
	4005.53	0.00	8.48	839.00
	4005.54	0.00	8.48	834.00
	4005.55	0.00	8.44	828.00
	4005.56	0.00	8.49	829.00
	4005.57	0.00	8.43	817.00
	4005.58	0.00	8.37	806.00
	4005.60	0.00	8.33	796.00
	4005.61	0.00	8.25	779.00
	4005.62	0.00	8.19	767.00
	4005.63	0.00	7.55	697.00
	4005.64	0.00	6.63	635.00
	4005.65	0.00	6.66	636.00
	4005.67	0.00	6.66	646.00
	4005.68	0.00	6.70	657.00
	4005.69	0.00	6.74	670.00
	4005.70	0.00	6.74	675.00
	4005.71	0.00	6.71	673.00
	4005.72	0.00	6.72	674.00
	4005.74	0.00	6.71	674.00
	4005.75	0.00	6.71	675.00
	4005.76	0.00	6.70	675.00
	4005.77	0.00	6.71	676.00
	4005.78	0.00	6.70	675.00
	4005.79	0.00	6.66	674.00
	4005.80	0.00	6.66	672.00
	4005.82	0.00	6.67	672.00
	4005.83	0.00	6.67	671.00
	4005.84	0.00	6.68	673.00
	4005.85	0.00	6.67	675.00
	4005.86	0.00	6.67	674.00
	4005.87	0.00	6.66	678.00
	4005.88	0.00	6.64	676.00
	4005.90	0.00	6.61	671.00
	4005.91	0.00	6.64	662.00
	4005.92	0.00	6.64	663.00
	4005.93	0.00	6.65	660.00
	4005.94	0.00	6.67	656.00
	4005.95	0.00	6.67	655.00
	4005.97	0.00	6.67	653.00
	4005.98	0.00	6.70	652.00
	4005.99	0.00	6.68	649.00
	4006.00	0.00	6.69	650.00
	4006.01	0.00	6.77	651.00
	4006.02	0.00	6.76	652.00
	4006.04	0.00	6.75	657.00
	4006.05	0.00	6.76	654.00
	4006.06	0.00	6.73	658.00
	4006.07	0.00	6.74	653.00
	4006.08	0.00	6.74	653.00
	4006.09	0.00	6.80	656.00
	4006.10	0.00	6.79	657.00
	4006.12	0.00	6.71	680.00
	4006.13	0.00	6.58	723.00
	4006.14	0.00	6.48	779.00
	4006.15	0.00	6.30	863.00
	4006.16	0.00	6.17	947.00
	4006.17	0.00	6.09	999.00
	4006.18	0.00	6.06	1021.00
	4006.20	0.00	6.03	1050.00
	4006.21	0.00	5.98	1079.00
	4006.22	0.00	5.87	1133.00
	4006.23	0.00	5.84	1182.00
	4006.24	0.00	5.82	1214.00
	4006.25	0.00	6.11	1307.00
	4006.27	0.00	6.12	1340.00
	4006.28	0.00	6.13	1363.00
	4006.29	0.00	6.11	1370.00
	4006.30	0.00	6.14	1384.00
	4006.31	0.00	6.15	1385.00
	4006.33	0.00	6.15	1379.00
	4006.34	0.00	6.15	1369.00
	4006.35	0.00	6.17	1358.00
	4006.36	0.00	6.52	1389.00
	4006.37	0.00	6.56	1371.00
	4006.38	0.00	6.59	1351.00
	4006.39	0.00	6.62	1330.00
	4006.41	0.00	6.68	1307.00
	4006.42	0.00	6.73	1283.00
	4006.43	0.00	6.81	1265.00
	4006.44	0.00	6.87	1249.00
	4006.45	0.00	6.93	1234.00
	4006.47	0.00	6.98	1221.00
	4006.48	0.00	6.99	1206.00
	4006.49	0.00	7.05	1189.00
	4006.50	0.00	7.10	1180.00
	4006.51	0.00	7.14	1165.00
	4006.52	0.00	7.22	1145.00
	4006.54	0.00	7.33	1129.00
	4006.55	0.00	7.38	1109.00
	4006.56	0.00	7.42	1084.00
	4006.57	0.00	7.24	1010.00
	4006.58	0.00	7.38	986.00
	4006.59	0.00	7.52	964.00
	4006.60	0.00	7.68	942.00
	4006.62	0.00	8.41	990.00
	4006.63	0.00	8.53	984.00
	4006.64	0.00	8.87	944.00
	4006.65	0.00	8.84	960.00
	4006.66	0.00	8.95	952.00
	4006.67	0.00	8.93	995.00
	4006.69	0.00	9.15	969.00
	4006.70	0.00	9.21	971.00
	4006.71	0.00	9.25	966.00
	4006.72	0.00	9.26	961.00
	4006.73	0.00	9.26	942.00
	4006.75	0.00	9.14	927.00
	4006.76	0.00	8.97	901.00
	4006.77	0.00	8.71	869.00
	4006.78	0.00	8.44	830.00
	4006.79	0.00	8.35	810.00
	4006.80	0.00	8.27	790.00
	4006.81	0.00	8.16	768.00
	4006.83	0.00	8.01	746.00
	4006.84	0.00	7.15	682.00
	4006.85	0.00	7.06	677.00
	4006.86	0.00	6.51	641.00
	4006.87	0.00	6.44	682.00
	4006.88	0.00	6.50	684.00
	4006.90	0.00	6.51	686.00
	4006.91	0.00	6.59	682.00
	4006.92	0.00	6.65	665.00
	4006.93	0.00	6.64	666.00
	4006.94	0.00	6.63	667.00
	4006.95	0.00	6.68	665.00
	4006.97	0.00	6.67	665.00
	4006.98	0.00	6.66	668.00
	4006.99	0.00	6.67	668.00
	4007.00	0.00	6.61	683.00
	4007.01	0.00	6.59	689.00
	4007.02	0.00	6.59	690.00
	4007.03	0.00	6.59	697.00
	4007.05	0.00	6.53	694.00
	4007.06	0.00	6.57	677.00
	4007.07	0.00	6.60	671.00
	4007.08	0.00	6.65	660.00
	4007.09	0.00	6.64	661.00
	4007.10	0.00	6.66	659.00
	4007.11	0.00	6.68	655.00
	4007.13	0.00	6.66	646.00
	4007.14	0.00	6.66	644.00
	4007.15	0.00	6.66	640.00
	4007.16	0.00	6.63	637.00
	4007.17	0.00	6.62	638.00
	4007.18	0.00	6.62	638.00
	4007.20	0.00	6.62	634.00
	4007.21	0.00	6.63	633.00
	4007.22	0.00	6.64	635.00
	4007.23	0.00	6.64	633.00
	4007.24	0.00	6.63	633.00
	4007.25	0.00	6.64	634.00
	4007.27	0.00	6.64	634.00
	4007.28	0.00	6.63	635.00
	4007.29	0.00	6.62	635.00
	4007.30	0.00	6.63	636.00
	4007.31	0.00	6.62	638.00
	4007.32	0.00	6.63	637.00
	4007.33	0.00	6.65	655.00
	4007.35	0.00	6.49	721.00
	4007.36	0.00	6.17	890.00
	4007.37	0.00	5.90	1074.00
	4007.38	0.00	5.81	1160.00
	4007.39	0.00	5.77	1163.00
	4007.40	0.00	5.77	1167.00
	4007.42	0.00	5.74	1187.00
	4007.43	0.00	5.67	1231.00
	4007.44	0.00	6.03	1351.00
	4007.45	0.00	6.07	1374.00
	4007.46	0.00	6.09	1396.00
	4007.48	0.00	6.13	1415.00
	4007.49	0.00	6.19	1417.00
	4007.50	0.00	6.25	1408.00
	4007.51	0.00	6.34	1388.00
	4007.52	0.00	6.53	1376.00
	4007.53	0.00	6.61	1341.00
	4007.54	0.00	6.70	1297.00
	4007.56	0.00	6.75	1253.00
	4007.57	0.00	6.83	1199.00
	4007.58	0.00	6.90	1154.00
	4007.59	0.00	6.95	1116.00
	4007.60	0.00	7.05	1054.00
	4007.61	0.00	7.13	994.00
	4007.63	0.00	7.25	947.00
	4007.64	0.00	7.29	910.00
	4007.65	0.00	7.34	886.00
	4007.66	0.00	7.37	868.00
	4007.67	0.00	7.36	857.00
	4007.68	0.00	7.34	850.00
	4007.70	0.00	7.38	845.00
	4007.71	0.00	7.39	838.00
	4007.72	0.00	7.42	837.00
	4007.73	0.00	7.43	830.00
	4007.74	0.00	8.15	874.00
	4007.75	0.00	8.28	839.00
	4007.77	0.00	8.31	836.00
	4007.78	0.00	8.42	838.00
	4007.79	0.00	8.44	848.00
	4007.80	0.00	8.64	862.00
	4007.81	0.00	8.76	870.00
	4007.82	0.00	8.87	878.00
	4007.83	0.00	8.94	885.00
	4007.85	0.00	9.05	900.00
	4007.86	0.00	9.17	911.00
	4007.87	0.00	9.25	921.00
	4007.88	0.00	9.34	927.00
	4007.89	0.00	9.34	918.00
	4007.90	0.00	9.27	910.00
	4007.92	0.00	9.26	909.00
	4007.93	0.00	9.10	888.00
	4007.94	0.00	8.99	872.00
	4007.95	0.00	8.87	854.00
	4007.96	0.00	8.75	832.00
	4007.97	0.00	8.71	818.00
	4007.99	0.00	8.55	794.00
	4008.00	0.00	8.18	758.00
	4008.01	0.00	7.94	734.00
	4008.02	0.00	6.97	679.00
	4008.03	0.00	6.39	642.00
	4008.04	0.00	6.39	659.00
	4008.06	0.00	6.45	664.00
	4008.07	0.00	6.44	661.00
	4008.08	0.00	6.52	661.00
	4008.09	0.00	6.53	658.00
	4008.10	0.00	6.57	652.00
	4008.11	0.00	6.58	652.00
	4008.12	0.00	6.56	652.00
	4008.14	0.00	6.57	657.00
	4008.15	0.00	6.58	656.00
	4008.16	0.00	6.58	654.00
	4008.17	0.00	6.59	654.00
	4008.18	0.00	6.66	653.00
	4008.19	0.00	6.67	652.00
	4008.21	0.00	6.64	658.00
	4008.22	0.00	6.65	656.00
	4008.23	0.00	6.64	653.00
	4008.24	0.00	6.64	650.00
	4008.25	0.00	6.65	650.00
	4008.26	0.00	6.65	649.00
	4008.28	0.00	6.66	646.00
	4008.29	0.00	6.67	643.00
	4008.30	0.00	6.66	640.00
	4008.31	0.00	6.68	639.00
	4008.32	0.00	6.68	636.00
	4008.33	0.00	6.68	636.00
	4008.34	0.00	6.68	636.00
	4008.36	0.00	6.70	637.00
	4008.37	0.00	6.70	638.00
	4008.38	0.00	6.62	637.00
	4008.39	0.00	6.64	637.00
	4008.40	0.00	6.65	637.00
	4008.41	0.00	6.64	637.00
	4008.43	0.00	6.64	636.00
	4008.44	0.00	6.63	637.00
	4008.45	0.00	6.63	638.00
	4008.46	0.00	6.64	641.00
	4008.47	0.00	6.63	641.00
	4008.48	0.00	6.61	640.00
	4008.50	0.00	6.61	641.00
	4008.51	0.00	6.50	656.00
	4008.52	0.00	6.31	737.00
	4008.53	0.00	6.07	889.00
	4008.54	0.00	5.73	1147.00
	4008.55	0.00	5.63	1262.00
	4008.56	0.00	5.62	1272.00
	4008.58	0.00	5.63	1258.00
	4008.59	0.00	5.66	1277.00
	4008.60	0.00	5.60	1320.00
	4008.61	0.00	6.07	1433.00
	4008.62	0.00	6.10	1446.00
	4008.64	0.00	6.12	1449.00
	4008.65	0.00	6.13	1431.00
	4008.66	0.00	6.20	1413.00
	4008.67	0.00	6.30	1387.00
	4008.68	0.00	6.39	1350.00
	4008.69	0.00	6.47	1310.00
	4008.71	0.00	6.56	1261.00
	4008.72	0.00	6.65	1215.00
	4008.73	0.00	6.73	1167.00
	4008.74	0.00	6.82	1119.00
	4008.75	0.00	6.88	1060.00
	4008.76	0.00	6.98	1004.00
	4008.77	0.00	7.12	946.00
	4008.79	0.00	7.21	910.00
	4008.80	0.00	7.29	883.00
	4008.81	0.00	7.38	873.00
	4008.82	0.00	7.43	864.00
	4008.83	0.00	7.43	856.00
	4008.84	0.00	7.50	853.00
	4008.86	0.00	7.51	864.00
	4008.87	0.00	7.53	863.00
	4008.88	0.00	7.57	863.00
	4008.89	0.00	7.58	864.00
	4008.90	0.00	8.33	915.00
	4008.91	0.00	8.33	915.00
	4008.93	0.00	8.40	915.00
	4008.94	0.00	8.63	873.00
	4008.95	0.00	8.71	879.00
	4008.96	0.00	8.83	889.00
	4008.97	0.00	8.77	922.00
	4008.98	0.00	8.98	906.00
	4009.00	0.00	9.05	911.00
	4009.01	0.00	9.08	912.00
	4009.02	0.00	9.12	919.00
	4009.03	0.00	9.29	925.00
	4009.04	0.00	9.35	927.00
	4009.05	0.00	9.37	928.00
	4009.06	0.00	9.46	931.00
	4009.08	0.00	9.46	927.00
	4009.09	0.00	9.43	921.00
	4009.10	0.00	9.32	904.00
	4009.11	0.00	9.22	889.00
	4009.12	0.00	9.09	870.00
	4009.13	0.00	8.89	842.00
	4009.15	0.00	8.76	820.00
	4009.16	0.00	8.56	799.00
	4009.17	0.00	8.25	766.00
	4009.18	0.00	7.99	737.00
	4009.19	0.00	7.12	682.00
	4009.20	0.00	6.99	712.00
	4009.22	0.00	6.98	716.00
	4009.23	0.00	6.54	666.00
	4009.24	0.00	6.52	666.00
	4009.25	0.00	6.57	663.00
	4009.26	0.00	6.51	657.00
	4009.27	0.00	6.54	650.00
	4009.28	0.00	6.48	646.00
	4009.30	0.00	6.47	646.00
	4009.31	0.00	6.52	640.00
	4009.32	0.00	6.52	638.00
	4009.33	0.00	6.52	637.00
	4009.34	0.00	6.52	637.00
	4009.35	0.00	6.52	636.00
	4009.37	0.00	6.52	635.00
	4009.38	0.00	6.52	635.00
	4009.39	0.00	6.59	635.00
	4009.40	0.00	6.60	634.00
	4009.41	0.00	6.60	635.00
	4009.42	0.00	6.59	638.00
	4009.44	0.00	6.59	638.00
	4009.45	0.00	6.57	639.00
	4009.46	0.00	6.57	640.00
	4009.47	0.00	6.57	640.00
	4009.48	0.00	6.60	634.00
	4009.49	0.00	6.67	637.00
	4009.50	0.00	6.63	649.00
	4009.52	0.00	6.67	635.00
	4009.53	0.00	6.68	636.00
	4009.54	0.00	6.65	635.00
	4009.55	0.00	6.64	637.00
	4009.56	0.00	6.66	640.00
	4009.57	0.00	6.67	638.00
	4009.59	0.00	6.66	639.00
	4009.60	0.00	6.66	639.00
	4009.61	0.00	6.67	640.00
	4009.62	0.00	6.67	640.00
	4009.63	0.00	6.67	641.00
	4009.64	0.00	6.66	640.00
	4009.66	0.00	6.65	636.00
	4009.67	0.00	6.64	637.00
	4009.68	0.00	6.60	636.00
	4009.69	0.00	6.62	635.00
	4009.70	0.00	6.60	642.00
	4009.71	0.00	6.45	721.00
	4009.72	0.00	6.05	923.00
	4009.74	0.00	5.52	1279.00
	4009.75	0.00	5.59	1317.00
	4009.76	0.00	5.60	1318.00
	4009.77	0.00	5.60	1311.00
	4009.78	0.00	5.62	1319.00
	4009.79	0.00	5.61	1365.00
	4009.81	0.00	5.53	1405.00
	4009.82	0.00	5.54	1417.00
	4009.83	0.00	5.97	1470.00
	4009.84	0.00	6.00	1457.00
	4009.85	0.00	6.32	1490.00
	4009.87	0.00	6.38	1460.00
	4009.88	0.00	6.46	1418.00
	4009.89	0.00	6.61	1375.00
	4009.90	0.00	6.70	1330.00
	4009.91	0.00	6.80	1283.00
	4009.92	0.00	6.91	1237.00
	4009.93	0.00	7.01	1187.00
	4009.95	0.00	7.14	1138.00
	4009.96	0.00	7.23	1100.00
	4009.97	0.00	7.27	1061.00
	4009.98	0.00	7.23	1010.00
	4009.99	0.00	7.23	986.00
	4010.00	0.00	7.26	963.00
	4010.02	0.00	7.22	943.00
	4010.03	0.00	7.25	929.00
	4010.04	0.00	7.29	918.00
	4010.05	0.00	7.03	860.00
	4010.06	0.00	7.08	859.00
	4010.07	0.00	7.16	859.00
	4010.09	0.00	7.26	864.00
	4010.10	0.00	7.31	866.00
	4010.11	0.00	7.38	871.00
	4010.12	0.00	7.44	872.00
	4010.13	0.00	7.47	895.00
	4010.14	0.00	7.54	897.00
	4010.16	0.00	7.60	899.00
	4010.17	0.00	7.68	903.00
	4010.18	0.00	7.74	908.00
	4010.19	0.00	7.86	891.00
	4010.20	0.00	7.96	880.00
	4010.21	0.00	8.00	890.00
	4010.23	0.00	8.62	957.00
	4010.24	0.00	8.73	967.00
	4010.25	0.00	8.99	930.00
	4010.26	0.00	9.07	927.00
	4010.27	0.00	9.06	935.00
	4010.28	0.00	9.10	917.00
	4010.30	0.00	8.52	859.00
	4010.31	0.00	8.50	848.00
	4010.32	0.00	8.41	838.00
	4010.33	0.00	8.24	819.00
	4010.34	0.00	7.97	784.00
	4010.35	0.00	7.81	762.00
	4010.36	0.00	8.34	792.00
	4010.38	0.00	8.21	770.00
	4010.39	0.00	7.40	705.00
	4010.40	0.00	7.32	691.00
	4010.41	0.00	7.27	682.00
	4010.42	0.00	7.22	682.00
	4010.43	0.00	7.14	694.00
	4010.45	0.00	6.52	648.00
	4010.46	0.00	6.53	649.00
	4010.47	0.00	6.55	647.00
	4010.48	0.00	6.56	647.00
	4010.49	0.00	6.58	647.00
	4010.50	0.00	6.59	646.00
	4010.52	0.00	6.61	644.00
	4010.53	0.00	6.61	644.00
	4010.54	0.00	6.54	641.00
	4010.55	0.00	6.55	640.00
	4010.56	0.00	6.56	635.00
	4010.57	0.00	6.58	635.00
	4010.58	0.00	6.58	635.00
	4010.60	0.00	6.58	635.00
	4010.61	0.00	6.58	633.00
	4010.62	0.00	6.58	634.00
	4010.63	0.00	6.59	635.00
	4010.64	0.00	6.58	634.00
	4010.65	0.00	6.59	631.00
	4010.67	0.00	6.58	632.00
	4010.68	0.00	6.58	632.00
	4010.69	0.00	6.57	631.00
	4010.70	0.00	6.63	640.00
	4010.71	0.00	6.64	641.00
	4010.72	0.00	6.62	647.00
	4010.73	0.00	6.62	647.00
	4010.75	0.00	6.64	644.00
	4010.76	0.00	6.65	637.00
	4010.77	0.00	6.66	637.00
	4010.78	0.00	6.67	637.00
	4010.79	0.00	6.66	636.00
	4010.80	0.00	6.66	636.00
	4010.82	0.00	6.73	638.00
	4010.83	0.00	6.72	636.00
	4010.84	0.00	6.72	638.00
	4010.85	0.00	6.69	647.00
	4010.86	0.00	6.70	642.00
	4010.87	0.00	6.69	642.00
	4010.89	0.00	6.68	641.00
	4010.90	0.00	6.69	639.00
	4010.91	0.00	6.68	642.00
	4010.92	0.00	6.64	654.00
	4010.93	0.00	6.49	704.00
	4010.94	0.00	6.39	757.00
	4010.95	0.00	6.09	927.00
	4010.97	0.00	5.84	1127.00
	4010.98	0.00	5.75	1226.00
	4010.99	0.00	5.73	1247.00
	4011.00	0.00	5.68	1248.00
	4011.01	0.00	5.68	1256.00
	4011.02	0.00	5.67	1280.00
	4011.04	0.00	5.64	1310.00
	4011.05	0.00	5.68	1344.00
	4011.06	0.00	6.03	1410.00
	4011.07	0.00	6.05	1417.00
	4011.08	0.00	6.05	1419.00
	4011.10	0.00	6.08	1408.00
	4011.11	0.00	6.11	1395.00
	4011.12	0.00	6.14	1373.00
	4011.13	0.00	6.19	1340.00
	4011.14	0.00	6.51	1353.00
	4011.15	0.00	6.56	1316.00
	4011.16	0.00	6.62	1280.00
	4011.18	0.00	6.67	1244.00
	4011.19	0.00	6.73	1211.00
	4011.20	0.00	6.79	1175.00
	4011.21	0.00	6.52	1096.00
	4011.22	0.00	6.59	1057.00
	4011.24	0.00	6.65	1031.00
	4011.25	0.00	6.67	1004.00
	4011.26	0.00	6.65	977.00
	4011.27	0.00	6.70	959.00
	4011.28	0.00	6.80	922.00
	4011.29	0.00	7.17	964.00
	4011.30	0.00	6.91	904.00
	4011.32	0.00	6.98	894.00
	4011.33	0.00	7.34	937.00
	4011.34	0.00	7.09	886.00
	4011.35	0.00	7.14	880.00
	4011.36	0.00	7.18	876.00
	4011.37	0.00	7.20	872.00
	4011.39	0.00	7.26	872.00
	4011.40	0.00	7.28	870.00
	4011.41	0.00	7.37	865.00
	4011.42	0.00	7.44	865.00
	4011.43	0.00	7.65	813.00
	4011.44	0.00	8.38	865.00
	4011.46	0.00	8.48	882.00
	4011.47	0.00	8.52	889.00
	4011.48	0.00	8.69	888.00
	4011.49	0.00	8.71	886.00
	4011.50	0.00	8.82	891.00
	4011.51	0.00	8.85	888.00
	4011.53	0.00	8.92	885.00
	4011.54	0.00	8.90	872.00
	4011.55	0.00	8.82	859.00
	4011.56	0.00	8.74	851.00
	4011.57	0.00	8.61	832.00
	4011.58	0.00	8.52	815.00
	4011.59	0.00	8.50	806.00
	4011.61	0.00	8.53	795.00
	4011.62	0.00	8.45	776.00
	4011.63	0.00	8.22	748.00
	4011.64	0.00	7.27	680.00
	4011.65	0.00	7.02	724.00
	4011.66	0.00	6.36	717.00
	4011.68	0.00	6.32	732.00
	4011.69	0.00	6.37	730.00
	4011.70	0.00	6.40	740.00
	4011.71	0.00	6.42	734.00
	4011.72	0.00	6.43	730.00
	4011.73	0.00	6.46	727.00
	4011.75	0.00	6.48	726.00
	4011.76	0.00	6.41	733.00
	4011.77	0.00	6.39	741.00
	4011.78	0.00	6.39	742.00
	4011.79	0.00	6.40	737.00
	4011.80	0.00	6.38	731.00
	4011.81	0.00	6.42	730.00
	4011.83	0.00	6.42	728.00
	4011.84	0.00	6.41	732.00
	4011.85	0.00	6.47	707.00
	4011.86	0.00	6.40	702.00
	4011.87	0.00	6.41	699.00
	4011.88	0.00	6.48	675.00
	4011.90	0.00	6.51	661.00
	4011.91	0.00	6.50	664.00
	4011.92	0.00	6.52	661.00
	4011.93	0.00	6.52	659.00
	4011.94	0.00	6.50	663.00
	4011.95	0.00	6.51	660.00
	4011.97	0.00	6.52	656.00
	4011.98	0.00	6.54	648.00
	4011.99	0.00	6.57	637.00
	4012.00	0.00	6.61	626.00
	4012.01	0.00	6.62	628.00
	4012.02	0.00	6.62	627.00
	4012.04	0.00	6.68	630.00
	4012.05	0.00	6.68	630.00
	4012.06	0.00	6.67	631.00
	4012.07	0.00	6.68	630.00
	4012.08	0.00	6.67	635.00
	4012.09	0.00	6.67	635.00
	4012.10	0.00	6.65	633.00
	4012.12	0.00	6.66	635.00
	4012.13	0.00	6.66	633.00
	4012.14	0.00	6.63	643.00
	4012.15	0.00	6.50	693.00
	4012.16	0.00	6.36	780.00
	4012.17	0.00	6.07	963.00
	4012.19	0.00	5.85	1140.00
	4012.20	0.00	5.82	1199.00
	4012.21	0.00	5.80	1204.00
	4012.22	0.00	5.79	1207.00
	4012.23	0.00	5.78	1206.00
	4012.24	0.00	5.77	1230.00
	4012.26	0.00	5.75	1298.00
	4012.27	0.00	6.16	1382.00
	4012.28	0.00	6.15	1396.00
	4012.29	0.00	6.18	1404.00
	4012.30	0.00	6.21	1402.00
	4012.31	0.00	6.25	1384.00
	4012.33	0.00	6.26	1373.00
	4012.34	0.00	6.29	1348.00
	4012.35	0.00	6.31	1322.00
	4012.36	0.00	6.36	1288.00
	4012.37	0.00	6.43	1254.00
	4012.38	0.00	6.49	1213.00
	4012.40	0.00	6.54	1176.00
	4012.41	0.00	6.60	1135.00
	4012.42	0.00	6.65	1100.00
	4012.43	0.00	6.72	1062.00
	4012.44	0.00	6.74	1020.00
	4012.45	0.00	6.79	989.00
	4012.47	0.00	6.85	960.00
	4012.48	0.00	6.92	935.00
	4012.49	0.00	6.96	910.00
	4012.50	0.00	7.00	898.00
	4012.51	0.00	7.03	885.00
	4012.52	0.00	7.06	879.00
	4012.53	0.00	7.08	870.00
	4012.55	0.00	7.08	867.00
	4012.56	0.00	7.09	861.00
	4012.57	0.00	7.11	855.00
	4012.58	0.00	7.12	849.00
	4012.59	0.00	7.09	842.00
	4012.60	0.00	7.13	838.00
	4012.62	0.00	7.88	865.00
	4012.63	0.00	7.93	867.00
	4012.64	0.00	8.05	879.00
	4012.65	0.00	8.14	890.00
	4012.66	0.00	8.33	908.00
	4012.67	0.00	8.37	914.00
	4012.69	0.00	8.61	901.00
	4012.70	0.00	8.74	892.00
	4012.71	0.00	8.86	912.00
	4012.72	0.00	8.96	919.00
	4012.73	0.00	9.03	910.00
	4012.74	0.00	9.02	925.00
	4012.75	0.00	9.12	918.00
	4012.77	0.00	9.19	918.00
	4012.78	0.00	9.29	911.00
	4012.79	0.00	9.38	912.00
	4012.80	0.00	9.42	912.00
	4012.81	0.00	9.44	910.00
	4012.82	0.00	9.43	905.00
	4012.84	0.00	9.34	894.00
	4012.85	0.00	9.19	878.00
	4012.86	0.00	9.01	850.00
	4012.87	0.00	8.85	826.00
	4012.88	0.00	8.65	801.00
	4012.89	0.00	8.35	775.00
	4012.91	0.00	7.94	785.00
	4012.92	0.00	7.09	723.00
	4012.93	0.00	7.06	737.00
	4012.94	0.00	7.02	739.00
	4012.95	0.00	6.50	696.00
	4012.96	0.00	6.46	701.00
	4012.98	0.00	6.44	697.00
	4012.99	0.00	6.47	698.00
	4013.00	0.00	6.47	699.00
	4013.01	0.00	6.46	699.00
	4013.02	0.00	6.48	699.00
	4013.03	0.00	6.48	699.00
	4013.04	0.00	6.49	699.00
	4013.06	0.00	6.49	698.00
	4013.07	0.00	6.50	699.00
	4013.08	0.00	6.44	698.00
	4013.09	0.00	6.44	696.00
	4013.10	0.00	6.46	692.00
	4013.11	0.00	6.46	692.00
	4013.13	0.00	6.46	692.00
	4013.14	0.00	6.47	691.00
	4013.15	0.00	6.47	691.00
	4013.16	0.00	6.45	691.00
	4013.17	0.00	6.47	694.00
	4013.18	0.00	6.47	693.00
	4013.20	0.00	6.40	690.00
	4013.21	0.00	6.40	689.00
	4013.22	0.00	6.43	679.00
	4013.23	0.00	6.46	671.00
	4013.24	0.00	6.48	668.00
	4013.25	0.00	6.47	671.00
	4013.26	0.00	6.47	670.00
	4013.28	0.00	6.48	668.00
	4013.29	0.00	6.48	668.00
	4013.30	0.00	6.48	668.00
	4013.31	0.00	6.49	668.00
	4013.32	0.00	6.49	667.00
	4013.33	0.00	6.49	667.00
	4013.35	0.00	6.49	666.00
	4013.36	0.00	6.49	666.00
	4013.37	0.00	6.50	666.00
	4013.38	0.00	6.50	667.00
	4013.39	0.00	6.51	666.00
	4013.40	0.00	6.56	667.00
	4013.42	0.00	6.58	664.00
	4013.43	0.00	6.58	664.00
	4013.44	0.00	6.54	678.00
	4013.45	0.00	6.54	678.00
	4013.46	0.00	6.54	677.00
	4013.47	0.00	6.56	679.00
	4013.49	0.00	6.53	677.00
	4013.50	0.00	6.52	678.00
	4013.51	0.00	6.51	687.00
	4013.52	0.00	6.47	702.00
	4013.53	0.00	6.42	725.00
	4013.54	0.00	6.35	764.00
	4013.55	0.00	6.28	806.00
	4013.57	0.00	6.27	844.00
	4013.58	0.00	6.60	914.00
	4013.59	0.00	6.60	960.00
	4013.60	0.00	6.62	981.00
	4013.61	0.00	6.63	994.00
	4013.62	0.00	6.63	1001.00
	4013.64	0.00	6.64	1007.00
	4013.65	0.00	6.64	1011.00
	4013.66	0.00	6.64	1014.00
	4013.67	0.00	6.63	1014.00
	4013.68	0.00	6.64	1008.00
	4013.69	0.00	6.72	1031.00
	4013.71	0.00	6.74	1031.00
	4013.72	0.00	6.73	1031.00
	4013.73	0.00	7.13	1078.00
	4013.74	0.00	7.14	1082.00
	4013.75	0.00	7.15	1083.00
	4013.76	0.00	7.17	1085.00
	4013.78	0.00	7.19	1087.00
	4013.79	0.00	7.16	1081.00
	4013.80	0.00	7.21	1092.00
	4013.81	0.00	7.19	1088.00
	4013.82	0.00	7.21	1092.00
	4013.83	0.00	7.22	1094.00
	4013.85	0.00	7.21	1089.00
	4013.86	0.00	7.24	1087.00
	4013.87	0.00	7.19	1086.00
	4013.88	0.00	7.19	1084.00
	4013.89	0.00	7.19	1084.00
	4013.90	0.00	7.19	1079.00
	4013.92	0.00	7.21	1075.00
	4013.93	0.00	7.21	1074.00
	4013.94	0.00	7.21	1074.00
	4013.95	0.00	7.21	1074.00
	4013.96	0.00	7.21	1074.00
	4013.97	0.00	7.24	1076.00
	4013.99	0.00	7.23	1078.00
	4014.00	0.00	7.23	1076.00
	4014.01	0.00	7.22	1074.00
	4014.02	0.00	7.19	1077.00
	4014.03	0.00	7.17	1075.00
	4014.04	0.00	7.18	1073.00
	4014.06	0.00	7.16	1072.00
	4014.07	0.00	7.07	1065.00
	4014.08	0.00	7.08	1068.00
	4014.09	0.00	7.07	1065.00
	4014.10	0.00	7.10	1060.00
	4014.11	0.00	7.16	1057.00
	4014.13	0.00	7.14	1059.00
	4014.14	0.00	7.14	1062.00
	4014.15	0.00	7.14	1064.00
	4014.16	0.00	7.14	1066.00
	4014.17	0.00	7.15	1071.00
	4014.18	0.00	7.15	1071.00
	4014.20	0.00	6.75	1022.00
	4014.21	0.00	6.75	1023.00
	4014.22	0.00	6.66	1007.00
	4014.23	0.00	6.68	1012.00
	4014.24	0.00	6.64	1009.00
	4014.26	0.00	6.63	1003.00
	4014.27	0.00	6.62	1004.00
	4014.28	0.00	6.61	1005.00
	4014.29	0.00	6.60	1005.00
	4014.30	0.00	6.60	1005.00
	4014.31	0.00	6.60	1006.00
	4014.32	0.00	6.60	1008.00
	4014.34	0.00	6.60	1010.00
	4014.35	0.00	6.60	1013.00
	4014.36	0.00	6.59	1013.00
	4014.37	0.00	6.59	1014.00
	4014.38	0.00	6.64	1016.00
	4014.39	0.00	6.67	1017.00
	4014.41	0.00	6.67	1012.00
	4014.42	0.00	6.67	1012.00
	4014.43	0.00	6.67	1014.00
	4014.44	0.00	6.63	1031.00
	4014.45	0.00	6.63	1033.00
	4014.46	0.00	6.63	1033.00
	4014.48	0.00	6.61	1032.00
	4014.49	0.00	6.60	1031.00
	4014.50	0.00	6.55	1025.00
	4014.51	0.00	6.67	1039.00
	4014.52	0.00	6.67	1040.00
	4014.53	0.00	6.67	1040.00
	4014.55	0.00	6.68	1041.00
	4014.56	0.00	6.67	1041.00
	4014.57	0.00	6.69	1040.00
	4014.58	0.00	6.74	1044.00
	4014.59	0.00	6.74	1044.00
	4014.60	0.00	6.76	1047.00
	4014.62	0.00	6.77	1044.00
	4014.63	0.00	6.71	1060.00
	4014.64	0.00	6.71	1061.00
	4014.65	0.00	6.71	1061.00
	4014.66	0.00	6.69	1059.00
	4014.67	0.00	6.68	1059.00
	4014.69	0.00	6.65	1053.00
	4014.70	0.00	6.75	1064.00
	4014.71	0.00	6.73	1073.00
	4014.72	0.00	6.73	1072.00
	4014.73	0.00	6.72	1073.00
	4014.74	0.00	6.72	1073.00
	4014.76	0.00	6.72	1074.00
	4014.77	0.00	6.72	1075.00
	4014.78	0.00	6.66	1068.00
	4014.79	0.00	6.71	1078.00
	4014.80	0.00	6.71	1080.00
	4014.81	0.00	6.72	1081.00
	4014.83	0.00	6.71	1081.00
	4014.84	0.00	6.65	1082.00
	4014.85	0.00	6.66	1082.00
	4014.86	0.00	6.66	1082.00
	4014.87	0.00	6.67	1078.00
	4014.88	0.00	6.66	1080.00
	4014.90	0.00	6.67	1082.00
	4014.91	0.00	6.68	1084.00
	4014.92	0.00	6.68	1086.00
	4014.93	0.00	6.67	1088.00
	4014.94	0.00	6.68	1091.00
	4014.95	0.00	6.68	1091.00
	4014.97	0.00	6.64	1086.00
	4014.98	0.00	6.62	1094.00
	4014.99	0.00	6.62	1095.00
	4015.00	0.00	6.61	1094.00
	4015.01	0.00	6.55	1091.00
	4015.02	0.00	6.54	1091.00
	4015.04	0.00	6.54	1088.00
	4015.05	0.00	6.62	1080.00
	4015.06	0.00	6.63	1075.00
	4015.07	0.00	6.64	1077.00
	4015.08	0.00	6.64	1079.00
	4015.09	0.00	6.63	1077.00
	4015.11	0.00	6.66	1080.00
	4015.12	0.00	6.65	1082.00
	4015.13	0.00	6.66	1085.00
	4015.14	0.00	6.67	1086.00
	4015.15	0.00	6.55	1065.00
	4015.16	0.00	6.54	1067.00
	4015.17	0.00	6.55	1069.00
	4015.19	0.00	6.55	1069.00
	4015.20	0.00	6.55	1071.00
	4015.21	0.00	6.53	1069.00
	4015.22	0.00	6.53	1070.00
	4015.23	0.00	6.54	1072.00
	4015.25	0.00	6.54	1070.00
	4015.26	0.00	6.54	1072.00
	4015.27	0.00	6.54	1072.00
	4015.28	0.00	6.54	1072.00
	4015.29	0.00	6.54	1072.00
	4015.30	0.00	6.55	1071.00
	4015.31	0.00	6.61	1076.00
	4015.33	0.00	6.60	1074.00
	4015.34	0.00	6.61	1071.00
	4015.35	0.00	6.57	1093.00
	4015.36	0.00	6.55	1089.00
	4015.37	0.00	6.57	1092.00
	4015.38	0.00	6.54	1091.00
	4015.40	0.00	6.55	1091.00
	4015.41	0.00	6.52	1087.00
	4015.42	0.00	6.54	1088.00
	4015.43	0.00	6.49	1080.00
	4015.44	0.00	6.62	1096.00
	4015.46	0.00	6.62	1095.00
	4015.47	0.00	6.59	1090.00
	4015.48	0.00	6.62	1095.00
	4015.49	0.00	6.63	1093.00
	4015.50	0.00	6.68	1097.00
	4015.51	0.00	6.66	1091.00
	4015.52	0.00	6.71	1094.00
	4015.54	0.00	6.68	1103.00
	4015.55	0.00	6.66	1109.00
	4015.56	0.00	6.66	1109.00
	4015.57	0.00	6.66	1110.00
	4015.58	0.00	6.67	1109.00
	4015.59	0.00	6.65	1107.00
	4015.61	0.00	6.65	1106.00
	4015.62	0.00	6.62	1097.00
	4015.63	0.00	6.60	1090.00
	4015.64	0.00	6.70	1115.00
	4015.65	0.00	6.69	1114.00
	4015.66	0.00	6.66	1109.00
	4015.68	0.00	6.69	1112.00
	4015.69	0.00	6.69	1111.00
	4015.70	0.00	6.70	1111.00
	4015.71	0.00	6.70	1110.00
	4015.72	0.00	6.68	1104.00
	4015.73	0.00	6.70	1111.00
	4015.75	0.00	6.71	1110.00
	4015.76	0.00	6.70	1106.00
	4015.77	0.00	6.71	1107.00
	4015.78	0.00	6.66	1104.00
	4015.79	0.00	6.66	1101.00
	4015.80	0.00	6.66	1102.00
	4015.82	0.00	6.67	1100.00
	4015.83	0.00	6.67	1093.00
	4015.84	0.00	6.69	1091.00
	4015.85	0.00	6.68	1089.00
	4015.86	0.00	6.69	1089.00
	4015.87	0.00	6.69	1088.00
	4015.89	0.00	6.72	1088.00
	4015.90	0.00	6.71	1091.00
	4015.91	0.00	6.71	1090.00
	4015.92	0.00	6.68	1084.00
	4015.93	0.00	6.67	1083.00
	4015.94	0.00	6.66	1090.00
	4015.96	0.00	6.65	1089.00
	4015.97	0.00	6.66	1089.00
	4015.98	0.00	6.65	1088.00
	4015.99	0.00	6.59	1082.00
	4016.00	0.00	6.58	1080.00
	4016.01	0.00	6.58	1078.00
	4016.03	0.00	6.58	1074.00
	4016.04	0.00	6.59	1072.00
	4016.05	0.00	6.63	1071.00
	4016.06	0.00	6.67	1066.00
	4016.07	0.00	6.68	1065.00
	4016.08	0.00	6.68	1067.00
	4016.10	0.00	6.69	1067.00
	4016.11	0.00	6.72	1070.00
	4016.12	0.00	6.72	1073.00
	4016.13	0.00	6.72	1071.00
	4016.14	0.00	6.59	1050.00
	4016.15	0.00	6.59	1050.00
	4016.17	0.00	6.59	1052.00
	4016.18	0.00	6.60	1050.00
	4016.19	0.00	6.59	1050.00
	4016.20	0.00	6.59	1050.00
	4016.21	0.00	6.59	1051.00
	4016.22	0.00	6.58	1050.00
	4016.24	0.00	6.59	1051.00
	4016.25	0.00	6.59	1051.00
	4016.26	0.00	6.58	1050.00
	4016.27	0.00	6.60	1048.00
	4016.28	0.00	6.59	1050.00
	4016.29	0.00	6.65	1053.00
	4016.31	0.00	6.66	1053.00
	4016.32	0.00	6.67	1053.00
	4016.33	0.00	6.66	1052.00
	4016.34	0.00	6.65	1051.00
	4016.35	0.00	6.62	1070.00
	4016.36	0.00	6.62	1070.00
	4016.38	0.00	6.62	1068.00
	4016.39	0.00	6.60	1068.00
	4016.40	0.00	6.59	1066.00
	4016.41	0.00	6.56	1061.00
	4016.42	0.00	6.56	1054.00
	4016.43	0.00	6.68	1074.00
	4016.45	0.00	6.67	1072.00
	4016.46	0.00	6.66	1072.00
	4016.47	0.00	6.68	1071.00
	4016.48	0.00	6.71	1072.00
	4016.49	0.00	6.75	1073.00
	4016.50	0.00	6.76	1072.00
	4016.52	0.00	6.76	1070.00
	4016.53	0.00	6.75	1067.00
	4016.54	0.00	6.72	1089.00
	4016.55	0.00	6.71	1087.00
	4016.56	0.00	6.71	1086.00
	4016.57	0.00	6.72	1085.00
	4016.59	0.00	6.71	1087.00
	4016.60	0.00	6.68	1080.00
	4016.61	0.00	6.63	1069.00
	4016.62	0.00	6.74	1093.00
	4016.63	0.00	6.75	1093.00
	4016.64	0.00	6.74	1092.00
	4016.66	0.00	6.74	1092.00
	4016.67	0.00	6.72	1092.00
	4016.68	0.00	6.72	1093.00
	4016.69	0.00	6.73	1093.00
	4016.70	0.00	6.71	1088.00
	4016.71	0.00	6.69	1083.00
	4016.73	0.00	6.73	1097.00
	4016.74	0.00	6.73	1097.00
	4016.75	0.00	6.72	1096.00
	4016.76	0.00	6.72	1096.00
	4016.77	0.00	6.68	1094.00
	4016.78	0.00	6.68	1094.00
	4016.79	0.00	6.69	1093.00
	4016.81	0.00	6.69	1088.00
	4016.82	0.00	6.69	1088.00
	4016.83	0.00	6.69	1088.00
	4016.84	0.00	6.70	1089.00
	4016.85	0.00	6.72	1091.00
	4016.86	0.00	6.72	1090.00
	4016.88	0.00	6.73	1091.00
	4016.89	0.00	6.68	1082.00
	4016.90	0.00	6.67	1090.00
	4016.91	0.00	6.67	1090.00
	4016.92	0.00	6.65	1086.00
	4016.93	0.00	6.60	1082.00
	4016.95	0.00	6.58	1081.00
	4016.96	0.00	6.58	1072.00
	4016.97	0.00	6.68	1066.00
	4016.98	0.00	6.68	1065.00
	4016.99	0.00	6.69	1066.00
	4017.00	0.00	6.71	1067.00
	4017.02	0.00	6.72	1070.00
	4017.03	0.00	6.73	1073.00
	4017.04	0.00	6.69	1065.00
	4017.05	0.00	6.61	1051.00
	4017.06	0.00	6.61	1051.00
	4017.07	0.00	6.61	1052.00
	4017.09	0.00	6.60	1051.00
	4017.10	0.00	6.60	1051.00
	4017.11	0.00	6.60	1049.00
	4017.12	0.00	6.60	1049.00
	4017.13	0.00	6.56	1041.00
	4017.14	0.00	6.61	1047.00
	4017.16	0.00	6.62	1046.00
	4017.17	0.00	6.67	1052.00
	4017.18	0.00	6.67	1050.00
	4017.19	0.00	6.68	1050.00
	4017.20	0.00	6.67	1050.00
	4017.21	0.00	6.63	1069.00
	4017.22	0.00	6.64	1068.00
	4017.24	0.00	6.62	1066.00
	4017.25	0.00	6.63	1067.00
	4017.26	0.00	6.61	1064.00
	4017.27	0.00	6.58	1061.00
	4017.28	0.00	6.56	1053.00
	4017.29	0.00	6.69	1071.00
	4017.31	0.00	6.69	1072.00
	4017.32	0.00	6.67	1069.00
	4017.33	0.00	6.73	1070.00
	4017.34	0.00	6.77	1072.00
	4017.35	0.00	6.78	1070.00
	4017.36	0.00	6.77	1068.00
	4017.38	0.00	6.73	1085.00
	4017.39	0.00	6.74	1084.00
	4017.4	6.76	1088.00
	4017.50	0.00	6.75	1088.00
	4017.52	0.00	6.75	1087.00
	4017.53	0.00	6.72	1078.00
	4017.54	0.00	6.75	1090.00
	4017.55	0.00	6.76	1089.00
	4017.56	0.00	6.76	1088.00
	4017.57	0.00	6.72	1086.00
	4017.59	0.00	6.70	1086.00
	4017.60	0.00	6.71	1085.00
	4017.61	0.00	6.71	1081.00
	4017.62	0.00	6.74	1074.00
	4017.63	0.00	6.72	1077.00
	4017.64	0.00	6.72	1078.00
	4017.65	0.00	6.72	1077.00
	4017.67	0.00	6.73	1076.00
	4017.68	0.00	6.73	1075.00
	4017.69	0.00	6.73	1075.00
	4017.70	0.00	6.73	1075.00
	4017.71	0.00	6.74	1075.00
	4017.73	0.00	6.75	1073.00
	4017.74	0.00	6.73	1075.00
	4017.75	0.00	6.73	1074.00
	4017.76	0.00	6.69	1074.00
	4017.77	0.00	6.74	1076.00
	4017.78	0.00	6.75	1077.00
	4017.80	0.00	6.75	1076.00
	4017.81	0.00	6.76	1076.00
	4017.82	0.00	6.76	1073.00
	4017.83	0.00	6.71	1071.00
	4017.84	0.00	6.71	1068.00
	4017.85	0.00	6.72	1065.00
	4017.87	0.00	6.72	1065.00
	4017.88	0.00	6.75	1067.00
	4017.89	0.00	6.71	1071.00
	4017.90	0.00	6.71	1071.00
	4017.91	0.00	6.70	1068.00
	4017.93	0.00	6.68	1066.00
	4017.94	0.00	6.64	1064.00
	4017.95	0.00	6.63	1063.00
	4017.96	0.00	6.63	1061.00
	4017.97	0.00	6.63	1059.00
	4017.98	0.00	6.63	1055.00
	4018.00	0.00	6.62	1054.00
	4018.01	0.00	6.70	1043.00
	4018.02	0.00	6.73	1041.00
	4018.03	0.00	6.74	1043.00
	4018.04	0.00	6.76	1044.00
	4018.05	0.00	6.76	1044.00
	4018.06	0.00	6.77	1045.00
	4018.08	0.00	6.78	1045.00
	4018.09	0.00	6.76	1038.00
	4018.10	0.00	6.66	1022.00
	4018.11	0.00	6.66	1020.00
	4018.12	0.00	6.67	1020.00
	4018.14	0.00	6.66	1018.00
	4018.15	0.00	6.66	1018.00
	4018.16	0.00	6.67	1015.00
	4018.17	0.00	6.66	1018.00
	4018.18	0.00	6.66	1019.00
	4018.19	0.00	6.67	1020.00
	4018.20	0.00	6.65	1017.00
	4018.22	0.00	6.67	1021.00
	4018.23	0.00	6.66	1020.00
	4018.24	0.00	6.73	1025.00
	4018.25	0.00	6.74	1026.00
	4018.26	0.00	6.73	1024.00
	4018.27	0.00	6.73	1024.00
	4018.29	0.00	6.73	1025.00
	4018.30	0.00	6.68	1044.00
	4018.31	0.00	6.68	1042.00
	4018.32	0.00	6.67	1044.00
	4018.33	0.00	6.65	1043.00
	4018.34	0.00	6.64	1042.00
	4018.36	0.00	6.60	1034.00
	4018.37	0.00	6.74	1051.00
	4018.38	0.00	6.74	1050.00
	4018.39	0.00	6.74	1050.00
	4018.40	0.00	6.76	1048.00
	4018.41	0.00	6.81	1051.00
	4018.43	0.00	6.82	1050.00
	4018.44	0.00	6.83	1047.00
	4018.45	0.00	6.78	1065.00
	4018.46	0.00	6.78	1066.00
	4018.47	0.00	6.77	1067.00
	4018.48	0.00	6.78	1069.00
	4018.50	0.00	6.76	1070.00
	4018.51	0.00	6.76	1075.00
	4018.52	0.00	6.76	1080.00
	4018.53	0.00	6.74	1083.00
	4018.54	0.00	6.72	1084.00
	4018.55	0.00	6.69	1082.00
	4018.57	0.00	6.65	1081.00
	4018.58	0.00	6.79	1103.00
	4018.59	0.00	6.77	1115.00
	4018.60	0.00	6.76	1119.00
	4018.61	0.00	6.76	1123.00
	4018.62	0.00	6.76	1127.00
	4018.64	0.00	6.75	1131.00
	4018.65	0.00	6.74	1133.00
	4018.66	0.00	6.74	1136.00
	4018.67	0.00	6.74	1139.00
	4018.68	0.00	6.75	1139.00
	4018.69	0.00	6.73	1143.00
	4018.71	0.00	6.72	1145.00
	4018.72	0.00	6.71	1147.00
	4018.73	0.00	6.73	1147.00
	4018.74	0.00	6.69	1143.00
	4018.75	0.00	6.71	1153.00
	4018.76	0.00	6.72	1154.00
	4018.78	0.00	6.72	1154.00
	4018.79	0.00	6.71	1156.00
	4018.80	0.00	6.68	1153.00
	4018.81	0.00	6.67	1154.00
	4018.82	0.00	6.67	1152.00
	4018.84	0.00	6.67	1150.00
	4018.85	0.00	6.67	1148.00
	4018.86	0.00	6.68	1143.00
	4018.87	0.00	6.70	1133.00
	4018.88	0.00	6.71	1129.00
	4018.89	0.00	6.70	1122.00
	4018.91	0.00	6.73	1112.00
	4018.92	0.00	6.77	1101.00
	4018.93	0.00	6.79	1089.00
	4018.94	0.00	6.82	1073.00
	4018.95	0.00	6.86	1053.00
	4018.96	0.00	6.86	1021.00
	4018.97	0.00	6.89	996.00
	4018.99	0.00	6.93	962.00
	4019.00	0.00	6.94	920.00
	4019.01	0.00	6.98	882.00
	4019.02	0.00	7.11	857.00
	4019.03	0.00	7.10	830.00
	4019.04	0.00	6.49	737.00
	4019.06	0.00	6.48	731.00
	4019.07	0.00	6.48	727.00
	4019.08	0.00	6.46	723.00
	4019.09	0.00	6.45	720.00
	4019.10	0.00	6.44	718.00
	4019.11	0.00	6.42	716.00
	4019.13	0.00	6.44	716.00
	4019.14	0.00	6.43	713.00
	4019.15	0.00	6.46	715.00
	4019.16	0.00	6.47	714.00
	4019.17	0.00	6.51	713.00
	4019.18	0.00	6.51	710.00
	4019.19	0.00	6.52	711.00
	4019.21	0.00	6.47	725.00
	4019.22	0.00	6.48	724.00
	4019.23	0.00	6.48	725.00
	4019.24	0.00	6.47	724.00
	4019.25	0.00	6.47	723.00
	4019.26	0.00	6.47	724.00
	4019.28	0.00	6.48	723.00
	4019.29	0.00	6.48	721.00
	4019.30	0.00	6.49	717.00
	4019.31	0.00	6.54	720.00
	4019.32	0.00	6.55	717.00
	4019.33	0.00	6.53	726.00
	4019.35	0.00	6.52	731.00
	4019.36	0.00	6.53	731.00
	4019.37	0.00	6.51	731.00
	4019.38	0.00	6.52	731.00
	4019.39	0.00	6.53	725.00
	4019.40	0.00	6.52	731.00
	4019.41	0.00	6.51	731.00
	4019.43	0.00	6.51	731.00
	4019.44	0.00	6.51	731.00
	4019.45	0.00	6.51	730.00
	4019.46	0.00	6.51	730.00
	4019.47	0.00	6.48	729.00
	4019.48	0.00	6.47	727.00
	4019.50	0.00	6.46	727.00
	4019.51	0.00	6.45	727.00
	4019.52	0.00	6.44	726.00
	4019.53	0.00	6.46	727.00
	4019.54	0.00	6.41	724.00
	4019.55	0.00	6.42	723.00
	4019.57	0.00	6.75	646.00
	4019.58	0.00	7.27	708.00
	4019.59	0.00	7.28	714.00
	4019.60	0.00	7.09	775.00
	4019.61	0.00	7.01	823.00
	4019.62	0.00	6.90	885.00
	4019.64	0.00	6.86	945.00
	4019.65	0.00	7.11	1028.00
	4019.66	0.00	7.11	1048.00
	4019.67	0.00	7.09	1052.00
	4019.68	0.00	7.08	1063.00
	4019.69	0.00	7.08	1065.00
	4019.70	0.00	7.11	1069.00
	4019.72	0.00	7.06	1065.00
	4019.73	0.00	7.06	1065.00
	4019.74	0.00	7.08	1066.00
	4019.75	0.00	7.11	1061.00
	4019.76	0.00	7.11	1052.00
	4019.77	0.00	7.23	1031.00
	4019.79	0.00	7.26	1024.00
	4019.80	0.00	7.28	1012.00
	4019.81	0.00	7.31	1002.00
	4019.82	0.00	7.34	996.00
	4019.83	0.00	7.36	988.00
	4019.84	0.00	7.39	988.00
	4019.86	0.00	7.41	987.00
	4019.87	0.00	7.40	984.00
	4019.88	0.00	7.35	975.00
	4019.89	0.00	7.30	965.00
	4019.90	0.00	7.29	965.00
	4019.91	0.00	7.25	960.00
	4019.93	0.00	7.24	959.00
	4019.94	0.00	7.25	958.00
	4019.95	0.00	7.24	958.00
	4019.96	0.00	7.23	955.00
	4019.97	0.00	6.92	902.00
	4019.98	0.00	6.94	904.00
	4020.00	0.00	6.94	907.00
	4020.01	0.00	6.95	907.00
	4020.02	0.00	7.00	914.00
	4020.03	0.00	7.01	919.00
	4020.04	0.00	6.98	926.00
	4020.05	0.00	6.95	944.00
	4020.07	0.00	6.94	950.00
	4020.08	0.00	6.94	960.00
	4020.09	0.00	6.91	966.00
	4020.10	0.00	6.88	975.00
	4020.11	0.00	6.85	986.00
	4020.12	0.00	6.83	996.00
	4020.13	0.00	6.84	1004.00
	4020.15	0.00	6.82	1014.00
	4020.16	0.00	6.82	1017.00
	4020.17	0.00	6.84	1020.00
	4020.18	0.00	6.87	1022.00
	4020.19	0.00	6.95	1028.00
	4020.20	0.00	6.96	1029.00
	4020.22	0.00	6.98	1028.00
	4020.23	0.00	7.02	1029.00
	4020.24	0.00	7.03	1026.00
	4020.25	0.00	7.02	1049.00
	4020.26	0.00	7.05	1051.00
	4020.27	0.00	7.08	1051.00
	4020.29	0.00	7.10	1051.00
	4020.30	0.00	7.13	1051.00
	4020.31	0.00	7.13	1048.00
	4020.32	0.00	7.12	1044.00
	4020.33	0.00	7.16	1044.00
	4020.34	0.00	7.16	1041.00
	4020.36	0.00	7.81	1085.00
	4020.37	0.00	7.84	1074.00
	4020.38	0.00	7.88	1052.00
	4020.39	0.00	7.92	1040.00
	4020.40	0.00	7.33	968.00
	4020.41	0.00	7.39	946.00
	4020.43	0.00	7.42	923.00
	4020.44	0.00	7.43	898.00
	4020.45	0.00	7.42	882.00
	4020.46	0.00	7.43	863.00
	4020.47	0.00	7.38	841.00
	4020.48	0.00	7.38	807.00
	4020.50	0.00	7.34	778.00
	4020.51	0.00	7.26	759.00
	4020.52	0.00	7.15	748.00
	4020.53	0.00	7.07	742.00
	4020.54	0.00	7.00	739.00
	4020.55	0.00	6.43	690.00
	4020.57	0.00	6.44	693.00
	4020.58	0.00	6.37	690.00
	4020.59	0.00	6.37	694.00
	4020.60	0.00	6.40	684.00
	4020.61	0.00	6.41	680.00
	4020.62	0.00	6.43	679.00
	4020.63	0.00	6.44	678.00
	4020.65	0.00	6.44	678.00
	4020.66	0.00	6.44	675.00
	4020.67	0.00	6.45	674.00
	4020.68	0.00	6.46	675.00
	4020.69	0.00	6.46	674.00
	4020.70	0.00	6.45	671.00
	4020.72	0.00	6.46	674.00
	4020.73	0.00	6.47	675.00
	4020.74	0.00	6.54	679.00
	4020.75	0.00	6.55	679.00
	4020.76	0.00	6.54	681.00
	4020.77	0.00	6.52	690.00
	4020.79	0.00	6.53	686.00
	4020.80	0.00	6.53	686.00
	4020.81	0.00	6.53	685.00
	4020.82	0.00	6.56	682.00
	4020.83	0.00	6.57	681.00
	4020.84	0.00	6.58	678.00
	4020.85	0.00	6.65	681.00
	4020.87	0.00	6.65	680.00
	4020.88	0.00	6.65	677.00
	4020.89	0.00	6.63	686.00
	4020.90	0.00	6.63	686.00
	4020.91	0.00	6.62	684.00
	4020.92	0.00	6.62	684.00
	4020.93	0.00	6.63	679.00
	4020.95	0.00	6.64	682.00
	4020.96	0.00	6.64	682.00
	4020.97	0.00	6.62	679.00
	4020.98	0.00	6.64	680.00
	4020.99	0.00	6.64	686.00
	4021.00	0.00	6.59	690.00
	4021.02	0.00	6.61	688.00
	4021.03	0.00	6.57	687.00
	4021.04	0.00	6.51	687.00
	4021.05	0.00	6.52	688.00
	4021.06	0.00	6.49	697.00
	4021.07	0.00	6.45	709.00
	4021.09	0.00	6.41	725.00
	4021.10	0.00	6.41	740.00
	4021.11	0.00	6.40	751.00
	4021.12	0.00	6.37	765.00
	4021.13	0.00	6.35	772.00
	4021.14	0.00	6.28	775.00
	4021.15	0.00	6.28	784.00
	4021.17	0.00	6.28	788.00
	4021.18	0.00	6.30	790.00
	4021.19	0.00	6.34	779.00
	4021.20	0.00	6.32	788.00
	4021.21	0.00	6.79	849.00
	4021.22	0.00	6.77	864.00
	4021.24	0.00	6.73	886.00
	4021.25	0.00	6.69	904.00
	4021.26	0.00	6.67	917.00
	4021.27	0.00	6.65	931.00
	4021.28	0.00	6.17	893.00
	4021.29	0.00	6.16	905.00
	4021.31	0.00	6.57	964.00
	4021.32	0.00	6.57	973.00
	4021.33	0.00	6.56	976.00
	4021.34	0.00	6.62	983.00
	4021.35	0.00	6.63	986.00
	4021.36	0.00	6.62	985.00
	4021.38	0.00	6.62	988.00
	4021.39	0.00	6.59	1007.00
	4021.40	0.00	6.59	1011.00
	4021.41	0.00	6.58	1020.00
	4021.42	0.00	6.57	1026.00
	4021.43	0.00	6.56	1036.00
	4021.44	0.00	6.56	1047.00
	4021.46	0.00	6.55	1056.00
	4021.47	0.00	6.56	1072.00
	4021.48	0.00	6.57	1079.00
	4021.49	0.00	6.88	1135.00
	4021.50	0.00	6.89	1136.00
	4021.52	0.00	6.88	1131.00
	4021.53	0.00	6.91	1128.00
	4021.54	0.00	7.00	1130.00
	4021.55	0.00	7.02	1125.00
	4021.56	0.00	6.75	1070.00
	4021.57	0.00	6.77	1064.00
	4021.58	0.00	6.75	1057.00
	4021.60	0.00	6.73	1067.00
	4021.61	0.00	6.72	1071.00
	4021.62	0.00	6.72	1069.00
	4021.63	0.00	6.72	1073.00
	4021.64	0.00	6.70	1072.00
	4021.66	0.00	6.65	1069.00
	4021.67	0.00	6.63	1073.00
	4021.68	0.00	6.61	1074.00
	4021.69	0.00	6.60	1076.00
	4021.70	0.00	6.88	1132.00
	4021.71	0.00	6.86	1130.00
	4021.73	0.00	6.85	1132.00
	4021.74	0.00	6.84	1131.00
	4021.75	0.00	6.83	1133.00
	4021.76	0.00	6.85	1138.00
	4021.77	0.00	6.84	1138.00
	4021.78	0.00	6.85	1143.00
	4021.79	0.00	6.83	1147.00
	4021.81	0.00	6.83	1150.00
	4021.82	0.00	6.80	1149.00
	4021.83	0.00	6.81	1159.00
	4021.84	0.00	6.81	1161.00
	4021.85	0.00	6.80	1164.00
	4021.87	0.00	6.81	1169.00
	4021.88	0.00	6.78	1169.00
	4021.89	0.00	6.74	1169.00
	4021.90	0.00	6.73	1174.00
	4021.91	0.00	6.72	1175.00
	4021.92	0.00	6.71	1176.00
	4021.94	0.00	6.34	1128.00
	4021.95	0.00	6.34	1130.00
	4021.96	0.00	6.35	1133.00
	4021.97	0.00	6.35	1136.00
	4021.98	0.00	6.34	1139.00
	4021.99	0.00	6.34	1140.00
	4022.01	0.00	6.35	1141.00
	4022.02	0.00	6.34	1145.00
	4022.03	0.00	6.35	1145.00
	4022.04	0.00	6.34	1144.00
	4022.05	0.00	6.35	1145.00
	4022.06	0.00	6.37	1145.00
	4022.08	0.00	6.35	1141.00
	4022.09	0.00	6.33	1148.00
	4022.10	0.00	6.32	1148.00
	4022.11	0.00	6.32	1146.00
	4022.12	0.00	6.33	1144.00
	4022.13	0.00	6.33	1146.00
	4022.15	0.00	6.33	1145.00
	4022.16	0.00	6.31	1142.00
	4022.17	0.00	6.25	1135.00
	4022.18	0.00	6.26	1135.00
	4022.19	0.00	6.23	1127.00
	4022.20	0.00	6.28	1119.00
	4022.22	0.00	6.34	1106.00
	4022.23	0.00	6.34	1104.00
	4022.24	0.00	6.35	1103.00
	4022.25	0.00	6.36	1102.00
	4022.26	0.00	6.37	1102.00
	4022.27	0.00	6.38	1102.00
	4022.29	0.00	6.39	1105.00
	4022.30	0.00	6.41	1107.00
	4022.31	0.00	6.33	1091.00
	4022.32	0.00	6.00	1038.00
	4022.33	0.00	6.00	1033.00
	4022.34	0.00	6.01	1031.00
	4022.36	0.00	6.01	1030.00
	4022.37	0.00	6.01	1026.00
	4022.38	0.00	6.02	1021.00
	4022.39	0.00	6.02	1017.00
	4022.40	0.00	6.02	1017.00
	4022.41	0.00	6.03	1014.00
	4022.43	0.00	6.04	1011.00
	4022.44	0.00	6.03	1010.00
	4022.45	0.00	6.04	1007.00
	4022.46	0.00	6.11	1007.00
	4022.47	0.00	6.12	1002.00
	4022.48	0.00	6.13	997.00
	4022.50	0.00	6.09	1015.00
	4022.51	0.00	6.09	1013.00
	4022.52	0.00	6.09	1013.00
	4022.53	0.00	6.11	1012.00
	4022.54	0.00	6.11	1011.00
	4022.55	0.00	6.10	1008.00
	4022.57	0.00	6.11	1004.00
	4022.58	0.00	6.10	1005.00
	4022.59	0.00	6.11	1002.00
	4022.60	0.00	6.47	1050.00
	4022.61	0.00	6.47	1048.00
	4022.62	0.00	6.47	1046.00
	4022.64	0.00	6.46	1046.00
	4022.65	0.00	6.48	1042.00
	4022.66	0.00	6.55	1046.00
	4022.67	0.00	6.54	1042.00
	4022.68	0.00	6.56	1040.00
	4022.69	0.00	6.55	1039.00
	4022.71	0.00	6.57	1037.00
	4022.72	0.00	6.56	1037.00
	4022.73	0.00	6.53	1054.00
	4022.74	0.00	6.52	1054.00
	4022.75	0.00	6.52	1052.00
	4022.76	0.00	6.51	1052.00
	4022.78	0.00	6.50	1048.00
	4022.79	0.00	6.18	996.00
	4022.80	0.00	6.19	994.00
	4022.81	0.00	6.54	1054.00
	4022.82	0.00	6.54	1055.00
	4022.84	0.00	6.54	1052.00
	4022.85	0.00	6.55	1053.00
	4022.86	0.00	6.54	1050.00
	4022.87	0.00	6.53	1045.00
	4022.88	0.00	6.55	1051.00
	4022.89	0.00	6.55	1050.00
	4022.90	0.00	6.56	1050.00
	4022.92	0.00	6.55	1047.00
	4022.93	0.00	6.55	1047.00
	4022.94	0.00	6.52	1043.00
	4022.95	0.00	6.52	1039.00
	4022.96	0.00	6.53	1036.00
	4022.97	0.00	6.54	1028.00
	4022.99	0.00	6.55	1025.00
	4023.00	0.00	6.55	1017.00
	4023.01	0.00	6.55	1019.00
	4023.02	0.00	6.58	1017.00
	4023.03	0.00	6.59	1015.00
	4023.04	0.00	6.59	1012.00
	4023.06	0.00	6.57	1006.00
	4023.07	0.00	6.55	1011.00
	4023.08	0.00	6.55	1008.00
	4023.09	0.00	6.55	1008.00
	4023.10	0.00	6.54	1005.00
	4023.11	0.00	6.48	1000.00
	4023.13	0.00	6.48	1000.00
	4023.14	0.00	6.51	992.00
	4023.15	0.00	6.57	980.00
	4023.16	0.00	6.59	982.00
	4023.17	0.00	6.61	984.00
	4023.18	0.00	6.60	983.00
	4023.20	0.00	6.17	919.00
	4023.21	0.00	6.18	918.00
	4023.22	0.00	6.17	919.00
	4023.23	0.00	6.16	918.00
	4023.24	0.00	6.18	920.00
	4023.25	0.00	6.16	918.00
	4023.27	0.00	6.19	919.00
	4023.28	0.00	6.24	924.00
	4023.29	0.00	6.24	923.00
	4023.30	0.00	6.25	923.00
	4023.31	0.00	6.20	947.00
	4023.32	0.00	6.19	949.00
	4023.33	0.00	6.18	949.00
	4023.35	0.00	6.18	952.00
	4023.36	0.00	6.55	1004.00
	4023.37	0.00	6.56	1007.00
	4023.38	0.00	6.54	1008.00
	4023.39	0.00	6.54	1013.00
	4023.40	0.00	6.60	1019.00
	4023.42	0.00	6.61	1020.00
	4023.43	0.00	6.57	1030.00
	4023.44	0.00	6.54	1041.00
	4023.45	0.00	6.54	1044.00
	4023.46	0.00	6.51	1049.00
	4023.47	0.00	6.51	1053.00
	4023.49	0.00	6.50	1058.00
	4023.50	0.00	6.16	1007.00
	4023.51	0.00	6.54	1068.00
	4023.52	0.00	6.45	1079.00
	4023.53	0.00	6.50	1084.00
	4023.54	0.00	6.48	1088.00
	4023.56	0.00	6.47	1095.00
	4023.57	0.00	6.47	1101.00
	4023.58	0.00	6.44	1107.00
	4023.59	0.00	6.43	1121.00
	4023.60	0.00	6.41	1127.00
	4023.61	0.00	6.41	1135.00
	4023.63	0.00	6.35	1141.00
	4023.64	0.00	6.34	1148.00
	4023.65	0.00	6.30	1149.00
	4023.66	0.00	6.32	1159.00
	4023.67	0.00	6.31	1167.00
	4023.68	0.00	6.31	1171.00
	4023.70	0.00	6.30	1181.00
	4023.71	0.00	6.30	1190.00
	4023.72	0.00	6.30	1199.00
	4023.73	0.00	6.29	1206.00
	4023.74	0.00	6.26	1207.00
	4023.75	0.00	6.25	1221.00
	4023.77	0.00	6.23	1224.00
	4023.78	0.00	6.22	1232.00
	4023.79	0.00	6.21	1236.00
	4023.80	0.00	6.20	1243.00
	4023.81	0.00	6.12	1244.00
	4023.82	0.00	6.12	1245.00
	4023.84	0.00	6.12	1246.00
	4023.85	0.00	6.15	1242.00
	4023.86	0.00	6.17	1235.00
	4023.87	0.00	6.18	1237.00
	4023.88	0.00	6.17	1240.00
	4023.89	0.00	6.17	1242.00
	4023.91	0.00	6.19	1244.00
	4023.92	0.00	6.20	1247.00
	4023.93	0.00	6.21	1250.00
	4023.94	0.00	6.22	1254.00
	4023.95	0.00	6.23	1256.00
	4023.96	0.00	6.19	1247.00
	4023.98	0.00	6.20	1249.00
	4023.99	0.00	6.12	1233.00
	4024.00	0.00	6.13	1229.00
	4024.01	0.00	6.14	1225.00
	4024.02	0.00	6.14	1221.00
	4024.03	0.00	6.14	1216.00
	4024.05	0.00	6.15	1211.00
	4024.06	0.00	6.16	1210.00
	4024.07	0.00	6.17	1204.00
	4024.08	0.00	6.18	1198.00
	4024.09	0.00	6.18	1192.00
	4024.10	0.00	6.18	1189.00
	4024.12	0.00	6.20	1188.00
	4024.13	0.00	6.19	1182.00
	4024.14	0.00	6.20	1177.00
	4024.15	0.00	6.20	1175.00
	4024.16	0.00	6.20	1172.00
	4024.17	0.00	6.22	1169.00
	4024.19	0.00	6.25	1170.00
	4024.20	0.00	6.27	1166.00
	4024.21	0.00	6.28	1160.00
	4024.22	0.00	6.27	1165.00
	4024.23	0.00	6.25	1176.00
	4024.25	0.00	6.26	1172.00
	4024.26	0.00	6.27	1169.00
	4024.27	0.00	6.26	1173.00
	4024.28	0.00	6.26	1171.00
	4024.29	0.00	6.26	1170.00
	4024.30	0.00	5.95	1120.00
	4024.31	0.00	5.95	1119.00
	4024.33	0.00	5.96	1117.00
	4024.34	0.00	6.31	1172.00
	4024.35	0.00	6.30	1173.00
	4024.36	0.00	6.31	1173.00
	4024.37	0.00	6.30	1173.00
	4024.39	0.00	6.31	1174.00
	4024.40	0.00	6.33	1171.00
	4024.41	0.00	6.38	1178.00
	4024.42	0.00	6.38	1179.00
	4024.43	0.00	6.38	1180.00
	4024.44	0.00	6.39	1181.00
	4024.46	0.00	6.39	1178.00
	4024.47	0.00	6.34	1198.00
	4024.48	0.00	6.34	1200.00
	4024.49	0.00	6.33	1201.00
	4024.50	0.00	6.31	1203.00
	4024.51	0.00	6.31	1202.00
	4024.53	0.00	6.30	1205.00
	4024.54	0.00	6.27	1201.00
	4024.55	0.00	6.28	1202.00
	4024.56	0.00	5.98	1152.00
	4024.57	0.00	6.36	1210.00
	4024.58	0.00	6.34	1217.00
	4024.60	0.00	6.33	1218.00
	4024.61	0.00	6.34	1218.00
	4024.62	0.00	6.33	1215.00
	4024.63	0.00	6.33	1215.00
	4024.64	0.00	6.34	1217.00
	4024.65	0.00	6.35	1216.00
	4024.67	0.00	6.35	1212.00
	4024.68	0.00	6.29	1207.00
	4024.69	0.00	6.34	1215.00
	4024.70	0.00	6.34	1215.00
	4024.71	0.00	6.35	1212.00
	4024.72	0.00	6.34	1212.00
	4024.74	0.00	6.32	1211.00
	4024.75	0.00	6.30	1208.00
	4024.76	0.00	6.29	1210.00
	4024.77	0.00	6.30	1210.00
	4024.78	0.00	6.30	1206.00
	4024.79	0.00	6.30	1207.00
	4024.81	0.00	6.29	1207.00
	4024.82	0.00	6.30	1208.00
	4024.83	0.00	6.31	1210.00
	4024.84	0.00	6.32	1212.00
	4024.85	0.00	6.31	1212.00
	4024.86	0.00	6.31	1213.00
	4024.88	0.00	6.33	1216.00
	4024.89	0.00	6.28	1218.00
	4024.90	0.00	6.28	1220.00
	4024.91	0.00	6.27	1221.00
	4024.92	0.00	6.28	1223.00
	4024.94	0.00	6.28	1226.00
	4024.95	0.00	6.26	1225.00
	4024.96	0.00	6.23	1223.00
	4024.97	0.00	6.20	1225.00
	4024.98	0.00	6.19	1224.00
	4024.99	0.00	6.19	1224.00
	4025.01	0.00	6.17	1226.00
	4025.02	0.00	6.19	1225.00
	4025.03	0.00	6.19	1217.00
	4025.04	0.00	6.25	1210.00
	4025.05	0.00	6.24	1211.00
	4025.06	0.00	6.25	1213.00
	4025.08	0.00	6.25	1213.00
	4025.09	0.00	6.26	1215.00
	4025.10	0.00	6.26	1216.00
	4025.11	0.00	6.25	1216.00
	4025.12	0.00	6.27	1217.00
	4025.13	0.00	6.26	1218.00
	4025.15	0.00	6.28	1222.00
	4025.16	0.00	6.28	1223.00
	4025.17	0.00	6.29	1226.00
	4025.18	0.00	6.29	1226.00
	4025.19	0.00	6.29	1228.00
	4025.20	0.00	6.28	1225.00
	4025.22	0.00	6.28	1225.00
	4025.23	0.00	6.17	1209.00
	4025.24	0.00	6.18	1208.00
	4025.25	0.00	6.17	1208.00
	4025.26	0.00	6.17	1209.00
	4025.27	0.00	6.17	1210.00
	4025.29	0.00	6.18	1210.00
	4025.30	0.00	6.16	1210.00
	4025.31	0.00	6.17	1211.00
	4025.32	0.00	6.17	1210.00
	4025.33	0.00	6.17	1212.00
	4025.35	0.00	6.17	1210.00
	4025.36	0.00	6.17	1211.00
	4025.37	0.00	6.17	1212.00
	4025.38	0.00	6.17	1214.00
	4025.39	0.00	6.17	1213.00
	4025.40	0.00	6.17	1215.00
	4025.41	0.00	6.15	1215.00
	4025.43	0.00	6.16	1216.00
	4025.44	0.00	6.16	1214.00
	4025.45	0.00	6.16	1214.00
	4025.46	0.00	6.16	1214.00
	4025.47	0.00	6.22	1219.00
	4025.49	0.00	6.22	1218.00
	4025.50	0.00	6.18	1213.00
	4025.51	0.00	6.16	1215.00
	4025.52	0.00	6.18	1214.00
	4025.53	0.00	6.22	1219.00
	4025.54	0.00	6.21	1218.00
	4025.56	0.00	6.21	1216.00
	4025.57	0.00	6.22	1218.00
	4025.58	0.00	6.19	1219.00
	4025.59	0.00	6.22	1219.00
	4025.60	0.00	6.20	1230.00
	4025.61	0.00	6.21	1227.00
	4025.63	0.00	6.18	1241.00
	4025.64	0.00	6.20	1233.00
	4025.65	0.00	6.17	1248.00
	4025.66	0.00	6.17	1250.00
	4025.67	0.00	6.17	1250.00
	4025.68	0.00	6.17	1250.00
	4025.70	0.00	6.17	1252.00
	4025.71	0.00	6.16	1251.00
	4025.72	0.00	6.17	1252.00
	4025.73	0.00	6.17	1251.00
	4025.74	0.00	6.15	1249.00
	4025.75	0.00	6.14	1248.00
	4025.77	0.00	6.15	1248.00
	4025.78	0.00	5.85	1197.00
	4025.79	0.00	5.86	1197.00
	4025.80	0.00	5.86	1197.00
	4025.81	0.00	5.86	1197.00
	4025.83	0.00	5.86	1195.00
	4025.84	0.00	5.86	1194.00
	4025.85	0.00	6.18	1248.00
	4025.86	0.00	6.22	1250.00
	4025.87	0.00	6.20	1248.00
	4025.88	0.00	6.19	1248.00
	4025.89	0.00	6.21	1247.00
	4025.91	0.00	6.17	1239.00
	4025.92	0.00	6.20	1245.00
	4025.93	0.00	6.21	1243.00
	4025.94	0.00	6.23	1241.00
	4025.95	0.00	6.29	1245.00
	4025.97	0.00	6.28	1243.00
	4025.98	0.00	6.29	1240.00
	4025.99	0.00	6.30	1237.00
	4026.00	0.00	6.29	1236.00
	4026.01	0.00	6.31	1238.00
	4026.02	0.00	6.30	1233.00
	4026.04	0.00	6.30	1229.00
	4026.05	0.00	6.28	1250.00
	4026.06	0.00	6.26	1244.00
	4026.07	0.00	6.28	1247.00
	4026.08	0.00	6.28	1245.00
	4026.09	0.00	6.28	1242.00
	4026.11	0.00	6.30	1242.00
	4026.12	0.00	6.26	1238.00
	4026.13	0.00	6.27	1239.00
	4026.14	0.00	6.26	1238.00
	4026.15	0.00	6.24	1233.00
	4026.16	0.00	5.94	1182.00
	4026.18	0.00	5.94	1182.00
	4026.19	0.00	5.90	1182.00
	4026.20	0.00	5.91	1178.00
	4026.21	0.00	6.27	1246.00
	4026.22	0.00	6.28	1246.00
	4026.23	0.00	6.29	1244.00
	4026.25	0.00	6.29	1243.00
	4026.26	0.00	6.30	1242.00
	4026.27	0.00	6.31	1240.00
	4026.28	0.00	6.30	1240.00
	4026.29	0.00	6.30	1241.00
	4026.30	0.00	6.30	1239.00
	4026.32	0.00	6.28	1237.00
	4026.33	0.00	6.29	1245.00
	4026.34	0.00	6.29	1245.00
	4026.35	0.00	6.30	1246.00
	4026.36	0.00	6.29	1248.00
	4026.38	0.00	6.28	1248.00
	4026.39	0.00	6.28	1251.00
	4026.40	0.00	6.25	1255.00
	4026.41	0.00	6.23	1258.00
	4026.42	0.00	6.18	1259.00
	4026.43	0.00	6.21	1269.00
	4026.44	0.00	6.21	1273.00
	4026.46	0.00	6.19	1280.00
	4026.47	0.00	6.18	1286.00
	4026.48	0.00	6.19	1294.00
	4026.49	0.00	6.19	1299.00
	4026.50	0.00	6.18	1306.00
	4026.52	0.00	6.17	1313.00
	4026.53	0.00	6.16	1317.00
	4026.54	0.00	6.16	1320.00
	4026.55	0.00	6.15	1323.00
	4026.56	0.00	6.16	1325.00
	4026.57	0.00	6.16	1326.00
	4026.59	0.00	6.16	1327.00
	4026.60	0.00	6.16	1325.00
	4026.61	0.00	6.17	1327.00
	4026.62	0.00	6.17	1325.00
	4026.63	0.00	6.18	1323.00
	4026.64	0.00	6.17	1320.00
	4026.66	0.00	6.15	1312.00
	4026.67	0.00	6.15	1314.00
	4026.68	0.00	6.17	1309.00
	4026.69	0.00	6.17	1306.00
	4026.70	0.00	6.17	1301.00
	4026.71	0.00	6.18	1293.00
	4026.73	0.00	6.13	1287.00
	4026.74	0.00	6.12	1281.00
	4026.75	0.00	6.13	1281.00
	4026.76	0.00	6.12	1278.00
	4026.77	0.00	6.49	1325.00
	4026.78	0.00	6.49	1325.00
	4026.80	0.00	6.48	1317.00
	4026.81	0.00	6.50	1313.00
	4026.82	0.00	6.53	1309.00
	4026.83	0.00	6.51	1310.00
	4026.84	0.00	6.50	1309.00
	4026.85	0.00	6.52	1304.00
	4026.87	0.00	6.56	1292.00
	4026.88	0.00	6.59	1286.00
	4026.89	0.00	6.59	1283.00
	4026.90	0.00	6.60	1284.00
	4026.91	0.00	6.61	1281.00
	4026.93	0.00	6.62	1281.00
	4026.94	0.00	6.59	1280.00
	4026.95	0.00	6.63	1286.00
	4026.96	0.00	6.64	1287.00
	4026.97	0.00	6.65	1289.00
	4026.98	0.00	6.67	1289.00
	4027.00	0.00	6.69	1289.00
	4027.01	0.00	6.71	1289.00
	4027.02	0.00	6.71	1285.00
	4027.03	0.00	6.68	1271.00
	4027.04	0.00	6.72	1276.00
	4027.05	0.00	6.71	1262.00
	4027.07	0.00	6.64	1239.00
	4027.08	0.00	6.65	1229.00
	4027.09	0.00	6.68	1223.00
	4027.10	0.00	6.66	1217.00
	4027.11	0.00	6.37	1160.00
	4027.12	0.00	6.77	1204.00
	4027.14	0.00	6.45	1147.00
	4027.15	0.00	6.49	1139.00
	4027.16	0.00	6.50	1135.00
	4027.17	0.00	6.51	1126.00
	4027.18	0.00	6.54	1118.00
	4027.19	0.00	6.57	1116.00
	4027.21	0.00	6.58	1111.00
	4027.22	0.00	6.58	1104.00
	4027.23	0.00	6.60	1101.00
	4027.24	0.00	6.61	1096.00
	4027.25	0.00	6.63	1096.00
	4027.26	0.00	6.67	1098.00
	4027.28	0.00	6.69	1097.00
	4027.29	0.00	6.71	1099.00
	4027.30	0.00	6.73	1099.00
	4027.31	0.00	6.72	1102.00
	4027.32	0.00	6.74	1120.00
	4027.33	0.00	6.75	1119.00
	4027.34	0.00	6.76	1121.00
	4027.36	0.00	6.75	1119.00
	4027.37	0.00	6.77	1118.00
	4027.38	0.00	6.77	1116.00
	4027.39	0.00	6.76	1113.00
	4027.40	0.00	6.73	1103.00
	4027.41	0.00	6.73	1101.00
	4027.43	0.00	6.73	1097.00
	4027.44	0.00	6.85	1111.00
	4027.45	0.00	6.81	1107.00
	4027.46	0.00	6.79	1107.00
	4027.47	0.00	6.88	1106.00
	4027.48	0.00	6.95	1114.00
	4027.50	0.00	6.96	1115.00
	4027.51	0.00	6.92	1115.00
	4027.52	0.00	6.95	1114.00
	4027.53	0.00	6.94	1116.00
	4027.54	0.00	6.93	1117.00
	4027.55	0.00	6.91	1141.00
	4027.57	0.00	6.90	1141.00
	4027.58	0.00	6.88	1143.00
	4027.59	0.00	6.86	1143.00
	4027.60	0.00	6.82	1139.00
	4027.61	0.00	6.79	1132.00
	4027.62	0.00	6.79	1136.00
	4027.64	0.00	6.74	1125.00
	4027.65	0.00	6.80	1130.00
	4027.66	0.00	6.82	1152.00
	4027.67	0.00	6.82	1155.00
	4027.68	0.00	6.81	1161.00
	4027.69	0.00	6.78	1169.00
	4027.71	0.00	6.77	1178.00
	4027.72	0.00	6.78	1184.00
	4027.73	0.00	6.79	1188.00
	4027.74	0.00	6.77	1188.00
	4027.75	0.00	6.75	1188.00
	4027.76	0.00	6.72	1186.00
	4027.78	0.00	7.02	1227.00
	4027.79	0.00	7.02	1236.00
	4027.80	0.00	6.97	1239.00
	4027.81	0.00	6.88	1232.00
	4027.82	0.00	6.91	1253.00
	4027.83	0.00	6.92	1259.00
	4027.85	0.00	6.90	1262.00
	4027.86	0.00	6.88	1264.00
	4027.87	0.00	6.84	1261.00
	4027.88	0.00	6.88	1271.00
	4027.89	0.00	6.86	1272.00
	4027.90	0.00	6.85	1279.00
	4027.92	0.00	6.81	1281.00
	4027.93	0.00	6.47	1237.00
	4027.94	0.00	6.49	1240.00
	4027.95	0.00	6.49	1239.00
	4027.96	0.00	6.50	1239.00
	4027.97	0.00	6.52	1236.00
	4027.98	0.00	6.52	1236.00
	4028.00	0.00	6.52	1236.00
	4028.01	0.00	6.52	1237.00
	4028.02	0.00	6.52	1236.00
	4028.03	0.00	6.54	1236.00
	4028.04	0.00	7.09	1280.00
	4028.06	0.00	7.11	1273.00
	4028.07	0.00	7.15	1264.00
	4028.08	0.00	7.17	1255.00
	4028.09	0.00	7.20	1251.00
	4028.10	0.00	7.23	1242.00
	4028.11	0.00	7.22	1243.00
	4028.13	0.00	7.57	1290.00
	4028.14	0.00	7.58	1289.00
	4028.15	0.00	7.60	1288.00
	4028.16	0.00	7.22	1232.00
	4028.17	0.00	7.23	1235.00
	4028.18	0.00	7.23	1236.00
	4028.19	0.00	7.26	1240.00
	4028.21	0.00	7.29	1243.00
	4028.22	0.00	7.31	1241.00
	4028.23	0.00	7.37	1235.00
	4028.24	0.00	7.46	1221.00
	4028.25	0.00	7.49	1217.00
	4028.26	0.00	7.49	1209.00
	4028.28	0.00	7.63	1223.00
	4028.29	0.00	7.67	1223.00
	4028.30	0.00	7.72	1218.00
	4028.31	0.00	7.77	1219.00
	4028.32	0.00	7.82	1211.00
	4028.33	0.00	7.79	1190.00
	4028.35	0.00	7.82	1182.00
	4028.36	0.00	8.20	1223.00
	4028.37	0.00	7.88	1165.00
	4028.38	0.00	7.89	1161.00
	4028.39	0.00	7.89	1158.00
	4028.40	0.00	7.91	1155.00
	4028.42	0.00	7.90	1150.00
	4028.43	0.00	7.90	1149.00
	4028.44	0.00	7.92	1148.00
	4028.45	0.00	7.91	1145.00
	4028.46	0.00	7.86	1138.00
	4028.47	0.00	8.20	1187.00
	4028.49	0.00	8.19	1185.00
	4028.50	0.00	8.32	1194.00
	4028.51	0.00	8.36	1197.00
	4028.52	0.00	8.40	1195.00
	4028.53	0.00	8.39	1198.00
	4028.54	0.00	8.38	1198.00
	4028.56	0.00	8.37	1196.00
	4028.57	0.00	8.32	1214.00
	4028.58	0.00	8.32	1214.00
	4028.59	0.00	8.31	1214.00
	4028.60	0.00	8.31	1214.00
	4028.61	0.00	8.24	1208.00
	4028.62	0.00	8.32	1214.00
	4028.64	0.00	8.31	1210.00
	4028.65	0.00	8.30	1203.00
	4028.66	0.00	8.28	1203.00
	4028.67	0.00	8.34	1209.00
	4028.68	0.00	8.40	1216.00
	4028.69	0.00	8.42	1215.00
	4028.71	0.00	8.44	1213.00
	4028.72	0.00	8.51	1218.00
	4028.73	0.00	8.52	1217.00
	4028.74	0.00	8.52	1215.00
	4028.75	0.00	8.52	1215.00
	4028.76	0.00	8.51	1216.00
	4028.78	0.00	8.46	1235.00
	4028.79	0.00	8.47	1234.00
	4028.80	0.00	8.47	1233.00
	4028.81	0.00	8.41	1230.00
	4028.82	0.00	8.41	1231.00
	4028.83	0.00	8.40	1229.00
	4028.85	0.00	8.42	1234.00
	4028.86	0.00	8.41	1230.00
	4028.87	0.00	8.37	1220.00
	4028.88	0.00	8.43	1238.00
	4028.89	0.00	8.44	1241.00
	4028.90	0.00	8.44	1242.00
	4028.92	0.00	8.43	1243.00
	4028.93	0.00	8.46	1248.00
	4028.94	0.00	8.48	1250.00
	4028.95	0.00	8.45	1248.00
	4028.96	0.00	8.48	1250.00
	4028.97	0.00	8.49	1249.00
	4028.99	0.00	8.44	1242.00
	4029.00	0.00	8.44	1248.00
	4029.01	0.00	8.42	1249.00
	4029.02	0.00	8.42	1251.00
	4029.03	0.00	8.42	1254.00
	4029.04	0.00	8.39	1254.00
	4029.06	0.00	8.39	1258.00
	4029.07	0.00	8.35	1261.00
	4029.08	0.00	8.13	1256.00
	4029.09	0.00	8.11	1262.00
	4029.10	0.00	8.09	1273.00
	4029.11	0.00	8.07	1276.00
	4029.12	0.00	8.08	1279.00
	4029.14	0.00	8.06	1285.00
	4029.15	0.00	8.03	1287.00
	4029.16	0.00	8.01	1291.00
	4029.17	0.00	8.03	1301.00
	4029.18	0.00	8.03	1306.00
	4029.20	0.00	8.03	1310.00
	4029.21	0.00	8.03	1312.00
	4029.22	0.00	8.03	1313.00
	4029.23	0.00	8.00	1317.00
	4029.24	0.00	8.00	1316.00
	4029.25	0.00	7.96	1312.00
	4029.26	0.00	7.98	1315.00
	4029.28	0.00	7.98	1315.00
	4029.29	0.00	7.96	1313.00
	4029.30	0.00	7.89	1305.00
	4029.31	0.00	7.91	1307.00
	4029.32	0.00	7.92	1303.00
	4029.33	0.00	7.91	1301.00
	4029.35	0.00	7.92	1299.00
	4029.36	0.00	7.92	1290.00
	4029.37	0.00	7.99	1279.00
	4029.38	0.00	7.96	1275.00
	4029.39	0.00	7.93	1275.00
	4029.41	0.00	7.93	1273.00
	4029.42	0.00	7.92	1274.00
	4029.43	0.00	7.89	1274.00
	4029.44	0.00	8.02	1291.00
	4029.45	0.00	8.05	1298.00
	4029.46	0.00	8.04	1306.00
	4029.47	0.00	8.06	1309.00
	4029.49	0.00	8.05	1313.00
	4029.50	0.00	7.95	1294.00
	4029.51	0.00	7.97	1295.00
	4029.52	0.00	7.98	1298.00
	4029.53	0.00	7.98	1298.00
	4029.54	0.00	7.95	1296.00
	4029.56	0.00	7.64	1247.00
	4029.57	0.00	7.64	1244.00
	4029.58	0.00	7.65	1243.00
	4029.59	0.00	7.65	1240.00
	4029.60	0.00	7.66	1237.00
	4029.62	0.00	7.65	1236.00
	4029.63	0.00	7.66	1233.00
	4029.64	0.00	7.63	1229.00
	4029.65	0.00	7.84	1248.00
	4029.66	0.00	7.86	1248.00
	4029.67	0.00	7.86	1248.00
	4029.68	0.00	7.82	1268.00
	4029.70	0.00	7.83	1271.00
	4029.71	0.00	7.82	1269.00
	4029.72	0.00	7.82	1270.00
	4029.73	0.00	7.74	1258.00
	4029.74	0.00	7.85	1264.00
	4029.75	0.00	7.83	1256.00
	4029.77	0.00	7.93	1270.00
	4029.78	0.00	7.95	1267.00
	4029.79	0.00	7.96	1263.00
	4029.80	0.00	7.98	1261.00
	4029.81	0.00	8.35	1313.00
	4029.82	0.00	8.39	1308.00
	4029.84	0.00	8.41	1298.00
	4029.85	0.00	8.41	1303.00
	4029.86	0.00	8.39	1301.00
	4029.87	0.00	8.41	1295.00
	4029.88	0.00	8.44	1292.00
	4029.89	0.00	8.41	1285.00
	4029.90	0.00	8.41	1284.00
	4029.92	0.00	8.41	1283.00
	4029.93	0.00	8.38	1277.00
	4029.94	0.00	8.36	1269.00
	4029.95	0.00	8.44	1295.00
	4029.96	0.00	8.43	1295.00
	4029.98	0.00	8.43	1300.00
	4029.99	0.00	8.41	1300.00
	4030.00	0.00	8.37	1301.00
	4030.01	0.00	8.39	1305.00
	4030.02	0.00	8.42	1311.00
	4030.03	0.00	8.41	1312.00
	4030.05	0.00	8.35	1307.00
	4030.06	0.00	8.40	1319.00
	4030.07	0.00	8.39	1321.00
	4030.08	0.00	8.34	1317.00
	4030.09	0.00	8.16	1306.00
	4030.10	0.00	8.16	1308.00
	4030.11	0.00	8.15	1308.00
	4030.13	0.00	8.17	1310.00
	4030.14	0.00	8.15	1310.00
	4030.15	0.00	8.15	1309.00
	4030.16	0.00	8.14	1313.00
	4030.17	0.00	8.11	1315.00
	4030.18	0.00	8.11	1318.00
	4030.20	0.00	8.10	1320.00
	4030.21	0.00	8.08	1322.00
	4030.22	0.00	8.08	1326.00
	4030.23	0.00	8.07	1327.00
	4030.24	0.00	8.06	1331.00
	4030.26	0.00	8.05	1332.00
	4030.27	0.00	8.03	1333.00
	4030.28	0.00	8.03	1336.00
	4030.29	0.00	8.02	1341.00
	4030.30	0.00	8.02	1340.00
	4030.31	0.00	7.98	1342.00
	4030.32	0.00	7.99	1343.00
	4030.34	0.00	7.99	1338.00
	4030.35	0.00	8.01	1333.00
	4030.36	0.00	8.00	1324.00
	4030.37	0.00	7.95	1315.00
	4030.38	0.00	7.96	1309.00
	4030.40	0.00	7.98	1311.00
	4030.41	0.00	7.98	1306.00
	4030.42	0.00	7.98	1305.00
	4030.43	0.00	7.99	1296.00
	4030.44	0.00	8.00	1287.00
	4030.45	0.00	8.08	1269.00
	4030.47	0.00	8.08	1267.00
	4030.48	0.00	8.08	1265.00
	4030.49	0.00	8.09	1261.00
	4030.50	0.00	8.09	1257.00
	4030.51	0.00	8.06	1255.00
	4030.52	0.00	8.23	1275.00
	4030.53	0.00	8.22	1276.00
	4030.55	0.00	8.25	1281.00
	4030.56	0.00	8.24	1279.00
	4030.57	0.00	8.23	1278.00
	4030.58	0.00	8.18	1261.00
	4030.59	0.00	8.18	1261.00
	4030.61	0.00	8.20	1263.00
	4030.62	0.00	7.83	1209.00
	4030.63	0.00	7.84	1208.00
	4030.64	0.00	7.84	1205.00
	4030.65	0.00	7.84	1208.00
	4030.66	0.00	7.82	1205.00
	4030.67	0.00	7.82	1203.00
	4030.69	0.00	7.82	1203.00
	4030.70	0.00	7.76	1196.00
	4030.71	0.00	7.95	1213.00
	4030.72	0.00	7.95	1210.00
	4030.73	0.00	8.27	1254.00
	4030.74	0.00	8.23	1249.00
	4030.76	0.00	8.22	1277.00
	4030.77	0.00	8.22	1275.00
	4030.78	0.00	8.26	1267.00
	4030.79	0.00	8.23	1274.00
	4030.80	0.00	8.23	1273.00
	4030.81	0.00	8.23	1272.00
	4030.83	0.00	8.22	1271.00
	4030.84	0.00	8.21	1272.00
	4030.85	0.00	8.20	1273.00
	4030.86	0.00	8.21	1281.00
	4030.87	0.00	8.09	1274.00
	4030.88	0.00	8.17	1287.00
	4030.90	0.00	8.19	1285.00
	4030.91	0.00	8.18	1279.00
	4030.92	0.00	8.17	1274.00
	4030.93	0.00	8.26	1289.00
	4030.94	0.00	8.24	1291.00
	4030.95	0.00	8.22	1292.00
	4030.97	0.00	8.23	1291.00
	4030.98	0.00	8.22	1292.00
	4030.99	0.00	8.23	1288.00
	4031.00	0.00	8.25	1288.00
	4031.01	0.00	8.30	1296.00
	4031.02	0.00	8.32	1295.00
	4031.04	0.00	8.31	1295.00
	4031.05	0.00	8.31	1291.00
	4031.06	0.00	8.26	1315.00
	4031.07	0.00	8.25	1313.00
	4031.08	0.00	8.25	1315.00
	4031.09	0.00	8.25	1315.00
	4031.11	0.00	8.24	1316.00
	4031.12	0.00	8.21	1317.00
	4031.13	0.00	8.18	1313.00
	4031.14	0.00	8.15	1314.00
	4031.15	0.00	8.11	1319.00
	4031.16	0.00	8.08	1319.00
	4031.18	0.00	8.07	1317.00
	4031.19	0.00	8.03	1312.00
	4031.20	0.00	8.00	1312.00
	4031.21	0.00	8.04	1338.00
	4031.22	0.00	8.00	1346.00
	4031.23	0.00	7.95	1354.00
	4031.25	0.00	7.89	1363.00
	4031.26	0.00	7.83	1374.00
	4031.27	0.00	7.82	1387.00
	4031.28	0.00	7.81	1392.00
	4031.29	0.00	7.81	1389.00
	4031.30	0.00	7.80	1383.00
	4031.31	0.00	7.78	1370.00
	4031.33	0.00	7.76	1364.00
	4031.34	0.00	7.81	1375.00
	4031.35	0.00	7.78	1365.00
	4031.36	0.00	7.79	1361.00
	4031.37	0.00	7.75	1351.00
	4031.39	0.00	7.75	1344.00
	4031.40	0.00	7.59	1320.00
	4031.41	0.00	7.37	1295.00
	4031.42	0.00	7.35	1291.00
	4031.43	0.00	7.33	1277.00
	4031.44	0.00	7.32	1268.00
	4031.46	0.00	7.31	1253.00
	4031.47	0.00	6.75	1187.00
	4031.48	0.00	6.79	1166.00
	4031.49	0.00	6.79	1156.00
	4031.50	0.00	6.80	1144.00
	4031.51	0.00	6.83	1134.00
	4031.53	0.00	6.85	1122.00
	4031.54	0.00	6.87	1110.00
	4031.55	0.00	6.88	1099.00
	4031.56	0.00	6.88	1090.00
	4031.57	0.00	6.90	1078.00
	4031.58	0.00	6.90	1067.00
	4031.60	0.00	6.86	1058.00
	4031.61	0.00	6.85	1047.00
	4031.62	0.00	6.86	1040.00
	4031.63	0.00	6.86	1029.00
	4031.64	0.00	6.95	1001.00
	4031.65	0.00	6.96	996.00
	4031.67	0.00	6.98	994.00
	4031.68	0.00	6.98	987.00
	4031.69	0.00	6.66	930.00
	4031.70	0.00	6.68	928.00
	4031.71	0.00	6.69	923.00
	4031.72	0.00	6.69	916.00
	4031.74	0.00	6.71	916.00
	4031.75	0.00	6.72	911.00
	4031.76	0.00	6.74	906.00
	4031.77	0.00	6.78	901.00
	4031.78	0.00	6.85	900.00
	4031.79	0.00	6.86	894.00
	4031.80	0.00	6.83	912.00
	4031.82	0.00	6.84	908.00
	4031.83	0.00	6.84	903.00
	4031.84	0.00	6.85	899.00
	4031.85	0.00	6.87	892.00
	4031.86	0.00	6.91	882.00
	4031.87	0.00	6.94	877.00
	4031.89	0.00	7.03	871.00
	4031.90	0.00	7.08	867.00
	4031.91	0.00	7.09	860.00
	4031.92	0.00	7.04	867.00
	4031.93	0.00	7.03	872.00
	4031.94	0.00	7.02	867.00
	4031.95	0.00	7.02	864.00
	4031.97	0.00	7.02	860.00
	4031.98	0.00	7.02	863.00
	4031.99	0.00	7.01	861.00
	4032.00	0.00	7.05	860.00
	4032.01	0.00	7.03	859.00
	4032.02	0.00	7.04	859.00
	4032.04	0.00	7.04	861.00
	4032.05	0.00	7.05	861.00
	4032.06	0.00	7.06	864.00
	4032.07	0.00	7.00	863.00
	4032.08	0.00	6.99	862.00
	4032.09	0.00	7.01	864.00
	4032.11	0.00	7.01	862.00
	4032.12	0.00	7.01	856.00
	4032.13	0.00	7.01	854.00
	4032.14	0.00	6.99	853.00
	4032.15	0.00	6.98	850.00
	4032.16	0.00	6.97	849.00
	4032.18	0.00	6.97	844.00
	4032.19	0.00	6.97	846.00
	4032.20	0.00	6.89	852.00
	4032.21	0.00	6.87	850.00
	4032.22	0.00	6.85	848.00
	4032.23	0.00	6.81	846.00
	4032.25	0.00	6.78	843.00
	4032.26	0.00	6.78	843.00
	4032.27	0.00	6.83	837.00
	4032.28	0.00	6.88	821.00
	4032.29	0.00	6.89	821.00
	4032.30	0.00	6.90	821.00
	4032.31	0.00	6.92	822.00
	4032.33	0.00	6.92	822.00
	4032.34	0.00	6.92	823.00
	4032.35	0.00	6.92	821.00
	4032.36	0.00	6.93	823.00
	4032.37	0.00	6.92	821.00
	4032.38	0.00	6.92	823.00
	4032.40	0.00	6.89	820.00
	4032.41	0.00	6.88	822.00
	4032.42	0.00	6.88	824.00
	4032.43	0.00	6.88	825.00
	4032.44	0.00	6.89	825.00
	4032.45	0.00	6.87	827.00
	4032.46	0.00	6.88	828.00
	4032.48	0.00	6.89	829.00
	4032.49	0.00	6.95	832.00
	4032.50	0.00	6.95	829.00
	4032.51	0.00	6.91	831.00
	4032.52	0.00	6.87	852.00
	4032.53	0.00	6.90	852.00
	4032.55	0.00	6.90	856.00
	4032.56	0.00	6.89	856.00
	4032.57	0.00	6.89	859.00
	4032.58	0.00	6.90	858.00
	4032.59	0.00	7.23	908.00
	4032.60	0.00	7.23	911.00
	4032.62	0.00	7.24	915.00
	4032.63	0.00	7.27	916.00
	4032.64	0.00	7.33	923.00
	4032.65	0.00	7.34	921.00
	4032.66	0.00	7.29	939.00
	4032.67	0.00	7.29	940.00
	4032.69	0.00	7.29	941.00
	4032.70	0.00	7.29	943.00
	4032.71	0.00	7.25	940.00
	4032.72	0.00	7.26	940.00
	4032.73	0.00	6.93	885.00
	4032.74	0.00	7.29	950.00
	4032.75	0.00	7.27	949.00
	4032.77	0.00	7.28	949.00
	4032.78	0.00	7.30	954.00
	4032.79	0.00	7.29	953.00
	4032.80	0.00	7.27	949.00
	4032.81	0.00	7.30	957.00
	4032.82	0.00	7.29	959.00
	4032.84	0.00	7.25	959.00
	4032.85	0.00	7.23	958.00
	4032.86	0.00	7.23	957.00
	4032.87	0.00	7.27	954.00
	4032.88	0.00	7.25	952.00
	4032.89	0.00	7.25	952.00
	4032.91	0.00	7.25	955.00
	4032.92	0.00	7.21	948.00
	4032.93	0.00	7.28	958.00
	4032.94	0.00	7.22	960.00
	4032.95	0.00	7.23	959.00
	4032.96	0.00	7.19	960.00
	4032.97	0.00	7.13	956.00
	4032.99	0.00	7.10	952.00
	4033.00	0.00	7.11	950.00
	4033.01	0.00	7.15	941.00
	4033.02	0.00	7.15	931.00
	4033.03	0.00	7.22	938.00
	4033.04	0.00	7.24	945.00
	4033.06	0.00	7.26	947.00
	4033.07	0.00	7.19	936.00
	4033.08	0.00	7.16	931.00
	4033.09	0.00	7.16	930.00
	4033.10	0.00	7.17	932.00
	4033.11	0.00	7.14	929.00
	4033.13	0.00	7.14	928.00
	4033.14	0.00	7.12	927.00
	4033.15	0.00	7.13	929.00
	4033.16	0.00	7.12	929.00
	4033.17	0.00	7.15	928.00
	4033.18	0.00	6.88	878.00
	4033.19	0.00	7.22	928.00
	4033.21	0.00	7.21	926.00
	4033.22	0.00	7.16	946.00
	4033.23	0.00	7.16	945.00
	4033.24	0.00	7.17	944.00
	4033.25	0.00	6.83	894.00
	4033.26	0.00	6.84	893.00
	4033.28	0.00	7.20	948.00
	4033.29	0.00	7.21	948.00
	4033.30	0.00	7.22	948.00
	4033.31	0.00	7.22	948.00
	4033.32	0.00	7.27	950.00
	4033.33	0.00	7.33	952.00
	4033.35	0.00	7.36	949.00
	403