00	6.51	892.00
	2400.61	0.00	6.57	895.00
	2400.62	0.00	6.56	899.00
	2400.64	0.00	6.56	902.00
	2400.65	0.00	6.56	903.00
	2400.66	0.00	6.99	953.00
	2400.67	0.00	7.01	960.00
	2400.68	0.00	7.01	962.00
	2400.69	0.00	7.01	962.00
	2400.71	0.00	7.01	964.00
	2400.72	0.00	7.02	966.00
	2400.73	0.00	7.01	966.00
	2400.74	0.00	6.55	915.00
	2400.75	0.00	6.47	905.00
	2400.76	0.00	6.94	960.00
	2400.78	0.00	6.48	910.00
	2400.79	0.00	6.48	912.00
	2400.80	0.00	6.49	912.00
	2400.81	0.00	6.48	913.00
	2400.82	0.00	6.48	912.00
	2400.83	0.00	6.48	911.00
	2400.84	0.00	6.48	912.00
	2400.86	0.00	6.48	913.00
	2400.87	0.00	6.49	914.00
	2400.88	0.00	6.48	914.00
	2400.89	0.00	6.48	914.00
	2400.90	0.00	6.49	915.00
	2400.91	0.00	6.48	914.00
	2400.92	0.00	6.48	914.00
	2400.94	0.00	6.48	915.00
	2400.95	0.00	6.47	918.00
	2400.96	0.00	6.46	915.00
	2400.97	0.00	6.46	917.00
	2400.98	0.00	6.47	919.00
	2401.00	0.00	6.47	920.00
	2401.01	0.00	6.47	921.00
	2401.02	0.00	6.48	921.00
	2401.03	0.00	6.48	919.00
	2401.04	0.00	6.48	921.00
	2401.05	0.00	6.48	919.00
	2401.06	0.00	6.48	920.00
	2401.08	0.00	6.48	919.00
	2401.09	0.00	6.48	921.00
	2401.10	0.00	6.48	922.00
	2401.11	0.00	6.48	921.00
	2401.12	0.00	6.48	921.00
	2401.13	0.00	6.48	922.00
	2401.14	0.00	6.48	921.00
	2401.16	0.00	6.48	922.00
	2401.17	0.00	6.47	923.00
	2401.18	0.00	6.46	923.00
	2401.19	0.00	6.44	918.00
	2401.20	0.00	6.44	922.00
	2401.21	0.00	6.45	924.00
	2401.23	0.00	6.43	923.00
	2401.24	0.00	6.42	919.00
	2401.25	0.00	6.43	919.00
	2401.26	0.00	6.49	924.00
	2401.27	0.00	6.51	919.00
	2401.28	0.00	6.51	920.00
	2401.30	0.00	6.52	915.00
	2401.31	0.00	6.54	911.00
	2401.32	0.00	6.53	910.00
	2401.33	0.00	6.54	906.00
	2401.34	0.00	6.50	926.00
	2401.35	0.00	6.51	923.00
	2401.37	0.00	6.51	920.00
	2401.38	0.00	6.51	917.00
	2401.39	0.00	6.40	914.00
	2401.40	0.00	6.53	910.00
	2401.41	0.00	6.52	906.00
	2401.42	0.00	6.51	903.00
	2401.43	0.00	6.52	899.00
	2401.45	0.00	6.49	890.00
	2401.46	0.00	6.40	877.00
	2401.47	0.00	6.59	907.00
	2401.48	0.00	6.60	905.00
	2401.49	0.00	6.59	906.00
	2401.50	0.00	6.61	906.00
	2401.52	0.00	6.61	903.00
	2401.53	0.00	6.61	904.00
	2401.54	0.00	6.61	906.00
	2401.55	0.00	6.61	903.00
	2401.56	0.00	6.60	900.00
	2401.57	0.00	6.61	898.00
	2401.58	0.00	6.55	885.00
	2401.60	0.00	6.64	902.00
	2401.61	0.00	6.64	899.00
	2401.62	0.00	6.66	898.00
	2401.63	0.00	6.62	891.00
	2401.64	0.00	6.64	892.00
	2401.65	0.00	6.65	890.00
	2401.67	0.00	6.66	884.00
	2401.68	0.00	6.66	878.00
	2401.69	0.00	6.70	877.00
	2401.70	0.00	6.69	871.00
	2401.71	0.00	6.70	868.00
	2401.72	0.00	6.71	868.00
	2401.73	0.00	6.70	867.00
	2401.75	0.00	6.71	870.00
	2401.76	0.00	6.73	868.00
	2401.77	0.00	6.72	868.00
	2401.78	0.00	6.74	869.00
	2401.79	0.00	6.74	868.00
	2401.80	0.00	6.68	862.00
	2401.82	0.00	6.68	868.00
	2401.83	0.00	6.67	868.00
	2401.84	0.00	6.65	866.00
	2401.85	0.00	6.58	866.00
	2401.86	0.00	6.57	864.00
	2401.87	0.00	6.58	860.00
	2401.89	0.00	6.67	847.00
	2401.90	0.00	6.70	847.00
	2401.91	0.00	6.70	846.00
	2401.92	0.00	6.73	849.00
	2401.93	0.00	6.73	851.00
	2401.94	0.00	6.72	850.00
	2401.95	0.00	6.74	852.00
	2401.97	0.00	7.22	905.00
	2401.98	0.00	7.22	906.00
	2401.99	0.00	7.23	908.00
	2402.00	0.00	7.23	907.00
	2402.01	0.00	7.06	883.00
	2402.02	0.00	7.06	881.00
	2402.04	0.00	7.06	879.00
	2402.05	0.00	7.04	879.00
	2402.06	0.00	7.05	879.00
	2402.07	0.00	6.57	827.00
	2402.08	0.00	6.57	829.00
	2402.09	0.00	6.47	826.00
	2402.11	0.00	6.47	828.00
	2402.12	0.00	6.44	832.00
	2402.13	0.00	6.56	832.00
	2402.14	0.00	6.59	833.00
	2402.15	0.00	6.57	832.00
	2402.16	0.00	6.58	833.00
	2402.18	0.00	6.64	839.00
	2402.19	0.00	6.66	840.00
	2402.20	0.00	6.66	838.00
	2402.21	0.00	6.66	843.00
	2402.22	0.00	6.61	859.00
	2402.23	0.00	6.64	853.00
	2402.25	0.00	6.62	861.00
	2402.26	0.00	6.61	862.00
	2402.27	0.00	6.63	862.00
	2402.28	0.00	6.61	861.00
	2402.29	0.00	6.61	860.00
	2402.30	0.00	6.61	859.00
	2402.31	0.00	6.59	860.00
	2402.33	0.00	6.53	854.00
	2402.34	0.00	6.50	850.00
	2402.35	0.00	6.66	876.00
	2402.36	0.00	6.66	879.00
	2402.37	0.00	6.66	882.00
	2402.38	0.00	6.66	880.00
	2402.40	0.00	6.64	883.00
	2402.41	0.00	6.72	889.00
	2402.42	0.00	6.72	890.00
	2402.43	0.00	6.70	890.00
	2402.44	0.00	6.71	893.00
	2402.45	0.00	6.67	892.00
	2402.46	0.00	6.61	921.00
	2402.48	0.00	6.59	928.00
	2402.49	0.00	6.58	932.00
	2402.50	0.00	6.56	935.00
	2402.51	0.00	6.52	935.00
	2402.52	0.00	6.45	925.00
	2402.53	0.00	6.61	945.00
	2402.55	0.00	6.58	954.00
	2402.56	0.00	6.58	957.00
	2402.57	0.00	6.57	955.00
	2402.58	0.00	6.57	956.00
	2402.59	0.00	6.58	953.00
	2402.60	0.00	6.57	952.00
	2402.61	0.00	6.57	950.00
	2402.63	0.00	6.46	934.00
	2402.64	0.00	6.57	954.00
	2402.65	0.00	6.57	953.00
	2402.66	0.00	6.55	953.00
	2402.67	0.00	6.56	956.00
	2402.68	0.00	6.50	955.00
	2402.70	0.00	6.49	955.00
	2402.71	0.00	6.50	957.00
	2402.72	0.00	6.50	959.00
	2402.73	0.00	6.50	960.00
	2402.74	0.00	6.51	965.00
	2402.75	0.00	6.50	964.00
	2402.76	0.00	6.49	967.00
	2402.78	0.00	6.50	972.00
	2402.79	0.00	6.50	974.00
	2402.80	0.00	6.50	979.00
	2402.81	0.00	6.44	983.00
	2402.82	0.00	6.43	987.00
	2402.83	0.00	6.41	988.00
	2402.85	0.00	6.39	992.00
	2402.86	0.00	6.38	994.00
	2402.87	0.00	6.33	994.00
	2402.88	0.00	6.33	996.00
	2402.89	0.00	6.33	988.00
	2402.90	0.00	6.42	984.00
	2402.92	0.00	6.44	987.00
	2402.93	0.00	6.45	992.00
	2402.94	0.00	6.46	993.00
	2402.95	0.00	6.44	997.00
	2402.96	0.00	6.45	1000.00
	2402.97	0.00	6.46	1003.00
	2402.98	0.00	6.48	1008.00
	2403.00	0.00	6.46	1007.00
	2403.01	0.00	6.31	984.00
	2403.02	0.00	6.32	986.00
	2403.03	0.00	6.31	987.00
	2403.04	0.00	6.31	987.00
	2403.05	0.00	6.31	988.00
	2403.07	0.00	6.32	990.00
	2403.08	0.00	6.30	985.00
	2403.09	0.00	6.30	984.00
	2403.10	0.00	6.29	984.00
	2403.11	0.00	6.72	1037.00
	2403.12	0.00	6.71	1034.00
	2403.14	0.00	6.72	1036.00
	2403.15	0.00	6.74	1039.00
	2403.16	0.00	6.74	1038.00
	2403.17	0.00	6.76	1038.00
	2403.18	0.00	6.75	1039.00
	2403.19	0.00	6.76	1038.00
	2403.21	0.00	6.80	1042.00
	2403.22	0.00	6.80	1040.00
	2403.23	0.00	6.80	1038.00
	2403.24	0.00	6.81	1037.00
	2403.25	0.00	6.81	1037.00
	2403.26	0.00	6.80	1040.00
	2403.27	0.00	6.78	1049.00
	2403.29	0.00	6.82	1039.00
	2403.30	0.00	6.82	1039.00
	2403.31	0.00	6.82	1038.00
	2403.32	0.00	6.81	1039.00
	2403.33	0.00	6.81	1047.00
	2403.34	0.00	6.78	1053.00
	2403.36	0.00	6.79	1051.00
	2403.37	0.00	6.80	1053.00
	2403.38	0.00	6.82	1037.00
	2403.39	0.00	6.84	1037.00
	2403.40	0.00	6.81	1045.00
	2403.41	0.00	6.82	1040.00
	2403.43	0.00	6.86	1031.00
	2403.44	0.00	6.83	1029.00
	2403.45	0.00	6.42	976.00
	2403.46	0.00	6.46	975.00
	2403.47	0.00	6.48	970.00
	2403.48	0.00	6.49	965.00
	2403.50	0.00	6.52	965.00
	2403.51	0.00	6.55	962.00
	2403.52	0.00	6.58	954.00
	2403.53	0.00	6.58	955.00
	2403.54	0.00	6.64	956.00
	2403.55	0.00	6.67	956.00
	2403.56	0.00	6.67	956.00
	2403.58	0.00	6.69	955.00
	2403.59	0.00	6.71	948.00
	2403.60	0.00	6.70	942.00
	2403.61	0.00	6.82	957.00
	2403.62	0.00	6.85	956.00
	2403.63	0.00	6.87	960.00
	2403.65	0.00	6.91	966.00
	2403.66	0.00	6.93	968.00
	2403.67	0.00	6.97	970.00
	2403.68	0.00	6.96	966.00
	2403.69	0.00	7.01	968.00
	2403.70	0.00	7.07	970.00
	2403.72	0.00	7.07	969.00
	2403.73	0.00	7.04	965.00
	2403.74	0.00	7.07	973.00
	2403.75	0.00	7.08	970.00
	2403.76	0.00	7.07	965.00
	2403.77	0.00	7.02	993.00
	2403.78	0.00	6.98	986.00
	2403.79	0.00	7.00	987.00
	2403.81	0.00	6.98	980.00
	2403.82	0.00	6.98	977.00
	2403.83	0.00	6.98	978.00
	2403.84	0.00	6.97	971.00
	2403.85	0.00	6.94	976.00
	2403.86	0.00	6.93	971.00
	2403.88	0.00	6.88	967.00
	2403.89	0.00	6.79	953.00
	2403.90	0.00	7.00	989.00
	2403.91	0.00	7.00	989.00
	2403.92	0.00	6.88	955.00
	2403.93	0.00	7.01	983.00
	2403.95	0.00	7.03	983.00
	2403.96	0.00	7.03	979.00
	2403.97	0.00	7.03	977.00
	2403.98	0.00	7.01	975.00
	2403.99	0.00	7.00	977.00
	2404.00	0.00	6.98	977.00
	2404.02	0.00	6.97	976.00
	2404.03	0.00	6.96	974.00
	2404.04	0.00	6.86	959.00
	2404.05	0.00	6.98	977.00
	2404.06	0.00	6.97	976.00
	2404.07	0.00	6.98	973.00
	2404.08	0.00	6.96	972.00
	2404.10	0.00	6.95	971.00
	2404.11	0.00	6.94	968.00
	2404.12	0.00	6.94	961.00
	2404.13	0.00	6.95	958.00
	2404.14	0.00	6.95	957.00
	2404.15	0.00	6.95	956.00
	2404.16	0.00	6.95	955.00
	2404.18	0.00	6.95	955.00
	2404.19	0.00	6.96	954.00
	2404.20	0.00	6.96	953.00
	2404.21	0.00	6.96	954.00
	2404.22	0.00	6.96	954.00
	2404.23	0.00	6.97	953.00
	2404.25	0.00	6.96	954.00
	2404.26	0.00	6.97	955.00
	2404.27	0.00	6.98	953.00
	2404.28	0.00	6.97	955.00
	2404.29	0.00	6.96	954.00
	2404.30	0.00	6.98	953.00
	2404.32	0.00	6.98	951.00
	2404.33	0.00	6.98	949.00
	2404.34	0.00	6.94	953.00
	2404.35	0.00	6.93	951.00
	2404.36	0.00	6.94	951.00
	2404.37	0.00	6.93	951.00
	2404.38	0.00	6.87	946.00
	2404.40	0.00	6.87	944.00
	2404.41	0.00	6.87	943.00
	2404.42	0.00	6.88	938.00
	2404.43	0.00	6.85	930.00
	2404.44	0.00	6.79	932.00
	2404.45	0.00	6.89	925.00
	2404.46	0.00	6.93	929.00
	2404.48	0.00	6.91	929.00
	2404.49	0.00	6.90	932.00
	2404.50	0.00	6.90	938.00
	2404.51	0.00	6.91	934.00
	2404.52	0.00	6.91	936.00
	2404.53	0.00	6.90	940.00
	2404.55	0.00	6.89	942.00
	2404.56	0.00	6.90	946.00
	2404.57	0.00	6.85	933.00
	2404.58	0.00	6.75	925.00
	2404.59	0.00	6.75	924.00
	2404.60	0.00	6.75	926.00
	2404.62	0.00	6.76	922.00
	2404.63	0.00	6.74	921.00
	2404.64	0.00	6.75	921.00
	2404.65	0.00	6.75	921.00
	2404.66	0.00	6.75	923.00
	2404.67	0.00	6.72	924.00
	2404.68	0.00	6.72	927.00
	2404.70	0.00	6.71	930.00
	2404.71	0.00	6.70	935.00
	2404.72	0.00	6.69	938.00
	2404.73	0.00	6.68	942.00
	2404.74	0.00	6.69	945.00
	2404.75	0.00	6.66	950.00
	2404.76	0.00	6.66	957.00
	2404.78	0.00	6.63	965.00
	2404.79	0.00	6.61	976.00
	2404.80	0.00	6.57	990.00
	2404.81	0.00	6.52	1003.00
	2404.82	0.00	6.49	1015.00
	2404.83	0.00	6.49	1028.00
	2404.85	0.00	6.46	1036.00
	2404.86	0.00	6.45	1038.00
	2404.87	0.00	6.43	1042.00
	2404.88	0.00	6.40	1045.00
	2404.89	0.00	6.38	1053.00
	2404.90	0.00	6.37	1062.00
	2404.92	0.00	6.35	1067.00
	2404.93	0.00	6.34	1071.00
	2404.94	0.00	6.34	1075.00
	2404.95	0.00	6.33	1083.00
	2404.96	0.00	6.31	1094.00
	2404.97	0.00	6.31	1096.00
	2404.98	0.00	6.31	1100.00
	2405.00	0.00	6.31	1101.00
	2405.01	0.00	6.32	1093.00
	2405.02	0.00	6.31	1096.00
	2405.03	0.00	6.31	1100.00
	2405.04	0.00	6.29	1110.00
	2405.05	0.00	6.27	1112.00
	2405.07	0.00	6.27	1119.00
	2405.08	0.00	6.25	1123.00
	2405.09	0.00	6.24	1130.00
	2405.10	0.00	6.24	1137.00
	2405.11	0.00	6.22	1142.00
	2405.12	0.00	6.20	1153.00
	2405.14	0.00	6.18	1162.00
	2405.15	0.00	6.18	1172.00
	2405.16	0.00	6.17	1183.00
	2405.17	0.00	6.15	1189.00
	2405.18	0.00	6.16	1190.00
	2405.19	0.00	6.14	1189.00
	2405.21	0.00	6.18	1193.00
	2405.22	0.00	6.18	1198.00
	2405.23	0.00	6.17	1200.00
	2405.24	0.00	6.18	1199.00
	2405.25	0.00	6.18	1199.00
	2405.26	0.00	6.19	1191.00
	2405.28	0.00	6.20	1183.00
	2405.29	0.00	6.22	1165.00
	2405.30	0.00	6.23	1152.00
	2405.31	0.00	6.27	1138.00
	2405.32	0.00	6.27	1126.00
	2405.33	0.00	6.30	1109.00
	2405.35	0.00	6.32	1104.00
	2405.36	0.00	6.32	1098.00
	2405.37	0.00	6.32	1096.00
	2405.38	0.00	6.95	1146.00
	2405.39	0.00	6.98	1148.00
	2405.40	0.00	7.01	1150.00
	2405.42	0.00	7.02	1147.00
	2405.43	0.00	7.03	1144.00
	2405.44	0.00	7.05	1143.00
	2405.45	0.00	7.07	1141.00
	2405.46	0.00	7.06	1138.00
	2405.47	0.00	7.07	1140.00
	2405.49	0.00	7.09	1140.00
	2405.50	0.00	7.11	1137.00
	2405.51	0.00	7.11	1135.00
	2405.52	0.00	7.13	1131.00
	2405.53	0.00	7.14	1127.00
	2405.54	0.00	7.14	1130.00
	2405.56	0.00	7.18	1123.00
	2405.57	0.00	7.18	1121.00
	2405.58	0.00	7.21	1115.00
	2405.59	0.00	7.23	1109.00
	2405.60	0.00	7.25	1102.00
	2405.61	0.00	7.26	1097.00
	2405.62	0.00	7.28	1095.00
	2405.64	0.00	7.30	1093.00
	2405.65	0.00	7.34	1093.00
	2405.66	0.00	7.42	1090.00
	2405.67	0.00	7.43	1085.00
	2405.68	0.00	7.43	1079.00
	2405.69	0.00	7.43	1078.00
	2405.71	0.00	7.40	1070.00
	2405.72	0.00	7.44	1071.00
	2405.73	0.00	7.46	1070.00
	2405.74	0.00	7.45	1068.00
	2405.75	0.00	7.47	1069.00
	2405.76	0.00	7.47	1068.00
	2405.78	0.00	7.47	1069.00
	2405.79	0.00	7.45	1069.00
	2405.80	0.00	7.46	1070.00
	2405.81	0.00	7.43	1066.00
	2405.82	0.00	7.44	1066.00
	2405.83	0.00	7.51	1079.00
	2405.85	0.00	7.44	1066.00
	2405.86	0.00	7.46	1066.00
	2405.87	0.00	7.47	1068.00
	2405.88	0.00	7.46	1067.00
	2405.89	0.00	7.54	1078.00
	2405.90	0.00	7.56	1077.00
	2405.91	0.00	7.57	1076.00
	2405.93	0.00	7.57	1069.00
	2405.9	0.00	6.55	1204.00
	2413.60	0.00	6.55	1204.00
	2413.61	0.00	6.56	1206.00
	2413.62	0.00	6.55	12057	0.00	6.54	1205.00
	2413.59	0.00	6.55	1204.00
	2413.60	0.00	6.55	1204.00
	2413.61	0.00	6.56	1206.00
	2413.62	0.00	6.55	1204.00
	2413.63	0.00	6.54	1207.00
	2413.64	0.00	6.14	1159.00
	2413.66	0.00	6.15	1161.00
	2413.67	0.00	6.16	1165.00
	2413.68	0.00	6.14	1164.00
	2413.69	0.00	6.14	1166.00
	2413.70	0.00	6.14	1167.00
	2413.71	0.00	6.13	1170.00
	2413.73	0.00	6.13	1167.00
	2413.74	0.00	6.12	1173.00
	2413.75	0.00	6.12	1175.00
	2413.76	0.00	6.12	1178.00
	2413.77	0.00	6.12	1184.00
	2413.78	0.00	6.10	1187.00
	2413.80	0.00	6.09	1193.00
	2413.81	0.00	6.73	1252.00
	2413.82	0.00	6.73	1253.00
	2413.83	0.00	6.73	1263.00
	2413.84	0.00	6.74	1269.00
	2413.85	0.00	6.73	1272.00
	2413.87	0.00	6.77	1280.00
	2413.88	0.00	6.75	1282.00
	2413.89	0.00	6.76	1288.00
	2413.90	0.00	6.75	1292.00
	2413.91	0.00	6.76	1295.00
	2413.92	0.00	6.76	1301.00
	2413.94	0.00	6.75	1306.00
	2413.95	0.00	6.74	1309.00
	2413.96	0.00	6.74	1316.00
	2413.97	0.00	6.73	1318.00
	2413.98	0.00	6.72	1319.00
	2414.00	0.00	6.73	1322.00
	2414.01	0.00	6.73	1322.00
	2414.02	0.00	6.73	1322.00
	2414.03	0.00	6.76	1327.00
	2414.04	0.00	6.74	1326.00
	2414.05	0.00	6.74	1326.00
	2414.06	0.00	6.74	1327.00
	2414.08	0.00	6.75	1327.00
	2414.09	0.00	6.74	1326.00
	2414.10	0.00	6.75	1326.00
	2414.11	0.00	6.75	1326.00
	2414.12	0.00	6.76	1327.00
	2414.13	0.00	6.74	1325.00
	2414.15	0.00	6.72	1322.00
	2414.16	0.00	6.68	1314.00
	2414.17	0.00	6.75	1326.00
	2414.18	0.00	6.73	1318.00
	2414.19	0.00	6.74	1318.00
	2414.20	0.00	6.73	1316.00
	2414.22	0.00	6.76	1320.00
	2414.23	0.00	6.78	1321.00
	2414.24	0.00	6.79	1318.00
	2414.25	0.00	6.79	1313.00
	2414.26	0.00	6.80	1311.00
	2414.27	0.00	6.81	1306.00
	2414.29	0.00	6.83	1306.00
	2414.30	0.00	6.81	1301.00
	2414.31	0.00	6.84	1301.00
	2414.32	0.00	6.82	1299.00
	2414.33	0.00	6.83	1296.00
	2414.34	0.00	6.82	1296.00
	2414.36	0.00	6.80	1293.00
	2414.37	0.00	6.82	1296.00
	2414.38	0.00	6.83	1296.00
	2414.39	0.00	6.79	1295.00
	2414.40	0.00	6.83	1295.00
	2414.41	0.00	6.84	1292.00
	2414.43	0.00	6.78	1287.00
	2414.44	0.00	6.77	1286.00
	2414.45	0.00	6.75	1284.00
	2414.46	0.00	6.75	1287.00
	2414.47	0.00	6.79	1284.00
	2414.48	0.00	6.79	1284.00
	2414.50	0.00	6.80	1282.00
	2414.51	0.00	6.78	1280.00
	2414.52	0.00	6.71	1279.00
	2414.53	0.00	6.79	1279.00
	2414.54	0.00	6.78	1277.00
	2414.55	0.00	6.76	1276.00
	2414.57	0.00	6.79	1273.00
	2414.58	0.00	6.76	1274.00
	2414.59	0.00	6.78	1272.00
	2414.60	0.00	6.79	1275.00
	2414.61	0.00	6.78	1273.00
	2414.62	0.00	6.71	1270.00
	2414.64	0.00	6.77	1275.00
	2414.65	0.00	6.76	1276.00
	2414.66	0.00	6.79	1278.00
	2414.67	0.00	6.76	1277.00
	2414.68	0.00	6.80	1280.00
	2414.69	0.00	6.77	1275.00
	2414.71	0.00	6.80	1275.00
	2414.72	0.00	6.78	1271.00
	2414.73	0.00	6.80	1269.00
	2414.74	0.00	6.79	1271.00
	2414.75	0.00	6.80	1272.00
	2414.76	0.00	6.79	1274.00
	2414.78	0.00	6.82	1274.00
	2414.79	0.00	6.80	1271.00
	2414.80	0.00	6.80	1272.00
	2414.81	0.00	6.80	1268.00
	2414.82	0.00	6.77	1267.00
	2414.83	0.00	6.81	1270.00
	2414.85	0.00	6.82	1268.00
	2414.86	0.00	6.84	1269.00
	2414.87	0.00	6.83	1264.00
	2414.88	0.00	6.83	1262.00
	2414.89	0.00	6.83	1262.00
	2414.90	0.00	6.75	1249.00
	2414.92	0.00	6.82	1257.00
	2414.93	0.00	6.83	1254.00
	2414.94	0.00	6.84	1251.00
	2414.95	0.00	6.85	1253.00
	2414.96	0.00	6.83	1247.00
	2414.97	0.00	6.80	1242.00
	2414.99	0.00	6.87	1239.00
	2415.00	0.00	6.89	1232.00
	2415.01	0.00	6.88	1223.00
	2415.02	0.00	6.90	1215.00
	2415.03	0.00	6.92	1210.00
	2415.04	0.00	6.94	1206.00
	2415.06	0.00	6.96	1201.00
	2415.07	0.00	6.96	1197.00
	2415.08	0.00	6.97	1191.00
	2415.09	0.00	6.98	1187.00
	2415.10	0.00	6.99	1185.00
	2415.11	0.00	7.00	1187.00
	2415.13	0.00	7.00	1184.00
	2415.14	0.00	7.02	1181.00
	2415.15	0.00	7.02	1179.00
	2415.16	0.00	7.03	1177.00
	2415.17	0.00	7.04	1173.00
	2415.18	0.00	7.04	1172.00
	2415.20	0.00	7.05	1173.00
	2415.21	0.00	7.06	1176.00
	2415.22	0.00	7.04	1172.00
	2415.23	0.00	7.03	1167.00
	2415.24	0.00	6.99	1173.00
	2415.25	0.00	7.02	1168.00
	2415.26	0.00	6.94	1175.00
	2415.28	0.00	6.99	1177.00
	2415.29	0.00	6.96	1176.00
	2415.30	0.00	6.99	1177.00
	2415.31	0.00	6.96	1174.00
	2415.32	0.00	6.97	1174.00
	2415.33	0.00	6.95	1172.00
	2415.35	0.00	6.92	1170.00
	2415.36	0.00	6.94	1173.00
	2415.37	0.00	6.95	1171.00
	2415.38	0.00	6.93	1170.00
	2415.39	0.00	6.93	1170.00
	2415.41	0.00	6.93	1169.00
	2415.42	0.00	6.93	1172.00
	2415.43	0.00	6.93	1171.00
	2415.44	0.00	6.93	1170.00
	2415.45	0.00	6.95	1171.00
	2415.46	0.00	6.93	1166.00
	2415.47	0.00	6.93	1165.00
	2415.49	0.00	6.94	1158.00
	2415.50	0.00	7.01	1155.00
	2415.51	0.00	7.01	1155.00
	2415.52	0.00	7.01	1153.00
	2415.53	0.00	7.02	1153.00
	2415.54	0.00	7.01	1152.00
	2415.56	0.00	7.00	1151.00
	2415.57	0.00	7.00	1150.00
	2415.58	0.00	7.02	1150.00
	2415.59	0.00	7.03	1150.00
	2415.60	0.00	7.02	1151.00
	2415.61	0.00	7.11	1160.00
	2415.63	0.00	7.14	1161.00
	2415.64	0.00	7.11	1157.00
	2415.65	0.00	7.12	1156.00
	2415.66	0.00	7.13	1155.00
	2415.67	0.00	7.14	1156.00
	2415.68	0.00	7.16	1158.00
	2415.70	0.00	7.17	1160.00
	2415.71	0.00	7.15	1156.00
	2415.72	0.00	7.09	1140.00
	2415.73	0.00	7.15	1155.00
	2415.74	0.00	7.13	1151.00
	2415.75	0.00	6.99	1130.00
	2415.77	0.00	7.04	1138.00
	2415.78	0.00	7.05	1140.00
	2415.79	0.00	7.03	1139.00
	2415.80	0.00	7.04	1140.00
	2415.81	0.00	7.04	1139.00
	2415.82	0.00	7.04	1139.00
	2415.84	0.00	7.02	1138.00
	2415.85	0.00	7.05	1140.00
	2415.86	0.00	7.06	1141.00
	2415.87	0.00	7.03	1138.00
	2415.88	0.00	7.04	1142.00
	2415.89	0.00	7.01	1139.00
	2415.90	0.00	7.02	1141.00
	2415.92	0.00	7.02	1140.00
	2415.93	0.00	7.03	1141.00
	2415.94	0.00	7.01	1139.00
	2415.95	0.00	7.01	1142.00
	2415.96	0.00	7.02	1142.00
	2415.97	0.00	7.01	1139.00
	2415.99	0.00	7.01	1140.00
	2416.00	0.00	7.01	1140.00
	2416.01	0.00	7.00	1139.00
	2416.02	0.00	6.97	1138.00
	2416.03	0.00	6.96	1136.00
	2416.05	0.00	7.11	1147.00
	2416.06	0.00	7.13	1146.00
	2416.07	0.00	7.07	1135.00
	2416.08	0.00	7.13	1144.00
	2416.09	0.00	7.15	1144.00
	2416.10	0.00	7.14	1145.00
	2416.11	0.00	7.10	1158.00
	2416.13	0.00	7.14	1146.00
	2416.14	0.00	7.11	1159.00
	2416.15	0.00	7.10	1157.00
	2416.16	0.00	7.06	1150.00
	2416.17	0.00	7.09	1157.00
	2416.18	0.00	7.10	1158.00
	2416.20	0.00	7.09	1157.00
	2416.21	0.00	7.09	1158.00
	2416.22	0.00	7.09	1159.00
	2416.23	0.00	7.09	1160.00
	2416.24	0.00	7.04	1157.00
	2416.25	0.00	7.07	1161.00
	2416.27	0.00	7.08	1163.00
	2416.28	0.00	7.05	1162.00
	2416.29	0.00	7.07	1162.00
	2416.30	0.00	7.06	1162.00
	2416.31	0.00	7.01	1156.00
	2416.32	0.00	7.04	1161.00
	2416.33	0.00	7.02	1159.00
	2416.35	0.00	7.01	1156.00
	2416.36	0.00	7.11	1178.00
	2416.37	0.00	7.11	1177.00
	2416.38	0.00	7.10	1177.00
	2416.39	0.00	7.05	1173.00
	2416.40	0.00	7.10	1180.00
	2416.42	0.00	7.10	1179.00
	2416.43	0.00	7.09	1176.00
	2416.44	0.00	7.03	1172.00
	2416.45	0.00	7.11	1178.00
	2416.46	0.00	7.10	1177.00
	2416.48	0.00	7.11	1179.00
	2416.49	0.00	7.11	1177.00
	2416.50	0.00	7.12	1176.00
	2416.51	0.00	7.17	1180.00
	2416.52	0.00	7.17	1179.00
	2416.53	0.00	7.17	1177.00
	2416.54	0.00	7.19	1175.00
	2416.56	0.00	7.19	1173.00
	2416.57	0.00	7.21	1170.00
	2416.58	0.00	7.18	1170.00
	2416.59	0.00	7.19	1175.00
	2416.60	0.00	7.19	1174.00
	2416.61	0.00	7.16	1168.00
	2416.63	0.00	7.11	1183.00
	2416.64	0.00	7.14	1192.00
	2416.65	0.00	7.15	1193.00
	2416.66	0.00	7.14	1192.00
	2416.67	0.00	7.13	1190.00
	2416.68	0.00	7.13	1191.00
	2416.70	0.00	7.14	1192.00
	2416.71	0.00	7.14	1192.00
	2416.72	0.00	7.13	1190.00
	2416.73	0.00	7.07	1184.00
	2416.74	0.00	7.10	1189.00
	2416.75	0.00	7.09	1188.00
	2416.76	0.00	7.06	1184.00
	2416.78	0.00	7.07	1184.00
	2416.79	0.00	7.07	1188.00
	2416.80	0.00	7.06	1185.00
	2416.81	0.00	7.05	1183.00
	2416.82	0.00	7.02	1175.00
	2416.83	0.00	6.96	1171.00
	2416.85	0.00	7.02	1179.00
	2416.86	0.00	7.03	1182.00
	2416.87	0.00	7.00	1175.00
	2416.88	0.00	6.98	1168.00
	2416.89	0.00	7.13	1200.00
	2416.91	0.00	7.11	1199.00
	2416.92	0.00	7.11	1200.00
	2416.93	0.00	7.12	1199.00
	2416.94	0.00	7.10	1198.00
	2416.95	0.00	7.11	1200.00
	2416.96	0.00	7.11	1200.00
	2416.97	0.00	7.10	1197.00
	2416.99	0.00	7.14	1203.00
	2417.00	0.00	7.14	1203.00
	2417.01	0.00	7.15	1204.00
	2417.02	0.00	7.14	1204.00
	2417.03	0.00	7.11	1199.00
	2417.04	0.00	7.14	1207.00
	2417.06	0.00	7.14	1208.00
	2417.07	0.00	7.12	1205.00
	2417.08	0.00	7.09	1197.00
	2417.09	0.00	7.13	1210.00
	2417.10	0.00	7.14	1211.00
	2417.11	0.00	7.12	1207.00
	2417.13	0.00	7.06	1207.00
	2417.14	0.00	7.05	1202.00
	2417.15	0.00	7.11	1208.00
	2417.16	0.00	7.01	1203.00
	2417.17	0.00	6.99	1201.00
	2417.18	0.00	6.98	1201.00
	2417.20	0.00	6.94	1202.00
	2417.21	0.00	7.00	1201.00
	2417.22	0.00	6.93	1201.00
	2417.23	0.00	6.96	1200.00
	2417.24	0.00	6.99	1200.00
	2417.25	0.00	6.99	1203.00
	2417.27	0.00	6.99	1204.00
	2417.28	0.00	6.98	1202.00
	2417.29	0.00	6.97	1200.00
	2417.30	0.00	6.99	1198.00
	2417.31	0.00	7.00	1196.00
	2417.32	0.00	6.98	1196.00
	2417.34	0.00	6.98	1197.00
	2417.35	0.00	6.96	1194.00
	2417.36	0.00	7.00	1194.00
	2417.37	0.00	7.01	1194.00
	2417.38	0.00	7.03	1197.00
	2417.39	0.00	7.00	1197.00
	2417.40	0.00	7.02	1197.00
	2417.42	0.00	7.02	1197.00
	2417.43	0.00	6.95	1196.00
	2417.44	0.00	6.92	1195.00
	2417.45	0.00	6.96	1196.00
	2417.46	0.00	7.02	1196.00
	2417.47	0.00	7.03	1196.00
	2417.49	0.00	7.04	1192.00
	2417.50	0.00	6.98	1195.00
	2417.51	0.00	6.98	1195.00
	2417.52	0.00	6.97	1195.00
	2417.53	0.00	7.00	1194.00
	2417.54	0.00	6.97	1196.00
	2417.56	0.00	6.98	1197.00
	2417.57	0.00	6.97	1197.00
	2417.58	0.00	6.97	1198.00
	2417.59	0.00	6.95	1196.00
	2417.60	0.00	6.95	1198.00
	2417.61	0.00	6.96	1199.00
	2417.63	0.00	6.97	1201.00
	2417.64	0.00	6.95	1204.00
	2417.65	0.00	6.87	1197.00
	2417.66	0.00	6.89	1199.00
	2417.67	0.00	6.88	1199.00
	2417.68	0.00	6.88	1198.00
	2417.70	0.00	6.84	1192.00
	2417.71	0.00	6.84	1178.00
	2417.72	0.00	6.88	1191.00
	2417.73	0.00	6.91	1192.00
	2417.74	0.00	6.95	1184.00
	2417.75	0.00	6.96	1187.00
	2417.77	0.00	6.96	1188.00
	2417.78	0.00	6.94	1187.00
	2417.79	0.00	6.96	1191.00
	2417.80	0.00	6.98	1191.00
	2417.81	0.00	6.94	1187.00
	2417.82	0.00	6.94	1187.00
	2417.84	0.00	6.93	1184.00
	2417.85	0.00	7.04	1194.00
	2417.86	0.00	7.07	1199.00
	2417.87	0.00	7.06	1199.00
	2417.88	0.00	7.09	1203.00
	2417.89	0.00	7.01	1202.00
	2417.90	0.00	7.07	1203.00
	2417.92	0.00	7.06	1203.00
	2417.93	0.00	7.04	1200.00
	2417.94	0.00	6.93	1180.00
	2417.95	0.00	6.94	1181.00
	2417.96	0.00	6.93	1182.00
	2417.97	0.00	6.93	1182.00
	2417.99	0.00	6.94	1181.00
	2418.00	0.00	6.93	1183.00
	2418.01	0.00	6.94	1184.00
	2418.02	0.00	6.90	1183.00
	2418.03	0.00	6.93	1186.00
	2418.04	0.00	6.92	1184.00
	2418.06	0.00	6.93	1184.00
	2418.07	0.00	6.94	1184.00
	2418.08	0.00	6.92	1185.00
	2418.09	0.00	6.93	1184.00
	2418.10	0.00	6.93	1185.00
	2418.11	0.00	6.91	1186.00
	2418.13	0.00	6.90	1186.00
	2418.14	0.00	6.92	1189.00
	2418.15	0.00	6.89	1185.00
	2418.16	0.00	6.88	1182.00
	2418.17	0.00	6.87	1182.00
	2418.18	0.00	6.85	1177.00
	2418.20	0.00	6.87	1182.00
	2418.21	0.00	6.85	1179.00
	2418.22	0.00	7.02	1192.00
	2418.23	0.00	7.02	1192.00
	2418.24	0.00	7.03	1190.00
	2418.25	0.00	7.04	1189.00
	2418.27	0.00	7.03	1191.00
	2418.28	0.00	7.03	1188.00
	2418.29	0.00	7.04	1189.00
	2418.30	0.00	7.03	1188.00
	2418.31	0.00	7.01	1198.00
	2418.32	0.00	7.00	1199.00
	2418.33	0.00	7.00	1200.00
	2418.35	0.00	7.00	1201.00
	2418.36	0.00	7.00	1201.00
	2418.37	0.00	6.98	1202.00
	2418.38	0.00	6.98	1201.00
	2418.39	0.00	7.00	1204.00
	2418.40	0.00	7.00	1205.00
	2418.42	0.00	7.00	1205.00
	2418.43	0.00	6.99	1208.00
	2418.44	0.00	6.97	1205.00
	2418.45	0.00	6.97	1204.00
	2418.46	0.00	6.98	1208.00
	2418.47	0.00	6.98	1207.00
	2418.49	0.00	6.98	1207.00
	2418.50	0.00	6.97	1206.00
	2418.51	0.00	6.99	1208.00
	2418.52	0.00	6.94	1205.00
	2418.53	0.00	6.92	1204.00
	2418.54	0.00	6.99	1209.00
	2418.55	0.00	7.01	1207.00
	2418.57	0.00	7.00	1208.00
	2418.58	0.00	6.92	1198.00
	2418.59	0.00	6.99	1206.00
	2418.60	0.00	6.99	1202.00
	2418.61	0.00	6.96	1200.00
	2418.63	0.00	6.89	1204.00
	2418.64	0.00	6.91	1202.00
	2418.65	0.00	6.88	1201.00
	2418.66	0.00	6.89	1202.00
	2418.67	0.00	6.82	1197.00
	2418.68	0.00	6.89	1205.00
	2418.70	0.00	6.87	1202.00
	2418.71	0.00	6.84	1198.00
	2418.72	0.00	6.88	1203.00
	2418.73	0.00	6.91	1203.00
	2418.74	0.00	6.91	1201.00
	2418.75	0.00	6.91	1199.00
	2418.76	0.00	6.86	1192.00
	2418.78	0.00	6.91	1200.00
	2418.79	0.00	6.92	1200.00
	2418.80	0.00	6.91	1200.00
	2418.81	0.00	6.88	1198.00
	2418.82	0.00	6.93	1203.00
	2418.83	0.00	6.93	1203.00
	2418.85	0.00	6.92	1204.00
	2418.86	0.00	6.92	1206.00
	2418.87	0.00	6.93	1206.00
	2418.88	0.00	6.93	1207.00
	2418.89	0.00	6.93	1206.00
	2418.90	0.00	6.87	1200.00
	2418.92	0.00	6.85	1199.00
	2418.93	0.00	6.95	1207.00
	2418.94	0.00	6.94	1205.00
	2418.95	0.00	6.98	1212.00
	2418.96	0.00	6.88	1204.00
	2418.97	0.00	6.96	1210.00
	2418.99	0.00	6.95	1210.00
	2419.00	0.00	6.92	1210.00
	2419.01	0.00	6.94	1210.00
	2419.02	0.00	6.99	1215.00
	2419.03	0.00	6.97	1216.00
	2419.04	0.00	6.91	1212.00
	2419.06	0.00	6.91	1213.00
	2419.07	0.00	6.95	1220.00
	2419.08	0.00	6.87	1215.00
	2419.09	0.00	6.88	1218.00
	2419.10	0.00	6.89	1221.00
	2419.11	0.00	6.93	1226.00
	2419.13	0.00	6.94	1229.00
	2419.14	0.00	6.94	1229.00
	2419.15	0.00	6.94	1230.00
	2419.16	0.00	6.92	1230.00
	2419.17	0.00	6.92	1231.00
	2419.18	0.00	6.93	1235.00
	2419.19	0.00	6.91	1231.00
	2419.21	0.00	6.91	1232.00
	2419.22	0.00	6.90	1234.00
	2419.23	0.00	6.92	1239.00
	2419.24	0.00	6.90	1236.00
	2419.25	0.00	6.89	1237.00
	2419.27	0.00	6.89	1239.00
	2419.28	0.00	6.89	1241.00
	2419.29	0.00	6.89	1240.00
	2419.30	0.00	6.89	1241.00
	2419.31	0.00	6.89	1239.00
	2419.32	0.00	6.91	1245.00
	2419.34	0.00	6.89	1240.00
	2419.35	0.00	6.90	1241.00
	2419.36	0.00	6.91	1228.00
	2419.37	0.00	6.91	1229.00
	2419.38	0.00	6.93	1230.00
	2419.39	0.00	6.93	1232.00
	2419.40	0.00	6.90	1233.00
	2419.42	0.00	6.89	1236.00
	2419.43	0.00	6.83	1244.00
	2419.44	0.00	6.84	1243.00
	2419.45	0.00	6.85	1224.00
	2419.46	0.00	6.88	1230.00
	2419.48	0.00	6.90	1229.00
	2419.49	0.00	6.91	1229.00
	2419.50	0.00	6.94	1229.00
	2419.51	0.00	6.94	1229.00
	2419.52	0.00	6.92	1225.00
	2419.53	0.00	6.94	1228.00
	2419.55	0.00	6.95	1226.00
	2419.56	0.00	6.94	1224.00
	2419.57	0.00	6.96	1223.00
	2419.58	0.00	6.91	1212.00
	2419.59	0.00	6.96	1219.00
	2419.60	0.00	6.96	1217.00
	2419.61	0.00	6.92	1215.00
	2419.63	0.00	6.90	1209.00
	2419.64	0.00	6.93	1215.00
	2419.65	0.00	6.94	1217.00
	2419.66	0.00	6.98	1217.00
	2419.67	0.00	6.96	1214.00
	2419.69	0.00	6.98	1214.00
	2419.70	0.00	6.97	1215.00
	2419.71	0.00	6.95	1214.00
	2419.72	0.00	6.96	1212.00
	2419.73	0.00	6.97	1218.00
	2419.74	0.00	6.97	1217.00
	2419.76	0.00	6.96	1218.00
	2419.77	0.00	6.96	1218.00
	2419.78	0.00	6.89	1222.00
	2419.79	0.00	6.96	1219.00
	2419.80	0.00	6.97	1221.00
	2419.81	0.00	6.96	1221.00
	2419.82	0.00	6.91	1222.00
	2419.84	0.00	6.90	1219.00
	2419.85	0.00	6.91	1217.00
	2419.86	0.00	6.91	1216.00
	2419.87	0.00	6.95	1218.00
	2419.88	0.00	6.93	1216.00
	2419.89	0.00	6.94	1215.00
	2419.91	0.00	6.92	1213.00
	2419.92	0.00	6.90	1213.00
	2419.93	0.00	6.83	1207.00
	2419.94	0.00	6.83	1207.00
	2419.95	0.00	6.90	1212.00
	2419.96	0.00	6.94	1216.00
	2419.98	0.00	6.94	1213.00
	2419.99	0.00	6.93	1215.00
	2420.00	0.00	6.78	1205.00
	2420.01	0.00	6.79	1208.00
	2420.02	0.00	6.78	1209.00
	2420.03	0.00	6.74	1208.00
	2420.05	0.00	6.72	1206.00
	2420.06	0.00	6.78	1212.00
	2420.07	0.00	6.90	1223.00
	2420.08	0.00	6.91	1224.00
	2420.09	0.00	6.76	1211.00
	2420.10	0.00	6.79	1212.00
	2420.12	0.00	6.79	1215.00
	2420.13	0.00	6.78	1214.00
	2420.14	0.00	6.78	1213.00
	2420.15	0.00	6.76	1213.00
	2420.16	0.00	6.77	1213.00
	2420.17	0.00	6.78	1209.00
	2420.19	0.00	6.75	1212.00
	2420.20	0.00	6.77	1213.00
	2420.21	0.00	6.80	1217.00
	2420.22	0.00	6.81	1216.00
	2420.23	0.00	6.81	1217.00
	2420.25	0.00	6.81	1217.00
	2420.26	0.00	6.81	1217.00
	2420.27	0.00	6.81	1219.00
	2420.28	0.00	6.79	1216.00
	2420.29	0.00	6.81	1216.00
	2420.30	0.00	6.80	1211.00
	2420.31	0.00	6.82	1216.00
	2420.33	0.00	6.82	1214.00
	2420.34	0.00	6.83	1214.00
	2420.35	0.00	6.82	1215.00
	2420.36	0.00	6.83	1213.00
	2420.37	0.00	6.82	1212.00
	2420.38	0.00	6.83	1212.00
	2420.40	0.00	6.83	1211.00
	2420.41	0.00	6.86	1214.00
	2420.42	0.00	6.84	1210.00
	2420.43	0.00	6.84	1210.00
	2420.44	0.00	6.84	1212.00
	2420.45	0.00	6.85	1212.00
	2420.47	0.00	6.82	1208.00
	2420.48	0.00	6.86	1208.00
	2420.49	0.00	6.87	1209.00
	2420.50	0.00	6.85	1207.00
	2420.51	0.00	6.88	1210.00
	2420.52	0.00	6.87	1203.00
	2420.54	0.00	6.85	1200.00
	2420.55	0.00	6.87	1201.00
	2420.56	0.00	6.85	1193.00
	2420.57	0.00	6.88	1199.00
	2420.58	0.00	6.90	1199.00
	2420.59	0.00	6.89	1196.00
	2420.61	0.00	6.89	1195.00
	2420.62	0.00	6.90	1193.00
	2420.63	0.00	6.89	1191.00
	2420.64	0.00	6.91	1192.00
	2420.65	0.00	6.91	1190.00
	2420.66	0.00	6.91	1188.00
	2420.68	0.00	6.93	1187.00
	2420.69	0.00	6.94	1186.00
	2420.70	0.00	6.94	1183.00
	2420.71	0.00	6.95	1181.00
	2420.72	0.00	6.94	1175.00
	2420.73	0.00	6.94	1173.00
	2420.75	0.00	6.96	1170.00
	2420.76	0.00	6.96	1169.00
	2420.77	0.00	6.96	1162.00
	2420.78	0.00	6.94	1160.00
	2420.79	0.00	6.96	1160.00
	2420.80	0.00	6.96	1157.00
	2420.81	0.00	6.96	1153.00
	2420.83	0.00	6.96	1151.00
	2420.84	0.00	7.00	1153.00
	2420.85	0.00	6.97	1150.00
	2420.86	0.00	7.00	1150.00
	2420.87	0.00	7.03	1149.00
	2420.88	0.00	7.04	1150.00
	2420.90	0.00	7.04	1149.00
	2420.91	0.00	7.04	1145.00
	2420.92	0.00	7.04	1140.00
	2420.93	0.00	7.06	1139.00
	2420.94	0.00	7.05	1136.00
	2420.95	0.00	7.05	1132.00
	2420.97	0.00	7.04	1134.00
	2420.98	0.00	7.07	1132.00
	2420.99	0.00	7.06	1131.00
	2421.00	0.00	7.06	1130.00
	2421.01	0.00	7.06	1128.00
	2421.02	0.00	7.09	1128.00
	2421.04	0.00	7.09	1125.00
	2421.05	0.00	7.09	1123.00
	2421.06	0.00	7.09	1119.00
	2421.07	0.00	7.10	1118.00
	2421.08	0.00	7.10	1119.00
	2421.09	0.00	7.10	1119.00
	2421.11	0.00	7.11	1119.00
	2421.12	0.00	7.10	1120.00
	2421.13	0.00	7.11	1121.00
	2421.14	0.00	7.09	1120.00
	2421.15	0.00	7.10	1123.00
	2421.16	0.00	7.09	1121.00
	2421.18	0.00	7.09	1122.00
	2421.19	0.00	7.10	1123.00
	2421.20	0.00	7.08	1120.00
	2421.21	0.00	7.10	1121.00
	2421.22	0.00	7.10	1122.00
	2421.23	0.00	7.10	1122.00
	2421.25	0.00	7.10	1122.00
	2421.26	0.00	7.12	1121.00
	2421.27	0.00	7.05	1117.00
	2421.28	0.00	7.05	1117.00
	2421.29	0.00	7.06	1118.00
	2421.30	0.00	7.08	1119.00
	2421.31	0.00	7.04	1115.00
	2421.33	0.00	7.08	1115.00
	2421.34	0.00	7.07	1113.00
	2421.35	0.00	7.20	1135.00
	2421.36	0.00	7.21	1134.00
	2421.37	0.00	7.23	1143.00
	2421.38	0.00	7.24	1144.00
	2421.40	0.00	7.24	1146.00
	2421.41	0.00	7.26	1146.00
	2421.42	0.00	7.25	1149.00
	2421.43	0.00	7.25	1150.00
	2421.44	0.00	7.26	1151.00
	2421.45	0.00	7.24	1152.00
	2421.47	0.00	7.22	1150.00
	2421.48	0.00	7.22	1154.00
	2421.49	0.00	7.23	1157.00
	2421.50	0.00	7.23	1160.00
	2421.51	0.00	7.22	1162.00
	2421.52	0.00	7.22	1164.00
	2421.53	0.00	7.17	1162.00
	2421.55	0.00	7.09	1159.00
	2421.56	0.00	7.15	1170.00
	2421.57	0.00	7.15	1171.00
	2421.58	0.00	7.15	1174.00
	2421.59	0.00	7.15	1177.00
	2421.60	0.00	7.15	1181.00
	2421.62	0.00	7.13	1177.00
	2421.63	0.00	7.17	1182.00
	2421.64	0.00	7.06	1164.00
	2421.65	0.00	7.15	1182.00
	2421.66	0.00	7.11	1187.00
	2421.67	0.00	7.11	1180.00
	2421.69	0.00	7.03	1167.00
	2421.70	0.00	7.03	1167.00
	2421.71	0.00	7.04	1170.00
	2421.72	0.00	7.04	1170.00
	2421.73	0.00	7.02	1171.00
	2421.75	0.00	7.03	1175.00
	2421.76	0.00	7.03	1177.00
	2421.77	0.00	7.03	1180.00
	2421.78	0.00	7.04	1185.00
	2421.79	0.00	7.01	1182.00
	2421.80	0.00	6.99	1184.00
	2421.81	0.00	6.99	1186.00
	2421.83	0.00	7.00	1190.00
	2421.84	0.00	6.99	1189.00
	2421.85	0.00	6.99	1190.00
	2421.86	0.00	6.97	1190.00
	2421.87	0.00	6.96	1192.00
	2421.88	0.00	6.95	1193.00
	2421.90	0.00	6.96	1191.00
	2421.91	0.00	6.95	1197.00
	2421.92	0.00	6.92	1194.00
	2421.93	0.00	6.93	1198.00
	2421.94	0.00	6.94	1196.00
	2421.95	0.00	6.91	1200.00
	2421.96	0.00	6.86	1197.00
	2421.98	0.00	6.87	1201.00
	2421.99	0.00	6.86	1206.00
	2422.00	0.00	6.84	1204.00
	2422.01	0.00	6.85	1211.00
	2422.02	0.00	6.86	1213.00
	2422.03	0.00	6.84	1214.00
	2422.05	0.00	6.82	1214.00
	2422.06	0.00	6.98	1229.00
	2422.07	0.00	6.99	1230.00
	2422.08	0.00	6.97	1230.00
	2422.09	0.00	6.97	1232.00
	2422.10	0.00	6.99	1234.00
	2422.12	0.00	6.98	1232.00
	2422.13	0.00	6.97	1234.00
	2422.14	0.00	6.96	1236.00
	2422.15	0.00	6.99	1239.00
	2422.16	0.00	6.98	1241.00
	2422.17	0.00	6.97	1239.00
	2422.19	0.00	6.97	1242.00
	2422.20	0.00	6.97	1242.00
	2422.21	0.00	6.97	1248.00
	2422.22	0.00	6.96	1248.00
	2422.23	0.00	6.96	1248.00
	2422.25	0.00	6.97	1249.00
	2422.26	0.00	6.97	1247.00
	2422.27	0.00	6.97	1247.00
	2422.28	0.00	6.97	1247.00
	2422.29	0.00	6.98	1246.00
	2422.30	0.00	6.97	1250.00
	2422.31	0.00	6.96	1256.00
	2422.33	0.00	6.95	1247.00
	2422.34	0.00	6.97	1254.00
	2422.35	0.00	6.97	1246.00
	2422.36	0.00	6.97	1249.00
	2422.37	0.00	6.97	1253.00
	2422.38	0.00	6.95	1255.00
	2422.40	0.00	6.95	1255.00
	2422.41	0.00	6.97	1247.00
	2422.42	0.00	6.98	1247.00
	2422.43	0.00	6.97	1250.00
	2422.44	0.00	6.96	1255.00
	2422.45	0.00	6.96	1254.00
	2422.47	0.00	6.96	1254.00
	2422.48	0.00	6.95	1250.00
	2422.49	0.00	6.96	1248.00
	2422.50	0.00	6.96	1251.00
	2422.51	0.00	6.96	1251.00
	2422.52	0.00	6.97	1251.00
	2422.54	0.00	6.96	1248.00
	2422.55	0.00	6.96	1247.00
	2422.56	0.00	6.92	1244.00
	2422.57	0.00	6.96	1243.00
	2422.58	0.00	6.97	1243.00
	2422.59	0.00	6.89	1237.00
	2422.61	0.00	6.97	1241.00
	2422.62	0.00	6.93	1238.00
	2422.63	0.00	6.98	1241.00
	2422.64	0.00	6.98	1241.00
	2422.65	0.00	6.97	1238.00
	2422.66	0.00	6.95	1233.00
	2422.68	0.00	6.99	1235.00
	2422.69	0.00	7.00	1236.00
	2422.70	0.00	7.00	1233.00
	2422.71	0.00	7.02	1234.00
	2422.72	0.00	7.03	1231.00
	2422.73	0.00	7.03	1229.00
	2422.75	0.00	7.01	1223.00
	2422.76	0.00	7.01	1218.00
	2422.77	0.00	7.01	1220.00
	2422.78	0.00	7.05	1225.00
	2422.79	0.00	7.04	1220.00
	2422.80	0.00	7.06	1222.00
	2422.82	0.00	7.08	1224.00
	2422.83	0.00	7.07	1219.00
	2422.84	0.00	7.09	1216.00
	2422.85	0.00	7.03	1201.00
	2422.86	0.00	7.10	1211.00
	2422.87	0.00	7.11	1210.00
	2422.89	0.00	7.10	1208.00
	2422.90	0.00	7.14	1210.00
	2422.91	0.00	7.17	1211.00
	2422.92	0.00	7.17	1209.00
	2422.93	0.00	7.19	1207.00
	2422.94	0.00	7.19	1202.00
	2422.96	0.00	7.18	1197.00
	2422.97	0.00	7.20	1197.00
	2422.98	0.00	7.16	1197.00
	2422.99	0.00	7.21	1199.00
	2423.00	0.00	7.20	1194.00
	2423.01	0.00	7.22	1194.00
	2423.02	0.00	7.21	1187.00
	2423.04	0.00	7.22	1186.00
	2423.05	0.00	7.18	1209.00
	2423.06	0.00	7.17	1208.00
	2423.07	0.00	7.16	1205.00
	2423.08	0.00	7.17	1207.00
	2423.09	0.00	7.21	1186.00
	2423.11	0.00	7.24	1188.00
	2423.12	0.00	7.26	1188.00
	2423.13	0.00	7.25	1189.00
	2423.14	0.00	7.22	1183.00
	2423.15	0.00	7.26	1191.00
	2423.16	0.00	7.25	1191.00
	2423.18	0.00	7.25	1196.00
	2423.19	0.00	7.25	1194.00
	2423.20	0.00	7.26	1193.00
	2423.21	0.00	7.26	1193.00
	2423.22	0.00	7.26	1192.00
	2423.23	0.00	7.27	1189.00
	2423.25	0.00	7.24	1189.00
	2423.26	0.00	7.27	1192.00
	2423.27	0.00	7.26	1191.00
	2423.28	0.00	7.27	1192.00
	2423.29	0.00	7.28	1194.00
	2423.30	0.00	7.27	1191.00
	2423.32	0.00	7.27	1191.00
	2423.33	0.00	7.28	1191.00
	2423.34	0.00	7.27	1191.00
	2423.35	0.00	7.25	1192.00
	2423.36	0.00	7.21	1191.00
	2423.37	0.00	7.24	1196.00
	2423.39	0.00	7.23	1195.00
	2423.40	0.00	7.24	1198.00
	2423.41	0.00	7.23	1199.00
	2423.42	0.00	7.23	1202.00
	2423.43	0.00	7.22	1202.00
	2423.44	0.00	7.21	1203.00
	2423.45	0.00	7.12	1201.00
	2423.47	0.00	7.13	1205.00
	2423.48	0.00	7.12	1207.00
	2423.49	0.00	7.11	1208.00
	2423.50	0.00	7.15	1213.00
	2423.51	0.00	7.05	1204.00
	2423.52	0.00	7.10	1213.00
	2423.54	0.00	7.09	1216.00
	2423.55	0.00	7.08	1217.00
	2423.56	0.00	7.08	1218.00
	2423.57	0.00	7.10	1218.00
	2423.58	0.00	7.07	1216.00
	2423.59	0.00	7.08	1216.00
	2423.61	0.00	7.09	1217.00
	2423.62	0.00	7.12	1220.00
	2423.63	0.00	7.08	1212.00
	2423.64	0.00	7.15	1222.00
	2423.65	0.00	7.14	1223.00
	2423.66	0.00	7.09	1216.00
	2423.68	0.00	7.04	1218.00
	2423.69	0.00	7.05	1218.00
	2423.70	0.00	7.05	1213.00
	2423.71	0.00	7.06	1215.00
	2423.72	0.00	7.08	1215.00
	2423.73	0.00	7.09	1214.00
	2423.75	0.00	7.04	1208.00
	2423.76	0.00	7.08	1215.00
	2423.77	0.00	7.09	1217.00
	2423.78	0.00	7.09	1218.00
	2423.79	0.00	7.09	1220.00
	2423.80	0.00	7.05	1210.00
	2423.82	0.00	7.08	1220.00
	2423.83	0.00	7.03	1214.00
	2423.84	0.00	7.08	1221.00
	2423.85	0.00	7.05	1215.00
	2423.86	0.00	7.08	1220.00
	2423.87	0.00	7.08	1220.00
	2423.88	0.00	7.09	1221.00
	2423.90	0.00	7.07	1221.00
	2423.91	0.00	7.07	1221.00
	2423.92	0.00	7.08	1223.00
	2423.93	0.00	7.08	1220.00
	2423.94	0.00	7.09	1220.00
	2423.95	0.00	7.09	1218.00
	2423.97	0.00	7.10	1218.00
	2423.98	0.00	7.09	1216.00
	2423.99	0.00	7.09	1212.00
	2424.00	0.00	7.11	1209.00
	2424.01	0.00	7.11	1207.00
	2424.02	0.00	7.11	1212.00
	2424.04	0.00	7.01	1191.00
	2424.05	0.00	7.02	1189.00
	2424.06	0.00	7.11	1208.00
	2424.07	0.00	7.13	1206.00
	2424.08	0.00	7.11	1203.00
	2424.09	0.00	7.11	1206.00
	2424.11	0.00	7.12	1205.00
	2424.12	0.00	7.10	1207.00
	2424.13	0.00	7.00	1186.00
	2424.14	0.00	7.01	1185.00
	2424.15	0.00	7.01	1192.00
	2424.16	0.00	7.15	1206.00
	2424.18	0.00	7.11	1206.00
	2424.19	0.00	7.12	1205.00
	2424.20	0.00	7.09	1196.00
	2424.21	0.00	7.11	1204.00
	2424.22	0.00	7.10	1206.00
	2424.23	0.00	7.11	1208.00
	2424.25	0.00	7.11	1210.00
	2424.26	0.00	7.10	1211.00
	2424.27	0.00	7.03	1207.00
	2424.28	0.00	7.10	1214.00
	2424.29	0.00	7.10	1213.00
	2424.30	0.00	7.10	1215.00
	2424.31	0.00	7.09	1212.00
	2424.33	0.00	7.07	1209.00
	2424.34	0.00	7.11	1210.00
	2424.35	0.00	7.10	1209.00
	2424.36	0.00	7.07	1197.00
	2424.37	0.00	7.17	1210.00
	2424.38	0.00	7.15	1203.00
	2424.40	0.00	7.19	1207.00
	2424.41	0.00	7.17	1207.00
	2424.42	0.00	7.19	1208.00
	2424.43	0.00	7.18	1207.00
	2424.44	0.00	7.20	1207.00
	2424.45	0.00	7.21	1203.00
	2424.47	0.00	7.20	1201.00
	2424.48	0.00	7.14	1219.00
	2424.49	0.00	7.16	1219.00
	2424.50	0.00	7.16	1221.00
	2424.51	0.00	7.16	1202.00
	2424.52	0.00	7.15	1219.00
	2424.54	0.00	7.16	1219.00
	2424.55	0.00	7.16	1219.00
	2424.56	0.00	7.17	1220.00
	2424.57	0.00	7.16	1215.00
	2424.58	0.00	7.12	1213.00
	2424.59	0.00	7.16	1219.00
	2424.61	0.00	7.15	1217.00
	2424.62	0.00	7.08	1210.00
	2424.63	0.00	7.11	1214.00
	2424.64	0.00	7.12	1214.00
	2424.65	0.00	7.09	1207.00
	2424.66	0.00	7.06	1199.00
	2424.68	0.00	7.02	1189.00
	2424.69	0.00	7.02	1185.00
	2424.70	0.00	7.16	1220.00
	2424.71	0.00	7.15	1222.00
	2424.72	0.00	6.97	1186.00
	2424.73	0.00	7.06	1201.00
	2424.75	0.00	7.13	1227.00
	2424.76	0.00	7.13	1231.00
	2424.77	0.00	7.07	1230.00
	2424.78	0.00	7.11	1233.00
	2424.79	0.00	7.10	1233.00
	2424.80	0.00	7.14	1235.00
	2424.81	0.00	7.11	1232.00
	2424.83	0.00	7.15	1232.00
	2424.84	0.00	7.15	1231.00
	2424.85	0.00	7.15	1226.00
	2424.86	0.00	7.16	1225.00
	2424.87	0.00	7.14	1222.00
	2424.88	0.00	7.15	1223.00
	2424.90	0.00	7.15	1221.00
	2424.91	0.00	7.09	1210.00
	2424.92	0.00	7.14	1224.00
	2424.93	0.00	7.14	1226.00
	2424.94	0.00	7.15	1228.00
	2424.95	0.00	7.14	1229.00
	2424.97	0.00	7.12	1225.00
	2424.98	0.00	7.14	1233.00
	2424.99	0.00	7.15	1233.00
	2425.00	0.00	7.12	1233.00
	2425.01	0.00	6.99	1225.00
	2425.02	0.00	6.99	1223.00
	2425.04	0.00	6.99	1227.00
	2425.05	0.00	6.97	1226.00
	2425.06	0.00	6.97	1225.00
	2425.07	0.00	6.96	1224.00
	2425.08	0.00	6.96	1224.00
	2425.09	0.00	6.96	1224.00
	2425.11	0.00	6.96	1220.00
	2425.12	0.00	6.96	1221.00
	2425.13	0.00	6.95	1222.00
	2425.14	0.00	6.95	1218.00
	2425.15	0.00	6.96	1217.00
	2425.16	0.00	6.95	1214.00
	2425.18	0.00	6.95	1214.00
	2425.19	0.00	6.95	1211.00
	2425.20	0.00	6.93	1206.00
	2425.21	0.00	6.95	1204.00
	2425.22	0.00	6.95	1202.00
	2425.23	0.00	6.96	1201.00
	2425.25	0.00	6.97	1200.00
	2425.26	0.00	6.96	1198.00
	2425.27	0.00	6.93	1199.00
	2425.28	0.00	6.94	1202.00
	2425.29	0.00	6.94	1202.00
	2425.30	0.00	6.90	1201.00
	2425.32	0.00	6.92	1203.00
	2425.33	0.00	6.94	1203.00
	2425.34	0.00	6.92	1201.00
	2425.35	0.00	6.92	1204.00
	2425.36	0.00	6.90	1204.00
	2425.37	0.00	6.91	1205.00
	2425.38	0.00	6.93	1206.00
	2425.40	0.00	6.92	1205.00
	2425.41	0.00	6.88	1202.00
	2425.42	0.00	6.88	1207.00
	2425.43	0.00	6.88	1207.00
	2425.44	0.00	6.89	1208.00
	2425.45	0.00	6.88	1208.00
	2425.47	0.00	6.90	1209.00
	2425.48	0.00	6.87	1206.00
	2425.49	0.00	6.87	1206.00
	2425.50	0.00	6.85	1203.00
	2425.51	0.00	6.82	1201.00
	2425.52	0.00	6.81	1201.00
	2425.54	0.00	6.79	1199.00
	2425.55	0.00	6.79	1197.00
	2425.56	0.00	6.79	1197.00
	2425.57	0.00	6.80	1197.00
	2425.58	0.00	6.77	1199.00
	2425.59	0.00	6.78	1190.00
	2425.61	0.00	6.85	1191.00
	2425.62	0.00	6.87	1186.00
	2425.63	0.00	6.86	1183.00
	2425.64	0.00	6.83	1182.00
	2425.65	0.00	6.77	1188.00
	2425.66	0.00	6.77	1186.00
	2425.68	0.00	6.79	1190.00
	2425.69	0.00	6.82	1187.00
	2425.70	0.00	6.83	1188.00
	2425.71	0.00	6.79	1190.00
	2425.72	0.00	6.80	1191.00
	2425.73	0.00	6.78	1193.00
	2425.75	0.00	6.70	1202.00
	2425.76	0.00	6.71	1214.00
	2425.77	0.00	6.70	1215.00
	2425.78	0.00	6.71	1220.00
	2425.79	0.00	6.71	1218.00
	2425.80	0.00	6.70	1222.00
	2425.82	0.00	6.71	1228.00
	2425.83	0.00	6.72	1233.00
	2425.84	0.00	6.73	1235.00
	2425.85	0.00	6.74	1239.00
	2425.86	0.00	6.74	1240.00
	2425.87	0.00	6.73	1239.00
	2425.89	0.00	6.73	1241.00
	2425.90	0.00	6.73	1242.00
	2425.91	0.00	6.72	1240.00
	2425.92	0.00	6.72	1236.00
	2425.93	0.00	6.72	1243.00
	2425.94	0.00	6.74	1247.00
	2425.96	0.00	6.72	1247.00
	2425.97	0.00	6.73	1245.00
	2425.98	0.00	6.74	1236.00
	2425.99	0.00	6.81	1233.00
	2426.00	0.00	6.74	1220.00
	2426.01	0.00	6.80	1232.00
	2426.03	0.00	6.79	1231.00
	2426.04	0.00	6.81	1230.00
	2426.05	0.00	6.81	1230.00
	2426.06	0.00	6.82	1232.00
	2426.07	0.00	6.81	1228.00
	2426.08	0.00	6.81	1229.00
	2426.10	0.00	6.80	1227.00
	2426.11	0.00	6.94	1240.00
	2426.12	0.00	6.92	1239.00
	2426.13	0.00	6.92	1239.00
	2426.14	0.00	6.93	1239.00
	2426.15	0.00	6.93	1241.00
	2426.17	0.00	6.95	1244.00
	2426.18	0.00	6.95	1244.00
	2426.19	0.00	6.96	1244.00
	2426.20	0.00	6.95	1243.00
	2426.21	0.00	6.97	1246.00
	2426.22	0.00	6.95	1242.00
	2426.24	0.00	6.97	1243.00
	2426.25	0.00	6.96	1241.00
	2426.26	0.00	6.93	1234.00
	2426.27	0.00	6.86	1220.00
	2426.28	0.00	6.84	1213.00
	2426.29	0.00	6.84	1211.00
	2426.31	0.00	6.83	1210.00
	2426.32	0.00	6.84	1208.00
	2426.33	0.00	6.84	1207.00
	2426.34	0.00	6.78	1201.00
	2426.35	0.00	6.84	1204.00
	2426.36	0.00	6.78	1202.00
	2426.38	0.00	6.85	1200.00
	2426.39	0.00	6.80	1201.00
	2426.40	0.00	6.80	1196.00
	2426.41	0.00	6.85	1198.00
	2426.42	0.00	6.87	1199.00
	2426.43	0.00	6.87	1196.00
	2426.44	0.00	6.85	1194.00
	2426.46	0.00	6.86	1194.00
	2426.47	0.00	6.85	1193.00
	2426.48	0.00	6.86	1193.00
	2426.49	0.00	6.81	1192.00
	2426.50	0.00	6.84	1192.00
	2426.52	0.00	6.79	1190.00
	2426.53	0.00	6.84	1192.00
	2426.54	0.00	6.84	1191.00
	2426.55	0.00	6.85	1190.00
	2426.56	0.00	6.84	1189.00
	2426.57	0.00	6.79	1183.00
	2426.59	0.00	6.83	1187.00
	2426.60	0.00	6.83	1188.00
	2426.61	0.00	6.82	1188.00
	2426.62	0.00	6.82	1188.00
	2426.63	0.00	6.82	1187.00
	2426.64	0.00	6.81	1187.00
	2426.65	0.00	6.81	1188.00
	2426.67	0.00	6.77	1189.00
	2426.68	0.00	6.77	1187.00
	2426.69	0.00	6.79	1187.00
	2426.70	0.00	7.16	1237.00
	2426.71	0.00	7.18	1245.00
	2426.73	0.00	7.17	1247.00
	2426.74	0.00	7.17	1249.00
	2426.75	0.00	7.16	1248.00
	2426.76	0.00	7.15	1249.00
	2426.77	0.00	7.15	1252.00
	2426.78	0.00	7.16	1253.00
	2426.80	0.00	7.27	1264.00
	2426.81	0.00	7.12	1251.00
	2426.82	0.00	7.16	1261.00
	2426.83	0.00	7.14	1261.00
	2426.84	0.00	7.14	1262.00
	2426.85	0.00	7.14	1264.00
	2426.86	0.00	7.30	1280.00
	2426.88	0.00	7.30	1280.00
	2426.89	0.00	7.28	1282.00
	2426.90	0.00	7.31	1283.00
	2426.91	0.00	7.34	1283.00
	2426.92	0.00	7.32	1283.00
	2426.94	0.00	7.32	1286.00
	2426.95	0.00	7.34	1286.00
	2426.96	0.00	7.35	1286.00
	2426.97	0.00	7.36	1283.00
	2426.98	0.00	7.35	1281.00
	2426.99	0.00	7.34	1280.00
	2427.00	0.00	7.35	1282.00
	2427.02	0.00	7.36	1282.00
	2427.03	0.00	7.36	1277.00
	2427.04	0.00	7.38	1275.00
	2427.05	0.00	7.39	1277.00
	2427.06	0.00	7.38	1274.00
	2427.07	0.00	7.39	1276.00
	2427.09	0.00	7.38	1275.00
	2427.10	0.00	7.39	1274.00
	2427.11	0.00	7.40	1273.00
	2427.12	0.00	7.41	1272.00
	2427.13	0.00	7.38	1267.00
	2427.15	0.00	7.38	1281.00
	2427.16	0.00	7.43	1268.00
	2427.17	0.00	7.44	1266.00
	2427.18	0.00	7.44	1263.00
	2427.19	0.00	7.46	1264.00
	2427.20	0.00	7.44	1274.00
	2427.21	0.00	7.43	1271.00
	2427.23	0.00	7.43	1268.00
	2427.24	0.00	7.46	1270.00
	2427.25	0.00	7.44	1264.00
	2427.26	0.00	7.48	1266.00
	2427.27	0.00	7.47	1266.00
	2427.28	0.00	7.46	1264.00
	2427.30	0.00	7.40	1256.00
	2427.31	0.00	7.45	1264.00
	2427.32	0.00	7.47	1267.00
	2427.33	0.00	7.42	1262.00
	2427.34	0.00	7.43	1263.00
	2427.35	0.00	7.42	1266.00
	2427.37	0.00	7.41	1261.00
	2427.38	0.00	7.38	1260.00
	2427.39	0.00	7.38	1260.00
	2427.40	0.00	7.37	1260.00
	2427.41	0.00	7.36	1259.00
	2427.42	0.00	7.35	1260.00
	2427.44	0.00	7.34	1258.00
	2427.45	0.00	7.29	1247.00
	2427.46	0.00	7.32	1250.00
	2427.47	0.00	7.33	1255.00
	2427.48	0.00	7.32	1257.00
	2427.50	0.00	7.33	1260.00
	2427.51	0.00	7.32	1260.00
	2427.52	0.00	7.28	1256.00
	2427.53	0.00	7.25	1253.00
	2427.54	0.00	7.26	1252.00
	2427.55	0.00	7.27	1254.00
	2427.56	0.00	7.28	1258.00
	2427.58	0.00	7.32	1263.00
	2427.59	0.00	7.30	1261.00
	2427.60	0.00	7.29	1260.00
	2427.61	0.00	7.28	1256.00
	2427.62	0.00	7.26	1252.00
	2427.63	0.00	7.28	1254.00
	2427.65	0.00	7.27	1255.00
	2427.66	0.00	7.28	1258.00
	2427.67	0.00	7.28	1260.00
	2427.68	0.00	7.31	1264.00
	2427.69	0.00	7.31	1266.00
	2427.70	0.00	7.28	1264.00
	2427.72	0.00	7.24	1262.00
	2427.73	0.00	7.22	1260.00
	2427.74	0.00	7.26	1263.00
	2427.75	0.00	7.25	1262.00
	2427.76	0.00	7.20	1258.00
	2427.77	0.00	7.29	1275.00
	2427.79	0.00	7.31	1278.00
	2427.80	0.00	7.30	1278.00
	2427.81	0.00	7.30	1278.00
	2427.82	0.00	7.32	1274.00
	2427.83	0.00	7.30	1276.00
	2427.84	0.00	7.29	1275.00
	2427.86	0.00	7.31	1275.00
	2427.87	0.00	7.33	1281.00
	2427.88	0.00	7.35	1282.00
	2427.89	0.00	7.35	1282.00
	2427.90	0.00	7.35	1279.00
	2427.91	0.00	7.35	1279.00
	2427.93	0.00	7.37	1282.00
	2427.94	0.00	7.39	1285.00
	2427.95	0.00	7.37	1285.00
	2427.96	0.00	7.39	1283.00
	2427.97	0.00	7.40	1284.00
	2427.98	0.00	7.37	1280.00
	2428.00	0.00	7.37	1281.00
	2428.01	0.00	7.36	1276.00
	2428.02	0.00	7.35	1274.00
	2428.03	0.00	7.36	1279.00
	2428.04	0.00	7.39	1281.00
	2428.05	0.00	7.37	1279.00
	2428.07	0.00	7.37	1278.00
	2428.08	0.00	7.35	1273.00
	2428.09	0.00	7.37	1275.00
	2428.10	0.00	7.46	1295.00
	2428.11	0.00	7.46	1293.00
	2428.12	0.00	7.46	1295.00
	2428.14	0.00	7.46	1293.00
	2428.15	0.00	7.36	1273.00
	2428.16	0.00	7.40	1277.00
	2428.17	0.00	7.47	1291.00
	2428.18	0.00	7.46	1295.00
	2428.19	0.00	7.48	1295.00
	2428.21	0.00	7.46	1297.00
	2428.22	0.00	7.48	1297.00
	2428.23	0.00	7.43	1292.00
	2428.24	0.00	7.39	1284.00
	2428.25	0.00	7.47	1300.00
	2428.26	0.00	7.46	1301.00
	2428.28	0.00	7.46	1301.00
	2428.29	0.00	7.45	1299.00
	2428.30	0.00	7.46	1300.00
	2428.31	0.00	7.44	1301.00
	2428.32	0.00	7.33	1280.00
	2428.33	0.00	7.37	1284.00
	2428.35	0.00	7.45	1303.00
	2428.36	0.00	7.44	1304.00
	2428.37	0.00	7.44	1305.00
	2428.38	0.00	7.44	1305.00
	2428.39	0.00	7.44	1304.00
	2428.40	0.00	7.44	1306.00
	2428.42	0.00	7.44	1305.00
	2428.43	0.00	7.43	1306.00
	2428.44	0.00	7.43	1305.00
	2428.45	0.00	7.43	1310.00
	2428.46	0.00	7.43	1312.00
	2428.47	0.00	7.42	1310.00
	2428.49	0.00	7.43	1310.00
	2428.50	0.00	7.41	1309.00
	2428.51	0.00	7.41	1311.00
	2428.52	0.00	7.41	1310.00
	2428.53	0.00	7.42	1310.00
	2428.54	0.00	7.43	1311.00
	2428.56	0.00	7.41	1311.00
	2428.57	0.00	7.42	1312.00
	2428.58	0.00	7.41	1311.00
	2428.59	0.00	7.41	1312.00
	2428.60	0.00	7.41	1313.00
	2428.61	0.00	7.40	1314.00
	2428.63	0.00	7.38	1312.00
	2428.64	0.00	7.38	1312.00
	2428.65	0.00	7.39	1316.00
	2428.66	0.00	7.37	1314.00
	2428.67	0.00	7.37	1313.00
	2428.68	0.00	7.35	1313.00
	2428.70	0.00	7.37	1314.00
	2428.71	0.00	7.35	1315.00
	2428.72	0.00	7.35	1317.00
	2428.73	0.00	7.35	1317.00
	2428.74	0.00	7.35	1316.00
	2428.75	0.00	7.34	1316.00
	2428.77	0.00	7.35	1317.00
	2428.78	0.00	7.34	1315.00
	2428.79	0.00	7.35	1318.00
	2428.80	0.00	7.35	1317.00
	2428.81	0.00	7.35	1318.00
	2428.82	0.00	7.36	1318.00
	2428.84	0.00	7.35	1319.00
	2428.85	0.00	7.35	1317.00
	2428.86	0.00	7.36	1320.00
	2428.87	0.00	7.36	1318.00
	2428.88	0.00	7.36	1318.00
	2428.89	0.00	7.42	1324.00
	2428.91	0.00	7.41	1324.00
	2428.92	0.00	7.42	1324.00
	2428.93	0.00	7.42	1323.00
	2428.94	0.00	7.41	1322.00
	2428.95	0.00	7.37	1320.00
	2428.96	0.00	7.41	1326.00
	2428.98	0.00	7.43	1325.00
	2428.99	0.00	7.43	1325.00
	2429.00	0.00	7.43	1326.00
	2429.01	0.00	7.37	1317.00
	2429.02	0.00	7.42	1327.00
	2429.03	0.00	7.43	1328.00
	2429.05	0.00	7.42	1326.00
	2429.06	0.00	7.43	1328.00
	2429.07	0.00	7.42	1326.00
	2429.08	0.00	7.42	1327.00
	2429.09	0.00	7.38	1323.00
	2429.10	0.00	7.41	1327.00
	2429.12	0.00	7.41	1324.00
	2429.13	0.00	7.41	1325.00
	2429.14	0.00	7.41	1324.00
	2429.15	0.00	7.41	1322.00
	2429.16	0.00	7.43	1325.00
	2429.17	0.00	7.42	1320.00
	2429.19	0.00	7.42	1318.00
	2429.20	0.00	7.39	1321.00
	2429.21	0.00	7.40	1322.00
	2429.22	0.00	7.40	1321.00
	2429.23	0.00	7.43	1321.00
	2429.25	0.00	7.43	1319.00
	2429.26	0.00	7.40	1314.00
	2429.27	0.00	7.36	1331.00
	2429.28	0.00	7.42	1315.00
	2429.29	0.00	7.43	1320.00
	2429.30	0.00	7.43	1318.00
	2429.31	0.00	7.37	1305.00
	2429.33	0.00	7.40	1325.00
	2429.34	0.00	7.38	1335.00
	2429.35	0.00	7.38	1335.00
	2429.36	0.00	7.37	1333.00
	2429.37	0.00	7.38	1335.00
	2429.38	0.00	7.37	1335.00
	2429.40	0.00	7.39	1337.00
	2429.41	0.00	7.37	1335.00
	2429.42	0.00	7.37	1335.00
	2429.43	0.00	7.37	1335.00
	2429.44	0.00	7.36	1334.00
	2429.45	0.00	7.37	1334.00
	2429.47	0.00	7.36	1331.00
	2429.48	0.00	7.37	1333.00
	2429.49	0.00	7.37	1332.00
	2429.50	0.00	7.39	1333.00
	2429.51	0.00	7.37	1333.00
	2429.52	0.00	7.36	1330.00
	2429.54	0.00	7.35	1328.00
	2429.55	0.00	7.34	1331.00
	2429.56	0.00	7.29	1331.00
	2429.57	0.00	7.32	1328.00
	2429.58	0.00	7.36	1333.00
	2429.59	0.00	7.37	1334.00
	2429.61	0.00	7.37	1334.00
	2429.62	0.00	7.35	1331.00
	2429.63	0.00	7.33	1330.00
	2429.64	0.00	7.34	1331.00
	2429.65	0.00	7.32	1328.00
	2429.66	0.00	7.33	1331.00
	2429.68	0.00	7.32	1329.00
	2429.69	0.00	7.31	1329.00
	2429.70	0.00	7.31	1328.00
	2429.71	0.00	7.31	1327.00
	2429.72	0.00	7.28	1326.00
	2429.73	0.00	7.29	1324.00
	2429.75	0.00	7.31	1326.00
	2429.76	0.00	7.31	1327.00
	2429.77	0.00	7.26	1321.00
	2429.78	0.00	7.32	1326.00
	2429.79	0.00	7.32	1326.00
	2429.80	0.00	7.31	1325.00
	2429.82	0.00	7.31	1322.00
	2429.83	0.00	7.33	1321.00
	2429.84	0.00	7.32	1320.00
	2429.85	0.00	7.33	1319.00
	2429.86	0.00	7.32	1316.00
	2429.87	0.00	7.34	1315.00
	2429.89	0.00	7.34	1316.00
	2429.90	0.00	7.32	1315.00
	2429.91	0.00	7.32	1317.00
	2429.92	0.00	7.30	1315.00
	2429.93	0.00	7.30	1313.00
	2429.94	0.00	7.30	1313.00
	2429.96	0.00	7.30	1315.00
	2429.97	0.00	7.31	1316.00
	2429.98	0.00	7.35	1322.00
	2429.99	0.00	7.30	1316.00
	2430.00	0.00	7.24	1317.00
	2430.01	0.00	7.22	1315.00
	2430.03	0.00	7.25	1319.00
	2430.04	0.00	7.25	1318.00
	2430.05	0.00	7.22	1316.00
	2430.06	0.00	7.24	1317.00
	2430.07	0.00	7.25	1313.00
	2430.08	0.00	7.24	1313.00
	2430.10	0.00	7.24	1313.00
	2430.11	0.00	7.21	1312.00
	2430.12	0.00	7.25	1315.00
	2430.13	0.00	7.22	1313.00
	2430.14	0.00	7.24	1315.00
	2430.15	0.00	7.29	1317.00
	2430.17	0.00	7.28	1317.00
	2430.18	0.00	7.28	1320.00
	2430.19	0.00	7.27	1319.00
	2430.20	0.00	7.26	1319.00
	2430.21	0.00	7.24	1318.00
	2430.22	0.00	7.27	1317.00
	2430.24	0.00	7.25	1316.00
	2430.25	0.00	7.31	1324.00
	2430.26	0.00	7.31	1324.00
	2430.27	0.00	7.31	1323.00
	2430.28	0.00	7.28	1320.00
	2430.30	0.00	7.26	1318.00
	2430.31	0.00	7.27	1321.00
	2430.32	0.00	7.27	1321.00
	2430.33	0.00	7.25	1320.00
	2430.34	0.00	7.20	1313.00
	2430.35	0.00	7.27	1321.00
	2430.36	0.00	7.27	1323.00
	2430.38	0.00	7.26	1318.00
	2430.39	0.00	7.30	1326.00
	2430.40	0.00	7.27	1325.00
	2430.41	0.00	7.26	1323.00
	2430.42	0.00	7.29	1327.00
	2430.44	0.00	7.30	1327.00
	2430.45	0.00	7.31	1328.00
	2430.46	0.00	7.30	1327.00
	2430.47	0.00	7.30	1327.00
	2430.48	0.00	6.94	1276.00
	2430.49	0.00	6.91	1272.00
	2430.50	0.00	6.92	1271.00
	2430.52	0.00	6.95	1274.00
	2430.53	0.00	6.98	1280.00
	2430.54	0.00	6.97	1277.00
	2430.55	0.00	6.97	1277.00
	2430.56	0.00	6.98	1277.00
	2430.57	0.00	6.98	1277.00
	2430.59	0.00	7.00	1280.00
	2430.60	0.00	6.98	1276.00
	2430.61	0.00	6.99	1275.00
	2430.62	0.00	6.98	1274.00
	2430.63	0.00	6.99	1275.00
	2430.65	0.00	7.00	1275.00
	2430.66	0.00	6.96	1273.00
	2430.67	0.00	7.01	1277.00
	2430.68	0.00	7.02	1279.00
	2430.69	0.00	7.00	1280.00
	2430.70	0.00	7.03	1281.00
	2430.71	0.00	7.02	1280.00
	2430.73	0.00	7.01	1279.00
	2430.74	0.00	7.02	1282.00
	2430.75	0.00	7.02	1282.00
	2430.76	0.00	7.03	1285.00
	2430.77	0.00	7.03	1284.00
	2430.78	0.00	7.03	1285.00
	2430.80	0.00	7.02	1282.00
	2430.81	0.00	7.01	1280.00
	2430.82	0.00	7.02	1280.00
	2430.83	0.00	7.03	1283.00
	2430.84	0.00	7.04	1282.00
	2430.86	0.00	7.06	1286.00
	2430.87	0.00	7.06	1285.00
	2430.88	0.00	7.05	1284.00
	2430.89	0.00	7.02	1280.00
	2430.90	0.00	7.04	1285.00
	2430.91	0.00	7.07	1285.00
	2430.92	0.00	7.06	1283.00
	2430.94	0.00	7.07	1287.00
	2430.95	0.00	7.07	1286.00
	2430.96	0.00	7.09	1288.00
	2430.97	0.00	7.11	1290.00
	2430.98	0.00	7.09	1287.00
	2431.00	0.00	7.09	1285.00
	2431.01	0.00	7.05	1273.00
	2431.02	0.00	7.10	1284.00
	2431.03	0.00	7.11	1286.00
	2431.04	0.00	7.11	1284.00
	2431.05	0.00	7.11	1284.00
	2431.07	0.00	7.10	1283.00
	2431.08	0.00	7.09	1280.00
	2431.09	0.00	7.09	1281.00
	2431.10	0.00	7.09	1278.00
	2431.11	0.00	7.08	1277.00
	2431.12	0.00	7.10	1281.00
	2431.13	0.00	7.11	1283.00
	2431.15	0.00	7.10	1281.00
	2431.16	0.00	7.08	1278.00
	2431.17	0.00	7.07	1274.00
	2431.18	0.00	7.07	1274.00
	2431.19	0.00	7.41	1323.00
	2431.20	0.00	7.44	1323.00
	2431.22	0.00	7.44	1317.00
	2431.23	0.00	7.46	1321.00
	2431.24	0.00	7.46	1322.00
	2431.25	0.00	7.46	1323.00
	2431.26	0.00	7.42	1316.00
	2431.28	0.00	7.42	1320.00
	2431.29	0.00	7.36	1317.00
	2431.30	0.00	7.33	1314.00
	2431.31	0.00	7.33	1311.00
	2431.32	0.00	7.33	1311.00
	2431.33	0.00	7.34	1314.00
	2431.34	0.00	7.32	1311.00
	2431.36	0.00	7.31	1309.00
	2431.37	0.00	7.32	1308.00
	2431.38	0.00	7.31	1310.00
	2431.39	0.00	7.25	1302.00
	2431.40	0.00	7.34	1310.00
	2431.42	0.00	7.35	1312.00
	2431.43	0.00	7.40	1314.00
	2431.44	0.00	7.39	1319.00
	2431.45	0.00	7.40	1319.00
	2431.46	0.00	7.40	1319.00
	2431.47	0.00	7.39	1320.00
	2431.48	0.00	7.38	1319.00
	2431.50	0.00	7.42	1303.00
	2431.51	0.00	7.42	1307.00
	2431.52	0.00	7.43	1309.00
	2431.53	0.00	7.44	1312.00
	2431.54	0.00	7.45	1312.00
	2431.55	0.00	7.46	1310.00
	2431.57	0.00	7.11	1258.00
	2431.58	0.00	7.14	1270.00
	2431.59	0.00	7.13	1269.00
	2431.60	0.00	7.12	1274.00
	2431.61	0.00	7.20	1276.00
	2431.63	0.00	7.17	1269.00
	2431.64	0.00	7.21	1276.00
	2431.65	0.00	7.21	1276.00
	2431.66	0.00	7.16	1291.00
	2431.67	0.00	7.16	1294.00
	2431.68	0.00	7.17	1292.00
	2431.69	0.00	7.16	1291.00
	2431.71	0.00	7.16	1289.00
	2431.72	0.00	7.16	1287.00
	2431.73	0.00	7.14	1286.00
	2431.74	0.00	7.17	1283.00
	2431.75	0.00	7.19	1282.00
	2431.76	0.00	7.17	1278.00
	2431.78	0.00	7.18	1276.00
	2431.79	0.00	7.19	1262.00
	2431.80	0.00	7.09	1267.00
	2431.81	0.00	7.10	1269.00
	2431.82	0.00	7.11	1269.00
	2431.84	0.00	7.22	1271.00
	2431.85	0.00	7.13	1272.00
	2431.86	0.00	7.21	1274.00
	2431.87	0.00	7.18	1271.00
	2431.88	0.00	7.15	1269.00
	2431.89	0.00	7.12	1272.00
	2431.90	0.00	7.14	1272.00
	2431.92	0.00	7.15	1271.00
	2431.93	0.00	7.11	1272.00
	2431.94	0.00	7.04	1258.00
	2431.95	0.00	7.10	1272.00
	2431.96	0.00	6.95	1251.00
	2431.97	0.00	6.95	1254.00
	2431.99	0.00	6.98	1264.00
	2432.00	0.00	6.94	1263.00
	2432.01	0.00	6.93	1260.00
	2432.02	0.00	6.94	1270.00
	2432.03	0.00	7.08	1285.00
	2432.05	0.00	7.09	1287.00
	2432.06	0.00	7.10	1289.00
	2432.07	0.00	7.10	1287.00
	2432.08	0.00	7.09	1286.00
	2432.09	0.00	7.09	1286.00
	2432.10	0.00	7.09	1285.00
	2432.11	0.00	7.09	1284.00
	2432.13	0.00	7.10	1283.00
	2432.14	0.00	7.11	1281.00
	2432.15	0.00	7.17	1286.00
	2432.16	0.00	7.16	1285.00
	2432.17	0.00	7.17	1283.00
	2432.18	0.00	7.13	1278.00
	2432.20	0.00	7.14	1275.00
	2432.21	0.00	7.14	1273.00
	2432.22	0.00	7.17	1272.00
	2432.23	0.00	7.18	1268.00
	2432.24	0.00	7.18	1269.00
	2432.26	0.00	7.17	1270.00
	2432.27	0.00	7.17	1271.00
	2432.28	0.00	7.11	1264.00
	2432.29	0.00	6.74	1189.00
	2432.30	0.00	6.71	1190.00
	2432.31	0.00	6.99	1243.00
	2432.32	0.00	7.01	1250.00
	2432.34	0.00	7.07	1257.00
	2432.35	0.00	7.09	1266.00
	2432.36	0.00	7.11	1272.00
	2432.37	0.00	7.12	1275.00
	2432.38	0.00	7.13	1279.00
	2432.39	0.00	7.10	1275.00
	2432.41	0.00	7.08	1270.00
	2432.42	0.00	7.06	1269.00
	2432.43	0.00	7.02	1258.00
	2432.44	0.00	7.07	1269.00
	2432.45	0.00	7.06	1268.00
	2432.46	0.00	7.06	1267.00
	2432.48	0.00	7.09	1269.00
	2432.49	0.00	7.20	1293.00
	2432.50	0.00	7.19	1292.00
	2432.51	0.00	7.15	1291.00
	2432.52	0.00	7.19	1293.00
	2432.53	0.00	7.20	1295.00
	2432.55	0.00	7.19	1293.00
	2432.56	0.00	7.19	1293.00
	2432.57	0.00	7.19	1292.00
	2432.58	0.00	7.21	1290.00
	2432.59	0.00	7.21	1287.00
	2432.60	0.00	7.28	1290.00
	2432.62	0.00	7.29	1287.00
	2432.63	0.00	7.29	1284.00
	2432.64	0.00	7.24	1276.00
	2432.65	0.00	7.27	1276.00
	2432.66	0.00	7.30	1276.00
	2432.67	0.00	7.33	1272.00
	2432.69	0.00	7.34	1268.00
	2432.70	0.00	7.36	1264.00
	2432.71	0.00	7.36	1253.00
	2432.72	0.00	7.30	1244.00
	2432.73	0.00	7.36	1243.00
	2432.75	0.00	7.39	1239.00
	2432.76	0.00	7.39	1229.00
	2432.77	0.00	7.39	1223.00
	2432.78	0.00	7.34	1243.00
	2432.79	0.00	7.68	1291.00
	2432.80	0.00	7.68	1290.00
	2432.81	0.00	7.34	1236.00
	2432.83	0.00	7.33	1231.00
	2432.84	0.00	7.32	1228.00
	2432.85	0.00	7.33	1228.00
	2432.86	0.00	7.28	1225.00
	2432.87	0.00	7.50	1273.00
	2432.88	0.00	7.49	1270.00
	2432.90	0.00	7.47	1269.00
	2432.91	0.00	7.43	1263.00
	2432.92	0.00	7.45	1265.00
	2432.93	0.00	7.43	1263.00
	2432.94	0.00	7.42	1262.00
	2432.95	0.00	7.37	1251.00
	2432.97	0.00	7.33	1243.00
	2432.98	0.00	7.46	1272.00
	2432.99	0.00	7.46	1272.00
	2433.00	0.00	7.45	1269.00
	2433.01	0.00	7.47	1269.00
	2433.02	0.00	7.45	1267.00
	2433.04	0.00	7.46	1268.00
	2433.05	0.00	7.46	1268.00
	2433.06	0.00	7.44	1266.00
	2433.07	0.00	7.46	1263.00
	2433.08	0.00	7.55	1271.00
	2433.09	0.00	7.56	1268.00
	2433.11	0.00	7.54	1267.00
	2433.12	0.00	7.52	1258.00
	2433.13	0.00	7.47	1248.00
	2433.14	0.00	7.53	1253.00
	2433.15	0.00	7.52	1248.00
	2433.16	0.00	7.55	1249.00
	2433.18	0.00	7.56	1244.00
	2433.19	0.00	7.56	1236.00
	2433.20	0.00	7.60	1227.00
	2433.21	0.00	7.56	1214.00
	2433.22	0.00	7.44	1195.00
	2433.23	0.00	7.43	1188.00
	2433.25	0.00	7.08	1124.00
	2433.26	0.00	7.08	1113.00
	2433.27	0.00	7.12	1103.00
	2433.28	0.00	7.12	1088.00
	2433.29	0.00	7.11	1075.00
	2433.30	0.00	7.12	1058.00
	2433.31	0.00	7.13	1053.00
	2433.33	0.00	7.11	1045.00
	2433.34	0.00	7.13	1041.00
	2433.35	0.00	7.14	1035.00
	2433.36	0.00	7.14	1029.00
	2433.37	0.00	7.15	1021.00
	2433.38	0.00	7.16	1011.00
	2433.40	0.00	7.17	1001.00
	2433.41	0.00	7.17	995.00
	2433.42	0.00	7.14	981.00
	2433.43	0.00	7.10	959.00
	2433.44	0.00	7.09	944.00
	2433.45	0.00	6.70	879.00
	2433.47	0.00	6.70	870.00
	2433.48	0.00	6.69	864.00
	2433.49	0.00	6.71	862.00
	2433.50	0.00	6.65	848.00
	2433.51	0.00	6.62	838.00
	2433.52	0.00	6.64	833.00
	2433.54	0.00	6.63	823.00
	2433.55	0.00	6.71	796.00
	2433.56	0.00	6.66	787.00
	2433.57	0.00	6.63	777.00
	2433.58	0.00	6.82	785.00
	2433.59	0.00	6.83	781.00
	2433.60	0.00	6.80	778.00
	2433.62	0.00	6.82	776.00
	2433.63	0.00	6.67	765.00
	2433.64	0.00	5.79	711.00
	2433.65	0.00	5.80	709.00
	2433.66	0.00	5.79	705.00
	2433.67	0.00	5.79	708.00
	2433.69	0.00	5.80	708.00
	2433.70	0.00	5.78	709.00
	2433.71	0.00	5.81	709.00
	2433.72	0.00	5.87	713.00
	2433.73	0.00	5.87	713.00
	2433.74	0.00	5.81	738.00
	2433.76	0.00	5.81	739.00
	2433.77	0.00	5.80	740.00
	2433.78	0.00	5.78	741.00
	2433.79	0.00	5.74	741.00
	2433.80	0.00	5.78	743.00
	2433.81	0.00	5.78	741.00
	2433.82	0.00	5.80	744.00
	2433.84	0.00	5.86	751.00
	2433.85	0.00	5.86	754.00
	2433.86	0.00	5.87	752.00
	2433.87	0.00	5.81	777.00
	2433.88	0.00	5.81	780.00
	2433.89	0.00	5.80	782.00
	2433.90	0.00	5.77	779.00
	2433.92	0.00	5.80	783.00
	2433.93	0.00	5.81	782.00
	2433.94	0.00	5.83	776.00
	2433.95	0.00	5.84	776.00
	2433.96	0.00	5.85	767.00
	2433.97	0.00	5.87	758.00
	2433.99	0.00	5.89	752.00
	2434.00	0.00	5.90	740.00
	2434.01	0.00	5.91	731.00
	2434.02	0.00	5.93	723.00
	2434.03	0.00	5.95	715.00
	2434.04	0.00	5.90	709.00
	2434.06	0.00	5.91	702.00
	2434.07	0.00	5.92	695.00
	2434.08	0.00	5.88	691.00
	2434.09	0.00	5.88	686.00
	2434.10	0.00	5.88	683.00
	2434.11	0.00	5.90	686.00
	2434.12	0.00	5.91	687.00
	2434.14	0.00	5.90	691.00
	2434.15	0.00	6.38	759.00
	2434.16	0.00	6.46	774.00
	2434.17	0.00	6.46	787.00
	2434.18	0.00	6.47	791.00
	2434.19	0.00	6.46	793.00
	2434.21	0.00	6.48	791.00
	2434.22	0.00	6.59	785.00
	2434.23	0.00	6.63	789.00
	2434.24	0.00	6.66	793.00
	2434.25	0.00	6.69	797.00
	2434.26	0.00	6.71	801.00
	2434.28	0.00	6.75	805.00
	2434.29	0.00	6.75	807.00
	2434.30	0.00	6.58	786.00
	2434.31	0.00	6.59	789.00
	2434.32	0.00	6.60	789.00
	2434.33	0.00	6.59	789.00
	2434.34	0.00	6.61	792.00
	2434.36	0.00	6.60	790.00
	2434.37	0.00	6.61	795.00
	2434.38	0.00	6.62	796.00
	2434.39	0.00	6.61	796.00
	2434.40	0.00	6.61	795.00
	2434.41	0.00	6.69	801.00
	2434.42	0.00	6.70	801.00
	2434.44	0.00	6.70	799.00
	2434.45	0.00	6.64	821.00
	2434.46	0.00	6.63	823.00
	2434.47	0.00	6.63	825.00
	2434.48	0.00	6.61	827.00
	2434.50	0.00	6.60	826.00
	2434.51	0.00	6.58	828.00
	2434.52	0.00	6.52	820.00
	2434.53	0.00	6.43	818.00
	2434.54	0.00	6.62	840.00
	2434.55	0.00	6.69	841.00
	2434.56	0.00	6.69	843.00
	2434.58	0.00	6.76	851.00
	2434.59	0.00	6.76	850.00
	2434.60	0.00	6.78	850.00
	2434.61	0.00	6.78	851.00
	2434.62	0.00	6.77	852.00
	2434.63	0.00	6.72	849.00
	2434.65	0.00	6.67	868.00
	2434.66	0.00	6.67	870.00
	2434.67	0.00	6.69	871.00
	2434.68	0.00	6.67	870.00
	2434.69	0.00	6.67	872.00
	2434.70	0.00	6.64	870.00
	2434.71	0.00	6.63	871.00
	2434.73	0.00	6.59	867.00
	2434.74	0.00	6.52	855.00
	2434.75	0.00	6.69	885.00
	2434.76	0.00	6.69	885.00
	2434.77	0.00	6.68	885.00
	2434.78	0.00	6.69	885.00
	2434.80	0.00	6.68	884.00
	2434.81	0.00	6.69	885.00
	2434.82	0.00	6.69	885.00
	2434.83	0.00	6.68	881.00
	2434.84	0.00	6.66	877.00
	2434.85	0.00	6.69	883.00
	2434.87	0.00	6.70	882.00
	2434.88	0.00	6.69	879.00
	2434.89	0.00	6.70	880.00
	2434.90	0.00	6.68	877.00
	2434.91	0.00	6.66	878.00
	2434.92	0.00	6.65	875.00
	2434.93	0.00	6.66	871.00
	2434.95	0.00	6.66	868.00
	2434.96	0.00	6.66	867.00
	2434.97	0.00	6.67	868.00
	2434.98	0.00	6.68	865.00
	2434.99	0.00	6.68	864.00
	2435.00	0.00	6.70	863.00
	2435.02	0.00	6.70	862.00
	2435.03	0.00	6.67	855.00
	2435.04	0.00	6.64	860.00
	2435.05	0.00	6.63	858.00
	2435.06	0.00	6.58	854.00
	2435.07	0.00	6.55	850.00
	2435.08	0.00	6.55	850.00
	2435.10	0.00	6.54	842.00
	2435.11	0.00	6.66	832.00
	2435.12	0.00	6.67	832.00
	2435.13	0.00	6.67	831.00
	2435.14	0.00	6.68	832.00
	2435.15	0.00	6.71	835.00
	2435.17	0.00	6.72	834.00
	2435.18	0.00	6.54	810.00
	2435.19	0.00	6.53	809.00
	2435.20	0.00	6.54	810.00
	2435.21	0.00	6.53	810.00
	2435.22	0.00	6.52	810.00
	2435.23	0.00	6.52	812.00
	2435.25	0.00	6.52	812.00
	2435.26	0.00	6.52	814.00
	2435.27	0.00	6.54	815.00
	2435.28	0.00	6.53	812.00
	2435.29	0.00	6.62	817.00
	2435.30	0.00	6.61	816.00
	2435.32	0.00	6.60	814.00
	2435.33	0.00	6.62	811.00
	2435.34	0.00	6.58	822.00
	2435.35	0.00	6.55	831.00
	2435.36	0.00	6.55	832.00
	2435.37	0.00	6.55	829.00
	2435.39	0.00	6.53	831.00
	2435.40	0.00	6.50	827.00
	2435.41	0.00	6.46	822.00
	2435.42	0.00	6.51	823.00
	2435.43	0.00	6.63	840.00
	2435.44	0.00	6.63	837.00
	2435.45	0.00	6.60	836.00
	2435.47	0.00	6.62	837.00
	2435.48	0.00	6.69	842.00
	2435.49	0.00	6.71	839.00
	2435.50	0.00	6.70	836.00
	2435.51	0.00	6.63	853.00
	2435.52	0.00	6.62	852.00
	2435.53	0.00	6.61	852.00
	2435.55	0.00	6.57	851.00
	2435.56	0.00	6.56	845.00
	2435.57	0.00	6.52	838.00
	2435.58	0.00	6.51	837.00
	2435.59	0.00	6.68	857.00
	2435.60	0.00	6.67	864.00
	2435.62	0.00	6.66	864.00
	2435.63	0.00	6.66	864.00
	2435.64	0.00	6.65	863.00
	2435.65	0.00	6.64	857.00
	2435.66	0.00	6.59	851.00
	2435.67	0.00	6.66	865.00
	2435.69	0.00	6.65	867.00
	2435.70	0.00	6.65	867.00
	2435.71	0.00	6.57	868.00
	2435.72	0.00	6.60	870.00
	2435.73	0.00	6.60	868.00
	2435.74	0.00	6.62	866.00
	2435.76	0.00	6.60	867.00
	2435.77	0.00	6.62	868.00
	2435.78	0.00	6.62	870.00
	2435.79	0.00	6.63	872.00
	2435.80	0.00	6.60	875.00
	2435.81	0.00	6.61	875.00
	2435.82	0.00	6.54	875.00
	2435.84	0.00	6.54	877.00
	2435.85	0.00	6.52	874.00
	2435.86	0.00	6.46	872.00
	2435.87	0.00	6.40	869.00
	2435.88	0.00	6.51	855.00
	2435.89	0.00	6.54	857.00
	2435.90	0.00	6.55	860.00
	2435.92	0.00	6.53	859.00
	2435.93	0.00	6.57	863.00
	2435.94	0.00	6.59	863.00
	2435.95	0.00	6.61	869.00
	2435.96	0.00	6.48	852.00
	2435.97	0.00	6.44	845.00
	2435.99	0.00	6.44	847.00
	2436.00	0.00	6.45	847.00
	2436.01	0.00	6.46	847.00
	2436.02	0.00	6.46	847.00
	2436.03	0.00	6.45	846.00
	2436.04	0.00	6.45	845.00
	2436.06	0.00	6.44	847.00
	2436.07	0.00	6.44	848.00
	2436.08	0.00	6.44	848.00
	2436.09	0.00	6.45	848.00
	2436.10	0.00	6.49	850.00
	2436.11	0.00	6.52	850.00
	2436.12	0.00	6.47	870.00
	2436.14	0.00	6.45	871.00
	2436.15	0.00	6.46	872.00
	2436.16	0.00	6.43	869.00
	2436.17	0.00	6.38	866.00
	2436.18	0.00	6.32	855.00
	2436.19	0.00	6.53	880.00
	2436.20	0.00	6.53	881.00
	2436.22	0.00	6.53	881.00
	2436.23	0.00	6.54	879.00
	2436.24	0.00	6.62	884.00
	2436.25	0.00	6.63	882.00
	2436.26	0.00	6.63	875.00
	2436.27	0.00	6.57	897.00
	2436.29	0.00	6.55	896.00
	2436.30	0.00	6.54	894.00
	2436.31	0.00	6.54	895.00
	2436.32	0.00	6.48	892.00
	2436.33	0.00	6.50	889.00
	2436.34	0.00	6.43	883.00
	2436.36	0.00	6.61	899.00
	2436.37	0.00	6.58	905.00
	2436.38	0.00	6.59	907.00
	2436.39	0.00	6.58	906.00
	2436.40	0.00	6.60	906.00
	2436.41	0.00	6.60	907.00
	2436.42	0.00	6.60	906.00
	2436.44	0.00	6.58	902.00
	2436.45	0.00	6.60	911.00
	2436.46	0.00	6.59	910.00
	2436.47	0.00	6.59	910.00
	2436.48	0.00	6.59	911.00
	2436.50	0.00	6.54	911.00
	2436.51	0.00	6.53	912.00
	2436.52	0.00	6.54	910.00
	2436.53	0.00	6.56	909.00
	2436.54	0.00	6.56	910.00
	2436.55	0.00	6.55	909.00
	2436.56	0.00	6.56	910.00
	2436.58	0.00	6.56	910.00
	2436.59	0.00	6.57	910.00
	2436.60	0.00	6.59	912.00
	2436.61	0.00	6.58	908.00
	2436.62	0.00	6.52	910.00
	2436.63	0.00	6.52	911.00
	2436.64	0.00	6.50	910.00
	2436.66	0.00	6.43	905.00
	2436.67	0.00	6.43	903.00
	2436.68	0.00	6.45	892.00
	2436.69	0.00	6.53	892.00
	2436.70	0.00	6.52	888.00
	2436.71	0.00	6.53	889.00
	2436.72	0.00	6.55	892.00
	2436.74	0.00	6.55	894.00
	2436.75	0.00	6.58	899.00
	2436.76	0.00	6.59	901.00
	2436.77	0.00	6.45	882.00
	2436.78	0.00	6.41	876.00
	2436.79	0.00	6.42	878.00
	2436.81	0.00	6.41	875.00
	2436.82	0.00	6.40	878.00
	2436.83	0.00	6.41	876.00
	2436.84	0.00	6.36	869.00
	2436.85	0.00	6.41	878.00
	2436.86	0.00	6.40	876.00
	2436.88	0.00	6.41	876.00
	2436.89	0.00	6.47	881.00
	2436.90	0.00	6.47	878.00
	2436.91	0.00	6.48	877.00
	2436.92	0.00	6.43	896.00
	2436.93	0.00	6.40	896.00
	2436.94	0.00	6.38	894.00
	2436.96	0.00	6.38	891.00
	2436.97	0.00	6.33	887.00
	2436.98	0.00	6.27	875.00
	2436.99	0.00	6.49	900.00
	2437.00	0.00	6.49	899.00
	2437.01	0.00	6.49	897.00
	2437.02	0.00	6.53	898.00
	2437.04	0.00	6.58	901.00
	2437.05	0.00	6.58	895.00
	2437.06	0.00	6.55	902.00
	2437.07	0.00	6.48	911.00
	2437.08	0.00	6.52	911.00
	2437.09	0.00	6.52	912.00
	2437.11	0.00	6.52	909.00
	2437.12	0.00	6.49	907.00
	2437.13	0.00	6.47	903.00
	2437.14	0.00	6.40	894.00
	2437.15	0.00	6.57	917.00
	2437.16	0.00	6.56	920.00
	2437.18	0.00	6.52	918.00
	2437.19	0.00	6.52	919.00
	2437.20	0.00	6.53	919.00
	2437.21	0.00	6.52	920.00
	2437.22	0.00	6.53	919.00
	2437.23	0.00	6.54	920.00
	2437.25	0.00	6.55	919.00
	2437.26	0.00	6.55	919.00
	2437.27	0.00	6.54	914.00
	2437.28	0.00	6.57	918.00
	2437.29	0.00	6.59	920.00
	2437.30	0.00	6.56	919.00
	2437.31	0.00	6.55	918.00
	2437.33	0.00	6.52	916.00
	2437.34	0.00	6.52	915.00
	2437.35	0.00	6.52	914.00
	2437.36	0.00	6.52	915.00
	2437.37	0.00	6.54	912.00
	2437.38	0.00	6.55	912.00
	2437.40	0.00	6.55	913.00
	2437.41	0.00	6.56	914.00
	2437.42	0.00	6.57	914.00
	2437.43	0.00	6.57	910.00
	2437.44	0.00	6.52	910.00
	2437.45	0.00	6.51	912.00
	2437.47	0.00	6.50	911.00
	2437.48	0.00	6.44	907.00
	2437.49	0.00	6.43	906.00
	2437.50	0.00	6.43	900.00
	2437.51	0.00	6.51	890.00
	2437.52	0.00	6.52	890.00
	2437.53	0.00	6.52	890.00
	2437.55	0.00	6.53	891.00
	2437.56	0.00	6.55	892.00
	2437.57	0.00	6.55	894.00
	2437.58	0.00	6.56	898.00
	2437.59	0.00	6.57	902.00
	2437.60	0.00	6.50	888.00
	2437.61	0.00	6.41	877.00
	2437.63	0.00	6.41	877.00
	2437.64	0.00	6.41	877.00
	2437.65	0.00	6.41	877.00
	2437.66	0.00	6.41	877.00
	2437.67	0.00	6.41	875.00
	2437.68	0.00	6.40	877.00
	2437.70	0.00	6.41	877.00
	2437.71	0.00	6.41	877.00
	2437.72	0.00	6.48	880.00
	2437.73	0.00	6.49	877.00
	2437.74	0.00	6.48	876.00
	2437.75	0.00	6.49	874.00
	2437.77	0.00	6.44	890.00
	2437.78	0.00	6.45	895.00
	2437.79	0.00	6.43	893.00
	2437.80	0.00	6.40	893.00
	2437.81	0.00	6.37	888.00
	2437.82	0.00	6.30	878.00
	2437.83	0.00	6.51	899.00
	2437.85	0.00	6.50	900.00
	2437.86	0.00	6.50	901.00
	2437.87	0.00	6.51	898.00
	2437.88	0.00	6.58	906.00
	2437.89	0.00	6.60	904.00
	2437.90	0.00	6.61	899.00
	2437.92	0.00	6.53	919.00
	2437.93	0.00	6.46	909.00
	2437.94	0.00	6.52	918.00
	2437.95	0.00	6.52	918.00
	2437.96	0.00	6.51	916.00
	2437.97	0.00	6.49	916.00
	2437.99	0.00	6.47	911.00
	2438.00	0.00	6.40	902.00
	2438.01	0.00	6.57	924.00
	2438.02	0.00	6.56	928.00
	2438.03	0.00	6.57	929.00
	2438.04	0.00	6.56	929.00
	2438.05	0.00	6.56	928.00
	2438.07	0.00	6.56	929.00
	2438.08	0.00	6.58	931.00
	2438.09	0.00	6.55	928.00
	2438.10	0.00	6.47	914.00
	2438.11	0.00	6.56	933.00
	2438.12	0.00	6.54	930.00
	2438.13	0.00	6.55	930.00
	2438.15	0.00	6.55	932.00
	2438.16	0.00	6.55	933.00
	2438.17	0.00	6.51	934.00
	2438.18	0.00	6.51	934.00
	2438.19	0.00	6.50	931.00
	2438.20	0.00	6.51	932.00
	2438.22	0.00	6.52	930.00
	2438.23	0.00	6.53	930.00
	2438.24	0.00	6.52	930.00
	2438.25	0.00	6.52	930.00
	2438.26	0.00	6.53	931.00
	2438.27	0.00	6.54	934.00
	2438.29	0.00	6.53	935.00
	2438.30	0.00	6.54	933.00
	2438.31	0.00	6.52	929.00
	2438.32	0.00	6.49	931.00
	2438.33	0.00	6.48	936.00
	2438.34	0.00	6.47	935.00
	2438.36	0.00	6.47	936.00
	2438.37	0.00	6.33	922.00
	2438.38	0.00	6.40	933.00
	2438.39	0.00	6.38	928.00
	2438.40	0.00	6.48	915.00
	2438.41	0.00	6.50	919.00
	2438.42	0.00	6.50	921.00
	2438.44	0.00	6.52	923.00
	2438.45	0.00	6.54	926.00
	2438.46	0.00	6.54	928.00
	2438.47	0.00	6.51	926.00
	2438.48	0.00	6.36	905.00
	2438.50	0.00	6.37	905.00
	2438.51	0.00	6.36	906.00
	2438.52	0.00	6.37	907.00
	2438.53	0.00	6.35	908.00
	2438.54	0.00	6.36	908.00
	2438.55	0.00	6.35	906.00
	2438.56	0.00	6.35	910.00
	2438.58	0.00	6.34	911.00
	2438.59	0.00	6.36	911.00
	2438.60	0.00	6.43	916.00
	2438.61	0.00	6.42	915.00
	2438.62	0.00	6.43	914.00
	2438.63	0.00	6.42	914.00
	2438.64	0.00	6.37	935.00
	2438.66	0.00	6.36	934.00
	2438.67	0.00	6.36	933.00
	2438.68	0.00	6.33	932.00
	2438.69	0.00	6.32	932.00
	2438.70	0.00	6.28	925.00
	2438.71	0.00	6.22	915.00
	2438.73	0.00	6.43	939.00
	2438.74	0.00	6.44	938.00
	2438.75	0.00	6.43	937.00
	2438.76	0.00	6.43	939.00
	2438.77	0.00	6.43	938.00
	2438.78	0.00	6.51	943.00
	2438.80	0.00	6.53	943.00
	2438.81	0.00	6.55	941.00
	2438.82	0.00	6.54	939.00
	2438.83	0.00	6.50	937.00
	2438.84	0.00	6.43	958.00
	2438.85	0.00	6.44	956.00
	2438.86	0.00	6.43	955.00
	2438.88	0.00	6.42	956.00
	2438.89	0.00	6.40	953.00
	2438.90	0.00	6.33	941.00
	2438.91	0.00	6.30	934.00
	2438.92	0.00	6.31	936.00
	2438.93	0.00	6.49	969.00
	2438.95	0.00	6.50	969.00
	2438.96	0.00	6.50	968.00
	2438.97	0.00	6.49	969.00
	2438.98	0.00	6.50	970.00
	2438.99	0.00	6.49	969.00
	2439.00	0.00	6.47	964.00
	2439.01	0.00	6.49	973.00
	2439.03	0.00	6.47	971.00
	2439.04	0.00	6.48	972.00
	2439.05	0.00	6.48	971.00
	2439.06	0.00	6.42	969.00
	2439.07	0.00	6.43	971.00
	2439.08	0.00	6.43	969.00
	2439.10	0.00	6.43	966.00
	2439.11	0.00	6.44	965.00
	2439.12	0.00	6.46	966.00
	2439.13	0.00	6.45	965.00
	2439.14	0.00	6.46	964.00
	2439.15	0.00	6.47	967.00
	2439.16	0.00	6.47	966.00
	2439.18	0.00	6.48	965.00
	2439.19	0.00	6.43	963.00
	2439.20	0.00	6.42	963.00
	2439.21	0.00	6.43	963.00
	2439.22	0.00	6.43	963.00
	2439.23	0.00	6.42	959.00
	2439.25	0.00	6.41	960.00
	2439.26	0.00	6.36	955.00
	2439.27	0.00	6.36	952.00
	2439.28	0.00	6.35	944.00
	2439.29	0.00	6.45	934.00
	2439.30	0.00	6.44	934.00
	2439.32	0.00	6.48	935.00
	2439.33	0.00	6.49	935.00
	2439.34	0.00	6.49	938.00
	2439.35	0.00	6.50	939.00
	2439.36	0.00	6.53	942.00
	2439.37	0.00	6.35	917.00
	2439.39	0.00	6.35	915.00
	2439.40	0.00	6.36	916.00
	2439.41	0.00	6.35	914.00
	2439.42	0.00	6.36	915.00
	2439.43	0.00	6.36	915.00
	2439.44	0.00	6.33	914.00
	2439.45	0.00	6.36	913.00
	2439.47	0.00	6.36	913.00
	2439.48	0.00	6.34	913.00
	2439.49	0.00	6.35	912.00
	2439.50	0.00	6.29	902.00
	2439.51	0.00	6.43	911.00
	2439.52	0.00	6.44	908.00
	2439.54	0.00	6.44	907.00
	2439.55	0.00	6.39	926.00
	2439.56	0.00	6.39	927.00
	2439.57	0.00	6.39	925.00
	2439.58	0.00	6.34	921.00
	2439.59	0.00	6.32	919.00
	2439.61	0.00	6.30	915.00
	2439.62	0.00	6.23	903.00
	2439.63	0.00	6.25	904.00
	2439.64	0.00	6.45	929.00
	2439.65	0.00	6.46	927.00
	2439.66	0.00	6.46	925.00
	2439.67	0.00	6.54	931.00
	2439.69	0.00	6.56	929.00
	2439.70	0.00	6.56	928.00
	2439.71	0.00	6.51	928.00
	2439.72	0.00	6.49	944.00
	2439.73	0.00	6.48	945.00
	2439.74	0.00	6.48	947.00
	2439.76	0.00	6.47	944.00
	2439.77	0.00	6.43	946.00
	2439.78	0.00	6.43	944.00
	2439.79	0.00	6.35	940.00
	2439.80	0.00	6.34	937.00
	2439.81	0.00	6.31	929.00
	2439.83	0.00	6.34	933.00
	2439.84	0.00	6.45	943.00
	2439.85	0.00	6.51	963.00
	2439.86	0.00	6.51	964.00
	2439.87	0.00	6.49	966.00
	2439.88	0.00	6.49	966.00
	2439.89	0.00	6.51	968.00
	2439.91	0.00	6.50	968.00
	2439.92	0.00	6.49	969.00
	2439.93	0.00	6.49	969.00
	2439.94	0.00	6.45	964.00
	2439.95	0.00	6.44	967.00
	2439.96	0.00	6.48	974.00
	2439.98	0.00	6.48	976.00
	2439.99	0.00	6.47	976.00
	2440.00	0.00	6.47	977.00
	2440.01	0.00	6.47	982.00
	2440.02	0.00	6.43	981.00
	2440.03	0.00	6.42	982.00
	2440.05	0.00	6.42	981.00
	2440.06	0.00	6.44	981.00
	2440.07	0.00	6.42	980.00
	2440.08	0.00	6.43	983.00
	2440.09	0.00	6.42	983.00
	2440.10	0.00	6.36	975.00
	2440.12	0.00	6.44	987.00
	2440.13	0.00	6.40	987.00
	2440.14	0.00	6.43	987.00
	2440.15	0.00	6.42	981.00
	2440.16	0.00	6.38	983.00
	2440.17	0.00	6.39	985.00
	2440.18	0.00	6.38	984.00
	2440.20	0.00	6.32	978.00
	2440.21	0.00	6.30	980.00
	2440.22	0.00	6.31	978.00
	2440.23	0.00	6.29	980.00
	2440.24	0.00	6.28	973.00
	2440.25	0.00	6.39	963.00
	2440.27	0.00	6.39	964.00
	2440.28	0.00	6.40	965.00
	2440.29	0.00	6.40	965.00
	2440.30	0.00	6.43	967.00
	2440.31	0.00	6.44	971.00
	2440.32	0.00	6.45	972.00
	2440.33	0.00	6.44	970.00
	2440.35	0.00	6.29	948.00
	2440.36	0.00	6.29	948.00
	2440.37	0.00	6.21	948.00
	2440.38	0.00	6.29	948.00
	2440.39	0.00	6.29	947.00
	2440.40	0.00	6.29	947.00
	2440.42	0.00	6.30	949.00
	2440.43	0.00	6.28	946.00
	2440.44	0.00	6.28	947.00
	2440.45	0.00	6.29	949.00
	2440.46	0.00	6.29	948.00
	2440.47	0.00	6.25	948.00
	2440.48	0.00	6.32	952.00
	2440.50	0.00	6.29	948.00
	2440.51	1.00	6.30	948.00
	2440.52	1.00	6.28	947.00
	2440.53	1.00	6.29	967.00
	2440.54	1.00	6.28	967.00
	2440.55	1.00	6.26	965.00
	2440.57	1.00	6.23	965.00
	2440.58	1.00	6.25	958.00
	2440.59	1.00	6.20	957.00
	2440.60	1.00	6.21	957.00
	2440.61	1.00	6.13	946.00
	2440.62	1.00	6.33	968.00
	2440.64	1.00	6.35	970.00
	2440.65	1.00	6.36	969.00
	2440.66	1.00	6.44	973.00
	2440.67	1.00	6.46	971.00
	2440.68	1.00	6.44	969.00
	2440.69	1.00	6.38	970.00
	2440.71	1.00	6.36	983.00
	2440.72	1.00	6.36	986.00
	2440.73	1.00	6.35	983.00
	2440.74	1.00	6.39	983.00
	2440.75	0.00	6.37	981.00
	2440.76	0.00	6.34	978.00
	2440.77	0.00	6.29	969.00
	2440.79	0.00	6.30	969.00
	2440.80	0.00	6.27	963.00
	2440.81	0.00	6.45	994.00
	2440.82	0.00	6.41	993.00
	2440.83	0.00	6.44	993.00
	2440.84	0.00	6.44	993.00
	2440.86	0.00	6.44	993.00
	2440.87	0.00	6.43	988.00
	2440.88	0.00	6.42	994.00
	2440.89	0.00	6.42	995.00
	2440.90	0.00	6.43	995.00
	2440.91	0.00	6.43	994.00
	2440.93	0.00	6.43	993.00
	2440.94	0.00	6.39	992.00
	2440.95	0.00	6.39	992.00
	2440.96	0.00	6.40	988.00
	2440.97	0.00	6.42	986.00
	2440.98	0.00	6.41	985.00
	2441.00	0.00	6.42	986.00
	2441.01	0.00	6.42	986.00
	2441.02	0.00	6.44	989.00
	2441.03	0.00	6.45	989.00
	2441.04	0.00	6.45	987.00
	2441.05	0.00	6.44	983.00
	2441.06	0.00	6.39	988.00
	2441.08	0.00	6.38	988.00
	2441.09	0.00	6.36	986.00
	2441.10	0.00	6.35	985.00
	2441.11	0.00	6.29	979.00
	2441.12	0.00	6.24	970.00
	2441.13	0.00	6.38	970.00
	2441.15	0.00	6.40	966.00
	2441.16	0.00	6.41	967.00
	2441.17	0.00	6.43	970.00
	2441.18	0.00	6.44	971.00
	2441.19	0.00	6.46	974.00
	2441.20	0.00	6.47	973.00
	2441.22	0.00	6.39	964.00
	2441.23	0.00	6.29	950.00
	2441.24	0.00	6.30	950.00
	2441.25	0.00	6.28	948.00
	2441.26	0.00	6.27	948.00
	2441.27	0.00	6.22	940.00
	2441.28	0.00	6.29	949.00
	2441.30	0.00	6.28	948.00
	2441.31	0.00	6.28	948.00
	2441.32	0.00	6.25	943.00
	2441.33	0.00	6.35	951.00
	2441.34	0.00	6.37	950.00
	2441.35	0.00	6.36	947.00
	2441.37	0.00	6.33	970.00
	2441.38	0.00	6.31	966.00
	2441.39	0.00	6.29	964.00
	2441.40	0.00	6.26	960.00
	2441.41	0.00	6.24	959.00
	2441.42	0.00	6.19	949.00
	2441.44	0.00	6.17	945.00
	2441.45	0.00	6.38	969.00
	2441.46	0.00	6.38	968.00
	2441.47	0.00	6.38	964.00
	2441.48	0.00	6.39	968.00
	2441.49	0.00	6.45	972.00
	2441.50	0.00	6.46	970.00
	2441.52	0.00	6.48	969.00
	2441.53	0.00	6.39	984.00
	2441.54	0.00	6.39	984.00
	2441.55	0.00	6.38	982.00
	2441.56	0.00	6.36	981.00
	2441.57	0.00	6.36	976.00
	2441.59	0.00	6.30	970.00
	2441.60	0.00	6.22	961.00
	2441.61	0.00	6.46	986.00
	2441.62	0.00	6.45	996.00
	2441.63	0.00	6.44	993.00
	2441.64	0.00	6.44	991.00
	2441.66	0.00	6.44	991.00
	2441.67	0.00	6.42	989.00
	2441.68	0.00	6.43	993.00
	2441.69	0.00	6.43	995.00
	2441.70	0.00	6.43	993.00
	2441.71	0.00	6.43	993.00
	2441.72	0.00	6.45	995.00
	2441.74	0.00	6.38	993.00
	2441.75	0.00	6.38	992.00
	2441.76	0.00	6.38	989.00
	2441.77	0.00	6.40	987.00
	2441.78	0.00	6.40	986.00
	2441.79	0.00	6.41	986.00
	2441.81	0.00	6.41	986.00
	2441.82	0.00	6.42	988.00
	2441.83	0.00	6.43	988.00
	2441.84	0.00	6.45	989.00
	2441.85	0.00	6.44	987.00
	2441.86	0.00	6.37	988.00
	2441.88	0.00	6.37	989.00
	2441.89	0.00	6.37	988.00
	2441.90	0.00	6.37	988.00
	2441.91	0.00	6.30	982.00
	2441.92	0.00	6.29	979.00
	2441.93	0.00	6.27	973.00
	2441.94	0.00	6.39	963.00
	2441.96	0.00	6.39	963.00
	2441.97	0.00	6.39	963.00
	2441.98	0.00	6.38	958.00
	2441.99	0.00	6.43	963.00
	2442.00	0.00	6.44	964.00
	2442.01	0.00	6.47	969.00
	2442.03	0.00	6.30	941.00
	2442.04	0.00	6.28	943.00
	2442.05	0.00	6.30	941.00
	2442.06	0.00	6.29	943.00
	2442.07	0.00	6.29	942.00
	2442.08	0.00	6.29	943.00
	2442.09	0.00	6.29	942.00
	2442.11	0.00	6.28	943.00
	2442.12	0.00	6.29	944.00
	2442.13	0.00	6.30	947.00
	2442.14	0.00	6.35	948.00
	2442.15	0.00	6.36	944.00
	2442.16	0.00	6.36	944.00
	2442.18	0.00	6.34	956.00
	2442.19	0.00	6.31	967.00
	2442.20	0.00	6.31	964.00
	2442.21	0.00	6.27	963.00
	2442.22	0.00	6.22	955.00
	2442.23	0.00	6.18	947.00
	2442.25	0.00	6.37	968.00
	2442.26	0.00	6.38	970.00
	2442.27	0.00	6.39	968.00
	2442.28	0.00	6.45	971.00
	2442.29	0.00	6.48	972.00
	2442.30	0.00	6.47	967.00
	2442.31	0.00	6.40	982.00
	2442.33	0.00	6.40	983.00
	2442.34	0.00	6.40	982.00
	2442.35	0.00	6.39	981.00
	2442.36	0.00	6.37	979.00
	2442.37	0.00	6.34	974.00
	2442.38	0.00	6.29	962.00
	2442.40	0.00	6.28	959.00
	2442.41	0.00	6.27	955.00
	2442.42	0.00	6.45	988.00
	2442.43	0.00	6.46	988.00
	2442.44	0.00	6.46	985.00
	2442.45	0.00	6.47	982.00
	2442.47	0.00	6.47	981.00
	2442.48	0.00	6.48	981.00
	2442.49	0.00	6.43	967.00
	2442.50	0.00	6.47	977.00
	2442.51	0.00	6.47	978.00
	2442.52	0.00	6.47	975.00
	2442.53	0.00	6.42	972.00
	2442.55	0.00	6.41	973.00
	2442.56	0.00	6.40	974.00
	2442.57	0.00	6.41	969.00
	2442.58	0.00	6.44	973.00
	2442.59	0.00	6.45	969.00
	2442.60	0.00	6.44	969.00
	2442.62	0.00	6.45	971.00
	2442.63	0.00	6.48	975.00
	2442.64	0.00	6.47	976.00
	2442.65	0.00	6.48	977.00
	2442.66	0.00	6.45	973.00
	2442.67	0.00	6.40	978.00
	2442.69	0.00	6.40	979.00
	2442.70	0.00	6.39	980.00
	2442.71	0.00	6.39	979.00
	2442.72	0.00	6.32	973.00
	2442.73	0.00	6.32	972.00
	2442.74	0.00	6.32	973.00
	2442.76	0.00	6.22	969.00
	2442.77	0.00	6.22	964.00
	2442.78	0.00	6.34	959.00
	2442.79	0.00	6.42	959.00
	2442.80	0.00	6.46	961.00
	2442.81	0.00	6.46	964.00
	2442.82	0.00	6.49	968.00
	2442.84	0.00	6.27	943.00
	2442.85	0.00	6.27	943.00
	2442.86	0.00	6.21	943.00
	2442.87	0.00	6.29	944.00
	2442.88	0.00	6.22	943.00
	2442.89	0.00	6.26	943.00
	2442.91	0.00	6.27	941.00
	2442.92	0.00	6.27	942.00
	2442.93	0.00	6.28	942.00
	2442.94	0.00	6.29	941.00
	2442.95	0.00	6.37	945.00
	2442.96	0.00	6.38	943.00
	2442.98	0.00	6.41	944.00
	2442.99	0.00	6.39	940.00
	2443.00	0.00	6.35	963.00
	2443.01	0.00	6.33	962.00
	2443.02	0.00	6.32	960.00
	2443.03	0.00	6.29	957.00
	2443.04	0.00	6.27	953.00
	2443.06	0.00	6.24	950.00
	2443.07	0.00	6.24	950.00
	2443.08	0.00	6.25	946.00
	2443.09	0.00	6.41	968.00
	2443.10	0.00	6.41	966.00
	2443.11	0.00	6.43	966.00
	2443.13	0.00	6.50	970.00
	2443.14	0.00	6.52	968.00
	2443.15	0.00	6.51	964.00
	2443.16	0.00	6.43	981.00
	2443.17	0.00	6.44	980.00
	2443.18	0.00	6.43	976.00
	2443.19	0.00	6.42	974.00
	2443.21	0.00	6.42	972.00
	2443.22	0.00	6.40	971.00
	2443.23	0.00	6.39	964.00
	2443.24	0.00	6.30	946.00
	2443.25	0.00	6.49	974.00
	2443.26	0.00	6.49	971.00
	2443.28	0.00	6.50	970.00
	2443.29	0.00	6.51	968.00
	2443.30	0.00	6.51	964.00
	2443.31	0.00	6.52	962.00
	2443.32	0.00	6.51	955.00
	2443.33	0.00	6.52	955.00
	2443.34	0.00	6.52	954.00
	2443.36	0.00	6.52	953.00
	2443.37	0.00	6.48	949.00
	2443.38	0.00	6.46	946.00
	2443.39	0.00	6.49	945.00
	2443.40	0.00	6.50	943.00
	2443.41	0.00	6.49	941.00
	2443.43	0.00	6.51	933.00
	2443.44	0.00	6.53	930.00
	2443.45	0.00	6.52	926.00
	2443.46	0.00	6.55	925.00
	2443.47	0.00	6.56	924.00
	2443.48	0.00	6.57	921.00
	2443.50	0.00	6.59	917.00
	2443.51	0.00	6.55	907.00
	2443.52	0.00	6.50	909.00
	2443.53	0.00	6.52	906.00
	2443.54	0.00	6.44	895.00
	2443.55	0.00	6.44	885.00
	2443.57	0.00	6.50	876.00
	2443.58	0.00	6.58	864.00
	2443.59	0.00	6.58	861.00
	2443.60	0.00	6.60	856.00
	2443.61	0.00	6.63	854.00
	2443.62	0.00	6.63	849.00
	2443.63	0.00	6.68	851.00
	2443.65	0.00	6.46	820.00
	2443.66	0.00	6.46	814.00
	2443.67	0.00	6.48	809.00
	2443.68	0.00	6.47	805.00
	2443.69	0.00	6.48	799.00
	2443.70	0.00	6.48	797.00
	2443.72	0.00	6.49	795.00
	2443.73	0.00	6.56	798.00
	2443.74	0.00	6.56	798.00
	2443.75	0.00	6.50	818.00
	2443.76	0.00	6.42	820.00
	2443.77	0.00	6.36	823.00
	2443.78	0.00	6.39	831.00
	2443.80	0.00	6.30	831.00
	2443.81	0.00	6.49	868.00
	2443.82	0.00	6.44	888.00
	2443.83	0.00	6.42	915.00
	2443.84	0.00	6.34	948.00
	2443.85	0.00	6.36	978.00
	2443.87	0.00	6.30	1009.00
	2443.88	0.00	6.26	1038.00
	2443.89	0.00	6.25	1062.00
	2443.90	0.00	6.21	1087.00
	2443.91	0.00	6.18	1103.00
	2443.92	0.00	6.16	1121.00
	2443.94	0.00	6.17	1140.00
	2443.95	0.00	6.14	1163.00
	2443.96	0.00	6.14	1182.00
	2443.97	0.00	6.14	1199.00
	2443.98	0.00	6.13	1209.00
	2444.00	0.00	6.15	1218.00
	2444.01	0.00	6.07	1214.00
	2444.02	0.00	6.10	1212.00
	2444.03	0.00	6.12	1215.00
	2444.04	0.00	6.11	1221.00
	2444.05	0.00	6.14	1216.00
	2444.06	0.00	6.16	1202.00
	2444.08	0.00	6.22	1185.00
	2444.09	0.00	6.22	1179.00
	2444.10	0.00	6.20	1167.00
	2444.11	0.00	6.21	1169.00
	2444.12	0.00	6.20	1178.00
	2444.13	0.00	6.22	1169.00
	2444.15	0.00	6.24	1158.00
	2444.16	0.00	6.29	1126.00
	2444.17	0.00	6.27	1132.00
	2444.18	0.00	6.38	1113.00
	2444.19	0.00	6.45	1095.00
	2444.20	0.00	6.53	1074.00
	2444.22	0.00	6.59	1052.00
	2444.23	0.00	6.68	1027.00
	2444.24	0.00	6.76	1007.00
	2444.25	0.00	6.74	987.00
	2444.26	0.00	6.90	963.00
	2444.27	0.00	6.96	943.00
	2444.28	0.00	7.10	917.00
	2444.30	0.00	7.17	886.00
	2444.31	0.00	7.22	857.00
	2444.32	0.00	7.20	838.00
	2444.33	0.00	7.17	814.00
	2444.34	0.00	7.25	805.00
	2444.35	0.00	7.25	780.00
	2444.37	0.00	7.19	769.00
	2444.38	0.00	7.25	733.00
	2444.39	0.00	8.06	770.00
	2444.40	0.00	7.97	768.00
	2444.41	0.00	7.95	789.00
	2444.42	0.00	7.96	777.00
	2444.44	0.00	7.95	769.00
	2444.45	0.00	7.78	751.00
	2444.46	0.00	8.12	711.00
	2444.47	0.00	8.19	709.00
	2444.48	0.00	8.21	709.00
	2444.49	0.00	8.22	708.00
	2444.51	0.00	8.26	703.00
	2444.52	0.00	8.17	695.00
	2444.53	0.00	8.18	691.00
	2444.54	0.00	8.03	678.00
	2444.55	0.00	8.05	670.00
	2444.56	0.00	8.03	661.00
	2444.57	0.00	8.03	653.00
	2444.59	0.00	7.35	591.00
	2444.60	0.00	7.32	586.00
	2444.61	0.00	7.26	577.00
	2444.62	0.00	6.21	522.00
	2444.63	0.00	6.15	523.00
	2444.64	0.00	6.29	534.00
	2444.66	0.00	6.27	541.00
	2444.67	0.00	6.25	544.00
	2444.68	0.00	6.25	546.00
	2444.69	0.00	6.16	540.00
	2444.70	0.00	6.17	540.00
	2444.71	0.00	6.20	531.00
	2444.72	0.00	6.20	531.00
	2444.74	0.00	6.21	530.00
	2444.75	0.00	6.21	532.00
	2444.76	0.00	6.21	533.00
	2444.77	0.00	6.21	533.00
	2444.78	0.00	6.22	533.00
	2444.79	0.00	6.23	532.00
	2444.81	0.00	6.20	532.00
	2444.82	0.00	6.21	531.00
	2444.83	0.00	6.21	530.00
	2444.84	0.00	6.14	532.00
	2444.85	0.00	6.22	531.00
	2444.86	0.00	6.21	529.00
	2444.87	0.00	6.32	533.00
	2444.89	0.00	6.32	532.00
	2444.90	0.00	6.33	533.00
	2444.91	0.00	6.30	540.00
	2444.92	0.00	6.32	538.00
	2444.93	0.00	6.32	537.00
	2444.94	0.00	6.31	535.00
	2444.96	0.00	6.30	537.00
	2444.97	0.00	6.31	535.00
	2444.98	0.00	6.28	543.00
	2444.99	0.00	6.26	554.00
	2445.00	0.00	6.20	574.00
	2445.01	0.00	6.04	619.00
	2445.02	0.00	5.89	735.00
	2445.04	0.00	5.65	912.00
	2445.05	0.00	5.54	1022.00
	2445.06	0.00	5.47	1068.00
	2445.07	0.00	5.46	1099.00
	2445.08	0.00	5.47	1099.00
	2445.09	0.00	5.46	1106.00
	2445.11	0.00	5.44	1126.00
	2445.12	0.00	5.83	1209.00
	2445.13	0.00	5.84	1233.00
	2445.14	0.00	5.89	1244.00
	2445.15	0.00	5.92	1244.00
	2445.16	0.00	5.94	1232.00
	2445.18	0.00	5.96	1214.00
	2445.19	0.00	6.01	1183.00
	2445.20	0.00	6.05	1147.00
	2445.21	0.00	6.10	1103.00
	2445.22	0.00	6.59	1113.00
	2445.23	0.00	6.73	1079.00
	2445.25	0.00	6.73	1046.00
	2445.26	0.00	6.83	1004.00
	2445.27	0.00	6.93	962.00
	2445.28	0.00	6.98	929.00
	2445.29	0.00	7.15	904.00
	2445.30	0.00	7.22	877.00
	2445.32	0.00	7.27	851.00
	2445.33	0.00	7.25	832.00
	2445.34	0.00	7.33	828.00
	2445.35	0.00	7.34	809.00
	2445.36	0.00	7.03	745.00
	2445.37	0.00	7.57	819.00
	2445.38	0.00	7.63	813.00
	2445.40	0.00	8.53	815.00
	2445.41	0.00	8.75	796.00
	2445.42	0.00	9.10	822.00
	2445.43	0.00	9.18	826.00
	2445.44	0.00	9.20	823.00
	2445.45	0.00	9.23	824.00
	2445.47	0.00	9.21	821.00
	2445.48	0.00	9.01	780.00
	2445.49	0.00	9.03	781.00
	2445.50	0.00	9.06	784.00
	2445.51	0.00	9.16	792.00
	2445.52	0.00	9.20	800.00
	2445.54	0.00	9.30	800.00
	2445.55	0.00	9.30	797.00
	2445.56	0.00	9.42	796.00
	2445.57	0.00	9.50	803.00
	2445.58	0.00	9.53	802.00
	2445.59	0.00	9.51	804.00
	2445.60	0.00	9.52	805.00
	2445.62	0.00	9.48	797.00
	2445.63	0.00	9.34	783.00
	2445.64	0.00	9.25	770.00
	2445.65	0.00	8.34	702.00
	2445.66	0.00	8.04	672.00
	2445.67	0.00	7.95	652.00
	2445.69	0.00	7.89	638.00
	2445.70	0.00	7.28	575.00
	2445.71	0.00	6.26	519.00
	2445.72	0.00	6.24	517.00
	2445.73	0.00	6.27	517.00
	2445.74	0.00	6.26	537.00
	2445.76	0.00	6.19	542.00
	2445.77	0.00	6.16	539.00
	2445.78	0.00	6.19	534.00
	2445.79	0.00	6.18	535.00
	2445.80	0.00	6.19	534.00
	2445.81	0.00	6.20	533.00
	2445.82	0.00	6.20	535.00
	2445.84	0.00	6.19	536.00
	2445.85	0.00	6.19	536.00
	2445.86	0.00	6.19	536.00
	2445.87	0.00	6.21	535.00
	2445.88	0.00	6.18	535.00
	2445.89	0.00	6.19	536.00
	2445.90	0.00	6.18	535.00
	2445.92	0.00	6.17	532.00
	2445.93	0.00	6.28	537.00
	2445.94	0.00	6.29	535.00
	2445.95	0.00	6.25	546.00
	2445.96	0.00	6.26	543.00
	2445.97	0.00	6.27	539.00
	2445.99	0.00	6.26	535.00
	2446.00	0.00	6.30	527.00
	2446.01	0.00	6.29	524.00
	2446.02	0.00	6.30	529.00
	2446.03	0.00	6.30	527.00
	2446.04	0.00	6.31	526.00
	2446.05	0.00	6.36	531.00
	2446.07	0.00	6.34	532.00
	2446.08	0.00	6.33	533.00
	2446.09	0.00	6.31	539.00
	2446.10	0.00	6.07	535.00
	2446.11	0.00	6.05	538.00
	2446.12	0.00	6.08	536.00
	2446.14	0.00	6.12	538.00
	2446.15	0.00	6.14	543.00
	2446.16	0.00	6.02	568.00
	2446.17	0.00	5.92	612.00
	2446.18	0.00	5.69	744.00
	2446.19	0.00	5.50	920.00
	2446.20	0.00	5.38	1018.00
	2446.22	0.00	5.46	1048.00
	2446.23	0.00	5.35	1050.00
	2446.24	0.00	5.48	1055.00
	2446.25	0.00	5.85	1132.00
	2446.26	0.00	5.84	1160.00
	2446.27	0.00	5.93	1187.00
	2446.29	0.00	5.96	1203.00
	2446.30	0.00	5.96	1198.00
	2446.31	0.00	5.97	1194.00
	2446.32	0.00	5.89	1187.00
	2446.33	0.00	6.00	1169.00
	2446.35	0.00	6.41	1198.00
	2446.36	0.00	6.45	1169.00
	2446.37	0.00	6.50	1144.00
	2446.38	0.00	6.54	1118.00
	2446.39	0.00	6.62	1090.00
	2446.40	0.00	6.69	1057.00
	2446.41	0.00	6.75	1024.00
	2446.43	0.00	6.83	981.00
	2446.44	0.00	6.76	948.00
	2446.45	0.00	6.81	918.00
	2446.46	0.00	6.85	894.00
	2446.47	0.00	6.89	869.00
	2446.48	0.00	7.15	862.00
	2446.50	0.00	7.24	850.00
	2446.51	0.00	7.23	833.00
	2446.52	0.00	7.33	841.00
	2446.53	0.00	7.37	834.00
	2446.54	0.00	7.41	831.00
	2446.55	0.00	7.45	825.00
	2446.57	0.00	7.49	822.00
	2446.58	0.00	7.54	816.00
	2446.59	0.00	7.57	813.00
	2446.60	0.00	7.62	803.00
	2446.61	0.00	7.57	795.00
	2446.62	0.00	7.64	771.00
	2446.64	0.00	8.56	790.00
	2446.65	0.00	8.63	798.00
	2446.66	0.00	8.64	802.00
	2446.67	0.00	8.58	788.00
	2446.68	0.00	8.23	715.00
	2446.69	0.00	8.26	713.00
	2446.70	0.00	8.29	713.00
	2446.72	0.00	8.33	709.00
	2446.73	0.00	8.42	714.00
	2446.74	0.00	8.43	711.00
	2446.75	0.00	8.49	714.00
	2446.76	0.00	8.47	711.00
	2446.77	0.00	8.50	711.00
	2446.79	0.00	8.44	704.00
	2446.80	0.00	8.47	703.00
	2446.81	0.00	8.38	697.00
	2446.82	0.00	8.37	690.00
	2446.83	0.00	7.86	634.00
	2446.84	0.00	7.80	625.00
	2446.86	0.00	7.84	619.00
	2446.87	0.00	7.68	604.00
	2446.88	0.00	7.49	588.00
	2446.89	0.00	7.30	571.00
	2446.90	0.00	6.18	522.00
	2446.91	0.00	6.21	524.00
	2446.92	0.00	6.23	525.00
	2446.94	0.00	6.21	530.00
	2446.95	0.00	6.21	529.00
	2446.96	0.00	6.22	529.00
	2446.97	0.00	6.23	528.00
	2446.98	0.00	6.25	529.00
	2447.00	0.00	6.25	528.00
	2447.01	0.00	6.22	526.00
	2447.02	0.00	6.24	522.00
	2447.03	0.00	6.24	525.00
	2447.04	0.00	6.23	523.00
	2447.05	0.00	6.31	528.00
	2447.06	0.00	6.33	527.00
	2447.07	0.00	6.33	526.00
	2447.09	0.00	6.31	530.00
	2447.10	0.00	6.31	533.00
	2447.11	0.00	6.31	532.00
	2447.12	0.00	6.30	530.00
	2447.13	0.00	6.29	528.00
	2447.14	0.00	6.31	529.00
	2447.16	0.00	6.31	528.00
	2447.17	0.00	6.31	528.00
	2447.18	0.00	6.32	527.00
	2447.19	0.00	6.41	530.00
	2447.20	0.00	6.40	529.00
	2447.21	0.00	6.39	533.00
	2447.22	0.00	6.39	534.00
	2447.24	0.00	6.37	535.00
	2447.25	0.00	6.37	533.00
	2447.26	0.00	6.38	532.00
	2447.27	0.00	6.37	534.00
	2447.28	0.00	6.37	533.00
	2447.29	0.00	6.36	534.00
	2447.31	0.00	6.36	536.00
	2447.32	0.00	6.36	537.00
	2447.33	0.00	6.35	538.00
	2447.34	0.00	6.26	552.00
	2447.35	0.00	6.15	593.00
	2447.36	0.00	5.88	707.00
	2447.37	0.00	5.61	873.00
	2447.39	0.00	5.50	975.00
	2447.40	0.00	5.49	1004.00
	2447.41	0.00	5.49	1009.00
	2447.42	0.00	5.51	1008.00
	2447.43	0.00	5.52	1021.00
	2447.44	0.00	5.49	1055.00
	2447.46	0.00	5.84	1158.00
	2447.47	0.00	5.90	1208.00
	2447.48	0.00	5.96	1225.00
	2447.49	0.00	5.99	1229.00
	2447.50	0.00	6.02	1226.00
	2447.51	0.00	6.42	1268.00
	2447.53	0.00	6.44	1255.00
	2447.54	0.00	6.52	1242.00
	2447.55	0.00	6.56	1215.00
	2447.56	0.00	6.62	1205.00
	2447.57	0.00	6.72	1187.00
	2447.58	0.00	6.80	1175.00
	2447.60	0.00	6.85	1160.00
	2447.61	0.00	6.86	1143.00
	2447.62	0.00	6.91	1124.00
	2447.63	0.00	6.93	1099.00
	2447.64	0.00	7.03	1085.00
	2447.65	0.00	7.09	1057.00
	2447.67	0.00	7.10	1032.00
	2447.68	0.00	7.26	1002.00
	2447.69	0.00	7.32	974.00
	2447.70	0.00	7.32	953.00
	2447.71	0.00	7.39	936.00
	2447.72	0.00	7.49	922.00
	2447.73	0.00	7.47	908.00
	2447.75	0.00	7.65	891.00
	2447.76	0.00	7.65	869.00
	2447.77	0.00	7.73	850.00
	2447.78	0.00	8.18	834.00
	2447.79	0.00	8.23	823.00
	2447.80	0.00	8.26	814.00
	2447.82	0.00	8.35	812.00
	2447.83	0.00	8.40	801.00
	2447.84	0.00	8.52	782.00
	2447.85	0.00	8.57	801.00
	2447.86	0.00	8.65	790.00
	2447.87	0.00	8.74	768.00
	2447.89	0.00	8.79	774.00
	2447.90	0.00	8.85	771.00
	2447.91	0.00	8.91	766.00
	2447.92	0.00	8.95	764.00
	2447.93	0.00	8.98	760.00
	2447.94	0.00	8.97	759.00
	2447.95	0.00	8.92	754.00
	2447.97	0.00	8.79	739.00
	2447.98	0.00	8.52	709.00
	2447.99	0.00	8.41	695.00
	2448.00	0.00	8.30	681.00
	2448.01	0.00	8.15	665.00
	2448.02	0.00	8.06	652.00
	2448.04	0.00	7.88	632.00
	2448.05	0.00	7.32	575.00
	2448.06	0.00	7.25	565.00
	2448.07	0.00	6.13	510.00
	2448.08	0.00	6.15	510.00
	2448.09	0.00	6.16	509.00
	2448.11	0.00	6.24	522.00
	2448.12	0.00	6.27	524.00
	2448.13	0.00	6.27	529.00
	2448.14	0.00	6.28	528.00
	2448.15	0.00	6.28	527.00
	2448.16	0.00	6.28	526.00
	2448.17	0.00	6.29	525.00
	2448.19	0.00	6.28	525.00
	2448.20	0.00	6.28	524.00
	2448.21	0.00	6.35	527.00
	2448.22	0.00	6.36	527.00
	2448.23	0.00	6.34	534.00
	2448.24	0.00	6.34	536.00
	2448.26	0.00	6.35	534.00
	2448.27	0.00	6.32	536.00
	2448.28	0.00	6.32	536.00
	2448.29	0.00	6.33	532.00
	2448.30	0.00	6.32	536.00
	2448.31	0.00	6.33	535.00
	2448.32	0.00	6.33	534.00
	2448.34	0.00	6.33	535.00
	2448.35	0.00	6.32	535.00
	2448.36	0.00	6.33	534.00
	2448.37	0.00	6.34	533.00
	2448.38	0.00	6.30	529.00
	2448.39	0.00	6.31	527.00
	2448.41	0.00	6.31	525.00
	2448.42	0.00	6.32	525.00
	2448.43	0.00	6.32	525.00
	2448.44	0.00	6.32	525.00
	2448.45	0.00	6.33	525.00
	2448.46	0.00	6.34	526.00
	2448.48	0.00	6.33	525.00
	2448.49	0.00	6.33	525.00
	2448.50	0.00	6.32	527.00
	2448.51	0.00	6.26	525.00
	2448.52	0.00	6.26	525.00
	2448.53	0.00	6.26	524.00
	2448.54	0.00	6.27	526.00
	2448.56	0.00	6.24	538.00
	2448.57	0.00	6.15	575.00
	2448.58	0.00	5.92	675.00
	2448.59	0.00	5.65	850.00
	2448.60	0.00	5.50	972.00
	2448.61	0.00	5.48	1009.00
	2448.62	0.00	5.49	1019.00
	2448.64	0.00	5.52	1011.00
	2448.65	0.00	5.51	1012.00
	2448.66	0.00	5.46	1026.00
	2448.67	0.00	5.44	1050.00
	2448.68	0.00	5.43	1070.00
	2448.69	0.00	5.44	1086.00
	2448.71	0.00	5.90	1138.00
	2448.72	0.00	5.95	1135.00
	2448.73	0.00	5.99	1137.00
	2448.74	0.00	6.06	1138.00
	2448.75	0.00	6.09	1130.00
	2448.76	0.00	6.14	1120.00
	2448.78	0.00	6.17	1108.00
	2448.79	0.00	6.25	1095.00
	2448.80	0.00	6.31	1079.00
	2448.81	0.00	6.36	1064.00
	2448.82	0.00	6.41	1044.00
	2448.83	0.00	6.45	1023.00
	2448.85	0.00	6.49	1008.00
	2448.86	0.00	6.57	991.00
	2448.87	0.00	6.60	975.00
	2448.88	0.00	6.65	961.00
	2448.89	0.00	6.68	955.00
	2448.90	0.00	6.73	943.00
	2448.92	0.00	6.79	934.00
	2448.93	0.00	6.85	923.00
	2448.94	0.00	6.91	913.00
	2448.95	0.00	7.01	908.00
	2448.96	0.00	7.05	896.00
	2448.97	0.00	7.08	880.00
	2448.98	0.00	7.12	877.00
	2449.00	0.00	7.16	872.00
	2449.01	0.00	7.20	861.00
	2449.02	0.00	7.27	846.00
	2449.03	0.00	7.30	838.00
	2449.04	0.00	7.36	825.00
	2449.05	0.00	8.16	869.00
	2449.06	0.00	8.41	871.00
	2449.08	0.00	8.54	869.00
	2449.09	0.00	8.64	861.00
	2449.10	0.00	8.76	859.00
	2449.11	0.00	8.87	852.00
	2449.12	0.00	9.06	826.00
	2449.13	0.00	9.15	821.00
	2449.15	0.00	9.31	832.00
	2449.16	0.00	9.39	835.00
	2449.17	0.00	9.51	833.00
	2449.18	0.00	9.56	832.00
	2449.19	0.00	9.55	819.00
	2449.20	0.00	9.66	827.00
	2449.22	0.00	9.64	804.00
	2449.23	0.00	9.29	768.00
	2449.24	0.00	8.84	730.00
	2449.25	0.00	8.49	694.00
	2449.26	0.00	7.32	611.00
	2449.27	0.00	7.16	591.00
	2449.29	0.00	7.04	577.00
	2449.30	0.00	6.93	565.00
	2449.31	0.00	6.24	511.00
	2449.32	0.00	6.26	512.00
	2449.33	0.00	6.25	523.00
	2449.34	0.00	6.21	535.00
	2449.35	0.00	6.26	539.00
	2449.37	0.00	6.26	540.00
	2449.38	0.00	6.28	537.00
	2449.39	0.00	6.26	536.00
	2449.40	0.00	6.23	534.00
	2449.41	0.00	6.25	535.00
	2449.42	0.00	6.25	533.00
	2449.44	0.00	6.24	533.00
	2449.45	0.00	6.25	534.00
	2449.46	0.00	6.27	536.00
	2449.47	0.00	6.24	534.00
	2449.48	0.00	6.25	538.00
	2449.49	0.00	6.24	537.00
	2449.50	0.00	6.25	536.00
	2449.52	0.00	6.21	534.00
	2449.53	0.00	6.20	532.00
	2449.54	0.00	6.21	528.00
	2449.55	0.00	6.23	525.00
	2449.56	0.00	6.23	525.00
	2449.57	0.00	6.23	525.00
	2449.59	0.00	6.24	524.00
	2449.60	0.00	6.26	523.00
	2449.61	0.00	6.26	523.00
	2449.62	0.00	6.26	522.00
	2449.63	0.00	6.26	522.00
	2449.64	0.00	6.25	522.00
	2449.65	0.00	6.26	520.00
	2449.67	0.00	6.27	519.00
	2449.68	0.00	6.27	518.00
	2449.69	0.00	6.28	517.00
	2449.70	0.00	6.30	518.00
	2449.71	0.00	6.30	518.00
	2449.72	0.00	6.31	516.00
	2449.74	0.00	6.29	523.00
	2449.75	0.00	6.29	523.00
	2449.76	0.00	6.28	524.00
	2449.77	0.00	6.30	525.00
	2449.78	0.00	6.27	521.00
	2449.79	0.00	6.26	521.00
	2449.80	0.00	6.21	536.00
	2449.82	0.00	6.19	554.00
	2449.83	0.00	6.08	601.00
	2449.84	0.00	5.83	719.00
	2449.85	0.00	5.62	886.00
	2449.86	0.00	5.56	948.00
	2449.87	0.00	5.57	951.00
	2449.89	0.00	5.50	971.00
	2449.90	0.00	5.52	958.00
	2449.91	0.00	6.03	1000.00
	2449.92	0.00	6.14	1019.00
	2449.93	0.00	6.25	1048.00
	2449.94	0.00	6.29	1067.00
	2449.95	0.00	6.38	1089.00
	2449.97	0.00	6.43	1096.00
	2449.98	0.00	6.47	1101.00
	2449.99	0.00	6.56	1094.00
	2450.00	0.00	6.62	1077.00
	2450.01	0.00	6.68	1061.00
	2450.02	0.00	6.73	1043.00
	2450.04	0.00	6.79	1019.00
	2450.05	0.00	6.86	985.00
	2450.06	0.00	6.88	975.00
	2450.07	0.00	6.92	955.00
	2450.08	0.00	6.95	943.00
	2450.09	0.00	7.01	938.00
	2450.11	0.00	7.01	935.00
	2450.12	0.00	7.01	944.00
	2450.13	0.00	6.99	958.00
	2450.14	0.00	6.96	974.00
	2450.15	0.00	6.94	991.00
	2450.16	0.00	6.91	1001.00
	2450.18	0.00	6.91	1012.00
	2450.19	0.00	6.90	1022.00
	2450.20	0.00	6.89	1030.00
	2450.21	0.00	6.90	1036.00
	2450.22	0.00	6.95	1044.00
	2450.23	0.00	7.01	1041.00
	2450.25	0.00	7.06	1031.00
	2450.26	0.00	7.09	1016.00
	2450.27	0.00	7.19	997.00
	2450.28	0.00	7.30	980.00
	2450.29	0.00	7.40	960.00
	2450.30	0.00	7.49	942.00
	2450.31	0.00	7.61	922.00
	2450.33	0.00	7.73	897.00
	2450.34	0.00	7.81	875.00
	2450.35	0.00	7.92	864.00
	2450.36	0.00	8.70	903.00
	2450.37	0.00	8.81	897.00
	2450.38	0.00	9.04	862.00
	2450.40	0.00	9.11	856.00
	2450.41	0.00	8.45	806.00
	2450.42	0.00	8.48	790.00
	2450.43	0.00	9.15	839.00
	2450.44	0.00	9.14	828.00
	2450.45	0.00	9.11	811.00
	2450.46	0.00	8.23	729.00
	2450.48	0.00	8.00	699.00
	2450.49	0.00	7.71	665.00
	2450.50	0.00	7.35	628.00
	2450.51	0.00	7.13	604.00
	2450.52	0.00	6.85	577.00
	2450.53	0.00	6.78	568.00
	2450.55	0.00	6.09	509.00
	2450.56	0.00	6.11	509.00
	2450.57	0.00	6.11	511.00
	2450.58	0.00	6.13	521.00
	2450.59	0.00	6.18	527.00
	2450.60	0.00	6.19	525.00
	2450.61	0.00	6.19	526.00
	2450.63	0.00	6.20	525.00
	2450.64	0.00	6.20	523.00
	2450.65	0.00	6.20	522.00
	2450.66	0.00	6.21	524.00
	2450.67	0.00	6.20	523.00
	2450.68	0.00	6.19	522.00
	2450.70	0.00	6.28	526.00
	2450.71	0.00	6.28	525.00
	2450.72	0.00	6.27	531.00
	2450.73	0.00	6.26	531.00
	2450.74	0.00	6.27	531.00
	2450.75	0.00	6.25	529.00
	2450.76	0.00	6.27	529.00
	2450.78	0.00	6.27	525.00
	2450.79	0.00	6.27	527.00
	2450.80	0.00	6.28	526.00
	2450.81	0.00	6.28	524.00
	2450.82	0.00	6.35	528.00
	2450.83	0.00	6.35	528.00
	2450.85	0.00	6.33	532.00
	2450.86	0.00	6.35	531.00
	2450.87	0.00	6.32	529.00
	2450.88	0.00	6.33	529.00
	2450.89	0.00	6.33	528.00
	2450.90	0.00	6.30	526.00
	2450.92	0.00	6.31	529.00
	2450.93	0.00	6.30	529.00
	2450.94	0.00	6.31	528.00
	2450.95	0.00	6.34	526.00
	2450.96	0.00	6.34	526.00
	2450.97	0.00	6.34	526.00
	2450.98	0.00	6.34	526.00
	2451.00	0.00	6.34	527.00
	2451.01	0.00	6.36	527.00
	2451.02	0.00	6.28	526.00
	2451.03	0.00	6.28	526.00
	2451.04	0.00	6.27	528.00
	2451.05	0.00	6.19	559.00
	2451.06	0.00	6.03	623.00
	2451.08	0.00	5.68	799.00
	2451.09	0.00	5.48	963.00
	2451.10	0.00	5.43	1028.00
	2451.11	0.00	5.43	1054.00
	2451.12	0.00	5.44	1051.00
	2451.13	0.00	5.46	1051.00
	2451.15	0.00	5.41	1092.00
	2451.16	0.00	5.36	1146.00
	2451.17	0.00	5.33	1186.00
	2451.18	0.00	5.31	1223.00
	2451.19	0.00	5.63	1292.00
	2451.20	0.00	5.64	1300.00
	2451.22	0.00	5.64	1304.00
	2451.23	0.00	5.65	1302.00
	2451.24	0.00	5.65	1302.00
	2451.25	0.00	5.65	1292.00
	2451.26	0.00	5.65	1273.00
	2451.27	0.00	5.68	1252.00
	2451.29	0.00	5.71	1228.00
	2451.30	0.00	5.76	1211.00
	2451.31	0.00	6.21	1245.00
	2451.32	0.00	6.25	1223.00
	2451.33	0.00	6.28	1198.00
	2451.34	0.00	6.33	1187.00
	2451.36	0.00	6.37	1171.00
	2451.37	0.00	6.38	1160.00
	2451.38	0.00	6.38	1145.00
	2451.39	0.00	6.50	1140.00
	2451.40	0.00	6.55	1129.00
	2451.41	0.00	6.61	1109.00
	2451.43	0.00	6.63	1084.00
	2451.44	0.00	6.69	1070.00
	2451.45	0.00	6.70	1044.00
	2451.46	0.00	6.74	1022.00
	2451.47	0.00	6.87	995.00
	2451.48	0.00	6.84	971.00
	2451.50	0.00	6.93	951.00
	2451.51	0.00	6.94	929.00
	2451.52	0.00	7.01	906.00
	2451.53	0.00	7.05	886.00
	2451.54	0.00	7.11	858.00
	2451.55	0.00	7.22	830.00
	2451.56	0.00	7.32	822.00
	2451.58	0.00	7.43	806.00
	2451.59	0.00	7.55	811.00
	2451.60	0.00	7.62	799.00
	2451.61	0.00	7.48	699.00
	2451.62	0.00	7.56	722.00
	2451.63	0.00	7.63	721.00
	2451.65	0.00	8.53	791.00
	2451.66	0.00	8.72	791.00
	2451.67	0.00	8.87	805.00
	2451.68	0.00	8.90	808.00
	2451.69	0.00	8.76	802.00
	2451.70	0.00	9.00	798.00
	2451.72	0.00	8.12	732.00
	2451.73	0.00	7.89	724.00
	2451.74	0.00	7.77	707.00
	2451.75	0.00	7.47	678.00
	2451.76	0.00	7.26	641.00
	2451.77	0.00	7.12	621.00
	2451.78	0.00	6.94	595.00
	2451.80	0.00	6.78	573.00
	2451.81	0.00	6.69	558.00
	2451.82	0.00	6.04	504.00
	2451.83	0.00	6.03	510.00
	2451.84	0.00	6.04	513.00
	2451.85	0.00	6.11	515.00
	2451.87	0.00	6.09	521.00
	2451.88	0.00	6.12	513.00
	2451.89	0.00	6.15	512.00
	2451.90	0.00	6.20	516.00
	2451.91	0.00	6.20	517.00
	2451.92	0.00	6.18	516.00
	2451.94	0.00	6.21	517.00
	2451.95	0.00	6.19	515.00
	2451.96	0.00	6.18	518.00
	2451.97	0.00	6.17	520.00
	2451.98	0.00	6.17	524.00
	2451.99	0.00	6.16	522.00
	2452.00	0.00	6.21	517.00
	2452.02	0.00	6.28	519.00
	2452.03	0.00	6.27	518.00
	2452.04	0.00	6.27	523.00
	2452.05	0.00	6.27	521.00
	2452.06	0.00	6.27	521.00
	2452.07	0.00	6.26	521.00
	2452.09	0.00	6.26	520.00
	2452.10	0.00	6.25	518.00
	2452.11	0.00	6.26	519.00
	2452.12	0.00	6.27	518.00
	2452.13	0.00	6.27	517.00
	2452.14	0.00	6.28	516.00
	2452.16	0.00	6.27	516.00
	2452.17	0.00	6.27	514.00
	2452.18	0.00	6.28	515.00
	2452.19	0.00	6.29	515.00
	2452.20	0.00	6.26	510.00
	2452.21	0.00	6.24	511.00
	2452.22	0.00	6.23	510.00
	2452.24	0.00	6.22	510.00
	2452.25	0.00	6.22	509.00
	2452.26	0.00	6.23	509.00
	2452.27	0.00	6.23	510.00
	2452.28	0.00	6.17	513.00
	2452.29	0.00	6.22	516.00
	2452.30	0.00	6.20	525.00
	2452.32	0.00	6.09	571.00
	2452.33	0.00	5.75	726.00
	2452.34	0.00	5.24	1051.00
	2452.35	0.00	5.29	1133.00
	2452.36	0.00	5.28	1166.00
	2452.37	0.00	5.29	1186.00
	2452.39	0.00	5.25	1213.00
	2452.40	0.00	5.22	1252.00
	2452.41	0.00	5.20	1280.00
	2452.42	0.00	5.25	1284.00
	2452.43	0.00	5.71	1314.00
	2452.44	0.00	5.83	1288.00
	2452.46	0.00	5.89	1257.00
	2452.47	0.00	5.97	1230.00
	2452.48	0.00	6.03	1183.00
	2452.49	0.00	6.10	1126.00
	2452.50	0.00	6.19	1067.00
	2452.51	0.00	6.28	996.00
	2452.53	0.00	6.43	922.00
	2452.54	0.00	6.58	842.00
	2452.55	0.00	6.72	784.00
	2452.56	0.00	6.82	735.00
	2452.57	0.00	6.90	701.00
	2452.58	0.00	6.93	674.00
	2452.60	0.00	7.00	648.00
	2452.61	0.00	7.04	631.00
	2452.62	0.00	7.00	621.00
	2452.63	0.00	6.97	615.00
	2452.64	0.00	6.94	613.00
	2452.65	0.00	6.93	607.00
	2452.67	0.00	6.93	601.00
	2452.68	0.00	6.32	549.00
	2452.69	0.00	6.35	550.00
	2452.70	0.00	6.34	549.00
	2452.71	0.00	6.35	549.00
	2452.72	0.00	6.36	550.00
	2452.73	0.00	6.38	550.00
	2452.75	0.00	6.96	599.00
	2452.76	0.00	6.94	601.00
	2452.77	0.00	6.99	606.00
	2452.78	0.00	7.86	662.00
	2452.79	0.00	7.88	667.00
	2452.80	0.00	8.08	682.00
	2452.81	0.00	8.25	699.00
	2452.83	0.00	8.36	711.00
	2452.84	0.00	8.70	738.00
	2452.85	0.00	8.74	742.00
	2452.86	0.00	8.77	748.00
	2452.87	0.00	8.56	734.00
	2452.88	0.00	8.56	733.00
	2452.90	0.00	8.45	721.00
	2452.91	0.00	8.45	716.00
	2452.92	0.00	8.41	706.00
	2452.93	0.00	8.38	692.00
	2452.94	0.00	8.41	684.00
	2452.95	0.00	7.79	612.00
	2452.97	0.00	7.47	586.00
	2452.98	0.00	7.28	569.00
	2452.99	0.00	6.27	514.00
	2453.00	0.00	6.28	515.00
	2453.01	0.00	6.30	523.00
	2453.02	0.00	6.29	524.00
	2453.04	0.00	6.29	520.00
	2453.05	0.00	6.30	519.00
	2453.06	0.00	6.31	518.00
	2453.07	0.00	6.33	519.00
	2453.08	0.00	6.31	519.00
	2453.09	0.00	6.35	522.00
	2453.10	0.00	6.38	523.00
	2453.12	0.00	6.36	525.00
	2453.13	0.00	6.37	526.00
	2453.14	0.00	6.36	525.00
	2453.15	0.00	6.35	524.00
	2453.16	0.00	6.35	522.00
	2453.17	0.00	6.37	520.00
	2453.19	0.00	6.37	519.00
	2453.20	0.00	6.37	519.00
	2453.21	0.00	6.36	519.00
	2453.22	0.00	6.34	518.00
	2453.23	0.00	6.37	519.00
	2453.24	0.00	6.36	520.00
	2453.26	0.00	6.36	518.00
	2453.27	0.00	6.38	518.00
	2453.28	0.00	6.16	516.00
	2453.29	0.00	6.31	515.00
	2453.30	0.00	6.31	514.00
	2453.31	0.00	6.18	515.00
	2453.32	0.00	6.18	514.00
	2453.34	0.00	6.33	514.00
	2453.35	0.00	6.35	515.00
	2453.36	0.00	6.34	516.00
	2453.37	0.00	6.33	514.00
	2453.38	0.00	6.31	516.00
	2453.39	0.00	6.31	517.00
	2453.40	0.00	6.31	517.00
	2453.42	0.00	6.31	517.00
	2453.43	0.00	6.23	513.00
	2453.44	0.00	6.13	516.00
	2453.45	0.00	6.18	540.00
	2453.46	0.00	5.99	636.00
	2453.47	0.00	5.50	943.00
	2453.49	0.00	5.35	1130.00
	2453.50	0.00	5.35	1165.00
	2453.51	0.00	5.37	1159.00
	2453.52	0.00	5.39	1147.00
	2453.53	0.00	5.37	1159.00
	2453.54	0.00	5.32	1191.00
	2453.56	0.00	5.72	1259.00
	2453.57	0.00	5.76	1275.00
	2453.58	0.00	6.10	1331.00
	2453.59	0.00	6.15	1318.00
	2453.60	0.00	6.19	1299.00
	2453.61	0.00	6.24	1275.00
	2453.63	0.00	6.29	1236.00
	2453.64	0.00	6.37	1189.00
	2453.65	0.00	6.44	1134.00
	2453.66	0.00	6.53	1083.00
	2453.67	0.00	6.47	1040.00
	2453.68	0.00	6.59	993.00
	2453.70	0.00	6.65	958.00
	2453.71	0.00	6.81	923.00
	2453.72	0.00	6.76	895.00
	2453.73	0.00	6.77	876.00
	2453.74	0.00	6.78	857.00
	2453.75	0.00	6.83	851.00
	2453.77	0.00	6.80	839.00
	2453.78	0.00	6.53	776.00
	2453.79	0.00	6.46	768.00
	2453.80	0.00	6.49	767.00
	2453.81	0.00	6.53	773.00
	2453.82	0.00	6.54	783.00
	2453.83	0.00	6.52	789.00
	2453.85	0.00	6.57	796.00
	2453.86	0.00	6.63	797.00
	2453.87	0.00	6.71	790.00
	2453.88	0.00	6.80	773.00
	2453.89	0.00	6.88	760.00
	2453.90	0.00	7.01	746.00
	2453.92	0.00	7.10	729.00
	2453.93	0.00	7.23	726.00
	2453.94	0.00	7.35	720.00
	2453.95	0.00	7.41	717.00
	2453.96	0.00	8.24	776.00
	2453.97	0.00	8.38	765.00
	2453.98	0.00	8.55	767.00
	2454.00	0.00	8.66	767.00
	2454.01	0.00	8.78	764.00
	2454.02	0.00	8.81	761.00
	2454.03	0.00	8.85	761.00
	2454.04	0.00	8.78	751.00
	2454.05	0.00	8.70	740.00
	2454.07	0.00	7.80	675.00
	2454.08	0.00	7.52	648.00
	2454.09	0.00	7.27	619.00
	2454.10	0.00	7.11	598.00
	2454.11	0.00	6.98	580.00
	2454.12	0.00	6.86	562.00
	2454.13	0.00	6.18	506.00
	2454.15	0.00	6.21	510.00
	2454.16	0.00	6.19	523.00
	2454.17	0.00	6.21	533.00
	2454.18	0.00	6.19	529.00
	2454.19	0.00	6.27	531.00
	2454.20	0.00	6.28	529.00
	2454.22	0.00	6.28	536.00
	2454.23	0.00	6.28	536.00
	2454.24	0.00	6.29	534.00
	2454.25	0.00	6.29	537.00
	2454.26	0.00	6.30	534.00
	2454.27	0.00	6.30	533.00
	2454.29	0.00	6.29	533.00
	2454.30	0.00	6.29	533.00
	2454.31	0.00	6.29	533.00
	2454.32	0.00	6.30	532.00
	2454.33	0.00	6.28	531.00
	2454.34	0.00	6.28	531.00
	2454.35	0.00	6.29	531.00
	2454.37	0.00	6.30	531.00
	2454.38	0.00	6.22	529.00
	2454.39	0.00	6.23	528.00
	2454.40	0.00	6.24	525.00
	2454.41	0.00	6.24	526.00
	2454.42	0.00	6.25	525.00
	2454.43	0.00	6.26	524.00
	2454.45	0.00	6.26	524.00
	2454.46	0.00	6.28	524.00
	2454.47	0.00	6.29	519.00
	2454.48	0.00	6.32	509.00
	2454.49	0.00	6.33	509.00
	2454.50	0.00	6.25	506.00
	2454.52	0.00	6.25	506.00
	2454.53	0.00	6.25	506.00
	2454.54	0.00	6.26	505.00
	2454.55	0.00	6.26	503.00
	2454.56	0.00	6.27	502.00
	2454.57	0.00	6.28	501.00
	2454.59	0.00	6.26	502.00
	2454.60	0.00	6.28	503.00
	2454.61	0.00	6.28	503.00
	2454.62	0.00	6.28	505.00
	2454.63	0.00	6.28	505.00
	2454.64	0.00	6.21	533.00
	2454.66	0.00	5.97	640.00
	2454.67	0.00	5.48	915.00
	2454.68	0.00	5.35	1105.00
	2454.69	0.00	5.36	1140.00
	2454.70	0.00	5.37	1133.00
	2454.71	0.00	5.36	1126.00
	2454.72	0.00	5.34	1161.00
	2454.74	0.00	5.27	1211.00
	2454.75	0.00	5.27	1231.00
	2454.76	0.00	5.31	1243.00
	2454.77	0.00	5.31	1238.00
	2454.78	0.00	5.32	1231.00
	2454.79	0.00	5.33	1218.00
	2454.81	0.00	5.76	1253.00
	2454.82	0.00	5.79	1234.00
	2454.83	0.00	5.84	1200.00
	2454.84	0.00	5.91	1157.00
	2454.85	0.00	5.99	1118.00
	2454.86	0.00	6.06	1081.00
	2454.88	0.00	6.12	1039.00
	2454.89	0.00	6.20	1002.00
	2454.90	0.00	6.28	963.00
	2454.91	0.00	6.40	922.00
	2454.92	0.00	6.49	879.00
	2454.93	0.00	6.56	839.00
	2454.94	0.00	6.75	801.00
	2454.96	0.00	6.81	769.00
	2454.97	0.00	6.93	745.00
	2454.98	0.00	6.99	727.00
	2454.99	0.00	7.02	712.00
	2455.00	0.00	7.02	717.00
	2455.01	0.00	7.10	712.00
	2455.03	0.00	7.16	710.00
	2455.04	0.00	7.25	708.00
	2455.05	0.00	7.26	703.00
	2455.06	0.00	7.31	701.00
	2455.07	0.00	7.33	702.00
	2455.08	0.00	7.37	703.00
	2455.10	0.00	8.22	758.00
	2455.11	0.00	8.28	767.00
	2455.12	0.00	8.47	746.00
	2455.13	0.00	8.62	749.00
	2455.14	0.00	8.65	746.00
	2455.15	0.00	8.79	746.00
	2455.16	0.00	8.88	756.00
	2455.18	0.00	8.90	751.00
	2455.19	0.00	8.86	749.00
	2455.20	0.00	9.01	755.00
	2455.21	0.00	9.01	755.00
	2455.22	0.00	8.97	748.00
	2455.23	0.00	8.79	731.00
	2455.25	0.00	8.59	706.00
	2455.26	0.00	8.40	685.00
	2455.27	0.00	8.25	664.00
	2455.28	0.00	8.10	643.00
	2455.29	0.00	7.11	573.00
	2455.30	0.00	6.92	557.00
	2455.32	0.00	6.28	514.00
	2455.33	0.00	6.18	541.00
	2455.34	0.00	6.26	540.00
	2455.35	0.00	6.18	537.00
	2455.36	0.00	6.19	533.00
	2455.37	0.00	6.22	534.00
	2455.38	0.00	6.24	536.00
	2455.40	0.00	6.24	534.00
	2455.41	0.00	6.22	534.00
	2455.42	0.00	6.18	532.00
	2455.43	0.00	6.18	531.00
	2455.44	0.00	6.19	530.00
	2455.45	0.00	6.18	529.00
	2455.46	0.00	6.19	528.00
	2455.48	0.00	6.20	529.00
	2455.49	0.00	6.21	526.00
	2455.50	0.00	6.22	525.00
	2455.51	0.00	6.21	526.00
	2455.52	0.00	6.21	526.00
	2455.53	0.00	6.22	525.00
	2455.55	0.00	6.13	524.00
	2455.56	0.00	6.13	521.00
	2455.57	0.00	6.15	520.00
	2455.58	0.00	6.15	514.00
	2455.59	0.00	6.15	514.00
	2455.60	0.00	6.19	507.00
	2455.62	0.00	6.22	501.00
	2455.63	0.00	6.22	503.00
	2455.64	0.00	6.22	504.00
	2455.65	0.00	6.21	504.00
	2455.66	0.00	6.18	505.00
	2455.67	0.00	6.22	505.00
	2455.68	0.00	6.19	505.00
	2455.70	0.00	6.20	503.00
	2455.71	0.00	6.20	500.00
	2455.72	0.00	6.20	500.00
	2455.73	0.00	6.21	503.00
	2455.74	0.00	6.19	503.00
	2455.75	0.00	6.21	505.00
	2455.77	0.00	6.23	511.00
	2455.78	0.00	6.13	556.00
	2455.79	0.00	5.83	705.00
	2455.80	0.00	5.46	981.00
	2455.81	0.00	5.31	1113.00
	2455.82	0.00	5.32	1130.00
	2455.83	0.00	5.37	1107.00
	2455.85	0.00	5.39	1096.00
	2455.86	0.00	5.35	1112.00
	2455.87	0.00	5.35	1161.00
	2455.88	0.00	5.37	1179.00
	2455.89	0.00	5.78	1238.00
	2455.90	0.00	5.79	1250.00
	2455.92	0.00	5.83	1246.00
	2455.93	0.00	5.87	1230.00
	2455.94	0.00	5.93	1208.00
	2455.95	0.00	5.98	1176.00
	2455.96	0.00	6.04	1134.00
	2455.97	0.00	6.11	1096.00
	2455.99	0.00	6.17	1055.00
	2456.00	0.00	6.24	1016.00
	2456.01	0.00	6.31	966.00
	2456.02	0.00	6.32	912.00
	2456.03	0.00	6.39	852.00
	2456.04	0.00	6.52	792.00
	2456.06	0.00	6.68	749.00
	2456.07	0.00	6.72	722.00
	2456.08	0.00	6.76	699.00
	2456.09	0.00	6.78	681.00
	2456.10	0.00	6.82	671.00
	2456.11	0.00	6.85	662.00
	2456.13	0.00	7.00	667.00
	2456.14	0.00	7.01	660.00
	2456.15	0.00	7.04	659.00
	2456.16	0.00	7.06	656.00
	2456.17	0.00	7.07	653.00
	2456.18	0.00	7.03	667.00
	2456.19	0.00	7.07	668.00
	2456.21	0.00	7.14	672.00
	2456.22	0.00	7.19	677.00
	2456.23	0.00	7.19	686.00
	2456.24	0.00	7.34	666.00
	2456.25	0.00	7.48	669.00
	2456.26	0.00	7.55	674.00
	2456.27	0.00	7.65	679.00
	2456.29	0.00	7.69	701.00
	2456.30	0.00	8.59	766.00
	2456.31	0.00	8.73	763.00
	2456.32	0.00	8.90	776.00
	2456.33	0.00	9.04	781.00
	2456.34	0.00	9.11	784.00
	2456.36	0.00	9.25	798.00
	2456.37	0.00	9.32	811.00
	2456.38	0.00	9.38	808.00
	2456.39	0.00	9.37	809.00
	2456.40	0.00	9.35	803.00
	2456.41	0.00	9.21	790.00
	2456.43	0.00	8.92	754.00
	2456.44	0.00	8.61	720.00
	2456.45	0.00	8.41	690.00
	2456.46	0.00	8.15	661.00
	2456.47	0.00	8.11	644.00
	2456.48	0.00	7.02	572.00
	2456.50	0.00	6.93	558.00
	2456.51	0.00	6.28	504.00
	2456.52	0.00	6.29	510.00
	2456.53	0.00	6.25	525.00
	2456.54	0.00	6.24	530.00
	2456.55	0.00	6.16	528.00
	2456.56	0.00	6.18	523.00
	2456.58	0.00	6.22	523.00
	2456.59	0.00	6.24	522.00
	2456.60	0.00	6.24	521.00
	2456.61	0.00	6.27	525.00
	2456.62	0.00	6.25	529.00
	2456.63	0.00	6.26	530.00
	2456.65	0.00	6.23	531.00
	2456.66	0.00	6.19	526.00
	2456.67	0.00	6.16	533.00
	2456.68	0.00	6.16	529.00
	2456.69	0.00	6.16	528.00
	2456.70	0.00	6.21	516.00
	2456.72	0.00	6.25	508.00
	2456.73	0.00	6.27	502.00
	2456.74	0.00	6.27	503.00
	2456.75	0.00	6.27	501.00
	2456.76	0.00	6.26	500.00
	2456.77	0.00	6.27	498.00
	2456.78	0.00	6.27	500.00
	2456.80	0.00	6.29	501.00
	2456.81	0.00	6.27	500.00
	2456.82	0.00	6.32	504.00
	2456.83	0.00	6.32	505.00
	2456.84	0.00	6.31	503.00
	2456.85	0.00	6.32	508.00
	2456.86	0.00	6.31	506.00
	2456.88	0.00	6.30	508.00
	2456.89	0.00	6.29	511.00
	2456.90	0.00	6.30	511.00
	2456.91	0.00	6.32	503.00
	2456.92	0.00	6.35	500.00
	2456.93	0.00	6.35	500.00
	2456.95	0.00	6.41	503.00
	2456.96	0.00	6.40	504.00
	2456.97	0.00	6.39	507.00
	2456.98	0.00	6.39	506.00
	2456.99	0.00	6.37	506.00
	2457.00	0.00	6.33	518.00
	2457.02	0.00	6.24	563.00
	2457.03	0.00	5.77	764.00
	2457.04	0.00	5.21	1136.00
	2457.05	0.00	5.33	1199.00
	2457.06	0.00	5.37	1209.00
	2457.07	0.00	5.41	1178.00
	2457.08	0.00	5.45	1151.00
	2457.10	0.00	5.45	1164.00
	2457.11	0.00	5.48	1205.00
	2457.12	0.00	5.51	1212.00
	2457.13	0.00	5.53	1208.00
	2457.14	0.00	5.95	1241.00
	2457.15	0.00	6.05	1230.00
	2457.17	0.00	6.12	1201.00
	2457.18	0.00	6.19	1155.00
	2457.19	0.00	6.26	1104.00
	2457.20	0.00	6.37	1046.00
	2457.21	0.00	6.47	983.00
	2457.22	0.00	6.55	932.00
	2457.24	0.00	6.67	874.00
	2457.25	0.00	6.77	819.00
	2457.26	0.00	6.82	782.00
	2457.27	0.00	6.88	750.00
	2457.28	0.00	6.91	730.00
	2457.29	0.00	6.94	713.00
	2457.31	0.00	6.96	699.00
	2457.32	0.00	6.98	687.00
	2457.33	0.00	6.97	683.00
	2457.34	0.00	6.94	676.00
	2457.35	0.00	6.95	662.00
	2457.36	0.00	7.00	657.00
	2457.37	0.00	7.02	651.00
	2457.39	0.00	7.03	650.00
	2457.40	0.00	7.01	651.00
	2457.41	0.00	7.02	650.00
	2457.42	0.00	7.85	697.00
	2457.43	0.00	7.92	697.00
	2457.44	0.00	7.92	708.00
	2457.46	0.00	7.97	706.00
	2457.47	0.00	8.01	707.00
	2457.48	0.00	7.97	716.00
	2457.49	0.00	7.89	736.00
	2457.50	0.00	7.94	727.00
	2457.51	0.00	7.92	742.00
	2457.53	0.00	7.90	749.00
	2457.54	0.00	7.89	756.00
	2457.55	0.00	7.90	763.00
	2457.56	0.00	7.86	761.00
	2457.57	0.00	7.74	762.00
	2457.58	0.00	7.74	767.00
	2457.59	0.00	7.72	767.00
	2457.61	0.00	7.67	771.00
	2457.62	0.00	7.60	772.00
	2457.63	0.00	7.55	770.00
	2457.64	0.00	7.52	766.00
	2457.65	0.00	7.46	772.00
	2457.66	0.00	6.59	731.00
	2457.67	0.00	6.53	740.00
	2457.69	0.00	6.49	751.00
	2457.70	0.00	6.47	752.00
	2457.71	0.00	6.46	746.00
	2457.72	0.00	6.47	739.00
	2457.73	0.00	6.49	727.00
	2457.75	0.00	5.96	666.00
	2457.76	0.00	5.97	657.00
	2457.77	0.00	5.96	650.00
	2457.78	0.00	6.00	648.00
	2457.79	0.00	5.98	643.00
	2457.80	0.00	5.99	634.00
	2457.81	0.00	6.00	632.00
	2457.83	0.00	6.01	630.00
	2457.84	0.00	6.01	625.00
	2457.85	0.00	6.00	624.00
	2457.86	0.00	6.10	630.00
	2457.87	0.00	6.10	629.00
	2457.88	0.00	6.05	650.00
	2457.89	0.00	6.04	649.00
	2457.91	0.00	6.04	653.00
	2457.92	0.00	6.02	652.00
	2457.93	0.00	6.03	650.00
	2457.94	0.00	6.03	647.00
	2457.95	0.00	6.06	641.00
	2457.96	0.00	6.04	639.00
	2457.98	0.00	6.14	640.00
	2457.99	0.00	6.16	636.00
	2458.00	0.00	6.11	653.00
	2458.01	0.00	6.68	704.00
	2458.02	0.00	6.10	656.00
	2458.03	0.00	6.09	658.00
	2458.05	0.00	6.11	659.00
	2458.06	0.00	6.11	659.00
	2458.07	0.00	6.10	663.00
	2458.08	0.00	6.09	664.00
	2458.09	0.00	6.09	666.00
	2458.10	0.00	6.10	665.00
	2458.11	0.00	6.09	668.00
	2458.13	0.00	6.08	669.00
	2458.14	0.00	6.02	668.00
	2458.15	0.00	6.03	667.00
	2458.16	0.00	6.03	665.00
	2458.17	0.00	6.02	664.00
	2458.18	0.00	6.03	664.00
	2458.19	0.00	6.04	666.00
	2458.21	0.00	6.05	666.00
	2458.22	0.00	6.05	667.00
	2458.23	0.00	6.05	667.00
	2458.24	0.00	6.04	671.00
	2458.25	0.00	6.03	675.00
	2458.26	0.00	6.02	674.00
	2458.28	0.00	5.95	671.00
	2458.29	0.00	5.93	669.00
	2458.30	0.00	5.94	664.00
	2458.31	0.00	5.98	649.00
	2458.32	0.00	5.98	650.00
	2458.33	0.00	5.98	652.00
	2458.35	0.00	5.97	655.00
	2458.36	0.00	5.96	657.00
	2458.37	0.00	5.97	659.00
	2458.38	0.00	5.98	661.00
	2458.39	0.00	5.97	662.00
	2458.40	0.00	5.97	663.00
	2458.41	0.00	5.96	665.00
	2458.43	0.00	5.96	666.00
	2458.44	0.00	5.96	666.00
	2458.45	0.00	5.96	667.00
	2458.46	0.00	5.96	666.00
	2458.47	0.00	5.96	669.00
	2458.48	0.00	5.97	669.00
	2458.50	0.00	5.97	668.00
	2458.51	0.00	6.04	673.00
	2458.52	0.00	6.05	669.00
	2458.53	0.00	6.01	687.00
	2458.54	0.00	6.00	688.00
	2458.55	0.00	6.01	689.00
	2458.56	0.00	5.99	688.00
	2458.58	0.00	6.00	690.00
	2458.59	0.00	6.01	688.00
	2458.60	0.00	6.01	688.00
	2458.61	0.00	6.01	684.00
	2458.62	0.00	6.08	689.00
	2458.63	0.00	6.09	688.00
	2458.65	0.00	6.09	687.00
	2458.66	0.00	6.08	690.00
	2458.67	0.00	6.05	710.00
	2458.68	0.00	6.04	711.00
	2458.69	0.00	6.02	714.00
	2458.70	0.00	6.01	715.00
	2458.72	0.00	6.03	713.00
	2458.73	0.00	6.01	721.00
	2458.74	0.00	6.01	723.00
	2458.75	0.00	6.00	725.00
	2458.76	0.00	6.01	726.00
	2458.77	0.00	6.01	724.00
	2458.78	0.00	6.00	728.00
	2458.80	0.00	6.01	728.00
	2458.81	0.00	5.95	729.00
	2458.82	0.00	5.95	730.00
	2458.83	0.00	5.95	729.00
	2458.84	0.00	5.95	731.00
	2458.85	0.00	5.94	732.00
	2458.86	0.00	5.96	736.00
	2458.88	0.00	5.95	738.00
	2458.89	0.00	5.95	741.00
	2458.90	0.00	5.94	742.00
	2458.91	0.00	5.94	740.00
	2458.92	0.00	5.86	734.00
	2458.93	0.00	5.85	732.00
	2458.95	0.00	5.86	732.00
	2458.96	0.00	5.90	710.00
	2458.97	0.00	5.91	710.00
	2458.98	0.00	5.93	708.00
	2458.99	0.00	5.93	706.00
	2459.00	0.00	5.92	707.00
	2459.02	0.00	5.92	706.00
	2459.03	0.00	5.92	707.00
	2459.04	0.00	5.92	706.00
	2459.05	0.00	5.94	707.00
	2459.06	0.00	5.92	706.00
	2459.07	0.00	5.93	702.00
	2459.08	0.00	5.93	704.00
	2459.10	0.00	5.92	703.00
	2459.11	0.00	5.93	702.00
	2459.12	0.00	6.01	706.00
	2459.13	0.00	6.01	705.00
	2459.14	0.00	6.02	702.00
	2459.15	0.00	5.95	719.00
	2459.16	0.00	5.98	722.00
	2459.18	0.00	5.97	720.00
	2459.19	0.00	5.96	721.00
	2459.20	0.00	5.96	719.00
	2459.21	0.00	5.98	718.00
	2459.22	0.00	5.96	718.00
	2459.23	0.00	5.99	716.00
	2459.25	0.00	6.06	717.00
	2459.26	0.00	6.07	715.00
	2459.27	0.00	6.01	731.00
	2459.28	0.00	6.02	730.00
	2459.29	0.00	6.03	730.00
	2459.30	0.00	6.01	731.00
	2459.31	0.00	6.00	732.00
	2459.33	0.00	6.01	729.00
	2459.34	0.00	6.00	733.00
	2459.35	0.00	6.00	733.00
	2459.36	0.00	6.00	735.00
	2459.37	0.00	6.00	735.00
	2459.38	0.00	6.00	736.00
	2459.40	0.00	5.99	735.00
	2459.41	0.00	5.99	739.00
	2459.42	0.00	5.99	739.00
	2459.43	0.00	6.00	739.00
	2459.44	0.00	5.93	738.00
	2459.45	0.00	5.94	735.00
	2459.46	0.00	5.94	733.00
	2459.48	0.00	5.94	733.00
	2459.49	0.00	5.95	734.00
	2459.50	0.00	5.96	736.00
	2459.51	0.00	5.94	736.00
	2459.52	0.00	5.95	735.00
	2459.53	0.00	5.93	743.00
	2459.55	0.00	5.93	743.00
	2459.56	0.00	5.90	740.00
	2459.57	0.00	5.85	739.00
	2459.58	0.00	5.85	737.00
	2459.59	0.00	5.91	717.00
	2459.60	0.00	5.91	717.00
	2459.61	0.00	5.93	718.00
	2459.63	0.00	5.91	719.00
	2459.64	0.00	5.91	718.00
	2459.65	0.00	5.90	720.00
	2459.66	0.00	5.90	720.00
	2459.67	0.00	5.91	722.00
	2459.68	0.00	5.90	723.00
	2459.70	0.00	5.89	722.00
	2459.71	0.00	5.89	720.00
	2459.72	0.00	5.90	725.00
	2459.73	0.00	5.90	724.00
	2459.74	0.00	5.98	728.00
	2459.75	0.00	5.98	728.00
	2459.76	0.00	5.98	727.00
	2459.78	0.00	5.98	730.00
	2459.79	0.00	5.94	746.00
	2459.80	0.00	5.94	746.00
	2459.81	0.00	5.92	745.00
	2459.82	0.00	5.92	746.00
	2459.83	0.00	5.92	747.00
	2459.85	0.00	5.92	747.00
	2459.86	0.00	5.93	747.00
	2459.87	0.00	5.91	746.00
	2459.88	0.00	5.96	747.00
	2459.89	0.00	6.01	749.00
	2459.90	0.00	6.01	747.00
	2459.91	0.00	6.02	746.00
	2459.93	0.00	5.91	766.00
	2459.94	0.00	5.96	766.00
	2459.95	0.00	5.93	767.00
	2459.96	0.00	5.95	764.00
	2459.97	0.00	5.95	768.00
	2459.98	0.00	5.94	771.00
	2460.00	0.00	5.95	771.00
	2460.01	0.00	5.94	773.00
	2460.02	0.00	5.94	775.00
	2460.03	0.00	5.95	775.00
	2460.04	0.00	5.94	776.00
	2460.05	0.00	5.94	778.00
	2460.06	0.00	5.94	778.00
	2460.08	0.00	5.93	778.00
	2460.09	0.00	5.90	778.00
	2460.10	0.00	5.89	776.00
	2460.11	0.00	5.90	773.00
	2460.12	0.00	5.90	773.00
	2460.13	0.00	5.90	773.00
	2460.15	0.00	5.93	773.00
	2460.16	0.00	5.92	775.00
	2460.17	0.00	5.92	774.00
	2460.18	0.00	5.90	780.00
	2460.19	0.00	5.89	781.00
	2460.20	0.00	5.85	779.00
	2460.21	0.00	5.80	776.00
	2460.23	0.00	5.76	777.00
	2460.24	0.00	5.77	774.00
	2460.25	0.00	5.84	757.00
	2460.26	0.00	5.86	756.00
	2460.27	0.00	5.87	756.00
	2460.28	0.00	5.86	756.00
	2460.30	0.00	5.82	755.00
	2460.31	0.00	5.83	757.00
	2460.32	0.00	5.81	758.00
	2460.33	0.00	5.85	757.00
	2460.34	0.00	5.85	758.00
	2460.35	0.00	5.84	759.00
	2460.36	0.00	5.84	760.00
	2460.38	0.00	5.83	766.00
	2460.39	0.00	5.83	765.00
	2460.40	0.00	5.81	765.00
	2460.41	0.00	5.86	767.00
	2460.42	0.00	5.93	776.00
	2460.43	0.00	5.93	773.00
	2460.45	0.00	5.87	795.00
	2460.46	0.00	5.88	800.00
	2460.47	0.00	5.88	804.00
	2460.48	0.00	5.86	804.00
	2460.49	0.00	5.85	809.00
	2460.50	0.00	5.86	810.00
	2460.51	0.00	5.86	812.00
	2460.53	0.00	5.87	815.00
	2460.54	0.00	5.94	820.00
	2460.55	0.00	5.93	820.00
	2460.56	0.00	5.94	819.00
	2460.57	0.00	5.93	824.00
	2460.58	0.00	5.90	833.00
	2460.60	0.00	5.92	830.00
	2460.61	0.00	5.92	825.00
	2460.62	0.00	5.91	819.00
	2460.63	0.00	5.93	813.00
	2460.64	0.00	5.94	808.00
	2460.65	0.00	5.96	798.00
	2460.66	0.00	5.95	795.00
	2460.68	0.00	5.95	785.00
	2460.69	0.00	5.98	779.00
	2460.70	0.00	5.97	771.00
	2460.71	0.00	6.00	760.00
	2460.72	0.00	5.98	750.00
	2460.73	0.00	6.01	741.00
	2460.75	0.00	5.97	726.00
	2460.76	0.00	5.98	717.00
	2460.77	0.00	6.02	698.00
	2460.78	0.00	6.04	680.00
	2460.79	0.00	6.07	664.00
	2460.80	0.00	6.12	652.00
	2460.81	0.00	6.14	642.00
	2460.83	0.00	6.16	631.00
	2460.84	0.00	6.15	628.00
	2460.85	0.00	6.16	619.00
	2460.86	0.00	6.09	607.00
	2460.87	0.00	6.11	599.00
	2460.88	0.00	6.14	581.00
	2460.90	0.00	6.19	568.00
	2460.91	0.00	6.22	562.00
	2460.92	0.00	6.21	556.00
	2460.93	0.00	6.23	548.00
	2460.94	0.00	6.22	546.00
	2460.95	0.00	6.21	545.00
	2460.96	0.00	6.20	545.00
	2460.98	0.00	6.20	543.00
	2460.99	0.00	6.21	543.00
	2461.00	0.00	6.22	542.00
	2461.01	0.00	6.30	546.00
	2461.02	0.00	6.31	544.00
	2461.03	0.00	6.29	554.00
	2461.04	0.00	6.30	552.00
	2461.06	0.00	6.30	552.00
	2461.07	0.00	6.28	552.00
	2461.08	0.00	6.28	551.00
	2461.09	0.00	6.28	548.00
	2461.10	0.00	6.29	549.00
	2461.11	0.00	6.28	547.00
	2461.13	0.00	6.36	550.00
	2461.14	0.00	6.37	548.00
	2461.15	0.00	6.35	556.00
	2461.16	0.00	6.35	555.00
	2461.17	0.00	6.33	555.00
	2461.18	0.00	6.34	553.00
	2461.19	0.00	6.36	550.00
	2461.21	0.00	6.34	553.00
	2461.22	0.00	6.34	553.00
	2461.23	0.00	6.35	552.00
	2461.24	0.00	6.35	551.00
	2461.25	0.00	6.34	551.00
	2461.26	0.00	6.26	550.00
	2461.28	0.00	6.34	550.00
	2461.29	0.00	6.32	548.00
	2461.30	0.00	6.29	547.00
	2461.31	0.00	6.29	545.00
	2461.32	0.00	6.28	542.00
	2461.33	0.00	6.29	540.00
	2461.34	0.00	6.26	540.00
	2461.36	0.00	6.28	540.00
	2461.37	0.00	6.31	542.00
	2461.38	0.00	6.30	541.00
	2461.39	0.00	6.30	544.00
	2461.40	0.00	6.27	545.00
	2461.41	0.00	6.21	540.00
	2461.43	0.00	6.19	537.00
	2461.44	0.00	6.19	532.00
	2461.45	0.00	6.21	522.00
	2461.46	0.00	6.22	520.00
	2461.47	0.00	6.21	526.00
	2461.48	0.00	6.17	542.00
	2461.50	0.00	6.05	580.00
	2461.51	0.00	5.96	634.00
	2461.52	0.00	5.88	675.00
	2461.53	0.00	5.84	691.00
	2461.54	0.00	5.84	695.00
	2461.55	0.00	5.83	698.00
	2461.56	0.00	5.81	714.00
	2461.58	0.00	5.77	751.00
	2461.59	0.00	5.73	789.00
	2461.60	0.00	5.67	838.00
	2461.61	0.00	5.61	899.00
	2461.62	0.00	5.99	990.00
	2461.63	0.00	5.97	1031.00
	2461.65	0.00	5.96	1058.00
	2461.66	0.00	5.98	1078.00
	2461.67	0.00	6.01	1096.00
	2461.68	0.00	6.01	1103.00
	2461.69	0.00	6.01	1110.00
	2461.70	0.00	6.01	1117.00
	2461.72	0.00	6.01	1124.00
	2461.73	0.00	5.97	1135.00
	2461.74	0.00	5.99	1143.00
	2461.75	0.00	5.99	1148.00
	2461.76	0.00	5.97	1149.00
	2461.77	0.00	5.98	1151.00
	2461.79	0.00	5.96	1154.00
	2461.80	0.00	5.98	1154.00
	2461.81	0.00	5.97	1152.00
	2461.82	0.00	5.98	1148.00
	2461.83	0.00	5.94	1147.00
	2461.84	0.00	5.98	1144.00
	2461.86	0.00	5.98	1138.00
	2461.87	0.00	5.98	1137.00
	2461.88	0.00	5.99	1137.00
	2461.89	0.00	6.00	1142.00
	2461.90	0.00	6.00	1143.00
	2461.91	0.00	6.00	1143.00
	2461.93	0.00	6.00	1143.00
	2461.94	0.00	5.99	1145.00
	2461.95	0.00	6.00	1152.00
	2461.96	0.00	5.98	1153.00
	2461.97	0.00	5.97	1155.00
	2461.98	0.00	5.97	1161.00
	2462.00	0.00	5.98	1163.00
	2462.01	0.00	5.98	1166.00
	2462.02	0.00	5.96	1172.00
	2462.03	0.00	5.96	1177.00
	2462.04	0.00	5.96	1177.00
	2462.05	0.00	5.97	1173.00
	2462.07	0.00	5.99	1167.00
	2462.08	0.00	6.01	1161.00
	2462.09	0.00	6.02	1152.00
	2462.10	0.00	6.04	1142.00
	2462.11	0.00	6.06	1131.00
	2462.12	0.00	6.07	1118.00
	2462.14	0.00	6.10	1102.00
	2462.15	0.00	6.12	1077.00
	2462.16	0.00	6.12	1046.00
	2462.17	0.00	6.19	1018.00
	2462.18	0.00	6.20	988.00
	2462.19	0.00	6.25	955.00
	2462.20	0.00	6.26	917.00
	2462.22	0.00	6.28	882.00
	2462.23	0.00	6.47	866.00
	2462.24	0.00	6.46	829.00
	2462.25	0.00	6.51	786.00
	2462.26	0.00	6.64	765.00
	2462.27	0.00	6.67	727.00
	2462.29	0.00	6.72	692.00
	2462.30	0.00	6.30	621.00
	2462.31	0.00	6.32	605.00
	2462.32	0.00	6.31	601.00
	2462.33	0.00	6.34	588.00
	2462.34	0.00	6.36	578.00
	2462.36	0.00	6.35	572.00
	2462.37	0.00	6.36	568.00
	2462.38	0.00	6.35	565.00
	2462.39	0.00	6.33	563.00
	2462.40	0.00	6.33	562.00
	2462.41	0.00	6.33	563.00
	2462.43	0.00	6.33	560.00
	2462.44	0.00	6.33	561.00
	2462.45	0.00	6.33	559.00
	2462.46	0.00	6.34	559.00
	2462.47	0.00	6.27	556.00
	2462.48	0.00	6.28	554.00
	2462.49	0.00	6.25	552.00
	2462.51	0.00	6.25	547.00
	2462.52	0.00	6.24	550.00
	2462.53	0.00	6.24	558.00
	2462.54	0.00	6.22	576.00
	2462.55	0.00	6.15	605.00
	2462.56	0.00	6.05	655.00
	2462.58	0.00	5.99	684.00
	2462.59	0.00	6.38	755.00
	2462.60	0.00	6.33	776.00
	2462.61	0.00	6.34	787.00
	2462.62	0.00	6.45	795.00
	2462.63	0.00	6.45	818.00
	2462.64	0.00	6.44	837.00
	2462.66	0.00	6.47	859.00
	2462.67	0.00	6.46	877.00
	2462.68	0.00	6.29	870.00
	2462.69	0.00	6.28	882.00
	2462.70	0.00	6.73	943.00
	2462.71	0.00	6.25	903.00
	2462.73	0.00	6.69	960.00
	2462.74	0.00	6.69	963.00
	2462.75	0.00	6.66	967.00
	2462.76	0.00	6.70	980.00
	2462.77	0.00	6.69	986.00
	2462.78	0.00	6.69	992.00
	2462.79	0.00	6.74	1002.00
	2462.81	0.00	6.76	1007.00
	2462.82	0.00	6.75	1006.00
	2462.83	0.00	6.77	1007.00
	2462.84	0.00	6.74	1016.00
	2462.85	0.00	6.73	1017.00
	2462.86	0.00	6.74	1022.00
	2462.88	0.00	6.72	1019.00
	2462.89	0.00	6.72	1022.00
	2462.90	0.00	6.74	1021.00
	2462.91	0.00	6.62	1015.00
	2462.92	0.00	6.59	1001.00
	2462.93	0.00	6.66	1001.00
	2462.95	0.00	6.69	988.00
	2462.96	0.00	6.69	978.00
	2462.97	0.00	6.70	970.00
	2462.98	0.00	6.74	962.00
	2462.99	0.00	6.38	914.00
	2463.00	0.00	6.47	925.00
	2463.01	0.00	6.51	928.00
	2463.03	0.00	6.54	930.00
	2463.04	0.00	6.61	938.00
	2463.05	0.00	6.70	947.00
	2463.06	0.00	6.75	956.00
	2463.07	0.00	6.79	965.00
	2463.08	0.00	6.76	980.00
	2463.10	0.00	6.79	986.00
	2463.11	0.00	6.83	990.00
	2463.12	0.00	6.85	989.00
	2463.13	0.00	6.90	990.00
	2463.14	0.00	6.89	985.00
	2463.15	0.00	6.90	981.00
	2463.16	0.00	6.86	969.00
	2463.18	0.00	7.02	996.00
	2463.19	0.00	7.02	992.00
	2463.20	0.00	7.02	994.00
	2463.21	0.00	6.98	990.00
	2463.22	0.00	6.94	985.00
	2463.23	0.00	6.91	980.00
	2463.25	0.00	6.85	974.00
	2463.26	0.00	6.77	963.00
	2463.27	0.00	6.78	971.00
	2463.28	0.00	6.72	969.00
	2463.29	0.00	6.67	967.00
	2463.30	0.00	6.61	966.00
	2463.31	0.00	6.54	967.00
	2463.33	0.00	6.45	971.00
	2463.34	0.00	6.83	1026.00
	2463.35	0.00	6.82	1033.00
	2463.36	0.00	6.80	1033.00
	2463.37	0.00	6.84	1035.00
	2463.38	0.00	6.84	1033.00
	2463.40	0.00	6.87	1033.00
	2463.41	0.00	6.88	1030.00
	2463.42	0.00	6.89	1025.00
	2463.43	0.00	6.90	1018.00
	2463.44	0.00	6.91	1016.00
	2463.45	0.00	6.90	1012.00
	2463.47	0.00	6.95	1008.00
	2463.48	0.00	6.93	1003.00
	2463.49	0.00	6.91	1001.00
	2463.50	0.00	6.92	1000.00
	2463.51	0.00	6.94	996.00
	2463.52	0.00	6.97	991.00
	2463.54	0.00	6.98	990.00
	2463.55	0.00	6.97	987.00
	2463.56	0.00	6.99	982.00
	2463.57	0.00	6.99	978.00
	2463.58	0.00	7.02	977.00
	2463.59	0.00	7.02	973.00
	2463.61	0.00	7.04	971.00
	2463.62	0.00	7.04	968.00
	2463.63	0.00	7.06	960.00
	2463.64	0.00	7.07	956.00
	2463.65	0.00	7.09	955.00
	2463.66	0.00	7.10	951.00
	2463.68	0.00	7.11	953.00
	2463.69	0.00	7.12	952.00
	2463.70	0.00	7.15	951.00
	2463.71	0.00	7.15	948.00
	2463.72	0.00	7.17	942.00
	2463.73	0.00	7.20	937.00
	2463.75	0.00	7.21	934.00
	2463.76	0.00	7.20	933.00
	2463.77	0.00	7.20	930.00
	2463.78	0.00	7.21	925.00
	2463.79	0.00	7.17	927.00
	2463.80	0.00	7.18	928.00
	2463.82	0.00	7.19	928.00
	2463.83	0.00	7.15	923.00
	2463.84	0.00	7.16	924.00
	2463.85	0.00	7.15	926.00
	2463.86	0.00	7.13	933.00
	2463.87	0.00	7.13	937.00
	2463.89	0.00	7.13	941.00
	2463.90	0.00	7.12	944.00
	2463.91	0.00	7.09	943.00
	2463.92	0.00	7.02	939.00
	2463.93	0.00	7.00	938.00
	2463.94	0.00	6.99	941.00
	2463.95	0.00	7.00	945.00
	2463.97	0.00	6.57	897.00
	2463.98	0.00	6.60	897.00
	2463.99	0.00	6.70	895.00
	2464.00	0.00	6.74	900.00
	2464.01	0.00	6.77	906.00
	2464.02	0.00	6.83	909.00
	2464.03	0.00	6.87	908.00
	2464.05	0.00	6.90	911.00
	2464.06	0.00	6.80	891.00
	2464.07	0.00	6.80	884.00
	2464.08	0.00	6.81	881.00
	2464.09	0.00	6.79	878.00
	2464.10	0.00	6.77	875.00
	2464.12	0.00	6.76	873.00
	2464.13	0.00	6.75	875.00
	2464.14	0.00	6.73	873.00
	2464.15	0.00	6.74	876.00
	2464.16	0.00	6.73	875.00
	2464.17	0.00	6.78	876.00
	2464.19	0.00	6.87	884.00
	2464.20	0.00	6.94	894.00
	2464.21	0.00	7.03	900.00
	2464.22	0.00	7.88	958.00
	2464.23	0.00	7.97	958.00
	2464.24	0.00	8.10	960.00
	2464.26	0.00	8.25	955.00
	2464.27	0.00	8.37	957.00
	2464.28	0.00	8.43	957.00
	2464.29	0.00	8.47	966.00
	2464.30	0.00	8.55	963.00
	2464.31	0.00	8.59	962.00
	2464.32	0.00	8.63	959.00
	2464.34	0.00	8.69	954.00
	2464.35	0.00	8.72	946.00
	2464.36	0.00	8.76	939.00
	2464.37	0.00	8.78	935.00
	2464.38	0.00	8.86	940.00
	2464.39	0.00	8.89	941.00
	2464.41	0.00	8.92	938.00
	2464.42	0.00	8.94	938.00
	2464.43	0.00	9.03	941.00
	2464.44	0.00	9.02	936.00
	2464.45	0.00	9.02	934.00
	2464.46	0.00	9.05	930.00
	2464.47	0.00	9.02	925.00
	2464.49	0.00	8.95	942.00
	2464.50	0.00	8.95	939.00
	2464.51	0.00	8.97	937.00
	2464.52	0.00	8.99	934.00
	2464.53	0.00	9.00	933.00
	2464.54	0.00	9.05	932.00
	2464.56	0.00	9.05	924.00
	2464.57	0.00	9.04	923.00
	2464.58	0.00	9.03	914.00
	2464.59	0.00	9.04	905.00
	2464.60	0.00	9.12	933.00
	2464.61	0.00	9.11	932.00
	2464.62	0.00	9.10	931.00
	2464.64	0.00	9.08	929.00
	2464.65	0.00	9.07	930.00
	2464.66	0.00	9.06	929.00
	2464.67	0.00	9.04	929.00
	2464.68	0.00	9.05	928.00
	2464.69	0.00	9.04	926.00
	2464.71	0.00	9.01	921.00
	2464.72	0.00	8.98	915.00
	2464.73	0.00	8.96	911.00
	2464.74	0.00	8.97	916.00
	2464.75	0.00	8.94	915.00
	2464.76	0.00	8.93	919.00
	2464.78	0.00	8.94	919.00
	2464.79	0.00	8.91	921.00
	2464.80	0.00	8.90	921.00
	2464.81	0.00	8.81	919.00
	2464.82	0.00	8.80	921.00
	2464.83	0.00	8.73	914.00
	2464.84	0.00	8.66	908.00
	2464.86	0.00	8.61	902.00
	2464.87	0.00	8.54	896.00
	2464.88	0.00	8.43	889.00
	2464.89	0.00	8.37	884.00
	2464.90	0.00	8.31	880.00
	2464.91	0.00	8.49	895.00
	2464.93	0.00	8.61	902.00
	2464.94	0.00	8.67	908.00
	2464.95	0.00	8.69	908.00
	2464.96	0.00	8.66	905.00
	2464.97	0.00	8.64	899.00
	2464.98	0.00	8.57	897.00
	2465.00	0.00	8.56	899.00
	2465.01	0.00	8.54	898.00
	2465.02	0.00	8.53	899.00
	2465.03	0.00	8.46	895.00
	2465.04	0.00	8.43	897.00
	2465.05	0.00	8.44	897.00
	2465.06	0.00	8.43	896.00
	2465.08	0.00	8.52	888.00
	2465.09	0.00	8.53	889.00
	2465.10	0.00	8.49	890.00
	2465.11	0.00	8.48	894.00
	2465.12	0.00	8.54	901.00
	2465.13	0.00	8.57	908.00
	2465.14	0.00	8.54	916.00
	2465.16	0.00	8.51	925.00
	2465.17	0.00	8.49	932.00
	2465.18	0.00	8.48	936.00
	2465.19	0.00	8.45	936.00
	2465.20	0.00	8.49	944.00
	2465.22	0.00	8.46	945.00
	2465.23	0.00	8.38	928.00
	2465.24	0.00	8.31	931.00
	2465.25	0.00	8.31	935.00
	2465.26	0.00	8.35	937.00
	2465.27	0.00	8.32	938.00
	2465.28	0.00	8.25	939.00
	2465.30	0.00	8.22	942.00
	2465.31	0.00	8.17	946.00
	2465.32	0.00	8.14	950.00
	2465.33	0.00	8.07	952.00
	2465.34	0.00	8.02	960.00
	2465.35	0.00	7.98	968.00
	2465.37	0.00	7.94	973.00
	2465.38	0.00	7.89	976.00
	2465.39	0.00	8.06	995.00
	2465.40	0.00	8.03	997.00
	2465.41	0.00	8.01	998.00
	2465.42	0.00	8.04	999.00
	2465.43	0.00	8.02	999.00
	2465.45	0.00	7.96	1015.00
	2465.46	0.00	7.95	1019.00
	2465.47	0.00	7.93	1022.00
	2465.48	0.00	7.91	1022.00
	2465.49	0.00	7.90	1021.00
	2465.50	0.00	7.92	1019.00
	2465.52	0.00	7.94	1023.00
	2465.53	0.00	7.95	1028.00
	2465.54	0.00	7.95	1028.00
	2465.55	0.00	8.01	1043.00
	2465.56	0.00	8.01	1050.00
	2465.57	0.00	8.02	1050.00
	2465.59	0.00	8.04	1052.00
	2465.60	0.00	8.06	1056.00
	2465.61	0.00	8.05	1052.00
	2465.62	0.00	8.10	1057.00
	2465.63	0.00	8.11	1058.00
	2465.64	0.00	8.11	1058.00
	2465.65	0.00	8.12	1059.00
	2465.67	0.00	8.13	1056.00
	2465.68	0.00	8.05	1072.00
	2465.69	0.00	8.07	1067.00
	2465.70	0.00	8.10	1065.00
	2465.71	0.00	8.15	1065.00
	2465.72	0.00	8.16	1062.00
	2465.74	0.00	8.18	1056.00
	2465.75	0.00	8.19	1050.00
	2465.76	0.00	8.20	1041.00
	2465.77	0.00	8.22	1036.00
	2465.78	0.00	8.24	1029.00
	2465.79	0.00	8.25	1013.00
	2465.81	0.00	8.30	1017.00
	2465.82	0.00	8.39	1017.00
	2465.83	0.00	8.43	1013.00
	2465.84	0.00	8.44	1004.00
	2465.85	0.00	8.61	1038.00
	2465.86	0.00	8.60	1042.00
	2465.87	0.00	8.62	1046.00
	2465.89	0.00	8.62	1054.00
	2465.90	0.00	8.62	1057.00
	2465.91	0.00	8.62	1060.00
	2465.92	0.00	8.69	1065.00
	2465.93	0.00	8.70	1063.00
	2465.94	0.00	8.69	1063.00
	2465.96	0.00	8.69	1058.00
	2465.97	0.00	8.66	1055.00
	2465.98	0.00	8.65	1052.00
	2465.99	0.00	8.63	1047.00
	2466.00	0.00	8.63	1049.00
	2466.01	0.00	8.60	1045.00
	2466.03	0.00	8.60	1053.00
	2466.04	0.00	8.56	1059.00
	2466.05	0.00	8.55	1064.00
	2466.06	0.00	8.53	1073.00
	2466.07	0.00	8.49	1078.00
	2466.08	0.00	8.43	1088.00
	2466.10	0.00	8.41	1096.00
	2466.11	0.00	8.37	1102.00
	2466.12	0.00	8.26	1105.00
	2466.13	0.00	8.22	1115.00
	2466.14	0.00	8.15	1108.00
	2466.15	0.00	8.17	1112.00
	2466.16	0.00	8.18	1111.00
	2466.18	0.00	8.15	1107.00
	2466.19	0.00	8.16	1106.00
	2466.20	0.00	8.13	1106.00
	2466.21	0.00	8.13	1109.00
	2466.22	0.00	8.11	1109.00
	2466.23	0.00	8.10	1112.00
	2466.25	0.00	8.09	1114.00
	2466.26	0.00	8.07	1115.00
	2466.27	0.00	8.05	1118.00
	2466.28	0.00	8.04	1119.00
	2466.29	0.00	8.04	1123.00
	2466.30	0.00	7.98	1125.00
	2466.32	0.00	8.00	1126.00
	2466.33	0.00	7.97	1128.00
	2466.34	0.00	7.97	1132.00
	2466.35	0.00	7.95	1134.00
	2466.36	0.00	7.92	1131.00
	2466.37	0.00	7.94	1133.00
	2466.39	0.00	7.94	1133.00
	2466.40	0.00	7.94	1131.00
	2466.41	0.00	7.95	1133.00
	2466.42	0.00	7.95	1131.00
	2466.43	0.00	7.96	1131.00
	2466.44	0.00	7.94	1127.00
	2466.46	0.00	7.97	1126.00
	2466.47	0.00	7.96	1122.00
	2466.48	0.00	7.98	1121.00
	2466.49	0.00	8.01	1120.00
	2466.50	0.00	8.02	1118.00
	2466.51	0.00	8.02	1110.00
	2466.53	0.00	8.01	1111.00
	2466.54	0.00	8.03	1102.00
	2466.55	0.00	8.03	1099.00
	2466.56	0.00	8.04	1101.00
	2466.57	0.00	8.04	1095.00
	2466.58	0.00	7.99	1095.00
	2466.59	0.00	7.99	1096.00
	2466.61	0.00	7.99	1095.00
	2466.62	0.00	7.99	1095.00
	2466.63	0.00	7.98	1092.00
	2466.64	0.00	7.99	1094.00
	2466.65	0.00	8.01	1085.00
	2466.66	0.00	7.98	1084.00
	2466.68	0.00	7.92	1078.00
	2466.69	0.00	8.34	1132.00
	2466.70	0.00	8.31	1129.00
	2466.71	0.00	8.32	1132.00
	2466.72	0.00	8.33	1131.00
	2466.74	0.00	8.33	1123.00
	2466.75	0.00	8.36	1114.00
	2466.76	0.00	8.36	1109.00
	2466.77	0.00	8.37	1101.00
	2466.78	0.00	8.38	1088.00
	2466.79	0.00	8.45	1073.00
	2466.80	0.00	8.46	1066.00
	2466.82	0.00	8.47	1054.00
	2466.83	0.00	8.45	1042.00
	2466.84	0.00	8.46	1040.00
	2466.85	0.00	8.46	1039.00
	2466.86	0.00	8.60	1055.00
	2466.87	0.00	8.44	1046.00
	2466.89	0.00	8.51	1057.00
	2466.90	0.00	8.59	1069.00
	2466.91	0.00	8.60	1076.00
	2466.92	0.00	8.59	1079.00
	2466.93	0.00	8.59	1082.00
	2466.94	0.00	8.60	1084.00
	2466.96	0.00	8.60	1083.00
	2466.97	0.00	8.62	1081.00
	2466.98	0.00	8.58	1066.00
	2466.99	0.00	8.55	1052.00
	2467.00	0.00	8.56	1047.00
	2467.01	0.00	8.62	1046.00
	2467.03	0.00	8.63	1043.00
	2467.04	0.00	8.63	1040.00
	2467.05	0.00	8.62	1038.00
	2467.06	0.00	8.60	1037.00
	2467.07	0.00	8.48	1025.00
	2467.08	0.00	8.51	1032.00
	2467.09	0.00	8.51	1038.00
	2467.11	0.00	8.49	1038.00
	2467.12	0.00	8.09	992.00
	2467.13	0.00	8.10	999.00
	2467.14	0.00	8.15	1005.00
	2467.15	0.00	8.16	1006.00
	2467.16	0.00	8.14	1007.00
	2467.18	0.00	8.17	1009.00
	2467.19	0.00	8.15	1009.00
	2467.20	0.00	8.11	1005.00
	2467.21	0.00	8.09	1001.00
	2467.22	0.00	8.10	1002.00
	2467.23	0.00	8.36	1022.00
	2467.25	0.00	8.38	1023.00
	2467.26	0.00	8.42	1028.00
	2467.27	0.00	8.46	1031.00
	2467.28	0.00	8.46	1032.00
	2467.29	0.00	8.48	1036.00
	2467.30	0.00	8.47	1044.00
	2467.32	0.00	8.43	1059.00
	2467.33	0.00	8.46	1061.00
	2467.34	0.00	8.45	1062.00
	2467.35	0.00	8.46	1061.00
	2467.36	0.00	8.47	1060.00
	2467.37	0.00	8.49	1057.00
	2467.39	0.00	8.51	1058.00
	2467.40	0.00	8.49	1057.00
	2467.41	0.00	8.52	1059.00
	2467.42	0.00	8.51	1055.00
	2467.43	0.00	8.52	1058.00
	2467.44	0.00	8.38	1043.00
	2467.46	0.00	8.52	1051.00
	2467.47	0.00	8.51	1045.00
	2467.48	0.00	8.50	1040.00
	2467.49	0.00	8.52	1030.00
	2467.50	0.00	8.50	1024.00
	2467.51	0.00	8.55	1016.00
	2467.52	0.00	8.56	1013.00
	2467.54	0.00	8.70	1016.00
	2467.55	0.00	8.72	1013.00
	2467.56	0.00	8.76	1007.00
	2467.57	0.00	8.77	998.00
	2467.58	0.00	8.70	994.00
	2467.59	0.00	8.71	991.00
	2467.61	0.00	8.61	984.00
	2467.62	0.00	8.64	983.00
	2467.63	0.00	8.70	982.00
	2467.64	0.00	8.72	982.00
	2467.65	0.00	8.73	979.00
	2467.66	0.00	8.78	975.00
	2467.68	0.00	8.67	968.00
	2467.69	0.00	8.61	985.00
	2467.70	0.00	8.61	988.00
	2467.71	0.00	8.60	989.00
	2467.72	0.00	8.58	988.00
	2467.73	0.00	8.50	987.00
	2467.75	0.00	8.44	993.00
	2467.76	0.00	8.38	999.00
	2467.77	0.00	8.38	1005.00
	2467.78	0.00	8.33	1006.00
	2467.79	0.00	8.29	1006.00
	2467.80	0.00	8.62	1060.00
	2467.81	0.00	8.61	1064.00
	2467.83	0.00	8.60	1063.00
	2467.84	0.00	8.59	1059.00
	2467.85	0.00	8.60	1054.00
	2467.86	0.00	8.55	1055.00
	2467.87	0.00	8.52	1059.00
	2467.88	0.00	8.45	1067.00
	2467.90	0.00	8.39	1080.00
	2467.91	0.00	8.28	1096.00
	2467.92	0.00	8.23	1118.00
	2467.93	0.00	8.18	1136.00
	2467.94	0.00	8.11	1156.00
	2467.95	0.00	7.79	1112.00
	2467.96	0.00	7.69	1128.00
	2467.98	0.00	7.67	1133.00
	2467.99	0.00	7.63	1133.00
	2468.00	0.00	7.63	1138.00
	2468.01	0.00	7.95	1191.00
	2468.02	0.00	7.93	1194.00
	2468.04	0.00	7.96	1204.00
	2468.05	0.00	7.97	1201.00
	2468.06	0.00	7.95	1200.00
	2468.07	0.00	7.95	1197.00
	2468.08	0.00	7.97	1193.00
	2468.09	0.00	7.95	1187.00
	2468.11	0.00	8.01	1197.00
	2468.12	0.00	8.02	1214.00
	2468.13	0.00	7.98	1219.00
	2468.14	0.00	7.94	1221.00
	2468.15	0.00	7.88	1226.00
	2468.16	0.00	7.88	1235.00
	2468.17	0.00	7.83	1237.00
	2468.19	0.00	7.83	1238.00
	2468.20	0.00	7.90	1245.00
	2468.21	0.00	7.90	1242.00
	2468.22	0.00	7.88	1236.00
	2468.23	0.00	7.84	1223.00
	2468.25	0.00	7.80	1204.00
	2468.26	0.00	7.63	1170.00
	2468.27	0.00	7.22	1093.00
	2468.28	0.00	7.33	1083.00
	2468.29	0.00	7.38	1051.00
	2468.30	0.00	7.39	1013.00
	2468.31	0.00	7.29	961.00
	2468.33	0.00	6.36	855.00
	2468.34	0.00	6.41	817.00
	2468.35	0.00	6.48	766.00
	2468.36	0.00	6.55	721.00
	2468.37	0.00	6.42	676.00
	2468.38	0.00	6.01	69	0.00	6.02	569.00
	2468.50	0.00	6.03	567.00
	2468.51	0.00	6.07	566.00
	2468.52	0.00	6.07	566.00
	2468.53	0.00	6.09	563.00
	2468.54	0.00	6.10	562.00
	2468.56	0.00	6.09	563.00
	2468.57	0.00	6.07	562.00
	2468.58	0.00	6.10	560.00
	2468.59	0.00	6.11	560.00
	2468.60	0.00	6.18	561.00
	2468.62	0.00	6.20	558.00
	2468.63	0.00	6.18	563.00
	2468.64	0.00	6.12	569.00
	2468.65	0.00	6.12	570.00
	2468.66	0.00	6.11	569.00
	2468.67	0.00	6.11	569.00
	2468.68	0.00	6.14	567.00
	2468.70	0.00	6.15	567.00
	2468.71	0.00	6.15	566.00
	2468.72	0.00	6.18	560.00
	2468.73	0.00	6.19	562.00
	2468.74	0.00	6.18	562.00
	2468.75	0.00	6.19	559.00
	2468.77	0.00	6.27	564.00
	2468.78	0.00	6.30	559.00
	2468.79	0.00	6.25	572.00
	2468.80	0.00	6.27	571.00
	2468.81	0.00	6.26	569.00
	2468.82	0.00	6.25	570.00
	2468.84	0.00	6.27	568.00
	2468.85	0.00	6.25	574.00
	2468.86	0.00	6.22	580.00
	2468.87	0.00	6.22	587.00
	2468.88	0.00	6.16	607.00
	2468.89	0.00	6.07	648.00
	2468.91	0.00	5.97	696.00
	2468.92	0.00	5.87	750.00
	2468.93	0.00	5.75	794.00
	2468.94	0.00	5.71	830.00
	2468.95	0.00	5.66	864.00
	2468.96	0.00	6.11	958.00
	2468.97	0.00	6.13	1004.00
	2468.99	0.00	6.13	1046.00
	2469.00	0.00	6.13	1083.00
	2469.01	0.00	6.12	1117.00
	2469.02	0.00	6.09	1152.00
	2469.03	0.00	6.09	1180.00
	2469.05	0.00	6.07	1203.00
	2469.06	0.00	6.04	1228.00
	2469.07	0.00	6.02	1244.00
	2469.08	0.00	6.02	1255.00
	2469.09	0.00	5.97	1265.00
	2469.10	0.00	5.99	1272.00
	2469.11	0.00	5.99	1275.00
	2469.13	0.00	5.99	1275.00
	2469.14	0.00	5.95	1276.00
	2469.15	0.00	5.95	1277.00
	2469.16	0.00	5.95	1277.00
	2469.17	0.00	5.94	1273.00
	2469.18	0.00	5.95	1275.00
	2469.20	0.00	5.98	1273.00
	2469.21	0.00	5.98	1271.00
	2469.22	0.00	5.94	1274.00
	2469.23	0.00	5.94	1275.00
	2469.24	0.00	5.94	1277.00
	2469.26	0.00	5.93	1277.00
	2469.27	0.00	5.97	1275.00
	2469.28	0.00	5.97	1277.00
	2469.29	0.00	5.97	1278.00
	2469.30	0.00	5.97	1281.00
	2469.31	0.00	5.97	1280.00
	2469.32	0.00	5.97	1284.00
	2469.34	0.00	5.97	1280.00
	2469.35	0.00	5.97	1283.00
	2469.36	0.00	5.97	1285.00
	2469.37	0.00	5.97	1283.00
	2469.38	0.00	5.96	1284.00
	2469.40	0.00	5.96	1283.00
	2469.41	0.00	5.97	1280.00
	2469.42	0.00	5.98	1281.00
	2469.43	0.00	5.97	1275.00
	2469.44	0.00	5.97	1272.00
	2469.45	0.00	5.99	1268.00
	2469.47	0.00	6.00	1261.00
	2469.48	0.00	5.99	1257.00
	2469.49	0.00	5.98	1249.00
	2469.50	0.00	6.02	1241.00
	2469.51	0.00	6.04	1236.00
	2469.52	0.00	6.04	1225.00
	2469.54	0.00	6.03	1214.00
	2469.55	0.00	6.08	1200.00
	2469.56	0.00	6.10	1180.00
	2469.57	0.00	6.14	1164.00
	2469.58	0.00	6.18	1141.00
	2469.59	0.00	6.21	1121.00
	2469.61	0.00	6.27	1091.00
	2469.62	0.00	6.72	1116.00
	2469.63	0.00	6.78	1085.00
	2469.64	0.00	6.85	1049.00
	2469.65	0.00	6.92	1017.00
	2469.66	0.00	7.03	980.00
	2469.68	0.00	7.14	942.00
	2469.69	0.00	7.21	904.00
	2469.70	0.00	7.29	862.00
	2469.71	0.00	7.24	834.00
	2469.72	0.00	7.27	804.00
	2469.73	0.00	7.28	781.00
	2469.75	0.00	7.21	756.00
	2469.76	0.00	6.71	681.00
	2469.77	0.00	6.71	661.00
	2469.78	0.00	6.74	642.00
	2469.79	0.00	6.84	617.00
	2469.80	0.00	6.90	591.00
	2469.81	0.00	6.91	589.00
	2469.83	0.00	6.92	584.00
	2469.84	0.00	6.89	582.00
	2469.85	0.00	6.28	527.00
	2469.86	0.00	6.29	526.00
	2469.87	0.00	6.27	524.00
	2469.88	0.00	6.23	520.00
	2469.90	0.00	6.22	521.00
	2469.91	0.00	6.22	519.00
	2469.92	0.00	6.22	522.00
	2469.93	0.00	6.20	522.00
	2469.94	0.00	6.29	528.00
	2469.95	0.00	6.28	533.00
	2469.96	0.00	6.29	537.00
	2469.98	0.00	6.31	537.00
	2469.99	0.00	6.27	537.00
	2470.00	0.00	6.27	537.00
	2470.01	0.00	6.28	536.00
	2470.02	0.00	6.29	535.00
	2470.03	0.00	6.28	533.00
	2470.05	0.00	6.30	533.00
	2470.06	0.00	6.39	539.00
	2470.07	0.00	6.36	546.00
	2470.08	0.00	6.35	544.00
	2470.09	0.00	6.35	545.00
	2470.10	0.00	6.35	544.00
	2470.11	0.00	6.36	543.00
	2470.13	0.00	6.35	545.00
	2470.14	0.00	6.36	544.00
	2470.15	0.00	6.36	542.00
	2470.16	0.00	6.36	542.00
	2470.17	0.00	6.36	542.00
	2470.18	0.00	6.38	542.00
	2470.20	0.00	6.34	540.00
	2470.21	0.00	6.30	539.00
	2470.22	0.00	6.22	543.00
	2470.23	0.00	6.26	545.00
	2470.24	0.00	6.29	550.00
	2470.25	0.00	6.29	562.00
	2470.26	0.00	6.27	570.00
	2470.28	0.00	6.22	586.00
	2470.29	0.00	6.14	619.00
	2470.30	0.00	5.88	672.00
	2470.31	0.00	5.81	726.00
	2470.32	0.00	5.78	756.00
	2470.33	0.00	5.74	784.00
	2470.35	0.00	6.16	856.00
	2470.36	0.00	6.25	884.00
	2470.37	0.00	6.22	889.00
	2470.38	0.00	6.20	896.00
	2470.39	0.00	6.20	903.00
	2470.40	0.00	6.20	909.00
	2470.42	0.00	6.21	915.00
	2470.43	0.00	6.18	919.00
	2470.44	0.00	6.21	932.00
	2470.45	0.00	6.23	943.00
	2470.46	0.00	6.27	953.00
	2470.47	0.00	6.28	959.00
	2470.49	0.00	6.29	965.00
	2470.50	0.00	6.29	968.00
	2470.51	0.00	6.27	981.00
	2470.52	0.00	6.27	982.00
	2470.53	0.00	6.27	979.00
	2470.54	0.00	6.26	976.00
	2470.55	0.00	6.28	967.00
	2470.57	0.00	6.28	959.00
	2470.58	0.00	6.24	943.00
	2470.59	0.00	6.38	950.00
	2470.60	0.00	6.42	943.00
	2470.61	0.00	6.42	933.00
	2470.62	0.00	6.47	926.00
	2470.64	0.00	6.54	923.00
	2470.65	0.00	6.52	909.00
	2470.66	0.00	6.56	908.00
	2470.67	0.00	6.51	913.00
	2470.68	0.00	6.51	906.00
	2470.69	0.00	6.50	898.00
	2470.70	0.00	6.50	896.00
	2470.72	0.00	6.44	880.00
	2470.73	0.00	6.41	870.00
	2470.74	0.00	6.43	864.00
	2470.75	0.00	6.63	889.00
	2470.76	0.00	6.63	884.00
	2470.77	0.00	6.64	878.00
	2470.79	0.00	6.65	876.00
	2470.80	0.00	6.65	871.00
	2470.81	0.00	6.64	863.00
	2470.82	0.00	6.66	860.00
	2470.83	0.00	6.66	856.00
	2470.84	0.00	6.70	858.00
	2470.85	0.00	6.71	853.00
	2470.87	0.00	6.72	847.00
	2470.88	0.00	6.67	842.00
	2470.89	0.00	6.67	834.00
	2470.90	0.00	6.68	830.00
	2470.91	0.00	6.70	825.00
	2470.92	0.00	6.71	819.00
	2470.94	0.00	6.71	816.00
	2470.95	0.00	7.19	866.00
	2470.96	0.00	7.22	870.00
	2470.97	0.00	7.22	866.00
	2470.98	0.00	7.22	865.00
	2470.99	0.00	6.75	814.00
	2471.01	0.00	7.20	862.00
	2471.02	0.00	7.15	865.00
	2471.03	0.00	7.15	869.00
	2471.04	0.00	7.16	870.00
	2471.05	0.00	7.15	869.00
	2471.06	0.00	7.13	868.00
	2471.07	0.00	7.07	863.00
	2471.09	0.00	7.04	866.00
	2471.10	0.00	7.04	858.00
	2471.11	0.00	7.13	862.00
	2471.12	0.00	7.14	864.00
	2471.13	0.00	7.14	868.00
	2471.14	0.00	7.12	871.00
	2471.16	0.00	7.12	872.00
	2471.17	0.00	7.13	879.00
	2471.18	0.00	7.12	884.00
	2471.19	0.00	7.13	894.00
	2471.20	0.00	7.05	887.00
	2471.21	0.00	6.97	882.00
	2471.23	0.00	6.97	885.00
	2471.24	0.00	6.97	888.00
	2471.25	0.00	6.97	889.00
	2471.26	0.00	6.96	893.00
	2471.27	0.00	6.48	845.00
	2471.28	0.00	6.47	847.00
	2471.30	0.00	6.46	847.00
	2471.31	0.00	6.46	849.00
	2471.32	0.00	6.45	853.00
	2471.33	0.00	6.45	854.00
	2471.34	0.00	6.45	856.00
	2471.35	0.00	6.44	859.00
	2471.36	0.00	6.43	859.00
	2471.38	0.00	6.49	865.00
	2471.39	0.00	6.48	865.00
	2471.40	0.00	6.49	866.00
	2471.41	0.00	6.49	865.00
	2471.42	0.00	6.47	874.00
	2471.43	0.00	6.45	879.00
	2471.45	0.00	6.45	875.00
	2471.46	0.00	6.44	875.00
	2471.47	0.00	6.41	872.00
	2471.48	0.00	6.38	868.00
	2471.49	0.00	6.32	857.00
	2471.50	0.00	6.50	874.00
	2471.52	0.00	6.51	873.00
	2471.53	0.00	6.51	871.00
	2471.54	0.00	6.61	877.00
	2471.55	0.00	6.62	874.00
	2471.56	0.00	6.62	872.00
	2471.57	0.00	6.61	869.00
	2471.58	0.00	6.54	880.00
	2471.60	0.00	6.53	878.00
	2471.61	0.00	6.53	873.00
	2471.62	0.00	6.50	871.00
	2471.63	0.00	6.50	868.00
	2471.64	0.00	6.45	858.00
	2471.65	0.00	6.38	841.00
	2471.67	0.00	6.59	873.00
	2471.68	0.00	6.57	867.00
	2471.69	0.00	6.60	860.00
	2471.70	0.00	7.08	908.00
	2471.71	0.00	7.09	902.00
	2471.72	0.00	7.09	899.00
	2471.74	0.00	7.12	897.00
	2471.75	0.00	7.03	884.00
	2471.76	0.00	7.15	897.00
	2471.77	0.00	7.15	894.00
	2471.78	0.00	7.15	893.00
	2471.79	0.00	7.15	892.00
	2471.80	0.00	7.11	891.00
	2471.82	0.00	7.12	891.00
	2471.83	0.00	7.12	884.00
	2471.84	0.00	7.11	881.00
	2471.85	0.00	7.11	880.00
	2471.86	0.00	7.13	879.00
	2471.87	0.00	7.12	879.00
	2471.89	0.00	7.11	875.00
	2471.90	0.00	7.08	871.00
	2471.91	0.00	7.02	876.00
	2471.92	0.00	7.02	875.00
	2471.93	0.00	6.99	874.00
	2471.94	0.00	6.42	820.00
	2471.96	0.00	6.41	819.00
	2471.97	0.00	6.44	808.00
	2471.98	0.00	6.49	813.00
	2471.99	0.00	6.52	817.00
	2472.00	0.00	7.02	869.00
	2472.01	0.00	7.00	871.00
	2472.02	0.00	6.53	823.00
	2472.04	0.00	6.40	808.00
	2472.05	0.00	6.87	858.00
	2472.06	0.00	6.38	812.00
	2472.07	0.00	6.38	818.00
	2472.08	0.00	6.35	824.00
	2472.09	0.00	6.35	832.00
	2472.10	0.00	6.33	837.00
	2472.12	0.00	6.34	844.00
	2472.13	0.00	6.33	846.00
	2472.14	0.00	6.37	851.00
	2472.15	0.00	6.39	856.00
	2472.16	0.00	6.37	864.00
	2472.17	0.00	6.34	875.00
	2472.19	0.00	6.30	872.00
	2472.20	0.00	6.32	882.00
	2472.21	0.00	6.28	884.00
	2472.22	0.00	6.22	879.00
	2472.23	0.00	6.36	894.00
	2472.24	0.00	6.36	896.00
	2472.26	0.00	6.35	900.00
	2472.27	0.00	6.34	902.00
	2472.28	0.00	6.42	911.00
	2472.29	0.00	6.43	912.00
	2472.30	0.00	6.44	916.00
	2472.31	0.00	6.34	930.00
	2472.33	0.00	6.33	932.00
	2472.34	0.00	6.32	932.00
	2472.35	0.00	6.30	931.00
	2472.36	0.00	6.28	931.00
	2472.37	0.00	6.21	922.00
	2472.38	0.00	6.21	922.00
	2472.39	0.00	5.80	869.00
	2472.41	0.00	6.22	922.00
	2472.42	0.00	6.37	951.00
	2472.43	0.00	6.36	951.00
	2472.44	0.00	6.36	952.00
	2472.45	0.00	6.37	956.00
	2472.46	0.00	6.35	953.00
	2472.48	0.00	6.31	947.00
	2472.49	0.00	6.34	958.00
	2472.50	0.00	6.35	958.00
	2472.51	0.00	6.36	959.00
	2472.52	0.00	6.30	957.00
	2472.53	0.00	6.30	958.00
	2472.54	0.00	6.31	953.00
	2472.56	0.00	6.32	954.00
	2472.57	0.00	6.32	955.00
	2472.58	0.00	6.36	958.00
	2472.59	0.00	6.34	956.00
	2472.60	0.00	6.35	959.00
	2472.61	0.00	6.29	962.00
	2472.63	0.00	6.27	959.00
	2472.64	0.00	6.28	962.00
	2472.65	0.00	6.21	955.00
	2472.66	0.00	6.20	954.00
	2472.67	0.00	6.20	944.00
	2472.68	0.00	6.22	940.00
	2472.69	0.00	6.28	944.00
	2472.71	0.00	6.29	945.00
	2472.72	0.00	6.29	946.00
	2472.73	0.00	6.28	944.00
	2472.74	0.00	6.32	950.00
	2472.75	0.00	6.33	954.00
	2472.76	0.00	6.21	939.00
	2472.78	0.00	6.19	938.00
	2472.79	0.00	6.18	938.00
	2472.80	0.00	6.19	938.00
	2472.81	0.00	6.17	938.00
	2472.82	0.00	6.18	941.00
	2472.83	0.00	6.18	943.00
	2472.85	0.00	6.18	946.00
	2472.86	0.00	6.18	951.00
	2472.87	0.00	6.16	957.00
	2472.88	0.00	6.15	959.00
	2472.89	0.00	6.20	971.00
	2472.90	0.00	6.20	978.00
	2472.91	0.00	6.18	986.00
	2472.93	0.00	6.14	1011.00
	2472.94	0.00	6.13	1021.00
	2472.95	0.00	6.12	1032.00
	2472.96	0.00	6.11	1040.00
	2472.97	0.00	6.06	1047.00
	2472.98	0.00	6.08	1060.00
	2473.00	0.00	6.06	1070.00
	2473.01	0.00	6.05	1078.00
	2473.02	0.00	6.04	1082.00
	2473.03	0.00	6.44	1134.00
	2473.04	0.00	6.44	1137.00
	2473.05	0.00	6.02	1090.00
	2473.07	0.00	6.45	1148.00
	2473.08	0.00	6.43	1147.00
	2473.09	0.00	6.43	1153.00
	2473.10	0.00	6.41	1157.00
	2473.11	0.00	6.40	1161.00
	2473.12	0.00	6.39	1164.00
	2473.14	0.00	6.36	1164.00
	2473.15	0.00	6.38	1170.00
	2473.16	0.00	6.43	1182.00
	2473.17	0.00	6.34	1170.00
	2473.18	0.00	5.94	1124.00
	2473.19	0.00	5.92	1125.00
	2473.21	0.00	5.94	1132.00
	2473.22	0.00	6.02	1146.00
	2473.23	0.00	6.01	1152.00
	2473.24	0.00	6.01	1157.00
	2473.25	0.00	5.99	1160.00
	2473.27	0.00	5.90	1150.00
	2473.28	0.00	5.90	1158.00
	2473.29	0.00	5.89	1160.00
	2473.30	0.00	5.88	1163.00
	2473.31	0.00	5.90	1171.00
	2473.32	0.00	5.97	1186.00
	2473.33	0.00	5.97	1190.00
	2473.35	0.00	5.96	1197.00
	2473.36	0.00	5.86	1190.00
	2473.37	0.00	5.87	1196.00
	2473.38	0.00	5.86	1197.00
	2473.39	0.00	5.84	1198.00
	2473.40	0.00	5.86	1202.00
	2473.42	0.00	5.93	1215.00
	2473.43	0.00	5.93	1212.00
	2473.44	0.00	5.93	1210.00
	2473.45	0.00	5.93	1212.00
	2473.46	0.00	5.93	1211.00
	2473.48	0.00	5.84	1199.00
	2473.49	0.00	5.87	1198.00
	2473.50	0.00	5.90	1198.00
	2473.51	0.00	5.95	1200.00
	2473.52	0.00	5.95	1195.00
	2473.53	0.00	5.96	1186.00
	2473.54	0.00	5.97	1178.00
	2473.56	0.00	5.98	1165.00
	2473.57	0.00	6.42	1202.00
	2473.58	0.00	6.42	1182.00
	2473.59	0.00	6.54	1168.00
	2473.60	0.00	6.65	1153.00
	2473.61	0.00	6.74	1130.00
	2473.63	0.00	6.87	1110.00
	2473.64	0.00	7.02	1084.00
	2473.65	0.00	7.21	1058.00
	2473.66	0.00	7.37	1022.00
	2473.67	0.00	7.55	981.00
	2473.68	0.00	7.71	946.00
	2473.70	0.00	7.92	909.00
	2473.71	0.00	8.10	891.00
	2473.72	0.00	8.17	869.00
	2473.73	0.00	8.61	835.00
	2473.74	0.00	8.81	830.00
	2473.75	0.00	8.99	819.00
	2473.77	0.00	9.13	814.00
	2473.78	0.00	9.16	819.00
	2473.79	0.00	9.21	814.00
	2473.80	0.00	9.21	807.00
	2473.81	0.00	9.25	805.00
	2473.82	0.00	9.21	794.00
	2473.83	0.00	9.12	782.00
	2473.85	0.00	8.97	764.00
	2473.86	0.00	8.67	730.00
	2473.87	0.00	8.51	711.00
	2473.88	0.00	7.44	634.00
	2473.89	0.00	7.28	616.00
	2473.90	0.00	7.16	601.00
	2473.92	0.00	7.03	586.00
	2473.93	0.00	6.95	575.00
	2473.94	0.00	6.31	524.00
	2473.95	0.00	6.33	525.00
	2473.96	0.00	6.33	539.00
	2473.97	0.00	6.25	549.00
	2473.99	0.00	6.25	552.00
	2474.00	0.00	6.26	550.00
	2474.01	0.00	6.25	551.00
	2474.02	0.00	6.27	551.00
	2474.03	0.00	6.28	553.00
	2474.04	0.00	6.28	550.00
	2474.05	0.00	6.21	555.00
	2474.07	0.00	6.22	553.00
	2474.08	0.00	6.13	547.00
	2474.09	0.00	6.15	545.00
	2474.10	0.00	6.16	539.00
	2474.11	0.00	6.17	539.00
	2474.12	0.00	6.18	537.00
	2474.14	0.00	6.18	537.00
	2474.15	0.00	6.18	536.00
	2474.16	0.00	6.18	537.00
	2474.17	0.00	6.18	538.00
	2474.18	0.00	6.17	536.00
	2474.19	0.00	6.18	537.00
	2474.21	0.00	6.17	535.00
	2474.22	0.00	6.17	536.00
	2474.23	0.00	6.18	535.00
	2474.24	0.00	6.17	534.00
	2474.25	0.00	6.25	536.00
	2474.26	0.00	6.25	535.00
	2474.27	0.00	6.27	536.00
	2474.29	0.00	6.24	539.00
	2474.30	0.00	6.26	539.00
	2474.31	0.00	6.23	540.00
	2474.32	0.00	6.22	541.00
	2474.33	0.00	6.21	539.00
	2474.34	0.00	6.22	540.00
	2474.35	0.00	6.23	538.00
	2474.37	0.00	6.22	538.00
	2474.38	0.00	6.31	542.00
	2474.39	0.00	6.31	541.00
	2474.40	0.00	6.31	541.00
	2474.41	0.00	6.29	548.00
	2474.42	0.00	6.27	548.00
	2474.44	0.00	6.26	547.00
	2474.45	0.00	6.26	549.00
	2474.46	0.00	6.27	561.00
	2474.47	0.00	6.17	584.00
	2474.48	0.00	6.00	666.00
	2474.49	0.00	5.74	791.00
	2474.51	0.00	5.62	904.00
	2474.52	0.00	5.57	962.00
	2474.53	0.00	5.54	999.00
	2474.54	0.00	5.54	1028.00
	2474.55	0.00	5.50	1067.00
	2474.56	0.00	5.48	1103.00
	2474.57	0.00	5.42	1140.00
	2474.59	0.00	5.41	1175.00
	2474.60	0.00	5.39	1198.00
	2474.61	0.00	5.37	1213.00
	2474.62	0.00	5.37	1218.00
	2474.63	0.00	5.37	1215.00
	2474.64	0.00	5.37	1210.00
	2474.66	0.00	5.37	1195.00
	2474.67	0.00	5.73	1232.00
	2474.68	0.00	6.17	1259.00
	2474.69	0.00	6.24	1231.00
	2474.70	0.00	6.32	1204.00
	2474.72	0.00	6.39	1173.00
	2474.73	0.00	6.46	1139.00
	2474.74	0.00	6.55	1109.00
	2474.75	0.00	6.59	1078.00
	2474.76	0.00	6.67	1048.00
	2474.77	0.00	6.75	1018.00
	2474.78	0.00	6.79	998.00
	2474.80	0.00	6.83	972.00
	2474.81	0.00	6.88	953.00
	2474.82	0.00	6.95	935.00
	2474.83	0.00	7.00	915.00
	2474.84	0.00	7.04	903.00
	2474.85	0.00	7.11	892.00
	2474.87	0.00	7.15	882.00
	2474.88	0.00	7.20	871.00
	2474.89	0.00	7.26	859.00
	2474.90	0.00	7.28	848.00
	2474.91	0.00	7.33	841.00
	2474.92	0.00	7.34	834.00
	2474.94	0.00	7.40	827.00
	2474.95	0.00	7.45	816.00
	2474.96	0.00	7.51	817.00
	2474.97	0.00	7.56	814.00
	2474.98	0.00	7.60	811.00
	2474.99	0.00	7.63	819.00
	2475.00	0.00	7.71	830.00
	2475.02	0.00	7.97	788.00
	2475.03	0.00	7.87	777.00
	2475.04	0.00	7.58	744.00
	2475.05	0.00	7.53	750.00
	2475.06	0.00	8.39	782.00
	2475.07	0.00	8.45	771.00
	2475.09	0.00	8.47	767.00
	2475.10	0.00	8.48	762.00
	2475.11	0.00	8.50	756.00
	2475.12	0.00	8.49	752.00
	2475.13	0.00	8.44	742.00
	2475.14	0.00	8.40	727.00
	2475.16	0.00	8.26	705.00
	2475.17	0.00	8.06	679.00
	2475.18	0.00	7.92	655.00
	2475.19	0.00	7.85	642.00
	2475.20	0.00	7.76	622.00
	2475.21	0.00	6.14	511.00
	2475.23	0.00	6.19	511.00
	2475.24	0.00	6.22	509.00
	2475.25	0.00	6.24	511.00
	2475.26	0.00	6.30	519.00
	2475.27	0.00	6.24	524.00
	2475.28	0.00	6.23	520.00
	2475.29	0.00	6.23	522.00
	2475.31	0.00	6.24	519.00
	2475.32	0.00	6.28	520.00
	2475.33	0.00	6.34	524.00
	2475.34	0.00	6.34	525.00
	2475.35	0.00	6.32	530.00
	2475.36	0.00	6.32	531.00
	2475.38	0.00	6.30	531.00
	2475.39	0.00	6.30	532.00
	2475.40	0.00	6.29	530.00
	2475.41	0.00	6.30	530.00
	2475.42	0.00	6.29	530.00
	2475.43	0.00	6.37	534.00
	2475.44	0.00	6.35	532.00
	2475.46	0.00	6.36	531.00
	2475.47	0.00	6.34	538.00
	2475.48	0.00	6.34	537.00
	2475.49	0.00	6.30	538.00
	2475.50	0.00	6.30	534.00
	2475.51	0.00	6.30	531.00
	2475.53	0.00	6.33	523.00
	2475.54	0.00	6.32	524.00
	2475.55	0.00	6.32	525.00
	2475.56	0.00	6.35	524.00
	2475.57	0.00	6.35	523.00
	2475.58	0.00	6.33	523.00
	2475.59	0.00	6.34	524.00
	2475.61	0.00	6.33	525.00
	2475.62	0.00	6.33	523.00
	2475.63	0.00	6.28	526.00
	2475.64	0.00	6.29	523.00
	2475.65	0.00	6.30	521.00
	2475.66	0.00	6.29	524.00
	2475.68	0.00	6.28	528.00
	2475.69	0.00	6.27	543.00
	2475.70	0.00	6.25	563.00
	2475.71	0.00	6.12	605.00
	2475.72	0.00	5.97	677.00
	2475.73	0.00	5.73	809.00
	2475.75	0.00	5.59	917.00
	2475.76	0.00	5.57	966.00
	2475.77	0.00	5.56	989.00
	2475.78	0.00	5.51	1005.00
	2475.79	0.00	5.50	1023.00
	2475.80	0.00	5.49	1052.00
	2475.81	0.00	5.44	1093.00
	2475.83	0.00	5.42	1133.00
	2475.84	0.00	5.40	1142.00
	2475.85	0.00	5.39	1148.00
	2475.86	0.00	5.39	1147.00
	2475.87	0.00	5.40	1135.00
	2475.88	0.00	5.41	1119.00
	2475.90	0.00	5.39	1107.00
	2475.91	0.00	5.88	1125.00
	2475.92	0.00	6.28	1152.00
	2475.93	0.00	6.34	1123.00
	2475.94	0.00	6.42	1095.00
	2475.95	0.00	6.49	1068.00
	2475.97	0.00	6.56	1037.00
	2475.98	0.00	6.63	1004.00
	2475.99	0.00	6.30	925.00
	2476.00	0.00	6.75	948.00
	2476.01	0.00	6.82	931.00
	2476.02	0.00	6.90	912.00
	2476.04	0.00	6.96	898.00
	2476.05	0.00	6.97	867.00
	2476.06	0.00	6.58	795.00
	2476.07	0.00	6.62	779.00
	2476.08	0.00	7.03	812.00
	2476.09	0.00	6.68	753.00
	2476.10	0.00	7.10	795.00
	2476.12	0.00	7.15	786.00
	2476.13	0.00	7.20	783.00
	2476.14	0.00	7.28	778.00
	2476.15	0.00	7.37	774.00
	2476.16	0.00	7.45	774.00
	2476.17	0.00	7.15	723.00
	2476.19	0.00	7.19	721.00
	2476.20	0.00	8.02	771.00
	2476.21	0.00	8.20	764.00
	2476.22	0.00	8.25	768.00
	2476.23	0.00	8.35	775.00
	2476.24	0.00	8.56	760.00
	2476.26	0.00	8.71	768.00
	2476.27	0.00	8.78	772.00
	2476.28	0.00	8.85	764.00
	2476.29	0.00	8.92	766.00
	2476.30	0.00	8.89	755.00
	2476.31	0.00	8.67	748.00
	2476.32	0.00	8.57	735.00
	2476.34	0.00	8.57	710.00
	2476.35	0.00	8.41	687.00
	2476.36	0.00	8.15	657.00
	2476.37	0.00	8.08	643.00
	2476.38	0.00	7.92	626.00
	2476.39	0.00	6.25	513.00
	2476.41	0.00	6.28	511.00
	2476.42	0.00	6.29	516.00
	2476.43	0.00	6.32	517.00
	2476.44	0.00	6.42	529.00
	2476.45	0.00	6.40	525.00
	2476.46	0.00	6.41	526.00
	2476.48	0.00	6.41	526.00
	2476.49	0.00	6.41	526.00
	2476.50	0.00	6.41	528.00
	2476.51	0.00	6.40	528.00
	2476.52	0.00	6.40	527.00
	2476.53	0.00	6.39	528.00
	2476.55	0.00	6.39	528.00
	2476.56	0.00	6.40	528.00
	2476.57	0.00	6.40	529.00
	2476.58	0.00	6.40	529.00
	2476.59	0.00	6.41	527.00
	2476.60	0.00	6.40	527.00
	2476.61	0.00	6.34	525.00
	2476.63	0.00	6.33	526.00
	2476.64	0.00	6.34	524.00
	2476.65	0.00	6.34	525.00
	2476.66	0.00	6.29	538.00
	2476.67	0.00	6.32	537.00
	2476.68	0.00	6.34	530.00
	2476.69	0.00	6.37	523.00
	2476.71	0.00	6.37	520.00
	2476.72	0.00	6.36	522.00
	2476.73	0.00	6.37	520.00
	2476.74	0.00	6.35	517.00
	2476.75	0.00	6.32	513.00
	2476.76	0.00	6.32	511.00
	2476.78	0.00	6.32	509.00
	2476.79	0.00	6.34	509.00
	2476.80	0.00	6.34	509.00
	2476.81	0.00	6.34	510.00
	2476.82	0.00	6.31	510.00
	2476.83	0.00	6.32	509.00
	2476.85	0.00	6.31	509.00
	2476.86	0.00	6.32	508.00
	2476.87	0.00	6.34	508.00
	2476.88	0.00	6.33	511.00
	2476.89	0.00	6.29	523.00
	2476.90	0.00	6.18	574.00
	2476.91	0.00	5.82	721.00
	2476.93	0.00	5.57	902.00
	2476.94	0.00	5.48	1007.00
	2476.95	0.00	5.46	1048.00
	2476.96	0.00	5.47	1076.00
	2476.97	0.00	5.47	1092.00
	2476.98	0.00	5.44	1114.00
	2477.00	0.00	5.43	1143.00
	2477.01	0.00	5.42	1165.00
	2477.02	0.00	5.42	1175.00
	2477.03	0.00	5.41	1181.00
	2477.04	0.00	5.41	1179.00
	2477.05	0.00	5.41	1181.00
	2477.07	0.00	5.41	1172.00
	2477.08	0.00	5.43	1148.00
	2477.09	0.00	5.78	1177.00
	2477.10	0.00	5.80	1154.00
	2477.11	0.00	5.85	1127.00
	2477.12	0.00	5.89	1096.00
	2477.14	0.00	5.93	1069.00
	2477.15	0.00	5.95	1044.00
	2477.16	0.00	6.00	1021.00
	2477.17	0.00	6.01	1007.00
	2477.18	0.00	5.66	925.00
	2477.19	0.00	6.09	965.00
	2477.21	0.00	6.11	957.00
	2477.22	0.00	6.14	944.00
	2477.23	0.00	6.19	936.00
	2477.24	0.00	6.68	972.00
	2477.25	0.00	6.71	964.00
	2477.26	0.00	6.75	959.00
	2477.28	0.00	6.80	947.00
	2477.29	0.00	6.88	935.00
	2477.30	0.00	6.93	923.00
	2477.31	0.00	7.00	910.00
	2477.32	0.00	7.06	892.00
	2477.33	0.00	7.16	880.00
	2477.34	0.00	7.22	859.00
	2477.36	0.00	7.36	838.00
	2477.37	0.00	7.46	825.00
	2477.38	0.00	7.56	819.00
	2477.39	0.00	7.27	758.00
	2477.40	0.00	7.39	755.00
	2477.41	0.00	7.44	760.00
	2477.43	0.00	8.31	777.00
	2477.44	0.00	8.36	775.00
	2477.45	0.00	8.46	773.00
	2477.46	0.00	8.60	765.00
	2477.47	0.00	8.65	760.00
	2477.48	0.00	8.70	760.00
	2477.50	0.00	8.72	753.00
	2477.51	0.00	8.53	741.00
	2477.52	0.00	7.79	673.00
	2477.53	0.00	7.64	651.00
	2477.54	0.00	7.35	620.00
	2477.55	0.00	7.15	597.00
	2477.56	0.00	7.04	580.00
	2477.58	0.00	7.00	569.00
	2477.59	0.00	6.37	516.00
	2477.60	0.00	6.39	516.00
	2477.61	0.00	6.38	522.00
	2477.62	0.00	6.36	525.00
	2477.63	0.00	6.34	528.00
	2477.64	0.00	6.35	528.00
	2477.66	0.00	6.35	527.00
	2477.67	0.00	6.36	527.00
	2477.68	0.00	6.36	527.00
	2477.69	0.00	6.37	528.00
	2477.70	0.00	6.37	528.00
	2477.71	0.00	6.33	527.00
	2477.73	0.00	6.30	526.00
	2477.74	0.00	6.31	525.00
	2477.75	0.00	6.31	525.00
	2477.76	0.00	6.31	526.00
	2477.77	0.00	6.31	525.00
	2477.78	0.00	6.32	526.00
	2477.80	0.00	6.32	527.00
	2477.81	0.00	6.32	526.00
	2477.82	0.00	6.32	526.00
	2477.83	0.00	6.33	526.00
	2477.84	0.00	6.24	520.00
	2477.85	0.00	6.26	519.00
	2477.86	0.00	6.27	514.00
	2477.88	0.00	6.26	514.00
	2477.89	0.00	6.27	512.00
	2477.90	0.00	6.18	511.00
	2477.91	0.00	6.27	510.00
	2477.92	0.00	6.27	510.00
	2477.93	0.00	6.28	508.00
	2477.95	0.00	6.29	508.00
	2477.96	0.00	6.30	510.00
	2477.97	0.00	6.29	511.00
	2477.98	0.00	6.23	50