8.00	43.00	39.00	0.00	0.00	0.00	33.00	33.00	43.00	0.00	49.00	57.00	42.00
	3172.62	0.00	29.00	0.00	36.00	26.00	42.00	39.00	0.00	0.00	0.00	33.00	34.00	43.00	0.00	49.00	57.00	41.00
	3172.63	0.00	29.00	0.00	37.00	26.00	42.00	39.00	0.00	0.00	0.00	32.00	36.00	43.00	0.00	49.00	57.00	42.00
	3172.64	0.00	29.00	0.00	36.00	26.00	42.00	39.00	0.00	0.00	0.00	32.00	36.00	43.00	0.00	49.00	57.00	42.00
	3172.65	0.00	29.00	0.00	37.00	26.00	42.00	39.00	0.00	0.00	0.00	32.00	36.00	43.00	0.00	49.00	57.00	42.00
	3172.66	0.00	29.00	0.00	36.00	26.00	42.00	39.00	0.00	0.00	0.00	32.00	34.00	43.00	0.00	49.00	57.00	42.00
	3172.67	0.00	29.00	0.00	36.00	26.00	42.00	39.00	0.00	0.00	0.00	32.00	34.00	43.00	0.00	49.00	57.00	42.00
	3172.68	0.00	30.00	0.00	37.00	26.00	42.00	39.00	0.00	0.00	0.00	33.00	34.00	43.00	0.00	49.00	57.00	42.00
	3172.68	0.00	30.00	0.00	36.00	26.00	42.00	39.00	0.00	0.00	0.00	33.00	34.00	43.00	0.00	49.00	57.00	41.00
	3172.70	0.00	29.00	0.00	36.00	26.00	42.00	39.00	0.00	0.00	0.00	33.00	36.00	43.00	0.00	49.00	57.00	41.00
	3172.70	0.00	29.00	0.00	35.00	26.00	42.00	39.00	0.00	0.00	0.00	32.00	34.00	43.00	0.00	49.00	57.00	42.00
	3172.71	0.00	30.00	0.00	37.00	26.00	42.00	39.00	0.00	0.00	0.00	33.00	34.00	41.00	0.00	49.00	57.00	41.00
	3172.72	0.00	29.00	0.00	37.00	26.00	42.00	39.00	0.00	0.00	0.00	32.00	36.00	43.00	0.00	49.00	57.00	42.00
	3172.73	0.00	28.00	0.00	36.00	26.00	42.00	39.00	0.00	0.00	0.00	32.00	34.00	43.00	0.00	49.00	57.00	41.00
	3172.74	0.00	29.00	0.00	36.00	26.00	42.00	39.00	0.00	0.00	0.00	32.00	34.00	43.00	0.00	49.00	57.00	41.00
	3172.75	0.00	29.00	0.00	36.00	25.00	42.00	39.00	0.00	0.00	0.00	32.00	35.00	43.00	0.00	48.00	57.00	42.00
	3172.76	0.00	30.00	0.00	36.00	26.00	42.00	39.00	0.00	0.00	0.00	33.00	36.00	43.00	0.00	49.00	57.00	42.00
	3172.77	0.00	30.00	0.00	36.00	26.00	42.00	39.00	0.00	0.00	0.00	33.00	34.00	43.00	0.00	49.00	57.00	41.00
	3172.78	0.00	29.00	0.00	37.00	25.00	42.00	39.00	0.00	0.00	0.00	32.00	36.00	43.00	0.00	49.00	57.00	42.00
	3172.79	0.00	29.00	0.00	36.00	25.00	43.00	39.00	0.00	0.00	0.00	32.00	34.00	43.00	0.00	49.00	57.00	42.00
	3172.80	0.00	29.00	0.00	37.00	25.00	43.00	39.00	0.00	0.00	0.00	32.00	36.00	43.00	0.00	49.00	57.00	42.00
	3172.81	0.00	30.00	0.00	37.00	25.00	42.00	39.00	0.00	0.00	0.00	33.00	34.00	43.00	0.00	49.00	57.00	41.00
	3172.82	0.00	29.00	0.00	37.00	25.00	42.00	39.00	0.00	0.00	0.00	32.00	36.00	43.00	0.00	49.00	57.00	41.00
	3172.83	0.00	29.00	0.00	37.00	25.00	43.00	39.00	0.00	0.00	0.00	33.00	36.00	43.00	0.00	49.00	57.00	41.00
	3172.83	0.00	29.00	0.00	37.00	24.00	42.00	39.00	0.00	0.00	0.00	33.00	36.00	43.00	0.00	49.00	56.00	42.00
	3172.84	0.00	29.00	0.00	36.00	24.00	42.00	39.00	0.00	0.00	0.00	33.00	36.00	43.00	0.00	49.00	57.00	41.00
	3172.85	0.00	28.00	0.00	36.00	26.00	42.00	39.00	0.00	0.00	0.00	33.00	35.00	43.00	0.00	49.00	57.00	41.00
	3172.86	0.00	29.00	0.00	36.00	24.00	42.00	39.00	0.00	0.00	0.00	32.00	36.00	43.00	0.00	49.00	57.00	41.00
	3172.87	0.00	29.00	0.00	36.00	26.00	42.00	39.00	0.00	0.00	0.00	33.00	34.00	43.00	0.00	48.00	57.00	41.00
	3172.88	0.00	29.00	0.00	36.00	26.00	42.00	39.00	0.00	0.00	0.00	33.00	34.00	43.00	0.00	49.00	57.00	41.00
	3172.89	0.00	29.00	0.00	36.00	26.00	42.00	39.00	0.00	0.00	0.00	33.00	35.00	43.00	0.00	49.00	57.00	41.00
	3172.90	0.00	29.00	0.00	36.00	25.00	42.00	39.00	0.00	0.00	0.00	32.00	35.00	43.00	0.00	49.00	57.00	42.00
	3172.91	0.00	30.00	0.00	37.00	25.00	42.00	39.00	0.00	0.00	0.00	32.00	36.00	41.00	0.00	49.00	57.00	42.00
	3172.92	0.00	30.00	0.00	37.00	25.00	42.00	39.00	0.00	0.00	0.00	33.00	34.00	43.00	0.00	49.00	57.00	41.00
	3172.93	0.00	30.00	0.00	36.00	26.00	42.00	39.00	0.00	0.00	0.00	33.00	36.00	43.00	0.00	49.00	57.00	41.00
	3172.94	0.00	29.00	0.00	37.00	25.00	42.00	39.00	0.00	0.00	0.00	32.00	35.00	43.00	0.00	49.00	57.00	41.00
	3172.95	0.00	29.00	0.00	36.00	26.00	42.00	39.00	0.00	0.00	0.00	32.00	33.00	43.00	0.00	49.00	57.00	41.00
	3172.96	0.00	29.00	0.00	37.00	26.00	42.00	39.00	0.00	0.00	0.00	32.00	35.00	43.00	0.00	49.00	57.00	42.00
	3172.97	0.00	29.00	0.00	37.00	26.00	42.00	39.00	0.00	0.00	0.00	32.00	36.00	43.00	0.00	49.00	57.00	41.00
	3172.97	0.00	29.00	0.00	37.00	25.00	42.00	39.00	0.00	0.00	0.00	32.00	34.00	43.00	0.00	49.00	57.00	41.00
	3172.98	0.00	29.00	0.00	37.00	26.00	42.00	39.00	0.00	0.00	0.00	32.00	34.00	43.00	0.00	49.00	57.00	41.00
	3172.99	0.00	29.00	0.00	36.00	25.00	42.00	39.00	0.00	0.00	0.00	33.00	36.00	43.00	0.00	49.00	57.00	42.00
	3173.00	0.00	29.00	0.00	36.00	25.00	42.00	39.00	0.00	0.00	0.00	33.00	34.00	43.00	0.00	49.00	57.00	41.00
	3173.01	0.00	30.00	0.00	36.00	25.00	42.00	39.00	0.00	0.00	0.00	33.00	36.00	43.00	0.00	49.00	57.00	41.00
	3173.02	0.00	29.00	0.00	36.00	25.00	42.00	39.00	0.00	0.00	0.00	32.00	36.00	43.00	0.00	49.00	57.00	41.00
	3173.03	0.00	30.00	0.00	37.00	25.00	43.00	39.00	0.00	0.00	0.00	33.00	35.00	43.00	0.00	48.00	57.00	41.00
	3173.04	0.00	29.00	0.00	36.00	27.00	42.00	39.00	0.00	0.00	0.00	33.00	34.00	43.00	0.00	49.00	57.00	41.00
	3173.05	0.00	30.00	0.00	37.00	27.00	42.00	39.00	0.00	0.00	0.00	33.00	34.00	43.00	0.00	49.00	57.00	41.00
	3173.06	0.00	30.00	0.00	37.00	25.00	42.00	39.00	0.00	0.00	0.00	33.00	34.00	41.00	0.00	49.00	57.00	41.00
	3173.07	0.00	30.00	0.00	36.00	25.00	42.00	39.00	0.00	0.00	0.00	33.00	34.00	43.00	0.00	49.00	57.00	41.00
	3173.08	0.00	30.00	0.00	36.00	25.00	42.00	39.00	0.00	0.00	0.00	33.00	35.00	43.00	0.00	49.00	57.00	41.00
	3173.09	0.00	30.00	0.00	37.00	25.00	42.00	39.00	0.00	0.00	0.00	33.00	34.00	44.00	0.00	49.00	57.00	41.00
	3173.10	0.00	30.00	0.00	37.00	27.00	42.00	39.00	0.00	0.00	0.00	33.00	36.00	41.00	0.00	49.00	57.00	41.00
	3173.11	0.00	29.00	0.00	36.00	25.00	42.00	39.00	0.00	0.00	0.00	32.00	36.00	44.00	0.00	49.00	57.00	41.00
	3173.11	0.00	29.00	0.00	36.00	25.00	42.00	39.00	0.00	0.00	0.00	32.00	36.00	43.00	0.00	49.00	57.00	41.00
	3173.12	0.00	29.00	0.00	37.00	26.00	42.00	39.00	0.00	0.00	0.00	32.00	36.00	43.00	0.00	49.00	57.00	41.00
	3173.13	0.00	29.00	0.00	37.00	25.00	42.00	39.00	0.00	0.00	0.00	33.00	34.00	43.00	0.00	49.00	57.00	41.00
	3173.14	0.00	30.00	0.00	37.00	28.00	42.00	38.00	0.00	0.00	0.00	33.00	36.00	43.00	0.00	49.00	57.00	41.00
	3173.15	0.00	30.00	0.00	37.00	27.00	42.00	39.00	0.00	0.00	0.00	33.00	35.00	42.00	0.00	49.00	55.00	41.00
	3173.16	0.00	30.00	0.00	37.00	25.00	42.00	39.00	0.00	0.00	0.00	33.00	34.00	43.00	0.00	49.00	57.00	41.00
	3173.17	0.00	29.00	0.00	37.00	27.00	42.00	39.00	0.00	0.00	0.00	32.00	35.00	43.00	0.00	49.00	57.00	41.00
	3173.18	0.00	29.00	0.00	37.00	25.00	42.00	39.00	0.00	0.00	0.00	33.00	36.00	42.00	0.00	49.00	57.00	40.00
	3173.19	0.00	29.00	0.00	36.00	27.00	42.00	39.00	0.00	0.00	0.00	33.00	34.00	43.00	0.00	49.00	57.00	41.00
	3173.20	0.00	29.00	0.00	36.00	25.00	42.00	39.00	0.00	0.00	0.00	32.00	36.00	43.00	0.00	49.00	57.00	41.00
	3173.21	0.00	29.00	0.00	36.00	25.00	42.00	39.00	0.00	0.00	0.00	32.00	34.00	43.00	0.00	49.00	57.00	41.00
	3173.22	0.00	29.00	0.00	37.00	25.00	42.00	39.00	0.00	0.00	0.00	33.00	34.00	43.00	0.00	49.00	57.00	41.00
	3173.23	0.00	29.00	0.00	37.00	25.00	42.00	39.00	0.00	0.00	0.00	33.00	34.00	43.00	0.00	49.00	56.00	41.00
	3173.24	0.00	28.00	0.00	37.00	25.00	42.00	39.00	0.00	0.00	0.00	33.00	36.00	43.00	0.00	49.00	57.00	41.00
	3173.25	0.00	29.00	0.00	37.00	25.00	42.00	39.00	0.00	0.00	0.00	33.00	35.00	43.00	0.00	48.00	56.00	40.00
	3173.26	0.00	29.00	0.00	37.00	27.00	42.00	39.00	0.00	0.00	0.00	32.00	36.00	42.00	0.00	49.00	56.00	42.00
	3173.26	0.00	29.00	0.00	37.00	25.00	42.00	39.00	0.00	0.00	0.00	32.00	34.00	43.00	0.00	48.00	55.00	41.00
	3173.27	0.00	29.00	0.00	37.00	25.00	42.00	39.00	0.00	0.00	0.00	33.00	35.00	43.00	0.00	49.00	55.00	40.00
	3173.28	0.00	29.00	0.00	37.00	25.00	42.00	39.00	0.00	0.00	0.00	32.00	36.00	43.00	0.00	49.00	55.00	41.00
	3173.29	0.00	29.00	0.00	37.00	27.00	42.00	39.00	0.00	0.00	0.00	33.00	35.00	43.00	0.00	48.00	55.00	41.00
	3173.30	0.00	30.00	0.00	36.00	26.00	42.00	39.00	0.00	0.00	0.00	33.00	35.00	43.00	0.00	48.00	55.00	41.00
	3173.31	0.00	29.00	0.00	36.00	28.00	42.00	39.00	0.00	0.00	0.00	33.00	34.00	40.00	0.00	48.00	55.00	42.00
	3173.32	0.00	29.00	0.00	37.00	26.00	42.00	39.00	0.00	0.00	0.00	33.00	34.00	43.00	0.00	49.00	55.00	41.00
	3173.33	0.00	28.00	0.00	37.00	28.00	42.00	39.00	0.00	0.00	0.00	33.00	36.00	43.00	0.00	48.00	55.00	41.00
	3173.34	0.00	29.00	0.00	37.00	28.00	42.00	39.00	0.00	0.00	0.00	33.00	34.00	41.00	0.00	49.00	55.00	41.00
	3173.35	0.00	29.00	0.00	37.00	26.00	43.00	39.00	0.00	0.00	0.00	32.00	36.00	43.00	0.00	48.00	55.00	41.00
	3173.36	0.00	29.00	0.00	37.00	26.00	42.00	39.00	0.00	0.00	0.00	32.00	35.00	43.00	0.00	49.00	55.00	41.00
	3173.37	0.00	29.00	0.00	37.00	28.00	42.00	39.00	0.00	0.00	0.00	33.00	36.00	43.00	0.00	49.00	55.00	41.00
	3173.38	0.00	30.00	0.00	37.00	28.00	42.00	38.00	0.00	0.00	0.00	33.00	36.00	43.00	0.00	49.00	55.00	41.00
	3173.39	0.00	30.00	0.00	36.00	28.00	42.00	39.00	0.00	0.00	0.00	33.00	35.00	42.00	0.00	49.00	55.00	41.00
	3173.39	0.00	30.00	0.00	37.00	28.00	42.00	39.00	0.00	0.00	0.00	33.00	36.00	43.00	0.00	49.00	56.00	41.00
	3173.40	0.00	29.00	0.00	36.00	26.00	42.00	39.00	0.00	0.00	0.00	33.00	36.00	43.00	0.00	49.00	55.00	40.00
	3173.41	0.00	30.00	0.00	37.00	26.00	42.00	38.00	0.00	0.00	0.00	32.00	34.00	43.00	0.00	49.00	56.00	41.00
	3173.42	0.00	29.00	0.00	37.00	26.00	42.00	39.00	0.00	0.00	0.00	32.00	36.00	43.00	0.00	49.00	56.00	41.00
	3173.43	0.00	29.00	0.00	37.00	26.00	42.00	39.00	0.00	0.00	0.00	32.00	34.00	43.00	0.00	49.00	56.00	41.00
	3173.44	0.00	29.00	0.00	37.00	26.00	42.00	39.00	0.00	0.00	0.00	32.00	36.00	43.00	0.00	49.00	56.00	41.00
	3173.45	0.00	29.00	0.00	36.00	26.00	42.00	39.00	0.00	0.00	0.00	33.00	34.00	43.00	0.00	49.00	56.00	41.00
	3173.46	0.00	30.00	0.00	37.00	28.00	42.00	39.00	0.00	0.00	0.00	33.00	36.00	43.00	0.00	49.00	54.00	41.00
	3173.47	0.00	30.00	0.00	37.00	28.00	42.00	39.00	0.00	0.00	0.00	32.00	36.00	41.00	0.00	49.00	56.00	41.00
	3173.48	0.00	30.00	0.00	36.00	26.00	42.00	39.00	0.00	0.00	0.00	33.00	35.00	43.00	0.00	49.00	56.00	41.00
	3173.49	0.00	29.00	0.00	36.00	26.00	42.00	39.00	0.00	0.00	0.00	33.00	34.00	43.00	0.00	49.00	56.00	40.00
	3173.50	0.00	29.00	0.00	37.00	26.00	42.00	39.00	0.00	0.00	0.00	32.00	36.00	43.00	0.00	48.00	56.00	41.00
	3173.51	0.00	29.00	0.00	36.00	26.00	42.00	39.00	0.00	0.00	0.00	32.00	36.00	43.00	0.00	48.00	56.00	41.00
	3173.52	0.00	29.00	0.00	37.00	26.00	42.00	39.00	0.00	0.00	0.00	32.00	36.00	43.00	0.00	49.00	56.00	41.00
	3173.53	0.00	29.00	0.00	37.00	26.00	42.00	39.00	0.00	0.00	0.00	33.00	36.00	43.00	0.00	49.00	56.00	41.00
	3173.53	0.00	30.00	0.00	37.00	26.00	42.00	39.00	0.00	0.00	0.00	33.00	36.00	43.00	0.00	49.00	55.00	41.00
	3173.54	0.00	30.00	0.00	37.00	26.00	42.00	39.00	0.00	0.00	0.00	33.00	34.00	43.00	0.00	49.00	56.00	41.00
	3173.55	0.00	30.00	0.00	36.00	26.00	42.00	39.00	0.00	0.00	0.00	33.00	35.00	43.00	0.00	49.00	56.00	41.00
	3173.56	0.00	29.00	0.00	36.00	26.00	42.00	39.00	0.00	0.00	0.00	32.00	34.00	42.00	0.00	49.00	56.00	41.00
	3173.57	0.00	29.00	0.00	36.00	26.00	42.00	39.00	0.00	0.00	0.00	32.00	36.00	43.00	0.00	48.00	56.00	42.00
	3173.58	0.00	29.00	0.00	36.00	26.00	42.00	39.00	0.00	0.00	0.00	32.00	34.00	43.00	0.00	49.00	56.00	41.00
	3173.59	0.00	29.00	0.00	36.00	26.00	42.00	39.00	0.00	0.00	0.00	32.00	34.00	43.00	0.00	49.00	56.00	42.00
	3173.60	0.00	29.00	0.00	36.00	26.00	42.00	39.00	0.00	0.00	0.00	32.00	34.00	43.00	0.00	49.00	56.00	41.00
	3173.61	0.00	30.00	0.00	37.00	26.00	42.00	39.00	0.00	0.00	0.00	33.00	36.00	43.00	0.00	49.00	55.00	41.00
	3173.62	0.00	30.00	0.00	37.00	27.00	42.00	39.00	0.00	0.00	0.00	32.00	36.00	41.00	0.00	49.00	56.00	41.00
	3173.63	0.00	29.00	0.00	37.00	28.00	42.00	39.00	0.00	0.00	0.00	32.00	35.00	43.00	0.00	49.00	56.00	41.00
	3173.64	0.00	29.00	0.00	37.00	26.00	42.00	39.00	0.00	0.00	0.00	32.00	34.00	42.00	0.00	49.00	56.00	42.00
	3173.65	0.00	29.00	0.00	37.00	28.00	42.00	39.00	0.00	0.00	0.00	33.00	34.00	43.00	0.00	49.00	56.00	41.00
	3173.66	0.00	29.00	0.00	37.00	26.00	42.00	39.00	0.00	0.00	0.00	32.00	36.00	43.00	0.00	49.00	56.00	41.00
	3173.67	0.00	29.00	0.00	37.00	26.00	42.00	39.00	0.00	0.00	0.00	32.00	36.00	43.00	0.00	49.00	56.00	41.00
	3173.68	0.00	29.00	0.00	37.00	26.00	42.00	39.00	0.00	0.00	0.00	32.00	34.00	43.00	0.00	49.00	55.00	41.00
	3173.68	0.00	30.00	0.00	37.00	26.00	42.00	39.00	0.00	0.00	0.00	33.00	34.00	43.00	0.00	49.00	56.00	41.00
	3173.69	0.00	30.00	0.00	36.00	26.00	42.00	39.00	0.00	0.00	0.00	33.00	34.00	43.00	0.00	49.00	55.00	40.00
	3173.70	0.00	29.00	0.00	37.00	26.00	42.00	39.00	0.00	0.00	0.00	33.00	36.00	43.00	0.00	49.00	55.00	40.00
	3173.71	0.00	30.00	0.00	37.00	26.00	42.00	39.00	0.00	0.00	0.00	32.00	34.00	43.00	0.00	49.00	55.00	41.00
	3173.72	0.00	29.00	0.00	37.00	26.00	42.00	39.00	0.00	0.00	0.00	32.00	36.00	43.00	0.00	49.00	55.00	41.00
	3173.73	0.00	29.00	0.00	37.00	26.00	42.00	39.00	0.00	0.00	0.00	32.00	35.00	43.00	0.00	47.00	55.00	41.00
	3173.74	0.00	29.00	0.00	37.00	26.00	42.00	39.00	0.00	0.00	0.00	32.00	36.00	43.00	0.00	49.00	55.00	41.00
	3173.75	0.00	29.00	0.00	37.00	26.00	42.00	39.00	0.00	0.00	0.00	33.00	36.00	43.00	0.00	49.00	55.00	41.00
	3173.76	0.00	30.00	0.00	36.00	26.00	42.00	39.00	0.00	0.00	0.00	33.00	35.00	43.00	0.00	49.00	55.00	41.00
	3173.77	0.00	30.00	0.00	37.00	26.00	42.00	39.00	0.00	0.00	0.00	33.00	35.00	43.00	0.00	49.00	55.00	41.00
	3173.78	0.00	30.00	0.00	36.00	26.00	42.00	39.00	0.00	0.00	0.00	33.00	34.00	43.00	0.00	49.00	55.00	41.00
	3173.79	0.00	29.00	0.00	37.00	28.00	42.00	39.00	0.00	0.00	0.00	33.00	36.00	43.00	0.00	49.00	55.00	41.00
	3173.80	0.00	29.00	0.00	36.00	26.00	42.00	39.00	0.00	0.00	0.00	32.00	34.00	43.00	0.00	49.00	55.00	41.00
	3173.81	0.00	30.00	0.00	37.00	28.00	42.00	39.00	0.00	0.00	0.00	33.00	36.00	40.00	0.00	49.00	55.00	41.00
	3173.82	0.00	29.00	0.00	37.00	26.00	42.00	39.00	0.00	0.00	0.00	32.00	34.00	43.00	0.00	49.00	55.00	41.00
	3173.82	0.00	29.00	0.00	37.00	26.00	42.00	39.00	0.00	0.00	0.00	32.00	34.00	43.00	0.00	49.00	55.00	41.00
	3173.83	0.00	29.00	0.00	37.00	26.00	42.00	39.00	0.00	0.00	0.00	32.00	34.00	43.00	0.00	49.00	55.00	41.00
	3173.84	0.00	30.00	0.00	36.00	26.00	42.00	39.00	0.00	0.00	0.00	33.00	36.00	43.00	0.00	49.00	55.00	41.00
	3173.85	0.00	29.00	0.00	36.00	26.00	42.00	39.00	0.00	0.00	0.00	33.00	35.00	43.00	0.00	49.00	55.00	41.00
	3173.86	0.00	29.00	0.00	36.00	26.00	42.00	39.00	0.00	0.00	0.00	32.00	36.00	43.00	0.00	49.00	55.00	41.00
	3173.87	0.00	29.00	0.00	36.00	26.00	42.00	39.00	0.00	0.00	0.00	32.00	36.00	43.00	0.00	49.00	55.00	41.00
	3173.88	0.00	29.00	0.00	36.00	26.00	43.00	39.00	0.00	0.00	0.00	32.00	34.00	43.00	0.00	49.00	55.00	41.00
	3173.89	0.00	29.00	0.00	36.00	26.00	42.00	39.00	0.00	0.00	0.00	33.00	36.00	43.00	0.00	49.00	55.00	40.00
	3173.90	0.00	29.00	0.00	36.00	28.00	42.00	39.00	0.00	0.00	0.00	33.00	36.00	43.00	0.00	49.00	55.00	41.00
	3173.91	0.00	30.00	0.00	37.00	26.00	42.00	39.00	0.00	0.00	0.00	33.00	36.00	43.00	0.00	49.00	55.00	41.00
	3173.92	0.00	30.00	0.00	37.00	28.00	42.00	39.00	0.00	0.00	0.00	32.00	36.00	41.00	0.00	49.00	55.00	41.00
	3173.93	0.00	30.00	0.00	36.00	26.00	42.00	39.00	0.00	0.00	0.00	33.00	36.00	43.00	0.00	49.00	55.00	41.00
	3173.94	0.00	29.00	0.00	36.00	26.00	42.00	39.00	0.00	0.00	0.00	33.00	34.00	43.00	0.00	49.00	55.00	41.00
	3173.95	0.00	29.00	0.00	36.00	26.00	42.00	39.00	0.00	0.00	0.00	32.00	34.00	41.00	0.00	49.00	55.00	41.00
	3173.96	0.00	29.00	0.00	37.00	26.00	42.00	39.00	0.00	0.00	0.00	32.00	34.00	43.00	0.00	48.00	55.00	41.00
	3173.96	0.00	29.00	0.00	37.00	26.00	42.00	39.00	0.00	0.00	0.00	32.00	36.00	43.00	0.00	49.00	55.00	41.00
	3173.97	0.00	29.00	0.00	36.00	26.00	42.00	39.00	0.00	0.00	0.00	32.00	34.00	43.00	0.00	49.00	55.00	41.00
	3173.98	0.00	29.00	0.00	36.00	26.00	42.00	39.00	0.00	0.00	0.00	33.00	36.00	43.00	0.00	49.00	56.00	41.00
	3173.99	0.00	30.00	0.00	36.00	26.00	42.00	39.00	0.00	0.00	0.00	33.00	36.00	43.00	0.00	49.00	55.00	41.00
	3174.00	0.00	30.00	0.00	36.00	26.00	42.00	39.00	0.00	0.00	0.00	33.00	36.00	43.00	0.00	49.00	56.00	41.00
	3174.01	0.00	30.00	0.00	37.00	28.00	43.00	39.00	0.00	0.00	0.00	33.00	34.00	43.00	0.00	49.00	55.00	41.00
	3174.02	0.00	29.00	0.00	36.00	28.00	42.00	39.00	0.00	0.00	0.00	33.00	36.00	43.00	0.00	49.00	56.00	41.00
	3174.03	0.00	30.00	0.00	37.00	26.00	42.00	39.00	0.00	0.00	0.00	33.00	36.00	43.00	0.00	49.00	55.00	41.00
	3174.04	0.00	29.00	0.00	36.00	27.00	42.00	39.00	0.00	0.00	0.00	32.00	36.00	43.00	0.00	49.00	55.00	41.00
	3174.05	0.00	30.00	0.00	37.00	28.00	42.00	39.00	0.00	0.00	0.00	33.00	36.00	43.00	0.00	49.00	55.00	41.00
	3174.06	0.00	30.00	0.00	37.00	26.00	42.00	39.00	0.00	0.00	0.00	33.00	34.00	43.00	0.00	49.00	55.00	41.00
	3174.07	0.00	29.00	0.00	36.00	26.00	42.00	39.00	0.00	0.00	0.00	33.00	34.00	43.00	0.00	49.00	55.00	41.00
	3174.08	0.00	30.00	0.00	37.00	26.00	43.00	39.00	0.00	0.00	0.00	33.00	34.00	43.00	0.00	49.00	54.00	41.00
	3174.09	0.00	30.00	0.00	37.00	28.00	43.00	38.00	0.00	0.00	0.00	33.00	34.00	43.00	0.00	49.00	55.00	41.00
	3174.10	0.00	30.00	0.00	37.00	26.00	42.00	39.00	0.00	0.00	0.00	33.00	36.00	43.00	0.00	49.00	55.00	41.00
	3174.11	0.00	29.00	0.00	36.00	27.00	42.00	39.00	0.00	0.00	0.00	32.00	36.00	43.00	0.00	49.00	55.00	191.43	0.00	27.00	0.00	33.00	1.00	43.00	39.00	0.00	0.00	0.00	34.00	33.00	42.00	0.00	49.00	54.00	41.00
	3191.43	0.00	27.00	0.00	33.00	1.00	43.00	40.00	0.00	0.00	0.00	34.00	34.00	42.00	0.00	49.00	54.00	40.00
	3191.44	0.00	27.00	0.00	33.00	3.00	43.00	40.00	0.00	0.00	0.00	34.00	33.00	42.00	0.00	49.00	54.00	40.00
	3191.45	0.00	27.00	0.00	33.00	3.00	43.00	40.00	0.00	0.00	0.00	34.00	35.00	42.00	0.00	49.00	54.00	40.00
	3191.46	0.00	27.00	0.00	34.00	3.00	43.00	40.00	0.00	0.00	0.00	33.00	34.00	42.00	0.00	49.00	54.00	40.00
	3191.47	0.00	27.00	0.00	34.00	1.00	43.00	40.00	0.00	0.00	0.00	33.00	33.00	42.00	0.00	49.00	54.00	39.00
	3191.48	0.00	27.00	0.00	34.00	1.00	43.00	40.00	0.00	0.00	0.00	34.00	33.00	42.00	0.00	49.00	54.00	39.00
	3191.49	0.00	27.00	0.00	34.00	3.00	43.00	39.00	0.00	0.00	0.00	33.00	34.00	42.00	0.00	49.00	54.00	40.00
	3191.50	0.00	27.00	0.00	34.00	1.00	43.00	40.00	0.00	0.00	0.00	34.00	34.00	42.00	0.00	49.00	54.00	39.00
	3191.51	0.00	27.00	0.00	33.00	2.00	43.00	40.00	0.00	0.00	0.00	33.00	33.00	42.00	0.00	49.00	54.00	39.00
	3191.52	0.00	27.00	0.00	34.00	2.00	43.00	40.00	0.00	0.00	0.00	34.00	34.00	42.00	0.00	48.00	54.00	40.00
	3191.53	0.00	27.00	0.00	33.00	2.00	43.00	39.00	0.00	0.00	0.00	33.00	33.00	42.00	0.00	49.00	54.00	40.00
	3191.54	0.00	27.00	0.00	33.00	2.00	43.00	39.00	0.00	0.00	0.00	34.00	33.00	42.00	0.00	49.00	54.00	40.00
	3191.55	0.00	27.00	0.00	33.00	1.00	43.00	40.00	0.00	0.00	0.00	34.00	34.00	42.00	0.00	48.00	54.00	40.00
	3191.56	0.00	27.00	0.00	33.00	2.00	43.00	40.00	0.00	0.00	0.00	34.00	33.00	42.00	0.00	48.00	54.00	40.00
	3191.56	0.00	27.00	0.00	33.00	1.00	43.00	40.00	0.00	0.00	0.00	33.00	34.00	42.00	0.00	49.00	54.00	40.00
	3191.57	0.00	27.00	0.00	34.00	2.00	43.00	40.00	0.00	0.00	0.00	33.00	34.00	42.00	0.00	48.00	53.00	40.00
	3191.58	0.00	27.00	0.00	34.00	3.00	43.00	40.00	0.00	0.00	0.00	34.00	35.00	42.00	0.00	49.00	54.00	40.00
	3191.59	0.00	27.00	0.00	34.00	3.00	43.00	39.00	0.00	0.00	0.00	34.00	33.00	42.00	0.00	49.00	54.00	40.00
	3191.60	0.00	27.00	0.00	34.00	3.00	43.00	40.00	0.00	0.00	0.00	34.00	35.00	42.00	0.00	49.00	54.00	40.00
	3191.61	0.00	27.00	0.00	33.00	3.00	43.00	39.00	0.00	0.00	0.00	33.00	35.00	42.00	0.00	48.00	54.00	40.00
	3191.62	0.00	27.00	0.00	32.00	2.00	43.00	40.00	0.00	0.00	0.00	33.00	35.00	42.00	0.00	48.00	53.00	40.00
	3191.63	0.00	27.00	0.00	32.00	2.00	43.00	40.00	0.00	0.00	0.00	34.00	32.00	42.00	0.00	48.00	54.00	40.00
	3191.64	0.00	27.00	0.00	32.00	2.00	43.00	40.00	0.00	0.00	0.00	34.00	33.00	42.00	0.00	49.00	53.00	40.00
	3191.65	0.00	27.00	0.00	34.00	2.00	43.00	40.00	0.00	0.00	0.00	34.00	35.00	42.00	0.00	48.00	54.00	40.00
	3191.66	0.00	27.00	0.00	33.00	1.00	43.00	40.00	0.00	0.00	0.00	34.00	33.00	42.00	0.00	49.00	54.00	40.00
	3191.67	0.00	27.00	0.00	34.00	3.00	43.00	40.00	0.00	0.00	0.00	34.00	35.00	42.00	0.00	49.00	54.00	40.00
	3191.68	0.00	27.00	0.00	33.00	1.00	43.00	40.00	0.00	0.00	0.00	33.00	33.00	42.00	0.00	49.00	54.00	40.00
	3191.69	0.00	27.00	0.00	33.00	1.00	43.00	40.00	0.00	0.00	0.00	34.00	33.00	42.00	0.00	49.00	54.00	40.00
	3191.69	0.00	27.00	0.00	33.00	1.00	43.00	40.00	0.00	0.00	0.00	34.00	35.00	42.00	0.00	49.00	54.00	40.00
	3191.70	0.00	27.00	0.00	34.00	3.00	43.00	40.00	0.00	0.00	0.00	34.00	33.00	42.00	0.00	49.00	54.00	40.00
	3191.71	0.00	27.00	0.00	33.00	3.00	43.00	40.00	0.00	0.00	0.00	34.00	35.00	42.00	0.00	49.00	54.00	40.00
	3191.72	0.00	27.00	0.00	33.00	3.00	43.00	40.00	0.00	0.00	0.00	34.00	33.00	42.00	0.00	49.00	53.00	40.00
	3191.73	0.00	27.00	0.00	33.00	1.00	43.00	40.00	0.00	0.00	0.00	34.00	35.00	42.00	0.00	49.00	54.00	40.00
	3191.74	0.00	27.00	0.00	33.00	1.00	43.00	40.00	0.00	0.00	0.00	33.00	35.00	42.00	0.00	49.00	54.00	40.00
	3191.75	0.00	27.00	0.00	34.00	1.00	43.00	40.00	0.00	0.00	0.00	34.00	33.00	42.00	0.00	49.00	54.00	39.00
	3191.76	0.00	27.00	0.00	33.00	3.00	43.00	39.00	0.00	0.00	0.00	34.00	33.00	42.00	0.00	49.00	54.00	40.00
	3191.77	0.00	27.00	0.00	32.00	1.00	43.00	40.00	0.00	0.00	0.00	34.00	33.00	42.00	0.00	49.00	54.00	40.00
	3191.78	0.00	27.00	0.00	32.00	2.00	43.00	40.00	0.00	0.00	0.00	34.00	33.00	42.00	0.00	48.00	54.00	39.00
	3191.79	0.00	27.00	0.00	34.00	3.00	43.00	40.00	0.00	0.00	0.00	34.00	35.00	42.00	0.00	49.00	54.00	40.00
	3191.80	0.00	27.00	0.0	33.00	3.00	43.00	40.00	0.00	0.00	0.00	34.00	33.00	42.00	0.00	49.00	53.00	40.00
	3192.17	0.00	27.00	0.00	33.00	1.00	43.00	40.00	0.00	0.00	0.00	34.00	35.00	42.00	0.00	49.00	54.00	40.00
	3192.18	0.00	27.00	0.00	33.00	1.00	43.00	40.00	0.00	0.00	0.00	34.00	33.00	42.00	0.00	49.00	54.00	40.00
	3192.19	0.00	27.00	0.00	32.00	2.00	43.00	39.00	0.00	0.00	0.00	34.00	33.00	42.00	0.00	49.00	54.00	40.00
	3192.20	0.00	27.00	0.00	33.00	3.00	43.00	40.00	0.00	0.00	0.00	34.00	35.00	42.00	0.00	48.00	52.00	40.00
	3192.20	0.00	27.00	0.00	34.00	3.00	43.00	39.00	0.00	0.00	0.00	34.00	35.00	42.00	0.00	49.00	54.00	40.00
	3192.21	0.00	27.00	0.00	34.00	2.00	43.00	40.00	0.00	0.00	0.00	34.00	35.00	42.00	0.00	49.00	54.00	40.00
	3192.22	0.00	27.00	0.00	32.00	3.00	43.00	40.00	0.00	0.00	0.00	34.00	33.00	42.00	0.00	48.00	54.00	40.00
	3192.23	0.00	27.00	0.00	33.00	2.00	43.00	40.00	0.00	0.00	0.00	34.00	34.00	42.00	0.00	49.00	54.00	40.00
	3192.24	0.00	27.00	0.00	33.00	1.00	43.00	40.00	0.00	0.00	0.00	34.00	35.00	42.00	0.00	49.00	54.00	41.00
	3192.25	0.00	27.00	0.00	34.00	4.00	43.00	40.00	0.00	0.00	0.00	34.00	33.00	42.00	0.00	49.00	54.00	40.00
	3192.26	0.00	27.00	0.00	34.00	4.00	43.00	40.00	0.00	0.00	0.00	34.00	33.00	42.00	0.00	49.00	53.00	40.00
	3192.27	0.00	27.00	0.00	34.00	3.00	44.00	40.00	0.00	0.00	0.00	33.00	33.00	42.00	0.00	49.00	53.00	41.00
	3192.28	0.00	27.00	0.00	33.00	3.00	43.00	40.00	0.00	0.00	0.00	34.00	33.00	42.00	0.00	48.00	54.00	40.00
	3192.29	0.00	27.00	0.00	34.00	3.00	43.00	40.00	0.00	0.00	0.00	34.00	33.00	42.00	0.00	48.00	54.00	40.00
	3192.30	0.00	27.00	0.00	33.00	2.00	43.00	40.00	0.00	0.00	0.00	33.00	33.00	42.00	0.00	49.00	54.00	40.00
	3192.31	0.00	27.00	0.00	33.00	4.00	43.00	40.00	0.00	0.00	0.00	34.00	35.00	42.00	0.00	49.00	54.00	40.00
	3192.32	0.00	27.00	0.00	33.00	2.00	43.00	40.00	0.00	0.00	0.00	33.00	35.00	42.00	0.00	48.00	54.00	40.00
	3192.33	0.00	27.00	0.00	33.00	2.00	43.00	40.00	0.00	0.00	0.00	34.00	33.00	42.00	0.00	49.00	53.00	40.00
	3192.33	0.00	27.00	0.00	33.00	2.00	43.00	39.00	0.00	0.00	0.00	34.00	35.00	42.00	0.00	49.00	54.00	40.00
	3192.34	0.00	28.00	0.00	32.00	2.00	43.00	40.00	0.00	0.00	0.00	34.00	35.00	42.00	0.00	48.00	54.00	40.00
	3192.35	0.00	28.00	0.00	33.00	2.00	43.00	40.00	0.00	0.00	0.00	34.00	33.00	42.00	0.00	48.00	54.00	40.00
	3192.36	0.00	28.00	0.00	33.00	2.00	43.00	40.00	0.00	0.00	0.00	34.00	35.00	42.00	0.00	49.00	54.00	40.00
	3192.37	0.00	28.00	0.00	33.00	2.00	43.00	40.00	0.00	0.00	0.00	34.00	35.00	42.00	0.00	48.00	54.00	40.00
	3192.38	0.00	27.00	0.00	33.00	2.00	43.00	40.00	0.00	0.00	0.00	34.00	33.00	42.00	0.00	48.00	54.00	41.00
	3192.39	0.00	28.00	0.00	34.00	3.00	43.00	40.00	0.00	0.00	0.00	34.00	35.00	42.00	0.00	48.00	54.00	40.00
	3192.40	0.00	28.00	0.00	34.00	3.00	43.00	40.00	0.00	0.00	0.00	34.00	33.00	42.00	0.00	49.00	53.00	40.00
	3192.41	0.00	28.00	0.00	33.00	3.00	43.00	40.00	0.00	0.00	0.00	34.00	35.00	42.00	0.00	48.00	53.00	40.00
	3192.42	0.00	28.00	0.00	33.00	4.00	43.00	40.00	0.00	0.00	0.00	34.00	35.00	42.00	0.00	49.00	54.00	40.00
	3192.43	0.00	27.00	0.00	33.00	3.00	43.00	40.00	0.00	0.00	0.00	33.00	33.00	42.00	0.00	49.00	54.00	40.00
	3192.44	0.00	28.00	0.00	33.00	3.00	43.00	40.00	0.00	0.00	0.00	34.00	33.00	42.00	0.00	48.00	54.00	40.00
	3192.45	0.00	28.00	0.00	32.00	3.00	43.00	39.00	0.00	0.00	0.00	34.00	35.00	42.00	0.00	49.00	54.00	40.00
	3192.46	0.00	28.00	0.00	32.00	5.00	43.00	40.00	0.00	0.00	0.00	34.00	35.00	42.00	0.00	49.00	53.00	40.00
	3192.46	0.00	28.00	0.00	33.00	5.00	43.00	40.00	0.00	0.00	0.00	33.00	35.00	42.00	0.00	49.00	53.00	40.00
	3192.47	0.00	28.00	0.00	34.00	3.00	43.00	40.00	0.00	0.00	0.00	34.00	35.00	42.00	0.00	49.00	54.00	39.00
	3192.48	0.00	28.00	0.00	33.00	5.00	43.00	40.00	0.00	0.00	0.00	33.00	35.00	42.00	0.00	49.00	53.00	40.00
	3192.49	0.00	28.00	0.00	34.00	4.00	43.00	40.00	0.00	0.00	0.00	34.00	33.00	42.00	0.00	49.00	54.00	40.00
	3192.50	0.00	28.00	0.00	34.00	5.00	43.00	40.00	0.00	0.00	0.00	34.00	35.00	42.00	0.00	49.00	54.00	40.00
	3192.51	0.00	27.00	0.00	33.00	4.00	43.00	39.00	0.00	0.00	0.00	34.00	35.00	40.00	0.00	49.00	53.00	40.00
	3192.52	0.00	27.00	0.00	33.00	4.00	43.00	40.00	0.00	0.00	0.00	34.00	33.00	42.00	0.00	49.00	54.00	40.00
	3192.53	0.00	28.00	0.00	34.00	4.00	43.00	40.00	0.00	0.00	0.00	34.00	35.00	42.00	0.00	48.00	54.00	41.00
	3192.54	0.00	28.00	0.00	33.00	4.00	43.00	40.00	0.00	0.00	0.00	34.00	33.00	42.00	0.00	49.00	54.00	40.00
	3192.55	0.00	28.00	0.00	34.00	4.00	43.00	40.00	0.00	0.00	0.00	34.00	35.00	42.00	0.00	49.00	54.00	40.00
	3192.56	0.00	28.00	0.00	34.00	3.00	43.00	40.00	0.00	0.00	0.00	34.00	35.00	42.00	0.00	49.00	54.00	40.00
	3192.57	0.00	28.00	0.00	33.00	2.00	43.00	40.00	0.00	0.00	0.00	34.00	35.00	42.00	0.00	49.00	54.00	40.00
	3192.58	0.00	28.00	0.00	33.00	2.00	43.00	40.00	0.00	0.00	0.00	34.00	33.00	42.00	0.00	49.00	54.00	40.00
	3192.59	0.00	27.00	0.00	34.00	4.00	43.00	40.00	0.00	0.00	0.00	33.00	35.00	42.00	0.00	48.00	53.00	40.00
	3192.59	0.00	28.00	0.00	33.00	4.00	43.00	39.00	0.00	0.00	0.00	34.00	35.00	42.00	0.00	49.00	54.00	40.00
	3192.60	0.00	27.00	0.00	34.00	2.00	43.00	40.00	0.00	0.00	0.00	34.00	33.00	42.00	0.00	49.00	54.00	39.00
	3192.61	0.00	27.00	0.00	34.00	4.00	43.00	39.00	0.00	0.00	0.00	33.00	35.00	42.00	0.00	48.00	54.00	40.00
	3192.62	0.00	28.00	0.00	33.00	4.00	43.00	39.00	0.00	0.00	0.00	34.00	35.00	42.00	0.00	49.00	53.00	41.00
	3192.63	0.00	28.00	0.00	33.00	3.00	43.00	40.00	0.00	0.00	0.00	34.00	33.00	42.00	0.00	49.00	53.00	40.00
	3192.64	0.00	27.00	0.00	34.00	3.00	43.00	39.00	0.00	0.00	0.00	34.00	35.00	42.00	0.00	49.00	54.00	40.00
	3192.65	0.00	28.00	0.00	34.00	4.00	43.00	40.00	0.00	0.00	0.00	34.00	33.00	42.00	0.00	49.00	54.00	40.00
	3192.66	0.00	28.00	0.00	34.00	4.00	43.00	40.00	0.00	0.00	0.00	33.00	35.00	42.00	0.00	49.00	54.00	40.00
	3192.67	0.00	28.00	0.00	33.00	2.00	43.00	40.00	0.00	0.00	0.00	34.00	33.00	42.00	0.00	49.00	54.00	40.00
	3192.68	0.00	28.00	0.00	34.00	3.00	43.00	40.00	0.00	0.00	0.00	33.00	33.00	42.00	0.00	48.00	53.00	40.00
	3192.69	0.00	28.00	0.00	34.00	4.00	43.00	40.00	0.00	0.00	0.00	34.00	35.00	42.00	0.00	48.00	54.00	40.00
	3192.70	0.00	28.00	0.00	34.00	3.00	43.00	40.00	0.00	0.00	0.00	34.00	33.00	42.00	0.00	49.00	53.00	40.00
	3192.71	0.00	28.00	0.00	33.00	4.00	43.00	40.00	0.00	0.00	0.00	34.00	35.00	42.00	0.00	48.00	54.00	40.00
	3192.72	0.00	28.00	0.00	33.00	2.00	43.00	40.00	0.00	0.00	0.00	34.00	34.00	42.00	0.00	48.00	54.00	40.00
	3192.72	0.00	28.00	0.00	33.00	4.00	43.00	40.00	0.00	0.00	0.00	34.00	35.00	42.00	0.00	48.00	54.00	40.00
	3192.73	0.00	28.00	0.00	33.00	2.00	43.00	40.00	0.00	0.00	0.00	33.00	33.00	42.00	0.00	48.00	54.00	40.00
	3192.74	0.00	28.00	0.00	32.00	3.00	43.00	40.00	0.00	0.00	0.00	34.00	34.00	42.00	0.00	48.00	53.00	40.00
	3192.75	0.00	27.00	0.00	34.00	2.00	43.00	40.00	0.00	0.00	0.00	34.00	33.00	42.00	0.00	48.00	54.00	39.00
	3192.76	0.00	28.00	0.00	33.00	4.00	43.00	40.00	0.00	0.00	0.00	34.00	34.00	42.00	0.00	48.00	54.00	40.00
	3192.77	0.00	28.00	0.00	34.00	3.00	43.00	39.00	0.00	0.00	0.00	34.00	34.00	42.00	0.00	48.00	54.00	40.00
	3192.78	0.00	28.00	0.00	32.00	4.00	43.00	40.00	0.00	0.00	0.00	33.00	33.00	42.00	0.00	48.00	53.00	40.00
	3192.79	0.00	28.00	0.00	34.00	4.00	43.00	40.00	0.00	0.00	0.00	34.00	33.00	42.00	0.00	48.00	54.00	40.00
	3192.80	0.00	28.00	0.00	34.00	4.00	43.00	40.00	0.00	0.00	0.00	34.00	33.00	42.00	0.00	48.00	54.00	40.00
	3192.81	0.00	28.00	0.00	33.00	4.00	43.00	40.00	0.00	0.00	0.00	34.00	33.00	40.00	0.00	48.00	54.00	40.00
	3192.82	0.00	28.00	0.00	33.00	2.00	43.00	40.00	0.00	0.00	0.00	34.00	33.00	42.00	0.00	48.00	54.00	40.00
	3192.83	0.00	27.00	0.00	34.00	4.00	43.00	40.00	0.00	0.00	0.00	34.00	34.00	42.00	0.00	48.00	54.00	40.00
	3192.84	0.00	27.00	0.00	33.00	2.00	43.00	40.00	0.00	0.00	0.00	33.00	33.00	42.00	0.00	48.00	54.00	40.00
	3192.85	0.00	28.00	0.00	34.00	3.00	43.00	40.00	0.00	0.00	0.00	34.00	34.00	42.00	0.00	48.00	54.00	40.00
	3192.85	0.00	27.00	0.00	34.00	4.00	43.00	40.00	0.00	0.00	0.00	33.00	34.00	42.00	0.00	48.00	53.00	40.00
	3192.86	0.00	27.00	0.00	34.00	2.00	43.00	40.00	0.00	0.00	0.00	34.00	33.00	42.00	0.00	48.00	54.00	40.00
	3192.87	0.00	28.00	0.00	34.00	4.00	43.00	40.00	0.00	0.00	0.00	34.00	35.00	42.00	0.00	48.00	54.00	40.00
	3192.88	0.00	28.00	0.00	34.00	4.00	43.00	39.00	0.00	0.00	0.00	34.00	35.00	42.00	0.00	48.00	54.00	40.00
	3192.89	0.00	27.00	0.00	34.00	3.00	43.00	39.00	0.00	0.00	0.00	34.00	34.00	42.00	0.00	48.00	54.00	40.00
	3192.90	0.00	28.00	0.00	34.00	2.00	43.00	40.00	0.00	0.00	0.00	34.00	33.00	42.00	0.00	48.00	54.00	39.00
	3192.91	0.00	28.00	0.00	34.00	4.00	43.00	39.00	0.00	0.00	0.00	33.00	35.00	42.00	0.00	48.00	54.00	40.00
	3192.92	0.00	28.00	0.00	33.00	3.00	43.00	40.00	0.00	0.00	0.00	34.00	33.00	42.00	0.00	48.00	53.00	40.00
	3192.93	0.00	28.00	0.00	33.00	3.00	43.00	40.00	0.00	0.00	0.00	34.00	33.00	42.00	0.00	48.00	53.00	40.00
	3192.94	0.00	28.00	0.00	34.00	3.00	43.00	40.00	0.00	0.00	0.00	34.00	33.00	42.00	0.00	48.00	54.00	40.00
	3192.95	0.00	28.00	0.00	34.00	3.00	43.00	40.00	0.00	0.00	0.00	34.00	34.00	42.00	0.00	48.00	53.00	40.00
	3192.96	0.00	28.00	0.00	34.00	4.00	43.00	40.00	0.00	0.00	0.00	34.00	33.00	40.00	0.00	48.00	54.00	40.00
	3192.97	0.00	28.00	0.00	33.00	2.00	43.00	40.00	0.00	0.00	0.00	33.00	35.00	42.00	0.00	48.00	54.00	40.00
	3192.98	0.00	27.00	0.00	34.00	4.00	43.00	39.00	0.00	0.00	0.00	34.00	33.00	42.00	0.00	48.00	54.00	40.00
	3192.98	0.00	27.00	0.00	33.00	2.00	43.00	40.00	0.00	0.00	0.00	34.00	34.00	42.00	0.00	48.00	54.00	40.00
	3192.99	0.00	28.00	0.00	34.00	3.00	43.00	40.00	0.00	0.00	0.00	34.00	34.00	42.00	0.00	48.00	54.00	40.00
	3193.00	0.00	27.00	0.00	34.00	4.00	43.00	40.00	0.00	0.00	0.00	33.00	33.00	42.00	0.00	48.00	54.00	40.00
	3193.01	0.00	28.00	0.00	34.00	2.00	43.00	40.00	0.00	0.00	0.00	33.00	33.00	42.00	0.00	48.00	54.00	39.00
	3193.02	0.00	28.00	0.00	33.00	4.00	43.00	40.00	0.00	0.00	0.00	33.00	33.00	42.00	0.00	48.00	53.00	40.00
	3193.03	0.00	28.00	0.00	34.00	4.00	43.00	39.00	0.00	0.00	0.00	33.00	33.00	42.00	0.00	48.00	54.00	40.00
	3193.04	0.00	28.00	0.00	34.00	2.00	43.00	40.00	0.00	0.00	0.00	34.00	33.00	42.00	0.00	48.00	54.00	39.00
	3193.05	0.00	28.00	0.00	34.00	2.00	43.00	40.00	0.00	0.00	0.00	33.00	35.00	42.00	0.00	48.00	54.00	39.00
	3193.06	0.00	28.00	0.00	34.00	3.00	43.00	40.00	0.00	0.00	0.00	33.00	35.00	42.00	0.00	48.00	54.00	39.00
	3193.07	0.00	27.00	0.00	34.00	2.00	43.00	40.00	0.00	0.00	0.00	34.00	34.00	42.00	0.00	48.00	54.00	39.00
	3193.08	0.00	27.00	0.00	34.00	2.00	43.00	40.00	0.00	0.00	0.00	33.00	33.00	42.00	0.00	48.00	53.00	39.00
	3193.09	0.00	28.00	0.00	33.00	4.00	43.00	40.00	0.00	0.00	0.00	34.00	34.00	42.00	0.00	48.00	53.00	40.00
	3193.10	0.00	27.00	0.00	34.00	4.00	43.00	39.00	0.00	0.00	0.00	33.00	34.00	42.00	0.00	48.00	54.00	40.00
	3193.11	0.00	28.00	0.00	34.00	4.00	43.00	40.00	0.00	0.00	0.00	33.00	35.00	42.00	0.00	48.00	53.00	40.00
	3193.11	0.00	27.00	0.00	34.00	2.00	43.00	39.00	0.00	0.00	0.00	34.00	34.00	42.00	0.00	48.00	54.00	40.00
	3193.12	0.00	27.00	0.00	33.00	2.00	43.00	40.00	0.00	0.00	0.00	34.00	33.00	42.00	0.00	48.00	54.00	40.00
	3193.13	0.00	27.00	0.00	33.00	2.00	43.00	40.00	0.00	0.00	0.00	34.00	33.00	42.00	0.00	48.00	54.00	40.00
	3193.14	0.00	27.00	0.00	33.00	2.00	43.00	40.00	0.00	0.00	0.00	34.00	34.00	42.00	0.00	48.00	54.00	40.00
	3193.15	0.00	27.00	0.00	33.00	2.00	43.00	40.00	0.00	0.00	0.00	34.00	34.00	42.00	0.00	48.00	54.00	40.00
	3193.16	0.00	27.00	0.00	33.00	2.00	43.00	40.00	0.00	0.00	0.00	34.00	34.00	42.00	0.00	48.00	54.00	40.00
	3193.17	0.00	28.00	0.00	33.00	4.00	43.00	40.00	0.00	0.00	0.00	34.00	33.00	42.00	0.00	48.00	53.00	40.00
	3193.18	0.00	27.00	0.00	33.00	4.00	43.00	39.00	0.00	0.00	0.00	34.00	33.00	42.00	0.00	48.00	53.00	40.00
	3193.19	0.00	28.00	0.00	33.00	4.00	43.00	40.00	0.00	0.00	0.00	34.00	33.00	42.00	0.00	48.00	52.00	40.00
	3193.20	0.00	27.00	0.00	33.00	3.00	43.00	39.00	0.00	0.00	0.00	34.00	33.00	42.00	0.00	48.00	54.00	40.00
	3193.21	0.00	28.00	0.00	33.00	4.00	43.00	40.00	0.00	0.00	0.00	33.00	33.00	42.00	0.00	48.00	54.00	40.00
	3193.22	0.00	28.00	0.00	33.00	3.00	43.00	40.00	0.00	0.00	0.00	34.00	33.00	42.00	0.00	48.00	54.00	40.00
	3193.23	0.00	27.00	0.00	33.00	2.00	43.00	40.00	0.00	0.00	0.00	34.00	35.00	42.00	0.00	48.00	54.00	40.00
	3193.24	0.00	28.00	0.00	33.00	2.00	43.00	40.00	0.00	0.00	0.00	34.00	34.00	42.00	0.00	48.00	54.00	40.00
	3193.25	0.00	28.00	0.00	33.00	2.00	43.00	40.00	0.00	0.00	0.00	34.00	35.00	42.00	0.00	48.00	54.00	40.00
	3193.25	0.00	28.00	0.00	34.00	4.00	43.00	40.00	0.00	0.00	0.00	33.00	33.00	42.00	0.00	48.00	54.00	40.00
	3193.26	0.00	28.00	0.00	34.00	3.00	43.00	40.00	0.00	0.00	0.00	34.00	33.00	42.00	0.00	48.00	53.00	40.00
	3193.27	0.00	28.00	0.00	34.00	3.00	43.00	40.00	0.00	0.00	0.00	34.00	33.00	42.00	0.00	48.00	54.00	40.00
	3193.28	0.00	28.00	0.00	34.00	4.00	43.00	40.00	0.00	0.00	0.00	33.00	33.00	42.00	0.00	48.00	54.00	40.00
	3193.29	0.00	28.00	0.00	34.00	4.00	43.00	40.00	0.00	0.00	0.00	33.00	35.00	42.00	0.00	48.00	53.00	40.00
	3193.30	0.00	28.00	0.00	34.00	4.00	43.00	40.00	0.00	0.00	0.00	32.00	34.00	42.00	0.00	48.00	54.00	40.00
	3193.31	0.00	28.00	0.00	34.00	2.00	43.00	40.00	0.00	0.00	0.00	34.00	34.00	42.00	0.00	48.00	54.00	39.00
	3193.32	0.00	28.00	0.00	33.00	4.00	43.00	40.00	0.00	0.00	0.00	33.00	35.00	42.00	0.00	48.00	53.00	40.00
	3193.33	0.00	27.00	0.00	33.00	3.00	43.00	40.00	0.00	0.00	0.00	34.00	33.00	42.00	0.00	48.00	53.00	40.00
	3193.34	0.00	28.00	0.00	33.00	4.00	43.00	40.00	0.00	0.00	0.00	33.00	33.00	42.00	0.00	48.00	54.00	39.00
	3193.35	0.00	28.00	0.00	33.00	3.00	43.00	40.00	0.00	0.00	0.00	34.00	35.00	42.00	0.00	48.00	54.00	40.00
	3193.36	0.00	28.00	0.00	33.00	2.00	43.00	40.00	0.00	0.00	0.00	33.00	35.00	42.00	0.00	48.00	54.00	40.00
	3193.37	0.00	28.00	0.00	33.00	4.00	43.00	40.00	0.00	0.00	0.00	33.00	35.00	40.00	0.00	48.00	53.00	40.00
	3193.37	0.00	27.00	0.00	33.00	2.00	43.00	40.00	0.00	0.00	0.00	33.00	35.00	42.00	0.00	48.00	54.00	40.00
	3193.38	0.00	28.00	0.00	34.00	4.00	43.00	39.00	0.00	0.00	0.00	33.00	33.00	42.00	0.00	48.00	53.00	40.00
	3193.39	0.00	27.00	0.00	34.00	3.00	43.00	40.00	0.00	0.00	0.00	34.00	35.00	42.00	0.00	48.00	54.00	40.00
	3193.40	0.00	28.00	0.00	34.00	4.00	43.00	40.00	0.00	0.00	0.00	33.00	35.00	42.00	0.00	48.00	54.00	40.00
	3193.41	0.00	28.00	0.00	33.00	3.00	43.00	40.00	0.00	0.00	0.00	34.00	33.00	42.00	0.00	48.00	54.00	40.00
	3193.42	0.00	28.00	0.00	33.00	2.00	43.00	40.00	0.00	0.00	0.00	33.00	34.00	42.00	0.00	48.00	54.00	40.00
	3193.43	0.00	28.00	0.00	33.00	2.00	43.00	40.00	0.00	0.00	0.00	33.00	35.00	42.00	0.00	48.00	54.00	40.00
	3193.44	0.00	27.00	0.00	33.00	3.00	43.00	39.00	0.00	0.00	0.00	34.00	33.00	42.00	0.00	48.00	53.00	40.00
	3193.45	0.00	28.00	0.00	35.00	2.00	43.00	40.00	0.00	0.00	0.00	34.00	33.00	42.00	0.00	48.00	54.00	39.00
	3193.46	0.00	28.00	0.00	33.00	3.00	43.00	39.00	0.00	0.00	0.00	34.00	35.00	42.00	0.00	48.00	53.00	40.00
	3193.47	0.00	27.00	0.00	33.00	3.00	43.00	40.00	0.00	0.00	0.00	34.00	35.00	42.00	0.00	48.00	53.00	40.00
	3193.48	0.00	28.00	0.00	34.00	3.00	43.00	40.00	0.00	0.00	0.00	34.00	35.00	42.00	0.00	48.00	53.00	40.00
	3193.49	0.00	28.00	0.00	34.00	4.00	43.00	40.00	0.00	0.00	0.00	34.00	33.00	42.00	0.00	48.00	54.00	40.00
	3193.50	0.00	28.00	0.00	33.00	2.00	43.00	40.00	0.00	0.00	0.00	33.00	35.00	42.00	0.00	48.00	54.00	40.00
	3193.50	0.00	28.00	0.00	33.00	4.00	43.00	40.00	0.00	0.00	0.00	33.00	33.00	42.00	0.00	48.00	54.00	40.00
	3193.51	0.00	28.00	0.00	33.00	3.00	43.00	39.00	0.00	0.00	0.00	33.00	33.00	42.00	0.00	48.00	52.00	40.00
	3193.52	0.00	28.00	0.00	33.00	2.00	44.00	40.00	0.00	0.00	0.00	34.00	35.00	42.00	0.00	48.00	54.00	40.00
	3193.53	0.00	28.00	0.00	34.00	4.00	43.00	40.00	0.00	0.00	0.00	34.00	35.00	42.00	0.00	48.00	54.00	40.00
	3193.54	0.00	28.00	0.00	33.00	2.00	43.00	40.00	0.00	0.00	0.00	33.00	33.00	42.00	0.00	48.00	54.00	40.00
	3193.55	0.00	28.00	0.00	34.00	3.00	43.00	40.00	0.00	0.00	0.00	34.00	35.00	42.00	0.00	48.00	54.00	40.00
	3193.56	0.00	26.00	0.00	34.00	2.00	43.00	39.00	0.00	0.00	0.00	33.00	33.00	42.00	0.00	48.00	54.00	40.00
	3193.57	0.00	28.00	0.00	33.00	2.00	43.00	40.00	0.00	0.00	0.00	34.00	35.00	42.00	0.00	48.00	54.00	40.00
	3193.58	0.00	28.00	0.00	34.00	3.00	43.00	39.00	0.00	0.00	0.00	34.00	35.00	42.00	0.00	48.00	53.00	40.00
	3193.59	0.00	28.00	0.00	35.00	2.00	43.00	40.00	0.00	0.00	0.00	33.00	35.00	42.00	0.00	48.00	54.00	39.00
	3193.60	0.00	28.00	0.00	35.00	2.00	43.00	40.00	0.00	0.00	0.00	33.00	33.00	42.00	0.00	48.00	53.00	39.00
	3193.61	0.00	28.00	0.00	34.00	2.00	43.00	40.00	0.00	0.00	0.00	33.00	35.00	42.00	0.00	48.00	54.00	39.00
	3193.62	0.00	28.00	0.00	33.00	3.00	43.00	40.00	0.00	0.00	0.00	34.00	33.00	42.00	0.00	48.00	54.00	39.00
	3193.63	0.00	28.00	0.00	33.00	2.00	43.00	40.00	0.00	0.00	0.00	33.00	33.00	42.00	0.00	48.00	54.00	40.00
	3193.63	0.00	28.00	0.00	33.00	2.00	43.00	40.00	0.00	0.00	0.00	34.00	35.00	42.00	0.00	48.00	54.00	40.00
	3193.64	0.00	28.00	0.00	33.00	4.00	43.00	40.00	0.00	0.00	0.00	33.00	35.00	42.00	0.00	48.00	53.00	40.00
	3193.65	0.00	27.00	0.00	34.00	4.00	43.00	40.00	0.00	0.00	0.00	33.00	35.00	42.00	0.00	48.00	54.00	40.00
	3193.66	0.00	28.00	0.00	33.00	2.00	43.00	40.00	0.00	0.00	0.00	34.00	35.00	42.00	0.00	48.00	54.00	40.00
	3193.67	0.00	28.00	0.00	34.00	4.00	43.00	40.00	0.00	0.00	0.00	34.00	33.00	42.00	0.00	48.00	54.00	40.00
	3193.68	0.00	27.00	0.00	34.00	2.00	43.00	40.00	0.00	0.00	0.00	33.00	35.00	42.00	0.00	48.00	54.00	40.00
	3193.69	0.00	28.00	0.00	34.00	5.00	43.00	40.00	0.00	0.00	0.00	33.00	34.00	42.00	0.00	48.00	54.00	40.00
	3193.70	0.00	28.00	0.00	34.00	5.00	43.00	40.00	0.00	0.00	0.00	33.00	33.00	42.00	0.00	48.00	54.00	40.00
	3193.71	0.00	28.00	0.00	33.00	4.00	43.00	40.00	0.00	0.00	0.00	33.00	35.00	42.00	0.00	48.00	54.00	40.00
	3193.72	0.00	28.00	0.00	33.00	3.00	43.00	40.00	0.00	0.00	0.00	33.00	33.00	42.00	0.00	48.00	54.00	40.00
	3193.73	0.00	27.00	0.00	33.00	4.00	43.00	40.00	0.00	0.00	0.00	33.00	33.00	42.00	0.00	48.00	52.00	40.00
	3193.74	0.00	27.00	0.00	33.00	4.00	43.00	40.00	0.00	0.00	0.00	33.00	32.00	42.00	0.00	48.00	52.00	40.00
	3193.75	0.00	27.00	0.00	33.00	3.00	43.00	40.00	0.00	0.00	0.00	33.00	33.00	42.00	0.00	48.00	52.00	40.00
	3193.76	0.00	27.00	0.00	33.00	2.00	43.00	40.00	0.00	0.00	0.00	33.00	33.00	42.00	0.00	48.00	54.00	40.00
	3193.76	0.00	27.00	0.00	34.00	2.00	43.00	40.00	0.00	0.00	0.00	34.00	33.00	42.00	0.00	48.00	54.00	40.00
	3193.77	0.00	27.00	0.00	34.00	3.00	43.00	40.00	0.00	0.00	0.00	33.00	33.00	42.00	0.00	48.00	54.00	40.00
	3193.78	0.00	27.00	0.00	35.00	4.00	43.00	39.00	0.00	0.00	0.00	33.00	35.00	42.00	0.00	48.00	52.00	40.00
	3193.79	0.00	27.00	0.00	34.00	4.00	43.00	40.00	0.00	0.00	0.00	33.00	35.00	42.00	0.00	48.00	52.00	40.00
	3193.80	0.00	27.00	0.00	34.00	4.00	43.00	40.00	0.00	0.00	0.00	33.00	33.00	42.00	0.00	48.00	52.00	40.00
	3193.81	0.00	27.00	0.00	34.00	4.00	43.00	40.00	0.00	0.00	0.00	33.00	35.00	42.00	0.00	48.00	54.00	40.00
	3193.82	0.00	27.00	0.00	34.00	3.00	43.00	40.00	0.00	0.00	0.00	33.00	35.00	42.00	0.00	48.00	54.00	40.00
	3193.83	0.00	27.00	0.00	35.00	4.00	43.00	40.00	0.00	0.00	0.00	33.00	33.00	42.00	0.00	48.00	54.00	40.00
	3193.84	0.00	27.00	0.00	34.00	2.00	43.00	40.00	0.00	0.00	0.00	33.00	35.00	42.00	0.00	48.00	52.00	40.00
	3193.85	0.00	27.00	0.00	34.00	4.00	43.00	40.00	0.00	0.00	0.00	33.00	35.00	42.00	0.00	48.00	54.00	40.00
	3193.86	0.00	27.00	0.00	35.00	4.00	43.00	38.00	0.00	0.00	0.00	32.00	35.00	42.00	0.00	48.00	54.00	40.00
	3193.87	0.00	27.00	0.00	34.00	4.00	43.00	39.00	0.00	0.00	0.00	33.00	33.00	42.00	0.00	48.00	54.00	40.00
	3193.88	0.00	27.00	0.00	33.00	3.00	43.00	39.00	0.00	0.00	0.00	33.00	35.00	42.00	0.00	48.00	53.00	40.00
	3193.88	0.00	27.00	0.00	35.00	4.00	43.00	39.00	0.00	0.00	0.00	33.00	33.00	42.00	0.00	48.00	54.00	40.00
	3193.89	0.00	27.00	0.00	35.00	3.00	43.00	40.00	0.00	0.00	0.00	33.00	35.00	42.00	0.00	48.00	52.00	38.00
	3193.90	0.00	27.00	0.00	34.00	4.00	43.00	39.00	0.00	0.00	0.00	33.00	35.00	42.00	0.00	48.00	54.00	40.00
	3193.91	0.00	27.00	0.00	33.00	4.00	43.00	40.00	0.00	0.00	0.00	33.00	35.00	42.00	0.00	48.00	54.00	40.00
	3193.92	0.00	27.00	0.00	34.00	2.00	43.00	40.00	0.00	0.00	0.00	33.00	34.00	42.00	0.00	48.00	54.00	40.00
	3193.93	0.00	27.00	0.00	35.00	4.00	43.00	40.00	0.00	0.00	0.00	33.00	34.00	42.00	0.00	48.00	54.00	40.00
	3193.94	0.00	27.00	0.00	35.00	4.00	43.00	39.00	0.00	0.00	0.00	33.00	33.00	42.00	0.00	48.00	54.00	40.00
	3193.95	0.00	27.00	0.00	34.00	4.00	44.00	40.00	0.00	0.00	0.00	33.00	34.00	42.00	0.00	48.00	52.00	40.00
	3193.96	0.00	27.00	0.00	34.00	4.00	43.00	40.00	0.00	0.00	0.00	34.00	35.00	42.00	0.00	48.00	54.00	40.00
	3193.97	0.00	27.00	0.00	34.00	3.00	43.00	39.00	0.00	0.00	0.00	33.00	33.00	42.00	0.00	48.00	54.00	40.00
	3193.98	0.00	27.00	0.00	34.00	4.00	43.00	40.00	0.00	0.00	0.00	33.00	33.00	42.00	0.00	48.00	52.00	40.00
	3193.99	0.00	27.00	0.00	35.00	3.00	43.00	40.00	0.00	0.00	0.00	33.00	35.00	42.00	0.00	48.00	54.00	40.00
	3194.00	0.00	27.00	0.00	34.00	4.00	43.00	40.00	0.00	0.00	0.00	33.00	35.00	42.00	0.00	48.00	54.00	40.00
	3194.01	0.00	27.00	0.00	34.00	2.00	43.00	40.00	0.00	0.00	0.00	33.00	33.00	42.00	0.00	48.00	54.00	39.00
	3194.01	0.00	27.00	0.00	34.00	3.00	43.00	40.00	0.00	0.00	0.00	33.00	35.00	42.00	0.00	48.00	54.00	39.00
	3194.02	0.00	27.00	0.00	34.00	3.00	43.00	40.00	0.00	0.00	0.00	34.00	33.00	42.00	0.00	48.00	52.00	39.00
	3194.03	0.00	27.00	0.00	34.00	3.00	43.00	40.00	0.00	0.00	0.00	33.00	35.00	42.00	0.00	48.00	54.00	39.00
	3194.04	0.00	27.00	0.00	34.00	4.00	43.00	39.00	0.00	0.00	0.00	33.00	33.00	42.00	0.00	48.00	54.00	40.00
	3194.05	0.00	27.00	0.00	33.00	3.00	43.00	40.00	0.00	0.00	0.00	33.00	33.00	42.00	0.00	48.00	54.00	40.00
	3194.06	0.00	27.00	0.00	34.00	4.00	43.00	39.00	0.00	0.00	0.00	33.00	34.00	42.00	0.00	48.00	54.00	40.00
	3194.07	0.00	27.00	0.00	33.00	4.00	43.00	39.00	0.00	0.00	0.00	33.00	35.00	42.00	0.00	48.00	54.00	40.00
	3194.08	0.00	27.00	0.00	33.00	4.00	43.00	40.00	0.00	0.00	0.00	33.00	34.00	42.00	0.00	48.00	54.00	40.00
	3194.09	0.00	27.00	0.00	33.00	4.00	43.00	40.00	0.00	0.00	0.00	33.00	33.00	42.00	0.00	48.00	54.00	40.00
	3194.10	0.00	27.00	0.00	33.00	4.00	43.00	40.00	0.00	0.00	0.00	33.00	35.00	42.00	0.00	48.00	54.00	40.00
	3194.11	0.00	27.00	0.00	33.00	4.00	43.00	40.00	0.00	0.00	0.00	33.00	33.00	42.00	0.00	48.00	54.00	40.00
	3194.12	0.00	27.00	0.00	33.00	3.00	43.00	40.00	0.00	0.00	0.00	33.00	33.00	42.00	0.00	48.00	54.00	40.00
	3194.13	0.00	27.00	0.00	33.00	2.00	43.00	40.00	0.00	0.00	0.00	33.00	33.00	42.00	0.00	48.00	54.00	40.00
	3194.14	0.00	27.00	0.00	34.00	4.00	43.00	40.00	0.00	0.00	0.00	33.00	33.00	42.00	0.00	48.00	52.00	40.00
	3194.14	0.00	27.00	0.00	33.00	2.00	43.00	40.00	0.00	0.00	0.00	33.00	35.00	42.00	0.00	48.00	54.00	40.00
	3194.15	0.00	27.00	0.00	33.00	3.00	43.00	40.00	0.00	0.00	0.00	33.00	33.00	42.00	0.00	48.00	54.00	40.00
	3194.16	0.00	27.00	0.00	32.00	4.00	43.00	39.00	0.00	0.00	0.00	33.00	33.00	42.00	0.00	48.00	52.00	40.00
	3194.17	0.00	27.00	0.00	33.00	3.00	43.00	40.00	0.00	0.00	0.00	33.00	35.00	42.00	0.00	48.00	52.00	40.00
	3194.18	0.00	27.00	0.00	34.00	3.00	43.00	40.00	0.00	0.00	0.00	33.00	33.00	42.00	0.00	48.00	52.00	40.00
	3194.19	0.00	27.00	0.00	34.00	4.00	43.00	40.00	0.00	0.00	0.00	33.00	33.00	42.00	0.00	48.00	54.00	40.00
	3194.20	0.00	27.00	0.00	33.00	4.00	43.00	40.00	0.00	0.00	0.00	33.00	35.00	42.00	0.00	48.00	52.00	40.00
	3194.21	0.00	27.00	0.00	33.00	4.00	43.00	40.00	0.00	0.00	0.00	33.00	35.00	42.00	0.00	48.00	54.00	40.00
	3194.22	0.00	27.00	0.00	33.00	2.00	43.00	40.00	0.00	0.00	0.00	33.00	35.00	42.00	0.00	48.00	54.00	40.00
	3194.23	0.00	27.00	0.00	33.00	2.00	43.00	40.00	0.00	0.00	0.00	33.00	33.00	42.00	0.00	48.00	54.00	40.00
	3194.24	0.00	27.00	0.00	33.00	1.00	43.00	40.00	0.00	0.00	0.00	33.00	33.00	42.00	0.00	48.00	54.00	40.00
	3194.25	0.00	27.00	0.00	33.00	1.00	43.00	40.00	0.00	0.00	0.00	33.00	35.00	42.00	0.00	48.00	54.00	40.00
	3194.26	0.00	27.00	0.00	33.00	1.00	43.00	40.00	0.00	0.00	0.00	33.00	35.00	42.00	0.00	48.00	54.00	39.00
	3194.27	0.00	27.00	0.00	33.00	1.00	43.00	40.00	0.00	0.00	0.00	33.00	33.00	42.00	0.00	48.00	54.00	40.00
	3194.27	0.00	27.00	0.00	32.00	1.00	43.00	39.00	0.00	0.00	0.00	33.00	33.00	42.00	0.00	48.00	53.00	40.00
	3194.28	0.00	27.00	0.00	32.00	2.00	43.00	40.00	0.00	0.00	0.00	33.00	33.00	42.00	0.00	48.00	53.00	40.00
	3194.29	0.00	27.00	0.00	34.00	2.00	43.00	39.00	0.00	0.00	0.00	34.00	33.00	42.00	0.00	48.00	54.00	40.00
	3194.30	0.00	27.00	0.00	34.00	2.00	43.00	39.00	0.00	0.00	0.00	33.00	35.00	42.00	0.00	48.00	52.00	39.00
	3194.31	0.00	27.00	0.00	33.00	2.00	43.00	40.00	0.00	0.00	0.00	33.00	35.00	42.00	0.00	48.00	52.00	40.00
	3194.32	0.00	27.00	0.00	33.00	1.00	43.00	40.00	0.00	0.00	0.00	33.00	35.00	42.00	0.00	48.00	54.00	40.00
	3194.33	0.00	27.00	0.00	33.00	1.00	43.00	40.00	0.00	0.00	0.00	33.00	33.00	42.00	0.00	48.00	54.00	40.00
	3194.34	0.00	27.00	0.00	33.00	1.00	43.00	40.00	0.00	0.00	0.00	33.00	33.00	42.00	0.00	48.00	54.00	40.00
	3194.35	0.00	27.00	0.00	33.00	1.00	43.00	40.00	0.00	0.00	0.00	33.00	35.00	42.00	0.00	48.00	54.00	40.00
	3194.36	0.00	27.00	0.00	33.00	2.00	43.00	40.00	0.00	0.00	0.00	33.00	33.00	42.00	0.00	48.00	54.00	40.00
	3194.37	0.00	27.00	0.00	33.00	0.00	43.00	39.00	0.00	0.00	0.00	33.00	35.00	42.00	0.00	48.00	54.00	40.00
	3194.38	0.00	27.00	0.00	34.00	0.00	43.00	40.00	0.00	0.00	0.00	33.00	35.00	42.00	0.00	48.00	54.00	40.00
	3194.39	0.00	27.00	0.00	33.00	1.00	43.00	40.00	0.00	0.00	0.00	33.00	35.00	42.00	0.00	48.00	54.00	39.00
	3194.40	0.00	26.00	0.00	33.00	1.00	43.00	40.00	0.00	0.00	0.00	33.00	35.00	42.00	0.00	48.00	54.00	40.00
	3194.40	0.00	27.00	0.00	33.00	2.00	43.00	40.00	0.00	0.00	0.00	34.00	35.00	42.00	0.00	48.00	54.00	40.00
	3194.41	0.00	27.00	0.00	33.00	2.00	43.00	40.00	0.00	0.00	0.00	33.00	33.00	42.00	0.00	48.00	54.00	40.00
	3194.42	0.00	27.00	0.00	32.00	2.00	43.00	40.00	0.00	0.00	0.00	33.00	35.00	42.00	0.00	48.00	52.00	40.00
	3194.43	0.00	27.00	0.00	33.00	1.00	43.00	39.00	0.00	0.00	0.00	33.00	35.00	42.00	0.00	48.00	53.00	40.00
	3194.44	0.00	27.00	0.00	32.00	2.00	43.00	40.00	0.00	0.00	0.00	33.00	33.00	42.00	0.00	48.00	52.00	40.00
	3194.45	0.00	27.00	0.00	33.00	2.00	43.00	40.00	0.00	0.00	0.00	33.00	35.00	42.00	0.00	48.00	54.00	40.00
	3194.46	0.00	27.00	0.00	34.00	2.00	43.00	40.00	0.00	0.00	0.00	33.00	35.00	42.00	0.00	48.00	54.00	40.00
	3194.47	0.00	27.00	0.00	34.00	3.00	43.00	40.00	0.00	0.00	0.00	33.00	33.00	42.00	0.00	48.00	54.00	40.00
	3194.48	0.00	27.00	0.00	34.00	3.00	43.00	40.00	0.00	0.00	0.00	33.00	35.00	42.00	0.00	48.00	54.00	40.00
	3194.49	0.00	27.00	0.00	34.00	3.00	43.00	40.00	0.00	0.00	0.00	33.00	33.00	42.00	0.00	48.00	54.00	40.00
	3194.50	0.00	27.00	0.00	34.00	2.00	43.00	40.00	0.00	0.00	0.00	33.00	35.00	42.00	0.00	48.00	54.00	40.00
	3194.51	0.00	27.00	0.00	33.00	3.00	43.00	40.00	0.00	0.00	0.00	34.00	35.00	42.00	0.00	48.00	54.00	40.00
	3194.52	0.00	27.00	0.00	33.00	1.00	43.00	40.00	0.00	0.00	0.00	33.00	33.00	42.00	0.00	48.00	54.00	40.00
	3194.53	0.00	27.00	0.00	33.00	1.00	43.00	40.00	0.00	0.00	0.00	33.00	33.00	42.00	0.00	48.00	54.00	40.00
	3194.53	0.00	27.00	0.00	33.00	1.00	43.00	40.00	0.00	0.00	0.00	33.00	35.00	42.00	0.00	48.00	54.00	40.00
	3194.54	0.00	28.00	0.00	33.00	1.00	43.00	40.00	0.00	0.00	0.00	33.00	33.00	42.00	0.00	48.00	54.00	40.00
	3194.55	0.00	28.00	0.00	34.00	2.00	43.00	39.00	0.00	0.00	0.00	33.00	35.00	42.00	0.00	48.00	54.00	40.00
	3194.56	0.00	27.00	0.00	34.00	1.00	43.00	40.00	0.00	0.00	0.00	33.00	33.00	42.00	0.00	48.00	54.00	39.00
	3194.57	0.00	28.00	0.00	34.00	1.00	43.00	40.00	0.00	0.00	0.00	33.00	35.00	42.00	0.00	48.00	53.00	39.00
	3194.58	0.00	27.00	0.00	33.00	2.00	43.00	39.00	0.00	0.00	0.00	33.00	33.00	42.00	0.00	48.00	54.00	40.00
	3194.59	0.00	27.00	0.00	34.00	1.00	43.00	40.00	0.00	0.00	0.00	33.00	33.00	42.00	0.00	48.00	52.00	38.00
	3194.60	0.00	27.00	0.00	34.00	2.00	43.00	40.00	0.00	0.00	0.00	33.00	33.00	42.00	0.00	48.00	54.00	40.00
	3194.61	0.00	27.00	0.00	32.00	3.00	43.00	40.00	0.00	0.00	0.00	33.00	33.00	42.00	0.00	48.00	54.00	40.00
	3194.62	0.00	27.00	0.00	33.00	1.00	43.00	40.00	0.00	0.00	0.00	33.00	33.00	41.00	0.00	48.00	54.00	40.00
	3194.63	0.00	27.00	0.00	33.00	2.00	43.00	40.00	0.00	0.00	0.00	33.00	33.00	42.00	0.00	48.00	54.00	40.00
	3194.64	0.00	27.00	0.00	33.00	1.00	43.00	39.00	0.00	0.00	0.00	33.00	35.00	42.00	0.00	48.00	53.00	40.00
	3194.65	0.00	27.00	0.00	34.00	3.00	43.00	40.00	0.00	0.00	0.00	33.00	33.00	42.00	0.00	48.00	54.00	40.00
	3194.66	0.00	27.00	0.00	33.00	2.00	43.00	40.00	0.00	0.00	0.00	33.00	33.00	42.00	0.00	48.00	54.00	40.00
	3194.66	0.00	27.00	0.00	33.00	2.00	43.00	40.00	0.00	0.00	0.00	34.00	35.00	42.00	0.00	48.00	54.00	40.00
	3194.67	0.00	27.00	0.00	34.00	5.00	43.00	40.00	0.00	0.00	0.00	34.00	35.00	42.00	0.00	48.00	54.00	40.00
	3194.68	0.00	27.00	0.00	34.00	6.00	43.00	39.00	0.00	0.00	0.00	34.00	35.00	42.00	0.00	48.00	54.00	40.00
	3194.69	0.00	27.00	0.00	34.00	4.00	43.00	40.00	0.00	0.00	0.00	33.00	33.00	42.00	0.00	48.00	54.00	39.00
	3194.70	0.00	27.00	0.00	34.00	2.00	43.00	40.00	0.00	0.00	0.00	34.00	35.00	42.00	0.00	48.00	54.00	39.00
	3194.71	0.00	27.00	0.00	33.00	1.00	43.00	40.00	0.00	0.00	0.00	33.00	35.00	42.00	0.00	48.00	54.00	39.00
	3194.72	0.00	27.00	0.00	33.00	2.00	43.00	39.00	0.00	0.00	0.00	34.00	33.00	42.00	0.00	48.00	53.00	40.00
	3194.73	0.00	27.00	0.00	33.00	2.00	43.00	39.00	0.00	0.00	0.00	34.00	33.00	42.00	0.00	48.00	52.00	40.00
	3194.74	0.00	27.00	0.00	33.00	1.00	43.00	40.00	0.00	0.00	0.00	34.00	35.00	42.00	0.00	48.00	54.00	40.00
	3194.75	0.00	27.00	0.00	33.00	1.00	43.00	39.00	0.00	0.00	0.00	33.00	35.00	42.00	0.00	48.00	54.00	40.00
	3194.76	0.00	27.00	0.00	33.00	2.00	43.00	40.00	0.00	0.00	0.00	34.00	33.00	42.00	0.00	48.00	54.00	40.00
	3194.77	0.00	27.00	0.00	34.00	3.00	43.00	39.00	0.00	0.00	0.00	33.00	35.00	42.00	0.00	48.00	53.00	40.00
	3194.78	0.00	27.00	0.00	34.00	3.00	43.00	40.00	0.00	0.00	0.00	33.00	35.00	42.00	0.00	48.00	54.00	40.00
	3194.79	0.00	27.00	0.00	34.00	3.00	43.00	39.00	0.00	0.00	0.00	33.00	33.00	42.00	0.00	48.00	54.00	40.00
	3194.80	0.00	27.00	0.00	33.00	2.00	43.00	40.00	0.00	0.00	0.00	33.00	35.00	42.00	0.00	48.00	54.00	40.00
	3194.80	0.00	27.00	0.00	33.00	3.00	43.00	40.00	0.00	0.00	0.00	33.00	35.00	42.00	0.00	48.00	54.00	40.00
	3194.81	0.00	26.00	0.00	32.00	1.00	43.00	39.00	0.00	0.00	0.00	33.00	35.00	42.00	0.00	48.00	54.00	40.00
	3194.82	0.00	27.00	0.00	34.00	3.00	43.00	40.00	0.00	0.00	0.00	33.00	33.00	42.00	0.00	48.00	54.00	40.00
	3194.83	0.00	27.00	0.00	34.00	2.00	43.00	40.00	0.00	0.00	0.00	33.00	33.00	42.00	0.00	48.00	54.00	39.00
	3194.84	0.00	27.00	0.00	32.00	3.00	43.00	40.00	0.00	0.00	0.00	33.00	35.00	42.00	0.00	48.00	53.00	40.00
	3194.85	0.00	27.00	0.00	34.00	4.00	43.00	39.00	0.00	0.00	0.00	33.00	35.00	42.00	0.00	48.00	54.00	40.00
	3194.86	0.00	27.00	0.00	34.00	2.00	43.00	40.00	0.00	0.00	0.00	33.00	33.00	42.00	0.00	48.00	54.00	39.00
	3194.87	0.00	27.00	0.00	34.00	2.00	43.00	40.00	0.00	0.00	0.00	33.00	33.00	42.00	0.00	48.00	54.00	39.00
	3194.88	0.00	27.00	0.00	34.00	3.00	43.00	40.00	0.00	0.00	0.00	33.00	35.00	42.00	0.00	48.00	52.00	40.00
	3194.89	0.00	27.00	0.00	34.00	3.00	43.00	40.00	0.00	0.00	0.00	33.00	34.00	42.00	0.00	48.00	54.00	40.00
	3194.90	0.00	27.00	0.00	34.00	3.00	43.00	40.00	0.00	0.00	0.00	33.00	33.00	42.00	0.00	48.00	54.00	40.00
	3194.91	0.00	27.00	0.00	33.00	3.00	43.00	40.00	0.00	0.00	0.00	34.00	33.00	41.00	0.00	48.00	54.00	40.00
	3194.92	0.00	27.00	0.00	33.00	2.00	43.00	40.00	0.00	0.00	0.00	34.00	33.00	42.00	0.00	48.00	54.00	40.00
	3194.93	0.00	27.00	0.00	33.00	2.00	43.00	40.00	0.00	0.00	0.00	34.00	33.00	42.00	0.00	48.00	54.00	40.00
	3194.93	0.00	27.00	0.00	33.00	1.00	43.00	40.00	0.00	0.00	0.00	33.00	35.00	42.00	0.00	48.00	54.00	40.00
	3194.94	0.00	27.00	0.00	34.00	3.00	43.00	40.00	0.00	0.00	0.00	33.00	35.00	42.00	0.00	48.00	54.00	40.00
	3194.95	0.00	27.00	0.00	34.00	4.00	43.00	40.00	0.00	0.00	0.00	34.00	35.00	42.00	0.00	48.00	54.00	40.00
	3194.96	0.00	26.00	0.00	34.00	2.00	43.00	40.00	0.00	0.00	0.00	34.00	35.00	42.00	0.00	48.00	54.00	40.00
	3194.97	0.00	27.00	0.00	34.00	4.00	43.00	40.00	0.00	0.00	0.00	33.00	33.00	42.00	0.00	48.00	54.00	40.00
	3194.98	0.00	27.00	0.00	34.00	2.00	43.00	40.00	0.00	0.00	0.00	33.00	33.00	42.00	0.00	48.00	54.00	39.00
	3194.99	0.00	27.00	0.00	34.00	2.00	43.00	40.00	0.00	0.00	0.00	34.00	35.00	42.00	0.00	48.00	54.00	39.00
	3195.00	0.00	27.00	0.00	34.00	2.00	43.00	40.00	0.00	0.00	0.00	34.00	35.00	42.00	0.00	48.00	53.00	39.00
	3195.01	0.00	27.00	0.00	35.00	2.00	43.00	40.00	0.00	0.00	0.00	33.00	35.00	42.00	0.00	48.00	54.00	39.00
	3195.02	0.00	27.00	0.00	34.00	3.00	43.00	39.00	0.00	0.00	0.00	33.00	35.00	42.00	0.00	48.00	54.00	40.00
	3195.03	0.00	27.00	0.00	34.00	2.00	43.00	40.00	0.00	0.00	0.00	34.00	35.00	42.00	0.00	48.00	53.00	39.00
	3195.04	0.00	27.00	0.00	33.00	3.00	43.00	40.00	0.00	0.00	0.00	33.00	35.00	42.00	0.00	48.00	54.00	40.00
	3195.05	0.00	27.00	0.00	33.00	3.00	43.00	40.00	0.00	0.00	0.00	33.00	35.00	42.00	0.00	48.00	54.00	40.00
	3195.06	0.00	27.00	0.00	33.00	3.00	43.00	40.00	0.00	0.00	0.00	33.00	33.00	42.00	0.00	48.00	52.00	40.00
	3195.06	0.00	27.00	0.00	33.00	3.00	43.00	40.00	0.00	0.00	0.00	34.00	33.00	42.00	0.00	48.00	54.00	40.00
	3195.07	0.00	27.00	0.00	32.00	3.00	43.00	39.00	0.00	0.00	0.00	33.00	35.00	42.00	0.00	48.00	54.00	40.00
	3195.08	0.00	27.00	0.00	32.00	3.00	43.00	39.00	0.00	0.00	0.00	34.00	35.00	42.00	0.00	48.00	54.00	40.00
	3195.09	0.00	27.00	0.00	33.00	3.00	43.00	39.00	0.00	0.00	0.00	34.00	33.00	42.00	0.00	48.00	54.00	40.00
	3195.10	0.00	27.00	0.00	32.00	3.00	43.00	39.00	0.00	0.00	0.00	34.00	35.00	42.00	0.00	48.00	54.00	40.00
	3195.11	0.00	27.00	0.00	33.00	3.00	43.00	40.00	0.00	0.00	0.00	33.00	33.00	42.00	0.00	48.00	54.00	40.00
	3195.12	0.00	27.00	0.00	33.00	3.00	43.00	40.00	0.00	0.00	0.00	33.00	34.00	42.00	0.00	48.00	54.00	40.00
	3195.13	0.00	27.00	0.00	33.00	2.00	43.00	40.00	0.00	0.00	0.00	33.00	33.00	42.00	0.00	48.00	54.00	40.00
	3195.14	0.00	27.00	0.00	33.00	2.00	43.00	39.00	0.00	0.00	0.00	33.00	35.00	42.00	0.00	48.00	53.00	40.00
	3195.15	0.00	27.00	0.00	32.00	3.00	43.00	40.00	0.00	0.00	0.00	34.00	33.00	42.00	0.00	48.00	53.00	40.00
	3195.16	0.00	27.00	0.00	33.00	2.00	43.00	40.00	0.00	0.00	0.00	34.00	35.00	42.00	0.00	48.00	53.00	40.00
	3195.17	0.00	27.00	0.00	33.00	2.00	43.00	40.00	0.00	0.00	0.00	33.00	35.00	42.00	0.00	48.00	54.00	39.00
	3195.18	0.00	27.00	0.00	33.00	1.00	43.00	40.00	0.00	0.00	0.00	34.00	33.00	42.00	0.00	48.00	54.00	40.00
	3195.19	0.00	27.00	0.00	33.00	1.00	43.00	40.00	0.00	0.00	0.00	34.00	35.00	42.00	0.00	48.00	54.00	40.00
	3195.19	0.00	27.00	0.00	33.00	1.00	43.00	39.00	0.00	0.00	0.00	34.00	35.00	42.00	0.00	48.00	54.00	40.00
	3195.20	0.00	27.00	0.00	33.00	1.00	43.00	40.00	0.00	0.00	0.00	33.00	33.00	42.00	0.00	48.00	54.00	40.00
	3195.21	0.00	27.00	0.00	33.00	3.00	43.00	40.00	0.00	0.00	0.00	34.00	35.00	42.00	0.00	48.00	54.00	40.00
	3195.22	0.00	27.00	0.00	33.00	1.00	43.00	40.00	0.00	0.00	0.00	34.00	35.00	42.00	0.00	48.00	54.00	40.00
	3195.23	0.00	27.00	0.00	33.00	2.00	43.00	39.00	0.00	0.00	0.00	34.00	35.00	42.00	0.00	48.00	54.00	40.00
	3195.24	0.00	27.00	0.00	33.00	1.00	43.00	40.00	0.00	0.00	0.00	34.00	35.00	42.00	0.00	48.00	54.00	40.00
	3195.25	0.00	27.00	0.00	33.00	3.00	43.00	39.00	0.00	0.00	0.00	34.00	33.00	42.00	0.00	48.00	54.00	40.00
	3195.26	0.00	27.00	0.00	33.00	1.00	43.00	40.00	0.00	0.00	0.00	33.00	35.00	42.00	0.00	48.00	54.00	40.00
	3195.27	0.00	27.00	0.00	32.00	2.00	43.00	40.00	0.00	0.00	0.00	33.00	35.00	42.00	0.00	48.00	54.00	40.00
	3195.28	0.00	27.00	0.00	32.00	1.00	43.00	40.00	0.00	0.00	0.00	34.00	35.00	42.00	0.00	48.00	54.00	40.00
	3195.29	0.00	27.00	0.00	33.00	3.00	43.00	39.00	0.00	0.00	0.00	34.00	33.00	42.00	0.00	48.00	54.00	40.00
	3195.30	0.00	27.00	0.00	32.00	2.00	43.00	40.00	0.00	0.00	0.00	34.00	33.00	42.00	0.00	48.00	54.00	39.00
	3195.31	0.00	27.00	0.00	34.00	3.00	43.00	40.00	0.00	0.00	0.00	34.00	35.00	42.00	0.00	48.00	54.00	40.00
	3195.32	0.00	28.00	0.00	33.00	1.00	43.00	40.00	0.00	0.00	0.00	34.00	35.00	42.00	0.00	48.00	54.00	40.00
	3195.32	0.00	27.00	0.00	33.00	2.00	43.00	40.00	0.00	0.00	0.00	34.00	35.00	41.00	0.00	48.00	54.00	40.00
	3195.33	0.00	28.00	0.00	33.00	1.00	43.00	40.00	0.00	0.00	0.00	34.00	33.00	42.00	0.00	48.00	54.00	40.00
	3195.34	0.00	28.00	0.00	33.00	3.00	43.00	40.00	0.00	0.00	0.00	34.00	33.00	42.00	0.00	48.00	52.00	40.00
	3195.35	0.00	28.00	0.00	33.00	1.00	43.00	40.00	0.00	0.00	0.00	34.00	35.00	42.00	0.00	48.00	54.00	40.00
	3195.36	0.00	28.00	0.00	33.00	3.00	43.00	40.00	0.00	0.00	0.00	34.00	35.00	42.00	0.00	48.00	54.00	40.00
	3195.37	0.00	28.00	0.00	33.00	3.00	43.00	40.00	0.00	0.00	0.00	34.00	35.00	42.00	0.00	48.00	54.00	40.00
	3195.38	0.00	27.00	0.00	33.00	1.00	43.00	40.00	0.00	0.00	0.00	34.00	35.00	42.00	0.00	48.00	54.00	40.00
	3195.39	0.00	28.00	0.00	34.00	3.00	43.00	40.00	0.00	0.00	0.00	34.00	34.00	42.00	0.00	48.00	54.00	40.00
	3195.40	0.00	28.00	0.00	33.00	3.00	43.00	39.00	0.00	0.00	0.00	34.00	33.00	42.00	0.00	48.00	53.00	40.00
	3195.41	0.00	28.00	0.00	34.00	2.00	43.00	40.00	0.00	0.00	0.00	34.00	35.00	42.00	0.00	48.00	54.00	39.00
	3195.42	0.00	28.00	0.00	33.00	1.00	43.00	39.00	0.00	0.00	0.00	34.00	33.00	42.00	0.00	48.00	54.00	40.00
	3195.43	0.00	28.00	0.00	33.00	3.00	43.00	40.00	0.00	0.00	0.00	34.00	33.00	42.00	0.00	48.00	53.00	40.00
	3195.44	0.00	27.00	0.00	34.00	3.00	43.00	40.00	0.00	0.00	0.00	34.00	33.00	42.00	0.00	48.00	54.00	40.00
	3195.45	0.00	27.00	0.00	33.00	2.00	43.00	39.00	0.00	0.00	0.00	34.00	35.00	42.00	0.00	48.00	54.00	40.00
	3195.45	0.00	27.00	0.00	33.00	1.00	43.00	40.00	0.00	0.00	0.00	34.00	35.00	40.00	0.00	48.00	54.00	40.00
	3195.46	0.00	27.00	0.00	34.00	3.00	43.00	40.00	0.00	0.00	0.00	34.00	35.00	42.00	0.00	48.00	54.00	40.00
	3195.47	0.00	28.00	0.00	34.00	3.00	43.00	40.00	0.00	0.00	0.00	34.00	35.00	42.00	0.00	48.00	54.00	40.00
	3195.48	0.00	28.00	0.00	34.00	3.00	43.00	39.00	0.00	0.00	0.00	34.00	35.00	42.00	0.00	48.00	54.00	40.00
	3195.49	0.00	28.00	0.00	34.00	3.00	43.00	40.00	0.00	0.00	0.00	34.00	33.00	42.00	0.00	48.00	54.00	40.00
	3195.50	0.00	27.00	0.00	34.00	3.00	43.00	40.00	0.00	0.00	0.00	34.00	35.00	42.00	0.00	48.00	54.00	40.00
	3195.51	0.00	28.00	0.00	33.00	3.00	43.00	39.00	0.00	0.00	0.00	34.00	33.00	42.00	0.00	48.00	54.00	40.00
	3195.52	0.00	27.00	0.00	33.00	1.00	43.00	40.00	0.00	0.00	0.00	34.00	35.00	42.00	0.00	48.00	54.00	40.00
	3195.53	0.00	28.00	0.00	33.00	1.00	43.00	40.00	0.00	0.00	0.00	34.00	33.00	42.00	0.00	48.00	54.00	40.00
	3195.54	0.00	28.00	0.00	33.00	3.00	43.00	39.00	0.00	0.00	0.00	34.00	33.00	42.00	0.00	48.00	53.00	40.00
	3195.55	0.00	28.00	0.00	33.00	3.00	43.00	40.00	0.00	0.00	0.00	34.00	35.00	42.00	0.00	48.00	52.00	40.00
	3195.56	0.00	28.00	0.00	33.00	2.00	43.00	40.00	0.00	0.00	0.00	34.00	35.00	42.00	0.00	48.00	53.00	40.00
	3195.57	0.00	28.00	0.00	33.00	2.00	43.00	40.00	0.00	0.00	0.00	34.00	33.00	42.00	0.00	48.00	54.00	39.00
	3195.58	0.00	28.00	0.00	33.00	2.00	43.00	40.00	0.00	0.00	0.00	34.00	33.00	42.00	0.00	48.00	54.00	40.00
	3195.58	0.00	28.00	0.00	33.00	2.00	43.00	40.00	0.00	0.00	0.00	34.00	35.00	42.00	0.00	48.00	54.00	40.00
	3195.59	0.00	28.00	0.00	34.00	3.00	43.00	40.00	0.00	0.00	0.00	34.00	35.00	41.00	0.00	48.00	53.00	40.00
	3195.60	0.00	28.00	0.00	34.00	3.00	43.00	40.00	0.00	0.00	0.00	34.00	35.00	42.00	0.00	48.00	53.00	40.00
	3195.61	0.00	28.00	0.00	33.00	3.00	43.00	40.00	0.00	0.00	0.00	34.00	35.00	42.00	0.00	48.00	54.00	40.00
	3195.62	0.00	28.00	0.00	34.00	1.00	43.00	40.00	0.00	0.00	0.00	34.00	35.00	42.00	0.00	48.00	54.00	40.00
	3195.63	0.00	27.00	0.00	34.00	1.00	43.00	39.00	0.00	0.00	0.00	34.00	33.00	42.00	0.00	48.00	54.00	40.00
	3195.64	0.00	27.00	0.00	34.00	1.00	43.00	40.00	0.00	0.00	0.00	34.00	33.00	42.00	0.00	48.00	54.00	40.00
	3195.65	0.00	27.00	0.00	33.00	1.00	43.00	40.00	0.00	0.00	0.00	34.00	35.00	42.00	0.00	48.00	54.00	40.00
	3195.66	0.00	28.00	0.00	35.00	3.00	43.00	40.00	0.00	0.00	0.00	34.00	33.00	42.00	0.00	48.00	54.00	40.00
	3195.67	0.00	28.00	0.00	33.00	2.00	43.00	39.00	0.00	0.00	0.00	34.00	33.00	42.00	0.00	48.00	53.00	40.00
	3195.68	0.00	28.00	0.00	34.00	3.00	43.00	40.00	0.00	0.00	0.00	34.00	35.00	42.00	0.00	48.00	53.00	40.00
	3195.69	0.00	28.00	0.00	34.00	3.00	43.00	39.00	0.00	0.00	0.00	34.00	33.00	42.00	0.00	48.00	54.00	40.00
	3195.70	0.00	28.00	0.00	33.00	3.00	43.00	40.00	0.00	0.00	0.00	34.00	33.00	42.00	0.00	48.00	53.00	40.00
	3195.71	0.00	28.00	0.00	33.00	3.00	43.00	40.00	0.00	0.00	0.00	34.00	35.00	42.00	0.00	48.00	54.00	40.00
	3195.71	0.00	27.00	0.00	34.00	2.00	43.00	40.00	0.00	0.00	0.00	34.00	35.00	42.00	0.00	48.00	54.00	40.00
	3195.72	0.00	27.00	0.00	34.00	2.00	43.00	40.00	0.00	0.00	0.00	34.00	33.00	42.00	0.00	48.00	54.00	40.00
	3195.73	0.00	28.00	0.00	34.00	2.00	43.00	40.00	0.00	0.00	0.00	34.00	33.00	42.00	0.00	48.00	54.00	40.00
	3195.74	0.00	28.00	0.00	34.00	2.00	43.00	40.00	0.00	0.00	0.00	34.00	35.00	42.00	0.00	48.00	54.00	40.00
	3195.75	0.00	28.00	0.00	34.00	4.00	43.00	40.00	0.00	0.00	0.00	34.00	35.00	42.00	0.00	48.00	54.00	41.00
	3195.76	0.00	28.00	0.00	35.00	4.00	43.00	39.00	0.00	0.00	0.00	34.00	35.00	42.00	0.00	48.00	53.00	40.00
	3195.77	0.00	28.00	0.00	35.00	4.00	43.00	40.00	0.00	0.00	0.00	34.00	35.00	42.00	0.00	48.00	54.00	40.00
	3195.78	0.00	28.00	0.00	34.00	2.00	43.00	40.00	0.00	0.00	0.00	34.00	33.00	42.00	0.00	48.00	54.00	40.00
	3195.79	0.00	28.00	0.00	34.00	4.00	43.00	40.00	0.00	0.00	0.00	34.00	35.00	42.00	0.00	48.00	54.00	40.00
	3195.80	0.00	28.00	0.00	34.00	4.00	43.00	39.00	0.00	0.00	0.00	33.00	35.00	42.00	0.00	48.00	54.00	40.00
	3195.81	0.00	28.00	0.00	34.00	2.00	43.00	40.00	0.00	0.00	0.00	34.00	35.00	42.00	0.00	48.00	54.00	39.00
	3195.82	0.00	28.00	0.00	33.00	3.00	43.00	40.00	0.00	0.00	0.00	34.00	35.00	42.00	0.00	48.00	52.00	40.00
	3195.83	0.00	28.00	0.00	33.00	3.00	43.00	40.00	0.00	0.00	0.00	34.00	33.00	42.00	0.00	48.00	53.00	40.00
	3195.83	0.00	28.00	0.00	33.00	3.00	43.00	40.00	0.00	0.00	0.00	34.00	35.00	42.00	0.00	48.00	53.00	40.00
	3195.84	0.00	28.00	0.00	35.00	4.00	43.00	40.00	0.00	0.00	0.00	34.00	33.00	42.00	0.00	48.00	54.00	40.00
	3195.85	0.00	28.00	0.00	34.00	3.00	43.00	40.00	0.00	0.00	0.00	34.00	33.00	42.00	0.00	48.00	54.00	40.00
	3195.86	0.00	27.00	0.00	35.00	3.00	43.00	40.00	0.00	0.00	0.00	34.00	35.00	42.00	0.00	48.00	54.00	40.00
	3195.87	0.00	27.00	0.00	34.00	3.00	43.00	39.00	0.00	0.00	0.00	34.00	33.00	42.00	0.00	48.00	54.00	40.00
	3195.88	0.00	27.00	0.00	35.00	3.00	43.00	40.00	0.00	0.00	0.00	34.00	35.00	42.00	0.00	48.00	54.00	40.00
	3195.89	0.00	27.00	0.00	34.00	4.00	44.00	40.00	0.00	0.00	0.00	34.00	33.00	42.00	0.00	48.00	54.00	40.00
	3195.90	0.00	27.00	0.00	34.00	4.00	43.00	39.00	0.00	0.00	0.00	34.00	35.00	42.00	0.00	48.00	54.00	40.00
	3195.91	0.00	27.00	0.00	33.00	2.00	43.00	40.00	0.00	0.00	0.00	34.00	35.00	42.00	0.00	48.00	54.00	40.00
	3195.92	0.00	27.00	0.00	34.00	2.00	43.00	40.00	0.00	0.00	0.00	34.00	33.00	42.00	0.00	48.00	54.00	40.00
	3195.93	0.00	27.00	0.00	35.00	2.00	43.00	40.00	0.00	0.00	0.00	34.00	33.00	42.00	0.00	48.00	54.00	40.00
	3195.94	0.00	27.00	0.00	34.00	2.00	43.00	40.00	0.00	0.00	0.00	33.00	33.00	42.00	0.00	48.00	54.00	40.00
	3195.95	0.00	27.00	0.00	34.00	4.00	43.00	40.00	0.00	0.00	0.00	34.00	35.00	42.00	0.00	48.00	54.00	40.00
	3195.96	0.00	27.00	0.00	34.00	4.00	43.00	39.00	0.00	0.00	0.00	34.00	35.00	42.00	0.00	48.00	54.00	40.00
	3195.96	0.00	27.00	0.00	33.00	2.00	43.00	39.00	0.00	0.00	0.00	34.00	33.00	42.00	0.00	48.00	54.00	40.00
	3195.97	0.00	27.00	0.00	35.00	2.00	43.00	40.00	0.00	0.00	0.00	34.00	35.00	42.00	0.00	48.00	54.00	39.00
	3195.98	0.00	27.00	0.00	35.00	2.00	43.00	40.00	0.00	0.00	0.00	34.00	33.00	42.00	0.00	48.00	53.00	39.00
	3195.99	0.00	27.00	0.00	34.00	4.00	43.00	40.00	0.00	0.00	0.00	34.00	33.00	42.00	0.00	48.00	54.00	40.00
	3196.00	0.00	27.00	0.00	34.00	4.00	43.00	40.00	0.00	0.00	0.00	34.00	35.00	42.00	0.00	48.00	54.00	40.00
	3196.01	0.00	27.00	0.00	34.00	2.00	43.00	40.00	0.00	0.00	0.00	34.00	33.00	42.00	0.00	48.00	54.00	39.00
	3196.02	0.00	27.00	0.00	33.00	3.00	43.00	40.00	0.00	0.00	0.00	34.00	33.00	42.00	0.00	48.00	54.00	40.00
	3196.03	0.00	27.00	0.00	32.00	3.00	43.00	40.00	0.00	0.00	0.00	34.00	35.00	42.00	0.00	48.00	53.00	40.00
	3196.04	0.00	27.00	0.00	33.00	3.00	43.00	40.00	0.00	0.00	0.00	34.00	35.00	42.00	0.00	48.00	54.00	40.00
	3196.05	0.00	27.00	0.00	34.00	3.00	43.00	40.00	0.00	0.00	0.00	34.00	35.00	42.00	0.00	48.00	54.00	40.00
	3196.06	0.00	27.00	0.00	33.00	2.00	43.00	40.00	0.00	0.00	0.00	34.00	33.00	42.00	0.00	48.00	54.00	40.00
	3196.07	0.00	27.00	0.00	34.00	4.00	43.00	40.00	0.00	0.00	0.00	34.00	35.00	42.00	0.00	48.00	54.00	40.00
	3196.08	0.00	26.00	0.00	33.00	2.00	43.00	40.00	0.00	0.00	0.00	34.00	33.00	42.00	0.00	48.00	54.00	40.00
	3196.09	0.00	27.00	0.00	33.00	4.00	43.00	40.00	0.00	0.00	0.00	34.00	34.00	42.00	0.00	48.00	54.00	40.00
	3196.09	0.00	27.00	0.00	34.00	3.00	43.00	39.00	0.00	0.00	0.00	33.00	35.00	42.00	0.00	48.00	54.00	40.00
	3196.10	0.00	27.00	0.00	34.00	3.00	43.00	39.00	0.00	0.00	0.00	34.00	35.00	42.00	0.00	48.00	54.00	40.00
	3196.11	0.00	27.00	0.00	34.00	2.00	43.00	40.00	0.00	0.00	0.00	34.00	33.00	42.00	0.00	48.00	53.00	40.00
	3196.12	0.00	27.00	0.00	34.00	3.00	43.00	40.00	0.00	0.00	0.00	34.00	35.00	42.00	0.00	48.00	53.00	40.00
	3196.13	0.00	27.00	0.00	33.00	3.00	43.00	40.00	0.00	0.00	0.00	34.00	35.00	42.00	0.00	48.00	54.00	39.00
	3196.14	0.00	27.00	0.00	34.00	2.00	43.00	40.00	0.00	0.00	0.00	34.00	33.00	42.00	0.00	48.00	54.00	40.00
	3196.15	0.00	27.00	0.00	33.00	2.00	43.00	40.00	0.00	0.00	0.00	34.00	35.00	42.00	0.00	48.00	54.00	40.00
	3196.16	0.00	27.00	0.00	34.00	2.00	43.00	40.00	0.00	0.00	0.00	34.00	33.00	41.00	0.00	48.00	54.00	40.00
	3196.17	0.00	27.00	0.00	34.00	2.00	43.00	40.00	0.00	0.00	0.00	34.00	35.00	42.00	0.00	48.00	54.00	40.00
	3196.18	0.00	27.00	0.00	34.00	2.00	43.00	40.00	0.00	0.00	0.00	34.00	34.00	42.00	0.00	48.00	54.00	40.00
	3196.19	0.00	27.00	0.00	33.00	2.00	43.00	40.00	0.00	0.00	0.00	34.00	34.00	42.00	0.00	48.00	54.00	40.00
	3196.20	0.00	27.00	0.00	35.00	3.00	43.00	40.00	0.00	0.00	0.00	34.00	33.00	42.00	0.00	48.00	53.00	40.00
	3196.21	0.00	27.00	0.00	34.00	4.00	42.00	39.00	0.00	0.00	0.00	34.00	34.00	42.00	0.00	48.00	54.00	40.00
	3196.22	0.00	27.00	0.00	34.00	2.00	43.00	40.00	0.00	0.00	0.00	34.00	34.00	42.00	0.00	48.00	54.00	40.00
	3196.22	0.00	27.00	0.00	34.00	2.00	43.00	40.00	0.00	0.00	0.00	33.00	34.00	42.00	0.00	48.00	54.00	40.00
	3196.23	0.00	27.00	0.00	33.00	3.00	43.00	40.00	0.00	0.00	0.00	34.00	35.00	42.00	0.00	48.00	53.00	40.00
	3196.24	0.00	28.00	0.00	33.00	2.00	43.00	40.00	0.00	0.00	0.00	34.00	33.00	42.00	0.00	48.00	54.00	40.00
	3196.25	0.00	27.00	0.00	34.00	4.00	43.00	40.00	0.00	0.00	0.00	34.00	35.00	42.00	0.00	48.00	54.00	40.00
	3196.26	0.00	27.00	0.00	34.00	4.00	43.00	39.00	0.00	0.00	0.00	34.00	35.00	42.00	0.00	48.00	53.00	40.00
	3196.27	0.00	28.00	0.00	35.00	3.00	43.00	39.00	0.00	0.00	0.00	34.00	35.00	42.00	0.00	48.00	53.00	40.00
	3196.28	0.00	28.00	0.00	35.00	4.00	43.00	40.00	0.00	0.00	0.00	34.00	33.00	42.00	0.00	48.00	54.00	40.00
	3196.29	0.00	28.00	0.00	34.00	2.00	43.00	40.00	0.00	0.00	0.00	34.00	33.00	41.00	0.00	48.00	54.00	40.00
	3196.30	0.00	28.00	0.00	35.00	4.00	43.00	40.00	0.00	0.00	0.00	34.00	35.00	42.00	0.00	48.00	54.00	40.00
	3196.31	0.00	28.00	0.00	34.00	4.00	43.00	40.00	0.00	0.00	0.00	34.00	33.00	42.00	0.00	48.00	53.00	40.00
	3196.32	0.00	28.00	0.00	34.00	3.00	43.00	40.00	0.00	0.00	0.00	34.00	35.00	42.00	0.00	48.00	54.00	40.00
	3196.33	0.00	28.00	0.00	34.00	3.00	43.00	40.00	0.00	0.00	0.00	34.00	33.00	42.00	0.00	48.00	54.00	40.00
	3196.34	0.00	28.00	0.00	34.00	2.00	43.00	40.00	0.00	0.00	0.00	34.00	35.00	42.00	0.00	48.00	54.00	40.00
	3196.35	0.00	28.00	0.00	34.00	2.00	43.00	40.00	0.00	0.00	0.00	34.00	33.00	42.00	0.00	48.00	54.00	40.00
	3196.35	0.00	28.00	0.00	34.00	4.00	43.00	40.00	0.00	0.00	0.00	33.00	33.00	42.00	0.00	48.00	54.00	40.00
	3196.36	0.00	28.00	0.00	34.00	3.00	43.00	40.00	0.00	0.00	0.00	34.00	35.00	42.00	0.00	48.00	54.00	40.00
	3196.37	0.00	28.00	0.00	34.00	3.00	43.00	39.00	0.00	0.00	0.00	34.00	35.00	42.00	0.00	48.00	54.00	40.00
	3196.38	0.00	28.00	0.00	34.00	4.00	43.00	40.00	0.00	0.00	0.00	33.00	33.00	42.00	0.00	48.00	53.00	40.00
	3196.39	0.00	28.00	0.00	34.00	4.00	43.00	40.00	0.00	0.00	0.00	34.00	33.00	42.00	0.00	48.00	54.00	40.00
	3196.40	0.00	28.00	0.00	35.00	5.00	43.00	40.00	0.00	0.00	0.00	34.00	35.00	42.00	0.00	48.00	54.00	40.00
	3196.41	0.00	28.00	0.00	34.00	4.00	43.00	40.00	0.00	0.00	0.00	34.00	35.00	42.00	0.00	48.00	54.00	40.00
	3196.42	0.00	28.00	0.00	34.00	3.00	43.00	40.00	0.00	0.00	0.00	34.00	35.00	42.00	0.00	48.00	54.00	40.00
	3196.43	0.00	28.00	0.00	34.00	3.00	43.00	40.00	0.00	0.00	0.00	34.00	35.00	42.00	0.00	48.00	54.00	40.00
	3196.44	0.00	28.00	0.00	34.00	2.00	43.00	40.00	0.00	0.00	0.00	34.00	33.00	42.00	0.00	48.00	54.00	40.00
	3196.45	0.00	28.00	0.00	35.00	4.00	43.00	40.00	0.00	0.00	0.00	34.00	33.00	42.00	0.00	48.00	53.00	40.00
	3196.46	0.00	28.00	0.00	34.00	3.00	43.00	40.00	0.00	0.00	0.00	34.00	33.00	42.00	0.00	48.00	54.00	40.00
	3196.47	0.00	28.00	0.00	34.00	3.00	43.00	40.00	0.00	0.00	0.00	34.00	35.00	42.00	0.00	48.00	54.00	40.00
	3196.48	0.00	28.00	0.00	34.00	3.00	43.00	40.00	0.00	0.00	0.00	34.00	35.00	42.00	0.00	48.00	54.00	40.00
	3196.48	0.00	28.00	0.00	34.00	3.00	43.00	39.00	0.00	0.00	0.00	34.00	35.00	42.00	0.00	48.00	54.00	40.00
	3196.49	0.00	28.00	0.00	35.00	3.00	43.00	40.00	0.00	0.00	0.00	34.00	33.00	42.00	0.00	48.00	54.00	39.00
	3196.50	0.00	28.00	0.00	35.00	5.00	43.00	39.00	0.00	0.00	0.00	34.00	35.00	42.00	0.00	48.00	54.00	40.00
	3196.51	0.00	28.00	0.00	34.00	2.00	43.00	40.00	0.00	0.00	0.00	34.00	35.00	42.00	0.00	48.00	54.00	39.00
	3196.52	0.00	28.00	0.00	34.00	4.00	43.00	40.00	0.00	0.00	0.00	34.00	33.00	42.00	0.00	48.00	53.00	40.00
	3196.53	0.00	28.00	0.00	34.00	4.00	43.00	40.00	0.00	0.00	0.00	34.00	33.00	42.00	0.00	48.00	54.00	40.00
	3196.54	0.00	28.00	0.00	35.00	4.00	43.00	40.00	0.00	0.00	0.00	34.00	35.00	42.00	0.00	48.00	54.00	40.00
	3196.55	0.00	28.00	0.00	35.00	5.00	43.00	40.00	0.00	0.00	0.00	34.00	33.00	42.00	0.00	48.00	54.00	40.00
	3196.56	0.00	28.00	0.00	35.00	4.00	43.00	40.00	0.00	0.00	0.00	34.00	33.00	42.00	0.00	48.00	54.00	40.00
	3196.57	0.00	28.00	0.00	34.00	3.00	43.00	40.00	0.00	0.00	0.00	34.00	33.00	42.00	0.00	48.00	54.00	40.00
	3196.58	0.00	28.00	0.00	34.00	3.00	43.00	40.00	0.00	0.00	0.00	34.00	35.00	42.00	0.00	48.00	54.00	40.00
	3196.59	0.00	28.00	0.00	35.00	3.00	43.00	39.00	0.00	0.00	0.00	33.00	35.00	42.00	0.00	48.00	54.00	40.00
	3196.60	0.00	28.00	0.00	35.00	5.00	43.00	40.00	0.00	0.00	0.00	34.00	35.00	42.00	0.00	48.00	53.00	40.00
	3196.61	0.00	27.00	0.00	34.00	3.00	43.00	39.00	0.00	0.00	0.00	34.00	33.00	42.00	0.00	48.00	54.00	40.00
	3196.61	0.00	28.00	0.00	34.00	3.00	43.00	40.00	0.00	0.00	0.00	34.00	35.00	42.00	0.00	48.00	54.00	40.00
	3196.62	0.00	28.00	0.00	34.00	5.00	43.00	39.00	0.00	0.00	0.00	34.00	33.00	42.00	0.00	48.00	53.00	40.00
	3196.63	0.00	28.00	0.00	34.00	5.00	43.00	40.00	0.00	0.00	0.00	34.00	35.00	42.00	0.00	48.00	52.00	40.00
	3196.64	0.00	28.00	0.00	34.00	4.00	43.00	40.00	0.00	0.00	0.00	34.00	35.00	42.00	0.00	48.00	52.00	40.00
	3196.65	0.00	28.00	0.00	34.00	5.00	43.00	39.00	0.00	0.00	0.00	34.00	33.00	42.00	0.00	48.00	53.00	40.00
	3196.66	0.00	28.00	0.00	34.00	5.00	43.00	40.00	0.00	0.00	0.00	34.00	35.00	42.00	0.00	48.00	54.00	40.00
	3196.67	0.00	28.00	0.00	34.00	3.00	43.00	39.00	0.00	0.00	0.00	34.00	34.00	42.00	0.00	48.00	54.00	40.00
	3196.68	0.00	28.00	0.00	35.00	5.00	43.00	40.00	0.00	0.00	0.00	34.00	33.00	42.00	0.00	48.00	54.00	40.00
	3196.69	0.00	28.00	0.00	35.00	5.00	43.00	40.00	0.00	0.00	0.00	34.00	34.00	42.00	0.00	48.00	54.00	40.00
	3196.70	0.00	28.00	0.00	35.00	4.00	43.00	40.00	0.00	0.00	0.00	33.00	33.00	42.00	0.00	48.00	53.00	40.00
	3196.71	0.00	28.00	0.00	34.00	5.00	43.00	40.00	0.00	0.00	0.00	34.00	35.00	42.00	0.00	48.00	54.00	40.00
	3196.72	0.00	28.00	0.00	34.00	3.00	43.00	39.00	0.00	0.00	0.00	34.00	35.00	42.00	0.00	48.00	54.00	40.00
	3196.73	0.00	28.00	0.00	34.00	5.00	43.00	40.00	0.00	0.00	0.00	34.00	35.00	42.00	0.00	48.00	54.00	40.00
	3196.74	0.00	28.00	0.00	34.00	3.00	43.00	40.00	0.00	0.00	0.00	34.00	33.00	42.00	0.00	48.00	54.00	40.00
	3196.75	0.00	28.00	0.00	34.00	3.00	43.00	40.00	0.00	0.00	0.00	34.00	33.00	42.00	0.00	48.00	54.00	40.00
	3196.75	0.00	28.00	0.00	35.00	3.00	43.00	40.00	0.00	0.00	0.00	33.00	35.00	42.00	0.00	48.00	54.00	39.00
	3196.76	0.00	28.00	0.00	36.00	3.00	43.00	40.00	0.00	0.00	0.00	34.00	35.00	42.00	0.00	48.00	54.00	39.00
	3196.77	0.00	28.00	0.00	34.00	5.00	43.00	39.00	0.00	0.00	0.00	34.00	33.00	42.00	0.00	48.00	54.00	40.00
	3196.78	0.00	28.00	0.00	35.00	4.00	43.00	40.00	0.00	0.00	0.00	34.00	35.00	42.00	0.00	48.00	53.00	40.00
	3196.79	0.00	28.00	0.00	35.00	3.00	43.00	40.00	0.00	0.00	0.00	34.00	33.00	42.00	0.00	48.00	54.00	39.00
	3196.80	0.00	28.00	0.00	34.00	4.00	43.00	40.00	0.00	0.00	0.00	34.00	35.00	42.00	0.00	48.00	53.00	40.00
	3196.81	0.00	28.00	0.00	35.00	5.00	43.00	39.00	0.00	0.00	0.00	34.00	33.00	42.00	0.00	48.00	54.00	40.00
	3196.82	0.00	28.00	0.00	34.00	3.00	43.00	40.00	0.00	0.00	0.00	34.00	34.00	42.00	0.00	48.00	54.00	40.00
	3196.83	0.00	28.00	0.00	35.00	5.00	43.00	40.00	0.00	0.00	0.00	34.00	35.00	42.00	0.00	48.00	54.00	40.00
	3196.84	0.00	28.00	0.00	34.00	4.00	43.00	40.00	0.00	0.00	0.00	34.00	35.00	42.00	0.00	48.00	54.00	40.00
	3196.85	0.00	28.00	0.00	35.00	5.00	43.00	39.00	0.00	0.00	0.00	34.00	35.00	42.00	0.00	48.00	54.00	40.00
	3196.86	0.00	28.00	0.00	35.00	5.00	43.00	40.00	0.00	0.00	0.00	34.00	33.00	42.00	0.00	48.00	54.00	40.00
	3196.87	0.00	28.00	0.00	34.00	4.00	43.00	40.00	0.00	0.00	0.00	34.00	33.00	42.00	0.00	48.00	54.00	40.00
	3196.87	0.00	28.00	0.00	34.00	5.00	43.00	40.00	0.00	0.00	0.00	34.00	33.00	42.00	0.00	48.00	54.00	40.00
	3196.88	0.00	28.00	0.00	35.00	6.00	43.00	40.00	0.00	0.00	0.00	34.00	33.00	42.00	0.00	49.00	54.00	40.00
	3196.89	0.00	28.00	0.00	35.00	6.00	43.00	39.00	0.00	0.00	0.00	34.00	35.00	42.00	0.00	48.00	54.00	40.00
	3196.90	0.00	28.00	0.00	35.00	6.00	43.00	40.00	0.00	0.00	0.00	34.00	33.00	42.00	0.00	48.00	54.00	40.00
	3196.91	0.00	28.00	0.00	35.00	6.00	43.00	39.00	0.00	0.00	0.00	34.00	33.00	42.00	0.00	48.00	54.00	40.00
	3196.92	0.00	28.00	0.00	34.00	5.00	43.00	40.00	0.00	0.00	0.00	34.00	33.00	42.00	0.00	48.00	53.00	40.00
	3196.93	0.00	28.00	0.00	35.00	5.00	43.00	39.00	0.00	0.00	0.00	34.00	33.00	42.00	0.00	48.00	54.00	40.00
	3196.94	0.00	28.00	0.00	35.00	5.00	43.00	39.00	0.00	0.00	0.00	34.00	35.00	42.00	0.00	48.00	54.00	40.00
	3196.95	0.00	28.00	0.00	36.00	3.00	43.00	40.00	0.00	0.00	0.00	34.00	33.00	42.00	0.00	48.00	53.00	39.00
	3196.96	0.00	28.00	0.00	35.00	5.00	43.00	40.00	0.00	0.00	0.00	34.00	34.00	42.00	0.00	48.00	54.00	40.00
	3196.97	0.00	28.00	0.00	35.00	5.00	43.00	39.00	0.00	0.00	0.00	34.00	33.00	42.00	0.00	48.00	54.00	40.00
	3196.98	0.00	28.00	0.00	34.00	3.00	43.00	40.00	0.00	0.00	0.00	34.00	33.00	42.00	0.00	48.00	54.00	40.00
	3196.99	0.00	28.00	0.00	35.00	5.00	43.00	40.00	0.00	0.00	0.00	34.00	35.00	42.00	0.00	48.00	54.00	40.00
	3197.00	0.00	28.00	0.00	35.00	5.00	43.00	40.00	0.00	0.00	0.00	34.00	35.00	42.00	0.00	48.00	54.00	40.00
	3197.00	0.00	28.00	0.00	35.00	5.00	43.00	39.00	0.00	0.00	0.00	34.00	33.00	42.00	0.00	48.00	54.00	40.00
	3197.01	0.00	28.00	0.00	35.00	4.00	43.00	40.00	0.00	0.00	0.00	34.00	35.00	42.00	0.00	49.00	54.00	40.00
	3197.02	0.00	28.00	0.00	34.00	5.00	43.00	40.00	0.00	0.00	0.00	34.00	35.00	42.00	0.00	48.00	54.00	40.00
	3197.03	0.00	28.00	0.00	34.00	5.00	43.00	40.00	0.00	0.00	0.00	34.00	35.00	42.00	0.00	48.00	54.00	40.00
	3197.04	0.00	28.00	0.00	34.00	6.00	43.00	39.00	0.00	0.00	0.00	34.00	33.00	42.00	0.00	48.00	53.00	40.00
	3197.05	0.00	28.00	0.00	34.00	6.00	43.00	40.00	0.00	0.00	0.00	34.00	33.00	42.00	0.00	48.00	53.00	40.00
	3197.06	0.00	28.00	0.00	34.00	6.00	43.00	40.00	0.00	0.00	0.00	33.00	33.00	42.00	0.00	48.00	54.00	40.00
	3197.07	0.00	28.00	0.00	35.00	5.00	43.00	40.00	0.00	0.00	0.00	34.00	33.00	42.00	0.00	48.00	54.00	39.00
	3197.08	0.00	28.00	0.00	35.00	4.00	43.00	40.00	0.00	0.00	0.00	34.00	35.00	42.00	0.00	48.00	53.00	39.00
	3197.09	0.00	28.00	0.00	35.00	5.00	43.00	40.00	0.00	0.00	0.00	34.00	35.00	42.00	0.00	48.00	54.00	39.00
	3197.10	0.00	28.00	0.00	35.00	5.00	43.00	40.00	0.00	0.00	0.00	34.00	33.00	42.00	0.00	49.00	54.00	39.00
	3197.11	0.00	28.00	0.00	35.00	4.00	43.00	40.00	0.00	0.00	0.00	34.00	33.00	42.00	0.00	48.00	54.00	41.00
	3197.12	0.00	28.00	0.00	35.00	5.00	43.00	40.00	0.00	0.00	0.00	34.00	35.00	42.00	0.00	48.00	54.00	40.00
	3197.13	0.00	28.00	0.00	35.00	5.00	43.00	40.00	0.00	0.00	0.00	34.00	33.00	42.00	0.00	49.00	54.00	40.00
	3197.13	0.00	28.00	0.00	35.00	6.00	43.00	40.00	0.00	0.00	0.00	34.00	35.00	42.00	0.00	48.00	53.00	40.00
	3197.14	0.00	28.00	0.00	35.00	4.00	43.00	40.00	0.00	0.00	0.00	34.00	33.00	42.00	0.00	48.00	54.00	40.00
	3197.15	0.00	28.00	0.00	35.00	4.00	43.00	40.00	0.00	0.00	0.00	34.00	35.00	42.00	0.00	48.00	54.00	40.00
	3197.16	0.00	28.00	0.00	35.00	4.00	43.00	40.00	0.00	0.00	0.00	34.00	35.00	42.00	0.00	48.00	54.00	40.00
	3197.17	0.00	28.00	0.00	35.00	4.00	43.00	40.00	0.00	0.00	0.00	34.00	35.00	42.00	0.00	48.00	54.00	40.00
	3197.18	0.00	28.00	0.00	34.00	4.00	43.00	40.00	0.00	0.00	0.00	34.00	33.00	42.00	0.00	48.00	54.00	40.00
	3197.19	0.00	28.00	0.00	34.00	4.00	43.00	40.00	0.00	0.00	0.00	34.00	35.00	42.00	0.00	48.00	54.00	40.00
	3197.20	0.00	28.00	0.00	34.00	4.00	43.00	40.00	0.00	0.00	0.00	32.00	33.00	42.00	0.00	48.00	54.00	40.00
	3197.21	0.00	28.00	0.00	35.00	5.00	43.00	39.00	0.00	0.00	0.00	33.00	35.00	42.00	0.00	49.00	54.00	40.00
	3197.22	0.00	28.00	0.00	34.00	5.00	43.00	39.00	0.00	0.00	0.00	34.00	33.00	42.00	0.00	48.00	53.00	40.00
	3197.23	0.00	28.00	0.00	34.00	5.00	43.00	40.00	0.00	0.00	0.00	34.00	35.00	42.00	0.00	48.00	53.00	40.00
	3197.24	0.00	28.00	0.00	34.00	5.00	43.00	40.00	0.00	0.00	0.00	34.00	33.00	42.00	0.00	48.00	53.00	40.00
	3197.25	0.00	28.00	0.00	34.00	5.00	43.00	40.00	0.00	0.00	0.00	34.00	35.00	42.00	0.00	48.00	54.00	40.00
	3197.26	0.00	28.00	0.00	34.00	4.00	43.00	40.00	0.00	0.00	0.00	34.00	34.00	42.00	0.00	48.00	54.00	40.00
	3197.26	0.00	28.00	0.00	34.00	5.00	43.00	40.00	0.00	0.00	0.00	34.00	33.00	42.00	0.00	48.00	54.00	40.00
	3197.27	0.00	28.00	0.00	34.00	4.00	43.00	40.00	0.00	0.00	0.00	34.00	33.00	42.00	0.00	48.00	54.00	40.00
	3197.28	0.00	28.00	0.00	34.00	4.00	43.00	40.00	0.00	0.00	0.00	34.00	35.00	42.00	0.00	48.00	54.00	40.00
	3197.29	0.00	28.00	0.00	35.00	5.00	43.00	40.00	0.00	0.00	0.00	34.00	35.00	42.00	0.00	48.00	53.00	40.00
	3197.30	0.00	28.00	0.00	35.00	5.00	43.00	40.00	0.00	0.00	0.00	34.00	35.00	42.00	0.00	48.00	54.00	40.00
	3197.31	0.00	28.00	0.00	34.00	6.00	43.00	40.00	0.00	0.00	0.00	34.00	33.00	42.00	0.00	48.00	54.00	40.00
	3197.32	0.00	28.00	0.00	34.00	4.00	43.00	40.00	0.00	0.00	0.00	34.00	35.00	42.00	0.00	48.00	54.00	40.00
	3197.33	0.00	28.00	0.00	34.00	6.00	43.00	40.00	0.00	0.00	0.00	34.00	35.00	42.00	0.00	48.00	54.00	40.00
	3197.34	0.00	28.00	0.00	34.00	4.00	43.00	39.00	0.00	0.00	0.00	34.00	33.00	42.00	0.00	48.00	54.00	40.00
	3197.35	0.00	28.00	0.00	34.00	5.00	43.00	40.00	0.00	0.00	0.00	34.00	33.00	42.00	0.00	48.00	53.00	40.00
	3197.36	0.00	28.00	0.00	34.00	5.00	43.00	40.00	0.00	0.00	0.00	34.00	35.00	42.00	0.00	48.00	54.00	40.00
	3197.37	0.00	28.00	0.00	34.00	5.00	43.00	40.00	0.00	0.00	0.00	34.00	33.00	42.00	0.00	48.00	54.00	40.00
	3197.38	0.00	28.00	0.00	34.00	4.00	43.00	40.00	0.00	0.00	0.00	34.00	33.00	42.00	0.00	48.00	54.00	40.00
	3197.39	0.00	28.00	0.00	34.00	4.00	43.00	40.00	0.00	0.00	0.00	34.00	35.00	42.00	0.00	48.00	54.00	40.00
	3197.39	0.00	28.00	0.00	34.00	5.00	43.00	40.00	0.00	0.00	0.00	34.00	33.00	41.00	0.00	48.00	54.00	40.00
	3197.40	0.00	28.00	0.00	35.00	6.00	43.00	40.00	0.00	0.00	0.00	34.00	35.00	42.00	0.00	48.00	54.00	40.00
	3197.41	0.00	28.00	0.00	34.00	6.00	43.00	40.00	0.00	0.00	0.00	34.00	35.00	42.00	0.00	48.00	54.00	40.00
	3197.42	0.00	28.00	0.00	34.00	4.00	43.00	40.00	0.00	0.00	0.00	34.00	35.00	42.00	0.00	48.00	54.00	40.00
	3197.43	0.00	28.00	0.00	34.00	5.00	43.00	40.00	0.00	0.00	0.00	33.00	33.00	42.00	0.00	48.00	54.00	40.00
	3197.44	0.00	28.00	0.00	34.00	4.00	43.00	40.00	0.00	0.00	0.00	34.00	35.00	42.00	0.00	48.00	54.00	40.00
	3197.45	0.00	28.00	0.00	35.00	6.00	43.00	40.00	0.00	0.00	0.00	34.00	33.00	42.00	0.00	48.00	54.00	40.00
	3197.46	0.00	28.00	0.00	35.00	5.00	43.00	40.00	0.00	0.00	0.00	34.00	35.00	42.00	0.00	48.00	54.00	40.00
	3197.47	0.00	28.00	0.00	34.00	5.00	43.00	39.00	0.00	0.00	0.00	34.00	35.00	42.00	0.00	48.00	52.00	40.00
	3197.48	0.00	28.00	0.00	34.00	5.00	43.00	40.00	0.00	0.00	0.00	34.00	35.00	42.00	0.00	48.00	52.00	40.00
	3197.49	0.00	28.00	0.00	34.00	6.00	43.00	40.00	0.00	0.00	0.00	33.00	33.00	42.00	0.00	48.00	54.00	40.00
	3197.50	0.00	28.00	0.00	34.00	6.00	43.00	40.00	0.00	0.00	0.00	34.00	35.00	42.00	0.00	48.00	54.00	40.00
	3197.51	0.00	28.00	0.00	35.00	4.00	43.00	40.00	0.00	0.00	0.00	34.00	35.00	42.00	0.00	48.00	52.00	39.00
	3197.52	0.00	28.00	0.00	34.00	4.00	43.00	40.00	0.00	0.00	0.00	34.00	33.00	42.00	0.00	48.00	54.00	40.00
	3197.53	0.00	28.00	0.00	34.00	6.00	43.00	40.00	0.00	0.00	0.00	34.00	34.00	42.00	0.00	48.00	54.00	40.00
	3197.53	1.00	28.00	0.00	34.00	6.00	43.00	40.00	0.00	0.00	0.00	34.00	35.00	40.00	0.00	48.00	54.00	40.00
	3197.54	1.00	28.00	0.00	34.00	4.00	43.00	40.00	0.00	0.00	0.00	34.00	35.00	42.00	0.00	48.00	53.00	40.00
	3197.55	1.00	28.00	0.00	35.00	6.00	43.00	39.00	0.00	0.00	0.00	34.00	35.00	42.00	0.00	48.00	54.00	40.00
	3197.56	1.00	28.00	0.00	35.00	4.00	43.00	39.00	0.00	0.00	0.00	34.00	33.00	42.00	0.00	48.00	53.00	40.00
	3197.57	1.00	28.00	0.00	34.00	4.00	43.00	40.00	0.00	0.00	0.00	34.00	34.00	42.00	0.00	48.00	53.00	40.00
	3197.58	1.00	27.00	0.00	36.00	4.00	43.00	39.00	0.00	0.00	0.00	34.00	35.00	42.00	0.00	48.00	54.00	40.00
	3197.59	1.00	27.00	0.00	35.00	5.00	43.00	39.00	0.00	0.00	0.00	34.00	34.00	42.00	0.00	48.00	53.00	40.00
	3197.60	1.00	28.00	0.00	35.00	5.00	43.00	40.00	0.00	0.00	0.00	34.00	33.00	42.00	0.00	48.00	54.00	40.00
	3197.61	1.00	28.00	0.00	34.00	5.00	43.00	40.00	0.00	0.00	0.00	33.00	33.00	42.00	0.00	48.00	53.00	40.00
	3197.62	1.00	28.00	0.00	34.00	5.00	43.00	39.00	0.00	0.00	0.00	34.00	35.00	42.00	0.00	48.00	53.00	40.00
	3197.63	1.00	28.00	0.00	35.00	7.00	43.00	39.00	0.00	0.00	0.00	34.00	33.00	42.00	0.00	48.00	54.00	40.00
	3197.64	1.00	28.00	0.00	34.00	4.00	43.00	40.00	0.00	0.00	0.00	33.00	33.00	42.00	0.00	48.00	53.00	40.00
	3197.65	1.00	28.00	0.00	34.00	4.00	43.00	40.00	0.00	0.00	0.00	34.00	35.00	41.00	0.00	48.00	53.00	40.00
	3197.66	1.00	28.00	0.00	34.00	5.00	43.00	40.00	0.00	0.00	0.00	34.00	35.00	42.00	0.00	48.00	54.00	40.00
	3197.66	1.00	28.00	0.00	34.00	6.00	43.00	40.00	0.00	0.00	0.00	34.00	35.00	42.00	0.00	48.00	54.00	40.00
	3197.67	1.00	28.00	0.00	35.00	3.00	43.00	39.00	0.00	0.00	0.00	34.00	35.00	42.00	0.00	48.00	53.00	40.00
	3197.68	1.00	28.00	0.00	35.00	4.00	43.00	39.00	0.00	0.00	0.00	34.00	35.00	42.00	0.00	48.00	53.00	40.00
	3197.69	1.00	28.00	0.00	36.00	4.00	43.00	39.00	0.00	0.00	0.00	34.00	33.00	42.00	0.00	48.00	53.00	40.00
	3197.70	1.00	28.00	0.00	35.00	4.00	43.00	39.00	0.00	0.00	0.00	32.00	33.00	42.00	0.00	48.00	53.00	40.00
	3197.71	1.00	28.00	0.00	34.00	5.00	43.00	40.00	0.00	0.00	0.00	34.00	33.00	42.00	0.00	48.00	54.00	40.00
	3197.72	1.00	28.00	0.00	34.00	4.00	43.00	39.00	0.00	0.00	0.00	34.00	35.00	42.00	0.00	48.00	53.00	40.00
	3197.73	1.00	28.00	0.00	34.00	4.00	43.00	39.00	0.00	0.00	0.00	34.00	35.00	42.00	0.00	48.00	53.00	40.00
	3197.74	1.00	28.00	0.00	34.00	3.00	43.00	40.00	0.00	0.00	0.00	34.00	33.00	42.00	0.00	48.00	53.00	40.00
	3197.75	1.00	28.00	0.00	36.00	3.00	43.00	39.00	0.00	0.00	0.00	34.00	35.00	42.00	0.00	48.00	53.00	40.00
	3197.76	1.00	28.00	0.00	34.00	3.00	43.00	40.00	0.00	0.00	0.00	34.00	35.00	42.00	0.00	48.00	54.00	40.00
	3197.77	0.00	28.00	0.00	35.00	3.00	43.00	39.00	0.00	0.00	0.00	34.00	35.00	42.00	0.00	48.00	53.00	40.00
	3197.78	0.00	28.00	0.00	34.00	3.00	43.00	40.00	0.00	0.00	0.00	33.00	35.00	42.00	0.00	48.00	54.00	40.00
	3197.79	0.00	27.00	0.00	34.00	4.00	43.00	40.00	0.00	0.00	0.00	34.00	35.00	42.00	0.00	48.00	54.00	40.00
	3197.79	0.00	27.00	0.00	34.00	6.00	43.00	40.00	0.00	0.00	0.00	34.00	35.00	42.00	0.00	48.00	54.00	40.00
	3197.80	0.00	27.00	0.00	35.00	5.00	43.00	40.00	0.00	0.00	0.00	34.00	33.00	42.00	0.00	48.00	54.00	40.00
	3197.81	0.00	27.00	0.00	34.00	4.00	43.00	40.00	0.00	0.00	0.00	33.00	35.00	42.00	0.00	48.00	54.00	40.00
	3197.82	0.00	27.00	0.00	35.00	5.00	43.00	40.00	0.00	0.00	0.00	34.00	33.00	42.00	0.00	48.00	53.00	40.00
	3197.83	0.00	27.00	0.00	34.00	5.00	43.00	40.00	0.00	0.00	0.00	34.00	35.00	42.00	0.00	48.00	54.00	40.00
	3197.84	0.00	27.00	0.00	34.00	5.00	43.00	40.00	0.00	0.00	0.00	34.00	33.00	42.00	0.00	48.00	54.00	40.00
	3197.85	0.00	27.00	0.00	35.00	4.00	43.00	40.00	0.00	0.00	0.00	34.00	35.00	42.00	0.00	48.00	53.00	39.00
	3197.86	0.00	27.00	0.00	34.00	6.00	43.00	39.00	0.00	0.00	0.00	34.00	35.00	42.00	0.00	48.00	54.00	40.00
	3197.87	0.00	27.00	0.00	34.00	5.00	43.00	40.00	0.00	0.00	0.00	34.00	33.00	42.00	0.00	48.00	54.00	40.00
	3197.88	0.00	27.00	0.00	35.00	5.00	43.00	40.00	0.00	0.00	0.00	34.00	35.00	42.00	0.00	48.00	52.00	40.00
	3197.89	0.00	27.00	0.00	35.00	5.00	43.00	40.00	0.00	0.00	0.00	33.00	33.00	42.00	0.00	48.00	54.00	40.00
	3197.90	0.00	27.00	0.00	35.00	6.00	43.00	40.00	0.00	0.00	0.00	34.00	33.00	42.00	0.00	48.00	53.00	40.00
	3197.91	0.00	27.00	0.00	34.00	5.00	43.00	40.00	0.00	0.00	0.00	34.00	35.00	41.00	0.00	48.00	54.00	40.00
	3197.92	0.00	27.00	0.00	34.00	4.00	43.00	40.00	0.00	0.00	0.00	34.00	33.00	42.00	0.00	48.00	54.00	40.00
	3197.92	0.00	27.00	0.00	34.00	3.00	44.00	40.00	0.00	0.00	0.00	34.00	35.00	42.00	0.00	48.00	54.00	40.00
	3197.93	0.00	27.00	0.00	35.00	5.00	43.00	40.00	0.00	0.00	0.00	34.00	35.00	42.00	0.00	48.00	54.00	40.00
	3197.94	0.00	27.00	0.00	34.00	3.00	43.00	40.00	0.00	0.00	0.00	34.00	33.00	42.00	0.00	48.00	54.00	40.00
	3197.95	0.00	27.00	0.00	35.00	4.00	43.00	40.00	0.00	0.00	0.00	33.00	33.00	42.00	0.00	48.00	54.00	40.00
	3197.96	0.00	26.00	0.00	35.00	3.00	43.00	40.00	0.00	0.00	0.00	34.00	34.00	42.00	0.00	48.00	54.00	40.00
	3197.97	0.00	27.00	0.00	35.00	4.00	43.00	40.00	0.00	0.00	0.00	34.00	35.00	42.00	0.00	48.00	54.00	40.00
	3197.98	0.00	27.00	0.00	35.00	3.00	43.00	40.00	0.00	0.00	0.00	33.00	33.00	42.00	0.00	48.00	54.00	39.00
	3197.99	0.00	27.00	0.00	35.00	3.00	43.00	40.00	0.00	0.00	0.00	34.00	35.00	42.00	0.00	48.00	54.00	39.00
	3198.00	0.00	27.00	0.00	35.00	3.00	43.00	40.00	0.00	0.00	0.00	34.00	35.00	42.00	0.00	48.00	53.00	39.00
	3198.01	0.00	27.00	0.00	35.00	3.00	43.00	40.00	0.00	0.00	0.00	34.00	35.00	42.00	0.00	48.00	54.00	39.00
	3198.02	0.00	27.00	0.00	34.00	4.00	43.00	39.00	0.00	0.00	0.00	34.00	33.00	42.00	0.00	48.00	54.00	40.00
	3198.03	0.00	27.00	0.00	34.00	2.00	43.00	40.00	0.00	0.00	0.00	34.00	35.00	42.00	0.00	48.00	53.00	39.00
	3198.04	0.00	27.00	0.00	33.00	3.00	43.00	40.00	0.00	0.00	0.00	34.00	33.00	42.00	0.00	48.00	52.00	40.00
	3198.05	0.00	27.00	0.00	33.00	4.00	43.00	40.00	0.00	0.00	0.00	34.00	35.00	42.00	0.00	48.00	54.00	40.00
	3198.05	0.00	27.00	0.00	33.00	4.00	43.00	40.00	0.00	0.00	0.00	34.00	35.00	42.00	0.00	48.00	54.00	40.00
	3198.06	0.00	27.00	0.00	33.00	3.00	43.00	40.00	0.00	0.00	0.00	33.00	33.00	42.00	0.00	48.00	54.00	40.00
	3198.07	0.00	27.00	0.00	33.00	3.00	43.00	40.00	0.00	0.00	0.00	33.00	35.00	42.00	0.00	48.00	52.00	40.00
	3198.08	0.00	27.00	0.00	33.00	3.00	43.00	40.00	0.00	0.00	0.00	34.00	33.00	42.00	0.00	48.00	53.00	40.00
	3198.09	0.00	27.00	0.00	34.00	4.00	43.00	39.00	0.00	0.00	0.00	34.00	35.00	42.00	0.00	48.00	54.00	40.00
	3198.10	0.00	27.00	0.00	34.00	4.00	43.00	40.00	0.00	0.00	0.00	34.00	35.00	42.00	0.00	48.00	54.00	40.00
	3198.11	0.00	27.00	0.00	33.00	3.00	43.00	39.00	0.00	0.00	0.00	34.00	33.00	42.00	0.00	48.00	54.00	40.00
	3198.12	0.00	27.00	0.00	34.00	3.00	43.00	40.00	0.00	0.00	0.00	34.00	35.00	42.00	0.00	48.00	54.00	40.00
	3198.13	0.00	27.00	0.00	33.00	3.00	43.00	40.00	0.00	0.00	0.00	34.00	35.00	42.00	0.00	48.00	54.00	40.00
	3198.14	0.00	27.00	0.00	33.00	3.00	43.00	39.00	0.00	0.00	0.00	34.00	35.00	42.00	0.00	48.00	53.00	40.00
	3198.15	0.00	27.00	0.00	33.00	4.00	43.00	40.00	0.00	0.00	0.00	34.00	33.00	42.00	0.00	48.00	53.00	40.00
	3198.16	0.00	27.00	0.00	33.00	3.00	43.00	40.00	0.00	0.00	0.00	34.00	35.00	42.00	0.00	48.00	52.00	40.00
	3198.17	0.00	27.00	0.00	33.00	4.00	43.00	40.00	0.00	0.00	0.00	34.00	33.00	42.00	0.00	48.00	54.00	38.00
	3198.18	0.00	27.00	0.00	34.00	2.00	43.00	40.00	0.00	0.00	0.00	34.00	33.00	42.00	0.00	48.00	54.00	40.00
	3198.18	0.00	27.00	0.00	33.00	2.00	43.00	40.00	0.00	0.00	0.00	34.00	35.00	42.00	0.00	48.00	54.00	40.00
	3198.19	0.00	27.00	0.00	33.00	2.00	43.00	40.00	0.00	0.00	0.00	34.00	35.00	41.00	0.00	48.00	54.00	40.00
	3198.20	0.00	27.00	0.00	34.00	4.00	43.00	40.00	0.00	0.00	0.00	34.00	35.00	42.00	0.00	48.00	54.00	40.00
	3198.21	0.00	27.00	0.00	33.00	3.00	43.00	40.00	0.00	0.00	0.00	33.00	33.00	42.00	0.00	48.00	54.00	40.00
	3198.22	0.00	27.00	0.00	33.00	3.00	43.00	40.00	0.00	0.00	0.00	34.00	33.00	42.00	0.00	48.00	54.00	40.00
	3198.23	0.00	27.00	0.00	33.00	2.00	43.00	39.00	0.00	0.00	0.00	34.00	35.00	42.00	0.00	48.00	54.00	40.00
	3198.24	0.00	27.00	0.00	33.00	2.00	43.00	40.00	0.00	0.00	0.00	34.00	35.00	42.00	0.00	48.00	54.00	40.00
	3198.25	0.00	26.00	0.00	33.00	1.00	43.00	40.00	0.00	0.00	0.00	34.00	35.00	42.00	0.00	48.00	54.00	40.00
	3198.26	0.00	27.00	0.00	33.00	1.00	43.00	40.00	0.00	0.00	0.00	34.00	35.00	42.00	0.00	48.00	54.00	40.00
	3198.27	0.00	27.00	0.00	32.00	1.00	43.00	39.00	0.00	0.00	0.00	34.00	33.00	42.00	0.00	48.00	54.00	40.00
	3198.28	0.00	27.00	0.00	33.00	3.00	43.00	39.00	0.00	0.00	0.00	34.00	33.00	42.00	0.00	48.00	52.00	40.00
	3198.29	0.00	27.00	0.00	33.00	3.00	43.00	40.00	0.00	0.00	0.00	34.00	35.00	42.00	0.00	48.00	52.00	40.00
	3198.30	0.00	27.00	0.00	33.00	3.00	43.00	39.00	0.00	0.00	0.00	34.00	35.00	42.00	0.00	48.00	54.00	39.00
	3198.31	0.00	27.00	0.00	34.00	3.00	43.00	39.00	0.00	0.00	0.00	34.00	33.00	42.00	0.00	48.00	54.00	40.00
	3198.31	0.00	27.00	0.00	34.00	3.00	43.00	39.00	0.00	0.00	0.00	34.00	33.00	42.00	0.00	48.00	54.00	40.00
	3198.32	0.00	27.00	0.00	33.00	1.00	43.00	40.00	0.00	0.00	0.00	34.00	33.00	40.00	0.00	48.00	54.00	40.00
	3198.33	0.00	27.00	0.00	33.00	2.00	43.00	40.00	0.00	0.00	0.00	34.00	35.00	42.00	0.00	48.00	54.00	40.00
	3198.34	0.00	27.00	0.00	33.00	2.00	43.00	40.00	0.00	0.00	0.00	34.00	33.00	42.00	0.00	48.00	54.00	40.00
	3198.35	0.00	27.00	0.00	33.00	2.00	43.00	39.00	0.00	0.00	0.00	34.00	35.00	42.00	0.00	48.00	54.00	40.00
	3198.36	0.00	27.00	0.00	33.00	3.00	43.00	39.00	0.00	0.00	0.00	34.00	35.00	42.00	0.00	48.00	54.00	40.00
	3198.37	0.00	27.00	0.00	33.00	2.00	43.00	39.00	0.00	0.00	0.00	34.00	35.00	42.00	0.00	48.00	54.00	40.00
	3198.38	0.00	27.00	0.00	33.00	2.00	43.00	40.00	0.00	0.00	0.00	34.00	35.00	42.00	0.00	48.00	54.00	40.00
	3198.39	0.00	27.00	0.00	34.00	4.00	43.00	39.00	0.00	0.00	0.00	33.00	35.00	42.00	0.00	48.00	53.00	40.00
	3198.40	0.00	27.00	0.00	32.00	4.00	43.00	40.00	0.00	0.00	0.00	34.00	35.00	42.00	0.00	48.00	53.00	40.00
	3198.41	0.00	27.00	0.00	34.00	3.00	43.00	39.00	0.00	0.00	0.00	34.00	35.00	42.00	0.00	48.00	54.00	39.00
	3198.42	0.00	27.00	0.00	33.00	4.00	43.00	39.00	0.00	0.00	0.00	34.00	33.00	42.00	0.00	48.00	54.00	40.00
	3198.43	0.00	27.00	0.00	33.00	3.00	43.00	39.00	0.00	0.00	0.00	34.00	35.00	42.00	0.00	48.00	54.00	41.00
	3198.44	0.00	27.00	0.00	34.00	3.00	43.00	39.00	0.00	0.00	0.00	34.00	34.00	42.00	0.00	48.00	54.00	41.00
	3198.44	0.00	27.00	0.00	33.00	3.00	43.00	39.00	0.00	0.00	0.00	35.00	35.00	42.00	0.00	48.00	54.00	41.00
	3198.45	0.00	27.00	0.00	34.00	4.00	43.00	39.00	0.00	0.00	0.00	35.00	34.00	42.00	0.00	48.00	54.00	41.00
	3198.46	0.00	27.00	0.00	33.00	4.00	43.00	39.00	0.00	0.00	0.00	35.00	33.00	42.00	0.00	48.00	55.00	41.00
	3198.47	0.00	27.00	0.00	33.00	2.00	43.00	39.00	0.00	0.00	0.00	35.00	35.00	42.00	0.00	48.00	55.00	41.00
	3198.48	0.00	27.00	0.00	34.00	4.00	43.00	39.00	0.00	0.00	0.00	35.00	33.00	42.00	0.00	49.00	55.00	41.00
	3198.49	0.00	27.00	0.00	34.00	3.00	43.00	39.00	0.00	0.00	0.00	35.00	33.00	42.00	0.00	49.00	55.00	41.00
	3198.50	0.00	27.00	0.00	34.00	4.00	43.00	39.00	0.00	0.00	0.00	35.00	35.00	42.00	0.00	49.00	56.00	41.00
	3198.51	0.00	27.00	0.00	33.00	4.00	43.00	40.00	0.00	0.00	0.00	35.00	34.00	43.00	0.00	49.00	55.00	41.00
	3198.52	0.00	27.00	0.00	34.00	2.00	43.00	40.00	0.00	0.00	0.00	34.00	35.00	43.00	0.00	49.00	57.00	41.00
	3198.53	0.00	27.00	0.00	33.00	3.00	43.00	40.00	0.00	0.00	0.00	35.00	35.00	43.00	0.00	49.00	57.00	41.00
	3198.54	0.00	27.00	0.00	33.00	4.00	43.00	40.00	0.00	0.00	0.00	35.00	35.00	43.00	0.00	49.00	56.00	41.00
	3198.55	0.00	27.00	0.00	33.00	4.00	43.00	39.00	0.00	0.00	0.00	35.00	33.00	43.00	0.00	50.00	57.00	41.00
	3198.56	0.00	27.00	0.00	33.00	3.00	43.00	39.00	0.00	0.00	0.00	35.00	33.00	43.00	0.00	50.00	59.00	41.00
	3198.57	0.00	27.00	0.00	34.00	2.00	43.00	39.00	0.00	0.00	0.00	35.00	34.00	43.00	0.00	50.00	59.00	41.00
	3198.57	0.00	27.00	0.00	34.00	3.00	43.00	39.00	0.00	0.00	0.00	35.00	35.00	43.00	0.00	50.00	59.00	41.00
	3198.58	0.00	27.00	0.00	35.00	4.00	43.00	39.00	0.00	0.00	0.00	35.00	33.00	44.00	0.00	50.00	60.00	41.00
	3198.59	0.00	27.00	0.00	35.00	4.00	43.00	39.00	0.00	0.00	0.00	35.00	35.00	44.00	0.00	50.00	59.00	41.00
	3198.60	0.00	27.00	0.00	35.00	4.00	43.00	39.00	0.00	0.00	0.00	36.00	35.00	44.00	0.00	50.00	60.00	41.00
	3198.61	0.00	27.00	0.00	34.00	4.00	43.00	39.00	0.00	0.00	0.00	36.00	35.00	44.00	0.00	50.00	61.00	42.00
	3198.62	0.00	27.00	0.00	34.00	4.00	43.00	39.00	0.00	0.00	0.00	36.00	35.00	44.00	0.00	50.00	61.00	42.00
	3198.63	0.00	27.00	0.00	34.00	4.00	43.00	39.00	0.00	0.00	0.00	36.00	35.00	44.00	0.00	50.00	61.00	42.00
	3198.64	0.00	27.00	0.00	34.00	5.00	43.00	39.00	0.00	0.00	0.00	36.00	34.00	44.00	0.00	50.00	62.00	42.00
	3198.65	0.00	27.00	0.00	34.00	4.00	43.00	39.00	0.00	0.00	0.00	36.00	36.00	44.00	0.00	50.00	62.00	42.00
	3198.66	0.00	27.00	0.00	34.00	6.00	43.00	39.00	0.00	0.00	0.00	36.00	34.00	44.00	0.00	50.00	61.00	41.00
	3198.67	0.00	28.00	0.00	34.00	6.00	43.00	39.00	0.00	0.00	0.00	36.00	34.00	44.00	0.00	50.00	62.00	41.00
	3198.68	0.00	28.00	0.00	34.00	5.00	43.00	39.00	0.00	0.00	0.00	36.00	36.00	44.00	0.00	50.00	61.00	41.00
	3198.69	0.00	28.00	0.00	35.00	5.00	43.00	39.00	0.00	0.00	0.00	36.00	34.00	44.00	0.00	50.00	62.00	41.00
	3198.70	0.00	27.00	0.00	34.00	5.00	43.00	39.00	0.00	0.00	0.00	36.00	35.00	45.00	0.00	51.00	63.00	41.00
	3198.70	0.00	28.00	0.00	34.00	7.00	43.00	39.00	0.00	0.00	0.00	36.00	36.00	45.00	0.00	51.00	68.00	41.00
	3198.71	0.00	28.00	0.00	34.00	7.00	43.00	39.00	0.00	0.00	0.00	36.00	34.00	45.00	0.00	51.00	68.00	41.00
	3198.72	0.00	27.00	0.00	35.00	5.00	43.00	39.00	0.00	0.00	0.00	36.00	36.00	45.00	0.00	51.00	67.00	41.00
	3198.73	0.00	28.00	0.00	35.00	5.00	43.00	39.00	0.00	0.00	0.00	36.00	35.00	44.00	0.00	51.00	67.00	41.00
	3198.74	0.00	28.00	0.00	35.00	5.00	43.00	39.00	0.00	0.00	0.00	36.00	36.00	44.00	0.00	51.00	68.00	41.00
	3198.75	0.00	28.00	0.00	35.00	5.00	43.00	39.00	0.00	0.00	0.00	36.00	35.00	45.00	0.00	51.00	69.00	41.00
	3198.76	0.00	26.00	0.00	35.00	5.00	43.00	39.00	0.00	9.00	0.00	36.00	37.00	45.00	0.00	51.00	70.00	40.00
	3198.77	0.00	28.00	0.00	36.00	4.00	43.00	39.00	0.00	0.00	0.00	36.00	37.00	44.00	0.00	52.00	70.00	41.00
	3198.78	0.00	28.00	0.00	34.00	5.00	43.00	39.00	0.00	0.00	0.00	36.00	37.00	45.00	0.00	52.00	69.00	41.00
	3198.79	0.00	28.00	0.00	35.00	5.00	43.00	39.00	0.00	1.00	0.00	36.00	37.00	44.00	0.00	52.00	67.00	40.00
	3198.80	0.00	28.00	0.00	35.00	5.00	43.00	39.00	0.00	1.00	0.00	36.00	35.00	45.00	0.00	52.00	70.00	40.00
	3198.81	0.00	28.00	0.00	35.00	3.00	43.00	39.00	0.00	0.00	0.00	36.00	37.00	44.00	0.00	52.00	69.00	41.00
	3198.82	0.00	28.00	0.00	35.00	3.00	43.00	39.00	0.00	0.00	0.00	36.00	36.00	44.00	0.00	52.00	69.00	41.00
	3198.83	0.00	28.00	0.00	34.00	3.00	43.00	39.00	0.00	0.00	0.00	36.00	35.00	44.00	0.00	52.00	69.00	41.00
	3198.83	0.00	28.00	0.00	35.00	4.00	43.00	39.00	0.00	0.00	0.00	36.00	37.00	44.00	0.00	52.00	69.00	41.00
	3198.84	0.00	28.00	0.00	35.00	4.00	43.00	39.00	0.00	0.00	0.00	36.00	35.00	44.00	0.00	52.00	69.00	41.00
	3198.85	0.00	28.00	0.00	36.00	5.00	43.00	39.00	0.00	0.00	0.00	36.00	37.00	44.00	0.00	52.00	67.00	41.00
	3198.86	0.00	28.00	0.00	35.00	4.00	43.00	39.00	0.00	0.00	0.00	36.00	38.00	44.00	0.00	52.00	69.00	41.00
	3198.87	0.00	28.00	0.00	35.00	5.00	43.00	39.00	0.00	1.00	0.00	36.00	36.00	44.00	0.00	52.00	69.00	40.00
	3198.88	0.00	28.00	0.00	35.00	4.00	44.00	40.00	0.00	1.00	0.00	36.00	37.00	44.00	0.00	52.00	69.00	40.00
	3198.89	0.00	28.00	0.00	35.00	4.00	44.00	39.00	0.00	1.00	0.00	36.00	37.00	44.00	0.00	52.00	69.00	40.00
	3198.90	0.00	28.00	0.00	35.00	3.00	44.00	39.00	0.00	1.00	0.00	36.00	37.00	44.00	0.00	52.00	69.00	40.00
	3198.91	0.00	28.00	0.00	36.00	4.00	44.00	39.00	0.00	1.00	0.00	36.00	36.00	44.00	0.00	52.00	67.00	40.00
	3198.92	0.00	28.00	0.00	36.00	3.00	43.00	39.00	0.00	1.00	0.00	36.00	37.00	44.00	0.00	52.00	68.00	40.00
	3198.93	0.00	28.00	0.00	35.00	5.00	44.00	39.00	0.00	1.00	0.00	36.00	36.00	44.00	0.00	52.00	68.00	41.00
	3198.94	0.00	28.00	0.00	36.00	3.00	43.00	39.00	0.00	0.00	0.00	36.00	37.00	44.00	0.00	52.00	68.00	41.00
	3198.95	0.00	28.00	0.00	35.00	4.00	44.00	39.00	0.00	0.00	0.00	36.00	38.00	44.00	0.00	52.00	67.00	41.00
	3198.96	0.00	28.00	0.00	35.00	4.00	44.00	39.00	0.00	0.00	0.00	36.00	37.00	43.00	0.00	52.00	68.00	41.00
	3198.96	0.00	28.00	0.00	35.00	3.00	44.00	39.00	0.00	0.00	0.00	36.00	36.00	44.00	0.00	52.00	68.00	41.00
	3198.97	0.00	28.00	0.00	35.00	3.00	43.00	39.00	0.00	0.00	0.00	36.00	38.00	44.00	0.00	52.00	68.00	41.00
	3198.98	0.00	28.00	0.00	35.00	5.00	43.00	39.00	0.00	0.00	0.00	36.00	37.00	44.00	0.00	52.00	68.00	41.00
	3198.99	0.00	28.00	0.00	36.00	4.00	44.00	39.00	0.00	0.00	0.00	36.00	37.00	44.00	0.00	52.00	68.00	41.00
	3199.00	0.00	28.00	0.00	36.00	4.00	44.00	39.00	0.00	0.00	0.00	36.00	35.00	44.00	0.00	52.00	68.00	41.00
	3199.01	0.00	28.00	0.00	36.00	3.00	44.00	39.00	0.00	0.00	0.00	36.00	36.00	44.00	0.00	51.00	68.00	40.00
	3199.02	0.00	28.00	0.00	35.00	5.00	44.00	39.00	0.00	0.00	0.00	36.00	36.00	44.00	0.00	52.00	68.00	41.00
	3199.03	0.00	28.00	0.00	35.00	5.00	44.00	39.00	0.00	0.00	0.00	35.00	37.00	44.00	0.00	52.00	68.00	41.00
	3199.04	0.00	28.00	0.00	36.00	3.00	44.00	39.00	0.00	0.00	0.00	36.00	36.00	43.00	0.00	52.00	68.00	40.00
	3199.05	0.00	28.00	0.00	35.00	3.00	44.00	39.00	0.00	0.00	0.00	36.00	37.00	43.00	0.00	52.00	68.00	40.00
	3199.06	0.00	28.00	0.00	35.00	5.00	44.00	39.00	0.00	0.00	0.00	36.00	38.00	43.00	0.00	52.00	68.00	41.00
	3199.07	0.00	28.00	0.00	36.00	3.00	44.00	39.00	0.00	0.00	0.00	36.00	38.00	43.00	0.00	52.00	68.00	40.00
	3199.08	0.00	28.00	0.00	35.00	3.00	44.00	39.00	0.00	0.00	0.00	36.00	36.00	43.00	0.00	52.00	68.00	40.00
	3199.08	0.00	28.00	0.00	36.00	3.00	44.00	39.00	0.00	0.00	0.00	36.00	36.00	43.00	0.00	51.00	66.00	40.00
	3199.09	0.00	28.00	0.00	35.00	5.00	44.00	39.00	0.00	0.00	0.00	36.00	36.00	44.00	0.00	51.00	68.00	41.00
	3199.10	0.00	28.00	0.00	34.00	5.00	44.00	39.00	0.00	0.00	0.00	36.00	38.00	44.00	0.00	52.00	68.00	41.00
	3199.11	0.00	28.00	0.00	35.00	5.00	43.00	39.00	0.00	0.00	0.00	36.00	36.00	43.00	0.00	51.00	68.00	41.00
	3199.12	0.00	28.00	0.00	35.00	3.00	44.00	39.00	0.00	0.00	0.00	36.00	38.00	43.00	0.00	51.00	67.00	41.00
	3199.13	0.00	28.00	0.00	35.00	3.00	43.00	39.00	0.00	0.00	0.00	36.00	38.00	43.00	0.00	51.00	67.00	41.00
	3199.14	0.00	28.00	0.00	35.00	3.00	44.00	39.00	0.00	0.00	0.00	36.00	36.00	43.00	0.00	51.00	67.00	41.00
	3199.15	0.00	28.00	0.00	35.00	4.00	44.00	39.00	0.00	0.00	0.00	36.00	36.00	43.00	0.00	51.00	66.00	41.00
	3199.16	0.00	28.00	0.00	35.00	3.00	44.00	39.00	0.00	0.00	0.00	36.00	36.00	43.00	0.00	51.00	65.00	41.00
	3199.17	0.00	28.00	0.00	35.00	3.00	44.00	39.00	0.00	0.00	0.00	36.00	37.00	43.00	0.00	51.00	64.00	41.00
	3199.18	0.00	28.00	0.00	35.00	3.00	44.00	39.00	0.00	0.00	0.00	35.00	38.00	43.00	0.00	51.00	64.00	41.00
	3199.19	0.00	28.00	0.00	34.00	4.00	44.00	39.00	0.00	0.00	0.00	36.00	38.00	43.00	0.00	51.00	62.00	41.00
	3199.20	0.00	28.00	0.00	35.00	3.00	43.00	39.00	0.00	0.00	0.00	36.00	38.00	43.00	0.00	51.00	63.00	41.00
	3199.21	0.00	28.00	0.00	36.00	3.00	44.00	39.00	0.00	0.00	0.00	36.00	38.00	43.00	0.00	51.00	63.00	40.00
	3199.21	0.00	28.00	0.00	35.00	4.00	44.00	39.00	0.00	0.00	0.00	36.00	37.00	43.00	0.00	51.00	63.00	40.00
	3199.22	0.00	28.00	0.00	35.00	3.00	44.00	39.00	0.00	0.00	0.00	36.00	37.00	43.00	0.00	51.00	63.00	41.00
	3199.23	0.00	28.00	0.00	35.00	4.00	44.00	39.00	0.00	0.00	0.00	36.00	37.00	43.00	0.00	51.00	64.00	41.00
	3199.24	0.00	28.00	0.00	35.00	4.00	44.00	39.00	0.00	0.00	0.00	36.00	38.00	42.00	0.00	51.00	64.00	41.00
	3199.25	0.00	28.00	0.00	35.00	4.00	44.00	39.00	0.00	0.00	0.00	36.00	36.00	43.00	0.00	51.00	63.00	41.00
	3199.26	0.00	28.00	0.00	35.00	4.00	44.00	39.00	0.00	0.00	0.00	36.00	36.00	43.00	0.00	51.00	63.00	41.00
	3199.27	0.00	28.00	0.00	35.00	6.00	44.00	39.00	0.00	0.00	0.00	36.00	36.00	43.00	0.00	51.00	63.00	41.00
	3199.28	0.00	28.00	0.00	35.00	6.00	44.00	39.00	0.00	0.00	0.00	36.00	36.00	43.00	0.00	51.00	63.00	41.00
	3199.29	0.00	28.00	0.00	35.00	4.00	44.00	39.00	0.00	0.00	0.00	36.00	36.00	43.00	0.00	51.00	63.00	41.00
	3199.30	0.00	28.00	0.00	35.00	4.00	44.00	39.00	0.00	0.00	0.00	36.00	38.00	43.00	0.00	51.00	63.00	41.00
	3199.31	0.00	28.00	0.00	35.00	6.00	44.00	39.00	0.00	0.00	0.00	35.00	36.00	43.00	0.00	51.00	63.00	41.00
	3199.32	0.00	28.00	0.00	35.00	6.00	44.00	39.00	0.00	0.00	0.00	36.00	37.00	43.00	0.00	51.00	62.00	41.00
	3199.33	0.00	28.00	0.00	35.00	6.00	44.00	39.00	0.00	0.00	0.00	36.00	36.00	43.00	0.00	51.00	62.00	41.00
	3199.34	0.00	28.00	0.00	35.00	5.00	44.00	39.00	0.00	0.00	0.00	36.00	38.00	43.00	0.00	51.00	61.00	41.00
	3199.34	0.00	28.00	0.00	35.00	4.00	43.00	39.00	0.00	0.00	0.00	36.00	38.00	43.00	0.00	51.00	63.00	41.00
	3199.35	0.00	28.00	0.00	35.00	4.00	44.00	39.00	0.00	0.00	0.00	36.00	37.00	43.00	0.00	51.00	63.00	41.00
	3199.36	0.00	28.00	0.00	35.00	4.00	44.00	39.00	0.00	0.00	0.00	36.00	38.00	43.00	0.00	51.00	63.00	41.00
	3199.37	0.00	28.00	0.00	35.00	4.00	44.00	39.00	0.00	0.00	0.00	36.00	36.00	43.00	0.00	51.00	63.00	41.00
	3199.38	0.00	28.00	0.00	35.00	4.00	44.00	39.00	0.00	0.00	0.00	36.00	36.00	43.00	0.00	51.00	63.00	41.00
	3199.39	0.00	28.00	0.00	36.00	6.00	44.00	39.00	0.00	0.00	0.00	36.00	37.00	43.00	0.00	51.00	63.00	40.00
	3199.40	0.00	28.00	0.00	35.00	4.00	44.00	39.00	0.00	0.00	0.00	36.00	36.00	43.00	0.00	51.00	63.00	41.00
	3199.41	0.00	28.00	0.00	34.00	6.00	44.00	39.00	0.00	0.00	0.00	36.00	37.00	43.00	0.00	51.00	63.00	41.00
	3199.42	0.00	28.00	0.00	35.00	4.00	44.00	39.00	0.00	0.00	0.00	36.00	35.00	43.00	0.00	51.00	63.00	41.00
	3199.43	0.00	28.00	0.00	35.00	6.00	44.00	39.00	0.00	0.00	0.00	36.00	37.00	43.00	0.00	51.00	63.00	40.00
	3199.44	0.00	28.00	0.00	34.00	4.00	43.00	39.00	0.00	0.00	0.00	36.00	37.00	43.00	0.00	51.00	62.00	41.00
	3199.45	0.00	28.00	0.00	34.00	6.00	44.00	39.00	0.00	0.00	0.00	36.00	37.00	43.00	0.00	51.00	63.00	41.00
	3199.46	0.00	28.00	0.00	34.00	6.00	44.00	39.00	0.00	0.00	0.00	36.00	37.00	43.00	0.00	51.00	61.00	41.00
	3199.47	0.00	28.00	0.00	34.00	6.00	44.00	39.00	0.00	0.00	0.00	36.00	36.00	43.00	0.00	50.00	63.00	39.00
	3199.48	0.00	28.00	0.00	35.00	5.00	44.00	39.00	0.00	0.00	0.00	36.00	37.00	43.00	0.00	50.00	63.00	41.00
	3199.48	0.00	28.00	0.00	35.00	5.00	44.00	39.00	0.00	0.00	0.00	36.00	37.00	43.00	0.00	51.00	62.00	41.00
	3199.50	0.00	28.00	0.00	36.00	7.00	44.00	39.00	0.00	0.00	0.00	36.00	35.00	43.00	0.00	50.00	62.00	41.00
	3199.50	0.00	28.00	0.00	35.00	5.00	44.00	39.00	0.00	0.00	0.00	36.00	35.00	42.00	0.00	50.00	62.00	41.00
	3199.51	0.00	28.00	0.00	34.00	6.00	44.00	39.00	0.00	0.00	0.00	36.00	37.00	43.00	0.00	50.00	61.00	41.00
	3199.52	0.00	28.00	0.00	35.00	7.00	44.00	39.00	0.00	0.00	0.00	36.00	37.00	43.00	0.00	50.00	62.00	41.00
	3199.53	0.00	28.00	0.00	35.00	6.00	44.00	39.00	0.00	0.00	0.00	36.00	35.00	43.00	0.00	50.00	62.00	41.00
	3199.54	0.00	28.00	0.00	35.00	7.00	44.00	39.00	0.00	0.00	0.00	36.00	37.00	42.00	0.00	50.00	62.00	41.00
	3199.55	0.00	28.00	0.00	35.00	8.00	44.00	39.00	0.00	0.00	0.00	36.00	37.00	42.00	0.00	50.00	62.00	41.00
	3199.56	0.00	28.00	0.00	35.00	6.00	44.00	39.00	0.00	0.00	0.00	36.00	35.00	43.00	0.00	50.00	60.00	40.00
	3199.57	0.00	28.00	0.00	35.00	6.00	44.00	39.00	0.00	0.00	0.00	36.00	37.00	42.00	0.00	50.00	62.00	41.00
	3199.58	0.00	28.00	0.00	34.00	8.00	44.00	39.00	0.00	0.00	0.00	36.00	37.00	42.00	0.00	50.00	60.00	41.00
	3199.59	0.00	28.00	0.00	34.00	7.00	44.00	39.00	0.00	0.00	0.00	36.00	35.00	42.00	0.00	50.00	61.00	41.00
	3199.60	0.00	28.00	0.00	34.00	7.00	44.00	39.00	0.00	0.00	0.00	36.00	37.00	42.00	0.00	50.00	60.00	41.00
	3199.60	0.00	28.00	0.00	35.00	7.00	44.00	39.00	0.00	0.00	0.00	36.00	37.00	42.00	0.00	50.00	60.00	41.00
	3199.62	0.00	28.00	0.00	35.00	7.00	44.00	39.00	0.00	0.00	0.00	36.00	35.00	42.00	0.00	50.00	61.00	41.00
	3199.62	0.00	28.00	0.00	35.00	6.00	44.00	39.00	0.00	0.00	0.00	36.00	36.00	42.00	0.00	50.00	61.00	41.00
	3199.63	0.00	28.00	0.00	35.00	6.00	44.00	39.00	0.00	0.00	0.00	36.00	37.00	41.00	0.00	50.00	61.00	41.00
	3199.64	0.00	28.00	0.00	35.00	6.00	44.00	39.00	0.00	0.00	0.00	36.00	35.00	42.00	0.00	50.00	61.00	41.00
	3199.65	0.00	28.00	0.00	35.00	7.00	44.00	39.00	0.00	0.00	0.00	36.00	36.00	42.00	0.00	50.00	61.00	41.00
	3199.66	0.00	28.00	0.00	36.00	7.00	44.00	39.00	0.00	0.00	0.00	36.00	36.00	42.00	0.00	50.00	61.00	41.00
	3199.67	0.00	28.00	0.00	35.00	7.00	44.00	39.00	0.00	0.00	0.00	36.00	36.00	42.00	0.00	51.00	61.00	41.00
	3199.68	0.00	28.00	0.00	35.00	7.00	44.00	39.00	0.00	0.00	0.00	36.00	36.00	42.00	0.00	50.00	60.00	41.00
	3199.69	0.00	29.00	0.00	36.00	8.00	44.00	39.00	0.00	0.00	0.00	36.00	36.00	42.00	0.00	50.00	61.00	41.00
	3199.70	0.00	28.00	0.00	36.00	8.00	44.00	39.00	0.00	0.00	0.00	35.00	36.00	42.00	0.00	50.00	61.00	41.00
	3199.71	0.00	28.00	0.00	36.00	8.00	44.00	39.00	0.00	0.00	0.00	36.00	37.00	42.00	0.00	50.00	61.00	40.00
	3199.72	0.00	28.00	0.00	35.00	9.00	44.00	39.00	0.00	0.00	0.00	36.00	35.00	42.00	0.00	50.00	58.00	41.00
	3199.73	0.00	28.00	0.00	35.00	9.00	44.00	39.00	0.00	0.00	0.00	36.00	36.00	42.00	0.00	50.00	59.00	41.00
	3199.73	0.00	28.00	0.00	35.00	7.00	44.00	39.00	0.00	0.00	0.00	36.00	35.00	42.00	0.00	50.00	61.00	40.00
	3199.75	0.00	28.00	0.00	36.00	7.00	44.00	39.00	0.00	0.00	0.00	36.00	36.00	42.00	0.00	50.00	61.00	41.00
	3199.75	0.00	28.00	0.00	36.00	7.00	44.00	39.00	0.00	0.00	0.00	36.00	36.00	42.00	0.00	50.00	61.00	41.00
	3199.76	0.00	28.00	0.00	36.00	9.00	44.00	39.00	0.00	0.00	0.00	36.00	36.00	42.00	0.00	50.00	61.00	41.00
	3199.77	0.00	29.00	0.00	35.00	7.00	44.00	39.00	0.00	0.00	0.00	36.00	36.00	42.00	0.00	50.00	61.00	41.00
	3199.78	0.00	28.00	0.00	35.00	6.00	44.00	39.00	0.00	0.00	0.00	36.00	35.00	42.00	0.00	50.00	61.00	41.00
	3199.79	0.00	28.00	0.00	36.00	8.00	44.00	39.00	0.00	0.00	0.00	36.00	36.00	42.00	0.00	50.00	61.00	41.00
	3199.80	0.00	28.00	0.00	36.00	8.00	44.00	39.00	0.00	0.00	0.00	36.00	36.00	42.00	0.00	50.00	61.00	41.00
	3199.81	0.00	28.00	0.00	34.00	8.00	44.00	39.00	0.00	0.00	0.00	36.00	36.00	42.00	0.00	50.00	61.00	41.00
	3199.82	0.00	28.00	0.00	35.00	7.00	44.00	39.00	0.00	0.00	0.00	36.00	34.00	42.00	0.00	50.00	59.00	41.00
	3199.83	0.00	28.00	0.00	35.00	7.00	44.00	39.00	0.00	0.00	0.00	35.00	34.00	42.00	0.00	50.00	61.00	41.00
	3199.84	0.00	28.00	0.00	34.00	9.00	44.00	39.00	0.00	0.00	0.00	36.00	36.00	42.00	0.00	50.00	59.00	41.00
	3199.85	0.00	28.00	0.00	34.00	8.00	44.00	39.00	0.00	0.00	0.00	36.00	36.00	42.00	0.00	50.00	60.00	41.00
	3199.86	0.00	28.00	0.00	34.00	9.00	44.00	39.00	0.00	0.00	0.00	36.00	36.00	42.00	0.00	50.00	59.00	41.00
	3199.86	0.00	28.00	0.00	34.00	8.00	44.00	39.00	0.00	0.00	0.00	36.00	36.00	42.00	0.00	50.00	59.00	41.00
	3199.88	0.00	28.00	0.00	35.00	8.00	44.00	39.00	0.00	0.00	0.00	36.00	36.00	42.00	0.00	50.00	61.00	41.00
	3199.88	0.00	28.00	0.00	36.00	9.00	44.00	39.00	0.00	0.00	0.00	36.00	34.00	42.00	0.00	50.00	61.00	41.00
	3199.89	0.00	28.00	0.00	35.00	9.00	44.00	39.00	0.00	0.00	0.00	36.00	36.00	42.00	0.00	50.00	61.00	41.00
	3199.90	0.00	28.00	0.00	36.00	9.00	44.00	39.00	0.00	0.00	0.00	36.00	36.00	42.00	0.00	50.00	61.00	41.00
	3199.91	0.00	28.00	0.00	34.00	10.00	44.00	39.00	0.00	0.00	0.00	36.00	36.00	42.00	0.00	50.00	61.00	41.00
	3199.92	0.00	28.00	0.00	35.00	8.00	44.00	39.00	0.00	0.00	0.00	35.00	34.00	42.00	0.00	50.00	61.00	41.00
	3199.93	0.00	28.00	0.00	35.00	8.00	44.00	39.00	0.00	0.00	0.00	36.00	36.00	42.00	0.00	50.00	61.00	41.00
	3199.94	0.00	28.00	0.00	34.00	7.00	44.00	39.00	0.00	0.00	0.00	36.00	36.00	42.00	0.00	50.00	61.00	41.00
	3199.95	0.00	28.00	0.00	35.00	8.00	44.00	39.00	0.00	0.00	0.00	36.00	34.00	42.00	0.00	50.00	61.00	41.00
	3199.96	0.00	28.00	0.00	35.00	6.00	44.00	39.00	0.00	0.00	0.00	36.00	34.00	42.00	0.00	50.00	61.00	41.00
	3199.97	0.00	28.00	0.00	35.00	8.00	44.00	39.00	0.00	0.00	0.00	36.00	36.00	42.00	0.00	50.00	59.00	41.00
	3199.98	0.00	28.00	0.00	34.00	8.00	44.00	39.00	0.00	0.00	0.00	36.00	34.00	42.00	0.00	50.00	60.00	41.00
	3199.99	0.00	28.00	0.00	35.00	9.00	44.00	39.00	0.00	0.00	0.00	36.00	34.00	42.00	0.00	50.00	61.00	41.00
	3200.00	0.00	28.00	0.00	34.00	8.00	44.00	39.00	0.00	0.00	0.00	36.00	34.00	42.00	0.00	50.00	59.00	41.00
	3200.00	0.00	28.00	0.00	35.00	8.00	44.00	39.00	0.00	0.00	0.00	36.00	34.00	40.00	0.00	50.00	61.00	41.00
	3200.01	0.00	28.00	0.00	35.00	9.00	44.00	38.00	0.00	0.00	0.00	36.00	36.00	42.00	0.00	50.00	61.00	40.00
	3200.02	0.00	28.00	0.00	35.00	8.00	44.00	39.00	0.00	0.00	0.00	36.00	34.00	42.00	0.00	50.00	61.00	41.00
	3200.03	0.00	28.00	0.00	34.00	9.00	44.00	39.00	0.00	0.00	0.00	36.00	36.00	42.00	0.00	50.00	61.00	41.00
	3200.04	0.00	28.00	0.00	34.00	8.00	44.00	39.00	0.00	0.00	0.00	36.00	36.00	42.00	0.00	50.00	61.00	41.00
	3200.05	0.00	28.00	0.00	34.00	8.00	44.00	39.00	0.00	0.00	0.00	36.00	36.00	42.00	0.00	50.00	61.00	41.00
	3200.06	0.00	28.00	0.00	34.00	8.00	44.00	39.00	0.00	0.00	0.00	36.00	36.00	42.00	0.00	50.00	59.00	41.00
	3200.07	0.00	28.00	0.00	34.00	8.00	44.00	39.00	0.00	0.00	0.00	36.00	36.00	42.00	0.00	50.00	61.00	41.00
	3200.08	0.00	28.00	0.00	34.00	8.00	44.00	39.00	0.00	0.00	0.00	36.00	36.00	42.00	0.00	50.00	59.00	41.00
	3200.09	0.00	28.00	0.00	34.00	8.00	44.00	39.00	0.00	0.00	0.00	36.00	34.00	42.00	0.00	50.00	60.00	41.00
	3200.10	0.00	28.00	0.00	34.00	8.00	44.00	39.00	0.00	0.00	0.00	36.00	36.00	42.00	0.00	50.00	61.00	41.00
	3200.11	0.00	28.00	0.00	35.00	8.00	44.00	38.00	0.00	0.00	0.00	36.00	34.00	42.00	0.00	50.00	61.00	41.00
	3200.12	0.00	28.00	0.00	35.00	8.00	44.00	39.00	0.00	0.00	0.00	36.00	36.00	42.00	0.00	50.00	61.00	41.00
	3200.12	0.00	28.00	0.00	35.00	7.00	43.00	39.00	0.00	0.00	0.00	36.00	34.00	43.00	0.00	50.00	60.00	41.00
	3200.13	0.00	28.00	0.00	35.00	9.00	44.00	39.00	0.00	0.00	0.00	36.00	34.00	42.00	0.00	50.00	61.00	41.00
	3200.14	0.00	28.00	0.00	35.00	8.00	44.00	39.00	0.00	0.00	0.00	36.00	34.00	42.00	0.00	50.00	61.00	41.00
	3200.15	0.00	28.00	0.00	35.00	9.00	44.00	39.00	0.00	0.00	0.00	36.00	36.00	42.00	0.00	50.00	61.00	41.00
	3200.16	0.00	28.00	0.00	36.00	9.00	44.00	39.00	0.00	0.00	0.00	36.00	34.00	42.00	0.00	50.00	60.00	41.00
	3200.17	0.00	28.00	0.00	36.00	8.00	44.00	39.00	0.00	0.00	0.00	36.00	34.00	42.00	0.00	50.00	61.00	41.00
	3200.18	0.00	28.00	0.00	36.00	8.00	44.00	39.00	0.00	0.00	0.00	36.00	34.00	42.00	0.00	50.00	61.00	41.00
	3200.19	0.00	28.00	0.00	35.00	8.00	44.00	39.00	0.00	0.00	0.00	36.00	34.00	42.00	0.00	50.00	61.00	41.00
	3200.20	0.00	28.00	0.00	35.00	8.00	44.00	39.00	0.00	0.00	0.00	36.00	36.00	42.00	0.00	50.00	61.00	41.00
	3200.21	0.00	28.00	0.00	34.00	9.00	44.00	39.00	0.00	0.00	0.00	36.00	34.00	42.00	0.00	50.00	61.00	41.00
	3200.22	0.00	28.00	0.00	35.00	7.00	44.00	39.00	0.00	0.00	0.00	36.00	34.00	42.00	0.00	50.00	61.00	41.00
	3200.23	0.00	28.00	0.00	35.00	8.00	44.00	39.00	0.00	0.00	0.00	35.00	36.00	42.00	0.00	50.00	61.00	41.00
	3200.24	0.00	28.00	0.00	34.00	8.00	44.00	39.00	0.00	0.00	0.00	36.00	34.00	42.00	0.00	50.00	61.00	41.00
	3200.25	0.00	28.00	0.00	35.00	10.00	44.00	39.00	0.00	0.00	0.00	36.00	34.00	42.00	0.00	50.00	59.00	41.00
	3200.26	0.00	28.00	0.00	35.00	11.00	44.00	39.00	0.00	0.00	0.00	36.00	34.00	42.00	0.00	50.00	61.00	40.00
	3200.27	0.00	28.00	0.00	35.00	9.00	44.00	39.00	0.00	0.00	0.00	36.00	34.00	42.00	0.00	50.00	61.00	41.00
	3200.27	0.00	28.00	0.00	35.00	11.00	44.00	39.00	0.00	0.00	0.00	36.00	36.00	42.00	0.00	50.00	61.00	41.00
	3200.28	0.00	27.00	0.00	35.00	11.00	44.00	39.00	0.00	0.00	0.00	36.00	36.00	42.00	0.00	50.00	61.00	41.00
	3200.29	0.00	28.00	0.00	35.00	11.00	44.00	39.00	0.00	0.00	0.00	36.00	36.00	42.00	0.00	50.00	61.00	41.00
	3200.30	0.00	28.00	0.00	35.00	13.00	44.00	39.00	0.00	0.00	0.00	35.00	34.00	40.00	0.00	50.00	61.00	41.00
	3200.31	0.00	28.00	0.00	35.00	10.00	44.00	39.00	0.00	0.00	0.00	36.00	34.00	42.00	0.00	50.00	61.00	41.00
	3200.32	0.00	28.00	0.00	35.00	10.00	44.00	39.00	0.00	0.00	0.00	36.00	34.00	42.00	0.00	50.00	61.00	41.00
	3200.33	0.00	28.00	0.00	35.00	14.00	44.00	39.00	0.00	0.00	0.00	36.00	34.00	41.00	0.00	50.00	60.00	41.00
	3200.34	0.00	28.00	0.00	35.00	11.00	44.00	39.00	0.00	0.00	0.00	35.00	35.00	42.00	0.00	50.00	61.00	41.00
	3200.35	0.00	28.00	0.00	35.00	11.00	44.00	39.00	0.00	0.00	0.00	36.00	34.00	42.00	0.00	50.00	61.00	41.00
	3200.36	0.00	28.00	0.00	35.00	12.00	44.00	39.00	0.00	0.00	0.00	36.00	36.00	41.00	0.00	50.00	61.00	41.00
	3200.37	0.00	27.00	0.00	35.00	11.00	44.00	39.00	0.00	0.00	0.00	36.00	35.00	42.00	0.00	50.00	61.00	41.00
	3200.38	0.00	27.00	0.00	35.00	13.00	44.00	39.00	0.00	0.00	0.00	36.00	34.00	42.00	0.00	50.00	61.00	41.00
	3200.39	0.00	28.00	0.00	35.00	11.00	44.00	39.00	0.00	0.00	0.00	35.00	34.00	42.00	0.00	50.00	61.00	41.00
	3200.40	0.00	28.00	0.00	35.00	10.00	44.00	39.00	0.00	0.00	0.00	35.00	36.00	42.00	0.00	50.00	61.00	41.00
	3200.40	0.00	28.00	0.00	36.00	11.00	44.00	39.00	0.00	0.00	0.00	35.00	34.00	42.00	0.00	50.00	59.00	41.00
	3200.41	0.00	28.00	0.00	35.00	11.00	44.00	39.00	0.00	0.00	0.00	35.00	34.00	40.00	0.00	50.00	61.00	41.00
	3200.42	0.00	28.00	0.00	35.00	11.00	44.00	39.00	0.00	0.00	0.00	36.00	35.00	42.00	0.00	50.00	61.00	40.00
	3200.43	0.00	28.00	0.00	36.00	11.00	44.00	39.00	0.00	0.00	0.00	36.00	36.00	41.00	0.00	50.00	61.00	41.00
	3200.44	0.00	27.00	0.00	36.00	11.00	44.00	39.00	0.00	0.00	0.00	35.00	36.00	42.00	0.00	50.00	61.00	41.00
	3200.45	0.00	27.00	0.00	36.00	12.00	44.00	39.00	0.00	0.00	0.00	36.00	34.00	42.00	0.00	50.00	61.00	41.00
	3200.46	0.00	27.00	0.00	35.00	12.00	44.00	39.00	0.00	3.00	0.00	36.00	36.00	42.00	0.00	50.00	61.00	40.00
	3200.47	0.00	28.00	0.00	37.00	13.00	44.00	39.00	0.00	5.00	0.00	36.00	36.00	42.00	0.00	50.00	61.00	40.00
	3200.48	0.00	28.00	0.00	37.00	11.00	44.00	39.00	0.00	20.00	0.00	36.00	36.00	42.00	0.00	50.00	60.00	42.00
	3200.49	0.00	28.00	0.00	37.00	10.00	44.00	40.00	0.00	27.00	0.00	35.00	34.00	40.00	0.00	50.00	61.00	40.00
	3200.50	0.00	28.00	0.00	37.00	11.00	44.00	40.00	0.00	42.00	0.00	36.00	36.00	41.00	0.00	50.00	61.00	40.00
	3200.51	0.00	28.00	0.00	38.00	12.00	44.00	40.00	0.00	46.00	0.00	36.00	34.00	42.00	0.00	50.00	61.00	42.00
	3200.52	0.00	28.00	0.00	37.00	10.00	44.00	40.00	0.00	63.00	0.00	36.00	34.00	40.00	0.00	50.00	61.00	42.00
	3200.53	0.00	28.00	0.00	37.00	11.00	46.00	40.00	0.00	68.00	0.00	36.00	36.00	42.00	0.00	50.00	61.00	41.00
	3200.54	0.00	29.00	0.00	38.00	11.00	46.00	40.00	17.00	75.00	0.00	36.00	36.00	42.00	0.00	50.00	61.00	41.00
	3200.55	0.00	29.00	0.00	38.00	12.00	46.00	41.00	17.00	83.00	0.00	36.00	36.00	42.00	0.00	50.00	61.00	42.00
	3200.56	0.00	31.00	13.00	39.00	13.00	46.00	41.00	24.00	93.00	0.00	36.00	36.00	42.00	0.00	50.00	61.00	42.00
	3200.56	0.00	33.00	14.00	38.00	17.00	46.00	40.00	24.00	103.00	0.00	35.00	34.00	42.00	0.00	50.00	61.00	42.00
	3200.57	0.00	33.00	14.00	38.00	17.00	46.00	42.00	23.00	110.00	0.00	36.00	36.00	42.00	0.00	50.00	61.00	42.00
	3200.58	0.00	33.00	16.00	39.00	18.00	47.00	44.00	24.00	121.00	0.00	35.00	36.00	42.00	0.00	50.00	61.00	42.00
	3200.59	0.00	33.00	16.00	39.00	19.00	47.00	44.00	24.00	123.00	0.00	35.00	34.00	42.00	0.00	50.00	62.00	42.00
	3200.60	0.00	32.00	15.00	38.00	21.00	47.00	43.00	24.00	128.00	0.00	36.00	34.00	43.00	0.00	50.00	61.00	41.00
	3200.61	0.00	33.00	18.00	39.00	21.00	48.00	43.00	24.00	135.00	0.00	36.00	36.00	42.00	0.00	50.00	61.00	41.00
	3200.62	0.00	33.00	19.00	39.00	25.00	48.00	44.00	25.00	136.00	0.00	36.00	36.00	41.00	0.00	50.00	61.00	42.00
	3200.63	0.00	33.00	18.00	39.00	26.00	47.00	43.00	24.00	138.00	0.00	36.00	36.00	42.00	0.00	50.00	62.00	41.00
	3200.64	0.00	33.00	20.00	39.00	26.00	47.00	43.00	24.00	137.00	0.00	36.00	36.00	42.00	0.00	50.00	62.00	41.00
	3200.65	0.00	33.00	20.00	38.00	28.00	47.00	43.00	25.00	139.00	0.00	36.00	34.00	42.00	0.00	50.00	62.00	41.00
	3200.66	0.00	33.00	20.00	38.00	29.00	47.00	43.00	25.00	140.00	0.00	36.00	34.00	42.00	0.00	50.00	62.00	41.00
	3200.67	0.00	34.00	20.00	38.00	30.00	47.00	43.00	25.00	143.00	0.00	35.00	34.00	42.00	0.00	51.00	62.00	41.00
	3200.68	0.00	33.00	19.00	38.00	30.00	47.00	43.00	25.00	145.00	0.00	35.00	35.00	42.00	0.00	50.00	61.00	41.00
	3200.69	0.00	33.00	20.00	38.00	30.00	47.00	43.00	26.00	146.00	0.00	36.00	35.00	42.00	0.00	50.00	62.00	41.00
	3200.70	0.00	33.00	21.00	38.00	30.00	47.00	43.00	26.00	150.00	0.00	36.00	34.00	42.00	0.00	51.00	61.00	41.00
	3200.71	0.00	34.00	21.00	39.00	31.00	48.00	43.00	25.00	151.00	0.00	36.00	34.00	41.00	0.00	51.00	61.00	40.00
	3200.72	0.00	34.00	22.00	39.00	32.00	48.00	44.00	26.00	154.00	0.00	35.00	36.00	42.00	0.00	51.00	62.00	41.00
	3200.73	0.00	33.00	21.00	39.00	33.00	48.00	43.00	26.00	156.00	0.00	36.00	36.00	42.00	0.00	51.00	61.00	41.00
	3200.74	0.00	33.00	22.00	39.00	33.00	49.00	43.00	26.00	159.00	0.00	36.00	34.00	41.00	0.00	51.00	61.00	40.00
	3200.75	0.00	33.00	21.00	39.00	33.00	49.00	43.00	26.00	160.00	0.00	36.00	36.00	42.00	0.00	50.00	62.00	41.00
	3200.76	0.00	34.00	22.00	39.00	33.00	49.00	43.00	26.00	162.00	0.00	36.00	36.00	42.00	0.00	50.00	61.00	41.00
	3200.77	0.00	34.00	22.00	39.00	33.00	49.00	43.00	26.00	161.00	0.00	35.00	34.00	41.00	0.00	50.00	61.00	41.00
	3200.78	0.00	34.00	21.00	39.00	33.00	49.00	43.00	26.00	164.00	0.00	35.00	36.00	41.00	0.00	50.00	61.00	42.00
	3200.79	0.00	33.00	22.00	38.00	32.00	49.00	43.00	26.00	165.00	0.00	36.00	35.00	41.00	0.00	50.00	62.00	40.00
	3200.79	0.00	34.00	21.00	38.00	32.00	49.00	43.00	26.00	168.00	0.00	35.00	33.00	42.00	0.00	50.00	61.00	42.00
	3200.80	0.00	34.00	22.00	38.00	33.00	49.00	43.00	26.00	167.00	0.00	35.00	36.00	42.00	0.00	51.00	62.00	42.00
	3200.81	0.00	34.00	21.00	39.00	32.00	49.00	43.00	24.00	170.00	0.00	36.00	35.00	41.00	0.00	51.00	61.00	40.00
	3200.82	0.00	34.00	21.00	38.00	32.00	50.00	44.00	26.00	172.00	0.00	35.00	35.00	42.00	0.00	51.00	61.00	42.00
	3200.83	0.00	34.00	22.00	38.00	33.00	50.00	43.00	25.00	174.00	0.00	35.00	35.00	42.00	0.00	51.00	61.00	41.00
	3200.84	0.00	33.00	21.00	38.00	33.00	49.00	43.00	26.00	177.00	0.00	36.00	33.00	42.00	0.00	51.00	61.00	41.00
	3200.85	0.00	33.00	22.00	38.00	33.00	50.00	43.00	26.00	177.00	0.00	37.00	36.00	42.00	0.00	51.00	62.00	41.00
	3200.86	0.00	35.00	22.00	38.00	33.00	49.00	43.00	26.00	180.00	0.00	35.00	34.00	42.00	0.00	51.00	61.00	42.00
	3200.87	0.00	36.00	22.00	39.00	35.00	49.00	43.00	24.00	181.00	0.00	36.00	35.00	42.00	0.00	50.00	61.00	40.00
	3200.88	0.00	35.00	22.00	39.00	43.00	51.00	43.00	26.00	186.00	0.00	36.00	35.00	40.00	0.00	50.00	61.00	42.00
	3200.89	0.00	35.00	23.00	39.00	49.00	52.00	43.00	26.00	187.00	0.00	36.00	35.00	41.00	0.00	50.00	61.00	40.00
	3200.90	0.00	35.00	23.00	40.00	52.00	53.00	43.00	26.00	188.00	0.00	35.00	35.00	42.00	0.00	51.00	61.00	42.00
	3200.91	0.00	36.00	22.00	40.00	54.00	52.00	43.00	26.00	189.00	0.00	36.00	33.00	42.00	0.00	50.00	62.00	42.00
	3200.92	0.00	36.00	22.00	40.00	54.00	53.00	43.00	26.00	202.00	0.00	37.00	35.00	41.00	0.00	50.00	62.00	40.00
	3200.93	0.00	36.00	23.00	40.00	57.00	54.00	44.00	26.00	204.00	0.00	35.00	35.00	41.00	0.00	50.00	62.00	42.00
	3200.94	0.00	36.00	23.00	41.00	59.00	54.00	43.00	26.00	205.00	0.00	35.00	35.00	42.00	0.00	50.00	62.00	42.00
	3200.95	0.00	36.00	23.00	40.00	62.00	54.00	44.00	26.00	206.00	0.00	37.00	35.00	41.00	0.00	50.00	62.00	40.00
	3200.96	0.00	36.00	22.00	40.00	62.00	55.00	43.00	26.00	210.00	0.00	35.00	33.00	42.00	0.00	50.00	61.00	42.00
	3200.97	0.00	36.00	23.00	42.00	63.00	55.00	43.00	25.00	211.00	0.00	36.00	33.00	42.00	0.00	50.00	61.00	42.00
	3200.98	0.00	35.00	24.00	42.00	66.00	55.00	43.00	26.00	214.00	0.00	36.00	33.00	40.00	0.00	50.00	60.00	40.00
	3200.99	0.00	37.00	24.00	42.00	72.00	55.00	44.00	26.00	216.00	0.00	35.00	33.00	42.00	0.00	50.00	59.00	42.00
	3201.00	0.00	37.00	24.00	42.00	76.00	56.00	43.00	27.00	216.00	0.00	36.00	33.00	41.00	0.00	50.00	58.00	39.00
	3201.01	0.00	37.00	25.00	43.00	75.00	56.00	44.00	26.00	217.00	0.00	36.00	33.00	39.00	0.00	50.00	56.00	41.00
	3201.01	0.00	38.00	25.00	42.00	76.00	56.00	44.00	26.00	222.00	0.00	35.00	32.00	41.00	0.00	50.00	55.00	41.00
	3201.03	0.00	38.00	24.00	44.00	81.00	56.00	43.00	25.00	222.00	0.00	35.00	34.00	40.00	0.00	50.00	54.00	39.00
	3201.03	0.00	38.00	25.00	42.00	81.00	60.00	43.00	26.00	224.00	0.00	35.00	34.00	40.00	0.00	50.00	54.00	39.00
	3201.04	0.00	38.00	26.00	43.00	87.00	63.00	43.00	26.00	228.00	0.00	34.00	32.00	42.00	0.00	49.00	54.00	41.00
	3201.05	0.00	38.00	25.00	44.00	88.00	67.00	43.00	25.00	232.00	0.00	34.00	34.00	40.00	0.00	48.00	54.00	39.00
	3201.06	0.00	38.00	25.00	43.00	91.00	69.00	44.00	27.00	236.00	0.00	32.00	33.00	42.00	0.00	48.00	54.00	41.00
	3201.07	0.00	38.00	25.00	43.00	94.00	71.00	43.00	26.00	235.00	0.00	33.00	35.00	41.00	0.00	48.00	54.00	39.00
	3201.08	0.00	37.00	28.00	45.00	97.00	76.00	43.00	25.00	236.00	0.00	33.00	34.00	42.00	0.00	48.00	53.00	40.00
	3201.09	0.00	37.00	30.00	44.00	97.00	82.00	43.00	27.00	236.00	0.00	33.00	33.00	42.00	0.00	48.00	53.00	40.00
	3201.10	0.00	38.00	30.00	43.00	95.00	85.00	43.00	27.00	237.00	0.00	33.00	36.00	42.00	0.00	48.00	53.00	39.00
	3201.11	0.00	38.00	31.00	44.00	96.00	88.00	43.00	27.00	237.00	0.00	32.00	36.00	42.00	0.00	48.00	52.00	42.00
	3201.12	0.00	38.00	33.00	45.00	98.00	92.00	43.00	27.00	240.00	0.00	33.00	37.00	44.00	0.00	48.00	52.00	43.00
	3201.13	0.00	37.00	29.00	46.00	95.00	94.00	43.00	27.00	242.00	0.00	33.00	35.00	43.00	0.00	49.00	52.00	41.00
	3201.14	0.00	38.00	29.00	47.00	105.00	97.00	43.00	27.00	242.00	0.00	32.00	37.00	45.00	0.00	49.00	52.00	43.00
	3201.15	0.00	38.00	32.00	45.00	101.00	99.00	44.00	27.00	242.00	0.00	33.00	37.00	45.00	0.00	49.00	52.00	41.00
	3201.16	0.00	38.00	32.00	45.00	106.00	101.00	44.00	27.00	245.00	0.00	33.00	35.00	45.00	0.00	48.00	52.00	39.00
	3201.17	0.00	38.00	32.00	46.00	106.00	101.00	43.00	27.00	246.00	0.00	33.00	37.00	45.00	0.00	48.00	52.00	37.00
	3201.18	0.00	38.00	32.00	45.00	108.00	101.00	43.00	26.00	248.00	0.00	32.00	37.00	45.00	0.00	48.00	52.00	36.00
	3201.19	0.00	38.00	30.00	45.00	109.00	101.00	43.00	27.00	247.00	0.00	32.00	37.00	45.00	0.00	48.00	52.00	34.00
	3201.20	0.00	38.00	30.00	44.00	109.00	100.00	43.00	27.00	248.00	0.00	33.00	35.00	43.00	0.00	48.00	51.00	31.00
	3201.21	0.00	37.00	29.00	45.00	109.00	100.00	43.00	27.00	245.00	0.00	33.00	36.00	45.00	0.00	48.00	52.00	33.00
	3201.22	0.00	38.00	30.00	43.00	109.00	99.00	44.00	26.00	248.00	0.00	33.00	36.00	44.00	0.00	48.00	51.00	31.00
	3201.23	0.00	38.00	28.00	42.00	109.00	99.00	44.00	27.00	243.00	0.00	33.00	36.00	42.00	0.00	47.00	51.00	32.00
	3201.24	0.00	38.00	29.00	43.00	106.00	98.00	44.00	27.00	237.00	0.00	33.00	34.00	42.00	0.00	48.00	51.00	32.00
	3201.25	0.00	38.00	30.00	42.00	105.00	96.00	43.00	27.00	237.00	0.00	33.00	36.00	41.00	0.00	48.00	49.00	32.00
	3201.26	0.00	38.00	30.00	43.00	101.00	92.00	44.00	27.00	235.00	0.00	33.00	36.00	41.00	0.00	48.00	49.00	32.00
	3201.26	0.00	38.00	25.00	42.00	100.00	88.00	44.00	27.00	233.00	0.00	32.00	35.00	41.00	0.00	47.00	48.00	32.00
	3201.27	0.00	38.00	27.00	42.00	100.00	82.00	44.00	27.00	232.00	0.00	32.00	35.00	41.00	0.00	47.00	49.00	32.00
	3201.28	0.00	38.00	26.00	42.00	95.00	77.00	44.00	27.00	232.00	0.00	32.00	35.00	40.00	0.00	48.00	48.00	32.00
	3201.29	0.00	38.00	25.00	43.00	96.00	72.00	43.00	27.00	233.00	0.00	31.00	35.00	39.00	0.00	48.00	48.00	32.00
	3201.30	0.00	38.00	25.00	43.00	97.00	67.00	44.00	27.00	231.00	0.00	31.00	35.00	40.00	0.00	47.00	47.00	32.00
	3201.31	0.00	38.00	25.00	42.00	96.00	59.00	43.00	27.00	231.00	0.00	31.00	34.00	40.00	0.00	47.00	47.00	33.00
	3201.32	0.00	37.00	26.00	42.00	94.00	58.00	43.00	27.00	225.00	0.00	31.00	34.00	39.00	0.00	47.00	47.00	31.00
	3201.33	0.00	38.00	21.00	43.00	94.00	58.00	43.00	27.00	224.00	0.00	30.00	32.00	39.00	0.00	47.00	47.00	32.00
	3201.34	0.00	37.00	20.00	42.00	91.00	57.00	44.00	27.00	222.00	0.00	29.00	33.00	38.00	0.00	47.00	47.00	33.00
	3201.35	0.00	37.00	24.00	41.00	88.00	57.00	43.00	28.00	218.00	0.00	30.00	32.00	37.00	0.00	47.00	47.00	32.00
	3201.36	0.00	37.00	23.00	42.00	87.00	57.00	43.00	28.00	216.00	0.00	29.00	29.00	37.00	0.00	46.00	46.00	33.00
	3201.37	0.00	37.00	20.00	42.00	88.00	57.00	44.00	27.00	209.00	0.00	30.00	29.00	38.00	0.00	46.00	46.00	33.00
	3201.38	0.00	37.00	25.00	41.00	87.00	57.00	43.00	27.00	205.00	0.00	30.00	28.00	36.00	0.00	46.00	46.00	33.00
	3201.39	0.00	37.00	26.00	40.00	87.00	57.00	42.00	27.00	207.00	0.00	31.00	27.00	36.00	0.00	47.00	45.00	33.00
	3201.40	0.00	37.00	23.00	41.00	84.00	57.00	42.00	28.00	209.00	0.00	32.00	28.00	35.00	0.00	47.00	44.00	31.00
	3201.41	0.00	37.00	21.00	40.00	85.00	57.00	43.00	28.00	213.00	0.00	31.00	29.00	35.00	0.00	47.00	44.00	34.00
	3201.42	0.00	37.00	20.00	42.00	82.00	57.00	43.00	28.00	210.00	0.00	31.00	27.00	35.00	0.00	47.00	44.00	34.00
	3201.43	0.00	37.00	22.00	41.00	84.00	57.00	43.00	28.00	206.00	0.00	32.00	26.00	34.00	0.00	47.00	44.00	32.00
	3201.44	0.00	37.00	24.00	42.00	84.00	56.00	42.00	29.00	201.00	0.00	32.00	27.00	34.00	0.00	48.00	44.00	34.00
	3201.45	0.00	37.00	26.00	42.00	87.00	54.00	42.00	29.00	191.00	0.00	31.00	26.00	35.00	0.00	48.00	44.00	34.00
	3201.46	0.00	36.00	19.00	42.00	84.00	52.00	42.00	29.00	183.00	0.00	32.00	28.00	35.00	0.00	48.00	45.00	34.00
	3201.47	0.00	37.00	18.00	42.00	83.00	51.00	43.00	30.00	167.00	0.00	30.00	28.00	35.00	0.00	48.00	45.00	35.00
	3201.48	0.00	36.00	19.00	42.00	82.00	51.00	43.00	30.00	163.00	0.00	30.00	28.00	36.00	0.00	48.00	44.00	34.00
	3201.49	0.00	37.00	17.00	41.00	81.00	50.00	45.00	34.00	163.00	0.00	31.00	29.00	35.00	0.00	48.00	43.00	33.00
	3201.50	0.00	37.00	18.00	40.00	84.00	50.00	45.00	36.00	152.00	0.00	30.00	27.00	35.00	0.00	48.00	43.00	34.00
	3201.51	0.00	36.00	17.00	40.00	81.00	49.00	45.00	38.00	141.00	0.00	30.00	30.00	34.00	0.00	48.00	43.00	34.00
	3201.51	0.00	37.00	19.00	40.00	80.00	50.00	44.00	39.00	134.00	0.00	30.00	30.00	35.00	0.00	48.00	44.00	34.00
	3201.52	0.00	37.00	21.00	42.00	85.00	50.00	45.00	41.00	122.00	0.00	31.00	29.00	35.00	0.00	48.00	44.00	34.00
	3201.53	0.00	37.00	17.00	41.00	85.00	49.00	45.00	42.00	107.00	0.00	32.00	28.00	35.00	0.00	48.00	44.00	32.00
	3201.54	0.00	37.00	22.00	41.00	82.00	49.00	43.00	42.00	93.00	0.00	31.00	28.00	35.00	0.00	48.00	46.00	34.00
	3201.55	0.00	37.00	16.00	40.00	76.00	49.00	42.00	43.00	61.00	0.00	32.00	28.00	36.00	0.00	48.00	46.00	35.00
	3201.56	0.00	37.00	16.00	41.00	64.00	50.00	43.00	44.00	37.00	0.00	33.00	29.00	37.00	0.00	49.00	47.00	35.00
	3201.57	0.00	37.00	15.00	39.00	59.00	50.00	42.00	43.00	34.00	0.00	34.00	30.00	37.00	0.00	49.00	47.00	35.00
	3201.58	0.00	37.00	19.00	38.00	53.00	50.00	42.00	41.00	33.00	0.00	34.00	31.00	38.00	0.00	52.00	47.00	35.00
	3201.59	0.00	37.00	17.00	39.00	35.00	48.00	42.00	38.00	32.00	0.00	35.00	32.00	38.00	0.00	57.00	48.00	35.00
	3201.60	0.00	35.00	21.00	39.00	33.00	47.00	43.00	36.00	23.00	0.00	35.00	34.00	38.00	0.00	69.00	48.00	35.00
	3201.61	0.00	36.00	19.00	37.00	36.00	46.00	42.00	33.00	0.00	0.00	36.00	33.00	39.00	0.00	102.00	49.00	35.00
	3201.62	0.00	35.00	11.00	37.00	35.00	46.00	42.00	32.00	0.00	0.00	36.00	37.00	40.00	0.00	114.00	52.00	37.00
	3201.63	0.00	35.00	9.00	35.00	34.00	45.00	38.00	29.00	0.00	0.00	36.00	41.00	41.00	0.00	110.00	55.00	37.00
	3201.64	0.00	35.00	13.00	35.00	31.00	41.00	40.00	30.00	0.00	0.00	35.00	40.00	42.00	0.00	113.00	56.00	37.00
	3201.65	0.00	35.00	7.00	34.00	28.00	40.00	39.00	29.00	0.00	0.00	35.00	40.00	43.00	0.00	121.00	57.00	37.00
	3201.66	0.00	35.00	5.00	33.00	30.00	40.00	40.00	30.00	0.00	0.00	35.00	41.00	44.00	0.00	118.00	57.00	37.00
	3201.67	0.00	35.00	7.00	31.00	30.00	41.00	40.00	30.00	0.00	0.00	36.00	44.00	43.00	7.00	113.00	60.00	38.00
	3201.68	0.00	35.00	1.00	26.00	30.00	41.00	36.00	28.00	0.00	0.00	37.00	45.00	45.00	12.00	115.00	64.00	40.00
	3201.69	0.00	35.00	4.00	23.00	29.00	40.00	34.00	27.00	0.00	0.00	37.00	48.00	45.00	13.00	119.00	65.00	41.00
	3201.69	0.00	35.00	0.00	26.00	27.00	40.00	33.00	28.00	0.00	0.00	38.00	55.00	45.00	14.00	139.00	71.00	41.00
	3201.70	0.00	35.00	0.00	28.00	25.00	40.00	33.00	28.00	0.00	0.00	37.00	55.00	45.00	14.00	154.00	82.00	39.00
	3201.71	0.00	33.00	0.00	27.00	6.00	39.00	30.00	28.00	0.00	0.00	37.00	57.00	45.00	13.00	162.00	90.00	40.00
	3201.72	0.00	35.00	0.00	29.00	14.00	40.00	32.00	27.00	0.00	0.00	37.00	56.00	45.00	15.00	155.00	92.00	41.00
	3201.73	0.00	34.00	0.00	29.00	13.00	40.00	35.00	27.00	0.00	0.00	37.00	48.00	45.00	14.00	140.00	94.00	40.00
	3201.74	0.00	35.00	0.00	30.00	12.00	41.00	36.00	27.00	0.00	0.00	37.00	47.00	45.00	14.00	133.00	94.00	39.00
	3201.75	0.00	34.00	0.00	30.00	11.00	42.00	35.00	27.00	0.00	0.00	37.00	46.00	45.00	14.00	130.00	96.00	38.00
	3201.76	0.00	34.00	0.00	31.00	10.00	42.00	36.00	28.00	0.00	0.00	37.00	46.00	45.00	13.00	134.00	96.00	38.00
	3201.77	0.00	34.00	0.00	32.00	12.00	42.00	34.00	28.00	0.00	0.00	37.00	46.00	45.00	14.00	138.00	96.00	38.00
	3201.78	0.00	35.00	0.00	32.00	15.00	42.00	34.00	29.00	0.00	0.00	37.00	46.00	45.00	14.00	140.00	97.00	38.00
	3201.79	0.00	35.00	0.00	32.00	18.00	41.00	34.00	31.00	0.00	0.00	37.00	48.00	45.00	12.00	139.00	97.00	39.00
	3201.80	0.00	35.00	0.00	33.00	17.00	41.00	32.00	30.00	0.00	0.00	37.00	46.00	45.00	13.00	134.00	97.00	40.00
	3201.81	0.00	36.00	0.00	33.00	19.00	42.00	32.00	29.00	0.00	0.00	37.00	47.00	44.00	14.00	129.00	99.00	39.00
	3201.82	0.00	35.00	0.00	34.00	20.00	42.00	30.00	27.00	0.00	0.00	37.00	48.00	45.00	12.00	119.00	98.00	39.00
	3201.83	0.00	36.00	0.00	34.00	21.00	43.00	31.00	27.00	0.00	0.00	37.00	47.00	45.00	8.00	114.00	100.00	39.00
	3201.84	0.00	36.00	0.00	34.00	19.00	43.00	31.00	27.00	0.00	0.00	37.00	48.00	45.00	11.00	101.00	100.00	38.00
	3201.85	0.00	37.00	0.00	35.00	20.00	43.00	33.00	27.00	0.00	0.00	37.00	48.00	44.00	13.00	93.00	99.00	37.00
	3201.86	0.00	37.00	0.00	34.00	20.00	43.00	33.00	26.00	0.00	0.00	36.00	47.00	44.00	4.00	83.00	99.00	37.00
	3201.87	0.00	37.00	0.00	34.00	18.00	43.00	34.00	25.00	0.00	0.00	36.00	48.00	45.00	4.00	79.00	98.00	36.00
	3201.88	0.00	37.00	0.00	34.00	17.00	43.00	34.00	24.00	0.00	0.00	36.00	49.00	44.00	3.00	73.00	98.00	36.00
	3201.89	0.00	35.00	0.00	33.00	19.00	43.00	34.00	0.00	0.00	0.00	35.00	49.00	44.00	3.00	70.00	97.00	35.00
	3201.89	0.00	35.00	0.00	33.00	17.00	43.00	33.00	0.00	0.00	0.00	34.00	49.00	43.00	2.00	66.00	94.00	35.00
	3201.90	0.00	36.00	0.00	33.00	16.00	43.00	33.00	0.00	0.00	0.00	34.00	50.00	42.00	0.00	63.00	88.00	36.00
	3201.91	0.00	36.00	0.00	34.00	18.00	43.00	34.00	0.00	0.00	0.00	34.00	50.00	43.00	2.00	62.00	80.00	36.00
	3201.92	0.00	34.00	0.00	34.00	16.00	43.00	35.00	0.00	5.00	0.00	35.00	49.00	44.00	3.00	61.00	78.00	35.00
	3201.93	0.00	33.00	0.00	33.00	16.00	43.00	35.00	0.00	9.00	0.00	34.00	55.00	44.00	0.00	59.00	80.00	36.00
	3201.94	0.00	33.00	0.00	34.00	18.00	43.00	36.00	0.00	6.00	0.00	34.00	58.00	44.00	0.00	57.00	87.00	36.00
	3201.95	0.00	33.00	0.00	35.00	16.00	43.00	36.00	0.00	0.00	0.00	33.00	61.00	44.00	1.00	57.00	98.00	37.00
	3201.96	0.00	33.00	0.00	34.00	16.00	43.00	37.00	0.00	6.00	0.00	33.00	65.00	44.00	2.00	57.00	97.00	37.00
	3201.97	0.00	32.00	0.00	33.00	6.00	50.00	36.00	0.00	20.00	0.00	33.00	68.00	44.00	2.00	58.00	107.00	37.00
	3201.98	0.00	21.00	0.00	32.00	4.00	54.00	37.00	0.00	26.00	0.00	33.00	71.00	44.00	3.00	66.00	113.00	41.00
	3201.99	0.00	20.00	0.00	30.00	5.00	55.00	34.00	0.00	26.00	25.00	33.00	74.00	44.00	4.00	70.00	125.00	44.00
	3202.00	0.00	22.00	0.00	31.00	3.00	50.00	34.00	0.00	4.00	38.00	34.00	77.00	45.00	6.00	76.00	134.00	44.00
	3202.01	0.00	20.00	0.00	31.00	3.00	45.00	17.00	0.00	1.00	48.00	34.00	84.00	45.00	7.00	84.00	162.00	66.00
	3202.02	0.00	19.00	0.00	31.00	2.00	42.00	17.00	0.00	13.00	56.00	36.00	112.00	46.00	8.00	96.00	188.00	82.00
	3202.03	0.00	19.00	0.00	31.00	10.00	42.00	17.00	0.00	46.00	60.00	36.00	128.00	46.00	8.00	109.00	202.00	109.00
	3202.04	0.00	19.00	0.00	30.00	12.00	42.00	17.00	0.00	96.00	67.00	36.00	136.00	47.00	9.00	162.00	206.00	130.00
	3202.05	0.00	20.00	8.00	35.00	15.00	42.00	34.00	21.00	149.00	83.00	36.00	146.00	48.00	10.00	184.00	211.00	146.00
	3202.06	0.00	30.00	12.00	36.00	21.00	43.00	34.00	24.00	169.00	89.00	36.00	151.00	48.00	10.00	187.00	214.00	153.00
	3202.07	0.00	30.00	16.00	36.00	23.00	44.00	33.00	25.00	159.00	91.00	36.00	153.00	48.00	10.00	189.00	215.00	155.00
	3202.08	0.00	31.00	20.00	37.00	56.00	44.00	35.00	25.00	159.00	95.00	36.00	152.00	48.00	10.00	186.00	216.00	168.00
	3202.08	0.00	32.00	20.00	38.00	73.00	46.00	36.00	26.00	178.00	94.00	36.00	155.00	48.00	10.00	165.00	216.00	161.00
	3202.10	0.00	35.00	20.00	40.00	83.00	52.00	37.00	26.00	204.00	93.00	35.00	156.00	47.00	9.00	160.00	219.00	159.00
	3202.11	0.00	37.00	22.00	43.00	99.00	55.00	38.00	26.00	218.00	93.00	35.00	156.00	48.00	9.00	159.00	219.00	153.00
	3202.11	0.00	38.00	24.00	45.00	111.00	75.00	39.00	26.00	226.00	91.00	35.00	155.00	48.00	7.00	157.00	218.00	144.00
	3202.12	0.00	38.00	27.00	46.00	128.00	85.00	43.00	28.00	233.00	92.00	34.00	156.00	47.00	6.00	153.00	214.00	140.00
	3202.14	0.00	40.00	36.00	46.00	145.00	112.00	45.00	41.00	244.00	82.00	34.00	147.00	45.00	5.00	141.00	208.00	136.00
	3202.14	0.00	39.00	43.00	47.00	158.00	144.00	42.00	68.00	261.00	65.00	33.00	131.00	45.00	4.00	96.00	198.00	115.00
	3202.15	0.00	41.00	48.00	48.00	171.00	160.00	43.00	91.00	266.00	50.00	33.00	93.00	44.00	5.00	83.00	157.00	100.00
	3202.16	0.00	43.00	47.00	51.00	184.00	173.00	43.00	99.00	255.00	9.00	32.00	82.00	43.00	4.00	69.00	139.00	76.00
	3202.17	0.00	46.00	52.00	53.00	192.00	185.00	43.00	103.00	234.00	0.00	31.00	69.00	42.00	3.00	55.00	111.00	47.00
	3202.18	0.00	48.00	44.00	51.00	196.00	191.00	44.00	106.00	230.00	0.00	31.00	49.00	40.00	4.00	50.00	56.00	42.00
	3202.19	0.00	40.00	43.00	48.00	195.00	191.00	44.00	98.00	231.00	0.00	31.00	47.00	40.00	0.00	49.00	51.00	41.00
	3202.20	0.00	38.00	40.00	49.00	194.00	185.00	44.00	81.00	223.00	0.00	31.00	39.00	38.00	2.00	48.00	51.00	38.00
	3202.21	0.00	39.00	40.00	50.00	188.00	183.00	44.00	70.00	216.00	0.00	31.00	40.00	37.00	3.00	48.00	49.00	39.00
	3202.22	0.00	39.00	38.00	49.00	185.00	184.00	44.00	66.00	211.00	0.00	29.00	40.00	38.00	3.00	48.00	48.00	35.00
	3202.23	0.00	39.00	39.00	49.00	184.00	184.00	44.00	71.00	223.00	0.00	28.00	38.00	38.00	4.00	49.00	48.00	34.00
	3202.24	0.00	39.00	40.00	49.00	181.00	186.00	44.00	74.00	229.00	0.00	22.00	40.00	38.00	4.00	49.00	48.00	32.00
	3202.25	0.00	39.00	42.00	49.00	183.00	188.00	44.00	81.00	236.00	0.00	16.00	38.00	39.00	3.00	49.00	47.00	32.00
	3202.26	0.00	40.00	42.00	50.00	182.00	187.00	43.00	79.00	237.00	0.00	14.00	38.00	39.00	4.00	48.00	46.00	32.00
	3202.27	0.00	40.00	39.00	51.00	182.00	184.00	44.00	67.00	229.00	0.00	17.00	39.00	39.00	3.00	47.00	46.00	32.00
	3202.28	0.00	39.00	28.00	50.00	177.00	172.00	43.00	55.00	226.00	0.00	19.00	37.00	38.00	2.00	47.00	46.00	32.00
	3202.29	0.00	39.00	28.00	50.00	175.00	165.00	44.00	52.00	214.00	0.00	20.00	36.00	38.00	2.00	45.00	46.00	32.00
	3202.30	0.00	39.00	30.00	50.00	174.00	158.00	43.00	51.00	214.00	0.00	25.00	34.00	38.00	2.00	45.00	47.00	32.00
	3202.31	0.00	39.00	30.00	51.00	172.00	150.00	44.00	50.00	217.00	0.00	24.00	36.00	37.00	0.00	44.00	45.00	28.00
	3202.32	0.00	39.00	29.00	50.00	171.00	140.00	44.00	49.00	217.00	0.00	26.00	33.00	36.00	0.00	44.00	44.00	30.00
	3202.33	0.00	38.00	30.00	52.00	169.00	133.00	44.00	50.00	213.00	0.00	26.00	32.00	36.00	0.00	45.00	43.00	28.00
	3202.34	0.00	38.00	30.00	50.00	168.00	129.00	44.00	49.00	194.00	0.00	26.00	34.00	36.00	0.00	45.00	43.00	26.00
	3202.35	0.00	38.00	31.00	51.00	167.00	128.00	44.00	50.00	191.00	0.00	26.00	34.00	36.00	0.00	45.00	41.00	30.00
	3202.36	0.00	39.00	28.00	52.00	164.00	125.00	44.00	50.00	190.00	0.00	26.00	32.00	36.00	0.00	46.00	41.00	29.00
	3202.37	0.00	38.00	23.00	52.00	162.00	123.00	44.00	49.00	187.00	0.00	26.00	33.00	35.00	0.00	45.00	42.00	32.00
	3202.38	0.00	38.00	23.00	52.00	160.00	107.00	44.00	55.00	170.00	0.00	25.00	33.00	36.00	0.00	44.00	41.00	30.00
	3202.39	0.00	39.00	25.00	51.00	158.00	99.00	44.00	46.00	161.00	0.00	25.00	31.00	36.00	0.00	43.00	42.00	30.00
	3202.40	0.00	38.00	20.00	50.00	148.00	93.00	44.00	46.00	162.00	0.00	23.00	30.00	36.00	0.00	44.00	42.00	31.00
	3202.41	0.00	38.00	21.00	50.00	133.00	80.00	44.00	43.00	157.00	0.00	24.00	28.00	37.00	0.00	44.00	43.00	30.00
	3202.42	0.00	37.00	19.00	50.00	129.00	66.00	45.00	42.00	147.00	0.00	24.00	30.00	36.00	0.00	43.00	41.00	31.00
	3202.43	0.00	37.00	20.00	50.00	124.00	59.00	44.00	43.00	132.00	0.00	23.00	29.00	38.00	0.00	44.00	42.00	33.00
	3202.44	0.00	37.00	21.00	49.00	119.00	57.00	44.00	42.00	112.00	0.00	24.00	27.00	38.00	0.00	44.00	42.00	35.00
	3202.45	0.00	36.00	17.00	48.00	114.00	56.00	44.00	42.00	88.00	0.00	25.00	26.00	38.00	0.00	44.00	42.00	34.00
	3202.45	0.00	35.00	16.00	45.00	111.00	55.00	44.00	42.00	74.00	0.00	23.00	28.00	37.00	0.00	45.00	42.00	35.00
	3202.46	0.00	35.00	17.00	42.00	109.00	54.00	45.00	43.00	57.00	0.00	24.00	27.00	38.00	0.00	44.00	43.00	32.00
	3202.47	0.00	35.00	17.00	43.00	104.00	54.00	45.00	44.00	19.00	0.00	25.00	28.00	37.00	0.00	43.00	43.00	32.00
	3202.48	0.00	36.00	18.00	42.00	97.00	49.00	47.00	46.00	12.00	0.00	24.00	27.00	36.00	0.00	43.00	44.00	33.00
	3202.49	0.00	35.00	17.00	42.00	88.00	52.00	45.00	50.00	0.00	0.00	24.00	25.00	36.00	0.00	45.00	44.00	32.00
	3202.50	0.00	37.00	17.00	44.00	94.00	52.00	45.00	59.00	0.00	0.00	24.00	26.00	36.00	0.00	46.00	42.00	33.00
	3202.51	0.00	36.00	24.00	41.00	104.00	53.00	44.00	68.00	5.00	0.00	24.00	27.00	36.00	0.00	46.00	41.00	32.00
	3202.52	0.00	36.00	25.00	45.00	107.00	53.00	45.00	76.00	11.00	0.00	23.00	26.00	36.00	0.00	46.00	42.00	33.00
	3202.53	0.00	36.00	28.00	43.00	110.00	54.00	44.00	88.00	29.00	0.00	26.00	26.00	36.00	0.00	47.00	42.00	33.00
	3202.54	0.00	37.00	29.00	45.00	123.00	56.00	46.00	95.00	42.00	0.00	27.00	27.00	35.00	3.00	47.00	43.00	33.00
	3202.55	0.00	37.00	34.00	48.00	127.00	66.00	45.00	120.00	63.00	0.00	29.00	27.00	35.00	3.00	47.00	44.00	32.00
	3202.56	0.00	39.00	39.00	49.00	127.00	68.00	43.00	131.00	77.00	0.00	30.00	28.00	35.00	2.00	48.00	46.00	35.00
	3202.57	0.00	51.00	42.00	53.00	128.00	74.00	45.00	137.00	96.00	0.00	31.00	28.00	35.00	3.00	48.00	47.00	35.00
	3202.58	0.00	57.00	55.00	69.00	134.00	77.00	49.00	141.00	117.00	0.00	31.00	27.00	36.00	2.00	48.00	46.00	35.00
	3202.59	0.00	62.00	66.00	76.00	137.00	79.00	52.00	143.00	148.00	0.00	31.00	29.00	36.00	2.00	47.00	46.00	35.00
	3202.60	0.00	66.00	82.00	79.00	141.00	82.00	57.00	144.00	155.00	0.00	31.00	31.00	36.00	4.00	48.00	47.00	34.00
	3202.61	0.00	73.00	87.00	79.00	146.00	86.00	61.00	143.00	148.00	0.00	31.00	31.00	36.00	4.00	48.00	46.00	35.00
	3202.62	0.00	80.00	95.00	83.00	143.00	86.00	60.00	147.00	154.00	0.00	32.00	29.00	37.00	5.00	48.00	47.00	34.00
	3202.63	0.00	83.00	96.00	83.00	146.00	87.00	60.00	153.00	150.00	0.00	32.00	32.00	37.00	5.00	49.00	47.00	35.00
	3202.64	0.00	83.00	95.00	82.00	146.00	85.00	63.00	152.00	142.00	0.00	33.00	31.00	38.00	4.00	48.00	48.00	36.00
	3202.65	0.00	74.00	94.00	81.00	147.00	82.00	57.00	146.00	119.00	0.00	33.00	33.00	38.00	0.00	55.00	49.00	36.00
	3202.66	0.00	69.00	88.00	78.00	140.00	71.00	47.00	145.00	88.00	0.00	34.00	33.00	38.00	0.00	64.00	49.00	36.00
	3202.67	0.00	63.00	75.00	67.00	138.00	63.00	42.00	142.00	45.00	0.00	36.00	36.00	39.00	0.00	73.00	50.00	38.00
	3202.68	0.00	53.00	56.00	50.00	133.00	54.00	42.00	142.00	0.00	0.00	37.00	37.00	40.00	0.00	108.00	53.00	38.00
	3202.69	0.00	38.00	43.00	48.00	128.00	53.00	42.00	118.00	0.00	0.00	37.00	34.00	40.00	5.00	123.00	55.00	41.00
	3202.70	0.00	37.00	33.00	44.00	117.00	50.00	42.00	109.00	0.00	0.00	38.00	35.00	40.00	10.00	154.00	58.00	43.00
	3202.70	0.00	37.00	16.00	42.00	106.00	46.00	42.00	85.00	0.00	0.00	37.00	35.00	40.00	11.00	168.00	64.00	42.00
	3202.71	0.00	36.00	11.00	37.00	98.00	44.00	40.00	71.00	0.00	0.00	37.00	36.00	40.00	10.00	161.00	67.00	43.00
	3202.72	0.00	36.00	8.00	37.00	47.00	43.00	40.00	50.00	0.00	0.00	37.00	35.00	41.00	11.00	139.00	65.00	42.00
	3202.73	0.00	35.00	10.00	33.00	42.00	40.00	36.00	39.00	0.00	0.00	37.00	38.00	42.00	13.00	114.00	64.00	40.00
	3202.74	0.00	35.00	10.00	29.00	39.00	40.00	34.00	29.00	0.00	0.00	36.00	36.00	42.00	13.00	109.00	66.00	40.00
	3202.75	0.00	34.00	1.00	25.00	25.00	39.00	27.00	28.00	0.00	0.00	37.00	36.00	43.00	13.00	109.00	70.00	39.00
	3202.76	0.00	33.00	0.00	24.00	21.00	39.00	30.00	27.00	0.00	0.00	37.00	36.00	43.00	13.00	114.00	76.00	42.00
	3202.77	0.00	33.00	0.00	26.00	16.00	40.00	31.00	27.00	0.00	0.00	37.00	36.00	43.00	13.00	135.00	84.00	43.00
	3202.78	0.00	33.00	0.00	25.00	13.00	40.00	32.00	27.00	0.00	0.00	37.00	37.00	43.00	15.00	144.00	92.00	44.00
	3202.79	0.00	34.00	0.00	28.00	13.00	40.00	34.00	27.00	0.00	0.00	37.00	37.00	43.00	15.00	148.00	104.00	42.00
	3202.80	0.00	34.00	0.00	29.00	18.00	40.00	35.00	26.00	0.00	0.00	37.00	37.00	43.00	15.00	141.00	102.00	44.00
	3202.81	0.00	34.00	0.00	29.00	16.00	40.00	36.00	26.00	0.00	0.00	37.00	36.00	43.00	14.00	126.00	104.00	43.00
	3202.82	0.00	34.00	0.00	30.00	15.00	39.00	36.00	26.00	0.00	0.00	37.00	38.00	42.00	15.00	112.00	101.00	40.00
	3202.83	0.00	34.00	0.00	30.00	15.00	38.00	36.00	27.00	0.00	0.00	37.00	37.00	43.00	12.00	98.00	99.00	39.00
	3202.84	0.00	33.00	0.00	28.00	11.00	39.00	31.00	26.00	0.00	0.00	37.00	38.00	43.00	12.00	80.00	100.00	39.00
	3202.85	0.00	33.00	0.00	30.00	3.00	39.00	21.00	26.00	0.00	0.00	37.00	37.00	43.00	10.00	77.00	97.00	38.00
	3202.86	0.00	33.00	0.00	27.00	2.00	39.00	20.00	27.00	0.00	0.00	37.00	37.00	43.00	10.00	75.00	97.00	39.00
	3202.87	0.00	33.00	0.00	29.00	4.00	39.00	20.00	27.00	0.00	0.00	36.00	38.00	42.00	10.00	75.00	97.00	39.00
	3202.88	0.00	33.00	0.00	29.00	3.00	39.00	14.00	27.00	0.00	0.00	36.00	38.00	42.00	10.00	75.00	94.00	39.00
	3202.89	0.00	33.00	0.00	29.00	0.00	39.00	10.00	26.00	0.00	0.00	35.00	38.00	42.00	9.00	71.00	93.00	39.00
	3202.89	0.00	33.00	0.00	29.00	1.00	39.00	1.00	26.00	0.00	0.00	36.00	40.00	42.00	10.00	69.00	83.00	39.00
	3202.91	0.00	33.00	0.00	29.00	1.00	39.00	2.00	25.00	0.00	0.00	35.00	40.00	42.00	9.00	64.00	77.00	38.00
	3202.91	0.00	33.00	0.00	30.00	2.00	40.00	13.00	25.00	0.00	0.00	35.00	40.00	42.00	8.00	61.00	73.00	38.00
	3202.92	0.00	32.00	0.00	29.00	2.00	39.00	14.00	16.00	0.00	0.00	34.00	39.00	41.00	7.00	61.00	66.00	37.00
	3202.93	0.00	32.00	0.00	29.00	1.00	39.00	13.00	0.00	0.00	0.00	34.00	39.00	41.00	5.00	60.00	63.00	36.00
	3202.94	0.00	31.00	0.00	28.00	0.00	39.00	14.00	0.00	0.00	0.00	34.00	40.00	41.00	4.00	59.00	61.00	36.00
	3202.95	0.00	31.00	0.00	28.00	1.00	39.00	14.00	0.00	0.00	0.00	33.00	45.00	41.00	4.00	58.00	60.00	36.00
	3202.96	0.00	32.00	0.00	29.00	1.00	38.00	33.00	0.00	0.00	0.00	33.00	46.00	41.00	0.00	54.00	60.00	36.00
	3202.97	0.00	32.00	0.00	29.00	1.00	39.00	32.00	0.00	0.00	0.00	33.00	47.00	41.00	0.00	52.00	60.00	36.00
	3202.98	0.00	32.00	0.00	29.00	1.00	39.00	35.00	0.00	0.00	0.00	33.00	46.00	41.00	0.00	51.00	60.00	36.00
	3202.99	0.00	32.00	0.00	29.00	1.00	40.00	34.00	0.00	0.00	0.00	33.00	48.00	41.00	0.00	50.00	59.00	38.00
	3203.00	0.00	32.00	0.00	29.00	2.00	40.00	35.00	0.00	0.00	0.00	33.00	47.00	41.00	0.00	51.00	60.00	38.00
	3203.01	0.00	32.00	0.00	29.00	2.00	41.00	34.00	0.00	0.00	0.00	33.00	47.00	42.00	0.00	51.00	61.00	39.00
	3203.02	0.00	33.00	0.00	29.00	2.00	41.00	35.00	0.00	0.00	0.00	33.00	58.00	42.00	0.00	51.00	63.00	37.00
	3203.03	0.00	32.00	0.00	28.00	2.00	41.00	36.00	0.00	0.00	0.00	33.00	60.00	43.00	0.00	53.00	72.00	39.00
	3203.04	0.00	32.00	0.00	28.00	2.00	41.00	36.00	0.00	0.00	0.00	33.00	63.00	43.00	0.00	55.00	88.00	39.00
	3203.04	0.00	32.00	0.00	28.00	1.00	41.00	36.00	0.00	0.00	0.00	34.00	70.00	42.00	0.00	55.00	103.00	39.00
	3203.05	0.00	32.00	0.00	28.00	0.00	43.00	35.00	0.00	0.00	0.00	34.00	76.00	44.00	0.00	63.00	113.00	41.00
	3203.06	0.00	32.00	0.00	27.00	1.00	40.00	35.00	0.00	0.00	11.00	34.00	81.00	44.00	0.00	70.00	131.00	44.00
	3203.07	0.00	30.00	0.00	28.00	0.00	40.00	21.00	0.00	0.00	32.00	35.00	84.00	45.00	0.00	73.00	146.00	49.00
	3203.08	0.00	20.00	0.00	27.00	0.00	39.00	12.00	0.00	0.00	39.00	34.00	115.00	44.00	0.00	84.00	163.00	68.00
	3203.09	0.00	17.00	0.00	28.00	0.00	36.00	12.00	0.00	0.00	52.00	36.00	126.00	45.00	2.00	94.00	172.00	81.00
	3203.10	0.00	19.00	0.00	28.00	0.00	36.00	0.00	0.00	0.00	56.00	36.00	138.00	46.00	5.00	108.00	184.00	96.00
	3203.11	0.00	16.00	0.00	28.00	0.00	37.00	0.00	0.00	0.00	64.00	37.00	144.00	46.00	6.00	135.00	198.00	120.00
	3203.12	0.00	20.00	0.00	28.00	0.00	37.00	1.00	0.00	5.00	68.00	36.00	155.00	47.00	6.00	174.00	212.00	132.00
	3203.13	0.00	16.00	0.00	30.00	0.00	38.00	0.00	0.00	33.00	64.00	36.00	161.00	48.00	7.00	187.00	220.00	165.00
	3203.14	0.00	20.00	0.00	31.00	6.00	40.00	12.00	0.00	41.00	92.00	36.00	164.00	48.00	7.00	195.00	223.00	168.00
	3203.15	0.00	29.00	0.00	31.00	10.00	40.00	17.00	0.00	56.00	94.00	36.00	167.00	48.00	7.00	201.00	227.00	178.00
	3203.16	0.00	29.00	0.00	32.00	13.00	40.00	20.00	0.00	71.00	98.00	37.00	168.00	48.00	7.00	205.00	230.00	185.00
	3203.17	0.00	31.00	0.00	36.00	21.00	40.00	22.00	15.00	93.00	98.00	37.00	169.00	48.00	7.00	206.00	232.00	180.00
	3203.18	0.00	32.00	0.00	36.00	27.00	41.00	35.00	23.00	111.00	95.00	36.00	170.00	48.00	7.00	206.00	232.00	177.00
	3203.19	0.00	33.00	16.00	37.00	63.00	44.00	36.00	24.00	127.00	95.00	35.00	167.00	48.00	7.00	205.00	231.00	180.00
	3203.20	0.00	35.00	18.00	41.00	92.00	46.00	37.00	23.00	156.00	92.00	36.00	167.00	47.00	7.00	197.00	229.00	168.00
	3203.21	0.00	36.00	22.00	44.00	118.00	57.00	39.00	25.00	212.00	87.00	35.00	160.00	47.00	6.00	171.00	227.00	156.00
	3203.22	0.00	37.00	22.00	45.00	139.00	80.00	42.00	26.00	235.00	71.00	34.00	144.00	46.00	6.00	154.00	220.00	146.00
	3203.23	0.00	40.00	25.00	46.00	155.00	108.00	42.00	39.00	252.00	67.00	33.00	134.00	45.00	5.00	105.00	214.00	135.00
	3203.24	0.00	41.00	32.00	45.00	161.00	130.00	43.00	47.00	256.00	55.00	32.00	108.00	44.00	3.00	96.00	202.00	117.00
	3203.25	0.00	40.00	36.00	47.00	165.00	145.00	43.00	50.00	236.00	17.00	31.00	86.00	44.00	0.00	80.00	156.00	99.00
	3203.26	0.00	40.00	28.00	46.00	168.00	149.00	43.00	46.00	221.00	0.00	30.00	79.00	43.00	0.00	72.00	134.00	65.00
	3203.27	0.00	40.00	29.00	48.00	171.00	150.00	44.00	46.00	203.00	0.00	30.00	71.00	43.00	0.00	55.00	101.00	46.00
	3203.28	0.00	40.00	28.00	48.00	173.00	159.00	44.00	48.00	200.00	0.00	29.00	48.00	38.00	0.00	49.00	54.00	43.00
	3203.29	0.00	40.00	29.00	49.00	179.00	165.00	44.00	55.00	205.00	0.00	29.00	41.00	39.00	0.00	49.00	52.00	38.00
	3203.30	0.00	39.00	29.00	47.00	180.00	174.00	44.00	58.00	213.00	0.00	29.00	38.00	37.00	0.00	47.00	51.00	40.00
	3203.30	0.00	40.00	34.00	47.00	181.00	176.00	44.00	64.00	226.00	0.00	29.00	37.00	36.00	0.00	47.00	48.00	39.00
	3203.31	0.00	40.00	38.00	49.00	184.00	178.00	44.00	69.00	229.00	0.00	29.00	39.00	36.00	0.00	47.00	48.00	38.00
	3203.32	0.00	40.00	37.00	46.00	185.00	181.00	44.00	72.00	227.00	0.00	27.00	37.00	36.00	0.00	47.00	47.00	38.00
	3203.33	0.00	40.00	33.00	48.00	185.00	182.00	44.00	69.00	226.00	0.00	22.00	38.00	37.00	0.00	48.00	47.00	37.00
	3203.34	0.00	39.00	28.00	50.00	186.00	178.00	44.00	58.00	222.00	0.00	17.00	38.00	38.00	0.00	48.00	47.00	33.00
	3203.35	0.00	39.00	28.00	50.00	181.00	169.00	44.00	50.00	221.00	0.00	14.00	37.00	39.00	0.00	48.00	46.00	32.00
	3203.36	0.00	39.00	30.00	49.00	180.00	165.00	44.00	47.00	220.00	0.00	13.00	37.00	39.00	0.00	47.00	45.00	33.00
	3203.37	0.00	39.00	30.00	50.00	181.00	161.00	44.00	47.00	222.00	0.00	15.00	37.00	38.00	0.00	47.00	44.00	31.00
	3203.38	0.00	39.00	26.00	50.00	179.00	152.00	44.00	45.00	217.00	0.00	18.00	36.00	38.00	0.00	46.00	45.00	31.00
	3203.39	0.00	40.00	26.00	50.00	178.00	144.00	44.00	45.00	211.00	0.00	24.00	38.00	38.00	0.00	45.00	43.00	31.00
	3203.40	0.00	39.00	27.00	50.00	178.00	143.00	45.00	46.00	208.00	0.00	25.00	35.00	37.00	0.00	45.00	44.00	31.00
	3203.41	0.00	40.00	29.00	49.00	177.00	142.00	44.00	47.00	211.00	0.00	25.00	34.00	36.00	0.00	44.00	45.00	29.00
	3203.42	0.00	39.00	29.00	50.00	178.00	142.00	44.00	48.00	207.00	0.00	25.00	35.00	36.00	0.00	45.00	43.00	30.00
	3203.43	0.00	39.00	29.00	51.00	179.00	135.00	45.00	50.00	199.00	0.00	27.00	35.00	36.00	0.00	46.00	42.00	28.00
	3203.44	0.00	39.00	28.00	50.00	176.00	131.00	44.00	51.00	192.00	0.00	27.00	33.00	36.00	0.00	47.00	42.00	27.00
	3203.45	0.00	39.00	28.00	51.00	176.00	126.00	45.00	51.00	184.00	0.00	28.00	35.00	36.00	0.00	47.00	41.00	27.00
	3203.46	0.00	38.00	27.00	51.00	172.00	105.00	45.00	53.00	181.00	0.00	27.00	35.00	36.00	0.00	47.00	41.00	29.00
	3203.47	0.00	37.00	26.00	51.00	165.00	101.00	45.00	51.00	172.00	0.00	28.00	33.00	36.00	0.00	47.00	41.00	30.00
	3203.48	0.00	37.00	28.00	51.00	155.00	90.00	44.00	50.00	164.00	0.00	27.00	32.00	36.00	0.00	47.00	43.00	30.00
	3203.49	0.00	37.00	26.00	51.00	141.00	80.00	44.00	47.00	150.00	0.00	25.00	33.00	36.00	0.00	45.00	43.00	31.00
	3203.50	0.00	37.00	30.00	50.00	131.00	69.00	44.00	45.00	125.00	0.00	26.00	31.00	37.00	0.00	45.00	43.00	33.00
	3203.51	0.00	37.00	29.00	49.00	128.00	58.00	44.00	43.00	96.00	0.00	25.00	29.00	37.00	0.00	46.00	43.00	33.00
	3203.52	0.00	36.00	28.00	49.00	122.00	56.00	44.00	42.00	69.00	0.00	24.00	30.00	37.00	0.00	45.00	44.00	33.00
	3203.53	0.00	36.00	27.00	43.00	111.00	55.00	43.00	38.00	53.00	0.00	24.00	27.00	37.00	0.00	45.00	45.00	33.00
	3203.54	0.00	36.00	24.00	43.00	108.00	55.00	46.00	36.00	35.00	0.00	25.00	26.00	38.00	0.00	44.00	45.00	31.00
	3203.55	0.00	35.00	27.00	42.00	101.00	55.00	44.00	36.00	30.00	0.00	25.00	27.00	38.00	0.00	44.00	46.00	34.00
	3203.56	0.00	35.00	17.00	41.00	99.00	53.00	45.00	37.00	0.00	0.00	24.00	29.00	36.00	0.00	44.00	46.00	35.00
	3203.57	0.00	35.00	25.00	41.00	94.00	51.00	45.00	39.00	0.00	0.00	26.00	30.00	37.00	0.00	44.00	45.00	34.00
	3203.57	0.00	36.00	22.00	38.00	89.00	50.00	45.00	40.00	2.00	0.00	26.00	28.00	36.00	0.00	45.00	44.00	34.00
	3203.58	0.00	37.00	25.00	38.00	84.00	50.00	46.00	43.00	0.00	0.00	26.00	26.00	37.00	0.00	45.00	45.00	35.00
	3203.59	0.00	36.00	25.00	40.00	91.00	50.00	44.00	44.00	0.00	0.00	25.00	28.00	36.00	0.00	45.00	45.00	34.00
	3203.60	0.00	36.00	26.00	42.00	96.00	50.00	45.00	51.00	0.00	0.00	25.00	26.00	36.00	0.00	45.00	44.00	33.00
	3203.61	0.00	36.00	21.00	43.00	98.00	52.00	46.00	57.00	0.00	0.00	25.00	25.00	34.00	0.00	46.00	44.00	33.00
	3203.62	0.00	36.00	28.00	43.00	111.00	53.00	44.00	66.00	6.00	0.00	25.00	25.00	36.00	0.00	47.00	45.00	32.00
	3203.63	0.00	37.00	26.00	44.00	111.00	53.00	44.00	71.00	13.00	0.00	26.00	24.00	36.00	0.00	47.00	44.00	32.00
	3203.64	0.00	36.00	33.00	45.00	116.00	53.00	45.00	85.00	24.00	0.00	26.00	24.00	36.00	0.00	47.00	46.00	33.00
	3203.65	0.00	36.00	39.00	46.00	120.00	55.00	45.00	90.00	31.00	0.00	26.00	26.00	35.00	0.00	47.00	46.00	34.00
	3203.66	0.00	37.00	39.00	46.00	117.00	54.00	44.00	93.00	40.00	0.00	28.00	28.00	36.00	0.00	47.00	47.00	35.00
	3203.67	0.00	37.00	43.00	47.00	121.00	58.00	44.00	105.00	45.00	0.00	28.00	27.00	36.00	0.00	47.00	47.00	36.00
	3203.68	0.00	38.00	45.00	47.00	126.00	55.00	45.00	107.00	45.00	0.00	31.00	29.00	36.00	0.00	46.00	46.00	36.00
	3203.69	0.00	38.00	44.00	48.00	130.00	55.00	45.00	109.00	42.00	0.00	31.00	29.00	34.00	0.00	46.00	47.00	36.00
	3203.70	0.00	38.00	44.00	47.00	130.00	55.00	45.00	109.00	33.00	0.00	31.00	31.00	36.00	0.00	47.00	47.00	36.00
	3203.71	0.00	38.00	42.00	48.00	131.00	55.00	44.00	106.00	26.00	0.00	32.00	31.00	36.00	0.00	46.00	47.00	34.00
	3203.72	0.00	38.00	41.00	49.00	131.00	54.00	43.00	105.00	19.00	0.00	32.00	30.00	36.00	0.00	46.00	48.00	36.00
	3203.73	0.00	38.00	38.00	49.00	130.00	54.00	43.00	110.00	11.00	0.00	32.00	30.00	36.00	0.00	47.00	49.00	35.00
	3203.74	0.00	38.00	33.00	49.00	128.00	54.00	43.00	111.00	0.00	0.00	33.00	32.00	37.00	0.00	48.00	49.00	37.00
	3203.75	0.00	38.00	32.00	48.00	128.00	53.00	43.00	107.00	0.00	0.00	33.00	31.00	37.00	0.00	51.00	50.00	38.00
	3203.76	0.00	38.00	32.00	47.00	123.00	52.00	43.00	97.00	0.00	0.00	35.00	34.00	38.00	0.00	56.00	51.00	38.00
	3203.77	0.00	38.00	29.00	45.00	115.00	50.00	43.00	92.00	0.00	0.00	36.00	36.00	39.00	0.00	69.00	54.00	39.00
	3203.78	0.00	38.00	19.00	46.00	110.00	46.00	43.00	88.00	0.00	0.00	37.00	37.00	39.00	0.00	131.00	56.00	42.00
	3203.78	0.00	37.00	18.00	41.00	105.00	44.00	43.00	66.00	0.00	0.00	37.00	38.00	40.00	0.00	157.00	58.00	44.00
	3203.79	0.00	37.00	17.00	40.00	93.00	45.00	44.00	57.00	0.00	0.00	37.00	38.00	41.00	0.00	171.00	63.00	45.00
	3203.80	0.00	36.00	10.00	38.00	47.00	44.00	42.00	47.00	0.00	0.00	36.00	36.00	42.00	8.00	171.00	74.00	45.00
	3203.81	0.00	36.00	20.00	35.00	45.00	41.00	37.00	40.00	0.00	0.00	36.00	38.00	43.00	11.00	176.00	82.00	45.00
	3203.82	0.00	35.00	8.00	32.00	41.00	40.00	35.00	29.00	0.00	0.00	36.00	36.00	43.00	10.00	179.00	84.00	43.00
	3203.83	0.00	34.00	10.00	30.00	36.00	41.00	33.00	29.00	0.00	0.00	37.00	38.00	44.00	12.00	178.00	87.00	43.00
	3203.84	0.00	35.00	0.00	25.00	22.00	40.00	32.00	28.00	0.00	0.00	37.00	37.00	43.00	12.00	176.00	96.00	44.00
	3203.85	0.00	34.00	0.00	24.00	19.00	39.00	30.00	28.00	0.00	0.00	37.00	37.00	45.00	9.00	179.00	101.00	44.00
	3203.86	0.00	34.00	0.00	28.00	17.00	39.00	31.00	27.00	0.00	0.00	37.00	39.00	45.00	14.00	180.00	104.00	46.00
	3203.87	0.00	34.00	0.00	30.00	14.00	39.00	34.00	27.00	0.00	0.00	37.00	38.00	43.00	15.00	183.00	104.00	46.00
	3203.88	0.00	35.00	0.00	31.00	16.00	40.00	34.00	27.00	0.00	0.00	37.00	40.00	45.00	14.00	186.00	105.00	45.00
	3203.89	0.00	34.00	0.00	28.00	16.00	39.00	35.00	27.00	0.00	0.00	37.00	40.00	45.00	15.00	186.00	112.00	46.00
	3203.90	0.00	34.00	0.00	31.00	15.00	37.00	36.00	27.00	0.00	0.00	37.00	40.00	44.00	16.00	179.00	121.00	45.00
	3203.91	0.00	34.00	0.00	30.00	14.00	38.00	36.00	27.00	0.00	0.00	37.00	42.00	44.00	16.00	172.00	117.00	45.00
	3203.92	0.00	34.00	0.00	31.00	16.00	38.00	35.00	27.00	0.00	0.00	36.00	43.00	43.00	16.00	152.00	118.00	44.00
	3203.93	0.00	34.00	0.00	30.00	12.00	39.00	35.00	27.00	0.00	0.00	37.00	43.00	43.00	16.00	137.00	117.00	44.00
	3203.94	0.00	34.00	0.00	30.00	7.00	39.00	31.00	27.00	0.00	0.00	37.00	42.00	44.00	8.00	132.00	120.00	44.00
	3203.95	0.00	33.00	0.00	30.00	8.00	40.00	20.00	28.00	0.00	0.00	37.00	41.00	44.00	14.00	133.00	120.00	44.00
	3203.96	0.00	33.00	0.00	29.00	8.00	39.00	17.00	27.00	0.00	0.00	37.00	39.00	44.00	14.00	132.00	120.00	44.00
	3203.97	0.00	33.00	0.00	28.00	13.00	39.00	19.00	27.00	0.00	0.00	36.00	41.00	44.00	15.00	131.00	119.00	44.00
	3203.98	0.00	34.00	0.00	29.00	14.00	40.00	16.00	26.00	0.00	0.00	36.00	39.00	43.00	14.00	123.00	119.00	44.00
	3203.99	0.00	34.00	0.00	31.00	11.00	40.00	11.00	25.00	0.00	0.00	37.00	41.00	42.00	14.00	106.00	117.00	44.00
	3204.00	0.00	33.00	0.00	30.00	3.00	39.00	12.00	25.00	0.00	0.00	37.00	41.00	43.00	14.00	91.00	110.00	41.00
	3204.00	0.00	33.00	0.00	31.00	1.00	39.00	16.00	25.00	0.00	0.00	36.00	41.00	41.00	6.00	79.00	107.00	40.00
	3204.01	0.00	34.00	0.00	31.00	1.00	39.00	17.00	16.00	0.00	0.00	36.00	42.00	41.00	6.00	77.00	104.00	39.00
	3204.02	0.00	33.00	0.00	30.00	1.00	39.00	19.00	0.00	0.00	0.00	36.00	41.00	41.00	5.00	71.00	102.00	38.00
	3204.03	0.00	32.00	0.00	29.00	1.00	38.00	19.00	0.00	0.00	0.00	35.00	40.00	41.00	3.00	65.00	99.00	39.00
	3204.04	0.00	32.00	0.00	30.00	2.00	37.00	20.00	0.00	0.00	0.00	33.00	38.00	40.00	0.00	64.00	84.00	39.00
	3204.05	0.00	32.00	0.00	29.00	1.00	38.00	21.00	0.00	0.00	0.00	34.00	39.00	40.00	0.00	62.00	76.00	39.00
	3204.06	0.00	33.00	0.00	29.00	2.00	38.00	34.00	0.00	0.00	0.00	34.00	39.00	40.00	0.00	61.00	68.00	38.00
	3204.07	0.00	32.00	0.00	29.00	2.00	39.00	33.00	0.00	0.00	0.00	34.00	40.00	40.00	0.00	59.00	66.00	38.00
	3204.08	0.00	32.00	0.00	29.00	2.00	39.00	35.00	0.00	0.00	0.00	34.00	39.00	41.00	0.00	60.00	64.00	38.00
	3204.09	0.00	33.00	0.00	28.00	1.00	40.00	37.00	0.00	0.00	0.00	33.00	38.00	41.00	0.00	55.00	63.00	38.00
	3204.10	0.00	32.00	0.00	29.00	1.00	40.00	37.00	0.00	0.00	0.00	34.00	37.00	40.00	0.00	55.00	62.00	38.00
	3204.11	0.00	32.00	0.00	29.00	2.00	39.00	37.00	0.00	0.00	0.00	34.00	39.00	41.00	0.00	55.00	63.00	39.00
	3204.12	0.00	33.00	0.00	30.00	2.00	39.00	36.00	0.00	0.00	0.00	34.00	38.00	42.00	0.00	55.00	64.00	40.00
	3204.13	0.00	32.00	0.00	29.00	2.00	40.00	36.00	0.00	0.00	0.00	34.00	40.00	42.00	0.00	56.00	79.00	40.00
	3204.13	0.00	32.00	0.00	28.00	2.00	41.00	36.00	0.00	0.00	0.00	34.00	45.00	43.00	0.00	57.00	100.00	42.00
	3204.14	0.00	32.00	0.00	28.00	2.00	41.00	34.00	0.00	0.00	0.00	34.00	47.00	44.00	0.00	66.00	107.00	42.00
	3204.15	0.00	31.00	0.00	28.00	3.00	41.00	33.00	0.00	0.00	6.00	35.00	48.00	44.00	0.00	72.00	127.00	47.00
	3204.16	0.00	19.00	0.00	27.00	5.00	40.00	16.00	0.00	0.00	31.00	36.00	60.00	45.00	0.00	82.00	145.00	72.00
	3204.17	0.00	20.00	0.00	28.00	0.00	38.00	13.00	0.00	0.00	44.00	35.00	71.00	45.00	0.00	101.00	164.00	82.00
	3204.18	0.00	18.00	0.00	27.00	1.00	38.00	4.00	0.00	0.00	53.00	36.00	80.00	45.00	3.00	129.00	189.00	98.00
	3204.19	0.00	18.00	0.00	27.00	9.00	38.00	5.00	0.00	2.00	66.00	36.00	91.00	45.00	3.00	153.00	205.00	114.00
	3204.20	0.00	18.00	0.00	28.00	5.00	37.00	4.00	0.00	8.00	77.00	36.00	109.00	46.00	3.00	184.00	211.00	131.00
	3204.21	0.00	17.00	0.00	29.00	10.00	38.00	11.00	0.00	38.00	88.00	36.00	126.00	46.00	3.00	202.00	219.00	147.00
	3204.22	0.00	15.00	0.00	30.00	1.00	38.00	12.00	0.00	43.00	100.00	36.00	136.00	47.00	6.00	202.00	224.00	161.00
	3204.23	0.00	19.00	0.00	32.00	2.00	38.00	33.00	0.00	47.00	102.00	36.00	145.00	47.00	6.00	214.00	228.00	177.00
	3204.24	0.00	27.00	0.00	33.00	11.00	40.00	33.00	0.00	48.00	105.00	37.00	153.00	48.00	6.00	215.00	231.00	183.00
	3204.25	0.00	30.00	0.00	33.00	13.00	39.00	33.00	15.00	53.00	107.00	37.00	154.00	47.00	5.00	216.00	233.00	190.00
	3204.26	0.00	31.00	0.00	34.00	19.00	41.00	36.00	24.00	68.00	100.00	37.00	159.00	48.00	6.00	218.00	235.00	188.00
	3204.27	0.00	31.00	0.00	37.00	24.00	41.00	36.00	24.00	104.00	99.00	37.00	162.00	48.00	5.00	219.00	235.00	187.00
	3204.28	0.00	33.00	11.00	36.00	29.00	40.00	39.00	24.00	135.00	95.00	37.00	162.00	48.00	2.00	220.00	236.00	178.00
	3204.29	0.00	34.00	15.00	39.00	62.00	42.00	39.00	25.00	157.00	91.00	36.00	161.00	48.00	2.00	218.00	235.00	175.00
	3204.30	0.00	36.00	27.00	42.00	98.00	53.00	41.00	25.00	205.00	88.00	36.00	155.00	47.00	0.00	208.00	232.00	163.00
	3204.31	0.00	39.00	29.00	44.00	120.00	71.00	44.00	34.00	232.00	89.00	36.00	147.00	45.00	0.00	178.00	225.00	154.00
	3204.32	0.00	39.00	27.00	46.00	149.00	108.00	43.00	59.00	249.00	69.00	35.00	128.00	45.00	0.00	141.00	214.00	138.00
	3204.33	0.00	40.00	36.00	47.00	170.00	121.00	43.00	73.00	245.00	40.00	33.00	88.00	45.00	0.00	98.00	193.00	117.00
	3204.34	0.00	40.00	34.00	47.00	177.00	133.00	43.00	67.00	226.00	11.00	32.00	84.00	43.00	0.00	78.00	156.00	87.00
	3204.35	0.00	40.00	29.00	46.00	178.00	135.00	44.00	58.00	214.00	0.00	30.00	75.00	44.00	0.00	60.00	132.00	52.00
	3204.36	0.00	41.00	32.00	47.00	179.00	137.00	44.00	52.00	209.00	0.00	29.00	63.00	44.00	0.00	54.00	107.00	46.00
	3204.37	0.00	39.00	32.00	48.00	180.00	142.00	43.00	51.00	213.00	0.00	30.00	49.00	41.00	0.00	51.00	61.00	43.00
	3204.38	0.00	39.00	29.00	50.00	181.00	147.00	44.00	52.00	211.00	0.00	29.00	46.00	40.00	0.00	50.00	53.00	39.00
	3204.39	0.00	39.00	29.00	49.00	180.00	151.00	44.00	52.00	203.00	0.00	29.00	40.00	38.00	0.00	48.00	51.00	38.00
	3204.40	0.00	38.00	27.00	49.00	181.00	151.00	44.00	53.00	196.00	0.00	30.00	39.00	37.00	0.00	48.00	50.00	39.00
	3204.41	0.00	39.00	31.00	49.00	181.00	153.00	44.00	52.00	190.00	0.00	29.00	39.00	36.00	0.00	48.00	49.00	37.00
	3204.42	0.00	39.00	30.00	50.00	182.00	155.00	44.00	50.00	193.00	0.00	29.00	39.00	37.00	0.00	48.00	48.00	39.00
	3204.42	0.00	39.00	31.00	49.00	181.00	156.00	44.00	49.00	197.00	0.00	28.00	38.00	37.00	0.00	48.00	48.00	38.00
	3204.43	0.00	40.00	28.00	49.00	182.00	153.00	44.00	46.00	203.00	0.00	28.00	40.00	37.00	0.00	49.00	46.00	36.00
	3204.44	0.00	39.00	30.00	49.00	181.00	150.00	44.00	46.00	212.00	0.00	28.00	39.00	38.00	0.00	48.00	46.00	35.00
	3204.45	0.00	40.00	28.00	49.00	180.00	144.00	44.00	46.00	224.00	0.00	28.00	38.00	39.00	0.00	48.00	43.00	36.00
	3204.46	0.00	39.00	27.00	50.00	176.00	133.00	44.00	46.00	228.00	0.00	28.00	38.00	39.00	0.00	47.00	44.00	35.00
	3204.47	0.00	40.00	28.00	50.00	177.00	131.00	44.00	43.00	227.00	0.00	28.00	40.00	38.00	0.00	46.00	44.00	34.00
	3204.48	0.00	39.00	28.00	50.00	180.00	130.00	44.00	42.00	226.00	0.00	29.00	39.00	38.00	0.00	45.00	45.00	36.00
	3204.49	0.00	39.00	32.00	50.00	173.00	126.00	44.00	42.00	230.00	0.00	29.00	39.00	38.00	0.00	45.00	44.00	32.00
	3204.50	0.00	39.00	30.00	50.00	170.00	126.00	44.00	42.00	226.00	0.00	28.00	37.00	37.00	0.00	44.00	44.00	32.00
	3204.51	0.00	40.00	32.00	51.00	167.00	124.00	44.00	39.00	205.00	0.00	28.00	38.00	37.00	0.00	46.00	44.00	33.00
	3204.52	0.00	39.00	29.00	50.00	163.00	120.00	44.00	34.00	193.00	0.00	28.00	35.00	36.00	0.00	46.00	42.00	31.00
	3204.53	0.00	39.00	29.00	50.00	153.00	106.00	45.00	34.00	184.00	0.00	27.00	36.00	37.00	0.00	45.00	42.00	29.00
	3204.54	0.00	39.00	29.00	49.00	138.00	102.00	43.00	28.00	175.00	0.00	27.00	34.00	37.00	0.00	46.00	41.00	28.00
	3204.55	0.00	39.00	31.00	48.00	132.00	93.00	43.00	29.00	152.00	0.00	26.00	36.00	37.00	0.00	46.00	41.00	26.00
	3204.56	0.00	37.00	27.00	45.00	126.00	79.00	44.00	28.00	149.00	0.00	26.00	35.00	37.00	0.00	46.00	42.00	29.00
	3204.57	0.00	37.00	27.00	44.00	118.00	66.00	44.00	28.00	107.00	0.00	26.00	35.00	37.00	0.00	46.00	42.00	29.00
	3204.58	0.00	36.00	23.00	43.00	109.00	61.00	44.00	28.00	100.00	0.00	25.00	34.00	38.00	0.00	46.00	42.00	29.00
	3204.59	0.00	35.00	22.00	42.00	101.00	57.00	44.00	28.00	75.00	0.00	26.00	33.00	38.00	0.00	46.00	41.00	31.00
	3204.60	0.00	36.00	21.00	42.00	89.00	57.00	44.00	28.00	74.00	0.00	24.00	32.00	37.00	0.00	45.00	42.00	32.00
	3204.61	0.00	35.00	19.00	42.00	79.00	56.00	45.00	28.00	72.00	0.00	25.00	32.00	38.00	0.00	46.00	42.00	33.00
	3204.62	0.00	35.00	21.00	41.00	68.00	56.00	44.00	28.00	70.00	0.00	25.00	33.00	38.00	0.00	46.00	42.00	33.00
	3204.63	0.00	35.00	21.00	41.00	63.00	56.00	43.00	28.00	71.00	0.00	23.00	32.00	38.00	0.00	46.00	43.00	34.00
	3204.64	0.00	35.00	20.00	41.00	65.00	55.00	42.00	28.00	67.00	0.00	26.00	31.00	38.00	0.00	46.00	43.00	33.00
	3204.65	0.00	35.00	14.00	41.00	64.00	55.00	45.00	29.00	54.00	0.00	26.00	31.00	39.00	0.00	46.00	43.00	34.00
	3204.66	0.00	35.00	16.00	40.00	62.00	53.00	43.00	29.00	49.00	0.00	28.00	33.00	39.00	0.00	46.00	42.00	34.00
	3204.67	0.00	35.00	18.00	39.00	60.00	53.00	43.00	28.00	44.00	0.00	29.00	32.00	39.00	0.00	46.00	43.00	35.00
	3204.67	0.00	35.00	21.00	39.00	55.00	53.00	45.00	28.00	37.00	0.00	28.00	32.00	38.00	0.00	46.00	43.00	34.00
	3204.68	0.00	35.00	23.00	39.00	51.00	51.00	43.00	29.00	9.00	0.00	28.00	31.00	38.00	0.00	46.00	42.00	33.00
	3204.69	0.00	35.00	23.00	39.00	54.00	49.00	44.00	29.00	4.00	0.00	29.00	32.00	36.00	0.00	46.00	43.00	33.00
	3204.70	0.00	35.00	22.00	39.00	60.00	48.00	43.00	31.00	0.00	0.00	29.00	35.00	37.00	0.00	46.00	43.00	34.00
	3204.71	0.00	36.00	24.00	39.00	63.00	45.00	44.00	35.00	0.00	0.00	29.00	35.00	36.00	0.00	47.00	41.00	34.00
	3204.72	0.00	36.00	19.00	40.00	66.00	44.00	45.00	39.00	0.00	0.00	29.00	34.00	36.00	0.00	47.00	42.00	33.00
	3204.73	0.00	35.00	22.00	40.00	72.00	47.00	44.00	44.00	0.00	0.00	27.00	34.00	36.00	0.00	47.00	43.00	33.00
	3204.74	0.00	35.00	23.00	40.00	94.00	48.00	44.00	45.00	0.00	0.00	28.00	34.00	36.00	0.00	47.00	43.00	33.00
	3204.75	0.00	35.00	26.00	40.00	100.00	49.00	45.00	48.00	0.00	0.00	29.00	33.00	37.00	0.00	47.00	42.00	33.00
	3204.76	0.00	36.00	26.00	42.00	98.00	49.00	44.00	51.00	4.00	0.00	29.00	35.00	36.00	0.00	47.00	43.00	33.00
	3204.77	0.00	36.00	24.00	41.00	102.00	49.00	44.00	56.00	7.00	0.00	30.00	33.00	36.00	0.00	47.00	43.00	33.00
	3204.78	0.00	36.00	23.00	43.00	104.00	51.00	43.00	64.00	16.00	0.00	30.00	36.00	36.00	0.00	48.00	43.00	33.00
	3204.79	0.00	36.00	24.00	43.00	110.00	52.00	44.00	71.00	26.00	0.00	31.00	34.00	36.00	0.00	48.00	48.00	33.00
	3204.80	0.00	36.00	28.00	44.00	108.00	53.00	44.00	72.00	33.00	0.00	29.00	34.00	36.00	0.00	48.00	48.00	35.00
	3204.81	0.00	35.00	32.00	45.00	105.00	52.00	44.00	79.00	33.00	0.00	30.00	34.00	38.00	0.00	49.00	48.00	35.00
	3204.82	0.00	37.00	34.00	45.00	111.00	52.00	44.00	80.00	32.00	0.00	30.00	35.00	37.00	0.00	50.00	49.00	35.00
	3204.83	0.00	37.00	33.00	46.00	114.00	52.00	43.00	84.00	29.00	0.00	29.00	37.00	37.00	0.00	53.00	49.00	34.00
	3204.84	0.00	37.00	30.00	45.00	111.00	52.00	43.00	82.00	16.00	0.00	30.00	37.00	38.00	0.00	54.00	50.00	34.00
	3204.85	0.00	37.00	33.00	46.00	110.00	51.00	43.00	80.00	0.00	0.00	31.00	36.00	38.00	0.00	56.00	50.00	35.00
	3204.86	0.00	37.00	29.00	45.00	108.00	50.00	43.00	80.00	0.00	0.00	31.00	36.00	38.00	0.00	58.00	50.00	36.00
	3204.87	0.00	37.00	23.00	45.00	108.00	49.00	43.00	78.00	0.00	0.00	32.00	37.00	38.00	0.00	61.00	50.00	37.00
	3204.88	0.00	37.00	23.00	45.00	108.00	47.00	43.00	80.00	0.00	0.00	32.00	37.00	37.00	0.00	67.00	50.00	37.00
	3204.88	0.00	37.00	22.00	43.00	104.00	46.00	43.00	80.00	0.00	0.00	33.00	37.00	38.00	0.00	73.00	52.00	37.00
	3204.89	0.00	37.00	21.00	43.00	105.00	46.00	43.00	77.00	0.00	0.00	34.00	37.00	38.00	0.00	99.00	53.00	38.00
	3204.90	0.00	37.00	18.00	42.00	101.00	46.00	43.00	75.00	0.00	0.00	35.00	37.00	39.00	0.00	122.00	54.00	39.00
	3204.91	0.00	37.00	13.00	40.00	97.00	46.00	43.00	67.00	0.00	0.00	35.00	37.00	40.00	4.00	149.00	54.00	43.00
	3204.92	0.00	36.00	17.00	38.00	50.00	46.00	42.00	55.00	0.00	0.00	35.00	36.00	40.00	6.00	170.00	59.00	45.00
	3204.93	0.00	36.00	14.00	38.00	45.00	45.00	42.00	48.00	0.00	0.00	34.00	35.00	40.00	4.00	171.00	68.00	44.00
	3204.94	0.00	37.00	17.00	36.00	44.00	42.00	43.00	45.00	0.00	0.00	34.00	37.00	40.00	2.00	157.00	68.00	44.00
	3204.95	0.00	36.00	8.00	35.00	39.00	41.00	36.00	34.00	0.00	0.00	33.00	36.00	41.00	4.00	143.00	63.00	42.00
	3204.96	0.00	36.00	0.00	33.00	37.00	41.00	33.00	30.00	0.00	0.00	33.00	37.00	41.00	1.00	143.00	60.00	40.00
	3204.97	0.00	35.00	0.00	29.00	24.00	40.00	33.00	28.00	0.00	0.00	33.00	38.00	39.00	1.00	140.00	65.00	41.00
	3204.98	0.00	35.00	0.00	31.00	24.00	39.00	33.00	29.00	0.00	0.00	33.00	37.00	41.00	10.00	136.00	74.00	41.00
	3204.99	0.00	35.00	0.00	29.00	24.00	38.00	31.00	29.00	0.00	0.00	34.00	38.00	42.00	6.00	139.00	88.00	41.00
	3205.00	0.00	34.00	0.00	31.00	25.00	39.00	29.00	29.00	0.00	0.00	34.00	36.00	42.00	10.00	154.00	90.00	44.00
	3205.01	0.00	35.00	0.00	29.00	24.00	38.00	33.00	30.00	0.00	0.00	35.00	38.00	42.00	15.00	164.00	99.00	44.00
	3205.02	0.00	34.00	0.00	30.00	19.00	38.00	35.00	29.00	0.00	0.00	35.00	38.00	42.00	16.00	164.00	103.00	44.00
	3205.03	0.00	34.00	0.00	29.00	18.00	37.00	35.00	28.00	0.00	0.00	34.00	37.00	41.00	14.00	159.00	107.00	44.00
	3205.04	0.00	34.00	0.00	29.00	20.00	37.00	34.00	27.00	0.00	0.00	35.00	39.00	41.00	17.00	142.00	102.00	43.00
	3205.05	0.00	34.00	0.00	29.00	17.00	37.00	33.00	27.00	0.00	0.00	35.00	39.00	40.00	13.00	127.00	100.00	42.00
	3205.06	0.00	33.00	0.00	28.00	16.00	37.00	32.00	28.00	0.00	0.00	35.00	37.00	41.00	14.00	117.00	102.00	41.00
	3205.07	0.00	32.00	0.00	28.00	16.00	37.00	31.00	27.00	0.00	0.00	35.00	39.00	42.00	11.00	111.00	102.00	40.00
	3205.07	0.00	32.00	0.00	29.00	15.00	39.00	17.00	26.00	0.00	0.00	35.00	39.00	42.00	12.00	102.00	103.00	40.00
	3205.08	0.00	33.00	0.00	30.00	2.00	38.00	18.00	26.00	0.00	0.00	34.00	38.00	41.00	11.00	100.00	104.00	40.00
	3205.09	0.00	33.00	0.00	29.00	16.00	38.00	19.00	27.00	0.00	0.00	34.00	45.00	42.00	12.00	99.00	103.00	40.00
	3205.10	0.00	33.00	0.00	28.00	15.00	38.00	20.00	27.00	0.00	0.00	34.00	46.00	42.00	12.00	99.00	102.00	41.00
	3205.11	0.00	33.00	0.00	30.00	16.00	38.00	21.00	27.00	0.00	0.00	33.00	47.00	42.00	5.00	89.00	100.00	39.00
	3205.12	0.00	33.00	0.00	30.00	15.00	38.00	16.00	25.00	0.00	0.00	32.00	45.00	41.00	0.00	84.00	90.00	38.00
	3205.13	0.00	32.00	0.00	30.00	17.00	38.00	17.00	25.00	0.00	0.00	32.00	45.00	42.00	0.00	79.00	79.00	38.00
	3205.14	0.00	34.00	0.00	29.00	16.00	39.00	19.00	25.00	0.00	0.00	32.00	48.00	42.00	0.00	78.00	75.00	37.00
	3205.15	0.00	33.00	0.00	31.00	15.00	39.00	19.00	24.00	0.00	0.00	31.00	47.00	41.00	0.00	65.00	69.00	38.00
	3205.16	0.00	33.00	0.00	30.00	17.00	39.00	20.00	24.00	0.00	0.00	29.00	48.00	39.00	0.00	62.00	64.00	38.00
	3205.17	0.00	33.00	0.00	29.00	17.00	39.00	20.00	16.00	0.00	0.00	30.00	49.00	39.00	0.00	60.00	62.00	38.00
	3205.18	0.00	33.00	0.00	29.00	17.00	39.00	21.00	0.00	0.00	0.00	30.00	48.00	39.00	0.00	59.00	60.00	37.00
	3205.19	0.00	31.00	0.00	28.00	16.00	40.00	21.00	0.00	0.00	0.00	30.00	48.00	41.00	0.00	57.00	60.00	37.00
	3205.20	0.00	31.00	0.00	28.00	15.00	39.00	22.00	0.00	0.00	0.00	29.00	48.00	41.00	0.00	55.00	59.00	37.00
	3205.21	0.00	31.00	0.00	29.00	16.00	39.00	22.00	0.00	0.00	0.00	29.00	46.00	41.00	0.00	52.00	59.00	37.00
	3205.22	0.00	31.00	0.00	28.00	12.00	39.00	22.00	0.00	0.00	0.00	28.00	48.00	41.00	0.00	51.00	59.00	37.00
	3205.23	0.00	32.00	0.00	28.00	16.00	40.00	34.00	0.00	0.00	0.00	28.00	48.00	41.00	0.00	51.00	57.00	37.00
	3205.23	0.00	32.00	0.00	27.00	17.00	40.00	34.00	0.00	0.00	0.00	28.00	48.00	40.00	0.00	51.00	59.00	38.00
	3205.25	0.00	32.00	0.00	27.00	16.00	40.00	34.00	0.00	0.00	0.00	30.00	48.00	41.00	0.00	51.00	59.00	38.00
	3205.25	0.00	31.00	0.00	27.00	15.00	40.00	34.00	0.00	0.00	0.00	29.00	48.00	41.00	0.00	50.00	59.00	40.00
	3205.26	0.00	31.00	0.00	28.00	16.00	40.00	32.00	0.00	0.00	0.00	29.00	47.00	42.00	0.00	50.00	61.00	39.00
	3205.27	0.00	31.00	0.00	28.00	17.00	39.00	31.00	0.00	0.00	0.00	29.00	49.00	42.00	0.00	50.00	61.00	39.00
	3205.28	0.00	31.00	0.00	28.00	15.00	40.00	20.00	0.00	0.00	0.00	29.00	49.00	43.00	0.00	51.00	64.00	40.00
	3205.29	0.00	31.00	0.00	27.00	16.00	39.00	21.00	0.00	0.00	0.00	29.00	49.00	44.00	0.00	53.00	78.00	41.00
	3205.30	0.00	30.00	0.00	27.00	16.00	40.00	20.00	0.00	0.00	0.00	30.00	55.00	44.00	0.00	52.00	92.00	43.00
	3205.31	0.00	30.00	0.00	28.00	16.00	39.00	16.00	0.00	0.00	0.00	30.00	58.00	44.00	0.00	54.00	110.00	42.00
	3205.32	0.00	16.00	0.00	27.00	13.00	37.00	10.00	0.00	0.00	0.00	30.00	68.00	43.00	0.00	61.00	121.00	49.00
	3205.33	0.00	17.00	0.00	27.00	14.00	38.00	0.00	0.00	0.00	0.00	31.00	73.00	45.00	0.00	67.00	141.00	63.00
	3205.34	0.00	15.00	0.00	27.00	15.00	35.00	0.00	0.00	0.00	0.00	31.00	76.00	45.00	0.00	78.00	154.00	74.00
	3205.35	0.00	15.00	0.00	27.00	14.00	35.00	0.00	0.00	0.00	27.00	31.00	78.00	45.00	0.00	81.00	168.00	83.00
	3205.36	0.00	14.00	0.00	27.00	15.00	37.00	0.00	0.00	0.00	40.00	32.00	81.00	45.00	0.00	87.00	177.00	97.00
	3205.37	0.00	14.00	0.00	26.00	15.00	36.00	0.00	0.00	0.00	47.00	32.00	98.00	46.00	0.00	98.00	190.00	110.00
	3205.38	0.00	16.00	0.00	28.00	16.00	36.00	0.00	0.00	0.00	50.00	33.00	115.00	46.00	0.00	101.00	194.00	121.00
	3205.39	0.00	14.00	0.00	29.00	16.00	38.00	0.00	0.00	0.00	53.00	33.00	126.00	46.00	0.00	149.00	202.00	130.00
	3205.39	0.00	16.00	0.00	31.00	17.00	38.00	1.00	0.00	2.00	63.00	34.00	135.00	46.00	0.00	169.00	205.00	143.00
	3205.40	0.00	28.00	0.00	30.00	16.00	38.00	18.00	0.00	6.00	61.00	33.00	140.00	46.00	0.00	174.00	209.00	150.00
	3205.41	0.00	27.00	0.00	32.00	15.00	38.00	20.00	0.00	30.00	76.00	34.00	145.00	47.00	0.00	177.00	210.00	162.00
	3205.42	0.00	30.00	0.00	35.00	20.00	39.00	33.00	11.00	49.00	77.00	35.00	148.00	47.00	0.00	176.00	210.00	162.00
	3205.43	0.00	30.00	0.00	36.00	28.00	41.00	36.00	24.00	81.00	76.00	34.00	146.00	46.00	0.00	168.00	210.00	164.00
	3205.44	0.00	32.00	13.00	38.00	36.00	42.00	36.00	24.00	123.00	73.00	34.00	143.00	46.00	0.00	153.00	210.00	155.00
	3205.45	0.00	33.00	24.00	39.00	99.00	45.00	37.00	24.00	158.00	66.00	34.00	128.00	45.00	0.00	106.00	208.00	138.00
	3205.46	0.00	35.00	25.00	42.00	122.00	53.00	39.00	25.00	224.00	51.00	31.00	114.00	43.00	0.00	102.00	198.00	117.00
	3205.47	0.00	37.00	29.00	44.00	153.00	77.00	42.00	28.00	244.00	29.00	32.00	89.00	45.00	0.00	94.00	188.00	102.00
	3205.48	0.00	39.00	26.00	46.00	168.00	98.00	42.00	43.00	259.00	14.00	30.00	82.00	45.00	0.00	84.00	171.00	87.00
	3205.49	0.00	39.00	30.00	46.00	174.00	111.00	43.00	50.00	260.00	0.00	29.00	78.00	44.00	0.00	79.00	146.00	68.00
	3205.50	0.00	39.00	30.00	48.00	176.00	121.00	43.00	48.00	244.00	0.00	29.00	70.00	44.00	0.00	57.00	127.00	50.00
	3205.51	0.00	40.00	26.00	47.00	178.00	123.00	43.00	44.00	220.00	0.00	30.00	61.00	44.00	0.00	54.00	84.00	45.00
	3205.52	0.00	40.00	27.00	46.00	181.00	125.00	44.00	43.00	185.00	0.00	30.00	49.00	41.00	0.00	50.00	57.00	42.00
	3205.53	0.00	40.00	28.00	48.00	183.00	130.00	44.00	42.00	169.00	0.00	30.00	46.00	40.00	0.00	48.00	53.00	38.00
	3205.54	0.00	39.00	27.00	48.00	183.00	135.00	45.00	44.00	173.00	0.00	30.00	40.00	38.00	0.00	47.00	52.00	40.00
	3205.55	0.00	39.00	30.00	48.00	183.00	142.00	44.00	46.00	180.00	0.00	29.00	38.00	38.00	0.00	47.00	49.00	38.00
	3205.56	0.00	39.00	28.00	47.00	185.00	148.00	44.00	49.00	185.00	0.00	28.00	36.00	37.00	0.00	47.00	48.00	39.00
	3205.57	0.00	39.00	30.00	48.00	186.00	154.00	44.00	53.00	192.00	0.00	29.00	37.00	37.00	0.00	46.00	44.00	36.00
	3205.58	0.00	39.00	29.00	48.00	186.00	156.00	44.00	53.00	193.00	0.00	29.00	38.00	37.00	0.00	47.00	45.00	38.00
	3205.59	0.00	39.00	30.00	49.00	184.00	158.00	44.00	50.00	192.00	0.00	29.00	38.00	37.00	0.00	47.00	45.00	36.00
	3205.60	0.00	40.00	29.00	49.00	183.00	155.00	44.00	47.00	198.00	0.00	27.00	37.00	38.00	0.00	48.00	44.00	36.00
	3205.61	0.00	39.00	28.00	49.00	181.00	152.00	44.00	44.00	206.00	0.00	26.00	37.00	38.00	0.00	47.00	43.00	37.00
	3205.62	0.00	39.00	29.00	51.00	178.00	143.00	44.00	43.00	217.00	0.00	27.00	37.00	38.00	0.00	47.00	43.00	35.00
	3205.63	0.00	39.00	29.00	51.00	177.00	130.00	45.00	42.00	223.00	0.00	27.00	39.00	39.00	0.00	47.00	43.00	34.00
	3205.64	0.00	40.00	30.00	52.00	179.00	126.00	45.00	41.00	227.00	0.00	27.00	37.00	38.00	0.00	46.00	43.00	32.00
	3205.65	0.00	39.00	31.00	52.00	176.00	117.00	45.00	39.00	234.00	0.00	27.00	37.00	38.00	0.00	44.00	43.00	33.00
	3205.66	0.00	39.00	30.00	52.00	177.00	113.00	45.00	37.00	238.00	0.00	28.00	36.00	38.00	0.00	44.00	44.00	32.00
	3205.67	0.00	39.00	30.00	52.00	175.00	114.00	45.00	35.00	240.00	0.00	27.00	35.00	38.00	0.00	43.00	42.00	31.00
	3205.68	0.00	40.00	28.00	52.00	174.00	113.00	46.00	35.00	229.00	0.00	28.00	35.00	37.00	0.00	43.00	42.00	29.00
	3205.69	0.00	40.00	31.00	51.00	171.00	101.00	43.00	31.00	205.00	0.00	28.00	35.00	35.00	0.00	45.00	42.00	31.00
	3205.70	0.00	40.00	28.00	52.00	167.00	99.00	43.00	31.00	186.00	0.00	28.00	36.00	36.00	0.00	46.00	41.00	27.00
	3205.71	0.00	39.00	30.00	50.00	159.00	98.00	45.00	31.00	173.00	0.00	28.00	35.00	36.00	0.00	46.00	40.00	27.00
	3205.71	0.00	39.00	28.00	50.00	140.00	84.00	44.00	29.00	169.00	0.00	28.00	35.00	36.00	0.00	47.00	41.00	29.00
	3205.72	0.00	39.00	27.00	49.00	127.00	76.00	46.00	29.00	156.00	0.00	27.00	33.00	36.00	0.00	46.00	42.00	29.00
	3205.73	0.00	39.00	28.00	46.00	124.00	64.00	46.00	29.00	145.00	0.00	25.00	30.00	36.00	0.00	45.00	42.00	30.00
	3205.74	0.00	39.00	27.00	42.00	124.00	56.00	44.00	28.00	121.00	0.00	25.00	29.00	36.00	0.00	46.00	42.00	31.00
	3205.75	0.00	39.00	21.00	44.00	116.00	55.00	44.00	28.00	104.00	0.00	25.00	30.00	36.00	0.00	46.00	42.00	33.00
	3205.76	0.00	38.00	19.00	41.00	99.00	55.00	46.00	28.00	86.00	0.00	24.00	29.00	37.00	0.00	46.00	42.00	33.00
	3205.77	0.00	36.00	16.00	38.00	88.00	55.00	45.00	28.00	71.00	0.00	23.00	28.00	37.00	0.00	45.00	41.00	33.00
	3205.78	0.00	36.00	18.00	39.00	79.00	55.00	44.00	28.00	75.00	0.00	24.00	30.00	38.00	0.00	46.00	42.00	33.00
	3205.79	0.00	36.00	17.00	38.00	64.00	55.00	44.00	28.00	69.00	0.00	24.00	28.00	38.00	0.00	45.00	42.00	34.00
	3205.80	0.00	36.00	18.00	37.00	46.00	54.00	44.00	28.00	56.00	0.00	25.00	29.00	38.00	0.00	46.00	43.00	34.00
	3205.81	0.00	35.00	23.00	36.00	31.00	53.00	44.00	28.00	52.00	0.00	25.00	29.00	38.00	0.00	46.00	44.00	35.00
	3205.82	0.00	35.00	23.00	37.00	29.00	52.00	44.00	28.00	44.00	0.00	25.00	28.00	38.00	0.00	46.00	42.00	36.00
	3205.83	0.00	35.00	24.00	39.00	31.00	52.00	43.00	28.00	43.00	0.00	25.00	30.00	38.00	0.00	46.00	43.00	35.00
	3205.84	0.00	35.00	19.00	39.00	35.00	52.00	43.00	29.00	40.00	0.00	26.00	28.00	38.00	0.00	46.00	43.00	34.00
	3205.85	0.00	35.00	19.00	40.00	35.00	51.00	43.00	29.00	41.00	0.00	26.00	30.00	38.00	1.00	46.00	43.00	34.00
	3205.86	0.00	35.00	18.00	38.00	37.00	51.00	45.00	29.00	38.00	0.00	26.00	30.00	38.00	4.00	46.00	41.00	36.00
	3205.87	0.00	35.00	18.00	39.00	42.00	49.00	44.00	29.00	9.00	0.00	26.00	30.00	38.00	1.00	47.00	43.00	34.00
	3205.88	0.00	35.00	17.00	40.00	45.00	47.00	43.00	30.00	10.00	0.00	26.00	29.00	37.00	0.00	47.00	43.00	33.00
	3205.89	0.00	36.00	26.00	39.00	66.00	48.00	44.00	33.00	9.00	0.00	26.00	25.00	36.00	0.00	48.00	43.00	33.00
	3205.90	0.00	36.00	24.00	38.00	71.00	48.00	45.00	38.00	12.00	0.00	26.00	22.00	36.00	0.00	48.00	43.00	33.00
	3205.91	0.00	36.00	21.00	39.00	81.00	47.00	44.00	41.00	9.00	0.00	28.00	22.00	36.00	0.00	47.00	43.00	35.00
	3205.92	0.00	36.00	25.00	42.00	96.00	48.00	44.00	44.00	10.00	0.00	30.00	24.00	36.00	0.00	47.00	44.00	33.00
	3205.92	0.00	36.00	25.00	42.00	101.00	49.00	42.00	49.00	12.00	0.00	31.00	23.00	36.00	0.00	48.00	43.00	34.00
	3205.94	0.00	36.00	25.00	43.00	106.00	49.00	44.00	59.00	12.00	0.00	32.00	27.00	34.00	0.00	48.00	44.00	34.00
	3205.94	0.00	37.00	22.00	43.00	105.00	51.00	44.00	65.00	14.00	0.00	32.00	26.00	35.00	0.00	48.00	45.00	34.00
	3205.95	0.00	36.00	28.00	43.00	109.00	53.00	45.00	72.00	11.00	0.00	32.00	26.00	35.00	0.00	48.00	46.00	34.00
	3205.96	0.00	37.00	29.00	43.00	104.00	52.00	43.00	76.00	3.00	0.00	32.00	29.00	36.00	0.00	49.00	47.00	33.00
	3205.97	0.00	37.00	31.00	43.00	101.00	53.00	44.00	79.00	0.00	0.00	33.00	30.00	37.00	0.00	49.00	46.00	35.00
	3205.98	0.00	37.00	34.00	44.00	102.00	53.00	44.00	82.00	0.00	0.00	32.00	31.00	36.00	0.00	49.00	46.00	34.00
	3205.99	0.00	37.00	35.00	43.00	104.00	53.00	44.00	77.00	0.00	0.00	33.00	32.00	37.00	0.00	49.00	46.00	34.00
	3206.00	0.00	37.00	33.00	43.00	102.00	53.00	44.00	77.00	0.00	0.00	33.00	33.00	37.00	0.00	49.00	46.00	37.00
	3206.01	0.00	36.00	32.00	43.00	103.00	52.00	44.00	80.00	0.00	0.00	34.00	33.00	36.00	0.00	50.00	47.00	37.00
	3206.02	0.00	37.00	31.00	43.00	103.00	51.00	44.00	83.00	0.00	0.00	34.00	34.00	38.00	0.00	53.00	48.00	37.00
	3206.03	0.00	36.00	29.00	43.00	101.00	49.00	44.00	84.00	0.00	0.00	35.00	36.00	38.00	0.00	59.00	49.00	37.00
	3206.04	0.00	36.00	24.00	43.00	100.00	48.00	44.00	81.00	0.00	0.00	36.00	35.00	39.00	0.00	71.00	51.00	38.00
	3206.05	0.00	36.00	25.00	43.00	97.00	47.00	44.00	81.00	0.00	0.00	36.00	37.00	40.00	0.00	89.00	54.00	39.00
	3206.06	0.00	37.00	22.00	39.00	94.00	47.00	44.00	69.00	0.00	0.00	37.00	37.00	40.00	0.00	112.00	52.00	41.00
	3206.07	0.00	36.00	16.00	39.00	51.00	46.00	45.00	51.00	0.00	0.00	37.00	35.00	41.00	2.00	121.00	57.00	43.00
	3206.08	0.00	36.00	9.00	37.00	44.00	42.00	43.00	45.00	0.00	0.00	36.00	36.00	41.00	7.00	143.00	59.00	44.00
	3206.09	0.00	36.00	7.00	37.00	42.00	43.00	35.00	32.00	0.00	0.00	36.00	36.00	40.00	7.00	147.00	60.00	44.00
	3206.10	0.00	36.00	9.00	32.00	39.00	42.00	34.00	30.00	0.00	0.00	36.00	36.00	41.00	7.00	141.00	60.00	44.00
	3206.11	0.00	35.00	1.00	30.00	19.00	41.00	33.00	27.00	0.00	0.00	35.00	36.00	40.00	4.00	126.00	59.00	43.00
	3206.12	0.00	35.00	0.00	29.00	20.00	40.00	33.00	28.00	0.00	0.00	36.00	36.00	41.00	2.00	117.00	63.00	43.00
	3206.12	0.00	35.00	0.00	28.00	19.00	40.00	35.00	27.00	0.00	0.00	36.00	34.00	42.00	2.00	117.00	68.00	43.00
	3206.13	0.00	35.00	0.00	31.00	20.00	39.00	37.00	27.00	0.00	0.00	36.00	34.00	42.00	10.00	120.00	71.00	44.00
	3206.14	0.00	35.00	0.00	30.00	19.00	40.00	36.00	28.00	0.00	0.00	37.00	34.00	41.00	11.00	129.00	74.00	45.00
	3206.15	0.00	34.00	0.00	31.00	21.00	40.00	38.00	28.00	0.00	0.00	36.00	36.00	41.00	4.00	132.00	77.00	44.00
	3206.16	0.00	34.00	0.00	31.00	21.00	40.00	37.00	29.00	0.00	0.00	37.00	36.00	41.00	4.00	127.00	85.00	46.00
	3206.17	0.00	34.00	0.00	32.00	23.00	39.00	37.00	28.00	0.00	0.00	37.00	36.00	41.00	3.00	114.00	85.00	45.00
	3206.18	0.00	34.00	0.00	32.00	18.00	39.00	36.00	28.00	0.00	0.00	37.00	34.00	41.00	0.00	106.00	87.00	45.00
	3206.19	0.00	34.00	0.00	30.00	13.00	39.00	35.00	27.00	0.00	0.00	37.00	34.00	41.00	0.00	92.00	81.00	42.00
	3206.20	0.00	34.00	0.00	31.00	9.00	39.00	36.00	27.00	0.00	0.00	37.00	35.00	41.00	0.00	81.00	80.00	40.00
	3206.21	0.00	32.00	0.00	31.00	19.00	38.00	20.00	27.00	0.00	0.00	37.00	37.00	41.00	0.00	79.00	78.00	40.00
	3206.22	0.00	33.00	0.00	30.00	19.00	38.00	21.00	28.00	0.00	0.00	36.00	35.00	41.00	0.00	77.00	77.00	40.00
	3206.23	0.00	34.00	0.00	29.00	19.00	38.00	18.00	27.00	0.00	0.00	36.00	37.00	41.00	0.00	75.00	75.00	40.00
	3206.24	0.00	33.00	0.00	28.00	19.00	38.00	17.00	27.00	0.00	0.00	36.00	35.00	41.00	0.00	74.00	74.00	40.00
	3206.25	0.00	33.00	0.00	31.00	20.00	38.00	17.00	25.00	0.00	0.00	36.00	35.00	41.00	0.00	74.00	73.00	39.00
	3206.26	0.00	34.00	0.00	30.00	19.00	38.00	17.00	26.00	0.00	0.00	35.00	35.00	41.00	0.00	69.00	72.00	39.00
	3206.27	0.00	33.00	0.00	30.00	20.00	38.00	19.00	24.00	0.00	0.00	35.00	37.00	41.00	0.00	67.00	70.00	39.00
	3206.28	0.00	34.00	0.00	31.00	21.00	39.00	17.00	25.00	0.00	0.00	35.00	37.00	39.00	0.00	65.00	68.00	37.00
	3206.29	0.00	34.00	0.00	31.00	20.00	39.00	18.00	17.00	0.00	0.00	35.00	37.00	40.00	0.00	62.00	66.00	38.00
	3206.29	0.00	32.00	0.00	31.00	18.00	38.00	19.00	15.00	0.00	0.00	33.00	36.00	40.00	0.00	62.00	64.00	38.00
	3206.30	0.00	32.00	0.00	30.00	20.00	39.00	20.00	0.00	0.00	0.00	34.00	38.00	40.00	0.00	60.00	62.00	38.00
	3206.31	0.00	32.00	0.00	30.00	20.00	39.00	20.00	0.00	0.00	0.00	34.00	38.00	40.00	0.00	60.00	60.00	37.00
	3206.32	0.00	32.00	0.00	30.00	20.00	39.00	21.00	0.00	0.00	0.00	33.00	38.00	40.00	0.00	58.00	60.00	37.00
	3206.33	0.00	33.00	0.00	29.00	19.00	39.00	34.00	0.00	0.00	0.00	33.00	38.00	40.00	0.00	57.00	59.00	37.00
	3206.34	0.00	32.00	0.00	30.00	19.00	40.00	33.00	0.00	0.00	0.00	33.00	37.00	40.00	0.00	55.00	59.00	38.00
	3206.35	0.00	32.00	0.00	29.00	22.00	41.00	33.00	0.00	0.00	0.00	33.00	39.00	39.00	0.00	53.00	59.00	38.00
	3206.36	0.00	32.00	0.00	29.00	20.00	42.00	33.00	0.00	0.00	0.00	33.00	39.00	40.00	0.00	52.00	59.00	37.00
	3206.37	0.00	32.00	0.00	30.00	21.00	42.00	35.00	0.00	0.00	0.00	33.00	39.00	40.00	0.00	53.00	59.00	38.00
	3206.38	0.00	32.00	0.00	30.00	21.00	42.00	34.00	0.00	0.00	0.00	33.00	39.00	40.00	0.00	52.00	59.00	39.00
	3206.39	0.00	32.00	0.00	29.00	20.00	42.00	36.00	0.00	0.00	0.00	33.00	39.00	40.00	0.00	52.00	59.00	39.00
	3206.40	0.00	32.00	0.00	29.00	18.00	41.00	35.00	0.00	0.00	0.00	33.00	38.00	40.00	0.00	53.00	59.00	39.00
	3206.41	0.00	31.00	0.00	30.00	17.00	41.00	36.00	0.00	0.00	0.00	33.00	39.00	40.00	0.00	51.00	59.00	39.00
	3206.42	0.00	32.00	0.00	29.00	20.00	41.00	34.00	0.00	0.00	0.00	32.00	43.00	39.00	0.00	51.00	59.00	40.00
	3206.43	0.00	30.00	0.00	28.00	18.00	42.00	20.00	0.00	0.00	0.00	33.00	46.00	41.00	0.00	51.00	60.00	40.00
	3206.43	0.00	29.00	0.00	29.00	18.00	41.00	14.00	0.00	0.00	0.00	33.00	46.00	41.00	0.00	51.00	60.00	40.00
	3206.44	0.00	28.00	0.00	28.00	0.00	39.00	13.00	0.00	0.00	0.00	32.00	45.00	41.00	0.00	51.00	62.00	40.00
	3206.45	0.00	18.00	0.00	28.00	1.00	37.00	12.00	0.00	0.00	0.00	32.00	46.00	42.00	0.00	51.00	63.00	43.00
	3206.46	0.00	20.00	0.00	28.00	0.00	37.00	0.00	0.00	0.00	0.00	32.00	47.00	42.00	0.00	53.00	76.00	44.00
	3206.47	0.00	16.00	0.00	29.00	0.00	36.00	0.00	0.00	0.00	0.00	32.00	49.00	44.00	0.00	51.00	93.00	45.00
	3206.48	0.00	17.00	0.00	29.00	0.00	35.00	0.00	0.00	0.00	0.00	32.00	48.00	44.00	0.00	52.00	108.00	46.00
	3206.49	0.00	17.00	0.00	29.00	0.00	35.00	12.00	0.00	0.00	0.00	31.00	55.00	45.00	0.00	53.00	116.00	48.00
	3206.50	0.00	19.00	0.00	29.00	0.00	35.00	13.00	0.00	0.00	0.00	32.00	68.00	45.00	0.00	60.00	128.00	60.00
	3206.51	0.00	28.00	0.00	30.00	0.00	37.00	11.00	0.00	0.00	0.00	33.00	74.00	45.00	0.00	70.00	142.00	72.00
	3206.52	0.00	28.00	0.00	30.00	0.00	37.00	14.00	0.00	4.00	19.00	33.00	75.00	45.00	0.00	80.00	161.00	83.00
	3206.53	0.00	29.00	0.00	31.00	0.00	37.00	13.00	0.00	17.00	40.00	34.00	79.00	46.00	0.00	85.00	177.00	94.00
	3206.54	0.00	30.00	0.00	31.00	1.00	37.00	32.00	0.00	27.00	48.00	35.00	92.00	45.00	0.00	99.00	187.00	102.00
	3206.55	0.00	30.00	0.00	32.00	1.00	37.00	33.00	0.00	23.00	55.00	34.00	118.00	45.00	0.00	113.00	195.00	119.00
	3206.56	0.00	31.00	0.00	32.00	7.00	38.00	33.00	0.00	28.00	62.00	35.00	127.00	45.00	0.00	164.00	206.00	134.00
	3206.57	0.00	31.00	0.00	32.00	7.00	38.00	34.00	0.00	32.00	65.00	35.00	134.00	46.00	0.00	172.00	210.00	139.00
	3206.58	0.00	31.00	0.00	33.00	13.00	38.00	34.00	0.00	48.00	68.00	35.00	141.00	45.00	0.00	181.00	213.00	149.00
	3206.59	0.00	31.00	0.00	35.00	13.00	40.00	34.00	20.00	73.00	77.00	35.00	145.00	46.00	0.00	186.00	216.00	158.00
	3206.59	0.00	32.00	0.00	35.00	20.00	40.00	35.00	24.00	93.00	81.00	36.00	148.00	45.00	0.00	192.00	218.00	160.00
	3206.60	0.00	33.00	15.00	35.00	27.00	41.00	37.00	24.00	119.00	85.00	36.00	152.00	46.00	0.00	191.00	219.00	162.00
	3206.61	0.00	33.00	16.00	38.00	66.00	46.00	37.00	24.00	139.00	86.00	36.00	154.00	45.00	0.00	188.00	219.00	164.00
	3206.62	0.00	35.00	18.00	39.00	89.00	50.00	38.00	25.00	156.00	85.00	35.00	152.00	45.00	0.00	174.00	220.00	157.00
	3206.63	0.00	36.00	23.00	41.00	102.00	64.00	41.00	26.00	182.00	71.00	34.00	141.00	43.00	0.00	149.00	214.00	143.00
	3206.64	0.00	37.00	23.00	42.00	121.00	76.00	42.00	27.00	206.00	61.00	33.00	112.00	44.00	0.00	106.00	197.00	122.00
	3206.65	0.00	39.00	28.00	43.00	138.00	93.00	42.00	35.00	213.00	35.00	32.00	84.00	45.00	0.00	92.00	168.00	103.00
	3206.66	0.00	39.00	27.00	44.00	152.00	105.00	43.00	40.00	237.00	0.00	32.00	78.00	44.00	0.00	82.00	137.00	70.00
	3206.67	0.00	41.00	25.00	50.00	162.00	126.00	43.00	43.00	243.00	0.00	32.00	72.00	43.00	0.00	57.00	119.00	47.00
	3206.68	0.00	40.00	25.00	47.00	168.00	133.00	44.00	46.00	234.00	0.00	30.00	63.00	41.00	0.00	53.00	71.00	44.00
	3206.69	0.00	39.00	27.00	49.00	172.00	139.00	44.00	47.00	209.00	0.00	30.00	47.00	40.00	0.00	50.00	54.00	41.00
	3206.70	0.00	38.00	30.00	48.00	173.00	136.00	44.00	44.00	203.00	0.00	30.00	44.00	39.00	0.00	49.00	52.00	39.00
	3206.71	0.00	39.00	28.00	48.00	176.00	133.00	44.00	43.00	185.00	0.00	30.00	40.00	38.00	0.00	48.00	50.00	40.00
	3206.72	0.00	38.00	31.00	50.00	178.00	131.00	44.00	43.00	173.00	0.00	30.00	39.00	37.00	0.00	48.00	49.00	38.00
	3206.73	0.00	38.00	27.00	50.00	177.00	128.00	44.00	43.00	169.00	0.00	29.00	39.00	37.00	0.00	49.00	47.00	39.00
	3206.74	0.00	39.00	30.00	51.00	179.00	133.00	44.00	43.00	164.00	0.00	29.00	39.00	37.00	0.00	48.00	46.00	36.00
	3206.75	0.00	39.00	30.00	50.00	179.00	137.00	44.00	44.00	160.00	0.00	27.00	39.00	37.00	0.00	49.00	45.00	36.00
	3206.76	0.00	38.00	23.00	50.00	178.00	142.00	44.00	45.00	165.00	0.00	24.00	38.00	38.00	0.00	48.00	46.00	38.00
	3206.77	0.00	39.00	27.00	49.00	179.00	140.00	44.00	46.00	170.00	0.00	24.00	37.00	38.00	0.00	48.00	44.00	36.00
	3206.78	0.00	39.00	26.00	48.00	179.00	130.00	44.00	46.00	170.00	0.00	23.00	39.00	39.00	0.00	48.00	44.00	37.00
	3206.79	0.00	39.00	27.00	49.00	175.00	118.00	44.00	44.00	174.00	0.00	24.00	39.00	39.00	0.00	47.00	43.00	36.00
	3206.80	0.00	38.00	26.00	49.00	170.00	105.00	45.00	43.00	177.00	0.00	27.00	37.00	38.00	0.00	46.00	44.00	37.00
	3206.81	0.00	39.00	28.00	48.00	166.00	94.00	44.00	42.00	181.00	0.00	27.00	39.00	38.00	0.00	46.00	44.00	35.00
	3206.82	0.00	39.00	30.00	48.00	159.00	92.00	44.00	41.00	180.00	0.00	27.00	39.00	38.00	0.00	45.00	43.00	37.00
	3206.83	0.00	39.00	25.00	48.00	154.00	92.00	44.00	39.00	173.00	0.00	27.00	38.00	38.00	0.00	44.00	43.00	35.00
	3206.84	0.00	39.00	29.00	48.00	147.00	82.00	45.00	33.00	155.00	0.00	27.00	38.00	38.00	0.00	44.00	44.00	34.00
	3206.85	0.00	38.00	30.00	49.00	139.00	78.00	45.00	30.00	141.00	0.00	27.00	35.00	38.00	0.00	45.00	43.00	32.00
	3206.86	0.00	38.00	28.00	48.00	136.00	69.00	45.00	30.00	117.00	0.00	26.00	37.00	37.00	0.00	46.00	43.00	31.00
	3206.87	0.00	38.00	22.00	48.00	132.00	63.00	45.00	30.00	96.00	0.00	27.00	35.00	37.00	0.00	46.00	44.00	31.00
	3206.88	0.00	38.00	17.00	48.00	129.00	55.00	44.00	30.00	77.00	0.00	23.00	35.00	36.00	0.00	46.00	44.00	34.00
	3206.89	0.00	38.00	15.00	47.00	126.00	54.00	44.00	30.00	49.00	0.00	24.00	36.00	36.00	0.00	46.00	43.00	34.00
	3206.90	0.00	38.00	2.00	45.00	122.00	53.00	46.00	30.00	40.00	0.00	24.00	35.00	37.00	0.00	45.00	43.00	32.00
	3206.90	0.00	37.00	0.00	41.00	110.00	52.00	43.00	29.00	44.00	0.00	24.00	34.00	37.00	0.00	43.00	43.00	34.00
	3206.91	0.00	37.00	0.00	41.00	94.00	47.00	43.00	29.00	32.00	0.00	24.00	34.00	36.00	0.00	43.00	42.00	35.00
	3206.92	0.00	37.00	0.00	41.00	88.00	46.00	44.00	29.00	0.00	0.00	22.00	33.00	38.00	0.00	42.00	44.00	34.00
	3206.93	0.00	37.00	0.00	38.00	81.00	45.00	43.00	27.00	0.00	0.00	22.00	31.00	36.00	0.00	43.00	44.00	34.00
	3206.94	0.00	37.00	0.00	39.00	62.00	46.00	43.00	29.00	0.00	0.00	23.00	33.00	36.00	0.00	44.00	43.00	33.00
	3206.95	0.00	37.00	0.00	38.00	54.00	45.00	45.00	27.00	0.00	0.00	21.00	33.00	37.00	0.00	44.00	43.00	33.00
	3206.96	0.00	37.00	0.00	38.00	31.00	45.00	46.00	28.00	0.00	0.00	21.00	33.00	37.00	0.00	44.00	41.00	33.00
	3206.97	0.00	37.00	0.00	38.00	33.00	45.00	43.00	28.00	31.00	0.00	23.00	31.00	37.00	0.00	45.00	43.00	32.00
	3206.98	0.00	36.00	0.00	38.00	33.00	46.00	45.00	29.00	0.00	0.00	24.00	33.00	39.00	0.00	45.00	44.00	34.00
	3206.99	0.00	35.00	0.00	37.00	30.00	46.00	44.00	28.00	0.00	0.00	24.00	32.00	37.00	0.00	46.00	44.00	34.00
	3207.00	0.00	35.00	0.00	38.00	38.00	46.00	43.00	30.00	2.00	0.00	24.00	31.00	37.00	0.00	46.00	44.00	33.00
	3207.01	0.00	35.00	0.00	38.00	37.00	46.00	45.00	36.00	3.00	0.00	26.00	29.00	38.00	0.00	46.00	44.00	33.00
	3207.02	0.00	35.00	0.00	38.00	45.00	45.00	45.00	37.00	10.00	0.00	26.00	29.00	36.00	0.00	46.00	44.00	32.00
	3207.03	0.00	35.00	9.00	37.00	62.00	45.00	45.00	40.00	16.00	0.00	26.00	31.00	37.00	0.00	46.00	44.00	35.00
	3207.04	0.00	35.00	8.00	41.00	67.00	46.00	43.00	41.00	20.00	0.00	26.00	31.00	35.00	0.00	46.00	44.00	32.00
	3207.05	0.00	35.00	22.00	37.00	76.00	45.00	45.00	42.00	30.00	0.00	26.00	29.00	36.00	0.00	46.00	43.00	34.00
	3207.06	0.00	35.00	17.00	40.00	86.00	46.00	45.00	45.00	40.00	0.00	26.00	27.00	36.00	0.00	46.00	43.00	34.00
	3207.07	0.00	36.00	21.00	41.00	95.00	46.00	45.00	46.00	42.00	0.00	28.00	25.00	36.00	0.00	46.00	43.00	34.00
	3207.07	0.00	38.00	21.00	42.00	96.00	48.00	44.00	51.00	46.00	0.00	29.00	23.00	36.00	0.00	46.00	43.00	33.00
	3207.08	0.00	35.00	25.00	42.00	103.00	50.00	44.00	59.00	55.00	0.00	29.00	26.00	34.00	0.00	47.00	43.00	34.00
	3207.09	0.00	36.00	25.00	43.00	107.00	52.00	45.00	64.00	60.00	0.00	31.00	26.00	36.00	0.00	47.00	43.00	35.00
	3207.10	0.00	35.00	22.00	44.00	107.00	53.00	44.00	67.00	66.00	0.00	32.00	27.00	36.00	0.00	47.00	43.00	35.00
	3207.11	0.00	37.00	24.00	44.00	109.00	53.00	45.00	74.00	70.00	0.00	32.00	28.00	36.00	0.00	48.00	45.00	35.00
	3207.12	0.00	37.00	27.00	44.00	106.00	52.00	45.00	80.00	76.00	0.00	33.00	30.00	36.00	0.00	49.00	45.00	36.00
	3207.13	0.00	37.00	31.00	46.00	107.00	53.00	44.00	92.00	82.00	0.00	31.00	30.00	35.00	0.00	49.00	45.00	36.00
	3207.14	0.00	37.00	38.00	48.00	112.00	52.00	43.00	102.00	85.00	0.00	33.00	30.00	36.00	0.00	49.00	46.00	36.00
	3207.15	0.00	37.00	42.00	48.00	111.00	53.00	44.00	108.00	88.00	0.00	33.00	28.00	36.00	0.00	49.00	46.00	36.00
	3207.16	0.00	37.00	41.00	50.00	112.00	54.00	43.00	110.00	85.00	0.00	33.00	31.00	36.00	0.00	49.00	46.00	36.00
	3207.17	0.00	37.00	44.00	51.00	121.00	54.00	43.00	114.00	87.00	0.00	33.00	30.00	35.00	0.00	49.00	46.00	37.00
	3207.18	0.00	37.00	42.00	49.00	122.00	54.00	43.00	117.00	87.00	0.00	33.00	29.00	37.00	0.00	48.00	46.00	37.00
	3207.19	0.00	37.00	38.00	49.00	122.00	53.00	42.00	112.00	74.00	0.00	33.00	32.00	37.00	0.00	49.00	47.00	37.00
	3207.20	0.00	37.00	37.00	47.00	119.00	53.00	43.00	101.00	39.00	0.00	33.00	30.00	38.00	0.00	48.00	47.00	37.00
	3207.21	0.00	37.00	31.00	46.00	120.00	53.00	43.00	91.00	12.00	0.00	33.00	32.00	38.00	0.00	50.00	48.00	36.00
	3207.22	0.00	37.00	24.00	45.00	107.00	49.00	43.00	82.00	0.00	0.00	34.00	35.00	37.00	0.00	52.00	48.00	36.00
	3207.23	0.00	37.00	24.00	44.00	101.00	47.00	43.00	65.00	0.00	0.00	34.00	34.00	39.00	0.00	58.00	49.00	38.00
	3207.24	0.00	37.00	20.00	42.00	95.00	46.00	42.00	56.00	0.00	0.00	36.00	37.00	40.00	0.00	67.00	49.00	38.00
	3207.25	0.00	37.00	22.00	39.00	87.00	45.00	44.00	52.00	0.00	0.00	36.00	37.00	41.00	0.00	99.00	50.00	40.00
	3207.26	0.00	37.00	15.00	39.00	48.00	46.00	43.00	50.00	0.00	0.00	37.00	38.00	41.00	0.00	117.00	53.00	43.00
	3207.27	0.00	37.00	15.00	36.00	41.00	46.00	43.00	48.00	0.00	0.00	37.00	38.00	41.00	0.00	144.00	60.00	42.00
	3207.28	0.00	36.00	13.00	35.00	42.00	44.00	42.00	41.00	0.00	0.00	36.00	38.00	41.00	0.00	165.00	65.00	44.00
	3207.29	0.00	36.00	11.00	34.00	38.00	43.00	40.00	30.00	0.00	0.00	36.00	38.00	42.00	0.00	170.00	70.00	44.00
	3207.30	0.00	36.00	1.00	31.00	34.00	39.00	37.00	29.00	0.00	0.00	36.00	37.00	43.00	0.00	164.00	69.00	43.00
	3207.30	0.00	36.00	0.00	26.00	15.00	38.00	36.00	28.00	0.00	0.00	36.00	40.00	44.00	7.00	157.00	69.00	44.00
	3207.31	0.00	35.00	0.00	23.00	19.00	38.00	32.00	27.00	0.00	0.00	36.00	43.00	44.00	12.00	159.00	71.00	43.00
	3207.32	0.00	34.00	0.00	27.00	18.00	38.00	23.00	27.00	0.00	0.00	36.00	47.00	44.00	11.00	167.00	85.00	43.00
	3207.33	0.00	34.00	0.00	28.00	17.00	37.00	31.00	27.00	0.00	0.00	36.00	49.00	45.00	13.00	169.00	96.00	44.00
	3207.34	0.00	36.00	0.00	29.00	16.00	38.00	35.00	27.00	0.00	0.00	36.00	49.00	45.00	15.00	170.00	99.00	44.00
	3207.35	0.00	35.00	0.00	29.00	14.00	37.00	34.00	28.00	0.00	0.00	37.00	49.00	45.00	17.00	174.00	108.00	45.00
	3207.36	0.00	34.00	0.00	31.00	18.00	39.00	35.00	27.00	0.00	0.00	37.00	48.00	43.00	13.00	181.00	115.00	45.00
	3207.37	0.00	34.00	0.00	31.00	17.00	39.00	36.00	27.00	0.00	0.00	36.00	49.00	43.00	15.00	180.00	118.00	45.00
	3207.38	0.00	34.00	0.00	28.00	17.00	38.00	37.00	27.00	0.00	0.00	36.00	49.00	44.00	15.00	176.00	117.00	46.00
	3207.39	0.00	33.00	0.00	30.00	13.00	39.00	34.00	28.00	0.00	0.00	36.00	48.00	44.00	16.00	167.00	118.00	44.00
	3207.40	0.00	33.00	0.00	30.00	13.00	39.00	24.00	27.00	0.00	0.00	36.00	57.00	43.00	13.00	159.00	118.00	44.00
	3207.41	0.00	33.00	0.00	29.00	9.00	39.00	22.00	27.00	0.00	0.00	36.00	57.00	44.00	14.00	152.00	119.00	44.00
	3207.42	0.00	33.00	0.00	29.00	5.00	39.00	23.00	27.00	0.00	0.00	36.00	59.00	44.00	13.00	146.00	121.00	44.00
	3207.43	0.00	33.00	0.00	29.00	9.00	38.00	24.00	27.00	0.00	0.00	36.00	60.00	44.00	14.00	146.00	121.00	44.00
	3207.44	0.00	34.00	0.00	30.00	9.00	38.00	24.00	27.00	0.00	0.00	36.00	63.00	44.00	16.00	148.00	121.00	44.00
	3207.45	0.00	34.00	0.00	29.00	11.00	38.00	22.00	26.00	0.00	0.00	36.00	64.00	44.00	14.00	144.00	122.00	44.00
	3207.46	0.00	34.00	0.00	31.00	14.00	39.00	25.00	25.00	0.00	0.00	36.00	64.00	44.00	16.00	136.00	122.00	44.00
	3207.47	0.00	35.00	0.00	30.00	14.00	39.00	25.00	25.00	0.00	0.00	35.00	67.00	43.00	14.00	126.00	123.00	44.00
	3207.48	0.00	36.00	0.00	30.00	8.00	39.00	24.00	24.00	0.00	0.00	35.00	63.00	44.00	16.00	105.00	123.00	44.00
	3207.49	0.00	35.00	0.00	31.00	0.00	39.00	23.00	24.00	0.00	0.00	34.00	57.00	44.00	15.00	113.00	124.00	43.00
	3207.50	0.00	35.00	0.00	30.00	1.00	39.00	25.00	0.00	0.00	0.00	35.00	60.00	43.00	15.00	104.00	120.00	43.00
	3207.50	0.00	34.00	0.00	30.00	1.00	39.00	23.00	0.00	0.00	0.00	34.00	52.00	43.00	14.00	93.00	115.00	43.00
	3207.51	0.00	33.00	0.00	31.00	1.00	39.00	24.00	0.00	0.00	0.00	34.00	52.00	43.00	15.00	90.00	117.00	43.00
	3207.52	0.00	34.00	0.00	30.00	1.00	40.00	24.00	0.00	0.00	0.00	34.00	58.00	42.00	16.00	85.00	114.00	43.00
	3207.53	0.00	33.00	0.00	28.00	1.00	40.00	24.00	0.00	0.00	0.00	34.00	60.00	42.00	16.00	80.00	113.00	42.00
	3207.54	0.00	32.00	0.00	29.00	1.00	40.00	25.00	0.00	0.00	0.00	34.00	62.00	42.00	17.00	82.00	115.00	43.00
	3207.55	0.00	33.00	0.00	28.00	2.00	40.00	34.00	0.00	0.00	0.00	34.00	62.00	41.00	17.00	77.00	112.00	43.00
	3207.56	0.00	33.00	0.00	29.00	9.00	40.00	33.00	0.00	0.00	0.00	34.00	63.00	40.00	17.00	79.00	113.00	42.00
	3207.57	0.00	33.00	0.00	29.00	8.00	41.00	34.00	0.00	0.00	0.00	34.00	68.00	41.00	17.00	75.00	119.00	44.00
	3207.58	0.00	33.00	0.00	29.00	13.00	41.00	33.00	0.00	0.00	0.00	34.00	70.00	42.00	16.00	84.00	127.00	46.00
	3207.59	0.00	33.00	0.00	29.00	14.00	40.00	34.00	0.00	0.00	0.00	34.00	72.00	43.00	14.00	83.00	132.00	46.00
	3207.60	0.00	33.00	0.00	29.00	13.00	41.00	34.00	0.00	0.00	8.00	33.00	74.00	43.00	14.00	80.00	145.00	46.00
	3207.61	0.00	31.00	0.00	28.00	10.00	41.00	34.00	0.00	0.00	26.00	34.00	78.00	44.00	17.00	91.00	151.00	53.00
	3207.62	0.00	22.00	0.00	29.00	6.00	41.00	32.00	0.00	0.00	27.00	34.00	82.00	44.00	17.00	96.00	160.00	64.00
	3207.63	0.00	21.00	0.00	28.00	0.00	40.00	19.00	0.00	0.00	30.00	34.00	91.00	44.00	17.00	96.00	170.00	68.00
	3207.64	0.00	20.00	0.00	28.00	0.00	40.00	12.00	0.00	0.00	35.00	34.00	109.00	44.00	17.00	96.00	174.00	82.00
	3207.65	0.00	21.00	0.00	29.00	0.00	40.00	2.00	0.00	0.00	40.00	35.00	126.00	44.00	12.00	107.00	193.00	86.00
	3207.66	0.00	17.00	0.00	28.00	0.00	39.00	5.00	0.00	0.00	49.00	35.00	135.00	44.00	15.00	138.00	194.00	95.00
	3207.66	0.00	19.00	0.00	28.00	0.00	39.00	3.00	0.00	0.00	58.00	36.00	143.00	44.00	11.00	169.00	207.00	115.00
	3207.67	0.00	17.00	0.00	28.00	0.00	37.00	0.00	0.00	0.00	61.00	35.00	154.00	44.00	11.00	192.00	218.00	119.00
	3207.68	0.00	21.00	0.00	27.00	0.00	37.00	0.00	0.00	0.00	69.00	36.00	164.00	46.00	10.00	208.00	221.00	142.00
	3207.69	0.00	18.00	0.00	28.00	0.00	37.00	0.00	0.00	0.00	89.00	36.00	177.00	47.00	28.00	221.00	228.00	165.00
	3207.70	0.00	19.00	0.00	28.00	0.00	36.00	0.00	0.00	0.00	96.00	36.00	186.00	47.00	26.00	232.00	233.00	181.00
	3207.71	0.00	19.00	0.00	28.00	0.00	34.00	0.00	0.00	0.00	111.00	46.00	194.00	48.00	26.00	241.00	237.00	196.00
	3207.72	0.00	19.00	0.00	28.00	0.00	34.00	0.00	0.00	0.00	122.00	55.00	200.00	47.00	14.00	249.00	246.00	209.00
	3207.73	0.00	18.00	0.00	29.00	0.00	34.00	0.00	0.00	0.00	120.00	65.00	204.00	48.00	10.00	261.00	255.00	230.00
	3207.74	0.00	19.00	0.00	29.00	0.00	35.00	0.00	0.00	0.00	125.00	84.00	216.00	51.00	13.00	265.00	261.00	236.00
	3207.75	0.00	19.00	0.00	29.00	0.00	35.00	0.00	0.00	0.00	143.00	92.00	226.00	58.00	14.00	269.00	269.00	241.00
	3207.76	0.00	18.00	0.00	30.00	6.00	35.00	0.00	0.00	0.00	141.00	101.00	223.00	66.00	15.00	275.00	273.00	252.00
	3207.77	0.00	20.00	0.00	29.00	15.00	35.00	0.00	0.00	24.00	147.00	103.00	233.00	69.00	16.00	277.00	275.00	251.00
	3207.78	0.00	21.00	0.00	31.00	20.00	35.00	0.00	2.00	58.00	138.00	107.00	239.00	69.00	16.00	278.00	277.00	246.00
	3207.79	0.00	21.00	0.00	33.00	29.00	36.00	0.00	22.00	84.00	146.00	110.00	243.00	68.00	14.00	278.00	277.00	243.00
	3207.80	0.00	22.00	0.00	32.00	30.00	35.00	2.00	24.00	109.00	149.00	115.00	242.00	68.00	15.00	279.00	278.00	246.00
	3207.81	0.00	23.00	0.00	33.00	53.00	38.00	4.00	24.00	110.00	149.00	115.00	244.00	57.00	16.00	280.00	279.00	247.00
	3207.82	0.00	22.00	0.00	32.00	78.00	37.00	12.00	24.00	124.00	151.00	115.00	243.00	54.00	15.00	280.00	279.00	249.00
	3207.83	0.00	23.00	1.00	33.00	85.00	38.00	19.00	23.00	144.00	152.00	118.00	238.00	49.00	16.00	281.00	278.00	246.00
	3207.84	0.00	27.00	11.00	36.00	98.00	38.00	34.00	26.00	173.00	152.00	107.00	230.00	49.00	16.00	280.00	273.00	243.00
	3207.85	0.00	35.00	12.00	36.00	110.00	42.00	37.00	26.00	181.00	151.00	91.00	222.00	48.00	15.00	271.00	266.00	229.00
	3207.86	0.00	36.00	23.00	42.00	124.00	45.00	38.00	27.00	208.00	130.00	69.00	208.00	47.00	13.00	257.00	255.00	216.00
	3207.87	0.00	38.00	18.00	42.00	128.00	56.00	43.00	29.00	233.00	116.00	47.00	191.00	46.00	14.00	235.00	243.00	194.00
	3207.88	0.00	39.00	21.00	43.00	154.00	85.00	44.00	41.00	249.00	89.00	36.00	174.00	45.00	13.00	215.00	225.00	165.00
	3207.89	0.00	39.00	23.00	44.00	165.00	138.00	45.00	44.00	253.00	46.00	34.00	147.00	43.00	5.00	162.00	182.00	119.00
	3207.90	0.00	40.00	27.00	44.00	174.00	173.00	45.00	50.00	257.00	3.00	32.00	106.00	43.00	0.00	92.00	139.00	80.00
	3207.91	0.00	40.00	29.00	43.00	178.00	191.00	43.00	50.00	229.00	0.00	30.00	79.00	42.00	0.00	79.00	83.00	44.00
	3207.92	0.00	39.00	27.00	43.00	182.00	196.00	45.00	43.00	201.00	0.00	28.00	59.00	39.00	0.00	58.00	55.00	41.00
	3207.93	0.00	39.00	22.00	46.00	183.00	198.00	45.00	40.00	206.00	0.00	29.00	48.00	38.00	0.00	52.00	51.00	39.00
	3207.94	0.00	38.00	23.00	46.00	184.00	201.00	45.00	43.00	212.00	0.00	28.00	45.00	37.00	0.00	50.00	50.00	40.00
	3207.95	0.00	38.00	27.00	47.00	185.00	203.00	45.00	48.00	210.00	0.00	27.00	41.00	37.00	0.00	48.00	50.00	38.00
	3207.96	0.00	38.00	25.00	47.00	184.00	204.00	45.00	55.00	206.00	0.00	26.00	39.00	37.00	0.00	48.00	48.00	37.00
	3207.97	0.00	39.00	28.00	48.00	185.00	205.00	45.00	60.00	215.00	0.00	23.00	38.00	37.00	0.00	48.00	48.00	36.00
	3207.98	0.00	39.00	25.00	47.00	187.00	205.00	45.00	73.00	209.00	0.00	13.00	39.00	36.00	0.00	48.00	48.00	37.00
	3207.99	0.00	39.00	25.00	47.00	188.00	205.00	45.00	70.00	197.00	0.00	5.00	37.00	38.00	5.00	47.00	47.00	38.00
	3208.00	0.00	39.00	26.00	48.00	188.00	204.00	45.00	59.00	194.00	0.00	9.00	40.00	39.00	8.00	48.00	47.00	38.00
	3208.01	0.00	39.00	22.00	46.00	188.00	187.00	45.00	57.00	190.00	0.00	8.00	40.00	39.00	0.00	48.00	46.00	38.00
	3208.02	0.00	39.00	22.00	44.00	186.00	172.00	45.00	57.00	185.00	0.00	8.00	40.00	39.00	0.00	48.00	44.00	38.00
	3208.03	0.00	39.00	25.00	43.00	182.00	160.00	45.00	54.00	178.00	0.00	14.00	40.00	38.00	0.00	47.00	44.00	38.00
	3208.04	0.00	38.00	22.00	45.00	178.00	140.00	45.00	52.00	171.00	0.00	19.00	38.00	37.00	0.00	48.00	44.00	35.00
	3208.05	0.00	38.00	23.00	48.00	172.00	129.00	46.00	52.00	176.00	0.00	23.00	39.00	37.00	8.00	47.00	44.00	36.00
	3208.05	0.00	38.00	24.00	48.00	168.00	125.00	46.00	52.00	174.00	0.00	25.00	37.00	37.00	6.00	46.00	43.00	36.00
	3208.07	0.00	38.00	24.00	47.00	170.00	122.00	46.00	54.00	172.00	0.00	27.00	35.00	36.00	6.00	46.00	43.00	32.00
	3208.07	0.00	38.00	23.00	47.00	170.00	115.00	46.00	51.00	164.00	0.00	27.00	37.00	36.00	6.00	47.00	43.00	32.00
	3208.08	0.00	38.00	22.00	45.00	164.00	95.00	46.00	50.00	161.00	0.00	28.00	35.00	36.00	6.00	46.00	42.00	32.00
	3208.09	0.00	38.00	13.00	46.00	157.00	90.00	46.00	49.00	158.00	0.00	27.00	35.00	36.00	12.00	46.00	41.00	34.00
	3208.10	0.00	38.00	17.00	44.00	144.00	85.00	44.00	44.00	153.00	0.00	27.00	35.00	37.00	11.00	47.00	42.00	34.00
	3208.11	0.00	38.00	19.00	44.00	142.00	77.00	46.00	44.00	143.00	0.00	26.00	35.00	37.00	10.00	47.00	42.00	34.00
	3208.12	0.00	38.00	17.00	43.00	135.00	76.00	46.00	44.00	118.00	0.00	24.00	34.00	37.00	12.00	46.00	41.00	32.00
	3208.13	0.00	37.00	1.00	43.00	130.00	65.00	46.00	41.00	95.00	0.00	25.00	33.00	38.00	0.00	46.00	42.00	34.00
	3208.14	0.00	37.00	0.00	43.00	123.00	56.00	44.00	39.00	57.00	0.00	22.00	35.00	38.00	0.00	46.00	42.00	32.00
	3208.15	0.00	37.00	0.00	43.00	118.00	53.00	45.00	37.00	24.00	0.00	23.00	35.00	38.00	0.00	46.00	42.00	34.00
	3208.16	0.00	36.00	0.00	39.00	101.00	52.00	45.00	35.00	15.00	0.00	23.00	34.00	37.00	0.00	46.00	42.00	33.00
	3208.17	0.00	36.00	0.00	39.00	92.00	52.00	45.00	36.00	2.00	0.00	23.00	30.00	38.00	0.00	46.00	42.00	33.00
	3208.18	0.00	35.00	0.00	38.00	86.00	52.00	45.00	39.00	0.00	0.00	23.00	31.00	36.00	0.00	47.00	42.00	34.00
	3208.19	0.00	35.00	0.00	39.00	78.00	52.00	44.00	39.00	0.00	0.00	24.00	30.00	38.00	0.00	46.00	43.00	33.00
	3208.20	0.00	35.00	0.00	39.00	77.00	53.00	44.00	42.00	0.00	0.00	24.00	29.00	38.00	0.00	47.00	43.00	34.00
	3208.21	0.00	35.00	0.00	39.00	75.00	53.00	44.00	42.00	0.00	0.00	25.00	28.00	37.00	0.00	47.00	43.00	33.00
	3208.22	0.00	35.00	0.00	41.00	74.00	54.00	45.00	45.00	0.00	0.00	24.00	27.00	35.00	0.00	46.00	43.00	33.00
	3208.23	0.00	35.00	12.00	43.00	86.00	54.00	45.00	52.00	0.00	0.00	25.00	27.00	35.00	0.00	47.00	43.00	33.00
	3208.24	0.00	35.00	0.00	43.00	97.00	54.00	44.00	57.00	0.00	0.00	24.00	26.00	36.00	0.00	47.00	43.00	33.00
	3208.25	0.00	36.00	1.00	44.00	108.00	54.00	46.00	62.00	0.00	0.00	24.00	27.00	34.00	0.00	47.00	43.00	33.00
	3208.26	0.00	36.00	12.00	46.00	110.00	55.00	44.00	70.00	3.00	0.00	24.00	26.00	36.00	0.00	47.00	42.00	32.00
	3208.26	0.00	37.00	11.00	45.00	117.00	56.00	43.00	79.00	10.00	0.00	24.00	27.00	36.00	0.00	46.00	41.00	32.00
	3208.27	0.00	37.00	16.00	47.00	112.00	60.00	45.00	91.00	28.00	0.00	23.00	26.00	35.00	0.00	47.00	43.00	34.00
	3208.28	0.00	41.00	25.00	47.00	125.00	67.00	44.00	117.00	55.00	0.00	24.00	26.00	35.00	0.00	46.00	42.00	32.00
	3208.29	0.00	56.00	24.00	50.00	126.00	83.00	47.00	132.00	86.00	0.00	23.00	28.00	35.00	0.00	46.00	43.00	33.00
	3208.30	0.00	64.00	31.00	66.00	138.00	95.00	54.00	142.00	106.00	0.00	24.00	25.00	35.00	0.00	46.00	42.00	33.00
	3208.31	0.00	82.00	37.00	79.00	150.00	101.00	65.00	156.00	151.00	0.00	23.00	28.00	35.00	0.00	46.00	43.00	33.00
	3208.32	0.00	95.00	62.00	82.00	167.00	114.00	81.00	163.00	154.00	0.00	24.00	29.00	35.00	0.00	46.00	42.00	35.00
	3208.33	0.00	103.00	83.00	89.00	171.00	139.00	95.00	168.00	177.00	0.00	24.00	29.00	35.00	0.00	47.00	43.00	35.00
	3208.34	0.00	112.00	90.00	101.00	177.00	147.00	112.00	172.00	189.00	0.00	24.00	29.00	35.00	0.00	47.00	43.00	35.00
	3208.35	0.00	126.00	103.00	111.00	186.00	151.00	118.00	181.00	201.00	0.00	28.00	30.00	35.00	0.00	48.00	44.00	34.00
	3208.36	0.00	132.00	119.00	118.00	191.00	158.00	133.00	186.00	218.00	0.00	30.00	30.00	35.00	11.00	48.00	44.00	36.00
	3208.37	0.00	138.00	131.00	122.00	199.00	164.00	135.00	189.00	236.00	0.00	32.00	30.00	34.00	13.00	48.00	44.00	36.00
	3208.38	0.00	139.00	139.00	126.00	207.00	168.00	135.00	194.00	242.00	0.00	32.00	31.00	35.00	0.00	48.00	44.00	36.00
	3208.39	0.00	143.00	141.00	129.00	207.00	169.00	141.00	197.00	242.00	0.00	32.00	30.00	35.00	0.00	48.00	45.00	37.00
	3208.40	0.00	145.00	144.00	132.00	211.00	168.00	142.00	196.00	240.00	0.00	32.00	32.00	35.00	0.00	49.00	45.00	37.00
	3208.41	0.00	148.00	144.00	129.00	212.00	167.00	137.00	197.00	239.00	0.00	33.00	32.00	35.00	0.00	50.00	44.00	38.00
	3208.42	0.00	148.00	140.00	125.00	212.00	162.00	133.00	197.00	234.00	0.00	32.00	33.00	35.00	0.00	52.00	43.00	38.00
	3208.43	0.00	145.00	138.00	121.00	210.00	158.00	127.00	195.00	225.00	0.00	33.00	31.00	36.00	0.00	52.00	45.00	37.00
	3208.44	0.00	143.00	130.00	114.00	211.00	153.00	110.00	192.00	215.00	0.00	33.00	32.00	36.00	0.00	51.00	45.00	37.00
	3208.45	0.00	135.00	116.00	106.00	206.00	144.00	87.00	187.00	179.00	0.00	33.00	34.00	36.00	0.00	51.00	45.00	37.00
	3208.46	0.00	123.00	101.00	92.00	190.00	108.00	64.00	176.00	133.00	0.00	33.00	35.00	38.00	0.00	54.00	45.00	37.00
	3208.47	0.00	102.00	79.00	79.00	180.00	90.00	44.00	158.00	87.00	0.00	36.00	35.00	37.00	0.00	60.00	45.00	39.00
	3208.48	0.00	59.00	47.00	49.00	169.00	58.00	44.00	146.00	27.00	0.00	34.00	35.00	38.00	0.00	75.00	46.00	40.00
	3208.49	0.00	38.00	31.00	46.00	144.00	53.00	43.00	132.00	0.00	0.00	35.00	34.00	39.00	0.00	109.00	47.00	40.00
	3208.50	0.00	37.00	12.00	39.00	124.00	46.00	42.00	105.00	0.00	0.00	35.00	34.00	40.00	0.00	78.00	51.00	39.00
	3208.51	0.00	37.00	21.00	33.00	103.00	45.00	40.00	81.00	0.00	0.00	34.00	37.00	40.00	0.00	72.00	52.00	38.00
	3208.52	0.00	36.00	10.00	33.00	94.00	41.00	36.00	57.00	0.00	0.00	35.00	37.00	40.00	10.00	73.00	52.00	38.00
	3208.53	0.00	36.00	10.00	30.00	54.00	41.00	35.00	50.00	0.00	0.00	35.00	38.00	41.00	5.00	92.00	52.00	39.00
	3208.54	0.00	36.00	9.00	29.00	43.00	42.00	35.00	44.00	0.00	0.00	36.00	37.00	41.00	29.00	94.00	58.00	39.00
	3208.55	0.00	36.00	1.00	32.00	43.00	41.00	38.00	37.00	0.00	0.00	36.00	39.00	42.00	28.00	86.00	63.00	43.00
	3208.56	0.00	35.00	0.00	31.00	44.00	42.00	36.00	29.00	0.00	0.00	36.00	40.00	41.00	8.00	109.00	69.00	43.00
	3208.57	0.00	35.00	0.00	32.00	36.00	41.00	38.00	30.00	0.00	0.00	37.00	41.00	43.00	11.00	158.00	73.00	45.00
	3208.58	0.00	35.00	0.00	30.00	30.00	41.00	37.00	29.00	0.00	0.00	36.00	42.00	44.00	17.00	182.00	78.00	49.00
	3208.59	0.00	35.00	0.00	30.00	29.00	41.00	36.00	30.00	0.00	0.00	36.00	43.00	44.00	20.00	169.00	84.00	48.00
	3208.60	0.00	35.00	0.00	30.00	28.00	41.00	34.00	29.00	0.00	0.00	36.00	45.00	44.00	29.00	130.00	85.00	44.00
	3208.60	0.00	35.00	0.00	30.00	25.00	42.00	34.00	27.00	0.00	0.00	36.00	42.00	44.00	28.00	112.00	75.00	42.00
	3208.61	0.00	34.00	0.00	31.00	23.00	42.00	32.00	27.00	0.00	0.00	36.00	43.00	43.00	28.00	101.00	70.00	40.00
	3208.62	0.00	35.00	0.00	30.00	22.00	42.00	33.00	26.00	0.00	0.00	36.00	39.00	41.00	13.00	83.00	69.00	37.00
	3208.63	0.00	34.00	0.00	31.00	17.00	42.00	33.00	25.00	0.00	0.00	36.00	38.00	41.00	11.00	77.00	65.00	38.00
	3208.64	0.00	33.00	0.00	32.00	16.00	41.00	32.00	26.00	0.00	0.00	36.00	36.00	41.00	12.00	74.00	64.00	37.00
	3208.65	0.00	35.00	0.00	32.00	16.00	42.00	34.00	26.00	0.00	0.00	36.00	35.00	41.00	13.00	73.00	61.00	37.00
	3208.66	0.00	35.00	0.00	32.00	16.00	42.00	34.00	24.00	0.00	0.00	36.00	37.00	39.00	11.00	72.00	64.00	37.00
	3208.67	0.00	35.00	0.00	32.00	17.00	42.00	35.00	25.00	0.00	0.00	36.00	37.00	41.00	14.00	70.00	62.00	37.00
	3208.68	0.00	35.00	0.00	32.00	17.00	42.00	35.00	25.00	0.00	0.00	36.00	40.00	41.00	8.00	67.00	62.00	37.00
	3208.69	0.00	35.00	0.00	31.00	17.00	42.00	33.00	25.00	0.00	0.00	35.00	39.00	41.00	8.00	62.00	61.00	36.00
	3208.70	0.00	34.00	0.00	30.00	18.00	42.00	33.00	25.00	0.00	0.00	35.00	39.00	40.00	0.00	61.00	60.00	36.00
	3208.71	0.00	35.00	0.00	30.00	15.00	43.00	34.00	24.00	0.00	0.00	35.00	34.00	41.00	0.00	59.00	59.00	37.00
	3208.72	0.00	35.00	0.00	30.00	17.00	42.00	36.00	22.00	0.00	0.00	34.00	35.00	39.00	0.00	57.00	58.00	36.00
	3208.73	0.00	35.00	0.00	30.00	16.00	43.00	35.00	15.00	0.00	0.00	34.00	36.00	40.00	0.00	57.00	57.00	36.00
	3208.74	0.00	33.00	0.00	31.00	15.00	43.00	35.00	14.00	0.00	0.00	34.00	37.00	40.00	0.00	55.00	57.00	36.00
	3208.75	0.00	33.00	0.00	28.00	14.00	43.00	35.00	1.00	0.00	0.00	32.00	35.00	38.00	3.00	53.00	55.00	36.00
	3208.76	0.00	33.00	0.00	29.00	13.00	42.00	36.00	0.00	0.00	0.00	33.00	35.00	40.00	11.00	53.00	57.00	36.00
	3208.77	0.00	33.00	0.00	28.00	12.00	42.00	38.00	0.00	0.00	0.00	32.00	35.00	38.00	10.00	53.00	57.00	35.00
	3208.77	0.00	33.00	0.00	29.00	5.00	42.00	38.00	0.00	0.00	0.00	32.00	37.00	38.00	12.00	55.00	57.00	36.00
	3208.78	0.00	33.00	0.00	30.00	2.00	42.00	38.00	0.00	0.00	0.00	32.00	41.00	40.00	14.00	52.00	58.00	38.00
	3208.79	0.00	32.00	0.00	29.00	4.00	50.00	38.00	0.00	0.00	0.00	32.00	42.00	40.00	10.00	51.00	58.00	38.00
	3208.80	0.00	33.00	0.00	30.00	4.00	50.00	37.00	0.00	0.00	0.00	31.00	46.00	41.00	11.00	52.00	59.00	39.00
	3208.81	0.00	33.00	0.00	27.00	7.00	50.00	38.00	0.00	0.00	0.00	31.00	47.00	41.00	7.00	52.00	59.00	39.00
	3208.82	0.00	32.00	0.00	28.00	4.00	45.00	37.00	0.00	0.00	0.00	31.00	49.00	41.00	0.00	53.00	62.00	39.00
	3208.83	0.00	20.00	0.00	27.00	0.00	42.00	36.00	0.00	0.00	0.00	32.00	57.00	41.00	0.00	53.00	73.00	40.00
	3208.84	0.00	20.00	0.00	26.00	1.00	41.00	33.00	0.00	0.00	0.00	32.00	65.00	42.00	0.00	54.00	94.00	42.00
	3208.85	0.00	18.00	0.00	26.00	0.00	41.00	10.00	0.00	0.00	0.00	32.00	68.00	42.00	7.00	58.00	114.00	44.00
	3208.86	0.00	17.00	0.00	26.00	0.00	39.00	11.00	0.00	0.00	19.00	33.00	74.00	44.00	10.00	67.00	137.00	46.00
	3208.87	0.00	18.00	0.00	27.00	0.00	40.00	6.00	0.00	0.00	40.00	34.00	81.00	44.00	11.00	84.00	158.00	65.00
	3208.88	0.00	17.00	0.00	27.00	0.00	39.00	4.00	0.00	0.00	51.00	35.00	128.00	44.00	12.00	107.00	176.00	82.00
	3208.89	0.00	17.00	0.00	27.00	0.00	38.00	4.00	0.00	0.00	66.00	36.00	156.00	44.00	26.00	156.00	192.00	103.00
	3208.90	0.00	17.00	0.00	25.00	0.00	38.00	0.00	0.00	0.00	82.00	36.00	179.00	45.00	26.00	205.00	212.00	123.00
	3208.91	0.00	19.00	0.00	25.00	0.00	37.00	0.00	0.00	0.00	108.00	36.00	195.00	45.00	26.00	227.00	224.00	154.00
	3208.92	0.00	18.00	0.00	27.00	0.00	34.00	0.00	0.00	0.00	121.00	45.00	215.00	47.00	26.00	249.00	238.00	166.00
	3208.93	0.00	13.00	0.00	28.00	0.00	33.00	0.00	0.00	0.00	137.00	55.00	223.00	48.00	26.00	255.00	245.00	176.00
	3208.93	0.00	16.00	0.00	28.00	7.00	31.00	0.00	0.00	0.00	140.00	63.00	234.00	48.00	25.00	260.00	257.00	168.00
	3208.94	0.00	17.00	0.00	29.00	10.00	34.00	0.00	0.00	7.00	151.00	74.00	238.00	49.00	16.00	264.00	263.00	174.00
	3208.95	0.00	19.00	0.00	31.00	15.00	34.00	0.00	12.00	42.00	170.00	90.00	248.00	59.00	16.00	274.00	267.00	182.00
	3208.96	0.00	16.00	0.00	30.00	22.00	36.00	17.00	21.00	68.00	185.00	106.00	258.00	69.00	26.00	289.00	272.00	182.00
	3208.97	0.00	18.00	0.00	31.00	23.00	37.00	12.00	22.00	73.00	199.00	120.00	256.00	76.00	25.00	299.00	275.00	181.00
	3208.98	0.00	19.00	0.00	32.00	31.00	37.00	22.00	22.00	64.00	203.00	129.00	262.00	78.00	26.00	309.00	279.00	185.00
	3208.99	0.00	19.00	0.00	32.00	38.00	39.00	12.00	23.00	62.00	208.00	135.00	266.00	78.00	27.00	313.00	282.00	184.00
	3209.00	0.00	28.00	0.00	32.00	35.00	40.00	21.00	23.00	64.00	213.00	142.00	269.00	80.00	27.00	317.00	284.00	194.00
	3209.01	0.00	17.00	0.00	33.00	40.00	40.00	28.00	23.00	71.00	215.00	141.00	267.00	79.00	27.00	318.00	289.00	203.00
	3209.02	0.00	18.00	9.00	33.00	45.00	42.00	11.00	23.00	93.00	215.00	132.00	263.00	73.00	27.00	318.00	289.00	201.00
	3209.03	0.00	31.00	12.00	33.00	69.00	44.00	33.00	25.00	110.00	210.00	115.00	247.00	49.00	20.00	314.00	282.00	195.00
	3209.04	0.00	34.00	27.00	35.00	100.00	53.00	33.00	27.00	146.00	190.00	82.00	229.00	47.00	16.00	296.00	272.00	175.00
	3209.05	0.00	38.00	28.00	41.00	134.00	98.00	43.00	69.00	215.00	143.00	46.00	219.00	45.00	15.00	275.00	249.00	145.00
	3209.06	0.00	39.00	44.00	42.00	170.00	150.00	44.00	122.00	265.00	132.00	35.00	198.00	43.00	11.00	252.00	206.00	123.00
	3209.07	0.00	43.00	44.00	45.00	186.00	202.00	44.00	119.00	274.00	101.00	33.00	163.00	42.00	9.00	229.00	160.00	90.00
	3209.08	0.00	49.00	45.00	44.00	196.00	223.00	43.00	98.00	253.00	55.00	33.00	129.00	42.00	8.00	178.00	103.00	52.00
	3209.09	0.00	40.00	33.00	46.00	195.00	223.00	45.00	73.00	198.00	11.00	33.00	82.00	40.00	0.00	142.00	71.00	48.00
	3209.10	0.00	39.00	22.00	43.00	185.00	222.00	44.00	44.00	163.00	0.00	32.00	78.00	39.00	7.00	107.00	53.00	44.00
	3209.11	0.00	39.00	27.00	44.00	188.00	226.00	45.00	41.00	194.00	0.00	30.00	55.00	38.00	4.00	83.00	50.00	43.00
	3209.12	0.00	39.00	39.00	48.00	191.00	231.00	45.00	51.00	228.00	0.00	29.00	51.00	37.00	0.00	77.00	50.00	39.00
	3209.13	0.00	40.00	42.00	49.00	187.00	233.00	46.00	58.00	246.00	0.00	27.00	48.00	36.00	0.00	57.00	49.00	40.00
	3209.14	0.00	39.00	45.00	50.00	190.00	233.00	46.00	73.00	246.00	0.00	26.00	49.00	37.00	0.00	55.00	49.00	37.00
	3209.15	0.00	41.00	55.00	48.00	197.00	235.00	47.00	96.00	254.00	0.00	20.00	47.00	37.00	0.00	51.00	48.00	39.00
	3209.16	0.00	45.00	72.00	64.00	201.00	240.00	47.00	121.00	260.00	0.00	20.00	47.00	37.00	0.00	49.00	47.00	38.00
	3209.17	0.00	45.00	71.00	70.00	202.00	240.00	48.00	122.00	255.00	0.00	20.00	49.00	37.00	0.00	50.00	45.00	39.00
	3209.18	0.00	41.00	60.00	64.00	204.00	234.00	47.00	99.00	244.00	0.00	22.00	48.00	37.00	12.00	50.00	45.00	39.00
	3209.19	0.00	40.00	46.00	51.00	199.00	224.00	47.00	85.00	231.00	0.00	22.00	49.00	37.00	10.00	50.00	43.00	38.00
	3209.20	0.00	38.00	37.00	48.00	187.00	206.00	47.00	71.00	222.00	0.00	23.00	48.00	36.00	13.00	51.00	44.00	36.00
	3209.21	0.00	39.00	29.00	48.00	185.00	188.00	47.00	64.00	218.00	0.00	24.00	45.00	36.00	14.00	50.00	44.00	36.00
	3209.22	0.00	39.00	25.00	48.00	184.00	170.00	47.00	60.00	222.00	0.00	24.00	41.00	36.00	14.00	50.00	44.00	37.00
	3209.23	0.00	39.00	25.00	50.00	182.00	161.00	48.00	62.00	224.00	0.00	27.00	39.00	36.00	17.00	50.00	44.00	37.00
	3209.24	0.00	39.00	24.00	48.00	178.00	158.00	48.00	65.00	224.00	0.00	26.00	40.00	35.00	15.00	48.00	43.00	36.00
	3209.25	0.00	39.00	23.00	49.00	177.00	149.00	47.00	76.00	216.00	0.00	27.00	39.00	36.00	11.00	48.00	43.00	34.00
	3209.26	0.00	39.00	22.00	49.00	177.00	136.00	47.00	79.00	191.00	0.00	27.00	36.00	36.00	11.00	48.00	43.00	36.00
	3209.27	0.00	38.00	23.00	50.00	173.00	123.00	48.00	80.00	173.00	0.00	28.00	35.00	35.00	14.00	48.00	43.00	36.00
	3209.28	0.00	38.00	23.00	48.00	171.00	100.00	48.00	79.00	161.00	0.00	26.00	37.00	36.00	15.00	49.00	43.00	35.00
	3209.29	0.00	37.00	18.00	49.00	168.00	98.00	48.00	71.00	152.00	0.00	24.00	36.00	36.00	13.00	48.00	43.00	36.00
	3209.30	0.00	37.00	18.00	49.00	162.00	91.00	48.00	66.00	144.00	0.00	23.00	33.00	37.00	9.00	47.00	43.00	34.00
	3209.31	0.00	37.00	15.00	49.00	143.00	75.00	46.00	63.00	133.00	0.00	22.00	35.00	37.00	0.00	46.00	43.00	34.00
	3209.32	0.00	37.00	20.00	48.00	139.00	59.00	47.00	63.00	111.00	0.00	20.00	34.00	38.00	0.00	45.00	42.00	35.00
	3209.33	0.00	37.00	19.00	47.00	129.00	55.00	45.00	62.00	77.00	0.00	20.00	31.00	38.00	0.00	45.00	43.00	35.00
	3209.34	0.00	37.00	2.00	46.00	119.00	54.00	44.00	59.00	42.00	0.00	21.00	28.00	37.00	0.00	45.00	44.00	34.00
	3209.35	0.00	37.00	0.00	44.00	114.00	55.00	42.00	55.00	12.00	0.00	22.00	29.00	37.00	0.00	46.00	44.00	34.00
	3209.36	0.00	37.00	0.00	40.00	103.00	54.00	43.00	52.00	0.00	0.00	22.00	27.00	37.00	0.00	46.00	44.00	35.00
	3209.36	0.00	35.00	0.00	40.00	98.00	53.00	42.00	51.00	0.00	0.00	23.00	28.00	37.00	0.00	46.00	44.00	34.00
	3209.37	0.00	35.00	0.00	40.00	88.00	51.00	43.00	49.00	0.00	0.00	24.00	29.00	35.00	0.00	47.00	45.00	34.00
	3209.38	0.00	34.00	0.00	38.00	81.00	53.00	43.00	51.00	0.00	0.00	24.00	29.00	34.00	0.00	47.00	44.00	33.00
	3209.39	0.00	34.00	3.00	39.00	82.00	53.00	43.00	55.00	0.00	0.00	25.00	29.00	36.00	0.00	47.00	43.00	31.00
	3209.40	0.00	34.00	16.00	39.00	90.00	54.00	43.00	60.00	0.00	0.00	25.00	27.00	36.00	0.00	46.00	43.00	31.00
	3209.41	0.00	37.00	19.00	39.00	90.00	55.00	44.00	71.00	0.00	0.00	25.00	24.00	36.00	0.00	46.00	44.00	32.00
	3209.42	0.00	37.00	23.00	42.00	108.00	54.00	43.00	83.00	0.00	0.00	25.00	24.00	36.00	0.00	46.00	44.00	33.00
	3209.43	0.00	37.00	28.00	43.00	116.00	57.00	43.00	93.00	4.00	0.00	24.00	25.00	36.00	0.00	46.00	44.00	32.00
	3209.44	0.00	38.00	29.00	46.00	114.00	63.00	47.00	122.00	37.00	0.00	23.00	25.00	36.00	0.00	45.00	44.00	34.00
	3209.45	0.00	55.00	30.00	52.00	128.00	69.00	54.00	133.00	65.00	0.00	23.00	25.00	35.00	0.00	44.00	43.00	33.00
	3209.46	0.00	63.00	40.00	64.00	135.00	83.00	60.00	141.00	91.00	0.00	23.00	27.00	35.00	0.00	44.00	43.00	33.00
	3209.47	0.00	72.00	50.00	73.00	146.00	94.00	66.00	150.00	137.00	0.00	24.00	25.00	35.00	0.00	44.00	42.00	33.00
	3209.48	0.00	91.00	58.00	75.00	160.00	104.00	75.00	153.00	169.00	0.00	23.00	26.00	35.00	0.00	43.00	42.00	33.00
	3209.49	0.00	99.00	85.00	81.00	167.00	120.00	86.00	162.00	173.00	0.00	25.00	29.00	35.00	0.00	43.00	42.00	33.00
	3209.50	0.00	105.00	96.00	84.00	185.00	134.00	91.00	171.00	185.00	0.00	25.00	29.00	35.00	0.00	43.00	42.00	33.00
	3209.51	0.00	112.00	104.00	87.00	182.00	143.00	101.00	174.00	200.00	0.00	26.00	27.00	35.00	0.00	43.00	42.00	33.00
	3209.52	0.00	121.00	108.00	92.00	190.00	146.00	108.00	178.00	210.00	0.00	27.00	28.00	35.00	0.00	44.00	43.00	33.00
	3209.53	0.00	126.00	115.00	97.00	195.00	150.00	111.00	185.00	213.00	0.00	29.00	31.00	35.00	0.00	45.00	43.00	34.00
	3209.54	0.00	131.00	117.00	99.00	203.00	152.00	117.00	190.00	220.00	0.00	30.00	31.00	35.00	0.00	47.00	43.00	34.00
	3209.55	0.00	141.00	123.00	104.00	197.00	156.00	115.00	191.00	228.00	0.00	30.00	30.00	35.00	0.00	47.00	43.00	35.00
	3209.56	0.00	141.00	124.00	109.00	202.00	156.00	115.00	194.00	234.00	0.00	30.00	33.00	35.00	0.00	48.00	44.00	35.00
	3209.57	0.00	142.00	129.00	112.00	207.00	158.00	117.00	196.00	238.00	0.00	30.00	31.00	35.00	0.00	48.00	44.00	35.00
	3209.58	0.00	144.00	132.00	112.00	209.00	160.00	122.00	198.00	240.00	0.00	31.00	32.00	35.00	0.00	50.00	45.00	35.00
	3209.59	0.00	145.00	129.00	115.00	211.00	161.00	122.00	198.00	239.00	0.00	31.00	32.00	34.00	0.00	51.00	45.00	36.00
	3209.60	0.00	145.00	134.00	118.00	212.00	162.00	123.00	198.00	232.00	0.00	32.00	32.00	34.00	0.00	50.00	45.00	36.00
	3209.61	0.00	145.00	132.00	119.00	213.00	161.00	121.00	197.00	234.00	0.00	33.00	32.00	35.00	0.00	49.00	45.00	35.00
	3209.62	0.00	144.00	121.00	118.00	213.00	158.00	116.00	197.00	228.00	0.00	34.00	33.00	35.00	0.00	48.00	45.00	35.00
	3209.63	0.00	143.00	119.00	112.00	210.00	155.00	99.00	190.00	219.00	0.00	33.00	31.00	36.00	0.00	48.00	46.00	35.00
	3209.64	0.00	138.00	112.00	104.00	205.00	142.00	88.00	183.00	199.00	0.00	33.00	33.00	37.00	0.00	48.00	46.00	35.00
	3209.65	0.00	122.00	100.00	92.00	201.00	118.00	68.00	172.00	161.00	0.00	34.00	33.00	38.00	0.00	49.00	45.00	36.00
	3209.66	0.00	106.00	90.00	84.00	188.00	97.00	60.00	164.00	119.00	0.00	36.00	36.00	39.00	0.00	52.00	45.00	39.00
	3209.67	0.00	68.00	63.00	63.00	177.00	73.00	45.00	148.00	82.00	0.00	37.00	37.00	39.00	0.00	67.00	46.00	40.00
	3209.68	0.00	43.00	34.00	50.00	158.00	55.00	44.00	137.00	63.00	0.00	37.00	34.00	39.00	0.00	76.00	46.00	43.00
	3209.69	0.00	38.00	19.00	42.00	146.00	49.00	44.00	129.00	26.00	0.00	36.00	37.00	40.00	0.00	75.00	49.00	44.00
	3209.70	0.00	37.00	16.00	39.00	120.00	45.00	42.00	99.00	0.00	0.00	34.00	41.00	40.00	0.00	65.00	49.00	39.00
	3209.70	0.00	36.00	24.00	33.00	103.00	45.00	40.00	81.00	0.00	0.00	35.00	34.00	41.00	0.00	63.00	49.00	36.00
	3209.71	0.00	35.00	18.00	31.00	91.00	41.00	36.00	55.00	0.00	0.00	34.00	34.00	41.00	0.00	66.00	49.00	38.00
	3209.72	0.00	36.00	10.00	28.00	42.00	42.00	37.00	48.00	0.00	0.00	35.00	37.00	41.00	9.00	66.00	50.00	39.00
	3209.73	0.00	36.00	1.00	28.00	41.00	41.00	35.00	40.00	0.00	0.00	36.00	36.00	41.00	11.00	71.00	51.00	41.00
	3209.74	0.00	34.00	0.00	26.00	40.00	41.00	35.00	37.00	0.00	0.00	36.00	39.00	41.00	10.00	75.00	51.00	43.00
	3209.75	0.00	34.00	0.00	27.00	32.00	41.00	37.00	30.00	0.00	0.00	36.00	41.00	42.00	9.00	95.00	53.00	43.00
	3209.76	0.00	34.00	0.00	29.00	25.00	40.00	38.00	31.00	0.00	0.00	34.00	44.00	43.00	9.00	128.00	54.00	44.00
	3209.77	0.00	34.00	0.00	27.00	29.00	40.00	37.00	29.00	0.00	0.00	33.00	45.00	44.00	12.00	135.00	57.00	44.00
	3209.78	0.00	34.00	0.00	27.00	24.00	41.00	37.00	30.00	0.00	0.00	32.00	43.00	44.00	12.00	89.00	58.00	42.00
	3209.79	0.00	34.00	0.00	29.00	26.00	42.00	35.00	29.00	0.00	0.00	33.00	41.00	42.00	11.00	75.00	56.00	41.00
	3209.80	0.00	35.00	0.00	29.00	23.00	42.00	37.00	28.00	0.00	0.00	32.00	38.00	42.00	5.00	68.00	54.00	36.00
	3209.81	0.00	34.00	0.00	30.00	25.00	42.00	35.00	28.00	0.00	0.00	32.00	34.00	41.00	6.00	64.00	53.00	34.00
	3209.82	0.00	34.00	0.00	30.00	26.00	42.00	35.00	27.00	0.00	0.00	32.00	35.00	41.00	4.00	63.00	53.00	35.00
	3209.83	0.00	34.00	0.00	30.00	20.00	42.00	35.00	27.00	0.00	0.00	33.00	35.00	41.00	7.00	62.00	53.00	36.00
	3209.84	0.00	34.00	0.00	30.00	21.00	42.00	35.00	26.00	0.00	0.00	33.00	35.00	41.00	1.00	60.00	53.00	36.00
	3209.85	0.00	34.00	0.00	31.00	22.00	42.00	35.00	26.00	0.00	0.00	33.00	35.00	41.00	0.00	60.00	54.00	36.00
	3209.86	0.00	35.00	0.00	31.00	21.00	41.00	35.00	24.00	0.00	0.00	31.00	35.00	40.00	0.00	58.00	55.00	36.00
	3209.87	0.00	35.00	0.00	32.00	17.00	42.00	35.00	24.00	0.00	0.00	33.00	35.00	41.00	0.00	57.00	56.00	36.00
	3209.88	0.00	35.00	0.00	31.00	25.00	43.00	35.00	23.00	0.00	0.00	33.00	37.00	40.00	0.00	56.00	56.00	34.00
	3209.88	0.00	35.00	0.00	31.00	27.00	43.00	34.00	23.00	0.00	0.00	33.00	40.00	43.00	0.00	53.00	56.00	36.00
	3209.89	0.00	35.00	0.00	31.00	25.00	43.00	34.00	23.00	0.00	0.00	32.00	37.00	43.00	0.00	52.00	56.00	35.00
	3209.90	0.00	35.00	0.00	31.00	24.00	42.00	34.00	23.00	0.00	0.00	32.00	38.00	43.00	0.00	52.00	55.00	34.00
	3209.91	0.00	32.00	0.00	32.00	20.00	43.00	34.00	24.00	0.00	0.00	32.00	38.00	42.00	0.00	51.00	54.00	34.00
	3209.92	0.00	32.00	0.00	31.00	17.00	42.00	35.00	17.00	0.00	0.00	31.00	36.00	40.00	0.00	51.00	54.00	33.00
	3209.93	0.00	33.00	0.00	29.00	15.00	42.00	35.00	12.00	0.00	0.00	31.00	33.00	39.00	0.00	50.00	54.00	34.00
	3209.94	0.00	33.00	0.00	28.00	7.00	43.00	36.00	0.00	0.00	0.00	31.00	36.00	39.00	0.00	50.00	54.00	34.00
	3209.95	0.00	33.00	0.00	25.00	2.00	42.00	35.00	0.00	0.00	0.00	30.00	37.00	41.00	0.00	50.00	54.00	34.00
	3209.96	0.00	33.00	0.00	26.00	6.00	52.00	35.00	0.00	0.00	0.00	30.00	37.00	41.00	0.00	49.00	53.00	34.00
	3209.97	0.00	33.00	0.00	28.00	12.00	71.00	36.00	0.00	0.00	0.00	29.00	37.00	41.00	0.00	50.00	52.00	34.00
	3209.98	0.00	31.00	0.00	28.00	10.00	85.00	36.00	0.00	0.00	0.00	28.00	38.00	41.00	0.00	50.00	54.00	32.00
	3209.99	0.00	21.00	0.00	28.00	11.00	85.00	35.00	0.00	0.00	0.00	28.00	42.00	41.00	0.00	49.00	54.00	33.00
	3210.00	0.00	19.00	0.00	28.00	11.00	77.00	35.00	0.00	0.00	0.00	28.00	45.00	41.00	0.00	48.00	55.00	34.00
	3210.01	0.00	21.00	0.00	27.00	9.00	59.00	35.00	0.00	0.00	0.00	27.00	44.00	41.00	0.00	48.00	57.00	36.00
	3210.02	0.00	21.00	0.00	26.00	1.00	51.00	35.00	0.00	0.00	0.00	28.00	48.00	38.00	0.00	48.00	57.00	37.00
	3210.02	0.00	21.00	0.00	26.00	0.00	46.00	19.00	0.00	0.00	0.00	28.00	49.00	41.00	0.00	50.00	60.00	39.00
	3210.03	0.00	21.00	0.00	28.00	3.00	39.00	15.00	0.00	0.00	0.00	29.00	64.00	42.00	0.00	50.00	72.00	40.00
	3210.04	0.00	19.00	0.00	26.00	3.00	38.00	17.00	0.00	0.00	0.00	30.00	65.00	42.00	0.00	53.00	102.00	39.00
	3210.05	0.00	21.00	0.00	26.00	1.00	38.00	16.00	0.00	0.00	21.00	32.00	76.00	42.00	0.00	66.00	119.00	41.00
	3210.06	0.00	19.00	0.00	27.00	0.00	38.00	17.00	0.00	0.00	39.00	32.00	79.00	43.00	0.00	72.00	140.00	45.00
	3210.07	0.00	20.00	0.00	25.00	0.00	38.00	18.00	0.00	0.00	45.00	34.00	87.00	44.00	0.00	81.00	177.00	52.00
	3210.08	0.00	19.00	0.00	25.00	0.00	36.00	16.00	0.00	0.00	52.00	35.00	123.00	44.00	8.00	83.00	192.00	72.00
	3210.09	0.00	19.00	0.00	24.00	1.00	36.00	0.00	0.00	0.00	58.00	36.00	141.00	45.00	0.00	108.00	206.00	93.00
	3210.10	0.00	20.00	0.00	25.00	9.00	37.00	0.00	0.00	0.00	75.00	35.00	158.00	46.00	7.00	155.00	220.00	112.00
	3210.11	0.00	21.00	0.00	26.00	11.00	36.00	0.00	0.00	0.00	88.00	36.00	177.00	47.00	11.00	199.00	225.00	135.00
	3210.12	0.00	18.00	0.00	27.00	8.00	36.00	0.00	0.00	0.00	104.00	43.00	187.00	47.00	10.00	215.00	231.00	163.00
	3210.13	0.00	18.00	0.00	26.00	6.00	37.00	0.00	0.00	0.00	113.00	46.00	206.00	48.00	13.00	225.00	237.00	186.00
	3210.14	0.00	19.00	0.00	26.00	3.00	37.00	0.00	0.00	0.00	126.00	56.00	219.00	49.00	27.00	234.00	242.00	201.00
	3210.15	0.00	19.00	0.00	28.00	1.00	36.00	0.00	0.00	0.00	128.00	62.00	223.00	52.00	27.00	245.00	246.00	203.00
	3210.16	0.00	20.00	0.00	27.00	3.00	36.00	0.00	0.00	0.00	136.00	66.00	225.00	59.00	27.00	252.00	250.00	211.00
	3210.17	0.00	18.00	0.00	28.00	10.00	36.00	0.00	0.00	5.00	138.00	87.00	229.00	67.00	26.00	256.00	257.00	218.00
	3210.18	0.00	18.00	0.00	30.00	19.00	36.00	0.00	0.00	19.00	144.00	91.00	226.00	73.00	27.00	264.00	256.00	221.00
	3210.19	0.00	19.00	0.00	31.00	25.00	37.00	0.00	0.00	40.00	138.00	93.00	232.00	75.00	27.00	268.00	258.00	222.00
	3210.20	0.00	20.00	0.00	31.00	28.00	38.00	14.00	11.00	51.00	142.00	99.00	231.00	74.00	27.00	269.00	260.00	222.00
	3210.21	0.00	21.00	0.00	30.00	33.00	38.00	17.00	12.00	76.00	139.00	100.00	232.00	75.00	26.00	271.00	261.00	222.00
	3210.22	0.00	19.00	3.00	31.00	58.00	39.00	19.00	20.00	102.00	139.00	100.00	237.00	68.00	27.00	269.00	262.00	214.00
	3210.23	0.00	21.00	8.00	32.00	78.00	38.00	21.00	23.00	130.00	140.00	93.00	235.00	50.00	27.00	269.00	263.00	211.00
	3210.24	0.00	30.00	20.00	35.00	90.00	41.00	37.00	22.00	153.00	143.00	90.00	228.00	48.00	27.00	266.00	261.00	205.00
	3210.25	0.00	34.00	20.00	34.00	100.00	45.00	34.00	27.00	163.00	135.00	63.00	219.00	47.00	27.00	256.00	258.00	197.00
	3210.26	0.00	36.00	18.00	38.00	123.00	57.00	39.00	29.00	183.00	126.00	46.00	201.00	47.00	27.00	245.00	244.00	180.00
	3210.27	0.00	39.00	23.00	41.00	144.00	108.00	43.00	67.00	222.00	91.00	36.00	180.00	44.00	27.00	218.00	226.00	138.00
	3210.28	0.00	39.00	37.00	43.00	176.00	142.00	44.00	93.00	253.00	51.00	33.00	136.00	43.00	11.00	151.00	187.00	108.00
	3210.29	0.00	41.00	45.00	43.00	196.00	192.00	44.00	94.00	265.00	0.00	31.00	91.00	42.00	10.00	100.00	154.00	79.00
	3210.30	0.00	47.00	56.00	47.00	209.00	227.00	44.00	101.00	247.00	0.00	32.00	80.00	42.00	9.00	81.00	104.00	48.00
	3210.31	0.00	40.00	38.00	46.00	209.00	240.00	44.00	90.00	198.00	0.00	33.00	76.00	41.00	9.00	76.00	56.00	44.00
	3210.32	0.00	40.00	25.00	43.00	201.00	234.00	45.00	56.00	152.00	0.00	33.00	61.00	40.00	8.00	62.00	52.00	43.00
	3210.33	0.00	39.00	24.00	41.00	196.00	233.00	45.00	43.00	151.00	0.00	32.00	52.00	39.00	6.00	56.00	50.00	42.00
	3210.34	0.00	38.00	27.00	42.00	194.00	236.00	45.00	45.00	176.00	0.00	31.00	48.00	39.00	0.00	54.00	48.00	42.00
	3210.34	0.00	38.00	34.00	47.00	194.00	237.00	45.00	47.00	189.00	0.00	29.00	47.00	38.00	0.00	50.00	47.00	39.00
	3210.35	0.00	38.00	28.00	47.00	193.00	234.00	45.00	52.00	185.00	0.00	29.00	46.00	38.00	0.00	50.00	46.00	37.00
	3210.36	0.00	39.00	32.00	48.00	194.00	240.00	45.00	73.00	196.00	0.00	29.00	48.00	38.00	8.00	50.00	46.00	39.00
	3210.37	0.00	40.00	44.00	48.00	202.00	248.00	47.00	126.00	217.00	0.00	27.00	45.00	38.00	6.00	49.00	45.00	38.00
	3210.38	0.00	41.00	57.00	50.00	212.00	252.00	48.00	137.00	227.00	0.00	28.00	45.00	36.00	9.00	49.00	44.00	39.00
	3210.39	0.00	40.00	48.00	51.00	215.00	250.00	48.00	141.00	226.00	0.00	29.00	45.00	38.00	7.00	49.00	42.00	39.00
	3210.40	0.00	40.00	42.00	50.00	217.00	243.00	48.00	138.00	211.00	0.00	29.00	45.00	38.00	15.00	48.00	44.00	38.00
	3210.41	0.00	39.00	30.00	48.00	210.00	228.00	47.00	126.00	200.00	0.00	29.00	40.00	38.00	12.00	48.00	43.00	36.00
	3210.42	0.00	39.00	26.00	48.00	200.00	213.00	47.00	120.00	193.00	0.00	29.00	40.00	38.00	13.00	48.00	45.00	37.00
	3210.43	0.00	38.00	30.00	48.00	196.00	189.00	47.00	119.00	195.00	0.00	29.00	38.00	38.00	14.00	48.00	43.00	37.00
	3210.44	0.00	38.00	25.00	48.00	193.00	177.00	46.00	99.00	188.00	0.00	29.00	39.00	38.00	14.00	48.00	44.00	37.00
	3210.45	0.00	38.00	24.00	49.00	192.00	168.00	47.00	101.00	189.00	0.00	27.00	39.00	36.00	12.00	47.00	43.00	36.00
	3210.46	0.00	39.00	27.00	48.00	187.00	159.00	46.00	100.00	190.00	0.00	28.00	38.00	37.00	11.00	47.00	42.00	36.00
	3210.47	0.00	39.00	26.00	48.00	186.00	153.00	46.00	123.00	180.00	0.00	27.00	35.00	37.00	13.00	47.00	42.00	38.00
	3210.48	0.00	39.00	26.00	49.00	186.00	143.00	46.00	120.00	166.00	0.00	26.00	36.00	37.00	14.00	49.00	42.00	37.00
	3210.49	0.00	38.00	26.00	49.00	185.00	135.00	46.00	120.00	153.00	0.00	26.00	37.00	37.00	12.00	48.00	42.00	36.00
	3210.50	0.00	38.00	19.00	48.00	183.00	128.00	47.00	123.00	136.00	0.00	23.00	35.00	37.00	9.00	46.00	41.00	36.00
	3210.51	0.00	37.00	23.00	49.00	181.00	109.00	48.00	118.00	97.00	0.00	23.00	35.00	37.00	6.00	46.00	42.00	35.00
	3210.52	0.00	38.00	24.00	49.00	172.00	101.00	48.00	116.00	80.00	0.00	20.00	34.00	37.00	0.00	46.00	42.00	35.00
	3210.53	0.00	37.00	24.00	49.00	169.00	93.00	48.00	118.00	46.00	0.00	21.00	33.00	38.00	0.00	46.00	42.00	34.00
	3210.54	0.00	38.00	16.00	49.00	153.00	88.00	47.00	117.00	33.00	0.00	21.00	33.00	38.00	0.00	46.00	42.00	34.00
	3210.55	0.00	38.00	22.00	49.00	147.00	83.00	47.00	98.00	20.00	0.00	21.00	32.00	38.00	0.00	46.00	42.00	33.00
	3210.56	0.00	37.00	15.00	49.00	137.00	73.00	46.00	96.00	20.00	0.00	21.00	28.00	38.00	0.00	46.00	42.00	33.00
	3210.57	0.00	37.00	19.00	48.00	125.00	66.00	46.00	89.00	21.00	0.00	21.00	29.00	38.00	0.00	46.00	43.00	34.00
	3210.58	0.00	35.00	10.00	48.00	125.00	58.00	47.00	89.00	19.00	0.00	20.00	28.00	38.00	0.00	46.00	43.00	34.00
	3210.59	0.00	35.00	19.00	45.00	120.00	55.00	44.00	87.00	19.00	0.00	23.00	28.00	38.00	0.00	46.00	42.00	33.00
	3210.60	0.00	35.00	6.00	44.00	106.00	54.00	45.00	87.00	19.00	0.00	24.00	30.00	36.00	0.00	46.00	43.00	34.00
	3210.61	0.00	36.00	13.00	42.00	104.00	54.00	44.00	93.00	19.00	0.00	24.00	30.00	37.00	0.00	46.00	42.00	35.00
	3210.62	0.00	35.00	17.00	42.00	103.00	55.00	45.00	98.00	19.00	0.00	24.00	29.00	37.00	0.00	46.00	41.00	33.00
	3210.63	0.00	36.00	16.00	42.00	105.00	55.00	45.00	101.00	0.00	0.00	24.00	25.00	37.00	0.00	46.00	42.00	33.00
	3210.64	0.00	35.00	23.00	40.00	114.00	56.00	44.00	109.00	0.00	0.00	24.00	25.00	36.00	0.00	46.00	42.00	33.00
	3210.64	0.00	37.00	26.00	41.00	113.00	58.00	45.00	124.00	0.00	0.00	24.00	23.00	36.00	0.00	45.00	42.00	33.00
	3210.65	0.00	37.00	27.00	42.00	114.00	60.00	43.00	128.00	14.00	0.00	25.00	25.00	36.00	0.00	45.00	42.00	32.00
	3210.66	0.00	49.00	24.00	41.00	122.00	69.00	45.00	135.00	8.00	0.00	24.00	24.00	36.00	0.00	45.00	42.00	32.00
	3210.67	0.00	54.00	40.00	43.00	129.00	81.00	50.00	146.00	33.00	0.00	25.00	23.00	36.00	0.00	46.00	42.00	35.00
	3210.68	0.00	63.00	46.00	52.00	143.00	94.00	57.00	150.00	61.00	0.00	25.00	22.00	36.00	0.00	46.00	42.00	33.00
	3210.69	0.00	74.00	72.00	65.00	152.00	102.00	67.00	161.00	94.00	0.00	27.00	24.00	36.00	0.00	47.00	41.00	34.00
	3210.70	0.00	94.00	86.00	73.00	171.00	132.00	81.00	168.00	135.00	0.00	28.00	27.00	36.00	2.00	47.00	43.00	34.00
	3210.71	0.00	105.00	100.00	79.00	179.00	146.00	101.00	171.00	163.00	0.00	29.00	26.00	36.00	2.00	47.00	41.00	34.00
	3210.72	0.00	116.00	107.00	88.00	186.00	149.00	111.00	184.00	185.00	0.00	30.00	27.00	36.00	0.00	47.00	43.00	34.00
	3210.73	0.00	120.00	108.00	98.00	188.00	155.00	120.00	186.00	192.00	0.00	31.00	29.00	36.00	0.00	47.00	43.00	34.00
	3210.74	0.00	125.00	113.00	101.00	189.00	159.00	122.00	186.00	210.00	0.00	32.00	27.00	36.00	0.00	47.00	43.00	34.00
	3210.75	0.00	124.00	122.00	105.00	191.00	159.00	123.00	187.00	222.00	0.00	31.00	31.00	36.00	0.00	47.00	43.00	35.00
	3210.76	0.00	131.00	121.00	118.00	194.00	163.00	124.00	192.00	230.00	0.00	32.00	32.00	36.00	0.00	47.00	44.00	35.00
	3210.77	0.00	134.00	130.00	124.00	197.00	162.00	126.00	193.00	229.00	0.00	32.00	31.00	36.00	0.00	47.00	42.00	36.00
	3210.78	0.00	136.00	134.00	123.00	200.00	163.00	124.00	195.00	229.00	0.00	32.00	32.00	36.00	0.00	48.00	44.00	36.00
	3210.79	0.00	137.00	135.00	127.00	203.00	166.00	115.00	195.00	233.00	0.00	33.00	30.00	34.00	0.00	49.00	44.00	36.00
	3210.80	0.00	137.00	129.00	127.00	204.00	162.00	113.00	195.00	223.00	0.00	33.00	29.00	36.00	0.00	48.00	44.00	36.00
	3210.81	0.00	135.00	121.00	111.00	203.00	157.00	103.00	190.00	220.00	0.00	33.00	29.00	36.00	0.00	49.00	44.00	36.00
	3210.82	0.00	130.00	110.00	101.00	199.00	145.00	84.00	183.00	206.00	0.00	33.00	31.00	35.00	0.00	48.00	44.00	34.00
	3210.83	0.00	120.00	101.00	88.00	197.00	116.00	65.00	176.00	188.00	0.00	33.00	32.00	36.00	0.00	48.00	44.00	35.00
	3210.84	0.00	108.00	90.00	80.00	185.00	96.00	54.00	169.00	151.00	0.00	33.00	32.00	38.00	0.00	48.00	44.00	36.00
	3210.85	0.00	85.00	76.00	72.00	175.00	74.00	45.00	158.00	110.00	0.00	33.00	33.00	38.00	0.00	48.00	45.00	36.00
	3210.86	0.00	59.00	57.00	47.00	151.00	56.00	44.00	150.00	67.00	0.00	35.00	33.00	38.00	0.00	50.00	45.00	38.00
	3210.87	0.00	38.00	34.00	45.00	142.00	54.00	43.00	139.00	48.00	0.00	35.00	36.00	40.00	0.00	57.00	48.00	38.00
	3210.88	0.00	38.00	24.00	43.00	134.00	48.00	43.00	136.00	25.00	0.00	34.00	41.00	44.00	0.00	69.00	53.00	38.00
	3210.89	0.00	38.00	19.00	36.00	129.00	46.00	42.00	124.00	33.00	0.00	34.00	42.00	45.00	0.00	63.00	56.00	37.00
	3210.90	0.00	38.00	24.00	33.00	111.00	45.00	39.00	99.00	8.00	0.00	32.00	41.00	45.00	0.00	57.00	57.00	35.00
	3210.91	0.00	37.00	18.00	30.00	103.00	42.00	35.00	87.00	0.00	0.00	32.00	42.00	43.00	0.00	59.00	56.00	35.00
	3210.92	0.00	36.00	20.00	28.00	88.00	42.00	33.00	59.00	0.00	0.00	31.00	42.00	45.00	0.00	64.00	56.00	37.00
	3210.93	0.00	36.00	14.00	25.00	38.00	42.00	33.00	49.00	0.00	0.00	32.00	43.00	45.00	0.00	61.00	56.00	37.00
	3210.94	0.00	36.00	10.00	26.00	33.00	41.00	35.00	37.00	0.00	0.00	33.00	46.00	43.00	0.00	62.00	56.00	39.00
	3210.95	0.00	34.00	1.00	26.00	34.00	41.00	36.00	28.00	0.00	0.00	34.00	45.00	44.00	0.00	68.00	57.00	40.00
	3210.96	0.00	34.00	0.00	22.00	26.00	39.00	32.00	27.00	0.00	0.00	34.00	57.00	43.00	0.00	70.00	60.00	43.00
	3210.97	0.00	34.00	0.00	29.00	18.00	39.00	33.00	26.00	0.00	0.00	34.00	63.00	44.00	0.00	73.00	65.00	40.00
	3210.97	0.00	34.00	0.00	29.00	17.00	40.00	33.00	27.00	0.00	0.00	34.00	61.00	45.00	0.00	76.00	85.00	40.00
	3210.98	0.00	34.00	0.00	29.00	18.00	40.00	33.00	27.00	0.00	0.00	34.00	66.00	45.00	0.00	71.00	85.00	40.00
	3210.99	0.00	34.00	0.00	28.00	20.00	41.00	33.00	27.00	0.00	0.00	34.00	63.00	45.00	0.00	68.00	73.00	37.00
	3211.00	0.00	34.00	0.00	29.00	21.00	40.00	33.00	27.00	0.00	0.00	34.00	67.00	43.00	0.00	63.00	65.00	37.00
	3211.01	0.00	34.00	0.00	27.00	24.00	40.00	33.00	26.00	0.00	0.00	34.00	68.00	45.00	0.00	61.00	64.00	37.00
	3211.02	0.00	34.00	0.00	29.00	25.00	39.00	32.00	25.00	0.00	0.00	34.00	65.00	45.00	0.00	61.00	64.00	37.00
	3211.03	0.00	34.00	0.00	29.00	25.00	40.00	32.00	25.00	0.00	0.00	34.00	62.00	42.00	0.00	60.00	64.00	35.00
	3211.04	0.00	34.00	0.00	29.00	21.00	40.00	33.00	25.00	0.00	0.00	34.00	66.00	44.00	0.00	61.00	64.00	37.00
	3211.05	0.00	33.00	0.00	30.00	14.00	39.00	16.00	25.00	0.00	0.00	34.00	68.00	44.00	0.00	61.00	66.00	38.00
	3211.06	0.00	33.00	0.00	29.00	21.00	39.00	16.00	25.00	0.00	0.00	33.00	71.00	44.00	0.00	60.00	66.00	38.00
	3211.07	0.00	34.00	0.00	30.00	20.00	41.00	18.00	24.00	0.00	0.00	33.00	72.00	42.00	0.00	59.00	66.00	38.00
	3211.08	0.00	35.00	0.00	30.00	20.00	42.00	17.00	23.00	0.00	0.00	33.00	71.00	44.00	0.00	57.00	66.00	38.00
	3211.09	0.00	35.00	0.00	30.00	19.00	42.00	16.00	24.00	0.00	0.00	33.00	66.00	44.00	0.00	55.00	65.00	37.00
	3211.10	0.00	35.00	0.00	30.00	19.00	42.00	34.00	23.00	0.00	0.00	33.00	69.00	44.00	0.00	52.00	66.00	37.00
	3211.11	0.00	35.00	0.00	29.00	19.00	42.00	33.00	23.00	0.00	0.00	33.00	64.00	43.00	0.00	54.00	66.00	37.00
	3211.12	0.00	34.00	0.00	29.00	18.00	42.00	35.00	23.00	0.00	0.00	32.00	58.00	43.00	0.00	52.00	66.00	37.00
	3211.12	0.00	34.00	0.00	28.00	14.00	42.00	31.00	16.00	0.00	0.00	31.00	51.00	42.00	0.00	53.00	66.00	38.00
	3211.13	0.00	33.00	0.00	27.00	11.00	43.00	33.00	13.00	0.00	0.00	31.00	48.00	40.00	0.00	54.00	65.00	37.00
	3211.14	0.00	33.00	0.00	25.00	10.00	42.00	34.00	0.00	0.00	0.00	30.00	52.00	39.00	0.00	52.00	66.00	38.00
	3211.15	0.00	32.00	0.00	24.00	2.00	41.00	34.00	0.00	0.00	0.00	30.00	53.00	41.00	0.00	52.00	67.00	38.00
	3211.16	0.00	33.00	0.00	25.00	2.00	41.00	34.00	0.00	0.00	0.00	30.00	59.00	41.00	0.00	52.00	68.00	38.00
	3211.17	0.00	33.00	0.00	24.00	2.00	42.00	34.00	0.00	18.00	0.00	30.00	64.00	41.00	0.00	52.00	84.00	39.00
	3211.18	0.00	33.00	0.00	25.00	2.00	40.00	34.00	0.00	18.00	0.00	30.00	64.00	41.00	0.00	53.00	97.00	43.00
	3211.19	0.00	32.00	0.00	25.00	1.00	44.00	34.00	0.00	19.00	0.00	30.00	66.00	42.00	0.00	54.00	110.00	42.00
	3211.20	0.00	32.00	0.00	27.00	1.00	46.00	33.00	0.00	19.00	0.00	31.00	70.00	41.00	0.00	58.00	114.00	47.00
	3211.21	0.00	32.00	0.00	27.00	3.00	48.00	34.00	0.00	18.00	28.00	31.00	72.00	43.00	0.00	64.00	129.00	56.00
	3211.22	0.00	32.00	0.00	28.00	4.00	49.00	32.00	0.00	19.00	38.00	32.00	82.00	43.00	0.00	76.00	154.00	76.00
	3211.23	0.00	31.00	0.00	28.00	2.00	48.00	13.00	0.00	19.00	49.00	33.00	115.00	42.00	0.00	95.00	188.00	99.00
	3211.24	0.00	31.00	0.00	29.00	0.00	44.00	1.00	0.00	19.00	59.00	36.00	135.00	44.00	11.00	173.00	206.00	117.00
	3211.25	0.00	32.00	0.00	25.00	2.00	39.00	0.00	0.00	19.00	75.00	37.00	157.00	45.00	12.00	210.00	224.00	152.00
	3211.26	0.00	31.00	0.00	24.00	1.00	39.00	0.00	0.00	19.00	91.00	36.00	174.00	46.00	26.00	241.00	235.00	186.00
	3211.27	0.00	31.00	0.00	24.00	1.00	39.00	0.00	0.00	18.00	113.00	47.00	202.00	47.00	25.00	259.00	248.00	213.00
	3211.28	0.00	31.00	0.00	27.00	0.00	39.00	0.00	0.00	18.00	130.00	80.00	213.00	47.00	14.00	275.00	258.00	231.00
	3211.29	0.00	30.00	0.00	27.00	0.00	40.00	0.00	0.00	16.00	130.00	94.00	224.00	52.00	17.00	287.00	264.00	250.00
	3211.30	0.00	21.00	0.00	28.00	0.00	37.00	0.00	0.00	17.00	133.00	106.00	241.00	71.00	17.00	297.00	274.00	257.00
	3211.30	0.00	20.00	0.00	29.00	0.00	38.00	0.00	0.00	17.00	137.00	117.00	250.00	76.00	19.00	306.00	279.00	277.00
	3211.32	0.00	23.00	0.00	29.00	0.00	37.00	0.00	0.00	17.00	157.00	127.00	261.00	78.00	21.00	315.00	284.00	272.00
	3211.32	0.00	22.00	0.00	28.00	0.00	37.00	0.00	0.00	17.00	179.00	134.00	268.00	78.00	29.00	320.00	288.00	273.00
	3211.33	0.00	22.00	0.00	28.00	0.00	38.00	0.00	0.00	18.00	189.00	142.00	273.00	79.00	28.00	322.00	292.00	279.00
	3211.34	0.00	21.00	0.00	27.00	0.00	38.00	0.00	0.00	17.00	196.00	148.00	278.00	85.00	26.00	327.00	296.00	285.00
	3211.35	0.00	19.00	0.00	27.00	4.00	38.00	0.00	0.00	18.00	202.00	153.00	281.00	89.00	26.00	331.00	302.00	288.00
	3211.36	0.00	20.00	0.00	28.00	12.00	38.00	0.00	0.00	18.00	205.00	155.00	284.00	90.00	27.00	334.00	304.00	285.00
	3211.37	0.00	18.00	0.00	27.00	22.00	37.00	0.00	0.00	24.00	208.00	158.00	287.00	87.00	27.00	336.00	304.00	287.00
	3211.38	0.00	19.00	0.00	29.00	28.00	36.00	0.00	0.00	39.00	210.00	158.00	285.00	83.00	28.00	336.00	305.00	288.00
	3211.39	0.00	17.00	0.00	32.00	32.00	38.00	0.00	0.00	76.00	211.00	157.00	288.00	83.00	28.00	337.00	305.00	285.00
	3211.40	0.00	21.00	0.00	34.00	49.00	37.00	1.00	13.00	111.00	213.00	157.00	285.00	82.00	28.00	334.00	306.00	271.00
	3211.41	0.00	21.00	0.00	37.00	74.00	39.00	8.00	22.00	135.00	211.00	155.00	282.00	76.00	28.00	329.00	304.00	261.00
	3211.42	0.00	21.00	8.00	37.00	90.00	41.00	32.00	23.00	165.00	209.00	153.00	277.00	48.00	28.00	325.00	296.00	248.00
	3211.43	0.00	29.00	15.00	38.00	108.00	40.00	34.00	23.00	194.00	199.00	140.00	270.00	47.00	28.00	320.00	288.00	238.00
	3211.44	0.00	32.00	16.00	40.00	126.00	40.00	35.00	26.00	227.00	190.00	119.00	254.00	46.00	27.00	300.00	276.00	224.00
	3211.45	0.00	36.00	25.00	44.00	144.00	43.00	38.00	29.00	240.00	167.00	85.00	224.00	42.00	19.00	276.00	258.00	198.00
	3211.46	0.00	37.00	26.00	44.00	171.00	51.00	43.00	73.00	249.00	143.00	46.00	198.00	42.00	16.00	245.00	232.00	163.00
	3211.47	0.00	40.00	30.00	44.00	187.00	71.00	47.00	107.00	266.00	127.00	36.00	169.00	41.00	13.00	194.00	198.00	119.00
	3211.48	0.00	40.00	42.00	44.00	201.00	90.00	53.00	129.00	272.00	106.00	33.00	147.00	41.00	13.00	157.00	164.00	96.00
	3211.49	0.00	41.00	49.00	47.00	211.00	115.00	56.00	127.00	282.00	71.00	33.00	117.00	41.00	6.00	130.00	132.00	79.00
	3211.50	0.00	40.00	55.00	53.00	211.00	137.00	57.00	131.00	283.00	23.00	34.00	86.00	42.00	0.00	110.00	88.00	49.00
	3211.51	0.00	40.00	43.00	65.00	211.00	155.00	54.00	118.00	273.00	0.00	32.00	80.00	41.00	0.00	77.00	58.00	42.00
	3211.52	0.00	40.00	48.00	51.00	213.00	161.00	48.00	115.00	259.00	0.00	32.00	75.00	39.00	0.00	69.00	54.00	40.00
	3211.53	0.00	40.00	61.00	56.00	215.00	176.00	49.00	119.00	264.00	0.00	29.00	56.00	40.00	0.00	57.00	51.00	39.00
	3211.54	0.00	40.00	64.00	67.00	216.00	198.00	50.00	138.00	266.00	0.00	29.00	51.00	40.00	0.00	54.00	49.00	38.00
	3211.55	0.00	40.00	64.00	75.00	224.00	212.00	53.00	145.00	260.00	0.00	28.00	51.00	40.00	0.00	51.00	49.00	37.00
	3211.56	0.00	44.00	68.00	79.00	223.00	225.00	63.00	158.00	263.00	0.00	28.00	47.00	40.00	0.00	50.00	47.00	37.00
	3211.57	0.00	59.00	80.00	86.00	228.00	234.00	69.00	170.00	267.00	0.00	29.00	42.00	39.00	0.00	50.00	46.00	37.00
	3211.58	0.00	63.00	84.00	91.00	233.00	235.00	70.00	180.00	270.00	0.00	29.00	40.00	38.00	0.00	49.00	44.00	38.00
	3211.59	0.00	58.00	80.00	92.00	233.00	226.00	71.00	184.00	263.00	0.00	29.00	37.00	39.00	1.00	49.00	43.00	37.00
	3211.60	0.00	54.00	66.00	92.00	233.00	216.00	71.00	184.00	260.00	0.00	29.00	36.00	38.00	11.00	49.00	44.00	36.00
	3211.61	0.00	53.00	48.00	92.00	227.00	205.00	72.00	182.00	259.00	0.00	29.00	38.00	38.00	10.00	48.00	44.00	36.00
	3211.62	0.00	51.00	45.00	90.00	223.00	192.00	72.00	178.00	243.00	0.00	28.00	37.00	38.00	9.00	48.00	44.00	36.00
	3211.63	0.00	48.00	37.00	90.00	216.00	180.00	72.00	174.00	224.00	0.00	28.00	38.00	38.00	8.00	48.00	44.00	36.00
	3211.64	0.00	47.00	27.00	88.00	203.00	175.00	71.00	171.00	200.00	0.00	27.00	38.00	37.00	15.00	48.00	44.00	36.00
	3211.65	0.00	47.00	28.00	86.00	198.00	169.00	71.00	170.00	188.00	0.00	26.00	36.00	36.00	14.00	48.00	44.00	35.00
	3211.66	0.00	43.00	28.00	85.00	200.00	162.00	64.00	168.00	184.00	0.00	25.00	38.00	38.00	14.00	47.00	44.00	36.00
	3211.67	0.00	40.00	28.00	83.00	199.00	151.00	60.00	166.00	160.00	0.00	26.00	37.00	38.00	14.00	47.00	43.00	36.00
	3211.68	0.00	39.00	21.00	82.00	195.00	133.00	58.00	165.00	144.00	0.00	26.00	37.00	37.00	16.00	47.00	43.00	34.00
	3211.69	0.00	39.00	27.00	60.00	190.00	123.00	49.00	158.00	121.00	0.00	25.00	36.00	37.00	11.00	47.00	44.00	35.00
	3211.70	0.00	38.00	20.00	52.00	181.00	103.00	48.00	157.00	68.00	0.00	24.00	34.00	37.00	10.00	46.00	42.00	36.00
	3211.71	0.00	37.00	15.00	49.00	174.00	98.00	48.00	144.00	39.00	0.00	21.00	35.00	38.00	14.00	47.00	43.00	36.00
	3211.72	0.00	37.00	11.00	47.00	146.00	87.00	48.00	138.00	33.00	0.00	20.00	33.00	38.00	14.00	47.00	43.00	36.00
	3211.73	0.00	37.00	10.00	46.00	138.00	70.00	48.00	133.00	19.00	0.00	21.00	33.00	38.00	0.00	47.00	43.00	34.00
	3211.74	0.00	36.00	7.00	44.00	128.00	61.00	45.00	130.00	19.00	0.00	21.00	34.00	38.00	0.00	47.00	43.00	37.00
	3211.75	0.00	37.00	12.00	46.00	121.00	59.00	45.00	126.00	17.00	0.00	22.00	34.00	38.00	0.00	47.00	44.00	36.00
	3211.76	0.00	37.00	15.00	45.00	121.00	57.00	44.00	129.00	18.00	0.00	22.00	30.00	38.00	0.00	47.00	44.00	33.00
	3211.77	0.00	36.00	16.00	47.00	116.00	55.00	44.00	131.00	0.00	0.00	22.00	28.00	38.00	0.00	47.00	44.00	34.00
	3211.78	0.00	37.00	18.00	45.00	114.00	54.00	43.00	128.00	0.00	0.00	21.00	28.00	38.00	0.00	47.00	44.00	33.00
	3211.79	0.00	38.00	25.00	45.00	124.00	57.00	45.00	132.00	11.00	0.00	20.00	30.00	37.00	0.00	47.00	43.00	33.00
	3211.80	0.00	37.00	27.00	47.00	118.00	56.00	44.00	133.00	1.00	0.00	21.00	28.00	38.00	0.00	47.00	43.00	33.00
	3211.80	0.00	51.00	24.00	46.00	127.00	61.00	44.00	137.00	16.00	0.00	21.00	30.00	37.00	0.00	47.00	43.00	32.00
	3211.81	0.00	57.00	32.00	47.00	126.00	68.00	47.00	140.00	31.00	0.00	22.00	28.00	37.00	0.00	46.00	43.00	32.00
	3211.82	0.00	61.00	40.00	48.00	140.00	80.00	52.00	147.00	56.00	0.00	23.00	28.00	36.00	0.00	45.00	43.00	34.00
	3211.83	0.00	68.00	52.00	55.00	151.00	89.00	58.00	152.00	79.00	0.00	23.00	28.00	36.00	0.00	45.00	42.00	34.00
	3211.84	0.00	81.00	61.00	67.00	156.00	99.00	66.00	158.00	129.00	0.00	23.00	27.00	36.00	9.00	45.00	42.00	34.00
	3211.85	0.00	90.00	75.00	74.00	172.00	104.00	76.00	166.00	156.00	0.00	22.00	29.00	36.00	11.00	45.00	42.00	34.00
	3211.86	0.00	97.00	84.00	78.00	174.00	109.00	81.00	172.00	178.00	0.00	24.00	28.00	36.00	12.00	44.00	42.00	32.00
	3211.87	0.00	103.00	92.00	86.00	183.00	113.00	95.00	176.00	190.00	0.00	24.00	29.00	36.00	15.00	44.00	41.00	33.00
	3211.88	0.00	109.00	98.00	86.00	195.00	123.00	98.00	178.00	196.00	0.00	24.00	30.00	36.00	12.00	44.00	42.00	34.00
	3211.89	0.00	114.00	102.00	87.00	196.00	130.00	110.00	182.00	196.00	0.00	26.00	30.00	35.00	15.00	43.00	43.00	33.00
	3211.90	0.00	122.00	107.00	91.00	196.00	137.00	115.00	187.00	201.00	0.00	27.00	30.00	35.00	13.00	44.00	43.00	35.00
	3211.91	0.00	126.00	121.00	97.00	199.00	141.00	119.00	190.00	212.00	0.00	28.00	31.00	35.00	15.00	46.00	43.00	35.00
	3211.92	0.00	130.00	128.00	104.00	197.00	144.00	122.00	193.00	216.00	0.00	29.00	32.00	35.00	15.00	47.00	44.00	35.00
	3211.93	0.00	138.00	135.00	112.00	204.00	151.00	125.00	196.00	218.00	0.00	30.00	32.00	35.00	17.00	47.00	44.00	36.00
	3211.94	0.00	140.00	137.00	115.00	212.00	155.00	126.00	202.00	223.00	0.00	31.00	32.00	35.00	14.00	47.00	44.00	34.00
	3211.95	0.00	143.00	140.00	118.00	210.00	156.00	133.00	206.00	222.00	0.00	31.00	32.00	35.00	14.00	48.00	44.00	35.00
	3211.96	0.00	143.00	140.00	118.00	215.00	155.00	134.00	208.00	224.00	0.00	32.00	30.00	35.00	13.00	48.00	45.00	35.00
	3211.97	0.00	144.00	138.00	117.00	215.00	154.00	129.00	209.00	227.00	0.00	32.00	31.00	35.00	15.00	49.00	44.00	35.00
	3211.98	0.00	143.00	133.00	117.00	215.00	152.00	123.00	208.00	228.00	0.00	32.00	32.00	35.00	15.00	49.00	44.00	36.00
	3211.99	0.00	142.00	130.00	115.00	213.00	147.00	119.00	204.00	219.00	0.00	32.00	31.00	35.00	13.00	49.00	44.00	36.00
	3212.00	0.00	140.00	123.00	108.00	207.00	141.00	110.00	198.00	208.00	0.00	33.00	29.00	36.00	13.00	49.00	45.00	36.00
	3212.01	0.00	133.00	114.00	103.00	202.00	135.00	86.00	192.00	178.00	0.00	34.00	30.00	35.00	10.00	50.00	46.00	36.00
	3212.02	0.00	121.00	100.00	94.00	199.00	116.00	74.00	182.00	151.00	0.00	34.00	29.00	37.00	4.00	52.00	46.00	37.00
	3212.03	0.00	114.00	91.00	90.00	193.00	100.00	60.00	175.00	104.00	0.00	34.00	31.00	38.00	0.00	57.00	46.00	38.00
	3212.04	0.00	83.00	75.00	79.00	178.00	78.00	44.00	158.00	56.00	0.00	35.00	35.00	38.00	0.00	66.00	47.00	39.00
	3212.05	0.00	55.00	42.00	49.00	155.00	55.00	43.00	146.00	0.00	0.00	37.00	34.00	40.00	0.00	96.00	49.00	41.00
	3212.06	0.00	38.00	22.00	48.00	137.00	52.00	42.00	134.00	0.00	0.00	37.00	36.00	43.00	0.00	112.00	50.00	42.00
	3212.07	0.00	37.00	21.00	42.00	112.00	46.00	42.00	104.00	0.00	0.00	37.00	36.00	42.00	0.00	105.00	54.00	42.00
	3212.08	0.00	36.00	13.00	38.00	101.00	45.00	39.00	73.00	0.00	0.00	36.00	35.00	41.00	0.00	85.00	58.00	42.00
	3212.09	0.00	36.00	12.00	33.00	88.00	44.00	35.00	53.00	0.00	0.00	37.00	36.00	42.00	0.00	73.00	59.00	42.00
	3212.10	0.00	36.00	10.00	32.00	71.00	41.00	34.00	49.00	0.00	0.00	37.00	36.00	43.00	0.00	74.00	57.00	40.00
	3212.11	0.00	36.00	0.00	29.00	43.00	41.00	33.00	40.00	0.00	0.00	37.00	36.00	43.00	0.00	92.00	59.00	39.00
	3212.12	0.00	36.00	0.00	30.00	40.00	41.00	34.00	37.00	0.00	0.00	37.00	35.00	43.00	0.00	90.00	60.00	40.00
	3212.13	0.00	36.00	0.00	29.00	37.00	42.00	36.00	36.00	0.00	0.00	37.00	35.00	43.00	0.00	70.00	65.00	41.00
	3212.14	0.00	34.00	0.00	29.00	35.00	42.00	36.00	31.00	0.00	0.00	37.00	37.00	44.00	0.00	71.00	68.00	44.00
	3212.15	0.00	34.00	0.00	30.00	30.00	41.00	36.00	29.00	0.00	0.00	37.00	37.00	45.00	0.00	103.00	70.00	45.00
	3212.16	0.00	34.00	0.00	30.00	28.00	40.00	34.00	27.00	0.00	0.00	37.00	40.00	45.00	0.00	134.00	90.00	47.00
	3212.17	0.00	34.00	0.00	30.00	26.00	41.00	36.00	27.00	0.00	0.00	37.00	44.00	45.00	27.00	161.00	112.00	47.00
	3212.17	0.00	35.00	0.00	29.00	27.00	41.00	34.00	27.00	0.00	0.00	36.00	46.00	45.00	28.00	162.00	126.00	46.00
	3212.18	0.00	34.00	0.00	30.00	27.00	41.00	33.00	27.00	0.00	0.00	36.00	56.00	45.00	28.00	147.00	121.00	44.00
	3212.19	0.00	34.00	0.00	30.00	23.00	42.00	33.00	26.00	0.00	0.00	36.00	54.00	44.00	14.00	129.00	118.00	44.00
	3212.20	0.00	34.00	0.00	30.00	22.00	40.00	34.00	26.00	0.00	0.00	36.00	62.00	43.00	14.00	115.00	119.00	43.00
	3212.21	0.00	33.00	0.00	29.00	19.00	39.00	32.00	27.00	0.00	0.00	36.00	60.00	44.00	9.00	109.00	117.00	43.00
	3212.22	0.00	34.00	0.00	30.00	21.00	40.00	33.00	26.00	0.00	0.00	36.00	58.00	45.00	14.00	101.00	123.00	41.00
	3212.23	0.00	35.00	0.00	31.00	22.00	40.00	32.00	25.00	0.00	0.00	35.00	59.00	44.00	14.00	100.00	125.00	41.00
	3212.24	0.00	34.00	0.00	31.00	21.00	40.00	33.00	26.00	0.00	0.00	36.00	62.00	45.00	12.00	100.00	125.00	40.00
	3212.25	0.00	35.00	0.00	31.00	17.00	41.00	33.00	23.00	0.00	0.00	35.00	67.00	43.00	2.00	87.00	121.00	39.00
	3212.26	0.00	35.00	0.00	31.00	16.00	41.00	33.00	23.00	0.00	0.00	35.00	72.00	43.00	8.00	84.00	124.00	39.00
	3212.27	0.00	35.00	0.00	31.00	16.00	41.00	33.00	23.00	0.00	0.00	35.00	74.00	43.00	9.00	75.00	124.00	40.00
	3212.28	0.00	35.00	0.00	30.00	17.00	41.00	32.00	24.00	0.00	0.00	34.00	74.00	45.00	9.00	72.00	125.00	41.00
	3212.29	0.00	35.00	0.00	30.00	18.00	42.00	33.00	23.00	0.00	0.00	34.00	74.00	45.00	11.00	69.00	123.00	40.00
	3212.30	0.00	35.00	0.00	30.00	16.00	42.00	33.00	23.00	0.00	0.00	33.00	72.00	44.00	11.00	66.00	122.00	38.00
	3212.31	0.00	35.00	0.00	31.00	17.00	43.00	33.00	16.00	0.00	0.00	33.00	71.00	44.00	11.00	65.00	116.00	39.00
	3212.32	0.00	35.00	0.00	30.00	16.00	43.00	33.00	13.00	0.00	0.00	33.00	73.00	44.00	13.00	65.00	114.00	40.00
	3212.33	0.00	34.00	0.00	31.00	17.00	43.00	34.00	0.00	0.00	0.00	32.00	69.00	43.00	11.00	73.00	109.00	41.00
	3212.34	0.00	33.00	0.00	28.00	15.00	43.00	34.00	0.00	0.00	0.00	31.00	71.00	43.00	11.00	72.00	104.00	42.00
	3212.35	0.00	33.00	0.00	25.00	16.00	43.00	34.00	0.00	0.00	0.00	30.00	72.00	43.00	12.00	76.00	105.00	42.00
	3212.36	0.00	33.00	0.00	26.00	14.00	43.00	34.00	0.00	0.00	0.00	30.00	75.00	43.00	4.00	70.00	112.00	42.00
	3212.36	0.00	33.00	0.00	27.00	14.00	43.00	34.00	0.00	0.00	0.00	31.00	76.00	43.00	4.00	67.00	116.00	40.00
	3212.37	0.00	33.00	0.00	23.00	9.00	45.00	34.00	0.00	0.00	0.00	31.00	78.00	43.00	5.00	77.00	118.00	43.00
	3212.38	0.00	32.00	0.00	23.00	13.00	45.00	34.00	0.00	0.00	0.00	31.00	86.00	43.00	10.00	77.00	125.00	46.00
	3212.39	0.00	32.00	0.00	23.00	10.00	45.00	34.00	0.00	0.00	15.00	32.00	98.00	44.00	9.00	80.00	135.00	48.00
	3212.40	0.00	32.00	0.00	23.00	4.00	42.00	33.00	0.00	0.00	38.00	32.00	122.00	44.00	11.00	93.00	161.00	64.00
	3212.41	0.00	31.00	0.00	20.00	1.00	42.00	7.00	0.00	0.00	45.00	32.00	127.00	44.00	12.00	97.00	186.00	81.00
	3212.42	0.00	30.00	0.00	23.00	5.00	39.00	2.00	0.00	0.00	49.00	33.00	140.00	43.00	6.00	125.00	197.00	95.00
	3212.43	0.00	18.00	0.00	19.00	11.00	38.00	2.00	0.00	0.00	56.00	35.00	146.00	45.00	10.00	155.00	210.00	110.00
	3212.44	0.00	18.00	0.00	19.00	11.00	38.00	0.00	0.00	0.00	60.00	36.00	158.00	46.00	11.00	192.00	218.00	125.00
	3212.45	0.00	18.00	0.00	18.00	11.00	39.00	0.00	0.00	0.00	77.00	36.00	178.00	46.00	13.00	208.00	224.00	151.00
	3212.46	0.00	18.00	0.00	19.00	12.00	38.00	0.00	0.00	0.00	88.00	36.00	191.00	47.00	12.00	226.00	229.00	163.00
	3212.47	0.00	19.00	0.00	18.00	9.00	37.00	0.00	0.00	0.00	100.00	36.00	204.00	48.00	9.00	239.00	238.00	179.00
	3212.48	0.00	21.00	0.00	26.00	5.00	37.00	0.00	0.00	0.00	112.00	46.00	210.00	48.00	24.00	252.00	242.00	197.00
	3212.49	0.00	15.00	0.00	27.00	4.00	37.00	0.00	0.00	0.00	121.00	56.00	223.00	48.00	15.00	256.00	251.00	211.00
	3212.50	0.00	17.00	0.00	27.00	0.00	37.00	0.00	0.00	0.00	128.00	63.00	228.00	48.00	15.00	264.00	256.00	219.00
	3212.51	0.00	15.00	0.00	28.00	0.00	37.00	0.00	0.00	0.00	141.00	88.00	242.00	60.00	10.00	269.00	262.00	227.00
	3212.52	0.00	19.00	0.00	30.00	3.00	37.00	0.00	0.00	0.00	146.00	98.00	248.00	71.00	12.00	274.00	265.00	228.00
	3212.53	0.00	18.00	0.00	31.00	16.00	38.00	0.00	0.00	33.00	146.00	104.00	255.00	74.00	12.00	280.00	275.00	227.00
	3212.54	0.00	21.00	0.00	32.00	23.00	38.00	0.00	22.00	74.00	151.00	115.00	261.00	73.00	16.00	290.00	278.00	235.00
	3212.55	0.00	23.00	0.00	32.00	30.00	39.00	0.00	23.00	106.00	153.00	119.00	262.00	72.00	19.00	296.00	279.00	240.00
	3212.56	0.00	21.00	0.00	32.00	36.00	38.00	0.00	23.00	113.00	158.00	127.00	270.00	71.00	26.00	301.00	283.00	243.00
	3212.57	0.00	23.00	0.00	32.00	63.00	37.00	0.00	23.00	117.00	172.00	133.00	270.00	71.00	26.00	304.00	284.00	249.00
	3212.58	0.00	28.00	0.00	32.00	57.00	38.00	0.00	23.00	98.00	176.00	136.00	270.00	69.00	27.00	306.00	285.00	244.00
	3212.59	0.00	29.00	0.00	34.00	51.00	38.00	11.00	24.00	68.00	180.00	138.00	271.00	59.00	27.00	309.00	288.00	244.00
	3212.60	0.00	29.00	0.00	32.00	52.00	38.00	13.00	24.00	79.00	182.00	136.00	269.00	49.00	27.00	310.00	287.00	240.00
	3212.61	0.00	29.00	12.00	33.00	68.00	39.00	25.00	24.00	106.00	179.00	131.00	267.00	49.00	26.00	305.00	289.00	228.00
	3212.62	0.00	30.00	14.00	33.00	85.00	40.00	31.00	24.00	136.00	170.00	116.00	250.00	48.00	26.00	298.00	282.00	215.00
	3212.63	0.00	32.00	13.00	34.00	101.00	44.00	37.00	26.00	149.00	161.00	90.00	232.00	46.00	14.00	284.00	269.00	196.00
	3212.64	0.00	37.00	21.00	34.00	123.00	60.00	40.00	30.00	208.00	132.00	57.00	205.00	44.00	12.00	252.00	249.00	169.00
	3212.65	0.00	39.00	24.00	41.00	163.00	113.00	45.00	65.00	253.00	96.00	35.00	174.00	42.00	10.00	212.00	210.00	124.00
	3212.66	0.00	41.00	41.00	43.00	190.00	161.00	45.00	82.00	265.00	17.00	33.00	129.00	42.00	0.00	149.00	164.00	71.00
	3212.67	0.00	44.00	42.00	46.00	207.00	194.00	45.00	85.00	253.00	0.00	33.00	86.00	42.00	0.00	92.00	119.00	45.00
	3212.68	0.00	41.00	41.00	47.00	212.00	213.00	45.00	90.00	210.00	0.00	32.00	76.00	41.00	0.00	83.00	66.00	43.00
	3212.69	0.00	39.00	25.00	44.00	208.00	205.00	45.00	62.00	149.00	0.00	32.00	68.00	39.00	0.00	75.00	52.00	40.00
	3212.70	0.00	38.00	25.00	40.00	191.00	183.00	46.00	39.00	131.00	0.00	33.00	52.00	38.00	0.00	55.00	50.00	38.00
	3212.71	0.00	37.00	23.00	40.00	184.00	175.00	44.00	31.00	139.00	0.00	32.00	51.00	39.00	0.00	54.00	49.00	39.00
	3212.72	0.00	37.00	23.00	42.00	181.00	175.00	45.00	33.00	158.00	0.00	31.00	50.00	38.00	0.00	51.00	48.00	37.00
	3212.72	0.00	39.00	26.00	46.00	178.00	171.00	46.00	38.00	175.00	0.00	30.00	49.00	38.00	0.00	50.00	48.00	36.00
	3212.73	0.00	38.00	25.00	47.00	178.00	167.00	46.00	41.00	173.00	0.00	29.00	49.00	38.00	13.00	48.00	48.00	36.00
	3212.74	0.00	39.00	24.00	43.00	181.00	169.00	46.00	48.00	179.00	0.00	29.00	48.00	37.00	11.00	49.00	46.00	37.00
	3212.75	0.00	39.00	26.00	47.00	186.00	186.00	47.00	64.00	184.00	0.00	30.00	49.00	36.00	12.00	49.00	45.00	37.00
	3212.76	0.00	40.00	34.00	49.00	196.00	200.00	48.00	84.00	192.00	0.00	30.00	47.00	38.00	12.00	48.00	43.00	37.00
	3212.77	0.00	40.00	35.00	48.00	199.00	201.00	47.00	88.00	183.00	0.00	30.00	47.00	38.00	12.00	48.00	42.00	37.00
	3212.78	0.00	39.00	28.00	48.00	199.00	184.00	48.00	89.00	174.00	0.00	30.00	39.00	38.00	14.00	48.00	44.00	37.00
	3212.79	0.00	39.00	27.00	48.00	192.00	168.00	48.00	91.00	170.00	0.00	30.00	38.00	38.00	16.00	48.00	44.00	36.00
	3212.80	0.00	39.00	30.00	48.00	191.00	154.00	48.00	86.00	169.00	0.00	29.00	38.00	37.00	15.00	47.00	44.00	35.00
	3212.81	0.00	39.00	25.00	48.00	189.00	141.00	48.00	84.00	163.00	0.00	29.00	38.00	35.00	16.00	47.00	44.00	34.00
	3212.82	0.00	39.00	21.00	50.00	189.00	131.00	48.00	82.00	151.00	0.00	28.00	38.00	36.00	14.00	46.00	44.00	35.00
	3212.83	0.00	38.00	22.00	51.00	188.00	127.00	48.00	85.00	146.00	0.00	26.00	35.00	36.00	11.00	45.00	43.00	35.00
	3212.84	0.00	39.00	24.00	49.00	186.00	121.00	48.00	82.00	128.00	0.00	26.00	35.00	36.00	14.00	45.00	42.00	34.00
	3212.85	0.00	39.00	22.00	50.00	185.00	116.00	48.00	84.00	119.00	0.00	26.00	33.00	37.00	13.00	45.00	42.00	34.00
	3212.86	0.00	39.00	21.00	50.00	185.00	104.00	48.00	87.00	114.00	0.00	25.00	34.00	35.00	16.00	44.00	42.00	35.00
	3212.87	0.00	39.00	22.00	51.00	184.00	103.00	48.00	91.00	116.00	0.00	25.00	34.00	37.00	14.00	45.00	42.00	35.00
	3212.88	0.00	38.00	25.00	50.00	184.00	101.00	47.00	95.00	116.00	0.00	25.00	34.00	37.00	14.00	45.00	42.00	34.00
	3212.89	0.00	39.00	23.00	49.00	182.00	98.00	48.00	97.00	119.00	0.00	23.00	32.00	37.00	15.00	45.00	42.00	36.00
	3212.90	0.00	38.00	23.00	46.00	183.00	93.00	48.00	99.00	116.00	0.00	21.00	32.00	37.00	14.00	45.00	42.00	33.00
	3212.91	0.00	38.00	21.00	49.00	181.00	87.00	47.00	98.00	98.00	0.00	20.00	31.00	37.00	13.00	44.00	42.00	33.00
	3212.92	0.00	38.00	24.00	48.00	181.00	85.00	46.00	101.00	83.00	0.00	21.00	29.00	38.00	15.00	44.00	42.00	35.00
	3212.93	0.00	37.00	20.00	49.00	176.00	82.00	46.00	116.00	69.00	0.00	21.00	30.00	37.00	16.00	44.00	42.00	33.00
	3212.94	0.00	36.00	20.00	49.00	174.00	83.00	46.00	118.00	46.00	0.00	21.00	27.00	37.00	16.00	44.00	42.00	35.00
	3212.95	0.00	37.00	21.00	49.00	177.00	83.00	47.00	121.00	51.00	0.00	21.00	28.00	37.00	13.00	44.00	42.00	35.00
	3212.96	0.00	37.00	26.00	49.00	166.00	81.00	47.00	123.00	43.00	0.00	22.00	28.00	37.00	14.00	44.00	42.00	35.00
	3212.97	0.00	37.00	23.00	49.00	160.00	78.00	47.00	125.00	45.00	0.00	23.00	27.00	37.00	15.00	45.00	42.00	35.00
	3212.98	0.00	37.00	25.00	50.00	153.00	79.00	46.00	120.00	37.00	0.00	23.00	27.00	37.00	7.00	44.00	40.00	33.00
	3212.99	0.00	38.00	26.00	50.00	147.00	73.00	44.00	113.00	32.00	0.00	25.00	30.00	36.00	8.00	45.00	42.00	33.00
	3213.00	0.00	37.00	27.00	50.00	149.00	68.00	46.00	116.00	33.00	0.00	24.00	27.00	36.00	9.00	45.00	42.00	34.00
	3213.01	0.00	37.00	27.00	50.00	148.00	67.00	46.00	112.00	33.00	0.00	24.00	28.00	36.00	10.00	45.00	42.00	34.00
	3213.02	0.00	37.00	27.00	48.00	145.00	66.00	46.00	129.00	37.00	0.00	24.00	30.00	36.00	8.00	45.00	42.00	32.00
	3213.03	0.00	37.00	29.00	49.00	144.00	68.00	46.00	132.00	53.00	0.00	24.00	30.00	36.00	10.00	45.00	42.00	33.00
	3213.04	0.00	48.00	38.00	50.00	148.00	75.00	45.00	135.00	57.00	0.00	25.00	29.00	36.00	11.00	45.00	42.00	33.00
	3213.04	0.00	54.00	40.00	51.00	143.00	79.00	46.00	145.00	66.00	0.00	26.00	31.00	36.00	13.00	45.00	42.00	33.00
	3213.06	0.00	64.00	48.00	50.00	147.00	82.00	45.00	146.00	61.00	0.00	26.00	31.00	36.00	13.00	46.00	43.00	33.00
	3213.06	0.00	67.00	51.00	54.00	142.00	89.00	47.00	152.00	70.00	0.00	26.00	30.00	36.00	17.00	46.00	43.00	32.00
	3213.07	0.00	70.00	59.00	62.00	148.00	90.00	54.00	155.00	80.00	0.00	26.00	31.00	36.00	15.00	46.00	42.00	33.00
	3213.08	0.00	82.00	66.00	68.00	153.00	91.00	56.00	159.00	92.00	0.00	27.00	33.00	35.00	14.00	47.00	43.00	33.00
	3213.09	0.00	97.00	78.00	73.00	160.00	95.00	59.00	159.00	106.00	0.00	29.00	33.00	35.00	13.00	46.00	43.00	33.00
	3213.10	0.00	101.00	87.00	77.00	162.00	94.00	59.00	163.00	117.00	0.00	30.00	32.00	35.00	12.00	47.00	42.00	34.00
	3213.11	0.00	103.00	93.00	79.00	170.00	96.00	62.00	165.00	136.00	0.00	31.00	33.00	34.00	14.00	47.00	43.00	34.00
	3213.12	0.00	107.00	97.00	83.00	176.00	97.00	67.00	170.00	152.00	0.00	32.00	34.00	35.00	14.00	47.00	43.00	35.00
	3213.13	0.00	109.00	93.00	84.00	181.00	98.00	69.00	173.00	166.00	0.00	32.00	32.00	34.00	14.00	48.00	43.00	35.00
	3213.14	0.00	111.00	95.00	85.00	185.00	103.00	69.00	173.00	180.00	0.00	32.00	33.00	33.00	14.00	49.00	44.00	37.00
	3213.15	0.00	111.00	94.00	87.00	192.00	104.00	65.00	173.00	180.00	0.00	33.00	33.00	33.00	8.00	50.00	44.00	37.00
	3213.16	0.00	112.00	91.00	88.00	194.00	105.00	71.00	175.00	178.00	0.00	33.00	32.00	34.00	0.00	54.00	43.00	36.00
	3213.17	0.00	111.00	93.00	89.00	198.00	105.00	72.00	175.00	170.00	0.00	34.00	34.00	34.00	0.00	56.00	45.00	36.00
	3213.18	0.00	108.00	91.00	88.00	198.00	106.00	66.00	174.00	150.00	0.00	34.00	35.00	35.00	0.00	58.00	45.00	35.00
	3213.19	0.00	106.00	90.00	86.00	197.00	107.00	64.00	168.00	130.00	0.00	34.00	33.00	35.00	0.00	57.00	45.00	37.00
	3213.20	0.00	103.00	86.00	84.00	195.00	99.00	60.00	165.00	83.00	0.00	34.00	33.00	35.00	0.00	56.00	45.00	37.00
	3213.21	0.00	82.00	72.00	80.00	182.00	90.00	44.00	159.00	51.00	0.00	35.00	42.00	38.00	0.00	58.00	46.00	39.00
	3213.22	0.00	62.00	52.00	76.00	170.00	66.00	43.00	148.00	0.00	0.00	37.00	41.00	38.00	0.00	61.00	46.00	41.00
	3213.23	0.00	42.00	31.00	49.00	161.00	56.00	44.00	141.00	0.00	0.00	38.00	38.00	39.00	0.00	60.00	48.00	43.00
	3213.24	0.00	38.00	24.00	47.00	152.00	52.00	43.00	134.00	0.00	0.00	37.00	35.00	40.00	0.00	64.00	49.00	42.00
	3213.25	0.00	36.00	21.00	42.00	143.00	46.00	43.00	108.00	0.00	0.00	36.00	36.00	40.00	4.00	65.00	55.00	42.00
	3213.26	0.00	37.00	12.00	40.00	130.00	45.00	41.00	94.00	0.00	0.00	34.00	35.00	39.00	8.00	66.00	54.00	39.00
	3213.27	0.00	37.00	11.00	38.00	121.00	45.00	38.00	78.00	0.00	0.00	34.00	36.00	40.00	8.00	69.00	52.00	38.00
	3213.28	0.00	36.00	11.00	34.00	110.00	44.00	34.00	59.00	0.00	0.00	34.00	34.00	40.00	8.00	98.00	54.00	39.00
	3213.29	0.00	36.00	9.00	33.00	100.00	43.00	34.00	50.00	0.00	0.00	34.00	35.00	40.00	17.00	74.00	55.00	40.00
	3213.30	0.00	36.00	1.00	33.00	46.00	42.00	34.00	41.00	0.00	0.00	35.00	37.00	40.00	18.00	67.00	57.00	43.00
	3213.31	0.00	35.00	0.00	30.00	44.00	41.00	36.00	36.00	0.00	0.00	36.00	38.00	40.00	28.00	67.00	58.00	44.00
	3213.32	0.00	34.00	0.00	30.00	40.00	42.00	36.00	29.00	0.00	0.00	36.00	42.00	42.00	29.00	71.00	59.00	45.00
	3213.33	0.00	34.00	0.00	29.00	36.00	42.00	36.00	28.00	0.00	0.00	35.00	43.00	44.00	29.00	88.00	80.00	46.00
	3213.33	0.00	34.00	0.00	27.00	35.00	41.00	35.00	27.00	0.00	0.00	34.00	58.00	45.00	29.00	89.00	108.00	43.00
	3213.34	0.00	34.00	0.00	28.00	30.00	40.00	33.00	28.00	0.00	0.00	34.00	60.00	45.00	30.00	75.00	112.00	41.00
	3213.35	0.00	34.00	0.00	29.00	22.00	40.00	34.00	27.00	0.00	0.00	34.00	59.00	45.00	30.00	74.00	91.00	39.00
	3213.36	0.00	33.00	0.00	28.00	20.00	41.00	31.00	27.00	0.00	0.00	35.00	63.00	44.00	30.00	76.00	89.00	41.00
	3213.37	0.00	34.00	0.00	28.00	17.00	39.00	33.00	26.00	0.00	0.00	35.00	60.00	45.00	30.00	75.00	103.00	39.00
	3213.38	0.00	34.00	0.00	29.00	23.00	40.00	32.00	26.00	0.00	0.00	36.00	59.00	44.00	30.00	76.00	107.00	40.00
	3213.39	0.00	33.00	0.00	29.00	15.00	40.00	16.00	25.00	0.00	0.00	35.00	59.00	45.00	30.00	94.00	110.00	40.00
	3213.40	0.00	34.00	0.00	30.00	12.00	39.00	32.00	25.00	0.00	0.00	36.00	60.00	45.00	28.00	104.00	110.00	40.00
	3213.41	0.00	35.00	0.00	30.00	13.00	39.00	17.00	24.00	0.00	0.00	36.00	63.00	43.00	28.00	102.00	108.00	42.00
	3213.42	0.00	34.00	0.00	30.00	12.00	39.00	32.00	23.00	0.00	0.00	35.00	66.00	44.00	12.00	98.00	104.00	43.00
	3213.43	0.00	34.00	0.00	30.00	13.00	40.00	33.00	23.00	0.00	0.00	35.00	72.00	45.00	9.00	93.00	104.00	42.00
	3213.44	0.00	35.00	0.00	30.00	13.00	40.00	33.00	24.00	0.00	0.00	36.00	74.00	45.00	12.00	74.00	105.00	41.00
	3213.45	0.00	35.00	0.00	30.00	13.00	42.00	33.00	23.00	0.00	0.00	36.00	74.00	45.00	13.00	70.00	105.00	41.00
	3213.46	0.00	35.00	0.00	31.00	12.00	42.00	33.00	24.00	0.00	0.00	35.00	74.00	45.00	15.00	69.00	106.00	40.00
	3213.47	0.00	35.00	0.00	31.00	14.00	42.00	34.00	24.00	0.00	0.00	35.00	74.00	46.00	17.00	69.00	106.00	40.00
	3213.48	0.00	35.00	0.00	30.00	16.00	42.00	34.00	23.00	0.00	0.00	34.00	72.00	45.00	11.00	68.00	107.00	43.00
	3213.49	0.00	35.00	0.00	29.00	16.00	43.00	34.00	22.00	0.00	0.00	34.00	75.00	45.00	12.00	72.00	112.00	42.00
	3213.50	0.00	35.00	0.00	29.00	16.00	42.00	34.00	15.00	0.00	0.00	33.00	74.00	45.00	12.00	74.00	106.00	42.00
	3213.51	0.00	34.00	0.00	30.00	17.00	42.00	34.00	13.00	0.00	0.00	32.00	73.00	45.00	13.00	77.00	108.00	43.00
	3213.52	0.00	34.00	0.00	29.00	16.00	42.00	34.00	13.00	0.00	0.00	32.00	74.00	45.00	13.00	72.00	107.00	43.00
	3213.53	0.00	35.00	0.00	28.00	15.00	43.00	34.00	0.00	0.00	0.00	31.00	75.00	45.00	11.00	71.00	108.00	42.00
	3213.53	0.00	34.00	0.00	28.00	16.00	50.00	34.00	0.00	0.00	0.00	30.00	77.00	44.00	12.00	66.00	111.00	41.00
	3213.54	0.00	33.00	0.00	27.00	12.00	53.00	34.00	0.00	0.00	0.00	28.00	74.00	44.00	11.00	61.00	112.00	42.00
	3213.55	0.00	33.00	0.00	28.00	13.00	54.00	34.00	0.00	0.00	0.00	28.00	75.00	45.00	11.00	61.00	112.00	42.00
	3213.56	0.00	33.00	0.00	26.00	12.00	53.00	34.00	0.00	0.00	0.00	28.00	76.00	44.00	10.00	60.00	112.00	43.00
	3213.57	0.00	32.00	0.00	28.00	9.00	49.00	34.00	0.00	0.00	0.00	27.00	81.00	44.00	10.00	61.00	114.00	43.00
	3213.58	0.00	32.00	0.00	28.00	6.00	46.00	34.00	0.00	0.00	0.00	28.00	89.00	42.00	10.00	60.00	125.00	47.00
	3213.59	0.00	32.00	0.00	28.00	2.00	44.00	34.00	0.00	0.00	0.00	30.00	100.00	44.00	11.00	70.00	130.00	50.00
	3213.60	0.00	32.00	0.00	27.00	5.00	44.00	34.00	0.00	0.00	0.00	31.00	133.00	44.00	11.00	74.00	171.00	58.00
	3213.61	0.00	31.00	0.00	28.00	1.00	42.00	17.00	0.00	0.00	25.00	32.00	143.00	44.00	12.00	91.00	188.00	77.00
	3213.62	0.00	31.00	0.00	27.00	1.00	40.00	0.00	0.00	0.00	43.00	33.00	157.00	44.00	13.00	102.00	194.00	96.00
	3213.63	0.00	31.00	0.00	27.00	0.00	40.00	0.00	0.00	0.00	53.00	33.00	175.00	45.00	13.00	161.00	204.00	122.00
	3213.64	0.00	29.00	0.00	25.00	0.00	39.00	0.00	0.00	0.00	59.00	34.00	186.00	46.00	27.00	194.00	215.00	144.00
	3213.65	0.00	20.00	0.00	22.00	1.00	38.00	0.00	0.00	0.00	82.00	35.00	200.00	47.00	27.00	213.00	219.00	156.00
	3213.66	0.00	20.00	0.00	21.00	0.00	38.00	0.00	0.00	0.00	91.00	36.00	209.00	48.00	26.00	231.00	222.00	176.00
	3213.67	0.00	19.00	0.00	20.00	0.00	38.00	0.00	0.00	0.00	115.00	36.00	220.00	49.00	26.00	240.00	237.00	208.00
	3213.68	0.00	20.00	0.00	21.00	0.00	37.00	0.00	0.00	0.00	115.00	36.00	228.00	64.00	20.00	252.00	248.00	229.00
	3213.69	0.00	20.00	0.00	22.00	0.00	36.00	0.00	0.00	0.00	124.00	36.00	239.00	75.00	17.00	268.00	258.00	238.00
	3213.70	0.00	21.00	0.00	21.00	0.00	35.00	0.00	0.00	0.00	130.00	45.00	256.00	77.00	27.00	280.00	264.00	239.00
	3213.71	0.00	19.00	0.00	22.00	0.00	33.00	0.00	0.00	0.00	140.00	58.00	264.00	78.00	27.00	289.00	271.00	252.00
	3213.72	0.00	19.00	0.00	23.00	0.00	34.00	0.00	0.00	0.00	152.00	85.00	266.00	80.00	27.00	297.00	282.00	264.00
	3213.72	0.00	20.00	0.00	25.00	0.00	33.00	0.00	0.00	0.00	156.00	92.00	273.00	81.00	28.00	304.00	287.00	279.00
	3213.73	0.00	18.00	0.00	26.00	0.00	33.00	0.00	11.00	0.00	162.00	107.00	279.00	85.00	26.00	307.00	290.00	284.00
	3213.75	0.00	20.00	0.00	27.00	0.00	32.00	0.00	13.00	0.00	171.00	116.00	277.00	89.00	26.00	312.00	293.00	291.00
	3213.75	0.00	21.00	0.00	27.00	0.00	26.00	0.00	14.00	0.00	179.00	125.00	281.00	89.00	27.00	316.00	295.00	286.00
	3213.76	0.00	20.00	0.00	27.00	0.00	26.00	0.00	14.00	0.00	181.00	129.00	284.00	89.00	27.00	317.00	296.00	281.00
	3213.77	0.00	20.00	0.00	28.00	0.00	31.00	0.00	15.00	0.00	182.00	137.00	284.00	84.00	27.00	318.00	297.00	280.00
	3213.78	0.00	20.00	0.00	29.00	0.00	32.00	0.00	23.00	0.00	184.00	141.00	287.00	84.00	27.00	321.00	298.00	282.00
	3213.79	0.00	19.00	0.00	28.00	8.00	32.00	0.00	23.00	0.00	187.00	144.00	289.00	84.00	28.00	321.00	299.00	282.00
	3213.80	0.00	23.00	0.00	29.00	11.00	34.00	0.00	23.00	0.00	190.00	146.00	287.00	78.00	28.00	322.00	296.00	277.00
	3213.81	0.00	27.00	0.00	32.00	17.00	39.00	0.00	24.00	11.00	190.00	146.00	287.00	54.00	27.00	321.00	295.00	274.00
	3213.82	0.00	29.00	0.00	33.00	23.00	40.00	0.00	24.00	45.00	191.00	143.00	285.00	49.00	27.00	324.00	291.00	268.00
	3213.83	0.00	30.00	0.00	33.00	28.00	42.00	0.00	24.00	85.00	189.00	140.00	279.00	48.00	27.00	325.00	289.00	260.00
	3213.84	0.00	32.00	0.00	35.00	57.00	54.00	33.00	25.00	120.00	183.00	130.00	267.00	47.00	26.00	321.00	274.00	244.00
	3213.85	0.00	36.00	13.00	36.00	91.00	83.00	36.00	26.00	133.00	171.00	108.00	250.00	45.00	26.00	306.00	264.00	219.00
	3213.86	0.00	40.00	24.00	39.00	123.00	138.00	39.00	70.00	203.00	156.00	89.00	233.00	45.00	18.00	291.00	243.00	196.00
	3213.87	0.00	40.00	41.00	40.00	151.00	180.00	43.00	125.00	252.00	134.00	80.00	218.00	45.00	26.00	283.00	228.00	181.00
	3213.88	0.00	40.00	58.00	45.00	170.00	210.00	44.00	99.00	259.00	124.00	72.00	217.00	45.00	26.00	279.00	198.00	171.00
	3213.89	0.00	47.00	53.00	47.00	174.00	224.00	44.00	81.00	237.00	112.00	64.00	206.00	45.00	25.00	266.00	177.00	168.00
	3213.90	0.00	40.00	31.00	45.00	175.00	222.00	43.00	57.00	170.00	92.00	46.00	181.00	46.00	12.00	248.00	166.00	141.00
	3213.91	0.00	39.00	26.00	43.00	175.00	196.00	43.00	43.00	135.00	51.00	36.00	161.00	44.00	13.00	219.00	155.00	110.00
	3213.92	0.00	38.00	27.00	43.00	176.00	196.00	44.00	38.00	132.00	11.00	33.00	106.00	44.00	10.00	190.00	133.00	99.00
	3213.93	0.00	39.00	27.00	42.00	176.00	211.00	43.00	33.00	152.00	0.00	31.00	77.00	44.00	10.00	175.00	119.00	92.00
	3213.94	0.00	38.00	27.00	41.00	173.00	220.00	43.00	28.00	151.00	0.00	29.00	72.00	43.00	3.00	172.00	100.00	80.00
	3213.95	0.00	39.00	36.00	41.00	174.00	226.00	44.00	29.00	167.00	0.00	29.00	62.00	43.00	0.00	166.00	79.00	51.00
	3213.96	0.00	39.00	44.00	42.00	178.00	234.00	44.00	36.00	192.00	0.00	29.00	55.00	43.00	0.00	144.00	75.00	48.00
	3213.97	0.00	45.00	51.00	44.00	191.00	245.00	47.00	57.00	218.00	0.00	29.00	57.00	42.00	0.00	138.00	65.00	46.00
	3213.98	0.00	54.00	68.00	47.00	204.00	252.00	46.00	78.00	240.00	0.00	30.00	55.00	42.00	0.00	114.00	55.00	46.00
	3213.99	0.00	50.00	56.00	49.00	204.00	246.00	47.00	69.00	219.00	0.00	31.00	48.00	41.00	3.00	109.00	53.00	45.00
	3214.00	0.00	41.00	40.00	50.00	193.00	236.00	45.00	49.00	207.00	0.00	31.00	48.00	41.00	0.00	95.00	53.00	43.00
	3214.01	0.00	39.00	29.00	47.00	188.00	222.00	46.00	40.00	193.00	0.00	31.00	46.00	41.00	1.00	82.00	52.00	40.00
	3214.02	0.00	39.00	23.00	43.00	178.00	200.00	44.00	28.00	176.00	0.00	30.00	40.00	41.00	0.00	79.00	52.00	39.00
	3214.03	0.00	39.00	27.00	43.00	168.00	182.00	44.00	28.00	171.00	0.00	31.00	40.00	40.00	4.00	79.00	51.00	39.00
	3214.04	0.00	39.00	24.00	44.00	161.00	168.00	45.00	26.00	165.00	0.00	31.00	41.00	40.00	4.00	80.00	50.00	39.00
	3214.05	0.00	38.00	26.00	43.00	149.00	151.00	43.00	27.00	162.00	0.00	30.00	38.00	40.00	4.00	80.00	50.00	38.00
	3214.06	0.00	38.00	25.00	43.00	142.00	138.00	45.00	26.00	164.00	0.00	30.00	39.00	40.00	0.00	79.00	49.00	38.00
	3214.07	0.00	38.00	26.00	41.00	134.00	129.00	43.00	27.00	166.00	0.00	30.00	38.00	40.00	0.00	73.00	49.00	36.00
	3214.08	0.00	38.00	24.00	41.00	132.00	122.00	45.00	25.00	157.00	0.00	29.00	38.00	40.00	0.00	59.00	49.00	36.00
	3214.09	0.00	38.00	20.00	41.00	129.00	106.00	44.00	26.00	141.00	0.00	27.00	36.00	40.00	0.00	58.00	49.00	38.00
	3214.10	0.00	38.00	20.00	42.00	124.00	98.00	44.00	26.00	115.00	0.00	28.00	37.00	40.00	0.00	57.00	49.00	34.00
	3214.11	0.00	38.00	2.00	41.00	125.00	91.00	45.00	26.00	84.00	0.00	28.00	37.00	40.00	0.00	55.00	49.00	37.00
	3214.12	0.00	38.00	0.00	42.00	122.00	71.00	43.00	26.00	58.00	0.00	27.00	35.00	40.00	0.00	51.00	49.00	36.00
	3214.13	0.00	38.00	0.00	43.00	117.00	63.00	43.00	26.00	56.00	0.00	26.00	37.00	40.00	0.00	51.00	49.00	37.00
	3214.14	0.00	38.00	0.00	41.00	111.00	56.00	43.00	25.00	47.00	0.00	26.00	37.00	40.00	0.00	51.00	49.00	38.00
	3214.15	0.00	38.00	0.00	39.00	106.00	56.00	43.00	25.00	26.00	0.00	26.00	37.00	40.00	0.00	51.00	49.00	38.00
	3214.15	0.00	38.00	0.00	41.00	99.00	55.00	44.00	26.00	31.00	0.00	26.00	36.00	40.00	0.00	51.00	49.00	37.00
	3214.17	0.00	38.00	0.00	41.00	96.00	56.00	44.00	26.00	26.00	0.00	26.00	37.00	40.00	0.00	50.00	49.00	37.00
	3214.17	0.00	37.00	0.00	40.00	89.00	55.00	41.00	26.00	20.00	0.00	26.00	36.00	39.00	0.00	51.00	49.00	38.00
	3214.18	0.00	38.00	0.00	39.00	84.00	55.00	42.00	26.00	20.00	0.00	26.00	36.00	39.00	0.00	50.00	49.00	38.00
	3214.19	0.00	38.00	0.00	37.00	82.00	53.00	41.00	27.00	0.00	0.00	25.00	34.00	39.00	0.00	50.00	50.00	37.00
	3214.20	0.00	37.00	0.00	40.00	74.00	52.00	39.00	27.00	0.00	0.00	28.00	35.00	37.00	0.00	50.00	49.00	37.00
	3214.21	0.00	38.00	0.00	38.00	61.00	49.00	38.00	25.00	0.00	0.00	29.00	33.00	39.00	0.00	50.00	50.00	35.00
	3214.22	0.00	38.00	0.00	38.00	40.00	48.00	37.00	25.00	2.00	0.00	27.00	33.00	39.00	0.00	49.00	50.00	35.00
	3214.23	0.00	37.00	0.00	38.00	40.00	48.00	40.00	27.00	22.00	0.00	29.00	34.00	37.00	0.00	50.00	50.00	37.00
	3214.24	0.00	38.00	0.00	39.00	40.00	48.00	42.00	27.00	36.00	0.00	29.00	32.00	39.00	0.00	50.00	50.00	37.00
	3214.25	0.00	38.00	0.00	39.00	39.00	49.00	41.00	28.00	50.00	0.00	29.00	31.00	39.00	0.00	49.00	49.00	36.00
	3214.26	0.00	38.00	0.00	38.00	57.00	50.00	41.00	28.00	70.00	0.00	29.00	31.00	39.00	0.00	49.00	51.00	37.00
	3214.27	0.00	37.00	0.00	39.00	63.00	49.00	42.00	30.00	82.00	0.00	29.00	31.00	39.00	0.00	49.00	51.00	37.00
	3214.28	0.00	37.00	0.00	39.00	69.00	50.00	43.00	30.00	95.00	0.00	29.00	31.00	39.00	0.00	49.00	51.00	37.00
	3214.29	0.00	36.00	0.00	40.00	74.00	50.00	43.00	30.00	100.00	0.00	30.00	33.00	39.00	0.00	49.00	49.00	35.00
	3214.30	0.00	36.00	0.00	41.00	73.00	50.00	42.00	29.00	90.00	0.00	30.00	32.00	40.00	6.00	49.00	51.00	37.00
	3214.31	0.00	36.00	0.00	40.00	76.00	49.00	41.00	28.00	88.00	0.00	31.00	34.00	38.00	4.00	49.00	51.00	36.00
	3214.32	0.00	36.00	0.00	42.00	74.00	49.00	43.00	28.00	87.00	0.00	32.00	32.00	40.00	5.00	49.00	51.00	36.00
	3214.33	0.00	36.00	0.00	41.00	70.00	49.00	43.00	28.00	88.00	0.00	32.00	32.00	40.00	8.00	49.00	50.00	36.00
	3214.34	0.00	36.00	0.00	40.00	70.00	50.00	41.00	28.00	95.00	0.00	32.00	32.00	38.00	7.00	50.00	51.00	36.00
	3214.34	0.00	36.00	0.00	41.00	73.00	50.00	42.00	28.00	103.00	0.00	32.00	34.00	39.00	7.00	50.00	52.00	36.00
	3214.35	0.00	36.00	0.00	40.00	76.00	52.00	41.00	28.00	108.00	0.00	32.00	35.00	39.00	6.00	49.00	51.00	35.00
	3214.36	0.00	36.00	0.00	40.00	80.00	52.00	42.00	28.00	114.00	0.00	33.00	33.00	39.00	6.00	50.00	53.00	35.00
	3214.37	0.00	36.00	0.00	41.00	81.00	52.00	41.00	28.00	116.00	0.00	32.00	32.00	39.00	7.00	49.00	53.00	36.00
	3214.38	0.00	36.00	0.00	41.00	82.00	52.00	42.00	28.00	117.00	0.00	32.00	33.00	39.00	12.00	49.00	53.00	36.00
	3214.39	0.00	36.00	0.00	41.00	85.00	51.00	42.00	28.00	117.00	0.00	32.00	34.00	39.00	11.00	50.00	53.00	37.00
	3214.40	0.00	36.00	0.00	42.00	86.00	50.00	41.00	28.00	115.00	0.00	31.00	34.00	39.00	9.00	50.00	53.00	37.00
	3214.41	0.00	36.00	0.00	42.00	83.00	50.00	42.00	28.00	114.00	0.00	31.00	32.00	39.00	14.00	50.00	53.00	37.00
	3214.42	0.00	35.00	0.00	42.00	83.00	50.00	42.00	28.00	111.00	0.00	32.00	33.00	39.00	14.00	50.00	53.00	37.00
	3214.43	0.00	36.00	0.00	42.00	83.00	49.00	44.00	28.00	108.00	0.00	33.00	35.00	37.00	15.00	50.00	53.00	37.00
	3214.44	0.00	36.00	0.00	42.00	82.00	50.00	42.00	28.00	114.00	0.00	31.00	33.00	39.00	15.00	50.00	52.00	37.00
	3214.45	0.00	35.00	0.00	42.00	85.00	50.00	42.00	28.00	116.00	0.00	32.00	33.00	40.00	14.00	50.00	54.00	35.00
	3214.46	0.00	36.00	0.00	43.00	81.00	50.00	42.00	28.00	118.00	0.00	32.00	35.00	38.00	15.00	51.00	56.00	38.00
	3214.47	0.00	35.00	0.00	43.00	82.00	51.00	42.00	28.00	117.00	0.00	33.00	34.00	38.00	15.00	51.00	57.00	38.00
	3214.48	0.00	35.00	0.00	42.00	79.00	50.00	42.00	28.00	117.00	0.00	33.00	34.00	40.00	15.00	51.00	58.00	39.00
	3214.49	0.00	35.00	0.00	43.00	84.00	50.00	43.00	29.00	113.00	0.00	33.00	35.00	40.00	14.00	52.00	59.00	39.00
	3214.50	0.00	35.00	0.00	43.00	85.00	50.00	42.00	28.00	111.00	0.00	33.00	37.00	40.00	15.00	52.00	59.00	39.00
	3214.51	0.00	35.00	0.00	42.00	85.00	50.00	42.00	28.00	110.00	0.00	33.00	35.00	38.00	15.00	52.00	59.00	40.00
	3214.52	0.00	35.00	0.00	43.00	85.00	50.00	42.00	28.00	115.00	0.00	33.00	37.00	40.00	15.00	52.00	60.00	40.00
	3214.53	0.00	35.00	0.00	43.00	83.00	49.00	42.00	28.00	120.00	0.00	33.00	35.00	38.00	15.00	53.00	60.00	40.00
	3214.54	0.00	35.00	0.00	43.00	83.00	48.00	44.00	28.00	120.00	0.00	32.00	37.00	39.00	15.00	52.00	60.00	40.00
	3214.54	0.00	35.00	0.00	44.00	82.00	47.00	42.00	28.00	125.00	0.00	33.00	35.00	38.00	15.00	53.00	60.00	40.00
	3214.56	0.00	35.00	0.00	43.00	80.00	47.00	42.00	28.00	124.00	0.00	33.00	35.00	40.00	14.00	53.00	60.00	40.00
	3214.56	0.00	35.00	0.00	44.00	82.00	47.00	42.00	28.00	128.00	0.00	33.00	36.00	38.00	15.00	53.00	59.00	40.00
	3214.57	0.00	35.00	0.00	43.00	83.00	47.00	41.00	28.00	123.00	0.00	32.00	36.00	40.00	13.00	52.00	59.00	39.00
	3214.58	0.00	35.00	0.00	43.00	83.00	47.00	44.00	28.00	122.00	0.00	32.00	36.00	40.00	12.00	52.00	59.00	37.00
	3214.59	0.00	35.00	0.00	43.00	82.00	47.00	44.00	28.00	123.00	0.00	33.00	36.00	38.00	15.00	53.00	60.00	39.00
	3214.60	0.00	35.00	0.00	43.00	82.00	47.00	42.00	28.00	125.00	0.00	33.00	35.00	40.00	15.00	52.00	60.00	39.00
	3214.61	0.00	35.00	0.00	44.00	83.00	47.00	42.00	28.00	126.00	0.00	33.00	35.00	40.00	13.00	52.00	61.00	39.00
	3214.62	0.00	35.00	0.00	44.00	82.00	47.00	42.00	28.00	127.00	0.00	33.00	36.00	39.00	13.00	53.00	60.00	40.00
	3214.63	0.00	35.00	0.00	44.00	82.00	47.00	42.00	28.00	129.00	0.00	32.00	37.00	39.00	9.00	52.00	60.00	40.00
	3214.64	0.00	35.00	0.00	44.00	83.00	47.00	42.00	29.00	132.00	0.00	32.00	37.00	41.00	6.00	53.00	60.00	40.00
	3214.65	0.00	35.00	0.00	43.00	85.00	47.00	42.00	30.00	131.00	0.00	33.00	35.00	41.00	10.00	53.00	61.00	38.00
	3214.66	0.00	35.00	0.00	44.00	86.00	48.00	43.00	28.00	132.00	0.00	32.00	37.00	39.00	9.00	53.00	61.00	40.00
	3214.67	0.00	35.00	0.00	44.00	85.00	48.00	44.00	28.00	132.00	0.00	33.00	37.00	41.00	8.00	53.00	61.00	40.00
	3214.68	0.00	35.00	0.00	43.00	82.00	47.00	42.00	28.00	134.00	0.00	33.00	37.00	41.00	10.00	52.00	61.00	39.00
	3214.69	0.00	35.00	0.00	43.00	80.00	47.00	44.00	28.00	133.00	0.00	33.00	37.00	39.00	10.00	53.00	61.00	40.00
	3214.70	0.00	35.00	0.00	42.00	75.00	47.00	42.00	28.00	129.00	0.00	33.00	35.00	39.00	9.00	53.00	61.00	40.00
	3214.71	0.00	35.00	0.00	43.00	71.00	48.00	42.00	28.00	128.00	0.00	32.00	37.00	41.00	12.00	52.00	61.00	40.00
	3214.72	0.00	35.00	0.00	44.00	69.00	47.00	42.00	28.00	110.00	0.00	33.00	35.00	39.00	12.00	53.00	61.00	40.00
	3214.73	0.00	35.00	0.00	43.00	53.00	47.00	42.00	27.00	99.00	0.00	31.00	36.00	41.00	9.00	53.00	60.00	40.00
	3214.74	0.00	35.00	0.00	43.00	38.00	47.00	42.00	27.00	96.00	0.00	32.00	36.00	40.00	9.00	53.00	60.00	40.00
	3214.75	0.00	35.00	0.00	42.00	37.00	47.00	42.00	28.00	91.00	0.00	33.00	34.00	39.00	9.00	53.00	60.00	40.00
	3214.75	0.00	34.00	0.00	43.00	38.00	47.00	43.00	27.00	92.00	0.00	33.00	34.00	39.00	9.00	53.00	59.00	40.00
	3214.77	0.00	34.00	0.00	41.00	38.00	47.00	42.00	28.00	90.00	0.00	32.00	36.00	41.00	0.00	52.00	60.00	40.00
	3214.77	0.00	35.00	0.00	41.00	38.00	47.00	41.00	27.00	80.00	0.00	32.00	36.00	41.00	0.00	53.00	61.00	40.00
	3214.78	0.00	35.00	0.00	43.00	36.00	47.00	43.00	27.00	71.00	0.00	32.00	36.00	41.00	0.00	53.00	61.00	40.00
	3214.79	0.00	35.00	0.00	43.00	38.00	47.00	43.00	28.00	70.00	0.00	32.00	34.00	41.00	0.00	53.00	61.00	40.00
	3214.80	0.00	35.00	0.00	43.00	37.00	46.00	42.00	28.00	69.00	0.00	32.00	35.00	41.00	0.00	53.00	61.00	41.00
	3214.81	0.00	33.00	0.00	43.00	37.00	47.00	42.00	28.00	67.00	0.00	33.00	35.00	41.00	0.00	53.00	60.00	41.00
	3214.82	0.00	33.00	0.00	43.00	38.00	46.00	42.00	28.00	67.00	0.00	33.00	36.00	41.00	0.00	52.00	62.00	41.00
	3214.83	0.00	33.00	0.00	43.00	38.00	47.00	43.00	28.00	68.00	0.00	33.00	35.00	41.00	0.00	53.00	62.00	40.00
	3214.84	0.00	34.00	0.00	43.00	36.00	47.00	43.00	28.00	68.00	0.00	33.00	34.00	41.00	0.00	53.00	62.00	40.00
	3214.85	0.00	34.00	0.00	42.00	38.00	47.00	43.00	28.00	66.00	0.00	33.00	34.00	41.00	0.00	53.00	60.00	39.00
	3214.86	0.00	34.00	0.00	43.00	38.00	47.00	43.00	28.00	66.00	0.00	33.00	34.00	41.00	0.00	53.00	62.00	41.00
	3214.87	0.00	34.00	0.00	43.00	38.00	47.00	44.00	28.00	66.00	0.00	33.00	36.00	41.00	0.00	53.00	62.00	41.00
	3214.88	0.00	34.00	0.00	43.00	36.00	46.00	44.00	28.00	66.00	0.00	33.00	36.00	41.00	0.00	53.00	62.00	41.00
	3214.89	0.00	34.00	0.00	42.00	38.00	47.00	43.00	27.00	64.00	0.00	33.00	36.00	41.00	0.00	53.00	61.00	41.00
	3214.90	0.00	34.00	0.00	41.00	38.00	47.00	43.00	28.00	62.00	0.00	33.00	34.00	41.00	0.00	53.00	60.00	41.00
	3214.91	0.00	34.00	0.00	41.00	38.00	47.00	44.00	27.00	57.00	0.00	33.00	36.00	41.00	0.00	53.00	62.00	41.00
	3214.92	0.00	34.00	0.00	43.00	38.00	47.00	44.00	28.00	56.00	0.00	33.00	36.00	41.00	0.00	53.00	62.00	41.00
	3214.92	0.00	34.00	0.00	41.00	38.00	47.00	44.00	27.00	57.00	0.00	32.00	36.00	41.00	0.00	53.00	62.00	41.00
	3214.93	0.00	34.00	0.00	42.00	37.00	47.00	44.00	27.00	56.00	0.00	33.00	35.00	41.00	0.00	53.00	62.00	41.00
	3214.94	0.00	34.00	0.00	42.00	37.00	47.00	43.00	27.00	55.00	0.00	33.00	36.00	41.00	0.00	53.00	62.00	41.00
	3214.95	0.00	34.00	0.00	43.00	35.00	45.00	43.00	27.00	55.00	0.00	33.00	35.00	41.00	0.00	53.00	62.00	41.00
	3214.96	0.00	33.00	0.00	43.00	37.00	46.00	44.00	27.00	55.00	0.00	33.00	36.00	41.00	0.00	53.00	62.00	41.00
	3214.97	0.00	34.00	0.00	42.00	38.00	47.00	44.00	27.00	59.00	0.00	33.00	35.00	41.00	0.00	53.00	62.00	41.00
	3214.98	0.00	34.00	0.00	42.00	38.00	44.00	43.00	27.00	57.00	0.00	33.00	34.00	41.00	0.00	53.00	62.00	41.00
	3214.99	0.00	34.00	0.00	42.00	37.00	44.00	41.00	27.00	58.00	0.00	33.00	35.00	41.00	0.00	53.00	62.00	41.00
	3215.00	0.00	34.00	0.00	42.00	38.00	44.00	41.00	27.00	57.00	0.00	33.00	35.00	41.00	0.00	53.00	62.00	41.00
	3215.01	0.00	35.00	0.00	40.00	37.00	44.00	40.00	27.00	59.00	0.00	33.00	36.00	41.00	0.00	53.00	62.00	41.00
	3215.02	0.00	34.00	0.00	41.00	37.00	44.00	41.00	27.00	55.00	0.00	33.00	34.00	41.00	0.00	53.00	61.00	41.00
	3215.03	0.00	35.00	0.00	40.00	37.00	44.00	41.00	27.00	52.00	0.00	33.00	35.00	41.00	0.00	53.00	62.00	41.00
	3215.04	0.00	34.00	0.00	41.00	37.00	44.00	41.00	27.00	48.00	0.00	33.00	36.00	41.00	0.00	53.00	62.00	41.00
	3215.05	0.00	34.00	0.00	41.00	37.00	44.00	41.00	27.00	50.00	0.00	33.00	34.00	41.00	0.00	53.00	62.00	41.00
	3215.06	0.00	34.00	0.00	41.00	37.00	44.00	41.00	27.00	47.00	0.00	33.00	36.00	41.00	0.00	53.00	62.00	41.00
	3215.07	0.00	34.00	0.00	41.00	37.00	44.00	42.00	27.00	45.00	0.00	33.00	34.00	42.00	0.00	53.00	61.00	41.00
	3215.08	0.00	34.00	0.00	42.00	36.00	44.00	41.00	27.00	37.00	0.00	32.00	36.00	41.00	0.00	53.00	60.00	42.00
	3215.09	0.00	34.00	0.00	41.00	37.00	44.00	41.00	28.00	26.00	0.00	32.00	35.00	42.00	0.00	53.00	62.00	42.00
	3215.09	0.00	34.00	0.00	41.00	37.00	43.00	40.00	27.00	30.00	0.00	33.00	36.00	42.00	0.00	53.00	62.00	40.00
	3215.10	0.00	34.00	0.00	41.00	37.00	43.00	40.00	27.00	29.00	0.00	33.00	36.00	42.00	0.00	53.00	63.00	40.00
	3215.11	0.00	34.00	0.00	40.00	37.00	43.00	40.00	27.00	30.00	0.00	33.00	35.00	41.00	0.00	53.00	61.00	41.00
	3215.12	0.00	34.00	0.00	41.00	37.00	43.00	39.00	27.00	29.00	0.00	33.00	37.00	41.00	0.00	53.00	63.00	42.00
	3215.13	0.00	34.00	0.00	41.00	37.00	44.00	39.00	27.00	29.00	0.00	33.00	36.00	41.00	0.00	53.00	64.00	42.00
	3215.14	0.00	34.00	0.00	41.00	37.00	43.00	39.00	27.00	28.00	0.00	33.00	35.00	42.00	0.00	53.00	64.00	42.00
	3215.15	0.00	34.00	0.00	41.00	37.00	43.00	40.00	27.00	29.00	0.00	33.00	37.00	42.00	0.00	53.00	64.00	40.00
	3215.16	0.00	34.00	0.00	42.00	37.00	43.00	40.00	27.00	30.00	0.00	32.00	37.00	42.00	0.00	53.00	66.00	42.00
	3215.17	0.00	34.00	0.00	41.00	37.00	43.00	39.00	27.00	30.00	0.00	33.00	35.00	41.00	0.00	53.00	66.00	40.00
	3215.18	0.00	34.00	0.00	41.00	37.00	44.00	39.00	27.00	31.00	0.00	32.00	37.00	41.00	0.00	53.00	66.00	42.00
	3215.19	0.00	34.00	0.00	41.00	37.00	44.00	39.00	27.00	30.00	0.00	33.00	35.00	41.00	0.00	53.00	67.00	42.00
	3215.20	0.00	34.00	0.00	42.00	37.00	43.00	39.00	27.00	30.00	0.00	32.00	35.00	42.00	0.00	53.00	67.00	42.00
	3215.21	0.00	34.00	0.00	42.00	37.00	44.00	40.00	27.00	30.00	0.00	33.00	37.00	41.00	0.00	53.00	68.00	42.00
	3215.22	0.00	34.00	0.00	42.00	37.00	44.00	39.00	27.00	30.00	0.00	33.00	37.00	41.00	0.00	53.00	68.00	42.00
	3215.23	0.00	35.00	0.00	42.00	37.00	43.00	40.00	27.00	31.00	0.00	32.00	37.00	41.00	0.00	53.00	68.00	42.00
	3215.24	0.00	34.00	0.00	42.00	37.00	43.00	39.00	26.00	31.00	0.00	32.00	37.00	41.00	0.00	53.00	69.00	40.00
	3215.25	0.00	34.00	0.00	43.00	37.00	44.00	41.00	27.00	29.00	0.00	32.00	37.00	42.00	0.00	53.00	68.00	42.00
	3215.26	0.00	34.00	0.00	41.00	37.00	42.00	39.00	27.00	30.00	0.00	32.00	37.00	42.00	0.00	53.00	69.00	40.00
	3215.26	0.00	33.00	0.00	41.00	37.00	43.00	39.00	27.00	30.00	0.00	32.00	37.00	39.00	0.00	53.00	70.00	42.00
	3215.27	0.00	34.00	0.00	41.00	37.00	43.00	39.00	26.00	31.00	0.00	32.00	37.00	42.00	0.00	53.00	70.00	40.00
	3215.28	0.00	34.00	0.00	42.00	37.00	44.00	40.00	27.00	31.00	0.00	33.00	37.00	42.00	0.00	53.00	69.00	42.00
	3215.29	0.00	34.00	0.00	42.00	37.00	44.00	40.00	27.00	32.00	0.00	33.00	35.00	42.00	0.00	53.00	71.00	42.00
	3215.30	0.00	34.00	0.00	42.00	37.00	44.00	40.00	27.00	32.00	0.00	33.00	37.00	42.00	0.00	53.00	70.00	42.00
	3215.31	0.00	35.00	0.00	41.00	37.00	44.00	39.00	27.00	31.00	0.00	32.00	37.00	42.00	0.00	53.00	71.00	42.00
	3215.32	0.00	35.00	0.00	41.00	37.00	44.00	40.00	28.00	32.00	0.00	32.00	37.00	42.00	0.00	53.00	71.00	42.00
	3215.33	0.00	34.00	0.00	42.00	37.00	43.00	40.00	27.00	31.00	0.00	32.00	37.00	42.00	0.00	53.00	71.00	42.00
	3215.34	0.00	35.00	0.00	41.00	37.00	42.00	39.00	27.00	32.00	0.00	33.00	37.00	42.00	0.00	53.00	71.00	42.00
	3215.35	0.00	33.00	0.00	41.00	37.00	44.00	39.00	27.00	30.00	0.00	33.00	37.00	42.00	0.00	53.00	71.00	42.00
	3215.36	0.00	35.00	0.00	41.00	37.00	44.00	39.00	27.00	31.00	0.00	33.00	37.00	42.00	0.00	53.00	71.00	42.00
	3215.37	0.00	35.00	0.00	42.00	37.00	44.00	40.00	27.00	31.00	0.00	32.00	35.00	41.00	0.00	53.00	71.00	42.00
	3215.38	0.00	35.00	0.00	41.00	37.00	44.00	39.00	27.00	31.00	0.00	33.00	37.00	42.00	0.00	53.00	71.00	42.00
	3215.39	0.00	35.00	0.00	42.00	37.00	44.00	40.00	27.00	31.00	0.00	33.00	37.00	42.00	0.00	53.00	70.00	42.00
	3215.40	0.00	34.00	0.00	42.00	37.00	44.00	40.00	27.00	30.00	0.00	32.00	37.00	42.00	0.00	53.00	70.00	40.00
	3215.41	0.00	34.00	1.00	41.00	37.00	43.00	39.00	27.00	29.00	0.00	33.00	37.00	42.00	0.00	53.00	70.00	40.00
	3215.42	0.00	34.00	0.00	41.00	37.00	43.00	39.00	27.00	32.00	0.00	32.00	37.00	42.00	0.00	53.00	69.00	42.00
	3215.43	0.00	34.00	1.00	41.00	37.00	42.00	40.00	27.00	30.00	0.00	33.00	35.00	42.00	0.00	53.00	65.00	42.00
	3215.43	0.00	34.00	1.00	42.00	37.00	43.00	39.00	27.00	30.00	0.00	32.00	37.00	42.00	0.00	53.00	66.00	42.00
	3215.44	0.00	34.00	1.00	42.00	37.00	44.00	39.00	27.00	30.00	0.00	32.00	35.00	40.00	0.00	53.00	65.00	40.00
	3215.45	0.00	34.00	1.00	41.00	37.00	43.00	39.00	27.00	30.00	0.00	32.00	37.00	41.00	0.00	53.00	65.00	40.00
	3215.46	0.00	34.00	0.00	41.00	37.00	43.00	41.00	27.00	30.00	0.00	32.00	37.00	42.00	0.00	53.00	65.00	40.00
	3215.47	0.00	34.00	1.00	42.00	37.00	43.00	41.00	27.00	29.00	0.00	33.00	37.00	42.00	0.00	53.00	65.00	40.00
	3215.48	0.00	34.00	1.00	41.00	37.00	43.00	39.00	27.00	29.00	0.00	32.00	35.00	40.00	0.00	53.00	65.00	40.00
	3215.49	0.00	34.00	1.00	41.00	37.00	43.00	39.00	27.00	29.00	0.00	32.00	35.00	41.00	0.00	53.00	64.00	40.00
	3215.50	0.00	34.00	1.00	41.00	36.00	43.00	40.00	27.00	28.00	0.00	32.00	37.00	42.00	0.00	53.00	64.00	42.00
	3215.51	0.00	34.00	0.00	42.00	37.00	43.00	39.00	27.00	30.00	0.00	31.00	35.00	41.00	0.00	53.00	64.00	40.00
	3215.52	0.00	35.00	0.00	40.00	37.00	44.00	40.00	27.00	29.00	0.00	33.00	37.00	42.00	0.00	53.00	64.00	42.00
	3215.53	0.00	34.00	1.00	42.00	37.00	44.00	41.00	27.00	29.00	0.00	33.00	35.00	42.00	0.00	53.00	63.00	42.00
	3215.54	0.00	34.00	0.00	42.00	37.00	43.00	39.00	27.00	31.00	0.00	32.00	37.00	42.00	0.00	53.00	64.00	40.00
	3215.55	0.00	34.00	1.00	41.00	37.00	44.00	40.00	27.00	30.00	0.00	32.00	37.00	42.00	0.00	53.00	64.00	40.00
	3215.56	0.00	35.00	0.00	41.00	37.00	43.00	39.00	26.00	30.00	0.00	32.00	35.00	40.00	0.00	53.00	65.00	40.00
	3215.57	0.00	34.00	1.00	42.00	37.00	44.00	41.00	27.00	30.00	0.00	33.00	35.00	42.00	0.00	53.00	63.00	42.00
	3215.58	0.00	35.00	1.00	42.00	37.00	44.00	39.00	27.00	31.00	0.00	32.00	35.00	40.00	0.00	53.00	65.00	40.00
	3215.59	0.00	34.00	0.00	41.00	37.00	43.00	39.00	27.00	30.00	0.00	31.00	37.00	40.00	0.00	53.00	65.00	42.00
	3215.60	0.00	35.00	0.00	42.00	36.00	43.00	41.00	27.00	31.00	0.00	33.00	37.00	42.00	0.00	53.00	65.00	42.00
	3215.61	0.00	34.00	0.00	41.00	37.00	43.00	40.00	27.00	28.00	0.00	32.00	37.00	42.00	0.00	53.00	66.00	42.00
	3215.62	0.00	34.00	1.00	41.00	37.00	42.00	39.00	27.00	29.00	0.00	32.00	37.00	42.00	0.00	53.00	65.00	40.00
	3215.62	0.00	34.00	1.00	42.00	37.00	43.00	40.00	27.00	30.00	0.00	32.00	37.00	42.00	0.00	53.00	66.00	42.00
	3215.63	0.00	34.00	1.00	42.00	37.00	43.00	41.00	25.00	29.00	0.00	32.00	37.00	42.00	0.00	53.00	66.00	42.00
	3215.64	0.00	34.00	1.00	41.00	37.00	44.00	39.00	27.00	31.00	0.00	32.00	37.00	39.00	0.00	53.00	65.00	42.00
	3215.65	0.00	34.00	1.00	42.00	37.00	43.00	39.00	26.00	31.00	0.00	32.00	37.00	42.00	0.00	53.00	65.00	42.00
	3215.66	0.00	33.00	1.00	42.00	37.00	43.00	41.00	27.00	32.00	0.00	32.00	37.00	42.00	0.00	53.00	65.00	42.00
	3215.67	0.00	35.00	1.00	42.00	37.00	43.00	41.00	25.00	33.00	0.00	33.00	37.00	42.00	0.00	53.00	65.00	42.00
	3215.68	0.00	34.00	1.00	41.00	37.00	43.00	39.00	27.00	33.00	0.00	32.00	35.00	39.00	0.00	53.00	65.00	42.00
	3215.69	0.00	35.00	1.00	41.00	37.00	43.00	39.00	27.00	32.00	0.00	32.00	37.00	42.00	0.00	53.00	66.00	42.00
	3215.70	0.00	34.00	1.00	41.00	37.00	43.00	39.00	27.00	33.00	0.00	32.00	35.00	42.00	0.00	53.00	67.00	42.00
	3215.71	0.00	35.00	1.00	43.00	37.00	43.00	41.00	25.00	32.00	0.00	32.00	35.00	42.00	0.00	53.00	64.00	42.00
	3215.72	0.00	34.00	1.00	42.00	37.00	43.00	39.00	27.00	34.00	0.00	32.00	35.00	39.00	0.00	53.00	65.00	42.00
	3215.73	0.00	34.00	1.00	42.00	37.00	43.00	39.00	27.00	33.00	0.00	33.00	37.00	42.00	0.00	53.00	65.00	42.00
	3215.74	0.00	34.00	2.00	42.00	37.00	43.00	39.00	27.00	33.00	0.00	32.00	37.00	42.00	0.00	53.00	65.00	42.00
	3215.75	0.00	34.00	2.00	42.00	37.00	43.00	39.00	25.00	33.00	0.00	32.00	37.00	40.00	0.00	53.00	65.00	41.00
	3215.76	0.00	34.00	2.00	41.00	37.00	43.00	39.00	27.00	33.00	0.00	32.00	35.00	39.00	0.00	53.00	65.00	42.00
	3215.77	0.00	35.00	3.00	42.00	37.00	44.00	39.00	27.00	33.00	0.00	33.00	37.00	39.00	0.00	53.00	65.00	42.00
	3215.78	0.00	34.00	2.00	42.00	37.00	43.00	39.00	27.00	44.00	0.00	32.00	37.00	42.00	0.00	53.00	65.00	42.00
	3215.78	0.00	34.00	3.00	42.00	37.00	43.00	40.00	27.00	44.00	0.00	33.00	35.00	42.00	0.00	53.00	65.00	42.00
	3215.80	0.00	34.00	4.00	41.00	37.00	43.00	39.00	27.00	43.00	0.00	33.00	37.00	39.00	0.00	53.00	65.00	42.00
	3215.80	0.00	34.00	3.00	41.00	37.00	43.00	39.00	27.00	44.00	0.00	33.00	35.00	42.00	0.00	53.00	65.00	42.00
	3215.81	0.00	34.00	3.00	42.00	37.00	43.00	40.00	27.00	45.00	0.00	33.00	37.00	42.00	0.00	53.00	65.00	42.00
	3215.82	0.00	34.00	3.00	41.00	37.00	44.00	41.00	27.00	46.00	0.00	33.00	37.00	42.00	0.00	53.00	64.00	42.00
	3215.83	0.00	35.00	4.00	41.00	37.00	44.00	40.00	27.00	45.00	0.00	33.00	37.00	39.00	0.00	53.00	65.00	42.00
	3215.84	0.00	34.00	4.00	41.00	37.00	44.00	41.00	27.00	47.00	0.00	33.00	35.00	42.00	0.00	53.00	65.00	42.00
	3215.85	0.00	34.00	5.00	41.00	37.00	43.00	39.00	27.00	47.00	0.00	33.00	35.00	42.00	0.00	53.00	65.00	42.00
	3215.86	0.00	34.00	5.00	41.00	37.00	43.00	39.00	27.00	48.00	0.00	33.00	37.00	42.00	0.00	53.00	65.00	42.00
	3215.87	0.00	34.00	4.00	41.00	37.00	44.00	40.00	27.00	48.00	0.00	33.00	37.00	39.00	0.00	53.00	65.00	42.00
	3215.88	0.00	34.00	5.00	41.00	37.00	43.00	39.00	27.00	49.00	0.00	33.00	35.00	42.00	0.00	53.00	65.00	42.00
	3215.89	0.00	34.00	5.00	41.00	37.00	43.00	40.00	27.00	50.00	0.00	33.00	37.00	42.00	0.00	53.00	65.00	42.00
	3215.90	0.00	34.00	10.00	41.00	37.00	44.00	39.00	25.00	50.00	0.00	33.00	35.00	42.00	0.00	53.00	65.00	42.00
	3215.91	0.00	34.00	9.00	41.00	36.00	43.00	39.00	25.00	50.00	0.00	33.00	37.00	41.00	0.00	53.00	65.00	42.00
	3215.92	0.00	34.00	11.00	42.00	37.00	44.00	40.00	25.00	50.00	0.00	33.00	37.00	40.00	0.00	53.00	65.00	42.00
	3215.93	0.00	35.00	11.00	41.00	36.00	43.00	39.00	25.00	50.00	0.00	33.00	37.00	42.00	0.00	53.00	65.00	42.00
	3215.94	0.00	34.00	10.00	42.00	36.00	43.00	39.00	25.00	54.00	0.00	33.00	37.00	42.00	0.00	54.00	65.00	41.00
	3215.95	0.00	34.00	11.00	42.00	35.00	42.00	40.00	25.00	56.00	0.00	33.00	35.00	42.00	0.00	53.00	65.00	42.00
	3215.96	0.00	35.00	11.00	41.00	36.00	43.00	39.00	25.00	56.00	0.00	33.00	37.00	42.00	0.00	53.00	66.00	42.00
	3215.97	0.00	34.00	11.00	41.00	36.00	44.00	39.00	25.00	57.00	0.00	33.00	37.00	42.00	0.00	54.00	67.00	42.00
	3215.98	0.00	35.00	11.00	42.00	36.00	44.00	40.00	25.00	58.00	0.00	33.00	35.00	41.00	0.00	53.00	66.00	42.00
	3215.98	0.00	34.00	12.00	41.00	36.00	43.00	39.00	25.00	58.00	0.00	33.00	37.00	42.00	0.00	53.00	67.00	42.00
	3215.99	0.00	35.00	12.00	42.00	35.00	43.00	40.00	25.00	59.00	0.00	33.00	35.00	42.00	0.00	53.00	68.00	41.00
	3216.00	0.00	34.00	15.00	42.00	36.00	43.00	40.00	25.00	59.00	0.00	33.00	36.00	42.00	0.00	53.00	68.00	40.00
	3216.01	0.00	34.00	15.00	42.00	36.00	44.00	39.00	24.00	59.00	0.00	33.00	37.00	42.00	0.00	53.00	67.00	40.00
	3216.02	0.00	34.00	14.00	41.00	35.00	44.00	39.00	25.00	59.00	0.00	33.00	37.00	42.00	0.00	53.00	68.00	41.00
	3216.03	0.00	35.00	14.00	41.00	35.00	44.00	40.00	25.00	59.00	0.00	33.00	37.00	42.00	0.00	53.00	68.00	41.00
	3216.04	0.00	34.00	16.00	41.00	37.00	44.00	40.00	25.00	61.00	0.00	33.00	37.00	42.00	0.00	53.00	69.00	42.00
	3216.05	0.00	35.00	14.00	41.00	36.00	44.00	40.00	25.00	60.00	0.00	33.00	37.00	42.00	0.00	53.00	69.00	40.00
	3216.06	0.00	34.00	13.00	41.00	35.00	44.00	40.00	25.00	60.00	0.00	33.00	37.00	42.00	0.00	54.00	69.00	40.00
	3216.07	0.00	34.00	14.00	41.00	36.00	43.00	39.00	25.00	59.00	0.00	33.00	36.00	42.00	0.00	53.00	70.00	40.00
	3216.08	0.00	34.00	15.00	41.00	36.00	44.00	39.00	25.00	60.00	0.00	33.00	37.00	42.00	0.00	53.00	70.00	41.00
	3216.09	0.00	34.00	12.00	41.00	36.00	44.00	40.00	25.00	60.00	0.00	33.00	37.00	42.00	0.00	53.00	70.00	41.00
	3216.10	0.00	34.00	15.00	41.00	35.00	43.00	39.00	25.00	60.00	0.00	33.00	37.00	42.00	0.00	53.00	70.00	41.00
	3216.11	0.00	34.00	14.00	41.00	36.00	44.00	39.00	25.00	60.00	0.00	33.00	37.00	42.00	0.00	53.00	70.00	42.00
	3216.12	0.00	34.00	15.00	41.00	37.00	44.00	40.00	25.00	60.00	0.00	33.00	35.00	42.00	0.00	53.00	70.00	42.00
	3216.13	0.00	34.00	15.00	40.00	36.00	44.00	39.00	25.00	60.00	0.00	33.00	37.00	42.00	0.00	54.00	71.00	42.00
	3216.14	0.00	34.00	15.00	40.00	36.00	44.00	40.00	25.00	60.00	0.00	33.00	37.00	42.00	0.00	53.00	71.00	42.00
	3216.15	0.00	34.00	15.00	40.00	36.00	44.00	40.00	25.00	59.00	0.00	33.00	37.00	42.00	0.00	54.00	71.00	42.00
	3216.16	0.00	35.00	14.00	40.00	36.00	44.00	40.00	25.00	60.00	0.00	33.00	37.00	42.00	0.00	54.00	71.00	42.00
	3216.16	0.00	34.00	15.00	41.00	36.00	43.00	40.00	25.00	60.00	0.00	33.00	37.00	42.00	0.00	54.00	71.00	42.00
	3216.18	0.00	34.00	14.00	42.00	36.00	43.00	40.00	25.00	61.00	0.00	33.00	35.00	42.00	0.00	54.00	71.00	42.00
	3216.18	0.00	35.00	15.00	40.00	36.00	44.00	40.00	25.00	62.00	0.00	33.00	37.00	42.00	0.00	54.00	71.00	42.00
	3216.19	0.00	35.00	15.00	40.00	36.00	44.00	40.00	25.00	63.00	0.00	33.00	37.00	42.00	0.00	54.00	71.00	42.00
	3216.20	0.00	35.00	15.00	41.00	36.00	44.00	40.00	25.00	62.00	0.00	33.00	37.00	42.00	0.00	53.00	71.00	40.00
	3216.21	0.00	35.00	15.00	40.00	35.00	43.00	40.00	25.00	64.00	0.00	33.00	37.00	42.00	0.00	53.00	71.00	41.00
	3216.22	0.00	34.00	15.00	41.00	36.00	44.00	40.00	25.00	62.00	0.00	33.00	35.00	42.00	0.00	53.00	71.00	42.00
	3216.23	0.00	35.00	15.00	40.00	37.00	44.00	40.00	25.00	62.00	0.00	33.00	37.00	42.00	0.00	53.00	70.00	40.00
	3216.24	0.00	35.00	15.00	40.00	37.00	44.00	40.00	25.00	61.00	0.00	33.00	35.00	42.00	0.00	53.00	71.00	42.00
	3216.25	0.00	34.00	15.00	40.00	37.00	44.00	40.00	25.00	62.00	0.00	33.00	35.00	42.00	0.00	54.00	71.00	42.00
	3216.26	0.00	35.00	15.00	40.00	38.00	44.00	41.00	25.00	62.00	0.00	33.00	37.00	42.00	0.00	53.00	70.00	42.00
	3216.27	0.00	35.00	15.00	41.00	39.00	43.00	41.00	25.00	62.00	0.00	33.00	37.00	42.00	0.00	54.00	72.00	42.00
	3216.28	0.00	35.00	14.00	40.00	38.00	44.00	40.00	25.00	63.00	0.00	33.00	35.00	43.00	0.00	54.00	72.00	42.00
	3216.29	0.00	35.00	14.00	40.00	39.00	44.00	39.00	25.00	64.00	0.00	33.00	37.00	42.00	0.00	54.00	71.00	42.00
	3216.30	0.00	35.00	15.00	42.00	39.00	44.00	41.00	25.00	65.00	0.00	33.00	35.00	43.00	0.00	54.00	73.00	42.00
	3216.31	0.00	35.00	15.00	41.00	37.00	44.00	40.00	25.00	65.00	0.00	33.00	35.00	43.00	0.00	53.00	72.00	41.00
	3216.32	0.00	35.00	15.00	41.00	38.00	44.00	40.00	25.00	64.00	0.00	33.00	35.00	43.00	0.00	54.00	72.00	42.00
	3216.33	0.00	34.00	16.00	41.00	39.00	44.00	40.00	25.00	65.00	0.00	33.00	37.00	43.00	0.00	54.00	72.00	42.00
	3216.34	0.00	35.00	14.00	41.00	38.00	44.00	40.00	25.00	65.00	0.00	33.00	37.00	42.00	0.00	53.00	72.00	42.00
	3216.35	0.00	35.00	16.00	41.00	38.00	44.00	40.00	25.00	65.00	0.00	33.00	35.00	42.00	0.00	53.00	72.00	42.00
	3216.36	0.00	34.00	14.00	41.00	38.00	44.00	40.00	25.00	63.00	0.00	33.00	37.00	42.00	0.00	54.00	72.00	42.00
	3216.37	0.00	34.00	15.00	40.00	38.00	44.00	41.00	25.00	65.00	0.00	33.00	36.00	42.00	0.00	54.00	72.00	42.00
	3216.37	0.00	34.00	15.00	41.00	38.00	44.00	40.00	25.00	64.00	0.00	33.00	37.00	42.00	0.00	53.00	72.00	42.00
	3216.38	0.00	35.00	15.00	40.00	38.00	44.00	41.00	25.00	64.00	0.00	33.00	35.00	42.00	0.00	54.00	72.00	42.00
	3216.39	0.00	35.00	19.00	40.00	38.00	44.00	40.00	25.00	64.00	0.00	33.00	37.00	42.00	0.00	54.00	72.00	41.00
	3216.40	0.00	35.00	19.00	42.00	39.00	44.00	41.00	25.00	66.00	0.00	33.00	35.00	42.00	0.00	54.00	72.00	42.00
	3216.41	0.00	35.00	20.00	41.00	37.00	44.00	40.00	25.00	66.00	0.00	33.00	37.00	42.00	0.00	53.00	72.00	41.00
	3216.42	0.00	35.00	20.00	41.00	38.00	44.00	40.00	25.00	68.00	0.00	33.00	35.00	42.00	0.00	53.00	72.00	42.00
	3216.43	0.00	35.00	20.00	40.00	39.00	44.00	41.00	25.00	68.00	0.00	33.00	37.00	42.00	0.00	53.00	72.00	42.00
	3216.44	0.00	35.00	21.00	41.00	38.00	44.00	40.00	26.00	69.00	0.00	33.00	37.00	42.00	0.00	53.00	72.00	42.00
	3216.45	0.00	35.00	21.00	41.00	38.00	44.00	40.00	25.00	71.00	0.00	33.00	36.00	42.00	0.00	54.00	72.00	42.00
	3216.46	0.00	35.00	16.00	41.00	38.00	44.00	40.00	25.00	72.00	0.00	33.00	37.00	42.00	0.00	53.00	72.00	42.00
	3216.47	0.00	35.00	21.00	42.00	39.00	44.00	41.00	25.00	74.00	0.00	33.00	35.00	42.00	0.00	54.00	72.00	41.00
	3216.48	0.00	35.00	22.00	41.00	39.00	44.00	40.00	25.00	75.00	0.00	33.00	36.00	42.00	0.00	54.00	72.00	42.00
	3216.49	0.00	35.00	22.00	41.00	39.00	44.00	40.00	25.00	75.00	0.00	33.00	37.00	42.00	0.00	54.00	71.00	42.00
	3216.50	0.00	35.00	22.00	42.00	39.00	44.00	40.00	25.00	75.00	0.00	33.00	37.00	42.00	0.00	54.00	72.00	42.00
	3216.51	0.00	35.00	19.00	42.00	37.00	44.00	40.00	25.00	75.00	0.00	33.00	36.00	42.00	0.00	54.00	73.00	41.00
	3216.52	0.00	35.00	19.00	41.00	38.00	44.00	40.00	25.00	75.00	0.00	32.00	35.00	42.00	0.00	54.00	72.00	42.00
	3216.53	0.00	35.00	19.00	41.00	38.00	44.00	41.00	25.00	75.00	0.00	33.00	38.00	42.00	0.00	54.00	73.00	42.00
	3216.54	0.00	35.00	21.00	41.00	38.00	44.00	40.00	25.00	76.00	0.00	33.00	36.00	42.00	0.00	54.00	73.00	42.00
	3216.55	0.00	34.00	16.00	41.00	39.00	44.00	40.00	25.00	75.00	0.00	33.00	37.00	42.00	0.00	54.00	71.00	42.00
	3216.56	0.00	35.00	18.00	41.00	38.00	44.00	40.00	25.00	76.00	0.00	33.00	36.00	42.00	0.00	54.00	73.00	42.00
	3216.57	0.00	35.00	19.00	41.00	38.00	44.00	41.00	25.00	77.00	0.00	33.00	38.00	42.00	0.00	54.00	73.00	42.00
	3216.57	0.00	35.00	24.00	41.00	39.00	44.00	40.00	25.00	77.00	0.00	33.00	38.00	42.00	0.00	54.00	73.00	42.00
	3216.58	0.00	35.00	24.00	41.00	38.00	44.00	40.00	25.00	78.00	0.00	33.00	38.00	42.00	0.00	54.00	73.00	42.00
	3216.59	0.00	35.00	24.00	42.00	38.00	44.00	40.00	25.00	78.00	0.00	33.00	37.00	42.00	0.00	54.00	73.00	42.00
	3216.60	0.00	35.00	25.00	41.00	39.00	44.00	40.00	25.00	77.00	0.00	33.00	36.00	42.00	0.00	54.00	74.00	42.00
	3216.61	0.00	35.00	24.00	42.00	37.00	44.00	40.00	25.00	76.00	0.00	33.00	36.00	42.00	0.00	54.00	74.00	40.00
	3216.62	0.00	35.00	24.00	41.00	38.00	46.00	40.00	25.00	77.00	0.00	33.00	38.00	42.00	0.00	54.00	74.00	41.00
	3216.63	0.00	35.00	24.00	41.00	39.00	46.00	41.00	25.00	77.00	0.00	33.00	38.00	42.00	0.00	54.00	74.00	42.00
	3216.64	0.00	35.00	24.00	41.00	39.00	46.00	40.00	25.00	76.00	0.00	33.00	37.00	42.00	0.00	54.00	74.00	42.00
	3216.65	0.00	35.00	24.00	41.00	39.00	46.00	40.00	25.00	76.00	0.00	33.00	38.00	42.00	0.00	54.00	75.00	42.00
	3216.66	0.00	35.00	24.00	42.00	39.00	46.00	40.00	25.00	76.00	0.00	33.00	37.00	42.00	0.00	54.00	75.00	42.00
	3216.67	0.00	35.00	24.00	41.00	39.00	46.00	40.00	25.00	76.00	0.00	33.00	36.00	42.00	0.00	54.00	75.00	42.00
	3216.68	0.00	35.00	24.00	41.00	39.00	46.00	40.00	25.00	76.00	0.00	33.00	38.00	42.00	0.00	54.00	75.00	42.00
	3216.69	0.00	35.00	17.00	41.00	39.00	46.00	40.00	25.00	75.00	0.00	33.00	36.00	42.00	0.00	54.00	75.00	41.00
	3216.70	0.00	35.00	16.00	42.00	39.00	46.00	41.00	25.00	75.00	0.00	33.00	36.00	42.00	0.00	54.00	75.00	41.00
	3216.71	0.00	35.00	23.00	42.00	37.00	46.00	40.00	25.00	73.00	0.00	33.00	38.00	42.00	0.00	54.00	78.00	40.00
	3216.72	0.00	35.00	24.00	41.00	39.00	46.00	40.00	25.00	72.00	0.00	33.00	36.00	42.00	0.00	54.00	76.00	42.00
	3216.73	0.00	35.00	25.00	41.00	39.00	46.00	41.00	25.00	71.00	0.00	33.00	38.00	42.00	0.00	54.00	77.00	42.00
	3216.74	0.00	35.00	25.00	41.00	39.00	46.00	40.00	25.00	71.00	0.00	33.00	38.00	42.00	0.00	53.00	77.00	42.00
	3216.75	0.00	35.00	25.00	41.00	39.00	46.00	40.00	25.00	72.00	0.00	33.00	36.00	42.00	0.00	54.00	79.00	42.00
	3216.76	0.00	35.00	24.00	41.00	39.00	46.00	40.00	25.00	72.00	0.00	33.00	36.00	42.00	0.00	54.00	79.00	42.00
	3216.76	0.00	35.00	24.00	41.00	39.00	46.00	40.00	25.00	71.00	0.00	33.00	36.00	42.00	0.00	53.00	79.00	42.00
	3216.77	0.00	35.00	25.00	41.00	39.00	46.00	40.00	25.00	71.00	0.00	33.00	38.00	42.00	0.00	54.00	78.00	42.00
	3216.78	0.00	35.00	25.00	41.00	39.00	46.00	40.00	25.00	71.00	0.00	33.00	38.00	42.00	0.00	54.00	75.00	42.00
	3216.79	0.00	35.00	25.00	42.00	39.00	46.00	41.00	25.00	70.00	0.00	33.00	36.00	42.00	0.00	54.00	75.00	41.00
	3216.80	0.00	35.00	24.00	41.00	38.00	46.00	40.00	25.00	70.00	0.00	33.00	38.00	42.00	0.00	54.00	74.00	42.00
	3216.81	0.00	35.00	25.00	41.00	39.00	46.00	41.00	25.00	70.00	0.00	33.00	38.00	42.00	0.00	54.00	75.00	42.00
	3216.82	0.00	35.00	25.00	42.00	38.00	46.00	40.00	25.00	70.00	0.00	33.00	38.00	42.00	0.00	54.00	75.00	42.00
	3216.83	0.00	35.00	24.00	41.00	38.00	46.00	40.00	25.00	70.00	0.00	33.00	38.00	42.00	0.00	54.00	75.00	42.00
	3216.84	0.00	35.00	25.00	41.00	39.00	46.00	40.00	25.00	70.00	0.00	33.00	38.00	42.00	0.00	54.00	75.00	42.00
	3216.85	0.00	35.00	25.00	41.00	38.00	46.00	40.00	25.00	68.00	0.00	33.00	35.00	42.00	0.00	54.00	75.00	42.00
	3216.86	0.00	35.00	22.00	42.00	39.00	46.00	41.00	25.00	68.00	0.00	33.00	38.00	41.00	0.00	54.00	75.00	42.00
	3216.87	0.00	35.00	25.00	41.00	39.00	46.00	40.00	25.00	67.00	0.00	33.00	36.00	42.00	0.00	54.00	75.00	42.00
	3216.88	0.00	35.00	25.00	41.00	38.00	46.00	40.00	25.00	68.00	0.00	33.00	36.00	42.00	0.00	54.00	75.00	42.00
	3216.89	0.00	35.00	25.00	42.00	38.00	46.00	40.00	25.00	69.00	0.00	33.00	37.00	42.00	0.00	54.00	75.00	42.00
	3216.90	0.00	35.00	25.00	41.00	39.00	46.00	40.00	27.00	68.00	0.00	33.00	38.00	42.00	0.00	54.00	75.00	42.00
	3216.91	0.00	35.00	25.00	41.00	37.00	46.00	40.00	27.00	68.00	0.00	33.00	38.00	42.00	0.00	54.00	75.00	40.00
	3216.92	0.00	35.00	25.00	41.00	38.00	46.00	40.00	27.00	66.00	0.00	33.00	36.00	42.00	0.00	54.00	74.00	40.00
	3216.93	0.00	35.00	25.00	41.00	39.00	46.00	40.00	27.00	67.00	0.00	33.00	38.00	42.00	0.00	54.00	75.00	42.00
	3216.94	0.00	35.00	25.00	41.00	38.00	46.00	40.00	27.00	68.00	0.00	33.00	36.00	42.00	0.00	54.00	75.00	42.00
	3216.95	0.00	35.00	25.00	41.00	38.00	46.00	40.00	27.00	69.00	0.00	33.00	36.00	42.00	0.00	54.00	75.00	42.00
	3216.96	0.00	35.00	25.00	41.00	38.00	46.00	41.00	27.00	68.00	0.00	33.00	38.00	42.00	0.00	54.00	75.00	42.00
	3216.96	0.00	35.00	25.00	41.00	39.00	47.00	40.00	27.00	69.00	0.00	33.00	38.00	42.00	0.00	54.00	75.00	41.00
	3216.97	0.00	35.00	24.00	41.00	39.00	47.00	39.00	27.00	68.00	0.00	33.00	38.00	42.00	0.00	54.00	74.00	42.00
	3216.98	0.00	35.00	25.00	43.00	38.00	47.00	40.00	27.00	68.00	0.00	33.00	38.00	42.00	0.00	54.00	75.00	42.00
	3216.99	0.00	35.00	24.00	43.00	37.00	46.00	40.00	27.00	68.00	0.00	33.00	36.00	42.00	0.00	54.00	75.00	40.00
	3217.00	0.00	34.00	23.00	41.00	38.00	46.00	40.00	27.00	68.00	0.00	33.00	36.00	42.00	0.00	54.00	74.00	42.00
	3217.01	0.00	35.00	25.00	42.00	36.00	46.00	40.00	26.00	69.00	0.00	33.00	38.00	42.00	0.00	54.00	79.00	40.00
	3217.02	0.00	35.00	23.00	41.00	38.00	47.00	40.00	27.00	69.00	0.00	33.00	38.00	41.00	0.00	55.00	79.00	42.00
	3217.03	0.00	35.00	24.00	41.00	36.00	47.00	41.00	27.00	70.00	0.00	33.00	38.00	42.00	0.00	55.00	79.00	40.00
	3217.04	0.00	35.00	25.00	42.00	37.00	47.00	40.00	27.00	69.00	0.00	33.00	36.00	42.00	0.00	55.00	79.00	40.00
	3217.05	0.00	35.00	25.00	41.00	38.00	47.00	40.00	27.00	70.00	0.00	33.00	37.00	42.00	0.00	54.00	80.00	40.00
	3217.06	0.00	35.00	24.00	41.00	38.00	46.00	40.00	27.00	70.00	0.00	33.00	36.00	42.00	0.00	55.00	81.00	42.00
	3217.07	0.00	35.00	24.00	42.00	37.00	47.00	40.00	27.00	70.00	0.00	33.00	36.00	42.00	0.00	54.00	81.00	41.00
	3217.08	0.00	35.00	25.00	42.00	37.00	47.00	40.00	27.00	69.00	0.00	33.00	38.00	42.00	0.00	55.00	82.00	40.00
	3217.09	0.00	35.00	24.00	41.00	38.00	47.00	40.00	27.00	69.00	0.00	33.00	36.00	42.00	0.00	55.00	82.00	42.00
	3217.10	0.00	35.00	25.00	42.00	37.00	47.00	40.00	27.00	70.00	0.00	33.00	36.00	42.00	0.00	55.00	82.00	41.00
	3217.11	0.00	35.00	24.00	42.00	39.00	47.00	41.00	27.00	70.00	0.00	33.00	38.00	42.00	0.00	55.00	82.00	41.00
	3217.12	0.00	35.00	24.00	41.00	39.00	47.00	41.00	27.00	71.00	0.00	33.00	37.00	42.00	0.00	55.00	82.00	42.00
	3217.13	0.00	35.00	24.00	41.00	39.00	47.00	40.00	27.00	70.00	0.00	33.00	36.00	42.00	0.00	55.00	82.00	42.00
	3217.14	0.00	35.00	24.00	42.00	38.00	47.00	40.00	27.00	72.00	0.00	33.00	38.00	42.00	0.00	55.00	82.00	42.00
	3217.14	0.00	35.00	25.00	42.00	38.00	47.00	40.00	27.00	71.00	0.00	33.00	38.00	42.00	0.00	55.00	82.00	41.00
	3217.16	0.00	35.00	25.00	41.00	38.00	47.00	41.00	27.00	71.00	0.00	33.00	36.00	42.00	0.00	55.00	82.00	42.00
	3217.16	0.00	35.00	24.00	42.00	38.00	47.00	40.00	27.00	71.00	0.00	33.00	36.00	42.00	0.00	55.00	82.00	42.00
	3217.17	0.00	35.00	25.00	41.00	38.00	47.00	40.00	27.00	72.00	0.00	33.00	36.00	42.00	0.00	55.00	81.00	42.00
	3217.18	0.00	35.00	25.00	41.00	38.00	47.00	41.00	27.00	72.00	0.00	33.00	38.00	42.00	0.00	55.00	82.00	42.00
	3217.19	0.00	35.00	25.00	41.00	38.00	47.00	40.00	27.00	73.00	0.00	33.00	36.00	42.00	0.00	55.00	82.00	42.00
	3217.20	0.00	35.00	24.00	41.00	39.00	47.00	39.00	27.00	73.00	0.00	33.00	36.00	42.00	0.00	55.00	81.00	42.00
	3217.21	0.00	35.00	25.00	42.00	39.00	46.00	41.00	27.00	73.00	0.00	33.00	38.00	42.00	0.00	55.00	83.00	41.00
	3217.22	0.00	35.00	25.00	41.00	39.00	47.00	40.00	27.00	73.00	0.00	33.00	38.00	42.00	0.00	54.00	83.00	42.00
	3217.23	0.00	35.00	25.00	41.00	39.00	47.00	40.00	27.00	73.00	0.00	33.00	38.00	42.00	0.00	55.00	83.00	42.00
	3217.24	0.00	35.00	25.00	42.00	39.00	46.00	40.00	27.00	73.00	0.00	33.00	36.00	42.00	0.00	55.00	83.00	42.00
	3217.25	0.00	35.00	22.00	41.00	39.00	47.00	41.00	27.00	73.00	0.00	33.00	36.00	42.00	0.00	55.00	83.00	42.00
	3217.26	0.00	35.00	24.00	41.00	38.00	47.00	40.00	27.00	74.00	0.00	33.00	36.00	42.00	0.00	55.00	82.00	42.00
	3217.27	0.00	35.00	25.00	41.00	38.00	47.00	40.00	27.00	74.00	0.00	33.00	37.00	42.00	0.00	55.00	82.00	42.00
	3217.28	0.00	35.00	25.00	41.00	38.00	47.00	41.00	27.00	74.00	0.00	33.00	38.00	42.00	0.00	55.00	83.00	42.00
	3217.29	0.00	35.00	25.00	41.00	38.00	47.00	40.00	27.00	75.00	0.00	33.00	38.00	42.00	0.00	55.00	83.00	42.00
	3217.30	0.00	35.00	24.00	41.00	38.00	47.00	40.00	27.00	75.00	0.00	33.00	38.00	42.00	0.00	54.00	83.00	42.00
	3217.31	0.00	35.00	25.00	42.00	37.00	47.00	40.00	27.00	75.00	0.00	33.00	37.00	42.00	0.00	54.00	83.00	40.00
	3217.32	0.00	35.00	24.00	41.00	38.00	46.00	41.00	27.00	77.00	0.00	33.00	37.00	42.00	0.00	54.00	82.00	42.00
	3217.33	0.00	35.00	18.00	41.00	38.00	47.00	40.00	27.00	78.00	0.00	33.00	35.00	42.00	0.00	54.00	81.00	42.00
	3217.34	0.00	35.00	23.00	42.00	38.00	46.00	40.00	27.00	79.00	0.00	33.00	37.00	42.00	0.00	54.00	75.00	42.00
	3217.35	0.00	35.00	24.00	41.00	38.00	47.00	41.00	27.00	80.00	0.00	33.00	36.00	42.00	0.00	54.00	77.00	42.00
	3217.35	0.00	35.00	25.00	41.00	38.00	46.00	40.00	27.00	80.00	0.00	33.00	37.00	42.00	0.00	54.00	77.00	42.00
	3217.36	0.00	35.00	18.00	41.00	39.00	47.00	39.00	27.00	81.00	0.00	33.00	37.00	42.00	0.00	54.00	76.00	42.00
	3217.37	0.00	35.00	22.00	41.00	38.00	47.00	41.00	27.00	79.00	0.00	33.00	37.00	42.00	0.00	54.00	77.00	42.00
	3217.38	0.00	35.00	21.00	41.00	38.00	47.00	40.00	27.00	80.00	0.00	33.00	37.00	42.00	0.00	54.00	77.00	42.00
	3217.39	0.00	35.00	21.00	41.00	38.00	47.00	40.00	27.00	78.00	0.00	33.00	37.00	42.00	0.00	54.00	77.00	42.00
	3217.40	0.00	35.00	21.00	41.00	38.00	47.00	40.00	27.00	73.00	0.00	33.00	37.00	42.00	0.00	54.00	77.00	43.00
	3217.41	0.00	35.00	21.00	41.00	38.00	47.00	40.00	27.00	74.00	0.00	33.00	37.00	40.00	0.00	54.00	77.00	41.00
	3217.42	0.00	35.00	23.00	41.00	37.00	47.00	40.00	26.00	72.00	0.00	33.00	35.00	42.00	0.00	54.00	75.00	43.00
	3217.43	0.00	35.00	23.00	41.00	38.00	46.00	40.00	25.00	72.00	0.00	33.00	35.00	42.00	0.00	54.00	76.00	42.00
	3217.44	0.00	35.00	21.00	41.00	38.00	47.00	41.00	25.00	71.00	0.00	33.00	37.00	42.00	0.00	54.00	76.00	43.00
	3217.45	0.00	35.00	21.00	41.00	38.00	46.00	40.00	25.00	70.00	0.00	33.00	35.00	42.00	0.00	54.00	76.00	43.00
	3217.46	0.00	35.00	21.00	41.00	38.00	44.00	40.00	25.00	69.00	0.00	34.00	35.00	42.00	0.00	54.00	76.00	43.00
	3217.47	0.00	35.00	24.00	41.00	38.00	44.00	40.00	25.00	69.00	0.00	33.00	37.00	42.00	0.00	54.00	76.00	42.00
	3217.48	0.00	35.00	24.00	42.00	38.00	44.00	40.00	25.00	70.00	0.00	33.00	35.00	42.00	0.00	54.00	76.00	43.00
	3217.49	0.00	35.00	24.00	41.00	38.00	44.00	40.00	25.00	70.00	0.00	33.00	35.00	42.00	0.00	54.00	76.00	43.00
	3217.50	0.00	35.00	21.00	41.00	38.00	44.00	40.00	25.00	70.00	0.00	33.00	37.00	42.00	0.00	54.00	74.00	43.00
	3217.51	0.00	35.00	20.00	41.00	37.00	44.00	40.00	25.00	70.00	0.00	33.00	35.00	42.00	0.00	54.00	76.00	41.00
	3217.52	0.00	35.00	24.00	41.00	38.00	44.00	40.00	25.00	70.00	0.00	33.00	37.00	42.00	0.00	54.00	75.00	43.00
	3217.53	0.00	35.00	23.00	41.00	38.00	44.00	39.00	25.00	69.00	0.00	33.00	37.00	42.00	0.00	54.00	74.00	43.00
	3217.54	0.00	35.00	24.00	41.00	38.00	44.00	41.00	25.00	69.00	0.00	33.00	37.00	42.00	0.00	54.00	75.00	43.00
	3217.55	0.00	35.00	26.00	41.00	38.00	44.00	40.00	25.00	69.00	0.00	33.00	35.00	42.00	0.00	53.00	76.00	43.00
	3217.55	0.00	34.00	24.00	41.00	38.00	44.00	40.00	25.00	70.00	0.00	33.00	37.00	42.00	0.00	54.00	74.00	43.00
	3217.56	0.00	35.00	25.00	41.00	38.00	44.00	40.00	25.00	69.00	0.00	33.00	37.00	42.00	0.00	54.00	76.00	43.00
	3217.57	0.00	35.00	25.00	42.00	38.00	44.00	41.00	25.00	70.00	0.00	33.00	37.00	41.00	0.00	54.00	76.00	42.00
	3217.58	0.00	35.00	25.00	41.00	38.00	44.00	40.00	25.00	69.00	0.00	33.00	35.00	42.00	0.00	54.00	76.00	43.00
	3217.59	0.00	35.00	25.00	41.00	38.00	44.00	40.00	25.00	67.00	0.00	33.00	35.00	42.00	0.00	54.00	76.00	43.00
	3217.60	0.00	35.00	26.00	42.00	38.00	44.00	40.00	25.00	65.00	0.00	33.00	37.00	42.00	0.00	54.00	76.00	41.00
	3217.61	0.00	35.00	25.00	42.00	36.00	44.00	40.00	25.00	64.00	0.00	33.00	35.00	42.00	0.00	54.00	76.00	41.00
	3217.62	0.00	35.00	25.00	41.00	38.00	44.00	40.00	25.00	63.00	0.00	33.00	37.00	42.00	0.00	54.00	76.00	43.00
	3217.63	0.00	35.00	25.00	41.00	38.00	44.00	40.00	25.00	66.00	0.00	33.00	35.00	42.00	0.00	54.00	74.00	41.00
	3217.64	0.00	35.00	25.00	41.00	38.00	44.00	40.00	25.00	70.00	0.00	33.00	37.00	42.00	0.00	54.00	76.00	43.00
	3217.65	0.00	35.00	26.00	41.00	38.00	46.00	40.00	25.00	69.00	0.00	34.00	37.00	42.00	0.00	54.00	76.00	43.00
	3217.66	0.00	35.00	24.00	41.00	38.00	44.00	42.00	25.00	69.00	0.00	33.00	37.00	42.00	0.00	54.00	74.00	43.00
	3217.67	0.00	35.00	23.00	41.00	39.00	46.00	43.00	25.00	70.00	0.00	33.00	35.00	42.00	0.00	54.00	76.00	42.00
	3217.68	0.00	35.00	23.00	41.00	39.00	46.00	42.00	25.00	69.00	0.00	33.00	35.00	42.00	0.00	54.00	75.00	42.00
	3217.69	0.00	35.00	25.00	41.00	41.00	46.00	39.00	25.00	69.00	0.00	33.00	37.00	42.00	0.00	54.00	74.00	42.00
	3217.70	0.00	35.00	26.00	42.00	41.00	46.00	40.00	25.00	68.00	0.00	33.00	35.00	42.00	0.00	54.00	75.00	42.00
	3217.71	0.00	35.00	26.00	42.00	42.00	46.00	40.00	25.00	68.00	0.00	33.00	35.00	42.00	0.00	53.00	75.00	41.00
	3217.72	0.00	35.00	26.00	42.00	42.00	47.00	40.00	25.00	67.00	0.00	33.00	37.00	42.00	0.00	54.00	75.00	42.00
	3217.73	0.00	35.00	25.00	42.00	42.00	47.00	40.00	25.00	66.00	0.00	33.00	37.00	42.00	0.00	54.00	75.00	42.00
	3217.74	0.00	35.00	24.00	41.00	42.00	47.00	41.00	25.00	66.00	0.00	33.00	37.00	42.00	0.00	54.00	75.00	42.00
	3217.75	0.00	35.00	25.00	42.00	42.00	46.00	40.00	25.00	66.00	0.00	33.00	37.00	42.00	0.00	54.00	75.00	42.00
	3217.75	0.00	35.00	25.00	41.00	42.00	46.00	40.00	25.00	66.00	0.00	33.00	35.00	42.00	0.00	54.00	75.00	42.00
	3217.76	0.00	35.00	24.00	43.00	41.00	46.00	40.00	25.00	66.00	0.00	34.00	37.00	42.00	0.00	54.00	76.00	42.00
	3217.77	0.00	35.00	24.00	41.00	41.00	46.00	42.00	25.00	63.00	0.00	33.00	36.00	42.00	0.00	54.00	76.00	42.00
	3217.78	0.00	35.00	25.00	41.00	40.00	46.00	42.00	26.00	58.00	0.00	33.00	37.00	42.00	0.00	54.00	76.00	42.00
	3217.79	0.00	35.00	25.00	41.00	40.00	46.00	42.00	25.00	57.00	0.00	34.00	37.00	42.00	0.00	54.00	74.00	40.00
	3217.80	0.00	35.00	25.00	43.00	39.00	46.00	42.00	25.00	56.00	0.00	33.00	36.00	42.00	0.00	54.00	76.00	41.00
	3217.81	0.00	35.00	24.00	42.00	37.00	46.00	42.00	25.00	55.00	0.00	34.00	37.00	42.00	0.00	54.00	76.00	41.00
	3217.82	0.00	35.00	25.00	41.00	39.00	46.00	42.00	25.00	54.00	0.00	33.00	37.00	42.00	0.00	54.00	75.00	42.00
	3217.83	0.00	35.00	24.00	43.00	39.00	46.00	42.00	26.00	52.00	0.00	33.00	37.00	42.00	0.00	54.00	76.00	41.00
	3217.84	0.00	35.00	24.00	41.00	39.00	46.00	42.00	25.00	50.00	0.00	33.00	35.00	42.00	0.00	54.00	76.00	42.00
	3217.85	0.00	35.00	24.00	41.00	39.00	46.00	42.00	25.00	51.00	0.00	33.00	36.00	42.00	0.00	54.00	76.00	42.00
	3217.86	0.00	35.00	25.00	43.00	39.00	46.00	42.00	25.00	50.00	0.00	33.00	37.00	42.00	0.00	54.00	76.00	41.00
	3217.87	0.00	35.00	25.00	41.00	39.00	46.00	43.00	25.00	52.00	0.00	34.00	35.00	42.00	0.00	54.00	76.00	42.00
	3217.88	0.00	35.00	24.00	41.00	39.00	46.00	42.00	25.00	51.00	0.00	33.00	35.00	42.00	0.00	54.00	75.00	42.00
	3217.89	0.00	35.00	25.00	43.00	37.00	46.00	42.00	25.00	51.00	0.00	34.00	35.00	42.00	0.00	54.00	76.00	41.00
	3217.90	0.00	35.00	24.00	42.00	38.00	46.00	42.00	25.00	51.00	0.00	33.00	37.00	41.00	0.00	54.00	76.00	42.00
	3217.91	0.00	35.00	25.00	42.00	38.00	46.00	42.00	25.00	51.00	0.00	34.00	35.00	42.00	0.00	54.00	76.00	41.00
	3217.92	0.00	35.00	25.00	41.00	39.00	46.00	42.00	25.00	49.00	0.00	33.00	37.00	42.00	0.00	54.00	76.00	42.00
	3217.93	0.00	35.00	24.00	41.00	40.00	46.00	42.00	25.00	51.00	0.00	33.00	37.00	42.00	0.00	54.00	76.00	42.00
	3217.94	0.00	35.00	24.00	42.00	39.00	46.00	42.00	26.00	52.00	0.00	33.00	35.00	42.00	0.00	54.00	76.00	42.00
	3217.94	0.00	35.00	24.00	41.00	40.00	46.00	42.00	26.00	53.00	0.00	33.00	37.00	42.00	0.00	54.00	76.00	42.00
	3217.95	0.00	35.00	25.00	41.00	39.00	46.00	43.00	25.00	54.00	0.00	34.00	37.00	42.00	0.00	54.00	75.00	40.00
	3217.96	0.00	35.00	25.00	41.00	39.00	46.00	43.00	25.00	54.00	0.00	34.00	35.00	42.00	0.00	54.00	77.00	42.00
	3217.97	0.00	35.00	24.00	41.00	39.00	46.00	43.00	25.00	54.00	0.00	34.00	37.00	42.00	0.00	54.00	77.00	42.00
	3217.98	0.00	35.00	25.00	41.00	40.00	46.00	42.00	26.00	54.00	0.00	34.00	35.00	42.00	0.00	54.00	76.00	42.00
	3217.99	0.00	35.00	24.00	42.00	40.00	46.00	44.00	26.00	54.00	0.00	33.00	37.00	42.00	0.00	54.00	81.00	42.00
	3218.00	0.00	35.00	23.00	43.00	39.00	47.00	42.00	26.00	55.00	0.00	34.00	37.00	42.00	0.00	54.00	81.00	41.00
	3218.01	0.00	35.00	23.00	42.00	40.00	46.00	42.00	25.00	54.00	0.00	33.00	35.00	42.00	0.00	54.00	81.00	41.00
	3218.02	0.00	35.00	24.00	42.00	40.00	46.00	44.00	25.00	55.00	0.00	33.00	36.00	42.00	0.00	54.00	81.00	42.00
	3218.03	0.00	35.00	24.00	42.00	39.00	46.00	44.00	25.00	54.00	0.00	33.00	37.00	42.00	0.00	54.00	82.00	42.00
	3218.04	0.00	35.00	24.00	42.00	37.00	46.00	43.00	25.00	56.00	0.00	34.00	36.00	42.00	0.00	54.00	82.00	41.00
	3218.05	0.00	35.00	23.00	42.00	38.00	46.00	43.00	24.00	56.00	0.00	34.00	37.00	42.00	0.00	54.00	82.00	42.00
	3218.06	0.00	35.00	24.00	41.00	39.00	46.00	44.00	26.00	56.00	0.00	33.00	37.00	42.00	0.00	54.00	83.00	42.00
	3218.07	0.00	35.00	25.00	42.00	37.00	46.00	42.00	26.00	58.00	0.00	34.00	36.00	42.00	0.00	54.00	82.00	41.00
	3218.08	0.00	35.00	25.00	42.00	37.00	46.00	43.00	25.00	56.00	0.00	34.00	38.00	42.00	0.00	54.00	82.00	41.00
	3218.09	0.00	35.00	23.00	41.00	38.00	46.00	43.00	25.00	57.00	0.00	34.00	36.00	42.00	0.00	54.00	83.00	40.00
	3218.10	0.00	35.00	24.00	42.00	37.00	46.00	42.00	25.00	57.00	0.00	34.00	37.00	42.00	0.00	53.00	83.00	41.00
	3218.11	0.00	35.00	23.00	42.00	37.00	46.00	42.00	25.00	58.00	0.00	34.00	37.00	42.00	0.00	54.00	83.00	41.00
	3218.12	0.00	35.00	24.00	42.00	39.00	46.00	42.00	25.00	57.00	0.00	34.00	38.00	42.00	0.00	54.00	83.00	42.00
	3218.13	0.00	35.00	23.00	42.00	38.00	46.00	43.00	25.00	58.00	0.00	34.00	36.00	42.00	0.00	54.00	83.00	43.00
	3218.14	0.00	35.00	25.00	42.00	39.00	46.00	42.00	26.00	57.00	0.00	34.00	38.00	42.00	0.00	54.00	84.00	43.00
	3218.14	0.00	35.00	25.00	42.00	38.00	46.00	43.00	26.00	56.00	0.00	34.00	38.00	42.00	0.00	54.00	83.00	43.00
	3218.15	0.00	35.00	24.00	43.00	38.00	46.00	43.00	25.00	56.00	0.00	34.00	36.00	42.00	0.00	54.00	83.00	41.00
	3218.16	0.00	35.00	24.00	41.00	38.00	46.00	42.00	26.00	54.00	0.00	34.00	36.00	42.00	0.00	54.00	84.00	43.00
	3218.17	0.00	35.00	25.00	42.00	38.00	46.00	43.00	25.00	52.00	0.00	34.00	36.00	42.00	0.00	54.00	84.00	43.00
	3218.18	0.00	35.00	24.00	42.00	38.00	46.00	42.00	25.00	49.00	0.00	34.00	38.00	42.00	0.00	54.00	84.00	43.00
	3218.19	0.00	35.00	24.00	43.00	38.00	46.00	42.00	26.00	49.00	0.00	34.00	36.00	42.00	0.00	54.00	84.00	43.00
	3218.20	0.00	35.00	24.00	41.00	38.00	46.00	43.00	25.00	46.00	0.00	34.00	36.00	42.00	0.00	54.00	84.00	43.00
	3218.21	0.00	35.00	24.00	42.00	39.00	46.00	44.00	26.00	34.00	0.00	34.00	35.00	42.00	0.00	54.00	84.00	43.00
	3218.22	0.00	35.00	25.00	41.00	38.00	46.00	43.00	26.00	31.00	0.00	34.00	38.00	42.00	0.00	54.00	84.00	43.00
	3218.23	0.00	35.00	25.00	42.00	38.00	46.00	42.00	26.00	30.00	0.00	34.00	38.00	42.00	0.00	54.00	84.00	43.00
	3218.24	0.00	35.00	24.00	42.00	38.00	46.00	43.00	26.00	26.00	0.00	33.00	36.00	42.00	0.00	54.00	82.00	41.00
	3218.25	0.00	35.00	22.00	43.00	38.00	46.00	43.00	26.00	27.00	0.00	34.00	38.00	42.00	0.00	54.00	84.00	41.00
	3218.26	0.00	35.00	23.00	41.00	39.00	47.00	43.00	26.00	26.00	0.00	34.00	36.00	42.00	0.00	54.00	84.00	41.00
	3218.27	0.00	35.00	26.00	42.00	39.00	46.00	42.00	26.00	20.00	0.00	34.00	38.00	42.00	0.00	54.00	82.00	41.00
	3218.28	0.00	35.00	23.00	42.00	38.00	46.00	42.00	26.00	19.00	0.00	34.00	38.00	42.00	0.00	54.00	83.00	41.00
	3218.29	0.00	35.00	22.00	42.00	39.00	46.00	42.00	26.00	16.00	0.00	34.00	37.00	42.00	0.00	54.00	84.00	43.00
	3218.30	0.00	35.00	25.00	41.00	38.00	46.00	42.00	26.00	17.00	0.00	34.00	38.00	42.00	0.00	54.00	83.00	41.00
	3218.31	0.00	35.00	24.00	42.00	37.00	46.00	42.00	26.00	17.00	0.00	34.00	36.00	42.00	0.00	54.00	83.00	42.00
	3218.32	0.00	34.00	24.00	42.00	39.00	46.00	44.00	26.00	15.00	0.00	34.00	38.00	40.00	0.00	54.00	84.00	41.00
	3218.33	0.00	34.00	24.00	42.00	38.00	46.00	43.00	26.00	15.00	0.00	34.00	38.00	42.00	0.00	54.00	84.00	41.00
	3218.33	0.00	34.00	24.00	42.00	38.00	46.00	43.00	26.00	15.00	0.00	34.00	37.00	42.00	0.00	54.00	82.00	41.00
	3218.34	0.00	34.00	24.00	43.00	38.00	46.00	43.00	26.00	15.00	0.00	34.00	38.00	42.00	0.00	55.00	84.00	41.00
	3218.35	0.00	34.00	24.00	43.00	38.00	46.00	43.00	26.00	14.00	0.00	34.00	38.00	42.00	0.00	55.00	84.00	42.00
	3218.36	0.00	34.00	23.00	42.00	38.00	46.00	43.00	26.00	16.00	0.00	33.00	38.00	42.00	0.00	55.00	84.00	43.00
	3218.37	0.00	34.00	24.00	43.00	38.00	46.00	43.00	26.00	15.00	0.00	34.00	38.00	42.00	0.00	55.00	84.00	41.00
	3218.38	0.00	34.00	24.00	42.00	38.00	46.00	43.00	26.00	15.00	0.00	34.00	36.00	42.00	0.00	54.00	82.00	41.00
	3218.39	0.00	34.00	24.00	43.00	38.00	46.00	44.00	26.00	16.00	0.00	34.00	36.00	42.00	0.00	55.00	84.00	41.00
	3218.40	0.00	34.00	24.00	41.00	38.00	46.00	43.00	26.00	15.00	0.00	34.00	36.00	42.00	0.00	55.00	82.00	41.00
	3218.41	0.00	34.00	22.00	42.00	39.00	46.00	44.00	26.00	15.00	0.00	34.00	36.00	41.00	0.00	55.00	84.00	43.00
	3218.42	0.00	34.00	24.00	42.00	38.00	46.00	42.00	26.00	16.00	0.00	34.00	38.00	42.00	0.00	55.00	82.00	41.00
	3218.43	0.00	34.00	24.00	42.00	39.00	46.00	43.00	26.00	15.00	0.00	34.00	36.00	42.00	0.00	54.00	83.00	41.00
	3218.44	0.00	34.00	24.00	43.00	39.00	46.00	42.00	26.00	15.00	0.00	34.00	38.00	42.00	0.00	54.00	84.00	41.00
	3218.45	0.00	34.00	24.00	43.00	37.00	46.00	43.00	26.00	15.00	0.00	34.00	36.00	42.00	0.00	55.00	84.00	41.00
	3218.46	0.00	34.00	24.00	41.00	39.00	46.00	43.00	26.00	16.00	0.00	34.00	38.00	42.00	0.00	55.00	82.00	41.00
	3218.47	0.00	34.00	24.00	43.00	39.00	46.00	42.00	26.00	15.00	0.00	34.00	37.00	42.00	0.00	55.00	84.00	41.00
	3218.48	0.00	34.00	25.00	43.00	37.00	46.00	42.00	26.00	15.00	0.00	34.00	36.00	42.00	0.00	55.00	82.00	41.00
	3218.49	0.00	34.00	24.00	43.00	38.00	46.00	44.00	26.00	16.00	0.00	34.00	36.00	40.00	0.00	55.00	84.00	42.00
	3218.50	0.00	34.00	24.00	42.00	38.00	46.00	42.00	26.00	16.00	0.00	34.00	36.00	42.00	0.00	55.00	82.00	41.00
	3218.51	0.00	34.00	24.00	42.00	36.00	46.00	43.00	26.00	16.00	0.00	34.00	37.00	42.00	0.00	55.00	80.00	41.00
	3218.52	0.00	34.00	24.00	42.00	39.00	46.00	43.00	26.00	15.00	0.00	34.00	36.00	42.00	0.00	54.00	77.00	41.00
	3218.53	0.00	34.00	24.00	42.00	38.00	46.00	43.00	26.00	16.00	0.00	34.00	38.00	42.00	0.00	55.00	76.00	41.00
	3218.54	0.00	34.00	23.00	42.00	38.00	46.00	43.00	26.00	16.00	0.00	34.00	36.00	42.00	0.00	55.00	77.00	41.00
	3218.54	0.00	34.00	24.00	42.00	38.00	46.00	42.00	26.00	16.00	0.00	34.00	38.00	42.00	0.00	55.00	77.00	43.00
	3218.55	0.00	34.00	25.00	42.00	38.00	46.00	43.00	26.00	16.00	0.00	34.00	38.00	42.00	0.00	55.00	77.00	42.00
	3218.56	0.00	34.00	25.00	43.00	38.00	46.00	44.00	26.00	16.00	0.00	34.00	37.00	42.00	0.00	55.00	77.00	42.00
	3218.57	0.00	34.00	24.00	42.00	37.00	46.00	42.00	26.00	16.00	0.00	33.00	38.00	42.00	0.00	55.00	77.00	43.00
	3218.58	0.00	34.00	24.00	42.00	38.00	46.00	43.00	26.00	17.00	0.00	34.00	37.00	42.00	0.00	54.00	77.00	43.00
	3218.59	0.00	34.00	24.00	41.00	37.00	46.00	43.00	26.00	20.00	0.00	34.00	37.00	42.00	0.00	54.00	76.00	43.00
	3218.60	0.00	34.00	23.00	43.00	37.00	46.00	43.00	26.00	24.00	0.00	34.00	37.00	42.00	0.00	54.00	76.00	42.00
	3218.61	0.00	34.00	25.00	42.00	36.00	46.00	40.00	26.00	24.00	0.00	34.00	37.00	42.00	0.00	54.00	76.00	41.00
	3218.62	0.00	34.00	23.00	42.00	37.00	46.00	40.00	26.00	26.00	0.00	34.00	37.00	42.00	0.00	54.00	75.00	43.00
	3218.63	0.00	34.00	24.00	41.00	36.00	46.00	41.00	26.00	26.00	0.00	34.00	37.00	42.00	0.00	54.00	74.00	41.00
	3218.64	0.00	34.00	26.00	42.00	36.00	44.00	40.00	26.00	28.00	0.00	34.00	37.00	42.00	0.00	54.00	73.00	41.00
	3218.65	0.00	34.00	25.00	42.00	35.00	43.00	40.00	26.00	29.00	0.00	34.00	37.00	42.00	0.00	54.00	75.00	43.00
	3218.66	0.00	34.00	24.00	43.00	36.00	43.00	40.00	26.00	28.00	0.00	34.00	36.00	42.00	0.00	54.00	75.00	42.00
	3218.67	0.00	34.00	24.00	42.00	36.00	44.00	40.00	25.00	31.00	0.00	34.00	36.00	42.00	0.00	54.00	75.00	43.00
	3218.68	0.00	34.00	24.00	42.00	37.00	44.00	40.00	26.00	41.00	0.00	34.00	33.00	42.00	0.00	54.00	75.00	43.00
	3218.69	0.00	34.00	24.00	41.00	36.00	44.00	40.00	26.00	47.00	0.00	34.00	35.00	42.00	0.00	54.00	75.00	43.00
	3218.70	0.00	34.00	25.00	43.00	36.00	44.00	40.00	26.00	48.00	0.00	34.00	35.00	42.00	0.00	54.00	74.00	41.00
	3218.71	0.00	34.00	25.00	42.00	37.00	44.00	41.00	25.00	49.00	0.00	34.00	35.00	42.00	0.00	54.00	74.00	43.00
	3218.72	0.00	34.00	24.00	42.00	37.00	44.00	40.00	25.00	51.00	0.00	34.00	33.00	42.00	0.00	54.00	72.00	43.00
	3218.73	0.00	34.00	24.00	42.00	37.00	44.00	40.00	25.00	51.00	0.00	34.00	33.00	42.00	0.00	54.00	74.00	44.00
	3218.74	0.00	34.00	24.00	42.00	37.00	43.00	40.00	25.00	57.00	0.00	34.00	33.00	42.00	0.00	53.00	69.00	43.00
	3218.75	0.00	34.00	25.00	42.00	39.00	44.00	40.00	25.00	64.00	0.00	34.00	35.00	41.00	0.00	54.00	70.00	43.00
	3218.75	0.00	34.00	25.00	42.00	39.00	46.00	40.00	25.00	71.00	0.00	34.00	35.00	41.00	0.00	54.00	70.00	43.00
	3218.76	0.00	34.00	24.00	43.00	38.00	46.00	41.00	25.00	78.00	0.00	34.00	33.00	41.00	0.00	54.00	69.00	42.00
	3218.77	0.00	34.00	25.00	42.00	37.00	46.00	40.00	25.00	85.00	0.00	34.00	34.00	41.00	0.00	54.00	68.00	43.00
	3218.78	0.00	34.00	25.00	42.00	37.00	46.00	40.00	26.00	92.00	0.00	34.00	34.00	41.00	0.00	53.00	65.00	42.00
	3218.79	0.00	34.00	25.00	43.00	38.00	46.00	40.00	25.00	98.00	0.00	34.00	34.00	41.00	0.00	53.00	67.00	43.00
	3218.80	0.00	34.00	25.00	43.00	38.00	46.00	40.00	25.00	105.00	0.00	34.00	34.00	41.00	0.00	54.00	64.00	41.00
	3218.81	0.00	34.00	24.00	43.00	38.00	46.00	41.00	25.00	106.00	0.00	34.00	32.00	41.00	0.00	53.00	62.00	42.00
	3218.82	0.00	34.00	25.00	42.00	38.00	46.00	41.00	25.00	109.00	0.00	34.00	34.00	40.00	0.00	53.00	62.00	41.00
	3218.83	0.00	33.00	25.00	42.00	37.00	46.00	40.00	25.00	110.00	0.00	34.00	33.00	39.00	0.00	54.00	62.00	42.00
	3218.84	0.00	34.00	23.00	43.00	39.00	46.00	40.00	25.00	115.00	0.00	33.00	35.00	41.00	0.00	53.00	62.00	42.00
	3218.85	0.00	33.00	22.00	43.00	39.00	47.00	42.00	25.00	117.00	0.00	34.00	33.00	39.00	0.00	54.00	62.00	41.00
	3218.86	0.00	33.00	25.00	43.00	39.00	47.00	42.00	25.00	121.00	0.00	33.00	33.00	41.00	0.00	54.00	62.00	42.00
	3218.87	0.00	33.00	24.00	43.00	39.00	47.00	42.00	24.00	122.00	0.00	33.00	33.00	41.00	0.00	53.00	62.00	42.00
	3218.88	0.00	34.00	24.00	43.00	39.00	47.00	42.00	25.00	126.00	0.00	35.00	35.00	40.00	0.00	54.00	62.00	41.00
	3218.89	0.00	33.00	17.00	43.00	39.00	47.00	40.00	25.00	127.00	0.00	35.00	34.00	41.00	0.00	53.00	62.00	42.00
	3218.90	0.00	34.00	22.00	43.00	40.00	47.00	40.00	25.00	125.00	0.00	35.00	34.00	41.00	0.00	53.00	62.00	41.00
	3218.91	0.00	35.00	25.00	44.00	40.00	47.00	40.00	24.00	131.00	0.00	35.00	32.00	41.00	0.00	53.00	63.00	42.00
	3218.92	0.00	33.00	25.00	43.00	40.00	47.00	40.00	24.00	131.00	0.00	33.00	34.00	41.00	0.00	53.00	63.00	43.00
	3218.93	0.00	33.00	22.00	43.00	40.00	47.00	41.00	24.00	135.00	0.00	34.00	34.00	41.00	0.00	53.00	63.00	43.00
	3218.94	0.00	33.00	19.00	43.00	40.00	47.00	40.00	24.00	132.00	0.00	35.00	34.00	41.00	0.00	53.00	63.00	43.00
	3218.95	0.00	33.00	18.00	43.00	40.00	47.00	40.00	24.00	139.00	0.00	34.00	33.00	40.00	0.00	53.00	63.00	44.00
	3218.96	0.00	33.00	20.00	43.00	38.00	47.00	41.00	24.00	141.00	0.00	35.00	33.00	39.00	0.00	53.00	63.00	42.00
	3218.96	0.00	35.00	23.00	43.00	37.00	47.00	42.00	24.00	152.00	0.00	35.00	33.00	39.00	0.00	53.00	63.00	44.00
	3218.97	0.00	35.00	18.00	43.00	37.00	48.00	41.00	24.00	158.00	0.00	34.00	31.00	41.00	0.00	53.00	63.00	44.00
	3218.98	0.00	35.00	23.00	42.00	49.00	48.00	42.00	24.00	158.00	0.00	35.00	32.00	41.00	0.00	53.00	62.00	44.00
	3218.99	0.00	35.00	20.00	43.00	61.00	50.00	42.00	24.00	168.00	0.00	36.00	31.00	39.00	0.00	54.00	62.00	44.00
	3219.00	0.00	36.00	26.00	43.00	75.00	51.00	42.00	24.00	171.00	0.00	36.00	29.00	40.00	0.00	54.00	60.00	44.00
	3219.01	0.00	36.00	27.00	42.00	83.00	53.00	42.00	23.00	181.00	0.00	36.00	28.00	41.00	0.00	54.00	61.00	44.00
	3219.02	0.00	36.00	27.00	42.00	91.00	54.00	43.00	24.00	187.00	0.00	35.00	28.00	40.00	0.00	54.00	60.00	44.00
	3219.03	0.00	36.00	28.00	42.00	99.00	57.00	43.00	25.00	192.00	0.00	35.00	25.00	40.00	0.00	53.00	60.00	44.00
	3219.04	0.00	36.00	29.00	45.00	111.00	63.00	43.00	24.00	198.00	0.00	36.00	27.00	39.00	0.00	53.00	58.00	42.00
	3219.05	0.00	36.00	27.00	40.00	116.00	69.00	44.00	26.00	201.00	0.00	36.00	26.00	40.00	0.00	53.00	56.00	44.00
	3219.06	0.00	36.00	24.00	43.00	124.00	76.00	44.00	26.00	207.00	0.00	36.00	24.00	40.00	0.00	53.00	54.00	44.00
	3219.07	0.00	36.00	26.00	44.00	134.00	84.00	45.00	26.00	216.00	0.00	35.00	25.00	40.00	0.00	53.00	54.00	42.00
	3219.08	0.00	37.00	26.00	45.00	143.00	89.00	44.00	25.00	220.00	0.00	35.00	26.00	40.00	0.00	51.00	54.00	42.00
	3219.09	0.00	37.00	28.00	43.00	154.00	101.00	45.00	26.00	227.00	0.00	34.00	24.00	40.00	0.00	50.00	53.00	41.00
	3219.10	0.00	37.00	28.00	43.00	159.00	116.00	43.00	26.00	234.00	0.00	34.00	25.00	40.00	0.00	49.00	53.00	39.00
	3219.11	0.00	37.00	28.00	46.00	167.00	123.00	44.00	26.00	242.00	0.00	34.00	27.00	39.00	0.00	49.00	53.00	40.00
	3219.12	0.00	37.00	32.00	48.00	177.00	131.00	44.00	26.00	243.00	0.00	34.00	27.00	40.00	0.00	49.00	52.00	40.00
	3219.13	0.00	39.00	40.00	50.00	180.00	138.00	46.00	26.00	253.00	0.00	34.00	25.00	39.00	0.00	48.00	52.00	38.00
	3219.14	0.00	40.00	41.00	49.00	184.00	151.00	44.00	26.00	257.00	0.00	34.00	28.00	40.00	0.00	48.00	52.00	38.00
	3219.15	0.00	40.00	40.00	50.00	189.00	160.00	44.00	26.00	261.00	0.00	34.00	30.00	41.00	0.00	48.00	52.00	38.00
	3219.16	0.00	40.00	46.00	50.00	191.00	173.00	44.00	29.00	261.00	0.00	33.00	29.00	41.00	0.00	48.00	52.00	37.00
	3219.17	0.00	40.00	52.00	50.00	194.00	185.00	44.00	28.00	268.00	0.00	32.00	30.00	41.00	1.00	48.00	51.00	37.00
	3219.18	0.00	40.00	51.00	51.00	204.00	191.00	44.00	30.00	271.00	0.00	31.00	30.00	41.00	2.00	48.00	49.00	36.00
	3219.19	0.00	39.00	55.00	50.00	209.00	199.00	44.00	30.00	277.00	0.00	31.00	31.00	41.00	1.00	48.00	50.00	36.00
	3219.20	0.00	40.00	60.00	50.00	215.00	208.00	45.00	30.00	278.00	0.00	30.00	32.00	41.00	1.00	48.00	49.00	36.00
	3219.21	0.00	40.00	65.00	49.00	216.00	216.00	44.00	30.00	279.00	0.00	31.00	32.00	41.00	0.00	47.00	48.00	37.00
	3219.22	0.00	40.00	73.00	49.00	219.00	224.00	44.00	30.00	282.00	0.00	31.00	33.00	41.00	0.00	47.00	48.00	36.00
	3219.22	0.00	40.00	76.00	49.00	221.00	229.00	44.00	30.00	284.00	0.00	31.00	33.00	41.00	0.00	47.00	48.00	36.00
	3219.23	0.00	40.00	79.00	49.00	224.00	237.00	45.00	31.00	287.00	0.00	31.00	34.00	41.00	0.00	47.00	48.00	36.00
	3219.25	0.00	41.00	82.00	49.00	221.00	246.00	45.00	33.00	289.00	0.00	32.00	36.00	42.00	0.00	47.00	48.00	36.00
	3219.25	0.00	40.00	88.00	50.00	223.00	253.00	46.00	35.00	293.00	0.00	32.00	36.00	40.00	2.00	47.00	48.00	34.00
	3219.26	0.00	40.00	89.00	50.00	222.00	256.00	45.00	35.00	296.00	0.00	31.00	34.00	42.00	1.00	48.00	48.00	34.00
	3219.27	0.00	41.00	91.00	50.00	224.00	259.00	46.00	35.00	296.00	0.00	31.00	34.00	42.00	0.00	47.00	48.00	31.00
	3219.28	0.00	41.00	93.00	49.00	234.00	265.00	45.00	35.00	299.00	0.00	29.00	34.00	42.00	0.00	47.00	48.00	29.00
	3219.29	0.00	41.00	92.00	49.00	235.00	263.00	45.00	36.00	301.00	0.00	29.00	33.00	42.00	0.00	48.00	50.00	30.00
	3219.30	0.00	41.00	92.00	49.00	235.00	264.00	45.00	35.00	302.00	0.00	29.00	36.00	41.00	0.00	48.00	49.00	30.00
	3219.31	0.00	41.00	94.00	49.00	235.00	264.00	46.00	35.00	301.00	0.00	29.00	36.00	41.00	0.00	48.00	48.00	32.00
	3219.32	0.00	41.00	96.00	50.00	227.00	265.00	46.00	36.00	303.00	0.00	28.00	34.00	41.00	0.00	48.00	45.00	31.00
	3219.33	0.00	41.00	97.00	50.00	232.00	269.00	45.00	35.00	304.00	0.00	28.00	34.00	41.00	0.00	47.00	44.00	31.00
	3219.34	0.00	40.00	97.00	50.00	232.00	268.00	46.00	35.00	304.00	0.00	28.00	34.00	41.00	0.00	47.00	44.00	31.00
	3219.35	0.00	39.00	99.00	50.00	232.00	268.00	46.00	35.00	302.00	0.00	27.00	34.00	41.00	0.00	45.00	45.00	33.00
	3219.36	0.00	39.00	98.00	50.00	233.00	266.00	46.00	34.00	302.00	0.00	27.00	33.00	41.00	0.00	46.00	45.00	32.00
	3219.37	0.00	39.00	101.00	50.00	231.00	264.00	46.00	35.00	301.00	0.00	27.00	33.00	40.00	0.00	45.00	43.00	32.00
	3219.38	0.00	39.00	101.00	50.00	231.00	262.00	45.00	36.00	302.00	0.00	27.00	32.00	38.00	0.00	46.00	44.00	32.00
	3219.39	0.00	39.00	100.00	49.00	228.00	259.00	46.00	34.00	302.00	0.00	27.00	34.00	40.00	0.00	46.00	45.00	32.00
	3219.40	0.00	39.00	96.00	50.00	227.00	255.00	46.00	36.00	301.00	0.00	27.00	32.00	39.00	0.00	46.00	43.00	33.00
	3219.41	0.00	39.00	94.00	50.00	226.00	250.00	46.00	36.00	301.00	0.00	27.00	32.00	39.00	0.00	46.00	44.00	33.00
	3219.42	0.00	39.00	94.00	49.00	225.00	245.00	46.00	35.00	297.00	0.00	28.00	34.00	37.00	0.00	46.00	44.00	32.00
	3219.43	0.00	39.00	89.00	49.00	224.00	240.00	46.00	35.00	294.00	0.00	28.00	34.00	37.00	0.00	45.00	44.00	33.00
	3219.44	0.00	39.00	85.00	49.00	223.00	235.00	46.00	35.00	292.00	0.00	28.00	34.00	38.00	0.00	45.00	44.00	33.00
	3219.45	0.00	39.00	79.00	49.00	220.00	229.00	46.00	36.00	289.00	0.00	28.00	34.00	36.00	0.00	46.00	44.00	33.00
	3219.46	0.00	39.00	77.00	49.00	216.00	220.00	45.00	36.00	284.00	0.00	29.00	34.00	38.00	0.00	46.00	43.00	33.00
	3219.47	0.00	39.00	75.00	49.00	212.00	210.00	45.00	35.00	280.00	0.00	29.00	34.00	36.00	0.00	46.00	43.00	34.00
	3219.48	0.00	39.00	71.00	49.00	211.00	202.00	45.00	36.00	277.00	0.00	29.00	32.00	37.00	0.00	46.00	43.00	34.00
	3219.49	0.00	38.00	70.00	49.00	209.00	192.00	45.00	35.00	271.00	0.00	29.00	34.00	35.00	0.00	46.00	43.00	34.00
	3219.50	0.00	38.00	63.00	49.00	206.00	185.00	45.00	35.00	270.00	0.00	30.00	34.00	37.00	0.00	46.00	43.00	34.00
	3219.51	0.00	38.00	60.00	49.00	202.00	181.00	45.00	34.00	267.00	0.00	30.00	34.00	37.00	0.00	46.00	43.00	34.00
	3219.52	0.00	38.00	58.00	49.00	199.00	176.00	45.00	32.00	262.00	0.00	30.00	32.00	35.00	0.00	46.00	43.00	34.00
	3219.53	0.00	38.00	53.00	49.00	196.00	169.00	44.00	31.00	259.00	0.00	30.00	32.00	36.00	0.00	46.00	44.00	34.00
	3219.53	0.00	38.00	45.00	49.00	192.00	167.00	44.00	32.00	258.00	0.00	30.00	32.00	36.00	0.00	46.00	44.00	34.00
	3219.55	0.00	37.00	45.00	50.00	190.00	163.00	45.00	32.00	254.00	0.00	30.00	34.00	35.00	0.00	47.00	44.00	36.00
	3219.55	0.00	37.00	31.00	48.00	183.00	157.00	44.00	31.00	253.00	0.00	30.00	32.00	36.00	0.00	47.00	44.00	35.00
	3219.56	0.00	37.00	31.00	49.00	176.00	151.00	44.00	31.00	248.00	0.00	30.00	32.00	36.00	0.00	48.00	45.00	37.00
	3219.57	0.00	37.00	24.00	49.00	170.00	137.00	44.00	30.00	245.00	0.00	32.00	34.00	35.00	0.00	50.00	46.00	36.00
	3219.58	0.00	36.00	26.00	48.00	161.00	134.00	44.00	30.00	245.00	0.00	33.00	34.00	35.00	0.00	51.00	46.00	38.00
	3219.59	0.00	35.00	25.00	48.00	157.00	124.00	44.00	30.00	239.00	0.00	32.00	35.00	35.00	0.00	56.00	48.00	40.00
	3219.60	0.00	35.00	29.00	48.00	156.00	108.00	43.00	30.00	235.00	0.00	33.00	34.00	35.00	2.00	59.00	49.00	41.00
	3219.61	0.00	35.00	25.00	48.00	153.00	107.00	42.00	29.00	234.00	0.00	34.00	34.00	35.00	2.00	68.00	51.00	42.00
	3219.62	0.00	35.00	28.00	48.00	149.00	104.00	43.00	30.00	233.00	0.00	34.00	35.00	35.00	2.00	76.00	51.00	43.00
	3219.63	0.00	35.00	28.00	48.00	144.00	101.00	42.00	28.00	232.00	0.00	34.00	35.00	35.00	3.00	79.00	53.00	44.00
	3219.64	0.00	35.00	25.00	47.00	140.00	96.00	42.00	28.00	230.00	0.00	34.00	36.00	35.00	9.00	83.00	53.00	43.00
	3219.65	0.00	35.00	27.00	46.00	141.00	94.00	43.00	28.00	224.00	0.00	34.00	35.00	34.00	9.00	92.00	53.00	44.00
	3219.66	0.00	34.00	26.00	45.00	140.00	91.00	42.00	28.00	223.00	0.00	33.00	37.00	34.00	4.00	96.00	52.00	43.00
	3219.67	0.00	35.00	26.00	46.00	138.00	86.00	41.00	28.00	222.00	0.00	33.00	37.00	34.00	3.00	102.00	52.00	41.00
	3219.68	0.00	35.00	25.00	46.00	138.00	78.00	41.00	28.00	216.00	0.00	32.00	35.00	34.00	4.00	114.00	51.00	41.00
	3219.69	0.00	35.00	23.00	45.00	139.00	78.00	41.00	28.00	216.00	0.00	32.00	35.00	35.00	4.00	123.00	52.00	41.00
	3219.70	0.00	35.00	23.00	46.00	141.00	79.00	42.00	28.00	216.00	0.00	32.00	37.00	34.00	4.00	132.00	53.00	40.00
	3219.71	0.00	35.00	22.00	47.00	142.00	82.00	42.00	30.00	220.00	0.00	32.00	37.00	35.00	9.00	146.00	54.00	40.00
	3219.72	0.00	35.00	19.00	47.00	142.00	85.00	41.00	30.00	225.00	0.00	32.00	35.00	35.00	9.00	158.00	54.00	40.00
	3219.73	0.00	35.00	17.00	47.00	146.00	89.00	41.00	30.00	227.00	0.00	32.00	35.00	35.00	10.00	163.00	55.00	41.00
	3219.74	0.00	36.00	21.00	48.00	152.00	91.00	42.00	31.00	231.00	0.00	33.00	37.00	34.00	7.00	170.00	55.00	42.00
	3219.75	0.00	37.00	18.00	47.00	152.00	87.00	42.00	31.00	232.00	0.00	33.00	35.00	35.00	8.00	172.00	55.00	43.00
	3219.76	0.00	37.00	22.00	47.00	156.00	89.00	42.00	32.00	231.00	0.00	33.00	35.00	35.00	9.00	167.00	55.00	44.00
	3219.77	0.00	36.00	23.00	46.00	156.00	83.00	42.00	32.00	229.00	0.00	35.00	37.00	36.00	14.00	160.00	56.00	43.00
	3219.78	0.00	37.00	23.00	44.00	154.00	72.00	43.00	32.00	223.00	0.00	35.00	36.00	36.00	9.00	149.00	57.00	44.00
	3219.79	0.00	35.00	20.00	43.00	145.00	64.00	42.00	31.00	212.00	0.00	35.00	35.00	36.00	8.00	151.00	62.00	44.00
	3219.80	0.00	35.00	17.00	43.00	138.00	56.00	41.00	31.00	186.00	0.00	35.00	35.00	36.00	7.00	154.00	64.00	43.00
	3219.81	0.00	35.00	16.00	43.00	132.00	55.00	39.00	30.00	174.00	0.00	35.00	35.00	37.00	7.00	155.00	64.00	43.00
	3219.82	0.00	35.00	2.00	41.00	122.00	56.00	40.00	30.00	172.00	0.00	34.00	35.00	36.00	6.00	153.00	64.00	44.00
	3219.83	0.00	35.00	4.00	41.00	116.00	56.00	39.00	28.00	165.00	0.00	35.00	35.00	36.00	8.00	138.00	62.00	44.00
	3219.84	0.00	35.00	1.00	40.00	108.00	54.00	39.00	28.00	157.00	0.00	35.00	35.00	36.00	8.00	132.00	61.00	44.00
	3219.85	0.00	34.00	0.00	37.00	74.00	53.00	39.00	28.00	143.00	0.00	35.00	33.00	36.00	6.00	123.00	58.00	44.00
	3219.85	0.00	35.00	0.00	37.00	48.00	50.00	37.00	27.00	117.00	0.00	34.00	34.00	35.00	6.00	104.00	56.00	43.00
	3219.86	0.00	33.00	0.00	35.00	47.00	49.00	37.00	27.00	104.00	0.00	35.00	32.00	36.00	5.00	81.00	56.00	40.00
	3219.87	0.00	32.00	0.00	35.00	45.00	49.00	37.00	27.00	86.00	0.00	35.00	32.00	36.00	4.00	78.00	55.00	40.00
	3219.88	0.00	31.00	0.00	35.00	43.00	48.00	36.00	27.00	63.00	0.00	35.00	33.00	37.00	4.00	72.00	55.00	41.00
	3219.89	0.00	32.00	0.00	34.00	44.00	48.00	37.00	27.00	38.00	0.00	35.00	32.00	35.00	3.00	67.00	55.00	42.00
	3219.90	0.00	32.00	0.00	34.00	42.00	48.00	36.00	25.00	33.00	0.00	35.00	31.00	35.00	3.00	63.00	54.00	41.00
	3219.91	0.00	33.00	0.00	34.00	32.00	46.00	35.00	25.00	28.00	0.00	36.00	30.00	37.00	2.00	60.00	53.00	41.00
	3219.92	0.00	32.00	0.00	33.00	21.00	43.00	35.00	25.00	23.00	0.00	35.00	26.00	35.00	2.00	59.00	51.00	41.00
	3219.93	0.00	32.00	0.00	33.00	20.00	43.00	36.00	25.00	8.00	0.00	35.00	25.00	37.00	2.00	58.00	52.00	39.00
	3219.94	0.00	32.00	0.00	33.00	15.00	43.00	36.00	25.00	3.00	0.00	35.00	27.00	37.00	1.00	57.00	52.00	39.00
	3219.95	0.00	31.00	0.00	31.00	11.00	43.00	35.00	16.00	2.00	0.00	35.00	24.00	36.00	1.00	55.00	52.00	41.00
	3219.96	0.00	28.00	0.00	29.00	6.00	42.00	32.00	0.00	0.00	0.00	35.00	26.00	36.00	2.00	53.00	52.00	40.00
	3219.97	0.00	26.00	0.00	28.00	3.00	43.00	31.00	0.00	0.00	0.00	34.00	24.00	36.00	1.00	52.00	51.00	40.00
	3219.98	0.00	28.00	0.00	30.00	0.00	42.00	32.00	0.00	0.00	0.00	35.00	25.00	36.00	3.00	52.00	51.00	40.00
	3219.99	0.00	27.00	0.00	26.00	0.00	40.00	32.00	0.00	0.00	0.00	35.00	25.00	36.00	1.00	52.00	51.00	40.00
	3220.00	0.00	27.00	0.00	25.00	0.00	40.00	33.00	0.00	0.00	0.00	35.00	25.00	36.00	0.00	51.00	51.00	40.00
	3220.01	0.00	11.00	0.00	25.00	0.00	40.00	32.00	0.00	0.00	0.00	35.00	27.00	36.00	0.00	51.00	51.00	39.00
	3220.02	0.00	14.00	0.00	26.00	0.00	40.00	19.00	0.00	0.00	0.00	35.00	27.00	37.00	0.00	50.00	51.00	39.00
	3220.02	0.00	15.00	0.00	28.00	0.00	39.00	18.00	0.00	0.00	0.00	35.00	25.00	36.00	0.00	49.00	51.00	39.00
	3220.03	0.00	15.00	0.00	29.00	0.00	39.00	19.00	0.00	0.00	0.00	35.00	25.00	36.00	0.00	49.00	51.00	39.00
	3220.04	0.00	16.00	0.00	28.00	0.00	38.00	20.00	0.00	0.00	0.00	35.00	26.00	36.00	0.00	48.00	51.00	39.00
	3220.05	0.00	16.00	0.00	28.00	0.00	39.00	20.00	0.00	0.00	0.00	34.00	27.00	37.00	0.00	47.00	51.00	39.00
	3220.06	0.00	17.00	0.00	28.00	0.00	39.00	20.00	0.00	0.00	0.00	35.00	26.00	36.00	0.00	47.00	50.00	38.00
	3220.07	0.00	16.00	0.00	25.00	0.00	39.00	20.00	0.00	0.00	0.00	35.00	28.00	37.00	0.00	47.00	50.00	39.00
	3220.08	0.00	14.00	0.00	26.00	0.00	39.00	17.00	0.00	0.00	0.00	35.00	26.00	37.00	0.00	47.00	50.00	38.00
	3220.09	0.00	10.00	0.00	27.00	0.00	39.00	17.00	0.00	0.00	0.00	35.00	28.00	37.00	0.00	47.00	50.00	38.00
	3220.10	0.00	11.00	0.00	26.00	0.00	39.00	18.00	0.00	0.00	0.00	35.00	26.00	37.00	0.00	47.00	50.00	37.00
	3220.11	0.00	11.00	0.00	27.00	0.00	39.00	18.00	0.00	0.00	0.00	35.00	26.00	37.00	0.00	47.00	50.00	37.00
	3220.12	0.00	6.00	0.00	26.00	0.00	38.00	18.00	0.00	0.00	0.00	35.00	26.00	37.00	0.00	47.00	50.00	38.00
	3220.13	0.00	12.00	0.00	25.00	0.00	39.00	18.00	0.00	0.00	0.00	35.00	27.00	37.00	0.00	46.00	50.00	38.00
	3220.13	0.00	16.00	0.00	26.00	0.00	39.00	21.00	0.00	0.00	0.00	35.00	26.00	37.00	0.00	47.00	50.00	37.00
	3220.14	0.00	15.00	0.00	26.00	0.00	39.00	21.00	0.00	0.00	0.00	35.00	28.00	37.00	0.00	47.00	50.00	37.00
	3220.15	0.00	14.00	0.00	26.00	0.00	38.00	23.00	0.00	0.00	0.00	35.00	28.00	38.00	0.00	47.00	48.00	36.00
	3220.16	0.00	14.00	0.00	26.00	0.00	39.00	31.00	0.00	0.00	0.00	35.00	26.00	38.00	0.00	46.00	50.00	37.00
	3220.17	0.00	18.00	0.00	26.00	0.00	39.00	33.00	12.00	0.00	0.00	35.00	26.00	38.00	0.00	46.00	50.00	36.00
	3220.18	0.00	18.00	0.00	27.00	0.00	41.00	34.00	16.00	0.00	0.00	34.00	28.00	38.00	1.00	46.00	50.00	37.00
	3220.19	0.00	18.00	0.00	27.00	0.00	40.00	35.00	23.00	0.00	0.00	35.00	28.00	38.00	0.00	47.00	50.00	37.00
	3220.20	0.00	26.00	0.00	35.00	0.00	41.00	38.00	25.00	8.00	0.00	34.00	28.00	39.00	0.00	46.00	50.00	35.00
	3220.21	0.00	26.00	0.00	33.00	2.00	40.00	38.00	25.00	16.00	0.00	35.00	29.00	39.00	0.00	47.00	50.00	35.00
	3220.22	0.00	27.00	0.00	36.00	11.00	42.00	38.00	26.00	21.00	0.00	34.00	29.00	39.00	1.00	46.00	50.00	37.00
	3220.23	0.00	31.00	0.00	35.00	11.00	42.00	39.00	26.00	23.00	0.00	35.00	29.00	36.00	2.00	47.00	50.00	37.00
	3220.24	0.00	32.00	0.00	32.00	16.00	43.00	39.00	27.00	24.00	0.00	34.00	28.00	38.00	0.00	47.00	50.00	37.00
	3220.25	0.00	33.00	0.00	31.00	17.00	42.00	39.00	25.00	14.00	0.00	34.00	30.00	40.00	0.00	47.00	50.00	35.00
	3220.26	0.00	32.00	0.00	29.00	19.00	42.00	39.00	28.00	2.00	0.00	33.00	30.00	38.00	0.00	47.00	50.00	35.00
	3220.27	0.00	32.00	0.00	32.00	20.00	42.00	39.00	28.00	0.00	0.00	34.00	29.00	40.00	0.00	47.00	50.00	36.00
	3220.28	0.00	33.00	0.00	31.00	19.00	43.00	40.00	27.00	0.00	0.00	34.00	31.00	40.00	0.00	47.00	50.00	36.00
	3220.29	0.00	33.00	0.00	31.00	18.00	43.00	39.00	28.00	0.00	0.00	34.00	31.00	40.00	0.00	47.00	50.00	36.00
	3220.29	0.00	33.00	0.00	31.00	19.00	43.00	39.00	28.00	0.00	0.00	33.00	29.00	41.00	0.00	48.00	50.00	36.00
	3220.30	0.00	34.00	0.00	31.00	19.00	43.00	40.00	27.00	0.00	0.00	33.00	31.00	39.00	0.00	48.00	50.00	36.00
	3220.31	0.00	33.00	0.00	33.00	19.00	42.00	40.00	25.00	0.00	0.00	33.00	31.00	41.00	0.00	48.00	50.00	36.00
	3220.32	0.00	33.00	0.00	36.00	18.00	43.00	39.00	27.00	0.00	0.00	33.00	30.00	41.00	0.00	48.00	50.00	36.00
	3220.33	0.00	33.00	0.00	35.00	19.00	43.00	40.00	26.00	0.00	0.00	33.00	32.00	41.00	0.00	48.00	50.00	36.00
	3220.34	0.00	33.00	0.00	32.00	18.00	43.00	39.00	25.00	0.00	0.00	33.00	32.00	41.00	0.00	48.00	50.00	36.00
	3220.35	0.00	33.00	0.00	33.00	19.00	44.00	39.00	27.00	0.00	0.00	33.00	30.00	41.00	0.00	48.00	50.00	36.00
	3220.36	0.00	32.00	0.00	35.00	19.00	43.00	40.00	26.00	0.00	0.00	33.00	32.00	40.00	0.00	47.00	49.00	37.00
	3220.37	0.00	33.00	0.00	35.00	20.00	43.00	39.00	25.00	0.00	0.00	33.00	32.00	41.00	0.00	47.00	50.00	37.00
	3220.38	0.00	33.00	0.00	36.00	21.00	43.00	40.00	28.00	8.00	0.00	34.00	32.00	41.00	0.00	48.00	50.00	35.00
	3220.39	0.00	33.00	0.00	37.00	23.00	42.00	39.00	26.00	12.00	0.00	32.00	32.00	41.00	0.00	47.00	50.00	36.00
	3220.40	0.00	34.00	0.00	36.00	22.00	43.00	40.00	26.00	17.00	0.00	34.00	31.00	41.00	0.00	48.00	50.00	36.00
	3220.41	0.00	32.00	0.00	35.00	23.00	43.00	40.00	27.00	14.00	0.00	33.00	31.00	41.00	0.00	48.00	50.00	36.00
	3220.42	0.00	34.00	0.00	36.00	19.00	43.00	40.00	26.00	8.00	0.00	33.00	31.00	41.00	0.00	48.00	50.00	35.00
	3220.43	0.00	34.00	0.00	35.00	20.00	43.00	38.00	26.00	8.00	0.00	32.00	31.00	41.00	0.00	47.00	51.00	35.00
	3220.44	0.00	34.00	0.00	35.00	21.00	43.00	38.00	26.00	4.00	0.00	33.00	31.00	42.00	0.00	48.00	51.00	36.00
	3220.45	0.00	34.00	0.00	35.00	19.00	43.00	40.00	26.00	1.00	0.00	33.00	31.00	42.00	0.00	47.00	51.00	35.00
	3220.45	0.00	34.00	0.00	35.00	17.00	43.00	38.00	26.00	0.00	0.00	33.00	33.00	42.00	0.00	47.00	50.00	36.00
	3220.46	0.00	33.00	0.00	35.00	17.00	44.00	38.00	26.00	0.00	0.00	33.00	33.00	42.00	0.00	47.00	51.00	37.00
	3220.47	0.00	34.00	0.00	35.00	17.00	43.00	40.00	24.00	0.00	0.00	32.00	34.00	42.00	0.00	47.00	51.00	37.00
	3220.48	0.00	34.00	0.00	36.00	16.00	43.00	38.00	26.00	2.00	0.00	31.00	32.00	41.00	0.00	47.00	51.00	35.00
	3220.49	0.00	34.00	0.00	36.00	17.00	43.00	38.00	26.00	6.00	0.00	31.00	34.00	42.00	0.00	47.00	51.00	35.00
	3220.50	0.00	34.00	0.00	34.00	17.00	43.00	38.00	25.00	11.00	0.00	31.00	34.00	42.00	0.00	47.00	51.00	35.00
	3220.51	0.00	34.00	0.00	35.00	15.00	43.00	40.00	25.00	19.00	0.00	31.00	34.00	43.00	0.00	47.00	51.00	37.00
	3220.52	0.00	34.00	0.00	34.00	16.00	42.00	39.00	25.00	33.00	0.00	31.00	34.00	43.00	0.00	47.00	51.00	37.00
	3220.53	0.00	34.00	0.00	34.00	16.00	42.00	40.00	25.00	48.00	0.00	31.00	35.00	43.00	0.00	47.00	51.00	37.00
	3220.54	0.00	34.00	0.00	32.00	16.00	42.00	40.00	25.00	64.00	0.00	31.00	35.00	43.00	0.00	47.00	51.00	37.00
	3220.55	0.00	34.00	0.00	32.00	18.00	42.00	40.00	24.00	86.00	0.00	31.00	35.00	43.00	0.00	47.00	51.00	37.00
	3220.56	0.00	34.00	0.00	32.00	20.00	42.00	39.00	24.00	99.00	0.00	31.00	33.00	43.00	0.00	47.00	50.00	37.00
	3220.57	0.00	34.00	0.00	33.00	22.00	42.00	38.00	25.00	114.00	0.00	31.00	35.00	43.00	0.00	47.00	51.00	37.00
	3220.58	0.00	34.00	0.00	35.00	29.00	42.00	39.00	24.00	125.00	0.00	31.00	34.00	43.00	0.00	47.00	51.00	36.00
	3220.59	0.00	34.00	0.00	35.00	31.00	45.00	39.00	24.00	132.00	0.00	31.00	34.00	43.00	0.00	47.00	51.00	36.00
	3220.60	0.00	34.00	0.00	35.00	33.00	46.00	39.00	24.00	137.00	0.00	31.00	36.00	42.00	0.00	47.00	51.00	37.00
	3220.61	0.00	34.00	0.00	36.00	35.00	46.00	39.00	25.00	136.00	0.00	31.00	34.00	42.00	0.00	47.00	51.00	37.00
	3220.62	0.00	34.00	0.00	36.00	33.00	46.00	39.00	23.00	140.00	0.00	31.00	36.00	42.00	0.00	47.00	51.00	37.00
	3220.63	0.00	34.00	0.00	35.00	35.00	46.00	39.00	22.00	138.00	0.00	30.00	34.00	41.00	0.00	47.00	51.00	37.00
	3220.63	0.00	34.00	0.00	36.00	37.00	46.00	39.00	22.00	137.00	0.00	28.00	34.00	41.00	0.00	46.00	51.00	37.00
	3220.64	0.00	34.00	0.00	35.00	38.00	46.00	39.00	22.00	145.00	0.00	28.00	36.00	41.00	0.00	47.00	50.00	37.00
	3220.65	0.00	34.00	0.00	35.00	38.00	46.00	39.00	23.00	146.00	0.00	28.00	36.00	41.00	0.00	46.00	50.00	36.00
	3220.66	0.00	34.00	0.00	35.00	41.00	46.00	40.00	22.00	149.00	0.00	29.00	34.00	41.00	0.00	46.00	49.00	36.00
	3220.67	0.00	34.00	0.00	36.00	40.00	46.00	39.00	23.00	152.00	0.00	28.00	34.00	41.00	0.00	45.00	49.00	36.00
	3220.68	0.00	35.00	12.00	36.00	42.00	46.00	41.00	23.00	153.00	0.00	29.00	36.00	41.00	0.00	45.00	49.00	36.00
	3220.69	0.00	35.00	13.00	35.00	42.00	46.00	39.00	23.00	158.00	0.00	29.00	36.00	41.00	0.00	45.00	49.00	35.00
	3220.70	0.00	36.00	14.00	36.00	43.00	46.00	42.00	23.00	174.00	0.00	28.00	36.00	40.00	0.00	45.00	48.00	36.00
	3220.71	0.00	35.00	21.00	40.00	43.00	47.00	40.00	23.00	180.00	0.00	30.00	36.00	41.00	0.00	45.00	48.00	36.00
	3220.72	0.00	35.00	22.00	41.00	43.00	47.00	42.00	24.00	187.00	0.00	30.00	36.00	41.00	0.00	45.00	47.00	35.00
	3220.73	0.00	35.00	16.00	41.00	44.00	47.00	42.00	24.00	193.00	0.00	30.00	36.00	41.00	0.00	45.00	46.00	36.00
	3220.74	0.00	36.00	22.00	41.00	53.00	47.00	42.00	24.00	191.00	0.00	30.00	34.00	41.00	0.00	44.00	45.00	35.00
	3220.75	0.00	36.00	21.00	41.00	66.00	47.00	42.00	24.00	190.00	0.00	29.00	36.00	41.00	0.00	44.00	44.00	36.00
	3220.76	0.00	36.00	17.00	41.00	68.00	47.00	42.00	24.00	190.00	0.00	29.00	34.00	39.00	0.00	45.00	44.00	36.00
	3220.77	0.00	36.00	21.00	41.00	69.00	47.00	44.00	24.00	183.00	0.00	30.00	36.00	40.00	1.00	45.00	43.00	35.00
	3220.78	0.00	37.00	21.00	41.00	71.00	47.00	42.00	24.00	183.00	0.00	30.00	36.00	40.00	1.00	45.00	43.00	36.00
	3220.79	0.00	37.00	22.00	42.00	71.00	48.00	42.00	24.00	178.00	0.00	30.00	36.00	40.00	1.00	45.00	43.00	36.00
	3220.80	0.00	36.00	18.00	43.00	71.00	48.00	42.00	24.00	180.00	0.00	29.00	34.00	38.00	1.00	44.00	43.00	34.00
	3220.81	0.00	37.00	19.00	42.00	70.00	48.00	42.00	24.00	181.00	0.00	28.00	35.00	40.00	1.00	44.00	43.00	36.00
	3220.82	0.00	37.00	17.00	42.00	65.00	47.00	42.00	24.00	180.00	0.00	29.00	37.00	40.00	1.00	44.00	43.00	35.00
	3220.83	0.00	37.00	13.00	41.00	44.00	47.00	42.00	24.00	182.00	0.00	29.00	34.00	41.00	1.00	44.00	43.00	35.00
	3220.84	0.00	37.00	15.00	41.00	46.00	48.00	42.00	24.00	182.00	0.00	27.00	36.00	41.00	2.00	44.00	43.00	35.00
	3220.85	0.00	37.00	21.00	42.00	47.00	48.00	44.00	24.00	186.00	0.00	27.00	36.00	41.00	1.00	44.00	43.00	34.00
	3220.85	0.00	37.00	21.00	41.00	47.00	48.00	42.00	24.00	184.00	0.00	27.00	34.00	41.00	1.00	44.00	43.00	35.00
	3220.86	0.00	37.00	20.00	41.00	47.00	47.00	42.00	24.00	184.00	0.00	26.00	36.00	41.00	2.00	44.00	41.00	35.00
	3220.87	0.00	37.00	21.00	42.00	46.00	47.00	44.00	24.00	181.00	0.00	26.00	36.00	39.00	1.00	44.00	43.00	34.00
	3220.88	0.00	37.00	14.00	42.00	46.00	47.00	42.00	23.00	181.00	0.00	25.00	36.00	41.00	3.00	44.00	43.00	34.00
	3220.89	0.00	37.00	14.00	40.00	45.00	47.00	44.00	24.00	181.00	0.00	24.00	34.00	41.00	2.00	44.00	43.00	36.00
	3220.90	0.00	35.00	18.00	40.00	46.00	47.00	42.00	24.00	185.00	0.00	25.00	36.00	41.00	2.00	44.00	43.00	34.00
	3220.91	0.00	34.00	22.00	38.00	46.00	47.00	42.00	24.00	185.00	0.00	25.00	36.00	41.00	2.00	44.00	43.00	35.00
	3220.92	0.00	35.00	20.00	40.00	46.00	47.00	42.00	24.00	182.00	0.00	24.00	34.00	42.00	2.00	44.00	43.00	36.00
	3220.93	0.00	35.00	22.00	38.00	46.00	47.00	42.00	24.00	187.00	0.00	25.00	34.00	41.00	2.00	44.00	44.00	36.00
	3220.94	0.00	35.00	17.00	39.00	46.00	47.00	41.00	24.00	188.00	0.00	24.00	36.00	42.00	2.00	44.00	44.00	36.00
	3220.95	0.00	35.00	20.00	39.00	46.00	47.00	40.00	24.00	185.00	0.00	25.00	36.00	42.00	2.00	44.00	44.00	34.00
	3220.96	0.00	35.00	17.00	38.00	46.00	47.00	41.00	23.00	183.00	0.00	24.00	34.00	41.00	0.00	44.00	44.00	35.00
	3220.97	0.00	35.00	19.00	38.00	46.00	47.00	40.00	0.00	184.00	0.00	24.00	34.00	41.00	0.00	44.00	44.00	35.00
	3220.98	0.00	35.00	18.00	37.00	46.00	47.00	40.00	0.00	185.00	0.00	26.00	36.00	40.00	0.00	44.00	44.00	35.00
	3220.99	0.00	35.00	22.00	38.00	43.00	47.00	40.00	0.00	186.00	0.00	27.00	36.00	42.00	0.00	43.00	44.00	34.00
	3221.00	0.00	36.00	20.00	36.00	46.00	46.00	40.00	0.00	185.00	0.00	28.00	36.00	42.00	0.00	44.00	43.00	35.00
	3221.01	0.00	34.00	22.00	36.00	46.00	47.00	40.00	0.00	182.00	0.00	28.00	34.00	42.00	0.00	45.00	43.00	35.00
	3221.02	0.00	34.00	22.00	38.00	46.00	46.00	40.00	0.00	182.00	0.00	28.00	33.00	41.00	0.00	45.00	44.00	35.00
	3221.03	0.00	34.00	24.00	35.00	44.00	47.00	40.00	0.00	182.00	0.00	28.00	35.00	41.00	0.00	45.00	44.00	34.00
	3221.04	0.00	34.00	23.00	35.00	46.00	47.00	40.00	0.00	183.00	0.00	29.00	34.00	41.00	0.00	45.00	45.00	34.00
	3221.05	0.00	34.00	23.00	35.00	46.00	47.00	40.00	0.00	184.00	0.00	29.00	32.00	40.00	0.00	45.00	45.00	34.00
	3221.06	0.00	34.00	23.00	35.00	43.00	47.00	40.00	0.00	185.00	0.00	29.00	33.00	41.00	0.00	46.00	45.00	33.00
	3221.06	0.00	34.00	23.00	36.00	46.00	47.00	40.00	0.00	187.00	0.00	30.00	33.00	41.00	0.00	46.00	46.00	34.00
	3221.07	0.00	35.00	22.00	35.00	46.00	47.00	40.00	0.00	186.00	0.00	29.00	32.00	40.00	0.00	46.00	45.00	34.00
	3221.08	0.00	34.00	20.00	35.00	46.00	46.00	40.00	0.00	187.00	0.00	29.00	33.00	41.00	0.00	46.00	46.00	35.00
	3221.09	0.00	34.00	19.00	35.00	46.00	47.00	40.00	0.00	187.00	0.00	30.00	34.00	41.00	0.00	46.00	46.00	35.00
	3221.10	0.00	34.00	24.00	35.00	46.00	47.00	40.00	0.00	188.00	0.00	31.00	33.00	41.00	0.00	46.00	46.00	35.00
	3221.11	0.00	34.00	24.00	35.00	46.00	47.00	40.00	0.00	189.00	0.00	31.00	32.00	40.00	0.00	46.00	46.00	34.00
	3221.12	0.00	35.00	17.00	36.00	45.00	47.00	40.00	0.00	190.00	0.00	31.00	33.00	40.00	0.00	46.00	46.00	35.00
	3221.13	0.00	35.00	24.00	36.00	46.00	47.00	40.00	0.00	192.00	0.00	32.00	34.00	38.00	0.00	47.00	46.00	35.00
	3221.14	0.00	35.00	23.00	35.00	45.00	47.00	40.00	0.00	193.00	0.00	32.00	33.00	40.00	0.00	47.00	46.00	35.00
	3221.15	0.00	35.00	23.00	36.00	46.00	46.00	40.00	0.00	194.00	0.00	32.00	33.00	40.00	0.00	47.00	47.00	35.00
	3221.16	0.00	35.00	22.00	36.00	46.00	47.00	40.00	0.00	193.00	0.00	33.00	33.00	40.00	0.00	47.00	47.00	35.00
	3221.17	0.00	35.00	22.00	36.00	44.00	47.00	39.00	14.00	195.00	0.00	33.00	33.00	40.00	0.00	47.00	47.00	34.00
	3221.18	0.00	35.00	22.00	36.00	46.00	47.00	40.00	15.00	196.00	0.00	33.00	32.00	38.00	0.00	47.00	47.00	33.00
	3221.19	0.00	35.00	22.00	37.00	46.00	47.00	40.00	14.00	197.00	0.00	32.00	33.00	40.00	0.00	47.00	48.00	35.00
	3221.20	0.00	35.00	22.00	36.00	46.00	47.00	39.00	14.00	196.00	0.00	32.00	33.00	40.00	0.00	47.00	48.00	35.00
	3221.21	0.00	35.00	16.00	36.00	46.00	46.00	40.00	14.00	196.00	0.00	33.00	33.00	40.00	0.00	47.00	48.00	35.00
	3221.22	0.00	35.00	19.00	37.00	46.00	47.00	39.00	15.00	196.00	0.00	31.00	34.00	40.00	0.00	47.00	48.00	36.00
	3221.23	0.00	35.00	18.00	36.00	45.00	47.00	40.00	14.00	195.00	0.00	34.00	33.00	39.00	0.00	47.00	48.00	34.00
	3221.24	0.00	35.00	21.00	37.00	45.00	47.00	40.00	14.00	197.00	0.00	33.00	34.00	40.00	0.00	47.00	48.00	36.00
	3221.25	0.00	35.00	23.00	37.00	45.00	47.00	40.00	23.00	197.00	0.00	34.00	32.00	38.00	0.00	48.00	49.00	36.00
	3221.26	0.00	35.00	20.00	37.00	45.00	47.00	40.00	23.00	200.00	0.00	33.00	32.00	40.00	0.00	48.00	49.00	37.00
	3221.27	0.00	36.00	20.00	37.00	46.00	47.00	40.00	24.00	203.00	0.00	33.00	34.00	40.00	0.00	48.00	50.00	37.00
	3221.27	0.00	36.00	17.00	38.00	46.00	46.00	42.00	24.00	206.00	0.00	34.00	34.00	39.00	0.00	48.00	49.00	37.00
	3221.28	0.00	35.00	18.00	39.00	46.00	46.00	42.00	24.00	208.00	0.00	34.00	34.00	41.00	0.00	48.00	50.00	36.00
	3221.29	0.00	35.00	20.00	39.00	66.00	46.00	44.00	24.00	211.00	0.00	33.00	34.00	40.00	0.00	49.00	51.00	37.00
	3221.30	0.00	35.00	19.00	41.00	72.00	46.00	42.00	24.00	213.00	0.00	33.00	33.00	41.00	0.00	49.00	51.00	37.00
	3221.31	0.00	35.00	19.00	43.00	77.00	45.00	42.00	23.00	215.00	0.00	35.00	35.00	39.00	0.00	49.00	51.00	36.00
	3221.32	0.00	35.00	19.00	43.00	77.00	46.00	42.00	24.00	212.00	0.00	34.00	33.00	40.00	0.00	49.00	51.00	38.00
	3221.33	0.00	34.00	19.00	43.00	81.00	46.00	42.00	24.00	209.00	0.00	36.00	35.00	39.00	0.00	50.00	51.00	37.00
	3221.34	0.00	35.00	20.00	43.00	83.00	47.00	42.00	24.00	205.00	0.00	34.00	35.00	40.00	0.00	50.00	52.00	38.00
	3221.35	0.00	34.00	20.00	43.00	83.00	47.00	43.00	25.00	195.00	0.00	36.00	34.00	38.00	0.00	50.00	54.00	38.00
	3221.36	0.00	33.00	20.00	43.00	81.00	46.00	42.00	25.00	189.00	0.00	36.00	36.00	39.00	0.00	51.00	54.00	37.00
	3221.37	0.00	33.00	20.00	43.00	81.00	46.00	44.00	25.00	182.00	0.00	35.00	35.00	40.00	0.00	51.00	54.00	39.00
	3221.38	0.00	33.00	19.00	43.00	79.00	46.00	42.00	26.00	178.00	0.00	36.00	35.00	39.00	0.00	51.00	55.00	39.00
	3221.39	0.00	33.00	9.00	43.00	65.00	46.00	42.00	26.00	179.00	0.00	36.00	33.00	39.00	0.00	51.00	55.00	37.00
	3221.40	0.00	33.00	0.00	42.00	57.00	46.00	42.00	26.00	175.00	0.00	36.00	35.00	41.00	0.00	51.00	55.00	39.00
	3221.41	0.00	33.00	0.00	42.00	46.00	46.00	43.00	26.00	176.00	0.00	34.00	33.00	41.00	0.00	51.00	55.00	39.00
	3221.42	0.00	33.00	0.00	38.00	46.00	47.00	42.00	25.00	177.00	0.00	36.00	35.00	41.00	0.00	51.00	55.00	39.00
	3221.43	0.00	33.00	0.00	38.00	45.00	46.00	42.00	25.00	178.00	0.00	35.00	35.00	41.00	0.00	49.00	55.00	40.00
	3221.44	0.00	33.00	0.00	38.00	45.00	46.00	44.00	25.00	179.00	0.00	35.00	33.00	41.00	0.00	50.00	56.00	40.00
	3221.45	0.00	33.00	0.00	38.00	44.00	46.00	42.00	25.00	180.00	0.00	35.00	33.00	41.00	0.00	50.00	56.00	39.00
	3221.46	0.00	33.00	0.00	38.00	45.00	46.00	42.00	25.00	179.00	0.00	35.00	35.00	40.00	0.00	51.00	56.00	39.00
	3221.47	0.00	34.00	0.00	39.00	44.00	46.00	42.00	25.00	176.00	0.00	36.00	35.00	41.00	0.00	51.00	56.00	38.00
	3221.48	0.00	33.00	0.00	39.00	43.00	46.00	42.00	25.00	170.00	0.00	35.00	35.00	41.00	0.00	51.00	56.00	39.00
	3221.49	0.00	33.00	0.00	38.00	44.00	46.00	40.00	25.00	169.00	0.00	35.00	35.00	41.00	0.00	51.00	56.00	39.00
	3221.50	0.00	34.00	0.00	39.00	45.00	46.00	41.00	25.00	167.00	0.00	36.00	33.00	41.00	0.00	51.00	56.00	39.00
	3221.50	0.00	33.00	0.00	39.00	44.00	46.00	40.00	26.00	165.00	0.00	36.00	35.00	41.00	0.00	51.00	57.00	39.00
	3221.51	0.00	32.00	0.00	39.00	44.00	46.00	41.00	26.00	160.00	0.00	36.00	33.00	41.00	0.00	50.00	57.00	39.00
	3221.52	0.00	33.00	0.00	37.00	44.00	46.00	40.00	25.00	153.00	0.00	36.00	34.00	41.00	0.00	51.00	57.00	38.00
	3221.53	0.00	34.00	0.00	37.00	42.00	46.00	40.00	25.00	151.00	0.00	35.00	34.00	41.00	0.00	51.00	57.00	40.00
	3221.54	0.00	33.00	0.00	37.00	42.00	46.00	40.00	25.00	141.00	0.00	35.00	35.00	41.00	0.00	51.00	58.00	40.00
	3221.55	0.00	34.00	0.00	37.00	44.00	46.00	40.00	26.00	130.00	0.00	36.00	34.00	39.00	0.00	51.00	58.00	40.00
	3221.56	0.00	33.00	0.00	36.00	43.00	46.00	40.00	25.00	110.00	0.00	36.00	34.00	40.00	0.00	51.00	58.00	40.00
	3221.57	0.00	33.00	0.00	38.00	41.00	46.00	40.00	26.00	107.00	0.00	35.00	35.00	41.00	0.00	51.00	59.00	40.00
	3221.58	0.00	34.00	0.00	39.00	41.00	46.00	40.00	25.00	100.00	0.00	35.00	34.00	41.00	0.00	51.00	59.00	40.00
	3221.59	0.00	33.00	0.00	39.00	42.00	46.00	40.00	26.00	88.00	0.00	36.00	34.00	41.00	0.00	51.00	59.00	39.00
	3221.60	0.00	33.00	0.00	40.00	42.00	46.00	41.00	26.00	72.00	0.00	36.00	35.00	41.00	0.00	51.00	59.00	41.00
	3221.61	0.00	30.00	0.00	38.00	40.00	45.00	41.00	27.00	47.00	0.00	37.00	35.00	41.00	0.00	51.00	59.00	42.00
	3221.62	0.00	29.00	0.00	39.00	38.00	43.00	41.00	27.00	33.00	0.00	36.00	35.00	41.00	0.00	51.00	59.00	42.00
	3221.63	0.00	32.00	0.00	40.00	36.00	43.00	41.00	27.00	30.00	0.00	36.00	33.00	41.00	0.00	51.00	57.00	40.00
	3221.64	0.00	30.00	0.00	40.00	30.00	42.00	41.00	27.00	16.00	0.00	36.00	35.00	40.00	0.00	51.00	59.00	42.00
	3221.65	0.00	33.00	0.00	40.00	20.00	42.00	41.00	27.00	13.00	0.00	36.00	35.00	41.00	0.00	51.00	59.00	40.00
	3221.66	0.00	33.00	0.00	39.00	19.00	42.00	41.00	27.00	11.00	0.00	36.00	35.00	42.00	0.00	51.00	60.00	40.00
	3221.66	0.00	32.00	0.00	39.00	14.00	41.00	41.00	27.00	0.00	0.00	36.00	35.00	42.00	0.00	51.00	59.00	42.00
	3221.68	0.00	32.00	0.00	38.00	10.00	42.00	40.00	26.00	0.00	0.00	36.00	33.00	42.00	0.00	52.00	60.00	42.00
	3221.68	0.00	28.00	0.00	38.00	10.00	42.00	41.00	26.00	0.00	0.00	36.00	33.00	42.00	0.00	52.00	60.00	43.00
	3221.69	0.00	28.00	0.00	36.00	8.00	42.00	38.00	27.00	0.00	0.00	36.00	33.00	42.00	0.00	52.00	60.00	43.00
	3221.70	0.00	29.00	0.00	35.00	8.00	42.00	38.00	26.00	0.00	0.00	36.00	35.00	42.00	0.00	51.00	60.00	43.00
	3221.71	0.00	28.00	0.00	35.00	4.00	42.00	39.00	26.00	0.00	0.00	36.00	35.00	42.00	0.00	51.00	60.00	43.00
	3221.72	0.00	29.00	0.00	31.00	2.00	42.00	39.00	26.00	0.00	0.00	36.00	35.00	42.00	0.00	51.00	60.00	44.00
	3221.73	0.00	29.00	0.00	33.00	1.00	41.00	39.00	26.00	0.00	0.00	36.00	35.00	42.00	0.00	51.00	60.00	43.00
	3221.74	0.00	29.00	0.00	34.00	1.00	41.00	37.00	27.00	0.00	0.00	36.00	35.00	42.00	0.00	50.00	61.00	43.00
	3221.75	0.00	29.00	0.00	32.00	1.00	41.00	37.00	27.00	0.00	0.00	36.00	35.00	42.00	0.00	50.00	61.00	44.00
	3221.76	0.00	29.00	0.00	34.00	1.00	41.00	37.00	25.00	0.00	0.00	36.00	33.00	42.00	0.00	50.00	61.00	44.00
	3221.77	0.00	29.00	0.00	29.00	1.00	42.00	38.00	25.00	0.00	0.00	36.00	35.00	42.00	0.00	50.00	61.00	44.00
	3221.78	0.00	29.00	0.00	30.00	0.00	42.00	37.00	26.00	0.00	0.00	35.00	35.00	42.00	0.00	50.00	61.00	44.00
	3221.79	0.00	29.00	0.00	29.00	0.00	42.00	37.00	25.00	0.00	0.00	36.00	33.00	42.00	0.00	50.00	62.00	44.00
	3221.80	0.00	28.00	0.00	28.00	0.00	42.00	37.00	26.00	0.00	0.00	36.00	35.00	42.00	0.00	50.00	62.00	44.00
	3221.81	0.00	28.00	0.00	29.00	0.00	42.00	37.00	25.00	0.00	0.00	35.00	35.00	40.00	0.00	51.00	62.00	44.00
	3221.81	0.00	29.00	0.00	29.00	0.00	42.00	37.00	25.00	0.00	0.00	35.00	35.00	40.00	0.00	51.00	62.00	44.00
	3221.82	0.00	28.00	0.00	28.00	0.00	42.00	38.00	25.00	0.00	0.00	35.00	33.00	40.00	0.00	51.00	63.00	44.00
	3221.83	0.00	29.00	0.00	28.00	0.00	42.00	34.00	25.00	0.00	0.00	36.00	35.00	42.00	0.00	51.00	64.00	43.00
	3221.84	0.00	28.00	0.00	29.00	0.00	42.00	32.00	24.00	0.00	0.00	35.00	33.00	42.00	0.00	52.00	66.00	44.00
	3221.85	0.00	28.00	0.00	29.00	0.00	42.00	32.00	24.00	0.00	0.00	36.00	35.00	42.00	0.00	51.00	65.00	44.00
	3221.86	0.00	26.00	0.00	29.00	0.00	42.00	31.00	25.00	0.00	0.00	36.00	33.00	42.00	0.00	51.00	65.00	43.00
	3221.87	0.00	27.00	0.00	29.00	0.00	42.00	31.00	15.00	0.00	0.00	36.00	35.00	42.00	0.00	51.00	67.00	44.00
	3221.88	0.00	27.00	0.00	28.00	0.00	42.00	32.00	9.00	0.00	0.00	36.00	35.00	42.00	0.00	52.00	67.00	44.00
	3221.89	0.00	26.00	0.00	28.00	1.00	41.00	20.00	0.00	0.00	0.00	36.00	33.00	42.00	0.00	51.00	68.00	44.00
	3221.90	0.00	26.00	0.00	29.00	0.00	42.00	21.00	0.00	0.00	0.00	36.00	33.00	42.00	0.00	51.00	67.00	44.00
	3221.91	0.00	26.00	0.00	28.00	0.00	42.00	21.00	0.00	0.00	0.00	35.00	33.00	42.00	0.00	52.00	69.00	44.00
	3221.92	0.00	26.00	0.00	28.00	0.00	42.00	20.00	0.00	0.00	0.00	36.00	33.00	42.00	0.00	51.00	71.00	44.00
	3221.93	0.00	27.00	0.00	28.00	0.00	41.00	20.00	0.00	0.00	0.00	36.00	35.00	42.00	0.00	51.00	71.00	44.00
	3221.94	0.00	27.00	0.00	28.00	0.00	42.00	19.00	0.00	0.00	0.00	36.00	33.00	42.00	0.00	52.00	70.00	44.00
	3221.95	0.00	27.00	0.00	28.00	0.00	42.00	20.00	0.00	0.00	0.00	36.00	35.00	42.00	0.00	52.00	71.00	44.00
	3221.95	0.00	27.00	0.00	29.00	0.00	41.00	20.00	0.00	0.00	0.00	36.00	33.00	42.00	0.00	52.00	71.00	43.00
	3221.96	0.00	27.00	0.00	28.00	1.00	41.00	19.00	0.00	0.00	0.00	36.00	35.00	41.00	0.00	52.00	69.00	44.00
	3221.97	0.00	27.00	0.00	28.00	1.00	40.00	19.00	0.00	0.00	0.00	36.00	34.00	42.00	0.00	52.00	72.00	44.00
	3221.98	0.00	27.00	0.00	29.00	0.00	40.00	20.00	0.00	0.00	0.00	36.00	35.00	42.00	0.00	51.00	72.00	44.00
	3221.99	0.00	26.00	0.00	29.00	0.00	40.00	19.00	0.00	0.00	0.00	36.00	34.00	42.00	0.00	52.00	73.00	44.00
	3222.00	0.00	26.00	0.00	29.00	0.00	40.00	19.00	0.00	0.00	0.00	37.00	33.00	42.00	1.00	52.00	73.00	44.00
	3222.01	0.00	26.00	0.00	29.00	0.00	40.00	19.00	0.00	0.00	0.00	37.00	35.00	42.00	2.00	52.00	74.00	45.00
	3222.02	0.00	26.00	0.00	29.00	0.00	40.00	19.00	0.00	0.00	0.00	37.00	35.00	42.00	1.00	52.00	78.00	44.00
	3222.03	0.00	26.00	0.00	28.00	0.00	41.00	19.00	0.00	0.00	0.00	37.00	35.00	42.00	2.00	53.00	82.00	44.00
	3222.04	0.00	26.00	0.00	29.00	0.00	40.00	20.00	0.00	0.00	0.00	37.00	35.00	42.00	1.00	53.00	84.00	44.00
	3222.05	0.00	26.00	0.00	29.00	0.00	41.00	19.00	0.00	0.00	0.00	37.00	35.00	42.00	1.00	53.00	85.00	44.00
	3222.06	0.00	26.00	0.00	29.00	0.00	41.00	20.00	0.00	0.00	0.00	37.00	33.00	42.00	2.00	53.00	85.00	44.00
	3222.07	0.00	26.00	0.00	29.00	0.00	41.00	21.00	0.00	0.00	0.00	37.00	35.00	42.00	2.00	53.00	85.00	44.00
	3222.07	0.00	27.00	0.00	29.00	0.00	41.00	21.00	0.00	0.00	0.00	37.00	35.00	42.00	2.00	53.00	85.00	45.00
	3222.08	0.00	27.00	0.00	28.00	0.00	41.00	21.00	0.00	0.00	0.00	37.00	35.00	42.00	1.00	52.00	84.00	45.00
	3222.09	0.00	27.00	0.00	29.00	0.00	41.00	21.00	0.00	0.00	0.00	37.00	35.00	42.00	1.00	52.00	87.00	44.00
	3222.10	0.00	27.00	0.00	29.00	0.00	41.00	21.00	0.00	0.00	0.00	37.00	35.00	41.00	1.00	52.00	86.00	45.00
	3222.11	0.00	27.00	0.00	28.00	0.00	41.00	20.00	0.00	0.00	0.00	37.00	35.00	42.00	1.00	52.00	87.00	45.00
	3222.12	0.00	27.00	0.00	29.00	0.00	41.00	20.00	0.00	0.00	0.00	37.00	33.00	42.00	1.00	52.00	88.00	45.00
	3222.13	0.00	27.00	0.00	29.00	0.00	41.00	20.00	0.00	0.00	0.00	37.00	35.00	42.00	1.00	53.00	87.00	45.00
	3222.14	0.00	27.00	0.00	29.00	1.00	41.00	20.00	0.00	0.00	0.00	37.00	33.00	42.00	3.00	53.00	87.00	45.00
	3222.15	0.00	27.00	0.00	30.00	0.00	41.00	21.00	0.00	0.00	0.00	37.00	35.00	42.00	3.00	53.00	88.00	45.00
	3222.16	0.00	27.00	0.00	29.00	1.00	40.00	20.00	0.00	0.00	0.00	37.00	33.00	42.00	3.00	53.00	88.00	45.00
	3222.17	0.00	31.00	0.00	30.00	0.00	41.00	21.00	0.00	0.00	0.00	37.00	34.00	43.00	3.00	53.00	89.00	45.00
	3222.18	0.00	32.00	0.00	29.00	1.00	41.00	20.00	0.00	0.00	0.00	37.00	34.00	43.00	4.00	54.00	89.00	45.00
	3222.19	0.00	32.00	0.00	30.00	0.00	41.00	20.00	0.00	0.00	0.00	37.00	34.00	43.00	5.00	54.00	90.00	46.00
	3222.20	0.00	32.00	0.00	29.00	2.00	41.00	20.00	0.00	0.00	0.00	37.00	33.00	43.00	4.00	53.00	99.00	47.00
	3222.21	0.00	32.00	0.00	30.00	2.00	41.00	21.00	0.00	0.00	0.00	37.00	34.00	43.00	4.00	53.00	100.00	47.00
	3222.21	0.00	34.00	0.00	30.00	14.00	41.00	21.00	0.00	0.00	0.00	37.00	34.00	43.00	5.00	53.00	91.00	47.00
	3222.22	0.00	35.00	0.00	31.00	18.00	42.00	31.00	0.00	0.00	0.00	37.00	34.00	43.00	4.00	53.00	91.00	47.00
	3222.23	0.00	36.00	0.00	31.00	20.00	42.00	32.00	0.00	0.00	0.00	37.00	34.00	43.00	6.00	54.00	90.00	47.00
	3222.24	0.00	35.00	0.00	31.00	24.00	42.00	33.00	0.00	0.00	0.00	36.00	35.00	43.00	4.00	54.00	90.00	47.00
	3222.25	0.00	36.00	0.00	32.00	26.00	42.00	33.00	0.00	0.00	0.00	36.00	35.00	42.00	6.00	54.00	90.00	47.00
	3222.26	0.00	35.00	0.00	32.00	23.00	42.00	31.00	0.00	0.00	0.00	37.00	33.00	43.00	9.00	54.00	90.00	46.00
	3222.27	0.00	36.00	0.00	32.00	21.00	42.00	32.00	0.00	0.00	0.00	37.00	35.00	43.00	12.00	55.00	90.00	47.00
	3222.28	0.00	36.00	0.00	33.00	16.00	42.00	32.00	0.00	0.00	0.00	37.00	35.00	41.00	13.00	56.00	92.00	47.00
	3222.29	0.00	35.00	0.00	32.00	18.00	42.00	32.00	0.00	0.00	0.00	37.00	34.00	41.00	14.00	56.00	92.00	47.00
	3222.30	0.00	36.00	0.00	32.00	17.00	43.00	32.00	0.00	0.00	0.00	37.00	33.00	43.00	16.00	56.00	92.00	47.00
	3222.31	0.00	36.00	0.00	32.00	17.00	43.00	32.00	0.00	4.00	0.00	36.00	33.00	42.00	15.00	57.00	92.00	47.00
	3222.32	0.00	35.00	0.00	33.00	18.00	42.00	32.00	0.00	19.00	0.00	37.00	33.00	43.00	10.00	56.00	91.00	48.00
	3222.33	0.00	36.00	0.00	33.00	18.00	42.00	33.00	0.00	22.00	0.00	37.00	35.00	43.00	11.00	57.00	91.00	48.00
	3222.34	0.00	36.00	0.00	34.00	21.00	42.00	33.00	0.00	38.00	0.00	37.00	35.00	43.00	14.00	56.00	91.00	48.00
	3222.35	0.00	36.00	0.00	34.00	26.00	43.00	33.00	0.00	72.00	0.00	37.00	34.00	40.00	13.00	56.00	90.00	47.00
	3222.35	0.00	36.00	0.00	35.00	26.00	45.00	33.00	11.00	83.00	0.00	37.00	35.00	42.00	13.00	55.00	87.00	47.00
	3222.37	0.00	36.00	0.00	35.00	27.00	48.00	32.00	12.00	90.00	0.00	37.00	32.00	42.00	15.00	55.00	83.00	47.00
	3222.37	0.00	36.00	0.00	35.00	28.00	50.00	32.00	15.00	96.00	0.00	37.00	32.00	42.00	15.00	55.00	81.00	47.00
	3222.38	0.00	35.00	1.00	34.00	28.00	52.00	8.00	15.00	98.00	0.00	37.00	34.00	40.00	16.00	55.00	78.00	47.00
	3222.39	0.00	36.00	0.00	35.00	31.00	57.00	4.00	24.00	108.00	0.00	37.00	34.00	42.00	15.00	55.00	78.00	47.00
	3222.40	0.00	35.00	0.00	35.00	32.00	61.00	11.00	24.00	100.00	0.00	37.00	34.00	42.00	15.00	54.00	77.00	47.00
	3222.41	0.00	35.00	0.00	36.00	33.00	64.00	25.00	24.00	97.00	0.00	37.00	32.00	40.00	16.00	55.00	77.00	47.00
	3222.42	0.00	35.00	0.00	35.00	32.00	61.00	4.00	24.00	99.00	0.00	37.00	32.00	43.00	16.00	55.00	77.00	47.00
	3222.43	0.00	30.00	1.00	36.00	31.00	59.00	12.00	23.00	103.00	0.00	37.00	34.00	43.00	14.00	54.00	77.00	47.00
	3222.44	0.00	28.00	1.00	36.00	32.00	56.00	13.00	22.00	104.00	0.00	37.00	34.00	43.00	12.00	54.00	77.00	47.00
	3222.45	0.00	28.00	0.00	37.00	32.00	53.00	33.00	24.00	108.00	0.00	37.00	32.00	43.00	14.00	54.00	77.00	47.00
	3222.46	0.00	29.00	7.00	37.00	31.00	52.00	32.00	24.00	113.00	0.00	37.00	34.00	44.00	12.00	54.00	78.00	46.00
	3222.47	0.00	29.00	9.00	37.00	31.00	51.00	32.00	24.00	113.00	0.00	37.00	32.00	44.00	13.00	54.00	78.00	47.00
	3222.48	0.00	28.00	12.00	35.00	34.00	51.00	32.00	24.00	111.00	0.00	37.00	33.00	45.00	15.00	54.00	79.00	47.00
	3222.49	0.00	28.00	10.00	34.00	36.00	50.00	32.00	24.00	119.00	0.00	37.00	35.00	45.00	7.00	54.00	77.00	47.00
	3222.50	0.00	34.00	8.00	35.00	37.00	50.00	32.00	24.00	116.00	0.00	37.00	33.00	45.00	11.00	53.00	79.00	46.00
	3222.51	0.00	32.00	21.00	36.00	37.00	48.00	31.00	24.00	123.00	0.00	37.00	33.00	45.00	12.00	53.00	80.00	47.00
	3222.52	0.00	32.00	16.00	36.00	38.00	47.00	32.00	24.00	122.00	0.00	37.00	33.00	45.00	13.00	53.00	86.00	47.00
	3222.53	0.00	29.00	18.00	37.00	35.00	48.00	32.00	24.00	122.00	0.00	37.00	35.00	45.00	12.00	52.00	88.00	47.00
	3222.54	0.00	29.00	20.00	37.00	33.00	47.00	33.00	24.00	125.00	0.00	37.00	33.00	45.00	11.00	52.00	88.00	47.00
	3222.55	0.00	34.00	18.00	37.00	37.00	47.00	32.00	24.00	135.00	0.00	37.00	33.00	45.00	9.00	53.00	90.00	47.00
	3222.56	0.00	30.00	22.00	37.00	39.00	47.00	32.00	24.00	132.00	0.00	37.00	33.00	46.00	10.00	53.00	93.00	47.00
	3222.57	0.00	30.00	23.00	37.00	40.00	48.00	32.00	24.00	135.00	0.00	37.00	34.00	46.00	12.00	53.00	103.00	47.00
	3222.58	0.00	31.00	25.00	37.00	39.00	48.00	32.00	25.00	135.00	0.00	37.00	34.00	46.00	9.00	53.00	105.00	46.00
	3222.59	0.00	36.00	22.00	38.00	43.00	48.00	33.00	24.00	137.00	0.00	37.00	34.00	46.00	10.00	54.00	105.00	47.00
	3222.60	0.00	37.00	21.00	37.00	42.00	49.00	33.00	25.00	145.00	0.00	37.00	34.00	46.00	9.00	54.00	105.00	46.00
	3222.60	0.00	37.00	22.00	38.00	43.00	53.00	33.00	25.00	152.00	0.00	37.00	34.00	46.00	5.00	54.00	105.00	47.00
	3222.62	0.00	37.00	22.00	37.00	63.00	54.00	33.00	25.00	161.00	0.00	37.00	36.00	46.00	8.00	54.00	105.00	47.00
	3222.62	0.00	36.00	22.00	38.00	70.00	56.00	33.00	25.00	168.00	0.00	37.00	34.00	46.00	4.00	55.00	107.00	47.00
	3222.63	0.00	37.00	25.00	39.00	76.00	62.00	34.00	25.00	179.00	0.00	37.00	35.00	46.00	4.00	55.00	108.00	47.00
	3222.64	0.00	38.00	24.00	40.00	78.00	68.00	34.00	26.00	180.00	0.00	36.00	34.00	46.00	7.00	56.00	106.00	48.00
	3222.65	0.00	38.00	24.00	40.00	84.00	74.00	34.00	26.00	182.00	0.00	36.00	36.00	47.00	9.00	63.00	110.00	50.00
	3222.66	0.00	39.00	27.00	40.00	86.00	76.00	33.00	26.00	189.00	0.00	36.00	36.00	47.00	10.00	58.00	116.00	50.00
	3222.67	0.00	39.00	26.00	40.00	89.00	80.00	33.00	26.00	193.00	0.00	35.00	35.00	47.00	7.00	67.00	119.00	51.00
	3222.68	0.00	39.00	34.00	40.00	92.00	86.00	34.00	26.00	196.00	0.00	36.00	37.00	46.00	8.00	60.00	122.00	51.00
	3222.69	0.00	38.00	34.00	41.00	95.00	94.00	34.00	27.00	205.00	0.00	36.00	37.00	47.00	11.00	66.00	125.00	51.00
	3222.70	0.00	40.00	35.00	40.00	96.00	95.00	34.00	27.00	212.00	0.00	36.00	36.00	47.00	3.00	62.00	128.00	51.00
	3222.71	0.00	40.00	35.00	40.00	98.00	94.00	34.00	27.00	213.00	0.00	36.00	36.00	47.00	3.00	69.00	128.00	56.00
	3222.72	0.00	41.00	45.00	40.00	101.00	95.00	35.00	27.00	211.00	0.00	35.00	38.00	48.00	5.00	71.00	129.00	55.00
	3222.73	0.00	41.00	52.00	40.00	103.00	97.00	34.00	27.00	216.00	0.00	35.00	37.00	48.00	7.00	72.00	129.00	59.00
	3222.74	0.00	40.00	54.00	40.00	108.00	108.00	34.00	27.00	219.00	0.00	35.00	40.00	48.00	8.00	75.00	130.00	62.00
	3222.75	0.00	41.00	60.00	42.00	116.00	113.00	36.00	27.00	227.00	0.00	35.00	41.00	47.00	7.00	75.00	129.00	63.00
	3222.76	0.00	41.00	66.00	41.00	115.00	116.00	34.00	25.00	225.00	0.00	35.00	42.00	47.00	9.00	74.00	132.00	63.00
	3222.77	0.00	42.00	64.00	41.00	118.00	116.00	36.00	27.00	229.00	0.00	35.00	46.00	47.00	11.00	77.00	134.00	65.00
	3222.78	0.00	42.00	64.00	42.00	120.00	117.00	35.00	27.00	236.00	0.00	35.00	47.00	50.00	9.00	83.00	138.00	67.00
	3222.79	0.00	42.00	63.00	41.00	123.00	117.00	34.00	27.00	237.00	0.00	35.00	47.00	50.00	10.00	83.00	141.00	72.00
	3222.80	0.00	43.00	65.00	41.00	123.00	118.00	36.00	27.00	239.00	0.00	35.00	48.00	50.00	10.00	85.00	147.00	77.00
	3222.81	0.00	43.00	67.00	42.00	123.00	121.00	39.00	27.00	243.00	0.00	35.00	48.00	50.00	15.00	87.00	151.00	79.00
	3222.82	0.00	45.00	64.00	43.00	124.00	121.00	40.00	27.00	242.00	0.00	36.00	54.00	50.00	14.00	98.00	161.00	81.00
	3222.83	0.00	49.00	68.00	44.00	126.00	124.00	38.00	27.00	249.00	0.00	35.00	54.00	51.00	13.00	115.00	167.00	87.00
	3222.84	0.00	51.00	71.00	41.00	129.00	127.00	38.00	27.00	253.00	0.00	36.00	63.00	51.00	13.00	134.00	172.00	89.00
	3222.85	0.00	54.00	72.00	42.00	132.00	128.00	38.00	27.00	256.00	0.00	36.00	66.00	51.00	11.00	147.00	189.00	92.00
	3222.86	0.00	55.00	74.00	43.00	135.00	129.00	38.00	27.00	258.00	0.00	36.00	69.00	51.00	8.00	156.00	192.00	104.00
	3222.87	0.00	57.00	77.00	45.00	137.00	133.00	39.00	27.00	258.00	0.00	37.00	70.00	51.00	10.00	166.00	194.00	109.00
	3222.88	0.00	58.00	75.00	44.00	138.00	136.00	39.00	27.00	261.00	0.00	36.00	76.00	53.00	9.00	170.00	196.00	110.00
	3222.89	0.00	59.00	81.00	45.00	140.00	139.00	40.00	27.00	265.00	0.00	35.00	78.00	63.00	9.00	174.00	202.00	113.00
	3222.90	0.00	59.00	82.00	46.00	140.00	140.00	39.00	27.00	264.00	0.00	37.00	82.00	67.00	9.00	175.00	203.00	116.00
	3222.91	0.00	58.00	81.00	45.00	140.00	141.00	39.00	27.00	266.00	0.00	36.00	82.00	68.00	10.00	175.00	206.00	119.00
	3222.92	0.00	61.00	84.00	46.00	141.00	141.00	39.00	27.00	266.00	0.00	36.00	82.00	67.00	10.00	175.00	207.00	120.00
	3222.93	0.00	60.00	85.00	46.00	142.00	139.00	39.00	27.00	264.00	0.00	36.00	91.00	69.00	11.00	172.00	209.00	126.00
	3222.94	0.00	62.00	84.00	46.00	142.00	139.00	39.00	27.00	267.00	0.00	36.00	92.00	70.00	11.00	173.00	210.00	125.00
	3222.95	0.00	60.00	84.00	46.00	141.00	140.00	38.00	27.00	265.00	0.00	35.00	95.00	71.00	10.00	174.00	212.00	126.00
	3222.96	0.00	60.00	86.00	45.00	143.00	141.00	39.00	27.00	268.00	0.00	36.00	107.00	69.00	11.00	173.00	212.00	128.00
	3222.97	0.00	65.00	89.00	46.00	145.00	141.00	39.00	27.00	266.00	0.00	35.00	110.00	72.00	10.00	174.00	212.00	129.00
	3222.98	0.00	64.00	86.00	46.00	147.00	141.00	40.00	27.00	262.00	0.00	36.00	112.00	72.00	12.00	178.00	212.00	130.00
	3222.99	0.00	69.00	86.00	46.00	147.00	146.00	39.00	27.00	267.00	0.00	35.00	114.00	74.00	11.00	180.00	214.00	133.00
	3223.00	0.00	72.00	85.00	46.00	146.00	148.00	39.00	28.00	264.00	0.00	35.00	119.00	75.00	11.00	181.00	215.00	133.00
	3223.01	0.00	72.00	88.00	46.00	148.00	147.00	39.00	28.00	267.00	0.00	35.00	121.00	74.00	10.00	186.00	216.00	131.00
	3223.02	0.00	74.00	87.00	46.00	145.00	148.00	39.00	27.00	268.00	0.00	35.00	123.00	79.00	10.00	188.00	217.00	134.00
	3223.03	0.00	79.00	87.00	46.00	147.00	147.00	39.00	28.00	268.00	4.00	35.00	125.00	80.00	10.00	190.00	217.00	136.00
	3223.04	0.00	79.00	89.00	47.00	148.00	145.00	39.00	28.00	269.00	9.00	36.00	124.00	81.00	11.00	195.00	217.00	138.00
	3223.05	0.00	80.00	91.00	46.00	147.00	143.00	39.00	28.00	269.00	10.00	36.00	128.00	80.00	10.00	196.00	218.00	140.00
	3223.06	0.00	79.00	90.00	45.00	149.00	141.00	39.00	27.00	273.00	11.00	36.00	125.00	76.00	10.00	199.00	219.00	140.00
	3223.07	0.00	77.00	91.00	46.00	150.00	141.00	40.00	27.00	278.00	13.00	36.00	126.00	74.00	9.00	200.00	219.00	139.00
	3223.08	0.00	77.00	90.00	44.00	149.00	142.00	40.00	28.00	278.00	0.00	36.00	121.00	72.00	9.00	199.00	218.00	137.00
	3223.09	0.00	78.00	90.00	46.00	148.00	143.00	40.00	28.00	279.00	0.00	36.00	122.00	69.00	11.00	201.00	218.00	136.00
	3223.10	0.00	78.00	91.00	45.00	149.00	143.00	39.00	27.00	280.00	0.00	36.00	112.00	68.00	11.00	201.00	220.00	136.00
	3223.11	0.00	78.00	90.00	46.00	150.00	144.00	39.00	28.00	280.00	0.00	36.00	105.00	68.00	11.00	202.00	221.00	137.00
	3223.12	0.00	78.00	90.00	45.00	151.00	145.00	39.00	28.00	280.00	0.00	36.00	90.00	63.00	11.00	201.00	222.00	137.00
	3223.13	0.00	78.00	89.00	46.00	152.00	146.00	38.00	28.00	280.00	0.00	36.00	85.00	65.00	11.00	203.00	222.00	136.00
	3223.14	0.00	78.00	90.00	46.00	158.00	145.00	38.00	28.00	279.00	0.00	37.00	84.00	67.00	10.00	206.00	220.00	135.00
	3223.15	0.00	77.00	90.00	46.00	157.00	144.00	38.00	28.00	279.00	0.00	37.00	85.00	58.00	10.00	208.00	222.00	135.00
	3223.16	0.00	76.00	90.00	47.00	156.00	143.00	39.00	28.00	282.00	0.00	37.00	84.00	57.00	10.00	210.00	220.00	133.00
	3223.17	0.00	78.00	89.00	47.00	157.00	144.00	35.00	28.00	281.00	0.00	37.00	81.00	53.00	11.00	211.00	217.00	133.00
	3223.18	0.00	78.00	88.00	47.00	159.00	145.00	36.00	28.00	282.00	0.00	37.00	83.00	52.00	12.00	212.00	218.00	132.00
	3223.19	0.00	81.00	88.00	48.00	161.00	145.00	36.00	29.00	279.00	0.00	37.00	83.00	53.00	12.00	215.00	221.00	133.00
	3223.20	0.00	81.00	86.00	47.00	161.00	146.00	36.00	28.00	276.00	0.00	36.00	84.00	54.00	12.00	227.00	223.00	134.00
	3223.21	0.00	84.00	87.00	47.00	162.00	148.00	37.00	29.00	271.00	0.00	36.00	82.00	55.00	13.00	234.00	222.00	136.00
	3223.22	0.00	86.00	89.00	48.00	164.00	151.00	37.00	29.00	275.00	0.00	36.00	82.00	54.00	14.00	241.00	222.00	138.00
	3223.23	0.00	86.00	88.00	48.00	164.00	152.00	37.00	30.00	273.00	0.00	36.00	84.00	52.00	13.00	245.00	223.00	140.00
	3223.24	0.00	89.00	88.00	48.00	167.00	153.00	37.00	31.00	271.00	0.00	35.00	83.00	50.00	14.00	247.00	224.00	140.00
	3223.25	0.00	89.00	89.00	49.00	169.00	153.00	37.00	30.00	269.00	0.00	36.00	81.00	51.00	14.00	249.00	224.00	139.00
	3223.26	0.00	87.00	87.00	49.00	172.00	152.00	38.00	31.00	275.00	0.00	36.00	79.00	51.00	14.00	251.00	224.00	138.00
	3223.27	0.00	87.00	87.00	49.00	171.00	152.00	36.00	31.00	280.00	0.00	36.00	76.00	51.00	14.00	250.00	221.00	137.00
	3223.27	0.00	87.00	89.00	49.00	170.00	152.00	34.00	31.00	283.00	0.00	36.00	76.00	51.00	12.00	251.00	220.00	137.00
	3223.28	0.00	85.00	89.00	48.00	170.00	152.00	35.00	31.00	282.00	0.00	36.00	77.00	51.00	13.00	249.00	217.00	136.00
	3223.30	0.00	85.00	90.00	48.00	171.00	152.00	36.00	31.00	284.00	0.00	36.00	74.00	51.00	14.00	249.00	218.00	135.00
	3223.30	0.00	85.00	87.00	48.00	171.00	151.00	36.00	31.00	283.00	0.00	36.00	73.00	51.00	14.00	249.00	218.00	133.00
	3223.31	0.00	86.00	89.00	48.00	169.00	151.00	37.00	31.00	281.00	0.00	36.00	75.00	51.00	14.00	247.00	217.00	130.00
	3223.32	0.00	86.00	91.00	48.00	170.00	150.00	36.00	31.00	287.00	0.00	36.00	77.00	50.00	14.00	245.00	216.00	127.00
	3223.33	0.00	88.00	90.00	48.00	170.00	150.00	36.00	31.00	287.00	0.00	36.00	74.00	50.00	14.00	244.00	216.00	123.00
	3223.34	0.00	87.00	93.00	49.00	170.00	149.00	36.00	32.00	290.00	0.00	36.00	75.00	50.00	13.00	244.00	214.00	123.00
	3223.35	0.00	88.00	89.00	48.00	170.00	147.00	36.00	31.00	288.00	0.00	36.00	74.00	50.00	14.00	242.00	214.00	121.00
	3223.36	0.00	89.00	89.00	48.00	171.00	150.00	37.00	32.00	290.00	0.00	36.00	75.00	50.00	14.00	241.00	213.00	121.00
	3223.37	0.00	90.00	88.00	48.00	171.00	151.00	36.00	31.00	292.00	0.00	36.00	69.00	50.00	14.00	241.00	212.00	121.00
	3223.38	0.00	90.00	89.00	48.00	171.00	151.00	36.00	31.00	290.00	0.00	36.00	70.00	50.00	14.00	241.00	211.00	121.00
	3223.39	0.00	91.00	89.00	47.00	171.00	153.00	36.00	31.00	292.00	0.00	35.00	72.00	48.00	14.00	241.00	211.00	121.00
	3223.40	0.00	90.00	90.00	48.00	171.00	151.00	35.00	31.00	293.00	0.00	36.00	70.00	50.00	14.00	242.00	211.00	122.00
	3223.41	0.00	90.00	92.00	49.00	171.00	152.00	35.00	31.00	289.00	0.00	36.00	72.00	50.00	14.00	243.00	211.00	122.00
	3223.42	0.00	88.00	92.00	48.00	172.00	152.00	34.00	31.00	288.00	0.00	36.00	75.00	50.00	14.00	243.00	211.00	122.00
	3223.43	0.00	89.00	88.00	48.00	171.00	152.00	34.00	31.00	289.00	0.00	36.00	75.00	50.00	14.00	244.00	212.00	123.00
	3223.44	0.00	90.00	88.00	48.00	171.00	153.00	34.00	31.00	289.00	0.00	36.00	75.00	50.00	14.00	245.00	212.00	123.00
	3223.45	0.00	88.00	93.00	48.00	170.00	153.00	34.00	31.00	290.00	0.00	36.00	77.00	50.00	14.00	247.00	213.00	126.00
	3223.46	0.00	90.00	91.00	48.00	172.00	152.00	35.00	31.00	285.00	0.00	36.00	75.00	50.00	14.00	248.00	212.00	126.00
	3223.47	0.00	89.00	91.00	48.00	172.00	152.00	34.00	31.00	285.00	0.00	36.00	75.00	51.00	15.00	248.00	213.00	127.00
	3223.48	0.00	89.00	91.00	48.00	173.00	152.00	34.00	31.00	284.00	0.00	37.00	78.00	50.00	16.00	249.00	213.00	126.00
	3223.49	0.00	90.00	91.00	48.00	172.00	152.00	34.00	31.00	285.00	0.00	37.00	78.00	50.00	14.00	249.00	213.00	125.00
	3223.50	0.00	90.00	91.00	48.00	172.00	153.00	34.00	31.00	286.00	0.00	37.00	78.00	50.00	15.00	249.00	214.00	125.00
	3223.51	0.00	91.00	91.00	48.00	172.00	153.00	34.00	31.00	293.00	0.00	37.00	78.00	50.00	14.00	248.00	214.00	125.00
	3223.52	0.00	94.00	92.00	49.00	171.00	153.00	34.00	33.00	288.00	0.00	37.00	78.00	50.00	15.00	247.00	214.00	123.00
	3223.53	0.00	99.00	93.00	48.00	172.00	155.00	34.00	35.00	291.00	0.00	37.00	78.00	50.00	14.00	246.00	214.00	121.00
	3223.54	0.00	100.00	92.00	48.00	172.00	155.00	35.00	36.00	294.00	0.00	37.00	76.00	50.00	14.00	245.00	213.00	120.00
	3223.55	0.00	100.00	91.00	48.00	173.00	157.00	35.00	37.00	294.00	0.00	37.00	78.00	50.00	15.00	243.00	214.00	118.00
	3223.56	0.00	100.00	91.00	49.00	174.00	158.00	35.00	38.00	291.00	0.00	36.00	78.00	49.00	15.00	242.00	214.00	115.00
	3223.57	0.00	99.00	87.00	49.00	178.00	158.00	35.00	38.00	288.00	0.00	37.00	78.00	50.00	15.00	241.00	216.00	115.00
	3223.58	0.00	100.00	87.00	50.00	179.00	160.00	35.00	39.00	291.00	0.00	37.00	80.00	50.00	16.00	242.00	219.00	115.00
	3223.59	0.00	105.00	88.00	51.00	181.00	162.00	35.00	39.00	288.00	0.00	45.00	82.00	50.00	16.00	245.00	223.00	116.00
	3223.60	0.00	107.00	92.00	50.00	180.00	165.00	35.00	39.00	291.00	0.00	46.00	101.00	50.00	16.00	246.00	222.00	119.00
	3223.61	0.00	110.00	97.00	54.00	182.00	168.00	35.00	40.00	289.00	0.00	47.00	116.00	49.00	16.00	246.00	221.00	120.00
	3223.62	0.00	112.00	98.00	63.00	187.00	171.00	34.00	40.00	296.00	0.00	47.00	125.00	50.00	16.00	248.00	222.00	120.00
	3223.63	0.00	115.00	102.00	62.00	189.00	173.00	35.00	41.00	295.00	0.00	50.00	130.00	50.00	16.00	249.00	225.00	121.00
	3223.64	0.00	116.00	100.00	66.00	189.00	174.00	36.00	42.00	297.00	0.00	55.00	137.00	50.00	17.00	251.00	227.00	124.00
	3223.65	0.00	118.00	104.00	69.00	187.00	174.00	36.00	43.00	301.00	0.00	58.00	140.00	50.00	17.00	253.00	229.00	124.00
	3223.66	0.00	118.00	102.00	72.00	191.00	174.00	35.00	44.00	305.00	0.00	58.00	140.00	50.00	18.00	253.00	230.00	121.00
	3223.67	0.00	119.00	99.00	74.00	193.00	175.00	37.00	48.00	306.00	0.00	59.00	141.00	50.00	18.00	253.00	230.00	121.00
	3223.68	0.00	118.00	99.00	76.00	194.00	177.00	36.00	49.00	311.00	0.00	58.00	142.00	50.00	18.00	253.00	230.00	121.00
	3223.69	0.00	119.00	100.00	78.00	197.00	183.00	36.00	49.00	308.00	0.00	58.00	141.00	49.00	17.00	252.00	230.00	119.00
	3223.70	0.00	122.00	99.00	78.00	198.00	186.00	35.00	47.00	307.00	0.00	58.00	138.00	50.00	18.00	252.00	230.00	119.00
	3223.71	0.00	122.00	101.00	78.00	198.00	186.00	35.00	45.00	308.00	0.00	57.00	136.00	50.00	18.00	251.00	230.00	113.00
	3223.72	0.00	124.00	97.00	78.00	197.00	188.00	35.00	45.00	307.00	0.00	49.00	134.00	49.00	18.00	251.00	229.00	106.00
	3223.73	0.00	119.00	97.00	78.00	197.00	186.00	35.00	44.00	308.00	0.00	47.00	129.00	49.00	18.00	250.00	228.00	104.00
	3223.74	0.00	123.00	99.00	78.00	196.00	185.00	36.00	44.00	307.00	0.00	47.00	122.00	49.00	18.00	249.00	228.00	100.00
	3223.75	0.00	124.00	99.00	77.00	196.00	185.00	36.00	44.00	305.00	0.00	47.00	121.00	49.00	18.00	249.00	227.00	100.00
	3223.76	0.00	122.00	99.00	78.00	196.00	182.00	36.00	44.00	306.00	0.00	48.00	120.00	49.00	19.00	248.00	228.00	100.00
	3223.77	0.00	125.00	97.00	78.00	198.00	182.00	36.00	44.00	306.00	0.00	49.00	121.00	49.00	19.00	248.00	228.00	101.00
	3223.78	0.00	121.00	97.00	78.00	199.00	183.00	36.00	44.00	307.00	0.00	48.00	119.00	49.00	18.00	248.00	227.00	102.00
	3223.79	0.00	120.00	98.00	78.00	198.00	184.00	36.00	44.00	307.00	0.00	49.00	121.00	48.00	18.00	247.00	227.00	102.00
	3223.80	0.00	120.00	97.00	77.00	198.00	184.00	35.00	45.00	308.00	0.00	49.00	117.00	49.00	18.00	246.00	227.00	101.00
	3223.81	0.00	121.00	100.00	78.00	198.00	184.00	35.00	45.00	308.00	0.00	49.00	116.00	49.00	18.00	246.00	226.00	100.00
	3223.82	0.00	121.00	100.00	77.00	199.00	184.00	35.00	45.00	309.00	0.00	50.00	116.00	49.00	18.00	244.00	226.00	93.00
	3223.83	0.00	121.00	100.00	76.00	197.00	184.00	35.00	45.00	307.00	0.00	53.00	108.00	49.00	19.00	243.00	225.00	91.00
	3223.84	0.00	120.00	101.00	73.00	197.00	181.00	35.00	45.00	307.00	0.00	56.00	101.00	49.00	19.00	242.00	226.00	92.00
	3223.85	0.00	122.00	101.00	72.00	197.00	177.00	34.00	45.00	305.00	0.00	57.00	102.00	49.00	19.00	241.00	227.00	94.00
	3223.86	0.00	121.00	100.00	71.00	196.00	177.00	35.00	45.00	305.00	0.00	57.00	102.00	49.00	18.00	241.00	227.00	95.00
	3223.87	0.00	123.00	101.00	70.00	197.00	178.00	35.00	46.00	304.00	0.00	57.00	95.00	50.00	19.00	240.00	226.00	96.00
	3223.88	0.00	122.00	101.00	70.00	195.00	178.00	35.00	46.00	305.00	0.00	57.00	91.00	49.00	19.00	240.00	227.00	98.00
	3223.89	0.00	123.00	100.00	69.00	194.00	179.00	35.00	45.00	307.00	0.00	57.00	88.00	49.00	19.00	239.00	227.00	101.00
	3223.90	0.00	121.00	100.00	64.00	197.00	179.00	35.00	44.00	303.00	0.00	57.00	88.00	49.00	21.00	239.00	225.00	103.00
	3223.91	0.00	120.00	99.00	64.00	197.00	176.00	35.00	45.00	302.00	0.00	57.00	89.00	49.00	20.00	245.00	224.00	106.00
	3223.92	0.00	118.00	100.00	62.00	196.00	176.00	35.00	45.00	302.00	0.00	58.00	87.00	49.00	21.00	242.00	222.00	109.00
	3223.93	0.00	118.00	100.00	62.00	196.00	175.00	35.00	45.00	304.00	0.00	58.00	104.00	49.00	21.00	244.00	221.00	109.00
	3223.94	0.00	118.00	101.00	63.00	196.00	176.00	38.00	46.00	305.00	0.00	59.00	117.00	49.00	21.00	241.00	220.00	113.00
	3223.95	0.00	120.00	101.00	61.00	198.00	176.00	38.00	46.00	306.00	0.00	59.00	116.00	49.00	21.00	241.00	219.00	114.00
	3223.96	0.00	118.00	102.00	62.00	198.00	176.00	39.00	48.00	304.00	8.00	60.00	123.00	48.00	20.00	240.00	219.00	116.00
	3223.97	0.00	119.00	103.00	63.00	198.00	177.00	38.00	50.00	306.00	15.00	62.00	133.00	49.00	20.00	241.00	217.00	123.00
	3223.98	0.00	119.00	103.00	66.00	196.00	177.00	38.00	50.00	306.00	17.00	65.00	132.00	49.00	20.00	242.00	219.00	127.00
	3224.00	0.00	122.00	103.00	66.00	196.00	178.00	38.00	52.00	309.00	26.00	67.00	140.00	50.00	19.00	243.00	215.00	133.00
	3224.00	0.00	122.00	103.00	68.00	196.00	178.00	38.00	57.00	311.00	28.00	70.00	140.00	50.00	21.00	249.00	215.00	143.00
	3224.01	0.00	121.00	104.00	67.00	193.00	179.00	39.00	63.00	311.00	33.00	75.00	146.00	50.00	22.00	245.00	227.00	145.00
	3224.02	0.00	121.00	105.00	69.00	196.00	179.00	39.00	61.00	310.00	42.00	76.00	150.00	50.00	15.00	253.00	235.00	148.00
	3224.03	0.00	123.00	105.00	69.00	196.00	179.00	38.00	62.00	309.00	48.00	77.00	159.00	50.00	18.00	255.00	239.00	150.00
	3224.04	0.00	123.00	105.00	69.00	196.00	180.00	39.00	66.00	310.00	49.00	78.00	161.00	50.00	16.00	253.00	242.00	153.00
	3224.05	0.00	121.00	104.00	68.00	198.00	180.00	39.00	67.00	310.00	52.00	79.00	162.00	50.00	17.00	252.00	240.00	155.00
	3224.07	0.00	126.00	105.00	69.00	200.00	181.00	38.00	72.00	310.00	55.00	79.00	163.00	50.00	16.00	255.00	241.00	162.00
	3224.08	0.00	119.00	102.00	72.00	201.00	183.00	39.00	74.00	313.00	57.00	79.00	166.00	50.00	18.00	254.00	241.00	164.00
	3224.09	0.00	125.00	103.00	74.00	203.00	183.00	39.00	76.00	311.00	55.00	87.00	168.00	51.00	18.00	255.00	247.00	165.00
	3224.10	0.00	124.00	104.00	78.00	204.00	184.00	38.00	78.00	306.00	54.00	89.00	169.00	51.00	20.00	255.00	249.00	169.00
	3224.10	0.00	124.00	102.00	79.00	205.00	185.00	38.00	77.00	308.00	59.00	89.00	173.00	58.00	26.00	256.00	253.00	171.00
	3224.12	0.00	122.00	105.00	81.00	207.00	185.00	38.00	79.00	305.00	60.00	91.00	172.00	64.00	20.00	261.00	257.00	174.00
	3224.13	0.00	119.00	105.00	80.00	205.00	186.00	38.00	88.00	301.00	58.00	93.00	176.00	68.00	27.00	261.00	259.00	184.00
	3224.14	0.00	123.00	104.00	80.00	207.00	186.00	38.00	90.00	297.00	59.00	93.00	178.00	69.00	29.00	262.00	257.00	189.00
	3224.15	0.00	126.00	105.00	81.00	212.00	187.00	38.00	96.00	295.00	59.00	94.00	180.00	71.00	29.00	265.00	260.00	191.00
	3224.16	0.00	127.00	104.00	81.00	213.00	189.00	37.00	95.00	294.00	58.00	94.00	180.00	72.00	29.00	263.00	263.00	193.00
	3224.17	0.00	132.00	106.00	81.00	213.00	191.00	38.00	96.00	294.00	60.00	94.00	181.00	71.00	29.00	265.00	266.00	197.00
	3224.18	0.00	132.00	105.00	82.00	215.00	192.00	38.00	97.00	296.00	59.00	93.00	181.00	72.00	28.00	266.00	267.00	198.00
	3224.19	0.00	134.00	108.00	83.00	216.00	194.00	38.00	118.00	295.00	58.00	95.00	182.00	76.00	28.00	268.00	269.00	201.00
	3224.20	0.00	138.00	107.00	83.00	218.00	196.00	38.00	119.00	293.00	62.00	95.00	183.00	78.00	28.00	271.00	270.00	205.00
	3224.21	0.00	140.00	107.00	84.00	222.00	197.00	38.00	121.00	299.00	66.00	96.00	186.00	79.00	28.00	270.00	271.00	206.00
	3224.22	0.00	142.00	108.00	84.00	221.00	198.00	38.00	121.00	297.00	73.00	98.00	190.00	80.00	28.00	271.00	272.00	210.00
	3224.23	0.00	142.00	111.00	84.00	224.00	199.00	38.00	124.00	300.00	78.00	100.00	194.00	81.00	28.00	273.00	273.00	209.00
	3224.24	0.00	144.00	109.00	83.00	226.00	200.00	38.00	128.00	302.00	82.00	102.00	199.00	82.00	28.00	277.00	274.00	218.00
	3224.25	0.00	145.00	110.00	84.00	227.00	201.00	38.00	126.00	301.00	85.00	103.00	198.00	82.00	28.00	279.00	275.00	216.00
	3224.26	0.00	148.00	107.00	84.00	228.00	203.00	38.00	128.00	304.00	88.00	105.00	200.00	82.00	28.00	280.00	275.00	218.00
	3224.27	0.00	149.00	107.00	85.00	227.00	203.00	38.00	128.00	304.00	91.00	108.00	203.00	84.00	28.00	281.00	276.00	219.00
	3224.28	0.00	152.00	107.00	85.00	228.00	203.00	38.00	135.00	306.00	92.00	110.00	205.00	84.00	28.00	281.00	276.00	220.00
	3224.29	0.00	154.00	107.00	85.00	229.00	203.00	38.00	133.00	308.00	92.00	112.00	208.00	83.00	28.00	283.00	276.00	221.00
	3224.30	0.00	155.00	107.00	85.00	231.00	203.00	38.00	134.00	308.00	95.00	112.00	211.00	84.00	28.00	284.00	276.00	220.00
	3224.31	0.00	160.00	109.00	87.00	232.00	204.00	38.00	135.00	311.00	94.00	112.00	211.00	84.00	28.00	285.00	275.00	220.00
	3224.32	0.00	160.00	107.00	89.00	232.00	204.00	38.00	134.00	309.00	95.00	112.00	213.00	84.00	28.00	287.00	272.00	217.00
	3224.33	0.00	162.00	109.00	90.00	231.00	204.00	38.00	133.00	311.00	97.00	112.00	214.00	83.00	28.00	286.00	259.00	211.00
	3224.34	0.00	164.00	109.00	91.00	231.00	204.00	39.00	136.00	312.00	99.00	113.00	212.00	82.00	28.00	288.00	258.00	210.00
	3224.35	0.00	169.00	109.00	93.00	232.00	205.00	39.00	136.00	311.00	99.00	114.00	212.00	81.00	28.00	290.00	256.00	209.00
	3224.36	0.00	168.00	111.00	95.00	232.00	205.00	39.00	135.00	311.00	101.00	114.00	212.00	78.00	28.00	291.00	256.00	209.00
	3224.37	0.00	172.00	112.00	97.00	233.00	205.00	39.00	138.00	309.00	101.00	114.00	211.00	78.00	28.00	292.00	256.00	208.00
	3224.38	0.00	169.00	111.00	98.00	234.00	207.00	39.00	134.00	314.00	100.00	115.00	210.00	75.00	28.00	293.00	256.00	206.00
	3224.39	0.00	172.00	111.00	99.00	236.00	208.00	39.00	140.00	314.00	101.00	115.00	211.00	73.00	28.00	292.00	256.00	205.00
	3224.40	0.00	174.00	111.00	99.00	237.00	209.00	39.00	143.00	315.00	101.00	115.00	213.00	70.00	28.00	293.00	256.00	203.00
	3224.41	0.00	174.00	111.00	100.00	238.00	209.00	39.00	140.00	313.00	105.00	115.00	213.00	71.00	28.00	293.00	256.00	200.00
	3224.42	0.00	174.00	111.00	100.00	239.00	210.00	39.00	139.00	313.00	106.00	115.00	213.00	64.00	28.00	293.00	253.00	198.00
	3224.43	0.00	174.00	111.00	99.00	238.00	210.00	39.00	140.00	313.00	107.00	116.00	212.00	56.00	28.00	292.00	253.00	195.00
	3224.44	0.00	175.00	109.00	99.00	239.00	211.00	39.00	141.00	314.00	107.00	114.00	211.00	50.00	28.00	293.00	256.00	194.00
	3224.46	0.00	175.00	112.00	99.00	238.00	211.00	39.00	137.00	314.00	108.00	114.00	209.00	50.00	28.00	293.00	256.00	193.00
	3224.47	0.00	175.00	110.00	98.00	239.00	211.00	39.00	137.00	315.00	109.00	114.00	208.00	50.00	28.00	295.00	254.00	192.00
	3224.48	0.00	176.00	111.00	99.00	237.00	211.00	39.00	140.00	317.00	108.00	113.00	209.00	50.00	28.00	296.00	256.00	191.00
	3224.49	0.00	175.00	111.00	98.00	238.00	212.00	39.00	138.00	321.00	110.00	114.00	209.00	50.00	28.00	296.00	255.00	191.00
	3224.50	0.00	175.00	109.00	96.00	237.00	212.00	39.00	140.00	317.00	110.00	114.00	209.00	49.00	28.00	297.00	258.00	190.00
	3224.51	0.00	175.00	106.00	94.00	238.00	212.00	39.00	136.00	316.00	111.00	115.00	208.00	50.00	28.00	299.00	258.00	191.00
	3224.52	0.00	175.00	103.00	89.00	238.00	212.00	39.00	137.00	314.00	111.00	115.00	209.00	50.00	29.00	303.00	259.00	191.00
	3224.53	0.00	175.00	102.00	87.00	238.00	212.00	39.00	136.00	312.00	113.00	115.00	211.00	50.00	29.00	305.00	260.00	190.00
	3224.54	0.00	174.00	100.00	88.00	238.00	212.00	39.00	138.00	307.00	112.00	116.00	212.00	50.00	29.00	307.00	263.00	191.00
	3224.55	0.00	174.00	100.00	88.00	238.00	211.00	39.00	136.00	305.00	113.00	116.00	213.00	50.00	29.00	308.00	264.00	191.00
	3224.56	0.00	171.00	99.00	89.00	238.00	211.00	39.00	138.00	307.00	112.00	117.00	214.00	50.00	29.00	312.00	265.00	190.00
	3224.57	0.00	173.00	96.00	88.00	238.00	211.00	39.00	139.00	308.00	112.00	116.00	214.00	50.00	29.00	313.00	266.00	191.00
	3224.58	0.00	175.00	98.00	88.00	238.00	211.00	39.00	137.00	305.00	112.00	116.00	213.00	50.00	29.00	314.00	266.00	191.00
	3224.59	0.00	176.00	97.00	88.00	238.00	211.00	39.00	136.00	306.00	112.00	115.00	211.00	49.00	29.00	315.00	266.00	191.00
	3224.60	0.00	178.00	95.00	89.00	239.00	211.00	39.00	139.00	306.00	113.00	114.00	209.00	50.00	29.00	314.00	267.00	190.00
	3224.61	0.00	175.00	93.00	87.00	238.00	211.00	39.00	139.00	300.00	113.00	114.00	211.00	50.00	29.00	314.00	266.00	188.00
	3224.62	0.00	175.00	94.00	87.00	238.00	210.00	39.00	136.00	300.00	112.00	113.00	206.00	50.00	28.00	314.00	264.00	184.00
	3224.63	0.00	175.00	93.00	86.00	238.00	211.00	39.00	136.00	297.00	112.00	110.00	206.00	49.00	28.00	310.00	263.00	181.00
	3224.64	0.00	177.00	93.00	87.00	238.00	211.00	39.00	136.00	294.00	112.00	107.00	207.00	50.00	28.00	309.00	263.00	180.00
	3224.65	0.00	177.00	91.00	86.00	239.00	210.00	39.00	135.00	295.00	112.00	107.00	206.00	49.00	28.00	307.00	262.00	180.00
	3224.66	0.00	178.00	87.00	86.00	238.00	210.00	39.00	135.00	296.00	112.00	107.00	206.00	49.00	27.00	308.00	261.00	179.00
	3224.67	0.00	179.00	88.00	87.00	238.00	210.00	42.00	134.00	297.00	113.00	107.00	207.00	49.00	27.00	308.00	261.00	179.00
	3224.68	0.00	180.00	87.00	87.00	238.00	209.00	42.00	136.00	296.00	112.00	107.00	207.00	49.00	27.00	308.00	261.00	179.00
	3224.69	0.00	179.00	87.00	86.00	238.00	210.00	42.00	139.00	296.00	111.00	106.00	206.00	49.00	27.00	308.00	260.00	177.00
	3224.71	0.00	181.00	88.00	87.00	239.00	210.00	42.00	138.00	294.00	110.00	104.00	206.00	49.00	27.00	307.00	256.00	171.00
	3224.72	0.00	180.00	86.00	87.00	238.00	210.00	42.00	139.00	290.00	108.00	103.00	203.00	49.00	27.00	307.00	254.00	170.00
	3224.73	0.00	180.00	87.00	87.00	238.00	210.00	42.00	141.00	288.00	109.00	101.00	203.00	49.00	27.00	306.00	253.00	167.00
	3224.74	0.00	184.00	85.00	85.00	239.00	211.00	42.00	139.00	289.00	109.00	101.00	203.00	49.00	27.00	306.00	253.00	165.00
	3224.75	0.00	185.00	87.00	85.00	239.00	210.00	42.00	140.00	291.00	109.00	98.00	201.00	49.00	26.00	306.00	252.00	164.00
	3224.76	0.00	184.00	88.00	85.00	238.00	210.00	42.00	137.00	291.00	110.00	97.00	197.00	49.00	27.00	305.00	252.00	164.00
	3224.77	0.00	184.00	91.00	85.00	238.00	210.00	42.00	138.00	292.00	110.00	96.00	196.00	49.00	27.00	304.00	252.00	163.00
	3224.78	0.00	184.00	85.00	86.00	239.00	210.00	42.00	139.00	293.00	110.00	97.00	196.00	49.00	27.00	303.00	252.00	163.00
	3224.79	0.00	184.00	85.00	87.00	238.00	210.00	42.00	139.00	293.00	111.00	97.00	197.00	49.00	26.00	304.00	252.00	164.00
	3224.80	0.00	179.00	85.00	86.00	239.00	210.00	42.00	137.00	290.00	110.00	96.00	195.00	49.00	27.00	303.00	252.00	162.00
	3224.81	0.00	179.00	86.00	85.00	238.00	210.00	42.00	136.00	287.00	109.00	93.00	195.00	49.00	27.00	302.00	251.00	161.00
	3224.82	0.00	178.00	86.00	86.00	237.00	210.00	42.00	138.00	286.00	109.00	93.00	193.00	48.00	28.00	300.00	252.00	160.00
	3224.83	0.00	179.00	86.00	85.00	238.00	210.00	42.00	136.00	283.00	110.00	93.00	192.00	49.00	27.00	300.00	252.00	160.00
	3224.84	0.00	183.00	86.00	85.00	237.00	210.00	42.00	138.00	286.00	111.00	93.00	191.00	49.00	27.00	300.00	252.00	160.00
	3224.85	0.00	180.00	85.00	86.00	238.00	209.00	42.00	137.00	286.00	110.00	94.00	192.00	49.00	28.00	302.00	253.00	160.00
	3224.86	0.00	181.00	87.00	86.00	238.00	210.00	42.00	138.00	287.00	111.00	95.00	193.00	49.00	28.00	303.00	253.00	161.00
	3224.87	0.00	182.00	90.00	87.00	238.00	210.00	42.00	137.00	286.00	111.00	96.00	192.00	49.00	28.00	304.00	254.00	161.00
	3224.88	0.00	181.00	87.00	86.00	237.00	210.00	43.00	138.00	285.00	112.00	97.00	193.00	48.00	27.00	304.00	254.00	161.00
	3224.89	0.00	181.00	87.00	85.00	237.00	211.00	43.00	138.00	289.00	112.00	99.00	195.00	49.00	27.00	304.00	254.00	162.00
	3224.90	0.00	181.00	87.00	86.00	238.00	210.00	43.00	138.00	288.00	112.00	100.00	194.00	48.00	27.00	305.00	255.00	162.00
	3224.91	0.00	181.00	84.00	86.00	238.00	210.00	42.00	138.00	288.00	113.00	99.00	194.00	49.00	27.00	305.00	254.00	161.00
	3224.92	0.00	181.00	85.00	86.00	238.00	210.00	42.00	133.00	287.00	113.00	99.00	192.00	49.00	27.00	304.00	254.00	161.00
	3224.93	0.00	189.00	89.00	86.00	239.00	210.00	43.00	133.00	288.00	112.00	98.00	193.00	49.00	28.00	304.00	254.00	161.00
	3224.94	0.00	186.00	84.00	86.00	238.00	210.00	43.00	137.00	285.00	113.00	98.00	193.00	49.00	27.00	304.00	254.00	162.00
	3224.95	0.00	184.00	88.00	86.00	238.00	210.00	43.00	136.00	284.00	112.00	100.00	194.00	49.00	28.00	305.00	254.00	162.00
	3224.96	0.00	185.00	90.00	86.00	238.00	210.00	43.00	138.00	285.00	113.00	100.00	192.00	49.00	27.00	304.00	254.00	162.00
	3224.97	0.00	188.00	90.00	86.00	239.00	211.00	43.00	138.00	285.00	113.00	99.00	191.00	49.00	27.00	304.00	254.00	162.00
	3224.98	0.00	189.00	91.00	87.00	239.00	211.00	43.00	140.00	282.00	112.00	100.00	192.00	49.00	28.00	304.00	254.00	162.00
	3224.99	0.00	186.00	90.00	88.00	239.00	211.00	43.00	141.00	283.00	113.00	100.00	193.00	49.00	28.00	304.00	254.00	162.00
	3225.00	0.00	187.00	89.00	87.00	239.00	211.00	43.00	142.00	281.00	112.00	100.00	192.00	49.00	28.00	304.00	254.00	162.00
	3225.01	0.00	182.00	85.00	87.00	240.00	211.00	43.00	140.00	281.00	112.00	101.00	195.00	49.00	27.00	303.00	255.00	162.00
	3225.02	0.00	185.00	84.00	87.00	240.00	211.00	43.00	139.00	281.00	112.00	101.00	196.00	49.00	28.00	303.00	255.00	162.00
	3225.03	0.00	182.00	87.00	87.00	240.00	211.00	43.00	140.00	281.00	112.00	102.00	198.00	49.00	28.00	303.00	255.00	162.00
	3225.05	0.00	184.00	87.00	87.00	240.00	211.00	43.00	140.00	281.00	112.00	102.00	197.00	49.00	28.00	302.00	255.00	162.00
	3225.06	0.00	184.00	86.00	87.00	240.00	211.00	43.00	140.00	283.00	112.00	102.00	198.00	49.00	27.00	301.00	255.00	162.00
	3225.07	0.00	187.00	86.00	87.00	240.00	211.00	43.00	138.00	280.00	112.00	102.00	197.00	49.00	28.00	298.00	254.00	162.00
	3225.08	0.00	188.00	87.00	87.00	240.00	211.00	43.00	138.00	280.00	112.00	101.00	195.00	49.00	28.00	296.00	253.00	162.00
	3225.09	0.00	187.00	83.00	87.00	240.00	211.00	43.00	138.00	281.00	112.00	99.00	194.00	49.00	28.00	295.00	251.00	160.00
	3225.10	0.00	182.00	81.00	87.00	240.00	211.00	43.00	138.00	282.00	112.00	97.00	189.00	48.00	28.00	293.00	250.00	159.00
	3225.11	0.00	184.00	83.00	87.00	240.00	211.00	43.00	138.00	283.00	111.00	94.00	190.00	49.00	27.00	291.00	248.00	158.00
	3225.12	0.00	186.00	80.00	86.00	240.00	211.00	43.00	138.00	283.00	111.00	93.00	190.00	49.00	28.00	289.00	244.00	158.00
	3225.13	0.00	183.00	82.00	87.00	240.00	212.00	43.00	141.00	284.00	109.00	93.00	190.00	49.00	28.00	286.00	243.00	156.00
	3225.14	0.00	186.00	78.00	86.00	240.00	212.00	43.00	137.00	280.00	109.00	93.00	186.00	49.00	28.00	283.00	242.00	155.00
	3225.15	0.00	184.00	79.00	86.00	241.00	213.00	43.00	138.00	279.00	110.00	93.00	187.00	49.00	28.00	283.00	241.00	154.00
	3225.16	0.00	188.00	79.00	86.00	240.00	212.00	43.00	139.00	279.00	110.00	93.00	186.00	48.00	28.00	282.00	241.00	154.00
	3225.17	0.00	190.00	79.00	86.00	240.00	212.00	43.00	140.00	281.00	109.00	93.00	187.00	49.00	28.00	282.00	240.00	153.00
	3225.18	0.00	186.00	77.00	86.00	240.00	211.00	43.00	137.00	280.00	108.00	93.00	184.00	48.00	28.00	283.00	240.00	152.00
	3225.19	0.00	184.00	75.00	85.00	240.00	212.00	44.00	136.00	278.00	105.00	92.00	184.00	48.00	28.00	278.00	239.00	151.00
	3225.20	0.00	180.00	76.00	85.00	240.00	212.00	43.00	137.00	280.00	105.00	92.00	184.00	49.00	28.00	277.00	239.00	149.00
	3225.21	0.00	181.00	75.00	85.00	240.00	212.00	43.00	138.00	280.00	105.00	92.00	183.00	48.00	28.00	276.00	239.00	151.00
	3225.22	0.00	181.00	72.00	85.00	240.00	211.00	43.00	138.00	281.00	106.00	91.00	183.00	48.00	28.00	277.00	238.00	151.00
	3225.23	0.00	181.00	71.00	85.00	240.00	212.00	43.00	138.00	281.00	105.00	92.00	182.00	48.00	28.00	277.00	238.00	149.00
	3225.24	0.00	180.00	75.00	85.00	240.00	212.00	43.00	136.00	281.00	100.00	91.00	182.00	48.00	28.00	277.00	238.00	149.00
	3225.25	0.00	180.00	75.00	85.00	241.00	211.00	44.00	135.00	284.00	100.00	91.00	181.00	48.00	28.00	276.00	239.00	150.00
	3225.26	0.00	183.00	71.00	86.00	240.00	211.00	44.00	120.00	283.00	99.00	92.00	181.00	49.00	28.00	276.00	239.00	150.00
	3225.27	0.00	178.00	74.00	86.00	240.00	211.00	44.00	137.00	284.00	98.00	91.00	182.00	48.00	28.00	276.00	239.00	149.00
	3225.28	0.00	180.00	73.00	86.00	241.00	212.00	43.00	124.00	283.00	97.00	91.00	181.00	48.00	28.00	275.00	239.00	150.00
	3225.29	0.00	177.00	70.00	85.00	240.00	212.00	44.00	124.00	284.00	96.00	91.00	180.00	48.00	28.00	277.00	238.00	148.00
	3225.30	0.00	178.00	69.00	85.00	240.00	212.00	43.00	122.00	283.00	96.00	91.00	181.00	48.00	28.00	275.00	238.00	149.00
	3225.31	0.00	178.00	68.00	84.00	241.00	212.00	44.00	122.00	283.00	96.00	91.00	182.00	48.00	28.00	274.00	238.00	149.00
	3225.32	0.00	176.00	72.00	85.00	241.00	212.00	43.00	122.00	284.00	95.00	90.00	180.00	48.00	28.00	272.00	237.00	148.00
	3225.33	0.00	178.00	68.00	85.00	240.00	212.00	44.00	121.00	282.00	91.00	90.00	180.00	48.00	28.00	270.00	237.00	147.00
	3225.34	0.00	176.00	67.00	85.00	240.00	212.00	43.00	120.00	282.00	89.00	90.00	177.00	48.00	28.00	269.00	236.00	147.00
	3225.35	0.00	175.00	64.00	85.00	241.00	212.00	43.00	122.00	280.00	89.00	89.00	175.00	48.00	28.00	268.00	236.00	145.00
	3225.36	0.00	171.00	65.00	84.00	241.00	212.00	43.00	123.00	278.00	88.00	89.00	175.00	48.00	29.00	268.00	235.00	145.00
	3225.37	0.00	170.00	64.00	84.00	241.00	212.00	43.00	117.00	278.00	87.00	89.00	175.00	48.00	28.00	266.00	235.00	145.00
	3225.38	0.00	168.00	61.00	83.00	241.00	211.00	43.00	116.00	275.00	85.00	86.00	172.00	48.00	28.00	265.00	233.00	143.00
	3225.39	0.00	166.00	60.00	83.00	241.00	211.00	43.00	117.00	270.00	85.00	85.00	171.00	48.00	28.00	263.00	232.00	142.00
	3225.40	0.00	162.00	51.00	82.00	241.00	211.00	43.00	111.00	266.00	82.00	84.00	169.00	47.00	28.00	262.00	232.00	138.00
	3225.41	0.00	162.00	51.00	83.00	240.00	211.00	43.00	109.00	265.00	80.00	81.00	158.00	47.00	28.00	263.00	231.00	128.00
	3225.42	0.00	162.00	51.00	83.00	240.00	211.00	43.00	113.00	262.00	79.00	70.00	154.00	46.00	28.00	262.00	229.00	126.00
	3225.44	0.00	161.00	50.00	82.00	240.00	211.00	43.00	108.00	255.00	78.00	70.00	154.00	46.00	28.00	261.00	225.00	124.00
	3225.45	0.00	160.00	50.00	82.00	240.00	210.00	43.00	108.00	255.00	76.00	71.00	152.00	45.00	28.00	261.00	223.00	124.00
	3225.46	0.00	160.00	50.00	81.00	239.00	210.00	43.00	103.00	259.00	71.00	71.00	152.00	46.00	29.00	261.00	223.00	123.00
	3225.47	0.00	157.00	50.00	80.00	239.00	208.00	41.00	98.00	246.00	70.00	71.00	149.00	46.00	29.00	260.00	222.00	123.00
	3225.48	0.00	154.00	39.00	77.00	236.00	207.00	41.00	92.00	241.00	70.00	70.00	147.00	46.00	29.00	261.00	221.00	122.00
	3225.49	0.00	151.00	35.00	75.00	234.00	205.00	40.00	83.00	236.00	65.00	63.00	142.00	46.00	29.00	260.00	221.00	116.00
	3225.50	0.00	147.00	36.00	66.00	230.00	204.00	41.00	75.00	240.00	61.00	62.00	143.00	46.00	28.00	259.00	220.00	112.00
	3225.51	0.00	145.00	37.00	63.00	228.00	201.00	41.00	73.00	238.00	60.00	60.00	138.00	46.00	28.00	257.00	218.00	111.00
	3225.52	0.00	146.00	34.00	63.00	227.00	201.00	41.00	70.00	234.00	59.00	60.00	129.00	47.00	28.00	255.00	216.00	109.00
	3225.53	0.00	145.00	35.00	63.00	225.00	200.00	41.00	66.00	232.00	60.00	58.00	125.00	46.00	28.00	254.00	217.00	109.00
	3225.54	0.00	144.00	36.00	58.00	225.00	196.00	41.00	67.00	233.00	60.00	59.00	121.00	47.00	28.00	253.00	216.00	108.00
	3225.55	0.00	142.00	31.00	51.00	220.00	194.00	38.00	59.00	227.00	58.00	59.00	118.00	47.00	28.00	253.00	215.00	108.00
	3225.56	0.00	137.00	25.00	50.00	216.00	191.00	38.00	50.00	218.00	59.00	59.00	115.00	47.00	28.00	252.00	215.00	99.00
	3225.57	0.00	130.00	25.00	50.00	214.00	189.00	38.00	48.00	204.00	58.00	59.00	104.00	46.00	28.00	253.00	215.00	98.00
	3225.58	0.00	127.00	21.00	50.00	211.00	184.00	37.00	46.00	193.00	58.00	59.00	89.00	47.00	28.00	252.00	215.00	97.00
	3225.59	0.00	129.00	23.00	49.00	208.00	182.00	37.00	44.00	192.00	56.00	58.00	90.00	47.00	28.00	251.00	214.00	96.00
	3225.60	0.00	131.00	22.00	51.00	203.00	180.00	37.00	43.00	181.00	55.00	56.00	86.00	47.00	28.00	252.00	212.00	95.00
	3225.61	0.00	133.00	28.00	50.00	201.00	180.00	36.00	42.00	175.00	53.00	48.00	86.00	45.00	28.00	250.00	201.00	95.00
	3225.62	0.00	132.00	26.00	50.00	198.00	176.00	37.00	37.00	158.00	53.00	50.00	84.00	46.00	28.00	250.00	209.00	95.00
	3225.63	0.00	130.00	22.00	50.00	195.00	172.00	37.00	32.00	153.00	52.00	51.00	85.00	46.00	28.00	250.00	206.00	95.00
	3225.64	0.00	127.00	27.00	50.00	190.00	168.00	36.00	31.00	141.00	51.00	52.00	83.00	46.00	28.00	250.00	198.00	95.00
	3225.65	0.00	125.00	27.00	53.00	188.00	162.00	38.00	32.00	138.00	52.00	53.00	81.00	45.00	28.00	249.00	207.00	93.00
	3225.66	0.00	125.00	27.00	51.00	177.00	159.00	37.00	32.00	137.00	51.00	48.00	80.00	46.00	27.00	249.00	210.00	92.00
	3225.67	0.00	125.00	25.00	49.00	172.00	156.00	37.00	30.00	127.00	48.00	48.00	78.00	46.00	27.00	247.00	211.00	91.00
	3225.68	0.00	122.00	21.00	49.00	169.00	153.00	37.00	30.00	128.00	46.00	48.00	77.00	46.00	27.00	247.00	211.00	91.00
	3225.69	0.00	119.00	24.00	47.00	163.00	149.00	38.00	30.00	118.00	41.00	48.00	77.00	44.00	28.00	245.00	209.00	91.00
	3225.70	0.00	114.00	26.00	45.00	163.00	141.00	38.00	30.00	108.00	37.00	48.00	76.00	46.00	27.00	245.00	197.00	90.00
	3225.71	0.00	110.00	20.00	45.00	161.00	128.00	37.00	29.00	98.00	34.00	47.00	67.00	46.00	28.00	245.00	192.00	88.00
	3225.72	0.00	100.00	23.00	44.00	159.00	120.00	38.00	27.00	95.00	28.00	47.00	67.00	46.00	27.00	243.00	193.00	87.00
	3225.73	0.00	87.00	24.00	43.00	153.00	107.00	39.00	28.00	87.00	23.00	47.00	66.00	46.00	28.00	237.00	191.00	86.00
	3225.74	0.00	84.00	24.00	41.00	147.00	104.00	38.00	28.00	77.00	24.00	47.00	64.00	46.00	27.00	235.00	193.00	86.00
	3225.75	0.00	81.00	24.00	43.00	140.00	101.00	39.00	28.00	72.00	21.00	47.00	66.00	46.00	27.00	234.00	193.00	85.00
	3225.76	0.00	79.00	24.00	42.00	131.00	97.00	38.00	27.00	69.00	18.00	46.00	63.00	45.00	27.00	234.00	190.00	85.00
	3225.77	0.00	78.00	24.00	43.00	132.00	96.00	39.00	25.00	68.00	16.00	47.00	62.00	46.00	27.00	233.00	188.00	83.00
	3225.78	0.00	75.00	24.00	43.00	132.00	96.00	38.00	27.00	72.00	13.00	47.00	62.00	46.00	27.00	231.00	184.00	82.00
	3225.79	0.00	71.00	23.00	42.00	131.00	95.00	38.00	27.00	72.00	14.00	38.00	57.00	46.00	27.00	230.00	180.00	80.00
	3225.80	0.00	65.00	24.00	43.00	129.00	93.00	39.00	27.00	74.00	7.00	38.00	52.00	46.00	27.00	225.00	177.00	78.00
	3225.81	0.00	48.00	25.00	41.00	129.00	88.00	39.00	27.00	75.00	0.00	38.00	51.00	46.00	28.00	224.00	171.00	75.00
	3225.82	0.00	42.00	24.00	41.00	126.00	83.00	39.00	27.00	69.00	0.00	38.00	51.00	46.00	18.00	221.00	169.00	73.00
	3225.83	0.00	41.00	20.00	41.00	117.00	80.00	40.00	26.00	64.00	0.00	38.00	49.00	46.00	18.00	218.00	164.00	71.00
	3225.84	0.00	41.00	22.00	40.00	114.00	69.00	39.00	26.00	62.00	0.00	38.00	50.00	45.00	18.00	214.00	163.00	63.00
	3225.84	0.00	40.00	22.00	40.00	109.00	64.00	39.00	24.00	56.00	0.00	37.00	50.00	45.00	20.00	207.00	162.00	61.00
	3225.86	0.00	40.00	21.00	40.00	107.00	62.00	39.00	24.00	55.00	0.00	37.00	48.00	44.00	20.00	204.00	158.00	56.00
	3225.86	0.00	40.00	21.00	40.00	103.00	55.00	39.00	24.00	56.00	0.00	37.00	47.00	46.00	21.00	196.00	153.00	55.00
	3225.87	0.00	40.00	22.00	41.00	103.00	55.00	39.00	24.00	57.00	0.00	37.00	48.00	45.00	21.00	191.00	152.00	52.00
	3225.88	0.00	40.00	23.00	39.00	100.00	59.00	38.00	23.00	55.00	0.00	37.00	46.00	45.00	19.00	187.00	150.00	49.00
	3225.89	0.00	40.00	23.00	40.00	101.00	64.00	39.00	24.00	57.00	0.00	37.00	45.00	45.00	19.00	184.00	147.00	49.00
	3225.90	0.00	39.00	24.00	41.00	101.00	63.00	39.00	25.00	55.00	0.00	37.00	46.00	45.00	20.00	181.00	145.00	49.00
	3225.91	0.00	39.00	22.00	39.00	101.00	62.00	39.00	24.00	60.00	0.00	37.00	42.00	43.00	21.00	181.00	144.00	49.00
	3225.92	0.00	40.00	22.00	39.00	100.00	54.00	38.00	24.00	58.00	0.00	37.00	40.00	45.00	22.00	179.00	144.00	48.00
	3225.93	0.00	39.00	12.00	40.00	101.00	53.00	38.00	24.00	56.00	0.00	37.00	40.00	43.00	21.00	175.00	143.00	48.00
	3225.94	0.00	39.00	2.00	37.00	100.00	53.00	36.00	23.00	53.00	0.00	37.00	39.00	45.00	21.00	172.00	143.00	48.00
	3225.95	0.00	38.00	1.00	35.00	99.00	53.00	36.00	23.00	52.00	0.00	37.00	40.00	45.00	21.00	170.00	138.00	47.00
	3225.96	0.00	38.00	0.00	36.00	101.00	53.00	37.00	23.00	46.00	0.00	37.00	38.00	45.00	21.00	165.00	138.00	48.00
	3225.97	0.00	38.00	0.00	36.00	101.00	53.00	37.00	23.00	43.00	0.00	37.00	40.00	45.00	22.00	161.00	138.00	48.00
	3225.98	0.00	38.00	0.00	36.00	100.00	53.00	37.00	23.00	40.00	0.00	37.00	38.00	45.00	22.00	159.00	138.00	48.00
	3225.99	0.00	38.00	0.00	36.00	97.00	53.00	37.00	22.00	39.00	0.00	37.00	37.00	45.00	22.00	153.00	137.00	48.00
	3226.00	0.00	38.00	0.00	35.00	97.00	52.00	38.00	23.00	35.00	0.00	37.00	40.00	45.00	20.00	145.00	135.00	48.00
	3226.01	0.00	38.00	0.00	37.00	89.00	53.00	37.00	22.00	32.00	0.00	37.00	37.00	45.00	20.00	134.00	132.00	48.00
	3226.02	0.00	38.00	0.00	35.00	94.00	53.00	38.00	23.00	29.00	0.00	37.00	38.00	45.00	20.00	121.00	131.00	47.00
	3226.03	0.00	38.00	0.00	36.00	96.00	53.00	38.00	23.00	34.00	0.00	37.00	36.00	45.00	19.00	113.00	129.00	48.00
	3226.04	0.00	38.00	0.00	35.00	101.00	53.00	38.00	24.00	36.00	0.00	37.00	37.00	45.00	19.00	102.00	127.00	48.00
	3226.05	0.00	38.00	0.00	36.00	102.00	54.00	37.00	23.00	38.00	0.00	37.00	37.00	44.00	18.00	102.00	126.00	48.00
	3226.06	0.00	38.00	0.00	36.00	101.00	54.00	37.00	23.00	34.00	0.00	37.00	38.00	44.00	19.00	99.00	125.00	48.00
	3226.07	0.00	38.00	0.00	36.00	89.00	54.00	39.00	23.00	33.00	0.00	37.00	36.00	44.00	18.00	94.00	122.00	48.00
	3226.08	0.00	37.00	0.00	37.00	87.00	55.00	38.00	24.00	27.00	0.00	37.00	36.00	42.00	17.00	90.00	120.00	48.00
	3226.09	0.00	37.00	0.00	38.00	90.00	54.00	37.00	22.00	31.00	0.00	37.00	38.00	44.00	17.00	92.00	115.00	47.00
	3226.10	0.00	37.00	0.00	38.00	92.00	57.00	37.00	23.00	34.00	0.00	36.00	35.00	44.00	18.00	89.00	114.00	47.00
	3226.11	0.00	37.00	0.00	38.00	93.00	64.00	38.00	23.00	33.00	0.00	36.00	35.00	44.00	17.00	89.00	111.00	47.00
	3226.12	0.00	37.00	0.00	37.00	95.00	67.00	37.00	23.00	33.00	0.00	37.00	37.00	43.00	16.00	87.00	108.00	46.00
	3226.13	0.00	37.00	0.00	38.00	97.00	68.00	38.00	23.00	26.00	0.00	37.00	35.00	43.00	16.00	88.00	99.00	45.00
	3226.13	0.00	36.00	0.00	39.00	97.00	68.00	37.00	23.00	29.00	0.00	37.00	37.00	43.00	16.00	83.00	90.00	45.00
	3226.14	0.00	37.00	0.00	38.00	97.00	72.00	38.00	23.00	31.00	0.00	37.00	36.00	42.00	16.00	80.00	81.00	46.00
	3226.15	0.00	36.00	0.00	38.00	98.00	74.00	38.00	23.00	29.00	0.00	37.00	35.00	42.00	15.00	78.00	73.00	44.00
	3226.16	0.00	36.00	0.00	38.00	98.00	73.00	37.00	22.00	30.00	0.00	37.00	37.00	42.00	16.00	76.00	70.00	44.00
	3226.17	0.00	36.00	0.00	39.00	98.00	73.00	37.00	23.00	31.00	0.00	37.00	35.00	42.00	16.00	72.00	64.00	44.00
	3226.18	0.00	36.00	0.00	38.00	98.00	74.00	38.00	22.00	35.00	0.00	37.00	36.00	41.00	17.00	68.00	63.00	41.00
	3226.19	0.00	36.00	0.00	39.00	97.00	74.00	37.00	22.00	28.00	0.00	37.00	37.00	41.00	14.00	60.00	59.00	41.00
	3226.20	0.00	36.00	0.00	38.00	96.00	76.00	37.00	23.00	30.00	0.00	37.00	35.00	41.00	13.00	56.00	59.00	41.00
	3226.21	0.00	36.00	0.00	39.00	94.00	76.00	37.00	22.00	28.00	0.00	37.00	36.00	41.00	16.00	57.00	57.00	41.00
	3226.22	0.00	36.00	0.00	39.00	91.00	75.00	37.00	23.00	27.00	0.00	37.00	36.00	41.00	16.00	55.00	57.00	41.00
	3226.23	0.00	36.00	0.00	39.00	91.00	72.00	37.00	23.00	32.00	0.00	35.00	34.00	41.00	16.00	56.00	57.00	41.00
	3226.24	0.00	36.00	0.00	38.00	88.00	69.00	37.00	23.00	29.00	0.00	37.00	34.00	41.00	16.00	56.00	57.00	41.00
	3226.25	0.00	35.00	0.00	38.00	80.00	68.00	37.00	23.00	27.00	0.00	37.00	36.00	41.00	13.00	56.00	56.00	41.00
	3226.26	0.00	35.00	0.00	37.00	72.00	66.00	38.00	23.00	23.00	0.00	36.00	34.00	41.00	14.00	56.00	56.00	41.00
	3226.27	0.00	35.00	0.00	36.00	43.00	62.00	37.00	23.00	15.00	0.00	36.00	36.00	41.00	13.00	56.00	56.00	42.00
	3226.28	0.00	35.00	5.00	36.00	42.00	55.00	37.00	23.00	18.00	0.00	37.00	34.00	41.00	14.00	56.00	56.00	43.00
	3226.29	0.00	35.00	6.00	35.00	41.00	54.00	38.00	23.00	3.00	0.00	37.00	36.00	38.00	14.00	56.00	56.00	41.00
	3226.30	0.00	35.00	6.00	34.00	40.00	54.00	37.00	14.00	4.00	0.00	37.00	36.00	41.00	14.00	55.00	56.00	41.00
	3226.31	0.00	35.00	5.00	34.00	39.00	53.00	37.00	15.00	2.00	0.00	37.00	36.00	41.00	14.00	56.00	56.00	41.00
	3226.32	0.00	33.00	5.00	34.00	39.00	54.00	36.00	22.00	0.00	0.00	37.00	35.00	41.00	15.00	56.00	56.00	42.00
	3226.33	0.00	34.00	4.00	34.00	37.00	53.00	38.00	23.00	0.00	0.00	37.00	35.00	38.00	17.00	56.00	57.00	42.00
	3226.33	0.00	34.00	1.00	34.00	37.00	53.00	37.00	23.00	0.00	0.00	37.00	33.00	41.00	16.00	56.00	57.00	43.00
	3226.34	0.00	34.00	0.00	32.00	36.00	52.00	37.00	23.00	0.00	0.00	37.00	33.00	40.00	17.00	56.00	57.00	43.00
	3226.35	0.00	34.00	1.00	32.00	36.00	51.00	38.00	22.00	0.00	0.00	37.00	35.00	41.00	15.00	57.00	57.00	43.00
	3226.36	0.00	33.00	3.00	31.00	36.00	51.00	37.00	21.00	0.00	0.00	36.00	33.00	39.00	16.00	59.00	57.00	44.00
	3226.37	0.00	34.00	1.00	31.00	37.00	51.00	37.00	21.00	0.00	0.00	37.00	32.00	39.00	15.00	59.00	57.00	44.00
	3226.38	0.00	34.00	2.00	31.00	37.00	51.00	36.00	21.00	0.00	0.00	37.00	32.00	39.00	15.00	61.00	57.00	44.00
	3226.39	0.00	33.00	1.00	31.00	37.00	52.00	36.00	21.00	0.00	0.00	37.00	33.00	41.00	15.00	64.00	57.00	44.00
	3226.40	0.00	33.00	0.00	31.00	37.00	51.00	37.00	23.00	0.00	0.00	37.00	34.00	41.00	15.00	65.00	57.00	44.00
	3226.41	0.00	33.00	0.00	32.00	37.00	50.00	37.00	22.00	0.00	0.00	37.00	34.00	41.00	15.00	65.00	57.00	44.00
	3226.42	0.00	32.00	0.00	31.00	37.00	49.00	35.00	22.00	0.00	0.00	37.00	33.00	41.00	15.00	66.00	56.00	44.00
	3226.43	0.00	33.00	0.00	32.00	36.00	48.00	37.00	23.00	0.00	0.00	37.00	34.00	41.00	14.00	65.00	57.00	45.00
	3226.44	0.00	33.00	0.00	32.00	36.00	48.00	35.00	23.00	0.00	0.00	37.00	34.00	41.00	15.00	65.00	57.00	45.00
	3226.45	0.00	33.00	0.00	31.00	36.00	48.00	36.00	22.00	0.00	0.00	37.00	34.00	41.00	15.00	64.00	57.00	44.00
	3226.46	0.00	33.00	1.00	31.00	35.00	47.00	35.00	21.00	0.00	0.00	37.00	34.00	40.00	14.00	64.00	57.00	44.00
	3226.47	0.00	32.00	1.00	30.00	35.00	46.00	35.00	23.00	0.00	0.00	37.00	33.00	41.00	15.00	64.00	57.00	44.00
	3226.48	0.00	33.00	4.00	30.00	34.00	46.00	35.00	22.00	3.00	0.00	37.00	33.00	39.00	15.00	63.00	57.00	43.00
	3226.49	0.00	32.00	1.00	30.00	32.00	46.00	34.00	15.00	1.00	0.00	37.00	33.00	40.00	14.00	64.00	56.00	42.00
	3226.50	0.00	32.00	0.00	30.00	31.00	45.00	35.00	0.00	2.00	0.00	36.00	34.00	40.00	14.00	60.00	56.00	42.00
	3226.51	0.00	31.00	0.00	29.00	28.00	45.00	32.00	0.00	2.00	0.00	37.00	34.00	41.00	13.00	60.00	56.00	40.00
	3226.51	0.00	30.00	0.00	28.00	27.00	44.00	31.00	0.00	1.00	0.00	37.00	34.00	40.00	14.00	60.00	56.00	43.00
	3226.52	0.00	23.00	0.00	27.00	26.00	44.00	28.00	0.00	0.00	0.00	37.00	34.00	40.00	14.00	60.00	55.00	42.00
	3226.53	0.00	22.00	0.00	28.00	26.00	45.00	31.00	0.00	0.00	0.00	37.00	34.00	40.00	14.00	58.00	55.00	42.00
	3226.54	0.00	22.00	0.00	28.00	25.00	45.00	31.00	0.00	0.00	0.00	37.00	32.00	40.00	14.00	58.00	55.00	42.00
	3226.55	0.00	21.00	0.00	28.00	25.00	44.00	5.00	0.00	0.00	0.00	37.00	34.00	40.00	14.00	58.00	55.00	42.00
	3226.56	0.00	21.00	0.00	29.00	26.00	44.00	6.00	0.00	0.00	0.00	37.00	32.00	40.00	14.00	57.00	55.00	42.00
	3226.57	0.00	21.00	0.00	29.00	25.00	44.00	5.00	0.00	0.00	0.00	37.00	34.00	40.00	14.00	58.00	55.00	42.00
	3226.58	0.00	20.00	0.00	28.00	24.00	44.00	5.00	0.00	0.00	0.00	36.00	33.00	41.00	13.00	58.00	55.00	42.00
	3226.59	0.00	20.00	0.00	28.00	17.00	44.00	4.00	0.00	0.00	0.00	37.00	33.00	40.00	14.00	57.00	55.00	42.00
	3226.60	0.00	20.00	0.00	28.00	15.00	44.00	5.00	0.00	0.00	0.00	36.00	33.00	41.00	14.00	56.00	55.00	42.00
	3226.61	0.00	20.00	0.00	27.00	12.00	44.00	4.00	0.00	0.00	0.00	35.00	34.00	41.00	14.00	56.00	55.00	43.00
	3226.62	0.00	20.00	0.00	27.00	9.00	44.00	4.00	0.00	0.00	0.00	36.00	32.00	41.00	14.00	56.00	56.00	43.00
	3226.63	0.00	19.00	0.00	27.00	7.00	44.00	12.00	0.00	0.00	0.00	36.00	34.00	41.00	14.00	57.00	55.00	43.00
	3226.64	0.00	19.00	0.00	28.00	6.00	45.00	6.00	0.00	0.00	0.00	36.00	34.00	41.00	13.00	56.00	56.00	43.00
	3226.65	0.00	20.00	0.00	27.00	7.00	45.00	5.00	0.00	0.00	0.00	35.00	34.00	41.00	13.00	54.00	54.00	43.00
	3226.65	0.00	19.00	0.00	27.00	8.00	45.00	6.00	0.00	0.00	0.00	36.00	32.00	41.00	13.00	54.00	55.00	43.00
	3226.66	0.00	19.00	0.00	27.00	10.00	45.00	6.00	0.00	0.00	0.00	36.00	34.00	41.00	13.00	54.00	55.00	43.00
	3226.67	0.00	18.00	0.00	28.00	13.00	45.00	6.00	0.00	0.00	0.00	36.00	34.00	41.00	13.00	53.00	55.00	42.00
	3226.68	0.00	20.00	0.00	28.00	13.00	45.00	5.00	0.00	0.00	0.00	36.00	34.00	41.00	13.00	53.00	55.00	43.00
	3226.69	0.00	19.00	0.00	27.00	10.00	44.00	6.00	0.00	0.00	0.00	36.00	34.00	41.00	12.00	53.00	56.00	43.00
	3226.70	0.00	16.00	0.00	27.00	10.00	44.00	5.00	0.00	0.00	0.00	35.00	32.00	41.00	11.00	53.00	56.00	43.00
	3226.71	0.00	19.00	0.00	27.00	8.00	44.00	6.00	0.00	0.00	0.00	36.00	34.00	41.00	12.00	53.00	55.00	43.00
	3226.72	0.00	18.00	0.00	27.00	9.00	44.00	6.00	0.00	0.00	0.00	36.00	32.00	41.00	11.00	53.00	55.00	43.00
	3226.73	0.00	17.00	0.00	26.00	9.00	44.00	8.00	0.00	0.00	0.00	34.00	32.00	41.00	12.00	53.00	54.00	43.00
	3226.74	0.00	19.00	0.00	27.00	1.00	44.00	5.00	0.00	0.00	0.00	35.00	32.00	41.00	13.00	53.00	54.00	42.00
	3226.75	0.00	17.00	0.00	27.00	1.00	43.00	5.00	0.00	0.00	0.00	36.00	32.00	41.00	14.00	53.00	54.00	43.00
	3226.76	0.00	15.00	0.00	21.00	1.00	43.00	5.00	0.00	0.00	0.00	36.00	33.00	41.00	13.00	53.00	54.00	43.00
	3226.77	0.00	12.00	0.00	21.00	1.00	43.00	6.00	0.00	0.00	0.00	36.00	33.00	41.00	13.00	53.00	54.00	43.00
	3226.78	0.00	12.00	0.00	21.00	1.00	43.00	8.00	0.00	0.00	0.00	36.00	33.00	41.00	12.00	53.00	54.00	43.00
	3226.79	0.00	12.00	0.00	21.00	1.00	43.00	6.00	0.00	0.00	0.00	36.00	32.00	41.00	11.00	52.00	54.00	43.00
	3226.80	0.00	13.00	0.00	23.00	1.00	43.00	8.00	0.00	0.00	0.00	36.00	32.00	41.00	13.00	52.00	54.00	42.00
	3226.80	0.00	11.00	0.00	21.00	1.00	43.00	6.00	0.00	0.00	0.00	36.00	32.00	41.00	11.00	52.00	54.00	43.00
	3226.81	0.00	11.00	0.00	21.00	0.00	43.00	6.00	0.00	0.00	0.00	36.00	32.00	41.00	13.00	52.00	53.00	43.00
	3226.82	0.00	13.00	0.00	21.00	0.00	44.00	11.00	0.00	0.00	0.00	35.00	33.00	41.00	11.00	52.00	53.00	42.00
	3226.83	0.00	15.00	0.00	21.00	0.00	44.00	12.00	0.00	0.00	0.00	35.00	33.00	41.00	11.00	52.00	52.00	42.00
	3226.84	0.00	14.00	0.00	21.00	0.00	43.00	10.00	0.00	0.00	0.00	36.00	32.00	41.00	12.00	51.00	53.00	42.00
	3226.85	0.00	14.00	0.00	21.00	0.00	43.00	6.00	0.00	0.00	0.00	34.00	33.00	41.00	11.00	51.00	53.00	43.00
	3226.86	0.00	15.00	0.00	22.00	0.00	43.00	5.00	0.00	0.00	0.00	35.00	33.00	39.00	11.00	51.00	53.00	43.00
	3226.87	0.00	14.00	0.00	22.00	0.00	43.00	7.00	0.00	0.00	0.00	35.00	34.00	41.00	13.00	51.00	53.00	42.00
	3226.88	0.00	14.00	0.00	22.00	0.00	43.00	6.00	0.00	0.00	0.00	35.00	32.00	41.00	13.00	51.00	54.00	42.00
	3226.89	0.00	13.00	0.00	22.00	0.00	44.00	6.00	0.00	0.00	0.00	35.00	32.00	41.00	13.00	51.00	53.00	43.00
	3226.90	0.00	13.00	0.00	22.00	0.00	43.00	7.00	0.00	0.00	0.00	35.00	31.00	41.00	13.00	51.00	53.00	43.00
	3226.91	0.00	14.00	0.00	22.00	0.00	43.00	7.00	0.00	0.00	0.00	35.00	33.00	41.00	12.00	50.00	52.00	43.00
	3226.92	0.00	13.00	0.00	23.00	0.00	43.00	5.00	0.00	0.00	0.00	35.00	33.00	41.00	12.00	50.00	53.00	43.00
	3226.93	0.00	12.00	0.00	22.00	0.00	43.00	6.00	0.00	0.00	0.00	35.00	31.00	41.00	12.00	50.00	53.00	43.00
	3226.93	0.00	14.00	0.00	22.00	0.00	43.00	10.00	0.00	0.00	0.00	35.00	33.00	41.00	11.00	50.00	53.00	43.00
	3226.94	0.00	17.00	0.00	22.00	1.00	43.00	31.00	0.00	0.00	0.00	35.00	33.00	41.00	13.00	50.00	54.00	42.00
	3226.95	0.00	16.00	0.00	27.00	0.00	44.00	31.00	0.00	0.00	0.00	35.00	33.00	41.00	11.00	50.00	53.00	43.00
	3226.96	0.00	17.00	0.00	26.00	0.00	44.00	31.00	0.00	0.00	0.00	33.00	33.00	41.00	12.00	50.00	53.00	42.00
	3226.97	0.00	15.00	0.00	27.00	0.00	44.00	30.00	0.00	0.00	0.00	33.00	33.00	41.00	12.00	50.00	53.00	43.00
	3226.98	0.00	15.00	0.00	27.00	0.00	45.00	32.00	0.00	0.00	0.00	34.00	31.00	41.00	12.00	49.00	53.00	42.00
	3226.99	0.00	17.00	0.00	28.00	7.00	45.00	32.00	0.00	1.00	0.00	33.00	33.00	41.00	12.00	49.00	53.00	41.00
	3227.00	0.00	18.00	0.00	29.00	18.00	45.00	32.00	0.00	2.00	0.00	33.00	33.00	41.00	12.00	49.00	53.00	41.00
	3227.01	0.00	16.00	0.00	30.00	16.00	46.00	33.00	0.00	7.00	0.00	33.00	33.00	39.00	13.00	49.00	53.00	41.00
	3227.02	0.00	17.00	6.00	31.00	24.00	45.00	33.00	0.00	13.00	0.00	33.00	33.00	41.00	14.00	49.00	53.00	40.00
	3227.03	0.00	17.00	3.00	31.00	25.00	46.00	34.00	0.00	16.00	0.00	33.00	33.00	41.00	14.00	49.00	52.00	43.00
	3227.04	0.00	18.00	3.00	32.00	24.00	46.00	33.00	0.00	14.00	0.00	32.00	32.00	39.00	13.00	48.00	53.00	41.00
	3227.05	0.00	17.00	4.00	32.00	29.00	46.00	35.00	0.00	17.00	0.00	33.00	32.00	38.00	14.00	49.00	52.00	43.00
	3227.06	0.00	16.00	4.00	32.00	31.00	46.00	35.00	0.00	16.00	0.00	33.00	30.00	40.00	14.00	48.00	52.00	43.00
	3227.07	0.00	13.00	3.00	32.00	30.00	47.00	34.00	0.00	18.00	0.00	33.00	32.00	39.00	14.00	48.00	51.00	43.00
	3227.08	0.00	15.00	5.00	32.00	32.00	46.00	33.00	0.00	7.00	0.00	33.00	32.00	38.00	15.00	48.00	52.00	41.00
	3227.08	0.00	15.00	5.00	32.00	32.00	46.00	35.00	0.00	16.00	0.00	33.00	32.00	40.00	13.00	48.00	52.00	41.00
	3227.10	0.00	16.00	6.00	32.00	35.00	47.00	35.00	0.00	15.00	0.00	33.00	30.00	39.00	12.00	48.00	52.00	40.00
	3227.10	0.00	16.00	7.00	32.00	35.00	47.00	34.00	0.00	18.00	0.00	33.00	30.00	40.00	13.00	48.00	52.00	42.00
	3227.11	0.00	18.00	7.00	34.00	34.00	47.00	33.00	0.00	19.00	0.00	32.00	30.00	39.00	13.00	48.00	52.00	40.00
	3227.12	0.00	17.00	9.00	34.00	37.00	47.00	34.00	0.00	21.00	0.00	33.00	32.00	37.00	12.00	48.00	52.00	42.00
	3227.13	0.00	15.00	9.00	35.00	35.00	47.00	34.00	0.00	25.00	0.00	33.00	31.00	40.00	15.00	48.00	52.00	42.00
	3227.14	0.00	17.00	9.00	35.00	35.00	48.00	34.00	0.00	29.00	0.00	33.00	32.00	38.00	11.00	48.00	51.00	42.00
	3227.15	0.00	19.00	10.00	35.00	37.00	49.00	34.00	0.00	33.00	0.00	34.00	33.00	40.00	12.00	48.00	52.00	42.00
	3227.16	0.00	15.00	11.00	35.00	36.00	50.00	34.00	0.00	40.00	0.00	34.00	31.00	40.00	13.00	48.00	53.00	42.00
	3227.17	0.00	19.00	9.00	36.00	36.00	50.00	34.00	0.00	48.00	0.00	34.00	31.00	40.00	13.00	48.00	52.00	42.00
	3227.18	0.00	15.00	9.00	37.00	36.00	50.00	34.00	0.00	55.00	0.00	34.00	31.00	38.00	13.00	48.00	53.00	42.00
	3227.19	0.00	14.00	12.00	36.00	36.00	49.00	34.00	0.00	65.00	0.00	34.00	33.00	38.00	10.00	48.00	51.00	42.00
	3227.20	0.00	16.00	16.00	39.00	37.00	50.00	34.00	0.00	73.00	0.00	34.00	33.00	40.00	8.00	48.00	53.00	42.00
	3227.21	0.00	12.00	16.00	36.00	37.00	50.00	35.00	0.00	79.00	0.00	34.00	33.00	40.00	10.00	49.00	53.00	42.00
	3227.22	0.00	19.00	13.00	37.00	39.00	49.00	34.00	0.00	80.00	0.00	33.00	33.00	41.00	11.00	48.00	51.00	42.00
	3227.23	0.00	14.00	9.00	37.00	38.00	50.00	33.00	0.00	82.00	0.00	33.00	33.00	41.00	10.00	49.00	53.00	42.00
	3227.24	0.00	15.00	16.00	38.00	39.00	50.00	34.00	0.00	89.00	0.00	33.00	33.00	39.00	7.00	49.00	53.00	42.00
	3227.25	0.00	15.00	14.00	38.00	40.00	51.00	35.00	0.00	97.00	0.00	34.00	33.00	39.00	4.00	49.00	53.00	41.00
	3227.26	0.00	16.00	20.00	38.00	40.00	52.00	36.00	14.00	112.00	0.00	34.00	31.00	41.00	4.00	49.00	53.00	40.00
	3227.27	0.00	19.00	18.00	40.00	41.00	53.00	38.00	15.00	116.00	0.00	34.00	33.00	41.00	4.00	49.00	53.00	41.00
	3227.28	0.00	20.00	20.00	40.00	41.00	54.00	38.00	21.00	126.00	0.00	34.00	31.00	41.00	4.00	49.00	53.00	42.00
	3227.29	0.00	19.00	22.00	40.00	42.00	54.00	40.00	22.00	138.00	0.00	33.00	31.00	41.00	4.00	49.00	53.00	42.00
	3227.29	0.00	18.00	24.00	40.00	42.00	55.00	42.00	22.00	148.00	0.00	34.00	33.00	41.00	4.00	49.00	54.00	42.00
	3227.30	0.00	18.00	23.00	42.00	44.00	55.00	42.00	22.00	150.00	0.00	34.00	31.00	41.00	4.00	49.00	54.00	41.00
	3227.31	0.00	18.00	23.00	38.00	67.00	55.00	42.00	23.00	164.00	0.00	34.00	31.00	41.00	4.00	49.00	54.00	41.00
	3227.32	0.00	17.00	23.00	39.00	71.00	55.00	42.00	23.00	169.00	0.00	34.00	31.00	41.00	4.00	49.00	54.00	41.00
	3227.33	0.00	18.00	21.00	41.00	77.00	55.00	43.00	23.00	174.00	0.00	34.00	32.00	42.00	4.00	49.00	54.00	40.00
	3227.34	0.00	20.00	22.00	41.00	75.00	55.00	42.00	23.00	177.00	0.00	34.00	34.00	42.00	4.00	48.00	54.00	40.00
	3227.35	0.00	20.00	24.00	41.00	76.00	55.00	43.00	23.00	176.00	0.00	34.00	32.00	41.00	4.00	48.00	54.00	40.00
	3227.36	0.00	19.00	24.00	41.00	80.00	55.00	42.00	23.00	177.00	0.00	33.00	34.00	42.00	4.00	48.00	54.00	40.00
	3227.37	0.00	18.00	21.00	43.00	80.00	55.00	44.00	24.00	185.00	0.00	34.00	34.00	42.00	5.00	49.00	54.00	40.00
	3227.38	0.00	18.00	22.00	42.00	83.00	55.00	44.00	25.00	189.00	0.00	33.00	33.00	42.00	4.00	49.00	54.00	40.00
	3227.39	0.00	21.00	20.00	40.00	81.00	55.00	43.00	25.00	193.00	0.00	33.00	33.00	41.00	4.00	48.00	54.00	40.00
	3227.40	0.00	20.00	23.00	41.00	81.00	55.00	43.00	25.00	197.00	0.00	33.00	35.00	42.00	4.00	49.00	54.00	40.00
	3227.41	0.00	19.00	23.00	40.00	83.00	54.00	42.00	25.00	201.00	0.00	33.00	35.00	42.00	4.00	49.00	54.00	40.00
	3227.42	0.00	21.00	20.00	38.00	83.00	53.00	42.00	25.00	200.00	0.00	32.00	35.00	42.00	4.00	49.00	54.00	41.00
	3227.43	0.00	20.00	24.00	39.00	81.00	55.00	42.00	25.00	196.00	0.00	32.00	35.00	42.00	4.00	49.00	54.00	40.00
	3227.44	0.00	20.00	25.00	40.00	81.00	55.00	42.00	25.00	195.00	0.00	32.00	35.00	42.00	4.00	48.00	54.00	40.00
	3227.45	0.00	20.00	25.00	40.00	80.00	53.00	43.00	25.00	196.00	0.00	32.00	33.00	43.00	4.00	49.00	54.00	41.00
	3227.46	0.00	19.00	25.00	40.00	82.00	54.00	44.00	25.00	186.00	0.00	32.00	36.00	43.00	4.00	49.00	54.00	40.00
	3227.47	0.00	21.00	23.00	40.00	80.00	53.00	43.00	25.00	182.00	0.00	32.00	35.00	43.00	4.00	48.00	54.00	41.00
	3227.48	0.00	20.00	24.00	40.00	75.00	53.00	44.00	25.00	186.00	0.00	32.00	36.00	43.00	4.00	49.00	54.00	41.00
	3227.49	0.00	20.00	23.00	40.00	70.00	53.00	43.00	25.00	187.00	0.00	32.00	36.00	43.00	3.00	49.00	54.00	40.00
	3227.50	0.00	20.00	23.00	40.00	66.00	52.00	43.00	25.00	185.00	0.00	32.00	34.00	43.00	2.00	49.00	54.00	41.00
	3227.51	0.00	19.00	22.00	41.00	41.00	51.00	43.00	25.00	180.00	0.00	32.00	36.00	43.00	3.00	49.00	54.00	40.00
	3227.52	0.00	20.00	24.00	40.00	41.00	51.00	43.00	25.00	168.00	0.00	32.00	36.00	43.00	4.00	48.00	54.00	40.00
	3227.53	0.00	20.00	21.00	41.00	42.00	50.00	43.00	25.00	168.00	0.00	32.00	36.00	43.00	4.00	49.00	54.00	41.00
	3227.53	0.00	20.00	24.00	41.00	42.00	49.00	43.00	24.00	167.00	0.00	31.00	34.00	43.00	3.00	49.00	54.00	41.00
	3227.54	0.00	20.00	20.00	41.00	41.00	48.00	43.00	25.00	166.00	0.00	31.00	36.00	43.00	3.00	49.00	54.00	41.00
	3227.55	0.00	20.00	21.00	40.00	40.00	48.00	43.00	25.00	169.00	0.00	31.00	36.00	43.00	4.00	49.00	54.00	41.00
	3227.56	0.00	19.00	21.00	41.00	39.00	48.00	43.00	25.00	165.00	0.00	32.00	36.00	43.00	4.00	48.00	54.00	41.00
	3227.57	0.00	20.00	21.00	39.00	39.00	48.00	43.00	25.00	163.00	0.00	32.00	34.00	43.00	4.00	49.00	54.00	41.00
	3227.58	0.00	20.00	22.00	39.00	39.00	48.00	43.00	25.00	164.00	0.00	32.00	34.00	43.00	4.00	49.00	54.00	41.00
	3227.59	0.00	19.00	17.00	40.00	38.00	48.00	43.00	25.00	164.00	0.00	31.00	34.00	43.00	4.00	49.00	54.00	41.00
	3227.60	0.00	18.00	19.00	37.00	38.00	48.00	43.00	24.00	163.00	0.00	32.00	36.00	43.00	4.00	49.00	54.00	42.00
	3227.61	0.00	17.00	19.00	38.00	35.00	48.00	43.00	24.00	159.00	0.00	32.00	34.00	43.00	4.00	49.00	54.00	41.00
	3227.62	0.00	19.00	20.00	38.00	35.00	48.00	44.00	24.00	153.00	0.00	32.00	36.00	43.00	3.00	48.00	55.00	41.00
	3227.63	0.00	18.00	20.00	37.00	34.00	48.00	44.00	24.00	152.00	0.00	31.00	36.00	44.00	0.00	49.00	56.00	42.00
	3227.64	0.00	18.00	20.00	37.00	36.00	46.00	43.00	24.00	145.00	0.00	33.00	34.00	43.00	0.00	50.00	59.00	40.00
	3227.65	0.00	18.00	20.00	36.00	36.00	46.00	44.00	23.00	141.00	0.00	32.00	37.00	45.00	0.00	51.00	62.00	42.00
	3227.66	0.00	18.00	20.00	36.00	36.00	46.00	43.00	24.00	136.00	0.00	33.00	37.00	43.00	0.00	53.00	68.00	43.00
	3227.67	0.00	18.00	19.00	35.00	34.00	46.00	43.00	23.00	133.00	0.00	33.00	37.00	45.00	0.00	57.00	72.00	44.00
	3227.68	0.00	18.00	20.00	36.00	34.00	45.00	43.00	24.00	125.00	0.00	34.00	37.00	45.00	0.00	69.00	75.00	44.00
	3227.69	0.00	19.00	23.00	36.00	34.00	45.00	42.00	23.00	122.00	0.00	35.00	37.00	45.00	0.00	112.00	76.00	44.00
	3227.70	0.00	20.00	22.00	35.00	35.00	45.00	44.00	20.00	122.00	0.00	35.00	37.00	45.00	0.00	125.00	77.00	45.00
	3227.71	0.00	19.00	22.00	33.00	34.00	45.00	44.00	23.00	121.00	0.00	35.00	35.00	45.00	0.00	137.00	78.00	46.00
	3227.72	0.00	18.00	23.00	34.00	32.00	44.00	43.00	15.00	123.00	0.00	35.00	35.00	45.00	0.00	153.00	84.00	47.00
	3227.73	0.00	18.00	22.00	34.00	32.00	44.00	42.00	14.00	123.00	0.00	35.00	37.00	45.00	0.00	162.00	103.00	47.00
	3227.74	0.00	17.00	21.00	35.00	32.00	45.00	42.00	14.00	123.00	0.00	35.00	38.00	45.00	0.00	166.00	109.00	46.00
	3227.75	0.00	18.00	24.00	34.00	32.00	44.00	42.00	14.00	121.00	0.00	35.00	41.00	45.00	0.00	171.00	112.00	46.00
	3227.76	0.00	18.00	22.00	34.00	32.00	45.00	42.00	14.00	118.00	0.00	35.00	42.00	45.00	0.00	175.00	115.00	47.00
	3227.77	0.00	18.00	24.00	34.00	31.00	44.00	42.00	14.00	116.00	0.00	35.00	42.00	45.00	0.00	179.00	116.00	46.00
	3227.78	0.00	18.00	22.00	34.00	31.00	44.00	42.00	14.00	115.00	0.00	35.00	41.00	45.00	0.00	182.00	117.00	46.00
	3227.79	0.00	19.00	22.00	34.00	31.00	44.00	42.00	14.00	113.00	0.00	35.00	42.00	45.00	0.00	186.00	119.00	47.00
	3227.79	0.00	17.00	23.00	34.00	30.00	44.00	42.00	14.00	113.00	0.00	36.00	45.00	45.00	0.00	190.00	121.00	47.00
	3227.80	0.00	18.00	23.00	34.00	32.00	45.00	42.00	14.00	111.00	0.00	36.00	44.00	46.00	0.00	193.00	126.00	47.00
	3227.81	0.00	18.00	23.00	35.00	30.00	44.00	42.00	14.00	107.00	0.00	36.00	44.00	45.00	0.00	194.00	128.00	47.00
	3227.82	0.00	18.00	23.00	34.00	30.00	44.00	42.00	14.00	99.00	0.00	36.00	45.00	46.00	10.00	196.00	133.00	48.00
	3227.83	0.00	18.00	23.00	34.00	30.00	44.00	42.00	12.00	96.00	0.00	36.00	44.00	46.00	9.00	198.00	134.00	48.00
	3227.84	0.00	18.00	17.00	34.00	29.00	45.00	42.00	0.00	94.00	0.00	36.00	46.00	45.00	10.00	199.00	134.00	48.00
	3227.85	0.00	18.00	9.00	33.00	30.00	44.00	42.00	0.00	94.00	0.00	36.00	45.00	45.00	8.00	199.00	135.00	49.00
	3227.86	0.0