	4148.34	0.00	7.35	1047.00
	4148.35	0.00	7.35	1049.00
	4148.36	0.00	7.35	1049.00
	4148.37	0.00	7.38	1050.00
	4148.39	0.00	7.38	1051.00
	4148.40	0.00	7.40	1053.00
	4148.41	0.00	7.34	1049.00
	4148.42	0.00	7.32	1049.00
	4148.43	0.00	7.32	1047.00
	4148.44	0.00	7.27	1039.00
	4148.46	0.00	7.24	1036.00
	4148.47	0.00	7.24	1032.00
	4148.48	0.00	7.34	1021.00
	4148.49	0.00	7.35	1023.00
	4148.50	0.00	7.36	1026.00
	4148.51	0.00	7.36	1028.00
	4148.53	0.00	7.37	1029.00
	4148.54	0.00	7.39	1029.00
	4148.55	0.00	7.39	1028.00
	4148.56	0.00	7.27	1007.00
	4148.57	0.00	7.29	1005.00
	4148.58	0.00	7.29	1001.00
	4148.60	0.00	7.24	992.00
	4148.61	0.00	7.27	996.00
	4148.62	0.00	7.28	995.00
	4148.63	0.00	7.27	994.00
	4148.64	0.00	7.28	992.00
	4148.65	0.00	7.30	992.00
	4148.66	0.00	7.36	995.00
	4148.68	0.00	7.36	993.00
	4148.69	0.00	7.31	1009.00
	4148.70	0.00	7.31	1008.00
	4148.71	0.00	7.30	1009.00
	4148.72	0.00	7.29	1010.00
	4148.74	0.00	7.25	1005.00
	4148.75	0.00	7.23	997.00
	4148.76	0.00	7.36	1018.00
	4148.77	0.00	7.35	1017.00
	4148.78	0.00	7.35	1015.00
	4148.79	0.00	7.44	1022.00
	4148.81	0.00	7.47	1021.00
	4148.82	0.00	7.46	1019.00
	4148.83	0.00	7.48	1017.00
	4148.84	0.00	7.44	1036.00
	4148.85	0.00	7.43	1033.00
	4148.86	0.00	7.43	1032.00
	4148.87	0.00	7.40	1031.00
	4148.89	0.00	7.42	1033.00
	4148.90	0.00	7.41	1031.00
	4148.91	0.00	7.36	1022.00
	4148.92	0.00	7.45	1033.00
	4148.93	0.00	7.43	1041.00
	4148.94	0.00	7.42	1038.00
	4148.96	0.00	7.44	1044.00
	4148.97	0.00	7.44	1041.00
	4148.98	0.00	7.35	1029.00
	4148.99	0.00	7.44	1047.00
	4149.00	0.00	7.44	1047.00
	4149.01	0.00	7.44	1047.00
	4149.03	0.00	7.37	1043.00
	4149.04	0.00	7.38	1044.00
	4149.05	0.00	7.38	1045.00
	4149.06	0.00	7.40	1040.00
	4149.07	0.00	7.40	1039.00
	4149.08	0.00	7.41	1042.00
	4149.10	0.00	7.41	1040.00
	4149.11	0.00	7.42	1042.00
	4149.12	0.00	7.43	1046.00
	4149.13	0.00	7.35	1044.00
	4149.14	0.00	7.36	1046.00
	4149.15	0.00	7.34	1043.00
	4149.17	0.00	7.27	1040.00
	4149.18	0.00	7.25	1040.00
	4149.19	0.00	7.24	1040.00
	4149.20	0.00	7.24	1038.00
	4149.21	0.00	7.29	1028.00
	4149.22	0.00	7.34	1022.00
	4149.23	0.00	7.35	1026.00
	4149.25	0.00	7.37	1028.00
	4149.26	0.00	7.38	1031.00
	4149.27	0.00	7.39	1032.00
	4149.28	0.00	7.35	1025.00
	4149.29	0.00	7.35	1026.00
	4149.31	0.00	7.26	1011.00
	4149.32	0.00	7.25	1011.00
	4149.33	0.00	7.23	1007.00
	4149.34	0.00	7.23	1008.00
	4149.35	0.00	7.23	1006.00
	4149.36	0.00	7.24	1006.00
	4149.38	0.00	7.23	1007.00
	4149.39	0.00	7.23	1009.00
	4149.40	0.00	7.23	1010.00
	4149.41	0.00	7.24	1007.00
	4149.42	0.00	7.29	1013.00
	4149.43	0.00	7.30	1011.00
	4149.44	0.00	7.29	1015.00
	4149.46	0.00	7.26	1029.00
	4149.47	0.00	7.25	1030.00
	4149.48	0.00	7.25	1030.00
	4149.49	0.00	7.25	1029.00
	4149.50	0.00	7.22	1028.00
	4149.52	0.00	7.21	1024.00
	4149.53	0.00	7.15	1013.00
	4149.54	0.00	7.30	1034.00
	4149.55	0.00	7.29	1036.00
	4149.56	0.00	7.29	1035.00
	4149.57	0.00	7.30	1033.00
	4149.58	0.00	7.40	1039.00
	4149.60	0.00	7.40	1035.00
	4149.61	0.00	7.40	1032.00
	4149.62	0.00	7.38	1050.00
	4149.63	0.00	7.37	1051.00
	4149.64	0.00	7.37	1049.00
	4149.65	0.00	7.34	1048.00
	4149.67	0.00	7.34	1048.00
	4149.68	0.00	7.32	1042.00
	4149.69	0.00	7.29	1032.00
	4149.70	0.00	7.39	1053.00
	4149.71	0.00	7.37	1053.00
	4149.72	0.00	7.39	1057.00
	4149.74	0.00	7.39	1057.00
	4149.75	0.00	7.36	1051.00
	4149.76	0.00	7.38	1060.00
	4149.77	0.00	7.38	1060.00
	4149.78	0.00	7.38	1059.00
	4149.79	0.00	7.36	1058.00
	4149.81	0.00	7.34	1059.00
	4149.82	0.00	7.34	1061.00
	4149.83	0.00	7.33	1057.00
	4149.84	0.00	7.35	1056.00
	4149.85	0.00	7.34	1055.00
	4149.86	0.00	7.33	1054.00
	4149.87	0.00	7.35	1056.00
	4149.89	0.00	7.36	1059.00
	4149.90	0.00	7.36	1059.00
	4149.91	0.00	7.34	1052.00
	4149.92	0.00	7.31	1058.00
	4149.93	0.00	7.31	1058.00
	4149.94	0.00	7.25	1053.00
	4149.96	0.00	7.22	1048.00
	4149.97	0.00	7.22	1046.00
	4149.98	0.00	7.22	1048.00
	4149.99	0.00	7.26	1040.00
	4150.00	0.00	7.32	1034.00
	4150.02	0.00	7.32	1034.00
	4150.03	0.00	7.35	1037.00
	4150.04	0.00	7.35	1034.00
	4150.05	0.00	7.36	1038.00
	4150.06	0.00	7.37	1042.00
	4150.07	0.00	7.33	1036.00
	4150.08	0.00	7.24	1020.00
	4150.10	0.00	7.24	1020.00
	4150.11	0.00	7.22	1018.00
	4150.12	0.00	7.21	1015.00
	4150.13	0.00	7.22	1017.00
	4150.14	0.00	7.21	1014.00
	4150.15	0.00	7.22	1017.00
	4150.17	0.00	7.22	1016.00
	4150.18	0.00	7.21	1016.00
	4150.19	0.00	7.28	1021.00
	4150.20	0.00	7.29	1019.00
	4150.21	0.00	7.29	1020.00
	4150.22	0.00	7.27	1026.00
	4150.24	0.00	7.24	1037.00
	4150.25	0.00	7.24	1039.00
	4150.26	0.00	7.23	1040.00
	4150.27	0.00	7.23	1042.00
	4150.28	0.00	7.20	1042.00
	4150.29	0.00	7.16	1037.00
	4150.31	0.00	7.15	1034.00
	4150.32	0.00	7.27	1054.00
	4150.33	0.00	7.27	1054.00
	4150.34	0.00	7.28	1053.00
	4150.35	0.00	7.30	1051.00
	4150.37	0.00	7.36	1056.00
	4150.38	0.00	7.38	1054.00
	4150.39	0.00	7.38	1052.00
	4150.40	0.00	7.34	1069.00
	4150.41	0.00	7.35	1070.00
	4150.42	0.00	7.34	1070.00
	4150.43	0.00	7.32	1069.00
	4150.45	0.00	7.31	1065.00
	4150.46	0.00	7.26	1054.00
	4150.47	0.00	7.35	1075.00
	4150.48	0.00	7.35	1075.00
	4150.49	0.00	7.34	1075.00
	4150.50	0.00	7.36	1076.00
	4150.52	0.00	7.36	1077.00
	4150.53	0.00	7.35	1075.00
	4150.54	0.00	7.32	1068.00
	4150.55	0.00	7.36	1079.00
	4150.56	0.00	7.36	1079.00
	4150.57	0.00	7.31	1077.00
	4150.58	0.00	7.31	1076.00
	4150.60	0.00	7.31	1067.00
	4150.61	0.00	7.33	1069.00
	4150.62	0.00	7.33	1070.00
	4150.63	0.00	7.32	1070.00
	4150.64	0.00	7.33	1068.00
	4150.66	0.00	7.34	1071.00
	4150.67	0.00	7.35	1071.00
	4150.68	0.00	7.31	1064.00
	4150.69	0.00	7.30	1068.00
	4150.70	0.00	7.29	1067.00
	4150.71	0.00	7.28	1066.00
	4150.72	0.00	7.27	1064.00
	4150.74	0.00	7.22	1060.00
	4150.75	0.00	7.20	1055.00
	4150.76	0.00	7.30	1047.00
	4150.77	0.00	7.32	1043.00
	4150.78	0.00	7.33	1046.00
	4150.79	0.00	7.34	1047.00
	4150.81	0.00	7.35	1047.00
	4150.82	0.00	7.35	1049.00
	4150.83	0.00	7.38	1053.00
	4150.84	0.00	7.25	1026.00
	4150.85	0.00	7.25	1028.00
	4150.86	0.00	7.24	1028.00
	4150.88	0.00	7.20	1022.00
	4150.89	0.00	7.21	1022.00
	4150.90	0.00	7.22	1021.00
	4150.91	0.00	7.21	1020.00
	4150.92	0.00	7.21	1022.00
	4150.93	0.00	7.22	1020.00
	4150.95	0.00	7.23	1020.00
	4150.96	0.00	7.28	1021.00
	4150.97	0.00	7.29	1019.00
	4150.98	0.00	7.28	1019.00
	4150.99	0.00	7.25	1034.00
	4151.00	0.00	7.25	1036.00
	4151.02	0.00	7.26	1036.00
	4151.03	0.00	7.23	1034.00
	4151.04	0.00	7.22	1031.00
	4151.05	0.00	7.18	1022.00
	4151.06	0.00	7.31	1038.00
	4151.07	0.00	7.31	1037.00
	4151.09	0.00	7.32	1038.00
	4151.10	0.00	7.31	1033.00
	4151.11	0.00	7.39	1041.00
	4151.12	0.00	7.38	1040.00
	4151.13	0.00	7.41	1038.00
	4151.14	0.00	7.37	1054.00
	4151.15	0.00	7.37	1052.00
	4151.17	0.00	7.29	1044.00
	4151.18	0.00	7.34	1048.00
	4151.19	0.00	7.33	1045.00
	4151.20	0.00	7.29	1037.00
	4151.21	0.00	7.40	1058.00
	4151.22	0.00	7.39	1056.00
	4151.24	0.00	7.38	1054.00
	4151.25	0.00	7.40	1057.00
	4151.26	0.00	7.40	1057.00
	4151.27	0.00	7.42	1056.00
	4151.28	0.00	7.40	1056.00
	4151.30	0.00	7.40	1060.00
	4151.31	0.00	7.40	1061.00
	4151.32	0.00	7.39	1060.00
	4151.33	0.00	7.34	1060.00
	4151.34	0.00	7.34	1060.00
	4151.35	0.00	7.34	1051.00
	4151.37	0.00	7.35	1053.00
	4151.38	0.00	7.35	1054.00
	4151.39	0.00	7.35	1054.00
	4151.40	0.00	7.36	1054.00
	4151.41	0.00	7.38	1055.00
	4151.42	0.00	7.38	1057.00
	4151.43	0.00	7.34	1051.00
	4151.45	0.00	7.32	1054.00
	4151.46	0.00	7.32	1055.00
	4151.47	0.00	7.31	1054.00
	4151.48	0.00	7.30	1054.00
	4151.49	0.00	7.24	1048.00
	4151.50	0.00	7.22	1044.00
	4151.52	0.00	7.26	1035.00
	4151.53	0.00	7.33	1031.00
	4151.54	0.00	7.34	1033.00
	4151.55	0.00	7.34	1033.00
	4151.56	0.00	7.34	1035.00
	4151.58	0.00	7.35	1037.00
	4151.59	0.00	7.39	1041.00
	4151.60	0.00	7.33	1029.00
	4151.61	0.00	7.26	1017.00
	4151.62	0.00	7.26	1017.00
	4151.63	0.00	7.24	1014.00
	4151.64	0.00	7.23	1012.00
	4151.66	0.00	7.24	1010.00
	4151.67	0.00	7.23	1009.00
	4151.68	0.00	7.25	1013.00
	4151.69	0.00	7.25	1009.00
	4151.70	0.00	7.24	1010.00
	4151.71	0.00	7.31	1014.00
	4151.73	0.00	7.31	1010.00
	4151.74	0.00	7.31	1017.00
	4151.75	0.00	7.27	1027.00
	4151.76	0.00	7.26	1028.00
	4151.77	0.00	7.25	1024.00
	4151.78	0.00	7.26	1028.00
	4151.79	0.00	7.24	1022.00
	4151.81	0.00	7.18	1011.00
	4151.82	0.00	7.32	1030.00
	4151.83	0.00	7.32	1031.00
	4151.84	0.00	7.33	1028.00
	4151.85	0.00	7.40	1029.00
	4151.87	0.00	7.41	1030.00
	4151.88	0.00	7.44	1028.00
	4151.89	0.00	7.43	1025.00
	4151.90	0.00	7.41	1041.00
	4151.91	0.00	7.41	1040.00
	4151.92	0.00	7.40	1031.00
	4151.93	0.00	7.38	1034.00
	4151.95	0.00	7.31	1020.00
	4151.96	0.00	7.32	1020.00
	4151.97	0.00	7.33	1021.00
	4151.98	0.00	7.42	1045.00
	4151.99	0.00	7.41	1046.00
	4152.00	0.00	7.43	1047.00
	4152.02	0.00	7.44	1049.00
	4152.03	0.00	7.41	1042.00
	4152.04	0.00	7.42	1052.00
	4152.05	0.00	7.43	1053.00
	4152.06	0.00	7.43	1052.00
	4152.08	0.00	7.42	1052.00
	4152.09	0.00	7.37	1052.00
	4152.10	0.00	7.36	1054.00
	4152.11	0.00	7.36	1052.00
	4152.12	0.00	7.38	1050.00
	4152.13	0.00	7.37	1050.00
	4152.14	0.00	7.36	1051.00
	4152.16	0.00	7.37	1053.00
	4152.17	0.00	7.38	1058.00
	4152.18	0.00	7.39	1057.00
	4152.19	0.00	7.33	1054.00
	4152.20	0.00	7.32	1057.00
	4152.21	0.00	7.32	1057.00
	4152.23	0.00	7.32	1057.00
	4152.24	0.00	7.30	1058.00
	4152.25	0.00	7.23	1054.00
	4152.26	0.00	7.22	1052.00
	4152.27	0.00	7.23	1048.00
	4152.28	0.00	7.30	1042.00
	4152.30	0.00	7.29	1045.00
	4152.31	0.00	7.29	1047.00
	4152.32	0.00	7.30	1055.00
	4152.33	0.00	7.28	1059.00
	4152.34	0.00	7.16	1041.00
	4152.35	0.00	7.13	1046.00
	4152.37	0.00	7.11	1055.00
	4152.38	0.00	7.09	1059.00
	4152.39	0.00	6.69	1014.00
	4152.40	0.00	6.67	1020.00
	4152.41	0.00	6.66	1023.00
	4152.42	0.00	6.66	1028.00
	4152.43	0.00	6.65	1031.00
	4152.45	0.00	6.65	1033.00
	4152.46	0.00	6.65	1033.00
	4152.47	0.00	6.72	1039.00
	4152.48	0.00	6.72	1035.00
	4152.49	0.00	6.73	1036.00
	4152.50	0.00	6.68	1053.00
	4152.52	0.00	6.67	1050.00
	4152.53	0.00	6.68	1049.00
	4152.54	0.00	6.68	1049.00
	4152.55	0.00	6.66	1044.00
	4152.56	0.00	6.62	1034.00
	4152.57	0.00	6.76	1048.00
	4152.59	0.00	6.76	1047.00
	4152.60	0.00	6.78	1044.00
	4152.61	0.00	6.77	1042.00
	4152.62	0.00	6.86	1045.00
	4152.63	0.00	6.87	1040.00
	4152.64	0.00	6.86	1035.00
	4152.66	0.00	6.83	1051.00
	4152.67	0.00	6.83	1048.00
	4152.68	0.00	6.81	1043.00
	4152.69	0.00	6.81	1046.00
	4152.70	0.00	6.81	1041.00
	4152.71	0.00	7.17	1084.00
	4152.73	0.00	7.14	1073.00
	4152.74	0.00	7.26	1097.00
	4152.75	0.00	7.25	1096.00
	4152.76	0.00	7.25	1094.00
	4152.77	0.00	7.28	1095.00
	4152.78	0.00	7.28	1094.00
	4152.80	0.00	7.26	1090.00
	4152.81	0.00	7.26	1098.00
	4152.82	0.00	7.26	1098.00
	4152.83	0.00	7.26	1096.00
	4152.84	0.00	7.22	1096.00
	4152.85	0.00	7.22	1095.00
	4152.87	0.00	7.21	1095.00
	4152.88	0.00	7.22	1090.00
	4152.89	0.00	7.22	1090.00
	4152.90	0.00	7.22	1087.00
	4152.91	0.00	7.23	1087.00
	4152.92	0.00	7.24	1086.00
	4152.94	0.00	7.23	1083.00
	4152.95	0.00	7.22	1075.00
	4152.96	0.00	7.22	1079.00
	4152.97	0.00	7.22	1078.00
	4152.98	0.00	7.15	1072.00
	4152.99	0.00	7.14	1069.00
	4153.01	0.00	7.15	1066.00
	4153.02	0.00	7.15	1063.00
	4153.03	0.00	7.22	1050.00
	4153.04	0.00	7.25	1047.00
	4153.05	0.00	7.26	1046.00
	4153.06	0.00	7.28	1044.00
	4153.08	0.00	7.30	1048.00
	4153.09	0.00	7.31	1048.00
	4153.10	0.00	7.28	1042.00
	4153.11	0.00	7.18	1021.00
	4153.12	0.00	7.19	1020.00
	4153.13	0.00	7.19	1018.00
	4153.15	0.00	6.78	966.00
	4153.16	0.00	6.77	966.00
	4153.17	0.00	6.77	970.00
	4153.18	0.00	6.76	969.00
	4153.19	0.00	6.77	968.00
	4153.20	0.00	6.82	974.00
	4153.22	0.00	6.83	970.00
	4153.23	0.00	6.79	991.00
	4153.24	0.00	6.80	992.00
	4153.25	0.00	6.77	989.00
	4153.26	0.00	6.72	979.00
	4153.27	0.00	6.86	995.00
	4153.28	0.00	6.85	997.00
	4153.30	0.00	6.86	996.00
	4153.31	0.00	6.87	996.00
	4153.32	0.00	6.94	1000.00
	4153.33	0.00	6.94	996.00
	4153.34	0.00	6.90	1014.00
	4153.35	0.00	6.90	1012.00
	4153.37	0.00	6.87	1011.00
	4153.38	0.00	6.87	1010.00
	4153.39	0.00	6.86	1006.00
	4153.40	0.00	6.85	1003.00
	4153.41	0.00	6.80	991.00
	4153.42	0.00	6.92	1015.00
	4153.44	0.00	6.93	1013.00
	4153.45	0.00	6.92	1011.00
	4153.46	0.00	6.93	1010.00
	4153.47	0.00	6.93	1008.00
	4153.48	0.00	6.92	1002.00
	4153.49	0.00	6.92	1000.00
	4153.50	0.00	6.90	995.0000	7.24	1055.00
	4159.74	0.00	
	4159.69	0.00	7.14	1041.00
	4159.70	0.00	7.24	1056.00
	4159.72	0.00	7.21	1050.00
	4159.73	0.00	7.24	1055.00
	4159.74	0.00	
	4159.69	0.00	7.14	1041.00
	4159.70	0.00	7.24	1056.00
	4159.72	0.00	7.21	1050.00
	4159.73	0.00	7.24	1055.00
	4159.74	0.00	7.25	1053.00
	4159.75	0.00	7.33	1061.00
	4159.76	0.00	7.32	1055.00
	4159.77	0.00	7.35	1057.00
	4159.79	0.00	7.33	1066.00
	4159.80	0.00	7.30	1074.00
	4159.81	0.00	7.31	1072.00
	4159.82	0.00	7.30	1072.00
	4159.83	0.00	7.28	1069.00
	4159.85	0.00	7.25	1065.00
	4159.86	0.00	7.23	1056.00
	4159.87	0.00	7.32	1079.00
	4159.88	0.00	7.31	1075.00
	4159.89	0.00	7.32	1076.00
	4159.90	0.00	7.32	1077.00
	4159.91	0.00	7.32	1079.00
	4159.93	0.00	7.32	1077.00
	4159.94	0.00	7.32	1075.00
	4159.95	0.00	7.31	1078.00
	4159.96	0.00	7.31	1080.00
	4159.97	0.00	7.32	1080.00
	4159.98	0.00	7.26	1078.00
	4160.00	0.00	7.26	1078.00
	4160.01	0.00	7.26	1077.00
	4160.02	0.00	7.28	1072.00
	4160.03	0.00	7.28	1072.00
	4160.04	0.00	7.29	1073.00
	4160.05	0.00	7.28	1072.00
	4160.07	0.00	7.29	1073.00
	4160.08	0.00	7.31	1075.00
	4160.09	0.00	7.32	1073.00
	4160.10	0.00	7.32	1075.00
	4160.11	0.00	7.29	1067.00
	4160.12	0.00	7.25	1072.00
	4160.14	0.00	7.24	1072.00
	4160.15	0.00	7.22	1068.00
	4160.16	0.00	7.17	1064.00
	4160.17	0.00	7.16	1061.00
	4160.18	0.00	7.16	1059.00
	4160.19	0.00	7.18	1055.00
	4160.20	0.00	7.27	1047.00
	4160.22	0.00	7.28	1049.00
	4160.23	0.00	7.23	1042.00
	4160.24	0.00	7.31	1051.00
	4160.25	0.00	7.32	1054.00
	4160.26	0.00	7.30	1050.00
	4160.27	0.00	7.15	1023.00
	4160.29	0.00	7.21	1029.00
	4160.30	0.00	7.21	1030.00
	4160.31	0.00	7.15	1029.00
	4160.32	0.00	7.14	1025.00
	4160.33	0.00	7.15	1025.00
	4160.35	0.00	7.16	1024.00
	4160.36	0.00	7.16	1026.00
	4160.37	0.00	7.15	1022.00
	4160.38	0.00	7.18	1024.00
	4160.39	0.00	7.19	1025.00
	4160.40	0.00	7.20	1023.00
	4160.41	0.00	7.24	1026.00
	4160.43	0.00	7.25	1023.00
	4160.44	0.00	7.20	1042.00
	4160.45	0.00	7.19	1041.00
	4160.46	0.00	7.20	1041.00
	4160.47	0.00	7.18	1038.00
	4160.48	0.00	7.17	1038.00
	4160.50	0.00	7.17	1036.00
	4160.51	0.00	7.14	1030.00
	4160.52	0.00	7.17	1032.00
	4160.53	0.00	7.25	1045.00
	4160.54	0.00	7.25	1042.00
	4160.56	0.00	7.36	1047.00
	4160.57	0.00	7.36	1046.00
	4160.58	0.00	7.37	1044.00
	4160.59	0.00	7.37	1045.00
	4160.60	0.00	7.38	1039.00
	4160.61	0.00	7.34	1058.00
	4160.62	0.00	7.34	1056.00
	4160.64	0.00	7.31	1055.00
	4160.65	0.00	7.30	1054.00
	4160.66	0.00	7.26	1042.00
	4160.67	0.00	7.25	1039.00
	4160.68	0.00	7.24	1038.00
	4160.69	0.00	7.35	1063.00
	4160.71	0.00	7.33	1061.00
	4160.72	0.00	7.33	1061.00
	4160.73	0.00	7.36	1065.00
	4160.74	0.00	7.35	1062.00
	4160.75	0.00	7.34	1066.00
	4160.76	0.00	7.35	1066.00
	4160.78	0.00	7.35	1067.00
	4160.79	0.00	7.34	1066.00
	4160.80	0.00	7.29	1065.00
	4160.81	0.00	7.28	1065.00
	4160.82	0.00	7.29	1063.00
	4160.83	0.00	7.29	1061.00
	4160.85	0.00	7.31	1059.00
	4160.86	0.00	7.31	1059.00
	4160.87	0.00	7.26	1051.00
	4160.88	0.00	7.32	1061.00
	4160.89	0.00	7.33	1064.00
	4160.90	0.00	7.33	1063.00
	4160.91	0.00	7.27	1064.00
	4160.93	0.00	7.27	1064.00
	4160.94	0.00	7.26	1062.00
	4160.95	0.00	7.25	1060.00
	4160.96	0.00	7.18	1054.00
	4160.97	0.00	7.19	1055.00
	4160.98	0.00	7.17	1050.00
	4161.00	0.00	7.27	1039.00
	4161.01	0.00	7.29	1040.00
	4161.02	0.00	7.30	1040.00
	4161.03	0.00	7.31	1044.00
	4161.04	0.00	7.33	1045.00
	4161.05	0.00	7.33	1047.00
	4161.07	0.00	7.34	1048.00
	4161.08	0.00	7.29	1039.00
	4161.09	0.00	7.21	1025.00
	4161.10	0.00	7.22	1027.00
	4161.11	0.00	7.17	1022.00
	4161.12	0.00	7.18	1020.00
	4161.14	0.00	7.18	1021.00
	4161.15	0.00	7.18	1018.00
	4161.16	0.00	7.17	1018.00
	4161.17	0.00	7.18	1022.00
	4161.18	0.00	7.19	1021.00
	4161.19	0.00	7.24	1023.00
	4161.21	0.00	7.26	1024.00
	4161.22	0.00	7.25	1022.00
	4161.23	0.00	7.24	1020.00
	4161.24	0.00	7.25	1021.00
	4161.25	0.00	7.20	1038.00
	4161.26	0.00	7.19	1039.00
	4161.28	0.00	7.19	1038.00
	4161.29	0.00	7.18	1038.00
	4161.30	0.00	7.14	1032.00
	4161.31	0.00	7.13	1025.00
	4161.32	0.00	7.25	1044.00
	4161.33	0.00	7.25	1044.00
	4161.35	0.00	7.25	1045.00
	4161.36	0.00	7.26	1044.00
	4161.37	0.00	7.29	1045.00
	4161.38	0.00	7.35	1049.00
	4161.39	0.00	7.36	1045.00
	4161.40	0.00	7.35	1049.00
	4161.42	0.00	7.33	1062.00
	4161.43	0.00	7.33	1060.00
	4161.44	0.00	7.31	1059.00
	4161.45	0.00	7.33	1060.00
	4161.46	0.00	7.31	1061.00
	4161.47	0.00	7.28	1057.00
	4161.48	0.00	7.24	1048.00
	4161.50	0.00	7.32	1068.00
	4161.51	0.00	7.33	1069.00
	4161.52	0.00	7.32	1068.00
	4161.53	0.00	7.32	1068.00
	4161.54	0.00	7.31	1067.00
	4161.56	0.00	7.34	1071.00
	4161.57	0.00	7.31	1072.00
	4161.58	0.00	7.29	1061.00
	4161.59	0.00	7.33	1075.00
	4161.60	0.00	7.33	1075.00
	4161.61	0.00	7.30	1070.00
	4161.63	0.00	7.29	1074.00
	4161.64	0.00	7.28	1073.00
	4161.65	0.00	7.28	1074.00
	4161.66	0.00	7.27	1073.00
	4161.67	0.00	7.29	1067.00
	4161.68	0.00	7.29	1068.00
	4161.69	0.00	7.29	1067.00
	4161.71	0.00	7.30	1071.00
	4161.72	0.00	7.31	1073.00
	4161.73	0.00	7.31	1074.00
	4161.74	0.00	7.31	1074.00
	4161.75	0.00	7.25	1071.00
	4161.77	0.00	7.25	1071.00
	4161.78	0.00	7.24	1072.00
	4161.79	0.00	7.17	1068.00
	4161.80	0.00	7.15	1065.00
	4161.81	0.00	7.15	1059.00
	4161.82	0.00	7.15	1058.00
	4161.83	0.00	7.15	1060.00
	4161.85	0.00	7.25	1051.00
	4161.86	0.00	7.26	1049.00
	4161.87	0.00	7.26	1053.00
	4161.88	0.00	7.27	1057.00
	4161.89	0.00	7.30	1060.00
	4161.90	0.00	7.30	1060.00
	4161.92	0.00	7.20	1043.00
	4161.93	0.00	7.18	1039.00
	4161.94	0.00	7.17	1038.00
	4161.95	0.00	7.16	1038.00
	4161.96	0.00	7.15	1037.00
	4161.97	0.00	7.16	1036.00
	4161.99	0.00	7.14	1037.00
	4162.00	0.00	7.15	1036.00
	4162.01	0.00	7.14	1036.00
	4162.02	0.00	7.15	1037.00
	4162.03	0.00	7.16	1036.00
	4162.04	0.00	7.23	1042.00
	4162.06	0.00	7.22	1036.00
	4162.07	0.00	7.19	1051.00
	4162.08	0.00	7.18	1054.00
	4162.09	0.00	7.17	1054.00
	4162.10	0.00	7.15	1051.00
	4162.11	0.00	7.16	1048.00
	4162.12	0.00	7.15	1050.00
	4162.14	0.00	7.12	1042.00
	4162.15	0.00	7.17	1048.00
	4162.16	0.00	7.22	1056.00
	4162.17	0.00	7.24	1056.00
	4162.18	0.00	7.24	1055.00
	4162.20	0.00	7.24	1054.00
	4162.21	0.00	7.33	1062.00
	4162.22	0.00	7.33	1060.00
	4162.23	0.00	7.35	1055.00
	4162.24	0.00	7.30	1074.00
	4162.25	0.00	7.28	1073.00
	4162.27	0.00	7.28	1073.00
	4162.28	0.00	7.27	1073.00
	4162.29	0.00	7.25	1069.00
	4162.30	0.00	7.20	1055.00
	4162.31	0.00	7.30	1078.00
	4162.32	0.00	7.30	1078.00
	4162.33	0.00	7.30	1078.00
	4162.35	0.00	7.29	1077.00
	4162.36	0.00	7.31	1081.00
	4162.37	0.00	7.31	1081.00
	4162.38	0.00	7.32	1081.00
	4162.39	0.00	7.31	1079.00
	4162.40	0.00	7.30	1078.00
	4162.42	0.00	7.29	1084.00
	4162.43	0.00	7.30	1083.00
	4162.44	0.00	7.30	1084.00
	4162.45	0.00	7.25	1084.00
	4162.46	0.00	7.26	1084.00
	4162.47	0.00	7.26	1081.00
	4162.49	0.00	7.26	1077.00
	4162.50	0.00	7.26	1079.00
	4162.51	0.00	7.26	1079.00
	4162.52	0.00	7.27	1081.00
	4162.53	0.00	7.28	1081.00
	4162.54	0.00	7.29	1081.00
	4162.56	0.00	7.29	1083.00
	4162.57	0.00	7.20	1074.00
	4162.58	0.00	7.23	1082.00
	4162.59	0.00	7.23	1081.00
	4162.60	0.00	7.24	1083.00
	4162.62	0.00	7.23	1082.00
	4162.63	0.00	7.15	1075.00
	4162.64	0.00	7.15	1075.00
	4162.65	0.00	7.14	1072.00
	4162.66	0.00	7.24	1062.00
	4162.67	0.00	7.24	1061.00
	4162.68	0.00	7.24	1062.00
	4162.70	0.00	7.25	1063.00
	4162.71	0.00	7.26	1063.00
	4162.72	0.00	7.27	1070.00
	4162.73	0.00	7.29	1073.00
	4162.74	0.00	7.16	1050.00
	4162.75	0.00	7.17	1050.00
	4162.77	0.00	7.16	1049.00
	4162.78	0.00	7.15	1048.00
	4162.79	0.00	7.14	1047.00
	4162.80	0.00	7.13	1047.00
	4162.81	0.00	7.13	1046.00
	4162.83	0.00	7.12	1048.00
	4162.84	0.00	7.13	1048.00
	4162.85	0.00	7.12	1047.00
	4162.86	0.00	7.13	1046.00
	4162.87	0.00	7.16	1046.00
	4162.88	0.00	7.20	1049.00
	4162.89	0.00	7.20	1048.00
	4162.91	0.00	7.18	1058.00
	4162.92	0.00	7.15	1065.00
	4162.93	0.00	7.17	1067.00
	4162.94	0.00	7.15	1064.00
	4162.95	0.00	7.13	1061.00
	4162.96	0.00	7.13	1058.00
	4162.98	0.00	7.10	1053.00
	4162.99	0.00	7.08	1048.00
	4163.00	0.00	7.22	1066.00
	4163.01	0.00	7.23	1066.00
	4163.02	0.00	7.27	1069.00
	4163.03	0.00	7.32	1069.00
	4163.04	0.00	7.33	1067.00
	4163.06	0.00	7.33	1066.00
	4163.07	0.00	7.35	1064.00
	4163.08	0.00	7.30	1082.00
	4163.09	0.00	7.29	1080.00
	4163.10	0.00	7.29	1079.00
	4163.12	0.00	7.27	1077.00
	4163.13	0.00	7.23	1070.00
	4163.14	0.00	7.22	1059.00
	4163.15	0.00	7.25	1063.00
	4163.16	0.00	7.23	1056.00
	4163.17	0.00	7.32	1084.00
	4163.18	0.00	7.30	1083.00
	4163.20	0.00	7.30	1082.00
	4163.21	0.00	7.31	1084.00
	4163.22	0.00	7.32	1083.00
	4163.23	0.00	7.31	1087.00
	4163.24	0.00	7.32	1086.00
	4163.25	0.00	7.31	1087.00
	4163.27	0.00	7.32	1088.00
	4163.28	0.00	7.31	1085.00
	4163.29	0.00	7.26	1085.00
	4163.30	0.00	7.26	1086.00
	4163.31	0.00	7.25	1084.00
	4163.32	0.00	7.26	1081.00
	4163.34	0.00	7.26	1079.00
	4163.35	0.00	7.27	1080.00
	4163.36	0.00	7.28	1079.00
	4163.37	0.00	7.28	1080.00
	4163.38	0.00	7.30	1082.00
	4163.39	0.00	7.30	1080.00
	4163.41	0.00	7.28	1078.00
	4163.42	0.00	7.24	1081.00
	4163.43	0.00	7.25	1082.00
	4163.44	0.00	7.22	1080.00
	4163.45	0.00	7.21	1079.00
	4163.46	0.00	7.18	1078.00
	4163.48	0.00	7.15	1073.00
	4163.49	0.00	7.14	1068.00
	4163.50	0.00	7.22	1063.00
	4163.51	0.00	7.26	1058.00
	4163.52	0.00	7.26	1058.00
	4163.53	0.00	7.28	1059.00
	4163.55	0.00	7.27	1061.00
	4163.56	0.00	7.27	1063.00
	4163.57	0.00	7.28	1062.00
	4163.58	0.00	7.29	1063.00
	4163.59	0.00	7.18	1043.00
	4163.60	0.00	7.19	1041.00
	4163.62	0.00	7.17	1041.00
	4163.63	0.00	7.15	1037.00
	4163.64	0.00	7.14	1037.00
	4163.65	0.00	7.15	1037.00
	4163.66	0.00	7.17	1036.00
	4163.67	0.00	7.15	1038.00
	4163.69	0.00	7.16	1036.00
	4163.70	0.00	7.18	1035.00
	4163.71	0.00	7.22	1034.00
	4163.72	0.00	7.23	1032.00
	4163.73	0.00	7.24	1032.00
	4163.74	0.00	7.23	1031.00
	4163.76	0.00	7.19	1053.00
	4163.77	0.00	7.18	1049.00
	4163.78	0.00	7.19	1049.00
	4163.79	0.00	7.18	1047.00
	4163.80	0.00	7.13	1038.00
	4163.81	0.00	7.16	1038.00
	4163.83	0.00	7.25	1053.00
	4163.84	0.00	7.26	1049.00
	4163.85	0.00	7.31	1052.00
	4163.86	0.00	7.36	1052.00
	4163.87	0.00	7.35	1051.00
	4163.88	0.00	7.35	1050.00
	4163.89	0.00	7.36	1045.00
	4163.91	0.00	7.32	1063.00
	4163.92	0.00	7.32	1062.00
	4163.93	0.00	7.32	1060.00
	4163.94	0.00	7.32	1061.00
	4163.95	0.00	7.29	1058.00
	4163.96	0.00	7.29	1057.00
	4163.98	0.00	7.24	1045.00
	4163.99	0.00	7.25	1043.00
	4164.00	0.00	7.36	1059.00
	4164.01	0.00	7.34	1065.00
	4164.02	0.00	7.33	1065.00
	4164.04	0.00	7.34	1065.00
	4164.05	0.00	7.35	1067.00
	4164.06	0.00	7.34	1063.00
	4164.07	0.00	7.34	1068.00
	4164.08	0.00	7.34	1068.00
	4164.09	0.00	7.34	1068.00
	4164.10	0.00	7.34	1067.00
	4164.12	0.00	7.32	1064.00
	4164.13	0.00	7.31	1068.00
	4164.14	0.00	7.30	1065.00
	4164.15	0.00	7.30	1059.00
	4164.16	0.00	7.32	1059.00
	4164.17	0.00	7.29	1055.00
	4164.19	0.00	7.33	1057.00
	4164.20	0.00	7.35	1059.00
	4164.21	0.00	7.33	1058.00
	4164.22	0.00	7.34	1056.00
	4164.23	0.00	7.30	1053.00
	4164.24	0.00	7.30	1053.00
	4164.26	0.00	7.29	1053.00
	4164.27	0.00	7.22	1047.00
	4164.28	0.00	7.21	1044.00
	4164.29	0.00	7.20	1041.00
	4164.30	0.00	7.31	1026.00
	4164.31	0.00	7.29	1029.00
	4164.33	0.00	7.32	1030.00
	4164.34	0.00	7.33	1026.00
	4164.35	0.00	7.34	1030.00
	4164.36	0.00	7.35	1034.00
	4164.37	0.00	7.36	1035.00
	4164.38	0.00	7.37	1036.00
	4164.40	0.00	7.35	1034.00
	4164.41	0.00	7.23	1012.00
	4164.42	0.00	7.23	1014.00
	4164.43	0.00	7.23	1012.00
	4164.44	0.00	7.22	1010.00
	4164.45	0.00	7.21	1008.00
	4164.46	0.00	7.21	1007.00
	4164.48	0.00	7.20	1008.00
	4164.49	0.00	7.21	1009.00
	4164.50	0.00	7.20	1008.00
	4164.51	0.00	7.22	1008.00
	4164.52	0.00	7.27	1012.00
	4164.54	0.00	7.28	1011.00
	4164.55	0.00	7.30	1008.00
	4164.56	0.00	7.25	1027.00
	4164.57	0.00	7.24	1028.00
	4164.58	0.00	7.25	1028.00
	4164.59	0.00	7.24	1026.00
	4164.60	0.00	7.23	1026.00
	4164.62	0.00	7.21	1026.00
	4164.63	0.00	7.16	1015.00
	4164.64	0.00	7.23	1023.00
	4164.65	0.00	7.28	1032.00
	4164.66	0.00	7.29	1032.00
	4164.67	0.00	7.29	1032.00
	4164.69	0.00	7.30	1034.00
	4164.70	0.00	7.38	1039.00
	4164.71	0.00	7.38	1038.00
	4164.72	0.00	7.39	1037.00
	4164.73	0.00	7.35	1053.00
	4164.75	0.00	7.34	1053.00
	4164.76	0.00	7.35	1053.00
	4164.77	0.00	7.33	1053.00
	4164.78	0.00	7.32	1055.00
	4164.79	0.00	7.32	1053.00
	4164.80	0.00	7.28	1046.00
	4164.81	0.00	7.38	1057.00
	4164.83	0.00	7.34	1064.00
	4164.84	0.00	7.34	1063.00
	4164.85	0.00	7.36	1066.00
	4164.86	0.00	7.36	1067.00
	4164.87	0.00	7.34	1061.00
	4164.88	0.00	7.33	1059.00
	4164.90	0.00	7.30	1057.00
	4164.91	0.00	7.34	1068.00
	4164.92	0.00	7.34	1069.00
	4164.93	0.00	7.29	1067.00
	4164.94	0.00	7.28	1068.00
	4164.95	0.00	7.28	1068.00
	4164.97	0.00	7.29	1062.00
	4164.98	0.00	7.29	1063.00
	4164.99	0.00	7.31	1065.00
	4165.00	0.00	7.29	1064.00
	4165.01	1.00	7.30	1065.00
	4165.02	1.00	7.32	1067.00
	4165.04	1.00	7.32	1066.00
	4165.05	1.00	7.25	1066.00
	4165.06	1.00	7.26	1068.00
	4165.07	1.00	7.26	1064.00
	4165.08	1.00	7.26	1067.00
	4165.09	1.00	7.25	1067.00
	4165.10	1.00	7.18	1059.00
	4165.12	1.00	7.17	1058.00
	4165.13	1.00	7.18	1052.00
	4165.14	1.00	7.22	1046.00
	4165.15	1.00	7.26	1044.00
	4165.16	1.00	7.27	1043.00
	4165.18	1.00	7.29	1044.00
	4165.19	1.00	7.30	1047.00
	4165.20	1.00	7.32	1050.00
	4165.21	1.00	7.34	1053.00
	4165.22	1.00	7.21	1032.00
	4165.23	1.00	7.19	1030.00
	4165.25	0.00	7.21	1032.00
	4165.26	0.00	7.20	1030.00
	4165.27	0.00	7.20	1031.00
	4165.28	0.00	7.18	1031.00
	4165.29	0.00	7.17	1027.00
	4165.30	0.00	7.18	1027.00
	4165.31	0.00	7.18	1029.00
	4165.33	0.00	7.18	1028.00
	4165.34	0.00	7.18	1029.00
	4165.35	0.00	7.19	1029.00
	4165.36	0.00	7.21	1030.00
	4165.37	0.00	7.24	1033.00
	4165.38	0.00	7.25	1029.00
	4165.40	0.00	7.20	1045.00
	4165.41	0.00	7.18	1044.00
	4165.42	0.00	7.20	1048.00
	4165.43	0.00	7.17	1047.00
	4165.44	0.00	7.17	1046.00
	4165.45	0.00	7.15	1044.00
	4165.47	0.00	7.13	1038.00
	4165.48	0.00	7.18	1044.00
	4165.49	0.00	7.25	1055.00
	4165.50	0.00	7.24	1054.00
	4165.51	0.00	7.30	1058.00
	4165.52	0.00	7.34	1058.00
	4165.54	0.00	7.35	1057.00
	4165.55	0.00	7.36	1056.00
	4165.56	0.00	7.36	1058.00
	4165.57	0.00	7.31	1073.00
	4165.58	0.00	7.31	1072.00
	4165.60	0.00	7.31	1072.00
	4165.61	0.00	7.28	1071.00
	4165.62	0.00	7.26	1066.00
	4165.63	0.00	7.25	1062.00
	4165.64	0.00	7.21	1060.00
	4165.65	0.00	7.26	1058.00
	4165.66	0.00	7.31	1081.00
	4165.68	0.00	7.30	1081.00
	4165.69	0.00	7.31	1082.00
	4165.70	0.00	7.32	1084.00
	4165.71	0.00	7.31	1082.00
	4165.72	0.00	7.30	1079.00
	4165.73	0.00	7.30	1080.00
	4165.75	0.00	7.27	1077.00
	4165.76	0.00	7.31	1089.00
	4165.77	0.00	7.30	1088.00
	4165.78	0.00	7.27	1087.00
	4165.79	0.00	7.25	1088.00
	4165.81	0.00	7.25	1088.00
	4165.82	0.00	7.25	1084.00
	4165.83	0.00	7.26	1083.00
	4165.84	0.00	7.26	1083.00
	4165.85	0.00	7.26	1082.00
	4165.86	0.00	7.26	1084.00
	4165.87	0.00	7.27	1085.00
	4165.89	0.00	7.28	1086.00
	4165.90	0.00	7.29	1088.00
	4165.91	0.00	7.27	1084.00
	4165.92	0.00	7.22	1088.00
	4165.93	0.00	7.21	1086.00
	4165.94	0.00	7.22	1088.00
	4165.96	0.00	7.23	1088.00
	4165.97	0.00	7.21	1085.00
	4165.98	0.00	7.14	1080.00
	4165.99	0.00	7.14	1080.00
	4166.00	0.00	7.12	1075.00
	4166.01	0.00	7.23	1065.00
	4166.03	0.00	7.23	1066.00
	4166.04	0.00	7.24	1067.00
	4166.05	0.00	7.24	1068.00
	4166.06	0.00	7.25	1072.00
	4166.07	0.00	7.27	1074.00
	4166.08	0.00	7.28	1079.00
	4166.10	0.00	7.14	1056.00
	4166.11	0.00	7.14	1057.00
	4166.12	0.00	7.13	1058.00
	4166.13	0.00	7.12	1061.00
	4166.14	0.00	7.10	1061.00
	4166.15	0.00	7.08	1065.00
	4166.17	0.00	6.67	1014.00
	4166.18	0.00	6.68	1014.00
	4166.19	0.00	6.68	1016.00
	4166.20	0.00	6.68	1017.00
	4166.21	0.00	6.68	1017.00
	4166.22	0.00	6.69	1021.00
	4166.24	0.00	6.74	1025.00
	4166.25	0.00	6.73	1024.00
	4166.26	0.00	6.74	1024.00
	4166.27	0.00	6.70	1043.00
	4166.28	0.00	6.69	1044.00
	4166.29	0.00	6.68	1043.00
	4166.31	0.00	6.68	1044.00
	4166.32	0.00	6.66	1042.00
	4166.33	0.00	6.66	1041.00
	4166.34	0.00	6.60	1031.00
	4166.35	0.00	6.74	1051.00
	4166.36	0.00	6.75	1051.00
	4166.37	0.00	6.74	1050.00
	4166.39	0.00	6.80	1052.00
	4166.40	0.00	6.81	1053.00
	4166.41	0.00	6.81	1052.00
	4166.42	0.00	6.81	1052.00
	4166.43	0.00	6.82	1049.00
	4166.45	0.00	6.78	1067.00
	4166.46	0.00	6.79	1067.00
	4166.47	0.00	6.79	1062.00
	4166.48	0.00	6.75	1065.00
	4166.49	0.00	6.76	1066.00
	4166.50	0.00	6.74	1065.00
	4166.52	0.00	6.72	1058.00
	4166.53	0.00	6.75	1063.00
	4166.54	0.00	6.79	1077.00
	4166.55	0.00	6.79	1078.00
	4166.56	0.00	6.78	1079.00
	4166.57	0.00	6.79	1078.00
	4166.58	0.00	7.16	1126.00
	4166.60	0.00	7.16	1127.00
	4166.61	0.00	7.16	1127.00
	4166.62	0.00	6.72	1069.00
	4166.63	0.00	6.78	1082.00
	4166.64	0.00	7.15	1131.00
	4166.65	0.00	6.77	1080.00
	4166.67	0.00	7.10	1130.00
	4166.68	0.00	7.10	1132.00
	4166.69	0.00	7.10	1130.00
	4166.70	0.00	7.10	1130.00
	4166.71	0.00	7.10	1130.00
	4166.72	0.00	7.11	1127.00
	4166.74	0.00	7.12	1127.00
	4166.75	0.00	6.74	1078.00
	4166.76	0.00	7.13	1131.00
	4166.77	0.00	7.14	1130.00
	4166.78	0.00	7.14	1130.00
	4166.79	0.00	7.14	1126.00
	4166.81	0.00	7.08	1126.00
	4166.82	0.00	7.08	1129.00
	4166.83	0.00	7.07	1126.00
	4166.84	0.00	6.64	1073.00
	4166.85	0.00	6.62	1070.00
	4166.86	0.00	6.61	1066.00
	4166.88	0.00	6.68	1061.00
	4166.89	0.00	6.72	1054.00
	4166.90	0.00	6.72	1056.00
	4166.91	0.00	6.72	1055.00
	4166.92	0.00	6.73	1054.00
	4166.93	0.00	7.13	1108.00
	4166.95	0.00	7.14	1108.00
	4166.96	0.00	7.16	1110.00
	4166.97	0.00	7.14	1102.00
	4166.98	0.00	7.04	1088.00
	4166.99	0.00	7.04	1088.00
	4167.00	0.00	7.05	1086.00
	4167.02	0.00	7.05	1086.00
	4167.03	0.00	6.65	1033.00
	4167.04	0.00	6.65	1031.00
	4167.05	0.00	6.66	1031.00
	4167.06	0.00	6.67	1033.00
	4167.07	0.00	6.63	1029.00
	4167.09	0.00	6.64	1029.00
	4167.10	0.00	6.63	1029.00
	4167.11	0.00	6.66	1027.00
	4167.12	0.00	6.72	1030.00
	4167.13	0.00	6.73	1026.00
	4167.14	0.00	6.69	1044.00
	4167.16	0.00	6.68	1041.00
	4167.17	0.00	6.69	1044.00
	4167.18	0.00	6.69	1043.00
	4167.19	0.00	6.68	1042.00
	4167.20	0.00	6.66	1040.00
	4167.21	0.00	6.63	1031.00
	4167.23	0.00	6.67	1037.00
	4167.24	0.00	6.75	1047.00
	4167.25	0.00	6.77	1045.00
	4167.26	0.00	6.77	1042.00
	4167.27	0.00	7.17	1092.00
	4167.28	0.00	7.18	1093.00
	4167.30	0.00	7.22	1097.00
	4167.31	0.00	7.23	1094.00
	4167.32	0.00	7.24	1091.00
	4167.33	0.00	7.20	1108.00
	4167.34	0.00	7.20	1109.00
	4167.35	0.00	7.19	1106.00
	4167.37	0.00	7.18	1104.00
	4167.38	0.00	7.18	1106.00
	4167.39	0.00	7.17	1106.00
	4167.40	0.00	7.15	1100.00
	4167.41	0.00	7.10	1089.00
	4167.42	0.00	7.22	1114.00
	4167.44	0.00	7.21	1114.00
	4167.45	0.00	7.21	1111.00
	4167.46	0.00	7.23	1114.00
	4167.47	0.00	7.22	1113.00
	4167.48	0.00	7.21	1113.00
	4167.49	0.00	7.23	1113.00
	4167.50	0.00	7.23	1113.00
	4167.52	0.00	7.18	1102.00
	4167.53	0.00	7.22	1116.00
	4167.54	0.00	7.23	1115.00
	4167.55	0.00	7.23	1116.00
	4167.56	0.00	7.22	1114.00
	4167.58	0.00	7.18	1114.00
	4167.59	0.00	7.18	1114.00
	4167.60	0.00	7.18	1114.00
	4167.61	0.00	7.18	1111.00
	4167.62	0.00	7.19	1107.00
	4167.63	0.00	7.19	1105.00
	4167.65	0.00	7.19	1107.00
	4167.66	0.00	7.21	1107.00
	4167.67	0.00	7.21	1109.00
	4167.68	0.00	7.22	1106.00
	4167.69	0.00	7.22	1110.00
	4167.70	0.00	7.20	1108.00
	4167.71	0.00	7.16	1110.00
	4167.73	0.00	7.15	1108.00
	4167.74	0.00	7.15	1108.00
	4167.75	0.00	7.16	1110.00
	4167.76	0.00	7.15	1108.00
	4167.77	0.00	7.12	1105.00
	4167.79	0.00	7.08	1100.00
	4167.80	0.00	7.08	1099.00
	4167.81	0.00	7.09	1091.00
	4167.82	0.00	7.18	1086.00
	4167.83	0.00	7.17	1088.00
	4167.84	0.00	7.17	1087.00
	4167.86	0.00	7.18	1089.00
	4167.87	0.00	7.19	1091.00
	4167.88	0.00	7.20	1095.00
	4167.89	0.00	7.18	1092.00
	4167.90	0.00	7.09	1076.00
	4167.91	0.00	7.08	1076.00
	4167.92	0.00	7.08	1077.00
	4167.94	0.00	7.09	1078.00
	4167.95	0.00	7.08	1077.00
	4167.96	0.00	6.67	1027.00
	4167.97	0.00	6.66	1028.00
	4167.98	0.00	6.63	1025.00
	4168.00	0.00	6.66	1030.00
	4168.01	0.00	6.66	1031.00
	4168.02	0.00	6.70	1034.00
	4168.03	0.00	6.70	1037.00
	4168.04	0.00	6.72	1037.00
	4168.05	0.00	6.72	1037.00
	4168.07	0.00	6.72	1035.00
	4168.08	0.00	6.68	1055.00
	4168.09	0.00	6.69	1055.00
	4168.10	0.00	6.68	1054.00
	4168.11	0.00	6.66	1053.00
	4168.12	0.00	6.65	1051.00
	4168.13	0.00	6.63	1050.00
	4168.15	0.00	6.62	1048.00
	4168.16	0.00	6.59	1039.00
	4168.17	0.00	6.72	1061.00
	4168.18	0.00	6.71	1060.00
	4168.19	0.00	6.73	1060.00
	4168.20	0.00	7.20	1113.00
	4168.22	0.00	7.20	1111.00
	4168.23	0.00	7.24	1112.00
	4168.24	0.00	7.24	1110.00
	4168.25	0.00	7.22	1109.00
	4168.26	0.00	7.19	1126.00
	4168.27	0.00	7.18	1125.00
	4168.29	0.00	7.18	1126.00
	4168.30	0.00	7.13	1120.00
	4168.31	0.00	7.13	1120.00
	4168.32	0.00	7.09	1112.00
	4168.33	0.00	6.68	1056.00
	4168.35	0.00	6.68	1056.00
	4168.36	0.00	6.80	1081.00
	4168.37	0.00	6.79	1081.00
	4168.38	0.00	6.79	1081.00
	4168.39	0.00	6.79	1083.00
	4168.40	0.00	6.78	1082.00
	4168.41	0.00	6.77	1076.00
	4168.43	0.00	6.78	1083.00
	4168.44	0.00	6.79	1080.00
	4168.45	0.00	6.80	1079.00
	4168.46	0.00	6.79	1074.00
	4168.47	0.00	6.75	1063.00
	4168.48	0.00	6.76	1052.00
	4168.50	0.00	6.78	1034.00
	4168.51	0.00	6.81	1017.00
	4168.52	0.00	6.84	996.00
	4168.53	0.00	6.87	972.00
	4168.54	0.00	6.95	945.00
	4168.55	0.00	7.00	904.00
	4168.57	0.00	7.03	877.00
	4168.58	0.00	6.98	849.00
	4168.59	0.00	6.96	831.00
	4168.60	0.00	6.94	792.00
	4168.61	0.00	6.43	721.00
	4168.62	0.00	6.45	719.00
	4168.63	0.00	6.44	717.00
	4168.65	0.00	6.46	718.00
	4168.66	0.00	6.46	717.00
	4168.67	0.00	6.47	715.00
	4168.68	0.00	6.49	712.00
	4168.69	0.00	6.48	712.00
	4168.70	0.00	6.48	711.00
	4168.72	0.00	6.56	714.00
	4168.73	0.00	6.57	713.00
	4168.74	0.00	6.56	715.00
	4168.75	0.00	6.54	728.00
	4168.76	0.00	6.53	726.00
	4168.77	0.00	6.54	725.00
	4168.79	0.00	6.55	723.00
	4168.80	0.00	6.56	721.00
	4168.81	0.00	6.58	718.00
	4168.82	0.00	6.65	718.00
	4168.83	0.00	6.67	712.00
	4168.84	0.00	6.63	726.00
	4168.85	0.00	6.60	720.00
	4168.87	0.00	6.58	719.00
	4168.88	0.00	6.60	714.00
	4168.89	0.00	6.60	715.00
	4168.90	0.00	6.59	714.00
	4168.91	0.00	6.60	714.00
	4168.92	0.00	6.60	713.00
	4168.94	0.00	6.59	713.00
	4168.95	0.00	6.60	713.00
	4168.96	0.00	6.54	712.00
	4168.97	0.00	6.53	710.00
	4168.98	0.00	6.55	706.00
	4168.99	0.00	6.55	706.00
	4169.01	0.00	6.55	707.00
	4169.02	0.00	6.53	711.00
	4169.03	0.00	6.50	733.00
	4169.04	0.00	6.45	778.00
	4169.05	0.00	6.27	864.00
	4169.06	0.00	6.15	947.00
	4169.08	0.00	6.12	973.00
	4169.09	0.00	6.10	972.00
	4169.10	0.00	6.00	978.00
	4169.11	0.00	6.27	1052.00
	4169.12	0.00	6.29	1099.00
	4169.13	0.00	6.27	1154.00
	4169.14	0.00	6.32	1206.00
	4169.16	0.00	6.66	1304.00
	4169.17	0.00	6.64	1335.00
	4169.18	0.00	6.63	1352.00
	4169.19	0.00	6.64	1365.00
	4169.20	0.00	6.64	1368.00
	4169.22	0.00	6.67	1369.00
	4169.23	0.00	6.71	1362.00
	4169.24	0.00	6.74	1357.00
	4169.25	0.00	6.75	1350.00
	4169.26	0.00	6.79	1344.00
	4169.27	0.00	6.81	1334.00
	4169.29	0.00	6.84	1320.00
	4169.30	0.00	6.89	1306.00
	4169.31	0.00	6.92	1287.00
	4169.32	0.00	6.84	1251.00
	4169.33	0.00	6.85	1236.00
	4169.34	0.00	6.91	1230.00
	4169.35	0.00	6.93	1217.00
	4169.37	0.00	6.94	1203.00
	4169.38	0.00	6.98	1192.00
	4169.39	0.00	7.05	1174.00
	4169.40	0.00	7.10	1158.00
	4169.41	0.00	7.14	1143.00
	4169.42	0.00	7.23	1123.00
	4169.44	0.00	7.29	1100.00
	4169.45	0.00	7.38	1074.00
	4169.46	0.00	7.52	1051.00
	4169.47	0.00	7.60	1030.00
	4169.48	0.00	7.68	1004.00
	4169.50	0.00	8.38	1041.00
	4169.51	0.00	8.43	1048.00
	4169.52	0.00	8.56	1044.00
	4169.53	0.00	8.70	1031.00
	4169.54	0.00	8.92	980.00
	4169.55	0.00	8.67	944.00
	4169.56	0.00	8.88	934.00
	4169.58	0.00	8.95	931.00
	4169.59	0.00	9.02	929.00
	4169.60	0.00	9.05	922.00
	4169.61	0.00	9.04	916.00
	4169.62	0.00	8.99	901.00
	4169.63	0.00	8.98	888.00
	4169.65	0.00	8.78	858.00
	4169.66	0.00	8.62	832.00
	4169.67	0.00	8.48	809.00
	4169.68	0.00	8.12	771.00
	4169.69	0.00	7.14	701.00
	4169.70	0.00	6.59	667.00
	4169.71	0.00	6.58	683.00
	4169.73	0.00	6.59	697.00
	4169.74	0.00	6.60	694.00
	4169.75	0.00	6.58	697.00
	4169.76	0.00	6.59	697.00
	4169.77	0.00	6.56	699.00
	4169.79	0.00	6.53	698.00
	4169.80	0.00	6.53	698.00
	4169.81	0.00	6.54	696.00
	4169.82	0.00	6.54	696.00
	4169.83	0.00	6.53	697.00
	4169.84	0.00	6.52	695.00
	4169.85	0.00	6.53	694.00
	4169.87	0.00	6.54	696.00
	4169.88	0.00	6.53	694.00
	4169.89	0.00	6.51	692.00
	4169.90	0.00	6.50	688.00
	4169.91	0.00	6.51	677.00
	4169.92	0.00	6.53	676.00
	4169.93	0.00	6.53	676.00
	4169.95	0.00	6.55	676.00
	4169.96	0.00	6.55	674.00
	4169.97	0.00	6.56	670.00
	4169.98	0.00	6.58	668.00
	4169.99	0.00	6.55	672.00
	4170.00	0.00	6.57	672.00
	4170.02	0.00	6.57	671.00
	4170.03	0.00	6.57	673.00
	4170.04	0.00	6.58	671.00
	4170.05	0.00	6.63	675.00
	4170.06	0.00	6.64	674.00
	4170.07	0.00	6.62	681.00
	4170.09	0.00	6.63	681.00
	4170.10	0.00	6.60	694.00
	4170.11	0.00	6.52	719.00
	4170.12	0.00	6.48	776.00
	4170.13	0.00	6.18	927.00
	4170.14	0.00	6.01	1053.00
	4170.16	0.00	5.97	1102.00
	4170.17	0.00	5.94	1141.00
	4170.18	0.00	5.93	1166.00
	4170.19	0.00	6.34	1253.00
	4170.20	0.00	6.42	1298.00
	4170.21	0.00	6.42	1335.00
	4170.22	0.00	6.43	1365.00
	4170.24	0.00	6.42	1381.00
	4170.25	0.00	6.40	1407.00
	4170.26	0.00	6.43	1407.00
	4170.27	0.00	6.45	1403.00
	4170.28	0.00	6.49	1393.00
	4170.30	0.00	6.52	1377.00
	4170.31	0.00	6.55	1353.00
	4170.32	0.00	6.61	1325.00
	4170.33	0.00	6.66	1292.00
	4170.34	0.00	6.72	1265.00
	4170.35	0.00	6.78	1238.00
	4170.37	0.00	6.84	1218.00
	4170.38	0.00	6.90	1196.00
	4170.39	0.00	6.94	1169.00
	4170.40	0.00	7.01	1151.00
	4170.41	0.00	7.18	1162.00
	4170.42	0.00	7.22	1150.00
	4170.43	0.00	7.27	1146.00
	4170.45	0.00	7.26	1142.00
	4170.46	0.00	7.29	1137.00
	4170.47	0.00	7.31	1136.00
	4170.48	0.00	7.32	1135.00
	4170.49	0.00	7.31	1128.00
	4170.51	0.00	7.31	1126.00
	4170.52	0.00	7.31	1114.00
	4170.53	0.00	7.34	1105.00
	4170.54	0.00	7.30	1085.00
	4170.55	0.00	7.66	1122.00
	4170.56	0.00	7.71	1108.00
	4170.58	0.00	7.74	1092.00
	4170.59	0.00	7.79	1081.00
	4170.60	0.00	7.83	1067.00
	4170.61	0.00	7.94	1057.00
	4170.62	0.00	8.01	1045.00
	4170.63	0.00	8.08	1025.00
	4170.64	0.00	8.15	984.00
	4170.66	0.00	8.04	934.00
	4170.67	0.00	7.72	856.00
	4170.68	0.00	8.45	900.00
	4170.69	0.00	8.49	894.00
	4170.70	0.00	8.49	886.00
	4170.71	0.00	8.48	877.00
	4170.73	0.00	8.38	860.00
	4170.74	0.00	8.23	834.00
	4170.75	0.00	8.09	812.00
	4170.76	0.00	8.07	796.00
	4170.77	0.00	7.89	767.00
	4170.78	0.00	7.04	701.00
	4170.80	0.00	6.51	647.00
	4170.81	0.00	6.51	654.00
	4170.82	0.00	6.64	665.00
	4170.83	0.00	6.64	665.00
	4170.84	0.00	6.60	667.00
	4170.85	0.00	6.59	667.00
	4170.87	0.00	6.68	671.00
	4170.88	0.00	6.68	672.00
	4170.89	0.00	6.68	673.00
	4170.90	0.00	6.66	678.00
	4170.91	0.00	6.65	678.00
	4170.92	0.00	6.65	678.00
	4170.93	0.00	6.66	677.00
	4170.95	0.00	6.66	677.00
	4170.96	0.00	6.68	674.00
	4170.97	0.00	6.73	674.00
	4170.98	0.00	6.75	676.00
	4170.99	0.00	6.75	675.00
	4171.00	0.00	6.74	679.00
	4171.02	0.00	6.75	679.00
	4171.03	0.00	6.74	679.00
	4171.04	0.00	6.75	678.00
	4171.05	0.00	6.75	679.00
	4171.06	0.00	6.75	679.00
	4171.07	0.00	6.75	677.00
	4171.08	0.00	6.75	675.00
	4171.10	0.00	6.76	675.00
	4171.11	0.00	6.75	675.00
	4171.12	0.00	6.74	675.00
	4171.13	0.00	6.74	674.00
	4171.14	0.00	6.76	674.00
	4171.15	0.00	6.73	676.00
	4171.17	0.00	6.72	679.00
	4171.18	0.00	6.68	677.00
	4171.19	0.00	6.63	685.00
	4171.20	0.00	6.58	709.00
	4171.21	0.00	6.54	752.00
	4171.22	0.00	6.32	855.00
	4171.24	0.00	6.09	1022.00
	4171.25	0.00	5.99	1114.00
	4171.26	0.00	5.98	1147.00
	4171.27	0.00	5.98	1155.00
	4171.28	0.00	5.93	1166.00
	4171.29	0.00	5.93	1175.00
	4171.31	0.00	5.92	1199.00
	4171.32	0.00	5.86	1238.00
	4171.33	0.00	5.83	1263.00
	4171.34	0.00	6.16	1333.00
	4171.35	0.00	6.44	1398.00
	4171.36	0.00	6.45	1398.00
	4171.38	0.00	6.48	1394.00
	4171.39	0.00	6.44	1378.00
	4171.40	0.00	6.48	1366.00
	4171.41	0.00	6.51	1352.00
	4171.42	0.00	6.55	1334.00
	4171.43	0.00	6.58	1313.00
	4171.45	0.00	6.62	1288.00
	4171.46	0.00	6.66	1264.00
	4171.47	0.00	6.75	1237.00
	4171.48	0.00	6.76	1216.00
	4171.49	0.00	6.81	1203.00
	4171.50	0.00	6.87	1191.00
	4171.52	0.00	6.90	1179.00
	4171.53	0.00	6.94	1169.00
	4171.54	0.00	6.99	1157.00
	4171.55	0.00	7.03	1144.00
	4171.56	0.00	7.10	1133.00
	4171.57	0.00	7.07	1105.00
	4171.59	0.00	7.11	1089.00
	4171.60	0.00	7.18	1071.00
	4171.61	0.00	7.19	1049.00
	4171.62	0.00	7.26	1031.00
	4171.63	0.00	7.39	1005.00
	4171.64	0.00	7.43	979.00
	4171.66	0.00	7.21	914.00
	4171.67	0.00	7.58	951.00
	4171.68	0.00	8.04	953.00
	4171.69	0.00	8.21	947.00
	4171.70	0.00	8.33	945.00
	4171.71	0.00	8.56	917.00
	4171.72	0.00	8.56	928.00
	4171.74	0.00	8.63	939.00
	4171.75	0.00	8.73	943.00
	4171.76	0.00	8.83	939.00
	4171.77	0.00	8.92	916.00
	4171.78	0.00	8.94	900.00
	4171.79	0.00	8.81	881.00
	4171.81	0.00	8.67	857.00
	4171.82	0.00	8.65	844.00
	4171.83	0.00	8.56	828.00
	4171.84	0.00	8.44	807.00
	4171.85	0.00	8.34	792.00
	4171.87	0.00	8.10	768.00
	4171.88	0.00	7.20	701.00
	4171.89	0.00	6.64	658.00
	4171.90	0.00	6.63	668.00
	4171.91	0.00	6.66	676.00
	4171.92	0.00	6.70	679.00
	4171.93	0.00	6.71	678.00
	4171.94	0.00	6.72	679.00
	4171.96	0.00	6.71	678.00
	4171.97	0.00	6.66	677.00
	4171.98	0.00	6.67	675.00
	4171.99	0.00	6.67	675.00
	4172.00	0.00	6.66	675.00
	4172.01	0.00	6.68	676.00
	4172.03	0.00	6.69	675.00
	4172.04	0.00	6.69	675.00
	4172.05	0.00	6.69	676.00
	4172.06	0.00	6.69	676.00
	4172.07	0.00	6.68	675.00
	4172.08	0.00	6.62	670.00
	4172.10	0.00	6.63	668.00
	4172.11	0.00	6.65	662.00
	4172.12	0.00	6.67	663.00
	4172.13	0.00	6.66	662.00
	4172.14	0.00	6.68	661.00
	4172.15	0.00	6.68	661.00
	4172.16	0.00	6.68	660.00
	4172.18	0.00	6.68	660.00
	4172.19	0.00	6.69	658.00
	4172.20	0.00	6.69	658.00
	4172.21	0.00	6.70	656.00
	4172.22	0.00	6.71	656.00
	4172.23	0.00	6.70	656.00
	4172.25	0.00	6.70	656.00
	4172.26	0.00	6.70	656.00
	4172.27	0.00	6.69	655.00
	4172.28	0.00	6.76	658.00
	4172.29	0.00	6.76	658.00
	4172.30	0.00	6.75	660.00
	4172.31	0.00	6.74	663.00
	4172.33	0.00	6.67	690.00
	4172.34	0.00	6.62	726.00
	4172.35	0.00	6.34	849.00
	4172.36	0.00	6.04	1025.00
	4172.37	0.00	5.92	1138.00
	4172.38	0.00	5.87	1188.00
	4172.40	0.00	5.89	1199.00
	4172.41	0.00	5.90	1197.00
	4172.42	0.00	5.90	1193.00
	4172.43	0.00	5.82	1209.00
	4172.44	0.00	5.81	1233.00
	4172.45	0.00	5.80	1256.00
	4172.47	0.00	5.83	1277.00
	4172.48	0.00	6.20	1340.00
	4172.49	0.00	6.21	1343.00
	4172.50	0.00	6.21	1351.00
	4172.51	0.00	6.23	1355.00
	4172.52	0.00	6.52	1393.00
	4172.54	0.00	6.54	1378.00
	4172.55	0.00	6.59	1357.00
	4172.56	0.00	6.62	1329.00
	4172.57	0.00	6.67	1305.00
	4172.58	0.00	6.70	1278.00
	4172.60	0.00	6.47	1200.00
	4172.61	0.00	6.51	1174.00
	4172.62	0.00	6.55	1150.00
	4172.63	0.00	6.59	1130.00
	4172.64	0.00	6.62	1107.00
	4172.65	0.00	6.67	1081.00
	4172.66	0.00	7.03	1126.00
	4172.68	0.00	7.06	1110.00
	4172.69	0.00	7.10	1095.00
	4172.70	0.00	7.15	1085.00
	4172.71	0.00	7.18	1077.00
	4172.72	0.00	7.21	1070.00
	4172.73	0.00	7.29	1065.00
	4172.75	0.00	7.34	1055.00
	4172.76	0.00	7.37	1047.00
	4172.77	0.00	7.40	1042.00
	4172.78	0.00	7.46	1030.00
	4172.79	0.00	7.51	1018.00
	4172.81	0.00	7.52	1002.00
	4172.82	0.00	7.55	991.00
	4172.83	0.00	7.57	982.00
	4172.84	0.00	7.63	969.00
	4172.85	0.00	7.64	960.00
	4172.86	0.00	7.70	907.00
	4172.87	0.00	7.89	905.00
	4172.89	0.00	7.72	923.00
	4172.90	0.00	8.16	887.00
	4172.91	0.00	8.21	887.00
	4172.92	0.00	8.28	879.00
	4172.93	0.00	8.36	860.00
	4172.94	0.00	8.36	853.00
	4172.96	0.00	8.22	840.00
	4172.97	0.00	8.20	829.00
	4172.98	0.00	8.17	818.00
	4172.99	0.00	8.12	808.00
	4173.00	0.00	8.08	797.00
	4173.02	0.00	8.09	783.00
	4173.03	0.00	7.96	763.00
	4173.04	0.00	7.07	697.00
	4173.05	0.00	6.55	641.00
	4173.06	0.00	6.56	642.00
	4173.07	0.00	6.54	660.00
	4173.08	0.00	6.65	669.00
	4173.10	0.00	6.67	668.00
	4173.11	0.00	6.73	672.00
	4173.12	0.00	6.74	672.00
	4173.13	0.00	6.72	678.00
	4173.14	0.00	6.73	678.00
	4173.15	0.00	6.71	678.00
	4173.16	0.00	6.71	678.00
	4173.18	0.00	6.71	676.00
	4173.19	0.00	6.72	677.00
	4173.20	0.00	6.72	680.00
	4173.21	0.00	6.69	677.00
	4173.22	0.00	6.77	682.00
	4173.23	0.00	6.75	681.00
	4173.25	0.00	6.74	688.00
	4173.26	0.00	6.74	687.00
	4173.27	0.00	6.74	685.00
	4173.28	0.00	6.72	693.00
	4173.29	0.00	6.73	687.00
	4173.30	0.00	6.74	687.00
	4173.32	0.00	6.74	684.00
	4173.33	0.00	6.76	680.00
	4173.34	0.00	6.76	680.00
	4173.35	0.00	6.78	673.00
	4173.36	0.00	6.81	666.00
	4173.37	0.00	6.80	667.00
	4173.38	0.00	6.80	669.00
	4173.40	0.00	6.80	669.00
	4173.41	0.00	6.81	670.00
	4173.42	0.00	6.75	669.00
	4173.43	0.00	6.75	667.00
	4173.44	0.00	6.75	666.00
	4173.45	0.00	6.73	673.00
	4173.46	0.00	6.69	688.00
	4173.48	0.00	6.61	733.00
	4173.49	0.00	6.44	811.00
	4173.50	0.00	6.16	965.00
	4173.51	0.00	6.01	1082.00
	4173.52	0.00	5.94	1138.00
	4173.54	0.00	5.89	1177.00
	4173.55	0.00	5.88	1195.00
	4173.56	0.00	5.88	1214.00
	4173.57	0.00	5.88	1242.00
	4173.58	0.00	5.82	1255.00
	4173.59	0.00	5.78	1289.00
	4173.60	0.00	6.05	1345.00
	4173.62	0.00	6.07	1350.00
	4173.63	0.00	6.07	1348.00
	4173.64	0.00	6.10	1342.00
	4173.65	0.00	6.10	1332.00
	4173.66	0.00	6.14	1318.00
	4173.67	0.00	6.17	1300.00
	4173.69	0.00	6.19	1272.00
	4173.70	0.00	6.58	1298.00
	4173.71	0.00	6.62	1275.00
	4173.72	0.00	6.68	1260.00
	4173.73	0.00	6.73	1245.00
	4173.75	0.00	6.75	1222.00
	4173.76	0.00	6.78	1209.00
	4173.77	0.00	6.82	1201.00
	4173.78	0.00	6.83	1192.00
	4173.79	0.00	6.77	1169.00
	4173.80	0.00	6.81	1163.00
	4173.82	0.00	6.86	1159.00
	4173.83	0.00	6.87	1155.00
	4173.84	0.00	6.88	1143.00
	4173.85	0.00	6.94	1138.00
	4173.86	0.00	7.01	1126.00
	4173.87	0.00	7.11	1113.00
	4173.89	0.00	7.16	1091.00
	4173.90	0.00	7.24	1076.00
	4173.91	0.00	7.32	1055.00
	4173.92	0.00	7.42	1039.00
	4173.93	0.00	7.30	963.00
	4173.94	0.00	8.04	995.00
	4173.96	0.00	8.13	987.00
	4173.97	0.00	8.14	992.00
	4173.98	0.00	8.27	987.00
	4173.99	0.00	8.35	976.00
	4174.00	0.00	8.48	972.00
	4174.01	0.00	8.57	965.00
	4174.02	0.00	8.80	931.00
	4174.04	0.00	8.80	942.00
	4174.05	0.00	8.90	938.00
	4174.06	0.00	8.86	957.00
	4174.07	0.00	9.13	938.00
	4174.08	0.00	9.24	937.00
	4174.10	0.00	9.23	924.00
	4174.11	0.00	9.12	909.00
	4174.12	0.00	9.06	891.00
	4174.13	0.00	8.88	864.00
	4174.14	0.00	8.70	841.00
	4174.15	0.00	8.62	827.00
	4174.16	0.00	8.53	810.00
	4174.18	0.00	8.40	789.00
	4174.19	0.00	8.24	769.00
	4174.20	0.00	8.05	750.00
	4174.21	0.00	7.24	697.00
	4174.22	0.00	6.69	660.00
	4174.23	0.00	6.68	670.00
	4174.25	0.00	6.72	676.00
	4174.26	0.00	6.70	672.00
	4174.27	0.00	6.71	671.00
	4174.28	0.00	6.71	671.00
	4174.29	0.00	6.69	671.00
	4174.30	0.00	6.71	674.00
	4174.31	0.00	6.71	676.00
	4174.33	0.00	6.71	676.00
	4174.34	0.00	6.71	677.00
	4174.35	0.00	6.63	671.00
	4174.36	0.00	6.64	670.00
	4174.37	0.00	6.65	670.00
	4174.38	0.00	6.66	664.00
	4174.40	0.00	6.66	663.00
	4174.41	0.00	6.67	663.00
	4174.42	0.00	6.68	661.00
	4174.43	0.00	6.67	663.00
	4174.44	0.00	6.68	662.00
	4174.45	0.00	6.67	663.00
	4174.47	0.00	6.67	661.00
	4174.48	0.00	6.69	661.00
	4174.49	0.00	6.70	661.00
	4174.50	0.00	6.69	661.00
	4174.51	0.00	6.76	665.00
	4174.52	0.00	6.77	664.00
	4174.53	0.00	6.77	664.00
	4174.55	0.00	6.76	666.00
	4174.56	0.00	6.77	666.00
	4174.57	0.00	6.76	666.00
	4174.58	0.00	6.76	666.00
	4174.59	0.00	6.75	665.00
	4174.60	0.00	6.75	667.00
	4174.62	0.00	6.74	668.00
	4174.63	0.00	6.76	668.00
	4174.64	0.00	6.81	669.00
	4174.65	0.00	6.81	671.00
	4174.66	0.00	6.81	682.00
	4174.67	0.00	6.69	717.00
	4174.69	0.00	6.57	779.00
	4174.70	0.00	6.32	886.00
	4174.71	0.00	6.14	1013.00
	4174.72	0.00	6.11	1054.00
	4174.73	0.00	6.06	1095.00
	4174.74	0.00	5.94	1131.00
	4174.75	0.00	5.91	1154.00
	4174.77	0.00	5.91	1176.00
	4174.78	0.00	5.88	1206.00
	4174.79	0.00	6.23	1290.00
	4174.80	0.00	6.22	1318.00
	4174.81	0.00	6.22	1339.00
	4174.83	0.00	6.49	1401.00
	4174.84	0.00	6.50	1407.00
	4174.85	0.00	6.53	1406.00
	4174.86	0.00	6.54	1400.00
	4174.87	0.00	6.57	1389.00
	4174.88	0.00	6.60	1369.00
	4174.90	0.00	6.61	1345.00
	4174.91	0.00	6.64	1325.00
	4174.92	0.00	6.65	1304.00
	4174.93	0.00	6.71	1286.00
	4174.94	0.00	6.76	1265.00
	4174.95	0.00	6.79	1246.00
	4174.96	0.00	6.80	1236.00
	4174.98	0.00	6.81	1222.00
	4174.99	0.00	6.83	1210.00
	4175.00	0.00	6.87	1203.00
	4175.01	0.00	6.89	1200.00
	4175.02	0.00	6.90	1199.00
	4175.04	0.00	6.89	1197.00
	4175.05	0.00	6.91	1198.00
	4175.06	0.00	6.92	1193.00
	4175.07	0.00	6.95	1190.00
	4175.08	0.00	7.02	1184.00
	4175.09	0.00	6.78	1126.00
	4175.11	0.00	6.80	1111.00
	4175.12	0.00	6.88	1094.00
	4175.13	0.00	6.97	1076.00
	4175.14	0.00	7.05	1058.00
	4175.15	0.00	7.22	1019.00
	4175.16	0.00	7.38	986.00
	4175.17	0.00	7.48	968.00
	4175.19	0.00	8.22	1004.00
	4175.20	0.00	8.35	1001.00
	4175.21	0.00	8.48	1002.00
	4175.22	0.00	8.69	981.00
	4175.23	0.00	8.89	969.00
	4175.25	0.00	8.98	974.00
	4175.26	0.00	9.01	983.00
	4175.27	0.00	9.11	993.00
	4175.28	0.00	8.95	1003.00
	4175.29	0.00	9.06	973.00
	4175.30	0.00	9.08	958.00
	4175.31	0.00	9.01	929.00
	4175.33	0.00	8.91	909.00
	4175.34	0.00	8.78	896.00
	4175.35	0.00	8.69	867.00
	4175.36	0.00	8.61	843.00
	4175.37	0.00	8.59	820.00
	4175.38	0.00	8.39	799.00
	4175.40	0.00	8.27	771.00
	4175.41	0.00	7.97	742.00
	4175.42	0.00	6.52	649.00
	4175.43	0.00	6.45	685.00
	4175.44	0.00	6.48	683.00
	4175.45	0.00	6.57	692.00
	4175.46	0.00	6.57	690.00
	4175.48	0.00	6.62	678.00
	4175.49	0.00	6.70	676.00
	4175.50	0.00	6.71	671.00
	4175.51	0.00	6.72	676.00
	4175.52	0.00	6.65	693.00
	4175.54	0.00	6.64	700.00
	4175.55	0.00	6.63	701.00
	4175.56	0.00	6.60	705.00
	4175.57	0.00	6.60	702.00
	4175.58	0.00	6.62	695.00
	4175.59	0.00	6.70	672.00
	4175.60	0.00	6.66	683.00
	4175.62	0.00	6.65	687.00
	4175.63	0.00	6.64	691.00
	4175.64	0.00	6.64	688.00
	4175.65	0.00	6.65	671.00
	4175.66	0.00	6.65	669.00
	4175.67	0.00	6.62	677.00
	4175.68	0.00	6.65	669.00
	4175.70	0.00	6.69	662.00
	4175.71	0.00	6.69	661.00
	4175.72	0.00	6.68	660.00
	4175.73	0.00	6.68	660.00
	4175.74	0.00	6.69	658.00
	4175.75	0.00	6.64	655.00
	4175.77	0.00	6.64	657.00
	4175.78	0.00	6.66	654.00
	4175.79	0.00	6.65	650.00
	4175.80	0.00	6.66	651.00
	4175.81	0.00	6.67	651.00
	4175.82	0.00	6.69	644.00
	4175.84	0.00	6.70	643.00
	4175.85	0.00	6.70	643.00
	4175.86	0.00	6.70	643.00
	4175.87	0.00	6.69	644.00
	4175.88	0.00	6.68	646.00
	4175.89	0.00	6.70	647.00
	4175.90	0.00	6.59	687.00
	4175.92	0.00	6.37	787.00
	4175.93	0.00	6.02	1009.00
	4175.94	0.00	5.80	1195.00
	4175.95	0.00	5.78	1235.00
	4175.96	0.00	5.82	1242.00
	4175.97	0.00	5.76	1241.00
	4175.99	0.00	5.75	1273.00
	4176.00	0.00	5.72	1322.00
	4176.01	0.00	5.66	1362.00
	4176.02	0.00	5.63	1387.00
	4176.03	0.00	5.64	1394.00
	4176.04	0.00	6.02	1445.00
	4176.06	0.00	6.06	1437.00
	4176.07	0.00	6.10	1424.00
	4176.08	0.00	6.14	1395.00
	4176.09	0.00	6.20	1367.00
	4176.10	0.00	6.29	1335.00
	4176.11	0.00	6.37	1298.00
	4176.13	0.00	6.54	1266.00
	4176.14	0.00	6.61	1224.00
	4176.15	0.00	6.76	1180.00
	4176.16	0.00	6.89	1128.00
	4176.17	0.00	6.97	1084.00
	4176.18	0.00	7.04	1046.00
	4176.20	0.00	7.17	990.00
	4176.21	0.00	7.24	955.00
	4176.22	0.00	7.30	929.00
	4176.23	0.00	7.36	912.00
	4176.24	0.00	7.40	897.00
	4176.25	0.00	7.42	891.00
	4176.27	0.00	7.46	883.00
	4176.28	0.00	7.54	877.00
	4176.29	0.00	7.56	873.00
	4176.30	0.00	8.27	916.00
	4176.31	0.00	8.38	923.00
	4176.32	0.00	8.45	930.00
	4176.33	0.00	8.70	886.00
	4176.35	0.00	8.73	904.00
	4176.36	0.00	8.80	916.00
	4176.37	0.00	8.82	918.00
	4176.38	0.00	8.83	968.00
	4176.39	0.00	9.00	929.00
	4176.40	0.00	9.14	936.00
	4176.42	0.00	9.29	954.00
	4176.43	0.00	9.38	963.00
	4176.44	0.00	9.45	963.00
	4176.45	0.00	9.56	961.00
	4176.46	0.00	9.53	954.00
	4176.47	0.00	9.49	945.00
	4176.49	0.00	9.40	933.00
	4176.50	0.00	9.26	911.00
	4176.51	0.00	9.02	885.00
	4176.52	0.00	8.93	864.00
	4176.53	0.00	8.83	846.00
	4176.54	0.00	8.70	825.00
	4176.56	0.00	8.38	790.00
	4176.57	0.00	8.14	762.00
	4176.58	0.00	7.12	689.00
	4176.59	0.00	6.99	699.00
	4176.60	0.00	6.91	720.00
	4176.61	0.00	6.47	670.00
	4176.62	0.00	6.44	672.00
	4176.64	0.00	6.46	671.00
	4176.65	0.00	6.47	675.00
	4176.66	0.00	6.50	662.00
	4176.67	0.00	6.55	673.00
	4176.68	0.00	6.57	670.00
	4176.69	0.00	6.55	677.00
	4176.71	0.00	6.57	678.00
	4176.72	0.00	6.54	680.00
	4176.73	0.00	6.54	679.00
	4176.74	0.00	6.60	666.00
	4176.75	0.00	6.63	660.00
	4176.76	0.00	6.63	662.00
	4176.78	0.00	6.69	662.00
	4176.79	0.00	6.68	663.00
	4176.80	0.00	6.66	663.00
	4176.81	0.00	6.68	661.00
	4176.82	0.00	6.67	661.00
	4176.83	0.00	6.62	655.00
	4176.85	0.00	6.66	654.00
	4176.86	0.00	6.67	654.00
	4176.87	0.00	6.67	655.00
	4176.88	0.00	6.67	654.00
	4176.89	0.00	6.67	653.00
	4176.90	0.00	6.68	655.00
	4176.91	0.00	6.68	655.00
	4176.93	0.00	6.68	656.00
	4176.94	0.00	6.68	657.00
	4176.95	0.00	6.69	657.00
	4176.96	0.00	6.62	656.00
	4176.97	0.00	6.62	654.00
	4176.98	0.00	6.64	652.00
	4177.00	0.00	6.64	652.00
	4177.01	0.00	6.63	651.00
	4177.02	0.00	6.65	652.00
	4177.03	0.00	6.66	654.00
	4177.04	0.00	6.68	651.00
	4177.05	0.00	6.68	650.00
	4177.06	0.00	6.67	652.00
	4177.08	0.00	6.65	658.00
	4177.09	0.00	6.50	703.00
	4177.10	0.00	6.38	780.00
	4177.11	0.00	5.96	1019.00
	4177.12	0.00	5.74	1218.00
	4177.13	0.00	5.72	1274.00
	4177.15	0.00	5.74	1268.00
	4177.16	0.00	5.75	1242.00
	4177.17	0.00	5.72	1249.00
	4177.18	0.00	5.65	1297.00
	4177.19	0.00	5.62	1355.00
	4177.20	0.00	5.61	1391.00
	4177.22	0.00	6.01	1455.00
	4177.23	0.00	6.04	1456.00
	4177.24	0.00	6.08	1449.00
	4177.25	0.00	6.09	1428.00
	4177.26	0.00	6.14	1406.00
	4177.27	0.00	6.18	1374.00
	4177.29	0.00	6.25	1344.00
	4177.30	0.00	6.30	1308.00
	4177.31	0.00	6.36	1269.00
	4177.32	0.00	6.43	1229.00
	4177.33	0.00	6.53	1181.00
	4177.35	0.00	6.61	1141.00
	4177.36	0.00	6.69	1093.00
	4177.37	0.00	6.78	1042.00
	4177.38	0.00	6.89	995.00
	4177.39	0.00	6.98	955.00
	4177.40	0.00	7.11	918.00
	4177.41	0.00	7.23	896.00
	4177.43	0.00	7.27	877.00
	4177.44	0.00	7.33	868.00
	4177.45	0.00	7.35	872.00
	4177.46	0.00	7.39	868.00
	4177.47	0.00	7.46	859.00
	4177.48	0.00	7.49	861.00
	4177.50	0.00	7.52	858.00
	4177.51	0.00	8.21	909.00
	4177.52	0.00	8.29	913.00
	4177.53	0.00	8.44	901.00
	4177.54	0.00	8.56	885.00
	4177.55	0.00	8.69	893.00
	4177.56	0.00	8.80	892.00
	4177.58	0.00	8.69	920.00
	4177.59	0.00	8.88	915.00
	4177.60	0.00	8.91	913.00
	4177.61	0.00	9.01	932.00
	4177.62	0.00	9.05	908.00
	4177.63	0.00	9.09	910.00
	4177.65	0.00	9.17	909.00
	4177.66	0.00	9.25	909.00
	4177.67	0.00	9.32	911.00
	4177.68	0.00	9.35	914.00
	4177.69	0.00	9.37	913.00
	4177.70	0.00	9.28	899.00
	4177.72	0.00	9.16	884.00
	4177.73	0.00	8.97	858.00
	4177.74	0.00	8.88	845.00
	4177.75	0.00	8.75	824.00
	4177.76	0.00	8.52	799.00
	4177.77	0.00	8.23	769.00
	4177.79	0.00	7.28	698.00
	4177.80	0.00	7.14	689.00
	4177.81	0.00	7.05	704.00
	4177.82	0.00	7.02	717.00
	4177.83	0.00	6.55	667.00
	4177.84	0.00	6.55	667.00
	4177.85	0.00	6.54	664.00
	4177.87	0.00	6.53	657.00
	4177.88	0.00	6.55	654.00
	4177.89	0.00	6.54	650.00
	4177.90	0.00	6.54	651.00
	4177.91	0.00	6.53	652.00
	4177.92	0.00	6.54	652.00
	4177.94	0.00	6.54	652.00
	4177.95	0.00	6.53	651.00
	4177.96	0.00	6.54	650.00
	4177.97	0.00	6.52	650.00
	4177.98	0.00	6.53	648.00
	4177.99	0.00	6.56	648.00
	4178.01	0.00	6.60	650.00
	4178.02	0.00	6.61	650.00
	4178.03	0.00	6.61	651.00
	4178.04	0.00	6.61	653.00
	4178.05	0.00	6.61	651.00
	4178.06	0.00	6.60	651.00
	4178.08	0.00	6.61	649.00
	4178.09	0.00	6.61	648.00
	4178.10	0.00	6.62	649.00
	4178.11	0.00	6.61	649.00
	4178.12	0.00	6.63	647.00
	4178.13	0.00	6.65	662.00
	4178.14	0.00	6.69	649.00
	4178.16	0.00	6.62	671.00
	4178.17	0.00	6.62	671.00
	4178.18	0.00	6.63	665.00
	4178.19	0.00	6.66	649.00
	4178.20	0.00	6.64	662.00
	4178.21	0.00	6.68	651.00
	4178.23	0.00	6.67	649.00
	4178.24	0.00	6.67	650.00
	4178.25	0.00	6.67	654.00
	4178.26	0.00	6.64	659.00
	4178.27	0.00	6.63	659.00
	4178.28	0.00	6.61	666.00
	4178.29	0.00	6.47	717.00
	4178.31	0.00	6.29	831.00
	4178.32	0.00	5.94	1045.00
	4178.33	0.00	5.80	1192.00
	4178.34	0.00	5.73	1237.00
	4178.35	0.00	5.72	1237.00
	4178.37	0.00	5.71	1239.00
	4178.38	0.00	5.69	1268.00
	4178.39	0.00	5.66	1304.00
	4178.40	0.00	5.63	1328.00
	4178.41	0.00	6.07	1400.00
	4178.42	0.00	6.15	1404.00
	4178.43	0.00	6.17	1395.00
	4178.45	0.00	6.24	1385.00
	4178.46	0.00	6.52	1412.00
	4178.47	0.00	6.61	1386.00
	4178.48	0.00	6.70	1347.00
	4178.49	0.00	6.79	1301.00
	4178.50	0.00	6.86	1257.00
	4178.52	0.00	6.94	1212.00
	4178.53	0.00	6.75	1114.00
	4178.54	0.00	6.84	1068.00
	4178.55	0.00	6.88	1037.00
	4178.56	0.00	6.98	992.00
	4178.58	0.00	7.02	965.00
	4178.59	0.00	7.08	938.00
	4178.60	0.00	7.01	916.00
	4178.61	0.00	7.05	902.00
	4178.62	0.00	7.09	878.00
	4178.63	0.00	7.20	855.00
	4178.64	0.00	7.24	846.00
	4178.66	0.00	7.27	840.00
	4178.67	0.00	7.29	838.00
	4178.68	0.00	7.29	834.00
	4178.69	0.00	7.33	832.00
	4178.70	0.00	7.37	834.00
	4178.71	0.00	7.40	835.00
	4178.72	0.00	7.35	846.00
	4178.74	0.00	7.53	810.00
	4178.75	0.00	7.56	812.00
	4178.76	0.00	7.62	824.00
	4178.77	0.00	8.31	884.00
	4178.78	0.00	8.46	865.00
	4178.79	0.00	8.60	880.00
	4178.81	0.00	8.75	892.00
	4178.82	0.00	8.88	895.00
	4178.83	0.00	9.02	903.00
	4178.84	0.00	9.18	920.00
	4178.85	0.00	9.27	920.00
	4178.86	0.00	9.39	930.00
	4178.88	0.00	9.41	925.00
	4178.89	0.00	9.37	917.00
	4178.90	0.00	9.33	914.00
	4178.91	0.00	9.17	892.00
	4178.92	0.00	9.11	880.00
	4178.93	0.00	9.04	865.00
	4178.95	0.00	8.95	844.00
	4178.96	0.00	8.99	831.00
	4178.97	0.00	8.71	798.00
	4178.98	0.00	8.31	759.00
	4178.99	0.00	7.18	688.00
	4179.00	0.00	7.07	706.00
	4179.02	0.00	6.52	678.00
	4179.03	0.00	6.60	673.00
	4179.04	0.00	6.57	675.00
	4179.05	0.00	6.59	673.00
	4179.06	0.00	6.64	662.00
	4179.07	0.00	6.65	661.00
	4179.08	0.00	6.63	661.00
	4179.10	0.00	6.64	658.00
	4179.11	0.00	6.62	655.00
	4179.12	0.00	6.61	654.00
	4179.13	0.00	6.61	652.00
	4179.14	0.00	6.60	656.00
	4179.15	0.00	6.61	660.00
	4179.17	0.00	6.61	661.00
	4179.18	0.00	6.61	661.00
	4179.19	0.00	6.61	660.00
	4179.20	0.00	6.61	660.00
	4179.21	0.00	6.54	663.00
	4179.22	0.00	6.51	661.00
	4179.23	0.00	6.53	649.00
	4179.25	0.00	6.57	641.00
	4179.26	0.00	6.59	638.00
	4179.27	0.00	6.58	638.00
	4179.28	0.00	6.59	638.00
	4179.29	0.00	6.59	635.00
	4179.30	0.00	6.59	636.00
	4179.32	0.00	6.59	636.00
	4179.33	0.00	6.59	635.00
	4179.34	0.00	6.59	636.00
	4179.35	0.00	6.59	635.00
	4179.36	0.00	6.60	635.00
	4179.37	0.00	6.60	633.00
	4179.39	0.00	6.61	635.00
	4179.40	0.00	6.61	636.00
	4179.41	0.00	6.61	633.00
	4179.42	0.00	6.68	636.00
	4179.43	0.00	6.69	634.00
	4179.44	0.00	6.67	638.00
	4179.45	0.00	6.67	638.00
	4179.47	0.00	6.66	640.00
	4179.48	0.00	6.60	688.00
	4179.49	0.00	6.39	773.00
	4179.50	0.00	6.08	947.00
	4179.51	0.00	5.90	1103.00
	4179.52	0.00	5.82	1185.00
	4179.54	0.00	5.76	1214.00
	4179.55	0.00	5.74	1220.00
	4179.56	0.00	5.79	1230.00
	4179.57	0.00	5.78	1256.00
	4179.58	0.00	5.74	1285.00
	4179.59	0.00	5.75	1321.00
	4179.61	0.00	6.12	1378.00
	4179.62	0.00	6.16	1381.00
	4179.63	0.00	6.43	1452.00
	4179.64	0.00	6.48	1444.00
	4179.65	0.00	6.52	1424.00
	4179.66	0.00	6.55	1402.00
	4179.68	0.00	6.58	1370.00
	4179.69	0.00	6.62	1338.00
	4179.70	0.00	6.70	1314.00
	4179.71	0.00	6.74	1285.00
	4179.72	0.00	6.79	1262.00
	4179.73	0.00	6.84	1237.00
	4179.75	0.00	6.62	1162.00
	4179.76	0.00	6.65	1147.00
	4179.77	0.00	6.69	1125.00
	4179.78	0.00	6.72	1123.00
	4179.79	0.00	6.74	1109.00
	4179.81	0.00	6.80	1099.00
	4179.82	0.00	6.88	1095.00
	4179.83	0.00	6.93	1088.00
	4179.84	0.00	6.97	1082.00
	4179.85	0.00	7.04	1071.00
	4179.86	0.00	7.11	1065.00
	4179.87	0.00	7.21	1060.00
	4179.89	0.00	7.30	1050.00
	4179.90	0.00	7.36	1040.00
	4179.91	0.00	8.02	1079.00
	4179.92	0.00	8.15	1065.00
	4179.93	0.00	8.25	1053.00
	4179.94	0.00	8.40	1051.00
	4179.96	0.00	8.50	1052.00
	4179.97	0.00	8.67	1055.00
	4179.98	0.00	8.90	1033.00
	4179.99	0.00	9.05	1033.00
	4180.00	0.00	9.22	1040.00
	4180.01	0.00	9.42	1023.00
	4180.03	0.00	9.55	1011.00
	4180.04	0.00	9.55	1030.00
	4180.05	0.00	9.66	1030.00
	4180.06	0.00	9.73	1014.00
	4180.07	0.00	9.73	999.00
	4180.08	0.00	9.64	968.00
	4180.10	0.00	9.40	929.00
	4180.11	0.00	9.14	887.00
	4180.12	0.00	8.97	857.00
	4180.13	0.00	8.74	823.00
	4180.14	0.00	8.48	794.00
	4180.15	0.00	8.16	759.00
	4180.16	0.00	7.11	686.00
	4180.18	0.00	6.96	701.00
	4180.19	0.00	6.73	782.00
	4180.20	0.00	6.32	729.00
	4180.21	0.00	6.29	730.00
	4180.22	0.00	6.32	724.00
	4180.23	0.00	6.35	715.00
	4180.25	0.00	6.37	711.00
	4180.26	0.00	6.41	703.00
	4180.27	0.00	6.41	704.00
	4180.28	0.00	6.40	705.00
	4180.29	0.00	6.45	715.00
	4180.30	0.00	6.39	726.00
	4180.32	0.00	6.37	734.00
	4180.33	0.00	6.37	732.00
	4180.34	0.00	6.38	732.00
	4180.35	0.00	6.40	723.00
	4180.36	0.00	6.39	724.00
	4180.37	0.00	6.40	724.00
	4180.38	0.00	6.48	723.00
	4180.40	0.00	6.49	717.00
	4180.41	0.00	6.48	719.00
	4180.42	0.00	6.61	676.00
	4180.43	0.00	6.67	658.00
	4180.44	0.00	6.63	666.00
	4180.45	0.00	6.64	665.00
	4180.47	0.00	6.65	660.00
	4180.48	0.00	6.67	657.00
	4180.49	0.00	6.67	656.00
	4180.50	0.00	6.67	657.00
	4180.51	0.00	6.68	656.00
	4180.52	0.00	6.68	657.00
	4180.54	0.00	6.67	657.00
	4180.55	0.00	6.69	654.00
	4180.56	0.00	6.62	653.00
	4180.57	0.00	6.64	649.00
	4180.58	0.00	6.64	647.00
	4180.59	0.00	6.64	645.00
	4180.60	0.00	6.63	641.00
	4180.62	0.00	6.63	642.00
	4180.63	0.00	6.64	644.00
	4180.64	0.00	6.62	653.00
	4180.65	0.00	6.52	698.00
	4180.66	0.00	6.31	825.00
	4180.67	0.00	5.93	1047.00
	4180.69	0.00	5.74	1207.00
	4180.70	0.00	5.67	1248.00
	4180.71	0.00	5.67	1252.00
	4180.72	0.00	5.70	1230.00
	4180.73	0.00	5.69	1243.00
	4180.75	0.00	5.65	1299.00
	4180.76	0.00	5.98	1391.00
	4180.77	0.00	6.08	1427.00
	4180.78	0.00	6.18	1437.00
	4180.79	0.00	6.20	1419.00
	4180.80	0.00	6.24	1397.00
	4180.81	0.00	6.29	1368.00
	4180.83	0.00	6.32	1340.00
	4180.84	0.00	6.39	1307.00
	4180.85	0.00	6.45	1269.00
	4180.86	0.00	6.53	1233.00
	4180.87	0.00	6.61	1196.00
	4180.88	0.00	6.70	1152.00
	4180.90	0.00	6.78	1103.00
	4180.91	0.00	6.83	1069.00
	4180.92	0.00	6.89	1017.00
	4180.93	0.00	6.99	965.00
	4180.94	0.00	7.07	932.00
	4180.95	0.00	7.12	901.00
	4180.97	0.00	7.16	887.00
	4180.98	0.00	7.19	874.00
	4180.99	0.00	7.22	866.00
	4181.00	0.00	7.29	865.00
	4181.01	0.00	7.32	860.00
	4181.02	0.00	7.34	851.00
	4181.04	0.00	8.06	902.00
	4181.05	0.00	8.13	904.00
	4181.06	0.00	8.12	921.00
	4181.07	0.00	8.21	923.00
	4181.08	0.00	8.27	924.00
	4181.09	0.00	8.26	921.00
	4181.10	0.00	8.34	925.00
	4181.12	0.00	8.39	929.00
	4181.13	0.00	8.47	935.00
	4181.14	0.00	8.49	939.00
	4181.15	0.00	8.67	913.00
	4181.16	0.00	8.75	913.00
	4181.17	0.00	8.70	934.00
	4181.19	0.00	9.04	916.00
	4181.20	0.00	9.09	913.00
	4181.21	0.00	9.13	900.00
	4181.22	0.00	9.11	902.00
	4181.23	0.00	9.15	909.00
	4181.24	0.00	9.22	904.00
	4181.26	0.00	9.19	893.00
	4181.27	0.00	9.21	897.00
	4181.28	0.00	9.21	892.00
	4181.29	0.00	9.22	889.00
	4181.30	0.00	9.17	882.00
	4181.31	0.00	9.04	868.00
	4181.33	0.00	8.92	856.00
	4181.34	0.00	8.76	839.00
	4181.35	0.00	8.53	812.00
	4181.36	0.00	8.21	781.00
	4181.37	0.00	7.25	716.00
	4181.38	0.00	7.14	711.00
	4181.39	0.00	7.08	713.00
	4181.41	0.00	6.98	723.00
	4181.42	0.00	6.51	681.00
	4181.43	0.00	6.50	681.00
	4181.44	0.00	6.53	679.00
	4181.45	0.00	6.55	677.00
	4181.46	0.00	6.54	682.00
	4181.48	0.00	6.55	678.00
	4181.49	0.00	6.46	673.00
	4181.50	0.00	6.47	669.00
	4181.51	0.00	6.50	660.00
	4181.52	0.00	6.50	660.00
	4181.53	0.00	6.50	660.00
	4181.54	0.00	6.51	660.00
	4181.56	0.00	6.51	661.00
	4181.57	0.00	6.51	661.00
	4181.58	0.00	6.52	660.00
	4181.59	0.00	6.52	661.00
	4181.60	0.00	6.52	661.00
	4181.62	0.00	6.52	660.00
	4181.63	0.00	6.52	661.00
	4181.64	0.00	6.53	658.00
	4181.65	0.00	6.53	660.00
	4181.66	0.00	6.55	658.00
	4181.67	0.00	6.55	656.00
	4181.68	0.00	6.62	657.00
	4181.70	0.00	6.62	656.00
	4181.71	0.00	6.62	656.00
	4181.72	0.00	6.61	663.00
	4181.73	0.00	6.62	660.00
	4181.74	0.00	6.62	660.00
	4181.75	0.00	6.63	661.00
	4181.77	0.00	6.63	659.00
	4181.78	0.00	6.62	657.00
	4181.79	0.00	6.62	657.00
	4181.80	0.00	6.64	654.00
	4181.81	0.00	6.64	657.00
	4181.82	0.00	6.65	656.00
	4181.83	0.00	6.65	655.00
	4181.85	0.00	6.65	654.00
	4181.86	0.00	6.68	651.00
	4181.87	0.00	6.72	655.00
	4181.88	0.00	6.71	653.00
	4181.89	0.00	6.69	666.00
	4181.90	0.00	6.64	688.00
	4181.92	0.00	6.61	704.00
	4181.93	0.00	6.53	737.00
	4181.94	0.00	6.39	776.00
	4181.95	0.00	6.32	821.00
	4181.96	0.00	6.28	843.00
	4181.97	0.00	6.27	851.00
	4181.98	0.00	6.26	856.00
	4182.00	0.00	6.25	856.00
	4182.01	0.00	6.24	860.00
	4182.02	0.00	6.24	867.00
	4182.03	0.00	6.24	875.00
	4182.04	0.00	6.18	880.00
	4182.05	0.00	6.21	890.00
	4182.07	0.00	6.21	894.00
	4182.08	0.00	6.55	954.00
	4182.09	0.00	6.60	974.00
	4182.10	0.00	6.59	987.00
	4182.11	0.00	7.00	1053.00
	4182.12	0.00	7.01	1066.00
	4182.13	0.00	6.99	1073.00
	4182.15	0.00	6.95	1080.00
	4182.16	0.00	6.94	1084.00
	4182.17	0.00	6.95	1086.00
	4182.18	0.00	6.96	1086.00
	4182.19	0.00	6.96	1085.00
	4182.21	0.00	6.96	1083.00
	4182.22	0.00	6.94	1083.00
	4182.23	0.00	6.88	1078.00
	4182.24	0.00	6.91	1080.00
	4182.25	0.00	6.90	1075.00
	4182.26	0.00	6.91	1080.00
	4182.28	0.00	6.52	1031.00
	4182.29	0.00	6.90	1084.00
	4182.30	0.00	6.97	1084.00
	4182.31	0.00	6.98	1089.00
	4182.32	0.00	6.97	1094.00
	4182.33	0.00	7.01	1099.00
	4182.35	0.00	7.00	1104.00
	4182.36	0.00	7.01	1108.00
	4182.37	0.00	7.01	1112.00
	4182.38	0.00	7.01	1116.00
	4182.39	0.00	7.01	1116.00
	4182.40	0.00	7.00	1119.00
	4182.42	0.00	6.91	1101.00
	4182.43	0.00	6.90	1101.00
	4182.44	0.00	6.91	1103.00
	4182.45	0.00	6.90	1102.00
	4182.46	0.00	6.50	1052.00
	4182.47	0.00	6.49	1050.00
	4182.49	0.00	6.50	1051.00
	4182.50	0.00	6.51	1051.00
	4182.51	0.00	6.51	1050.00
	4182.52	0.00	6.51	1049.00
	4182.53	0.00	6.51	1048.00
	4182.54	0.00	6.51	1048.00
	4182.56	0.00	6.52	1045.00
	4182.57	0.00	6.53	1043.00
	4182.58	0.00	6.53	1042.00
	4182.59	0.00	6.55	1043.00
	4182.60	0.00	6.59	1045.00
	4182.61	0.00	6.59	1043.00
	4182.63	0.00	6.59	1042.00
	4182.64	0.00	6.56	1059.00
	4182.65	0.00	6.56	1058.00
	4182.66	0.00	6.55	1058.00
	4182.67	0.00	6.55	1057.00
	4182.68	0.00	6.54	1057.00
	4182.69	0.00	6.55	1058.00
	4182.71	0.00	6.53	1056.00
	4182.72	0.00	6.51	1051.00
	4182.73	0.00	6.50	1047.00
	4182.74	0.00	6.61	1062.00
	4182.75	0.00	6.62	1063.00
	4182.77	0.00	6.62	1061.00
	4182.78	0.00	7.06	1112.00
	4182.79	0.00	7.07	1113.00
	4182.80	0.00	7.07	1113.00
	4182.81	0.00	7.08	1112.00
	4182.82	0.00	7.08	1110.00
	4182.84	0.00	7.07	1120.00
	4182.85	0.00	7.05	1128.00
	4182.86	0.00	7.05	1127.00
	4182.87	0.00	7.05	1128.00
	4182.88	0.00	7.05	1129.00
	4182.89	0.00	7.02	1126.00
	4182.90	0.00	7.02	1126.00
	4182.92	0.00	6.99	1122.00
	4182.93	0.00	6.57	1062.00
	4182.94	0.00	7.06	1134.00
	4182.95	0.00	7.06	1132.00
	4182.96	0.00	7.07	1128.00
	4182.97	0.00	7.06	1135.00
	4182.99	0.00	6.67	1085.00
	4183.00	0.00	6.68	1083.00
	4183.01	0.00	7.08	1135.00
	4183.02	0.00	7.08	1135.00
	4183.03	0.00	7.03	1127.00
	4183.04	0.00	7.05	1126.00
	4183.06	0.00	7.04	1125.00
	4183.07	0.00	7.04	1131.00
	4183.08	0.00	7.07	1137.00
	4183.09	0.00	7.06	1137.00
	4183.10	0.00	7.06	1136.00
	4183.12	0.00	7.03	1131.00
	4183.13	0.00	7.01	1135.00
	4183.14	0.00	7.01	1131.00
	4183.15	0.00	7.02	1131.00
	4183.16	0.00	7.02	1132.00
	4183.17	0.00	7.03	1128.00
	4183.18	0.00	7.04	1125.00
	4183.20	0.00	7.02	1126.00
	4183.21	0.00	7.04	1127.00
	4183.22	0.00	7.05	1127.00
	4183.23	0.00	7.07	1130.00
	4183.24	0.00	7.06	1130.00
	4183.26	0.00	7.05	1130.00
	4183.27	0.00	7.05	1128.00
	4183.28	0.00	6.99	1131.00
	4183.29	0.00	6.96	1126.00
	4183.30	0.00	6.99	1129.00
	4183.31	0.00	6.94	1127.00
	4183.33	0.00	6.54	1073.00
	4183.34	0.00	6.92	1123.00
	4183.35	0.00	6.92	1116.00
	4183.36	0.00	6.91	1117.00
	4183.37	0.00	6.99	1111.00
	4183.38	0.00	6.64	1057.00
	4183.39	0.00	7.01	1106.00
	4183.41	0.00	7.03	1108.00
	4183.42	0.00	7.03	1109.00
	4183.43	0.00	7.03	1108.00
	4183.44	0.00	7.06	1109.00
	4183.45	0.00	7.05	1108.00
	4183.46	0.00	7.05	1109.00
	4183.48	0.00	7.07	1112.00
	4183.49	0.00	6.96	1089.00
	4183.50	0.00	6.94	1087.00
	4183.51	0.00	6.96	1086.00
	4183.52	0.00	6.56	1035.00
	4183.54	0.00	6.56	1035.00
	4183.55	0.00	6.56	1036.00
	4183.56	0.00	6.55	1035.00
	4183.57	0.00	6.55	1032.00
	4183.58	0.00	6.55	1031.00
	4183.59	0.00	6.55	1030.00
	4183.60	0.00	6.57	1031.00
	4183.62	0.00	6.57	1030.00
	4183.63	0.00	6.57	1030.00
	4183.64	0.00	6.57	1030.00
	4183.65	0.00	6.63	1033.00
	4183.66	0.00	6.64	1032.00
	4183.67	0.00	6.65	1030.00
	4183.69	0.00	6.64	1032.00
	4183.70	0.00	6.60	1048.00
	4183.71	0.00	6.61	1048.00
	4183.72	0.00	6.60	1047.00
	4183.73	0.00	6.60	1046.00
	4183.75	0.00	6.61	1047.00
	4183.76	0.00	6.59	1045.00
	4183.77	0.00	6.58	1043.00
	4183.78	0.00	6.55	1036.00
	4183.79	0.00	6.55	1036.00
	4183.80	0.00	6.65	1050.00
	4183.81	0.00	6.66	1051.00
	4183.83	0.00	6.66	1050.00
	4183.84	0.00	6.67	1050.00
	4183.85	0.00	6.68	1052.00
	4183.86	0.00	6.71	1054.00
	4183.87	0.00	6.73	1053.00
	4183.88	0.00	6.73	1050.00
	4183.90	0.00	6.70	1069.00
	4183.91	0.00	6.70	1071.00
	4183.92	0.00	6.70	1069.00
	4183.93	0.00	6.70	1069.00
	4183.94	0.00	6.70	1070.00
	4183.95	0.00	6.68	1070.00
	4183.97	0.00	6.67	1064.00
	4183.98	0.00	6.62	1060.00
	4183.99	0.00	6.73	1074.00
	4184.00	0.00	6.71	1081.00
	4184.01	0.00	6.71	1082.00
	4184.02	0.00	6.71	1085.00
	4184.04	0.00	6.70	1085.00
	4184.05	0.00	7.08	1137.00
	4184.06	0.00	7.08	1137.00
	4184.07	0.00	7.06	1132.00
	4184.08	0.00	7.07	1143.00
	4184.09	0.00	7.07	1144.00
	4184.10	0.00	7.07	1145.00
	4184.12	0.00	7.05	1147.00
	4184.13	0.00	7.05	1147.00
	4184.14	0.00	7.01	1147.00
	4184.15	0.00	7.01	1148.00
	4184.16	0.00	7.00	1146.00
	4184.18	0.00	7.01	1145.00
	4184.19	0.00	6.63	1094.00
	4184.20	0.00	6.63	1094.00
	4184.21	0.00	6.63	1097.00
	4184.22	0.00	6.63	1100.00
	4184.23	0.00	6.64	1100.00
	4184.25	0.00	6.66	1103.00
	4184.26	0.00	6.66	1106.00
	4184.27	0.00	6.65	1105.00
	4184.28	0.00	6.59	1108.00
	4184.29	0.00	6.59	1109.00
	4184.30	0.00	6.57	1109.00
	4184.31	0.00	6.51	1105.00
	4184.33	0.00	6.50	1104.00
	4184.34	0.00	6.50	1105.00
	4184.35	0.00	6.50	1104.00
	4184.36	0.00	6.51	1098.00
	4184.37	0.00	6.59	1093.00
	4184.39	0.00	6.60	1094.00
	4184.40	0.00	6.58	1093.00
	4184.41	0.00	6.59	1094.00
	4184.42	0.00	6.60	1097.00
	4184.43	0.00	6.59	1099.00
	4184.44	0.00	6.61	1102.00
	4184.46	0.00	6.63	1105.00
	4184.47	0.00	6.55	1091.00
	4184.48	0.00	6.50	1084.00
	4184.49	0.00	6.50	1084.00
	4184.50	0.00	6.51	1085.00
	4184.51	0.00	6.50	1085.00
	4184.52	0.00	6.50	1085.00
	4184.54	0.00	6.50	1084.00
	4184.55	0.00	6.50	1086.00
	4184.56	0.00	6.50	1084.00
	4184.57	0.00	6.50	1085.00
	4184.58	0.00	6.50	1084.00
	4184.60	0.00	6.50	1087.00
	4184.61	0.00	6.51	1087.00
	4184.62	0.00	6.50	1085.00
	4184.63	0.00	6.58	1087.00
	4184.64	0.00	6.57	1088.00
	4184.65	0.00	6.57	1086.00
	4184.67	0.00	6.53	1105.00
	4184.68	0.00	6.53	1105.00
	4184.69	0.00	6.53	1104.00
	4184.70	0.00	6.53	1103.00
	4184.71	0.00	6.53	1103.00
	4184.72	0.00	6.51	1102.00
	4184.73	0.00	6.48	1095.00
	4184.75	0.00	6.45	1088.00
	4184.76	0.00	6.57	1108.00
	4184.77	0.00	6.59	1108.00
	4184.78	0.00	6.59	1105.00
	4184.79	0.00	6.60	1105.00
	4184.81	0.00	6.59	1102.00
	4184.82	0.00	6.66	1107.00
	4184.83	0.00	6.66	1104.00
	4184.84	0.00	6.68	1102.00
	4184.85	0.00	6.64	1117.00
	4184.86	0.00	6.64	1117.00
	4184.88	0.00	6.64	1117.00
	4184.89	0.00	6.65	1118.00
	4184.90	0.00	6.63	1116.00
	4184.91	0.00	6.63	1115.00
	4184.92	0.00	6.60	1111.00
	4184.93	0.00	6.56	1096.00
	4184.94	0.00	6.68	1121.00
	4184.96	0.00	6.67	1118.00
	4184.97	0.00	6.66	1117.00
	4184.98	0.00	6.67	1117.00
	4184.99	0.00	6.67	1116.00
	4185.00	0.00	6.68	1117.00
	4185.02	0.00	6.68	1115.00
	4185.03	0.00	6.67	1112.00
	4185.04	0.00	6.67	1116.00
	4185.05	0.00	6.67	1118.00
	4185.06	0.00	6.67	1116.00
	4185.07	0.00	6.66	1115.00
	4185.08	0.00	6.66	1114.00
	4185.10	0.00	6.66	1115.00
	4185.11	0.00	7.00	1163.00
	4185.12	0.00	7.00	1163.00
	4185.13	0.00	6.62	1113.00
	4185.14	0.00	6.63	1107.00
	4185.15	0.00	6.63	1106.00
	4185.17	0.00	6.63	1108.00
	4185.18	0.00	6.64	1107.00
	4185.19	0.00	6.63	1108.00
	4185.20	0.00	6.65	1108.00
	4185.21	0.00	6.66	1111.00
	4185.22	0.00	6.67	1110.00
	4185.24	0.00	6.63	1104.00
	4185.25	0.00	6.61	1110.00
	4185.26	0.00	6.60	1108.00
	4185.27	0.00	6.60	1108.00
	4185.28	0.00	6.61	1108.00
	4185.29	0.00	6.60	1107.00
	4185.31	0.00	6.51	1096.00
	4185.32	0.00	6.54	1098.00
	4185.33	0.00	6.53	1090.00
	4185.34	0.00	6.63	1081.00
	4185.35	0.00	6.62	1081.00
	4185.37	0.00	6.62	1081.00
	4185.38	0.00	6.64	1081.00
	4185.39	0.00	6.65	1082.00
	4185.40	0.00	6.66	1084.00
	4185.41	0.00	6.67	1085.00
	4185.42	0.00	6.67	1086.00
	4185.43	0.00	6.56	1065.00
	4185.45	0.00	6.55	1063.00
	4185.46	0.00	6.56	1064.00
	4185.47	0.00	6.55	1062.00
	4185.48	0.00	6.56	1061.00
	4185.49	0.00	6.55	1060.00
	4185.50	0.00	6.56	1058.00
	4185.52	0.00	6.56	1059.00
	4185.53	0.00	6.56	1059.00
	4185.54	0.00	6.56	1058.00
	4185.55	0.00	6.56	1057.00
	4185.56	0.00	6.56	1057.00
	4185.58	0.00	6.57	1056.00
	4185.59	0.00	6.62	1060.00
	4185.60	0.00	6.63	1058.00
	4185.61	0.00	6.64	1055.00
	4185.62	0.00	6.64	1055.00
	4185.63	0.00	6.59	1073.00
	4185.64	0.00	6.59	1071.00
	4185.66	0.00	6.60	1073.00
	4185.67	0.00	6.60	1071.00
	4185.68	0.00	6.59	1070.00
	4185.69	0.00	6.57	1064.00
	4185.70	0.00	6.54	1057.00
	4185.71	0.00	6.63	1068.00
	4185.72	0.00	6.68	1068.00
	4185.74	0.00	6.66	1065.00
	4185.75	0.00	6.67	1063.00
	4185.76	0.00	6.70	1061.00
	4185.77	0.00	6.75	1064.00
	4185.78	0.00	6.75	1061.00
	4185.80	0.00	6.76	1058.00
	4185.81	0.00	6.74	1076.00
	4185.82	0.00	6.73	1076.00
	4185.83	0.00	6.72	1072.00
	4185.84	0.00	6.72	1074.00
	4185.85	0.00	6.73	1075.00
	4185.87	0.00	6.71	1072.00
	4185.88	0.00	6.70	1073.00
	4185.89	0.00	6.68	1068.00
	4185.90	0.00	6.63	1057.00
	4185.91	0.00	6.75	1081.00
	4185.92	0.00	6.75	1081.00
	4185.93	0.00	6.75	1078.00
	4185.95	0.00	6.75	1081.00
	4185.96	0.00	6.75	1079.00
	4185.97	0.00	6.74	1081.00
	4185.98	0.00	6.70	1073.00
	4185.99	0.00	6.74	1084.00
	4186.00	0.00	6.74	1085.00
	4186.02	0.00	6.74	1085.00
	4186.03	0.00	6.74	1084.00
	4186.04	0.00	6.69	1083.00
	4186.05	0.00	6.68	1083.00
	4186.06	0.00	6.69	1084.00
	4186.08	0.00	6.69	1076.00
	4186.09	0.00	6.68	1077.00
	4186.10	0.00	6.70	1078.00
	4186.11	0.00	6.71	1080.00
	4186.12	0.00	6.71	1083.00
	4186.13	0.00	6.72	1084.00
	4186.14	0.00	6.70	1084.00
	4186.16	0.00	6.65	1088.00
	4186.17	0.00	6.65	1089.00
	4186.18	0.00	6.64	1090.00
	4186.19	0.00	6.61	1090.00
	4186.20	0.00	6.57	1088.00
	4186.21	0.00	6.56	1090.00
	4186.23	0.00	6.56	1089.00
	4186.24	0.00	6.64	1085.00
	4186.25	0.00	6.64	1089.00
	4186.26	0.00	6.64	1091.00
	4186.27	0.00	6.66	1097.00
	4186.29	0.00	6.66	1104.00
	4186.30	0.00	6.67	1111.00
	4186.31	0.00	6.65	1107.00
	4186.32	0.00	6.54	1095.00
	4186.33	0.00	6.54	1098.00
	4186.34	0.00	6.53	1099.00
	4186.35	0.00	6.53	1102.00
	4186.37	0.00	6.53	1104.00
	4186.38	0.00	6.53	1105.00
	4186.39	0.00	6.53	1110.00
	4186.40	0.00	6.53	1109.00
	4186.41	0.00	6.52	1111.00
	4186.42	0.00	6.52	1110.00
	4186.44	0.00	6.52	1110.00
	4186.45	0.00	6.54	1109.00
	4186.46	0.00	6.54	1110.00
	4186.47	0.00	6.60	1112.00
	4186.48	0.00	6.61	1106.00
	4186.49	0.00	6.62	1100.00
	4186.51	0.00	6.59	1114.00
	4186.52	0.00	6.60	1109.00
	4186.53	0.00	6.61	1099.00
	4186.54	0.00	6.60	1089.00
	4186.55	0.00	6.59	1071.00
	4186.56	0.00	6.65	1060.00
	4186.58	0.00	6.76	1047.00
	4186.59	0.00	6.80	1021.00
	4186.60	0.00	6.83	996.00
	4186.61	0.00	6.88	969.00
	4186.62	0.00	7.03	927.00
	4186.63	0.00	7.07	898.00
	4186.64	0.00	7.04	859.00
	4186.66	0.00	6.61	769.00
	4186.67	0.00	6.62	760.00
	4186.68	0.00	6.58	765.00
	4186.69	0.00	6.59	760.00
	4186.70	0.00	6.57	753.00
	4186.72	0.00	6.56	750.00
	4186.73	0.00	6.56	746.00
	4186.74	0.00	6.53	740.00
	4186.75	0.00	6.53	743.00
	4186.76	0.00	6.55	743.00
	4186.77	0.00	6.54	742.00
	4186.79	0.00	6.56	742.00
	4186.80	0.00	6.55	740.00
	4186.81	0.00	6.53	741.00
	4186.82	0.00	6.55	741.00
	4186.83	0.00	6.49	738.00
	4186.84	0.00	6.49	737.00
	4186.85	0.00	6.51	733.00
	4186.87	0.00	6.52	731.00
	4186.88	0.00	6.51	729.00
	4186.89	0.00	6.54	730.00
	4186.90	0.00	6.52	731.00
	4186.91	0.00	6.53	730.00
	4186.92	0.00	6.53	729.00
	4186.94	0.00	6.51	736.00
	4186.95	0.00	6.51	736.00
	4186.96	0.00	6.48	732.00
	4186.97	0.00	6.46	727.00
	4186.98	0.00	6.47	723.00
	4186.99	0.00	6.51	709.00
	4187.00	0.00	6.51	709.00
	4187.02	0.00	6.53	709.00
	4187.03	0.00	6.53	709.00
	4187.04	0.00	6.53	708.00
	4187.05	0.00	6.53	708.00
	4187.06	0.00	6.53	707.00
	4187.07	0.00	6.54	707.00
	4187.08	0.00	6.54	706.00
	4187.10	0.00	6.54	706.00
	4187.11	0.00	6.54	706.00
	4187.12	0.00	6.54	710.00
	4187.13	0.00	6.52	715.00
	4187.14	0.00	6.51	722.00
	4187.15	0.00	6.47	740.00
	4187.17	0.00	6.42	769.00
	4187.18	0.00	6.40	802.00
	4187.19	0.00	6.30	836.00
	4187.20	0.00	6.23	872.00
	4187.21	0.00	6.16	919.00
	4187.22	0.00	6.13	966.00
	4187.24	0.00	6.52	1058.00
	4187.25	0.00	6.54	1093.00
	4187.26	0.00	6.53	1120.00
	4187.27	0.00	6.54	1145.00
	4187.28	0.00	6.49	1158.00
	4187.29	0.00	6.52	1174.00
	4187.31	0.00	6.54	1179.00
	4187.32	0.00	6.55	1176.00
	4187.33	0.00	6.58	1178.00
	4187.34	0.00	6.62	1176.00
	4187.35	0.00	6.66	1170.00
	4187.37	0.00	6.76	1179.00
	4187.38	0.00	6.78	1173.00
	4187.39	0.00	6.80	1170.00
	4187.40	0.00	6.82	1169.00
	4187.41	0.00	6.83	1160.00
	4187.42	0.00	6.85	1152.00
	4187.43	0.00	6.93	1147.00
	4187.45	0.00	6.93	1139.00
	4187.46	0.00	6.94	1133.00
	4187.47	0.00	6.94	1131.00
	4187.48	0.00	6.93	1128.00
	4187.49	0.00	7.28	1178.00
	4187.50	0.00	7.27	1180.00
	4187.52	0.00	7.27	1183.00
	4187.53	0.00	7.23	1194.00
	4187.54	0.00	7.22	1198.00
	4187.55	0.00	7.21	1199.00
	4187.56	0.00	7.22	1198.00
	4187.58	0.00	7.23	1202.00
	4187.59	0.00	7.21	1201.00
	4187.60	0.00	7.22	1204.00
	4187.61	0.00	7.19	1200.00
	4187.62	0.00	7.22	1203.00
	4187.63	0.00	7.20	1200.00
	4187.64	0.00	7.20	1199.00
	4187.66	0.00	7.20	1198.00
	4187.67	0.00	7.18	1196.00
	4187.68	0.00	7.17	1192.00
	4187.69	0.00	7.16	1194.00
	4187.70	0.00	7.15	1193.00
	4187.71	0.00	7.14	1185.00
	4187.73	0.00	7.23	1216.00
	4187.74	0.00	7.23	1221.00
	4187.75	0.00	7.22	1225.00
	4187.76	0.00	7.20	1231.00
	4187.77	0.00	7.15	1235.00
	4187.79	0.00	7.15	1246.00
	4187.80	0.00	7.10	1249.00
	4187.81	0.00	7.11	1254.00
	4187.82	0.00	7.09	1258.00
	4187.83	0.00	7.08	1259.00
	4187.84	0.00	7.07	1260.00
	4187.85	0.00	7.06	1254.00
	4187.87	0.00	7.11	1266.00
	4187.88	0.00	7.09	1263.00
	4187.89	0.00	7.08	1257.00
	4187.90	0.00	7.08	1259.00
	4187.91	0.00	7.08	1256.00
	4187.92	0.00	7.07	1253.00
	4187.94	0.00	7.06	1244.00
	4187.95	0.00	7.07	1245.00
	4187.96	0.00	7.07	1240.00
	4187.97	0.00	7.08	1238.00
	4187.98	0.00	7.04	1231.00
	4188.00	0.00	7.03	1218.00
	4188.01	0.00	7.03	1204.00
	4188.02	0.00	6.75	1134.00
	4188.03	0.00	6.76	1120.00
	4188.04	0.00	6.77	1105.00
	4188.05	0.00	6.80	1087.00
	4188.06	0.00	6.84	1065.00
	4188.08	0.00	6.85	1038.00
	4188.09	0.00	6.88	1019.00
	4188.10	0.00	6.94	992.00
	4188.11	0.00	6.95	967.00
	4188.12	0.00	6.96	942.00
	4188.13	0.00	6.98	911.00
	4188.15	0.00	6.92	876.00
	4188.16	0.00	6.88	839.00
	4188.17	0.00	6.90	815.00
	4188.18	0.00	6.92	788.00
	4188.19	0.00	6.89	768.00
	4188.20	0.00	6.91	760.00
	4188.21	0.00	6.91	747.00
	4188.23	0.00	6.39	695.00
	4188.24	0.00	6.44	695.00
	4188.25	0.00	6.46	696.00
	4188.26	0.00	6.49	699.00
	4188.27	0.00	6.50	698.00
	4188.28	0.00	6.51	702.00
	4188.30	0.00	6.51	699.00
	4188.31	0.00	6.59	702.00
	4188.32	0.00	6.60	699.00
	4188.33	0.00	6.57	710.00
	4188.34	0.00	6.57	707.00
	4188.35	0.00	6.57	708.00
	4188.37	0.00	6.57	707.00
	4188.38	0.00	6.59	706.00
	4188.39	0.00	6.58	706.00
	4188.40	0.00	6.59	704.00
	4188.41	0.00	6.67	705.00
	4188.42	0.00	6.68	703.00
	4188.43	0.00	6.65	713.00
	4188.45	0.00	6.65	713.00
	4188.46	0.00	6.65	712.00
	4188.47	0.00	6.64	712.00
	4188.48	0.00	6.65	711.00
	4188.49	0.00	6.64	713.00
	4188.50	0.00	6.64	712.00
	4188.52	0.00	6.64	712.00
	4188.53	0.00	6.63	712.00
	4188.54	0.00	6.63	713.00
	4188.55	0.00	6.64	711.00
	4188.56	0.00	6.64	711.00
	4188.57	0.00	6.59	709.00
	4188.58	0.00	6.59	707.00
	4188.60	0.00	6.60	704.00
	4188.61	0.00	6.59	704.00
	4188.62	0.00	6.62	706.00
	4188.63	0.00	6.62	706.00
	4188.64	0.00	6.60	709.00
	4188.65	0.00	6.60	710.00
	4188.67	0.00	6.60	708.00
	4188.68	0.00	6.55	704.00
	4188.69	0.00	6.53	701.00
	4188.70	0.00	6.57	687.00
	4188.71	0.00	6.57	688.00
	4188.72	0.00	6.58	688.00
	4188.74	0.00	6.57	690.00
	4188.75	0.00	6.57	691.00
	4188.76	0.00	6.57	699.00
	4188.77	0.00	6.52	718.00
	4188.78	0.00	6.43	761.00
	4188.79	0.00	6.34	802.00
	4188.81	0.00	6.31	842.00
	4188.82	0.00	6.26	870.00
	4188.83	0.00	6.30	888.00
	4188.84	0.00	6.61	947.00
	4188.85	0.00	6.59	963.00
	4188.86	0.00	6.57	989.00
	4188.87	0.00	6.55	999.00
	4188.89	0.00	6.55	1015.00
	4188.90	0.00	6.54	1024.00
	4188.91	0.00	6.52	1032.00
	4188.92	0.00	6.60	1054.00
	4188.93	0.00	6.60	1065.00
	4188.94	0.00	6.59	1078.00
	4188.96	0.00	6.60	1093.00
	4188.97	0.00	6.59	1104.00
	4188.98	0.00	6.67	1121.00
	4188.99	0.00	6.68	1129.00
	4189.00	0.00	6.68	1140.00
	4189.02	0.00	6.67	1147.00
	4189.03	0.00	6.64	1166.00
	4189.04	0.00	6.65	1169.00
	4189.05	0.00	6.64	1171.00
	4189.06	0.00	6.64	1175.00
	4189.07	0.00	6.64	1179.00
	4189.08	0.00	6.63	1181.00
	4189.10	0.00	6.62	1180.00
	4189.11	0.00	6.61	1173.00
	4189.12	0.00	6.95	1226.00
	4189.13	0.00	6.59	1180.00
	4189.14	0.00	6.94	1232.00
	4189.15	0.00	6.92	1224.00
	4189.17	0.00	7.02	1250.00
	4189.18	0.00	7.03	1247.00
	4189.19	0.00	7.04	1247.00
	4189.20	0.00	7.03	1243.00
	4189.21	0.00	7.05	1242.00
	4189.22	0.00	7.06	1235.00
	4189.24	0.00	7.09	1238.00
	4189.25	0.00	7.11	1237.00
	4189.26	0.00	7.10	1234.00
	4189.27	0.00	7.11	1231.00
	4189.28	0.00	7.06	1219.00
	4189.29	0.00	7.14	1233.00
	4189.31	0.00	7.16	1233.00
	4189.32	0.00	7.15	1229.00
	4189.33	0.00	7.14	1232.00
	4189.34	0.00	7.13	1224.00
	4189.35	0.00	7.12	1220.00
	4189.37	0.00	7.16	1215.00
	4189.38	0.00	7.19	1209.00
	4189.39	0.00	7.19	1194.00
	4189.40	0.00	7.20	1191.00
	4189.41	0.00	7.23	1181.00
	4189.42	0.00	7.24	1179.00
	4189.43	0.00	7.25	1173.00
	4189.45	0.00	7.26	1170.00
	4189.46	0.00	7.30	1177.00
	4189.47	0.00	7.27	1173.00
	4189.48	0.00	7.29	1174.00
	4189.49	0.00	7.28	1165.00
	4189.50	0.00	7.27	1172.00
	4189.52	0.00	7.28	1169.00
	4189.53	0.00	7.28	1167.00
	4189.54	0.00	7.21	1155.00
	4189.55	0.00	7.21	1149.00
	4189.56	0.00	7.22	1146.00
	4189.58	0.00	7.23	1146.00
	4189.59	0.00	7.23	1143.00
	4189.60	0.00	7.27	1139.00
	4189.61	0.00	7.33	1125.00
	4189.62	0.00	7.34	1120.00
	4189.63	0.00	7.35	1122.00
	4189.64	0.00	7.36	1125.00
	4189.66	0.00	7.39	1132.00
	4189.67	0.00	7.39	1137.00
	4189.68	0.00	7.41	1145.00
	4189.69	0.00	7.40	1149.00
	4189.70	0.00	7.39	1152.00
	4189.71	0.00	7.40	1158.00
	4189.73	0.00	7.30	1143.00
	4189.74	0.00	7.31	1146.00
	4189.75	0.00	7.30	1146.00
	4189.76	0.00	7.29	1142.00
	4189.77	0.00	7.28	1139.00
	4189.79	0.00	7.29	1137.00
	4189.80	0.00	7.29	1130.00
	4189.81	0.00	7.29	1121.00
	4189.82	0.00	7.28	1119.00
	4189.83	0.00	7.29	1118.00
	4189.84	0.00	7.30	1118.00
	4189.85	0.00	7.30	1116.00
	4189.87	0.00	7.34	1120.00
	4189.88	0.00	7.36	1121.00
	4189.89	0.00	7.37	1122.00
	4189.90	0.00	7.36	1121.00
	4189.91	0.00	7.33	1126.00
	4189.92	0.00	7.30	1128.00
	4189.94	0.00	7.26	1130.00
	4189.95	0.00	7.26	1128.00
	4189.96	0.00	7.26	1122.00
	4189.97	0.00	7.28	1121.00
	4189.98	0.00	7.27	1116.00
	4189.99	0.00	7.30	1113.00
	4190.01	0.00	7.30	1111.00
	4190.02	0.00	7.30	1103.00
	4190.03	0.00	7.29	1097.00
	4190.04	0.00	7.28	1089.00
	4190.05	0.00	7.36	1109.00
	4190.06	0.00	7.37	1106.00
	4190.08	0.00	7.38	1110.00
	4190.09	0.00	7.39	1114.00
	4190.10	0.00	7.43	1110.00
	4190.11	0.00	7.44	1107.00
	4190.12	0.00	7.45	1104.00
	4190.13	0.00	7.46	1101.00
	4190.15	0.00	7.54	1104.00
	4190.16	0.00	7.59	1102.00
	4190.17	0.00	7.63	1097.00
	4190.18	0.00	7.67	1088.00
	4190.19	0.00	7.69	1084.00
	4190.20	0.00	7.72	1080.00
	4190.22	0.00	7.77	1075.00
	4190.23	0.00	7.77	1095.00
	4190.24	0.00	7.79	1092.00
	4190.25	0.00	7.80	1091.00
	4190.26	0.00	7.81	1091.00
	4190.27	0.00	7.79	1088.00
	4190.29	0.00	7.79	1088.00
	4190.30	0.00	7.77	1084.00
	4190.31	0.00	7.74	1079.00
	4190.32	0.00	7.73	1077.00
	4190.33	0.00	7.70	1073.00
	4190.34	0.00	7.69	1063.00
	4190.35	0.00	7.70	1059.00
	4190.37	0.00	7.73	1062.00
	4190.38	0.00	7.70	1060.00
	4190.39	0.00	7.77	1065.00
	4190.40	0.00	7.83	1089.00
	4190.41	0.00	7.89	1090.00
	4190.43	0.00	7.92	1096.00
	4190.44	0.00	7.98	1103.00
	4190.45	0.00	8.03	1113.00
	4190.46	0.00	8.07	1123.00
	4190.47	0.00	7.78	1076.00
	4190.48	0.00	7.80	1084.00
	4190.49	0.00	7.86	1090.00
	4190.51	0.00	7.86	1098.00
	4190.52	0.00	7.92	1102.00
	4190.53	0.00	7.93	1105.00
	4190.54	0.00	7.91	1104.00
	4190.55	0.00	7.94	1102.00
	4190.56	0.00	7.95	1099.00
	4190.58	0.00	7.96	1097.00
	4190.59	0.00	7.99	1091.00
	4190.60	0.00	8.01	1090.00
	4190.61	0.00	8.57	1138.00
	4190.62	0.00	8.62	1134.00
	4190.63	0.00	8.65	1133.00
	4190.65	0.00	8.69	1135.00
	4190.66	0.00	8.72	1133.00
	4190.67	0.00	8.71	1135.00
	4190.68	0.00	8.72	1136.00
	4190.69	0.00	8.74	1138.00
	4190.70	0.00	8.76	1138.00
	4190.71	0.00	8.77	1138.00
	4190.73	0.00	8.72	1133.00
	4190.74	0.00	8.74	1129.00
	4190.75	0.00	8.73	1124.00
	4190.76	0.00	8.77	1121.00
	4190.77	0.00	8.77	1123.00
	4190.79	0.00	8.78	1126.00
	4190.80	0.00	8.86	1116.00
	4190.81	0.00	8.87	1116.00
	4190.82	0.00	8.87	1120.00
	4190.83	0.00	8.86	1114.00
	4190.84	0.00	8.92	1130.00
	4190.85	0.00	8.92	1134.00
	4190.87	0.00	8.91	1141.00
	4190.88	0.00	8.90	1148.00
	4190.89	0.00	8.81	1131.00
	4190.90	0.00	8.81	1139.00
	4190.91	0.00	8.81	1142.00
	4190.92	0.00	8.79	1147.00
	4190.94	0.00	8.76	1148.00
	4190.95	0.00	8.75	1148.00
	4190.96	0.00	8.73	1152.00
	4190.97	0.00	8.71	1154.00
	4190.98	0.00	8.72	1159.00
	4190.99	0.00	8.71	1163.00
	4191.00	0.00	8.77	1175.00
	4191.02	0.00	8.93	1199.00
	4191.03	0.00	9.06	1222.00
	4191.04	0.00	9.19	1246.00
	4191.05	0.00	9.22	1263.00
	4191.06	0.00	9.16	1298.00
	4191.08	0.00	9.13	1310.00
	4191.09	0.00	9.09	1323.00
	4191.10	0.00	9.05	1336.00
	4191.11	0.00	9.00	1338.00
	4191.12	0.00	8.93	1338.00
	4191.13	0.00	8.86	1336.00
	4191.14	0.00	8.86	1336.00
	4191.16	0.00	8.90	1348.00
	4191.17	0.00	8.87	1341.00
	4191.18	0.00	8.89	1334.00
	4191.19	0.00	8.91	1332.00
	4191.20	0.00	8.93	1321.00
	4191.21	0.00	8.88	1329.00
	4191.22	0.00	8.83	1334.00
	4191.24	0.00	8.82	1330.00
	4191.25	0.00	8.79	1333.00
	4191.26	0.00	8.78	1334.00
	4191.27	0.00	8.74	1334.00
	4191.28	0.00	8.72	1333.00
	4191.29	0.00	8.67	1328.00
	4191.31	0.00	8.66	1325.00
	4191.32	0.00	8.66	1324.00
	4191.33	0.00	8.73	1347.00
	4191.34	0.00	8.68	1341.00
	4191.35	0.00	8.68	1339.00
	4191.36	0.00	8.67	1333.00
	4191.38	0.00	8.70	1333.00
	4191.39	0.00	8.70	1326.00
	4191.40	0.00	8.70	1322.00
	4191.41	0.00	8.70	1314.00
	4191.42	0.00	8.72	1323.00
	4191.43	0.00	8.74	1322.00
	4191.45	0.00	8.73	1319.00
	4191.46	0.00	8.73	1318.00
	4191.47	0.00	8.70	1312.00
	4191.48	0.00	8.54	1292.00
	4191.49	0.00	8.82	1334.00
	4191.50	0.00	8.84	1328.00
	4191.52	0.00	8.87	1323.00
	4191.53	0.00	8.89	1317.00
	4191.54	0.00	8.90	1316.00
	4191.55	0.00	8.91	1313.00
	4191.56	0.00	8.93	1312.00
	4191.57	0.00	8.93	1313.00
	4191.58	0.00	8.94	1312.00
	4191.60	0.00	8.92	1309.00
	4191.61	0.00	8.91	1306.00
	4191.62	0.00	8.91	1309.00
	4191.63	0.00	8.89	1309.00
	4191.64	0.00	8.85	1309.00
	4191.65	0.00	8.81	1305.00
	4191.67	0.00	8.81	1304.00
	4191.68	0.00	8.90	1292.00
	4191.69	0.00	8.93	1291.00
	4191.70	0.00	8.99	1297.00
	4191.71	0.00	9.07	1307.00
	4191.72	0.00	9.10	1315.00
	4191.73	0.00	9.24	1331.00
	4191.75	0.00	9.26	1336.00
	4191.76	0.00	9.23	1323.00
	4191.77	0.00	9.23	1318.00
	4191.78	0.00	8.96	1270.00
	4191.79	0.00	8.98	1273.00
	4191.81	0.00	9.03	1279.00
	4191.82	0.00	9.07	1285.00
	4191.83	0.00	9.10	1289.00
	4191.84	0.00	9.08	1292.00
	4191.85	0.00	9.03	1287.00
	4191.86	0.00	9.02	1289.00
	4191.87	0.00	9.19	1314.00
	4191.89	0.00	9.23	1323.00
	4191.90	0.00	9.23	1356.00
	4191.91	0.00	9.27	1367.00
	4191.92	0.00	9.27	1373.00
	4191.93	0.00	9.25	1384.00
	4191.94	0.00	9.24	1394.00
	4191.95	0.00	9.18	1407.00
	4191.97	0.00	9.17	1421.00
	4191.98	0.00	9.20	1458.00
	4191.99	0.00	9.22	1480.00
	4192.00	0.00	9.23	1492.00
	4192.01	0.00	9.68	1554.00
	4192.02	0.00	9.65	1550.00
	4192.04	0.00	9.21	1500.00
	4192.05	0.00	9.61	1552.00
	4192.06	0.00	9.61	1579.00
	4192.07	0.00	9.85	1614.00
	4192.08	0.00	9.64	1594.00
	4192.10	0.00	9.90	1635.00
	4192.11	0.00	10.25	1685.00
	4192.12	0.00	10.28	1693.00
	4192.13	0.00	10.36	1708.00
	4192.14	0.00	10.38	1708.00
	4192.15	0.00	10.35	1701.00
	4192.16	0.00	10.41	1701.00
	4192.18	0.00	10.42	1722.00
	4192.19	0.00	10.43	1722.00
	4192.20	0.00	10.41	1701.00
	4192.21	0.00	10.42	1721.00
	4192.22	0.00	10.42	1722.00
	4192.23	0.00	10.41	1720.00
	4192.25	0.00	10.40	1720.00
	4192.26	0.00	10.38	1718.00
	4192.27	0.00	10.37	1720.00
	4192.28	0.00	10.38	1723.00
	4192.29	0.00	10.37	1722.00
	4192.31	0.00	10.38	1725.00
	4192.32	0.00	10.37	1727.00
	4192.33	0.00	10.37	1726.00
	4192.34	0.00	10.36	1726.00
	4192.35	0.00	10.32	1720.00
	4192.36	0.00	10.33	1716.00
	4192.37	0.00	10.36	1728.00
	4192.39	0.00	10.34	1721.00
	4192.40	0.00	10.35	1729.00
	4192.41	0.00	10.36	1732.00
	4192.42	0.00	10.36	1731.00
	4192.43	0.00	10.37	1729.00
	4192.45	0.00	10.37	1728.00
	4192.46	0.00	10.36	1728.00
	4192.47	0.00	10.39	1726.00
	4192.48	0.00	10.40	1724.00
	4192.49	0.00	10.31	1711.00
	4192.50	0.00	10.27	1703.00
	4192.52	0.00	10.28	1704.00
	4192.53	0.00	10.29	1704.00
	4192.54	0.00	10.29	1699.00
	4192.55	0.00	10.30	1699.00
	4192.56	0.00	10.28	1697.00
	4192.58	0.00	10.29	1694.00
	4192.59	0.00	10.32	1692.00
	4192.60	0.00	10.35	1688.00
	4192.61	0.00	10.31	1681.00
	4192.62	0.00	10.21	1664.00
	4192.63	0.00	10.22	1659.00
	4192.64	0.00	10.23	1654.00
	4192.66	0.00	10.26	1652.00
	4192.67	0.00	10.26	1648.00
	4192.68	0.00	10.29	1649.00
	4192.69	0.00	10.29	1648.00
	4192.70	0.00	10.29	1649.00
	4192.71	0.00	10.31	1649.00
	4192.73	0.00	10.32	1648.00
	4192.74	0.00	10.29	1644.00
	4192.75	0.00	10.30	1642.00
	4192.76	0.00	10.33	1641.00
	4192.77	0.00	10.31	1639.00
	4192.79	0.00	10.33	1638.00
	4192.80	0.00	10.34	1634.00
	4192.81	0.00	10.40	1620.00
	4192.82	0.00	10.39	1620.00
	4192.83	0.00	10.38	1615.00
	4192.84	0.00	10.37	1613.00
	4192.85	0.00	10.37	1612.00
	4192.87	0.00	10.53	1634.00
	4192.88	0.00	10.54	1636.00
	4192.89	0.00	10.54	1640.00
	4192.90	0.00	10.53	1633.00
	4192.91	0.00	10.50	1622.00
	4192.92	0.00	10.49	1620.00
	4192.94	0.00	10.49	1618.00
	4192.95	0.00	10.50	1617.00
	4192.96	0.00	10.51	1616.00
	4192.97	0.00	10.54	1614.00
	4192.98	0.00	10.66	1623.00
	4193.00	0.00	10.67	1622.00
	4193.01	0.00	10.68	1620.00
	4193.02	0.00	10.68	1622.00
	4193.03	0.00	10.65	1622.00
	4193.04	0.00	10.66	1622.00
	4193.05	0.00	10.64	1623.00
	4193.06	0.00	10.62	1624.00
	4193.08	0.00	10.59	1622.00
	4193.09	0.00	10.54	1619.00
	4193.10	0.00	10.65	1637.00
	4193.11	0.00	10.66	1638.00
	4193.12	0.00	10.65	1638.00
	4193.13	0.00	10.63	1639.00
	4193.15	0.00	10.60	1642.00
	4193.16	0.00	10.59	1640.00
	4193.17	0.00	10.59	1637.00
	4193.18	0.00	10.49	1657.00
	4193.19	0.00	10.48	1658.00
	4193.20	0.00	10.53	1638.00
	4193.22	0.00	10.46	1658.00
	4193.23	0.00	10.44	1656.00
	4193.24	0.00	10.41	1654.00
	4193.25	0.00	10.40	1652.00
	4193.26	0.00	10.36	1643.00
	4193.27	0.00	10.46	1661.00
	4193.29	0.00	10.49	1661.00
	4193.30	0.00	10.48	1658.00
	4193.31	0.00	10.50	1657.00
	4193.32	0.00	10.51	1653.00
	4193.33	0.00	10.51	1647.00
	4193.35	0.00	10.52	1639.00
	4193.36	0.00	10.56	1641.00
	4193.37	0.00	10.60	1649.00
	4193.38	0.00	10.60	1646.00
	4193.39	0.00	10.59	1645.00
	4193.40	0.00	10.63	1644.00
	4193.41	0.00	10.60	1638.00
	4193.43	0.00	10.61	1636.00
	4193.44	0.00	10.62	1633.00
	4193.45	0.00	10.63	1631.00
	4193.46	0.00	10.62	1625.00
	4193.47	0.00	10.69	1634.00
	4193.48	0.00	10.68	1636.00
	4193.50	0.00	10.69	1632.00
	4193.51	0.00	10.66	1637.00
	4193.52	0.00	10.65	1638.00
	4193.53	0.00	10.62	1637.00
	4193.54	0.00	10.65	1643.00
	4193.56	0.00	10.64	1643.00
	4193.57	0.00	10.62	1645.00
	4193.58	0.00	10.64	1648.00
	4193.59	0.00	10.65	1650.00
	4193.60	0.00	10.65	1650.00
	4193.61	0.00	10.70	1646.00
	4193.63	0.00	10.71	1644.00
	4193.64	0.00	10.73	1638.00
	4193.65	0.00	10.67	1649.00
	4193.66	0.00	10.68	1646.00
	4193.67	0.00	10.69	1637.00
	4193.68	0.00	10.71	1641.00
	4193.69	0.00	10.73	1641.00
	4193.71	0.00	10.73	1642.00
	4193.72	0.00	10.74	1642.00
	4193.73	0.00	10.70	1639.00
	4193.74	0.00	10.63	1640.00
	4193.75	0.00	10.67	1635.00
	4193.77	0.00	10.66	1642.00
	4193.78	0.00	10.68	1645.00
	4193.79	0.00	10.66	1644.00
	4193.80	0.00	10.64	1688.00
	4193.81	0.00	10.62	1688.00
	4193.82	0.00	10.62	1686.00
	4193.84	0.00	10.64	1715.00
	4193.85	0.00	10.60	1695.00
	4193.86	0.00	10.56	1699.00
	4193.87	0.00	10.58	1722.00
	4193.88	0.00	10.54	1730.00
	4193.89	0.00	10.50	1733.00
	4193.90	0.00	10.44	1674.00
	4193.92	0.00	10.45	1676.00
	4193.93	0.00	10.44	1672.00
	4193.94	0.00	10.44	1670.00
	4193.95	0.00	10.48	1668.00
	4193.96	0.00	10.47	1660.00
	4193.98	0.00	10.47	1655.00
	4193.99	0.00	10.49	1653.00
	4194.00	0.00	10.49	1650.00
	4194.01	0.00	10.50	1646.00
	4194.02	0.00	10.49	1646.00
	4194.03	0.00	10.50	1647.00
	4194.04	0.00	10.50	1650.00
	4194.06	0.00	10.51	1651.00
	4194.07	0.00	10.52	1647.00
	4194.08	0.00	10.51	1654.00
	4194.09	0.00	10.51	1655.00
	4194.10	0.00	10.51	1655.00
	4194.12	0.00	10.47	1647.00
	4194.13	0.00	10.53	1656.00
	4194.14	0.00	10.45	1649.00
	4194.15	0.00	10.35	1635.00
	4194.16	0.00	10.35	1635.00
	4194.17	0.00	10.33	1633.00
	4194.19	0.00	10.32	1633.00
	4194.20	0.00	10.31	1633.00
	4194.21	0.00	10.30	1633.00
	4194.22	0.00	10.26	1630.00
	4194.23	0.00	10.24	1628.00
	4194.24	0.00	10.21	1631.00
	4194.25	0.00	10.18	1635.00
	4194.27	0.00	10.13	1638.00
	4194.28	0.00	10.11	1644.00
	4194.29	0.00	10.09	1645.00
	4194.30	0.00	10.06	1642.00
	4194.31	0.00	10.05	1648.00
	4194.33	0.00	10.03	1649.00
	4194.34	0.00	10.00	1649.00
	4194.35	0.00	9.94	1651.00
	4194.36	0.00	9.80	1645.00
	4194.37	0.00	9.76	1648.00
	4194.38	0.00	9.70	1653.00
	4194.40	0.00	9.67	1659.00
	4194.41	0.00	9.62	1661.00
	4194.42	0.00	9.61	1660.00
	4194.43	0.00	9.61	1659.00
	4194.44	0.00	9.61	1656.00
	4194.45	0.00	9.61	1649.00
	4194.46	0.00	9.58	1642.00
	4194.48	0.00	9.58	1633.00
	4194.49	0.00	9.58	1627.00
	4194.50	0.00	9.55	1623.00
	4194.51	0.00	9.50	1619.00
	4194.52	0.00	9.44	1614.00
	4194.54	0.00	9.28	1596.00
	4194.55	0.00	9.22	1589.00
	4194.56	0.00	9.15	1574.00
	4194.57	0.00	9.07	1552.00
	4194.58	0.00	8.73	1516.00
	4194.59	0.00	8.64	1509.00
	4194.61	0.00	8.16	1453.00
	4194.62	0.00	8.14	1457.00
	4194.63	0.00	8.11	1454.00
	4194.64	0.00	8.24	1468.00
	4194.65	0.00	8.23	1465.00
	4194.66	0.00	8.22	1461.00
	4194.67	0.00	8.21	1457.00
	4194.69	0.00	8.10	1423.00
	4194.70	0.00	8.03	1407.00
	4194.71	0.00	7.97	1390.00
	4194.72	0.00	7.90	1361.00
	4194.73	0.00	7.87	1343.00
	4194.75	0.00	7.91	1322.00
	4194.76	0.00	7.74	1280.00
	4194.77	0.00	7.74	1254.00
	4194.78	0.00	7.78	1232.00
	4194.79	0.00	7.81	1213.00
	4194.80	0.00	7.82	1191.00
	4194.82	0.00	7.78	1165.00
	4194.83	0.00	6.58	1035.00
	4194.84	0.00	6.68	1025.00
	4194.85	0.00	6.71	1009.00
	4194.86	0.00	6.69	1017.00
	4194.87	0.00	6.70	1004.00
	4194.88	0.00	6.70	995.00
	4194.90	0.00	6.69	983.00
	4194.91	0.00	6.66	964.00
	4194.92	0.00	6.80	972.00
	4194.93	0.00	6.84	959.00
	4194.94	0.00	6.96	947.00
	4194.95	0.00	7.39	983.00
	4194.97	0.00	7.35	998.00
	4194.98	0.00	7.35	987.00
	4194.99	0.00	7.37	977.00
	4195.00	0.00	7.39	967.00
	4195.01	0.00	7.42	961.00
	4195.02	0.00	7.44	974.00
	4195.04	0.00	7.46	971.00
	4195.05	0.00	7.48	968.00
	4195.06	0.00	7.42	954.00
	4195.07	0.00	7.48	959.00
	4195.08	0.00	7.48	956.00
	4195.09	0.00	7.44	948.00
	4195.10	0.00	7.40	943.00
	4195.12	0.00	7.40	934.00
	4195.13	0.00	7.33	915.00
	4195.14	0.00	7.25	896.00
	4195.15	0.00	6.86	829.00
	4195.16	0.00	6.85	824.00
	4195.17	0.00	6.86	819.00
	4195.19	0.00	6.83	819.00
	4195.20	0.00	6.37	767.00
	4195.21	0.00	6.37	763.00
	4195.22	0.00	6.29	754.00
	4195.23	0.00	6.29	751.00
	4195.25	0.00	6.31	745.00
	4195.26	0.00	6.34	727.00
	4195.27	0.00	6.35	726.00
	4195.28	0.00	6.35	725.00
	4195.29	0.00	6.36	724.00
	4195.30	0.00	6.36	723.00
	4195.31	0.00	6.34	722.00
	4195.33	0.00	6.35	723.00
	4195.34	0.00	6.35	722.00
	4195.35	0.00	6.36	722.00
	4195.36	0.00	6.37	721.00
	4195.37	0.00	6.37	722.00
	4195.38	0.00	6.38	721.00
	4195.39	0.00	6.38	720.00
	4195.41	0.00	6.39	721.00
	4195.42	0.00	6.39	721.00
	4195.43	0.00	6.39	720.00
	4195.44	0.00	6.47	724.00
	4195.45	0.00	6.47	724.00
	4195.46	0.00	6.47	726.00
	4195.48	0.00	6.44	733.00
	4195.49	0.00	6.42	743.00
	4195.50	0.00	6.42	746.00
	4195.51	0.00	6.41	746.00
	4195.52	0.00	6.40	748.00
	4195.53	0.00	6.40	750.00
	4195.55	0.00	6.40	750.00
	4195.56	0.00	6.40	754.00
	4195.57	0.00	6.42	756.00
	4195.58	0.00	6.42	758.00
	4195.59	0.00	6.48	769.00
	4195.60	0.00	6.48	776.00
	4195.61	0.00	7.37	902.00
	4195.63	0.00	7.43	958.00
	4195.64	0.00	7.41	990.00
	4195.65	0.00	7.38	1006.00
	4195.66	0.00	7.36	1033.00
	4195.67	0.00	7.33	1051.00
	4195.68	0.00	7.31	1071.00
	4195.70	0.00	7.26	1080.00
	4195.71	0.00	7.22	1090.00
	4195.72	0.00	7.31	1130.00
	4195.73	0.00	7.28	1142.00
	4195.74	0.00	7.28	1150.00
	4195.75	0.00	7.26	1160.00
	4195.77	0.00	7.28	1176.00
	4195.78	0.00	7.25	1180.00
	4195.79	0.00	7.24	1191.00
	4195.80	0.00	7.25	1200.00
	4195.81	0.00	7.24	1207.00
	4195.83	0.00	7.23	1213.00
	4195.84	0.00	7.16	1207.00
	4195.85	0.00	7.22	1229.00
	4195.86	0.00	7.20	1232.00
	4195.87	0.00	7.20	1237.00
	4195.88	0.00	7.19	1240.00
	4195.89	0.00	7.18	1242.00
	4195.91	0.00	7.19	1244.00
	4195.92	0.00	7.15	1246.00
	4195.93	0.00	7.14	1247.00
	4195.94	0.00	7.16	1249.00
	4195.95	0.00	7.14	1251.00
	4195.96	0.00	7.12	1250.00
	4195.98	0.00	7.16	1249.00
	4195.99	0.00	7.16	1249.00
	4196.00	0.00	7.17	1246.00
	4196.01	0.00	7.17	1244.00
	4196.02	0.00	7.18	1241.00
	4196.04	0.00	7.19	1242.00
	4196.05	0.00	7.19	1240.00
	4196.06	0.00	7.20	1238.00
	4196.07	0.00	7.19	1239.00
	4196.08	0.00	7.17	1241.00
	4196.09	0.00	7.19	1239.00
	4196.10	0.00	7.16	1238.00
	4196.12	0.00	7.15	1239.00
	4196.13	0.00	7.15	1239.00
	4196.14	0.00	7.15	1239.00
	4196.15	0.00	7.14	1236.00
	4196.16	0.00	7.15	1235.00
	4196.17	0.00	7.14	1233.00
	4196.19	0.00	7.09	1230.00
	4196.20	0.00	7.06	1226.00
	4196.21	0.00	7.06	1222.00
	4196.22	0.00	7.06	1217.00
	4196.23	0.00	7.10	1213.00
	4196.25	0.00	7.12	1200.00
	4196.26	0.00	7.13	1200.00
	4196.27	0.00	7.15	1203.00
	4196.28	0.00	7.14	1200.00
	4196.29	0.00	7.16	1200.00
	4196.30	0.00	7.15	1196.00
	4196.32	0.00	7.16	1192.00
	4196.33	0.00	7.17	1186.00
	4196.34	0.00	7.20	1182.00
	4196.35	0.00	7.20	1169.00
	4196.36	0.00	7.20	1163.00
	4196.37	0.00	7.17	1145.00
	4196.38	0.00	7.12	1119.00
	4196.40	0.00	7.12	1107.00
	4196.41	0.00	7.14	1092.00
	4196.42	0.00	6.74	1027.00
	4196.43	0.00	6.77	1014.00
	4196.44	0.00	6.78	1004.00
	4196.46	0.00	6.80	992.00
	4196.47	0.00	6.83	976.00
	4196.48	0.00	6.84	961.00
	4196.49	0.00	6.94	949.00
	4196.50	0.00	6.97	930.00
	4196.51	0.00	6.97	920.00
	4196.52	0.00	6.98	903.00
	4196.54	0.00	6.95	883.00
	4196.55	0.00	6.93	866.00
	4196.56	0.00	7.05	868.00
	4196.57	0.00	6.82	817.00
	4196.58	0.00	6.52	754.00
	4196.59	0.00	6.54	743.00
	4196.61	0.00	6.49	753.00
	4196.62	0.00	6.48	750.00
	4196.63	0.00	6.52	749.00
	4196.64	0.00	6.53	748.00
	4196.65	0.00	6.53	748.00
	4196.66	0.00	6.51	748.00
	4196.67	0.00	6.52	746.00
	4196.69	0.00	6.51	747.00
	4196.70	0.00	6.51	745.00
	4196.71	0.00	6.47	743.00
	4196.72	0.00	6.47	743.00
	4196.73	0.00	6.45	741.00
	4196.75	0.00	6.48	736.00
	4196.76	0.00	6.49	735.00
	4196.77	0.00	6.48	737.00
	4196.78	0.00	6.47	740.00
	4196.79	0.00	6.45	740.00
	4196.80	0.00	6.36	734.00
	4196.81	0.00	6.40	726.00
	4196.83	0.00	6.42	712.00
	4196.84	0.00	6.42	714.00
	4196.85	0.00	6.43	714.00
	4196.86	0.00	6.42	713.00
	4196.87	0.00	6.42	714.00
	4196.88	0.00	6.43	715.00
	4196.89	0.00	6.39	713.00
	4196.91	0.00	6.40	713.00
	4196.92	0.00	6.42	715.00
	4196.93	0.00	6.42	715.00
	4196.94	0.00	6.49	719.00
	4196.95	0.00	6.49	718.00
	4196.96	0.00	6.46	731.00
	4196.98	0.00	6.46	731.00
	4196.99	0.00	6.46	731.00
	4197.00	0.00	6.46	730.00
	4197.01	0.00	6.47	730.00
	4197.02	0.00	6.47	726.00
	4197.04	0.00	6.54	729.00
	4197.05	0.00	6.53	726.00
	4197.06	0.00	6.51	740.00
	4197.07	0.00	6.52	742.00
	4197.08	0.00	6.49	742.00
	4197.09	0.00	6.49	742.00
	4197.10	0.00	6.49	745.00
	4197.12	0.00	6.48	746.00
	4197.13	0.00	6.45	748.00
	4197.14	0.00	6.48	750.00
	4197.15	0.00	6.45	756.00
	4197.16	0.00	6.46	759.00
	4197.17	0.00	6.41	761.00
	4197.18	0.00	6.40	766.00
	4197.20	0.00	6.40	767.00
	4197.21	0.00	6.38	770.00
	4197.22	0.00	6.40	779.00
	4197.23	0.00	6.75	835.00
	4197.24	0.00	6.76	844.00
	4197.25	0.00	6.75	858.00
	4197.27	0.00	6.80	866.00
	4197.28	0.00	6.76	873.00
	4197.29	0.00	6.78	876.00
	4197.30	0.00	6.87	868.00
	4197.31	0.00	6.93	882.00
	4197.32	0.00	6.96	896.00
	4197.34	0.00	6.96	904.00
	4197.35	0.00	6.96	915.00
	4197.36	0.00	7.23	958.00
	4197.37	0.00	6.82	915.00
	4197.38	0.00	6.82	920.00
	4197.39	0.00	6.83	924.00
	4197.40	0.00	6.83	933.00
	4197.42	0.00	6.83	935.00
	4197.43	0.00	6.89	945.00
	4197.44	0.00	6.90	946.00
	4197.45	0.00	6.89	955.00
	4197.46	0.00	6.86	966.00
	4197.47	0.00	6.79	970.00
	4197.49	0.00	6.79	970.00
	4197.50	0.00	6.81	967.00
	4197.51	0.00	6.92	983.00
	4197.52	0.00	6.92	986.00
	4197.53	0.00	6.92	988.00
	4197.54	0.00	7.38	1044.00
	4197.56	0.00	7.37	1043.00
	4197.57	0.00	7.34	1063.00
	4197.58	0.00	7.34	1065.00
	4197.59	0.00	7.35	1066.00
	4197.60	0.00	7.33	1066.00
	4197.61	0.00	7.30	1065.00
	4197.62	0.00	7.31	1063.00
	4197.64	0.00	7.29	1062.00
	4197.65	0.00	7.27	1056.00
	4197.66	0.00	7.36	1081.00
	4197.67	0.00	7.36	1083.00
	4197.68	0.00	7.34	1085.00
	4197.69	0.00	7.36	1087.00
	4197.71	0.00	7.35	1090.00
	4197.72	0.00	7.36	1092.00
	4197.73	0.00	7.35	1092.00
	4197.74	0.00	7.34	1098.00
	4197.75	0.00	7.35	1101.00
	4197.77	0.00	7.33	1102.00
	4197.78	0.00	7.32	1106.00
	4197.79	0.00	7.27	1107.00
	4197.80	0.00	7.26	1112.00
	4197.81	0.00	7.26	1115.00
	4197.82	0.00	7.25	1112.00
	4197.83	0.00	7.23	1111.00
	4197.85	0.00	7.25	1120.00
	4197.86	0.00	7.24	1125.00
	4197.87	0.00	7.25	1131.00
	4197.88	0.00	7.24	1135.00
	4197.89	0.00	7.22	1138.00
	4197.90	0.00	7.23	1141.00
	4197.92	0.00	7.21	1146.00
	4197.93	0.00	7.16	1150.00
	4197.94	0.00	7.15	1149.00
	4197.95	0.00	7.14	1150.00
	4197.96	0.00	6.70	1096.00
	4197.97	0.00	7.08	1147.00
	4197.99	0.00	6.70	1093.00
	4198.00	0.00	6.78	1085.00
	4198.01	0.00	6.78	1087.00
	4198.02	0.00	6.77	1090.00
	4198.03	0.00	6.78	1091.00
	4198.04	0.00	7.17	1142.00
	4198.06	0.00	7.17	1144.00
	4198.07	0.00	7.18	1146.00
	4198.08	0.00	7.06	1122.00
	4198.09	0.00	7.06	1122.00
	4198.10	0.00	7.05	1120.00
	4198.12	0.00	7.07	1120.00
	4198.13	0.00	6.69	1069.00
	4198.14	0.00	6.69	1068.00
	4198.15	0.00	6.69	1066.00
	4198.16	0.00	6.69	1063.00
	4198.17	0.00	6.70	1064.00
	4198.18	0.00	6.70	1061.00
	4198.20	0.00	6.75	1062.00
	4198.21	0.00	6.78	1064.00
	4198.22	0.00	6.78	1061.00
	4198.23	0.00	6.79	1056.00
	4198.24	0.00	6.80	1051.00
	4198.25	0.00	6.78	1069.00
	4198.27	0.00	6.77	1064.00
	4198.28	0.00	6.78	1064.00
	4198.29	0.00	6.75	1059.00
	4198.30	0.00	6.76	1057.00
	4198.31	0.00	6.77	1057.00
	4198.33	0.00	6.76	1051.00
	4198.34	0.00	6.72	1041.00
	4198.35	0.00	6.87	1056.00
	4198.36	0.00	6.87	1053.00
	4198.37	0.00	6.85	1052.00
	4198.38	0.00	6.89	1051.00
	4198.39	0.00	6.94	1053.00
	4198.41	0.00	6.94	1051.00
	4198.42	0.00	6.96	1046.00
	4198.43	0.00	6.96	1045.00
	4198.44	0.00	6.96	1045.00
	4198.45	0.00	6.94	1057.00
	4198.46	0.00	6.93	1056.00
	4198.48	0.00	6.92	1052.00
	4198.49	0.00	7.27	1097.00
	4198.50	0.00	6.90	1049.00
	4198.51	0.00	7.29	1095.00
	4198.52	0.00	6.86	1035.00
	4198.54	0.00	7.35	1105.00
	4198.55	0.00	7.34	1105.00
	4198.56	0.00	6.97	1052.00
	4198.57	0.00	7.36	1102.00
	4198.58	0.00	7.35	1099.00
	4198.59	0.00	7.37	1100.00
	4198.60	0.00	7.37	1100.00
	4198.62	0.00	7.37	1096.00
	4198.63	0.00	7.37	1097.00
	4198.64	0.00	7.37	1096.00
	4198.65	0.00	7.35	1091.00
	4198.66	0.00	7.37	1092.00
	4198.67	0.00	7.37	1091.00
	4198.69	0.00	7.33	1088.00
	4198.70	0.00	7.34	1090.00
	4198.71	0.00	7.34	1088.00
	4198.72	0.00	7.34	1086.00
	4198.73	0.00	7.36	1080.00
	4198.75	0.00	7.36	1080.00
	4198.76	0.00	7.36	1080.00
	4198.77	0.00	7.36	1079.00
	4198.78	0.00	7.37	1078.00
	4198.79	0.00	7.37	1082.00
	4198.80	0.00	7.39	1081.00
	4198.81	0.00	7.35	1073.00
	4198.83	0.00	7.32	1079.00
	4198.84	0.00	7.32	1078.00
	4198.85	0.00	7.32	1076.00
	4198.86	0.00	7.26	1069.00
	4198.87	0.00	7.26	1067.00
	4198.88	0.00	7.26	1066.00
	4198.90	0.00	7.26	1062.00
	4198.91	0.00	7.30	1058.00
	4198.92	0.00	7.36	1049.00
	4198.93	0.00	7.36	1048.00
	4198.94	0.00	7.38	1049.00
	4198.95	0.00	7.40	1048.00
	4198.97	0.00	7.40	1047.00
	4198.98	0.00	7.41	1049.00
	4198.99	0.00	7.42	1050.00
	4199.00	0.00	7.35	1036.00
	4199.01	0.00	7.28	1019.00
	4199.02	0.00	7.30	1023.00
	4199.04	0.00	7.29	1019.00
	4199.05	0.00	6.89	969.00
	4199.06	0.00	6.89	967.00
	4199.07	0.00	6.89	965.00
	4199.08	0.00	6.90	965.00
	4199.09	0.00	6.89	965.00
	4199.10	0.00	6.92	966.00
	4199.12	0.00	6.95	965.00
	4199.13	0.00	6.97	966.00
	4199.14	0.00	6.93	983.00
	4199.15	0.00	6.93	982.00
	4199.16	0.00	6.93	981.00
	4199.17	0.00	6.91	979.00
	4199.19	0.00	6.90	974.00
	4199.20	0.00	6.86	969.00
	4199.21	0.00	6.99	987.00
	4199.22	0.00	7.00	985.00
	4199.23	0.00	7.46	1038.00
	4199.24	0.00	7.46	1037.00
	4199.26	0.00	7.47	1038.00
	4199.27	0.00	7.48	1039.00
	4199.28	0.00	7.48	1036.00
	4199.29	0.00	7.42	1049.00
	4199.30	0.00	7.45	1053.00
	4199.31	0.00	7.44	1052.00
	4199.33	0.00	7.42	1052.00
	4199.34	0.00	7.43	1051.00
	4199.35	0.00	7.41	1049.00
	4199.36	0.00	7.37	1041.00
	4199.37	0.00	7.46	1060.00
	4199.38	0.00	7.46	1058.00
	4199.40	0.00	7.47	1057.00
	4199.41	0.00	7.47	1060.00
	4199.42	0.00	7.47	1061.00
	4199.43	0.00	7.45	1052.00
	4199.44	0.00	7.39	1046.00
	4199.45	0.00	7.44	1059.00
	4199.46	0.00	7.48	1063.00
	4199.48	0.00	7.47	1062.00
	4199.49	0.00	7.44	1062.00
	4199.50	0.00	7.42	1060.00
	4199.51	0.00	7.42	1058.00
	4199.52	0.00	7.43	1051.00
	4199.54	0.00	7.46	1050.00
	4199.55	0.00	7.44	1051.00
	4199.56	0.00	7.45	1050.00
	4199.57	0.00	7.47	1050.00
	4199.58	0.00	7.49	1052.00
	4199.59	0.00	7.49	1051.00
	4199.60	0.00	7.49	1050.00
	4199.62	0.00	7.44	1049.00
	4199.63	0.00	7.44	1048.00
	4199.64	0.00	7.45	1047.00
	4199.65	0.00	7.43	1044.00
	4199.66	0.00	7.43	1042.00
	4199.67	0.00	7.36	1035.00
	4199.69	0.00	7.36	1034.00
	4199.70	0.00	7.37	1027.00
	4199.71	0.00	7.47	1017.00
	4199.72	0.00	7.48	1017.00
	4199.73	0.00	7.48	1016.00
	4199.75	0.00	7.48	1015.00
	4199.76	0.00	7.50	1016.00
	4199.77	0.00	7.51	1019.00
	4199.78	0.00	7.53	1017.00
	4199.79	0.00	7.47	1008.00
	4199.80	0.00	7.40	995.00
	4199.81	0.00	7.38	991.00
	4199.83	0.00	7.37	990.00
	4199.84	0.00	7.37	988.00
	4199.85	0.00	7.37	988.00
	4199.86	0.00	7.38	987.00
	4199.87	0.00	7.37	989.00
	4199.88	0.00	6.98	937.00
	4199.90	0.00	6.99	935.00
	4199.91	0.00	7.45	990.00
	4199.92	0.00	7.47	989.00
	4199.93	0.00	7.46	987.00
	4199.94	0.00	7.42	999.00
	4199.95	0.00	7.41	1005.00
	4199.96	0.00	7.41	1004.00
	4199.98	0.00	7.39	1003.00
	4199.99	0.00	7.37	997.00
	4200.00	0.00	7.34	990.00
	4200.01	0.00	7.47	1009.00
	4200.02	0.00	7.47	1009.00
	4200.04	0.00	7.48	1009.00
	4200.05	0.00	7.48	1006.00
	4200.06	0.00	7.55	1010.00
	4200.07	0.00	7.58	1011.00
	4200.08	0.00	7.59	1006.00
	4200.09	0.00	7.55	1022.00
	4200.10	0.00	7.56	1020.00
	4200.12	0.00	7.56	1021.00
	4200.13	0.00	7.56	1018.00
	4200.14	0.00	7.56	1018.00
	4200.15	0.00	7.54	1018.00
	4200.16	0.00	7.52	1017.00
	4200.17	0.00	7.49	1009.00
	4200.19	0.00	7.58	1032.00
	4200.20	0.00	7.57	1033.00
	4200.21	0.00	7.55	1034.00
	4200.22	0.00	7.57	1036.00
	4200.23	0.00	7.56	1037.00
	4200.25	0.00	7.57	1039.00
	4200.26	0.00	7.57	1037.00
	4200.27	0.00	7.55	1034.00
	4200.28	0.00	7.56	1043.00
	4200.29	0.00	7.56	1043.00
	4200.30	0.00	7.56	1042.00
	4200.31	0.00	7.56	1043.00
	4200.33	0.00	7.52	1044.00
	4200.34	0.00	7.50	1044.00
	4200.35	0.00	7.50	1045.00
	4200.36	0.00	7.50	1046.00
	4200.37	0.00	7.51	1042.00
	4200.38	0.00	7.50	1042.00
	4200.39	0.00	7.52	1042.00
	4200.41	0.00	7.52	1046.00
	4200.42	0.00	7.52	1046.00
	4200.43	0.00	7.53	1046.00
	4200.44	0.00	7.53	1048.00
	4200.45	0.00	7.51	1044.00
	4200.46	0.00	7.47	1048.00
	4200.48	0.00	7.46	1048.00
	4200.49	0.00	7.45	1047.00
	4200.50	0.00	7.38	1041.00
	4200.51	0.00	7.38	1041.00
	4200.52	0.00	7.39	1041.00
	4200.54	0.00	7.38	1042.00
	4200.55	0.00	7.37	1036.00
	4200.56	0.00	7.50	1027.00
	4200.57	0.00	7.50	1030.00
	4200.58	0.00	7.51	1030.00
	4200.59	0.00	7.49	1031.00
	4200.60	0.00	7.50	1032.00
	4200.62	0.00	7.49	1034.00
	4200.63	0.00	7.52	1038.00
	4200.64	0.00	7.53	1038.00
	4200.65	0.00	7.40	1016.00
	4200.66	0.00	7.39	1012.00
	4200.67	0.00	7.40	1012.00
	4200.69	0.00	7.36	1007.00
	4200.70	0.00	7.37	1008.00
	4200.71	0.00	7.37	1006.00
	4200.72	0.00	7.39	1005.00
	4200.73	0.00	7.39	1007.00
	4200.74	0.00	7.39	1003.00
	4200.76	0.00	7.39	1002.00
	4200.77	0.00	7.46	1005.00
	4200.78	0.00	7.47	1000.00
	4200.79	0.00	7.47	1000.00
	4200.80	0.00	7.48	998.00
	4200.81	0.00	7.43	1017.00
	4200.83	0.00	7.43	1016.00
	4200.84	0.00	7.43	1015.00
	4200.85	0.00	7.41	1011.00
	4200.86	0.00	7.40	1008.00
	4200.87	0.00	7.40	1005.00
	4200.88	0.00	7.37	1003.00
	4200.90	0.00	7.51	1020.00
	4200.91	0.00	7.50	1021.00
