00	0.00	30.00	18.00	42.00	40.00	0.00	0.00	0.00	34.00	36.00	42.00	0.00	61.00	116.00	45.00
	4150.46	0.00	24.00	0.00	31.00	17.00	43.00	40.00	0.00	0.00	0.00	34.00	36.00	42.00	0.00	61.00	115.00	45.00
	4150.47	0.00	23.00	0.00	31.00	14.00	43.00	40.00	0.00	0.00	0.00	33.00	36.00	40.00	0.00	61.00	113.00	45.00
	4150.48	0.00	24.00	0.00	31.00	16.00	43.00	40.00	0.00	0.00	0.00	34.00	36.00	42.00	0.00	61.00	113.00	45.00
	4150.49	0.00	22.00	0.00	30.00	15.00	43.00	40.00	0.00	0.00	0.00	34.00	35.00	42.00	0.00	61.00	113.00	45.00
	4150.50	0.00	24.00	0.00	31.00	16.00	42.00	40.00	0.00	0.00	0.00	34.00	34.00	39.00	0.00	60.00	112.00	45.00
	4150.51	0.00	22.00	0.00	30.00	16.00	42.00	40.00	0.00	0.00	0.00	34.00	34.00	42.00	0.00	60.00	110.00	45.00
	4150.52	0.00	23.00	0.00	31.00	19.00	43.00	40.00	0.00	0.00	0.00	34.00	35.00	42.00	0.00	60.00	109.00	45.00
	4150.53	0.00	24.00	0.00	31.00	17.00	43.00	40.00	0.00	0.00	0.00	34.00	33.00	41.00	0.00	60.00	104.00	45.00
	4150.54	0.00	23.00	0.00	30.00	17.00	42.00	40.00	0.00	0.00	0.00	34.00	33.00	41.00	0.00	59.00	95.00	45.00
	4150.55	0.00	23.00	0.00	31.00	19.00	42.00	40.00	0.00	0.00	0.00	34.00	35.00	41.00	0.00	58.00	95.00	45.00
	4150.56	0.00	23.00	0.00	30.00	17.00	42.00	40.00	0.00	0.00	0.00	34.00	34.00	41.00	0.00	58.00	94.00	45.00
	4150.56	0.00	23.00	0.00	30.00	17.00	43.00	41.00	0.00	0.00	0.00	33.00	34.00	41.00	0.00	57.00	94.00	45.00
	4150.58	0.00	24.00	0.00	30.00	16.00	42.00	40.00	0.00	0.00	0.00	34.00	33.00	41.00	0.00	57.00	94.00	45.00
	4150.58	0.00	23.00	0.00	31.00	17.00	42.00	40.00	0.00	0.00	0.00	33.00	33.00	41.00	0.00	57.00	94.00	45.00
	4150.59	0.00	23.00	0.00	30.00	17.00	42.00	40.00	0.00	0.00	0.00	34.00	35.00	41.00	0.00	57.00	93.00	45.00
	4150.60	0.00	24.00	0.00	30.00	16.00	42.00	40.00	0.00	0.00	0.00	34.00	34.00	41.00	0.00	57.00	93.00	45.00
	4150.61	0.00	24.00	0.00	30.00	14.00	42.00	40.00	0.00	0.00	0.00	34.00	33.00	41.00	0.00	57.00	93.00	44.00
	4150.62	0.00	23.00	0.00	31.00	11.00	42.00	40.00	0.00	0.00	0.00	34.00	34.00	41.00	0.00	57.00	93.00	44.00
	4150.63	0.00	23.00	0.00	31.00	11.00	42.00	40.00	0.00	0.00	0.00	34.00	35.00	40.00	0.00	57.00	94.00	44.00
	4150.64	0.00	23.00	0.00	31.00	10.00	42.00	40.00	0.00	0.00	0.00	33.00	35.00	41.00	0.00	57.00	94.00	45.00
	4150.65	0.00	23.00	0.00	31.00	11.00	42.00	40.00	0.00	0.00	0.00	33.00	35.00	41.00	0.00	58.00	94.00	45.00
	4150.66	0.00	23.00	0.00	31.00	7.00	42.00	40.00	0.00	0.00	0.00	33.00	35.00	41.00	0.00	59.00	94.00	45.00
	4150.67	0.00	24.00	0.00	30.00	8.00	42.00	40.00	0.00	0.00	0.00	34.00	35.00	41.00	0.00	59.00	94.00	45.00
	4150.68	0.00	22.00	0.00	30.00	6.00	42.00	40.00	0.00	0.00	0.00	34.00	33.00	41.00	0.00	59.00	95.00	45.00
	4150.69	0.00	24.00	0.00	30.00	8.00	42.00	40.00	0.00	0.00	0.00	33.00	35.00	41.00	0.00	59.00	93.00	45.00
	4150.69	0.00	24.00	0.00	30.00	10.00	42.00	40.00	0.00	0.00	0.00	34.00	35.00	41.00	0.00	60.00	94.00	45.00
	4150.71	0.00	23.00	0.00	31.00	11.00	42.00	40.00	0.00	0.00	0.00	34.00	33.00	41.00	0.00	59.00	94.00	45.00
	4150.71	0.00	23.00	0.00	32.00	11.00	42.00	40.00	0.00	0.00	0.00	33.00	35.00	40.00	0.00	60.00	94.00	45.00
	4150.72	0.00	23.00	0.00	32.00	11.00	42.00	40.00	0.00	0.00	0.00	33.00	35.00	41.00	0.00	59.00	94.00	45.00
	4150.73	0.00	23.00	0.00	31.00	12.00	43.00	40.00	0.00	0.00	0.00	34.00	33.00	41.00	0.00	60.00	94.00	45.00
	4150.74	0.00	23.00	0.00	31.00	11.00	42.00	40.00	0.00	0.00	0.00	33.00	35.00	41.00	0.00	59.00	94.00	45.00
	4150.75	0.00	23.00	0.00	31.00	11.00	42.00	40.00	0.00	0.00	0.00	34.00	35.00	41.00	0.00	59.00	94.00	45.00
	4150.76	0.00	23.00	0.00	31.00	10.00	43.00	40.00	0.00	0.00	0.00	34.00	34.00	41.00	0.00	59.00	93.00	45.00
	4150.77	0.00	23.00	0.00	31.00	10.00	43.00	40.00	0.00	0.00	0.00	34.00	35.00	41.00	0.00	59.00	94.00	44.00
	4150.78	0.00	23.00	0.00	31.00	11.00	42.00	40.00	0.00	0.00	0.00	34.00	35.00	41.00	0.00	58.00	93.00	45.00
	4150.79	0.00	23.00	0.00	32.00	11.00	42.00	40.00	0.00	0.00	0.00	33.00	35.00	41.00	0.00	57.00	93.00	45.00
	4150.80	0.00	23.00	0.00	31.00	11.00	43.00	40.00	0.00	0.00	0.00	33.00	35.00	41.00	0.00	57.00	84.00	45.00
	4150.81	0.00	24.00	0.00	31.00	11.00	43.00	40.00	0.00	0.00	0.00	34.00	35.00	41.00	0.00	57.00	84.00	45.00
	4150.82	0.00	23.00	0.00	32.00	13.00	43.00	40.00	0.00	0.00	0.00	34.00	35.00	41.00	0.00	57.00	83.00	45.00
	4150.83	0.00	23.00	0.00	31.00	12.00	43.00	40.00	0.00	0.00	0.00	33.00	34.00	41.00	0.00	56.00	83.00	45.00
	4150.84	0.00	25.00	0.00	31.00	11.00	43.00	40.00	0.00	0.00	0.00	34.00	34.00	41.00	0.00	56.00	81.00	45.00
	4150.85	0.00	24.00	0.00	31.00	11.00	43.00	40.00	0.00	0.00	0.00	33.00	35.00	41.00	0.00	56.00	81.00	45.00
	4150.85	0.00	24.00	0.00	32.00	13.00	43.00	40.00	0.00	0.00	0.00	34.00	35.00	41.00	0.00	56.00	80.00	45.00
	4150.86	0.00	24.00	0.00	31.00	13.00	43.00	40.00	0.00	0.00	0.00	33.00	35.00	41.00	0.00	56.00	79.00	45.00
	4150.87	0.00	23.00	0.00	32.00	16.00	43.00	40.00	0.00	0.00	0.00	34.00	35.00	41.00	0.00	56.00	78.00	45.00
	4150.88	0.00	24.00	0.00	32.00	14.00	43.00	40.00	0.00	0.00	0.00	33.00	35.00	41.00	0.00	56.00	78.00	45.00
	4150.89	0.00	24.00	0.00	31.00	14.00	43.00	40.00	0.00	0.00	0.00	33.00	34.00	41.00	0.00	56.00	77.00	45.00
	4150.90	0.00	24.00	0.00	31.00	15.00	43.00	40.00	0.00	0.00	0.00	33.00	33.00	41.00	0.00	56.00	77.00	45.00
	4150.91	0.00	24.00	0.00	32.00	15.00	43.00	40.00	0.00	0.00	0.00	33.00	33.00	41.00	0.00	56.00	76.00	44.00
	4150.92	0.00	24.00	0.00	32.00	15.00	43.00	40.00	0.00	0.00	0.00	33.00	35.00	41.00	0.00	56.00	76.00	44.00
	4150.93	0.00	24.00	0.00	32.00	14.00	43.00	40.00	0.00	0.00	0.00	33.00	35.00	41.00	0.00	56.00	75.00	45.00
	4150.94	0.00	25.00	0.00	32.00	16.00	43.00	40.00	0.00	0.00	0.00	33.00	33.00	39.00	0.00	55.00	74.00	44.00
	4150.95	0.00	25.00	0.00	32.00	14.00	43.00	41.00	0.00	0.00	0.00	33.00	33.00	41.00	0.00	55.00	73.00	44.00
	4150.96	0.00	24.00	0.00	32.00	15.00	43.00	40.00	0.00	0.00	0.00	32.00	35.00	41.00	0.00	55.00	69.00	44.00
	4150.97	0.00	24.00	0.00	32.00	14.00	43.00	40.00	0.00	0.00	0.00	33.00	33.00	41.00	0.00	55.00	67.00	43.00
	4150.98	0.00	25.00	0.00	32.00	13.00	42.00	40.00	0.00	0.00	0.00	32.00	35.00	41.00	0.00	55.00	64.00	44.00
	4150.98	0.00	25.00	0.00	31.00	10.00	42.00	40.00	0.00	0.00	0.00	32.00	35.00	41.00	0.00	54.00	61.00	44.00
	4150.99	0.00	25.00	0.00	31.00	5.00	42.00	40.00	0.00	0.00	0.00	33.00	35.00	41.00	0.00	55.00	61.00	44.00
	4151.00	0.00	25.00	0.00	32.00	5.00	42.00	40.00	0.00	0.00	0.00	33.00	35.00	41.00	0.00	54.00	61.00	42.00
	4151.01	0.00	26.00	0.00	31.00	6.00	42.00	40.00	0.00	0.00	0.00	33.00	35.00	41.00	0.00	54.00	61.00	43.00
	4151.02	0.00	25.00	0.00	31.00	6.00	42.00	40.00	0.00	0.00	0.00	33.00	35.00	41.00	0.00	54.00	61.00	43.00
	4151.03	0.00	26.00	0.00	30.00	5.00	42.00	40.00	0.00	0.00	0.00	33.00	33.00	41.00	0.00	54.00	59.00	43.00
	4151.04	0.00	26.00	0.00	30.00	4.00	42.00	40.00	0.00	0.00	0.00	33.00	35.00	41.00	0.00	54.00	60.00	43.00
	4151.05	0.00	26.00	0.00	30.00	4.00	42.00	40.00	0.00	0.00	0.00	33.00	33.00	41.00	0.00	54.00	60.00	43.00
	4151.06	0.00	26.00	0.00	30.00	5.00	42.00	40.00	0.00	0.00	0.00	33.00	35.00	41.00	0.00	54.00	60.00	43.00
	4151.07	0.00	26.00	0.00	30.00	7.00	42.00	40.00	0.00	0.00	0.00	33.00	35.00	41.00	0.00	53.00	60.00	43.00
	4151.08	0.00	26.00	0.00	30.00	8.00	42.00	40.00	0.00	0.00	0.00	32.00	35.00	41.00	0.00	53.00	60.00	43.00
	4151.09	0.00	26.00	0.00	30.00	9.00	42.00	41.00	0.00	0.00	0.00	33.00	35.00	41.00	0.00	53.00	60.00	43.00
	4151.10	0.00	26.00	0.00	30.00	8.00	42.00	40.00	0.00	0.00	0.00	32.00	35.00	41.00	0.00	53.00	59.00	43.00
	4151.11	0.00	26.00	0.00	31.00	8.00	42.00	40.00	0.00	0.00	0.00	32.00	35.00	41.00	0.00	53.00	59.00	43.00
	4151.12	0.00	26.00	0.00	31.00	6.00	42.00	40.00	0.00	0.00	0.00	32.00	33.00	41.00	0.00	53.00	59.00	43.00
	4151.12	0.00	26.00	0.00	31.00	6.00	42.00	40.00	0.00	0.00	0.00	33.00	33.00	41.00	0.00	53.00	58.00	43.00
	4151.13	0.00	26.00	0.00	30.00	9.00	42.00	40.00	0.00	0.00	0.00	33.00	33.00	41.00	0.00	53.00	57.00	43.00
	4151.14	0.00	26.00	0.00	30.00	8.00	42.00	40.00	0.00	0.00	0.00	32.00	35.00	41.00	0.00	53.00	57.00	43.00
	4151.15	0.00	26.00	0.00	31.00	8.00	42.00	40.00	0.00	0.00	0.00	32.00	35.00	41.00	0.00	53.00	56.00	43.00
	4151.16	0.00	26.00	0.00	30.00	8.00	42.00	40.00	0.00	0.00	0.00	32.00	33.00	41.00	0.00	53.00	56.00	43.00
	4151.17	0.00	24.00	0.00	30.00	7.00	42.00	40.00	0.00	0.00	0.00	32.00	35.00	41.00	0.00	53.00	56.00	43.00
	4151.18	0.00	24.00	0.00	30.00	9.00	42.00	40.00	0.00	0.00	0.00	32.00	34.00	41.00	0.00	52.00	55.00	43.00
	4151.19	0.00	24.00	0.00	30.00	8.00	42.00	40.00	0.00	0.00	0.00	32.00	34.00	41.00	0.00	52.00	54.00	43.00
	4151.20	0.00	24.00	0.00	30.00	8.00	42.00	40.00	0.00	0.00	0.00	32.00	33.00	41.00	0.00	52.00	54.00	43.00
	4151.21	0.00	24.00	0.00	30.00	10.00	42.00	40.00	0.00	0.00	0.00	32.00	34.00	41.00	0.00	52.00	53.00	43.00
	4151.22	0.00	23.00	0.00	31.00	8.00	42.00	40.00	0.00	0.00	0.00	31.00	33.00	41.00	0.00	52.00	55.00	43.00
	4151.23	0.00	24.00	0.00	30.00	7.00	42.00	41.00	0.00	0.00	0.00	32.00	33.00	41.00	0.00	52.00	54.00	43.00
	4151.24	0.00	25.00	0.00	30.00	5.00	42.00	40.00	0.00	0.00	0.00	32.00	33.00	41.00	0.00	52.00	54.00	43.00
	4151.25	0.00	24.00	0.00	30.00	5.00	42.00	40.00	0.00	0.00	0.00	32.00	34.00	41.00	0.00	52.00	54.00	43.00
	4151.25	0.00	24.00	0.00	31.00	6.00	42.00	40.00	0.00	0.00	0.00	32.00	34.00	41.00	0.00	52.00	55.00	43.00
	4151.26	0.00	24.00	0.00	30.00	5.00	42.00	40.00	0.00	0.00	0.00	31.00	33.00	41.00	0.00	52.00	54.00	42.00
	4151.27	0.00	24.00	0.00	30.00	4.00	42.00	40.00	0.00	0.00	0.00	31.00	34.00	41.00	0.00	52.00	54.00	43.00
	4151.28	0.00	24.00	0.00	30.00	4.00	42.00	40.00	0.00	0.00	0.00	32.00	32.00	41.00	0.00	52.00	54.00	43.00
	4151.29	0.00	24.00	0.00	31.00	4.00	42.00	40.00	0.00	0.00	0.00	31.00	34.00	40.00	0.00	52.00	54.00	43.00
	4151.30	0.00	23.00	0.00	31.00	4.00	42.00	40.00	0.00	0.00	0.00	32.00	32.00	41.00	0.00	52.00	54.00	43.00
	4151.31	0.00	25.00	0.00	30.00	6.00	43.00	40.00	0.00	0.00	0.00	31.00	34.00	40.00	0.00	52.00	53.00	42.00
	4151.32	0.00	24.00	0.00	30.00	4.00	42.00	40.00	0.00	0.00	0.00	32.00	34.00	41.00	0.00	52.00	54.00	42.00
	4151.33	0.00	24.00	0.00	30.00	5.00	42.00	41.00	0.00	0.00	0.00	31.00	32.00	41.00	0.00	52.00	54.00	42.00
	4151.34	0.00	24.00	0.00	30.00	4.00	42.00	41.00	0.00	0.00	0.00	31.00	34.00	41.00	0.00	52.00	54.00	42.00
	4151.35	0.00	24.00	0.00	30.00	4.00	42.00	40.00	0.00	0.00	0.00	31.00	34.00	41.00	0.00	52.00	54.00	42.00
	4151.36	0.00	24.00	0.00	30.00	4.00	42.00	40.00	0.00	0.00	0.00	31.00	32.00	41.00	0.00	52.00	54.00	42.00
	4151.37	0.00	24.00	0.00	30.00	4.00	42.00	40.00	0.00	0.00	0.00	31.00	32.00	41.00	0.00	52.00	54.00	42.00
	4151.37	0.00	24.00	0.00	30.00	4.00	42.00	40.00	0.00	0.00	0.00	31.00	34.00	41.00	0.00	52.00	54.00	42.00
	4151.38	0.00	24.00	0.00	30.00	5.00	42.00	40.00	0.00	0.00	0.00	31.00	34.00	41.00	0.00	52.00	54.00	42.00
	4151.39	0.00	24.00	0.00	31.00	6.00	42.00	40.00	0.00	0.00	0.00	31.00	33.00	41.00	0.00	52.00	53.00	42.00
	4151.40	0.00	24.00	0.00	31.00	4.00	42.00	40.00	0.00	0.00	0.00	31.00	32.00	41.00	0.00	52.00	54.00	42.00
	4151.41	0.00	24.00	0.00	30.00	4.00	42.00	40.00	0.00	0.00	0.00	31.00	34.00	41.00	0.00	52.00	54.00	43.00
	4151.42	0.00	24.00	0.00	31.00	6.00	42.00	40.00	0.00	0.00	0.00	31.00	34.00	41.00	0.00	52.00	54.00	42.00
	4151.43	0.00	23.00	0.00	30.00	6.00	42.00	40.00	0.00	0.00	0.00	31.00	32.00	41.00	0.00	52.00	53.00	43.00
	4151.44	0.00	23.00	0.00	31.00	4.00	42.00	41.00	0.00	0.00	0.00	31.00	32.00	41.00	0.00	52.00	54.00	42.00
	4151.45	0.00	24.00	0.00	31.00	5.00	42.00	40.00	0.00	0.00	0.00	31.00	32.00	41.00	0.00	52.00	54.00	42.00
	4151.46	0.00	24.00	0.00	30.00	4.00	42.00	41.00	0.00	0.00	0.00	31.00	34.00	41.00	0.00	52.00	54.00	43.00
	4151.47	0.00	23.00	0.00	30.00	4.00	42.00	40.00	0.00	0.00	0.00	31.00	34.00	41.00	0.00	52.00	54.00	43.00
	4151.48	0.00	23.00	0.00	30.00	4.00	42.00	40.00	0.00	0.00	0.00	31.00	32.00	41.00	0.00	52.00	54.00	43.00
	4151.49	0.00	23.00	0.00	30.00	6.00	42.00	40.00	0.00	0.00	0.00	31.00	32.00	41.00	0.00	52.00	52.00	43.00
	4151.50	0.00	23.00	0.00	30.00	5.00	42.00	40.00	0.00	0.00	0.00	31.00	34.00	41.00	0.00	52.00	54.00	43.00
	4151.50	0.00	23.00	0.00	31.00	5.00	42.00	40.00	0.00	0.00	0.00	31.00	32.00	41.00	0.00	52.00	53.00	41.00
	4151.52	0.00		43.00	40.00	0.00	0.00	0.00	34.00	32.00	42.00	0.00	52.00	54.00	42.00
	4171.74	0.00	32.00	0.00	37.00	21.00	43.00	40.00	0.00	0.00	0.00	34.00	34.00	42.00	0.00	52.00	54.00	42.00
	4171.75	0.00	32.00	0.00	37.00	21.00	43.00	40.00	0.00	0.00	0.00	34.00	34.00	42.00	0.00	52.00	54.00	42.00
	4171.76	0.00	33.00	0.00	36.00	20.00	43.00	40.00	0.00	0.00	0.00	33.00	34.00	42.00	0.00	52.00	54.00	42.00
	4171.77	0.00	32.00	0.00	36.00	20.00	43.00	40.00	0.00	0.00	0.00	33.00	33.00	41.00	0.00	52.00	54.00	42.00
	4171.78	0.00	33.00	0.00	37.00	20.00	43.00	40.00	0.00	0.00	0.00	33.00	32.00	41.00	0.00	52.00	52.00	42.00
	4171.79	0.00	33.00	0.00	36.00	20.00	43.00	40.00	0.00	0.00	0.00	32.00	33.00	39.00	0.00	52.00	54.00	42.00
	4171.80	0.00	32.00	0.00	36.00	19.00	43.00	40.00	0.00	0.00	0.00	33.00	32.00	41.00	0.00	52.00	54.00	42.00
	4171.81	0.00	33.00	0.00	36.00	19.00	43.00	40.00	0.00	0.00	0.00	33.00	33.00	38.00	0.00	52.00	54.00	42.00
	4171.81	0.00	32.00	0.00	36.00	20.00	43.00	40.00	0.00	0.00	0.00	33.00	31.00	41.00	0.00	52.00	54.00	42.00
	4171.83	0.00	32.00	0.00	35.00	21.00	43.00	40.00	0.00	0.00	0.00	33.00	31.00	41.00	0.00	52.00	54.00	42.00
	4171.83	0.00	33.00	0.00	35.00	19.00	43.00	40.00	0.00	0.00	0.00	33.00	32.00	41.00	0.00	52.00	54.00	42.00
	4171.84	0.00	32.00	0.00	35.00	18.00	43.00	40.00	0.00	0.00	0.00	33.00	32.00	41.00	0.00	52.00	54.00	42.00
	4171.85	0.00	33.00	0.00	35.00	14.00	43.00	39.00	0.00	0.00	0.00	33.00	32.00	41.00	0.00	52.00	54.00	42.00
	4171.86	0.00	33.00	0.00	35.00	13.00	43.00	40.00	0.00	0.00	0.00	33.00	31.00	40.00	0.00	52.00	53.00	42.00
	4171.87	0.00	33.00	0.00	35.00	14.00	43.00	40.00	0.00	0.00	0.00	33.00	31.00	41.00	0.00	51.00	54.00	40.00
	4171.88	0.00	32.00	0.00	35.00	14.00	43.00	40.00	0.00	0.00	0.00	33.00	31.00	41.00	0.00	51.00	54.00	42.00
	4171.89	0.00	32.00	0.00	35.00	15.00	43.00	40.00	0.00	0.00	0.00	32.00	32.00	41.00	0.00	51.00	54.00	42.00
	4171.90	0.00	32.00	0.00	35.00	15.00	43.00	40.00	0.00	0.00	0.00	33.00	32.00	41.00	0.00	52.00	54.00	42.00
	4171.91	0.00	33.00	0.00	36.00	16.00	43.00	40.00	0.00	0.00	0.00	33.00	32.00	38.00	0.00	52.00	54.00	42.00
	4171.92	0.00	32.00	0.00	36.00	17.00	43.00	40.00	0.00	0.00	0.00	33.00	32.00	41.00	0.00	51.00	54.00	42.00
	4171.93	0.00	32.00	0.00	35.00	18.00	43.00	40.00	0.00	0.00	0.00	33.00	32.00	41.00	0.00	52.00	54.00	42.00
	4171.94	0.00	32.00	0.00	36.00	19.00	43.00	40.00	0.00	0.00	0.00	33.00	31.00	41.00	0.00	52.00	54.00	42.00
	4171.94	0.00	33.00	0.00	36.00	19.00	43.00	40.00	0.00	0.00	0.00	32.00	32.00	39.00	0.00	52.00	54.00	42.00
	4171.95	0.00	32.00	0.00	36.00	19.00	43.00	40.00	0.00	0.00	0.00	33.00	31.00	41.00	0.00	51.00	54.00	42.00
	4171.96	0.00	32.00	0.00	36.00	19.00	43.00	40.00	0.00	0.00	0.00	33.00	32.00	39.00	0.00	51.00	54.00	42.00
	4171.97	0.00	32.00	0.00	36.00	19.00	43.00	40.00	0.00	0.00	0.00	33.00	32.00	41.00	0.00	51.00	54.00	42.00
	4171.98	0.00	32.00	0.00	36.00	19.00	43.00	40.00	0.00	0.00	0.00	33.00	32.00	41.00	0.00	51.00	54.00	42.00
	4171.99	0.00	32.00	0.00	36.00	19.00	42.00	40.00	0.00	0.00	0.00	33.00	32.00	41.00	0.00	51.00	54.00	42.00
	4172.00	0.00	32.00	0.00	36.00	19.00	43.00	40.00	0.00	0.00	0.00	33.00	32.00	41.00	0.00	51.00	54.00	42.00
	4172.01	0.00	33.00	0.00	36.00	19.00	43.00	40.00	0.00	0.00	0.00	33.00	32.00	38.00	0.00	51.00	53.00	42.00
	4172.02	0.00	33.00	0.00	36.00	19.00	43.00	40.00	0.00	0.00	0.00	32.00	31.00	39.00	0.00	51.00	54.00	42.00
	4172.03	0.00	33.00	0.00	36.00	19.00	43.00	40.00	0.00	0.00	0.00	32.00	32.00	39.00	0.00	51.00	54.00	42.00
	4172.04	0.00	33.00	0.00	37.00	19.00	43.00	40.00	0.00	0.00	0.00	32.00	32.00	39.00	0.00	52.00	54.00	42.00
	4172.05	0.00	33.00	0.00	37.00	19.00	43.00	40.00	0.00	0.00	0.00	33.00	32.00	38.00	0.00	51.00	54.00	42.00
	4172.06	0.00	33.00	0.00	37.00	19.00	43.00	40.00	0.00	0.00	0.00	33.00	31.00	41.00	0.00	51.00	54.00	42.00
	4172.07	0.00	32.00	0.00	36.00	19.00	43.00	40.00	0.00	0.00	0.00	33.00	32.00	41.00	0.00	51.00	54.00	42.00
	4172.08	0.00	33.00	0.00	37.00	19.00	43.00	40.00	0.00	0.00	0.00	33.00	31.00	38.00	0.00	51.00	54.00	42.00
	4172.09	0.00	33.00	0.00	37.00	19.00	43.00	40.00	0.00	0.00	0.00	33.00	32.00	38.00	0.00	51.00	54.00	42.00
	4172.10	0.00	33.00	0.00	37.00	19.00	43.00	40.00	0.00	0.00	0.00	32.00	31.00	38.00	0.00	51.00	54.00	42.00
	4172.10	0.00	32.00	0.00	36.00	19.00	43.00	40.00	0.00	0.00	0.00	33.00	32.00	41.00	0.00	51.00	54.00	42.00
	4172.11	0.00	33.00	0.00	36.00	19.00	43.00	40.00	0.00	0.00	0.00	32.00	33.00	39.00	0.00	51.00	54.00	42.00
	4172.12	0.00	33.00	0.00	36.00	19.00	43.00	40.00	0.00	0.00	0.00	32.00	32.00	39.00	0.00	51.00	54.00	42.00
	4172.13	0.00	32.00	0.00	37.00	19.00	43.00	40.00	0.00	0.00	0.00	32.00	31.00	41.00	0.00	51.00	54.00	42.00
	4172.14	0.00	32.00	0.00	37.00	19.00	43.00	40.00	0.00	0.00	0.00	32.00	32.00	41.00	0.00	51.00	54.00	42.00
	4172.15	0.00	32.00	0.00	36.00	19.00	43.00	40.00	0.00	0.00	0.00	33.00	32.00	41.00	0.00	51.00	54.00	42.00
	4172.16	0.00	32.00	0.00	37.00	19.00	43.00	40.00	0.00	0.00	0.00	33.00	32.00	41.00	0.00	51.00	54.00	42.00
	4172.17	0.00	32.00	0.00	37.00	19.00	43.00	40.00	0.00	0.00	0.00	33.00	31.00	41.00	0.00	51.00	54.00	42.00
	4172.18	0.00	32.00	0.00	37.00	20.00	42.00	40.00	0.00	0.00	0.00	32.00	32.00	41.00	0.00	51.00	54.00	42.00
	4172.19	0.00	33.00	0.00	37.00	20.00	43.00	40.00	0.00	0.00	0.00	32.00	33.00	39.00	0.00	51.00	54.00	42.00
	4172.20	0.00	33.00	0.00	36.00	20.00	43.00	40.00	0.00	0.00	0.00	32.00	32.00	39.00	0.00	51.00	54.00	42.00
	4172.21	0.00	33.00	0.00	37.00	20.00	43.00	40.00	0.00	0.00	0.00	32.00	32.00	39.00	0.00	51.00	54.00	42.00
	4172.22	0.00	32.00	0.00	37.00	20.00	43.00	40.00	0.00	0.00	0.00	33.00	30.00	41.00	0.00	51.00	54.00	42.00
	4172.23	0.00	32.00	0.00	37.00	20.00	43.00	40.00	0.00	0.00	0.00	33.00	32.00	41.00	0.00	51.00	54.00	42.00
	4172.23	0.00	32.00	0.00	37.00	20.00	43.00	40.00	0.00	0.00	0.00	33.00	32.00	41.00	0.00	51.00	54.00	42.00
	4172.24	0.00	32.00	0.00	36.00	20.00	43.00	40.00	0.00	0.00	0.00	33.00	32.00	41.00	0.00	51.00	54.00	42.00
	4172.25	0.00	32.00	0.00	36.00	19.00	43.00	40.00	0.00	0.00	0.00	33.00	32.00	41.00	0.00	51.00	54.00	41.00
	4172.26	0.00	33.00	0.00	36.00	21.00	43.00	39.00	0.00	0.00	0.00	33.00	30.00	41.00	0.00	51.00	53.00	42.00
	4172.27	0.00	33.00	0.00	36.00	20.00	43.00	40.00	0.00	0.00	0.00	32.00	32.00	40.00	0.00	51.00	53.00	42.00
	4172.28	0.00	33.00	0.00	36.00	21.00	43.00	40.00	0.00	0.00	0.00	32.00	30.00	39.00	0.00	51.00	54.00	42.00
	4172.29	0.00	32.00	0.00	35.00	21.00	43.00	40.00	0.00	0.00	0.00	32.00	32.00	3.00	40.00	0.00	2.00	0.00	33.00	32.00	41.00	0.00	51.00	54.00	41.00
	4172.66	0.00	33.00	0.00	36.00	20.00	43.00	40.00	0.00	1.00	0.00	33.00	30.00	41.00	0.00	51.00	54.00	41.00
	4172.67	0.00	33.00	0.00	36.00	20.00	43.00	40.00	0.00	2.00	0.00	33.00	32.00	41.00	0.00	51.00	54.00	41.00
	4172.68	0.00	33.00	0.00	36.00	20.00	43.00	40.00	0.00	1.00	0.00	33.00	32.00	41.00	0.00	51.00	54.00	40.00
	4172.69	0.00	33.00	0.00	36.00	20.00	43.00	40.00	0.00	1.00	0.00	33.00	31.00	41.00	0.00	51.00	54.00	41.00
	4172.70	0.00	33.00	0.00	37.00	20.00	43.00	40.00	0.00	1.00	0.00	32.00	32.00	40.00	0.00	51.00	54.00	41.00
	4172.71	0.00	33.00	0.00	36.00	20.00	43.00	40.00	0.00	2.00	0.00	33.00	32.00	41.00	0.00	50.00	54.00	41.00
	4172.72	0.00	33.00	0.00	36.00	20.00	43.00	40.00	0.00	1.00	0.00	33.00	32.00	41.00	0.00	51.00	54.00	41.00
	4172.73	0.00	33.00	0.00	36.00	20.00	43.00	40.00	0.00	3.00	0.00	34.00	32.00	41.00	0.00	51.00	54.00	41.00
	4172.74	0.00	33.00	0.00	36.00	20.00	43.00	40.00	0.00	3.00	0.00	32.00	32.00	41.00	0.00	51.00	54.00	41.00
	4172.75	0.00	33.00	0.00	35.00	20.00	43.00	40.00	0.00	3.00	0.00	34.00	30.00	41.00	0.00	51.00	52.00	41.00
	4172.76	0.00	33.00	0.00	36.00	20.00	43.00	40.00	0.00	3.00	0.00	34.00	32.00	41.00	0.00	51.00	54.00	41.00
	4172.77	0.00	33.00	0.00	36.00	23.00	43.00	40.00	0.00	3.00	0.00	34.00	30.00	41.00	0.00	51.00	54.00	41.00
	4172.78	0.00	33.00	0.00	36.00	25.00	43.00	40.00	0.00	5.00	0.00	32.00	32.00	39.00	0.00	51.00	54.00	41.00
	4172.79	0.00	33.00	0.00	36.00	25.00	43.00	40.00	0.00	6.00	0.00	34.00	32.00	41.00	0.00	51.00	53.00	41.00
	4172.79	0.00	33.00	0.00	36.00	25.00	43.00	40.00	0.00	8.00	0.00	33.00	32.00	41.00	0.00	51.00	54.00	41.00
	4172.81	0.00	33.00	0.00	36.00	25.00	43.00	40.00	0.00	8.00	0.00	33.00	32.00	41.00	0.00	51.00	54.00	43.00
	4172.81	0.00	33.00	0.00	37.00	25.00	43.00	40.00	0.00	7.00	0.00	32.00	32.00	41.00	0.00	51.00	54.00	41.00
	4172.82	0.00	33.00	0.00	36.00	24.00	43.00	40.00	0.00	7.00	0.00	34.00	32.00	41.00	0.00	51.00	54.00	41.00
	4172.83	0.00	33.00	0.00	36.00	24.00	43.00	40.00	0.00	8.00	0.00	34.00	32.00	41.00	0.00	51.00	53.00	41.00
	4172.84	0.00	33.00	0.00	37.00	24.00	43.00	40.00	0.00	9.00	0.00	34.00	32.00	41.00	0.00	51.00	54.00	41.00
	4172.85	0.00	33.00	0.00	37.00	25.00	43.00	40.00	0.00	9.00	0.00	34.00	32.00	41.00	0.00	51.00	54.00	41.00
	4172.86	0.00	33.00	0.00	36.00	24.00	43.00	40.00	0.00	10.00	0.00	34.00	30.00	41.00	0.00	51.00	54.00	41.00
	4172.87	0.00	32.00	0.00	36.00	25.00	43.00	40.00	0.00	9.00	0.00	32.00	30.00	39.00	0.00	51.00	54.00	41.00
	4172.88	0.00	33.00	0.00	36.00	24.00	43.00	40.00	0.00	10.00	0.00	33.00	30.00	41.00	0.00	51.00	54.00	41.00
	4172.89	0.00	33.00	0.00	36.00	24.00	44.00	39.00	0.00	9.00	0.00	32.00	30.00	39.00	0.00	51.00	54.00	41.00
	4172.90	0.00	33.00	0.00	36.00	25.00	43.00	40.00	0.00	9.00	0.00	34.00	32.00	41.00	0.00	51.00	54.00	41.00
	4172.91	0.00	33.00	0.00	36.00	25.00	43.00	40.00	0.00	10.00	0.00	34.00	30.00	41.00	0.00	51.00	54.00	41.00
	4172.92	0.00	32.00	0.00	37.00	24.00	44.00	40.00	0.00	10.00	0.00	33.00	30.00	41.00	0.00	51.00	54.00	41.00
	4172.93	0.00	32.00	0.00	37.00	24.00	43.00	40.00	0.00	11.00	0.00	32.00	32.00	39.00	0.00	51.00	54.00	41.00
	4172.94	0.00	32.00	0.00	37.00	24.00	44.00	40.00	0.00	12.00	0.00	34.00	32.00	41.00	0.00	51.00	54.00	41.00
	4172.94	0.00	33.00	0.00	37.00	24.00	43.00	40.00	0.00	13.00	0.00	33.00	32.00	41.00	0.00	51.00	54.00	41.00
	4172.95	0.00	33.00	0.00	36.00	25.00	43.00	40.00	0.00	13.00	0.00	33.00	30.00	41.00	0.00	51.00	53.00	41.00
	4172.96	0.00	33.00	0.00	36.00	25.00	44.00	40.00	0.00	13.00	0.00	33.00	30.00	39.00	0.00	51.00	54.00	41.00
	4172.97	0.00	32.00	0.00	36.00	25.00	43.00	40.00	0.00	14.00	0.00	32.00	32.00	39.00	0.00	51.00	54.00	41.00
	4172.98	0.00	32.00	0.00	36.00	25.00	44.00	40.00	0.00	14.00	0.00	34.00	32.00	41.00	0.00	51.00	54.00	41.00
	4172.99	0.00	32.00	0.00	36.00	26.00	43.00	40.00	0.00	14.00	0.00	32.00	30.00	40.00	0.00	51.00	54.00	41.00
	4173.00	0.00	33.00	0.00	36.00	26.00	43.00	40.00	0.00	14.00	0.00	33.00	30.00	41.00	0.00	51.00	53.00	41.00
	4173.01	0.00	33.00	0.00	36.00	26.00	43.00	39.00	0.00	14.00	0.00	33.00	32.00	41.00	0.00	51.00	54.00	41.00
	4173.02	0.00	33.00	0.00	37.00	26.00	43.00	40.00	0.00	14.00	0.00	33.00	30.00	41.00	0.00	51.00	52.00	41.00
	4173.03	0.00	32.00	0.00	35.00	26.00	43.00	40.00	0.00	14.00	0.00	32.00	32.00	39.00	0.00	51.00	54.00	41.00
	4173.04	0.00	32.00	0.00	36.00	25.00	44.00	40.00	0.00	15.00	0.00	32.00	30.00	39.00	0.00	51.00	54.00	41.00
	4173.05	0.00	32.00	0.00	36.00	26.00	44.00	40.00	0.00	15.00	0.00	33.00	32.00	41.00	0.00	51.00	54.00	41.00
	4173.06	0.00	33.00	0.00	37.00	26.00	43.00	39.00	0.00	15.00	0.00	33.00	32.00	41.00	0.00	51.00	53.00	41.00
	4173.07	0.00	33.00	0.00	37.00	27.00	43.00	40.00	0.00	15.00	0.00	33.00	30.00	41.00	0.00	51.00	54.00	41.00
	4173.08	0.00	33.00	0.00	35.00	27.00	43.00	40.00	0.00	16.00	0.00	33.00	30.00	41.00	0.00	51.00	54.00	43.00
	4173.09	0.00	32.00	0.00	36.00	26.00	43.00	40.00	0.00	16.00	0.00	33.00	30.00	39.00	0.00	51.00	54.00	41.00
	4173.10	0.00	33.00	0.00	35.00	25.00	43.00	40.00	0.00	17.00	0.00	32.00	32.00	39.00	0.00	51.00	54.00	41.00
	4173.10	0.00	33.00	0.00	36.00	23.00	44.00	40.00	0.00	18.00	0.00	33.00	32.00	41.00	0.00	51.00	53.00	43.00
	4173.11	0.00	33.00	0.00	36.00	21.00	43.00	40.00	0.00	17.00	0.00	33.00	32.00	41.00	0.00	51.00	54.00	41.00
	4173.12	0.00	33.00	0.00	36.00	22.00	43.00	40.00	0.00	17.00	0.00	33.00	32.00	41.00	0.00	51.00	54.00	43.00
	4173.13	0.00	33.00	0.00	35.00	22.00	44.00	40.00	0.00	18.00	0.00	34.00	30.00	40.00	0.00	51.00	53.00	41.00
	4173.14	0.00	33.00	0.00	37.00	22.00	44.00	40.00	0.00	18.00	0.00	33.00	32.00	41.00	0.00	51.00	54.00	43.00
	4173.15	0.00	32.00	0.00	36.00	22.00	44.00	40.00	0.00	18.00	0.00	33.00	30.00	39.00	0.00	51.00	54.00	41.00
	4173.16	0.00	32.00	0.00	37.00	23.00	44.00	40.00	0.00	18.00	0.00	34.00	32.00	41.00	0.00	51.00	54.00	41.00
	4173.17	0.00	33.00	0.00	37.00	23.00	43.00	40.00	0.00	17.00	0.00	34.00	32.00	41.00	0.00	51.00	53.00	43.00
	4173.18	0.00	33.00	0.00	36.00	23.00	44.00	40.00	0.00	18.00	0.00	33.00	31.00	41.00	0.00	51.00	54.00	43.00
	4173.19	0.00	32.00	0.00	36.00	23.00	43.00	40.00	0.00	17.00	0.00	32.00	32.00	39.00	0.00	51.00	54.00	41.00
	4173.20	0.00	32.00	0.00	36.00	24.00	44.00	40.00	0.00	18.00	0.00	34.00	32.00	39.00	0.00	51.00	54.00	41.00
	4173.21	0.00	32.00	0.00	36.00	23.00	44.00	40.00	0.00	18.00	0.00	34.00	32.00	41.00	0.00	51.00	53.00	43.00
	4173.22	0.00	33.00	0.00	36.00	23.00	44.00	40.00	0.00	18.00	0.00	33.00	32.00	41.00	0.00	51.00	53.00	43.00
	4173.23	0.00	33.00	0.00	35.00	23.00	43.00	40.00	0.00	16.00	0.00	33.00	32.00	39.00	0.00	51.00	54.00	41.00
	4173.24	0.00	33.00	0.00	37.00	23.00	44.00	40.00	0.00	16.00	0.00	32.00	32.00	39.00	0.00	51.00	53.00	41.00
	4173.25	0.00	32.00	0.00	37.00	23.00	44.00	40.00	0.00	16.00	0.00	34.00	30.00	39.00	0.00	51.00	54.00	43.00
	4173.25	0.00	33.00	0.00	36.00	22.00	44.00	40.00	0.00	16.00	0.00	34.00	30.00	41.00	0.00	51.00	54.00	43.00
	4173.26	0.00	32.00	0.00	36.00	22.00	44.00	40.00	0.00	16.00	0.00	32.00	32.00	39.00	0.00	51.00	54.00	41.00
	4173.27	0.00	33.00	0.00	37.00	22.00	43.00	40.00	0.00	16.00	0.00	33.00	32.00	41.00	0.00	50.00	53.00	43.00
	4173.28	0.00	33.00	0.00	36.00	22.00	43.00	40.00	0.00	14.00	0.00	33.00	31.00	39.00	0.00	51.00	54.00	41.00
	4173.29	0.00	32.00	0.00	36.00	22.00	44.00	40.00	0.00	7.00	0.00	34.00	32.00	41.00	0.00	51.00	54.00	41.00
	4173.30	0.00	33.00	0.00	35.00	21.00	44.00	40.00	0.00	5.00	0.00	34.00	30.00	41.00	0.00	51.00	54.00	41.00
	4173.31	0.00	33.00	0.00	36.00	18.00	43.00	40.00	0.00	5.00	0.00	33.00	32.00	41.00	0.00	51.00	54.00	42.00
	4173.32	0.00	32.00	0.00	35.00	17.00	43.00	40.00	0.00	4.00	0.00	33.00	32.00	41.00	0.00	51.00	54.00	41.00
	4173.33	0.00	33.00	0.00	35.00	17.00	43.00	40.00	0.00	5.00	0.00	33.00	32.00	41.00	0.00	51.00	54.00	41.00
	4173.34	0.00	33.00	0.00	36.00	16.00	43.00	40.00	0.00	4.00	0.00	33.00	30.00	41.00	0.00	51.00	53.00	41.00
	4173.35	0.00	33.00	0.00	35.00	16.00	43.00	40.00	0.00	2.00	0.00	34.00	32.00	41.00	0.00	51.00	54.00	42.00
	4173.36	0.00	33.00	0.00	35.00	15.00	43.00	40.00	0.00	0.00	0.00	34.00	31.00	41.00	0.00	51.00	54.00	42.00
	4173.37	0.00	32.00	0.00	36.00	14.00	43.00	40.00	0.00	0.00	0.00	34.00	30.00	40.00	0.00	51.00	54.00	42.00
	4173.38	0.00	32.00	0.00	36.00	14.00	43.00	40.00	0.00	0.00	0.00	34.00	32.00	41.00	0.00	51.00	54.00	42.00
	4173.39	0.00	32.00	0.00	35.00	14.00	43.00	40.00	0.00	0.00	0.00	34.00	32.00	41.00	0.00	51.00	54.00	42.00
	4173.39	0.00	32.00	0.00	36.00	14.00	43.00	40.00	0.00	0.00	0.00	34.00	31.00	41.00	0.00	51.00	54.00	42.00
	4173.40	0.00	32.00	0.00	35.00	14.00	43.00	40.00	0.00	0.00	0.00	33.00	32.00	41.00	0.00	51.00	54.00	42.00
	4173.41	0.00	33.00	0.00	36.00	14.00	43.00	40.00	0.00	0.00	0.00	34.00	30.00	41.00	0.00	51.00	54.00	42.00
	4173.42	0.00	32.00	0.00	36.00	14.00	43.00	40.00	0.00	0.00	0.00	33.00	30.00	41.00	0.00	51.00	54.00	42.00
	4173.43	0.00	33.00	0.00	35.00	14.00	43.00	40.00	0.00	0.00	0.00	34.00	32.00	41.00	0.00	51.00	54.00	40.00
	4173.44	0.00	32.00	0.00	35.00	14.00	43.00	40.00	0.00	0.00	0.00	33.00	32.00	41.00	0.00	51.00	54.00	42.00
	4173.45	0.00	32.00	0.00	35.00	15.00	43.00	40.00	0.00	0.00	0.00	32.00	32.00	41.00	0.00	51.00	54.00	42.00
	4173.46	0.00	32.00	0.00	35.00	15.00	43.00	40.00	0.00	0.00	0.00	34.00	30.00	41.00	0.00	51.00	54.00	42.00
	4173.47	0.00	32.00	0.00	35.00	15.00	43.00	40.00	0.00	0.00	0.00	33.00	30.00	41.00	0.00	51.00	54.00	42.00
	4173.48	0.00	32.00	0.00	35.00	15.00	43.00	40.00	0.00	0.00	0.00	34.00	32.00	41.00	0.00	51.00	54.00	42.00
	4173.49	0.00	32.00	0.00	35.00	16.00	43.00	40.00	0.00	0.00	0.00	33.00	30.00	41.00	0.00	51.00	54.00	42.00
	4173.50	0.00	33.00	0.00	35.00	17.00	43.00	40.00	0.00	0.00	0.00	33.00	30.00	38.00	0.00	51.00	54.00	42.00
	4173.51	0.00	33.00	0.00	35.00	16.00	43.00	40.00	0.00	0.00	0.00	33.00	32.00	38.00	0.00	51.00	54.00	42.00
	4173.52	0.00	33.00	0.00	35.00	17.00	43.00	40.00	0.00	0.00	0.00	32.00	30.00	39.00	0.00	51.00	54.00	42.00
	4173.53	0.00	32.00	0.00	36.00	18.00	43.00	40.00	0.00	0.00	0.00	33.00	32.00	41.00	0.00	51.00	54.00	42.00
	4173.54	0.00	32.00	0.00	36.00	18.00	43.00	40.00	0.00	0.00	0.00	33.00	32.00	41.00	0.00	51.00	54.00	42.00
	4173.54	0.00	32.00	0.00	35.00	17.00	43.00	40.00	0.00	0.00	0.00	33.00	32.00	41.00	0.00	51.00	54.00	42.00
	4173.55	0.00	32.00	0.00	35.00	16.00	43.00	40.00	0.00	0.00	0.00	33.00	30.00	41.00	0.00	51.00	54.00	42.00
	4173.56	0.00	32.00	0.00	35.00	17.00	43.00	40.00	0.00	0.00	0.00	34.00	32.00	41.00	0.00	51.00	54.00	41.00
	4173.57	0.00	32.00	0.00	35.00	17.00	43.00	40.00	0.00	0.00	0.00	33.00	32.00	41.00	0.00	51.00	54.00	42.00
	4173.58	0.00	33.00	0.00	35.00	17.00	43.00	40.00	0.00	0.00	0.00	33.00	32.00	40.00	0.00	51.00	52.00	42.00
	4173.59	0.00	33.00	0.00	35.00	17.00	43.00	40.00	0.00	0.00	0.00	33.00	32.00	39.00	0.00	51.00	54.00	42.00
	4173.60	0.00	32.00	0.00	36.00	18.00	42.00	40.00	0.00	0.00	0.00	34.00	31.00	41.00	0.00	51.00	54.00	42.00
	4173.61	0.00	33.00	0.00	36.00	19.00	43.00	40.00	0.00	0.00	0.00	34.00	32.00	38.00	0.00	51.00	54.00	42.00
	4173.62	0.00	32.00	0.00	36.00	18.00	43.00	40.00	0.00	0.00	0.00	34.00	32.00	41.00	0.00	51.00	54.00	42.00
	4173.63	0.00	32.00	0.00	36.00	19.00	43.00	40.00	0.00	0.00	0.00	34.00	30.00	41.00	0.00	51.00	54.00	42.00
	4173.64	0.00	32.00	0.00	36.00	19.00	43.00	40.00	0.00	0.00	0.00	33.00	30.00	41.00	0.00	51.00	54.00	42.00
	4173.65	0.00	32.00	0.00	35.00	19.00	43.00	40.00	0.00	0.00	0.00	34.00	32.00	41.00	0.00	51.00	54.00	42.00
	4173.66	0.00	33.00	0.00	36.00	19.00	43.00	39.00	0.00	0.00	0.00	33.00	32.00	41.00	0.00	51.00	54.00	42.00
	4173.67	0.00	33.00	0.00	35.00	20.00	43.00	40.00	0.00	0.00	0.00	33.00	30.00	40.00	0.00	51.00	53.00	42.00
	4173.67	0.00	33.00	0.00	36.00	20.00	43.00	40.00	0.00	0.00	0.00	33.00	32.00	41.00	0.00	51.00	54.00	42.00
	4173.68	0.00	32.00	0.00	35.00	20.00	43.00	40.00	0.00	0.00	0.00	34.00	30.00	41.00	0.00	51.00	54.00	42.00
	4173.69	0.00	32.00	0.00	35.00	21.00	43.00	40.00	0.00	0.00	0.00	32.00	30.00	41.00	0.00	51.00	54.00	42.00
	4173.70	0.00	32.00	0.00	35.00	21.00	43.00	40.00	0.00	0.00	0.00	33.00	32.00	41.00	0.00	51.00	54.00	42.00
	4173.71	0.00	33.00	0.00	36.00	21.00	43.00	40.00	0.00	0.00	0.00	33.00	30.00	38.00	0.00	51.00	54.00	42.00
	4173.72	0.00	32.00	0.00	36.00	21.00	43.00	40.00	0.00	0.00	0.00	33.00	32.00	41.00	0.00	51.00	54.00	42.00
	4173.73	0.00	32.00	0.00	36.00	21.00	43.00	40.00	0.00	0.00	0.00	33.00	30.00	41.00	0.00	51.00	54.00	42.00
	4173.74	0.00	33.00	0.00	36.00	21.00	43.00	40.00	0.00	0.00	0.00	34.00	32.00	38.00	0.00	51.00	54.00	42.00
	4173.75	0.00	32.00	0.00	36.00	21.00	43.00	40.00	0.00	0.00	0.00	33.00	30.00	41.00	0.00	51.00	54.00	42.00
	4173.76	0.00	33.00	0.00	35.00	21.00	43.00	40.00	0.00	0.00	0.00	32.00	32.00	39.00	0.00	51.00	54.00	42.00
	4173.77	0.00	32.00	0.00	35.00	21.00	43.00	40.00	0.00	0.00	0.00	33.00	32.00	41.00	0.00	51.00	54.00	42.00
	4173.78	0.00	32.00	0.00	36.00	21.00	43.00	40.00	0.00	0.00	0.00	33.00	30.00	41.00	0.00	51.00	54.00	42.00
	4173.79	0.00	32.00	0.00	36.00	21.00	44.00	40.00	0.00	0.00	0.00	33.00	32.00	41.00	0.00	51.00	54.00	42.00
	4173.80	0.00	32.00	0.00	35.00	19.00	43.00	40.00	0.00	0.00	0.00	32.00	30.00	41.00	0.00	51.00	54.00	42.00
	4173.81	0.00	33.00	0.00	36.00	21.00	43.00	40.00	0.00	0.00	0.00	34.00	32.00	39.00	0.00	51.00	54.00	42.00
	4173.81	0.00	32.00	0.00	36.00	21.00	43.00	40.00	0.00	0.00	0.00	33.00	30.00	41.00	0.00	51.00	54.00	42.00
	4173.83	0.00	33.00	0.00	36.00	21.00	43.00	40.00	0.00	0.00	0.00	32.00	32.00	39.00	0.00	51.00	54.00	42.00
	4173.83	0.00	33.00	0.00	36.00	21.00	43.00	40.00	0.00	0.00	0.00	32.00	30.00	39.00	0.00	51.00	54.00	42.00
	4173.84	0.00	33.00	0.00	35.00	21.00	43.00	40.00	0.00	0.00	0.00	33.00	32.00	41.00	0.00	51.00	54.00	42.00
	4173.85	0.00	32.00	0.00	35.00	21.00	43.00	40.00	0.00	0.00	0.00	33.00	32.00	40.00	0.00	51.00	54.00	42.00
	4173.86	0.00	32.00	0.00	36.00	21.00	43.00	40.00	0.00	0.00	0.00	34.00	32.00	41.00	0.00	51.00	54.00	42.00
	4173.87	0.00	32.00	0.00	36.00	22.00	43.00	40.00	0.00	0.00	0.00	33.00	31.00	41.00	0.00	51.00	54.00	42.00
	4173.88	0.00	32.00	0.00	36.00	22.00	43.00	40.00	0.00	0.00	0.00	33.00	31.00	41.00	0.00	51.00	54.00	42.00
	4173.89	0.00	32.00	0.00	35.00	22.00	43.00	40.00	0.00	0.00	0.00	33.00	32.00	41.00	0.00	51.00	54.00	42.00
	4173.90	0.00	33.00	0.00	35.00	22.00	43.00	40.00	0.00	0.00	0.00	34.00	32.00	38.00	0.00	52.00	54.00	42.00
	4173.91	0.00	33.00	0.00	36.00	22.00	43.00	40.00	0.00	0.00	0.00	32.00	32.00	39.00	0.00	51.00	54.00	42.00
	4173.92	0.00	33.00	0.00	35.00	22.00	43.00	40.00	0.00	1.00	0.00	33.00	31.00	41.00	0.00	51.00	54.00	40.00
	4173.93	0.00	33.00	0.00	35.00	22.00	43.00	40.00	0.00	1.00	0.00	32.00	32.00	41.00	0.00	51.00	54.00	41.00
	4173.94	0.00	33.00	0.00	35.00	22.00	43.00	40.00	0.00	2.00	0.00	33.00	32.00	41.00	0.00	51.00	54.00	41.00
	4173.95	0.00	33.00	0.00	35.00	22.00	44.00	40.00	0.00	2.00	0.00	33.00	32.00	41.00	0.00	51.00	54.00	41.00
	4173.96	0.00	33.00	0.00	35.00	20.00	43.00	40.00	0.00	3.00	0.00	33.00	32.00	41.00	0.00	51.00	54.00	41.00
	4173.96	0.00	33.00	0.00	35.00	22.00	43.00	40.00	0.00	6.00	0.00	33.00	32.00	41.00	0.00	51.00	54.00	41.00
	4173.97	0.00	33.00	0.00	35.00	22.00	43.00	40.00	0.00	5.00	0.00	33.00	31.00	41.00	0.00	51.00	54.00	41.00
	4173.98	0.00	33.00	0.00	35.00	22.00	43.00	40.00	0.00	8.00	0.00	33.00	33.00	41.00	0.00	51.00	53.00	43.00
	4173.99	0.00	32.00	0.00	37.00	22.00	43.00	40.00	0.00	9.00	0.00	34.00	31.00	41.00	0.00	51.00	54.00	42.00
	4174.00	0.00	33.00	0.00	36.00	22.00	43.00	40.00	0.00	9.00	0.00	34.00	32.00	41.00	0.00	51.00	54.00	40.00
	4174.01	0.00	32.00	0.00	36.00	22.00	43.00	40.00	0.00	10.00	0.00	34.00	33.00	40.00	0.00	51.00	54.00	41.00
	4174.02	0.00	32.00	0.00	35.00	22.00	43.00	40.00	0.00	10.00	0.00	32.00	32.00	39.00	0.00	51.00	54.00	41.00
	4174.03	0.00	32.00	0.00	35.00	21.00	44.00	40.00	0.00	11.00	0.00	33.00	32.00	41.00	0.00	51.00	54.00	41.00
	4174.04	0.00	33.00	0.00	35.00	23.00	43.00	39.00	0.00	11.00	0.00	32.00	32.00	39.00	0.00	51.00	54.00	41.00
	4174.05	0.00	33.00	0.00	35.00	22.00	43.00	40.00	0.00	12.00	0.00	33.00	33.00	41.00	0.00	51.00	54.00	41.00
	4174.06	0.00	33.00	0.00	36.00	23.00	43.00	40.00	0.00	11.00	0.00	33.00	32.00	41.00	0.00	51.00	54.00	41.00
	4174.07	0.00	32.00	0.00	35.00	22.00	43.00	40.00	0.00	11.00	0.00	32.00	32.00	39.00	0.00	51.00	54.00	41.00
	4174.08	0.00	32.00	0.00	35.00	23.00	44.00	40.00	0.00	12.00	0.00	34.00	32.00	41.00	0.00	51.00	54.00	41.00
	4174.09	0.00	33.00	0.00	35.00	23.00	43.00	40.00	0.00	12.00	0.00	32.00	31.00	39.00	0.00	51.00	54.00	41.00
	4174.10	0.00	32.00	0.00	35.00	23.00	43.00	40.00	0.00	12.00	0.00	32.00	31.00	40.00	0.00	51.00	54.00	41.00
	4174.10	0.00	33.00	0.00	35.00	23.00	43.00	40.00	0.00	13.00	0.00	33.00	32.00	39.00	0.00	51.00	54.00	41.00
	4174.12	0.00	33.00	0.00	36.00	23.00	43.00	40.00	0.00	13.00	0.00	33.00	31.00	41.00	0.00	51.00	54.00	40.00
	4174.12	0.00	33.00	0.00	36.00	23.00	44.00	40.00	0.00	13.00	0.00	32.00	31.00	39.00	0.00	51.00	54.00	41.00
	4174.13	0.00	33.00	0.00	36.00	23.00	43.00	40.00	0.00	13.00	0.00	32.00	32.00	39.00	0.00	51.00	54.00	41.00
	4174.14	0.00	33.00	0.00	37.00	23.00	44.00	40.00	0.00	13.00	0.00	32.00	31.00	39.00	0.00	51.00	54.00	41.00
	4174.15	0.00	33.00	0.00	36.00	23.00	43.00	40.00	0.00	13.00	0.00	33.00	32.00	39.00	0.00	51.00	54.00	41.00
	4174.16	0.00	32.00	0.00	36.00	23.00	44.00	40.00	0.00	13.00	0.00	32.00	31.00	39.00	0.00	51.00	54.00	41.00
	4174.17	0.00	32.00	0.00	37.00	23.00	43.00	40.00	0.00	13.00	0.00	32.00	31.00	39.00	0.00	51.00	54.00	41.00
	4174.18	0.00	33.00	0.00	37.00	23.00	44.00	40.00	0.00	13.00	0.00	32.00	33.00	39.00	0.00	51.00	54.00	41.00
	4174.19	0.00	32.00	0.00	36.00	22.00	44.00	40.00	0.00	13.00	0.00	33.00	32.00	41.00	0.00	51.00	54.00	41.00
	4174.20	0.00	33.00	0.00	36.00	22.00	43.00	40.00	0.00	11.00	0.00	33.00	32.00	41.00	0.00	51.00	54.00	42.00
	4174.21	0.00	33.00	0.00	36.00	22.00	43.00	40.00	0.00	6.00	0.00	33.00	31.00	41.00	0.00	51.00	54.00	41.00
	4174.22	0.00	33.00	0.00	36.00	21.00	43.00	40.00	0.00	5.00	0.00	34.00	31.00	41.00	0.00	51.00	54.00	41.00
	4174.23	0.00	33.00	0.00	35.00	21.00	43.00	40.00	0.00	3.00	0.00	32.00	31.00	41.00	0.00	51.00	54.00	41.00
	4174.24	0.00	33.00	0.00	36.00	19.00	43.00	40.00	0.00	4.00	0.00	34.00	33.00	41.00	0.00	51.00	54.00	41.00
	4174.25	0.00	33.00	0.00	35.00	20.00	43.00	40.00	0.00	3.00	0.00	34.00	33.00	41.00	0.00	51.00	54.00	41.00
	4174.26	0.00	33.00	0.00	36.00	20.00	43.00	39.00	0.00	2.00	0.00	34.00	33.00	41.00	0.00	51.00	54.00	41.00
	4174.27	0.00	33.00	0.00	35.00	20.00	43.00	40.00	0.00	2.00	0.00	34.00	33.00	41.00	0.00	51.00	54.00	41.00
	4174.27	0.00	33.00	0.00	36.00	19.00	43.00	40.00	0.00	2.00	0.00	34.00	31.00	41.00	0.00	51.00	54.00	42.00
	4174.28	0.00	33.00	0.00	35.00	16.00	43.00	40.00	0.00	2.00	0.00	34.00	32.00	41.00	0.00	51.00	54.00	41.00
	4174.29	0.00	33.00	0.00	35.00	13.00	43.00	40.00	0.00	4.00	0.00	34.00	31.00	40.00	0.00	51.00	54.00	41.00
	4174.30	0.00	33.00	0.00	35.00	11.00	43.00	40.00	0.00	5.00	0.00	33.00	33.00	41.00	0.00	51.00	54.00	41.00
	4174.31	0.00	33.00	0.00	36.00	12.00	43.00	40.00	0.00	6.00	0.00	33.00	33.00	41.00	0.00	51.00	54.00	41.00
	4174.32	0.00	33.00	0.00	35.00	15.00	43.00	40.00	0.00	6.00	0.00	33.00	33.00	41.00	0.00	51.00	54.00	41.00
	4174.33	0.00	33.00	0.00	35.00	11.00	43.00	40.00	0.00	7.00	0.00	33.00	31.00	41.00	0.00	51.00	54.00	41.00
	4174.34	0.00	33.00	0.00	36.00	9.00	43.00	40.00	0.00	7.00	0.00	34.00	33.00	41.00	0.00	51.00	53.00	41.00
	4174.35	0.00	33.00	0.00	36.00	12.00	43.00	39.00	0.00	8.00	0.00	33.00	31.00	41.00	0.00	51.00	54.00	41.00
	4174.36	0.00	33.00	0.00	35.00	11.00	43.00	40.00	0.00	9.00	0.00	34.00	31.00	41.00	0.00	51.00	54.00	41.00
	4174.37	0.00	33.00	0.00	36.00	10.00	43.00	40.00	0.00	9.00	0.00	32.00	33.00	41.00	0.00	51.00	54.00	41.00
	4174.38	0.00	33.00	0.00	36.00	10.00	43.00	40.00	0.00	11.00	0.00	33.00	32.00	41.00	0.00	51.00	54.00	41.00
	4174.39	0.00	33.00	0.00	36.00	11.00	43.00	40.00	0.00	10.00	0.00	32.00	31.00	40.00	0.00	51.00	54.00	41.00
	4174.40	0.00	32.00	0.00	37.00	12.00	43.00	40.00	0.00	11.00	0.00	32.00	31.00	40.00	0.00	51.00	54.00	41.00
	4174.40	0.00	32.00	0.00	36.00	13.00	43.00	40.00	0.00	10.00	0.00	33.00	31.00	40.00	0.00	52.00	54.00	41.00
	4174.41	0.00	33.00	0.00	37.00	13.00	43.00	40.00	0.00	10.00	0.00	34.00	32.00	41.00	0.00	51.00	54.00	41.00
	4174.42	0.00	32.00	0.00	37.00	13.00	43.00	40.00	0.00	10.00	0.00	33.00	33.00	40.00	0.00	51.00	54.00	41.00
	4174.43	0.00	32.00	0.00	36.00	13.00	43.00	40.00	0.00	11.00	0.00	32.00	33.00	40.00	0.00	51.00	54.00	41.00
	4174.44	0.00	33.00	0.00	36.00	14.00	43.00	40.00	0.00	10.00	0.00	34.00	33.00	41.00	0.00	51.00	54.00	41.00
	4174.45	0.00	32.00	0.00	36.00	13.00	43.00	40.00	0.00	5.00	0.00	33.00	32.00	40.00	0.00	51.00	54.00	41.00
	4174.46	0.00	33.00	0.00	36.00	13.00	43.00	40.00	0.00	1.00	0.00	34.00	32.00	41.00	0.00	52.00	54.00	41.00
	4174.47	0.00	33.00	0.00	36.00	13.00	43.00	40.00	0.00	1.00	0.00	34.00	32.00	41.00	0.00	51.00	54.00	41.00
	4174.48	0.00	33.00	0.00	37.00	10.00	43.00	40.00	0.00	0.00	0.00	33.00	32.00	41.00	0.00	51.00	54.00	42.00
	4174.49	0.00	32.00	0.00	35.00	11.00	43.00	40.00	0.00	0.00	0.00	34.00	32.00	41.00	0.00	51.00	54.00	42.00
	4174.50	0.00	32.00	0.00	36.00	13.00	43.00	40.00	0.00	0.00	0.00	33.00	31.00	40.00	0.00	51.00	54.00	42.00
	4174.51	0.00	32.00	0.00	35.00	14.00	43.00	40.00	0.00	0.00	0.00	33.00	31.00	40.00	0.00	51.00	54.00	42.00
	4174.52	0.00	32.00	0.00	36.00	15.00	43.00	40.00	0.00	0.00	0.00	33.00	32.00	41.00	0.00	51.00	54.00	42.00
	4174.53	0.00	33.00	0.00	36.00	16.00	43.00	39.00	0.00	0.00	0.00	34.00	32.00	41.00	0.00	51.00	54.00	42.00
	4174.54	0.00	33.00	0.00	36.00	14.00	43.00	40.00	0.00	0.00	0.00	33.00	33.00	40.00	0.00	51.00	53.00	42.00
	4174.54	0.00	33.00	0.00	36.00	15.00	43.00	40.00	0.00	0.00	0.00	34.00	32.00	41.00	0.00	51.00	54.00	41.00
	4174.56	0.00	32.00	0.00	36.00	15.00	43.00	40.00	0.00	0.00	0.00	32.00	32.00	41.00	0.00	52.00	54.00	42.00
	4174.56	0.00	32.00	0.00	36.00	13.00	43.00	40.00	0.00	0.00	0.00	32.00	31.00	40.00	0.00	51.00	54.00	42.00
	4174.57	0.00	32.00	0.00	36.00	13.00	43.00	40.00	0.00	0.00	0.00	34.00	31.00	41.00	0.00	51.00	54.00	42.00
	4174.58	0.00	32.00	0.00	36.00	14.00	42.00	40.00	0.00	0.00	0.00	33.00	33.00	41.00	0.00	51.00	54.00	42.00
	4174.59	0.00	32.00	0.00	36.00	14.00	43.00	40.00	0.00	0.00	0.00	33.00	33.00	41.00	0.00	51.00	54.00	42.00
	4174.60	0.00	32.00	0.00	36.00	15.00	43.00	40.00	0.00	0.00	0.00	33.00	33.00	41.00	0.00	51.00	54.00	42.00
	4174.61	0.00	33.00	0.00	36.00	15.00	43.00	40.00	0.00	0.00	0.00	33.00	31.00	41.00	0.00	51.00	54.00	42.00
	4174.62	0.00	33.00	0.00	36.00	15.00	43.00	40.00	0.00	0.00	0.00	32.00	31.00	39.00	0.00	51.00	54.00	42.00
	4174.63	0.00	32.00	0.00	35.00	15.00	43.00	40.00	0.00	0.00	0.00	33.00	31.00	41.00	0.00	51.00	54.00	42.00
	4174.64	0.00	32.00	0.00	36.00	15.00	43.00	40.00	0.00	0.00	0.00	33.00	31.00	41.00	0.00	51.00	54.00	42.00
	4174.65	0.00	32.00	0.00	36.00	15.00	43.00	40.00	0.00	0.00	0.00	33.00	33.00	41.00	0.00	51.00	54.00	42.00
	4174.66	0.00	32.00	0.00	35.00	15.00	43.00	40.00	0.00	0.00	0.00	33.00	32.00	41.00	0.00	51.00	54.00	42.00
	4174.67	0.00	32.00	0.00	35.00	13.00	43.00	40.00	0.00	0.00	0.00	34.00	31.00	41.00	0.00	52.00	54.00	43.00
	4174.68	0.00	32.00	0.00	36.00	14.00	43.00	40.00	0.00	0.00	0.00	34.00	31.00	41.00	0.00	52.00	54.00	41.00
	4174.69	0.00	33.00	0.00	36.00	15.00	43.00	39.00	0.00	0.00	0.00	34.00	33.00	41.00	0.00	51.00	54.00	42.00
	4174.69	0.00	33.00	0.00	36.00	15.00	43.00	40.00	0.00	0.00	0.00	33.00	32.00	40.00	0.00	51.00	52.00	42.00
	4174.70	0.00	33.00	0.00	35.00	15.00	43.00	40.00	0.00	0.00	0.00	33.00	32.00	39.00	0.00	51.00	54.00	42.00
	4174.71	0.00	33.00	0.00	35.00	16.00	43.00	40.00	0.00	0.00	0.00	34.00	32.00	41.00	0.00	51.00	54.00	42.00
	4174.72	0.00	32.00	0.00	36.00	17.00	43.00	40.00	0.00	0.00	0.00	34.00	33.00	40.00	0.00	51.00	54.00	42.00
	4174.73	0.00	32.00	0.00	36.00	15.00	43.00	40.00	0.00	0.00	0.00	34.00	31.00	41.00	0.00	51.00	54.00	42.00
	4174.74	0.00	32.00	0.00	36.00	14.00	43.00	40.00	0.00	0.00	0.00	34.00	32.00	41.00	0.00	52.00	54.00	42.00
	4174.75	0.00	32.00	0.00	36.00	15.00	43.00	40.00	0.00	0.00	0.00	34.00	31.00	41.00	0.00	51.00	54.00	42.00
	4174.76	0.00	32.00	0.00	36.00	14.00	43.00	40.00	0.00	0.00	0.00	34.00	31.00	41.00	0.00	51.00	54.00	42.00
	4174.77	0.00	33.00	0.00	36.00	15.00	43.00	40.00	0.00	0.00	0.00	33.00	31.00	39.00	0.00	51.00	54.00	42.00
	4174.78	0.00	33.00	0.00	36.00	14.00	43.00	40.00	0.00	0.00	0.00	32.00	32.00	39.00	0.00	51.00	54.00	42.00
	4174.79	0.00	32.00	0.00	36.00	15.00	43.00	40.00	0.00	0.00	0.00	34.00	30.00	41.00	0.00	51.00	54.00	42.00
	4174.80	0.00	32.00	0.00	36.00	14.00	43.00	40.00	0.00	0.00	0.00	34.00	32.00	41.00	0.00	51.00	54.00	42.00
	4174.81	0.00	33.00	0.00	36.00	14.00	43.00	40.00	0.00	0.00	0.00	34.00	32.00	38.00	0.00	51.00	54.00	42.00
	4174.82	0.00	32.00	0.00	36.00	14.00	44.00	40.00	0.00	0.00	0.00	34.00	32.00	41.00	0.00	51.00	54.00	42.00
	4174.83	0.00	32.00	0.00	36.00	12.00	43.00	40.00	0.00	0.00	0.00	34.00	32.00	41.00	0.00	51.00	54.00	41.00
	4174.83	0.00	32.00	0.00	36.00	15.00	43.00	40.00	0.00	0.00	0.00	34.00	32.00	41.00	0.00	51.00	54.00	42.00
	4174.84	0.00	32.00	0.00	36.00	15.00	43.00	40.00	0.00	0.00	0.00	33.00	30.00	41.00	0.00	52.00	54.00	42.00
	4174.85	0.00	33.00	0.00	36.00	16.00	43.00	40.00	0.00	0.00	0.00	33.00	32.00	39.00	0.00	51.00	54.00	42.00
	4174.86	0.00	33.00	0.00	36.00	15.00	43.00	40.00	0.00	0.00	0.00	34.00	31.00	38.00	0.00	51.00	54.00	42.00
	4174.87	0.00	33.00	0.00	36.00	15.00	43.00	40.00	0.00	0.00	0.00	33.00	30.00	39.00	0.00	51.00	54.00	42.00
	4174.88	0.00	32.00	0.00	36.00	15.00	43.00	40.00	0.00	0.00	0.00	34.00	30.00	41.00	0.00	51.00	54.00	42.00
	4174.89	0.00	32.00	0.00	36.00	15.00	43.00	40.00	0.00	0.00	0.00	34.00	32.00	41.00	0.00	51.00	54.00	42.00
	4174.90	0.00	32.00	0.00	36.00	15.00	43.00	40.00	0.00	0.00	0.00	34.00	32.00	41.00	0.00	51.00	54.00	42.00
	4174.91	0.00	33.00	0.00	37.00	15.00	43.00	40.00	0.00	0.00	0.00	34.00	32.00	38.00	0.00	51.00	54.00	42.00
	4174.92	0.00	33.00	0.00	37.00	15.00	43.00	40.00	0.00	0.00	0.00	34.00	32.00	41.00	0.00	52.00	54.00	42.00
	4174.93	0.00	32.00	0.00	36.00	15.00	43.00	40.00	0.00	0.00	0.00	33.00	32.00	41.00	0.00	51.00	54.00	42.00
	4174.94	0.00	33.00	0.00	36.00	15.00	43.00	40.00	0.00	0.00	0.00	33.00	32.00	40.00	0.00	52.00	53.00	42.00
	4174.95	0.00	33.00	0.00	36.00	15.00	43.00	40.00	0.00	0.00	0.00	33.00	32.00	39.00	0.00	52.00	54.00	42.00
	4174.96	0.00	33.00	0.00	36.00	15.00	43.00	40.00	0.00	0.00	0.00	34.00	32.00	41.00	0.00	51.00	54.00	42.00
	4174.97	0.00	32.00	0.00	36.00	14.00	43.00	40.00	0.00	1.00	0.00	33.00	32.00	40.00	0.00	51.00	54.00	41.00
	4174.98	0.00	33.00	0.00	36.00	15.00	43.00	40.00	0.00	0.00	0.00	34.00	32.00	41.00	0.00	51.00	54.00	42.00
	4174.98	0.00	32.00	0.00	37.00	15.00	43.00	40.00	0.00	0.00	0.00	34.00	32.00	41.00	0.00	52.00	54.00	42.00
	4174.99	0.00	32.00	0.00	36.00	15.00	43.00	40.00	0.00	0.00	0.00	34.00	32.00	41.00	0.00	51.00	54.00	42.00
	4175.00	0.00	32.00	0.00	36.00	15.00	43.00	40.00	0.00	0.00	0.00	34.00	32.00	41.00	0.00	52.00	54.00	42.00
	4175.01	0.00	33.00	0.00	36.00	15.00	43.00	40.00	0.00	1.00	0.00	33.00	32.00	39.00	0.00	51.00	54.00	41.00
	4175.02	0.00	33.00	0.00	37.00	14.00	43.00	40.00	0.00	1.00	0.00	34.00	31.00	41.00	0.00	52.00	54.00	40.00
	4175.03	0.00	33.00	0.00	36.00	15.00	43.00	40.00	0.00	1.00	0.00	34.00	32.00	41.00	0.00	51.00	54.00	41.00
	4175.04	0.00	33.00	0.00	36.00	15.00	43.00	40.00	0.00	2.00	0.00	34.00	32.00	41.00	0.00	52.00	54.00	41.00
	4175.05	0.00	33.00	0.00	36.00	15.00	43.00	40.00	0.00	2.00	0.00	33.00	32.00	41.00	0.00	51.00	54.00	41.00
	4175.06	0.00	33.00	0.00	36.00	15.00	44.00	40.00	0.00	2.00	0.00	33.00	32.00	41.00	0.00	51.00	54.00	41.00
	4175.07	0.00	33.00	0.00	36.00	13.00	43.00	40.00	0.00	2.00	0.00	34.00	31.00	41.00	0.00	52.00	54.00	42.00
	4175.08	0.00	33.00	0.00	36.00	15.00	43.00	40.00	0.00	2.00	0.00	34.00	30.00	41.00	0.00	52.00	54.00	41.00
	4175.09	0.00	33.00	0.00	36.00	14.00	43.00	39.00	0.00	2.00	0.00	34.00	32.00	41.00	0.00	52.00	54.00	42.00
	4175.10	0.00	33.00	0.00	36.00	15.00	43.00	40.00	0.00	1.00	0.00	34.00	32.00	41.00	0.00	51.00	54.00	41.00
	4175.11	0.00	33.00	0.00	36.00	16.00	43.00	40.00	0.00	3.00	0.00	34.00	32.00	41.00	0.00	51.00	54.00	40.00
	4175.12	0.00	33.00	0.00	36.00	15.00	43.00	40.00	0.00	2.00	0.00	34.00	31.00	41.00	0.00	52.00	54.00	41.00
	4175.12	0.00	33.00	0.00	36.00	15.00	43.00	40.00	0.00	3.00	0.00	34.00	32.00	40.00	0.00	52.00	54.00	41.00
	4175.13	0.00	33.00	0.00	36.00	15.00	43.00	40.00	0.00	2.00	0.00	34.00	32.00	41.00	0.00	51.00	54.00	41.00
	4175.14	0.00	33.00	0.00	36.00	14.00	43.00	40.00	0.00	3.00	0.00	33.00	32.00	41.00	0.00	52.00	54.00	41.00
	4175.15	0.00	33.00	0.00	36.00	15.00	43.00	40.00	0.00	4.00	0.00	33.00	31.00	41.00	0.00	52.00	54.00	41.00
	4175.16	0.00	33.00	0.00	36.00	14.00	43.00	39.00	0.00	3.00	0.00	34.00	32.00	41.00	0.00	52.00	54.00	41.00
	4175.17	0.00	33.00	0.00	36.00	15.00	43.00	40.00	0.00	3.00	0.00	34.00	32.00	41.00	0.00	51.00	54.00	41.00
	4175.18	0.00	33.00	0.00	36.00	15.00	43.00	40.00	0.00	4.00	0.00	34.00	31.00	41.00	0.00	52.00	54.00	42.00
	4175.19	0.00	33.00	0.00	36.00	15.00	43.00	40.00	0.00	4.00	0.00	34.00	32.00	41.00	0.00	52.00	54.00	41.00
	4175.20	0.00	33.00	0.00	36.00	15.00	43.00	40.00	0.00	4.00	0.00	34.00	32.00	40.00	0.00	51.00	54.00	41.00
	4175.21	0.00	33.00	0.00	36.00	15.00	43.00	40.00	0.00	4.00	0.00	33.00	30.00	41.00	0.00	51.00	54.00	41.00
	4175.22	0.00	33.00	0.00	36.00	12.00	43.00	40.00	0.00	4.00	0.00	34.00	30.00	41.00	0.00	51.00	54.00	41.00
	4175.23	0.00	32.00	0.00	36.00	13.00	43.00	40.00	0.00	4.00	0.00	34.00	32.00	41.00	0.00	51.00	54.00	41.00
	4175.24	0.00	33.00	0.00	36.00	15.00	43.00	40.00	0.00	4.00	0.00	33.00	30.00	41.00	0.00	51.00	54.00	41.00
	4175.25	0.00	33.00	0.00	36.00	16.00	43.00	40.00	0.00	4.00	0.00	34.00	31.00	41.00	0.00	52.00	54.00	41.00
	4175.25	0.00	33.00	0.00	36.00	15.00	43.00	40.00	0.00	3.00	0.00	34.00	30.00	41.00	0.00	52.00	54.00	42.00
	4175.27	0.00	33.00	0.00	36.00	15.00	43.00	40.00	0.00	4.00	0.00	34.00	32.00	41.00	0.00	52.00	54.00	41.00
	4175.27	0.00	33.00	0.00	37.00	15.00	43.00	40.00	0.00	3.00	0.00	34.00	30.00	40.00	0.00	52.00	54.00	41.00
	4175.28	0.00	33.00	0.00	36.00	15.00	43.00	40.00	0.00	2.00	0.00	33.00	32.00	41.00	0.00	51.00	54.00	41.00
	4175.29	0.00	33.00	0.00	37.00	15.00	43.00	40.00	0.00	3.00	0.00	33.00	32.00	41.00	0.00	51.00	54.00	41.00
	4175.30	0.00	33.00	0.00	37.00	16.00	43.00	40.00	0.00	3.00	0.00	34.00	30.00	41.00	0.00	51.00	54.00	41.00
	4175.31	0.00	33.00	0.00	37.00	15.00	43.00	40.00	0.00	3.00	0.00	33.00	32.00	41.00	0.00	52.00	54.00	41.00
	4175.32	0.00	33.00	0.00	36.00	15.00	43.00	40.00	0.00	3.00	0.00	34.00	32.00	41.00	0.00	51.00	53.00	41.00
	4175.33	0.00	33.00	0.00	36.00	16.00	43.00	40.00	0.00	3.00	0.00	34.00	32.00	41.00	0.00	51.00	54.00	40.00
	4175.34	0.00	33.00	0.00	37.00	15.00	43.00	40.00	0.00	3.00	0.00	33.00	32.00	41.00	0.00	52.00	54.00	41.00
	4175.35	0.00	33.00	0.00	36.00	15.00	43.00	40.00	0.00	2.00	0.00	33.00	32.00	41.00	0.00	52.00	54.00	41.00
	4175.36	0.00	33.00	0.00	36.00	15.00	43.00	40.00	0.00	2.00	0.00	33.00	31.00	41.00	0.00	51.00	54.00	41.00
	4175.37	0.00	33.00	0.00	36.00	16.00	43.00	40.00	0.00	2.00	0.00	33.00	32.00	41.00	0.00	51.00	54.00	41.00
	4175.38	0.00	33.00	0.00	36.00	15.00	43.00	40.00	0.00	3.00	0.00	33.00	31.00	41.00	0.00	51.00	54.00	41.00
	4175.39	0.00	33.00	0.00	36.00	15.00	43.00	39.00	0.00	2.00	0.00	34.00	32.00	41.00	0.00	51.00	54.00	42.00
	4175.39	0.00	33.00	0.00	36.00	15.00	43.00	40.00	0.00	2.00	0.00	34.00	33.00	41.00	0.00	52.00	54.00	41.00
	4175.40	0.00	33.00	0.00	36.00	16.00	43.00	40.00	0.00	2.00	0.00	34.00	32.00	41.00	0.00	52.00	54.00	43.00
	4175.41	0.00	33.00	0.00	36.00	15.00	43.00	40.00	0.00	2.00	0.00	34.00	32.00	41.00	0.00	52.00	54.00	41.00
	4175.42	0.00	33.00	0.00	36.00	16.00	43.00	40.00	0.00	2.00	0.00	34.00	31.00	40.00	0.00	51.00	54.00	41.00
	4175.43	0.00	33.00	0.00	36.00	16.00	43.00	40.00	0.00	2.00	0.00	33.00	31.00	41.00	0.00	51.00	54.00	41.00
	4175.44	0.00	33.00	0.00	36.00	15.00	43.00	40.00	0.00	2.00	0.00	33.00	32.00	41.00	0.00	51.00	54.00	41.00
	4175.45	0.00	33.00	0.00	37.00	16.00	43.00	40.00	0.00	2.00	0.00	34.00	31.00	41.00	0.00	52.00	54.00	41.00
	4175.46	0.00	33.00	0.00	36.00	16.00	43.00	40.00	0.00	2.00	0.00	34.00	31.00	41.00	0.00	52.00	54.00	41.00
	4175.47	0.00	33.00	0.00	36.00	16.00	43.00	40.00	0.00	2.00	0.00	34.00	32.00	41.00	0.00	52.00	53.00	41.00
	4175.48	0.00	33.00	0.00	36.00	15.00	43.00	40.00	0.00	2.00	0.00	34.00	32.00	41.00	0.00	52.00	54.00	43.00
	4175.49	0.00	33.00	0.00	36.00	16.00	43.00	40.00	0.00	2.00	0.00	34.00	32.00	41.00	0.00	51.00	54.00	40.00
	4175.50	0.00	33.00	0.00	36.00	15.00	43.00	40.00	0.00	2.00	0.00	33.00	32.00	41.00	0.00	51.00	54.00	41.00
	4175.51	0.00	33.00	0.00	36.00	15.00	43.00	40.00	0.00	2.00	0.00	33.00	31.00	41.00	0.00	51.00	54.00	41.00
	4175.52	0.00	33.00	0.00	36.00	15.00	43.00	40.00	0.00	2.00	0.00	34.00	31.00	41.00	0.00	52.00	54.00	41.00
	4175.53	0.00	33.00	0.00	36.00	15.00	43.00	40.00	0.00	1.00	0.00	33.00	33.00	41.00	0.00	52.00	54.00	41.00
	4175.54	0.00	33.00	0.00	36.00	16.00	43.00	40.00	0.00	2.00	0.00	34.00	32.00	41.00	0.00	51.00	54.00	41.00
	4175.54	0.00	33.00	0.00	36.00	16.00	43.00	40.00	0.00	2.00	0.00	34.00	32.00	41.00	0.00	52.00	54.00	41.00
	4175.55	0.00	33.00	0.00	36.00	16.00	43.00	40.00	0.00	2.00	0.00	34.00	31.00	41.00	0.00	51.00	54.00	40.00
	4175.56	0.00	33.00	0.00	37.00	15.00	43.00	40.00	0.00	2.00	0.00	34.00	32.00	41.00	0.00	51.00	54.00	40.00
	4175.57	0.00	33.00	0.00	37.00	16.00	43.00	40.00	0.00	2.00	0.00	34.00	31.00	41.00	0.00	52.00	54.00	41.00
	4175.58	0.00	33.00	0.00	36.00	15.00	43.00	40.00	0.00	2.00	0.00	33.00	31.00	41.00	0.00	51.00	54.00	41.00
	4175.59	0.00	33.00	0.00	37.00	15.00	43.00	40.00	0.00	2.00	0.00	33.00	31.00	41.00	0.00	52.00	54.00	41.00
	4175.60	0.00	33.00	0.00	37.00	15.00	43.00	40.00	0.00	2.00	0.00	33.00	32.00	41.00	0.00	52.00	54.00	41.00
	4175.61	0.00	33.00	0.00	36.00	15.00	43.00	40.00	0.00	2.00	0.00	34.00	31.00	41.00	0.00	52.00	54.00	41.00
	4175.62	0.00	33.00	0.00	36.00	16.00	43.00	40.00	0.00	2.00	0.00	34.00	31.00	41.00	0.00	51.00	53.00	41.00
	4175.63	0.00	33.00	0.00	36.00	15.00	43.00	40.00	0.00	2.00	0.00	34.00	30.00	41.00	0.00	52.00	54.00	43.00
	4175.64	0.00	33.00	0.00	36.00	16.00	43.00	40.00	0.00	2.00	0.00	34.00	30.00	41.00	0.00	52.00	54.00	41.00
	4175.65	0.00	33.00	0.00	36.00	16.00	43.00	40.00	0.00	2.00	0.00	34.00	32.00	41.00	0.00	52.00	54.00	41.00
	4175.66	0.00	33.00	0.00	36.00	16.00	43.00	40.00	0.00	3.00	0.00	33.00	32.00	41.00	0.00	51.00	54.00	41.00
	4175.67	0.00	33.00	0.00	37.00	15.00	43.00	40.00	0.00	2.00	0.00	33.00	31.00	41.00	0.00	52.00	54.00	41.00
	4175.68	0.00	33.00	0.00	36.00	16.00	43.00	40.00	0.00	2.00	0.00	33.00	31.00	41.00	0.00	52.00	54.00	41.00
	4175.68	0.00	33.00	0.00	36.00	15.00	43.00	40.00	0.00	2.00	0.00	34.00	33.00	41.00	0.00	52.00	54.00	41.00
	4175.69	0.00	32.00	0.00	37.00	15.00	43.00	40.00	0.00	2.00	0.00	34.00	32.00	41.00	0.00	52.00	53.00	41.00
	4175.70	0.00	33.00	0.00	37.00	15.00	43.00	40.00	0.00	2.00	0.00	34.00	32.00	41.00	0.00	52.00	54.00	40.00
	4175.71	0.00	33.00	0.00	38.00	15.00	43.00	40.00	0.00	2.00	0.00	33.00	32.00	41.00	0.00	52.00	54.00	41.00
	4175.72	0.00	33.00	0.00	36.00	16.00	43.00	40.00	0.00	2.00	0.00	33.00	31.00	41.00	0.00	51.00	54.00	41.00
	4175.73	0.00	33.00	0.00	36.00	16.00	43.00	40.00	0.00	3.00	0.00	33.00	33.00	41.00	0.00	51.00	54.00	41.00
	4175.74	0.00	33.00	0.00	36.00	16.00	43.00	40.00	0.00	3.00	0.00	33.00	31.00	41.00	0.00	51.00	54.00	41.00
	4175.75	0.00	33.00	0.00	36.00	16.00	43.00	40.00	0.00	4.00	0.00	33.00	31.00	41.00	0.00	51.00	54.00	41.00
	4175.76	0.00	33.00	0.00	36.00	20.00	43.00	40.00	0.00	4.00	0.00	34.00	33.00	41.00	0.00	52.00	54.00	41.00
	4175.77	0.00	33.00	0.00	36.00	20.00	43.00	40.00	0.00	4.00	0.00	34.00	33.00	41.00	0.00	52.00	53.00	41.00
	4175.78	0.00	33.00	0.00	36.00	20.00	43.00	40.00	0.00	4.00	0.00	34.00	32.00	41.00	0.00	51.00	54.00	42.00
	4175.79	0.00	33.00	0.00	36.00	20.00	43.00	40.00	0.00	4.00	0.00	33.00	32.00	41.00	0.00	52.00	54.00	41.00
	4175.80	0.00	33.00	0.00	36.00	19.00	43.00	40.00	0.00	4.00	0.00	33.00	31.00	41.00	0.00	52.00	54.00	41.00
	4175.81	0.00	33.00	0.00	36.00	20.00	43.00	40.00	0.00	4.00	0.00	33.00	31.00	41.00	0.00	51.00	54.00	41.00
	4175.82	0.00	33.00	0.00	36.00	16.00	43.00	40.00	0.00	3.00	0.00	34.00	33.00	41.00	0.00	52.00	54.00	42.00
	4175.83	0.00	33.00	0.00	36.00	18.00	43.00	40.00	0.00	3.00	0.00	33.00	33.00	41.00	0.00	52.00	54.00	41.00
	4175.83	0.00	33.00	0.00	36.00	20.00	43.00	40.00	0.00	3.00	0.00	34.00	33.00	41.00	0.00	51.00	54.00	41.00
	4175.84	0.00	33.00	0.00	35.00	20.00	43.00	40.00	0.00	3.00	0.00	34.00	31.00	41.00	0.00	52.00	54.00	41.00
	4175.85	0.00	33.00	0.00	36.00	20.00	43.00	40.00	0.00	3.00	0.00	34.00	31.00	41.00	0.00	52.00	54.00	43.00
	4175.86	0.00	33.00	0.00	35.00	20.00	43.00	40.00	0.00	3.00	0.00	34.00	32.00	41.00	0.00	52.00	54.00	41.00
	4175.87	0.00	33.00	0.00	36.00	21.00	43.00	40.00	0.00	4.00	0.00	34.00	33.00	40.00	0.00	52.00	54.00	41.00
	4175.88	0.00	33.00	0.00	36.00	20.00	43.00	40.00	0.00	4.00	0.00	33.00	33.00	41.00	0.00	51.00	54.00	41.00
	4175.89	0.00	33.00	0.00	36.00	22.00	43.00	40.00	0.00	4.00	0.00	33.00	31.00	41.00	0.00	51.00	54.00	41.00
	4175.90	0.00	32.00	0.00	37.00	20.00	43.00	40.00	0.00	4.00	0.00	34.00	33.00	41.00	0.00	52.00	54.00	42.00
	4175.91	0.00	33.00	0.00	36.00	20.00	43.00	40.00	0.00	3.00	0.00	34.00	33.00	41.00	0.00	52.00	54.00	41.00
	4175.92	0.00	33.00	0.00	36.00	21.00	43.00	40.00	0.00	3.00	0.00	34.00	33.00	41.00	0.00	51.00	53.00	41.00
	4175.93	0.00	33.00	0.00	36.00	20.00	43.00	40.00	0.00	4.00	0.00	34.00	33.00	41.00	0.00	51.00	54.00	42.00
	4175.94	0.00	33.00	0.00	36.00	20.00	43.00	40.00	0.00	4.00	0.00	34.00	32.00	41.00	0.00	51.00	54.00	40.00
	4175.95	0.00	33.00	0.00	36.00	19.00	43.00	40.00	0.00	4.00	0.00	34.00	31.00	41.00	0.00	52.00	54.00	41.00
	4175.96	0.00	33.00	0.00	36.00	18.00	43.00	40.00	0.00	4.00	0.00	33.00	33.00	41.00	0.00	51.00	54.00	41.00
	4175.97	0.00	33.00	0.00	36.00	21.00	43.00	40.00	0.00	4.00	0.00	33.00	31.00	41.00	0.00	51.00	54.00	41.00
	4175.97	0.00	32.00	0.00	36.00	19.00	43.00	40.00	0.00	4.00	0.00	34.00	31.00	41.00	0.00	51.00	54.00	42.00
	4175.98	0.00	33.00	0.00	36.00	18.00	43.00	39.00	0.00	4.00	0.00	34.00	33.00	41.00	0.00	51.00	54.00	42.00
	4175.99	0.00	33.00	0.00	35.00	20.00	43.00	40.00	0.00	4.00	0.00	34.00	31.00	41.00	0.00	51.00	54.00	41.00
	4176.00	0.00	33.00	0.00	36.00	20.00	43.00	40.00	0.00	4.00	0.00	34.00	33.00	41.00	0.00	52.00	54.00	42.00
	4176.01	0.00	33.00	0.00	36.00	21.00	43.00	40.00	0.00	4.00	0.00	34.00	32.00	41.00	0.00	52.00	54.00	40.00
	4176.02	0.00	33.00	0.00	36.00	19.00	43.00	40.00	0.00	4.00	0.00	34.00	33.00	40.00	0.00	52.00	54.00	41.00
	4176.03	0.00	33.00	0.00	36.00	20.00	43.00	40.00	0.00	4.00	0.00	33.00	33.00	41.00	0.00	51.00	54.00	41.00
	4176.04	0.00	33.00	0.00	36.00	20.00	43.00	40.00	0.00	4.00	0.00	33.00	33.00	41.00	0.00	52.00	54.00	41.00
	4176.05	0.00	33.00	0.00	36.00	19.00	43.00	40.00	0.00	4.00	0.00	34.00	31.00	41.00	0.00	52.00	54.00	41.00
	4176.06	0.00	33.00	0.00	36.00	19.00	43.00	40.00	0.00	4.00	0.00	34.00	33.00	41.00	0.00	52.00	54.00	41.00
	4176.07	0.00	33.00	0.00	36.00	19.00	43.00	40.00	0.00	4.00	0.00	33.00	33.00	41.00	0.00	51.00	53.00	40.00
	4176.08	0.00	33.00	0.00	36.00	17.00	43.00	40.00	0.00	4.00	0.00	34.00	33.00	41.00	0.00	52.00	54.00	40.00
	4176.09	0.00	33.00	0.00	36.00	18.00	43.00	40.00	0.00	4.00	0.00	34.00	31.00	41.00	0.00	52.00	54.00	40.00
	4176.10	0.00	33.00	0.00	36.00	20.00	43.00	40.00	0.00	4.00	0.00	33.00	33.00	39.00	0.00	52.00	54.00	41.00
	4176.11	0.00	33.00	0.00	36.00	20.00	43.00	40.00	0.00	4.00	0.00	34.00	33.00	41.00	0.00	51.00	54.00	41.00
	4176.12	0.00	33.00	0.00	36.00	20.00	43.00	40.00	0.00	5.00	0.00	34.00	31.00	41.00	0.00	52.00	54.00	41.00
	4176.12	0.00	33.00	0.00	36.00	19.00	43.00	40.00	0.00	4.00	0.00	33.00	32.00	41.00	0.00	52.00	54.00	41.00
	4176.13	0.00	33.00	0.00	36.00	20.00	43.00	40.00	0.00	4.00	0.00	34.00	31.00	41.00	0.00	51.00	54.00	41.00
	4176.14	0.00	33.00	0.00	36.00	20.00	43.00	40.00	0.00	4.00	0.00	34.00	33.00	41.00	0.00	52.00	54.00	41.00
	4176.15	0.00	33.00	0.00	36.00	20.00	43.00	40.00	0.00	5.00	0.00	34.00	31.00	41.00	0.00	51.00	54.00	41.00
	4176.16	0.00	33.00	0.00	35.00	17.00	43.00	40.00	0.00	4.00	0.00	34.00	33.00	41.00	0.00	52.00	54.00	41.00
	4176.17	0.00	33.00	0.00	36.00	17.00	43.00	40.00	0.00	5.00	0.00	34.00	33.00	41.00	0.00	52.00	54.00	41.00
	4176.18	0.00	33.00	0.00	35.00	16.00	43.00	40.00	0.00	6.00	0.00	34.00	33.00	41.00	0.00	51.00	54.00	41.00
	4176.19	0.00	33.00	0.00	36.00	16.00	43.00	40.00	0.00	6.00	0.00	33.00	33.00	41.00	0.00	52.00	54.00	41.00
	4176.20	0.00	33.00	0.00	35.00	16.00	43.00	40.00	0.00	6.00	0.00	34.00	31.00	41.00	0.00	51.00	54.00	41.00
	4176.21	0.00	33.00	0.00	36.00	17.00	43.00	40.00	0.00	6.00	0.00	33.00	33.00	41.00	0.00	51.00	54.00	41.00
	4176.22	0.00	33.00	0.00	36.00	16.00	43.00	40.00	0.00	6.00	0.00	34.00	31.00	41.00	0.00	52.00	54.00	41.00
	4176.23	0.00	33.00	0.00	36.00	17.00	43.00	40.00	0.00	6.00	0.00	34.00	31.00	41.00	0.00	52.00	53.00	41.00
	4176.24	0.00	33.00	0.00	36.00	17.00	43.00	40.00	0.00	6.00	0.00	34.00	33.00	41.00	0.00	51.00	54.00	42.00
	4176.25	0.00	33.00	0.00	36.00	16.00	43.00	40.00	0.00	5.00	0.00	34.00	32.00	41.00	0.00	51.00	54.00	41.00
	4176.26	0.00	33.00	0.00	36.00	17.00	43.00	40.00	0.00	6.00	0.00	34.00	31.00	40.00	0.00	52.00	54.00	41.00
	4176.27	0.00	33.00	0.00	36.00	17.00	43.00	40.00	0.00	6.00	0.00	33.00	33.00	41.00	0.00	51.00	54.00	41.00
	4176.27	0.00	33.00	0.00	36.00	17.00	43.00	40.00	0.00	6.00	0.00	33.00	33.00	41.00	0.00	51.00	54.00	41.00
	4176.28	0.00	33.00	0.00	35.00	16.00	43.00	40.00	0.00	6.00	0.00	34.00	33.00	41.00	0.00	52.00	54.00	41.00
	4176.29	0.00	33.00	0.00	36.00	17.00	43.00	40.00	0.00	6.00	0.00	33.00	31.00	41.00	0.00	51.00	54.00	41.00
	4176.30	0.00	33.00	0.00	36.00	17.00	43.00	40.00	0.00	6.00	0.00	34.00	33.00	41.00	0.00	51.00	53.00	41.00
	4176.31	0.00	33.00	0.00	36.00	17.00	43.00	40.00	0.00	6.00	0.00	33.00	33.00	41.00	0.00	52.00	54.00	42.00
	4176.32	0.00	33.00	0.00	37.00	16.00	43.00	40.00	0.00	6.00	0.00	33.00	32.00	41.00	0.00	51.00	54.00	41.00
	4176.33	0.00	33.00	0.00	36.00	16.00	43.00	40.00	0.00	6.00	0.00	34.00	33.00	40.00	0.00	51.00	54.00	41.00
	4176.34	0.00	33.00	0.00	36.00	16.00	43.00	40.00	0.00	6.00	0.00	34.00	33.00	41.00	0.00	51.00	54.00	41.00
	4176.35	0.00	33.00	0.00	36.00	17.00	43.00	40.00	0.00	6.00	0.00	33.00	31.00	41.00	0.00	51.00	54.00	41.00
	4176.36	0.00	33.00	0.00	36.00	17.00	43.00	40.00	0.00	5.00	0.00	33.00	33.00	41.00	0.00	51.00	54.00	41.00
	4176.37	0.00	33.00	0.00	36.00	16.00	43.00	40.00	0.00	5.00	0.00	34.00	31.00	41.00	0.00	52.00	54.00	41.00
	4176.38	0.00	33.00	0.00	36.00	17.00	43.00	40.00	0.00	5.00	0.00	34.00	31.00	41.00	0.00	51.00	54.00	41.00
	4176.39	0.00	33.00	0.00	36.00	17.00	43.00	40.00	0.00	5.00	0.00	34.00	33.00	41.00	0.00	52.00	54.00	40.00
	4176.40	0.00	33.00	0.00	36.00	17.00	43.00	40.00	0.00	5.00	0.00	34.00	32.00	41.00	0.00	51.00	54.00	41.00
	4176.40	0.00	33.00	0.00	36.00	16.00	43.00	40.00	0.00	5.00	0.00	34.00	33.00	40.00	0.00	52.00	54.00	41.00
	4176.41	0.00	33.00	0.00	36.00	16.00	43.00	40.00	0.00	5.00	0.00	34.00	33.00	41.00	0.00	51.00	54.00	41.00
	4176.42	0.00	33.00	0.00	36.00	17.00	43.00	40.00	0.00	4.00	0.00	33.00	31.00	41.00	0.00	51.00	54.00	41.00
	4176.43	0.00	33.00	0.00	36.00	16.00	43.00	40.00	0.00	4.00	0.00	34.00	31.00	41.00	0.00	52.00	54.00	41.00
	4176.44	0.00	33.00	0.00	36.00	17.00	43.00	40.00	0.00	4.00	0.00	34.00	31.00	41.00	0.00	51.00	54.00	41.00
	4176.45	0.00	33.00	0.00	35.00	16.00	43.00	40.00	0.00	4.00	0.00	34.00	31.00	41.00	0.00	51.00	54.00	41.00
	4176.46	0.00	33.00	0.00	36.00	17.00	43.00	40.00	0.00	4.00	0.00	34.00	33.00	41.00	0.00	51.00	54.00	42.00
	4176.47	0.00	33.00	0.00	36.00	18.00	43.00	40.00	0.00	3.00	0.00	34.00	32.00	41.00	0.00	51.00	54.00	41.00
	4176.48	0.00	33.00	0.00	35.00	18.00	43.00	40.00	0.00	4.00	0.00	34.00	33.00	40.00	0.00	51.00	54.00	41.00
	4176.49	0.00	33.00	0.00	36.00	17.00	43.00	40.00	0.00	3.00	0.00	33.00	33.00	41.00	0.00	51.00	54.00	41.00
	4176.50	0.00	33.00	0.00	37.00	17.00	43.00	40.00	0.00	2.00	0.00	33.00	33.00	41.00	0.00	51.00	54.00	41.00
	4176.51	0.00	33.00	0.00	36.00	18.00	43.00	40.00	0.00	3.00	0.00	33.00	31.00	41.00	0.00	51.00	54.00	41.00
	4176.52	0.00	33.00	0.00	36.00	18.00	43.00	38.00	0.00	3.00	0.00	34.00	31.00	41.00	0.00	52.00	54.00	41.00
	4176.53	0.00	33.00	0.00	36.00	18.00	43.00	40.00	0.00	2.00	0.00	34.00	31.00	41.00	0.00	51.00	54.00	41.00
	4176.54	0.00	33.00	0.00	36.00	18.00	43.00	40.00	0.00	3.00	0.00	34.00	31.00	41.00	0.00	52.00	54.00	41.00
	4176.54	0.00	33.00	0.00	36.00	18.00	43.00	40.00	0.00	3.00	0.00	33.00	31.00	41.00	0.00	51.00	54.00	41.00
	4176.56	0.00	33.00	0.00	35.00	18.00	43.00	40.00	0.00	3.00	0.00	33.00	33.00	41.00	0.00	52.00	54.00	41.00
	4176.56	0.00	33.00	0.00	36.00	19.00	43.00	40.00	0.00	3.00	0.00	33.00	33.00	41.00	0.00	52.00	54.00	41.00
	4176.57	0.00	33.00	0.00	37.00	16.00	43.00	40.00	0.00	3.00	0.00	34.00	31.00	41.00	0.00	52.00	54.00	41.00
	4176.58	0.00	32.00	0.00	35.00	18.00	43.00	40.00	0.00	3.00	0.00	34.00	33.00	41.00	0.00	52.00	54.00	42.00
	4176.59	0.00	33.00	0.00	37.00	18.00	43.00	40.00	0.00	3.00	0.00	34.00	33.00	41.00	0.00	51.00	54.00	42.00
	4176.60	0.00	33.00	0.00	36.00	18.00	43.00	40.00	0.00	2.00	0.00	34.00	33.00	41.00	0.00	52.00	54.00	41.00
	4176.61	0.00	33.00	0.00	36.00	19.00	43.00	40.00	0.00	2.00	0.00	34.00	33.00	41.00	0.00	51.00	54.00	42.00
	4176.62	0.00	33.00	0.00	36.00	19.00	43.00	40.00	0.00	2.00	0.00	34.00	33.00	41.00	0.00	51.00	54.00	41.00
	4176.63	0.00	33.00	0.00	36.00	19.00	43.00	40.00	0.00	2.00	0.00	34.00	33.00	40.00	0.00	51.00	54.00	41.00
	4176.64	0.00	33.00	0.00	35.00	19.00	43.00	40.00	0.00	2.00	0.00	34.00	33.00	41.00	0.00	51.00	54.00	41.00
	4176.65	0.00	33.00	0.00	35.00	19.00	43.00	40.00	0.00	2.00	0.00	34.00	33.00	41.00	0.00	51.00	54.00	41.00
	4176.66	0.00	33.00	0.00	35.00	19.00	43.00	40.00	0.00	2.00	0.00	34.00	31.00	41.00	0.00	52.00	54.00	41.00
	4176.67	0.00	33.00	0.00	36.00	18.00	43.00	40.00	0.00	2.00	0.00	33.00	33.00	41.00	0.00	52.00	54.00	41.00
	4176.67	0.00	33.00	0.00	36.00	19.00	43.00	40.00	0.00	2.00	0.00	34.00	31.00	41.00	0.00	52.00	54.00	40.00
	4176.68	0.00	33.00	0.00	35.00	18.00	43.00	40.00	0.00	2.00	0.00	34.00	33.00	41.00	0.00	51.00	54.00	41.00
	4176.69	0.00	33.00	0.00	36.00	18.00	43.00	40.00	0.00	2.00	0.00	34.00	33.00	41.00	0.00	52.00	54.00	40.00
	4176.70	0.00	33.00	0.00	37.00	17.00	43.00	40.00	0.00	2.00	0.00	34.00	31.00	41.00	0.00	51.00	54.00	41.00
	4176.71	0.00	33.00	0.00	36.00	17.00	43.00	40.00	0.00	1.00	0.00	33.00	33.00	41.00	0.00	51.00	54.00	41.00
	4176.72	0.00	33.00	0.00	36.00	18.00	43.00	40.00	0.00	2.00	0.00	34.00	31.00	41.00	0.00	51.00	54.00	41.00
	4176.73	0.00	33.00	0.00	36.00	18.00	43.00	40.00	0.00	2.00	0.00	33.00	33.00	41.00	0.00	51.00	54.00	41.00
	4176.74	0.00	33.00	0.00	36.00	18.00	43.00	40.00	0.00	1.00	0.00	33.00	33.00	41.00	0.00	51.00	54.00	41.00
	4176.75	0.00	33.00	0.00	36.00	18.00	43.00	40.00	0.00	1.00	0.00	33.00	33.00	41.00	0.00	51.00	54.00	41.00
	4176.76	0.00	33.00	0.00	37.00	17.00	43.00	40.00	0.00	1.00	0.00	34.00	31.00	41.00	0.00	51.00	54.00	41.00
	4176.77	0.00	33.00	0.00	36.00	17.00	43.00	40.00	0.00	1.00	0.00	34.00	33.00	41.00	0.00	52.00	54.00	40.00
	4176.78	0.00	33.00	0.00	35.00	18.00	43.00	40.00	0.00	0.00	0.00	34.00	33.00	41.00	0.00	51.00	54.00	42.00
	4176.79	0.00	32.00	0.00	36.00	17.00	43.00	40.00	0.00	1.00	0.00	34.00	33.00	41.00	0.00	51.00	54.00	41.00
	4176.80	0.00	33.00	0.00	37.00	18.00	43.00	40.00	0.00	1.00	0.00	33.00	31.00	41.00	0.00	51.00	54.00	41.00
	4176.81	0.00	33.00	0.00	36.00	18.00	43.00	40.00	0.00	1.00	0.00	33.00	33.00	41.00	0.00	51.00	54.00	41.00
	4176.82	0.00	33.00	0.00	36.00	18.00	43.00	40.00	0.00	2.00	0.00	33.00	33.00	41.00	0.00	51.00	54.00	41.00
	4176.83	0.00	33.00	0.00	36.00	18.00	43.00	39.00	0.00	1.00	0.00	34.00	33.00	41.00	0.00	51.00	54.00	41.00
	4176.83	0.00	33.00	0.00	36.00	18.00	43.00	40.00	0.00	0.00	0.00	34.00	31.00	41.00	0.00	51.00	53.00	42.00
	4176.84	0.00	33.00	0.00	36.00	18.00	43.00	40.00	0.00	0.00	0.00	33.00	33.00	39.00	0.00	51.00	54.00	42.00
	4176.85	0.00	32.00	0.00	36.00	17.00	43.00	40.00	0.00	0.00	0.00	34.00	32.00	41.00	0.00	51.00	54.00	42.00
	4176.86	0.00	32.00	0.00	36.00	18.00	43.00	40.00	0.00	0.00	0.00	34.00	33.00	40.00	0.00	52.00	54.00	42.00
	4176.87	0.00	32.00	0.00	36.00	18.00	43.00	40.00	0.00	0.00	0.00	34.00	32.00	41.00	0.00	51.00	54.00	42.00
	4176.88	0.00	32.00	0.00	36.00	18.00	43.00	40.00	0.00	0.00	0.00	34.00	31.00	41.00	0.00	51.00	54.00	42.00
	4176.89	0.00	32.00	0.00	36.00	17.00	43.00	40.00	0.00	0.00	0.00	34.00	33.00	41.00	0.00	51.00	54.00	42.00
	4176.90	0.00	32.00	0.00	36.00	18.00	43.00	40.00	0.00	0.00	0.00	34.00	31.00	41.00	0.00	51.00	54.00	42.00
	4176.91	0.00	33.00	0.00	36.00	18.00	43.00	40.00	0.00	0.00	0.00	34.00	33.00	41.00	0.00	52.00	54.00	42.00
	4176.92	0.00	33.00	0.00	36.00	18.00	42.00	40.00	0.00	0.00	0.00	33.00	33.00	39.00	0.00	51.00	54.00	42.00
	4176.93	0.00	33.00	0.00	35.00	17.00	43.00	40.00	0.00	0.00	0.00	33.00	32.00	39.00	0.00	52.00	54.00	42.00
	4176.94	0.00	32.00	0.00	36.00	18.00	43.00	40.00	0.00	0.00	0.00	34.00	33.00	41.00	0.00	52.00	54.00	42.00
	4176.95	0.00	32.00	0.00	36.00	18.00	42.00	40.00	0.00	0.00	0.00	33.00	32.00	41.00	0.00	52.00	54.00	42.00
	4176.96	0.00	32.00	0.00	36.00	17.00	43.00	40.00	0.00	0.00	0.00	34.00	33.00	41.00	0.00	51.00	54.00	42.00
	4176.96	0.00	32.00	0.00	36.00	17.00	43.00	40.00	0.00	0.00	0.00	34.00	33.00	41.00	0.00	51.00	54.00	42.00
	4176.97	0.00	32.00	0.00	36.00	17.00	43.00	40.00	0.00	0.00	0.00	34.00	33.00	41.00	0.00	51.00	54.00	42.00
	4176.98	0.00	32.00	0.00	36.00	17.00	43.00	40.00	0.00	0.00	0.00	33.00	33.00	41.00	0.00	51.00	54.00	42.00
	4176.99	0.00	33.00	0.00	36.00	17.00	43.00	40.00	0.00	0.00	0.00	33.00	31.00	39.00	0.00	51.00	54.00	42.00
	4177.00	0.00	33.00	0.00	36.00	18.00	43.00	40.00	0.00	0.00	0.00	34.00	33.00	38.00	0.00	51.00	54.00	42.00
	4177.01	0.00	33.00	0.00	36.00	18.00	43.00	40.00	0.00	0.00	0.00	34.00	32.00	41.00	0.00	52.00	54.00	42.00
	4177.02	0.00	33.00	0.00	37.00	18.00	43.00	40.00	0.00	0.00	0.00	34.00	32.00	39.00	0.00	52.00	54.00	42.00
	4177.03	0.00	33.00	0.00	37.00	18.00	43.00	40.00	0.00	0.00	0.00	34.00	32.00	42.00	0.00	51.00	54.00	42.00
	4177.04	0.00	33.00	0.00	37.00	17.00	43.00	40.00	0.00	0.00	0.00	34.00	32.00	40.00	0.00	51.00	54.00	42.00
	4177.05	0.00	33.00	0.00	37.00	18.00	43.00	40.00	0.00	0.00	0.00	34.00	33.00	39.00	0.00	52.00	54.00	42.00
	4177.06	0.00	33.00	0.00	36.00	18.00	43.00	40.00	0.00	0.00	0.00	33.00	32.00	40.00	0.00	52.00	54.00	42.00
	4177.07	0.00	33.00	0.00	37.00	17.00	43.00	40.00	0.00	0.00	0.00	34.00	33.00	39.00	0.00	52.00	54.00	42.00
	4177.08	0.00	32.00	0.00	37.00	17.00	43.00	39.00	0.00	0.00	0.00	34.00	32.00	42.00	0.00	52.00	54.00	42.00
	4177.09	0.00	33.00	0.00	37.00	17.00	43.00	40.00	0.00	0.00	0.00	33.00	32.00	40.00	0.00	52.00	54.00	42.00
	4177.10	0.00	33.00	0.00	36.00	17.00	43.00	40.00	0.00	0.00	0.00	33.00	34.00	40.00	0.00	52.00	54.00	42.00
	4177.10	0.00	32.00	0.00	36.00	17.00	43.00	40.00	0.00	0.00	0.00	35.00	32.00	42.00	0.00	52.00	54.00	42.00
	4177.12	0.00	32.00	0.00	36.00	17.00	43.00	40.00	0.00	0.00	0.00	33.00	34.00	42.00	0.00	52.00	54.00	42.00
	4177.12	0.00	33.00	0.00	35.00	17.00	43.00	40.00	0.00	0.00	0.00	34.00	34.00	42.00	0.00	52.00	55.00	42.00
	4177.13	0.00	32.00	0.00	36.00	17.00	43.00	40.00	0.00	0.00	0.00	34.00	34.00	42.00	0.00	52.00	55.00	42.00
	4177.14	0.00	32.00	0.00	36.00	17.00	43.00	40.00	0.00	0.00	0.00	35.00	32.00	42.00	0.00	52.00	55.00	42.00
	4177.15	0.00	32.00	0.00	36.00	17.00	43.00	40.00	0.00	0.00	0.00	34.00	32.00	42.00	0.00	52.00	55.00	42.00
	4177.16	0.00	33.00	0.00	36.00	17.00	43.00	39.00	0.00	0.00	0.00	34.00	32.00	40.00	0.00	52.00	55.00	43.00
	4177.17	0.00	33.00	0.00	36.00	17.00	43.00	40.00	0.00	0.00	0.00	34.00	34.00	40.00	0.00	52.00	55.00	43.00
	4177.18	0.00	33.00	0.00	36.00	17.00	43.00	40.00	0.00	0.00	0.00	35.00	33.00	42.00	0.00	52.00	55.00	42.00
	4177.19	0.00	32.00	0.00	36.00	17.00	43.00	40.00	0.00	0.00	0.00	35.00	34.00	42.00	0.00	52.00	55.00	42.00
	4177.20	0.00	32.00	0.00	36.00	18.00	43.00	40.00	0.00	0.00	0.00	35.00	32.00	42.00	0.00	52.00	55.00	43.00
	4177.21	0.00	32.00	0.00	35.00	18.00	43.00	40.00	0.00	0.00	0.00	35.00	32.00	42.00	0.00	52.00	55.00	43.00
	4177.22	0.00	32.00	0.00	36.00	18.00	43.00	40.00	0.00	0.00	0.00	35.00	32.00	42.00	0.00	52.00	55.00	43.00
	4177.23	0.00	32.00	0.00	36.00	18.00	43.00	40.00	0.00	0.00	0.00	34.00	35.00	42.00	0.00	53.00	55.00	43.00
	4177.23	0.00	33.00	0.00	37.00	18.00	43.00	40.00	0.00	0.00	0.00	34.00	33.00	41.00	0.00	53.00	56.00	43.00
	4177.25	0.00	33.00	0.00	36.00	18.00	43.00	40.00	0.00	0.00	0.00	34.00	33.00	40.00	0.00	53.00	56.00	43.00
	4177.25	0.00	32.00	0.00	36.00	18.00	43.00	40.00	0.00	0.00	0.00	35.00	33.00	42.00	0.00	53.00	56.00	43.00
	4177.26	0.00	32.00	0.00	36.00	18.00	43.00	40.00	0.00	0.00	0.00	35.00	33.00	42.00	0.00	53.00	56.00	43.00
	4177.27	0.00	32.00	0.00	36.00	17.00	43.00	40.00	0.00	0.00	0.00	35.00	33.00	42.00	0.00	53.00	56.00	43.00
	4177.28	0.00	32.00	0.00	36.00	17.00	43.00	40.00	0.00	0.00	0.00	35.00	34.00	42.00	0.00	53.00	56.00	43.00
	4177.29	0.00	32.00	0.00	36.00	17.00	43.00	40.00	0.00	0.00	0.00	35.00	33.00	42.00	0.00	53.00	57.00	43.00
	4177.30	0.00	32.00	0.00	36.00	17.00	43.00	40.00	0.00	0.00	0.00	35.00	34.00	42.00	0.00	53.00	57.00	43.00
	4177.31	0.00	32.00	0.00	36.00	17.00	43.00	39.00	0.00	0.00	0.00	35.00	35.00	42.00	0.00	54.00	57.00	43.00
	4177.32	0.00	33.00	0.00	36.00	16.00	43.00	40.00	0.00	0.00	0.00	35.00	35.00	42.00	0.00	54.00	57.00	43.00
	4177.33	0.00	33.00	0.00	36.00	16.00	43.00	40.00	0.00	0.00	0.00	35.00	35.00	43.00	0.00	54.00	57.00	42.00
	4177.34	0.00	32.00	0.00	36.00	16.00	43.00	40.00	0.00	0.00	0.00	34.00	35.00	43.00	0.00	54.00	57.00	43.00
	4177.35	0.00	32.00	0.00	36.00	16.00	43.00	40.00	0.00	0.00	0.00	34.00	35.00	43.00	0.00	54.00	58.00	43.00
	4177.36	0.00	32.00	0.00	36.00	16.00	43.00	40.00	0.00	0.00	0.00	35.00	35.00	43.00	0.00	54.00	59.00	43.00
	4177.37	0.00	32.00	0.00	36.00	16.00	43.00	40.00	0.00	0.00	0.00	35.00	33.00	43.00	0.00	54.00	60.00	43.00
	4177.38	0.00	32.00	0.00	36.00	16.00	43.00	40.00	0.00	0.00	0.00	35.00	35.00	43.00	0.00	54.00	60.00	43.00
	4177.38	0.00	32.00	0.00	36.00	16.00	43.00	40.00	0.00	0.00	0.00	34.00	35.00	43.00	0.00	54.00	60.00	43.00
	4177.39	0.00	33.00	0.00	36.00	16.00	43.00	40.00	0.00	0.00	0.00	34.00	35.00	41.00	0.00	54.00	60.00	43.00
	4177.40	0.00	33.00	0.00	36.00	16.00	43.00	40.00	0.00	0.00	0.00	34.00	35.00	41.00	0.00	54.00	60.00	43.00
	4177.41	0.00	33.00	0.00	36.00	15.00	43.00	40.00	0.00	0.00	0.00	34.00	35.00	41.00	0.00	54.00	60.00	43.00
	4177.42	0.00	32.00	0.00	36.00	15.00	43.00	40.00	0.00	0.00	0.00	35.00	35.00	43.00	0.00	54.00	60.00	43.00
	4177.43	0.00	32.00	0.00	36.00	15.00	43.00	40.00	0.00	0.00	0.00	35.00	33.00	43.00	0.00	54.00	61.00	43.00
	4177.44	0.00	32.00	0.00	36.00	15.00	42.00	40.00	0.00	0.00	0.00	35.00	33.00	43.00	0.00	54.00	61.00	43.00
	4177.45	0.00	32.00	0.00	36.00	15.00	43.00	40.00	0.00	0.00	0.00	35.00	35.00	43.00	0.00	54.00	61.00	43.00
	4177.46	0.00	32.00	0.00	36.00	13.00	43.00	40.00	0.00	0.00	0.00	36.00	35.00	43.00	0.00	54.00	61.00	42.00
	4177.47	0.00	32.00	0.00	36.00	14.00	43.00	39.00	0.00	0.00	0.00	35.00	35.00	43.00	0.00	55.00	61.00	43.00
	4177.48	0.00	33.00	0.00	36.00	15.00	43.00	40.00	0.00	0.00	0.00	35.00	35.00	43.00	0.00	55.00	60.00	43.00
	4177.49	0.00	33.00	0.00	36.00	14.00	43.00	40.00	0.00	0.00	0.00	35.00	35.00	41.00	0.00	55.00	61.00	43.00
	4177.50	0.00	33.00	0.00	37.00	14.00	43.00	40.00	0.00	0.00	0.00	36.00	35.00	43.00	0.00	55.00	61.00	43.00
	4177.51	0.00	33.00	0.00	37.00	14.00	43.00	39.00	0.00	0.00	0.00	36.00	36.00	40.00	0.00	55.00	61.00	43.00
	4177.52	0.00	32.00	0.00	37.00	15.00	43.00	40.00	0.00	0.00	0.00	36.00	34.00	43.00	0.00	55.00	61.00	43.00
	4177.52	0.00	32.00	0.00	36.00	14.00	43.00	40.00	0.00	0.00	0.00	36.00	34.00	43.00	0.00	55.00	62.00	43.00
	4177.53	0.00	32.00	0.00	36.00	14.00	43.00	40.00	0.00	0.00	0.00	36.00	36.00	43.00	0.00	55.00	62.00	43.00
	4177.54	0.00	32.00	0.00	36.00	14.00	43.00	40.00	0.00	0.00	0.00	36.00	36.00	43.00	0.00	55.00	63.00	43.00
	4177.55	0.00	33.00	0.00	36.00	14.00	43.00	39.00	0.00	0.00	0.00	36.00	36.00	43.00	0.00	55.00	63.00	43.00
	4177.56	0.00	33.00	0.00	36.00	15.00	43.00	40.00	0.00	0.00	0.00	36.00	36.00	43.00	0.00	55.00	63.00	44.00
	4177.57	0.00	33.00	0.00	36.00	15.00	43.00	40.00	0.00	0.00	0.00	36.00	34.00	43.00	0.00	55.00	64.00	42.00
	4177.58	0.00	32.00	0.00	36.00	15.00	43.00	40.00	0.00	0.00	0.00	36.00	34.00	43.00	0.00	55.00	65.00	44.00
	4177.59	0.00	32.00	0.00	36.00	15.00	43.00	40.00	0.00	0.00	0.00	36.00	36.00	42.00	0.00	55.00	65.00	44.00
	4177.60	0.00	32.00	0.00	36.00	15.00	43.00	40.00	0.00	0.00	0.00	36.00	34.00	43.00	0.00	55.00	65.00	44.00
	4177.61	0.00	33.00	0.00	37.00	15.00	43.00	40.00	0.00	0.00	0.00	36.00	36.00	40.00	0.00	55.00	66.00	44.00
	4177.62	0.00	32.00	0.00	36.00	15.00	43.00	40.00	0.00	0.00	0.00	36.00	36.00	43.00	0.00	55.00	66.00	44.00
	4177.63	0.00	32.00	0.00	36.00	15.00	43.00	40.00	0.00	0.00	0.00	36.00	34.00	43.00	0.00	55.00	67.00	44.00
	4177.64	0.00	33.00	0.00	36.00	14.00	43.00	40.00	0.00	0.00	0.00	35.00	34.00	42.00	0.00	56.00	67.00	44.00
	4177.65	0.00	33.00	0.00	36.00	15.00	43.00	40.00	0.00	0.00	0.00	35.00	36.00	41.00	0.00	56.00	68.00	44.00
	4177.66	0.00	33.00	0.00	36.00	14.00	43.00	40.00	0.00	0.00	0.00	35.00	36.00	42.00	0.00	56.00	68.00	44.00
	4177.67	0.00	32.00	0.00	36.00	14.00	43.00	40.00	0.00	0.00	0.00	36.00	35.00	43.00	0.00	56.00	69.00	44.00
	4177.67	0.00	32.00	0.00	36.00	14.00	43.00	40.00	0.00	0.00	0.00	36.00	36.00	43.00	0.00	56.00	71.00	44.00
	4177.68	0.00	32.00	0.00	36.00	14.00	43.00	40.00	0.00	0.00	0.00	36.00	36.00	43.00	0.00	56.00	72.00	44.00
	4177.69	0.00	32.00	0.00	36.00	12.00	43.00	40.00	0.00	0.00	0.00	36.00	35.00	44.00	0.00	56.00	74.00	43.00
	4177.70	0.00	32.00	0.00	36.00	15.00	43.00	40.00	0.00	0.00	0.00	36.00	36.00	43.00	0.00	56.00	74.00	44.00
	4177.71	0.00	33.00	0.00	37.00	15.00	43.00	40.00	0.00	0.00	0.00	36.00	36.00	41.00	0.00	56.00	74.00	44.00
	4177.72	0.00	33.00	0.00	36.00	15.00	43.00	40.00	0.00	0.00	0.00	35.00	37.00	42.00	0.00	56.00	75.00	44.00
	4177.73	0.00	33.00	0.00	36.00	15.00	43.00	40.00	0.00	0.00	0.00	35.00	35.00	42.00	0.00	56.00	75.00	44.00
	4177.74	0.00	33.00	0.00	36.00	15.00	43.00	39.00	0.00	0.00	0.00	35.00	35.00	41.00	0.00	56.00	75.00	44.00
	4177.75	0.00	32.00	0.00	36.00	15.00	43.00	40.00	0.00	0.00	0.00	36.00	37.00	43.00	0.00	56.00	75.00	44.00
	4177.76	0.00	32.00	0.00	36.00	15.00	43.00	40.00	0.00	0.00	0.00	36.00	37.00	43.00	0.00	56.00	75.00	44.00
	4177.77	0.00	32.00	0.00	36.00	15.00	43.00	39.00	0.00	0.00	0.00	36.00	37.00	43.00	0.00	56.00	75.00	44.00
	4177.78	0.00	32.00	0.00	36.00	13.00	43.00	40.00	0.00	0.00	0.00	36.00	37.00	44.00	0.00	56.00	75.00	44.00
	4177.79	0.00	32.00	0.00	36.00	15.00	43.00	40.00	0.00	0.00	0.00	36.00	35.00	43.00	0.00	56.00	75.00	44.00
	4177.80	0.00	32.00	0.00	36.00	14.00	43.00	40.00	0.00	0.00	0.00	35.00	37.00	43.00	0.00	56.00	74.00	43.00
	4177.81	0.00	33.00	0.00	37.00	14.00	43.00	40.00	0.00	0.00	0.00	36.00	35.00	43.00	0.00	56.00	74.00	43.00
	4177.81	0.00	33.00	0.00	36.00	14.00	43.00	40.00	0.00	0.00	0.00	36.00	35.00	42.00	0.00	56.00	74.00	43.00
	4177.82	0.00	33.00	0.00	36.00	15.00	43.00	40.00	0.00	0.00	0.00	35.00	35.00	41.00	0.00	56.00	74.00	43.00
	4177.83	0.00	32.00	0.00	36.00	15.00	43.00	40.00	0.00	0.00	0.00	36.00	35.00	43.00	0.00	56.00	74.00	43.00
	4177.84	0.00	32.00	0.00	36.00	15.00	43.00	39.00	0.00	0.00	0.00	36.00	35.00	43.00	0.00	56.00	74.00	43.00
	4177.85	0.00	32.00	0.00	36.00	15.00	43.00	40.00	0.00	0.00	0.00	36.00	37.00	43.00	0.00	56.00	74.00	43.00
	4177.86	0.00	32.00	0.00	36.00	15.00	43.00	40.00	0.00	0.00	0.00	36.00	35.00	43.00	0.00	56.00	73.00	43.00
	4177.87	0.00	33.00	0.00	36.00	15.00	43.00	40.00	0.00	0.00	0.00	36.00	35.00	43.00	0.00	56.00	73.00	43.00
	4177.88	0.00	33.00	0.00	36.00	15.00	43.00	39.00	0.00	0.00	0.00	36.00	35.00	43.00	0.00	56.00	72.00	43.00
	4177.89	0.00	33.00	0.00	36.00	15.00	43.00	40.00	0.00	0.00	0.00	36.00	37.00	43.00	0.00	56.00	69.00	43.00
	4177.90	0.00	33.00	0.00	36.00	15.00	43.00	40.00	0.00	0.00	0.00	36.00	37.00	43.00	0.00	56.00	69.00	42.00
	4177.91	0.00	33.00	0.00	36.00	16.00	43.00	40.00	0.00	0.00	0.00	36.00	37.00	43.00	0.00	55.00	69.00	43.00
	4177.92	0.00	32.00	0.00	36.00	15.00	43.00	40.00	0.00	0.00	0.00	35.00	37.00	42.00	0.00	55.00	68.00	43.00
	4177.93	0.00	32.00	0.00	36.00	16.00	43.00	40.00	0.00	0.00	0.00	36.00	35.00	43.00	0.00	55.00	68.00	43.00
	4177.94	0.00	32.00	0.00	36.00	15.00	43.00	40.00	0.00	0.00	0.00	36.00	35.00	43.00	0.00	55.00	67.00	43.00
	4177.94	0.00	32.00	0.00	36.00	17.00	43.00	40.00	0.00	0.00	0.00	36.00	37.00	43.00	0.00	55.00	67.00	43.00
	4177.95	0.00	32.00	0.00	36.00	17.00	43.00	40.00	0.00	0.00	0.00	36.00	37.00	43.00	0.00	55.00	66.00	43.00
	4177.96	0.00	33.00	0.00	36.00	17.00	43.00	40.00	0.00	0.00	0.00	35.00	36.00	41.00	0.00	55.00	65.00	43.00
	4177.97	0.00	33.00	0.00	36.00	16.00	43.00	40.00	0.00	0.00	0.00	36.00	36.00	41.00	0.00	55.00	65.00	43.00
	4177.98	0.00	33.00	0.00	36.00	17.00	43.00	40.00	0.00	0.00	0.00	35.00	36.00	41.00	0.00	55.00	65.00	43.00
	4177.99	0.00	32.00	0.00	36.00	17.00	43.00	40.00	0.00	0.00	0.00	36.00	34.00	43.00	0.00	55.00	64.00	43.00
	4178.00	0.00	32.00	0.00	36.00	17.00	43.00	40.00	0.00	0.00	0.00	36.00	36.00	41.00	0.00	55.00	64.00	43.00
	4178.01	0.00	33.00	0.00	36.00	17.00	43.00	40.00	0.00	0.00	0.00	35.00	36.00	41.00	0.00	55.00	62.00	43.00
	4178.02	0.00	33.00	0.00	37.00	17.00	43.00	40.00	0.00	0.00	0.00	36.00	36.00	43.00	0.00	55.00	62.00	43.00
	4178.03	0.00	33.00	0.00	36.00	18.00	43.00	40.00	0.00	0.00	0.00	36.00	34.00	43.00	0.00	55.00	61.00	43.00
	4178.04	0.00	33.00	0.00	37.00	18.00	43.00	40.00	0.00	0.00	0.00	35.00	36.00	43.00	0.00	55.00	61.00	43.00
	4178.05	0.00	33.00	0.00	36.00	18.00	44.00	40.00	0.00	0.00	0.00	36.00	36.00	43.00	0.00	55.00	61.00	43.00
	4178.06	0.00	33.00	0.00	36.00	18.00	43.00	40.00	0.00	0.00	0.00	36.00	36.00	43.00	0.00	54.00	61.00	43.00
	4178.07	0.00	33.00	0.00	35.00	18.00	43.00	40.00	0.00	0.00	0.00	35.00	36.00	41.00	0.00	55.00	61.00	43.00
	4178.08	0.00	33.00	0.00	36.00	18.00	43.00	40.00	0.00	0.00	0.00	36.00	36.00	43.00	0.00	55.00	61.00	43.00
	4178.08	0.00	33.00	0.00	36.00	17.00	43.00	40.00	0.00	0.00	0.00	36.00	35.00	42.00	0.00	54.00	61.00	43.00
	4178.10	0.00	33.00	0.00	36.00	19.00	43.00	40.00	0.00	0.00	0.00	36.00	36.00	40.00	0.00	55.00	61.00	43.00
	4178.10	0.00	32.00	0.00	35.00	20.00	43.00	40.00	0.00	0.00	0.00	36.00	34.00	43.00	0.00	54.00	61.00	43.00
	4178.11	0.00	32.00	0.00	35.00	21.00	43.00	40.00	0.00	2.00	0.00	35.00	34.00	43.00	0.00	55.00	61.00	42.00
	4178.12	0.00	33.00	0.00	36.00	21.00	43.00	40.00	0.00	3.00	0.00	35.00	34.00	43.00	0.00	54.00	61.00	42.00
	4178.13	0.00	33.00	0.00	36.00	22.00	43.00	40.00	0.00	5.00	0.00	36.00	35.00	43.00	0.00	54.00	61.00	42.00
	4178.14	0.00	33.00	0.00	35.00	23.00	43.00	40.00	0.00	7.00	0.00	36.00	34.00	43.00	0.00	55.00	61.00	41.00
	4178.15	0.00	33.00	0.00	36.00	22.00	43.00	40.00	0.00	8.00	0.00	36.00	35.00	43.00	0.00	55.00	61.00	41.00
	4178.16	0.00	33.00	0.00	35.00	23.00	43.00	40.00	0.00	9.00	0.00	36.00	34.00	43.00	0.00	55.00	61.00	42.00
	4178.17	0.00	33.00	0.00	36.00	22.00	43.00	40.00	0.00	10.00	0.00	36.00	36.00	43.00	0.00	55.00	60.00	42.00
	4178.18	0.00	33.00	0.00	37.00	22.00	44.00	40.00	0.00	9.00	0.00	35.00	36.00	41.00	0.00	54.00	60.00	42.00
	4178.19	0.00	33.00	0.00	36.00	22.00	43.00	40.00	0.00	10.00	0.00	35.00	35.00	43.00	0.00	54.00	60.00	42.00
	4178.20	0.00	33.00	0.00	36.00	22.00	44.00	40.00	0.00	10.00	0.00	34.00	34.00	41.00	0.00	54.00	59.00	42.00
	4178.21	0.00	33.00	0.00	35.00	22.00	43.00	40.00	0.00	11.00	0.00	35.00	35.00	42.00	0.00	54.00	59.00	43.00
	4178.22	0.00	33.00	0.00	35.00	22.00	44.00	40.00	0.00	12.00	0.00	34.00	35.00	41.00	0.00	54.00	59.00	42.00
	4178.23	0.00	33.00	0.00	37.00	23.00	43.00	40.00	0.00	11.00	0.00	34.00	35.00	41.00	0.00	54.00	59.00	42.00
	4178.23	0.00	33.00	0.00	35.00	23.00	44.00	40.00	0.00	11.00	0.00	34.00	35.00	41.00	0.00	54.00	58.00	42.00
	4178.24	0.00	33.00	0.00	36.00	23.00	44.00	40.00	0.00	11.00	0.00	34.00	33.00	41.00	0.00	54.00	58.00	42.00
	4178.25	0.00	33.00	0.00	36.00	23.00	43.00	40.00	0.00	12.00	0.00	35.00	35.00	42.00	0.00	54.00	58.00	42.00
	4178.26	0.00	33.00	0.00	36.00	23.00	44.00	40.00	0.00	12.00	0.00	35.00	35.00	41.00	0.00	54.00	58.00	42.00
	4178.27	0.00	32.00	0.00	36.00	24.00	43.00	40.00	0.00	12.00	0.00	34.00	35.00	41.00	0.00	54.00	58.00	42.00
	4178.28	0.00	32.00	0.00	36.00	23.00	44.00	40.00	0.00	12.00	0.00	34.00	35.00	41.00	0.00	54.00	58.00	42.00
	4178.29	0.00	32.00	0.00	36.00	24.00	44.00	40.00	0.00	12.00	0.00	36.00	35.00	42.00	0.00	54.00	58.00	42.00
	4178.30	0.00	33.00	0.00	36.00	23.00	43.00	40.00	0.00	12.00	0.00	36.00	35.00	42.00	0.00	54.00	57.00	42.00
	4178.31	0.00	33.00	0.00	37.00	23.00	43.00	40.00	0.00	12.00	0.00	36.00	35.00	42.00	0.00	54.00	57.00	42.00
	4178.32	0.00	32.00	0.00	37.00	23.00	43.00	40.00	0.00	12.00	0.00	34.00	35.00	40.00	0.00	53.00	58.00	42.00
	4178.33	0.00	32.00	0.00	36.00	23.00	44.00	40.00	0.00	12.00	0.00	34.00	33.00	41.00	0.00	54.00	57.00	42.00
	4178.34	0.00	33.00	0.00	37.00	23.00	43.00	40.00	0.00	8.00	0.00	34.00	35.00	41.00	0.00	54.00	58.00	42.00
	4178.35	0.00	33.00	0.00	36.00	23.00	43.00	40.00	0.00	6.00	0.00	35.00	33.00	42.00	0.00	54.00	57.00	42.00
	4178.36	0.00	33.00	0.00	36.00	23.00	43.00	40.00	0.00	5.00	0.00	35.00	33.00	42.00	0.00	54.00	57.00	41.00
	4178.37	0.00	33.00	0.00	36.00	22.00	43.00	40.00	0.00	5.00	0.00	35.00	35.00	42.00	0.00	54.00	57.00	43.00
	4178.38	0.00	33.00	0.00	37.00	23.00	43.00	40.00	0.00	5.00	0.00	35.00	34.00	42.00	0.00	54.00	57.00	42.00
	4178.38	0.00	33.00	0.00	36.00	23.00	43.00	40.00	0.00	4.00	0.00	35.00	33.00	42.00	0.00	54.00	57.00	42.00
	4178.39	0.00	33.00	0.00	35.00	23.00	43.00	40.00	0.00	3.00	0.00	36.00	35.00	42.00	0.00	53.00	57.00	42.00
	4178.40	0.00	33.00	0.00	35.00	23.00	43.00	40.00	0.00	2.00	0.00	34.00	33.00	42.00	0.00	54.00	58.00	42.00
	4178.41	0.00	33.00	0.00	36.00	23.00	43.00	40.00	0.00	3.00	0.00	35.00	33.00	42.00	0.00	54.00	58.00	42.00
	4178.42	0.00	33.00	0.00	35.00	23.00	43.00	40.00	0.00	3.00	0.00	35.00	35.00	42.00	0.00	54.00	58.00	42.00
	4178.43	0.00	33.00	0.00	35.00	23.00	43.00	40.00	0.00	3.00	0.00	35.00	35.00	42.00	0.00	54.00	57.00	41.00
	4178.44	0.00	33.00	0.00	35.00	23.00	43.00	40.00	0.00	4.00	0.00	35.00	33.00	42.00	0.00	54.00	57.00	43.00
	4178.45	0.00	33.00	0.00	36.00	22.00	43.00	40.00	0.00	4.00	0.00	35.00	34.00	42.00	0.00	54.00	57.00	42.00
	4178.46	0.00	33.00	0.00	35.00	23.00	43.00	40.00	0.00	4.00	0.00	35.00	35.00	42.00	0.00	54.00	58.00	42.00
	4178.47	0.00	33.00	0.00	35.00	22.00	43.00	40.00	0.00	4.00	0.00	35.00	35.00	42.00	0.00	53.00	57.00	42.00
	4178.48	0.00	33.00	0.00	35.00	23.00	43.00	40.00	0.00	5.00	0.00	36.00	33.00	42.00	0.00	54.00	57.00	42.00
	4178.49	0.00	33.00	0.00	35.00	22.00	43.00	40.00	0.00	5.00	0.00	34.00	35.00	42.00	0.00	54.00	57.00	42.00
	4178.50	0.00	33.00	0.00	35.00	22.00	43.00	39.00	0.00	5.00	0.00	36.00	35.00	42.00	0.00	54.00	58.00	42.00
	4178.51	0.00	33.00	0.00	36.00	22.00	43.00	40.00	0.00	5.00	0.00	35.00	35.00	42.00	0.00	54.00	57.00	41.00
	4178.52	0.00	33.00	0.00	36.00	23.00	43.00	40.00	0.00	5.00	0.00	35.00	35.00	42.00	0.00	54.00	57.00	41.00
	4178.53	0.00	33.00	0.00	36.00	23.00	43.00	40.00	0.00	5.00	0.00	35.00	35.00	42.00	0.00	54.00	58.00	43.00
	4178.54	0.00	33.00	0.00	36.00	22.00	43.00	40.00	0.00	6.00	0.00	34.00	35.00	42.00	0.00	54.00	58.00	42.00
	4178.54	0.00	33.00	0.00	36.00	22.00	43.00	40.00	0.00	6.00	0.00	35.00	35.00	42.00	0.00	54.00	58.00	42.00
	4178.55	0.00	33.00	0.00	35.00	23.00	43.00	40.00	0.00	5.00	0.00	35.00	35.00	42.00	0.00	54.00	57.00	42.00
	4178.56	0.00	33.00	0.00	35.00	23.00	43.00	40.00	0.00	6.00	0.00	34.00	35.00	42.00	0.00	54.00	58.00	42.00
	4178.57	0.00	33.00	0.00	37.00	22.00	43.00	40.00	0.00	5.00	0.00	35.00	35.00	42.00	0.00	54.00	57.00	42.00
	4178.58	0.00	33.00	0.00	35.00	23.00	43.00	40.00	0.00	5.00	0.00	35.00	35.00	42.00	0.00	54.00	57.00	42.00
	4178.59	0.00	33.00	0.00	37.00	23.00	43.00	40.00	0.00	5.00	0.00	35.00	35.00	42.00	0.00	54.00	58.00	41.00
	4178.60	0.00	33.00	0.00	36.00	23.00	43.00	40.00	0.00	5.00	0.00	35.00	35.00	42.00	0.00	54.00	58.00	42.00
	4178.61	0.00	33.00	0.00	36.00	22.00	43.00	40.00	0.00	5.00	0.00	35.00	33.00	42.00	0.00	54.00	58.00	42.00
	4178.62	0.00	33.00	0.00	36.00	23.00	43.00	40.00	0.00	5.00	0.00	35.00	34.00	42.00	0.00	54.00	57.00	42.00
	4178.63	0.00	33.00	0.00	35.00	23.00	43.00	40.00	0.00	5.00	0.00	34.00	33.00	42.00	0.00	54.00	58.00	42.00
	4178.64	0.00	32.00	0.00	36.00	23.00	43.00	40.00	0.00	5.00	0.00	36.00	35.00	42.00	0.00	54.00	57.00	42.00
	4178.65	0.00	33.00	0.00	36.00	23.00	43.00	40.00	0.00	5.00	0.00	35.00	33.00	42.00	0.00	54.00	58.00	42.00
	4178.66	0.00	33.00	0.00	36.00	23.00	43.00	40.00	0.00	6.00	0.00	35.00	35.00	42.00	0.00	54.00	57.00	41.00
	4178.66	0.00	33.00	0.00	36.00	24.00	43.00	40.00	0.00	6.00	0.00	35.00	35.00	42.00	0.00	54.00	57.00	43.00
	4178.67	0.00	33.00	0.00	36.00	23.00	43.00	40.00	0.00	6.00	0.00	35.00	35.00	42.00	0.00	54.00	58.00	42.00
	4178.68	0.00	33.00	0.00	35.00	23.00	43.00	40.00	0.00	6.00	0.00	36.00	35.00	42.00	0.00	54.00	57.00	42.00
	4178.69	0.00	33.00	0.00	35.00	24.00	43.00	40.00	0.00	7.00	0.00	35.00	35.00	42.00	0.00	53.00	58.00	42.00
	4178.70	0.00	33.00	0.00	37.00	24.00	43.00	40.00	0.00	7.00	0.00	34.00	35.00	42.00	0.00	54.00	58.00	42.00
	4178.71	0.00	33.00	0.00	36.00	23.00	43.00	40.00	0.00	8.00	0.00	34.00	35.00	42.00	0.00	54.00	58.00	42.00
	4178.72	0.00	33.00	0.00	36.00	23.00	43.00	40.00	0.00	9.00	0.00	34.00	35.00	42.00	0.00	54.00	58.00	42.00
	4178.73	0.00	33.00	0.00	36.00	23.00	43.00	40.00	0.00	8.00	0.00	35.00	35.00	42.00	0.00	54.00	58.00	41.00
	4178.74	0.00	33.00	0.00	36.00	23.00	43.00	40.00	0.00	7.00	0.00	35.00	33.00	42.00	0.00	54.00	57.00	42.00
	4178.75	0.00	33.00	0.00	37.00	23.00	43.00	40.00	0.00	7.00	0.00	36.00	35.00	42.00	0.00	54.00	58.00	42.00
	4178.76	0.00	33.00	0.00	35.00	23.00	43.00	40.00	0.00	7.00	0.00	35.00	35.00	42.00	0.00	54.00	57.00	42.00
	4178.77	0.00	33.00	0.00	35.00	23.00	43.00	40.00	0.00	7.00	0.00	34.00	35.00	42.00	0.00	54.00	57.00	42.00
	4178.78	0.00	33.00	0.00	36.00	24.00	44.00	40.00	0.00	6.00	0.00	34.00	35.00	42.00	0.00	54.00	57.00	42.00
	4178.79	0.00	33.00	0.00	35.00	21.00	43.00	40.00	0.00	7.00	0.00	36.00	35.00	42.00	0.00	54.00	57.00	42.00
	4178.80	0.00	33.00	0.00	36.00	23.00	43.00	40.00	0.00	8.00	0.00	36.00	35.00	42.00	0.00	54.00	57.00	42.00
	4178.81	0.00	33.00	0.00	36.00	24.00	43.00	40.00	0.00	8.00	0.00	35.00	33.00	42.00	0.00	54.00	58.00	44.00
	4178.81	0.00	33.00	0.00	36.00	24.00	43.00	40.00	0.00	8.00	0.00	35.00	33.00	42.00	0.00	54.00	57.00	42.00
	4178.82	0.00	33.00	0.00	35.00	24.00	43.00	40.00	0.00	9.00	0.00	35.00	35.00	42.00	0.00	54.00	57.00	43.00
	4178.83	0.00	33.00	0.00	36.00	25.00	43.00	40.00	0.00	9.00	0.00	34.00	35.00	42.00	0.00	54.00	57.00	44.00
	4178.84	0.00	33.00	0.00	35.00	25.00	43.00	40.00	0.00	8.00	0.00	35.00	35.00	41.00	0.00	54.00	57.00	42.00
	4178.85	0.00	33.00	0.00	36.00	24.00	43.00	40.00	0.00	6.00	0.00	34.00	35.00	42.00	0.00	53.00	57.00	42.00
	4178.86	0.00	33.00	0.00	35.00	24.00	43.00	40.00	0.00	7.00	0.00	34.00	35.00	42.00	0.00	53.00	57.00	42.00
	4178.87	0.00	33.00	0.00	37.00	24.00	43.00	40.00	0.00	6.00	0.00	34.00	35.00	42.00	0.00	53.00	57.00	42.00
	4178.88	0.00	33.00	0.00	36.00	24.00	43.00	40.00	0.00	7.00	0.00	35.00	33.00	42.00	0.00	53.00	57.00	42.00
	4178.89	0.00	33.00	0.00	37.00	24.00	43.00	40.00	0.00	7.00	0.00	35.00	33.00	42.00	0.00	53.00	56.00	42.00
	4178.90	0.00	33.00	0.00	37.00	24.00	43.00	40.00	0.00	8.00	0.00	35.00	35.00	42.00	0.00	54.00	56.00	43.00
	4178.91	0.00	33.00	0.00	36.00	24.00	43.00	40.00	0.00	8.00	0.00	34.00	35.00	43.00	0.00	53.00	56.00	44.00
	4178.92	0.00	33.00	0.00	36.00	24.00	43.00	40.00	0.00	9.00	0.00	34.00	33.00	41.00	0.00	53.00	56.00	44.00
	4178.93	0.00	33.00	0.00	36.00	24.00	43.00	40.00	0.00	10.00	0.00	36.00	33.00	42.00	0.00	53.00	56.00	42.00
	4178.94	0.00	32.00	0.00	36.00	23.00	44.00	40.00	0.00	10.00	0.00	35.00	35.00	42.00	0.00	53.00	57.00	42.00
	4178.95	0.00	32.00	0.00	36.00	23.00	44.00	40.00	0.00	10.00	0.00	35.00	35.00	42.00	0.00	54.00	57.00	42.00
	4178.95	0.00	33.00	0.00	36.00	24.00	43.00	40.00	0.00	10.00	0.00	35.00	33.00	42.00	0.00	53.00	56.00	42.00
	4178.96	0.00	33.00	0.00	36.00	24.00	44.00	40.00	0.00	7.00	0.00	35.00	35.00	41.00	0.00	54.00	57.00	42.00
	4178.97	0.00	33.00	0.00	37.00	24.00	43.00	40.00	0.00	7.00	0.00	34.00	35.00	42.00	0.00	54.00	57.00	42.00
	4178.98	0.00	33.00	0.00	35.00	24.00	43.00	40.00	0.00	6.00	0.00	34.00	35.00	42.00	0.00	54.00	58.00	42.00
	4178.99	0.00	33.00	0.00	37.00	24.00	43.00	40.00	0.00	6.00	0.00	35.00	35.00	42.00	0.00	54.00	58.00	42.00
	4179.00	0.00	33.00	0.00	37.00	23.00	43.00	40.00	0.00	6.00	0.00	35.00	35.00	42.00	0.00	54.00	58.00	42.00
	4179.01	0.00	33.00	0.00	36.00	23.00	43.00	40.00	0.00	6.00	0.00	35.00	35.00	42.00	0.00	54.00	58.00	42.00
	4179.02	0.00	33.00	0.00	36.00	22.00	43.00	39.00	0.00	6.00	0.00	36.00	35.00	43.00	0.00	54.00	59.00	42.00
	4179.03	0.00	33.00	0.00	36.00	22.00	43.00	40.00	0.00	6.00	0.00	36.00	35.00	43.00	0.00	54.00	59.00	42.00
	4179.04	0.00	33.00	0.00	36.00	22.00	43.00	40.00	0.00	6.00	0.00	36.00	34.00	43.00	0.00	54.00	59.00	42.00
	4179.05	0.00	33.00	0.00	36.00	22.00	43.00	40.00	0.00	7.00	0.00	35.00	35.00	43.00	0.00	54.00	59.00	42.00
	4179.06	0.00	33.00	0.00	36.00	22.00	43.00	40.00	0.00	8.00	0.00	36.00	35.00	43.00	0.00	54.00	59.00	42.00
	4179.07	0.00	33.00	0.00	36.00	22.00	43.00	40.00	0.00	7.00	0.00	34.00	34.00	43.00	0.00	54.00	59.00	42.00
	4179.08	0.00	33.00	0.00	36.00	20.00	43.00	40.00	0.00	7.00	0.00	36.00	35.00	43.00	0.00	54.00	59.00	42.00
	4179.09	0.00	32.00	0.00	36.00	20.00	43.00	40.00	0.00	7.00	0.00	35.00	35.00	43.00	0.00	54.00	60.00	42.00
	4179.10	0.00	33.00	0.00	36.00	22.00	43.00	40.00	0.00	7.00	0.00	35.00	34.00	43.00	0.00	54.00	59.00	42.00
	4179.10	0.00	33.00	0.00	35.00	22.00	43.00	40.00	0.00	8.00	0.00	36.00	35.00	43.00	0.00	54.00	60.00	42.00
	4179.11	0.00	33.00	0.00	36.00	22.00	43.00	40.00	0.00	8.00	0.00	36.00	35.00	43.00	0.00	54.00	60.00	41.00
	4179.12	0.00	33.00	0.00	35.00	22.00	43.00	40.00	0.00	8.00	0.00	36.00	35.00	43.00	0.00	54.00	60.00	43.00
	4179.13	0.00	33.00	0.00	36.00	22.00	43.00	40.00	0.00	9.00	0.00	35.00	35.00	42.00	0.00	54.00	60.00	42.00
	4179.14	0.00	33.00	0.00	36.00	22.00	43.00	40.00	0.00	9.00	0.00	36.00	34.00	43.00	0.00	54.00	60.00	42.00
	4179.15	0.00	33.00	0.00	36.00	22.00	43.00	40.00	0.00	9.00	0.00	36.00	34.00	43.00	0.00	54.00	60.00	44.00
	4179.16	0.00	33.00	0.00	36.00	22.00	43.00	40.00	0.00	9.00	0.00	35.00	35.00	43.00	0.00	54.00	60.00	42.00
	4179.17	0.00	33.00	0.00	36.00	23.00	43.00	40.00	0.00	9.00	0.00	35.00	34.00	42.00	0.00	54.00	60.00	44.00
	4179.18	0.00	33.00	0.00	36.00	23.00	43.00	40.00	0.00	9.00	0.00	36.00	34.00	43.00	0.00	54.00	60.00	41.00
	4179.19	0.00	33.00	0.00	36.00	22.00	43.00	40.00	0.00	9.00	0.00	36.00	33.00	43.00	0.00	54.00	59.00	42.00
	4179.20	0.00	33.00	0.00	37.00	23.00	43.00	40.00	0.00	10.00	0.00	36.00	35.00	42.00	0.00	54.00	60.00	41.00
	4179.21	0.00	32.00	0.00	36.00	23.00	43.00	40.00	0.00	10.00	0.00	35.00	35.00	41.00	0.00	54.00	60.00	42.00
	4179.22	0.00	32.00	0.00	37.00	23.00	44.00	40.00	0.00	10.00	0.00	36.00	35.00	42.00	0.00	54.00	60.00	42.00
	4179.23	0.00	32.00	0.00	37.00	23.00	44.00	40.00	0.00	10.00	0.00	34.00	34.00	41.00	0.00	54.00	60.00	42.00
	4179.23	0.00	33.00	0.00	35.00	23.00	44.00	40.00	0.00	10.00	0.00	35.00	35.00	41.00	0.00	54.00	60.00	42.00
	4179.25	0.00	33.00	0.00	36.00	24.00	43.00	40.00	0.00	10.00	0.00	35.00	35.00	41.00	0.00	54.00	60.00	42.00
	4179.25	0.00	32.00	0.00	36.00	24.00	44.00	40.00	0.00	10.00	0.00	36.00	34.00	40.00	0.00	54.00	60.00	42.00
	4179.26	0.00	33.00	0.00	36.00	24.00	44.00	40.00	0.00	10.00	0.00	35.00	34.00	41.00	0.00	54.00	59.00	42.00
	4179.27	0.00	32.00	0.00	36.00	24.00	43.00	40.00	0.00	10.00	0.00	35.00	34.00	42.00	0.00	54.00	59.00	42.00
	4179.28	0.00	33.00	0.00	36.00	24.00	44.00	40.00	0.00	11.00	0.00	34.00	34.00	41.00	0.00	54.00	59.00	42.00
	4179.29	0.00	33.00	0.00	36.00	24.00	44.00	40.00	0.00	10.00	0.00	35.00	33.00	41.00	0.00	55.00	60.00	42.00
	4179.30	0.00	32.00	0.00	36.00	24.00	44.00	40.00	0.00	11.00	0.00	36.00	36.00	40.00	0.00	54.00	59.00	42.00
	4179.31	0.00	33.00	0.00	36.00	24.00	43.00	40.00	0.00	11.00	0.00	35.00	35.00	41.00	0.00	55.00	59.00	42.00
	4179.32	0.00	32.00	0.00	37.00	23.00	43.00	40.00	0.00	11.00	0.00	35.00	34.00	41.00	0.00	54.00	59.00	42.00
	4179.33	0.00	33.00	0.00	36.00	23.00	43.00	40.00	0.00	11.00	0.00	35.00	35.00	41.00	0.00	54.00	60.00	42.00
	4179.34	0.00	33.00	0.00	36.00	24.00	43.00	40.00	0.00	11.00	0.00	36.00	35.00	42.00	0.00	54.00	59.00	42.00
	4179.35	0.00	33.00	0.00	36.00	23.00	43.00	40.00	0.00	11.00	0.00	35.00	35.00	42.00	0.00	54.00	59.00	42.00
	4179.36	0.00	32.00	0.00	36.00	23.00	44.00	40.00	0.00	11.00	0.00	36.00	34.00	41.00	0.00	54.00	59.00	42.00
	4179.37	0.00	33.00	0.00	36.00	23.00	44.00	40.00	0.00	11.00	0.00	35.00	35.00	41.00	0.00	54.00	59.00	42.00
	4179.38	0.00	32.00	0.00	37.00	24.00	43.00	40.00	0.00	11.00	0.00	35.00	34.00	42.00	0.00	55.00	59.00	42.00
	4179.39	0.00	33.00	0.00	36.00	23.00	43.00	40.00	0.00	11.00	0.00	36.00	35.00	42.00	0.00	54.00	59.00	42.00
	4179.40	0.00	33.00	0.00	36.00	24.00	43.00	40.00	0.00	11.00	0.00	36.00	33.00	42.00	0.00	54.00	59.00	42.00
	4179.40	0.00	32.00	0.00	36.00	24.00	43.00	40.00	0.00	11.00	0.00	35.00	35.00	41.00	0.00	54.00	59.00	42.00
	4179.41	0.00	32.00	0.00	35.00	22.00	43.00	40.00	0.00	12.00	0.00	34.00	35.00	41.00	0.00	54.00	59.00	42.00
	4179.42	0.00	32.00	0.00	36.00	24.00	44.00	40.00	0.00	12.00	0.00	36.00	35.00	42.00	0.00	54.00	58.00	42.00
	4179.43	0.00	33.00	0.00	36.00	23.00	44.00	40.00	0.00	11.00	0.00	35.00	34.00	41.00	0.00	54.00	57.00	42.00
	4179.44	0.00	33.00	0.00	36.00	24.00	43.00	40.00	0.00	11.00	0.00	35.00	34.00	40.00	0.00	54.00	58.00	42.00
	4179.45	0.00	33.00	0.00	36.00	23.00	44.00	40.00	0.00	11.00	0.00	35.00	35.00	41.00	0.00	54.00	58.00	42.00
	4179.46	0.00	32.00	0.00	36.00	24.00	43.00	40.00	0.00	11.00	0.00	35.00	33.00	41.00	0.00	54.00	58.00	42.00
	4179.47	0.00	32.00	0.00	36.00	24.00	43.00	40.00	0.00	11.00	0.00	35.00	33.00	41.00	0.00	54.00	58.00	42.00
	4179.48	0.00	33.00	0.00	36.00	23.00	43.00	40.00	0.00	12.00	0.00	36.00	33.00	42.00	0.00	54.00	57.00	42.00
	4179.49	0.00	33.00	0.00	36.00	24.00	44.00	40.00	0.00	12.00	0.00	35.00	35.00	40.00	0.00	54.00	58.00	42.00
	4179.50	0.00	32.00	0.00	36.00	23.00	44.00	40.00	0.00	12.00	0.00	34.00	35.00	41.00	0.00	54.00	58.00	42.00
	4179.51	0.00	33.00	0.00	37.00	24.00	43.00	40.00	0.00	11.00	0.00	36.00	35.00	42.00	0.00	54.00	58.00	42.00
	4179.52	0.00	32.00	0.00	36.00	24.00	44.00	40.00	0.00	12.00	0.00	35.00	35.00	42.00	0.00	54.00	58.00	42.00
	4179.53	0.00	33.00	0.00	36.00	24.00	44.00	40.00	0.00	12.00	0.00	35.00	33.00	40.00	0.00	54.00	58.00	42.00
	4179.54	0.00	33.00	0.00	37.00	24.00	43.00	40.00	0.00	12.00	0.00	36.00	33.00	42.00	0.00	54.00	57.00	42.00
	4179.55	0.00	33.00	0.00	36.00	24.00	43.00	40.00	0.00	12.00	0.00	35.00	33.00	41.00	0.00	54.00	58.00	42.00
	4179.56	0.00	33.00	0.00	36.00	24.00	44.00	40.00	0.00	12.00	0.00	34.00	35.00	41.00	0.00	53.00	58.00	42.00
	4179.56	0.00	32.00	0.00	37.00	24.00	44.00	40.00	0.00	12.00	0.00	35.00	35.00	42.00	0.00	54.00	58.00	42.00
	4179.57	0.00	33.00	0.00	36.00	24.00	43.00	40.00	0.00	12.00	0.00	35.00	35.00	41.00	0.00	54.00	58.00	42.00
	4179.58	0.00	32.00	0.00	36.00	24.00	44.00	40.00	0.00	12.00	0.00	36.00	35.00	42.00	0.00	54.00	58.00	42.00
	4179.59	0.00	33.00	0.00	36.00	24.00	43.00	40.00	0.00	12.00	0.00	35.00	35.00	41.00	0.00	54.00	58.00	42.00
	4179.60	0.00	33.00	0.00	36.00	24.00	44.00	40.00	0.00	12.00	0.00	34.00	35.00	41.00	0.00	54.00	58.00	42.00
	4179.61	0.00	32.00	0.00	36.00	24.00	44.00	40.00	0.00	12.00	0.00	36.00	35.00	42.00	0.00	54.00	58.00	42.00
	4179.62	0.00	32.00	0.00	36.00	24.00	44.00	40.00	0.00	12.00	0.00	35.00	33.00	41.00	0.00	54.00	57.00	42.00
	4179.63	0.00	33.00	0.00	36.00	24.00	43.00	40.00	0.00	12.00	0.00	35.00	35.00	42.00	0.00	54.00	58.00	42.00
	4179.64	0.00	33.00	0.00	36.00	24.00	43.00	40.00	0.00	12.00	0.00	36.00	35.00	42.00	0.00	54.00	57.00	42.00
	4179.65	0.00	33.00	0.00	36.00	24.00	44.00	40.00	0.00	12.00	0.00	35.00	35.00	41.00	0.00	54.00	57.00	42.00
	4179.66	0.00	32.00	0.00	36.00	24.00	43.00	40.00	0.00	12.00	0.00	34.00	35.00	40.00	0.00	54.00	57.00	42.00
	4179.67	0.00	32.00	0.00	36.00	23.00	44.00	40.00	0.00	12.00	0.00	34.00	33.00	41.00	0.00	54.00	57.00	42.00
	4179.68	0.00	33.00	0.00	36.00	24.00	43.00	40.00	0.00	13.00	0.00	34.00	35.00	41.00	0.00	54.00	57.00	42.00
	4179.69	0.00	32.00	0.00	36.00	24.00	44.00	40.00	0.00	13.00	0.00	35.00	35.00	42.00	0.00	54.00	58.00	42.00
	4179.70	0.00	33.00	0.00	36.00	24.00	44.00	40.00	0.00	12.00	0.00	34.00	35.00	40.00	0.00	54.00	57.00	42.00
	4179.71	0.00	32.00	0.00	36.00	24.00	43.00	40.00	0.00	12.00	0.00	35.00	35.00	41.00	0.00	54.00	57.00	42.00
	4179.72	0.00	33.00	0.00	36.00	24.00	44.00	40.00	0.00	12.00	0.00	34.00	35.00	41.00	0.00	54.00	58.00	42.00
	4179.72	0.00	32.00	0.00	37.00	24.00	44.00	40.00	0.00	12.00	0.00	36.00	35.00	42.00	0.00	54.00	58.00	42.00
	4179.73	0.00	32.00	0.00	36.00	24.00	44.00	40.00	0.00	12.00	0.00	36.00	35.00	42.00	0.00	54.00	58.00	42.00
	4179.74	0.00	33.00	0.00	36.00	24.00	43.00	40.00	0.00	12.00	0.00	36.00	33.00	42.00	0.00	54.00	58.00	42.00
	4179.75	0.00	33.00	0.00	36.00	24.00	44.00	40.00	0.00	12.00	0.00	35.00	35.00	40.00	0.00	53.00	58.00	42.00
	4179.76	0.00	32.00	0.00	36.00	24.00	44.00	40.00	0.00	13.00	0.00	35.00	33.00	41.00	0.00	54.00	57.00	42.00
	4179.77	0.00	32.00	0.00	36.00	24.00	43.00	40.00	0.00	12.00	0.00	35.00	33.00	41.00	0.00	54.00	58.00	42.00
	4179.78	0.00	33.00	0.00	36.00	24.00	44.00	39.00	0.00	13.00	0.00	35.00	35.00	41.00	0.00	54.00	58.00	42.00
	4179.79	0.00	33.00	0.00	36.00	24.00	43.00	40.00	0.00	13.00	0.00	36.00	33.00	42.00	0.00	54.00	58.00	42.00
	4179.80	0.00	33.00	0.00	36.00	24.00	43.00	40.00	0.00	13.00	0.00	36.00	33.00	42.00	0.00	54.00	58.00	42.00
	4179.81	0.00	33.00	0.00	37.00	24.00	43.00	40.00	0.00	12.00	0.00	36.00	35.00	42.00	0.00	54.00	58.00	42.00
	4179.82	0.00	32.00	0.00	37.00	24.00	43.00	40.00	0.00	12.00	0.00	34.00	33.00	41.00	0.00	54.00	58.00	42.00
	4179.83	0.00	33.00	0.00	36.00	24.00	44.00	40.00	0.00	13.00	0.00	34.00	33.00	41.00	0.00	54.00	58.00	42.00
	4179.84	0.00	32.00	0.00	36.00	24.00	44.00	40.00	0.00	13.00	0.00	35.00	35.00	42.00	0.00	54.00	58.00	42.00
	4179.85	0.00	33.00	0.00	36.00	24.00	44.00	40.00	0.00	12.00	0.00	35.00	33.00	40.00	0.00	54.00	58.00	42.00
	4179.86	0.00	32.00	0.00	36.00	24.00	44.00	40.00	0.00	12.00	0.00	35.00	35.00	41.00	0.00	54.00	58.00	42.00
	4179.87	0.00	32.00	0.00	36.00	24.00	44.00	40.00	0.00	12.00	0.00	36.00	35.00	42.00	0.00	54.00	58.00	42.00
	4179.87	0.00	32.00	0.00	36.00	24.00	44.00	40.00	0.00	12.00	0.00	35.00	35.00	40.00	0.00	54.00	58.00	42.00
	4179.88	0.00	33.00	0.00	36.00	24.00	43.00	40.00	0.00	12.00	0.00	35.00	35.00	41.00	0.00	54.00	58.00	42.00
	4179.89	0.00	33.00	0.00	36.00	24.00	43.00	40.00	0.00	12.00	0.00	36.00	35.00	42.00	0.00	54.00	57.00	43.00
	4179.90	0.00	32.00	0.00	36.00	24.00	43.00	40.00	0.00	12.00	0.00	35.00	35.00	41.00	0.00	54.00	58.00	42.00
	4179.91	0.00	33.00	0.00	37.00	24.00	43.00	40.00	0.00	12.00	0.00	35.00	33.00	40.00	0.00	54.00	57.00	42.00
	4179.92	0.00	32.00	0.00	37.00	24.00	44.00	40.00	0.00	12.00	0.00	36.00	35.00	42.00	0.00	54.00	58.00	42.00
	4179.93	0.00	33.00	0.00	36.00	24.00	44.00	40.00	0.00	12.00	0.00	35.00	35.00	41.00	0.00	54.00	58.00	42.00
	4179.94	0.00	32.00	0.00	36.00	24.00	43.00	40.00	0.00	12.00	0.00	34.00	33.00	41.00	0.00	54.00	58.00	42.00
	4179.95	0.00	33.00	0.00	36.00	24.00	44.00	40.00	0.00	13.00	0.00	35.00	35.00	40.00	0.00	54.00	58.00	42.00
	4179.96	0.00	32.00	0.00	36.00	24.00	44.00	40.00	0.00	13.00	0.00	36.00	33.00	42.00	0.00	54.00	58.00	42.00
	4179.97	0.00	32.00	0.00	36.00	24.00	44.00	40.00	0.00	13.00	0.00	36.00	33.00	41.00	0.00	54.00	58.00	42.00
	4179.98	0.00	32.00	0.00	36.00	24.00	44.00	40.00	0.00	12.00	0.00	36.00	35.00	42.00	0.00	54.00	58.00	42.00
	4179.99	0.00	32.00	0.00	36.00	24.00	44.00	40.00	0.00	13.00	0.00	36.00	35.00	42.00	0.00	54.00	58.00	42.00
	4180.00	0.00	33.00	0.00	36.00	24.00	43.00	40.00	0.00	12.00	0.00	36.00	35.00	42.00	0.00	54.00	58.00	42.00
	4180.01	0.00	33.00	0.00	36.00	24.00	43.00	40.00	0.00	12.00	0.00	36.00	35.00	42.00	0.00	54.00	57.00	42.00
	4180.02	0.00	33.00	0.00	36.00	24.00	43.00	40.00	0.00	13.00	0.00	35.00	33.00	40.00	0.00	54.00	58.00	42.00
	4180.03	0.00	33.00	0.00	36.00	23.00	44.00	40.00	0.00	13.00	0.00	35.00	33.00	41.00	0.00	54.00	58.00	42.00
	4180.04	0.00	33.00	0.00	36.00	24.00	44.00	40.00	0.00	12.00	0.00	34.00	33.00	41.00	0.00	54.00	58.00	42.00
	4180.04	0.00	33.00	0.00	36.00	24.00	43.00	40.00	0.00	13.00	0.00	36.00	35.00	42.00	0.00	54.00	58.00	42.00
	4180.06	0.00	33.00	0.00	36.00	24.00	43.00	40.00	0.00	12.00	0.00	35.00	35.00	42.00	0.00	54.00	58.00	42.00
	4180.06	0.00	33.00	0.00	36.00	24.00	44.00	40.00	0.00	13.00	0.00	34.00	35.00	41.00	0.00	54.00	58.00	42.00
	4180.07	0.00	33.00	0.00	37.00	24.00	43.00	40.00	0.00	12.00	0.00	36.00	35.00	42.00	0.00	54.00	58.00	42.00
	4180.08	0.00	33.00	0.00	37.00	24.00	43.00	40.00	0.00	13.00	0.00	36.00	33.00	42.00	0.00	54.00	58.00	42.00
	4180.09	0.00	33.00	0.00	37.00	24.00	43.00	40.00	0.00	12.00	0.00	35.00	35.00	42.00	0.00	54.00	58.00	42.00
	4180.10	0.00	33.00	0.00	37.00	24.00	43.00	40.00	0.00	13.00	0.00	36.00	33.00	42.00	0.00	54.00	58.00	42.00
	4180.11	0.00	33.00	0.00	37.00	24.00	43.00	40.00	0.00	13.00	0.00	35.00	35.00	42.00	0.00	54.00	57.00	42.00
	4180.12	0.00	32.00	0.00	37.00	24.00	44.00	40.00	0.00	13.00	0.00	35.00	33.00	41.00	0.00	54.00	58.00	42.00
	4180.13	0.00	32.00	0.00	37.00	24.00	44.00	40.00	0.00	13.00	0.00	36.00	35.00	42.00	0.00	54.00	58.00	42.00
	4180.14	0.00	33.00	0.00	37.00	24.00	43.00	40.00	0.00	13.00	0.00	35.00	35.00	41.00	0.00	54.00	58.00	42.00
	4180.15	0.00	33.00	0.00	37.00	24.00	44.00	40.00	0.00	13.00	0.00	35.00	35.00	40.00	0.00	54.00	58.00	42.00
	4180.16	0.00	33.00	0.00	37.00	24.00	43.00	40.00	0.00	13.00	0.00	36.00	33.00	42.00	0.00	54.00	58.00	42.00
	4180.17	0.00	33.00	0.00	37.00	23.00	43.00	40.00	0.00	13.00	0.00	34.00	33.00	41.00	0.00	54.00	58.00	42.00
	4180.18	0.00	33.00	0.00	37.00	23.00	44.00	40.00	0.00	13.00	0.00	35.00	33.00	41.00	0.00	54.00	58.00	42.00
	4180.19	0.00	33.00	0.00	37.00	24.00	44.00	40.00	0.00	13.00	0.00	35.00	33.00	41.00	0.00	54.00	58.00	42.00
	4180.19	0.00	33.00	0.00	37.00	24.00	44.00	39.00	0.00	13.00	0.00	35.00	35.00	41.00	0.00	54.00	58.00	42.00
	4180.20	0.00	33.00	0.00	36.00	23.00	43.00	40.00	0.00	13.00	0.00	36.00	35.00	42.00	0.00	54.00	58.00	42.00
	4180.21	0.00	33.00	0.00	36.00	24.00	43.00	40.00	0.00	13.00	0.00	36.00	33.00	42.00	0.00	54.00	56.00	42.00
	4180.22	0.00	33.00	0.00	37.00	23.00	44.00	40.00	0.00	13.00	0.00	34.00	35.00	41.00	0.00	54.00	58.00	42.00
	4180.23	0.00	32.00	0.00	37.00	22.00	44.00	40.00	0.00	13.00	0.00	35.00	33.00	41.00	0.00	54.00	58.00	42.00
	4180.24	0.00	33.00	0.00	36.00	24.00	43.00	40.00	0.00	13.00	0.00	35.00	35.00	41.00	0.00	54.00	58.00	42.00
	4180.25	0.00	32.00	0.00	36.00	24.00	44.00	40.00	0.00	12.00	0.00	36.00	35.00	42.00	0.00	54.00	58.00	42.00
	4180.26	0.00	33.00	0.00	36.00	23.00	44.00	40.00	0.00	11.00	0.00	35.00	34.00	41.00	0.00	54.00	58.00	42.00
	4180.27	0.00	33.00	0.00	36.00	23.00	43.00	40.00	0.00	10.00	0.00	34.00	33.00	41.00	0.00	54.00	58.00	42.00
	4180.28	0.00	33.00	0.00	36.00	23.00	44.00	40.00	0.00	10.00	0.00	34.00	33.00	41.00	0.00	54.00	58.00	42.00
	4180.29	0.00	32.00	0.00	36.00	24.00	43.00	40.00	0.00	10.00	0.00	35.00	33.00	41.00	0.00	54.00	58.00	42.00
	4180.30	0.00	32.00	0.00	36.00	24.00	43.00	40.00	0.00	10.00	0.00	35.00	33.00	40.00	0.00	54.00	58.00	42.00
	4180.31	0.00	33.00	0.00	36.00	24.00	43.00	40.00	0.00	11.00	0.00	36.00	35.00	42.00	0.00	54.00	58.00	42.00
	4180.32	0.00	33.00	0.00	37.00	24.00	44.00	40.00	0.00	12.00	0.00	35.00	35.00	41.00	0.00	54.00	58.00	42.00
	4180.33	0.00	33.00	0.00	36.00	24.00	43.00	40.00	0.00	12.00	0.00	35.00	35.00	41.00	0.00	54.00	58.00	42.00
	4180.34	0.00	33.00	0.00	37.00	24.00	43.00	40.00	0.00	13.00	0.00	35.00	35.00	41.00	0.00	54.00	58.00	42.00
	4180.35	0.00	33.00	0.00	36.00	24.00	44.00	40.00	0.00	12.00	0.00	35.00	35.00	41.00	0.00	54.00	58.00	42.00
	4180.36	0.00	33.00	0.00	37.00	24.00	43.00	40.00	0.00	13.00	0.00	35.00	35.00	41.00	0.00	54.00	58.00	42.00
	4180.37	0.00	33.00	0.00	37.00	24.00	44.00	40.00	0.00	14.00	0.00	35.00	35.00	41.00	0.00	54.00	58.00	42.00
	4180.37	0.00	33.00	0.00	36.00	24.00	44.00	40.00	0.00	14.00	0.00	35.00	33.00	41.00	0.00	54.00	58.00	42.00
	4180.38	0.00	32.00	0.00	36.00	24.00	43.00	40.00	0.00	14.00	0.00	35.00	35.00	41.00	0.00	54.00	58.00	42.00
	4180.39	0.00	33.00	0.00	36.00	24.00	44.00	40.00	0.00	14.00	0.00	34.00	33.00	41.00	0.00	54.00	58.00	42.00
	4180.40	0.00	33.00	0.00	36.00	24.00	43.00	40.00	0.00	14.00	0.00	35.00	35.00	41.00	0.00	54.00	58.00	42.00
	4180.41	0.00	33.00	0.00	37.00	24.00	43.00	40.00	0.00	14.00	0.00	36.00	35.00	40.00	0.00	54.00	58.00	42.00
	4180.42	0.00	32.00	0.00	36.00	24.00	44.00	40.00	0.00	15.00	0.00	36.00	35.00	42.00	0.00	54.00	58.00	42.00
	4180.43	0.00	32.00	0.00	36.00	24.00	44.00	40.00	0.00	14.00	0.00	36.00	35.00	42.00	0.00	54.00	58.00	42.00
	4180.44	0.00	32.00	0.00	36.00	23.00	44.00	40.00	0.00	15.00	0.00	36.00	35.00	42.00	0.00	54.00	58.00	42.00
	4180.45	0.00	33.00	0.00	36.00	24.00	43.00	40.00	0.00	15.00	0.00	36.00	35.00	43.00	0.00	54.00	57.00	42.00
	4180.46	0.00	33.00	0.00	36.00	24.00	43.00	40.00	0.00	15.00	0.00	35.00	36.00	41.00	0.00	54.00	58.00	42.00
	4180.47	0.00	32.00	0.00	36.00	24.00	44.00	40.00	0.00	15.00	0.00	35.00	35.00	41.00	0.00	54.00	58.00	42.00
	4180.48	0.00	32.00	0.00	36.00	24.00	44.00	40.00	0.00	15.00	0.00	36.00	35.00	42.00	0.00	54.00	58.00	42.00
	4180.49	0.00	32.00	0.00	36.00	24.00	43.00	40.00	0.00	15.00	0.00	35.00	33.00	41.00	0.00	54.00	58.00	42.00
	4180.50	0.00	33.00	0.00	36.00	24.00	43.00	40.00	0.00	15.00	0.00	35.00	35.00	41.00	0.00	54.00	58.00	42.00
	4180.50	0.00	33.00	0.00	36.00	24.00	43.00	40.00	0.00	14.00	0.00	36.00	33.00	42.00	0.00	54.00	58.00	42.00
	4180.52	0.00	33.00	0.00	37.00	24.00	43.00	40.00	0.00	15.00	0.00	36.00	35.00	42.00	0.00	54.00	58.00	42.00
	4180.52	0.00	33.00	0.00	36.00	23.00	44.00	40.00	0.00	15.00	0.00	35.00	33.00	41.00	0.00	54.00	58.00	42.00
	4180.53	0.00	32.00	0.00	36.00	22.00	43.00	40.00	0.00	15.00	0.00	35.00	35.00	41.00	0.00	54.00	58.00	42.00
	4180.54	0.00	32.00	0.00	36.00	23.00	44.00	40.00	0.00	15.00	0.00	36.00	35.00	42.00	0.00	54.00	58.00	42.00
	4180.55	0.00	33.00	0.00	36.00	24.00	43.00	40.00	0.00	15.00	0.00	36.00	33.00	43.00	0.00	54.00	57.00	42.00
	4180.56	0.00	33.00	0.00	36.00	23.00	43.00	40.00	0.00	14.00	0.00	35.00	35.00	41.00	0.00	54.00	58.00	42.00
	4180.57	0.00	32.00	0.00	36.00	24.00	43.00	40.00	0.00	15.00	0.00	35.00	35.00	41.00	0.00	54.00	58.00	42.00
	4180.58	0.00	32.00	0.00	36.00	23.00	44.00	40.00	0.00	15.00	0.00	36.00	35.00	42.00	0.00	54.00	58.00	42.00
	4180.59	0.00	32.00	0.00	36.00	24.00	44.00	40.00	0.00	15.00	0.00	36.00	35.00	41.00	0.00	54.00	58.00	42.00
	4180.60	0.00	32.00	0.00	36.00	23.00	43.00	40.00	0.00	15.00	0.00	34.00	34.00	41.00	0.00	54.00	58.00	42.00
	4180.61	0.00	33.00	0.00	36.00	24.00	43.00	40.00	0.00	15.00	0.00	36.00	36.00	42.00	0.00	54.00	58.00	42.00
	4180.62	0.00	33.00	0.00	36.00	24.00	44.00	40.00	0.00	15.00	0.00	35.00	35.00	41.00	0.00	54.00	58.00	42.00
	4180.63	0.00	32.00	0.00	36.00	23.00	44.00	40.00	0.00	15.00	0.00	35.00	34.00	41.00	0.00	53.00	58.00	42.00
	4180.64	0.00	33.00	0.00	36.00	23.00	44.00	40.00	0.00	15.00	0.00	34.00	34.00	41.00	0.00	54.00	58.00	42.00
	4180.65	0.00	32.00	0.00	36.00	23.00	43.00	40.00	0.00	15.00	0.00	35.00	33.00	41.00	0.00	54.00	58.00	42.00
	4180.66	0.00	33.00	0.00	36.00	23.00	43.00	40.00	0.00	15.00	0.00	36.00	35.00	42.00	0.00	54.00	58.00	42.00
	4180.67	0.00	33.00	0.00	36.00	23.00	44.00	40.00	0.00	15.00	0.00	35.00	35.00	40.00	0.00	54.00	58.00	42.00
	4180.67	0.00	33.00	0.00	36.00	23.00	43.00	40.00	0.00	15.00	0.00	35.00	34.00	41.00	0.00	54.00	58.00	42.00
	4180.68	0.00	32.00	0.00	36.00	23.00	44.00	40.00	0.00	15.00	0.00	35.00	34.00	41.00	0.00	54.00	58.00	42.00
	4180.69	0.00	32.00	0.00	36.00	23.00	43.00	40.00	0.00	15.00	0.00	34.00	34.00	41.00	0.00	54.00	58.00	42.00
	4180.70	0.00	33.00	0.00	36.00	23.00	43.00	40.00	0.00	15.00	0.00	36.00	35.00	42.00	0.00	54.00	58.00	42.00
	4180.71	0.00	33.00	0.00	36.00	23.00	43.00	40.00	0.00	14.00	0.00	36.00	34.00	42.00	0.00	54.00	58.00	42.00
	4180.72	0.00	33.00	0.00	36.00	23.00	43.00	40.00	0.00	15.00	0.00	34.00	34.00	41.00	0.00	54.00	58.00	42.00
	4180.73	0.00	32.00	0.00	36.00	23.00	44.00	40.00	0.00	14.00	0.00	36.00	35.00	42.00	0.00	54.00	58.00	42.00
	4180.74	0.00	32.00	0.00	36.00	23.00	44.00	40.00	0.00	15.00	0.00	36.00	34.00	40.00	0.00	54.00	58.00	42.00
	4180.75	0.00	33.00	0.00	36.00	23.00	43.00	40.00	0.00	15.00	0.00	35.00	35.00	42.00	0.00	54.00	57.00	42.00
	4180.76	0.00	33.00	0.00	36.00	23.00	43.00	40.00	0.00	15.00	0.00	36.00	35.00	43.00	0.00	54.00	58.00	42.00
	4180.77	0.00	33.00	0.00	36.00	23.00	44.00	40.00	0.00	15.00	0.00	35.00	36.00	41.00	0.00	54.00	58.00	42.00
	4180.78	0.00	33.00	0.00	36.00	23.00	44.00	40.00	0.00	14.00	0.00	35.00	35.00	41.00	0.00	54.00	58.00	42.00
	4180.79	0.00	32.00	0.00	36.00	22.00	43.00	40.00	0.00	11.00	0.00	35.00	36.00	41.00	0.00	54.00	58.00	42.00
	4180.80	0.00	32.00	0.00	36.00	23.00	44.00	40.00	0.00	11.00	0.00	36.00	35.00	42.00	0.00	54.00	58.00	42.00
	4180.81	0.00	33.00	0.00	37.00	23.00	43.00	39.00	0.00	11.00	0.00	36.00	35.00	42.00	0.00	54.00	57.00	42.00
	4180.82	0.00	33.00	0.00	36.00	23.00	44.00	40.00	0.00	10.00	0.00	35.00	34.00	41.00	0.00	54.00	58.00	42.00
	4180.83	0.00	33.00	0.00	36.00	23.00	44.00	40.00	0.00	11.00	0.00	35.00	36.00	41.00	0.00	54.00	58.00	42.00
	4180.83	0.00	32.00	0.00	36.00	23.00	43.00	40.00	0.00	10.00	0.00	35.00	34.00	40.00	0.00	54.00	58.00	42.00
	4180.84	0.00	33.00	0.00	36.00	23.00	44.00	40.00	0.00	11.00	0.00	34.00	34.00	40.00	0.00	54.00	58.00	42.00
	4180.85	0.00	32.00	0.00	36.00	23.00	44.00	40.00	0.00	11.00	0.00	34.00	36.00	41.00	0.00	54.00	56.00	42.00
	4180.86	0.00	33.00	0.00	36.00	23.00	43.00	40.00	0.00	11.00	0.00	35.00	36.00	41.00	0.00	54.00	58.00	42.00
	4180.87	0.00	32.00	0.00	36.00	23.00	44.00	40.00	0.00	11.00	0.00	34.00	34.00	41.00	0.00	54.00	58.00	42.00
	4180.88	0.00	32.00	0.00	36.00	23.00	43.00	40.00	0.00	11.00	0.00	35.00	34.00	41.00	0.00	54.00	58.00	42.00
	4180.89	0.00	32.00	0.00	36.00	23.00	44.00	40.00	0.00	11.00	0.00	35.00	34.00	41.00	0.00	54.00	58.00	42.00
	4180.90	0.00	33.00	0.00	36.00	23.00	43.00	40.00	0.00	11.00	0.00	36.00	35.00	42.00	0.00	54.00	57.00	42.00
	4180.91	0.00	33.00	0.00	36.00	23.00	43.00	40.00	0.00	12.00	0.00	36.00	34.00	43.00	0.00	54.00	58.00	42.00
	4180.92	0.00	32.00	0.00	36.00	23.00	44.00	40.00	0.00	11.00	0.00	36.00	34.00	42.00	0.00	54.00	58.00	42.00
	4180.93	0.00	32.00	0.00	36.00	23.00	44.00	40.00	0.00	12.00	0.00	36.00	36.00	41.00	0.00	54.00	58.00	42.00
	4180.94	0.00	33.00	0.00	36.00	23.00	43.00	40.00	0.00	11.00	0.00	36.00	36.00	42.00	0.00	54.00	58.00	42.00
	4180.95	0.00	33.00	0.00	36.00	23.00	43.00	40.00	0.00	12.00	0.00	35.00	35.00	41.00	0.00	54.00	58.00	42.00
	4180.96	0.00	33.00	0.00	36.00	23.00	44.00	40.00	0.00	11.00	0.00	35.00	34.00	41.00	0.00	54.00	58.00	42.00
	4180.97	0.00	33.00	0.00	36.00	23.00	44.00	40.00	0.00	11.00	0.00	35.00	36.00	41.00	0.00	54.00	58.00	42.00
	4180.98	0.00	32.00	0.00	36.00	24.00	44.00	40.00	0.00	11.00	0.00	36.00	34.00	42.00	0.00	54.00	58.00	42.00
	4180.98	0.00	32.00	0.00	36.00	24.00	43.00	40.00	0.00	11.00	0.00	34.00	34.00	41.00	0.00	54.00	58.00	42.00
	4181.00	0.00	33.00	0.00	36.00	23.00	43.00	40.00	0.00	11.00	0.00	34.00	35.00	41.00	0.00	54.00	58.00	42.00
	4181.00	0.00	33.00	0.00	35.00	23.00	43.00	39.00	0.00	11.00	0.00	36.00	35.00	42.00	0.00	54.00	57.00	42.00
	4181.01	0.00	33.00	0.00	35.00	24.00	43.00	40.00	0.00	11.00	0.00	36.00	33.00	42.00	0.00	54.00	58.00	42.00
	4181.02	0.00	32.00	0.00	36.00	23.00	43.00	40.00	0.00	11.00	0.00	34.00	35.00	41.00	0.00	54.00	58.00	42.00
	4181.03	0.00	32.00	0.00	35.00	23.00	44.00	40.00	0.00	11.00	0.00	35.00	35.00	41.00	0.00	54.00	58.00	42.00
	4181.04	0.00	32.00	0.00	35.00	23.00	43.00	40.00	0.00	11.00	0.00	35.00	33.00	41.00	0.00	54.00	58.00	42.00
	4181.05	0.00	32.00	0.00	37.00	23.00	43.00	40.00	0.00	11.00	0.00	34.00	34.00	41.00	0.00	54.00	58.00	42.00
	4181.06	0.00	33.00	0.00	37.00	23.00	43.00	39.00	0.00	12.00	0.00	36.00	35.00	42.00	0.00	54.00	58.00	42.00
	4181.07	0.00	33.00	0.00	37.00	22.00	43.00	40.00	0.00	11.00	0.00	36.00	35.00	42.00	0.00	54.00	57.00	42.00
	4181.08	0.00	33.00	0.00	36.00	22.00	43.00	40.00	0.00	11.00	0.00	35.00	33.00	41.00	0.00	54.00	58.00	42.00
	4181.09	0.00	33.00	0.00	37.00	21.00	43.00	40.00	0.00	11.00	0.00	36.00	35.00	42.00	0.00	54.00	58.00	42.00
	4181.10	0.00	33.00	0.00	37.00	23.00	43.00	40.00	0.00	10.00	0.00	36.00	35.00	42.00	0.00	54.00	59.00	42.00
	4181.11	0.00	32.00	0.00	35.00	23.00	44.00	40.00	0.00	10.00	0.00	36.00	35.00	42.00	0.00	54.00	59.00	42.00
	4181.12	0.00	33.00	0.00	36.00	22.00	44.00	40.00	0.00	10.00	0.00	36.00	35.00	41.00	0.00	54.00	59.00	42.00
	4181.13	0.00	33.00	0.00	35.00	23.00	44.00	40.00	0.00	10.00	0.00	35.00	35.00	41.00	0.00	54.00	59.00	42.00
	4181.14	0.00	33.00	0.00	37.00	21.00	44.00	40.00	0.00	10.00	0.00	35.00	33.00	41.00	0.00	54.00	59.00	42.00
	4181.14	0.00	32.00	0.00	37.00	21.00	44.00	40.00	0.00	10.00	0.00	36.00	35.00	42.00	0.00	54.00	59.00	42.00
	4181.15	0.00	33.00	0.00	36.00	21.00	44.00	40.00	0.00	10.00	0.00	35.00	34.00	41.00	0.00	54.00	59.00	42.00
	4181.16	0.00	33.00	0.00	37.00	22.00	43.00	40.00	0.00	10.00	0.00	36.00	34.00	43.00	0.00	54.00	59.00	42.00
	4181.17	0.00	33.00	0.00	36.00	23.00	44.00	40.00	0.00	10.00	0.00	36.00	35.00	41.00	0.00	54.00	59.00	42.00
	4181.18	0.00	32.00	0.00	36.00	24.00	44.00	40.00	0.00	10.00	0.00	36.00	34.00	42.00	0.00	54.00	59.00	42.00
	4181.19	0.00	33.00	0.00	36.00	23.00	43.00	40.00	0.00	11.00	0.00	36.00	33.00	40.00	0.00	54.00	58.00	42.00
	4181.20	0.00	33.00	0.00	36.00	24.00	44.00	40.00	0.00	10.00	0.00	35.00	33.00	41.00	0.00	54.00	59.00	42.00
	4181.21	0.00	33.00	0.00	36.00	24.00	43.00	40.00	0.00	10.00	0.00	35.00	35.00	42.00	0.00	54.00	58.00	42.00
	4181.22	0.00	33.00	0.00	36.00	24.00	43.00	40.00	0.00	11.00	0.00	35.00	35.00	41.00	0.00	54.00	59.00	42.00
	4181.23	0.00	32.00	0.00	36.00	24.00	43.00	40.00	0.00	11.00	0.00	35.00	36.00	41.00	0.00	54.00	58.00	42.00
	4181.24	0.00	32.00	0.00	37.00	24.00	43.00	40.00	0.00	10.00	0.00	35.00	33.00	41.00	0.00	54.00	58.00	42.00
	4181.25	0.00	33.00	0.00	36.00	24.00	43.00	40.00	0.00	10.00	0.00	35.00	35.00	41.00	0.00	54.00	58.00	42.00
	4181.26	0.00	32.00	0.00	37.00	24.00	44.00	40.00	0.00	10.00	0.00	36.00	35.00	42.00	0.00	54.00	58.00	42.00
	4181.27	0.00	33.00	0.00	36.00	24.00	43.00	40.00	0.00	10.00	0.00	36.00	35.00	42.00	0.00	54.00	58.00	42.00
	4181.28	0.00	33.00	0.00	36.00	23.00	43.00	40.00	0.00	10.00	0.00	35.00	33.00	41.00	0.00	54.00	58.00	42.00
	4181.29	0.00	32.00	0.00	36.00	23.00	43.00	40.00	0.00	10.00	0.00	35.00	35.00	41.00	0.00	54.00	58.00	42.00
	4181.30	0.00	33.00	0.00	36.00	23.00	43.00	40.00	0.00	10.00	0.00	34.00	35.00	41.00	0.00	54.00	58.00	42.00
	4181.31	0.00	33.00	0.00	36.00	24.00	44.00	39.00	0.00	10.00	0.00	35.00	35.00	41.00	0.00	54.00	58.00	42.00
	4181.31	0.00	33.00	0.00	36.00	24.00	44.00	40.00	0.00	10.00	0.00	35.00	33.00	41.00	0.00	54.00	58.00	42.00
	4181.32	0.00	33.00	0.00	36.00	24.00	44.00	40.00	0.00	10.00	0.00	36.00	33.00	40.00	0.00	54.00	58.00	42.00
	4181.33	0.00	33.00	0.00	37.00	24.00	43.00	40.00	0.00	10.00	0.00	36.00	35.00	42.00	0.00	54.00	58.00	42.00
	4181.34	0.00	33.00	0.00	36.00	23.00	44.00	40.00	0.00	10.00	0.00	35.00	33.00	41.00	0.00	54.00	58.00	42.00
	4181.35	0.00	32.00	0.00	36.00	25.00	43.00	40.00	0.00	10.00	0.00	34.00	33.00	40.00	0.00	54.00	58.00	42.00
	4181.36	0.00	32.00	0.00	36.00	24.00	44.00	40.00	0.00	10.00	0.00	36.00	35.00	42.00	0.00	54.00	58.00	42.00
	4181.37	0.00	33.00	0.00	36.00	23.00	43.00	40.00	0.00	10.00	0.00	35.00	35.00	41.00	0.00	54.00	58.00	42.00
	4181.38	0.00	32.00	0.00	37.00	24.00	43.00	40.00	0.00	10.00	0.00	34.00	35.00	41.00	0.00	54.00	58.00	42.00
	4181.39	0.00	32.00	0.00	36.00	24.00	44.00	40.00	0.00	10.00	0.00	35.00	33.00	41.00	0.00	54.00	58.00	42.00
	4181.40	0.00	32.00	0.00	36.00	24.00	43.00	40.00	0.00	10.00	0.00	35.00	33.00	41.00	0.00	54.00	58.00	42.00
	4181.41	0.00	33.00	0.00	35.00	24.00	43.00	40.00	0.00	10.00	0.00	35.00	35.00	42.00	0.00	54.00	58.00	42.00
	4181.42	0.00	33.00	0.00	36.00	23.00	44.00	40.00	0.00	10.00	0.00	35.00	33.00	41.00	0.00	54.00	58.00	42.00
	4181.43	0.00	33.00	0.00	36.00	23.00	43.00	40.00	0.00	10.00	0.00	35.00	33.00	42.00	0.00	54.00	58.00	41.00
	4181.44	0.00	32.00	0.00	37.00	23.00	44.00	40.00	0.00	11.00	0.00	36.00	35.00	42.00	0.00	54.00	58.00	42.00
	4181.45	0.00	32.00	0.00	37.00	23.00	44.00	40.00	0.00	11.00	0.00	36.00	33.00	41.00	0.00	54.00	58.00	42.00
	4181.45	0.00	32.00	0.00	37.00	23.00	44.00	40.00	0.00	12.00	0.00	36.00	35.00	43.00	0.00	54.00	58.00	42.00
	4181.46	0.00	33.00	0.00	36.00	24.00	43.00	40.00	0.00	12.00	0.00	36.00	33.00	42.00	0.00	54.00	58.00	42.00
	4181.47	0.00	33.00	0.00	36.00	23.00	44.00	40.00	0.00	12.00	0.00	36.00	35.00	42.00	0.00	54.00	58.00	41.00
	4181.48	0.00	32.00	0.00	36.00	24.00	43.00	40.00	0.00	12.00	0.00	34.00	35.00	42.00	0.00	54.00	58.00	42.00
	4181.49	0.00	32.00	0.00	36.00	22.00	44.00	40.00	0.00	12.00	0.00	35.00	33.00	41.00	0.00	54.00	58.00	42.00
	4181.50	0.00	32.00	0.00	36.00	23.00	44.00	40.00	0.00	12.00	0.00	35.00	35.00	41.00	0.00	54.00	58.00	42.00
	4181.51	0.00	33.00	0.00	37.00	23.00	43.00	40.00	0.00	12.00	0.00	36.00	33.00	42.00	0.00	54.00	58.00	42.00
	4181.52	0.00	33.00	0.00	36.00	24.00	44.00	40.00	0.00	12.00	0.00	35.00	34.00	40.00	0.00	54.00	58.00	42.00
	4181.53	0.00	32.00	0.00	36.00	23.00	44.00	40.00	0.00	12.00	0.00	36.00	33.00	42.00	0.00	54.00	58.00	42.00
	4181.54	0.00	32.00	0.00	36.00	23.00	44.00	40.00	0.00	12.00	0.00	36.00	35.00	43.00	0.00	54.00	58.00	42.00
	4181.55	0.00	33.00	0.00	36.00	24.00	44.00	40.00	0.00	12.00	0.00	35.00	33.00	41.00	0.00	54.00	58.00	42.00
	4181.56	0.00	32.00	0.00	36.00	23.00	43.00	40.00	0.00	12.00	0.00	34.00	33.00	41.00	0.00	54.00	58.00	42.00
	4181.57	0.00	33.00	0.00	36.00	22.00	44.00	40.00	0.00	12.00	0.00	35.00	35.00	40.00	0.00	54.00	58.00	42.00
	4181.58	0.00	33.00	0.00	36.00	23.00	43.00	40.00	0.00	13.00	0.00	35.00	33.00	42.00	0.00	54.00	58.00	42.00
	4181.59	0.00	32.00	0.00	36.00	23.00	44.00	40.00	0.00	13.00	0.00	36.00	35.00	42.00	0.00	54.00	58.00	42.00
	4181.60	0.00	33.00	0.00	36.00	24.00	43.00	40.00	0.00	12.00	0.00	35.00	35.00	41.00	0.00	54.00	58.00	42.00
	4181.61	0.00	33.00	0.00	36.00	23.00	44.00	40.00	0.00	12.00	0.00	35.00	33.00	41.00	0.00	54.00	58.00	42.00
	4181.62	0.00	33.00	0.00	37.00	24.00	43.00	40.00	0.00	13.00	0.00	36.00	35.00	42.00	0.00	54.00	58.00	42.00
	4181.62	0.00	33.00	0.00	37.00	24.00	43.00	40.00	0.00	12.00	0.00	35.00	33.00	41.00	0.00	54.00	58.00	42.00
	4181.63	0.00	33.00	0.00	36.00	24.00	44.00	40.00	0.00	12.00	0.00	35.00	35.00	41.00	0.00	54.00	58.00	42.00
	4181.64	0.00	33.00	0.00	36.00	24.00	44.00	40.00	0.00	12.00	0.00	34.00	33.00	41.00	0.00	54.00	58.00	42.00
	4181.65	0.00	33.00	0.00	36.00	24.00	44.00	39.00	0.00	12.00	0.00	34.00	35.00	40.00	0.00	54.00	58.00	42.00
	4181.66	0.00	33.00	0.00	36.00	24.00	43.00	40.00	0.00	12.00	0.00	36.00	35.00	42.00	0.00	54.00	58.00	42.00
	4181.67	0.00	33.00	0.00	36.00	24.00	43.00	40.00	0.00	13.00	0.00	36.00	33.00	42.00	0.00	54.00	58.00	42.00
	4181.68	0.00	33.00	0.00	36.00	24.00	44.00	40.00	0.00	13.00	0.00	34.00	35.00	41.00	0.00	54.00	58.00	42.00
	4181.69	0.00	32.00	0.00	36.00	23.00	43.00	40.00	0.00	13.00	0.00	34.00	35.00	41.00	0.00	54.00	58.00	42.00
	4181.70	0.00	32.00	0.00	36.00	24.00	43.00	40.00	0.00	13.00	0.00	34.00	33.00	41.00	0.00	54.00	58.00	42.00
	4181.71	0.00	33.00	0.00	36.00	24.00	42.00	40.00	0.00	13.00	0.00	36.00	35.00	42.00	0.00	54.00	58.00	42.00
	4181.72	0.00	33.00	0.00	36.00	24.00	43.00	40.00	0.00	13.00	0.00	35.00	34.00	41.00	0.00	54.00	58.00	42.00
	4181.73	0.00	32.00	0.00	36.00	24.00	44.00	40.00	0.00	13.00	0.00	36.00	35.00	42.00	0.00	54.00	58.00	42.00
	4181.74	0.00	32.00	0.00	37.00	25.00	44.00	40.00	0.00	13.00	0.00	36.00	35.00	42.00	0.00	54.00	58.00	42.00
	4181.75	0.00	32.00	0.00	36.00	25.00	43.00	40.00	0.00	13.00	0.00	35.00	33.00	41.00	0.00	54.00	58.00	42.00
	4181.76	0.00	32.00	0.00	37.00	25.00	44.00	39.00	0.00	13.00	0.00	35.00	35.00	42.00	0.00	54.00	58.00	42.00
	4181.77	0.00	33.00	0.00	37.00	25.00	43.00	40.00	0.00	13.00	0.00	36.00	35.00	42.00	0.00	54.00	58.00	42.00
	4181.78	0.00	33.00	0.00	36.00	24.00	44.00	40.00	0.00	14.00	0.00	35.00	35.00	41.00	0.00	54.00	58.00	42.00
	4181.79	0.00	32.00	0.00	36.00	24.00	44.00	40.00	0.00	14.00	0.00	36.00	33.00	42.00	0.00	54.00	58.00	42.00
	4181.79	0.00	33.00	0.00	35.00	22.00	43.00	40.00	0.00	13.00	0.00	35.00	35.00	41.00	0.00	54.00	58.00	42.00
	4181.80	0.00	32.00	0.00	36.00	24.00	44.00	40.00	0.00	14.00	0.00	35.00	35.00	42.00	0.00	54.00	58.00	42.00
	4181.81	0.00	33.00	0.00	37.00	25.00	43.00	40.00	0.00	13.00	0.00	36.00	35.00	42.00	0.00	54.00	58.00	42.00
	4181.82	0.00	33.00	0.00	36.00	25.00	43.00	40.00	0.00	13.00	0.00	36.00	35.00	42.00	0.00	54.00	58.00	42.00
	4181.83	0.00	33.00	0.00	36.00	25.00	44.00	40.00	0.00	13.00	0.00	35.00	35.00	41.00	0.00	54.00	58.00	42.00
	4181.84	0.00	32.00	0.00	36.00	25.00	44.00	40.00	0.00	14.00	0.00	36.00	35.00	41.00	0.00	53.00	58.00	42.00
	4181.85	0.00	32.00	0.00	36.00	24.00	44.00	40.00	0.00	14.00	0.00	36.00	35.00	43.00	0.00	54.00	58.00	42.00
	4181.86	0.00	32.00	0.00	36.00	25.00	44.00	40.00	0.00	14.00	0.00	36.00	35.00	43.00	0.00	54.00	58.00	42.00
	4181.87	0.00	32.00	0.00	36.00	25.00	44.00	40.00	0.00	14.00	0.00	36.00	35.00	42.00	0.00	54.00	58.00	42.00
	4181.88	0.00	33.00	0.00	36.00	25.00	43.00	40.00	0.00	13.00	0.00	35.00	35.00	42.00	0.00	54.00	57.00	43.00
	4181.89	0.00	33.00	0.00	36.00	25.00	43.00	40.00	0.00	14.00	0.00	34.00	33.00	41.00	0.00	54.00	58.00	42.00
	4181.90	0.00	33.00	0.00	36.00	25.00	43.00	40.00	0.00	14.00	0.00	36.00	33.00	40.00	0.00	54.00	58.00	42.00
	4181.91	0.00	33.00	0.00	37.00	25.00	43.00	40.00	0.00	14.00	0.00	36.00	33.00	43.00	0.00	54.00	58.00	42.00
	4181.92	1.00	32.00	0.00	37.00	25.00	43.00	40.00	0.00	14.00	0.00	34.00	33.00	41.00	0.00	54.00	58.00	42.00
	4181.92	1.00	33.00	0.00	37.00	25.00	44.00	40.00	0.00	14.00	0.00	35.00	33.00	40.00	0.00	54.00	58.00	42.00
	4181.94	1.00	33.00	0.00	36.00	25.00	43.00	40.00	0.00	15.00	0.00	35.00	35.00	42.00	0.00	54.00	58.00	42.00
	4181.94	1.00	33.00	0.00	36.00	25.00	43.00	40.00	0.00	14.00	0.00	35.00	33.00	41.00	0.00	54.00	58.00	42.00
	4181.95	1.00	33.00	0.00	36.00	24.00	43.00	40.00	0.00	15.00	0.00	35.00	35.00	42.00	0.00	54.00	58.00	42.00
	4181.96	1.00	32.00	0.00	36.00	24.00	43.00	39.00	0.00	14.00	0.00	35.00	33.00	42.00	0.00	54.00	58.00	42.00
	4181.97	1.00	33.00	0.00	36.00	24.00	44.00	40.00	0.00	15.00	0.00	34.00	35.00	41.00	0.00	54.00	58.00	42.00
	4181.98	1.00	33.00	0.00	36.00	25.00	43.00	40.00	0.00	15.00	0.00	36.00	33.00	42.00	0.00	54.00	58.00	41.00
	4181.99	1.00	33.00	0.00	36.00	25.00	44.00	40.00	0.00	14.00	0.00	35.00	35.00	42.00	0.00	54.00	58.00	42.00
	4182.00	1.00	33.00	0.00	36.00	24.00	43.00	40.00	0.00	15.00	0.00	35.00	35.00	41.00	0.00	54.00	58.00	42.00
	4182.01	1.00	33.00	0.00	36.00	25.00	43.00	39.00	0.00	15.00	0.00	35.00	35.00	42.00	0.00	54.00	58.00	42.00
	4182.02	1.00	33.00	0.00	36.00	25.00	44.00	39.00	0.00	15.00	0.00	35.00	34.00	41.00	0.00	54.00	58.00	42.00
	4182.03	1.00	33.00	0.00	36.00	24.00	43.00	40.00	0.00	15.00	0.00	35.00	33.00	42.00	0.00	54.00	58.00	42.00
	4182.04	1.00	33.00	0.00	36.00	25.00	44.00	40.00	0.00	15.00	0.00	35.00	35.00	42.00	0.00	54.00	58.00	42.00
	4182.05	1.00	33.00	0.00	36.00	25.00	43.00	40.00	0.00	15.00	0.00	35.00	35.00	42.00	0.00	54.00	58.00	42.00
	4182.06	1.00	33.00	0.00	37.00	25.00	43.00	39.00	0.00	16.00	0.00	35.00	35.00	42.00	0.00	54.00	58.00	42.00
	4182.07	1.00	33.00	0.00	36.00	25.00	44.00	40.00	0.00	15.00	0.00	34.00	34.00	41.00	0.00	54.00	58.00	42.00
	4182.08	1.00	33.00	0.00	37.00	25.00	44.00	40.00	0.00	16.00	0.00	35.00	35.00	43.00	0.00	54.00	58.00	44.00
	4182.09	1.00	33.00	0.00	36.00	25.00	43.00	40.00	0.00	16.00	0.00	35.00	35.00	40.00	0.00	54.00	58.00	44.00
	4182.10	1.00	33.00	0.00	35.00	25.00	43.00	40.00	0.00	16.00	0.00	36.00	35.00	40.00	0.00	54.00	58.00	44.00
	4182.10	1.00	33.00	0.00	36.00	25.00	43.00	40.00	0.00	16.00	0.00	35.00	34.00	42.00	0.00	54.00	58.00	42.00
	4182.11	1.00	33.00	0.00	36.00	25.00	43.00	40.00	0.00	16.00	0.00	35.00	34.00	41.00	0.00	54.00	58.00	44.00
	4182.12	1.00	33.00	0.00	37.00	25.00	43.00	40.00	0.00	15.00	0.00	35.00	34.00	42.00	0.00	54.00	58.00	42.00
	4182.13	0.00	33.00	0.00	37.00	25.00	43.00	40.00	0.00	15.00	0.00	35.00	36.00	42.00	0.00	54.00	58.00	42.00
	4182.14	0.00	33.00	0.00	36.00	24.00	44.00	40.00	0.00	15.00	0.00	34.00	36.00	41.00	0.00	54.00	58.00	42.00
	4182.15	0.00	33.00	0.00	36.00	25.00	43.00	40.00	0.00	15.00	0.00	35.00	36.00	41.00	0.00	54.00	58.00	42.00
	4182.16	0.00	33.00	0.00	37.00	25.00	44.00	40.00	0.00	15.00	0.00	35.00	34.00	40.00	0.00	54.00	58.00	42.00
	4182.17	0.00	33.00	0.00	36.00	25.00	43.00	40.00	0.00	15.00	0.00	36.00	34.00	42.00	0.00	54.00	58.00	41.00
	4182.18	0.00	32.00	0.00	36.00	25.00	43.00	40.00	0.00	15.00	0.00	34.00	36.00	41.00	0.00	54.00	58.00	42.00
	4182.19	0.00	33.00	0.00	36.00	24.00	44.00	40.00	0.00	15.00	0.00	35.00	35.00	41.00	0.00	54.00	58.00	42.00
	4182.20	0.00	33.00	0.00	36.00	25.00	44.00	40.00	0.00	15.00	0.00	34.00	34.00	41.00	0.00	54.00	58.00	42.00
	4182.21	0.00	33.00	0.00	36.00	25.00	43.00	40.00	0.00	15.00	0.00	36.00	34.00	42.00	0.00	54.00	58.00	42.00
	4182.22	0.00	33.00	0.00	36.00	24.00	44.00	40.00	0.00	14.00	0.00	35.00	36.00	41.00	0.00	54.00	58.00	42.00
	4182.23	0.00	32.00	0.00	37.00	24.00	43.00	40.00	0.00	15.00	0.00	35.00	35.00	40.00	0.00	54.00	58.00	42.00
	4182.24	0.00	33.00	0.00	37.00	25.00	43.00	40.00	0.00	15.00	0.00	34.00	35.00	41.00	0.00	54.00	58.00	42.00
	4182.25	0.00	33.00	0.00	37.00	25.00	43.00	40.00	0.00	15.00	0.00	34.00	35.00	40.00	0.00	54.00	58.00	42.00
	4182.25	0.00	33.00	0.00	36.00	24.00	44.00	40.00	0.00	15.00	0.00	34.00	35.00	41.00	0.00	54.00	58.00	42.00
	4182.27	0.00	33.00	0.00	36.00	24.00	43.00	40.00	0.00	15.00	0.00	35.00	34.00	41.00	0.00	54.00	58.00	42.00
	4182.27	0.00	33.00	0.00	36.00	24.00	44.00	40.00	0.00	15.00	0.00	35.00	34.00	41.00	0.00	54.00	58.00	42.00
	4182.28	0.00	32.00	0.00	37.00	24.00	44.00	40.00	0.00	15.00	0.00	35.00	36.00	41.00	0.00	54.00	57.00	42.00
	4182.29	0.00	32.00	0.00	36.00	24.00	43.00	40.00	0.00	15.00	0.00	35.00	34.00	41.00	0.00	54.00	58.00	42.00
	4182.30	0.00	33.00	0.00	36.00	24.00	43.00	40.00	0.00	15.00	0.00	36.00	35.00	42.00	0.00	54.00	57.00	42.00
	4182.31	0.00	33.00	0.00	37.00	24.00	43.00	40.00	0.00	15.00	0.00	36.00	36.00	42.00	0.00	54.00	58.00	42.00
	4182.32	0.00	32.00	0.00	37.00	24.00	44.00	40.00	0.00	16.00	0.00	36.00	35.00	42.00	0.00	54.00	58.00	42.00
	4182.33	0.00	32.00	0.00	37.00	24.00	44.00	40.00	0.00	15.00	0.00	35.00	35.00	40.00	0.00	54.00	58.00	42.00
	4182.34	0.00	32.00	0.00	37.00	23.00	43.00	40.00	0.00	15.00	0.00	34.00	34.00	41.00	0.00	54.00	58.00	42.00
	4182.35	0.00	32.00	0.00	37.00	24.00	44.00	40.00	0.00	15.00	0.00	35.00	34.00	41.00	0.00	54.00	58.00	42.00
	4182.36	0.00	33.00	0.00	37.00	24.00	43.00	40.00	0.00	15.00	0.00	35.00	34.00	42.00	0.00	54.00	58.00	42.00
	4182.37	0.00	33.00	0.00	36.00	24.00	44.00	40.00	0.00	16.00	0.00	36.00	35.00	42.00	0.00	54.00	58.00	44.00
	4182.38	0.00	32.00	0.00	37.00	24.00	43.00	40.00	0.00	15.00	0.00	34.00	35.00	41.00	0.00	54.00	58.00	42.00
	4182.39	0.00	32.00	0.00	36.00	24.00	44.00	40.00	0.00	15.00	0.00	36.00	36.00	42.00	0.00	54.00	58.00	42.00
	4182.40	0.00	32.00	0.00	37.00	24.00	43.00	40.00	0.00	15.00	0.00	34.00	35.00	41.00	0.00	54.00	58.00	42.00
	4182.41	0.00	33.00	0.00	36.00	24.00	43.00	40.00	0.00	15.00	0.00	35.00	35.00	41.00	0.00	54.00	58.00	42.00
	4182.41	0.00	33.00	0.00	36.00	24.00	43.00	40.00	0.00	15.00	0.00	35.00	35.00	41.00	0.00	54.00	58.00	42.00
	4182.42	0.00	33.00	0.00	37.00	24.00	43.00	40.00	0.00	15.00	0.00	36.00	33.00	42.00	0.00	54.00	58.00	41.00
	4182.43	0.00	32.00	0.00	36.00	24.00	44.00	40.00	0.00	15.00	0.00	35.00	35.00	42.00	0.00	54.00	58.00	42.00
	4182.44	0.00	32.00	0.00	36.00	24.00	44.00	40.00	0.00	14.00	0.00	36.00	35.00	42.00	0.00	54.00	58.00	42.00
	4182.45	0.00	32.00	0.00	36.00	24.00	44.00	40.00	0.00	14.00	0.00	35.00	33.00	41.00	0.00	54.00	58.00	42.00
	4182.46	0.00	33.00	0.00	36.00	24.00	43.00	40.00	0.00	13.00	0.00	36.00	34.00	43.00	0.00	54.00	58.00	42.00
	4182.47	0.00	33.00	0.00	36.00	24.00	44.00	40.00	0.00	14.00	0.00	35.00	35.00	41.00	0.00	54.00	58.00	42.00
	4182.48	0.00	33.00	0.00	37.00	24.00	44.00	40.00	0.00	14.00	0.00	35.00	35.00	41.00	0.00	54.00	58.00	42.00
	4182.49	0.00	32.00	0.00	36.00	23.00	43.00	40.00	0.00	14.00	0.00	35.00	35.00	41.00	0.00	54.00	58.00	42.00
	4182.50	0.00	32.00	0.00	36.00	24.00	44.00	40.00	0.00	15.00	0.00	36.00	35.00	42.00	0.00	54.00	58.00	42.00
	4182.51	0.00	33.00	0.00	37.00	23.00	43.00	39.00	0.00	14.00	0.00	36.00	33.00	42.00	0.00	54.00	57.00	42.00
	4182.52	0.00	33.00	0.00	36.00	24.00	43.00	40.00	0.00	15.00	0.00	35.00	35.00	41.00	0.00	54.00	58.00	42.00
	4182.53	0.00	32.00	0.00	37.00	23.00	44.00	40.00	0.00	15.00	0.00	35.00	35.00	40.00	0.00	54.00	58.00	42.00
	4182.54	0.00	32.00	0.00	36.00	24.00	43.00	40.00	0.00	14.00	0.00	34.00	33.00	41.00	0.00	54.00	58.00	42.00
	4182.55	0.00	32.00	0.00	36.00	24.00	44.00	40.00	0.00	15.00	0.00	36.00	34.00	41.00	0.00	54.00	58.00	42.00
	4182.56	0.00	33.00	0.00	36.00	24.00	44.00	40.00	0.00	15.00	0.00	34.00	35.00	40.00	0.00	54.00	58.00	42.00
	4182.56	0.00	33.00	0.00	37.00	24.00	43.00	40.00	0.00	15.00	0.00	36.00	33.00	43.00	0.00	54.00	58.00	43.00
	4182.58	0.00	32.00	0.00	36.00	24.00	44.00	40.00	0.00	15.00	0.00	35.00	35.00	42.00	0.00	54.00	58.00	42.00
	4182.58	0.00	32.00	0.00	36.00	25.00	43.00	40.00	0.00	15.00	0.00	35.00	35.00	41.00	0.00	53.00	58.00	42.00
	4182.59	0.00	32.00	0.00	36.00	24.00	43.00	40.00	0.00	16.00	0.00	36.00	35.00	42.00	0.00	54.00	58.00	44.00
	4182.60	0.00	33.00	0.00	36.00	24.00	44.00	40.00	0.00	16.00	0.00	34.00	34.00	41.00	0.00	54.00	58.00	42.00
	4182.61	0.00	32.00	0.00	36.00	24.00	43.00	40.00	0.00	16.00	0.00	36.00	35.00	42.00	0.00	54.00	58.00	44.00
	4182.62	0.00	33.00	0.00	36.00	24.00	44.00	40.00	0.00	15.00	0.00	35.00	36.00	41.00	0.00	54.00	58.00	42.00
	4182.63	0.00	32.00	0.00	36.00	24.00	44.00	40.00	0.00	16.00	0.00	36.00	34.00	41.00	0.00	54.00	58.00	44.00
	4182.64	0.00	32.00	0.00	36.00	24.00	44.00	40.00	0.00	16.00	0.00	36.00	36.00	42.00	0.00	54.00	57.00	44.00
	4182.65	0.00	33.00	0.00	36.00	24.00	43.00	40.00	0.00	16.00	0.00	34.00	35.00	41.00	0.00	54.00	58.00	42.00
	4182.66	0.00	33.00	0.00	37.00	24.00	43.00	39.00	0.00	16.00	0.00	35.00	35.00	40.00	0.00	54.00	57.00	42.00
	4182.67	0.00	33.00	0.00	36.00	24.00	43.00	40.00	0.00	16.00	0.00	36.00	35.00	43.00	0.00	54.00	58.00	44.00
	4182.68	0.00	33.00	0.00	36.00	24.00	44.00	40.00	0.00	16.00	0.00	35.00	34.00	41.00	0.00	54.00	58.00	42.00
	4182.69	0.00	32.00	0.00	36.00	23.00	43.00	40.00	0.00	16.00	0.00	35.00	35.00	42.00	0.00	54.00	58.00	42.00
	4182.70	0.00	33.00	0.00	36.00	24.00	44.00	40.00	0.00	16.00	0.00	35.00	34.00	41.00	0.00	54.00	58.00	42.00
	4182.71	0.00	33.00	0.00	36.00	24.00	43.00	40.00	0.00	16.00	0.00	35.00	35.00	41.00	0.00	54.00	58.00	42.00
	4182.72	0.00	33.00	0.00	35.00	24.00	43.00	40.00	0.00	16.00	0.00	35.00	35.00	42.00	0.00	54.00	58.00	44.00
	4182.73	0.00	33.00	0.00	36.00	24.00	44.00	40.00	0.00	16.00	0.00	35.00	35.00	41.00	0.00	54.00	58.00	42.00
	4182.73	0.00	33.00	0.00	36.00	24.00	44.00	40.00	0.00	16.00	0.00	35.00	34.00	41.00	0.00	54.00	58.00	42.00
	4182.75	0.00	32.00	0.00	37.00	22.00	44.00	40.00	0.00	16.00	0.00	35.00	34.00	41.00	0.00	54.00	58.00	42.00
	4182.75	0.00	33.00	0.00	36.00	23.00	43.00	40.00	0.00	16.00	0.00	36.00	34.00	42.00	0.00	54.00	57.00	42.00
	4182.76	0.00	33.00	0.00	36.00	24.00	43.00	40.00	0.00	17.00	0.00	36.00	35.00	42.00	0.00	54.00	57.00	44.00
	4182.77	0.00	33.00	0.00	36.00	24.00	44.00	40.00	0.00	16.00	0.00	35.00	34.00	41.00	0.00	54.00	58.00	42.00
	4182.78	0.00	32.00	0.00	36.00	25.00	44.00	40.00	0.00	16.00	0.00	36.00	35.00	40.00	0.00	54.00	57.00	44.00
	4182.79	0.00	33.00	0.00	36.00	24.00	44.00	40.00	0.00	16.00	0.00	36.00	34.00	42.00	0.00	54.00	58.00	44.00
	4182.80	0.00	33.00	0.00	36.00	24.00	43.00	40.00	0.00	16.00	0.00	36.00	36.00	42.00	0.00	54.00	58.00	44.00
	4182.81	0.00	33.00	0.00	37.00	25.00	43.00	40.00	0.00	16.00	0.00	36.00	36.00	43.00	0.00	54.00	58.00	42.00
	4182.82	0.00	32.00	0.00	37.00	24.00	44.00	40.00	0.00	16.00	0.00	35.00	36.00	42.00	0.00	54.00	58.00	42.00
	4182.83	0.00	33.00	0.00	36.00	24.00	44.00	40.00	0.00	16.00	0.00	35.00	36.00	41.00	0.00	54.00	58.00	42.00
	4182.84	0.00	32.00	0.00	37.00	24.00	44.00	40.00	0.00	17.00	0.00	36.00	35.00	40.00	0.00	54.00	58.00	44.00
	4182.85	0.00	32.00	0.00	36.00	24.00	44.00	40.00	0.00	16.00	0.00	36.00	36.00	42.00	0.00	54.00	58.00	42.00
	4182.86	0.00	32.00	0.00	36.00	24.00	44.00	40.00	0.00	17.00	0.00	36.00	34.00	42.00	0.00	54.00	57.00	44.00
	4182.87	0.00	32.00	0.00	36.00	24.00	44.00	40.00	0.00	17.00	0.00	35.00	34.00	41.00	0.00	54.00	58.00	42.00
	4182.88	0.00	33.00	0.00	37.00	25.00	43.00	40.00	0.00	16.00	0.00	36.00	35.00	42.00	0.00	54.00	58.00	44.00
	4182.89	0.00	33.00	0.00	36.00	24.00	43.00	40.00	0.00	16.00	0.00	36.00	35.00	41.00	0.00	54.00	58.00	44.00
	4182.89	0.00	32.00	0.00	36.00	24.00	44.00	40.00	0.00	16.00	0.00	36.00	35.00	42.00	0.00	54.00	58.00	42.00
	4182.90	0.00	32.00	0.00	36.00	25.00	44.00	40.00	0.00	16.00	0.00	36.00	35.00	42.00	0.00	54.00	57.00	44.00
	4182.91	0.00	32.00	0.00	36.00	24.00	43.00	40.00	0.00	16.00	0.00	36.00	35.00	40.00	0.00	54.00	57.00	44.00
	4182.92	0.00	32.00	0.00	37.00	24.00	43.00	40.00	0.00	17.00	0.00	36.00	35.00	42.00	0.00	54.00	57.00	44.00
	4182.93	0.00	33.00	0.00	37.00	24.00	43.00	40.00	0.00	17.00	0.00	36.00	35.00	42.00	0.00	54.00	57.00	44.00
	4182.94	0.00	33.00	0.00	36.00	24.00	44.00	40.00	0.00	16.00	0.00	35.00	35.00	41.00	0.00	54.00	57.00	42.00
	4182.95	0.00	33.00	0.00	36.00	23.00	44.00	40.00	0.00	17.00	0.00	35.00	33.00	41.00	0.00	54.00	57.00	42.00
	4182.96	0.00	33.00	0.00	36.00	23.00	44.00	40.00	0.00	17.00	0.00	36.00	33.00	42.00	0.00	54.00	57.00	44.00
	4182.97	0.00	32.00	0.00	36.00	24.00	43.00	40.00	0.00	16.00	0.00	36.00	35.00	42.00	0.00	54.00	57.00	44.00
	4182.98	0.00	32.00	0.00	36.00	24.00	44.00	40.00	0.00	17.00	0.00	36.00	33.00	42.00	0.00	54.00	57.00	44.00
	4182.99	0.00	33.00	0.00	36.00	24.00	43.00	40.00	0.00	16.00	0.00	35.00	35.00	42.00	0.00	54.00	57.00	43.00
	4183.00	0.00	32.00	0.00	36.00	24.00	44.00	40.00	0.00	17.00	0.00	36.00	33.00	42.00	0.00	54.00	57.00	44.00
	4183.01	0.00	33.00	0.00	36.00	24.00	43.00	40.00	0.00	17.00	0.00	36.00	33.00	42.00	0.00	53.00	57.00	44.00
	4183.02	0.00	33.00	0.00	36.00	22.00	44.00	40.00	0.00	17.00	0.00	35.00	33.00	41.00	0.00	54.00	57.00	42.00
	4183.03	0.00	32.00	0.00	36.00	24.00	44.00	40.00	0.00	17.00	0.00	35.00	35.00	42.00	0.00	54.00	57.00	42.00
	4183.04	0.00	33.00	0.00	36.00	24.00	43.00	40.00	0.00	17.00	0.00	36.00	35.00	41.00	0.00	54.00	57.00	42.00
	4183.05	0.00	33.00	0.00	36.00	24.00	43.00	40.00	0.00	17.00	0.00	36.00	35.00	42.00	0.00	54.00	57.00	44.00
	4183.06	0.00	32.00	0.00	36.00	24.00	44.00	40.00	0.00	17.00	0.00	35.00	33.00	42.00	0.00	54.00	56.00	44.00
	4183.06	0.00	32.00	0.00	36.00	24.00	44.00	40.00	0.00	17.00	0.00	36.00	35.00	40.00	0.00	53.00	57.00	44.00
	4183.07	0.00	33.00	0.00	37.00	24.00	43.00	40.00	0.00	17.00	0.00	36.00	35.00	42.00	0.00	54.00	56.00	44.00
	4183.08	0.00	32.00	0.00	36.00	24.00	44.00	40.00	0.00	17.00	0.00	36.00	33.00	42.00	0.00	54.00	56.00	44.00
	4183.09	0.00	33.00	0.00	37.00	24.00	43.00	39.00	0.00	17.00	0.00	36.00	35.00	42.00	0.00	54.00	56.00	44.00
	4183.10	0.00	33.00	0.00	37.00	24.00	43.00	40.00	0.00	18.00	0.00	36.00	33.00	42.00	0.00	54.00	56.00	42.00
	4183.11	0.00	32.00	0.00	36.00	24.00	44.00	40.00	0.00	18.00	0.00	36.00	35.00	42.00	0.00	54.00	56.00	42.00
	4183.12	0.00	33.00	0.00	36.00	24.00	44.00	40.00	0.00	17.00	0.00	35.00	33.00	42.00	0.00	54.00	57.00	44.00
	4183.13	0.00	33.00	0.00	36.00	24.00	44.00	40.00	0.00	17.00	0.00	36.00	35.00	42.00	0.00	53.00	57.00	44.00
	4183.14	0.00	33.00	0.00	36.00	24.00	44.00	40.00	0.00	17.00	0.00	36.00	35.00	42.00	0.00	54.00	57.00	44.00
	4183.15	0.00	33.00	0.00	37.00	24.00	43.00	40.00	0.00	17.00	0.00	35.00	35.00	42.00	0.00	54.00	56.00	44.00
	4183.16	0.00	33.00	0.00	37.00	24.00	43.00	40.00	0.00	18.00	0.00	36.00	35.00	42.00	0.00	54.00	57.00	44.00
	4183.17	0.00	33.00	0.00	37.00	24.00	44.00	40.00	0.00	19.00	0.00	34.00	35.00	42.00	0.00	53.00	57.00	42.00
	4183.18	0.00	33.00	0.00	37.00	24.00	43.00	40.00	0.00	20.00	0.00	36.00	35.00	42.00	0.00	54.00	57.00	44.00
	4183.19	0.00	32.00	0.00	37.00	23.00	44.00	40.00	0.00	19.00	0.00	36.00	33.00	42.00	0.00	53.00	56.00	44.00
	4183.19	0.00	33.00	0.00	36.00	24.00	44.00	40.00	0.00	20.00	0.00	36.00	35.00	42.00	0.00	54.00	57.00	44.00
	4183.20	0.00	33.00	0.00	37.00	24.00	43.00	40.00	0.00	20.00	0.00	36.00	35.00	43.00	0.00	54.00	56.00	44.00
	4183.21	0.00	33.00	0.00	37.00	24.00	43.00	40.00	0.00	20.00	0.00	36.00	35.00	42.00	0.00	54.00	57.00	44.00
	4183.22	0.00	32.00	0.00	37.00	23.00	43.00	40.00	0.00	20.00	0.00	35.00	33.00	41.00	0.00	54.00	57.00	42.00
	4183.23	0.00	32.00	0.00	37.00	24.00	43.00	40.00	0.00	20.00	0.00	35.00	33.00	41.00	0.00	54.00	57.00	42.00
	4183.24	0.00	32.00	0.00	37.00	24.00	44.00	40.00	0.00	21.00	0.00	35.00	35.00	41.00	0.00	54.00	56.00	44.00
	4183.25	0.00	32.00	0.00	37.00	23.00	44.00	40.00	0.00	21.00	0.00	36.00	33.00	42.00	0.00	54.00	56.00	44.00
	4183.26	0.00	33.00	0.00	37.00	26.00	43.00	40.00	0.00	21.00	0.00	36.00	35.00	42.00	0.00	53.00	57.00	44.00
	4183.27	0.00	33.00	0.00	36.00	24.00	44.00	40.00	0.00	21.00	0.00	35.00	35.00	40.00	0.00	53.00	57.00	42.00
	4183.28	0.00	32.00	0.00	37.00	25.00	44.00	40.00	0.00	21.00	0.00	35.00	34.00	42.00	0.00	53.00	56.00	44.00
	4183.29	0.00	32.00	0.00	37.00	26.00	44.00	40.00	0.00	21.00	0.00	36.00	35.00	42.00	0.00	53.00	56.00	44.00
	4183.30	0.00	31.00	0.00	37.00	22.00	44.00	40.00	0.00	22.00	0.00	36.00	35.00	41.00	0.00	53.00	57.00	44.00
	4183.31	0.00	32.00	0.00	36.00	24.00	44.00	40.00	0.00	21.00	0.00	36.00	35.00	42.00	0.00	53.00	56.00	44.00
	4183.32	0.00	33.00	0.00	36.00	24.00	44.00	40.00	0.00	21.00	0.00	35.00	35.00	41.00	0.00	53.00	57.00	43.00
	4183.33	0.00	32.00	0.00	37.00	24.00	44.00	40.00	0.00	21.00	0.00	36.00	35.00	42.00	0.00	53.00	57.00	42.00
	4183.34	0.00	32.00	0.00	36.00	25.00	44.00	40.00	0.00	21.00	0.00	36.00	33.00	42.00	0.00	53.00	57.00	44.00
	4183.35	0.00	33.00	0.00	37.00	23.00	44.00	40.00	0.00	21.00	0.00	35.00	33.00	40.00	0.00	53.00	57.00	42.00
	4183.35	0.00	33.00	0.00	36.00	25.00	44.00	40.00	0.00	21.00	0.00	35.00	33.00	41.00	0.00	53.00	57.00	42.00
	4183.36	0.00	32.00	0.00	37.00	24.00	43.00	40.00	0.00	20.00	0.00	36.00	35.00	43.00	0.00	54.00	57.00	44.00
	4183.37	0.00	33.00	0.00	36.00	24.00	43.00	40.00	0.00	21.00	0.00	35.00	35.00	42.00	0.00	53.00	57.00	44.00
	4183.38	0.00	32.00	0.00	37.00	24.00	43.00	40.00	0.00	21.00	0.00	35.00	35.00	41.00	0.00	54.00	57.00	42.00
	4183.39	0.00	32.00	0.00	36.00	25.00	44.00	40.00	0.00	20.00	0.00	36.00	35.00	42.00	0.00	54.00	56.00	44.00
	4183.40	0.00	32.00	0.00	37.00	25.00	44.00	40.00	0.00	20.00	0.00	36.00	35.00	42.00	0.00	54.00	56.00	42.00
	4183.41	0.00	32.00	0.00	36.00	25.00	44.00	40.00	0.00	20.00	0.00	35.00	33.00	40.00	0.00	54.00	56.00	44.00
	4183.42	0.00	33.00	0.00	37.00	25.00	43.00	40.00	0.00	20.00	0.00	36.00	35.00	42.00	0.00	53.00	56.00	42.00
	4183.43	0.00	33.00	0.00	36.00	25.00	43.00	40.00	0.00	20.00	0.00	36.00	34.00	41.00	0.00	54.00	56.00	42.00
	4183.44	0.00	32.00	0.00	37.00	25.00	43.00	40.00	0.00	20.00	0.00	35.00	33.00	40.00	0.00	54.00	56.00	42.00
	4183.45	0.00	32.00	0.00	36.00	24.00	43.00	40.00	0.00	19.00	0.00	35.00	35.00	40.00	0.00	53.00	56.00	42.00
	4183.46	0.00	33.00	0.00	37.00	25.00	43.00	40.00	0.00	20.00	0.00	35.00	33.00	42.00	0.00	53.00	56.00	44.00
	4183.47	0.00	33.00	0.00	37.00	24.00	43.00	40.00	0.00	19.00	0.00	35.00	33.00	42.00	0.00	53.00	56.00	44.00
	4183.48	0.00	33.00	0.00	36.00	25.00	44.00	40.00	0.00	19.00	0.00	36.00	33.00	42.00	0.00	54.00	56.00	44.00
	4183.49	0.00	32.00	0.00	37.00	25.00	43.00	40.00	0.00	20.00	0.00	34.00	33.00	42.00	0.00	53.00	56.00	42.00
	4183.50	0.00	32.00	0.00	37.00	24.00	43.00	40.00	0.00	19.00	0.00	36.00	34.00	42.00	0.00	53.00	56.00	44.00
	4183.50	0.00	33.00	0.00	36.00	25.00	43.00	40.00	0.00	19.00	0.00	36.00	35.00	42.00	0.00	53.00	56.00	44.00
	4183.52	0.00	32.00	0.00	36.00	24.00	44.00	40.00	0.00	19.00	0.00	35.00	33.00	40.00	0.00	53.00	56.00	42.00
	4183.52	0.00	33.00	0.00	36.00	25.00	43.00	40.00	0.00	19.00	0.00	36.00	35.00	42.00	0.00	54.00	56.00	44.00
	4183.53	0.00	33.00	0.00	36.00	25.00	44.00	40.00	0.00	19.00	0.00	35.00	35.00	41.00	0.00	53.00	56.00	42.00
	4183.54	0.00	32.00	0.00	37.00	24.00	44.00	40.00	0.00	20.00	0.00	36.00	35.00	43.00	0.00	53.00	56.00	42.00
	4183.55	0.00	32.00	0.00	37.00	24.00	44.00	40.00	0.00	20.00	0.00	36.00	35.00	42.00	0.00	54.00	56.00	42.00
	4183.56	0.00	32.00	0.00	37.00	25.00	43.00	40.00	0.00	19.00	0.00	36.00	35.00	40.00	0.00	53.00	56.00	44.00
	4183.57	0.00	32.00	0.00	37.00	25.00	44.00	40.00	0.00	20.00	0.00	35.00	33.00	42.00	0.00	53.00	55.00	44.00
	4183.58	0.00	33.00	0.00	36.00	25.00	43.00	40.00	0.00	20.00	0.00	36.00	35.00	42.00	0.00	54.00	55.00	42.00
	4183.59	0.00	33.00	0.00	36.00	25.00	44.00	40.00	0.00	20.00	0.00	36.00	35.00	42.00	0.00	54.00	55.00	44.00
	4183.60	0.00	32.00	0.00	37.00	25.00	44.00	40.00	0.00	20.00	0.00	36.00	35.00	43.00	0.00	54.00	56.00	42.00
	4183.61	0.00	32.00	0.00	36.00	25.00	43.00	40.00	0.00	19.00	0.00	35.00	35.00	42.00	0.00	53.00	55.00	44.00
	4183.62	0.00	33.00	0.00	37.00	24.00	43.00	40.00	0.00	19.00	0.00	36.00	33.00	40.00	0.00	54.00	55.00	44.00
	4183.63	0.00	32.00	0.00	37.00	24.00	43.00	40.00	0.00	19.00	0.00	36.00	33.00	42.00	0.00	53.00	56.00	44.00
	4183.64	0.00	33.00	0.00	37.00	24.00	43.00	40.00	0.00	20.00	0.00	36.00	35.00	42.00	0.00	53.00	55.00	44.00
	4183.65	0.00	33.00	0.00	36.00	24.00	44.00	40.00	0.00	20.00	0.00	35.00	35.00	41.00	0.00	53.00	55.00	42.00
	4183.66	0.00	32.00	0.00	37.00	24.00	44.00	40.00	0.00	20.00	0.00	36.00	35.00	42.00	0.00	53.00	55.00	42.00
	4183.66	0.00	32.00	0.00	37.00	24.00	44.00	40.00	0.00	20.00	0.00	36.00	35.00	40.00	0.00	53.00	54.00	44.00
	4183.67	0.00	32.00	0.00	36.00	24.00	43.00	40.00	0.00	19.00	0.00	36.00	35.00	42.00	0.00	53.00	55.00	44.00
	4183.68	0.00	33.00	0.00	36.00	24.00	44.00	40.00	0.00	20.00	0.00	36.00	33.00	42.00	0.00	53.00	55.00	44.00
	4183.69	0.00	33.00	0.00	36.00	23.00	43.00	40.00	0.00	19.00	0.00	36.00	35.00	42.00	0.00	53.00	55.00	44.00
	4183.70	0.00	33.00	0.00	36.00	24.00	43.00	40.00	0.00	20.00	0.00	35.00	33.00	43.00	0.00	53.00	55.00	44.00
	4183.71	0.00	32.00	0.00	36.00	24.00	44.00	40.00	0.00	20.00	0.00	36.00	35.00	42.00	0.00	53.00	55.00	42.00
	4183.72	0.00	32.00	0.00	37.00	23.00	44.00	40.00	0.00	20.00	0.00	35.00	33.00	42.00	0.00	53.00	54.00	44.00
	4183.73	0.00	31.00	0.00	37.00	24.00	43.00	40.00	0.00	20.00	0.00	36.00	33.00	40.00	0.00	53.00	55.00	44.00
	4183.74	0.00	32.00	0.00	37.00	24.00	44.00	40.00	0.00	20.00	0.00	35.00	34.00	42.00	0.00	53.00	55.00	42.00
	4183.75	0.00	33.00	0.00	37.00	22.00	43.00	40.00	0.00	19.00	0.00	36.00	35.00	42.00	0.00	53.00	55.00	42.00
	4183.76	0.00	33.00	0.00	37.00	25.00	43.00	40.00	0.00	20.00	0.00	36.00	33.00	42.00	0.00	53.00	56.00	44.00
	4183.77	0.00	32.00	0.00	36.00	24.00	44.00	40.00	0.00	20.00	0.00	35.00	35.00	42.00	0.00	53.00	56.00	42.00
	4183.78	0.00	32.00	0.00	37.00	24.00	43.00	40.00	0.00	20.00	0.00	36.00	33.00	41.00	0.00	53.00	55.00	44.00
	4183.79	0.00	32.00	0.00	37.00	25.00	44.00	40.00	0.00	21.00	0.00	36.00	33.00	42.00	0.00	53.00	55.00	44.00
	4183.80	0.00	33.00	0.00	37.00	25.00	43.00	40.00	0.00	21.00	0.00	36.00	33.00	42.00	0.00	53.00	55.00	44.00
	4183.81	0.00	33.00	0.00	36.00	24.00	43.00	40.00	0.00	21.00	0.00	36.00	35.00	42.00	0.00	53.00	55.00	42.00
	4183.82	0.00	33.00	0.00	37.00	24.00	43.00	40.00	0.00	21.00	0.00	35.00	35.00	42.00	0.00	53.00	55.00	44.00
	4183.83	0.00	32.00	0.00	37.00	24.00	44.00	40.00	0.00	21.00	0.00	35.00	35.00	42.00	0.00	53.00	55.00	42.00
	4183.83	0.00	33.00	0.00	36.00	24.00	44.00	40.00	0.00	22.00	0.00	35.00	33.00	40.00	0.00	53.00	55.00	44.00
	4183.84	0.00	32.00	0.00	37.00	25.00	43.00	40.00	0.00	21.00	0.00	36.00	35.00	42.00	0.00	53.00	56.00	44.00
	4183.85	0.00	32.00	0.00	37.00	25.00	44.00	40.00	0.00	21.00	0.00	36.00	33.00	42.00	0.00	53.00	55.00	44.00
	4183.86	0.00	33.00	0.00	36.00	25.00	43.00	40.00	0.00	21.00	0.00	36.00	35.00	42.00	0.00	53.00	55.00	44.00
	4183.87	0.00	33.00	0.00	36.00	25.00	43.00	40.00	0.00	21.00	0.00	36.00	35.00	42.00	0.00	53.00	55.00	44.00
	4183.88	0.00	32.00	0.00	37.00	26.00	44.00	40.00	0.00	21.00	0.00	36.00	33.00	42.00	0.00	53.00	55.00	44.00
	4183.89	0.00	32.00	0.00	36.00	25.00	44.00	40.00	0.00	21.00	0.00	35.00	35.00	42.00	0.00	53.00	55.00	42.00
	4183.90	0.00	32.00	0.00	36.00	24.00	44.00	40.00	0.00	21.00	0.00	34.00	33.00	40.00	0.00	53.00	55.00	42.00
	4183.91	0.00	32.00	0.00	36.00	24.00	43.00	40.00	0.00	21.00	0.00	35.00	35.00	42.00	0.00	53.00	55.00	44.00
	4183.92	0.00	33.00	0.00	37.00	24.00	43.00	40.00	0.00	20.00	0.00	36.00	35.00	42.00	0.00	53.00	55.00	44.00
	4183.93	0.00	33.00	0.00	36.00	25.00	44.00	40.00	0.00	20.00	0.00	35.00	35.00	42.00	0.00	53.00	55.00	44.00
	4183.94	0.00	33.00	0.00	37.00	24.00	43.00	40.00	0.00	20.00	0.00	36.00	35.00	42.00	0.00	53.00	55.00	44.00
	4183.95	0.00	32.00	0.00	36.00	24.00	43.00	40.00	0.00	20.00	0.00	36.00	35.00	42.00	0.00	53.00	55.00	44.00
	4183.96	0.00	32.00	0.00	37.00	25.00	43.00	40.00	0.00	20.00	0.00	36.00	35.00	41.00	0.00	53.00	55.00	44.00
	4183.96	0.00	32.00	0.00	37.00	25.00	44.00	40.00	0.00	20.00	0.00	35.00	35.00	42.00	0.00	53.00	54.00	44.00
	4183.97	0.00	33.00	0.00	36.00	25.00	43.00	40.00	0.00	20.00	0.00	36.00	35.00	42.00	0.00	53.00	55.00	44.00
	4183.98	0.00	33.00	0.00	36.00	25.00	44.00	40.00	0.00	19.00	0.00	35.00	33.00	41.00	0.00	53.00	55.00	42.00
	4183.99	0.00	32.00	0.00	36.00	25.00	44.00	40.00	0.00	20.00	0.00	36.00	33.00	42.00	0.00	53.00	54.00	44.00
	4184.00	0.00	33.00	0.00	36.00	25.00	43.00	40.00	0.00	20.00	0.00	35.00	35.00	40.00	0.00	53.00	55.00	44.00
	4184.01	0.00	33.00	0.00	36.00	25.00	43.00	40.00	0.00	20.00	0.00	36.00	35.00	42.00	0.00	53.00	55.00	42.00
	4184.02	0.00	33.00	0.00	36.00	24.00	44.00	40.00	0.00	20.00	0.00	35.00	35.00	42.00	0.00	53.00	55.00	44.00
	4184.03	0.00	33.00	0.00	36.00	25.00	43.00	40.00	0.00	21.00	0.00	36.00	35.00	42.00	0.00	53.00	55.00	42.00
	4184.04	0.00	33.00	0.00	37.00	24.00	43.00	40.00	0.00	20.00	0.00	36.00	33.00	42.00	0.00	53.00	54.00	42.00
	4184.05	0.00	33.00	0.00	36.00	24.00	44.00	40.00	0.00	20.00	0.00	36.00	35.00	42.00	0.00	53.00	55.00	44.00
	4184.06	0.00	33.00	0.00	36.00	25.00	44.00	40.00	0.00	20.00	0.00	35.00	33.00	41.00	0.00	53.00	55.00	42.00
	4184.07	0.00	33.00	0.00	36.00	25.00	44.00	40.00	0.00	20.00	0.00	35.00	33.00	43.00	0.00	53.00	55.00	44.00
	4184.08	0.00	33.00	0.00	36.00	25.00	43.00	40.00	0.00	21.00	0.00	36.00	35.00	42.00	0.00	53.00	55.00	44.00
	4184.09	0.00	33.00	0.00	36.00	25.00	43.00	40.00	0.00	20.00	0.00	36.00	35.00	42.00	0.00	53.00	55.00	43.00
	4184.10	0.00	33.00	0.00	36.00	24.00	43.00	40.00	0.00	20.00	0.00	36.00	33.00	42.00	0.00	53.00	55.00	44.00
	4184.11	0.00	32.00	0.00	36.00	24.00	44.00	40.00	0.00	20.00	0.00	36.00	35.00	42.00	0.00	53.00	56.00	42.00
	4184.12	0.00	33.00	0.00	36.00	22.00	43.00	40.00	0.00	20.00	0.00	36.00	35.00	42.00	0.00	53.00	55.00	44.00
	4184.12	0.00	33.00	0.00	36.00	24.00	44.00	40.00	0.00	20.00	0.00	36.00	35.00	42.00	0.00	53.00	55.00	44.00
	4184.13	0.00	33.00	0.00	37.00	24.00	43.00	40.00	0.00	19.00	0.00	34.00	35.00	40.00	0.00	53.00	55.00	42.00
	4184.14	0.00	33.00	0.00	36.00	24.00	44.00	40.00	0.00	19.00	0.00	35.00	35.00	41.00	0.00	53.00	56.00	42.00
	4184.15	0.00	32.00	0.00	37.00	24.00	44.00	40.00	0.00	20.00	0.00	36.00	35.00	40.00	0.00	53.00	55.00	44.00
	4184.16	0.00	33.00	0.00	37.00	24.00	44.00	40.00	0.00	19.00	0.00	34.00	33.00	41.00	0.00	53.00	55.00	42.00
	4184.17	0.00	32.00	0.00	37.00	22.00	44.00	40.00	0.00	20.00	0.00	36.00	33.00	41.00	0.00	53.00	55.00	42.00
	4184.18	0.00	33.00	0.00	37.00	25.00	44.00	40.00	0.00	19.00	0.00	34.00	33.00	41.00	0.00	53.00	55.00	42.00
	4184.19	0.00	33.00	0.00	37.00	24.00	43.00	40.00	0.00	20.00	0.00	36.00	35.00	42.00	0.00	53.00	55.00	43.00
	4184.20	0.00	32.00	0.00	37.00	24.00	44.00	40.00	0.00	20.00	0.00	35.00	33.00	42.00	0.00	53.00	54.00	44.00
	4184.21	0.00	33.00	0.00	36.00	24.00	44.00	40.00	0.00	19.00	0.00	35.00	35.00	41.00	0.00	52.00	56.00	42.00
	4184.22	0.00	33.00	0.00	37.00	23.00	43.00	40.00	0.00	19.00	0.00	34.00	35.00	41.00	0.00	53.00	56.00	42.00
	4184.23	0.00	33.00	0.00	37.00	23.00	44.00	40.00	0.00	19.00	0.00	36.00	35.00	42.00	0.00	53.00	55.00	44.00
	4184.24	0.00	33.00	0.00	37.00	24.00	43.00	40.00	0.00	20.00	0.00	36.00	35.00	42.00	0.00	53.00	55.00	42.00
	4184.25	0.00	33.00	0.00	36.00	24.00	44.00	40.00	0.00	19.00	0.00	35.00	33.00	40.00	0.00	53.00	55.00	42.00
	4184.26	0.00	32.00	0.00	37.00	24.00	44.00	40.00	0.00	19.00	0.00	36.00	35.00	40.00	0.00	53.00	55.00	44.00
	4184.27	0.00	33.00	0.00	37.00	24.00	44.00	40.00	0.00	19.00	0.00	34.00	33.00	41.00	0.00	53.00	55.00	42.00
	4184.27	0.00	32.00	0.00	37.00	24.00	44.00	40.00	0.00	19.00	0.00	36.00	35.00	41.00	0.00	53.00	55.00	44.00
	4184.29	0.00	33.00	0.00	37.00	24.00	44.00	40.00	0.00	19.00	0.00	36.00	35.00	42.00	0.00	53.00	55.00	44.00
	4184.29	0.00	33.00	0.00	36.00	24.00	43.00	40.00	0.00	19.00	0.00	36.00	35.00	41.00	0.00	53.00	55.00	41.00
	4184.30	0.00	33.00	0.00	36.00	23.00	44.00	40.00	0.00	18.00	0.00	35.00	33.00	41.00	0.00	53.00	55.00	42.00
	4184.31	0.00	32.00	0.00	36.00	23.00	44.00	40.00	0.00	19.00	0.00	36.00	33.00	40.00	0.00	53.00	55.00	44.00
	4184.32	0.00	33.00	0.00	37.00	22.00	43.00	40.00	0.00	19.00	0.00	34.00	35.00	41.00	0.00	53.00	55.00	42.00
	4184.33	0.00	33.00	0.00	37.00	22.00	44.00	39.00	0.00	20.00	0.00	34.00	35.00	41.00	0.00	53.00	56.00	42.00
	4184.34	0.00	33.00	0.00	37.00	22.00	43.00	40.00	0.00	19.00	0.00	36.00	35.00	42.00	0.00	53.00	55.00	44.00
	4184.35	0.00	33.00	0.00	36.00	22.00	43.00	40.00	0.00	19.00	0.00	36.00	35.00	41.00	0.00	53.00	55.00	43.00
	4184.36	0.00	32.00	0.00	37.00	23.00	44.00	40.00	0.00	19.00	0.00	35.00	33.00	42.00	0.00	53.00	54.00	44.00
	4184.37	0.00	33.00	0.00	37.00	23.00	43.00	40.00	0.00	20.00	0.00	35.00	35.00	42.00	0.00	53.00	55.00	44.00
	4184.38	0.00	32.00	0.00	37.00	23.00	43.00	40.00	0.00	20.00	0.00	34.00	35.00	41.00	0.00	53.00	55.00	42.00
	4184.39	0.00	33.00	0.00	36.00	24.00	43.00	40.00	0.00	19.00	0.00	34.00	35.00	41.00	0.00	53.00	56.00	42.00
	4184.40	0.00	33.00	0.00	36.00	23.00	44.00	40.00	0.00	19.00	0.00	36.00	33.00	42.00	0.00	53.00	56.00	44.00
	4184.41	0.00	33.00	0.00	36.00	23.00	44.00	40.00	0.00	19.00	0.00	36.00	35.00	42.00	0.00	53.00	56.00	44.00
	4184.42	0.00	32.00	0.00	37.00	23.00	44.00	40.00	0.00	19.00	0.00	35.00	33.00	41.00	0.00	53.00	56.00	42.00
	4184.43	0.00	32.00	0.00	37.00	21.00	43.00	40.00	0.00	19.00	0.00	35.00	35.00	42.00	0.00	53.00	56.00	44.00
	4184.43	0.00	33.00	0.00	37.00	21.00	44.00	40.00	0.00	19.00	0.00	36.00	33.00	42.00	0.00	53.00	56.00	44.00
	4184.44	0.00	33.00	0.00	37.00	21.00	43.00	40.00	0.00	19.00	0.00	35.00	33.00	43.00	0.00	53.00	54.00	44.00
	4184.45	0.00	33.00	0.00	36.00	22.00	44.00	40.00	0.00	19.00	0.00	36.00	33.00	42.00	0.00	53.00	56.00	44.00
	4184.46	0.00	33.00	0.00	36.00	22.00	44.00	40.00	0.00	19.00	0.00	35.00	33.00	42.00	0.00	53.00	56.00	42.00
	4184.47	0.00	32.00	0.00	36.00	22.00	44.00	40.00	0.00	20.00	0.00	36.00	33.00	42.00	0.00	54.00	55.00	44.00
	4184.48	0.00	32.00	0.00	36.00	22.00	44.00	40.00	0.00	20.00	0.00	36.00	33.00	42.00	0.00	53.00	55.00	44.00
	4184.49	0.00	32.00	0.00	36.00	22.00	43.00	40.00	0.00	19.00	0.00	35.00	35.00	40.00	0.00	53.00	56.00	44.00
	4184.50	0.00	33.00	0.00	36.00	23.00	43.00	40.00	0.00	19.00	0.00	35.00	35.00	42.00	0.00	54.00	56.00	44.00
	4184.51	0.00	33.00	0.00	37.00	24.00	43.00	40.00	0.00	19.00	0.00	35.00	33.00	42.00	0.00	54.00	56.00	44.00
	4184.52	0.00	32.00	0.00	37.00	23.00	43.00	40.00	0.00	19.00	0.00	34.00	33.00	41.00	0.00	53.00	56.00	42.00
	4184.53	0.00	33.00	0.00	37.00	23.00	44.00	40.00	0.00	19.00	0.00	35.00	33.00	40.00	0.00	54.00	56.00	42.00
	4184.54	0.00	32.00	0.00	37.00	23.00	44.00	40.00	0.00	20.00	0.00	35.00	35.00	41.00	0.00	53.00	56.00	42.00
	4184.55	0.00	32.00	0.00	37.00	23.00	44.00	40.00	0.00	19.00	0.00	36.00	35.00	42.00	0.00	54.00	56.00	44.00
	4184.56	0.00	33.00	0.00	36.00	24.00	43.00	40.00	0.00	20.00	0.00	35.00	35.00	42.00	0.00	54.00	56.00	43.00
	4184.57	0.00	33.00	0.00	36.00	23.00	44.00	40.00	0.00	19.00	0.00	36.00	35.00	42.00	0.00	53.00	56.00	44.00
	4184.58	0.00	33.00	0.00	37.00	24.00	43.00	40.00	0.00	19.00	0.00	36.00	35.00	42.00	0.00	54.00	56.00	44.00
	4184.59	0.00	33.00	0.00	37.00	24.00	44.00	40.00	0.00	19.00	0.00	34.00	33.00	41.00	0.00	54.00	56.00	42.00
	4184.60	0.00	32.00	0.00	37.00	24.00	44.00	40.00	0.00	19.00	0.00	35.00	35.00	42.00	0.00	54.00	55.00	44.00
	4184.60	0.00	33.00	0.00	36.00	23.00	44.00	40.00	0.00	19.00	0.00	35.00	35.00	43.00	0.00	54.00	56.00	44.00
	4184.61	0.00	33.00	0.00	36.00	23.00	43.00	40.00	0.00	20.00	0.00	36.00	33.00	42.00	0.00	54.00	56.00	42.00
	4184.62	0.00	33.00	0.00	37.00	22.00	44.00	40.00	0.00	19.00	0.00	35.00	33.00	41.00	0.00	53.00	57.00	42.00
	4184.63	0.00	32.00	0.00	37.00	22.00	44.00	40.00	0.00	19.00	0.00	35.00	33.00	39.00	0.00	53.00	56.00	44.00
	4184.64	0.00	33.00	0.00	37.00	21.00	43.00	40.00	0.00	19.00	0.00	34.00	35.00	41.00	0.00	53.00	56.00	42.00
	4184.65	0.00	32.00	0.00	37.00	22.00	44.00	40.00	0.00	14.00	0.00	35.00	33.00	41.00	0.00	54.00	56.00	42.00
	4184.66	0.00	33.00	0.00	36.00	22.00	43.00	40.00	0.00	12.00	0.00	36.00	35.00	42.00	0.00	54.00	56.00	42.00
	4184.67	0.00	33.00	0.00	36.00	22.00	43.00	40.00	0.00	11.00	0.00	36.00	33.00	42.00	0.00	54.00	56.00	41.00
	4184.68	0.00	32.00	0.00	36.00	22.00	44.00	40.00	0.00	11.00	0.00	36.00	35.00	42.00	0.00	54.00	56.00	42.00
	4184.69	0.00	33.00	0.00	36.00	22.00	44.00	40.00	0.00	11.00	0.00	35.00	33.00	41.00	0.00	54.00	56.00	41.00
	4184.70	0.00	33.00	0.00	36.00	21.00	44.00	40.00	0.00	11.00	0.00	34.00	33.00	41.00	0.00	54.00	56.00	42.00
	4184.71	0.00	33.00	0.00	36.00	21.00	43.00	40.00	0.00	11.00	0.00	36.00	35.00	42.00	0.00	54.00	56.00	42.00
	4184.72	0.00	33.00	0.00	36.00	21.00	44.00	40.00	0.00	11.00	0.00	35.00	35.00	40.00	0.00	54.00	57.00	42.00
	4184.73	0.00	32.00	0.00	37.00	21.00	44.00	40.00	0.00	11.00	0.00	35.00	33.00	41.00	0.00	54.00	56.00	42.00
	4184.74	0.00	32.00	0.00	37.00	21.00	44.00	40.00	0.00	11.00	0.00	36.00	35.00	42.00	0.00	54.00	57.00	42.00
	4184.75	0.00	33.00	0.00	37.00	21.00	43.00	40.00	0.00	11.00	0.00	34.00	35.00	41.00	0.00	53.00	57.00	42.00
	4184.75	0.00	32.00	0.00	36.00	21.00	44.00	40.00	0.00	11.00	0.00	36.00	35.00	42.00	0.00	54.00	57.00	42.00
	4184.76	0.00	33.00	0.00	36.00	21.00	43.00	40.00	0.00	11.00	0.00	36.00	33.00	42.00	0.00	54.00	57.00	42.00
	4184.77	0.00	33.00	0.00	36.00	20.00	44.00	40.00	0.00	11.00	0.00	35.00	35.00	41.00	0.00	54.00	57.00	42.00
	4184.78	0.00	32.00	0.00	36.00	20.00	43.00	40.00	0.00	11.00	0.00	35.00	35.00	40.00	0.00	54.00	57.00	42.00
	4184.79	0.00	32.00	0.00	36.00	20.00	43.00	40.00	0.00	11.00	0.00	34.00	35.00	41.00	0.00	54.00	57.00	42.00
	4184.80	0.00	33.00	0.00	36.00	21.00	43.00	40.00	0.00	11.00	0.00	34.00	35.00	41.00	0.00	54.00	57.00	42.00
	4184.81	0.00	33.00	0.00	37.00	21.00	43.00	40.00	0.00	11.00	0.00	36.00	35.00	42.00	0.00	54.00	57.00	42.00
	4184.82	0.00	33.00	0.00	36.00	21.00	44.00	40.00	0.00	11.00	0.00	35.00	34.00	41.00	0.00	54.00	57.00	42.00
	4184.83	0.00	33.00	0.00	36.00	20.00	44.00	40.00	0.00	11.00	0.00	34.00	34.00	40.00	0.00	54.00	57.00	42.00
	4184.84	0.00	32.00	0.00	37.00	21.00	44.00	40.00	0.00	12.00	0.00	36.00	34.00	42.00	0.00	54.00	56.00	42.00
	4184.85	0.00	32.00	0.00	36.00	21.00	44.00	40.00	0.00	12.00	0.00	35.00	33.00	41.00	0.00	53.00	57.00	42.00
	4184.86	0.00	32.00	0.00	36.00	20.00	43.00	40.00	0.00	12.00	0.00	34.00	33.00	40.00	0.00	53.00	57.00	42.00
	4184.87	0.00	33.00	0.00	36.00	20.00	43.00	40.00	0.00	12.00	0.00	35.00	34.00	40.00	0.00	54.00	57.00	42.00
	4184.88	0.00	32.00	0.00	36.00	20.00	44.00	40.00	0.00	11.00	0.00	34.00	33.00	41.00	0.00	54.00	56.00	42.00
	4184.89	0.00	33.00	0.00	36.00	21.00	44.00	40.00	0.00	10.00	0.00	35.00	35.00	41.00	0.00	54.00	57.00	42.00
	4184.90	0.00	33.00	0.00	36.00	20.00	44.00	40.00	0.00	11.00	0.00	35.00	33.00	41.00	0.00	53.00	57.00	42.00
	4184.90	0.00	33.00	0.00	36.00	20.00	44.00	40.00	0.00	11.00	0.00	36.00	33.00	41.00	0.00	54.00	55.00	42.00
	4184.91	0.00	33.00	0.00	36.00	21.00	43.00	40.00	0.00	12.00	0.00	36.00	34.00	42.00	0.00	53.00	56.00	42.00
	4184.92	0.00	32.00	0.00	36.00	21.00	44.00	40.00	0.00	11.00	0.00	36.00	35.00	42.00	0.00	54.00	56.00	42.00
	4184.93	0.00	33.00	0.00	36.00	21.00	44.00	40.00	0.00	11.00	0.00	34.00	34.00	41.00	0.00	54.00	56.00	42.00
	4184.94	0.00	32.00	0.00	36.00	21.00	43.00	40.00	0.00	11.00	0.00	35.00	33.00	41.00	0.00	53.00	56.00	42.00
	4184.95	0.00	33.00	0.00	36.00	21.00	44.00	39.00	0.00	11.00	0.00	34.00	33.00	41.00	0.00	53.00	56.00	42.00
	4184.96	0.00	33.00	0.00	36.00	21.00	43.00	40.00	0.00	11.00	0.00	36.00	34.00	42.00	0.00	54.00	56.00	42.00
	4184.97	0.00	33.00	0.00	36.00	21.00	44.00	40.00	0.00	11.00	0.00	35.00	35.00	41.00	0.00	54.00	56.00	42.00
	4184.98	0.00	32.00	0.00	36.00	21.00	44.00	40.00	0.00	11.00	0.00	36.00	32.00	42.00	0.00	53.00	56.00	42.00
	4184.99	0.00	32.00	0.00	36.00	22.00	44.00	40.00	0.00	12.00	0.00	34.00	32.00	41.00	0.00	53.00	56.00	42.00
	4185.00	0.00	33.00	0.00	36.00	23.00	43.00	40.00	0.00	12.00	0.00	35.00	32.00	42.00	0.00	53.00	55.00	42.00
	4185.01	0.00	33.00	0.00	36.00	22.00	43.00	39.00	0.00	11.00	0.00	36.00	32.00	43.00	0.00	53.00	56.00	42.00
	4185.02	0.00	33.00	0.00	37.00	23.00	43.00	40.00	0.00	13.00	0.00	35.00	34.00	43.00	0.00	53.00	56.00	42.00
	4185.03	0.00	32.00	0.00	36.00	23.00	44.00	40.00	0.00	13.00	0.00	36.00	34.00	42.00	0.00	53.00	56.00	42.00
	4185.04	0.00	33.00	0.00	36.00	23.00	43.00	40.00	0.00	13.00	0.00	34.00	33.00	41.00	0.00	53.00	56.00	42.00
	4185.05	0.00	33.00	0.00	36.00	23.00	43.00	40.00	0.00	13.00	0.00	34.00	34.00	41.00	0.00	53.00	56.00	42.00
	4185.06	0.00	33.00	0.00	36.00	23.00	44.00	39.00	0.00	14.00	0.00	34.00	34.00	41.00	0.00	53.00	56.00	42.00
	4185.06	0.00	33.00	0.00	36.00	24.00	43.00	40.00	0.00	14.00	0.00	36.00	34.00	42.00	0.00	53.00	55.00	42.00
	4185.08	0.00	33.00	0.00	37.00	23.00	43.00	40.00	0.00	14.00	0.00	36.00	34.00	42.00	0.00	53.00	56.00	42.00
	4185.08	0.00	32.00	0.00	36.00	22.00	44.00	40.00	0.00	14.00	0.00	36.00	32.00	42.00	0.00	53.00	56.00	42.00
	4185.09	0.00	33.00	0.00	37.00	22.00	43.00	40.00	0.00	14.00	0.00	36.00	34.00	42.00	0.00	53.00	55.00	42.00
	4185.10	0.00	33.00	0.00	37.00	23.00	43.00	40.00	0.00	13.00	0.00	36.00	34.00	42.00	0.00	53.00	55.00	42.00
	4185.11	0.00	33.00	0.00	36.00	23.00	43.00	39.00	0.00	14.00	0.00	34.00	34.00	41.00	0.00	53.00	55.00	42.00
	4185.12	0.00	33.00	0.00	37.00	23.00	43.00	40.00	0.00	15.00	0.00	36.00	32.00	42.00	0.00	53.00	55.00	42.00
	4185.13	0.00	33.00	0.00	37.00	22.00	44.00	40.00	0.00	15.00	0.00	35.00	34.00	40.00	0.00	53.00	55.00	42.00
	4185.14	0.00	33.00	0.00	37.00	22.00	44.00	40.00	0.00	15.00	0.00	35.00	34.00	40.00	0.00	52.00	55.00	42.00
	4185.15	0.00	32.00	0.00	37.00	21.00	43.00	40.00	0.00	15.00	0.00	34.00	34.00	41.00	0.00	53.00	55.00	42.00
	4185.16	0.00	32.00	0.00	37.00	21.00	43.00	40.00	0.00	14.00	0.00	34.00	32.00	41.00	0.00	53.00	55.00	42.00
	4185.17	0.00	33.00	0.00	37.00	22.00	43.00	40.00	0.00	15.00	0.00	35.00	34.00	42.00	0.00	53.00	55.00	42.00
	4185.18	0.00	33.00	0.00	36.00	22.00	43.00	40.00	0.00	14.00	0.00	35.00	33.00	40.00	0.00	53.00	55.00	42.00
	4185.19	0.00	32.00	0.00	37.00	23.00	43.00	40.00	0.00	13.00	0.00	34.00	34.00	40.00	0.00	53.00	55.00	42.00
	4185.20	0.00	33.00	0.00	37.00	22.00	44.00	40.00	0.00	14.00	0.00	35.00	34.00	41.00	0.00	53.00	55.00	42.00
	4185.21	0.00	32.00	0.00	36.00	22.00	44.00	40.00	0.00	14.00	0.00	36.00	34.00	42.00	0.00	53.00	55.00	42.00
	4185.22	0.00	33.00	0.00	36.00	22.00	44.00	40.00	0.00	13.00	0.00	34.00	34.00	41.00	0.00	53.00	55.00	42.00
	4185.23	0.00	33.00	0.00	37.00	21.00	44.00	40.00	0.00	13.00	0.00	35.00	32.00	40.00	0.00	53.00	55.00	42.00
	4185.23	0.00	33.00	0.00	36.00	22.00	44.00	40.00	0.00	14.00	0.00	36.00	32.00	42.00	0.00	53.00	55.00	41.00
	4185.24	0.00	33.00	0.00	37.00	23.00	44.00	40.00	0.00	14.00	0.00	34.00	32.00	40.00	0.00	53.00	55.00	42.00
	4185.25	0.00	33.00	0.00	37.00	19.00	43.00	40.00	0.00	14.00	0.00	35.00	34.00	40.00	0.00	53.00	55.00	42.00
	4185.26	0.00	33.00	0.00	36.00	19.00	43.00	40.00	0.00	14.00	0.00	36.00	34.00	41.00	0.00	53.00	53.00	42.00
	4185.27	0.00	33.00	0.00	36.00	19.00	43.00	40.00	0.00	14.00	0.00	35.00	34.00	40.00	0.00	53.00	55.00	42.00
	4185.28	0.00	32.00	0.00	36.00	18.00	43.00	40.00	0.00	14.00	0.00	35.00	34.00	40.00	0.00	53.00	55.00	42.00
	4185.29	0.00	33.00	0.00	36.00	22.00	43.00	40.00	0.00	14.00	0.00	35.00	34.00	40.00	0.00	53.00	55.00	42.00
	4185.30	0.00	32.00	0.00	36.00	22.00	43.00	40.00	0.00	10.00	0.00	34.00	34.00	40.00	0.00	53.00	55.00	41.00
	4185.31	0.00	33.00	0.00	36.00	22.00	43.00	40.00	0.00	10.00	0.00	35.00	34.00	40.00	0.00	53.00	55.00	41.00
	4185.32	0.00	33.00	0.00	37.00	22.00	44.00	40.00	0.00	9.00	0.00	35.00	34.00	40.00	0.00	53.00	55.00	41.00
	4185.33	0.00	33.00	0.00	36.00	21.00	43.00	40.00	0.00	10.00	0.00	35.00	34.00	42.00	0.00	53.00	55.00	43.00
	4185.34	0.00	33.00	0.00	37.00	22.00	44.00	40.00	0.00	9.00	0.00	34.00	34.00	41.00	0.00	53.00	55.00	42.00
	4185.35	0.00	33.00	0.00	36.00	21.00	43.00	40.00	0.00	8.00	0.00	36.00	32.00	42.00	0.00	53.00	55.00	41.00
	4185.36	0.00	33.00	0.00	36.00	22.00	43.00	40.00	0.00	8.00	0.00	35.00	34.00	42.00	0.00	53.00	55.00	41.00
	4185.37	0.00	33.00	0.00	36.00	22.00	43.00	39.00	0.00	7.00	0.00	35.00	34.00	42.00	0.00	53.00	55.00	41.00
	4185.37	0.00	33.00	0.00	36.00	22.00	43.00	40.00	0.00	7.00	0.00	36.00	32.00	42.00	0.00	52.00	54.00	41.00
	4185.38	0.00	33.00	0.00	36.00	23.00	43.00	40.00	0.00	7.00	0.00	35.00	34.00	42.00	0.00	52.00	55.00	40.00
	4185.39	0.00	33.00	0.00	36.00	22.00	43.00	40.00	0.00	6.00	0.00	36.00	33.00	42.00	0.00	52.00	55.00	41.00
	4185.40	0.00	33.00	0.00	36.00	23.00	43.00	40.00	0.00	6.00	0.00	36.00	33.00	41.00	0.00	52.00	54.00	41.00
	4185.41	0.00	33.00	0.00	36.00	20.00	43.00	40.00	0.00	5.00	0.00	34.00	34.00	42.00	0.00	52.00	55.00	41.00
	4185.42	0.00	33.00	0.00	36.00	20.00	43.00	40.00	0.00	5.00	0.00	35.00	34.00	42.00	0.00	52.00	55.00	41.00
	4185.43	0.00	33.00	0.00	36.00	24.00	43.00	40.00	0.00	4.00	0.00	36.00	34.00	42.00	0.00	52.00	54.00	41.00
	4185.44	0.00	33.00	0.00	36.00	24.00	43.00	40.00	0.00	3.00	0.00	35.00	34.00	42.00	0.00	52.00	55.00	41.00
	4185.45	0.00	33.00	0.00	35.00	19.00	43.00	40.00	0.00	2.00	0.00	36.00	32.00	42.00	0.00	52.00	54.00	41.00
	4185.46	0.00	33.00	0.00	35.00	20.00	43.00	40.00	0.00	1.00	0.00	36.00	34.00	42.00	0.00	52.00	54.00	43.00
	4185.47	0.00	33.00	0.00	36.00	20.00	43.00	40.00	0.00	1.00	0.00	35.00	34.00	42.00	0.00	52.00	55.00	41.00
	4185.48	0.00	33.00	0.00	36.00	19.00	43.00	40.00	0.00	2.00	0.00	36.00	32.00	41.00	0.00	52.00	54.00	41.00
	4185.49	0.00	33.00	0.00	36.00	20.00	43.00	40.00	0.00	4.00	0.00	35.00	34.00	42.00	0.00	52.00	54.00	41.00
	4185.50	0.00	33.00	0.00	36.00	19.00	43.00	40.00	0.00	5.00	0.00	35.00	32.00	42.00	0.00	52.00	54.00	41.00
	4185.51	0.00	32.00	0.00	36.00	21.00	43.00	40.00	0.00	4.00	0.00	36.00	34.00	42.00	0.00	52.00	54.00	42.00
	4185.52	0.00	33.00	0.00	36.00	23.00	43.00	40.00	0.00	4.00	0.00	35.00	33.00	41.00	0.00	52.00	55.00	41.00
	4185.52	0.00	33.00	0.00	36.00	24.00	43.00	40.00	0.00	4.00	0.00	36.00	34.00	41.00	0.00	52.00	54.00	41.00
	4185.53	0.00	32.00	0.00	36.00	23.00	43.00	40.00	0.00	6.00	0.00	36.00	34.00	42.00	0.00	52.00	55.00	43.00
	4185.54	0.00	27.00	0.00	36.00	19.00	43.00	40.00	0.00	6.00	0.00	36.00	34.00	42.00	0.00	52.00	54.00	43.00
	4185.55	0.00	27.00	0.00	36.00	21.00	43.00	40.00	0.00	8.00	0.00	36.00	34.00	41.00	0.00	52.00	55.00	42.00
	4185.56	0.00	26.00	0.00	36.00	21.00	43.00	40.00	0.00	10.00	0.00	36.00	34.00	42.00	0.00	52.00	55.00	42.00
	4185.57	0.00	26.00	0.00	36.00	22.00	43.00	40.00	0.00	12.00	0.00	35.00	34.00	40.00	0.00	53.00	55.00	42.00
	4185.58	0.00	26.00	0.00	36.00	19.00	43.00	40.00	0.00	14.00	0.00	36.00	33.00	41.00	0.00	53.00	55.00	42.00
	4185.59	0.00	27.00	0.00	36.00	21.00	43.00	41.00	0.00	32.00	0.00	36.00	33.00	42.00	0.00	53.00	54.00	43.00
	4185.60	0.00	28.00	0.00	37.00	20.00	43.00	40.00	15.00	47.00	0.00	36.00	33.00	42.00	0.00	53.00	56.00	43.00
	4185.61	0.00	29.00	0.00	36.00	23.00	44.00	41.00	16.00	77.00	0.00	36.00	32.00	42.00	0.00	54.00	56.00	44.00
	4185.62	0.00	31.00	0.00	37.00	24.00	43.00	40.00	24.00	90.00	0.00	36.00	34.00	42.00	0.00	54.00	55.00	43.00
	4185.63	0.00	33.00	7.00	37.00	26.00	43.00	40.00	26.00	101.00	0.00	36.00	33.00	42.00	0.00	54.00	56.00	44.00
	4185.64	0.00	33.00	15.00	39.00	26.00	43.00	40.00	26.00	115.00	0.00	37.00	34.00	42.00	0.00	54.00	58.00	44.00
	4185.65	0.00	34.00	16.00	40.00	42.00	44.00	44.00	26.00	130.00	0.00	36.00	34.00	40.00	0.00	54.00	59.00	44.00
	4185.66	0.00	34.00	17.00	40.00	42.00	43.00	43.00	26.00	144.00	0.00	37.00	34.00	42.00	0.00	54.00	59.00	44.00
	4185.67	0.00	34.00	17.00	40.00	54.00	45.00	45.00	27.00	152.00	0.00	36.00	34.00	42.00	0.00	54.00	60.00	44.00
	4185.68	0.00	34.00	20.00	41.00	56.00	46.00	43.00	27.00	162.00	0.00	36.00	32.00	42.00	0.00	54.00	60.00	44.00
	4185.69	0.00	35.00	23.00	42.00	58.00	47.00	45.00	27.00	168.00	0.00	37.00	32.00	40.00	0.00	55.00	60.00	44.00
	4185.70	0.00	35.00	21.00	41.00	59.00	47.00	45.00	27.00	178.00	0.00	36.00	34.00	42.00	0.00	55.00	60.00	44.00
	4185.70	0.00	34.00	19.00	42.00	61.00	49.00	44.00	27.00	182.00	0.00	37.00	34.00	42.00	0.00	55.00	60.00	44.00
	4185.71	0.00	35.00	16.00	42.00	62.00	49.00	45.00	27.00	187.00	0.00	37.00	34.00	42.00	0.00	55.00	61.00	43.00
	4185.72	0.00	36.00	18.00	43.00	62.00	49.00	44.00	27.00	188.00	0.00	37.00	32.00	42.00	0.00	54.00	60.00	45.00
	4185.73	0.00	36.00	17.00	43.00	64.00	51.00	45.00	27.00	189.00	0.00	35.00	34.00	42.00	0.00	55.00	60.00	45.00
	4185.74	0.00	36.00	22.00	44.00	65.00	52.00	44.00	27.00	191.00	0.00	36.00	33.00	42.00	0.00	55.00	61.00	45.00
	4185.75	0.00	36.00	22.00	44.00	70.00	52.00	44.00	27.00	195.00	0.00	37.00	34.00	40.00	0.00	55.00	62.00	45.00
	4185.76	0.00	36.00	23.00	44.00	73.00	52.00	44.00	27.00	199.00	0.00	37.00	33.00	40.00	0.00	54.00	64.00	46.00
	4185.77	0.00	36.00	20.00	44.00	80.00	51.00	44.00	27.00	206.00	0.00	37.00	31.00	41.00	0.00	55.00	65.00	44.00
	4185.78	0.00	37.00	21.00	45.00	82.00	51.00	44.00	27.00	206.00	0.00	37.00	30.00	41.00	0.00	55.00	65.00	46.00
	4185.79	0.00	37.00	25.00	46.00	87.00	52.00	44.00	27.00	215.00	0.00	36.00	32.00	41.00	3.00	55.00	62.00	46.00
	4185.80	0.00	37.00	22.00	45.00	89.00	52.00	44.00	27.00	223.00	0.00	37.00	29.00	41.00	7.00	55.00	61.00	45.00
	4185.81	0.00	37.00	23.00	46.00	98.00	53.00	44.00	27.00	229.00	0.00	37.00	29.00	41.00	7.00	55.00	61.00	45.00
	4185.82	0.00	38.00	24.00	47.00	100.00	54.00	44.00	27.00	234.00	0.00	37.00	31.00	41.00	10.00	53.00	59.00	44.00
	4185.83	0.00	38.00	23.00	49.00	101.00	58.00	44.00	27.00	239.00	0.00	37.00	28.00	41.00	11.00	53.00	58.00	44.00
	4185.84	0.00	38.00	26.00	49.00	101.00	64.00	43.00	27.00	241.00	0.00	37.00	31.00	41.00	11.00	53.00	57.00	43.00
	4185.85	0.00	37.00	26.00	49.00	106.00	70.00	44.00	27.00	245.00	0.00	37.00	29.00	41.00	11.00	51.00	56.00	44.00
	4185.86	0.00	37.00	27.00	49.00	114.00	73.00	44.00	27.00	252.00	0.00	37.00	29.00	41.00	0.00	52.00	55.00	43.00
	4185.87	0.00	38.00	29.00	49.00	119.00	76.00	45.00	27.00	257.00	0.00	36.00	30.00	41.00	0.00	52.00	53.00	42.00
	4185.88	0.00	38.00	31.00	50.00	116.00	78.00	45.00	27.00	267.00	0.00	36.00	32.00	41.00	0.00	51.00	55.00	42.00
	4185.89	0.00	39.00	38.00	49.00	123.00	82.00	44.00	27.00	272.00	0.00	35.00	31.00	41.00	0.00	51.00	55.00	42.00
	4185.90	0.00	38.00	42.00	49.00	133.00	85.00	45.00	27.00	277.00	0.00	35.00	32.00	42.00	0.00	52.00	55.00	42.00
	4185.91	0.00	38.00	45.00	49.00	143.00	91.00	45.00	27.00	278.00	0.00	35.00	33.00	42.00	0.00	51.00	54.00	42.00
	4185.92	0.00	40.00	47.00	50.00	144.00	96.00	46.00	27.00	280.00	0.00	35.00	35.00	43.00	0.00	51.00	54.00	42.00
	4185.93	0.00	39.00	51.00	50.00	156.00	101.00	46.00	29.00	282.00	0.00	35.00	34.00	44.00	0.00	51.00	54.00	43.00
	4185.94	0.00	38.00	51.00	50.00	158.00	103.00	44.00	28.00	285.00	0.00	35.00	34.00	44.00	0.00	51.00	54.00	44.00
	4185.95	0.00	37.00	52.00	50.00	164.00	107.00	44.00	29.00	286.00	0.00	35.00	34.00	45.00	0.00	50.00	53.00	44.00
	4185.96	0.00	39.00	52.00	50.00	163.00	113.00	45.00	29.00	285.00	0.00	36.00	35.00	45.00	0.00	50.00	53.00	43.00
	4185.96	0.00	39.00	55.00	50.00	164.00	118.00	45.00	27.00	287.00	0.00	35.00	36.00	45.00	0.00	50.00	53.00	41.00
	4185.97	0.00	39.00	56.00	50.00	164.00	120.00	44.00	27.00	287.00	0.00	35.00	36.00	46.00	0.00	51.00	53.00	40.00
	4185.98	0.00	39.00	58.00	50.00	165.00	121.00	44.00	27.00	288.00	0.00	35.00	35.00	45.00	0.00	51.00	53.00	39.00
	4185.99	0.00	40.00	57.00	52.00	162.00	122.00	45.00	27.00	288.00	0.00	34.00	38.00	45.00	0.00	51.00	53.00	37.00
	4186.00	0.00	40.00	52.00	51.00	162.00	123.00	44.00	27.00	287.00	0.00	35.00	37.00	45.00	0.00	52.00	53.00	36.00
	4186.01	0.00	40.00	51.00	51.00	163.00	121.00	46.00	27.00	288.00	0.00	35.00	37.00	45.00	0.00	52.00	53.00	34.00
	4186.02	0.00	39.00	50.00	51.00	162.00	119.00	46.00	27.00	287.00	0.00	34.00	35.00	45.00	0.00	52.00	53.00	32.00
	4186.03	0.00	40.00	53.00	51.00	161.00	116.00	44.00	27.00	287.00	0.00	34.00	35.00	45.00	0.00	52.00	53.00	31.00
	4186.04	0.00	40.00	50.00	51.00	158.00	116.00	44.00	27.00	287.00	0.00	34.00	33.00	44.00	0.00	52.00	53.00	29.00
	4186.05	0.00	39.00	49.00	51.00	155.00	115.00	44.00	27.00	286.00	0.00	34.00	34.00	44.00	0.00	51.00	52.00	29.00
	4186.06	0.00	40.00	45.00	51.00	154.00	115.00	46.00	27.00	285.00	0.00	33.00	33.00	44.00	0.00	51.00	51.00	27.00
	4186.07	0.00	40.00	42.00	51.00	149.00	113.00	45.00	27.00	285.00	0.00	32.00	32.00	44.00	0.00	51.00	52.00	27.00
	4186.08	0.00	40.00	32.00	51.00	146.00	112.00	44.00	27.00	284.00	0.00	32.00	33.00	43.00	0.00	50.00	50.00	27.00
	4186.09	0.00	40.00	30.00	50.00	146.00	109.00	44.00	27.00	284.00	0.00	32.00	34.00	43.00	0.00	50.00	50.00	27.00
	4186.10	0.00	40.00	24.00	50.00	144.00	105.00	44.00	27.00	282.00	0.00	32.00	33.00	42.00	0.00	50.00	50.00	27.00
	4186.11	0.00	40.00	25.00	50.00	142.00	100.00	44.00	27.00	281.00	0.00	32.00	33.00	42.00	0.00	49.00	49.00	27.00
	4186.12	0.00	39.00	26.00	50.00	139.00	97.00	45.00	27.00	281.00	0.00	32.00	30.00	42.00	0.00	50.00	48.00	28.00
	4186.13	0.00	39.00	26.00	50.00	139.00	95.00	45.00	27.00	277.00	0.00	32.00	31.00	40.00	0.00	49.00	49.00	27.00
	4186.14	0.00	37.00	26.00	49.00	138.00	94.00	44.00	28.00	272.00	0.00	32.00	30.00	39.00	0.00	49.00	48.00	27.00
	4186.15	0.00	38.00	26.00	50.00	138.00	92.00	44.00	27.00	271.00	0.00	32.00	30.00	41.00	0.00	49.00	49.00	28.00
	4186.16	0.00	38.00	25.00	51.00	137.00	88.00	44.00	28.00	272.00	0.00	32.00	26.00	40.00	0.00	49.00	49.00	28.00
	4186.17	0.00	38.00	26.00	51.00	135.00	85.00	45.00	27.00	269.00	0.00	32.00	26.00	40.00	0.00	49.00	48.00	29.00
	4186.18	0.00	38.00	26.00	50.00	131.00	83.00	45.00	27.00	267.00	0.00	33.00	27.00	39.00	0.00	49.00	48.00	30.00
	4186.19	0.00	38.00	25.00	49.00	129.00	78.00	44.00	28.00	265.00	0.00	33.00	24.00	39.00	0.00	49.00	48.00	31.00
	4186.20	0.00	38.00	28.00	49.00	126.00	77.00	43.00	28.00	265.00	0.00	33.00	25.00	38.00	0.00	49.00	48.00	31.00
	4186.21	0.00	38.00	26.00	47.00	126.00	74.00	44.00	27.00	266.00	0.00	34.00	25.00	38.00	0.00	49.00	48.00	31.00
	4186.22	0.00	37.00	26.00	47.00	122.00	69.00	43.00	28.00	265.00	0.00	33.00	23.00	37.00	0.00	49.00	48.00	31.00
	4186.23	0.00	37.00	23.00	48.00	121.00	63.00	44.00	28.00	258.00	0.00	33.00	24.00	37.00	0.00	49.00	48.00	32.00
	4186.23	0.00	37.00	24.00	47.00	122.00	61.00	44.00	28.00	254.00	0.00	33.00	24.00	36.00	0.00	50.00	48.00	32.00
	4186.25	0.00	37.00	22.00	47.00	118.00	57.00	44.00	28.00	245.00	0.00	34.00	25.00	36.00	0.00	50.00	48.00	33.00
	4186.25	0.00	37.00	22.00	47.00	112.00	56.00	44.00	28.00	227.00	0.00	33.00	25.00	36.00	0.00	50.00	48.00	34.00
	4186.26	0.00	37.00	22.00	45.00	100.00	54.00	45.00	28.00	197.00	0.00	33.00	26.00	36.00	0.00	51.00	48.00	33.00
	4186.27	0.00	37.00	23.00	45.00	94.00	52.00	45.00	28.00	165.00	0.00	33.00	25.00	36.00	0.00	51.00	49.00	34.00
	4186.28	0.00	37.00	22.00	46.00	86.00	48.00	43.00	28.00	143.00	0.00	34.00	28.00	35.00	0.00	51.00	49.00	33.00
	4186.29	0.00	36.00	25.00	44.00	73.00	48.00	43.00	28.00	112.00	0.00	33.00	28.00	36.00	0.00	51.00	49.00	32.00
	4186.30	0.00	37.00	24.00	43.00	63.00	48.00	43.00	28.00	79.00	0.00	34.00	28.00	35.00	0.00	51.00	49.00	33.00
	4186.31	0.00	37.00	24.00	41.00	56.00	48.00	42.00	28.00	47.00	0.00	34.00	29.00	37.00	0.00	51.00	49.00	34.00
	4186.32	0.00	37.00	22.00	41.00	33.00	47.00	43.00	29.00	30.00	0.00	34.00	29.00	37.00	0.00	51.00	48.00	32.00
	4186.33	0.00	37.00	22.00	40.00	35.00	47.00	42.00	28.00	24.00	0.00	34.00	28.00	37.00	0.00	51.00	50.00	34.00
	4186.34	0.00	37.00	23.00	41.00	33.00	47.00	42.00	29.00	16.00	0.00	35.00	28.00	38.00	0.00	50.00	49.00	32.00
	4186.35	0.00	37.00	22.00	39.00	35.00	47.00	38.00	29.00	11.00	0.00	35.00	27.00	39.00	0.00	52.00	50.00	33.00
	4186.36	0.00	37.00	20.00	38.00	43.00	45.00	37.00	29.00	2.00	0.00	36.00	29.00	40.00	0.00	57.00	52.00	33.00
	4186.37	0.00	37.00	17.00	39.00	45.00	44.00	39.00	29.00	0.00	0.00	36.00	29.00	40.00	0.00	67.00	51.00	35.00
	4186.38	0.00	36.00	19.00	38.00	32.00	44.00	37.00	29.00	0.00	0.00	37.00	33.00	42.00	0.00	130.00	55.00	37.00
	4186.39	0.00	36.00	12.00	39.00	29.00	43.00	37.00	27.00	0.00	0.00	38.00	44.00	44.00	0.00	168.00	57.00	41.00
	4186.40	0.00	36.00	13.00	37.00	29.00	43.00	39.00	28.00	0.00	0.00	38.00	44.00	44.00	12.00	181.00	58.00	43.00
	4186.41	0.00	36.00	18.00	37.00	28.00	42.00	37.00	29.00	0.00	0.00	39.00	44.00	44.00	14.00	184.00	62.00	44.00
	4186.42	0.00	36.00	12.00	36.00	26.00	43.00	38.00	29.00	0.00	0.00	37.00	45.00	43.00	14.00	191.00	72.00	44.00
	4186.43	0.00	36.00	10.00	36.00	18.00	43.00	38.00	28.00	0.00	0.00	38.00	44.00	45.00	14.00	194.00	75.00	44.00
	4186.44	0.00	36.00	7.00	35.00	18.00	42.00	38.00	28.00	0.00	0.00	38.00	47.00	45.00	13.00	191.00	84.00	43.00
	4186.45	0.00	36.00	8.00	29.00	19.00	41.00	39.00	27.00	0.00	0.00	38.00	47.00	45.00	15.00	180.00	95.00	43.00
	4186.46	0.00	36.00	0.00	26.00	15.00	42.00	36.00	28.00	0.00	0.00	38.00	64.00	45.00	10.00	170.00	101.00	43.00
	4186.46	0.00	36.00	0.00	28.00	16.00	44.00	34.00	28.00	0.00	0.00	38.00	65.00	44.00	16.00	172.00	102.00	44.00
	4186.47	0.00	35.00	0.00	27.00	18.00	41.00	34.00	28.00	0.00	0.00	37.00	66.00	44.00	13.00	177.00	105.00	44.00
	4186.48	0.00	36.00	0.00	25.00	18.00	41.00	34.00	27.00	0.00	0.00	38.00	68.00	45.00	16.00	179.00	107.00	45.00
	4186.49	0.00	37.00	0.00	30.00	18.00	42.00	35.00	27.00	0.00	0.00	38.00	66.00	44.00	17.00	182.00	110.00	45.00
	4186.50	0.00	36.00	0.00	32.00	24.00	42.00	35.00	28.00	0.00	0.00	38.00	60.00	44.00	16.00	181.00	113.00	45.00
	4186.51	0.00	36.00	0.00	33.00	27.00	44.00	36.00	30.00	0.00	0.00	38.00	63.00	44.00	15.00	180.00	121.00	45.00
	4186.52	0.00	37.00	0.00	32.00	34.00	44.00	37.00	32.00	0.00	0.00	38.00	66.00	45.00	13.00	179.00	126.00	45.00
	4186.53	0.00	37.00	0.00	33.00	34.00	41.00	35.00	32.00	0.00	0.00	38.00	66.00	45.00	14.00	178.00	128.00	45.00
	4186.54	0.00	36.00	0.00	33.00	36.00	40.00	34.00	30.00	0.00	0.00	38.00	67.00	44.00	16.00	173.00	120.00	44.00
	4186.55	0.00	36.00	0.00	32.00	33.00	40.00	35.00	30.00	0.00	0.00	38.00	63.00	43.00	15.00	167.00	114.00	43.00
	4186.56	0.00	37.00	0.00	34.00	32.00	40.00	35.00	30.00	0.00	0.00	38.00	62.00	45.00	11.00	160.00	110.00	42.00
	4186.57	0.00	37.00	0.00	34.00	29.00	39.00	34.00	30.00	0.00	0.00	38.00	62.00	43.00	16.00	157.00	111.00	42.00
	4186.58	0.00	38.00	0.00	35.00	30.00	41.00	34.00	30.00	0.00	0.00	37.00	59.00	45.00	12.00	147.00	111.00	41.00
	4186.59	0.00	35.00	0.00	37.00	28.00	41.00	34.00	29.00	0.00	0.00	37.00	46.00	45.00	13.00	141.00	109.00	40.00
	4186.60	0.00	37.00	0.00	36.00	25.00	40.00	34.00	27.00	0.00	0.00	37.00	48.00	44.00	15.00	136.00	111.00	39.00
	4186.61	0.00	37.00	0.00	35.00	26.00	40.00	33.00	25.00	0.00	0.00	37.00	47.00	43.00	13.00	126.00	109.00	39.00
	4186.62	0.00	37.00	0.00	37.00	24.00	40.00	34.00	25.00	0.00	0.00	37.00	47.00	45.00	7.00	116.00	107.00	39.00
	4186.63	0.00	37.00	0.00	36.00	24.00	41.00	33.00	16.00	0.00	0.00	37.00	47.00	45.00	11.00	108.00	105.00	38.00
	4186.64	0.00	37.00	0.00	34.00	26.00	41.00	34.00	0.00	0.00	0.00	36.00	47.00	43.00	9.00	99.00	103.00	39.00
	4186.65	0.00	37.00	0.00	34.00	26.00	41.00	34.00	0.00	0.00	0.00	36.00	47.00	44.00	8.00	85.00	102.00	39.00
	4186.66	0.00	37.00	0.00	34.00	22.00	42.00	34.00	0.00	0.00	0.00	35.00	46.00	44.00	7.00	80.00	101.00	39.00
	4186.66	0.00	37.00	0.00	34.00	23.00	42.00	35.00	0.00	0.00	0.00	35.00	47.00	42.00	7.00	78.00	99.00	39.00
	4186.67	0.00	37.00	0.00	32.00	24.00	43.00	36.00	0.00	7.00	0.00	35.00	47.00	43.00	5.00	76.00	97.00	38.00
	4186.68	0.00	35.00	0.00	33.00	25.00	43.00	35.00	0.00	10.00	0.00	35.00	46.00	43.00	5.00	70.00	99.00	38.00
	4186.69	0.00	26.00	0.00	35.00	26.00	43.00	35.00	0.00	13.00	0.00	34.00	67.00	42.00	1.00	71.00	99.00	38.00
	4186.70	0.00	24.00	0.00	34.00	26.00	45.00	35.00	0.00	12.00	0.00	35.00	68.00	43.00	0.00	74.00	102.00	38.00
	4186.71	0.00	31.00	0.00	35.00	26.00	51.00	35.00	0.00	18.00	0.00	35.00	70.00	43.00	0.00	71.00	104.00	39.00
	4186.72	0.00	32.00	0.00	34.00	23.00	85.00	35.00	0.00	33.00	0.00	35.00	71.00	43.00	0.00	74.00	102.00	40.00
	4186.73	0.00	32.00	0.00	32.00	21.00	116.00	34.00	0.00	51.00	0.00	35.00	69.00	43.00	0.00	75.00	100.00	40.00
	4186.74	0.00	26.00	0.00	34.00	21.00	109.00	34.00	0.00	66.00	0.00	35.00	76.00	41.00	0.00	78.00	98.00	39.00
	4186.75	0.00	28.00	0.00	33.00	16.00	83.00	34.00	0.00	68.00	0.00	35.00	76.00	42.00	0.00	81.00	107.00	39.00
	4186.76	0.00	26.00	0.00	33.00	19.00	62.00	34.00	0.00	70.00	0.00	35.00	79.00	42.00	0.00	79.00	107.00	39.00
	4186.77	0.00	33.00	0.00	33.00	18.00	53.00	34.00	0.00	77.00	0.00	35.00	79.00	41.00	0.00	80.00	115.00	39.00
	4186.78	0.00	33.00	0.00	34.00	18.00	51.00	34.00	0.00	93.00	0.00	35.00	78.00	42.00	0.00	80.00	119.00	39.00
	4186.79	0.00	27.00	0.00	33.00	22.00	48.00	34.00	0.00	111.00	0.00	36.00	77.00	42.00	0.00	83.00	122.00	39.00
	4186.80	0.00	27.00	0.00	34.00	23.00	48.00	34.00	0.00	119.00	0.00	35.00	80.00	43.00	0.00	84.00	137.00	40.00
	4186.81	0.00	27.00	0.00	35.00	23.00	46.00	33.00	0.00	119.00	16.00	35.00	80.00	43.00	0.00	85.00	140.00	42.00
	4186.82	0.00	28.00	0.00	38.00	23.00	43.00	32.00	0.00	105.00	20.00	35.00	75.00	43.00	0.00	85.00	141.00	44.00
	4186.83	0.00	26.00	0.00	39.00	26.00	43.00	32.00	0.00	101.00	20.00	35.00	74.00	42.00	0.00	85.00	140.00	47.00
	4186.83	0.00	25.00	10.00	35.00	33.00	43.00	34.00	0.00	101.00	21.00	35.00	73.00	44.00	0.00	84.00	141.00	51.00
	4186.85	0.00	24.00	21.00	36.00	34.00	44.00	35.00	15.00	111.00	24.00	35.00	76.00	44.00	0.00	86.00	140.00	61.00
	4186.85	0.00	25.00	23.00	38.00	56.00	47.00	35.00	15.00	122.00	29.00	36.00	77.00	45.00	0.00	87.00	149.00	71.00
	4186.87	0.00	25.00	22.00	40.00	88.00	50.00	36.00	25.00	135.00	29.00	36.00	79.00	45.00	1.00	83.00	162.00	81.00
	4186.87	0.00	32.00	26.00	42.00	107.00	57.00	39.00	26.00	146.00	39.00	36.00	84.00	46.00	8.00	86.00	167.00	90.00
	4186.88	0.00	35.00	28.00	44.00	124.00	71.00	38.00	27.00	173.00	41.00	36.00	88.00	46.00	3.00	87.00	169.00	99.00
	4186.89	0.00	37.00	29.00	46.00	136.00	94.00	43.00	30.00	202.00	41.00	36.00	89.00	46.00	8.00	87.00	173.00	104.00
	4186.90	0.00	39.00	38.00	47.00	163.00	119.00	45.00	53.00	233.00	44.00	35.00	88.00	44.00	11.00	88.00	171.00	101.00
	4186.91	0.00	40.00	46.00	49.00	182.00	146.00	45.00	94.00	256.00	45.00	35.00	83.00	45.00	9.00	85.00	158.00	94.00
	4186.92	0.00	41.00	56.00	50.00	200.00	175.00	46.00	117.00	271.00	43.00	35.00	81.00	45.00	9.00	83.00	147.00	91.00
	4186.93	0.00	53.00	67.00	50.00	214.00	194.00	49.00	131.00	273.00	19.00	33.00	73.00	45.00	9.00	78.00	137.00	78.00
	4186.94	0.00	59.00	73.00	59.00	225.00	207.00	50.00	113.00	259.00	0.00	33.00	71.00	44.00	12.00	71.00	122.00	66.00
	4186.95	0.00	54.00	67.00	51.00	227.00	209.00	48.00	100.00	244.00	0.00	33.00	54.00	42.00	0.00	61.00	80.00	47.00
	4186.96	0.00	41.00	60.00	51.00	226.00	208.00	48.00	91.00	243.00	0.00	33.00	46.00	41.00	0.00	56.00	55.00	44.00
	4186.97	0.00	40.00	55.00	51.00	226.00	207.00	48.00	81.00	245.00	0.00	32.00	45.00	40.00	0.00	49.00	53.00	43.00
	4186.98	0.00	40.00	53.00	50.00	225.00	211.00	48.00	89.00	246.00	0.00	30.00	42.00	37.00	0.00	49.00	52.00	43.00
	4186.99	0.00	40.00	46.00	50.00	225.00	213.00	48.00	96.00	247.00	0.00	31.00	39.00	38.00	0.00	49.00	49.00	39.00
	4187.00	0.00	41.00	56.00	51.00	226.00	216.00	48.00	103.00	254.00	0.00	29.00	38.00	38.00	0.00	49.00	49.00	38.00
	4187.01	0.00	46.00	60.00	51.00	227.00	216.00	48.00	102.00	260.00	0.00	28.00	38.00	39.00	0.00	50.00	47.00	35.00
	4187.02	0.00	50.00	53.00	51.00	227.00	219.00	48.00	105.00	269.00	0.00	22.00	37.00	39.00	0.00	49.00	49.00	35.00
	4187.03	0.00	45.00	50.00	51.00	226.00	214.00	48.00	104.00	264.00	0.00	20.00	37.00	39.00	0.00	50.00	50.00	36.00
	4187.04	0.00	42.00	42.00	51.00	220.00	205.00	47.00	96.00	266.00	0.00	17.00	38.00	40.00	0.00	50.00	49.00	36.00
	4187.05	0.00	40.00	39.00	51.00	206.00	192.00	48.00	72.00	264.00	0.00	18.00	37.00	38.00	0.00	50.00	49.00	35.00
	4187.06	0.00	39.00	37.00	52.00	195.00	172.00	48.00	59.00	265.00	0.00	21.00	37.00	38.00	0.00	50.00	50.00	34.00
	4187.07	0.00	39.00	24.00	52.00	189.00	163.00	49.00	55.00	265.00	0.00	27.00	35.00	39.00	0.00	50.00	50.00	34.00
	4187.08	0.00	39.00	28.00	52.00	186.00	154.00	48.00	49.00	266.00	0.00	28.00	34.00	39.00	0.00	48.00	49.00	31.00
	4187.09	0.00	39.00	28.00	51.00	184.00	138.00	48.00	47.00	265.00	0.00	28.00	33.00	39.00	0.00	48.00	49.00	28.00
	4187.10	0.00	38.00	26.00	51.00	184.00	133.00	48.00	45.00	256.00	0.00	28.00	32.00	38.00	0.00	48.00	49.00	27.00
	4187.11	0.00	40.00	27.00	52.00	178.00	130.00	47.00	45.00	245.00	0.00	29.00	34.00	38.00	0.00	49.00	48.00	28.00
	4187.12	0.00	39.00	27.00	51.00	175.00	124.00	47.00	41.00	225.00	0.00	27.00	32.00	38.00	0.00	49.00	49.00	28.00
	4187.13	0.00	39.00	28.00	51.00	172.00	120.00	47.00	41.00	211.00	0.00	26.00	31.00	38.00	0.00	49.00	49.00	28.00
	4187.14	0.00	39.00	27.00	50.00	168.00	114.00	47.00	41.00	190.00	0.00	26.00	31.00	38.00	0.00	49.00	48.00	28.00
	4187.15	0.00	39.00	25.00	51.00	167.00	99.00	47.00	43.00	176.00	0.00	25.00	30.00	38.00	0.00	48.00	46.00	29.00
	4187.16	0.00	39.00	24.00	51.00	164.00	95.00	47.00	43.00	169.00	0.00	25.00	31.00	38.00	0.00	48.00	48.00	32.00
	4187.17	0.00	39.00	22.00	52.00	163.00	89.00	47.00	48.00	162.00	0.00	23.00	29.00	38.00	0.00	48.00	48.00	32.00
	4187.17	0.00	39.00	24.00	52.00	159.00	86.00	48.00	54.00	157.00	0.00	23.00	26.00	39.00	0.00	49.00	48.00	32.00
	4187.19	0.00	39.00	22.00	50.00	149.00	81.00	48.00	55.00	146.00	0.00	23.00	28.00	39.00	0.00	48.00	48.00	33.00
	4187.19	0.00	39.00	22.00	51.00	145.00	79.00	47.00	58.00	137.00	0.00	24.00	27.00	40.00	0.00	48.00	48.00	34.00
	4187.20	0.00	38.00	22.00	51.00	141.00	75.00	47.00	63.00	124.00	0.00	24.00	26.00	38.00	0.00	48.00	48.00	36.00
	4187.21	0.00	38.00	11.00	51.00	138.00	71.00	47.00	71.00	110.00	0.00	25.00	27.00	40.00	0.00	48.00	48.00	36.00
	4187.22	0.00	38.00	20.00	51.00	132.00	69.00	46.00	78.00	112.00	0.00	25.00	28.00	40.00	0.00	48.00	47.00	36.00
	4187.23	0.00	38.00	6.00	51.00	128.00	68.00	46.00	79.00	94.00	0.00	27.00	24.00	40.00	0.00	48.00	47.00	36.00
	4187.24	0.00	38.00	1.00	51.00	125.00	64.00	46.00	89.00	84.00	0.00	28.00	25.00	39.00	0.00	48.00	47.00	36.00
	4187.25	0.00	39.00	0.00	49.00	123.00	62.00	43.00	87.00	88.00	0.00	29.00	26.00	38.00	0.00	48.00	47.00	35.00
	4187.26	0.00	39.00	0.00	49.00	118.00	63.00	45.00	97.00	80.00	0.00	29.00	25.00	38.00	0.00	48.00	46.00	37.00
	4187.27	0.00	39.00	0.00	47.00	110.00	66.00	44.00	113.00	72.00	0.00	31.00	24.00	38.00	0.00	49.00	46.00	37.00
	4187.28	0.00	38.00	3.00	48.00	107.00	69.00	44.00	117.00	68.00	0.00	31.00	23.00	38.00	0.00	49.00	46.00	37.00
	4187.29	0.00	40.00	3.00	46.00	105.00	71.00	46.00	124.00	68.00	0.00	31.00	23.00	38.00	0.00	49.00	48.00	37.00
	4187.30	0.00	39.00	14.00	47.00	110.00	71.00	45.00	120.00	65.00	0.00	31.00	21.00	37.00	0.00	48.00	48.00	37.00
	4187.31	0.00	40.00	13.00	46.00	99.00	73.00	46.00	127.00	68.00	0.00	31.00	21.00	37.00	0.00	49.00	49.00	37.00
	4187.32	0.00	41.00	18.00	45.00	107.00	74.00	46.00	129.00	67.00	0.00	31.00	23.00	37.00	0.00	49.00	49.00	37.00
	4187.33	0.00	46.00	23.00	47.00	106.00	73.00	47.00	132.00	68.00	0.00	32.00	24.00	37.00	0.00	49.00	50.00	37.00
	4187.34	0.00	52.00	20.00	49.00	109.00	79.00	48.00	138.00	72.00	0.00	32.00	25.00	35.00	0.00	49.00	49.00	38.00
	4187.35	0.00	59.00	21.00	51.00	130.00	82.00	49.00	145.00	77.00	0.00	33.00	23.00	37.00	0.00	50.00	49.00	38.00
	4187.36	0.00	66.00	21.00	56.00	134.00	83.00	49.00	145.00	77.00	0.00	34.00	26.00	37.00	0.00	49.00	49.00	38.00
	4187.37	0.00	73.00	24.00	57.00	134.00	83.00	51.00	147.00	83.00	0.00	34.00	26.00	37.00	0.00	49.00	49.00	38.00
	4187.38	0.00	82.00	22.00	58.00	137.00	84.00	50.00	156.00	87.00	0.00	34.00	27.00	38.00	0.00	50.00	50.00	38.00
	4187.39	0.00	86.00	23.00	60.00	140.00	85.00	53.00	154.00	98.00	0.00	34.00	27.00	38.00	0.00	49.00	50.00	38.00
	4187.40	0.00	86.00	24.00	59.00	139.00	80.00	53.00	156.00	103.00	0.00	33.00	27.00	37.00	0.00	49.00	50.00	38.00
	4187.41	0.00	87.00	24.00	58.00	143.00	77.00	50.00	154.00	106.00	0.00	33.00	28.00	36.00	0.00	49.00	50.00	37.00
	4187.42	0.00	88.00	32.00	58.00	146.00	74.00	47.00	158.00	105.00	0.00	34.00	31.00	37.00	0.00	49.00	50.00	39.00
	4187.42	0.00	86.00	38.00	57.00	147.00	72.00	45.00	157.00	96.00	0.00	34.00	29.00	36.00	0.00	50.00	51.00	39.00
	4187.44	0.00	85.00	35.00	55.00	141.00	66.00	45.00	154.00	82.00	0.00	34.00	29.00	38.00	0.00	51.00	51.00	39.00
	4187.44	0.00	83.00	41.00	52.00	142.00	63.00	44.00	149.00	57.00	0.00	35.00	29.00	39.00	0.00	52.00	51.00	40.00
	4187.45	0.00	69.00	41.00	49.00	140.00	54.00	45.00	151.00	40.00	0.00	36.00	32.00	39.00	0.00	55.00	52.00	41.00
	4187.46	0.00	64.00	40.00	49.00	138.00	49.00	45.00	145.00	7.00	0.00	36.00	33.00	40.00	0.00	58.00	54.00	40.00
	4187.47	0.00	42.00	37.00	49.00	131.00	49.00	46.00	131.00	0.00	0.00	36.00	32.00	41.00	0.00	64.00	56.00	42.00
	4187.48	0.00	41.00	23.00	48.00	123.00	48.00	46.00	112.00	0.00	0.00	36.00	33.00	42.00	0.00	78.00	56.00	43.00
	4187.49	0.00	41.00	18.00	45.00	111.00	45.00	45.00	84.00	0.00	0.00	36.00	34.00	43.00	0.00	125.00	59.00	44.00
	4187.50	0.00	40.00	22.00	41.00	100.00	44.00	45.00	61.00	0.00	0.00	36.00	39.00	43.00	0.00	134.00	65.00	44.00
	4187.51	0.00	40.00	18.00	33.00	47.00	40.00	43.00	47.00	0.00	0.00	36.00	41.00	44.00	2.00	129.00	68.00	45.00
	4187.52	0.00	39.00	12.00	31.00	43.00	39.00	38.00	43.00	0.00	0.00	36.00	39.00	44.00	3.00	130.00	69.00	44.00
	4187.53	0.00	38.00	4.00	28.00	27.00	39.00	38.00	35.00	0.00	0.00	36.00	39.00	45.00	3.00	130.00	86.00	44.00
	4187.54	0.00	37.00	0.00	26.00	19.00	39.00	37.00	35.00	0.00	0.00	36.00	42.00	45.00	4.00	131.00	91.00	44.00
	4187.55	0.00	37.00	0.00	27.00	20.00	39.00	33.00	35.00	0.00	0.00	37.00	42.00	45.00	3.00	137.00	95.00	45.00
	4187.56	0.00	36.00	0.00	27.00	15.00	38.00	32.00	35.00	0.00	0.00	37.00	42.00	45.00	10.00	155.00	99.00	45.00
	4187.57	0.00	37.00	0.00	28.00	20.00	38.00	31.00	35.00	0.00	0.00	37.00	40.00	45.00	10.00	161.00	102.00	45.00
	4187.58	0.00	37.00	0.00	30.00	18.00	38.00	33.00	34.00	0.00	0.00	37.00	40.00	45.00	6.00	161.00	115.00	47.00
	4187.59	0.00	37.00	0.00	31.00	22.00	40.00	34.00	35.00	0.00	0.00	37.00	41.00	45.00	8.00	154.00	119.00	46.00
	4187.60	0.00	37.00	0.00	32.00	23.00	41.00	35.00	35.00	0.00	0.00	36.00	44.00	45.00	8.00	139.00	118.00	46.00
	4187.61	0.00	36.00	0.00	33.00	24.00	40.00	35.00	35.00	0.00	0.00	37.00	44.00	45.00	10.00	130.00	111.00	45.00
	4187.62	0.00	37.00	0.00	33.00	24.00	40.00	35.00	35.00	0.00	0.00	37.00	43.00	43.00	10.00	116.00	107.00	44.00
	4187.63	0.00	37.00	0.00	33.00	22.00	40.00	35.00	36.00	0.00	0.00	36.00	43.00	43.00	6.00	88.00	113.00	44.00
	4187.64	0.00	37.00	0.00	33.00	21.00	40.00	35.00	36.00	0.00	0.00	36.00	44.00	45.00	9.00	85.00	113.00	43.00
	4187.64	0.00	37.00	0.00	32.00	20.00	39.00	34.00	35.00	0.00	0.00	37.00	45.00	45.00	8.00	83.00	116.00	43.00
	4187.65	0.00	37.00	0.00	34.00	18.00	40.00	35.00	28.00	0.00	0.00	37.00	43.00	45.00	6.00	82.00	115.00	43.00
	4187.66	0.00	37.00	0.00	33.00	17.00	39.00	36.00	28.00	0.00	0.00	37.00	43.00	45.00	9.00	81.00	112.00	43.00
	4187.67	0.00	36.00	0.00	33.00	20.00	39.00	27.00	28.00	0.00	0.00	37.00	45.00	44.00	8.00	81.00	110.00	43.00
	4187.68	0.00	36.00	0.00	32.00	25.00	39.00	17.00	27.00	0.00	0.00	36.00	45.00	44.00	9.00	70.00	102.00	43.00
	4187.69	0.00	36.00	0.00	32.00	23.00	39.00	17.00	27.00	0.00	0.00	36.00	44.00	44.00	9.00	66.00	96.00	42.00
	4187.70	0.00	36.00	0.00	32.00	24.00	40.00	29.00	26.00	0.00	0.00	35.00	46.00	44.00	14.00	64.00	87.00	42.00
	4187.71	0.00	35.00	0.00	30.00	24.00	41.00	31.00	24.00	0.00	0.00	34.00	44.00	42.00	13.00	64.00	78.00	41.00
	4187.72	0.00	36.00	0.00	30.00	16.00	41.00	33.00	15.00	0.00	0.00	34.00	45.00	40.00	12.00	62.00	77.00	42.00
	4187.73	0.00	34.00	0.00	31.00	6.00	40.00	32.00	0.00	0.00	0.00	33.00	44.00	40.00	6.00	60.00	76.00	41.00
	4187.74	0.00	35.00	0.00	31.00	7.00	39.00	32.00	0.00	0.00	0.00	32.00	47.00	42.00	9.00	60.00	72.00	41.00
	4187.75	0.00	35.00	0.00	32.00	10.00	39.00	34.00	0.00	0.00	0.00	33.00	45.00	42.00	10.00	58.00	65.00	41.00
	4187.76	0.00	35.00	0.00	33.00	20.00	40.00	34.00	0.00	0.00	0.00	34.00	45.00	42.00	14.00	57.00	63.00	41.00
	4187.77	0.00	35.00	0.00	34.00	21.00	40.00	34.00	0.00	0.00	0.00	33.00	47.00	40.00	12.00	57.00	63.00	41.00
	4187.78	0.00	35.00	0.00	34.00	20.00	40.00	37.00	0.00	0.00	0.00	33.00	45.00	40.00	12.00	56.00	62.00	41.00
	4187.79	0.00	32.00	0.00	34.00	20.00	39.00	37.00	0.00	0.00	0.00	33.00	45.00	40.00	13.00	55.00	61.00	41.00
	4187.80	0.00	32.00	0.00	34.00	21.00	40.00	37.00	0.00	0.00	0.00	32.00	47.00	40.00	12.00	54.00	60.00	41.00
	4187.81	0.00	32.00	0.00	32.00	21.00	40.00	35.00	0.00	0.00	0.00	33.00	46.00	42.00	12.00	54.00	61.00	42.00
	4187.81	0.00	24.00	0.00	33.00	5.00	43.00	35.00	0.00	0.00	0.00	33.00	47.00	41.00	0.00	54.00	61.00	40.00
	4187.83	0.00	27.00	0.00	33.00	2.00	47.00	34.00	0.00	0.00	0.00	33.00	46.00	42.00	0.00	55.00	60.00	42.00
	4187.83	0.00	26.00	0.00	31.00	4.00	47.00	34.00	0.00	0.00	0.00	32.00	45.00	43.00	0.00	53.00	61.00	42.00
	4187.84	0.00	25.00	0.00	29.00	6.00	47.00	34.00	0.00	0.00	0.00	33.00	45.00	43.00	0.00	55.00	62.00	42.00
	4187.85	0.00	22.00	0.00	26.00	6.00	42.00	16.00	0.00	0.00	0.00	32.00	46.00	43.00	0.00	53.00	64.00	44.00
	4187.86	0.00	22.00	0.00	26.00	14.00	38.00	14.00	0.00	0.00	0.00	33.00	48.00	44.00	0.00	54.00	85.00	45.00
	4187.87	0.00	23.00	0.00	25.00	17.00	37.00	14.00	0.00	0.00	0.00	33.00	50.00	44.00	0.00	56.00	107.00	45.00
	4187.88	0.00	21.00	0.00	27.00	21.00	34.00	33.00	0.00	0.00	0.00	34.00	61.00	44.00	0.00	61.00	116.00	57.00
	4187.89	0.00	21.00	0.00	27.00	20.00	35.00	34.00	0.00	0.00	0.00	34.00	68.00	44.00	0.00	78.00	133.00	82.00
	4187.90	0.00	22.00	0.00	29.00	8.00	35.00	33.00	0.00	10.00	25.00	35.00	80.00	43.00	0.00	87.00	161.00	100.00
	4187.91	0.00	21.00	0.00	33.00	10.00	35.00	12.00	0.00	56.00	48.00	36.00	94.00	45.00	0.00	99.00	190.00	122.00
	4187.92	0.00	21.00	0.00	36.00	16.00	39.00	33.00	0.00	101.00	51.00	36.00	120.00	45.00	0.00	145.00	203.00	126.00
	4187.93	0.00	24.00	0.00	34.00	21.00	38.00	33.00	0.00	125.00	68.00	36.00	142.00	46.00	0.00	161.00	212.00	150.00
	4187.94	0.00	23.00	0.00	38.00	28.00	40.00	34.00	0.00	125.00	84.00	36.00	158.00	46.00	0.00	184.00	219.00	161.00
	4187.95	0.00	23.00	0.00	37.00	35.00	41.00	33.00	0.00	139.00	85.00	37.00	162.00	46.00	0.00	186.00	223.00	174.00
	4187.96	0.00	24.00	18.00	42.00	57.00	45.00	34.00	15.00	148.00	85.00	37.00	166.00	47.00	0.00	189.00	225.00	173.00
	4187.97	0.00	26.00	22.00	41.00	74.00	47.00	34.00	25.00	166.00	84.00	37.00	175.00	48.00	0.00	190.00	226.00	170.00
	4187.98	0.00	34.00	25.00	44.00	98.00	56.00	39.00	26.00	191.00	83.00	37.00	165.00	48.00	7.00	185.00	227.00	168.00
	4187.99	0.00	37.00	26.00	45.00	121.00	100.00	43.00	28.00	226.00	78.00	36.00	152.00	47.00	4.00	165.00	224.00	166.00
	4188.00	0.00	39.00	39.00	48.00	154.00	130.00	45.00	64.00	253.00	75.00	34.00	131.00	46.00	9.00	129.00	220.00	152.00
	4188.01	0.00	40.00	44.00	49.00	172.00	152.00	45.00	88.00	270.00	46.00	33.00	104.00	45.00	0.00	91.00	206.00	128.00
	4188.02	0.00	40.00	45.00	52.00	183.00	162.00	47.00	86.00	260.00	11.00	32.00	77.00	44.00	0.00	77.00	153.00	99.00
	4188.03	0.00	40.00	45.00	50.00	187.00	165.00	48.00	82.00	261.00	0.00	30.00	70.00	44.00	0.00	63.00	129.00	69.00
	4188.04	0.00	40.00	43.00	52.00	189.00	165.00	47.00	84.00	258.00	0.00	30.00	57.00	43.00	0.00	54.00	86.00	47.00
	4188.05	0.00	39.00	44.00	53.00	194.00	170.00	48.00	83.00	248.00	0.00	31.00	49.00	40.00	0.00	51.00	56.00	44.00
	4188.06	0.00	40.00	46.00	53.00	198.00	183.00	47.00	80.00	232.00	0.00	29.00	44.00	38.00	0.00	49.00	53.00	44.00
	4188.06	0.00	39.00	46.00	53.00	206.00	190.00	48.00	85.00	221.00	0.00	31.00	46.00	38.00	0.00	49.00	52.00	43.00
	4188.08	0.00	39.00	46.00	52.00	214.00	195.00	48.00	93.00	207.00	0.00	31.00	37.00	37.00	0.00	49.00	49.00	42.00
	4188.08	0.00	40.00	45.00	51.00	224.00	200.00	50.00	112.00	211.00	0.00	31.00	39.00	37.00	0.00	49.00	48.00	40.00
	4188.09	0.00	40.00	43.00	53.00	225.00	204.00	52.00	119.00	212.00	0.00	30.00	39.00	38.00	0.00	50.00	48.00	40.00
	4188.10	0.00	40.00	44.00	56.00	226.00	205.00	49.00	124.00	210.00	0.00	30.00	41.00	38.00	0.00	50.00	47.00	40.00
	4188.11	0.00	41.00	43.00	55.00	227.00	204.00	47.00	122.00	215.00	0.00	29.00	45.00	39.00	0.00	50.00	46.00	39.00
	4188.12	0.00	41.00	43.00	51.00	225.00	201.00	48.00	121.00	216.00	0.00	29.00	46.00	39.00	0.00	50.00	45.00	39.00
	4188.13	0.00	40.00	44.00	52.00	220.00	199.00	48.00	120.00	215.00	0.00	29.00	46.00	39.00	0.00	49.00	44.00	39.00
	4188.14	0.00	40.00	42.00	55.00	217.00	191.00	48.00	117.00	214.00	0.00	29.00	44.00	39.00	0.00	49.00	45.00	38.00
	4188.15	0.00	39.00	41.00	56.00	214.00	182.00	47.00	117.00	210.00	0.00	29.00	39.00	38.00	0.00	48.00	45.00	38.00
	4188.16	0.00	39.00	40.00	59.00	218.00	174.00	48.00	117.00	203.00	0.00	29.00	37.00	38.00	0.00	47.00	45.00	37.00
	4188.17	0.00	39.00	40.00	59.00	221.00	171.00	47.00	98.00	203.00	0.00	29.00	33.00	37.00	0.00	47.00	45.00	36.00
	4188.18	0.00	39.00	39.00	56.00	220.00	167.00	48.00	94.00	197.00	0.00	30.00	31.00	37.00	7.00	48.00	45.00	35.00
	4188.19	0.00	40.00	30.00	52.00	218.00	165.00	49.00	99.00	190.00	0.00	29.00	31.00	36.00	7.00	48.00	46.00	33.00
	4188.20	0.00	40.00	31.00	50.00	215.00	155.00	48.00	97.00	184.00	0.00	29.00	30.00	35.00	2.00	47.00	46.00	32.00
	4188.21	0.00	39.00	30.00	50.00	198.00	147.00	48.00	87.00	175.00	0.00	28.00	30.00	35.00	0.00	47.00	46.00	32.00
	4188.22	0.00	40.00	30.00	49.00	195.00	137.00	48.00	80.00	168.00	0.00	28.00	31.00	35.00	0.00	48.00	46.00	32.00
	4188.23	0.00	39.00	30.00	51.00	189.00	127.00	48.00	74.00	159.00	0.00	28.00	30.00	36.00	0.00	47.00	45.00	32.00
	4188.24	0.00	39.00	30.00	50.00	182.00	120.00	48.00	64.00	151.00	0.00	26.00	31.00	36.00	0.00	47.00	45.00	32.00
	4188.25	0.00	38.00	29.00	52.00	173.00	104.00	47.00	61.00	144.00	0.00	26.00	30.00	36.00	0.00	46.00	45.00	33.00
	4188.26	0.00	38.00	30.00	51.00	164.00	97.00	45.00	56.00	138.00	0.00	25.00	29.00	37.00	0.00	45.00	45.00	33.00
	4188.27	0.00	38.00	31.00	50.00	159.00	96.00	45.00	54.00	134.00	0.00	24.00	28.00	37.00	0.00	46.00	45.00	34.00
	4188.28	0.00	38.00	30.00	50.00	137.00	80.00	45.00	50.00	123.00	0.00	24.00	27.00	38.00	0.00	46.00	45.00	34.00
	4188.29	0.00	38.00	30.00	50.00	126.00	71.00	45.00	45.00	111.00	0.00	24.00	27.00	38.00	0.00	46.00	44.00	35.00
	4188.30	0.00	38.00	28.00	49.00	121.00	63.00	46.00	40.00	97.00	0.00	26.00	28.00	39.00	0.00	46.00	45.00	36.00
	4188.31	0.00	37.00	25.00	49.00	114.00	57.00	46.00	38.00	60.00	0.00	24.00	28.00	39.00	0.00	47.00	45.00	36.00
	4188.32	0.00	37.00	23.00	47.00	110.00	56.00	46.00	36.00	54.00	0.00	25.00	27.00	40.00	0.00	47.00	45.00	34.00
	4188.33	0.00	38.00	21.00	46.00	103.00	56.00	46.00	35.00	42.00	0.00	26.00	28.00	40.00	0.00	47.00	45.00	36.00
	4188.34	0.00	36.00	25.00	45.00	99.00	55.00	45.00	31.00	38.00	0.00	26.00	25.00	39.00	0.00	47.00	45.00	37.00
	4188.35	0.00	38.00	25.00	44.00	96.00	54.00	44.00	31.00	31.00	0.00	27.00	25.00	39.00	0.00	46.00	44.00	36.00
	4188.35	0.00	37.00	16.00	44.00	91.00	53.00	45.00	32.00	25.00	0.00	25.00	24.00	38.00	0.00	47.00	44.00	38.00
	4188.36	0.00	37.00	18.00	43.00	92.00	53.00	47.00	35.00	13.00	0.00	25.00	28.00	37.00	0.00	45.00	45.00	37.00
	4188.37	0.00	36.00	19.00	43.00	93.00	53.00	46.00	36.00	14.00	0.00	25.00	29.00	37.00	0.00	45.00	45.00	37.00
	4188.38	0.00	36.00	18.00	44.00	88.00	51.00	47.00	39.00	12.00	0.00	27.00	27.00	36.00	0.00	45.00	44.00	37.00
	4188.39	0.00	37.00	21.00	43.00	87.00	52.00	45.00	41.00	15.00	0.00	26.00	24.00	36.00	0.00	47.00	43.00	36.00
	4188.40	0.00	36.00	23.00	43.00	91.00	49.00	46.00	43.00	15.00	0.00	26.00	25.00	36.00	0.00	46.00	45.00	37.00
	4188.41	0.00	38.00	22.00	44.00	105.00	50.00	46.00	47.00	16.00	0.00	26.00	24.00	35.00	2.00	47.00	47.00	38.00
	4188.42	0.00	36.00	21.00	45.00	109.00	49.00	45.00	56.00	12.00	0.00	28.00	22.00	36.00	2.00	48.00	47.00	36.00
	4188.43	0.00	38.00	22.00	44.00	114.00	51.00	45.00	62.00	13.00	0.00	30.00	22.00	36.00	3.00	49.00	48.00	37.00
	4188.44	0.00	39.00	25.00	44.00	122.00	50.00	45.00	69.00	9.00	0.00	32.00	25.00	36.00	3.00	49.00	48.00	37.00
	4188.45	0.00	40.00	34.00	46.00	124.00	50.00	44.00	81.00	14.00	0.00	33.00	27.00	36.00	0.00	48.00	48.00	37.00
	4188.46	0.00	39.00	39.00	46.00	127.00	50.00	45.00	82.00	12.00	0.00	33.00	26.00	36.00	0.00	50.00	48.00	36.00
	4188.47	0.00	39.00	39.00	47.00	124.00	50.00	45.00	96.00	13.00	0.00	35.00	26.00	34.00	0.00	51.00	48.00	37.00
	4188.48	0.00	40.00	39.00	48.00	126.00	51.00	45.00	95.00	12.00	0.00	34.00	28.00	34.00	0.00	52.00	48.00	37.00
	4188.49	0.00	39.00	41.00	47.00	128.00	50.00	45.00	97.00	0.00	0.00	33.00	29.00	37.00	0.00	51.00	48.00	38.00
	4188.50	0.00	39.00	39.00	47.00	126.00	50.00	45.00	98.00	0.00	0.00	34.00	30.00	37.00	0.00	51.00	49.00	39.00
	4188.51	0.00	39.00	40.00	47.00	122.00	48.00	45.00	91.00	0.00	0.00	34.00	30.00	37.00	0.00	52.00	49.00	39.00
	4188.52	0.00	39.00	35.00	48.00	123.00	48.00	45.00	92.00	0.00	0.00	35.00	31.00	38.00	0.00	53.00	49.00	40.00
	4188.53	0.00	39.00	38.00	47.00	118.00	47.00	45.00	94.00	0.00	0.00	36.00	30.00	39.00	0.00	58.00	49.00	40.00
	4188.54	0.00	39.00	34.00	47.00	118.00	44.00	45.00	89.00	0.00	0.00	36.00	31.00	38.00	0.00	61.00	51.00	40.00
	4188.55	0.00	39.00	23.00	46.00	115.00	44.00	44.00	79.00	0.00	0.00	37.00	31.00	40.00	0.00	65.00	53.00	40.00
	4188.56	0.00	39.00	22.00	46.00	115.00	44.00	45.00	68.00	0.00	0.00	36.00	32.00	40.00	0.00	70.00	54.00	41.00
	4188.56	0.00	39.00	22.00	44.00	111.00	43.00	45.00	66.00	0.00	0.00	36.00	33.00	39.00	0.00	74.00	56.00	40.00
	4188.57	0.00	39.00	15.00	42.00	105.00	40.00	44.00	46.00	0.00	0.00	36.00	33.00	42.00	0.00	95.00	56.00	40.00
	4188.58	0.00	38.00	17.00	37.00	45.00	40.00	42.00	39.00	0.00	0.00	37.00	33.00	42.00	0.00	112.00	57.00	42.00
	4188.59	0.00	38.00	12.00	35.00	44.00	39.00	35.00	30.00	0.00	0.00	37.00	34.00	42.00	0.00	125.00	61.00	42.00
	4188.60	0.00	37.00	4.00	30.00	42.00	41.00	36.00	29.00	0.00	0.00	38.00	34.00	42.00	11.00	122.00	65.00	43.00
	4188.61	0.00	37.00	0.00	28.00	22.00	40.00	34.00	27.00	0.00	0.00	38.00	35.00	43.00	12.00	116.00	65.00	45.00
	4188.62	0.00	38.00	0.00	28.00	16.00	39.00	32.00	27.00	0.00	0.00	38.00	35.00	43.00	14.00	119.00	66.00	46.00
	4188.63	0.00	37.00	0.00	29.00	14.00	39.00	31.00	27.00	0.00	0.00	38.00	36.00	43.00	13.00	128.00	68.00	45.00
	4188.64	0.00	37.00	0.00	28.00	16.00	39.00	34.00	27.00	0.00	0.00	38.00	35.00	44.00	9.00	124.00	74.00	44.00
	4188.65	0.00	37.00	0.00	35.00	16.00	38.00	33.00	28.00	0.00	0.00	38.00	34.00	43.00	15.00	115.00	77.00	45.00
	4188.66	0.00	37.00	0.00	31.00	16.00	38.00	33.00	27.00	0.00	0.00	38.00	35.00	43.00	15.00	106.00	76.00	45.00
	4188.67	0.00	36.00	0.00	34.00	18.00	38.00	33.00	27.00	0.00	0.00	38.00	33.00	43.00	12.00	104.00	77.00	44.00
	4188.68	0.00	35.00	0.00	34.00	9.00	39.00	33.00	27.00	0.00	0.00	38.00	32.00	42.00	12.00	99.00	78.00	43.00
	4188.69	0.00	35.00	0.00	34.00	13.00	38.00	34.00	28.00	0.00	0.00	37.00	33.00	42.00	8.00	92.00	78.00	42.00
	4188.70	0.00	35.00	0.00	32.00	12.00	38.00	35.00	28.00	0.00	0.00	38.00	33.00	41.00	11.00	86.00	78.00	42.00
	4188.71	0.00	34.00	0.00	31.00	6.00	38.00	34.00	26.00	0.00	0.00	37.00	32.00	42.00	0.00	85.00	77.00	43.00
	4188.72	0.00	35.00	0.00	31.00	2.00	39.00	34.00	26.00	0.00	0.00	38.00	33.00	42.00	0.00	83.00	77.00	42.00
	4188.73	0.00	35.00	0.00	32.00	3.00	38.00	34.00	27.00	0.00	0.00	37.00	34.00	42.00	0.00	79.00	74.00	41.00
	4188.73	0.00	35.00	0.00	31.00	9.00	36.00	34.00	26.00	0.00	0.00	37.00	36.00	42.00	4.00	75.00	73.00	42.00
	4188.74	0.00	35.00	0.00	30.00	12.00	38.00	34.00	27.00	0.00	0.00	37.00	35.00	42.00	5.00	71.00	71.00	42.00
	4188.75	0.00	34.00	0.00	29.00	12.00	38.00	14.00	27.00	0.00	0.00	36.00	37.00	41.00	9.00	65.00	70.00	42.00
	4188.76	0.00	34.00	0.00	29.00	10.00	37.00	19.00	26.00	0.00	0.00	36.00	37.00	41.00	12.00	65.00	69.00	42.00
	4188.77	0.00	34.00	0.00	30.00	11.00	38.00	23.00	24.00	0.00	0.00	36.00	37.00	41.00	13.00	65.00	65.00	41.00
	4188.78	0.00	34.00	0.00	30.00	3.00	38.00	30.00	18.00	0.00	0.00	36.00	37.00	41.00	12.00	64.00	63.00	42.00
	4188.79	0.00	34.00	0.00	31.00	12.00	39.00	30.00	15.00	0.00	0.00	35.00	34.00	41.00	10.00	62.00	61.00	40.00
	4188.80	0.00	34.00	0.00	30.00	13.00	40.00	32.00	0.00	0.00	0.00	34.00	36.00	40.00	7.00	61.00	59.00	40.00
	4188.81	0.00	33.00	0.00	29.00	5.00	40.00	32.00	0.00	0.00	0.00	33.00	36.00	40.00	7.00	58.00	59.00	40.00
	4188.82	0.00	32.00	0.00	30.00	5.00	40.00	29.00	0.00	0.00	0.00	34.00	37.00	40.00	11.00	55.00	59.00	40.00
	4188.83	0.00	32.00	0.00	30.00	11.00	40.00	29.00	0.00	0.00	0.00	33.00	37.00	40.00	12.00	55.00	58.00	39.00
	4188.84	0.00	32.00	0.00	32.00	2.00	39.00	31.00	0.00	0.00	0.00	33.00	38.00	40.00	0.00	54.00	57.00	39.00
	4188.85	0.00	32.00	0.00	31.00	2.00	40.00	30.00	0.00	0.00	0.00	33.00	37.00	40.00	0.00	53.00	58.00	38.00
	4188.86	0.00	32.00	0.00	32.00	2.00	40.00	31.00	0.00	0.00	0.00	33.00	38.00	40.00	0.00	52.00	56.00	39.00
	4188.87	0.00	34.00	0.00	32.00	1.00	40.00	33.00	0.00	0.00	0.00	33.00	38.00	40.00	0.00	52.00	58.00	39.00
	4188.88	0.00	25.00	0.00	31.00	4.00	40.00	34.00	0.00	0.00	0.00	33.00	39.00	38.00	0.00	51.00	58.00	40.00
	4188.89	0.00	25.00	0.00	32.00	2.00	40.00	33.00	0.00	0.00	0.00	33.00	41.00	40.00	0.00	52.00	57.00	40.00
	4188.89	0.00	29.00	0.00	32.00	2.00	40.00	34.00	0.00	0.00	0.00	33.00	42.00	41.00	0.00	51.00	57.00	40.00
	4188.90	0.00	25.00	0.00	29.00	1.00	39.00	34.00	0.00	0.00	0.00	33.00	43.00	41.00	0.00	52.00	59.00	40.00
	4188.91	0.00	29.00	0.00	28.00	1.00	39.00	33.00	0.00	0.00	0.00	33.00	43.00	41.00	0.00	52.00	59.00	41.00
	4188.92	0.00	27.00	0.00	29.00	0.00	39.00	33.00	0.00	0.00	0.00	33.00	45.00	41.00	0.00	52.00	60.00	41.00
	4188.93	0.00	26.00	0.00	27.00	10.00	38.00	15.00	0.00	0.00	0.00	33.00	45.00	42.00	0.00	51.00	60.00	41.00
	4188.94	0.00	26.00	0.00	27.00	0.00	38.00	2.00	0.00	0.00	0.00	33.00	45.00	42.00	0.00	52.00	62.00	41.00
	4188.95	0.00	26.00	0.00	26.00	12.00	39.00	0.00	0.00	0.00	0.00	34.00	43.00	43.00	0.00	51.00	64.00	42.00
	4188.96	0.00	25.00	0.00	26.00	2.00	38.00	0.00	0.00	0.00	0.00	33.00	44.00	41.00	0.00	52.00	68.00	43.00
	4188.97	0.00	23.00	0.00	27.00	8.00	39.00	0.00	0.00	0.00	0.00	34.00	46.00	44.00	0.00	52.00	83.00	44.00
	4188.98	0.00	22.00	0.00	27.00	1.00	38.00	1.00	0.00	0.00	0.00	34.00	46.00	44.00	0.00	51.00	100.00	44.00
	4188.99	0.00	22.00	0.00	28.00	10.00	38.00	4.00	0.00	1.00	0.00	34.00	44.00	45.00	0.00	53.00	101.00	46.00
	4189.00	0.00	23.00	0.00	30.00	10.00	37.00	14.00	0.00	3.00	0.00	34.00	46.00	45.00	0.00	54.00	110.00	50.00
	4189.01	0.00	21.00	0.00	35.00	16.00	36.00	15.00	0.00	6.00	0.00	34.00	48.00	45.00	0.00	57.00	121.00	64.00
	4189.02	0.00	19.00	0.00	36.00	17.00	38.00	14.00	0.00	10.00	0.00	34.00	53.00	45.00	0.00	69.00	127.00	75.00
	4189.02	0.00	20.00	0.00	38.00	21.00	39.00	16.00	0.00	21.00	0.00	34.00	59.00	45.00	0.00	78.00	144.00	85.00
	4189.03	0.00	22.00	0.00	39.00	26.00	39.00	32.00	0.00	50.00	23.00	34.00	70.00	45.00	0.00	83.00	154.00	93.00
	4189.04	0.00	23.00	0.00	39.00	26.00	39.00	34.00	0.00	64.00	36.00	34.00	77.00	45.00	0.00	86.00	161.00	97.00
	4189.05	0.00	24.00	0.00	39.00	32.00	40.00	34.00	15.00	79.00	40.00	34.00	76.00	45.00	0.00	88.00	168.00	100.00
	4189.06	0.00	24.00	0.00	40.00	38.00	40.00	34.00	15.00	97.00	41.00	34.00	74.00	45.00	0.00	97.00	173.00	102.00
	4189.07	0.00	23.00	22.00	40.00	73.00	44.00	38.00	24.00	113.00	47.00	34.00	76.00	45.00	0.00	100.00	175.00	107.00
	4189.08	0.00	23.00	25.00	42.00	93.00	44.00	38.00	24.00	144.00	49.00	34.00	78.00	45.00	0.00	99.00	177.00	110.00
	4189.09	0.00	27.00	25.00	44.00	107.00	52.00	38.00	26.00	148.00	49.00	33.00	80.00	42.00	0.00	96.00	166.00	108.00
	4189.10	0.00	37.00	21.00	44.00	117.00	77.00	44.00	27.00	167.00	47.00	32.00	78.00	45.00	0.00	92.00	158.00	106.00
	4189.11	0.00	39.00	27.00	45.00	135.00	98.00	44.00	37.00	201.00	20.00	31.00	77.00	44.00	0.00	86.00	146.00	98.00
	4189.12	0.00	40.00	28.00	48.00	155.00	117.00	46.00	39.00	213.00	0.00	30.00	74.00	44.00	0.00	82.00	133.00	73.00
	4189.13	0.00	40.00	27.00	50.00	167.00	126.00	46.00	42.00	215.00	0.00	30.00	57.00	44.00	0.00	59.00	116.00	52.00
	4189.14	0.00	40.00	30.00	51.00	180.00	139.00	48.00	44.00	198.00	0.00	29.00	48.00	41.00	0.00	55.00	76.00	44.00
	4189.15	0.00	39.00	29.00	50.00	187.00	148.00	47.00	64.00	179.00	0.00	30.00	43.00	40.00	0.00	50.00	57.00	42.00
	4189.16	0.00	39.00	29.00	47.00	189.00	147.00	48.00	63.00	172.00	0.00	30.00	39.00	39.00	0.00	49.00	53.00	42.00
	4189.17	0.00	38.00	30.00	49.00	188.00	150.00	48.00	65.00	171.00	0.00	30.00	39.00	38.00	0.00	49.00	51.00	41.00
	4189.18	0.00	39.00	30.00	48.00	191.00	151.00	48.00	58.00	171.00	0.00	28.00	38.00	38.00	0.00	50.00	50.00	40.00
	4189.19	0.00	38.00	30.00	50.00	191.00	154.00	48.00	60.00	172.00	0.00	29.00	37.00	39.00	0.00	50.00	47.00	40.00
	4189.20	0.00	39.00	29.00	48.00	193.00	159.00	48.00	62.00	173.00	0.00	28.00	36.00	39.00	0.00	50.00	46.00	41.00
	4189.21	0.00	40.00	27.00	48.00	192.00	162.00	48.00	63.00	174.00	0.00	28.00	38.00	39.00	0.00	50.00	45.00	39.00
	4189.22	0.00	40.00	28.00	49.00	193.00	163.00	48.00	65.00	175.00	0.00	27.00	42.00	40.00	0.00	50.00	45.00	38.00
	4189.23	0.00	40.00	26.00	49.00	193.00	164.00	49.00	63.00	181.00	0.00	26.00	44.00	40.00	0.00	49.00	44.00	39.00
	4189.24	0.00	40.00	27.00	50.00	191.00	160.00	48.00	58.00	180.00	0.00	27.00	44.00	39.00	0.00	49.00	42.00	37.00
	4189.25	0.00	40.00	30.00	52.00	187.00	156.00	48.00	55.00	177.00	0.00	28.00	40.00	39.00	0.00	48.00	42.00	36.00
	4189.26	0.00	39.00	28.00	52.00	187.00	149.00	49.00	54.00	177.00	0.00	29.00	36.00	39.00	0.00	47.00	43.00	36.00
	4189.27	0.00	39.00	30.00	50.00	184.00	140.00	49.00	53.00	175.00	0.00	29.00	35.00	38.00	0.00	47.00	42.00	36.00
	4189.28	0.00	38.00	29.00	51.00	183.00	139.00	49.00	54.00	180.00	0.00	30.00	36.00	38.00	0.00	47.00	42.00	36.00
	4189.29	0.00	39.00	26.00	50.00	183.00	136.00	49.00	54.00	177.00	0.00	29.00	35.00	37.00	0.00	47.00	42.00	36.00
	4189.30	0.00	38.00	29.00	51.00	183.00	131.00	49.00	54.00	168.00	0.00	30.00	33.00	37.00	0.00	48.00	43.00	34.00
	4189.31	0.00	38.00	29.00	50.00	182.00	127.00	49.00	54.00	167.00	0.00	29.00	33.00	37.00	0.00	48.00	43.00	35.00
	4189.32	0.00	39.00	29.00	50.00	180.00	122.00	49.00	56.00	167.00	0.00	29.00	33.00	37.00	0.00	48.00	43.00	33.00
	4189.33	0.00	39.00	30.00	50.00	179.00	111.00	49.00	58.00	163.00	0.00	29.00	32.00	37.00	0.00	48.00	43.00	33.00
	4189.33	0.00	39.00	31.00	50.00	176.00	98.00	48.00	57.00	154.00	0.00	27.00	33.00	37.00	0.00	48.00	42.00	33.00
	4189.34	0.00	39.00	30.00	51.00	172.00	88.00	48.00	57.00	140.00	0.00	27.00	32.00	37.00	0.00	47.00	42.00	35.00
	4189.35	0.00	39.00	27.00	50.00	168.00	81.00	47.00	54.00	136.00	0.00	26.00	31.00	38.00	0.00	48.00	43.00	34.00
	4189.36	0.00	38.00	27.00	50.00	158.00	67.00	47.00	50.00	118.00	0.00	24.00	32.00	38.00	0.00	48.00	43.00	35.00
	4189.37	0.00	38.00	26.00	50.00	141.00	59.00	47.00	44.00	95.00	0.00	23.00	29.00	39.00	0.00	48.00	43.00	35.00
	4189.38	0.00	38.00	24.00	48.00	127.00	55.00	48.00	33.00	65.00	0.00	22.00	28.00	39.00	0.00	48.00	44.00	34.00
	4189.39	0.00	38.00	16.00	48.00	122.00	55.00	45.00	30.00	36.00	0.00	20.00	29.00	40.00	0.00	48.00	45.00	36.00
	4189.40	0.00	38.00	7.00	47.00	115.00	52.00	45.00	30.00	29.00	0.00	19.00	28.00	40.00	0.00	48.00	45.00	37.00
	4189.41	0.00	38.00	2.00	46.00	101.00	47.00	45.00	30.00	12.00	0.00	22.00	29.00	41.00	0.00	48.00	46.00	35.00
	4189.42	0.00	37.00	0.00	43.00	95.00	47.00	44.00	28.00	5.00	0.00	23.00	23.00	40.00	0.00	48.00	46.00	36.00
	4189.43	0.00	37.00	0.00	39.00	76.00	47.00	43.00	27.00	1.00	0.00	24.00	19.00	39.00	0.00	49.00	47.00	35.00
	4189.44	0.00	36.00	0.00	38.00	59.00	47.00	44.00	27.00	0.00	0.00	26.00	21.00	38.00	0.00	49.00	47.00	37.00
	4189.45	0.00	34.00	0.00	37.00	33.00	46.00	43.00	27.00	0.00	0.00	27.00	23.00	38.00	0.00	49.00	46.00	37.00
	4189.46	0.00	34.00	0.00	37.00	31.00	42.00	43.00	26.00	0.00	0.00	28.00	24.00	37.00	0.00	49.00	47.00	36.00
	4189.47	0.00	34.00	0.00	37.00	32.00	42.00	42.00	27.00	0.00	0.00	30.00	25.00	36.00	0.00	49.00	47.00	36.00
	4189.48	0.00	34.00	0.00	39.00	29.00	41.00	42.00	27.00	0.00	0.00	30.00	24.00	36.00	0.00	49.00	47.00	36.00
	4189.49	0.00	33.00	0.00	38.00	26.00	41.00	44.00	29.00	0.00	0.00	29.00	23.00	36.00	0.00	49.00	46.00	36.00
	4189.50	0.00	34.00	0.00	38.00	27.00	41.00	43.00	29.00	0.00	0.00	29.00	21.00	37.00	0.00	49.00	47.00	36.00
	4189.51	0.00	35.00	0.00	37.00	32.00	42.00	44.00	28.00	0.00	0.00	29.00	23.00	37.00	0.00	48.00	47.00	36.00
	4189.52	0.00	35.00	14.00	38.00	24.00	42.00	43.00	30.00	0.00	0.00	30.00	21.00	38.00	0.00	48.00	47.00	36.00
	4189.52	0.00	36.00	16.00	38.00	30.00	41.00	45.00	30.00	0.00	0.00	31.00	22.00	38.00	0.00	48.00	47.00	36.00
	4189.53	0.00	36.00	16.00	38.00	44.00	42.00	42.00	30.00	0.00	0.00	32.00	21.00	37.00	0.00	48.00	47.00	37.00
	4189.54	0.00	36.00	20.00	39.00	45.00	42.00	44.00	30.00	0.00	0.00	32.00	19.00	37.00	0.00	48.00	48.00	37.00
	4189.55	0.00	37.00	21.00	40.00	64.00	41.00	45.00	35.00	0.00	0.00	33.00	19.00	38.00	0.00	48.00	49.00	37.00
	4189.56	0.00	37.00	22.00	41.00	66.00	41.00	43.00	37.00	0.00	0.00	34.00	23.00	38.00	0.00	49.00	49.00	38.00
	4189.57	0.00	35.00	21.00	41.00	72.00	42.00	44.00	38.00	0.00	0.00	34.00	23.00	38.00	0.00	49.00	50.00	38.00
	4189.58	0.00	38.00	27.00	44.00	80.00	43.00	45.00	39.00	0.00	0.00	34.00	24.00	38.00	0.00	50.00	48.00	38.00
	4189.59	0.00	39.00	26.00	44.00	93.00	42.00	45.00	40.00	0.00	0.00	34.00	27.00	38.00	0.00	50.00	50.00	38.00
	4189.60	0.00	39.00	25.00	44.00	101.00	42.00	45.00	41.00	0.00	0.00	33.00	29.00	38.00	0.00	49.00	50.00	38.00
	4189.61	0.00	40.00	26.00	43.00	101.00	42.00	44.00	41.00	0.00	0.00	33.00	29.00	38.00	0.00	49.00	50.00	37.00
	4189.62	0.00	39.00	27.00	44.00	103.00	42.00	45.00	42.00	0.00	0.00	33.00	31.00	38.00	0.00	50.00	50.00	38.00
	4189.63	0.00	40.00	28.00	44.00	103.00	42.00	45.00	43.00	0.00	0.00	33.00	32.00	38.00	0.00	49.00	50.00	37.00
	4189.64	0.00	38.00	27.00	44.00	99.00	42.00	45.00	43.00	0.00	0.00	34.00	32.00	39.00	0.00	51.00	51.00	38.00
	4189.65	0.00	39.00	25.00	45.00	101.00	42.00	44.00	45.00	0.00	0.00	34.00	30.00	39.00	0.00	52.00	51.00	40.00
	4189.66	0.00	39.00	26.00	47.00	100.00	42.00	45.00	44.00	0.00	0.00	35.00	30.00	39.00	0.00	56.00	53.00	40.00
	4189.67	0.00	39.00	29.00	44.00	89.00	42.00	45.00	47.00	0.00	0.00	37.00	33.00	38.00	0.00	64.00	55.00	39.00
	4189.68	0.00	39.00	27.00	42.00	75.00	42.00	44.00	47.00	0.00	0.00	37.00	35.00	41.00	0.00	102.00	55.00	42.00
	4189.68	0.00	39.00	19.00	42.00	48.00	42.00	44.00	45.00	0.00	0.00	37.00	37.00	42.00	0.00	152.00	62.00	44.00
	4189.70	0.00	39.00	19.00	40.00	48.00	42.00	45.00	38.00	0.00	0.00	37.00	39.00	42.00	14.00	173.00	67.00	46.00
	4189.70	0.00	39.00	20.00	37.00	47.00	42.00	42.00	32.00	0.00	0.00	37.00	39.00	43.00	15.00	160.00	72.00	46.00
	4189.71	0.00	39.00	0.00	38.00	42.00	40.00	37.00	30.00	0.00	0.00	36.00	36.00	43.00	11.00	146.00	70.00	45.00
	4189.72	0.00	38.00	0.00	35.00	27.00	40.00	37.00	29.00	0.00	0.00	37.00	35.00	43.00	3.00	141.00	65.00	45.00
	4189.73	0.00	38.00	0.00	35.00	18.00	40.00	36.00	30.00	0.00	0.00	37.00	39.00	43.00	0.00	140.00	65.00	45.00
	4189.74	0.00	38.00	0.00	35.00	19.00	39.00	38.00	30.00	0.00	0.00	37.00	45.00	44.00	8.00	136.00	68.00	46.00
	4189.75	0.00	38.00	0.00	36.00	21.00	39.00	37.00	30.00	0.00	0.00	37.00	46.00	45.00	11.00	150.00	72.00	46.00
	4189.76	0.00	37.00	0.00	37.00	19.00	39.00	35.00	29.00	0.00	0.00	38.00	48.00	45.00	13.00	167.00	75.00	45.00
	4189.77	0.00	37.00	0.00	38.00	24.00	39.00	36.00	29.00	0.00	0.00	38.00	47.00	45.00	11.00	173.00	83.00	48.00
	4189.78	0.00	37.00	0.00	35.00	21.00	40.00	37.00	29.00	0.00	0.00	38.00	47.00	45.00	11.00	177.00	97.00	49.00
	4189.79	0.00	37.00	0.00	34.00	20.00	41.00	35.00	29.00	0.00	0.00	38.00	49.00	45.00	11.00	180.00	96.00	49.00
	4189.80	0.00	35.00	0.00	35.00	25.00	40.00	38.00	29.00	0.00	0.00	38.00	48.00	45.00	12.00	177.00	98.00	49.00
	4189.81	0.00	35.00	0.00	36.00	26.00	39.00	35.00	29.00	0.00	0.00	38.00	48.00	45.00	15.00	173.00	98.00	46.00
	4189.82	0.00	35.00	0.00	35.00	22.00	38.00	34.00	28.00	0.00	0.00	38.00	49.00	45.00	15.00	165.00	95.00	44.00
	4189.83	0.00	36.00	0.00	34.00	25.00	40.00	33.00	26.00	0.00	0.00	38.00	48.00	45.00	9.00	149.00	97.00	44.00
	4189.84	0.00	34.00	0.00	34.00	24.00	41.00	34.00	27.00	0.00	0.00	38.00	48.00	45.00	8.00	140.00	95.00	45.00
	4189.85	0.00	36.00	0.00	35.00	28.00	40.00	34.00	28.00	0.00	0.00	38.00	49.00	45.00	15.00	137.00	98.00	44.00
	4189.86	0.00	37.00	0.00	34.00	27.00	41.00	33.00	28.00	0.00	0.00	38.00	49.00	45.00	16.00	139.00	98.00	43.00
	4189.87	0.00	37.00	0.00	36.00	27.00	41.00	34.00	29.00	0.00	0.00	38.00	49.00	45.00	15.00	139.00	98.00	43.00
	4189.88	0.00	37.00	0.00	36.00	25.00	41.00	34.00	29.00	0.00	0.00	37.00	49.00	45.00	14.00	140.00	98.00	43.00
	4189.89	0.00	37.00	0.00	36.00	30.00	41.00	34.00	28.00	0.00	0.00	37.00	46.00	45.00	12.00	139.00	98.00	44.00
	4189.89	0.00	37.00	0.00	36.00	28.00	41.00	34.00	27.00	0.00	0.00	37.00	48.00	44.00	11.00	131.00	94.00	41.00
	4189.90	0.00	37.00	0.00	36.00	28.00	40.00	34.00	26.00	0.00	0.00	37.00	46.00	44.00	10.00	121.00	90.00	40.00
	4189.91	0.00	36.00	0.00	37.00	30.00	40.00	36.00	25.00	0.00	0.00	36.00	48.00	44.00	8.00	115.00	86.00	41.00
	4189.92	0.00	35.00	0.00	37.00	30.00	40.00	36.00	17.00	0.00	0.00	36.00	48.00	44.00	9.00	105.00	86.00	41.00
	4189.93	0.00	35.00	0.00	37.00	30.00	40.00	35.00	16.00	0.00	0.00	35.00	46.00	44.00	10.00	90.00	86.00	41.00
	4189.94	0.00	36.00	0.00	35.00	32.00	41.00	34.00	0.00	0.00	0.00	35.00	47.00	44.00	10.00	83.00	83.00	40.00
	4189.95	0.00	35.00	0.00	36.00	29.00	41.00	35.00	0.00	0.00	0.00	35.00	46.00	43.00	10.00	84.00	79.00	40.00
	4189.96	0.00	36.00	0.00	36.00	28.00	41.00	35.00	0.00	0.00	0.00	35.00	47.00	42.00	9.00	80.00	80.00	40.00
	4189.97	0.00	35.00	0.00	36.00	26.00	40.00	36.00	0.00	0.00	0.00	34.00	47.00	42.00	8.00	74.00	77.00	40.00
	4189.98	0.00	35.00	0.00	36.00	23.00	40.00	36.00	0.00	0.00	0.00	33.00	45.00	42.00	8.00	65.00	73.00	40.00
	4189.99	0.00	35.00	0.00	35.00	26.00	39.00	37.00	0.00	0.00	0.00	33.00	45.00	41.00	12.00	64.00	66.00	40.00
	4190.00	0.00	33.00	0.00	36.00	29.00	39.00	37.00	0.00	0.00	0.00	33.00	47.00	39.00	9.00	63.00	61.00	40.00
	4190.01	0.00	34.00	0.00	35.00	30.00	40.00	37.00	0.00	0.00	0.00	33.00	45.00	41.00	11.00	61.00	60.00	40.00
	4190.02	0.00	28.00	0.00	34.00	30.00	40.00	34.00	0.00	0.00	0.00	33.00	46.00	39.00	10.00	60.00	60.00	40.00
	4190.03	0.00	28.00	0.00	35.00	27.00	40.00	34.00	0.00	0.00	0.00	33.00	47.00	39.00	12.00	59.00	58.00	40.00
	4190.04	0.00	27.00	0.00	34.00	27.00	41.00	34.00	0.00	0.00	0.00	33.00	49.00	42.00	0.00	57.00	59.00	40.00
	4190.05	0.00	32.00	0.00	33.00	27.00	42.00	33.00	0.00	0.00	0.00	32.00	49.00	42.00	0.00	56.00	59.00	40.00
	4190.06	0.00	32.00	0.00	33.00	24.00	40.00	30.00	0.00	0.00	0.00	33.00	54.00	43.00	0.00	57.00	61.00	41.00
	4190.06	0.00	26.00	0.00	33.00	15.00	40.00	32.00	0.00	0.00	0.00	33.00	66.00	44.00	0.00	59.00	64.00	41.00
	4190.07	0.00	26.00	0.00	32.00	16.00	39.00	32.00	0.00	0.00	0.00	34.00	67.00	45.00	0.00	59.00	68.00	42.00
	4190.08	0.00	24.00	0.00	30.00	14.00	39.00	33.00	0.00	0.00	0.00	34.00	70.00	44.00	0.00	56.00	86.00	44.00
	4190.09	0.00	27.00	0.00	31.00	0.00	38.00	16.00	0.00	0.00	0.00	35.00	73.00	45.00	0.00	57.00	98.00	45.00
	4190.10	0.00	23.00	0.00	28.00	2.00	38.00	12.00	0.00	0.00	0.00	36.00	75.00	44.00	0.00	67.00	110.00	47.00
	4190.11	0.00	24.00	0.00	27.00	9.00	38.00	1.00	0.00	0.00	0.00	36.00	79.00	44.00	0.00	81.00	117.00	57.00
	4190.12	0.00	25.00	0.00	27.00	10.00	38.00	2.00	0.00	0.00	0.00	36.00	82.00	44.00	0.00	86.00	117.00	68.00
	4190.13	0.00	23.00	0.00	26.00	9.00	37.00	0.00	0.00	0.00	0.00	35.00	80.00	44.00	0.00	90.00	129.00	71.00
	4190.14	0.00	27.00	0.00	24.00	11.00	37.00	0.00	0.00	0.00	0.00	36.00	82.00	44.00	0.00	108.00	138.00	80.00
	4190.15	0.00	23.00	0.00	26.00	10.00	37.00	0.00	0.00	0.00	11.00	36.00	85.00	45.00	0.00	111.00	144.00	92.00
	4190.16	0.00	23.00	0.00	27.00	10.00	38.00	0.00	0.00	0.00	29.00	36.00	100.00	44.00	0.00	113.00	162.00	108.00
	4190.17	0.00	23.00	0.00	27.00	12.00	38.00	0.00	0.00	3.00	39.00	36.00	109.00	44.00	0.00	109.00	168.00	118.00
	4190.18	0.00	24.00	0.00	28.00	12.00	37.00	0.00	0.00	11.00	44.00	36.00	116.00	44.00	0.00	110.00	171.00	129.00
	4190.19	0.00	22.00	0.00	29.00	13.00	38.00	0.00	0.00	11.00	49.00	36.00	115.00	44.00	0.00	115.00	177.00	127.00
	4190.20	0.00	22.00	0.00	31.00	14.00	38.00	0.00	0.00	13.00	49.00	36.00	112.00	44.00	0.00	119.00	178.00	129.00
	4190.20	0.00	23.00	0.00	31.00	14.00	38.00	0.00	0.00	13.00	49.00	36.00	101.00	44.00	0.00	120.00	181.00	129.00
	4190.21	0.00	23.00	0.00	31.00	13.00	39.00	0.00	0.00	6.00	50.00	36.00	93.00	45.00	0.00	115.00	179.00	127.00
	4190.22	0.00	24.00	0.00	32.00	13.00	39.00	0.00	0.00	8.00	51.00	36.00	84.00	45.00	0.00	106.00	176.00	116.00
	4190.23	0.00	24.00	0.00	31.00	15.00	38.00	1.00	0.00	16.00	50.00	35.00	86.00	45.00	0.00	101.00	171.00	108.00
	4190.24	0.00	25.00	0.00	33.00	21.00	40.00	2.00	15.00	36.00	50.00	34.00	84.00	45.00	0.00	91.00	160.00	102.00
	4190.25	0.00	25.00	0.00	35.00	28.00	42.00	33.00	25.00	91.00	29.00	33.00	80.00	44.00	0.00	87.00	148.00	96.00
	4190.26	0.00	28.00	19.00	35.00	72.00	47.00	36.00	28.00	146.00	18.00	32.00	77.00	44.00	0.00	84.00	140.00	88.00
	4190.27	0.00	35.00	26.00	37.00	107.00	71.00	37.00	28.00	207.00	0.00	31.00	66.00	44.00	0.00	66.00	124.00	65.00
	4190.28	0.00	39.00	26.00	41.00	123.00	104.00	39.00	32.00	238.00	0.00	29.00	55.00	44.00	0.00	58.00	113.00	48.00
	4190.29	0.00	39.00	27.00	46.00	140.00	124.00	44.00	36.00	235.00	0.00	29.00	47.00	43.00	0.00	55.00	90.00	45.00
	4190.30	0.00	38.00	27.00	50.00	149.00	135.00	46.00	31.00	195.00	0.00	30.00	48.00	42.00	0.00	51.00	70.00	42.00
	4190.31	0.00	39.00	27.00	46.00	150.00	130.00	45.00	30.00	151.00	0.00	30.00	47.00	41.00	0.00	50.00	54.00	41.00
	4190.32	0.00	38.00	29.00	42.00	158.00	128.00	44.00	29.00	127.00	0.00	30.00	38.00	40.00	0.00	49.00	53.00	42.00
	4190.33	0.00	38.00	26.00	43.00	161.00	133.00	45.00	29.00	121.00	0.00	30.00	37.00	39.00	0.00	49.00	52.00	43.00
	4190.34	0.00	37.00	26.00	46.00	162.00	152.00	47.00	30.00	116.00	0.00	30.00	38.00	38.00	0.00	49.00	50.00	41.00
	4190.35	0.00	38.00	26.00	44.00	167.00	165.00	46.00	30.00	143.00	0.00	29.00	36.00	38.00	0.00	49.00	49.00	42.00
	4190.36	0.00	38.00	27.00	46.00	171.00	178.00	47.00	38.00	164.00	0.00	29.00	36.00	36.00	0.00	50.00	48.00	40.00
	4190.37	0.00	39.00	27.00	47.00	178.00	188.00	47.00	44.00	189.00	0.00	28.00	36.00	38.00	0.00	50.00	47.00	39.00
	4190.38	0.00	40.00	23.00	49.00	184.00	194.00	47.00	51.00	195.00	0.00	28.00	38.00	38.00	0.00	50.00	46.00	38.00
	4190.39	0.00	39.00	23.00	49.00	184.00	194.00	47.00	52.00	187.00	0.00	27.00	38.00	39.00	0.00	50.00	46.00	36.00
	4190.40	0.00	39.00	22.00	48.00	183.00	187.00	47.00	43.00	185.00	0.00	28.00	36.00	39.00	0.00	49.00	45.00	36.00
	4190.41	0.00	38.00	22.00	44.00	178.00	171.00	48.00	37.00	178.00	0.00	29.00	38.00	39.00	0.00	49.00	44.00	38.00
	4190.42	0.00	38.00	23.00	44.00	171.00	152.00	47.00	31.00	178.00	0.00	29.00	35.00	38.00	0.00	48.00	44.00	36.00
	4190.43	0.00	38.00	27.00	46.00	163.00	142.00	46.00	29.00	182.00	0.00	29.00	36.00	39.00	0.00	47.00	44.00	36.00
	4190.44	0.00	37.00	28.00	45.00	158.00	131.00	46.00	28.00	184.00	0.00	29.00	35.00	38.00	0.00	47.00	43.00	37.00
	4190.45	0.00	37.00	24.00	47.00	156.00	124.00	46.00	29.00	192.00	0.00	30.00	34.00	38.00	10.00	47.00	43.00	36.00
	4190.46	0.00	37.00	27.00	46.00	155.00	121.00	46.00	28.00	192.00	0.00	30.00	33.00	38.00	9.00	47.00	43.00	37.00
	4190.47	0.00	38.00	25.00	47.00	152.00	120.00	46.00	29.00	192.00	0.00	30.00	33.00	37.00	11.00	48.00	43.00	37.00
	4190.48	0.00	38.00	25.00	47.00	156.00	116.00	48.00	27.00	183.00	0.00	30.00	34.00	37.00	11.00	48.00	42.00	36.00
	4190.49	0.00	38.00	25.00	48.00	157.00	107.00	46.00	28.00	180.00	0.00	29.00	32.00	37.00	8.00	48.00	42.00	36.00
	4190.50	0.00	38.00	25.00	47.00	159.00	96.00	46.00	28.00	174.00	0.00	28.00	32.00	37.00	7.00	48.00	42.00	35.00
	4190.50	0.00	38.00	22.00	45.00	156.00	91.00	48.00	29.00	171.00	0.00	27.00	34.00	37.00	0.00	48.00	43.00	36.00
	4190.52	0.00	37.00	23.00	44.00	143.00	83.00	46.00	29.00	170.00	0.00	28.00	31.00	37.00	0.00	48.00	42.00	36.00
	4190.52	0.00	37.00	16.00	45.00	136.00	75.00	48.00	29.00	155.00	0.00	27.00	32.00	37.00	0.00	47.00	42.00	35.00
	4190.53	0.00	37.00	18.00	44.00	132.00	62.00	47.00	29.00	157.00	0.00	26.00	30.00	38.00	0.00	47.00	42.00	34.00
	4190.54	0.00	37.00	17.00	44.00	129.00	55.00	47.00	29.00	150.00	0.00	26.00	31.00	38.00	0.00	47.00	42.00	35.00
	4190.55	0.00	37.00	19.00	44.00	124.00	54.00	47.00	29.00	140.00	0.00	24.00	32.00	39.00	0.00	47.00	43.00	35.00
	4190.56	0.00	37.00	1.00	43.00	120.00	54.00	47.00	29.00	128.00	0.00	24.00	29.00	39.00	0.00	47.00	43.00	36.00
	4190.57	0.00	37.00	0.00	44.00	111.00	52.00	46.00	28.00	110.00	0.00	22.00	29.00	39.00	0.00	48.00	43.00	35.00
	4190.58	0.00	37.00	0.00	43.00	99.00	47.00	44.00	28.00	90.00	0.00	24.00	30.00	39.00	0.00	48.00	44.00	36.00
	4190.59	0.00	36.00	0.00	43.00	93.00	46.00	45.00	28.00	58.00	0.00	23.00	29.00	40.00	0.00	48.00	44.00	36.00
	4190.60	0.00	35.00	0.00	44.00	71.00	46.00	45.00	28.00	46.00	0.00	26.00	29.00	40.00	0.00	48.00	45.00	36.00
	4190.61	0.00	35.00	0.00	43.00	60.00	47.00	46.00	28.00	30.00	0.00	26.00	28.00	38.00	0.00	48.00	44.00	36.00
	4190.62	0.00	35.00	0.00	40.00	36.00	47.00	45.00	28.00	21.00	0.00	28.00	28.00	39.00	0.00	49.00	46.00	38.00
	4190.63	0.00	34.00	0.00	39.00	31.00	45.00	45.00	28.00	11.00	0.00	27.00	23.00	39.00	0.00	49.00	45.00	36.00
	4190.64	0.00	35.00	0.00	37.00	27.00	45.00	46.00	28.00	4.00	0.00	28.00	24.00	39.00	0.00	48.00	46.00	35.00
	4190.65	0.00	35.00	0.00	36.00	28.00	42.00	45.00	28.00	2.00	0.00	29.00	26.00	38.00	0.00	48.00	46.00	35.00
	4190.66	0.00	33.00	0.00	36.00	28.00	41.00	43.00	28.00	0.00	0.00	29.00	25.00	38.00	0.00	48.00	45.00	37.00
	4190.67	0.00	33.00	0.00	37.00	25.00	41.00	43.00	28.00	0.00	0.00	30.00	25.00	35.00	0.00	49.00	45.00	37.00
	4190.68	0.00	34.00	0.00	37.00	26.00	41.00	43.00	28.00	0.00	0.00	29.00	22.00	35.00	0.00	49.00	45.00	37.00
	4190.69	0.00	33.00	0.00	37.00	25.00	44.00	43.00	28.00	0.00	0.00	29.00	23.00	35.00	0.00	48.00	44.00	37.00
	4190.70	0.00	36.00	0.00	36.00	28.00	43.00	43.00	27.00	0.00	0.00	28.00	22.00	35.00	0.00	49.00	45.00	37.00
	4190.70	0.00	35.00	0.00	37.00	26.00	43.00	43.00	29.00	0.00	0.00	30.00	24.00	34.00	0.00	49.00	46.00	37.00
	4190.71	0.00	36.00	0.00	37.00	30.00	43.00	44.00	29.00	0.00	0.00	31.00	23.00	35.00	0.00	49.00	45.00	38.00
	4190.72	0.00	36.00	0.00	37.00	31.00	42.00	45.00	34.00	0.00	0.00	31.00	26.00	35.00	0.00	49.00	45.00	38.00
	4190.73	0.00	35.00	0.00	42.00	42.00	43.00	46.00	38.00	0.00	0.00	32.00	26.00	36.00	0.00	49.00	43.00	37.00
	4190.74	0.00	37.00	0.00	43.00	58.00	42.00	45.00	41.00	0.00	0.00	32.00	24.00	37.00	0.00	48.00	45.00	37.00
	4190.75	0.00	37.00	0.00	45.00	67.00	42.00	45.00	43.00	0.00	0.00	33.00	28.00	37.00	0.00	48.00	45.00	37.00
	4190.76	0.00	37.00	0.00	45.00	69.00	42.00	45.00	45.00	0.00	0.00	33.00	28.00	35.00	0.00	49.00	45.00	37.00
	4190.77	0.00	38.00	12.00	45.00	70.00	41.00	46.00	46.00	0.00	0.00	33.00	29.00	38.00	0.00	49.00	45.00	37.00
	4190.78	0.00	38.00	21.00	46.00	68.00	41.00	45.00	48.00	0.00	0.00	32.00	28.00	38.00	0.00	49.00	45.00	37.00
	4190.79	0.00	38.00	21.00	45.00	69.00	43.00	46.00	49.00	0.00	0.00	33.00	29.00	38.00	0.00	49.00	44.00	38.00
	4190.80	0.00	38.00	21.00	44.00	67.00	43.00	45.00	50.00	0.00	0.00	33.00	28.00	38.00	0.00	49.00	46.00	37.00
	4190.81	0.00	39.00	23.00	44.00	64.00	43.00	45.00	51.00	0.00	0.00	33.00	29.00	38.00	0.00	50.00	47.00	37.00
	4190.82	0.00	40.00	22.00	44.00	62.00	42.00	44.00	51.00	0.00	0.00	33.00	28.00	38.00	0.00	50.00	47.00	38.00
	4190.83	0.00	40.00	20.00	45.00	64.00	43.00	45.00	52.00	0.00	0.00	34.00	29.00	38.00	0.00	51.00	47.00	37.00
	4190.84	0.00	40.00	21.00	41.00	68.00	43.00	44.00	54.00	0.00	0.00	34.00	31.00	37.00	0.00	56.00	48.00	39.00
	4190.85	0.00	40.00	21.00	41.00	68.00	43.00	44.00	54.00	0.00	0.00	35.00	31.00	39.00	0.00	60.00	48.00	39.00
	4190.86	0.00	40.00	23.00	41.00	67.00	43.00	44.00	54.00	0.00	0.00	36.00	33.00	40.00	0.00	66.00	51.00	40.00
	4190.87	0.00	40.00	25.00	40.00	70.00	43.00	45.00	50.00	0.00	0.00	37.00	34.00	40.00	0.00	74.00	50.00	41.00
	4190.87	0.00	40.00	26.00	42.00	68.00	43.00	44.00	47.00	0.00	0.00	37.00	35.00	41.00	0.00	91.00	54.00	44.00
	4190.88	0.00	40.00	18.00	42.00	46.00	42.00	45.00	45.00	0.00	0.00	37.00	34.00	41.00	0.00	110.00	57.00	44.00
	4190.89	0.00	40.00	14.00	37.00	44.00	42.00	44.00	41.00	0.00	0.00	37.00	34.00	40.00	0.00	114.00	62.00	43.00
	4190.90	0.00	39.00	3.00	37.00	43.00	40.00	43.00	30.00	0.00	0.00	36.00	34.00	42.00	0.00	117.00	64.00	43.00
	4190.91	0.00	38.00	0.00	34.00	28.00	39.00	42.00	29.00	0.00	0.00	36.00	33.00	42.00	9.00	112.00	62.00	43.00
	4190.92	0.00	38.00	0.00	32.00	20.00	40.00	39.00	29.00	0.00	0.00	37.00	35.00	43.00	8.00	114.00	62.00	44.00
	4190.93	0.00	37.00	0.00	30.00	14.00	39.00	35.00	28.00	0.00	0.00	36.00	34.00	43.00	10.00	114.00	65.00	44.00
	4190.94	0.00	36.00	0.00	28.00	12.00	39.00	33.00	28.00	0.00	0.00	37.00	36.00	43.00	14.00	113.00	67.00	44.00
	4190.95	0.00	36.00	0.00	27.00	8.00	38.00	34.00	28.00	0.00	0.00	37.00	37.00	43.00	14.00	118.00	69.00	44.00
	4190.96	0.00	35.00	0.00	29.00	10.00	38.00	35.00	27.00	0.00	0.00	37.00	36.00	44.00	16.00	130.00	72.00	45.00
	4190.97	0.00	36.00	0.00	29.00	9.00	39.00	34.00	28.00	0.00	0.00	37.00	38.00	44.00	15.00	133.00	73.00	44.00
	4190.98	0.00	36.00	0.00	30.00	14.00	40.00	33.00	27.00	0.00	0.00	37.00	41.00	44.00	14.00	130.00	80.00	45.00
	4190.99	0.00	37.00	0.00	31.00	15.00	40.00	34.00	28.00	0.00	0.00	37.00	44.00	44.00	16.00	118.00	83.00	45.00
	4191.00	0.00	36.00	0.00	31.00	9.00	40.00	34.00	28.00	0.00	0.00	37.00	43.00	44.00	13.00	107.00	80.00	43.00
	4191.01	0.00	36.00	0.00	30.00	8.00	41.00	36.00	27.00	0.00	0.00	37.00	45.00	44.00	12.00	100.00	78.00	43.00
	4191.02	0.00	35.00	0.00	29.00	1.00	40.00	36.00	29.00	0.00	0.00	37.00	46.00	44.00	11.00	84.00	80.00	41.00
	4191.03	0.00	35.00	0.00	31.00	2.00	39.00	34.00	29.00	0.00	0.00	36.00	45.00	42.00	5.00	83.00	79.00	41.00
	4191.04	0.00	34.00	0.00	31.00	1.00	39.00	35.00	27.00	0.00	0.00	37.00	45.00	43.00	12.00	83.00	79.00	41.00
	4191.04	0.00	34.00	0.00	31.00	2.00	38.00	34.00	28.00	0.00	0.00	37.00	46.00	43.00	6.00	83.00	79.00	42.00
	4191.05	0.00	34.00	0.00	31.00	2.00	37.00	33.00	28.00	0.00	0.00	37.00	46.00	44.00	8.00	83.00	80.00	42.00
	4191.06	0.00	35.00	0.00	30.00	2.00	37.00	34.00	28.00	0.00	0.00	37.00	45.00	44.00	7.00	85.00	81.00	42.00
	4191.07	0.00	34.00	0.00	31.00	2.00	37.00	20.00	26.00	0.00	0.00	37.00	47.00	44.00	8.00	85.00	81.00	42.00
	4191.08	0.00	34.00	0.00	31.00	3.00	38.00	19.00	26.00	0.00	0.00	37.00	47.00	44.00	6.00	86.00	81.00	42.00
	4191.09	0.00	34.00	0.00	30.00	4.00	38.00	19.00	27.00	0.00	0.00	37.00	47.00	44.00	7.00	83.00	81.00	42.00
	4191.10	0.00	35.00	0.00	31.00	3.00	39.00	19.00	25.00	0.00	0.00	36.00	47.00	44.00	0.00	80.00	81.00	41.00
	4191.11	0.00	34.00	0.00	32.00	2.00	38.00	20.00	26.00	0.00	0.00	36.00	45.00	44.00	0.00	78.00	81.00	41.00
	4191.12	0.00	34.00	0.00	31.00	2.00	39.00	20.00	25.00	0.00	0.00	36.00	45.00	44.00	0.00	75.00	80.00	41.00
	4191.13	0.00	34.00	0.00	29.00	2.00	40.00	21.00	17.00	0.00	0.00	36.00	45.00	44.00	0.00	75.00	79.00	41.00
	4191.14	0.00	32.00	0.00	29.00	2.00	40.00	19.00	0.00	0.00	0.00	35.00	46.00	44.00	3.00	69.00	77.00	41.00
	4191.15	0.00	32.00	0.00	29.00	3.00	41.00	30.00	0.00	0.00	0.00	35.00	47.00	42.00	2.00	66.00	75.00	40.00
	4191.16	0.00	33.00	0.00	30.00	3.00	40.00	32.00	0.00	0.00	0.00	35.00	46.00	42.00	10.00	63.00	66.00	40.00
	4191.17	0.00	34.00	0.00	29.00	3.00	40.00	32.00	0.00	0.00	0.00	35.00	46.00	42.00	12.00	63.00	61.00	40.00
	4191.18	0.00	34.00	0.00	29.00	2.00	40.00	33.00	0.00	0.00	0.00	34.00	45.00	42.00	11.00	60.00	59.00	40.00
	4191.18	0.00	33.00	0.00	31.00	2.00	40.00	34.00	0.00	0.00	0.00	34.00	43.00	41.00	10.00	58.00	58.00	40.00
	4191.19	0.00	25.00	0.00	31.00	0.00	40.00	34.00	0.00	0.00	0.00	33.00	42.00	41.00	7.00	56.00	58.00	40.00
	4191.20	0.00	26.00	0.00	31.00	3.00	40.00	32.00	0.00	0.00	0.00	34.00	39.00	42.00	7.00	56.00	58.00	40.00
	4191.21	0.00	33.00	0.00	32.00	3.00	40.00	32.00	0.00	0.00	0.00	34.00	39.00	42.00	10.00	57.00	59.00	41.00
	4191.22	0.00	33.00	0.00	31.00	4.00	40.00	30.00	0.00	0.00	0.00	35.00	45.00	42.00	9.00	60.00	60.00	41.00
	4191.23	0.00	30.00	0.00	31.00	6.00	40.00	33.00	0.00	0.00	0.00	35.00	47.00	43.00	0.00	61.00	65.00	41.00
	4191.24	0.00	32.00	0.00	30.00	6.00	41.00	31.00	0.00	0.00	0.00	35.00	49.00	43.00	0.00	66.00	85.00	43.00
	4191.25	0.00	29.00	0.00	29.00	4.00	41.00	32.00	0.00	0.00	0.00	35.00	66.00	43.00	0.00	84.00	94.00	44.00
	4191.26	0.00	25.00	0.00	28.00	0.00	41.00	32.00	0.00	0.00	0.00	36.00	72.00	43.00	0.00	101.00	98.00	45.00
	4191.27	0.00	27.00	0.00	27.00	0.00	41.00	32.00	0.00	0.00	0.00	36.00	77.00	41.00	0.00	141.00	102.00	45.00
	4191.28	0.00	26.00	0.00	27.00	0.00	38.00	15.00	0.00	0.00	9.00	36.00	79.00	43.00	0.00	153.00	116.00	45.00
	4191.29	0.00	26.00	0.00	27.00	0.00	42.00	5.00	0.00	0.00	17.00	36.00	80.00	44.00	0.00	157.00	133.00	48.00
	4191.30	0.00	25.00	0.00	26.00	0.00	39.00	0.00	0.00	0.00	23.00	36.00	86.00	42.00	0.00	157.00	160.00	60.00
	4191.31	0.00	24.00	0.00	25.00	0.00	38.00	0.00	0.00	0.00	19.00	36.00	103.00	44.00	0.00	156.00	170.00	74.00
	4191.32	0.00	22.00	0.00	28.00	0.00	37.00	0.00	0.00	0.00	30.00	35.00	115.00	44.00	0.00	174.00	178.00	89.00
	4191.33	0.00	21.00	0.00	28.00	3.00	38.00	0.00	0.00	0.00	41.00	35.00	124.00	44.00	0.00	185.00	186.00	112.00
	4191.34	0.00	21.00	0.00	29.00	11.00	37.00	0.00	0.00	3.00	44.00	35.00	132.00	45.00	0.00	191.00	192.00	121.00
	4191.35	0.00	21.00	0.00	31.00	11.00	37.00	0.00	0.00	19.00	53.00	36.00	140.00	46.00	0.00	207.00	197.00	131.00
	4191.35	0.00	21.00	0.00	29.00	12.00	38.00	0.00	0.00	29.00	55.00	36.00	158.00	46.00	0.00	209.00	208.00	148.00
	4191.37	0.00	21.00	0.00	31.00	15.00	38.00	0.00	0.00	30.00	66.00	36.00	175.00	46.00	0.00	215.00	216.00	159.00
	4191.37	0.00	21.00	0.00	31.00	13.00	38.00	0.00	0.00	30.00	81.00	36.00	183.00	47.00	2.00	220.00	222.00	170.00
	4191.38	0.00	20.00	0.00	30.00	13.00	37.00	0.00	0.00	16.00	90.00	36.00	188.00	47.00	8.00	221.00	227.00	182.00
	4191.39	0.00	22.00	0.00	29.00	9.00	37.00	0.00	0.00	8.00	94.00	36.00	187.00	48.00	14.00	227.00	233.00	185.00
	4191.40	0.00	18.00	0.00	27.00	0.00	37.00	1.00	0.00	6.00	89.00	36.00	189.00	48.00	14.00	223.00	230.00	179.00
	4191.41	0.00	18.00	0.00	27.00	1.00	38.00	0.00	0.00	0.00	89.00	36.00	193.00	48.00	11.00	215.00	229.00	187.00
	4191.42	0.00	18.00	0.00	31.00	0.00	38.00	9.00	0.00	0.00	90.00	36.00	194.00	47.00	12.00	214.00	229.00	175.00
	4191.43	0.00	16.00	0.00	33.00	1.00	38.00	12.00	0.00	2.00	90.00	36.00	195.00	48.00	10.00	213.00	230.00	175.00
	4191.44	0.00	19.00	0.00	34.00	8.00	38.00	32.00	0.00	11.00	89.00	36.00	195.00	48.00	11.00	209.00	230.00	170.00
	4191.45	0.00	20.00	0.00	36.00	15.00	43.00	34.00	0.00	49.00	89.00	36.00	195.00	47.00	10.00	199.00	229.00	166.00
	4191.46	0.00	22.00	0.00	39.00	22.00	43.00	35.00	24.00	85.00	88.00	35.00	192.00	47.00	9.00	175.00	226.00	162.00
	4191.47	0.00	24.00	25.00	40.00	48.00	47.00	35.00	24.00	132.00	69.00	34.00	175.00	46.00	10.00	137.00	218.00	154.00
	4191.48	0.00	27.00	25.00	41.00	94.00	55.00	38.00	26.00	198.00	53.00	33.00	140.00	45.00	11.00	105.00	210.00	136.00
	4191.49	0.00	37.00	25.00	42.00	121.00	90.00	43.00	27.00	242.00	12.00	32.00	109.00	44.00	0.00	86.00	174.00	108.00
	4191.50	0.00	39.00	27.00	46.00	155.00	125.00	45.00	37.00	265.00	0.00	30.00	83.00	44.00	0.00	75.00	142.00	92.00
	4191.51	0.00	39.00	24.00	47.00	165.00	137.00	46.00	39.00	259.00	0.00	29.00	73.00	42.00	0.00	56.00	116.00	54.00
	4191.52	0.00	39.00	27.00	49.00	171.00	140.00	46.00	38.00	242.00	0.00	29.00	54.00	43.00	0.00	53.00	76.00	47.00
	4191.53	0.00	38.00	26.00	51.00	168.00	139.00	47.00	34.00	207.00	0.00	29.00	49.00	41.00	0.00	50.00	56.00	42.00
	4191.54	0.00	38.00	24.00	46.00	169.00	144.00	46.00	28.00	174.00	0.00	28.00	46.00	40.00	0.00	49.00	53.00	44.00
	4191.55	0.00	37.00	26.00	48.00	170.00	153.00	46.00	30.00	175.00	0.00	29.00	46.00	39.00	0.00	50.00	52.00	41.00
	4191.56	0.00	38.00	28.00	50.00	176.00	162.00	46.00	29.00	179.00	0.00	29.00	39.00	37.00	6.00	50.00	50.00	41.00
	4191.57	0.00	39.00	27.00	49.00	184.00	179.00	47.00	34.00	189.00	0.00	29.00	35.00	37.00	7.00	49.00	48.00	42.00
	4191.58	0.00	39.00	30.00	50.00	191.00	192.00	47.00	39.00	199.00	0.00	29.00	36.00	37.00	8.00	49.00	48.00	41.00
	4191.59	0.00	41.00	35.00	51.00	199.00	198.00	48.00	44.00	217.00	0.00	25.00	35.00	37.00	11.00	49.00	47.00	40.00
	4191.60	0.00	41.00	40.00	51.00	205.00	203.00	48.00	51.00	227.00	0.00	24.00	37.00	38.00	9.00	49.00	47.00	41.00
	4191.61	0.00	41.00	37.00	50.00	209.00	206.00	48.00	51.00	232.00	0.00	23.00	37.00	38.00	8.00	50.00	45.00	42.00
	4191.62	0.00	41.00	38.00	51.00	209.00	205.00	48.00	49.00	224.00	0.00	23.00	37.00	38.00	8.00	50.00	46.00	41.00
	4191.63	0.00	40.00	37.00	50.00	201.00	197.00	48.00	42.00	219.00	0.00	23.00	35.00	38.00	10.00	50.00	46.00	40.00
	4191.64	0.00	40.00	25.00	48.00	191.00	186.00	48.00	40.00	217.00	0.00	23.00	37.00	38.00	9.00	50.00	44.00	38.00
	4191.64	0.00	39.00	27.00	50.00	188.00	175.00	47.00	39.00	220.00	0.00	25.00	35.00	38.00	9.00	49.00	44.00	37.00
	4191.65	0.00	39.00	26.00	49.00	186.00	169.00	48.00	32.00	222.00	0.00	28.00	36.00	38.00	11.00	49.00	45.00	36.00
	4191.66	0.00	39.00	27.00	50.00	185.00	164.00	46.00	31.00	223.00	0.00	28.00	36.00	38.00	11.00	48.00	44.00	37.00
	4191.67	0.00	39.00	27.00	51.00	185.00	161.00	48.00	32.00	225.00	0.00	27.00	32.00	37.00	9.00	49.00	44.00	37.00
	4191.68	0.00	39.00	27.00	50.00	188.00	160.00	48.00	32.00	226.00	0.00	29.00	33.00	37.00	9.00	48.00	44.00	34.00
	4191.69	0.00	39.00	27.00	51.00	191.00	159.00	48.00	34.00	215.00	0.00	29.00	32.00	36.00	8.00	49.00	44.00	34.00
	4191.70	0.00	39.00	27.00	52.00	190.00	150.00	48.00	34.00	212.00	0.00	28.00	32.00	36.00	12.00	48.00	44.00	33.00
	4191.71	0.00	39.00	26.00	52.00	189.00	140.00	48.00	34.00	204.00	0.00	28.00	34.00	36.00	11.00	47.00	44.00	35.00
	4191.72	0.00	39.00	26.00	52.00	187.00	130.00	47.00	30.00	189.00	0.00	27.00	30.00	36.00	9.00	48.00	44.00	35.00
	4191.73	0.00	39.00	28.00	52.00	178.00	122.00	47.00	31.00	182.00	0.00	27.00	29.00	36.00	10.00	48.00	45.00	34.00
	4191.74	0.00	38.00	24.00	51.00	170.00	100.00	47.00	28.00	170.00	0.00	27.00	28.00	37.00	9.00	47.00	43.00	34.00
	4191.75	0.00	38.00	26.00	51.00	163.00	91.00	46.00	29.00	169.00	0.00	26.00	29.00	37.00	9.00	47.00	45.00	35.00
	4191.76	0.00	38.00	23.00	52.00	153.00	85.00	47.00	29.00	168.00	0.00	25.00	28.00	38.00	0.00	48.00	45.00	35.00
	4191.77	0.00	38.00	23.00	51.00	137.00	79.00	46.00	29.00	166.00	0.00	26.00	28.00	38.00	0.00	47.00	45.00	36.00
	4191.78	0.00	38.00	23.00	51.00	127.00	68.00	47.00	28.00	166.00	0.00	25.00	30.00	40.00	0.00	47.00	45.00	36.00
	4191.79	0.00	38.00	23.00	50.00	120.00	61.00	47.00	28.00	162.00	0.00	26.00	30.00	40.00	0.00	47.00	46.00	35.00
	4191.80	0.00	38.00	20.00	49.00	117.00	57.00	47.00	28.00	160.00	0.00	27.00	29.00	40.00	0.00	46.00	45.00	36.00
	4191.81	0.00	38.00	21.00	50.00	117.00	56.00	47.00	28.00	156.00	0.00	27.00	27.00	40.00	0.00	46.00	47.00	37.00
	4191.82	0.00	38.00	12.00	48.00	109.00	54.00	46.00	28.00	148.00	0.00	29.00	26.00	40.00	0.00	47.00	48.00	38.00
	4191.83	0.00	38.00	1.00	48.00	102.00	54.00	46.00	28.00	134.00	0.00	30.00	28.00	40.00	0.00	47.00	48.00	38.00
	4191.84	0.00	38.00	0.00	47.00	91.00	53.00	45.00	27.00	127.00	0.00	30.00	27.00	40.00	0.00	47.00	48.00	38.00
	4191.85	0.00	39.00	0.00	46.00	79.00	52.00	43.00	27.00	117.00	0.00	30.00	27.00	40.00	2.00	48.00	48.00	39.00
	4191.86	0.00	38.00	0.00	45.00	76.00	50.00	45.00	27.00	101.00	0.00	30.00	25.00	40.00	3.00	48.00	48.00	39.00
	4191.87	0.00	38.00	0.00	44.00	73.00	49.00	45.00	28.00	91.00	0.00	30.00	26.00	39.00	4.00	48.00	48.00	38.00
	4191.88	0.00	37.00	0.00	45.00	64.00	49.00	45.00	27.00	80.00	0.00	31.00	23.00	39.00	4.00	48.00	48.00	38.00
	4191.89	0.00	36.00	0.00	42.00	61.00	47.00	43.00	27.00	66.00	0.00	29.00	24.00	37.00	3.00	48.00	46.00	38.00
	4191.90	0.00	36.00	0.00	42.00	35.00	47.00	43.00	27.00	44.00	0.00	27.00	22.00	37.00	4.00	48.00	47.00	38.00
	4191.90	0.00	36.00	0.00	42.00	31.00	45.00	43.00	27.00	37.00	0.00	27.00	21.00	37.00	3.00	48.00	48.00	38.00
	4191.92	0.00	36.00	0.00	44.00	32.00	46.00	44.00	28.00	25.00	0.00	28.00	21.00	39.00	6.00	47.00	48.00	39.00
	4191.92	0.00	34.00	0.00	44.00	30.00	46.00	43.00	28.00	12.00	0.00	30.00	18.00	37.00	6.00	47.00	48.00	37.00
	4191.93	0.00	33.00	0.00	43.00	31.00	41.00	43.00	28.00	3.00	0.00	31.00	19.00	38.00	7.00	48.00	47.00	36.00
	4191.94	0.00	34.00	0.00	44.00	30.00	41.00	43.00	28.00	5.00	0.00	33.00	20.00	37.00	6.00	48.00	48.00	36.00
	4191.95	0.00	34.00	0.00	44.00	33.00	43.00	42.00	28.00	4.00	0.00	34.00	22.00	37.00	4.00	49.00	47.00	35.00
	4191.96	0.00	34.00	0.00	43.00	33.00	43.00	43.00	27.00	0.00	0.00	34.00	23.00	37.00	0.00	49.00	48.00	37.00
	4191.97	0.00	34.00	0.00	44.00	33.00	42.00	43.00	28.00	0.00	0.00	34.00	24.00	37.00	0.00	48.00	48.00	37.00
	4191.98	0.00	35.00	0.00	44.00	30.00	43.00	44.00	29.00	0.00	0.00	34.00	22.00	37.00	0.00	49.00	48.00	37.00
	4191.99	0.00	34.00	13.00	44.00	25.00	43.00	44.00	29.00	0.00	0.00	34.00	23.00	37.00	0.00	49.00	49.00	38.00
	4192.00	0.00	35.00	16.00	44.00	25.00	45.00	45.00	29.00	0.00	0.00	34.00	22.00	37.00	1.00	50.00	49.00	38.00
	4192.01	0.00	36.00	17.00	43.00	34.00	46.00	44.00	29.00	0.00	0.00	35.00	24.00	37.00	3.00	50.00	50.00	40.00
	4192.02	0.00	36.00	23.00	44.00	39.00	42.00	45.00	29.00	0.00	0.00	35.00	24.00	38.00	0.00	52.00	51.00	41.00
	4192.03	0.00	36.00	19.00	42.00	40.00	43.00	46.00	30.00	0.00	0.00	35.00	27.00	38.00	0.00	57.00	50.00	42.00
	4192.04	0.00	38.00	21.00	42.00	40.00	43.00	45.00	33.00	0.00	0.00	36.00	28.00	39.00	0.00	60.00	52.00	41.00
	4192.05	0.00	38.00	20.00	42.00	40.00	43.00	44.00	33.00	0.00	0.00	36.00	29.00	40.00	0.00	72.00	54.00	41.00
	4192.06	0.00	38.00	19.00	41.00	40.00	43.00	45.00	32.00	0.00	0.00	38.00	32.00	41.00	0.00	119.00	58.00	43.00
	4192.07	0.00	37.00	23.00	42.00	41.00	43.00	45.00	31.00	0.00	0.00	38.00	38.00	44.00	2.00	149.00	62.00	44.00
	4192.08	0.00	37.00	21.00	40.00	41.00	43.00	44.00	31.00	0.00	0.00	38.00	42.00	44.00	16.00	157.00	66.00	47.00
	4192.09	0.00	37.00	25.00	40.00	43.00	43.00	44.00	30.00	0.00	0.00	38.00	34.00	44.00	17.00	145.00	69.00	47.00
	4192.10	0.00	37.00	23.00	37.00	42.00	42.00	44.00	29.00	0.00	0.00	36.00	34.00	43.00	13.00	149.00	74.00	47.00
	4192.10	0.00	36.00	20.00	37.00	40.00	43.00	43.00	29.00	0.00	0.00	37.00	36.00	43.00	16.00	150.00	74.00	45.00
	4192.11	0.00	36.00	1.00	35.00	27.00	41.00	40.00	28.00	0.00	0.00	37.00	36.00	45.00	14.00	155.00	73.00	46.00
	4192.12	0.00	36.00	0.00	29.00	21.00	41.00	38.00	27.00	0.00	0.00	37.00	35.00	45.00	13.00	156.00	73.00	45.00
	4192.13	0.00	36.00	0.00	28.00	17.00	41.00	36.00	27.00	0.00	0.00	37.00	37.00	45.00	17.00	158.00	76.00	46.00
	4192.14	0.00	36.00	0.00	27.00	15.00	40.00	32.00	27.00	0.00	0.00	37.00	37.00	45.00	17.00	166.00	83.00	46.00
	4192.15	0.00	36.00	0.00	29.00	17.00	41.00	35.00	27.00	0.00	0.00	37.00	37.00	45.00	29.00	181.00	89.00	46.00
	4192.16	0.00	36.00	0.00	29.00	16.00	41.00	34.00	27.00	0.00	0.00	38.00	42.00	45.00	30.00	184.00	98.00	46.00
	4192.17	0.00	36.00	0.00	30.00	16.00	40.00	34.00	27.00	0.00	0.00	38.00	44.00	45.00	31.00	186.00	103.00	45.00
	4192.18	0.00	35.00	0.00	32.00	21.00	42.00	35.00	28.00	0.00	0.00	38.00	45.00	44.00	31.00	184.00	103.00	46.00
	4192.19	0.00	35.00	0.00	35.00	25.00	40.00	37.00	28.00	0.00	0.00	38.00	44.00	45.00	31.00	183.00	105.00	46.00
	4192.20	0.00	35.00	0.00	35.00	24.00	41.00	35.00	28.00	0.00	0.00	37.00	43.00	44.00	31.00	177.00	106.00	46.00
	4192.21	0.00	36.00	0.00	34.00	27.00	40.00	34.00	28.00	0.00	0.00	37.00	46.00	44.00	23.00	180.00	107.00	45.00
	4192.22	0.00	36.00	0.00	33.00	26.00	40.00	33.00	28.00	0.00	0.00	37.00	44.00	45.00	20.00	179.00	106.00	45.00
	4192.23	0.00	36.00	0.00	30.00	23.00	41.00	33.00	27.00	0.00	0.00	37.00	45.00	43.00	19.00	176.00	104.00	44.00
	4192.24	0.00	36.00	0.00	32.00	19.00	41.00	33.00	28.00	0.00	0.00	38.00	46.00	45.00	21.00	175.00	102.00	44.00
	4192.25	0.00	36.00	0.00	32.00	22.00	41.00	27.00	28.00	0.00	0.00	37.00	44.00	44.00	19.00	176.00	102.00	44.00
	4192.26	0.00	36.00	0.00	35.00	22.00	43.00	22.00	28.00	0.00	0.00	37.00	47.00	43.00	18.00	167.00	102.00	44.00
	4192.27	0.00	38.00	0.00	36.00	22.00	42.00	33.00	26.00	0.00	0.00	36.00	47.00	45.00	17.00	168.00	101.00	44.00
	4192.28	0.00	38.00	0.00	37.00	25.00	42.00	32.00	27.00	0.00	0.00	37.00	49.00	44.00	19.00	163.00	103.00	44.00
	4192.29	0.00	38.00	0.00	37.00	24.00	42.00	31.00	27.00	0.00	0.00	38.00	58.00	43.00	20.00	160.00	103.00	44.00
	4192.29	0.00	38.00	0.00	38.00	25.00	42.00	34.00	26.00	0.00	0.00	38.00	65.00	43.00	15.00	154.00	111.00	44.00
	4192.31	0.00	38.00	0.00	38.00	25.00	42.00	35.00	26.00	0.00	0.00	37.00	64.00	45.00	10.00	152.00	111.00	43.00
	4192.31	0.00	38.00	0.00	37.00	27.00	43.00	33.00	17.00	0.00	0.00	37.00	68.00	45.00	10.00	146.00	111.00	43.00
	4192.32	0.00	36.00	0.00	37.00	25.00	43.00	34.00	0.00	0.00	0.00	36.00	70.00	43.00	15.00	131.00	112.00	44.00
	4192.33	0.00	37.00	0.00	37.00	24.00	42.00	34.00	0.00	0.00	0.00	36.00	67.00	45.00	16.00	121.00	113.00	43.00
	4192.34	0.00	36.00	0.00	36.00	24.00	42.00	36.00	0.00	0.00	0.00	36.00	68.00	45.00	17.00	122.00	111.00	42.00
	4192.35	0.00	36.00	0.00	37.00	24.00	42.00	36.00	0.00	0.00	0.00	36.00	70.00	44.00	17.00	119.00	117.00	43.00
	4192.36	0.00	36.00	0.00	37.00	25.00	42.00	36.00	0.00	0.00	0.00	36.00	75.00	44.00	11.00	110.00	117.00	44.00
	4192.37	0.00	32.00	0.00	36.00	25.00	42.00	35.00	0.00	0.00	0.00	36.00	73.00	43.00	12.00	109.00	118.00	44.00
	4192.38	0.00	34.00	0.00	34.00	23.00	42.00	35.00	0.00	0.00	0.00	36.00	76.00	43.00	10.00	110.00	124.00	44.00
	4192.39	0.00	34.00	0.00	34.00	24.00	41.00	35.00	0.00	0.00	0.00	35.00	78.00	44.00	9.00	98.00	123.00	44.00
	4192.40	0.00	33.00	0.00	33.00	18.00	40.00	35.00	0.00	0.00	0.00	35.00	80.00	43.00	9.00	81.00	116.00	44.00
	4192.41	0.00	31.00	0.00	32.00	16.00	41.00	35.00	0.00	0.00	0.00	35.00	81.00	44.00	9.00	78.00	122.00	44.00
	4192.42	0.00	24.00	0.00	31.00	14.00	41.00	34.00	0.00	0.00	0.00	34.00	79.00	43.00	12.00	79.00	131.00	44.00
	4192.43	0.00	22.00	0.00	31.00	12.00	41.00	34.00	0.00	0.00	0.00	34.00	82.00	44.00	13.00	74.00	130.00	44.00
	4192.44	0.00	25.00	0.00	28.00	14.00	41.00	33.00	0.00	0.00	0.00	33.00	83.00	44.00	16.00	71.00	128.00	44.00
	4192.45	0.00	24.00	0.00	28.00	14.00	41.00	20.00	0.00	0.00	0.00	33.00	81.00	44.00	14.00	78.00	132.00	45.00
	4192.46	0.00	22.00	0.00	26.00	0.00	37.00	20.00	0.00	0.00	0.00	33.00	84.00	44.00	13.00	72.00	133.00	50.00
	4192.47	0.00	21.00	0.00	27.00	0.00	37.00	14.00	0.00	0.00	0.00	33.00	85.00	44.00	15.00	76.00	140.00	67.00
	4192.48	0.00	20.00	0.00	25.00	0.00	38.00	4.00	0.00	0.00	17.00	32.00	104.00	44.00	11.00	79.00	154.00	82.00
	4192.48	0.00	22.00	0.00	25.00	0.00	38.00	1.00	0.00	0.00	29.00	34.00	114.00	44.00	13.00	97.00	168.00	94.00
	4192.50	0.00	21.00	0.00	25.00	0.00	39.00	0.00	0.00	0.00	44.00	34.00	134.00	43.00	16.00	96.00	191.00	117.00
	4192.50	0.00	22.00	0.00	26.00	0.00	38.00	0.00	0.00	0.00	53.00	35.00	150.00	45.00	13.00	159.00	207.00	130.00
	4192.51	0.00	19.00	0.00	27.00	0.00	36.00	0.00	0.00	0.00	71.00	36.00	177.00	45.00	16.00	193.00	218.00	149.00
	4192.52	0.00	22.00	0.00	27.00	0.00	36.00	0.00	0.00	0.00	86.00	36.00	186.00	46.00	11.00	213.00	228.00	168.00
	4192.53	0.00	25.00	0.00	28.00	0.00	36.00	0.00	0.00	0.00	93.00	36.00	191.00	47.00	15.00	227.00	237.00	188.00
	4192.54	0.00	22.00	0.00	29.00	0.00	36.00	0.00	0.00	0.00	110.00	46.00	199.00	48.00	14.00	236.00	243.00	200.00
	4192.55	0.00	23.00	0.00	30.00	0.00	36.00	0.00	0.00	5.00	115.00	62.00	208.00	48.00	16.00	241.00	251.00	214.00
	4192.56	0.00	23.00	0.00	31.00	4.00	36.00	0.00	0.00	7.00	120.00	69.00	216.00	57.00	15.00	247.00	266.00	223.00
	4192.57	0.00	23.00	0.00	31.00	5.00	36.00	0.00	0.00	9.00	125.00	80.00	224.00	69.00	16.00	256.00	273.00	234.00
	4192.58	0.00	23.00	0.00	30.00	5.00	33.00	0.00	0.00	5.00	130.00	101.00	235.00	74.00	25.00	267.00	280.00	239.00
	4192.59	0.00	23.00	0.00	29.00	7.00	33.00	0.00	0.00	0.00	136.00	108.00	236.00	77.00	26.00	273.00	284.00	246.00
	4192.60	0.00	23.00	0.00	29.00	8.00	33.00	0.00	0.00	0.00	140.00	115.00	246.00	77.00	26.00	277.00	286.00	250.00
	4192.61	0.00	26.00	0.00	30.00	8.00	33.00	0.00	0.00	0.00	145.00	119.00	246.00	77.00	26.00	281.00	287.00	247.00
	4192.62	0.00	25.00	0.00	29.00	6.00	33.00	0.00	15.00	5.00	150.00	125.00	247.00	75.00	26.00	286.00	287.00	239.00
	4192.63	0.00	27.00	0.00	29.00	12.00	33.00	0.00	15.00	13.00	152.00	129.00	248.00	75.00	26.00	286.00	288.00	233.00
	4192.64	0.00	27.00	0.00	32.00	14.00	33.00	0.00	15.00	24.00	152.00	130.00	246.00	71.00	26.00	285.00	288.00	230.00
	4192.65	0.00	27.00	0.00	32.00	26.00	33.00	0.00	16.00	38.00	148.00	128.00	247.00	56.00	26.00	282.00	288.00	221.00
	4192.66	0.00	26.00	0.00	30.00	31.00	33.00	6.00	25.00	63.00	145.00	122.00	240.00	48.00	26.00	274.00	285.00	214.00
	4192.67	0.00	28.00	17.00	34.00	59.00	36.00	33.00	25.00	107.00	144.00	110.00	238.00	48.00	16.00	265.00	278.00	200.00
	4192.68	0.00	27.00	21.00	34.00	73.00	39.00	33.00	26.00	138.00	140.00	92.00	227.00	47.00	16.00	256.00	265.00	195.00
	4192.69	0.00	27.00	23.00	34.00	94.00	43.00	34.00	27.00	158.00	131.00	64.00	205.00	47.00	13.00	243.00	253.00	173.00
	4192.70	0.00	34.00	24.00	39.00	109.00	51.00	34.00	28.00	178.00	112.00	46.00	177.00	45.00	12.00	213.00	217.00	132.00
	4192.71	0.00	38.00	21.00	41.00	142.00	90.00	45.00	51.00	227.00	68.00	36.00	124.00	43.00	10.00	155.00	183.00	99.00
	4192.72	0.00	41.00	46.00	42.00	179.00	124.00	45.00	79.00	254.00	0.00	34.00	86.00	43.00	10.00	95.00	147.00	59.00
	4192.73	0.00	42.00	50.00	41.00	201.00	184.00	46.00	93.00	272.00	0.00	32.00	76.00	43.00	0.00	81.00	99.00	46.00
	4192.74	0.00	51.00	53.00	45.00	212.00	225.00	46.00	84.00	266.00	0.00	30.00	63.00	41.00	12.00	66.00	64.00	44.00
	4192.75	0.00	46.00	42.00	50.00	216.00	240.00	46.00	80.00	233.00	0.00	31.00	51.00	40.00	8.00	58.00	53.00	43.00
	4192.76	0.00	41.00	38.00	46.00	213.00	242.00	47.00	46.00	184.00	0.00	31.00	48.00	38.00	0.00	55.00	51.00	40.00
	4192.77	0.00	39.00	26.00	45.00	198.00	236.00	46.00	38.00	181.00	0.00	31.00	48.00	37.00	0.00	54.00	50.00	41.00
	4192.78	0.00	40.00	34.00	47.00	196.00	237.00	46.00	39.00	199.00	0.00	30.00	47.00	36.00	0.00	51.00	48.00	41.00
	4192.79	0.00	40.00	36.00	49.00	195.00	239.00	46.00	43.00	215.00	0.00	30.00	47.00	37.00	0.00	51.00	47.00	42.00
	4192.80	0.00	40.00	39.00	50.00	195.00	239.00	46.00	48.00	217.00	0.00	29.00	47.00	38.00	10.00	51.00	47.00	40.00
	4192.81	0.00	41.00	42.00	48.00	196.00	241.00	47.00	70.00	225.00	0.00	26.00	46.00	38.00	9.00	51.00	47.00	41.00
	4192.82	0.00	41.00	42.00	49.00	210.00	244.00	46.00	87.00	250.00	0.00	24.00	45.00	37.00	7.00	51.00	46.00	41.00
	4192.83	0.00	42.00	43.00	50.00	222.00	245.00	48.00	96.00	256.00	0.00	22.00	42.00	37.00	15.00	51.00	46.00	40.00
	4192.83	0.00	41.00	40.00	51.00	222.00	241.00	48.00	89.00	227.00	0.00	23.00	45.00	37.00	14.00	51.00	46.00	41.00
	4192.85	0.00	41.00	38.00	51.00	217.00	231.00	47.00	79.00	207.00	0.00	24.00	45.00	38.00	15.00	51.00	45.00	40.00
	4192.85	0.00	40.00	27.00	50.00	201.00	221.00	47.00	57.00	205.00	0.00	25.00	41.00	38.00	14.00	51.00	46.00	40.00
	4192.87	0.00	38.00	25.00	48.00	197.00	203.00	47.00	50.00	204.00	0.00	27.00	38.00	35.00	14.00	50.00	45.00	39.00
	4192.87	0.00	38.00	23.00	49.00	189.00	176.00	47.00	44.00	207.00	0.00	27.00	39.00	37.00	14.00	51.00	46.00	38.00
	4192.88	0.00	38.00	24.00	51.00	181.00	169.00	47.00	44.00	210.00	0.00	28.00	38.00	36.00	10.00	51.00	45.00	38.00
	4192.89	0.00	38.00	24.00	51.00	175.00	162.00	47.00	45.00	213.00	0.00	28.00	37.00	36.00	8.00	51.00	45.00	38.00
	4192.90	0.00	38.00	24.00	50.00	174.00	149.00	47.00	45.00	207.00	0.00	28.00	35.00	37.00	8.00	50.00	44.00	38.00
	4192.91	0.00	38.00	25.00	49.00	172.00	140.00	47.00	46.00	202.00	0.00	28.00	34.00	36.00	10.00	50.00	44.00	36.00
	4192.92	0.00	38.00	24.00	49.00	170.00	133.00	47.00	46.00	192.00	0.00	28.00	35.00	36.00	9.00	50.00	44.00	38.00
	4192.93	0.00	38.00	24.00	50.00	170.00	129.00	47.00	46.00	186.00	0.00	28.00	35.00	37.00	0.00	50.00	44.00	36.00
	4192.94	0.00	38.00	25.00	51.00	164.00	117.00	48.00	40.00	183.00	0.00	26.00	32.00	37.00	0.00	50.00	44.00	37.00
	4192.95	0.00	38.00	18.00	49.00	157.00	101.00	47.00	39.00	183.00	0.00	25.00	34.00	37.00	0.00	50.00	44.00	37.00
	4192.96	0.00	37.00	23.00	48.00	149.00	91.00	47.00	37.00	173.00	0.00	24.00	31.00	39.00	0.00	49.00	44.00	37.00
	4192.97	0.00	38.00	18.00	47.00	135.00	91.00	47.00	35.00	168.00	0.00	23.00	31.00	38.00	0.00	50.00	45.00	38.00
	4192.98	0.00	38.00	18.00	47.00	128.00	82.00	47.00	31.00	154.00	0.00	22.00	32.00	39.00	0.00	50.00	44.00	37.00
	4192.99	0.00	38.00	21.00	47.00	126.00	80.00	47.00	31.00	128.00	0.00	23.00	29.00	39.00	0.00	49.00	44.00	38.00
	4193.00	0.00	38.00	22.00	48.00	120.00	74.00	47.00	31.00	111.00	0.00	25.00	30.00	39.00	0.00	49.00	44.00	38.00
	4193.01	0.00	38.00	19.00	48.00	119.00	69.00	47.00	32.00	98.00	0.00	24.00	30.00	39.00	0.00	49.00	44.00	37.00
	4193.02	0.00	38.00	21.00	48.00	117.00	66.00	47.00	36.00	89.00	0.00	25.00	29.00	39.00	0.00	49.00	45.00	37.00
	4193.03	0.00	36.00	17.00	48.00	111.00	67.00	47.00	37.00	74.00	0.00	25.00	28.00	39.00	0.00	48.00	45.00	35.00
	4193.04	0.00	37.00	22.00	48.00	106.00	64.00	47.00	40.00	57.00	0.00	26.00	29.00	38.00	0.00	48.00	45.00	37.00
	4193.05	0.00	36.00	22.00	48.00	105.00	65.00	47.00	42.00	50.00	0.00	27.00	27.00	39.00	0.00	48.00	45.00	37.00
	4193.06	0.00	37.00	25.00	49.00	109.00	71.00	47.00	47.00	50.00	0.00	28.00	29.00	37.00	0.00	48.00	45.00	36.00
	4193.07	0.00	37.00	25.00	49.00	109.00	74.00	47.00	51.00	72.00	0.00	27.00	24.00	39.00	0.00	48.00	45.00	36.00
	4193.08	0.00	37.00	28.00	49.00	122.00	76.00	48.00	59.00	85.00	0.00	25.00	24.00	38.00	0.00	48.00	45.00	36.00
	4193.09	0.00	37.00	29.00	48.00	125.00	77.00	46.00	70.00	99.00	0.00	25.00	23.00	37.00	0.00	47.00	45.00	37.00
	4193.10	0.00	38.00	30.00	50.00	133.00	82.00	46.00	73.00	108.00	0.00	25.00	19.00	37.00	0.00	48.00	45.00	37.00
	4193.11	0.00	38.00	30.00	49.00	130.00	79.00	46.00	80.00	121.00	0.00	26.00	22.00	37.00	8.00	48.00	44.00	37.00
	4193.12	0.00	39.00	34.00	51.00	133.00	76.00	47.00	87.00	121.00	0.00	26.00	20.00	37.00	10.00	48.00	44.00	37.00
	4193.12	0.00	40.00	43.00	49.00	135.00	74.00	48.00	92.00	129.00	0.00	25.00	19.00	36.00	2.00	47.00	44.00	36.00
	4193.13	0.00	40.00	50.00	49.00	145.00	77.00	49.00	116.00	122.00	0.00	25.00	22.00	36.00	0.00	47.00	44.00	37.00
	4193.14	0.00	41.00	56.00	50.00	148.00	80.00	50.00	119.00	109.00	0.00	25.00	25.00	35.00	1.00	47.00	44.00	37.00
	4193.15	0.00	40.00	65.00	52.00	137.00	83.00	54.00	126.00	94.00	0.00	26.00	25.00	35.00	2.00	47.00	44.00	37.00
	4193.16	0.00	51.00	81.00	53.00	146.00	87.00	61.00	133.00	117.00	0.00	26.00	23.00	35.00	10.00	48.00	44.00	37.00
	4193.17	0.00	59.00	98.00	59.00	146.00	98.00	68.00	139.00	124.00	0.00	26.00	25.00	35.00	10.00	48.00	45.00	38.00
	4193.18	0.00	65.00	104.00	64.00	148.00	105.00	80.00	149.00	130.00	0.00	27.00	27.00	35.00	0.00	48.00	45.00	38.00
	4193.19	0.00	76.00	105.00	72.00	158.00	104.00	88.00	156.00	139.00	0.00	30.00	29.00	35.00	0.00	50.00	45.00	38.00
	4193.20	0.00	90.00	105.00	77.00	168.00	110.00	91.00	162.00	154.00	0.00	30.00	28.00	35.00	8.00	50.00	45.00	38.00
	4193.21	0.00	94.00	112.00	79.00	176.00	112.00	92.00	166.00	167.00	0.00	31.00	30.00	35.00	8.00	51.00	45.00	37.00
	4193.22	0.00	100.00	116.00	81.00	180.00	118.00	94.00	168.00	179.00	0.00	31.00	30.00	35.00	10.00	51.00	45.00	38.00
	4193.23	0.00	103.00	122.00	86.00	189.00	118.00	95.00	169.00	184.00	0.00	31.00	29.00	35.00	6.00	51.00	45.00	38.00
	4193.24	0.00	103.00	127.00	90.00	192.00	120.00	107.00	172.00	181.00	0.00	32.00	28.00	35.00	10.00	51.00	45.00	39.00
	4193.25	0.00	103.00	129.00	89.00	193.00	119.00	104.00	174.00	178.00	0.00	32.00	29.00	35.00	0.00	51.00	46.00	39.00
	4193.26	0.00	104.00	136.00	88.00	194.00	119.00	111.00	176.00	151.00	0.00	33.00	27.00	35.00	0.00	51.00	46.00	39.00
	4193.27	0.00	104.00	133.00	89.00	190.00	118.00	110.00	180.00	129.00	0.00	33.00	25.00	34.00	2.00	53.00	46.00	39.00
	4193.28	0.00	103.00	129.00	83.00	191.00	117.00	96.00	178.00	102.00	0.00	34.00	28.00	35.00	12.00	53.00	46.00	38.00
	4193.29	0.00	99.00	121.00	81.00	185.00	114.00	85.00	176.00	78.00	0.00	33.00	27.00	37.00	2.00	54.00	46.00	38.00
	4193.30	0.00	95.00	115.00	77.00	179.00	85.00	77.00	173.00	47.00	0.00	33.00	30.00	38.00	0.00	58.00	46.00	39.00
	4193.31	0.00	71.00	102.00	71.00	164.00	81.00	59.00	165.00	10.00	0.00	34.00	34.00	39.00	0.00	66.00	46.00	39.00
	4193.32	0.00	60.00	81.00	61.00	159.00	65.00	51.00	155.00	0.00	0.00	37.00	34.00	39.00	9.00	88.00	47.00	44.00
	4193.33	0.00	40.00	66.00	49.00	144.00	57.00	44.00	143.00	0.00	0.00	38.00	31.00	39.00	17.00	112.00	47.00	45.00
	4193.34	0.00	39.00	38.00	50.00	136.00	50.00	44.00	132.00	0.00	0.00	36.00	33.00	38.00	18.00	102.00	51.00	46.00
	4193.35	0.00	38.00	18.00	43.00	118.00	44.00	43.00	112.00	0.00	0.00	38.00	37.00	38.00	18.00	80.00	62.00	42.00
	4193.36	0.00	38.00	16.00	37.00	98.00	41.00	41.00	86.00	0.00	0.00	38.00	38.00	40.00	17.00	75.00	62.00	40.00
	4193.37	0.00	38.00	13.00	36.00	86.00	40.00	36.00	58.00	0.00	0.00	38.00	38.00	40.00	13.00	75.00	55.00	40.00
	4193.38	0.00	38.00	9.00	34.00	48.00	40.00	34.00	50.00	0.00	0.00	38.00	37.00	39.00	12.00	98.00	56.00	40.00
	4193.39	0.00	37.00	4.00	33.00	46.00	40.00	36.00	40.00	0.00	0.00	37.00	37.00	40.00	14.00	94.00	56.00	41.00
	4193.40	0.00	37.00	0.00	33.00	37.00	39.00	37.00	34.00	0.00	0.00	36.00	37.00	41.00	17.00	79.00	64.00	41.00
	4193.41	0.00	37.00	0.00	32.00	37.00	40.00	37.00	30.00	0.00	0.00	36.00	39.00	42.00	21.00	80.00	66.00	44.00
	4193.42	0.00	36.00	0.00	31.00	30.00	38.00	36.00	29.00	0.00	0.00	37.00	44.00	41.00	22.00	104.00	69.00	47.00
	4193.43	0.00	36.00	0.00	34.00	27.00	37.00	37.00	29.00	0.00	0.00	38.00	46.00	44.00	22.00	132.00	74.00	64.00
	4193.43	0.00	36.00	0.00	35.00	25.00	38.00	36.00	29.00	0.00	0.00	36.00	47.00	44.00	32.00	146.00	94.00	47.00
	4193.44	0.00	36.00	0.00	33.00	23.00	38.00	34.00	29.00	0.00	0.00	35.00	51.00	44.00	33.00	133.00	96.00	43.00
	4193.45	0.00	36.00	0.00	34.00	23.00	38.00	34.00	29.00	0.00	0.00	35.00	53.00	44.00	33.00	108.00	95.00	42.00
	4193.46	0.00	35.00	0.00	33.00	20.00	38.00	34.00	28.00	0.00	0.00	35.00	47.00	44.00	33.00	85.00	87.00	43.00
	4193.47	0.00	36.00	0.00	32.00	18.00	37.00	34.00	29.00	0.00	0.00	35.00	46.00	44.00	24.00	82.00	77.00	43.00
	4193.48	0.00	35.00	0.00	30.00	13.00	36.00	35.00	28.00	0.00	0.00	35.00	47.00	44.00	22.00	79.00	77.00	43.00
	4193.49	0.00	35.00	0.00	29.00	13.00	37.00	18.00	26.00	0.00	0.00	36.00	45.00	43.00	24.00	80.00	90.00	41.00
	4193.50	0.00	35.00	0.00	30.00	11.00	37.00	15.00	27.00	0.00	0.00	36.00	48.00	43.00	19.00	81.00	98.00	41.00
	4193.51	0.00	34.00	0.00	28.00	11.00	38.00	16.00	26.00	0.00	0.00	36.00	49.00	42.00	16.00	86.00	102.00	41.00
	4193.52	0.00	34.00	0.00	29.00	14.00	39.00	15.00	27.00	0.00	0.00	36.00	61.00	43.00	17.00	92.00	104.00	42.00
	4193.53	0.00	34.00	0.00	30.00	11.00	38.00	15.00	27.00	0.00	0.00	35.00	68.00	44.00	18.00	95.00	100.00	43.00
	4193.54	0.00	34.00	0.00	30.00	10.00	39.00	20.00	25.00	0.00	0.00	35.00	74.00	44.00	16.00	98.00	107.00	43.00
	4193.55	0.00	34.00	0.00	31.00	6.00	39.00	20.00	25.00	0.00	0.00	35.00	77.00	44.00	15.00	98.00	101.00	42.00
	4193.56	0.00	34.00	0.00	32.00	9.00	40.00	18.00	26.00	0.00	0.00	35.00	76.00	44.00	17.00	96.00	102.00	41.00
	4193.57	0.00	34.00	0.00	31.00	12.00	39.00	30.00	19.00	0.00	0.00	34.00	78.00	44.00	15.00	85.00	101.00	40.00
	4193.58	0.00	34.00	0.00	31.00	12.00	39.00	15.00	16.00	0.00	0.00	34.00	76.00	44.00	14.00	80.00	107.00	41.00
	4193.59	0.00	35.00	0.00	30.00	11.00	38.00	32.00	0.00	0.00	0.00	33.00	76.00	44.00	13.00	82.00	102.00	40.00
	4193.60	0.00	35.00	0.00	30.00	11.00	39.00	32.00	0.00	0.00	0.00	33.00	79.00	44.00	12.00	77.00	100.00	40.00
	4193.61	0.00	35.00	0.00	30.00	10.00	39.00	32.00	0.00	0.00	0.00	33.00	80.00	44.00	14.00	74.00	96.00	40.00
	4193.62	0.00	33.00	0.00	29.00	10.00	39.00	32.00	0.00	0.00	0.00	32.00	82.00	42.00	11.00	77.00	95.00	40.00
	4193.63	0.00	33.00	0.00	28.00	10.00	39.00	32.00	0.00	0.00	0.00	32.00	80.00	44.00	11.00	74.00	95.00	40.00
	4193.63	0.00	33.00	0.00	29.00	6.00	39.00	31.00	0.00	0.00	0.00	32.00	78.00	43.00	14.00	71.00	96.00	40.00
	4193.64	0.00	31.00	0.00	29.00	11.00	39.00	31.00	0.00	0.00	0.00	31.00	80.00	43.00	10.00	68.00	98.00	41.00
	4193.65	0.00	32.00	0.00	30.00	11.00	39.00	32.00	0.00	0.00	0.00	31.00	81.00	43.00	12.00	69.00	104.00	43.00
	4193.66	0.00	33.00	0.00	29.00	10.00	39.00	32.00	0.00	0.00	0.00	31.00	80.00	43.00	11.00	72.00	112.00	43.00
	4193.67	0.00	25.00	0.00	29.00	9.00	39.00	32.00	0.00	0.00	0.00	30.00	81.00	43.00	11.00	72.00	109.00	43.00
	4193.68	0.00	25.00	0.00	30.00	0.00	39.00	32.00	0.00	0.00	15.00	30.00	83.00	43.00	10.00	73.00	116.00	43.00
	4193.69	0.00	26.00	0.00	29.00	1.00	39.00	33.00	0.00	0.00	28.00	31.00	88.00	43.00	12.00	79.00	128.00	46.00
	4193.70	0.00	23.00	0.00	28.00	0.00	39.00	31.00	0.00	0.00	33.00	31.00	94.00	44.00	11.00	84.00	143.00	46.00
	4193.71	0.00	24.00	0.00	28.00	0.00	39.00	33.00	0.00	0.00	40.00	32.00	117.00	44.00	12.00	92.00	166.00	64.00
	4193.72	0.00	25.00	0.00	25.00	0.00	39.00	15.00	0.00	0.00	50.00	34.00	136.00	44.00	10.00	152.00	184.00	87.00
	4193.73	0.00	24.00	0.00	26.00	0.00	39.00	14.00	0.00	0.00	56.00	35.00	153.00	43.00	10.00	194.00	201.00	108.00
	4193.74	0.00	24.00	0.00	26.00	0.00	39.00	2.00	0.00	0.00	75.00	35.00	180.00	44.00	9.00	214.00	224.00	130.00
	4193.75	0.00	26.00	0.00	26.00	0.00	39.00	0.00	0.00	0.00	99.00	37.00	194.00	46.00	11.00	227.00	236.00	159.00
	4193.76	0.00	26.00	0.00	27.00	0.00	39.00	0.00	0.00	0.00	116.00	37.00	209.00	46.00	17.00	242.00	243.00	179.00
	4193.77	0.00	26.00	0.00	27.00	0.00	39.00	0.00	0.00	0.00	125.00	36.00	217.00	47.00	17.00	256.00	257.00	207.00
	4193.78	0.00	25.00	0.00	28.00	0.00	39.00	0.00	0.00	0.00	136.00	45.00	226.00	48.00	19.00	266.00	271.00	222.00
	4193.79	0.00	24.00	0.00	28.00	0.00	39.00	0.00	0.00	0.00	136.00	64.00	242.00	66.00	26.00	279.00	278.00	233.00
	4193.80	0.00	26.00	0.00	28.00	0.00	39.00	0.00	0.00	5.00	140.00	89.00	244.00	76.00	27.00	288.00	283.00	253.00
	4193.81	0.00	26.00	0.00	29.00	0.00	38.00	0.00	0.00	11.00	151.00	105.00	257.00	79.00	27.00	298.00	289.00	267.00
	4193.82	0.00	33.00	0.00	32.00	12.00	39.00	0.00	24.00	21.00	173.00	122.00	260.00	81.00	26.00	309.00	291.00	272.00
	4193.83	0.00	33.00	0.00	30.00	14.00	39.00	0.00	25.00	53.00	182.00	133.00	264.00	82.00	27.00	314.00	294.00	266.00
	4193.84	0.00	28.00	0.00	33.00	21.00	39.00	0.00	26.00	73.00	189.00	137.00	266.00	83.00	26.00	315.00	295.00	265.00
	4193.85	0.00	28.00	0.00	32.00	28.00	39.00	0.00	26.00	89.00	189.00	141.00	266.00	83.00	26.00	314.00	296.00	260.00
	4193.85	0.00	27.00	15.00	33.00	34.00	40.00	0.00	26.00	93.00	184.00	144.00	266.00	83.00	26.00	314.00	296.00	259.00
	4193.87	0.00	22.00	18.00	34.00	67.00	39.00	31.00	26.00	100.00	184.00	140.00	265.00	82.00	27.00	313.00	297.00	250.00
	4193.87	0.00	24.00	20.00	33.00	83.00	39.00	31.00	26.00	110.00	183.00	136.00	256.00	79.00	26.00	305.00	295.00	245.00
	4193.89	0.00	22.00	23.00	36.00	97.00	39.00	33.00	27.00	130.00	174.00	127.00	249.00	56.00	27.00	296.00	289.00	231.00
	4193.89	0.00	23.00	23.00	37.00	109.00	39.00	33.00	28.00	159.00	160.00	110.00	238.00	47.00	26.00	283.00	278.00	214.00
	4193.90	0.00	34.00	25.00	38.00	119.00	44.00	34.00	28.00	174.00	147.00	89.00	218.00	47.00	27.00	263.00	265.00	194.00
	4193.91	0.00	35.00	24.00	40.00	124.00	50.00	40.00	50.00	206.00	124.00	57.00	189.00	46.00	26.00	236.00	242.00	170.00
	4193.93	0.00	41.00	27.00	42.00	147.00	90.00	45.00	83.00	232.00	110.00	35.00	149.00	45.00	26.00	185.00	202.00	129.00
	4193.94	0.00	40.00	42.00	44.00	169.00	145.00	46.00	84.00	243.00	36.00	34.00	105.00	43.00	6.00	128.00	163.00	94.00
	4193.94	0.00	41.00	43.00	44.00	203.00	196.00	46.00	80.00	240.00	0.00	32.00	73.00	43.00	9.00	83.00	125.00	56.00
	4193.95	0.00	46.00	42.00	48.00	219.00	227.00	46.00	84.00	225.00	0.00	29.00	53.00	42.00	0.00	70.00	71.00	49.00
	4193.96	0.00	43.00	42.00	47.00	223.00	239.00	46.00	64.00	192.00	0.00	29.00	51.00	39.00	0.00	60.00	52.00	49.00
	4193.97	0.00	40.00	41.00	46.00	225.00	241.00	46.00	45.00	176.00	0.00	29.00	45.00	37.00	0.00	56.00	51.00	41.00
	4193.98	0.00	40.00	43.00	45.00	226.00	245.00	46.00	40.00	182.00	0.00	29.00	46.00	37.00	0.00	54.00	49.00	42.00
	4193.99	0.00	40.00	47.00	47.00	222.00	245.00	47.00	42.00	199.00	0.00	29.00	46.00	37.00	0.00	51.00	48.00	41.00
	4194.00	0.00	40.00	42.00	50.00	214.00	244.00	47.00	48.00	218.00	0.00	28.00	46.00	37.00	11.00	52.00	46.00	43.00
	4194.01	0.00	41.00	44.00	49.00	210.00	243.00	47.00	62.00	230.00	0.00	25.00	46.00	38.00	10.00	50.00	45.00	42.00
	4194.02	0.00	41.00	42.00	50.00	212.00	247.00	48.00	89.00	246.00	0.00	25.00	46.00	39.00	10.00	50.00	45.00	41.00
	4194.03	0.00	41.00	42.00	51.00	219.00	250.00	48.00	100.00	256.00	0.00	24.00	46.00	39.00	10.00	50.00	45.00	39.00
	4194.04	0.00	41.00	44.00	50.00	220.00	248.00	47.00	110.00	254.00	0.00	24.00	46.00	39.00	0.00	50.00	45.00	40.00
	4194.05	0.00	41.00	44.00	50.00	215.00	243.00	47.00	96.00	246.00	0.00	25.00	46.00	39.00	0.00	49.00	44.00	40.00
	4194.06	0.00	41.00	40.00	50.00	212.00	230.00	48.00	91.00	239.00	0.00	24.00	46.00	38.00	0.00	49.00	44.00	40.00
	4194.07	0.00	40.00	34.00	50.00	208.00	223.00	48.00	89.00	229.00	0.00	26.00	44.00	38.00	0.00	49.00	44.00	38.00
	4194.08	0.00	40.00	35.00	50.00	201.00	217.00	48.00	95.00	230.00	0.00	26.00	39.00	38.00	0.00	49.00	44.00	40.00
	4194.09	0.00	40.00	31.00	50.00	199.00	209.00	47.00	94.00	228.00	0.00	26.00	39.00	38.00	0.00	49.00	43.00	38.00
	4194.10	0.00	39.00	29.00	51.00	198.00	199.00	47.00	96.00	225.00	0.00	26.00	38.00	37.00	0.00	49.00	42.00	37.00
	4194.11	0.00	39.00	28.00	51.00	199.00	194.00	48.00	96.00	221.00	0.00	26.00	37.00	37.00	0.00	48.00	42.00	36.00
	4194.12	0.00	40.00	28.00	50.00	197.00	182.00	48.00	103.00	214.00	0.00	26.00	34.00	37.00	0.00	49.00	42.00	38.00
	4194.13	0.00	40.00	31.00	51.00	194.00	174.00	48.00	102.00	202.00	0.00	27.00	34.00	37.00	0.00	50.00	41.00	38.00
	4194.14	0.00	40.00	29.00	51.00	188.00	164.00	48.00	96.00	190.00	0.00	27.00	32.00	37.00	0.00	50.00	40.00	38.00
	4194.15	0.00	39.00	24.00	50.00	184.00	147.00	48.00	91.00	189.00	0.00	24.00	33.00	36.00	0.00	49.00	41.00	38.00
	4194.16	0.00	38.00	24.00	51.00	179.00	130.00	48.00	86.00	185.00	0.00	25.00	31.00	37.00	0.00	49.00	41.00	38.00
	4194.17	0.00	38.00	20.00	49.00	172.00	123.00	48.00	85.00	181.00	0.00	23.00	32.00	38.00	0.00	48.00	41.00	37.00
	4194.18	0.00	37.00	19.00	50.00	166.00	101.00	48.00	83.00	175.00	0.00	23.00	30.00	36.00	0.00	48.00	41.00	37.00
	4194.19	0.00	38.00	22.00	48.00	165.00	95.00	48.00	82.00	153.00	0.00	23.00	29.00	38.00	0.00	48.00	41.00	36.00
	4194.20	0.00	38.00	19.00	48.00	158.00	90.00	47.00	81.00	139.00	0.00	24.00	29.00	37.00	0.00	48.00	41.00	38.00
	4194.21	0.00	38.00	21.00	47.00	153.00	89.00	48.00	76.00	121.00	0.00	24.00	29.00	37.00	0.00	48.00	42.00	37.00
	4194.22	0.00	39.00	25.00	49.00	148.00	83.00	48.00	74.00	101.00	0.00	25.00	26.00	37.00	0.00	48.00	42.00	37.00
	4194.23	0.00	38.00	22.00	48.00	132.00	80.00	47.00	79.00	48.00	0.00	25.00	26.00	37.00	0.00	48.00	43.00	39.00
	4194.24	0.00	37.00	23.00	48.00	131.00	67.00	47.00	87.00	24.00	0.00	25.00	26.00	37.00	0.00	48.00	43.00	38.00
	4194.25	0.00	38.00	24.00	48.00	117.00	60.00	46.00	87.00	9.00	0.00	25.00	26.00	37.00	0.00	48.00	43.00	35.00
	4194.25	0.00	39.00	26.00	47.00	114.00	56.00	44.00	85.00	3.00	0.00	25.00	24.00	36.00	0.00	48.00	43.00	36.00
	4194.27	0.00	39.00	26.00	47.00	114.00	55.00	43.00	89.00	4.00	0.00	25.00	24.00	36.00	0.00	48.00	41.00	35.00
	4194.27	0.00	39.00	27.00	48.00	130.00	54.00	44.00	93.00	0.00	0.00	25.00	24.00	36.00	0.00	47.00	43.00	35.00
	4194.28	0.00	40.00	26.00	47.00	132.00	55.00	45.00	98.00	0.00	0.00	25.00	25.00	35.00	0.00	48.00	43.00	35.00
	4194.29	0.00	39.00	23.00	48.00	133.00	56.00	46.00	123.00	0.00	0.00	25.00	25.00	36.00	0.00	47.00	42.00	35.00
	4194.30	0.00	40.00	26.00	49.00	137.00	60.00	47.00	136.00	1.00	0.00	25.00	27.00	36.00	4.00	47.00	42.00	33.00
	4194.31	0.00	44.00	45.00	53.00	149.00	75.00	51.00	141.00	25.00	0.00	25.00	25.00	36.00	9.00	47.00	41.00	34.00
	4194.32	0.00	57.00	56.00	55.00	157.00	82.00	56.00	146.00	79.00	0.00	24.00	26.00	36.00	7.00	45.00	41.00	35.00
	4194.33	0.00	64.00	70.00	64.00	163.00	91.00	66.00	156.00	124.00	0.00	23.00	26.00	35.00	9.00	45.00	41.00	35.00
	4194.34	0.00	82.00	75.00	71.00	171.00	98.00	73.00	166.00	173.00	0.00	24.00	25.00	36.00	6.00	45.00	42.00	35.00
	4194.35	0.00	97.00	92.00	77.00	177.00	106.00	75.00	175.00	195.00	0.00	25.00	26.00	35.00	9.00	45.00	42.00	35.00
	4194.36	0.00	99.00	92.00	76.00	183.00	111.00	83.00	175.00	207.00	0.00	27.00	28.00	35.00	10.00	46.00	42.00	35.00
	4194.37	0.00	109.00	93.00	77.00	180.00	110.00	82.00	178.00	210.00	0.00	30.00	29.00	35.00	10.00	47.00	42.00	36.00
	4194.38	0.00	112.00	111.00	80.00	187.00	117.00	85.00	180.00	212.00	0.00	31.00	29.00	35.00	8.00	48.00	43.00	36.00
	4194.39	0.00	121.00	115.00	81.00	185.00	119.00	91.00	180.00	212.00	0.00	31.00	32.00	35.00	13.00	50.00	43.00	37.00
	4194.40	0.00	124.00	117.00	86.00	186.00	121.00	97.00	186.00	213.00	0.00	32.00	33.00	35.00	13.00	50.00	43.00	38.00
	4194.41	0.00	124.00	117.00	90.00	188.00	120.00	107.00	188.00	214.00	0.00	32.00	33.00	35.00	13.00	51.00	43.00	38.00
	4194.42	0.00	127.00	119.00	94.00	192.00	123.00	112.00	187.00	212.00	0.00	32.00	32.00	35.00	14.00	51.00	43.00	38.00
	4194.43	0.00	128.00	123.00	96.00	195.00	124.00	111.00	189.00	230.00	0.00	33.00	33.00	36.00	14.00	53.00	43.00	37.00
	4194.44	0.00	130.00	126.00	96.00	197.00	124.00	104.00	189.00	232.00	0.00	33.00	33.00	36.00	13.00	54.00	43.00	39.00
	4194.45	0.00	128.00	122.00	97.00	198.00	126.00	103.00	190.00	239.00	0.00	34.00	33.00	35.00	10.00	54.00	44.00	39.00
	4194.46	0.00	125.00	117.00	96.00	198.00	125.00	101.00	188.00	232.00	0.00	34.00	35.00	34.00	8.00	55.00	44.00	38.00
	4194.47	0.00	121.00	114.00	96.00	197.00	120.00	99.00	184.00	222.00	0.00	35.00	35.00	36.00	9.00	54.00	44.00	38.00
	4194.48	0.00	112.00	104.00	86.00	199.00	107.00	90.00	181.00	188.00	0.00	35.00	35.00	36.00	9.00	53.00	44.00	39.00
	4194.49	0.00	105.00	97.00	83.00	192.00	93.00	66.00	178.00	141.00	0.00	35.00	37.00	37.00	3.00	52.00	43.00	39.00
	4194.50	0.00	92.00	77.00	80.00	182.00	72.00	58.00	168.00	92.00	0.00	36.00	40.00	38.00	0.00	51.00	43.00	40.00
	4194.51	0.00	67.00	54.00	63.00	166.00	57.00	47.00	154.00	43.00	0.00	37.00	40.00	38.00	10.00	53.00	43.00	41.00
	4194.52	0.00	39.00	35.00	52.00	153.00	52.00	47.00	140.00	9.00	0.00	36.00	33.00	38.00	13.00	56.00	44.00	43.00
	4194.53	0.00	38.00	18.00	48.00	139.00	44.00	46.00	131.00	0.00	0.00	35.00	35.00	38.00	16.00	58.00	45.00	44.00
	4194.54	0.00	37.00	17.00	44.00	123.00	44.00	45.00	104.00	0.00	0.00	34.00	31.00	38.00	15.00	59.00	46.00	42.00
	4194.55	0.00	39.00	10.00	42.00	104.00	41.00	40.00	73.00	0.00	0.00	31.00	32.00	39.00	15.00	61.00	47.00	41.00
	4194.56	0.00	38.00	10.00	33.00	94.00	39.00	37.00	52.00	0.00	0.00	30.00	35.00	40.00	17.00	62.00	47.00	39.00
	4194.57	0.00	38.00	5.00	32.00	57.00	39.00	34.00	49.00	0.00	0.00	30.00	33.00	40.00	17.00	61.00	48.00	41.00
	4194.58	0.00	36.00	1.00	28.00	48.00	39.00	36.00	43.00	0.00	0.00	30.00	35.00	40.00	20.00	60.00	51.00	43.00
	4194.58	0.00	36.00	0.00	27.00	46.00	39.00	37.00	41.00	0.00	0.00	31.00	35.00	40.00	22.00	60.00	53.00	44.00
	4194.60	0.00	36.00	0.00	22.00	38.00	40.00	38.00	36.00	0.00	0.00	33.00	36.00	41.00	20.00	65.00	57.00	45.00
	4194.60	0.00	36.00	0.00	25.00	38.00	39.00	37.00	29.00	0.00	0.00	33.00	43.00	42.00	19.00	77.00	63.00	45.00
	4194.61	0.00	35.00	0.00	24.00	34.00	39.00	36.00	29.00	0.00	0.00	32.00	45.00	43.00	21.00	82.00	67.00	46.00
	4194.62	0.00	36.00	0.00	22.00	33.00	40.00	37.00	29.00	0.00	0.00	33.00	45.00	43.00	19.00	81.00	71.00	45.00
	4194.63	0.00	36.00	0.00	20.00	33.00	40.00	33.00	28.00	0.00	0.00	33.00	45.00	42.00	18.00	77.00	73.00	44.00
	4194.64	0.00	35.00	0.00	18.00	29.00	38.00	36.00	28.00	0.00	0.00	33.00	46.00	41.00	21.00	72.00	70.00	41.00
	4194.65	0.00	35.00	0.00	25.00	23.00	39.00	34.00	28.00	0.00	0.00	33.00	47.00	41.00	20.00	69.00	66.00	41.00
	4194.66	0.00	36.00	0.00	27.00	19.00	38.00	34.00	28.00	0.00	0.00	33.00	47.00	41.00	20.00	65.00	65.00	41.00
	4194.67	0.00	34.00	0.00	29.00	17.00	38.00	15.00	27.00	0.00	0.00	33.00	45.00	39.00	18.00	64.00	63.00	41.00
	4194.68	0.00	34.00	0.00	31.00	17.00	36.00	15.00	27.00	0.00	0.00	34.00	47.00	41.00	18.00	64.00	63.00	40.00
	4194.69	0.00	34.00	0.00	31.00	18.00	38.00	6.00	28.00	0.00	0.00	34.00	46.00	41.00	10.00	64.00	66.00	40.00
	4194.70	0.00	34.00	0.00	30.00	18.00	38.00	10.00	28.00	0.00	0.00	33.00	47.00	42.00	13.00	63.00	65.00	40.00
	4194.71	0.00	34.00	0.00	29.00	19.00	38.00	10.00	26.00	0.00	0.00	33.00	47.00	42.00	14.00	65.00	66.00	40.00
	4194.72	0.00	34.00	0.00	30.00	20.00	38.00	10.00	24.00	0.00	0.00	33.00	48.00	41.00	11.00	63.00	65.00	40.00
	4194.73	0.00	34.00	0.00	29.00	22.00	39.00	11.00	24.00	0.00	0.00	33.00	45.00	43.00	14.00	65.00	65.00	40.00
	4194.74	0.00	34.00	0.00	28.00	21.00	38.00	10.00	25.00	0.00	0.00	33.00	46.00	44.00	16.00	65.00	61.00	40.00
	4194.75	0.00	33.00	0.00	28.00	19.00	38.00	12.00	16.00	0.00	0.00	33.00	45.00	41.00	15.00	63.00	61.00	40.00
	4194.76	0.00	32.00	0.00	28.00	18.00	38.00	17.00	13.00	0.00	0.00	32.00	46.00	43.00	12.00	60.00	63.00	40.00
	4194.77	0.00	33.00	0.00	28.00	16.00	38.00	18.00	0.00	0.00	0.00	32.00	43.00	43.00	12.00	61.00	61.00	40.00
	4194.77	0.00	33.00	0.00	27.00	18.00	38.00	18.00	0.00	0.00	0.00	32.00	46.00	41.00	11.00	59.00	58.00	40.00
	4194.79	0.00	32.00	0.00	27.00	9.00	38.00	31.00	0.00	0.00	0.00	32.00	44.00	40.00	10.00	57.00	59.00	40.00
	4194.79	0.00	32.00	0.00	25.00	7.00	38.00	29.00	0.00	0.00	0.00	32.00	45.00	42.00	10.00	57.00	60.00	40.00
	4194.80	0.00	33.00	0.00	27.00	8.00	38.00	32.00	0.00	0.00	0.00	32.00	45.00	42.00	15.00	56.00	61.00	40.00
	4194.81	0.00	25.00	0.00	27.00	12.00	38.00	33.00	0.00	0.00	0.00	32.00	48.00	42.00	10.00	58.00	62.00	40.00
	4194.82	0.00	26.00	0.00	26.00	12.00	38.00	34.00	0.00	0.00	0.00	31.00	47.00	42.00	12.00	59.00	63.00	41.00
	4194.83	0.00	26.00	0.00	27.00	14.00	39.00	34.00	0.00	0.00	0.00	32.00	60.00	40.00	10.00	60.00	66.00	42.00
	4194.84	0.00	32.00	0.00	27.00	14.00	39.00	33.00	0.00	0.00	0.00	32.00	63.00	40.00	14.00	58.00	79.00	42.00
	4194.85	0.00	31.00	0.00	27.00	0.00	40.00	33.00	0.00	0.00	0.00	32.00	66.00	41.00	12.00	58.00	84.00	43.00
	4194.86	0.00	22.00	0.00	27.00	0.00	39.00	33.00	0.00	0.00	0.00	31.00	68.00	43.00	14.00	60.00	99.00	44.00
	4194.87	0.00	23.00	0.00	28.00	0.00	39.00	33.00	0.00	0.00	0.00	32.00	77.00	44.00	12.00	63.00	108.00	44.00
	4194.88	0.00	24.00	0.00	28.00	0.00	37.00	34.00	0.00	0.00	10.00	32.00	78.00	44.00	11.00	77.00	123.00	46.00
	4194.89	0.00	27.00	0.00	27.00	0.00	38.00	18.00	0.00	0.00	30.00	32.00	82.00	43.00	9.00	85.00	144.00	60.00
	4194.90	0.00	23.00	0.00	28.00	0.00	38.00	8.00	0.00	0.00	39.00	34.00	98.00	43.00	12.00	89.00	168.00	85.00
	4194.91	0.00	31.00	0.00	26.00	0.00	38.00	0.00	0.00	0.00	48.00	34.00	120.00	44.00	12.00	112.00	198.00	101.00
	4194.92	0.00	30.00	0.00	27.00	0.00	39.00	0.00	0.00	0.00	55.00	36.00	144.00	45.00	13.00	153.00	211.00	121.00
	4194.92	0.00	30.00	0.00	24.00	0.00	39.00	2.00	0.00	0.00	57.00	37.00	162.00	46.00	14.00	195.00	224.00	149.00
	4194.93	0.00	30.00	0.00	24.00	10.00	38.00	0.00	0.00	0.00	82.00	36.00	180.00	46.00	14.00	213.00	235.00	173.00
	4194.94	0.00	24.00	0.00	28.00	9.00	35.00	0.00	0.00	0.00	97.00	36.00	187.00	48.00	12.00	226.00	243.00	182.00
	4194.95	0.00	18.00	0.00	29.00	10.00	33.00	0.00	0.00	0.00	113.00	46.00	197.00	47.00	16.00	238.00	250.00	199.00
	4194.96	0.00	19.00	0.00	29.00	7.00	34.00	0.00	0.00	0.00	116.00	46.00	203.00	48.00	10.00	247.00	258.00	216.00
	4194.97	0.00	20.00	0.00	30.00	1.00	34.00	0.00	0.00	0.00	123.00	60.00	208.00	58.00	13.00	250.00	268.00	229.00
	4194.98	0.00	20.00	0.00	29.00	0.00	33.00	0.00	0.00	0.00	128.00	64.00	217.00	72.00	14.00	259.00	273.00	233.00
	4194.99	0.00	21.00	0.00	30.00	0.00	35.00	0.00	0.00	0.00	129.00	75.00	222.00	77.00	15.00	269.00	280.00	232.00
	4195.00	0.00	22.00	0.00	30.00	7.00	35.00	0.00	2.00	0.00	135.00	91.00	227.00	79.00	18.00	276.00	284.00	239.00
	4195.01	0.00	21.00	0.00	30.00	14.00	36.00	0.00	13.00	2.00	138.00	105.00	233.00	80.00	17.00	281.00	284.00	237.00
	4195.02	0.00	23.00	0.00	32.00	17.00	36.00	0.00	24.00	19.00	140.00	118.00	241.00	81.00	17.00	288.00	288.00	240.00
	4195.03	0.00	26.00	0.00	32.00	22.00	36.00	0.00	24.00	18.00	142.00	131.00	251.00	80.00	17.00	292.00	289.00	235.00
	4195.04	0.00	26.00	0.00	32.00	33.00	36.00	0.00	25.00	52.00	144.00	135.00	254.00	82.00	18.00	292.00	289.00	232.00
	4195.05	0.00	25.00	20.00	34.00	69.00	36.00	0.00	25.00	62.00	144.00	132.00	246.00	81.00	16.00	290.00	289.00	229.00
	4195.06	0.00	23.00	17.00	34.00	81.00	35.00	31.00	25.00	76.00	143.00	122.00	240.00	75.00	17.00	285.00	290.00	222.00
	4195.07	0.00	24.00	20.00	36.00	94.00	37.00	33.00	25.00	105.00	140.00	109.00	231.00	48.00	17.00	276.00	286.00	206.00
	4195.08	0.00	25.00	22.00	38.00	111.00	38.00	34.00	27.00	145.00	138.00	90.00	214.00	48.00	18.00	256.00	272.00	193.00
	4195.09	0.00	24.00	24.00	40.00	123.00	45.00	36.00	27.00	199.00	130.00	59.00	192.00	48.00	14.00	238.00	254.00	174.00
	4195.10	0.00	37.00	28.00	43.00	141.00	67.00	45.00	79.00	240.00	103.00	36.00	153.00	44.00	14.00	208.00	217.00	130.00
	4195.11	0.00	39.00	44.00	43.00	174.00	111.00	46.00	124.00	271.00	52.00	33.00	121.00	43.00	12.00	155.00	192.00	98.00
	4195.12	0.00	45.00	56.00	46.00	216.00	167.00	47.00	122.00	281.00	0.00	33.00	82.00	43.00	4.00	89.00	145.00	57.00
	4195.13	0.00	51.00	47.00	49.00	231.00	205.00	46.00	98.00	251.00	0.00	32.00	77.00	43.00	0.00	79.00	84.00	47.00
	4195.14	0.00	41.00	38.00	49.00	221.00	210.00	46.00	60.00	181.00	0.00	33.00	67.00	40.00	0.00	64.00	55.00	45.00
	4195.15	0.00	39.00	22.00	47.00	201.00	212.00	46.00	31.00	153.00	0.00	33.00	66.00	39.00	0.00	59.00	53.00	43.00
	4195.16	0.00	38.00	35.00	48.00	200.00	219.00	45.00	30.00	172.00	0.00	32.00	51.00	37.00	0.00	56.00	51.00	42.00
	4195.17	0.00	40.00	40.00	50.00	211.00	229.00	46.00	37.00	207.00	0.00	32.00	48.00	37.00	0.00	53.00	49.00	41.00
	4195.18	0.00	40.00	42.00	51.00	212.00	231.00	47.00	48.00	228.00	0.00	31.00	48.00	37.00	0.00	51.00	48.00	42.00
	4195.19	0.00	41.00	53.00	53.00	217.00	235.00	48.00	63.00	245.00	0.00	31.00	46.00	38.00	0.00	50.00	47.00	41.00
	4195.20	0.00	54.00	81.00	54.00	231.00	239.00	50.00	98.00	258.00	0.00	31.00	45.00	38.00	7.00	49.00	46.00	38.00
	4195.21	0.00	70.00	95.00	68.00	244.00	244.00	58.00	134.00	274.00	0.00	30.00	47.00	39.00	9.00	49.00	46.00	39.00
	4195.22	0.00	79.00	96.00	86.00	247.00	245.00	62.00	134.00	278.00	0.00	31.00	47.00	39.00	9.00	48.00	45.00	38.00
	4195.23	0.00	61.00	86.00	78.00	241.00	239.00	59.00	104.00	277.00	0.00	31.00	47.00	39.00	11.00	49.00	45.00	38.00
	4195.24	0.00	41.00	71.00	77.00	238.00	228.00	50.00	92.00	275.00	0.00	32.00	46.00	39.00	10.00	48.00	43.00	37.00
	4195.25	0.00	40.00	55.00	79.00	228.00	218.00	49.00	80.00	277.00	0.00	32.00	42.00	39.00	10.00	48.00	44.00	37.00
	4195.26	0.00	40.00	41.00	79.00	216.00	212.00	49.00	70.00	277.00	0.00	32.00	38.00	38.00	13.00	48.00	44.00	38.00
	4195.27	0.00	40.00	38.00	74.00	205.00	189.00	49.00	60.00	275.00	0.00	32.00	37.00	37.00	13.00	48.00	44.00	37.00
	4195.28	0.00	39.00	32.00	67.00	197.00	180.00	49.00	54.00	265.00	0.00	30.00	32.00	36.00	12.00	48.00	43.00	37.00
	4195.29	0.00	40.00	30.00	64.00	194.00	176.00	48.00	52.00	258.00	0.00	30.00	33.00	37.00	12.00	47.00	42.00	35.00
	4195.30	0.00	40.00	27.00	59.00	190.00	175.00	49.00	54.00	261.00	0.00	30.00	33.00	36.00	12.00	46.00	41.00	34.00
	4195.31	0.00	40.00	27.00	57.00	189.00	170.00	49.00	55.00	258.00	0.00	30.00	32.00	36.00	10.00	47.00	41.00	35.00
	4195.32	0.00	40.00	24.00	57.00	189.00	162.00	49.00	64.00	255.00	0.00	27.00	32.00	36.00	10.00	46.00	42.00	37.00
	4195.33	0.00	39.00	26.00	55.00	188.00	150.00	49.00	63.00	249.00	0.00	28.00	31.00	36.00	10.00	46.00	41.00	37.00
	4195.34	0.00	39.00	24.00	55.00	182.00	137.00	49.00	60.00	240.00	0.00	26.00	31.00	36.00	11.00	46.00	42.00	37.00
	4195.35	0.00	39.00	25.00	56.00	177.00	124.00	49.00	55.00	230.00	0.00	26.00	32.00	37.00	11.00	46.00	42.00	38.00
	4195.35	0.00	39.00	22.00	53.00	166.00	98.00	49.00	50.00	214.00	0.00	26.00	32.00	38.00	14.00	46.00	42.00	37.00
	4195.36	0.00	39.00	20.00	52.00	156.00	92.00	48.00	44.00	197.00	0.00	24.00	30.00	38.00	14.00	46.00	41.00	37.00
	4195.37	0.00	39.00	23.00	54.00	148.00	83.00	47.00	38.00	187.00	0.00	22.00	27.00	39.00	13.00	46.00	42.00	36.00
	4195.38	0.00	38.00	24.00	53.00	134.00	79.00	47.00	32.00	160.00	0.00	22.00	28.00	39.00	8.00	47.00	42.00	34.00
	4195.39	0.00	38.00	20.00	54.00	133.00	68.00	47.00	30.00	144.00	0.00	21.00	27.00	39.00	2.00	47.00	42.00	36.00
	4195.40	0.00	37.00	19.00	53.00	129.00	62.00	46.00	31.00	116.00	0.00	22.00	27.00	39.00	10.00	47.00	42.00	37.00
	4195.41	0.00	37.00	26.00	51.00	120.00	58.00	45.00	30.00	96.00	0.00	22.00	26.00	38.00	0.00	46.00	43.00	35.00
	4195.42	0.00	36.00	22.00	50.00	117.00	56.00	44.00	30.00	66.00	0.00	24.00	27.00	38.00	8.00	48.00	44.00	36.00
	4195.43	0.00	37.00	22.00	50.00	106.00	56.00	44.00	30.00	36.00	0.00	24.00	29.00	37.00	8.00	48.00	44.00	37.00
	4195.44	0.00	36.00	28.00	49.00	104.00	53.00	45.00	36.00	32.00	0.00	25.00	26.00	37.00	15.00	48.00	44.00	38.00
	4195.45	0.00	38.00	27.00	49.00	113.00	52.00	45.00	39.00	31.00	0.00	26.00	28.00	36.00	14.00	48.00	44.00	36.00
	4195.46	0.00	38.00	29.00	47.00	120.00	55.00	44.00	44.00	30.00	0.00	25.00	28.00	36.00	12.00	48.00	43.00	36.00
	4195.47	0.00	38.00	25.00	48.00	118.00	53.00	46.00	58.00	33.00	0.00	25.00	25.00	36.00	12.00	48.00	43.00	38.00
	4195.48	0.00	39.00	24.00	48.00	120.00	52.00	46.00	68.00	37.00	0.00	25.00	27.00	36.00	12.00	48.00	43.00	38.00
	4195.49	0.00	38.00	24.00	49.00	130.00	54.00	46.00	81.00	55.00	0.00	25.00	25.00	36.00	14.00	48.00	43.00	37.00
	4195.50	0.00	40.00	27.00	50.00	132.00	55.00	46.00	100.00	55.00	0.00	25.00	28.00	36.00	13.00	47.00	43.00	37.00
	4195.51	0.00	40.00	27.00	49.00	136.00	55.00	46.00	126.00	62.00	0.00	25.00	26.00	36.00	13.00	48.00	43.00	37.00
	4195.52	0.00	41.00	46.00	50.00	138.00	55.00	46.00	138.00	66.00	0.00	25.00	28.00	36.00	12.00	48.00	43.00	38.00
	4195.53	0.00	40.00	47.00	50.00	148.00	59.00	48.00	138.00	75.00	0.00	24.00	28.00	36.00	13.00	47.00	43.00	37.00
	4195.54	0.00	51.00	63.00	51.00	143.00	69.00	50.00	137.00	90.00	0.00	23.00	27.00	36.00	13.00	46.00	43.00	37.00
	4195.55	0.00	61.00	69.00	54.00	143.00	76.00	60.00	142.00	98.00	0.00	23.00	27.00	33.00	15.00	46.00	42.00	38.00
	4195.56	0.00	69.00	80.00	62.00	150.00	81.00	65.00	150.00	126.00	0.00	24.00	29.00	34.00	15.00	47.00	44.00	37.00
	4195.57	0.00	86.00	95.00	66.00	162.00	84.00	61.00	161.00	145.00	0.00	24.00	28.00	32.00	15.00	48.00	44.00	38.00
	4195.58	0.00	97.00	102.00	71.00	171.00	87.00	71.00	165.00	149.00	0.00	24.00	31.00	34.00	12.00	48.00	44.00	38.00
	4195.59	0.00	101.00	108.00	76.00	180.00	89.00	76.00	170.00	172.00	0.00	27.00	31.00	34.00	12.00	50.00	44.00	38.00
	4195.60	0.00	111.00	111.00	79.00	182.00	93.00	77.00	172.00	186.00	0.00	30.00	31.00	34.00	12.00	51.00	44.00	38.00
	4195.61	0.00	113.00	112.00	81.00	182.00	105.00	87.00	176.00	203.00	0.00	32.00	31.00	34.00	9.00	51.00	45.00	38.00
	4195.62	0.00	113.00	110.00	82.00	187.00	110.00	89.00	178.00	203.00	0.00	33.00	32.00	34.00	11.00	52.00	45.00	38.00
	4195.63	0.00	115.00	107.00	83.00	190.00	113.00	89.00	181.00	212.00	0.00	33.00	31.00	34.00	12.00	53.00	45.00	38.00
	4195.64	0.00	113.00	109.00	85.00	188.00	111.00	84.00	184.00	209.00	0.00	33.00	31.00	34.00	14.00	54.00	45.00	38.00
	4195.65	0.00	112.00	106.00	86.00	190.00	109.00	83.00	182.00	217.00	0.00	33.00	31.00	36.00	16.00	57.00	45.00	40.00
	4195.66	0.00	112.00	104.00	85.00	191.00	104.00	79.00	183.00	223.00	0.00	33.00	30.00	36.00	15.00	57.00	45.00	40.00
	4195.67	0.00	112.00	104.00	84.00	190.00	96.00	71.00	182.00	213.00	0.00	34.00	31.00	36.00	14.00	59.00	46.00	40.00
	4195.68	0.00	110.00	101.00	84.00	189.00	93.00	62.00	184.00	180.00	0.00	34.00	30.00	36.00	14.00	60.00	45.00	40.00
	4195.69	0.00	101.00	86.00	79.00	185.00	85.00	57.00	175.00	127.00	0.00	35.00	30.00	36.00	15.00	62.00	46.00	40.00
	4195.70	0.00	76.00	77.00	69.00	170.00	66.00	46.00	162.00	68.00	0.00	36.00	36.00	38.00	0.00	63.00	46.00	41.00
	4195.70	0.00	64.00	57.00	55.00	156.00	55.00	46.00	150.00	9.00	0.00	38.00	37.00	39.00	0.00	64.00	46.00	45.00
	4195.71	0.00	39.00	35.00	51.00	147.00	49.00	44.00	140.00	0.00	0.00	38.00	34.00	39.00	11.00	66.00	46.00	47.00
	4195.72	0.00	39.00	26.00	46.00	137.00	45.00	44.00	137.00	0.00	0.00	37.00	33.00	39.00	16.00	64.00	50.00	47.00
	4195.73	0.00	38.00	18.00	42.00	130.00	44.00	43.00	113.00	0.00	0.00	36.00	34.00	39.00	15.00	67.00	60.00	45.00
	4195.74	0.00	39.00	22.00	35.00	117.00	40.00	42.00	97.00	0.00	0.00	35.00	32.00	40.00	15.00	70.00	55.00	41.00
	4195.75	0.00	38.00	22.00	33.00	111.00	40.00	36.00	77.00	0.00	0.00	34.00	33.00	42.00	16.00	70.00	53.00	41.00
	4195.76	0.00	37.00	17.00	33.00	92.00	39.00	36.00	53.00	0.00	0.00	33.00	36.00	42.00	18.00	72.00	53.00	41.00
	4195.77	0.00	37.00	6.00	30.00	47.00	40.00	34.00	47.00	0.00	0.00	34.00	38.00	43.00	18.00	66.00	55.00	43.00
	4195.78	0.00	37.00	0.00	30.00	39.00	40.00	37.00	38.00	0.00	0.00	34.00	35.00	44.00	19.00	65.00	57.00	45.00
	4195.79	0.00	36.00	0.00	30.00	34.00	40.00	36.00	31.00	0.00	0.00	34.00	33.00	44.00	23.00	69.00	55.00	46.00
	4195.80	0.00	36.00	0.00	30.00	32.00	40.00	36.00	29.00	0.00	0.00	35.00	36.00	45.00	23.00	80.00	62.00	47.00
	4195.81	0.00	36.00	0.00	29.00	26.00	38.00	36.00	29.00	0.00	0.00	33.00	38.00	45.00	23.00	82.00	68.00	45.00
	4195.82	0.00	34.00	0.00	29.00	24.00	40.00	32.00	29.00	0.00	0.00	33.00	41.00	45.00	24.00	76.00	84.00	42.00
	4195.83	0.00	35.00	0.00	31.00	22.00	39.00	34.00	28.00	0.00	0.00	33.00	40.00	44.00	22.00	67.00	73.00	42.00
	4195.84	0.00	35.00	0.00	29.00	24.00	38.00	33.00	28.00	0.00	0.00	33.00	41.00	44.00	18.00	66.00	62.00	40.00
	4195.85	0.00	35.00	0.00	31.00	23.00	37.00	34.00	28.00	0.00	0.00	33.00	40.00	44.00	13.00	64.00	56.00	39.00
	4195.86	0.00	34.00	0.00	32.00	20.00	39.00	21.00	29.00	0.00	0.00	33.00	40.00	43.00	19.00	63.00	57.00	39.00
	4195.87	0.00	34.00	0.00	30.00	18.00	38.00	16.00	26.00	0.00	0.00	33.00	39.00	43.00	17.00	63.00	58.00	39.00
	4195.88	0.00	34.00	0.00	30.00	10.00	39.00	16.00	26.00	0.00	0.00	34.00	39.00	40.00	13.00	63.00	58.00	39.00
	4195.89	0.00	33.00	0.00	30.00	8.00	39.00	9.00	27.00	0.00	0.00	34.00	41.00	44.00	13.00	64.00	59.00	40.00
	4195.90	0.00	33.00	0.00	30.00	7.00	39.00	8.00	26.00	0.00	0.00	34.00	44.00	44.00	13.00	63.00	59.00	40.00
	4195.90	0.00	34.00	0.00	30.00	9.00	39.00	10.00	25.00	0.00	0.00	34.00	44.00	44.00	12.00	64.00	60.00	40.00
	4195.91	0.00	35.00	0.00	31.00	13.00	41.00	17.00	26.00	0.00	0.00	33.00	43.00	43.00	12.00	65.00	62.00	40.00
	4195.92	0.00	34.00	0.00	30.00	20.00	41.00	15.00	24.00	0.00	0.00	34.00	45.00	45.00	11.00	68.00	62.00	40.00
	4195.93	0.00	34.00	0.00	32.00	22.00	40.00	18.00	26.00	0.00	0.00	34.00	45.00	45.00	13.00	70.00	66.00	41.00
	4195.94	0.00	34.00	0.00	32.00	22.00	40.00	17.00	26.00	0.00	0.00	34.00	46.00	45.00	12.00	70.00	68.00	40.00
	4195.95	0.00	34.00	0.00	32.00	24.00	41.00	17.00	25.00	0.00	0.00	34.00	46.00	45.00	10.00	69.00	71.00	40.00
	4195.96	0.00	34.00	0.00	32.00	24.00	40.00	18.00	17.00	0.00	0.00	34.00	45.00	43.00	11.00	67.00	72.00	40.00
	4195.97	0.00	34.00	0.00	32.00	20.00	40.00	18.00	17.00	0.00	0.00	34.00	46.00	44.00	14.00	71.00	72.00	40.00
	4195.98	0.00	31.00	0.00	31.00	17.00	40.00	29.00	0.00	0.00	0.00	33.00	46.00	44.00	13.00	72.00	72.00	40.00
	4195.99	0.00	33.00	0.00	29.00	18.00	40.00	34.00	0.00	0.00	0.00	33.00	46.00	43.00	14.00	72.00	71.00	40.00
	4196.00	0.00	30.00	0.00	29.00	20.00	41.00	35.00	0.00	0.00	0.00	33.00	47.00	43.00	10.00	72.00	70.00	40.00
	4196.01	0.00	30.00	0.00	28.00	19.00	41.00	34.00	0.00	0.00	0.00	33.00	46.00	43.00	11.00	69.00	67.00	40.00
	4196.02	0.00	25.00	0.00	29.00	19.00	41.00	34.00	0.00	0.00	0.00	32.00	47.00	43.00	14.00	67.00	67.00	41.00
	4196.03	0.00	23.00	0.00	28.00	21.00	42.00	34.00	0.00	0.00	0.00	32.00	48.00	41.00	14.00	62.00	67.00	41.00
	4196.04	0.00	25.00	0.00	25.00	19.00	41.00	34.00	0.00	0.00	0.00	32.00	49.00	42.00	14.00	63.00	67.00	41.00
	4196.05	0.00	25.00	0.00	24.00	19.00	44.00	35.00	0.00	0.00	0.00	32.00	62.00	42.00	14.00	65.00	70.00	42.00
	4196.06	0.00	25.00	0.00	26.00	18.00	42.00	36.00	0.00	0.00	0.00	31.00	68.00	42.00	14.00	65.00	75.00	42.00
	4196.07	0.00	31.00	0.00	28.00	16.00	41.00	21.00	0.00	0.00	0.00	31.00	68.00	42.00	14.00	63.00	85.00	44.00
	4196.08	0.00	30.00	0.00	26.00	17.00	41.00	20.00	0.00	0.00	0.00	30.00	73.00	40.00	13.00	60.00	91.00	44.00
	4196.08	0.00	29.00	0.00	26.00	14.00	41.00	4.00	0.00	0.00	0.00	31.00	72.00	43.00	11.00	66.00	105.00	44.00
	4196.09	0.00	28.00	0.00	25.00	12.00	40.00	2.00	0.00	0.00	0.00	30.00	75.00	43.00	12.00	71.00	112.00	47.00
	4196.10	0.00	29.00	0.00	25.00	12.00	38.00	0.00	0.00	0.00	0.00	31.00	81.00	43.00	13.00	76.00	131.00	60.00
	4196.11	0.00	29.00	0.00	26.00	8.00	37.00	0.00	0.00	0.00	20.00	33.00	95.00	43.00	13.00	83.00	152.00	86.00
	4196.12	0.00	29.00	0.00	24.00	6.00	37.00	0.00	0.00	0.00	32.00	34.00	117.00	43.00	12.00	94.00	188.00	103.00
	4196.13	0.00	28.00	0.00	23.00	5.00	36.00	0.00	0.00	0.00	45.00	35.00	142.00	44.00	12.00	125.00	204.00	129.00
	4196.14	0.00	28.00	0.00	20.00	10.00	35.00	0.00	0.00	0.00	61.00	36.00	171.00	45.00	11.00	181.00	223.00	150.00
	4196.15	0.00	25.00	0.00	21.00	9.00	35.00	0.00	0.00	0.00	57.00	36.00	182.00	46.00	11.00	213.00	231.00	178.00
	4196.16	0.00	25.00	0.00	21.00	9.00	36.00	0.00	0.00	0.00	87.00	45.00	197.00	47.00	12.00	227.00	241.00	193.00
	4196.17	0.00	25.00	0.00	21.00	9.00	32.00	0.00	0.00	0.00	96.00	46.00	204.00	47.00	12.00	246.00	248.00	208.00
	4196.18	0.00	24.00	0.00	25.00	10.00	29.00	0.00	0.00	0.00	107.00	64.00	213.00	53.00	15.00	257.00	258.00	222.00
	4196.19	0.00	25.00	0.00	27.00	10.00	32.00	0.00	0.00	0.00	115.00	71.00	218.00	62.00	13.00	264.00	270.00	233.00
	4196.20	0.00	14.00	0.00	29.00	10.00	33.00	0.00	0.00	0.00	125.00	90.00	225.00	74.00	14.00	277.00	279.00	237.00
	4196.21	0.00	14.00	0.00	29.00	11.00	33.00	0.00	0.00	0.00	133.00	103.00	233.00	75.00	13.00	282.00	283.00	243.00
	4196.22	0.00	16.00	0.00	30.00	10.00	34.00	0.00	13.00	0.00	134.00	111.00	242.00	78.00	15.00	288.00	284.00	245.00
	4196.23	0.00	16.00	0.00	29.00	11.00	34.00	0.00	14.00	0.00	137.00	124.00	253.00	80.00	15.00	293.00	288.00	248.00
	4196.24	0.00	18.00	0.00	30.00	9.00	32.00	0.00	24.00	0.00	139.00	131.00	254.00	81.00	15.00	298.00	292.00	250.00
	4196.25	0.00	20.00	0.00	29.00	12.00	32.00	0.00	24.00	0.00	138.00	137.00	256.00	80.00	15.00	299.00	294.00	249.00
	4196.26	0.00	20.00	0.00	29.00	18.00	30.00	0.00	24.00	0.00	141.00	141.00	257.00	81.00	16.00	300.00	296.00	251.00
	4196.27	0.00	19.00	0.00	30.00	26.00	28.00	0.00	23.00	0.00	141.00	144.00	257.00	81.00	14.00	301.00	296.00	245.00
	4196.28	0.00	20.00	0.00	31.00	28.00	33.00	0.00	24.00	5.00	141.00	143.00	253.00	78.00	15.00	299.00	294.00	242.00
	4196.29	0.00	22.00	0.00	31.00	34.00	36.00	1.00	24.00	21.00	145.00	133.00	242.00	57.00	14.00	292.00	292.00	230.00
	4196.30	0.00	21.00	0.00	32.00	63.00	36.00	32.00	25.00	77.00	141.00	117.00	237.00	47.00	15.00	280.00	288.00	213.00
	4196.31	0.00	22.00	18.00	33.00	77.00	41.00	32.00	25.00	122.00	135.00	94.00	222.00	47.00	15.00	263.00	274.00	197.00
	4196.32	0.00	22.00	23.00	33.00	88.00	47.00	34.00	26.00	157.00	125.00	67.00	202.00	46.00	14.00	245.00	261.00	179.00
	4196.33	0.00	35.00	26.00	35.00	129.00	57.00	38.00	34.00	185.00	94.00	47.00	176.00	43.00	15.00	221.00	232.00	152.00
	4196.34	0.00	38.00	26.00	40.00	167.00	83.00	45.00	68.00	235.00	70.00	36.00	150.00	43.00	15.00	189.00	201.00	116.00
	4196.35	0.00	40.00	43.00	42.00	195.00	145.00	45.00	83.00	253.00	1.00	35.00	123.00	42.00	13.00	168.00	158.00	85.00
	4196.36	0.00	40.00	42.00	46.00	208.00	200.00	46.00	74.00	267.00	0.00	34.00	104.00	41.00	0.00	95.00	97.00	49.00
	4196.37	0.00	40.00	40.00	51.00	207.00	217.00	46.00	55.00	236.00	0.00	33.00	76.00	39.00	0.00	86.00	67.00	44.00
	4196.38	0.00	40.00	25.00	45.00	197.00	219.00	46.00	40.00	163.00	0.00	33.00	65.00	38.00	0.00	80.00	52.00	42.00
	4196.38	0.00	38.00	24.00	45.00	194.00	219.00	45.00	30.00	154.00	0.00	34.00	57.00	37.00	10.00	68.00	51.00	41.00
	4196.40	0.00	38.00	24.00	48.00	194.00	221.00	46.00	30.00	164.00	0.00	34.00	48.00	37.00	0.00	58.00	49.00	43.00
	4196.40	0.00	38.00	25.00	47.00	195.00	222.00	44.00	30.00	181.00	0.00	32.00	48.00	36.00	0.00	54.00	46.00	43.00
	4196.41	0.00	38.00	24.00	49.00	194.00	222.00	45.00	30.00	175.00	0.00	31.00	45.00	36.00	10.00	52.00	46.00	41.00
	4196.42	0.00	39.00	27.00	49.00	193.00	222.00	46.00	31.00	180.00	0.00	30.00	46.00	38.00	10.00	51.00	45.00	40.00
	4196.43	0.00	39.00	37.00	51.00	195.00	223.00	47.00	42.00	202.00	0.00	31.00	47.00	37.00	10.00	51.00	45.00	41.00
	4196.44	0.00	40.00	37.00	51.00	199.00	225.00	48.00	54.00	213.00	0.00	31.00	46.00	39.00	11.00	49.00	45.00	40.00
	4196.45	0.00	40.00	38.00	51.00	201.00	224.00	48.00	56.00	214.00	0.00	30.00	46.00	39.00	0.00	49.00	45.00	41.00
	4196.46	0.00	39.00	34.00	49.00	198.00	216.00	48.00	50.00	211.00	0.00	30.00	46.00	39.00	0.00	49.00	46.00	39.00
	4196.47	0.00	38.00	27.00	46.00	192.00	186.00	47.00	41.00	206.00	0.00	30.00	44.00	39.00	0.00	49.00	46.00	39.00
	4196.48	0.00	37.00	26.00	47.00	183.00	160.00	47.00	38.00	204.00	0.00	29.00	42.00	38.00	0.00	48.00	46.00	39.00
	4196.49	0.00	38.00	24.00	48.00	176.00	142.00	47.00	33.00	208.00	0.00	29.00	39.00	38.00	0.00	49.00	46.00	38.00
	4196.50	0.00	37.00	26.00	49.00	171.00	128.00	47.00	32.00	211.00	0.00	28.00	38.00	38.00	0.00	49.00	45.00	36.00
	4196.51	0.00	37.00	21.00	49.00	168.00	120.00	47.00	33.00	208.00	0.00	28.00	37.00	38.00	0.00	49.00	46.00	37.00
	4196.52	0.00	37.00	22.00	50.00	165.00	108.00	47.00	33.00	202.00	0.00	28.00	37.00	38.00	0.00	48.00	45.00	37.00
	4196.53	0.00	37.00	21.00	51.00	160.00	105.00	47.00	35.00	193.00	0.00	28.00	34.00	37.00	0.00	49.00	44.00	37.00
	4196.54	0.00	37.00	25.00	51.00	159.00	104.00	47.00	38.00	185.00	0.00	27.00	35.00	38.00	8.00	50.00	44.00	36.00
	4196.55	0.00	38.00	23.00	51.00	159.00	99.00	47.00	38.00	179.00	0.00	27.00	35.00	38.00	6.00	50.00	44.00	37.00
	4196.56	0.00	38.00	23.00	51.00	158.00	95.00	46.00	39.00	174.00	0.00	26.00	33.00	37.00	8.00	50.00	43.00	39.00
	4196.57	0.00	36.00	19.00	50.00	155.00	86.00	47.00	40.00	168.00	0.00	25.00	32.00	38.00	8.00	51.00	43.00	39.00
	4196.58	0.00	38.00	22.00	51.00	149.00	80.00	48.00	41.00	160.00	0.00	25.00	33.00	38.00	0.00	50.00	43.00	39.00
	4196.59	0.00	38.00	20.00	50.00	138.00	70.00	47.00	41.00	146.00	0.00	23.00	32.00	38.00	0.00	49.00	43.00	39.00
	4196.60	0.00	38.00	20.00	50.00	130.00	63.00	47.00	41.00	126.00	0.00	22.00	31.00	38.00	0.00	49.00	43.00	39.00
	4196.61	0.00	38.00	19.00	50.00	129.00	58.00	47.00	42.00	102.00	0.00	21.00	30.00	38.00	0.00	49.00	45.00	37.00
	4196.62	0.00	37.00	17.00	50.00	120.00	55.00	47.00	41.00	80.00	0.00	22.00	29.00	38.00	0.00	49.00	45.00	37.00
	4196.63	0.00	36.00	18.00	51.00	115.00	55.00	47.00	41.00	48.00	0.00	22.00	28.00	39.00	0.00	49.00	46.00	36.00
	4196.64	0.00	36.00	17.00	51.00	111.00	55.00	47.00	42.00	29.00	0.00	21.00	30.00	38.00	9.00	49.00	46.00	39.00
	4196.65	0.00	35.00	2.00	50.00	105.00	55.00	48.00	43.00	18.00	0.00	24.00	28.00	38.00	13.00	49.00	46.00	39.00
	4196.66	0.00	36.00	9.00	48.00	106.00	53.00	48.00	44.00	12.00	0.00	25.00	27.00	38.00	13.00	49.00	46.00	35.00
	4196.67	0.00	37.00	17.00	48.00	104.00	52.00	47.00	45.00	12.00	0.00	26.00	26.00	38.00	13.00	49.00	46.00	34.00
	4196.67	0.00	36.00	24.00	50.00	114.00	51.00	46.00	47.00	5.00	0.00	27.00	25.00	38.00	15.00	49.00	46.00	35.00
	4196.68	0.00	37.00	24.00	50.00	121.00	52.00	45.00	50.00	5.00	0.00	25.00	24.00	38.00	14.00	48.00	46.00	34.00
	4196.69	0.00	36.00	27.00	49.00	115.00	53.00	46.00	54.00	13.00	0.00	25.00	24.00	38.00	13.00	48.00	46.00	34.00
	4196.70	0.00	38.00	28.00	49.00	119.00	53.00	45.00	67.00	18.00	0.00	25.00	27.00	37.00	12.00	48.00	46.00	36.00
	4196.71	0.00	39.00	25.00	49.00	130.00	55.00	46.00	85.00	44.00	0.00	26.00	25.00	36.00	13.00	48.00	46.00	36.00
	4196.72	0.00	39.00	43.00	50.00	134.00	58.00	46.00	90.00	67.00	0.00	25.00	24.00	35.00	9.00	48.00	46.00	36.00
	4196.73	0.00	40.00	52.00	51.00	141.00	61.00	47.00	100.00	96.00	0.00	25.00	26.00	34.00	11.00	46.00	46.00	35.00
	4196.74	0.00	41.00	59.00	51.00	139.00	68.00	49.00	132.00	130.00	0.00	24.00	25.00	34.00	10.00	47.00	45.00	34.00
	4196.75	0.00	41.00	64.00	53.00	147.00	75.00	51.00	138.00	143.00	0.00	24.00	24.00	33.00	11.00	47.00	45.00	34.00
	4196.76	0.00	52.00	70.00	56.00	155.00	75.00	56.00	143.00	149.00	0.00	24.00	25.00	34.00	13.00	47.00	45.00	34.00
	4196.77	0.00	60.00	79.00	59.00	153.00	79.00	58.00	147.00	147.00	0.00	26.00	27.00	33.00	13.00	47.00	45.00	34.00
	4196.78	0.00	67.00	90.00	62.00	159.00	79.00	61.00	149.00	150.00	0.00	27.00	27.00	34.00	14.00	47.00	44.00	34.00
	4196.79	0.00	69.00	100.00	69.00	162.00	80.00	65.00	153.00	145.00	0.00	30.00	28.00	34.00	11.00	48.00	45.00	35.00
	4196.80	0.00	88.00	111.00	74.00	171.00	85.00	76.00	158.00	139.00	0.00	31.00	30.00	34.00	8.00	49.00	45.00	34.00
	4196.81	0.00	96.00	117.00	79.00	167.00	94.00	85.00	166.00	149.00	0.00	32.00	33.00	33.00	10.00	51.00	46.00	36.00
	4196.82	0.00	99.00	120.00	81.00	171.00	100.00	94.00	170.00	150.00	0.00	33.00	31.00	33.00	11.00	52.00	46.00	36.00
	4196.83	0.00	103.00	122.00	84.00	182.00	105.00	97.00	173.00	169.00	0.00	33.00	30.00	34.00	12.00	52.00	46.00	36.00
	4196.84	0.00	103.00	116.00	85.00	187.00	108.00	96.00	174.00	168.00	0.00	33.00	32.00	33.00	10.00	54.00	46.00	37.00
	4196.85	0.00	103.00	107.00	86.00	188.00	107.00	90.00	175.00	173.00	0.00	33.00	32.00	34.00	12.00	55.00	46.00	37.00
	4196.86	0.00	102.00	107.00	85.00	189.00	106.00	85.00	178.00	174.00	0.00	34.00	32.00	34.00	14.00	55.00	46.00	37.00
	4196.87	0.00	100.00	100.00	82.00	188.00	92.00	79.00	175.00	167.00	0.00	33.00	33.00	34.00	12.00	54.00	46.00	37.00
	4196.88	0.00	92.00	90.00	81.00	182.00	88.00	75.00	176.00	149.00	0.00	34.00	31.00	34.00	9.00	53.00	46.00	37.00
	4196.89	0.00	73.00	79.00	79.00	180.00	83.00	63.00	172.00	129.00	0.00	34.00	32.00	34.00	14.00	53.00	47.00	37.00
	4196.90	0.00	70.00	65.00	76.00	177.00	74.00	61.00	168.00	109.00	0.00	35.00	31.00	34.00	14.00	53.00	46.00	38.00
	4196.91	0.00	66.00	58.00	70.00	167.00	67.00	58.00	161.00	74.00	0.00	35.00	30.00	33.00	14.00	56.00	46.00	38.00
	4196.92	0.00	54.00	49.00	64.00	163.00	60.00	48.00	157.00	39.00	0.00	34.00	31.00	36.00	13.00	58.00	47.00	39.00
	4196.93	0.00	39.00	40.00	53.00	147.00	52.00	47.00	151.00	0.00	0.00	35.00	31.00	39.00	9.00	61.00	46.00	38.00
	4196.94	0.00	39.00	35.00	52.00	138.00	51.00	47.00	146.00	0.00	0.00	38.00	34.00	39.00	10.00	67.00	47.00	43.00
	4196.95	0.00	40.00	21.00	50.00	117.00	46.00	47.00	122.00	0.00	0.00	38.00	35.00	40.00	13.00	105.00	50.00	44.00
	4196.96	0.00	39.00	21.00	45.00	102.00	44.00	47.00	98.00	0.00	0.00	38.00	34.00	40.00	14.00	135.00	52.00	45.00
	4196.97	0.00	38.00	20.00	37.00	92.00	41.00	44.00	74.00	0.00	0.00	37.00	35.00	40.00	18.00	131.00	60.00	46.00
	4196.98	0.00	37.00	14.00	37.00	50.00	40.00	46.00	57.00	0.00	0.00	37.00	36.00	40.00	16.00	89.00	67.00	45.00
	4196.99	0.00	37.00	10.00	32.00	43.00	40.00	41.00	55.00	0.00	0.00	37.00	35.00	40.00	11.00	73.00	58.00	41.00
	4197.00	0.00	36.00	0.00	31.00	43.00	41.00	40.00	44.00	0.00	0.00	37.00	38.00	42.00	10.00	74.00	56.00	43.00
	4197.01	0.00	36.00	0.00	30.00	37.00	40.00	35.00	42.00	0.00	0.00	37.00	43.00	42.00	12.00	83.00	57.00	44.00
	4197.02	0.00	36.00	0.00	25.00	30.00	39.00	32.00	40.00	0.00	0.00	37.00	45.00	43.00	15.00	76.00	65.00	44.00
	4197.02	0.00	36.00	0.00	26.00	30.00	39.00	34.00	33.00	0.00	0.00	37.00	46.00	44.00	18.00	74.00	72.00	45.00
	4197.03	0.00	36.00	0.00	26.00	29.00	39.00	34.00	35.00	0.00	0.00	38.00	48.00	45.00	22.00	84.00	83.00	46.00
	4197.04	0.00	36.00	0.00	29.00	20.00	38.00	35.00	33.00	0.00	0.00	38.00	68.00	44.00	25.00	136.00	90.00	78.00
	4197.05	0.00	35.00	0.00	31.00	19.00	39.00	33.00	33.00	0.00	0.00	37.00	74.00	45.00	34.00	158.00	109.00	88.00
	4197.06	0.00	35.00	0.00	29.00	17.00	38.00	33.00	32.00	0.00	0.00	36.00	76.00	45.00	35.00	153.00	146.00	52.00
	4197.07	0.00	35.00	0.00	28.00	16.00	38.00	35.00	32.00	0.00	0.00	36.00	79.00	45.00	26.00	138.00	136.00	46.00
	4197.08	0.00	34.00	0.00	30.00	17.00	36.00	33.00	32.00	0.00	0.00	36.00	74.00	45.00	24.00	124.00	123.00	44.00
	4197.09	0.00	34.00	0.00	28.00	13.00	38.00	21.00	28.00	0.00	0.00	35.00	76.00	45.00	24.00	113.00	132.00	44.00
	4197.10	0.00	33.00	0.00	29.00	12.00	37.00	16.00	28.00	0.00	0.00	35.00	77.00	45.00	23.00	101.00	126.00	44.00
	4197.11	0.00	34.00	0.00	28.00	8.00	36.00	8.00	27.00	0.00	0.00	34.00	76.00	45.00	21.00	106.00	129.00	44.00
	4197.12	0.00	35.00	0.00	28.00	6.00	37.00	9.00	27.00	0.00	0.00	35.00	78.00	44.00	23.00	111.00	136.00	44.00
	4197.13	0.00	34.00	0.00	28.00	4.00	36.00	1.00	27.00	0.00	0.00	35.00	80.00	44.00	20.00	124.00	142.00	44.00
	4197.14	0.00	33.00	0.00	29.00	6.00	38.00	2.00	26.00	0.00	0.00	34.00	81.00	43.00	16.00	130.00	145.00	44.00
	4197.15	0.00	34.00	0.00	28.00	2.00	38.00	0.00	26.00	0.00	0.00	35.00	94.00	44.00	18.00	133.00	147.00	44.00
	4197.16	0.00	34.00	0.00	28.00	16.00	39.00	6.00	25.00	0.00	0.00	34.00	105.00	44.00	16.00	140.00	151.00	44.00
	4197.17	0.00	34.00	0.00	29.00	23.00	39.00	7.00	25.00	0.00	0.00	34.00	117.00	44.00	17.00	146.00	156.00	44.00
	4197.18	0.00	34.00	0.00	28.00	24.00	39.00	9.00	24.00	0.00	0.00	33.00	114.00	44.00	18.00	145.00	158.00	44.00
	4197.19	0.00	34.00	0.00	28.00	17.00	39.00	8.00	22.00	0.00	0.00	33.00	132.00	44.00	20.00	144.00	158.00	43.00
	4197.20	0.00	34.00	0.00	27.00	18.00	40.00	12.00	16.00	0.00	0.00	33.00	132.00	44.00	18.00	136.00	158.00	43.00
	4197.21	0.00	32.00	0.00	29.00	21.00	39.00	18.00	12.00	0.00	0.00	33.00	130.00	44.00	15.00	140.00	157.00	43.00
	4197.21	0.00	32.00	0.00	28.00	16.00	39.00	19.00	0.00	0.00	0.00	32.00	131.00	44.00	14.00	140.00	156.00	43.00
	4197.22	0.00	32.00	0.00	28.00	16.00	40.00	27.00	0.00	0.00	0.00	32.00	128.00	43.00	15.00	147.00	151.00	43.00
	4197.23	0.00	34.00	0.00	28.00	13.00	39.00	32.00	0.00	0.00	0.00	32.00	121.00	43.00	14.00	144.00	151.00	43.00
	4197.24	0.00	31.00	0.00	27.00	13.00	39.00	33.00	0.00	0.00	0.00	32.00	118.00	42.00	15.00	140.00	148.00	43.00
	4197.25	0.00	33.00	0.00	26.00	14.00	39.00	33.00	0.00	0.00	0.00	32.00	115.00	42.00	13.00	134.00	144.00	43.00
	4197.26	0.00	32.00	0.00	27.00	14.00	40.00	30.00	0.00	0.00	0.00	32.00	115.00	42.00	12.00	131.00	143.00	44.00
	4197.27	0.00	33.00	0.00	26.00	15.00	41.00	33.00	0.00	0.00	0.00	32.00	115.00	42.00	13.00	122.00	141.00	43.00
	4197.28	0.00	26.00	0.00	28.00	19.00	41.00	33.00	0.00	0.00	0.00	32.00	116.00	42.00	14.00	107.00	141.00	44.00
	4197.29	0.00	26.00	0.00	29.00	19.00	41.00	34.00	0.00	0.00	0.00	32.00	116.00	42.00	12.00	99.00	142.00	45.00
	4197.30	0.00	26.00	0.00	29.00	25.00	42.00	34.00	0.00	0.00	11.00	31.00	110.00	42.00	14.00	98.00	141.00	44.00
	4197.31	0.00	32.00	0.00	29.00	22.00	43.00	33.00	0.00	0.00	13.00	31.00	108.00	41.00	14.00	95.00	144.00	44.00
	4197.32	0.00	33.00	0.00	29.00	20.00	44.00	32.00	0.00	0.00	21.00	31.00	104.00	42.00	14.00	81.00	150.00	50.00
	4197.33	0.00	33.00	0.00	27.00	17.00	45.00	33.00	0.00	0.00	27.00	31.00	106.00	42.00	14.00	89.00	149.00	51.00
	4197.34	0.00	32.00	0.00	28.00	16.00	45.00	16.00	0.00	0.00	32.00	32.00	108.00	41.00	15.00	93.00	160.00	72.00
	4197.35	0.00	23.00	0.00	25.00	15.00	41.00	5.00	0.00	0.00	43.00	32.00	114.00	41.00	11.00	120.00	184.00	92.00
	4197.36	0.00	21.00	0.00	25.00	12.00	41.00	1.00	0.00	0.00	48.00	33.00	129.00	43.00	13.00	130.00	192.00	107.00
	4197.37	0.00	23.00	0.00	27.00	4.00	40.00	0.00	0.00	0.00	52.00	34.00	144.00	44.00	12.00	168.00	203.00	128.00
	4197.38	0.00	25.00	0.00	28.00	21.00	40.00	0.00	0.00	0.00	57.00	35.00	161.00	43.00	15.00	187.00	219.00	152.00
	4197.39	0.00	23.00	0.00	28.00	10.00	38.00	0.00	0.00	1.00	76.00	36.00	177.00	46.00	17.00	206.00	228.00	171.00
	4197.40	0.00	25.00	0.00	29.00	6.00	38.00	0.00	0.00	16.00	92.00	36.00	190.00	47.00	15.00	216.00	239.00	186.00
	4197.41	0.00	26.00	0.00	28.00	18.00	38.00	0.00	0.00	25.00	102.00	42.00	195.00	47.00	14.00	224.00	239.00	200.00
	4197.42	0.00	29.00	0.00	30.00	22.00	39.00	0.00	0.00	29.00	110.00	46.00	202.00	48.00	16.00	234.00	252.00	207.00
	4197.43	0.00	28.00	0.00	30.00	28.00	39.00	0.00	0.00	37.00	115.00	59.00	212.00	48.00	16.00	244.00	262.00	211.00
	4197.44	0.00	25.00	0.00	30.00	29.00	39.00	0.00	0.00	42.00	122.00	63.00	216.00	54.00	15.00	250.00	265.00	220.00
	4197.44	0.00	25.00	0.00	30.00	28.00	40.00	0.00	0.00	40.00	128.00	67.00	223.00	64.00	18.00	255.00	269.00	226.00
	4197.45	0.00	25.00	0.00	32.00	30.00	39.00	0.00	0.00	47.00	132.00	72.00	223.00	72.00	16.00	257.00	271.00	225.00
	4197.46	0.00	26.00	0.00	33.00	35.00	41.00	0.00	14.00	56.00	131.00	74.00	225.00	70.00	19.00	258.00	272.00	225.00
	4197.47	0.00	26.00	0.00	33.00	41.00	41.00	0.00	24.00	68.00	132.00	76.00	227.00	70.00	14.00	259.00	273.00	219.00
	4197.48	0.00	22.00	0.00	34.00	68.00	41.00	6.00	24.00	88.00	133.00	77.00	228.00	62.00	17.00	256.00	272.00	213.00
	4197.49	0.00	21.00	19.00	34.00	83.00	40.00	29.00	25.00	114.00	133.00	72.00	227.00	47.00	18.00	254.00	269.00	203.00
	4197.50	0.00	29.00	19.00	36.00	93.00	45.00	32.00	27.00	152.00	131.00	67.00	221.00	48.00	15.00	249.00	267.00	193.00
	4197.52	0.00	33.00	23.00	40.00	105.00	54.00	35.00	27.00	177.00	123.00	46.00	206.00	48.00	16.00	238.00	259.00	188.00
	4197.52	0.00	36.00	24.00	40.00	119.00	85.00	39.00	49.00	230.00	94.00	42.00	181.00	47.00	15.00	218.00	240.00	166.00
	4197.53	0.00	40.00	31.00	42.00	142.00	124.00	45.00	105.00	246.00	59.00	34.00	141.00	44.00	16.00	164.00	210.00	124.00
	4197.54	0.00	40.00	47.00	44.00	164.00	157.00	45.00	108.00	262.00	0.00	32.00	117.00	43.00	13.00	99.00	174.00	95.00
	4197.56	0.00	43.00	40.00	48.00	174.00	193.00	46.00	98.00	253.00	0.00	31.00	82.00	43.00	7.00	84.00	137.00	54.00
	4197.56	0.00	41.00	43.00	49.00	179.00	220.00	46.00	90.00	211.00	0.00	31.00	77.00	42.00	0.00	74.00	77.00	46.00
	4197.57	0.00	40.00	26.00	46.00	177.00	216.00	46.00	50.00	154.00	0.00	32.00	73.00	40.00	0.00	60.00	54.00	45.00
	4197.58	0.00	39.00	23.00	48.00	174.00	217.00	45.00	36.00	153.00	0.00	33.00	55.00	37.00	0.00	58.00	52.00	43.00
	4197.59	0.00	38.00	24.00	46.00	175.00	222.00	46.00	35.00	169.00	0.00	32.00	50.00	38.00	0.00	56.00	50.00	41.00
	4197.60	0.00	39.00	29.00	49.00	175.00	226.00	46.00	37.00	183.00	0.00	31.00	50.00	38.00	0.00	52.00	48.00	41.00
	4197.61	0.00	40.00	27.00	47.00	176.00	226.00	46.00	39.00	192.00	0.00	30.00	50.00	37.00	0.00	51.00	47.00	41.00
	4197.62	0.00	41.00	27.00	46.00	176.00	228.00	46.00	44.00	200.00	0.00	31.00	50.00	38.00	8.00	51.00	46.00	40.00
	4197.63	0.00	42.00	39.00	49.00	177.00	233.00	46.00	57.00	211.00	0.00	30.00	47.00	38.00	7.00	50.00	45.00	40.00
	4197.64	0.00	41.00	42.00	51.00	180.00	238.00	46.00	76.00	225.00	0.00	29.00	48.00	38.00	8.00	49.00	45.00	41.00
	4197.65	0.00	42.00	41.00	52.00	188.00	239.00	47.00	88.00	234.00	0.00	30.00	46.00	39.00	10.00	48.00	45.00	39.00
	4197.66	0.00	41.00	38.00	53.00	187.00	234.00	48.00	82.00	222.00	0.00	30.00	45.00	39.00	15.00	48.00	44.00	41.00
	4197.67	0.00	41.00	27.00	51.00	183.00	225.00	47.00	72.00	223.00	0.00	30.00	39.00	39.00	14.00	48.00	44.00	40.00
	4197.68	0.00	40.00	25.00	51.00	180.00	210.00	47.00	59.00	222.00	0.00	29.00	38.00	39.00	13.00	49.00	44.00	39.00
	4197.69	0.00	39.00	26.00	47.00	177.00	187.00	47.00	54.00	224.00	0.00	29.00	35.00	38.00	13.00	49.00	44.00	39.00
	4197.70	0.00	38.00	26.00	48.00	171.00	174.00	47.00	54.00	223.00	0.00	29.00	34.00	38.00	10.00	49.00	44.00	39.00
	4197.71	0.00	39.00	24.00	48.00	167.00	165.00	46.00	52.00	219.00	0.00	29.00	34.00	38.00	12.00	48.00	44.00	38.00
	4197.72	0.00	39.00	24.00	48.00	163.00	154.00	46.00	56.00	208.00	0.00	28.00	34.00	37.00	13.00	48.00	43.00	39.00
	4197.73	0.00	39.00	24.00	49.00	162.00	148.00	47.00	58.00	200.00	0.00	28.00	35.00	37.00	11.00	48.00	43.00	38.00
	4197.74	0.00	38.00	26.00	48.00	161.00	141.00	46.00	59.00	193.00	0.00	28.00	35.00	37.00	11.00	48.00	42.00	37.00
	4197.75	0.00	39.00	24.00	49.00	156.00	137.00	47.00	60.00	192.00	0.00	27.00	35.00	37.00	14.00	48.00	41.00	37.00
	4197.76	0.00	39.00	20.00	48.00	153.00	127.00	47.00	55.00	182.00	0.00	25.00	33.00	38.00	13.00	49.00	42.00	37.00
	4197.77	0.00	37.00	21.00	49.00	152.00	119.00	47.00	54.00	173.00	0.00	23.00	35.00	37.00	8.00	49.00	42.00	38.00
	4197.78	0.00	39.00	21.00	49.00	148.00	102.00	47.00	52.00	172.00	0.00	23.00	33.00	38.00	8.00	49.00	42.00	36.00
	4197.79	0.00	39.00	23.00	48.00	140.00	94.00	47.00	52.00	163.00	0.00	20.00	31.00	38.00	11.00	48.00	42.00	37.00
	4197.80	0.00	39.00	19.00	48.00	135.00	86.00	47.00	50.00	152.00	0.00	21.00	32.00	38.00	10.00	48.00	43.00	35.00
	4197.81	0.00	38.00	20.00	48.00	136.00	84.00	47.00	49.00	128.00	0.00	21.00	29.00	39.00	8.00	48.00	42.00	35.00
	4197.82	0.00	38.00	23.00	47.00	134.00	74.00	47.00	48.00	102.00	0.00	21.00	28.00	39.00	0.00	48.00	43.00	37.00
	4197.83	0.00	38.00	23.00	47.00	123.00	66.00	47.00	47.00	68.00	0.00	21.00	26.00	39.00	0.00	48.00	43.00	37.00
	4197.84	0.00	38.00	24.00	48.00	125.00	63.00	47.00	47.00	33.00	0.00	21.00	25.00	38.00	0.00	48.00	43.00	37.00
	4197.85	0.00	38.00	25.00	48.00	118.00	59.00	47.00	47.00	19.00	0.00	23.00	26.00	38.00	9.00	48.00	44.00	37.00
	4197.85	0.00	36.00	21.00	47.00	111.00	56.00	47.00	47.00	14.00	0.00	23.00	24.00	39.00	14.00	48.00	45.00	35.00
	4197.87	0.00	38.00	24.00	48.00	107.00	55.00	47.00	53.00	8.00	0.00	24.00	24.00	38.00	16.00	48.00	45.00	35.00
	4197.87	0.00	37.00	25.00	48.00	116.00	54.00	46.00	55.00	8.00	0.00	24.00	24.00	38.00	14.00	48.00	44.00	35.00
	4197.88	0.00	39.00	28.00	48.00	119.00	53.00	46.00	57.00	14.00	0.00	25.00	23.00	38.00	16.00	48.00	44.00	35.00
	4197.89	0.00	38.00	28.00	49.00	117.00	55.00	45.00	69.00	20.00	0.00	25.00	23.00	38.00	12.00	48.00	44.00	34.00
	4197.90	0.00	38.00	27.00	49.00	118.00	56.00	46.00	80.00	27.00	0.00	25.00	22.00	38.00	12.00	48.00	44.00	36.00
	4197.91	0.00	40.00	29.00	49.00	125.00	54.00	46.00	97.00	41.00	0.00	25.00	25.00	37.00	12.00	48.00	44.00	36.00
	4197.92	0.00	39.00	27.00	51.00	132.00	55.00	46.00	106.00	57.00	0.00	24.00	21.00	36.00	12.00	48.00	43.00	35.00
	4197.93	0.00	40.00	26.00	50.00	139.00	57.00	46.00	129.00	70.00	0.00	24.00	24.00	36.00	12.00	47.00	43.00	35.00
	4197.94	0.00	40.00	42.00	51.00	144.00	57.00	47.00	141.00	77.00	0.00	23.00	23.00	36.00	14.00	47.00	43.00	34.00
	4197.95	0.00	41.00	47.00	51.00	145.00	58.00	48.00	137.00	89.00	0.00	24.00	24.00	35.00	13.00	46.00	42.00	36.00
	4197.96	0.00	54.00	54.00	53.00	145.00	66.00	51.00	145.00	119.00	0.00	24.00	25.00	35.00	12.00	46.00	42.00	36.00
	4197.97	0.00	58.00	69.00	57.00	152.00	75.00	58.00	158.00	119.00	0.00	24.00	27.00	35.00	14.00	46.00	43.00	36.00
	4197.98	0.00	74.00	78.00	61.00	157.00	85.00	61.00	155.00	135.00	0.00	23.00	29.00	34.00	14.00	46.00	43.00	36.00
	4197.99	0.00	93.00	91.00	67.00	158.00	87.00	71.00	162.00	143.00	0.00	23.00	31.00	34.00	10.00	47.00	41.00	36.00
	4198.00	0.00	96.00	102.00	73.00	172.00	100.00	74.00	170.00	151.00	0.00	22.00	28.00	34.00	10.00	48.00	43.00	36.00
	4198.01	0.00	102.00	108.00	78.00	176.00	116.00	77.00	175.00	172.00	0.00	24.00	32.00	34.00	11.00	49.00	43.00	36.00
	4198.02	0.00	109.00	112.00	81.00	186.00	118.00	82.00	184.00	190.00	0.00	24.00	33.00	34.00	0.00	50.00	44.00	36.00
	4198.03	0.00	118.00	118.00	85.00	193.00	127.00	88.00	184.00	215.00	0.00	24.00	32.00	33.00	0.00	51.00	45.00	37.00
	4198.04	0.00	127.00	123.00	92.00	197.00	130.00	93.00	186.00	228.00	0.00	24.00	34.00	35.00	0.00	51.00	45.00	37.00
	4198.05	0.00	127.00	128.00	107.00	198.00	129.00	98.00	192.00	245.00	0.00	24.00	34.00	34.00	0.00	51.00	44.00	37.00
	4198.06	0.00	129.00	127.00	112.00	203.00	130.00	100.00	197.00	254.00	0.00	25.00	34.00	35.00	0.00	51.00	46.00	36.00
	4198.07	0.00	132.00	126.00	114.00	208.00	133.00	102.00	202.00	258.00	0.00	24.00	33.00	34.00	0.00	51.00	45.00	36.00
	4198.08	0.00	134.00	124.00	116.00	213.00	135.00	108.00	203.00	256.00	0.00	24.00	35.00	35.00	12.00	51.00	45.00	36.00
	4198.09	0.00	136.00	124.00	115.00	214.00	135.00	104.00	202.00	255.00	0.00	25.00	35.00	35.00	10.00	51.00	44.00	37.00
	4198.10	0.00	135.00	118.00	111.00	213.00	135.00	97.00	201.00	255.00	0.00	26.00	34.00	35.00	11.00	51.00	45.00	38.00
	4198.11	0.00	133.00	110.00	98.00	211.00	139.00	91.00	198.00	252.00	0.00	29.00	32.00	35.00	14.00	51.00	45.00	39.00
	4198.12	0.00	127.00	104.00	92.00	207.00	126.00	76.00	193.00	246.00	0.00	32.00	33.00	36.00	16.00	52.00	45.00	40.00
	4198.13	0.00	120.00	100.00	82.00	203.00	112.00	68.00	186.00	225.00	0.00	32.00	32.00	38.00	17.00	56.00	45.00	40.00
	4198.14	0.00	114.00	89.00	78.00	194.00	86.00	55.00	177.00	162.00	0.00	35.00	34.00	38.00	12.00	59.00	46.00	41.00
	4198.15	0.00	88.00	73.00	61.00	184.00	72.00	46.00	162.00	110.00	0.00	36.00	32.00	38.00	14.00	60.00	45.00	45.00
	4198.16	0.00	54.00	43.00	50.00	169.00	53.00	46.00	143.00	46.00	0.00	36.00	32.00	36.00	14.00	65.00	47.00	48.00
	4198.17	0.00	39.00	32.00	43.00	146.00	48.00	45.00	134.00	0.00	0.00	34.00	33.00	37.00	14.00	63.00	50.00	43.00
	4198.18	0.00	38.00	24.00	39.00	131.00	42.00	43.00	120.00	0.00	0.00	35.00	32.00	37.00	17.00	65.00	51.00	41.00
	4198.19	0.00	38.00	19.00	39.00	105.00	42.00	43.00	88.00	0.00	0.00	34.00	35.00	39.00	17.00	66.00	50.00	42.00
	4198.20	0.00	38.00	21.00	35.00	98.00	41.00	39.00	65.00	0.00	0.00	35.00	34.00	40.00	16.00	74.00	52.00	42.00
	4198.21	0.00	38.00	17.00	33.00	72.00	41.00	38.00	51.00	0.00	0.00	35.00	33.00	40.00	21.00	68.00	52.00	43.00
	4198.22	0.00	37.00	3.00	33.00	47.00	41.00	36.00	46.00	0.00	0.00	35.00	34.00	42.00	26.00	70.00	56.00	45.00
	4198.22	0.00	36.00	2.00	29.00	49.00	41.00	38.00	42.00	0.00	0.00	34.00	34.00	43.00	23.00	124.00	57.00	46.00
	4198.24	0.00	36.00	0.00	28.00	46.00	40.00	36.00	39.00	0.00	0.00	34.00	36.00	43.00	21.00	144.00	60.00	49.00
	4198.25	0.00	36.00	0.00	30.00	37.00	41.00	38.00	37.00	0.00	0.00	34.00	40.00	43.00	20.00	144.00	68.00	48.00
	4198.25	0.00	36.00	0.00	28.00	34.00	42.00	34.00	30.00	0.00	0.00	34.00	44.00	44.00	20.00	132.00	78.00	46.00
	4198.26	0.00	36.00	0.00	30.00	37.00	40.00	35.00	30.00	0.00	0.00	34.00	42.00	44.00	22.00	103.00	75.00	46.00
	4198.27	0.00	36.00	0.00	29.00	33.00	40.00	33.00	29.00	0.00	0.00	34.00	41.00	44.00	21.00	79.00	71.00	44.00
	4198.28	0.00	36.00	0.00	26.00	33.00	41.00	34.00	29.00	0.00	0.00	35.00	40.00	45.00	20.00	75.00	63.00	42.00
	4198.29	0.00	36.00	0.00	26.00	24.00	38.00	34.00	28.00	0.00	0.00	35.00	35.00	45.00	14.00	68.00	59.00	41.00
	4198.30	0.00	34.00	0.00	26.00	22.00	38.00	29.00	28.00	0.00	0.00	35.00	35.00	44.00	15.00	66.00	60.00	41.00
	4198.31	0.00	34.00	0.00	29.00	17.00	38.00	23.00	27.00	0.00	0.00	35.00	36.00	43.00	16.00	65.00	60.00	40.00
	4198.32	0.00	35.00	0.00	30.00	17.00	38.00	11.00	27.00	0.00	0.00	35.00	34.00	44.00	12.00	65.00	61.00	40.00
	4198.33	0.00	35.00	0.00	31.00	13.00	38.00	7.00	26.00	0.00	0.00	34.00	33.00	44.00	11.00	66.00	61.00	40.00
	4198.34	0.00	35.00	0.00	31.00	12.00	38.00	32.00	28.00	0.00	0.00	34.00	35.00	45.00	12.00	65.00	61.00	40.00
	4198.35	0.00	35.00	0.00	31.00	13.00	39.00	9.00	26.00	0.00	0.00	34.00	37.00	43.00	13.00	65.00	63.00	40.00
	4198.36	0.00	35.00	0.00	31.00	12.00	39.00	32.00	26.00	0.00	0.00	33.00	40.00	45.00	16.00	64.00	61.00	40.00
	4198.37	0.00	35.00	0.00	31.00	11.00	39.00	33.00	26.00	0.00	0.00	33.00	39.00	45.00	16.00	62.00	60.00	40.00
	4198.38	0.00	34.00	0.00	32.00	9.00	38.00	33.00	26.00	0.00	0.00	33.00	40.00	45.00	15.00	61.00	60.00	39.00
	4198.39	0.00	33.00	0.00	31.00	11.00	39.00	27.00	26.00	0.00	0.00	32.00	39.00	45.00	16.00	59.00	60.00	39.00
	4198.40	0.00	34.00	0.00	32.00	10.00	39.00	33.00	26.00	0.00	0.00	33.00	42.00	44.00	16.00	55.00	59.00	40.00
	4198.41	0.00	33.00	0.00	31.00	11.00	39.00	32.00	23.00	0.00	0.00	32.00	40.00	44.00	14.00	53.00	59.00	40.00
	4198.41	0.00	33.00	0.00	31.00	12.00	39.00	33.00	16.00	0.00	0.00	32.00	40.00	44.00	16.00	52.00	57.00	39.00
	4198.42	0.00	32.00	0.00	31.00	9.00	40.00	27.00	16.00	0.00	0.00	30.00	40.00	41.00	16.00	52.00	57.00	40.00
	4198.43	0.00	25.00	0.00	31.00	9.00	39.00	32.00	0.00	0.00	0.00	29.00	44.00	44.00	15.00	52.00	56.00	39.00
	4198.44	0.00	24.00	0.00	30.00	5.00	40.00	31.00	0.00	0.00	0.00	29.00	44.00	44.00	14.00	51.00	57.00	39.00
	4198.45	0.00	24.00	0.00	32.00	1.00	40.00	30.00	0.00	0.00	0.00	29.00	46.00	43.00	14.00	51.00	58.00	40.00
	4198.46	0.00	24.00	0.00	31.00	0.00	39.00	33.00	0.00	0.00	0.00	27.00	45.00	42.00	14.00	50.00	58.00	39.00
	4198.47	0.00	23.00	0.00	30.00	0.00	40.00	33.00	0.00	0.00	0.00	26.00	46.00	42.00	13.00	51.00	59.00	40.00
	4198.48	0.00	24.00	0.00	28.00	0.00	43.00	34.00	0.00	0.00	0.00	23.00	46.00	42.00	14.00	51.00	59.00	40.00
	4198.49	0.00	25.00	0.00	26.00	0.00	43.00	34.00	0.00	0.00	0.00	23.00	49.00	42.00	15.00	50.00	59.00	41.00
	4198.50	0.00	23.00	0.00	26.00	0.00	43.00	32.00	0.00	0.00	0.00	24.00	63.00	42.00	9.00	50.00	60.00	42.00
	4198.51	0.00	20.00	0.00	25.00	0.00	42.00	22.00	0.00	0.00	0.00	25.00	72.00	42.00	15.00	51.00	64.00	42.00
	4198.52	0.00	22.00	0.00	26.00	0.00	39.00	23.00	0.00	0.00	0.00	26.00	78.00	42.00	13.00	53.00	86.00	44.00
	4198.53	0.00	20.00	0.00	26.00	0.00	40.00	16.00	0.00	0.00	0.00	28.00	83.00	43.00	15.00	58.00	108.00	45.00
	4198.54	0.00	19.00	0.00	26.00	0.00	38.00	1.00	0.00	0.00	11.00	27.00	99.00	43.00	15.00	63.00	124.00	47.00
	4198.55	0.00	18.00	0.00	26.00	0.00	38.00	2.00	0.00	0.00	20.00	29.00	117.00	41.00	15.00	81.00	159.00	72.00
	4198.56	0.00	19.00	0.00	26.00	0.00	37.00	0.00	0.00	0.00	28.00	31.00	127.00	44.00	11.00	88.00	194.00	92.00
	4198.56	0.00	16.00	0.00	24.00	0.00	35.00	0.00	0.00	0.00	48.00	32.00	153.00	44.00	11.00	133.00	206.00	127.00
	4198.58	0.00	18.00	0.00	23.00	0.00	34.00	0.00	0.00	0.00	56.00	33.00	169.00	44.00	11.00	183.00	219.00	153.00
	4198.58	0.00	19.00	0.00	22.00	0.00	35.00	0.00	0.00	0.00	79.00	35.00	181.00	44.00	11.00	208.00	224.00	171.00
	4198.59	0.00	19.00	0.00	23.00	0.00	34.00	0.00	0.00	0.00	107.00	35.00	193.00	45.00	13.00	220.00	234.00	196.00
	4198.60	0.00	17.00	0.00	23.00	0.00	35.00	0.00	0.00	0.00	114.00	35.00	203.00	45.00	16.00	231.00	238.00	223.00
	4198.61	0.00	16.00	0.00	26.00	0.00	33.00	0.00	0.00	0.00	118.00	35.00	206.00	59.00	15.00	240.00	250.00	242.00
	4198.62	0.00	12.00	0.00	26.00	0.00	33.00	0.00	0.00	0.00	124.00	44.00	217.00	70.00	16.00	247.00	258.00	254.00
	4198.63	0.00	13.00	0.00	27.00	0.00	34.00	0.00	0.00	0.00	125.00	44.00	222.00	75.00	16.00	258.00	265.00	255.00
	4198.64	0.00	15.00	0.00	27.00	0.00	34.00	0.00	0.00	0.00	126.00	61.00	228.00	79.00	14.00	264.00	269.00	256.00
	4198.65	0.00	17.00	0.00	27.00	0.00	36.00	0.00	0.00	0.00	128.00	63.00	230.00	82.00	14.00	269.00	270.00	257.00
	4198.66	0.00	19.00	0.00	28.00	0.00	38.00	0.00	11.00	0.00	130.00	67.00	231.00	80.00	14.00	270.00	270.00	252.00
	4198.67	0.00	21.00	0.00	28.00	7.00	38.00	0.00	11.00	0.00	132.00	69.00	232.00	79.00	11.00	271.00	269.00	249.00
	4198.68	0.00	22.00	0.00	29.00	11.00	38.00	0.00	24.00	0.00	138.00	72.00	234.00	70.00	16.00	272.00	265.00	240.00
	4198.69	0.00	21.00	0.00	28.00	15.00	38.00	0.00	14.00	4.00	140.00	78.00	233.00	56.00	17.00	273.00	264.00	239.00
	4198.70	0.00	21.00	0.00	29.00	22.00	39.00	0.00	15.00	15.00	141.00	88.00	232.00	46.00	17.00	273.00	259.00	224.00
	4198.71	0.00	23.00	0.00	31.00	31.00	40.00	0.00	15.00	29.00	141.00	89.00	232.00	45.00	16.00	271.00	253.00	212.00
	4198.72	0.00	22.00	0.00	32.00	37.00	41.00	0.00	16.00	55.00	142.00	90.00	231.00	45.00	17.00	270.00	249.00	202.00
	4198.73	0.00	23.00	0.00	33.00	41.00	41.00	0.00	16.00	58.00	140.00	76.00	231.00	45.00	14.00	264.00	246.00	200.00
	4198.74	0.00	27.00	0.00	34.00	41.00	41.00	32.00	24.00	39.00	137.00	72.00	225.00	45.00	15.00	260.00	242.00	191.00
	4198.75	0.00	27.00	0.00	34.00	41.00	42.00	32.00	24.00	30.00	134.00	67.00	220.00	45.00	16.00	256.00	238.00	190.00
	4198.76	0.00	26.00	0.00	34.00	57.00	46.00	33.00	26.00	39.00	123.00	60.00	206.00	45.00	14.00	255.00	231.00	183.00
	4198.77	0.00	33.00	11.00	33.00	88.00	50.00	35.00	27.00	89.00	112.00	46.00	194.00	42.00	14.00	243.00	218.00	164.00
	4198.78	0.00	37.00	26.00	34.00	116.00	73.00	40.00	76.00	169.00	99.00	36.00	177.00	41.00	15.00	231.00	198.00	136.00
	4198.79	0.00	41.00	40.00	40.00	164.00	113.00	44.00	101.00	245.00	67.00	36.00	171.00	39.00	15.00	227.00	171.00	120.00
	4198.80	0.00	40.00	67.00	44.00	183.00	170.00	46.00	81.00	269.00	22.00	35.00	146.00	39.00	14.00	220.00	157.00	106.00
	4198.81	0.00	74.00	81.00	47.00	201.00	211.00	46.00	64.00	266.00	0.00	34.00	137.00	39.00	14.00	217.00	121.00	92.00
	4198.82	0.00	73.00	44.00	47.00	195.00	219.00	47.00	46.00	211.00	0.00	35.00	123.00	39.00	11.00	198.00	82.00	84.00
	4198.83	0.00	38.00	30.00	43.00	188.00	196.00	46.00	30.00	111.00	0.00	35.00	89.00	39.00	10.00	168.00	70.00	53.00
	4198.84	0.00	38.00	26.00	44.00	179.00	182.00	46.00	29.00	29.00	0.00	33.00	74.00	39.00	15.00	96.00	54.00	49.00
	4198.85	0.00	37.00	29.00	42.00	176.00	190.00	44.00	29.00	23.00	0.00	33.00	60.00	39.00	13.00	79.00	54.00	47.00
	4198.86	0.00	38.00	28.00	43.00	175.00	194.00	45.00	29.00	37.00	0.00	32.00	51.00	40.00	13.00	69.00	53.00	46.00
	4198.87	0.00	38.00	28.00	45.00	175.00	208.00	46.00	29.00	88.00	0.00	31.00	48.00	40.00	10.00	62.00	52.00	45.00
	4198.88	0.00	38.00	40.00	45.00	180.00	218.00	46.00	30.00	160.00	0.00	29.00	51.00	40.00	13.00	60.00	52.00	41.00
	4198.89	0.00	40.00	45.00	49.00	187.00	224.00	47.00	30.00	199.00	0.00	30.00	54.00	40.00	12.00	57.00	50.00	42.00
	4198.90	0.00	51.00	48.00	52.00	193.00	230.00	48.00	41.00	240.00	0.00	30.00	51.00	39.00	0.00	53.00	49.00	42.00
	4198.91	0.00	50.00	39.00	52.00	193.00	229.00	48.00	43.00	245.00	0.00	30.00	49.00	38.00	0.00	52.00	48.00	41.00
	4198.92	0.00	41.00	39.00	51.00	191.00	222.00	47.00	39.00	246.00	0.00	31.00	44.00	37.00	0.00	52.00	47.00	40.00
	4198.93	0.00	38.00	28.00	52.00	187.00	216.00	47.00	32.00	246.00	0.00	32.00	42.00	35.00	0.00	52.00	46.00	38.00
	4198.93	0.00	39.00	26.00	51.00	177.00	199.00	46.00	31.00	248.00	0.00	33.00	34.00	37.00	7.00	52.00	45.00	39.00
	4198.94	0.00	39.00	25.00	51.00	166.00	182.00	47.00	31.00	239.00	0.00	33.00	34.00	37.00	5.00	52.00	45.00	38.00
	4198.95	0.00	39.00	26.00	51.00	162.00	170.00	46.00	31.00	226.00	0.00	33.00	34.00	37.00	8.00	52.00	46.00	40.00
	4198.96	0.00	39.00	25.00	50.00	159.00	145.00	47.00	30.00	216.00	0.00	32.00	35.00	37.00	11.00	52.00	44.00	39.00
	4198.97	0.00	39.00	25.00	51.00	155.00	142.00	47.00	30.00	211.00	0.00	31.00	32.00	37.00	11.00	51.00	44.00	40.00
	4198.98	0.00	38.00	26.00	50.00	144.00	139.00	46.00	30.00	205.00	0.00	31.00	32.00	38.00	10.00	50.00	45.00	39.00
	4198.99	0.00	38.00	24.00	50.00	138.00	137.00	47.00	29.00	197.00	0.00	31.00	31.00	39.00	13.00	49.00	45.00	39.00
	4199.00	0.00	38.00	24.00	50.00	134.00	133.00	46.00	29.00	185.00	0.00	30.00	33.00	39.00	14.00	48.00	44.00	40.00
	4199.01	0.00	38.00	24.00	49.00	130.00	128.00	46.00	27.00	179.00	0.00	29.00	33.00	38.00	14.00	48.00	44.00	41.00
	4199.02	0.00	38.00	25.00	49.00	127.00	107.00	46.00	25.00	176.00	0.00	27.00	31.00	41.00	13.00	49.00	45.00	42.00
	4199.03	0.00	38.00	23.00	49.00	124.00	100.00	46.00	23.00	176.00	0.00	29.00	33.00	41.00	10.00	49.00	46.00	41.00
	4199.04	0.00	38.00	20.00	48.00	118.00	93.00	45.00	25.00	169.00	0.00	28.00	33.00	40.00	11.00	48.00	46.00	41.00
	4199.05	0.00	38.00	18.00	48.00	114.00	84.00	43.00	24.00	162.00	0.00	28.00	31.00	40.00	14.00	48.00	46.00	41.00
	4199.06	0.00	38.00	1.00	46.00	113.00	70.00	43.00	25.00	156.00	0.00	27.00	31.00	39.00	12.00	50.00	46.00	40.00
	4199.07	0.00	37.00	0.00	46.00	104.00	62.00	43.00	25.00	147.00	0.00	28.00	31.00	39.00	9.00	50.00	46.00	39.00
	4199.08	0.00	37.00	0.00	44.00	101.00	56.00	42.00	24.00	145.00	0.00	28.00	32.00	38.00	10.00	51.00	46.00	37.00
	4199.09	0.00	37.00	0.00	43.00	95.00	56.00	43.00	26.00	132.00	0.00	28.00	30.00	38.00	10.00	51.00	46.00	37.00
	4199.10	0.00	37.00	0.00	44.00	87.00	56.00	43.00	26.00	135.00	0.00	29.00	31.00	38.00	10.00	50.00	46.00	36.00
	4199.11	0.00	37.00	0.00	43.00	80.00	56.00	42.00	26.00	128.00	0.00	28.00	28.00	38.00	11.00	50.00	47.00	36.00
	4199.12	0.00	37.00	0.00	42.00	77.00	56.00	41.00	26.00	126.00	0.00	29.00	30.00	37.00	12.00	50.00	47.00	38.00
	4199.13	0.00	38.00	0.00	40.00	84.00	54.00	43.00	26.00	129.00	0.00	29.00	30.00	38.00	13.00	50.00	47.00	36.00
	4199.14	0.00	38.00	0.00	43.00	80.00	55.00	43.00	26.00	126.00	0.00	30.00	31.00	37.00	13.00	49.00	46.00	37.00
	4199.15	0.00	38.00	0.00	42.00	84.00	55.00	43.00	27.00	128.00	0.00	30.00	31.00	38.00	10.00	50.00	46.00	36.00
	4199.16	0.00	38.00	0.00	42.00	82.00	54.00	41.00	27.00	112.00	0.00	31.00	31.00	38.00	16.00	50.00	46.00	37.00
	4199.17	0.00	37.00	0.00	41.00	70.00	52.00	40.00	28.00	118.00	0.00	31.00	31.00	38.00	15.00	50.00	45.00	37.00
	4199.18	0.00	38.00	0.00	43.00	65.00	52.00	40.00	28.00	107.00	0.00	31.00	30.00	39.00	10.00	49.00	46.00	36.00
	4199.19	0.00	38.00	0.00	43.00	42.00	51.00	41.00	28.00	100.00	0.00	31.00	30.00	39.00	5.00	50.00	46.00	36.00
	4199.20	0.00	38.00	0.00	42.00	40.00	52.00	39.00	28.00	92.00	0.00	32.00	31.00	39.00	10.00	49.00	47.00	36.00
	4199.20	0.00	38.00	0.00	43.00	39.00	52.00	40.00	28.00	84.00	0.00	31.00	30.00	39.00	10.00	50.00	47.00	36.00
	4199.22	0.00	38.00	0.00	42.00	39.00	51.00	40.00	28.00	84.00	0.00	31.00	29.00	39.00	1.00	50.00	47.00	36.00
	4199.22	0.00	38.00	0.00	43.00	41.00	51.00	41.00	28.00	85.00	0.00	32.00	30.00	40.00	2.00	50.00	47.00	37.00
	4199.23	0.00	38.00	0.00	42.00	42.00	51.00	39.00	28.00	85.00	0.00	32.00	28.00	38.00	2.00	50.00	47.00	37.00
	4199.24	0.00	37.00	0.00	43.00	41.00	51.00	39.00	28.00	91.00	0.00	32.00	28.00	38.00	2.00	50.00	47.00	36.00
	4199.25	0.00	38.00	0.00	42.00	41.00	51.00	41.00	28.00	88.00	0.00	33.00	29.00	40.00	2.00	50.00	49.00	37.00
	4199.26	0.00	38.00	0.00	42.00	41.00	51.00	38.00	28.00	93.00	0.00	33.00	31.00	38.00	2.00	49.00	49.00	36.00
	4199.27	0.00	38.00	0.00	41.00	42.00	51.00	39.00	28.00	96.00	0.00	33.00	32.00	40.00	2.00	49.00	50.00	36.00
	4199.28	0.00	38.00	0.00	36.00	41.00	50.00	38.00	28.00	96.00	0.00	33.00	32.00	40.00	2.00	50.00	50.00	38.00
	4199.29	0.00	38.00	0.00	35.00	40.00	50.00	37.00	28.00	97.00	0.00	33.00	32.00	40.00	0.00	50.00	50.00	37.00
	4199.30	0.00	38.00	0.00	35.00	39.00	50.00	38.00	28.00	91.00	0.00	32.00	32.00	41.00	0.00	50.00	50.00	38.00
	4199.31	0.00	38.00	0.00	35.00	38.00	49.00	39.00	28.00	85.00	0.00	33.00	31.00	41.00	0.00	50.00	51.00	38.00
	4199.32	0.00	38.00	0.00	36.00	40.00	49.00	38.00	28.00	84.00	0.00	32.00	33.00	41.00	0.00	49.00	51.00	38.00
	4199.33	0.00	38.00	0.00	35.00	39.00	48.00	40.00	28.00	86.00	0.00	33.00	34.00	41.00	0.00	49.00	51.00	39.00
	4199.34	0.00	38.00	0.00	35.00	38.00	47.00	39.00	28.00	88.00	0.00	33.00	32.00	41.00	4.00	49.00	49.00	39.00
	4199.35	0.00	38.00	0.00	36.00	38.00	48.00	39.00	28.00	90.00	0.00	33.00	35.00	39.00	5.00	49.00	49.00	39.00
	4199.36	0.00	38.00	0.00	37.00	37.00	48.00	39.00	28.00	91.00	0.00	33.00	33.00	40.00	4.00	49.00	49.00	39.00
	4199.37	0.00	38.00	0.00	37.00	37.00	48.00	39.00	28.00	92.00	0.00	33.00	33.00	41.00	5.00	49.00	49.00	38.00
	4199.38	0.00	38.00	0.00	36.00	36.00	48.00	39.00	28.00	96.00	0.00	34.00	35.00	41.00	10.00	50.00	51.00	38.00
	4199.39	0.00	38.00	0.00	36.00	36.00	48.00	40.00	28.00	98.00	0.00	33.00	33.00	41.00	11.00	50.00	51.00	37.00
	4199.39	0.00	38.00	0.00	36.00	32.00	48.00	40.00	28.00	101.00	0.00	33.00	35.00	42.00	9.00	49.00	51.00	37.00
	4199.40	0.00	38.00	0.00	38.00	37.00	48.00	40.00	28.00	102.00	0.00	32.00	33.00	41.00	10.00	50.00	51.00	39.00
	4199.41	0.00	38.00	0.00	38.00	32.00	48.00	40.00	28.00	106.00	0.00	34.00	35.00	39.00	12.00	50.00	52.00	40.00
	4199.42	0.00	38.00	0.00	39.00	53.00	48.00	43.00	28.00	115.00	0.00	34.00	35.00	41.00	12.00	50.00	52.00	40.00
	4199.43	0.00	37.00	7.00	39.00	64.00	49.00	44.00	28.00	123.00	0.00	34.00	35.00	39.00	11.00	51.00	55.00	39.00
	4199.44	0.00	38.00	18.00	41.00	76.00	49.00	44.00	28.00	130.00	0.00	34.00	35.00	41.00	7.00	51.00	56.00	41.00
	4199.45	0.00	38.00	21.00	43.00	86.00	51.00	45.00	28.00	146.00	0.00	34.00	35.00	41.00	10.00	52.00	57.00	41.00
	4199.46	0.00	38.00	22.00	44.00	95.00	51.00	45.00	28.00	162.00	0.00	34.00	35.00	41.00	11.00	53.00	58.00	41.00
	4199.47	0.00	37.00	19.00	47.00	108.00	51.00	45.00	29.00	167.00	0.00	34.00	35.00	41.00	11.00	53.00	57.00	41.00
	4199.48	0.00	39.00	19.00	45.00	111.00	52.00	45.00	29.00	169.00	0.00	34.00	33.00	41.00	11.00	53.00	57.00	41.00
	4199.49	0.00	39.00	21.00	45.00	115.00	52.00	45.00	29.00	178.00	0.00	33.00	33.00	41.00	12.00	52.00	56.00	41.00
	4199.50	0.00	38.00	20.00	44.00	115.00	52.00	45.00	29.00	179.00	0.00	34.00	33.00	41.00	12.00	52.00	57.00	40.00
	4199.51	0.00	39.00	19.00	43.00	116.00	52.00	45.00	29.00	182.00	0.00	34.00	33.00	41.00	9.00	52.00	57.00	40.00
	4199.52	0.00	38.00	20.00	44.00	119.00	52.00	45.00	29.00	182.00	0.00	34.00	34.00	41.00	10.00	52.00	57.00	41.00
	4199.53	0.00	38.00	15.00	43.00	119.00	52.00	45.00	29.00	183.00	0.00	33.00	33.00	41.00	14.00	52.00	58.00	41.00
	4199.54	0.00	38.00	17.00	42.00	119.00	52.00	45.00	29.00	181.00	0.00	34.00	33.00	41.00	8.00	52.00	58.00	41.00
	4199.55	0.00	38.00	17.00	44.00	120.00	52.00	46.00	29.00	182.00	0.00	34.00	35.00	41.00	5.00	53.00	58.00	41.00
	4199.56	0.00	38.00	18.00	44.00	121.00	52.00	45.00	29.00	183.00	0.00	34.00	35.00	41.00	8.00	53.00	57.00	41.00
	4199.57	0.00	38.00	18.00	44.00	120.00	52.00	45.00	29.00	184.00	0.00	34.00	34.00	41.00	8.00	53.00	58.00	41.00
	4199.58	0.00	38.00	18.00	45.00	120.00	52.00	45.00	29.00	181.00	0.00	34.00	32.00	40.00	10.00	52.00	58.00	41.00
	4199.59	0.00	38.00	19.00	41.00	121.00	52.00	45.00	29.00	178.00	0.00	34.00	31.00	40.00	10.00	52.00	58.00	41.00
	4199.60	0.00	38.00	18.00	41.00	121.00	51.00	47.00	29.00	174.00	0.00	34.00	31.00	41.00	9.00	52.00	58.00	40.00
	4199.61	0.00	37.00	20.00	41.00	121.00	51.00	45.00	29.00	171.00	0.00	34.00	32.00	41.00	9.00	52.00	58.00	41.00
	4199.62	0.00	36.00	16.00	41.00	121.00	51.00	45.00	29.00	165.00	0.00	34.00	34.00	40.00	10.00	52.00	58.00	42.00
	4199.63	0.00	37.00	17.00	42.00	120.00	51.00	45.00	29.00	172.00	0.00	34.00	31.00	41.00	8.00	52.00	58.00	42.00
	4199.64	0.00	37.00	17.00	42.00	120.00	51.00	44.00	29.00	171.00	0.00	34.00	32.00	41.00	9.00	51.00	58.00	42.00
	4199.65	0.00	36.00	21.00	41.00	117.00	50.00	44.00	29.00	166.00	0.00	33.00	32.00	39.00	9.00	51.00	58.00	42.00
	4199.66	0.00	37.00	21.00	42.00	115.00	50.00	44.00	29.00	166.00	0.00	34.00	33.00	40.00	10.00	51.00	58.00	42.00
	4199.66	0.00	36.00	16.00	41.00	119.00	50.00	45.00	29.00	168.00	0.00	33.00	32.00	41.00	9.00	51.00	58.00	42.00
	4199.67	0.00	36.00	20.00	41.00	120.00	50.00	44.00	29.00	166.00	0.00	34.00	31.00	40.00	10.00	51.00	58.00	42.00
	4199.68	0.00	37.00	19.00	41.00	122.00	50.00	44.00	29.00	165.00	0.00	33.00	32.00	41.00	11.00	51.00	58.00	42.00
	4199.69	0.00	37.00	16.00	40.00	122.00	49.00	44.00	29.00	163.00	0.00	34.00	31.00	41.00	10.00	51.00	58.00	42.00
	4199.70	0.00	37.00	4.00	41.00	122.00	49.00	43.00	29.00	161.00	0.00	33.00	31.00	41.00	0.00	50.00	58.00	42.00
	4199.71	0.00	37.00	11.00	40.00	122.00	48.00	44.00	29.00	160.00	0.00	33.00	31.00	40.00	0.00	51.00	57.00	42.00
	4199.72	0.00	36.00	11.00	40.00	121.00	47.00	44.00	29.00	158.00	0.00	34.00	33.00	41.00	0.00	51.00	58.00	42.00
	4199.73	0.00	36.00	9.00	40.00	122.00	47.00	45.00	29.00	153.00	0.00	34.00	31.00	41.00	0.00	51.00	58.00	42.00
	4199.74	0.00	36.00	11.00	41.00	123.00	47.00	43.00	29.00	147.00	0.00	32.00	33.00	41.00	0.00	51.00	57.00	42.00
	4199.75	0.00	36.00	22.00	40.00	122.00	48.00	44.00	29.00	148.00	0.00	34.00	33.00	41.00	0.00	51.00	58.00	43.00
	4199.76	0.00	36.00	21.00	40.00	123.00	48.00	45.00	29.00	148.00	0.00	34.00	32.00	41.00	0.00	51.00	56.00	42.00
	4199.77	0.00	36.00	21.00	40.00	122.00	48.00	45.00	29.00	148.00	0.00	34.00	31.00	41.00	0.00	51.00	58.00	42.00
	4199.78	0.00	36.00	22.00	40.00	123.00	48.00	45.00	29.00	149.00	0.00	34.00	30.00	41.00	0.00	51.00	58.00	42.00
	4199.79	0.00	36.00	22.00	41.00	122.00	48.00	44.00	29.00	150.00	0.00	34.00	30.00	41.00	0.00	51.00	58.00	42.00
	4199.80	0.00	36.00	21.00	40.00	122.00	48.00	44.00	29.00	151.00	0.00	34.00	29.00	40.00	0.00	50.00	58.00	42.00
	4199.81	0.00	36.00	18.00	40.00	121.00	47.00	45.00	29.00	150.00	0.00	34.00	29.00	41.00	0.00	51.00	58.00	42.00
	4199.82	0.00	36.00	17.00	40.00	122.00	46.00	44.00	29.00	147.00	0.00	34.00	32.00	40.00	0.00	51.00	58.00	42.00
	4199.83	0.00	36.00	17.00	40.00	122.00	46.00	45.00	29.00	149.00	0.00	34.00	30.00	41.00	0.00	51.00	58.00	43.00
	4199.84	0.00	36.00	17.00	40.00	122.00	45.00	45.00	29.00	146.00	0.00	34.00	32.00	41.00	0.00	51.00	58.00	44.00
	4199.85	0.00	36.00	17.00	40.00	121.00	45.00	45.00	29.00	146.00	0.00	34.00	32.00	41.00	0.00	51.00	57.00	44.00
	4199.86	0.00	36.00	20.00	40.00	122.00	44.00	45.00	29.00	147.00	0.00	34.00	30.00	41.00	0.00	51.00	59.00	43.00
	4199.87	0.00	36.00	20.00	42.00	123.00	44.00	45.00	29.00	145.00	0.00	34.00	30.00	41.00	0.00	51.00	59.00	43.00
	4199.88	0.00	36.00	18.00	40.00	123.00	45.00	44.00	29.00	147.00	0.00	34.00	31.00	41.00	0.00	52.00	59.00	44.00
	4199.89	0.00	36.00	16.00	42.00	123.00	46.00	45.00	29.00	149.00	0.00	34.00	30.00	41.00	0.00	52.00	60.00	44.00
	4199.90	0.00	36.00	22.00	40.00	122.00	45.00	45.00	29.00	150.00	0.00	34.00	31.00	41.00	0.00	52.00	59.00	44.00
	4199.91	0.00	36.00	17.00	41.00	123.00	45.00	45.00	29.00	149.00	0.00	34.00	31.00	41.00	0.00	52.00	59.00	44.00
	4199.92	0.00	36.00	19.00	41.00	121.00	45.00	45.00	29.00	151.00	0.00	34.00	33.00	41.00	0.00	52.00	60.00	44.00
	4199.92	0.00	36.00	20.00	41.00	124.00	45.00	44.00	29.00	150.00	0.00	33.00	31.00	41.00	0.00	52.00	60.00	43.00
	4199.94	0.00	36.00	19.00	40.00	123.00	46.00	45.00	29.00	149.00	0.00	34.00	33.00	41.00	0.00	52.00	59.00	43.00
	4199.94	0.00	36.00	20.00	40.00	123.00	45.00	45.00	29.00	149.00	0.00	34.00	31.00	41.00	0.00	52.00	60.00	43.00
	4199.95	0.00	36.00	24.00	40.00	123.00	45.00	45.00	30.00	147.00	0.00	33.00	31.00	41.00	0.00	52.00	60.00	42.00
	4199.96	0.00	36.00	19.00	42.00	123.00	45.00	45.00	30.00	142.00	0.00	34.00	33.00	42.00	0.00	52.00	60.00	42.00
	4199.97	0.00	36.00	22.00	40.00	123.00	45.00	44.00	30.00	140.00	0.00	34.00	32.00	42.00	0.00	52.00	60.00	42.00
	4199.98	0.00	36.00	17.00	42.00	122.00	45.00	45.00	30.00	139.00	0.00	34.00	31.00	42.00	0.00	52.00	60.00	43.00
	4199.99	0.00	36.00	24.00	40.00	120.00	44.00	45.00	30.00	139.00	0.00	34.00	32.00	42.00	0.00	53.00	60.00	43.00
	4200.00	0.00	36.00	24.00	40.00	117.00	44.00	45.00	30.00	139.00	0.00	33.00	32.00	42.00	0.00	53.00	60.00	42.00
	4200.01	0.00	36.00	14.00	42.00	115.00	43.00	44.00	30.00	138.00	0.00	33.00	32.00	42.00	0.00	52.00	60.00	44.00
	4200.02	0.00	36.00	15.00	40.00	112.00	44.00	45.00	30.00	136.00	0.00	34.00	34.00	42.00	0.00	53.00	60.00	44.00
	4200.03	0.00	36.00	12.00	41.00	111.00	44.00	45.00	30.00	136.00	0.00	34.00	32.00	42.00	0.00	53.00	60.00	44.00
	4200.04	0.00	36.00	8.00	40.00	109.00	44.00	45.00	30.00	138.00	0.00	33.00	32.00	42.00	0.00	53.00	60.00	44.00
	4200.05	0.00	36.00	9.00	42.00	107.00	44.00	44.00	29.00	133.00	0.00	34.00	32.00	42.00	0.00	53.00	60.00	44.00
	4200.06	0.00	36.00	9.00	42.00	107.00	44.00	44.00	28.00	128.00	0.00	34.00	34.00	41.00	0.00	53.00	60.00	42.00
	4200.07	0.00	35.00	9.00	41.00	105.00	43.00	45.00	30.00	126.00	0.00	32.00	32.00	42.00	0.00	53.00	61.00	44.00
	4200.08	0.00	36.00	9.00	41.00	102.00	44.00	44.00	30.00	128.00	0.00	33.00	32.00	42.00	0.00	53.00	61.00	43.00
	4200.09	0.00	36.00	9.00	42.00	101.00	43.00	44.00	29.00	128.00	0.00	32.00	32.00	42.00	0.00	53.00	60.00	44.00
	4200.10	0.00	36.00	8.00	42.00	100.00	44.00	44.00	29.00	126.00	0.00	34.00	32.00	42.00	0.00	53.00	60.00	44.00
	4200.11	0.00	36.00	7.00	42.00	98.00	43.00	44.00	27.00	125.00	0.00	34.00	34.00	41.00	0.00	53.00	60.00	43.00
	4200.12	0.00	36.00	0.00	41.00	95.00	44.00	44.00	29.00	125.00	0.00	34.00	34.00	42.00	0.00	52.00	61.00	44.00
	4200.13	0.00	36.00	1.00	42.00	91.00	44.00	43.00	28.00	125.00	0.00	34.00	32.00	42.00	0.00	53.00	61.00	43.00
	4200.14	0.00	35.00	1.00	41.00	85.00	44.00	43.00	28.00	126.00	0.00	34.00	34.00	42.00	0.00	52.00	61.00	45.00
	4200.15	0.00	35.00	4.00	41.00	81.00	44.00	44.00	28.00	127.00	0.00	34.00	31.00	42.00	0.00	52.00	61.00	45.00
	4200.16	0.00	35.00	1.00	41.00	71.00	44.00	43.00	28.00	125.00	0.00	34.00	33.00	42.00	0.00	52.00	61.00	45.00
	4200.16	0.00	35.00	5.00	41.00	69.00	44.00	43.00	28.00	124.00	0.00	34.00	31.00	42.00	0.00	52.00	61.00	45.00
	4200.17	0.00	35.00	1.00	41.00	45.00	44.00	40.00	28.00	123.00	0.00	34.00	33.00	42.00	0.00	52.00	61.00	45.00
	4200.18	0.00	35.00	0.00	41.00	45.00	44.00	40.00	28.00	122.00	0.00	34.00	33.00	42.00	0.00	52.00	61.00	43.00
	4200.19	0.00	35.00	0.00	42.00	43.00	44.00	40.00	27.00	124.00	0.00	33.00	31.00	42.00	0.00	53.00	61.00	45.00
	4200.20	0.00	33.00	0.00	41.00	45.00	44.00	39.00	28.00	124.00	0.00	34.00	31.00	40.00	0.00	53.00	61.00	45.00
	4200.21	0.00	33.00	0.00	42.00	44.00	44.00	39.00	28.00	125.00	0.00	34.00	33.00	41.00	0.00	53.00	62.00	45.00
	4200.22	0.00	34.00	0.00	42.00	43.00	44.00	39.00	27.00	125.00	0.00	33.00	33.00	42.00	0.00	53.00	62.00	45.00
	4200.23	0.00	34.00	0.00	41.00	43.00	44.00	40.00	27.00	126.00	0.00	33.00	33.00	42.00	0.00	53.00	63.00	45.00
	4200.24	0.00	34.00	0.00	41.00	45.00	44.00	41.00	26.00	125.00	0.00	34.00	33.00	40.00	0.00	53.00	62.00	45.00
	4200.25	0.00	34.00	0.00	41.00	44.00	44.00	41.00	27.00	125.00	0.00	34.00	33.00	42.00	0.00	53.00	63.00	45.00
	4200.26	0.00	34.00	0.00	42.00	43.00	44.00	41.00	27.00	123.00	0.00	34.00	31.00	40.00	0.00	53.00	63.00	45.00
	4200.27	0.00	34.00	0.00	42.00	43.00	43.00	41.00	27.00	123.00	0.00	34.00	33.00	40.00	0.00	54.00	63.00	45.00
	4200.28	0.00	34.00	0.00	41.00	43.00	43.00	41.00	25.00	124.00	0.00	34.00	33.00	40.00	0.00	54.00	64.00	45.00
	4200.29	0.00	33.00	0.00	42.00	41.00	42.00	40.00	25.00	121.00	0.00	34.00	33.00	42.00	0.00	53.00	63.00	43.00
	4200.30	0.00	34.00	0.00	42.00	41.00	43.00	40.00	26.00	120.00	0.00	33.00	31.00	42.00	0.00	54.00	63.00	45.00
	4200.31	0.00	33.00	0.00	43.00	44.00	43.00	40.00	27.00	121.00	0.00	34.00	33.00	42.00	0.00	54.00	63.00	45.00
	4200.32	0.00	33.00	0.00	42.00	43.00	43.00	39.00	25.00	119.00	0.00	34.00	33.00	42.00	0.00	53.00	64.00	45.00
	4200.33	0.00	33.00	0.00	42.00	42.00	43.00	39.00	26.00	122.00	0.00	33.00	31.00	42.00	0.00	53.00	64.00	45.00
	4200.34	0.00	33.00	0.00	43.00	42.00	43.00	40.00	26.00	123.00	0.00	33.00	32.00	42.00	0.00	53.00	63.00	45.00
	4200.35	0.00	33.00	0.00	42.00	43.00	43.00	39.00	25.00	123.00	0.00	34.00	33.00	42.00	0.00	54.00	63.00	45.00
	4200.35	0.00	33.00	0.00	42.00	40.00	43.00	39.00	26.00	124.00	0.00	33.00	31.00	42.00	0.00	53.00	63.00	45.00
	4200.37	0.00	33.00	0.00	42.00	42.00	43.00	39.00	26.00	121.00	0.00	34.00	33.00	42.00	0.00	53.00	64.00	44.00
	4200.37	0.00	33.00	0.00	41.00	41.00	43.00	38.00	26.00	120.00	0.00	33.00	32.00	42.00	0.00	54.00	64.00	45.00
	4200.38	0.00	33.00	0.00	42.00	43.00	43.00	40.00	25.00	120.00	0.00	34.00	31.00	41.00	0.00	54.00	64.00	45.00
	4200.39	0.00	33.00	0.00	42.00	41.00	42.00	38.00	25.00	119.00	0.00	33.00	33.00	42.00	0.00	53.00	64.00	45.00
	4200.40	0.00	33.00	0.00	41.00	40.00	42.00	39.00	25.00	117.00	0.00	33.00	33.00	42.00	0.00	54.00	65.00	45.00
	4200.41	0.00	33.00	0.00	42.00	41.00	42.00	38.00	26.00	109.00	0.00	34.00	33.00	40.00	0.00	54.00	64.00	45.00
	4200.42	0.00	33.00	0.00	41.00	39.00	41.00	39.00	25.00	105.00	0.00	33.00	34.00	42.00	0.00	54.00	64.00	45.00
	4200.43	0.00	33.00	0.00	41.00	40.00	41.00	40.00	25.00	91.00	0.00	34.00	32.00	41.00	0.00	54.00	64.00	45.00
	4200.44	0.00	32.00	0.00	41.00	40.00	42.00	39.00	26.00	83.00	0.00	34.00	32.00	42.00	0.00	54.00	64.00	45.00
	4200.45	0.00	33.00	0.00	41.00	38.00	42.00	40.00	26.00	77.00	0.00	34.00	33.00	42.00	0.00	53.00	63.00	44.00
	4200.46	0.00	33.00	0.00	41.00	35.00	41.00	40.00	26.00	74.00	0.00	34.00	32.00	43.00	0.00	53.00	64.00	44.00
	4200.47	0.00	33.00	0.00	40.00	34.00	41.00	39.00	25.00	65.00	0.00	34.00	34.00	43.00	0.00	53.00	64.00	45.00
	4200.48	0.00	33.00	0.00	37.00	35.00	41.00	39.00	19.00	62.00	0.00	34.00	33.00	43.00	0.00	53.00	64.00	45.00
	4200.49	0.00	33.00	0.00	38.00	32.00	41.00	40.00	19.00	60.00	0.00	34.00	33.00	43.00	0.00	53.00	65.00	45.00
	4200.50	0.00	33.00	0.00	38.00	32.00	41.00	40.00	18.00	49.00	0.00	34.00	32.00	43.00	0.00	53.00	64.00	45.00
	4200.51	0.00	33.00	0.00	37.00	30.00	40.00	40.00	18.00	47.00	0.00	34.00	32.00	43.00	0.00	53.00	64.00	45.00
	4200.52	0.00	33.00	0.00	36.00	32.00	41.00	39.00	19.00	45.00	0.00	34.00	34.00	43.00	0.00	53.00	63.00	45.00
	4200.52	0.00	33.00	0.00	36.00	31.00	40.00	39.00	19.00	44.00	0.00	34.00	32.00	43.00	0.00	53.00	63.00	45.00
	4200.54	0.00	33.00	0.00	37.00	31.00	39.00	40.00	18.00	44.00	0.00	34.00	32.00	43.00	0.00	53.00	62.00	45.00
	4200.54	0.00	33.00	0.00	38.00	31.00	40.00	40.00	18.00	43.00	0.00	34.00	34.00	43.00	0.00	53.00	64.00	45.00
	4200.55	0.00	33.00	0.00	38.00	30.00	40.00	40.00	18.00	40.00	0.00	34.00	34.00	43.00	0.00	53.00	64.00	45.00
	4200.56	0.00	33.00	0.00	38.00	30.00	40.00	40.00	18.00	38.00	0.00	34.00	32.00	43.00	0.00	53.00	64.00	45.00
	4200.57	0.00	33.00	0.00	36.00	30.00	40.00	40.00	18.00	37.00	0.00	34.00	34.00	43.00	0.00	53.00	64.00	44.00
	4200.58	0.00	33.00	0.00	37.00	29.00	40.00	40.00	18.00	34.00	0.00	34.00	34.00	43.00	0.00	53.00	64.00	45.00
	4200.59	0.00	33.00	0.00	37.00	26.00	40.00	40.00	18.00	31.00	0.00	35.00	34.00	43.00	0.00	53.00	64.00	45.00
	4200.60	0.00	33.00	0.00	37.00	28.00	40.00	40.00	18.00	23.00	0.00	34.00	34.00	43.00	0.00	53.00	64.00	45.00
	4200.61	0.00	33.00	0.00	36.00	28.00	41.00	39.00	17.00	19.00	0.00	34.00	34.00	43.00	0.00	53.00	65.00	43.00
	4200.62	0.00	33.00	0.00	38.00	28.00	41.00	39.00	17.00	17.00	0.00	34.00	34.00	43.00	0.00	53.00	64.00	45.00
	4200.63	0.00	33.00	0.00	36.00	28.00	40.00	38.00	17.00	16.00	0.00	34.00	34.00	43.00	0.00	53.00	65.00	43.00
	4200.64	0.00	33.00	0.00	38.00	28.00	41.00	39.00	17.00	15.00	0.00	34.00	32.00	43.00	0.00	53.00	65.00	43.00
	4200.65	0.00	33.00	0.00	37.00	29.00	40.00	37.00	0.00	15.00	0.00	34.00	32.00	43.00	0.00	53.00	65.00	43.00
	4200.66	0.00	33.00	0.00	36.00	29.00	41.00	38.00	0.00	13.00	0.00	34.00	34.00	41.00	0.00	53.00	65.00	43.00
	4200.67	0.00	32.00	0.00	36.00	28.00	42.00	38.00	0.00	8.00	0.00	34.00	34.00	43.00	0.00	53.00	65.00	43.00
	4200.68	0.00	33.00	0.00	36.00	27.00	41.00	38.00	0.00	6.00	0.00	34.00	32.00	43.00	0.00	53.00	65.00	43.00
	4200.69	0.00	33.00	0.00	35.00	25.00	41.00	38.00	0.00	6.00	0.00	34.00	34.00	43.00	0.00	53.00	65.00	44.00
	4200.69	0.00	32.00	0.00	35.00	26.00	40.00	38.00	0.00	6.00	0.00	34.00	34.00	43.00	0.00	53.00	65.00	44.00
	4200.70	0.00	33.00	0.00	35.00	28.00	40.00	38.00	0.00	1.00	0.00	34.00	32.00	43.00	0.00	53.00	65.00	43.00
	4200.71	0.00	33.00	0.00	35.00	28.00	40.00	38.00	0.00	0.00	0.00	34.00	34.00	42.00	0.00	53.00	64.00	44.00
	4200.72	0.00	33.00	0.00	36.00	28.00	40.00	38.00	0.00	0.00	0.00	33.00	32.00	41.00	0.00	53.00	65.00	44.00
	4200.73	0.00	32.00	0.00	36.00	28.00	40.00	38.00	0.00	0.00	0.00	34.00	33.00	43.00	0.00	53.00	65.00	44.00
	4200.74	0.00	32.00	0.00	36.00	28.00	40.00	38.00	0.00	0.00	0.00	34.00	34.00	42.00	0.00	53.00	65.00	44.00
	4200.75	0.00	32.00	0.00	36.00	27.00	40.00	38.00	0.00	0.00	0.00	34.00	32.00	43.00	0.00	53.00	65.00	44.00
	4200.76	0.00	33.00	0.00	35.00	26.00	40.00	38.00	0.00	0.00	0.00	34.00	34.00	40.00	0.00	53.00	65.00	44.00
	4200.77	0.00	32.00	0.00	35.00	25.00	40.00	38.00	0.00	0.00	0.00	34.00	34.00	43.00	0.00	53.00	65.00	44.00
	4200.78	0.00	32.00	0.00	35.00	24.00	40.00	38.00	0.00	0.00	0.00	34.00	32.00	43.00	0.00	53.00	65.00	44.00
	4200.79	0.00	32.00	0.00	35.00	23.00	40.00	38.00	0.00	0.00	0.00	34.00	34.00	43.00	0.00	53.00	65.00	44.00
	4200.80	0.00	33.00	0.00	35.00	23.00	40.00	38.00	0.00	0.00	0.00	33.00	34.00	41.00	0.00	53.00	65.00	44.00
	4200.81	0.00	33.00	0.00	35.00	22.00	41.00	38.00	0.00	0.00	0.00	33.00	32.00	41.00	0.00	53.00	65.00	44.00
	4200.82	0.00	32.00	0.00	35.00	22.00	40.00	38.00	0.00	0.00	0.00	34.00	34.00	43.00	0.00	53.00	65.00	44.00
	4200.83	0.00	32.00	0.00	35.00	20.00	40.00	38.00	0.00	0.00	0.00	34.00	32.00	42.00	0.00	53.00	64.00	44.00
	4200.84	0.00	32.00	0.00	35.00	20.00	40.00	38.00	0.00	0.00	0.00	34.00	34.00	43.00	0.00	54.00	65.00	44.00
	4200.85	0.00	32.00	0.00	35.00	20.00	40.00	38.00	0.00	0.00	0.00	34.00	32.00	43.00	0.00	54.00	65.00	44.00
	4200.85	0.00	32.00	0.00	35.00	21.00	40.00	38.00	0.00	0.00	0.00	34.00	34.00	43.00	0.00	54.00	65.00	44.00
	4200.86	0.00	32.00	0.00	34.00	23.00	40.00	38.00	0.00	0.00	0.00	34.00	32.00	43.00	0.00	54.00	65.00	44.00
	4200.87	0.00	33.00	0.00	34.00	25.00	40.00	38.00	0.00	0.00	0.00	33.00	34.00	41.00	0.00	53.00	65.00	44.00
	4200.88	0.00	33.00	0.00	34.00	24.00	40.00	38.00	0.00	0.00	0.00	33.00	32.00	41.00	0.00	53.00	65.00	44.00
	4200.89	0.00	33.00	0.00	34.00	15.00	40.00	38.00	0.00	0.00	0.00	33.00	33.00	41.00	0.00	53.00	65.00	44.00
	4200.90	0.00	32.00	0.00	33.00	12.00	40.00	38.00	0.00	0.00	0.00	34.00	32.00	41.00	0.00	53.00	65.00	44.00
	4200.91	0.00	33.00	0.00	34.00	10.00	40.00	38.00	0.00	0.00	0.00	34.00	32.00	40.00	0.00	53.00	65.00	44.00
	4200.92	0.00	32.00	0.00	34.00	12.00	40.00	38.00	0.00	0.00	0.00	34.00	34.00	43.00	0.00	53.00	65.00	44.00
	4200.93	0.00	32.00	0.00	34.00	12.00	40.00	38.00	0.00	0.00	0.00	34.00	34.00	43.00	0.00	54.00	65.00	44.00
	4200.94	0.00	33.00	0.00	34.00	12.00	40.00	38.00	0.00	0.00	0.00	34.00	34.00	43.00	0.00	53.00	65.00	44.00
	4200.95	0.00	33.00	0.00	34.00	12.00	40.00	35.00	0.00	0.00	0.00	34.00	32.00	43.00	0.00	53.00	65.00	44.00
	4200.96	0.00	33.00	0.00	34.00	12.00	40.00	35.00	0.00	0.00	0.00	34.00	34.00	42.00	0.00	54.00	65.00	44.00
	4200.97	0.00	33.00	0.00	34.00	12.00	40.00	35.00	0.00	0.00	0.00	34.00	33.00	43.00	0.00	53.00	66.00	44.00
	4200.98	0.00	32.00	0.00	34.00	12.00	40.00	35.00	0.00	0.00	0.00	34.00	33.00	43.00	0.00	53.00	65.00	44.00
	4200.98	0.00	32.00	0.00	34.00	12.00	40.00	35.00	0.00	0.00	0.00	34.00	32.00	42.00	0.00	53.00	65.00	44.00
	4200.99	0.00	32.00	0.00	34.00	12.00	40.00	35.00	0.00	0.00	0.00	34.00	32.00	43.00	0.00	53.00	66.00	44.00
	4201.00	0.00	32.00	0.00	33.00	13.00	40.00	35.00	0.00	0.00	0.00	34.00	34.00	43.00	0.00	53.00	66.00	44.00
	4201.01	0.00	33.00	0.00	33.00	13.00	40.00	35.00	0.00	0.00	0.00	33.00	33.00	41.00	0.00	53.00	65.00	44.00
	4201.02	0.00	33.00	0.00	34.00	13.00	40.00	35.00	0.00	0.00	0.00	34.00	33.00	40.00	0.00	54.00	65.00	44.00
	4201.03	0.00	33.00	0.00	34.00	13.00	41.00	35.00	0.00	0.00	0.00	34.00	34.00	43.00	0.00	53.00	65.00	44.00
	4201.04	0.00	33.00	0.00	33.00	13.00	41.00	35.00	0.00	0.00	0.00	33.00	33.00	41.00	0.00	53.00	64.00	44.00
	4201.05	0.00	33.00	0.00	33.00	13.00	41.00	35.00	0.00	0.00	0.00	34.00	33.00	43.00	0.00	53.00	64.00	44.00
	4201.06	0.00	33.00	0.00	32.00	13.00	40.00	35.00	0.00	0.00	0.00	34.00	33.00	41.00	0.00	53.00	64.00	45.00
	4201.07	0.00	33.00	0.00	33.00	12.00	40.00	35.00	0.00	0.00	0.00	34.00	33.00	40.00	0.00	53.00	64.00	44.00
	4201.08	0.00	33.00	0.00	33.00	12.00	40.00	35.00	0.00	0.00	0.00	34.00	33.00	40.00	0.00	53.00	64.00	44.00
	4201.09	0.00	33.00	0.00	33.00	12.00	41.00	35.00	0.00	0.00	0.00	34.00	33.00	41.00	0.00	53.00	63.00	44.00
	4201.10	0.00	33.00	0.00	33.00	12.00	40.00	35.00	0.00	0.00	0.00	34.00	33.00	40.00	0.00	53.00	63.00	44.00
	4201.11	0.00	32.00	0.00	32.00	12.00	40.00	35.00	0.00	0.00	0.00	34.00	33.00	42.00	0.00	53.00	63.00	44.00
	4201.12	0.00	32.00	0.00	33.00	12.00	40.00	35.00	0.00	0.00	0.00	34.00	31.00	43.00	0.00	53.00	63.00	44.00
	4201.12	0.00	32.00	0.00	32.00	11.00	40.00	35.00	0.00	0.00	0.00	34.00	33.00	43.00	0.00	53.00	63.00	44.00
	4201.13	0.00	33.00	0.00	32.00	12.00	40.00	35.00	0.00	0.00	0.00	33.00	31.00	41.00	0.00	53.00	63.00	45.00
	4201.14	0.00	33.00	0.00	32.00	12.00	40.00	35.00	0.00	0.00	0.00	33.00	33.00	41.00	0.00	53.00	63.00	44.00
	4201.15	0.00	32.00	0.00	32.00	12.00	40.00	35.00	0.00	0.00	0.00	34.00	33.00	42.00	0.00	53.00	63.00	44.00
	4201.16	0.00	32.00	0.00	32.00	12.00	40.00	35.00	0.00	0.00	0.00	34.00	31.00	42.00	0.00	53.00	63.00	44.00
	4201.17	0.00	32.00	0.00	32.00	11.00	41.00	35.00	0.00	0.00	0.00	34.00	33.00	43.00	0.00	53.00	62.00	44.00
	4201.18	0.00	32.00	0.00	32.00	9.00	40.00	35.00	0.00	0.00	0.00	34.00	33.00	42.00	0.00	53.00	62.00	43.00
	4201.19	0.00	33.00	0.00	32.00	11.00	40.00	35.00	0.00	0.00	0.00	35.00	32.00	42.00	0.00	53.00	61.00	45.00
	4201.20	0.00	32.00	0.00	32.00	12.00	40.00	35.00	0.00	0.00	0.00	35.00	31.00	42.00	0.00	53.00	62.00	44.00
	4201.21	0.00	31.00	0.00	32.00	10.00	40.00	35.00	0.00	0.00	0.00	34.00	31.00	42.00	0.00	53.00	62.00	44.00
	4201.22	0.00	31.00	0.00	32.00	10.00	40.00	35.00	0.00	0.00	0.00	34.00	31.00	42.00	0.00	53.00	62.00	44.00
	4201.23	0.00	32.00	0.00	32.00	12.00	40.00	35.00	0.00	0.00	0.00	34.00	33.00	40.00	0.00	53.00	62.00	44.00
	4201.24	0.00	25.00	0.00	32.00	12.00	40.00	35.00	0.00	0.00	0.00	35.00	31.00	42.00	0.00	53.00	62.00	44.00
	4201.25	0.00	26.00	0.00	32.00	11.00	40.00	35.00	0.00	0.00	0.00	34.00	31.00	42.00	0.00	53.00	63.00	44.00
	4201.25	0.00	26.00	0.00	32.00	12.00	40.00	35.00	0.00	0.00	0.00	35.00	32.00	41.00	0.00	53.00	63.00	44.00
	4201.27	0.00	26.00	0.00	32.00	10.00	40.00	35.00	0.00	0.00	0.00	35.00	31.00	42.00	0.00	53.00	63.00	45.00
	4201.27	0.00	27.00	0.00	32.00	12.00	40.00	35.00	0.00	0.00	0.00	35.00	32.00	42.00	0.00	53.00	62.00	43.00
	4201.28	0.00	32.00	0.00	32.00	12.00	40.00	35.00	0.00	0.00	0.00	34.00	31.00	42.00	0.00	53.00	63.00	44.00
	4201.29	0.00	32.00	0.00	32.00	12.00	40.00	35.00	0.00	0.00	0.00	34.00	32.00	41.00	0.00	53.00	62.00	45.00
	4201.30	0.00	33.00	0.00	31.00	12.00	40.00	35.00	0.00	0.00	0.00	33.00	32.00	40.00	0.00	53.00	63.00	45.00
	4201.31	0.00	32.00	0.00	32.00	12.00	40.00	35.00	0.00	0.00	0.00	35.00	31.00	40.00	0.00	53.00	63.00	44.00
	4201.32	0.00	32.00	0.00	32.00	12.00	40.00	35.00	0.00	0.00	0.00	34.00	31.00	42.00	0.00	53.00	62.00	45.00
	4201.33	0.00	32.00	0.00	32.00	12.00	40.00	35.00	0.00	0.00	0.00	35.00	33.00	42.00	0.00	53.00	63.00	44.00
	4201.34	0.00	32.00	0.00	32.00	12.00	40.00	35.00	0.00	0.00	0.00	34.00	31.00	42.00	0.00	53.00	62.00	44.00
	4201.35	0.00	32.00	0.00	31.00	12.00	40.00	35.00	0.00	0.00	0.00	34.00	31.00	42.00	0.00	53.00	62.00	45.00
	4201.36	0.00	32.00	0.00	32.00	12.00	40.00	35.00	0.00	0.00	0.00	35.00	31.00	42.00	0.00	53.00	62.00	44.00
	4201.37	0.00	32.00	0.00	32.00	12.00	40.00	35.00	0.00	0.00	0.00	34.00	33.00	42.00	0.00	53.00	62.00	44.00
	4201.38	0.00	32.00	0.00	32.00	12.00	40.00	35.00	0.00	0.00	0.00	34.00	32.00	41.00	0.00	53.00	62.00	44.00
	4201.38	0.00	33.00	0.00	32.00	11.00	40.00	35.00	0.00	0.00	0.00	35.00	33.00	42.00	0.00	53.00	62.00	43.00
	4201.40	0.00	32.00	0.00	32.00	12.00	40.00	35.00	0.00	0.00	0.00	35.00	31.00	42.00	0.00	53.00	62.00	44.00
	4201.40	0.00	33.00	0.00	33.00	12.00	40.00	35.00	0.00	0.00	0.00	34.00	33.00	41.00	0.00	53.00	62.00	44.00
	4201.41	0.00	33.00	0.00	32.00	12.00	40.00	35.00	0.00	0.00	0.00	34.00	32.00	39.00	0.00	53.00	62.00	44.00
	4201.42	0.00	32.00	0.00	32.00	12.00	40.00	35.00	0.00	0.00	0.00	34.00	32.00	42.00	0.00	53.00	62.00	44.00
	4201.43	0.00	32.00	0.00	32.00	12.00	40.00	35.00	0.00	0.00	0.00	34.00	31.00	42.00	0.00	53.00	62.00	44.00
	4201.44	0.00	32.00	0.00	32.00	12.00	40.00	35.00	0.00	0.00	0.00	34.00	33.00	42.00	0.00	53.00	62.00	44.00
	4201.45	0.00	32.00	0.00	32.00	13.00	40.00	35.00	0.00	0.00	0.00	34.00	31.00	42.00	0.00	53.00	62.00	44.00
	4201.46	0.00	33.00	0.00	32.00	13.00	40.00	35.00	0.00	0.00	0.00	34.00	33.00	40.00	0.00	53.00	62.00	45.00
	4201.47	0.00	33.00	0.00	32.00	12.00	40.00	35.00	0.00	0.00	0.00	33.00	31.00	40.00	0.00	53.00	62.00	45.00
	4201.48	0.00	32.00	0.00	32.00	12.00	40.00	35.00	0.00	0.00	0.00	34.00	33.00	42.00	0.00	53.00	62.00	44.00
	4201.49	0.00	32.00	0.00	32.00	12.00	40.00	35.00	0.00	0.00	0.00	34.00	31.00	42.00	0.00	53.00	62.00	44.00
	4201.50	0.00	32.00	0.00	32.00	13.00	40.00	35.00	0.00	0.00	0.00	35.00	31.00	42.00	0.00	53.00	62.00	44.00
	4201.51	0.00	33.00	0.00	32.00	13.00	40.00	35.00	0.00	0.00	0.00	34.00	33.00	42.00	0.00	53.00	62.00	44.00
	4201.52	0.00	32.00	0.00	32.00	13.00	40.00	35.00	0.00	0.00	0.00	34.00	33.00	42.00	0.00	53.00	62.00	44.00
	4201.53	0.00	32.00	0.00	32.00	12.00	40.00	35.00	0.00	0.00	0.00	34.00	32.00	42.00	0.00	53.00	62.00	44.00
	4201.54	0.00	32.00	0.00	32.00	13.00	40.00	35.00	0.00	0.00	0.00	34.00	33.00	42.00	0.00	53.00	62.00	44.00
	4201.54	0.00	32.00	0.00	32.00	13.00	40.00	35.00	0.00	0.00	0.00	33.00	31.00	40.00	0.00	53.00	62.00	45.00
	4201.55	0.00	32.00	0.00	31.00	13.00	40.00	35.00	0.00	0.00	0.00	33.00	33.00	40.00	0.00	53.00	62.00	45.00
	4201.56	0.00	32.00	0.00	32.00	12.00	40.00	35.00	0.00	0.00	0.00	35.00	33.00	42.00	0.00	53.00	62.00	45.00
	4201.57	0.00	32.00	0.00	32.00	13.00	40.00	35.00	0.00	0.00	0.00	35.00	33.00	42.00	0.00	53.00	62.00	45.00
	4201.58	0.00	32.00	0.00	32.00	13.00	40.00	35.00	0.00	0.00	0.00	35.00	31.00	42.00	0.00	53.00	63.00	45.00
	4201.59	0.00	32.00	0.00	32.00	12.00	40.00	35.00	0.00	0.00	0.00	34.00	33.00	42.00	0.00	53.00	63.00	45.00
	4201.60	0.00	32.00	0.00	32.00	12.00	40.00	35.00	0.00	0.00	0.00	35.00	31.00	42.00	0.00	53.00	63.00	45.00
	4201.61	0.00	32.00	0.00	33.00	12.00	40.00	35.00	0.00	0.00	0.00	34.00	31.00	40.00	0.00	53.00	63.00	45.00
	4201.62	0.00	32.00	0.00	32.00	13.00	40.00	35.00	0.00	0.00	0.00	34.00	33.00	41.00	0.00	53.00	63.00	45.00
	4201.63	0.00	32.00	0.00	32.00	13.00	40.00	35.00	0.00	0.00	0.00	34.00	33.00	41.00	0.00	53.00	63.00	45.00
	4201.64	0.00	32.00	0.00	32.00	12.00	40.00	35.00	0.00	0.00	0.00	34.00	31.00	41.00	0.00	53.00	63.00	45.00
	4201.65	0.00	32.00	0.00	32.00	12.00	40.00	35.00	0.00	0.00	0.00	35.00	31.00	42.00	0.00	54.00	63.00	45.00
	4201.66	0.00	32.00	0.00	32.00	12.00	40.00	35.00	0.00	0.00	0.00	35.00	33.00	43.00	0.00	54.00	63.00	44.00
	4201.67	0.00	31.00	0.00	32.00	11.00	40.00	35.00	0.00	0.00	0.00	34.00	33.00	43.00	0.00	53.00	64.00	45.00
	4201.67	0.00	31.00	0.00	32.00	12.00	40.00	35.00	0.00	0.00	0.00	35.00	33.00	42.00	0.00	53.00	64.00	45.00
	4201.68	0.00	32.00	0.00	32.00	12.00	40.00	35.00	0.00	0.00	0.00	35.00	31.00	43.00	0.00	53.00	64.00	45.00
	4201.69	0.00	32.00	0.00	32.00	12.00	40.00	34.00	0.00	0.00	0.00	35.00	31.00	43.00	0.00	54.00	64.00	44.00
	4201.70	0.00	32.00	0.00	32.00	11.00	40.00	35.00	0.00	0.00	0.00	34.00	33.00	42.00	0.00	53.00	64.00	45.00
	4201.71	0.00	32.00	0.00	33.00	12.00	41.00	35.00	0.00	0.00	0.00	35.00	33.00	43.00	0.00	54.00	64.00	45.00
	4201.72	0.00	32.00	0.00	32.00	12.00	40.00	35.00	0.00	0.00	0.00	34.00	31.00	41.00	0.00	54.00	64.00	45.00
	4201.73	0.00	31.00	0.00	33.00	11.00	40.00	35.00	0.00	0.00	0.00	34.00	33.00	43.00	0.00	53.00	65.00	45.00
	4201.74	0.00	31.00	0.00	33.00	12.00	40.00	35.00	0.00	0.00	0.00	35.00	33.00	43.00	0.00	53.00	65.00	45.00
	4201.75	0.00	31.00	0.00	33.00	11.00	40.00	35.00	0.00	0.00	0.00	35.00	32.00	43.00	0.00	54.00	64.00	45.00
	4201.76	0.00	31.00	0.00	33.00	11.00	40.00	35.00	0.00	0.00	0.00	35.00	33.00	43.00	0.00	53.00	65.00	45.00
	4201.77	0.00	32.00	0.00	33.00	12.00	40.00	35.00	0.00	0.00	0.00	35.00	33.00	43.00	0.00	54.00	65.00	45.00
	4201.78	0.00	31.00	0.00	33.00	11.00	40.00	35.00	0.00	0.00	0.00	35.00	33.00	43.00	0.00	53.00	65.00	45.00
	4201.79	0.00	32.00	0.00	33.00	13.00	40.00	35.00	0.00	0.00	0.00	34.00	33.00	42.00	0.00	54.00	63.00	45.00
	4201.80	0.00	32.00	0.00	33.00	13.00	40.00	35.00	0.00	0.00	0.00	34.00	33.00	41.00	0.00	54.00	65.00	45.00
	4201.81	0.00	32.00	0.00	33.00	12.00	40.00	35.00	0.00	0.00	0.00	34.00	33.00	43.00	0.00	54.00	65.00	44.00
	4201.82	0.00	31.00	0.00	33.00	11.00	40.00	35.00	0.00	0.00	0.00	35.00	32.00	43.00	0.00	54.00	65.00	44.00
	4201.83	0.00	31.00	0.00	33.00	11.00	40.00	35.00	0.00	0.00	0.00	35.00	33.00	43.00	0.00	53.00	65.00	45.00
	4201.83	0.00	31.00	0.00	34.00	13.00	40.00	35.00	0.00	0.00	0.00	35.00	31.00	43.00	0.00	54.00	65.00	44.00
	4201.84	0.00	31.00	0.00	33.00	12.00	40.00	35.00	0.00	0.00	0.00	34.00	33.00	43.00	0.00	54.00	66.00	45.00
	4201.85	0.00	31.00	0.00	33.00	12.00	40.00	35.00	0.00	0.00	0.00	34.00	32.00	43.00	0.00	54.00	66.00	45.00
	4201.86	0.00	32.00	0.00	33.00	13.00	40.00	35.00	0.00	0.00	0.00	34.00	32.00	42.00	0.00	54.00	64.00	45.00
	4201.87	0.00	32.00	0.00	33.00	13.00	40.00	35.00	0.00	0.00	0.00	34.00	33.00	41.00	0.00	53.00	65.00	45.00
	4201.88	0.00	31.00	0.00	33.00	12.00	40.00	35.00	0.00	0.00	0.00	35.00	32.00	43.00	0.00	53.00	66.00	44.00
	4201.89	0.00	31.00	0.00	33.00	12.00	40.00	36.00	0.00	0.00	0.00	35.00	33.00	43.00	0.00	54.00	66.00	45.00
	4201.90	0.00	32.00	0.00	33.00	13.00	40.00	35.00	0.00	0.00	0.00	35.00	32.00	43.00	0.00	54.00	66.00	45.00
	4201.91	0.00	32.00	0.00	33.00	13.00	40.00	35.00	0.00	0.00	0.00	34.00	33.00	41.00	0.00	53.00	66.00	45.00
	4201.92	0.00	31.00	0.00	33.00	12.00	40.00	35.00	0.00	0.00	0.00	35.00	33.00	43.00	0.00	54.00	66.00	45.00
	4201.93	0.00	31.00	0.00	33.00	12.00	40.00	35.00	0.00	0.00	0.00	35.00	33.00	43.00	0.00	54.00	66.00	45.00
	4201.94	0.00	32.00	0.00	33.00	14.00	40.00	35.00	0.00	0.00	0.00	35.00	33.00	43.00	0.00	54.00	66.00	45.00
	4201.95	0.00	32.00	0.00	33.00	15.00	40.00	35.00	0.00	0.00	0.00	34.00	33.00	41.00	0.00	54.00	66.00	45.00
	4201.95	0.00	32.00	0.00	33.00	16.00	40.00	35.00	0.00	0.00	0.00	35.00	33.00	43.00	0.00	54.00	66.00	44.00
	4201.96	0.00	32.00	0.00	33.00	16.00	40.00	35.00	0.00	0.00	0.00	34.00	32.00	43.00	0.00	54.00	66.00	45.00
	4201.97	0.00	32.00	0.00	33.00	16.00	40.00	35.00	0.00	0.00	0.00	35.00	33.00	43.00	0.00	54.00	66.00	45.00
	4201.98	0.00	32.00	0.00	33.00	16.00	40.00	35.00	0.00	0.00	0.00	35.00	33.00	43.00	0.00	53.00	66.00	45.00
	4201.99	0.00	32.00	0.00	33.00	17.00	40.00	35.00	0.00	0.00	0.00	34.00	33.00	43.00	0.00	54.00	66.00	45.00
	4202.00	0.00	32.00	0.00	33.00	16.00	40.00	35.00	0.00	0.00	0.00	35.00	33.00	43.00	0.00	54.00	66.00	45.00
	4202.01	0.00	33.00	0.00	33.00	16.00	40.00	35.00	0.00	0.00	0.00	35.00	33.00	41.00	0.00	54.00	66.00	45.00
	4202.02	0.00	32.00	0.00	32.00	16.00	40.00	35.00	0.00	0.00	0.00	34.00	33.00	41.00	0.00	53.00	65.00	45.00
	4202.03	0.00	32.00	0.00	32.00	17.00	40.00	35.00	0.00	0.00	0.00	34.00	33.00	41.00	0.00	53.00	66.00	45.00
	4202.04	0.00	32.00	0.00	34.00	17.00	40.00	35.00	0.00	0.00	0.00	34.00	33.00	41.00	0.00	54.00	65.00	45.00
	4202.05	0.00	33.00	0.00	34.00	17.00	40.00	35.00	0.00	0.00	0.00	35.00	32.00	40.00	0.00	54.00	66.00	45.00
	4202.06	0.00	32.00	0.00	34.00	17.00	40.00	35.00	0.00	0.00	0.00	35.00	32.00	43.00	0.00	54.00	66.00	45.00
	4202.07	0.00	33.00	0.00	34.00	17.00	40.00	35.00	0.00	0.00	0.00	35.00	33.00	41.00	0.00	54.00	66.00	45.00
	4202.08	0.00	32.00	0.00	34.00	18.00	40.00	35.00	0.00	0.00	0.00	35.00	33.00	40.00	0.00	54.00	66.00	45.00
	4202.09	0.00	33.00	0.00	34.00	18.00	40.00	35.00	0.00	0.00	0.00	35.00	33.00	40.00	0.00	54.00	66.00	45.00
	4202.10	0.00	33.00	0.00	34.00	18.00	40.00	35.00	0.00	0.00	0.00	35.00	33.00	40.00	0.00	54.00	66.00	45.00
	4202.10	0.00	33.00	0.00	33.00	18.00	40.00	35.00	0.00	0.00	0.00	35.00	31.00	43.00	0.00	54.00	66.00	45.00
	4202.11	0.00	33.00	0.00	33.00	18.00	40.00	35.00	0.00	0.00	0.00	34.00	33.00	42.00	0.00	54.00	65.00	45.00
	4202.12	0.00	33.00	0.00	34.00	18.00	40.00	35.00	0.00	0.00	0.00	35.00	33.00	43.00	0.00	53.00	66.00	44.00
	4202.13	0.00	32.00	0.00	33.00	19.00	40.00	35.00	0.00	0.00	0.00	35.00	32.00	43.00	0.00	54.00	65.00	44.00
	4202.14	0.00	32.00	0.00	34.00	18.00	40.00	35.00	0.00	0.00	0.00	35.00	31.00	42.00	0.00	54.00	66.00	45.00
	4202.15	0.00	32.00	0.00	34.00	19.00	40.00	35.00	0.00	0.00	0.00	34.00	31.00	43.00	0.00	53.00	65.00	45.00
	4202.16	0.00	32.00	0.00	34.00	19.00	40.00	35.00	0.00	0.00	0.00	35.00	33.00	43.00	0.00	54.00	66.00	45.00
	4202.17	0.00	32.00	0.00	34.00	18.00	40.00	35.00	0.00	0.00	0.00	35.00	31.00	43.00	0.00	54.00	65.00	44.00
	4202.18	0.00	32.00	0.00	34.00	18.00	40.00	35.00	0.00	0.00	0.00	34.00	33.00	43.00	0.00	54.00	65.00	45.00
	4202.19	0.00	33.00	0.00	34.00	19.00	40.00	35.00	0.00	0.00	0.00	34.00	33.00	41.00	0.00	54.00	65.00	45.00
	4202.20	0.00	32.00	0.00	33.00	19.00	40.00	35.00	0.00	0.00	0.00	35.00	31.00	43.00	0.00	54.00	65.00	45.00
	4202.21	0.00	33.00	0.00	34.00	19.00	40.00	35.00	0.00	0.00	0.00	35.00	33.00	41.00	0.00	54.00	65.00	45.00
	4202.22	0.00	32.00	0.00	34.00	19.00	40.00	35.00	0.00	0.00	0.00	35.00	31.00	43.00	0.00	54.00	65.00	45.00
	4202.23	0.00	32.00	0.00	34.00	19.00	40.00	35.00	0.00	0.00	0.00	34.00	31.00	43.00	0.00	54.00	65.00	45.00
	4202.23	0.00	32.00	0.00	34.00	20.00	40.00	35.00	0.00	0.00	0.00	35.00	31.00	43.00	0.00	54.00	65.00	45.00
	4202.25	0.00	32.00	0.00	34.00	20.00	40.00	35.00	0.00	0.00	0.00	35.00	33.00	43.00	0.00	53.00	65.00	45.00
	4202.25	0.00	33.00	0.00	33.00	19.00	40.00	35.00	0.00	0.00	0.00	35.00	33.00	43.00	0.00	54.00	65.00	45.00
	4202.26	0.00	33.00	0.00	34.00	19.00	40.00	35.00	0.00	0.00	0.00	34.00	31.00	43.00	0.00	54.00	65.00	45.00
	4202.27	0.00	33.00	0.00	34.00	20.00	40.00	35.00	0.00	0.00	0.00	34.00	33.00	42.00	0.00	54.00	65.00	45.00
	4202.28	0.00	33.00	0.00	34.00	20.00	40.00	35.00	0.00	0.00	0.00	35.00	31.00	43.00	0.00	53.00	65.00	44.00
	4202.29	0.00	32.00	0.00	34.00	19.00	40.00	35.00	0.00	0.00	0.00	35.00	33.00	43.00	0.00	54.00	65.00	45.00
	4202.30	0.00	32.00	0.00	36.00	19.00	40.00	35.00	0.00	0.00	0.00	35.00	31.00	42.00	0.00	54.00	65.00	45.00
	4202.31	0.00	33.00	0.00	36.00	20.00	40.00	35.00	0.00	0.00	0.00	35.00	33.00	40.00	0.00	54.00	65.00	45.00
	4202.32	0.00	32.00	0.00	37.00	20.00	40.00	35.00	0.00	0.00	0.00	35.00	31.00	43.00	0.00	54.00	65.00	45.00
	4202.33	0.00	32.00	0.00	36.00	20.00	40.00	35.00	0.00	0.00	0.00	35.00	33.00	43.00	0.00	54.00	65.00	45.00
	4202.34	0.00	32.00	0.00	36.00	21.00	40.00	35.00	0.00	0.00	0.00	35.00	33.00	43.00	0.00	54.00	65.00	45.00
	4202.35	0.00	32.00	0.00	35.00	20.00	41.00	35.00	0.00	0.00	0.00	35.00	33.00	43.00	0.00	54.00	65.00	45.00
	4202.36	0.00	33.00	0.00	36.00	20.00	40.00	35.00	0.00	0.00	0.00	34.00	33.00	41.00	0.00	54.00	65.00	45.00
	4202.37	0.00	33.00	0.00	36.00	21.00	40.00	35.00	0.00	0.00	0.00	35.00	31.00	43.00	0.00	54.00	65.00	44.00
	4202.38	0.00	33.00	0.00	35.00	20.00	40.00	35.00	0.00	0.00	0.00	35.00	33.00	43.00	0.00	54.00	65.00	45.00
	4202.38	0.00	32.00	0.00	36.00	20.00	41.00	35.00	0.00	0.00	0.00	35.00	31.00	42.00	0.00	54.00	65.00	45.00
	4202.39	0.00	32.00	0.00	36.00	20.00	40.00	35.00	0.00	0.00	0.00	35.00	33.00	43.00	0.00	54.00	65.00	45.00
	4202.40	0.00	32.00	0.00	37.00	20.00	41.00	35.00	0.00	0.00	0.00	35.00	31.00	43.00	0.00	54.00	65.00	45.00
	4202.41	0.00	33.00	0.00	37.00	20.00	41.00	35.00	0.00	0.00	0.00	35.00	33.00	40.00	0.00	54.00	65.00	45.00
	4202.42	0.00	32.00	0.00	37.00	20.00	40.00	35.00	0.00	0.00	0.00	35.00	31.00	43.00	0.00	54.00	65.00	45.00
	4202.43	0.00	33.00	0.00	37.00	20.00	41.00	35.00	0.00	3.00	0.00	35.00	33.00	43.00	0.00	53.00	64.00	43.00
	4202.44	0.00	33.00	0.00	37.00	20.00	40.00	35.00	0.00	0.00	0.00	34.00	33.00	43.00	0.00	53.00	64.00	45.00
	4202.45	0.00	33.00	0.00	37.00	20.00	41.00	35.00	0.00	0.00	0.00	34.00	31.00	41.00	0.00	53.00	64.00	45.00
	4202.46	0.00	32.00	0.00	37.00	20.00	40.00	36.00	0.00	0.00	0.00	35.00	31.00	43.00	0.00	53.00	65.00	45.00
	4202.47	0.00	32.00	0.00	37.00	20.00	40.00	35.00	0.00	5.00	0.00	35.00	33.00	43.00	0.00	54.00	64.00	44.00
	4202.48	0.00	33.00	0.00	37.00	20.00	40.00	35.00	0.00	4.00	0.00	35.00	33.00	43.00	0.00	54.00	64.00	44.00
	4202.49	0.00	33.00	0.00	37.00	19.00	40.00	35.00	0.00	5.00	0.00	35.00	31.00	43.00	0.00	54.00	64.00	44.00
	4202.50	0.00	33.00	0.00	37.00	20.00	41.00	35.00	0.00	6.00	0.00	35.00	33.00	43.00	0.00	53.00	64.00	44.00
	4202.51	0.00	33.00	0.00	38.00	20.00	40.00	35.00	0.00	3.00	0.00	35.00	31.00	43.00	0.00	54.00	64.00	44.00
	4202.52	0.00	33.00	0.00	37.00	21.00	41.00	35.00	0.00	3.00	0.00	35.00	31.00	43.00	0.00	53.00	65.00	44.00
	4202.52	0.00	33.00	0.00	37.00	21.00	41.00	35.00	0.00	4.00	0.00	35.00	33.00	43.00	0.00	54.00	64.00	44.00
	4202.53	0.00	33.00	0.00	37.00	21.00	41.00	35.00	0.00	3.00	0.00	35.00	33.00	43.00	0.00	54.00	64.00	44.00
	4202.54	0.00	33.00	0.00	37.00	21.00	40.00	35.00	0.00	4.00	0.00	35.00	33.00	43.00	0.00	54.00	64.00	44.00
	4202.55	0.00	32.00	0.00	37.00	21.00	40.00	35.00	0.00	4.00	0.00	35.00	33.00	43.00	0.00	53.00	64.00	44.00
	4202.56	0.00	33.00	0.00	37.00	21.00	40.00	35.00	0.00	5.00	0.00	35.00	31.00	43.00	0.00	54.00	64.00	44.00
	4202.57	0.00	33.00	0.00	37.00	21.00	40.00	35.00	0.00	4.00	0.00	34.00	31.00	43.00	0.00	53.00	64.00	44.00
	4202.58	0.00	33.00	0.00	37.00	23.00	41.00	35.00	0.00	4.00	0.00	34.00	31.00	43.00	0.00	54.00	64.00	44.00
	4202.59	0.00	33.00	0.00	37.00	22.00	41.00	35.00	0.00	4.00	0.00	35.00	33.00	43.00	0.00	53.00	64.00	44.00
	4202.60	0.00	33.00	0.00	37.00	22.00	41.00	35.00	0.00	5.00	0.00	35.00	33.00	43.00	0.00	53.00	64.00	45.00
	4202.61	0.00	33.00	0.00	38.00	21.00	40.00	35.00	0.00	6.00	0.00	35.00	32.00	43.00	0.00	54.00	64.00	44.00
	4202.62	0.00	33.00	0.00	37.00	21.00	40.00	35.00	0.00	5.00	0.00	35.00	33.00	42.00	0.00	54.00	64.00	44.00
	4202.63	0.00	33.00	0.00	37.00	21.00	40.00	35.00	0.00	7.00	0.00	35.00	33.00	43.00	0.00	53.00	64.00	44.00
	4202.64	0.00	33.00	0.00	37.00	21.00	40.00	35.00	0.00	8.00	0.00	35.00	33.00	43.00	0.00	53.00	64.00	44.00
	4202.65	0.00	33.00	0.00	38.00	21.00	40.00	35.00	0.00	7.00	0.00	35.00	33.00	43.00	0.00	54.00	64.00	44.00
	4202.65	0.00	33.00	0.00	38.00	21.00	41.00	36.00	0.00	8.00	0.00	35.00	33.00	43.00	0.00	54.00	64.00	44.00
	4202.66	0.00	33.00	0.00	37.00	21.00	40.00	35.00	0.00	7.00	0.00	35.00	33.00	43.00	0.00	54.00	64.00	43.00
	4202.67	0.00	33.00	0.00	37.00	21.00	41.00	35.00	0.00	7.00	0.00	35.00	33.00	43.00	0.00	53.00	64.00	44.00
	4202.68	0.00	33.00	0.00	38.00	21.00	41.00	35.00	0.00	7.00	0.00	35.00	31.00	43.00	0.00	53.00	64.00	44.00
	4202.69	0.00	33.00	0.00	37.00	21.00	40.00	35.00	0.00	7.00	0.00	34.00	33.00	43.00	0.00	53.00	64.00	44.00
	4202.70	0.00	33.00	0.00	38.00	21.00	41.00	35.00	0.00	8.00	0.00	35.00	33.00	43.00	0.00	53.00	64.00	46.00
	4202.71	0.00	33.00	0.00	38.00	21.00	40.00	35.00	0.00	7.00	0.00	35.00	31.00	43.00	0.00	54.00	64.00	44.00
	4202.72	0.00	33.00	0.00	38.00	19.00	40.00	35.00	0.00	7.00	0.00	35.00	33.00	43.00	0.00	54.00	64.00	44.00
	4202.73	0.00	33.00	0.00	37.00	21.00	40.00	35.00	0.00	6.00	0.00	35.00	31.00	43.00	0.00	54.00	64.00	44.00
	4202.74	0.00	33.00	0.00	37.00	21.00	40.00	35.00	0.00	6.00	0.00	35.00	33.00	43.00	0.00	53.00	64.00	44.00
	4202.75	0.00	33.00	0.00	37.00	22.00	40.00	35.00	0.00	6.00	0.00	35.00	33.00	43.00	0.00	54.00	64.00	44.00
	4202.76	0.00	33.00	0.00	38.00	22.00	40.00	35.00	0.00	5.00	0.00	35.00	33.00	43.00	0.00	54.00	64.00	45.00
	4202.77	0.00	33.00	0.00	37.00	21.00	41.00	35.00	0.00	5.00	0.00	35.00	31.00	43.00	0.00	54.00	64.00	44.00
	4202.78	0.00	33.00	0.00	37.00	21.00	40.00	35.00	0.00	3.00	0.00	35.00	31.00	43.00	0.00	54.00	64.00	44.00
	4202.79	0.00	33.00	0.00	37.00	21.00	40.00	35.00	0.00	2.00	0.00	35.00	33.00	43.00	0.00	53.00	64.00	44.00
	4202.80	0.00	33.00	0.00	37.00	21.00	40.00	35.00	0.00	2.00	0.00	34.00	33.00	43.00	0.00	54.00	64.00	44.00
	4202.81	0.00	33.00	0.00	38.00	21.00	41.00	36.00	0.00	1.00	0.00	34.00	31.00	43.00	0.00	54.00	64.00	44.00
	4202.81	0.00	33.00	0.00	38.00	22.00	40.00	35.00	0.00	3.00	0.00	34.00	33.00	43.00	0.00	53.00	64.00	44.00
	4202.82	0.00	33.00	0.00	37.00	21.00	41.00	35.00	0.00	3.00	0.00	34.00	33.00	43.00	0.00	54.00	63.00	43.00
	4202.83	0.00	33.00	0.00	37.00	22.00	41.00	35.00	0.00	2.00	0.00	35.00	33.00	43.00	0.00	54.00	64.00	45.00
	4202.84	0.00	33.00	0.00	38.00	22.00	41.00	35.00	0.00	3.00	0.00	35.00	32.00	43.00	0.00	54.00	64.00	44.00
	4202.85	0.00	33.00	0.00	38.00	22.00	41.00	35.00	0.00	3.00	0.00	34.00	31.00	42.00	0.00	54.00	64.00	44.00
	4202.86	0.00	33.00	0.00	37.00	22.00	41.00	35.00	0.00	3.00	0.00	34.00	33.00	43.00	0.00	53.00	64.00	44.00
	4202.87	0.00	33.00	0.00	38.00	21.00	41.00	36.00	0.00	3.00	0.00	35.00	33.00	43.00	0.00	53.00	64.00	44.00
	4202.88	0.00	33.00	0.00	37.00	22.00	41.00	35.00	0.00	4.00	0.00	34.00	33.00	43.00	0.00	53.00	64.00	44.00
	4202.89	0.00	33.00	0.00	38.00	22.00	41.00	35.00	0.00	4.00	0.00	34.00	31.00	43.00	0.00	54.00	64.00	44.00
	4202.90	0.00	33.00	0.00	37.00	22.00	41.00	36.00	0.00	4.00	0.00	35.00	31.00	43.00	0.00	54.00	64.00	44.00
	4202.91	0.00	32.00	0.00	38.00	22.00	41.00	35.00	0.00	5.00	0.00	35.00	33.00	43.00	0.00	53.00	64.00	45.00
	4202.92	0.00	33.00	0.00	38.00	22.00	41.00	35.00	0.00	4.00	0.00	35.00	32.00	43.00	0.00	54.00	64.00	44.00
	4202.93	0.00	33.00	0.00	38.00	23.00	41.00	35.00	0.00	5.00	0.00	35.00	33.00	42.00	0.00	53.00	64.00	44.00
	4202.94	0.00	33.00	0.00	38.00	22.00	41.00	35.00	0.00	4.00	0.00	35.00	31.00	43.00	0.00	53.00	64.00	44.00
	4202.94	0.00	33.00	0.00	38.00	22.00	41.00	36.00	0.00	4.00	0.00	34.00	31.00	43.00	0.00	54.00	64.00	44.00
	4202.95	0.00	32.00	0.00	38.00	22.00	40.00	35.00	0.00	4.00	0.00	35.00	33.00	43.00	0.00	54.00	64.00	44.00
	4202.96	0.00	33.00	0.00	37.00	22.00	41.00	35.00	0.00	4.00	0.00	34.00	31.00	43.00	0.00	54.00	64.00	44.00
	4202.97	0.00	33.00	0.00	38.00	23.00	41.00	36.00	0.00	4.00	0.00	35.00	33.00	43.00	0.00	53.00	64.00	44.00
	4202.98	0.00	33.00	0.00	38.00	22.00	41.00	35.00	0.00	3.00	0.00	35.00	33.00	43.00	0.00	53.00	64.00	43.00
	4202.99	0.00	33.00	0.00	38.00	22.00	41.00	35.00	0.00	4.00	0.00	34.00	32.00	43.00	0.00	54.00	64.00	44.00
	4203.00	0.00	33.00	0.00	38.00	23.00	41.00	35.00	0.00	3.00	0.00	34.00	33.00	42.00	0.00	53.00	64.00	44.00
	4203.01	0.00	33.00	0.00	38.00	22.00	41.00	36.00	0.00	4.00	0.00	35.00	33.00	43.00	0.00	53.00	64.00	43.00
	4203.02	0.00	33.00	0.00	39.00	22.00	40.00	35.00	0.00	3.00	0.00	35.00	33.00	43.00	0.00	54.00	64.00	44.00
	4203.03	0.00	33.00	0.00	38.00	22.00	40.00	35.00	0.00	4.00	0.00	35.00	33.00	43.00	0.00	53.00	64.00	44.00
	4203.04	0.00	33.00	0.00	38.00	23.00	41.00	36.00	0.00	4.00	0.00	34.00	33.00	43.00	0.00	53.00	64.00	44.00
	4203.05	0.00	33.00	0.00	38.00	23.00	41.00	35.00	0.00	4.00	0.00	35.00	33.00	43.00	0.00	53.00	64.00	43.00
	4203.06	0.00	33.00	0.00	38.00	23.00	41.00	35.00	0.00	4.00	0.00	34.00	31.00	43.00	0.00	53.00	64.00	44.00
	4203.07	0.00	33.00	0.00	38.00	22.00	40.00	36.00	0.00	4.00	0.00	35.00	33.00	43.00	0.00	53.00	64.00	44.00
	4203.08	0.00	33.00	0.00	38.00	23.00	41.00	35.00	0.00	4.00	0.00	35.00	33.00	43.00	0.00	53.00	64.00	44.00
	4203.08	0.00	33.00	0.00	38.00	22.00	40.00	35.00	0.00	4.00	0.00	35.00	33.00	43.00	0.00	53.00	64.00	44.00
	4203.10	0.00	33.00	0.00	38.00	22.00	41.00	36.00	0.00	5.00	0.00	35.00	33.00	43.00	0.00	54.00	63.00	44.00
	4203.10	0.00	33.00	0.00	39.00	23.00	40.00	35.00	0.00	5.00	0.00	35.00	32.00	43.00	0.00	53.00	63.00	44.00
	4203.11	0.00	33.00	0.00	38.00	23.00	40.00	35.00	0.00	6.00	0.00	34.00	33.00	43.00	0.00	53.00	63.00	44.00
	4203.12	0.00	33.00	0.00	38.00	23.00	40.00	35.00	0.00	5.00	0.00	35.00	32.00	43.00	0.00	54.00	63.00	44.00
	4203.13	0.00	33.00	0.00	38.00	23.00	40.00	36.00	0.00	4.00	0.00	35.00	31.00	43.00	0.00	54.00	62.00	44.00
	4203.14	0.00	33.00	0.00	38.00	23.00	40.00	35.00	0.00	5.00	0.00	35.00	31.00	43.00	0.00	53.00	63.00	43.00
	4203.15	0.00	33.00	0.00	38.00	23.00	40.00	36.00	0.00	5.00	0.00	35.00	32.00	43.00	0.00	53.00	63.00	44.00
	4203.16	0.00	33.00	0.00	38.00	23.00	40.00	36.00	0.00	5.00	0.00	35.00	33.00	43.00	0.00	54.00	63.00	44.00
	4203.17	0.00	33.00	0.00	38.00	23.00	40.00	36.00	0.00	5.00	0.00	34.00	33.00	43.00	0.00	53.00	63.00	44.00
	4203.18	0.00	33.00	0.00	38.00	23.00	40.00	36.00	0.00	6.00	0.00	35.00	33.00	43.00	0.00	54.00	63.00	44.00
	4203.19	0.00	33.00	0.00	38.00	23.00	40.00	36.00	0.00	6.00	0.00	34.00	31.00	43.00	0.00	53.00	63.00	44.00
	4203.20	0.00	33.00	0.00	38.00	22.00	40.00	36.00	0.00	7.00	0.00	35.00	33.00	43.00	0.00	53.00	63.00	44.00
	4203.21	0.00	33.00	0.00	39.00	23.00	40.00	36.00	0.00	6.00	0.00	35.00	32.00	43.00	0.00	54.00	63.00	44.00
	4203.21	0.00	33.00	0.00	39.00	23.00	40.00	36.00	0.00	6.00	0.00	35.00	33.00	43.00	0.00	53.00	63.00	45.00
	4203.23	0.00	33.00	0.00	38.00	23.00	40.00	37.00	0.00	6.00	0.00	35.00	33.00	43.00	0.00	53.00	63.00	44.00
	4203.23	0.00	33.00	0.00	38.00	23.00	40.00	36.00	0.00	5.00	0.00	35.00	33.00	42.00	0.00	53.00	63.00	44.00
	4203.24	0.00	33.00	0.00	38.00	23.00	40.00	36.00	0.00	5.00	0.00	35.00	31.00	43.00	0.00	53.00	63.00	44.00
	4203.25	0.00	33.00	0.00	38.00	23.00	40.00	36.00	0.00	7.00	0.00	34.00	33.00	43.00	0.00	54.00	63.00	44.00
	4203.26	0.00	33.00	0.00	38.00	23.00	40.00	36.00	0.00	6.00	0.00	35.00	33.00	43.00	0.00	53.00	63.00	44.00
	4203.27	0.00	33.00	0.00	38.00	23.00	40.00	36.00	0.00	7.00	0.00	34.00	33.00	43.00	0.00	53.00	63.00	44.00
	4203.28	0.00	33.00	0.00	38.00	24.00	40.00	36.00	0.00	8.00	0.00	35.00	31.00	43.00	0.00	53.00	63.00	44.00
	4203.29	0.00	33.00	0.00	38.00	23.00	40.00	36.00	0.00	8.00	0.00	35.00	33.00	43.00	0.00	53.00	63.00	45.00
	4203.30	0.00	33.00	0.00	39.00	23.00	40.00	36.00	0.00	8.00	0.00	34.00	32.00	43.00	0.00	54.00	63.00	44.00
	4203.31	0.00	33.00	0.00	39.00	23.00	40.00	36.00	0.00	8.00	0.00	35.00	33.00	42.00	0.00	54.00	63.00	44.00
	4203.32	0.00	33.00	0.00	38.00	24.00	40.00	36.00	0.00	8.00	0.00	34.00	32.00	43.00	0.00	53.00	63.00	44.00
	4203.33	0.00	33.00	0.00	38.00	23.00	40.00	36.00	0.00	8.00	0.00	35.00	34.00	43.00	0.00	53.00	63.00	44.00
	4203.34	0.00	33.00	0.00	38.00	23.00	41.00	36.00	0.00	8.00	0.00	34.00	34.00	43.00	0.00	54.00	63.00	44.00
	4203.35	0.00	33.00	0.00	38.00	23.00	40.00	36.00	0.00	8.00	0.00	34.00	32.00	43.00	0.00	54.00	63.00	46.00
	4203.36	0.00	33.00	0.00	39.00	23.00	40.00	36.00	0.00	8.00	0.00	35.00	34.00	43.00	0.00	54.00	63.00	44.00
	4203.37	0.00	33.00	0.00	39.00	23.00	40.00	36.00	0.00	6.00	0.00	35.00	34.00	43.00	0.00	54.00	63.00	43.00
	4203.37	0.00	33.00	0.00	38.00	24.00	40.00	36.00	0.00	6.00	0.00	35.00	33.00	43.00	0.00	54.00	63.00	45.00
	4203.38	0.00	33.00	0.00	38.00	24.00	40.00	36.00	0.00	6.00	0.00	35.00	34.00	42.00	0.00	54.00	63.00	44.00
	4203.39	0.00	33.00	0.00	38.00	23.00	40.00	36.00	0.00	6.00	0.00	35.00	34.00	43.00	0.00	53.00	63.00	44.00
	4203.40	0.00	33.00	0.00	38.00	23.00	41.00	36.00	0.00	6.00	0.00	34.00	34.00	43.00	0.00	53.00	63.00	44.00
	4203.41	0.00	33.00	0.00	39.00	23.00	40.00	36.00	0.00	6.00	0.00	35.00	32.00	43.00	0.00	53.00	64.00	44.00
	4203.42	0.00	33.00	0.00	38.00	23.00	40.00	36.00	0.00	6.00	0.00	34.00	32.00	43.00	0.00	54.00	63.00	44.00
	4203.43	0.00	33.00	0.00	38.00	23.00	40.00	36.00	0.00	6.00	0.00	35.00	34.00	43.00	0.00	53.00	64.00	43.00
	4203.44	0.00	33.00	0.00	38.00	23.00	40.00	36.00	0.00	6.00	0.00	35.00	34.00	43.00	0.00	54.00	63.00	44.00
	4203.45	0.00	33.00	0.00	39.00	23.00	40.00	36.00	0.00	5.00	0.00	35.00	34.00	43.00	0.00	54.00	64.00	44.00
	4203.46	0.00	33.00	0.00	38.00	23.00	40.00	36.00	0.00	5.00	0.00	35.00	32.00	43.00	0.00	53.00	63.00	44.00
	4203.47	0.00	33.00	0.00	38.00	23.00	40.00	36.00	0.00	5.00	0.00	34.00	34.00	43.00	0.00	54.00	63.00	44.00
	4203.48	0.00	33.00	0.00	38.00	23.00	40.00	36.00	0.00	5.00	0.00	34.00	34.00	43.00	0.00	54.00	63.00	44.00
	4203.49	0.00	33.00	0.00	38.00	22.00	40.00	36.00	0.00	5.00	0.00	35.00	34.00	43.00	0.00	54.00	64.00	44.00
	4203.50	0.00	33.00	0.00	38.00	22.00	40.00	36.00	0.00	5.00	0.00	35.00	32.00	43.00	0.00	54.00	64.00	44.00
	4203.50	0.00	33.00	0.00	39.00	21.00	40.00	36.00	0.00	5.00	0.00	35.00	34.00	43.00	0.00	53.00	64.00	44.00
	4203.51	0.00	33.00	0.00	38.00	23.00	40.00	36.00	0.00	5.00	0.00	35.00	34.00	43.00	0.00	54.00	64.00	44.00
	4203.52	0.00	33.00	0.00	38.00	22.00	40.00	36.00	0.00	5.00	0.00	35.00	32.00	43.00	0.00	54.00	64.00	45.00
	4203.53	0.00	33.00	0.00	38.00	23.00	40.00	36.00	0.00	4.00	0.00	35.00	32.00	43.00	0.00	53.00	64.00	44.00
	4203.54	0.00	33.00	0.00	38.00	22.00	40.00	36.00	0.00	4.00	0.00	35.00	34.00	43.00	0.00	54.00	64.00	44.00
	4203.55	0.00	34.00	0.00	38.00	22.00	40.00	37.00	0.00	5.00	0.00	35.00	34.00	43.00	0.00	53.00	64.00	44.00
	4203.56	0.00	33.00	0.00	38.00	22.00	40.00	36.00	0.00	5.00	0.00	34.00	34.00	43.00	0.00	54.00	64.00	44.00
	4203.57	0.00	33.00	0.00	38.00	22.00	40.00	36.00	0.00	5.00	0.00	34.00	34.00	43.00	0.00	54.00	64.00	44.00
	4203.58	0.00	33.00	0.00	38.00	22.00	40.00	36.00	0.00	5.00	0.00	34.00	32.00	43.00	0.00	54.00	64.00	44.00
	4203.59	0.00	33.00	0.00	38.00	23.00	40.00	36.00	0.00	5.00	0.00	35.00	33.00	43.00	0.00	54.00	63.00	44.00
	4203.60	0.00	33.00	0.00	38.00	23.00	40.00	36.00	0.00	5.00	0.00	35.00	33.00	43.00	0.00	54.00	64.00	45.00
	4203.61	0.00	33.00	0.00	38.00	22.00	40.00	36.00	0.00	4.00	0.00	34.00	33.00	43.00	0.00	54.00	64.00	44.00
	4203.62	0.00	33.00	0.00	38.00	23.00	40.00	36.00	0.00	5.00	0.00	34.00	33.00	43.00	0.00	54.00	64.00	44.00
	4203.63	0.00	33.00	0.00	38.00	23.00	40.00	36.00	0.00	4.00	0.00	34.00	32.00	43.00	0.00	53.00	64.00	44.00
	4203.64	0.00	33.00	0.00	38.00	23.00	40.00	36.00	0.00	4.00	0.00	35.00	33.00	43.00	0.00	54.00	64.00	44.00
	4203.64	0.00	33.00	0.00	38.00	23.00	40.00	36.00	0.00	3.00	0.00	35.00	33.00	43.00	0.00	54.00	64.00	44.00
	4203.65	0.00	33.00	0.00	38.00	23.00	40.00	36.00	0.00	3.00	0.00	34.00	31.00	43.00	0.00	54.00	64.00	44.00
	4203.66	0.00	33.00	0.00	38.00	22.00	40.00	36.00	0.00	4.00	0.00	35.00	33.00	43.00	0.00	54.00	64.00	44.00
	4203.67	0.00	33.00	0.00	38.00	23.00	40.00	36.00	0.00	4.00	0.00	35.00	33.00	43.00	0.00	53.00	64.00	45.00
	4203.68	0.00	33.00	0.00	39.00	22.00	40.00	36.00	0.00	4.00	0.00	35.00	33.00	43.00	0.00	54.00	64.00	44.00
	4203.69	0.00	33.00	0.00	38.00	22.00	40.00	36.00	0.00	4.00	0.00	34.00	33.00	43.00	0.00	54.00	64.00	44.00
	4203.70	0.00	33.00	0.00	38.00	22.00	40.00	36.00	0.00	4.00	0.00	35.00	32.00	43.00	0.00	53.00	64.00	44.00
	4203.71	0.00	33.00	0.00	39.00	22.00	40.00	36.00	0.00	4.00	0.00	34.00	32.00	43.00	0.00	54.00	64.00	44.00
	4203.72	0.00	33.00	0.00	38.00	22.00	40.00	36.00	0.00	4.00	0.00	35.00	33.00	43.00	0.00	54.00	64.00	44.00
	4203.73	0.00	33.00	0.00	38.00	22.00	40.00	36.00	0.00	4.00	0.00	34.00	32.00	43.00	0.00	54.00	64.00	44.00
	4203.74	0.00	33.00	0.00	38.00	22.00	40.00	36.00	0.00	4.00	0.00	35.00	32.00	43.00	0.00	54.00	64.00	44.00
	4203.75	0.00	33.00	0.00	38.00	22.00	40.00	36.00	0.00	4.00	0.00	35.00	31.00	43.00	0.00	54.00	64.00	45.00
	4203.76	0.00	33.00	0.00	38.00	23.00	40.00	36.00	0.00	4.00	0.00	35.00	32.00	43.00	0.00	53.00	64.00	44.00
	4203.77	0.00	33.00	0.00	38.00	22.00	40.00	36.00	0.00	4.00	0.00	35.00	33.00	42.00	0.00	54.00	64.00	44.00
	4203.78	0.00	33.00	0.00	38.00	22.00	40.00	36.00	0.00	4.00	0.00	35.00	31.00	43.00	0.00	54.00	64.00	44.00
	4203.79	0.00	33.00	0.00	38.00	22.00	40.00	36.00	0.00	5.00	0.00	34.00	33.00	43.00	0.00	54.00	64.00	44.00
	4203.79	0.00	33.00	0.00	38.00	23.00	40.00	36.00	0.00	5.00	0.00	35.00	33.00	43.00	0.00	54.00	64.00	44.00
	4203.80	0.00	33.00	0.00	38.00	23.00	40.00	36.00	0.00	5.00	0.00	34.00	31.00	43.00	0.00	54.00	64.00	44.00
	4203.81	0.00	32.00	0.00	39.00	23.00	40.00	36.00	0.00	5.00	0.00	35.00	32.00	43.00	0.00	54.00	63.00	44.00
	4203.82	0.00	33.00	0.00	38.00	22.00	41.00	36.00	0.00	5.00	0.00	35.00	33.00	43.00	0.00	54.00	64.00	45.00
	4203.83	0.00	33.00	0.00	38.00	22.00	40.00	36.00	0.00	5.00	0.00	35.00	32.00	43.00	0.00	54.00	64.00	44.00
	4203.84	0.00	33.00	0.00	38.00	22.00	40.00	36.00	0.00	5.00	0.00	35.00	33.00	42.00	0.00	54.00	64.00	44.00
	4203.85	0.00	33.00	0.00	38.00	22.00	41.00	36.00	0.00	5.00	0.00	35.00	33.00	43.00	0.00	53.00	64.00	44.00
	4203.86	0.00	33.00	0.00	38.00	22.00	41.00	36.00	0.00	6.00	0.00	34.00	31.00	43.00	0.00	54.00	64.00	44.00
	4203.87	0.00	33.00	0.00	38.00	22.00	41.00	36.00	0.00	5.00	0.00	35.00	33.00	43.00	0.00	54.00	65.00	44.00
	4203.88	0.00	33.00	0.00	38.00	22.00	41.00	36.00	0.00	5.00	0.00	35.00	33.00	43.00	0.00	54.00	64.00	44.00
	4203.89	0.00	33.00	0.00	39.00	22.00	41.00	36.00	0.00	5.00	0.00	35.00	32.00	43.00	0.00	54.00	63.00	43.00
	4203.90	0.00	33.00	0.00	39.00	22.00	41.00	36.00	0.00	5.00	0.00	35.00	32.00	43.00	0.00	54.00	64.00	43.00
	4203.91	0.00	33.00	0.00	38.00	21.00	41.00	36.00	0.00	5.00	0.00	34.00	33.00	43.00	0.00	54.00	64.00	44.00
	4203.92	0.00	33.00	0.00	38.00	21.00	40.00	36.00	0.00	5.00	0.00	34.00	33.00	42.00	0.00	54.00	64.00	44.00
	4203.93	0.00	33.00	0.00	38.00	22.00	41.00	36.00	0.00	4.00	0.00	35.00	32.00	43.00	0.00	53.00	64.00	44.00
	4203.93	0.00	33.00	0.00	38.00	22.00	40.00	36.00	0.00	5.00	0.00	35.00	32.00	43.00	0.00	54.00	64.00	44.00
	4203.94	0.00	33.00	0.00	38.00	22.00	41.00	36.00	0.00	5.00	0.00	34.00	33.00	43.00	0.00	54.00	64.00	44.00
	4203.95	0.00	33.00	0.00	38.00	23.00	40.00	36.00	0.00	4.00	0.00	34.00	31.00	43.00	0.00	54.00	64.00	44.00
	4203.96	0.00	33.00	0.00	38.00	23.00	41.00	36.00	0.00	5.00	0.00	35.00	32.00	43.00	0.00	54.00	64.00	44.00
	4203.97	0.00	33.00	0.00	38.00	23.00	41.00	37.00	0.00	5.00	0.00	35.00	33.00	43.00	0.00	54.00	64.00	45.00
	4203.98	0.00	33.00	0.00	38.00	23.00	41.00	36.00	0.00	4.00	0.00	35.00	32.00	43.00	0.00	54.00	64.00	44.00
	4203.99	0.00	34.00	0.00	38.00	23.00	40.00	36.00	0.00	4.00	0.00	35.00	31.00	42.00	0.00	54.00	64.00	44.00
	4204.00	0.00	34.00	0.00	38.00	23.00	40.00	36.00	0.00	4.00	0.00	34.00	33.00	43.00	0.00	53.00	64.00	44.00
	4204.01	0.00	32.00	0.00	39.00	24.00	41.00	36.00	0.00	4.00	0.00	35.00	31.00	43.00	0.00	54.00	64.00	44.00
	4204.02	0.00	34.00	0.00	39.00	24.00	40.00	36.00	0.00	5.00	0.00	35.00	33.00	42.00	0.00	54.00	64.00	44.00
	4204.03	0.00	33.00	0.00	39.00	24.00	40.00	36.00	0.00	6.00	0.00	34.00	33.00	43.00	0.00	54.00	64.00	44.00
	4204.04	0.00	33.00	0.00	39.00	24.00	41.00	36.00	0.00	5.00	0.00	35.00	31.00	43.00	0.00	54.00	64.00	43.00
	4204.05	0.00	34.00	0.00	39.00	24.00	41.00	36.00	0.00	5.00	0.00	35.00	31.00	43.00	0.00	54.00	64.00	43.00
	4204.06	0.00	34.00	0.00	38.00	23.00	41.00	36.00	0.00	5.00	0.00	35.00	32.00	42.00	0.00	53.00	64.00	44.00
	4204.07	0.00	34.00	0.00	39.00	23.00	41.00	36.00	0.00	4.00	0.00	34.00	31.00	42.00	0.00	54.00	64.00	44.00
	4204.08	0.00	34.00	0.00	39.00	23.00	41.00	36.00	0.00	5.00	0.00	35.00	33.00	42.00	0.00	53.00	64.00	44.00
	4204.08	0.00	33.00	0.00	39.00	23.00	41.00	36.00	0.00	4.00	0.00	35.00	33.00	42.00	0.00	54.00	64.00	44.00
	4204.09	0.00	33.00	0.00	38.00	23.00	41.00	37.00	0.00	4.00	0.00	35.00	33.00	42.00	0.00	54.00	64.00	44.00
	4204.10	0.00	33.00	0.00	38.00	22.00	41.00	36.00	0.00	5.00	0.00	35.00	33.00	42.00	0.00	54.00	64.00	44.00
	4204.11	0.00	34.00	0.00	39.00	22.00	41.00	36.00	0.00	6.00	0.00	35.00	33.00	42.00	0.00	54.00	64.00	43.00
	4204.12	0.00	33.00	0.00	39.00	22.00	41.00	36.00	0.00	6.00	0.00	35.00	33.00	42.00	0.00	53.00	64.00	43.00
	4204.13	0.00	34.00	0.00	38.00	22.00	41.00	36.00	0.00	7.00	0.00	35.00	31.00	42.00	0.00	54.00	64.00	44.00
	4204.14	0.00	34.00	0.00	38.00	22.00	41.00	36.00	0.00	7.00	0.00	35.00	31.00	42.00	0.00	54.00	64.00	44.00
	4204.15	0.00	33.00	0.00	38.00	23.00	40.00	36.00	0.00	7.00	0.00	35.00	33.00	42.00	0.00	53.00	64.00	44.00
	4204.16	0.00	33.00	0.00	38.00	22.00	41.00	36.00	0.00	7.00	0.00	35.00	33.00	42.00	0.00	54.00	64.00	44.00
	4204.17	0.00	34.00	0.00	38.00	20.00	41.00	36.00	0.00	6.00	0.00	35.00	31.00	42.00	0.00	54.00	65.00	44.00
	4204.18	0.00	32.00	0.00	39.00	22.00	41.00	36.00	0.00	6.00	0.00	35.00	31.00	42.00	0.00	54.00	64.00	44.00
	4204.19	0.00	33.00	0.00	39.00	22.00	41.00	35.00	0.00	6.00	0.00	35.00	31.00	42.00	0.00	54.00	64.00	44.00
	4204.20	0.00	34.00	0.00	39.00	22.00	41.00	36.00	0.00	6.00	0.00	35.00	33.00	42.00	0.00	54.00	65.00	44.00
	4204.21	0.00	34.00	0.00	39.00	22.00	41.00	36.00	0.00	7.00	0.00	35.00	31.00	42.00	0.00	54.00	65.00	43.00
	4204.22	0.00	34.00	0.00	39.00	22.00	41.00	36.00	0.00	6.00	0.00	35.00	33.00	42.00	0.00	54.00	65.00	44.00
	4204.22	0.00	34.00	0.00	39.00	24.00	41.00	36.00	0.00	6.00	0.00	35.00	31.00	41.00	0.00	54.00	65.00	44.00
	4204.23	0.00	34.00	0.00	39.00	25.00	40.00	36.00	0.00	6.00	0.00	34.00	33.00	42.00	0.00	54.00	64.00	44.00
	4204.24	0.00	34.00	0.00	39.00	26.00	41.00	36.00	0.00	5.00	0.00	35.00	33.00	42.00	0.00	54.00	64.00	44.00
	4204.25	0.00	34.00	0.00	39.00	26.00	41.00	36.00	0.00	4.00	0.00	35.00	31.00	42.00	0.00	54.00	64.00	44.00
	4204.26	0.00	34.00	0.00	38.00	26.00	41.00	36.00	0.00	4.00	0.00	34.00	33.00	42.00	0.00	53.00	64.00	44.00
	4204.27	0.00	34.00	0.00	38.00	25.00	41.00	36.00	0.00	3.00	0.00	35.00	33.00	42.00	0.00	54.00	64.00	43.00
	4204.28	0.00	33.00	0.00	38.00	23.00	41.00	36.00	0.00	2.00	0.00	35.00	31.00	42.00	0.00	53.00	64.00	43.00
	4204.29	0.00	34.00	0.00	39.00	24.00	41.00	36.00	0.00	4.00	0.00	35.00	31.00	41.00	0.00	53.00	64.00	44.00
	4204.30	0.00	34.00	0.00	38.00	23.00	41.00	37.00	0.00	6.00	0.00	34.00	31.00	39.00	0.00	53.00	64.00	44.00
	4204.31	0.00	34.00	0.00	39.00	23.00	41.00	36.00	0.00	11.00	0.00	35.00	31.00	41.00	0.00	53.00	64.00	44.00
	4204.32	0.00	34.00	0.00	37.00	26.00	41.00	36.00	0.00	16.00	0.00	35.00	33.00	41.00	0.00	54.00	63.00	46.00
	4204.33	0.00	34.00	0.00	36.00	28.00	41.00	37.00	0.00	24.00	0.00	35.00	33.00	41.00	0.00	54.00	63.00	46.00
	4204.34	0.00	34.00	5.00	35.00	28.00	42.00	36.00	0.00	25.00	0.00	35.00	31.00	41.00	0.00	53.00	61.00	44.00
	4204.35	0.00	34.00	14.00	34.00	30.00	41.00	37.00	0.00	29.00	0.00	34.00	32.00	41.00	0.00	54.00	63.00	45.00
	4204.36	0.00	34.00	16.00	34.00	30.00	41.00	38.00	0.00	32.00	0.00	35.00	31.00	41.00	0.00	53.00	63.00	45.00
	4204.37	0.00	34.00	16.00	35.00	35.00	42.00	39.00	16.00	36.00	0.00	35.00	32.00	41.00	0.00	53.00	63.00	46.00
	4204.37	0.00	34.00	16.00	36.00	35.00	42.00	38.00	16.00	39.00	0.00	35.00	32.00	41.00	0.00	53.00	63.00	46.00
	4204.38	0.00	34.00	16.00	37.00	37.00	43.00	40.00	16.00	41.00	0.00	35.00	31.00	41.00	0.00	53.00	63.00	45.00
	4204.39	0.00	34.00	16.00	37.00	37.00	43.00	38.00	16.00	43.00	0.00	35.00	30.00	41.00	0.00	53.00	63.00	44.00
	4204.40	0.00	34.00	16.00	35.00	38.00	43.00	39.00	16.00	43.00	0.00	35.00	30.00	41.00	0.00	53.00	62.00	46.00
	4204.41	0.00	34.00	16.00	36.00	41.00	43.00	39.00	15.00	44.00	0.00	35.00	30.00	41.00	0.00	53.00	62.00	45.00
	4204.42	0.00	34.00	16.00	35.00	59.00	43.00	39.00	16.00	43.00	0.00	35.00	30.00	41.00	0.00	53.00	62.00	46.00
	4204.43	0.00	34.00	17.00	36.00	65.00	43.00	39.00	16.00	45.00	0.00	35.00	30.00	41.00	0.00	53.00	62.00	46.00
	4204.44	0.00	34.00	17.00	36.00	71.00	43.00	39.00	16.00	46.00	0.00	35.00	31.00	41.00	0.00	53.00	62.00	46.00
	4204.45	0.00	34.00	17.00	37.00	76.00	43.00	39.00	16.00	47.00	0.00	35.00	29.00	41.00	0.00	53.00	62.00	44.00
	4204.46	0.00	34.00	16.00	36.00	77.00	43.00	40.00	16.00	48.00	0.00	35.00	31.00	41.00	0.00	53.00	61.00	45.00
	4204.47	0.00	34.00	16.00	35.00	80.00	43.00	38.00	16.00	51.00	0.00	35.00	31.00	41.00	0.00	53.00	59.00	46.00
	4204.48	0.00	34.00	17.00	37.00	85.00	43.00	40.00	16.00	52.00	0.00	35.00	29.00	41.00	0.00	53.00	61.00	45.00
	4204.49	0.00	34.00	17.00	35.00	87.00	43.00	39.00	16.00	61.00	0.00	35.00	29.00	41.00	0.00	52.00	61.00	46.00
	4204.50	0.00	34.00	16.00	36.00	92.00	43.00	38.00	16.00	64.00	0.00	35.00	31.00	41.00	0.00	53.00	59.00	46.00
	4204.51	0.00	34.00	16.00	37.00	91.00	43.00	39.00	16.00	72.00	0.00	35.00	29.00	41.00	0.00	53.00	61.00	44.00
	4204.52	0.00	34.00	16.00	36.00	94.00	43.00	40.00	16.00	72.00	0.00	35.00	28.00	40.00	0.00	53.00	61.00	45.00
	4204.53	0.00	34.00	15.00	36.00	96.00	43.00	39.00	16.00	74.00	0.00	35.00	30.00	40.00	0.00	53.00	61.00	45.00
	4204.54	0.00	34.00	15.00	36.00	96.00	43.00	39.00	16.00	79.00	0.00	35.00	30.00	41.00	0.00	53.00	60.00	45.00
	4204.55	0.00	34.00	14.00	36.00	98.00	43.00	39.00	15.00	83.00	0.00	35.00	30.00	40.00	0.00	53.00	61.00	45.00
	4204.56	0.00	34.00	16.00	37.00	98.00	43.00	38.00	15.00	93.00	0.00	35.00	30.00	41.00	0.00	53.00	59.00	45.00
	4204.56	0.00	34.00	14.00	39.00	102.00	43.00	39.00	16.00	110.00	0.00	35.00	30.00	41.00	0.00	53.00	60.00	45.00
	4204.58	0.00	35.00	18.00	39.00	103.00	43.00	40.00	15.00	119.00	0.00	35.00	30.00	40.00	0.00	53.00	61.00	45.00
	4204.58	0.00	36.00	17.00	39.00	107.00	43.00	41.00	16.00	134.00	0.00	35.00	28.00	40.00	0.00	53.00	61.00	45.00
	4204.59	0.00	35.00	17.00	38.00	110.00	43.00	44.00	16.00	135.00	0.00	35.00	29.00	40.00	0.00	53.00	60.00	45.00
	4204.60	0.00	36.00	18.00	39.00	114.00	43.00	44.00	16.00	141.00	0.00	35.00	29.00	40.00	0.00	53.00	60.00	45.00
	4204.61	0.00	36.00	16.00	40.00	119.00	43.00	44.00	15.00	148.00	0.00	35.00	27.00	40.00	0.00	53.00	60.00	45.00
	4204.62	0.00	36.00	18.00	39.00	120.00	44.00	43.00	14.00	153.00	0.00	35.00	29.00	38.00	0.00	53.00	60.00	45.00
	4204.63	0.00	36.00	20.00	39.00	121.00	47.00	45.00	24.00	161.00	0.00	35.00	26.00	40.00	0.00	53.00	60.00	45.00
	4204.64	0.00	36.00	19.00	40.00	127.00	48.00	45.00	25.00	165.00	0.00	35.00	28.00	40.00	0.00	53.00	60.00	45.00
	4204.65	0.00	36.00	22.00	40.00	131.00	49.00	45.00	25.00	179.00	0.00	35.00	26.00	40.00	0.00	53.00	60.00	45.00
	4204.66	0.00	36.00	21.00	40.00	137.00	49.00	45.00	25.00	195.00	0.00	35.00	26.00	39.00	0.00	52.00	60.00	45.00
	4204.67	0.00	36.00	23.00	40.00	143.00	49.00	45.00	26.00	200.00	0.00	35.00	28.00	40.00	0.00	53.00	59.00	45.00
	4204.68	0.00	36.00	22.00	40.00	147.00	50.00	45.00	26.00	208.00	0.00	35.00	25.00	40.00	0.00	53.00	59.00	45.00
	4204.69	0.00	37.00	23.00	42.00	149.00	53.00	45.00	26.00	215.00	0.00	35.00	25.00	39.00	0.00	52.00	56.00	45.00
	4204.70	0.00	37.00	23.00	41.00	152.00	54.00	44.00	26.00	222.00	0.00	35.00	25.00	39.00	0.00	51.00	55.00	45.00
	4204.71	0.00	36.00	22.00	42.00	156.00	56.00	45.00	26.00	225.00	0.00	35.00	25.00	39.00	0.00	52.00	54.00	43.00
	4204.72	0.00	37.00	25.00	44.00	157.00	65.00	47.00	26.00	228.00	0.00	35.00	27.00	39.00	0.00	51.00	55.00	43.00
	4204.73	0.00	37.00	24.00	44.00	160.00	76.00	46.00	26.00	235.00	0.00	35.00	26.00	39.00	0.00	51.00	54.00	43.00
	4204.74	0.00	37.00	30.00	45.00	163.00	82.00	45.00	27.00	238.00	0.00	35.00	25.00	39.00	0.00	51.00	54.00	43.00
	4204.75	0.00	37.00	29.00	45.00	164.00	87.00	46.00	27.00	239.00	0.00	35.00	26.00	39.00	0.00	50.00	53.00	43.00
	4204.76	0.00	37.00	30.00	46.00	164.00	92.00	46.00	27.00	241.00	0.00	34.00	25.00	39.00	0.00	50.00	52.00	43.00
	4204.77	0.00	37.00	30.00	46.00	165.00	102.00	46.00	27.00	244.00	0.00	34.00	25.00	40.00	0.00	50.00	52.00	43.00
	4204.78	0.00	37.00	41.00	47.00	165.00	118.00	45.00	27.00	249.00	0.00	33.00	28.00	40.00	0.00	50.00	53.00	43.00
	4204.79	0.00	37.00	45.00	47.00	166.00	126.00	45.00	27.00	255.00	0.00	32.00	26.00	39.00	0.00	50.00	53.00	41.00
	4204.80	0.00	38.00	49.00	48.00	166.00	131.00	45.00	27.00	263.00	0.00	31.00	26.00	39.00	0.00	50.00	53.00	41.00
	4204.81	0.00	38.00	50.00	47.00	168.00	140.00	44.00	27.00	267.00	0.00	31.00	28.00	41.00	0.00	49.00	53.00	41.00
	4204.82	0.00	38.00	51.00	47.00	170.00	145.00	45.00	27.00	271.00	0.00	31.00	29.00	42.00	0.00	49.00	52.00	41.00
	4204.83	0.00	38.00	52.00	47.00	170.00	151.00	44.00	27.00	272.00	0.00	31.00	31.00	43.00	0.00	49.00	52.00	43.00
	4204.83	0.00	38.00	53.00	48.00	173.00	155.00	46.00	27.00	276.00	0.00	31.00	30.00	43.00	0.00	50.00	51.00	43.00
	4204.85	0.00	37.00	57.00	48.00	174.00	159.00	44.00	27.00	281.00	0.00	31.00	30.00	44.00	0.00	49.00	50.00	43.00
	4204.85	0.00	38.00	61.00	48.00	173.00	165.00	45.00	27.00	284.00	0.00	31.00	32.00	42.00	0.00	50.00	49.00	43.00
	4204.86	0.00	38.00	62.00	49.00	172.00	169.00	44.00	26.00	282.00	0.00	32.00	33.00	44.00	0.00	50.00	49.00	44.00
	4204.87	0.00	38.00	68.00	48.00	175.00	173.00	44.00	27.00	284.00	0.00	31.00	33.00	44.00	0.00	49.00	49.00	43.00
	4204.88	0.00	38.00	71.00	48.00	176.00	177.00	44.00	28.00	287.00	0.00	31.00	34.00	44.00	0.00	48.00	49.00	43.00
	4204.89	0.00	38.00	75.00	49.00	178.00	179.00	44.00	28.00	288.00	0.00	31.00	33.00	44.00	0.00	49.00	49.00	41.00
	4204.90	0.00	38.00	76.00	50.00	182.00	187.00	44.00	29.00	290.00	0.00	30.00	34.00	43.00	0.00	49.00	49.00	41.00
	4204.91	0.00	38.00	77.00	49.00	182.00	190.00	44.00	29.00	293.00	0.00	31.00	32.00	44.00	0.00	49.00	49.00	41.00
	4204.92	0.00	38.00	77.00	49.00	185.00	191.00	44.00	29.00	295.00	0.00	31.00	30.00	44.00	0.00	49.00	49.00	42.00
	4204.93	0.00	38.00	77.00	50.00	184.00	193.00	44.00	28.00	294.00	0.00	31.00	31.00	43.00	0.00	48.00	49.00	41.00
	4204.94	0.00	38.00	77.00	49.00	185.00	196.00	44.00	29.00	296.00	0.00	31.00	30.00	43.00	0.00	48.00	49.00	39.00
	4204.95	0.00	39.00	78.00	50.00	184.00	200.00	44.00	28.00	298.00	0.00	31.00	31.00	43.00	0.00	48.00	49.00	40.00
	4204.96	0.00	39.00	78.00	49.00	185.00	205.00	44.00	28.00	297.00	0.00	31.00	31.00	43.00	0.00	48.00	48.00	41.00
	4204.97	0.00	39.00	78.00	49.00	185.00	208.00	44.00	28.00	297.00	0.00	31.00	31.00	43.00	0.00	48.00	48.00	40.00
	4204.98	0.00	39.00	76.00	49.00	184.00	208.00	44.00	28.00	298.00	0.00	31.00	33.00	43.00	0.00	48.00	48.00	39.00
	4204.99	0.00	38.00	75.00	49.00	182.00	211.00	45.00	28.00	298.00	0.00	31.00	31.00	42.00	0.00	48.00	48.00	40.00
	4205.00	0.00	38.00	75.00	50.00	183.00	211.00	45.00	28.00	299.00	0.00	31.00	31.00	42.00	0.00	48.00	48.00	40.00
	4205.01	0.00	38.00	76.00	50.00	181.00	210.00	44.00	28.00	298.00	0.00	31.00	32.00	40.00	0.00	48.00	48.00	40.00
	4205.02	0.00	38.00	74.00	49.00	180.00	211.00	44.00	28.00	294.00	0.00	31.00	31.00	41.00	0.00	48.00	48.00	40.00
	4205.03	0.00	38.00	73.00	50.00	179.00	211.00	44.00	28.00	294.00	0.00	30.00	31.00	40.00	0.00	48.00	48.00	40.00
	4205.04	0.00	39.00	72.00	49.00	179.00	211.00	44.00	28.00	292.00	0.00	30.00	29.00	40.00	0.00	48.00	48.00	40.00
	4205.05	0.00	37.00	70.00	50.00	178.00	211.00	44.00	28.00	289.00	0.00	31.00	29.00	41.00	0.00	48.00	48.00	39.00
	4205.06	0.00	38.00	59.00	48.00	175.00	210.00	44.00	28.00	287.00	0.00	31.00	31.00	40.00	0.00	47.00	48.00	42.00
	4205.07	0.00	38.00	59.00	48.00	175.00	206.00	45.00	28.00	285.00	0.00	31.00	31.00	40.00	0.00	48.00	48.00	41.00
	4205.08	0.00	38.00	58.00	48.00	174.00	199.00	44.00	28.00	282.00	0.00	31.00	30.00	40.00	0.00	48.00	48.00	42.00
	4205.09	0.00	38.00	57.00	48.00	171.00	190.00	45.00	28.00	279.00	0.00	31.00	31.00	40.00	0.00	48.00	48.00	39.00
	4205.10	0.00	38.00	57.00	48.00	168.00	184.00	44.00	28.00	278.00	0.00	31.00	30.00	40.00	0.00	47.00	48.00	41.00
	4205.11	0.00	38.00	57.00	48.00	167.00	181.00	44.00	28.00	275.00	0.00	30.00	30.00	39.00	0.00	47.00	48.00	40.00
	4205.12	0.00	38.00	57.00	48.00	166.00	178.00	44.00	28.00	273.00	0.00	31.00	28.00	39.00	0.00	48.00	48.00	40.00
	4205.13	0.00	38.00	57.00	47.00	164.00	175.00	44.00	28.00	270.00	0.00	31.00	29.00	39.00	0.00	47.00	49.00	41.00
	4205.13	0.00	38.00	56.00	48.00	165.00	173.00	44.00	28.00	269.00	0.00	31.00	29.00	38.00	0.00	47.00	49.00	40.00
	4205.15	0.00	38.00	56.00	47.00	164.00	170.00	44.00	27.00	269.00	0.00	31.00	29.00	38.00	0.00	47.00	48.00	40.00
	4205.15	0.00	38.00	47.00	48.00	165.00	169.00	44.00	28.00	268.00	0.00	31.00	30.00	38.00	0.00	48.00	48.00	39.00
	4205.16	0.00	38.00	46.00	48.00	165.00	166.00	44.00	28.00	267.00	0.00	32.00	30.00	38.00	0.00	48.00	47.00	40.00
	4205.17	0.00	38.00	46.00	48.00	164.00	158.00	44.00	28.00	267.00	0.00	31.00	31.00	38.00	0.00	48.00	47.00	41.00
	4205.18	0.00	38.00	47.00	48.00	165.00	147.00	45.00	28.00	267.00	0.00	32.00	31.00	37.00	0.00	48.00	46.00	40.00
	4205.19	0.00	37.00	45.00	48.00	165.00	144.00	44.00	28.00	265.00	0.00	32.00	29.00	37.00	0.00	48.00	45.00	40.00
	4205.20	0.00	38.00	45.00	49.00	165.00	140.00	44.00	28.00	264.00	0.00	32.00	31.00	36.00	0.00	48.00	45.00	40.00
	4205.21	0.00	38.00	48.00	48.00	165.00	136.00	44.00	29.00	265.00	0.00	32.00	31.00	36.00	0.00	48.00	45.00	40.00
	4205.22	0.00	38.00	48.00	48.00	165.00	134.00	44.00	28.00	266.00	0.00	32.00	30.00	36.00	0.00	48.00	46.00	40.00
	4205.23	0.00	38.00	47.00	48.00	166.00	133.00	44.00	29.00	266.00	0.00	32.00	29.00	36.00	0.00	48.00	45.00	40.00
	4205.24	0.00	39.00	44.00	48.00	166.00	131.00	44.00	28.00	264.00	0.00	32.00	28.00	36.00	0.00	48.00	47.00	39.00
	4205.25	0.00	38.00	42.00	48.00	166.00	129.00	44.00	28.00	265.00	0.00	32.00	28.00	35.00	0.00	48.00	46.00	39.00
	4205.26	0.00	38.00	42.00	48.00	166.00	127.00	44.00	29.00	264.00	0.00	32.00	27.00	35.00	0.00	49.00	46.00	39.00
	4205.27	0.00	38.00	43.00	49.00	167.00	121.00	44.00	29.00	262.00	0.00	33.00	26.00	35.00	0.00	48.00	47.00	39.00
	4205.28	0.00	38.00	27.00	48.00	167.00	111.00	44.00	29.00	262.00	0.00	33.00	27.00	35.00	0.00	50.00	47.00	39.00
	4205.29	0.00	38.00	25.00	49.00	165.00	108.00	44.00	29.00	263.00	0.00	32.00	27.00	35.00	0.00	52.00	47.00	39.00
	4205.30	0.00	38.00	25.00	48.00	166.00	105.00	44.00	28.00	261.00	0.00	33.00	26.00	35.00	0.00	53.00	47.00	40.00
	4205.31	0.00	38.00	25.00	48.00	164.00	101.00	44.00	29.00	256.00	0.00	33.00	27.00	34.00	11.00	58.00	46.00	40.00
	4205.32	0.00	38.00	26.00	48.00	165.00	98.00	44.00	27.00	251.00	0.00	33.00	27.00	34.00	15.00	74.00	47.00	42.00
	4205.33	0.00	38.00	25.00	48.00	163.00	97.00	44.00	29.00	248.00	0.00	34.00	28.00	34.00	16.00	92.00	49.00	42.00
	4205.34	0.00	38.00	22.00	49.00	164.00	93.00	44.00	29.00	243.00	0.00	33.00	28.00	34.00	13.00	114.00	50.00	43.00
	4205.35	0.00	38.00	27.00	48.00	162.00	88.00	44.00	29.00	240.00	0.00	33.00	29.00	33.00	13.00	135.00	55.00	43.00
	4205.36	0.00	37.00	26.00	48.00	163.00	83.00	44.00	29.00	241.00	0.00	35.00	29.00	34.00	16.00	149.00	59.00	44.00
	4205.37	0.00	37.00	27.00	47.00	163.00	78.00	44.00	30.00	241.00	0.00	35.00	29.00	35.00	16.00	168.00	61.00	45.00
	4205.38	0.00	37.00	25.00	48.00	162.00	70.00	45.00	31.00	240.00	0.00	36.00	31.00	35.00	16.00	177.00	62.00	45.00
	4205.39	0.00	37.00	25.00	49.00	160.00	67.00	44.00	31.00	238.00	0.00	35.00	32.00	36.00	14.00	183.00	64.00	46.00
	4205.40	0.00	37.00	24.00	48.00	159.00	66.00	44.00	31.00	233.00	0.00	36.00	31.00	37.00	15.00	188.00	65.00	45.00
	4205.41	0.00	37.00	25.00	48.00	159.00	66.00	44.00	31.00	233.00	0.00	36.00	34.00	36.00	19.00	191.00	68.00	48.00
	4205.42	0.00	37.00	26.00	48.00	160.00	66.00	45.00	34.00	230.00	0.00	36.00	34.00	38.00	20.00	196.00	69.00	48.00
	4205.43	0.00	37.00	22.00	48.00	161.00	66.00	45.00	36.00	220.00	0.00	35.00	33.00	38.00	21.00	201.00	73.00	50.00
	4205.44	0.00	37.00	23.00	49.00	161.00	67.00	45.00	36.00	217.00	0.00	37.00	34.00	38.00	20.00	205.00	84.00	62.00
	4205.45	0.00	37.00	21.00	48.00	163.00	66.00	45.00	36.00	212.00	0.00	37.00	34.00	39.00	21.00	209.00	88.00	72.00
	4205.46	0.00	37.00	21.00	48.00	163.00	62.00	45.00	36.00	209.00	0.00	37.00	35.00	39.00	20.00	210.00	93.00	74.00
	4205.47	0.00	37.00	20.00	49.00	161.00	58.00	45.00	37.00	211.00	0.00	37.00	34.00	39.00	18.00	210.00	94.00	77.00
	4205.48	0.00	37.00	22.00	49.00	163.00	58.00	45.00	37.00	212.00	0.00	37.00	32.00	39.00	19.00	207.00	89.00	75.00
	4205.49	0.00	37.00	21.00	47.00	163.00	58.00	45.00	37.00	214.00	0.00	38.00	34.00	39.00	19.00	203.00	79.00	70.00
	4205.50	0.00	37.00	22.00	45.00	161.00	57.00	45.00	37.00	214.00	0.00	38.00	33.00	39.00	18.00	198.00	76.00	52.00
	4205.50	0.00	37.00	19.00	46.00	157.00	57.00	44.00	36.00	204.00	0.00	37.00	31.00	39.00	18.00	197.00	74.00	51.00
	4205.52	0.00	37.00	21.00	45.00	149.00	56.00	42.00	30.00	186.00	0.00	37.00	32.00	39.00	19.00	192.00	71.00	48.00
	4205.52	0.00	37.00	16.00	44.00	139.00	57.00	42.00	31.00	179.00	0.00	37.00	31.00	39.00	19.00	191.00	71.00	50.00
	4205.54	0.00	36.00	16.00	43.00	133.00	56.00	42.00	30.00	165.00	0.00	37.00	30.00	39.00	18.00	187.00	70.00	50.00
	4205.54	0.00	36.00	10.00	43.00	131.00	50.00	42.00	30.00	153.00	0.00	37.00	29.00	39.00	19.00	186.00	71.00	50.00
	4205.55	0.00	36.00	18.00	41.00	128.00	49.00	42.00	30.00	123.00	0.00	37.00	28.00	38.00	20.00	179.00	71.00	50.00
	4205.56	0.00	36.00	12.00	37.00	118.00	48.00	42.00	27.00	109.00	0.00	37.00	29.00	39.00	18.00	171.00	71.00	49.00
	4205.57	0.00	36.00	1.00	38.00	106.00	48.00	41.00	29.00	87.00	0.00	36.00	27.00	39.00	16.00	166.00	72.00	49.00
	4205.58	0.00	36.00	0.00	38.00	98.00	48.00	42.00	28.00	67.00	0.00	37.00	27.00	39.00	16.00	154.00	71.00	49.00
	4205.59	0.00	34.00	0.00	37.00	74.00	49.00	38.00	28.00	49.00	0.00	37.00	26.00	39.00	16.00	148.00	71.00	48.00
	4205.60	0.00	34.00	0.00	38.00	45.00	48.00	38.00	28.00	43.00	0.00	37.00	28.00	39.00	16.00	144.00	70.00	48.00
	4205.61	0.00	33.00	0.00	36.00	44.00	47.00	38.00	28.00	38.00	0.00	37.00	25.00	39.00	17.00	127.00	69.00	48.00
	4205.62	0.00	33.00	0.00	37.00	42.00	48.00	38.00	28.00	23.00	0.00	36.00	26.00	39.00	16.00	106.00	67.00	46.00
	4205.63	0.00	33.00	0.00	36.00	41.00	48.00	37.00	27.00	19.00	0.00	37.00	27.00	37.00	17.00	91.00	66.00	46.00
	4205.64	0.00	33.00	0.00	35.00	37.00	48.00	37.00	28.00	21.00	0.00	37.00	27.00	39.00	17.00	89.00	61.00	45.00
	4205.65	0.00	33.00	0.00	36.00	35.00	47.00	37.00	27.00	22.00	0.00	37.00	27.00	39.00	18.00	88.00	61.00	44.00
	4205.66	0.00	33.00	0.00	34.00	33.00	47.00	36.00	26.00	19.00	0.00	37.00	28.00	39.00	14.00	84.00	57.00	45.00
	4205.67	0.00	32.00	0.00	33.00	32.00	47.00	32.00	26.00	13.00	0.00	37.00	27.00	39.00	16.00	81.00	54.00	44.00
	4205.68	0.00	31.00	0.00	32.00	29.00	45.00	31.00	26.00	4.00	0.00	37.00	27.00	39.00	17.00	66.00	55.00	43.00
	4205.69	0.00	30.00	0.00	32.00	25.00	43.00	30.00	26.00	4.00	0.00	37.00	27.00	39.00	16.00	63.00	55.00	42.00
	4205.70	0.00	20.00	0.00	31.00	21.00	42.00	16.00	17.00	2.00	0.00	37.00	29.00	38.00	16.00	63.00	54.00	42.00
	4205.71	0.00	19.00	0.00	31.00	18.00	42.00	17.00	0.00	0.00	0.00	37.00	29.00	37.00	16.00	62.00	53.00	43.00
	4205.72	0.00	20.00	0.00	29.00	12.00	41.00	17.00	0.00	0.00	0.00	37.00	27.00	39.00	15.00	60.00	53.00	42.00
	4205.73	0.00	19.00	0.00	28.00	8.00	41.00	17.00	0.00	0.00	0.00	36.00	26.00	39.00	15.00	58.00	52.00	43.00
	4205.73	0.00	17.00	0.00	27.00	9.00	41.00	17.00	0.00	0.00	0.00	36.00	25.00	39.00	14.00	56.00	52.00	43.00
	4205.75	0.00	15.00	0.00	26.00	7.00	40.00	16.00	0.00	0.00	0.00	37.00	27.00	39.00	14.00	56.00	51.00	42.00
	4205.75	0.00	20.00	0.00	27.00	0.00	40.00	32.00	0.00	0.00	0.00	36.00	27.00	39.00	13.00	55.00	51.00	42.00
	4205.76	0.00	20.00	0.00	24.00	0.00	40.00	32.00	0.00	0.00	0.00	36.00	25.00	39.00	10.00	54.00	51.00	42.00
	4205.77	0.00	18.00	0.00	25.00	0.00	40.00	32.00	0.00	0.00	0.00	36.00	27.00	39.00	10.00	54.00	51.00	42.00
	4205.78	0.00	19.00	0.00	25.00	0.00	39.00	32.00	0.00	0.00	0.00	36.00	24.00	39.00	13.00	54.00	51.00	42.00
	4205.79	0.00	19.00	0.00	26.00	0.00	37.00	33.00	0.00	0.00	0.00	37.00	24.00	39.00	11.00	54.00	51.00	42.00
	4205.80	0.00	19.00	0.00	26.00	0.00	37.00	34.00	0.00	0.00	0.00	37.00	23.00	39.00	14.00	52.00	51.00	41.00
	4205.81	0.00	18.00	0.00	27.00	0.00	37.00	17.00	0.00	0.00	0.00	36.00	21.00	39.00	9.00	52.00	51.00	41.00
	4205.82	0.00	16.00	0.00	26.00	0.00	37.00	17.00	0.00	0.00	0.00	36.00	21.00	39.00	12.00	52.00	51.00	41.00
	4205.83	0.00	16.00	0.00	25.00	0.00	37.00	16.00	0.00	0.00	0.00	36.00	22.00	39.00	13.00	51.00	51.00	41.00
	4205.84	0.00	7.00	0.00	21.00	0.00	37.00	16.00	0.00	0.00	0.00	36.00	21.00	39.00	0.00	51.00	51.00	41.00
	4205.85	0.00	7.00	0.00	23.00	0.00	37.00	8.00	0.00	0.00	0.00	36.00	22.00	39.00	0.00	51.00	51.00	41.00
	4205.86	0.00	7.00	0.00	25.00	0.00	37.00	11.00	0.00	0.00	0.00	36.00	23.00	39.00	3.00	51.00	50.00	41.00
	4205.87	0.00	7.00	0.00	26.00	0.00	38.00	12.00	0.00	0.00	0.00	35.00	22.00	39.00	5.00	51.00	51.00	41.00
	4205.87	0.00	7.00	0.00	26.00	0.00	38.00	13.00	0.00	0.00	0.00	36.00	21.00	39.00	3.00	51.00	50.00	41.00
	4205.88	0.00	0.00	0.00	23.00	0.00	37.00	13.00	0.00	0.00	0.00	36.00	21.00	39.00	6.00	51.00	50.00	41.00
	4205.89	0.00	0.00	0.00	24.00	0.00	38.00	14.00	0.00	0.00	0.00	36.00	20.00	39.00	11.00	51.00	50.00	41.00
	4205.90	0.00	0.00	0.00	25.00	0.00	38.00	12.00	0.00	0.00	0.00	35.00	22.00	39.00	12.00	51.00	50.00	41.00
	4205.91	0.00	0.00	0.00	24.00	0.00	38.00	14.00	0.00	0.00	0.00	36.00	23.00	39.00	5.00	50.00	50.00	40.00
	4205.92	0.00	0.00	0.00	24.00	0.00	38.00	14.00	0.00	0.00	0.00	36.00	23.00	39.00	12.00	51.00	50.00	41.00
	4205.93	0.00	5.00	0.00	25.00	0.00	38.00	13.00	0.00	0.00	0.00	36.00	23.00	39.00	7.00	51.00	50.00	41.00
	4205.94	0.00	1.00	0.00	25.00	0.00	38.00	14.00	0.00	0.00	0.00	36.00	22.00	39.00	6.00	51.00	50.00	41.00
	4205.95	0.00	6.00	0.00	23.00	0.00	38.00	14.00	0.00	0.00	0.00	36.00	22.00	39.00	16.00	51.00	50.00	39.00
	4205.96	0.00	7.00	0.00	25.00	0.00	38.00	33.00	0.00	0.00	0.00	35.00	24.00	39.00	15.00	50.00	49.00	41.00
	4205.97	0.00	16.00	0.00	25.00	0.00	39.00	34.00	0.00	0.00	0.00	36.00	26.00	39.00	16.00	50.00	48.00	41.00
	4205.98	0.00	15.00	0.00	25.00	0.00	40.00	34.00	0.00	0.00	0.00	36.00	24.00	39.00	15.00	50.00	50.00	41.00
	4205.99	0.00	13.00	0.00	25.00	0.00	40.00	34.00	0.00	0.00	0.00	35.00	27.00	39.00	6.00	50.00	50.00	40.00
	4206.00	0.00	16.00	0.00	26.00	0.00	39.00	34.00	0.00	0.00	0.00	36.00	25.00	39.00	10.00	50.00	50.00	40.00
	4206.00	0.00	16.00	0.00	26.00	0.00	39.00	34.00	16.00	0.00	0.00	36.00	25.00	39.00	8.00	50.00	50.00	40.00
	4206.01	0.00	17.00	0.00	29.00	0.00	39.00	34.00	25.00	0.00	0.00	35.00	25.00	39.00	9.00	50.00	50.00	40.00
	4206.02	0.00	17.00	0.00	29.00	0.00	40.00	34.00	24.00	0.00	0.00	36.00	27.00	40.00	6.00	50.00	50.00	40.00
	4206.03	0.00	15.00	0.00	27.00	0.00	40.00	35.00	27.00	0.00	0.00	36.00	27.00	39.00	12.00	50.00	50.00	39.00
	4206.04	0.00	19.00	0.00	29.00	0.00	40.00	34.00	26.00	0.00	0.00	36.00	26.00	38.00	11.00	50.00	50.00	40.00
	4206.05	0.00	22.00	0.00	29.00	0.00	39.00	34.00	26.00	0.00	0.00	36.00	27.00	40.00	8.00	49.00	50.00	40.00
	4206.06	0.00	22.00	0.00	28.00	1.00	40.00	34.00	26.00	0.00	0.00	36.00	26.00	40.00	10.00	49.00	50.00	40.00
	4206.07	0.00	23.00	0.00	29.00	0.00	40.00	34.00	27.00	0.00	0.00	35.00	26.00	39.00	9.00	49.00	50.00	39.00
	4206.08	0.00	23.00	0.00	29.00	0.00	40.00	34.00	27.00	0.00	0.00	36.00	28.00	40.00	9.00	49.00	49.00	39.00
	4206.09	0.00	23.00	0.00	29.00	1.00	40.00	34.00	27.00	0.00	0.00	36.00	27.00	40.00	9.00	49.00	50.00	39.00
	4206.10	0.00	24.00	0.00	30.00	2.00	40.00	35.00	25.00	0.00	0.00	36.00	29.00	40.00	9.00	49.00	50.00	39.00
	4206.11	0.00	24.00	0.00	29.00	2.00	40.00	34.00	27.00	0.00	0.00	36.00	29.00	40.00	9.00	49.00	50.00	39.00
	4206.12	0.00	24.00	0.00	28.00	0.00	40.00	35.00	25.00	0.00	0.00	35.00	28.00	40.00	9.00	49.00	50.00	39.00
	4206.13	0.00	24.00	0.00	30.00	1.00	40.00	34.00	25.00	0.00	0.00	35.00	29.00	40.00	9.00	49.00	50.00	39.00
	4206.14	0.00	24.00	0.00	29.00	0.00	41.00	36.00	25.00	0.00	0.00	35.00	29.00	40.00	8.00	48.00	51.00	39.00
	4206.14	0.00	24.00	0.00	30.00	0.00	40.00	36.00	26.00	0.00	0.00	35.00	29.00	41.00	10.00	48.00	51.00	39.00
	4206.15	0.00	24.00	0.00	30.00	0.00	40.00	35.00	25.00	0.00	0.00	35.00	29.00	39.00	8.00	49.00	51.00	39.00
	4206.16	0.00	24.00	0.00	30.00	0.00	41.00	34.00	26.00	0.00	0.00	35.00	28.00	41.00	9.00	49.00	50.00	38.00
	4206.17	0.00	24.00	0.00	30.00	0.00	41.00	34.00	25.00	0.00	0.00	35.00	30.00	41.00	9.00	49.00	50.00	37.00
	4206.18	0.00	26.00	0.00	30.00	0.00	41.00	35.00	25.00	0.00	0.00	35.00	29.00	41.00	8.00	48.00	50.00	39.00
	4206.19	0.00	25.00	0.00	30.00	0.00	41.00	35.00	25.00	0.00	0.00	35.00	28.00	41.00	8.00	49.00	51.00	38.00
	4206.20	0.00	24.00	0.00	30.00	1.00	40.00	35.00	25.00	0.00	0.00	35.00	28.00	41.00	8.00	48.00	51.00	39.00
	4206.21	0.00	24.00	0.00	29.00	1.00	40.00	35.00	25.00	0.00	0.00	35.00	30.00	41.00	8.00	49.00	51.00	39.00
	4206.22	0.00	25.00	0.00	31.00	3.00	41.00	35.00	27.00	0.00	0.00	35.00	28.00	41.00	9.00	48.00	51.00	39.00
	4206.23	0.00	32.00	0.00	29.00	2.00	41.00	36.00	25.00	0.00	0.00	35.00	28.00	41.00	8.00	48.00	51.00	39.00
	4206.24	0.00	31.00	0.00	30.00	3.00	41.00	37.00	25.00	0.00	0.00	35.00	29.00	41.00	9.00	48.00	51.00	39.00
	4206.25	0.00	32.00	0.00	30.00	6.00	41.00	36.00	27.00	0.00	0.00	35.00	29.00	41.00	8.00	48.00	51.00	39.00
	4206.26	0.00	32.00	0.00	29.00	5.00	42.00	36.00	25.00	0.00	0.00	34.00	29.00	41.00	0.00	48.00	51.00	39.00
	4206.27	0.00	33.00	0.00	30.00	5.00	42.00	37.00	27.00	0.00	0.00	34.00	29.00	41.00	7.00	49.00	51.00	39.00
	4206.28	0.00	32.00	0.00	30.00	6.00	42.00	38.00	26.00	0.00	0.00	34.00	31.00	41.00	9.00	48.00	51.00	39.00
	4206.29	0.00	33.00	0.00	29.00	6.00	42.00	39.00	25.00	0.00	0.00	33.00	32.00	42.00	0.00	48.00	51.00	38.00
	4206.30	0.00	33.00	0.00	30.00	8.00	42.00	38.00	25.00	0.00	0.00	33.00	30.00	42.00	0.00	48.00	51.00	38.00
	4206.31	0.00	33.00	0.00	31.00	9.00	42.00	37.00	26.00	0.00	0.00	33.00	32.00	42.00	0.00	48.00	51.00	37.00
	4206.31	0.00	33.00	0.00	31.00	7.00	42.00	37.00	25.00	0.00	0.00	33.00	31.00	42.00	0.00	48.00	51.00	38.00
	4206.32	0.00	33.00	0.00	30.00	8.00	42.00	38.00	25.00	0.00	0.00	33.00	32.00	43.00	0.00	48.00	51.00	38.00
	4206.33	0.00	33.00	0.00	30.00	8.00	42.00	37.00	25.00	0.00	0.00	33.00	31.00	43.00	0.00	48.00	51.00	38.00
	4206.34	0.00	33.00	0.00	30.00	6.00	42.00	37.00	25.00	0.00	0.00	33.00	30.00	43.00	0.00	48.00	52.00	38.00
	4206.35	0.00	33.00	0.00	30.00	6.00	42.00	37.00	26.00	0.00	0.00	33.00	31.00	43.00	0.00	49.00	52.00	38.00
	4206.36	0.00	33.00	0.00	31.00	5.00	42.00	38.00	25.00	0.00	0.00	33.00	30.00	43.00	0.00	49.00	52.00	38.00
	4206.37	0.00	33.00	0.00	31.00	4.00	42.00	37.00	27.00	0.00	0.00	33.00	32.00	43.00	0.00	49.00	52.00	37.00
	4206.38	0.00	33.00	0.00	31.00	6.00	42.00	37.00	25.00	11.00	0.00	33.00	31.00	43.00	0.00	49.00	52.00	38.00
	4206.39	0.00	33.00	0.00	32.00	7.00	42.00	39.00	26.00	15.00	0.00	32.00	33.00	43.00	0.00	49.00	52.00	40.00
	4206.40	0.00	33.00	0.00	32.00	10.00	42.00	37.00	27.00	34.00	0.00	33.00	33.00	44.00	0.00	49.00	52.00	39.00
	4206.41	0.00	33.00	0.00	31.00	12.00	41.00	38.00	27.00	43.00	0.00	33.00	31.00	43.00	0.00	49.00	50.00	40.00
	4206.42	0.00	32.00	0.00	34.00	16.00	41.00	39.00	27.00	54.00	0.00	33.00	32.00	43.00	0.00	50.00	52.00	39.00
	4206.43	0.00	32.00	0.00	32.00	16.00	41.00	38.00	27.00	60.00	0.00	33.00	34.00	43.00	0.00	50.00	52.00	39.00
	4206.44	0.00	32.00	0.00	33.00	17.00	41.00	38.00	27.00	67.00	0.00	33.00	34.00	43.00	0.00	50.00	52.00	39.00
	4206.44	0.00	32.00	0.00	35.00	18.00	41.00	35.00	27.00	68.00	0.00	33.00	34.00	43.00	0.00	50.00	52.00	39.00
	4206.45	0.00	32.00	0.00	36.00	18.00	41.00	36.00	27.00	67.00	0.00	33.00	34.00	44.00	0.00	50.00	52.00	39.00
	4206.46	0.00	32.00	0.00	35.00	17.00	44.00	35.00	27.00	67.00	0.00	33.00	32.00	44.00	0.00	50.00	52.00	39.00
	4206.47	0.00	31.00	0.00	37.00	15.00	45.00	36.00	27.00	68.00	0.00	32.00	32.00	44.00	0.00	50.00	51.00	39.00
	4206.48	0.00	32.00	0.00	37.00	14.00	45.00	38.00	27.00	69.00	0.00	33.00	32.00	44.00	0.00	49.00	51.00	38.00
	4206.49	0.00	32.00	0.00	36.00	15.00	45.00	37.00	26.00	72.00	0.00	32.00	34.00	44.00	0.00	49.00	52.00	38.00
	4206.50	0.00	32.00	0.00	36.00	14.00	45.00	38.00	26.00	75.00	0.00	32.00	32.00	44.00	0.00	49.00	52.00	38.00
	4206.51	0.00	32.00	0.00	35.00	16.00	44.00	38.00	26.00	77.00	0.00	32.00	33.00	44.00	0.00	49.00	52.00	38.00
	4206.52	0.00	33.00	0.00	36.00	17.00	44.00	38.00	26.00	82.00	0.00	32.00	32.00	43.00	0.00	49.00	50.00	37.00
	4206.53	0.00	33.00	0.00	36.00	19.00	45.00	40.00	26.00	84.00	0.00	32.00	33.00	43.00	0.00	49.00	51.00	38.00
	4206.54	0.00	33.00	0.00	36.00	20.00	45.00	38.00	26.00	98.00	0.00	31.00	34.00	43.00	0.00	49.00	52.00	37.00
	4206.55	0.00	27.00	0.00	36.00	19.00	46.00	36.00	26.00	111.00	0.00	31.00	34.00	43.00	0.00	49.00	52.00	38.00
	4206.56	0.00	28.00	0.00	37.00	23.00	46.00	36.00	25.00	127.00	0.00	31.00	32.00	42.00	0.00	49.00	50.00	36.00
	4206.57	0.00	34.00	0.00	37.00	27.00	46.00	36.00	25.00	137.00	0.00	31.00	34.00	41.00	0.00	49.00	51.00	36.00
	4206.58	0.00	35.00	0.00	38.00	28.00	46.00	38.00	25.00	145.00	0.00	31.00	32.00	41.00	0.00	49.00	51.00	36.00
	4206.59	0.00	35.00	0.00	38.00	28.00	46.00	38.00	25.00	150.00	0.00	32.00	32.00	41.00	0.00	49.00	51.00	36.00
	4206.60	0.00	36.00	1.00	38.00	32.00	47.00	38.00	24.00	153.00	0.00	32.00	32.00	41.00	0.00	49.00	51.00	36.00
	4206.61	0.00	36.00	1.00	38.00	30.00	47.00	38.00	26.00	155.00	0.00	32.00	34.00	40.00	0.00	48.00	50.00	37.00
	4206.62	0.00	36.00	2.00	37.00	32.00	47.00	39.00	26.00	157.00	0.00	32.00	32.00	40.00	3.00	48.00	49.00	37.00
	4206.62	0.00	36.00	14.00	40.00	33.00	47.00	44.00	26.00	169.00	0.00	32.00	33.00	40.00	6.00	49.00	48.00	37.00
	4206.64	0.00	36.00	14.00	40.00	36.00	47.00	42.00	26.00	171.00	0.00	33.00	33.00	40.00	8.00	48.00	47.00	37.00
	4206.64	0.00	37.00	15.00	41.00	35.00	47.00	42.00	25.00	173.00	0.00	32.00	33.00	40.00	7.00	48.00	47.00	37.00
	4206.65	0.00	36.00	15.00	42.00	36.00	47.00	43.00	25.00	172.00	0.00	32.00	33.00	39.00	11.00	48.00	47.00	38.00
	4206.66	0.00	35.00	16.00	42.00	37.00	47.00	43.00	24.00	165.00	0.00	33.00	32.00	40.00	0.00	47.00	45.00	38.00
	4206.67	0.00	35.00	16.00	40.00	39.00	47.00	43.00	25.00	165.00	0.00	32.00	31.00	39.00	0.00	47.00	46.00	38.00
	4206.68	0.00	35.00	15.00	42.00	39.00	47.00	43.00	25.00	162.00	0.00	32.00	33.00	40.00	0.00	47.00	46.00	37.00
	4206.69	0.00	35.00	16.00	42.00	40.00	47.00	40.00	24.00	159.00	0.00	32.00	31.00	39.00	5.00	47.00	46.00	37.00
	4206.70	0.00	34.00	16.00	41.00	41.00	47.00	41.00	25.00	161.00	0.00	32.00	33.00	40.00	5.00	47.00	46.00	36.00
	4206.71	0.00	34.00	16.00	41.00	42.00	47.00	40.00	25.00	159.00	0.00	31.00	33.00	40.00	4.00	46.00	46.00	37.00
	4206.72	0.00	34.00	16.00	41.00	39.00	47.00	41.00	25.00	160.00	0.00	30.00	32.00	40.00	6.00	47.00	46.00	37.00
	4206.73	0.00	35.00	16.00	40.00	40.00	47.00	40.00	25.00	164.00	0.00	30.00	32.00	40.00	4.00	47.00	46.00	37.00
	4206.74	0.00	35.00	16.00	41.00	39.00	48.00	40.00	25.00	167.00	0.00	29.00	32.00	40.00	5.00	47.00	46.00	36.00
	4206.75	0.00	35.00	15.00	40.00	43.00	47.00	42.00	24.00	169.00	0.00	29.00	33.00	40.00	4.00	47.00	47.00	37.00
	4206.76	0.00	35.00	14.00	41.00	41.00	47.00	41.00	25.00	169.00	0.00	30.00	31.00	41.00	6.00	46.00	47.00	37.00
	4206.77	0.00	34.00	5.00	40.00	40.00	47.00	40.00	25.00	171.00	0.00	30.00	31.00	41.00	5.00	47.00	47.00	38.00
	4206.78	0.00	35.00	6.00	41.00	40.00	47.00	41.00	25.00	173.00	0.00	31.00	31.00	41.00	5.00	47.00	47.00	36.00
	4206.79	0.00	35.00	1.00	41.00	40.00	46.00	41.00	25.00	174.00	0.00	31.00	33.00	41.00	4.00	47.00	45.00	38.00
	4206.80	0.00	35.00	0.00	39.00	41.00	43.00	41.00	25.00	172.00	0.00	31.00	31.00	41.00	4.00	47.00	47.00	38.00
	4206.81	0.00	35.00	0.00	38.00	40.00	43.00	41.00	25.00	173.00	0.00	31.00	33.00	41.00	6.00	47.00	48.00	38.00
	4206.82	0.00	35.00	0.00	39.00	38.00	44.00	41.00	25.00	170.00	0.00	31.00	33.00	41.00	0.00	48.00	48.00	38.00
	4206.83	0.00	35.00	0.00	39.00	34.00	44.00	40.00	24.00	169.00	0.00	30.00	33.00	41.00	0.00	48.00	49.00	38.00
	4206.84	0.00	35.00	0.00	38.00	31.00	43.00	40.00	24.00	170.00	0.00	31.00	33.00	42.00	0.00	48.00	49.00	37.00
	4206.85	0.00	35.00	0.00	38.00	32.00	44.00	40.00	23.00	170.00	0.00	31.00	32.00	42.00	0.00	49.00	49.00	39.00
	4206.86	0.00	35.00	0.00	38.00	30.00	44.00	40.00	24.00	169.00	0.00	31.00	33.00	42.00	0.00	48.00	49.00	38.00
	4206.87	0.00	35.00	0.00	38.00	30.00	42.00	40.00	24.00	169.00	0.00	31.00	34.00	43.00	0.00	49.00	49.00	38.00
	4206.87	0.00	35.00	0.00	39.00	30.00	43.00	40.00	23.00	168.00	0.00	31.00	32.00	43.00	0.00	48.00	49.00	38.00
	4206.88	0.00	34.00	0.00	39.00	32.00	43.00	40.00	12.00	167.00	0.00	31.00	33.00	43.00	0.00	49.00	49.00	39.00
	4206.89	0.00	34.00	0.00	37.00	31.00	42.00	39.00	13.00	170.00	0.00	31.00	31.00	43.00	0.00	48.00	49.00	38.00
	4206.90	0.00	34.00	0.00	37.00	32.00	44.00	40.00	0.00	169.00	0.00	31.00	33.00	43.00	0.00	49.00	49.00	39.00
	4206.91	0.00	34.00	0.00	37.00	30.00	43.00	39.00	0.00	172.00	0.00	31.00	31.00	43.00	0.00	48.00	49.00	38.00
	4206.92	0.00	34.00	0.00	37.00	33.00	44.00	39.00	0.00	172.00	0.00	31.00	32.00	43.00	0.00	49.00	49.00	40.00
	4206.93	0.00	34.00	8.00	37.00	30.00	43.00	39.00	0.00	171.00	0.00	31.00	31.00	43.00	0.00	49.00	50.00	40.00
	4206.94	0.00	34.00	16.00	39.00	30.00	43.00	39.00	0.00	171.00	0.00	31.00	31.00	43.00	0.00	49.00	51.00	40.00
	4206.95	0.00	34.00	16.00	37.00	32.00	44.00	40.00	0.00	172.00	0.00	31.00	31.00	43.00	8.00	50.00	51.00	39.00
	4206.96	0.00	34.00	14.00	37.00	29.00	43.00	40.00	0.00	172.00	0.00	32.00	31.00	43.00	9.00	50.00	52.00	40.00
	4206.97	0.00	34.00	15.00	37.00	30.00	43.00	39.00	0.00	172.00	0.00	32.00	33.00	44.00	0.00	50.00	52.00	39.00
	4206.98	0.00	34.00	16.00	38.00	31.00	43.00	40.00	0.00	172.00	0.00	31.00	33.00	44.00	3.00	50.00	52.00	39.00
	4206.99	0.00	34.00	15.00	38.00	32.00	45.00	40.00	0.00	172.00	0.00	31.00	31.00	44.00	2.00	50.00	52.00	39.00
	4207.00	0.00	34.00	17.00	38.00	31.00	44.00	40.00	0.00	172.00	0.00	32.00	33.00	44.00	4.00	50.00	52.00	39.00
	4207.01	0.00	34.00	17.00	39.00	32.00	44.00	40.00	0.00	172.00	0.00	33.00	33.00	43.00	9.00	51.00	51.00	38.00
	4207.02	0.00	34.00	18.00	38.00	32.00	44.00	40.00	0.00	173.00	0.00	33.00	33.00	43.00	9.00	51.00	52.00	40.00
	4207.03	0.00	34.00	16.00	38.00	32.00	44.00	40.00	0.00	171.00	0.00	33.00	33.00	43.00	9.00	51.00	53.00	40.00
	4207.04	0.00	34.00	15.00	38.00	31.00	44.00	40.00	0.00	171.00	0.00	32.00	33.00	42.00	9.00	51.00	53.00	41.00
	4207.04	0.00	33.00	16.00	38.00	32.00	44.00	40.00	0.00	171.00	0.00	33.00	33.00	42.00	6.00	52.00	54.00	40.00
	4207.06	0.00	34.00	16.00	38.00	31.00	44.00	40.00	0.00	172.00	0.00	32.00	33.00	42.00	10.00	52.00	54.00	41.00
	4207.06	0.00	33.00	16.00	38.00	31.00	43.00	40.00	0.00	170.00	0.00	34.00	33.00	42.00	11.00	53.00	55.00	41.00
	4207.07	0.00	32.00	16.00	39.00	31.00	43.00	40.00	0.00	169.00	0.00	32.00	33.00	41.00	11.00	53.00	55.00	40.00
	4207.08	0.00	33.00	16.00	39.00	32.00	43.00	40.00	0.00	169.00	0.00	35.00	33.00	42.00	11.00	53.00	55.00	42.00
	4207.09	0.00	33.00	16.00	38.00	32.00	43.00	40.00	0.00	172.00	0.00	35.00	33.00	41.00	9.00	53.00	56.00	43.00
	4207.10	0.00	34.00	16.00	37.00	32.00	44.00	39.00	0.00	170.00	0.00	35.00	31.00	43.00	11.00	56.00	56.00	42.00
	4207.11	0.00	34.00	16.00	38.00	31.00	44.00	40.00	0.00	169.00	0.00	36.00	33.00	42.00	13.00	56.00	57.00	43.00
	4207.12	0.00	33.00	16.00	38.00	32.00	44.00	40.00	0.00	170.00	0.00	36.00	31.00	43.00	12.00	58.00	57.00	43.00
	4207.13	0.00	33.00	17.00	38.00	32.00	44.00	39.00	0.00	169.00	0.00	35.00	31.00	42.00	13.00	58.00	57.00	43.00
	4207.14	0.00	33.00	16.00	39.00	32.00	44.00	40.00	0.00	170.00	0.00	36.00	32.00	43.00	13.00	58.00	57.00	43.00
	4207.15	0.00	33.00	14.00	38.00	32.00	44.00	40.00	0.00	171.00	0.00	36.00	34.00	43.00	12.00	58.00	57.00	43.00
	4207.16	0.00	33.00	18.00	38.00	33.00	44.00	39.00	0.00	171.00	0.00	36.00	34.00	42.00	11.00	59.00	57.00	42.00
	4207.17	0.00	33.00	17.00	38.00	33.00	44.00	40.00	0.00	170.00	0.00	35.00	32.00	41.00	13.00	61.00	57.00	43.00
	4207.18	0.00	33.00	18.00	38.00	34.00	44.00	40.00	0.00	170.00	0.00	35.00	34.00	41.00	12.00	66.00	57.00	43.00
	4207.19	0.00	33.00	16.00	38.00	34.00	43.00	40.00	0.00	171.00	0.00	36.00	32.00	41.00	12.00	66.00	57.00	43.00
	4207.20	0.00	32.00	17.00	38.00	34.00	44.00	39.00	0.00	171.00	0.00	35.00	32.00	41.00	13.00	68.00	57.00	43.00
	4207.21	0.00	33.00	13.00	37.00	35.00	44.00	40.00	0.00	171.00	0.00	36.00	34.00	41.00	8.00	72.00	57.00	42.00
	4207.22	0.00	34.00	13.00	38.00	32.00	43.00	40.00	0.00	171.00	0.00	36.00	32.00	41.00	12.00	71.00	57.00	41.00
	4207.23	0.00	32.00	13.00	38.00	31.00	43.00	40.00	0.00	172.00	0.00	36.00	34.00	41.00	9.00	60.00	57.00	42.00
	4207.24	0.00	33.00	14.00	37.00	38.00	44.00	40.00	0.00	171.00	0.00	36.00	34.00	42.00	5.00	59.00	56.00	41.00
	4207.25	0.00	33.00	17.00	39.00	41.00	42.00	40.00	15.00	173.00	0.00	37.00	34.00	42.00	9.00	60.00	57.00	42.00
	4207.26	0.00	33.00	17.00	38.00	45.00	42.00	40.00	14.00	173.00	0.00	37.00	34.00	42.00	9.00	60.00	57.00	41.00
	4207.27	0.00	33.00	17.00	38.00	45.00	43.00	40.00	14.00	172.00	0.00	36.00	32.00	42.00	8.00	60.00	57.00	41.00
	4207.28	0.00	33.00	17.00	39.00	42.00	43.00	40.00	15.00	171.00	0.00	37.00	34.00	41.00	8.00	60.00	57.00	42.00
	4207.29	0.00	33.00	14.00	38.00	42.00	43.00	40.00	24.00	168.00	0.00	36.00	32.00	42.00	8.00	60.00	57.00	42.00
	4207.29	0.00	33.00	17.00	39.00	43.00	43.00	41.00	24.00	166.00	0.00	36.00	32.00	40.00	8.00	61.00	57.00	43.00
	4207.30	0.00	33.00	17.00	38.00	42.00	43.00	40.00	24.00	160.00	0.00	37.00	32.00	41.00	8.00	67.00	57.00	43.00
	4207.31	0.00	32.00	17.00	40.00	43.00	43.00	40.00	24.00	158.00	0.00	37.00	33.00	42.00	8.00	70.00	57.00	43.00
	4207.32	0.00	33.00	4.00	39.00	43.00	43.00	40.00	24.00	156.00	0.00	38.00	33.00	41.00	8.00	66.00	58.00	43.00
	4207.33	0.00	33.00	1.00	38.00	42.00	43.00	41.00	24.00	154.00	0.00	37.00	33.00	42.00	8.00	65.00	57.00	44.00
	4207.34	0.00	33.00	0.00	39.00	41.00	43.00	41.00	24.00	146.00	0.00	37.00	33.00	42.00	8.00	60.00	58.00	44.00
	4207.35	0.00	33.00	0.00	40.00	40.00	43.00	41.00	24.00	142.00	0.00	37.00	33.00	41.00	8.00	61.00	58.00	44.00
	4207.36	0.00	33.00	0.00	38.00	38.00	43.00	40.00	24.00	141.00	0.00	37.00	31.00	41.00	7.00	60.00	58.00	43.00
	4207.37	0.00	33.00	0.00	38.00	38.00	43.00	39.00	24.00	143.00	0.00	36.00	32.00	41.00	6.00	60.00	58.00	45.00
	4207.38	0.00	33.00	0.00	38.00	38.00	42.00	40.00	25.00	146.00	0.00	37.00	32.00	41.00	8.00	60.00	58.00	43.00
	4207.39	0.00	33.00	0.00	38.00	40.00	42.00	40.00	25.00	146.00	0.00	37.00	32.00	41.00	7.00	60.00	58.00	44.00
	4207.40	0.00	33.00	0.00	38.00	40.00	42.00	40.00	25.00	147.00	0.00	37.00	31.00	41.00	9.00	59.00	58.00	44.00
	4207.41	0.00	33.00	0.00	38.00	39.00	42.00	40.00	25.00	145.00	0.00	36.00	29.00	41.00	10.00	58.00	58.00	45.00
	4207.42	0.00	33.00	0.00	39.00	40.00	42.00	40.00	25.00	144.00	0.00	36.00	31.00	41.00	8.00	57.00	58.00	45.00
	4207.43	0.00	33.00	0.00	38.00	38.00	42.00	40.00	25.00	136.00	0.00	37.00	29.00	41.00	8.00	56.00	57.00	44.00
	4207.44	0.00	32.00	0.00	38.00	37.00	42.00	40.00	25.00	133.00	0.00	37.00	31.00	41.00	10.00	55.00	58.00	43.00
	4207.45	0.00	33.00	0.00	39.00	37.00	42.00	40.00	25.00	130.00	0.00	36.00	28.00	40.00	9.00	55.00	58.00	44.00
	4207.46	0.00	33.00	0.00	38.00	36.00	42.00	40.00	25.00	126.00	0.00	36.00	30.00	41.00	8.00	54.00	57.00	43.00
	4207.47	0.00	33.00	0.00	38.00	37.00	43.00	41.00	24.00	121.00	0.00	36.00	28.00	41.00	10.00	54.00	57.00	44.00
	4207.48	0.00	33.00	0.00	38.00	37.00	43.00	40.00	26.00	119.00	0.00	35.00	28.00	40.00	10.00	54.00	57.00	44.00
	4207.48	0.00	32.00	0.00	38.00	36.00	42.00	40.00	27.00	117.00	0.00	37.00	30.00	41.00	10.00	54.00	57.00	44.00
	4207.50	0.00	33.00	0.00	37.00	36.00	43.00	40.00	27.00	117.00	0.00	37.00	30.00	39.00	9.00	54.00	57.00	44.00
	4207.50	0.00	34.00	0.00	38.00	33.00	43.00	40.00	26.00	113.00	0.00	37.00	30.00	41.00	10.00	53.00	57.00	43.00
	4207.51	0.00	34.00	0.00	40.00	32.00	42.00	40.00	27.00	115.00	0.00	37.00	28.00	41.00	9.00	53.00	57.00	44.00
	4207.52	0.00	33.00	0.00	38.00	32.00	42.00	39.00	27.00	109.00	0.00	37.00	28.00	40.00	10.00	52.00	57.00	43.00
	4207.53	0.00	33.00	0.00	37.00	32.00	42.00	39.00	26.00	97.00	0.00	37.00	30.00	39.00	10.00	53.00	57.00	44.00
	4207.54	0.00	33.00	0.00	34.00	31.00	42.00	39.00	27.00	85.00	0.00	37.00	28.00	41.00	10.00	52.00	57.00	44.00
	4207.55	0.00	33.00	0.00	35.00	30.00	42.00	39.00	27.00	73.00	0.00	37.00	28.00	41.00	10.00	53.00	56.00	44.00
	4207.56	0.00	33.00	0.00	37.00	28.00	42.00	39.00	27.00	67.00	0.00	36.00	28.00	41.00	10.00	53.00	57.00	43.00
	4207.57	0.00	32.00	0.00	35.00	26.00	42.00	39.00	27.00	65.00	0.00	36.00	29.00	41.00	11.00	52.00	57.00	44.00
	4207.58	0.00	25.00	0.00	35.00	27.00	42.00	39.00	27.00	64.00	0.00	36.00	27.00	41.00	10.00	52.00	57.00	44.00
	4207.59	0.00	24.00	0.00	36.00	23.00	42.00	40.00	27.00	57.00	0.00	36.00	29.00	41.00	10.00	53.00	57.00	43.00
	4207.60	0.00	25.00	0.00	35.00	20.00	42.00	39.00	27.00	59.00	0.00	36.00	28.00	40.00	10.00	52.00	57.00	43.00
	4207.61	0.00	23.00	0.00	34.00	20.00	42.00	39.00	27.00	59.00	0.00	36.00	28.00	41.00	10.00	52.00	57.00	43.00
	4207.62	0.00	24.00	0.00	34.00	20.00	42.00	39.00	27.00	56.00	0.00	36.00	29.00	41.00	11.00	53.00	57.00	45.00
	4207.63	0.00	25.00	0.00	35.00	22.00	42.00	39.00	27.00	57.00	0.00	36.00	29.00	41.00	12.00	52.00	57.00	45.00
	4207.64	0.00	30.00	0.00	35.00	21.00	41.00	39.00	27.00	55.00	0.00	36.00	30.00	41.00	12.00	53.00	57.00	45.00
	4207.65	0.00	32.00	0.00	35.00	21.00	42.00	39.00	27.00	54.00	0.00	36.00	29.00	41.00	12.00	52.00	57.00	44.00
	4207.66	0.00	32.00	0.00	37.00	20.00	42.00	39.00	27.00	52.00	0.00	37.00	27.00	40.00	12.00	53.00	57.00	44.00
	4207.67	0.00	32.00	0.00	35.00	19.00	41.00	39.00	27.00	48.00	0.00	37.00	28.00	41.00	12.00	52.00	57.00	44.00
	4207.68	0.00	31.00	0.00	35.00	15.00	41.00	39.00	27.00	47.00	0.00	36.00	26.00	41.00	13.00	52.00	57.00	43.00
	4207.69	0.00	23.00	0.00	36.00	15.00	41.00	39.00	27.00	43.00	0.00	36.00	28.00	41.00	12.00	53.00	57.00	42.00
	4207.69	0.00	23.00	0.00	35.00	14.00	41.00	40.00	25.00	38.00	0.00	36.00	26.00	41.00	12.00	52.00	57.00	43.00
	4207.70	0.00	23.00	0.00	36.00	14.00	41.00	39.00	25.00	17.00	0.00	35.00	28.00	41.00	12.00	53.00	57.00	42.00
	4207.71	0.00	25.00	0.00	35.00	11.00	41.00	40.00	25.00	11.00	0.00	37.00	28.00	40.00	12.00	53.00	57.00	42.00
	4207.72	0.00	25.00	0.00	36.00	10.00	41.00	39.00	25.00	9.00	0.00	36.00	26.00	40.00	12.00	52.00	57.00	42.00
	4207.73	0.00	24.00	0.00	36.00	10.00	41.00	39.00	25.00	9.00	0.00	36.00	26.00	39.00	13.00	53.00	57.00	41.00
	4207.74	0.00	23.00	0.00	34.00	8.00	41.00	39.00	25.00	0.00	0.00	36.00	28.00	39.00	10.00	53.00	57.00	43.00
	4207.75	0.00	24.00	0.00	34.00	8.00	41.00	39.00	25.00	0.00	0.00	36.00	26.00	40.00	10.00	52.00	57.00	43.00
	4207.76	0.00	24.00	0.00	34.00	8.00	41.00	39.00	24.00	0.00	0.00	36.00	26.00	40.00	9.00	52.00	57.00	43.00
	4207.77	0.00	24.00	0.00	33.00	8.00	41.00	39.00	24.00	0.00	0.00	36.00	28.00	40.00	9.00	52.00	57.00	43.00
	4207.78	0.00	24.00	0.00	33.00	8.00	41.00	38.00	15.00	0.00	0.00	36.00	27.00	40.00	10.00	52.00	57.00	42.00
	4207.79	0.00	21.00	0.00	33.00	8.00	41.00	38.00	15.00	0.00	0.00	36.00	28.00	41.00	10.00	52.00	57.00	42.00
	4207.80	0.00	21.00	0.00	34.00	9.00	41.00	38.00	15.00	0.00	0.00	35.00	28.00	40.00	0.00	52.00	57.00	42.00
	4207.81	0.00	21.00	0.00	33.00	9.00	41.00	38.00	14.00	0.00	0.00	36.00	26.00	41.00	0.00	52.00	57.00	42.00
	4207.82	0.00	21.00	0.00	33.00	8.00	41.00	38.00	15.00	0.00	0.00	36.00	27.00	41.00	0.00	52.00	57.00	41.00
	4207.83	0.00	20.00	0.00	33.00	9.00	41.00	38.00	15.00	0.00	0.00	36.00	28.00	41.00	0.00	52.00	57.00	42.00
	4207.84	0.00	20.00	0.00	33.00	9.00	41.00	38.00	15.00	1.00	0.00	36.00	28.00	41.00	0.00	52.00	57.00	42.00
	4207.85	0.00	20.00	0.00	34.00	10.00	41.00	38.00	15.00	5.00	0.00	36.00	28.00	41.00	0.00	52.00	56.00	41.00
	4207.85	0.00	19.00	0.00	34.00	10.00	41.00	38.00	15.00	8.00	0.00	36.00	29.00	41.00	0.00	52.00	56.00	42.00
	4207.87	0.00	19.00	0.00	34.00	10.00	41.00	38.00	15.00	10.00	0.00	36.00	27.00	41.00	0.00	52.00	56.00	41.00
	4207.87	0.00	21.00	0.00	34.00	11.00	41.00	38.00	15.00	10.00	0.00	36.00	27.00	41.00	0.00	52.00	56.00	41.00
	4207.88	0.00	22.00	0.00	35.00	11.00	41.00	38.00	15.00	18.00	0.00	36.00	29.00	41.00	0.00	52.00	56.00	41.00
	4207.89	0.00	22.00	0.00	34.00	13.00	41.00	39.00	16.00	25.00	0.00	36.00	27.00	41.00	0.00	52.00	54.00	43.00
	4207.90	0.00	23.00	0.00	35.00	12.00	41.00	39.00	16.00	25.00	0.00	36.00	29.00	41.00	0.00	52.00	56.00	43.00
	4207.91	0.00	22.00	0.00	34.00	12.00	41.00	39.00	16.00	28.00	0.00	36.00	28.00	41.00	0.00	52.00	56.00	43.00
	4207.92	0.00	23.00	0.00	36.00	13.00	41.00	39.00	16.00	43.00	0.00	36.00	27.00	41.00	0.00	52.00	55.00	43.00
	4207.93	0.00	23.00	0.00	36.00	12.00	41.00	38.00	15.00	36.00	0.00	36.00	29.00	41.00	0.00	52.00	55.00	43.00
	4207.94	0.00	23.00	0.00	35.00	15.00	41.00	38.00	15.00	38.00	0.00	36.00	29.00	41.00	0.00	52.00	56.00	43.00
	4207.95	0.00	22.00	0.00	36.00	15.00	42.00	39.00	15.00	40.00	0.00	36.00	29.00	41.00	0.00	52.00	55.00	43.00
	4207.96	0.00	23.00	0.00	36.00	16.00	43.00	39.00	15.00	48.00	0.00	36.00	27.00	41.00	0.00	52.00	57.00	43.00
	4207.97	0.00	22.00	0.00	36.00	18.00	43.00	39.00	15.00	52.00	0.00	36.00	28.00	41.00	0.00	52.00	56.00	43.00
	4207.98	0.00	24.00	0.00	36.00	26.00	43.00	40.00	24.00	55.00	0.00	36.00	29.00	41.00	0.00	52.00	57.00	43.00
	4207.99	0.00	25.00	0.00	37.00	27.00	43.00	40.00	25.00	57.00	0.00	36.00	27.00	41.00	0.00	52.00	57.00	43.00
	4208.00	0.00	25.00	0.00	37.00	27.00	43.00	40.00	26.00	57.00	0.00	36.00	27.00	40.00	0.00	52.00	57.00	43.00
	4208.01	0.00	26.00	0.00	36.00	29.00	43.00	40.00	25.00	56.00	0.00	36.00	27.00	41.00	0.00	52.00	57.00	43.00
	4208.02	0.00	30.00	0.00	36.00	26.00	43.00	40.00	25.00	53.00	0.00	36.00	29.00	41.00	0.00	52.00	57.00	43.00
	4208.03	0.00	31.00	0.00	36.00	26.00	43.00	40.00	25.00	50.00	0.00	36.00	29.00	41.00	0.00	52.00	57.00	42.00
	4208.04	0.00	32.00	0.00	36.00	27.00	43.00	40.00	25.00	52.00	0.00	36.00	28.00	41.00	0.00	52.00	57.00	42.00
	4208.04	0.00	32.00	0.00	37.00	27.00	43.00	40.00	25.00	50.00	0.00	36.00	29.00	41.00	0.00	52.00	57.00	42.00
	4208.05	0.00	32.00	0.00	36.00	26.00	43.00	40.00	25.00	54.00	0.00	36.00	27.00	41.00	0.00	52.00	57.00	41.00
	4208.06	0.00	32.00	0.00	36.00	27.00	43.00	40.00	26.00	57.00	0.00	36.00	28.00	41.00	0.00	52.00	57.00	42.00
	4208.07	0.00	32.00	0.00	36.00	28.00	43.00	40.00	25.00	57.00	0.00	36.00	28.00	41.00	0.00	52.00	57.00	42.00
	4208.08	0.00	32.00	0.00	37.00	28.00	43.00	40.00	26.00	58.00	0.00	36.00	30.00	41.00	0.00	52.00	57.00	42.00
	4208.09	0.00	32.00	0.00	36.00	28.00	43.00	41.00	25.00	60.00	0.00	36.00	28.00	41.00	0.00	52.00	56.00	42.00
	4208.10	0.00	32.00	0.00	38.00	28.00	43.00	40.00	26.00	63.00	0.00	36.00	28.00	41.00	0.00	52.00	56.00	42.00
	4208.11	0.00	32.00	0.00	37.00	27.00	43.00	40.00	26.00	68.00	0.00	36.00	29.00	41.00	0.00	52.00	57.00	42.00
	4208.12	0.00	32.00	0.00	37.00	30.00	43.00	39.00	26.00	72.00	0.00	36.00	31.00	41.00	0.00	52.00	57.00	43.00
	4208.13	0.00	32.00	0.00	38.00	29.00	43.00	39.00	26.00	74.00	0.00	36.00	31.00	41.00	0.00	52.00	57.00	43.00
	4208.14	0.00	32.00	0.00	37.00	28.00	43.00	39.00	26.00	77.00	0.00	35.00	31.00	41.00	0.00	52.00	57.00	43.00
	4208.15	0.00	32.00	0.00	37.00	27.00	44.00	39.00	26.00	78.00	0.00	36.00	29.00	41.00	0.00	52.00	57.00	43.00
	4208.16	0.00	31.00	0.00	37.00	27.00	43.00	39.00	26.00	74.00	0.00	35.00	31.00	42.00	0.00	52.00	57.00	43.00
	4208.17	0.00	32.00	0.00	38.00	27.00	43.00	39.00	26.00	73.00	0.00	36.00	29.00	41.00	0.00	52.00	57.00	43.00
	4208.18	0.00	32.00	0.00	37.00	25.00	43.00	39.00	26.00	68.00	0.00	35.00	31.00	41.00	0.00	52.00	58.00	43.00
	4208.19	0.00	33.00	0.00	37.00	25.00	43.00	39.00	26.00	64.00	0.00	35.00	29.00	41.00	0.00	52.00	58.00	43.00
	4208.20	0.00	33.00	0.00	37.00	25.00	43.00	39.00	26.00	64.00	0.00	35.00	31.00	42.00	0.00	52.00	58.00	43.00
	4208.20	0.00	33.00	0.00	38.00	25.00	43.00	40.00	26.00	63.00	0.00	36.00	31.00	42.00	0.00	52.00	58.00	43.00
	4208.22	0.00	33.00	0.00	37.00	24.00	42.00	40.00	26.00	64.00	0.00	35.00	32.00	42.00	0.00	52.00	56.00	43.00
	4208.22	0.00	33.00	0.00	37.00	24.00	42.00	39.00	26.00	68.00	0.00	36.00	30.00	42.00	0.00	52.00	58.00	43.00
	4208.23	0.00	33.00	0.00	37.00	25.00	42.00	39.00	26.00	69.00	0.00	36.00	32.00	42.00	0.00	52.00	58.00	43.00
	4208.24	0.00	33.00	0.00	37.00	27.00	43.00	39.00	26.00	69.00	0.00	35.00	30.00	42.00	0.00	52.00	57.00	43.00
	4208.25	0.00	33.00	0.00	38.00	27.00	42.00	40.00	26.00	73.00	0.00	35.00	32.00	42.00	0.00	52.00	58.00	43.00
	4208.26	0.00	33.00	0.00	37.00	27.00	42.00	40.00	25.00	73.00	0.00	36.00	30.00	42.00	0.00	52.00	58.00	43.00
	4208.27	0.00	33.00	0.00	37.00	24.00	43.00	39.00	26.00	76.00	0.00	35.00	29.00	42.00	0.00	52.00	58.00	43.00
	4208.28	0.00	33.00	0.00	37.00	25.00	42.00	39.00	26.00	78.00	0.00	35.00	31.00	42.00	0.00	52.00	58.00	43.00
	4208.29	0.00	33.00	0.00	38.00	25.00	42.00	40.00	26.00	79.00	0.00	35.00	30.00	42.00	0.00	52.00	57.00	43.00
	4208.30	0.00	33.00	0.00	38.00	21.00	42.00	40.00	26.00	80.00	0.00	36.00	32.00	40.00	0.00	52.00	57.00	43.00
	4208.31	0.00	33.00	0.00	37.00	21.00	42.00	40.00	26.00	80.00	0.00	36.00	29.00	42.00	0.00	52.00	59.00	43.00
	4208.32	0.00	33.00	0.00	38.00	21.00	42.00	39.00	26.00	78.00	0.00	36.00	30.00	42.00	0.00	53.00	59.00	43.00
	4208.33	0.00	33.00	0.00	37.00	21.00	42.00	40.00	26.00	79.00	0.00	36.00	31.00	42.00	0.00	53.00	57.00	43.00
	4208.34	0.00	33.00	0.00	37.00	21.00	42.00	40.00	25.00	80.00	0.00	36.00	31.00	42.00	0.00	52.00	57.00	43.00
	4208.35	0.00	33.00	0.00	37.00	21.00	42.00	39.00	26.00	80.00	0.00	35.00	31.00	42.00	0.00	53.00	59.00	43.00
	4208.36	0.00	32.00	0.00	37.00	22.00	43.00	39.00	26.00	83.00	0.00	35.00	32.00	42.00	0.00	53.00	59.00	43.00
	4208.37	0.00	33.00	0.00	37.00	23.00	42.00	39.00	26.00	84.00	0.00	35.00	31.00	42.00	0.00	53.00	59.00	43.00
	4208.38	0.00	33.00	0.00	37.00	23.00	42.00	39.00	26.00	84.00	0.00	36.00	31.00	42.00	0.00	53.00	59.00	43.00
	4208.39	0.00	33.00	0.00	37.00	23.00	42.00	39.00	25.00	85.00	0.00	36.00	32.00	42.00	0.00	52.00	59.00	43.00
	4208.39	0.00	33.00	0.00	37.00	24.00	42.00	39.00	26.00	87.00	0.00	35.00	32.00	42.00	0.00	53.00	59.00	44.00
	4208.40	0.00	33.00	0.00	39.00	24.00	42.00	40.00	26.00	91.00	0.00	35.00	32.00	42.00	0.00	52.00	59.00	43.00
	4208.41	0.00	33.00	0.00	37.00	25.00	42.00	41.00	26.00	93.00	0.00	36.00	31.00	42.00	0.00	53.00	58.00	43.00
	4208.42	0.00	33.00	0.00	37.00	25.00	42.00	39.00	26.00	95.00	0.00	36.00	31.00	42.00	0.00	53.00	59.00	43.00
	4208.43	0.00	33.00	0.00	37.00	24.00	43.00	39.00	26.00	95.00	0.00	36.00	30.00	42.00	0.00	53.00	59.00	43.00
	4208.44	0.00	33.00	0.00	37.00	26.00	42.00	40.00	26.00	95.00	0.00	36.00	31.00	42.00	0.00	52.00	59.00	43.00
	4208.45	0.00	33.00	0.00	38.00	25.00	42.00	40.00	26.00	96.00	0.00	36.00	32.00	42.00	0.00	52.00	59.00	43.00
	4208.46	0.00	33.00	0.00	38.00	25.00	42.00	40.00	26.00	97.00	0.00	36.00	32.00	41.00	0.00	53.00	59.00	43.00
	4208.47	0.00	33.00	0.00	38.00	27.00	42.00	40.00	26.00	98.00	0.00	36.00	30.00	42.00	0.00	53.00	59.00	43.00
	4208.48	0.00	33.00	0.00	38.00	23.00	42.00	41.00	26.00	99.00	0.00	36.00	30.00	42.00	0.00	53.00	59.00	43.00
	4208.49	0.00	33.00	0.00	38.00	25.00	42.00	41.00	26.00	100.00	0.00	36.00	32.00	42.00	0.00	53.00	58.00	43.00
	4208.50	0.00	33.00	0.00	37.00	26.00	42.00	40.00	25.00	103.00	0.00	36.00	30.00	41.00	0.00	53.00	60.00	43.00
	4208.51	0.00	33.00	0.00	39.00	25.00	42.00	39.00	25.00	102.00	0.00	35.00	32.00	42.00	0.00	53.00	60.00	43.00
	4208.52	0.00	33.00	0.00	38.00	25.00	42.00	39.00	25.00	105.00	0.00	36.00	32.00	42.00	0.00	53.00	60.00	42.00
	4208.53	0.00	33.00	0.00	37.00	26.00	42.00	39.00	25.00	104.00	0.00	36.00	31.00	42.00	0.00	53.00	60.00	43.00
	4208.54	0.00	33.00	0.00	38.00	25.00	43.00	39.00	25.00	105.00	0.00	36.00	32.00	42.00	0.00	53.00	60.00	42.00
	4208.55	0.00	33.00	0.00	38.00	27.00	42.00	40.00	25.00	106.00	0.00	36.00	32.00	42.00	0.00	53.00	60.00	43.00
	4208.56	0.00	33.00	0.00	38.00	26.00	42.00	39.00	25.00	108.00	0.00	36.00	30.00	42.00	0.00	53.00	60.00	42.00
	4208.57	0.00	33.00	0.00	37.00	28.00	42.00	40.00	25.00	110.00	0.00	36.00	32.00	41.00	0.00	53.00	60.00	43.00
	4208.58	0.00	33.00	0.00	38.00	28.00	42.00	42.00	25.00	111.00	0.00	35.00	30.00	42.00	0.00	53.00	60.00	43.00
	4208.58	0.00	33.00	0.00	38.00	27.00	42.00	40.00	25.00	114.00	0.00	36.00	32.00	42.00	0.00	53.00	60.00	42.00
	4208.59	0.00	33.00	0.00	38.00	30.00	42.00	40.00	26.00	112.00	0.00	36.00	31.00	42.00	0.00	53.00	61.00	43.00
	4208.60	0.00	33.00	0.00	38.00	28.00	42.00	40.00	25.00	112.00	0.00	36.00	32.00	42.00	0.00	53.00	61.00	42.00
	4208.61	0.00	33.00	0.00	38.00	31.00	41.00	40.00	26.00	114.00	0.00	36.00	32.00	40.00	0.00	53.00	61.00	43.00
	4208.62	0.00	33.00	0.00	37.00	29.00	41.00	40.00	25.00	112.00	0.00	36.00	32.00	42.00	0.00	53.00	61.00	42.00
	4208.63	0.00	33.00	0.00	38.00	30.00	42.00	42.00	25.00	115.00	0.00	35.00	32.00	41.00	0.00	53.00	61.00	43.00
	4208.64	0.00	33.00	0.00	39.00	29.00	41.00	40.00	25.00	115.00	0.00	36.00	32.00	42.00	0.00	53.00	61.00	42.00
	4208.65	0.00	33.00	0.00	38.00	28.00	42.00	40.00	25.00	116.00	0.00	36.00	32.00	42.00	0.00	53.00	61.00	42.00
	4208.66	0.00	33.00	0.00	38.00	29.00	42.00	40.00	26.00	121.00	0.00	36.00	31.00	42.00	0.00	53.00	60.00	44.00
	4208.67	0.00	33.00	0.00	39.00	28.00	42.00	40.00	26.00	122.00	0.00	36.00	30.00	42.00	0.00	53.00	60.00	42.00
	4208.68	0.00	33.00	0.00	39.00	28.00	42.00	40.00	26.00	123.00	0.00	36.00	32.00	42.00	0.00	53.00	60.00	42.00
	4208.69	0.00	33.00	0.00	39.00	28.00	42.00	40.00	26.00	123.00	0.00	36.00	32.00	42.00	0.00	53.00	61.00	42.00
	4208.70	0.00	33.00	0.00	38.00	31.00	42.00	40.00	26.00	124.00	0.00	36.00	32.00	42.00	0.00	53.00	61.00	43.00
	4208.71	0.00	33.00	0.00	39.00	30.00	42.00	40.00	27.00	125.00	0.00	35.00	32.00	41.00	0.00	53.00	61.00	43.00
	4208.72	0.00	33.00	0.00	39.00	29.00	42.00	40.00	26.00	126.00	0.00	36.00	31.00	42.00	0.00	53.00	61.00	42.00
	4208.73	0.00	33.00	0.00	39.00	32.00	43.00	40.00	26.00	125.00	0.00	36.00	32.00	42.00	0.00	52.00	61.00	42.00
	4208.74	0.00	33.00	0.00	39.00	30.00	42.00	40.00	26.00	128.00	0.00	36.00	32.00	42.00	0.00	52.00	61.00	42.00
	4208.75	0.00	33.00	0.00	39.00	31.00	42.00	40.00	26.00	128.00	0.00	36.00	32.00	42.00	0.00	53.00	60.00	42.00
	4208.75	0.00	33.00	0.00	39.00	33.00	43.00	41.00	26.00	129.00	0.00	36.00	32.00	41.00	0.00	52.00	61.00	43.00
	4208.77	0.00	33.00	0.00	38.00	32.00	43.00	40.00	26.00	130.00	0.00	36.00	32.00	41.00	0.00	53.00	61.00	43.00
	4208.77	0.00	33.00	0.00	38.00	31.00	42.00	40.00	27.00	131.00	0.00	36.00	31.00	42.00	0.00	52.00	61.00	42.00
	4208.78	0.00	33.00	0.00	39.00	32.00	43.00	40.00	26.00	131.00	0.00	35.00	32.00	42.00	0.00	53.00	61.00	43.00
	4208.79	0.00	33.00	0.00	38.00	34.00	43.00	41.00	26.00	132.00	0.00	36.00	30.00	40.00	0.00	53.00	61.00	43.00
	4208.80	0.00	33.00	0.00	38.00	33.00	43.00	40.00	26.00	133.00	0.00	35.00	32.00	42.00	0.00	53.00	61.00	43.00
	4208.81	0.00	33.00	0.00	39.00	35.00	43.00	40.00	27.00	133.00	0.00	36.00	32.00	42.00	0.00	53.00	61.00	43.00
	4208.82	0.00	33.00	0.00	38.00	35.00	43.00	41.00	26.00	134.00	0.00	36.00	32.00	41.00	0.00	53.00	61.00	43.00
	4208.83	0.00	33.00	0.00	38.00	35.00	43.00	42.00	26.00	134.00	0.00	36.00	30.00	40.00	0.00	53.00	61.00	43.00
	4208.84	0.00	33.00	0.00	38.00	34.00	42.00	40.00	26.00	136.00	0.00	36.00	30.00	42.00	0.00	52.00	61.00	42.00
	4208.85	0.00	32.00	0.00	38.00	34.00	43.00	41.00	26.00	134.00	0.00	35.00	30.00	41.00	0.00	53.00	61.00	43.00
	4208.86	0.00	33.00	0.00	38.00	34.00	43.00	40.00	26.00	134.00	0.00	35.00	30.00	42.00	0.00	53.00	61.00	43.00
	4208.87	0.00	33.00	0.00	38.00	35.00	43.00	40.00	26.00	138.00	0.00	36.00	32.00	42.00	0.00	53.00	61.00	42.00
	4208.88	0.00	33.00	0.00	39.00	34.00	43.00	40.00	26.00	137.00	0.00	35.00	30.00	41.00	0.00	53.00	61.00	43.00
	4208.89	0.00	33.00	0.00	38.00	34.00	43.00	40.00	26.00	136.00	0.00	35.00	32.00	41.00	0.00	53.00	61.00	43.00
	4208.90	0.00	33.00	0.00	38.00	35.00	43.00	40.00	26.00	136.00	0.00	36.00	32.00	41.00	0.00	53.00	61.00	44.00
	4208.91	0.00	33.00	0.00	39.00	36.00	43.00	40.00	27.00	134.00	0.00	36.00	32.00	40.00	0.00	53.00	61.00	43.00
	4208.92	0.00	33.00	0.00	39.00	34.00	43.00	40.00	26.00	135.00	0.00	35.00	32.00	42.00	0.00	53.00	61.00	43.00
	4208.93	0.00	33.00	0.00	39.00	34.00	43.00	40.00	26.00	135.00	0.00	35.00	31.00	42.00	0.00	53.00	61.00	43.00
	4208.94	0.00	33.00	0.00	39.00	36.00	43.00	40.00	26.00	135.00	0.00	36.00	33.00	41.00	0.00	53.00	61.00	42.00
	4208.95	0.00	33.00	0.00	39.00	36.00	43.00	42.00	26.00	132.00	0.00	36.00	31.00	40.00	0.00	53.00	61.00	43.00
	4208.95	0.00	33.00	0.00	39.00	35.00	43.00	40.00	27.00	131.00	0.00	35.00	33.00	41.00	0.00	53.00	61.00	43.00
	4208.96	0.00	33.00	0.00	38.00	37.00	43.00	40.00	26.00	129.00	0.00	36.00	32.00	42.00	0.00	53.00	61.00	42.00
	4208.97	0.00	33.00	0.00	38.00	36.00	43.00	40.00	27.00	130.00	0.00	35.00	33.00	42.00	0.00	53.00	61.00	44.00
	4208.98	0.00	33.00	0.00	38.00	36.00	43.00	40.00	26.00	130.00	0.00	35.00	33.00	42.00	0.00	53.00	61.00	43.00
	4208.99	0.00	33.00	0.00	38.00	36.00	43.00	40.00	26.00	129.00	0.00	35.00	33.00	42.00	0.00	53.00	61.00	44.00
	4209.00	0.00	33.00	0.00	38.00	37.00	43.00	40.00	26.00	127.00	0.00	36.00	31.00	42.00	0.00	53.00	61.00	42.00
	4209.01	0.00	32.00	0.00	38.00	38.00	43.00	41.00	27.00	125.00	0.00	36.00	31.00	41.00	0.00	53.00	61.00	44.00
	4209.02	0.00	33.00	0.00	40.00	38.00	43.00	41.00	27.00	125.00	0.00	36.00	33.00	41.00	0.00	53.00	61.00	44.00
	4209.03	0.00	34.00	0.00	38.00	38.00	43.00	40.00	27.00	126.00	0.00	36.00	31.00	40.00	0.00	53.00	61.00	44.00
	4209.04	0.00	33.00	0.00	39.00	38.00	43.00	40.00	27.00	129.00	0.00	36.00	33.00	42.00	0.00	53.00	61.00	44.00
	4209.05	0.00	33.00	0.00	39.00	38.00	43.00	40.00	27.00	130.00	0.00	36.00	31.00	42.00	0.00	53.00	61.00	43.00
	4209.06	0.00	34.00	0.00	39.00	39.00	43.00	40.00	27.00	131.00	0.00	36.00	33.00	42.00	0.00	53.00	61.00	44.00
	4209.07	0.00	34.00	0.00	39.00	38.00	43.00	40.00	27.00	131.00	0.00	36.00	32.00	40.00	0.00	53.00	61.00	44.00
	4209.08	0.00	33.00	0.00	39.00	38.00	43.00	41.00	27.00	132.00	0.00	36.00	33.00	42.00	0.00	53.00	61.00	44.00
	4209.09	0.00	33.00	0.00	39.00	38.00	43.00	41.00	27.00	132.00	0.00	36.00	33.00	41.00	0.00	53.00	61.00	44.00
	4209.10	0.00	33.00	0.00	39.00	38.00	43.00	41.00	27.00	133.00	0.00	35.00	33.00	42.00	0.00	53.00	61.00	44.00
	4209.11	0.00	34.00	0.00	39.00	38.00	43.00	40.00	27.00	133.00	0.00	36.00	33.00	40.00	0.00	53.00	61.00	44.00
	4209.12	0.00	34.00	0.00	40.00	38.00	43.00	41.00	26.00	132.00	0.00	36.00	31.00	41.00	0.00	53.00	61.00	44.00
	4209.13	0.00	34.00	0.00	39.00	36.00	43.00	40.00	26.00	131.00	0.00	35.00	33.00	41.00	0.00	53.00	61.00	44.00
	4209.13	0.00	34.00	0.00	39.00	36.00	43.00	40.00	26.00	131.00	0.00	35.00	33.00	41.00	0.00	53.00	61.00	44.00
	4209.14	0.00	34.00	0.00	39.00	37.00	43.00	40.00	26.00	131.00	0.00	36.00	31.00	41.00	0.00	53.00	61.00	44.00
	4209.15	0.00	34.00	0.00	39.00	36.00	43.00	40.00	26.00	132.00	0.00	35.00	31.00	41.00	0.00	53.00	61.00	44.00
	4209.16	0.00	34.00	0.00	39.00	36.00	43.00	40.00	26.00	134.00	0.00	35.00	33.00	42.00	0.00	53.00	61.00	44.00
	4209.17	0.00	34.00	0.00	39.00	38.00	43.00	40.00	27.00	135.00	0.00	36.00	31.00	40.00	0.00	53.00	61.00	44.00
	4209.18	0.00	34.00	0.00	39.00	37.00	43.00	40.00	26.00	135.00	0.00	36.00	31.00	41.00	0.00	53.00	61.00	43.00
	4209.19	0.00	34.00	0.00	39.00	36.00	43.00	40.00	26.00	136.00	0.00	35.00	33.00	41.00	0.00	53.00	61.00	44.00
	4209.20	0.00	34.00	0.00	39.00	36.00	43.00	40.00	26.00	136.00	0.00	35.00	31.00	42.00	0.00	53.00	61.00	44.00
	4209.21	0.00	33.00	0.00	39.00	38.00	43.00	40.00	27.00	136.00	0.00	36.00	31.00	40.00	0.00	53.00	61.00	44.00
	4209.22	0.00	34.00	0.00	39.00	36.00	43.00	40.00	26.00	139.00	0.00	36.00	33.00	41.00	0.00	53.00	61.00	43.00
	4209.23	0.00	34.00	0.00	39.00	36.00	43.00	40.00	26.00	140.00	0.00	36.00	33.00	41.00	0.00	53.00	61.00	44.00
	4209.24	0.00	34.00	0.00	39.00	36.00	43.00	40.00	26.00	139.00	0.00	36.00	31.00	42.00	0.00	53.00	61.00	44.00
	4209.25	0.00	34.00	0.00	39.00	38.00	43.00	40.00	26.00	141.00	0.00	36.00	33.00	41.00	0.00	53.00	61.00	43.00
	4209.26	0.00	34.00	0.00	39.00	36.00	43.00	40.00	26.00	141.00	0.00	35.00	33.00	42.00	0.00	53.00	61.00	44.00
	4209.27	0.00	34.00	0.00	39.00	36.00	43.00	40.00	26.00	141.00	0.00	35.00	31.00	42.00	0.00	53.00	61.00	44.00
	4209.28	0.00	34.00	0.00	39.00	38.00	43.00	41.00	26.00	141.00	0.00	36.00	31.00	40.00	0.00	53.00	61.00	44.00
	4209.29	0.00	34.00	0.00	39.00	36.00	42.00	40.00	26.00	140.00	0.00	36.00	31.00	42.00	0.00	53.00	61.00	43.00
	4209.30	0.00	34.00	0.00	39.00	36.00	43.00	40.00	26.00	140.00	0.00	35.00	33.00	41.00	0.00	53.00	61.00	44.00
	4209.31	0.00	34.00	0.00	40.00	38.00	43.00	40.00	27.00	139.00	0.00	36.00	33.00	41.00	0.00	53.00	61.00	44.00
	4209.32	0.00	34.00	0.00	39.00	38.00	43.00	41.00	26.00	139.00	0.00	36.00	33.00	40.00	0.00	53.00	61.00	44.00
	4209.33	0.00	34.00	0.00	39.00	36.00	43.00	40.00	26.00	139.00	0.00	35.00	31.00	41.00	0.00	53.00	61.00	44.00
	4209.33	0.00	34.00	0.00	40.00	36.00	43.00	40.00	26.00	140.00	0.00	35.00	33.00	41.00	0.00	53.00	61.00	44.00
	4209.35	0.00	34.00	0.00	38.00	37.00	43.00	40.00	26.00	140.00	0.00	36.00	33.00	42.00	0.00	53.00	61.00	44.00
	4209.35	0.00	34.00	0.00	40.00	36.00	43.00	40.00	26.00	140.00	0.00	35.00	33.00	42.00	0.00	53.00	61.00	44.00
	4209.36	0.00	34.00	0.00	39.00	38.00	43.00	41.00	26.00	141.00	0.00	36.00	31.00	42.00	0.00	53.00	61.00	44.00
	4209.37	0.00	34.00	0.00	39.00	38.00	43.00	41.00	26.00	142.00	0.00	36.00	33.00	41.00	0.00	53.00	61.00	44.00
	4209.38	0.00	34.00	0.00	39.00	38.00	43.00	41.00	26.00	143.00	0.00	36.00	31.00	40.00	0.00	53.00	61.00	44.00
	4209.39	0.00	34.00	0.00	39.00	36.00	43.00	40.00	26.00	143.00	0.00	35.00	33.00	41.00	0.00	52.00	61.00	44.00
	4209.40	0.00	34.00	0.00	39.00	36.00	43.00	40.00	26.00	143.00	0.00	35.00	33.00	42.00	0.00	53.00	61.00	44.00
	4209.41	0.00	34.00	0.00	39.00	38.00	43.00	40.00	27.00	144.00	0.00	36.00	31.00	42.00	0.00	53.00	61.00	44.00
	4209.42	0.00	34.00	0.00	39.00	37.00	43.00	40.00	26.00	144.00	0.00	35.00	33.00	41.00	0.00	53.00	61.00	44.00
	4209.43	0.00	34.00	0.00	39.00	36.00	43.00	40.00	26.00	144.00	0.00	35.00	33.00	41.00	0.00	52.00	61.00	44.00
	4209.44	0.00	34.00	0.00	39.00	36.00	43.00	41.00	26.00	145.00	0.00	35.00	33.00	42.00	0.00	53.00	61.00	44.00
	4209.45	0.00	34.00	0.00	38.00	37.00	43.00	40.00	26.00	145.00	0.00	36.00	33.00	41.00	0.00	53.00	61.00	44.00
	4209.46	0.00	34.00	0.00	39.00	36.00	43.00	40.00	26.00	145.00	0.00	35.00	33.00	42.00	0.00	53.00	61.00	44.00
	4209.47	0.00	34.00	0.00	39.00	35.00	43.00	40.00	26.00	144.00	0.00	35.00	33.00	42.00	0.00	52.00	61.00	44.00
	4209.48	0.00	34.00	0.00	39.00	37.00	43.00	40.00	26.00	145.00	0.00	36.00	33.00	41.00	0.00	53.00	62.00	43.00
	4209.49	0.00	34.00	0.00	38.00	37.00	43.00	40.00	26.00	145.00	0.00	35.00	33.00	41.00	0.00	53.00	62.00	45.00
	4209.50	0.00	34.00	0.00	39.00	35.00	43.00	40.00	26.00	145.00	0.00	35.00	31.00	42.00	0.00	52.00	62.00	45.00
	4209.51	0.00	34.00	0.00	38.00	38.00	43.00	41.00	26.00	145.00	0.00	36.00	33.00	42.00	0.00	53.00	61.00	44.00
	4209.52	0.00	34.00	0.00	39.00	38.00	43.00	41.00	26.00	145.00	0.00	36.00	31.00	40.00	0.00	53.00	62.00	44.00
	4209.52	0.00	34.00	0.00	38.00	36.00	43.00	40.00	27.00	145.00	0.00	36.00	33.00	42.00	0.00	53.00	61.00	44.00
	4209.53	0.00	34.00	0.00	39.00	36.00	43.00	40.00	26.00	146.00	0.00	35.00	33.00	41.00	0.00	53.00	62.00	44.00
	4209.54	0.00	34.00	0.00	39.00	38.00	43.00	41.00	26.00	145.00	0.00	36.00	33.00	42.00	0.00	53.00	61.00	44.00
	4209.55	0.00	34.00	0.00	38.00	38.00	43.00	41.00	26.00	145.00	0.00	36.00	31.00	40.00	0.00	53.00	62.00	44.00
	4209.56	0.00	34.00	0.00	39.00	36.00	42.00	40.00	26.00	146.00	0.00	36.00	33.00	41.00	0.00	53.00	62.00	43.00
	4209.57	0.00	34.00	0.00	39.00	36.00	43.00	40.00	26.00	147.00	0.00	35.00	33.00	42.00	0.00	53.00	61.00	44.00
	4209.58	0.00	34.00	0.00	39.00	36.00	43.00	40.00	26.00	146.00	0.00	35.00	33.00	42.00	0.00	53.00	61.00	44.00
	4209.59	0.00	34.00	0.00	38.00	37.00	43.00	40.00	26.00	146.00	0.00	35.00	31.00	41.00	0.00	53.00	61.00	44.00
	4209.60	0.00	34.00	0.00	39.00	36.00	43.00	40.00	26.00	145.00	0.00	36.00	33.00	42.00	0.00	53.00	61.00	43.00
	4209.61	0.00	33.00	0.00	40.00	38.00	43.00	41.00	27.00	146.00	0.00	36.00	31.00	41.00	0.00	53.00	61.00	44.00
	4209.62	0.00	34.00	0.00	39.00	37.00	43.00	40.00	26.00	146.00	0.00	36.00	31.00	41.00	0.00	53.00	61.00	44.00
	4209.63	0.00	34.00	0.00	39.00	36.00	43.00	40.00	26.00	146.00	0.00	35.00	31.00	42.00	0.00	52.00	62.00	44.00
	4209.64	0.00	33.00	0.00	39.00	38.00	43.00	40.00	26.00	146.00	0.00	36.00	33.00	42.00	0.00	53.00	61.00	43.00
	4209.65	0.00	34.00	0.00	39.00	36.00	43.00	40.00	26.00	147.00	0.00	35.00	31.00	41.00	0.00	53.00	61.00	44.00
	4209.66	0.00	34.00	0.00	39.00	38.00	43.00	41.00	26.00	145.00	0.00	36.00	33.00	40.00	0.00	53.00	61.00	44.00
	4209.67	0.00	34.00	0.00	39.00	36.00	43.00	40.00	26.00	147.00	0.00	35.00	33.00	41.00	0.00	53.00	61.00	44.00
	4209.68	0.00	34.00	0.00	39.00	36.00	43.00	41.00	26.00	147.00	0.00	35.00	33.00	41.00	0.00	53.00	62.00	44.00
	4209.69	0.00	34.00	0.00	38.00	37.00	43.00	40.00	26.00	147.00	0.00	35.00	31.00	41.00	0.00	53.00	61.00	44.00
	4209.70	0.00	34.00	0.00	39.00	36.00	43.00	40.00	26.00	147.00	0.00	36.00	31.00	41.00	0.00	52.00	61.00	44.00
	4209.70	0.00	34.00	0.00	38.00	36.00	43.00	40.00	26.00	147.00	0.00	36.00	33.00	41.00	0.00	53.00	61.00	44.00
	4209.71	0.00	34.00	0.00	40.00	38.00	43.00	40.00	27.00	148.00	0.00	36.00	33.00	41.00	0.00	53.00	61.00	44.00
	4209.72	0.00	34.00	0.00	39.00	37.00	43.00	40.00	26.00	148.00	0.00	35.00	33.00	41.00	0.00	53.00	61.00	44.00
	4209.73	0.00	34.00	0.00	39.00	38.00	43.00	41.00	26.00	149.00	0.00	36.00	31.00	41.00	0.00	53.00	61.00	44.00
	4209.74	0.00	34.00	0.00	39.00	36.00	43.00	40.00	26.00	147.00	0.00	35.00	33.00	41.00	0.00	53.00	61.00	44.00
	4209.75	0.00	34.00	0.00	39.00	38.00	43.00	40.00	27.00	147.00	0.00	36.00	33.00	42.00	0.00	53.00	61.00	41.00
	4209.76	0.00	34.00	0.00	39.00	36.00	43.00	40.00	26.00	147.00	0.00	35.00	33.00	41.00	0.00	53.00	61.00	44.00
	4209.77	0.00	34.00	0.00	39.00	36.00	43.00	40.00	26.00	147.00	0.00	35.00	31.00	42.00	0.00	53.00	61.00	44.00
	4209.78	0.00	34.00	0.00	39.00	36.00	43.00	40.00	26.00	146.00	0.00	36.00	33.00	41.00	0.00	53.00	60.00	44.00
	4209.79	0.00	34.00	0.00	38.00	37.00	43.00	40.00	26.00	147.00	0.00	36.00	31.00	41.00	0.00	53.00	61.00	44.00
	4209.80	0.00	34.00	0.00	39.00	36.00	43.00	40.00	26.00	147.00	0.00	35.00	33.00	42.00	0.00	52.00	61.00	44.00
	4209.81	0.00	33.00	0.00	39.00	38.00	43.00	41.00	27.00	147.00	0.00	36.00	33.00	41.00	0.00	53.00	61.00	44.00
	4209.82	0.00	34.00	0.00	39.00	38.00	43.00	41.00	26.00	148.00	0.00	36.00	33.00	42.00	0.00	53.00	61.00	44.00
	4209.83	0.00	34.00	0.00	38.00	37.00	43.00	40.00	26.00	148.00	0.00	36.00	33.00	42.00	0.00	53.00	61.00	44.00
	4209.84	0.00	34.00	0.00	39.00	38.00	43.00	41.00	26.00	148.00	0.00	36.00	31.00	41.00	0.00	53.00	61.00	44.00
	4209.85	0.00	34.00	0.00	39.00	36.00	43.00	40.00	26.00	147.00	0.00	35.00	33.00	41.00	0.00	53.00	61.00	44.00
	4209.86	0.00	33.00	0.00	39.00	38.00	43.00	41.00	27.00	146.00	0.00	36.00	33.00	41.00	0.00	53.00	61.00	41.00
	4209.87	0.00	34.00	0.00	39.00	36.00	43.00	40.00	26.00	146.00	0.00	35.00	33.00	42.00	0.00	53.00	61.00	44.00
	4209.88	0.00	34.00	0.00	39.00	38.00	43.00	41.00	26.00	148.00	0.00	36.00	31.00	41.00	0.00	53.00	61.00	44.00
	4209.89	0.00	34.00	0.00	39.00	36.00	43.00	40.00	26.00	148.00	0.00	35.00	33.00	42.00	0.00	53.00	61.00	44.00
	4209.90	0.00	34.00	0.00	38.00	38.00	43.00	41.00	26.00	148.00	0.00	36.00	31.00	40.00	0.00	53.00	61.00	44.00
	4209.90	0.00	34.00	0.00	40.00	38.00	43.00	40.00	27.00	148.00	0.00	36.00	31.00	42.00	0.00	53.00	61.00	44.00
	4209.91	0.00	34.00	0.00	39.00	38.00	43.00	40.00	27.00	149.00	0.00	36.00	31.00	41.00	0.00	53.00	61.00	43.00
	4209.92	0.00	34.00	0.00	39.00	36.00	43.00	40.00	26.00	148.00	0.00	36.00	31.00	42.00	0.00	53.00	61.00	43.00
	4209.93	0.00	34.00	0.00	38.00	37.00	43.00	40.00	26.00	148.00	0.00	35.00	33.00	41.00	0.00	53.00	61.00	43.00
	4209.94	0.00	34.00	0.00	39.00	36.00	43.00	40.00	26.00	148.00	0.00	35.00	33.00	41.00	0.00	53.00	61.00	44.00
	4209.95	0.00	34.00	0.00	39.00	36.00	43.00	40.00	26.00	147.00	0.00	35.00	33.00	41.00	0.00	53.00	61.00	44.00
	4209.96	0.00	34.00	0.00	39.00	38.00	43.00	40.00	27.00	148.00	0.00	36.00	33.00	41.00	0.00	53.00	61.00	41.00
	4209.97	0.00	34.00	0.00	39.00	38.00	43.00	41.00	26.00	148.00	0.00	36.00	33.00	41.00	0.00	53.00	61.00	43.00
	4209.98	0.00	34.00	0.00	39.00	36.00	43.00	40.00	26.00	148.00	0.00	35.00	31.00	41.00	0.00	53.00	61.00	44.00
	4209.99	0.00	34.00	0.00	39.00	36.00	43.00	40.00	26.00	150.00	0.00	35.00	31.00	42.00	0.00	53.00	61.00	44.00
	4210.00	0.00	34.00	0.00	38.00	39.00	43.00	41.00	26.00	150.00	0.00	36.00	33.00	41.00	0.00	53.00	61.00	43.00
	4210.01	0.00	34.00	0.00	38.00	38.00	43.00	40.00	27.00	150.00	0.00	36.00	33.00	42.00	0.00	53.00	61.00	44.00
	4210.02	0.00	33.00	0.00	40.00	37.00	43.00	41.00	27.00	151.00	0.00	35.00	33.00	42.00	0.00	53.00	61.00	44.00
	4210.03	0.00	34.00	0.00	40.00	38.00	43.00	40.00	27.00	151.00	0.00	36.00	33.00	42.00	0.00	53.00	61.00	44.00
	4210.04	0.00	34.00	0.00	39.00	39.00	43.00	40.00	27.00	151.00	0.00	36.00	33.00	40.00	0.00	53.00	61.00	44.00
	4210.05	0.00	34.00	0.00	40.00	38.00	43.00	40.00	27.00	151.00	0.00	36.00	33.00	41.00	0.00	53.00	61.00	44.00
	4210.06	0.00	33.00	0.00	40.00	39.00	43.00	41.00	27.00	151.00	0.00	36.00	33.00	41.00	0.00	53.00	61.00	44.00
	4210.07	0.00	34.00	0.00	40.00	37.00	43.00	40.00	26.00	150.00	0.00	35.00	33.00	42.00	0.00	53.00	61.00	44.00
	4210.08	0.00	34.00	0.00	39.00	39.00	43.00	40.00	27.00	150.00	0.00	36.00	33.00	40.00	0.00	53.00	61.00	44.00
	4210.08	0.00	34.00	0.00	40.00	38.00	43.00	40.00	27.00	151.00	0.00	36.00	33.00	41.00	0.00	53.00	61.00	44.00
	4210.10	0.00	33.00	0.00	39.00	38.00	43.00	41.00	27.00	151.00	0.00	36.00	33.00	42.00	0.00	53.00	61.00	44.00
	4210.10	0.00	34.00	0.00	39.00	36.00	43.00	40.00	26.00	151.00	0.00	35.00	33.00	41.00	0.00	53.00	61.00	44.00
	4210.11	0.00	34.00	0.00	39.00	38.00	43.00	40.00	27.00	149.00	0.00	36.00	31.00	40.00	0.00	53.00	61.00	44.00
	4210.12	0.00	34.00	0.00	40.00	35.00	43.00	40.00	26.00	148.00	0.00	36.00	33.00	41.00	0.00	52.00	61.00	43.00
	4210.13	0.00	34.00	0.00	39.00	36.00	43.00	40.00	26.00	149.00	0.00	35.00	33.00	41.00	0.00	53.00	61.00	44.00
	4210.14	0.00	34.00	0.00	39.00	38.00	43.00	40.00	26.00	149.00	0.00	36.00	33.00	42.00	0.00	53.00	61.00	44.00
	4210.15	0.00	34.00	0.00	39.00	36.00	43.00	40.00	26.00	148.00	0.00	35.00	31.00	42.00	0.00	52.00	61.00	44.00
	4210.16	0.00	33.00	0.00	39.00	36.00	43.00	41.00	26.00	146.00	0.00	35.00	31.00	42.00	0.00	53.00	61.00	44.00
	4210.17	0.00	34.00	0.00	39.00	36.00	43.00	40.00	26.00	146.00	0.00	35.00	31.00	42.00	0.00	53.00	62.00	44.00
	4210.18	0.00	34.00	0.00	39.00	39.00	43.00	41.00	26.00	144.00	0.00	36.00	33.00	40.00	0.00	53.00	62.00	44.00
	4210.19	0.00	34.00	0.00	39.00	36.00	43.00	40.00	26.00	143.00	0.00	36.00	31.00	41.00	0.00	52.00	61.00	43.00
	4210.20	0.00	34.00	0.00	39.00	38.00	43.00	41.00	26.00	143.00	0.00	36.00	33.00	42.00	0.00	53.00	61.00	44.00
	4210.21	0.00	34.00	0.00	40.00	38.00	43.00	40.00	27.00	143.00	0.00	36.00	33.00	40.00	0.00	53.00	61.00	44.00
	4210.22	0.00	34.00	0.00	40.00	37.00	43.00	40.00	26.00	142.00	0.00	35.00	33.00	41.00	0.00	53.00	62.00	44.00
	4210.23	0.00	34.00	0.00	39.00	37.00	43.00	40.00	26.00	142.00	0.00	35.00	33.00	41.00	0.00	53.00	61.00	44.00
	4210.24	0.00	34.00	0.00	39.00	37.00	43.00	40.00	26.00	141.00	0.00	36.00	33.00	41.00	0.00	53.00	61.00	44.00
	4210.25	0.00	34.00	0.00	39.00	38.00	43.00	40.00	26.00	138.00	0.00	36.00	31.00	41.00	0.00	53.00	62.00	44.00
	4210.26	0.00	34.00	0.00	40.00	39.00	43.00	41.00	26.00	138.00	0.00	36.00	31.00	41.00	0.00	53.00	62.00	44.00
	4210.27	0.00	34.00	0.00	40.00	37.00	43.00	40.00	26.00	137.00	0.00	35.00	33.00	42.00	0.00	53.00	62.00	44.00
	4210.27	0.00	34.00	0.00	39.00	37.00	43.00	40.00	26.00	138.00	0.00	35.00	31.00	41.00	0.00	53.00	62.00	44.00
	4210.29	0.00	34.00	0.00	39.00	38.00	43.00	40.00	26.00	138.00	0.00	36.00	33.00	42.00	0.00	53.00	62.00	42.00
	4210.29	0.00	34.00	0.00	40.00	37.00	43.00	40.00	26.00	137.00	0.00	35.00	33.00	42.00	0.00	53.00	62.00	43.00
	4210.30	0.00	34.00	0.00	39.00	37.00	43.00	40.00	26.00	138.00	0.00	35.00	33.00	41.00	0.00	53.00	62.00	43.00
	4210.31	0.00	34.00	0.00	39.00	39.00	43.00	40.00	27.00	137.00	0.00	36.00	31.00	40.00	0.00	53.00	62.00	43.00
	4210.32	0.00	34.00	0.00	39.00	37.00	42.00	40.00	26.00	136.00	0.00	36.00	31.00	42.00	0.00	53.00	62.00	42.00
	4210.33	0.00	34.00	0.00	39.00	37.00	43.00	40.00	26.00	133.00	0.00	35.00	33.00	41.00	0.00	53.00	61.00	43.00
	4210.34	0.00	34.00	0.00	39.00	37.00	43.00	40.00	26.00	132.00	0.00	35.00	31.00	41.00	0.00	53.00	62.00	43.00
	4210.35	0.00	34.00	0.00	39.00	39.00	43.00	41.00	26.00	131.00	0.00	36.00	33.00	40.00	0.00	53.00	61.00	44.00
	4210.36	0.00	34.00	0.00	40.00	36.00	43.00	40.00	26.00	129.00	0.00	36.00	31.00	42.00	0.00	52.00	62.00	42.00
	4210.37	0.00	34.00	0.00	39.00	37.00	43.00	40.00	26.00	127.00	0.00	35.00	32.00	42.00	0.00	53.00	62.00	43.00
	4210.38	0.00	34.00	0.00	39.00	37.00	43.00	40.00	26.00	126.00	0.00	35.00	31.00	42.00	0.00	53.00	62.00	43.00
	4210.39	0.00	34.00	0.00	39.00	37.00	43.00	40.00	26.00	123.00	0.00	36.00	32.00	41.00	0.00	53.00	62.00	42.00
	4210.40	0.00	34.00	0.00	39.00	37.00	43.00	40.00	27.00	123.00	0.00	35.00	34.00	42.00	0.00	53.00	61.00	43.00
	4210.41	0.00	34.00	0.00	40.00	39.00	43.00	40.00	27.00	123.00	0.00	36.00	33.00	42.00	0.00	53.00	61.00	43.00
	4210.42	0.00	34.00	0.00	39.00	38.00	43.00	42.00	26.00	123.00	0.00	36.00	32.00	40.00	0.00	53.00	62.00	43.00
	4210.43	0.00	34.00	0.00	39.00	36.00	43.00	40.00	26.00	122.00	0.00	35.00	33.00	42.00	0.00	53.00	62.00	42.00
	4210.44	0.00	34.00	0.00	39.00	36.00	43.00	40.00	26.00	121.00	0.00	35.00	33.00	42.00	0.00	53.00	61.00	43.00
	4210.45	0.00	34.00	0.00	39.00	36.00	43.00	40.00	26.00	118.00	0.00	35.00	31.00	42.00	0.00	53.00	61.00	43.00
	4210.46	0.00	34.00	0.00	39.00	36.00	43.00	40.00	26.00	118.00	0.00	35.00	31.00	42.00	0.00	52.00	61.00	42.00
	4210.46	0.00	33.00	0.00	39.00	36.00	43.00	41.00	26.00	116.00	0.00	35.00	33.00	42.00	0.00	53.00	62.00	42.00
	4210.47	0.00	34.00	0.00	39.00	36.00	43.00	40.00	26.00	117.00	0.00	35.00	31.00	41.00	0.00	53.00	61.00	43.00
	4210.48	0.00	34.00	0.00	39.00	36.00	43.00	40.00	26.00	117.00	0.00	35.00	33.00	41.00	0.00	53.00	61.00	42.00
	4210.49	0.00	34.00	0.00	39.00	37.00	43.00	40.00	26.00	117.00	0.00	36.00	32.00	42.00	0.00	53.00	61.00	41.00
	4210.50	0.00	34.00	0.00	39.00	38.00	43.00	41.00	26.00	118.00	0.00	36.00	33.00	41.00	0.00	53.00	62.00	43.00
	4210.51	0.00	34.00	0.00	39.00	38.00	43.00	40.00	27.00	117.00	0.00	36.00	33.00	40.00	0.00	53.00	61.00	43.00
	4210.52	0.00	34.00	0.00	39.00	36.00	43.00	40.00	26.00	119.00	0.00	35.00	33.00	42.00	0.00	53.00	61.00	42.00
	4210.53	0.00	34.00	0.00	39.00	36.00	43.00	40.00	26.00	119.00	0.00	35.00	32.00	42.00	0.00	53.00	62.00	42.00
	4210.54	0.00	34.00	0.00	39.00	36.00	43.00	40.00	27.00	120.00	0.00	36.00	32.00	41.00	0.00	53.00	61.00	42.00
	4210.55	0.00	34.00	0.00	39.00	38.00	43.00	41.00	26.00	120.00	0.00	36.00	32.00	40.00	0.00	53.00	62.00	43.00
	4210.56	0.00	34.00	0.00	39.00	39.00	43.00	42.00	26.00	120.00	0.00	36.00	33.00	41.00	0.00	53.00	62.00	43.00
	4210.57	0.00	34.00	0.00	39.00	37.00	43.00	40.00	27.00	119.00	0.00	35.00	33.00	42.00	0.00	53.00	62.00	43.00
	4210.58	0.00	34.00	0.00	39.00	37.00	43.00	40.00	26.00	120.00	0.00	35.00	32.00	41.00	0.00	53.00	62.00	43.00
	4210.59	0.00	34.00	0.00	38.00	38.00	43.00	40.00	26.00	120.00	0.00	36.00	33.00	41.00	0.00	53.00	62.00	41.00
	4210.60	0.00	34.00	0.00	39.00	38.00	43.00	41.00	26.00	121.00	0.00	36.00	33.00	41.00	0.00	53.00	62.00	42.00
	4210.61	0.00	34.00	0.00	40.00	39.00	43.00	40.00	27.00	122.00	0.00	36.00	31.00	41.00	0.00	53.00	61.00	43.00
	4210.62	0.00	34.00	0.00	39.00	38.00	43.00	40.00	26.00	123.00	0.00	35.00	32.00	42.00	0.00	53.00	62.00	43.00
	4210.63	0.00	34.00	0.00	39.00	37.00	43.00	40.00	27.00	124.00	0.00	35.00	32.00	41.00	0.00	52.00	62.00	43.00
	4210.64	0.00	34.00	0.00	39.00	37.00	43.00	40.00	27.00	124.00	0.00	35.00	32.00	42.00	0.00	53.00	62.00	43.00
	4210.65	0.00	34.00	0.00	39.00	37.00	43.00	40.00	27.00	126.00	0.00	35.00	32.00	41.00	0.00	53.00	62.00	43.00
	4210.66	0.00	34.00	0.00	39.00	38.00	43.00	40.00	26.00	127.00	0.00	36.00	34.00	41.00	0.00	53.00	62.00	41.00
	4210.66	0.00	34.00	0.00	39.00	37.00	43.00	40.00	26.00	126.00	0.00	35.00	34.00	42.00	0.00	53.00	62.00	43.00
	4210.67	0.00	34.00	0.00	39.00	37.00	43.00	40.00	27.00	128.00	0.00	35.00	34.00	42.00	0.00	53.00	61.00	42.00
	4210.68	0.00	34.00	0.00	38.00	38.00	43.00	40.00	26.00	128.00	0.00	36.00	32.00	42.00	0.00	53.00	61.00	43.00
	4210.69	0.00	34.00	0.00	39.00	37.00	43.00	40.00	27.00	128.00	0.00	36.00	34.00	42.00	0.00	53.00	62.00	41.00
	4210.70	0.00	34.00	0.00	39.00	37.00	43.00	40.00	26.00	129.00	0.00	35.00	34.00	42.00	0.00	53.00	61.00	43.00
	4210.71	0.00	34.00	0.00	40.00	39.00	43.00	40.00	27.00	13