50.00
	2929.65	0.00	7.32	846.00
	2929.67	0.00	7.25	870.00
	2929.68	0.00	7.28	869.00
	2929.69	0.00	7.24	867.00
	2929.70	0.00	7.22	863.00
	2929.71	0.00	6.83	804.00
	2929.72	0.00	7.25	859.00
	2929.73	0.00	7.11	874.00
	2929.75	0.00	7.08	872.00
	2929.76	0.00	7.23	878.00
	2929.77	0.00	7.23	875.00
	2929.78	0.00	7.14	873.00
	2929.79	0.00	7.14	875.00
	2929.80	0.00	7.23	874.00
	2929.82	0.00	7.17	876.00
	2929.83	0.00	7.21	875.00
	2929.84	0.00	7.13	873.00
	2929.85	0.00	7.15	872.00
	2929.86	0.00	7.11	873.00
	2929.87	0.00	7.22	873.00
	2929.89	0.00	7.26	875.00
	2929.90	0.00	7.27	874.00
	2929.91	0.00	7.24	874.00
	2929.92	0.00	7.21	876.00
	2929.93	0.00	7.18	872.00
	2929.94	0.00	7.15	869.00
	2929.95	0.00	7.15	865.00
	2929.97	0.00	7.25	846.00
	2929.98	0.00	7.27	845.00
	2929.99	0.00	7.29	848.00
	2930.00	0.00	7.31	852.00
	2930.01	0.00	7.28	848.00
	2930.02	0.00	7.17	832.00
	2930.04	0.00	7.18	832.00
	2930.05	0.00	7.18	831.00
	2930.06	0.00	7.16	828.00
	2930.07	0.00	7.15	827.00
	2930.08	0.00	7.14	829.00
	2930.09	0.00	7.15	831.00
	2930.10	0.00	7.20	831.00
	2930.12	0.00	7.23	833.00
	2930.13	0.00	7.22	831.00
	2930.14	0.00	7.22	838.00
	2930.15	0.00	7.15	854.00
	2930.16	0.00	7.16	856.00
	2930.17	0.00	7.12	852.00
	2930.19	0.00	6.76	802.00
	2930.20	0.00	7.21	859.00
	2930.21	0.00	7.20	858.00
	2930.22	0.00	6.74	806.00
	2930.23	0.00	7.32	860.00
	2930.24	0.00	7.33	857.00
	2930.25	0.00	7.23	863.00
	2930.27	0.00	7.27	878.00
	2930.28	0.00	7.26	876.00
	2930.29	0.00	7.23	874.00
	2930.30	0.00	6.84	816.00
	2930.31	0.00	7.28	884.00
	2930.32	0.00	7.30	887.00
	2930.34	0.00	7.28	887.00
	2930.35	0.00	7.27	886.00
	2930.36	0.00	7.30	890.00
	2930.37	0.00	7.25	881.00
	2930.38	0.00	7.29	892.00
	2930.39	0.00	7.28	892.00
	2930.41	0.00	7.24	897.00
	2930.42	0.00	7.22	894.00
	2930.43	0.00	7.21	897.00
	2930.44	0.00	7.21	896.00
	2930.45	0.00	7.20	898.00
	2930.46	0.00	7.20	900.00
	2930.47	0.00	7.20	907.00
	2930.49	0.00	7.20	904.00
	2930.50	0.00	7.14	908.00
	2930.51	0.00	7.14	912.00
	2930.52	0.00	7.12	912.00
	2930.53	0.00	7.09	912.00
	2930.54	0.00	7.02	907.00
	2930.56	0.00	7.03	901.00
	2930.57	0.00	7.13	889.00
	2930.58	0.00	7.13	890.00
	2930.59	0.00	7.14	897.00
	2930.60	0.00	7.17	905.00
	2930.61	0.00	7.13	903.00
	2930.62	0.00	7.00	889.00
	2930.64	0.00	7.01	893.00
	2930.65	0.00	7.00	897.00
	2930.66	0.00	6.51	845.00
	2930.67	0.00	6.51	846.00
	2930.68	0.00	6.49	850.00
	2930.69	0.00	6.51	852.00
	2930.71	0.00	6.50	851.00
	2930.72	0.00	6.57	857.00
	2930.73	0.00	6.57	858.00
	2930.74	0.00	6.13	817.00
	2930.75	0.00	6.50	886.00
	2930.76	0.00	6.50	888.00
	2930.78	0.00	6.47	887.00
	2930.79	0.00	6.09	838.00
	2930.80	0.00	6.55	900.00
	2930.81	0.00	6.56	898.00
	2930.82	0.00	6.60	901.00
	2930.83	0.00	6.64	904.00
	2930.84	0.00	6.56	900.00
	2930.86	0.00	6.57	921.00
	2930.87	0.00	6.56	924.00
	2930.88	0.00	6.47	923.00
	2930.89	0.00	6.50	924.00
	2930.90	0.00	6.51	924.00
	2930.91	0.00	6.10	867.00
	2930.93	0.00	6.57	940.00
	2930.94	0.00	6.56	944.00
	2930.95	0.00	6.55	949.00
	2930.96	0.00	6.54	955.00
	2930.97	0.00	6.52	957.00
	2930.98	0.00	6.52	969.00
	2931.00	0.00	6.51	971.00
	2931.01	0.00	6.50	970.00
	2931.02	0.00	6.47	973.00
	2931.03	0.00	6.47	973.00
	2931.04	0.00	6.47	976.00
	2931.05	0.00	6.47	972.00
	2931.06	0.00	6.37	973.00
	2931.08	0.00	6.37	974.00
	2931.09	0.00	6.44	977.00
	2931.10	0.00	6.48	975.00
	2931.11	0.00	6.49	974.00
	2931.12	0.00	6.50	972.00
	2931.13	0.00	6.51	970.00
	2931.15	0.00	6.47	971.00
	2931.16	0.00	6.47	967.00
	2931.17	0.00	6.48	965.00
	2931.18	0.00	6.44	962.00
	2931.19	0.00	6.38	958.00
	2931.20	0.00	6.40	954.00
	2931.21	0.00	6.48	930.00
	2931.23	0.00	6.49	928.00
	2931.24	0.00	6.52	927.00
	2931.25	0.00	6.52	925.00
	2931.26	0.00	6.51	924.00
	2931.27	0.00	6.56	926.00
	2931.28	0.00	6.50	916.00
	2931.30	0.00	6.42	903.00
	2931.31	0.00	6.42	904.00
	2931.32	0.00	6.42	902.00
	2931.33	0.00	6.40	903.00
	2931.34	0.00	6.40	904.00
	2931.35	0.00	6.44	903.00
	2931.37	0.00	6.44	903.00
	2931.38	0.00	6.43	897.00
	2931.39	0.00	6.46	891.00
	2931.40	0.00	6.47	888.00
	2931.41	0.00	6.53	887.00
	2931.42	0.00	6.55	881.00
	2931.44	0.00	6.47	902.00
	2931.45	0.00	6.49	902.00
	2931.46	0.00	6.47	904.00
	2931.47	0.00	6.03	852.00
	2931.48	0.00	6.02	850.00
	2931.49	0.00	6.46	905.00
	2931.50	0.00	6.49	908.00
	2931.52	0.00	6.50	910.00
	2931.53	0.00	6.57	915.00
	2931.54	0.00	6.58	913.00
	2931.55	0.00	6.57	928.00
	2931.56	0.00	6.55	936.00
	2931.57	0.00	6.54	937.00
	2931.59	0.00	6.52	938.00
	2931.60	0.00	6.49	938.00
	2931.61	0.00	6.46	935.00
	2931.62	0.00	6.55	955.00
	2931.63	0.00	6.49	956.00
	2931.64	0.00	6.50	956.00
	2931.65	0.00	6.49	954.00
	2931.67	0.00	6.48	952.00
	2931.68	0.00	6.49	955.00
	2931.69	0.00	6.48	955.00
	2931.70	0.00	6.47	955.00
	2931.71	0.00	6.47	956.00
	2931.72	0.00	6.42	955.00
	2931.74	0.00	6.42	954.00
	2931.75	0.00	6.43	951.00
	2931.76	0.00	6.43	950.00
	2931.77	0.00	6.43	950.00
	2931.78	0.00	6.44	949.00
	2931.79	0.00	6.46	949.00
	2931.81	0.00	6.46	950.00
	2931.82	0.00	6.47	943.00
	2931.83	0.00	6.43	946.00
	2931.84	0.00	6.42	944.00
	2931.85	0.00	6.36	939.00
	2931.86	0.00	6.42	937.00
	2931.87	0.00	6.43	931.00
	2931.89	0.00	6.48	917.00
	2931.90	0.00	6.54	911.00
	2931.91	0.00	6.56	910.00
	2931.92	0.00	6.56	914.00
	2931.93	0.00	6.60	918.00
	2931.94	0.00	6.45	897.00
	2931.96	0.00	6.45	897.00
	2931.97	0.00	6.44	898.00
	2931.98	0.00	6.45	897.00
	2931.99	0.00	6.44	896.00
	2932.00	0.00	6.45	894.00
	2932.01	0.00	6.41	891.00
	2932.03	0.00	6.47	893.00
	2932.04	0.00	6.53	893.00
	2932.05	0.00	6.53	891.00
	2932.06	0.00	6.49	916.00
	2932.07	0.00	6.47	913.00
	2932.08	0.00	6.46	913.00
	2932.09	0.00	6.06	861.00
	2932.11	0.00	6.53	920.00
	2932.12	0.00	6.53	920.00
	2932.13	0.00	6.54	920.00
	2932.14	0.00	6.56	919.00
	2932.15	0.00	6.60	918.00
	2932.16	0.00	6.63	914.00
	2932.17	0.00	6.57	937.00
	2932.19	0.00	6.55	932.00
	2932.20	0.00	6.58	928.00
	2932.21	0.00	6.55	924.00
	2932.22	0.00	6.54	918.00
	2932.23	0.00	6.15	853.00
	2932.25	0.00	6.63	924.00
	2932.26	0.00	6.63	919.00
	2932.27	0.00	6.64	915.00
	2932.28	0.00	6.64	910.00
	2932.29	0.00	6.63	905.00
	2932.30	0.00	6.65	907.00
	2932.31	0.00	6.64	904.00
	2932.33	0.00	6.67	902.00
	2932.34	0.00	6.62	903.00
	2932.35	0.00	6.61	899.00
	2932.36	0.00	6.63	894.00
	2932.37	0.00	6.65	892.00
	2932.38	0.00	6.63	887.00
	2932.40	0.00	6.64	886.00
	2932.41	0.00	6.64	884.00
	2932.42	0.00	6.66	887.00
	2932.43	0.00	6.65	885.00
	2932.44	0.00	6.60	885.00
	2932.45	0.00	6.62	883.00
	2932.46	0.00	6.61	881.00
	2932.48	0.00	6.62	881.00
	2932.49	0.00	6.56	875.00
	2932.50	0.00	6.54	869.00
	2932.51	0.00	6.66	846.00
	2932.52	0.00	6.66	847.00
	2932.53	0.00	6.67	850.00
	2932.55	0.00	6.72	851.00
	2932.56	0.00	6.67	846.00
	2932.57	0.00	6.57	832.00
	2932.58	0.00	6.58	833.00
	2932.59	0.00	6.57	833.00
	2932.60	0.00	6.57	831.00
	2932.61	0.00	6.58	833.00
	2932.63	0.00	6.57	834.00
	2932.64	0.00	6.58	833.00
	2932.65	0.00	6.66	835.00
	2932.66	0.00	6.67	832.00
	2932.67	0.00	6.66	831.00
	2932.68	0.00	6.58	853.00
	2932.70	0.00	6.59	854.00
	2932.71	0.00	6.59	852.00
	2932.72	0.00	6.50	848.00
	2932.73	0.00	6.17	796.00
	2932.74	0.00	6.65	857.00
	2932.75	0.00	6.67	853.00
	2932.76	0.00	6.75	856.00
	2932.78	0.00	6.77	852.00
	2932.79	0.00	6.67	871.00
	2932.80	0.00	6.68	871.00
	2932.81	0.00	6.68	871.00
	2932.82	0.00	6.65	870.00
	2932.83	0.00	6.63	867.00
	2932.85	0.00	6.22	806.00
	2932.86	0.00	6.70	879.00
	2932.87	0.00	6.70	879.00
	2932.88	0.00	6.71	880.00
	2932.89	0.00	7.16	930.00
	2932.90	0.00	7.17	930.00
	2932.91	0.00	7.14	930.00
	2932.93	0.00	7.15	933.00
	2932.94	0.00	6.62	876.00
	2932.95	0.00	7.09	930.00
	2932.96	0.00	7.10	928.00
	2932.97	0.00	7.13	925.00
	2932.98	0.00	7.12	926.00
	2933.00	0.00	7.12	928.00
	2933.01	0.00	7.10	927.00
	2933.02	0.00	7.12	927.00
	2933.03	0.00	7.12	923.00
	2933.04	0.00	7.09	930.00
	2933.05	0.00	7.07	925.00
	2933.06	0.00	7.01	920.00
	2933.08	0.00	7.02	920.00
	2933.09	0.00	7.03	908.00
	2933.10	0.00	7.14	895.00
	2933.11	0.00	6.67	848.00
	2933.12	0.00	7.15	901.00
	2933.13	0.00	7.19	906.00
	2933.15	0.00	7.05	883.00
	2933.16	0.00	6.57	834.00
	2933.17	0.00	6.59	833.00
	2933.18	0.00	6.57	833.00
	2933.19	0.00	6.55	829.00
	2933.20	0.00	6.57	834.00
	2933.22	0.00	6.56	835.00
	2933.23	0.00	6.58	836.00
	2933.24	0.00	6.64	838.00
	2933.25	0.00	6.66	833.00
	2933.26	0.00	6.58	861.00
	2933.27	0.00	6.57	862.00
	2933.28	0.00	6.58	862.00
	2933.30	0.00	6.57	863.00
	2933.31	0.00	6.16	807.00
	2933.32	0.00	6.17	807.00
	2933.33	0.00	6.64	867.00
	2933.34	0.00	6.66	864.00
	2933.35	0.00	6.74	868.00
	2933.36	0.00	6.74	867.00
	2933.38	0.00	6.76	866.00
	2933.39	0.00	6.68	886.00
	2933.40	0.00	6.69	888.00
	2933.41	0.00	6.64	884.00
	2933.42	0.00	6.62	882.00
	2933.43	0.00	6.20	821.00
	2933.45	0.00	6.69	898.00
	2933.46	0.00	6.69	898.00
	2933.47	0.00	6.69	898.00
	2933.48	0.00	6.68	900.00
	2933.49	0.00	7.14	948.00
	2933.50	0.00	7.11	951.00
	2933.52	0.00	6.68	901.00
	2933.53	0.00	6.65	900.00
	2933.54	0.00	7.08	950.00
	2933.55	0.00	7.08	948.00
	2933.56	0.00	6.63	895.00
	2933.57	0.00	6.64	895.00
	2933.58	0.00	6.63	893.00
	2933.60	0.00	6.64	895.00
	2933.61	0.00	6.67	897.00
	2933.62	0.00	6.62	895.00
	2933.63	0.00	6.63	893.00
	2933.64	0.00	6.58	891.00
	2933.65	0.00	6.56	888.00
	2933.67	0.00	6.55	881.00
	2933.68	0.00	6.57	869.00
	2933.69	0.00	6.65	859.00
	2933.70	0.00	6.67	859.00
	2933.71	0.00	6.70	859.00
	2933.72	0.00	6.73	864.00
	2933.73	0.00	6.54	841.00
	2933.75	0.00	6.58	839.00
	2933.76	0.00	6.58	837.00
	2933.77	0.00	6.56	836.00
	2933.78	0.00	6.57	836.00
	2933.79	0.00	6.57	836.00
	2933.80	0.00	6.55	835.00
	2933.82	0.00	6.58	832.00
	2933.83	0.00	6.65	835.00
	2933.84	0.00	6.67	831.00
	2933.85	0.00	6.65	833.00
	2933.86	0.00	6.60	851.00
	2933.87	0.00	6.61	850.00
	2933.88	0.00	6.62	850.00
	2933.90	0.00	6.58	848.00
	2933.91	0.00	6.19	790.00
	2933.92	0.00	6.63	848.00
	2933.93	0.00	6.68	854.00
	2933.94	0.00	6.68	850.00
	2933.95	0.00	6.75	855.00
	2933.97	0.00	6.76	852.00
	2933.98	0.00	6.78	848.00
	2933.99	0.00	6.71	870.00
	2934.00	0.00	6.70	868.00
	2934.01	0.00	6.69	867.00
	2934.02	0.00	6.22	804.00
	2934.04	0.00	6.72	875.00
	2934.05	0.00	6.73	873.00
	2934.06	0.00	6.73	874.00
	2934.07	0.00	7.19	925.00
	2934.08	0.00	7.18	923.00
	2934.09	0.00	7.18	923.00
	2934.10	0.00	7.19	926.00
	2934.12	0.00	6.70	875.00
	2934.13	0.00	7.12	924.00
	2934.14	0.00	7.15	922.00
	2934.15	0.00	7.13	919.00
	2934.16	0.00	7.15	923.00
	2934.17	0.00	7.14	922.00
	2934.18	0.00	7.14	923.00
	2934.20	0.00	7.14	924.00
	2934.21	0.00	7.14	919.00
	2934.22	0.00	7.10	924.00
	2934.23	0.00	7.10	924.00
	2934.24	0.00	7.02	920.00
	2934.25	0.00	7.02	919.00
	2934.27	0.00	7.01	914.00
	2934.28	0.00	7.13	894.00
	2934.29	0.00	7.14	895.00
	2934.30	0.00	7.15	899.00
	2934.31	0.00	7.16	903.00
	2934.32	0.00	7.14	903.00
	2934.34	0.00	7.04	884.00
	2934.35	0.00	7.04	885.00
	2934.36	0.00	6.57	834.00
	2934.37	0.00	6.56	836.00
	2934.38	0.00	6.56	836.00
	2934.39	0.00	6.56	835.00
	2934.41	0.00	6.56	836.00
	2934.42	0.00	6.58	835.00
	2934.43	0.00	6.63	840.00
	2934.44	0.00	6.63	835.00
	2934.45	0.00	6.64	834.00
	2934.46	0.00	6.57	858.00
	2934.47	0.00	6.53	859.00
	2934.49	0.00	6.52	857.00
	2934.50	0.00	6.49	852.00
	2934.51	0.00	6.12	801.00
	2934.52	0.00	6.61	864.00
	2934.53	0.00	6.64	861.00
	2934.54	0.00	6.72	863.00
	2934.55	0.00	6.74	860.00
	2934.57	0.00	6.73	862.00
	2934.58	0.00	6.66	881.00
	2934.59	0.00	6.67	880.00
	2934.60	0.00	6.66	876.00
	2934.61	0.00	6.60	870.00
	2934.62	0.00	6.18	814.00
	2934.64	0.00	6.68	886.00
	2934.65	0.00	6.67	885.00
	2934.66	0.00	7.13	934.00
	2934.67	0.00	7.12	935.00
	2934.68	0.00	7.12	927.00
	2934.69	0.00	7.14	937.00
	2934.71	0.00	7.14	937.00
	2934.72	0.00	7.09	936.00
	2934.73	0.00	7.08	935.00
	2934.74	0.00	7.10	930.00
	2934.75	0.00	7.10	932.00
	2934.76	0.00	7.10	932.00
	2934.77	0.00	7.12	933.00
	2934.79	0.00	7.13	936.00
	2934.80	0.00	7.11	930.00
	2934.81	0.00	7.08	933.00
	2934.82	0.00	7.07	935.00
	2934.83	0.00	6.54	873.00
	2934.84	0.00	7.00	919.00
	2934.86	0.00	7.09	903.00
	2934.87	0.00	7.08	903.00
	2934.88	0.00	7.11	906.00
	2934.89	0.00	7.13	910.00
	2934.90	0.00	7.16	914.00
	2934.91	0.00	7.02	891.00
	2934.92	0.00	7.03	893.00
	2934.94	0.00	6.54	843.00
	2934.95	0.00	6.54	842.00
	2934.96	0.00	6.55	841.00
	2934.97	0.00	6.54	840.00
	2934.98	0.00	6.51	839.00
	2934.99	0.00	6.55	843.00
	2935.01	0.00	6.58	846.00
	2935.02	0.00	6.60	845.00
	2935.03	0.00	6.61	849.00
	2935.04	0.00	6.57	869..00	6.74	870.00
	2940.45	0.00	6.69	886.00
	2940.46	0.00	6.67	890.00
	2940.47	0.00	6.66	882940.42	0.00	6.72	874.00
	2940.43	0.00	6.74	870.00
	2940.45	0.00	6.69	886.00
	2940.46	0.00	6.67	890.00
	2940.47	0.00	6.66	882940.42	0.00	6.72	874.00
	2940.43	0.00	6.74	870.00
	2940.45	0.00	6.69	886.00
	2940.46	0.00	6.67	890.00
	2940.47	0.00	6.66	889.00
	2940.48	0.00	6.64	888.00
	2940.49	0.00	6.60	881.00
	2940.50	0.00	6.65	879.00
	2940.52	0.00	6.69	897.00
	2940.53	0.00	6.70	897.00
	2940.54	0.00	7.15	944.00
	2940.55	0.00	7.13	946.00
	2940.56	0.00	7.09	936.00
	2940.57	0.00	7.14	947.00
	2940.58	0.00	6.68	896.00
	2940.60	0.00	7.09	945.00
	2940.61	0.00	7.11	941.00
	2940.62	0.00	7.11	940.00
	2940.63	0.00	7.10	939.00
	2940.64	0.00	7.10	940.00
	2940.65	0.00	7.12	941.00
	2940.66	0.00	7.12	944.00
	2940.68	0.00	7.12	940.00
	2940.69	0.00	7.06	944.00
	2940.70	0.00	7.06	943.00
	2940.71	0.00	6.54	887.00
	2940.72	0.00	6.53	882.00
	2940.73	0.00	6.56	869.00
	2940.75	0.00	6.65	864.00
	2940.76	0.00	6.65	865.00
	2940.77	0.00	7.12	917.00
	2940.78	0.00	7.17	923.00
	2940.79	0.00	7.04	904.00
	2940.80	0.00	6.55	850.00
	2940.82	0.00	6.55	851.00
	2940.83	0.00	6.54	851.00
	2940.84	0.00	6.54	851.00
	2940.85	0.00	6.55	851.00
	2940.86	0.00	6.55	853.00
	2940.87	0.00	6.55	852.00
	2940.89	0.00	6.62	856.00
	2940.90	0.00	6.62	853.00
	2940.91	0.00	6.57	877.00
	2940.92	0.00	6.56	877.00
	2940.93	0.00	6.55	878.00
	2940.94	0.00	6.54	877.00
	2940.95	0.00	6.53	877.00
	2940.97	0.00	6.13	824.00
	2940.98	0.00	6.13	822.00
	2940.99	0.00	6.62	885.00
	2941.00	0.00	6.62	885.00
	2941.01	0.00	6.69	889.00
	2941.02	0.00	6.71	887.00
	2941.03	0.00	6.65	909.00
	2941.05	0.00	6.63	911.00
	2941.06	0.00	6.62	909.00
	2941.07	0.00	6.42	911.00
	2941.08	0.00	6.42	908.00
	2941.09	0.00	6.37	898.00
	2941.10	0.00	6.53	920.00
	2941.12	0.00	6.46	920.00
	2941.13	0.00	6.64	920.00
	2941.14	0.00	6.51	921.00
	2941.15	0.00	6.52	918.00
	2941.16	0.00	6.63	919.00
	2941.17	0.00	6.63	923.00
	2941.19	0.00	6.63	922.00
	2941.20	0.00	6.58	920.00
	2941.21	0.00	6.58	922.00
	2941.22	0.00	6.58	922.00
	2941.23	0.00	6.58	921.00
	2941.24	0.00	6.61	920.00
	2941.25	0.00	6.61	919.00
	2941.27	0.00	6.60	919.00
	2941.28	0.00	6.61	921.00
	2941.29	0.00	6.61	917.00
	2941.30	0.00	6.57	922.00
	2941.31	0.00	6.57	920.00
	2941.32	0.00	6.56	920.00
	2941.34	0.00	6.49	916.00
	2941.35	0.00	6.43	907.00
	2941.36	0.00	6.52	898.00
	2941.37	0.00	6.60	890.00
	2941.38	0.00	6.62	892.00
	2941.39	0.00	6.64	895.00
	2941.40	0.00	6.66	899.00
	2941.42	0.00	6.47	875.00
	2941.43	0.00	6.50	875.00
	2941.44	0.00	6.49	874.00
	2941.45	0.00	6.51	875.00
	2941.46	0.00	6.50	873.00
	2941.47	0.00	6.50	874.00
	2941.49	0.00	6.46	873.00
	2941.50	0.00	6.54	874.00
	2941.51	0.00	6.58	875.00
	2941.52	0.00	6.59	873.00
	2941.53	0.00	6.52	898.00
	2941.54	0.00	6.53	896.00
	2941.55	0.00	6.53	894.00
	2941.57	0.00	6.50	893.00
	2941.58	0.00	6.47	888.00
	2941.59	0.00	6.10	837.00
	2941.60	0.00	6.57	896.00
	2941.61	0.00	6.59	897.00
	2941.62	0.00	6.59	897.00
	2941.64	0.00	6.63	898.00
	2941.65	0.00	6.68	894.00
	2941.66	0.00	6.59	913.00
	2941.67	0.00	6.62	911.00
	2941.68	0.00	6.58	906.00
	2941.69	0.00	6.57	905.00
	2941.70	0.00	6.15	843.00
	2941.72	0.00	6.64	917.00
	2941.73	0.00	6.65	916.00
	2941.74	0.00	6.64	918.00
	2941.75	0.00	6.64	917.00
	2941.76	0.00	6.63	917.00
	2941.77	0.00	6.64	917.00
	2941.79	0.00	6.63	917.00
	2941.80	0.00	6.61	917.00
	2941.81	0.00	6.59	916.00
	2941.82	0.00	6.58	916.00
	2941.83	0.00	6.55	911.00
	2941.84	0.00	6.59	911.00
	2941.85	0.00	6.56	906.00
	2941.87	0.00	6.61	911.00
	2941.88	0.00	6.61	911.00
	2941.89	0.00	6.60	905.00
	2941.90	0.00	6.58	910.00
	2941.91	0.00	6.53	906.00
	2941.92	0.00	6.50	903.00
	2941.94	0.00	6.50	901.00
	2941.95	0.00	6.50	896.00
	2941.96	0.00	6.57	870.00
	2941.97	0.00	6.62	874.00
	2941.98	0.00	6.63	877.00
	2941.99	0.00	6.66	881.00
	2942.01	0.00	6.65	877.00
	2942.02	0.00	6.52	856.00
	2942.03	0.00	6.52	861.00
	2942.04	0.00	6.53	861.00
	2942.05	0.00	6.52	860.00
	2942.06	0.00	6.54	858.00
	2942.07	0.00	6.52	860.00
	2942.09	0.00	6.52	858.00
	2942.10	0.00	6.59	862.00
	2942.11	0.00	6.61	859.00
	2942.12	0.00	6.59	862.00
	2942.13	0.00	6.57	873.00
	2942.14	0.00	6.54	882.00
	2942.15	0.00	6.54	880.00
	2942.17	0.00	6.11	825.00
	2942.18	0.00	6.11	824.00
	2942.19	0.00	6.60	885.00
	2942.20	0.00	6.60	883.00
	2942.21	0.00	6.60	882.00
	2942.22	0.00	6.69	882.00
	2942.24	0.00	6.70	883.00
	2942.25	0.00	6.64	900.00
	2942.26	0.00	6.63	901.00
	2942.27	0.00	6.63	901.00
	2942.28	0.00	6.60	897.00
	2942.29	0.00	6.16	835.00
	2942.31	0.00	6.66	908.00
	2942.32	0.00	6.61	900.00
	2942.33	0.00	6.66	908.00
	2942.34	0.00	6.67	907.00
	2942.35	0.00	6.66	905.00
	2942.36	0.00	6.65	908.00
	2942.37	0.00	6.61	907.00
	2942.39	0.00	6.61	906.00
	2942.40	0.00	6.61	907.00
	2942.41	0.00	6.61	900.00
	2942.42	0.00	6.61	901.00
	2942.43	0.00	6.62	901.00
	2942.44	0.00	6.63	900.00
	2942.45	0.00	6.63	903.00
	2942.47	0.00	6.64	900.00
	2942.48	0.00	6.57	900.00
	2942.49	0.00	6.58	902.00
	2942.50	0.00	6.52	896.00
	2942.51	0.00	6.52	896.00
	2942.52	0.00	6.48	881.00
	2942.54	0.00	6.60	869.00
	2942.55	0.00	6.62	869.00
	2942.56	0.00	7.10	923.00
	2942.57	0.00	6.68	877.00
	2942.58	0.00	6.67	875.00
	2942.59	0.00	6.53	856.00
	2942.61	0.00	6.54	852.00
	2942.62	0.00	6.54	855.00
	2942.63	0.00	6.54	857.00
	2942.64	0.00	6.53	855.00
	2942.65	0.00	6.52	855.00
	2942.66	0.00	6.53	854.00
	2942.67	0.00	6.58	857.00
	2942.69	0.00	6.59	854.00
	2942.70	0.00	6.60	855.00
	2942.71	0.00	6.55	879.00
	2942.72	0.00	6.54	878.00
	2942.73	0.00	6.52	876.00
	2942.74	0.00	6.11	821.00
	2942.75	0.00	6.12	819.00
	2942.77	0.00	6.61	880.00
	2942.78	0.00	6.62	880.00
	2942.79	0.00	6.66	879.00
	2942.80	0.00	6.70	878.00
	2942.81	0.00	6.67	885.00
	2942.82	0.00	6.65	897.00
	2942.84	0.00	6.65	898.00
	2942.85	0.00	6.64	895.00
	2942.86	0.00	6.61	892.00
	2942.87	0.00	6.17	830.00
	2942.88	0.00	6.68	903.00
	2942.89	0.00	6.68	902.00
	2942.91	0.00	7.12	953.00
	2942.92	0.00	6.68	902.00
	2942.93	0.00	7.11	950.00
	2942.94	0.00	7.12	953.00
	2942.95	0.00	6.66	903.00
	2942.96	0.00	6.63	903.00
	2942.98	0.00	6.62	903.00
	2942.99	0.00	7.06	952.00
	2943.00	0.00	6.63	897.00
	2943.01	0.00	6.61	897.00
	2943.02	0.00	6.63	898.00
	2943.03	0.00	6.87	948.00
	2943.04	0.00	7.08	950.00
	2943.06	0.00	6.60	901.00
	2943.07	0.00	6.39	900.00
	2943.08	0.00	6.33	896.00
	2943.09	0.00	6.31	895.00
	2943.10	0.00	6.51	887.00
	2943.11	0.00	6.60	874.00
	2943.12	0.00	6.62	872.00
	2943.14	0.00	6.64	873.00
	2943.15	0.00	6.66	875.00
	2943.16	0.00	6.68	878.00
	2943.17	0.00	6.54	857.00
	2943.18	0.00	6.53	856.00
	2943.19	0.00	6.10	799.00
	2943.21	0.00	6.52	856.00
	2943.22	0.00	6.53	854.00
	2943.23	0.00	6.53	858.00
	2943.24	0.00	6.54	858.00
	2943.25	0.00	6.59	859.00
	2943.26	0.00	6.61	856.00
	2943.28	0.00	6.60	857.00
	2943.29	0.00	6.55	879.00
	2943.30	0.00	6.56	880.00
	2943.31	0.00	6.56	879.00
	2943.32	0.00	6.55	879.00
	2943.33	0.00	6.50	875.00
	2943.34	0.00	6.12	821.00
	2943.36	0.00	6.61	884.00
	2943.37	0.00	6.61	882.00
	2943.38	0.00	6.67	882.00
	2943.39	0.00	6.69	884.00
	2943.40	0.00	6.70	882.00
	2943.41	0.00	6.69	886.00
	2943.43	0.00	6.64	901.00
	2943.44	0.00	6.63	899.00
	2943.45	0.00	6.62	893.00
	2943.46	0.00	6.54	886.00
	2943.47	0.00	6.66	905.00
	2943.48	0.00	6.64	907.00
	2943.50	0.00	6.67	907.00
	2943.51	0.00	7.09	957.00
	2943.52	0.00	6.57	906.00
	2943.53	0.00	6.52	897.00
	2943.54	0.00	6.57	908.00
	2943.55	0.00	6.61	905.00
	2943.56	0.00	6.99	957.00
	2943.58	0.00	6.54	906.00
	2943.59	0.00	6.54	901.00
	2943.60	0.00	7.00	955.00
	2943.61	0.00	7.02	954.00
	2943.62	0.00	6.62	905.00
	2943.63	0.00	7.05	956.00
	2943.64	0.00	7.03	949.00
	2943.66	0.00	6.57	907.00
	2943.67	0.00	6.57	905.00
	2943.68	0.00	6.50	900.00
	2943.69	0.00	6.51	897.00
	2943.70	0.00	6.50	893.00
	2943.71	0.00	6.60	874.00
	2943.73	0.00	6.60	876.00
	2943.74	0.00	6.61	878.00
	2943.75	0.00	6.64	881.00
	2943.76	0.00	6.50	862.00
	2943.77	0.00	6.50	862.00
	2943.78	0.00	6.50	863.00
	2943.80	0.00	6.52	861.00
	2943.81	0.00	6.08	807.00
	2943.82	0.00	6.52	860.00
	2943.83	0.00	6.51	864.00
	2943.84	0.00	6.53	862.00
	2943.85	0.00	6.16	809.00
	2943.86	0.00	6.59	862.00
	2943.88	0.00	6.52	886.00
	2943.89	0.00	6.52	886.00
	2943.90	0.00	6.53	886.00
	2943.91	0.00	6.51	886.00
	2943.92	0.00	6.50	887.00
	2943.93	0.00	6.10	833.00
	2943.94	0.00	6.59	895.00
	2943.96	0.00	6.59	894.00
	2943.97	0.00	6.63	889.00
	2943.98	0.00	6.68	895.00
	2943.99	0.00	6.68	890.00
	2944.00	0.00	6.62	911.00
	2944.01	0.00	6.59	906.00
	2944.03	0.00	6.59	909.00
	2944.04	0.00	6.59	910.00
	2944.05	0.00	6.55	902.00
	2944.06	0.00	6.62	901.00
	2944.07	0.00	6.63	918.00
	2944.08	0.00	6.63	919.00
	2944.10	0.00	6.62	919.00
	2944.11	0.00	7.08	969.00
	2944.12	0.00	6.63	912.00
	2944.13	0.00	6.63	921.00
	2944.14	0.00	6.62	920.00
	2944.15	0.00	6.57	919.00
	2944.16	0.00	6.58	920.00
	2944.18	0.00	6.58	917.00
	2944.19	0.00	6.58	915.00
	2944.20	0.00	6.59	916.00
	2944.21	0.00	6.59	916.00
	2944.22	0.00	6.61	913.00
	2944.23	0.00	6.61	916.00
	2944.25	0.00	6.61	915.00
	2944.26	0.00	6.56	917.00
	2944.27	0.00	6.55	914.00
	2944.28	0.00	6.55	915.00
	2944.29	0.00	6.49	911.00
	2944.30	0.00	6.49	910.00
	2944.31	0.00	6.51	898.00
	2944.33	0.00	6.60	886.00
	2944.34	0.00	6.59	886.00
	2944.35	0.00	6.61	888.00
	2944.36	0.00	6.65	891.00
	2944.37	0.00	6.55	876.00
	2944.38	0.00	6.50	870.00
	2944.40	0.00	6.50	868.00
	2944.41	0.00	6.50	868.00
	2944.42	0.00	6.50	865.00
	2944.43	0.00	6.51	870.00
	2944.44	0.00	6.51	869.00
	2944.45	0.00	6.50	867.00
	2944.46	0.00	6.59	871.00
	2944.48	0.00	6.57	863.00
	2944.49	0.00	6.59	867.00
	2944.50	0.00	6.53	888.00
	2944.51	0.00	6.53	888.00
	2944.52	0.00	6.52	888.00
	2944.53	0.00	6.49	884.00
	2944.54	0.00	6.10	830.00
	2944.56	0.00	6.58	892.00
	2944.57	0.00	6.59	889.00
	2944.58	0.00	6.65	891.00
	2944.59	0.00	6.68	893.00
	2944.60	0.00	6.68	891.00
	2944.61	0.00	6.70	887.00
	2944.63	0.00	6.62	908.00
	2944.64	0.00	6.60	907.00
	2944.65	0.00	6.59	906.00
	2944.66	0.00	6.55	896.00
	2944.67	0.00	6.16	840.00
	2944.68	0.00	6.62	898.00
	2944.70	0.00	6.65	912.00
	2944.71	0.00	6.64	912.00
	2944.72	0.00	6.65	913.00
	2944.73	0.00	6.60	901.00
	2944.74	0.00	6.65	913.00
	2944.75	0.00	6.64	911.00
	2944.76	0.00	6.65	910.00
	2944.78	0.00	6.63	911.00
	2944.79	0.00	6.60	908.00
	2944.80	0.00	6.60	907.00
	2944.81	0.00	6.62	904.00
	2944.82	0.00	6.62	902.00
	2944.83	0.00	6.62	904.00
	2944.85	0.00	6.64	905.00
	2944.86	0.00	6.63	899.00
	2944.87	0.00	6.59	903.00
	2944.88	0.00	6.60	904.00
	2944.89	0.00	6.58	903.00
	2944.90	0.00	6.53	897.00
	2944.92	0.00	6.52	892.00
	2944.93	0.00	6.57	875.00
	2944.94	0.00	6.63	867.00
	2944.95	0.00	6.62	871.00
	2944.96	0.00	6.66	874.00
	2944.97	0.00	6.66	877.00
	2944.98	0.00	6.69	877.00
	2945.00	0.00	6.53	856.00
	2945.01	0.00	6.53	853.00
	2945.02	0.00	6.53	853.00
	2945.03	0.00	6.53	852.00
	2945.04	0.00	6.54	852.00
	2945.05	0.00	6.54	853.00
	2945.06	0.00	6.55	851.00
	2945.08	0.00	6.61	853.00
	2945.09	0.00	6.62	852.00
	2945.10	0.00	6.63	850.00
	2945.11	0.00	6.56	874.00
	2945.12	0.00	6.57	873.00
	2945.13	0.00	6.55	872.00
	2945.15	0.00	6.51	867.00
	2945.16	0.00	5.94	814.00
	2945.17	0.00	6.62	877.00
	2945.18	0.00	6.50	876.00
	2945.19	0.00	6.70	878.00
	2945.20	0.00	6.71	876.00
	2945.22	0.00	6.71	873.00
	2945.23	0.00	6.69	881.00
	2945.24	0.00	6.65	891.00
	2945.25	0.00	6.63	888.00
	2945.26	0.00	6.63	884.00
	2945.27	0.00	6.59	878.00
	2945.28	0.00	6.71	895.00
	2945.30	0.00	6.68	893.00
	2945.31	0.00	6.69	892.00
	2945.32	0.00	6.69	890.00
	2945.33	0.00	7.13	935.00
	2945.34	0.00	6.70	894.00
	2945.35	0.00	6.70	890.00
	2945.37	0.00	7.10	939.00
	2945.38	0.00	6.66	890.00
	2945.39	0.00	7.10	940.00
	2945.40	0.00	7.13	932.00
	2945.41	0.00	7.12	933.00
	2945.42	0.00	7.13	934.00
	2945.43	0.00	7.14	935.00
	2945.45	0.00	7.14	934.00
	2945.46	0.00	7.15	933.00
	2945.47	0.00	7.14	927.00
	2945.48	0.00	7.11	933.00
	2945.49	0.00	7.09	933.00
	2945.50	0.00	6.57	875.00
	2945.52	0.00	6.57	868.00
	2945.53	0.00	7.14	899.00
	2945.54	0.00	7.16	900.00
	2945.55	0.00	7.17	902.00
	2945.56	0.00	7.21	906.00
	2945.57	0.00	7.13	896.00
	2945.59	0.00	7.06	885.00
	2945.60	0.00	7.07	886.00
	2945.61	0.00	7.07	885.00
	2945.62	0.00	6.60	833.00
	2945.63	0.00	6.60	833.00
	2945.64	0.00	6.59	831.00
	2945.65	0.00	6.59	834.00
	2945.67	0.00	6.59	833.00
	2945.68	0.00	6.64	834.00
	2945.69	0.00	6.66	834.00
	2945.70	0.00	6.67	832.00
	2945.71	0.00	6.61	856.00
	2945.72	0.00	6.61	856.00
	2945.73	0.00	6.58	855.00
	2945.75	0.00	6.18	799.00
	2945.76	0.00	6.57	848.00
	2945.77	0.00	6.18	794.00
	2945.78	0.00	6.69	855.00
	2945.79	0.00	6.69	849.00
	2945.80	0.00	6.78	854.00
	2945.82	0.00	6.80	848.00
	2945.83	0.00	7.18	917.00
	2945.84	0.00	7.19	920.00
	2945.85	0.00	7.11	909.00
	2945.86	0.00	6.68	866.00
	2945.87	0.00	7.07	912.00
	2945.89	0.00	6.72	863.00
	2945.90	0.00	6.74	882.00
	2945.91	0.00	6.72	879.00
	2945.92	0.00	7.20	934.00
	2945.93	0.00	7.16	928.00
	2945.94	0.00	7.17	936.00
	2945.95	0.00	7.19	937.00
	2945.97	0.00	7.17	935.00
	2945.98	0.00	7.12	935.00
	2945.99	0.00	7.13	934.00
	2946.00	0.00	7.14	932.00
	2946.01	0.00	7.15	931.00
	2946.02	0.00	7.12	930.00
	2946.04	0.00	7.15	931.00
	2946.05	0.00	7.15	931.00
	2946.06	0.00	7.11	922.00
	2946.07	0.00	7.11	932.00
	2946.08	0.00	7.11	931.00
	2946.09	0.00	7.05	927.00
	2946.10	0.00	6.98	915.00
	2946.12	0.00	7.09	902.00
	2946.13	0.00	6.68	848.00
	2946.14	0.00	7.17	900.00
	2946.15	0.00	7.09	901.00
	2946.16	0.00	7.19	906.00
	2946.17	0.00	7.22	908.00
	2946.19	0.00	7.06	886.00
	2946.20	0.00	7.06	885.00
	2946.21	0.00	6.53	827.00
	2946.22	0.00	6.59	835.00
	2946.23	0.00	6.59	833.00
	2946.24	0.00	6.60	836.00
	2946.25	0.00	6.59	835.00
	2946.27	0.00	6.59	834.00
	2946.28	0.00	6.66	837.00
	2946.29	0.00	6.66	835.00
	2946.30	0.00	6.60	859.00
	2946.31	0.00	6.61	860.00
	2946.32	0.00	6.58	858.00
	2946.34	0.00	6.55	854.00
	2946.35	0.00	6.16	803.00
	2946.36	0.00	6.16	802.00
	2946.37	0.00	6.65	864.00
	2946.38	0.00	6.66	864.00
	2946.39	0.00	6.68	864.00
	2946.40	0.00	6.75	866.00
	2946.42	0.00	6.77	863.00
	2946.43	0.00	6.69	884.00
	2946.44	0.00	6.67	881.00
	2946.45	0.00	6.65	880.00
	2946.46	0.00	6.66	881.00
	2946.47	0.00	6.59	870.00
	2946.49	0.00	6.70	891.00
	2946.50	0.00	6.70	893.00
	2946.51	0.00	7.16	943.00
	2946.52	0.00	7.17	942.00
	2946.53	0.00	7.15	943.00
	2946.54	0.00	7.15	943.00
	2946.55	0.00	6.66	893.00
	2946.57	0.00	7.10	942.00
	2946.58	0.00	7.10	940.00
	2946.59	0.00	7.09	938.00
	2946.60	0.00	7.10	937.00
	2946.61	0.00	7.11	939.00
	2946.62	0.00	7.10	938.00
	2946.64	0.00	7.11	939.00
	2946.65	0.00	7.13	941.00
	2946.66	0.00	7.09	937.00
	2946.67	0.00	7.09	941.00
	2946.68	0.00	6.62	891.00
	2946.69	0.00	6.54	884.00
	2946.71	0.00	6.55	875.00
	2946.72	0.00	6.65	859.00
	2946.73	0.00	6.62	863.00
	2946.74	0.00	6.61	864.00
	2946.75	0.00	6.62	865.00
	2946.76	0.00	6.64	869.00
	2946.77	0.00	6.99	904.00
	2946.79	0.00	6.48	848.00
	2946.80	0.00	6.48	848.00
	2946.81	0.00	6.49	847.00
	2946.82	0.00	6.53	846.00
	2946.83	0.00	6.56	849.00
	2946.84	0.00	6.53	850.00
	2946.85	0.00	6.54	848.00
	2946.87	0.00	6.62	851.00
	2946.88	0.00	6.64	851.00
	2946.89	0.00	6.62	851.00
	2946.90	0.00	6.57	869.00
	2946.91	0.00	6.57	870.00
	2946.92	0.00	6.55	869.00
	2946.94	0.00	6.15	815.00
	2946.95	0.00	6.15	814.00
	2946.96	0.00	6.63	876.00
	2946.97	0.00	6.62	876.00
	2946.98	0.00	6.64	875.00
	2946.99	0.00	6.71	877.00
	2947.01	0.00	6.72	871.00
	2947.02	0.00	6.66	893.00
	2947.03	0.00	6.66	891.00
	2947.04	0.00	6.65	889.00
	2947.05	0.00	6.63	889.00
	2947.06	0.00	6.56	877.00
	2947.07	0.00	6.68	898.00
	2947.09	0.00	6.70	898.00
	2947.10	0.00	6.68	899.00
	2947.11	0.00	7.14	948.00
	2947.12	0.00	6.58	886.00
	2947.13	0.00	6.68	901.00
	2947.14	0.00	6.67	900.00
	2947.15	0.00	6.65	899.00
	2947.17	0.00	7.07	949.00
	2947.18	0.00	7.08	947.00
	2947.19	0.00	7.10	941.00
	2947.20	0.00	6.64	895.00
	2947.21	0.00	7.07	945.00
	2947.22	0.00	6.66	896.00
	2947.24	0.00	6.67	897.00
	2947.25	0.00	7.11	944.00
	2947.26	0.00	7.06	948.00
	2947.27	0.00	7.06	947.00
	2947.28	0.00	6.59	896.00
	2947.29	0.00	6.53	892.00
	2947.31	0.00	6.53	888.00
	2947.32	0.00	6.53	882.00
	2947.33	0.00	6.64	865.00
	2947.34	0.00	6.66	868.00
	2947.35	0.00	6.90	918.00
	2947.36	0.00	6.50	872.00
	2947.38	0.00	6.52	876.00
	2947.39	0.00	6.41	853.00
	2947.40	0.00	6.38	852.00
	2947.41	0.00	6.41	852.00
	2947.42	0.00	6.42	852.00
	2947.43	0.00	6.55	852.00
	2947.44	0.00	6.38	848.00
	2947.46	0.00	6.42	854.00
	2947.47	0.00	6.45	852.00
	2947.48	0.00	6.61	857.00
	2947.49	0.00	6.48	854.00
	2947.50	0.00	6.43	877.00
	2947.51	0.00	6.43	877.00
	2947.52	0.00	6.42	878.00
	2947.54	0.00	6.42	876.00
	2947.55	0.00	6.38	873.00
	2947.56	0.00	6.03	820.00
	2947.57	0.00	6.52	883.00
	2947.58	0.00	6.61	882.00
	2947.59	0.00	6.59	884.00
	2947.61	0.00	6.71	881.00
	2947.62	0.00	6.70	877.00
	2947.63	0.00	6.64	899.00
	2947.64	0.00	6.64	899.00
	2947.65	0.00	6.64	894.00
	2947.66	0.00	6.61	895.00
	2947.68	0.00	6.17	834.00
	2947.69	0.00	6.68	907.00
	2947.70	0.00	6.63	903.00
	2947.71	0.00	6.66	907.00
	2947.72	0.00	6.64	904.00
	2947.73	0.00	6.58	893.00
	2947.75	0.00	6.65	907.00
	2947.76	0.00	6.66	910.00
	2947.77	0.00	6.61	909.00
	2947.78	0.00	6.61	908.00
	2947.79	0.00	6.61	903.00
	2947.80	0.00	6.63	905.00
	2947.81	0.00	6.62	905.00
	2947.82	0.00	6.64	905.00
	2947.84	0.00	7.08	956.00
	2947.85	0.00	6.64	903.00
	2947.86	0.00	6.61	909.00
	2947.87	0.00	6.59	906.00
	2947.88	0.00	6.55	904.00
	2947.89	0.00	6.52	899.00
	2947.91	0.00	6.53	888.00
	2947.92	0.00	6.63	869.00
	2947.93	0.00	6.63	874.00
	2947.94	0.00	6.63	876.00
	2947.95	0.00	6.65	877.00
	2947.96	0.00	6.69	881.00
	2947.98	0.00	6.58	869.00
	2947.99	0.00	6.54	861.00
	2948.00	0.00	6.53	862.00
	2948.01	0.00	6.53	860.00
	2948.02	0.00	6.54	859.00
	2948.03	0.00	6.54	862.00
	2948.04	0.00	6.54	862.00
	2948.06	0.00	6.54	860.00
	2948.07	0.00	6.60	864.00
	2948.08	0.00	6.56	860.00
	2948.09	0.00	6.52	883.00
	2948.10	0.00	6.54	883.00
	2948.11	0.00	6.52	880.00
	2948.12	0.00	6.50	881.00
	2948.14	0.00	6.50	879.00
	2948.15	0.00	6.11	827.00
	2948.16	0.00	6.60	888.00
	2948.17	0.00	6.62	887.00
	2948.18	1.00	6.66	886.00
	2948.19	1.00	6.69	886.00
	2948.21	1.00	6.68	883.00
	2948.22	1.00	6.66	902.00
	2948.23	1.00	6.63	905.00
	2948.24	1.00	6.63	903.00
	2948.25	1.00	6.60	900.00
	2948.26	1.00	6.54	889.00
	2948.28	1.00	6.66	911.00
	2948.29	1.00	6.65	909.00
	2948.30	1.00	6.65	909.00
	2948.31	1.00	6.66	910.00
	2948.32	1.00	6.65	903.00
	2948.33	1.00	6.64	910.00
	2948.34	1.00	6.65	911.00
	2948.36	1.00	6.59	909.00
	2948.37	1.00	7.05	960.00
	2948.38	1.00	6.61	905.00
	2948.39	0.00	6.62	906.00
	2948.40	0.00	6.61	905.00
	2948.41	0.00	6.63	906.00
	2948.43	0.00	6.62	906.00
	2948.44	0.00	7.09	956.00
	2948.45	0.00	6.62	904.00
	2948.46	0.00	6.59	908.00
	2948.47	0.00	6.59	906.00
	2948.48	0.00	6.52	900.00
	2948.50	0.00	6.51	897.00
	2948.51	0.00	6.52	893.00
	2948.52	0.00	6.56	883.00
	2948.53	0.00	6.63	876.00
	2948.54	0.00	6.64	878.00
	2948.55	0.00	6.64	879.00
	2948.56	0.00	6.68	883.00
	2948.58	0.00	6.53	862.00
	2948.59	0.00	6.54	860.00
	2948.60	0.00	6.54	860.00
	2948.61	0.00	6.54	858.00
	2948.62	0.00	6.55	860.00
	2948.63	0.00	6.55	856.00
	2948.64	0.00	6.53	861.00
	2948.66	0.00	6.55	859.00
	2948.67	0.00	6.60	862.00
	2948.68	0.00	6.63	858.00
	2948.69	0.00	6.56	883.00
	2948.70	0.00	6.55	882.00
	2948.71	0.00	6.55	882.00
	2948.73	0.00	6.53	881.00
	2948.74	0.00	6.52	879.00
	2948.75	0.00	6.11	825.00
	2948.76	0.00	6.62	887.00
	2948.77	0.00	6.60	886.00
	2948.78	0.00	6.61	884.00
	2948.80	0.00	6.66	886.00
	2948.81	0.00	6.69	888.00
	2948.82	0.00	6.71	884.00
	2948.83	0.00	6.63	904.00
	2948.84	0.00	6.64	901.00
	2948.85	0.00	6.59	898.00
	2948.86	0.00	6.59	897.00
	2948.88	0.00	6.17	836.00
	2948.89	0.00	6.66	909.00
	2948.90	0.00	6.66	907.00
	2948.91	0.00	6.67	908.00
	2948.92	0.00	6.66	908.00
	2948.93	0.00	6.66	905.00
	2948.94	0.00	6.66	909.00
	2948.96	0.00	6.67	908.00
	2948.97	0.00	6.62	907.00
	2948.98	0.00	6.61	905.00
	2948.99	0.00	6.64	907.00
	2949.00	0.00	6.62	903.00
	2949.01	0.00	6.63	902.00
	2949.03	0.00	6.64	902.00
	2949.04	0.00	6.66	904.00
	2949.05	0.00	7.10	953.00
	2949.06	0.00	6.61	901.00
	2949.07	0.00	6.61	903.00
	2949.08	0.00	6.61	901.00
	2949.10	0.00	6.61	902.00
	2949.11	0.00	6.54	896.00
	2949.12	0.00	6.53	892.00
	2949.13	0.00	6.61	877.00
	2949.14	0.00	6.60	863.00
	2949.15	0.00	6.65	870.00
	2949.17	0.00	6.67	874.00
	2949.18	0.00	6.70	878.00
	2949.19	0.00	6.55	858.00
	2949.20	0.00	6.54	852.00
	2949.21	0.00	6.54	855.00
	2949.22	0.00	6.55	855.00
	2949.23	0.00	6.54	853.00
	2949.25	0.00	6.56	854.00
	2949.26	0.00	6.55	856.00
	2949.27	0.00	6.55	852.00
	2949.28	0.00	6.56	852.00
	2949.29	0.00	6.62	859.00
	2949.30	0.00	6.62	856.00
	2949.32	0.00	6.63	854.00
	2949.33	0.00	6.57	877.00
	2949.34	0.00	6.56	877.00
	2949.35	0.00	6.55	877.00
	2949.36	0.00	6.52	871.00
	2949.37	0.00	6.14	819.00
	2949.38	0.00	6.62	881.00
	2949.40	0.00	6.64	881.00
	2949.41	0.00	6.63	880.00
	2949.42	0.00	6.66	878.00
	2949.43	0.00	6.73	879.00
	2949.44	0.00	6.74	877.00
	2949.45	0.00	6.66	897.00
	2949.47	0.00	6.65	898.00
	2949.48	0.00	6.63	897.00
	2949.49	0.00	6.59	887.00
	2949.50	0.00	6.68	902.00
	2949.51	0.00	6.69	902.00
	2949.52	0.00	6.68	902.00
	2949.53	0.00	6.69	901.00
	2949.55	0.00	6.69	900.00
	2949.56	0.00	6.70	896.00
	2949.57	0.00	6.69	900.00
	2949.58	0.00	6.67	897.00
	2949.59	0.00	6.64	896.00
	2949.60	0.00	7.10	947.00
	2949.62	0.00	7.09	944.00
	2949.63	0.00	6.66	890.00
	2949.64	0.00	7.13	938.00
	2949.65	0.00	6.68	891.00
	2949.66	0.00	6.69	891.00
	2949.67	0.00	6.68	886.00
	2949.68	0.00	7.09	938.00
	2949.70	0.00	7.09	938.00
	2949.71	0.00	6.65	888.00
	2949.72	0.00	6.57	881.00
	2949.73	0.00	6.57	876.00
	2949.74	0.00	6.66	859.00
	2949.75	0.00	6.69	855.00
	2949.77	0.00	6.71	856.00
	2949.78	0.00	6.73	857.00
	2949.79	0.00	6.74	860.00
	2949.80	0.00	7.04	887.00
	2949.81	0.00	6.99	880.00
	2949.82	0.00	6.58	838.00
	2949.83	0.00	6.58	838.00
	2949.85	0.00	6.57	835.00
	2949.86	0.00	6.55	831.00
	2949.87	0.00	6.58	836.00
	2949.88	0.00	6.63	835.00
	2949.89	0.00	6.66	836.00
	2949.90	0.00	6.67	835.00
	2949.92	0.00	6.68	833.00
	2949.93	0.00	6.60	858.00
	2949.94	0.00	6.60	857.00
	2949.95	0.00	6.58	853.00
	2949.96	0.00	6.55	851.00
	2949.97	0.00	6.60	850.00
	2949.98	0.00	6.66	860.00
	2950.00	0.00	6.68	858.00
	2950.01	0.00	6.70	858.00
	2950.02	0.00	6.76	859.00
	2950.03	0.00	6.78	857.00
	2950.04	0.00	6.71	878.00
	2950.05	0.00	6.72	878.00
	2950.07	0.00	6.69	875.00
	2950.08	0.00	6.63	868.00
	2950.09	0.00	6.74	873.00
	2950.10	0.00	6.73	884.00
	2950.11	0.00	6.73	884.00
	2950.12	0.00	6.72	883.00
	2950.13	0.00	7.18	933.00
	2950.15	0.00	7.15	924.00
	2950.16	0.00	7.17	933.00
	2950.17	0.00	7.18	931.00
	2950.18	0.00	6.72	883.00
	2950.19	0.00	7.12	932.00
	2950.20	0.00	7.13	932.00
	2950.22	0.00	7.12	926.00
	2950.23	0.00	7.13	929.00
	2950.24	0.00	7.15	929.00
	2950.25	0.00	7.16	930.00
	2950.26	0.00	7.17	928.00
	2950.27	0.00	7.12	926.00
	2950.29	0.00	7.13	928.00
	2950.30	0.00	7.12	927.00
	2950.31	0.00	7.10	927.00
	2950.32	0.00	6.59	871.00
	2950.33	0.00	7.04	915.00
	2950.34	0.00	7.15	895.00
	2950.35	0.00	6.68	846.00
	2950.37	0.00	6.71	848.00
	2950.38	0.00	6.72	849.00
	2950.39	0.00	7.19	900.00
	2950.40	0.00	7.23	904.00
	2950.41	0.00	7.08	883.00
	2950.42	0.00	6.59	832.00
	2950.44	0.00	6.61	832.00
	2950.45	0.00	6.60	832.00
	2950.46	0.00	6.62	830.00
	2950.47	0.00	6.62	835.00
	2950.48	0.00	6.60	833.00
	2950.49	0.00	6.61	833.00
	2950.50	0.00	6.67	836.00
	2950.52	0.00	6.69	833.00
	2950.53	0.00	6.67	843.00
	2950.54	0.00	6.61	856.00
	2950.55	0.00	6.60	854.00
	2950.56	0.00	6.62	855.00
	2950.57	0.00	6.56	852.00
	2950.59	0.00	6.18	800.00
	2950.60	0.00	6.68	864.00
	2950.61	0.00	6.68	863.00
	2950.62	0.00	6.68	861.00
	2950.63	0.00	6.78	865.00
	2950.64	0.00	6.77	859.00
	2950.66	0.00	6.71	880.00
	2950.67	0.00	6.69	879.00
	2950.68	0.00	6.66	877.00
	2950.69	0.00	6.65	875.00
	2950.70	0.00	6.62	871.00
	2950.71	0.00	6.71	889.00
	2950.72	0.00	6.72	890.00
	2950.74	0.00	6.72	890.00
	2950.75	0.00	7.17	939.00
	2950.76	0.00	7.16	939.00
	2950.77	0.00	6.69	886.00
	2950.78	0.00	7.15	944.00
	2950.79	0.00	7.14	944.00
	2950.81	0.00	7.10	943.00
	2950.82	0.00	7.10	942.00
	2950.83	0.00	7.11	939.00
	2950.84	0.00	7.11	938.00
	2950.85	0.00	7.12	939.00
	2950.86	0.00	7.11	939.00
	2950.87	0.00	7.14	938.00
	2950.89	0.00	6.68	889.00
	2950.90	0.00	7.13	935.00
	2950.91	0.00	7.09	939.00
	2950.92	0.00	6.63	888.00
	2950.93	0.00	6.57	883.00
	2950.94	0.00	6.55	877.00
	2950.96	0.00	6.67	856.00
	2950.97	0.00	6.67	858.00
	2950.98	0.00	6.68	857.00
	2950.99	0.00	6.69	860.00
	2951.00	0.00	6.71	862.00
	2951.01	0.00	6.71	861.00
	2951.02	0.00	6.57	842.00
	2951.04	0.00	6.58	842.00
	2951.05	0.00	6.57	841.00
	2951.06	0.00	6.56	839.00
	2951.07	0.00	6.58	841.00
	2951.08	0.00	6.57	841.00
	2951.09	0.00	6.57	840.00
	2951.11	0.00	6.64	843.00
	2951.12	0.00	6.66	841.00
	2951.13	0.00	6.64	845.00
	2951.14	0.00	6.59	864.00
	2951.15	0.00	6.59	862.00
	2951.16	0.00	6.57	861.00
	2951.18	0.00	6.55	862.00
	2951.19	0.00	6.54	860.00
	2951.20	0.00	6.13	807.00
	2951.21	0.00	6.63	868.00
	2951.22	0.00	6.65	868.00
	2951.23	0.00	6.72	868.00
	2951.24	0.00	6.76	866.00
	2951.26	0.00	6.68	885.00
	2951.27	0.00	6.68	885.00
	2951.28	0.00	6.68	884.00
	2951.29	0.00	6.65	883.00
	2951.30	0.00	6.61	876.00
	2951.31	0.00	6.73	882.00
	2951.32	0.00	6.70	890.00
	2951.34	0.00	6.71	891.00
	2951.35	0.00	7.16	941.00
	2951.36	0.00	7.16	941.00
	2951.37	0.00	7.11	933.00
	2951.38	0.00	7.15	943.00
	2951.39	0.00	6.69	893.00
	2951.41	0.00	7.10	942.00
	2951.42	0.00	7.10	941.00
	2951.43	0.00	7.11	937.00
	2951.44	0.00	7.11	937.00
	2951.45	0.00	7.13	938.00
	2951.46	0.00	7.12	940.00
	2951.48	0.00	6.68	891.00
	2951.49	0.00	7.13	939.00
	2951.50	0.00	7.11	938.00
	2951.51	0.00	6.63	894.00
	2951.52	0.00	6.57	890.00
	2951.53	0.00	6.54	887.00
	2951.54	0.00	6.57	871.00
	2951.56	0.00	6.65	868.00
	2951.57	0.00	6.64	869.00
	2951.58	0.00	6.64	872.00
	2951.59	0.00	6.66	877.00
	2951.60	0.00	6.70	885.00
	2951.61	0.00	6.60	872.00
	2951.62	0.00	6.52	865.00
	2951.64	0.00	6.52	868.00
	2951.65	0.00	6.53	872.00
	2951.66	0.00	6.51	871.00
	2951.67	0.00	6.51	872.00
	2951.68	0.00	6.49	876.00
	2951.69	0.00	6.50	880.00
	2951.71	0.00	6.50	882.00
	2951.72	0.00	6.55	890.00
	2951.73	0.00	6.55	891.00
	2951.74	0.00	6.48	918.00
	2951.75	0.00	6.49	923.00
	2951.76	0.00	6.48	923.00
	2951.78	0.00	6.47	933.00
	2951.79	0.00	6.43	935.00
	2951.80	0.00	6.04	889.00
	2951.81	0.00	6.48	951.00
	2951.82	0.00	6.49	959.00
	2951.83	0.00	6.48	966.00
	2951.84	0.00	6.46	970.00
	2951.86	0.00	6.47	974.00
	2951.87	0.00	6.52	979.00
	2951.88	0.00	6.53	980.00
	2951.89	0.00	6.53	982.00
	2951.90	0.00	6.47	1007.00
	2951.91	0.00	6.46	1012.00
	2951.93	0.00	6.46	1015.00
	2951.94	0.00	6.43	1015.00
	2951.95	0.00	6.42	1020.00
	2951.96	0.00	6.39	1025.00
	2951.97	0.00	6.38	1027.00
	2951.98	0.00	6.38	1025.00
	2952.00	0.00	6.32	1020.00
	2952.01	0.00	6.44	1035.00
	2952.02	0.00	6.44	1046.00
	2952.03	0.00	6.45	1046.00
	2952.04	0.00	6.44	1043.00
	2952.05	0.00	6.44	1045.00
	2952.07	0.00	6.44	1040.00
	2952.08	0.00	6.45	1040.00
	2952.09	0.00	6.45	1038.00
	2952.10	0.00	6.45	1033.00
	2952.11	0.00	6.41	1019.00
	2952.12	0.00	6.47	1027.00
	2952.14	0.00	6.46	1020.00
	2952.15	0.00	6.47	1016.00
	2952.16	0.00	6.48	1010.00
	2952.17	0.00	6.49	1006.00
	2952.18	0.00	6.44	997.00
	2952.19	0.00	6.44	989.00
	2952.21	0.00	6.46	976.00
	2952.22	0.00	6.48	962.00
	2952.23	0.00	6.49	946.00
	2952.24	0.00	6.51	932.00
	2952.25	0.00	6.55	917.00
	2952.26	0.00	6.57	902.00
	2952.27	0.00	6.59	883.00
	2952.29	0.00	6.58	861.00
	2952.30	0.00	6.61	837.00
	2952.31	0.00	6.59	802.00
	2952.32	0.00	6.54	765.00
	2952.33	0.00	6.23	675.00
	2952.34	0.00	6.26	661.00
	2952.36	0.00	6.29	652.00
	2952.37	0.00	6.28	647.00
	2952.38	0.00	6.30	642.00
	2952.39	0.00	6.31	638.00
	2952.40	0.00	6.30	635.00
	2952.41	0.00	6.32	633.00
	2952.42	0.00	6.32	632.00
	2952.44	0.00	6.34	628.00
	2952.45	0.00	6.37	627.00
	2952.46	0.00	6.44	630.00
	2952.47	0.00	6.44	630.00
	2952.48	0.00	6.40	644.00
	2952.50	0.00	6.40	645.00
	2952.51	0.00	6.40	644.00
	2952.52	0.00	6.40	644.00
	2952.53	0.00	6.42	640.00
	2952.54	0.00	6.41	641.00
	2952.55	0.00	6.41	640.00
	2952.56	0.00	6.42	638.00
	2952.58	0.00	6.51	640.00
	2952.59	0.00	6.49	639.00
	2952.60	0.00	6.51	638.00
	2952.61	0.00	6.46	650.00
	2952.62	0.00	6.47	651.00
	2952.63	0.00	6.41	648.00
	2952.64	0.00	6.44	650.00
	2952.66	0.00	6.45	648.00
	2952.67	0.00	6.47	645.00
	2952.68	0.00	6.45	647.00
	2952.69	0.00	6.45	647.00
	2952.70	0.00	6.46	646.00
	2952.71	0.00	6.46	644.00
	2952.72	0.00	6.46	645.00
	2952.74	0.00	6.47	644.00
	2952.75	0.00	6.44	642.00
	2952.76	0.00	6.42	642.00
	2952.77	0.00	6.42	641.00
	2952.78	0.00	6.43	637.00
	2952.79	0.00	6.42	636.00
	2952.81	0.00	6.43	636.00
	2952.82	0.00	6.45	637.00
	2952.83	0.00	6.44	636.00
	2952.84	0.00	6.45	635.00
	2952.85	0.00	6.43	636.00
	2952.86	0.00	6.43	637.00
	2952.88	0.00	6.44	636.00
	2952.89	0.00	6.37	632.00
	2952.90	0.00	6.38	629.00
	2952.91	0.00	6.44	613.00
	2952.92	0.00	6.44	613.00
	2952.93	0.00	6.44	613.00
	2952.94	0.00	6.47	612.00
	2952.95	0.00	6.44	613.00
	2952.97	0.00	6.42	622.00
	2952.98	0.00	6.32	658.00
	2952.99	0.00	6.17	761.00
	2953.00	0.00	5.88	941.00
	2953.01	0.00	5.67	1101.00
	2953.02	0.00	5.61	1166.00
	2953.04	0.00	5.60	1188.00
	2953.05	0.00	5.58	1208.00
	2953.06	0.00	5.57	1234.00
	2953.07	0.00	5.51	1271.00
	2953.08	0.00	5.51	1301.00
	2953.09	0.00	5.77	1373.00
	2953.11	0.00	5.75	1377.00
	2953.12	0.00	5.73	1379.00
	2953.13	0.00	5.73	1382.00
	2953.14	0.00	5.73	1380.00
	2953.15	0.00	6.12	1426.00
	2953.16	0.00	5.94	1364.00
	2953.18	0.00	5.98	1346.00
	2953.19	0.00	6.03	1325.00
	2953.20	0.00	6.08	1297.00
	2953.21	0.00	6.14	1287.00
	2953.22	0.00	6.25	1260.00
	2953.23	0.00	6.33	1227.00
	2953.25	0.00	6.42	1191.00
	2953.26	0.00	6.53	1165.00
	2953.27	0.00	6.64	1139.00
	2953.28	0.00	6.74	1112.00
	2953.29	0.00	6.83	1081.00
	2953.30	0.00	6.92	1048.00
	2953.32	0.00	7.03	1017.00
	2953.33	0.00	7.12	980.00
	2953.34	0.00	7.23	938.00
	2953.35	0.00	7.36	900.00
	2953.36	0.00	7.42	866.00
	2953.37	0.00	7.52	836.00
	2953.38	0.00	7.53	818.00
	2953.40	0.00	8.28	842.00
	2953.41	0.00	8.27	856.00
	2953.42	0.00	8.35	853.00
	2953.43	0.00	8.44	844.00
	2953.44	0.00	8.62	830.00
	2953.45	0.00	8.89	808.00
	2953.47	0.00	8.92	812.00
	2953.48	0.00	9.03	800.00
	2953.49	0.00	9.09	803.00
	2953.50	0.00	9.13	807.00
	2953.51	0.00	9.18	810.00
	2953.52	0.00	9.23	815.00
	2953.54	0.00	9.29	819.00
	2953.55	0.00	9.29	823.00
	2953.56	0.00	9.37	831.00
	2953.57	0.00	9.49	842.00
	2953.58	0.00	9.54	846.00
	2953.59	0.00	9.51	845.00
	2953.61	0.00	9.57	850.00
	2953.62	0.00	9.55	850.00
	2953.63	0.00	9.41	843.00
	2953.64	0.00	9.19	824.00
	2953.65	0.00	8.84	794.00
	2953.66	0.00	7.74	708.00
	2953.67	0.00	7.49	683.00
	2953.69	0.00	7.33	661.00
	2953.70	0.00	7.20	646.00
	2953.71	0.00	7.12	633.00
	2953.72	0.00	7.09	626.00
	2953.73	0.00	6.45	573.00
	2953.74	0.00	6.54	573.00
	2953.76	0.00	6.51	585.00
	2953.77	0.00	6.44	591.00
	2953.78	0.00	6.48	590.00
	2953.79	0.00	6.49	591.00
	2953.80	0.00	6.49	591.00
	2953.81	0.00	6.49	592.00
	2953.82	0.00	6.51	585.00
	2953.84	0.00	6.51	584.00
	2953.85	0.00	6.50	587.00
	2953.86	0.00	6.52	585.00
	2953.87	0.00	6.52	586.00
	2953.88	0.00	6.51	585.00
	2953.89	0.00	6.58	588.00
	2953.91	0.00	6.57	592.00
	2953.92	0.00	6.58	591.00
	2953.93	0.00	6.55	589.00
	2953.94	0.00	6.55	591.00
	2953.95	0.00	6.55	589.00
	2953.96	0.00	6.55	589.00
	2953.97	0.00	6.56	586.00
	2953.99	0.00	6.64	589.00
	2954.00	0.00	6.64	587.00
	2954.01	0.00	6.62	592.00
	2954.02	0.00	6.62	591.00
	2954.03	0.00	6.62	591.00
	2954.04	0.00	6.60	592.00
	2954.06	0.00	6.61	592.00
	2954.07	0.00	6.57	592.00
	2954.08	0.00	6.61	591.00
	2954.09	0.00	6.60	592.00
	2954.10	0.00	6.61	592.00
	2954.11	0.00	6.60	592.00
	2954.12	0.00	6.60	594.00
	2954.14	0.00	6.61	591.00
	2954.15	0.00	6.62	592.00
	2954.16	0.00	6.56	589.00
	2954.17	0.00	6.55	593.00
	2954.18	0.00	6.56	589.00
	2954.19	0.00	6.57	589.00
	2954.21	0.00	6.56	590.00
	2954.22	0.00	6.56	589.00
	2954.23	0.00	6.57	594.00
	2954.24	0.00	6.58	594.00
	2954.25	0.00	6.52	606.00
	2954.26	0.00	6.47	625.00
	2954.27	0.00	6.32	680.00
	2954.29	0.00	5.94	849.00
	2954.30	0.00	5.65	1058.00
	2954.31	0.00	5.61	1135.00
	2954.32	0.00	5.60	1147.00
	2954.33	0.00	5.62	1146.00
	2954.34	0.00	5.60	1144.00
	2954.36	0.00	5.58	1173.00
	2954.37	0.00	5.54	1215.00
	2954.38	0.00	5.50	1254.00
	2954.39	0.00	5.50	1275.00
	2954.40	0.00	5.80	1343.00
	2954.41	0.00	5.80	1347.00
	2954.43	0.00	6.17	1397.00
	2954.44	0.00	6.22	1396.00
	2954.45	0.00	5.93	1330.00
	2954.46	0.00	5.96	1311.00
	2954.47	0.00	6.01	1288.00
	2954.48	0.00	6.08	1260.00
	2954.50	0.00	6.16	1237.00
	2954.51	0.00	6.23	1215.00
	2954.52	0.00	6.31	1194.00
	2954.53	0.00	6.34	1174.00
	2954.54	0.00	6.40	1148.00
	2954.55	0.00	6.49	1126.00
	2954.57	0.00	6.53	1101.00
	2954.58	0.00	6.62	1082.00
	2954.59	0.00	6.69	1068.00
	2954.60	0.00	6.76	1047.00
	2954.61	0.00	6.80	1040.00
	2954.62	0.00	6.84	1028.00
	2954.64	0.00	6.91	1015.00
	2954.65	0.00	7.04	1010.00
	2954.66	0.00	7.14	996.00
	2954.67	0.00	7.23	981.00
	2954.68	0.00	7.34	965.00
	2954.69	0.00	7.43	952.00
	2954.70	0.00	7.45	949.00
	2954.72	0.00	7.57	933.00
	2954.73	0.00	7.67	911.00
	2954.74	0.00	7.76	903.00
	2954.75	0.00	7.83	893.00
	2954.76	0.00	8.59	936.00
	2954.77	0.00	8.66	923.00
	2954.79	0.00	8.75	929.00
	2954.80	0.00	8.91	904.00
	2954.81	0.00	9.04	901.00
	2954.82	0.00	9.11	915.00
	2954.83	0.00	9.33	911.00
	2954.84	0.00	9.46	911.00
	2954.85	0.00	9.48	922.00
	2954.87	0.00	9.60	915.00
	2954.88	0.00	9.66	907.00
	2954.89	0.00	9.64	890.00
	2954.90	0.00	9.41	856.00
	2954.91	0.00	8.94	797.00
	2954.92	0.00	8.58	750.00
	2954.94	0.00	8.29	717.00
	2954.95	0.00	7.32	647.00
	2954.96	0.00	7.25	632.00
	2954.97	0.00	7.16	620.00
	2954.98	0.00	6.53	574.00
	2954.99	0.00	6.50	588.00
	2955.00	0.00	6.49	593.00
	2955.02	0.00	6.45	593.00
	2955.03	0.00	6.45	593.00
	2955.04	0.00	6.46	594.00
	2955.05	0.00	6.47	594.00
	2955.06	0.00	6.47	594.00
	2955.07	0.00	6.46	594.00
	2955.09	0.00	6.41	590.00
	2955.10	0.00	6.42	588.00
	2955.11	0.00	6.43	582.00
	2955.12	0.00	6.46	578.00
	2955.13	0.00	6.47	577.00
	2955.14	0.00	6.47	577.00
	2955.16	0.00	6.47	577.00
	2955.17	0.00	6.49	577.00
	2955.18	0.00	6.50	576.00
	2955.19	0.00	6.43	576.00
	2955.20	0.00	6.48	573.00
	2955.21	0.00	6.45	574.00
	2955.22	0.00	6.48	574.00
	2955.24	0.00	6.54	575.00
	2955.25	0.00	6.52	581.00
	2955.26	0.00	6.53	581.00
	2955.27	0.00	6.51	580.00
	2955.28	0.00	6.51	579.00
	2955.29	0.00	6.52	578.00
	2955.30	0.00	6.53	579.00
	2955.32	0.00	6.55	576.00
	2955.33	0.00	6.62	580.00
	2955.34	0.00	6.60	585.00
	2955.35	0.00	6.60	583.00
	2955.36	0.00	6.56	581.00
	2955.37	0.00	6.58	583.00
	2955.39	0.00	6.57	584.00
	2955.40	0.00	6.57	584.00
	2955.41	0.00	6.57	584.00
	2955.42	0.00	6.57	587.00
	2955.43	0.00	6.58	584.00
	2955.44	0.00	6.59	583.00
	2955.46	0.00	6.60	584.00
	2955.47	0.00	6.61	583.00
	2955.48	0.00	6.59	584.00
	2955.49	0.00	6.57	585.00
	2955.50	0.00	6.48	605.00
	2955.51	0.00	6.38	656.00
	2955.52	0.00	6.08	780.00
	2955.54	0.00	5.79	956.00
	2955.55	0.00	5.70	1057.00
	2955.56	0.00	5.71	1074.00
	2955.57	0.00	5.71	1081.00
	2955.58	0.00	5.70	1103.00
	2955.59	0.00	5.65	1148.00
	2955.61	0.00	5.61	1193.00
	2955.62	0.00	5.59	1236.00
	2955.63	0.00	5.57	1265.00
	2955.64	0.00	5.57	1273.00
	2955.65	0.00	5.57	1272.00
	2955.66	0.00	5.56	1270.00
	2955.68	0.00	5.54	1266.00
	2955.69	0.00	5.51	1256.00
	2955.70	0.00	5.92	1293.00
	2955.71	0.00	5.96	1268.00
	2955.72	0.00	6.01	1229.00
	2955.73	0.00	6.06	1186.00
	2955.75	0.00	6.12	1141.00
	2955.76	0.00	6.17	1100.00
	2955.77	0.00	6.54	1118.00
	2955.78	0.00	6.21	1035.00
	2955.79	0.00	6.30	1003.00
	2955.80	0.00	6.39	975.00
	2955.81	0.00	6.48	952.00
	2955.83	0.00	6.53	932.00
	2955.84	0.00	6.58	919.00
	2955.85	0.00	5.98	834.00
	2955.86	0.00	6.01	820.00
	2955.87	0.00	6.01	810.00
	2955.88	0.00	6.43	842.00
	2955.90	0.00	6.19	779.00
	2955.91	0.00	6.18	765.00
	2955.92	0.00	6.74	803.00
	2955.93	0.00	6.77	794.00
	2955.94	0.00	6.83	793.00
	2955.95	0.00	6.86	784.00
	2955.97	0.00	6.97	781.00
	2955.98	0.00	7.03	778.00
	2955.99	0.00	7.19	785.00
	2956.00	0.00	7.26	782.00
	2956.01	0.00	7.34	779.00
	2956.02	0.00	7.36	803.00
	2956.04	0.00	8.25	829.00
	2956.05	0.00	8.28	824.00
	2956.06	0.00	8.45	812.00
	2956.07	0.00	8.43	846.00
	2956.08	0.00	8.63	816.00
	2956.09	0.00	8.69	813.00
	2956.10	0.00	8.76	810.00
	2956.12	0.00	8.83	803.00
	2956.13	0.00	8.82	793.00
	2956.14	0.00	8.72	779.00
	2956.15	0.00	8.58	760.00
	2956.16	0.00	8.51	751.00
	2956.17	0.00	8.41	734.00
	2956.19	0.00	8.32	717.00
	2956.20	0.00	8.18	701.00
	2956.21	0.00	7.31	638.00
	2956.22	0.00	7.22	625.00
	2956.23	0.00	6.51	580.00
	2956.24	0.00	6.49	590.00
	2956.26	0.00	6.48	608.00
	2956.27	0.00	6.47	610.00
	2956.28	0.00	6.47	610.00
	2956.29	0.00	6.49	609.00
	2956.30	0.00	6.49	609.00
	2956.31	0.00	6.47	604.00
	2956.32	0.00	6.48	602.00
	2956.34	0.00	6.49	597.00
	2956.35	0.00	6.50	597.00
	2956.36	0.00	6.53	594.00
	2956.37	0.00	6.52	595.00
	2956.38	0.00	6.52	594.00
	2956.39	0.00	6.53	593.00
	2956.40	0.00	6.45	587.00
	2956.42	0.00	6.46	587.00
	2956.43	0.00	6.47	581.00
	2956.44	0.00	6.46	587.00
	2956.45	0.00	6.41	593.00
	2956.46	0.00	6.43	593.00
	2956.47	0.00	6.45	589.00
	2956.49	0.00	6.46	588.00
	2956.50	0.00	6.45	588.00
	2956.51	0.00	6.45	587.00
	2956.52	0.00	6.49	578.00
	2956.53	0.00	6.49	576.00
	2956.54	0.00	6.49	573.00
	2956.56	0.00	6.50	574.00
	2956.57	0.00	6.56	576.00
	2956.58	0.00	6.57	574.00
	2956.59	0.00	6.58	577.00
	2956.60	0.00	6.57	578.00
	2956.61	0.00	6.58	579.00
	2956.62	0.00	6.57	577.00
	2956.64	0.00	6.57	573.00
	2956.65	0.00	6.58	572.00
	2956.66	0.00	6.55	573.00
	2956.67	0.00	6.56	573.00
	2956.68	0.00	6.57	570.00
	2956.69	0.00	6.63	575.00
	2956.70	0.00	6.63	574.00
	2956.72	0.00	6.58	588.00
	2956.73	0.00	6.46	643.00
	2956.74	0.00	6.03	839.00
	2956.75	0.00	5.38	1175.00
	2956.76	0.00	5.53	1218.00
	2956.77	0.00	5.56	1235.00
	2956.79	0.00	5.59	1221.00
	2956.80	0.00	5.60	1231.00
	2956.81	0.00	5.58	1277.00
	2956.82	0.00	5.55	1337.00
	2956.83	0.00	5.55	1363.00
	2956.84	0.00	5.57	1369.00
	2956.86	0.00	5.93	1417.00
	2956.87	0.00	6.05	1407.00
	2956.88	0.00	6.14	1380.00
	2956.89	0.00	6.18	1352.00
	2956.90	0.00	6.29	1321.00
	2956.91	0.00	6.36	1286.00
	2956.93	0.00	6.45	1244.00
	2956.94	0.00	6.50	1199.00
	2956.95	0.00	6.56	1156.00
	2956.96	0.00	6.62	1118.00
	2956.97	0.00	6.66	1077.00
	2956.98	0.00	6.66	1034.00
	2957.00	0.00	6.73	1002.00
	2957.01	0.00	6.77	977.00
	2957.02	0.00	6.80	959.00
	2957.03	0.00	6.82	942.00
	2957.04	0.00	6.82	937.00
	2957.05	0.00	6.84	935.00
	2957.07	0.00	6.84	933.00
	2957.08	0.00	6.80	933.00
	2957.09	0.00	6.81	936.00
	2957.10	0.00	6.83	937.00
	2957.11	0.00	6.79	937.00
	2957.12	0.00	6.79	940.00
	2957.13	0.00	6.78	935.00
	2957.15	0.00	6.75	933.00
	2957.16	0.00	6.72	927.00
	2957.17	0.00	6.67	927.00
	2957.18	0.00	6.55	923.00
	2957.19	0.00	6.50	924.00
	2957.20	0.00	6.96	966.00
	2957.22	0.00	7.06	965.00
	2957.23	0.00	7.25	965.00
	2957.24	0.00	7.46	937.00
	2957.25	0.00	7.58	917.00
	2957.26	0.00	7.73	897.00
	2957.27	0.00	7.51	832.00
	2957.29	0.00	7.57	833.00
	2957.30	0.00	7.85	799.00
	2957.31	0.00	8.51	857.00
	2957.32	0.00	8.63	867.00
	2957.33	0.00	8.74	867.00
	2957.34	0.00	8.84	844.00
	2957.36	0.00	8.86	837.00
	2957.37	0.00	8.82	832.00
	2957.38	0.00	8.82	824.00
	2957.39	0.00	8.71	809.00
	2957.40	0.00	7.89	731.00
	2957.41	0.00	7.60	701.00
	2957.42	0.00	7.35	668.00
	2957.44	0.00	7.20	646.00
	2957.45	0.00	6.93	625.00
	2957.46	0.00	7.03	611.00
	2957.47	0.00	6.47	560.00
	2957.48	0.00	6.48	566.00
	2957.49	0.00	6.38	622.00
	2957.51	0.00	6.35	623.00
	2957.52	0.00	6.37	619.00
	2957.53	0.00	6.40	617.00
	2957.54	0.00	6.43	608.00
	2957.55	0.00	6.45	604.00
	2957.56	0.00	6.50	610.00
	2957.57	0.00	6.46	624.00
	2957.59	0.00	6.47	625.00
	2957.60	0.00	6.44	627.00
	2957.61	0.00	6.47	620.00
	2957.62	0.00	6.45	621.00
	2957.63	0.00	6.44	622.00
	2957.64	0.00	6.47	618.00
	2957.66	0.00	6.51	607.00
	2957.67	0.00	6.52	603.00
	2957.68	0.00	6.52	605.00
	2957.69	0.00	6.48	600.00
	2957.70	0.00	6.54	581.00
	2957.71	0.00	6.57	574.00
	2957.72	0.00	6.57	572.00
	2957.74	0.00	6.59	570.00
	2957.75	0.00	6.60	570.00
	2957.76	0.00	6.60	569.00
	2957.77	0.00	6.60	569.00
	2957.78	0.00	6.53	568.00
	2957.79	0.00	6.52	565.00
	2957.81	0.00	6.56	559.00
	2957.82	0.00	6.56	559.00
	2957.83	0.00	6.56	559.00
	2957.84	0.00	6.57	559.00
	2957.85	0.00	6.57	558.00
	2957.86	0.00	6.57	559.00
	2957.88	0.00	6.57	559.00
	2957.89	0.00	6.58	558.00
	2957.90	0.00	6.57	557.00
	2957.91	0.00	6.57	556.00
	2957.92	0.00	6.55	556.00
	2957.93	0.00	6.56	557.00
	2957.94	0.00	6.54	560.00
	2957.96	0.00	6.53	559.00
	2957.97	0.00	6.61	571.00
	2957.98	0.00	6.46	626.00
	2957.99	0.00	6.08	788.00
	2958.00	0.00	5.71	1017.00
	2958.01	0.00	5.66	1109.00
	2958.02	0.00	5.67	1122.00
	2958.04	0.00	5.71	1104.00
	2958.05	0.00	5.70	1097.00
	2958.06	0.00	5.65	1122.00
	2958.07	0.00	5.61	1179.00
	2958.08	0.00	5.57	1224.00
	2958.09	0.00	5.56	1248.00
	2958.11	0.00	5.56	1247.00
	2958.12	0.00	5.57	1242.00
	2958.13	0.00	5.59	1225.00
	2958.14	0.00	6.01	1254.00
	2958.15	0.00	6.32	1281.00
	2958.17	0.00	6.39	1250.00
	2958.18	0.00	6.47	1215.00
	2958.19	0.00	6.60	1181.00
	2958.20	0.00	6.67	1136.00
	2958.21	0.00	6.73	1092.00
	2958.22	0.00	6.90	1054.00
	2958.23	0.00	6.58	962.00
	2958.25	0.00	6.70	927.00
	2958.26	0.00	6.75	903.00
	2958.27	0.00	6.81	887.00
	2958.28	0.00	6.88	866.00
	2958.29	0.00	6.98	851.00
	2958.30	0.00	7.04	838.00
	2958.32	0.00	7.05	832.00
	2958.33	0.00	7.02	830.00
	2958.34	0.00	6.98	828.00
	2958.35	0.00	6.92	824.00
	2958.36	0.00	7.05	848.00
	2958.37	0.00	6.98	860.00
	2958.39	0.00	6.92	867.00
	2958.40	0.00	6.91	869.00
	2958.41	0.00	6.91	869.00
	2958.42	0.00	6.90	862.00
	2958.43	0.00	7.37	902.00
	2958.44	0.00	7.41	892.00
	2958.45	0.00	7.41	867.00
	2958.47	0.00	7.56	881.00
	2958.48	0.00	7.63	879.00
	2958.49	0.00	7.67	874.00
	2958.50	0.00	7.73	867.00
	2958.51	0.00	7.35	802.00
	2958.52	0.00	7.55	779.00
	2958.54	0.00	8.37	829.00
	2958.55	0.00	8.56	821.00
	2958.56	0.00	8.56	814.00
	2958.57	0.00	8.73	818.00
	2958.58	0.00	8.73	813.00
	2958.59	0.00	8.72	809.00
	2958.61	0.00	8.65	794.00
	2958.62	0.00	8.51	775.00
	2958.63	0.00	8.32	750.00
	2958.64	0.00	8.18	725.00
	2958.65	0.00	8.04	700.00
	2958.66	0.00	7.08	628.00
	2958.67	0.00	6.35	560.00
	2958.69	0.00	6.40	559.00
	2958.70	0.00	6.24	562.00
	2958.71	0.00	6.44	581.00
	2958.72	0.00	6.46	584.00
	2958.73	0.00	6.44	587.00
	2958.75	0.00	6.46	587.00
	2958.76	0.00	6.49	586.00
	2958.77	0.00	6.50	581.00
	2958.78	0.00	6.50	580.00
	2958.79	0.00	6.49	582.00
	2958.80	0.00	6.50	579.00
	2958.81	0.00	6.56	581.00
	2958.83	0.00	6.57	576.00
	2958.84	0.00	6.57	578.00
	2958.85	0.00	6.55	577.00
	2958.86	0.00	6.55	578.00
	2958.87	0.00	6.55	580.00
	2958.88	0.00	6.53	579.00
	2958.90	0.00	6.55	577.00
	2958.91	0.00	6.64	574.00
	2958.92	0.00	6.63	578.00
	2958.93	0.00	6.64	576.00
	2958.94	0.00	6.54	596.00
	2958.95	0.00	6.58	585.00
	2958.96	0.00	6.64	574.00
	2958.98	0.00	6.63	576.00
	2958.99	0.00	6.64	575.00
	2959.00	0.00	6.65	572.00
	2959.01	0.00	6.64	575.00
	2959.02	0.00	6.45	575.00
	2959.03	0.00	6.46	574.00
	2959.04	0.00	6.64	574.00
	2959.06	0.00	6.59	572.00
	2959.07	0.00	6.50	571.00
	2959.08	0.00	6.50	571.00
	2959.09	0.00	6.54	571.00
	2959.10	0.00	6.60	570.00
	2959.11	0.00	6.49	570.00
	2959.13	0.00	6.57	571.00
	2959.14	0.00	6.53	573.00
	2959.15	0.00	6.53	572.00
	2959.16	0.00	6.53	574.00
	2959.17	0.00	6.46	584.00
	2959.18	0.00	6.35	641.00
	2959.20	0.00	5.92	844.00
	2959.21	0.00	5.59	1114.00
	2959.22	0.00	5.54	1214.00
	2959.23	0.00	5.57	1227.00
	2959.24	0.00	5.59	1207.00
	2959.25	0.00	5.57	1194.00
	2959.26	0.00	5.56	1217.00
	2959.28	0.00	5.53	1251.00
	2959.29	0.00	5.50	1265.00
	2959.30	0.00	5.51	1270.00
	2959.31	0.00	5.52	1266.00
	2959.32	0.00	5.83	1308.00
	2959.33	0.00	6.24	1347.00
	2959.35	0.00	6.28	1322.00
	2959.36	0.00	6.30	1294.00
	2959.37	0.00	6.03	1206.00
	2959.38	0.00	6.07	1166.00
	2959.39	0.00	6.13	1122.00
	2959.41	0.00	6.19	1079.00
	2959.42	0.00	6.26	1041.00
	2959.43	0.00	6.31	1000.00
	2959.44	0.00	6.41	954.00
	2959.45	0.00	6.51	905.00
	2959.46	0.00	6.61	856.00
	2959.47	0.00	6.67	816.00
	2959.49	0.00	6.72	788.00
	2959.50	0.00	6.79	770.00
	2959.51	0.00	6.82	755.00
	2959.52	0.00	6.86	744.00
	2959.53	0.00	6.89	735.00
	2959.54	0.00	6.95	729.00
	2959.56	0.00	7.04	729.00
	2959.57	0.00	7.05	720.00
	2959.58	0.00	7.08	716.00
	2959.59	0.00	7.11	712.00
	2959.60	0.00	7.11	723.00
	2959.61	0.00	7.14	728.00
	2959.62	0.00	7.15	726.00
	2959.64	0.00	7.29	716.00
	2959.65	0.00	7.30	710.00
	2959.66	0.00	8.13	758.00
	2959.67	0.00	8.16	761.00
	2959.68	0.00	8.29	762.00
	2959.69	0.00	8.35	775.00
	2959.71	0.00	8.42	767.00
	2959.72	0.00	8.58	766.00
	2959.73	0.00	8.64	762.00
	2959.74	0.00	8.82	774.00
	2959.75	0.00	8.84	770.00
	2959.76	0.00	8.77	761.00
	2959.77	0.00	8.73	756.00
	2959.79	0.00	8.63	743.00
	2959.80	0.00	8.45	723.00
	2959.81	0.00	8.30	709.00
	2959.82	0.00	8.20	694.00
	2959.83	0.00	8.05	678.00
	2959.84	0.00	6.54	567.00
	2959.86	0.00	6.58	566.00
	2959.87	0.00	6.57	573.00
	2959.88	0.00	6.56	577.00
	2959.89	0.00	6.44	617.00
	2959.90	0.00	6.42	631.00
	2959.91	0.00	6.43	629.00
	2959.93	0.00	6.40	627.00
	2959.94	0.00	6.42	623.00
	2959.95	0.00	6.43	623.00
	2959.96	0.00	6.44	625.00
	2959.97	0.00	6.43	627.00
	2959.98	0.00	6.42	627.00
	2960.00	0.00	6.43	626.00
	2960.01	0.00	6.37	621.00
	2960.02	0.00	6.38	617.00
	2960.03	0.00	6.42	604.00
	2960.04	0.00	6.43	603.00
	2960.05	0.00	6.42	602.00
	2960.06	0.00	6.41	601.00
	2960.07	0.00	6.41	600.00
	2960.09	0.00	6.44	601.00
	2960.10	0.00	6.43	599.00
	2960.11	0.00	6.44	597.00
	2960.12	0.00	6.45	596.00
	2960.13	0.00	6.45	593.00
	2960.14	0.00	6.57	584.00
	2960.16	0.00	6.60	574.00
	2960.17	0.00	6.56	590.00
	2960.18	0.00	6.56	589.00
	2960.19	0.00	6.61	571.00
	2960.20	0.00	6.63	570.00
	2960.21	0.00	6.62	567.00
	2960.23	0.00	6.62	566.00
	2960.24	0.00	6.71	569.00
	2960.25	0.00	6.70	568.00
	2960.26	0.00	6.70	572.00
	2960.27	0.00	6.60	573.00
	2960.28	0.00	6.59	570.00
	2960.29	0.00	6.61	573.00
	2960.31	0.00	6.64	572.00
	2960.32	0.00	6.63	577.00
	2960.33	0.00	6.58	602.00
	2960.34	0.00	6.40	668.00
	2960.35	0.00	6.10	783.00
	2960.36	0.00	5.90	913.00
	2960.37	0.00	5.85	981.00
	2960.39	0.00	5.84	1008.00
	2960.40	0.00	5.77	1040.00
	2960.41	0.00	5.77	1050.00
	2960.42	0.00	5.74	1068.00
	2960.43	0.00	5.69	1096.00
	2960.44	0.00	6.02	1191.00
	2960.46	0.00	6.06	1219.00
	2960.47	0.00	6.08	1237.00
	2960.48	0.00	6.13	1251.00
	2960.49	0.00	6.13	1259.00
	2960.50	0.00	6.15	1265.00
	2960.52	0.00	6.15	1264.00
	2960.53	0.00	6.16	1252.00
	2960.54	0.00	6.16	1244.00
	2960.55	0.00	6.18	1228.00
	2960.56	0.00	6.19	1208.00
	2960.57	0.00	6.20	1192.00
	2960.58	0.00	6.21	1174.00
	2960.60	0.00	6.22	1153.00
	2960.61	0.00	6.22	1129.00
	2960.62	0.00	6.24	1108.00
	2960.63	0.00	6.27	1082.00
	2960.64	0.00	6.35	1054.00
	2960.65	0.00	6.80	1086.00
	2960.67	0.00	6.84	1076.00
	2960.68	0.00	6.88	1074.00
	2960.69	0.00	6.93	1074.00
	2960.70	0.00	6.99	1071.00
	2960.71	0.00	7.01	1062.00
	2960.72	0.00	7.07	1053.00
	2960.74	0.00	7.15	1049.00
	2960.75	0.00	7.17	1037.00
	2960.76	0.00	7.26	1027.00
	2960.77	0.00	7.35	1015.00
	2960.78	0.00	7.45	999.00
	2960.79	0.00	7.41	958.00
	2960.81	0.00	7.50	937.00
	2960.82	0.00	7.61	923.00
	2960.83	0.00	7.64	888.00
	2960.84	0.00	7.33	815.00
	2960.85	0.00	7.37	803.00
	2960.86	0.00	7.44	793.00
	2960.87	0.00	8.22	837.00
	2960.89	0.00	8.33	834.00
	2960.90	0.00	8.44	834.00
	2960.91	0.00	8.51	832.00
	2960.92	0.00	8.70	797.00
	2960.93	0.00	8.78	798.00
	2960.94	0.00	8.86	801.00
	2960.96	0.00	8.94	803.00
	2960.97	0.00	8.87	803.00
	2960.98	0.00	9.02	806.00
	2960.99	0.00	8.92	793.00
	2961.00	0.00	8.74	769.00
	2961.01	0.00	8.56	743.00
	2961.03	0.00	7.57	668.00
	2961.04	0.00	7.40	648.00
	2961.05	0.00	7.24	627.00
	2961.06	0.00	7.18	615.00
	2961.07	0.00	7.22	612.00
	2961.08	0.00	6.63	564.00
	2961.09	0.00	6.61	570.00
	2961.11	0.00	6.58	574.00
	2961.12	0.00	6.65	582.00
	2961.13	0.00	6.65	579.00
	2961.14	0.00	6.65	579.00
	2961.15	0.00	6.66	579.00
	2961.16	0.00	6.65	577.00
	2961.18	0.00	6.64	578.00
	2961.19	0.00	6.65	579.00
	2961.20	0.00	6.58	578.00
	2961.21	0.00	6.58	577.00
	2961.22	0.00	6.59	576.00
	2961.23	0.00	6.61	576.00
	2961.25	0.00	6.60	578.00
	2961.26	0.00	6.60	578.00
	2961.27	0.00	6.58	576.00
	2961.28	0.00	6.61	577.00
	2961.29	0.00	6.53	572.00
	2961.30	0.00	6.54	570.00
	2961.31	0.00	6.55	565.00
	2961.33	0.00	6.59	565.00
	2961.34	0.00	6.56	565.00
	2961.35	0.00	6.55	565.00
	2961.36	0.00	6.55	565.00
	2961.37	0.00	6.55	564.00
	2961.38	0.00	6.56	564.00
	2961.39	0.00	6.55	562.00
	2961.41	0.00	6.56	565.00
	2961.42	0.00	6.56	565.00
	2961.43	0.00	6.61	567.00
	2961.44	0.00	6.62	566.00
	2961.45	0.00	6.64	566.00
	2961.46	0.00	6.61	571.00
	2961.48	0.00	6.62	573.00
	2961.49	0.00	6.61	569.00
	2961.50	0.00	6.61	568.00
	2961.51	0.00	6.63	568.00
	2961.52	0.00	6.61	574.00
	2961.53	0.00	6.66	590.00
	2961.54	0.00	6.54	625.00
	2961.56	0.00	6.23	742.00
	2961.57	0.00	5.96	890.00
	2961.58	0.00	5.86	990.00
	2961.59	0.00	5.81	1025.00
	2961.60	0.00	5.81	1059.00
	2961.61	0.00	5.76	1090.00
	2961.63	0.00	5.77	1104.00
	2961.64	0.00	6.07	1189.00
	2961.65	0.00	6.18	1245.00
	2961.66	0.00	6.18	1276.00
	2961.67	0.00	6.18	1298.00
	2961.68	0.00	6.18	1312.00
	2961.70	0.00	6.19	1318.00
	2961.71	0.00	6.19	1324.00
	2961.72	0.00	6.19	1324.00
	2961.73	0.00	6.20	1320.00
	2961.74	0.00	6.21	1309.00
	2961.75	0.00	6.24	1290.00
	2961.77	0.00	6.25	1270.00
	2961.78	0.00	6.30	1260.00
	2961.79	0.00	6.32	1243.00
	2961.80	0.00	6.36	1223.00
	2961.81	0.00	6.41	1207.00
	2961.82	0.00	6.43	1182.00
	2961.84	0.00	6.45	1160.00
	2961.85	0.00	6.50	1142.00
	2961.86	0.00	6.57	1130.00
	2961.87	0.00	6.59	1123.00
	2961.88	0.00	6.64	1113.00
	2961.89	0.00	6.69	1101.00
	2961.91	0.00	6.67	1085.00
	2961.92	0.00	6.74	1084.00
	2961.93	0.00	6.78	1073.00
	2961.94	0.00	6.79	1064.00
	2961.95	0.00	6.81	1051.00
	2961.96	0.00	6.85	1040.00
	2961.98	0.00	6.87	1029.00
	2961.99	0.00	6.89	1018.00
	2962.00	0.00	6.90	1007.00
	2962.01	0.00	7.29	1043.00
	2962.02	0.00	7.32	1034.00
	2962.03	0.00	7.40	1028.00
	2962.05	0.00	7.48	1017.00
	2962.06	0.00	7.57	1002.00
	2962.07	0.00	7.66	989.00
	2962.08	0.00	7.75	977.00
	2962.09	0.00	7.83	960.00
	2962.10	0.00	7.95	954.00
	2962.12	0.00	8.05	947.00
	2962.13	0.00	7.94	898.00
	2962.14	0.00	7.67	784.00
	2962.15	0.00	7.71	782.00
	2962.16	0.00	7.76	774.00
	2962.17	0.00	7.75	787.00
	2962.18	0.00	7.90	756.00
	2962.20	0.00	7.94	751.00
	2962.21	0.00	8.03	741.00
	2962.22	0.00	7.97	735.00
	2962.23	0.00	7.92	726.00
	2962.24	0.00	7.78	707.00
	2962.25	0.00	7.55	681.00
	2962.27	0.00	7.30	655.00
	2962.28	0.00	7.16	630.00
	2962.29	0.00	7.06	614.00
	2962.30	0.00	6.43	555.00
	2962.31	0.00	6.52	559.00
	2962.32	0.00	6.49	578.00
	2962.33	0.00	6.52	586.00
	2962.35	0.00	6.55	588.00
	2962.36	0.00	6.55	585.00
	2962.37	0.00	6.58	585.00
	2962.38	0.00	6.57	584.00
	2962.39	0.00	6.54	586.00
	2962.40	0.00	6.60	586.00
	2962.42	0.00	6.61	594.00
	2962.43	0.00	6.62	593.00
	2962.44	0.00	6.60	594.00
	2962.45	0.00	6.62	591.00
	2962.46	0.00	6.62	593.00
	2962.47	0.00	6.61	593.00
	2962.49	0.00	6.62	592.00
	2962.50	0.00	6.59	592.00
	2962.51	0.00	6.63	592.00
	2962.52	0.00	6.58	591.00
	2962.53	0.00	6.58	591.00
	2962.54	0.00	6.58	590.00
	2962.55	0.00	6.54	590.00
	2962.57	0.00	6.60	590.00
	2962.58	0.00	6.60	590.00
	2962.59	0.00	6.60	589.00
	2962.60	0.00	6.62	585.00
	2962.61	0.00	6.53	584.00
	2962.62	0.00	6.46	585.00
	2962.63	0.00	6.53	581.00
	2962.65	0.00	6.54	581.00
	2962.66	0.00	6.54	582.00
	2962.67	0.00	6.56	581.00
	2962.68	0.00	6.54	581.00
	2962.69	0.00	6.52	580.00
	2962.70	0.00	6.53	574.00
	2962.72	0.00	6.56	569.00
	2962.73	0.00	6.58	568.00
	2962.74	0.00	6.55	579.00
	2962.75	0.00	6.52	596.00
	2962.76	0.00	6.35	684.00
	2962.77	0.00	6.07	830.00
	2962.78	0.00	5.86	974.00
	2962.80	0.00	5.81	1022.00
	2962.81	0.00	5.81	1035.00
	2962.82	0.00	5.78	1069.00
	2962.83	0.00	5.77	1083.00
	2962.84	0.00	5.74	1107.00
	2962.85	0.00	5.72	1138.00
	2962.87	0.00	6.06	1228.00
	2962.88	0.00	6.09	1255.00
	2962.89	0.00	6.08	1273.00
	2962.90	0.00	6.08	1286.00
	2962.91	0.00	6.08	1291.00
	2962.92	0.00	6.13	1297.00
	2962.94	0.00	6.15	1300.00
	2962.95	0.00	6.15	1298.00
	2962.96	0.00	6.19	1291.00
	2962.97	0.00	6.17	1271.00
	2962.98	0.00	6.18	1282.00
	2963.00	0.00	6.19	1265.00
	2963.01	0.00	6.22	1253.00
	2963.02	0.00	6.23	1234.00
	2963.03	0.00	6.25	1220.00
	2963.04	0.00	6.26	1206.00
	2963.05	0.00	6.29	1195.00
	2963.06	0.00	6.29	1184.00
	2963.08	0.00	6.29	1175.00
	2963.09	0.00	6.28	1169.00
	2963.10	0.00	6.29	1166.00
	2963.11	0.00	6.28	1163.00
	2963.12	0.00	6.29	1162.00
	2963.13	0.00	6.27	1158.00
	2963.15	0.00	6.23	1151.00
	2963.16	0.00	6.23	1146.00
	2963.17	0.00	6.17	1132.00
	2963.18	0.00	6.18	1131.00
	2963.19	0.00	6.57	1175.00
	2963.20	0.00	6.66	1169.00
	2963.22	0.00	6.81	1184.00
	2963.23	0.00	6.89	1169.00
	2963.24	0.00	7.00	1157.00
	2963.25	0.00	7.10	1137.00
	2963.26	0.00	7.26	1116.00
	2963.27	0.00	7.43	1096.00
	2963.29	0.00	7.55	1066.00
	2963.30	0.00	7.67	1037.00
	2963.31	0.00	7.84	1007.00
	2963.32	0.00	7.90	967.00
	2963.33	0.00	7.96	940.00
	2963.34	0.00	7.72	870.00
	2963.36	0.00	7.78	853.00
	2963.37	0.00	7.79	842.00
	2963.38	0.00	7.91	827.00
	2963.39	0.00	8.02	804.00
	2963.40	0.00	8.03	786.00
	2963.41	0.00	7.94	781.00
	2963.43	0.00	7.93	758.00
	2963.44	0.00	7.88	730.00
	2963.45	0.00	7.72	702.00
	2963.46	0.00	7.54	678.00
	2963.47	0.00	7.29	651.00
	2963.48	0.00	7.18	632.00
	2963.50	0.00	7.06	613.00
	2963.51	0.00	6.42	555.00
	2963.52	0.00	6.45	556.00
	2963.53	0.00	6.46	562.00
	2963.54	0.00	6.48	568.00
	2963.55	0.00	6.56	573.00
	2963.56	0.00	6.54	571.00
	2963.57	0.00	6.52	569.00
	2963.59	0.00	6.55	567.00
	2963.60	0.00	6.56	569.00
	2963.61	0.00	6.54	569.00
	2963.62	0.00	6.61	572.00
	2963.63	0.00	6.62	573.00
	2963.64	0.00	6.57	577.00
	2963.66	0.00	6.61	578.00
	2963.67	0.00	6.58	578.00
	2963.68	0.00	6.60	577.00
	2963.69	0.00	6.57	576.00
	2963.70	0.00	6.59	573.00
	2963.71	0.00	6.64	575.00
	2963.73	0.00	6.67	577.00
	2963.74	0.00	6.67	575.00
	2963.75	0.00	6.64	581.00
	2963.76	0.00	6.60	577.00
	2963.77	0.00	6.63	577.00
	2963.78	0.00	6.64	576.00
	2963.79	0.00	6.63	577.00
	2963.81	0.00	6.64	578.00
	2963.82	0.00	6.64	577.00
	2963.83	0.00	6.65	578.00
	2963.84	0.00	6.65	575.00
	2963.85	0.00	6.65	577.00
	2963.86	0.00	6.68	574.00
	2963.87	0.00	6.62	574.00
	2963.89	0.00	6.61	575.00
	2963.90	0.00	6.61	573.00
	2963.91	0.00	6.62	574.00
	2963.92	0.00	6.63	573.00
	2963.93	0.00	6.62	574.00
	2963.94	0.00	6.62	574.00
	2963.96	0.00	6.61	575.00
	2963.97	0.00	6.60	582.00
	2963.98	0.00	6.47	601.00
	2963.99	0.00	6.31	673.00
	2964.00	0.00	6.00	812.00
	2964.01	0.00	5.79	945.00
	2964.03	0.00	5.71	1030.00
	2964.04	0.00	5.73	1047.00
	2964.05	0.00	5.75	1057.00
	2964.06	0.00	5.71	1086.00
	2964.07	0.00	5.68	1099.00
	2964.08	0.00	5.64	1115.00
	2964.10	0.00	5.61	1134.00
	2964.11	0.00	5.96	1208.00
	2964.12	0.00	5.96	1224.00
	2964.13	0.00	5.86	1231.00
	2964.14	0.00	5.95	1240.00
	2964.15	0.00	5.93	1247.00
	2964.16	0.00	5.92	1248.00
	2964.18	0.00	6.32	1298.00
	2964.19	0.00	6.33	1294.00
	2964.20	0.00	6.35	1287.00
	2964.21	0.00	6.39	1284.00
	2964.22	0.00	6.40	1274.00
	2964.23	0.00	6.11	1208.00
	2964.25	0.00	6.15	1198.00
	2964.26	0.00	6.18	1187.00
	2964.27	0.00	6.22	1176.00
	2964.28	0.00	6.31	1167.00
	2964.29	0.00	6.37	1155.00
	2964.30	0.00	6.43	1152.00
	2964.32	0.00	6.49	1146.00
	2964.33	0.00	6.51	1141.00
	2964.34	0.00	6.53	1134.00
	2964.35	0.00	6.58	1131.00
	2964.36	0.00	6.65	1132.00
	2964.37	0.00	6.64	1143.00
	2964.39	0.00	6.70	1139.00
	2964.40	0.00	6.77	1135.00
	2964.41	0.00	6.83	1126.00
	2964.42	0.00	6.90	1115.00
	2964.43	0.00	6.96	1104.00
	2964.44	0.00	7.04	1080.00
	2964.46	0.00	7.12	1061.00
	2964.47	0.00	7.22	1033.00
	2964.48	0.00	7.33	1007.00
	2964.49	0.00	7.40	982.00
	2964.50	0.00	7.53	952.00
	2964.51	0.00	7.64	930.00
	2964.53	0.00	7.82	911.00
	2964.54	0.00	7.95	886.00
	2964.55	0.00	8.06	871.00
	2964.56	0.00	8.15	858.00
	2964.57	0.00	8.16	870.00
	2964.58	0.00	8.21	863.00
	2964.59	0.00	8.28	850.00
	2964.61	0.00	8.90	879.00
	2964.62	0.00	8.07	825.00
	2964.63	0.00	7.96	785.00
	2964.64	0.00	7.91	744.00
	2964.65	0.00	7.79	715.00
	2964.66	0.00	7.69	686.00
	2964.68	0.00	7.54	664.00
	2964.69	0.00	7.41	645.00
	2964.70	0.00	7.23	621.00
	2964.71	0.00	7.11	613.00
	2964.72	0.00	6.54	561.00
	2964.73	0.00	6.54	567.00
	2964.75	0.00	6.55	577.00
	2964.76	0.00	6.59	586.00
	2964.77	0.00	6.59	585.00
	2964.78	0.00	6.60	584.00
	2964.79	0.00	6.56	588.00
	2964.80	0.00	6.48	583.00
	2964.81	0.00	6.50	577.00
	2964.83	0.00	6.55	578.00
	2964.84	0.00	6.52	579.00
	2964.85	0.00	6.51	579.00
	2964.86	0.00	6.51	577.00
	2964.87	0.00	6.51	577.00
	2964.88	0.00	6.51	575.00
	2964.89	0.00	6.51	576.00
	2964.91	0.00	6.50	576.00
	2964.92	0.00	6.57	578.00
	2964.93	0.00	6.58	577.00
	2964.94	0.00	6.56	583.00
	2964.95	0.00	6.56	583.00
	2964.96	0.00	6.56	582.00
	2964.98	0.00	6.56	581.00
	2964.99	0.00	6.56	581.00
	2965.00	0.00	6.58	581.00
	2965.01	0.00	6.57	577.00
	2965.02	0.00	6.65	580.00
	2965.03	0.00	6.61	579.00
	2965.04	0.00	6.62	587.00
	2965.06	0.00	6.59	586.00
	2965.07	0.00	6.57	583.00
	2965.08	0.00	6.60	586.00
	2965.09	0.00	6.63	583.00
	2965.10	0.00	6.61	586.00
	2965.11	0.00	6.61	587.00
	2965.13	0.00	6.60	587.00
	2965.14	0.00	6.60	588.00
	2965.15	0.00	6.60	588.00
	2965.16	0.00	6.59	588.00
	2965.17	0.00	6.60	591.00
	2965.18	0.00	6.50	607.00
	2965.19	0.00	6.39	650.00
	2965.21	0.00	6.10	760.00
	2965.22	0.00	5.87	905.00
	2965.23	0.00	5.74	1011.00
	2965.24	0.00	5.70	1069.00
	2965.25	0.00	5.65	1123.00
	2965.26	0.00	5.65	1151.00
	2965.27	0.00	5.64	1169.00
	2965.29	0.00	5.62	1193.00
	2965.30	0.00	5.60	1223.00
	2965.31	0.00	5.97	1322.00
	2965.32	0.00	6.03	1353.00
	2965.33	0.00	6.07	1370.00
	2965.35	0.00	6.08	1381.00
	2965.36	0.00	6.10	1387.00
	2965.37	0.00	6.11	1385.00
	2965.38	0.00	6.09	1376.00
	2965.39	0.00	6.11	1359.00
	2965.40	0.00	6.11	1328.00
	2965.41	0.00	6.14	1289.00
	2965.43	0.00	6.20	1250.00
	2965.44	0.00	6.21	1224.00
	2965.45	0.00	6.20	1191.00
	2965.46	0.00	6.31	1150.00
	2965.47	0.00	6.38	1113.00
	2965.48	0.00	6.44	1083.00
	2965.50	0.00	6.50	1053.00
	2965.51	0.00	6.59	1030.00
	2965.52	0.00	6.69	1006.00
	2965.53	0.00	6.77	985.00
	2965.54	0.00	6.81	963.00
	2965.55	0.00	6.88	945.00
	2965.57	0.00	6.81	912.00
	2965.58	0.00	6.87	898.00
	2965.59	0.00	6.90	884.00
	2965.60	0.00	6.92	876.00
	2965.61	0.00	6.95	861.00
	2965.62	0.00	6.97	849.00
	2965.64	0.00	6.96	841.00
	2965.65	0.00	7.42	883.00
	2965.66	0.00	7.45	876.00
	2965.67	0.00	7.48	870.00
	2965.68	0.00	7.52	870.00
	2965.69	0.00	7.48	852.00
	2965.71	0.00	7.58	853.00
	2965.72	0.00	7.62	843.00
	2965.73	0.00	7.72	842.00
	2965.74	0.00	7.72	829.00
	2965.75	0.00	7.75	825.00
	2965.76	0.00	7.71	828.00
	2965.77	0.00	7.36	752.00
	2965.79	0.00	7.50	714.00
	2965.80	0.00	7.55	700.00
	2965.81	0.00	7.47	698.00
	2965.82	0.00	7.53	707.00
	2965.83	0.00	7.55	701.00
	2965.84	0.00	7.46	717.00
	2965.86	0.00	7.48	708.00
	2965.87	0.00	7.53	690.00
	2965.88	0.00	7.52	683.00
	2965.89	0.00	7.47	673.00
	2965.90	0.00	7.56	674.00
	2965.91	0.00	7.49	664.00
	2965.93	0.00	7.46	657.00
	2965.94	0.00	7.38	646.00
	2965.95	0.00	7.30	635.00
	2965.96	0.00	6.66	573.00
	2965.97	0.00	6.64	572.00
	2965.98	0.00	6.65	570.00
	2966.00	0.00	6.65	578.00
	2966.01	0.00	6.61	584.00
	2966.02	0.00	6.59	586.00
	2966.03	0.00	6.59	589.00
	2966.04	0.00	6.60	589.00
	2966.05	0.00	6.53	588.00
	2966.06	0.00	6.54	587.00
	2966.08	0.00	6.53	585.00
	2966.09	0.00	6.53	586.00
	2966.10	0.00	6.53	586.00
	2966.11	0.00	6.55	585.00
	2966.12	0.00	6.54	587.00
	2966.13	0.00	6.51	584.00
	2966.14	0.00	6.46	579.00
	2966.16	0.00	6.48	577.00
	2966.17	0.00	6.47	572.00
	2966.18	0.00	6.47	571.00
	2966.19	0.00	6.50	570.00
	2966.20	0.00	6.49	570.00
	2966.21	0.00	6.49	569.00
	2966.22	0.00	6.50	568.00
	2966.24	0.00	6.49	571.00
	2966.25	0.00	6.53	571.00
	2966.26	0.00	6.54	569.00
	2966.27	0.00	6.55	568.00
	2966.28	0.00	6.56	569.00
	2966.29	0.00	6.55	568.00
	2966.31	0.00	6.58	567.00
	2966.32	0.00	6.65	571.00
	2966.33	0.00	6.65	571.00
	2966.34	0.00	6.63	576.00
	2966.35	0.00	6.62	578.00
	2966.36	0.00	6.58	586.00
	2966.37	0.00	6.49	600.00
	2966.39	0.00	6.43	626.00
	2966.40	0.00	6.34	656.00
	2966.41	0.00	6.32	707.00
	2966.42	0.00	6.23	751.00
	2966.43	0.00	6.18	782.00
	2966.44	0.00	6.10	817.00
	2966.46	0.00	6.09	830.00
	2966.47	0.00	6.07	836.00
	2966.48	0.00	6.07	845.00
	2966.49	0.00	6.49	913.00
	2966.50	0.00	6.48	935.00
	2966.51	0.00	6.48	948.00
	2966.52	0.00	6.47	960.00
	2966.54	0.00	6.46	969.00
	2966.55	0.00	6.45	980.00
	2966.56	0.00	6.39	988.00
	2966.57	0.00	6.42	995.00
	2966.58	0.00	6.38	1003.00
	2966.59	0.00	6.40	1009.00
	2966.61	0.00	6.40	1015.00
	2966.62	0.00	6.39	1018.00
	2966.63	0.00	6.41	1020.00
	2966.64	0.00	6.40	1024.00
	2966.65	0.00	6.40	1028.00
	2966.66	0.00	6.39	1033.00
	2966.68	0.00	6.40	1037.00
	2966.69	0.00	6.41	1039.00
	2966.70	0.00	6.40	1040.00
	2966.71	0.00	6.36	1043.00
	2966.72	0.00	6.36	1046.00
	2966.73	0.00	6.35	1048.00
	2966.75	0.00	6.29	1046.00
	2966.76	0.00	6.25	1042.00
	2966.77	0.00	6.28	1044.00
	2966.78	0.00	6.32	1036.00
	2966.79	0.00	6.35	1030.00
	2966.80	0.00	6.36	1031.00
	2966.81	0.00	6.36	1027.00
	2966.83	0.00	7.08	1083.00
	2966.84	0.00	7.11	1086.00
	2966.85	0.00	7.12	1085.00
	2966.86	0.00	7.14	1085.00
	2966.87	0.00	7.17	1085.00
	2966.89	0.00	7.17	1082.00
	2966.90	0.00	7.17	1080.00
	2966.91	0.00	7.17	1077.00
	2966.92	0.00	7.08	1059.00
	2966.93	0.00	7.08	1059.00
	2966.94	0.00	7.09	1057.00
	2966.96	0.00	7.07	1053.00
	2966.97	0.00	7.07	1049.00
	2966.98	0.00	7.05	1044.00
	2966.99	0.00	7.03	1039.00
	2967.00	0.00	7.01	1035.00
	2967.01	0.00	7.00	1031.00
	2967.03	0.00	6.33	979.00
	2967.04	0.00	6.33	976.00
	2967.05	0.00	6.33	974.00
	2967.06	0.00	6.39	977.00
	2967.07	0.00	6.40	973.00
	2967.08	0.00	6.41	968.00
	2967.10	0.00	6.41	970.00
	2967.11	0.00	6.38	987.00
	2967.12	0.00	6.38	985.00
	2967.13	0.00	6.37	983.00
	2967.14	0.00	6.36	980.00
	2967.15	0.00	6.32	971.00
	2967.16	0.00	6.41	983.00
	2967.18	0.00	6.42	981.00
	2967.19	0.00	6.43	981.00
	2967.20	0.00	6.43	979.00
	2967.21	0.00	6.44	978.00
	2967.22	0.00	6.51	982.00
	2967.23	0.00	6.53	977.00
	2967.25	0.00	6.50	981.00
	2967.26	0.00	6.48	992.00
	2967.27	0.00	6.47	991.00
	2967.28	0.00	6.46	984.00
	2967.29	0.00	6.41	976.00
	2967.30	0.00	6.51	992.00
	2967.32	0.00	6.51	992.00
	2967.33	0.00	6.52	993.00
	2967.34	0.00	6.52	990.00
	2967.35	0.00	6.51	987.00
	2967.36	0.00	6.52	989.00
	2967.37	0.00	6.53	988.00
	2967.39	0.00	6.53	985.00
	2967.40	0.00	6.51	981.00
	2967.41	0.00	6.50	977.00
	2967.42	0.00	6.50	977.00
	2967.43	0.00	6.51	975.00
	2967.44	0.00	6.51	969.00
	2967.45	0.00	6.51	969.00
	2967.47	0.00	6.52	967.00
	2967.48	0.00	6.54	968.00
	2967.49	0.00	6.54	967.00
	2967.50	0.00	6.50	965.00
	2967.51	0.00	6.50	965.00
	2967.52	0.00	6.47	961.00
	2967.54	0.00	6.43	958.00
	2967.55	0.00	6.42	948.00
	2967.56	0.00	6.52	935.00
	2967.57	0.00	6.53	934.00
	2967.58	0.00	6.55	934.00
	2967.59	0.00	6.58	938.00
	2967.61	0.00	6.44	916.00
	2967.62	0.00	6.44	916.00
	2967.63	0.00	6.44	917.00
	2967.64	0.00	6.44	917.00
	2967.65	0.00	6.44	916.00
	2967.66	0.00	6.45	915.00
	2967.67	0.00	6.45	920.00
	2967.69	0.00	6.43	919.00
	2967.70	0.00	6.44	920.00
	2967.71	0.00	6.45	919.00
	2967.72	0.00	6.50	923.00
	2967.73	0.00	6.50	921.00
	2967.74	0.00	6.46	938.00
	2967.76	0.00	6.47	940.00
	2967.77	0.00	6.46	939.00
	2967.78	0.00	6.43	938.00
	2967.79	0.00	6.40	932.00
	2967.80	0.00	6.01	878.00
	2967.81	0.00	6.52	947.00
	2967.83	0.00	6.52	946.00
	2967.84	0.00	6.53	947.00
	2967.85	0.00	6.58	950.00
	2967.86	0.00	6.59	948.00
	2967.87	0.00	6.54	967.00
	2967.88	0.00	6.53	966.00
	2967.90	0.00	6.53	967.00
	2967.91	0.00	6.49	965.00
	2967.92	0.00	6.48	962.00
	2967.93	0.00	6.41	949.00
	2967.94	0.00	6.56	978.00
	2967.95	0.00	6.55	979.00
	2967.96	0.00	6.54	977.00
	2967.98	0.00	6.54	979.00
	2967.99	0.00	6.54	978.00
	2968.00	0.00	6.49	974.00
	2968.01	0.00	6.54	984.00
	2968.02	0.00	6.54	984.00
	2968.03	0.00	6.50	985.00
	2968.05	0.00	6.50	986.00
	2968.06	0.00	6.50	982.00
	2968.07	0.00	6.51	983.00
	2968.08	0.00	6.51	984.00
	2968.09	0.00	6.52	986.00
	2968.10	0.00	6.52	986.00
	2968.11	0.00	6.51	979.00
	2968.13	0.00	6.48	986.00
	2968.14	0.00	6.46	986.00
	2968.15	0.00	6.41	981.00
	2968.16	0.00	6.39	980.00
	2968.17	0.00	6.47	968.00
	2968.18	0.00	6.47	964.00
	2968.20	0.00	6.48	965.00
	2968.21	0.00	6.49	966.00
	2968.22	0.00	6.53	971.00
	2968.23	0.00	6.50	969.00
	2968.24	0.00	6.39	953.00
	2968.25	0.00	6.39	952.00
	2968.26	0.00	6.39	951.00
	2968.28	0.00	6.39	953.00
	2968.29	0.00	6.40	954.00
	2968.30	0.00	6.40	954.00
	2968.31	0.00	6.45	957.00
	2968.32	0.00	6.46	956.00
	2968.33	0.00	6.44	964.00
	2968.35	0.00	6.42	972.00
	2968.36	0.00	6.42	972.00
	2968.37	0.00	6.41	974.00
	2968.38	0.00	6.38	972.00
	2968.39	0.00	6.37	970.00
	2968.40	0.00	6.34	966.00
	2968.42	0.00	6.46	977.00
	2968.43	0.00	6.47	979.00
	2968.44	0.00	6.49	976.00
	2968.45	0.00	6.55	979.00
	2968.46	0.00	6.56	977.00
	2968.47	0.00	6.50	995.00
	2968.48	0.00	6.50	995.00
	2968.50	0.00	6.49	994.00
	2968.51	0.00	6.47	993.00
	2968.52	0.00	6.44	988.00
	2968.53	0.00	6.48	988.00
	2968.54	0.00	6.53	1003.00
	2968.55	0.00	6.52	1004.00
	2968.57	0.00	6.51	1004.00
	2968.58	0.00	6.48	999.00
	2968.59	0.00	6.51	999.00
	2968.60	0.00	6.52	1005.00
	2968.61	0.00	6.51	1006.00
	2968.62	0.00	6.48	1000.00
	2968.64	0.00	6.48	1003.00
	2968.65	0.00	6.46	1006.00
	2968.66	0.00	6.47	1002.00
	2968.67	0.00	6.46	1003.00
	2968.68	0.00	6.47	1004.00
	2968.69	0.00	6.50	1005.00
	2968.71	0.00	6.49	1005.00
	2968.72	0.00	6.49	1005.00
	2968.73	0.00	6.50	1006.00
	2968.74	0.00	6.48	1002.00
	2968.75	0.00	6.47	1006.00
	2968.76	0.00	6.47	1007.00
	2968.78	0.00	6.46	1007.00
	2968.79	0.00	6.46	1007.00
	2968.80	0.00	6.40	1005.00
	2968.81	0.00	6.39	1003.00
	2968.82	0.00	6.38	998.00
	2968.83	0.00	6.47	986.00
	2968.85	0.00	6.47	986.00
	2968.86	0.00	6.48	989.00
	2968.87	0.00	6.50	990.00
	2968.88	0.00	6.51	993.00
	2968.89	0.00	6.50	992.00
	2968.90	0.00	6.38	973.00
	2968.91	0.00	6.38	973.00
	2968.93	0.00	6.37	973.00
	2968.94	0.00	6.38	972.00
	2968.95	0.00	6.37	973.00
	2968.96	0.00	6.36	975.00
	2968.97	0.00	6.37	973.00
	2968.98	0.00	6.38	972.00
	2969.00	0.00	6.43	976.00
	2969.01	0.00	6.44	974.00
	2969.02	0.00	6.39	992.00
	2969.03	0.00	6.39	992.00
	2969.04	0.00	6.38	992.00
	2969.05	0.00	6.34	987.00
	2969.07	0.00	6.32	979.00
	2969.08	0.00	6.45	996.00
	2969.09	0.00	6.46	995.00
	2969.10	0.00	6.52	997.00
	2969.11	0.00	6.54	996.00
	2969.12	0.00	6.50	1000.00
	2969.13	0.00	6.48	1009.00
	2969.15	0.00	6.48	1009.00
	2969.16	0.00	6.46	1007.00
	2969.17	0.00	6.43	1002.00
	2969.18	0.00	6.37	989.00
	2969.19	0.00	6.49	1014.00
	2969.20	0.00	6.51	1015.00
	2969.22	0.00	6.51	1015.00
	2969.23	0.00	6.51	1015.00
	2969.24	0.00	6.45	1007.00
	2969.25	0.00	6.50	1015.00
	2969.26	0.00	6.50	1016.00
	2969.27	0.00	6.46	1014.00
	2969.29	0.00	6.47	1015.00
	2969.30	0.00	6.47	1012.00
	2969.31	0.00	6.43	1004.00
	2969.32	0.00	6.48	1012.00
	2969.33	0.00	6.48	1012.00
	2969.34	0.00	6.49	1012.00
	2969.36	0.00	6.45	1004.00
	2969.37	0.00	6.45	1012.00
	2969.38	0.00	6.45	1011.00
	2969.39	0.00	6.43	1008.00
	2969.40	0.00	6.39	1004.00
	2969.41	0.00	6.39	998.00
	2969.42	0.00	6.46	983.00
	2969.44	0.00	6.48	982.00
	2969.45	0.00	6.48	984.00
	2969.46	0.00	6.51	987.00
	2969.47	0.00	6.46	978.00
	2969.48	0.00	6.39	966.00
	2969.49	0.00	6.39	967.00
	2969.51	0.00	6.39	965.00
	2969.52	0.00	6.40	966.00
	2969.53	0.00	6.25	964.00
	2969.54	0.00	6.24	964.00
	2969.55	0.00	6.27	965.00
	2969.56	0.00	6.38	962.00
	2969.58	0.00	6.45	966.00
	2969.59	0.00	6.45	963.00
	2969.60	0.00	6.46	963.00
	2969.61	0.00	6.42	978.00
	2969.62	0.00	6.39	972.00
	2969.63	0.00	6.40	974.00
	2969.64	0.00	6.36	967.00
	2969.66	0.00	6.49	977.00
	2969.67	0.00	6.49	977.00
	2969.68	0.00	6.52	975.00
	2969.69	0.00	6.57	978.00
	2969.70	0.00	6.57	971.00
	2969.71	0.00	6.52	988.00
	2969.72	0.00	6.52	983.00
	2969.74	0.00	6.50	984.00
	2969.75	0.00	6.45	975.00
	2969.76	0.00	6.56	991.00
	2969.77	0.00	6.56	990.00
	2969.78	0.00	6.55	989.00
	2969.79	0.00	6.57	988.00
	2969.81	0.00	6.49	979.00
	2969.82	0.00	6.56	987.00
	2969.83	0.00	6.54	987.00
	2969.84	0.00	6.51	988.00
	2969.85	0.00	6.51	985.00
	2969.86	0.00	6.52	983.00
	2969.88	0.00	6.52	982.00
	2969.89	0.00	6.54	983.00
	2969.90	0.00	6.54	984.00
	2969.91	0.00	6.52	980.00
	2969.92	0.00	6.51	984.00
	2969.93	0.00	6.50	982.00
	2969.95	0.00	6.45	976.00
	2969.96	0.00	6.45	979.00
	2969.97	0.00	6.43	977.00
	2969.98	0.00	6.51	960.00
	2969.99	0.00	6.52	961.00
	2970.00	0.00	6.53	964.00
	2970.01	0.00	6.55	967.00
	2970.03	0.00	6.46	954.00
	2970.04	0.00	6.42	948.00
	2970.05	0.00	6.42	949.00
	2970.06	0.00	6.43	951.00
	2970.07	0.00	6.40	948.00
	2970.08	0.00	6.41	952.00
	2970.10	0.00	6.41	951.00
	2970.11	0.00	6.48	956.00
	2970.12	0.00	6.48	954.00
	2970.13	0.00	6.49	952.00
	2970.14	0.00	6.44	969.00
	2970.15	0.00	6.43	969.00
	2970.17	0.00	6.43	969.00
	2970.18	0.00	6.43	967.00
	2970.19	0.00	6.41	963.00
	2970.20	0.00	6.36	951.00
	2970.21	0.00	6.51	966.00
	2970.22	0.00	6.53	964.00
	2970.23	0.00	6.59	966.00
	2970.25	0.00	6.60	964.00
	2970.26	0.00	6.53	977.00
	2970.27	0.00	6.54	978.00
	2970.28	0.00	6.51	976.00
	2970.29	0.00	6.51	973.00
	2970.30	0.00	6.48	967.00
	2970.32	0.00	6.43	958.00
	2970.33	0.00	6.58	983.00
	2970.34	0.00	6.57	984.00
	2970.35	0.00	6.59	986.00
	2970.36	0.00	6.57	983.00
	2970.37	0.00	6.58	985.00
	2970.39	0.00	6.58	983.00
	2970.40	0.00	6.57	980.00
	2970.41	0.00	6.50	970.00
	2970.42	0.00	6.59	983.00
	2970.43	0.00	6.58	982.00
	2970.44	0.00	6.56	981.00
	2970.46	0.00	6.54	979.00
	2970.47	0.00	6.55	976.00
	2970.48	0.00	6.56	973.00
	2970.49	0.00	6.58	974.00
	2970.50	0.00	6.58	972.00
	2970.51	0.00	6.57	969.00
	2970.52	0.00	6.54	969.00
	2970.54	0.00	6.56	967.00
	2970.55	0.00	6.55	965.00
	2970.56	0.00	6.53	958.00
	2970.57	0.00	6.48	956.00
	2970.58	0.00	6.49	956.00
	2970.59	0.00	6.47	949.00
	2970.61	0.00	6.50	938.00
	2970.62	0.00	6.56	931.00
	2970.63	0.00	6.52	931.00
	2970.64	0.00	6.56	932.00
	2970.65	0.00	6.59	932.00
	2970.66	0.00	6.58	934.00
	2970.68	0.00	6.63	938.00
	2970.69	0.00	6.48	915.00
	2970.70	0.00	6.48	917.00
	2970.71	0.00	6.48	916.00
	2970.72	0.00	6.48	914.00
	2970.73	0.00	6.48	917.00
	2970.75	0.00	6.47	917.00
	2970.76	0.00	6.54	919.00
	2970.77	0.00	6.54	918.00
	2970.78	0.00	6.55	920.00
	2970.79	0.00	6.50	935.00
	2970.80	0.00	6.48	935.00
	2970.81	0.00	6.45	933.00
	2970.83	0.00	6.41	920.00
	2970.84	0.00	6.56	939.00
	2970.85	0.00	6.56	937.00
	2970.86	0.00	6.63	942.00
	2970.87	0.00	6.65	941.00
	2970.88	0.00	6.59	957.00
	2970.90	0.00	6.58	953.00
	2970.91	0.00	6.57	954.00
	2970.92	0.00	6.54	949.00
	2970.93	0.00	6.47	935.00
	2970.94	0.00	6.62	963.00
	2970.95	0.00	6.62	961.00
	2970.97	0.00	6.62	964.00
	2970.98	0.00	6.61	963.00
	2970.99	0.00	6.61	964.00
	2971.00	0.00	6.58	963.00
	2971.01	0.00	6.51	973.00
	2971.02	0.00	6.52	972.00
	2971.03	0.00	6.52	977.00
	2971.05	0.00	6.51	980.00
	2971.06	0.00	6.52	984.00
	2971.07	0.00	6.51	986.00
	2971.08	0.00	6.48	990.00
	2971.09	0.00	6.49	995.00
	2971.10	0.00	6.52	1003.00
	2971.12	0.00	6.51	1009.00
	2971.13	0.00	6.51	1012.00
	2971.14	0.00	6.46	1030.00
	2971.15	0.00	6.46	1039.00
	2971.16	0.00	6.45	1043.00
	2971.17	0.00	6.42	1050.00
	2971.19	0.00	6.39	1050.00
	2971.20	0.00	6.38	1052.00
	2971.21	0.00	6.38	1050.00
	2971.22	0.00	6.47	1034.00
	2971.23	0.00	6.48	1033.00
	2971.25	0.00	6.50	1031.00
	2971.26	0.00	6.52	1026.00
	2971.27	0.00	6.55	1015.00
	2971.28	0.00	6.61	1000.00
	2971.29	0.00	6.65	978.00
	2971.30	0.00	6.55	931.00
	2971.31	0.00	6.62	894.00
	2971.33	0.00	6.68	855.00
	2971.34	0.00	6.76	810.00
	2971.35	0.00	6.82	772.00
	2971.36	0.00	6.86	742.00
	2971.37	0.00	6.35	655.00
	2971.38	0.00	6.46	649.00
	2971.40	0.00	6.48	644.00
	2971.41	0.00	6.44	656.00
	2971.42	0.00	6.43	650.00
	2971.43	0.00	6.40	646.00
	2971.44	0.00	6.40	640.00
	2971.45	0.00	6.42	635.00
	2971.46	0.00	6.47	632.00
	2971.48	0.00	6.52	631.00
	2971.49	0.00	6.51	645.00
	2971.50	0.00	6.50	643.00
	2971.51	0.00	6.51	642.00
	2971.52	0.00	6.53	634.00
	2971.53	0.00	6.50	640.00
	2971.54	0.00	6.51	637.00
	2971.56	0.00	6.51	637.00
	2971.57	0.00	6.49	637.00
	2971.58	0.00	6.51	638.00
	2971.59	0.00	6.46	636.00
	2971.60	0.00	6.45	635.00
	2971.61	0.00	6.46	632.00
	2971.63	0.00	6.47	630.00
	2971.64	0.00	6.46	630.00
	2971.65	0.00	6.48	633.00
	2971.66	0.00	6.47	631.00
	2971.67	0.00	6.40	626.00
	2971.68	0.00	6.40	625.00
	2971.69	0.00	6.46	607.00
	2971.71	0.00	6.46	607.00
	2971.72	0.00	6.49	606.00
	2971.73	0.00	6.47	606.00
	2971.74	0.00	6.47	606.00
	2971.75	0.00	6.47	606.00
	2971.76	0.00	6.47	606.00
	2971.78	0.00	6.41	611.00
	2971.79	0.00	6.33	617.00
	2971.80	0.00	6.26	657.00
	2971.81	0.00	6.20	701.00
	2971.82	0.00	6.06	783.00
	2971.83	0.00	6.05	859.00
	2971.84	0.00	5.99	907.00
	2971.86	0.00	6.28	1000.00
	2971.87	0.00	6.28	1021.00
	2971.88	0.00	6.26	1048.00
	2971.89	0.00	6.24	1069.00
	2971.90	0.00	6.22	1080.00
	2971.92	0.00	6.20	1090.00
	2971.93	0.00	6.17	1092.00
	2971.94	0.00	6.17	1096.00
	2971.95	0.00	6.28	1113.00
	2971.96	0.00	6.28	1114.00
	2971.97	0.00	6.28	1113.00
	2971.98	0.00	6.31	1117.00
	2972.00	0.00	6.26	1107.00
	2972.01	0.00	6.76	1166.00
	2972.02	0.00	6.79	1168.00
	2972.03	0.00	6.81	1162.00
	2972.04	0.00	6.83	1155.00
	2972.05	0.00	6.80	1169.00
	2972.07	0.00	6.82	1164.00
	2972.08	0.00	6.82	1160.00
	2972.09	0.00	6.86	1155.00
	2972.10	0.00	6.89	1149.00
	2972.11	0.00	6.88	1140.00
	2972.12	0.00	6.90	1135.00
	2972.14	0.00	6.89	1125.00
	2972.15	0.00	6.55	1056.00
	2972.16	0.00	6.98	1123.00
	2972.17	0.00	7.01	1121.00
	2972.18	0.00	7.04	1121.00
	2972.19	0.00	7.06	1121.00
	2972.21	0.00	7.06	1119.00
	2972.22	0.00	7.08	1116.00
	2972.23	0.00	7.12	1117.00
	2972.24	0.00	7.08	1116.00
	2972.25	0.00	7.05	1114.00
	2972.26	0.00	7.06	1111.00
	2972.28	0.00	7.11	1112.00
	2972.29	0.00	7.07	1088.00
	2972.30	0.00	7.11	1093.00
	2972.31	0.00	7.11	1081.00
	2972.32	0.00	6.85	1027.00
	2972.33	0.00	6.83	1019.00
	2972.35	0.00	6.87	1018.00
	2972.36	0.00	6.92	1015.00
	2972.37	0.00	6.94	1007.00
	2972.38	0.00	6.99	999.00
	2972.39	0.00	7.04	990.00
	2972.40	0.00	7.10	971.00
	2972.42	0.00	7.15	950.00
	2972.43	0.00	7.22	928.00
	2972.44	0.00	7.30	899.00
	2972.45	0.00	7.42	863.00
	2972.46	0.00	7.58	811.00
	2972.47	0.00	7.65	787.00
	2972.48	0.00	7.71	765.00
	2972.50	0.00	7.76	724.00
	2972.51	0.00	7.83	704.00
	2972.52	0.00	7.85	699.00
	2972.53	0.00	7.81	690.00
	2972.54	0.00	7.77	684.00
	2972.55	0.00	7.67	671.00
	2972.57	0.00	7.57	660.00
	2972.58	0.00	7.47	650.00
	2972.59	0.00	7.32	632.00
	2972.60	0.00	7.23	621.00
	2972.61	0.00	7.16	615.00
	2972.62	0.00	7.09	607.00
	2972.63	0.00	6.54	557.00
	2972.65	0.00	6.54	559.00
	2972.66	0.00	6.57	560.00
	2972.67	0.00	6.60	560.00
	2972.68	0.00	6.59	558.00
	2972.69	0.00	6.61	557.00
	2972.70	0.00	6.61	558.00
	2972.72	0.00	6.70	561.00
	2972.73	0.00	6.71	561.00
	2972.74	0.00	6.70	561.00
	2972.75	0.00	6.70	561.00
	2972.76	0.00	6.64	558.00
	2972.77	0.00	6.68	561.00
	2972.78	0.00	6.68	562.00
	2972.80	0.00	6.66	561.00
	2972.81	0.00	6.68	561.00
	2972.82	0.00	6.68	564.00
	2972.83	0.00	6.69	563.00
	2972.84	0.00	6.62	562.00
	2972.85	0.00	6.62	562.00
	2972.86	0.00	6.64	563.00
	2972.88	0.00	6.63	562.00
	2972.89	0.00	6.64	563.00
	2972.90	0.00	6.64	563.00
	2972.91	0.00	6.64	561.00
	2972.92	0.00	6.56	557.00
	2972.93	0.00	6.55	556.00
	2972.95	0.00	6.56	555.00
	2972.96	0.00	6.59	557.00
	2972.97	0.00	6.56	555.00
	2972.98	0.00	6.56	555.00
	2972.99	0.00	6.58	556.00
	2973.00	0.00	6.59	555.00
	2973.02	0.00	6.57	554.00
	2973.03	0.00	6.57	556.00
	2973.04	0.00	6.57	555.00
	2973.05	0.00	6.65	559.00
	2973.06	0.00	6.65	557.00
	2973.07	0.00	6.66	559.00
	2973.08	0.00	6.67	559.00
	2973.10	0.00	6.64	559.00
	2973.11	0.00	6.64	557.00
	2973.12	0.00	6.66	555.00
	2973.13	0.00	6.69	554.00
	2973.14	0.00	6.74	559.00
	2973.15	0.00	6.73	560.00
	2973.16	0.00	6.72	562.00
	2973.18	0.00	6.75	565.00
	2973.19	0.00	6.73	568.00
	2973.20	0.00	6.71	572.00
	2973.21	0.00	6.65	591.00
	2973.22	0.00	6.57	616.00
	2973.23	0.00	6.47	650.00
	2973.25	0.00	6.41	675.00
	2973.26	0.00	6.33	699.00
	2973.27	0.00	6.23	724.00
	2973.28	0.00	6.16	754.00
	2973.29	0.00	6.13	768.00
	2973.30	0.00	6.64	838.00
	2973.32	0.00	6.67	875.00
	2973.33	0.00	6.70	905.00
	2973.34	0.00	6.66	931.00
	2973.35	0.00	6.66	946.00
	2973.36	0.00	6.57	956.00
	2973.37	0.00	6.58	964.00
	2973.38	0.00	6.63	960.00
	2973.40	0.00	6.66	945.00
	2973.41	0.00	6.64	951.00
	2973.42	0.00	6.64	956.00
	2973.43	0.00	6.64	963.00
	2973.44	0.00	6.63	971.00
	2973.45	0.00	6.63	983.00
	2973.46	0.00	6.58	990.00
	2973.48	0.00	6.57	1002.00
	2973.49	0.00	6.55	1012.00
	2973.50	0.00	6.54	1024.00
	2973.51	0.00	6.51	1035.00
	2973.52	0.00	6.51	1038.00
	2973.54	0.00	6.50	1040.00
	2973.55	0.00	6.49	1039.00
	2973.56	0.00	6.49	1043.00
	2973.57	0.00	6.55	1047.00
	2973.58	0.00	6.55	1049.00
	2973.59	0.00	6.52	1049.00
	2973.60	0.00	6.52	1046.00
	2973.62	0.00	6.48	1063.00
	2973.63	0.00	6.47	1068.00
	2973.64	0.00	6.48	1063.00
	2973.65	0.00	6.49	1057.00
	2973.66	0.00	6.50	1049.00
	2973.67	0.00	6.50	1042.00
	2973.69	0.00	6.50	1033.00
	2973.70	0.00	6.54	1024.00
	2973.71	0.00	6.57	1013.00
	2973.72	0.00	6.61	1003.00
	2973.73	0.00	6.65	995.00
	2973.75	0.00	6.68	985.00
	2973.76	0.00	6.74	975.00
	2973.77	0.00	6.88	968.00
	2973.78	0.00	6.95	949.00
	2973.79	0.00	7.01	935.00
	2973.80	0.00	6.97	951.00
	2973.81	0.00	7.04	942.00
	2973.83	0.00	7.09	930.00
	2973.84	0.00	7.14	916.00
	2973.85	0.00	7.28	886.00
	2973.86	0.00	7.41	849.00
	2973.87	0.00	7.58	800.00
	2973.88	0.00	7.68	776.00
	2973.89	0.00	7.71	770.00
	2973.91	0.00	7.74	757.00
	2973.92	0.00	7.82	755.00
	2973.93	0.00	7.84	747.00
	2973.94	0.00	7.85	737.00
	2973.95	0.00	7.87	728.00
	2973.96	0.00	7.87	728.00
	2973.98	0.00	7.88	722.00
	2973.99	0.00	7.83	718.00
	2974.00	0.00	7.82	714.00
	2974.01	0.00	7.79	713.00
	2974.02	0.00	7.80	709.00
	2974.03	0.00	7.78	705.00
	2974.04	0.00	7.76	703.00
	2974.06	0.00	7.75	700.00
	2974.07	0.00	7.72	694.00
	2974.08	0.00	7.72	692.00
	2974.09	0.00	7.66	684.00
	2974.10	0.00	7.61	675.00
	2974.11	0.00	7.55	665.00
	2974.13	0.00	7.40	652.00
	2974.14	0.00	7.32	644.00
	2974.15	0.00	7.32	637.00
	2974.16	0.00	7.24	631.00
	2974.17	0.00	7.17	622.00
	2974.18	0.00	7.15	617.00
	2974.19	0.00	6.55	565.00
	2974.21	0.00	6.55	565.00
	2974.22	0.00	6.54	563.00
	2974.23	0.00	6.54	562.00
	2974.24	0.00	6.53	561.00
	2974.25	0.00	6.53	560.00
	2974.26	0.00	6.53	559.00
	2974.28	0.00	6.54	560.00
	2974.29	0.00	6.56	558.00
	2974.30	0.00	6.56	559.00
	2974.31	0.00	6.58	559.00
	2974.32	0.00	6.67	563.00
	2974.33	0.00	6.68	563.00
	2974.34	0.00	6.67	562.00
	2974.36	0.00	6.67	561.00
	2974.37	0.00	6.68	563.00
	2974.38	0.00	6.65	563.00
	2974.39	0.00	6.69	563.00
	2974.40	0.00	6.67	564.00
	2974.41	0.00	6.65	564.00
	2974.43	0.00	6.65	564.00
	2974.44	0.00	6.69	564.00
	2974.45	0.00	6.68	563.00
	2974.46	0.00	6.67	562.00
	2974.47	0.00	6.68	562.00
	2974.48	0.00	6.77	566.00
	2974.50	0.00	6.78	564.00
	2974.51	0.00	6.79	566.00
	2974.52	0.00	6.79	564.00
	2974.53	0.00	6.80	568.00
	2974.54	0.00	6.80	567.00
	2974.55	0.00	6.76	564.00
	2974.56	0.00	6.75	566.00
	2974.58	0.00	6.73	564.00
	2974.59	0.00	6.72	566.00
	2974.60	0.00	6.71	565.00
	2974.61	0.00	6.71	563.00
	2974.62	0.00	6.59	564.00
	2974.63	0.00	6.66	564.00
	2974.65	0.00	6.66	562.00
	2974.66	0.00	7.28	614.00
	2974.67	0.00	7.33	620.00
	2974.68	0.00	7.38	632.00
	2974.69	0.00	7.46	638.00
	2974.70	0.00	7.49	645.00
	2974.71	0.00	7.55	653.00
	2974.73	0.00	7.64	667.00
	2974.74	0.00	7.67	675.00
	2974.75	0.00	7.71	683.00
	2974.76	0.00	7.74	688.00
	2974.77	0.00	7.66	708.00
	2974.78	0.00	7.39	771.00
	2974.79	0.00	7.29	826.00
	2974.81	0.00	7.51	932.00
	2974.82	0.00	7.40	988.00
	2974.83	0.00	7.39	1015.00
	2974.84	0.00	7.39	1023.00
	2974.85	0.00	7.39	1023.00
	2974.86	0.00	7.37	1022.00
	2974.88	0.00	7.01	971.00
	2974.89	0.00	7.00	981.00
	2974.90	0.00	6.97	991.00
	2974.91	0.00	6.91	997.00
	2974.92	0.00	6.88	1005.00
	2974.93	0.00	6.85	1021.00
	2974.95	0.00	6.78	1030.00
	2974.96	0.00	6.73	1042.00
	2974.97	0.00	6.70	1056.00
	2974.98	0.00	6.65	1064.00
	2974.99	0.00	6.55	1070.00
	2975.00	0.00	6.51	1080.00
	2975.01	0.00	6.50	1086.00
	2975.03	0.00	6.42	1097.00
	2975.04	0.00	6.33	1101.00
	2975.05	0.00	6.22	1110.00
	2975.06	0.00	6.14	1126.00
	2975.07	0.00	5.67	1118.00
	2975.08	0.00	5.64	1144.00
	2975.10	0.00	5.63	1166.00
	2975.11	0.00	5.61	1185.00
	2975.12	0.00	5.59	1202.00
	2975.13	0.00	5.58	1216.00
	2975.14	0.00	5.57	1229.00
	2975.16	0.00	5.56	1241.00
	2975.17	0.00	5.55	1252.00
	2975.18	0.00	5.55	1262.00
	2975.19	0.00	5.55	1268.00
	2975.20	0.00	5.54	1271.00
	2975.21	0.00	5.54	1274.00
	2975.22	0.00	5.53	1274.00
	2975.24	0.00	5.55	1274.00
	2975.25	0.00	5.54	1273.00
	2975.26	0.00	5.55	1274.00
	2975.27	0.00	5.55	1270.00
	2975.28	0.00	5.58	1268.00
	2975.30	0.00	5.58	1267.00
	2975.31	0.00	5.58	1270.00
	2975.32	0.00	5.58	1268.00
	2975.33	0.00	5.58	1273.00
	2975.34	0.00	5.58	1276.00
	2975.35	0.00	5.58	1280.00
	2975.37	0.00	5.58	1280.00
	2975.38	0.00	5.58	1282.00
	2975.39	0.00	5.58	1281.00
	2975.40	0.00	5.56	1283.00
	2975.41	0.00	5.59	1287.00
	2975.42	0.00	5.57	1283.00
	2975.44	0.00	5.57	1286.00
	2975.45	0.00	5.59	1289.00
	2975.46	0.00	5.59	1289.00
	2975.47	0.00	5.61	1286.00
	2975.48	0.00	5.61	1282.00
	2975.50	0.00	5.62	1275.00
	2975.51	0.00	5.64	1263.00
	2975.52	0.00	5.66	1245.00
	2975.53	0.00	5.68	1214.00
	2975.54	0.00	5.72	1182.00
	2975.55	0.00	5.73	1146.00
	2975.56	0.00	5.81	1086.00
	2975.58	0.00	5.89	1015.00
	2975.59	0.00	5.98	947.00
	2975.60	0.00	6.03	876.00
	2975.61	0.00	6.13	829.00
	2975.62	0.00	6.21	783.00
	2975.63	0.00	6.27	750.00
	2975.64	0.00	6.32	719.00
	2975.66	0.00	6.40	694.00
	2975.67	0.00	6.75	590.00
	2975.68	0.00	6.76	577.00
	2975.69	0.00	6.73	577.00
	2975.70	0.00	6.73	575.00
	2975.71	0.00	6.73	574.00
	2975.73	0.00	6.69	574.00
	2975.74	0.00	6.74	574.00
	2975.75	0.00	6.70	572.00
	2975.76	0.00	6.72	572.00
	2975.77	0.00	6.74	572.00
	2975.78	0.00	6.65	567.00
	2975.80	0.00	6.67	563.00
	2975.81	0.00	6.66	564.00
	2975.82	0.00	6.66	564.00
	2975.83	0.00	6.66	564.00
	2975.84	0.00	6.67	565.00
	2975.85	0.00	6.68	563.00
	2975.86	0.00	6.66	563.00
	2975.88	0.00	6.67	565.00
	2975.89	0.00	6.67	565.00
	2975.90	0.00	6.66	564.00
	2975.91	0.00	6.73	567.00
	2975.92	0.00	6.74	567.00
	2975.93	0.00	6.75	567.00
	2975.94	0.00	6.74	568.00
	2975.96	0.00	6.73	566.00
	2975.97	0.00	6.74	566.00
	2975.98	0.00	6.73	564.00
	2975.99	0.00	6.76	564.00
	2976.00	0.00	6.79	568.00
	2976.01	0.00	6.82	571.00
	2976.03	0.00	6.81	576.00
	2976.04	0.00	6.73	586.00
	2976.05	0.00	6.66	609.00
	2976.06	0.00	6.42	670.00
	2976.07	0.00	6.34	699.00
	2976.08	0.00	6.29	719.00
	2976.10	0.00	6.26	739.00
	2976.11	0.00	6.25	756.00
	2976.12	0.00	6.18	769.00
	2976.13	0.00	6.14	782.00
	2976.14	0.00	6.14	798.00
	2976.15	0.00	6.11	821.00
	2976.16	0.00	6.06	862.00
	2976.18	0.00	6.00	913.00
	2976.19	0.00	5.93	959.00
	2976.20	0.00	5.85	1012.00
	2976.21	0.00	5.79	1047.00
	2976.22	0.00	5.67	1080.00
	2976.23	0.00	5.66	1103.00
	2976.25	0.00	6.27	1165.00
	2976.26	0.00	6.25	1179.00
	2976.27	0.00	6.26	1184.00
	2976.28	0.00	6.28	1175.00
	2976.29	0.00	6.69	1212.00
	2976.30	0.00	6.69	1213.00
	2976.32	0.00	6.68	1219.00
	2976.33	0.00	6.06	1172.00
	2976.34	0.00	6.69	1222.00
	2976.35	0.00	6.74	1227.00
	2976.36	0.00	6.75	1222.00
	2976.37	0.00	7.03	1267.00
	2976.39	0.00	6.76	1213.00
	2976.40	0.00	6.39	1160.00
	2976.41	0.00	6.69	1210.00
	2976.42	0.00	6.69	1210.00
	2976.43	0.00	6.69	1210.00
	2976.44	0.00	6.37	1157.00
	2976.46	0.00	6.37	1162.00
	2976.47	0.00	6.35	1164.00
	2976.48	0.00	6.33	1166.00
	2976.49	0.00	6.32	1165.00
	2976.50	0.00	6.33	1157.00
	2976.51	0.00	6.33	1142.00
	2976.53	0.00	6.37	1120.00
	2976.54	0.00	5.76	1042.00
	2976.55	0.00	5.80	1012.00
	2976.56	0.00	5.83	974.00
	2976.57	0.00	5.96	938.00
	2976.58	0.00	6.01	895.00
	2976.59	0.00	6.02	876.00
	2976.61	0.00	6.07	834.00
	2976.62	0.00	6.12	800.00
	2976.63	0.00	6.15	772.00
	2976.64	0.00	6.20	740.00
	2976.65	0.00	6.25	718.00
	2976.66	0.00	6.36	703.00
	2976.68	0.00	6.44	677.00
	2976.69	0.00	6.44	674.00
	2976.70	0.00	6.59	626.00
	2976.71	0.00	6.75	583.00
	2976.72	0.00	6.75	576.00
	2976.73	0.00	6.76	575.00
	2976.75	0.00	6.74	574.00
	2976.76	0.00	6.75	574.00
	2976.77	0.00	6.76	571.00
	2976.78	0.00	6.76	572.00
	2976.79	0.00	6.77	571.00
	2976.80	0.00	6.70	570.00
	2976.81	0.00	6.71	570.00
	2976.83	0.00	6.71	570.00
	2976.84	0.00	6.72	569.00
	2976.85	0.00	6.72	570.00
	2976.86	0.00	6.72	571.00
	2976.87	0.00	6.72	572.00
	2976.88	0.00	6.71	569.00
	2976.90	0.00	6.63	563.00
	2976.91	0.00	6.65	561.00
	2976.92	0.00	6.64	561.00
	2976.93	0.00	6.64	559.00
	2976.94	0.00	6.63	560.00
	2976.95	0.00	6.64	559.00
	2976.96	0.00	6.63	559.00
	2976.98	0.00	6.63	559.00
	2976.99	0.00	6.63	558.00
	2977.00	0.00	6.63	558.00
	2977.01	0.00	6.63	561.00
	2977.02	0.00	6.59	563.00
	2977.03	0.00	6.66	568.00
	2977.05	0.00	6.64	570.00
	2977.06	0.00	6.57	589.00
	2977.07	0.00	6.50	606.00
	2977.08	0.00	6.44	623.00
	2977.09	0.00	6.40	628.00
	2977.10	0.00	6.39	637.00
	2977.11	0.00	6.40	643.00
	2977.13	0.00	6.45	657.00
	2977.14	0.00	6.39	677.00
	2977.15	0.00	6.39	685.00
	2977.16	0.00	6.35	699.00
	2977.17	0.00	6.30	719.00
	2977.18	0.00	6.27	732.00
	2977.20	0.00	6.21	749.00
	2977.21	0.00	6.19	768.00
	2977.22	0.00	6.18	782.00
	2977.23	0.00	6.13	803.00
	2977.24	0.00	6.11	824.00
	2977.25	0.00	6.03	847.00
	2977.26	0.00	6.02	869.00
	2977.28	0.00	5.99	889.00
	2977.29	0.00	5.96	912.00
	2977.30	0.00	5.95	939.00
	2977.31	0.00	5.92	968.00
	2977.32	0.00	5.88	991.00
	2977.33	0.00	5.83	1018.00
	2977.35	0.00	5.79	1040.00
	2977.36	0.00	5.77	1061.00
	2977.37	0.00	5.69	1076.00
	2977.38	0.00	5.68	1085.00
	2977.39	0.00	5.67	1094.00
	2977.40	0.00	5.67	1095.00
	2977.42	0.00	5.69	1084.00
	2977.43	0.00	5.71	1076.00
	2977.44	0.00	5.71	1077.00
	2977.45	0.00	5.71	1079.00
	2977.46	0.00	5.72	1079.00
	2977.47	0.00	5.72	1078.00
	2977.49	0.00	5.72	1074.00
	2977.50	0.00	5.74	1072.00
	2977.51	0.00	6.07	1118.00
	2977.52	0.00	6.08	1114.00
	2977.53	0.00	6.11	1114.00
	2977.54	0.00	6.13	1112.00
	2977.56	0.00	5.77	1055.00
	2977.57	0.00	5.78	1053.00
	2977.58	0.00	5.77	1050.00
	2977.59	0.00	5.79	1043.00
	2977.60	0.00	5.81	1033.00
	2977.61	0.00	5.81	1023.00
	2977.63	0.00	5.82	1015.00
	2977.64	0.00	5.84	1000.00
	2977.65	0.00	5.85	989.00
	2977.66	0.00	5.87	979.00
	2977.67	0.00	5.89	965.00
	2977.68	0.00	5.90	954.00
	2977.69	0.00	5.98	944.00
	2977.71	0.00	5.97	935.00
	2977.72	0.00	5.94	950.00
	2977.73	0.00	5.95	942.00
	2977.74	0.00	5.97	930.00
	2977.75	0.00	5.96	928.00
	2977.76	0.00	5.97	920.00
	2977.78	0.00	6.00	906.00
	2977.79	0.00	6.02	896.00
	2977.80	0.00	6.03	889.00
	2977.81	0.00	6.10	883.00
	2977.82	0.00	6.12	875.00
	2977.83	0.00	6.60	920.00
	2977.85	0.00	6.08	890.00
	2977.86	0.00	6.05	887.00
	2977.87	0.00	6.07	885.00
	2977.88	0.00	6.07	882.00
	2977.89	0.00	6.08	878.00
	2977.90	0.00	6.59	924.00
	2977.91	0.00	6.58	920.00
	2977.93	0.00	6.59	920.00
	2977.94	0.00	6.59	913.00
	2977.95	0.00	6.56	908.00
	2977.96	0.00	6.56	902.00
	2977.97	0.00	6.57	898.00
	2977.98	0.00	6.59	892.00
	2978.00	0.00	6.61	887.00
	2978.01	0.00	6.61	886.00
	2978.02	0.00	6.63	878.00
	2978.03	0.00	6.61	882.00
	2978.04	0.00	6.61	878.00
	2978.05	0.00	6.58	874.00
	2978.06	0.00	6.50	866.00
	2978.08	0.00	6.55	845.00
	2978.09	0.00	6.59	831.00
	2978.10	0.00	6.61	829.00
	2978.11	0.00	6.64	828.00
	2978.12	0.00	6.65	823.00
	2978.13	0.00	6.65	822.00
	2978.14	0.00	6.66	819.00
	2978.16	0.00	6.14	766.00
	2978.17	0.00	6.15	763.00
	2978.18	0.00	6.15	761.00
	2978.19	0.00	6.15	756.00
	2978.20	0.00	6.16	750.00
	2978.21	0.00	6.73	797.00
	2978.23	0.00	6.78	792.00
	2978.24	0.00	6.78	794.00
	2978.25	0.00	6.76	799.00
	2978.26	0.00	6.73	810.00
	2978.27	0.00	6.73	810.00
	2978.28	0.00	6.73	809.00
	2978.29	0.00	6.72	808.00
	2978.31	0.00	6.74	806.00
	2978.32	0.00	6.76	805.00
	2978.33	0.00	6.77	804.00
	2978.34	0.00	6.86	809.00
	2978.35	0.00	6.86	808.00
	2978.36	0.00	6.88	803.00
	2978.38	0.00	6.82	826.00
	2978.39	0.00	6.81	825.00
	2978.40	0.00	6.82	823.00
	2978.41	0.00	6.79	817.00
	2978.42	0.00	6.80	820.00
	2978.43	0.00	6.81	814.00
	2978.45	0.00	6.81	819.00
	2978.46	0.00	6.81	819.00
	2978.47	0.00	6.83	823.00
	2978.48	0.00	6.82	819.00
	2978.49	0.00	6.82	821.00
	2978.50	0.00	6.81	821.00
	2978.51	0.00	6.77	820.00
	2978.53	0.00	6.78	818.00
	2978.54	0.00	6.78	819.00
	2978.55	0.00	6.78	814.00
	2978.56	0.00	6.79	814.00
	2978.57	0.00	6.78	814.00
	2978.58	0.00	6.80	814.00
	2978.60	0.00	6.76	811.00
	2978.61	0.00	6.73	817.00
	2978.62	0.00	6.73	816.00
	2978.63	0.00	6.77	815.00
	2978.64	0.00	6.69	811.00
	2978.65	0.00	6.72	804.00
	2978.66	0.00	6.79	784.00
	2978.68	0.00	6.78	784.00
	2978.69	0.00	6.78	784.00
	2978.70	0.00	6.79	785.00
	2978.71	0.00	6.80	785.00
	2978.72	0.00	6.78	787.00
	2978.73	0.00	6.78	784.00
	2978.75	0.00	6.75	783.00
	2978.76	0.00	6.75	780.00
	2978.77	0.00	6.74	784.00
	2978.78	0.00	6.76	784.00
	2978.79	0.00	6.80	785.00
	2978.80	0.00	6.83	786.00
	2978.82	0.00	6.80	797.00
	2978.83	0.00	6.77	807.00
	2978.84	0.00	6.77	807.00
	2978.85	0.00	6.76	809.00
	2978.86	0.00	6.76	810.00
	2978.87	0.00	6.76	811.00
	2978.88	0.00	6.77	811.00
	2978.90	0.00	6.76	808.00
	2978.91	0.00	6.76	810.00
	2978.92	0.00	6.80	812.00
	2978.93	0.00	6.87	817.00
	2978.94	0.00	6.86	814.00
	2978.95	0.00	6.80	840.00
	2978.97	0.00	6.81	841.00
	2978.98	0.00	6.79	842.00
	2978.99	0.00	6.79	841.00
	2979.00	0.00	6.80	837.00
	2979.01	0.00	6.77	849.00
	2979.02	0.00	6.75	850.00
	2979.03	0.00	6.79	855.00
	2979.05	0.00	6.78	854.00
	2979.06	0.00	6.76	859.00
	2979.07	0.00	6.76	860.00
	2979.08	0.00	6.71	859.00
	2979.09	0.00	6.70	859.00
	2979.10	0.00	6.71	855.00
	2979.12	0.00	6.72	855.00
	2979.13	0.00	6.73	854.00
	2979.14	0.00	6.72	853.00
	2979.15	0.00	6.72	853.00
	2979.16	0.00	6.70	852.00
	2979.17	0.00	6.69	850.00
	2979.18	0.00	6.69	850.00
	2979.20	0.00	6.62	845.00
	2979.21	0.00	6.62	842.00
	2979.22	0.00	6.63	841.00
	2979.23	0.00	6.68	817.00
	2979.24	0.00	6.69	817.00
	2979.25	0.00	6.69	819.00
	2979.27	0.00	6.69	819.00
	2979.28	0.00	6.70	819.00
	2979.29	0.00	6.70	820.00
	2979.30	0.00	6.69	820.00
	2979.31	0.00	6.67	816.00
	2979.32	0.00	6.16	767.00
	2979.33	0.00	6.68	820.00
	2979.35	0.00	6.67	818.00
	2979.36	0.00	6.74	822.00
	2979.37	0.00	6.75	821.00
	2979.38	0.00	6.74	824.00
	2979.39	0.00	6.70	842.00
	2979.40	0.00	6.70	843.00
	2979.42	0.00	6.69	841.00
	2979.43	0.00	6.70	841.00
	2979.44	0.00	6.71	839.00
	2979.45	0.00	6.71	839.00
	2979.46	0.00	6.71	835.00
	2979.47	0.00	6.81	842.00
	2979.48	0.00	6.81	840.00
	2979.50	0.00	6.84	839.00
	2979.51	0.00	6.77	861.00
	2979.52	0.00	6.77	862.00
	2979.53	0.00	6.74	858.00
	2979.54	0.00	6.67	861.00
	2979.55	0.00	6.66	856.00
	2979.57	0.00	6.66	863.00
	2979.58	0.00	6.64	860.00
	2979.59	0.00	6.67	861.00
	2979.60	0.00	6.71	864.00
	2979.61	0.00	6.74	864.00
	2979.62	0.00	6.76	866.00
	2979.64	0.00	6.76	870.00
	2979.65	0.00	6.71	871.00
	2979.66	0.00	6.70	874.00
	2979.67	0.00	6.72	872.00
	2979.68	0.00	6.72	874.00
	2979.69	0.00	6.72	875.00
	2979.70	0.00	6.73	875.00
	2979.72	0.00	6.73	878.00
	2979.73	0.00	6.73	878.00
	2979.74	0.00	6.71	882.00
	2979.75	0.00	6.70	883.00
	2979.76	0.00	6.63	877.00
	2979.77	0.00	6.61	875.00
	2979.79	0.00	6.64	865.00
	2979.80	0.00	6.69	848.00
	2979.81	0.00	6.63	848.00
	2979.82	0.00	6.68	848.00
	2979.83	0.00	6.68	850.00
	2979.84	0.00	6.69	851.00
	2979.85	0.00	6.69	853.00
	2979.87	0.00	6.68	851.00
	2979.88	0.00	6.68	850.00
	2979.89	0.00	6.66	847.00
	2979.90	0.00	6.67	848.00
	2979.91	0.00	6.65	849.00
	2979.92	0.00	6.67	848.00
	2979.94	0.00	6.66	847.00
	2979.95	0.00	6.73	849.00
	2979.96	0.00	6.75	845.00
	2979.97	0.00	6.70	864.00
	2979.98	0.00	6.70	862.00
	2979.99	0.00	6.70	860.00
	2980.00	0.00	6.70	858.00
	2980.02	0.00	6.71	857.00
	2980.03	0.00	6.72	851.00
	2980.04	0.00	6.73	850.00
	2980.05	0.00	6.83	852.00
	2980.06	0.00	6.84	848.00
	2980.07	0.00	6.79	869.00
	2980.09	0.00	6.79	871.00
	2980.10	0.00	6.78	870.00
	2980.11	0.00	6.77	871.00
	2980.12	0.00	6.77	871.00
	2980.13	0.00	6.79	864.00
	2980.14	0.00	6.76	875.00
	2980.16	0.00	6.75	873.00
	2980.17	0.00	6.77	881.00
	2980.18	0.00	6.75	883.00
	2980.19	0.00	6.75	887.00
	2980.20	0.00	6.74	889.00
	2980.21	0.00	6.67	891.00
	2980.22	0.00	6.69	891.00
	2980.24	0.00	6.68	891.00
	2980.25	0.00	6.69	890.00
	2980.26	0.00	6.69	892.00
	2980.27	0.00	6.69	891.00
	2980.28	0.00	6.69	892.00
	2980.29	0.00	6.67	895.00
	2980.30	0.00	6.66	897.00
	2980.32	0.00	6.66	900.00
	2980.33	0.00	6.60	897.00
	2980.34	0.00	6.57	893.00
	2980.35	0.00	6.57	884.00
	2980.36	0.00	6.64	869.00
	2980.37	0.00	6.60	872.00
	2980.39	0.00	6.64	876.00
	2980.40	0.00	6.64	880.00
	2980.41	0.00	6.62	882.00
	2980.42	0.00	6.62	883.00
	2980.43	0.00	6.62	884.00
	2980.44	0.00	6.58	882.00
	2980.46	0.00	6.60	884.00
	2980.47	0.00	6.58	885.00
	2980.48	0.00	6.58	889.00
	2980.49	0.00	6.57	893.00
	2980.50	0.00	6.58	894.00
	2980.51	0.00	6.64	897.00
	2980.53	0.00	6.64	897.00
	2980.54	0.00	6.58	922.00
	2980.55	0.00	6.57	923.00
	2980.56	0.00	6.57	922.00
	2980.57	0.00	6.57	923.00
	2980.58	0.00	6.57	923.00
	2980.59	0.00	6.57	919.00
	2980.61	0.00	6.57	917.00
	2980.62	0.00	6.57	916.00
	2980.63	0.00	6.66	924.00
	2980.64	0.00	6.67	918.00
	2980.65	0.00	6.62	944.00
	2980.66	0.00	6.62	943.00
	2980.67	0.00	6.58	944.00
	2980.69	0.00	6.57	946.00
	2980.70	0.00	6.59	936.00
	2980.71	0.00	6.55	948.00
	2980.72	0.00	6.55	948.00
	2980.73	0.00	6.58	951.00
	2980.75	0.00	6.57	950.00
	2980.76	0.00	6.57	952.00
	2980.77	0.00	6.58	954.00
	2980.78	0.00	6.57	953.00
	2980.79	0.00	6.58	953.00
	2980.80	0.00	6.54	952.00
	2980.81	0.00	6.54	952.00
	2980.83	0.00	6.54	949.00
	2980.84	0.00	6.54	948.00
	2980.85	0.00	6.55	947.00
	2980.86	0.00	6.57	947.00
	2980.87	0.00	6.55	946.00
	2980.88	0.00	6.57	943.00
	2980.89	0.00	6.55	946.00
	2980.91	0.00	6.55	946.00
	2980.92	0.00	6.47	939.00
	2980.93	0.00	6.47	935.00
	2980.94	0.00	6.55	909.00
	2980.95	0.00	6.55	909.00
	2980.96	0.00	6.57	908.00
	2980.98	0.00	6.86	956.00
	2980.99	0.00	6.89	956.00
	2981.00	0.00	6.57	903.00
	2981.01	0.00	6.56	903.00
	2981.02	0.00	6.53	898.00
	2981.03	0.00	6.52	897.00
	2981.04	0.00	6.53	897.00
	2981.06	0.00	6.53	894.00
	2981.07	0.00	6.58	893.00
	2981.08	0.00	6.61	893.00
	2981.09	0.00	6.61	891.00
	2981.10	0.00	6.62	886.00
	2981.11	0.00	6.57	908.00
	2981.13	0.00	6.57	908.00
	2981.14	0.00	6.55	906.00
	2981.15	0.00	6.56	906.00
	2981.16	0.00	6.57	900.00
	2981.17	0.00	6.58	901.00
	2981.18	0.00	6.55	898.00
	2981.19	0.00	6.60	899.00
	2981.21	0.00	6.64	903.00
	2981.22	0.00	6.69	897.00
	2981.23	0.00	6.64	918.00
	2981.24	0.00	6.63	919.00
	2981.25	0.00	6.64	918.00
	2981.26	0.00	6.65	912.00
	2981.28	0.00	6.67	906.00
	2981.29	0.00	6.63	915.00
	2981.30	0.00	6.62	913.00
	2981.31	0.00	6.63	915.00
	2981.32	0.00	6.65	914.00
	2981.33	0.00	6.65	916.00
	2981.34	0.00	6.65	913.00
	2981.36	0.00	6.61	913.00
	2981.37	0.00	6.62	911.00
	2981.38	0.00	6.62	908.00
	2981.39	0.00	6.63	907.00
	2981.40	0.00	6.63	907.00
	2981.41	0.00	6.64	907.00
	2981.43	0.00	6.64	907.00
	2981.44	0.00	6.61	910.00
	2981.45	0.00	6.60	909.00
	2981.46	0.00	6.59	907.00
	2981.47	0.00	6.53	903.00
	2981.48	0.00	6.54	900.00
	2981.50	0.00	6.61	871.00
	2981.51	0.00	6.61	872.00
	2981.52	0.00	6.62	873.00
	2981.53	0.00	6.96	924.00
	2981.54	0.00	6.63	874.00
	2981.55	0.00	6.61	874.00
	2981.56	0.00	6.61	874.00
	2981.58	0.00	6.58	872.00
	2981.59	0.00	6.58	872.00
	2981.60	0.00	6.57	873.00
	2981.61	0.00	6.56	873.00
	2981.62	0.00	6.60	873.00
	2981.63	0.00	6.66	876.00
	2981.65	0.00	6.66	876.00
	2981.66	0.00	6.58	899.00
	2981.67	0.00	6.58	903.00
	2981.68	0.00	6.58	902.00
	2981.69	0.00	6.55	903.00
	2981.70	0.00	6.55	905.00
	2981.71	0.00	6.57	899.00
	2981.73	0.00	6.56	901.00
	2981.74	0.00	6.61	902.00
	2981.75	0.00	6.67	907.00
	2981.76	0.00	6.67	905.00
	2981.77	0.00	6.68	899.00
	2981.78	0.00	6.61	928.00
	2981.79	0.00	6.60	925.00
	2981.81	0.00	6.59	927.00
	2981.82	0.00	6.59	925.00
	2981.83	0.00	6.58	927.00
	2981.84	0.00	6.58	925.00
	2981.85	0.00	6.59	926.00
	2981.86	0.00	6.61	927.00
	2981.88	0.00	6.60	924.00
	2981.89	0.00	6.59	927.00
	2981.90	0.00	6.60	926.00
	2981.91	0.00	6.54	927.00
	2981.92	0.00	6.55	925.00
	2981.93	0.00	6.57	920.00
	2981.95	0.00	6.56	921.00
	2981.96	0.00	6.57	919.00
	2981.97	0.00	6.57	919.00
	2981.98	0.00	6.48	915.00
	2981.99	0.00	6.57	916.00
	2982.00	0.00	6.56	916.00
	2982.02	0.00	6.52	915.00
	2982.03	0.00	6.49	910.00
	2982.04	0.00	6.51	898.00
	2982.05	0.00	6.55	878.00
	2982.06	0.00	6.57	878.00
	2982.07	0.00	6.57	877.00
	2982.08	0.00	6.93	929.00
	2982.10	0.00	6.95	932.00
	2982.11	0.00	6.58	878.00
	2982.12	0.00	6.58	878.00
	2982.13	0.00	6.56	874.00
	2982.14	0.00	6.56	872.00
	2982.15	0.00	6.57	873.00
	2982.16	0.00	6.57	871.00
	2982.18	0.00	6.57	871.00
	2982.19	0.00	6.59	870.00
	2982.20	0.00	6.64	872.00
	2982.21	0.00	6.66	869.00
	2982.22	0.00	6.61	894.00
	2982.23	0.00	6.60	893.00
	2982.25	0.00	6.59	893.00
	2982.26	0.00	6.59	893.00
	2982.27	0.00	6.60	887.00
	2982.28	0.00	6.60	889.00
	2982.29	0.00	6.61	888.00
	2982.30	0.00	6.47	886.00
	2982.32	0.00	6.57	891.00
	2982.33	0.00	6.57	885.00
	2982.34	0.00	6.51	910.00
	2982.35	0.00	6.65	910.00
	2982.36	0.00	6.54	909.00
	2982.37	0.00	6.50	909.00
	2982.38	0.00	6.53	909.00
	2982.40	0.00	6.54	906.00
	2982.41	0.00	6.53	911.00
	2982.42	0.00	6.52	912.00
	2982.43	0.00	6.55	914.00
	2982.44	0.00	6.55	913.00
	2982.45	0.00	6.55	910.00
	2982.47	0.00	6.55	914.00
	2982.48	0.00	6.54	915.00
	2982.49	0.00	6.55	915.00
	2982.50	0.00	6.50	915.00
	2982.51	0.00	6.50	915.00
	2982.52	0.00	6.52	909.00
	2982.53	0.00	6.53	909.00
	2982.55	0.00	6.52	909.00
	2982.56	0.00	6.53	910.00
	2982.57	0.00	6.53	911.00
	2982.58	0.00	6.54	909.00
	2982.59	0.00	6.50	915.00
	2982.60	0.00	6.49	915.00
	2982.62	0.00	6.41	909.00
	2982.63	0.00	6.42	907.00
	2982.64	0.00	6.47	888.00
	2982.65	0.00	6.49	880.00
	2982.66	0.00	6.50	880.00
	2982.67	0.00	6.51	882.00
	2982.68	0.00	6.85	933.00
	2982.70	0.00	6.87	937.00
	2982.71	0.00	6.50	882.00
	2982.72	0.00	6.50	881.00
	2982.73	0.00	6.48	881.00
	2982.74	0.00	6.47	881.00
	2982.75	0.00	6.46	880.00
	2982.77	0.00	6.47	878.00
	2982.78	0.00	6.46	881.00
	2982.79	0.00	6.46	881.00
	2982.80	0.00	6.53	884.00
	2982.81	0.00	6.56	881.00
	2982.82	0.00	6.49	905.00
	2982.84	0.00	6.49	907.00
	2982.85	0.00	6.48	908.00
	2982.86	0.00	6.49	908.00
	2982.87	0.00	6.48	909.00
	2982.88	0.00	6.48	907.00
	2982.89	0.00	6.50	904.00
	2982.90	0.00	6.02	853.00
	2982.92	0.00	6.59	907.00
	2982.93	0.00	6.59	904.00
	2982.94	0.00	6.62	900.00
	2982.95	0.00	6.55	925.00
	2982.96	0.00	6.54	925.00
	2982.97	0.00	6.51	924.00
	2982.99	0.00	6.53	926.00
	2983.00	0.00	6.55	918.00
	2983.01	0.00	6.52	924.00
	2983.02	0.00	6.51	922.00
	2983.03	0.00	6.56	926.00
	2983.04	0.00	6.56	923.00
	2983.06	0.00	6.57	924.00
	2983.07	0.00	6.54	926.00
	2983.08	0.00	6.53	925.00
	2983.09	0.00	6.51	924.00
	2983.10	0.00	6.52	924.00
	2983.11	0.00	6.53	920.00
	2983.12	0.00	6.53	916.00
	2983.14	0.00	6.54	922.00
	2983.15	0.00	6.53	921.00
	2983.16	0.00	6.54	918.00
	2983.17	0.00	6.50	922.00
	2983.18	0.00	6.50	919.00
	2983.19	0.00	6.43	912.00
	2983.20	0.00	6.44	907.00
	2983.22	0.00	6.50	884.00
	2983.23	0.00	6.51	884.00
	2983.24	0.00	6.87	936.00
	2983.25	0.00	6.89	940.00
	2983.26	0.00	6.90	941.00
	2983.27	0.00	6.53	887.00
	2983.29	0.00	6.53	888.00
	2983.30	0.00	6.51	886.00
	2983.31	0.00	6.03	830.00
	2983.32	0.00	6.01	832.00
	2983.33	0.00	6.02	833.00
	2983.34	0.00	6.02	833.00
	2983.36	0.00	6.02	829.00
	2983.37	0.00	6.09	832.00
	2983.38	0.00	6.10	827.00
	2983.39	0.00	6.04	851.00
	2983.40	0.00	6.05	850.00
	2983.41	0.00	6.04	849.00
	2983.42	0.00	6.01	848.00
	2983.44	0.00	6.05	844.00
	2983.45	0.00	6.07	843.00
	2983.46	0.00	6.05	842.00
	2983.47	0.00	6.62	896.00
	2983.48	0.00	6.62	891.00
	2983.49	0.00	6.56	915.00
	2983.50	0.00	6.56	917.00
	2983.52	0.00	6.56	917.00
	2983.53	0.00	6.56	916.00
	2983.54	0.00	6.56	915.00
	2983.55	0.00	6.55	919.00
	2983.56	0.00	6.54	918.00
	2983.57	0.00	6.57	920.00
	2983.59	0.00	6.56	919.00
	2983.60	0.00	6.57	921.00
	2983.61	0.00	6.56	922.00
	2983.62	0.00	6.54	922.00
	2983.63	0.00	6.54	921.00
	2983.64	0.00	6.54	920.00
	2983.66	0.00	6.56	916.00
	2983.67	0.00	6.58	916.00
	2983.68	0.00	6.58	916.00
	2983.69	0.00	6.57	916.00
	2983.70	0.00	6.59	916.00
	2983.71	0.00	6.56	921.00
	2983.73	0.00	6.54	919.00
	2983.74	0.00	6.48	915.00
	2983.75	0.00	6.47	914.00
	2983.76	0.00	6.49	913.00
	2983.77	0.00	6.56	888.00
	2983.78	0.00	6.56	888.00
	2983.79	0.00	6.91	938.00
	2983.81	0.00	6.94	941.00
	2983.82	0.00	6.55	884.00
	2983.83	0.00	6.55	883.00
	2983.84	0.00	6.56	884.00
	2983.85	0.00	6.05	832.00
	2983.86	0.00	6.05	832.00
	2983.88	0.00	6.05	832.00
	2983.89	0.00	6.06	833.00
	2983.90	0.00	6.07	832.00
	2983.91	0.00	6.13	835.00
	2983.92	0.00	6.13	831.00
	2983.93	0.00	6.10	852.00
	2983.94	0.00	6.08	857.00
	2983.96	0.00	6.08	859.00
	2983.97	0.00	6.07	859.00
	2983.98	0.00	6.08	859.00
	2983.99	0.00	6.10	853.00
	2984.00	0.00	6.09	853.00
	2984.01	0.00	6.62	903.00
	2984.03	0.00	6.65	904.00
	2984.04	0.00	6.67	900.00
	2984.05	0.00	6.67	901.00
	2984.06	0.00	6.62	927.00
	2984.07	0.00	6.60	925.00
	2984.08	0.00	6.59	925.00
	2984.09	0.00	6.60	921.00
	2984.11	0.00	6.60	923.00
	2984.12	0.00	6.59	922.00
	2984.13	0.00	6.60	921.00
	2984.14	0.00	6.63	921.00
	2984.15	0.00	6.62	917.00
	2984.16	0.00	6.61	920.00
	2984.18	0.00	6.63	920.00
	2984.19	0.00	6.57	918.00
	2984.20	0.00	6.58	917.00
	2984.21	0.00	6.57	911.00
	2984.22	0.00	6.59	911.00
	2984.23	0.00	6.59	908.00
	2984.25	0.00	6.60	909.00
	2984.26	0.00	6.61	910.00
	2984.27	0.00	6.60	907.00
	2984.28	0.00	6.58	914.00
	2984.29	0.00	6.58	916.00
	2984.30	0.00	6.55	914.00
	2984.31	0.00	6.51	910.00
	2984.33	0.00	6.47	908.00
	2984.34	0.00	6.54	882.00
	2984.35	0.00	6.55	880.00
	2984.36	0.00	6.56	881.00
	2984.37	0.00	6.95	940.00
	2984.38	0.00	6.59	882.00
	2984.39	0.00	6.59	882.00
	2984.41	0.00	6.58	880.00
	2984.42	0.00	6.07	829.00
	2984.43	0.00	6.07	828.00
	2984.44	0.00	6.06	830.00
	2984.45	0.00	6.06	830.00
	2984.46	0.00	6.07	827.00
	2984.48	0.00	6.13	833.00
	2984.49	0.00	6.15	831.00
	2984.50	0.00	6.14	833.00
	2984.51	0.00	6.58	905.00
	2984.52	0.00	6.58	905.00
	2984.53	0.00	6.09	855.00
	2984.55	0.00	6.09	856.00
	2984.56	0.00	6.09	854.00
	2984.57	0.00	6.10	853.00
	2984.58	0.00	6.09	850.00
	2984.59	0.00	6.68	903.00
	2984.60	0.00	6.69	897.00
	2984.61	0.00	6.63	923.00
	2984.63	0.00	6.64	921.00
	2984.64	0.00	6.63	920.00
	2984.65	0.00	6.63	917.00
	2984.66	0.00	6.62	916.00
	2984.67	0.00	6.66	905.00
	2984.68	0.00	6.63	914.00
	2984.69	0.00	6.64	913.00
	2984.71	0.00	6.67	914.00
	2984.72	0.00	6.67	913.00
	2984.73	0.00	6.67	914.00
	2984.74	0.00	6.67	915.00
	2984.75	0.00	6.67	913.00
	2984.76	0.00	6.63	911.00
	2984.78	0.00	6.63	911.00
	2984.79	0.00	6.64	904.00
	2984.80	0.00	6.64	903.00
	2984.81	0.00	6.64	902.00
	2984.82	0.00	6.64	901.00
	2984.83	0.00	6.65	901.00
	2984.85	0.00	6.67	902.00
	2984.86	0.00	6.67	896.00
	2984.87	0.00	6.63	903.00
	2984.88	0.00	6.59	902.00
	2984.89	0.00	6.54	896.00
	2984.90	0.00	6.58	887.00
	2984.91	0.00	6.64	867.00
	2984.93	0.00	6.98	917.00
	2984.94	0.00	6.99	918.00
	2984.95	0.00	7.00	923.00
	2984.96	0.00	7.03	928.00
	2984.97	0.00	6.64	872.00
	2984.98	0.00	6.64	871.00
	2985.00	0.00	6.64	875.00
	2985.01	0.00	6.61	872.00
	2985.02	0.00	6.60	873.00
	2985.03	0.00	6.59	871.00
	2985.04	0.00	6.59	874.00
	2985.05	0.00	6.60	875.00
	2985.07	0.00	6.63	877.00
	2985.08	0.00	6.66	879.00
	2985.09	0.00	6.66	880.00
	2985.10	0.00	6.60	908.00
	2985.11	0.00	6.58	911.00
	2985.12	0.00	6.58	916.00
	2985.14	0.00	6.58	920.00
	2985.15	0.00	6.57	924.00
	2985.16	0.00	6.45	924.00
	2985.17	0.00	6.54	923.00
	2985.18	0.00	6.58	923.00
	2985.19	0.00	6.67	930.00
	2985.20	0.00	6.66	930.00
	2985.22	0.00	6.67	929.00
	2985.23	0.00	6.65	936.00
	2985.24	0.00	6.59	953.00
	2985.25	0.00	6.57	953.00
	2985.26	0.00	6.56	955.00
	2985.27	0.00	6.58	952.00
	2985.28	0.00	6.55	956.00
	2985.30	0.00	6.54	955.00
	2985.31	0.00	6.57	957.00
	2985.32	0.00	6.56	957.00
	2985.33	0.00	6.57	955.00
	2985.34	0.00	6.54	959.00
	2985.35	0.00	6.55	962.00
	2985.37	0.00	6.52	959.00
	2985.38	0.00	6.50	959.00
	2985.39	0.00	6.50	956.00
	2985.40	0.00	6.50	952.00
	2985.41	0.00	6.49	951.00
	2985.42	0.00	6.50	953.00
	2985.44	0.00	6.51	955.00
	2985.45	0.00	6.50	952.00
	2985.46	0.00	6.47	959.00
	2985.47	0.00	6.47	959.00
	2985.48	0.00	6.39	951.00
	2985.49	0.00	6.40	952.00
	2985.50	0.00	6.40	948.00
	2985.52	0.00	6.46	921.00
	2985.53	0.00	6.80	970.00
	2985.54	0.00	6.81	972.00
	2985.55	0.00	6.85	978.00
	2985.56	0.00	6.47	921.00
	2985.57	0.00	6.47	919.00
	2985.59	0.00	5.98	868.00
	2985.60	0.00	5.99	867.00
	2985.61	0.00	5.99	868.00
	2985.62	0.00	5.99	868.00
	2985.63	0.00	6.00	867.00
	2985.64	0.00	6.06	868.00
	2985.65	0.00	6.07	863.00
	2985.67	0.00	6.02	889.00
	2985.68	0.00	6.01	890.00
	2985.69	0.00	6.02	888.00
	2985.70	0.00	6.00	890.00
	2985.71	0.00	6.03	881.00
	2985.72	0.00	6.03	884.00
	2985.74	0.00	6.06	882.00
	2985.75	0.00	6.11	884.00
	2985.76	0.00	6.06	905.00
	2985.77	0.00	6.06	906.00
	2985.78	0.00	6.04	908.00
	2985.79	0.00	6.05	904.00
	2985.80	0.00	6.04	909.00
	2985.82	0.00	6.04	908.00
	2985.83	0.00	6.04	906.00
	2985.84	0.00	6.85	1006.00
	2985.85	0.00	6.51	959.00
	2985.86	0.00	6.50	957.00
	2985.87	0.00	6.46	954.00
	2985.89	0.00	6.79	1003.00
	2985.90	0.00	6.47	948.00
	2985.91	0.00	6.48	947.00
	2985.92	0.00	6.48	946.00
	2985.93	0.00	6.82	996.00
	2985.94	0.00	6.83	998.00
	2985.96	0.00	6.48	951.00
	2985.97	0.00	6.47	950.00
	2985.98	0.00	6.38	943.00
	2985.99	0.00	6.39	942.00
	2986.00	0.00	6.44	921.00
	2986.01	0.00	6.82	961.00
	2986.02	0.00	6.81	961.00
	2986.04	0.00	6.86	965.00
	2986.05	0.00	6.86	967.00
	2986.06	0.00	6.48	910.00
	2986.07	0.00	6.48	907.00
	2986.08	0.00	5.99	856.00
	2986.09	0.00	6.00	854.00
	2986.10	0.00	6.01	858.00
	2986.12	0.00	6.01	856.00
	2986.13	0.00	6.07	860.00
	2986.14	0.00	6.09	854.00
	2986.15	0.00	6.04	877.00
	2986.16	0.00	6.04	876.00
	2986.17	0.00	6.03	876.00
	2986.19	0.00	6.03	876.00
	2986.20	0.00	6.03	876.00
	2986.21	0.00	6.05	870.00
	2986.22	0.00	6.05	868.00
	2986.23	0.00	6.14	870.00
	2986.25	0.00	6.15	863.00
	2986.26	0.00	6.09	888.00
	2986.27	0.00	6.08	887.00
	2986.28	0.00	6.07	886.00
	2986.29	0.00	6.09	879.00
	2986.30	0.00	6.08	883.00
	2986.31	0.00	6.08	881.00
	2986.32	0.00	6.57	930.00
	2986.34	0.00	6.57	927.00
	2986.35	0.00	6.58	926.00
	2986.36	0.00	6.57	927.00
	2986.37	0.00	6.53	921.00
	2986.38	0.00	6.53	922.00
	2986.39	0.00	6.54	917.00
	2986.40	0.00	6.53	918.00
	2986.42	0.00	6.52	919.00
	2986.43	0.00	6.54	923.00
	2986.44	0.00	6.88	973.00
	2986.45	0.00	6.51	932.00
	2986.46	0.00	6.51	935.00
	2986.47	0.00	6.43	932.00
	2986.49	0.00	6.44	930.00
	2986.50	0.00	6.47	919.00
	2986.51	0.00	6.85	956.00
	2986.52	0.00	6.87	956.00
	2986.53	0.00	6.89	958.00
	2986.54	0.00	6.91	958.00
	2986.56	0.00	6.53	896.00
	2986.57	0.00	6.53	895.00
	2986.58	0.00	6.52	892.00
	2986.59	0.00	6.02	841.00
	2986.60	0.00	6.04	833.00
	2986.61	0.00	6.03	841.00
	2986.63	0.00	6.03	840.00
	2986.64	0.00	6.10	845.00
	2986.65	0.00	6.10	843.00
	2986.66	0.00	6.05	869.00
	2986.67	0.00	6.05	868.00
	2986.68	0.00	6.03	867.00
	2986.69	0.00	6.52	917.00
	2986.71	0.00	6.04	865.00
	2986.72	0.00	6.06	862.00
	2986.73	0.00	6.07	859.00
	2986.74	0.00	6.63	913.00
	2986.75	0.00	6.66	902.00
	2986.76	0.00	6.58	934.00
	2986.77	0.00	6.58	933.00
	2986.79	0.00	6.55	931.00
	2986.80	0.00	6.56	933.00
	2986.81	0.00	6.58	925.00
	2986.82	0.00	6.89	983.00
	2986.83	0.00	6.90	985.00
	2986.84	0.00	6.90	984.00
	2986.86	0.00	6.90	985.00
	2986.87	0.00	6.90	985.00
	2986.88	0.00	6.91	987.00
	2986.89	0.00	6.88	986.00
	2986.90	0.00	6.86	985.00
	2986.91	0.00	6.54	931.00
	2986.93	0.00	6.88	980.00
	2986.94	0.00	6.88	980.00
	2986.95	0.00	6.90	982.00
	2986.96	0.00	6.55	932.00
	2986.97	0.00	6.54	932.00
	2986.98	0.00	6.55	930.00
	2987.00	0.00	6.47	927.00
	2987.01	0.00	6.47	923.00
	2987.02	0.00	6.88	946.00
	2987.03	0.00	6.88	944.00
	2987.04	0.00	6.92	950.00
	2987.05	0.00	6.95	955.00
	2987.06	0.00	6.55	895.00
	2987.07	0.00	6.54	893.00
	2987.09	0.00	6.52	888.00
	2987.10	0.00	6.53	887.00
	2987.11	0.00	6.54	884.00
	2987.12	0.00	6.54	884.00
	2987.13	0.00	6.55	882.00
	2987.14	0.00	6.61	884.00
	2987.16	0.00	6.63	878.00
	2987.17	0.00	6.61	884.00
	2987.18	0.00	6.57	900.00
	2987.19	0.00	6.57	898.00
	2987.20	0.00	6.57	899.00
	2987.21	0.00	6.57	899.00
	2987.23	0.00	6.58	892.00
	2987.24	0.00	6.59	893.00
	2987.25	0.00	6.64	893.00
	2987.26	0.00	6.69	895.00
	2987.27	0.00	6.71	891.00
	2987.28	0.00	6.64	919.00
	2987.29	0.00	6.63	919.00
	2987.31	0.00	6.61	918.00
	2987.32	0.00	6.61	921.00
	2987.33	0.00	6.61	916.00
	2987.34	0.00	6.93	972.00
	2987.35	0.00	6.93	973.00
	2987.36	0.00	6.93	973.00
	2987.38	0.00	6.95	975.00
	2987.39	0.00	6.61	927.00
	2987.40	0.00	6.93	979.00
	2987.41	0.00	6.90	977.00
	2987.42	0.00	6.56	927.00
	2987.43	0.00	6.90	974.00
	2987.44	0.00	6.91	973.00
	2987.46	0.00	6.91	973.00
	2987.47	0.00	6.90	973.00
	2987.48	0.00	6.93	976.00
	2987.49	0.00	6.57	926.00
	2987.50	0.00	6.54	926.00
	2987.51	0.00	6.48	921.00
	2987.53	0.00	6.49	917.00
	2987.54	0.00	6.88	941.00
	2987.55	0.00	6.88	940.00
	2987.56	0.00	6.90	946.00
	2987.57	0.00	6.90	948.00
	2987.58	0.00	6.93	954.00
	2987.59	0.00	6.53	895.00
	2987.61	0.00	6.54	895.00
	2987.62	0.00	6.02	844.00
	2987.63	0.00	6.02	843.00
	2987.64	0.00	6.02	843.00
	2987.65	0.00	6.52	892.00
	2987.66	0.00	6.08	848.00
	2987.68	0.00	6.09	844.00
	2987.69	0.00	6.11	842.00
	2987.70	0.00	6.05	866.00
	2987.71	0.00	6.05	867.00
	2987.72	0.00	6.06	861.00
	2987.73	0.00	6.04	866.00
	2987.75	0.00	6.06	862.00
	2987.76	0.00	6.07	859.00
	2987.77	0.00	6.63	914.00
	2987.78	0.00	6.63	912.00
	2987.79	0.00	6.64	910.00
	2987.80	0.00	6.59	932.00
	2987.81	0.00	6.55	931.00
	2987.83	0.00	6.56	930.00
	2987.84	0.00	6.94	970.00
	2987.85	0.00	6.91	981.00
	2987.86	0.00	6.91	979.00
	2987.87	0.00	6.91	982.00
	2987.88	0.00	6.92	984.00
	2987.89	0.00	6.59	934.00
	2987.91	0.00	6.92	986.00
	2987.92	0.00	6.87	984.00
	2987.93	0.00	6.87	984.00
	2987.94	0.00	6.87	981.00
	2987.95	0.00	6.90	981.00
	2987.96	0.00	6.92	977.00
	2987.98	0.00	6.91	982.00
	2987.99	0.00	6.92	982.00
	2988.00	0.00	6.90	979.00
	2988.01	0.00	6.87	981.00
	2988.02	0.00	6.82	980.00
	2988.03	0.00	6.45	925.00
	2988.05	0.00	6.47	920.00
	2988.06	0.00	6.89	948.00
	2988.07	0.00	6.90	950.00
	2988.08	0.00	6.91	952.00
	2988.09	0.00	6.95	959.00
	2988.10	0.00	6.55	900.00
	2988.11	0.00	6.54	899.00
	2988.13	0.00	6.50	897.00
	2988.14	0.00	6.52	895.00
	2988.15	0.00	6.51	899.00
	2988.16	0.00	6.01	848.00
	2988.17	0.00	6.02	847.00
	2988.18	0.00	6.56	900.00
	2988.20	0.00	6.59	892.00
	2988.21	0.00	6.58	900.00
	2988.22	0.00	6.52	921.00
	2988.23	0.00	6.52	921.00
	2988.24	0.00	6.52	923.00
	2988.25	0.00	6.04	871.00
	2988.26	0.00	6.51	920.00
	2988.28	0.00	6.53	917.00
	2988.29	0.00	6.07	865.00
	2988.30	0.00	6.61	915.00
	2988.31	0.00	6.98	964.00
	2988.32	0.00	6.62	923.00
	2988.33	0.00	6.59	937.00
	2988.35	0.00	6.56	934.00
	2988.36	0.00	6.57	937.00
	2988.37	0.00	6.57	936.00
	2988.38	0.00	6.59	931.00
	2988.39	0.00	6.91	990.00
	2988.40	0.00	6.90	990.00
	2988.42	0.00	6.94	993.00
	2988.43	0.00	6.58	942.00
	2988.44	0.00	6.93	992.00
	2988.45	0.00	6.93	993.00
	2988.46	0.00	6.88	992.00
	2988.47	0.00	6.54	940.00
	2988.48	0.00	6.88	992.00
	2988.50	0.00	6.89	989.00
	2988.51	0.00	6.91	991.00
	2988.52	0.00	6.90	994.00
	2988.53	0.00	6.89	986.00
	2988.54	0.00	6.88	992.00
	2988.55	0.00	6.86	992.00
	2988.57	0.00	6.85	993.00
	2988.58	0.00	6.80	986.00
	2988.59	0.00	6.47	930.00
	2988.60	0.00	6.90	962.00
	2988.61	0.00	6.91	963.00
	2988.62	0.00	6.92	969.00
	2988.63	0.00	6.93	968.00
	2988.65	0.00	6.53	911.00
	2988.66	0.00	6.53	910.00
	2988.67	0.00	6.52	909.00
	2988.68	0.00	6.50	906.00
	2988.69	0.00	6.50	906.00
	2988.70	0.00	6.49	908.00
	2988.72	0.00	6.54	909.00
	2988.73	0.00	6.56	910.00
	2988.74	0.00	6.57	908.00
	2988.75	0.00	6.51	928.00
	2988.76	0.00	6.52	929.00
	2988.77	0.00	6.51	933.00
	2988.78	0.00	6.50	932.00
	2988.80	0.00	6.50	931.00
	2988.81	0.00	6.51	927.00
	2988.82	0.00	6.05	876.00
	2988.83	0.00	6.93	978.00
	2988.84	0.00	6.95	975.00
	2988.85	0.00	6.55	945.00
	2988.87	0.00	6.56	950.00
	2988.88	0.00	6.55	948.00
	2988.89	0.00	6.52	948.00
	2988.90	0.00	6.55	941.00
	2988.91	0.00	6.88	1004.00
	2988.92	0.00	6.87	1001.00
	2988.94	0.00	6.90	1004.00
	2988.95	0.00	6.92	1005.00
	2988.96	0.00	6.90	1000.00
	2988.97	0.00	6.89	1005.00
	2988.98	0.00	6.90	1004.00
	2988.99	0.00	6.85	1004.00
	2989.00	0.00	6.84	1004.00
	2989.02	0.00	6.85	999.00
	2989.03	0.00	6.87	998.00
	2989.04	0.00	6.87	998.00
	2989.05	0.00	6.87	999.00
	2989.06	0.00	6.89	1002.00
	2989.07	0.00	6.86	999.00
	2989.09	0.00	6.85	1001.00
	2989.10	0.00	6.82	1001.00
	2989.11	0.00	6.77	993.00
	2989.12	0.00	6.79	980.00
	2989.13	0.00	6.87	966.00
	2989.14	0.00	6.90	967.00
	2989.15	0.00	6.89	969.00
	2989.17	0.00	6.94	975.00
	2989.18	0.00	6.52	911.00
	2989.19	0.00	6.52	910.00
	2989.20	0.00	6.49	906.00
	2989.21	0.00	6.50	903.00
	2989.22	0.00	6.49	904.00
	2989.24	0.00	6.51	902.00
	2989.25	0.00	6.50	901.00
	2989.26	0.00	6.58	906.00
	2989.27	0.00	6.60	903.00
	2989.28	0.00	6.53	927.00
	2989.29	0.00	6.53	927.00
	2989.30	0.00	6.53	927.00
	2989.32	0.00	6.52	925.00
	2989.33	0.00	6.51	924.00
	2989.34	0.00	6.52	923.00
	2989.35	0.00	6.06	868.00
	2989.36	0.00	6.43	917.00
	2989.37	0.00	6.98	975.00
	2989.39	0.00	6.97	968.00
	2989.40	0.00	6.56	942.00
	2989.41	0.00	6.57	942.00
	2989.42	0.00	6.56	941.00
	2989.43	0.00	6.54	938.00
	2989.44	0.00	6.89	996.00
	2989.46	0.00	6.90	996.00
	2989.47	0.00	6.91	997.00
	2989.48	0.00	6.92	999.00
	2989.49	0.00	6.57	946.00
	2989.50	0.00	6.92	999.00
	2989.51	0.00	6.92	998.00
	2989.52	0.00	6.82	996.00
	2989.54	0.00	6.88	996.00
	2989.55	0.00	6.88	991.00
	2989.56	0.00	6.90	991.00
	2989.57	0.00	6.90	990.00
	2989.58	0.00	6.91	994.00
	2989.59	0.00	6.88	991.00
	2989.60	0.00	6.86	993.00
	2989.62	0.00	6.85	992.00
	2989.63	0.00	6.80	988.00
	2989.64	0.00	6.79	986.00
	2989.65	0.00	6.89	961.00
	2989.66	0.00	6.91	962.00
	2989.67	0.00	6.92	965.00
	2989.69	0.00	6.95	969.00
	2989.70	0.00	6.53	907.00
	2989.71	0.00	6.53	905.00
	2989.72	0.00	6.49	904.00
	2989.73	0.00	6.50	902.00
	2989.75	0.00	6.50	903.00
	2989.76	0.00	6.51	904.00
	2989.77	0.00	6.50	902.00
	2989.78	0.00	6.56	906.00
	2989.79	0.00	6.58	901.00
	2989.80	0.00	6.51	927.00
	2989.81	0.00	6.52	927.00
	2989.83	0.00	6.51	927.00
	2989.84	0.00	6.51	925.00
	2989.85	0.00	6.51	925.00
	2989.86	0.00	6.87	967.00
	2989.87	0.00	6.38	920.00
	2989.88	0.00	6.92	969.00
	2989.89	0.00	6.98	973.00
	2989.91	0.00	6.99	969.00
	2989.92	0.00	6.56	944.00
	2989.93	0.00	6.57	944.00
	2989.94	0.00	6.57	944.00
	2989.95	0.00	6.55	943.00
	2989.96	0.00	6.91	999.00
	2989.97	0.00	6.91	999.00
	2989.99	0.00	6.93	1000.00
	2990.00	0.00	6.93	1000.00
	2990.01	0.00	6.56	948.00
	2990.02	0.00	6.92	1004.00
	2990.03	0.00	6.90	1003.00
	2990.04	0.00	6.88	1004.00
	2990.06	0.00	6.88	1000.00
	2990.07	0.00	6.87	1001.00
	2990.08	0.00	6.88	999.00
	2990.09	0.00	6.89	1001.00
	2990.10	0.00	6.90	1002.00
	2990.11	0.00	6.90	1003.00
	2990.13	0.00	6.91	1002.00
	2990.14	0.00	6.88	999.00
	2990.15	0.00	6.84	1003.00
	2990.16	0.00	6.85	1006.00
	2990.17	0.00	6.79	1000.00
	2990.18	0.00	6.77	999.00
	2990.19	0.00	6.87	974.00
	2990.21	0.00	6.89	974.00
	2990.22	0.00	6.91	979.00
	2990.23	0.00	6.92	980.00
	2990.24	0.00	6.92	983.00
	2990.25	0.00	6.85	971.00
	2990.26	0.00	6.52	918.00
	2990.28	0.00	6.49	916.00
	2990.29	0.00	6.49	914.00
	2990.30	0.00	6.47	916.00
	2990.31	0.00	6.49	914.00
	2990.32	0.00	6.49	914.00
	2990.33	0.00	6.49	914.00
	2990.35	0.00	6.55	917.00
	2990.36	0.00	6.57	913.00
	2990.37	0.00	6.51	937.00
	2990.38	0.00	6.50	938.00
	2990.39	0.00	6.50	936.00
	2990.40	0.00	6.49	936.00
	2990.41	0.00	6.50	933.00
	2990.43	0.00	6.51	931.00
	2990.44	0.00	6.84	981.00
	2990.45	0.00	6.86	977.00
	2990.46	0.00	6.96	983.00
	2990.47	0.00	6.98	978.00
	2990.48	0.00	6.90	1001.00
	2990.50	0.00	6.89	1002.00
	2990.51	0.00	6.57	950.00
	2990.52	0.00	6.53	949.00
	2990.53	0.00	6.55	949.00
	2990.54	0.00	6.93	1006.00
	2990.55	0.00	6.91	1007.00
	2990.57	0.00	6.90	1007.00
	2990.58	0.00	6.92	1010.00
	2990.59	0.00	6.90	1006.00
	2990.60	0.00	6.56	956.00
	2990.61	0.00	6.91	1011.00
	2990.62	0.00	6.91	1012.00
	2990.64	0.00	6.86	1012.00
	2990.65	0.00	6.84	1012.00
	2990.66	0.00	6.85	1010.00
	2990.67	0.00	6.86	1007.00
	2990.68	0.00	6.87	1010.00
	2990.69	0.00	6.87	1008.00
	2990.70	0.00	6.87	1009.00
	2990.72	0.00	6.87	1009.00
	2990.73	0.00	6.88	1008.00
	2990.74	0.00	6.84	1010.00
	2990.75	0.00	6.84	1010.00
	2990.76	0.00	6.79	1007.00
	2990.77	0.00	6.76	1001.00
	2990.79	0.00	6.76	997.00
	2990.80	0.00	6.85	974.00
	2990.81	0.00	6.86	975.00
	2990.82	0.00	6.88	977.00
	2990.83	0.00	6.90	981.00
	2990.84	0.00	6.88	975.00
	2990.85	0.00	6.49	919.00
	2990.87	0.00	5.98	866.00
	2990.88	0.00	6.46	917.00
	2990.89	0.00	6.47	915.00
	2990.90	0.00	6.47	917.00
	2990.91	0.00	6.46	918.00
	2990.92	0.00	6.06	869.00
	2990.94	0.00	6.54	916.00
	2990.95	0.00	6.48	940.00
	2990.96	0.00	6.49	941.00
	2990.97	0.00	6.01	891.00
	2990.98	0.00	6.01	890.00
	2990.99	0.00	6.00	891.00
	2991.00	0.00	6.49	936.00
	2991.02	0.00	6.40	936.00
	2991.03	0.00	6.92	991.00
	2991.04	0.00	6.95	988.00
	2991.05	0.00	6.85	1008.00
	2991.06	0.00	6.86	1009.00
	2991.07	0.00	6.52	956.00
	2991.09	0.00	6.52	957.00
	2991.10	0.00	6.52	954.00
	2991.11	0.00	6.88	1001.00
	2991.12	0.00	6.89	1016.00
	2991.13	0.00	6.88	1014.00
	2991.14	0.00	6.90	1017.00
	2991.16	0.00	6.90	1016.00
	2991.17	0.00	6.90	1016.00
	2991.18	0.00	6.90	1020.00
	2991.19	0.00	6.88	1018.00
	2991.20	0.00	6.88	1018.00
	2991.21	0.00	6.85	1019.00
	2991.22	0.00	6.85	1018.00
	2991.24	0.00	6.87	1013.00
	2991.25	0.00	6.88	1015.00
	2991.26	0.00	6.87	1013.00
	2991.27	0.00	6.88	1014.00
	2991.28	0.00	6.86	1014.00
	2991.29	0.00	6.88	1014.00
	2991.31	0.00	6.89	1013.00
	2991.32	0.00	6.86	1015.00
	2991.33	0.00	6.85	1015.00
	2991.34	0.00	6.84	1013.00
	2991.35	0.00	6.76	1010.00
	2991.36	0.00	6.77	1007.00
	2991.38	0.00	6.83	993.00
	2991.39	0.00	6.86	982.00
	2991.40	0.00	6.88	983.00
	2991.41	0.00	6.89	985.00
	2991.42	0.00	6.92	989.00
	2991.43	0.00	6.87	983.00
	2991.45	0.00	6.50	925.00
	2991.46	0.00	6.48	923.00
	2991.47	0.00	6.47	921.00
	2991.48	0.00	6.47	919.00
	2991.49	0.00	6.47	921.00
	2991.50	0.00	6.46	921.00
	2991.51	0.00	6.50	920.00
	2991.53	0.00	6.55	918.00
	2991.54	0.00	6.50	923.00
	2991.55	0.00	6.47	943.00
	2991.56	0.00	6.47	943.00
	2991.57	0.00	6.46	941.00
	2991.58	0.00	6.47	942.00
	2991.60	0.00	6.48	938.00
	2991.61	0.00	6.83	988.00
	2991.62	0.00	6.87	987.00
	2991.63	0.00	6.95	992.00
	2991.64	0.00	6.98	986.00
	2991.65	0.00	6.89	1009.00
	2991.66	0.00	6.89	1008.00
	2991.68	0.00	6.88	1010.00
	2991.69	0.00	6.86	1006.00
	2991.70	0.00	6.54	958.00
	2991.71	0.00	6.54	958.00
	2991.72	0.00	6.89	1016.00
	2991.73	0.00	6.89	1015.00
	2991.75	0.00	6.90	1015.00
	2991.76	0.00	6.88	1014.00
	2991.77	0.00	6.91	1017.00
	2991.78	0.00	6.91	1015.00
	2991.79	0.00	6.90	1017.00
	2991.80	0.00	6.91	1019.00
	2991.82	0.00	6.89	1018.00
	2991.83	0.00	6.86	1017.00
	2991.84	0.00	6.86	1016.00
	2991.85	0.00	6.85	1013.00
	2991.86	0.00	6.87	1011.00
	2991.87	0.00	6.87	1013.00
	2991.89	0.00	6.87	1013.00
	2991.90	0.00	6.89	1012.00
	2991.91	0.00	6.88	1014.00
	2991.92	0.00	6.90	1013.00
	2991.93	0.00	6.89	1011.00
	2991.94	0.00	6.86	1016.00
	2991.95	0.00	6.85	1015.00
	2991.97	0.00	6.84	1014.00
	2991.98	0.00	6.77	1009.00
	2991.99	0.00	6.76	1002.00
	2992.00	0.00	6.85	983.00
	2992.01	0.00	6.87	980.00
	2992.02	0.00	6.88	983.00
	2992.04	0.00	6.92	987.00
	2992.05	0.00	6.49	923.00
	2992.06	0.00	6.49	922.00
	2992.07	0.00	6.50	922.00
	2992.08	0.00	6.47	920.00
	2992.09	0.00	6.46	919.00
	2992.10	0.00	6.46	921.00
	2992.12	0.00	6.47	918.00
	2992.13	0.00	6.54	922.00
	2992.14	0.00	6.55	920.00
	2992.15	0.00	6.49	940.00
	2992.16	0.00	6.49	940.00
	2992.17	0.00	6.49	940.00
	2992.19	0.00	6.48	940.00
	2992.20	0.00	6.48	939.00
	2992.21	0.00	6.50	936.00
	2992.22	0.00	6.85	984.00
	2992.23	0.00	6.87	986.00
	2992.24	0.00	6.95	988.00
	2992.26	0.00	6.97	987.00
	2992.27	0.00	6.95	983.00
	2992.28	0.00	6.90	1008.00
	2992.29	0.00	6.89	1006.00
	2992.30	0.00	6.54	957.00
	2992.31	0.00	6.54	954.00
	2992.32	0.00	6.91	1010.00
	2992.34	0.00	6.91	1013.00
	2992.35	0.00	6.90	1010.00
	2992.36	0.00	6.89	1011.00
	2992.37	0.00	6.91	1014.00
	2992.38	0.00	6.91	1011.00
	2992.39	0.00	6.91	1015.00
	2992.41	0.00	6.92	1015.00
	2992.42	0.00	6.90	1010.00
	2992.43	0.00	6.87	1014.00
	2992.44	0.00	6.86	1012.00
	2992.45	0.00	6.88	1012.00
	2992.46	0.00	6.88	1009.00
	2992.48	0.00	6.88	1008.00
	2992.49	0.00	6.89	1007.00
	2992.50	0.00	6.90	1009.00
	2992.51	0.00	6.89	1008.00
	2992.52	0.00	6.88	1007.00
	2992.53	0.00	6.86	1009.00
	2992.54	0.00	6.86	1009.00
	2992.56	0.00	6.87	1010.00
	2992.57	0.00	6.79	1005.00
	2992.58	0.00	6.79	1001.00
	2992.59	0.00	6.81	989.00
	2992.60	0.00	6.88	975.00
	2992.61	0.00	6.92	979.00
	2992.63	0.00	6.89	980.00
	2992.64	0.00	6.94	984.00
	2992.65	0.00	6.51	918.00
	2992.66	0.00	6.50	920.00
	2992.67	0.00	6.50	917.00
	2992.68	0.00	6.47	915.00
	2992.70	0.00	6.47	914.00
	2992.71	0.00	6.48	916.00
	2992.72	0.00	6.49	914.00
	2992.73	0.00	6.55	916.00
	2992.74	0.00	6.55	914.00
	2992.75	0.00	6.51	939.00
	2992.76	0.00	6.49	939.00
	2992.78	0.00	6.49	940.00
	2992.79	0.00	6.49	938.00
	2992.80	0.00	6.49	938.00
	2992.81	0.00	6.86	986.00
	2992.82	0.00	6.87	984.00
	2992.83	0.00	6.94	988.00
	2992.84	0.00	6.96	989.00
	2992.86	0.00	6.97	986.00
	2992.87	0.00	6.89	1007.00
	2992.88	0.00	6.90	1007.00
	2992.89	0.00	6.87	1005.00
	2992.90	0.00	6.53	954.00
	2992.91	0.00	6.54	954.00
	2992.93	0.00	6.55	950.00
	2992.94	0.00	6.90	1011.00
	2992.95	0.00	6.91	1011.00
	2992.96	0.00	6.93	1013.00
	2992.97	0.00	6.93	1012.00
	2992.98	0.00	6.93	1014.00
	2993.00	0.00	6.92	1013.00
	2993.01	0.00	6.89	1013.00
	2993.02	0.00	6.88	1013.00
	2993.03	0.00	6.88	1012.00
	2993.04	0.00	6.84	1010.00
	2993.05	0.00	6.86	1008.00
	2993.06	0.00	6.89	1009.00
	2993.08	0.00	6.89	1009.00
	2993.09	0.00	6.91	1011.00
	2993.10	0.00	6.92	1010.00
	2993.11	0.00	6.91	1007.00
	2993.12	0.00	6.91	1005.00
	2993.14	0.00	6.87	1013.00
	2993.15	0.00	6.86	1009.00
	2993.16	0.00	6.82	1006.00
	2993.17	0.00	6.79	1003.00
	2993.18	0.00	6.80	999.00
	2993.19	0.00	6.88	978.00
	2993.20	0.00	6.90	977.00
	2993.22	0.00	6.91	979.00
	2993.23	0.00	6.93	983.00
	2993.24	0.00	6.95	989.00
	2993.25	0.00	6.51	921.00
	2993.26	0.00	6.50	920.00
	2993.27	0.00	6.48	917.00
	2993.29	0.00	6.47	916.00
	2993.30	0.00	6.48	917.00
	2993.31	0.00	6.49	917.00
	2993.32	0.00	6.55	918.00
	2993.33	0.00	6.55	919.00
	2993.34	0.00	6.56	917.00
	2993.35	0.00	6.51	938.00
	2993.37	0.00	6.50	940.00
	2993.38	0.00	6.02	890.00
	2993.39	0.00	6.49	938.00
	2993.40	0.00	6.49	940.00
	2993.41	0.00	6.49	938.00
	2993.42	0.00	6.88	990.00
	2993.44	0.00	6.42	936.00
	2993.45	0.00	6.96	992.00
	2993.46	0.00	6.97	988.00
	2993.47	0.00	6.89	1008.00
	2993.48	0.00	6.91	1010.00
	2993.49	0.00	6.88	1007.00
	2993.51	0.00	6.85	1005.00
	2993.52	0.00	6.53	957.00
	2993.53	0.00	6.54	954.00
	2993.54	0.00	6.91	1017.00
	2993.55	0.00	6.82	1016.00
	2993.56	0.00	6.93	1018.00
	2993.57	0.00	6.92	1020.00
	2993.59	0.00	6.91	1015.00
	2993.60	0.00	6.92	1021.00
	2993.61	0.00	6.93	1020.00
	2993.62	0.00	6.94	1016.00
	2993.63	0.00	6.88	1020.00
	2993.64	0.00	6.87	1020.00
	2993.66	0.00	6.87	1016.00
	2993.67	0.00	6.88	1014.00
	2993.68	0.00	6.89	1015.00
	2993.69	0.00	6.89	1014.00
	2993.70	0.00	6.90	1014.00
	2993.71	0.00	6.90	1018.00
	2993.73	0.00	6.92	1011.00
	2993.74	0.00	6.86	1013.00
	2993.75	0.00	6.86	1017.00
	2993.76	0.00	6.87	1018.00
	2993.77	0.00	6.77	1011.00
	2993.78	0.00	6.78	1010.00
	2993.80	0.00	6.77	1008.00
	2993.81	0.00	6.79	998.00
	2993.82	0.00	6.87	982.00
	2993.83	0.00	6.89	985.00
	2993.84	0.00	6.91	988.00
	2993.85	0.00	6.92	990.00
	2993.86	0.00	6.49	924.00
	2993.88	0.00	6.49	922.00
	2993.89	0.00	6.48	922.00
	2993.90	0.00	6.45	920.00
	2993.91	0.00	5.98	868.00
	2993.92	0.00	6.45	919.00
	2993.93	0.00	6.46	920.00
	2993.94	0.00	6.54	921.00
	2993.96	0.00	6.55	918.00
	2993.97	0.00	6.50	943.00
	2993.98	0.00	6.48	942.00
	2993.99	0.00	5.99	892.00
	2994.00	0.00	6.02	892.00
	2994.01	0.00	6.49	941.00
	2994.03	0.00	6.41	939.00
	2994.04	0.00	6.43	939.00
	2994.05	0.00	6.96	992.00
	2994.06	0.00	6.98	987.00
	2994.07	0.00	6.90	1010.00
	2994.08	0.00	6.89	1008.00
	2994.10	0.00	6.86	1006.00
	2994.11	0.00	6.53	956.00
	2994.12	0.00	6.53	956.00
	2994.13	0.00	6.89	998.00
	2994.14	0.00	6.91	1016.00
	2994.15	0.00	6.89	1013.00
	2994.16	0.00	6.94	1016.00
	2994.18	0.00	6.93	1015.00
	2994.19	0.00	6.93	1018.00
	2994.20	0.00	6.93	1019.00
	2994.21	0.00	6.92	1018.00
	2994.22	0.00	6.89	1018.00
	2994.23	0.00	6.88	1018.00
	2994.25	0.00	6.88	1016.00
	2994.26	0.00	6.89	1013.00
	2994.27	0.00	6.90	1014.00
	2994.28	0.00	6.89	1013.00
	2994.29	0.00	6.89	1013.00
	2994.30	0.00	6.88	1010.00
	2994.32	0.00	6.92	1013.00
	2994.33	0.00	6.89	1013.00
	2994.34	0.00	6.88	1016.00
	2994.35	0.00	6.87	1016.00
	2994.36	0.00	6.80	1007.00
	2994.37	0.00	6.80	1008.00
	2994.38	0.00	6.80	1008.00
	2994.40	0.00	6.80	1004.00
	2994.41	0.00	6.90	984.00
	2994.42	0.00	6.90	979.00
	2994.43	0.00	6.93	984.00
	2994.44	0.00	6.96	989.00
	2994.45	0.00	6.93	985.00
	2994.47	0.00	6.51	921.00
	2994.48	0.00	6.52	919.00
	2994.49	0.00	6.50	919.00
	2994.50	0.00	6.48	918.00
	2994.51	0.00	6.49	915.00
	2994.52	0.00	6.49	917.00
	2994.54	0.00	6.48	916.00
	2994.55	0.00	6.55	920.00
	2994.56	0.00	6.56	916.00
	2994.57	0.00	6.54	924.00
	2994.58	0.00	6.51	940.00
	2994.59	0.00	6.50	940.00
	2994.61	0.00	6.49	939.00
	2994.62	0.00	6.50	938.00
	2994.63	0.00	6.88	987.00
	2994.64	0.00	6.90	987.00
	2994.65	0.00	6.94	988.00
	2994.66	0.00	6.99	991.00
	2994.67	0.00	6.97	986.00
	2994.68	0.00	6.88	1010.00
	2994.70	0.00	6.89	1009.00
	2994.71	0.00	6.90	1006.00
	2994.72	0.00	6.87	1004.00
	2994.73	0.00	6.55	952.00
	2994.74	0.00	6.95	1010.00
	2994.75	0.00	6.95	1012.00
	2994.77	0.00	6.94	1011.00
	2994.78	0.00	6.94	1011.00
	2994.79	0.00	6.96	1013.00
	2994.80	0.00	6.96	1011.00
	2994.81	0.00	6.92	1003.00
	2994.82	0.00	6.96	1012.00
	2994.84	0.00	6.95	1012.00
	2994.85	0.00	6.91	1011.00
	2994.86	0.00	6.91	1011.00
	2994.87	0.00	6.91	1007.00
	2994.88	0.00	6.95	999.00
	2994.89	0.00	6.93	1004.00
	2994.91	0.00	6.90	1003.00
	2994.92	0.00	6.95	1005.00
	2994.93	0.00	6.96	1004.00
	2994.94	0.00	6.95	1000.00
	2994.95	0.00	6.92	998.00
	2994.96	0.00	6.91	1004.00
	2994.98	0.00	6.91	1004.00
	2994.99	0.00	6.89	1003.00
	2995.00	0.00	6.84	998.00
	2995.01	0.00	6.82	990.00
	2995.02	0.00	6.94	972.00
	2995.03	0.00	6.95	971.00
	2995.04	0.00	6.97	974.00
	2995.06	0.00	6.97	976.00
	2995.07	0.00	6.98	978.00
	2995.08	0.00	6.53	912.00
	2995.09	0.00	6.54	911.00
	2995.10	0.00	6.50	908.00
	2995.11	0.00	6.51	907.00
	2995.13	0.00	6.51	908.00
	2995.14	0.00	6.51	908.00
	2995.15	0.00	6.51	907.00
	2995.16	0.00	6.51	907.00
	2995.17	0.00	6.59	910.00
	2995.18	0.00	6.59	906.00
	2995.19	0.00	6.51	930.00
	2995.21	0.00	6.54	932.00
	2995.22	0.00	6.46	930.00
	2995.23	0.00	6.48	929.00
	2995.24	0.00	6.89	975.00
	2995.25	0.00	6.90	981.00
	2995.26	0.00	6.88	977.00
	2995.28	0.00	6.91	977.00
	2995.29	0.00	7.00	984.00
	2995.30	0.00	7.02	977.00
	2995.31	0.00	6.94	1001.00
	2995.32	0.00	6.93	1000.00
	2995.33	0.00	6.91	998.00
	2995.35	0.00	6.56	946.00
	2995.36	0.00	6.57	945.00
	2995.37	0.00	6.58	940.00
	2995.38	0.00	6.94	1008.00
	2995.39	0.00	6.95	1008.00
	2995.40	0.00	6.97	1010.00
	2995.42	0.00	6.96	1010.00
	2995.43	0.00	6.95	1012.00
	2995.44	0.00	6.95	1010.00
	2995.45	0.00	6.95	1009.00
	2995.46	0.00	6.95	1010.00
	2995.47	0.00	6.95	1012.00
	2995.48	0.00	6.92	1011.00
	2995.50	0.00	6.90	1008.00
	2995.51	0.00	6.93	1006.00
	2995.52	0.00	6.94	1007.00
	2995.53	0.00	6.92	1004.00
	2995.54	0.00	6.92	1003.00
	2995.55	0.00	6.90	1002.00
	2995.57	0.00	6.95	1008.00
	2995.58	0.00	6.95	1007.00
	2995.59	0.00	6.94	1005.00
	2995.60	0.00	6.91	1008.00
	2995.61	0.00	6.89	1008.00
	2995.62	0.00	6.85	1003.00
	2995.64	0.00	6.84	1001.00
	2995.65	0.00	6.84	1001.00
	2995.66	0.00	6.81	995.00
	2995.67	0.00	6.93	975.00
	2995.68	0.00	6.94	975.00
	2995.69	0.00	6.95	977.00
	2995.70	0.00	6.99	983.00
	2995.72	0.00	6.97	979.00
	2995.73	0.00	6.53	915.00
	2995.74	0.00	6.55	915.00
	2995.75	0.00	6.53	914.00
	2995.76	0.00	6.51	914.00
	2995.77	0.00	6.52	911.00
	2995.79	0.00	6.52	913.00
	2995.80	0.00	6.82	961.00
	2995.81	0.00	6.57	913.00
	2995.82	0.00	6.57	910.00
	2995.83	0.00	6.51	935.00
	2995.84	0.00	6.54	935.00
	2995.86	0.00	6.54	933.00
	2995.87	0.00	6.52	935.00
	2995.88	0.00	6.52	935.00
	2995.89	0.00	6.91	985.00
	2995.90	0.00	6.86	980.00
	2995.91	0.00	6.93	982.00
	2995.92	0.00	7.02	988.00
	2995.94	0.00	7.01	985.00
	2995.95	0.00	7.03	982.00
	2995.96	0.00	6.94	1005.00
	2995.97	0.00	6.95	1004.00
	2995.98	0.00	6.90	1000.00
	2995.99	0.00	6.58	950.00
	2996.00	0.00	6.59	945.00
	2996.02	0.00	6.97	1010.00
	2996.03	0.00	6.96	1010.00
	2996.04	0.00	6.97	1012.00
	2996.05	0.00	6.99	1010.00
	2996.06	0.00	6.98	1012.00
	2996.07	0.00	6.97	1012.00
	2996.09	0.00	6.97	1015.00
	2996.10	0.00	6.94	1012.00
	2996.11	0.00	6.93	1014.00
	2996.12	0.00	6.93	1013.00
	2996.13	0.00	6.93	1014.00
	2996.14	0.00	6.94	1014.00
	2996.16	0.00	6.93	1006.00
	2996.17	0.00	6.94	1007.00
	2996.18	0.00	6.95	1008.00
	2996.19	0.00	6.96	1009.00
	2996.20	0.00	6.96	1007.00
	2996.21	0.00	6.97	1008.00
	2996.23	0.00	6.96	1005.00
	2996.24	0.00	6.94	1004.00
	2996.25	0.00	6.92	1009.00
	2996.26	0.00	6.91	1008.00
	2996.27	0.00	6.85	1003.00
	2996.28	0.00	6.83	999.00
	2996.29	0.00	6.86	985.00
	2996.31	0.00	6.94	973.00
	2996.32	0.00	6.95	975.00
	2996.33	0.00	6.96	975.00
	2996.34	0.00	7.00	974.00
	2996.35	0.00	7.01	983.00
	2996.36	0.00	6.55	912.00
	2996.38	0.00	6.54	911.00
	2996.39	0.00	6.54	904.00
	2996.40	0.00	6.52	908.00
	2996.41	0.00	6.53	908.00
	2996.42	0.00	6.51	909.00
	2996.43	0.00	6.53	907.00
	2996.45	0.00	6.59	911.00
	2996.46	0.00	6.61	907.00
	2996.47	0.00	6.54	932.00
	2996.48	0.00	6.53	931.00
	2996.49	0.00	6.53	932.00
	2996.50	0.00	6.54	931.00
	2996.51	0.00	6.54	926.00
	2996.53	0.00	6.92	981.00
	2996.54	0.00	6.91	980.00
	2996.55	0.00	6.92	980.00
	2996.56	0.00	6.98	983.00
	2996.57	0.00	7.03	985.00
	2996.58	0.00	7.02	978.00
	2996.60	0.00	6.94	1003.00
	2996.61	0.00	6.94	1004.00
	2996.62	0.00	6.96	1006.00
	2996.63	0.00	6.93	1002.00
	2996.64	0.00	6.91	1000.00
	2996.65	0.00	6.57	948.00
	2996.67	0.00	6.99	1001.00
	2996.68	0.00	6.95	1011.00
	2996.69	0.00	6.95	1010.00
	2996.70	0.00	6.98	1013.00
	2996.71	0.00	6.98	1012.00
	2996.72	0.00	6.98	1012.00
	2996.74	0.00	6.97	1011.00
	2996.75	0.00	6.97	1015.00
	2996.76	0.00	6.97	1015.00
	2996.77	0.00	6.96	1014.00
	2996.78	0.00	6.91	1014.00
	2996.79	0.00	6.91	1016.00
	2996.80	0.00	6.91	1011.00
	2996.82	0.00	6.91	1009.00
	2996.83	0.00	6.93	1011.00
	2996.84	0.00	6.93	1011.00
	2996.85	0.00	6.94	1013.00
	2996.86	0.00	6.94	1013.00
	2996.87	0.00	6.95	1013.00
	2996.89	0.00	6.91	1011.00
	2996.90	0.00	6.90	1013.00
	2996.91	0.00	6.90	1015.00
	2996.92	0.00	6.89	1014.0