7.28	956.00
	3887.43	0.00	7.28	956.00
	3887.44	0.00	7.25	951.00
	3887.45	0.00	7.25	950.00
	3887.46	0.00	7.26	952.00
	3887.48	0.00	7.26	951.00
	3887.49	0.00	7.24	949.00
	3887.50	0.00	7.27	951.00
	3887.51	0.00	7.34	950.00
	3887.52	0.00	7.31	957.00
	3887.53	0.00	7.28	967.00
	3887.54	0.00	7.28	968.00
	3887.56	0.00	7.24	962.00
	3887.57	0.00	7.20	954.00
	3887.58	0.00	7.34	971.00
	3887.59	0.00	7.34	971.00
	3887.60	0.00	7.33	968.00
	3887.61	0.00	7.43	974.00
	3887.63	0.00	7.46	973.00
	3887.64	0.00	7.46	974.00
	3887.65	0.00	7.42	989.00
	3887.66	0.00	7.41	985.00
	3887.67	0.00	7.38	982.00
	3887.68	0.00	7.34	977.00
	3887.69	0.00	7.31	968.00
	3887.71	0.00	7.40	989.00
	3887.72	0.00	7.40	993.00
	3887.73	0.00	7.42	997.00
	3887.74	0.00	7.43	996.00
	3887.75	0.00	7.42	999.00
	3887.76	0.00	7.42	997.00
	3887.78	0.00	7.42	999.00
	3887.79	0.00	7.40	998.00
	3887.80	0.00	7.37	999.00
	3887.81	0.00	7.36	996.00
	3887.82	0.00	7.38	993.00
	3887.83	0.00	7.39	995.00
	3887.85	0.00	7.40	997.00
	3887.86	0.00	7.41	997.00
	3887.87	0.00	7.35	995.00
	3887.88	0.00	7.35	999.00
	3887.89	0.00	7.33	999.00
	3887.90	0.00	7.31	996.00
	3887.92	0.00	7.24	993.00
	3887.93	0.00	7.23	987.00
	3887.94	0.00	7.34	976.00
	3887.95	0.00	7.35	978.00
	3887.96	0.00	7.38	982.00
	3887.97	0.00	7.41	988.00
	3887.98	0.00	7.27	966.00
	3888.00	0.00	7.27	966.00
	3888.01	0.00	7.26	965.00
	3888.02	0.00	7.24	964.00
	3888.03	0.00	7.24	965.00
	3888.04	0.00	7.23	963.00
	3888.05	0.00	7.24	964.00
	3888.07	0.00	7.25	965.00
	3888.08	0.00	7.25	965.00
	3888.09	0.00	7.30	969.00
	3888.10	0.00	7.31	966.00
	3888.11	0.00	7.31	970.00
	3888.12	0.00	7.25	986.00
	3888.14	0.00	7.27	987.00
	3888.15	0.00	7.21	984.00
	3888.16	0.00	7.16	975.00
	3888.17	0.00	7.21	980.00
	3888.18	0.00	7.30	995.00
	3888.19	0.00	7.31	994.00
	3888.20	0.00	7.31	991.00
	3888.22	0.00	7.40	996.00
	3888.23	0.00	7.42	991.00
	3888.24	0.00	7.36	1009.00
	3888.25	0.00	7.36	1007.00
	3888.26	0.00	7.35	1005.00
	3888.27	0.00	7.34	1004.00
	3888.29	0.00	7.33	1003.00
	3888.30	0.00	7.30	993.00
	3888.31	0.00	7.37	1012.00
	3888.32	0.00	7.37	1013.00
	3888.33	0.00	7.36	1012.00
	3888.34	0.00	7.38	1015.00
	3888.36	0.00	7.37	1014.00
	3888.37	0.00	7.35	1006.00
	3888.38	0.00	7.36	1014.00
	3888.39	0.00	7.36	1014.00
	3888.40	0.00	7.36	1015.00
	3888.41	0.00	7.36	1015.00
	3888.43	0.00	7.30	1013.00
	3888.44	0.00	7.31	1012.00
	3888.45	0.00	7.31	1007.00
	3888.46	0.00	7.32	1006.00
	3888.47	0.00	7.32	1006.00
	3888.48	0.00	7.33	1008.00
	3888.50	0.00	7.33	1008.00
	3888.51	0.00	7.35	1012.00
	3888.52	0.00	7.35	1012.00
	3888.53	0.00	7.33	1010.00
	3888.54	0.00	7.28	1013.00
	3888.55	0.00	7.27	1012.00
	3888.57	0.00	7.25	1009.00
	3888.58	0.00	7.24	1010.00
	3888.59	0.00	7.17	1003.00
	3888.60	0.00	7.17	1002.00
	3888.61	0.00	7.18	994.00
	3888.62	0.00	7.29	988.00
	3888.63	0.00	7.25	982.00
	3888.65	0.00	7.32	993.00
	3888.66	0.00	7.34	997.00
	3888.67	0.00	7.34	997.00
	3888.68	0.00	7.30	991.00
	3888.69	0.00	7.22	978.00
	3888.70	0.00	7.20	976.00
	3888.72	0.00	6.77	923.00
	3888.73	0.00	7.18	972.00
	3888.74	0.00	7.19	974.00
	3888.75	0.00	7.19	975.00
	3888.76	0.00	7.19	972.00
	3888.77	0.00	7.20	973.00
	3888.79	0.00	6.85	928.00
	3888.80	0.00	6.86	923.00
	3888.81	0.00	6.80	942.00
	3888.82	0.00	6.80	941.00
	3888.83	0.00	6.77	939.00
	3888.84	0.00	6.71	927.00
	3888.86	0.00	6.71	923.00
	3888.87	0.00	6.82	945.00
	3888.88	0.00	6.84	944.00
	3888.89	0.00	7.29	992.00
	3888.90	0.00	7.35	994.00
	3888.91	0.00	7.37	988.00
	3888.92	0.00	7.33	1007.00
	3888.94	0.00	7.34	1007.00
	3888.95	0.00	7.32	1007.00
	3888.96	0.00	7.31	1004.00
	3888.97	0.00	7.28	1003.00
	3888.98	0.00	7.25	995.00
	3889.00	0.00	7.33	1012.00
	3889.01	0.00	7.33	1012.00
	3889.02	0.00	7.33	1012.00
	3889.03	0.00	7.35	1015.00
	3889.04	0.00	7.27	1015.00
	3889.05	0.00	7.31	1014.00
	3889.06	0.00	7.31	1010.00
	3889.08	0.00	7.31	1017.00
	3889.09	0.00	7.32	1014.00
	3889.10	0.00	7.28	1015.00
	3889.11	0.00	7.26	1016.00
	3889.12	0.00	7.28	1013.00
	3889.13	0.00	7.31	1006.00
	3889.14	0.00	7.30	1006.00
	3889.16	0.00	7.32	1004.00
	3889.17	0.00	7.30	1003.00
	3889.18	0.00	7.32	1005.00
	3889.19	0.00	7.28	1008.00
	3889.20	0.00	7.30	1007.00
	3889.22	0.00	7.29	1002.00
	3889.23	0.00	7.28	1007.00
	3889.24	0.00	7.29	1005.00
	3889.25	0.00	7.27	1006.00
	3889.26	0.00	7.27	1006.00
	3889.27	0.00	7.20	1001.00
	3889.29	0.00	7.18	997.00
	3889.30	0.00	7.24	992.00
	3889.31	0.00	7.32	985.00
	3889.32	0.00	7.33	988.00
	3889.33	0.00	7.33	989.00
	3889.34	0.00	7.37	993.00
	3889.35	0.00	7.37	994.00
	3889.37	0.00	7.23	973.00
	3889.38	0.00	7.24	972.00
	3889.39	0.00	7.22	970.00
	3889.40	0.00	7.21	968.00
	3889.41	0.00	7.22	965.00
	3889.42	0.00	7.21	968.00
	3889.44	0.00	7.21	967.00
	3889.45	0.00	7.21	965.00
	3889.46	0.00	7.29	966.00
	3889.47	0.00	7.29	965.00
	3889.48	0.00	7.24	985.00
	3889.50	0.00	7.24	984.00
	3889.51	0.00	7.22	980.00
	3889.52	0.00	7.18	972.00
	3889.53	0.00	6.88	936.00
	3889.54	0.00	6.88	931.00
	3889.55	0.00	6.85	931.00
	3889.56	0.00	7.34	979.00
	3889.57	0.00	7.40	982.00
	3889.59	0.00	7.42	979.00
	3889.60	0.00	7.35	994.00
	3889.61	0.00	7.36	993.00
	3889.62	0.00	7.29	990.00
	3889.63	0.00	7.29	990.00
	3889.64	0.00	7.29	982.00
	3889.66	0.00	7.29	976.00
	3889.67	0.00	7.37	996.00
	3889.68	0.00	7.38	996.00
	3889.69	0.00	7.38	994.00
	3889.70	0.00	7.38	993.00
	3889.71	0.00	7.39	997.00
	3889.73	0.00	7.40	997.00
	3889.74	0.00	7.41	995.00
	3889.75	0.00	7.37	996.00
	3889.76	0.00	7.35	993.00
	3889.77	0.00	7.36	987.00
	3889.78	0.00	7.39	989.00
	3889.80	0.00	7.39	987.00
	3889.81	0.00	7.41	989.00
	3889.82	0.00	7.41	990.00
	3889.83	0.00	7.39	985.00
	3889.84	0.00	7.36	991.00
	3889.85	0.00	7.34	988.00
	3889.86	0.00	7.32	986.00
	3889.88	0.00	7.24	980.00
	3889.89	0.00	7.24	972.00
	3889.90	0.00	7.36	964.00
	3889.91	0.00	7.37	962.00
	3889.92	0.00	7.40	968.00
	3889.93	0.00	7.43	972.00
	3889.95	0.00	7.41	969.00
	3889.96	0.00	7.27	947.00
	3889.97	0.00	7.29	948.00
	3889.98	0.00	7.28	945.00
	3889.99	0.00	7.27	943.00
	3890.00	0.00	7.26	940.00
	3890.02	0.00	7.27	945.00
	3890.03	0.00	7.27	944.00
	3890.04	0.00	7.27	945.00
	3890.05	0.00	7.29	946.00
	3890.06	0.00	7.35	947.00
	3890.07	0.00	7.35	948.00
	3890.08	0.00	7.29	967.00
	3890.10	0.00	7.25	967.00
	3890.11	0.00	7.24	965.00
	3890.12	0.00	7.21	958.00
	3890.13	0.00	7.32	972.00
	3890.14	0.00	7.32	971.00
	3890.15	0.00	7.33	974.00
	3890.17	0.00	7.33	973.00
	3890.18	0.00	7.43	978.00
	3890.19	0.00	7.44	976.00
	3890.20	0.00	7.38	992.00
	3890.21	0.00	7.37	991.00
	3890.22	0.00	7.34	990.00
	3890.23	0.00	7.34	987.00
	3890.25	0.00	7.33	986.00
	3890.26	0.00	7.27	974.00
	3890.27	0.00	7.38	1000.00
	3890.28	0.00	7.38	999.00
	3890.29	0.00	7.38	999.00
	3890.30	0.00	7.38	1001.00
	3890.32	0.00	7.39	1002.00
	3890.33	0.00	7.38	1000.00
	3890.34	0.00	7.36	995.00
	3890.35	0.00	7.37	1005.00
	3890.36	0.00	7.36	1005.00
	3890.37	0.00	7.34	1005.00
	3890.39	0.00	7.31	1004.00
	3890.40	0.00	7.31	1003.00
	3890.41	0.00	7.32	997.00
	3890.42	0.00	7.33	997.00
	3890.43	0.00	7.33	997.00
	3890.44	0.00	7.33	999.00
	3890.46	0.00	7.36	1002.00
	3890.47	0.00	7.37	1002.00
	3890.48	0.00	7.31	999.00
	3890.49	0.00	7.30	1002.00
	3890.50	0.00	7.28	1001.00
	3890.51	0.00	7.27	997.00
	3890.53	0.00	7.22	997.00
	3890.54	0.00	7.19	993.00
	3890.55	0.00	7.21	987.00
	3890.56	0.00	7.31	982.00
	3890.57	0.00	7.31	981.00
	3890.58	0.00	7.33	985.00
	3890.59	0.00	7.36	991.00
	3890.61	0.00	7.27	972.00
	3890.62	0.00	7.22	969.00
	3890.63	0.00	7.23	968.00
	3890.64	0.00	7.22	968.00
	3890.65	0.00	6.78	915.00
	3890.66	0.00	6.79	915.00
	3890.68	0.00	6.79	915.00
	3890.69	0.00	6.80	913.00
	3890.70	0.00	6.87	916.00
	3890.71	0.00	6.87	913.00
	3890.72	0.00	6.86	911.00
	3890.73	0.00	6.87	919.00
	3890.75	0.00	6.79	933.00
	3890.76	0.00	6.80	931.00
	3890.77	0.00	6.78	926.00
	3890.78	0.00	6.72	914.00
	3890.79	0.00	6.88	935.00
	3890.80	0.00	6.88	935.00
	3890.82	0.00	6.88	932.00
	3890.83	0.00	7.32	982.00
	3890.84	0.00	7.38	985.00
	3890.85	0.00	7.40	981.00
	3890.86	0.00	7.34	995.00
	3890.87	0.00	7.33	999.00
	3890.88	0.00	7.29	996.00
	3890.90	0.00	7.26	986.00
	3890.91	0.00	7.24	979.00
	3890.92	0.00	7.35	1003.00
	3890.93	0.00	7.34	1006.00
	3890.94	0.00	6.91	955.00
	3890.95	0.00	7.32	1001.00
	3890.97	0.00	7.35	1004.00
	3890.98	0.00	7.33	999.00
	3890.99	0.00	7.35	1008.00
	3891.00	0.00	7.36	1009.00
	3891.01	0.00	7.35	1007.00
	3891.02	0.00	7.34	1005.00
	3891.04	0.00	7.31	1005.00
	3891.05	0.00	7.28	1002.00
	3891.06	0.00	7.30	994.00
	3891.07	0.00	7.31	995.00
	3891.08	0.00	7.32	996.00
	3891.09	0.00	7.34	998.00
	3891.10	0.00	7.35	997.00
	3891.12	0.00	7.31	990.00
	3891.13	0.00	7.28	997.00
	3891.14	0.00	7.28	994.00
	3891.15	0.00	7.24	992.00
	3891.16	0.00	7.20	984.00
	3891.17	0.00	7.20	977.00
	3891.19	0.00	7.31	970.00
	3891.20	0.00	7.33	970.00
	3891.21	0.00	7.35	972.00
	3891.22	0.00	7.38	976.00
	3891.23	0.00	7.38	977.00
	3891.25	0.00	7.38	976.00
	3891.26	0.00	7.25	953.00
	3891.27	0.00	7.25	954.00
	3891.28	0.00	7.24	951.00
	3891.29	0.00	6.80	902.00
	3891.30	0.00	6.81	900.00
	3891.31	0.00	6.81	900.00
	3891.32	0.00	6.81	902.00
	3891.34	0.00	6.81	901.00
	3891.35	0.00	6.88	904.00
	3891.36	0.00	6.89	900.00
	3891.37	0.00	6.85	920.00
	3891.38	0.00	6.83	919.00
	3891.39	0.00	6.82	916.00
	3891.41	0.00	6.80	913.00
	3891.42	0.00	6.75	907.00
	3891.43	0.00	6.73	903.00
	3891.44	0.00	7.31	975.00
	3891.45	0.00	6.90	924.00
	3891.46	0.00	7.40	979.00
	3891.48	0.00	7.42	976.00
	3891.49	0.00	7.40	979.00
	3891.50	0.00	7.36	989.00
	3891.51	0.00	7.38	987.00
	3891.52	0.00	7.37	988.00
	3891.53	0.00	7.34	987.00
	3891.55	0.00	7.26	974.00
	3891.56	0.00	7.29	999.00
	3891.57	0.00	7.32	997.00
	3891.58	0.00	7.39	1000.00
	3891.59	0.00	7.36	1001.00
	3891.60	0.00	7.36	1001.00
	3891.61	0.00	7.36	1002.00
	3891.63	0.00	7.37	1005.00
	3891.64	0.00	7.38	1006.00
	3891.65	0.00	7.36	1005.00
	3891.66	0.00	7.31	1003.00
	3891.67	0.00	7.32	1006.00
	3891.68	0.00	7.31	1007.00
	3891.70	0.00	7.33	999.00
	3891.71	0.00	7.30	995.00
	3891.72	0.00	7.33	999.00
	3891.73	0.00	7.36	1005.00
	3891.74	0.00	7.36	1004.00
	3891.75	0.00	7.35	1001.00
	3891.77	0.00	7.31	1005.00
	3891.78	0.00	7.29	1004.00
	3891.79	0.00	7.29	1003.00
	3891.80	0.00	7.22	994.00
	3891.81	0.00	7.24	997.00
	3891.82	0.00	7.21	996.00
	3891.83	0.00	7.23	987.00
	3891.85	0.00	7.31	981.00
	3891.86	0.00	7.32	981.00
	3891.87	0.00	7.35	987.00
	3891.88	0.00	7.36	989.00
	3891.89	0.00	7.36	990.00
	3891.91	0.00	7.34	986.00
	3891.92	0.00	7.24	968.00
	3891.93	0.00	7.24	968.00
	3891.94	0.00	7.22	965.00
	3891.95	0.00	7.22	964.00
	3891.96	0.00	7.21	965.00
	3891.97	0.00	7.21	964.00
	3891.99	0.00	7.22	966.00
	3892.00	0.00	7.23	966.00
	3892.01	0.00	7.29	971.00
	3892.02	0.00	7.29	966.00
	3892.03	0.00	7.24	987.00
	3892.04	0.00	7.22	984.00
	3892.06	0.00	7.19	985.00
	3892.07	0.00	6.73	926.00
	3892.08	0.00	6.85	942.00
	3892.09	0.00	6.87	940.00
	3892.10	0.00	6.88	937.00
	3892.11	0.00	6.89	935.00
	3892.12	0.00	7.38	987.00
	3892.14	0.00	7.41	981.00
	3892.15	0.00	7.37	999.00
	3892.16	0.00	7.38	997.00
	3892.17	0.00	7.36	994.00
	3892.18	0.00	7.34	994.00
	3892.19	0.00	7.32	990.00
	3892.21	0.00	7.28	980.00
	3892.22	0.00	7.36	1002.00
	3892.23	0.00	7.37	1002.00
	3892.24	0.00	7.36	1001.00
	3892.25	0.00	7.40	1003.00
	3892.26	0.00	7.40	1002.00
	3892.28	0.00	7.36	992.00
	3892.29	0.00	7.40	1000.00
	3892.30	0.00	7.39	1003.00
	3892.31	0.00	7.40	1004.00
	3892.32	0.00	7.33	1001.00
	3892.33	0.00	7.33	999.00
	3892.35	0.00	7.34	997.00
	3892.36	0.00	7.35	994.00
	3892.37	0.00	7.34	995.00
	3892.38	0.00	7.36	995.00
	3892.39	0.00	7.37	1000.00
	3892.40	0.00	7.36	1001.00
	3892.42	0.00	7.37	999.00
	3892.43	0.00	7.31	1002.00
	3892.44	0.00	7.29	1000.00
	3892.45	0.00	7.30	1000.00
	3892.46	0.00	7.21	993.00
	3892.47	0.00	7.20	991.00
	3892.48	0.00	7.27	980.00
	3892.50	0.00	7.31	974.00
	3892.51	0.00	7.31	974.00
	3892.52	0.00	7.34	977.00
	3892.53	0.00	7.37	979.00
	3892.54	0.00	7.39	983.00
	3892.55	0.00	7.25	958.00
	3892.57	0.00	7.26	958.00
	3892.58	0.00	7.25	956.00
	3892.59	0.00	7.26	956.00
	3892.60	0.00	6.82	907.00
	3892.61	0.00	6.82	902.00
	3892.62	0.00	6.83	902.00
	3892.64	0.00	6.83	901.00
	3892.65	0.00	6.85	899.00
	3892.66	0.00	6.91	902.00
	3892.67	0.00	7.33	952.00
	3892.68	0.00	6.91	900.00
	3892.69	0.00	6.86	919.00
	3892.71	0.00	7.29	968.00
	3892.72	0.00	7.25	966.00
	3892.73	0.00	7.23	961.00
	3892.74	0.00	7.21	953.00
	3892.75	0.00	7.33	970.00
	3892.76	0.00	6.93	917.00
	3892.77	0998.00
	3898.73	0.00	6.64	995.00
	3898.12	1056.00
	3898.69	0.00	7.11	1054.00
	3898.71	0.00	6.71	1002.00
	3898.72	0.00	6.65	998.00
	3898.73	0.00	6.64	995.00
	3898.74	0.00	6.68	3898.69	0.00	7.11	1054.00
	3898.71	0.00	6.71	1002.00
	3898.72	0.00	6.65	998.00
	3898.73	0.00	6.64	995.00
	3898.74	0.00	6.68	985.00
	3898.75	0.00	6.75	980.00
	3898.76	0.00	6.75	979.00
	3898.78	0.00	6.77	977.00
	3898.79	0.00	7.17	1031.00
	3898.80	0.00	7.20	1035.00
	3898.81	0.00	7.21	1037.00
	3898.82	0.00	7.09	1014.00
	3898.83	0.00	6.67	963.00
	3898.85	0.00	6.68	964.00
	3898.86	0.00	6.67	962.00
	3898.87	0.00	6.67	961.00
	3898.88	0.00	6.68	962.00
	3898.89	0.00	6.68	962.00
	3898.90	0.00	6.68	961.00
	3898.91	0.00	6.74	964.00
	3898.93	0.00	6.75	960.00
	3898.94	0.00	6.74	961.00
	3898.95	0.00	6.71	977.00
	3898.96	0.00	6.70	972.00
	3898.97	0.00	6.69	971.00
	3898.98	0.00	6.67	969.00
	3899.00	0.00	6.63	960.00
	3899.01	0.00	6.74	973.00
	3899.02	0.00	6.77	975.00
	3899.03	0.00	6.83	974.00
	3899.04	0.00	6.86	974.00
	3899.05	0.00	6.83	962.00
	3899.07	0.00	6.84	980.00
	3899.08	0.00	6.83	988.00
	3899.09	0.00	6.82	985.00
	3899.10	0.00	6.80	984.00
	3899.11	0.00	6.77	980.00
	3899.12	0.00	6.76	970.00
	3899.14	0.00	6.84	992.00
	3899.15	0.00	6.84	992.00
	3899.16	0.00	6.85	992.00
	3899.17	0.00	7.24	1042.00
	3899.18	0.00	7.26	1040.00
	3899.19	0.00	7.26	1039.00
	3899.20	0.00	7.23	1031.00
	3899.22	0.00	7.25	1042.00
	3899.23	0.00	7.26	1042.00
	3899.24	0.00	7.25	1040.00
	3899.25	0.00	7.21	1039.00
	3899.26	0.00	7.20	1038.00
	3899.27	0.00	7.20	1037.00
	3899.29	0.00	7.21	1038.00
	3899.30	0.00	7.21	1038.00
	3899.31	0.00	7.18	1025.00
	3899.32	0.00	7.23	1031.00
	3899.33	0.00	7.23	1032.00
	3899.34	0.00	7.25	1028.00
	3899.36	0.00	7.26	1033.00
	3899.37	0.00	7.26	1036.00
	3899.38	0.00	7.26	1034.00
	3899.39	0.00	7.26	1032.00
	3899.40	0.00	7.21	1031.00
	3899.41	0.00	7.19	1031.00
	3899.43	0.00	7.19	1031.00
	3899.44	0.00	7.15	1028.00
	3899.45	0.00	7.10	1023.00
	3899.46	0.00	7.10	1021.00
	3899.47	0.00	7.10	1020.00
	3899.48	0.00	7.11	1017.00
	3899.50	0.00	7.22	1008.00
	3899.51	0.00	7.22	1010.00
	3899.52	0.00	7.24	1011.00
	3899.53	0.00	7.25	1014.00
	3899.54	0.00	7.27	1016.00
	3899.55	0.00	7.28	1017.00
	3899.57	0.00	7.28	1017.00
	3899.58	0.00	7.28	1013.00
	3899.59	0.00	7.14	993.00
	3899.60	0.00	7.15	993.00
	3899.61	0.00	6.72	942.00
	3899.62	0.00	6.72	939.00
	3899.63	0.00	6.70	939.00
	3899.65	0.00	6.72	940.00
	3899.66	0.00	6.71	939.00
	3899.67	0.00	6.72	939.00
	3899.68	0.00	6.78	942.00
	3899.69	0.00	6.79	940.00
	3899.70	0.00	6.74	959.00
	3899.72	0.00	6.73	959.00
	3899.73	0.00	6.74	958.00
	3899.74	0.00	6.73	957.00
	3899.75	0.00	6.70	952.00
	3899.76	0.00	6.64	942.00
	3899.77	0.00	6.79	963.00
	3899.79	0.00	6.81	962.00
	3899.80	0.00	7.29	1016.00
	3899.81	0.00	7.30	1012.00
	3899.82	0.00	7.30	1010.00
	3899.83	0.00	7.31	1011.00
	3899.84	0.00	7.30	1009.00
	3899.86	0.00	7.27	1028.00
	3899.87	0.00	7.26	1029.00
	3899.88	0.00	7.23	1023.00
	3899.89	0.00	7.23	1025.00
	3899.90	0.00	7.18	1019.00
	3899.91	0.00	7.14	1007.00
	3899.93	0.00	7.26	1035.00
	3899.94	0.00	7.27	1035.00
	3899.95	0.00	7.26	1034.00
	3899.96	0.00	6.85	985.00
	3899.97	0.00	7.27	1036.00
	3899.98	0.00	7.27	1038.00
	3900.00	0.00	7.26	1035.00
	3900.01	0.00	7.21	1025.00
	3900.02	0.00	7.27	1039.00
	3900.03	0.00	7.26	1039.00
	3900.04	0.00	7.25	1038.00
	3900.05	0.00	7.25	1039.00
	3900.06	0.00	7.22	1037.00
	3900.08	0.00	7.20	1036.00
	3900.09	0.00	7.21	1036.00
	3900.10	0.00	7.22	1032.00
	3900.11	0.00	7.23	1031.00
	3900.12	0.00	7.23	1031.00
	3900.13	0.00	7.25	1033.00
	3900.15	0.00	7.27	1036.00
	3900.16	0.00	7.26	1034.00
	3900.17	0.00	7.25	1032.00
	3900.18	0.00	7.23	1028.00
	3900.19	0.00	7.19	1035.00
	3900.21	0.00	7.19	1034.00
	3900.22	0.00	7.17	1032.00
	3900.23	0.00	7.18	1032.00
	3900.24	0.00	7.15	1029.00
	3900.25	0.00	7.10	1025.00
	3900.26	0.00	7.10	1024.00
	3900.27	0.00	7.12	1016.00
	3900.29	0.00	7.20	1010.00
	3900.30	0.00	7.22	1012.00
	3900.31	0.00	7.23	1014.00
	3900.32	0.00	7.24	1016.00
	3900.33	0.00	7.25	1019.00
	3900.34	0.00	7.25	1016.00
	3900.36	0.00	7.27	1020.00
	3900.37	0.00	7.13	995.00
	3900.38	0.00	7.13	997.00
	3900.39	0.00	7.12	994.00
	3900.40	0.00	6.71	945.00
	3900.41	0.00	6.70	943.00
	3900.43	0.00	6.70	945.00
	3900.44	0.00	6.70	945.00
	3900.45	0.00	6.72	946.00
	3900.46	0.00	6.76	947.00
	3900.47	0.00	6.78	945.00
	3900.48	0.00	6.77	950.00
	3900.50	0.00	6.73	962.00
	3900.51	0.00	6.73	963.00
	3900.52	0.00	6.71	960.00
	3900.53	0.00	6.70	959.00
	3900.54	0.00	6.64	949.00
	3900.55	0.00	6.78	966.00
	3900.56	0.00	6.79	968.00
	3900.58	0.00	7.26	1017.00
	3900.59	0.00	7.28	1019.00
	3900.60	0.00	7.30	1018.00
	3900.61	0.00	7.29	1012.00
	3900.62	0.00	7.31	1015.00
	3900.64	0.00	7.27	1025.00
	3900.65	0.00	7.26	1032.00
	3900.66	0.00	7.24	1030.00
	3900.67	0.00	7.23	1031.00
	3900.68	0.00	7.22	1029.00
	3900.69	0.00	7.19	1023.00
	3900.70	0.00	7.15	1013.00
	3900.72	0.00	7.27	1040.00
	3900.73	0.00	7.26	1039.00
	3900.74	0.00	7.26	1039.00
	3900.75	0.00	7.25	1040.00
	3900.76	0.00	7.24	1041.00
	3900.77	0.00	7.27	1045.00
	3900.79	0.00	7.26	1044.00
	3900.80	0.00	7.25	1041.00
	3900.81	0.00	7.26	1045.00
	3900.82	0.00	7.25	1044.00
	3900.83	0.00	7.26	1044.00
	3900.85	0.00	7.25	1045.00
	3900.86	0.00	7.26	1046.00
	3900.87	0.00	7.24	1045.00
	3900.88	0.00	7.20	1044.00
	3900.89	0.00	7.20	1045.00
	3900.90	0.00	7.19	1042.00
	3900.91	0.00	7.19	1044.00
	3900.93	0.00	7.20	1038.00
	3900.94	0.00	7.21	1041.00
	3900.95	0.00	7.20	1040.00
	3900.96	0.00	7.22	1043.00
	3900.97	0.00	7.24	1045.00
	3900.98	0.00	7.23	1044.00
	3901.00	0.00	7.23	1044.00
	3901.01	0.00	7.23	1044.00
	3901.02	0.00	7.17	1045.00
	3901.03	0.00	7.16	1045.00
	3901.04	0.00	7.14	1045.00
	3901.05	0.00	7.11	1041.00
	3901.07	0.00	7.07	1039.00
	3901.08	0.00	7.08	1040.00
	3901.09	0.00	7.08	1039.00
	3901.10	0.00	7.06	1035.00
	3901.11	0.00	7.17	1022.00
	3901.12	0.00	7.18	1023.00
	3901.14	0.00	7.18	1026.00
	3901.15	0.00	7.20	1029.00
	3901.16	0.00	7.22	1033.00
	3901.17	0.00	7.24	1032.00
	3901.18	0.00	7.10	1010.00
	3901.19	0.00	7.11	1010.00
	3901.21	0.00	7.10	1010.00
	3901.22	0.00	7.10	1010.00
	3901.23	0.00	7.11	1009.00
	3901.24	0.00	6.68	958.00
	3901.25	0.00	6.67	958.00
	3901.26	0.00	6.69	958.00
	3901.28	0.00	6.69	957.00
	3901.29	0.00	6.68	955.00
	3901.30	0.00	6.73	958.00
	3901.31	0.00	6.76	956.00
	3901.32	0.00	6.76	956.00
	3901.33	0.00	6.71	974.00
	3901.34	0.00	6.71	973.00
	3901.36	0.00	6.71	972.00
	3901.37	0.00	6.69	971.00
	3901.38	0.00	6.68	968.00
	3901.39	0.00	6.61	959.00
	3901.40	0.00	6.78	979.00
	3901.41	0.00	6.77	977.00
	3901.43	0.00	7.24	1027.00
	3901.44	0.00	7.27	1027.00
	3901.45	0.00	7.29	1021.00
	3901.46	0.00	7.25	1039.00
	3901.47	0.00	7.24	1038.00
	3901.48	0.00	7.23	1036.00
	3901.50	0.00	7.23	1036.00
	3901.51	0.00	7.23	1038.00
	3901.52	0.00	7.21	1036.00
	3901.53	0.00	7.20	1037.00
	3901.54	0.00	7.17	1029.00
	3901.55	0.00	7.12	1018.00
	3901.57	0.00	7.15	1020.00
	3901.58	0.00	7.13	1020.00
	3901.59	0.00	7.21	1047.00
	3901.60	0.00	6.82	996.00
	3901.61	0.00	6.81	996.00
	3901.62	0.00	7.22	1048.00
	3901.64	0.00	7.23	1048.00
	3901.65	0.00	7.22	1045.00
	3901.66	0.00	7.21	1043.00
	3901.67	0.00	7.19	1039.00
	3901.68	0.00	7.23	1052.00
	3901.69	0.00	7.23	1055.00
	3901.71	0.00	7.22	1054.00
	3901.72	0.00	6.77	1002.00
	3901.73	0.00	7.15	1051.00
	3901.74	0.00	7.17	1053.00
	3901.75	0.00	7.17	1047.00
	3901.76	0.00	7.18	1048.00
	3901.78	0.00	7.19	1048.00
	3901.79	0.00	7.18	1050.00
	3901.80	0.00	7.19	1050.00
	3901.81	0.00	7.19	1051.00
	3901.82	0.00	7.21	1055.00
	3901.83	0.00	7.22	1056.00
	3901.85	0.00	7.18	1048.00
	3901.86	0.00	7.14	1054.00
	3901.87	0.00	7.13	1053.00
	3901.88	0.00	7.15	1055.00
	3901.89	0.00	7.14	1055.00
	3901.90	0.00	7.13	1054.00
	3901.92	0.00	6.65	999.00
	3901.93	0.00	6.64	997.00
	3901.94	0.00	6.69	991.00
	3901.95	0.00	6.75	982.00
	3901.96	0.00	6.77	983.00
	3901.97	0.00	7.20	1035.00
	3901.99	0.00	7.17	1037.00
	3902.00	0.00	7.17	1040.00
	3902.01	0.00	7.20	1043.00
	3902.02	0.00	7.07	1021.00
	3902.03	0.00	7.08	1022.00
	3902.04	0.00	6.66	971.00
	3902.06	0.00	6.65	972.00
	3902.07	0.00	6.62	972.00
	3902.08	0.00	6.59	965.00
	3902.09	0.00	6.64	972.00
	3902.10	0.00	6.64	972.00
	3902.11	0.00	6.65	972.00
	3902.13	0.00	6.73	977.00
	3902.14	0.00	6.72	972.00
	3902.15	0.00	6.68	992.00
	3902.16	0.00	6.68	993.00
	3902.17	0.00	6.69	995.00
	3902.18	0.00	6.66	994.00
	3902.19	0.00	6.64	993.00
	3902.21	0.00	6.62	989.00
	3902.22	0.00	6.60	985.00
	3902.23	0.00	6.73	1002.00
	3902.24	0.00	6.74	1002.00
	3902.25	0.00	6.75	1003.00
	3902.26	0.00	6.76	1004.00
	3902.28	0.00	6.80	1004.00
	3902.29	0.00	6.82	1005.00
	3902.30	0.00	6.83	1000.00
	3902.31	0.00	6.78	1019.00
	3902.32	0.00	6.77	1019.00
	3902.33	0.00	6.77	1017.00
	3902.35	0.00	6.76	1017.00
	3902.36	0.00	6.74	1013.00
	3902.37	0.00	6.74	1015.00
	3902.38	0.00	6.70	1009.00
	3902.39	0.00	6.66	998.00
	3902.40	0.00	6.78	1026.00
	3902.42	0.00	6.79	1027.00
	3902.43	0.00	6.79	1026.00
	3902.44	0.00	6.79	1026.00
	3902.45	0.00	6.79	1026.00
	3902.46	0.00	6.80	1025.00
	3902.47	0.00	6.80	1026.00
	3902.49	0.00	6.76	1020.00
	3902.50	0.00	6.78	1028.00
	3902.51	0.00	6.77	1028.00
	3902.52	0.00	6.78	1027.00
	3902.53	0.00	6.73	1025.00
	3902.54	0.00	6.73	1027.00
	3902.56	0.00	6.73	1025.00
	3902.57	0.00	6.73	1020.00
	3902.58	0.00	6.74	1020.00
	3902.59	0.00	6.72	1020.00
	3902.60	0.00	6.74	1020.00
	3902.61	0.00	6.75	1023.00
	3902.62	0.00	6.76	1023.00
	3902.64	0.00	6.76	1023.00
	3902.65	0.00	6.77	1024.00
	3902.66	0.00	6.78	1023.00
	3902.67	0.00	6.76	1019.00
	3902.68	0.00	6.70	1022.00
	3902.70	0.00	6.70	1023.00
	3902.71	0.00	6.69	1023.00
	3902.72	0.00	6.63	1018.00
	3902.73	0.00	6.62	1015.00
	3902.74	0.00	6.62	1015.00
	3902.75	0.00	6.62	1015.00
	3902.77	0.00	6.62	1009.00
	3902.78	0.00	6.72	1001.00
	3902.79	0.00	6.73	1001.00
	3902.80	0.00	6.74	1002.00
	3902.81	0.00	6.76	1003.00
	3902.82	0.00	6.76	1004.00
	3902.84	0.00	6.77	1005.00
	3902.85	0.00	6.79	1008.00
	3902.86	0.00	6.76	1004.00
	3902.87	0.00	6.65	985.00
	3902.88	0.00	6.65	985.00
	3902.89	0.00	6.64	984.00
	3902.90	0.00	6.66	984.00
	3902.92	0.00	6.66	983.00
	3902.93	0.00	6.66	983.00
	3902.94	0.00	6.65	982.00
	3902.95	0.00	6.66	980.00
	3902.96	0.00	6.69	977.00
	3902.97	0.00	6.73	980.00
	3902.99	0.00	6.70	997.00
	3903.00	0.00	6.69	998.00
	3903.01	0.00	6.68	996.00
	3903.02	0.00	6.66	994.00
	3903.03	0.00	6.64	991.00
	3903.04	0.00	6.54	980.00
	3903.06	0.00	6.66	989.00
	3903.07	0.00	6.75	999.00
	3903.08	0.00	6.78	998.00
	3903.09	0.00	6.82	1000.00
	3903.10	0.00	6.84	995.00
	3903.11	0.00	6.78	1007.00
	3903.13	0.00	6.80	1012.00
	3903.14	0.00	6.72	1010.00
	3903.15	0.00	6.73	1009.00
	3903.16	0.00	6.76	1005.00
	3903.17	0.00	6.76	1005.00
	3903.18	0.00	6.72	997.00
	3903.20	0.00	6.83	1008.00
	3903.21	0.00	6.81	1015.00
	3903.22	0.00	6.81	1015.00
	3903.23	0.00	6.82	1013.00
	3903.24	0.00	6.81	1013.00
	3903.25	0.00	6.82	1014.00
	3903.26	0.00	6.82	1015.00
	3903.28	0.00	6.79	1010.00
	3903.29	0.00	6.81	1015.00
	3903.30	0.00	6.78	1016.00
	3903.31	0.00	6.80	1014.00
	3903.32	0.00	6.80	1013.00
	3903.33	0.00	6.77	1012.00
	3903.35	0.00	6.75	1012.00
	3903.36	0.00	6.75	1013.00
	3903.37	0.00	6.76	1010.00
	3903.38	0.00	6.77	1006.00
	3903.39	0.00	6.78	1006.00
	3903.41	0.00	6.78	1006.00
	3903.42	0.00	6.80	1009.00
	3903.43	0.00	6.81	1010.00
	3903.44	0.00	6.80	1008.00
	3903.45	0.00	6.81	1006.00
	3903.46	0.00	6.77	1001.00
	3903.47	0.00	6.74	1005.00
	3903.49	0.00	6.74	1007.00
	3903.50	0.00	6.73	1006.00
	3903.51	0.00	6.67	1001.00
	3903.52	0.00	6.66	999.00
	3903.53	0.00	6.65	997.00
	3903.54	0.00	6.65	996.00
	3903.56	0.00	6.69	988.00
	3903.57	0.00	6.76	982.00
	3903.58	0.00	6.78	983.00
	3903.59	0.00	6.79	986.00
	3903.60	0.00	6.81	988.00
	3903.61	0.00	6.79	984.00
	3903.63	0.00	6.67	967.00
	3903.64	0.00	6.67	966.00
	3903.65	0.00	6.68	965.00
	3903.66	0.00	6.67	964.00
	3903.67	0.00	6.67	963.00
	3903.68	0.00	6.64	963.00
	3903.69	0.00	6.68	965.00
	3903.71	0.00	6.74	967.00
	3903.72	0.00	6.75	966.00
	3903.73	0.00	6.76	965.00
	3903.74	0.00	6.71	983.00
	3903.75	0.00	6.70	982.00
	3903.76	0.00	6.69	982.00
	3903.78	0.00	6.66	978.00
	3903.79	0.00	6.62	966.00
	3903.80	0.00	6.76	987.00
	3903.81	0.00	6.75	984.00
	3903.82	0.00	6.77	986.00
	3903.83	0.00	6.78	985.00
	3903.85	0.00	6.83	985.00
	3903.86	0.00	6.84	983.00
	3903.87	0.00	6.80	1000.00
	3903.88	0.00	6.82	1000.00
	3903.89	0.00	6.80	999.00
	3903.90	0.00	6.80	998.00
	3903.92	0.00	6.78	997.00
	3903.93	0.00	6.76	992.00
	3903.94	0.00	6.71	981.00
	3903.95	0.00	6.82	1006.00
	3903.96	0.00	6.82	1006.00
	3903.97	0.00	6.82	1007.00
	3903.98	0.00	6.83	1007.00
	3904.00	0.00	6.80	1004.00
	3904.01	0.00	6.81	1004.00
	3904.02	0.00	6.80	1004.00
	3904.03	0.00	6.80	1002.00
	3904.04	0.00	6.82	1009.00
	3904.06	0.00	6.82	1009.00
	3904.07	0.00	6.81	1009.00
	3904.08	0.00	6.76	1008.00
	3904.09	0.00	6.74	1006.00
	3904.10	0.00	6.74	1009.00
	3904.11	0.00	6.76	1009.00
	3904.12	0.00	6.77	1005.00
	3904.14	0.00	6.78	1005.00
	3904.15	0.00	6.77	1003.00
	3904.16	0.00	6.78	1005.00
	3904.17	0.00	6.80	1007.00
	3904.18	0.00	6.80	1008.00
	3904.19	0.00	6.81	1010.00
	3904.21	0.00	6.79	1009.00
	3904.22	0.00	6.74	1007.00
	3904.23	0.00	6.74	1008.00
	3904.24	0.00	6.73	1008.00
	3904.25	0.00	6.68	1005.00
	3904.26	0.00	6.63	1003.00
	3904.28	0.00	6.64	999.00
	3904.29	0.00	6.66	988.00
	3904.30	0.00	6.75	987.00
	3904.31	0.00	6.76	989.00
	3904.32	0.00	6.77	989.00
	3904.33	0.00	6.78	993.00
	3904.35	0.00	6.82	998.00
	3904.36	0.00	6.79	991.00
	3904.37	0.00	6.67	975.00
	3904.38	0.00	6.67	975.00
	3904.39	0.00	6.66	975.00
	3904.40	0.00	6.66	975.00
	3904.42	0.00	6.67	975.00
	3904.43	0.00	6.67	975.00
	3904.44	0.00	6.67	974.00
	3904.45	0.00	6.74	977.00
	3904.46	0.00	6.75	975.00
	3904.47	0.00	6.72	984.00
	3904.48	0.00	6.70	994.00
	3904.50	0.00	6.70	993.00
	3904.51	0.00	6.69	991.00
	3904.52	0.00	6.66	990.00
	3904.53	0.00	6.62	981.00
	3904.54	0.00	6.74	997.00
	3904.55	0.00	6.75	994.00
	3904.57	0.00	6.76	995.00
	3904.58	0.00	6.81	998.00
	3904.59	0.00	6.84	999.00
	3904.60	0.00	6.84	996.00
	3904.61	0.00	6.84	994.00
	3904.62	0.00	6.79	1011.00
	3904.64	0.00	6.78	1010.00
	3904.65	0.00	6.73	1003.00
	3904.66	0.00	6.75	1008.00
	3904.67	0.00	6.75	1006.00
	3904.68	0.00	6.71	999.00
	3904.69	0.00	6.69	994.00
	3904.71	0.00	6.81	1015.00
	3904.72	0.00	6.81	1018.00
	3904.73	0.00	6.80	1017.00
	3904.74	0.00	6.81	1019.00
	3904.75	0.00	6.81	1019.00
	3904.76	0.00	6.80	1016.00
	3904.78	0.00	6.81	1018.00
	3904.79	0.00	6.80	1020.00
	3904.80	0.00	6.80	1021.00
	3904.81	0.00	6.79	1019.00
	3904.82	0.00	6.77	1018.00
	3904.83	0.00	6.75	1018.00
	3904.84	0.00	6.73	1018.00
	3904.86	0.00	6.72	1011.00
	3904.87	0.00	6.75	1016.00
	3904.88	0.00	6.75	1011.00
	3904.89	0.00	6.75	1011.00
	3904.90	0.00	6.75	1013.00
	3904.92	0.00	6.78	1014.00
	3904.93	0.00	6.79	1015.00
	3904.94	1.00	6.79	1017.00
	3904.95	1.00	6.71	1002.00
	3904.96	1.00	6.73	1009.00
	3904.97	1.00	6.73	1014.00
	3904.99	1.00	6.73	1015.00
	3905.00	1.00	6.72	1016.00
	3905.01	1.00	6.71	1013.00
	3905.02	1.00	6.64	1009.00
	3905.03	1.00	6.63	1005.00
	3905.04	1.00	6.73	997.00
	3905.05	1.00	6.75	996.00
	3905.07	1.00	6.76	996.00
	3905.08	1.00	6.77	996.00
	3905.09	0.00	6.79	1003.00
	3905.10	0.00	6.78	1002.00
	3905.11	0.00	6.67	980.00
	3905.12	0.00	6.66	981.00
	3905.14	0.00	6.66	981.00
	3905.15	0.00	6.65	980.00
	3905.16	0.00	6.67	981.00
	3905.17	0.00	6.66	981.00
	3905.18	0.00	6.65	981.00
	3905.19	0.00	6.67	980.00
	3905.21	0.00	6.73	984.00
	3905.22	0.00	6.73	980.00
	3905.23	0.00	6.69	1001.00
	3905.24	0.00	6.69	1001.00
	3905.25	0.00	6.67	998.00
	3905.26	0.00	6.65	999.00
	3905.27	0.00	6.63	992.00
	3905.29	0.00	6.62	990.00
	3905.30	0.00	6.59	987.00
	3905.31	0.00	6.73	1004.00
	3905.32	0.00	6.74	1004.00
	3905.33	0.00	6.74	1003.00
	3905.35	0.00	6.76	1002.00
	3905.36	0.00	6.77	1003.00
	3905.37	0.00	6.80	1006.00
	3905.38	0.00	6.82	1004.00
	3905.39	0.00	6.83	1001.00
	3905.40	0.00	6.79	1019.00
	3905.42	0.00	6.78	1018.00
	3905.43	0.00	6.78	1018.00
	3905.44	0.00	6.76	1017.00
	3905.45	0.00	6.74	1014.00
	3905.46	0.00	6.74	1012.00
	3905.47	0.00	6.71	1008.00
	3905.48	0.00	6.66	997.00
	3905.50	0.00	6.80	1025.00
	3905.51	0.00	6.79	1025.00
	3905.52	0.00	6.80	1024.00
	3905.53	0.00	6.80	1025.00
	3905.54	0.00	6.79	1023.00
	3905.55	0.00	6.78	1023.00
	3905.57	0.00	6.76	1022.00
	3905.58	0.00	6.76	1019.00
	3905.59	0.00	6.79	1027.00
	3905.60	0.00	6.79	1027.00
	3905.61	0.00	6.78	1027.00
	3905.63	0.00	6.73	1026.00
	3905.64	0.00	6.72	1025.00
	3905.65	0.00	6.73	1026.00
	3905.66	0.00	6.74	1028.00
	3905.67	0.00	6.73	1024.00
	3905.68	0.00	6.74	1019.00
	3905.69	0.00	6.75	1020.00
	3905.71	0.00	6.75	1021.00
	3905.72	0.00	6.76	1023.00
	3905.73	0.00	6.78	1024.00
	3905.74	0.00	6.78	1024.00
	3905.75	0.00	6.78	1024.00
	3905.77	0.00	6.78	1024.00
	3905.78	0.00	6.71	1023.00
	3905.79	0.00	6.71	1025.00
	3905.80	0.00	6.71	1025.00
	3905.81	0.00	6.67	1023.00
	3905.82	0.00	6.59	1017.00
	3905.84	0.00	6.60	1014.00
	3905.85	0.00	6.58	1015.00
	3905.86	0.00	6.60	1016.00
	3905.87	0.00	6.60	1007.00
	3905.88	0.00	6.71	1002.00
	3905.89	0.00	6.72	1003.00
	3905.90	0.00	6.74	1005.00
	3905.92	0.00	6.75	1009.00
	3905.93	0.00	6.77	1011.00
	3905.94	0.00	6.76	1009.00
	3905.95	0.00	6.77	1012.00
	3905.96	0.00	6.71	1001.00
	3905.97	0.00	6.64	989.00
	3905.99	0.00	6.63	988.00
	3906.00	0.00	6.61	987.00
	3906.01	0.00	6.63	986.00
	3906.02	0.00	6.63	985.00
	3906.03	0.00	6.64	987.00
	3906.04	0.00	6.64	987.00
	3906.06	0.00	6.64	986.00
	3906.07	0.00	6.71	990.00
	3906.08	0.00	6.72	986.00
	3906.09	0.00	6.70	986.00
	3906.10	0.00	6.66	1003.00
	3906.11	0.00	6.65	1001.00
	3906.13	0.00	6.66	1002.00
	3906.14	0.00	6.64	1000.00
	3906.15	0.00	6.63	999.00
	3906.16	0.00	6.62	996.00
	3906.17	0.00	6.57	985.00
	3906.18	0.00	6.72	1007.00
	3906.20	0.00	6.72	1006.00
	3906.21	0.00	6.72	1005.00
	3906.22	0.00	6.70	1002.00
	3906.23	0.00	6.73	1005.00
	3906.24	0.00	6.80	1009.00
	3906.25	0.00	6.80	1006.00
	3906.27	0.00	6.82	1004.00
	3906.28	0.00	6.79	1015.00
	3906.29	0.00	6.77	1019.00
	3906.30	0.00	6.76	1019.00
	3906.31	0.00	6.75	1017.00
	3906.32	0.00	6.74	1015.00
	3906.33	0.00	6.73	1014.00
	3906.35	0.00	6.72	1013.00
	3906.36	0.00	6.67	1004.00
	3906.37	0.00	6.80	1026.00
	3906.38	0.00	6.79	1025.00
	3906.39	0.00	6.78	1025.00
	3906.41	0.00	6.78	1025.00
	3906.42	0.00	6.74	1018.00
	3906.43	0.00	6.81	1024.00
	3906.44	0.00	6.79	1024.00
	3906.45	0.00	6.77	1017.00
	3906.46	0.00	6.79	1026.00
	3906.48	0.00	6.79	1026.00
	3906.49	0.00	6.78	1024.00
	3906.50	0.00	6.78	1025.00
	3906.51	0.00	6.74	1024.00
	3906.52	0.00	6.73	1023.00
	3906.53	0.00	6.72	1023.00
	3906.54	0.00	6.73	1021.00
	3906.56	0.00	6.75	1016.00
	3906.57	0.00	6.75	1017.00
	3906.58	0.00	6.75	1015.00
	3906.59	0.00	6.77	1015.00
	3906.60	0.00	6.78	1016.00
	3906.62	0.00	6.78	1016.00
	3906.63	0.00	6.79	1017.00
	3906.64	0.00	6.79	1014.00
	3906.65	0.00	6.73	1016.00
	3906.66	0.00	6.71	1017.00
	3906.67	0.00	6.72	1013.00
	3906.68	0.00	6.67	1006.00
	3906.70	0.00	6.64	1006.00
	3906.71	0.00	6.64	1002.00
	3906.72	0.00	6.74	991.00
	3906.73	0.00	6.75	989.00
	3906.74	0.00	6.75	990.00
	3906.75	0.00	6.75	990.00
	3906.77	0.00	6.73	995.00
	3906.78	0.00	6.82	999.00
	3906.79	0.00	6.67	976.00
	3906.80	0.00	6.67	974.00
	3906.81	0.00	6.65	973.00
	3906.82	0.00	6.66	975.00
	3906.84	0.00	6.66	974.00
	3906.85	0.00	6.66	972.00
	3906.86	0.00	6.66	974.00
	3906.87	0.00	6.67	973.00
	3906.88	0.00	6.73	975.00
	3906.89	0.00	6.75	972.00
	3906.91	0.00	6.71	973.00
	3906.92	0.00	6.70	991.00
	3906.93	0.00	6.70	991.00
	3906.94	0.00	6.69	991.00
	3906.95	0.00	6.67	988.00
	3906.96	0.00	6.65	984.00
	3906.97	0.00	6.61	977.00
	3906.99	0.00	6.74	994.00
	3907.00	0.00	6.75	993.00
	3907.01	0.00	6.76	995.00
	3907.02	0.00	6.77	992.00
	3907.03	0.00	6.81	995.00
	3907.04	0.00	6.84	990.00
	3907.06	0.00	6.80	1007.00
	3907.07	0.00	6.80	1007.00
	3907.08	0.00	6.80	1004.00
	3907.09	0.00	6.76	1003.00
	3907.10	0.00	6.77	1005.00
	3907.11	0.00	6.76	999.00
	3907.13	0.00	6.68	987.00
	3907.14	0.00	6.82	1012.00
	3907.15	0.00	6.82	1012.00
	3907.16	0.00	6.79	1009.00
	3907.17	0.00	6.81	1011.00
	3907.18	0.00	6.82	1011.00
	3907.19	0.00	6.80	1007.00
	3907.21	0.00	7.17	1053.00
	3907.22	0.00	7.13	1049.00
	3907.23	0.00	7.21	1063.00
	3907.24	0.00	6.82	1015.00
	3907.25	0.00	6.75	1006.00
	3907.27	0.00	6.75	1012.00
	3907.28	0.00	6.72	1012.00
	3907.29	0.00	7.15	1061.00
	3907.30	0.00	6.76	1012.00
	3907.31	0.00	6.75	1007.00
	3907.32	0.00	6.77	1006.00
	3907.34	0.00	7.18	1056.00
	3907.35	0.00	7.19	1056.00
	3907.36	0.00	6.76	1007.00
	3907.37	0.00	6.79	1008.00
	3907.38	0.00	7.20	1058.00
	3907.39	0.00	6.81	1009.00
	3907.41	0.00	6.78	1004.00
	3907.42	0.00	7.14	1060.00
	3907.43	0.00	6.74	1009.00
	3907.44	0.00	6.71	1007.00
	3907.45	0.00	6.63	998.00
	3907.46	0.00	6.65	1001.00
	3907.48	0.00	6.67	993.00
	3907.49	0.00	6.76	986.00
	3907.50	0.00	6.76	987.00
	3907.51	0.00	6.78	987.00
	3907.52	0.00	7.19	1041.00
	3907.53	0.00	6.81	995.00
	3907.55	0.00	6.70	977.00
	3907.56	0.00	6.68	973.00
	3907.57	0.00	6.67	972.00
	3907.58	0.00	6.67	971.00
	3907.59	0.00	6.67	972.00
	3907.60	0.00	6.67	971.00
	3907.61	0.00	6.68	972.00
	3907.63	0.00	6.67	971.00
	3907.64	0.00	6.73	974.00
	3907.65	0.00	6.74	971.00
	3907.66	0.00	6.75	967.00
	3907.67	0.00	6.70	989.00
	3907.68	0.00	6.70	990.00
	3907.70	0.00	6.71	989.00
	3907.71	0.00	6.68	989.00
	3907.72	0.00	6.65	985.00
	3907.73	0.00	6.61	975.00
	3907.74	0.00	6.75	995.00
	3907.75	0.00	6.73	989.00
	3907.77	0.00	6.77	987.00
	3907.78	0.00	6.78	986.00
	3907.79	0.00	6.84	988.00
	3907.80	0.00	6.85	983.00
	3907.81	0.00	6.82	995.00
	3907.82	0.00	6.81	999.00
	3907.83	0.00	6.80	997.00
	3907.85	0.00	6.77	995.00
	3907.86	0.00	6.73	985.00
	3907.87	0.00	6.71	977.00
	3907.88	0.00	6.83	1001.00
	3907.89	0.00	6.83	1000.00
	3907.90	0.00	6.85	997.00
	3907.92	0.00	7.23	1049.00
	3907.93	0.00	7.24	1047.00
	3907.94	0.00	7.24	1046.00
	3907.95	0.00	7.19	1034.00
	3907.96	0.00	7.23	1048.00
	3907.97	0.00	6.83	997.00
	3907.99	0.00	6.83	996.00
	3908.00	0.00	7.22	1044.00
	3908.01	0.00	7.18	1041.00
	3908.02	0.00	7.19	1042.00
	3908.03	0.00	7.19	1036.00
	3908.04	0.00	7.21	1032.00
	3908.06	0.00	7.22	1031.00
	3908.07	0.00	7.22	1029.00
	3908.08	0.00	7.23	1028.00
	3908.09	0.00	6.84	979.00
	3908.10	0.00	7.26	1031.00
	3908.11	0.00	7.25	1028.00
	3908.13	0.00	7.19	1032.00
	3908.14	0.00	7.18	1031.00
	3908.15	0.00	6.79	980.00
	3908.16	0.00	6.71	971.00
	3908.17	0.00	6.72	969.00
	3908.18	0.00	6.70	965.00
	3908.20	0.00	6.83	954.00
	3908.21	0.00	6.83	953.00
	3908.22	0.00	6.86	954.00
	3908.23	0.00	7.28	1008.00
	3908.24	0.00	7.29	1009.00
	3908.25	0.00	6.75	938.00
	3908.26	0.00	6.74	937.00
	3908.28	0.00	6.73	935.00
	3908.29	0.00	6.73	935.00
	3908.30	0.00	6.71	931.00
	3908.31	0.00	6.74	935.00
	3908.32	0.00	6.73	938.00
	3908.33	0.00	6.75	936.00
	3908.35	0.00	6.80	938.00
	3908.36	0.00	6.81	941.00
	3908.37	0.00	6.80	939.00
	3908.38	0.00	6.80	938.00
	3908.39	0.00	6.75	955.00
	3908.40	0.00	6.73	951.00
	3908.41	0.00	6.72	953.00
	3908.43	0.00	6.67	943.00
	3908.44	0.00	6.80	958.00
	3908.45	0.00	6.82	962.00
	3908.46	0.00	6.81	960.00
	3908.47	0.00	6.89	964.00
	3908.48	0.00	6.87	963.00
	3908.50	0.00	6.86	962.00
	3908.51	0.00	6.83	978.00
	3908.52	0.00	6.83	982.00
	3908.53	0.00	6.80	981.00
	3908.54	0.00	6.76	974.00
	3908.55	0.00	6.74	969.00
	3908.57	0.00	6.86	982.00
	3908.58	0.00	6.85	989.00
	3908.59	0.00	6.83	987.00
	3908.60	0.00	6.85	990.00
	3908.61	0.00	6.84	986.00
	3908.62	0.00	6.82	981.00
	3908.64	0.00	6.83	987.00
	3908.65	0.00	6.81	986.00
	3908.66	0.00	6.82	988.00
	3908.67	0.00	6.80	986.00
	3908.68	0.00	6.76	986.00
	3908.69	0.00	6.73	985.00
	3908.71	0.00	6.76	982.00
	3908.72	0.00	6.76	986.00
	3908.73	0.00	6.74	989.00
	3908.74	0.00	6.78	997.00
	3908.75	0.00	6.76	1006.00
	3908.76	0.00	6.75	1016.00
	3908.77	0.00	6.73	1030.00
	3908.79	0.00	6.63	1051.00
	3908.80	0.00	6.60	1074.00
	3908.81	0.00	6.55	1100.00
	3908.82	0.00	6.47	1125.00
	3908.83	0.00	6.39	1147.00
	3908.84	0.00	6.32	1172.00
	3908.86	0.00	6.30	1214.00
	3908.87	0.00	6.25	1252.00
	3908.88	0.00	6.18	1281.00
	3908.89	0.00	6.14	1308.00
	3908.90	0.00	6.15	1335.00
	3908.92	0.00	6.16	1344.00
	3908.93	0.00	6.16	1350.00
	3908.94	0.00	6.17	1357.00
	3908.95	0.00	6.15	1353.00
	3908.96	0.00	6.17	1354.00
	3908.97	0.00	6.18	1348.00
	3908.98	0.00	6.19	1339.00
	3909.00	0.00	6.22	1330.00
	3909.01	0.00	6.24	1317.00
	3909.02	0.00	6.29	1301.00
	3909.03	0.00	6.32	1281.00
	3909.04	0.00	6.34	1258.00
	3909.06	0.00	6.39	1237.00
	3909.07	0.00	6.42	1217.00
	3909.08	0.00	6.46	1200.00
	3909.09	0.00	6.88	1235.00
	3909.10	0.00	6.95	1221.00
	3909.11	0.00	6.98	1202.00
	3909.13	0.00	6.94	1172.00
	3909.14	0.00	6.96	1155.00
	3909.15	0.00	6.99	1135.00
	3909.16	0.00	7.06	1125.00
	3909.17	0.00	7.14	1116.00
	3909.18	0.00	7.23	1102.00
	3909.20	0.00	7.27	1084.00
	3909.21	0.00	7.39	1062.00
	3909.22	0.00	7.48	1049.00
	3909.23	0.00	7.64	1029.00
	3909.24	0.00	7.81	1021.00
	3909.25	0.00	7.99	1016.00
	3909.27	0.00	8.12	1006.00
	3909.28	0.00	8.40	942.00
	3909.29	0.00	8.10	875.00
	3909.30	0.00	8.75	934.00
	3909.31	0.00	8.98	953.00
	3909.32	0.00	8.98	959.00
	3909.34	0.00	9.10	959.00
	3909.35	0.00	9.12	961.00
	3909.36	0.00	9.12	963.00
	3909.37	0.00	9.14	959.00
	3909.38	0.00	9.07	946.00
	3909.39	0.00	8.92	922.00
	3909.40	0.00	8.75	893.00
	3909.42	0.00	8.60	865.00
	3909.43	0.00	8.37	826.00
	3909.44	0.00	8.34	803.00
	3909.45	0.00	8.38	789.00
	3909.46	0.00	8.27	765.00
	3909.48	0.00	8.11	739.00
	3909.49	0.00	7.91	721.00
	3909.50	0.00	6.48	615.00
	3909.51	0.00	6.46	637.00
	3909.52	0.00	6.52	649.00
	3909.53	0.00	6.47	655.00
	3909.54	0.00	6.49	650.00
	3909.56	0.00	6.50	649.00
	3909.57	0.00	6.53	644.00
	3909.58	0.00	6.56	643.00
	3909.59	0.00	6.58	639.00
	3909.60	0.00	6.60	638.00
	3909.61	0.00	6.58	639.00
	3909.62	0.00	6.56	638.00
	3909.64	0.00	6.57	639.00
	3909.65	0.00	6.57	639.00
	3909.66	0.00	6.56	639.00
	3909.67	0.00	6.58	637.00
	3909.68	0.00	6.58	638.00
	3909.69	0.00	6.57	636.00
	3909.71	0.00	6.60	636.00
	3909.72	0.00	6.60	636.00
	3909.73	0.00	6.54	630.00
	3909.74	0.00	6.52	631.00
	3909.75	0.00	6.53	629.00
	3909.76	0.00	6.56	624.00
	3909.78	0.00	6.56	623.00
	3909.79	0.00	6.59	623.00
	3909.80	0.00	6.57	622.00
	3909.81	0.00	6.59	619.00
	3909.82	0.00	6.59	619.00
	3909.83	0.00	6.61	617.00
	3909.85	0.00	6.60	617.00
	3909.86	0.00	6.61	618.00
	3909.87	0.00	6.59	616.00
	3909.88	0.00	6.60	616.00
	3909.89	0.00	6.60	616.00
	3909.90	0.00	6.61	617.00
	3909.91	0.00	6.60	616.00
	3909.93	0.00	6.55	631.00
	3909.94	0.00	6.54	657.00
	3909.95	0.00	6.26	777.00
	3909.96	0.00	5.86	1036.00
	3909.97	0.00	5.67	1208.00
	3909.98	0.00	5.69	1232.00
	3910.00	0.00	5.68	1213.00
	3910.01	0.00	5.65	1208.00
	3910.02	0.00	5.63	1240.00
	3910.03	0.00	5.62	1287.00
	3910.04	0.00	5.59	1320.00
	3910.05	0.00	5.57	1342.00
	3910.07	0.00	5.56	1353.00
	3910.08	0.00	5.92	1408.00
	3910.09	0.00	5.92	1405.00
	3910.10	0.00	5.94	1396.00
	3910.11	0.00	5.97	1378.00
	3910.12	0.00	6.04	1355.00
	3910.14	0.00	6.14	1326.00
	3910.15	0.00	6.20	1295.00
	3910.16	0.00	6.26	1264.00
	3910.17	0.00	6.34	1232.00
	3910.18	0.00	6.43	1197.00
	3910.19	0.00	6.50	1167.00
	3910.21	0.00	6.53	1147.00
	3910.22	0.00	6.57	1110.00
	3910.23	0.00	6.63	1068.00
	3910.24	0.00	6.67	1033.00
	3910.25	0.00	6.69	1003.00
	3910.26	0.00	6.78	974.00
	3910.28	0.00	6.89	950.00
	3910.29	0.00	7.00	924.00
	3910.30	0.00	7.13	927.00
	3910.31	0.00	7.27	915.00
	3910.32	0.00	7.38	909.00
	3910.33	0.00	7.51	908.00
	3910.34	0.00	8.25	950.00
	3910.36	0.00	8.38	954.00
	3910.37	0.00	8.53	970.00
	3910.38	0.00	8.82	930.00
	3910.39	0.00	8.96	951.00
	3910.40	0.00	8.97	976.00
	3910.41	0.00	9.14	987.00
	3910.43	0.00	9.27	994.00
	3910.44	0.00	9.47	973.00
	3910.45	0.00	9.49	964.00
	3910.46	0.00	9.29	933.00
	3910.47	0.00	8.99	888.00
	3910.48	0.00	8.68	844.00
	3910.50	0.00	8.50	812.00
	3910.51	0.00	8.28	778.00
	3910.52	0.00	7.21	691.00
	3910.53	0.00	7.01	674.00
	3910.54	0.00	6.19	696.00
	3910.55	0.00	6.13	720.00
	3910.56	0.00	6.20	721.00
	3910.58	0.00	6.27	699.00
	3910.59	0.00	6.30	695.00
	3910.60	0.00	6.32	689.00
	3910.61	0.00	6.35	678.00
	3910.62	0.00	6.35	678.00
	3910.63	0.00	6.38	679.00
	3910.65	0.00	6.40	674.00
	3910.66	0.00	6.45	661.00
	3910.67	0.00	6.46	662.00
	3910.68	0.00	6.44	662.00
	3910.69	0.00	6.52	661.00
	3910.70	0.00	6.53	659.00
	3910.72	0.00	6.49	673.00
	3910.73	0.00	6.52	664.00
	3910.74	0.00	6.48	663.00
	3910.75	0.00	6.50	662.00
	3910.76	0.00	6.51	659.00
	3910.77	0.00	6.50	660.00
	3910.79	0.00	6.54	652.00
	3910.80	0.00	6.56	641.00
	3910.81	0.00	6.56	643.00
	3910.82	0.00	6.60	632.00
	3910.83	0.00	6.63	633.00
	3910.84	0.00	6.68	633.00
	3910.85	0.00	6.68	632.00
	3910.87	0.00	6.66	635.00
	3910.88	0.00	6.67	634.00
	3910.89	0.00	6.68	632.00
	3910.90	0.00	6.64	630.00
	3910.91	0.00	6.66	635.00
	3910.92	0.00	6.66	636.00
	3910.94	0.00	6.64	638.00
	3910.95	0.00	6.61	666.00
	3910.96	0.00	6.49	715.00
	3910.97	0.00	6.09	899.00
	3910.98	0.00	5.53	1256.00
	3910.99	0.00	5.59	1327.00
	3911.01	0.00	5.63	1314.00
	3911.02	0.00	5.66	1267.00
	3911.03	0.00	5.65	1269.00
	3911.04	0.00	5.61	1321.00
	3911.05	0.00	5.96	1419.00
	3911.06	0.00	6.04	1447.00
	3911.07	0.00	6.07	1461.00
	3911.09	0.00	6.13	1437.00
	3911.10	0.00	6.20	1402.00
	3911.11	0.00	6.26	1358.00
	3911.12	0.00	6.37	1318.00
	3911.13	0.00	6.46	1267.00
	3911.15	0.00	6.56	1211.00
	3911.16	0.00	6.64	1153.00
	3911.17	0.00	6.70	1096.00
	3911.18	0.00	6.76	1037.00
	3911.19	0.00	6.82	981.00
	3911.20	0.00	6.90	932.00
	3911.22	0.00	6.98	890.00
	3911.23	0.00	7.03	860.00
	3911.24	0.00	7.11	832.00
	3911.25	0.00	7.16	820.00
	3911.26	0.00	7.20	818.00
	3911.27	0.00	7.25	817.00
	3911.28	0.00	7.30	823.00
	3911.30	0.00	7.38	828.00
	3911.31	0.00	7.50	833.00
	3911.32	0.00	7.60	846.00
	3911.33	0.00	7.60	846.00
	3911.34	0.00	7.67	842.00
	3911.35	0.00	7.87	821.00
	3911.37	0.00	7.95	817.00
	3911.38	0.00	8.63	873.00
	3911.39	0.00	8.76	885.00
	3911.40	0.00	8.85	892.00
	3911.41	0.00	9.03	916.00
	3911.42	0.00	9.23	926.00
	3911.44	0.00	9.25	921.00
	3911.45	0.00	9.35	926.00
	3911.46	0.00	9.41	934.00
	3911.47	0.00	9.45	937.00
	3911.48	0.00	9.37	926.00
	3911.49	0.00	9.17	902.00
	3911.50	0.00	8.83	864.00
	3911.52	0.00	8.52	823.00
	3911.53	0.00	8.43	798.00
	3911.54	0.00	8.29	771.00
	3911.55	0.00	8.04	740.00
	3911.56	0.00	7.01	663.00
	3911.57	0.00	6.34	617.00
	3911.59	0.00	6.38	636.00
	3911.60	0.00	6.51	637.00
	3911.61	0.00	6.44	652.00
	3911.62	0.00	6.50	637.00
	3911.63	0.00	6.51	633.00
	3911.64	0.00	6.49	630.00
	3911.66	0.00	6.52	630.00
	3911.67	0.00	6.53	630.00
	3911.68	0.00	6.57	634.00
	3911.69	0.00	6.58	635.00
	3911.70	0.00	6.57	643.00
	3911.71	0.00	6.56	642.00
	3911.73	0.00	6.58	641.00
	3911.74	0.00	6.57	641.00
	3911.75	0.00	6.51	660.00
	3911.76	0.00	6.57	642.00
	3911.77	0.00	6.46	676.00
	3911.78	0.00	6.47	672.00
	3911.79	0.00	6.48	658.00
	3911.81	0.00	6.55	645.00
	3911.82	0.00	6.58	637.00
	3911.83	0.00	6.60	635.00
	3911.84	0.00	6.60	634.00
	3911.85	0.00	6.60	632.00
	3911.86	0.00	6.55	628.00
	3911.88	0.00	6.54	624.00
	3911.89	0.00	6.56	620.00
	3911.90	0.00	6.58	620.00
	3911.91	0.00	6.56	620.00
	3911.92	0.00	6.56	622.00
	3911.93	0.00	6.55	620.00
	3911.95	0.00	6.56	622.00
	3911.96	0.00	6.57	621.00
	3911.97	0.00	6.57	623.00
	3911.98	0.00	6.52	640.00
	3911.99	0.00	6.34	698.00
	3912.00	0.00	5.79	978.00
	3912.01	0.00	5.26	1375.00
	3912.03	0.00	5.34	1433.00
	3912.04	0.00	5.48	1351.00
	3912.05	0.00	5.47	1319.00
	3912.06	0.00	5.47	1340.00
	3912.07	0.00	5.43	1406.00
	3912.09	0.00	5.76	1494.00
	3912.10	0.00	5.91	1524.00
	3912.11	0.00	5.99	1534.00
	3912.12	0.00	6.00	1515.00
	3912.13	0.00	6.01	1496.00
	3912.14	0.00	6.03	1474.00
	3912.16	0.00	6.05	1448.00
	3912.17	0.00	6.09	1419.00
	3912.18	0.00	6.15	1379.00
	3912.19	0.00	6.21	1336.00
	3912.20	0.00	6.31	1296.00
	3912.21	0.00	6.41	1261.00
	3912.23	0.00	6.50	1215.00
	3912.24	0.00	6.60	1173.00
	3912.25	0.00	6.70	1136.00
	3912.26	0.00	6.81	1098.00
	3912.27	0.00	6.92	1069.00
	3912.28	0.00	7.07	1041.00
	3912.30	0.00	7.20	1018.00
	3912.31	0.00	7.35	995.00
	3912.32	0.00	7.52	968.00
	3912.33	0.00	7.62	953.00
	3912.34	0.00	7.69	930.00
	3912.35	0.00	7.80	917.00
	3912.37	0.00	7.88	910.00
	3912.38	0.00	8.61	956.00
	3912.39	0.00	8.70	959.00
	3912.40	0.00	8.81	972.00
	3912.41	0.00	8.83	979.00
	3912.42	0.00	9.05	962.00
	3912.43	0.00	9.14	980.00
	3912.45	0.00	9.28	988.00
	3912.46	0.00	9.37	995.00
	3912.47	0.00	9.51	982.00
	3912.48	0.00	9.47	998.00
	3912.49	0.00	9.54	995.00
	3912.50	0.00	9.59	974.00
	3912.52	0.00	9.49	945.00
	3912.53	0.00	9.14	884.00
	3912.54	0.00	8.72	830.00
	3912.55	0.00	8.51	795.00
	3912.56	0.00	8.30	766.00
	3912.57	0.00	7.42	694.00
	3912.59	0.00	7.20	671.00
	3912.60	0.00	7.02	670.00
	3912.61	0.00	7.01	680.00
	3912.62	0.00	6.53	636.00
	3912.63	0.00	6.49	646.00
	3912.64	0.00	6.52	641.00
	3912.65	0.00	6.54	638.00
	3912.67	0.00	6.52	634.00
	3912.68	0.00	6.54	631.00
	3912.69	0.00	6.54	633.00
	3912.70	0.00	6.48	654.00
	3912.71	0.00	6.48	656.00
	3912.72	0.00	6.48	656.00
	3912.74	0.00	6.50	654.00
	3912.75	0.00	6.46	651.00
	3912.76	0.00	6.44	644.00
	3912.77	0.00	6.45	642.00
	3912.78	0.00	6.46	640.00
	3912.79	0.00	6.47	640.00
	3912.81	0.00	6.45	640.00
	3912.82	0.00	6.46	638.00
	3912.83	0.00	6.52	629.00
	3912.84	0.00	6.51	630.00
	3912.85	0.00	6.51	631.00
	3912.86	0.00	6.51	628.00
	3912.88	0.00	6.53	628.00
	3912.89	0.00	6.54	622.00
	3912.90	0.00	6.52	614.00
	3912.91	0.00	6.50	613.00
	3912.92	0.00	6.50	612.00
	3912.93	0.00	6.53	610.00
	3912.94	0.00	6.52	610.00
	3912.96	0.00	6.53	611.00
	3912.97	0.00	6.54	612.00
	3912.98	0.00	6.53	612.00
	3912.99	0.00	6.53	611.00
	3913.00	0.00	6.53	613.00
	3913.01	0.00	6.49	623.00
	3913.03	0.00	6.49	626.00
	3913.04	0.00	6.50	615.00
	3913.05	0.00	6.49	617.00
	3913.06	0.00	6.40	660.00
	3913.07	0.00	6.10	798.00
	3913.08	0.00	5.65	1149.00
	3913.10	0.00	5.50	1318.00
	3913.11	0.00	5.56	1311.00
	3913.12	0.00	5.62	1278.00
	3913.13	0.00	5.66	1283.00
	3913.14	0.00	5.61	1325.00
	3913.15	0.00	6.06	1403.00
	3913.16	0.00	6.09	1413.00
	3913.18	0.00	6.12	1417.00
	3913.19	0.00	6.18	1401.00
	3913.20	0.00	6.26	1381.00
	3913.21	0.00	6.34	1361.00
	3913.22	0.00	6.40	1339.00
	3913.23	0.00	6.47	1302.00
	3913.25	0.00	6.53	1261.00
	3913.26	0.00	6.60	1220.00
	3913.27	0.00	6.68	1185.00
	3913.28	0.00	6.74	1145.00
	3913.29	0.00	6.83	1101.00
	3913.31	0.00	6.90	1066.00
	3913.32	0.00	6.98	1020.00
	3913.33	0.00	7.07	974.00
	3913.34	0.00	7.16	933.00
	3913.35	0.00	7.26	898.00
	3913.36	0.00	7.34	875.00
	3913.37	0.00	7.35	861.00
	3913.39	0.00	7.44	853.00
	3913.40	0.00	7.54	849.00
	3913.41	0.00	7.60	831.00
	3913.42	0.00	7.57	859.00
	3913.43	0.00	7.62	858.00
	3913.44	0.00	7.65	857.00
	3913.46	0.00	7.69	860.00
	3913.47	0.00	8.41	918.00
	3913.48	0.00	8.50	929.00
	3913.49	0.00	8.58	936.00
	3913.50	0.00	8.94	885.00
	3913.51	0.00	9.00	888.00
	3913.53	0.00	9.01	930.00
	3913.54	0.00	9.22	907.00
	3913.55	0.00	9.31	913.00
	3913.56	0.00	9.36	912.00
	3913.57	0.00	9.41	912.00
	3913.58	0.00	9.49	914.00
	3913.59	0.00	9.49	905.00
	3913.61	0.00	9.36	887.00
	3913.62	0.00	9.25	865.00
	3913.63	0.00	9.01	833.00
	3913.64	0.00	8.77	807.00
	3913.65	0.00	8.54	779.00
	3913.66	0.00	8.42	763.00
	3913.68	0.00	8.12	732.00
	3913.69	0.00	7.15	663.00
	3913.70	0.00	7.10	671.00
	3913.71	0.00	7.03	673.00
	3913.72	0.00	6.47	632.00
	3913.73	0.00	6.46	642.00
	3913.75	0.00	6.39	638.00
	3913.76	0.00	6.41	638.00
	3913.77	0.00	6.43	634.00
	3913.78	0.00	6.43	628.00
	3913.79	0.00	6.47	627.00
	3913.80	0.00	6.47	627.00
	3913.82	0.00	6.47	627.00
	3913.83	0.00	6.48	628.00
	3913.84	0.00	6.49	627.00
	3913.85	0.00	6.47	623.00
	3913.86	0.00	6.47	621.00
	3913.87	0.00	6.48	621.00
	3913.88	0.00	6.49	618.00
	3913.90	0.00	6.48	617.00
	3913.91	0.00	6.55	617.00
	3913.92	0.00	6.57	618.00
	3913.93	0.00	6.57	618.00
	3913.94	0.00	6.55	623.00
	3913.95	0.00	6.56	622.00
	3913.97	0.00	6.55	620.00
	3913.98	0.00	6.56	619.00
	3913.99	0.00	6.55	616.00
	3914.00	0.00	6.57	618.00
	3914.01	0.00	6.58	618.00
	3914.02	0.00	6.57	618.00
	3914.03	0.00	6.64	623.00
	3914.05	0.00	6.64	624.00
	3914.06	0.00	6.63	623.00
	3914.07	0.00	6.63	623.00
	3914.08	0.00	6.61	627.00
	3914.09	0.00	6.63	623.00
	3914.10	0.00	6.63	621.00
	3914.12	0.00	6.63	619.00
	3914.13	0.00	6.64	621.00
	3914.14	0.00	6.63	618.00
	3914.15	0.00	6.65	619.00
	3914.16	0.00	6.64	620.00
	3914.17	0.00	6.59	638.00
	3914.19	0.00	6.45	679.00
	3914.20	0.00	6.29	755.00
	3914.21	0.00	6.06	909.00
	3914.22	0.00	5.83	1078.00
	3914.23	0.00	5.74	1169.00
	3914.24	0.00	5.73	1178.00
	3914.25	0.00	5.72	1174.00
	3914.27	0.00	5.74	1197.00
	3914.28	0.00	5.69	1242.00
	3914.29	0.00	6.06	1356.00
	3914.30	0.00	6.12	1373.00
	3914.31	0.00	6.13	1388.00
	3914.33	0.00	6.14	1391.00
	3914.34	0.00	6.18	1382.00
	3914.35	0.00	6.18	1369.00
	3914.36	0.00	6.28	1357.00
	3914.37	0.00	6.33	1340.00
	3914.38	0.00	6.40	1320.00
	3914.40	0.00	6.45	1293.00
	3914.41	0.00	6.52	1267.00
	3914.42	0.00	6.58	1238.00
	3914.43	0.00	6.64	1205.00
	3914.44	0.00	6.71	1176.00
	3914.45	0.00	6.77	1150.00
	3914.47	0.00	6.83	1126.00
	3914.48	0.00	6.91	1104.00
	3914.49	0.00	6.98	1080.00
	3914.50	0.00	7.07	1058.00
	3914.51	0.00	7.15	1037.00
	3914.52	0.00	7.23	1011.00
	3914.53	0.00	7.30	992.00
	3914.55	0.00	7.38	967.00
	3914.56	0.00	7.44	949.00
	3914.57	0.00	7.49	929.00
	3914.58	0.00	7.55	915.00
	3914.59	0.00	8.22	951.00
	3914.60	0.00	8.25	944.00
	3914.62	0.00	8.33	937.00
	3914.63	0.00	8.45	936.00
	3914.64	0.00	8.55	939.00
	3914.65	0.00	8.63	920.00
	3914.66	0.00	8.71	921.00
	3914.67	0.00	8.80	926.00
	3914.69	0.00	8.90	931.00
	3914.70	0.00	8.92	939.00
	3914.71	0.00	9.16	898.00
	3914.72	0.00	9.18	902.00
	3914.73	0.00	9.15	920.00
	3914.74	0.00	9.25	928.00
	3914.76	0.00	9.35	906.00
	3914.77	0.00	9.32	896.00
	3914.78	0.00	9.28	880.00
	3914.79	0.00	9.23	865.00
	3914.80	0.00	9.10	847.00
	3914.81	0.00	8.94	821.00
	3914.82	0.00	8.79	804.00
	3914.84	0.00	8.53	774.00
	3914.85	0.00	8.37	753.00
	3914.86	0.00	8.19	733.00
	3914.87	0.00	8.01	713.00
	3914.88	0.00	7.10	664.00
	3914.89	0.00	7.06	666.00
	3914.91	0.00	7.00	684.00
	3914.92	0.00	6.44	646.00
	3914.93	0.00	6.42	646.00
	3914.94	0.00	6.46	640.00
	3914.95	0.00	6.49	641.00
	3914.96	0.00	6.55	642.00
	3914.98	0.00	6.57	640.00
	3914.99	0.00	6.56	647.00
	3915.00	0.00	6.56	645.00
	3915.01	0.00	6.53	643.00
	3915.02	0.00	6.56	644.00
	3915.03	0.00	6.55	644.00
	3915.04	0.00	6.55	644.00
	3915.06	0.00	6.55	643.00
	3915.07	0.00	6.56	641.00
	3915.08	0.00	6.56	639.00
	3915.09	0.00	6.58	638.00
	3915.10	0.00	6.57	635.00
	3915.11	0.00	6.60	627.00
	3915.13	0.00	6.60	626.00
	3915.14	0.00	6.63	622.00
	3915.15	0.00	6.60	619.00
	3915.16	0.00	6.57	618.00
	3915.17	0.00	6.57	618.00
	3915.18	0.00	6.57	616.00
	3915.20	0.00	6.58	615.00
	3915.21	0.00	6.57	617.00
	3915.22	0.00	6.57	619.00
	3915.23	0.00	6.58	618.00
	3915.24	0.00	6.57	621.00
	3915.25	0.00	6.58	625.00
	3915.27	0.00	6.58	623.00
	3915.28	0.00	6.59	624.00
	3915.29	0.00	6.59	625.00
	3915.30	0.00	6.58	624.00
	3915.31	0.00	6.59	626.00
	3915.32	0.00	6.59	625.00
	3915.33	0.00	6.59	623.00
	3915.35	0.00	6.51	625.00
	3915.36	0.00	6.49	628.00
	3915.37	0.00	6.52	618.00
	3915.38	0.00	6.55	613.00
	3915.39	0.00	6.51	629.00
	3915.40	0.00	6.42	657.00
	3915.42	0.00	6.26	755.00
	3915.43	0.00	5.92	927.00
	3915.44	0.00	5.74	1101.00
	3915.45	0.00	5.64	1163.00
	3915.46	0.00	5.68	1169.00
	3915.47	0.00	5.73	1171.00
	3915.49	0.00	5.73	1168.00
	3915.50	0.00	5.72	1191.00
	3915.51	0.00	6.08	1265.00
	3915.52	0.00	6.10	1290.00
	3915.53	0.00	6.10	1294.00
	3915.54	0.00	6.16	1304.00
	3915.56	0.00	6.21	1298.00
	3915.57	0.00	6.24	1284.00
	3915.58	0.00	6.32	1267.00
	3915.59	0.00	6.38	1243.00
	3915.60	0.00	6.48	1213.00
	3915.61	0.00	6.51	1169.00
	3915.63	0.00	6.58	1128.00
	3915.64	0.00	6.64	1093.00
	3915.65	0.00	6.70	1060.00
	3915.66	0.00	6.74	1026.00
	3915.67	0.00	6.81	988.00
	3915.68	0.00	6.84	966.00
	3915.70	0.00	6.99	929.00
	3915.71	0.00	7.08	889.00
	3915.72	0.00	7.14	867.00
	3915.73	0.00	7.17	849.00
	3915.74	0.00	7.18	854.00
	3915.75	0.00	7.23	842.00
	3915.76	0.00	7.25	833.00
	3915.78	0.00	7.26	830.00
	3915.79	0.00	7.25	826.00
	3915.80	0.00	7.92	869.00
	3915.81	0.00	7.96	870.00
	3915.82	0.00	7.95	868.00
	3915.83	0.00	7.99	847.00
	3915.85	0.00	8.24	815.00
	3915.86	0.00	8.27	806.00
	3915.87	0.00	8.30	803.00
	3915.88	0.00	8.35	798.00
	3915.89	0.00	8.37	794.00
	3915.90	0.00	8.38	795.00
	3915.92	0.00	8.40	792.00
	3915.93	0.00	8.45	794.00
	3915.94	0.00	8.44	797.00
	3915.95	0.00	8.48	797.00
	3915.96	0.00	8.54	798.00
	3915.97	0.00	8.60	802.00
	3915.98	0.00	8.61	798.00
	3916.00	0.00	8.64	802.00
	3916.01	0.00	8.67	802.00
	3916.02	0.00	8.74	803.00
	3916.03	0.00	8.73	802.00
	3916.04	0.00	8.71	799.00
	3916.05	0.00	8.66	792.00
	3916.07	0.00	8.58	783.00
	3916.08	0.00	8.46	776.00
	3916.09	0.00	8.40	769.00
	3916.10	0.00	8.41	766.00
	3916.11	0.00	8.36	759.00
	3916.12	0.00	8.29	750.00
	3916.14	0.00	8.15	734.00
	3916.15	0.00	8.02	724.00
	3916.16	0.00	6.67	617.00
	3916.17	0.00	6.68	618.00
	3916.18	0.00	6.63	625.00
	3916.19	0.00	6.53	624.00
	3916.21	0.00	6.54	631.00
	3916.22	0.00	6.57	629.00
	3916.23	0.00	6.57	624.00
	3916.24	0.00	6.58	622.00
	3916.25	0.00	6.54	618.00
	3916.26	0.00	6.55	618.00
	3916.27	0.00	6.55	618.00
	3916.29	0.00	6.55	618.00
	3916.30	0.00	6.56	617.00
	3916.31	0.00	6.55	615.00
	3916.32	0.00	6.56	617.00
	3916.33	0.00	6.57	616.00
	3916.34	0.00	6.63	619.00
	3916.36	0.00	6.64	620.00
	3916.37	0.00	6.62	624.00
	3916.38	0.00	6.62	624.00
	3916.39	0.00	6.63	625.00
	3916.40	0.00	6.63	625.00
	3916.41	0.00	6.65	622.00
	3916.43	0.00	6.63	623.00
	3916.44	0.00	6.65	623.00
	3916.45	0.00	6.65	620.00
	3916.46	0.00	6.72	625.00
	3916.47	0.00	6.71	623.00
	3916.48	0.00	6.71	627.00
	3916.49	0.00	6.73	627.00
	3916.51	0.00	6.72	626.00
	3916.52	0.00	6.71	625.00
	3916.53	0.00	6.71	626.00
	3916.54	0.00	6.70	628.00
	3916.55	0.00	6.69	626.00
	3916.56	0.00	6.69	625.00
	3916.57	0.00	6.71	625.00
	3916.59	0.00	6.69	625.00
	3916.60	0.00	6.69	624.00
	3916.61	0.00	6.69	624.00
	3916.62	0.00	6.70	624.00
	3916.63	0.00	6.69	622.00
	3916.64	0.00	6.64	620.00
	3916.66	0.00	6.66	620.00
	3916.67	0.00	6.63	618.00
	3916.68	0.00	6.64	619.00
	3916.69	0.00	6.62	620.00
	3916.70	0.00	6.63	618.00
	3916.71	0.00	6.62	633.00
	3916.73	0.00	6.53	667.00
	3916.74	0.00	6.33	757.00
	3916.75	0.00	6.07	897.00
	3916.76	0.00	5.87	1039.00
	3916.77	0.00	5.77	1121.00
	3916.78	0.00	5.73	1166.00
	3916.79	0.00	5.73	1180.00
	3916.81	0.00	5.75	1176.00
	3916.82	0.00	5.77	1202.00
	3916.83	0.00	5.72	1234.00
	3916.84	0.00	5.72	1249.00
	3916.85	0.00	5.71	1267.00
	3916.86	0.00	5.70	1277.00
	3916.88	0.00	5.69	1284.00
	3916.89	0.00	5.70	1288.00
	3916.90	0.00	5.98	1330.00
	3916.91	0.00	6.00	1318.00
	3916.92	0.00	6.04	1302.00
	3916.93	0.00	6.08	1281.00
	3916.95	0.00	6.13	1257.00
	3916.96	0.00	6.15	1235.00
	3916.97	0.00	6.18	1215.00
	3916.98	0.00	6.22	1195.00
	3916.99	0.00	6.24	1173.00
	3917.00	0.00	6.26	1153.00
	3917.02	0.00	6.66	1186.00
	3917.03	0.00	6.70	1174.00
	3917.04	0.00	6.71	1162.00
	3917.05	0.00	6.40	1093.00
	3917.06	0.00	6.71	1136.00
	3917.07	0.00	6.74	1132.00
	3917.09	0.00	6.74	1131.00
	3917.10	0.00	6.76	1129.00
	3917.11	0.00	6.79	1133.00
	3917.12	0.00	6.79	1128.00
	3917.13	0.00	6.78	1125.00
	3917.15	0.00	6.79	1124.00
	3917.16	0.00	6.80	1123.00
	3917.17	0.00	6.82	1123.00
	3917.18	0.00	6.84	1120.00
	3917.19	0.00	6.86	1117.00
	3917.20	0.00	6.88	1114.00
	3917.22	0.00	6.92	1102.00
	3917.23	0.00	6.94	1089.00
	3917.24	0.00	7.00	1074.00
	3917.25	0.00	7.06	1056.00
	3917.26	0.00	7.13	1044.00
	3917.27	0.00	7.16	1022.00
	3917.29	0.00	7.22	1009.00
	3917.30	0.00	7.32	994.00
	3917.31	0.00	7.44	976.00
	3917.32	0.00	7.54	952.00
	3917.33	0.00	7.63	942.00
	3917.34	0.00	7.70	947.00
	3917.36	0.00	7.75	939.00
	3917.37	0.00	7.67	831.00
	3917.38	0.00	7.69	846.00
	3917.39	0.00	7.79	815.00
	3917.40	0.00	7.84	817.00
	3917.41	0.00	7.82	812.00
	3917.42	0.00	7.86	797.00
	3917.44	0.00	7.86	786.00
	3917.45	0.00	7.82	774.00
	3917.46	0.00	7.77	760.00
	3917.47	0.00	7.76	751.00
	3917.48	0.00	7.58	726.00
	3917.50	0.00	7.45	705.00
	3917.51	0.00	7.31	683.00
	3917.52	0.00	7.24	669.00
	3917.53	0.00	7.20	660.00
	3917.54	0.00	6.66	607.00
	3917.55	0.00	6.64	619.00
	3917.56	0.00	6.63	630.00
	3917.58	0.00	6.67	642.00
	3917.59	0.00	6.67	640.00
	3917.60	0.00	6.69	638.00
	3917.61	0.00	6.68	638.00
	3917.62	0.00	6.62	636.00
	3917.63	0.00	6.62	636.00
	3917.65	0.00	6.63	634.00
	3917.66	0.00	6.64	634.00
	3917.67	0.00	6.58	633.00
	3917.68	0.00	6.62	636.00
	3917.69	0.00	6.63	636.00
	3917.70	0.00	6.62	636.00
	3917.71	0.00	6.63	635.00
	3917.73	0.00	6.56	629.00
	3917.74	0.00	6.56	629.00
	3917.75	0.00	6.58	625.00
	3917.76	0.00	6.60	622.00
	3917.77	0.00	6.61	620.00
	3917.78	0.00	6.61	624.00
	3917.80	0.00	6.61	620.00
	3917.81	0.00	6.63	620.00
	3917.82	0.00	6.63	618.00
	3917.83	0.00	6.64	618.00
	3917.84	0.00	6.64	618.00
	3917.85	0.00	6.63	617.00
	3917.86	0.00	6.62	618.00
	3917.88	0.00	6.63	616.00
	3917.89	0.00	6.64	616.00
	3917.90	0.00	6.64	617.00
	3917.91	0.00	6.64	616.00
	3917.92	0.00	6.72	617.00
	3917.93	0.00	6.72	619.00
	3917.95	0.00	6.72	619.00
	3917.96	0.00	6.70	624.00
	3917.97	0.00	6.68	636.00
	3917.98	0.00	6.62	663.00
	3917.99	0.00	6.49	726.00
	3918.00	0.00	6.24	835.00
	3918.02	0.00	6.03	964.00
	3918.03	0.00	5.96	1038.00
	3918.04	0.00	5.93	1063.00
	3918.05	0.00	5.91	1077.00
	3918.06	0.00	5.94	1096.00
	3918.07	0.00	5.91	1119.00
	3918.09	0.00	5.85	1153.00
	3918.10	0.00	5.85	1187.00
	3918.11	0.00	5.83	1212.00
	3918.12	0.00	5.83	1228.00
	3918.13	0.00	5.82	1233.00
	3918.14	0.00	5.79	1252.00
	3918.16	0.00	5.80	1254.00
	3918.17	0.00	6.17	1304.00
	3918.18	0.00	6.17	1303.00
	3918.19	0.00	6.19	1296.00
	3918.20	0.00	6.20	1285.00
	3918.21	0.00	6.21	1272.00
	3918.23	0.00	6.25	1263.00
	3918.24	0.00	6.24	1251.00
	3918.25	0.00	6.25	1245.00
	3918.26	0.00	6.26	1238.00
	3918.27	0.00	6.26	1234.00
	3918.28	0.00	6.27	1228.00
	3918.30	0.00	6.28	1219.00
	3918.31	0.00	6.27	1222.00
	3918.32	0.00	6.25	1219.00
	3918.33	0.00	6.26	1219.00
	3918.34	0.00	6.54	1270.00
	3918.35	0.00	6.55	1271.00
	3918.37	0.00	6.55	1274.00
	3918.38	0.00	6.58	1280.00
	3918.39	0.00	6.58	1280.00
	3918.40	0.00	6.58	1278.00
	3918.41	0.00	6.60	1277.00
	3918.42	0.00	6.35	1218.00
	3918.44	0.00	6.66	1258.00
	3918.45	0.00	6.72	1246.00
	3918.46	0.00	6.77	1229.00
	3918.47	0.00	6.83	1218.00
	3918.48	0.00	6.94	1208.00
	3918.50	0.00	7.03	1195.00
	3918.51	0.00	7.13	1178.00
	3918.52	0.00	7.20	1160.00
	3918.53	0.00	7.02	1078.00
	3918.54	0.00	7.43	1113.00
	3918.55	0.00	7.58	1084.00
	3918.56	0.00	7.41	998.00
	3918.58	0.00	8.17	1024.00
	3918.59	0.00	7.68	952.00
	3918.60	0.00	8.42	995.00
	3918.61	0.00	8.54	983.00
	3918.62	0.00	8.71	963.00
	3918.63	0.00	8.79	945.00
	3918.65	0.00	8.91	933.00
	3918.66	0.00	8.91	926.00
	3918.67	0.00	8.98	896.00
	3918.68	0.00	8.87	865.00
	3918.69	0.00	8.56	828.00
	3918.70	0.00	8.45	803.00
	3918.71	0.00	8.22	774.00
	3918.73	0.00	8.07	747.00
	3918.74	0.00	7.21	677.00
	3918.75	0.00	7.12	662.00
	3918.76	0.00	7.06	657.00
	3918.77	0.00	6.47	613.00
	3918.78	0.00	6.48	622.00
	3918.80	0.00	6.54	634.00
	3918.81	0.00	6.55	632.00
	3918.82	0.00	6.56	631.00
	3918.83	0.00	6.64	636.00
	3918.84	0.00	6.64	638.00
	3918.85	0.00	6.62	645.00
	3918.87	0.00	6.61	645.00
	3918.88	0.00	6.60	644.00
	3918.89	0.00	6.61	643.00
	3918.90	0.00	6.59	642.00
	3918.91	0.00	6.58	638.00
	3918.92	0.00	6.66	643.00
	3918.94	0.00	6.66	642.00
	3918.95	0.00	6.64	648.00
	3918.96	0.00	6.65	648.00
	3918.97	0.00	6.63	647.00
	3918.98	0.00	6.64	646.00
	3918.99	0.00	6.63	647.00
	3919.00	0.00	6.64	648.00
	3919.02	0.00	6.64	647.00
	3919.03	0.00	6.65	647.00
	3919.04	0.00	6.64	647.00
	3919.05	0.00	6.65	645.00
	3919.06	0.00	6.63	645.00
	3919.07	0.00	6.61	642.00
	3919.09	0.00	6.61	639.00
	3919.10	0.00	6.61	640.00
	3919.11	0.00	6.61	638.00
	3919.12	0.00	6.63	641.00
	3919.13	0.00	6.63	642.00
	3919.14	0.00	6.60	638.00
	3919.15	0.00	6.63	642.00
	3919.17	0.00	6.63	642.00
	3919.18	0.00	6.57	643.00
	3919.19	0.00	6.45	651.00
	3919.20	0.00	6.45	675.00
	3919.21	0.00	6.43	713.00
	3919.22	0.00	6.23	801.00
	3919.24	0.00	6.02	927.00
	3919.25	0.00	5.95	1002.00
	3919.26	0.00	5.93	1031.00
	3919.27	0.00	5.90	1057.00
	3919.28	0.00	5.88	1070.00
	3919.29	0.00	5.79	1093.00
	3919.30	0.00	5.80	1139.00
	3919.32	0.00	5.77	1166.00
	3919.33	0.00	5.75	1189.00
	3919.34	0.00	6.10	1261.00
	3919.35	0.00	6.11	1270.00
	3919.36	0.00	6.10	1275.00
	3919.38	0.00	6.10	1275.00
	3919.39	0.00	6.12	1274.00
	3919.40	0.00	6.13	1267.00
	3919.41	0.00	6.15	1255.00
	3919.42	0.00	6.16	1236.00
	3919.43	0.00	6.19	1220.00
	3919.45	0.00	6.22	1201.00
	3919.46	0.00	6.23	1182.00
	3919.47	0.00	6.24	1160.00
	3919.48	0.00	6.28	1136.00
	3919.49	0.00	5.92	1067.00
	3919.50	0.00	5.94	1052.00
	3919.52	0.00	5.97	1038.00
	3919.53	0.00	6.31	1073.00
	3919.54	0.00	6.36	1058.00
	3919.55	0.00	6.40	1041.00
	3919.56	0.00	6.48	1030.00
	3919.57	0.00	6.52	1011.00
	3919.59	0.00	6.98	1042.00
	3919.60	0.00	7.08	1027.00
	3919.61	0.00	7.14	1017.00
	3919.62	0.00	7.20	1000.00
	3919.63	0.00	7.26	980.00
	3919.64	0.00	7.26	980.00
	3919.66	0.00	7.33	971.00
	3919.67	0.00	7.37	958.00
	3919.68	0.00	7.42	941.00
	3919.69	0.00	7.43	928.00
	3919.70	0.00	7.45	916.00
	3919.71	0.00	7.48	906.00
	3919.73	0.00	7.48	895.00
	3919.74	0.00	7.58	898.00
	3919.75	0.00	7.81	831.00
	3919.76	0.00	7.75	826.00
	3919.77	0.00	7.57	781.00
	3919.78	0.00	8.29	837.00
	3919.80	0.00	8.32	835.00
	3919.81	0.00	8.44	825.00
	3919.82	0.00	8.48	823.00
	3919.83	0.00	8.51	822.00
	3919.84	0.00	8.50	811.00
	3919.85	0.00	8.47	803.00
	3919.86	0.00	8.45	797.00
	3919.88	0.00	8.36	784.00
	3919.89	0.00	8.29	774.00
	3919.90	0.00	8.26	763.00
	3919.91	0.00	8.30	757.00
	3919.92	0.00	8.24	743.00
	3919.93	0.00	8.09	725.00
	3919.95	0.00	6.68	616.00
	3919.96	0.00	6.65	614.00
	3919.97	0.00	6.64	625.00
	3919.98	0.00	6.65	633.00
	3919.99	0.00	6.70	644.00
	3920.00	0.00	6.70	643.00
	3920.02	0.00	6.71	644.00
	3920.03	0.00	6.73	644.00
	3920.04	0.00	6.72	645.00
	3920.05	0.00	6.69	642.00
	3920.06	0.00	6.63	636.00
	3920.07	0.00	6.67	630.00
	3920.09	0.00	6.68	629.00
	3920.10	0.00	6.69	629.00
	3920.11	0.00	6.71	630.00
	3920.12	0.00	6.70	628.00
	3920.13	0.00	6.70	628.00
	3920.14	0.00	6.71	628.00
	3920.15	0.00	6.71	628.00
	3920.17	0.00	6.71	628.00
	3920.18	0.00	6.71	627.00
	3920.19	0.00	6.70	624.00
	3920.20	0.00	6.72	623.00
	3920.21	0.00	6.71	624.00
	3920.22	0.00	6.72	624.00
	3920.24	0.00	6.79	627.00
	3920.25	0.00	6.80	627.00
	3920.26	0.00	6.80	626.00
	3920.27	0.00	6.79	630.00
	3920.28	0.00	6.79	629.00
	3920.29	0.00	6.79	630.00
	3920.31	0.00	6.79	629.00
	3920.32	0.00	6.80	626.00
	3920.33	0.00	6.80	626.00
	3920.34	0.00	6.80	627.00
	3920.35	0.00	6.80	627.00
	3920.36	0.00	6.77	624.00
	3920.37	0.00	6.76	625.00
	3920.39	0.00	6.82	632.00
	3920.40	0.00	6.80	640.00
	3920.41	0.00	6.74	668.00
	3920.42	0.00	6.60	717.00
	3920.43	0.00	6.33	816.00
	3920.44	0.00	6.11	935.00
	3920.45	0.00	6.04	1012.00
	3920.47	0.00	5.96	1072.00
	3920.48	0.00	5.93	1111.00
	3920.49	0.00	5.93	1131.00
	3920.50	0.00	5.94	1143.00
	3920.51	0.00	5.88	1156.00
	3920.53	0.00	5.88	1187.00
	3920.54	0.00	5.87	1202.00
	3920.55	0.00	5.87	1212.00
	3920.56	0.00	5.88	1217.00
	3920.57	0.00	5.86	1218.00
	3920.58	0.00	5.87	1214.00
	3920.59	0.00	5.89	1203.00
	3920.61	0.00	6.31	1234.00
	3920.62	0.00	6.38	1211.00
	3920.63	0.00	6.70	1238.00
	3920.64	0.00	6.76	1217.00
	3920.65	0.00	6.81	1196.00
	3920.67	0.00	6.83	1165.00
	3920.68	0.00	6.94	1150.00
	3920.69	0.00	6.99	1135.00
	3920.70	0.00	6.66	1068.00
	3920.71	0.00	6.71	1052.00
	3920.72	0.00	6.76	1040.00
	3920.74	0.00	6.77	1031.00
	3920.75	0.00	6.81	1024.00
	3920.76	0.00	6.84	1023.00
	3920.77	0.00	6.88	1012.00
	3920.78	0.00	6.88	1014.00
	3920.79	0.00	6.89	1013.00
	3920.80	0.00	6.90	1013.00
	3920.82	0.00	6.92	1014.00
	3920.83	0.00	6.93	1018.00
	3920.84	0.00	6.95	1020.00
	3920.85	0.00	6.95	1018.00
	3920.86	0.00	6.92	1020.00
	3920.88	0.00	6.93	1014.00
	3920.89	0.00	7.32	1055.00
	3920.90	0.00	7.34	1051.00
	3920.91	0.00	7.34	1042.00
	3920.92	0.00	7.35	1028.00
	3920.93	0.00	7.31	1013.00
	3920.95	0.00	7.32	995.00
	3920.96	0.00	7.37	979.00
	3920.97	0.00	7.43	955.00
	3920.98	0.00	7.51	939.00
	3920.99	0.00	7.56	920.00
	3921.00	0.00	7.61	907.00
	3921.01	0.00	7.63	895.00
	3921.03	0.00	7.83	838.00
	3921.04	0.00	7.54	789.00
	3921.05	0.00	7.60	787.00
	3921.06	0.00	7.61	794.00
	3921.07	0.00	7.65	772.00
	3921.08	0.00	7.62	765.00
	3921.10	0.00	7.55	750.00
	3921.11	0.00	7.49	741.00
	3921.12	0.00	7.42	728.00
	3921.13	0.00	7.39	714.00
	3921.14	0.00	7.30	703.00
	3921.15	0.00	7.33	697.00
	3921.17	0.00	7.24	681.00
	3921.18	0.00	7.18	667.00
	3921.19	0.00	6.53	610.00
	3921.20	0.00	6.63	610.00
	3921.21	0.00	6.66	612.00
	3921.22	0.00	6.63	621.00
	3921.23	0.00	6.72	633.00
	3921.25	0.00	6.75	634.00
	3921.26	0.00	6.81	635.00
	3921.27	0.00	6.81	632.00
	3921.28	0.00	6.80	638.00
	3921.29	0.00	6.76	637.00
	3921.30	0.00	6.78	639.00
	3921.32	0.00	6.76	637.00
	3921.33	0.00	6.75	638.00
	3921.34	0.00	6.75	638.00
	3921.35	0.00	6.75	641.00
	3921.36	0.00	6.74	643.00
	3921.37	0.00	6.73	642.00
	3921.39	0.00	6.75	643.00
	3921.40	0.00	6.70	642.00
	3921.41	0.00	6.67	640.00
	3921.42	0.00	6.71	639.00
	3921.43	0.00	6.69	639.00
	3921.44	0.00	6.71	640.00
	3921.46	0.00	6.69	642.00
	3921.47	0.00	6.66	643.00
	3921.48	0.00	6.68	644.00
	3921.49	0.00	6.66	646.00
	3921.50	0.00	6.70	643.00
	3921.51	0.00	6.63	633.00
	3921.52	0.00	6.66	630.00
	3921.54	0.00	6.67	623.00
	3921.55	0.00	6.69	623.00
	3921.56	0.00	6.68	622.00
	3921.57	0.00	6.68	622.00
	3921.58	0.00	6.69	623.00
	3921.59	0.00	6.69	623.00
	3921.61	0.00	6.69	622.00
	3921.62	0.00	6.70	622.00
	3921.63	0.00	6.70	622.00
	3921.64	0.00	6.70	621.00
	3921.65	0.00	6.72	617.00
	3921.66	0.00	6.70	621.00
	3921.68	0.00	6.64	648.00
	3921.69	0.00	6.59	678.00
	3921.70	0.00	6.48	737.00
	3921.71	0.00	6.28	831.00
	3921.72	0.00	6.14	921.00
	3921.73	0.00	6.09	965.00
	3921.75	0.00	6.04	1010.00
	3921.76	0.00	5.97	1026.00
	3921.77	0.00	5.91	1039.00
	3921.78	0.00	5.87	1072.00
	3921.79	0.00	5.88	1083.00
	3921.80	0.00	5.89	1095.00
	3921.81	0.00	5.90	1107.00
	3921.83	0.00	6.28	1173.00
	3921.84	0.00	6.33	1196.00
	3921.85	0.00	6.35	1209.00
	3921.86	0.00	6.38	1213.00
	3921.87	0.00	6.42	1211.00
	3921.89	0.00	6.44	1195.00
	3921.90	0.00	6.44	1181.00
	3921.91	0.00	6.56	1160.00
	3921.92	0.00	6.62	1140.00
	3921.93	0.00	6.65	1117.00
	3921.94	0.00	6.71	1099.00
	3921.95	0.00	6.79	1081.00
	3921.97	0.00	6.89	1067.00
	3921.98	0.00	6.90	1054.00
	3921.99	0.00	6.94	1045.00
	3922.00	0.00	6.98	1036.00
	3922.01	0.00	7.01	1025.00
	3922.02	0.00	6.95	1042.00
	3922.04	0.00	6.99	1042.00
	3922.05	0.00	6.98	1044.00
	3922.06	0.00	7.57	1097.00
	3922.07	0.00	7.57	1093.00
	3922.08	0.00	7.58	1092.00
	3922.10	0.00	7.62	1092.00
	3922.11	0.00	7.64	1084.00
	3922.12	0.00	7.69	1075.00
	3922.13	0.00	7.70	1067.00
	3922.14	0.00	7.69	1070.00
	3922.15	0.00	7.69	1066.00
	3922.16	0.00	7.66	1064.00
	3922.18	0.00	7.63	1060.00
	3922.19	0.00	7.58	1051.00
	3922.20	0.00	6.96	995.00
	3922.21	0.00	6.96	994.00
	3922.22	0.00	6.94	994.00
	3922.23	0.00	6.93	991.00
	3922.25	0.00	6.92	991.00
	3922.26	0.00	6.85	988.00
	3922.27	0.00	6.82	986.00
	3922.28	0.00	6.81	978.00
	3922.29	0.00	6.81	965.00
	3922.30	0.00	6.79	953.00
	3922.32	0.00	6.81	945.00
	3922.33	0.00	6.83	930.00
	3922.34	0.00	6.81	921.00
	3922.35	0.00	6.79	916.00
	3922.36	0.00	6.81	911.00
	3922.37	0.00	6.79	904.00
	3922.38	0.00	6.72	897.00
	3922.40	0.00	6.72	888.00
	3922.41	0.00	6.78	863.00
	3922.42	0.00	6.78	861.00
	3922.43	0.00	6.80	858.00
	3922.44	0.00	6.80	857.00
	3922.45	0.00	6.80	857.00
	3922.47	0.00	6.81	855.00
	3922.48	0.00	6.82	855.00
	3922.49	0.00	6.83	848.00
	3922.50	0.00	6.83	850.00
	3922.51	0.00	6.79	841.00
	3922.52	0.00	6.81	836.00
	3922.54	0.00	6.82	832.00
	3922.55	0.00	6.82	827.00
	3922.56	0.00	6.83	824.00
	3922.57	0.00	6.83	823.00
	3922.58	0.00	6.84	821.00
	3922.59	0.00	6.90	825.00
	3922.61	0.00	6.91	823.00
	3922.62	0.00	6.92	821.00
	3922.63	0.00	6.90	827.00
	3922.64	0.00	6.86	839.00
	3922.65	0.00	6.86	840.00
	3922.66	0.00	6.87	841.00
	3922.67	0.00	6.86	842.00
	3922.69	0.00	6.85	844.00
	3922.70	0.00	6.85	844.00
	3922.71	0.00	6.87	842.00
	3922.72	0.00	6.86	844.00
	3922.73	0.00	6.85	843.00
	3922.75	0.00	6.85	843.00
	3922.76	0.00	6.95	851.00
	3922.77	0.00	6.98	847.00
	3922.78	0.00	6.92	865.00
	3922.79	0.00	6.91	867.00
	3922.80	0.00	6.92	870.00
	3922.81	0.00	6.90	874.00
	3922.83	0.00	6.89	877.00
	3922.84	0.00	6.89	879.00
	3922.85	0.00	6.87	887.00
	3922.86	0.00	6.84	890.00
	3922.87	0.00	6.85	898.00
	3922.88	0.00	6.84	903.00
	3922.89	0.00	6.83	909.00
	3922.91	0.00	6.82	912.00
	3922.92	0.00	6.81	913.00
	3922.93	0.00	6.77	914.00
	3922.94	0.00	6.76	919.00
	3922.95	0.00	6.76	918.00
	3922.96	0.00	6.77	916.00
	3922.98	0.00	6.76	919.00
	3922.99	0.00	6.77	922.00
	3923.00	0.00	6.77	923.00
	3923.01	0.00	6.76	924.00
	3923.02	0.00	6.75	933.00
	3923.03	0.00	6.73	933.00
	3923.04	0.00	6.69	929.00
	3923.06	0.00	6.64	928.00
	3923.07	0.00	6.64	928.00
	3923.08	0.00	6.68	911.00
	3923.09	0.00	6.70	904.00
	3923.10	0.00	6.72	904.00
	3923.11	0.00	6.73	904.00
	3923.13	0.00	6.74	905.00
	3923.14	0.00	6.74	905.00
	3923.15	0.00	6.74	903.00
	3923.16	0.00	6.72	903.00
	3923.17	0.00	6.68	899.00
	3923.18	0.00	6.70	902.00
	3923.19	0.00	6.68	899.00
	3923.21	0.00	6.70	901.00
	3923.22	0.00	6.71	899.00
	3923.23	0.00	6.78	904.00
	3923.24	0.00	6.78	899.00
	3923.25	0.00	6.80	898.00
	3923.26	0.00	6.75	914.00
	3923.28	0.00	6.75	913.00
	3923.29	0.00	6.75	913.00
	3923.30	0.00	6.74	910.00
	3923.31	0.00	6.76	908.00
	3923.32	0.00	6.76	903.00
	3923.33	0.00	6.77	902.00
	3923.35	0.00	6.78	900.00
	3923.36	0.00	6.85	905.00
	3923.37	0.00	6.89	902.00
	3923.38	0.00	6.86	917.00
	3923.39	0.00	6.87	918.00
	3923.40	0.00	6.84	915.00
	3923.42	0.00	6.86	915.00
	3923.43	0.00	6.88	910.00
	3923.44	0.00	6.87	915.00
	3923.45	0.00	6.87	913.00
	3923.46	0.00	6.87	912.00
	3923.47	0.00	6.89	914.00
	3923.48	0.00	6.89	914.00
	3923.50	0.00	6.89	914.00
	3923.51	0.00	6.88	916.00
	3923.52	0.00	6.88	915.00
	3923.53	0.00	6.87	914.00
	3923.54	0.00	6.84	915.00
	3923.55	0.00	6.84	914.00
	3923.57	0.00	6.85	910.00
	3923.58	0.00	6.85	906.00
	3923.59	0.00	6.86	905.00
	3923.60	0.00	6.89	906.00
	3923.61	0.00	6.88	905.00
	3923.62	0.00	6.86	910.00
	3923.64	0.00	6.87	912.00
	3923.65	0.00	6.87	909.00
	3923.66	0.00	6.83	907.00
	3923.67	0.00	6.78	902.00
	3923.68	0.00	6.79	900.00
	3923.69	0.00	6.84	877.00
	3923.70	0.00	6.84	876.00
	3923.72	0.00	6.84	877.00
	3923.73	0.00	6.84	876.00
	3923.74	0.00	6.88	877.00
	3923.75	0.00	6.85	876.00
	3923.76	0.00	6.86	877.00
	3923.77	0.00	6.86	878.00
	3923.79	0.00	6.87	877.00
	3923.80	0.00	6.84	874.00
	3923.81	0.00	6.81	872.00
	3923.82	0.00	6.82	872.00
	3923.83	0.00	6.82	871.00
	3923.84	0.00	6.82	873.00
	3923.86	0.00	6.83	873.00
	3923.87	0.00	6.75	872.00
	3923.88	0.00	6.90	877.00
	3923.89	0.00	6.92	874.00
	3923.90	0.00	6.87	893.00
	3923.91	0.00	6.86	892.00
	3923.93	0.00	6.87	893.00
	3923.94	0.00	6.87	893.00
	3923.95	0.00	6.85	894.00
	3923.96	0.00	6.86	893.00
	3923.97	0.00	6.85	890.00
	3923.98	0.00	6.86	890.00
	3924.00	0.00	6.91	890.00
	3924.01	0.00	6.97	894.00
	3924.02	0.00	6.95	890.00
	3924.03	0.00	6.98	888.00
	3924.04	0.00	6.92	908.00
	3924.05	0.00	6.93	909.00
	3924.06	0.00	6.92	909.00
	3924.08	0.00	6.92	910.00
	3924.09	0.00	6.90	914.00
	3924.10	0.00	6.89	913.00
	3924.11	0.00	6.89	912.00
	3924.12	0.00	6.92	915.00
	3924.13	0.00	6.91	916.00
	3924.15	0.00	6.90	915.00
	3924.16	0.00	6.90	918.00
	3924.17	0.00	6.91	918.00
	3924.18	0.00	6.89	919.00
	3924.19	0.00	6.84	917.00
	3924.20	0.00	6.85	917.00
	3924.21	0.00	6.85	911.00
	3924.23	0.00	6.86	911.00
	3924.24	0.00	6.84	908.00
	3924.25	0.00	6.84	909.00
	3924.26	0.00	6.87	910.00
	3924.27	0.00	6.87	910.00
	3924.28	0.00	6.86	909.00
	3924.29	0.00	6.84	917.00
	3924.31	0.00	6.83	916.00
	3924.32	0.00	6.83	916.00
	3924.33	0.00	6.80	911.00
	3924.34	0.00	6.75	908.00
	3924.35	0.00	6.76	906.00
	3924.36	0.00	6.82	886.00
	3924.38	0.00	6.80	887.00
	3924.39	0.00	6.82	887.00
	3924.40	0.00	6.82	886.00
	3924.41	0.00	7.14	937.00
	3924.42	0.00	6.83	886.00
	3924.43	0.00	6.83	885.00
	3924.45	0.00	6.83	884.00
	3924.46	0.00	6.81	882.00
	3924.47	0.00	6.79	879.00
	3924.48	0.00	6.80	878.00
	3924.49	0.00	6.81	877.00
	3924.50	0.00	6.79	877.00
	3924.51	0.00	6.80	875.00
	3924.53	0.00	6.82	875.00
	3924.54	0.00	6.89	879.00
	3924.55	0.00	6.89	875.00
	3924.56	0.00	6.84	895.00
	3924.57	0.00	6.85	893.00
	3924.58	0.00	6.83	894.00
	3924.60	0.00	6.85	895.00
	3924.61	0.00	6.83	894.00
	3924.62	0.00	6.83	895.00
	3924.63	0.00	6.85	892.00
	3924.64	0.00	6.85	891.00
	3924.65	0.00	6.86	889.00
	3924.67	0.00	6.94	894.00
	3924.68	0.00	6.96	889.00
	3924.69	0.00	6.93	907.00
	3924.70	0.00	6.93	908.00
	3924.71	0.00	6.93	907.00
	3924.72	0.00	6.90	905.00
	3924.74	0.00	6.90	906.00
	3924.75	0.00	6.90	905.00
	3924.76	0.00	6.90	907.00
	3924.77	0.00	6.89	907.00
	3924.78	0.00	6.90	910.00
	3924.79	0.00	6.92	911.00
	3924.80	0.00	6.92	910.00
	3924.82	0.00	6.91	908.00
	3924.83	0.00	6.91	911.00
	3924.84	0.00	6.91	912.00
	3924.85	0.00	6.83	908.00
	3924.86	0.00	6.85	910.00
	3924.87	0.00	6.86	905.00
	3924.89	0.00	6.85	905.00
	3924.90	0.00	6.86	903.00
	3924.91	0.00	6.86	905.00
	3924.92	0.00	6.88	907.00
	3924.93	0.00	6.88	906.00
	3924.94	0.00	6.88	905.00
	3924.96	0.00	6.85	913.00
	3924.97	0.00	6.84	912.00
	3924.98	0.00	6.76	907.00
	3924.99	0.00	6.76	906.00
	3925.00	0.00	6.76	901.00
	3925.01	0.00	6.82	883.00
	3925.02	0.00	6.82	883.00
	3925.04	0.00	6.84	884.00
	3925.05	0.00	6.83	886.00
	3925.06	0.00	7.15	936.00
	3925.07	0.00	6.83	885.00
	3925.08	0.00	6.83	884.00
	3925.09	0.00	6.83	884.00
	3925.11	0.00	6.82	884.00
	3925.12	0.00	6.79	881.00
	3925.13	0.00	6.80	880.00
	3925.14	0.00	6.80	882.00
	3925.15	0.00	6.80	882.00
	3925.16	0.00	6.81	882.00
	3925.18	0.00	6.87	885.00
	3925.19	0.00	6.87	883.00
	3925.20	0.00	6.87	884.00
	3925.21	0.00	6.82	901.00
	3925.22	0.00	6.83	903.00
	3925.23	0.00	6.83	903.00
	3925.25	0.00	6.81	901.00
	3925.26	0.00	6.80	901.00
	3925.27	0.00	6.79	896.00
	3925.28	0.00	6.81	898.00
	3925.29	0.00	6.81	896.00
	3925.30	0.00	6.82	894.00
	3925.31	0.00	6.90	901.00
	3925.33	0.00	6.91	898.00
	3925.34	0.00	6.87	916.00
	3925.35	0.00	6.87	914.00
	3925.36	0.00	6.87	916.00
	3925.37	0.00	6.87	917.00
	3925.38	0.00	6.87	916.00
	3925.39	0.00	6.85	919.00
	3925.41	0.00	6.86	918.00
	3925.42	0.00	6.86	917.00
	3925.43	0.00	6.86	916.00
	3925.44	0.00	6.88	919.00
	3925.45	0.00	6.88	917.00
	3925.46	0.00	6.87	921.00
	3925.48	0.00	6.88	921.00
	3925.49	0.00	6.82	918.00
	3925.50	0.00	6.82	918.00
	3925.51	0.00	6.81	917.00
	3925.52	0.00	6.82	916.00
	3925.53	0.00	6.83	911.00
	3925.55	0.00	6.83	911.00
	3925.56	0.00	6.84	912.00
	3925.57	0.00	6.85	911.00
	3925.58	0.00	6.84	914.00
	3925.59	0.00	6.82	919.00
	3925.60	0.00	6.82	918.00
	3925.61	0.00	6.76	914.00
	3925.63	0.00	6.73	912.00
	3925.64	0.00	6.75	906.00
	3925.65	0.00	6.80	891.00
	3925.66	0.00	6.80	890.00
	3925.67	0.00	6.81	890.00
	3925.68	0.00	7.14	943.00
	3925.70	0.00	6.81	890.00
	3925.71	0.00	6.82	890.00
	3925.72	0.00	6.81	889.00
	3925.73	0.00	6.81	889.00
	3925.74	0.00	6.78	886.00
	3925.75	0.00	6.78	884.00
	3925.77	0.00	6.78	886.00
	3925.78	0.00	6.78	884.00
	3925.79	0.00	6.80	882.00
	3925.80	0.00	6.85	886.00
	3925.81	0.00	6.87	886.00
	3925.82	0.00	6.87	883.00
	3925.83	0.00	6.82	903.00
	3925.85	0.00	6.83	903.00
	3925.86	0.00	6.82	903.00
	3925.87	0.00	6.81	904.00
	3925.88	0.00	6.82	901.00
	3925.89	0.00	6.82	902.00
	3925.90	0.00	6.83	900.00
	3925.92	0.00	6.82	898.00
	3925.93	0.00	6.90	900.00
	3925.94	0.00	6.94	900.00
	3925.95	0.00	6.95	896.00
	3925.96	0.00	6.90	913.00
	3925.97	0.00	6.88	913.00
	3925.99	0.00	6.90	912.00
	3926.00	0.00	6.87	911.00
	3926.01	0.00	6.89	914.00
	3926.02	0.00	6.90	911.00
	3926.03	0.00	6.89	914.00
	3926.04	0.00	6.89	914.00
	3926.05	0.00	6.91	917.00
	3926.07	0.00	6.90	917.00
	3926.08	0.00	6.90	915.00
	3926.09	0.00	6.90	918.00
	3926.10	0.00	6.90	918.00
	3926.11	0.00	6.90	918.00
	3926.12	0.00	6.83	916.00
	3926.14	0.00	6.84	916.00
	3926.15	0.00	6.85	910.00
	3926.16	0.00	6.85	909.00
	3926.17	0.00	6.85	908.00
	3926.18	0.00	6.88	911.00
	3926.19	0.00	6.87	910.00
	3926.21	0.00	6.87	908.00
	3926.22	0.00	6.87	909.00
	3926.23	0.00	6.84	917.00
	3926.24	0.00	6.85	915.00
	3926.25	0.00	6.79	914.00
	3926.26	0.00	6.76	911.00
	3926.28	0.00	6.77	906.00
	3926.29	0.00	6.80	891.00
	3926.30	0.00	6.82	886.00
	3926.31	0.00	6.81	885.00
	3926.32	0.00	6.84	886.00
	3926.33	0.00	7.16	937.00
	3926.34	0.00	7.18	941.00
	3926.36	0.00	6.82	886.00
	3926.37	0.00	6.83	885.00
	3926.38	0.00	6.81	883.00
	3926.39	0.00	6.79	881.00
	3926.40	0.00	6.79	880.00
	3926.41	0.00	6.80	879.00
	3926.43	0.00	6.80	881.00
	3926.44	0.00	6.80	879.00
	3926.45	0.00	6.82	876.00
	3926.46	0.00	6.89	880.00
	3926.47	0.00	6.90	876.00
	3926.48	0.00	6.84	895.00
	3926.50	0.00	6.84	895.00
	3926.51	0.00	6.84	897.00
	3926.52	0.00	6.84	896.00
	3926.53	0.00	6.83	897.00
	3926.54	0.00	6.84	895.00
	3926.55	0.00	6.85	895.00
	3926.56	0.00	6.83	893.00
	3926.58	0.00	6.83	892.00
	3926.59	0.00	6.85	892.00
	3926.60	0.00	6.93	897.00
	3926.61	0.00	6.96	892.00
	3926.62	0.00	6.92	909.00
	3926.63	0.00	6.91	910.00
	3926.65	0.00	6.90	910.00
	3926.66	0.00	6.90	911.00
	3926.67	0.00	6.90	910.00
	3926.68	0.00	6.90	908.00
	3926.69	0.00	6.89	913.00
	3926.70	0.00	6.88	912.00
	3926.71	0.00	6.89	915.00
	3926.73	0.00	6.90	915.00
	3926.74	0.00	6.89	917.00
	3926.75	0.00	6.89	918.00
	3926.76	0.00	6.89	916.00
	3926.77	0.00	6.85	916.00
	3926.78	0.00	6.83	917.00
	3926.80	0.00	6.83	916.00
	3926.81	0.00	6.84	911.00
	3926.82	0.00	6.85	910.00
	3926.83	0.00	6.86	910.00
	3926.84	0.00	6.86	912.00
	3926.85	0.00	6.86	910.00
	3926.86	0.00	6.84	918.00
	3926.88	0.00	6.83	917.00
	3926.89	0.00	6.81	917.00
	3926.90	0.00	6.75	909.00
	3926.91	0.00	6.75	909.00
	3926.92	0.00	6.80	887.00
	3926.93	0.00	6.80	887.00
	3926.95	0.00	6.83	890.00
	3926.96	0.00	7.15	942.00
	3926.97	0.00	7.17	944.00
	3926.98	0.00	6.82	888.00
	3926.99	0.00	6.81	890.00
	3927.00	0.00	6.82	885.00
	3927.02	0.00	6.78	886.00
	3927.03	0.00	6.78	885.00
	3927.04	0.00	6.78	886.00
	3927.05	0.00	6.78	885.00
	3927.06	0.00	6.80	885.00
	3927.07	0.00	6.86	888.00
	3927.09	0.00	6.87	886.00
	3927.10	0.00	6.85	892.00
	3927.11	0.00	6.82	904.00
	3927.12	0.00	6.82	904.00
	3927.13	0.00	6.80	904.00
	3927.14	0.00	6.81	903.00
	3927.15	0.00	6.83	900.00
	3927.17	0.00	6.83	899.00
	3927.18	0.00	6.82	897.00
	3927.19	0.00	6.89	902.00
	3927.20	0.00	6.93	902.00
	3927.21	0.00	6.94	897.00
	3927.22	0.00	6.89	916.00
	3927.24	0.00	6.89	915.00
	3927.25	0.00	6.88	916.00
	3927.26	0.00	6.87	913.00
	3927.27	0.00	6.86	917.00
	3927.28	0.00	6.88	917.00
	3927.29	0.00	6.85	915.00
	3927.31	0.00	6.88	920.00
	3927.32	0.00	6.89	919.00
	3927.33	0.00	6.88	921.00
	3927.34	0.00	6.88	919.00
	3927.35	0.00	6.88	919.00
	3927.36	0.00	6.84	918.00
	3927.37	0.00	6.81	918.00
	3927.39	0.00	6.83	914.00
	3927.40	0.00	6.84	911.00
	3927.41	0.00	6.84	909.00
	3927.42	0.00	6.86	912.00
	3927.43	0.00	6.86	909.00
	3927.44	0.00	6.83	919.00
	3927.46	0.00	6.83	918.00
	3927.47	0.00	6.83	917.00
	3927.48	0.00	6.75	912.00
	3927.49	0.00	6.74	911.00
	3927.50	0.00	6.77	898.00
	3927.51	0.00	6.81	887.00
	3927.53	0.00	7.13	937.00
	3927.54	0.00	7.15	938.00
	3927.55	0.00	7.17	943.00
	3927.56	0.00	6.82	887.00
	3927.57	0.00	6.82	888.00
	3927.58	0.00	6.82	888.00
	3927.60	0.00	6.78	885.00
	3927.61	0.00	6.79	881.00
	3927.62	0.00	6.80	879.00
	3927.63	0.00	6.79	881.00
	3927.64	0.00	6.80	880.00
	3927.65	0.00	6.87	883.00
	3927.66	0.00	6.87	882.00
	3927.68	0.00	6.88	880.00
	3927.69	0.00	6.87	889.00
	3927.70	0.00	6.84	899.00
	3927.71	0.00	6.84	899.00
	3927.72	0.00	6.82	897.00
	3927.73	0.00	6.83	898.00
	3927.75	0.00	6.84	893.00
	3927.76	0.00	6.84	895.00
	3927.77	0.00	6.84	893.00
	3927.78	0.00	6.92	896.00
	3927.79	0.00	6.96	897.00
	3927.80	0.00	6.96	895.00
	3927.81	0.00	6.92	912.00
	3927.83	0.00	6.91	911.00
	3927.84	0.00	6.90	913.00
	3927.85	0.00	6.88	909.00
	3927.86	0.00	6.87	912.00
	3927.87	0.00	6.88	912.00
	3927.88	0.00	6.88	912.00
	3927.90	0.00	6.89	915.00
	3927.91	0.00	6.89	914.00
	3927.92	0.00	6.88	918.00
	3927.93	0.00	6.88	918.00
	3927.94	0.00	6.87	916.00
	3927.95	0.00	6.86	914.00
	3927.96	0.00	6.83	917.00
	3927.98	0.00	6.81	916.00
	3927.99	0.00	6.83	909.00
	3928.00	0.00	6.83	909.00
	3928.01	0.00	6.84	909.00
	3928.02	0.00	6.86	910.00
	3928.03	0.00	6.86	910.00
	3928.05	0.00	6.84	918.00
	3928.06	0.00	6.84	918.00
	3928.07	0.00	6.83	917.00
	3928.08	0.00	6.74	910.00
	3928.09	0.00	6.75	909.00
	3928.10	0.00	6.80	888.00
	3928.12	0.00	6.80	889.00
	3928.13	0.00	7.13	937.00
	3928.14	0.00	7.17	945.00
	3928.15	0.00	7.15	940.00
	3928.16	0.00	6.82	890.00
	3928.17	0.00	6.81	888.00
	3928.18	0.00	6.79	887.00
	3928.20	0.00	6.77	884.00
	3928.21	0.00	6.78	883.00
	3928.22	0.00	6.78	885.00
	3928.23	0.00	6.80	880.00
	3928.24	0.00	6.85	887.00
	3928.25	0.00	6.87	884.00
	3928.27	0.00	6.84	892.00
	3928.28	0.00	6.82	902.00
	3928.29	0.00	6.82	903.00
	3928.30	0.00	6.81	902.00
	3928.31	0.00	6.81	902.00
	3928.32	0.00	6.82	899.00
	3928.34	0.00	6.82	898.00
	3928.35	0.00	6.85	897.00
	3928.36	0.00	6.88	896.00
	3928.37	0.00	6.94	898.00
	3928.38	0.00	6.94	897.00
	3928.39	0.00	6.90	913.00
	3928.41	0.00	6.89	913.00
	3928.42	0.00	6.88	913.00
	3928.43	0.00	6.89	914.00
	3928.44	0.00	6.79	910.00
	3928.45	0.00	6.88	915.00
	3928.46	0.00	6.89	916.00
	3928.47	0.00	6.87	915.00
	3928.49	0.00	6.89	917.00
	3928.50	0.00	6.90	917.00
	3928.51	0.00	6.88	918.00
	3928.52	0.00	6.89	918.00
	3928.53	0.00	6.83	916.00
	3928.54	0.00	6.83	917.00
	3928.56	0.00	6.83	915.00
	3928.57	0.00	6.85	910.00
	3928.58	0.00	6.84	911.00
	3928.59	0.00	6.84	911.00
	3928.60	0.00	6.86	912.00
	3928.61	0.00	7.17	963.00
	3928.62	0.00	6.83	920.00
	3928.64	0.00	6.83	919.00
	3928.65	0.00	6.79	916.00
	3928.66	0.00	6.73	912.00
	3928.67	0.00	6.74	915.00
	3928.68	0.00	6.77	904.00
	3928.69	0.00	6.80	891.00
	3928.71	0.00	7.09	941.00
	3928.72	0.00	7.14	946.00
	3928.73	0.00	7.17	949.00
	3928.74	0.00	6.81	893.00
	3928.75	0.00	6.80	893.00
	3928.76	0.00	6.77	889.00
	3928.77	0.00	6.77	888.00
	3928.79	0.00	6.77	887.00
	3928.80	0.00	6.77	888.00
	3928.81	0.00	6.78	888.00
	3928.82	0.00	6.80	886.00
	3928.83	0.00	6.86	890.00
	3928.84	0.00	6.86	889.00
	3928.86	0.00	6.82	905.00
	3928.87	0.00	6.81	907.00
	3928.88	0.00	6.81	908.00
	3928.89	0.00	6.80	907.00
	3928.90	0.00	6.81	906.00
	3928.91	0.00	6.81	903.00
	3928.93	0.00	6.81	900.00
	3928.94	0.00	6.91	905.00
	3928.95	0.00	6.93	902.00
	3928.96	0.00	6.93	900.00
	3928.97	0.00	6.89	915.00
	3928.98	0.00	6.89	915.00
	3929.00	0.00	6.88	916.00
	3929.01	0.00	6.88	915.00
	3929.02	0.00	6.89	909.00
	3929.03	0.00	6.87	916.00
	3929.04	0.00	6.86	916.00
	3929.05	0.00	6.85	914.00
	3929.06	0.00	6.87	917.00
	3929.08	0.00	6.88	917.00
	3929.09	0.00	6.86	919.00
	3929.10	0.00	6.86	918.00
	3929.11	0.00	6.85	918.00
	3929.12	0.00	6.80	919.00
	3929.13	0.00	6.79	918.00
	3929.15	0.00	6.81	911.00
	3929.16	0.00	6.81	911.00
	3929.17	0.00	6.81	912.00
	3929.18	0.00	6.82	912.00
	3929.19	0.00	7.14	963.00
	3929.20	0.00	7.14	965.00
	3929.22	0.00	6.80	922.00
	3929.23	0.00	6.80	924.00
	3929.24	0.00	6.71	918.00
	3929.25	0.00	6.71	920.00
	3929.26	0.00	6.70	921.00
	3929.27	0.00	6.71	917.00
	3929.28	0.00	6.75	901.00
	3929.30	0.00	7.08	954.00
	3929.31	0.00	7.10	958.00
	3929.32	0.00	7.11	962.00
	3929.33	0.00	6.76	905.00
	3929.34	0.00	6.76	905.00
	3929.35	0.00	6.76	901.00
	3929.37	0.00	6.72	903.00
	3929.38	0.00	6.73	902.00
	3929.39	0.00	6.73	901.00
	3929.40	0.00	6.73	903.00
	3929.41	0.00	6.74	902.00
	3929.42	0.00	6.76	903.00
	3929.44	0.00	6.82	905.00
	3929.45	0.00	6.82	902.00
	3929.46	0.00	6.77	921.00
	3929.47	0.00	6.76	920.00
	3929.48	0.00	6.76	921.00
	3929.49	0.00	6.76	920.00
	3929.50	0.00	6.76	916.00
	3929.52	0.00	6.78	913.00
	3929.53	0.00	6.79	911.00
	3929.54	0.00	6.88	914.00
	3929.55	0.00	6.88	914.00
	3929.56	0.00	6.89	909.00
	3929.57	0.00	6.85	925.00
	3929.58	0.00	6.85	925.00
	3929.60	0.00	6.83	926.00
	3929.61	0.00	6.85	926.00
	3929.62	0.00	6.83	927.00
	3929.63	0.00	6.82	927.00
	3929.64	0.00	6.82	927.00
	3929.65	0.00	6.83	927.00
	3929.67	0.00	6.86	926.00
	3929.68	0.00	6.86	928.00
	3929.69	0.00	7.17	981.00
	3929.70	0.00	7.15	979.00
	3929.71	0.00	7.10	977.00
	3929.72	0.00	7.11	977.00
	3929.74	0.00	7.10	975.00
	3929.75	0.00	7.14	976.00
	3929.76	0.00	7.16	969.00
	3929.77	0.00	7.18	966.00
	3929.78	0.00	7.21	964.00
	3929.79	0.00	7.23	963.00
	3929.80	0.00	7.24	959.00
	3929.82	0.00	7.25	951.00
	3929.83	0.00	7.21	952.00
	3929.84	0.00	7.20	951.00
	3929.85	0.00	7.19	945.00
	3929.86	0.00	6.82	888.00
	3929.87	0.00	6.84	880.00
	3929.89	0.00	7.27	909.00
	3929.90	0.00	7.28	904.00
	3929.91	0.00	7.33	902.00
	3929.92	0.00	7.37	901.00
	3929.93	0.00	6.98	826.00
	3929.94	0.00	7.01	820.00
	3929.96	0.00	7.01	812.00
	3929.97	0.00	7.01	798.00
	3929.98	0.00	7.02	794.00
	3929.99	0.00	7.04	789.00
	3930.00	0.00	7.05	782.00
	3930.01	0.00	7.13	776.00
	3930.02	0.00	7.16	772.00
	3930.04	0.00	7.19	763.00
	3930.05	0.00	7.17	762.00
	3930.06	0.00	7.14	771.00
	3930.07	0.00	7.14	769.00
	3930.08	0.00	7.14	766.00
	3930.09	0.00	7.14	764.00
	3930.11	0.00	7.14	758.00
	3930.12	0.00	7.14	758.00
	3930.13	0.00	6.64	706.00
	3930.14	0.00	6.65	700.00
	3930.15	0.00	7.17	743.00
	3930.16	0.00	7.23	743.00
	3930.18	0.00	6.85	652.00
	3930.19	0.00	6.90	637.00
	3930.20	0.00	6.93	630.00
	3930.21	0.00	6.93	627.00
	3930.22	0.00	6.91	624.00
	3930.23	0.00	6.91	624.00
	3930.25	0.00	6.90	622.00
	3930.26	0.00	6.89	619.00
	3930.27	0.00	6.90	619.00
	3930.28	0.00	6.88	616.00
	3930.29	0.00	6.87	615.00
	3930.30	0.00	6.87	614.00
	3930.31	0.00	6.86	614.00
	3930.33	0.00	6.84	613.00
	3930.34	0.00	6.83	613.00
	3930.35	0.00	6.84	613.00
	3930.36	0.00	6.82	611.00
	3930.37	0.00	6.75	612.00
	3930.38	0.00	6.73	614.00
	3930.40	0.00	6.73	615.00
	3930.41	0.00	6.72	620.00
	3930.42	0.00	6.71	623.00
	3930.43	0.00	6.72	624.00
	3930.44	0.00	6.72	626.00
	3930.45	0.00	6.74	635.00
	3930.47	0.00	6.72	643.00
	3930.48	0.00	6.72	647.00
	3930.49	0.00	6.73	652.00
	3930.50	0.00	6.75	651.00
	3930.51	0.00	6.77	649.00
	3930.52	0.00	6.77	647.00
	3930.53	0.00	6.73	640.00
	3930.55	0.00	6.73	637.00
	3930.56	0.00	6.76	632.00
	3930.57	0.00	6.76	630.00
	3930.58	0.00	6.71	627.00
	3930.59	0.00	6.74	627.00
	3930.60	0.00	6.75	626.00
	3930.62	0.00	6.75	624.00
	3930.63	0.00	6.75	626.00
	3930.64	0.00	6.74	634.00
	3930.65	0.00	6.75	625.00
	3930.66	0.00	6.77	622.00
	3930.67	0.00	6.78	622.00
	3930.69	0.00	6.75	622.00
	3930.70	0.00	6.76	622.00
	3930.71	0.00	6.73	620.00
	3930.72	0.00	6.75	623.00
	3930.73	0.00	6.73	625.00
	3930.74	0.00	6.74	625.00
	3930.76	0.00	6.74	625.00
	3930.77	0.00	6.79	628.00
	3930.78	0.00	6.80	627.00
	3930.79	0.00	6.79	629.00
	3930.80	0.00	6.78	630.00
	3930.81	0.00	6.78	632.00
	3930.82	0.00	6.75	630.00
	3930.84	0.00	6.70	629.00
	3930.85	0.00	6.68	629.00
	3930.86	0.00	6.66	630.00
	3930.87	0.00	6.64	627.00
	3930.88	0.00	6.64	627.00
	3930.89	0.00	6.66	619.00
	3930.91	0.00	7.24	672.00
	3930.92	0.00	7.30	682.00
	3930.93	0.00	7.30	688.00
	3930.94	0.00	7.19	731.00
	3930.95	0.00	7.08	785.00
	3930.96	0.00	6.91	865.00
	3930.97	0.00	6.75	940.00
	3930.99	0.00	6.68	969.00
	3931.00	0.00	6.64	986.00
	3931.01	0.00	6.63	990.00
	3931.02	0.00	6.61	993.00
	3931.03	0.00	6.59	1001.00
	3931.04	0.00	6.56	1018.00
	3931.06	0.00	6.51	1043.00
	3931.07	0.00	6.44	1083.00
	3931.08	0.00	6.39	1115.00
	3931.09	0.00	6.33	1154.00
	3931.10	0.00	6.28	1190.00
	3931.11	0.00	6.22	1218.00
	3931.13	0.00	6.19	1241.00
	3931.14	0.00	6.17	1256.00
	3931.15	0.00	6.18	1272.00
	3931.16	0.00	6.17	1282.00
	3931.17	0.00	6.15	1289.00
	3931.18	0.00	6.15	1296.00
	3931.20	0.00	6.13	1305.00
	3931.21	0.00	6.13	1317.00
	3931.22	0.00	6.12	1322.00
	3931.23	0.00	6.12	1327.00
	3931.24	0.00	6.12	1329.00
	3931.25	0.00	6.11	1331.00
	3931.27	0.00	6.11	1330.00
	3931.28	0.00	6.08	1329.00
	3931.29	0.00	6.09	1328.00
	3931.30	0.00	6.10	1328.00
	3931.31	0.00	6.11	1329.00
	3931.32	0.00	6.10	1331.00
	3931.34	0.00	6.10	1331.00
	3931.35	0.00	6.10	1332.00
	3931.36	0.00	6.10	1331.00
	3931.37	0.00	6.11	1332.00
	3931.38	0.00	6.11	1331.00
	3931.40	0.00	6.12	1328.00
	3931.41	0.00	6.11	1337.00
	3931.42	0.00	6.10	1337.00
	3931.43	0.00	6.10	1339.00
	3931.44	0.00	6.09	1341.00
	3931.45	0.00	6.10	1342.00
	3931.47	0.00	6.10	1344.00
	3931.48	0.00	6.11	1347.00
	3931.49	0.00	6.12	1353.00
	3931.50	0.00	6.11	1355.00
	3931.51	0.00	6.11	1359.00
	3931.52	0.00	6.10	1366.00
	3931.54	0.00	6.10	1369.00
	3931.55	0.00	6.09	1370.00
	3931.56	0.00	6.09	1373.00
	3931.57	0.00	6.07	1382.00
	3931.58	0.00	6.07	1383.00
	3931.59	0.00	6.07	1386.00
	3931.61	0.00	6.07	1388.00
	3931.62	0.00	6.06	1389.00
	3931.63	0.00	6.05	1390.00
	3931.64	0.00	6.02	1388.00
	3931.65	0.00	5.95	1387.00
	3931.66	0.00	5.58	1339.00
	3931.68	0.00	5.57	1343.00
	3931.69	0.00	5.57	1347.00
	3931.70	0.00	5.58	1347.00
	3931.71	0.00	5.56	1352.00
	3931.72	0.00	5.56	1354.00
	3931.73	0.00	5.56	1355.00
	3931.75	0.00	5.58	1341.00
	3931.76	0.00	5.58	1341.00
	3931.77	0.00	5.58	1345.00
	3931.78	0.00	5.58	1347.00
	3931.79	0.00	5.58	1351.00
	3931.80	0.00	5.58	1350.00
	3931.82	0.00	5.59	1351.00
	3931.83	0.00	5.58	1348.00
	3931.84	0.00	5.56	1343.00
	3931.85	0.00	5.59	1338.00
	3931.86	0.00	5.59	1331.00
	3931.87	0.00	5.96	1368.00
	3931.89	0.00	5.98	1351.00
	3931.90	0.00	6.00	1334.00
	3931.91	0.00	6.03	1315.00
	3931.92	0.00	6.03	1292.00
	3931.93	0.00	6.06	1270.00
	3931.94	0.00	6.09	1251.00
	3931.96	0.00	5.72	1175.00
	3931.97	0.00	5.74	1154.00
	3931.98	0.00	5.77	1131.00
	3931.99	0.00	5.78	1107.00
	3932.00	0.00	5.81	1083.00
	3932.01	0.00	5.82	1060.00
	3932.03	0.00	5.85	1038.00
	3932.04	0.00	5.86	1024.00
	3932.05	0.00	5.87	1007.00
	3932.06	0.00	5.91	994.00
	3932.07	0.00	5.97	981.00
	3932.08	0.00	5.96	968.00
	3932.10	0.00	5.95	978.00
	3932.11	0.00	5.96	967.00
	3932.12	0.00	5.98	949.00
	3932.13	0.00	5.98	933.00
	3932.14	0.00	5.99	919.00
	3932.15	0.00	6.03	902.00
	3932.17	0.00	6.03	893.00
	3932.18	0.00	6.07	882.00
	3932.19	0.00	6.12	876.00
	3932.20	0.00	6.15	867.00
	3932.21	0.00	6.16	858.00
	3932.22	0.00	6.56	928.00
	3932.24	0.00	6.58	921.00
	3932.25	0.00	6.58	917.00
	3932.26	0.00	6.12	860.00
	3932.27	0.00	6.14	845.00
	3932.28	0.00	6.13	852.00
	3932.29	0.00	6.14	846.00
	3932.31	0.00	6.14	843.00
	3932.32	0.00	6.62	888.00
	3932.33	0.00	6.62	883.00
	3932.34	0.00	6.63	881.00
	3932.35	0.00	6.64	873.00
	3932.36	0.00	6.62	867.00
	3932.37	0.00	6.65	854.00
	3932.39	0.00	6.70	845.00
	3932.40	0.00	6.73	837.00
	3932.41	0.00	6.78	832.00
	3932.42	0.00	6.84	820.00
	3932.43	0.00	6.86	810.00
	3932.44	0.00	6.87	809.00
	3932.46	0.00	6.89	801.00
	3932.47	0.00	6.83	789.00
	3932.48	0.00	6.85	782.00
	3932.49	0.00	6.95	746.00
	3932.50	0.00	7.04	725.00
	3932.51	0.00	7.06	713.00
	3932.52	0.00	7.06	710.00
	3932.54	0.00	7.04	712.00
	3932.55	0.00	7.05	713.00
	3932.56	0.00	7.05	711.00
	3932.57	0.00	7.05	711.00
	3932.58	0.00	7.00	705.00
	3932.59	0.00	7.00	705.00
	3932.61	0.00	7.03	702.00
	3932.62	0.00	7.02	705.00
	3932.63	0.00	7.02	700.00
	3932.64	0.00	7.08	704.00
	3932.65	0.00	7.05	708.00
	3932.66	0.00	7.02	715.00
	3932.68	0.00	7.04	718.00
	3932.69	0.00	7.01	719.00
	3932.70	0.00	6.99	722.00
	3932.71	0.00	6.98	722.00
	3932.72	0.00	6.97	724.00
	3932.73	0.00	6.44	675.00
	3932.75	0.00	7.05	730.00
	3932.76	0.00	7.06	731.00
	3932.77	0.00	7.02	740.00
	3932.78	0.00	6.99	749.00
	3932.79	0.00	6.92	749.00
	3932.80	0.00	6.96	750.00
	3932.81	0.00	6.97	750.00
	3932.83	0.00	6.97	749.00
	3932.84	0.00	6.95	754.00
	3932.85	0.00	6.94	751.00
	3932.86	0.00	6.96	757.00
	3932.87	0.00	6.95	756.00
	3932.88	0.00	6.97	758.00
	3932.90	0.00	6.96	759.00
	3932.91	0.00	6.98	759.00
	3932.92	0.00	6.94	758.00
	3932.93	0.00	6.92	759.00
	3932.94	0.00	6.92	754.00
	3932.95	0.00	6.92	752.00
	3932.96	0.00	6.93	752.00
	3932.98	0.00	6.97	754.00
	3932.99	0.00	6.96	755.00
	3933.00	0.00	6.94	755.00
	3933.01	0.00	6.92	760.00
	3933.02	0.00	6.93	762.00
	3933.03	0.00	6.90	761.00
	3933.05	0.00	6.85	755.00
	3933.06	0.00	6.87	756.00
	3933.07	0.00	6.87	753.00
	3933.08	0.00	6.92	740.00
	3933.09	0.00	6.91	741.00
	3933.10	0.00	6.93	742.00
	3933.12	0.00	6.93	743.00
	3933.13	0.00	6.94	744.00
	3933.14	0.00	6.95	747.00
	3933.15	0.00	6.95	746.00
	3933.16	0.00	6.94	747.00
	3933.17	0.00	6.92	746.00
	3933.19	0.00	6.90	744.00
	3933.20	0.00	6.90	744.00
	3933.21	0.00	6.90	746.00
	3933.22	0.00	6.89	748.00
	3933.23	0.00	6.90	747.00
	3933.24	0.00	6.96	750.00
	3933.25	0.00	6.96	754.00
	3933.27	0.00	6.99	755.00
	3933.28	0.00	6.90	771.00
	3933.29	0.00	6.92	774.00
	3933.30	0.00	6.90	774.00
	3933.31	0.00	6.89	773.00
	3933.32	0.00	6.91	772.00
	3933.34	0.00	6.91	772.00
	3933.35	0.00	6.91	772.00
	3933.36	0.00	6.90	771.00
	3933.37	0.00	6.91	774.00
	3933.38	0.00	7.02	781.00
	3933.39	0.00	7.01	777.00
	3933.41	0.00	6.97	795.00
	3933.42	0.00	6.97	797.00
	3933.43	0.00	6.96	799.00
	3933.44	0.00	6.94	800.00
	3933.45	0.00	6.95	800.00
	3933.46	0.00	6.96	797.00
	3933.47	0.00	6.93	806.00
	3933.49	0.00	6.92	807.00
	3933.50	0.00	6.93	810.00
	3933.51	0.00	6.95	810.00
	3933.52	0.00	6.86	813.00
	3933.53	0.00	6.92	813.00
	3933.54	0.00	6.90	811.00
	3933.56	0.00	6.83	810.00
	3933.57	0.00	6.85	811.00
	3933.58	0.00	6.88	805.00
	3933.59	0.00	6.89	804.00
	3933.60	0.00	6.88	804.00
	3933.61	0.00	6.91	807.00
	3933.63	0.00	6.90	806.00
	3933.64	0.00	6.87	816.00
	3933.65	0.00	6.88	816.00
	3933.66	0.00	6.88	816.00
	3933.67	0.00	6.79	810.00
	3933.68	0.00	6.79	810.00
	3933.69	0.00	6.85	785.00
	3933.71	0.00	6.85	784.00
	3933.72	0.00	6.87	788.00
	3933.73	0.00	6.88	787.00
	3933.74	0.00	6.87	786.00
	3933.75	0.00	6.88	785.00
	3933.76	0.00	6.87	786.00
	3933.78	0.00	6.87	784.00
	3933.79	0.00	6.85	782.00
	3933.80	0.00	6.84	780.00
	3933.81	0.00	6.84	781.00
	3933.82	0.00	6.85	780.00
	3933.83	0.00	6.85	779.00
	3933.84	0.00	6.89	782.00
	3933.86	0.00	6.91	782.00
	3933.87	0.00	6.92	780.00
	3933.88	0.00	6.87	800.00
	3933.89	0.00	6.86	796.00
	3933.90	0.00	6.87	800.00
	3933.91	0.00	6.84	799.00
	3933.93	0.00	6.84	798.00
	3933.94	0.00	6.86	796.00
	3933.95	0.00	6.86	794.00
	3933.96	0.00	6.86	793.00
	3933.97	0.00	6.90	795.00
	3933.98	0.00	6.97	797.00
	3934.00	0.00	6.97	793.00
	3934.01	0.00	6.91	811.00
	3934.02	0.00	6.92	811.00
	3934.03	0.00	6.90	811.00
	3934.04	0.00	6.90	810.00
	3934.05	0.00	6.89	811.00
	3934.06	0.00	6.88	810.00
	3934.08	0.00	6.87	809.00
	3934.09	0.00	6.86	809.00
	3934.10	0.00	6.91	812.00
	3934.11	0.00	6.90	810.00
	3934.12	0.00	6.90	810.00
	3934.13	0.00	6.91	809.00
	3934.15	0.00	6.90	809.00
	3934.16	0.00	6.85	805.00
	3934.17	0.00	6.83	807.00
	3934.18	0.00	6.86	800.00
	3934.19	0.00	6.86	799.00
	3934.20	0.00	6.88	799.00
	3934.22	0.00	6.87	800.00
	3934.23	0.00	6.87	801.00
	3934.24	0.00	6.85	806.00
	3934.25	0.00	6.84	805.00
	3934.26	0.00	6.83	805.00
	3934.27	0.00	6.76	801.00
	3934.28	0.00	6.77	794.00
	3934.30	0.00	6.83	776.00
	3934.31	0.00	6.82	776.00
	3934.32	0.00	6.85	778.00
	3934.33	0.00	6.85	778.00
	3934.34	0.00	6.84	778.00
	3934.35	0.00	6.83	779.00
	3934.37	0.00	6.84	779.00
	3934.38	0.00	6.83	778.00
	3934.39	0.00	6.81	775.00
	3934.40	0.00	6.81	774.00
	3934.41	0.00	6.31	726.00
	3934.42	0.00	6.81	775.00
	3934.44	0.00	6.30	725.00
	3934.45	0.00	6.82	774.00
	3934.46	0.00	6.89	776.00
	3934.47	0.00	6.89	775.00
	3934.48	0.00	6.34	745.00
	3934.49	0.00	6.35	745.00
	3934.50	0.00	6.82	794.00
	3934.52	0.00	6.84	794.00
	3934.53	0.00	6.84	793.00
	3934.54	0.00	6.34	741.00
	3934.55	0.00	6.36	741.00
	3934.56	0.00	6.35	740.00
	3934.57	0.00	6.91	790.00
	3934.59	0.00	6.93	789.00
	3934.60	0.00	6.96	785.00
	3934.61	0.00	6.90	803.00
	3934.62	0.00	6.91	804.00
	3934.63	0.00	6.89	802.00
	3934.64	0.00	6.89	801.00
	3934.66	0.00	6.89	801.00
	3934.67	0.00	6.91	797.00
	3934.68	0.00	6.88	805.00
	3934.69	0.00	6.85	801.00
	3934.70	0.00	6.88	804.00
	3934.71	0.00	6.86	805.00
	3934.73	0.00	6.87	806.00
	3934.74	0.00	6.86	805.00
	3934.75	0.00	6.85	806.00
	3934.76	0.00	6.81	804.00
	3934.77	0.00	6.78	804.00
	3934.78	0.00	6.78	802.00
	3934.79	0.00	6.82	797.00
	3934.81	0.00	6.82	796.00
	3934.82	0.00	6.84	798.00
	3934.83	0.00	6.83	797.00
	3934.84	0.00	6.85	799.00
	3934.85	0.00	6.85	800.00
	3934.86	0.00	6.83	806.00
	3934.88	0.00	6.82	803.00
	3934.89	0.00	6.73	798.00
	3934.90	0.00	6.74	798.00
	3934.91	0.00	6.78	783.00
	3934.92	0.00	6.82	771.00
	3934.93	0.00	6.82	772.00
	3934.95	0.00	6.83	772.00
	3934.96	0.00	6.81	773.00
	3934.97	0.00	6.85	774.00
	3934.98	0.00	6.86	774.00
	3934.99	0.00	6.85	775.00
	3935.00	0.00	6.84	772.00
	3935.01	0.00	6.31	720.00
	3935.03	0.00	6.32	721.00
	3935.04	0.00	6.31	718.00
	3935.05	0.00	6.30	723.00
	3935.06	0.00	6.30	722.00
	3935.07	0.00	6.33	722.00
	3935.08	0.00	6.40	724.00
	3935.09	0.00	6.37	730.00
	3935.11	0.00	6.34	743.00
	3935.12	0.00	6.85	791.00
	3935.13	0.00	6.34	741.00
	3935.14	0.00	6.33	742.00
	3935.15	0.00	6.34	742.00
	3935.16	0.00	6.84	791.00
	3935.18	0.00	6.36	739.00
	3935.19	0.00	6.35	739.00
	3935.20	0.00	6.95	793.00
	3935.21	0.00	6.95	789.00
	3935.22	0.00	6.90	805.00
	3935.23	0.00	6.92	808.00
	3935.25	0.00	6.91	807.00
	3935.26	0.00	6.91	805.00
	3935.27	0.00	6.90	807.00
	3935.28	0.00	6.88	805.00
	3935.29	0.00	6.89	806.00
	3935.30	0.00	6.87	807.00
	3935.31	0.00	6.88	806.00
	3935.33	0.00	6.87	806.00
	3935.34	0.00	6.90	810.00
	3935.35	0.00	6.90	808.00
	3935.36	0.00	6.87	811.00
	3935.37	0.00	6.89	810.00
	3935.38	0.00	6.85	808.00
	3935.40	0.00	6.84	809.00
	3935.41	0.00	6.85	803.00
	3935.42	0.00	6.87	800.00
	3935.43	0.00	6.85	800.00
	3935.44	0.00	6.86	803.00
	3935.45	0.00	6.87	802.00
	3935.47	0.00	6.88	801.00
	3935.48	0.00	6.86	805.00
	3935.49	0.00	6.84	810.00
	3935.50	0.00	6.85	811.00
	3935.51	0.00	6.75	803.00
	3935.52	0.00	6.77	804.00
	3935.54	0.00	6.75	799.00
	3935.55	0.00	6.78	799.00
	3935.56	0.00	6.83	778.00
	3935.57	0.00	6.84	777.00
	3935.58	0.00	6.87	779.00
	3935.59	0.00	6.84	778.00
	3935.60	0.00	6.84	776.00
	3935.62	0.00	6.86	779.00
	3935.63	0.00	6.85	778.00
	3935.64	0.00	6.31	725.00
	3935.65	0.00	6.82	773.00
	3935.66	0.00	6.82	774.00
	3935.67	0.00	6.82	775.00
	3935.69	0.00	6.32	723.00
	3935.70	0.00	6.84	773.00
	3935.71	0.00	6.88	776.00
	3935.72	0.00	6.91	775.00
	3935.73	0.00	6.90	775.00
	3935.75	0.00	6.82	795.00
	3935.76	0.00	6.83	795.00
	3935.77	0.00	6.84	797.00
	3935.78	0.00	6.82	796.00
	3935.79	0.00	6.82	794.00
	3935.80	0.00	6.82	794.00
	3935.81	0.00	6.31	742.00
	3935.82	0.00	6.93	798.00
	3935.84	0.00	6.96	793.00
	3935.85	0.00	6.96	790.00
	3935.86	0.00	6.91	809.00
	3935.87	0.00	6.91	812.00
	3935.88	0.00	6.92	809.00
	3935.89	0.00	6.90	809.00
	3935.91	0.00	6.89	808.00
	3935.92	0.00	6.90	805.00
	3935.93	0.00	6.91	802.00
	3935.94	0.00	6.88	809.00
	3935.95	0.00	6.87	809.00
	3935.96	0.00	6.90	812.00
	3935.98	0.00	6.90	812.00
	3935.99	0.00	6.90	812.00
	3936.00	0.00	6.89	813.00
	3936.01	0.00	6.88	810.00
	3936.02	0.00	6.85	811.00
	3936.03	0.00	6.84	811.00
	3936.05	0.00	6.83	810.00
	3936.06	0.00	6.85	803.00
	3936.07	0.00	6.84	804.00
	3936.08	0.00	6.87	804.00
	3936.09	0.00	6.87	804.00
	3936.10	0.00	6.86	805.00
	3936.11	0.00	6.85	812.00
	3936.13	0.00	6.84	812.00
	3936.14	0.00	6.84	811.00
	3936.15	0.00	6.76	806.00
	3936.16	0.00	6.77	805.00
	3936.17	0.00	6.80	792.00
	3936.18	0.00	6.84	779.00
	3936.20	0.00	6.84	780.00
	3936.21	0.00	6.86	780.00
	3936.22	0.00	6.84	779.00
	3936.23	0.00	6.86	780.00
	3936.24	0.00	6.85	782.00
	3936.25	0.00	6.86	780.00
	3936.27	0.00	6.86	781.00
	3936.28	0.00	6.83	777.00
	3936.29	0.00	6.83	777.00
	3936.30	0.00	6.80	774.00
	3936.31	0.00	6.81	775.00
	3936.32	0.00	6.83	774.00
	3936.33	0.00	6.83	773.00
	3936.35	0.00	6.91	772.00
	3936.36	0.00	6.90	776.00
	3936.37	0.00	6.35	745.00
	3936.38	0.00	6.84	795.00
	3936.39	0.00	6.83	796.00
	3936.40	0.00	6.83	797.00
	3936.42	0.00	6.83	794.00
	3936.43	0.00	6.83	795.00
	3936.44	0.00	6.83	794.00
	3936.45	0.00	6.84	793.00
	3936.46	0.00	6.93	799.00
	3936.47	0.00	6.95	795.00
	3936.49	0.00	6.89	814.00
	3936.50	0.00	6.89	814.00
	3936.51	0.00	6.86	812.00
	3936.52	0.00	6.89	815.00
	3936.53	0.00	6.88	813.00
	3936.54	0.00	6.88	812.00
	3936.56	0.00	6.86	816.00
	3936.57	0.00	6.88	817.00
	3936.58	0.00	6.88	817.00
	3936.59	0.00	6.88	817.00
	3936.60	0.00	6.88	817.00
	3936.61	0.00	6.88	818.00
	3936.62	0.00	6.89	816.00
	3936.64	0.00	6.84	817.00
	3936.65	0.00	6.81	816.00
	3936.66	0.00	6.83	813.00
	3936.67	0.00	6.83	809.00
	3936.68	0.00	6.84	807.00
	3936.69	0.00	6.85	807.00
	3936.71	0.00	6.86	808.00
	3936.72	0.00	6.85	807.00
	3936.73	0.00	6.86	810.00
	3936.74	0.00	6.83	816.00
	3936.75	0.00	6.83	815.00
	3936.76	0.00	6.76	811.00
	3936.77	0.00	6.75	807.00
	3936.79	0.00	6.82	784.00
	3936.80	0.00	6.82	783.00
	3936.81	0.00	6.83	783.00
	3936.82	0.00	6.84	785.00
	3936.83	0.00	6.84	786.00
	3936.84	0.00	6.85	785.00
	3936.86	0.00	6.85	785.00
	3936.87	0.00	6.85	784.00
	3936.88	0.00	6.81	780.00
	3936.89	0.00	6.81	781.00
	3936.90	0.00	6.81	780.00
	3936.91	0.00	6.81	780.00
	3936.92	0.00	6.81	779.00
	3936.94	0.00	6.82	778.00
	3936.95	0.00	6.89	780.00
	3936.96	0.00	6.91	778.00
	3936.97	0.00	6.84	797.00
	3936.98	0.00	6.84	799.00
	3937.00	0.00	6.82	799.00
	3937.01	0.00	6.83	798.00
	3937.02	0.00	6.84	798.00
	3937.03	0.00	6.85	796.00
	3937.04	0.00	6.35	744.00
	3937.05	0.00	6.90	793.00
	3937.06	0.00	6.95	795.00
	3937.08	0.00	6.95	795.00
	3937.09	0.00	6.91	810.00
	3937.10	0.00	6.91	811.00
	3937.11	0.00	6.92	810.00
	3937.12	0.00	6.89	811.00
	3937.13	0.00	6.89	809.00
	3937.14	0.00	6.83	812.00
	3937.16	0.00	6.86	812.00
	3937.17	0.00	6.89	814.00
	3937.18	0.00	6.87	813.00
	3937.19	0.00	6.86	814.00
	3937.20	0.00	6.87	814.00
	3937.21	0.00	6.88	816.00
	3937.23	0.00	6.86	815.00
	3937.24	0.00	6.81	814.00
	3937.25	0.00	6.82	811.00
	3937.26	0.00	6.85	808.00
	3937.27	0.00	6.83	806.00
	3937.28	0.00	6.84	808.00
	3937.30	0.00	6.85	808.00
	3937.31	0.00	6.85	810.00
	3937.32	0.00	6.83	814.00
	3937.33	0.00	6.84	815.00
	3937.34	0.00	6.82	815.00
	3937.35	0.00	6.75	810.00
	3937.37	0.00	6.76	805.00
	3937.38	0.00	6.81	781.00
	3937.39	0.00	6.83	782.00
	3937.40	0.00	6.83	783.00
	3937.41	0.00	6.83	784.00
	3937.42	0.00	6.84	784.00
	3937.43	0.00	6.84	785.00
	3937.45	0.00	6.84	785.00
	3937.46	0.00	6.83	783.00
	3937.47	0.00	6.31	730.00
	3937.48	0.00	6.31	730.00
	3937.49	0.00	6.30	730.00
	3937.50	0.00	6.32	729.00
	3937.52	0.00	6.32	729.00
	3937.53	0.00	6.37	731.00
	3937.54	0.00	6.39	730.00
	3937.55	0.00	6.33	751.00
	3937.56	0.00	6.34	751.00
	3937.57	0.00	6.34	751.00
	3937.59	0.00	6.33	752.00
	3937.60	0.00	6.33	749.00
	3937.61	0.00	6.34	749.00
	3937.62	0.00	6.33	748.00
	3937.63	0.00	6.86	796.00
	3937.64	0.00	6.92	797.00
	3937.65	0.00	6.94	792.00
	3937.67	0.00	6.88	812.00
	3937.68	0.00	6.88	811.00
	3937.69	0.00	6.87	807.00
	3937.70	0.00	6.87	810.00
	3937.71	0.00	6.88	804.00
	3937.72	0.00	6.86	812.00
	3937.74	0.00	6.86	811.00
	3937.75	0.00	6.87	814.00
	3937.76	0.00	6.87	813.00
	3937.77	0.00	6.86	815.00
	3937.78	0.00	6.86	815.00
	3937.79	0.00	6.85	815.00
	3937.81	0.00	6.82	815.00
	3937.82	0.00	6.80	814.00
	3937.83	0.00	6.81	813.00
	3937.84	0.00	6.83	806.00
	3937.85	0.00	6.83	807.00
	3937.86	0.00	6.84	806.00
	3937.87	0.00	6.84	806.00
	3937.89	0.00	6.84	808.00
	3937.90	0.00	6.81	814.00
	3937.91	0.00	6.82	812.00
	3937.92	0.00	6.81	813.00
	3937.93	0.00	6.73	808.00
	3937.94	0.00	6.74	804.00
	3937.96	0.00	6.81	782.00
	3937.97	0.00	6.82	781.00
	3937.98	0.00	6.83	782.00
	3937.99	0.00	6.83	782.00
	3938.00	0.00	6.83	782.00
	3938.01	0.00	6.83	783.00
	3938.03	0.00	6.83	782.00
	3938.04	0.00	6.82	780.00
	3938.05	0.00	6.31	729.00
	3938.06	0.00	6.30	728.00
	3938.07	0.00	6.31	728.00
	3938.08	0.00	6.30	729.00
	3938.09	0.00	6.36	731.00
	3938.11	0.00	6.38	732.00
	3938.12	0.00	6.40	727.00
	3938.13	0.00	6.34	749.00
	3938.14	0.00	6.33	751.00
	3938.15	0.00	6.33	750.00
	3938.16	0.00	6.32	751.00
	3938.18	0.00	6.32	751.00
	3938.19	0.00	6.33	750.00
	3938.20	0.00	6.34	749.00
	3938.21	0.00	6.34	748.00
	3938.22	0.00	6.93	800.00
	3938.23	0.00	6.94	796.00
	3938.25	0.00	6.89	812.00
	3938.26	0.00	6.89	812.00
	3938.27	0.00	6.86	811.00
	3938.28	0.00	6.88	813.00
	3938.29	0.00	6.88	810.00
	3938.30	0.00	6.87	815.00
	3938.31	0.00	6.86	816.00
	3938.33	0.00	6.85	814.00
	3938.34	0.00	6.88	818.00
	3938.35	0.00	6.88	817.00
	3938.36	0.00	6.87	817.00
	3938.37	0.00	6.87	817.00
	3938.38	0.00	6.87	818.00
	3938.40	0.00	6.86	818.00
	3938.41	0.00	6.81	817.00
	3938.42	0.00	6.81	813.00
	3938.43	0.00	6.83	809.00
	3938.44	0.00	6.83	806.00
	3938.45	0.00	6.84	809.00
	3938.46	0.00	6.84	807.00
	3938.48	0.00	6.81	814.00
	3938.49	0.00	6.82	815.00
	3938.50	0.00	6.81	816.00
	3938.51	0.00	6.82	815.00
	3938.52	0.00	6.74	809.00
	3938.53	0.00	6.74	805.00
	3938.55	0.00	6.81	784.00
	3938.56	0.00	6.81	783.00
	3938.57	0.00	6.83	783.00
	3938.58	0.00	6.82	783.00
	3938.59	0.00	6.83	783.00
	3938.60	0.00	6.83	783.00
	3938.62	0.00	6.83	783.00
	3938.63	0.00	6.82	781.00
	3938.64	0.00	6.30	730.00
	3938.65	0.00	6.30	730.00
	3938.66	0.00	6.32	730.00
	3938.67	0.00	6.30	729.00
	3938.68	0.00	6.38	733.00
	3938.70	0.00	6.37	732.00
	3938.71	0.00	6.40	730.00
	3938.72	0.00	6.34	752.00
	3938.73	0.00	6.34	751.00
	3938.74	0.00	6.33	752.00
	3938.75	0.00	6.32	750.00
	3938.77	0.00	6.32	750.00
	3938.78	0.00	6.34	749.00
	3938.79	0.00	6.33	749.00
	3938.80	0.00	6.35	747.00
	3938.81	0.00	6.94	800.00
	3938.82	0.00	6.95	794.00
	3938.84	0.00	6.87	814.00
	3938.85	0.00	6.89	813.00
	3938.86	0.00	6.89	814.00
	3938.87	0.00	6.89	814.00
	3938.88	0.00	6.89	810.00
	3938.89	0.00	6.89	813.00
	3938.91	0.00	6.87	814.00
	3938.92	0.00	6.87	814.00
	3938.93	0.00	6.88	816.00
	3938.94	0.00	6.90	815.00
	3938.95	0.00	6.89	818.00
	3938.96	0.00	6.88	817.00
	3938.97	0.00	6.83	815.00
	3938.99	0.00	6.83	816.00
	3939.00	0.00	6.83	814.00
	3939.01	0.00	6.85	806.00
	3939.02	0.00	6.85	807.00
	3939.03	0.00	6.85	805.00
	3939.04	0.00	6.87	806.00
	3939.06	0.00	6.87	806.00
	3939.07	0.00	6.85	810.00
	3939.08	0.00	6.83	812.00
	3939.09	0.00	6.79	811.00
	3939.10	0.00	6.74	807.00
	3939.11	0.00	6.72	806.00
	3939.13	0.00	6.79	780.00
	3939.14	0.00	6.80	782.00
	3939.15	0.00	6.82	784.00
	3939.16	0.00	6.81	783.00
	3939.17	0.00	6.82	784.00
	3939.18	0.00	6.82	783.00
	3939.19	0.00	6.82	784.00
	3939.21	0.00	6.83	784.00
	3939.22	0.00	6.29	731.00
	3939.23	0.00	6.30	730.00
	3939.24	0.00	6.31	730.00
	3939.25	0.00	6.31	729.00
	3939.26	0.00	6.32	727.00
	3939.28	0.00	6.38	729.00
	3939.29	0.00	6.39	729.00
	3939.30	0.00	6.39	727.00
	3939.31	0.00	6.33	748.00
	3939.32	0.00	6.35	748.00
	3939.33	0.00	6.33	747.00
	3939.35	0.00	6.33	746.00
	3939.36	0.00	6.34	746.00
	3939.37	0.00	6.36	744.00
	3939.38	0.00	6.86	789.00
	3939.39	0.00	6.95	792.00
	3939.40	0.00	6.95	789.00
	3939.41	0.00	6.95	784.00
	3939.43	0.00	6.91	806.00
	3939.44	0.00	6.91	805.00
	3939.45	0.00	6.91	805.00
	3939.46	0.00	6.89	806.00
	3939.47	0.00	6.90	803.00
	3939.48	0.00	6.91	802.00
	3939.50	0.00	6.90	805.00
	3939.51	0.00	6.90	803.00
	3939.52	0.00	6.91	805.00
	3939.53	0.00	6.92	807.00
	3939.54	0.00	6.93	808.00
	3939.55	0.00	6.86	807.00
	3939.57	0.00	6.93	808.00
	3939.58	0.00	6.88	808.00
	3939.59	0.00	6.88	810.00
	3939.60	0.00	6.87	805.00
	3939.61	0.00	6.89	800.00
	3939.62	0.00	6.89	800.00
	3939.63	0.00	6.92	803.00
	3939.65	0.00	6.92	803.00
	3939.66	0.00	6.89	811.00
	3939.67	0.00	6.85	810.00
	3939.68	0.00	6.89	811.00
	3939.69	0.00	6.85	809.00
	3939.70	0.00	6.82	805.00
	3939.72	0.00	6.86	791.00
	3939.73	0.00	6.90	776.00
	3939.74	0.00	6.90	775.00
	3939.75	0.00	6.91	775.00
	3939.76	0.00	6.91	774.00
	3939.77	0.00	6.91	774.00
	3939.78	0.00	6.92	772.00
	3939.80	0.00	6.91	771.00
	3939.81	0.00	6.88	768.00
	3939.82	0.00	6.88	767.00
	3939.83	0.00	6.90	767.00
	3939.84	0.00	6.88	766.00
	3939.85	0.00	6.90	763.00
	3939.87	0.00	6.94	762.00
	3939.88	0.00	6.96	763.00
	3939.89	0.00	6.89	783.00
	3939.90	0.00	6.89	783.00
	3939.91	0.00	6.90	782.00
	3939.92	0.00	6.90	783.00
	3939.94	0.00	6.88	783.00
	3939.95	0.00	6.88	780.00
	3939.96	0.00	6.89	778.00
	3939.97	0.00	6.40	728.00
	3939.98	0.00	6.40	727.00
	3939.99	0.00	6.92	775.00
	3940.00	0.00	7.00	778.00
	3940.02	0.00	7.02	773.00
	3940.03	0.00	6.97	790.00
	3940.04	0.00	6.97	790.00
	3940.05	0.00	6.96	790.00
	3940.06	0.00	6.94	790.00
	3940.07	0.00	6.95	788.00
	3940.09	0.00	6.95	782.00
	3940.10	0.00	6.96	788.00
	3940.11	0.00	6.95	783.00
	3940.12	0.00	6.97	786.00
	3940.13	0.00	6.98	783.00
	3940.14	0.00	6.99	783.00
	3940.16	0.00	7.00	780.00
	3940.17	0.00	6.95	775.00
	3940.18	0.00	6.94	774.00
	3940.19	0.00	6.95	770.00
	3940.20	0.00	6.95	767.00
	3940.21	0.00	6.97	760.00
	3940.23	0.00	6.98	756.00
	3940.24	0.00	7.02	752.00
	3940.25	0.00	7.03	751.00
	3940.26	0.00	7.03	750.00
	3940.27	0.00	7.01	753.00
	3940.28	0.00	7.02	754.00
	3940.29	0.00	7.02	752.00
	3940.31	0.00	6.93	746.00
	3940.32	0.00	6.93	744.00
	3940.33	0.00	6.96	730.00
	3940.34	0.00	6.98	727.00
	3940.35	0.00	7.00	727.00
	3940.36	0.00	7.00	729.00
	3940.38	0.00	7.00	729.00
	3940.39	0.00	6.99	729.00
	3940.40	0.00	6.98	729.00
	3940.41	0.00	6.98	731.00
	3940.42	0.00	6.43	682.00
	3940.43	0.00	6.43	682.00
	3940.45	0.00	6.42	689.00
	3940.46	0.00	6.41	692.00
	3940.47	0.00	6.46	700.00
	3940.48	0.00	6.47	702.00
	3940.49	0.00	6.46	704.00
	3940.50	0.00	6.43	718.00
	3940.51	0.00	6.40	728.00
	3940.53	0.00	6.40	731.00
	3940.54	0.00	6.39	732.00
	3940.55	0.00	6.39	731.00
	3940.56	0.00	6.40	730.00
	3940.57	0.00	6.41	730.00
	3940.58	0.00	6.42	727.00
	3940.60	0.00	6.48	732.00
	3940.61	0.00	6.48	731.00
	3940.62	0.00	6.49	729.00
	3940.63	0.00	6.45	746.00
	3940.64	0.00	6.45	744.00
	3940.65	0.00	6.44	745.00
	3940.67	0.00	6.43	744.00
	3940.68	0.00	6.45	740.00
	3940.69	0.00	6.43	746.00
	3940.70	0.00	6.42	745.00
	3940.71	0.00	6.42	747.00
	3940.72	0.00	6.42	747.00
	3940.73	0.00	6.42	748.00
	3940.75	0.00	6.41	749.00
	3940.76	0.00	6.40	748.00
	3940.77	0.00	6.35	746.00
	3940.78	0.00	6.35	746.00
	3940.79	0.00	6.35	744.00
	3940.80	0.00	6.37	738.00
	3940.82	0.00	6.37	737.00
	3940.83	0.00	6.38	738.00
	3940.84	0.00	6.38	737.00
	3940.85	0.00	6.35	746.00
	3940.86	0.00	6.36	745.00
	3940.87	0.00	6.36	746.00
	3940.88	0.00	6.35	746.00
	3940.90	0.00	6.29	743.00
	3940.91	0.00	6.28	737.00
	3940.92	0.00	6.34	717.00
	3940.93	0.00	6.34	718.00
	3940.94	0.00	6.35	718.00
	3940.95	0.00	6.35	717.00
	3940.97	0.00	6.34	718.00
	3940.98	0.00	6.34	718.00
	3940.99	0.00	6.34	718.00
	3941.00	0.00	6.35	718.00
	3941.01	0.00	6.34	717.00
	3941.02	0.00	6.35	715.00
	3941.04	0.00	6.35	717.00
	3941.05	0.00	6.36	713.00
	3941.06	0.00	6.34	717.00
	3941.07	0.00	6.41	718.00
	3941.08	0.00	6.42	717.00
	3941.09	0.00	6.37	734.00
	3941.10	0.00	6.38	738.00
	3941.12	0.00	6.37	740.00
	3941.13	0.00	6.36	740.00
	3941.14	0.00	6.35	741.00
	3941.15	0.00	6.36	740.00
	3941.16	0.00	6.36	740.00
	3941.17	0.00	6.37	741.00
	3941.19	0.00	6.45	742.00
	3941.20	0.00	6.45	739.00
	3941.21	0.00	6.41	755.00
	3941.22	0.00	6.41	755.00
	3941.23	0.00	6.42	754.00
	3941.24	0.00	6.40	754.00
	3941.26	0.00	6.41	753.00
	3941.27	0.00	6.41	753.00
	3941.28	0.00	6.40	757.00
	3941.29	0.00	6.38	756.00
	3941.30	0.00	6.88	806.00
	3941.31	0.00	6.88	805.00
	3941.32	0.00	6.88	807.00
	3941.34	0.00	6.87	808.00
	3941.35	0.00	6.37	757.00
	3941.36	0.00	6.81	808.00
	3941.37	0.00	6.80	806.00
	3941.38	0.00	6.81	802.00
	3941.39	0.00	6.82	801.00
	3941.41	0.00	6.82	801.00
	3941.42	0.00	6.83	800.00
	3941.43	0.00	6.83	803.00
	3941.44	0.00	6.84	803.00
	3941.45	0.00	6.84	803.00
	3941.46	0.00	6.80	811.00
	3941.48	0.00	6.80	810.00
	3941.49	0.00	6.30	762.00
	3941.50	0.00	6.23	757.00
	3941.51	0.00	6.24	751.00
	3941.52	0.00	6.28	730.00
	3941.53	0.00	6.30	729.00
	3941.54	0.00	6.80	778.00
	3941.56	0.00	6.80	779.00
	3941.57	0.00	6.82	778.00
	3941.58	0.00	6.30	729.00
	3941.59	0.00	6.83	775.00
	3941.60	0.00	6.30	728.00
	3941.61	0.00	6.31	728.00
	3941.63	0.00	6.32	725.00
	3941.64	0.00	6.32	726.00
	3941.65	0.00	6.32	724.00
	3941.66	0.00	6.34	721.00
	3941.67	0.00	6.42	719.00
	3941.68	0.00	6.44	715.00
	3941.69	0.00	6.37	733.00
	3941.71	0.00	6.40	731.00
	3941.72	0.00	6.40	728.00
	3941.73	0.00	6.40	722.00
	3941.74	0.00	6.41	718.00
	3941.75	0.00	6.44	710.00
	3941.76	0.00	6.46	707.00
	3941.78	0.00	6.47	701.00
	3941.79	0.00	6.54	688.00
	3941.80	0.00	6.58	688.00
	3941.81	0.00	6.60	687.00
	3941.82	0.00	6.56	696.00
	3941.83	0.00	6.57	695.00
	3941.85	0.00	6.57	694.00
	3941.86	0.00	6.58	688.00
	3941.87	0.00	6.57	684.00
	3941.88	0.00	6.58	688.00
	3941.89	0.00	6.58	688.00
	3941.90	0.00	6.58	687.00
	3941.91	0.00	6.59	688.00
	3941.93	0.00	6.59	687.00
	3941.94	0.00	6.61	688.00
	3941.95	0.00	6.59	688.00
	3941.96	0.00	6.60	687.00
	3941.97	0.00	6.53	685.00
	3941.98	0.00	6.54	685.00
	3942.00	0.00	6.55	681.00
	3942.01	0.00	6.54	681.00
	3942.02	0.00	6.57	679.00
	3942.03	0.00	6.58	681.00
	3942.04	0.00	6.59	683.00
	3942.05	0.00	6.59	682.00
	3942.07	0.00	6.58	686.00
	3942.08	0.00	6.58	685.00
	3942.09	0.00	6.53	683.00
	3942.10	0.00	6.50	678.00
	3942.11	0.00	6.52	673.00
	3942.12	0.00	6.55	664.00
	3942.13	0.00	6.55	664.00
	3942.15	0.00	6.55	663.00
	3942.16	0.00	6.55	664.00
	3942.17	0.00	6.56	664.00
	3942.18	0.00	6.56	663.00
	3942.19	0.00	6.56	663.00
	3942.20	0.00	6.56	663.00
	3942.22	0.00	6.56	663.00
	3942.23	0.00	6.56	662.00
	3942.24	0.00	6.56	661.00
	3942.25	0.00	6.57	662.00
	3942.26	0.00	6.56	662.00
	3942.27	0.00	6.56	661.00
	3942.29	0.00	6.64	664.00
	3942.30	0.00	6.65	664.00
	3942.31	0.00	6.61	677.00
	3942.32	0.00	6.62	676.00
	3942.33	0.00	6.61	676.00
	3942.34	0.00	6.60	674.00
	3942.35	0.00	6.61	673.00
	3942.37	0.00	6.60	674.00
	3942.38	0.00	6.62	670.00
	3942.39	0.00	6.63	671.00
	3942.40	0.00	6.63	669.00
	3942.41	0.00	6.71	672.00
	3942.42	0.00	6.71	670.00
	3942.44	0.00	6.68	678.00
	3942.45	0.00	6.68	678.00
	3942.46	0.00	6.68	678.00
	3942.47	0.00	6.68	680.00
	3942.48	0.00	6.67	685.00
	3942.49	0.00	6.58	704.00
	3942.51	0.00	6.51	729.00
	3942.52	0.00	6.44	761.00
	3942.53	0.00	6.36	796.00
	3942.54	0.00	6.30	825.00
	3942.55	0.00	6.24	851.00
	3942.56	0.00	6.22	870.00
	3942.58	0.00	6.18	885.00
	3942.59	0.00	6.17	890.00
	3942.60	0.00	6.16	901.00
	3942.61	0.00	6.15	911.00
	3942.62	0.00	6.12	923.00
	3942.63	0.00	6.10	945.00
	3942.64	0.00	6.03	964.00
	3942.66	0.00	6.00	987.00
	3942.67	0.00	5.98	1006.00
	3942.68	0.00	5.97	1022.00
	3942.69	0.00	5.95	1035.00
	3942.70	0.00	5.94	1049.00
	3942.71	0.00	5.91	1059.00
	3942.73	0.00	5.94	1072.00
	3942.74	0.00	6.33	1128.00
	3942.75	0.00	6.35	1131.00
	3942.76	0.00	6.34	1140.00
	3942.77	0.00	6.33	1144.00
	3942.78	0.00	6.33	1155.00
	3942.80	0.00	6.32	1173.00
	3942.81	0.00	6.31	1181.00
	3942.82	0.00	6.29	1190.00
	3942.83	0.00	6.24	1196.00
	3942.84	0.00	6.27	1209.00
	3942.85	0.00	6.28	1220.00
	3942.87	0.00	6.23	1223.00
	3942.88	0.00	6.22	1232.00
	3942.89	0.00	6.21	1240.00
	3942.90	0.00	6.20	1248.00
	3942.91	0.00	6.20	1257.00
	3942.92	0.00	6.19	1264.00
	3942.94	0.00	6.19	1272.00
	3942.95	0.00	6.18	1278.00
	3942.96	0.00	6.20	1276.00
	3942.97	0.00	6.22	1270.00
	3942.98	0.00	6.22	1275.00
	3943.00	0.00	6.21	1277.00
	3943.01	0.00	6.21	1281.00
	3943.02	0.00	6.21	1282.00
	3943.03	0.00	6.20	1283.00
	3943.04	0.00	6.20	1286.00
	3943.05	0.00	6.19	1289.00
	3943.06	0.00	6.17	1290.00
	3943.08	0.00	6.19	1294.00
	3943.09	0.00	6.16	1292.00
	3943.10	0.00	6.16	1294.00
	3943.11	0.00	6.37	1342.00
	3943.12	0.00	6.44	1344.00
	3943.14	0.00	6.43	1346.00
	3943.15	0.00	6.12	1297.00
	3943.16	0.00	6.39	1349.00
	3943.17	0.00	6.40	1353.00
	3943.18	0.00	6.40	1357.00
	3943.19	0.00	6.39	1358.00
	3943.21	0.00	6.37	1360.00
	3943.22	0.00	6.39	1363.00
	3943.23	0.00	6.39	1366.00
	3943.24	0.00	6.40	1367.00
	3943.25	0.00	6.36	1364.00
	3943.26	0.00	6.09	1314.00
	3943.28	0.00	6.08	1312.00
	3943.29	0.00	6.07	1317.00
	3943.30	0.00	6.34	1368.00
	3943.31	0.00	6.07	1321.00
	3943.32	0.00	6.05	1322.00
	3943.33	0.00	6.05	1326.00
	3943.35	0.00	5.69	1276.00
	3943.36	0.00	5.69	1278.00
	3943.37	0.00	5.69	1282.00
	3943.38	0.00	5.70	1280.00
	3943.39	0.00	5.70	1281.00
	3943.40	0.00	5.69	1283.00
	3943.42	0.00	5.69	1283.00
	3943.43	0.00	5.69	1282.00
	3943.44	0.00	5.68	1281.00
	3943.45	0.00	5.70	1276.00
	3943.46	0.00	5.69	1276.00
	3943.48	0.00	5.70	1273.00
	3943.49	0.00	5.71	1268.00
	3943.50	0.00	5.71	1261.00
	3943.51	0.00	5.72	1253.00
	3943.52	0.00	5.73	1243.00
	3943.53	0.00	5.74	1231.00
	3943.54	0.00	5.76	1220.00
	3943.56	0.00	5.81	1212.00
	3943.57	0.00	5.83	1200.00
	3943.58	0.00	5.84	1191.00
	3943.59	0.00	5.85	1181.00
	3943.60	0.00	5.86	1172.00
	3943.62	0.00	5.87	1162.00
	3943.63	0.00	5.88	1158.00
	3943.64	0.00	5.86	1164.00
	3943.65	0.00	5.86	1159.00
	3943.66	0.00	5.87	1154.00
	3943.67	0.00	5.88	1145.00
	3943.69	0.00	5.89	1142.00
	3943.70	0.00	5.88	1137.00
	3943.71	0.00	5.88	1131.00
	3943.72	0.00	5.89	1125.00
	3943.73	0.00	5.90	1116.00
	3943.74	0.00	5.92	1106.00
	3943.76	0.00	5.92	1100.00
	3943.77	0.00	5.94	1092.00
	3943.78	0.00	6.00	1090.00
	3943.79	0.00	6.01	1082.00
	3943.80	0.00	6.02	1078.00
	3943.81	0.00	6.03	1071.00
	3943.83	0.00	6.03	1063.00
	3943.84	0.00	6.00	1080.00
	3943.85	0.00	6.00	1078.00
	3943.86	0.00	6.01	1074.00
	3943.87	0.00	6.00	1071.00
	3943.88	0.00	6.01	1068.00
	3943.90	0.00	6.01	1064.00
	3943.91	0.00	6.01	1059.00
	3943.92	0.00	6.02	1054.00
	3943.93	0.00	6.02	1055.00
	3943.94	0.00	6.02	1052.00
	3943.95	0.00	6.03	1049.00
	3943.96	0.00	6.03	1046.00
	3943.98	0.00	6.03	1042.00
	3943.99	0.00	6.03	1040.00
	3944.00	0.00	6.04	1036.00
	3944.01	0.00	6.03	1036.00
	3944.02	0.00	6.03	1036.00
	3944.03	0.00	6.04	1031.00
	3944.05	0.00	6.01	1028.00
	3944.06	0.00	6.00	1025.00
	3944.07	0.00	6.01	1023.00
	3944.08	0.00	6.00	1018.00
	3944.09	0.00	6.01	1017.00
	3944.10	0.00	6.03	1011.00
	3944.12	0.00	6.02	1006.00
	3944.13	0.00	6.02	1006.00
	3944.14	0.00	6.03	1007.00
	3944.15	0.00	6.03	1006.00
	3944.16	0.00	6.03	1005.00
	3944.17	0.00	6.03	1008.00
	3944.19	0.00	6.03	1006.00
	3944.20	0.00	6.03	1003.00
	3944.21	0.00	6.03	1000.00
	3944.22	0.00	6.03	997.00
	3944.23	0.00	5.97	992.00
	3944.25	0.00	5.97	984.00
	3944.26	0.00	5.98	975.00
	3944.27	0.00	6.03	950.00
	3944.28	0.00	6.05	938.00
	3944.29	0.00	6.06	934.00
	3944.30	0.00	6.05	929.00
	3944.31	0.00	6.05	923.00
	3944.33	0.00	6.07	919.00
	3944.34	0.00	6.53	965.00
	3944.35	0.00	6.52	962.00
	3944.36	0.00	6.53	958.00
	3944.37	0.00	6.09	904.00
	3944.38	0.00	6.09	900.00
	3944.39	0.00	6.09	897.00
	3944.41	0.00	6.10	897.00
	3944.42	0.00	6.10	892.00
	3944.43	0.00	6.13	890.00
	3944.44	0.00	6.17	889.00
	3944.45	0.00	6.19	884.00
	3944.46	0.00	6.14	910.00
	3944.48	0.00	6.14	909.00
	3944.49	0.00	6.14	907.00
	3944.50	0.00	6.13	907.00
	3944.51	0.00	6.14	906.00
	3944.52	0.00	6.15	902.00
	3944.53	0.00	6.15	899.00
	3944.55	0.00	6.16	896.00
	3944.56	0.00	6.18	892.00
	3944.57	0.00	6.18	888.00
	3944.58	0.00	6.24	890.00
	3944.59	0.00	6.27	882.00
	3944.60	0.00	6.23	901.00
	3944.61	0.00	6.22	896.00
	3944.63	0.00	6.23	894.00
	3944.64	0.00	6.22	893.00
	3944.65	0.00	6.22	893.00
	3944.66	0.00	6.24	887.00
	3944.67	0.00	6.22	893.00
	3944.68	0.00	6.22	893.00
	3944.70	0.00	6.22	892.00
	3944.71	0.00	6.22	892.00
	3944.72	0.00	6.22	889.00
	3944.73	0.00	6.21	895.00
	3944.74	0.00	6.22	894.00
	3944.75	0.00	6.17	890.00
	3944.77	0.00	6.17	891.00
	3944.78	0.00	6.16	891.00
	3944.79	0.00	6.18	884.00
	3944.80	0.00	6.18	882.00
	3944.81	0.00	6.18	881.00
	3944.82	0.00	6.20	881.00
	3944.83	0.00	6.21	879.00
	3944.85	0.00	6.18	888.00
	3944.86	0.00	6.18	887.00
	3944.87	0.00	6.18	889.00
	3944.88	0.00	6.17	887.00
	3944.89	0.00	6.11	884.00
	3944.90	0.00	6.11	880.00
	3944.92	0.00	6.18	852.00
	3944.93	0.00	6.18	851.00
	3944.94	0.00	6.18	853.00
	3944.95	0.00	6.18	854.00
	3944.96	0.00	6.18	853.00
	3944.97	0.00	6.18	855.00
	3944.98	0.00	6.18	856.00
	3945.00	0.00	6.17	858.00
	3945.01	0.00	6.17	859.00
	3945.02	0.00	6.17	860.00
	3945.03	0.00	6.17	862.00
	3945.04	0.00	6.16	865.00
	3945.05	0.00	6.16	866.00
	3945.07	0.00	6.15	867.00
	3945.08	0.00	6.21	871.00
	3945.09	0.00	6.23	869.00
	3945.10	0.00	6.20	881.00
	3945.11	0.00	6.17	899.00
	3945.12	0.00	6.18	901.00
	3945.14	0.00	6.16	901.00
	3945.15	0.00	6.16	901.00
	3945.16	0.00	6.17	901.00
	3945.17	0.00	6.16	900.00
	3945.18	0.00	6.17	898.00
	3945.19	0.00	6.17	896.00
	3945.20	0.00	6.18	897.00
	3945.22	0.00	6.25	898.00
	3945.23	0.00	6.26	895.00
	3945.24	0.00	6.26	890.00
	3945.25	0.00	6.23	906.00
	3945.26	0.00	6.22	911.00
	3945.28	0.00	6.22	909.00
	3945.29	0.00	6.23	908.00
	3945.30	0.00	6.22	907.00
	3945.31	0.00	6.22	907.00
	3945.32	0.00	6.22	906.00
	3945.33	0.00	6.23	899.00
	3945.35	0.00	6.22	904.00
	3945.36	0.00	6.22	902.00
	3945.37	0.00	6.23	900.00
	3945.38	0.00	6.22	901.00
	3945.39	0.00	6.23	902.00
	3945.40	0.00	6.21	906.00
	3945.41	0.00	6.19	911.00
	3945.43	0.00	6.20	911.00
	3945.44	0.00	6.15	911.00
	3945.45	0.00	6.15	910.00
	3945.46	0.00	6.15	906.00
	3945.47	0.00	6.16	902.00
	3945.48	0.00	6.18	895.00
	3945.50	0.00	6.18	893.00
	3945.51	0.00	6.19	892.00
	3945.52	0.00	6.20	889.00
	3945.53	0.00	6.20	888.00
	3945.54	0.00	6.18	895.00
	3945.55	0.00	6.18	892.00
	3945.57	0.00	6.17	892.00
	3945.58	0.00	6.12	889.00
	3945.59	0.00	6.11	885.00
	3945.60	0.00	6.13	877.00
	3945.61	0.00	6.18	855.00
	3945.62	0.00	6.18	855.00
	3945.63	0.00	6.18	853.00
	3945.65	0.00	6.18	857.00
	3945.66	0.00	6.18	860.00
	3945.67	0.00	6.17	863.00
	3945.68	0.00	6.16	868.00
	3945.69	0.00	6.17	871.00
	3945.70	0.00	6.15	873.00
	3945.72	0.00	6.16	876.00
	3945.73	0.00	6.16	882.00
	3945.74	0.00	6.16	885.00
	3945.75	0.00	6.15	888.00
	3945.76	0.00	6.20	895.00
	3945.77	0.00	6.21	899.00
	3945.78	0.00	6.19	904.00
	3945.80	0.00	6.15	930.00
	3945.81	0.00	6.14	933.00
	3945.82	0.00	6.13	938.00
	3945.83	0.00	6.13	942.00
	3945.84	0.00	6.13	949.00
	3945.85	0.00	6.12	954.00
	3945.87	0.00	6.12	956.00
	3945.88	0.00	6.13	957.00
	3945.89	0.00	6.15	956.00
	3945.90	0.00	6.19	960.00
	3945.91	0.00	6.21	955.00
	3945.92	0.00	6.16	978.00
	3945.93	0.00	6.17	981.00
	3945.95	0.00	6.17	981.00
	3945.96	0.00	6.17	981.00
	3945.97	0.00	6.17	983.00
	3945.98	0.00	6.17	985.00
	3945.99	0.00	6.17	985.00
	3946.00	0.00	6.17	982.00
	3946.02	0.00	6.15	994.00
	3946.03	0.00	6.13	1000.00
	3946.04	0.00	6.13	1008.00
	3946.05	0.00	6.12	1016.00
	3946.06	0.00	6.11	1025.00
	3946.08	0.00	6.10	1032.00
	3946.09	0.00	6.09	1045.00
	3946.10	0.00	6.07	1057.00
	3946.11	0.00	6.06	1068.00
	3946.12	0.00	6.06	1077.00
	3946.13	0.00	6.06	1084.00
	3946.14	0.00	6.05	1091.00
	3946.16	0.00	6.06	1096.00
	3946.17	0.00	6.01	1099.00
	3946.18	0.00	6.02	1102.00
	3946.19	0.00	6.02	1101.00
	3946.20	0.00	6.03	1098.00
	3946.21	0.00	6.03	1097.00
	3946.23	0.00	6.03	1097.00
	3946.24	0.00	6.44	1143.00
	3946.25	0.00	6.45	1144.00
	3946.26	0.00	6.45	1139.00
	3946.27	0.00	6.45	1137.00
	3946.29	0.00	6.47	1131.00
	3946.30	0.00	6.47	1129.00
	3946.31	0.00	6.48	1125.00
	3946.32	0.00	6.48	1122.00
	3946.33	0.00	6.49	1118.00
	3946.34	0.00	6.49	1118.00
	3946.35	0.00	6.48	1125.00
	3946.37	0.00	6.48	1124.00
	3946.38	0.00	6.48	1119.00
	3946.39	0.00	6.49	1121.00
	3946.40	0.00	6.47	1118.00
	3946.41	0.00	6.49	1120.00
	3946.43	0.00	6.49	1123.00
	3946.44	0.00	6.46	1118.00
	3946.45	0.00	6.42	1117.00
	3946.46	0.00	6.42	1117.00
	3946.47	0.00	6.42	1117.00
	3946.48	0.00	6.42	1116.00
	3946.50	0.00	6.47	1094.00
	3946.51	0.00	6.46	1100.00
	3946.52	0.00	6.45	1105.00
	3946.53	0.00	6.44	1109.00
	3946.54	0.00	6.43	1113.00
	3946.55	0.00	6.44	1114.00
	3946.56	0.00	6.44	1118.00
	3946.58	0.00	6.43	1117.00
	3946.59	0.00	6.72	1167.00
	3946.60	0.00	6.42	1116.00
	3946.61	0.00	6.42	1118.00
	3946.62	0.00	6.44	1119.00
	3946.64	0.00	6.43	1120.00
	3946.65	0.00	6.44	1121.00
	3946.66	0.00	6.45	1124.00
	3946.67	0.00	6.42	1120.00
	3946.68	0.00	6.42	1121.00
	3946.69	0.00	6.41	1122.00
	3946.70	0.00	6.42	1123.00
	3946.72	0.00	6.42	1122.00
	3946.73	0.00	6.42	1124.00
	3946.74	0.00	6.43	1124.00
	3946.75	0.00	6.40	1126.00
	3946.76	0.00	6.43	1125.00
	3946.77	0.00	6.44	1124.00
	3946.79	0.00	6.44	1123.00
	3946.80	0.00	6.45	1121.00
	3946.81	0.00	6.50	1124.00
	3946.82	0.00	6.50	1123.00
	3946.83	0.00	6.51	1124.00
	3946.85	0.00	6.50	1122.00
	3946.86	0.00	6.52	1119.00
	3946.87	0.00	6.52	1122.00
	3946.88	0.00	6.52	1118.00
	3946.89	0.00	6.53	1122.00
	3946.90	0.00	6.54	1120.00
	3946.91	0.00	6.53	1121.00
	3946.93	0.00	6.52	1128.00
	3946.94	0.00	6.49	1144.00
	3946.95	0.00	6.49	1142.00
	3946.96	0.00	6.50	1143.00
	3946.97	0.00	6.51	1145.00
	3946.98	0.00	6.51	1143.00
	3947.00	0.00	6.51	1143.00
	3947.01	0.00	6.51	1143.00
	3947.02	0.00	6.52	1146.00
	3947.03	0.00	6.51	1141.00
	3947.04	0.00	6.50	1140.00
	3947.06	0.00	6.51	1138.00
	3947.07	0.00	6.50	1137.00
	3947.08	0.00	6.53	1135.00
	3947.09	0.00	6.51	1137.00
	3947.10	0.00	6.50	1137.00
	3947.11	0.00	6.51	1137.00
	3947.12	0.00	6.52	1136.00
	3947.14	0.00	6.52	1135.00
	3947.15	0.00	6.53	1135.00
	3947.16	0.00	6.52	1134.00
	3947.17	0.00	6.52	1134.00
	3947.18	0.00	6.55	1134.00
	3947.20	0.00	6.53	1132.00
	3947.21	0.00	6.54	1129.00
	3947.22	0.00	6.56	1127.00
	3947.23	0.00	6.63	1132.00
	3947.24	0.00	6.66	1128.00
	3947.25	0.00	6.66	1123.00
	3947.27	0.00	6.68	1119.00
	3947.28	0.00	6.68	1119.00
	3947.29	0.00	6.69	1117.00
	3947.30	0.00	6.70	1113.00
	3947.31	0.00	6.65	1143.00
	3947.32	0.00	6.65	1144.00
	3947.33	0.00	6.66	1147.00
	3947.35	0.00	6.65	1147.00
	3947.36	0.00	6.65	1148.00
	3947.37	0.00	6.66	1151.00
	3947.38	0.00	6.65	1151.00
	3947.39	0.00	6.65	1156.00
	3947.41	0.00	6.66	1156.00
	3947.42	0.00	6.64	1156.00
	3947.43	0.00	6.64	1157.00
	3947.44	0.00	6.64	1159.00
	3947.45	0.00	6.64	1159.00
	3947.46	0.00	6.64	1157.00
	3947.47	0.00	6.64	1148.00
	3947.49	0.00	6.64	1156.00
	3947.50	0.00	6.63	1162.00
	3947.51	0.00	6.61	1166.00
	3947.52	0.00	6.63	1162.00
	3947.53	0.00	6.58	1173.00
	3947.54	0.00	6.58	1176.00
	3947.56	0.00	6.58	1177.00
	3947.57	0.00	6.57	1178.00
	3947.58	0.00	6.56	1181.00
	3947.59	0.00	6.57	1181.00
	3947.60	0.00	6.56	1186.00
	3947.62	0.00	6.55	1187.00
	3947.63	0.00	6.56	1192.00
	3947.64	0.00	6.54	1189.00
	3947.65	0.00	6.55	1190.00
	3947.66	0.00	6.55	1187.00
	3947.67	0.00	6.57	1189.00
	3947.68	0.00	6.58	1190.00
	3947.70	0.00	6.58	1189.00
	3947.71	0.00	6.58	1188.00
	3947.72	0.00	6.59	1183.00
	3947.73	0.00	6.60	1183.00
	3947.74	0.00	6.60	1182.00
	3947.76	0.00	6.60	1180.00
	3947.77	0.00	6.61	1176.00
	3947.78	0.00	6.62	1174.00
	3947.79	0.00	6.63	1172.00
	3947.80	0.00	6.63	1173.00
	3947.81	0.00	6.63	1172.00
	3947.83	0.00	6.62	1171.00
	3947.84	0.00	6.58	1172.00
	3947.85	0.00	6.59	1173.00
	3947.86	0.00	6.59	1173.00
	3947.87	0.00	6.59	1173.00
	3947.88	0.00	6.59	1172.00
	3947.90	0.00	6.59	1173.00
	3947.91	0.00	6.59	1173.00
	3947.92	0.00	6.59	1173.00
	3947.93	0.00	6.60	1170.00
	3947.94	0.00	6.62	1168.00
	3947.95	0.00	6.63	1171.00
	3947.97	0.00	6.62	1169.00
	3947.98	0.00	6.64	1168.00
	3947.99	0.00	6.65	1169.00
	3948.00	0.00	6.66	1168.00
	3948.01	0.00	6.66	1166.00
	3948.02	0.00	6.67	1167.00
	3948.04	0.00	6.67	1164.00
	3948.05	0.00	6.67	1167.00
	3948.06	0.00	6.67	1170.00
	3948.07	0.00	6.65	1174.00
	3948.08	0.00	6.65	1182.00
	3948.09	0.00	6.61	1193.00
	3948.10	0.00	6.59	1208.00
	3948.12	0.00	6.59	1212.00
	3948.13	0.00	6.59	1215.00
	3948.14	0.00	6.58	1219.00
	3948.15	0.00	6.57	1223.00
	3948.16	0.00	6.59	1227.00
	3948.18	0.00	6.56	1240.00
	3948.19	0.00	6.53	1246.00
	3948.20	0.00	6.48	1252.00
	3948.21	0.00	6.41	1255.00
	3948.22	0.00	6.37	1264.00
	3948.23	0.00	6.36	1269.00
	3948.25	0.00	6.36	1272.00
	3948.26	0.00	6.35	1273.00
	3948.27	0.00	6.33	1271.00
	3948.28	0.00	6.33	1270.00
	3948.29	0.00	6.32	1269.00
	3948.30	0.00	6.32	1267.00
	3948.32	0.00	6.32	1261.00
	3948.33	0.00	6.35	1249.00
	3948.34	0.00	6.32	1263.00
	3948.35	0.00	6.32	1266.00
	3948.36	0.00	6.33	1268.00
	3948.37	0.00	6.34	1260.00
	3948.39	0.00	6.38	1243.00
	3948.40	0.00	6.38	1241.00
	3948.41	0.00	6.38	1240.00
	3948.42	0.00	6.39	1236.00
	3948.43	0.00	6.40	1235.00
	3948.44	0.00	6.40	1236.00
	3948.46	0.00	6.39	1235.00
	3948.47	0.00	6.39	1236.00
	3948.48	0.00	6.65	1286.00
	3948.49	0.00	6.40	1236.00
	3948.50	0.00	6.65	1287.00
	3948.51	0.00	6.65	1288.00
	3948.53	0.00	6.65	1289.00
	3948.54	0.00	6.62	1288.00
	3948.55	0.00	6.60	1286.00
	3948.56	0.00	6.61	1290.00
	3948.57	0.00	6.60	1290.00
	3948.58	0.00	6.62	1291.00
	3948.60	0.00	6.62	1293.00
	3948.61	0.00	6.64	1293.00
	3948.62	0.00	6.64	1288.00
	3948.63	0.00	6.65	1283.00
	3948.64	0.00	6.65	1280.00
	3948.65	0.00	6.67	1283.00
	3948.67	0.00	6.66	1289.00
	3948.68	0.00	6.35	1241.00
	3948.69	0.00	6.35	1249.00
	3948.70	0.00	6.32	1258.00
	3948.71	0.00	6.32	1265.00
	3948.72	0.00	6.32	1270.00
	3948.74	0.00	6.31	1271.00
	3948.75	0.00	6.28	1272.00
	3948.76	0.00	6.30	1271.00
	3948.77	0.00	6.29	1269.00
	3948.78	0.00	6.29	1267.00
	3948.79	0.00	6.27	1263.00
	3948.81	0.00	6.28	1261.00
	3948.82	0.00	6.28	1259.00
	3948.83	0.00	6.29	1261.00
	3948.84	0.00	6.29	1262.00
	3948.85	0.00	6.29	1261.00
	3948.86	0.00	6.29	1260.00
	3948.88	0.00	6.29	1258.00
	3948.89	0.00	6.28	1257.00
	3948.90	0.00	6.30	1254.00
	3948.91	0.00	6.32	1250.00
	3948.92	0.00	6.31	1250.00
	3948.94	0.00	6.31	1250.00
	3948.95	0.00	6.32	1249.00
	3948.96	0.00	6.31	1253.00
	3948.97	0.00	6.32	1255.00
	3948.98	0.00	6.32	1257.00
	3948.99	0.00	6.31	1257.00
	3949.00	0.00	6.31	1257.00
	3949.02	0.00	6.31	1255.00
	3949.03	0.00	6.31	1256.00
	3949.04	0.00	6.31	1254.00
	3949.05	0.00	6.35	1256.00
	3949.06	0.00	6.37	1253.00
	3949.07	0.00	6.38	1249.00
	3949.09	0.00	6.39	1243.00
	3949.10	0.00	6.38	1241.00
	3949.11	0.00	6.39	1239.00
	3949.12	0.00	6.39	1237.00
	3949.13	0.00	6.39	1238.00
	3949.15	0.00	6.39	1239.00
	3949.16	0.00	6.36	1254.00
	3949.17	0.00	6.34	1256.00
	3949.18	0.00	6.33	1255.00
	3949.19	0.00	6.33	1258.00
	3949.20	0.00	6.33	1258.00
	3949.21	0.00	6.32	1261.00
	3949.23	0.00	6.32	1264.00
	3949.24	0.00	6.32	1264.00
	3949.25	0.00	6.31	1268.00
	3949.26	0.00	6.31	1266.00
	3949.27	0.00	6.32	1263.00
	3949.29	0.00	6.31	1262.00
	3949.30	0.00	6.31	1257.00
	3949.31	0.00	6.31	1258.00
	3949.32	0.00	6.32	1258.00
	3949.33	0.00	6.31	1258.00
	3949.34	0.00	6.31	1255.00
	3949.36	0.00	6.30	1251.00
	3949.37	0.00	6.29	1247.00
	3949.38	0.00	6.29	1245.00
	3949.39	0.00	6.29	1243.00
	3949.40	0.00	6.29	1241.00
	3949.41	0.00	6.27	1240.00
	3949.43	0.00	6.27	1240.00
	3949.44	0.00	6.24	1238.00
	3949.45	0.00	6.24	1236.00
	3949.46	0.00	6.25	1238.00
	3949.47	0.00	6.29	1245.00
	3949.48	0.00	6.31	1245.00
	3949.50	0.00	6.33	1247.00
	3949.51	0.00	6.31	1249.00
	3949.52	0.00	6.30	1248.00
	3949.53	0.00	6.30	1248.00
	3949.54	0.00	6.30	1248.00
	3949.55	0.00	6.29	1246.00
	3949.57	0.00	6.31	1243.00
	3949.58	0.00	6.27	1262.00
	3949.59	0.00	6.26	1265.00
	3949.60	0.00	6.26	1263.00
	3949.61	0.00	6.28	1256.00
	3949.62	0.00	6.26	1264.00
	3949.64	0.00	6.27	1265.00
	3949.65	0.00	6.26	1266.00
	3949.66	0.00	6.27	1264.00
	3949.67	0.00	6.26	1263.00
	3949.68	0.00	6.26	1263.00
	3949.70	0.00	6.26	1264.00
	3949.71	0.00	6.27	1267.00
	3949.72	0.00	6.27	1264.00
	3949.73	0.00	6.27	1267.00
	3949.74	0.00	6.26	1267.00
	3949.75	0.00	6.26	1264.00
	3949.76	0.00	6.27	1262.00
	3949.78	0.00	6.28	1258.00
	3949.79	0.00	6.28	1255.00
	3949.80	0.00	6.29	1254.00
	3949.81	0.00	6.29	1251.00
	3949.82	0.00	6.28	1244.00
	3949.84	0.00	6.26	1255.00
	3949.85	0.00	6.26	1257.00
	3949.86	0.00	6.26	1258.00
	3949.87	0.00	6.27	1251.00
	3949.88	0.00	6.52	1311.00
	3949.89	0.00	6.51	1312.00
	3949.90	0.00	6.15	1264.00
	3949.92	0.00	6.16	1268.00
	3949.93	0.00	6.15	1271.00
	3949.94	0.00	6.15	1275.00
	3949.95	0.00	6.52	1328.00
	3949.96	0.00	6.51	1330.00
	3949.98	0.00	6.52	1334.00
	3949.99	0.00	6.51	1333.00
	3950.00	0.00	6.52	1335.00
	3950.01	0.00	6.53	1331.00
	3950.02	0.00	6.54	1329.00
	3950.03	0.00	6.27	1275.00
	3950.05	0.00	6.28	1275.00
	3950.06	0.00	6.28	1272.00
	3950.07	0.00	6.54	1323.00
	3950.08	0.00	6.54	1320.00
	3950.09	0.00	6.28	1268.00
	3950.10	0.00	6.55	1316.00
	3950.12	0.00	6.56	1317.00
	3950.13	0.00	6.56	1316.00
	3950.14	0.00	6.55	1317.00
	3950.15	0.00	6.54	1318.00
	3950.16	0.00	6.54	1319.00
	3950.17	0.00	6.55	1316.00
	3950.19	0.00	6.54	1319.00
	3950.20	0.00	6.54	1318.00
	3950.21	0.00	6.25	1269.00
	3950.22	0.00	6.24	1268.00
	3950.23	0.00	6.51	1320.00
	3950.25	0.00	6.51	1318.00
	3950.26	0.00	6.50	1320.00
	3950.27	0.00	6.22	1271.00
	3950.28	0.00	6.48	1322.00
	3950.29	0.00	6.48	1323.00
	3950.30	0.00	6.49	1323.00
	3950.31	0.00	6.21	1272.00
	3950.33	0.00	6.48	1321.00
	3950.34	0.00	6.48	1323.00
	3950.35	0.00	6.46	1327.00
	3950.36	0.00	6.44	1330.00
	3950.37	0.00	6.17	1283.00
	3950.39	0.00	6.08	1290.00
	3950.40	0.00	6.05	1298.00
	3950.41	0.00	6.05	1304.00
	3950.42	0.00	6.05	1312.00
	3950.43	0.00	6.04	1318.00
	3950.44	0.00	6.03	1324.00
	3950.45	0.00	6.04	1328.00
	3950.47	0.00	6.04	1329.00
	3950.48	0.00	6.03	1333.00
	3950.49	0.00	6.04	1338.00
	3950.50	0.00	6.04	1338.00
	3950.51	0.00	6.03	1333.00
	3950.53	0.00	5.74	1283.00
	3950.54	0.00	5.74	1279.00
	3950.55	0.00	5.74	1281.00
	3950.56	0.00	5.75	1279.00
	3950.57	0.00	5.75	1281.00
	3950.58	0.00	6.02	1331.00
	3950.60	0.00	5.74	1282.00
	3950.61	0.00	5.73	1283.00
	3950.62	0.00	5.68	1281.00
	3950.63	0.00	5.67	1282.00
	3950.64	0.00	5.66	1283.00
	3950.65	0.00	5.67	1286.00
	3950.67	0.00	5.66	1286.00
	3950.68	0.00	5.66	1288.00
	3950.69	0.00	5.67	1287.00
	3950.70	0.00	5.67	1285.00
	3950.71	0.00	5.67	1284.00
	3950.72	0.00	5.67	1287.00
	3950.74	0.00	5.67	1287.00
	3950.75	0.00	5.66	1288.00
	3950.76	0.00	5.67	1287.00
	3950.77	0.00	5.66	1284.00
	3950.78	0.00	5.68	1273.00
	3950.79	0.00	5.71	1254.00
	3950.81	0.00	5.71	1252.00
	3950.82	0.00	5.71	1251.00
	3950.83	0.00	6.35	1351.00
	3950.84	0.00	6.36	1351.00
	3950.85	0.00	6.37	1352.00
	3950.86	0.00	6.37	1350.00
	3950.88	0.00	6.38	1350.00
	3950.89	0.00	6.39	1349.00
	3950.90	0.00	6.41	1349.00
	3950.91	0.00	6.44	1344.00
	3950.92	0.00	6.46	1342.00
	3950.94	0.00	6.15	1279.00
	3950.95	0.00	6.45	1325.00
	3950.96	0.00	6.46	1325.00
	3950.97	0.00	6.17	1270.00
	3950.98	0.00	6.17	1267.00
	3950.99	0.00	6.17	1265.00
	3951.00	0.00	6.17	1262.00
	3951.02	0.00	6.17	1262.00
	3951.03	0.00	6.15	1263.00
	3951.04	0.00	6.15	1264.00
	3951.05	0.00	6.12	1263.00
	3951.06	0.00	5.74	1214.00
	3951.08	0.00	5.74	1215.00
	3951.09	0.00	5.73	1212.00
	3951.10	0.00	6.13	1261.00
	3951.11	0.00	6.13	1263.00
	3951.12	0.00	6.13	1262.00
	3951.13	0.00	6.13	1259.00
	3951.14	0.00	6.14	1259.00
	3951.16	0.00	6.14	1263.00
	3951.17	0.00	6.15	1263.00
	3951.18	0.00	6.16	1263.00
	3951.19	0.00	6.17	1258.00
	3951.20	0.00	6.18	1252.00
	3951.22	0.00	6.20	1247.00
	3951.23	0.00	6.21	1243.00
	3951.24	0.00	6.22	1241.00
	3951.25	0.00	6.21	1239.00
	3951.26	0.00	6.22	1239.00
	3951.27	0.00	6.28	1245.00
	3951.29	0.00	6.30	1245.00
	3951.30	0.00	6.30	1244.00
	3951.31	0.00	6.31	1245.00
	3951.32	0.00	6.32	1244.00
	3951.33	0.00	6.33	1246.00
	3951.34	0.00	6.33	1254.00
	3951.36	0.00	6.35	1258.00
	3951.37	0.00	6.34	1267.00
	3951.38	0.00	6.36	1264.00
	3951.39	0.00	6.31	1281.00
	3951.40	0.00	6.33	1301.00
	3951.41	0.00	6.33	1301.00
	3951.43	0.00	6.35	1302.00
	3951.44	0.00	6.35	1304.00
	3951.45	0.00	6.36	1308.00
	3951.46	0.00	6.36	1309.00
	3951.47	0.00	6.38	1311.00
	3951.48	0.00	6.38	1310.00
	3951.50	0.00	6.37	1310.00
	3951.51	0.00	6.38	1310.00
	3951.52	0.00	6.38	1310.00
	3951.53	0.00	6.39	1306.00
	3951.54	0.00	6.39	1302.00
	3951.55	0.00	6.38	1297.00
	3951.57	0.00	6.39	1292.00
	3951.58	0.00	6.39	1287.00
	3951.59	0.00	6.38	1280.00
	3951.60	0.00	6.39	1274.00
	3951.61	0.00	6.39	1266.00
	3951.62	0.00	6.39	1260.00
	3951.64	0.00	6.39	1250.00
	3951.65	0.00	6.39	1237.00
	3951.66	0.00	6.41	1223.00
	3951.67	0.00	6.43	1210.00
	3951.68	0.00	6.44	1201.00
	3951.69	0.00	6.45	1190.00
	3951.71	0.00	6.46	1182.00
	3951.72	0.00	6.47	1175.00
	3951.73	0.00	6.48	1168.00
	3951.74	0.00	6.49	1161.00
	3951.75	0.00	6.52	1161.00
	3951.76	0.00	6.52	1150.00
	3951.78	0.00	6.85	1189.00
	3951.79	0.00	6.58	1137.00
	3951.80	0.00	6.55	1159.00
	3951.81	0.00	6.56	1156.00
	3951.82	0.00	6.58	1153.00
	3951.83	0.00	6.60	1147.00
	3951.85	0.00	6.60	1151.00
	3951.86	0.00	6.62	1145.00
	3951.87	0.00	6.61	1141.00
	3951.88	0.00	6.62	1142.00
	3951.89	0.00	6.61	1139.00
	3951.90	0.00	6.62	1138.00
	3951.92	0.00	6.62	1138.00
	3951.93	0.00	6.64	1138.00
	3951.94	0.00	6.63	1137.00
	3951.95	0.00	6.62	1134.00
	3951.96	0.00	6.65	1128.00
	3951.97	0.00	6.67	1121.00
	3951.99	0.00	6.68	1121.00
	3952.00	0.00	6.66	1124.00
	3952.01	0.00	6.68	1125.00
	3952.02	0.00	6.69	1119.00
	3952.03	0.00	6.66	1131.00
	3952.04	0.00	6.66	1135.00
	3952.06	0.00	6.65	1136.00
	3952.07	0.00	6.64	1139.00
	3952.08	0.00	6.64	1141.00
	3952.09	0.00	6.63	1144.00
	3952.10	0.00	6.60	1145.00
	3952.11	0.00	6.66	1148.00
	3952.13	0.00	6.65	1151.00
	3952.14	0.00	6.65	1151.00
	3952.15	0.00	6.64	1155.00
	3952.16	0.00	6.62	1161.00
	3952.17	0.00	6.61	1165.00
	3952.18	0.00	6.60	1167.00
	3952.20	0.00	6.60	1168.00
	3952.21	0.00	6.59	1168.00
	3952.22	0.00	6.60	1171.00
	3952.23	0.00	6.60	1172.00
	3952.24	0.00	6.59	1174.00
	3952.25	0.00	6.57	1175.00
	3952.27	0.00	6.44	1176.00
	3952.28	0.00	6.46	1178.00
	3952.29	0.00	6.52	1181.00
	3952.30	0.00	6.52	1182.00
	3952.31	0.00	6.52	1183.00
	3952.32	0.00	6.52	1181.00
	3952.34	0.00	6.51	1180.00
	3952.35	0.00	6.51	1181.00
	3952.36	0.00	6.52	1181.00
	3952.37	0.00	6.53	1179.00
	3952.38	0.00	6.52	1180.00
	3952.39	0.00	6.52	1181.00
	3952.41	0.00	6.51	1178.00
	3952.42	0.00	6.50	1178.00
	3952.43	0.00	6.50	1181.00
	3952.44	0.00	6.49	1183.00
	3952.45	0.00	6.48	1183.00
	3952.46	0.00	6.45	1185.00
	3952.48	0.00	6.44	1190.00
	3952.49	0.00	6.43	1198.00
	3952.50	0.00	6.41	1205.00
	3952.51	0.00	6.39	1212.00
	3952.52	0.00	6.37	1218.00
	3952.53	0.00	6.34	1221.00
	3952.55	0.00	6.33	1230.00
	3952.56	0.00	6.30	1236.00
	3952.57	0.00	6.29	1247.00
	3952.58	0.00	6.27	1253.00
	3952.59	0.00	6.28	1264.00
	3952.60	0.00	6.26	1266.00
	3952.62	0.00	6.24	1270.00
	3952.63	0.00	6.24	1268.00
	3952.64	0.00	6.23	1268.00
	3952.65	0.00	6.22	1271.00
	3952.66	0.00	6.23	1272.00
	3952.67	0.00	6.20	1274.00
	3952.69	0.00	6.20	1278.00
	3952.70	0.00	6.19	1286.00
	3952.71	0.00	6.17	1294.00
	3952.72	0.00	6.17	1299.00
	3952.73	0.00	6.16	1301.00
	3952.75	0.00	6.16	1304.00
	3952.76	0.00	6.14	1307.00
	3952.77	0.00	6.14	1309.00
	3952.78	0.00	6.14	1311.00
	3952.79	0.00	6.15	1312.00
	3952.80	0.00	6.13	1310.00
	3952.82	0.00	6.11	1310.00
	3952.83	0.00	6.07	1306.00
	3952.84	0.00	6.08	1306.00
	3952.85	0.00	6.08	1304.00
	3952.86	0.00	6.07	1304.00
	3952.87	0.00	6.08	1303.00
	3952.88	0.00	6.08	1302.00
	3952.90	0.00	6.07	1297.00
	3952.91	0.00	6.09	1298.00
	3952.92	0.00	6.09	1292.00
	3952.93	0.00	6.12	1280.00
	3952.94	0.00	6.11	1283.00
	3952.96	0.00	6.11	1286.00
	3952.97	0.00	6.11	1280.00
	3952.98	0.00	6.14	1271.00
	3952.99	0.00	6.16	1255.00
	3953.00	0.00	6.17	1247.00
	3953.01	0.00	6.17	1244.00
	3953.03	0.00	6.18	1242.00
	3953.04	0.00	6.17	1241.00
	3953.05	0.00	6.18	1239.00
	3953.06	0.00	6.18	1235.00
	3953.07	0.00	6.19	1233.00
	3953.08	0.00	6.19	1231.00
	3953.10	0.00	6.21	1231.00
	3953.11	0.00	6.20	1228.00
	3953.12	0.00	6.20	1228.00
	3953.13	0.00	6.21	1228.00
	3953.14	0.00	6.20	1225.00
	3953.15	0.00	6.21	1228.00
	3953.17	0.00	6.20	1228.00
	3953.18	0.00	6.48	1278.00
	3953.19	0.00	6.50	1278.00
	3953.20	0.00	6.51	1278.00
	3953.21	0.00	6.52	1275.00
	3953.22	0.00	6.50	1271.00
	3953.24	0.00	6.52	1270.00
	3953.25	0.00	6.53	1269.00
	3953.26	0.00	6.53	1267.00
	3953.27	0.00	6.23	1212.00
	3953.28	0.00	6.24	1210.00
	3953.29	0.00	6.24	1209.00
	3953.31	0.00	6.24	1203.00
	3953.32	0.00	6.23	1200.00
	3953.33	0.00	6.25	1200.00
	3953.34	0.00	6.25	1199.00
	3953.35	0.00	6.26	1196.00
	3953.36	0.00	6.26	1195.00
	3953.38	0.00	6.26	1193.00
	3953.39	0.00	6.26	1190.00
	3953.40	0.00	6.26	1186.00
	3953.41	0.00	6.27	1185.00
	3953.42	0.00	6.28	1186.00
	3953.43	0.00	6.23	1184.00
	3953.45	0.00	5.87	1131.00
	3953.46	0.00	5.87	1130.00
	3953.47	0.00	5.87	1128.00
	3953.48	0.00	5.87	1126.00
	3953.49	0.00	5.88	1124.00
	3953.50	0.00	5.86	1126.00
	3953.52	0.00	5.86	1124.00
	3953.53	0.00	5.86	1122.00
	3953.54	0.00	5.86	1121.00
	3953.55	0.00	5.88	1122.00
	3953.56	0.00	5.88	1118.00
	3953.57	0.00	5.89	1114.00
	3953.59	0.00	5.92	1115.00
	3953.60	0.00	5.95	1115.00
	3953.61	0.00	5.95	1113.00
	3953.62	0.00	5.96	1112.00
	3953.63	0.00	5.96	1111.00
	3953.64	0.00	5.96	1110.00
	3953.66	0.00	5.97	1107.00
	3953.67	0.00	5.97	1107.00
	3953.68	0.00	5.93	1131.00
	3953.69	0.00	5.93	1131.00
	3953.70	0.00	5.92	1131.00
	3953.71	0.00	5.93	1131.00
	3953.73	0.00	5.93	1131.00
	3953.74	0.00	5.93	1130.00
	3953.75	0.00	5.93	1131.00
	3953.76	0.00	5.92	1131.00
	3953.77	0.00	5.94	1130.00
	3953.78	0.00	5.94	1126.00
	3953.80	0.00	5.95	1126.00
	3953.81	0.00	5.95	1126.00
	3953.82	0.00	5.95	1126.00
	3953.83	0.00	5.95	1125.00
	3953.84	0.00	5.94	1123.00
	3953.85	0.00	6.02	1125.00
	3953.87	0.00	6.03	1122.00
	3953.88	0.00	6.04	1116.00
	3953.89	0.00	6.02	1129.00
	3953.90	0.00	6.00	1136.00
	3953.91	0.00	6.00	1131.00
	3953.92	0.00	6.00	1129.00
	3953.94	0.00	6.00	1126.00
	3953.95	0.00	5.99	1125.00
	3953.96	0.00	6.00	1124.00
	3953.97	0.00	6.01	1122.00
	3953.98	0.00	6.02	1115.00
	3953.99	0.00	6.00	1121.00
	3954.01	0.00	6.01	1118.00
	3954.02	0.00	6.01	1115.00
	3954.03	0.00	6.01	1113.00
	3954.04	0.00	6.01	1113.00
	3954.05	0.00	6.41	1163.00
	3954.06	0.00	6.42	1162.00
	3954.08	0.00	6.02	1111.00
	3954.09	0.00	6.41	1161.00
	3954.10	0.00	6.40	1165.00
	3954.11	0.00	6.38	1171.00
	3954.12	0.00	6.38	1177.00
	3954.13	0.00	5.98	1132.00
	3954.15	0.00	5.97	1139.00
	3954.16	0.00	5.93	1142.00
	3954.17	0.00	5.90	1156.00
	3954.18	0.00	5.89	1165.00
	3954.19	0.00	5.87	1179.00
	3954.20	0.00	5.85	1195.00
	3954.22	0.00	5.85	1206.00
	3954.23	0.00	5.85	1212.00
	3954.24	0.00	5.83	1219.00
	3954.25	0.00	5.82	1229.00
	3954.26	0.00	5.80	1239.00
	3954.27	0.00	5.81	1247.00
	3954.29	0.00	5.80	1253.00
	3954.30	0.00	5.79	1259.00
	3954.31	0.00	5.79	1264.00
	3954.32	0.00	5.79	1266.00
	3954.33	0.00	5.79	1269.00
	3954.34	0.00	5.78	1271.00
	3954.36	0.00	5.77	1280.00
	3954.37	0.00	5.76	1278.00
	3954.38	0.00	5.76	1277.00
	3954.39	0.00	5.76	1278.00
	3954.40	0.00	5.77	1273.00
	3954.41	0.00	5.76	1277.00
	3954.43	0.00	5.76	1279.00
	3954.44	0.00	5.76	1276.00
	3954.45	0.00	5.73	1272.00
	3954.46	0.00	5.70	1268.00
	3954.47	0.00	5.72	1265.00
	3954.48	0.00	5.71	1263.00
	3954.50	0.00	5.72	1258.00
	3954.51	0.00	5.72	1257.00
	3954.52	0.00	5.73	1251.00
	3954.53	0.00	5.74	1238.00
	3954.54	0.00	5.77	1219.00
	3954.55	0.00	5.78	1214.00
	3954.57	0.00	5.78	1208.00
	3954.58	0.00	5.79	1202.00
	3954.59	0.00	6.09	1244.00
	3954.60	0.00	5.80	1191.00
	3954.61	0.00	6.11	1233.00
	3954.62	0.00	6.11	1229.00
	3954.64	0.00	6.14	1225.00
	3954.65	0.00	6.16	1219.00
	3954.66	0.00	5.84	1153.00
	3954.67	0.00	5.85	1148.00
	3954.68	0.00	5.85	1143.00
	3954.69	0.00	5.87	1134.00
	3954.71	0.00	5.88	1126.00
	3954.72	0.00	5.88	1121.00
	3954.73	0.00	5.89	1114.00
	3954.74	0.00	5.87	1107.00
	3954.75	0.00	5.90	1100.00
	3954.76	0.00	5.92	1093.00
	3954.78	0.00	5.92	1088.00
	3954.79	0.00	5.94	1083.00
	3954.80	0.00	5.93	1076.00
	3954.81	0.00	5.95	1071.00
	3954.82	0.00	5.94	1061.00
	3954.83	0.00	6.02	1061.00
	3954.85	0.00	6.03	1055.00
	3954.86	0.00	6.05	1048.00
	3954.87	0.00	5.99	1069.00
	3954.88	0.00	5.97	1065.00
	3954.89	0.00	6.01	1063.00
	3954.90	0.00	6.02	1060.00
	3954.92	0.00	6.02	1060.00
	3954.93	0.00	6.03	1053.00
	3954.94	0.00	6.02	1057.00
	3954.95	0.00	6.03	1056.00
	3954.96	0.00	6.02	1054.00
	3954.97	0.00	6.03	1057.00
	3954.99	0.00	6.02	1055.00
	3955.00	0.00	6.03	1055.00
	3955.01	0.00	6.04	1053.00
	3955.02	0.00	6.09	1056.00
	3955.03	0.00	6.11	1054.00
	3955.04	0.00	6.12	1044.00
	3955.06	0.00	6.11	1047.00
	3955.07	0.00	6.11	1050.00
	3955.08	0.00	6.07	1070.00
	3955.09	0.00	6.07	1070.00
	3955.10	0.00	6.06	1069.00
	3955.11	0.00	6.06	1071.00
	3955.13	0.00	6.06	1070.00
	3955.14	0.00	6.06	1070.00
	3955.15	0.00	6.06	1069.00
	3955.16	0.00	6.08	1059.00
	3955.17	0.00	6.06	1070.00
	3955.18	0.00	6.06	1069.00
	3955.19	0.00	6.05	1068.00
	3955.21	0.00	6.06	1069.00
	3955.22	0.00	6.05	1069.00
	3955.23	0.00	6.06	1070.00
	3955.24	0.00	6.04	1074.00
	3955.25	0.00	6.05	1074.00
	3955.26	0.00	6.03	1074.00
	3955.28	0.00	6.01	1075.00
	3955.29	0.00	6.00	1074.00
	3955.30	0.00	6.00	1072.00
	3955.31	0.00	6.01	1070.00
	3955.32	0.00	6.01	1066.00
	3955.33	0.00	6.01	1063.00
	3955.35	0.00	6.01	1063.00
	3955.36	0.00	6.02	1062.00
	3955.37	0.00	6.03	1062.00
	3955.38	0.00	6.02	1061.00
	3955.39	0.00	6.03	1058.00
	3955.40	0.00	6.01	1064.00
	3955.42	0.00	6.01	1062.00
	3955.43	0.00	5.99	1061.00
	3955.44	0.00	5.95	1056.00
	3955.45	0.00	5.95	1051.00
	3955.46	0.00	5.94	1049.00
	3955.47	0.00	5.95	1045.00
	3955.49	0.00	5.97	1036.00
	3955.50	0.00	6.02	1009.00
	3955.51	0.00	6.02	1009.00
	3955.52	0.00	6.02	1007.00
	3955.53	0.00	6.02	1003.00
	3955.54	0.00	6.03	1003.00
	3955.56	0.00	6.03	1002.00
	3955.57	0.00	6.03	1000.00
	3955.58	0.00	6.03	998.00
	3955.59	0.00	6.03	994.00
	3955.60	0.00	6.04	991.00
	3955.61	0.00	6.04	987.00
	3955.62	0.00	6.04	987.00
	3955.64	0.00	6.05	985.00
	3955.65	0.00	6.05	983.00
	3955.66	0.00	6.12	985.00
	3955.67	0.00	6.14	979.00
	3955.68	0.00	6.08	1002.00
	3955.69	0.00	6.09	1001.00
	3955.71	0.00	6.09	1000.00
	3955.72	0.00	6.09	997.00
	3955.73	0.00	6.09	995.00
	3955.74	0.00	6.10	993.00
	3955.75	0.00	6.12	991.00
	3955.76	0.00	6.12	987.00
	3955.78	0.00	6.19	989.00
	3955.79	0.00	6.20	982.00
	3955.80	0.00	6.17	1001.00
	3955.81	0.00	6.16	999.00
	3955.82	0.00	6.17	998.00
	3955.83	0.00	6.17	995.00
	3955.85	0.00	6.16	993.00
	3955.86	0.00	6.18	990.00
	3955.87	0.00	6.19	978.00
	3955.88	0.00	6.17	984.00
	3955.89	0.00	6.18	979.00
	3955.90	0.00	6.18	974.00
	3955.91	0.00	6.18	971.00
	3955.93	0.00	6.18	973.00
	3955.94	0.00	6.19	970.00
	3955.95	0.00	6.19	966.00
	3955.96	0.00	6.13	965.00
	3955.97	0.00	6.13	964.00
	3955.98	0.00	6.15	956.00
	3956.00	0.00	6.14	957.00
	3956.01	0.00	6.15	956.00
	3956.02	0.00	6.16	957.00
	3956.03	0.00	6.16	959.00
	3956.04	0.00	6.17	958.00
	3956.05	0.00	6.13	970.00
	3956.07	0.00	6.13	968.00
	3956.08	0.00	6.05	963.00
	3956.09	0.00	6.05	965.00
	3956.10	0.00	6.10	937.00
	3956.11	0.00	6.11	942.00
	3956.12	0.00	6.10	942.00
	3956.13	0.00	6.10	946.00
	3956.15	0.00	6.10	952.00
	3956.16	0.00	6.08	955.00
	3956.17	0.00	6.08	960.00
	3956.18	0.00	6.07	965.00
	3956.19	0.00	6.07	970.00
	3956.20	0.00	6.06	973.00
	3956.22	0.00	6.05	981.00
	3956.23	0.00	6.05	987.00
	3956.24	0.00	6.04	992.00
	3956.25	0.00	6.08	999.00
	3956.26	0.00	6.10	1007.00
	3956.27	0.00	6.10	1009.00
	3956.29	0.00	6.04	1042.00
	3956.30	0.00	6.04	1046.00
	3956.31	0.00	6.03	1053.00
	3956.32	0.00	6.02	1057.00
	3956.33	0.00	6.01	1062.00
	3956.34	0.00	6.00	1067.00
	3956.36	0.00	6.00	1066.00
	3956.37	0.00	6.01	1069.00
	3956.38	0.00	6.01	1070.00
	3956.39	0.00	6.02	1070.00
	3956.40	0.00	6.01	1070.00
	3956.41	0.00	6.08	1074.00
	3956.42	0.00	6.08	1074.00
	3956.44	0.00	6.08	1074.00
	3956.45	0.00	6.08	1071.00
	3956.46	0.00	6.09	1067.00
	3956.47	0.00	6.04	1090.00
	3956.48	0.00	6.05	1090.00
	3956.50	0.00	6.05	1089.00
	3956.51	0.00	6.03	1088.00
	3956.52	0.00	6.04	1087.00
	3956.53	0.00	6.04	1086.00
	3956.54	0.00	6.04	1084.00
	3956.55	0.00	6.05	1083.00
	3956.57	0.00	6.05	1083.00
	3956.58	0.00	6.04	1082.00
	3956.59	0.00	6.03	1080.00
	3956.60	0.00	6.04	1076.00
	3956.61	0.00	6.04	1074.00
	3956.62	0.00	6.04	1072.00
	3956.63	0.00	6.03	1069.00
	3956.65	0.00	6.04	1068.00
	3956.66	0.00	6.04	1068.00
	3956.67	0.00	6.04	1065.00
	3956.68	0.00	6.05	1062.00
	3956.69	0.00	6.41	1108.00
	3956.70	0.00	6.41	1102.00
	3956.72	0.00	6.42	1100.00
	3956.73	0.00	6.42	1098.00
	3956.74	0.00	6.44	1090.00
	3956.75	0.00	6.44	1089.00
	3956.76	0.00	6.44	1089.00
	3956.77	0.00	6.44	1088.00
	3956.79	0.00	6.44	1088.00
	3956.80	0.00	6.46	1089.00
	3956.81	0.00	6.45	1092.00
	3956.82	0.00	6