.00	6.95	1122.00
	1259.80	0.00	6.96	1125.00
	1259.81	0.00	6.97	1125.00
	1259.83	0.00	6.94	1121.00
	1259.84	0.00	6.95	1124.00
	1259.85	0.00	6.95	1123.00
	1259.86	0.00	6.93	1121.00
	1259.87	0.00	6.91	1121.00
	1259.88	0.00	6.88	1117.00
	1259.90	0.00	6.88	1119.00
	1259.91	0.00	6.87	1120.00
	1259.92	0.00	6.87	1119.00
	1259.93	0.00	6.84	1113.00
	1259.94	0.00	6.84	1113.00
	1259.95	0.00	6.83	1111.00
	1259.96	0.00	6.80	1109.00
	1259.98	0.00	6.81	1110.00
	1259.99	0.00	6.76	1102.00
	1260.00	0.00	6.75	1100.00
	1260.01	0.00	6.74	1098.00
	1260.02	0.00	6.71	1091.00
	1260.04	0.00	6.69	1089.00
	1260.05	0.00	6.68	1083.00
	1260.06	0.00	6.65	1074.00
	1260.07	0.00	6.30	1016.00
	1260.08	0.00	6.28	1021.00
	1260.09	0.00	6.31	1014.00
	1260.10	0.00	6.31	1005.00
	1260.11	0.00	6.33	992.00
	1260.13	0.00	6.36	979.00
	1260.14	0.00	6.38	966.00
	1260.15	0.00	6.41	953.00
	1260.16	0.00	6.41	946.00
	1260.17	0.00	6.41	938.00
	1260.19	0.00	6.43	926.00
	1260.20	0.00	6.47	909.00
	1260.21	0.00	6.48	902.00
	1260.22	0.00	6.49	901.00
	1260.23	0.00	6.49	896.00
	1260.24	0.00	6.49	891.00
	1260.25	0.00	6.50	882.00
	1260.27	0.00	6.51	877.00
	1260.28	0.00	6.50	871.00
	1260.29	0.00	6.55	866.00
	1260.30	0.00	6.53	859.00
	1260.31	0.00	6.54	851.00
	1260.32	0.00	6.56	843.00
	1260.33	0.00	6.58	832.00
	1260.35	0.00	6.60	824.00
	1260.36	0.00	6.63	804.00
	1260.37	0.00	6.64	787.00
	1260.38	0.00	6.67	771.00
	1260.39	0.00	6.71	757.00
	1260.40	0.00	6.73	734.00
	1260.42	0.00	6.72	715.00
	1260.43	0.00	6.77	699.00
	1260.44	0.00	6.78	676.00
	1260.45	0.00	6.80	647.00
	1260.46	0.00	6.84	624.00
	1260.47	0.00	6.26	554.00
	1260.48	0.00	6.33	541.00
	1260.50	0.00	6.34	527.00
	1260.51	0.00	6.37	514.00
	1260.52	0.00	6.47	451.00
	1260.53	0.00	6.43	495.00
	1260.54	0.00	6.49	477.00
	1260.55	0.00	6.77	409.00
	1260.56	0.00	6.73	407.00
	1260.58	0.00	6.83	412.00
	1260.59	0.00	6.66	417.00
	1260.60	0.00	6.68	410.00
	1260.61	0.00	6.63	421.00
	1260.62	0.00	6.61	421.00
	1260.63	0.00	6.60	421.00
	1260.65	0.00	6.57	419.00
	1260.66	0.00	6.60	422.00
	1260.67	0.00	6.57	420.00
	1260.68	0.00	6.60	422.00
	1260.69	0.00	6.59	420.00
	1260.70	0.00	6.61	417.00
	1260.71	0.00	6.53	468.00
	1260.73	0.00	6.55	469.00
	1260.74	0.00	6.55	467.00
	1260.75	0.00	6.55	467.00
	1260.76	0.00	6.55	466.00
	1260.77	0.00	6.63	469.00
	1260.78	0.00	6.62	470.00
	1260.80	0.00	6.63	468.00
	1260.81	0.00	6.60	474.00
	1260.82	0.00	6.63	473.00
	1260.83	0.00	6.70	422.00
	1260.84	0.00	6.72	420.00
	1260.85	0.00	6.74	417.00
	1260.86	0.00	6.68	418.00
	1260.88	0.00	6.66	462.00
	1260.89	0.00	6.62	463.00
	1260.90	0.00	6.60	467.00
	1260.91	0.00	6.64	470.00
	1260.92	0.00	6.59	474.00
	1260.93	0.00	6.53	484.00
	1260.94	0.00	6.43	521.00
	1260.96	0.00	6.34	558.00
	1260.97	0.00	6.29	592.00
	1260.98	0.00	6.24	611.00
	1260.99	0.00	6.22	626.00
	1261.00	0.00	6.20	626.00
	1261.01	0.00	7.38	687.00
	1261.03	0.00	7.50	691.00
	1261.04	0.00	7.54	690.00
	1261.05	0.00	7.57	691.00
	1261.06	0.00	7.29	676.00
	1261.07	0.00	7.38	684.00
	1261.08	0.00	7.38	682.00
	1261.09	0.00	7.37	681.00
	1261.11	0.00	7.38	679.00
	1261.12	0.00	7.38	680.00
	1261.13	0.00	7.34	677.00
	1261.14	0.00	6.27	619.00
	1261.15	0.00	6.26	620.00
	1261.16	0.00	6.27	622.00
	1261.18	0.00	6.24	621.00
	1261.19	0.00	6.24	621.00
	1261.20	0.00	6.24	618.00
	1261.21	0.00	6.25	618.00
	1261.22	0.00	6.25	615.00
	1261.23	0.00	6.25	616.00
	1261.25	0.00	6.25	615.00
	1261.26	0.00	6.26	613.00
	1261.27	0.00	6.25	616.00
	1261.28	0.00	6.24	619.00
	1261.29	0.00	6.23	622.00
	1261.30	0.00	6.22	623.00
	1261.31	0.00	6.21	625.00
	1261.32	0.00	6.20	626.00
	1261.34	0.00	6.15	625.00
	1261.35	0.00	6.14	625.00
	1261.36	0.00	6.14	627.00
	1261.37	0.00	6.13	629.00
	1261.38	0.00	6.12	630.00
	1261.39	0.00	6.13	627.00
	1261.41	0.00	6.16	621.00
	1261.42	0.00	6.18	611.00
	1261.43	0.00	6.19	609.00
	1261.44	0.00	6.20	605.00
	1261.45	0.00	6.21	606.00
	1261.46	0.00	6.21	604.00
	1261.47	0.00	6.21	605.00
	1261.49	0.00	6.22	603.00
	1261.50	0.00	6.22	602.00
	1261.51	0.00	6.22	602.00
	1261.52	0.00	6.21	602.00
	1261.53	0.00	6.22	602.00
	1261.54	0.00	6.22	602.00
	1261.56	0.00	6.20	601.00
	1261.57	0.00	6.23	599.00
	1261.58	0.00	6.23	598.00
	1261.59	0.00	6.24	598.00
	1261.60	0.00	6.24	597.00
	1261.61	0.00	6.24	596.00
	1261.63	0.00	6.25	593.00
	1261.64	0.00	6.25	590.00
	1261.65	0.00	6.26	589.00
	1261.66	0.00	6.23	587.00
	1261.67	0.00	7.25	638.00
	1261.68	0.00	7.27	637.00
	1261.69	0.00	7.26	632.00
	1261.70	0.00	7.28	631.00
	1261.72	0.00	7.29	625.00
	1261.73	0.00	7.28	625.00
	1261.74	0.00	7.33	625.00
	1261.75	0.00	7.35	627.00
	1261.76	0.00	7.35	623.00
	1261.77	0.00	7.38	620.00
	1261.79	0.00	7.37	615.00
	1261.80	0.00	7.36	614.00
	1261.81	0.00	7.38	611.00
	1261.82	0.00	7.38	609.00
	1261.83	0.00	7.40	609.00
	1261.84	0.00	7.39	606.00
	1261.85	0.00	7.47	612.00
	1261.87	0.00	7.54	615.00
	1261.88	0.00	7.57	614.00
	1261.89	0.00	7.58	613.00
	1261.90	0.00	7.57	613.00
	1261.91	0.00	7.57	619.00
	1261.92	0.00	7.58	613.00
	1261.94	0.00	7.59	614.00
	1261.95	0.00	7.58	616.00
	1261.96	0.00	7.48	626.00
	1261.97	0.00	7.48	626.00
	1261.98	0.00	7.47	624.00
	1261.99	0.00	7.48	624.00
	1262.00	0.00	7.46	622.00
	1262.02	0.00	7.43	619.00
	1262.03	0.00	7.47	619.00
	1262.04	0.00	7.45	618.00
	1262.05	0.00	7.47	619.00
	1262.06	0.00	7.53	622.00
	1262.07	0.00	7.53	621.00
	1262.08	0.00	7.54	620.00
	1262.10	0.00	7.52	618.00
	1262.11	0.00	7.53	619.00
	1262.12	0.00	7.51	618.00
	1262.13	0.00	7.51	622.00
	1262.14	0.00	7.45	627.00
	1262.15	0.00	7.48	620.00
	1262.17	0.00	7.48	616.00
	1262.18	0.00	7.42	614.00
	1262.19	0.00	7.41	619.00
	1262.20	0.00	7.36	624.00
	1262.21	0.00	7.40	621.00
	1262.22	0.00	7.39	619.00
	1262.23	0.00	7.39	628.00
	1262.25	0.00	7.38	629.00
	1262.26	0.00	7.37	630.00
	1262.27	0.00	7.37	633.00
	1262.28	0.00	7.36	635.00
	1262.29	0.00	7.36	635.00
	1262.30	0.00	7.36	636.00
	1262.31	0.00	7.35	636.00
	1262.33	0.00	7.44	642.00
	1262.34	0.00	7.41	640.00
	1262.35	0.00	7.98	694.00
	1262.36	0.00	7.50	648.00
	1262.37	0.00	7.50	650.00
	1262.39	0.00	7.49	651.00
	1262.40	0.00	7.49	651.00
	1262.41	0.00	7.48	651.00
	1262.42	0.00	7.50	653.00
	1262.43	0.00	7.49	654.00
	1262.44	0.00	7.50	656.00
	1262.45	0.00	7.46	662.00
	1262.46	0.00	7.47	663.00
	1262.48	0.00	7.47	663.00
	1262.49	0.00	7.44	662.00
	1262.50	0.00	7.47	663.00
	1262.51	0.00	7.45	662.00
	1262.52	0.00	7.45	661.00
	1262.53	0.00	7.96	712.00
	1262.55	0.00	7.96	712.00
	1262.56	0.00	7.97	712.00
	1262.57	0.00	7.97	711.00
	1262.58	0.00	7.99	711.00
	1262.59	0.00	7.96	713.00
	1262.60	0.00	7.96	716.00
	1262.61	0.00	7.94	718.00
	1262.63	0.00	7.96	721.00
	1262.64	0.00	7.93	722.00
	1262.65	0.00	7.44	673.00
	1262.66	0.00	7.43	674.00
	1262.67	0.00	7.42	675.00
	1262.68	0.00	7.88	726.00
	1262.69	0.00	7.92	731.00
	1262.71	0.00	7.41	684.00
	1262.72	0.00	7.42	688.00
	1262.73	0.00	7.43	692.00
	1262.74	0.00	7.42	697.00
	1262.75	0.00	7.40	702.00
	1262.77	0.00	7.40	704.00
	1262.78	0.00	7.41	710.00
	1262.79	0.00	7.40	719.00
	1262.80	0.00	7.40	724.00
	1262.81	0.00	7.38	726.00
	1262.82	0.00	7.39	730.00
	1262.83	0.00	7.36	733.00
	1262.84	0.00	7.32	735.00
	1262.86	0.00	7.14	728.00
	1262.87	0.00	7.12	730.00
	1262.88	0.00	7.11	729.00
	1262.89	0.00	7.14	733.00
	1262.90	0.00	7.14	738.00
	1262.91	0.00	7.13	744.00
	1262.93	0.00	7.12	746.00
	1262.94	0.00	7.10	752.00
	1262.95	0.00	7.05	762.00
	1262.96	0.00	7.45	827.00
	1262.97	0.00	7.48	842.00
	1262.98	0.00	7.52	854.00
	1263.00	0.00	7.54	868.00
	1263.01	0.00	7.51	877.00
	1263.02	0.00	7.52	887.00
	1263.03	0.00	7.51	898.00
	1263.04	0.00	7.48	907.00
	1263.05	0.00	7.46	917.00
	1263.06	0.00	7.47	926.00
	1263.07	0.00	7.47	941.00
	1263.09	0.00	7.43	955.00
	1263.10	0.00	7.45	972.00
	1263.11	0.00	7.42	980.00
	1263.12	0.00	7.37	989.00
	1263.13	0.00	7.34	997.00
	1263.14	0.00	7.35	1004.00
	1263.16	0.00	7.37	1013.00
	1263.17	0.00	7.36	1023.00
	1263.18	0.00	7.36	1030.00
	1263.19	0.00	7.39	1036.00
	1263.20	0.00	7.37	1040.00
	1263.21	0.00	7.40	1052.00
	1263.22	0.00	7.41	1062.00
	1263.24	0.00	7.42	1068.00
	1263.25	0.00	7.42	1074.00
	1263.26	0.00	7.41	1079.00
	1263.27	0.00	7.41	1083.00
	1263.28	0.00	7.42	1088.00
	1263.30	0.00	7.42	1093.00
	1263.31	0.00	7.45	1103.00
	1263.32	0.00	7.47	1107.00
	1263.33	0.00	7.46	1111.00
	1263.34	0.00	7.46	1118.00
	1263.35	0.00	7.47	1125.00
	1263.36	0.00	7.44	1127.00
	1263.38	0.00	7.47	1135.00
	1263.39	0.00	7.46	1140.00
	1263.40	0.00	7.44	1148.00
	1263.41	0.00	7.44	1153.00
	1263.42	0.00	7.52	1166.00
	1263.43	0.00	7.57	1172.00
	1263.45	0.00	7.61	1176.00
	1263.46	0.00	7.61	1182.00
	1263.47	0.00	7.60	1192.00
	1263.48	0.00	7.60	1198.00
	1263.49	0.00	7.64	1204.00
	1263.50	0.00	7.64	1213.00
	1263.52	0.00	7.62	1218.00
	1263.53	0.00	7.61	1224.00
	1263.54	0.00	7.60	1233.00
	1263.55	0.00	7.60	1242.00
	1263.56	0.00	7.60	1253.00
	1263.57	0.00	7.59	1259.00
	1263.58	0.00	7.60	1272.00
	1263.60	0.00	7.60	1278.00
	1263.61	0.00	7.59	1288.00
	1263.62	0.00	7.57	1293.00
	1263.63	0.00	7.56	1301.00
	1263.64	0.00	7.56	1306.00
	1263.65	0.00	7.56	1309.00
	1263.67	0.00	7.55	1312.00
	1263.68	0.00	7.56	1318.00
	1263.69	0.00	7.53	1321.00
	1263.70	0.00	7.55	1324.00
	1263.71	0.00	7.53	1323.00
	1263.72	0.00	7.58	1323.00
	1263.74	0.00	7.56	1319.00
	1263.75	0.00	7.65	1328.00
	1263.76	0.00	7.69	1331.00
	1263.77	0.00	7.70	1329.00
	1263.78	0.00	7.71	1330.00
	1263.80	0.00	7.71	1329.00
	1263.81	0.00	7.71	1330.00
	1263.82	0.00	7.71	1328.00
	1263.83	0.00	7.68	1327.00
	1263.84	0.00	7.69	1333.00
	1263.85	0.00	7.66	1332.00
	1263.86	0.00	7.72	1338.00
	1263.88	0.00	7.72	1334.00
	1263.89	0.00	7.77	1337.00
	1263.90	0.00	7.79	1334.00
	1263.91	0.00	7.81	1333.00
	1263.92	0.00	7.81	1329.00
	1263.93	0.00	7.82	1325.00
	1263.95	0.00	7.84	1316.00
	1263.96	0.00	7.83	1316.00
	1263.97	0.00	7.85	1318.00
	1263.98	0.00	7.87	1319.00
	1263.99	0.00	7.88	1319.00
	1264.00	0.00	7.87	1317.00
	1264.02	0.00	7.88	1315.00
	1264.03	0.00	7.88	1313.00
	1264.04	0.00	7.90	1311.00
	1264.05	0.00	7.90	1307.00
	1264.06	0.00	7.96	1310.00
	1264.07	0.00	7.95	1303.00
	1264.09	0.00	7.98	1303.00
	1264.10	0.00	7.95	1285.00
	1264.11	0.00	7.95	1279.00
	1264.12	0.00	7.97	1274.00
	1264.13	0.00	7.99	1273.00
	1264.14	0.00	7.93	1258.00
	1264.16	0.00	8.03	1259.00
	1264.17	0.00	8.04	1256.00
	1264.18	0.00	8.04	1250.00
	1264.19	0.00	8.05	1249.00
	1264.20	0.00	8.05	1244.00
	1264.21	0.00	8.07	1237.00
	1264.22	0.00	8.11	1235.00
	1264.24	0.00	8.10	1226.00
	1264.25	0.00	8.10	1220.00
	1264.26	0.00	8.12	1213.00
	1264.27	0.00	8.12	1200.00
	1264.28	0.00	8.15	1196.00
	1264.29	0.00	8.16	1186.00
	1264.31	0.00	8.17	1178.00
	1264.32	0.00	8.18	1172.00
	1264.33	0.00	8.19	1164.00
	1264.34	0.00	8.17	1154.00
	1264.35	0.00	8.18	1144.00
	1264.36	0.00	8.17	1133.00
	1264.38	0.00	8.16	1127.00
	1264.39	0.00	8.15	1118.00
	1264.40	0.00	8.11	1108.00
	1264.41	0.00	8.12	1101.00
	1264.42	0.00	8.10	1087.00
	1264.43	0.00	7.83	1033.00
	1264.44	0.00	7.82	1025.00
	1264.46	0.00	7.83	1021.00
	1264.47	0.00	7.83	1017.00
	1264.48	0.00	7.83	1012.00
	1264.49	0.00	7.84	1008.00
	1264.50	0.00	7.84	1001.00
	1264.52	0.00	7.80	991.00
	1264.53	0.00	7.82	990.00
	1264.54	0.00	7.83	986.00
	1264.55	0.00	7.83	980.00
	1264.56	0.00	7.81	978.00
	1264.57	0.00	7.89	975.00
	1264.58	0.00	7.85	966.00
	1264.59	0.00	7.85	959.00
	1264.61	0.00	7.85	949.00
	1264.62	0.00	7.85	943.00
	1264.63	0.00	7.61	914.00
	1264.64	0.00	7.48	895.00
	1264.65	0.00	7.48	887.00
	1264.67	0.00	7.50	882.00
	1264.68	0.00	7.51	875.00
	1264.69	0.00	7.52	868.00
	1264.70	0.00	7.52	858.00
	1264.71	0.00	7.51	844.00
	1264.72	0.00	7.57	830.00
	1264.73	0.00	7.60	817.00
	1264.75	0.00	7.58	801.00
	1264.76	0.00	7.63	783.00
	1264.77	0.00	7.68	764.00
	1264.78	0.00	7.70	744.00
	1264.79	0.00	7.69	734.00
	1264.80	0.00	7.73	717.00
	1264.81	0.00	7.78	697.00
	1264.83	0.00	7.77	682.00
	1264.84	0.00	7.72	657.00
	1264.85	0.00	6.29	569.00
	1264.86	0.00	6.31	559.00
	1264.87	0.00	6.32	543.00
	1264.88	0.00	6.36	536.00
	1264.89	0.00	6.38	530.00
	1264.91	0.00	6.38	522.00
	1264.92	0.00	6.40	516.00
	1264.93	0.00	6.47	462.00
	1264.94	0.00	6.48	460.00
	1264.95	0.00	6.45	456.00
	1264.96	0.00	6.46	453.00
	1264.97	0.00	6.42	498.00
	1264.99	0.00	6.51	440.00
	1265.00	0.00	6.51	441.00
	1265.01	0.00	6.44	490.00
	1265.02	0.00	6.45	.00	7.13	788.00.32	0.00	7.13	787.00
	1320.33	0.00	7.16	792.00
	1320.34	0.00	7.15	786.00
	1320.36	0.00	7.13	787.00
	1320.37	0.00	7.13	788.00.32	0.00	7.13	787.00
	1320.33	0.00	7.16	792.00
	1320.34	0.00	7.15	786.00
	1320.36	0.00	7.13	787.00
	1320.37	0.00	7.13	788.00.32	0.00	7.13	787.00
	1320.33	0.00	7.16	792.00
	1320.34	0.00	7.15	786.00
	1320.36	0.00	7.13	787.00
	1320.37	0.00	7.13	788.00
	1320.38	0.00	7.14	789.00
	1320.39	0.00	7.14	785.00
	1320.40	0.00	7.12	782.00
	1320.42	0.00	7.12	783.00
	1320.43	0.00	7.10	778.00
	1320.44	0.00	7.10	782.00
	1320.45	0.00	7.14	794.00
	1320.46	0.00	7.14	792.00
	1320.47	0.00	7.13	791.00
	1320.48	0.00	7.15	791.00
	1320.50	0.00	7.15	792.00
	1320.51	0.00	7.15	793.00
	1320.52	0.00	7.13	790.00
	1320.53	0.00	7.14	792.00
	1320.54	0.00	7.17	793.00
	1320.55	0.00	7.20	796.00
	1320.56	0.00	7.18	794.00
	1320.58	0.00	7.17	793.00
	1320.59	0.00	7.06	780.00
	1320.60	0.00	7.13	790.00
	1320.61	0.00	7.10	789.00
	1320.62	0.00	7.17	806.00
	1320.63	0.00	7.13	797.00
	1320.64	0.00	7.16	808.00
	1320.66	0.00	7.11	794.00
	1320.67	0.00	7.14	788.00
	1320.68	0.00	7.13	791.00
	1320.69	0.00	7.18	807.00
	1320.70	0.00	7.16	807.00
	1320.71	0.00	7.14	806.00
	1320.72	0.00	7.16	806.00
	1320.74	0.00	7.17	807.00
	1320.75	0.00	7.16	806.00
	1320.76	0.00	7.13	803.00
	1320.77	0.00	7.15	801.00
	1320.78	0.00	7.17	805.00
	1320.80	0.00	7.13	803.00
	1320.81	0.00	7.14	802.00
	1320.82	0.00	7.14	799.00
	1320.83	0.00	7.12	802.00
	1320.84	0.00	7.14	801.00
	1320.85	0.00	7.12	800.00
	1320.86	0.00	7.13	801.00
	1320.88	0.00	7.13	799.00
	1320.89	0.00	7.14	799.00
	1320.90	0.00	7.14	797.00
	1320.91	0.00	7.25	819.00
	1320.92	0.00	7.25	816.00
	1320.93	0.00	7.28	821.00
	1320.94	0.00	7.17	800.00
	1320.95	0.00	7.27	819.00
	1320.97	0.00	7.27	819.00
	1320.98	0.00	7.25	818.00
	1320.99	0.00	7.27	819.00
	1321.00	0.00	7.25	817.00
	1321.01	0.00	7.26	819.00
	1321.03	0.00	7.25	818.00
	1321.04	0.00	7.25	818.00
	1321.05	0.00	7.24	817.00
	1321.06	0.00	7.25	818.00
	1321.07	0.00	7.25	818.00
	1321.08	0.00	7.26	819.00
	1321.09	0.00	7.25	815.00
	1321.10	0.00	7.23	813.00
	1321.12	0.00	7.19	805.00
	1321.13	0.00	7.19	806.00
	1321.14	0.00	7.27	819.00
	1321.15	0.00	7.24	816.00
	1321.16	0.00	7.16	806.00
	1321.18	0.00	7.25	817.00
	1321.19	0.00	7.26	818.00
	1321.20	0.00	7.25	817.00
	1321.21	0.00	7.25	816.00
	1321.22	0.00	7.24	816.00
	1321.23	0.00	7.25	816.00
	1321.24	0.00	7.25	816.00
	1321.26	0.00	7.25	817.00
	1321.27	0.00	7.26	817.00
	1321.28	0.00	7.28	818.00
	1321.29	0.00	7.25	817.00
	1321.30	0.00	7.23	816.00
	1321.31	0.00	7.23	816.00
	1321.32	0.00	7.23	816.00
	1321.34	0.00	7.25	817.00
	1321.35	0.00	7.22	815.00
	1321.36	0.00	7.25	817.00
	1321.37	0.00	7.25	816.00
	1321.38	0.00	7.25	814.00
	1321.39	0.00	7.26	815.00
	1321.41	0.00	7.25	814.00
	1321.42	0.00	7.24	814.00
	1321.43	0.00	7.26	816.00
	1321.44	0.00	7.25	816.00
	1321.45	0.00	7.24	814.00
	1321.46	0.00	7.24	815.00
	1321.47	0.00	7.24	815.00
	1321.49	0.00	7.28	820.00
	1321.50	0.00	7.27	817.00
	1321.51	0.00	7.28	815.00
	1321.52	0.00	7.25	816.00
	1321.53	0.00	7.25	814.00
	1321.54	0.00	7.24	814.00
	1321.55	0.00	7.26	816.00
	1321.57	0.00	7.25	817.00
	1321.58	0.00	7.26	816.00
	1321.59	0.00	7.25	816.00
	1321.60	0.00	7.23	815.00
	1321.61	0.00	7.22	812.00
	1321.62	0.00	7.20	811.00
	1321.64	0.00	7.22	816.00
	1321.65	0.00	7.20	814.00
	1321.66	0.00	7.19	813.00
	1321.67	0.00	7.20	813.00
	1321.68	0.00	7.22	817.00
	1321.69	0.00	7.20	815.00
	1321.70	0.00	7.20	814.00
	1321.71	0.00	7.19	815.00
	1321.73	0.00	7.19	814.00
	1321.74	0.00	7.19	812.00
	1321.75	0.00	7.19	814.00
	1321.76	0.00	7.19	815.00
	1321.77	0.00	7.19	813.00
	1321.79	0.00	7.18	814.00
	1321.80	0.00	7.15	810.00
	1321.81	0.00	7.15	811.00
	1321.82	0.00	7.14	811.00
	1321.83	0.00	7.16	811.00
	1321.84	0.00	7.15	810.00
	1321.85	0.00	7.15	809.00
	1321.87	0.00	7.16	808.00
	1321.88	0.00	7.15	806.00
	1321.89	0.00	7.15	803.00
	1321.90	0.00	7.15	796.00
	1321.91	0.00	7.16	798.00
	1321.92	0.00	7.15	803.00
	1321.93	0.00	7.16	798.00
	1321.95	0.00	7.23	801.00
	1321.96	0.00	7.22	804.00
	1321.97	0.00	7.22	805.00
	1321.98	0.00	7.22	805.00
	1321.99	0.00	7.23	807.00
	1322.00	0.00	7.23	806.00
	1322.02	0.00	7.23	807.00
	1322.03	0.00	7.25	811.00
	1322.04	0.00	7.24	807.00
	1322.05	0.00	7.23	808.00
	1322.06	0.00	7.24	808.00
	1322.07	0.00	7.24	809.00
	1322.08	0.00	7.21	805.00
	1322.09	0.00	7.12	793.00
	1322.11	0.00	7.12	793.00
	1322.12	0.00	7.12	793.00
	1322.13	0.00	7.14	794.00
	1322.14	0.00	7.16	798.00
	1322.15	0.00	7.12	793.00
	1322.17	0.00	7.12	793.00
	1322.18	0.00	7.12	792.00
	1322.19	0.00	7.12	793.00
	1322.20	0.00	7.12	793.00
	1322.21	0.00	7.12	794.00
	1322.22	0.00	7.12	793.00
	1322.23	0.00	7.10	791.00
	1322.25	0.00	7.13	792.00
	1322.26	0.00	7.12	794.00
	1322.27	0.00	7.12	793.00
	1322.28	0.00	7.13	794.00
	1322.29	0.00	7.12	793.00
	1322.30	0.00	7.12	793.00
	1322.31	0.00	7.10	792.00
	1322.33	0.00	7.12	793.00
	1322.34	0.00	7.13	792.00
	1322.35	0.00	7.11	791.00
	1322.36	0.00	7.13	794.00
	1322.37	0.00	7.12	793.00
	1322.38	0.00	7.14	794.00
	1322.40	0.00	7.11	791.00
	1322.41	0.00	7.11	793.00
	1322.42	0.00	7.12	791.00
	1322.43	0.00	7.13	793.00
	1322.44	0.00	7.12	791.00
	1322.45	0.00	7.12	791.00
	1322.46	0.00	7.15	792.00
	1322.48	0.00	7.15	792.00
	1322.49	0.00	7.14	791.00
	1322.50	0.00	7.16	790.00
	1322.51	0.00	7.14	790.00
	1322.52	0.00	7.15	790.00
	1322.53	0.00	7.17	790.00
	1322.55	0.00	7.15	788.00
	1322.56	0.00	7.15	790.00
	1322.57	0.00	7.15	791.00
	1322.58	0.00	7.16	794.00
	1322.59	0.00	7.14	792.00
	1322.60	0.00	7.13	791.00
	1322.61	0.00	7.15	788.00
	1322.63	0.00	7.14	792.00
	1322.64	0.00	7.15	791.00
	1322.65	0.00	7.14	791.00
	1322.66	0.00	7.13	791.00
	1322.67	0.00	7.13	789.00
	1322.68	0.00	7.15	794.00
	1322.69	0.00	7.14	790.00
	1322.71	0.00	7.14	789.00
	1322.72	0.00	7.14	791.00
	1322.73	0.00	7.15	790.00
	1322.74	0.00	7.17	791.00
	1322.75	0.00	7.17	790.00
	1322.76	0.00	7.15	786.00
	1322.78	0.00	7.16	788.00
	1322.79	0.00	7.13	785.00
	1322.80	0.00	7.14	784.00
	1322.81	0.00	7.14	783.00
	1322.82	0.00	7.12	779.00
	1322.83	0.00	7.17	789.00
	1322.84	0.00	7.16	791.00
	1322.86	0.00	7.15	791.00
	1322.87	0.00	7.17	792.00
	1322.88	0.00	7.18	793.00
	1322.89	0.00	7.16	791.00
	1322.90	0.00	7.16	791.00
	1322.91	0.00	7.19	793.00
	1322.93	0.00	7.19	794.00
	1322.94	0.00	7.17	792.00
	1322.95	0.00	7.16	791.00
	1322.96	0.00	7.19	793.00
	1322.97	0.00	7.16	793.00
	1322.98	0.00	7.18	793.00
	1322.99	0.00	7.19	793.00
	1323.01	0.00	7.19	792.00
	1323.02	0.00	7.17	793.00
	1323.03	0.00	7.14	789.00
	1323.04	0.00	7.13	789.00
	1323.05	0.00	7.19	805.00
	1323.06	0.00	7.17	808.00
	1323.07	0.00	7.12	794.00
	1323.09	0.00	7.10	789.00
	1323.10	0.00	7.18	805.00
	1323.11	0.00	7.19	810.00
	1323.12	0.00	7.18	809.00
	1323.13	0.00	7.17	808.00
	1323.14	0.00	7.16	807.00
	1323.16	0.00	7.17	809.00
	1323.17	0.00	7.17	807.00
	1323.18	0.00	7.18	808.00
	1323.19	0.00	7.16	805.00
	1323.20	0.00	7.15	804.00
	1323.21	0.00	7.14	802.00
	1323.22	0.00	7.15	804.00
	1323.24	0.00	7.14	804.00
	1323.25	0.00	7.11	800.00
	1323.26	0.00	7.13	799.00
	1323.27	0.00	7.14	799.00
	1323.28	0.00	7.16	802.00
	1323.29	0.00	7.15	801.00
	1323.30	0.00	7.14	798.00
	1323.32	0.00	7.19	804.00
	1323.33	0.00	7.27	821.00
	1323.34	0.00	7.26	820.00
	1323.35	0.00	7.27	820.00
	1323.36	0.00	7.25	820.00
	1323.37	0.00	7.27	820.00
	1323.39	0.00	7.25	820.00
	1323.40	0.00	7.27	820.00
	1323.41	0.00	7.27	822.00
	1323.42	0.00	7.27	820.00
	1323.43	0.00	7.28	820.00
	1323.44	0.00	7.24	822.00
	1323.45	0.00	7.26	822.00
	1323.47	0.00	7.25	820.00
	1323.48	0.00	7.27	822.00
	1323.49	0.00	7.25	819.00
	1323.50	0.00	7.26	819.00
	1323.51	0.00	7.25	821.00
	1323.52	0.00	7.28	821.00
	1323.54	0.00	7.24	816.00
	1323.55	0.00	7.22	812.00
	1323.56	0.00	7.23	817.00
	1323.57	0.00	7.26	820.00
	1323.58	0.00	7.25	820.00
	1323.59	0.00	7.26	819.00
	1323.60	0.00	7.26	820.00
	1323.62	0.00	7.26	820.00
	1323.63	0.00	7.28	823.00
	1323.64	0.00	7.26	820.00
	1323.65	0.00	7.26	820.00
	1323.66	0.00	7.26	819.00
	1323.67	0.00	7.27	820.00
	1323.69	0.00	7.24	818.00
	1323.70	0.00	7.27	820.00
	1323.71	0.00	7.22	819.00
	1323.72	0.00	7.20	820.00
	1323.73	0.00	7.20	818.00
	1323.74	0.00	7.24	819.00
	1323.75	0.00	7.25	820.00
	1323.77	0.00	7.25	818.00
	1323.78	0.00	7.26	819.00
	1323.79	0.00	7.23	819.00
	1323.80	0.00	7.25	820.00
	1323.81	0.00	7.26	818.00
	1323.82	0.00	7.26	819.00
	1323.83	0.00	7.19	819.00
	1323.85	0.00	7.26	819.00
	1323.86	0.00	7.26	819.00
	1323.87	0.00	7.26	819.00
	1323.88	0.00	7.27	818.00
	1323.89	0.00	7.22	819.00
	1323.90	0.00	7.23	818.00
	1323.92	0.00	7.21	817.00
	1323.93	0.00	7.23	821.00
	1323.94	0.00	7.23	816.00
	1323.95	0.00	7.17	818.00
	1323.96	0.00	7.22	818.00
	1323.97	1.00	7.24	821.00
	1323.98	1.00	7.25	820.00
	1324.00	1.00	7.25	819.00
	1324.01	1.00	7.24	820.00
	1324.02	1.00	7.24	819.00
	1324.03	1.00	7.25	822.00
	1324.04	1.00	7.23	818.00
	1324.05	1.00	7.21	814.00
	1324.06	1.00	7.19	816.00
	1324.08	1.00	7.13	807.00
	1324.09	1.00	7.19	816.00
	1324.10	1.00	7.19	817.00
	1324.11	1.00	7.19	816.00
	1324.12	1.00	7.19	814.00
	1324.13	1.00	7.18	816.00
	1324.15	1.00	7.19	816.00
	1324.16	1.00	7.18	815.00
	1324.17	1.00	7.18	815.00
	1324.18	1.00	7.18	817.00
	1324.19	1.00	7.18	815.00
	1324.20	1.00	7.15	813.00
	1324.21	1.00	7.14	812.00
	1324.23	0.00	7.12	807.00
	1324.24	0.00	7.15	809.00
	1324.25	0.00	7.15	807.00
	1324.26	0.00	7.15	801.00
	1324.27	0.00	7.14	806.00
	1324.28	0.00	7.13	809.00
	1324.30	0.00	7.14	806.00
	1324.31	0.00	7.14	800.00
	1324.32	0.00	7.21	805.00
	1324.33	0.00	7.23	809.00
	1324.34	0.00	7.21	807.00
	1324.35	0.00	7.21	807.00
	1324.36	0.00	7.23	807.00
	1324.38	0.00	7.22	807.00
	1324.39	0.00	7.22	806.00
	1324.40	0.00	7.21	807.00
	1324.41	0.00	7.22	808.00
	1324.42	0.00	7.23	809.00
	1324.43	0.00	7.23	809.00
	1324.44	0.00	7.23	809.00
	1324.46	0.00	7.22	810.00
	1324.47	0.00	7.21	805.00
	1324.48	0.00	7.07	786.00
	1324.49	0.00	7.19	802.00
	1324.50	0.00	7.22	802.00
	1324.52	0.00	7.12	793.00
	1324.53	0.00	7.12	793.00
	1324.54	0.00	7.12	792.00
	1324.55	0.00	7.12	792.00
	1324.56	0.00	7.12	793.00
	1324.57	0.00	7.02	780.00
	1324.58	0.00	7.10	793.00
	1324.60	0.00	7.11	794.00
	1324.61	0.00	7.11	793.00
	1324.62	0.00	7.11	793.00
	1324.63	0.00	7.11	793.00
	1324.64	0.00	7.11	794.00
	1324.65	0.00	7.11	794.00
	1324.66	0.00	7.11	792.00
	1324.68	0.00	7.12	794.00
	1324.69	0.00	7.11	791.00
	1324.70	0.00	7.12	792.00
	1324.71	0.00	7.11	793.00
	1324.72	0.00	7.11	793.00
	1324.73	0.00	7.12	793.00
	1324.75	0.00	7.10	792.00
	1324.76	0.00	7.10	792.00
	1324.77	0.00	7.11	792.00
	1324.78	0.00	7.10	792.00
	1324.79	0.00	7.09	792.00
	1324.80	0.00	7.11	791.00
	1324.81	0.00	7.13	792.00
	1324.82	0.00	7.14	791.00
	1324.84	0.00	7.13	790.00
	1324.85	0.00	7.14	790.00
	1324.86	0.00	7.15	789.00
	1324.87	0.00	7.15	794.00
	1324.88	0.00	7.14	788.00
	1324.90	0.00	7.14	790.00
	1324.91	0.00	7.12	791.00
	1324.92	0.00	7.12	792.00
	1324.93	0.00	7.14	795.00
	1324.94	0.00	7.12	793.00
	1324.95	0.00	7.12	793.00
	1324.96	0.00	7.13	793.00
	1324.98	0.00	7.03	782.00
	1324.99	0.00	7.12	794.00
	1325.00	0.00	7.13	793.00
	1325.01	0.00	7.12	795.00
	1325.02	0.00	7.14	796.00
	1325.03	0.00	7.16	796.00
	1325.04	0.00	7.14	793.00
	1325.06	0.00	7.14	792.00
	1325.07	0.00	7.15	795.00
	1325.08	0.00	7.13	795.00
	1325.09	0.00	7.12	793.00
	1325.10	0.00	7.12	791.00
	1325.11	0.00	7.12	788.00
	1325.13	0.00	7.11	787.00
	1325.14	0.00	7.11	793.00
	1325.15	0.00	7.14	798.00
	1325.16	0.00	7.12	798.00
	1325.17	0.00	7.12	796.00
	1325.18	0.00	7.15	801.00
	1325.19	0.00	7.15	800.00
	1325.20	0.00	7.16	800.00
	1325.22	0.00	7.13	799.00
	1325.23	0.00	7.16	801.00
	1325.24	0.00	7.14	798.00
	1325.25	0.00	7.14	800.00
	1325.26	0.00	7.14	798.00
	1325.28	0.00	7.11	794.00
	1325.29	0.00	7.16	800.00
	1325.30	0.00	7.18	801.00
	1325.31	0.00	7.18	801.00
	1325.32	0.00	7.17	802.00
	1325.33	0.00	7.14	798.00
	1325.34	0.00	7.11	797.00
	1325.36	0.00	7.12	798.00
	1325.37	0.00	7.13	798.00
	1325.38	0.00	7.16	802.00
	1325.39	0.00	7.11	801.00
	1325.40	0.00	7.17	816.00
	1325.41	0.00	7.15	815.00
	1325.42	0.00	7.15	815.00
	1325.44	0.00	7.15	814.00
	1325.45	0.00	7.16	814.00
	1325.46	0.00	7.13	814.00
	1325.47	0.00	7.14	813.00
	1325.48	0.00	7.15	814.00
	1325.49	0.00	7.14	812.00
	1325.51	0.00	7.15	812.00
	1325.52	0.00	7.13	810.00
	1325.53	0.00	7.10	808.00
	1325.54	0.00	7.14	812.00
	1325.55	0.00	7.13	809.00
	1325.56	0.00	7.12	809.00
	1325.57	0.00	7.10	807.00
	1325.59	0.00	7.13	807.00
	1325.60	0.00	7.18	814.00
	1325.61	0.00	7.25	830.00
	1325.62	0.00	7.26	830.00
	1325.63	0.00	7.24	828.00
	1325.64	0.00	7.24	828.00
	1325.66	0.00	7.25	829.00
	1325.67	0.00	7.25	830.00
	1325.68	0.00	7.26	829.00
	1325.69	0.00	7.23	829.00
	1325.70	0.00	7.24	828.00
	1325.71	0.00	7.24	828.00
	1325.72	0.00	7.27	830.00
	1325.73	0.00	7.24	827.00
	1325.75	0.00	7.23	829.00
	1325.76	0.00	7.24	829.00
	1325.77	0.00	7.21	822.00
	1325.78	0.00	7.26	830.00
	1325.79	0.00	7.26	830.00
	1325.80	0.00	7.25	828.00
	1325.81	0.00	7.25	829.00
	1325.83	0.00	7.24	829.00
	1325.84	0.00	7.25	827.00
	1325.85	0.00	7.25	828.00
	1325.86	0.00	7.24	827.00
	1325.87	0.00	7.24	829.00
	1325.89	0.00	7.24	828.00
	1325.90	0.00	7.24	829.00
	1325.91	0.00	7.25	827.00
	1325.92	0.00	7.24	824.00
	1325.93	0.00	7.25	822.00
	1325.94	0.00	7.25	826.00
	1325.95	0.00	7.26	822.00
	1325.97	0.00	7.26	826.00
	1325.98	0.00	7.24	825.00
	1325.99	0.00	7.26	825.00
	1326.00	0.00	7.26	827.00
	1326.01	0.00	7.25	827.00
	1326.02	0.00	7.28	829.00
	1326.03	0.00	7.26	826.00
	1326.05	0.00	7.26	826.00
	1326.06	0.00	7.26	826.00
	1326.07	0.00	7.26	826.00
	1326.08	0.00	7.25	827.00
	1326.09	0.00	7.27	827.00
	1326.10	0.00	7.26	827.00
	1326.11	0.00	7.25	825.00
	1326.13	0.00	7.24	826.00
	1326.14	0.00	7.23	824.00
	1326.15	0.00	7.20	822.00
	1326.16	0.00	7.19	824.00
	1326.17	0.00	7.22	828.00
	1326.18	0.00	7.20	825.00
	1326.19	0.00	7.20	825.00
	1326.21	0.00	7.20	824.00
	1326.22	0.00	7.23	829.00
	1326.23	0.00	7.20	821.00
	1326.24	0.00	7.19	822.00
	1326.25	0.00	7.19	823.00
	1326.27	0.00	7.22	828.00
	1326.28	0.00	7.19	823.00
	1326.29	0.00	7.19	822.00
	1326.30	0.00	7.16	818.00
	1326.31	0.00	7.17	820.00
	1326.32	0.00	7.20	822.00
	1326.33	0.00	7.19	823.00
	1326.35	0.00	7.18	823.00
	1326.36	0.00	7.16	821.00
	1326.37	0.00	7.16	821.00
	1326.38	0.00	7.17	819.00
	1326.39	0.00	7.16	817.00
	1326.40	0.00	7.16	814.00
	1326.41	0.00	7.15	809.00
	1326.43	0.00	7.18	809.00
	1326.44	0.00	7.22	814.00
	1326.45	0.00	7.23	814.00
	1326.46	0.00	7.24	815.00
	1326.47	0.00	7.23	813.00
	1326.48	0.00	7.23	815.00
	1326.50	0.00	7.23	815.00
	1326.51	0.00	7.23	814.00
	1326.52	0.00	7.24	815.00
	1326.53	0.00	7.23	815.00
	1326.54	0.00	7.24	815.00
	1326.55	0.00	7.24	816.00
	1326.56	0.00	7.26	816.00
	1326.58	0.00	7.25	817.00
	1326.59	0.00	7.25	817.00
	1326.60	0.00	7.27	813.00
	1326.61	0.00	7.24	815.00
	1326.62	0.00	7.13	801.00
	1326.63	0.00	7.16	801.00
	1326.65	0.00	7.13	802.00
	1326.66	0.00	7.14	801.00
	1326.67	0.00	7.14	803.00
	1326.68	0.00	7.14	801.00
	1326.69	0.00	7.14	801.00
	1326.70	0.00	7.14	801.00
	1326.71	0.00	7.11	799.00
	1326.73	0.00	7.13	802.00
	1326.74	0.00	7.13	802.00
	1326.75	0.00	7.12	803.00
	1326.76	0.00	7.13	802.00
	1326.77	0.00	7.13	802.00
	1326.78	0.00	7.13	802.00
	1326.79	0.00	7.13	802.00
	1326.81	0.00	7.13	802.00
	1326.82	0.00	7.14	802.00
	1326.83	0.00	7.12	803.00
	1326.84	0.00	7.12	804.00
	1326.85	0.00	7.12	804.00
	1326.86	0.00	7.12	806.00
	1326.88	0.00	7.11	803.00
	1326.89	0.00	7.11	805.00
	1326.90	0.00	7.12	807.00
	1326.91	0.00	7.14	806.00
	1326.92	0.00	7.11	805.00
	1326.93	0.00	7.11	805.00
	1326.94	0.00	7.11	806.00
	1326.96	0.00	7.12	806.00
	1326.97	0.00	7.11	804.00
	1326.98	0.00	7.15	806.00
	1326.99	0.00	7.14	809.00
	1327.00	0.00	7.12	807.00
	1327.01	0.00	7.07	798.00
	1327.03	0.00	7.14	805.00
	1327.04	0.00	7.13	805.00
	1327.05	0.00	7.14	805.00
	1327.06	0.00	7.08	797.00
	1327.07	0.00	7.14	805.00
	1327.08	0.00	7.13	809.00
	1327.09	0.00	7.13	810.00
	1327.11	0.00	7.13	810.00
	1327.12	0.00	7.13	810.00
	1327.13	0.00	7.12	808.00
	1327.14	0.00	7.12	811.00
	1327.15	0.00	7.12	813.00
	1327.16	0.00	7.12	814.00
	1327.18	0.00	7.09	815.00
	1327.19	0.00	7.10	815.00
	1327.20	0.00	7.12	821.00
	1327.21	0.00	7.10	825.00
	1327.22	0.00	7.09	826.00
	1327.23	0.00	7.08	827.00
	1327.24	0.00	7.02	829.00
	1327.26	0.00	7.01	839.00
	1327.27	0.00	7.04	854.00
	1327.28	0.00	6.99	860.00
	1327.29	0.00	6.96	872.00
	1327.30	0.00	6.92	878.00
	1327.31	0.00	6.90	886.00
	1327.32	0.00	6.87	894.00
	1327.34	0.00	6.86	907.00
	1327.35	0.00	6.84	918.00
	1327.36	0.00	6.81	925.00
	1327.37	0.00	6.82	936.00
	1327.38	0.00	6.80	944.00
	1327.39	0.00	6.78	952.00
	1327.41	0.00	6.75	960.00
	1327.42	0.00	6.72	965.00
	1327.43	0.00	6.73	976.00
	1327.44	0.00	6.75	986.00
	1327.45	0.00	6.73	993.00
	1327.46	0.00	6.71	1004.00
	1327.47	0.00	6.70	1015.00
	1327.49	0.00	6.69	1020.00
	1327.50	0.00	6.68	1029.00
	1327.51	0.00	6.66	1033.00
	1327.52	0.00	6.65	1044.00
	1327.53	0.00	6.65	1049.00
	1327.54	0.00	6.61	1048.00
	1327.56	0.00	6.58	1052.00
	1327.57	0.00	6.60	1055.00
	1327.58	0.00	6.61	1058.00
	1327.59	0.00	6.53	1048.00
	1327.60	0.00	6.59	1061.00
	1327.61	0.00	6.60	1062.00
	1327.63	0.00	6.58	1062.00
	1327.64	0.00	6.60	1064.00
	1327.65	0.00	6.58	1061.00
	1327.66	0.00	6.59	1055.00
	1327.67	0.00	6.61	1046.00
	1327.68	0.00	6.63	1034.00
	1327.69	0.00	6.65	1022.00
	1327.71	0.00	6.69	1003.00
	1327.72	0.00	6.72	983.00
	1327.73	0.00	6.75	959.00
	1327.74	0.00	6.79	927.00
	1327.75	0.00	6.84	880.00
	1327.76	0.00	6.88	840.00
	1327.78	0.00	6.88	778.00
	1327.79	0.00	6.87	708.00
	1327.80	0.00	6.25	573.00
	1327.81	0.00	6.36	528.00
	1327.82	0.00	6.47	460.00
	1327.83	0.00	6.46	457.00
	1327.84	0.00	6.47	453.00
	1327.86	0.00	6.49	454.00
	1327.87	0.00	6.52	452.00
	1327.88	0.00	6.53	449.00
	1327.89	0.00	6.48	451.00
	1327.90	0.00	6.45	500.00
	1327.91	0.00	6.45	501.00
	1327.93	0.00	6.46	499.00
	1327.94	0.00	6.48	500.00
	1327.95	0.00	6.45	497.00
	1327.96	0.00	6.46	497.00
	1327.97	0.00	6.54	499.00
	1327.98	0.00	6.53	501.00
	1327.99	0.00	6.54	504.00
	1328.01	0.00	6.55	459.00
	1328.02	0.00	6.47	506.00
	1328.03	0.00	6.48	505.00
	1328.04	0.00	6.49	505.00
	1328.05	0.00	6.55	453.00
	1328.06	0.00	6.49	502.00
	1328.07	0.00	6.50	502.00
	1328.09	0.00	6.51	501.00
	1328.10	0.00	6.51	498.00
	1328.11	0.00	6.50	500.00
	1328.12	0.00	6.51	499.00
	1328.13	0.00	6.60	447.00
	1328.14	0.00	6.51	497.00
	1328.16	0.00	6.57	447.00
	1328.17	0.00	6.48	495.00
	1328.18	0.00	6.59	445.00
	1328.19	0.00	6.59	444.00
	1328.20	0.00	6.59	444.00
	1328.21	0.00	6.60	442.00
	1328.22	0.00	6.61	443.00
	1328.24	0.00	6.61	443.00
	1328.25	0.00	6.62	441.00
	1328.26	0.00	6.59	441.00
	1328.27	0.00	6.59	440.00
	1328.28	0.00	6.61	441.00
	1328.29	0.00	6.63	440.00
	1328.31	0.00	6.57	440.00
	1328.32	0.00	6.49	500.00
	1328.33	0.00	6.35	542.00
	1328.34	0.00	6.13	625.00
	1328.35	0.00	5.89	757.00
	1328.36	0.00	5.73	871.00
	1328.37	0.00	5.70	911.00
	1328.39	0.00	5.66	949.00
	1328.40	0.00	6.37	1113.00
	1328.41	0.00	6.45	1198.00
	1328.42	0.00	6.43	1240.00
	1328.43	0.00	6.44	1263.00
	1328.44	0.00	6.47	1279.00
	1328.45	0.00	6.48	1270.00
	1328.47	0.00	6.52	1249.00
	1328.48	0.00	6.53	1231.00
	1328.49	0.00	6.91	1251.00
	1328.50	0.00	7.05	1225.00
	1328.51	0.00	7.12	1184.00
	1328.53	0.00	7.21	1143.00
	1328.54	0.00	7.28	1104.00
	1328.55	0.00	7.39	1056.00
	1328.56	0.00	7.46	1010.00
	1328.57	0.00	7.56	950.00
	1328.58	0.00	7.74	891.00
	1328.59	0.00	7.91	841.00
	1328.61	0.00	8.04	801.00
	1328.62	0.00	8.13	773.00
	1328.63	0.00	8.15	754.00
	1328.64	0.00	8.14	735.00
	1328.65	0.00	8.02	710.00
	1328.66	0.00	7.92	686.00
	1328.68	0.00	7.42	615.00
	1328.69	0.00	7.49	619.00
	1328.70	0.00	7.65	570.00
	1328.71	0.00	7.72	575.00
	1328.72	0.00	7.78	578.00
	1328.73	0.00	7.86	586.00
	1328.75	0.00	7.94	591.00
	1328.76	0.00	8.02	595.00
	1328.77	0.00	8.08	597.00
	1328.78	0.00	8.12	601.00
	1328.79	0.00	8.27	610.00
	1328.80	0.00	8.36	618.00
	1328.81	0.00	8.40	624.00
	1328.83	0.00	8.62	631.00
	1328.84	0.00	8.71	626.00
	1328.85	0.00	8.85	648.00
	1328.86	0.00	8.99	650.00
	1328.87	0.00	9.07	661.00
	1328.88	0.00	9.22	678.00
	1328.89	0.00	9.30	691.00
	1328.91	0.00	9.45	709.00
	1328.92	0.00	9.42	705.00
	1328.93	0.00	9.42	699.00
	1328.94	0.00	9.22	680.00
	1328.95	0.00	9.08	665.00
	1328.96	0.00	8.88	644.00
	1328.97	0.00	8.66	611.00
	1328.99	0.00	8.49	591.00
	1329.00	0.00	8.49	577.00
	1329.01	0.00	8.35	559.00
	1329.02	0.00	7.65	481.00
	1329.03	0.00	7.38	458.00
	1329.04	0.00	7.20	385.00
	1329.06	0.00	6.70	426.00
	1329.07	0.00	6.40	433.00
	1329.08	0.00	6.31	486.00
	1329.09	0.00	6.25	487.00
	1329.10	0.00	6.27	485.00
	1329.11	0.00	6.35	436.00
	1329.13	0.00	6.37	433.00
	1329.14	0.00	6.36	430.00
	1329.15	0.00	6.31	426.00
	1329.16	0.00	5.11	374.00
	1329.17	0.00	5.08	371.00
	1329.18	0.00	6.33	420.00
	1329.19	0.00	6.34	418.00
	1329.21	0.00	6.39	412.00
	1329.22	0.00	6.39	411.00
	1329.23	0.00	6.43	412.00
	1329.24	0.00	6.42	411.00
	1329.25	0.00	6.43	411.00
	1329.26	0.00	6.43	411.00
	1329.27	0.00	5.15	361.00
	1329.29	0.00	5.16	361.00
	1329.30	0.00	5.18	357.00
	1329.31	0.00	5.19	359.00
	1329.32	0.00	6.46	407.00
	1329.33	0.00	6.46	405.00
	1329.34	0.00	5.33	306.00
	1329.35	0.00	5.19	356.00
	1329.37	0.00	6.47	407.00
	1329.38	0.00	6.47	406.00
	1329.39	0.00	5.20	356.00
	1329.40	0.00	5.21	358.00
	1329.41	0.00	5.20	358.00
	1329.42	0.00	5.18	355.00
	1329.44	0.00	5.20	356.00
	1329.45	0.00	5.34	306.00
	1329.46	0.00	5.35	305.00
	1329.47	0.00	5.35	305.00
	1329.48	0.00	5.37	306.00
	1329.49	0.00	5.23	356.00
	1329.51	0.00	5.23	356.00
	1329.52	0.00	5.22	356.00
	1329.53	0.00	6.49	406.00
	1329.54	0.00	6.37	467.00
	1329.55	0.00	5.03	507.00
	1329.56	0.00	4.53	913.00
	1329.57	0.00	4.53	1111.00
	1329.59	0.00	5.36	1144.00
	1329.60	0.00	4.69	1082.00
	1329.61	0.00	4.71	1064.00
	1329.62	0.00	5.31	1160.00
	1329.63	0.00	5.53	1224.00
	1329.64	0.00	5.54	1231.00
	1329.65	0.00	5.56	1230.00
	1329.67	0.00	6.53	1318.00
	1329.68	0.00	6.60	1306.00
	1329.69	0.00	6.61	1280.00
	1329.70	0.00	6.72	1251.00
	1329.71	0.00	6.82	1210.00
	1329.72	0.00	6.92	1150.00
	1329.74	0.00	7.03	1089.00
	1329.75	0.00	7.18	1039.00
	1329.76	0.00	7.30	986.00
	1329.77	0.00	7.42	918.00
	1329.78	0.00	7.11	781.00
	1329.79	0.00	7.25	730.00
	1329.81	0.00	7.48	694.00
	1329.82	0.00	7.57	675.00
	1329.83	0.00	7.69	659.00
	1329.84	0.00	7.79	659.00
	1329.85	0.00	7.88	658.00
	1329.86	0.00	7.94	658.00
	1329.87	0.00	8.04	662.00
	1329.89	0.00	8.26	615.00
	1329.90	0.00	8.37	623.00
	1329.91	0.00	8.39	627.00
	1329.92	0.00	8.50	636.00
	1329.93	0.00	8.60	647.00
	1329.94	0.00	8.67	657.00
	1329.95	0.00	8.76	657.00
	1329.97	0.00	8.84	661.00
	1329.98	0.00	8.87	663.00
	1329.99	0.00	8.99	672.00
	1330.00	0.00	9.05	683.00
	1330.01	0.00	9.16	684.00
	1330.02	0.00	9.28	698.00
	1330.04	0.00	9.38	701.00
	1330.05	0.00	9.46	713.00
	1330.06	0.00	9.45	715.00
	1330.07	0.00	9.52	710.00
	1330.08	0.00	9.48	703.00
	1330.09	0.00	9.39	690.00
	1330.10	0.00	9.45	612.00
	1330.12	0.00	9.17	582.00
	1330.13	0.00	8.82	544.00
	1330.14	0.00	8.71	526.00
	1330.15	0.00	8.48	499.00
	1330.16	0.00	8.41	484.00
	1330.17	0.00	8.17	459.00
	1330.19	0.00	7.35	391.00
	1330.20	0.00	7.08	376.00
	1330.21	0.00	6.81	362.00
	1330.22	0.00	6.42	407.00
	1330.23	0.00	6.39	410.00
	1330.24	0.00	6.37	411.00
	1330.25	0.00	5.11	359.00
	1330.27	0.00	6.39	410.00
	1330.28	0.00	6.40	407.00
	1330.29	0.00	5.14	357.00
	1330.30	0.00	6.42	407.00
	1330.31	0.00	5.16	355.00
	1330.32	0.00	5.21	359.00
	1330.33	0.00	5.22	360.00
	1330.35	0.00	5.23	359.00
	1330.36	0.00	6.50	411.00
	1330.37	0.00	6.46	410.00
	1330.38	0.00	5.23	363.00
	1330.39	0.00	6.48	411.00
	1330.40	0.00	6.51	410.00
	1330.42	0.00	5.22	360.00
	1330.43	0.00	5.23	359.00
	1330.44	0.00	5.23	361.00
	1330.45	0.00	5.23	359.00
	1330.46	0.00	5.23	357.00
	1330.47	0.00	5.23	357.00
	1330.48	0.00	5.24	357.00
	1330.50	0.00	5.25	356.00
	1330.51	0.00	5.25	355.00
	1330.52	0.00	5.23	356.00
	1330.53	0.00	5.23	359.00
	1330.54	0.00	5.24	355.00
	1330.55	0.00	5.23	355.00
	1330.57	0.00	5.23	356.00
	1330.58	0.00	5.24	355.00
	1330.59	0.00	5.23	356.00
	1330.60	0.00	5.19	353.00
	1330.61	0.00	5.23	355.00
	1330.62	0.00	5.22	356.00
	1330.63	0.00	5.22	357.00
	1330.65	0.00	5.23	356.00
	1330.66	0.00	5.21	355.00
	1330.67	0.00	5.23	356.00
	1330.68	0.00	5.21	413.00
	1330.69	0.00	5.14	446.00
	1330.70	0.00	4.93	595.00
	1330.71	0.00	4.54	945.00
	1330.73	0.00	4.64	1030.00
	1330.74	0.00	4.68	1055.00
	1330.75	0.00	4.69	1051.00
	1330.76	0.00	4.70	1047.00
	1330.77	0.00	4.70	1080.00
	1330.78	0.00	4.70	1122.00
	1330.80	0.00	5.41	1247.00
	1330.81	0.00	5.38	1241.00
	1330.82	0.00	5.42	1245.00
	1330.83	0.00	5.45	1229.00
	1330.84	0.00	6.06	1264.00
	1330.85	0.00	6.09	1238.00
	1330.87	0.00	6.14	1207.00
	1330.88	0.00	5.58	1112.00
	1330.89	0.00	6.07	1107.00
	1330.90	0.00	6.80	1101.00
	1330.91	0.00	6.91	1047.00
	1330.92	0.00	6.65	945.00
	1330.94	0.00	6.07	838.00
	1330.95	0.00	6.99	830.00
	1330.96	0.00	7.18	776.00
	1330.97	0.00	7.32	736.00
	1330.98	0.00	7.32	705.00
	1330.99	0.00	7.44	702.00
	1331.00	0.00	7.45	688.00
	1331.02	0.00	7.42	677.00
	1331.03	0.00	7.37	668.00
	1331.04	0.00	7.28	663.00
	1331.05	0.00	7.19	666.00
	1331.06	0.00	7.66	732.00
	1331.07	0.00	7.67	749.00
	1331.08	0.00	7.70	760.00
	1331.10	0.00	7.77	767.00
	1331.11	0.00	7.87	768.00
	1331.12	0.00	7.96	762.00
	1331.13	0.00	7.98	756.00
	1331.14	0.00	8.19	752.00
	1331.15	0.00	8.20	738.00
	1331.17	0.00	8.25	719.00
	1331.18	0.00	8.02	608.00
	1331.19	0.00	8.22	613.00
	1331.20	0.00	8.42	615.00
	1331.21	0.00	8.48	622.00
	1331.22	0.00	8.70	632.00
	1331.23	0.00	8.84	643.00
	1331.25	0.00	9.09	647.00
	1331.26	0.00	9.18	656.00
	1331.27	0.00	9.28	660.00
	1331.28	0.00	9.33	657.00
	1331.29	0.00	9.21	652.00
	1331.30	0.00	9.15	635.00
	1331.31	0.00	9.03	621.00
	1331.33	0.00	8.75	594.00
	1331.34	0.00	8.57	572.00
	1331.35	0.00	8.46	559.00
	1331.36	0.00	8.34	538.00
	1331.37	0.00	8.08	510.00
	1331.39	0.00	7.10	436.00
	1331.40	0.00	6.74	433.00
	1331.41	0.00	6.52	421.00
	1331.42	0.00	6.42	419.00
	1331.43	0.00	5.14	370.00
	1331.44	0.00	6.30	473.00
	1331.45	0.00	5.11	367.00
	1331.47	0.00	6.40	416.00
	1331.48	0.00	6.42	416.00
	1331.49	0.00	6.43	416.00
	1331.50	0.00	5.18	366.00
	1331.51	0.00	5.16	365.00
	1331.52	0.00	5.18	417.00
	1331.53	0.00	5.18	417.00
	1331.55	0.00	5.18	418.00
	1331.56	0.00	5.16	370.00
	1331.57	0.00	5.18	368.00
	1331.58	0.00	5.18	365.00
	1331.59	0.00	5.16	365.00
	1331.60	0.00	5.16	365.00
	1331.61	0.00	5.16	366.00
	1331.63	0.00	5.15	364.00
	1331.64	0.00	5.09	360.00
	1331.65	0.00	5.10	359.00
	1331.66	0.00	5.10	358.00
	1331.67	0.00	5.11	354.00
	1331.68	0.00	5.12	352.00
	1331.69	0.00	5.12	353.00
	1331.71	0.00	5.12	351.00
	1331.72	0.00	5.12	353.00
	1331.73	0.00	5.13	353.00
	1331.74	0.00	5.13	354.00
	1331.75	0.00	5.13	354.00
	1331.76	0.00	5.13	353.00
	1331.78	0.00	5.15	353.00
	1331.79	0.00	5.13	352.00
	1331.80	0.00	5.14	353.00
	1331.81	0.00	5.16	353.00
	1331.82	0.00	5.14	353.00
	1331.83	0.00	5.14	352.00
	1331.84	0.00	5.15	352.00
	1331.86	0.00	5.15	352.00
	1331.87	0.00	5.16	354.00
	1331.88	0.00	5.15	420.00
	1331.89	0.00	4.99	531.00
	1331.90	0.00	4.74	802.00
	1331.91	0.00	4.67	982.00
	1331.92	0.00	4.69	1009.00
	1331.94	0.00	4.71	1004.00
	1331.95	0.00	4.72	1001.00
	1331.96	0.00	4.74	1028.00
	1331.97	0.00	5.15	1132.00
	1331.98	0.00	5.17	1162.00
	1332.00	0.00	5.26	1177.00
	1332.01	0.00	5.30	1175.00
	1332.02	0.00	5.34	1156.00
	1332.03	0.00	5.37	1136.00
	1332.04	0.00	5.82	1158.00
	1332.05	0.00	5.86	1121.00
	1332.06	0.00	5.93	1075.00
	1332.08	0.00	6.01	1027.00
	1332.09	0.00	6.08	980.00
	1332.10	0.00	6.12	934.00
	1332.11	0.00	5.81	844.00
	1332.12	0.00	5.90	786.00
	1332.13	0.00	6.04	734.00
	1332.15	0.00	6.17	685.00
	1332.16	0.00	6.31	655.00
	1332.17	0.00	6.38	629.00
	1332.18	0.00	6.36	606.00
	1332.19	0.00	6.45	605.00
	1332.20	0.00	6.52	606.00
	1332.21	0.00	6.44	596.00
	1332.23	0.00	6.39	595.00
	1332.24	0.00	6.29	595.00
	1332.25	0.00	7.62	706.00
	1332.26	0.00	7.59	732.00
	1332.27	0.00	7.54	752.00
	1332.28	0.00	7.54	774.00
	1332.30	0.00	7.63	800.00
	1332.31	0.00	7.68	811.00
	1332.32	0.00	7.75	806.00
	1332.33	0.00	7.88	792.00
	1332.34	0.00	7.95	770.00
	1332.35	0.00	7.76	697.00
	1332.36	0.00	7.96	688.00
	1332.38	0.00	8.18	687.00
	1332.39	0.00	8.53	649.00
	1332.40	0.00	8.75	658.00
	1332.41	0.00	8.90	662.00
	1332.42	0.00	8.97	686.00
	1332.43	0.00	9.22	689.00
	1332.44	0.00	9.30	687.00
	1332.46	0.00	9.33	687.00
	1332.47	0.00	9.44	689.00
	1332.48	0.00	9.41	687.00
	1332.49	0.00	9.37	681.00
	1332.50	0.00	9.17	656.00
	1332.51	0.00	8.84	624.00
	1332.53	0.00	8.51	586.00
	1332.54	0.00	8.32	564.00
	1332.55	0.00	8.08	543.00
	1332.56	0.00	7.97	518.00
	1332.57	0.00	7.09	441.00
	1332.58	0.00	6.73	421.00
	1332.59	0.00	6.44	412.00
	1332.61	0.00	5.02	355.00
	1332.62	0.00	5.01	357.00
	1332.63	0.00	4.99	357.00
	1332.64	0.00	5.00	357.00
	1332.65	0.00	5.00	357.00
	1332.66	0.00	4.99	355.00
	1332.68	0.00	5.01	354.00
	1332.69	0.00	4.98	352.00
	1332.70	0.00	4.98	352.00
	1332.71	0.00	5.09	357.00
	1332.72	0.00	5.10	356.00
	1332.73	0.00	5.11	355.00
	1332.74	0.00	5.12	359.00
	1332.76	0.00	5.09	358.00
	1332.77	0.00	5.10	358.00
	1332.78	0.00	5.10	357.00
	1332.79	0.00	5.09	355.00
	1332.80	0.00	6.36	405.00
	1332.81	0.00	5.13	357.00
	1332.82	0.00	5.14	357.00
	1332.84	0.00	5.11	354.00
	1332.85	0.00	5.15	355.00
	1332.86	0.00	5.15	358.00
	1332.87	0.00	5.14	356.00
	1332.88	0.00	5.16	356.00
	1332.89	0.00	5.15	356.00
	1332.91	0.00	5.15	356.00
	1332.92	0.00	5.16	356.00
	1332.93	0.00	5.14	355.00
	1332.94	0.00	5.17	356.00
	1332.95	0.00	5.21	357.00
	1332.96	0.00	5.21	357.00
	1332.97	0.00	5.20	357.00
	1332.98	0.00	5.20	357.00
	1333.00	0.00	5.19	356.00
	1333.01	0.00	5.19	357.00
	1333.02	0.00	5.20	357.00
	1333.03	0.00	5.20	359.00
	1333.04	0.00	5.19	356.00
	1333.05	0.00	5.19	356.00
	1333.07	0.00	5.20	356.00
	1333.08	0.00	5.20	355.00
	1333.09	0.00	5.20	354.00
	1333.10	0.00	5.20	411.00
	1333.11	0.00	5.15	437.00
	1333.12	0.00	4.96	567.00
	1333.14	0.00	4.73	806.00
	1333.15	0.00	4.71	924.00
	1333.16	0.00	4.73	948.00
	1333.17	0.00	4.75	959.00
	1333.18	0.00	4.76	951.00
	1333.19	0.00	4.77	950.00
	1333.20	0.00	5.24	1041.00
	1333.22	0.00	5.41	1124.00
	1333.23	0.00	5.47	1156.00
	1333.24	0.00	5.45	1160.00
	1333.25	0.00	5.47	1171.00
	1333.26	0.00	5.49	1167.00
	1333.27	0.00	5.48	1155.00
	1333.29	0.00	5.54	1135.00
	1333.30	0.00	5.57	1102.00
	1333.31	0.00	5.61	1057.00
	1333.32	0.00	6.08	1064.00
	1333.33	0.00	6.13	1026.00
	1333.34	0.00	6.19	988.00
	1333.35	0.00	6.11	940.00
	1333.37	0.00	6.19	910.00
	1333.38	0.00	6.98	938.00
	1333.39	0.00	6.13	844.00
	1333.40	0.00	6.32	846.00
	1333.41	0.00	6.34	830.00
	1333.43	0.00	6.35	824.00
	1333.44	0.00	6.37	818.00
	1333.45	0.00	6.40	813.00
	1333.46	0.00	6.46	806.00
	1333.47	0.00	6.53	796.00
	1333.48	0.00	6.58	784.00
	1333.49	0.00	6.63	773.00
	1333.51	0.00	7.46	806.00
	1333.52	0.00	7.53	797.00
	1333.53	0.00	7.57	784.00
	1333.54	0.00	7.57	765.00
	1333.55	0.00	7.65	762.00
	1333.56	0.00	7.70	756.00
	1333.57	0.00	7.80	755.00
	1333.58	0.00	7.96	753.00
	1333.60	0.00	8.08	750.00
	1333.61	0.00	8.18	741.00
	1333.62	0.00	8.18	720.00
	1333.63	0.00	8.05	670.00
	1333.64	0.00	8.24	621.00
	1333.66	0.00	8.43	633.00
	1333.67	0.00	8.65	641.00
	1333.68	0.00	8.84	652.00
	1333.69	0.00	8.95	661.00
	1333.70	0.00	9.15	666.00
	1333.71	0.00	9.19	670.00
	1333.72	0.00	9.30	678.00
	1333.74	0.00	9.35	675.00
	1333.75	0.00	9.36	675.00
	1333.76	0.00	9.26	661.00
	1333.77	0.00	9.03	632.00
	1333.78	0.00	8.83	610.00
	1333.79	0.00	8.53	577.00
	1333.81	0.00	8.31	554.00
	1333.82	0.00	8.22	538.00
	1333.83	0.00	8.04	510.00
	1333.84	0.00	7.19	437.00
	1333.85	0.00	6.89	430.00
	1333.86	0.00	6.61	419.00
	1333.87	0.00	5.22	367.00
	1333.89	0.00	5.20	365.00
	1333.90	0.00	5.16	411.00
	1333.91	0.00	5.18	363.00
	1333.92	0.00	5.19	361.00
	1333.93	0.00	5.19	361.00
	1333.94	0.00	5.20	361.00
	1333.95	0.00	5.21	360.00
	1333.96	0.00	5.21	361.00
	1333.98	0.00	5.23	362.00
	1333.99	0.00	5.21	361.00
	1334.00	0.00	5.21	361.00
	1334.01	0.00	5.22	361.00
	1334.02	0.00	5.22	361.00
	1334.04	0.00	5.22	359.00
	1334.05	0.00	5.22	360.00
	1334.06	0.00	5.24	361.00
	1334.07	0.00	5.23	359.00
	1334.08	0.00	5.23	359.00
	1334.09	0.00	5.20	359.00
	1334.10	0.00	5.19	358.00
	1334.11	0.00	5.16	356.00
	1334.13	0.00	5.18	352.00
	1334.14	0.00	5.19	350.00
	1334.15	0.00	5.20	349.00
	1334.16	0.00	5.36	299.00
	1334.17	0.00	5.22	350.00
	1334.18	0.00	5.37	300.00
	1334.20	0.00	5.21	349.00
	1334.21	0.00	5.24	350.00
	1334.22	0.00	5.23	351.00
	1334.23	0.00	5.34	300.00
	1334.24	0.00	5.35	300.00
	1334.25	0.00	5.35	300.00
	1334.26	0.00	5.23	351.00
	1334.28	0.00	5.38	301.00
	1334.29	0.00	5.22	351.00
	1334.30	0.00	5.37	299.00
	1334.31	0.00	5.37	300.00
	1334.32	0.00	5.37	300.00
	1334.33	0.00	5.36	299.00
	1334.34	0.00	5.36	299.00
	1334.36	0.00	5.37	300.00
	1334.37	0.00	5.31	349.00
	1334.38	0.00	5.15	433.00
	1334.39	0.00	4.96	552.00
	1334.40	0.00	4.78	776.00
	1334.41	0.00	4.74	903.00
	1334.43	0.00	4.76	945.00
	1334.44	0.00	4.77	955.00
	1334.45	0.00	4.79	943.00
	1334.46	0.00	4.80	939.00
	1334.47	0.00	4.82	960.00
	1334.48	0.00	4.85	978.00
	1334.50	0.00	5.23	1048.00
	1334.51	0.00	5.76	1111.00
	1334.52	0.00	5.80	1114.00
	1334.53	0.00	5.87	1121.00
	1334.54	0.00	5.98	1109.00
	1334.55	0.00	6.11	1075.00
	1334.56	0.00	6.83	1071.00
	1334.58	0.00	6.95	1014.00
	1334.59	0.00	7.04	958.00
	1334.60	0.00	7.10	911.00
	1334.61	0.00	7.23	860.00
	1334.62	0.00	6.53	764.00
	1334.63	0.00	7.41	775.00
	1334.65	0.00	6.68	691.00
	1334.66	0.00	6.76	672.00
	1334.67	0.00	6.25	606.00
	1334.68	0.00	6.32	597.00
	1334.69	0.00	6.42	591.00
	1334.70	0.00	6.51	582.00
	1334.71	0.00	6.57	582.00
	1334.73	0.00	6.61	583.00
	1334.74	0.00	6.64	585.00
	1334.75	0.00	6.68	589.00
	1334.76	0.00	7.60	640.00
	1334.77	0.00	6.77	539.00
	1334.78	0.00	7.69	590.00
	1334.80	0.00	7.72	593.00
	1334.81	0.00	7.80	579.00
	1334.82	0.00	7.86	585.00
	1334.83	0.00	7.70	628.00
	1334.84	0.00	7.70	619.00
	1334.85	0.00	7.69	618.00
	1334.86	0.00	7.63	614.00
	1334.88	0.00	7.79	561.00
	1334.89	0.00	7.90	571.00
	1334.90	0.00	7.88	564.00
	1334.91	0.00	7.78	553.00
	1334.92	0.00	7.44	502.00
	1334.93	0.00	7.44	500.00
	1334.94	0.00	7.56	503.00
	1334.96	0.00	7.62	504.00
	1334.97	0.00	7.63	501.00
	1334.98	0.00	7.70	504.00
	1334.99	0.00	7.70	504.00
	1335.00	0.00	7.76	505.00
	1335.01	0.00	7.92	511.00
	1335.03	0.00	7.93	510.00
	1335.04	0.00	7.99	510.00
	1335.05	0.00	7.87	513.00
	1335.06	0.00	8.09	503.00
	1335.07	0.00	7.97	488.00
	1335.08	0.00	7.47	461.00
	1335.09	0.00	7.07	436.00
	1335.11	0.00	6.78	426.00
	1335.12	0.00	6.50	412.00
	1335.13	0.00	5.18	361.00
	1335.14	0.00	5.21	357.00
	1335.15	0.00	5.22	356.00
	1335.16	0.00	5.25	355.00
	1335.18	0.00	5.21	354.00
	1335.19	0.00	5.24	354.00
	1335.20	0.00	5.24	353.00
	1335.21	0.00	5.24	354.00
	1335.22	0.00	5.24	352.00
	1335.23	0.00	5.21	350.00
	1335.24	0.00	5.26	353.00
	1335.26	0.00	5.24	352.00
	1335.27	0.00	5.24	352.00
	1335.28	0.00	5.24	352.00
	1335.29	0.00	5.24	352.00
	1335.30	0.00	5.24	353.00
	1335.31	0.00	5.23	353.00
	1335.32	0.00	5.24	353.00
	1335.33	0.00	5.23	351.00
	1335.35	0.00	5.31	356.00
	1335.36	0.00	5.30	355.00
	1335.37	0.00	5.30	352.00
	1335.38	0.00	5.31	351.00
	1335.39	0.00	5.47	303.00
	1335.40	0.00	5.46	302.00
	1335.42	0.00	5.50	302.00
	1335.43	0.00	5.47	302.00
	1335.44	0.00	5.47	302.00
	1335.45	0.00	5.46	302.00
	1335.46	0.00	5.53	305.00
	1335.47	0.00	5.53	305.00
	1335.48	0.00	5.52	305.00
	1335.50	0.00	5.52	305.00
	1335.51	0.00	5.53	306.00
	1335.52	0.00	5.52	305.00
	1335.53	0.00	5.49	305.00
	1335.54	0.00	5.48	304.00
	1335.55	0.00	5.48	304.00
	1335.56	0.00	5.50	304.00
	1335.58	0.00	5.53	354.00
	1335.59	0.00	5.54	359.00
	1335.60	0.00	5.21	485.00
	1335.61	0.00	4.99	659.00
	1335.62	0.00	4.88	833.00
	1335.63	0.00	4.85	928.00
	1335.65	0.00	5.40	1032.00
	1335.66	0.00	5.44	1043.00
	1335.67	0.00	5.36	1018.00
	1335.68	0.00	5.47	1020.00
	1335.69	0.00	5.54	1024.00
	1335.70	0.00	5.61	1028.00
	1335.71	0.00	5.67	1024.00
	1335.73	0.00	5.75	1014.00
	1335.74	0.00	5.80	999.00
	1335.75	0.00	5.83	981.00
	1335.76	0.00	5.87	952.00
	1335.77	0.00	5.92	922.00
	1335.79	0.00	5.94	888.00
	1335.80	0.00	5.97	854.00
	1335.81	0.00	5.99	824.00
	1335.82	0.00	6.04	788.00
	1335.83	0.00	6.12	765.00
	1335.84	0.00	6.18	742.00
	1335.85	0.00	6.28	722.00
	1335.87	0.00	6.38	691.00
	1335.88	0.00	6.45	671.00
	1335.89	0.00	6.56	660.00
	1335.90	0.00	6.67	649.00
	1335.91	0.00	6.72	656.00
	1335.92	0.00	6.79	656.00
	1335.94	0.00	6.80	653.00
	1335.95	0.00	6.77	649.00
	1335.96	0.00	6.74	647.00
	1335.97	0.00	6.72	651.00
	1335.98	0.00	6.70	651.00
	1335.99	0.00	6.70	654.00
	1336.00	0.00	6.71	661.00
	1336.02	0.00	6.69	663.00
	1336.03	0.00	6.63	666.00
	1336.04	0.00	6.65	668.00
	1336.05	0.00	6.62	668.00
	1336.06	0.00	7.35	713.00
	1336.07	0.00	6.45	676.00
	1336.08	0.00	7.20	737.00
	1336.10	0.00	7.11	753.00
	1336.11	0.00	7.07	762.00
	1336.12	0.00	7.54	822.00
	1336.13	0.00	7.59	817.00
	1336.14	0.00	7.67	810.00
	1336.16	0.00	7.72	802.00
	1336.17	0.00	7.85	801.00
	1336.18	0.00	7.99	787.00
	1336.19	0.00	8.11	778.00
	1336.20	0.00	8.26	776.00
	1336.21	0.00	8.39	770.00
	1336.22	0.00	8.46	757.00
	1336.24	0.00	8.73	680.00
	1336.25	0.00	8.37	621.00
	1336.26	0.00	8.36	616.00
	1336.27	0.00	8.41	618.00
	1336.28	0.00	8.44	614.00
	1336.29	0.00	8.48	607.00
	1336.31	0.00	8.38	590.00
	1336.32	0.00	8.32	581.00
	1336.33	0.00	8.20	562.00
	1336.34	0.00	7.86	529.00
	1336.35	0.00	7.65	511.00
	1336.36	0.00	7.61	500.00
	1336.37	0.00	7.44	479.00
	1336.39	0.00	6.75	423.00
	1336.40	0.00	6.73	418.00
	1336.41	0.00	6.58	416.00
	1336.42	0.00	5.22	358.00
	1336.43	0.00	5.22	361.00
	1336.44	0.00	5.23	365.00
	1336.45	0.00	5.22	362.00
	1336.47	0.00	5.20	360.00
	1336.48	0.00	5.20	361.00
	1336.49	0.00	5.20	361.00
	1336.50	0.00	5.19	360.00
	1336.51	0.00	5.26	362.00
	1336.52	0.00	5.26	362.00
	1336.54	0.00	5.23	361.00
	1336.55	0.00	5.27	365.00
	1336.56	0.00	5.26	364.00
	1336.57	0.00	5.26	364.00
	1336.58	0.00	5.25	365.00
	1336.59	0.00	5.26	365.00
	1336.60	0.00	5.26	365.00
	1336.61	0.00	5.26	365.00
	1336.63	0.00	5.26	364.00
	1336.64	0.00	5.27	365.00
	1336.65	0.00	5.28	365.00
	1336.66	0.00	5.26	364.00
	1336.67	0.00	5.27	365.00
	1336.68	0.00	5.28	364.00
	1336.69	0.00	5.28	364.00
	1336.71	0.00	5.29	364.00
	1336.72	0.00	5.28	363.00
	1336.73	0.00	5.28	364.00
	1336.74	0.00	5.29	363.00
	1336.75	0.00	5.28	363.00
	1336.77	0.00	5.24	362.00
	1336.78	0.00	5.25	362.00
	1336.79	0.00	5.25	362.00
	1336.80	0.00	5.25	362.00
	1336.81	0.00	5.26	361.00
	1336.82	0.00	5.28	363.00
	1336.83	0.00	5.25	361.00
	1336.84	0.00	5.25	359.00
	1336.86	0.00	5.24	364.00
	1336.87	0.00	5.26	420.00
	1336.88	0.00	5.18	447.00
	1336.89	0.00	5.09	499.00
	1336.90	0.00	4.98	588.00
	1336.91	0.00	4.91	664.00
	1336.93	0.00	4.89	697.00
	1336.94	0.00	4.90	715.00
	1336.95	0.00	4.91	723.00
	1336.96	0.00	4.87	735.00
	1336.97	0.00	4.92	762.00
	1336.98	0.00	5.43	859.00
	1336.99	0.00	5.65	916.00
	1337.01	0.00	5.68	946.00
	1337.02	0.00	5.71	969.00
	1337.03	0.00	5.69	976.00
	1337.04	0.00	5.72	985.00
	1337.05	0.00	5.68	990.00
	1337.06	0.00	5.75	996.00
	1337.07	0.00	5.70	990.00
	1337.09	0.00	5.75	984.00
	1337.10	0.00	5.79	981.00
	1337.11	0.00	5.81	972.00
	1337.12	0.00	5.81	968.00
	1337.13	0.00	6.27	1013.00
	1337.14	0.00	6.31	1014.00
	1337.16	0.00	6.31	1003.00
	1337.17	0.00	6.30	988.00
	1337.18	0.00	6.33	984.00
	1337.19	0.00	6.37	975.00
	1337.20	0.00	6.37	963.00
	1337.21	0.00	6.40	950.00
	1337.22	0.00	6.42	944.00
	1337.24	0.00	6.44	932.00
	1337.25	0.00	6.47	917.00
	1337.26	0.00	6.51	907.00
	1337.27	0.00	6.55	887.00
	1337.28	0.00	6.61	876.00
	1337.29	0.00	6.64	858.00
	1337.31	0.00	7.42	885.00
	1337.32	0.00	7.52	865.00
	1337.33	0.00	7.62	839.00
	1337.34	0.00	7.72	823.00
	1337.35	0.00	7.82	796.00
	1337.36	0.00	7.92	782.00
	1337.37	0.00	8.03	775.00
	1337.39	0.00	8.09	764.00
	1337.40	0.00	8.25	768.00
	1337.41	0.00	8.30	760.00
	1337.42	0.00	8.36	747.00
	1337.43	0.00	8.51	689.00
	1337.44	0.00	8.57	689.00
	1337.45	0.00	8.63	674.00
	1337.47	0.00	8.23	593.00
	1337.48	0.00	8.32	607.00
	1337.49	0.00	8.40	618.00
	1337.50	0.00	8.53	617.00
	1337.51	0.00	8.55	621.00
	1337.53	0.00	8.69	622.00
	1337.54	0.00	8.82	628.00
	1337.55	0.00	8.89	628.00
	1337.56	0.00	8.88	627.00
	1337.57	0.00	8.93	626.00
	1337.58	0.00	8.86	613.00
	1337.59	0.00	8.66	590.00
	1337.61	0.00	8.44	570.00
	1337.62	0.00	8.11	539.00
	1337.63	0.00	7.92	520.00
	1337.64	0.00	7.86	507.00
	1337.65	0.00	7.07	436.00
	1337.66	0.00	7.03	428.00
	1337.67	0.00	6.74	414.00
	1337.69	0.00	6.61	409.00
	1337.70	0.00	6.42	400.00
	1337.71	0.00	5.14	352.00
	1337.72	0.00	5.17	353.00
	1337.73	0.00	5.16	353.00
	1337.74	0.00	5.14	351.00
	1337.75	0.00	5.15	351.00
	1337.77	0.00	5.16	352.00
	1337.78	0.00	5.15	351.00
	1337.79	0.00	5.15	351.00
	1337.80	0.00	5.15	351.00
	1337.81	0.00	5.16	351.00
	1337.82	0.00	5.17	349.00
	1337.83	0.00	5.14	350.00
	1337.85	0.00	5.19	351.00
	1337.86	0.00	5.24	353.00
	1337.87	0.00	5.24	353.00
	1337.88	0.00	5.25	353.00
	1337.89	0.00	5.26	354.00
	1337.90	0.00	5.24	356.00
	1337.92	0.00	5.26	356.00
	1337.93	0.00	5.26	356.00
	1337.94	0.00	5.24	355.00
	1337.95	0.00	5.28	358.00
	1337.96	0.00	5.28	358.00
	1337.97	0.00	5.28	356.00
	1337.98	0.00	5.28	356.00
	1338.00	0.00	5.30	355.00
	1338.01	0.00	5.30	357.00
	1338.02	0.00	5.29	355.00
	1338.03	0.00	5.35	357.00
	1338.04	0.00	5.35	357.00
	1338.05	0.00	5.35	357.00
	1338.06	0.00	5.36	358.00
	1338.08	0.00	5.36	356.00
	1338.09	0.00	5.35	356.00
	1338.10	0.00	5.36	356.00
	1338.11	0.00	5.36	356.00
	1338.12	0.00	5.34	358.00
	1338.13	0.00	5.34	411.00
	1338.15	0.00	5.31	430.00
	1338.16	0.00	5.17	481.00
	1338.17	0.00	5.03	584.00
	1338.18	0.00	4.96	677.00
	1338.19	0.00	4.93	727.00
	1338.20	0.00	4.96	746.00
	1338.21	0.00	4.95	760.00
	1338.22	0.00	4.94	785.00
	1338.24	0.00	4.95	796.00
	1338.25	0.00	4.94	818.00
	1338.26	0.00	5.61	932.00
	1338.27	0.00	5.69	969.00
	1338.28	0.00	5.71	994.00
	1338.30	0.00	5.73	1012.00
	1338.31	0.00	5.76	1020.00
	1338.32	0.00	5.77	1021.00
	1338.33	0.00	6.25	1069.00
	1338.34	0.00	6.28	1060.00
	1338.35	0.00	6.32	1053.00
	1338.36	0.00	6.34	1038.00
	1338.38	0.00	6.37	1012.00
	1338.39	0.00	6.39	991.00
	1338.40	0.00	7.11	1025.00
	1338.41	0.00	7.15	1005.00
	1338.42	0.00	7.20	985.00
	1338.43	0.00	7.26	970.00
	1338.44	0.00	7.31	949.00
	1338.46	0.00	7.34	927.00
	1338.47	0.00	7.41	909.00
	1338.48	0.00	7.47	895.00
	1338.49	0.00	7.50	886.00
	1338.50	0.00	7.53	883.00
	1338.51	0.00	7.55	880.00
	1338.53	0.00	7.56	881.00
	1338.54	0.00	7.57	879.00
	1338.55	0.00	7.58	875.00
	1338.56	0.00	7.60	865.00
	1338.57	0.00	7.63	862.00
	1338.58	0.00	7.64	852.00
	1338.59	0.00	7.72	848.00
	1338.61	0.00	7.74	839.00
	1338.62	0.00	7.82	834.00
	1338.63	0.00	7.89	827.00
	1338.64	0.00	7.90	819.00
	1338.65	0.00	8.00	814.00
	1338.66	0.00	8.07	806.00
	1338.68	0.00	8.24	799.00
	1338.69	0.00	8.34	797.00
	1338.70	0.00	8.46	791.00
	1338.71	0.00	8.57	782.00
	1338.72	0.00	8.66	774.00
	1338.73	0.00	9.01	715.00
	1338.75	0.00	8.90	702.00
	1338.76	0.00	8.42	629.00
	1338.77	0.00	8.53	620.00
	1338.78	0.00	8.54	629.00
	1338.79	0.00	8.63	619.00
	1338.80	0.00	8.77	624.00
	1338.81	0.00	8.73	620.00
	1338.82	0.00	8.74	613.00
	1338.84	0.00	8.63	600.00
	1338.85	0.00	8.47	581.00
	1338.86	0.00	8.30	560.00
	1338.87	0.00	8.07	535.00
	1338.88	0.00	7.87	513.00
	1338.90	0.00	7.30	454.00
	1338.91	0.00	7.30	449.00
	1338.92	0.00	7.13	434.00
	1338.93	0.00	6.97	427.00
	1338.94	0.00	6.73	420.00
	1338.95	0.00	6.55	410.00
	1338.96	0.00	5.26	363.00
	1338.97	0.00	5.26	366.00
	1338.99	0.00	5.24	363.00
	1339.00	0.00	5.24	363.00
	1339.01	0.00	5.24	362.00
	1339.02	0.00	5.25	364.00
	1339.03	0.00	5.24	363.00
	1339.04	0.00	5.25	363.00
	1339.06	0.00	5.25	363.00
	1339.07	0.00	5.24	362.00
	1339.08	0.00	5.21	361.00
	1339.09	0.00	5.20	360.00
	1339.10	0.00	5.22	360.00
	1339.11	0.00	5.21	360.00
	1339.12	0.00	5.23	360.00
	1339.14	0.00	5.23	359.00
	1339.15	0.00	5.23	359.00
	1339.16	0.00	5.24	359.00
	1339.17	0.00	5.24	359.00
	1339.18	0.00	5.26	355.00
	1339.19	0.00	5.26	407.00
	1339.20	0.00	5.22	359.00
	1339.22	0.00	5.24	358.00
	1339.23	0.00	5.24	357.00
	1339.24	0.00	5.24	357.00
	1339.25	0.00	5.25	356.00
	1339.26	0.00	5.24	353.00
	1339.27	0.00	5.18	352.00
	1339.29	0.00	5.20	352.00
	1339.30	0.00	5.14	348.00
	1339.31	0.00	5.21	350.00
	1339.32	0.00	5.22	349.00
	1339.33	0.00	5.22	348.00
	1339.34	0.00	5.21	352.00
	1339.35	0.00	5.22	356.00
	1339.37	0.00	5.20	410.00
	1339.38	0.00	5.12	449.00
	1339.39	0.00	5.03	511.00
	1339.40	0.00	4.91	634.00
	1339.41	0.00	4.85	739.00
	1339.42	0.00	4.86	780.00
	1339.44	0.00	4.87	798.00
	1339.45	0.00	5.46	881.00
	1339.46	0.00	4.90	829.00
	1339.47	0.00	5.57	930.00
	1339.48	0.00	5.62	955.00
	1339.49	0.00	5.64	982.00
	1339.50	0.00	5.63	994.00
	1339.51	0.00	5.55	984.00
	1339.53	0.00	5.54	979.00
	1339.54	0.00	5.61	985.00
	1339.55	0.00	5.70	986.00
	1339.56	0.00	6.17	1018.00
	1339.57	0.00	6.17	995.00
	1339.58	0.00	6.20	972.00
	1339.59	0.00	6.21	947.00
	1339.61	0.00	6.26	931.00
	1339.62	0.00	6.41	932.00
	1339.63	0.00	6.47	921.00
	1339.64	0.00	6.52	906.00
	1339.65	0.00	6.54	886.00
	1339.67	0.00	6.57	862.00
	1339.68	0.00	6.62	848.00
	1339.69	0.00	6.63	824.00
	1339.70	0.00	6.71	804.00
	1339.71	0.00	6.73	792.00
	1339.72	0.00	7.55	830.00
	1339.73	0.00	6.84	769.00
	1339.75	0.00	6.86	764.00
	1339.76	0.00	6.90	759.00
	1339.77	0.00	7.67	810.00
	1339.78	0.00	7.72	811.00
	1339.79	0.00	7.75	806.00
	1339.80	0.00	7.79	797.00
	1339.81	0.00	7.83	786.00
	1339.83	0.00	7.89	777.00
	1339.84	0.00	7.94	763.00
	1339.85	0.00	8.01	758.00
	1339.86	0.00	8.14	751.00
	1339.87	0.00	8.14	743.00
	1339.88	0.00	8.24	741.00
	1339.90	0.00	8.39	744.00
	1339.91	0.00	8.56	680.00
	1339.92	0.00	8.71	684.00
	1339.93	0.00	8.71	685.00
	1339.94	0.00	8.51	646.00
	1339.95	0.00	8.23	592.00
	1339.96	0.00	8.20	582.00
	1339.98	0.00	8.28	586.00
	1339.99	0.00	8.34	586.00
	1340.00	0.00	8.42	584.00
	1340.01	0.00	8.44	586.00
	1340.02	0.00	8.45	580.00
	1340.04	0.00	8.45	577.00
	1340.05	0.00	8.42	575.00
	1340.06	0.00	8.27	558.00
	1340.07	0.00	8.12	543.00
	1340.08	0.00	7.91	527.00
	1340.09	0.00	7.76	506.00
	1340.10	0.00	7.35	396.00
	1340.11	0.00	7.40	391.00
	1340.13	0.00	7.15	372.00
	1340.14	0.00	6.97	364.00
	1340.15	0.00	6.54	406.00
	1340.16	0.00	5.13	348.00
	1340.17	0.00	5.13	351.00
	1340.18	0.00	5.14	354.00
	1340.19	0.00	5.15	350.00
	1340.21	0.00	5.16	350.00
	1340.22	0.00	5.16	350.00
	1340.23	0.00	5.17	350.00
	1340.24	0.00	5.16	349.00
	1340.25	0.00	5.16	348.00
	1340.26	0.00	5.15	347.00
	1340.28	0.00	5.25	351.00
	1340.29	0.00	5.25	351.00
	1340.30	0.00	5.26	350.00
	1340.31	0.00	5.26	350.00
	1340.32	0.00	5.23	352.00
	1340.33	0.00	5.22	352.00
	1340.34	0.00	5.22	351.00
	1340.36	0.00	5.22	350.00
	1340.37	0.00	5.27	353.00
	1340.38	0.00	5.27	353.00
	1340.39	0.00	5.28	352.00
	1340.40	0.00	5.28	352.00
	1340.41	0.00	5.27	354.00
	1340.43	0.00	5.28	353.00
	1340.44	0.00	5.30	354.00
	1340.45	0.00	5.28	352.00
	1340.46	0.00	5.29	350.00
	1340.47	0.00	5.31	351.00
	1340.48	0.00	5.30	350.00
	1340.49	0.00	5.32	351.00
	1340.51	0.00	5.34	350.00
	1340.52	0.00	5.32	350.00
	1340.53	0.00	5.29	349.00
	1340.54	0.00	5.31	351.00
	1340.55	0.00	5.32	353.00
	1340.56	0.00	5.31	406.00
	1340.57	0.00	5.28	419.00
	1340.58	0.00	5.17	481.00
	1340.60	0.00	5.00	603.00
	1340.61	0.00	4.88	749.00
	1340.62	0.00	4.86	818.00
	1340.63	0.00	4.88	837.00
	1340.64	0.00	5.55	932.00
	1340.66	0.00	5.66	946.00
	1340.67	0.00	5.65	963.00
	1340.68	0.00	5.64	1004.00
	1340.69	0.00	5.66	1047.00
	1340.70	0.00	5.68	1074.00
	1340.71	0.00	5.68	1087.00
	1340.72	0.00	5.52	1058.00
	1340.74	0.00	5.51	1051.00
	1340.75	0.00	5.55	1040.00
	1340.76	0.00	5.62	1023.00
	1340.77	0.00	5.68	999.00
	1340.78	0.00	5.75	970.00
	1340.79	0.00	5.79	946.00
	1340.81	0.00	5.89	919.00
	1340.82	0.00	5.88	893.00
	1340.83	0.00	5.96	869.00
	1340.84	0.00	5.98	845.00
	1340.85	0.00	6.03	820.00
	1340.86	0.00	6.05	798.00
	1340.88	0.00	6.05	781.00
	1340.89	0.00	6.05	763.00
	1340.90	0.00	6.61	798.00
	1340.91	0.00	6.66	780.00
	1340.92	0.00	6.72	766.00
	1340.93	0.00	7.55	796.00
	1340.94	0.00	7.59	785.00
	1340.95	0.00	7.64	767.00
	1340.97	0.00	7.74	765.00
	1340.98	0.00	7.81	749.00
	1340.99	0.00	7.91	746.00
	1341.00	0.00	7.98	742.00
	1341.01	0.00	8.07	737.00
	1341.03	0.00	8.09	723.00
	1341.04	0.00	8.17	719.00
	1341.05	0.00	8.29	712.00
	1341.06	0.00	8.29	698.00
	1341.07	0.00	8.27	685.00
	1341.08	0.00	8.38	626.00
	1341.09	0.00	7.96	565.00
	1341.11	0.00	8.00	563.00
	1341.12	0.00	8.05	556.00
	1341.13	0.00	8.06	558.00
	1341.14	0.00	8.07	551.00
	1341.15	0.00	8.97	596.00
	1341.16	0.00	9.06	605.00
	1341.17	0.00	9.09	604.00
	1341.19	0.00	9.15	599.00
	1341.20	0.00	9.23	604.00
	1341.21	0.00	9.31	609.00
	1341.22	0.00	9.33	609.00
	1341.23	0.00	9.21	599.00
	1341.24	0.00	9.24	600.00
	1341.26	0.00	9.29	597.00
	1341.27	0.00	9.28	593.00
	1341.28	0.00	8.81	539.00
	1341.29	0.00	8.78	535.00
	1341.30	0.00	8.80	534.00
	1341.31	0.00	8.85	534.00
	1341.32	0.00	8.78	528.00
	1341.34	0.00	8.65	517.00
	1341.35	0.00	8.46	503.00
	1341.36	0.00	7.16	434.00
	1341.37	0.00	6.93	426.00
	1341.38	0.00	6.85	426.00
	1341.39	0.00	6.63	416.00
	1341.41	0.00	5.28	364.00
	1341.42	0.00	5.26	421.00
	1341.43	0.00	6.44	471.00
	1341.44	0.00	6.52	421.00
	1341.45	0.00	5.27	371.00
	1341.46	0.00	6.55	420.00
	1341.47	0.00	5.29	371.00
	1341.48	0.00	5.28	371.00
	1341.50	0.00	5.29	370.00
	1341.51	0.00	5.24	367.00
	1341.52	0.00	5.30	369.00
	1341.53	0.00	5.26	369.00
	1341.54	0.00	5.26	369.00
	1341.55	0.00	5.26	369.00
	1341.56	0.00	5.28	366.00
	1341.58	0.00	6.54	417.00
	1341.59	0.00	5.28	367.00
	1341.60	0.00	5.29	365.00
	1341.61	0.00	5.29	366.00
	1341.62	0.00	5.23	362.00
	1341.63	0.00	5.29	366.00
	1341.65	0.00	5.30	364.00
	1341.66	0.00	5.27	364.00
	1341.67	0.00	6.54	414.00
	1341.68	0.00	6.54	413.00
	1341.69	0.00	6.55	412.00
	1341.70	0.00	6.55	413.00
	1341.71	0.00	6.55	412.00
	1341.73	0.00	6.56	412.00
	1341.74	0.00	6.57	412.00
	1341.75	0.00	6.56	412.00
	1341.76	0.00	6.59	412.00
	1341.77	0.00	6.59	412.00
	1341.78	0.00	5.31	362.00
	1341.80	0.00	5.30	362.00
	1341.81	0.00	5.32	362.00
	1341.82	0.00	5.29	365.00
	1341.83	0.00	5.31	419.00
	1341.84	0.00	5.28	424.00
	1341.85	0.00	5.27	428.00
	1341.86	0.00	5.24	445.00
	1341.88	0.00	5.19	470.00
	1341.89	0.00	5.15	513.00
	1341.90	0.00	5.09	554.00
	1341.91	0.00	5.67	645.00
	1341.92	0.00	5.88	707.00
	1341.93	0.00	5.99	752.00
	1341.94	0.00	6.00	769.00
	1341.96	0.00	6.06	780.00
	1341.97	0.00	6.15	795.00
	1341.98	0.00	6.15	803.00
	1341.99	0.00	6.18	810.00
	1342.00	0.00	6.20	821.00
	1342.01	0.00	6.21	825.00
	1342.03	0.00	6.24	838.00
	1342.04	0.00	6.15	837.00
	1342.05	0.00	6.27	856.00
	1342.06	0.00	6.26	861.00
	1342.07	0.00	6.27	864.00
	1342.08	0.00	6.27	870.00
	1342.09	0.00	6.21	863.00
	1342.10	0.00	6.09	850.00
	1342.12	0.00	6.10	852.00
	1342.13	0.00	6.11	853.00
	1342.14	0.00	6.13	853.00
	1342.15	0.00	6.06	841.00
	1342.16	0.00	6.14	846.00
	1342.18	0.00	6.16	843.00
	1342.19	0.00	6.16	837.00
	1342.20	0.00	6.15	833.00
	1342.21	0.00	6.17	830.00
	1342.22	0.00	6.18	827.00
	1342.23	0.00	6.17	825.00
	1342.24	0.00	6.18	824.00
	1342.26	0.00	6.21	828.00
	1342.27	0.00	6.19	822.00
	1342.28	0.00	6.20	820.00
	1342.29	0.00	6.19	819.00
	1342.30	0.00	6.18	816.00
	1342.31	0.00	6.16	811.00
	1342.32	0.00	6.15	807.00
	1342.34	0.00	6.15	805.00
	1342.35	0.00	6.92	852.00
	1342.36	0.00	6.15	800.00
	1342.37	0.00	6.15	798.00
	1342.38	0.00	6.13	797.00
	1342.39	0.00	6.13	793.00
	1342.41	0.00	6.14	793.00
	1342.42	0.00	6.13	789.00
	1342.43	0.00	6.14	786.00
	1342.44	0.00	6.13	782.00
	1342.45	0.00	6.11	778.00
	1342.46	0.00	6.13	777.00
	1342.47	0.00	6.13	774.00
	1342.49	0.00	6.15	779.00
	1342.50	0.00	6.10	778.00
	1342.51	0.00	6.15	784.00
	1342.52	0.00	6.93	835.00
	1342.53	0.00	6.11	787.00
	1342.54	0.00	6.11	790.00
	1342.56	0.00	6.10	792.00
	1342.57	0.00	6.10	792.00
	1342.58	0.00	6.89	845.00
	1342.59	0.00	6.10	794.00
	1342.60	0.00	6.88	843.00
	1342.61	0.00	6.90	847.00
	1342.62	0.00	6.08	795.00
	1342.64	0.00	6.06	797.00
	1342.65	0.00	6.05	799.00
	1342.66	0.00	6.04	807.00
	1342.67	0.00	6.85	862.00
	1342.68	0.00	6.05	802.00
	1342.69	0.00	6.04	805.00
	1342.70	0.00	6.80	864.00
	1342.72	0.00	6.82	867.00
	1342.73	0.00	6.80	867.00
	1342.74	0.00	6.80	866.00
	1342.75	0.00	6.01	816.00
	1342.76	0.00	6.01	817.00
	1342.77	0.00	6.02	819.00
	1342.79	0.00	6.79	869.00
	1342.80	0.00	6.00	820.00
	1342.81	0.00	5.99	819.00
	1342.82	0.00	6.02	821.00
	1342.83	0.00	6.81	873.00
	1342.84	0.00	6.79	869.00
	1342.85	0.00	6.03	819.00
	1342.87	0.00	6.00	819.00
	1342.88	0.00	5.92	809.00
	1342.89	0.00	6.01	818.00
	1342.90	0.00	6.03	821.00
	1342.91	0.00	6.78	870.00
	1342.92	0.00	6.79	869.00
	1342.94	0.00	6.77	866.00
	1342.95	0.00	6.75	864.00
	1342.96	0.00	6.74	861.00
	1342.97	0.00	5.98	815.00
	1342.98	0.00	6.77	866.00
	1342.99	0.00	6.74	863.00
	1343.00	0.00	6.71	859.00
	1343.02	0.00	5.94	817.00
	1343.03	0.00	6.88	896.00
	1343.04	0.00	6.87	893.00
	1343.05	0.00	6.88	893.00
	1343.06	0.00	6.88	895.00
	1343.07	0.00	6.88	893.00
	1343.08	0.00	6.88	894.00
	1343.10	0.00	6.88	891.00
	1343.11	0.00	6.12	841.00
	1343.12	0.00	6.89	890.00
	1343.13	0.00	6.90	889.00
	1343.14	0.00	6.90	891.00
	1343.15	0.00	6.89	889.00
	1343.17	0.00	6.88	891.00
	1343.18	0.00	6.88	891.00
	1343.19	0.00	6.88	891.00
	1343.20	0.00	6.13	843.00
	1343.21	0.00	6.90	893.00
	1343.22	0.00	6.91	889.00
	1343.23	0.00	6.89	891.00
	1343.25	0.00	6.88	888.00
	1343.26	0.00	6.87	888.00
	1343.27	0.00	6.89	889.00
	1343.28	0.00	6.89	892.00
	1343.29	0.00	6.88	891.00
	1343.30	0.00	6.87	888.00
	1343.31	0.00	6.07	836.00
	1343.33	0.00	6.89	895.00
	1343.34	0.00	6.86	888.00
	1343.35	0.00	6.87	890.00
	1343.36	0.00	6.84	886.00
	1343.37	0.00	6.86	890.00
	1343.38	0.00	6.97	910.00
	1343.40	0.00	6.99	914.00
	1343.41	0.00	6.97	912.00
	1343.42	0.00	6.97	913.00
	1343.43	0.00	6.97	912.00
	1343.44	0.00	6.97	914.00
	1343.45	0.00	6.96	917.00
	1343.46	0.00	6.20	866.00
	1343.47	0.00	6.96	916.00
	1343.49	0.00	6.96	916.00
	1343.50	0.00	6.96	916.00
	1343.51	0.00	6.19	865.00
	1343.52	0.00	6.95	915.00
	1343.53	0.00	6.94	916.00
	1343.55	0.00	6.18	866.00
	1343.56	0.00	6.95	918.00
	1343.57	0.00	6.19	868.00
	1343.58	0.00	6.93	918.00
	1343.59	0.00	6.94	918.00
	1343.60	0.00	6.93	916.00
	1343.61	0.00	6.19	866.00
	1343.63	0.00	6.93	913.00
	1343.64	0.00	6.92	910.00
	1343.65	0.00	6.93	914.00
	1343.66	0.00	6.90	912.00
	1343.67	0.00	6.92	914.00
	1343.68	0.00	6.91	913.00
	1343.69	0.00	6.14	863.00
	1343.71	0.00	6.90	911.00
	1343.72	0.00	6.97	919.00
	1343.73	0.00	6.97	923.00
	1343.74	0.00	6.96	923.00
	1343.75	0.00	6.91	911.00
	1343.76	0.00	6.16	865.00
	1343.78	0.00	6.92	914.00
	1343.79	0.00	6.93	913.00
	1343.80	0.00	6.92	912.00
	1343.81	0.00	6.94	918.00
	1343.82	0.00	6.96	923.00
	1343.83	0.00	6.96	926.00
	1343.84	0.00	6.95	924.00
	1343.85	0.00	6.93	917.00
	1343.87	0.00	6.15	864.00
	1343.88	0.00	6.16	863.00
	1343.89	0.00	6.92	913.00
	1343.90	0.00	6.97	921.00
	1343.91	0.00	6.95	926.00
	1343.93	0.00	6.95	927.00
	1343.94	0.00	6.95	927.00
	1343.95	0.00	6.98	931.00
	1343.96	0.00	6.96	926.00
	1343.97	0.00	6.96	927.00
	1343.98	0.00	6.96	925.00
	1343.99	0.00	6.93	916.00
	1344.01	0.00	6.97	922.00
	1344.02	0.00	6.97	924.00
	1344.03	0.00	6.92	914.00
	1344.04	0.00	6.92	915.00
	1344.05	0.00	6.92	914.00
	1344.06	0.00	6.93	915.00
	1344.07	0.00	6.95	922.00
	1344.09	0.00	6.96	927.00
	1344.10	0.00	6.98	925.00
	1344.11	0.00	6.22	876.00
	1344.12	0.00	6.97	927.00
	1344.13	0.00	6.97	927.00
	1344.14	0.00	6.22	874.00
	1344.16	0.00	6.93	916.00
	1344.17	0.00	6.93	916.00
	1344.18	0.00	6.96	923.00
	1344.19	0.00	6.96	928.00
	1344.20	0.00	6.96	928.00
	1344.21	0.00	6.96	928.00
	1344.22	0.00	6.97	929.00
	1344.24	0.00	6.97	926.00
	1344.25	0.00	6.91	917.00
	1344.26	0.00	6.92	918.00
	1344.27	0.00	6.97	925.00
	1344.28	0.00	6.91	921.00
	1344.29	0.00	6.95	928.00
	1344.31	0.00	6.96	928.00
	1344.32	0.00	6.96	929.00
	1344.33	0.00	6.91	917.00
	1344.34	0.00	6.93	921.00
	1344.35	0.00	6.92	920.00
	1344.36	0.00	6.91	919.00
	1344.37	0.00	6.91	918.00
	1344.39	0.00	6.92	920.00
	1344.40	0.00	6.94	922.00
	1344.41	0.00	6.97	929.00
	1344.42	0.00	6.95	930.00
	1344.43	0.00	6.91	919.00
	1344.44	0.00	6.91	924.00
	1344.45	0.00	6.93	926.00
	1344.47	0.00	6.91	924.00
	1344.48	0.00	6.92	924.00
	1344.49	0.00	6.91	924.00
	1344.50	0.00	6.92	924.00
	1344.51	0.00	6.96	932.00
	1344.53	0.00	6.14	873.00
	1344.54	0.00	6.90	924.00
	1344.55	0.00	6.89	924.00
	1344.56	0.00	6.89	923.00
	1344.57	0.00	6.91	922.00
	1344.58	0.00	6.95	931.00
	1344.59	0.00	6.96	932.00
	1344.61	0.00	6.96	929.00
	1344.62	0.00	6.91	921.00
	1344.63	0.00	6.91	923.00
	1344.64	0.00	6.90	922.00
	1344.65	0.00	6.90	917.00
	1344.66	0.00	6.90	920.00
	1344.67	0.00	6.92	923.00
	1344.69	0.00	6.95	931.00
	1344.70	0.00	6.94	934.00
	1344.71	0.00	6.95	936.00
	1344.72	0.00	6.94	936.00
	1344.73	0.00	6.90	929.00
	1344.74	0.00	6.94	937.00
	1344.76	0.00	6.94	937.00
	1344.77	0.00	6.19	887.00
	1344.78	0.00	6.94	938.00
	1344.79	0.00	6.95	941.00
	1344.80	0.00	6.94	938.00
	1344.81	0.00	6.94	939.00
	1344.82	0.00	6.94	938.00
	1344.84	0.00	6.89	932.00
	1344.85	0.00	6.94	939.00
	1344.86	0.00	6.94	938.00
	1344.87	0.00	6.95	938.00
	1344.88	0.00	6.94	938.00
	1344.89	0.00	6.97	939.00
	1344.91	0.00	6.94	936.00
	1344.92	0.00	6.95	936.00
	1344.93	0.00	6.94	935.00
	1344.94	0.00	6.95	934.00
	1344.95	0.00	6.96	936.00
	1344.96	0.00	6.95	936.00
	1344.97	0.00	6.95	936.00
	1344.99	0.00	6.94	936.00
	1345.00	0.00	6.94	933.00
	1345.01	0.00	6.95	933.00
	1345.02	0.00	6.95	929.00
	1345.03	0.00	6.22	878.00
	1345.04	0.00	6.96	926.00
	1345.06	0.00	6.96	924.00
	1345.07	0.00	6.96	921.00
	1345.08	0.00	6.94	918.00
	1345.09	0.00	6.95	915.00
	1345.10	0.00	6.94	909.00
	1345.11	0.00	6.95	903.00
	1345.12	0.00	6.98	910.00
	1345.14	0.00	6.97	906.00
	1345.15	0.00	6.99	910.00
	1345.16	0.00	6.98	911.00
	1345.17	0.00	6.96	908.00
	1345.18	0.00	6.94	904.00
	1345.19	0.00	6.90	892.00
	1345.20	0.00	6.98	908.00
	1345.22	0.00	6.98	906.00
	1345.23	0.00	7.01	902.00
	1345.24	0.00	7.00	900.00
	1345.25	0.00	7.02	899.00
	1345.26	0.00	7.02	896.00
	1345.27	0.00	7.05	898.00
	1345.29	0.00	7.03	898.00
	1345.30	0.00	7.02	901.00
	1345.31	0.00	7.01	908.00
	1345.32	0.00	6.23	867.00
	1345.33	0.00	6.96	928.00
	1345.34	0.00	6.93	937.00
	1345.35	0.00	6.91	956.00
	1345.37	0.00	6.17	924.00
	1345.38	0.00	6.87	991.00
	1345.39	0.00	6.86	1006.00
	1345.40	0.00	6.80	1021.00
	1345.41	0.00	6.78	1037.00
	1345.42	0.00	6.75	1050.00
	1345.44	0.00	6.74	1063.00
	1345.45	0.00	6.71	1070.00
	1345.46	0.00	6.70	1078.00
	1345.47	0.00	6.69	1081.00
	1345.48	0.00	6.68	1082.00
	1345.49	0.00	6.63	1075.00
	1345.51	0.00	6.67	1092.00
	1345.52	0.00	6.69	1093.00
	1345.53	0.00	6.70	1094.00
	1345.54	0.00	6.70	1095.00
	1345.55	0.00	6.04	1045.00
	1345.56	0.00	6.70	1093.00
	1345.57	0.00	6.71	1091.00
	1345.59	0.00	6.70	1090.00
	1345.60	0.00	6.71	1092.00
	1345.61	0.00	6.71	1093.00
	1345.62	0.00	6.70	1094.00
	1345.63	0.00	6.66	1092.00
	1345.64	0.00	6.67	1100.00
	1345.66	0.00	6.66	1105.00
	1345.67	0.00	6.65	1107.00
	1345.68	0.00	6.64	1110.00
	1345.69	0.00	6.64	1109.00
	1345.70	0.00	6.64	1109.00
	1345.71	0.00	6.65	1103.00
	1345.72	0.00	6.68	1085.00
	1345.74	0.00	6.69	1064.00
	1345.75	0.00	6.73	1032.00
	1345.76	0.00	6.77	990.00
	1345.77	0.00	6.84	930.00
	1345.78	0.00	6.96	860.00
	1345.80	0.00	7.05	777.00
	1345.81	0.00	6.92	651.00
	1345.82	0.00	6.38	539.00
	1345.83	0.00	6.42	525.00
	1345.84	0.00	6.44	520.00
	1345.85	0.00	5.31	465.00
	1345.86	0.00	6.43	515.00
	1345.88	0.00	6.45	513.00
	1345.89	0.00	6.44	511.00
	1345.90	0.00	6.46	510.00
	1345.91	0.00	6.45	509.00
	1345.92	0.00	5.30	457.00
	1345.93	0.00	6.46	507.00
	1345.94	0.00	6.41	505.00
	1345.95	0.00	6.42	504.00
	1345.97	0.00	6.40	499.00
	1345.98	0.00	6.44	501.00
	1345.99	0.00	6.44	500.00
	1346.00	0.00	6.44	500.00
	1346.01	0.00	6.45	499.00
	1346.03	0.00	6.45	498.00
	1346.04	0.00	6.48	498.00
	1346.05	0.00	5.31	448.00
	1346.06	0.00	5.29	448.00
	1346.07	0.00	5.29	447.00
	1346.08	0.00	5.28	399.00
	1346.09	0.00	5.28	398.00
	1346.10	0.00	5.28	397.00
	1346.12	0.00	5.17	391.00
	1346.13	0.00	5.19	392.00
	1346.14	0.00	5.16	389.00
	1346.15	0.00	5.19	390.00
	1346.16	0.00	5.19	388.00
	1346.17	0.00	5.19	384.00
	1346.19	0.00	5.22	383.00
	1346.20	0.00	5.19	371.00
	1346.21	0.00	5.20	370.00
	1346.22	0.00	5.24	371.00
	1346.23	0.00	5.24	370.00
	1346.24	0.00	5.25	373.00
	1346.25	0.00	5.24	373.00
	1346.27	0.00	5.26	428.00
	1346.28	0.00	5.22	435.00
	1346.29	0.00	5.18	464.00
	1346.30	0.00	5.11	501.00
	1346.31	0.00	5.08	551.00
	1346.32	0.00	5.04	598.00
	1346.33	0.00	5.69	708.00
	1346.35	0.00	5.77	749.00
	1346.36	0.00	5.80	791.00
	1346.37	0.00	5.83	820.00
	1346.38	0.00	5.87	856.00
	1346.39	0.00	5.85	880.00
	1346.40	0.00	5.80	905.00
	1346.42	0.00	5.79	924.00
	1346.43	0.00	5.78	943.00
	1346.44	0.00	5.79	965.00
	1346.45	0.00	5.76	982.00
	1346.46	0.00	5.75	997.00
	1346.47	0.00	5.72	1010.00
	1346.48	0.00	5.71	1023.00
	1346.50	0.00	5.64	1021.00
	1346.51	0.00	6.39	1081.00
	1346.52	0.00	6.39	1081.00
	1346.53	0.00	6.39	1080.00
	1346.54	0.00	6.39	1078.00
	1346.55	0.00	6.40	1079.00
	1346.57	0.00	6.39	1080.00
	1346.58	0.00	5.71	1031.00
	1346.59	0.00	6.80	1129.00
	1346.60	0.00	6.09	1073.00
	1346.61	0.00	6.17	1085.00
	1346.62	0.00	6.16	1084.00
	1346.64	0.00	6.15	1086.00
	1346.65	0.00	6.16	1089.00
	1346.66	0.00	6.13	1088.00
	1346.67	0.00	6.13	1090.00
	1346.68	0.00	6.18	1106.00
	1346.69	0.00	6.22	1118.00
	1346.70	0.00	6.23	1124.00
	1346.72	0.00	6.85	1184.00
	1346.73	0.00	6.24	1143.00
	1346.74	0.00	6.86	1199.00
	1346.75	0.00	6.23	1152.00
	1346.76	0.00	6.83	1199.00
	1346.78	0.00	6.80	1198.00
	1346.79	0.00	6.20	1148.00
	1346.80	0.00	6.18	1145.00
	1346.81	0.00	6.79	1196.00
	1346.82	0.00	6.39	1149.00
	1346.83	0.00	6.37	1153.00
	1346.84	0.00	5.74	1109.00
	1346.86	0.00	5.71	1109.00
	1346.87	0.00	5.71	1109.00
	1346.88	0.00	6.36	1156.00
	1346.89	0.00	5.72	1097.00
	1346.90	0.00	5.70	1086.00
	1346.91	0.00	5.68	1061.00
	1346.93	0.00	5.64	1029.00
	1346.94	0.00	6.32	1039.00
	1346.95	0.00	5.61	901.00
	1346.96	0.00	4.83	813.00
	1346.97	0.00	4.81	785.00
	1346.98	0.00	4.85	734.00
	1347.00	0.00	4.90	681.00
	1347.01	0.00	4.93	628.00
	1347.02	0.00	6.00	623.00
	1347.03	0.00	5.02	529.00
	1347.04	0.00	5.07	494.00
	1347.05	0.00	5.11	467.00
	1347.06	0.00	5.13	456.00
	1347.08	0.00	5.14	396.00
	1347.09	0.00	5.16	390.00
	1347.10	0.00	5.18	386.00
	1347.11	0.00	5.16	385.00
	1347.12	0.00	5.17	383.00
	1347.13	0.00	6.43	432.00
	1347.14	0.00	5.20	430.00
	1347.16	0.00	5.19	380.00
	1347.17	0.00	6.37	478.00
	1347.18	0.00	6.44	428.00
	1347.19	0.00	5.28	381.00
	1347.20	0.00	5.29	379.00
	1347.21	0.00	5.29	379.00
	1347.22	0.00	6.51	439.00
	1347.24	0.00	6.50	438.00
	1347.25	0.00	5.26	387.00
	1347.26	0.00	5.25	385.00
	1347.27	0.00	5.25	385.00
	1347.28	0.00	6.54	438.00
	1347.29	0.00	6.56	437.00
	1347.31	0.00	6.56	439.00
	1347.32	0.00	6.56	438.00
	1347.33	0.00	6.55	436.00
	1347.34	0.00	6.64	437.00
	1347.35	0.00	6.63	437.00
	1347.36	0.00	5.37	387.00
	1347.38	0.00	6.63	436.00
	1347.39	0.00	6.62	440.00
	1347.40	0.00	6.63	440.00
	1347.41	0.00	6.65	436.00
	1347.42	0.00	6.64	436.00
	1347.43	0.00	5.39	386.00
	1347.44	0.00	6.63	436.00
	1347.45	0.00	6.66	436.00
	1347.47	0.00	5.38	436.00
	1347.48	0.00	6.55	493.00
	1347.49	0.00	6.54	496.00
	1347.50	0.00	5.33	465.00
	1347.51	0.00	5.26	503.00
	1347.52	0.00	6.99	706.00
	1347.53	0.00	6.19	745.00
	1347.55	0.00	6.18	792.00
	1347.56	0.00	6.96	875.00
	1347.57	0.00	6.94	895.00
	1347.58	0.00	6.89	912.00
	1347.59	0.00	6.89	923.00
	1347.60	0.00	6.87	938.00
	1347.61	0.00	6.87	955.00
	1347.63	0.00	6.84	974.00
	1347.64	0.00	6.81	1003.00
	1347.65	0.00	6.79	1027.00
	1347.66	0.00	6.77	1050.00
	1347.67	0.00	6.72	1069.00
	1347.69	0.00	6.70	1088.00
	1347.70	0.00	6.67	1107.00
	1347.71	0.00	6.64	1129.00
	1347.72	0.00	6.62	1141.00
	1347.73	0.00	6.62	1149.00
	1347.74	0.00	6.62	1156.00
	1347.76	0.00	6.60	1157.00
	1347.77	0.00	6.61	1160.00
	1347.78	0.00	6.61	1154.00
	1347.79	0.00	6.61	1152.00
	1347.80	0.00	6.63	1145.00
	1347.81	0.00	6.60	1136.00
	1347.82	0.00	6.63	1132.00
	1347.84	0.00	6.65	1127.00
	1347.85	0.00	6.67	1122.00
	1347.86	0.00	6.68	1122.00
	1347.87	0.00	6.68	1117.00
	1347.88	0.00	6.69	1117.00
	1347.89	0.00	6.70	1115.00
	1347.91	0.00	6.70	1116.00
	1347.92	0.00	6.70	1117.00
	1347.93	0.00	6.69	1117.00
	1347.94	0.00	6.68	1118.00
	1347.95	0.00	6.69	1119.00
	1347.96	0.00	6.69	1122.00
	1347.98	0.00	6.69	1119.00
	1347.99	0.00	6.66	1112.00
	1348.00	0.00	6.65	1110.00
	1348.01	0.00	6.68	1110.00
	1348.02	0.00	6.68	1104.00
	1348.03	0.00	6.72	1093.00
	1348.05	0.00	6.75	1077.00
	1348.06	0.00	6.76	1057.00
	1348.07	0.00	6.78	1042.00
	1348.08	0.00	6.81	1030.00
	1348.09	0.00	6.85	1016.00
	1348.10	0.00	6.87	1000.00
	1348.11	0.00	6.88	990.00
	1348.13	0.00	6.93	976.00
	1348.14	0.00	6.85	954.00
	1348.15	0.00	6.95	957.00
	1348.16	0.00	6.95	948.00
	1348.17	0.00	6.95	945.00
	1348.18	0.00	6.92	932.00
	1348.20	0.00	6.98	931.00
	1348.21	0.00	6.98	921.00
	1348.22	0.00	6.99	913.00
	1348.23	0.00	7.02	911.00
	1348.24	0.00	7.00	905.00
	1348.25	0.00	7.01	898.00
	1348.26	0.00	7.01	893.00
	1348.28	0.00	7.01	881.00
	1348.29	0.00	7.05	872.00
	1348.30	0.00	7.03	858.00
	1348.31	0.00	7.11	863.00
	1348.32	0.00	7.02	845.00
	1348.33	0.00	6.92	826.00
	1348.34	0.00	7.09	846.00
	1348.36	0.00	7.07	845.00
	1348.37	0.00	7.09	842.00
	1348.38	0.00	7.11	841.00
	1348.39	0.00	7.09	831.00
	1348.40	0.00	7.07	825.00
	1348.41	0.00	7.06	823.00
	1348.43	0.00	7.07	818.00
	1348.44	0.00	7.01	804.00
	1348.45	0.00	7.07	803.00
	1348.46	0.00	7.09	795.00
	1348.47	0.00	6.17	730.00
	1348.48	0.00	7.03	787.00
	1348.49	0.00	7.07	789.00
	1348.51	0.00	7.06	784.00
	1348.52	0.00	7.04	779.00
	1348.53	0.00	7.04	774.00
	1348.54	0.00	6.12	713.00
	1348.55	0.00	6.95	754.00
	1348.56	0.00	6.06	699.00
	1348.57	0.00	6.92	746.00
	1348.59	0.00	6.91	746.00
	1348.60	0.00	6.92	746.00
	1348.61	0.00	6.91	745.00
	1348.62	0.00	6.92	748.00
	1348.63	0.00	6.93	748.00
	1348.64	0.00	6.06	700.00
	1348.66	0.00	6.06	702.00
	1348.67	0.00	6.07	703.00
	1348.68	0.00	6.03	699.00
	1348.69	0.00	6.05	702.00
	1348.70	0.00	6.08	706.00
	1348.71	0.00	6.08	708.00
	1348.72	0.00	6.07	710.00
	1348.74	0.00	6.08	711.00
	1348.75	0.00	6.04	706.00
	1348.76	0.00	6.04	706.00
	1348.77	0.00	6.07	708.00
	1348.78	0.00	6.97	743.00
	1348.79	0.00	6.16	695.00
	1348.80	0.00	7.03	749.00
	1348.81	0.00	6.17	698.00
	1348.83	0.00	6.19	703.00
	1348.84	0.00	7.05	754.00
	1348.85	0.00	6.22	708.00
	1348.86	0.00	6.22	712.00
	1348.87	0.00	7.10	765.00
	1348.89	0.00	6.21	717.00
	1348.90	0.00	6.01	695.00
	1348.91	0.00	6.03	700.00
	1348.92	0.00	6.02	702.00
	1348.93	0.00	6.03	706.00
	1348.94	0.00	6.02	707.00
	1348.95	0.00	6.03	709.00
	1348.96	0.00	6.03	709.00
	1348.98	0.00	6.89	761.00
	1348.99	0.00	6.88	760.00
	1349.00	0.00	6.05	711.00
	1349.01	0.00	6.05	713.00
	1349.02	0.00	6.91	764.00
	1349.04	0.00	6.04	714.00
	1349.05	0.00	6.06	715.00
	1349.06	0.00	6.04	716.00
	1349.07	0.00	6.87	761.00
	1349.08	0.00	6.07	716.00
	1349.09	0.00	6.07	716.00
	1349.10	0.00	6.06	715.00
	1349.11	0.00	6.08	717.00
	1349.13	0.00	6.08	718.00
	1349.14	0.00	6.99	773.00
	1349.15	0.00	6.99	772.00
	1349.16	0.00	7.02	771.00
	1349.17	0.00	7.04	769.00
	1349.18	0.00	7.02	768.00
	1349.19	0.00	7.01	772.00
	1349.21	0.00	6.98	781.00
	1349.22	0.00	7.02	773.00
	1349.23	0.00	6.18	726.00
	1349.24	0.00	7.01	778.00
	1349.25	0.00	6.15	736.00
	1349.26	0.00	6.98	802.00
	1349.28	0.00	6.95	807.00
	1349.29	0.00	6.94	810.00
	1349.30	0.00	6.12	759.00
	1349.31	0.00	6.95	807.00
	1349.32	0.00	6.94	817.00
	1349.33	0.00	6.94	819.00
	1349.34	0.00	6.93	823.00
	1349.36	0.00	6.93	825.00
	1349.37	0.00	6.93	826.00
	1349.38	0.00	6.12	779.00
	1349.39	0.00	6.92	831.00
	1349.40	0.00	6.11	783.00
	1349.41	0.00	6.83	824.00
	1349.43	0.00	6.91	836.00
	1349.44	0.00	6.10	785.00
	1349.45	0.00	6.10	783.00
	1349.46	0.00	6.10	780.00
	1349.47	0.00	6.10	781.00
	1349.48	0.00	6.12	781.00
	1349.49	0.00	6.11	782.00
	1349.51	0.00	6.91	831.00
	1349.52	0.00	6.92	830.00
	1349.53	0.00	6.12	780.00
	1349.54	0.00	6.94	834.00
	1349.55	0.00	6.93	831.00
	1349.56	0.00	6.92	832.00
	1349.57	0.00	6.90	829.00
	1349.59	0.00	6.88	825.00
	1349.60	0.00	6.89	827.00
	1349.61	0.00	6.93	832.00
	1349.62	0.00	6.93	835.00
	1349.63	0.00	6.93	833.00
	1349.64	0.00	6.92	833.00
	1349.66	0.00	6.89	829.00
	1349.67	0.00	6.90	830.00
	1349.68	0.00	6.89	828.00
	1349.69	0.00	6.85	826.00
	1349.70	0.00	6.85	828.00
	1349.71	0.00	6.86	826.00
	1349.72	0.00	6.85	826.00
	1349.74	0.00	6.82	825.00
	1349.75	0.00	6.89	834.00
	1349.76	0.00	7.01	861.00
	1349.77	0.00	7.05	861.00
	1349.78	0.00	7.03	860.00
	1349.79	0.00	7.05	859.00
	1349.81	0.00	7.05	858.00
	1349.82	0.00	7.04	859.00
	1349.83	0.00	7.05	860.00
	1349.84	0.00	7.02	859.00
	1349.85	0.00	7.06	861.00
	1349.86	0.00	6.27	812.00
	1349.87	0.00	7.07	862.00
	1349.89	0.00	6.29	813.00
	1349.90	0.00	7.06	862.00
	1349.91	0.00	7.09	863.00
	1349.92	0.00	7.09	862.00
	1349.93	0.00	7.07	859.00
	1349.94	0.00	7.05	856.00
	1349.95	0.00	7.04	856.00
	1349.96	0.00	7.04	857.00
	1349.98	0.00	7.04	856.00
	1349.99	0.00	7.16	878.00
	1350.00	0.00	7.13	874.00
	1350.01	0.00	7.17	882.00
	1350.02	0.00	7.16	881.00
	1350.04	0.00	7.16	883.00
	1350.05	0.00	7.15	883.00
	1350.06	0.00	7.12	883.00
	1350.07	0.00	7.13	884.00
	1350.08	0.00	7.14	884.00
	1350.09	0.00	7.09	878.00
	1350.10	0.00	7.13	884.00
	1350.11	0.00	7.13	883.00
	1350.13	0.00	7.13	884.00
	1350.14	0.00	7.13	884.00
	1350.15	0.00	7.13	885.00
	1350.16	0.00	7.12	883.00
	1350.17	0.00	7.11	880.00
	1350.18	0.00	7.11	880.00
	1350.20	0.00	7.07	875.00
	1350.21	0.00	7.12	883.00
	1350.22	0.00	7.13	882.00
	1350.23	0.00	7.11	882.00
	1350.24	0.00	7.13	879.00
	1350.25	0.00	7.12	878.00
	1350.27	0.00	7.13	878.00
	1350.28	0.00	7.12	878.00
	1350.29	0.00	7.07	868.00
	1350.30	0.00	7.12	872.00
	1350.31	0.00	7.12	869.00
	1350.32	0.00	7.16	871.00
	1350.33	0.00	7.17	878.00
	1350.34	0.00	7.18	876.00
	1350.36	0.00	7.17	872.00
	1350.37	0.00	7.18	867.00
	1350.38	0.00	7.18	865.00
	1350.39	0.00	7.19	863.00
	1350.40	0.00	7.20	862.00
	1350.42	0.00	7.21	860.00
	1350.43	0.00	7.20	859.00
	1350.44	0.00	7.21	858.00
	1350.45	0.00	7.21	857.00
	1350.46	0.00	7.21	856.00
	1350.47	0.00	7.22	855.00
	1350.48	0.00	7.23	854.00
	1350.50	0.00	7.22	852.00
	1350.51	0.00	7.23	850.00
	1350.52	0.00	7.23	849.00
	1350.53	0.00	7.21	847.00
	1350.54	0.00	7.21	847.00
	1350.55	0.00	7.23	844.00
	1350.56	0.00	7.22	842.00
	1350.58	0.00	7.25	840.00
	1350.59	0.00	6.48	791.00
	1350.60	0.00	7.25	837.00
	1350.61	0.00	7.25	837.00
	1350.62	0.00	7.24	835.00
	1350.63	0.00	7.18	828.00
	1350.64	0.00	7.25	836.00
	1350.66	0.00	7.26	836.00
	1350.67	0.00	7.25	834.00
	1350.68	0.00	7.24	832.00
	1350.69	0.00	7.23	829.00
	1350.70	0.00	7.21	821.00
	1350.71	0.00	7.18	818.00
	1350.72	0.00	7.26	831.00
	1350.74	0.00	7.28	831.00
	1350.75	0.00	7.27	828.00
	1350.76	0.00	7.26	828.00
	1350.77	0.00	7.28	827.00
	1350.78	0.00	7.28	829.00
	1350.79	0.00	7.27	829.00
	1350.81	0.00	7.27	829.00
	1350.82	0.00	7.26	830.00
	1350.83	0.00	7.26	829.00
	1350.84	0.00	7.28	829.00
	1350.85	0.00	7.27	829.00
	1350.86	0.00	7.27	824.00
	1350.88	0.00	7.27	830.00
	1350.89	0.00	7.28	830.00
	1350.90	0.00	7.27	828.00
	1350.91	0.00	7.26	830.00
	1350.92	0.00	7.24	831.00
	1350.93	0.00	7.22	832.00
	1350.94	0.00	7.26	831.00
	1350.96	0.00	7.25	832.00
	1350.97	0.00	7.26	832.00
	1350.98	0.00	7.23	831.00
	1350.99	0.00	7.24	832.00
	1351.00	0.00	7.23	828.00
	1351.01	0.00	7.24	827.00
	1351.02	0.00	7.24	825.00
	1351.04	0.00	7.24	825.00
	1351.05	0.00	7.24	825.00
	1351.06	0.00	7.24	824.00
	1351.07	0.00	7.24	825.00
	1351.08	0.00	7.25	825.00
	1351.09	0.00	7.24	826.00
	1351.10	0.00	7.24	824.00
	1351.12	0.00	7.24	824.00
	1351.13	0.00	7.26	823.00
	1351.14	0.00	7.23	821.00
	1351.15	0.00	7.24	823.00
	1351.16	0.00	7.24	823.00
	1351.17	0.00	7.26	825.00
	1351.19	0.00	7.25	822.00
	1351.20	0.00	7.24	818.00
	1351.21	0.00	7.25	820.00
	1351.22	0.00	7.26	823.00
	1351.23	0.00	7.14	821.00
	1351.24	0.00	7.14	821.00
	1351.26	0.00	7.18	823.00
	1351.27	0.00	7.19	823.00
	1351.28	0.00	7.15	822.00
	1351.29	0.00	7.23	825.00
	1351.30	0.00	7.23	827.00
	1351.31	0.00	7.23	826.00
	1351.32	0.00	7.25	828.00
	1351.33	0.00	7.23	828.00
	1351.35	0.00	7.24	828.00
	1351.36	0.00	7.21	828.00
	1351.37	0.00	7.22	829.00
	1351.38	0.00	7.22	828.00
	1351.39	0.00	6.43	777.00
	1351.40	0.00	6.42	777.00
	1351.42	0.00	7.23	829.00
	1351.43	0.00	7.21	827.00
	1351.44	0.00	7.67	877.00
	1351.45	0.00	7.66	878.00
	1351.46	0.00	7.24	832.00
	1351.47	0.00	7.21	830.00
	1351.48	0.00	7.67	879.00
	1351.50	0.00	7.22	831.00
	1351.51	0.00	7.66	879.00
	1351.52	0.00	7.65	878.00
	1351.53	0.00	7.64	880.00
	1351.54	0.00	7.64	880.00
	1351.55	0.00	7.19	832.00
	1351.57	0.00	7.13	823.00
	1351.58	0.00	7.64	882.00
	1351.59	0.00	7.61	882.00
	1351.60	0.00	7.14	832.00
	1351.61	0.00	7.14	831.00
	1351.62	0.00	7.16	833.00
	1351.63	0.00	7.16	835.00
	1351.65	0.00	7.14	835.00
	1351.66	0.00	7.13	836.00
	1351.67	0.00	7.15	839.00
	1351.68	0.00	7.14	840.00
	1351.69	0.00	7.14	840.00
	1351.70	0.00	7.10	839.00
	1351.71	0.00	6.31	791.00
	1351.73	0.00	7.07	838.00
	1351.74	0.00	6.27	787.00
	1351.75	0.00	7.05	837.00
	1351.76	0.00	7.09	842.00
	1351.77	0.00	6.27	788.00
	1351.78	0.00	7.05	836.00
	1351.80	0.00	6.27	788.00
	1351.81	0.00	7.06	838.00
	1351.82	0.00	6.96	836.00
	1351.83	0.00	6.96	834.00
	1351.84	0.00	7.06	836.00
	1351.85	0.00	6.28	787.00
	1351.86	0.00	7.06	831.00
	1351.88	0.00	7.06	824.00
	1351.89	0.00	6.30	768.00
	1351.90	0.00	6.37	770.00
	1351.91	0.00	6.38	773.00
	1351.92	0.00	7.18	820.00
	1351.93	0.00	6.38	770.00
	1351.94	0.00	6.38	767.00
	1351.96	0.00	7.19	816.00
	1351.97	0.00	6.38	764.00
	1351.98	0.00	7.19	814.00
	1351.99	0.00	6.40	763.00
	1352.00	0.00	7.21	814.00
	1352.01	0.00	7.21	813.00
	1352.03	0.00	7.24	814.00
	1352.04	0.00	6.41	760.00
	1352.05	0.00	6.44	761.00
	1352.06	0.00	6.44	758.00
	1352.07	0.00	7.24	807.00
	1352.08	0.00	7.25	807.00
	1352.09	0.00	6.46	755.00
	1352.10	0.00	6.46	753.00
	1352.12	0.00	6.35	737.00
	1352.13	0.00	6.23	722.00
	1352.14	0.00	7.25	794.00
	1352.15	0.00	6.46	747.00
	1352.16	0.00	7.11	771.00
	1352.18	0.00	7.06	764.00
	1352.19	0.00	6.21	713.00
	1352.20	0.00	6.21	713.00
	1352.21	0.00	6.21	713.00
	1352.22	0.00	6.21	712.00
	1352.23	0.00	7.04	761.00
	1352.24	0.00	7.04	763.00
	1352.26	0.00	7.03	761.00
	1352.27	0.00	7.04	761.00
	1352.28	0.00	7.05	761.00
	1352.29	0.00	7.06	759.00
	1352.30	0.00	7.05	759.00
	1352.31	0.00	7.06	757.00
	1352.32	0.00	7.07	754.00
	1352.34	0.00	7.06	756.00
	1352.35	0.00	7.08	758.00
	1352.36	0.00	7.08	755.00
	1352.37	0.00	6.21	702.00
	1352.38	0.00	6.21	702.00
	1352.39	0.00	6.16	696.00
	1352.40	0.00	7.14	757.00
	1352.42	0.00	7.12	756.00
	1352.43	0.00	6.23	701.00
	1352.44	0.00	6.23	703.00
	1352.45	0.00	7.14	757.00
	1352.46	0.00	7.14	755.00
	1352.47	0.00	7.15	755.00
	1352.48	0.00	7.15	755.00
	1352.50	0.00	7.15	752.00
	1352.51	0.00	7.11	758.00
	1352.52	0.00	7.12	756.00
	1352.53	0.00	7.15	755.00
	1352.54	0.00	7.14	761.00
	1352.55	0.00	7.10	770.00
	1352.56	0.00	7.09	771.00
	1352.58	0.00	7.08	770.00
	1352.59	0.00	7.09	771.00
	1352.60	0.00	7.08	770.00
	1352.61	0.00	6.98	769.00
	1352.62	0.00	6.14	716.00
	1352.64	0.00	6.96	766.00
	1352.65	0.00	6.14	716.00
	1352.66	0.00	6.99	766.00
	1352.67	0.00	7.00	765.00
	1352.68	0.00	6.98	763.00
	1352.69	0.00	6.96	758.00
	1352.70	0.00	6.94	758.00
	1352.72	0.00	6.97	762.00
	1352.73	0.00	6.94	756.00
	1352.74	0.00	6.89	751.00
	1352.75	0.00	7.10	790.00
	1352.76	0.00	7.10	787.00
	1352.77	0.00	7.12	784.00
	1352.78	0.00	7.13	782.00
	1352.80	0.00	7.12	779.00
	1352.81	0.00	7.15	778.00
	1352.82	0.00	7.15	775.00
	1352.83	0.00	7.14	773.00
	1352.84	0.00	7.17	776.00
	1352.85	0.00	6.35	725.00
	1352.86	0.00	7.18	774.00
	1352.88	0.00	7.18	771.00
	1352.89	0.00	7.16	768.00
	1352.90	0.00	7.17	769.00
	1352.91	0.00	7.15	770.00
	1352.92	0.00	7.15	766.00
	1352.93	0.00	7.12	767.00
	1352.94	0.00	7.26	790.00
	1352.96	0.00	7.31	789.00
	1352.97	0.00	7.34	785.00
	1352.98	0.00	7.35	788.00
	1352.99	0.00	7.34	785.00
	1353.00	0.00	7.33	785.00
	1353.01	0.00	7.33	782.00
	1353.03	0.00	7.32	779.00
	1353.04	0.00	7.32	778.00
	1353.05	0.00	7.34	775.00
	1353.06	0.00	7.35	772.00
	1353.07	0.00	7.35	769.00
	1353.08	0.00	7.34	765.00
	1353.09	0.00	6.58	726.00
	1353.11	0.00	7.41	776.00
	1353.12	0.00	7.40	774.00
	1353.13	0.00	7.44	778.00
	1353.14	0.00	7.42	773.00
	1353.15	0.00	7.41	772.00
	1353.16	0.00	7.42	773.00
	1353.18	0.00	7.43	772.00
	1353.19	0.00	7.40	771.00
	1353.20	0.00	7.41	772.00
	1353.21	0.00	7.39	771.00
	1353.22	0.00	7.38	771.00
	1353.23	0.00	7.43	770.00
	1353.24	0.00	7.40	767.00
	1353.26	0.00	7.41	768.00
	1353.27	0.00	7.41	765.00
	1353.28	0.00	7.41	760.00
	1353.29	0.00	7.35	749.00
	1353.30	0.00	7.37	749.00
	1353.31	0.00	7.40	753.00
	1353.32	0.00	7.42	752.00
	1353.34	0.00	7.43	747.00
	1353.35	0.00	7.38	738.00
	1353.36	0.00	7.45	752.00
	1353.37	0.00	7.47	752.00
	1353.38	0.00	7.46	751.00
	1353.39	0.00	7.45	749.00
	1353.41	0.00	7.46	752.00
	1353.42	0.00	7.46	750.00
	1353.43	0.00	7.43	749.00
	1353.44	0.00	7.41	744.00
	1353.45	0.00	7.46	748.00
	1353.46	0.00	7.44	747.00
	1353.47	0.00	7.43	749.00
	1353.49	0.00	7.45	750.00
	1353.50	0.00	7.42	746.00
	1353.51	0.00	7.42	745.00
	1353.52	0.00	7.42	745.00
	1353.53	0.00	7.42	745.00
	1353.54	0.00	7.42	746.00
	1353.56	0.00	7.42	746.00
	1353.57	0.00	7.42	744.00
	1353.58	0.00	7.45	745.00
	1353.59	0.00	7.47	744.00
	1353.60	0.00	7.48	744.00
	1353.61	0.00	7.43	742.00
	1353.62	0.00	7.42	743.00
	1353.64	0.00	7.45	744.00
	1353.65	0.00	7.46	745.00
	1353.66	0.00	7.44	750.00
	1353.67	0.00	7.46	747.00
	1353.68	0.00	7.46	752.00
	1353.69	0.00	7.43	751.00
	1353.70	0.00	7.43	749.00
	1353.72	0.00	7.43	752.00
	1353.73	0.00	7.45	752.00
	1353.74	0.00	7.31	733.00
	1353.75	0.00	7.44	751.00
	1353.76	0.00	7.45	748.00
	1353.77	0.00	7.45	750.00
	1353.79	0.00	7.41	750.00
	1353.80	0.00	7.46	750.00
	1353.81	0.00	7.42	749.00
	1353.82	0.00	7.44	751.00
	1353.83	0.00	7.45	754.00
	1353.84	0.00	7.42	751.00
	1353.85	0.00	7.42	753.00
	1353.87	0.00	7.42	752.00
	1353.88	0.00	7.38	749.00
	1353.89	0.00	7.39	750.00
	1353.90	0.00	7.37	750.00
	1353.91	0.00	7.38	747.00
	1353.92	0.00	7.33	749.00
	1353.93	0.00	7.38	749.00
	1353.95	0.00	7.37	748.00
	1353.96	0.00	7.36	748.00
	1353.97	0.00	7.36	743.00
	1353.98	0.00	7.35	746.00
	1353.99	0.00	7.31	742.00
	1354.00	0.00	6.49	694.00
	1354.02	0.00	7.82	793.00
	1354.03	0.00	7.80	794.00
	1354.04	0.00	7.77	789.00
	1354.05	0.00	7.77	787.00
	1354.06	0.00	7.76	785.00
	1354.07	0.00	7.76	780.00
	1354.08	0.00	7.77	775.00
	1354.10	0.00	7.78	781.00
	1354.11	0.00	7.77	782.00
	1354.12	0.00	7.78	779.00
	1354.13	0.00	7.84	777.00
	1354.14	0.00	7.89	773.00
	1354.15	0.00	7.89	776.00
	1354.17	0.00	7.90	777.00
	1354.18	0.00	7.87	777.00
	1354.19	0.00	7.91	778.00
	1354.20	0.00	7.42	728.00
	1354.21	0.00	7.42	728.00
	1354.22	0.00	7.90	776.00
	1354.23	0.00	7.91	777.00
	1354.25	0.00	7.90	777.00
	1354.26	0.00	6.59	679.00
	1354.27	0.00	7.43	725.00
	1354.28	0.00	7.93	778.00
	1354.29	0.00	7.44	730.00
	1354.30	0.00	7.45	730.00
	1354.31	0.00	7.45	731.00
	1354.33	0.00	7.44	731.00
	1354.34	0.00	7.45	732.00
	1354.35	0.00	7.45	735.00
	1354.36	0.00	7.37	724.00
	1354.37	0.00	7.42	733.00
	1354.38	0.00	7.43	732.00
	1354.40	0.00	7.45	735.00
	1354.41	0.00	7.43	734.00
	1354.42	0.00	7.38	726.00
	1354.43	0.00	7.20	704.00
	1354.44	0.00	6.30	653.00
	1354.45	0.00	6.30	656.00
	1354.46	0.00	6.31	656.00
	1354.48	0.00	6.29	656.00
	1354.49	0.00	6.29	656.00
	1354.50	0.00	6.29	659.00
	1354.51	0.00	6.28	659.00
	1354.52	0.00	7.18	712.00
	1354.53	0.00	7.16	711.00
	1354.55	0.00	7.16	712.00
	1354.56	0.00	7.16	711.00
	1354.57	0.00	7.16	715.00
	1354.58	0.00	7.16	716.00
	1354.59	0.00	7.14	716.00
	1354.60	0.00	7.13	717.00
	1354.61	0.00	7.11	714.00
	1354.63	0.00	7.14	720.00
	1354.64	0.00	7.14	719.00
	1354.65	0.00	7.12	720.00
	1354.66	0.00	7.11	719.00
	1354.67	0.00	7.14	723.00
	1354.68	0.00	6.22	669.00
	1354.69	0.00	7.13	719.00
	1354.70	0.00	7.11	720.00
	1354.72	0.00	6.27	671.00
	1354.73	0.00	7.17	725.00
	1354.74	0.00	7.20	724.00
	1354.75	0.00	7.18	725.00
	1354.76	0.00	7.16	725.00
	1354.78	0.00	7.13	723.00
	1354.79	0.00	7.17	726.00
	1354.80	0.00	7.17	726.00
	1354.81	0.00	7.21	729.00
	1354.82	0.00	7.18	724.00
	1354.83	0.00	7.17	725.00
	1354.84	0.00	7.17	726.00
	1354.86	0.00	7.16	727.00
	1354.87	0.00	7.14	728.00
	1354.88	0.00	7.16	727.00
	1354.89	0.00	7.16	727.00
	1354.90	0.00	7.15	731.00
	1354.91	0.00	7.11	741.00
	1354.93	0.00	7.09	742.00
	1354.94	0.00	7.08	743.00
	1354.95	0.00	7.11	744.00
	1354.96	0.00	7.13	746.00
	1354.97	0.00	7.09	743.00
	1354.98	0.00	7.11	743.00
	1354.99	0.00	7.10	743.00
	1355.01	0.00	7.12	744.00
	1355.02	0.00	7.10	742.00
	1355.03	0.00	7.10	740.00
	1355.04	0.00	7.11	740.00
	1355.05	0.00	7.14	744.00
	1355.06	0.00	7.10	740.00
	1355.07	0.00	7.11	740.00
	1355.08	0.00	7.12	739.00
	1355.10	0.00	7.09	737.00
	1355.11	0.00	7.09	740.00
	1355.12	0.00	7.08	737.00
	1355.13	0.00	7.05	734.00
	1355.14	0.00	7.01	729.00
	1355.16	0.00	6.99	728.00
	1355.17	0.00	7.13	752.00
	1355.18	0.00	7.09	746.00
	1355.19	0.00	6.99	727.00
	1355.20	0.00	7.07	739.00
	1355.21	0.00	7.22	768.00
	1355.22	0.00	7.22	765.00
	1355.23	0.00	7.22	765.00
	1355.25	0.00	7.24	766.00
	1355.26	0.00	7.22	763.00
	1355.27	0.00	7.23	762.00
	1355.28	0.00	7.23	764.00
	1355.29	0.00	7.24	765.00
	1355.30	0.00	7.22	762.00
	1355.32	0.00	7.24	761.00
	1355.33	0.00	7.23	759.00
	1355.34	0.00	7.24	759.00
	1355.35	0.00	7.24	758.00
	1355.36	0.00	7.25	758.00
	1355.37	0.00	7.24	757.00
	1355.39	0.00	7.27	760.00
	1355.40	0.00	7.25	755.00
	1355.41	0.00	7.25	756.00
	1355.42	0.00	6.41	705.00
	1355.43	0.00	7.28	755.00
	1355.44	0.00	7.25	752.00
	1355.45	0.00	7.27	752.00
	1355.46	0.00	7.28	750.00
	1355.48	0.00	7.26	755.00
	1355.49	0.00	7.19	744.00
	1355.50	0.00	7.26	752.00
	1355.51	0.00	7.26	751.00
	1355.52	0.00	7.26	749.00
	1355.54	0.00	7.23	748.00
	1355.55	0.00	7.26	749.00
	1355.56	0.00	7.24	749.00
	1355.57	0.00	7.19	747.00
	1355.58	0.00	7.21	745.00
	1355.59	0.00	7.36	771.00
	1355.60	0.00	7.34	772.00
	1355.61	0.00	7.36	771.00
	1355.63	0.00	7.39	773.00
	1355.64	0.00	7.38	770.00
	1355.65	0.00	7.37	767.00
	1355.66	0.00	7.36	768.00
	1355.67	0.00	7.37	769.00
	1355.68	0.00	7.36	771.00
	1355.70	0.00	7.36	769.00
	1355.71	0.00	7.35	768.00
	1355.72	0.00	7.36	770.00
	1355.73	0.00	7.37	774.00
	1355.74	0.00	7.34	769.00
	1355.75	0.00	7.34	771.00
	1355.76	0.00	7.34	774.00
	1355.78	0.00	7.36	777.00
	1355.79	0.00	6.50	725.00
	1355.80	0.00	7.34	774.00
	1355.81	0.00	7.32	773.00
	1355.82	0.00	7.34	775.00
	1355.83	0.00	7.34	772.00
	1355.84	0.00	7.38	783.00
	1355.86	0.00	7.39	780.00
	1355.87	0.00	7.33	771.00
	1355.88	0.00	7.32	770.00
	1355.89	0.00	7.37	775.00
	1355.90	0.00	7.37	781.00
	1355.91	0.00	7.38	782.00
	1355.93	0.00	7.36	780.00
	1355.94	0.00	7.35	781.00
	1355.95	0.00	7.38	780.00
	1355.96	0.00	7.38	781.00
	1355.97	0.00	7.35	777.00
	1355.98	0.00	7.38	782.00
	1356.00	0.00	7.37	781.00
	1356.01	0.00	7.37	781.00
	1356.02	0.00	7.40	785.00
	1356.03	0.00	7.38	783.00
	1356.04	0.00	7.37	782.00
	1356.05	0.00	7.38	784.00
	1356.06	0.00	7.39	786.00
	1356.08	0.00	7.37	781.00
	1356.09	0.00	7.36	783.00
	1356.10	0.00	7.36	782.00
	1356.11	0.00	7.37	781.00
	1356.12	0.00	7.36	782.00
	1356.13	0.00	7.35	779.00
	1356.14	0.00	7.33	778.00
	1356.16	0.00	7.31	773.00
	1356.17	0.00	7.29	765.00
	1356.18	0.00	7.33	778.00
	1356.19	0.00	7.35	781.00
	1356.20	0.00	7.36	781.00
	1356.21	0.00	7.34	780.00
	1356.22	0.00	7.33	776.00
	1356.24	0.00	7.28	769.00
	1356.25	0.00	7.37	782.00
	1356.26	0.00	7.32	776.00
	1356.27	0.00	7.29	781.00
	1356.28	0.00	7.27	777.00
	1356.29	0.00	7.24	770.00
	1356.31	0.00	7.33	786.00
	1356.32	0.00	7.29	783.00
	1356.33	0.00	7.31	783.00
	1356.34	0.00	7.31	783.00
	1356.35	0.00	7.32	782.00
	1356.36	0.00	7.31	781.00
	1356.38	0.00	7.33	782.00
	1356.39	0.00	7.31	782.00
	1356.40	0.00	7.32	782.00
	1356.41	0.00	7.32	783.00
	1356.42	0.00	7.33	780.00
	1356.43	0.00	7.32	783.00
	1356.44	0.00	7.33	781.00
	1356.45	0.00	7.35	784.00
	1356.47	0.00	7.35	783.00
	1356.48	0.00	7.34	783.00
	1356.49	0.00	7.34	783.00
	1356.50	0.00	7.36	783.00
	1356.51	0.00	7.35	782.00
	1356.52	0.00	7.34	781.00
	1356.54	0.00	7.35	782.00
	1356.55	0.00	7.34	780.00
	1356.56	0.00	7.36	782.00
	1356.57	0.00	7.34	781.00
	1356.58	0.00	7.32	781.00
	1356.59	0.00	7.35	784.00
	1356.60	0.00	7.30	779.00
	1356.62	0.00	7.31	781.00
	1356.63	0.00	7.33	782.00
	1356.64	0.00	7.31	781.00
	1356.65	0.00	7.33	782.00
	1356.66	0.00	7.33	782.00
	1356.67	0.00	7.28	781.00
	1356.69	0.00	7.31	781.00
	1356.70	0.00	7.32	783.00
	1356.71	0.00	7.33	780.00
	1356.72	0.00	7.31	779.00
	1356.73	0.00	7.31	778.00
	1356.74	0.00	7.33	779.00
	1356.75	0.00	7.30	777.00
	1356.77	0.00	7.30	777.00
	1356.78	0.00	7.31	775.00
	1356.79	0.00	7.31	770.00
	1356.80	0.00	7.33	778.00
	1356.81	0.00	7.34	778.00
	1356.82	0.00	7.33	777.00
	1356.83	0.00	7.32	776.00
	1356.85	0.00	7.33	776.00
	1356.86	0.00	7.32	776.00
	1356.87	0.00	7.33	777.00
	1356.88	0.00	7.35	777.00
	1356.89	0.00	7.34	777.00
	1356.90	0.00	7.35	777.00
	1356.92	0.00	7.31	777.00
	1356.93	0.00	7.32	776.00
	1356.94	0.00	7.35	777.00
	1356.95	0.00	6.48	723.00
	1356.96	0.00	6.51	723.00
	1356.97	0.00	7.31	773.00
	1356.98	0.00	7.29	767.00
	1357.00	0.00	7.31	772.00
	1357.01	0.00	7.31	775.00
	1357.02	0.00	7.28	771.00
	1357.03	0.00	7.26	774.00
	1357.04	0.00	7.26	773.00
	1357.05	0.00	7.30	778.00
	1357.06	0.00	7.25	776.00
	1357.08	0.00	7.26	776.00
	1357.09	0.00	7.26	778.00
	1357.10	0.00	7.26	776.00
	1357.11	0.00	7.24	775.00
	1357.12	0.00	7.25	775.00
	1357.13	0.00	7.26	776.00
	1357.15	0.00	7.25	774.00
	1357.16	0.00	7.25	775.00
	1357.17	0.00	7.25	772.00
	1357.18	0.00	7.24	771.00
	1357.19	0.00	7.24	770.00
	1357.20	0.00	7.20	767.00
	1357.21	0.00	7.20	765.00
	1357.22	0.00	7.20	765.00
	1357.24	0.00	7.21	767.00
	1357.25	0.00	6.38	718.00
	1357.26	0.00	7.19	766.00
	1357.27	0.00	7.20	765.00
	1357.28	0.00	7.20	766.00
	1357.29	0.00	7.20	762.00
	1357.31	0.00	7.19	760.00
	1357.32	0.00	7.19	763.00
	1357.33	0.00	7.19	763.00
	1357.34	0.00	7.17	764.00
	1357.35	0.00	7.19	763.00
	1357.36	0.00	7.18	758.00
	1357.38	0.00	7.19	756.00
	1357.39	0.00	7.22	753.00
	1357.40	0.00	7.29	752.00
	1357.41	0.00	7.20	752.00
	1357.42	0.00	7.21	752.00
	1357.43	0.00	7.16	751.00
	1357.44	0.00	7.25	746.00
	1357.46	0.00	7.31	747.00
	1357.47	0.00	7.31	748.00
	1357.48	0.00	7.32	749.00
	1357.49	0.00	7.32	749.00
	1357.50	0.00	7.32	749.00
	1357.51	0.00	7.32	751.00
	1357.52	0.00	7.33	752.00
	1357.54	0.00	7.35	752.00
	1357.55	0.00	7.33	752.00
	1357.56	0.00	7.33	752.00
	1357.57	0.00	7.24	753.00
	1357.58	0.00	7.27	756.00
	1357.59	0.00	7.33	756.00
	1357.60	0.00	7.35	759.00
	1357.62	0.00	7.25	760.00
	1357.63	0.00	7.29	762.00
	1357.64	0.00	7.32	764.00
	1357.65	0.00	7.28	766.00
	1357.66	0.00	7.27	769.00
	1357.67	0.00	7.31	769.00
	1357.69	0.00	7.06	752.00
	1357.70	0.00	7.04	745.00
	1357.71	0.00	6.18	697.00
	1357.72	0.00	7.06	751.00
	1357.73	0.00	6.18	701.00
	1357.74	0.00	7.01	757.00
	1357.76	0.00	6.98	755.00
	1357.77	0.00	7.06	758.00
	1357.78	0.00	6.12	706.00
	1357.79	0.00	7.03	758.00
	1357.80	0.00	6.18	707.00
	1357.81	0.00	6.18	707.00
	1357.82	0.00	6.19	708.00
	1357.84	0.00	6.17	706.00
	1357.85	0.00	6.18	707.00
	1357.86	0.00	6.18	706.00
	1357.87	0.00	7.04	757.00
	1357.88	0.00	7.04	754.00
	1357.89	0.00	7.03	754.00
	1357.90	0.00	7.05	754.00
	1357.92	0.00	7.05	755.00
	1357.93	0.00	7.03	754.00
	1357.94	0.00	7.05	754.00
	1357.95	0.00	7.04	755.00
	1357.96	0.00	6.94	741.00
	1357.97	0.00	7.05	752.00
	1357.98	0.00	7.06	755.00
	1358.00	0.00	7.06	755.00
	1358.01	0.00	7.05	753.00
	1358.02	0.00	7.06	755.00
	1358.03	0.00	7.05	756.00
	1358.04	0.00	7.06	753.00
	1358.05	0.00	7.06	754.00
	1358.06	0.00	7.06	753.00
	1358.08	0.00	6.20	702.00
	1358.09	0.00	6.23	702.00
	1358.10	0.00	7.12	753.00
	1358.11	0.00	6.26	703.00
	1358.12	0.00	7.14	752.00
	1358.13	0.00	6.23	699.00
	1358.15	0.00	7.13	753.00
	1358.16	0.00	7.15	752.00
	1358.17	0.00	7.15	754.00
	1358.18	0.00	7.15	750.00
	1358.19	0.00	7.15	750.00
	1358.20	0.00	7.15	750.00
	1358.21	0.00	7.16	747.00
	1358.23	0.00	7.15	745.00
	1358.24	0.00	7.15	746.00
	1358.25	0.00	7.12	752.00
	1358.26	0.00	7.13	756.00
	1358.27	0.00	7.11	756.00
	1358.28	0.00	7.13	753.00
	1358.30	0.00	7.12	752.00
	1358.31	0.00	7.12	751.00
	1358.32	0.00	7.14	749.00
	1358.33	0.00	7.13	746.00
	1358.34	0.00	7.14	747.00
	1358.35	0.00	7.14	746.00
	1358.36	0.00	7.14	744.00
	1358.38	0.00	7.18	747.00
	1358.39	0.00	7.13	744.00
	1358.40	0.00	7.13	747.00
	1358.41	0.00	7.15	749.00
	1358.42	0.00	7.14	748.00
	1358.43	0.00	7.14	748.00
	1358.44	0.00	7.13	747.00
	1358.46	0.00	7.18	750.00
	1358.47	0.00	7.14	746.00
	1358.48	0.00	7.13	744.00
	1358.49	0.00	7.14	744.00
	1358.50	0.00	7.18	748.00
	1358.51	0.00	7.16	744.00
	1358.53	0.00	7.14	741.00
	1358.54	0.00	7.13	738.00
	1358.55	0.00	7.11	736.00
	1358.56	0.00	7.13	735.00
	1358.57	0.00	7.09	732.00
	1358.58	0.00	7.04	730.00
	1358.59	0.00	7.03	728.00
	1358.61	0.00	7.06	731.00
	1358.62	0.00	7.06	731.00
	1358.63	0.00	7.07	734.00
	1358.64	0.00	7.26	769.00
	1358.65	0.00	7.29	767.00
	1358.66	0.00	7.30	765.00
	1358.67	0.00	7.28	763.00
	1358.69	0.00	7.28	763.00
	1358.70	0.00	7.30	763.00
	1358.71	0.00	7.29	764.00
	1358.72	0.00	7.30	761.00
	1358.73	0.00	7.29	760.00
	1358.74	0.00	7.30	755.00
	1358.76	0.00	7.30	752.00
	1358.77	0.00	7.36	756.00
	1358.78	0.00	7.29	750.00
	1358.79	0.00	7.31	749.00
	1358.80	0.00	7.32	746.00
	1358.81	0.00	7.33	745.00
	1358.82	0.00	7.33	741.00
	1358.84	0.00	7.36	742.00
	1358.85	0.00	7.37	740.00
	1358.86	0.00	7.36	736.00
	1358.87	0.00	7.35	734.00
	1358.88	0.00	7.33	730.00
	1358.89	0.00	7.34	731.00
	1358.91	0.00	7.31	731.00
	1358.92	0.00	7.31	727.00
	1358.93	0.00	7.46	751.00
	1358.94	0.00	7.45	751.00
	1358.95	0.00	7.44	751.00
	1358.96	0.00	7.44	748.00
	1358.97	0.00	7.45	748.00
	1358.99	0.00	7.43	748.00
	1359.00	0.00	7.43	747.00
	1359.01	0.00	7.42	743.00
	1359.02	0.00	7.41	742.00
	1359.03	0.00	7.42	741.00
	1359.04	0.00	7.45	741.00
	1359.05	0.00	7.48	754.00
	1359.07	0.00	7.47	753.00
	1359.08	0.00	7.40	742.00
	1359.09	0.00	7.49	754.00
	1359.10	0.00	7.45	752.00
	1359.11	0.00	7.47	752.00
	1359.12	0.00	7.50	758.00
	1359.14	0.00	7.47	755.00
	1359.15	0.00	7.45	754.00
	1359.16	0.00	7.45	753.00
	1359.17	0.00	7.42	749.00
	1359.18	0.00	7.43	744.00
	1359.19	0.00	7.47	756.00
	1359.20	0.00	7.48	757.00
	1359.21	0.00	7.46	755.00
	1359.23	0.00	7.45	756.00
	1359.24	0.00	7.46	756.00
	1359.25	0.00	7.46	756.00
	1359.26	0.00	7.46	755.00
	1359.27	0.00	7.31	740.00
	1359.29	0.00	7.41	756.00
	1359.30	0.00	7.45	754.00
	1359.31	0.00	7.42	756.00
	1359.32	0.00	7.43	757.00
	1359.33	0.00	7.43	758.00
	1359.34	0.00	7.43	758.00
	1359.35	0.00	7.41	754.00
	1359.36	0.00	7.44	757.00
	1359.38	0.00	7.42	760.00
	1359.39	0.00	7.42	756.00
	1359.40	0.00	7.42	762.00
	1359.41	0.00	7.43	760.00
	1359.42	0.00	7.41	764.00
	1359.43	0.00	7.41	766.00
	1359.45	0.00	7.40	768.00
	1359.46	0.00	7.40	768.00
	1359.47	0.00	7.42	771.00
	1359.48	0.00	7.39	768.00
	1359.49	0.00	7.40	769.00
	1359.50	0.00	7.39	769.00
	1359.52	0.00	7.41	773.00
	1359.53	0.00	7.39	772.00
	1359.54	0.00	7.37	774.00
	1359.55	0.00	7.34	775.00
	1359.56	0.00	7.34	777.00
	1359.57	0.00	7.33	776.00
	1359.58	0.00	7.33	777.00
	1359.59	0.00	7.34	777.00
	1359.61	0.00	7.34	781.00
	1359.62	0.00	7.33	782.00
	1359.63	0.00	7.32	780.00
	1359.64	0.00	7.31	780.00
	1359.65	0.00	7.28	778.00
	1359.66	0.00	7.30	776.00
	1359.68	0.00	7.28	778.00
	1359.69	0.00	7.30	779.00
	1359.70	0.00	7.27	777.00
	1359.71	0.00	7.29	778.00
	1359.72	0.00	6.45	728.00
	1359.73	0.00	7.27	776.00
	1359.75	0.00	7.26	777.00
	1359.76	0.00	7.25	774.00
	1359.77	0.00	7.26	776.00
	1359.78	0.00	6.42	724.00
	1359.79	0.00	7.28	776.00
	1359.80	0.00	7.26	776.00
	1359.81	0.00	7.25	777.00
	1359.82	0.00	7.22	774.00
	1359.84	0.00	7.22	769.00
	1359.85	0.00	7.19	770.00
	1359.86	0.00	7.21	770.00
	1359.87	0.00	7.20	771.00
	1359.88	0.00	7.20	772.00
	1359.89	0.00	7.19	770.00
	1359.91	0.00	7.21	770.00
	1359.92	0.00	6.37	717.00
	1359.93	0.00	7.21	764.00
	1359.94	0.00	7.20	757.00
	1359.95	0.00	7.33	759.00
	1359.96	0.00	7.32	757.00
	1359.97	0.00	7.32	756.00
	1359.99	0.00	7.32	758.00
	1360.00	0.00	7.28	757.00
	1360.01	0.00	7.30	758.00
	1360.02	0.00	7.29	758.00
	1360.03	0.00	7.31	760.00
	1360.04	0.00	7.32	760.00
	1360.06	0.00	7.35	762.00
	1360.07	0.00	7.32	759.00
	1360.08	0.00	7.31	760.00
	1360.09	0.00	7.33	760.00
	1360.10	0.00	7.30	755.00
	1360.11	0.00	7.34	762.00
	1360.12	0.00	7.34	763.00
	1360.14	0.00	7.33	763.00
	1360.15	0.00	7.34	763.00
	1360.16	0.00	7.34	763.00
	1360.17	0.00	7.34	762.00
	1360.18	0.00	7.35	761.00
	1360.19	0.00	7.36	762.00
	1360.20	0.00	7.38	766.00
	1360.22	0.00	7.28	754.00
	1360.23	0.00	7.17	739.00
	1360.24	0.00	7.10	730.00
	1360.25	0.00	7.12	730.00
	1360.26	0.00	7.11	729.00
	1360.27	0.00	7.12	728.00
	1360.29	0.00	7.11	728.00
	1360.30	0.00	7.13	731.00
	1360.31	0.00	6.25	676.00
	1360.32	0.00	7.13	726.00
	1360.33	0.00	7.11	725.00
	1360.34	0.00	7.11	725.00
	1360.35	0.00	7.11	727.00
	1360.37	0.00	7.10	726.00
	1360.38	0.00	7.12	725.00
	1360.39	0.00	7.12	724.00
	1360.40	0.00	7.10	725.00
	1360.41	0.00	7.11	726.00
	1360.42	0.00	7.12	723.00
	1360.44	0.00	7.11	725.00
	1360.45	0.00	7.11	727.00
	1360.46	0.00	7.11	726.00
	1360.47	0.00	7.12	725.00
	1360.48	0.00	7.10	726.00
	1360.49	0.00	7.13	725.00
	1360.50	0.00	7.21	730.00
	1360.52	0.00	7.19	727.00
	1360.53	0.00	7.20	726.00
	1360.54	0.00	7.21	729.00
	1360.55	0.00	7.20	726.00
	1360.56	0.00	7.20	728.00
	1360.57	0.00	7.20	728.00
	1360.58	0.00	7.13	724.00
	1360.59	0.00	7.14	744.00
	1360.61	0.00	7.12	743.00
	1360.62	0.00	7.13	743.00
	1360.63	0.00	7.12	743.00
	1360.64	0.00	7.10	738.00
	1360.65	0.00	7.13	743.00
	1360.67	0.00	7.13	742.00
	1360.68	0.00	7.13	743.00
	1360.69	0.00	7.13	742.00
	1360.70	0.00	7.12	743.00
	1360.71	0.00	7.12	743.00
	1360.72	0.00	7.12	743.00
	1360.73	0.00	7.12	743.00
	1360.75	0.00	7.14	743.00
	1360.76	0.00	7.12	743.00
	1360.77	0.00	7.13	742.00
	1360.78	0.00	7.16	746.00
	1360.79	0.00	7.12	744.00
	1360.80	0.00	7.16	747.00
	1360.81	0.00	7.13	745.00
	1360.83	0.00	7.12	746.00
	1360.84	0.00	7.14	748.00
	1360.85	0.00	7.14	749.00
	1360.86	0.00	7.12	747.00
	1360.87	0.00	7.12	747.00
	1360.88	0.00	7.10	744.00
	1360.89	0.00	7.07	739.00
	1360.91	0.00	7.04	735.00
	1360.92	0.00	7.02	731.00
	1360.93	0.00	7.11	749.00
	1360.94	0.00	7.24	772.00
	1360.95	0.00	7.26	768.00
	1360.96	0.00	7.23	768.00
	1360.97	0.00	7.01	732.00
	1360.99	0.00	7.24	773.00
	1361.00	0.00	7.25	770.00
	1361.01	0.00	7.23	769.00
	1361.02	0.00	7.26	769.00
	1361.03	0.00	7.21	766.00
	1361.04	0.00	7.25	770.00
	1361.06	0.00	7.22	769.00
	1361.07	0.00	7.22	770.00
	1361.08	0.00	7.26	776.00
	1361.09	0.00	7.22	771.00
	1361.10	0.00	7.21	768.00
	1361.11	0.00	7.22	769.00
	1361.13	0.00	7.28	772.00
	1361.14	0.00	7.27	770.00
	1361.15	0.00	7.24	768.00
	1361.16	0.00	7.24	767.00
	1361.17	0.00	7.27	769.00
	1361.18	0.00	7.27	768.00
	1361.19	0.00	7.27	768.00
	1361.21	0.00	7.25	768.00
	1361.22	0.00	7.26	766.00
	1361.23	0.00	7.20	764.00
	1361.24	0.00	7.20	765.00
	1361.25	0.00	7.21	768.00
	1361.26	0.00	7.24	769.00
	1361.27	0.00	7.22	772.00
	1361.29	0.00	7.21	772.00
	1361.30	0.00	7.18	771.00
	1361.31	0.00	7.21	778.00
	1361.32	0.00	7.31	796.00
	1361.33	0.00	7.33	795.00
	1361.34	0.00	7.33	795.00
	1361.35	0.00	7.31	792.00
	1361.37	0.00	7.28	788.00
	1361.38	0.00	7.30	791.00
	1361.39	0.00	7.31	790.00
	1361.40	0.00	7.34	792.00
	1361.41	0.00	7.33	790.00
	1361.42	0.00	7.33	788.00
	1361.44	0.00	7.33	789.00
	1361.45	0.00	7.33	789.00
	1361.46	0.00	7.35	789.00
	1361.47	0.00	7.35	789.00
	1361.48	0.00	7.34	788.00
	1361.49	0.00	7.31	785.00
	1361.51	0.00	7.33	788.00
	1361.52	0.00	7.33	787.00
	1361.53	0.00	7.31	786.00
	1361.54	0.00	7.34	786.00
	1361.55	0.00	7.33	787.00
	1361.56	0.00	7.31	786.00
	1361.57	0.00	7.33	787.00
	1361.58	0.00	7.33	785.00
	1361.60	0.00	7.33	786.00
	1361.61	0.00	7.32	786.00
	1361.62	0.00	7.37	794.00
	1361.63	0.00	7.37	797.00
	1361.64	0.00	7.37	798.00
	1361.65	0.00	7.35	796.00
	1361.67	0.00	7.36	798.00
	1361.68	0.00	7.37	798.00
	1361.69	0.00	7.37	798.00
	1361.70	0.00	7.35	796.00
	1361.71	0.00	7.36	799.00
	1361.72	0.00	7.37	800.00
	1361.73	0.00	7.35	798.00
	1361.75	0.00	7.36	800.00
	1361.76	0.00	7.37	800.00
	1361.77	0.00	7.36	800.00
	1361.78	0.00	7.35	800.00
	1361.79	0.00	7.35	799.00
	1361.80	0.00	7.33	800.00
	1361.81	0.00	7.33	799.00
	1361.83	0.00	7.33	799.00
	1361.84	0.00	7.33	801.00
	1361.85	0.00	7.32	800.00
	1361.86	0.00	7.34	803.00
	1361.87	0.00	7.34	800.00
	1361.88	0.00	7.33	798.00
	1361.90	0.00	7.30	792.00
	1361.91	0.00	7.27	784.00
	1361.92	0.00	7.35	801.00
	1361.93	0.00	7.34	800.00
	1361.94	0.00	7.33	797.00
	1361.95	0.00	7.35	798.00
	1361.96	0.00	7.33	798.00
	1361.98	0.00	7.35	798.00
	1361.99	0.00	7.34	795.00
	1362.00	0.00	7.33	796.00
	1362.01	0.00	7.33	794.00
	1362.02	0.00	7.32	795.00
	1362.03	0.00	7.31	795.00
	1362.04	0.00	7.32	795.00
	1362.06	0.00	7.32	796.00
	1362.07	0.00	7.32	795.00
	1362.08	0.00	7.32	795.00
	1362.09	0.00	7.31	794.00
	1362.10	0.00	7.33	794.00
	1362.11	0.00	7.31	794.00
	1362.13	0.00	7.32	794.00
	1362.14	0.00	7.34	795.00
	1362.15	0.00	7.33	795.00
	1362.16	0.00	7.32	794.00
	1362.17	0.00	7.32	794.00
	1362.18	0.00	7.29	794.00
	1362.19	0.00	7.31	791.00
	1362.21	0.00	7.30	791.00
	1362.22	0.00	7.33	789.00
	1362.23	0.00	7.34	788.00
	1362.24	0.00	7.33	787.00
	1362.25	0.00	7.33	790.00
	1362.26	0.00	7.33	786.00
	1362.28	0.00	7.32	791.00
	1362.29	0.00	7.34	791.00
	1362.30	0.00	7.33	791.00
	1362.31	0.00	7.34	791.00
	1362.32	0.00	7.34	790.00
	1362.33	0.00	7.34	789.00
	1362.34	0.00	7.31	786.00
	1362.36	0.00	7.35	790.00
	1362.37	0.00	7.33	789.00
	1362.38	0.00	7.34	789.00
	1362.39	0.00	7.34	788.00
	1362.40	0.00	7.34	789.00
	1362.41	0.00	7.35	788.00
	1362.42	0.00	7.33	788.00
	1362.44	0.00	7.37	791.00
	1362.45	0.00	7.34	788.00
	1362.46	0.00	7.35	786.00
	1362.47	0.00	7.36	786.00
	1362.48	0.00	7.31	784.00
	1362.49	0.00	7.34	785.00
	1362.51	0.00	7.33	783.00
	1362.52	0.00	7.34	782.00
	1362.53	0.00	7.34	782.00
	1362.54	0.00	7.35	782.00
	1362.55	0.00	7.33	781.00
	1362.56	0.00	7.34	782.00
	1362.57	0.00	7.34	782.00
	1362.59	0.00	7.35	784.00
	1362.60	0.00	7.33	779.00
	1362.61	0.00	7.31	777.00
	1362.62	0.00	7.31	775.00
	1362.63	0.00	7.32	779.00
	1362.64	0.00	7.31	776.00
	1362.66	0.00	7.31	778.00
	1362.67	0.00	7.30	777.00
	1362.68	0.00	7.31	777.00
	1362.69	0.00	7.31	776.00
	1362.70	0.00	7.29	777.00
	1362.71	0.00	7.30	777.00
	1362.72	0.00	7.29	777.00
	1362.74	0.00	7.29	775.00
	1362.