
	2367.04	0.00	11.52	955.47
	2367.05	0.00	11.54	958.42
	2367.06	0.00	11.55	958.41
	2367.07	0.00	11.56	955.41
	2367.09	0.00	11.57	950.39
	2367.10	0.00	11.52	939.39
	2367.11	0.00	11.59	949.37
	2367.12	0.00	11.59	948.37
	2367.13	0.00	11.57	948.40
	2367.14	0.00	11.57	944.38
	2367.16	0.00	11.59	948.35
	2367.17	0.00	11.61	949.35
	2367.18	0.00	11.60	947.35
	2367.19	0.00	11.59	949.37
	2367.20	0.00	11.60	949.37
	2367.21	0.00	11.59	947.36
	2367.23	0.00	11.59	946.36
	2367.24	0.00	11.59	947.35
	2367.25	0.00	11.61	949.34
	2367.26	0.00	11.59	946.34
	2367.27	0.00	11.61	946.34
	2367.28	0.00	11.61	946.33
	2367.30	0.00	11.56	937.34
	2367.31	0.00	11.60	946.34
	2367.32	0.00	11.59	944.34
	2367.33	0.00	11.63	948.29
	2367.34	0.00	11.60	949.28
	2367.35	0.00	11.61	952.28
	2367.37	0.00	11.62	952.28
	2367.38	0.00	11.63	952.25
	2367.39	0.00	11.59	948.28
	2367.40	0.00	11.61	951.27
	2367.41	0.00	11.61	951.27
	2367.42	0.00	11.61	951.27
	2367.44	0.00	11.61	941.20
	2367.45	0.00	11.71	948.12
	2367.46	0.00	11.69	948.14
	2367.47	0.00	11.70	947.13
	2367.48	0.00	11.71	950.12
	2367.50	0.00	11.73	950.10
	2367.51	0.00	11.72	947.09
	2367.52	0.00	11.72	947.09
	2367.53	0.00	11.73	951.11
	2367.54	0.00	11.79	960.09
	2367.55	0.00	11.80	961.08
	2367.56	0.00	11.80	961.08
	2367.58	0.00	11.79	961.09
	2367.59	0.00	11.81	962.07
	2367.60	0.00	11.81	961.07
	2367.61	0.00	11.83	960.06
	2367.62	0.00	11.85	960.02
	2367.63	0.00	11.80	959.06
	2367.64	0.00	11.84	962.05
	2367.66	0.00	11.81	957.05
	2367.67	0.00	11.86	961.03
	2367.68	0.00	11.83	961.04
	2367.69	0.00	11.84	960.04
	2367.70	0.00	11.84	961.04
	2367.72	0.00	11.85	960.03
	2367.73	0.00	11.85	962.03
	2367.74	0.00	11.86	961.02
	2367.75	0.00	11.84	958.02
	2367.76	0.00	11.90	962.96
	2367.77	0.00	11.86	961.02
	2367.78	0.00	11.87	962.01
	2367.80	0.00	11.85	960.02
	2367.81	0.00	11.77	957.12
	2367.82	0.00	11.80	957.08
	2367.83	0.00	11.82	959.06
	2367.84	0.00	11.84	960.04
	2367.85	0.00	11.83	958.04
	2367.87	0.00	11.85	964.05
	2367.88	0.00	11.81	959.08
	2367.89	0.00	11.82	958.06
	2367.90	0.00	11.81	960.07
	2367.91	0.00	11.82	960.05
	2367.92	0.00	11.67	960.29
	2367.94	0.00	11.68	960.28
	2367.95	0.00	11.67	960.29
	2367.96	0.00	11.67	960.29
	2367.97	0.00	11.67	959.28
	2367.98	0.00	11.68	959.28
	2367.99	0.00	11.67	958.29
	2368.01	0.00	11.68	957.28
	2368.02	0.00	11.69	960.29
	2368.03	0.00	11.71	963.29
	2368.04	0.00	11.71	967.34
	2368.05	0.00	11.70	968.35
	2368.06	0.00	11.73	975.36
	2368.08	0.00	11.64	982.52
	2368.09	0.00	11.61	988.58
	2368.10	0.00	11.58	992.65
	2368.11	0.00	11.53	997.73
	2368.12	0.00	11.53	999.75
	2368.13	0.00	11.55	1010.76
	2368.15	0.00	11.55	1012.77
	2368.16	0.00	11.56	1014.81
	2368.17	0.00	11.62	1040.84
	2368.18	0.00	11.64	1046.78
	2368.19	0.00	11.55	1056.94
	2368.20	0.00	11.52	1064.99
	2368.22	0.00	11.48	1074.06
	2368.23	0.00	11.37	1073.11
	2368.24	0.00	11.54	1090.81
	2368.25	0.00	11.56	1115.84
	2368.26	0.00	11.53	1131.87
	2368.27	0.00	11.51	1139.89
	2368.29	0.00	11.49	1149.90
	2368.30	0.00	11.49	1161.91
	2368.31	0.00	11.47	1170.92
	2368.32	0.00	11.48	1165.82
	2368.33	0.00	11.35	1173.06
	2368.35	0.00	11.31	1187.14
	2368.36	0.00	11.31	1192.19
	2368.37	0.00	11.27	1201.26
	2368.38	0.00	11.20	1190.23
	2368.39	0.00	11.20	1205.29
	2368.40	0.00	11.24	1221.29
	2368.41	0.00	11.21	1225.30
	2368.43	0.00	11.19	1233.32
	2368.44	0.00	11.18	1245.33
	2368.45	0.00	11.17	1256.33
	2368.46	0.00	11.20	1269.28
	2368.47	0.00	11.18	1274.31
	2368.49	0.00	11.14	1282.33
	2368.50	0.00	11.12	1287.33
	2368.51	0.00	11.08	1295.35
	2368.52	0.00	11.06	1298.36
	2368.53	0.00	11.05	1302.38
	2368.54	0.00	10.99	1303.42
	2368.56	0.00	11.00	1309.43
	2368.57	0.00	10.98	1306.44
	2368.58	0.00	10.98	1309.45
	2368.59	0.00	11.00	1307.40
	2368.60	0.00	10.98	1305.42
	2368.61	0.00	10.95	1297.41
	2368.63	0.00	11.00	1310.41
	2368.64	0.00	11.01	1310.41
	2368.65	0.00	11.01	1313.41
	2368.66	0.00	10.98	1308.42
	2368.67	0.00	10.99	1306.41
	2368.69	0.00	10.97	1307.42
	2368.70	0.00	10.97	1304.42
	2368.71	0.00	10.95	1302.45
	2368.72	0.00	10.99	1306.41
	2368.73	0.00	10.97	1300.41
	2368.75	0.00	10.97	1300.41
	2368.76	0.00	10.97	1297.41
	2368.77	0.00	11.00	1299.35
	2368.78	0.00	10.98	1299.40
	2368.79	0.00	11.00	1298.39
	2368.80	0.00	10.97	1297.44
	2368.81	0.00	10.97	1294.45
	2368.83	0.00	10.97	1295.46
	2368.84	0.00	10.95	1289.46
	2368.85	0.00	11.02	1296.39
	2368.86	0.00	11.01	1297.42
	2368.87	0.00	10.99	1295.45
	2368.88	0.00	11.02	1299.43
	2368.90	0.00	11.01	1299.44
	2368.91	0.00	11.01	1301.44
	2368.92	0.00	11.10	1300.23
	2368.93	0.00	11.13	1304.19
	2368.94	0.00	11.14	1312.20
	2368.96	0.00	11.12	1307.22
	2368.97	0.00	11.13	1310.22
	2368.98	0.00	11.00	1299.41
	2368.99	0.00	10.98	1300.45
	2369.00	0.00	10.98	1300.45
	2369.01	0.00	11.00	1303.46
	2369.03	0.00	11.02	1304.45
	2369.04	0.00	11.03	1306.44
	2369.05	0.00	11.02	1300.40
	2369.06	0.00	11.02	1307.40
	2369.07	0.00	11.02	1308.41
	2369.08	0.00	11.00	1310.41
	2369.10	0.00	10.99	1313.42
	2369.11	0.00	10.99	1315.42
	2369.12	0.00	11.02	1320.36
	2369.13	0.00	11.01	1324.39
	2369.14	0.00	11.00	1323.40
	2369.16	0.00	10.98	1325.41
	2369.17	0.00	10.97	1323.41
	2369.18	0.00	10.94	1320.44
	2369.19	0.00	10.93	1321.45
	2369.20	0.00	10.93	1324.45
	2369.21	0.00	10.92	1324.46
	2369.23	0.00	10.92	1324.46
	2369.24	0.00	10.92	1320.41
	2369.25	0.00	10.93	1322.41
	2369.26	0.00	10.93	1323.40
	2369.27	0.00	10.93	1325.41
	2369.29	0.00	10.91	1323.41
	2369.30	0.00	10.91	1326.42
	2369.31	0.00	10.87	1319.44
	2369.32	0.00	10.90	1325.42
	2369.33	0.00	10.88	1325.42
	2369.34	0.00	10.87	1321.43
	2369.35	0.00	10.86	1320.43
	2369.37	0.00	10.84	1317.44
	2369.38	0.00	10.85	1319.43
	2369.39	0.00	10.85	1320.43
	2369.40	0.00	10.85	1321.43
	2369.41	0.00	10.84	1323.44
	2369.43	0.00	10.83	1326.45
	2369.44	0.00	10.78	1320.48
	2369.45	0.00	10.78	1329.50
	2369.46	0.00	10.77	1331.51
	2369.47	0.00	10.78	1331.50
	2369.48	0.00	10.77	1335.52
	2369.50	0.00	10.76	1333.52
	2369.51	0.00	10.77	1333.48
	2369.52	0.00	10.76	1334.50
	2369.53	0.00	10.73	1334.54
	2369.54	0.00	10.73	1333.52
	2369.56	0.00	10.74	1337.52
	2369.57	0.00	10.80	1334.35
	2369.58	0.00	10.82	1337.31
	2369.59	0.00	10.81	1340.34
	2369.60	0.00	10.78	1336.35
	2369.61	0.00	10.78	1339.36
	2369.63	0.00	10.78	1339.37
	2369.64	0.00	10.67	1333.54
	2369.65	0.00	10.64	1328.56
	2369.66	0.00	10.67	1334.56
	2369.67	0.00	10.67	1335.56
	2369.68	0.00	10.68	1334.56
	2369.70	0.00	10.66	1333.60
	2369.71	0.00	10.65	1322.51
	2369.72	0.00	10.68	1330.52
	2369.73	0.00	10.68	1331.52
	2369.74	0.00	10.68	1333.53
	2369.76	0.00	10.68	1332.53
	2369.77	0.00	10.69	1329.48
	2369.78	0.00	10.74	1339.49
	2369.79	0.00	10.73	1340.50
	2369.80	0.00	10.74	1337.50
	2369.81	0.00	10.75	1336.50
	2369.83	0.00	10.75	1333.50
	2369.84	0.00	10.73	1329.53
	2369.85	0.00	10.75	1329.53
	2369.86	0.00	10.75	1328.57
	2369.87	0.00	10.77	1324.53
	2369.88	0.00	10.77	1323.53
	2369.90	0.00	10.79	1324.53
	2369.91	0.00	10.79	1318.49
	2369.92	0.00	10.81	1321.49
	2369.93	0.00	10.83	1322.48
	2369.94	0.00	10.83	1320.48
	2369.95	0.00	10.84	1321.47
	2369.97	0.00	10.83	1319.48
	2369.98	0.00	10.84	1319.47
	2369.99	0.00	10.84	1320.47
	2370.00	0.00	10.84	1319.47
	2370.01	0.00	10.84	1318.47
	2370.03	0.00	10.86	1321.45
	2370.04	0.00	10.84	1319.47
	2370.05	0.00	10.84	1320.47
	2370.06	0.00	10.84	1321.47
	2370.07	0.00	10.82	1322.50
	2370.08	0.00	10.82	1318.47
	2370.10	0.00	10.84	1322.45
	2370.11	0.00	10.82	1322.49
	2370.12	0.00	10.82	1324.50
	2370.13	0.00	10.82	1323.51
	2370.14	0.00	10.83	1323.51
	2370.15	0.00	10.83	1324.51
	2370.17	0.00	10.84	1326.51
	2370.18	0.00	10.86	1325.46
	2370.19	0.00	10.85	1325.49
	2370.20	0.00	10.85	1322.49
	2370.21	0.00	10.84	1324.49
	2370.23	0.00	10.88	1326.41
	2370.24	0.00	10.92	1326.31
	2370.25	0.00	10.94	1330.33
	2370.26	0.00	10.90	1324.34
	2370.27	0.00	10.90	1328.34
	2370.28	0.00	10.90	1328.34
	2370.30	0.00	10.87	1328.39
	2370.31	0.00	10.77	1320.51
	2370.32	0.00	10.78	1322.53
	2370.33	0.00	10.78	1321.53
	2370.34	0.00	10.77	1320.53
	2370.35	0.00	10.77	1323.53
	2370.37	0.00	10.75	1312.47
	2370.38	0.00	10.76	1317.48
	2370.39	0.00	10.77	1320.49
	2370.40	0.00	10.76	1323.50
	2370.41	0.00	10.76	1321.49
	2370.42	0.00	10.80	1327.43
	2370.44	0.00	10.81	1331.46
	2370.45	0.00	10.80	1330.47
	2370.46	0.00	10.81	1330.46
	2370.47	0.00	10.80	1334.48
	2370.48	0.00	10.76	1326.50
	2370.50	0.00	10.77	1329.51
	2370.51	0.00	10.75	1328.55
	2370.52	0.00	10.76	1327.52
	2370.53	0.00	10.77	1329.52
	2370.54	0.00	10.77	1330.52
	2370.55	0.00	10.77	1328.48
	2370.57	0.00	10.78	1328.48
	2370.58	0.00	10.78	1329.48
	2370.59	0.00	10.78	1328.48
	2370.60	0.00	10.78	1328.47
	2370.61	0.00	10.79	1328.46
	2370.62	0.00	10.77	1326.48
	2370.64	0.00	10.77	1326.47
	2370.65	0.00	10.78	1325.47
	2370.66	0.00	10.78	1326.47
	2370.67	0.00	10.77	1323.46
	2370.68	0.00	10.77	1322.47
	2370.70	0.00	10.77	1325.47
	2370.71	0.00	10.77	1325.47
	2370.72	0.00	10.78	1326.46
	2370.73	0.00	10.77	1327.49
	2370.74	0.00	10.76	1325.50
	2370.75	0.00	10.75	1325.51
	2370.77	0.00	10.75	1325.52
	2370.78	0.00	10.74	1325.53
	2370.79	0.00	10.78	1322.46
	2370.80	0.00	10.78	1326.48
	2370.81	0.00	10.77	1325.49
	2370.82	0.00	10.77	1326.49
	2370.84	0.00	10.76	1324.51
	2370.85	0.00	10.76	1324.50
	2370.86	0.00	10.78	1327.46
	2370.87	0.00	10.83	1324.34
	2370.88	0.00	10.85	1327.33
	2370.89	0.00	10.86	1327.30
	2370.91	0.00	10.84	1326.35
	2370.92	0.00	10.83	1325.35
	2370.93	0.00	10.75	1317.46
	2370.94	0.00	10.72	1318.53
	2370.95	0.00	10.73	1320.53
	2370.97	0.00	10.74	1319.52
	2370.98	0.00	10.75	1319.53
	2370.99	0.00	10.74	1316.52
	2371.00	0.00	10.75	1311.44
	2371.01	0.00	10.75	1316.48
	2371.02	0.00	10.76	1317.48
	2371.04	0.00	10.76	1321.49
	2371.05	0.00	10.76	1322.49
	2371.06	0.00	10.76	1320.48
	2371.07	0.00	10.77	1324.49
	2371.08	0.00	10.81	1329.44
	2371.09	0.00	10.80	1328.45
	2371.11	0.00	10.78	1328.49
	2371.12	0.00	10.78	1324.47
	2371.13	0.00	10.77	1324.48
	2371.14	0.00	10.77	1327.50
	2371.15	0.00	10.77	1326.50
	2371.17	0.00	10.80	1324.44
	2371.18	0.00	10.79	1327.50
	2371.19	0.00	10.78	1325.50
	2371.20	0.00	10.78	1319.46
	2371.21	0.00	10.80	1322.46
	2371.22	0.00	10.80	1321.46
	2371.24	0.00	10.82	1325.45
	2371.25	0.00	10.81	1323.45
	2371.26	0.00	10.81	1322.45
	2371.27	0.00	10.80	1324.48
	2371.28	0.00	10.82	1324.45
	2371.30	0.00	10.80	1321.45
	2371.31	0.00	10.80	1320.45
	2371.32	0.00	10.80	1321.45
	2371.33	0.00	10.79	1320.46
	2371.34	0.00	10.80	1321.45
	2371.35	0.00	10.79	1319.45
	2371.36	0.00	10.80	1321.45
	2371.38	0.00	10.80	1320.45
	2371.39	0.00	10.81	1321.45
	2371.40	0.00	10.80	1322.46
	2371.41	0.00	10.78	1319.47
	2371.42	0.00	10.79	1320.48
	2371.44	0.00	10.78	1319.49
	2371.45	0.00	10.79	1322.49
	2371.46	0.00	10.78	1321.50
	2371.47	0.00	10.80	1321.44
	2371.48	0.00	10.80	1322.46
	2371.50	0.00	10.80	1323.46
	2371.51	0.00	10.80	1324.48
	2371.52	0.00	10.79	1323.49
	2371.53	0.00	10.84	1321.34
	2371.54	0.00	10.85	1321.34
	2371.55	0.00	10.82	1313.32
	2371.57	0.00	10.86	1323.33
	2371.58	0.00	10.86	1323.33
	2371.59	0.00	10.86	1323.34
	2371.60	0.00	10.75	1315.50
	2371.61	0.00	10.76	1318.51
	2371.62	0.00	10.77	1318.51
	2371.64	0.00	10.78	1317.50
	2371.65	0.00	10.78	1309.43
	2371.66	0.00	10.76	1308.45
	2371.67	0.00	10.79	1314.46
	2371.68	0.00	10.79	1315.46
	2371.69	0.00	10.79	1318.47
	2371.71	0.00	10.79	1317.48
	2371.72	0.00	10.84	1326.42
	2371.73	0.00	10.84	1324.43
	2371.74	0.00	10.83	1320.44
	2371.75	0.00	10.84	1322.44
	2371.77	0.00	10.82	1318.47
	2371.78	0.00	10.82	1317.47
	2371.79	0.00	10.82	1317.48
	2371.80	0.00	10.82	1316.48
	2371.81	0.00	10.83	1317.48
	2371.82	0.00	10.82	1318.48
	2371.84	0.00	10.83	1314.43
	2371.85	0.00	10.84	1316.43
	2371.86	0.00	10.85	1315.43
	2371.87	0.00	10.84	1314.44
	2371.88	0.00	10.84	1313.43
	2371.89	0.00	10.83	1312.43
	2371.91	0.00	10.84	1315.43
	2371.92	0.00	10.84	1313.43
	2371.93	0.00	10.85	1314.42
	2371.94	0.00	10.85	1316.42
	2371.95	0.00	10.84	1314.43
	2371.96	0.00	10.82	1311.43
	2371.98	0.00	10.82	1313.45
	2371.99	0.00	10.84	1314.43
	2372.00	0.00	10.83	1316.43
	2372.01	0.00	10.84	1315.41
	2372.02	0.00	10.82	1316.46
	2372.04	0.00	10.82	1317.47
	2372.05	0.00	10.82	1317.47
	2372.06	0.00	10.82	1314.47
	2372.07	0.00	10.82	1316.40	2400.17	0.00	11.47	1053.90
	2400.18	0.00	11.47	1057.91
	2400.1.89
	2400.14	0.00	11.48	1050.89
	2400.16	0.00	11.47	1051.90
	2400.17	0.00	11.47	1053.90
	2400.18	0.00	11.47	1057.91
	2400.19	0.00	11.51	1061.89
	2400.20	0.00	11.49	1056.87
	2400.22	0.00	11.48	1055.87
	2400.23	0.00	11.51	1058.84
	2400.24	0.00	11.50	1062.87
	2400.25	0.00	11.49	1063.89
	2400.26	0.00	11.49	1064.89
	2400.27	0.00	11.51	1065.87
	2400.28	0.00	11.50	1067.90
	2400.30	0.00	11.49	1067.91
	2400.31	0.00	11.50	1070.91
	2400.32	0.00	11.49	1071.94
	2400.33	0.00	11.51	1071.92
	2400.34	0.00	11.50	1073.92
	2400.36	0.00	11.50	1074.93
	2400.37	0.00	11.50	1074.93
	2400.38	0.00	11.49	1073.93
	2400.39	0.00	11.49	1077.95
	2400.40	0.00	11.49	1077.96
	2400.41	0.00	11.48	1078.96
	2400.42	0.00	11.48	1076.97
	2400.44	0.00	11.45	1071.97
	2400.45	0.00	11.45	1072.97
	2400.46	0.00	11.43	1069.98
	2400.47	0.00	11.43	1070.98
	2400.48	0.00	11.43	1071.98
	2400.50	0.00	11.45	1073.98
	2400.51	0.00	11.45	1074.98
	2400.52	0.00	11.45	1073.98
	2400.53	0.00	11.42	1069.98
	2400.54	0.00	11.43	1071.98
	2400.55	0.00	11.43	1071.99
	2400.57	0.00	11.40	1068.00
	2400.58	0.00	11.39	1064.00
	2400.59	0.00	11.37	1064.03
	2400.60	0.00	11.32	1054.04
	2400.61	0.00	11.30	1053.06
	2400.62	0.00	11.29	1050.06
	2400.64	0.00	11.28	1053.08
	2400.65	0.00	11.26	1047.09
	2400.66	0.00	11.25	1046.09
	2400.67	0.00	11.22	1044.12
	2400.68	0.00	11.14	1019.11
	2400.69	0.00	11.15	1017.11
	2400.71	0.00	11.11	1012.11
	2400.72	0.00	11.10	1010.10
	2400.73	0.00	11.08	1007.13
	2400.74	0.00	11.10	1004.10
	2400.75	0.00	11.10	1007.10
	2400.76	0.00	11.06	998.10
	2400.78	0.00	11.07	994.04
	2400.79	0.00	11.02	993.10
	2400.80	0.00	11.01	989.10
	2400.81	0.00	11.02	985.06
	2400.82	0.00	10.97	977.08
	2400.83	0.00	11.00	982.06
	2400.85	0.00	10.96	973.05
	2400.86	0.00	10.93	966.04
	2400.87	0.00	10.87	954.02
	2400.88	0.00	10.80	940.00
	2400.89	0.00	10.74	927.97
	2400.90	0.00	10.70	918.95
	2400.92	0.00	10.68	912.93
	2400.93	0.00	10.65	903.90
	2400.94	0.00	10.53	881.89
	2400.95	0.00	10.59	895.89
	2400.96	0.00	10.59	889.88
	2400.97	0.00	10.58	882.86
	2400.99	0.00	10.58	880.83
	2401.00	0.00	10.53	875.86
	2401.01	0.00	10.53	874.85
	2401.02	0.00	10.52	875.87
	2401.03	0.00	10.55	882.88
	2401.04	0.00	10.60	890.89
	2401.06	0.00	10.61	895.91
	2401.07	0.00	10.66	900.90
	2401.08	0.00	10.68	904.91
	2401.09	0.00	10.77	914.90
	2401.10	0.00	10.82	922.90
	2401.11	0.00	10.86	928.90
	2401.13	0.00	10.92	936.91
	2401.14	0.00	10.97	943.90
	2401.15	0.00	11.05	955.89
	2401.16	0.00	11.09	959.87
	2401.17	0.00	11.13	965.87
	2401.18	0.00	11.15	965.84
	2401.20	0.00	11.16	973.89
	2401.21	0.00	11.19	980.89
	2401.22	0.00	11.22	986.90
	2401.23	0.00	11.21	988.92
	2401.24	0.00	11.24	994.91
	2401.25	0.00	11.25	996.91
	2401.27	0.00	11.24	1000.92
	2401.28	0.00	11.28	1004.86
	2401.29	0.00	11.24	1005.93
	2401.30	0.00	11.21	1006.94
	2401.31	0.00	11.19	1000.94
	2401.32	0.00	11.18	1004.95
	2401.34	0.00	11.17	1003.94
	2401.35	0.00	11.16	1007.95
	2401.36	0.00	11.16	998.94
	2401.37	0.00	11.16	1001.95
	2401.38	0.00	11.14	1003.97
	2401.39	0.00	11.17	1007.91
	2401.41	0.00	11.13	1006.98
	2401.42	0.00	11.10	1007.99
	2401.43	0.00	11.13	1011.97
	2401.44	0.00	11.13	1011.99
	2401.45	0.00	11.17	1032.03
	2401.46	0.00	11.16	1037.06
	2401.48	0.00	11.16	1040.08
	2401.49	0.00	11.19	1048.08
	2401.50	0.00	11.20	1055.09
	2401.51	0.00	11.19	1057.10
	2401.52	0.00	11.18	1060.12
	2401.54	0.00	11.18	1062.13
	2401.55	0.00	11.16	1068.17
	2401.56	0.00	11.14	1068.19
	2401.57	0.00	11.13	1068.21
	2401.58	0.00	11.10	1066.23
	2401.59	0.00	11.12	1070.23
	2401.60	0.00	11.11	1070.24
	2401.62	0.00	11.10	1070.25
	2401.63	0.00	11.08	1065.26
	2401.64	0.00	11.11	1063.20
	2401.65	0.00	11.12	1067.20
	2401.66	0.00	11.10	1067.22
	2401.68	0.00	11.11	1066.19
	2401.69	0.00	11.05	1057.24
	2401.70	0.00	11.05	1060.25
	2401.71	0.00	11.04	1059.25
	2401.72	0.00	11.02	1060.26
	2401.73	0.00	11.02	1059.26
	2401.75	0.00	11.00	1056.26
	2401.76	0.00	10.97	1052.27
	2401.77	0.00	10.97	1049.27
	2401.78	0.00	10.96	1050.30
	2401.79	0.00	11.08	1045.06
	2401.80	0.00	11.16	1048.93
	2401.82	0.00	11.18	1051.91
	2401.83	0.00	11.20	1054.92
	2401.84	0.00	11.17	1050.94
	2401.85	0.00	11.23	1057.91
	2401.86	0.00	11.24	1060.92
	2401.87	0.00	11.23	1061.94
	2401.89	0.00	11.24	1062.93
	2401.90	0.00	11.25	1062.92
	2401.91	0.00	11.31	1074.93
	2401.92	0.00	11.31	1076.94
	2401.93	0.00	11.31	1076.95
	2401.94	0.00	11.32	1076.96
	2401.96	0.00	11.31	1076.96
	2401.97	0.00	11.31	1077.97
	2401.98	0.00	11.31	1078.98
	2401.99	0.00	11.32	1078.97
	2402.00	0.00	11.32	1078.97
	2402.01	0.00	11.32	1079.97
	2402.03	0.00	11.32	1076.97
	2402.04	0.00	11.32	1079.98
	2402.05	0.00	11.35	1064.83
	2402.06	0.00	11.31	1064.88
	2402.07	0.00	11.24	1064.99
	2402.08	0.00	11.31	1065.89
	2402.10	0.00	11.34	1065.85
	2402.11	0.00	11.30	1066.92
	2402.12	0.00	11.26	1068.00
	2402.13	0.00	11.23	1068.06
	2402.14	0.00	11.22	1070.09
	2402.15	0.00	11.22	1070.12
	2402.17	0.00	11.22	1064.14
	2402.18	0.00	11.21	1065.19
	2402.19	0.00	11.25	1069.14
	2402.20	0.00	11.26	1069.13
	2402.21	0.00	11.27	1065.12
	2402.23	0.00	11.28	1067.11
	2402.24	0.00	11.25	1061.14
	2402.25	0.00	11.30	1069.13
	2402.26	0.00	11.30	1067.12
	2402.27	0.00	11.30	1069.15
	2402.28	0.00	11.33	1071.11
	2402.30	0.00	11.33	1073.12
	2402.31	0.00	11.29	1060.10
	2402.32	0.00	11.22	1048.13
	2402.33	0.00	11.23	1056.16
	2402.34	0.00	11.25	1065.19
	2402.35	0.00	11.26	1071.20
	2402.37	0.00	11.27	1073.20
	2402.38	0.00	11.23	1064.21
	2402.39	0.00	11.30	1075.19
	2402.40	0.00	11.30	1077.20
	2402.41	0.00	11.31	1078.20
	2402.42	0.00	11.32	1075.21
	2402.44	0.00	11.33	1079.21
	2402.45	0.00	11.32	1079.21
	2402.46	0.00	11.32	1083.22
	2402.47	0.00	11.32	1082.22
	2402.48	0.00	11.32	1084.22
	2402.50	0.00	11.32	1082.23
	2402.51	0.00	11.32	1083.22
	2402.52	0.00	11.25	1066.20
	2402.53	0.00	11.31	1078.18
	2402.54	0.00	11.34	1087.19
	2402.55	0.00	11.35	1089.20
	2402.57	0.00	11.35	1091.21
	2402.58	0.00	11.39	1089.15
	2402.59	0.00	11.36	1090.20
	2402.60	0.00	11.35	1091.21
	2402.61	0.00	11.38	1094.21
	2402.62	0.00	11.35	1092.23
	2402.63	0.00	11.32	1083.24
	2402.65	0.00	11.33	1086.24
	2402.66	0.00	11.33	1087.24
	2402.67	0.00	11.35	1083.18
	2402.68	0.00	11.30	1078.25
	2402.69	0.00	11.30	1079.25
	2402.71	0.00	11.27	1073.25
	2402.72	0.00	11.28	1078.27
	2402.73	0.00	11.31	1082.25
	2402.74	0.00	11.33	1084.23
	2402.75	0.00	11.33	1087.24
	2402.76	0.00	11.34	1087.23
	2402.78	0.00	11.35	1089.24
	2402.79	0.00	11.36	1089.24
	2402.80	0.00	11.36	1086.23
	2402.81	0.00	11.35	1084.23
	2402.82	0.00	11.35	1085.26
	2402.83	0.00	11.37	1085.23
	2402.85	0.00	11.36	1083.22
	2402.86	0.00	11.37	1080.21
	2402.87	0.00	11.33	1075.24
	2402.88	0.00	11.35	1071.19
	2402.89	0.00	11.36	1070.17
	2402.90	0.00	11.31	1047.16
	2402.92	0.00	11.30	1046.16
	2402.93	0.00	11.33	1047.13
	2402.94	0.00	11.33	1043.11
	2402.95	0.00	11.34	1039.09
	2402.96	0.00	11.36	1034.04
	2402.97	0.00	11.34	1023.03
	2402.99	0.00	11.38	1026.99
	2403.00	0.00	11.41	1015.89
	2403.01	0.00	11.49	1015.79
	2403.02	0.00	11.57	1012.69
	2403.03	0.00	11.62	1016.64
	2403.04	0.00	11.65	1010.58
	2403.06	0.00	11.69	1005.50
	2403.07	0.00	11.80	1003.30
	2403.08	0.00	11.79	1005.33
	2403.09	0.00	11.82	1004.29
	2403.10	0.00	11.93	1001.13
	2403.12	0.00	11.99	1001.04
	2403.13	0.00	12.01	997.97
	2403.14	0.00	12.05	998.93
	2403.15	0.00	12.06	997.89
	2403.16	0.00	12.07	992.85
	2403.17	0.00	12.11	990.78
	2403.18	0.00	12.14	1013.84
	2403.20	0.00	12.04	986.84
	2403.21	0.00	12.06	988.83
	2403.22	0.00	12.05	988.84
	2403.23	0.00	12.05	991.86
	2403.24	0.00	12.10	1013.88
	2403.25	0.00	12.03	991.90
	2403.27	0.00	12.08	1013.92
	2403.28	0.00	12.08	1007.87
	2403.29	0.00	12.07	1011.89
	2403.30	0.00	12.09	1011.89
	2403.31	0.00	12.07	999.89
	2403.32	0.00	12.07	1000.89
	2403.34	0.00	12.17	1023.86
	2403.35	0.00	12.12	1004.86
	2403.36	0.00	12.20	1025.82
	2403.37	0.00	12.21	1025.81
	2403.38	0.00	12.16	1007.81
	2403.39	0.00	12.19	1009.78
	2403.41	0.00	12.26	1033.79
	2403.42	0.00	12.29	1035.76
	2403.43	0.00	12.34	1037.70
	2403.44	0.00	12.37	1032.64
	2403.45	0.00	12.41	1035.60
	2403.47	0.00	12.32	1036.74
	2403.48	0.00	12.31	1038.76
	2403.49	0.00	12.27	1019.75
	2403.50	0.00	12.27	1019.73
	2403.51	0.00	12.33	1018.64
	2403.52	0.00	12.45	1043.61
	2403.53	0.00	12.48	1046.57
	2403.55	0.00	12.43	1049.66
	2403.56	0.00	12.42	1050.68
	2403.57	0.00	12.41	1052.70
	2403.58	0.00	12.39	1052.73
	2403.59	0.00	12.38	1052.75
	2403.60	0.00	12.38	1054.76
	2403.62	0.00	12.37	1052.77
	2403.63	0.00	12.36	1053.78
	2403.64	0.00	12.29	1035.80
	2403.65	0.00	12.35	1053.80
	2403.66	0.00	12.33	1052.81
	2403.68	0.00	12.34	1051.82
	2403.69	0.00	12.26	1032.84
	2403.70	0.00	12.25	1031.84
	2403.71	0.00	12.25	1028.83
	2403.72	0.00	12.25	1029.84
	2403.73	0.00	12.26	1029.82
	2403.75	0.00	12.30	1047.84
	2403.76	0.00	12.30	1048.84
	2403.77	0.00	12.27	1044.85
	2403.78	0.00	12.23	1029.85
	2403.79	0.00	12.28	1047.85
	2403.80	0.00	12.22	1025.85
	2403.82	0.00	12.22	1026.85
	2403.83	0.00	12.28	1048.86
	2403.84	0.00	12.26	1046.88
	2403.85	0.00	12.23	1047.92
	2403.86	0.00	12.19	1046.99
	2403.87	0.00	12.12	1024.00
	2403.89	0.00	12.06	1020.02
	2403.90	0.00	12.10	1036.02
	2403.91	0.00	12.09	1026.03
	2403.92	0.00	12.16	1045.02
	2403.93	0.00	12.10	1027.03
	2403.94	0.00	12.04	1015.03
	2403.96	0.00	12.10	1036.03
	2403.97	0.00	12.13	1036.98
	2403.98	0.00	12.06	1021.03
	2403.99	0.00	12.05	1019.03
	2404.00	0.00	12.05	1018.03
	2404.01	0.00	12.03	1015.03
	2404.03	0.00	12.05	1017.02
	2404.04	0.00	12.12	1037.01
	2404.05	0.00	12.06	1017.00
	2404.06	0.00	12.14	1037.99
	2404.07	0.00	12.14	1038.99
	2404.08	0.00	12.14	1041.00
	2404.10	0.00	12.14	1038.98
	2404.11	0.00	12.14	1036.97
	2404.12	0.00	12.14	1039.99
	2404.13	0.00	12.17	1043.97
	2404.14	0.00	12.16	1039.97
	2404.15	0.00	12.14	1038.99
	2404.17	0.00	12.12	1040.02
	2404.18	0.00	12.06	1036.07
	2404.19	0.00	12.01	1042.19
	2404.20	0.00	11.96	1043.26
	2404.21	0.00	11.95	1045.25
	2404.23	0.00	11.81	1018.35
	2404.24	0.00	11.78	1024.41
	2404.25	0.00	11.78	1024.44
	2404.26	0.00	11.79	1021.43
	2404.27	0.00	11.81	1024.41
	2404.28	0.00	11.79	1023.42
	2404.29	0.00	11.79	1025.43
	2404.31	0.00	11.78	1024.44
	2404.32	0.00	11.77	1020.43
	2404.33	0.00	11.81	1023.40
	2404.34	0.00	11.83	1022.35
	2404.35	0.00	11.89	1022.26
	2404.37	0.00	11.95	1020.18
	2404.38	0.00	11.98	1020.12
	2404.39	0.00	12.04	1020.04
	2404.40	0.00	12.04	1020.04
	2404.41	0.00	12.01	1019.08
	2404.42	0.00	11.99	1019.11
	2404.43	0.00	12.00	1021.10
	2404.45	0.00	12.01	1022.10
	2404.46	0.00	12.02	1022.08
	2404.47	0.00	12.02	1025.09
	2404.48	0.00	12.03	1021.07
	2404.49	0.00	12.03	1022.07
	2404.50	0.00	12.04	1022.05
	2404.52	0.00	12.04	1025.07
	2404.53	0.00	12.03	1021.07
	2404.54	0.00	12.02	1022.08
	2404.55	0.00	12.02	1022.08
	2404.56	0.00	12.03	1021.08
	2404.58	0.00	12.03	1022.08
	2404.59	0.00	12.03	1021.09
	2404.60	0.00	12.00	1023.12
	2404.61	0.00	11.96	1025.20
	2404.62	0.00	11.86	1025.35
	2404.63	0.00	11.79	1027.44
	2404.64	0.00	11.75	1023.50
	2404.66	0.00	11.68	1024.56
	2404.67	0.00	11.67	1027.59
	2404.68	0.00	11.61	1027.66
	2404.69	0.00	11.63	1035.69
	2404.70	0.00	11.60	1030.70
	2404.72	0.00	11.60	1033.72
	2404.73	0.00	11.60	1035.73
	2404.74	0.00	11.60	1035.74
	2404.75	0.00	11.59	1038.77
	2404.76	0.00	11.61	1039.75
	2404.77	0.00	11.62	1038.75
	2404.79	0.00	11.60	1039.76
	2404.80	0.00	11.62	1041.75
	2404.81	0.00	11.60	1041.77
	2404.82	0.00	11.63	1042.74
	2404.83	0.00	11.64	1042.73
	2404.84	0.00	11.64	1043.73
	2404.86	0.00	11.63	1044.75
	2404.87	0.00	11.66	1045.73
	2404.88	0.00	11.65	1046.73
	2404.89	0.00	11.65	1048.73
	2404.90	0.00	11.64	1047.75
	2404.91	0.00	11.72	1049.63
	2404.93	0.00	11.73	1049.61
	2404.94	0.00	11.71	1047.63
	2404.95	0.00	11.71	1045.64
	2404.96	0.00	11.74	1046.61
	2404.97	0.00	11.74	1044.60
	2404.98	0.00	11.74	1044.59
	2405.00	0.00	11.76	1043.56
	2405.01	0.00	11.77	1044.56
	2405.02	0.00	11.78	1046.55
	2405.03	0.00	11.77	1041.56
	2405.04	0.00	11.78	1040.55
	2405.05	0.00	11.76	1040.57
	2405.07	0.00	11.74	1040.58
	2405.08	0.00	11.75	1040.59
	2405.09	0.00	11.75	1041.60
	2405.10	0.00	11.74	1040.60
	2405.11	0.00	11.74	1039.60
	2405.12	0.00	11.74	1040.60
	2405.14	0.00	11.75	1040.59
	2405.15	0.00	11.73	1034.57
	2405.16	0.00	11.74	1035.57
	2405.17	0.00	11.74	1033.57
	2405.18	0.00	11.74	1035.57
	2405.19	0.00	11.73	1033.57
	2405.21	0.00	11.74	1033.56
	2405.22	0.00	11.74	1033.57
	2405.23	0.00	11.73	1034.59
	2405.24	0.00	11.72	1034.60
	2405.25	0.00	11.72	1036.60
	2405.26	0.00	11.73	1037.61
	2405.28	0.00	11.72	1034.61
	2405.29	0.00	11.71	1035.62
	2405.30	0.00	11.75	1056.66
	2405.31	0.00	11.66	1029.67
	2405.32	0.00	11.68	1034.68
	2405.34	0.00	11.68	1036.68
	2405.35	0.00	11.68	1036.67
	2405.36	0.00	11.69	1037.68
	2405.37	0.00	11.69	1038.67
	2405.38	0.00	11.69	1035.66
	2405.39	0.00	11.70	1036.65
	2405.41	0.00	11.77	1044.54
	2405.42	0.00	11.83	1028.37
	2405.43	0.00	11.88	1029.33
	2405.44	0.00	11.94	1052.33
	2405.45	0.00	11.93	1053.36
	2405.46	0.00	11.89	1032.33
	2405.48	0.00	11.89	1032.33
	2405.49	0.00	11.90	1034.33
	2405.50	0.00	11.96	1056.34
	2405.51	0.00	11.90	1035.35
	2405.52	0.00	11.90	1035.35
	2405.53	0.00	11.90	1035.35
	2405.55	0.00	11.88	1035.39
	2405.56	0.00	11.89	1038.38
	2405.57	0.00	11.87	1037.39
	2405.58	0.00	11.87	1036.40
	2405.59	0.00	11.85	1039.42
	2405.60	0.00	11.79	1031.43
	2405.62	0.00	11.81	1033.44
	2405.63	0.00	11.84	1039.44
	2405.64	0.00	11.83	1027.37
	2405.65	0.00	11.82	1026.35
	2405.66	0.00	11.76	1018.41
	2405.67	0.00	11.76	1028.48
	2405.69	0.00	11.74	1030.52
	2405.70	0.00	11.73	1024.56
	2405.71	0.00	11.74	1024.57
	2405.72	0.00	11.73	1026.59
	2405.73	0.00	11.72	1023.59
	2405.75	0.00	11.71	1026.61
	2405.76	0.00	11.73	1029.59
	2405.77	0.00	11.71	1026.61
	2405.78	0.00	11.65	1016.62
	2405.79	0.00	11.55	996.64
	2405.80	0.00	11.62	1005.60
	2405.81	0.00	11.63	1012.63
	2405.83	0.00	11.59	999.61
	2405.84	0.00	11.56	996.62
	2405.85	0.00	11.55	997.63
	2405.86	0.00	11.57	1004.65
	2405.87	0.00	11.57	1006.67
	2405.88	0.00	11.59	1010.68
	2405.90	0.00	11.59	1014.71
	2405.91	0.00	11.57	1007.68
	2405.92	0.00	11.61	1014.68
	2405.93	0.00	11.60	1013.68
	2405.94	0.00	11.60	1014.69
	2405.95	0.00	11.65	1016.68
	2405.97	0.00	11.62	1014.67
	2405.98	0.00	11.64	1017.66
	2405.99	0.00	11.64	1019.65
	2406.00	0.00	11.64	1019.66
	2406.01	0.00	11.64	1018.65
	2406.02	0.00	11.64	1019.66
	2406.04	0.00	11.64	1019.65
	2406.05	0.00	11.64	1019.66
	2406.06	0.00	11.64	1020.64
	2406.07	0.00	11.60	1004.59
	2406.08	0.00	11.66	1016.59
	2406.09	0.00	11.70	1030.58
	2406.11	0.00	11.66	1023.58
	2406.12	0.00	11.67	1019.58
	2406.13	0.00	11.76	1045.58
	2406.14	0.00	11.76	1048.60
	2406.15	0.00	11.77	1048.59
	2406.16	0.00	11.72	1030.60
	2406.18	0.00	11.71	1032.60
	2406.19	0.00	11.70	1032.62
	2406.20	0.00	11.67	1028.61
	2406.21	0.00	11.70	1033.61
	2406.22	0.00	11.71	1031.61
	2406.24	0.00	11.71	1031.61
	2406.25	0.00	11.69	1032.63
	2406.26	0.00	11.71	1034.61
	2406.27	0.00	11.69	1033.62
	2406.28	0.00	11.67	1026.62
	2406.29	0.00	11.67	1028.63
	2406.30	0.00	11.67	1031.64
	2406.32	0.00	11.66	1025.63
	2406.33	0.00	11.67	1028.64
	2406.34	0.00	11.67	1032.66
	2406.35	0.00	11.67	1033.67
	2406.36	0.00	11.66	1033.67
	2406.38	0.00	11.73	1055.68
	2406.39	0.00	11.67	1035.68
	2406.40	0.00	11.68	1035.68
	2406.41	0.00	11.68	1037.68
	2406.42	0.00	11.72	1055.69
	2406.43	0.00	11.67	1037.70
	2406.45	0.00	11.73	1055.70
	2406.46	0.00	11.67	1036.70
	2406.47	0.00	11.67	1036.70
	2406.48	0.00	11.67	1035.70
	2406.49	0.00	11.72	1055.71
	2406.50	0.00	11.75	1059.69
	2406.51	0.00	11.73	1057.69
	2406.53	0.00	11.67	1037.69
	2406.54	0.00	11.74	1057.68
	2406.55	0.00	11.72	1052.67
	2406.56	0.00	11.73	1056.67
	2406.57	0.00	11.72	1054.68
	2406.59	0.00	11.72	1051.68
	2406.60	0.00	11.73	1055.67
	2406.61	0.00	11.74	1059.67
	2406.62	0.00	11.74	1058.67
	2406.63	0.00	11.68	1039.67
	2406.64	0.00	11.70	1039.66
	2406.66	0.00	11.75	1060.67
	2406.67	0.00	11.75	1058.66
	2406.68	0.00	11.65	1028.66
	2406.69	0.00	11.70	1048.67
	2406.70	0.00	11.60	1017.66
	2406.71	0.00	11.71	1048.65
	2406.73	0.00	11.72	1049.65
	2406.74	0.00	11.70	1045.64
	2406.75	0.00	11.69	1042.62
	2406.76	0.00	11.69	1043.62
	2406.77	0.00	11.70	1043.62
	2406.78	0.00	11.69	1044.63
	2406.80	0.00	11.64	1025.62
	2406.81	0.00	11.69	1048.64
	2406.82	0.00	11.68	1045.65
	2406.83	0.00	11.68	1043.65
	2406.84	0.00	11.69	1044.65
	2406.85	0.00	11.64	1036.66
	2406.87	0.00	11.67	1044.66
	2406.88	0.00	11.67	1046.67
	2406.89	0.00	11.67	1045.67
	2406.90	0.00	11.60	1023.67
	2406.91	0.00	11.66	1044.68
	2406.92	0.00	11.60	1026.69
	2406.94	0.00	11.59	1025.71
	2406.95	0.00	11.67	1045.68
	2406.96	0.00	11.58	1018.68
	2406.97	0.00	11.64	1037.68
	2406.98	0.00	11.64	1040.70
	2407.00	0.00	11.59	1020.69
	2407.01	0.00	11.60	1021.68
	2407.02	0.00	11.67	1044.68
	2407.03	0.00	11.67	1044.68
	2407.04	0.00	11.66	1043.70
	2407.05	0.00	11.63	1026.69
	2407.06	0.00	11.61	1021.69
	2407.08	0.00	11.67	1043.69
	2407.09	0.00	11.67	1042.70
	2407.10	0.00	11.68	1041.69
	2407.11	0.00	11.68	1043.69
	2407.12	0.00	11.61	1022.69
	2407.14	0.00	11.67	1043.69
	2407.15	0.00	11.66	1041.69
	2407.16	0.00	11.61	1023.69
	2407.17	0.00	11.61	1023.69
	2407.18	0.00	11.73	1043.60
	2407.19	0.00	11.67	1022.58
	2407.20	0.00	11.66	1023.61
	2407.22	0.00	11.67	1024.60
	2407.23	0.00	11.74	1043.58
	2407.24	0.00	11.66	1020.58
	2407.25	0.00	11.66	1021.60
	2407.26	0.00	11.65	1024.62
	2407.28	0.00	11.66	1024.63
	2407.29	0.00	11.71	1045.64
	2407.30	0.00	11.64	1024.65
	2407.31	0.00	11.64	1023.65
	2407.32	0.00	11.63	1025.66
	2407.33	0.00	11.69	1045.66
	2407.35	0.00	11.63	1024.66
	2407.36	0.00	11.62	1024.67
	2407.37	0.00	11.62	1026.67
	2407.38	0.00	11.68	1047.68
	2407.39	0.00	11.60	1020.66
	2407.40	0.00	11.61	1024.66
	2407.42	0.00	11.59	1023.69
	2407.43	0.00	11.59	1024.70
	2407.44	0.00	11.56	1017.70
	2407.45	0.00	11.60	1025.68
	2407.46	0.00	11.57	1024.71
	2407.47	0.00	11.55	1026.76
	2407.49	0.00	11.60	1030.74
	2407.50	0.00	11.57	1022.75
	2407.51	0.00	11.57	1021.75
	2407.52	0.00	11.62	1042.77
	2407.53	0.00	11.64	1043.75
	2407.54	0.00	11.58	1023.75
	2407.56	0.00	11.58	1023.75
	2407.57	0.00	11.64	1044.75
	2407.58	0.00	11.58	1024.75
	2407.59	0.00	11.69	1012.48
	2407.60	0.00	11.75	1018.44
	2407.61	0.00	11.81	1041.44
	2407.63	0.00	11.84	1041.42
	2407.64	0.00	11.76	1021.44
	2407.65	0.00	11.74	1019.45
	2407.66	0.00	11.75	1021.46
	2407.67	0.00	11.82	1041.46
	2407.68	0.00	11.69	1011.47
	2407.70	0.00	11.74	1024.48
	2407.71	0.00	11.74	1025.48
	2407.72	0.00	11.73	1024.49
	2407.73	0.00	11.72	1020.48
	2407.74	0.00	11.74	1024.48
	2407.75	0.00	11.74	1025.48
	2407.77	0.00	11.72	1024.51
	2407.78	0.00	11.76	1013.37
	2407.79	0.00	11.72	1013.42
	2407.80	0.00	11.74	1014.40
	2407.81	0.00	11.76	1012.36
	2407.82	0.00	11.72	1013.43
	2407.84	0.00	11.68	1013.49
	2407.85	0.00	11.65	1016.55
	2407.86	0.00	11.64	1015.59
	2407.87	0.00	11.64	1012.61
	2407.88	0.00	11.61	1006.62
	2407.90	0.00	11.62	1011.64
	2407.91	0.00	11.61	1008.64
	2407.92	0.00	11.63	1010.64
	2407.93	0.00	11.62	1012.64
	2407.94	0.00	11.62	1012.64
	2407.95	0.00	11.62	1012.65
	2407.96	0.00	11.61	999.58
	2407.98	0.00	11.51	984.62
	2407.99	0.00	11.49	981.63
	2408.00	0.00	11.49	983.65
	2408.01	0.00	11.54	995.64
	2408.02	0.00	11.55	991.61
	2408.03	0.00	11.51	982.62
	2408.05	0.00	11.50	980.63
	2408.06	0.00	11.52	984.64
	2408.07	0.00	11.53	989.65
	2408.08	0.00	11.55	990.65
	2408.09	0.00	11.57	994.65
	2408.10	0.00	11.58	997.65
	2408.12	0.00	11.57	997.67
	2408.13	0.00	11.59	998.63
	2408.14	0.00	11.59	992.60
	2408.15	0.00	11.59	989.57
	2408.16	0.00	11.62	989.53
	2408.17	0.00	11.62	989.53
	2408.19	0.00	11.64	990.52
	2408.20	0.00	11.63	989.52
	2408.21	0.00	11.64	986.49
	2408.22	0.00	11.60	980.50
	2408.23	0.00	11.61	982.50
	2408.25	0.00	11.61	984.51
	2408.26	0.00	11.65	987.47
	2408.27	0.00	11.62	986.50
	2408.28	0.00	11.63	986.50
	2408.29	0.00	11.64	984.47
	2408.30	0.00	11.63	980.45
	2408.31	0.00	11.62	972.41
	2408.33	0.00	11.63	978.43
	2408.34	0.00	11.64	979.43
	2408.35	0.00	11.65	982.43
	2408.36	0.00	11.64	979.43
	2408.37	0.00	11.66	981.41
	2408.38	0.00	11.67	981.40
	2408.40	0.00	11.67	978.38
	2408.41	0.00	11.66	973.36
	2408.42	0.00	11.67	971.35
	2408.43	0.00	11.66	973.35
	2408.44	0.00	11.67	976.36
	2408.45	0.00	11.68	980.37
	2408.47	0.00	11.67	972.36
	2408.48	0.00	11.64	967.33
	2408.49	0.00	11.64	964.31
	2408.50	0.00	11.73	979.31
	2408.51	0.00	11.74	981.31
	2408.52	0.00	11.77	986.31
	2408.54	0.00	11.77	988.32
	2408.55	0.00	11.77	991.34
	2408.56	0.00	11.75	994.37
	2408.57	0.00	11.73	991.38
	2408.58	0.00	11.75	994.39
	2408.59	0.00	11.73	991.38
	2408.60	0.00	11.69	984.39
	2408.62	0.00	11.71	987.38
	2408.63	0.00	11.72	988.38
	2408.64	0.00	11.72	991.39
	2408.65	0.00	11.73	995.40
	2408.66	0.00	11.74	995.38
	2408.67	0.00	11.71	994.42
	2408.69	0.00	11.69	991.42
	2408.70	0.00	11.69	989.41
	2408.71	0.00	11.68	991.44
	2408.72	0.00	11.69	992.43
	2408.73	0.00	11.67	991.45
	2408.75	0.00	11.67	992.46
	2408.76	0.00	11.63	990.51
	2408.77	0.00	11.57	979.52
	2408.78	0.00	11.57	980.52
	2408.79	0.00	11.55	979.54
	2408.80	0.00	11.60	978.45
	2408.81	0.00	11.54	977.53
	2408.83	0.00	11.51	966.51
	2408.84	0.00	11.50	965.50
	2408.85	0.00	11.48	961.51
	2408.86	0.00	11.48	964.52
	2408.87	0.00	11.48	964.52
	2408.88	0.00	11.39	948.52
	2408.90	0.00	11.37	940.50
	2408.91	0.00	11.35	936.51
	2408.92	0.00	11.50	964.50
	2408.93	0.00	11.41	947.49
	2408.94	0.00	11.35	932.47
	2408.95	0.00	11.38	940.48
	2408.97	0.00	11.42	946.48
	2408.98	0.00	11.39	943.47
	2408.99	0.00	11.39	938.46
	2409.00	0.00	11.38	936.46
	2409.01	0.00	11.34	932.48
	2409.02	0.00	11.31	925.46
	2409.03	0.00	11.31	922.46
	2409.05	0.00	11.32	923.46
	2409.06	0.00	11.29	921.49
	2409.07	0.00	11.32	925.46
	2409.08	0.00	11.34	925.45
	2409.09	0.00	11.35	924.43
	2409.11	0.00	11.39	927.39
	2409.12	0.00	11.38	931.44
	2409.13	0.00	11.36	928.44
	2409.14	0.00	11.35	927.44
	2409.15	0.00	11.37	929.44
	2409.16	0.00	11.36	928.44
	2409.18	0.00	11.38	931.43
	2409.19	0.00	11.39	932.42
	2409.20	0.00	11.39	934.44
	2409.21	0.00	11.40	935.43
	2409.22	0.00	11.35	928.46
	2409.23	0.00	11.39	940.47
	2409.25	0.00	11.40	940.47
	2409.26	0.00	11.44	941.42
	2409.27	0.00	11.36	931.45
	2409.28	0.00	11.42	943.42
	2409.29	0.00	11.45	944.40
	2409.30	0.00	11.46	945.40
	2409.31	0.00	11.50	946.37
	2409.33	0.00	11.50	944.37
	2409.34	0.00	11.49	943.37
	2409.35	0.00	11.49	943.37
	2409.36	0.00	11.50	949.33
	2409.37	0.00	11.51	952.33
	2409.38	0.00	11.49	951.34
	2409.40	0.00	11.49	948.35
	2409.41	0.00	11.48	949.38
	2409.42	0.00	11.50	949.37
	2409.43	0.00	11.50	949.38
	2409.44	0.00	11.50	953.35
	2409.45	0.00	11.48	952.36
	2409.47	0.00	11.52	957.35
	2409.48	0.00	11.50	955.36
	2409.49	0.00	11.50	955.36
	2409.50	0.00	11.50	955.36
	2409.51	0.00	11.48	953.37
	2409.52	0.00	11.49	955.37
	2409.54	0.00	11.50	954.36
	2409.55	0.00	11.52	952.31
	2409.56	0.00	11.49	950.34
	2409.57	0.00	11.52	954.33
	2409.58	0.00	11.50	955.34
	2409.59	0.00	11.48	955.36
	2409.61	0.00	11.49	954.36
	2409.62	0.00	11.53	963.36
	2409.63	0.00	11.59	962.26
	2409.64	0.00	11.59	960.25
	2409.65	0.00	11.62	962.22
	2409.66	0.00	11.56	960.30
	2409.68	0.00	11.58	962.30
	2409.69	0.00	11.54	961.33
	2409.70	0.00	11.54	964.36
	2409.71	0.00	11.54	964.37
	2409.72	0.00	11.57	965.32
	2409.73	0.00	11.62	963.22
	2409.75	0.00	11.63	963.22
	2409.76	0.00	11.60	964.25
	2409.77	0.00	11.61	963.25
	2409.78	0.00	11.62	965.25
	2409.79	0.00	11.59	966.28
	2409.80	0.00	11.60	967.29
	2409.82	0.00	11.55	969.35
	2409.83	0.00	11.57	966.31
	2409.84	0.00	11.58	966.30
	2409.85	0.00	11.56	977.42
	2409.86	0.00	11.56	980.42
	2409.87	0.00	11.54	975.43
	2409.88	0.00	11.53	971.44
	2409.90	0.00	11.56	967.35
	2409.91	0.00	11.56	965.32
	2409.92	0.00	11.58	967.33
	2409.93	0.00	11.55	969.35
	2409.94	0.00	11.51	973.45
	2409.95	0.00	11.54	979.46
	2409.97	0.00	11.57	981.43
	2409.98	0.00	11.58	981.42
	2409.99	0.00	11.58	982.42
	2410.00	0.00	11.59	984.42
	2410.01	0.00	11.59	984.43
	2410.02	0.00	11.59	981.42
	2410.04	0.00	11.59	982.42
	2410.05	0.00	11.58	983.44
	2410.06	0.00	11.61	983.40
	2410.07	0.00	11.63	982.38
	2410.08	0.00	11.62	982.37
	2410.09	0.00	11.63	980.37
	2410.11	0.00	11.64	981.35
	2410.12	0.00	11.64	979.35
	2410.13	0.00	11.65	980.35
	2410.14	0.00	11.63	980.37
	2410.15	0.00	11.59	976.38
	2410.16	0.00	11.62	982.38
	2410.18	0.00	11.62	983.38
	2410.19	0.00	11.62	982.38
	2410.20	0.00	11.62	977.37
	2410.21	0.00	11.63	977.36
	2410.22	0.00	11.64	977.34
	2410.23	0.00	11.64	979.34
	2410.25	0.00	11.68	979.30
	2410.26	0.00	11.66	982.35
	2410.27	0.00	11.63	980.35
	2410.28	0.00	11.62	980.36
	2410.29	0.00	11.62	979.37
	2410.30	0.00	11.62	983.39
	2410.32	0.00	11.59	978.39
	2410.33	0.00	11.58	978.41
	2410.34	0.00	11.54	976.44
	2410.35	0.00	11.54	974.43
	2410.36	0.00	11.52	973.44
	2410.37	0.00	11.51	972.44
	2410.39	0.00	11.45	951.39
	2410.40	0.00	11.41	955.45
	2410.41	0.00	11.35	936.41
	2410.42	0.00	11.22	905.37
	2410.43	0.00	11.10	882.36
	2410.44	0.00	10.94	852.35
	2410.46	0.00	10.88	839.31
	2410.47	0.00	10.66	802.28
	2410.48	0.00	10.79	807.14
	2410.49	0.00	10.71	807.27
	2410.50	0.00	10.58	788.28
	2410.51	0.00	10.52	777.26
	2410.52	0.00	10.46	768.26
	2410.54	0.00	10.41	763.28
	2410.55	0.00	10.37	761.31
	2410.56	0.00	10.30	753.32
	2410.57	0.00	10.24	745.32
	2410.58	0.00	10.30	755.32
	2410.59	0.00	10.23	744.32
	2410.61	0.00	10.17	736.33
	2410.62	0.00	10.05	718.30
	2410.63	0.00	10.07	719.28
	2410.64	0.00	10.05	717.29
	2410.65	0.00	10.02	712.28
	2410.66	0.00	10.06	714.22
	2410.68	0.00	9.92	701.26
	2410.69	0.00	9.94	700.24
	2410.70	0.00	9.95	700.24
	2410.71	0.00	9.97	700.20
	2410.72	0.00	9.99	706.24
	2410.73	0.00	10.03	711.25
	2410.75	0.00	10.06	715.25
	2410.76	0.00	10.07	716.26
	2410.77	0.00	10.13	725.27
	2410.78	0.00	10.15	728.28
	2410.79	0.00	10.12	725.26
	2410.80	0.00	10.08	717.26
	2410.82	0.00	10.05	713.26
	2410.83	0.00	10.02	714.28
	2410.84	0.00	10.02	711.25
	2410.85	0.00	10.04	710.23
	2410.86	0.00	10.04	708.21
	2410.87	0.00	9.98	702.23
	2410.89	0.00	9.92	692.17
	2410.90	0.00	9.90	689.15
	2410.91	0.00	9.86	684.13
	2410.92	0.00	9.55	649.13
	2410.93	0.00	9.54	646.13
	2410.94	0.00	9.53	644.11
	2410.95	0.00	9.50	644.16
	2410.97	0.00	9.33	643.40
	2410.98	0.00	9.29	644.49
	2410.99	0.00	9.28	645.51
	2411.00	0.00	9.30	646.49
	2411.01	0.00	9.31	647.49
	2411.02	0.00	9.31	647.49
	2411.03	0.00	9.33	646.44
	2411.05	0.00	9.32	648.49
	2411.06	0.00	9.32	648.49
	2411.07	0.00	9.33	648.49
	2411.08	0.00	9.47	663.50
	2411.09	0.00	9.49	666.50
	2411.10	0.00	9.51	666.51
	2411.12	0.00	9.51	669.53
	2411.13	0.00	9.69	693.54
	2411.14	0.00	9.88	716.56
	2411.15	0.00	10.31	777.53
	2411.16	0.00	10.52	814.58
	2411.17	0.00	11.08	907.63
	2411.19	0.00	11.24	938.63
	2411.20	0.00	11.40	961.59
	2411.21	0.00	11.45	977.62
	2411.22	0.00	11.55	995.62
	2411.23	0.00	11.61	1001.61
	2411.24	0.00	11.63	1006.61
	2411.26	0.00	11.76	1042.61
	2411.27	0.00	11.73	1026.60
	2411.28	0.00	11.75	1030.59
	2411.29	0.00	11.77	1032.57
	2411.30	0.00	11.88	1053.50
	2411.31	0.00	11.79	1037.57
	2411.33	0.00	11.91	1047.38
	2411.34	0.00	12.01	1053.29
	2411.35	0.00	11.93	1030.30
	2411.36	0.00	11.88	1029.37
	2411.37	0.00	11.99	1033.24
	2411.38	0.00	12.09	1058.20
	2411.40	0.00	12.06	1040.19
	2411.41	0.00	12.12	1061.18
	2411.42	0.00	12.08	1043.18
	2411.43	0.00	12.08	1039.16
	2411.44	0.00	12.09	1042.16
	2411.45	0.00	12.11	1042.14
	2411.47	0.00	12.11	1042.14
	2411.48	0.00	12.12	1045.14
	2411.49	0.00	12.11	1045.14
	2411.50	0.00	12.10	1042.13
	2411.51	0.00	12.12	1045.13
	2411.52	0.00	12.12	1047.14
	2411.54	0.00	12.15	1034.01
	2411.55	0.00	12.16	1034.00
	2411.56	0.00	12.13	1040.08
	2411.57	0.00	12.18	1035.97
	2411.58	0.00	12.17	1037.00
	2411.59	0.00	12.15	1038.03
	2411.61	0.00	12.15	1037.03
	2411.62	0.00	12.14	1040.07
	2411.63	0.00	12.14	1042.06
	2411.64	0.00	12.22	1041.96
	2411.65	0.00	12.21	1040.97
	2411.66	0.00	12.20	1042.99
	2411.68	0.00	12.19	1043.01
	2411.69	0.00	12.18	1043.04
	2411.70	0.00	12.17	1045.05
	2411.71	0.00	12.18	1047.05
	2411.72	0.00	12.18	1046.05
	2411.73	0.00	12.21	1050.04
	2411.75	0.00	12.25	1054.00
	2411.76	0.00	12.28	1053.95
	2411.77	0.00	12.29	1054.95
	2411.78	0.00	12.28	1055.97
	2411.79	0.00	12.27	1056.99
	2411.80	0.00	12.25	1060.03
	2411.82	0.00	12.25	1058.05
	2411.83	0.00	12.25	1057.07
	2411.84	0.00	12.26	1062.02
	2411.85	0.00	12.26	1066.05
	2411.86	0.00	12.26	1060.06
	2411.87	0.00	12.27	1058.05
	2411.89	0.00	12.28	1058.05
	2411.90	0.00	12.27	1059.06
	2411.91	0.00	12.33	1078.06
	2411.92	0.00	12.27	1058.06
	2411.93	0.00	12.26	1058.07
	2411.94	0.00	12.31	1077.06
	2411.96	0.00	12.33	1078.04
	2411.97	0.00	12.37	1077.99
	2411.98	0.00	12.32	1055.97
	2411.99	0.00	12.38	1075.96
	2412.00	0.00	12.36	1075.98
	2412.01	0.00	12.34	1076.01
	2412.03	0.00	12.34	1076.02
	2412.04	0.00	12.34	1074.03
	2412.05	0.00	12.32	1076.04
	2412.06	0.00	12.32	1075.04
	2412.07	0.00	12.31	1074.05
	2412.08	0.00	12.30	1073.05
	2412.10	0.00	12.23	1054.04
	2412.11	0.00	12.31	1072.03
	2412.12	0.00	12.29	1072.06
	2412.13	0.00	12.28	1071.07
	2412.14	0.00	12.27	1072.09
	2412.15	0.00	12.18	1050.09
	2412.17	0.00	12.13	1040.12
	2412.18	0.00	12.13	1044.13
	2412.19	0.00	12.15	1050.13
	2412.20	0.00	12.16	1054.14
	2412.21	0.00	12.11	1036.15
	2412.22	0.00	12.11	1041.14
	2412.24	0.00	12.15	1047.11
	2412.25	0.00	12.18	1048.09
	2412.26	0.00	12.19	1053.10
	2412.27	0.00	12.22	1056.08
	2412.28	0.00	12.25	1058.05
	2412.30	0.00	12.29	1058.01
	2412.31	0.00	12.33	1057.93
	2412.32	0.00	12.34	1053.89
	2412.33	0.00	12.39	1054.84
	2412.34	0.00	12.39	1055.83
	2412.35	0.00	12.44	1054.76
	2412.36	0.00	12.49	1052.73
	2412.38	0.00	12.49	1060.75
	2412.39	0.00	12.43	1057.78
	2412.40	0.00	12.38	1057.84
	2412.41	0.00	12.32	1058.93
	2412.42	0.00	12.30	1059.97
	2412.44	0.00	12.28	1058.98
	2412.45	0.00	12.28	1057.98
	2412.46	0.00	12.31	1057.93
	2412.47	0.00	12.43	1056.75
	2412.48	0.00	12.44	1047.68
	2412.49	0.00	12.46	1054.69
	2412.51	0.00	12.36	1043.77
	2412.52	0.00	12.23	1047.98
	2412.53	0.00	12.19	1049.05
	2412.54	0.00	12.15	1046.07
	2412.55	0.00	12.12	1037.06
	2412.56	0.00	12.15	1037.01
	2412.58	0.00	12.20	1017.79
	2412.59	0.00	12.20	1011.75
	2412.60	0.00	12.18	992.65
	2412.61	0.00	12.25	991.58
	2412.62	0.00	12.22	990.58
	2412.63	0.00	12.22	988.58
	2412.65	0.00	12.23	989.58
	2412.66	0.00	12.21	989.59
	2412.67	0.00	12.18	989.62
	2412.68	0.00	12.15	992.67
	2412.69	0.00	12.12	992.71
	2412.70	0.00	12.06	984.75
	2412.72	0.00	11.97	986.89
	2412.73	0.00	11.93	984.93
	2412.74	0.00	11.89	981.98
	2412.75	0.00	11.87	986.02
	2412.76	0.00	11.85	988.04
	2412.77	0.00	11.85	990.05
	2412.78	0.00	11.85	990.06
	2412.80	0.00	11.85	990.07
	2412.81	0.00	11.80	983.11
	2412.82	0.00	11.81	990.15
	2412.83	0.00	11.77	992.21
	2412.84	0.00	11.74	991.24
	2412.85	0.00	11.71	991.28
	2412.87	0.00	11.69	987.29
	2412.88	0.00	11.60	984.39
	2412.89	0.00	11.59	980.40
	2412.90	0.00	11.50	964.42
	2412.91	0.00	11.33	938.49
	2412.92	0.00	11.29	935.50
	2412.94	0.00	11.26	930.52
	2412.95	0.00	11.25	934.54
	2412.96	0.00	11.27	937.55
	2412.97	0.00	11.26	939.57
	2412.98	0.00	11.25	942.59
	2412.99	0.00	11.25	942.59
	2413.01	0.00	11.25	945.62
	2413.02	0.00	11.19	928.63
	2413.03	0.00	11.28	951.62
	2413.04	0.00	11.31	955.60
	2413.05	0.00	11.33	957.59
	2413.06	0.00	11.36	960.58
	2413.07	0.00	11.32	944.58
	2413.09	0.00	11.39	963.57
	2413.10	0.00	11.39	962.56
	2413.11	0.00	11.42	969.57
	2413.12	0.00	11.42	971.59
	2413.13	0.00	11.43	976.61
	2413.15	0.00	11.43	979.63
	2413.16	0.00	11.40	973.64
	2413.17	0.00	11.32	957.64
	2413.18	0.00	11.34	961.64
	2413.19	0.00	11.40	965.58
	2413.20	0.00	11.43	973.59
	2413.21	0.00	11.46	979.59
	2413.23	0.00	11.46	981.60
	2413.24	0.00	11.48	984.60
	2413.25	0.00	11.50	988.59
	2413.26	0.00	11.51	990.59
	2413.27	0.00	11.52	991.59
	2413.28	0.00	11.53	992.58
	2413.30	0.00	11.48	982.58
	2413.31	0.00	11.48	983.58
	2413.32	0.00	11.49	985.58
	2413.33	0.00	11.52	990.58
	2413.34	0.00	11.51	991.60
	2413.35	0.00	11.50	992.63
	2413.37	0.00	11.51	995.63
	2413.38	0.00	11.53	987.57
	2413.39	0.00	11.45	971.55
	2413.40	0.00	11.47	971.53
	2413.41	0.00	11.51	978.51
	2413.42	0.00	11.54	983.51
	2413.43	0.00	11.59	987.48
	2413.45	0.00	11.58	986.46
	2413.46	0.00	11.52	976.49
	2413.47	0.00	11.57	988.49
	2413.48	0.00	11.58	985.47
	2413.49	0.00	11.59	987.47
	2413.50	0.00	11.54	973.45
	2413.52	0.00	11.55	974.44
	2413.53	0.00	11.55	974.44
	2413.54	0.00	11.63	989.43
	2413.55	0.00	11.63	983.39
	2413.56	0.00	11.66	986.39
	2413.57	0.00	11.66	986.38
	2413.59	0.00	11.65	987.39
	2413.60	0.00	11.65	987.39
	2413.61	0.00	11.63	988.43
	2413.62	0.00	11.62	988.45
	2413.63	0.00	11.60	986.47
	2413.64	0.00	11.60	989.48
	2413.66	0.00	11.61	991.49
	2413.67	0.00	11.60	990.51
	2413.68	0.00	11.59	990.52
	2413.69	0.00	11.58	991.53
	2413.70	0.00	11.57	991.55
	2413.71	0.00	11.55	989.56
	2413.73	0.00	11.56	993.56
	2413.74	0.00	11.58	996.56
	2413.75	0.00	11.60	995.54
	2413.76	0.00	11.61	995.53
	2413.77	0.00	11.66	999.51
	2413.78	0.00	11.64	999.52
	2413.80	0.00	11.63	1000.52
	2413.81	0.00	11.61	1000.54
	2413.82	0.00	11.60	997.54
	2413.83	0.00	11.57	983.50
	2413.84	0.00	11.58	988.50
	2413.85	0.00	11.62	1001.54
	2413.86	0.00	11.60	1002.55
	2413.88	0.00	11.58	999.57
	2413.89	0.00	11.59	999.54
	2413.90	0.00	11.54	984.51
	2413.91	0.00	11.57	989.51
	2413.92	0.00	11.59	994.51
	2413.93	0.00	11.60	996.54
	2413.95	0.00	11.55	985.52
	2413.96	0.00	11.57	988.50
	2413.97	0.00	11.62	998.50
	2413.98	0.00	11.65	1004.50
	2413.99	0.00	11.67	1008.51
	2414.01	0.00	11.68	1013.51
	2414.02	0.00	11.69	1015.51
	2414.03	0.00	11.69	1015.51
	2414.04	0.00	11.68	1015.53
	2414.05	0.00	11.70	1018.51
	2414.06	0.00	11.70	1016.51
	2414.07	0.00	11.70	1017.51
	2414.09	0.00	11.69	1018.52
	2414.10	0.00	11.69	1018.52
	2414.11	0.00	11.70	1020.52
	2414.12	0.00	11.69	1019.52
	2414.13	0.00	11.68	1017.52
	2414.14	0.00	11.69	1019.52
	2414.16	0.00	11.69	1020.53
	2414.17	0.00	11.70	1016.49
	2414.18	0.00	11.69	1015.50
	2414.19	0.00	11.71	1021.51
	2414.20	0.00	11.71	1021.51
	2414.22	0.00	11.70	1023.53
	2414.23	0.00	11.72	1025.52
	2414.24	0.00	11.71	1022.52
	2414.25	0.00	11.71	1021.52
	2414.26	0.00	11.72	1023.52
	2414.27	0.00	11.73	1025.52
	2414.28	0.00	11.73	1023.52
	2414.30	0.00	11.72	1023.52
	2414.31	0.00	11.74	1025.50
	2414.32	0.00	11.77	1025.46
	2414.33	0.00	11.77	1031.50
	2414.34	0.00	11.75	1027.50
	2414.36	0.00	11.77	1028.50
	2414.37	0.00	11.78	1034.50
	2414.38	0.00	11.77	1035.51
	2414.39	0.00	11.77	1028.48
	2414.40	0.00	11.77	1032.48
	2414.41	0.00	11.77	1031.48
	2414.43	0.00	11.77	1034.49
	2414.44	0.00	11.77	1035.49
	2414.45	0.00	11.78	1036.49
	2414.46	0.00	11.79	1039.49
	2414.47	0.00	11.77	1038.51
	2414.48	0.00	11.77	1038.51
	2414.50	0.00	11.75	1035.51
	2414.51	0.00	11.74	1035.53
	2414.52	0.00	11.72	1033.55
	2414.53	0.00	11.72	1035.55
	2414.54	0.00	11.69	1033.58
	2414.55	0.00	11.66	1031.61
	2414.57	0.00	11.63	1028.63
	2414.58	0.00	11.58	1018.63
	2414.59	0.00	11.57	1021.66
	2414.60	0.00	11.56	1018.67
	2414.61	0.00	11.54	1018.68
	2414.62	0.00	11.55	1020.70
	2414.64	0.00	11.55	1021.70
	2414.65	0.00	11.55	1021.69
	2414.66	0.00	11.48	999.70
	2414.67	0.00	11.55	1017.69
	2414.68	0.00	11.51	1017.72
	2414.69	0.00	11.47	1017.76
	2414.71	0.00	11.46	1016.78
	2414.72	0.00	11.37	996.81
	2414.73	0.00	11.41	1016.83
	2414.74	0.00	11.35	997.83
	2414.75	0.00	11.31	996.85
	2414.76	0.00	11.31	997.86
	2414.78	0.00	11.37	1017.88
	2414.79	0.00	11.30	998.88
	2414.80	0.00	11.38	1024.90
	2414.81	0.00	11.38	1028.91
	2414.82	0.00	11.40	1033.92
	2414.83	0.00	11.41	1034.93
	2414.85	0.00	11.40	1038.95
	2414.86	0.00	11.45	1051.96
	2414.87	0.00	11.45	1056.98
	2414.88	0.00	11.49	1068.01
	2414.89	0.00	11.50	1075.03
	2414.91	0.00	11.51	1080.05
	2414.92	0.00	11.52	1085.06
	2414.93	0.00	11.52	1085.07
	2414.94	0.00	11.51	1089.09
	2414.95	0.00	11.50	1090.10
	2414.96	0.00	11.52	1091.10
	2414.98	0.00	11.51	1093.11
	2414.99	0.00	11.51	1094.12
	2415.00	0.00	11.53	1093.11
	2415.01	0.00	11.52	1093.11
	2415.02	0.00	11.51	1091.11
	2415.03	0.00	11.51	1092.11
	2415.05	0.00	11.51	1093.12
	2415.06	0.00	11.58	1093.02
	2415.07	026	0.00	11.01	1015.20
	2415.27	0.00	10.55	927.16
	2415.28	0.00	10.36	891.12
	2415.29	0.00	10.33	888.13
	2415.30	0.00	10.33	889.13
	2415.31	0.00	10.29	882.13
	2415.33	0.00	10.26	881.17
	2415.34	0.00	10.26	881.16
	2415.35	0.00	10.21	875.16
	2415.36	0.00	10.26	882.16
	2415.37	0.00	10.26	880.13
	2415.38	0.00	10.22	876.16
	2415.40	0.00	10.24	879.15
	2415.41	0.00	10.27	880.16
	2415.42	0.00	10.35	895.17
	2415.43	0.00	10.46	915.21
	2415.44	0.00	10.60	932.17
	2415.45	0.00	10.74	958.18
	2415.47	0.00	10.85	988.25
	2415.48	0.00	10.97	1011.26
	2415.49	0.00	11.12	1049.29
	2415.50	0.00	11.14	1045.28
	2415.51	0.00	11.26	1067.28
	2415.52	0.00	11.39	1101.28
	2415.54	0.00	11.41	1106.28
	2415.55	0.00	11.42	1104.29
	2415.56	0.00	11.47	1111.26
	2415.57	0.00	11.49	1112.25
	2415.58	0.00	11.50	1114.25
	2415.59	0.00	11.50	1114.26
	2415.61	0.00	11.51	1115.24
	2415.62	0.00	11.51	1112.24
	2415.63	0.00	11.51	1112.23
	2415.64	0.00	11.51	1106.20
	2415.65	0.00	11.51	1106.21
	2415.66	0.00	11.51	1105.19
	2415.68	0.00	11.52	1110.22
	2415.69	0.00	11.52	1105.18
	2415.70	0.00	11.52	1105.19
	2415.71	0.00	11.52	1103.18
	2415.72	0.00	11.52	1104.19
	2415.73	0.00	11.51	1105.21
	2415.75	0.00	11.49	1102.22
	2415.76	0.00	11.51	1105.22
	2415.77	0.00	11.52	1105.21
	2415.78	0.00	11.52	1104.21
	2415.79	0.00	11.52	1102.22
	2415.80	0.00	11.53	1103.21
	2415.82	0.00	11.49	1098.23
	2415.83	0.00	11.51	1104.23
	2415.84	0.00	11.51	1104.23
	2415.85	0.00	11.52	1105.23
	2415.86	0.00	11.50	1102.23
	2415.88	0.00	11.51	1104.24
	2415.89	0.00	11.52	1106.24
	2415.90	0.00	11.51	1106.24
	2415.91	0.00	11.51	1108.25
	2415.92	0.00	11.53	1112.25
	2415.93	0.00	11.53	1113.26
	2415.94	0.00	11.60	1105.05
	2415.96	0.00	11.60	1108.08
	2415.97	0.00	11.57	1126.27
	2415.98	0.00	11.58	1129.27
	2415.99	0.00	11.63	1119.11
	2416.00	0.00	11.75	1129.97
	2416.02	0.00	11.78	1134.94
	2416.03	0.00	11.80	1138.94
	2416.04	0.00	11.80	1139.95
	2416.05	0.00	11.82	1139.93
	2416.06	0.00	11.83	1146.96
	2416.07	0.00	11.85	1150.95
	2416.09	0.00	11.86	1150.96
	2416.10	0.00	11.86	1151.97
	2416.11	0.00	11.86	1151.98
	2416.12	0.00	11.88	1154.96
	2416.13	0.00	11.87	1153.96
	2416.14	0.00	11.88	1153.96
	2416.16	0.00	11.88	1153.97
	2416.17	0.00	11.91	1155.96
	2416.18	0.00	11.89	1155.97
	2416.19	0.00	11.90	1156.97
	2416.20	0.00	11.90	1156.97
	2416.21	0.00	11.92	1160.96
	2416.23	0.00	11.92	1158.96
	2416.24	0.00	11.91	1157.96
	2416.25	0.00	11.92	1146.87
	2416.26	0.00	11.90	1150.95
	2416.27	0.00	11.93	1156.94
	2416.28	0.00	11.93	1153.94
	2416.30	0.00	11.91	1145.93
	2416.31	0.00	11.95	1141.81
	2416.32	0.00	11.97	1141.79
	2416.33	0.00	11.99	1138.77
	2416.34	0.00	11.94	1144.89
	2416.35	0.00	11.96	1135.80
	2416.37	0.00	11.99	1134.74
	2416.38	0.00	11.97	1128.75
	2416.39	0.00	11.93	1126.81
	2416.40	0.00	11.88	1119.86
	2416.41	0.00	11.87	1117.87
	2416.42	0.00	11.85	1116.88
	2416.44	0.00	11.87	1112.82
	2416.45	0.00	11.94	1109.68
	2416.46	0.00	11.92	1106.71
	2416.47	0.00	11.89	1105.75
	2416.48	0.00	11.88	1102.76
	2416.50	0.00	11.86	1101.78
	2416.51	0.00	11.85	1100.80
	2416.52	0.00	11.84	1101.81
	2416.53	0.00	11.82	1097.83
	2416.54	0.00	11.83	1097.84
	2416.55	0.00	11.81	1097.83
	2416.56	0.00	11.83	1097.79
	2416.58	0.00	11.80	1095.82
	2416.59	0.00	11.80	1096.84
	2416.60	0.00	11.81	1089.84
	2416.61	0.00	11.73	1071.84
	2416.62	0.00	11.75	1071.80
	2416.63	0.00	11.74	1069.79
	2416.65	0.00	11.79	1088.80
	2416.66	0.00	11.75	1064.82
	2416.67	0.00	11.75	1063.82
	2416.68	0.00	11.80	1082.82
	2416.69	0.00	11.79	1083.83
	2416.70	0.00	11.80	1084.83
	2416.72	0.00	11.79	1080.81
	2416.73	0.00	11.74	1061.82
	2416.74	0.00	11.79	1081.83
	2416.75	0.00	11.78	1081.84
	2416.76	0.00	11.81	1080.79
	2416.78	0.00	11.79	1083.84
	2416.79	0.00	11.77	1081.85
	2416.80	0.00	11.78	1080.84
	2416.81	0.00	11.72	1061.85
	2416.82	0.00	11.76	1080.87
	2416.83	0.00	11.66	1050.86
	2416.84	0.00	11.77	1079.85
	2416.86	0.00	11.77	1079.85
	2416.87	0.00	11.72	1065.82
	2416.88	0.00	11.60	1031.83
	2416.89	0.00	11.66	1052.84
	2416.90	0.00	11.66	1055.86
	2416.92	0.00	11.67	1060.87
	2416.93	0.00	11.68	1064.88
	2416.94	0.00	11.62	1041.86
	2416.95	0.00	11.62	1041.87
	2416.96	0.00	11.63	1044.88
	2416.97	0.00	11.65	1045.84
	2416.99	0.00	11.69	1070.91
	2417.00	0.00	11.63	1048.91
	2417.01	0.00	11.62	1049.91
	2417.02	0.00	11.67	1069.92
	2417.03	0.00	11.64	1052.91
	2417.04	0.00	11.64	1051.91
	2417.05	0.00	11.71	1070.91
	2417.07	0.00	11.66	1051.92
	2417.08	0.00	11.70	1072.93
	2417.09	0.00	11.65	1052.93
	2417.10	0.00	11.64	1053.93
	2417.11	0.00	11.70	1070.93
	2417.13	0.00	11.64	1048.93
	2417.14	0.00	11.65	1050.92
	2417.15	0.00	11.66	1049.91
	2417.16	0.00	11.64	1049.92
	2417.17	0.00	11.64	1052.92
	2417.18	0.00	11.61	1051.95
	2417.20	0.00	11.58	1038.93
	2417.21	0.00	11.62	1045.93
	2417.22	0.00	11.61	1044.93
	2417.23	0.00	11.59	1044.97
	2417.24	0.00	11.61	1046.93
	2417.25	0.00	11.60	1046.93
	2417.26	0.00	11.58	1044.93
	2417.28	0.00	11.60	1047.93
	2417.29	0.00	11.59	1047.93
	2417.30	0.00	11.51	1027.93
	2417.31	0.00	11.60	1039.93
	2417.32	0.00	11.61	1040.92
	2417.34	0.00	11.61	1044.90
	2417.35	0.00	11.60	1046.92
	2417.36	0.00	11.49	1025.92
	2417.37	0.00	11.49	1025.92
	2417.38	0.00	11.49	1025.92
	2417.39	0.00	11.50	1024.92
	2417.40	0.00	11.53	1018.88
	2417.42	0.00	11.54	1018.86
	2417.43	0.00	11.54	1017.86
	2417.44	0.00	11.55	1022.85
	2417.45	0.00	11.53	1022.89
	2417.46	0.00	11.51	1023.91
	2417.47	0.00	11.50	1024.92
	2417.49	0.00	11.49	1025.93
	2417.50	0.00	11.50	1022.93
	2417.51	0.00	11.47	1019.92
	2417.52	0.00	11.51	1022.92
	2417.53	0.00	11.50	1024.93
	2417.55	0.00	11.49	1023.94
	2417.56	0.00	11.50	1022.93
	2417.57	0.00	11.47	1022.93
	2417.58	0.00	11.47	1022.93
	2417.59	0.00	11.49	1024.93
	2417.60	0.00	11.51	1022.92
	2417.61	0.00	11.51	1024.92
	2417.63	0.00	11.50	1025.92
	2417.64	0.00	11.51	1026.92
	2417.65	0.00	11.51	1026.90
	2417.66	0.00	11.52	1026.91
	2417.67	0.00	11.54	1022.88
	2417.69	0.00	11.56	1023.86
	2417.70	0.00	11.57	1022.81
	2417.71	0.00	11.55	1025.86
	2417.72	0.00	11.54	1026.86
	2417.73	0.00	11.54	1027.86
	2417.74	0.00	11.55	1027.84
	2417.76	0.00	11.64	1050.81
	2417.77	0.00	11.62	1027.74
	2417.78	0.00	11.63	1026.71
	2417.79	0.00	11.64	1024.70
	2417.80	0.00	11.74	1047.65
	2417.81	0.00	11.68	1028.68
	2417.82	0.00	11.67	1028.69
	2417.84	0.00	11.67	1028.69
	2417.85	0.00	11.67	1028.69
	2417.86	0.00	11.65	1024.72
	2417.87	0.00	11.66	1028.69
	2417.88	0.00	11.73	1047.69
	2417.90	0.00	11.66	1026.70
	2417.91	0.00	11.68	1026.67
	2417.92	0.00	11.66	1027.71
	2417.93	0.00	11.60	1027.79
	2417.94	0.00	11.57	1028.82
	2417.95	0.00	11.57	1027.84
	2417.97	0.00	11.56	1027.85
	2417.98	0.00	11.57	1032.86
	2417.99	0.00	11.55	1029.87
	2418.00	0.00	11.55	1031.87
	2418.01	0.00	11.61	1052.88
	2418.02	0.00	11.52	1017.83
	2418.04	0.00	11.60	1044.83
	2418.05	0.00	11.58	1032.83
	2418.06	0.00	11.54	1016.78
	2418.07	0.00	11.55	1030.86
	2418.08	0.00	11.55	1028.84
	2418.09	0.00	11.52	1016.81
	2418.11	0.00	11.56	1024.80
	2418.12	0.00	11.58	1028.79
	2418.13	0.00	11.55	1019.77
	2418.14	0.00	11.59	1031.81
	2418.15	0.00	11.60	1029.79
	2418.16	0.00	11.59	1030.80
	2418.18	0.00	11.59	1023.76
	2418.19	0.00	11.59	1017.69
	2418.20	0.00	11.62	1022.68
	2418.21	0.00	11.65	1028.68
	2418.22	0.00	11.67	1033.68
	2418.23	0.00	11.51	999.68
	2418.25	0.00	11.62	1030.77
	2418.26	0.00	11.61	1030.79
	2418.27	0.00	11.65	1050.80
	2418.28	0.00	11.61	1032.81
	2418.29	0.00	11.54	1015.78
	2418.30	0.00	11.55	1016.76
	2418.32	0.00	11.60	1029.78
	2418.33	0.00	11.70	1049.72
	2418.34	0.00	11.66	1030.70
	2418.35	0.00	11.74	1047.69
	2418.36	0.00	11.74	1049.69
	2418.37	0.00	11.71	1033.61
	2418.39	0.00	11.74	1046.64
	2418.40	0.00	11.77	1053.64
	2418.41	0.00	11.78	1053.63
	2418.42	0.00	11.76	1047.63
	2418.43	0.00	11.69	1034.64
	2418.44	0.00	11.76	1050.65
	2418.46	0.00	11.72	1038.62
	2418.47	0.00	11.75	1041.61
	2418.48	0.00	11.76	1046.63
	2418.49	0.00	11.80	1053.62
	2418.50	0.00	11.78	1056.64
	2418.51	0.00	11.79	1058.65
	2418.53	0.00	11.79	1060.66
	2418.54	0.00	11.80	1062.66
	2418.55	0.00	11.79	1061.66
	2418.56	0.00	11.78	1063.68
	2418.57	0.00	11.73	1062.75
	2418.58	0.00	11.72	1060.76
	2418.60	0.00	11.77	1066.71
	2418.61	0.00	11.77	1062.69
	2418.62	0.00	11.79	1062.68
	2418.63	0.00	11.77	1062.68
	2418.64	0.00	11.78	1058.66
	2418.65	0.00	11.79	1060.67
	2418.67	0.00	11.79	1063.66
	2418.68	0.00	11.82	1064.62
	2418.69	0.00	11.82	1064.62
	2418.70	0.00	11.84	1062.58
	2418.71	0.00	11.86	1062.55
	2418.72	0.00	11.86	1059.55
	2418.74	0.00	11.84	1060.58
	2418.75	0.00	11.81	1059.60
	2418.76	0.00	11.82	1064.61
	2418.77	0.00	11.82	1064.63
	2418.78	0.00	11.82	1062.63
	2418.79	0.00	11.75	1045.66
	2418.81	0.00	11.79	1066.67
	2418.82	0.00	11.73	1065.76
	2418.83	0.00	11.72	1065.79
	2418.84	0.00	11.71	1064.78
	2418.85	0.00	11.68	1067.85
	2418.87	0.00	11.70	1080.89
	2418.88	0.00	11.70	1082.90
	2418.89	0.00	11.69	1082.92
	2418.90	0.00	11.70	1083.91
	2418.91	0.00	11.70	1082.90
	2418.92	0.00	11.71	1082.89
	2418.93	0.00	11.71	1082.89
	2418.95	0.00	11.71	1084.89
	2418.96	0.00	11.66	1073.89
	2418.97	0.00	11.71	1082.89
	2418.98	0.00	11.72	1082.88
	2418.99	0.00	11.76	1075.76
	2419.01	0.00	11.73	1079.84
	2419.02	0.00	11.71	1079.87
	2419.03	0.00	11.72	1083.88
	2419.04	0.00	11.73	1078.83
	2419.05	0.00	11.71	1077.85
	2419.06	0.00	11.72	1080.86
	2419.08	0.00	11.71	1082.87
	2419.09	0.00	11.72	1085.88
	2419.10	0.00	11.70	1085.91
	2419.11	0.00	11.72	1084.88
	2419.12	0.00	11.72	1084.88
	2419.13	0.00	11.72	1084.88
	2419.15	0.00	11.74	1084.86
	2419.16	0.00	11.74	1084.86
	2419.17	0.00	11.76	1088.85
	2419.18	0.00	11.73	1086.87
	2419.19	0.00	11.77	1097.89
	2419.20	0.00	11.77	1096.88
	2419.22	0.00	11.71	1080.87
	2419.23	0.00	11.79	1092.83
	2419.24	0.00	11.80	1094.83
	2419.25	0.00	11.80	1093.83
	2419.26	0.00	11.77	1095.87
	2419.27	0.00	11.75	1089.87
	2419.29	0.00	11.77	1095.87
	2419.30	0.00	11.77	1095.87
	2419.31	0.00	11.78	1095.86
	2419.32	0.00	11.80	1096.84
	2419.33	0.00	11.80	1096.83
	2419.34	0.00	11.82	1094.82
	2419.36	0.00	11.82	1092.81
	2419.37	0.00	11.84	1093.81
	2419.38	0.00	11.84	1095.79
	2419.39	0.00	11.85	1094.79
	2419.40	0.00	11.84	1096.81
	2419.41	0.00	11.83	1095.84
	2419.43	0.00	11.82	1097.84
	2419.44	0.00	11.82	1097.84
	2419.45	0.00	11.82	1097.85
	2419.46	0.00	11.81	1095.86
	2419.47	0.00	11.83	1096.85
	2419.48	0.00	11.84	1099.83
	2419.50	0.00	11.83	1097.84
	2419.51	0.00	11.83	1097.85
	2419.52	0.00	11.83	1097.84
	2419.53	0.00	11.83	1098.85
	2419.54	0.00	11.79	1089.85
	2419.55	0.00	11.84	1098.84
	2419.57	0.00	11.87	1099.80
	2419.58	0.00	11.86	1097.80
	2419.59	0.00	11.84	1099.82
	2419.60	0.00	11.83	1099.85
	2419.61	0.00	11.82	1098.85
	2419.62	0.00	11.83	1100.86
	2419.64	0.00	11.84	1101.84
	2419.65	0.00	11.85	1100.82
	2419.66	0.00	11.85	1100.82
	2419.67	0.00	11.87	1101.79
	2419.68	0.00	11.87	1102.79
	2419.69	0.00	11.83	1088.77
	2419.71	0.00	11.88	1099.76
	2419.72	0.00	11.88	1098.75
	2419.73	0.00	11.86	1099.77
	2419.74	0.00	11.90	1100.74
	2419.75	0.00	11.89	1100.76
	2419.76	0.00	11.86	1099.80
	2419.78	0.00	11.86	1098.80
	2419.79	0.00	11.86	1099.80
	2419.80	0.00	11.87	1099.79
	2419.81	0.00	11.86	1097.79
	2419.82	0.00	11.88	1098.76
	2419.83	0.00	11.89	1099.74
	2419.85	0.00	11.89	1096.73
	2419.86	0.00	11.90	1101.74
	2419.87	0.00	11.89	1099.74
	2419.88	0.00	11.91	1098.71
	2419.89	0.00	11.91	1097.70
	2419.90	0.00	11.92	1101.70
	2419.92	0.00	11.90	1100.73
	2419.93	0.00	11.89	1099.74
	2419.94	0.00	11.89	1100.75
	2419.95	0.00	11.89	1099.75
	2419.96	0.00	11.89	1100.75
	2419.97	0.00	11.90	1101.75
	2419.99	0.00	11.92	1099.69
	2420.00	0.00	11.89	1098.74
	2420.01	0.00	11.87	1097.76
	2420.02	0.00	11.86	1098.78
	2420.03	0.00	11.83	1099.87
	2420.04	0.00	11.88	1101.80
	2420.06	0.00	11.87	1102.82
	2420.07	0.00	11.86	1099.82
	2420.08	0.00	11.86	1097.79
	2420.09	0.00	11.89	1099.77
	2420.10	0.00	11.90	1096.72
	2420.11	0.00	11.93	1098.69
	2420.13	0.00	11.93	1101.69
	2420.14	0.00	11.93	1100.71
	2420.15	0.00	11.87	1099.79
	2420.16	0.00	11.86	1103.86
	2420.17	0.00	11.81	1102.90
	2420.18	0.00	11.81	1102.90
	2420.20	0.00	11.87	1103.81
	2420.21	0.00	11.82	1103.90
	2420.22	0.00	11.82	1102.89
	2420.23	0.00	11.84	1102.86
	2420.24	0.00	11.86	1103.83
	2420.25	0.00	11.86	1102.83
	2420.27	0.00	11.87	1103.81
	2420.28	0.00	11.88	1103.80
	2420.29	0.00	11.88	1103.80
	2420.30	0.00	11.93	1103.71
	2420.31	0.00	11.85	1098.81
	2420.32	0.00	11.86	1101.81
	2420.34	0.00	11.87	1102.81
	2420.35	0.00	11.87	1102.81
	2420.36	0.00	11.86	1103.83
	2420.37	0.00	11.85	1103.84
	2420.38	0.00	11.84	1101.85
	2420.40	0.00	11.85	1103.85
	2420.41	0.00	11.91	1103.74
	2420.42	0.00	11.87	1105.83
	2420.43	0.00	11.86	1102.83
	2420.44	0.00	11.86	1102.83
953.22
	2421.58	0.00	10.92	971.21
	2421.59	0.00	10.97	981.23
	2421.61	0.00	11.07	999.24
	2421.62	0.00	11.21	1021.23
	2421.63	0.00	11.30	1038.21
	2421.64	0.00	11.36	1050.20
	2421.65	0.00	11.38	1056.20
	2421.66	0.00	11.41	1061.18
	2421.68	0.00	11.39	1061.19
	2421.69	0.00	11.42	1062.17
	2421.70	0.00	11.42	1062.17
	2421.71	0.00	11.39	1057.16
	2421.72	0.00	11.40	1059.16
	2421.73	0.00	11.38	1058.18
	2421.75	0.00	11.27	1028.11
	2421.76	0.00	11.29	1038.13
	2421.77	0.00	11.28	1039.15
	2421.78	0.00	11.23	1031.13
	2421.79	0.00	11.09	1013.19
	2421.81	0.00	10.96	979.12
	2421.82	0.00	10.75	940.11
	2421.83	0.00	10.65	922.07
	2421.84	0.00	10.50	896.13
	2421.85	0.00	10.42	886.10
	2421.86	0.00	9.99	816.06
	2421.87	0.00	9.68	768.01
	2421.89	0.00	9.42	736.01
	2421.90	0.00	9.43	738.05
	2421.91	0.00	9.45	742.09
	2421.92	0.00	9.52	746.09
	2421.93	0.00	9.59	753.11
	2421.94	0.00	9.70	767.13
	2421.96	0.00	9.95	809.16
	2421.97	0.00	10.58	916.26
	2421.98	0.00	10.84	969.29
	2421.99	0.00	10.96	992.29
	2422.00	0.00	11.13	1022.29
	2422.01	0.00	11.22	1039.27
	2422.03	0.00	11.30	1050.27
	2422.04	0.00	11.35	1056.26
	2422.05	0.00	11.39	1062.25
	2422.06	0.00	11.39	1066.25
	2422.07	0.00	11.41	1064.23
	2422.08	0.00	11.41	1065.22
	2422.10	0.00	11.41	1065.22
	2422.11	0.00	11.41	1067.24
	2422.12	0.00	11.44	1073.21
	2422.13	0.00	11.43	1071.21
	2422.14	0.00	11.39	1053.16
	2422.15	0.00	11.47	1076.20
	2422.17	0.00	11.52	1082.18
	2422.18	0.00	11.56	1090.17
	2422.19	0.00	11.62	1100.14
	2422.20	0.00	11.61	1092.09
	2422.21	0.00	11.68	1107.09
	2422.22	0.00	11.72	1119.09
	2422.24	0.00	11.73	1122.09
	2422.25	0.00	11.73	1124.10
	2422.26	0.00	11.72	1124.11
	2422.27	0.00	11.73	1123.09
	2422.28	0.00	11.77	1133.07
	2422.29	0.00	11.76	1134.08
	2422.31	0.00	11.76	1136.09
	2422.32	0.00	11.74	1137.13
	2422.33	0.00	11.75	1142.12
	2422.34	0.00	11.75	1145.14
	2422.35	0.00	11.74	1146.14
	2422.37	0.00	11.72	1149.17
	2422.38	0.00	11.70	1154.20
	2422.39	0.00	11.71	1160.20
	2422.40	0.00	11.70	1168.22
	2422.41	0.00	11.70	1173.23
	2422.42	0.00	11.74	1172.15
	2422.44	0.00	11.71	1168.18
	2422.45	0.00	11.69	1165.20
	2422.46	0.00	11.74	1175.21
	2422.47	0.00	11.77	1178.20
	2422.48	0.00	11.78	1181.19
	2422.50	0.00	11.81	1186.18
	2422.51	0.00	11.84	1190.17
	2422.52	0.00	11.87	1194.15
	2422.53	0.00	11.92	1200.13
	2422.54	0.00	11.97	1207.11
	2422.55	0.00	12.04	1213.05
	2422.56	0.00	12.06	1221.07
	2422.58	0.00	12.14	1233.03
	2422.59	0.00	12.21	1241.98
	2422.60	0.00	12.26	1245.94
	2422.61	0.00	12.30	1250.91
	2422.62	0.00	12.34	1250.86
	2422.63	0.00	12.37	1250.81
	2422.65	0.00	12.39	1253.79
	2422.66	0.00	12.43	1249.71
	2422.67	0.00	12.41	1251.74
	2422.68	0.00	12.42	1249.73
	2422.69	0.00	12.43	1251.71
	2422.71	0.00	12.42	1252.72
	2422.72	0.00	12.39	1254.77
	2422.73	0.00	12.37	1260.82
	2422.74	0.00	12.35	1261.83
	2422.75	0.00	12.33	1267.85
	2422.76	0.00	12.28	1270.89
	2422.77	0.00	12.22	1278.95
	2422.79	0.00	12.18	1288.97
	2422.80	0.00	12.15	1307.00
	2422.81	0.00	12.14	1317.01
	2422.82	0.00	12.11	1319.01
	2422.83	0.00	12.17	1328.96
	2422.85	0.00	12.19	1342.97
	2422.86	0.00	12.22	1360.93
	2422.87	0.00	12.30	1373.84
	2422.88	0.00	12.40	1386.72
	2422.89	0.00	12.46	1392.63
	2422.90	0.00	12.50	1403.59
	2422.92	0.00	12.53	1413.53
	2422.93	0.00	12.53	1425.51
	2422.94	0.00	12.52	1435.51
	2422.95	0.00	12.50	1443.51
	2422.96	0.00	12.47	1448.50
	2422.97	0.00	12.42	1457.52
	2422.99	0.00	12.40	1472.52
	2423.00	0.00	12.37	1482.54
	2423.01	0.00	12.34	1486.55
	2423.02	0.00	12.35	1496.56
	2423.03	0.00	12.32	1503.57
	2423.04	0.00	12.30	1508.60
	2423.06	0.00	12.27	1514.64
	2423.07	0.00	12.21	1523.69
	2423.08	0.00	12.14	1531.80
	2423.09	0.00	12.05	1533.92
	2423.10	0.00	11.94	1533.06
	2423.11	0.00	11.85	1530.14
	2423.13	0.00	11.69	1528.31
	2423.14	0.00	11.57	1525.44
	2423.15	0.00	11.45	1518.54
	2423.16	0.00	11.35	1530.61
	2423.17	0.00	11.25	1546.67
	2423.19	0.00	11.21	1550.67
	2423.20	0.00	11.14	1552.75
	2423.21	0.00	11.12	1556.78
	2423.22	0.00	11.11	1559.81
	2423.23	0.00	11.13	1561.80
	2423.24	0.00	11.24	1554.48
	2423.26	0.00	11.26	1555.49
	2423.27	0.00	11.27	1558.51
	2423.28	0.00	11.28	1557.51
	2423.29	0.00	11.27	1551.52
	2423.30	0.00	11.28	1553.52
	2423.31	0.00	11.15	1535.73
	2423.33	0.00	11.14	1535.74
	2423.34	0.00	11.15	1536.75
	2423.35	0.00	11.15	1535.77
	2423.36	0.00	11.20	1531.68
	2423.37	0.00	11.16	1528.76
	2423.39	0.00	11.14	1517.71
	2423.40	0.00	11.15	1523.72
	2423.41	0.00	11.19	1524.71
	2423.42	0.00	11.16	1507.72
	2423.43	0.00	11.22	1515.71
	2423.44	0.00	11.25	1514.71
	2423.46	0.00	11.29	1520.71
	2423.47	0.00	11.33	1517.71
	2423.48	0.00	11.34	1509.72
	2423.49	0.00	11.35	1506.70
	2423.50	0.00	11.36	1507.71
	2423.51	0.00	11.37	1504.69
	2423.53	0.00	11.37	1506.71
	2423.54	0.00	11.39	1511.72
	2423.55	0.00	11.40	1516.72
	2423.56	0.00	11.42	1519.72
	2423.57	0.00	11.43	1527.72
	2423.58	0.00	11.43	1532.72
	2423.60	0.00	11.47	1537.63
	2423.61	0.00	11.48	1545.70
	2423.62	0.00	11.48	1556.70
	2423.63	0.00	11.48	1563.70
	2423.64	0.00	11.53	1571.63
	2423.66	0.00	11.50	1572.70
	2423.67	0.00	11.53	1582.70
	2423.68	0.00	11.57	1591.69
	2423.69	0.00	11.60	1598.69
	2423.70	0.00	11.63	1599.69
	2423.71	0.00	11.63	1605.67
	2423.73	0.00	11.66	1608.66
	2423.74	0.00	11.68	1606.65
	2423.75	0.00	11.70	1607.66
	2423.76	0.00	11.72	1607.66
	2423.77	0.00	11.73	1602.67
	2423.78	0.00	11.75	1597.69
	2423.80	0.00	11.78	1589.69
	2423.81	0.00	11.80	1581.70
	2423.82	0.00	11.83	1571.69
	2423.83	0.00	11.87	1561.69
	2423.84	0.00	11.89	1550.69
	2423.86	0.00	11.89	1531.68
	2423.87	0.00	11.89	1514.63
	2423.88	0.00	11.88	1502.64
	2423.89	0.00	11.87	1489.64
	2423.90	0.00	11.86	1479.63
	2423.91	0.00	11.85	1471.64
	2423.93	0.00	11.86	1464.62
	2423.94	0.00	11.98	1458.33
	2423.95	0.00	12.01	1455.29
	2423.96	0.00	12.01	1449.31
	2423.97	0.00	12.00	1440.32
	2423.98	0.00	11.98	1437.33
	2424.00	0.00	11.98	1437.34
	2424.01	0.00	12.04	1428.12
	2424.02	0.00	11.99	1421.19
	2424.03	0.00	11.93	1420.29
	2424.04	0.00	11.86	1419.41
	2424.05	0.00	11.84	1416.46
	2424.07	0.00	11.84	1416.48
	2424.08	0.00	11.83	1415.50
	2424.09	0.00	11.75	1392.49
	2424.10	0.00	11.72	1395.54
	2424.11	0.00	11.71	1398.56
	2424.13	0.00	11.70	1399.57
	2424.14	0.00	11.71	1401.57
	2424.15	0.00	11.72	1398.60
	2424.16	0.00	11.73	1404.58
	2424.17	0.00	11.72	1405.59
	2424.18	0.00	11.69	1389.55
	2424.20	0.00	11.76	1405.50
	2424.21	0.00	11.72	1402.56
	2424.22	0.00	11.75	1413.57
	2424.23	0.00	11.75	1410.57
	2424.24	0.00	11.75	1414.57
	2424.25	0.00	11.75	1415.57
	2424.27	0.00	11.73	1416.58
	2424.28	0.00	11.73	1417.58
	2424.29	0.00	11.72	1413.57
	2424.30	0.00	11.72	1417.56
	2424.31	0.00	11.72	1415.56
	2424.32	0.00	11.72	1418.58
	2424.34	0.00	11.70	1418.62
	2424.35	0.00	11.72	1421.60
	2424.36	0.00	11.71	1420.61
	2424.37	0.00	11.71	1423.61
	2424.38	0.00	11.69	1421.62
	2424.39	0.00	11.71	1418.57
	2424.41	0.00	11.70	1417.57
	2424.42	0.00	11.70	1418.58
	2424.43	0.00	11.71	1419.58
	2424.44	0.00	11.71	1424.57
	2424.45	0.00	11.72	1421.56
	2424.46	0.00	11.72	1422.56
	2424.48	0.00	11.70	1422.57
	2424.49	0.00	11.70	1424.56
	2424.50	0.00	11.67	1417.56
	2424.51	0.00	11.67	1419.57
	2424.52	0.00	11.67	1422.58
	2424.54	0.00	11.67	1422.57
	2424.55	0.00	11.66	1423.57
	2424.56	0.00	11.67	1422.57
	2424.57	0.00	11.70	1423.51
	2424.58	0.00	11.67	1424.57
	2424.59	0.00	11.64	1423.57
	2424.61	0.00	11.65	1425.57
	2424.62	0.00	11.65	1429.59
	2424.63	0.00	11.66	1429.57
	2424.64	0.00	11.66	1430.58
	2424.65	0.00	11.65	1428.58
	2424.66	0.00	11.66	1432.57
	2424.68	0.00	11.65	1432.58
	2424.69	0.00	11.64	1436.61
	2424.70	0.00	11.64	1437.62
	2424.71	0.00	11.64	1438.60
	2424.72	0.00	11.62	1440.64
	2424.73	0.00	11.62	1444.64
	2424.75	0.00	11.62	1442.61
	2424.76	0.00	11.62	1447.60
	2424.77	0.00	11.61	1443.62
	2424.78	0.00	11.61	1451.63
	2424.79	0.00	11.60	1453.64
	2424.80	0.00	11.64	1453.53
	2424.82	0.00	11.59	1455.64
	2424.83	0.00	11.68	1457.39
	2424.84	0.00	11.72	1460.32
	2424.85	0.00	11.71	1464.35
	2424.86	0.00	11.70	1463.37
	2424.88	0.00	11.68	1463.39
	2424.89	0.00	11.66	1465.40
	2424.90	0.00	11.68	1459.28
	2424.91	0.00	11.61	1458.40
	2424.92	0.00	11.56	1458.50
	2424.93	0.00	11.56	1458.52
	2424.95	0.00	11.54	1457.55
	2424.96	0.00	11.54	1450.56
	2424.97	0.00	11.54	1455.57
	2424.98	0.00	11.54	1458.58
	2424.99	0.00	11.44	1433.61
	2425.00	0.00	11.45	1442.62
	2425.02	0.00	11.44	1442.63
	2425.03	0.00	11.46	1449.65
	2425.04	0.00	11.48	1448.67
	2425.05	0.00	11.49	1452.66
	2425.06	0.00	11.48	1456.66
	2425.07	0.00	11.47	1451.62
	2425.09	0.00	11.49	1457.64
	2425.10	0.00	11.49	1461.63
	2425.11	0.00	11.50	1467.65
	2425.12	0.00	11.50	1466.65
	2425.13	0.00	11.49	1469.65
	2425.14	0.00	11.49	1474.66
	2425.16	0.00	11.48	1471.65
	2425.17	0.00	11.47	1477.68
	2425.18	0.00	11.47	1479.70
	2425.19	0.00	11.48	1480.69
	2425.20	0.00	11.46	1477.70
	2425.22	0.00	11.47	1478.69
	2425.23	0.00	11.45	1479.72
	2425.24	0.00	11.46	1475.66
	2425.25	0.00	11.47	1477.66
	2425.26	0.00	11.48	1483.65
	2425.27	0.00	11.48	1478.65
	2425.28	0.00	11.48	1479.65
	2425.30	0.00	11.47	1481.65
	2425.31	0.00	11.47	1479.64
	2425.32	0.00	11.50	1475.57
	2425.33	0.00	11.45	1468.65
	2425.34	0.00	11.45	1471.64
	2425.36	0.00	11.45	1471.65
	2425.37	0.00	11.46	1469.62
	2425.38	0.00	11.46	1469.64
	2425.39	0.00	11.43	1461.64
	2425.40	0.00	11.43	1462.64
	2425.41	0.00	11.46	1462.58
	2425.43	0.00	11.44	1463.64
	2425.44	0.00	11.44	1462.64
	2425.45	0.00	11.44	1465.64
	2425.46	0.00	11.47	1461.58
	2425.47	0.00	11.45	1464.66
	2425.48	0.00	11.44	1462.68
	2425.50	0.00	11.43	1460.69
	2425.51	0.00	11.47	1460.60
	2425.52	0.00	11.43	1460.70
	2425.53	0.00	11.42	1458.70
	2425.54	0.00	11.45	1455.64
	2425.55	0.00	11.43	1457.67
	2425.57	0.00	11.42	1451.67
	2425.58	0.00	11.44	1457.68
	2425.59	0.00	11.44	1455.68
	2425.60	0.00	11.44	1455.68
	2425.61	0.00	11.55	1450.40
	2425.63	0.00	11.56	1450.38
	2425.64	0.00	11.58	1452.36
	2425.65	0.00	11.56	1454.41
	2425.66	0.00	11.57	1451.40
	2425.67	0.00	11.56	1448.41
	2425.68	0.00	11.55	1449.42
	2425.70	0.00	11.55	1447.42
	2425.71	0.00	11.58	1435.27
	2425.72	0.00	11.48	1435.47
	2425.73	0.00	11.46	1436.54
	2425.74	0.00	11.45	1429.57
	2425.75	0.00	11.45	1431.58
	2425.77	0.00	11.42	1417.56
	2425.78	0.00	11.37	1412.62
	2425.79	0.00	11.39	1420.64
	2425.80	0.00	11.42	1417.65
	2425.81	0.00	11.42	1421.66
	2425.82	0.00	11.42	1425.67
	2425.84	0.00	11.42	1425.66
	2425.85	0.00	11.38	1410.62
	2425.86	0.00	11.44	1428.63
	2425.87	0.00	11.47	1434.60
	2425.88	0.00	11.46	1433.64
	2425.89	0.00	11.45	1436.65
	2425.91	0.00	11.44	1437.65
	2425.92	0.00	11.43	1436.66
	2425.93	0.00	11.45	1443.66
	2425.94	0.00	11.44	1443.67
	2425.95	0.00	11.44	1442.67
	2425.97	0.00	11.43	1443.69
	2425.98	0.00	11.43	1445.68
	2425.99	0.00	11.43	1446.68
	2426.00	0.00	11.44	1445.68
	2426.01	0.00	11.46	1446.63
	2426.02	0.00	11.43	1441.65
	2426.04	0.00	11.45	1444.64
	2426.05	0.00	11.44	1445.64
	2426.06	0.00	11.45	1442.63
	2426.07	0.00	11.45	1444.63
	2426.08	0.00	11.45	1442.63
	2426.09	0.00	11.45	1442.63
	2426.11	0.00	11.45	1436.60
	2426.12	0.00	11.43	1437.63
	2426.13	0.00	11.44	1437.62
	2426.14	0.00	11.44	1435.62
	2426.15	0.00	11.48	1435.54
	2426.16	0.00	11.45	1433.62
	2426.18	0.00	11.42	1428.62
	2426.19	0.00	11.43	1430.62
	2426.20	0.00	11.42	1431.64
	2426.21	0.00	11.44	1433.62
	2426.22	0.00	11.44	1432.62
	2426.23	0.00	11.44	1431.62
	2426.25	0.00	11.44	1433.61
	2426.26	0.00	11.45	1433.58
	2426.27	0.00	11.43	1434.63
	2426.28	0.00	11.42	1435.65
	2426.29	0.00	11.41	1435.69
	2426.31	0.00	11.42	1437.67
	2426.32	0.00	11.42	1436.67
	2426.33	0.00	11.42	1437.67
	2426.34	0.00	11.42	1434.66
	2426.35	0.00	11.43	1438.63
	2426.36	0.00	11.43	1437.64
	2426.38	0.00	11.43	1436.65
	2426.39	0.00	11.41	1438.68
	2426.40	0.00	11.40	1434.67
	2426.41	0.00	11.41	1440.67
	2426.42	0.00	11.55	1439.34
	2426.43	0.00	11.56	1442.34
	2426.45	0.00	11.55	1444.37
	2426.46	0.00	11.54	1440.39
	2426.47	0.00	11.53	1438.39
	2426.48	0.00	11.50	1436.42
	2426.49	0.00	11.53	1439.36
	2426.50	0.00	11.48	1428.39
	2426.52	0.00	11.43	1429.51
	2426.53	0.00	11.44	1423.52
	2426.54	0.00	11.45	1424.57
	2426.55	0.00	11.42	1428.58
	2426.56	0.00	11.34	1403.57
	2426.57	0.00	11.36	1410.57
	2426.59	0.00	11.36	1417.64
	2426.60	0.00	11.38	1415.65
	2426.61	0.00	11.39	1419.65
	2426.62	0.00	11.38	1422.65
	2426.63	0.00	11.38	1417.61
	2426.65	0.00	11.41	1425.62
	2426.66	0.00	11.42	1428.62
	2426.67	0.00	11.41	1431.65
	2426.68	0.00	11.37	1420.64
	2426.69	0.00	11.41	1434.65
	2426.70	0.00	11.41	1434.64
	2426.72	0.00	11.40	1433.67
	2426.73	0.00	11.42	1434.61
	2426.74	0.00	11.41	1438.66
	2426.75	0.00	11.41	1440.67
	2426.76	0.00	11.41	1439.68
	2426.77	0.00	11.42	1443.67
	2426.79	0.00	11.41	1444.68
	2426.80	0.00	11.41	1443.65
	2426.81	0.00	11.42	1441.62
	2426.82	0.00	11.41	1441.64
	2426.83	0.00	11.41	1441.64
	2426.84	0.00	11.42	1442.63
	2426.86	0.00	11.42	1444.63
	2426.87	0.00	11.42	1444.63
	2426.88	0.00	11.42	1444.63
	2426.89	0.00	11.42	1444.63
	2426.90	0.00	11.42	1443.64
	2426.91	0.00	11.42	1444.63
	2426.93	0.00	11.42	1443.62
	2426.94	0.00	11.40	1436.62
	2426.95	0.00	11.40	1439.64
	2426.96	0.00	11.39	1436.62
	2426.97	0.00	11.41	1436.62
	2426.99	0.00	11.40	1437.62
	2427.00	0.00	11.41	1437.61
	2427.01	0.00	11.37	1428.62
	2427.02	0.00	11.39	1432.62
	2427.03	0.00	11.39	1434.62
	2427.04	0.00	11.39	1436.64
	2427.06	0.00	11.41	1436.62
	2427.07	0.00	11.40	1438.62
	2427.08	0.00	11.44	1438.53
	2427.09	0.00	11.42	1436.58
	2427.10	0.00	11.39	1437.66
	2427.11	0.00	11.38	1436.67
	2427.13	0.00	11.39	1438.67
	2427.14	0.00	11.38	1438.69
	2427.15	0.00	11.39	1439.68
	2427.16	0.00	11.40	1439.63
	2427.17	0.00	11.41	1438.62
	2427.18	0.00	11.40	1437.65
	2427.20	0.00	11.41	1439.65
	2427.21	0.00	11.40	1440.66
	2427.22	0.00	11.40	1439.66
	2427.23	0.00	11.39	1440.68
	2427.24	0.00	11.36	1432.67
	2427.25	0.00	11.45	1432.48
	2427.27	0.00	11.52	1439.35
	2427.28	0.00	11.53	1440.36
	2427.29	0.00	11.50	1438.38
	2427.30	0.00	11.50	1437.40
	2427.31	0.00	11.50	1439.41
	2427.33	0.00	11.52	1431.29
	2427.34	0.00	11.45	1430.41
	2427.35	0.00	11.40	1430.52
	2427.36	0.00	11.39	1422.56
	2427.37	0.00	11.40	1423.57
	2427.38	0.00	11.40	1423.56
	2427.40	0.00	11.40	1424.58
	2427.41	0.00	11.39	1428.58
	2427.42	0.00	11.30	1405.62
	2427.43	0.00	11.32	1414.64
	2427.44	0.00	11.35	1413.65
	2427.45	0.00	11.36	1416.65
	2427.47	0.00	11.36	1419.65
	2427.48	0.00	11.36	1420.65
	2427.49	0.00	11.35	1420.66
	2427.50	0.00	11.39	1421.57
	2427.51	0.00	11.39	1428.63
	2427.52	0.00	11.41	1429.64
	2427.54	0.00	11.39	1432.65
	2427.55	0.00	11.39	1434.64
	2427.56	0.00	11.40	1432.60
	2427.57	0.00	11.38	1432.61
	2427.58	0.00	11.39	1436.65
	2427.59	0.00	11.38	1439.69
	2427.61	0.00	11.39	1440.67
	2427.62	0.00	11.38	1438.67
	2427.63	0.00	11.38	1439.67
	2427.64	0.00	11.37	1442.69
	2427.65	0.00	11.37	1437.68
	2427.66	0.00	11.38	1440.66
	2427.68	0.00	11.38	1438.64
	2427.69	0.00	11.38	1437.64
	2427.70	0.00	11.39	1441.64
	2427.71	0.00	11.39	1440.63
	2427.72	0.00	11.40	1441.63
	2427.74	0.00	11.39	1441.65
	2427.75	0.00	11.40	1441.63
	2427.76	0.00	11.37	1435.62
	2427.77	0.00	11.37	1438.62
	2427.78	0.00	11.39	1437.58
	2427.79	0.00	11.37	1436.63
	2427.81	0.00	11.37	1438.63
	2427.82	0.00	11.37	1438.63
	2427.83	0.00	11.39	1433.59
	2427.84	0.00	11.36	1431.62
	2427.85	0.00	11.38	1434.62
	2427.86	0.00	11.35	1428.62
	2427.88	0.00	11.36	1430.62
	2427.89	0.00	11.35	1427.62
	2427.90	0.00	11.36	1431.62
	2427.91	0.00	11.36	1430.62
	2427.92	0.00	11.35	1429.64
	2427.93	0.00	11.37	1431.62
	2427.95	0.00	11.36	1431.62
	2427.96	0.00	11.36	1431.62
	2427.97	0.00	11.38	1429.58
	2427.98	0.00	11.35	1431.64
	2427.99	0.00	11.35	1433.66
	2428.00	0.00	11.34	1431.67
	2428.02	0.00	11.38	1431.59
	2428.03	0.00	11.36	1432.68
	2428.04	0.00	11.34	1431.68
	2428.05	0.00	11.36	1434.64
	2428.06	0.00	11.36	1435.65
	2428.08	0.00	11.35	1434.66
	2428.09	0.00	11.34	1432.67
	2428.10	0.00	11.35	1434.67
	2428.11	0.00	11.34	1434.69
	2428.12	0.00	11.44	1424.35
	2428.13	0.00	11.49	1435.37
	2428.15	0.00	11.48	1438.37
	2428.16	0.00	11.49	1437.36
	2428.17	0.00	11.48	1433.39
	2428.18	0.00	11.46	1433.41
	2428.19	0.00	11.46	1434.41
	2428.20	0.00	11.46	1422.32
	2428.22	0.00	11.39	1424.47
	2428.23	0.00	11.37	1423.54
	2428.24	0.00	11.37	1419.56
	2428.25	0.00	11.37	1419.55
	2428.26	0.00	11.36	1418.57
	2428.27	0.00	11.36	1420.58
	2428.29	0.00	11.32	1410.58
	2428.30	0.00	11.27	1398.60
	2428.31	0.00	11.27	1402.63
	2428.32	0.00	11.30	1411.64
	2428.33	0.00	11.33	1410.65
	2428.35	0.00	11.32	1411.67
	2428.36	0.00	11.33	1414.66
	2428.37	0.00	11.32	1412.66
	2428.38	0.00	11.29	1400.63
	2428.39	0.00	11.30	1400.62
	2428.40	0.00	11.35	1418.62
	2428.42	0.00	11.37	1422.63
	2428.43	0.00	11.37	1425.64
	2428.44	0.00	11.37	1425.64
	2428.45	0.00	11.37	1426.64
	2428.46	0.00	11.36	1427.64
	2428.47	0.00	11.36	1427.64
	2428.49	0.00	11.36	1426.63
	2428.50	0.00	11.36	1432.66
	2428.51	0.00	11.36	1432.67
	2428.52	0.00	11.36	1432.67
	2428.53	0.00	11.36	1435.67
	2428.54	0.00	11.35	1433.68
	2428.56	0.00	11.36	1432.67
	2428.57	0.00	11.35	1434.69
	2428.58	0.00	11.35	1430.65
	2428.59	0.00	11.35	1432.64
	2428.60	0.00	11.36	1434.64
	2428.61	0.00	11.37	1435.63
	2428.63	0.00	11.37	1433.63
	2428.64	0.00	11.36	1434.63
	2428.65	0.00	11.38	1435.62
	2428.66	0.00	11.34	1428.64
	2428.67	0.00	11.35	1429.62
	2428.69	0.00	11.36	1430.62
	2428.70	0.00	11.36	1431.62
	2428.71	0.00	11.37	1429.60
	2428.72	0.00	11.37	1430.62
	2428.73	0.00	11.36	1429.62
	2428.74	0.00	11.36	1429.62
	2428.75	0.00	11.36	1422.56
	2428.77	0.00	11.35	1424.62
	2428.78	0.00	11.35	1425.62
	2428.79	0.00	11.36	1428.62
	2428.80	0.00	11.37	1428.61
	2428.81	0.00	11.36	1429.62
	2428.83	0.00	11.36	1429.62
	2428.84	0.00	11.37	1430.61
	2428.85	0.00	11.36	1429.63
	2428.86	0.00	11.36	1432.64
	2428.87	0.00	11.36	1431.65
	2428.88	0.00	11.36	1429.65
	2428.90	0.00	11.34	1427.68
	2428.91	0.00	11.35	1432.67
	2428.92	0.00	11.35	1431.67
	2428.93	0.00	11.36	1430.62
	2428.94	0.00	11.36	1430.65
	2428.95	0.00	11.37	1434.64
	2428.97	0.00	11.37	1432.64
	2428.98	0.00	11.37	1433.65
	2428.99	0.00	11.37	1433.65
	2429.00	0.00	11.37	1433.66
	2429.01	0.00	11.41	1427.49
	2429.02	0.00	11.47	1430.39
	2429.04	0.00	11.52	1431.30
	2429.05	0.00	11.50	1432.34
	2429.06	0.00	11.50	1434.36
	2429.07	0.00	11.49	1430.38
	2429.08	0.00	11.48	1431.39
	2429.09	0.00	11.48	1432.40
	2429.11	0.00	11.50	1421.26
	2429.12	0.00	11.47	1417.31
	2429.13	0.00	11.44	1417.40
	2429.14	0.00	11.41	1419.48
	2429.15	0.00	11.39	1413.54
	2429.17	0.00	11.40	1414.55
	2429.18	0.00	11.40	1417.57
	2429.19	0.00	11.33	1393.54
	2429.20	0.00	11.32	1397.60
	2429.21	0.00	11.33	1402.62
	2429.22	0.00	11.34	1403.63
	2429.24	0.00	11.36	1400.65
	2429.25	0.00	11.38	1404.64
	2429.26	0.00	11.38	1404.64
	2429.27	0.00	11.39	1405.64
	2429.28	0.00	11.34	1391.60
	2429.29	0.00	11.40	1407.60
	2429.31	0.00	11.42	1415.61
	2429.32	0.00	11.44	1413.62
	2429.33	0.00	11.41	1416.65
	2429.34	0.00	11.42	1418.63
	2429.35	0.00	11.41	1419.63
	2429.37	0.00	11.41	1419.63
	2429.38	0.00	11.42	1418.58
	2429.39	0.00	11.39	1420.64
	2429.40	0.00	11.41	1425.65
	2429.41	0.00	11.41	1424.65
	2429.42	0.00	11.39	1425.67
	2429.43	0.00	11.40	1426.66
	2429.45	0.00	11.40	1426.66
	2429.46	0.00	11.40	1426.66
	2429.47	0.00	11.40	1427.65
	2429.48	0.00	11.39	1430.66
	2429.49	0.00	11.37	1423.63
	2429.51	0.00	11.39	1425.62
	2429.52	0.00	11.40	1428.60
	2429.53	0.00	11.40	1430.62
	2429.54	0.00	11.39	1428.62
	2429.55	0.00	11.39	1428.62
	2429.56	0.00	11.40	1428.60
	2429.58	0.00	11.39	1427.62
	2429.59	0.00	11.39	1429.61
	2429.60	0.00	11.37	1423.61
	2429.61	0.00	11.37	1422.61
	2429.62	0.00	11.37	1423.61
	2429.63	0.00	11.37	1424.61
	2429.65	0.00	11.36	1425.61
	2429.66	0.00	11.37	1424.61
	2429.67	0.00	11.37	1421.62
	2429.68	0.00	11.34	1414.61
	2429.69	0.00	11.36	1422.61
	2429.70	0.00	11.37	1421.61
	2429.72	0.00	11.37	1425.61
	2429.73	0.00	11.35	1420.61
	2429.74	0.00	11.35	1421.61
	2429.75	0.00	11.36	1424.61
	2429.76	0.00	11.39	1425.54
	2429.77	0.00	11.36	1422.61
	2429.79	0.00	11.36	1422.61
	2429.80	0.00	11.38	1422.57
	2429.81	0.00	11.35	1422.63
	2429.82	0.00	11.35	1422.65
	2429.83	0.00	11.34	1423.65
	2429.85	0.00	11.35	1424.65
	2429.86	0.00	11.33	1423.68
	2429.87	0.00	11.35	1423.66
	2429.88	0.00	11.35	1425.67
	2429.89	0.00	11.35	1422.64
	2429.90	0.00	11.37	1425.62
	2429.92	0.00	11.35	1424.63
	2429.93	0.00	11.36	1425.64
	2429.94	0.00	11.35	1425.65
	2429.95	0.00	11.36	1424.64
	2429.96	0.00	11.34	1425.66
	2429.97	0.00	11.35	1427.66
	2429.99	0.00	11.44	1423.42
	2430.00	0.00	11.49	1427.35
	2430.01	0.00	11.49	1429.35
	2430.02	0.00	11.49	1430.36
	2430.03	0.00	11.49	1429.36
	2430.04	0.00	11.53	1427.30
	2430.06	0.00	11.47	1425.39
	2430.07	0.00	11.47	1425.39
	2430.08	0.00	11.46	1426.40
	2430.09	0.00	11.47	1413.26
	2430.10	0.00	11.41	1416.42
	2430.11	0.00	11.37	1416.51
	2430.13	0.00	11.38	1410.54
	2430.14	1.00	11.37	1410.55
	2430.15	1.00	11.38	1413.56
	2430.16	1.00	11.37	1416.57
	2430.17	1.00	11.32	1395.54
	2430.19	1.00	11.29	1395.61
	2430.20	1.00	11.31	1403.63
	2430.21	1.00	11.33	1405.64
	2430.22	1.00	11.34	1402.64
	2430.23	1.00	11.34	1403.64
	2430.24	1.00	11.34	1406.65
	2430.26	1.00	11.35	1409.64
	2430.27	1.00	11.31	1395.60
	2430.28	1.00	11.37	1415.61
	2430.29	1.00	11.38	1420.61
	2430.30	1.00	11.39	1420.63
	2430.31	1.00	11.39	1424.63
	2430.33	1.00	11.47	1448.64
	2430.34	1.00	11.50	1448.61
	2430.35	1.00	11.48	1451.64
	2430.36	1.00	11.48	1449.61
	2430.37	1.00	11.48	1455.65
	2430.39	0.00	11.47	1455.68
	2430.40	0.00	11.48	1459.66
	2430.41	0.00	11.48	1458.66
	2430.42	0.00	11.48	1457.66
	2430.43	0.00	11.49	1459.65
	2430.44	0.00	11.47	1458.67
	2430.46	0.00	11.48	1454.63
	2430.47	0.00	11.48	1457.63
	2430.48	0.00	11.48	1458.64
	2430.49	0.00	11.50	1462.62
	2430.50	0.00	11.50	1460.62
	2430.51	0.00	11.50	1461.62
	2430.53	0.00	11.50	1462.62
	2430.54	0.00	11.49	1458.62
	2430.55	0.00	11.47	1452.62
	2430.56	0.00	11.47	1454.62
	2430.57	0.00	11.47	1455.62
	2430.58	0.00	11.47	1451.62
	2430.60	0.00	11.47	1455.62
	2430.61	0.00	11.47	1455.62
	2430.62	0.00	11.45	1450.64
	2430.63	0.00	11.46	1451.61
	2430.64	0.00	11.47	1453.62
	2430.65	0.00	11.48	1454.61
	2430.67	0.00	11.47	1455.63
	2430.68	0.00	11.49	1457.62
	2430.69	0.00	11.48	1458.62
	2430.70	0.00	11.49	1457.61
	2430.71	0.00	11.48	1457.64
	2430.73	0.00	11.47	1454.64
	2430.74	0.00	11.46	1454.66
	2430.75	0.00	11.45	1456.67
	2430.76	0.00	11.46	1455.67
	2430.77	0.00	11.45	1456.67
	2430.78	0.00	11.48	1456.63
	2430.80	0.00	11.47	1455.64
	2430.81	0.00	11.45	1457.68
	2430.82	0.00	11.46	1455.66
	2430.83	0.00	11.46	1456.66
	2430.84	0.00	11.46	1457.66
	2430.85	0.00	11.41	1449.69
	2430.87	0.00	11.60	1460.34
	2430.88	0.00	11.59	1460.37
	2430.89	0.00	11.58	1457.39
	2430.90	0.00	11.56	1456.43
	2430.91	0.00	11.58	1459.41
	2430.92	0.00	11.57	1454.41
	2430.94	0.00	11.54	1451.41
	2430.95	0.00	11.53	1446.38
	2430.96	0.00	11.49	1450.50
	2430.97	0.00	11.48	1443.55
	2430.98	0.00	11.47	1444.57
	2431.00	0.00	11.46	1444.60
	2431.01	0.00	11.38	1422.59
	2431.02	0.00	11.39	1430.63
	2431.03	0.00	11.40	1436.64
	2431.04	0.00	11.42	1435.64
	2431.05	0.00	11.42	1433.65
	2431.07	0.00	11.43	1437.65
	2431.08	0.00	11.43	1438.65
	2431.09	0.00	11.40	1427.61
	2431.10	0.00	11.45	1443.62
	2431.11	0.00	11.46	1446.62
	2431.12	0.00	11.46	1445.62
	2431.14	0.00	11.51	1449.55
	2431.15	0.00	11.47	1449.64
	2431.16	0.00	11.46	1453.64
	2431.17	0.00	11.46	1449.60
	2431.18	0.00	11.45	1455.65
	2431.20	0.00	11.46	1456.66
	2431.21	0.00	11.45	1456.67
	2431.22	0.00	11.46	1456.67
	2431.23	0.00	11.45	1460.67
	2431.24	0.00	11.45	1460.67
	2431.25	0.00	11.46	1458.64
	2431.27	0.00	11.46	1457.63
	2431.28	0.00	11.46	1461.63
	2431.29	0.00	11.47	1460.62
	2431.30	0.00	11.47	1459.62
	2431.31	0.00	11.47	1459.62
	2431.32	0.00	11.48	1461.62
	2431.34	0.00	11.43	1450.64
	2431.35	0.00	11.45	1450.62
	2431.36	0.00	11.44	1452.62
	2431.37	0.00	11.45	1453.62
	2431.38	0.00	11.45	1452.61
	2431.39	0.00	11.45	1451.62
	2431.41	0.00	11.44	1452.62
	2431.42	0.00	11.43	1450.62
	2431.43	0.00	11.43	1450.64
	2431.44	0.00	11.41	1442.62
	2431.45	0.00	11.44	1450.62
	2431.47	0.00	11.44	1451.62
	2431.48	0.00	11.44	1451.62
	2431.49	0.00	11.44	1454.62
	2431.50	0.00	11.46	1454.57
	2431.51	0.00	11.45	1453.60
	2431.52	0.00	11.43	1455.63
	2431.54	0.00	11.43	1458.65
	2431.55	0.00	11.42	1458.67
	2431.56	0.00	11.41	1461.68
	2431.57	0.00	11.40	1462.70
	2431.58	0.00	11.42	1463.64
	2431.59	0.00	11.42	1463.64
	2431.61	0.00	11.42	1464.66
	2431.62	0.00	11.42	1464.66
	2431.63	0.00	11.42	1463.66
	2431.64	0.00	11.42	1462.67
	2431.65	0.00	11.42	1463.67
	2431.67	0.00	11.49	1457.47
	2431.68	0.00	11.54	1458.36
	2431.69	0.00	11.55	1464.39
	2431.70	0.00	11.54	1460.40
	2431.71	0.00	11.54	1464.41
	2431.72	0.00	11.54	1458.41
	2431.74	0.00	11.53	1462.42
	2431.75	0.00	11.55	1450.29
	2431.76	0.00	11.46	1450.48
	2431.77	0.00	11.44	1452.54
	2431.78	0.00	11.45	1444.57
	2431.79	0.00	11.45	1444.57
	2431.81	0.00	11.46	1445.55
	2431.82	0.00	11.41	1436.58
	2431.83	0.00	11.36	1426.61
	2431.84	0.00	11.38	1434.64
	2431.85	0.00	11.41	1434.64
	2431.86	0.00	11.41	1433.65
	2431.88	0.00	11.41	1437.65
	2431.89	0.00	11.38	1424.62
	2431.90	0.00	11.43	1441.64
	2431.91	0.00	11.45	1446.63
	2431.92	0.00	11.46	1447.64
	2431.94	0.00	11.45	1449.64
	2431.95	0.00	11.44	1450.65
	2431.96	0.00	11.44	1452.65
	2431.97	0.00	11.44	1449.62
	2431.98	0.00	11.44	1453.66
	2431.99	0.00	11.44	1454.67
	2432.01	0.00	11.46	1456.67
	2432.02	0.00	11.44	1455.67
	2432.03	0.00	11.45	1456.67
	2432.04	0.00	11.45	1456.66
	2432.05	0.00	11.45	1457.67
	2432.06	0.00	11.44	1455.63
	2432.08	0.00	11.46	1459.63
	2432.09	0.00	11.46	1459.62
	2432.10	0.00	11.45	1457.63
	2432.11	0.00	11.45	1459.63
	2432.12	0.00	11.46	1460.63
	2432.14	0.00	11.45	1460.65
	2432.15	0.00	11.43	1451.62
	2432.16	0.00	11.43	1452.62
	2432.17	0.00	11.42	1450.62
	2432.18	0.00	11.44	1452.61
	2432.19	0.00	11.43	1452.62
	2432.20	0.00	11.43	1450.62
	2432.22	0.00	11.43	1450.62
	2432.23	0.00	11.45	1449.59
	2432.24	0.00	11.43	1448.62
	2432.25	0.00	11.42	1446.62
	2432.26	0.00	11.44	1448.62
	2432.28	0.00	11.44	1448.61
	2432.29	0.00	11.44	1449.61
	2432.30	0.00	11.44	1447.61
	2432.31	0.00	11.44	1448.61
	2432.32	0.00	11.47	1448.56
	2432.33	0.00	11.44	1448.62
	2432.35	0.00	11.43	1448.65
	2432.36	0.00	11.43	1446.66
	2432.37	0.00	11.42	1447.68
	2432.38	0.00	11.43	1447.66
	2432.39	0.00	11.43	1448.67
	2432.40	0.00	11.43	1448.67
	2432.42	0.00	11.45	1448.64
	2432.43	0.00	11.43	1445.63
	2432.44	0.00	11.45	1450.65
	2432.45	0.00	11.44	1449.66
	2432.46	0.00	11.44	1450.66
	2432.48	0.00	11.47	1443.52
	2432.49	0.00	11.57	1449.34
	2432.50	0.00	11.57	1450.36
	2432.51	0.00	11.60	1453.32
	2432.52	0.00	11.56	1447.38
	2432.53	0.00	11.56	1447.39
	2432.55	0.00	11.56	1449.40
	2432.56	0.00	11.56	1449.38
	2432.57	0.00	11.54	1437.33
	2432.58	0.00	11.47	1439.49
	2432.59	0.00	11.46	1435.54
	2432.60	0.00	11.46	1430.56
	2432.62	0.00	11.47	1434.55
	2432.63	0.00	11.46	1435.57
	2432.64	0.00	11.38	1413.56
	2432.65	0.00	11.40	1421.59
	2432.66	0.00	11.37	1419.63
	2432.67	0.00	11.42	1419.64
	2432.69	0.00	11.43	1421.64
	2432.70	0.00	11.43	1421.65
	2432.71	0.00	11.44	1423.64
	2432.72	0.00	11.44	1423.64
	2432.73	0.00	11.42	1410.59
	2432.75	0.00	11.46	1426.63
	2432.76	0.00	11.48	1432.62
	2432.77	0.00	11.48	1429.62
	2432.78	0.00	11.47	1432.63
	2432.79	0.00	11.47	1435.62
	2432.80	0.00	11.47	1434.59
	2432.82	0.00	11.47	1441.63
	2432.83	0.00	11.46	1442.64
	2432.84	0.00	11.46	1442.64
	2432.85	0.00	11.47	1446.65
	2432.86	0.00	11.46	1446.66
	2432.87	0.00	11.46	1448.66
	2432.89	0.00	11.45	1451.68
	2432.90	0.00	11.46	1452.66
	2432.91	0.00	11.46	1453.66
	2432.92	0.00	11.46	1451.63
	2432.93	0.00	11.47	1453.60
	2432.95	0.00	11.47	1455.62
	2432.96	0.00	11.47	1452.62
	2432.97	0.00	11.47	1455.61
	2432.98	0.00	11.45	1448.60
	2432.99	0.00	11.40	1442.62
	2433.00	0.00	11.43	1449.62
	2433.02	0.00	11.43	1453.62
	2433.03	0.00	11.43	1453.62
	2433.04	0.00	11.43	1454.62
	2433.05	0.00	11.42	1452.62
	2433.06	0.00	11.41	1457.62
	2433.07	0.00	11.41	1458.62
	2433.09	0.00	11.38	1454.63
	2433.10	0.00	11.38	1459.62
	2433.11	0.00	11.37	1461.63
	2433.12	0.00	11.37	1466.63
	2433.13	0.00	11.35	1473.64
	2433.14	0.00	11.32	1475.64
	2433.16	0.00	11.31	1486.65
	2433.17	0.00	11.28	1490.68
	2433.18	0.00	11.27	1496.69
	2433.19	0.00	11.24	1500.71
	2433.20	0.00	11.22	1505.72
	2433.22	0.00	11.20	1509.73
	2433.23	0.00	11.19	1517.69
	2433.24	0.00	11.15	1523.72
	2433.25	0.00	11.12	1528.74
	2433.26	0.00	11.10	1534.75
	2433.27	0.00	11.08	1543.76
	2433.29	0.00	11.15	1546.49
	2433.30	0.00	11.14	1556.48
	2433.31	0.00	11.11	1559.53
	2433.32	0.00	11.08	1562.55
	2433.33	0.00	11.05	1565.57
	2433.34	0.00	10.98	1558.62
	2433.36	0.00	10.94	1558.71
	2433.37	0.00	10.93	1560.75
	2433.38	0.00	10.93	1562.73
	2433.39	0.00	10.83	1542.80
	2433.40	0.00	10.83	1544.81
	2433.42	0.00	10.84	1541.81
	2433.43	0.00	10.87	1533.82
	2433.44	0.00	10.90	1527.81
	2433.45	0.00	10.87	1500.77
	2433.46	0.00	10.94	1499.78
	2433.47	0.00	10.99	1484.75
	2433.49	0.00	11.02	1456.73
	2433.50	0.00	11.07	1425.71
	2433.51	0.00	11.14	1390.72
	2433.52	0.00	11.23	1358.67
	2433.53	0.00	11.28	1330.65
	2433.54	0.00	11.35	1304.62
	2433.56	0.00	11.41	1270.57
	2433.57	0.00	11.46	1247.56
	2433.58	0.00	11.51	1218.48
	2433.59	0.00	11.59	1206.39
	2433.60	0.00	11.64	1195.31
	2433.61	0.00	11.61	1188.29
	2433.63	0.00	11.63	1185.24
	2433.64	0.00	11.59	1175.23
	2433.65	0.00	11.58	1170.23
	2433.66	0.00	11.59	1168.18
	2433.67	0.00	11.58	1165.21
	2433.68	0.00	11.58	1166.21
	2433.70	0.00	11.57	1164.20
	2433.71	0.00	11.58	1160.20
	2433.72	0.00	11.57	1158.20
	2433.73	0.00	11.57	1158.19
	2433.74	0.00	11.58	1157.18
	2433.75	0.00	11.58	1157.18
	2433.77	0.00	11.57	1154.18
	2433.78	0.00	11.57	1154.18
	2433.79	0.00	11.58	1154.16
	2433.80	0.00	11.57	1152.16
	2433.81	0.00	11.56	1150.16
	2433.82	0.00	11.52	1141.17
	2433.84	0.00	11.53	1140.15
	2433.85	0.00	11.55	1141.12
	2433.86	0.00	11.54	1139.15
	2433.87	0.00	11.56	1139.13
	2433.88	0.00	11.56	1138.12
	2433.89	0.00	11.58	1133.06
	2433.91	0.00	11.60	1138.07
	2433.92	0.00	11.59	1135.09
	2433.93	0.00	11.61	1139.07
	2433.94	0.00	11.62	1135.06
	2433.95	0.00	11.61	1133.05
	2433.96	0.00	11.61	1129.04
	2433.98	0.00	11.57	1121.07
	2433.99	0.00	11.57	1121.07
	2434.00	0.00	11.57	1120.06
	2434.01	0.00	11.58	1119.03
	2434.02	0.00	11.57	1120.05
	2434.03	0.00	11.66	1136.99
	2434.05	0.00	11.67	1140.00
	2434.06	0.00	11.67	1143.00
	2434.07	0.00	11.70	1140.96
	2434.08	0.00	11.70	1140.94
	2434.09	0.00	11.70	1140.93
	2434.10	0.00	11.66	1148.98
	2434.12	0.00	11.61	1156.02
	2434.13	0.00	11.29	1196.26
	2434.14	0.00	10.94	1261.45
	2434.15	0.00	10.74	1331.55
	2434.16	0.00	10.74	1398.62
	2434.17	0.00	10.78	1425.64
	2434.19	0.00	10.82	1444.64
	2434.20	0.00	10.83	1464.69
	2434.21	0.00	10.86	1495.71
	2434.22	0.00	10.94	1555.76
	2434.23	0.00	10.92	1584.83
	2434.25	0.00	10.91	1606.86
	2434.26	0.00	10.90	1622.89
	2434.27	0.00	10.94	1645.92
	2434.28	0.00	10.98	1658.94
	2434.29	0.00	11.01	1658.94
	2434.30	0.00	11.04	1657.93
	2434.32	0.00	11.09	1659.95
	2434.33	0.00	11.15	1655.93
	2434.34	0.00	11.21	1645.91
	2434.35	0.00	11.32	1642.85
	2434.36	0.00	11.38	1629.84
	2434.37	0.00	11.45	1623.84
	2434.39	0.00	11.51	1615.84
	2434.40	0.00	11.58	1607.83
	2434.41	0.00	11.64	1603.83
	2434.42	0.00	11.75	1600.68
	2434.43	0.00	11.93	1620.68
	2434.45	0.00	11.99	1626.68
	2434.46	0.00	12.09	1642.67
	2434.47	0.00	12.18	1643.66
	2434.48	0.00	12.31	1646.63
	2434.49	0.00	12.39	1640.73
	2434.50	0.00	12.60	1633.73
	2434.52	0.00	12.72	1642.72
	2434.53	0.00	12.84	1650.67
	2434.54	0.00	13.02	1667.59
	2434.55	0.00	13.25	1687.41
	2434.56	0.00	13.47	1698.23
	2434.57	0.00	13.70	1721.07
	2434.59	0.00	13.85	1749.98
	2434.60	0.00	13.95	1773.97
	2434.61	0.00	14.00	1771.99
	2434.62	0.00	14.15	1777.84
	2434.63	0.00	14.40	1802.72
	2434.65	0.00	14.48	1797.67
	2434.66	0.00	14.56	1793.60
	2434.67	0.00	14.63	1789.53
	2434.68	0.00	14.66	1757.43
	2434.69	0.00	14.66	1711.32
	2434.70	0.00	14.57	1643.23
	2434.71	0.00	14.54	1576.01
	2434.73	0.00	14.30	1486.76
	2434.74	0.00	14.08	1430.82
	2434.75	0.00	13.58	1373.21
	2434.76	0.00	13.03	1295.43
	2434.77	0.00	12.59	1239.60
	2434.79	0.00	12.10	1200.84
	2434.80	0.00	12.00	1200.95
	2434.81	0.00	11.90	1187.00
	2434.82	0.00	11.85	1179.00
	2434.83	0.00	11.82	1162.97
	2434.84	0.00	11.76	1147.96
	2434.85	0.00	11.71	1130.92
	2434.87	0.00	11.69	1128.93
	2434.88	0.00	11.66	1125.97
	2434.89	0.00	11.66	1119.94
	2434.90	0.00	11.66	1118.93
	2434.91	0.00	11.65	1118.94
	2434.93	0.00	11.66	1120.94
	2434.94	0.00	11.65	1118.96
	2434.95	0.00	11.67	1122.95
	2434.96	0.00	11.68	1123.95
	2434.97	0.00	11.68	1123.94
	2434.98	0.00	11.68	1125.96
	2435.00	0.00	11.69	1126.95
	2435.01	0.00	11.69	1128.96
	2435.02	0.00	11.71	1130.93
	2435.03	0.00	11.77	1124.78
	2435.04	0.00	11.75	1126.87
	2435.05	0.00	11.72	1126.86
	2435.06	0.00	11.74	1124.86
	2435.08	0.00	11.74	1123.86
	2435.09	0.00	11.75	1126.86
	2435.10	0.00	11.75	1128.86
	2435.11	0.00	11.75	1127.86
	2435.12	0.00	11.76	1127.84
	2435.13	0.00	11.78	1126.81
	2435.15	0.00	11.77	1127.81
	2435.16	0.00	11.77	1126.81
	2435.17	0.00	11.78	1128.80
	2435.18	0.00	11.79	1129.79
	2435.19	0.00	11.80	1129.77
	2435.21	0.00	11.82	1136.78
	2435.22	0.00	11.82	1137.78
	2435.23	0.00	11.76	1150.90
	2435.24	0.00	11.71	1179.92
	2435.25	0.00	11.31	1224.23
	2435.26	0.00	10.81	1336.50
	2435.27	0.00	10.56	1410.63
	2435.29	0.00	10.46	1466.72
	2435.30	0.00	10.46	1513.78
	2435.31	0.00	10.48	1532.83
	2435.32	0.00	10.55	1568.85
	2435.33	0.00	10.65	1624.94
	2435.35	0.00	10.70	1680.98
	2435.36	0.00	10.76	1714.02
	2435.37	0.00	10.80	1736.07
	2435.38	0.00	10.91	1770.13
	2435.39	0.00	11.00	1780.13
	2435.40	0.00	11.08	1780.12
	2435.42	0.00	11.19	1780.06
	2435.43	0.00	11.27	1765.06
	2435.44	0.00	11.35	1744.05
	2435.45	0.00	11.43	1727.03
	2435.46	0.00	11.51	1706.01
	2435.48	0.00	11.64	1686.83
	2435.49	0.00	11.74	1674.83
	2435.50	0.00	11.82	1648.81
	2435.51	0.00	11.92	1641.77
	2435.52	0.00	12.02	1631.74
	2435.53	0.00	12.09	1622.77
	2435.55	0.00	12.18	1623.81
	2435.56	0.00	12.30	1626.75
	2435.57	0.00	12.58	1640.69
	2435.58	0.00	12.72	1633.59
	2435.59	0.00	12.89	1633.44
	2435.60	0.00	13.02	1631.27
	2435.62	0.00	13.17	1644.12
	2435.63	0.00	13.27	1651.02
	2435.64	0.00	13.34	1656.95
	2435.65	0.00	13.45	1657.83
	2435.66	0.00	13.71	1684.63
	2435.68	0.00	13.93	1692.34
	2435.69	0.00	14.06	1699.23
	2435.70	0.00	14.21	1697.01
	2435.71	0.00	14.35	1702.85
	2435.72	0.00	14.51	1702.71
	2435.73	0.00	14.55	1703.70
	2435.75	0.00	14.65	1701.63
	2435.76	0.00	14.68	1695.62
	2435.77	0.00	14.78	1697.57
	2435.78	0.00	14.83	1688.59
	2435.79	0.00	14.92	1699.52
	2435.80	0.00	15.02	1704.42
	2435.82	0.00	15.16	1699.23
	2435.83	0.00	15.20	1683.12
	2435.84	0.00	15.24	1666.99
	2435.85	0.00	15.20	1630.88
	2435.86	0.00	15.01	1595.97
	2435.87	0.00	14.72	1529.00
	2435.89	0.00	14.32	1486.34
	2435.90	0.00	13.54	1399.03
	2435.91	0.00	13.02	1336.38
	2435.92	0.00	12.42	1260.56
	2435.93	0.00	12.22	1238.75
	2435.94	0.00	12.14	1230.78
	2435.96	0.00	12.10	1223.76
	2435.97	0.00	12.04	1203.76
	2435.98	0.00	12.01	1190.75
	2435.99	0.00	12.03	1183.70
	2436.00	0.00	12.02	1180.71
	2436.01	0.00	12.03	1179.69
	2436.03	0.00	12.02	1169.68
	2436.04	0.00	12.01	1169.68
	2436.05	0.00	11.97	1149.67
	2436.06	0.00	11.97	1150.67
	2436.07	0.00	11.96	1149.68
	2436.08	0.00	11.97	1151.69
	2436.10	0.00	11.96	1150.70
	2436.11	0.00	11.97	1154.70
	2436.12	0.00	11.96	1152.70
	2436.13	0.00	11.96	1152.71
	2436.14	0.00	11.96	1155.71
	2436.15	0.00	11.96	1157.72
	2436.17	0.00	11.98	1158.71
	2436.18	0.00	11.97	1156.71
	2436.19	0.00	11.93	1145.70
	2436.20	0.00	11.95	1146.67
	2436.21	0.00	11.95	1147.68
	2436.22	0.00	11.94	1145.68
	2436.24	0.00	11.95	1148.68
	2436.25	0.00	11.94	1150.71
	2436.26	0.00	11.97	1150.66
	2436.27	0.00	11.98	1154.68
	2436.28	0.00	11.99	1154.68
	2436.29	0.00	11.98	1153.69
	2436.31	0.00	11.98	1152.67
	2436.32	0.00	12.00	1153.65
	2436.33	0.00	12.00	1153.64
	2436.34	0.00	12.00	1151.63
	2436.35	0.00	12.01	1152.63
	2436.36	0.00	12.00	1155.64
	2436.38	0.00	11.99	1149.63
	2436.39	0.00	11.93	1176.81
	2436.40	0.00	11.85	1197.86
	2436.41	0.00	11.48	1245.19
	2436.42	0.00	10.98	1325.49
	2436.43	0.00	10.76	1410.64
	2436.45	0.00	10.62	1456.73
	2436.46	0.00	10.60	1483.75
	2436.47	0.00	10.63	1500.77
	2436.48	0.00	10.68	1548.80
	2436.49	0.00	10.77	1597.88
	2436.50	0.00	10.88	1655.93
	2436.52	0.00	10.98	1701.98
	2436.53	0.00	11.05	1735.00
	2436.54	0.00	11.13	1772.07
	2436.55	0.00	11.23	1799.06
	2436.56	0.00	11.33	1820.04
	2436.58	0.00	11.39	1824.06
	2436.59	0.00	11.47	1826.04
	2436.60	0.00	11.56	1823.03
	2436.61	0.00	11.65	1815.91
	2436.62	0.00	11.74	1813.88
	2436.63	0.00	11.82	1787.88
	2436.65	0.00	11.89	1771.84
	2436.66	0.00	11.97	1750.81
	2436.67	0.00	11.98	1725.88
	2436.68	0.00	12.05	1711.87
	2436.69	0.00	12.13	1700.83
	2436.70	0.00	12.18	1690.81
	2436.72	0.00	12.22	1685.79
	2436.73	0.00	12.28	1677.75
	2436.74	0.00	12.33	1674.71
	2436.75	0.00	12.37	1671.68
	2436.76	0.00	12.41	1670.67
	2436.77	0.00	12.42	1672.67
	2436.79	0.00	12.46	1686.67
	2436.80	0.00	12.48	1695.68
	2436.81	0.00	12.55	1718.66
	2436.82	0.00	12.56	1732.69
	2436.83	0.00	12.61	1753.69
	2436.85	0.00	12.74	1780.61
	2436.86	0.00	12.79	1795.71
	2436.87	0.00	12.95	1808.67
	2436.88	0.00	13.13	1808.59
	2436.89	0.00	13.27	1806.46
	2436.90	0.00	13.50	1814.10
	2436.92	0.00	13.70	1821.82
	2436.93	0.00	13.77	1826.73
	2436.94	0.00	13.81	1819.67
	2436.95	0.00	13.89	1810.49
	2436.96	0.00	14.08	1792.11
	2436.98	0.00	14.10	1745.01
	2436.99	0.00	14.29	1749.85
	2437.00	0.00	14.38	1730.66
	2437.01	0.00	14.41	1709.62
	2437.02	0.00	14.48	1684.43
	2437.03	0.00	14.63	1673.34
	2437.05	0.00	14.53	1620.26
	2437.06	0.00	14.46	1565.20
	2437.07	0.00	14.41	1524.12
	2437.08	0.00	14.31	1504.13
	2437.09	0.00	13.91	1425.26
	2437.10	0.00	13.40	1357.73
	2437.12	0.00	12.85	1302.26
	2437.13	0.00	12.53	1241.42
	2437.14	0.00	12.42	1221.44
	2437.15	0.00	12.39	1233.47
	2437.16	0.00	12.34	1225.48
	2437.17	0.00	12.28	1200.47
	2437.19	0.00	12.27	1192.46
	2437.20	0.00	12.27	1190.44
	2437.21	0.00	12.26	1185.44
	2437.22	0.00	12.25	1181.44
	2437.23	0.00	12.23	1180.46
	2437.24	0.00	12.22	1178.47
	2437.26	0.00	12.20	1179.50
	2437.27	0.00	12.18	1177.51
	2437.28	0.00	12.17	1178.52
	2437.29	0.00	12.22	1178.43
	2437.30	0.00	12.16	1176.53
	2437.31	0.00	12.16	1177.53
	2437.33	0.00	12.16	1177.54
	2437.34	0.00	12.17	1180.54
	2437.35	0.00	12.17	1180.54
	2437.36	0.00	12.16	1181.55
	2437.37	0.00	12.16	1179.56
	2437.38	0.00	12.15	1182.57
	2437.40	0.00	12.16	1179.56
	2437.41	0.00	12.14	1172.55
	2437.42	0.00	12.16	1176.55
	2437.43	0.00	12.17	1176.54
	2437.44	0.00	12.15	1176.57
	2437.45	0.00	12.20	1180.53
	2437.47	0.00	12.18	1176.53
	2437.48	0.00	12.18	1176.52
	2437.49	0.00	12.16	1174.54
	2437.50	0.00	12.16	1172.53
	2437.51	0.00	12.15	1171.53
	2437.52	0.00	12.16	1173.53
	2437.54	0.00	12.20	1172.45
	2437.55	0.00	12.17	1170.49
	2437.56	0.00	12.19	1175.49
	2437.57	0.00	12.18	1174.49
	2437.58	0.00	12.10	1176.61
	2437.59	0.00	11.96	1194.72
	2437.61	0.00	11.44	1245.20
	2437.62	0.00	10.96	1385.57
	2437.63	0.00	10.66	1480.77
	2437.64	0.00	10.59	1545.84
	2437.65	0.00	10.64	1592.81
	2437.66	0.00	10.70	1635.85
	2437.68	0.00	10.85	1678.85
	2437.69	0.00	10.91	1715.88
	2437.70	0.00	11.01	1755.87
	2437.71	0.00	11.05	1785.94
	2437.72	0.00	11.10	1821.04
	2437.73	0.00	11.13	1842.08
	2437.75	0.00	11.20	1858.09
	2437.76	0.00	11.28	1866.10
	2437.77	0.00	11.39	1858.99
	2437.78	0.00	11.45	1849.99
	2437.79	0.00	11.52	1840.99
	2437.81	0.00	11.62	1826.89
	2437.82	0.00	11.67	1810.95
	2437.83	0.00	11.79	1799.89
	2437.84	0.00	11.84	1778.88
	2437.85	0.00	11.93	1758.85
	2437.86	0.00	12.02	1739.78
	2437.88	0.00	12.09	1713.79
	2437.89	0.00	12.17	1709.76
	2437.90	0.00	12.24	1697.72
	2437.91	0.00	12.35	1687.63
	2437.92	0.00	12.40	1676.62
	2437.94	0.00	12.47	1671.53
	2437.95	0.00	12.53	1671.48
	2437.96	0.00	12.60	1669.42
	2437.97	0.00	12.69	1674.38
	2437.98	0.00	12.80	1672.30
	2438.00	0.00	12.86	1671.25
	2438.01	0.00	12.97	1676.15
	2438.02	0.00	13.06	1673.00
	2438.03	0.00	13.17	1672.91
	2438.04	0.00	13.25	1670.80
	2438.05	0.00	13.32	1671.70
	2438.07	0.00	13.36	1679.63
	2438.08	0.00	13.41	1691.59
	2438.09	0.00	13.50	1707.52
	2438.10	0.00	13.56	1718.45
	2438.11	0.00	13.76	1743.34
	2438.12	0.00	13.88	1752.19
	2438.13	0.00	13.96	1759.12
	2438.15	0.00	14.04	1753.04
	2438.16	0.00	14.16	1755.88
	2438.17	0.00	14.30	1744.67
	2438.18	0.00	14.51	1768.57
	2438.19	0.00	14.58	1762.51
	2438.21	0.00	14.66	1739.42
	2438.22	0.00	14.77	1728.29
	2438.23	0.00	14.84	1717.22
	2438.24	0.00	14.95	1702.07
	2438.25	0.00	14.94	1671.02
	2438.26	0.00	14.99	1650.87
	2438.28	0.00	14.97	1632.81
	2438.29	0.00	14.84	1587.81
	2438.30	0.00	14.67	1552.80
	2438.31	0.00	14.55	1510.80
	2438.32	0.00	14.32	1449.86
	2438.33	0.00	13.81	1376.17
	2438.35	0.00	13.16	1342.93
	2438.36	0.00	12.79	1305.20
	2438.37	0.00	12.62	1277.28
	2438.38	0.00	12.50	1267.38
	2438.39	0.00	12.45	1256.38
	2438.40	0.00	12.43	1249.37
	2438.42	0.00	12.40	1243.37
	2438.43	0.00	12.35	1215.36
	2438.44	0.00	12.37	1210.28
	2438.45	0.00	12.32	1204.34
	2438.46	0.00	12.33	1203.33
	2438.47	0.00	12.33	1201.31
	2438.49	0.00	12.36	1200.26
	2438.50	0.00	12.34	1201.29
	2438.51	0.00	12.34	1202.29
	2438.52	0.00	12.33	1201.30
	2438.53	0.00	12.31	1193.27
	2438.54	0.00	12.20	1185.41
	2438.56	0.00	12.12	1162.39
	2438.57	0.00	12.18	1187.46
	2438.58	0.00	12.17	1189.49
	2438.59	0.00	12.18	1184.52
	2438.60	0.00	12.18	1187.53
	2438.61	0.00	12.18	1185.54
	2438.63	0.00	12.18	1186.53
	2438.64	0.00	12.08	1158.51
	2438.65	0.00	12.07	1155.50
	2438.66	0.00	12.10	1159.51
	2438.67	0.00	12.09	1156.50
	2438.68	0.00	12.13	1168.51
	2438.70	0.00	12.15	1174.51
	2438.71	0.00	12.18	1179.51
	2438.72	0.00	12.20	1183.50
	2438.73	0.00	12.21	1186.48
	2438.74	0.00	12.19	1190.51
	2438.75	0.00	12.22	1194.47
	2438.77	0.00	12.21	1192.48
	2438.78	0.00	12.21	1191.49
	2438.79	0.00	12.20	1191.49
	2438.80	0.00	12.23	1199.47
	2438.81	0.00	12.23	1200.48
	2438.82	0.00	12.13	1205.62
	2438.84	0.00	11.98	1217.81
	2438.85	0.00	11.64	1284.10
	2438.86	0.00	11.11	1410.55
	2438.87	0.00	10.81	1507.75
	2438.88	0.00	10.66	1573.84
	2438.89	0.00	10.63	1627.90
	2438.91	0.00	10.66	1670.91
	2438.92	0.00	10.77	1705.94
	2438.93	0.00	10.85	1736.95
	2438.94	0.00	10.95	1766.96
	2438.95	0.00	11.05	1808.00
	2438.97	0.00	11.16	1834.01
	2438.98	0.00	11.26	1849.95
	2438.99	0.00	11.33	1855.97
	2439.00	0.00	11.45	1864.95
	2439.01	0.00	11.55	1862.95
	2439.02	0.00	11.62	1847.91
	2439.04	0.00	11.72	1831.90
	2439.05	0.00	11.80	1812.87
	2439.06	0.00	11.89	1791.83
	2439.07	0.00	12.00	1767.80
	2439.08	0.00	12.10	1742.75
	2439.10	0.00	12.18	1723.68
	2439.11	0.00	12.31	1718.62
	2439.12	0.00	12.39	1706.55
	2439.13	0.00	12.45	1690.43
	2439.14	0.00	12.61	1691.21
	2439.15	0.00	12.80	1675.90
	2439.17	0.00	12.96	1668.66
	2439.18	0.00	13.06	1657.56
	2439.19	0.00	13.21	1651.36
	2439.20	0.00	13.25	1643.28
	2439.21	0.00	13.30	1632.21
	2439.22	0.00	13.39	1631.05
	2439.24	0.00	13.50	1626.87
	2439.25	0.00	13.65	1623.59
	2439.26	0.00	13.68	1618.55
	2439.27	0.00	13.72	1612.47
	2439.28	0.00	13.62	1608.67
	2439.30	0.00	13.56	1600.74
	2439.31	0.00	13.74	1610.65
	2439.32	0.00	13.77	1611.66
	2439.33	0.00	13.77	1603.66
	2439.34	0.00	13.84	1604.61
	2439.35	0.00	13.84	1608.67
	2439.37	0.00	13.87	1606.68
	2439.38	0.00	13.91	1628.92
	2439.39	0.00	14.00	1633.90
	2439.40	0.00	14.08	1639.88
	2439.41	0.00	14.11	1641.93
	2439.42	0.00	14.16	1647.95
	2439.44	0.00	14.23	1643.93
	2439.45	0.00	14.30	1649.89
	2439.46	0.00	14.42	1653.79
	2439.47	0.00	14.52	1666.73
	2439.48	0.00	14.68	1653.51
	2439.50	0.00	14.76	1644.46
	2439.51	0.00	14.82	1633.39
	2439.52	0.00	14.84	1618.36
	2439.53	0.00	14.80	1605.34
	2439.54	0.00	14.64	1582.46
	2439.55	0.00	14.22	1542.87
	2439.56	0.00	13.87	1487.95
	2439.58	0.00	13.57	1448.17
	2439.59	0.00	13.00	1386.59
	2439.60	0.00	12.67	1341.71
	2439.61	0.00	12.33	1287.79
	2439.62	0.00	12.23	1272.84
	2439.63	0.00	12.15	1259.88
	2439.65	0.00	12.11	1246.89
	2439.66	0.00	12.10	1243.87
	2439.67	0.00	12.09	1234.86
	2439.68	0.00	12.10	1235.86
	2439.69	0.00	12.20	1235.70
	2439.70	0.00	12.14	1234.81
	2439.72	0.00	12.17	1238.80
	2439.73	0.00	12.14	1221.79
	2439.74	0.00	12.14	1223.80
	2439.75	0.00	12.15	1224.79
	2439.76	0.00	12.16	1223.79
	2439.78	0.00	12.15	1225.79
	2439.79	0.00	12.16	1226.79
	2439.80	0.00	12.14	1226.82
	2439.81	0.00	12.11	1213.79
	2439.82	0.00	12.12	1215.79
	2439.83	0.00	12.12	1215.79
	2439.84	0.00	12.13	1215.76
	2439.86	0.00	12.14	1217.78
	2439.87	0.00	12.13	1216.77
	2439.88	0.00	12.14	1216.76
	2439.89	0.00	12.14	1215.78
	2439.90	0.00	12.14	1209.75
	2439.91	0.00	12.15	1214.74
	2439.93	0.00	12.18	1214.73
	2439.94	0.00	12.18	1211.71
	2439.95	0.00	12.20	1213.69
	2439.96	0.00	12.21	1213.68
	2439.97	0.00	12.20	1211.68
	2439.98	0.00	12.20	1210.67
	2440.00	0.00	12.19	1212.70
	2440.01	0.00	12.20	1213.68
	2440.02	0.00	12.19	1214.68
	2440.03	0.00	12.19	1214.69
	2440.04	0.00	12.19	1213.69
	2440.05	0.00	12.14	1218.77
	2440.07	0.00	12.06	1252.94
	2440.08	0.00	11.75	1293.17
	2440.09	0.00	11.01	1440.63
	2440.10	0.00	10.71	1540.76
	2440.11	0.00	10.52	1576.93
	2440.12	0.00	10.53	1600.91
	2440.14	0.00	10.55	1608.95
	2440.15	0.00	10.67	1637.97
	2440.16	0.00	10.75	1680.99
	2440.17	0.00	10.86	1725.03
	2440.18	0.00	10.91	1751.05
	2440.20	0.00	10.94	1773.05
	2440.21	0.00	10.94	1785.10
	2440.22	0.00	10.95	1794.09
	2440.23	0.00	10.97	1790.11
	2440.24	0.00	10.99	1779.10
	2440.25	0.00	11.05	1770.98
	2440.27	0.00	11.05	1757.99
	2440.28	0.00	11.08	1744.98
	2440.29	0.00	11.09	1730.96
	2440.30	0.00	11.14	1729.03
	2440.31	0.00	11.21	1722.04
	2440.33	0.00	11.25	1715.05
	2440.34	0.00	11.35	1714.01
	2440.35	0.00	11.41	1711.00
	2440.36	0.00	11.49	1706.94
	2440.37	0.00	11.59	1719.94
	2440.38	0.00	11.70	1733.92
	2440.40	0.00	11.80	1731.90
	2440.41	0.00	11.88	1728.89
	2440.42	0.00	11.96	1734.88
	2440.43	0.00	12.06	1736.81
	2440.44	0.00	12.16	1735.79
	2440.45	0.00	12.23	1727.78
	2440.47	0.00	12.33	1718.74
	2440.48	0.00	12.44	1704.69
	2440.49	0.00	12.54	1692.67
	2440.50	0.00	12.65	1683.60
	2440.51	0.00	12.74	1684.50
	2440.52	0.00	12.86	1675.33
	2440.54	0.00	12.97	1666.16
	2440.55	0.00	13.09	1655.98
	2440.56	0.00	13.29	1666.88
	2440.57	0.00	13.49	1691.86
	2440.58	0.00	13.62	1695.70
	2440.60	0.00	13.70	1698.70
	2440.61	0.00	13.84	1714.67
	2440.62	0.00	13.97	1720.58
	2440.63	0.00	14.12	1736.53
	2440.64	0.00	14.21	1742.51
	2440.65	0.00	14.28	1754.51
	2440.67	0.00	14.33	1753.53
	2440.68	0.00	14.40	1752.43
	2440.69	0.00	14.44	1756.43
	2440.70	0.00	14.54	1756.26
	2440.71	0.00	14.78	1754.84
	2440.72	0.00	14.88	1735.54
	2440.74	0.00	14.99	1695.14
	2440.75	0.00	15.04	1655.81
	2440.76	0.00	14.81	1597.81
	2440.77	0.00	14.68	1558.81
	2440.78	0.00	14.38	1480.94
	2440.79	0.00	13.74	1399.57
	2440.81	0.00	13.06	1318.03
	2440.82	0.00	12.61	1273.47
	2440.83	0.00	12.28	1255.83
	2440.84	0.00	12.19	1250.87
	2440.85	0.00	12.10	1238.93
	2440.86	0.00	12.05	1222.92
	2440.88	0.00	12.04	1217.90
	2440.89	0.00	12.00	1198.89
	2440.90	0.00	12.02	1202.91
	2440.91	0.00	12.02	1202.90
	2440.92	0.00	12.02	1203.92
	2440.94	0.00	12.01	1199.91
	2440.95	0.00	12.02	1201.91
	2440.96	0.00	12.02	1202.92
	2440.97	0.00	12.01	1201.92
	2440.98	0.00	12.01	1197.92
	2440.99	0.00	12.03	1204.92
	2441.01	0.00	12.02	1203.92
	2441.02	0.00	12.03	1202.92
	2441.03	0.00	12.04	1202.90
	2441.04	0.00	12.05	1204.90
	2441.05	0.00	12.05	1204.90
	2441.06	0.00	12.04	1205.91
	2441.07	0.00	12.05	1207.91
	2441.09	0.00	12.06	1210.90
	2441.10	0.00	12.08	1210.86
	2441.11	0.00	12.09	1210.85
	2441.12	0.00	12.09	1210.85
	2441.13	0.00	12.07	1210.90
	2441.14	0.00	12.09	1211.86
	2441.16	0.00	12.10	1213.86
	2441.17	0.00	12.10	1211.85
	2441.18	0.00	12.09	1210.87
	2441.19	0.00	12.11	1209.85
	2441.20	0.00	12.09	1208.85
	2441.22	0.00	12.10	1208.84
	2441.23	0.00	12.09	1209.85
	2441.24	0.00	12.06	1199.83
	2441.25	0.00	12.12	1207.79
	2441.26	0.00	12.14	1207.76
	2441.27	0.00	12.15	1205.74
	2441.28	0.00	12.17	1208.71
	2441.30	0.00	12.18	1212.71
	2441.31	0.00	12.17	1209.71
	2441.32	0.00	12.17	1208.72
	2441.33	0.00	12.17	1207.70
	2441.34	0.00	12.14	1204.73
	2441.35	0.00	11.98	1214.98
	2441.37	0.00	11.67	1245.20
	2441.38	0.00	10.85	1397.72
	2441.39	0.00	10.50	1533.97
	2441.40	0.00	10.35	1597.08
	2441.41	0.00	10.35	1616.09
	2441.42	0.00	10.37	1613.12
	2441.44	0.00	10.47	1638.02
	2441.45	0.00	10.49	1667.05
	2441.46	0.00	10.54	1722.07
	2441.47	0.00	10.65	1754.06
	2441.48	0.00	10.76	1780.06
	2441.50	0.00	10.85	1796.05
	2441.51	0.00	10.96	1806.10
	2441.52	0.00	11.06	1811.12
	2441.53	0.00	11.22	1810.03
	2441.54	0.00	11.31	1799.06
	2441.55	0.00	11.42	1786.99
	2441.57	0.00	11.51	1775.00
	2441.58	0.00	11.62	1756.98
	2441.59	0.00	11.72	1733.96
	2441.60	0.00	11.81	1710.92
	2441.61	0.00	11.90	1692.89
	2441.62	0.00	12.00	1677.80
	2441.64	0.00	12.13	1664.71
	2441.65	0.00	12.23	1642.73
	2441.66	0.00	12.34	1620.67
	2441.67	0.00	12.46	1596.58
	2441.68	0.00	12.56	1587.52
	2441.70	0.00	12.66	1586.41
	2441.71	0.00	12.74	1583.29
	2441.72	0.00	12.83	1575.20
	2441.73	0.00	12.90	1573.12
	2441.74	0.00	12.96	1567.06
	2441.75	0.00	13.04	1566.96
	2441.77	0.00	13.10	1571.92
	2441.78	0.00	13.13	1576.92
	2441.79	0.00	13.16	1584.90
	2441.80	0.00	13.32	1613.91
	2441.81	0.00	13.43	1624.82
	2441.82	0.00	13.55	1644.80
	2441.84	0.00	13.82	1687.72
	2441.85	0.00	13.92	1705.72
	2441.86	0.00	14.03	1713.68
	2441.87	0.00	14.19	1737.63
	2441.88	0.00	14.27	1739.60
	2441.89	0.00	14.32	1737.58
	2441.91	0.00	14.36	1722.53
	2441.92	0.00	14.47	1727.39
	2441.93	0.00	14.49	1710.35
	2441.94	0.00	14.63	1701.09
	2441.95	0.00	14.79	1677.75
	2441.97	0.00	14.87	1642.47
	2441.98	0.00	14.82	1593.24
	2441.99	0.00	14.72	1553.21
	2442.00	0.00	14.31	1483.46
	2442.01	0.00	13.47	1408.25
	2442.02	0.00	12.67	1293.57
	2442.04	0.00	12.34	1233.72
	2442.05	0.00	12.16	1220.88
	2442.06	0.00	12.09	1216.91
	2442.07	0.00	12.00	1196.93
	2442.08	0.00	12.00	1190.91
	2442.09	0.00	12.01	1190.90
	2442.11	0.00	12.01	1188.89
	2442.12	0.00	12.01	1185.88
	2442.13	0.00	12.02	1186.88
	2442.14	0.00	12.01	1187.88
	2442.15	0.00	11.97	1174.87
	2442.16	0.00	12.03	1187.86
	2442.18	0.00	12.04	1188.85
	2442.19	0.00	12.05	1189.86
	2442.20	0.00	12.07	1190.84
	2442.21	0.00	12.10	1190.78
	2442.22	0.00	12.10	1190.78
	2442.23	0.00	12.10	1189.78
	2442.25	0.00	12.10	1191.79
	2442.26	0.00	12.12	1192.76
	2442.27	0.00	12.12	1191.75
	2442.28	0.00	12.13	1194.76
	2442.29	0.00	12.16	1193.69
	2442.30	0.00	12.14	1198.77
	2442.32	0.00	12.12	1193.77
	2442.33	0.00	12.13	1196.78
	2442.34	0.00	12.11	1197.81
	2442.35	0.00	12.13	1198.78
	2442.36	0.00	12.14	1196.77
	2442.37	0.00	12.13	1197.78
	2442.39	0.00	12.12	1197.78
	2442.40	0.00	12.13	1199.77
	2442.41	0.00	12.16	1196.71
	2442.42	0.00	12.20	1200.67
	2442.43	0.00	12.20	1202.66
	2442.44	0.00	12.19	1205.69
	2442.46	0.00	12.20	1209.69
	2442.47	0.00	12.18	1207.70
	2442.48	0.00	12.17	1205.71
	2442.49	0.00	12.18	1209.69
	2442.50	0.00	12.17	1205.68
	2442.51	0.00	12.21	1212.68
	2442.52	0.00	12.11	1214.81
	2442.54	0.00	11.93	1237.01
	2442.55	0.00	11.14	1413.54
	2442.56	0.00	10.37	1620.03
	2442.57	0.00	10.24	1688.25
	2442.58	0.00	10.28	1700.26
	2442.60	0.00	10.40	1681.21
	2442.61	0.00	10.49	1676.17
	2442.62	0.00	8.96	1311.15
	2442.63	0.00	10.43	1683.14
	2442.64	0.00	10.84	1779.16
	2442.65	0.00	11.03	1823.14
	2442.67	0.00	11.18	1856.13
	2442.68	0.00	11.32	1869.12
	2442.69	0.00	11.45	1869.07
	2442.70	0.00	11.59	1847.03
	2442.71	0.00	11.76	1834.95
	2442.73	0.00	11.90	1805.92
	2442.74	0.00	12.06	1775.79
	2442.75	0.00	12.13	1736.84
	2442.76	0.00	12.30	1695.80
	2442.77	0.00	12.43	1660.73
	2442.78	0.00	12.52	1631.65
	2442.80	0.00	12.62	1613.52
	2442.81	0.00	12.73	1594.30
	2442.82	0.00	12.82	1578.14
	2442.83	0.00	12.89	1554.00
	2442.84	0.00	12.95	1545.91
	2442.85	0.00	12.95	1534.87
	2442.87	0.00	12.96	1523.83
	2442.88	0.00	12.98	1511.79
	2442.89	0.00	12.99	1505.78
	2442.90	0.00	12.97	1495.77
	2442.91	0.00	13.02	1502.75
	2442.93	0.00	13.02	1498.75
	2442.94	0.00	13.04	1496.73
	2442.95	0.00	13.02	1493.76
	2442.96	0.00	13.21	1517.74
	2442.97	0.00	13.31	1527.69
	2442.98	0.00	13.39	1534.61
	2443.00	0.00	13.45	1545.61
	2443.01	0.00	13.54	1546.58
	2443.02	0.00	13.77	1585.57
	2443.03	0.00	13.95	1602.43
	2443.04	0.00	13.92	1594.53
	2443.05	0.00	13.99	1598.48
	2443.07	0.00	14.01	1594.50
	2443.08	0.00	14.04	1597.47
	2443.09	0.00	14.11	1607.38
	2443.10	0.00	14.19	1597.21
	2443.11	0.00	14.29	1569.82
	2443.12	0.00	14.67	1546.19
	2443.14	0.00	14.67	1505.99
	2443.15	0.00	14.51	1467.01
	2443.16	0.00	13.86	1403.63
	2443.17	0.00	12.95	1323.36
	2443.18	0.00	12.56	1262.63
	2443.19	0.00	12.34	1242.77
	2443.21	0.00	12.29	1230.76
	2443.22	0.00	12.18	1221.86
	2443.23	0.00	12.08	1195.86
	2443.24	0.00	12.12	1193.80
	2443.25	0.00	12.13	1190.74
	2443.26	0.00	12.13	1188.74
	2443.28	0.00	12.12	1186.75
	2443.29	0.00	12.15	1186.70
	2443.30	0.00	12.10	1188.81
	2443.31	0.00	12.09	1187.81
	2443.32	0.00	12.10	1189.82
	2443.33	0.00	12.10	1184.82
	2443.35	0.00	12.11	1186.82
	2443.36	0.00	12.10	1185.81
	2443.37	0.00	12.10	1186.82
	2443.38	0.00	12.11	1190.82
	2443.39	0.00	12.09	1189.85
	2443.40	0.00	12.11	1191.82
	2443.42	0.00	12.16	1187.70
	2443.43	0.00	12.29	1191.53
	2443.44	0.00	12.28	1194.55
	2443.45	0.00	12.31	1197.52
	2443.46	0.00	12.30	1194.51
	2443.47	0.00	12.31	1197.52
	2443.49	0.00	12.31	1199.53
	2443.50	0.00	12.32	1197.52
	2443.51	0.00	12.32	1196.52
	2443.52	0.00	12.32	1197.52
	2443.53	0.00	12.32	1197.52
	2443.54	0.00	12.32	1197.53
	2443.56	0.00	12.32	1199.52
	2443.57	0.00	12.33	1198.52
	2443.58	0.00	12.25	1186.56
	2443.59	0.00	12.17	1184.69
	2443.60	0.00	12.16	1189.73
	2443.61	0.00	12.14	1188.76
	2443.63	0.00	12.14	1190.78
	2443.64	0.00	12.14	1188.79
	2443.65	0.00	12.13	1189.81
	2443.66	0.00	12.15	1191.79
	2443.67	0.00	12.14	1191.79
	2443.68	0.00	12.05	1193.92
	2443.70	0.00	11.84	1219.19
	2443.71	0.00	11.01	1360.73
	2443.72	0.00	10.48	1562.04
	2443.73	0.00	10.29	1619.21
	2443.74	0.00	10.27	1630.24
	2443.75	0.00	10.37	1618.15
	2443.77	0.00	10.44	1617.10
	2443.78	0.00	10.46	1645.12
	2443.79	0.00	10.58	1694.13
	2443.80	0.00	10.75	1732.08
	2443.81	0.00	10.91	1774.11
	2443.82	0.00	11.03	1808.14
	2443.84	0.00	11.09	1819.15
	2443.85	0.00	11.19	1818.10
	2443.86	0.00	11.27	1807.07
	2443.87	0.00	11.34	1787.07
	2443.88	0.00	11.42	1770.04
	2443.89	0.00	11.50	1751.03
	2443.91	0.00	11.61	1723.99
	2443.92	0.00	11.71	1690.93
	2443.93	0.00	11.83	1660.90
	2443.94	0.00	12.04	1623.87
	2443.95	0.00	12.14	1604.83
	2443.97	0.00	12.27	1595.75
	2443.98	0.00	12.37	1582.67
	2443.99	0.00	12.46	1575.57
	2444.00	0.00	12.60	1575.38
	2444.01	0.00	12.70	1573.25
	2444.02	0.00	12.82	1566.08
	2444.04	0.00	12.87	1565.99
	2444.05	0.00	12.93	1554.93
	2444.06	0.00	12.95	1545.91
	2444.07	0.00	13.00	1554.89
	2444.08	0.00	13.00	1547.87
	2444.10	0.00	13.01	1540.85
	2444.11	0.00	12.99	1533.85
	2444.12	0.00	13.15	1548.86
	2444.13	0.00	13.22	1559.86
	2444.14	0.00	13.26	1563.86
	2444.15	0.00	13.52	1594.84
	2444.17	0.00	13.66	1608.79
	2444.18	0.00	13.79	1618.76
	2444.19	0.00	13.97	1641.71
	2444.20	0.00	14.13	1659.63
	2444.21	0.00	14.18	1659.62
	2444.22	0.00	14.21	1653.60
	2444.24	0.00	14.25	1649.55
	2444.25	0.00	14.23	1636.54
	2444.26	0.00	14.25	1627.46
	2444.27	0.00	14.30	1621.31
	2444.28	0.00	14.29	1581.06
	2444.29	0.00	14.54	1582.63
	2444.31	0.00	14.89	1549.04
	2444.32	0.00	14.69	1514.16
	2444.33	0.00	14.06	1446.66
	2444.34	0.00	13.40	1374.15
	2444.35	0.00	12.60	1252.41
	2444.36	0.00	12.38	1225.52
	2444.38	0.00	12.27	1204.53
	2444.39	0.00	12.19	1190.55
	2444.40	0.00	12.02	1150.54
	2444.41	0.00	12.05	1154.53
	2444.42	0.00	12.06	1154.53
	2444.43	0.00	12.11	1165.54
	2444.45	0.00	12.19	1172.45
	2444.46	0.00	12.22	1189.53
	2444.47	0.00	12.25	1193.52
	2444.48	0.00	12.24	1192.52
	2444.49	0.00	12.28	1200.52
	2444.51	0.00	12.31	1205.51
	2444.52	0.00	12.32	1204.50
	2444.53	0.00	12.33	1207.49
	2444.54	0.00	12.28	1195.51
	2444.55	0.00	12.18	1194.68
	2444.56	0.00	12.18	1200.71
	2444.57	0.00	12.17	1199.72
	2444.59	0.00	12.19	1197.72
	2444.60	0.00	12.21	1199.72
	2444.61	0.00	12.18	1191.72
	2444.62	0.00	12.23	1202.71
	2444.63	0.00	12.23	1202.71
	2444.64	0.00	12.26	1203.67
	2444.66	0.00	12.20	1187.65
	2444.67	0.00	12.22	1192.66
	2444.68	0.00	12.24	1197.66
	2444.69	0.00	12.24	1199.69
	2444.70	0.00	12.27	1205.66
	2444.72	0.00	12.26	1204.65
	2444.73	0.00	12.26	1205.64
	2444.74	0.00	12.27	1204.63
	2444.75	0.00	12.33	1213.57
	2444.76	0.00	12.32	1210.58
	2444.77	0.00	12.32	1212.58
	2444.78	0.00	12.30	1210.60
	2444.80	0.00	12.31	1216.62
	2444.81	0.00	12.32	1219.61
	2444.82	0.00	12.32	1217.60
	2444.83	0.00	12.32	1218.60
	2444.84	0.00	12.12	1219.94
	2444.86	0.00	11.85	1245.25
	2444.87	0.00	11.03	1370.79
	2444.88	0.00	10.58	1524.13
	2444.89	0.00	10.53	1570.22
	2444.90	0.00	10.56	1574.19
	2444.91	0.00	10.61	1569.18
	2444.92	0.00	10.70	1594.14
	2444.94	0.00	10.67	1636.13
	2444.95	0.00	10.84	1697.14
	2444.96	0.00	10.99	1743.16
	2444.97	0.00	11.07	1776.16
	2444.98	0.00	11.08	1772.14
	2445.00	0.00	11.17	1786.12
	2445.01	0.00	11.27	1778.10
	2445.02	0.00	11.35	1752.08
	2445.03	0.00	11.50	1729.03
	2445.04	0.00	11.64	1705.99
	2445.05	0.00	11.80	1677.94
	2445.07	0.00	11.96	1639.91
	2445.08	0.00	12.07	1628.87
	2445.09	0.00	12.15	1595.81
	2445.10	0.00	12.26	1577.76
	2445.11	0.00	12.40	1560.67
	2445.12	0.00	12.49	1535.56
	2445.14	0.00	12.62	1510.37
	2445.15	0.00	12.78	1503.12
	2445.16	0.00	12.81	1496.03
	2445.17	0.00	12.87	1490.92
	2445.18	0.00	12.89	1484.86
	2445.20	0.00	12.91	1474.80
	2445.21	0.00	12.95	1466.70
	2445.22	0.00	12.90	1454.74
	2445.23	0.00	12.89	1441.74
	2445.24	0.00	12.88	1435.73
	2445.25	0.00	13.04	1454.71
	2445.27	0.00	13.10	1461.68
	2445.28	0.00	13.16	1468.66
	2445.29	0.00	13.21	1468.64
	2445.30	0.00	13.34	1479.53
	2445.31	0.00	13.39	1483.51
	2445.32	0.00	13.50	1499.46
	2445.34	0.00	13.59	1508.46
	2445.35	0.00	13.63	1520.49
	2445.36	0.00	13.70	1529.49
	2445.37	0.00	13.69	1516.49
	2445.38	0.00	13.73	1513.46
	2445.39	0.00	13.83	1522.36
	2445.41	0.00	13.86	1526.34
	2445.42	0.00	13.98	1523.18
	2445.43	0.00	14.09	1534.02
	2445.44	0.00	14.44	1518.45
	2445.45	0.00	14.66	1483.04
	2445.46	0.00	14.59	1456.94
	2445.48	0.00	14.29	1410.07
	2445.49	0.00	13.56	1356.76
	2445.50	0.00	12.85	1275.31
	2445.51	0.00	12.56	1256.58
	2445.52	0.00	12.34	1230.71
	2445.54	0.00	12.24	1215.76
	2445.55	0.00	12.11	1190.80
	2445.56	0.00	12.11	1182.77
	2445.57	0.00	12.10	1179.76
	2445.58	0.00	12.10	1179.76
	2445.59	0.00	12.11	1178.76
	2445.60	0.00	12.10	1179.75
	2445.62	0.00	12.12	1178.74
	2445.63	0.00	12.13	1177.74
	2445.64	0.00	12.14	1180.75
	2445.65	0.00	12.15	1184.74
	2445.66	0.00	12.14	1184.73
	2445.68	0.00	12.13	1182.73
	2445.69	0.00	12.14	1184.72
	2445.70	0.00	12.14	1185.72
	2445.71	0.00	12.14	1184.72
	2445.72	0.00	12.12	1174.68
	2445.73	0.00	12.18	1187.66
	2445.75	0.00	12.21	1196.68
	2445.76	0.00	12.25	1204.66
	2445.77	0.00	12.24	1204.66
	2445.78	0.00	12.25	1204.66
	2445.79	0.00	12.23	1202.67
	2445.80	0.00	12.25	1206.66
	2445.81	0.00	12.24	1202.66
	2445.83	0.00	12.24	1202.66
	2445.84	0.00	12.23	1202.68
	2445.85	0.00	12.24	1201.66
	2445.86	0.00	12.21	1193.65
	2445.87	0.00	12.21	1196.68
	2445.89	0.00	12.20	1196.69
	2445.90	0.00	12.21	1198.69
	2445.91	0.00	12.20	1197.70
	2445.92	0.00	12.20	1196.70
	2445.93	0.00	12.21	1197.68
	2445.94	0.00	12.20	1195.70
	2445.96	0.00	12.21	1196.69
	2445.97	0.00	12.22	1197.69
	2445.98	0.00	12.21	1197.69
	2445.99	0.00	12.20	1197.70
	2446.00	0.00	12.22	1198.67
	2446.01	0.00	12.21	1196.67
	2446.02	0.00	12.22	1193.67
	2446.04	0.00	11.98	1202.04
	2446.05	0.00	11.64	1243.41
	2446.06	0.00	10.78	1412.87
	2446.07	0.00	10.54	1536.15
	2446.08	0.00	10.57	1546.16
	2446.10	0.00	10.67	1545.08
	2446.11	0.00	10.82	1551.02
	2446.12	0.00	10.88	1563.00
	2446.13	0.00	10.93	1631.02
	2446.14	0.00	10.96	1676.05
	2446.15	0.00	11.10	1728.09
	2446.17	0.00	11.16	1755.11
	2446.18	0.00	11.23	1780.14
	2446.19	0.00	11.30	1782.12
	2446.20	0.00	11.42	1783.09
	2446.21	0.00	11.52	1768.07
	2446.22	0.00	11.70	1762.03
	2446.24	0.00	11.83	1749.02
	2446.25	0.00	12.01	1736.99
	2446.26	0.00	12.14	1717.97
	2446.27	0.00	12.23	1704.98
	2446.28	0.00	12.34	1690.92
	2446.30	0.00	12.43	1674.91
	2446.31	0.0	0.00	13.27	1519.60
	2446.51	0.00	13.33	1527.60
	2446.52	0.00	13.41	1546.59
	2446.53	0.00	13.50	1560.52
	2446.54	0.00	13.60	1586.54
	2446.55	0.00	13.70	1602.54
	2446.57	0.00	13.77	1619.55
	2446.58	0.00	13.88	1630.49
	2446.59	0.00	13.90	1640.49
	2446.60	0.00	13.97	1646.47
	2446.61	0.00	14.00	1643.44
	2446.62	0.00	14.00	1637.43
	2446.64	0.00	14.03	1641.44
	2446.65	0.00	14.07	1638.33
	2446.66	0.00	14.11	1645.27
	2446.67	0.00	14.08	1640.27
	2446.68	0.00	14.06	1624.20
	2446.69	0.00	13.97	1597.22
	2446.71	0.00	13.77	1532.27
	2446.72	0.00	13.57	1489.31
	2446.73	0.00	13.29	1453.50
	2446.74	0.00	13.00	1401.52
	2446.75	0.00	12.81	1356.63
	2446.77	0.00	12.56	1307.76
	2446.78	0.00	12.49	1298.83
	2446.79	0.00	12.43	1282.84
	2446.80	0.00	12.42	1278.83
	2446.81	0.00	12.39	1269.83
	2446.82	0.00	12.37	1265.83
	2446.84	0.00	12.36	1261.84
	2446.85	0.00	12.36	1259.82
	2446.86	0.00	12.35	1255.81
	2446.87	0.00	12.36	1257.80
	2446.88	0.00	12.37	1257.79
	2446.89	0.00	12.36	1255.79
	2446.91	0.00	12.32	1241.78
	2446.92	0.00	12.33	1245.77
	2446.93	0.00	12.33	1244.77
	2446.94	0.00	12.33	1245.77
	2446.95	0.00	12.30	1234.76
	2446.96	0.00	12.35	1248.75
	2446.98	0.00	12.35	1245.75
	2446.99	0.00	12.35	1243.75
	2447.00	0.00	12.35	1244.76
	2447.01	0.00	12.34	1237.75
	2447.02	0.00	12.36	1243.74
	2447.03	0.00	12.36	1244.74
	2447.05	0.00	12.35	1242.76
	2447.06	0.00	12.36	1242.74
	2447.07	0.00	12.35	1236.73
	2447.08	0.00	12.36	1236.73
	2447.09	0.00	12.34	1238.76
	2447.10	0.00	12.37	1240.73
	2447.12	0.00	12.35	1235.73
	2447.13	0.00	12.35	1234.73
	2447.14	0.00	12.34	1232453.57	0.00	12.25	1209.76
	2453.58	0.00	12.25	1209.76
	2453.59	0.00	12.29	1209.69
	2453.60	0.00	12.26	1213.77
	2453.62	0.00	12.23	1210.78
	2453.63	0.00	12.22	1205.78
	2453.64	0.00	12.27	1210.73
	2453.65	0.00	12.27	1208.73
	2453.66	0.00	12.26	1210.76
	2453.67	0.00	12.25	1211.76
	2453.69	0.00	12.25	1211.76
	2453.70	0.00	12.25	1212.76
	2453.71	0.00	12.22	1204.76
	2453.72	0.00	12.26	1206.71
	2453.73	0.00	12.32	1207.62
	2453.75	0.00	12.36	1209.56
	2453.76	0.00	12.40	1212.50
	2453.77	0.00	12.41	1212.49
	2453.78	0.00	12.42	1215.50
	2453.79	0.00	12.37	1201.51
	2453.80	0.00	12.42	1216.51
	2453.81	0.00	12.41	1215.52
	2453.83	0.00	12.41	1214.52
	2453.84	0.00	12.41	1202.45
	2453.85	0.00	12.34	1204.56
	2453.86	0.00	12.31	1203.60
	2453.87	0.00	12.33	1199.62
	2453.88	0.00	12.33	1198.62
	2453.90	0.00	12.33	1196.61
	2453.91	0.00	12.32	1198.64
	2453.92	0.00	12.32	1199.64
	2453.93	0.00	12.20	1170.66
	2453.94	0.00	12.19	1173.71
	2453.95	0.00	12.20	1179.72
	2453.97	0.00	12.23	1182.73
	2453.98	0.00	12.25	1181.72
	2453.99	0.00	12.24	1184.73
	2454.00	0.00	12.23	1184.73
	2454.01	0.00	12.23	1185.73
	2454.03	0.00	12.23	1186.73
	2454.04	0.00	12.21	1179.69
	2454.05	0.00	12.25	1190.70
	2454.06	0.00	12.26	1198.72
	2454.07	0.00	12.26	1199.72
	2454.08	0.00	12.27	1199.72
	2454.09	0.00	12.26	1202.73
	2454.11	0.00	12.26	1203.73
	2454.12	0.00	12.26	1202.73
	2454.13	0.00	12.26	1201.70
	2454.14	0.00	12.27	1206.73
	2454.15	0.00	12.26	1207.74
	2454.17	0.00	12.26	1208.75
	2454.18	0.00	12.26	1208.75
	2454.19	0.00	12.26	1208.75
	2454.20	0.00	12.27	1207.75
	2454.21	0.00	12.27	1209.74
	2454.22	0.00	12.26	1206.75
	2454.24	0.00	12.26	1206.75
	2454.25	0.00	12.27	1204.72
	2454.26	0.00	12.25	1202.71
	2454.27	0.00	12.27	1207.71
	2454.28	0.00	12.27	1207.71
	2454.29	0.00	12.28	1206.71
	2454.30	0.00	12.26	1207.73
	2454.32	0.00	12.28	1208.71
	2454.33	0.00	12.29	1206.70
	2454.34	0.00	12.29	1207.70
	2454.35	0.00	12.28	1205.69
	2454.36	0.00	12.30	1207.67
	2454.38	0.00	12.32	1204.63
	2454.39	0.00	12.35	1201.55
	2454.40	0.00	12.37	1199.52
	2454.41	0.00	12.38	1202.52
	2454.42	0.00	12.36	1203.56
	2454.43	0.00	12.33	1204.61
	2454.45	0.00	12.28	1203.67
	2454.46	0.00	12.27	1205.70
	2454.47	0.00	12.25	1204.74
	2454.48	0.00	12.24	1203.75
	2454.49	0.00	12.24	1207.75
	2454.50	0.00	12.24	1206.74
	2454.52	0.00	12.27	1201.67
	2454.53	0.00	12.24	1201.72
	2454.54	0.00	12.25	1202.72
	2454.55	0.00	12.25	1203.72
	2454.56	0.00	12.23	1204.75
	2454.57	0.00	12.22	1203.77
	2454.59	0.00	12.25	1204.71
	2454.60	0.00	12.22	1206.78
	2454.61	0.00	12.21	1205.78
	2454.62	0.00	12.25	1205.72
	2454.63	0.00	12.26	1205.68
	2454.64	0.00	12.25	1206.71
	2454.66	0.00	12.26	1206.70
	2454.67	0.00	12.21	1206.76
	2454.68	0.00	12.21	1207.77
	2454.69	0.00	12.19	1209.80
	2454.70	0.00	12.19	1207.80
	2454.71	0.00	12.18	1207.81
	2454.73	0.00	12.17	1203.81
	2454.74	0.00	12.14	1205.85
	2454.75	0.00	12.14	1208.88
	2454.76	0.00	12.11	1206.92
	2454.77	0.00	12.09	1207.94
	2454.78	0.00	12.09	1205.95
	2454.80	0.00	12.09	1205.96
	2454.81	0.00	12.07	1204.98
	2454.82	0.00	12.07	1206.99
	2454.83	0.00	12.06	1206.00
	2454.84	0.00	12.06	1209.00
	2454.85	0.00	12.06	1209.00
	2454.87	0.00	12.06	1209.00
	2454.88	0.00	12.06	1209.01
	2454.89	0.00	12.16	1196.74
	2454.90	0.00	12.21	1202.69
	2454.91	0.00	12.22	1208.70
	2454.92	0.00	12.23	1210.71
	2454.94	0.00	12.23	1211.72
	2454.95	0.00	12.23	1214.72
	2454.96	0.00	12.24	1214.71
	2454.97	0.00	12.23	1214.72
	2454.98	0.00	12.23	1216.73
	2454.99	0.00	12.23	1206.66
	2455.01	0.00	12.18	1210.75
	2455.02	0.00	12.14	1211.83
	2455.03	0.00	12.14	1215.82
	2455.04	0.00	12.11	1217.88