9	1185.00
	4967.99	0.00	7.38	1182.00
	4968.00	0.00	7.39	1184.00
	4968.01	0.00	7.39	1184.00
	4968.02	0.00	7.39	1185.00
	4968.04	0.00	7.38	1183.00
	4968.05	0.00	7.38	1183.00
	4968.06	0.00	7.37	1180.00
	4968.07	0.00	7.39	1177.00
	4968.08	0.00	7.39	1177.00
	4968.09	0.00	7.39	1177.00
	4968.10	0.00	7.40	1177.00
	4968.12	0.00	7.40	1178.00
	4968.13	0.00	7.39	1176.00
	4968.14	0.00	7.37	1182.00
	4968.15	0.00	7.36	1179.00
	4968.16	0.00	7.33	1177.00
	4968.17	0.00	7.33	1174.00
	4968.19	0.00	7.34	1170.00
	4968.20	0.00	7.38	1167.00
	4968.21	0.00	7.38	1168.00
	4968.22	0.00	7.38	1168.00
	4968.23	0.00	7.39	1169.00
	4968.25	0.00	7.38	1169.00
	4968.26	0.00	7.38	1167.00
	4968.27	0.00	7.36	1163.00
	4968.28	0.00	7.36	1163.00
	4968.29	0.00	7.35	1160.00
	4968.30	0.00	7.35	1161.00
	4968.31	0.00	7.35	1160.00
	4968.33	0.00	7.36	1160.00
	4968.34	0.00	7.36	1158.00
	4968.35	0.00	7.37	1159.00
	4968.36	0.00	7.37	1158.00
	4968.37	0.00	7.37	1159.00
	4968.38	0.00	7.38	1158.00
	4968.40	0.00	7.39	1160.00
	4968.41	0.00	7.39	1159.00
	4968.42	0.00	7.37	1167.00
	4968.43	0.00	7.37	1167.00
	4968.44	0.00	7.37	1168.00
	4968.45	0.00	7.36	1168.00
	4968.47	0.00	7.37	1167.00
	4968.48	0.00	7.38	1166.00
	4968.49	0.00	7.37	1167.00
	4968.50	0.00	7.38	1168.00
	4968.51	0.00	7.39	1168.00
	4968.52	0.00	7.40	1167.00
	4968.54	0.00	7.41	1167.00
	4968.55	0.00	7.41	1168.00
	4968.56	0.00	7.40	1174.00
	4968.57	0.00	7.39	1173.00
	4968.58	0.00	7.39	1173.00
	4968.59	0.00	7.39	1172.00
	4968.61	0.00	7.39	1173.00
	4968.62	0.00	7.38	1170.00
	4968.63	0.00	7.39	1169.00
	4968.64	0.00	7.40	1175.00
	4968.65	0.00	7.40	1174.00
	4968.66	0.00	7.40	1175.00
	4968.68	0.00	7.40	1175.00
	4968.69	0.00	7.40	1173.00
	4968.70	0.00	7.40	1172.00
	4968.71	0.00	7.41	1177.00
	4968.72	0.00	7.41	1177.00
	4968.73	0.00	7.39	1175.00
	4968.75	0.00	7.40	1176.00
	4968.76	0.00	7.39	1174.00
	4968.77	0.00	7.39	1169.00
	4968.78	0.00	7.40	1170.00
	4968.79	0.00	7.40	1170.00
	4968.80	0.00	7.40	1169.00
	4968.81	0.00	7.41	1171.00
	4968.83	0.00	7.41	1170.00
	4968.84	0.00	7.37	1171.00
	4968.85	0.00	7.38	1171.00
	4968.86	0.00	7.37	1168.00
	4968.87	0.00	7.35	1166.00
	4968.88	0.00	7.34	1164.00
	4968.90	0.00	7.34	1163.00
	4968.91	0.00	7.35	1161.00
	4968.92	0.00	7.39	1158.00
	4968.93	0.00	7.40	1158.00
	4968.94	0.00	7.39	1159.00
	4968.95	0.00	7.40	1158.00
	4968.97	0.00	7.39	1154.00
	4968.98	0.00	7.37	1151.00
	4968.99	0.00	7.37	1151.00
	4969.00	0.00	7.36	1151.00
	4969.01	0.00	7.37	1149.00
	4969.02	0.00	7.37	1150.00
	4969.04	0.00	7.37	1148.00
	4969.05	0.00	7.38	1147.00
	4969.06	0.00	7.38	1146.00
	4969.07	0.00	7.38	1144.00
	4969.08	0.00	7.38	1145.00
	4969.09	0.00	7.40	1145.00
	4969.11	0.00	7.40	1146.00
	4969.12	0.00	7.40	1147.00
	4969.13	0.00	7.38	1155.00
	4969.14	0.00	7.38	1153.00
	4969.15	0.00	7.37	1152.00
	4969.16	0.00	7.37	1151.00
	4969.18	0.00	7.36	1150.00
	4969.19	0.00	7.38	1152.00
	4969.20	0.00	7.38	1152.00
	4969.21	0.00	7.39	1153.00
	4969.22	0.00	7.40	1152.00
	4969.23	0.00	7.41	1155.00
	4969.25	0.00	7.40	1154.00
	4969.26	0.00	7.40	1154.00
	4969.27	0.00	7.41	1156.00
	4969.28	0.00	7.39	1160.00
	4969.29	0.00	7.39	1160.00
	4969.30	0.00	7.38	1160.00
	4969.31	0.00	7.39	1161.00
	4969.33	0.00	7.38	1159.00
	4969.34	0.00	7.39	1160.00
	4969.35	0.00	7.40	1164.00
	4969.36	0.00	7.40	1164.00
	4969.37	0.00	7.42	1165.00
	4969.38	0.00	7.42	1166.00
	4969.40	0.00	7.43	1167.00
	4969.41	0.00	7.42	1165.00
	4969.42	0.00	7.42	1164.00
	4969.43	0.00	7.42	1164.00
	4969.44	0.00	7.42	1164.00
	4969.45	0.00	7.43	1166.00
	4969.47	0.00	7.43	1166.00
	4969.48	0.00	7.42	1165.00
	4969.49	0.00	7.41	1165.00
	4969.50	0.00	7.41	1164.00
	4969.51	0.00	7.41	1158.00
	4969.52	0.00	7.41	1158.00
	4969.54	0.00	7.41	1158.00
	4969.55	0.00	7.42	1159.00
	4969.56	0.00	7.42	1157.00
	4969.57	0.00	7.42	1158.00
	4969.58	0.00	7.40	1160.00
	4969.59	0.00	7.37	1162.00
	4969.61	0.00	7.37	1161.00
	4969.62	0.00	7.34	1157.00
	4969.63	0.00	7.34	1157.00
	4969.64	0.00	7.33	1153.00
	4969.65	0.00	7.38	1150.00
	4969.66	0.00	7.38	1149.00
	4969.68	0.00	7.38	1149.00
	4969.69	0.00	7.39	1149.00
	4969.70	0.00	7.39	1150.00
	4969.71	0.00	7.39	1149.00
	4969.72	0.00	7.37	1145.00
	4969.73	0.00	7.37	1145.00
	4969.75	0.00	7.37	1145.00
	4969.76	0.00	7.37	1145.00
	4969.77	0.00	7.37	1147.00
	4969.78	0.00	7.37	1148.00
	4969.79	0.00	7.37	1144.00
	4969.80	0.00	7.38	1146.00
	4969.82	0.00	7.38	1145.00
	4969.83	0.00	7.39	1145.00
	4969.84	0.00	7.40	1145.00
	4969.85	0.00	7.41	1148.00
	4969.86	0.00	7.39	1150.00
	4969.87	0.00	7.38	1157.00
	4969.88	0.00	7.38	1155.00
	4969.90	0.00	7.38	1155.00
	4969.91	0.00	7.37	1153.00
	4969.92	0.00	7.37	1153.00
	4969.93	0.00	7.37	1153.00
	4969.94	0.00	7.38	1155.00
	4969.95	0.00	7.39	1155.00
	4969.97	0.00	7.39	1155.00
	4969.98	0.00	7.41	1157.00
	4969.99	0.00	7.41	1157.00
	4970.00	0.00	7.41	1157.00
	4970.01	0.00	7.39	1162.00
	4970.02	0.00	7.39	1163.00
	4970.04	0.00	7.39	1164.00
	4970.05	0.00	7.39	1162.00
	4970.06	0.00	7.38	1161.00
	4970.07	0.00	7.38	1159.00
	4970.08	0.00	7.40	1166.00
	4970.10	0.00	7.40	1167.00
	4970.11	0.00	7.41	1168.00
	4970.12	0.00	7.41	1168.00
	4970.13	0.00	7.41	1168.00
	4970.14	0.00	7.40	1169.00
	4970.15	0.00	7.39	1168.00
	4970.16	0.00	7.41	1170.00
	4970.18	0.00	7.40	1169.00
	4970.19	0.00	7.39	1168.00
	4970.20	0.00	7.38	1168.00
	4970.21	0.00	7.40	1168.00
	4970.22	0.00	7.39	1163.00
	4970.23	0.00	7.40	1162.00
	4970.25	0.00	7.41	1163.00
	4970.26	0.00	7.41	1165.00
	4970.27	0.00	7.41	1165.00
	4970.28	0.00	7.40	1167.00
	4970.29	0.00	7.37	1167.00
	4970.30	0.00	7.36	1167.00
	4970.31	0.00	7.34	1166.00
	4970.33	0.00	7.34	1166.00
	4970.34	0.00	7.32	1163.00
	4970.35	0.00	7.33	1159.00
	4970.36	0.00	7.38	1157.00
	4970.37	0.00	7.37	1157.00
	4970.38	0.00	7.38	1156.00
	4970.40	0.00	7.39	1158.00
	4970.41	0.00	7.39	1158.00
	4970.42	0.00	7.39	1158.00
	4970.43	0.00	7.36	1154.00
	4970.44	0.00	7.37	1152.00
	4970.46	0.00	7.37	1151.00
	4970.47	0.00	7.36	1153.00
	4970.48	0.00	7.36	1151.00
	4970.49	0.00	7.37	1152.00
	4970.50	0.00	7.37	1151.00
	4970.51	0.00	7.36	1151.00
	4970.52	0.00	7.37	1151.00
	4970.54	0.00	7.39	1152.00
	4970.55	0.00	7.39	1153.00
	4970.56	0.00	7.39	1153.00
	4970.57	0.00	7.38	1161.00
	4970.58	0.00	7.37	1160.00
	4970.60	0.00	7.37	1159.00
	4970.61	0.00	7.37	1159.00
	4970.62	0.00	7.37	1158.00
	4970.63	0.00	7.37	1158.00
	4970.64	0.00	7.37	1159.00
	4970.65	0.00	7.39	1160.00
	4970.66	0.00	7.39	1159.00
	4970.68	0.00	7.41	1161.00
	4970.69	0.00	7.40	1160.00
	4970.70	0.00	7.41	1162.00
	4970.71	0.00	7.39	1165.00
	4970.72	0.00	7.40	1165.00
	4970.73	0.00	7.39	1165.00
	4970.75	0.00	7.40	1165.00
	4970.76	0.00	7.39	1164.00
	4970.77	0.00	7.38	1162.00
	4970.78	0.00	7.38	1163.00
	4970.79	0.00	7.38	1162.00
	4970.81	0.00	7.41	1169.00
	4970.82	0.00	7.40	1169.00
	4970.83	0.00	7.41	1169.00
	4970.84	0.00	7.41	1169.00
	4970.85	0.00	7.41	1169.00
	4970.86	0.00	7.41	1169.00
	4970.87	0.00	7.41	1170.00
	4970.89	0.00	7.41	1170.00
	4970.90	0.00	7.41	1170.00
	4970.91	0.00	7.40	1170.00
	4970.92	0.00	7.39	1169.00
	4970.93	0.00	7.39	1169.00
	4970.94	0.00	7.40	1164.00
	4970.95	0.00	7.40	1164.00
	4970.97	0.00	7.41	1165.00
	4970.98	0.00	7.42	1165.00
	4970.99	0.00	7.41	1165.00
	4971.00	0.00	7.42	1166.00
	4971.01	0.00	7.39	1166.00
	4971.02	0.00	7.38	1168.00
	4971.04	0.00	7.36	1166.00
	4971.05	0.00	7.35	1165.00
	4971.06	0.00	7.34	1163.00
	4971.07	0.00	7.34	1162.00
	4971.08	0.00	7.35	1158.00
	4971.10	0.00	7.38	1156.00
	4971.11	0.00	7.39	1157.00
	4971.12	0.00	7.39	1157.00
	4971.13	0.00	7.39	1157.00
	4971.14	0.00	7.37	1152.00
	4971.15	0.00	7.36	1152.00
	4971.16	0.00	7.37	1151.00
	4971.18	0.00	7.37	1152.00
	4971.19	0.00	7.36	1151.00
	4971.20	0.00	7.36	1150.00
	4971.21	0.00	7.36	1150.00
	4971.22	0.00	7.38	1149.00
	4971.23	0.00	7.37	1148.00
	4971.25	0.00	7.39	1149.00
	4971.26	0.00	7.39	1150.00
	4971.27	0.00	7.39	1151.00
	4971.28	0.00	7.39	1151.00
	4971.29	0.00	7.36	1160.00
	4971.30	0.00	7.37	1160.00
	4971.32	0.00	7.36	1160.00
	4971.33	0.00	7.36	1160.00
	4971.34	0.00	7.37	1159.00
	4971.35	0.00	7.37	1160.00
	4971.36	0.00	7.38	1160.00
	4971.37	0.00	7.38	1161.00
	4971.38	0.00	7.38	1160.00
	4971.40	0.00	7.38	1161.00
	4971.41	0.00	7.39	1160.00
	4971.42	0.00	7.41	1162.00
	4971.43	0.00	7.38	1165.00
	4971.44	0.00	7.39	1167.00
	4971.45	0.00	7.38	1166.00
	4971.47	0.00	7.38	1165.00
	4971.48	0.00	7.38	1164.00
	4971.49	0.00	7.37	1163.00
	4971.50	0.00	7.37	1161.00
	4971.51	0.00	7.40	1166.00
	4971.53	0.00	7.39	1167.00
	4971.54	0.00	7.40	1168.00
	4971.55	0.00	7.40	1168.00
	4971.56	0.00	7.40	1168.00
	4971.57	0.00	7.39	1168.00
	4971.58	0.00	7.40	1169.00
	4971.60	0.00	7.39	1168.00
	4971.61	0.00	7.39	1168.00
	4971.62	0.00	7.38	1170.00
	4971.63	0.00	7.37	1169.00
	4971.64	0.00	7.37	1170.00
	4971.65	0.00	7.38	1168.00
	4971.66	0.00	7.39	1164.00
	4971.68	0.00	7.38	1166.00
	4971.69	0.00	7.40	1167.00
	4971.70	0.00	7.40	1170.00
	4971.71	0.00	7.39	1169.00
	4971.72	0.00	7.36	1171.00
	4971.73	0.00	7.36	1172.00
	4971.75	0.00	7.36	1172.00
	4971.76	0.00	7.34	1170.00
	4971.77	0.00	7.32	1167.00
	4971.78	0.00	7.32	1163.00
	4971.79	0.00	7.37	1160.00
	4971.80	0.00	7.36	1160.00
	4971.82	0.00	7.38	1160.00
	4971.83	0.00	7.38	1161.00
	4971.84	0.00	7.38	1162.00
	4971.85	0.00	7.38	1161.00
	4971.86	0.00	7.37	1159.00
	4971.87	0.00	7.35	1157.00
	4971.89	0.00	7.36	1156.00
	4971.90	0.00	7.35	1156.00
	4971.91	0.00	7.35	1155.00
	4971.92	0.00	7.35	1155.00
	4971.93	0.00	7.35	1155.00
	4971.94	0.00	7.36	1154.00
	4971.96	0.00	7.36	1154.00
	4971.97	0.00	7.36	1153.00
	4971.98	0.00	7.38	1155.00
	4971.99	0.00	7.38	1155.00
	4972.00	0.00	7.37	1158.00
	4972.01	0.00	7.36	1162.00
	4972.02	0.00	7.36	1160.00
	4972.04	0.00	7.36	1159.00
	4972.05	0.00	7.35	1158.00
	4972.06	0.00	7.35	1157.00
	4972.07	0.00	7.36	1157.00
	4972.08	0.00	7.38	1158.00
	4972.10	0.00	7.38	1157.00
	4972.11	0.00	7.38	1157.00
	4972.12	0.00	7.40	1162.00
	4972.13	0.00	7.39	1160.00
	4972.14	0.00	7.39	1159.00
	4972.15	0.00	7.38	1166.00
	4972.16	0.00	7.37	1166.00
	4972.18	0.00	7.36	1164.00
	4972.19	0.00	7.37	1164.00
	4972.20	0.00	7.37	1164.00
	4972.21	0.00	7.39	1171.00
	4972.22	0.00	7.39	1170.00
	4972.23	0.00	7.38	1169.00
	4972.25	0.00	7.38	1168.00
	4972.26	0.00	7.38	1171.00
	4972.27	0.00	7.39	1172.00
	4972.28	0.00	7.38	1169.00
	4972.29	0.00	7.39	1173.00
	4972.31	0.00	7.39	1173.00
	4972.32	0.00	7.38	1170.00
	4972.33	0.00	7.37	1170.00
	4972.34	0.00	7.38	1173.00
	4972.35	0.00	7.36	1173.00
	4972.36	0.00	7.37	1168.00
	4972.37	0.00	7.38	1166.00
	4972.39	0.00	7.39	1168.00
	4972.40	0.00	7.39	1168.00
	4972.41	0.00	7.39	1169.00
	4972.42	0.00	7.39	1169.00
	4972.43	0.00	7.38	1168.00
	4972.44	0.00	7.35	1172.00
	4972.45	0.00	7.35	1172.00
	4972.47	0.00	7.32	1168.00
	4972.48	0.00	7.32	1166.00
	4972.49	0.00	7.31	1165.00
	4972.50	0.00	7.32	1165.00
	4972.52	0.00	7.34	1161.00
	4972.53	0.00	7.37	1160.00
	4972.54	0.00	7.38	1160.00
	4972.55	0.00	7.38	1161.00
	4972.56	0.00	7.38	1160.00
	4972.57	0.00	7.36	1159.00
	4972.58	0.00	7.35	1154.00
	4972.60	0.00	7.35	1154.00
	4972.61	0.00	7.34	1155.00
	4972.62	0.00	7.35	1156.00
	4972.63	0.00	7.35	1156.00
	4972.64	0.00	7.35	1154.00
	4972.65	0.00	7.36	1156.00
	4972.66	0.00	7.35	1154.00
	4972.68	0.00	7.36	1155.00
	4972.69	0.00	7.38	1158.00
	4972.70	0.00	7.37	1159.00
	4972.71	0.00	7.35	1168.00
	4972.72	0.00	7.36	1167.00
	4972.73	0.00	7.35	1167.00
	4972.75	0.00	7.35	1168.00
	4972.76	0.00	7.34	1167.00
	4972.77	0.00	7.35	1168.00
	4972.78	0.00	7.35	1167.00
	4972.79	0.00	7.36	1169.00
	4972.81	0.00	7.37	1170.00
	4972.82	0.00	7.36	1168.00
	4972.83	0.00	7.38	1171.00
	4972.84	0.00	7.39	1171.00
	4972.85	0.00	7.37	1178.00
	4972.86	0.00	7.37	1176.00
	4972.87	0.00	7.37	1176.00
	4972.89	0.00	7.36	1177.00
	4972.90	0.00	7.36	1176.00
	4972.91	0.00	7.36	1174.00
	4972.92	0.00	7.36	1174.00
	4972.93	0.00	7.38	1182.00
	4972.94	0.00	7.38	1180.00
	4972.96	0.00	7.39	1182.00
	4972.97	0.00	7.39	1182.00
	4972.98	0.00	7.38	1182.00
	4972.99	0.00	7.37	1180.00
	4973.00	0.00	7.37	1180.00
	4973.02	0.00	7.37	1183.00
	4973.03	0.00	7.38	1183.00
	4973.04	0.00	7.36	1180.00
	4973.05	0.00	7.36	1184.00
	4973.06	0.00	7.37	1179.00
	4973.07	0.00	7.38	1177.00
	4973.08	0.00	7.37	1176.00
	4973.10	0.00	7.37	1177.00
	4973.11	0.00	7.38	1178.00
	4973.12	0.00	7.39	1178.00
	4973.13	0.00	7.40	1178.00
	4973.14	0.00	7.38	1176.00
	4973.15	0.00	7.35	1179.00
	4973.17	0.00	7.34	1176.00
	4973.18	0.00	7.33	1175.00
	498442.00
	4982.13	0.00	6.99	1439.00
	4982.14	0.00	7.01	1436.00
	4982.15453.00
	4982.11	0.00	6.97	1449.00
	4982.12	0.00	6.98	1442.00
	4982.13	0.00	6.99	1439.00
	4982.14	0.00	7.01	1436.00
	4982.15	0.00	7.02	1431.00
	4982.16	0.00	7.02	1424.00
	4982.18	0.00	7.04	1420.00
	4982.19	0.00	7.05	1417.00
	4982.20	0.00	7.06	1413.00
	4982.21	0.00	7.06	1412.00
	4982.22	0.00	7.04	1413.00
	4982.23	0.00	7.04	1414.00
	4982.25	0.00	7.03	1411.00
	4982.26	0.00	7.04	1413.00
	4982.27	0.00	7.04	1413.00
	4982.28	0.00	7.04	1413.00
	4982.29	0.00	7.04	1411.00
	4982.31	0.00	7.03	1407.00
	4982.32	0.00	7.02	1403.00
	4982.33	0.00	7.03	1401.00
	4982.34	0.00	7.03	1397.00
	4982.35	0.00	7.04	1389.00
	4982.36	0.00	7.07	1382.00
	4982.37	0.00	7.07	1381.00
	4982.39	0.00	7.09	1375.00
	4982.40	0.00	7.11	1370.00
	4982.41	0.00	7.12	1363.00
	4982.42	0.00	7.13	1359.00
	4982.43	0.00	7.15	1354.00
	4982.45	0.00	7.15	1349.00
	4982.46	0.00	7.17	1342.00
	4982.47	0.00	7.18	1337.00
	4982.48	0.00	7.20	1328.00
	4982.49	0.00	7.20	1319.00
	4982.50	0.00	7.20	1310.00
	4982.52	0.00	7.21	1302.00
	4982.53	0.00	7.23	1297.00
	4982.54	0.00	7.24	1290.00
	4982.55	0.00	7.25	1283.00
	4982.56	0.00	7.25	1279.00
	4982.58	0.00	7.26	1272.00
	4982.59	0.00	7.27	1267.00
	4982.60	0.00	7.28	1261.00
	4982.61	0.00	7.30	1256.00
	4982.62	0.00	7.31	1249.00
	4982.63	0.00	7.33	1240.00
	4982.64	0.00	7.34	1234.00
	4982.66	0.00	7.35	1226.00
	4982.67	0.00	7.35	1220.00
	4982.68	0.00	7.36	1218.00
	4982.69	0.00	7.36	1212.00
	4982.70	0.00	7.37	1205.00
	4982.71	0.00	7.37	1199.00
	4982.72	0.00	7.38	1194.00
	4982.74	0.00	7.39	1191.00
	4982.75	0.00	7.40	1189.00
	4982.76	0.00	7.40	1186.00
	4982.77	0.00	7.40	1182.00
	4982.78	0.00	7.41	1179.00
	4982.80	0.00	7.43	1177.00
	4982.81	0.00	7.42	1173.00
	4982.82	0.00	7.41	1177.00
	4982.83	0.00	7.42	1174.00
	4982.84	0.00	7.41	1170.00
	4982.85	0.00	7.42	1167.00
	4982.87	0.00	7.42	1163.00
	4982.88	0.00	7.43	1161.00
	4982.89	0.00	7.45	1164.00
	4982.90	0.00	7.45	1161.00
	4982.91	0.00	7.45	1159.00
	4982.92	0.00	7.44	1157.00
	4982.93	0.00	7.45	1157.00
	4982.95	0.00	7.44	1156.00
	4982.96	0.00	7.44	1153.00
	4982.97	0.00	7.44	1153.00
	4982.98	0.00	7.44	1151.00
	4982.99	0.00	7.45	1146.00
	4983.00	0.00	7.46	1139.00
	4983.02	0.00	7.47	1134.00
	4983.03	0.00	7.47	1131.00
	4983.04	0.00	7.48	1131.00
	4983.05	0.00	7.49	1130.00
	4983.06	0.00	7.48	1128.00
	4983.07	0.00	7.45	1130.00
	4983.09	0.00	7.45	1126.00
	4983.10	0.00	7.43	1121.00
	4983.11	0.00	7.42	1116.00
	4983.12	0.00	7.44	1110.00
	4983.13	0.00	7.48	1107.00
	4983.14	0.00	7.48	1105.00
	4983.16	0.00	7.48	1103.00
	4983.17	0.00	7.50	1105.00
	4983.18	0.00	7.50	1104.00
	4983.19	0.00	7.47	1098.00
	4983.20	0.00	7.48	1096.00
	4983.21	0.00	7.47	1095.00
	4983.23	0.00	7.48	1094.00
	4983.24	0.00	7.48	1092.00
	4983.25	0.00	7.48	1092.00
	4983.26	0.00	7.49	1092.00
	4983.27	0.00	7.50	1090.00
	4983.28	0.00	7.50	1090.00
	4983.30	0.00	7.53	1091.00
	4983.31	0.00	7.54	1094.00
	4983.32	0.00	7.52	1097.00
	4983.33	0.00	7.50	1099.00
	4983.34	0.00	7.51	1101.00
	4983.35	0.00	7.51	1099.00
	4983.37	0.00	7.50	1096.00
	4983.38	0.00	7.50	1096.00
	4983.39	0.00	7.50	1095.00
	4983.40	0.00	7.51	1095.00
	4983.41	0.00	7.53	1097.00
	4983.42	0.00	7.53	1096.00
	4983.43	0.00	7.54	1097.00
	4983.45	0.00	7.55	1100.00
	4983.46	0.00	7.55	1100.00
	4983.47	0.00	7.55	1103.00
	4983.48	0.00	7.53	1112.00
	4983.49	0.00	7.54	1113.00
	4983.50	0.00	7.53	1114.00
	4983.52	0.00	7.51	1115.00
	4983.53	0.00	7.51	1117.00
	4983.54	0.00	7.50	1115.00
	4983.55	0.00	7.52	1121.00
	4983.56	0.00	7.52	1126.00
	4983.57	0.00	7.52	1126.00
	4983.58	0.00	7.53	1128.00
	4983.60	0.00	7.51	1128.00
	4983.61	0.00	7.51	1129.00
	4983.62	0.00	7.51	1131.00
	4983.63	0.00	7.51	1136.00
	4983.64	0.00	7.50	1140.00
	4983.66	0.00	7.49	1142.00
	4983.67	0.00	7.48	1144.00
	4983.68	0.00	7.47	1148.00
	4983.69	0.00	7.47	1148.00
	4983.70	0.00	7.48	1149.00
	4983.71	0.00	7.46	1152.00
	4983.73	0.00	7.46	1153.00
	4983.74	0.00	7.46	1157.00
	4983.75	0.00	7.47	1160.00
	4983.76	0.00	7.47	1164.00
	4983.77	0.00	7.43	1166.00
	4983.78	0.00	7.43	1168.00
	4983.79	0.00	7.41	1166.00
	4983.81	0.00	7.38	1163.00
	4983.82	0.00	7.38	1165.00
	4983.83	0.00	7.38	1163.00
	4983.84	0.00	7.43	1161.00
	4983.85	0.00	7.41	1162.00
	4983.87	0.00	7.42	1166.00
	4983.88	0.00	7.43	1169.00
	4983.89	0.00	7.41	1169.00
	4983.90	0.00	7.40	1170.00
	4983.91	0.00	7.38	1169.00
	4983.92	0.00	7.38	1172.00
	4983.93	0.00	7.37	1174.00
	4983.95	0.00	7.37	1176.00
	4983.96	0.00	7.36	1178.00
	4983.97	0.00	7.36	1180.00
	4983.98	0.00	7.35	1182.00
	4983.99	0.00	7.36	1185.00
	4984.00	0.00	7.33	1186.00
	4984.02	0.00	7.34	1191.00
	4984.03	0.00	7.35	1193.00
	4984.04	0.00	7.32	1196.00
	4984.05	0.00	7.30	1206.00
	4984.06	0.00	7.30	1207.00
	4984.07	0.00	7.30	1208.00
	4984.09	0.00	7.30	1207.00
	4984.10	0.00	7.30	1208.00
	4984.11	0.00	7.30	1208.00
	4984.12	0.00	7.30	1206.00
	4984.13	0.00	7.32	1207.00
	4984.14	0.00	7.32	1205.00
	4984.16	0.00	7.33	1205.00
	4984.17	0.00	7.34	1205.00
	4984.18	0.00	7.35	1203.00
	4984.19	0.00	7.35	1203.00
	4984.20	0.00	7.35	1202.00
	4984.21	0.00	7.33	1208.00
	4984.22	0.00	7.33	1208.00
	4984.24	0.00	7.33	1207.00
	4984.25	0.00	7.33	1206.00
	4984.26	0.00	7.32	1204.00
	4984.27	0.00	7.33	1207.00
	4984.28	0.00	7.34	1211.00
	4984.29	0.00	7.34	1214.00
	4984.31	0.00	7.34	1212.00
	4984.32	0.00	7.34	1212.00
	4984.33	0.00	7.34	1213.00
	4984.34	0.00	7.35	1214.00
	4984.35	0.00	7.33	1217.00
	4984.37	0.00	7.34	1215.00
	4984.38	0.00	7.34	1215.00
	4984.39	0.00	7.33	1214.00
	4984.40	0.00	7.33	1215.00
	4984.41	0.00	7.32	1215.00
	4984.42	0.00	7.31	1216.00
	4984.43	0.00	7.31	1216.00
	4984.45	0.00	7.33	1214.00
	4984.46	0.00	7.32	1213.00
	4984.47	0.00	7.32	1212.00
	4984.48	0.00	7.32	1212.00
	4984.49	0.00	7.34	1213.00
	4984.51	0.00	7.33	1213.00
	4984.52	0.00	7.32	1214.00
	4984.53	0.00	7.30	1220.00
	4984.54	0.00	7.29	1217.00
	4984.55	0.00	7.28	1216.00
	4984.56	0.00	7.28	1217.00
	4984.58	0.00	7.26	1214.00
	4984.59	0.00	7.25	1212.00
	4984.60	0.00	7.26	1208.00
	4984.61	0.00	7.29	1206.00
	4984.62	0.00	7.30	1208.00
	4984.63	0.00	7.30	1207.00
	4984.64	0.00	7.30	1207.00
	4984.66	0.00	7.30	1209.00
	4984.67	0.00	7.30	1207.00
	4984.68	0.00	7.28	1203.00
	4984.69	0.00	7.28	1204.00
	4984.70	0.00	7.27	1203.00
	4984.71	0.00	7.27	1203.00
	4984.73	0.00	7.27	1203.00
	4984.74	0.00	7.28	1201.00
	4984.75	0.00	7.28	1204.00
	4984.76	0.00	7.27	1200.00
	4984.77	0.00	7.29	1202.00
	4984.79	0.00	7.29	1201.00
	4984.80	0.00	7.30	1203.00
	4984.81	0.00	7.31	1202.00
	4984.82	0.00	7.30	1203.00
	4984.83	0.00	7.28	1211.00
	4984.84	0.00	7.28	1209.00
	4984.85	0.00	7.27	1211.00
	4984.87	0.00	7.28	1211.00
	4984.88	0.00	7.28	1210.00
	4984.89	0.00	7.27	1211.00
	4984.90	0.00	7.27	1210.00
	4984.91	0.00	7.28	1210.00
	4984.92	0.00	7.29	1209.00
	4984.94	0.00	7.29	1210.00
	4984.95	0.00	7.29	1210.00
	4984.96	0.00	7.29	1211.00
	4984.97	0.00	7.29	1211.00
	4984.98	0.00	7.30	1212.00
	4985.00	0.00	7.30	1212.00
	4985.01	0.00	7.30	1217.00
	4985.02	0.00	7.28	1220.00
	4985.03	0.00	7.28	1219.00
	4985.04	0.00	7.27	1224.00
	4985.05	0.00	7.27	1222.00
	4985.06	0.00	7.27	1221.00
	4985.08	0.00	7.27	1220.00
	4985.09	0.00	7.27	1220.00
	4985.10	0.00	7.30	1227.00
	4985.11	0.00	7.29	1227.00
	4985.12	0.00	7.30	1226.00
	4985.13	0.00	7.30	1226.00
	4985.15	0.00	7.29	1225.00
	4985.16	0.00	7.29	1226.00
	4985.17	0.00	7.28	1226.00
	4985.18	0.00	7.29	1228.00
	4985.19	0.00	7.29	1229.00
	4985.20	0.00	7.27	1231.00
	4985.22	0.00	7.27	1229.00
	4985.23	0.00	7.28	1229.00
	4985.24	0.00	7.28	1227.00
	4985.25	0.00	7.28	1227.00
	4985.26	0.00	7.28	1225.00
	4985.27	0.00	7.29	1226.00
	4985.29	0.00	7.29	1225.00
	4985.30	0.00	7.29	1226.00
	4985.31	0.00	7.29	1228.00
	4985.32	0.00	7.29	1229.00
	4985.33	0.00	7.26	1232.00
	4985.35	0.00	7.25	1231.00
	4985.36	0.00	7.25	1233.00
	4985.37	0.00	7.25	1231.00
	4985.38	0.00	7.24	1230.00
	4985.39	0.00	7.22	1228.00
	4985.40	0.00	7.22	1224.00
	4985.41	0.00	7.24	1222.00
	4985.43	0.00	7.27	1219.00
	4985.44	0.00	7.26	1219.00
	4985.45	0.00	7.26	1220.00
	4985.46	0.00	7.26	1222.00
	4985.47	0.00	7.28	1224.00
	4985.48	0.00	7.27	1223.00
	4985.50	0.00	7.27	1222.00
	4985.51	0.00	7.24	1217.00
	4985.52	0.00	7.24	1219.00
	4985.53	0.00	7.24	1218.00
	4985.54	0.00	7.24	1217.00
	4985.55	0.00	7.24	1217.00
	4985.57	0.00	7.25	1217.00
	4985.58	1.00	7.27	1216.00
	4985.59	1.00	7.27	1209.00
	4985.60	1.00	7.28	1210.00
	4985.61	1.00	7.28	1210.00
	4985.62	1.00	7.28	1210.00
	4985.64	1.00	7.28	1210.00
	4985.65	1.00	7.28	1210.00
	4985.66	1.00	7.27	1211.00
	4985.67	1.00	7.28	1212.00
	4985.68	1.00	7.27	1213.00
	4985.69	1.00	7.28	1211.00
	4985.71	1.00	7.28	1211.00
	4985.72	1.00	7.28	1211.00
	4985.73	1.00	7.28	1211.00
	4985.74	1.00	7.28	1211.00
	4985.75	1.00	7.28	1211.00
	4985.76	1.00	7.27	1212.00
	4985.78	1.00	7.27	1210.00
	4985.79	1.00	7.28	1212.00
	4985.80	0.00	7.28	1225.00
	4985.81	0.00	7.29	1226.00
	4985.82	0.00	7.29	1224.00
	4985.83	0.00	7.28	1225.00
	4985.85	0.00	7.27	1228.00
	4985.86	0.00	7.27	1228.00
	4985.87	0.00	7.27	1228.00
	4985.88	0.00	7.27	1227.00
	4985.89	0.00	7.28	1226.00
	4985.90	0.00	7.27	1225.00
	4985.92	0.00	7.26	1224.00
	4985.93	0.00	7.29	1231.00
	4985.94	0.00	7.29	1230.00
	4985.95	0.00	7.29	1229.00
	4985.96	0.00	7.29	1229.00
	4985.97	0.00	7.29	1229.00
	4985.99	0.00	7.28	1227.00
	4986.00	0.00	7.29	1230.00
	4986.01	0.00	7.29	1229.00
	4986.02	0.00	7.28	1230.00
	4986.03	0.00	7.29	1229.00
	4986.04	0.00	7.28	1230.00
	4986.06	0.00	7.28	1230.00
	4986.07	0.00	7.28	1228.00
	4986.08	0.00	7.29	1227.00
	4986.09	0.00	7.29	1225.00
	4986.10	0.00	7.28	1224.00
	4986.12	0.00	7.30	1225.00
	4986.13	0.00	7.29	1226.00
	4986.14	0.00	7.30	1227.00
	4986.15	0.00	7.30	1228.00
	4986.16	0.00	7.28	1225.00
	4986.17	0.00	7.25	1229.00
	4986.18	0.00	7.26	1227.00
	4986.20	0.00	7.26	1229.00
	4986.21	0.00	7.25	1227.00
	4986.22	0.00	7.23	1225.00
	4986.23	0.00	7.22	1223.00
	4986.24	0.00	7.23	1220.00
	4986.25	0.00	7.27	1217.00
	4986.27	0.00	7.27	1218.00
	4986.28	0.00	7.27	1219.00
	4986.29	0.00	7.27	1219.00
	4986.30	0.00	7.28	1220.00
	4986.31	0.00	7.27	1221.00
	4986.32	0.00	7.26	1219.00
	4986.34	0.00	7.25	1217.00
	4986.35	0.00	7.26	1218.00
	4986.36	0.00	7.24	1217.00
	4986.37	0.00	7.24	1216.00
	4986.38	0.00	7.24	1218.00
	4986.39	0.00	7.23	1218.00
	4986.41	0.00	7.23	1219.00
	4986.42	0.00	7.23	1220.00
	4986.43	0.00	7.24	1217.00
	4986.44	0.00	7.25	1217.00
	4986.45	0.00	7.25	1218.00
	4986.46	0.00	7.25	1219.00
	4986.48	0.00	7.27	1221.00
	4986.49	0.00	7.26	1222.00
	4986.50	0.00	7.26	1220.00
	4986.51	0.00	7.26	1220.00
	4986.52	0.00	7.25	1228.00
	4986.53	0.00	7.24	1227.00
	4986.55	0.00	7.24	1227.00
	4986.56	0.00	7.24	1226.00
	4986.57	0.00	7.24	1226.00
	4986.58	0.00	7.23	1225.00
	4986.59	0.00	7.24	1227.00
	4986.60	0.00	7.23	1226.00
	4986.62	0.00	7.25	1231.00
	4986.63	0.00	7.25	1230.00
	4986.64	0.00	7.26	1230.00
	4986.65	0.00	7.26	1232.00
	4986.66	0.00	7.26	1233.00
	4986.67	0.00	7.24	1234.00
	4986.69	0.00	7.25	1236.00
	4986.70	0.00	7.25	1236.00
	4986.71	0.00	7.23	1242.00
	4986.72	0.00	7.23	1243.00
	4986.73	0.00	7.23	1243.00
	4986.74	0.00	7.22	1242.00
	4986.76	0.00	7.22	1241.00
	4986.77	0.00	7.25	1246.00
	4986.78	0.00	7.25	1247.00
	4986.79	0.00	7.25	1249.00
	4986.80	0.00	7.25	1249.00
	4986.81	0.00	7.25	1248.00
	4986.83	0.00	7.24	1247.00
	4986.84	0.00	7.24	1249.00
	4986.85	0.00	7.24	1247.00
	4986.86	0.00	7.26	1248.00
	4986.87	0.00	7.25	1249.00
	4986.88	0.00	7.25	1250.00
	4986.90	0.00	7.24	1249.00
	4986.91	0.00	7.23	1248.00
	4986.92	0.00	7.23	1249.00
	4986.93	0.00	7.24	1249.00
	4986.94	0.00	7.25	1247.00
	4986.95	0.00	7.24	1246.00
	4986.97	0.00	7.25	1247.00
	4986.98	0.00	7.25	1248.00
	4986.99	0.00	7.25	1250.00
	4987.00	0.00	7.26	1252.00
	4987.01	0.00	7.24	1250.00
	4987.02	0.00	7.21	1254.00
	4987.04	0.00	7.22	1254.00
	4987.05	0.00	7.20	1251.00
	4987.06	0.00	7.18	1249.00
	4987.07	0.00	7.17	1247.00
	4987.08	0.00	7.17	1248.00
	4987.10	0.00	7.18	1244.00
	4987.11	0.00	7.22	1240.00
	4987.12	0.00	7.22	1240.00
	4987.13	0.00	7.22	1243.00
	4987.14	0.00	7.23	1243.00
	4987.15	0.00	7.22	1243.00
	4987.16	0.00	7.22	1244.00
	4987.17	0.00	7.21	1243.00
	4987.19	0.00	7.20	1240.00
	4987.20	0.00	7.19	1240.00
	4987.21	0.00	7.19	1240.00
	4987.22	0.00	7.19	1241.00
	4987.23	0.00	7.19	1240.00
	4987.25	0.00	7.19	1240.00
	4987.26	0.00	7.19	1240.00
	4987.27	0.00	7.19	1241.00
	4987.28	0.00	7.20	1241.00
	4987.29	0.00	7.21	1243.00
	4987.30	0.00	7.21	1244.00
	4987.32	0.00	7.21	1245.00
	4987.33	0.00	7.20	1246.00
	4987.34	0.00	7.20	1250.00
	4987.35	0.00	7.19	1256.00
	4987.36	0.00	7.18	1254.00
	4987.37	0.00	7.18	1255.00
	4987.38	0.00	7.18	1256.00
	4987.40	0.00	7.17	1256.00
	4987.41	0.00	7.17	1255.00
	4987.42	0.00	7.18	1257.00
	4987.43	0.00	7.18	1257.00
	4987.44	0.00	7.19	1258.00
	4987.46	0.00	7.18	1259.00
	4987.47	0.00	7.18	1258.00
	4987.48	0.00	7.19	1259.00
	4987.49	0.00	7.19	1259.00
	4987.50	0.00	7.20	1261.00
	4987.51	0.00	7.19	1265.00
	4987.53	0.00	7.18	1267.00
	4987.54	0.00	7.18	1267.00
	4987.55	0.00	7.18	1268.00
	4987.56	0.00	7.18	1268.00
	4987.57	0.00	7.18	1267.00
	4987.58	0.00	7.17	1265.00
	4987.60	0.00	7.19	1272.00
	4987.61	0.00	7.20	1271.00
	4987.62	0.00	7.19	1272.00
	4987.63	0.00	7.19	1274.00
	4987.64	0.00	7.20	1273.00
	4987.65	0.00	7.20	1273.00
	4987.66	0.00	7.19	1273.00
	4987.68	0.00	7.19	1274.00
	4987.69	0.00	7.19	1274.00
	4987.70	0.00	7.18	1274.00
	4987.71	0.00	7.17	1276.00
	4987.72	0.00	7.16	1277.00
	4987.74	0.00	7.16	1277.00
	4987.75	0.00	7.16	1278.00
	4987.76	0.00	7.17	1277.00
	4987.77	0.00	7.16	1278.00
	4987.78	0.00	7.16	1279.00
	4987.79	0.00	7.17	1281.00
	4987.81	0.00	7.18	1284.00
	4987.82	0.00	7.15	1283.00
	4987.83	0.00	7.14	1285.00
	4987.84	0.00	7.13	1289.00
	4987.85	0.00	7.13	1291.00
	4987.86	0.00	7.09	1289.00
	4987.87	0.00	7.08	1288.00
	4987.89	0.00	7.08	1287.00
	4987.90	0.00	7.11	1285.00
	4987.91	0.00	7.11	1284.00
	4987.92	0.00	7.11	1285.00
	4987.93	0.00	7.12	1286.00
	4987.94	0.00	7.12	1287.00
	4987.96	0.00	7.11	1290.00
	4987.97	0.00	7.11	1290.00
	4987.98	0.00	7.10	1290.00
	4987.99	0.00	7.09	1289.00
	4988.00	0.00	7.08	1287.00
	4988.02	0.00	7.08	1288.00
	4988.03	0.00	7.07	1290.00
	4988.04	0.00	7.08	1291.00
	4988.05	0.00	7.07	1293.00
	4988.06	0.00	7.08	1293.00
	4988.07	0.00	7.07	1293.00
	4988.08	0.00	7.07	1292.00
	4988.10	0.00	7.08	1294.00
	4988.11	0.00	7.08	1295.00
	4988.12	0.00	7.08	1295.00
	4988.13	0.00	7.08	1295.00
	4988.14	0.00	7.09	1296.00
	4988.15	0.00	7.09	1296.00
	4988.17	0.00	7.07	1305.00
	4988.18	0.00	7.07	1304.00
	4988.19	0.00	7.07	1305.00
	4988.20	0.00	7.07	1304.00
	4988.21	0.00	7.06	1305.00
	4988.22	0.00	7.06	1304.00
	4988.24	0.00	7.06	1305.00
	4988.25	0.00	7.07	1306.00
	4988.26	0.00	7.08	1306.00
	4988.27	0.00	7.08	1306.00
	4988.28	0.00	7.09	1306.00
	4988.29	0.00	7.09	1307.00
	4988.31	0.00	7.09	1305.00
	4988.32	0.00	7.09	1305.00
	4988.33	0.00	7.09	1307.00
	4988.34	0.00	7.08	1312.00
	4988.35	0.00	7.07	1312.00
	4988.36	0.00	7.07	1310.00
	4988.38	0.00	7.06	1310.00
	4988.39	0.00	7.06	1310.00
	4988.40	0.00	7.06	1308.00
	4988.41	0.00	7.06	1309.00
	4988.42	0.00	7.09	1314.00
	4988.43	0.00	7.10	1317.00
	4988.45	0.00	7.09	1315.00
	4988.46	0.00	7.09	1315.00
	4988.47	0.00	7.09	1314.00
	4988.48	0.00	7.09	1315.00
	4988.49	0.00	7.09	1313.00
	4988.50	0.00	7.09	1314.00
	4988.52	0.00	7.09	1315.00
	4988.53	0.00	7.09	1315.00
	4988.54	0.00	7.09	1316.00
	4988.55	0.00	7.09	1316.00
	4988.56	0.00	7.09	1315.00
	4988.57	0.00	7.10	1311.00
	4988.59	0.00	7.09	1310.00
	4988.60	0.00	7.10	1311.00
	4988.61	0.00	7.10	1311.00
	4988.62	0.00	7.10	1311.00
	4988.63	0.00	7.11	1312.00
	4988.64	0.00	7.11	1313.00
	4988.66	0.00	7.08	1315.00
	4988.67	0.00	7.07	1314.00
	4988.68	0.00	7.06	1314.00
	4988.69	0.00	7.07	1314.00
	4988.70	0.00	7.06	1313.00
	4988.71	0.00	7.03	1312.00
	4988.73	0.00	7.03	1313.00
	4988.74	0.00	7.03	1309.00
	4988.75	0.00	7.06	1308.00
	4988.76	0.00	7.06	1310.00
	4988.77	0.00	7.07	1310.00
	4988.78	0.00	7.08	1312.00
	4988.80	0.00	7.07	1312.00
	4988.81	0.00	7.07	1314.00
	4988.82	0.00	7.06	1313.00
	4988.83	0.00	7.05	1312.00
	4988.84	0.00	7.04	1314.00
	4988.85	0.00	7.04	1314.00
	4988.87	0.00	7.03	1316.00
	4988.88	0.00	7.02	1317.00
	4988.89	0.00	7.03	1320.00
	4988.90	0.00	7.01	1319.00
	4988.91	0.00	7.02	1322.00
	4988.92	0.00	7.02	1322.00
	4988.94	0.00	7.01	1323.00
	4988.95	0.00	7.01	1324.00
	4988.96	0.00	7.04	1329.00
	4988.97	0.00	7.02	1330.00
	4988.98	0.00	7.02	1331.00
	4988.99	0.00	7.02	1334.00
	4989.01	0.00	7.01	1336.00
	4989.02	0.00	7.00	1341.00
	4989.03	0.00	6.99	1341.00
	4989.04	0.00	6.99	1340.00
	4989.05	0.00	6.99	1340.00
	4989.06	0.00	6.99	1336.00
	4989.08	0.00	7.00	1336.00
	4989.09	0.00	7.00	1332.00
	4989.10	0.00	7.01	1332.00
	4989.11	0.00	7.03	1327.00
	4989.12	0.00	7.03	1322.00
	4989.13	0.00	7.05	1317.00
	4989.15	0.00	7.05	1307.00
	4989.16	0.00	7.05	1304.00
	4989.17	0.00	7.06	1298.00
	4989.18	0.00	7.07	1285.00
	4989.19	0.00	7.08	1276.00
	4989.20	0.00	7.09	1265.00
	4989.22	0.00	7.10	1256.00
	4989.23	0.00	7.10	1246.00
	4989.24	0.00	7.15	1240.00
	4989.25	0.00	7.15	1230.00
	4989.26	0.00	7.18	1218.00
	4989.27	0.00	7.20	1201.00
	4989.29	0.00	7.24	1182.00
	4989.30	0.00	7.28	1160.00
	4989.31	0.00	7.30	1134.00
	4989.32	0.00	7.36	1106.00
	4989.33	0.00	7.40	1047.00
	4989.34	0.00	6.91	912.00
	4989.36	0.00	6.94	888.00
	4989.37	0.00	6.95	878.00
	4989.38	0.00	6.97	869.00
	4989.39	0.00	6.98	862.00
	4989.40	0.00	7.01	862.00
	4989.41	0.00	6.99	862.00
	4989.42	0.00	6.97	864.00
	4989.44	0.00	6.96	861.00
	4989.45	0.00	6.95	856.00
	4989.46	0.00	6.96	855.00
	4989.47	0.00	6.98	847.00
	4989.48	0.00	6.99	840.00
	4989.50	0.00	6.94	859.00
	4989.51	0.00	7.01	840.00
	4989.52	0.00	7.01	839.00
	4989.53	0.00	7.01	838.00
	4989.54	0.00	7.01	836.00
	4989.55	0.00	7.01	834.00
	4989.56	0.00	7.01	834.00
	4989.58	0.00	7.02	834.00
	4989.59	0.00	7.05	833.00
	4989.60	0.00	7.08	833.00
	4989.61	0.00	7.08	833.00
	4989.62	0.00	7.07	843.00
	4989.63	0.00	7.06	844.00
	4989.64	0.00	7.06	843.00
	4989.66	0.00	7.07	843.00
	4989.67	0.00	7.06	841.00
	4989.68	0.00	7.05	841.00
	4989.69	0.00	7.05	838.00
	4989.70	0.00	7.06	837.00
	4989.71	0.00	7.09	838.00
	4989.73	0.00	7.11	839.00
	4989.74	0.00	7.10	836.00
	4989.75	0.00	7.09	842.00
	4989.76	0.00	7.09	842.00
	4989.77	0.00	7.09	843.00
	4989.78	0.00	7.09	842.00
	4989.80	0.00	7.08	848.00
	4989.81	0.00	7.05	856.00
	4989.82	0.00	6.97	897.00
	4989.83	0.00	6.90	939.00
	4989.84	0.00	6.76	1014.00
	4989.85	0.00	6.58	1121.00
	4989.87	0.00	6.50	1188.00
	4989.88	0.00	6.46	1222.00
	4989.89	0.00	6.41	1274.00
	4989.90	0.00	6.37	1303.00
	4989.91	0.00	6.86	1461.00
	4989.92	0.00	6.85	1497.00
	4989.93	0.00	6.87	1509.00
	4989.95	0.00	6.92	1519.00
	4989.96	0.00	6.98	1514.00
	4989.97	0.00	7.03	1493.00
	4989.98	0.00	7.10	1474.00
	4989.99	0.00	7.18	1445.00
	4990.01	0.00	7.27	1411.00
	4990.02	0.00	7.33	1380.00
	4990.03	0.00	7.40	1346.00
	4990.04	0.00	7.48	1312.00
	4990.05	0.00	7.54	1277.00
	4990.06	0.00	7.64	1243.00
	4990.08	0.00	7.70	1213.00
	4990.09	0.00	7.69	1186.00
	4990.10	0.00	7.70	1162.00
	4990.11	0.00	7.79	1126.00
	4990.12	0.00	7.76	1103.00
	4990.13	0.00	7.77	1087.00
	4990.14	0.00	7.77	1076.00
	4990.16	0.00	7.77	1067.00
	4990.17	0.00	7.86	1052.00
	4990.18	0.00	7.85	1044.00
	4990.19	0.00	7.83	1038.00
	4990.20	0.00	7.90	1038.00
	4990.21	0.00	7.87	1017.00
	4990.23	0.00	8.39	1058.00
	4990.24	0.00	8.59	1032.00
	4990.25	0.00	8.57	1044.00
	4990.26	0.00	8.67	1029.00
	4990.27	0.00	8.75	1052.00
	4990.29	0.00	8.68	1012.00
	4990.30	0.00	8.54	969.00
	4990.31	0.00	8.58	967.00
	4990.32	0.00	8.69	970.00
	4990.33	0.00	8.78	976.00
	4990.34	0.00	8.82	971.00
	4990.35	0.00	8.91	975.00
	4990.37	0.00	8.94	976.00
	4990.38	0.00	9.00	982.00
	4990.39	0.00	9.01	977.00
	4990.40	0.00	9.01	977.00
	4990.41	0.00	8.95	966.00
	4990.42	0.00	8.86	953.00
	4990.44	0.00	8.74	936.00
	4990.45	0.00	8.62	916.00
	4990.46	0.00	8.53	894.00
	4990.47	0.00	8.43	873.00
	4990.48	0.00	8.33	854.00
	4990.49	0.00	8.18	835.00
	4990.50	0.00	8.04	821.00
	4990.52	0.00	7.31	773.00
	4990.53	0.00	7.25	792.00
	4990.54	0.00	7.20	794.00
	4990.55	0.00	7.23	798.00
	4990.56	0.00	7.24	797.00
	4990.58	0.00	7.24	796.00
	4990.59	0.00	7.26	798.00
	4990.60	0.00	7.26	797.00
	4990.61	0.00	7.26	796.00
	4990.62	0.00	7.26	796.00
	4990.63	0.00	7.26	795.00
	4990.64	0.00	7.24	795.00
	4990.66	0.00	7.23	795.00
	4990.67	0.00	7.23	794.00
	4990.68	0.00	7.23	794.00
	4990.69	0.00	7.25	795.00
	4990.70	0.00	7.25	795.00
	4990.71	0.00	7.24	793.00
	4990.73	0.00	7.23	796.00
	4990.74	0.00	7.23	795.00
	4990.75	0.00	7.22	795.00
	4990.76	0.00	7.19	790.00
	4990.77	0.00	7.20	787.00
	4990.78	0.00	7.22	780.00
	4990.79	0.00	7.22	780.00
	4990.81	0.00	7.24	778.00
	4990.82	0.00	7.23	778.00
	4990.83	0.00	7.23	780.00
	4990.84	0.00	7.24	776.00
	4990.85	0.00	7.24	776.00
	4990.87	0.00	7.22	776.00
	4990.88	0.00	7.22	775.00
	4990.89	0.00	7.25	773.00
	4990.90	0.00	7.26	774.00
	4990.91	0.00	7.21	774.00
	4990.92	0.00	7.20	773.00
	4990.93	0.00	7.20	774.00
	4990.95	0.00	7.21	776.00
	4990.96	0.00	7.20	779.00
	4990.97	0.00	7.20	779.00
	4990.98	0.00	7.17	787.00
	4990.99	0.00	7.09	810.00
	4991.00	0.00	6.57	814.00
	4991.02	0.00	6.35	914.00
	4991.03	0.00	6.09	1102.00
	4991.04	0.00	5.97	1219.00
	4991.05	0.00	6.51	1356.00
	4991.06	0.00	6.80	1408.00
	4991.07	0.00	6.77	1386.00
	4991.08	0.00	6.80	1387.00
	4991.10	0.00	6.81	1401.00
	4991.11	0.00	6.82	1439.00
	4991.12	0.00	6.86	1482.00
	4991.13	0.00	6.85	1513.00
	4991.14	0.00	6.85	1526.00
	4991.15	0.00	6.83	1553.00
	4991.17	0.00	6.85	1556.00
	4991.18	0.00	6.88	1549.00
	4991.19	0.00	6.92	1537.00
	4991.20	0.00	6.94	1515.00
	4991.21	0.00	7.00	1489.00
	4991.22	0.00	7.05	1460.00
	4991.24	0.00	7.07	1426.00
	4991.25	0.00	7.20	1411.00
	4991.26	0.00	7.22	1396.00
	4991.27	0.00	7.26	1369.00
	4991.28	0.00	7.32	1339.00
	4991.29	0.00	7.38	1320.00
	4991.31	0.00	7.44	1297.00
	4991.32	0.00	7.50	1278.00
	4991.33	0.00	7.53	1257.00
	4991.34	0.00	7.58	1247.00
	4991.35	0.00	7.61	1232.00
	4991.37	0.00	7.65	1218.00
	4991.38	0.00	7.66	1213.00
	4991.39	0.00	7.68	1201.00
	4991.40	0.00	7.72	1187.00
	4991.41	0.00	7.80	1161.00
	4991.42	0.00	7.85	1153.00
	4991.43	0.00	7.90	1139.00
	4991.45	0.00	7.94	1133.00
	4991.46	0.00	7.99	1130.00
	4991.47	0.00	8.05	1121.00
	4991.48	0.00	8.07	1115.00
	4991.49	0.00	8.12	1101.00
	4991.51	0.00	8.13	1079.00
	4991.52	0.00	8.52	1086.00
	4991.53	0.00	8.24	1004.00
	4991.54	0.00	8.37	990.00
	4991.55	0.00	8.35	982.00
	4991.56	0.00	8.50	959.00
	4991.58	0.00	8.56	944.00
	4991.59	0.00	8.61	941.00
	4991.60	0.00	8.61	940.00
	4991.61	0.00	8.60	937.00
	4991.62	0.00	8.58	932.00
	4991.63	0.00	8.57	928.00
	4991.64	0.00	8.47	914.00
	4991.66	0.00	8.36	894.00
	4991.67	0.00	8.28	875.00
	4991.68	0.00	8.19	855.00
	4991.69	0.00	8.03	833.00
	4991.70	0.00	7.30	762.00
	4991.71	0.00	7.27	754.00
	4991.73	0.00	7.22	767.00
	4991.74	0.00	7.18	778.00
	4991.75	0.00	7.29	785.00
	4991.76	0.00	7.28	788.00
	4991.77	0.00	7.30	787.00
	4991.78	0.00	7.30	786.00
	4991.80	0.00	7.28	783.00
	4991.81	0.00	7.28	785.00
	4991.82	0.00	7.29	785.00
	4991.83	0.00	7.30	783.00
	4991.84	0.00	7.32	785.00
	4991.85	0.00	7.30	791.00
	4991.87	0.00	7.29	795.00
	4991.88	0.00	7.26	793.00
	4991.89	0.00	7.27	793.00
	4991.90	0.00	7.28	792.00
	4991.91	0.00	7.28	792.00
	4991.92	0.00	7.28	794.00
	4991.93	0.00	7.29	795.00
	4991.95	0.00	7.27	794.00
	4991.96	0.00	7.28	786.00
	4991.97	0.00	7.26	784.00
	4991.98	0.00	7.27	783.00
	4991.99	0.00	7.25	785.00
	4992.00	0.00	7.25	787.00
	4992.02	0.00	7.26	783.00
	4992.03	0.00	7.28	779.00
	4992.04	0.00	7.28	779.00
	4992.05	0.00	7.27	781.00
	4992.06	0.00	7.24	779.00
	4992.07	0.00	7.24	774.00
	4992.09	0.00	7.20	770.00
	4992.10	0.00	7.22	769.00
	4992.11	0.00	7.19	769.00
	4992.12	0.00	7.20	771.00
	4992.13	0.00	7.20	772.00
	4992.14	0.00	7.18	779.00
	4992.15	0.00	7.06	841.00
	4992.17	0.00	6.85	925.00
	4992.18	0.00	6.13	1050.00
	4992.19	0.00	5.96	1190.00
	4992.20	0.00	5.90	1254.00
	4992.21	0.00	5.89	1262.00
	4992.22	0.00	5.90	1265.00
	4992.24	0.00	5.88	1278.00
	4992.25	0.00	5.86	1308.00
	4992.26	0.00	6.05	1396.00
	4992.27	0.00	6.62	1529.00
	4992.28	0.00	6.68	1551.00
	4992.29	0.00	6.73	1566.00
	4992.31	0.00	6.76	1566.00
	4992.32	0.00	6.80	1562.00
	4992.33	0.00	6.82	1562.00
	4992.34	0.00	6.87	1547.00
	4992.35	0.00	6.92	1526.00
	4992.37	0.00	6.97	1499.00
	4992.38	0.00	7.03	1473.00
	4992.39	0.00	7.09	1451.00
	4992.40	0.00	7.13	1425.00
	4992.41	0.00	7.17	1402.00
	4992.42	0.00	7.20	1377.00
	4992.43	0.00	7.23	1352.00
	4992.45	0.00	7.27	1318.00
	4992.46	0.00	7.39	1301.00
	4992.47	0.00	7.44	1280.00
	4992.48	0.00	7.47	1269.00
	4992.49	0.00	7.49	1255.00
	4992.50	0.00	7.52	1246.00
	4992.52	0.00	7.59	1249.00
	4992.53	0.00	7.61	1248.00
	4992.54	0.00	7.63	1248.00
	4992.55	0.00	7.63	1249.00
	4992.56	0.00	7.59	1267.00
	4992.58	0.00	7.61	1265.00
	4992.59	0.00	7.59	1270.00
	4992.60	0.00	7.61	1269.00
	4992.61	0.00	7.63	1264.00
	4992.62	0.00	7.63	1255.00
	4992.63	0.00	7.68	1246.00
	4992.65	0.00	7.74	1217.00
	4992.66	0.00	7.83	1186.00
	4992.67	0.00	7.90	1175.00
	4992.68	0.00	7.95	1163.00
	4992.69	0.00	8.02	1124.00
	4992.70	0.00	8.04	1119.00
	4992.71	0.00	8.66	1154.00
	4992.73	0.00	8.76	1142.00
	4992.74	0.00	8.67	1108.00
	4992.75	0.00	8.35	992.00
	4992.76	0.00	8.46	956.00
	4992.77	0.00	8.54	938.00
	4992.79	0.00	8.57	931.00
	4992.80	0.00	8.58	926.00
	4992.81	0.00	8.55	917.00
	4992.82	0.00	8.48	907.00
	4992.83	0.00	8.42	898.00
	4992.84	0.00	8.37	888.00
	4992.85	0.00	8.32	876.00
	4992.87	0.00	8.23	861.00
	4992.88	0.00	8.14	845.00
	4992.89	0.00	7.38	783.00
	4992.90	0.00	7.34	776.00
	4992.91	0.00	7.31	775.00
	4992.92	0.00	7.25	796.00
	4992.94	0.00	7.20	795.00
	4992.95	0.00	7.16	799.00
	4992.96	0.00	7.15	794.00
	4992.97	0.00	7.17	794.00
	4992.98	0.00	7.16	794.00
	4992.99	0.00	7.17	796.00
	4993.00	0.00	7.16	796.00
	4993.02	0.00	7.15	795.00
	4993.03	0.00	7.14	795.00
	4993.04	0.00	7.15	795.00
	4993.05	0.00	7.15	794.00
	4993.06	0.00	7.17	794.00
	4993.08	0.00	7.18	794.00
	4993.09	0.00	7.16	800.00
	4993.10	0.00	7.16	800.00
	4993.11	0.00	7.15	800.00
	4993.12	0.00	7.15	799.00
	4993.13	0.00	7.16	796.00
	4993.14	0.00	7.16	796.00
	4993.16	0.00	7.21	797.00
	4993.17	0.00	7.21	798.00
	4993.18	0.00	7.22	797.00
	4993.19	0.00	7.21	803.00
	4993.20	0.00	7.20	804.00
	4993.21	0.00	7.20	803.00
	4993.22	0.00	7.21	800.00
	4993.24	0.00	7.24	796.00
	4993.25	0.00	7.25	792.00
	4993.26	0.00	7.25	789.00
	4993.27	0.00	7.27	788.00
	4993.28	0.00	7.27	789.00
	4993.29	0.00	7.27	784.00
	4993.31	0.00	7.28	783.00
	4993.32	0.00	7.27	784.00
	4993.33	0.00	7.24	791.00
	4993.34	0.00	7.20	797.00
	4993.35	0.00	7.11	825.00
	4993.36	0.00	6.96	874.00
	4993.38	0.00	6.46	859.00
	4993.39	0.00	6.29	959.00
	4993.40	0.00	6.05	1128.00
	4993.41	0.00	5.97	1228.00
	4993.42	0.00	5.95	1258.00
	4993.43	0.00	6.31	1306.00
	4993.44	0.00	6.30	1322.00
	4993.46	0.00	6.64	1418.00
	4993.47	0.00	6.69	1464.00
	4993.48	0.00	6.68	1499.00
	4993.49	0.00	6.65	1518.00
	4993.50	0.00	6.65	1530.00
	4993.52	0.00	6.66	1535.00
	4993.53	0.00	6.68	1537.00
	4993.54	0.00	6.71	1535.00
	4993.55	0.00	6.74	1529.00
	4993.56	0.00	6.77	1511.00
	4993.57	0.00	6.81	1493.00
	4993.59	0.00	6.84	1463.00
	4993.60	0.00	6.89	1441.00
	4993.61	0.00	6.92	1420.00
	4993.62	0.00	6.97	1397.00
	4993.63	0.00	7.00	1374.00
	4993.64	0.00	7.04	1354.00
	4993.66	0.00	7.06	1329.00
	4993.67	0.00	7.09	1310.00
	4993.68	0.00	7.13	1291.00
	4993.69	0.00	7.17	1277.00
	4993.70	0.00	7.19	1266.00
	4993.71	0.00	7.23	1256.00
	4993.73	0.00	7.26	1248.00
	4993.74	0.00	7.30	1246.00
	4993.75	0.00	7.32	1243.00
	4993.76	0.00	7.37	1241.00
	4993.77	0.00	7.40	1233.00
	4993.79	0.00	7.45	1227.00
	4993.80	0.00	7.49	1214.00
	4993.81	0.00	7.55	1205.00
	4993.82	0.00	8.08	1243.00
	4993.83	0.00	8.15	1228.00
	4993.84	0.00	8.22	1200.00
	4993.85	0.00	8.40	1168.00
	4993.87	0.00	8.46	1162.00
	4993.88	0.00	8.53	1154.00
	4993.89	0.00	8.25	1055.00
	4993.90	0.00	8.33	1038.00
	4993.91	0.00	8.50	1019.00
	4993.92	0.00	8.59	1031.00
	4993.94	0.00	8.61	1037.00
	4993.95	0.00	8.71	1002.00
	4993.96	0.00	8.84	998.00
	4993.97	0.00	8.87	994.00
	4993.98	0.00	8.92	981.00
	4993.99	0.00	9.06	966.00
	4994.01	0.00	9.06	960.00
	4994.02	0.00	8.99	948.00
	4994.03	0.00	8.91	934.00
	4994.04	0.00	8.83	921.00
	4994.05	0.00	8.72	902.00
	4994.06	0.00	8.68	889.00
	4994.08	0.00	8.58	871.00
	4994.09	0.00	8.48	853.00
	4994.10	0.00	8.21	826.00
	4994.11	0.00	7.36	765.00
	4994.12	0.00	7.25	787.00
	4994.13	0.00	7.18	826.00
	4994.14	0.00	7.16	836.00
	4994.16	0.00	7.10	830.00
	4994.17	0.00	7.09	828.00
	4994.18	0.00	7.11	823.00
	4994.19	0.00	7.10	821.00
	4994.20	0.00	7.14	823.00
	4994.21	0.00	7.11	826.00
	4994.23	0.00	7.10	824.00
	4994.24	0.00	7.09	824.00
	4994.25	0.00	7.04	819.00
	4994.26	0.00	7.03	817.00
	4994.27	0.00	7.07	806.00
	4994.28	0.00	7.08	806.00
	4994.29	0.00	7.09	807.00
	4994.31	0.00	7.09	804.00
	4994.32	0.00	7.08	804.00
	4994.33	0.00	7.09	802.00
	4994.34	0.00	7.05	798.00
	4994.35	0.00	7.06	798.00
	4994.37	0.00	7.06	800.00
	4994.38	0.00	7.05	798.00
	4994.39	0.00	7.14	793.00
	4994.40	0.00	7.15	788.00
	4994.41	0.00	7.14	802.00
	4994.42	0.00	7.14	799.00
	4994.43	0.00	7.13	795.00
	4994.45	0.00	7.14	799.00
	4994.46	0.00	7.14	796.00
	4994.47	0.00	7.15	794.00
	4994.48	0.00	7.16	796.00
	4994.49	0.00	7.15	794.00
	4994.50	0.00	7.22	797.00
	4994.52	0.00	7.23	798.00
	4994.53	0.00	7.18	803.00
	4994.54	0.00	7.20	801.00
	4994.55	0.00	7.16	820.00
	4994.56	0.00	6.94	898.00
	4994.57	0.00	6.87	943.00
	4994.58	0.00	6.24	1000.00
	4994.60	0.00	6.08	1110.00
	4994.61	0.00	6.01	1191.00
	4994.62	0.00	6.39	1259.00
	4994.63	0.00	6.39	1267.00
	4994.64	0.00	6.30	1269.00
	4994.66	0.00	6.33	1300.00
	4994.67	0.00	6.31	1333.00
	4994.68	0.00	6.56	1419.00
	4994.69	0.00	6.65	1478.00
	4994.70	0.00	6.66	1510.00
	4994.71	0.00	6.71	1535.00
	4994.72	0.00	6.75	1551.00
	4994.74	0.00	6.78	1558.00
	4994.75	0.00	6.81	1559.00
	4994.76	0.00	6.83	1553.00
	4994.77	0.00	6.87	1547.00
	4994.78	0.00	6.90	1534.00
	4994.79	0.00	6.94	1520.00
	4994.81	0.00	6.97	1499.00
	4994.82	0.00	7.00	1464.00
	4994.83	0.00	7.03	1442.00
	4994.84	0.00	7.08	1420.00
	4994.85	0.00	7.14	1395.00
	4994.87	0.00	6.88	1298.00
	4994.88	0.00	6.95	1278.00
	4994.89	0.00	7.03	1254.00
	4994.90	0.00	7.61	1278.00
	4994.91	0.00	7.71	1248.00
	4994.92	0.00	7.80	1240.00
	4994.93	0.00	7.88	1217.00
	4994.95	0.00	8.05	1164.00
	4994.96	0.00	8.14	1148.00
	4994.97	0.00	8.12	1125.00
	4994.98	0.00	8.16	1117.00
	4994.99	0.00	8.19	1099.00
	4995.00	0.00	8.24	1069.00
	4995.02	0.00	8.29	1059.00
	4995.03	0.00	8.31	1056.00
	4995.04	0.00	8.37	1052.00
	4995.05	0.00	8.44	1020.00
	4995.06	0.00	8.55	995.00
	4995.08	0.00	8.62	982.00
	4995.09	0.00	8.60	1002.00
	4995.10	0.00	8.69	983.00
	4995.11	0.00	8.73	980.00
	4995.12	0.00	8.74	971.00
	4995.13	0.00	8.80	963.00
	4995.14	0.00	8.82	959.00
	4995.16	0.00	8.86	960.00
	4995.17	0.00	8.90	962.00
	4995.18	0.00	8.91	961.00
	4995.19	0.00	8.92	961.00
	4995.20	0.00	8.93	963.00
	4995.21	0.00	8.98	960.00
	4995.23	0.00	8.91	951.00
	4995.24	0.00	8.86	942.00
	4995.25	0.00	8.71	918.00
	4995.26	0.00	8.64	904.00
	4995.27	0.00	8.53	889.00
	4995.28	0.00	8.49	878.00
	4995.30	0.00	8.40	862.00
	4995.31	0.00	8.27	842.00
	4995.32	0.00	8.13	823.00
	4995.33	0.00	8.08	815.00
	4995.34	0.00	7.41	770.00
	4995.35	0.00	7.29	799.00
	4995.37	0.00	7.22	818.00
	4995.38	0.00	7.16	835.00
	4995.39	0.00	7.21	839.00
	4995.40	0.00	7.18	834.00
	4995.41	0.00	7.19	835.00
	4995.42	0.00	7.19	833.00
	4995.43	0.00	7.21	836.00
	4995.45	0.00	7.21	835.00
	4995.46	0.00	7.21	837.00
	4995.47	0.00	7.20	838.00
	4995.48	0.00	7.15	837.00
	4995.49	0.00	7.16	836.00
	4995.50	0.00	7.15	835.00
	4995.52	0.00	7.18	832.00
	4995.53	0.00	7.17	830.00
	4995.54	0.00	7.19	832.00
	4995.55	0.00	7.18	832.00
	4995.56	0.00	7.16	835.00
	4995.57	0.00	7.16	834.00
	4995.59	0.00	7.09	828.00
	4995.60	0.00	7.11	827.00
	4995.61	0.00	7.11	824.00
	4995.62	0.00	7.16	807.00
	4995.63	0.00	7.16	807.00
	4995.64	0.00	7.19	807.00
	4995.65	0.00	7.21	801.00
	4995.67	0.00	7.25	790.00
	4995.68	0.00	7.23	789.00
	4995.69	0.00	7.26	781.00
	4995.70	0.00	7.23	780.00
	4995.71	0.00	7.23	780.00
	4995.72	0.00	7.20	780.00
	4995.74	0.00	7.21	779.00
	4995.75	0.00	7.21	780.00
	4995.76	0.00	7.26	782.00
	4995.77	0.00	7.21	802.00
	4995.78	0.00	7.01	865.00
	4995.79	0.00	6.94	912.00
	4995.81	0.00	6.79	974.00
	4995.82	0.00	6.18	1030.00
	4995.83	0.00	6.06	1125.00
	4995.84	0.00	6.04	1134.00
	4995.85	0.00	6.01	1178.00
	4995.86	0.00	6.00	1191.00
	4995.87	0.00	5.98	1206.00
	4995.89	0.00	5.97	1242.00
	4995.90	0.00	6.26	1331.00
	4995.91	0.00	6.26	1368.00
	4995.92	0.00	6.57	1464.00
	4995.93	0.00	6.65	1518.00
	4995.95	0.00	6.67	1549.00
	4995.96	0.00	6.70	1561.00
	4995.97	0.00	6.70	1565.00
	4995.98	0.00	6.71	1572.00
	4995.99	0.00	6.72	1576.00
	4996.00	0.00	6.72	1562.00
	4996.02	0.00	6.77	1551.00
	4996.03	0.00	6.80	1529.00
	4996.04	0.00	6.83	1503.00
	4996.05	0.00	6.85	1473.00
	4996.06	0.00	6.88	1443.00
	4996.08	0.00	7.01	1439.00
	4996.09	0.00	7.04	1418.00
	4996.10	0.00	7.08	1397.00
	4996.11	0.00	7.12	1385.00
	4996.12	0.00	7.14	1369.00
	4996.13	0.00	7.18	1356.00
	4996.14	0.00	7.23	1349.00
	4996.16	0.00	7.26	1341.00
	4996.17	0.00	7.25	1335.00
	4996.18	0.00	7.25	1330.00
	4996.19	0.00	7.28	1330.00
	4996.20	0.00	7.30	1332.00
	4996.21	0.00	7.30	1326.00
	4996.23	0.00	7.30	1328.00
	4996.24	0.00	7.30	1326.00
	4996.25	0.00	7.32	1321.00
	4996.26	0.00	7.35	1318.00
	4996.27	0.00	7.40	1312.00
	4996.29	0.00	7.48	1299.00
	4996.30	0.00	7.54	1278.00
	4996.31	0.00	7.63	1255.00
	4996.32	0.00	7.81	1207.00
	4996.33	0.00	7.93	1192.00
	4996.34	0.00	8.05	1188.00
	4996.35	0.00	8.01	1148.00
	4996.37	0.00	7.78	1006.00
	4996.38	0.00	7.94	965.00
	4996.39	0.00	8.44	1044.00
	4996.40	0.00	8.59	1010.00
	4996.41	0.00	8.63	996.00
	4996.42	0.00	8.52	987.00
	4996.44	0.00	8.59	983.00
	4996.45	0.00	8.54	971.00
	4996.46	0.00	8.55	969.00
	4996.47	0.00	8.56	963.00
	4996.48	0.00	8.47	945.00
	4996.50	0.00	8.41	919.00
	4996.51	0.00	8.32	897.00
	4996.52	0.00	8.27	879.00
	4996.53	0.00	8.27	863.00
	4996.54	0.00	8.16	842.00
	4996.55	0.00	7.93	811.00
	4996.56	0.00	7.13	747.00
	4996.58	0.00	7.08	762.00
	4996.59	0.00	6.99	786.00
	4996.60	0.00	7.05	785.00
	4996.61	0.00	6.57	738.00
	4996.62	0.00	6.56	734.00
	4996.63	0.00	7.16	775.00
	4996.64	0.00	7.17	778.00
	4996.66	0.00	7.16	783.00
	4996.67	0.00	7.19	776.00
	4996.68	0.00	7.18	779.00
	4996.69	0.00	7.17	779.00
	4996.70	0.00	7.17	783.00
	4996.71	0.00	7.16	786.00
	4996.73	0.00	7.18	783.00
	4996.74	0.00	7.20	778.00
	4996.75	0.00	7.21	780.00
	4996.76	0.00	7.22	773.00
	4996.77	0.00	7.19	781.00
	4996.79	0.00	7.21	779.00
	4996.80	0.00	7.21	776.00
	4996.81	0.00	7.24	768.00
	4996.82	0.00	7.26	767.00
	4996.83	0.00	7.26	767.00
	4996.84	0.00	7.26	766.00
	4996.85	0.00	7.26	765.00
	4996.87	0.00	7.24	762.00
	4996.88	0.00	7.25	761.00
	4996.89	0.00	7.25	760.00
	4996.90	0.00	7.26	759.00
	4996.91	0.00	7.27	759.00
	4996.92	0.00	7.27	758.00
	4996.93	0.00	7.28	758.00
	4996.95	0.00	7.28	758.00
	4996.96	0.00	7.26	761.00
	4996.97	0.00	7.26	763.00
	4996.98	0.00	7.25	765.00
	4996.99	0.00	7.22	766.00
	4997.00	0.00	7.22	766.00
	4997.02	0.00	7.21	763.00
	4997.03	0.00	7.23	765.00
	4997.04	0.00	7.26	768.00
	4997.05	0.00	7.21	781.00
	4997.06	0.00	6.87	881.00
	4997.07	0.00	6.20	973.00
	4997.09	0.00	5.88	1205.00
	4997.10	0.00	5.79	1336.00
	4997.11	0.00	5.79	1377.00
	4997.12	0.00	5.81	1380.00
	4997.13	0.00	5.79	1375.00
	4997.14	0.00	5.79	1382.00
	4997.15	0.00	5.70	1416.00
	4997.17	0.00	6.06	1505.00
	4997.18	0.00	6.42	1599.00
	4997.19	0.00	6.46	1627.00
	4997.20	0.00	6.51	1636.00
	4997.21	0.00	6.54	1635.00
	4997.23	0.00	6.56	1623.00
	4997.24	0.00	6.60	1596.00
	4997.25	0.00	6.66	1559.00
	4997.26	0.00	6.74	1513.00
	4997.27	0.00	6.81	1475.00
	4997.28	0.00	6.87	1441.00
	4997.30	0.00	6.95	1402.00
	4997.31	0.00	7.01	1360.00
	4997.32	0.00	7.08	1327.00
	4997.33	0.00	7.13	1297.00
	4997.34	0.00	7.18	1266.00
	4997.35	0.00	7.24	1245.00
	4997.37	0.00	7.28	1221.00
	4997.38	0.00	7.40	1212.00
	4997.39	0.00	7.43	1204.00
	4997.40	0.00	7.46	1198.00
	4997.41	0.00	7.58	1203.00
	4997.42	0.00	7.63	1205.00
	4997.44	0.00	7.67	1204.00
	4997.45	0.00	7.69	1201.00
	4997.46	0.00	7.70	1195.00
	4997.47	0.00	7.73	1195.00
	4997.48	0.00	7.70	1199.00
	4997.49	0.00	7.77	1168.00
	4997.51	0.00	7.82	1153.00
	4997.52	0.00	7.84	1142.00
	4997.53	0.00	7.87	1134.00
	4997.54	0.00	7.90	1121.00
	4997.55	0.00	7.99	1121.00
	4997.56	0.00	8.04	1113.00
	4997.58	0.00	8.10	1074.00
	4997.59	0.00	7.63	1010.00
	4997.60	0.00	8.23	1058.00
	4997.61	0.00	8.34	1067.00
	4997.62	0.00	8.43	1059.00
	4997.63	0.00	8.67	1024.00
	4997.65	0.00	8.55	999.00
	4997.66	0.00	8.73	994.00
	4997.67	0.00	8.76	985.00
	4997.68	0.00	8.76	980.00
	4997.69	0.00	8.71	966.00
	4997.70	0.00	8.62	944.00
	4997.71	0.00	8.50	924.00
	4997.73	0.00	8.52	913.00
	4997.74	0.00	8.57	903.00
	4997.75	0.00	8.45	877.00
	4997.76	0.00	8.20	843.00
	4997.77	0.00	7.99	819.00
	4997.79	0.00	7.21	772.00
	4997.80	0.00	7.15	800.00
	4997.81	0.00	7.16	798.00
	4997.82	0.00	7.05	820.00
	4997.83	0.00	7.09	786.00
	4997.84	0.00	7.09	783.00
	4997.85	0.00	7.12	784.00
	4997.87	0.00	7.12	785.00
	4997.88	0.00	7.14	786.00
	4997.89	0.00	7.13	786.00
	4997.90	0.00	7.12	785.00
	4997.91	0.00	7.09	783.00
	4997.92	0.00	7.05	789.00
	4997.94	0.00	7.06	786.00
	4997.95	0.00	7.07	786.00
	4997.96	0.00	7.08	783.00
	4997.97	0.00	7.06	784.00
	4997.98	0.00	7.12	789.00
	4997.99	0.00	7.11	790.00
	4998.00	0.00	7.14	787.00
	4998.02	0.00	7.15	785.00
	4998.03	0.00	6.65	735.00
	4998.04	0.00	6.64	734.00
	4998.05	0.00	6.66	731.00
	4998.06	0.00	6.65	728.00
	4998.08	0.00	6.67	726.00
	4998.09	0.00	6.71	724.00
	4998.10	0.00	6.70	725.00
	4998.11	0.00	6.69	730.00
	4998.12	0.00	6.66	728.00
	4998.13	0.00	6.68	729.00
	4998.14	0.00	6.67	732.00
	4998.16	0.00	7.16	785.00
	4998.17	0.00	7.16	784.00
	4998.18	0.00	7.15	782.00
	4998.19	0.00	7.19	785.00
	4998.20	0.00	7.17	790.00
	4998.21	0.00	7.15	795.00
	4998.22	0.00	7.15	794.00
	4998.24	0.00	7.05	814.00
	4998.25	0.00	6.35	845.00
	4998.26	0.00	6.33	911.00
	4998.27	0.00	6.11	1036.00
	4998.28	0.00	5.96	1166.00
	4998.29	0.00	5.89	1236.00
	4998.31	0.00	5.87	1261.00
	4998.32	0.00	5.83	1285.00
	4998.33	0.00	5.77	1322.00
	4998.34	0.00	5.74	1367.00
	4998.35	0.00	5.69	1417.00
	4998.37	0.00	6.06	1503.00
	4998.38	0.00	6.12	1527.00
	4998.39	0.00	6.17	1531.00
	4998.40	0.00	6.42	1580.00
	4998.41	0.00	6.44	1569.00
	4998.42	0.00	6.49	1554.00
	4998.43	0.00	6.54	1530.00
	4998.45	0.00	6.63	1508.00
	4998.46	0.00	6.75	1478.00
	4998.47	0.00	6.85	1434.00
	4998.48	0.00	6.92	1388.00
	4998.49	0.00	6.99	1341.00
	4998.50	0.00	7.06	1298.00
	4998.52	0.00	6.86	1203.00
	4998.53	0.00	6.96	1155.00
	4998.54	0.00	7.11	1097.00
	4998.55	0.00	7.19	1059.00
	4998.56	0.00	7.25	1038.00
	4998.58	0.00	7.29	1022.00
	4998.59	0.00	7.32	1008.00
	4998.60	0.00	7.32	994.00
	4998.61	0.00	7.34	981.00
	4998.62	0.00	7.38	972.00
	4998.63	0.00	7.47	939.00
	4998.64	0.00	7.38	958.00
	4998.66	0.00	7.43	956.00
	4998.67	0.00	7.51	956.00
	4998.68	0.00	8.11	1003.00
	4998.69	0.00	8.17	1001.00
	4998.70	0.00	8.18	1007.00
	4998.71	0.00	8.25	1004.00
	4998.73	0.00	8.40	987.00
	4998.74	0.00	8.40	1000.00
	4998.75	0.00	8.40	1026.00
	4998.76	0.00	8.64	998.00
	4998.77	0.00	8.69	1001.00
	4998.79	0.00	8.83	996.00
	4998.80	0.00	8.91	1007.00
	4998.81	0.00	8.99	1001.00
	4998.82	0.00	9.11	992.00
	4998.83	0.00	9.06	981.00
	4998.84	0.00	9.11	976.00
	4998.85	0.00	9.02	963.00
	4998.87	0.00	8.91	943.00
	4998.88	0.00	8.76	919.00
	4998.89	0.00	8.69	897.00
	4998.90	0.00	8.57	875.00
	4998.91	0.00	8.30	842.00
	4998.92	0.00	8.10	822.00
	4998.93	0.00	7.26	787.00
	4998.95	0.00	6.94	879.00
	4998.96	0.00	6.92	888.00
	4998.97	0.00	6.86	874.00
	4998.98	0.00	6.87	872.00
	4998.99	0.00	6.95	833.00
	4999.00	0.00	6.96	836.00
	4999.02	0.00	6.93	854.00
	4999.03	0.00	6.92	855.00
	4999.04	0.00	6.98	833.00
	4999.05	0.00	7.02	824.00
	4999.06	0.00	7.05	820.00
	4999.07	0.00	7.04	824.00
	4999.09	0.00	7.02	828.00
	4999.10	0.00	7.06	814.00
	4999.11	0.00	7.00	814.00
	4999.12	0.00	7.02	806.00
	4999.13	0.00	7.06	787.00
	4999.14	0.00	7.04	796.00
	4999.15	0.00	7.06	793.00
	4999.17	0.00	7.07	790.00
	4999.18	0.00	7.10	779.00
	4999.19	0.00	7.04	780.00
	4999.20	0.00	7.09	765.00
	4999.21	0.00	7.09	763.00
	4999.22	0.00	7.09	764.00
	4999.24	0.00	6.60	715.00
	4999.25	0.00	6.66	715.00
	4999.26	0.00	7.16	764.00
	4999.27	0.00	7.15	768.00
	4999.28	0.00	7.14	771.00
	4999.29	0.00	7.11	772.00
	4999.31	0.00	7.12	773.00
	4999.32	0.00	7.13	774.00
	4999.33	0.00	7.13	776.00
	4999.34	0.00	7.15	775.00
	4999.35	0.00	7.14	776.00
	4999.36	0.00	7.21	781.00
	4999.37	0.00	7.19	782.00
	4999.39	0.00	7.19	785.00
	4999.40	0.00	7.18	789.00
	4999.41	0.00	7.16	792.00
	4999.42	0.00	6.94	873.00
	4999.43	0.00	6.39	899.00
	4999.44	0.00	6.00	1143.00
	4999.46	0.00	5.76	1384.00
	4999.47	0.00	5.74	1441.00
	4999.48	0.00	5.77	1432.00
	4999.49	0.00	5.75	1404.00
	4999.50	0.00	5.75	1399.00
	4999.52	0.00	6.57	1568.00
	4999.53	0.00	6.64	1583.00
	4999.54	0.00	6.70	1588.00
	4999.55	0.00	6.72	1576.00
	4999.56	0.00	6.82	1579.00
	4999.57	0.00	6.86	1573.00
	4999.58	0.00	6.91	1559.00
	4999.60	0.00	6.96	1530.00
	4999.61	0.00	7.03	1501.00
	4999.62	0.00	7.07	1474.00
	4999.63	0.00	7.10	1449.00
	4999.64	0.00	7.08	1420.00
	4999.65	0.00	7.13	1391.00
	4999.67	0.00	7.15	1360.00
	4999.68	0.00	7.19	1331.00
	4999.69	0.00	7.23	1303.00
	4999.70	0.00	7.28	1273.00
	4999.71	0.00	7.30	1258.00
	4999.73	0.00	7.32	1241.00
	4999.74	0.00	7.35	1228.00
	4999.75	0.00	7.00	1142.00
	4999.76	0.00	7.05	1130.00
	4999.77	0.00	7.08	1130.00
	4999.78	0.00	7.23	1084.00
	4999.79	0.00	7.29	1078.00
	4999.81	0.00	7.36	1064.00
	4999.82	0.00	7.40	1059.00
	4999.83	0.00	7.43	1051.00
	4999.84	0.00	7.48	1044.00
	4999.85	0.00	7.56	1039.00
	4999.87	0.00	7.63	1031.00
	4999.88	0.00	7.74	1017.00
	4999.89	0.00	8.34	1072.00
	4999.90	0.00	8.45	1082.00
	4999.91	0.00	8.68	1040.00
	4999.92	0.00	8.77	1060.00
	4999.93	0.00	8.80	1088.00
	4999.95	0.00	8.97	1073.00
	4999.96	0.00	9.12	1052.00
	4999.97	0.00	9.18	1057.00
	4999.98	0.00	9.28	1055.00
	4999.99	0.00	9.32	1035.00
	5000.00	0.00	9.23	1020.00
	5000.02	0.00	9.06	989.00
	5000.03	0.00	8.79	947.00
	5000.04	0.00	8.53	903.00
	5000.05	0.00	8.46	885.00
	5000.06	0.00	8.36	861.00
	5000.08	0.00	8.14	830.00
	5000.09	0.00	7.28	756.00
	5000.10	0.00	7.17	749.00
	5000.11	0.00	7.04	805.00
	5000.12	0.00	7.00	834.00
	5000.13	0.00	6.97	840.00
	5000.14	0.00	6.99	842.00
	5000.16	0.00	6.99	835.00
	5000.17	0.00	7.03	825.00
	5000.18	0.00	7.03	822.00
	5000.19	0.00	7.02	827.00
	5000.20	0.00	7.06	830.00
	5000.21	0.00	7.10	832.00
	5000.22	0.00	7.07	839.00
	5000.24	0.00	7.07	839.00
	5000.25	0.00	7.05	837.00
	5000.26	0.00	7.06	839.00
	5000.27	0.00	7.08	829.00
	5000.28	0.00	7.07	824.00
	5000.29	0.00	7.08	822.00
	5000.31	0.00	7.05	826.00
	5000.32	0.00	7.09	828.00
	5000.33	0.00	7.09	821.00
	5000.34	0.00	7.08	818.00
	5000.35	0.00	7.07	818.00
	5000.37	0.00	7.07	805.00
	5000.38	0.00	7.12	786.00
	5000.39	0.00	7.14	776.00
	5000.40	0.00	7.14	774.00
	5000.41	0.00	7.13	778.00
	5000.42	0.00	7.15	776.00
	5000.43	0.00	7.15	775.00
	5000.44	0.00	7.16	776.00
	5000.46	0.00	7.11	773.00
	5000.47	0.00	7.09	770.00
	5000.48	0.00	7.10	766.00
	5000.49	0.00	7.11	766.00
	5000.50	0.00	7.10	767.00
	5000.52	0.00	7.10	768.00
	5000.53	0.00	7.13	769.00
	5000.54	0.00	7.12	768.00
	5000.55	0.00	7.12	768.00
	5000.56	0.00	7.12	768.00
	5000.57	0.00	7.12	768.00
	5000.58	0.00	7.11	767.00
	5000.60	0.00	6.99	795.00
	5000.61	0.00	6.34	872.00
	5000.62	0.00	6.04	1065.00
	5000.63	0.00	5.82	1282.00
	5000.64	0.00	5.78	1366.00
	5000.65	0.00	5.81	1365.00
	5000.67	0.00	5.83	1354.00
	5000.68	0.00	5.81	1354.00
	5000.69	0.00	5.74	1390.00
	5000.70	0.00	6.09	1484.00
	5000.71	0.00	6.13	1509.00
	5000.72	0.00	6.45	1581.00
	5000.73	0.00	6.52	1603.00
	5000.75	0.00	6.55	1606.00
	5000.76	0.00	6.60	1597.00
	5000.77	0.00	6.69	1596.00
	5000.78	0.00	6.74	1579.00
	5000.79	0.00	6.78	1561.00
	5000.81	0.00	6.87	1546.00
	5000.82	0.00	6.90	1528.00
	5000.83	0.00	6.90	1508.00
	5000.84	0.00	6.89	1476.00
	5000.85	0.00	6.55	1400.00
	5000.86	0.00	6.59	1378.00
	5000.88	0.00	6.63	1361.00
	5000.89	0.00	6.64	1340.00
	5000.90	0.00	6.68	1330.00
	5000.91	0.00	6.73	1314.00
	5000.92	0.00	6.79	1305.00
	5000.93	0.00	6.83	1291.00
	5000.94	0.00	6.86	1294.00
	5000.96	0.00	6.92	1290.00
	5000.97	0.00	7.00	1270.00
	5000.98	0.00	7.11	1257.00
	5000.99	0.00	7.18	1242.00
	5001.00	0.00	7.29	1221.00
	5001.02	0.00	7.36	1205.00
	5001.03	0.00	7.47	1183.00
	5001.04	0.00	7.54	1160.00
	5001.05	0.00	7.61	1144.00
	5001.06	0.00	8.16	1172.00
	5001.07	0.00	8.25	1162.00
	5001.08	0.00	8.34	1156.00
	5001.10	0.00	8.44	1148.00
	5001.11	0.00	8.49	1140.00
	5001.12	0.00	8.61	1144.00
	5001.13	0.00	8.81	1115.00
	5001.14	0.00	8.88	1102.00
	5001.15	0.00	8.94	1108.00
	5001.17	0.00	9.07	1082.00
	5001.18	0.00	9.16	1061.00
	5001.19	0.00	9.25	1033.00
	5001.20	0.00	9.22	1015.00
	5001.21	0.00	9.08	985.00
	5001.22	0.00	8.91	958.00
	5001.24	0.00	8.74	925.00
	5001.25	0.00	8.68	906.00
	5001.26	0.00	8.56	884.00
	5001.27	0.00	8.45	863.00
	5001.28	0.00	7.52	783.00
	5001.29	0.00	7.19	787.00
	5001.31	0.00	6.99	840.00
	5001.32	0.00	6.85	899.00
	5001.33	0.00	6.74	883.00
	5001.34	0.00	6.73	884.00
	5001.35	0.00	6.77	865.00
	5001.37	0.00	6.82	851.00
	5001.38	0.00	6.82	848.00
	5001.39	0.00	6.80	851.00
	5001.40	0.00	6.78	848.00
	5001.41	0.00	6.77	846.00
	5001.42	0.00	6.78	848.00
	5001.43	0.00	6.78	848.00
	5001.45	0.00	6.83	843.00
	5001.46	0.00	6.85	838.00
	5001.47	0.00	6.83	847.00
	5001.48	0.00	6.85	841.00
	5001.49	0.00	6.89	821.00
	5001.50	0.00	6.85	834.00
	5001.52	0.00	6.90	820.00
	5001.53	0.00	6.46	767.00
	5001.54	0.00	7.02	798.00
	5001.55	0.00	7.04	793.00
	5001.56	0.00	7.03	795.00
	5001.57	0.00	7.00	802.00
	5001.58	0.00	7.06	791.00
	5001.60	0.00	7.04	790.00
	5001.61	0.00	7.06	784.00
	5001.62	0.00	7.10	772.00
	5001.63	0.00	7.09	767.00
	5001.64	0.00	7.09	768.00
	5001.65	0.00	6.62	720.00
	5001.67	0.00	7.10	774.00
	5001.68	0.00	7.09	773.00
	5001.69	0.00	7.12	775.00
	5001.70	0.00	7.13	773.00
	5001.71	0.00	7.13	776.00
	5001.72	0.00	7.11	777.00
	5001.74	0.00	7.09	780.00
	5001.75	0.00	7.02	801.00
	5001.76	0.00	6.75	887.00
	5001.77	0.00	6.28	902.00
	5001.78	0.00	6.04	1067.00
	5001.79	0.00	5.82	1271.00
	5001.80	0.00	5.71	1376.00
	5001.82	0.00	5.67	1390.00
	5001.83	0.00	6.03	1429.00
	5001.84	0.00	6.06	1432.00
	5001.85	0.00	6.18	1493.00
	5001.86	0.00	6.30	1516.00
	5001.87	0.00	6.63	1582.00
	5001.89	0.00	6.73	1583.00
	5001.90	0.00	6.79	1561.00
	5001.91	0.00	6.93	1527.00
	5001.92	0.00	7.00	1487.00
	5001.93	0.00	7.07	1436.00
	5001.95	0.00	7.15	1392.00
	5001.96	0.00	7.20	1341.00
	5001.97	0.00	7.28	1293.00
	5001.98	0.00	7.31	1254.00
	5001.99	0.00	7.37	1211.00
	5002.00	0.00	7.38	1143.00
	5002.02	0.00	7.14	1069.00
	5002.03	0.00	7.19	1047.00
	5002.04	0.00	7.18	1023.00
	5002.05	0.00	7.16	1010.00
	5002.06	0.00	7.18	1003.00
	5002.07	0.00	7.18	1000.00
	5002.08	0.00	7.19	1005.00
	5002.10	0.00	7.77	1061.00
	5002.11	0.00	7.75	1067.00
	5002.12	0.00	7.75	1080.00
	5002.13	0.00	7.17	1047.00
	5002.14	0.00	7.15	1068.00
	5002.15	0.00	7.77	1131.00
	5002.17	0.00	7.77	1138.00
	5002.18	0.00	7.86	1148.00
	5002.19	0.00	7.90	1151.00
	5002.20	0.00	7.94	1166.00
	5002.21	0.00	8.05	1162.00
	5002.22	0.00	8.13	1152.00
	5002.24	0.00	8.23	1145.00
	5002.25	0.00	8.34	1135.00
	5002.26	0.00	8.46	1135.00
	5002.27	0.00	8.58	1136.00
	5002.28	0.00	8.65	1132.00
	5002.29	0.00	8.74	1135.00
	5002.31	0.00	8.76	1132.00
	5002.32	0.00	8.82	1129.00
	5002.33	0.00	8.98	1087.00
	5002.34	0.00	9.03	1092.00
	5002.35	0.00	9.13	1084.00
	5002.36	0.00	9.14	1093.00
	5002.38	0.00	9.22	1066.00
	5002.39	0.00	9.32	1031.00
	5002.40	0.00	9.32	1028.00
	5002.41	0.00	9.22	1010.00
	5002.42	0.00	9.07	980.00
	5002.43	0.00	8.81	944.00
	5002.44	0.00	8.62	921.00
	5002.46	0.00	8.38	889.00
	5002.47	0.00	7.47	825.00
	5002.48	0.00	7.19	844.00
	5002.49	0.00	7.05	867.00
	5002.50	0.00	7.00	870.00
	5002.52	0.00	6.97	864.00
	5002.53	0.00	6.98	863.00
	5002.54	0.00	6.98	862.00
	5002.55	0.00	6.94	858.00
	5002.56	0.00	6.94	858.00
	5002.57	0.00	6.96	852.00
	5002.58	0.00	6.96	852.00
	5002.60	0.00	6.96	851.00
	5002.61	0.00	6.96	851.00
	5002.62	0.00	6.97	853.00
	5002.63	0.00	6.98	853.00
	5002.64	0.00	6.97	859.00
	5002.65	0.00	6.96	854.00
	5002.66	0.00	6.91	850.00
	5002.68	0.00	6.92	848.00
	5002.69	0.00	6.94	833.00
	5002.70	0.00	6.95	832.00
	5002.71	0.00	6.94	832.00
	5002.72	0.00	6.96	828.00
	5002.73	0.00	6.97	822.00
	5002.75	0.00	7.00	808.00
	5002.76	0.00	7.00	807.00
	5002.77	0.00	7.00	805.00
	5002.78	0.00	6.97	801.00
	5002.79	0.00	6.98	799.00
	5002.81	0.00	6.99	798.00
	5002.82	0.00	7.00	797.00
	5002.83	0.00	7.05	799.00
	5002.84	0.00	7.06	799.00
	5002.85	0.00	7.03	808.00
	5002.86	0.00	7.02	808.00
	5002.87	0.00	7.04	808.00
	5002.89	0.00	7.01	809.00
	5002.90	0.00	7.00	808.00
	5002.91	0.00	7.02	814.00
	5002.92	0.00	7.01	813.00
	5002.93	0.00	7.00	811.00
	5002.94	0.00	7.01	815.00
	5002.95	0.00	7.02	837.00
	5002.97	0.00	6.96	855.00
	5002.98	0.00	6.87	892.00
	5002.99	0.00	6.78	933.00
	5003.00	0.00	6.70	974.00
	5003.01	0.00	6.63	1006.00
	5003.02	0.00	6.60	1030.00
	5003.04	0.00	7.00	1137.00
	5003.05	0.00	7.08	1166.00
	5003.06	0.00	7.18	1201.00
	5003.07	0.00	7.28	1226.00
	5003.08	0.00	7.39	1255.00
	5003.10	0.00	7.43	1269.00
	5003.11	0.00	7.46	1283.00
	5003.12	0.00	7.48	1288.00
	5003.13	0.00	7.49	1294.00
	5003.14	0.00	7.47	1298.00
	5003.15	0.00	7.47	1307.00
	5003.16	0.00	7.47	1314.00
	5003.17	0.00	7.46	1317.00
	5003.19	0.00	7.49	1315.00
	5003.20	0.00	7.50	1317.00
	5003.21	0.00	7.51	1320.00
	5003.22	0.00	7.53	1327.00
	5003.23	0.00	7.53	1328.00
	5003.25	0.00	7.54	1332.00
	5003.26	0.00	7.54	1332.00
	5003.27	0.00	7.46	1340.00
	5003.28	0.00	7.43	1345.00
	5003.29	0.00	7.42	1350.00
	5003.30	0.00	7.39	1352.00
	5003.32	0.00	7.35	1354.00
	5003.33	0.00	7.34	1356.00
	5003.34	0.00	7.33	1352.00
	5003.35	0.00	7.43	1347.00
	5003.36	0.00	7.42	1347.00
	5003.37	0.00	7.43	1349.00
	5003.38	0.00	7.44	1349.00
	5003.40	0.00	7.45	1350.00
	5003.41	0.00	7.44	1347.00
	5003.42	0.00	7.36	1330.00
	5003.43	0.00	7.36	1332.00
	5003.44	0.00	7.35	1329.00
	5003.45	0.00	7.33	1326.00
	5003.47	0.00	7.33	1324.00
	5003.48	0.00	7.34	1323.00
	5003.49	0.00	7.34	1321.00
	5003.50	0.00	7.34	1318.00
	5003.51	0.00	7.35	1316.00
	5003.53	0.00	7.36	1314.00
	5003.54	0.00	7.41	1316.00
	5003.55	0.00	7.42	1311.00
	5003.56	0.00	7.42	1307.00
	5003.57	0.00	7.39	1323.00
	5003.58	0.00	7.40	1318.00
	5003.60	0.00	7.40	1314.00
	5003.61	0.00	7.40	1307.00
	5003.62	0.00	7.40	1301.00
	5003.63	0.00	7.40	1297.00
	5003.64	0.00	7.39	1292.00
	5003.65	0.00	7.49	1299.00
	5003.66	0.00	7.49	1295.00
	5003.68	0.00	7.50	1292.00
	5003.69	0.00	7.51	1290.00
	5003.70	0.00	7.58	1290.00
	5003.71	0.00	7.59	1288.00
	5003.72	0.00	7.60	1287.00
	5003.73	0.00	7.59	1287.00
	5003.75	0.00	7.61	1286.00
	5003.76	0.00	7.61	1284.00
	5003.77	0.00	7.61	1284.00
	5003.78	0.00	7.58	1292.00
	5003.79	0.00	7.59	1298.00
	5003.81	0.00	7.58	1298.00
	5003.82	0.00	7.58	1296.00
	5003.83	0.00	7.60	1297.00
	5003.84	0.00	7.58	1295.00
	5003.85	0.00	7.58	1293.00
	5003.87	0.00	7.57	1294.00
	5003.88	0.00	7.58	1294.00
	5003.89	0.00	7.58	1294.00
	5003.90	0.00	7.56	1291.00
	5003.91	0.00	7.56	1292.00
	5003.92	0.00	7.56	1290.00
	5003.93	0.00	7.54	1285.00
	5003.95	0.00	7.59	1300.00
	5003.96	0.00	7.59	1300.00
	5003.97	0.00	7.59	1298.00
	5003.98	0.00	7.59	1299.00
	5003.99	0.00	7.60	1301.00
	5004.00	0.00	7.60	1301.00
	5004.02	0.00	7.59	1303.00
	5004.03	0.00	7.54	1298.00
	5004.04	0.00	7.58	1309.00
	5004.05	0.00	7.58	1306.00
	5004.06	0.00	7.56	1309.00
	5004.08	0.00	7.54	1309.00
	5004.09	0.00	7.54	1309.00
	5004.10	0.00	7.53	1308.00
	5004.11	0.00	7.53	1309.00
	5004.12	0.00	7.56	1300.00
	5004.13	0.00	7.54	1301.00
	5004.14	0.00	7.54	1300.00
	5004.16	0.00	7.56	1304.00
	5004.17	0.00	7.56	1304.00
	5004.18	0.00	7.56	1304.00
	5004.19	0.00	7.58	1305.00
	5004.20	0.00	7.51	1302.00
	5004.21	0.00	7.50	1306.00
	5004.23	0.00	7.49	1305.00
	5004.24	0.00	7.44	1299.00
	5004.25	0.00	7.44	1295.00
	5004.26	0.00	7.42	1293.00
	5004.27	0.00	7.51	1286.00
	5004.28	0.00	7.52	1287.00
	5004.30	0.00	7.52	1288.00
	5004.31	0.00	7.52	1289.00
	5004.32	0.00	7.54	1291.00
	5004.33	0.00	7.53	1294.00
	5004.34	0.00	7.53	1295.00
	5004.35	0.00	7.47	1281.00
	5004.37	0.00	7.45	1277.00
	5004.38	0.00	7.42	1273.00
	5004.39	0.00	7.43	1275.00
	5004.40	0.00	7.41	1273.00
	5004.41	0.00	7.41	1273.00
	5004.42	0.00	7.41	1273.00
	5004.44	0.00	7.42	1271.00
	5004.45	0.00	7.41	1273.00
	5004.46	0.00	7.41	1274.00
	5004.47	0.00	7.42	1275.00
	5004.48	0.00	7.45	1275.00
	5004.49	0.00	7.47	1276.00
	5004.51	0.00	7.46	1277.00
	5004.52	0.00	7.46	1278.00
	5004.53	0.00	7.47	1278.00
	5004.54	0.00	7.42	1297.00
	5004.55	0.00	7.43	1295.00
	5004.56	0.00	7.42	1297.00
	5004.58	0.00	7.40	1297.00
	5004.59	0.00	7.40	1293.00
	5004.60	0.00	7.45	1302.00
	5004.61	0.00	7.46	1301.00
	5004.62	0.00	7.48	1301.00
	5004.63	0.00	7.48	1302.00
	5004.65	0.00	7.54	1306.00
	5004.66	0.00	7.54	1303.00
	5004.67	0.00	7.56	1304.00
	5004.68	0.00	7.57	1304.00
	5004.69	0.00	7.53	1317.00
	5004.70	0.00	7.52	1317.00
	5004.72	0.00	7.51	1316.00
	5004.73	0.00	7.51	1316.00
	5004.74	0.00	7.51	1316.00
	5004.75	0.00	7.49	1313.00
	5004.76	0.00	7.54	1321.00
	5004.77	0.00	7.53	1327.00
	5004.79	0.00	7.53	1328.00
	5004.80	0.00	7.53	1329.00
	5004.81	0.00	7.53	1326.00
	5004.82	0.00	7.54	1332.00
	5004.83	0.00	7.53	1332.00
	5004.85	0.00	7.53	1333.00
	5004.86	0.00	7.53	1333.00
	5004.87	0.00	7.48	1331.00
	5004.88	0.00	7.52	1339.00
	5004.89	0.00	7.51	1340.00
	5004.90	0.00	7.48	1339.00
	5004.91	0.00	7.47	1338.00
	5004.92	0.00	7.47	1340.00
	5004.94	0.00	7.49	1330.00
	5004.95	0.00	7.49	1331.00
	5004.96	0.00	7.49	1331.00
	5004.97	0.00	7.49	1330.00
	5004.98	0.00	7.51	1334.00
	5005.00	0.00	7.52	1334.00
	5005.01	0.00	7.45	1335.00
	5005.02	0.00	7.44	1335.00
	5005.03	0.00	7.44	1334.00
	5005.04	0.00	7.44	1336.00
	5005.05	0.00	7.38	1326.00
	5005.07	0.00	7.37	1320.00
	5005.08	0.00	7.43	1322.00
	5005.09	0.00	7.46	1314.00
	5005.10	0.00	7.47	1314.00
	5005.11	0.00	7.47	1315.00
	5005.12	0.00	7.49	1318.00
	5005.13	0.00	7.49	1318.00
	5005.15	0.00	7.50	1319.00
	5005.16	0.00	7.40	1298.00
	5005.17	0.00	7.40	1298.00
	5005.18	0.00	7.37	1291.00
	5005.19	0.00	7.40	1298.00
	5005.21	0.00	7.39	1295.00
	5005.22	0.00	7.37	1294.00
	5005.23	0.00	7.37	1294.00
	5005.24	0.00	7.38	1292.00
	5005.25	0.00	7.38	1292.00
	5005.26	0.00	7.38	1292.00
	5005.28	0.00	7.40	1291.00
	5005.29	0.00	7.43	1294.00
	5005.30	0.00	7.45	1293.00
	5005.31	0.00	7.44	1293.00
	5005.32	0.00	7.37	1312.00
	5005.33	0.00	7.36	1310.00
	5005.35	0.00	7.39	1314.00
	5005.36	0.00	7.39	1311.00
	5005.37	0.00	7.37	1309.00
	5005.38	0.00	7.38	1308.00
	5005.39	0.00	7.38	1306.00
	5005.40	0.00	7.36	1301.00
	5005.42	0.00	7.46	1316.00
	5005.43	0.00	7.47	1314.00
	5005.44	0.00	7.48	1314.00
	5005.45	0.00	7.50	1315.00
	5005.46	0.00	7.54	1317.00
	5005.47	0.00	7.54	1316.00
	5005.49	0.00	7.56	1314.00
	5005.50	0.00	7.53	1327.00
	5005.51	0.00	7.53	1325.00
	5005.52	0.00	7.52	1324.00
	5005.53	0.00	7.51	1323.00
	5005.54	0.00	7.51	1319.00
	5005.56	0.00	7.49	1313.00
	5005.57	0.00	7.56	1325.00
	5005.58	0.00	7.54	1330.00
	5005.59	0.00	7.53	1329.00
	5005.60	0.00	7.54	1330.00
	5005.61	0.00	7.56	1332.00
	5005.63	0.00	7.55	1330.00
	5005.64	0.00	7.56	1330.00
	5005.65	0.00	7.54	1326.00
	5005.66	0.00	7.54	1335.00
	5005.67	0.00	7.54	1333.00
	5005.68	0.00	7.55	1333.00
	5005.70	0.00	7.54	1333.00
	5005.71	0.00	7.51	1330.00
	5005.72	0.00	7.51	1332.00
	5005.73	0.00	7.50	1332.00
	5005.74	0.00	7.52	1323.00
	5005.75	0.00	7.52	1322.00
	5005.77	0.00	7.52	1321.00
	5005.78	0.00	7.55	1322.00
	5005.79	0.00	7.55	1323.00
	5005.80	0.00	7.56	1323.00
	5005.81	0.00	7.48	1324.00
	5005.82	0.00	7.48	1325.00
	5005.83	0.00	7.42	1317.00
	5005.85	0.00	7.41	1315.00
	5005.86	0.00	7.40	1309.00
	5005.87	0.00	7.41	1308.00
	5005.88	0.00	7.49	1300.00
	5005.89	0.00	7.51	1302.00
	5005.90	0.00	7.53	1304.00
	5005.92	0.00	7.53	1306.00
	5005.93	0.00	7.53	1306.00
	5005.94	0.00	7.54	1307.00
	5005.95	0.00	7.44	1284.00
	5005.96	0.00	7.44	1284.00
	5005.97	0.00	7.45	1284.00
	5005.99	0.00	7.42	1278.00
	5006.00	0.00	7.41	1279.00
	5006.01	0.00	7.42	1279.00
	5006.02	0.00	7.43	1276.00
	5006.03	0.00	7.43	1277.00
	5006.04	0.00	7.43	1276.00
	5006.06	0.00	7.43	1274.00
	5006.07	0.00	7.43	1276.00
	5006.08	0.00	7.48	1277.00
	5006.09	0.00	7.49	1276.00
	5006.10	0.00	7.49	1276.00
	5006.12	0.00	7.50	1275.00
	5006.13	0.00	7.44	1295.00
	5006.14	0.00	7.44	1294.00
	5006.15	0.00	7.45	1295.00
	5006.16	0.00	7.42	1292.00
	5006.17	0.00	7.41	1289.00
	5006.18	0.00	7.42	1287.00
	5006.20	0.00	7.50	1299.00
	5006.21	0.00	7.50	1297.00
	5006.22	0.00	7.51	1296.00
	5006.23	0.00	7.57	1300.00
	5006.24	0.00	7.58	1301.00
	5006.25	0.00	7.59	1301.00
	5006.27	0.00	7.60	1299.00
	5006.28	0.00	7.59	1301.00
	5006.29	0.00	7.56	1312.00
	5006.30	0.00	7.57	1312.00
	5006.31	0.00	7.55	1310.00
	5006.33	0.00	7.55	1309.00
	5006.34	0.00	7.52	1301.00
	5006.35	0.00	7.51	1297.00
	5006.36	0.00	7.52	1298.00
	5006.37	0.00	7.58	1316.00
	5006.38	0.00	7.58	1317.00
	5006.39	0.00	7.57	1316.00
	5006.41	0.00	7.59	1320.00
	5006.42	0.00	7.58	1319.00
	5006.43	0.00	7.57	1318.00
	5006.44	0.00	7.58	1323.00
	5006.45	0.00	7.57	1322.00
	5006.46	0.00	7.58	1321.00
	5006.48	0.00	7.58	1322.00
	5006.49	0.00	7.54	1320.00
	5006.50	0.00	7.54	1320.00
	5006.51	0.00	7.53	1316.00
	5006.52	0.00	7.57	1307.00
	5006.54	0.00	7.56	1307.00
	5006.55	0.00	7.57	1305.00
	5006.56	0.00	7.59	1308.00
	5006.57	0.00	7.59	1307.00
	5006.58	0.00	7.52	1307.00
	5006.59	0.00	7.50	1305.00
	5006.60	0.00	7.50	1306.00
	5006.62	0.00	7.45	1298.00
	5006.63	0.00	7.45	1299.00
	5006.64	0.00	7.44	1294.00
	5006.65	0.00	7.44	1294.00
	5006.66	0.00	7.45	1291.00
	5006.67	0.00	7.45	1291.00
	5006.69	0.00	7.55	1288.00
	5006.70	0.00	7.55	1287.00
	5006.71	0.00	7.55	1287.00
	5006.72	0.00	7.57	1290.00
	5006.73	0.00	7.57	1292.00
	5006.75	0.00	7.54	1284.00
	5006.76	0.00	7.48	1271.00
	5006.77	0.00	7.47	1270.00
	5006.78	0.00	7.48	1270.00
	5006.79	0.00	7.47	1269.00
	5006.80	0.00	7.45	1267.00
	5006.81	0.00	7.45	1267.00
	5006.83	0.00	7.46	1267.00
	5006.84	0.00	7.46	1266.00
	5006.85	0.00	7.47	1266.00
	5006.86	0.00	7.46	1267.00
	5006.87	0.00	7.47	1266.00
	5006.88	0.00	7.52	1271.00
	5006.90	0.00	7.52	1268.00
	5006.91	0.00	7.49	1279.00
	5006.92	0.00	7.47	1289.00
	5006.93	0.00	7.48	1289.00
	5006.94	0.00	7.47	1288.00
	5006.95	0.00	7.47	1287.00
	5006.97	0.00	7.46	1287.00
	5006.98	0.00	7.45	1285.00
	5006.99	0.00	7.43	1279.00
	5007.00	0.00	7.53	1292.00
	5007.01	0.00	7.54	1293.00
	5007.02	0.00	7.56	1289.00
	5007.04	0.00	7.60	1294.00
	5007.05	0.00	7.61	1296.00
	5007.06	0.00	7.61	1295.00
	5007.07	0.00	7.63	1294.00
	5007.08	0.00	7.58	1307.00
	5007.09	0.00	7.58	1306.00
	5007.11	0.00	7.58	1304.00
	5007.12	0.00	7.57	1307.00
	5007.13	0.00	7.56	1301.00
	5007.14	0.00	7.54	1292.00
	5007.15	0.00	7.55	1294.00
	5007.16	0.00	7.59	1313.00
	5007.18	0.00	7.60	1313.00
	5007.19	0.00	7.59	1313.00
	5007.20	0.00	7.61	1315.00
	5007.21	0.00	7.61	1315.00
	5007.22	0.00	7.60	1315.00
	5007.23	0.00	7.59	1313.00
	5007.25	0.00	7.60	1321.00
	5007.26	0.00	7.60	1321.00
	5007.27	0.00	7.58	1319.00
	5007.28	0.00	7.55	1318.00
	5007.29	0.00	7.55	1319.00
	5007.30	0.00	7.55	1319.00
	5007.32	0.00	7.57	1310.00
	5007.33	0.00	7.58	1312.00
	5007.34	0.00	7.57	1313.00
	5007.35	0.00	7.57	1311.00
	5007.36	0.00	7.60	1314.00
	5007.37	0.00	7.60	1313.00
	5007.39	0.00	7.58	1310.00
	5007.40	0.00	7.53	1316.00
	5007.41	0.00	7.52	1314.00
	5007.42	0.00	7.52	1314.00
	5007.43	0.00	7.51	1313.00
	5007.44	0.00	7.46	1308.00
	5007.46	0.00	7.45	1305.00
	5007.47	0.00	7.46	1297.00
	5007.48	0.00	7.55	1294.00
	5007.49	0.00	7.55	1294.00
	5007.50	0.00	7.56	1297.00
	5007.51	0.00	7.57	1296.00
	5007.53	0.00	7.57	1297.00
	5007.54	0.00	7.58	1301.00
	5007.55	0.00	7.58	1299.00
	5007.56	0.00	7.49	1277.00
	5007.57	0.00	7.48	1278.00
	5007.58	0.00	7.47	1278.00
	5007.60	0.00	7.45	1274.00
	5007.61	0.00	7.46	1275.00
	5007.62	0.00	7.46	1273.00
	5007.63	0.00	7.47	1274.00
	5007.64	0.00	7.46	1273.00
	5007.65	0.00	7.51	1275.00
	5007.67	0.00	7.51	1274.00
	5007.68	0.00	7.52	1276.00
	5007.69	0.00	7.51	1278.00
	5007.70	0.00	7.47	1295.00
	5007.71	0.00	7.48	1296.00
	5007.72	0.00	7.48	1292.00
	5007.73	0.00	7.45	1293.00
	5007.75	0.00	7.44	1289.00
	5007.76	0.00	7.44	1285.00
	5007.77	0.00	7.53	1298.00
	5007.78	0.00	7.54	1297.00
	5007.79	0.00	7.53	1296.00
	5007.81	0.00	7.60	1301.00
	5007.82	0.00	7.61	1302.00
	5007.83	0.00	7.62	1301.00
	5007.84	0.00	7.62	1300.00
	5007.85	0.00	7.59	1313.00
	5007.86	0.00	7.59	1313.00
	5007.88	0.00	7.59	1313.00
	5007.89	0.00	7.60	1313.00
	5007.90	0.00	7.57	1312.00
	5007.91	0.00	7.57	1311.00
	5007.92	0.00	7.56	1309.00
	5007.93	0.00	7.54	1303.00
	5007.95	0.00	7.59	1319.00
	5007.96	0.00	7.59	1319.00
	5007.97	0.00	7.59	1319.00
	5007.98	0.00	7.59	1318.00
	5007.99	0.00	7.61	1320.00
	5008.00	0.00	7.61	1321.00
	5008.02	0.00	7.60	1321.00
	5008.03	0.00	7.55	1314.00
	5008.04	0.00	7.59	1324.00
	5008.05	0.00	7.59	1323.00
	5008.06	0.00	7.56	1325.00
	5008.07	0.00	7.56	1324.00
	5008.09	0.00	7.56	1325.00
	5008.10	0.00	7.54	1322.00
	5008.11	0.00	7.57	1319.00
	5008.12	0.00	7.57	1314.00
	5008.13	0.00	7.57	1315.00
	5008.14	0.00	7.60	1318.00
	5008.16	0.00	7.60	1315.00
	5008.17	0.00	7.61	1313.00
	5008.18	0.00	7.53	1316.00
	5008.19	0.00	7.53	1315.00
	5008.20	0.00	7.53	1317.00
	5008.21	0.00	7.53	1315.00
	5008.23	0.00	7.48	1306.00
	5008.24	0.00	7.45	1302.00
	5008.25	0.00	7.46	1293.00
	5008.26	0.00	7.56	1290.00
	5008.27	0.00	7.57	1290.00
	5008.28	0.00	7.56	1289.00
	5008.29	0.00	7.58	1290.00
	5008.31	0.00	7.60	1287.00
	5008.32	0.00	7.60	1292.00
	5008.33	0.00	7.60	1291.00
	5008.34	0.00	7.50	1268.00
	5008.35	0.00	7.51	1271.00
	5008.37	0.00	7.50	1268.00
	5008.38	0.00	7.52	1270.00
	5008.39	0.00	7.48	1264.00
	5008.40	0.00	7.49	1266.00
	5008.41	0.00	7.48	1263.00
	5008.42	0.00	7.49	1263.00
	5008.44	0.00	7.51	1264.00
	5008.45	0.00	7.52	1263.00
	5008.46	0.00	7.55	1265.00
	5008.47	0.00	7.55	1263.00
	5008.48	0.00	7.55	1262.00
	5008.49	0.00	7.53	1263.00
	5008.50	0.00	7.51	1283.00
	5008.52	0.00	7.51	1282.00
	5008.53	0.00	7.50	1282.00
	5008.54	0.00	7.48	1280.00
	5008.55	0.00	7.48	1276.00
	5008.56	0.00	7.46	1273.00
	5008.58	0.00	7.57	1287.00
	5008.59	0.00	7.57	1289.00
	5008.60	0.00	7.58	1288.00
	5008.61	0.00	7.60	1288.00
	5008.62	0.00	7.65	1291.00
	5008.63	0.00	7.65	1291.00
	5008.65	0.00	7.67	1288.00
	5008.66	0.00	7.62	1302.00
	5008.67	0.00	7.62	1300.00
	5008.68	0.00	7.63	1302.00
	5008.69	0.00	7.61	1303.00
	5008.70	0.00	7.61	1300.00
	5008.71	0.00	7.59	1294.00
	5008.73	0.00	7.65	1305.00
	5008.74	0.00	7.64	1306.00
	5008.75	0.00	7.62	1309.00
	5008.76	0.00	7.64	1313.00
	5008.77	0.00	7.64	1310.00
	5008.79	0.00	7.63	1310.00
	5008.80	0.00	7.64	1310.00
	5008.81	0.00	7.64	1315.00
	5008.82	0.00	7.62	1315.00
	5008.83	0.00	7.63	1315.00
	5008.84	0.00	7.59	1314.00
	5008.85	0.00	7.58	1313.00
	5008.87	0.00	7.59	1312.00
	5008.88	0.00	7.59	1313.00
	5008.89	0.00	7.59	1309.00
	5008.90	0.00	7.62	1302.00
	5008.91	0.00	7.62	1302.00
	5008.92	0.00	7.61	1302.00
	5008.94	0.00	7.61	1302.00
	5008.95	0.00	7.63	1304.00
	5008.96	0.00	7.64	1304.00
	5008.97	0.00	7.65	1303.00
	5008.98	0.00	7.58	1307.00
	5009.00	0.00	7.57	1302.00
	5009.01	0.00	7.56	1301.00
	5009.02	0.00	7.51	1293.00
	5009.03	0.00	7.51	1292.00
	5009.04	0.00	7.51	1290.00
	5009.05	0.00	7.50	1290.00
	5009.06	0.00	7.53	1283.00
	5009.08	0.00	7.61	1278.00
	5009.09	0.00	7.61	1281.00
	5009.10	0.00	7.62	1280.00
	5009.11	0.00	7.63	1283.00
	5009.12	0.00	7.62	1281.00
	5009.13	0.00	7.57	1284.00
	5009.15	0.00	7.63	1285.00
	5009.16	0.00	7.55	1264.00
	5009.17	0.00	7.54	1262.00
	5009.18	0.00	7.54	1262.00
	5009.19	0.00	7.52	1258.00
	5009.20	0.00	7.52	1258.00
	5009.22	0.00	7.52	1259.00
	5009.23	0.00	7.52	1258.00
	5009.24	0.00	7.52	1257.00
	5009.25	0.00	7.52	1257.00
	5009.26	0.00	7.54	1257.00
	5009.27	0.00	7.56	1258.00
	5009.29	0.00	7.58	1258.00
	5009.30	0.00	7.59	1256.00
	5009.31	0.00	7.56	1266.00
	5009.32	0.00	7.54	1279.00
	5009.33	0.00	7.54	1277.00
	5009.35	0.00	7.54	1277.00
	5009.36	0.00	7.53	1275.00
	5009.37	0.00	7.51	1275.00
	5009.38	0.00	7.52	1273.00
	5009.39	0.00	7.53	1274.00
	5009.40	0.00	7.58	1281.00
	5009.42	0.00	7.59	1283.00
	5009.43	0.00	7.60	1284.00
	5009.44	0.00	7.60	1281.00
	5009.45	0.00	7.64	1282.00
	5009.46	0.00	7.67	1285.00
	5009.47	0.00	7.68	1283.00
	5009.48	0.00	7.68	1283.00
	5009.50	0.00	7.65	1295.00
	5009.51	0.00	7.64	1295.00
	5009.52	0.00	7.65	1295.00
	5009.53	0.00	7.63	1294.00
	5009.54	0.00	7.62	1291.00
	5009.56	0.00	7.60	1282.00
	5009.57	0.00	7.66	1304.00
	5009.58	0.00	7.66	1303.00
	5009.59	0.00	7.64	1301.00
	5009.60	0.00	7.67	1305.00
	5009.61	0.00	7.66	1303.00
	5009.63	0.00	7.67	1305.00
	5009.64	0.00	7.65	1304.00
	5009.65	0.00	7.65	1305.00
	5009.66	0.00	7.65	1306.00
	5009.67	0.00	7.66	1310.00
	5009.68	0.00	7.65	1309.00
	5009.69	0.00	7.61	1304.00
	5009.71	0.00	7.62	1308.00
	5009.72	0.00	7.60	1308.00
	5009.73	0.00	7.61	1309.00
	5009.74	0.00	7.61	1305.00
	5009.75	0.00	7.63	1300.00
	5009.77	0.00	7.63	1298.00
	5009.78	0.00	7.65	1302.00
	5009.79	0.00	7.66	1301.00
	5009.80	0.00	7.66	1301.00
	5009.81	0.00	7.58	1303.00
	5009.82	0.00	7.58	1302.00
	5009.84	0.00	7.58	1302.00
	5009.85	0.00	7.57	1300.00
	5009.86	0.00	7.52	1292.00
	5009.87	0.00	7.51	1292.00
	5009.88	0.00	7.50	1285.00
	5009.89	0.00	7.60	1282.00
	5009.90	0.00	7.61	1278.00
	5009.92	0.00	7.62	1280.00
	5009.93	0.00	7.62	1280.00
	5009.94	0.00	7.63	1281.00
	5009.95	0.00	7.63	1283.00
	5009.96	0.00	7.63	1281.00
	5009.97	0.00	7.55	1263.00
	5009.99	0.00	7.54	1262.00
	5010.00	0.00	7.54	1261.00
	5010.01	0.00	7.54	1262.00
	5010.02	0.00	7.53	1260.00
	5010.03	0.00	7.49	1251.00
	5010.04	0.00	7.51	1256.00
	5010.06	0.00	7.52	1257.00
	5010.07	0.00	7.52	1256.00
	5010.08	0.00	7.53	1256.00
	5010.09	0.00	7.54	1254.00
	5010.10	0.00	7.58	1256.00
	5010.12	0.00	7.58	1255.00
	5010.13	0.00	7.58	1256.00
	5010.14	0.00	7.53	1275.00
	5010.15	0.00	7.53	1277.00
	5010.16	0.00	7.53	1276.00
	5010.17	0.00	7.52	1275.00
	5010.18	0.00	7.50	1266.00
	5010.20	0.00	7.50	1272.00
	5010.21	0.00	7.50	1270.00
	5010.22	0.00	7.48	1268.00
	5010.23	0.00	7.58	1281.00
	5010.24	0.00	7.59	1282.00
	5010.25	0.00	7.60	1281.00
	5010.27	0.00	7.62	1283.00
	5010.28	0.00	7.62	1283.00
	5010.29	0.00	7.66	1287.00
	5010.30	0.00	7.67	1286.00
	5010.31	0.00	7.67	1283.00
	5010.33	0.00	7.63	1299.00
	5010.34	0.00	7.63	1297.00
	5010.35	0.00	7.62	1297.00
	5010.36	0.00	7.61	1295.00
	5010.37	0.00	7.59	1291.00
	5010.38	0.00	7.60	1288.00
	5010.39	0.00	7.64	1305.00
	5010.41	0.00	7.64	1304.00
	5010.42	0.00	7.63	1305.00
	5010.43	0.00	7.64	1307.00
	5010.44	0.00	7.65	1307.00
	5010.45	0.00	7.64	1306.00
	5010.46	0.00	7.64	1310.00
	5010.48	0.00	7.64	1312.00
	5010.49	0.00	7.63	1311.00
	5010.50	0.00	7.63	1313.00
	5010.51	0.00	7.61	1311.00
	5010.52	0.00	7.59	1310.00
	5010.54	0.00	7.59	1311.00
	5010.55	0.00	7.62	1306.00
	5010.56	0.00	7.61	1303.00
	5010.57	0.00	7.62	1304.00
	5010.58	0.00	7.63	1306.00
	5010.59	0.00	7.63	1307.00
	5010.60	0.00	7.63	1306.00
	5010.62	0.00	7.65	1307.00
	5010.63	0.00	7.57	1309.00
	5010.64	0.00	7.56	1307.00
	5010.65	0.00	7.55	1308.00
	5010.66	0.00	7.50	1298.00
	5010.67	0.00	7.49	1301.00
	5010.69	0.00	7.49	1295.00
	5010.70	0.00	7.57	1292.00
	5010.71	0.00	7.58	1296.00
	5010.72	0.00	7.58	1300.00
	5010.73	0.00	7.57	1304.00
	5010.75	0.00	7.60	1309.00
	5010.76	0.00	7.60	1315.00
	5010.77	0.00	7.57	1314.00
	5010.78	0.00	7.48	1299.00
	5010.79	0.00	7.47	1303.00
	5010.80	0.00	7.47	1302.00
	5010.81	0.00	7.47	1307.00
	5010.83	0.00	7.46	1307.00
	5010.84	0.00	7.45	1306.00
	5010.85	0.00	7.45	1305.00
	5010.86	0.00	7.47	1307.00
	5010.87	0.00	7.46	1306.00
	5010.88	0.00	7.47	1307.00
	5010.90	0.00	7.48	1309.00
	5010.91	0.00	7.52	1314.00
	5010.92	0.00	7.52	1314.00
	5010.93	0.00	7.52	1314.00
	5010.94	0.00	7.51	1319.00
	5010.95	0.00	7.48	1337.00
	5010.97	0.00	7.47	1338.00
	5010.98	0.00	7.47	1337.00
	5010.99	0.00	7.47	1340.00
	5011.00	0.00	7.45	1340.00
	5011.01	0.00	7.44	1338.00
	5011.02	0.00	7.43	1335.00
	5011.04	0.00	7.42	1335.00
	5011.05	0.00	7.42	1335.00
	5011.06	0.00	7.51	1349.00
	5011.07	0.00	7.52	1349.00
	5011.08	0.00	7.51	1350.00
	5011.10	0.00	7.53	1354.00
	5011.11	0.00	7.56	1358.00
	5011.12	0.00	7.58	1364.00
	5011.13	0.00	7.55	1366.00
	5011.14	0.00	7.54	1383.00
	5011.15	0.00	7.53	1390.00
	5011.16	0.00	7.51	1393.00
	5011.18	0.00	7.51	1397.00
	5011.19	0.00	7.51	1400.00
	5011.20	0.00	7.50	1401.00
	5011.21	0.00	7.50	1406.00
	5011.22	0.00	7.49	1406.00
	5011.23	0.00	7.47	1407.00
	5011.25	0.00	7.47	1408.00
	5011.26	0.00	7.49	1415.00
	5011.27	0.00	7.49	1408.00
	5011.28	0.00	7.55	1428.00
	5011.29	0.00	7.55	1428.00
	5011.31	0.00	7.57	1426.00
	5011.32	0.00	7.59	1425.00
	5011.33	0.00	7.61	1423.00
	5011.34	0.00	7.62	1419.00
	5011.35	0.00	7.64	1412.00
	5011.36	0.00	7.62	1406.00
	5011.38	0.00	7.66	1403.00
	5011.39	0.00	7.66	1396.00
	5011.40	0.00	7.65	1389.00
	5011.41	0.00	7.64	1381.00
	5011.42	0.00	7.66	1376.00
	5011.43	0.00	7.65	1371.00
	5011.45	0.00	7.66	1366.00
	5011.46	0.00	7.69	1357.00
	5011.47	0.00	7.71	1355.00
	5011.48	0.00	7.71	1352.00
	5011.49	0.00	7.72	1354.00
	5011.50	0.00	7.73	1350.00
	5011.52	0.00	7.71	1341.00
	5011.53	0.00	7.67	1347.00
	5011.54	0.00	7.68	1345.00
	5011.55	0.00	7.69	1340.00
	5011.56	0.00	7.67	1334.00
	5011.57	0.00	7.63	1327.00
	5011.59	0.00	7.64	1317.00
	5011.60	0.00	7.64	1305.00
	5011.61	0.00	7.69	1302.00
	5011.62	0.00	7.75	1295.00
	5011.63	0.00	7.74	1293.00
	5011.64	0.00	7.74	1292.00
	5011.66	0.00	7.76	1292.00
	5011.67	0.00	7.77	1296.00
	5011.68	0.00	7.78	1296.00
	5011.69	0.00	7.75	1294.00
	5011.70	0.00	7.75	1294.00
	5011.71	0.00	7.67	1275.00
	5011.73	0.00	7.66	1276.00
	5011.74	0.00	7.66	1275.00
	5011.75	0.00	7.63	1273.00
	5011.76	0.00	7.63	1271.00
	5011.77	0.00	7.62	1269.00
	5011.78	0.00	7.62	1270.00
	5011.79	0.00	7.62	1270.00
	5011.81	0.00	7.63	1269.00
	5011.82	0.00	7.61	1267.00
	5011.83	0.00	7.62	1266.00
	5011.84	0.00	7.65	1266.00
	5011.85	0.00	7.66	1265.00
	5011.87	0.00	7.64	1275.00
	5011.88	0.00	7.61	1283.00
	5011.89	0.00	7.60	1282.00
	5011.90	0.00	7.58	1281.00
	5011.91	0.00	7.57	1278.00
	5011.92	0.00	7.55	1272.00
	5011.94	0.00	7.57	1279.00
	5011.95	0.00	7.64	1285.00
	5011.96	0.00	7.63	1286.00
	5011.97	0.00	7.64	1290.00
	5011.98	0.00	7.69	1296.00
	5011.99	0.00	7.67	1300.00
	5012.00	0.00	7.67	1310.00
	5012.02	0.00	7.67	1319.00
	5012.03	0.00	7.66	1330.00
	5012.04	0.00	7.61	1358.00
	5012.05	0.00	7.59	1371.00
	5012.06	0.00	7.57	1385.00
	5012.08	0.00	7.53	1397.00
	5012.09	0.00	7.50	1409.00
	5012.10	0.00	7.46	1418.00
	5012.11	0.00	7.44	1432.00
	5012.12	0.00	7.48	1463.00
	5012.13	0.00	7.46	1475.00
	5012.15	0.00	7.45	1485.00
	5012.16	0.00	7.44	1492.00
	5012.17	0.00	7.43	1498.00
	5012.18	0.00	7.42	1502.00
	5012.19	0.00	7.42	1505.00
	5012.20	0.00	7.43	1506.00
	5012.22	0.00	7.43	1504.00
	5012.23	0.00	7.42	1502.00
	5012.24	0.00	7.43	1503.00
	5012.25	0.00	7.44	1501.00
	5012.26	0.00	7.43	1495.00
	5012.27	0.00	7.44	1494.00
	5012.29	0.00	7.42	1491.00
	5012.30	0.00	7.40	1488.00
	5012.31	0.00	7.41	1486.00
	5012.32	0.00	7.42	1484.00
	5012.33	0.00	7.43	1483.00
	5012.34	0.00	7.43	1481.00
	5012.36	0.00	7.45	1472.00
	5012.37	0.00	7.46	1471.00
	5012.38	0.00	7.48	1471.00
	5012.39	0.00	7.50	1473.00
	5012.40	0.00	7.52	1471.00
	5012.41	0.00	7.54	1470.00
	5012.43	0.00	7.50	1463.00
	5012.44	0.00	7.50	1465.00
	5012.45	0.00	7.51	1460.00
	5012.46	0.00	7.53	1451.00
	5012.47	0.00	7.54	1446.00
	5012.48	0.00	7.51	1432.00
	5012.50	0.00	7.54	1417.00
	5012.51	0.00	7.56	1402.00
	5012.52	0.00	7.58	1381.00
	5012.53	0.00	7.67	1358.00
	5012.54	0.00	7.77	1306.00
	5012.55	0.00	7.82	1275.00
	5012.57	0.00	7.88	1245.00
	5012.58	0.00	7.94	1213.00
	5012.59	0.00	7.94	1177.00
	5012.60	0.00	7.92	1135.00
	5012.61	0.00	7.92	1106.00
	5012.62	0.00	7.85	1071.00
	5012.64	0.00	7.06	912.00
	5012.65	0.00	7.06	905.00
	5012.66	0.00	7.04	894.00
	5012.67	0.00	7.07	887.00
	5012.68	0.00	7.04	880.00
	5012.69	0.00	7.03	876.00
	5012.71	0.00	6.97	885.00
	5012.72	0.00	6.96	881.00
	5012.73	0.00	6.94	881.00
	5012.74	0.00	6.94	878.00
	5012.75	0.00	6.96	873.00
	5012.76	0.00	7.00	874.00
	5012.77	0.00	7.04	873.00
	5012.79	0.00	7.02	883.00
	5012.80	0.00	7.05	882.00
	5012.81	0.00	7.04	880.00
	5012.82	0.00	7.04	879.00
	5012.83	0.00	7.03	874.00
	5012.85	0.00	7.02	877.00
	5012.86	0.00	7.05	878.00
	5012.87	0.00	7.04	878.00
	5012.88	0.00	7.04	879.00
	5012.89	0.00	7.04	879.00
	5012.90	0.00	7.02	877.00
	5012.91	0.00	6.99	877.00
	5012.93	0.00	6.99	876.00
	5012.94	0.00	7.01	866.00
	5012.95	0.00	7.00	866.00
	5012.96	0.00	7.03	867.00
	5012.97	0.00	7.03	871.00
	5012.98	0.00	7.01	872.00
	5013.00	0.00	7.00	870.00
	5013.01	0.00	6.95	865.00
	5013.02	0.00	6.96	861.00
	5013.03	0.00	7.01	845.00
	5013.04	0.00	7.01	844.00
	5013.05	0.00	7.01	845.00
	5013.06	0.00	7.03	845.00
	5013.08	0.00	7.03	845.00
	5013.09	0.00	7.04	844.00
	5013.10	0.00	7.01	840.00
	5013.11	0.00	7.00	839.00
	5013.12	0.00	7.01	839.00
	5013.13	0.00	7.02	839.00
	5013.14	0.00	7.05	841.00
	5013.16	0.00	7.08	840.00
	5013.17	0.00	7.03	852.00
	5013.18	0.00	7.03	853.00
	5013.19	0.00	7.02	851.00
	5013.20	0.00	7.03	851.00
	5013.21	0.00	7.03	851.00
	5013.23	0.00	7.05	847.00
	5013.24	0.00	7.05	847.00
	5013.25	0.00	7.11	851.00
	5013.26	0.00	7.12	850.00
	5013.27	0.00	7.13	847.00
	5013.28	0.00	7.12	849.00
	5013.30	0.00	7.09	858.00
	5013.31	0.00	7.10	859.00
	5013.32	0.00	7.08	859.00
	5013.33	0.00	7.08	860.00
	5013.34	0.00	7.05	869.00
	5013.35	0.00	7.03	875.00
	5013.37	0.00	6.99	897.00
	5013.38	0.00	6.96	929.00
	5013.39	0.00	6.88	965.00
	5013.40	0.00	6.80	1004.00
	5013.41	0.00	6.74	1035.00
	5013.42	0.00	6.72	1054.00
	5013.43	0.00	6.60	1070.00
	5013.45	0.00	6.88	1144.00
	5013.46	0.00	7.27	1233.00
	5013.47	0.00	7.31	1300.00
	5013.48	0.00	7.34	1327.00
	5013.49	0.00	7.37	1341.00
	5013.51	0.00	7.39	1363.00
	5013.52	0.00	7.37	1381.00
	5013.53	0.00	7.40	1402.00
	5013.54	0.00	7.39	1420.00
	5013.55	0.00	7.38	1433.00
	5013.56	0.00	7.36	1447.00
	5013.58	0.00	7.33	1462.00
	5013.59	0.00	7.29	1481.00
	5013.60	0.00	7.27	1491.00
	5013.61	0.00	7.26	1499.00
	5013.62	0.00	7.21	1503.00
	5013.63	0.00	7.21	1503.00
	5013.65	0.00	7.21	1512.00
	5013.66	0.00	7.21	1510.00
	5013.67	0.00	7.20	1510.00
	5013.68	0.00	7.27	1516.00
	5013.69	0.00	7.29	1509.00
	5013.70	0.00	7.29	1508.00
	5013.71	0.00	7.30	1509.00
	5013.73	0.00	7.32	1515.00
	5013.74	0.00	7.32	1517.00
	5013.75	0.00	7.31	1517.00
	5013.76	0.00	7.32	1520.00
	5013.77	0.00	7.32	1521.00
	5013.79	0.00	7.33	1519.00
	5013.80	0.00	7.32	1514.00
	5013.81	0.00	7.27	1494.00
	5013.82	0.00	7.25	1486.00
	5013.83	0.00	7.29	1489.00
	5013.84	0.00	7.29	1486.00
	5013.86	0.00	7.31	1485.00
	5013.87	0.00	7.30	1476.00
	5013.88	0.00	7.30	1473.00
	5013.89	0.00	7.32	1475.00
	5013.90	0.00	7.33	1470.00
	5013.91	0.00	7.34	1469.00
	5013.93	0.00	7.34	1466.00
	5013.94	0.00	7.33	1462.00
	5013.95	0.00	7.35	1462.00
	5013.96	0.00	7.40	1464.00
	5013.97	0.00	7.41	1461.00
	5013.98	0.00	7.39	1457.00
	5014.00	0.00	7.37	1466.00
	5014.01	0.00	7.39	1459.00
	5014.02	0.00	7.39	1455.00
	5014.03	0.00	7.37	1446.00
	5014.04	0.00	7.36	1438.00
	5014.05	0.00	7.37	1429.00
	5014.07	0.00	7.37	1426.00
	5014.08	0.00	7.43	1430.00
	5014.09	0.00	7.41	1423.00
	5014.10	0.00	7.40	1418.00
	5014.11	0.00	7.42	1415.00
	5014.12	0.00	7.42	1417.00
	5014.14	0.00	7.43	1419.00
	5014.15	0.00	7.39	1411.00
	5014.16	0.00	7.35	1404.00
	5014.17	0.00	7.26	1411.00
	5014.18	0.00	7.06	1368.00
	5014.19	0.00	7.03	1356.00
	5014.21	0.00	6.76	1307.00
	5014.22	0.00	6.76	1307.00
	5014.23	0.00	6.75	1306.00
	5014.24	0.00	6.74	1304.00
	5014.25	0.00	6.73	1302.00
	5014.27	0.00	6.73	1306.00
	5014.28	0.00	6.73	1306.00
	5014.29	0.00	6.71	1301.00
	5014.30	0.00	6.71	1292.00
	5014.31	0.00	6.74	1271.00
	5014.32	0.00	6.75	1251.00
	5014.33	0.00	6.74	1233.00
	5014.35	0.00	6.75	1218.00
	5014.36	0.00	6.75	1199.00
	5014.37	0.00	6.76	1173.00
	5014.38	0.00	6.77	1145.00
	5014.39	0.00	6.77	1117.00
	5014.40	0.00	6.79	1097.00
	5014.42	0.00	6.78	1054.00
	5014.43	0.00	6.74	1026.00
	5014.44	0.00	6.74	997.00
	5014.45	0.00	6.74	981.00
	5014.46	0.00	6.74	967.00
	5014.47	0.00	6.73	965.00
	5014.49	0.00	6.76	954.00
	5014.50	0.00	6.73	944.00
	5014.51	0.00	6.73	928.00
	5014.52	0.00	6.76	918.00
	5014.53	0.00	6.82	892.00
	5014.54	0.00	6.87	883.00
	5014.56	0.00	6.91	870.00
	5014.57	0.00	6.93	864.00
	5014.58	0.00	6.93	859.00
	5014.59	0.00	6.90	853.00
	5014.60	0.00	6.90	851.00
	5014.61	0.00	6.91	849.00
	5014.62	0.00	6.92	847.00
	5014.64	0.00	6.92	847.00
	5014.65	0.00	6.97	848.00
	5014.66	0.00	6.98	848.00
	5014.67	0.00	6.95	858.00
	5014.68	0.00	6.93	858.00
	5014.69	0.00	6.93	856.00
	5014.71	0.00	6.95	849.00
	5014.72	0.00	6.95	852.00
	5014.73	0.00	6.96	850.00
	5014.74	0.00	7.04	852.00
	5014.75	0.00	7.04	849.00
	5014.76	0.00	7.01	860.00
	5014.77	0.00	7.01	861.00
	5014.79	0.00	7.01	860.00
	5014.80	0.00	7.01	861.00
	5014.81	0.00	7.01	861.00
	5014.82	0.00	7.01	861.00
	5014.83	0.00	7.00	859.00
	5014.85	0.00	7.03	861.00
	5014.86	0.00	7.02	860.00
	5014.87	0.00	7.02	860.00
	5014.88	0.00	7.02	859.00
	5014.89	0.00	6.98	859.00
	5014.90	0.00	6.97	859.00
	5014.91	0.00	6.99	853.00
	5014.93	0.00	6.99	852.00
	5014.94	0.00	7.00	850.00
	5014.95	0.00	7.01	851.00
	5014.96	0.00	6.98	858.00
	5014.97	0.00	6.99	854.00
	5014.98	0.00	6.93	853.00
	5015.00	0.00	6.93	849.00
	5015.01	0.00	6.96	833.00
	5015.02	0.00	6.96	834.00
	5015.03	0.00	6.97	837.00
	5015.04	0.00	6.97	842.00
	5015.05	0.00	6.93	856.00
	5015.06	0.00	6.88	885.00
	5015.08	0.00	6.72	957.00
	5015.09	0.00	6.61	999.00
	5015.10	0.00	7.19	1145.00
	5015.11	0.00	7.26	1199.00
	5015.12	0.00	7.25	1231.00
	5015.13	0.00	7.30	1262.00
	5015.15	0.00	7.32	1287.00
	5015.16	0.00	7.31	1307.00
	5015.17	0.00	7.30	1321.00
	5015.18	0.00	7.23	1356.00
	5015.19	0.00	7.22	1373.00
	5015.20	0.00	7.21	1392.00
	5015.22	0.00	7.19	1407.00
	5015.23	0.00	7.19	1425.00
	5015.24	0.00	7.16	1447.00
	5015.25	0.00	7.13	1462.00
	5015.26	0.00	7.11	1478.00
	5015.27	0.00	7.08	1490.00
	5015.29	0.00	7.15	1517.00
	5015.30	0.00	7.14	1527.00
	5015.31	0.00	7.12	1537.00
	5015.32	0.00	7.12	1545.00
	5015.33	0.00	7.12	1548.00
	5015.35	0.00	7.13	1551.00
	5015.36	0.00	7.12	1550.00
	5015.37	0.00	7.16	1556.00
	5015.38	0.00	7.17	1558.00
	5015.39	0.00	7.17	1557.00
	5015.40	0.00	7.18	1558.00
	5015.41	0.00	7.17	1556.00
	5015.43	0.00	7.17	1558.00
	5015.44	0.00	7.18	1557.00
	5015.45	0.00	7.18	1553.00
	5015.46	0.00	7.17	1572.00
	5015.47	0.00	7.15	1570.00
	5015.49	0.00	7.15	1570.00
	5015.50	0.00	7.15	1571.00
	5015.51	0.00	7.14	1569.00
	5015.52	0.00	7.13	1574.00
	5015.53	0.00	7.14	1576.00
	5015.54	0.00	7.12	1574.00
	5015.56	0.00	7.12	1574.00
	5015.57	0.00	7.11	1573.00
	5015.58	0.00	7.09	1569.00
	5015.59	0.00	7.09	1568.00
	5015.60	0.00	7.09	1564.00
	5015.62	0.00	7.10	1567.00
	5015.63	0.00	7.17	1588.00
	5015.64	0.00	7.17	1588.00
	5015.65	0.00	7.17	1590.00
	5015.66	0.00	7.17	1591.00
	5015.67	0.00	7.18	1593.00
	5015.68	0.00	7.18	1595.00
	5015.70	0.00	7.16	1590.00
	5015.71	0.00	7.18	1595.00
	5015.72	0.00	7.18	1598.00
	5015.73	0.00	7.16	1600.00
	5015.74	0.00	7.17	1606.00
	5015.75	0.00	7.16	1607.00
	5015.77	0.00	7.15	1608.00
	5015.78	0.00	7.15	1608.00
	5015.79	0.00	7.15	1608.00
	5015.80	0.00	7.14	1611.00
	5015.81	0.00	7.12	1606.00
	5015.83	0.00	7.11	1607.00
	5015.84	0.00	7.12	1608.00
	5015.85	0.00	7.13	1609.00
	5015.86	0.00	7.11	1606.00
	5015.87	0.00	7.12	1608.00
	5015.88	0.00	7.12	1603.00
	5015.90	0.00	7.13	1601.00
	5015.91	0.00	7.14	1593.00
	5015.92	0.00	7.14	1589.00
	5015.93	0.00	7.13	1585.00
	5015.94	0.00	7.13	1583.00
	5015.95	0.00	7.14	1580.00
	5015.97	0.00	7.14	1578.00
	5015.98	0.00	7.15	1575.00
	5015.99	0.00	7.15	1573.00
	5016.00	0.00	7.15	1572.00
	5016.01	0.00	7.17	1568.00
	5016.03	0.00	7.18	1564.00
	5016.04	0.00	7.12	1564.00
	5016.05	0.00	7.13	1562.00
	5016.06	0.00	7.14	1557.00
	5016.07	0.00	7.13	1554.00
	5016.08	0.00	7.14	1551.00
	5016.10	0.00	7.08	1539.00
	5016.11	0.00	7.09	1531.00
	5016.12	0.00	7.08	1526.00
	5016.13	0.00	7.14	1521.00
	5016.14	0.00	7.16	1506.00
	5016.15	0.00	7.17	1504.00
	5016.17	0.00	7.18	1498.00
	5016.18	0.00	7.18	1495.00
	5016.19	0.00	7.19	1492.00
	5016.20	0.00	7.21	1491.00
	5016.21	0.00	7.21	1491.00
	5016.22	0.00	7.23	1489.00
	5016.24	0.00	7.14	1465.00
	5016.25	0.00	7.14	1460.00
	5016.26	0.00	7.16	1459.00
	5016.27	0.00	7.14	1452.00
	5016.28	0.00	7.14	1448.00
	5016.29	0.00	7.14	1445.00
	5016.31	0.00	7.14	1439.00
	5016.32	0.00	7.15	1437.00
	5016.33	0.00	7.16	1434.00
	5016.34	0.00	7.17	1431.00
	5016.35	0.00	7.17	1426.00
	5016.37	0.00	7.22	1426.00
	5016.38	0.00	7.23	1423.00
	5016.39	0.00	7.24	1421.00
	5016.40	0.00	7.25	1417.00
	5016.41	0.00	7.21	1431.00
	5016.42	0.00	7.21	1430.00
	5016.43	0.00	7.21	1425.00
	5016.45	0.00	7.22	1419.00
	5016.46	0.00	7.20	1412.00
	5016.47	0.00	7.29	1417.00
	5016.48	0.00	7.31	1410.00
	5016.49	0.00	7.32	1406.00
	5016.50	0.00	7.33	1404.00
	5016.52	0.00	7.39	1407.00
	5016.53	0.00	7.41	1402.00
	5016.54	0.00	7.42	1399.00
	5016.55	0.00	7.42	1394.00
	5016.56	0.00	7.39	1403.00
	5016.57	0.00	7.39	1399.00
	5016.59	0.00	7.41	1398.00
	5016.60	0.00	7.40	1391.00
	5016.61	0.00	7.39	1384.00
	5016.62	0.00	7.41	1375.00
	5016.63	0.00	7.46	1389.00
	5016.64	0.00	7.46	1382.00
	5016.66	0.00	7.46	1376.00
	5016.67	0.00	7.49	1371.00
	5016.68	0.00	7.50	1369.00
	5016.69	0.00	7.51	1361.00
	5016.70	0.00	7.51	1360.00
	5016.71	0.00	7.53	1358.00
	5016.73	0.00	7.53	1353.00
	5016.74	0.00	7.48	1342.00
	5016.75	0.00	7.50	1342.00
	5016.76	0.00	7.53	1332.00
	5016.77	0.00	7.53	1329.00
	5016.78	0.00	7.54	1326.00
	5016.80	0.00	7.55	1325.00
	5016.81	0.00	7.57	1320.00
	5016.82	0.00	7.59	1321.00
	5016.83	0.00	7.62	1317.00
	5016.84	0.00	7.58	1308.00
	5016.85	0.00	7.56	1309.00
	5016.87	0.00	7.55	1312.00
	5016.88	0.00	7.55	1308.00
	5016.89	0.00	7.50	1301.00
	5016.90	0.00	7.51	1295.00
	5016.91	0.00	7.50	1287.00
	5016.92	0.00	7.53	1280.00
	5016.94	0.00	7.57	1277.00
	5016.95	0.00	7.56	1276.00
	5016.96	0.00	7.58	1276.00
	5016.97	0.00	7.61	1279.00
	5016.98	0.00	7.62	1280.00
	5016.99	0.00	7.62	1280.00
	5017.01	0.00	7.54	1262.00
	5017.02	0.00	7.53	1259.00
	5017.03	0.00	7.53	1257.00
	5017.04	0.00	7.53	1257.00
	5017.05	0.00	7.51	1254.00
	5017.06	0.00	7.52	1252.00
	5017.08	0.00	7.51	1251.00
	5017.09	0.00	7.50	1247.00
	5017.10	0.00	7.52	1251.00
	5017.11	0.00	7.54	1250.00
	5017.12	0.00	7.57	1254.00
	5017.13	0.00	7.58	1253.00
	5017.15	0.00	7.54	1260.00
	5017.16	0.00	7.52	1272.00
	5017.17	0.00	7.52	1273.00
	5017.18	0.00	7.51	1274.00
	5017.19	0.00	7.51	1276.00
	5017.20	0.00	7.49	1276.00
	5017.22	0.00	7.47	1273.00
	5017.23	0.00	7.51	1277.00
	5017.24	0.00	7.57	1283.00
	5017.25	0.00	7.57	1282.00
	5017.26	0.00	7.56	1282.00
	5017.27	0.00	7.58	1284.00
	5017.29	0.00	7.61	1285.00
	5017.30	0.00	7.63	1288.00
	5017.31	0.00	7.64	1292.00
	5017.32	0.00	7.62	1292.00
	5017.33	0.00	7.64	1296.00
	5017.35	0.00	7.59	1311.00
	5017.36	0.00	7.58	1314.00
	5017.37	0.00	7.58	1318.00
	5017.38	0.00	7.57	1319.00
	5017.39	0.00	7.56	1317.00
	5017.40	0.00	7.54	1316.00
	5017.41	0.00	7.51	1311.00
	5017.42	0.00	7.50	1309.00
	5017.44	0.00	7.57	1330.00
	5017.45	0.00	7.57	1330.00
	5017.46	0.00	7.57	1331.00
	5017.47	0.00	7.58	1333.00
	5017.48	0.00	7.59	1331.00
	5017.50	0.00	7.54	1327.00
	5017.51	0.00	7.57	1334.00
	5017.52	0.00	7.55	1329.00
	5017.53	0.00	7.57	1333.00
	5017.54	0.00	7.55	1331.00
	5017.55	0.00	7.54	1330.00
	5017.57	0.00	7.55	1331.00
	5017.58	0.00	7.55	1321.00
	5017.59	0.00	7.56	1319.00
	5017.60	0.00	7.56	1319.00
	5017.61	0.00	7.57	1317.00
	5017.62	0.00	7.58	1317.00
	5017.63	0.00	7.59	1321.00
	5017.65	0.00	7.60	1321.00
	5017.66	0.00	7.54	1322.00
	5017.67	0.00	7.54	1323.00
	5017.68	0.00	7.54	1321.00
	5017.69	0.00	7.47	1314.00
	5017.71	0.00	7.47	1313.00
	5017.72	0.00	7.47	1312.00
	5017.73	0.00	7.46	1305.00
	5017.74	0.00	7.56	1297.00
	5017.75	0.00	7.56	1298.00
	5017.76	0.00	7.57	1298.00
	5017.78	0.00	7.58	1300.00
	5017.79	0.00	7.58	1301.00
	5017.80	0.00	7.59	1301.00
	5017.81	0.00	7.58	1299.00
	5017.82	0.00	7.55	1294.00
	5017.83	0.00	7.50	1282.00
	5017.85	0.00	7.50	1282.00
	5017.86	0.00	7.47	1277.00
	5017.87	0.00	7.48	1274.00
	5017.88	0.00	7.47	1272.00
	5017.89	0.00	7.47	1272.00
	5017.90	0.00	7.49	1272.00
	5017.92	0.00	7.48	1272.00
	5017.93	0.00	7.49	1272.00
	5017.94	0.00	7.50	1270.00
	5017.95	0.00	7.54	1271.00
	5017.96	0.00	7.56	1270.00
	5017.97	0.00	7.53	1276.00
	5017.99	0.00	7.50	1290.00
	5018.00	0.00	7.51	1289.00
	5018.01	0.00	7.51	1289.00
	5018.02	0.00	7.50	1288.00
	5018.03	0.00	7.49	1287.00
	5018.04	0.00	7.48	1283.00
	5018.06	0.00	7.46	1279.00
	5018.07	0.00	7.56	1291.00
	5018.08	0.00	7.56	1291.00
	5018.09	0.00	7.57	1290.00
	5018.10	0.00	7.56	1289.00
	5018.11	0.00	7.62	1296.00
	5018.13	0.00	7.63	1298.00
	5018.14	0.00	7.65	1298.00
	5018.15	0.00	7.61	1311.00
	5018.16	0.00	7.60	1308.00
	5018.17	0.00	7.60	1309.00
	5018.18	0.00	7.59	1310.00
	5018.19	0.00	7.60	1311.00
	5018.21	0.00	7.57	1309.00
	5018.22	0.00	7.58	1310.00
	5018.23	0.00	7.56	1307.00
	5018.24	0.00	7.62	1314.00
	5018.25	0.00	7.60	1322.00
	5018.27	0.00	7.60	1322.00
	5018.28	0.00	7.59	1324.00
	5018.29	0.00	7.58	1323.00
	5018.30	0.00	7.59	1328.00
	5018.31	0.00	7.59	1328.00
	5018.32	0.00	7.58	1332.00
	5018.34	0.00	7.58	1333.00
	5018.35	0.00	7.58	1334.00
	5018.36	0.00	7.54	1334.00
	5018.37	0.00	7.53	1335.00
	5018.38	0.00	7.53	1336.00
	5018.39	0.00	7.53	1338.00
	5018.40	0.00	7.52	1335.00
	5018.42	0.00	7.54	1331.00
	5018.43	0.00	7.55	1333.00
	5018.44	0.00	7.56	1333.00
	5018.45	0.00	7.56	1334.00
	5018.46	0.00	7.58	1334.00
	5018.47	0.00	7.53	1327.00
	5018.49	0.00	7.51	1337.00
	5018.50	0.00	7.50	1335.00
	5018.51	0.00	7.49	1334.00
	5018.52	0.00	7.48	1332.00
	5018.53	0.00	7.44	1327.00
	5018.55	0.00	7.43	1321.00
	5018.56	0.00	7.52	1311.00
	5018.57	0.00	7.52	1310.00
	5018.58	0.00	7.53	1311.00
	5018.59	0.00	7.53	1311.00
	5018.60	0.00	7.54	1314.00
	5018.62	0.00	7.55	1314.00
	5018.63	0.00	7.56	1316.00
	5018.64	0.00	7.46	1296.00
	5018.65	0.00	7.46	1295.00
	5018.66	0.00	7.46	1296.00
	5018.67	0.00	7.47	1296.00
	5018.69	0.00	7.45	1294.00
	5018.70	0.00	7.44	1291.00
	5018.71	0.00	7.44	1290.00
	5018.72	0.00	7.45	1290.00
	5018.73	0.00	7.46	1286.00
	5018.74	0.00	7.45	1285.00
	5018.76	0.00	7.46	1286.00
	5018.77	0.00	7.48	1285.00
	5018.78	0.00	7.50	1286.00
	5018.79	0.00	7.51	1283.00
	5018.80	0.00	7.47	1303.00
	5018.81	0.00	7.47	1303.00
	5018.83	0.00	7.47	1303.00
	5018.84	0.00	7.44	1300.00
	5018.85	0.00	7.43	1296.00
	5018.86	0.00	7.42	1294.00
	5018.87	0.00	7.42	1292.00
	5018.88	0.00	7.52	1305.00
	5018.89	0.00	7.54	1301.00
	5018.91	0.00	7.55	1303.00
	5018.92	0.00	7.60	1305.00
	5018.93	0.00	7.61	1304.00
	5018.94	0.00	7.62	1302.00
	5018.95	0.00	7.60	1311.00
	5018.97	0.00	7.58	1315.00
	5018.98	0.00	7.58	1314.00
	5018.99	0.00	7.57	1314.00
	5019.00	0.00	7.56	1312.00
	5019.01	0.00	7.55	1304.00
	5019.02	0.00	7.61	1316.00
	5019.04	0.00	7.61	1315.00
	5019.05	0.00	7.60	1314.00
	5019.06	0.00	7.60	1312.00
	5019.07	0.00	7.63	1315.00
	5019.08	0.00	7.62	1316.00
	5019.09	0.00	7.59	1315.00
	5019.10	0.00	7.62	1319.00
	5019.12	0.00	7.61	1318.00
	5019.13	0.00	7.58	1317.00
	5019.14	0.00	7.58	1317.00
	5019.15	0.00	7.58	1316.00
	5019.16	0.00	7.57	1318.00
	5019.17	0.00	7.59	1311.00
	5019.19	0.00	7.59	1307.00
	5019.20	0.00	7.60	1309.00
	5019.21	0.00	7.61	1310.00
	5019.22	0.00	7.62	1311.00
	5019.23	0.00	7.62	1313.00
	5019.25	0.00	7.62	1312.00
	5019.26	0.00	7.61	1310.00
	5019.27	0.00	7.55	1315.00
	5019.28	0.00	7.54	1316.00
	5019.29	0.00	7.49	1314.00
	5019.30	0.00	7.47	1312.00
	5019.31	0.00	7.46	1310.00
	5019.33	0.00	7.48	1308.00
	5019.34	0.00	7.54	1301.00
	5019.35	0.00	7.54	1303.00
	5019.36	0.00	7.54	1304.00
	5019.37	0.00	7.53	1307.00
	5019.38	0.00	7.55	1312.00
	5019.40	0.00	7.55	1316.00
	5019.41	0.00	7.53	1313.00
	5019.42	0.00	7.46	1297.00
	5019.43	0.00	7.45	1296.00
	5019.44	0.00	7.43	1292.00
	5019.45	0.00	7.42	1294.00
	5019.47	0.00	7.41	1293.00
	5019.48	0.00	7.43	1293.00
	5019.49	0.00	7.43	1294.00
	5019.50	0.00	7.42	1292.00
	5019.51	0.00	7.43	1292.00
	5019.52	0.00	7.47	1294.00
	5019.54	0.00	7.46	1294.00
	5019.55	0.00	7.48	1295.00
	5019.56	0.00	7.48	1295.00
	5019.57	0.00	7.43	1313.00
	5019.58	0.00	7.44	1313.00
	5019.59	0.00	7.44	1313.00
	5019.61	0.00	7.42	1311.00
	5019.62	0.00	7.41	1310.00
	5019.63	0.00	7.41	1309.00
	5019.64	0.00	7.36	1300.00
	5019.65	0.00	7.49	1317.00
	5019.66	0.00	7.49	1316.00
	5019.68	0.00	7.50	1316.00
	5019.69	0.00	7.56	1321.00
	5019.70	0.00	7.57	1322.00
	5019.71	0.00	7.58	1317.00
	5019.72	0.00	7.55	1331.00
	5019.73	0.00	7.55	1331.00
	5019.75	0.00	7.54	1332.00
	5019.76	0.00	7.54	1331.00
	5019.77	0.00	7.52	1329.00
	5019.78	0.00	7.52	1328.00
	5019.79	0.00	7.49	1321.00
	5019.80	0.00	7.55	1338.00
	5019.82	0.00	7.55	1337.00
	5019.83	0.00	7.55	1336.00
	5019.84	0.00	7.56	1336.00
	5019.85	0.00	7.56	1338.00
	5019.86	0.00	7.57	1335.00
	5019.87	0.00	7.55	1338.00
	5019.89	0.00	7.56	1344.00
	5019.90	0.00	7.55	1343.00
	5019.91	0.00	7.56	1345.00
	5019.92	0.00	7.55	1344.00
	5019.93	0.00	7.52	1343.00
	5019.94	0.00	7.51	1344.00
	5019.96	0.00	7.51	1340.00
	5019.97	0.00	7.53	1335.00
	5019.98	0.00	7.53	1334.00
	5019.99	0.00	7.55	1333.00
	5020.00	0.00	7.56	1335.00
	5020.01	0.00	7.57	1333.00
	5020.03	0.00	7.58	1334.00
	5020.04	0.00	7.51	1335.00
	5020.05	0.00	7.51	1333.00
	5020.06	0.00	7.50	1332.00
	5020.07	0.00	7.45	1326.00
	5020.08	0.00	7.45	1320.00
	5020.10	0.00	7.47	1310.00
	5020.11	0.00	7.54	1307.00
	5020.12	0.00	7.52	1302.00
	5020.13	0.00	7.54	1306.00
	5020.14	0.00	7.55	1306.00
	5020.15	0.00	7.57	1306.00
	5020.17	0.00	7.57	1309.00
	5020.18	0.00	7.57	1305.00
	5020.19	0.00	7.49	1285.00
	5020.20	0.00	7.49	1284.00
	5020.21	0.00	7.49	1284.00
	5020.22	0.00	7.49	1281.00
	5020.24	0.00	7.46	1277.00
	5020.25	0.00	7.47	1276.00
	5020.26	0.00	7.48	1272.00
	5020.27	0.00	7.48	1272.00
	5020.28	0.00	7.49	1269.00
	5020.29	0.00	7.49	1267.00
	5020.31	0.00	7.50	1269.00
	5020.32	0.00	7.55	1271.00
	5020.33	0.00	7.54	1269.00
	5020.34	0.00	7.55	1267.00
	5020.35	0.00	7.51	1287.00
	5020.36	0.00	7.52	1283.00
	5020.38	0.00	7.51	1282.00
	5020.39	0.00	7.50	1277.00
	5020.40	0.00	7.49	1274.00
	5020.41	0.00	7.49	1272.00
	5020.42	0.00	7.56	1279.00
	5020.43	0.00	7.59	1278.00
	5020.44	0.00	7.61	1276.00
	5020.46	0.00	7.65	1274.00
	5020.47	0.00	7.68	1274.00
	5020.48	0.00	7.69	1271.00
	5020.49	0.00	7.70	1269.00
	5020.50	0.00	7.72	1266.00
	5020.52	0.00	7.67	1278.00
	5020.53	0.00	7.69	1274.00
	5020.54	0.00	7.69	1274.00
	5020.55	0.00	7.67	1271.00
	5020.56	0.00	7.66	1266.00
	5020.57	0.00	7.65	1259.00
	5020.58	0.00	7.67	1245.00
	5020.60	0.00	7.73	1261.00
	5020.61	0.00	7.74	1259.00
	5020.62	0.00	7.74	1259.00
	5020.63	0.00	7.75	1257.00
	5020.64	0.00	7.76	1256.00
	5020.65	0.00	7.75	1254.00
	5020.67	0.00	7.75	1258.00
	5020.68	0.00	7.76	1257.00
	5020.69	0.00	7.77	1257.00
	5020.70	0.00	7.77	1257.00
	5020.71	0.00	7.73	1255.00
	5020.73	0.00	7.73	1256.00
	5020.74	0.00	7.73	1256.00
	5020.75	0.00	7.73	1248.00
	5020.76	0.00	7.75	1246.00
	5020.77	0.00	7.75	1247.00
	5020.78	0.00	7.75	1248.00
	5020.79	0.00	7.75	1248.00
	5020.81	0.00	7.76	1250.00
	5020.82	0.00	7.77	1249.00
	5020.83	0.00	7.76	1245.00
	5020.84	0.00	7.70	1249.00
	5020.85	0.00	7.70	1250.00
	5020.87	0.00	7.70	1249.00
	5020.88	0.00	7.70	1251.00
	5020.89	0.00	7.65	1246.00
	5020.90	0.00	7.66	1244.00
	5020.91	0.00	7.65	1239.00
	5020.92	0.00	7.74	1229.00
	5020.94	0.00	7.74	1227.00
	5020.95	0.00	7.74	1228.00
	5020.96	0.00	7.75	1230.00
	5020.97	0.00	7.76	1231.00
	5020.98	0.00	7.75	1233.00
	5020.99	0.00	7.78	1234.00
	5021.00	0.00	7.67	1213.00
	5021.02	0.00	7.66	1212.00
	5021.03	0.00	7.67	1212.00
	5021.04	0.00	7.64	1209.00
	5021.05	0.00	7.64	1208.00
	5021.06	0.00	7.64	1208.00
	5021.08	0.00	7.64	1208.00
	5021.09	0.00	7.65	1211.00
	5021.10	0.00	7.66	1211.00
	5021.11	0.00	7.63	1204.00
	5021.12	0.00	7.69	1213.00
	5021.13	0.00	7.71	1214.00
	5021.15	0.00	7.71	1212.00
	5021.16	0.00	7.65	1230.00
	5021.17	0.00	7.64	1231.00
	5021.18	0.00	7.64	1235.00
	5021.19	0.00	7.65	1235.00
	5021.20	0.00	7.65	1234.00
	5021.21	0.00	7.63	1236.00
	5021.23	0.00	7.63	1234.00
	5021.24	0.00	7.61	1234.00
	5021.25	0.00	7.60	1237.00
	5021.26	0.00	7.62	1240.00
	5021.27	0.00	7.67	1250.00
	5021.29	0.00	7.67	1254.00
	5021.30	0.00	7.69	1254.00
	5021.31	0.00	7.73	1261.00
	5021.32	0.00	7.74	1262.00
	5021.33	0.00	7.76	1260.00
	5021.34	0.00	7.70	1275.00
	5021.36	0.00	7.68	1276.00
	5021.37	0.00	7.70	1278.00
	5021.38	0.00	7.69	1277.00
	5021.39	0.00	7.66	1276.00
	5021.40	0.00	7.66	1279.00
	5021.41	0.00	7.64	1274.00
	5021.42	0.00	7.70	1284.00
	5021.44	0.00	7.69	1294.00
	5021.45	0.00	7.68	1292.00
	5021.46	0.00	7.67	1294.00
	5021.47	0.00	7.66	1295.00
	5021.48	0.00	7.68	1301.00
	5021.50	0.00	7.67	1300.00
	5021.51	0.00	7.66	1300.00
	5021.52	0.00	7.66	1298.00
	5021.53	0.00	7.63	1298.00
	5021.54	0.00	7.66	1305.00
	5021.55	0.00	7.66	1305.00
	5021.56	0.00	7.65	1305.00
	5021.58	0.00	7.61	1303.00
	5021.59	0.00	7.62	1306.00
	5021.60	0.00	7.62	1304.00
	5021.61	0.00	7.64	1296.00
	5021.62	0.00	7.63	1294.00
	5021.63	0.00	7.64	1294.00
	5021.65	0.00	7.64	1293.00
	5021.66	0.00	7.64	1295.00
	5021.67	0.00	7.66	1297.00
	5021.68	0.00	7.67	1298.00
	5021.69	0.00	7.65	1292.00
	5021.71	0.00	7.60	1298.00
	5021.72	0.00	7.60	1299.00
	5021.73	0.00	7.55	1293.00
	5021.74	0.00	7.54	1291.00
	5021.75	0.00	7.53	1292.00
	5021.76	0.00	7.52	1290.00
	5021.77	0.00	7.52	1284.00
	5021.79	0.00	7.62	1278.00
	5021.80	0.00	7.63	1278.00
	5021.81	0.00	7.64	1281.00
	5021.82	0.00	7.64	1280.00
	5021.83	0.00	7.65	1285.00
	5021.85	0.00	7.64	1284.00
	5021.86	0.00	7.65	1287.00
	5021.87	0.00	7.63	1281.00
	5021.88	0.00	7.56	1266.00
	5021.89	0.00	7.55	1265.00
	5021.90	0.00	7.54	1264.00
	5021.92	0.00	7.53	1262.00
	5021.93	0.00	7.53	1262.00
	5021.94	0.00	7.53	1261.00
	5021.95	0.00	7.54	1261.00
	5021.96	0.00	7.54	1261.00
	5021.97	0.00	7.54	1259.00
	5021.98	0.00	7.57	1263.00
	5022.00	0.00	7.58	1262.00
	5022.01	0.00	7.58	1260.00
	5022.02	0.00	7.60	1260.00
	5022.03	0.00	7.55	1283.00
	5022.04	0.00	7.55	1283.00
	5022.06	0.00	7.54	1281.00
	5022.07	0.00	7.53	1281.00
	5022.08	0.00	7.52	1279.00
	5022.09	0.00	7.50	1272.00
	5022.10	0.00	7.59	1286.00
	5022.11	0.00	7.60	1285.00
	5022.13	0.00	7.60	1284.00
	5022.14	0.00	7.61	1284.00
	5022.15	0.00	7.67	1292.00
	5022.16	0.00	7.68	1292.00
	5022.17	0.00	7.71	1290.00
	5022.18	0.00	7.65	1305.00
	5022.19	0.00	7.65	1305.00
	5022.21	0.00	7.65	1304.00
	5022.22	0.00	7.64	1305.00
	5022.23	0.00	7.63	1306.00
	5022.24	0.00	7.61	1303.00
	5022.25	0.00	7.59	1296.00
	5022.27	0.00	7.63	1310.00
	5022.28	0.00	7.65	1314.00
	5022.29	0.00	7.64	1314.00
	5022.30	0.00	7.66	1316.00
	5022.31	0.00	7.66	1315.00
	5022.32	0.00	7.66	1315.00
	5022.34	0.00	7.65	1316.00
	5022.35	0.00	7.65	1322.00
	5022.36	0.00	7.65	1323.00
	5022.37	0.00	7.64	1321.00
	5022.38	0.00	7.62	1321.00
	5022.39	0.00	7.61	1323.00
	5022.40	0.00	7.61	1321.00
	5022.42	0.00	7.61	1322.00
	5022.43	0.00	7.59	1321.00
	5022.44	0.00	7.62	1313.00
	5022.45	0.00	7.60	1308.00
	5022.46	0.00	7.61	1313.00
	5022.47	0.00	7.64	1315.00
	5022.49	0.00	7.65	1316.00
	5022.50	0.00	7.66	1315.00
	5022.51	0.00	7.65	1312.00
	5022.52	0.00	7.58	1317.00
	5022.53	0.00	7.58	1316.00
	5022.54	0.00	7.56	1313.00
	5022.56	0.00	7.52	1307.00
	5022.57	0.00	7.51	1301.00
	5022.58	0.00	7.52	1298.00
	5022.59	0.00	7.53	1297.00
	5022.60	0.00	7.62	1292.00
	5022.62	0.00	7.61	1290.00
	5022.63	0.00	7.62	1291.00
	5022.64	0.00	7.65	1296.00
	5022.65	0.00	7.65	1296.00
	5022.66	0.00	7.55	1275.00
	5022.67	0.00	7.55	1274.00
	5022.68	0.00	7.55	1275.00
	5022.70	0.00	7.52	1270.00
	5022.71	0.00	7.52	1271.00
	5022.72	0.00	7.52	1271.00
	5022.73	0.00	7.54	1271.00
	5022.74	0.00	7.55	1273.00
	5022.75	0.00	7.53	1271.00
	5022.77	0.00	7.55	1269.00
	5022.78	0.00	7.54	1271.00
	5022.79	0.00	7.55	1270.00
	5022.80	0.00	7.60	1271.00
	5022.81	0.00	7.60	1272.00
	5022.83	0.00	7.60	1273.00
	5022.84	0.00	7.55	1291.00
	5022.85	0.00	7.55	1292.00
	5022.86	0.00	7.55	1289.00
	5022.87	0.00	7.53	1288.00
	5022.88	0.00	7.52	1282.00
	5022.89	0.00	7.62	1291.00
	5022.91	0.00	7.62	1293.00
	5022.92	0.00	7.62	1292.00
	5022.93	0.00	7.61	1290.00
	5022.94	0.00	7.64	1293.00
	5022.95	0.00	7.69	1295.00
	5022.96	0.00	7.70	1297.00
	5022.98	0.00	7.71	1295.00
	5022.99	0.00	7.71	1291.00
	5023.00	0.00	7.68	1303.00
	5023.01	0.00	7.67	1308.00
	5023.02	0.00	7.67	1307.00
	5023.04	0.00	7.66	1307.00
	5023.05	0.00	7.65	1303.00
	5023.06	0.00	7.63	1298.00
	5023.07	0.00	7.63	1295.00
	5023.08	0.00	7.63	1295.00
	5023.09	0.00	7.69	1312.00
	5023.10	0.00	7.69	1310.00
	5023.12	0.00	7.69	1310.00
	5023.13	0.00	7.69	1312.00
	5023.14	0.00	7.70	1314.00
	5023.15	0.00	7.68	1313.00
	5023.16	0.00	7.68	1311.00
	5023.17	0.00	7.69	1318.00
	5023.19	0.00	7.68	1319.00
	5023.20	0.00	7.66	1316.00
	5023.21	0.00	7.64	1318.00
	5023.22	0.00	7.64	1316.00
	5023.23	0.00	7.64	1308.00
	5023.25	0.00	7.66	1305.00
	5023.26	0.00	7.67	1307.00
	5023.27	0.00	7.66	1304.00
	5023.28	0.00	7.67	1303.00
	5023.29	0.00	7.67	1303.00
	5023.30	0.00	7.69	1305.00
	5023.31	0.00	7.71	1304.00
	5023.33	0.00	7.70	1298.00
	5023.34	0.00	7.64	1303.00
	5023.35	0.00	7.64	1300.00
	5023.36	0.00	7.64	1299.00
	5023.37	0.00	7.64	1296.00
	5023.38	0.00	7.59	1289.00
	5023.40	0.00	7.59	1287.00
	5023.41	0.00	7.59	1280.00
	5023.42	0.00	7.69	1271.00
	5023.43	0.00	7.70	1268.00
	5023.44	0.00	7.70	1269.00
	5023.45	0.00	7.72	1269.00
	5023.47	0.00	7.72	1270.00
	5023.48	0.00	7.72	1270.00
	5023.49	0.00	7.73	1271.00
	5023.50	0.00	7.72	1268.00
	5023.51	0.00	7.64	1251.00
	5023.52	0.00	7.63	1248.00
	5023.54	0.00	7.62	1247.00
	5023.55	0.00	7.61	1245.00
	5023.56	0.00	7.60	1244.00
	5023.57	0.00	7.61	1244.00
	5023.58	0.00	7.62	1244.00
	5023.60	0.00	7.62	1244.00
	5023.61	0.00	7.63	1245.00
	5023.62	0.00	7.61	1243.00
	5023.63	0.00	7.63	1243.00
	5023.64	0.00	7.65	1244.00
	5023.65	0.00	7.68	1245.00
	5023.66	0.00	7.67	1243.00
	5023.68	0.00	7.63	1261.00
	5023.69	0.00	7.63	1263.00
	5023.70	0.00	7.63	1260.00
	5023.71	0.00	7.62	1260.00
	5023.72	0.00	7.60	1255.00
	5023.73	0.00	7.58	1250.00
	5023.75	0.00	7.58	1250.00
	5023.76	0.00	7.59	1252.00
	5023.77	0.00	7.68	1261.00
	5023.78	0.00	7.69	1261.00
	5023.79	0.00	7.70	1258.00
	5023.81	0.00	7.77	1266.00
	5023.82	0.00	7.77	1260.00
	5023.83	0.00	7.79	1258.00
	5023.84	0.00	7.79	1259.00
	5023.85	0.00	7.74	1272.00
	5023.86	0.00	7.75	1272.00
	5023.87	0.00	7.74	1271.00
	5023.89	0.00	7.73	1272.00
	5023.90	0.00	7.72	1271.00
	5023.91	0.00	7.69	1265.00
	5023.92	0.00	7.69	1258.00
	5023.93	0.00	7.75	1277.00
	5023.94	0.00	7.76	1281.00
	5023.96	0.00	7.74	1280.00
	5023.97	0.00	7.74	1278.00
	5023.98	0.00	7.76	1281.00
	5023.99	0.00	7.75	1281.00
	5024.00	0.00	7.74	1282.00
	5024.02	0.00	7.75	1281.00
	5024.03	0.00	7.74	1281.00
	5024.04	0.00	7.75	1287.00
	5024.05	0.00	7.74	1288.00
	5024.06	0.00	7.74	1288.00
	5024.07	0.00	7.70	1287.00
	5024.08	0.00	7.70	1289.00
	5024.10	0.00	7.70	1289.00
	5024.11	0.00	7.71	1279.00
	5024.12	0.00	7.72	1281.00
	5024.13	0.00	7.71	1281.00
	5024.14	0.00	7.71	1278.00
	5024.15	0.00	7.72	1280.00
	5024.17	0.00	7.74	1282.00
	5024.18	0.00	7.75	1282.00
	5024.19	0.00	7.67	1284.00
	5024.20	0.00	7.68	1282.00
	5024.21	0.00	7.66	1278.00
	5024.22	0.00	7.67	1279.00
	5024.24	0.00	7.61	1272.00
	5024.25	0.00	7.60	1269.00
	5024.26	0.00	7.60	1262.00
	5024.27	0.00	7.71	1256.00
	5024.28	0.00	7.70	1260.00
	5024.29	0.00	7.71	1261.00
	5024.31	0.00	7.72	1263.00
	5024.32	0.00	7.72	1267.00
	5024.33	0.00	7.71	1269.00
	5024.34	0.00	7.70	1271.00
	5024.35	0.00	7.61	1257.00
	5024.36	0.00	7.61	1263.00
	5024.37	0.00	7.58	1264.00
	5024.39	0.00	7.55	1269.00
	5024.40	0.00	7.54	1275.00
	5024.41	0.00	7.53	1283.00
	5024.42	0.00	7.52	1289.00
	5024.43	0.00	7.51	1300.00
	5024.45	0.00	7.50	1307.00
	5024.46	0.00	7.50	1316.00
	5024.47	0.00	7.53	1330.00
	5024.48	0.00	7.51	1335.00
	5024.49	0.00	7.49	1353.00
	5024.50	0.00	7.47	1377.00
	5024.52	0.00	7.45	1384.00
	5024.53	0.00	7.43	1394.00
	5024.54	0.00	7.42	1405.00
	5024.55	0.00	7.39	1413.00
	5024.56	0.00	7.37	1419.00
	5024.57	0.00	7.36	1428.00
	5024.59	0.00	7.35	1436.00
	5024.60	0.00	7.34	1441.00
	5024.61	0.00	7.40	1461.00
	5024.62	0.00	7.41	1469.00
	5024.63	0.00	7.41	1476.00
	5024.64	0.00	7.41	1481.00
	5024.66	0.00	7.42	1485.00
	5024.67	0.00	7.45	1492.00
	5024.68	0.00	7.46	1494.00
	5024.69	0.00	7.46	1493.00
	5024.70	0.00	7.46	1492.00
	5024.71	0.00	7.49	1496.00
	5024.73	0.00	7.46	1498.00
	5024.74	0.00	7.45	1503.00
	5024.75	0.00	7.45	1505.00
	5024.76	0.00	7.45	1502.00
	5024.77	0.00	7.44	1502.00
	5024.79	0.00	7.43	1497.00
	5024.80	0.00	7.44	1499.00
	5024.81	0.00	7.43	1499.00
	5024.82	0.00	7.43	1499.00
	5024.83	0.00	7.41	1489.00
	5024.84	0.00	7.48	1498.00
	5024.85	0.00	7.46	1502.00
	5024.87	0.00	7.47	1504.00
	5024.88	0.00	7.47	1502.00
	5024.89	0.00	7.49	1502.00
	5024.90	0.00	7.49	1502.00
	5024.91	0.00	7.49	1501.00
	5024.92	0.00	7.51	1503.00
	5024.94	0.00	7.51	1502.00
	5024.95	0.00	7.52	1502.00
	5024.96	0.00	7.49	1501.00
	5024.97	0.00	7.52	1505.00
	5024.98	0.00	7.52	1502.00
	5025.00	0.00	7.52	1501.00
	5025.01	0.00	7.54	1497.00
	5025.02	0.00	7.54	1499.00
	5025.03	0.00	7.51	1494.00
	5025.04	0.00	7.47	1490.00
	5025.05	0.00	7.50	1487.00
	5025.06	0.00	7.47	1485.00
	5025.08	0.00	7.47	1482.00
	5025.09	0.00	7.47	1479.00
	5025.10	0.00	7.48	1481.00
	5025.11	0.00	7.47	1480.00
	5025.12	0.00	7.49	1480.00
	5025.14	0.00	7.49	1480.00
	5025.15	0.00	7.48	1482.00
	5025.16	0.00	7.49	1482.00
	5025.17	0.00	7.51	1485.00
	5025.18	0.00	7.51	1482.00
	5025.19	0.00	7.54	1480.00
	5025.21	0.00	7.56	1478.00
	5025.22	0.00	7.57	1471.00
	5025.23	0.00	7.58	1463.00
	5025.24	0.00	7.54	1465.00
	5025.25	0.00	7.56	1461.00
	5025.26	0.00	7.56	1458.00
	5025.28	0.00	7.57	1457.00
	5025.29	0.00	7.55	1455.00
	5025.30	0.00	7.52	1451.00
	5025.31	0.00	7.52	1450.00
	5025.32	0.00	7.51	1446.00
	5025.33	0.00	7.61	1441.00
	5025.35	0.00	7.62	1443.00
	5025.36	0.00	7.64	1445.00
	5025.37	0.00	7.66	1449.00
	5025.38	0.00	7.66	1452.00
	5025.39	0.00	7.67	1454.00
	5025.40	0.00	7.59	1433.00
	5025.42	0.00	7.57	1429.00
	5025.43	0.00	7.54	1423.00
	5025.44	0.00	7.50	1415.00
	5025.45	0.00	7.49	1412.00
	5025.46	0.00	7.47	1403.00
	5025.47	0.00	7.49	1402.00
	5025.49	0.00	7.49	1397.00
	5025.50	0.00	7.50	1399.00
	5025.51	0.00	7.50	1402.00
	5025.52	0.00	7.52	1404.00
	5025.53	0.00	7.52	1409.00
	5025.54	0.00	7.52	1412.00
	5025.56	0.00	7.52	1414.00
	5025.57	0.00	7.53	1415.00
	5025.58	0.00	7.54	1419.00
	5025.59	0.00	7.59	1424.00
	5025.60	0.00	7.59	1424.00
	5025.61	0.00	7.60	1422.00
	5025.63	0.00	7.60	1427.00
	5025.64	0.00	7.59	1437.00
	5025.65	0.00	7.59	1434.00
	5025.66	0.00	7.60	1433.00
	5025.67	0.00	7.61	1433.00
	5025.68	0.00	7.60	1431.00
	5025.70	0.00	7.59	1427.00
	5025.71	0.00	7.57	1423.00
	5025.72	0.00	7.65	1435.00
	5025.73	0.00	7.65	1432.00
	5025.74	0.00	7.65	1433.00
	5025.75	0.00	7.65	1433.00
	5025.77	0.00	7.65	1434.00
	5025.78	0.00	7.65	1434.00
	5025.79	0.00	7.69	1438.00
	5025.80	0.00	7.71	1443.00
	5025.81	0.00	7.72	1444.00
	5025.83	0.00	7.73	1446.00
	5025.84	0.00	7.72	1448.00
	5025.85	0.00	7.68	1468.00
	5025.86	0.00	7.67	1472.00
	5025.87	0.00	7.67	1477.00
	5025.88	0.00	7.67	1484.00
	5025.89	0.00	7.66	1490.00
	5025.91	0.00	7.66	1496.00
	5025.92	0.00	7.66	1503.00
	5025.93	0.00	7.65	1507.00
	5025.94	0.00	7.65	1516.00
	5025.95	0.00	7.67	1527.00
	5025.97	0.00	7.67	1528.00
	5025.98	0.00	7.68	1529.00
	5025.99	0.00	7.73	1550.00
	5026.00	0.00	7.74	1553.00
	5026.01	0.00	7.74	1554.00
	5026.02	0.00	7.74	1557.00
	5026.04	0.00	7.75	1564.00
	5026.05	0.00	7.75	1570.00
	5026.06	0.00	7.72	1569.00
	5026.07	0.00	7.71	1572.00
	5026.08	0.00	7.69	1570.00
	5026.09	0.00	7.68	1568.00
	5026.11	0.00	8.08	1618.00
	5026.12	0.00	8.02	1601.00
	5026.13	0.00	7.98	1591.00
	5026.14	0.00	7.91	1572.00
	5026.15	0.00	7.42	1450.00
	5026.16	0.00	7.40	1447.00
	5026.18	0.00	7.38	1444.00
	5026.19	0.00	7.37	1444.00
	5026.20	0.00	7.36	1443.00
	5026.21	0.00	7.36	1444.00
	5026.22	0.00	7.38	1435.00
	5026.23	0.00	7.37	1433.00
	5026.25	0.00	7.37	1428.00
	5026.26	0.00	7.35	1427.00
	5026.27	0.00	7.34	1425.00
	5026.28	0.00	7.34	1424.00
	5026.29	0.00	7.35	1423.00
	5026.31	0.00	7.34	1421.00
	5026.32	0.00	7.35	1418.00
	5026.33	0.00	7.35	1417.00
	5026.34	0.00	7.33	1415.00
	5026.35	0.00	7.34	1417.00
	5026.36	0.00	7.30	1426.00
	5026.37	0.00	7.30	1425.00
	5026.39	0.00	7.29	1421.00
	5026.40	0.00	7.28	1418.00
	5026.41	0.00	7.01	1416.00
	5026.42	0.00	7.09	1430.00
	5026.43	0.00	7.08	1428.00
	5026.44	0.00	7.12	1436.00
	5026.46	0.00	7.17	1399.00
	5026.47	0.00	7.17	1396.00
	5026.48	0.00	7.20	1395.00
	5026.49	0.00	7.24	1390.00
	5026.50	0.00	7.25	1390.00
	5026.52	0.00	7.27	1392.00
	5026.53	0.00	7.28	1392.00
	5026.54	0.00	7.28	1387.00
	5026.55	0.00	7.29	1386.00
	5026.56	0.00	7.33	1390.00
	5026.57	0.00	7.34	1386.00
	5026.58	0.00	7.84	1434.00
	5026.60	0.00	7.86	1431.00
	5026.61	0.00	7.91	1428.00
	5026.62	0.00	7.95	1421.00
	5026.63	0.00	7.99	1414.00
	5026.64	0.00	8.04	1405.00
	5026.66	0.00	8.06	1396.00
	5026.67	0.00	8.07	1387.00
	5026.68	0.00	8.08	1384.00
	5026.69	0.00	8.08	1383.00
	5026.70	0.00	7.61	1335.00
	5026.71	0.00	7.60	1339.00
	5026.72	0.00	7.55	1339.00
	5026.74	0.00	7.56	1350.00
	5026.75	0.00	7.56	1355.00
	5026.76	0.00	7.55	1367.00
	5026.77	0.00	7.56	1371.00
	5026.78	0.00	7.55	1373.00
	5026.79	0.00	7.55	1371.00
	5026.81	0.00	8.08	1428.00
	5026.82	0.00	8.12	1426.00
	5026.83	0.00	8.16	1427.00
	5026.84	0.00	8.18	1428.00
	5026.85	0.00	8.22	1426.00
	5026.87	0.00	8.28	1428.00
	5026.88	0.00	8.29	1425.00
	5026.89	0.00	8.39	1435.00
	5026.90	0.00	8.49	1448.00
	5026.91	0.00	8.50	1452.00
	5026.92	0.00	8.56	1471.00
	5026.