cycle_id,subject,population,block,trial,side,cycle_in_trial,class_label,fmg_start_sample,fmg_end_sample_exclusive,raw_samples,duration_s,contact_threshold
Sub01_A_T01_L_C01,Sub01_A,amputee,1,1,left,1,gait_initiation,3336,3501,165,1.6500000000000057,914.4141
Sub01_A_T01_L_C02,Sub01_A,amputee,1,1,left,2,unassigned_steady_or_transition,3501,3663,162,1.6200000000000045,914.4141
Sub01_A_T01_L_C03,Sub01_A,amputee,1,1,left,3,unassigned_steady_or_transition,3663,3827,164,1.6400000000000148,914.4141
Sub01_A_T01_L_C04,Sub01_A,amputee,1,1,left,4,unassigned_steady_or_transition,3827,3995,168,1.6800000000000068,914.4141
Sub01_A_T01_L_C05,Sub01_A,amputee,1,1,left,5,unassigned_steady_or_transition,3995,4183,188,1.8800000000000239,914.4141
Sub01_A_T01_L_C06,Sub01_A,amputee,1,1,left,6,unassigned_steady_or_transition,4183,4351,168,1.6899999999999977,914.4141
Sub01_A_T01_L_C07,Sub01_A,amputee,1,1,left,7,unassigned_steady_or_transition,4351,4526,175,1.75,914.4141
Sub01_A_T01_L_C08,Sub01_A,amputee,1,1,left,8,unassigned_steady_or_transition,4526,4688,162,1.6099999999999852,914.4141
Sub01_A_T01_L_C09,Sub01_A,amputee,1,1,left,9,unassigned_steady_or_transition,4688,4857,169,1.6899999999999977,914.4141
Sub01_A_T01_L_C10,Sub01_A,amputee,1,1,left,10,gait_termination,4857,5039,182,1.8199999999999932,914.4141
Sub01_A_T01_R_C01,Sub01_A,amputee,1,1,right,1,gait_initiation,3469,3633,164,1.6399999999999864,-295.95500000000004
Sub01_A_T01_R_C02,Sub01_A,amputee,1,1,right,2,unassigned_steady_or_transition,3633,3796,163,1.6299999999999955,-295.95500000000004
Sub01_A_T01_R_C03,Sub01_A,amputee,1,1,right,3,unassigned_steady_or_transition,3796,3962,166,1.6699999999999875,-295.95500000000004
Sub01_A_T01_R_C04,Sub01_A,amputee,1,1,right,4,unassigned_steady_or_transition,3962,4148,186,1.8599999999999852,-295.95500000000004
Sub01_A_T01_R_C05,Sub01_A,amputee,1,1,right,5,unassigned_steady_or_transition,4148,4328,180,1.799999999999983,-295.95500000000004
Sub01_A_T01_R_C06,Sub01_A,amputee,1,1,right,6,unassigned_steady_or_transition,4328,4503,175,1.75,-295.95500000000004
Sub01_A_T01_R_C07,Sub01_A,amputee,1,1,right,7,unassigned_steady_or_transition,4503,4670,167,1.6699999999999875,-295.95500000000004
Sub01_A_T01_R_C08,Sub01_A,amputee,1,1,right,8,unassigned_steady_or_transition,4670,4832,162,1.6199999999999761,-295.95500000000004
Sub01_A_T01_R_C09,Sub01_A,amputee,1,1,right,9,gait_termination,4832,5017,185,1.8499999999999943,-295.95500000000004
Sub01_A_T02_L_C01,Sub01_A,amputee,1,2,left,1,gait_initiation,6861,7005,144,1.4399999999999977,908.2093500000001
Sub01_A_T02_L_C02,Sub01_A,amputee,1,2,left,2,unassigned_steady_or_transition,7005,7161,156,1.5500000000000114,908.2093500000001
Sub01_A_T02_L_C03,Sub01_A,amputee,1,2,left,3,unassigned_steady_or_transition,7161,7329,168,1.670000000000016,908.2093500000001
Sub01_A_T02_L_C04,Sub01_A,amputee,1,2,left,4,unassigned_steady_or_transition,7329,7499,170,1.6999999999999886,908.2093500000001
Sub01_A_T02_L_C05,Sub01_A,amputee,1,2,left,5,unassigned_steady_or_transition,7499,7683,184,1.8400000000000034,908.2093500000001
Sub01_A_T02_L_C06,Sub01_A,amputee,1,2,left,6,unassigned_steady_or_transition,7683,7865,182,1.8199999999999932,908.2093500000001
Sub01_A_T02_L_C07,Sub01_A,amputee,1,2,left,7,unassigned_steady_or_transition,7865,8051,186,1.8700000000000045,908.2093500000001
Sub01_A_T02_L_C08,Sub01_A,amputee,1,2,left,8,unassigned_steady_or_transition,8051,8205,154,1.539999999999992,908.2093500000001
Sub01_A_T02_L_C09,Sub01_A,amputee,1,2,left,9,unassigned_steady_or_transition,8205,8365,160,1.6100000000000136,908.2093500000001
Sub01_A_T02_L_C10,Sub01_A,amputee,1,2,left,10,gait_termination,8365,8525,160,1.5999999999999943,908.2093500000001
Sub01_A_T02_R_C01,Sub01_A,amputee,1,2,right,1,gait_initiation,6835,6987,152,1.5200000000000102,-271.7
Sub01_A_T02_R_C02,Sub01_A,amputee,1,2,right,2,unassigned_steady_or_transition,6987,7142,155,1.539999999999992,-271.7
Sub01_A_T02_R_C03,Sub01_A,amputee,1,2,right,3,unassigned_steady_or_transition,7142,7313,171,1.710000000000008,-271.7
Sub01_A_T02_R_C04,Sub01_A,amputee,1,2,right,4,unassigned_steady_or_transition,7313,7479,166,1.6599999999999966,-271.7
Sub01_A_T02_R_C05,Sub01_A,amputee,1,2,right,5,unassigned_steady_or_transition,7479,7647,168,1.6800000000000068,-271.7
Sub01_A_T02_R_C06,Sub01_A,amputee,1,2,right,6,unassigned_steady_or_transition,7647,7832,185,1.8500000000000227,-271.7
Sub01_A_T02_R_C07,Sub01_A,amputee,1,2,right,7,unassigned_steady_or_transition,7832,8021,189,1.9000000000000057,-271.7
Sub01_A_T02_R_C08,Sub01_A,amputee,1,2,right,8,unassigned_steady_or_transition,8021,8177,156,1.5600000000000023,-271.7
Sub01_A_T02_R_C09,Sub01_A,amputee,1,2,right,9,unassigned_steady_or_transition,8177,8336,159,1.5900000000000034,-271.7
Sub01_A_T02_R_C10,Sub01_A,amputee,1,2,right,10,gait_termination,8336,8501,165,1.660000000000025,-271.7
Sub01_A_T03_L_C01,Sub01_A,amputee,1,3,left,1,gait_initiation,10127,10291,164,1.6399999999999864,932.84595
Sub01_A_T03_L_C02,Sub01_A,amputee,1,3,left,2,unassigned_steady_or_transition,10291,10456,165,1.6499999999999773,932.84595
Sub01_A_T03_L_C03,Sub01_A,amputee,1,3,left,3,unassigned_steady_or_transition,10456,10631,175,1.75,932.84595
Sub01_A_T03_L_C04,Sub01_A,amputee,1,3,left,4,unassigned_steady_or_transition,10631,10817,186,1.8699999999999761,932.84595
Sub01_A_T03_L_C05,Sub01_A,amputee,1,3,left,5,unassigned_steady_or_transition,10817,10996,179,1.7899999999999636,932.84595
Sub01_A_T03_L_C06,Sub01_A,amputee,1,3,left,6,unassigned_steady_or_transition,10996,11177,181,1.8100000000000023,932.84595
Sub01_A_T03_L_C07,Sub01_A,amputee,1,3,left,7,unassigned_steady_or_transition,11177,11345,168,1.6800000000000068,932.84595
Sub01_A_T03_L_C08,Sub01_A,amputee,1,3,left,8,unassigned_steady_or_transition,11345,11508,163,1.6299999999999955,932.84595
Sub01_A_T03_L_C09,Sub01_A,amputee,1,3,left,9,unassigned_steady_or_transition,11508,11672,164,1.6399999999999864,932.84595
Sub01_A_T03_L_C10,Sub01_A,amputee,1,3,left,10,gait_termination,11672,11846,174,1.740000000000009,932.84595
Sub01_A_T03_R_C01,Sub01_A,amputee,1,3,right,1,gait_initiation,10258,10425,167,1.6699999999999875,-291.71999999999997
Sub01_A_T03_R_C02,Sub01_A,amputee,1,3,right,2,unassigned_steady_or_transition,10425,10597,172,1.7199999999999989,-291.71999999999997
Sub01_A_T03_R_C03,Sub01_A,amputee,1,3,right,3,unassigned_steady_or_transition,10597,10786,189,1.8899999999999864,-291.71999999999997
Sub01_A_T03_R_C04,Sub01_A,amputee,1,3,right,4,unassigned_steady_or_transition,10786,10966,180,1.7899999999999636,-291.71999999999997
Sub01_A_T03_R_C05,Sub01_A,amputee,1,3,right,5,unassigned_steady_or_transition,10966,11149,183,1.829999999999984,-291.71999999999997
Sub01_A_T03_R_C06,Sub01_A,amputee,1,3,right,6,unassigned_steady_or_transition,11149,11326,177,1.7699999999999818,-291.71999999999997
Sub01_A_T03_R_C07,Sub01_A,amputee,1,3,right,7,unassigned_steady_or_transition,11326,11488,162,1.6200000000000045,-291.71999999999997
Sub01_A_T03_R_C08,Sub01_A,amputee,1,3,right,8,unassigned_steady_or_transition,11488,11650,162,1.6199999999999477,-291.71999999999997
Sub01_A_T03_R_C09,Sub01_A,amputee,1,3,right,9,gait_termination,11650,11824,174,1.7399999999999523,-291.71999999999997
Sub01_A_T04_L_C01,Sub01_A,amputee,1,4,left,1,gait_initiation,13471,13635,164,1.6299999999999955,927.6476500000001
Sub01_A_T04_L_C02,Sub01_A,amputee,1,4,left,2,unassigned_steady_or_transition,13635,13785,150,1.509999999999991,927.6476500000001
Sub01_A_T04_L_C03,Sub01_A,amputee,1,4,left,3,unassigned_steady_or_transition,13785,13955,170,1.6999999999999886,927.6476500000001
Sub01_A_T04_L_C04,Sub01_A,amputee,1,4,left,4,unassigned_steady_or_transition,13955,14123,168,1.6800000000000068,927.6476500000001
Sub01_A_T04_L_C05,Sub01_A,amputee,1,4,left,5,unassigned_steady_or_transition,14123,14300,177,1.7699999999999818,927.6476500000001
Sub01_A_T04_L_C06,Sub01_A,amputee,1,4,left,6,unassigned_steady_or_transition,14300,14489,189,1.8899999999999864,927.6476500000001
Sub01_A_T04_L_C07,Sub01_A,amputee,1,4,left,7,unassigned_steady_or_transition,14489,14668,179,1.7900000000000205,927.6476500000001
Sub01_A_T04_L_C08,Sub01_A,amputee,1,4,left,8,unassigned_steady_or_transition,14668,14829,161,1.6100000000000136,927.6476500000001
Sub01_A_T04_L_C09,Sub01_A,amputee,1,4,left,9,unassigned_steady_or_transition,14829,14983,154,1.5399999999999636,927.6476500000001
Sub01_A_T04_L_C10,Sub01_A,amputee,1,4,left,10,gait_termination,14983,15151,168,1.67999999999995,927.6476500000001
Sub01_A_T04_R_C01,Sub01_A,amputee,1,4,right,1,gait_initiation,13450,13613,163,1.6299999999999955,-294.635
Sub01_A_T04_R_C02,Sub01_A,amputee,1,4,right,2,unassigned_steady_or_transition,13613,13767,154,1.5399999999999636,-294.635
Sub01_A_T04_R_C03,Sub01_A,amputee,1,4,right,3,unassigned_steady_or_transition,13767,13935,168,1.67999999999995,-294.635
Sub01_A_T04_R_C04,Sub01_A,amputee,1,4,right,4,unassigned_steady_or_transition,13935,14100,165,1.6599999999999682,-294.635
Sub01_A_T04_R_C05,Sub01_A,amputee,1,4,right,5,unassigned_steady_or_transition,14100,14268,168,1.6800000000000068,-294.635
Sub01_A_T04_R_C06,Sub01_A,amputee,1,4,right,6,unassigned_steady_or_transition,14268,14455,187,1.8700000000000045,-294.635
Sub01_A_T04_R_C07,Sub01_A,amputee,1,4,right,7,unassigned_steady_or_transition,14455,14641,186,1.8600000000000136,-294.635
Sub01_A_T04_R_C08,Sub01_A,amputee,1,4,right,8,unassigned_steady_or_transition,14641,14803,162,1.6199999999999477,-294.635
Sub01_A_T04_R_C09,Sub01_A,amputee,1,4,right,9,unassigned_steady_or_transition,14803,14952,149,1.4899999999999523,-294.635
Sub01_A_T04_R_C10,Sub01_A,amputee,1,4,right,10,gait_termination,14952,15124,172,1.7199999999999704,-294.635
Sub01_A_T05_L_C01,Sub01_A,amputee,1,5,left,1,gait_initiation,16365,16528,163,1.6300000000000523,947.8574000000001
Sub01_A_T05_L_C02,Sub01_A,amputee,1,5,left,2,unassigned_steady_or_transition,16528,16692,164,1.6399999999999864,947.8574000000001
Sub01_A_T05_L_C03,Sub01_A,amputee,1,5,left,3,unassigned_steady_or_transition,16692,16864,172,1.7200000000000273,947.8574000000001
Sub01_A_T05_L_C04,Sub01_A,amputee,1,5,left,4,unassigned_steady_or_transition,16864,17035,171,1.6999999999999886,947.8574000000001
Sub01_A_T05_L_C05,Sub01_A,amputee,1,5,left,5,unassigned_steady_or_transition,17035,17201,166,1.660000000000025,947.8574000000001
Sub01_A_T05_L_C06,Sub01_A,amputee,1,5,left,6,unassigned_steady_or_transition,17201,17369,168,1.6800000000000068,947.8574000000001
Sub01_A_T05_L_C07,Sub01_A,amputee,1,5,left,7,unassigned_steady_or_transition,17369,17535,166,1.6499999999999773,947.8574000000001
Sub01_A_T05_L_C08,Sub01_A,amputee,1,5,left,8,unassigned_steady_or_transition,17535,17713,178,1.7699999999999818,947.8574000000001
Sub01_A_T05_L_C09,Sub01_A,amputee,1,5,left,9,unassigned_steady_or_transition,17713,17880,167,1.670000000000016,947.8574000000001
Sub01_A_T05_L_C10,Sub01_A,amputee,1,5,left,10,gait_termination,17880,18053,173,1.7300000000000182,947.8574000000001
Sub01_A_T05_R_C01,Sub01_A,amputee,1,5,right,1,gait_initiation,16341,16458,117,1.1599999999999682,247.95000000000002
Sub01_A_T05_R_C02,Sub01_A,amputee,1,5,right,2,unassigned_steady_or_transition,16458,16626,168,1.6800000000000068,247.95000000000002
Sub01_A_T05_R_C03,Sub01_A,amputee,1,5,right,3,unassigned_steady_or_transition,16626,16789,163,1.6299999999999955,247.95000000000002
Sub01_A_T05_R_C04,Sub01_A,amputee,1,5,right,4,unassigned_steady_or_transition,16789,16962,173,1.7299999999999613,247.95000000000002
Sub01_A_T05_R_C05,Sub01_A,amputee,1,5,right,5,unassigned_steady_or_transition,16962,17127,165,1.6400000000000432,247.95000000000002
Sub01_A_T05_R_C06,Sub01_A,amputee,1,5,right,6,unassigned_steady_or_transition,17127,17304,177,1.759999999999991,247.95000000000002
Sub01_A_T05_R_C07,Sub01_A,amputee,1,5,right,7,unassigned_steady_or_transition,17304,17470,166,1.660000000000025,247.95000000000002
Sub01_A_T05_R_C08,Sub01_A,amputee,1,5,right,8,unassigned_steady_or_transition,17470,17641,171,1.7099999999999795,247.95000000000002
Sub01_A_T05_R_C09,Sub01_A,amputee,1,5,right,9,unassigned_steady_or_transition,17641,17809,168,1.67999999999995,247.95000000000002
Sub01_A_T05_R_C10,Sub01_A,amputee,1,5,right,10,unassigned_steady_or_transition,17809,17985,176,1.75,247.95000000000002
Sub01_A_T05_R_C11,Sub01_A,amputee,1,5,right,11,gait_termination,17985,18156,171,1.7099999999999795,247.95000000000002
Sub01_A_T06_L_C01,Sub01_A,amputee,1,6,left,1,gait_initiation,19701,19877,176,1.75,-999.5195
Sub01_A_T06_L_C02,Sub01_A,amputee,1,6,left,2,unassigned_steady_or_transition,19877,20039,162,1.6200000000000045,-999.5195
Sub01_A_T06_L_C03,Sub01_A,amputee,1,6,left,3,unassigned_steady_or_transition,20039,20203,164,1.6299999999999955,-999.5195
Sub01_A_T06_L_C04,Sub01_A,amputee,1,6,left,4,unassigned_steady_or_transition,20203,20379,176,1.759999999999991,-999.5195
Sub01_A_T06_L_C05,Sub01_A,amputee,1,6,left,5,unassigned_steady_or_transition,20379,20557,178,1.7800000000000296,-999.5195
Sub01_A_T06_L_C06,Sub01_A,amputee,1,6,left,6,unassigned_steady_or_transition,20557,20723,166,1.6599999999999682,-999.5195
Sub01_A_T06_L_C07,Sub01_A,amputee,1,6,left,7,unassigned_steady_or_transition,20723,20897,174,1.75,-999.5195
Sub01_A_T06_L_C08,Sub01_A,amputee,1,6,left,8,unassigned_steady_or_transition,20897,21051,154,1.5399999999999636,-999.5195
Sub01_A_T06_L_C09,Sub01_A,amputee,1,6,left,9,unassigned_steady_or_transition,21051,21213,162,1.6199999999999477,-999.5195
Sub01_A_T06_L_C10,Sub01_A,amputee,1,6,left,10,gait_termination,21213,21380,167,1.669999999999959,-999.5195
Sub01_A_T06_R_C01,Sub01_A,amputee,1,6,right,1,gait_initiation,19745,19921,176,1.759999999999991,-278.29999999999995
Sub01_A_T06_R_C02,Sub01_A,amputee,1,6,right,2,unassigned_steady_or_transition,19921,20078,157,1.5699999999999932,-278.29999999999995
Sub01_A_T06_R_C03,Sub01_A,amputee,1,6,right,3,unassigned_steady_or_transition,20078,20252,174,1.740000000000009,-278.29999999999995
Sub01_A_T06_R_C04,Sub01_A,amputee,1,6,right,4,unassigned_steady_or_transition,20252,20429,177,1.7699999999999818,-278.29999999999995
Sub01_A_T06_R_C05,Sub01_A,amputee,1,6,right,5,unassigned_steady_or_transition,20429,20593,164,1.6299999999999955,-278.29999999999995
Sub01_A_T06_R_C06,Sub01_A,amputee,1,6,right,6,unassigned_steady_or_transition,20593,20760,167,1.6800000000000068,-278.29999999999995
Sub01_A_T06_R_C07,Sub01_A,amputee,1,6,right,7,unassigned_steady_or_transition,20760,20926,166,1.6599999999999682,-278.29999999999995
Sub01_A_T06_R_C08,Sub01_A,amputee,1,6,right,8,unassigned_steady_or_transition,20926,21086,160,1.6000000000000227,-278.29999999999995
Sub01_A_T06_R_C09,Sub01_A,amputee,1,6,right,9,gait_termination,21086,21249,163,1.6299999999999955,-278.29999999999995
Sub01_A_T07_L_C01,Sub01_A,amputee,1,7,left,1,gait_initiation,22930,23103,173,1.7300000000000182,953.7162000000001
Sub01_A_T07_L_C02,Sub01_A,amputee,1,7,left,2,unassigned_steady_or_transition,23103,23267,164,1.6399999999999864,953.7162000000001
Sub01_A_T07_L_C03,Sub01_A,amputee,1,7,left,3,unassigned_steady_or_transition,23267,23423,156,1.5600000000000023,953.7162000000001
Sub01_A_T07_L_C04,Sub01_A,amputee,1,7,left,4,unassigned_steady_or_transition,23423,23584,161,1.6100000000000136,953.7162000000001
Sub01_A_T07_L_C05,Sub01_A,amputee,1,7,left,5,unassigned_steady_or_transition,23584,23755,171,1.7000000000000455,953.7162000000001
Sub01_A_T07_L_C06,Sub01_A,amputee,1,7,left,6,unassigned_steady_or_transition,23755,23931,176,1.759999999999991,953.7162000000001
Sub01_A_T07_L_C07,Sub01_A,amputee,1,7,left,7,unassigned_steady_or_transition,23931,24108,177,1.7700000000000387,953.7162000000001
Sub01_A_T07_L_C08,Sub01_A,amputee,1,7,left,8,unassigned_steady_or_transition,24108,24272,164,1.6299999999999955,953.7162000000001
Sub01_A_T07_L_C09,Sub01_A,amputee,1,7,left,9,unassigned_steady_or_transition,24272,24432,160,1.5900000000000318,953.7162000000001
Sub01_A_T07_L_C10,Sub01_A,amputee,1,7,left,10,gait_termination,24432,24610,178,1.7799999999999727,953.7162000000001
Sub01_A_T07_R_C01,Sub01_A,amputee,1,7,right,1,gait_initiation,23071,23241,170,1.6999999999999886,-301.73
Sub01_A_T07_R_C02,Sub01_A,amputee,1,7,right,2,unassigned_steady_or_transition,23241,23394,153,1.5300000000000296,-301.73
Sub01_A_T07_R_C03,Sub01_A,amputee,1,7,right,3,unassigned_steady_or_transition,23394,23558,164,1.6299999999999955,-301.73
Sub01_A_T07_R_C04,Sub01_A,amputee,1,7,right,4,unassigned_steady_or_transition,23558,23729,171,1.7099999999999795,-301.73
Sub01_A_T07_R_C05,Sub01_A,amputee,1,7,right,5,unassigned_steady_or_transition,23729,23914,185,1.849999999999966,-301.73
Sub01_A_T07_R_C06,Sub01_A,amputee,1,7,right,6,unassigned_steady_or_transition,23914,24085,171,1.7100000000000364,-301.73
Sub01_A_T07_R_C07,Sub01_A,amputee,1,7,right,7,unassigned_steady_or_transition,24085,24251,166,1.6599999999999682,-301.73
Sub01_A_T07_R_C08,Sub01_A,amputee,1,7,right,8,unassigned_steady_or_transition,24251,24409,158,1.579999999999984,-301.73
Sub01_A_T07_R_C09,Sub01_A,amputee,1,7,right,9,gait_termination,24409,24584,175,1.75,-301.73
Sub01_A_T08_L_C01,Sub01_A,amputee,1,8,left,1,gait_initiation,25965,26122,157,1.5600000000000023,-1010.712
Sub01_A_T08_L_C02,Sub01_A,amputee,1,8,left,2,unassigned_steady_or_transition,26122,26280,158,1.579999999999984,-1010.712
Sub01_A_T08_L_C03,Sub01_A,amputee,1,8,left,3,unassigned_steady_or_transition,26280,26431,151,1.5,-1010.712
Sub01_A_T08_L_C04,Sub01_A,amputee,1,8,left,4,unassigned_steady_or_transition,26431,26607,176,1.759999999999991,-1010.712
Sub01_A_T08_L_C05,Sub01_A,amputee,1,8,left,5,unassigned_steady_or_transition,26607,26772,165,1.6399999999999864,-1010.712
Sub01_A_T08_L_C06,Sub01_A,amputee,1,8,left,6,unassigned_steady_or_transition,26772,26944,172,1.7200000000000273,-1010.712
Sub01_A_T08_L_C07,Sub01_A,amputee,1,8,left,7,unassigned_steady_or_transition,26944,27127,183,1.829999999999984,-1010.712
Sub01_A_T08_L_C08,Sub01_A,amputee,1,8,left,8,unassigned_steady_or_transition,27127,27291,164,1.6299999999999955,-1010.712
Sub01_A_T08_L_C09,Sub01_A,amputee,1,8,left,9,unassigned_steady_or_transition,27291,27457,166,1.6499999999999773,-1010.712
Sub01_A_T08_L_C10,Sub01_A,amputee,1,8,left,10,gait_termination,27457,27628,171,1.7099999999999795,-1010.712
Sub01_A_T08_R_C01,Sub01_A,amputee,1,8,right,1,gait_initiation,26003,26160,157,1.5699999999999932,-292.985
Sub01_A_T08_R_C02,Sub01_A,amputee,1,8,right,2,unassigned_steady_or_transition,26160,26320,160,1.599999999999966,-292.985
Sub01_A_T08_R_C03,Sub01_A,amputee,1,8,right,3,unassigned_steady_or_transition,26320,26477,157,1.57000000000005,-292.985
Sub01_A_T08_R_C04,Sub01_A,amputee,1,8,right,4,unassigned_steady_or_transition,26477,26639,162,1.6200000000000045,-292.985
Sub01_A_T08_R_C05,Sub01_A,amputee,1,8,right,5,unassigned_steady_or_transition,26639,26802,163,1.6200000000000045,-292.985
Sub01_A_T08_R_C06,Sub01_A,amputee,1,8,right,6,unassigned_steady_or_transition,26802,26981,179,1.7899999999999636,-292.985
Sub01_A_T08_R_C07,Sub01_A,amputee,1,8,right,7,unassigned_steady_or_transition,26981,27158,177,1.7699999999999818,-292.985
Sub01_A_T08_R_C08,Sub01_A,amputee,1,8,right,8,unassigned_steady_or_transition,27158,27324,166,1.660000000000025,-292.985
Sub01_A_T08_R_C09,Sub01_A,amputee,1,8,right,9,gait_termination,27324,27493,169,1.6800000000000068,-292.985
Sub01_A_T09_L_C01,Sub01_A,amputee,1,9,left,1,gait_initiation,28906,29071,165,1.6399999999999864,957.4194
Sub01_A_T09_L_C02,Sub01_A,amputee,1,9,left,2,unassigned_steady_or_transition,29071,29226,155,1.5500000000000114,957.4194
Sub01_A_T09_L_C03,Sub01_A,amputee,1,9,left,3,unassigned_steady_or_transition,29226,29380,154,1.5400000000000205,957.4194
Sub01_A_T09_L_C04,Sub01_A,amputee,1,9,left,4,unassigned_steady_or_transition,29380,29545,165,1.6399999999999864,957.4194
Sub01_A_T09_L_C05,Sub01_A,amputee,1,9,left,5,unassigned_steady_or_transition,29545,29716,171,1.7099999999999795,957.4194
Sub01_A_T09_L_C06,Sub01_A,amputee,1,9,left,6,unassigned_steady_or_transition,29716,29879,163,1.6299999999999955,957.4194
Sub01_A_T09_L_C07,Sub01_A,amputee,1,9,left,7,unassigned_steady_or_transition,29879,30055,176,1.759999999999991,957.4194
Sub01_A_T09_L_C08,Sub01_A,amputee,1,9,left,8,unassigned_steady_or_transition,30055,30234,179,1.7900000000000205,957.4194
Sub01_A_T09_L_C09,Sub01_A,amputee,1,9,left,9,unassigned_steady_or_transition,30234,30405,171,1.7099999999999795,957.4194
Sub01_A_T09_L_C10,Sub01_A,amputee,1,9,left,10,gait_termination,30405,30580,175,1.7399999999999523,957.4194
Sub01_A_T09_R_C01,Sub01_A,amputee,1,9,right,1,gait_initiation,29044,29200,156,1.5600000000000023,-302.115
Sub01_A_T09_R_C02,Sub01_A,amputee,1,9,right,2,unassigned_steady_or_transition,29200,29355,155,1.5399999999999636,-302.115
Sub01_A_T09_R_C03,Sub01_A,amputee,1,9,right,3,unassigned_steady_or_transition,29355,29518,163,1.6299999999999955,-302.115
Sub01_A_T09_R_C04,Sub01_A,amputee,1,9,right,4,unassigned_steady_or_transition,29518,29690,172,1.7199999999999704,-302.115
Sub01_A_T09_R_C05,Sub01_A,amputee,1,9,right,5,unassigned_steady_or_transition,29690,29853,163,1.6300000000000523,-302.115
Sub01_A_T09_R_C06,Sub01_A,amputee,1,9,right,6,unassigned_steady_or_transition,29853,30033,180,1.8000000000000114,-302.115
Sub01_A_T09_R_C07,Sub01_A,amputee,1,9,right,7,unassigned_steady_or_transition,30033,30212,179,1.7799999999999727,-302.115
Sub01_A_T09_R_C08,Sub01_A,amputee,1,9,right,8,unassigned_steady_or_transition,30212,30393,181,1.8100000000000023,-302.115
Sub01_A_T09_R_C09,Sub01_A,amputee,1,9,right,9,gait_termination,30393,30557,164,1.6400000000000432,-302.115
Sub01_A_T10_L_C01,Sub01_A,amputee,1,10,left,1,gait_initiation,32219,32386,167,1.660000000000025,980.7655
Sub01_A_T10_L_C02,Sub01_A,amputee,1,10,left,2,unassigned_steady_or_transition,32386,32548,162,1.6100000000000136,980.7655
Sub01_A_T10_L_C03,Sub01_A,amputee,1,10,left,3,unassigned_steady_or_transition,32548,32745,197,1.9700000000000273,980.7655
Sub01_A_T10_L_C04,Sub01_A,amputee,1,10,left,4,unassigned_steady_or_transition,32745,32900,155,1.5600000000000023,980.7655
Sub01_A_T10_L_C05,Sub01_A,amputee,1,10,left,5,unassigned_steady_or_transition,32900,33067,167,1.6599999999999682,980.7655
Sub01_A_T10_L_C06,Sub01_A,amputee,1,10,left,6,unassigned_steady_or_transition,33067,33233,166,1.6599999999999682,980.7655
Sub01_A_T10_L_C07,Sub01_A,amputee,1,10,left,7,unassigned_steady_or_transition,33233,33404,171,1.6999999999999886,980.7655
Sub01_A_T10_L_C08,Sub01_A,amputee,1,10,left,8,unassigned_steady_or_transition,33404,33566,162,1.6200000000000045,980.7655
Sub01_A_T10_L_C09,Sub01_A,amputee,1,10,left,9,unassigned_steady_or_transition,33566,33730,164,1.6399999999999864,980.7655
Sub01_A_T10_L_C10,Sub01_A,amputee,1,10,left,10,gait_termination,33730,33900,170,1.6899999999999977,980.7655
Sub01_A_T10_R_C01,Sub01_A,amputee,1,10,right,1,gait_initiation,32199,32369,170,1.6899999999999977,-293.975
Sub01_A_T10_R_C02,Sub01_A,amputee,1,10,right,2,unassigned_steady_or_transition,32369,32528,159,1.5900000000000318,-293.975
Sub01_A_T10_R_C03,Sub01_A,amputee,1,10,right,3,unassigned_steady_or_transition,32528,32710,182,1.8199999999999932,-293.975
Sub01_A_T10_R_C04,Sub01_A,amputee,1,10,right,4,unassigned_steady_or_transition,32710,32877,167,1.670000000000016,-293.975
Sub01_A_T10_R_C05,Sub01_A,amputee,1,10,right,5,unassigned_steady_or_transition,32877,33040,163,1.6299999999999955,-293.975
Sub01_A_T10_R_C06,Sub01_A,amputee,1,10,right,6,unassigned_steady_or_transition,33040,33204,164,1.6299999999999955,-293.975
Sub01_A_T10_R_C07,Sub01_A,amputee,1,10,right,7,unassigned_steady_or_transition,33204,33375,171,1.7100000000000364,-293.975
Sub01_A_T10_R_C08,Sub01_A,amputee,1,10,right,8,unassigned_steady_or_transition,33375,33537,162,1.6200000000000045,-293.975
Sub01_A_T10_R_C09,Sub01_A,amputee,1,10,right,9,unassigned_steady_or_transition,33537,33702,165,1.6499999999999773,-293.975
Sub01_A_T10_R_C10,Sub01_A,amputee,1,10,right,10,gait_termination,33702,33874,172,1.7099999999999795,-293.975
Sub01_A_T21_L_C01,Sub01_A,amputee,21,21,left,1,gait_initiation,1538,1710,172,1.740000000000009,-1120.1131
Sub01_A_T21_L_C02,Sub01_A,amputee,21,21,left,2,unassigned_steady_or_transition,1710,1871,161,1.6299999999998818,-1120.1131
Sub01_A_T21_L_C03,Sub01_A,amputee,21,21,left,3,unassigned_steady_or_transition,1871,2027,156,1.5699999999999363,-1120.1131
Sub01_A_T21_L_C04,Sub01_A,amputee,21,21,left,4,unassigned_steady_or_transition,2027,2190,163,1.6399999999998727,-1120.1131
Sub01_A_T21_L_C05,Sub01_A,amputee,21,21,left,5,unassigned_steady_or_transition,2190,2343,153,1.5399999999999636,-1120.1131
Sub01_A_T21_L_C06,Sub01_A,amputee,21,21,left,6,unassigned_steady_or_transition,2343,2522,179,1.8100000000001728,-1120.1131
Sub01_A_T21_L_C07,Sub01_A,amputee,21,21,left,7,unassigned_steady_or_transition,2522,2692,170,1.709999999999809,-1120.1131
Sub01_A_T21_L_C08,Sub01_A,amputee,21,21,left,8,unassigned_steady_or_transition,2692,2877,185,1.8699999999998909,-1120.1131
Sub01_A_T21_L_C09,Sub01_A,amputee,21,21,left,9,unassigned_steady_or_transition,2877,3050,173,1.740000000000009,-1120.1131
Sub01_A_T21_L_C10,Sub01_A,amputee,21,21,left,10,gait_termination,3050,3229,179,1.8099999999999454,-1120.1131
Sub01_A_T21_R_C01,Sub01_A,amputee,21,21,right,1,gait_initiation,1581,1749,168,1.7000000000000455,-268.12499999999994
Sub01_A_T21_R_C02,Sub01_A,amputee,21,21,right,2,unassigned_steady_or_transition,1749,1904,155,1.5599999999999454,-268.12499999999994
Sub01_A_T21_R_C03,Sub01_A,amputee,21,21,right,3,unassigned_steady_or_transition,1904,2059,155,1.5700000000001637,-268.12499999999994
Sub01_A_T21_R_C04,Sub01_A,amputee,21,21,right,4,unassigned_steady_or_transition,2059,2220,161,1.6299999999998818,-268.12499999999994
Sub01_A_T21_R_C05,Sub01_A,amputee,21,21,right,5,unassigned_steady_or_transition,2220,2386,166,1.6700000000000728,-268.12499999999994
Sub01_A_T21_R_C06,Sub01_A,amputee,21,21,right,6,unassigned_steady_or_transition,2386,2556,170,1.7200000000000273,-268.12499999999994
Sub01_A_T21_R_C07,Sub01_A,amputee,21,21,right,7,unassigned_steady_or_transition,2556,2733,177,1.7799999999999727,-268.12499999999994
Sub01_A_T21_R_C08,Sub01_A,amputee,21,21,right,8,unassigned_steady_or_transition,2733,2916,183,1.8400000000001455,-268.12499999999994
Sub01_A_T21_R_C09,Sub01_A,amputee,21,21,right,9,gait_termination,2916,3090,174,1.759999999999991,-268.12499999999994
Sub01_A_T22_L_C01,Sub01_A,amputee,21,22,left,1,gait_initiation,4673,4817,144,1.4600000000000364,1076.6986000000002
Sub01_A_T22_L_C02,Sub01_A,amputee,21,22,left,2,unassigned_steady_or_transition,4817,4971,154,1.5499999999999545,1076.6986000000002
Sub01_A_T22_L_C03,Sub01_A,amputee,21,22,left,3,unassigned_steady_or_transition,4971,5125,154,1.5599999999999454,1076.6986000000002
Sub01_A_T22_L_C04,Sub01_A,amputee,21,22,left,4,unassigned_steady_or_transition,5125,5290,165,1.6600000000000819,1076.6986000000002
Sub01_A_T22_L_C05,Sub01_A,amputee,21,22,left,5,unassigned_steady_or_transition,5290,5465,175,1.7699999999999818,1076.6986000000002
Sub01_A_T22_L_C06,Sub01_A,amputee,21,22,left,6,unassigned_steady_or_transition,5465,5648,183,1.8500000000001364,1076.6986000000002
Sub01_A_T22_L_C07,Sub01_A,amputee,21,22,left,7,unassigned_steady_or_transition,5648,5813,165,1.6599999999998545,1076.6986000000002
Sub01_A_T22_L_C08,Sub01_A,amputee,21,22,left,8,unassigned_steady_or_transition,5813,5980,167,1.6800000000000637,1076.6986000000002
Sub01_A_T22_L_C09,Sub01_A,amputee,21,22,left,9,unassigned_steady_or_transition,5980,6155,175,1.7699999999999818,1076.6986000000002
Sub01_A_T22_L_C10,Sub01_A,amputee,21,22,left,10,gait_termination,6155,6327,172,1.740000000000009,1076.6986000000002
Sub01_A_T22_R_C01,Sub01_A,amputee,21,22,right,1,gait_initiation,4797,4942,145,1.4700000000000273,-289.41
Sub01_A_T22_R_C02,Sub01_A,amputee,21,22,right,2,unassigned_steady_or_transition,4942,5098,156,1.5699999999999363,-289.41
Sub01_A_T22_R_C03,Sub01_A,amputee,21,22,right,3,unassigned_steady_or_transition,5098,5265,167,1.6900000000000546,-289.41
Sub01_A_T22_R_C04,Sub01_A,amputee,21,22,right,4,unassigned_steady_or_transition,5265,5443,178,1.7999999999999545,-289.41
Sub01_A_T22_R_C05,Sub01_A,amputee,21,22,right,5,unassigned_steady_or_transition,5443,5614,171,1.7300000000000182,-289.41
Sub01_A_T22_R_C06,Sub01_A,amputee,21,22,right,6,unassigned_steady_or_transition,5614,5785,171,1.7200000000000273,-289.41
Sub01_A_T22_R_C07,Sub01_A,amputee,21,22,right,7,unassigned_steady_or_transition,5785,5947,162,1.6400000000001,-289.41
Sub01_A_T22_R_C08,Sub01_A,amputee,21,22,right,8,unassigned_steady_or_transition,5947,6124,177,1.7899999999999636,-289.41
Sub01_A_T22_R_C09,Sub01_A,amputee,21,22,right,9,gait_termination,6124,6296,172,1.7300000000000182,-289.41
Sub01_A_T23_L_C01,Sub01_A,amputee,21,23,left,1,gait_initiation,7934,8100,166,1.6699999999998454,1137.3112999999998
Sub01_A_T23_L_C02,Sub01_A,amputee,21,23,left,2,unassigned_steady_or_transition,8100,8266,166,1.6800000000000637,1137.3112999999998
Sub01_A_T23_L_C03,Sub01_A,amputee,21,23,left,3,unassigned_steady_or_transition,8266,8431,165,1.6600000000000819,1137.3112999999998
Sub01_A_T23_L_C04,Sub01_A,amputee,21,23,left,4,unassigned_steady_or_transition,8431,8603,172,1.740000000000009,1137.3112999999998
Sub01_A_T23_L_C05,Sub01_A,amputee,21,23,left,5,unassigned_steady_or_transition,8603,8776,173,1.75,1137.3112999999998
Sub01_A_T23_L_C06,Sub01_A,amputee,21,23,left,6,unassigned_steady_or_transition,8776,8946,170,1.7200000000000273,1137.3112999999998
Sub01_A_T23_L_C07,Sub01_A,amputee,21,23,left,7,unassigned_steady_or_transition,8946,9137,191,1.9299999999998363,1137.3112999999998
Sub01_A_T23_L_C08,Sub01_A,amputee,21,23,left,8,unassigned_steady_or_transition,9137,9295,158,1.5900000000001455,1137.3112999999998
Sub01_A_T23_L_C09,Sub01_A,amputee,21,23,left,9,gait_termination,9295,9466,171,1.7300000000000182,1137.3112999999998
Sub01_A_T23_R_C01,Sub01_A,amputee,21,23,right,1,gait_initiation,7894,8068,174,1.759999999999991,-299.86
Sub01_A_T23_R_C02,Sub01_A,amputee,21,23,right,2,unassigned_steady_or_transition,8068,8236,168,1.6900000000000546,-299.86
Sub01_A_T23_R_C03,Sub01_A,amputee,21,23,right,3,unassigned_steady_or_transition,8236,8403,167,1.6900000000000546,-299.86
Sub01_A_T23_R_C04,Sub01_A,amputee,21,23,right,4,unassigned_steady_or_transition,8403,8574,171,1.7199999999998,-299.86
Sub01_A_T23_R_C05,Sub01_A,amputee,21,23,right,5,unassigned_steady_or_transition,8574,8757,183,1.8500000000001364,-299.86
Sub01_A_T23_R_C06,Sub01_A,amputee,21,23,right,6,unassigned_steady_or_transition,8757,8925,168,1.7000000000000455,-299.86
Sub01_A_T23_R_C07,Sub01_A,amputee,21,23,right,7,unassigned_steady_or_transition,8925,9105,180,1.8199999999999363,-299.86
Sub01_A_T23_R_C08,Sub01_A,amputee,21,23,right,8,unassigned_steady_or_transition,9105,9273,168,1.7000000000000455,-299.86
Sub01_A_T23_R_C09,Sub01_A,amputee,21,23,right,9,gait_termination,9273,9434,161,1.6199999999998909,-299.86
Sub01_A_T24_L_C01,Sub01_A,amputee,21,24,left,1,gait_initiation,10880,11038,158,1.5899999999999181,1147.2207
Sub01_A_T24_L_C02,Sub01_A,amputee,21,24,left,2,unassigned_steady_or_transition,11038,11190,152,1.5399999999999636,1147.2207
Sub01_A_T24_L_C03,Sub01_A,amputee,21,24,left,3,unassigned_steady_or_transition,11190,11361,171,1.7200000000000273,1147.2207
Sub01_A_T24_L_C04,Sub01_A,amputee,21,24,left,4,unassigned_steady_or_transition,11361,11541,180,1.8199999999999363,1147.2207
Sub01_A_T24_L_C05,Sub01_A,amputee,21,24,left,5,unassigned_steady_or_transition,11541,11715,174,1.75,1147.2207
Sub01_A_T24_L_C06,Sub01_A,amputee,21,24,left,6,unassigned_steady_or_transition,11715,11905,190,1.9200000000000728,1147.2207
Sub01_A_T24_L_C07,Sub01_A,amputee,21,24,left,7,unassigned_steady_or_transition,11905,12074,169,1.7100000000000364,1147.2207
Sub01_A_T24_L_C08,Sub01_A,amputee,21,24,left,8,unassigned_steady_or_transition,12074,12236,162,1.6299999999998818,1147.2207
Sub01_A_T24_L_C09,Sub01_A,amputee,21,24,left,9,unassigned_steady_or_transition,12236,12393,157,1.5900000000001455,1147.2207
Sub01_A_T24_L_C10,Sub01_A,amputee,21,24,left,10,gait_termination,12393,12557,164,1.6499999999998636,1147.2207
Sub01_A_T24_R_C01,Sub01_A,amputee,21,24,right,1,gait_initiation,10867,10974,107,1.0699999999999363,240.43499999999997
Sub01_A_T24_R_C02,Sub01_A,amputee,21,24,right,2,unassigned_steady_or_transition,10974,11123,149,1.5,240.43499999999997
Sub01_A_T24_R_C03,Sub01_A,amputee,21,24,right,3,unassigned_steady_or_transition,11123,11288,165,1.6600000000000819,240.43499999999997
Sub01_A_T24_R_C04,Sub01_A,amputee,21,24,right,4,unassigned_steady_or_transition,11288,11461,173,1.75,240.43499999999997
Sub01_A_T24_R_C05,Sub01_A,amputee,21,24,right,5,unassigned_steady_or_transition,11461,11643,182,1.8299999999999272,240.43499999999997
Sub01_A_T24_R_C06,Sub01_A,amputee,21,24,right,6,unassigned_steady_or_transition,11643,11831,188,1.900000000000091,240.43499999999997
Sub01_A_T24_R_C07,Sub01_A,amputee,21,24,right,7,unassigned_steady_or_transition,11831,12001,170,1.7100000000000364,240.43499999999997
Sub01_A_T24_R_C08,Sub01_A,amputee,21,24,right,8,unassigned_steady_or_transition,12001,12166,165,1.6699999999998454,240.43499999999997
Sub01_A_T24_R_C09,Sub01_A,amputee,21,24,right,9,unassigned_steady_or_transition,12166,12328,162,1.6300000000001091,240.43499999999997
Sub01_A_T24_R_C10,Sub01_A,amputee,21,24,right,10,unassigned_steady_or_transition,12328,12490,162,1.6399999999998727,240.43499999999997
Sub01_A_T24_R_C11,Sub01_A,amputee,21,24,right,11,gait_termination,12490,12654,164,1.650000000000091,240.43499999999997
Sub01_A_T25_L_C01,Sub01_A,amputee,21,25,left,1,gait_initiation,13967,14138,171,1.7300000000000182,-1256.063
Sub01_A_T25_L_C02,Sub01_A,amputee,21,25,left,2,unassigned_steady_or_transition,14138,14300,162,1.6300000000001091,-1256.063
Sub01_A_T25_L_C03,Sub01_A,amputee,21,25,left,3,unassigned_steady_or_transition,14300,14456,156,1.5699999999999363,-1256.063
Sub01_A_T25_L_C04,Sub01_A,amputee,21,25,left,4,unassigned_steady_or_transition,14456,14625,169,1.7100000000000364,-1256.063
Sub01_A_T25_L_C05,Sub01_A,amputee,21,25,left,5,unassigned_steady_or_transition,14625,14794,169,1.7000000000000455,-1256.063
Sub01_A_T25_L_C06,Sub01_A,amputee,21,25,left,6,unassigned_steady_or_transition,14794,14960,166,1.6800000000000637,-1256.063
Sub01_A_T25_L_C07,Sub01_A,amputee,21,25,left,7,unassigned_steady_or_transition,14960,15120,160,1.6199999999998909,-1256.063
Sub01_A_T25_L_C08,Sub01_A,amputee,21,25,left,8,unassigned_steady_or_transition,15120,15283,163,1.6300000000001091,-1256.063
Sub01_A_T25_L_C09,Sub01_A,amputee,21,25,left,9,unassigned_steady_or_transition,15283,15440,157,1.5799999999999272,-1256.063
Sub01_A_T25_L_C10,Sub01_A,amputee,21,25,left,10,gait_termination,15440,15622,182,1.8299999999999272,-1256.063
Sub01_A_T25_R_C01,Sub01_A,amputee,21,25,right,1,gait_initiation,14006,14176,170,1.7200000000000273,-310.09
Sub01_A_T25_R_C02,Sub01_A,amputee,21,25,right,2,unassigned_steady_or_transition,14176,14335,159,1.599999999999909,-310.09
Sub01_A_T25_R_C03,Sub01_A,amputee,21,25,right,3,unassigned_steady_or_transition,14335,14496,161,1.6300000000001091,-310.09
Sub01_A_T25_R_C04,Sub01_A,amputee,21,25,right,4,unassigned_steady_or_transition,14496,14663,167,1.6800000000000637,-310.09
Sub01_A_T25_R_C05,Sub01_A,amputee,21,25,right,5,unassigned_steady_or_transition,14663,14857,194,1.959999999999809,-310.09
Sub01_A_T25_R_C06,Sub01_A,amputee,21,25,right,6,unassigned_steady_or_transition,14857,15002,145,1.4700000000000273,-310.09
Sub01_A_T25_R_C07,Sub01_A,amputee,21,25,right,7,unassigned_steady_or_transition,15002,15150,148,1.490000000000009,-310.09
Sub01_A_T25_R_C08,Sub01_A,amputee,21,25,right,8,unassigned_steady_or_transition,15150,15315,165,1.6600000000000819,-310.09
Sub01_A_T25_R_C09,Sub01_A,amputee,21,25,right,9,gait_termination,15315,15489,174,1.75,-310.09
Sub01_A_T26_L_C01,Sub01_A,amputee,21,26,left,1,gait_initiation,17446,17596,150,1.509999999999991,1182.5156
Sub01_A_T26_L_C02,Sub01_A,amputee,21,26,left,2,unassigned_steady_or_transition,17596,17742,146,1.4699999999998,1182.5156
Sub01_A_T26_L_C03,Sub01_A,amputee,21,26,left,3,unassigned_steady_or_transition,17742,17901,159,1.6000000000001364,1182.5156
Sub01_A_T26_L_C04,Sub01_A,amputee,21,26,left,4,unassigned_steady_or_transition,17901,18062,161,1.6299999999998818,1182.5156
Sub01_A_T26_L_C05,Sub01_A,amputee,21,26,left,5,unassigned_steady_or_transition,18062,18224,162,1.6300000000001091,1182.5156
Sub01_A_T26_L_C06,Sub01_A,amputee,21,26,left,6,unassigned_steady_or_transition,18224,18396,172,1.7300000000000182,1182.5156
Sub01_A_T26_L_C07,Sub01_A,amputee,21,26,left,7,unassigned_steady_or_transition,18396,18564,168,1.7000000000000455,1182.5156
Sub01_A_T26_L_C08,Sub01_A,amputee,21,26,left,8,unassigned_steady_or_transition,18564,18735,171,1.7300000000000182,1182.5156
Sub01_A_T26_L_C09,Sub01_A,amputee,21,26,left,9,unassigned_steady_or_transition,18735,18906,171,1.7200000000000273,1182.5156
Sub01_A_T26_L_C10,Sub01_A,amputee,21,26,left,10,gait_termination,18906,19072,166,1.6799999999998363,1182.5156
Sub01_A_T26_R_C01,Sub01_A,amputee,21,26,right,1,gait_initiation,17575,17721,146,1.4700000000000273,-306.29499999999996
Sub01_A_T26_R_C02,Sub01_A,amputee,21,26,right,2,unassigned_steady_or_transition,17721,17880,159,1.599999999999909,-306.29499999999996
Sub01_A_T26_R_C03,Sub01_A,amputee,21,26,right,3,unassigned_steady_or_transition,17880,18041,161,1.6200000000001182,-306.29499999999996
Sub01_A_T26_R_C04,Sub01_A,amputee,21,26,right,4,unassigned_steady_or_transition,18041,18196,155,1.5599999999999454,-306.29499999999996
Sub01_A_T26_R_C05,Sub01_A,amputee,21,26,right,5,unassigned_steady_or_transition,18196,18359,163,1.6499999999998636,-306.29499999999996
Sub01_A_T26_R_C06,Sub01_A,amputee,21,26,right,6,unassigned_steady_or_transition,18359,18532,173,1.740000000000009,-306.29499999999996
Sub01_A_T26_R_C07,Sub01_A,amputee,21,26,right,7,unassigned_steady_or_transition,18532,18706,174,1.7600000000002183,-306.29499999999996
Sub01_A_T26_R_C08,Sub01_A,amputee,21,26,right,8,unassigned_steady_or_transition,18706,18876,170,1.7199999999998,-306.29499999999996
Sub01_A_T26_R_C09,Sub01_A,amputee,21,26,right,9,gait_termination,18876,19045,169,1.7000000000000455,-306.29499999999996
Sub01_A_T27_L_C01,Sub01_A,amputee,21,27,left,1,gait_initiation,20635,20797,162,1.6399999999998727,1207.136
Sub01_A_T27_L_C02,Sub01_A,amputee,21,27,left,2,unassigned_steady_or_transition,20797,20954,157,1.5800000000001546,1207.136
Sub01_A_T27_L_C03,Sub01_A,amputee,21,27,left,3,unassigned_steady_or_transition,20954,21112,158,1.5899999999999181,1207.136
Sub01_A_T27_L_C04,Sub01_A,amputee,21,27,left,4,unassigned_steady_or_transition,21112,21276,164,1.6600000000000819,1207.136
Sub01_A_T27_L_C05,Sub01_A,amputee,21,27,left,5,unassigned_steady_or_transition,21276,21446,170,1.7100000000000364,1207.136
Sub01_A_T27_L_C06,Sub01_A,amputee,21,27,left,6,unassigned_steady_or_transition,21446,21608,162,1.6299999999998818,1207.136
Sub01_A_T27_L_C07,Sub01_A,amputee,21,27,left,7,unassigned_steady_or_transition,21608,21774,166,1.6700000000000728,1207.136
Sub01_A_T27_L_C08,Sub01_A,amputee,21,27,left,8,unassigned_steady_or_transition,21774,21938,164,1.650000000000091,1207.136
Sub01_A_T27_L_C09,Sub01_A,amputee,21,27,left,9,unassigned_steady_or_transition,21938,22109,171,1.7199999999998,1207.136
Sub01_A_T27_L_C10,Sub01_A,amputee,21,27,left,10,gait_termination,22109,22289,180,1.8099999999999454,1207.136
Sub01_A_T27_R_C01,Sub01_A,amputee,21,27,right,1,gait_initiation,20603,20770,167,1.6900000000000546,-310.255
Sub01_A_T27_R_C02,Sub01_A,amputee,21,27,right,2,unassigned_steady_or_transition,20770,20927,157,1.5800000000001546,-310.255
Sub01_A_T27_R_C03,Sub01_A,amputee,21,27,right,3,unassigned_steady_or_transition,20927,21086,159,1.599999999999909,-310.255
Sub01_A_T27_R_C04,Sub01_A,amputee,21,27,right,4,unassigned_steady_or_transition,21086,21247,161,1.6200000000001182,-310.255
Sub01_A_T27_R_C05,Sub01_A,amputee,21,27,right,5,unassigned_steady_or_transition,21247,21424,177,1.7899999999999636,-310.255
Sub01_A_T27_R_C06,Sub01_A,amputee,21,27,right,6,unassigned_steady_or_transition,21424,21588,164,1.6499999999998636,-310.255
Sub01_A_T27_R_C07,Sub01_A,amputee,21,27,right,7,unassigned_steady_or_transition,21588,21749,161,1.6200000000001182,-310.255
Sub01_A_T27_R_C08,Sub01_A,amputee,21,27,right,8,unassigned_steady_or_transition,21749,21914,165,1.6700000000000728,-310.255
Sub01_A_T27_R_C09,Sub01_A,amputee,21,27,right,9,gait_termination,21914,22080,166,1.6699999999998454,-310.255
Sub01_A_T28_L_C01,Sub01_A,amputee,21,28,left,1,gait_initiation,23377,23546,169,1.7000000000000455,1212.28125
Sub01_A_T28_L_C02,Sub01_A,amputee,21,28,left,2,unassigned_steady_or_transition,23546,23718,172,1.7300000000000182,1212.28125
Sub01_A_T28_L_C03,Sub01_A,amputee,21,28,left,3,unassigned_steady_or_transition,23718,23886,168,1.6900000000000546,1212.28125
Sub01_A_T28_L_C04,Sub01_A,amputee,21,28,left,4,unassigned_steady_or_transition,23886,24065,179,1.7999999999999545,1212.28125
Sub01_A_T28_L_C05,Sub01_A,amputee,21,28,left,5,unassigned_steady_or_transition,24065,24233,168,1.6900000000000546,1212.28125
Sub01_A_T28_L_C06,Sub01_A,amputee,21,28,left,6,unassigned_steady_or_transition,24233,24412,179,1.7999999999999545,1212.28125
Sub01_A_T28_L_C07,Sub01_A,amputee,21,28,left,7,unassigned_steady_or_transition,24412,24582,170,1.7200000000000273,1212.28125
Sub01_A_T28_L_C08,Sub01_A,amputee,21,28,left,8,unassigned_steady_or_transition,24582,24744,162,1.6299999999998818,1212.28125
Sub01_A_T28_L_C09,Sub01_A,amputee,21,28,left,9,unassigned_steady_or_transition,24744,24912,168,1.7000000000000455,1212.28125
Sub01_A_T28_L_C10,Sub01_A,amputee,21,28,left,10,gait_termination,24912,25080,168,1.6900000000000546,1212.28125
Sub01_A_T28_R_C01,Sub01_A,amputee,21,28,right,1,gait_initiation,23520,23693,173,1.740000000000009,-305.68999999999994
Sub01_A_T28_R_C02,Sub01_A,amputee,21,28,right,2,unassigned_steady_or_transition,23693,23865,172,1.7300000000000182,-305.68999999999994
Sub01_A_T28_R_C03,Sub01_A,amputee,21,28,right,3,unassigned_steady_or_transition,23865,24046,181,1.8299999999999272,-305.68999999999994
Sub01_A_T28_R_C04,Sub01_A,amputee,21,28,right,4,unassigned_steady_or_transition,24046,24216,170,1.7100000000000364,-305.68999999999994
Sub01_A_T28_R_C05,Sub01_A,amputee,21,28,right,5,unassigned_steady_or_transition,24216,24384,168,1.6900000000000546,-305.68999999999994
Sub01_A_T28_R_C06,Sub01_A,amputee,21,28,right,6,unassigned_steady_or_transition,24384,24557,173,1.740000000000009,-305.68999999999994
Sub01_A_T28_R_C07,Sub01_A,amputee,21,28,right,7,unassigned_steady_or_transition,24557,24720,163,1.6399999999998727,-305.68999999999994
Sub01_A_T28_R_C08,Sub01_A,amputee,21,28,right,8,unassigned_steady_or_transition,24720,24886,166,1.6700000000000728,-305.68999999999994
Sub01_A_T28_R_C09,Sub01_A,amputee,21,28,right,9,gait_termination,24886,25056,170,1.7200000000000273,-305.68999999999994
Sub01_A_T29_L_C01,Sub01_A,amputee,21,29,left,1,gait_initiation,26470,26635,165,1.6600000000000819,-1274.6879999999999
Sub01_A_T29_L_C02,Sub01_A,amputee,21,29,left,2,unassigned_steady_or_transition,26635,26794,159,1.599999999999909,-1274.6879999999999
Sub01_A_T29_L_C03,Sub01_A,amputee,21,29,left,3,unassigned_steady_or_transition,26794,26953,159,1.6000000000001364,-1274.6879999999999
Sub01_A_T29_L_C04,Sub01_A,amputee,21,29,left,4,unassigned_steady_or_transition,26953,27116,163,1.6399999999998727,-1274.6879999999999
Sub01_A_T29_L_C05,Sub01_A,amputee,21,29,left,5,unassigned_steady_or_transition,27116,27273,157,1.5799999999999272,-1274.6879999999999
Sub01_A_T29_L_C06,Sub01_A,amputee,21,29,left,6,unassigned_steady_or_transition,27273,27433,160,1.6099999999999,-1274.6879999999999
Sub01_A_T29_L_C07,Sub01_A,amputee,21,29,left,7,unassigned_steady_or_transition,27433,27594,161,1.6200000000001182,-1274.6879999999999
Sub01_A_T29_L_C08,Sub01_A,amputee,21,29,left,8,unassigned_steady_or_transition,27594,27777,183,1.849999999999909,-1274.6879999999999
Sub01_A_T29_L_C09,Sub01_A,amputee,21,29,left,9,unassigned_steady_or_transition,27777,27958,181,1.8200000000001637,-1274.6879999999999
Sub01_A_T29_L_C10,Sub01_A,amputee,21,29,left,10,gait_termination,27958,28132,174,1.75,-1274.6879999999999
Sub01_A_T29_R_C01,Sub01_A,amputee,21,29,right,1,gait_initiation,26469,26624,155,1.5600000000001728,245.70000000000002
Sub01_A_T29_R_C02,Sub01_A,amputee,21,29,right,2,unassigned_steady_or_transition,26624,26781,157,1.5799999999999272,245.70000000000002
Sub01_A_T29_R_C03,Sub01_A,amputee,21,29,right,3,unassigned_steady_or_transition,26781,26940,159,1.599999999999909,245.70000000000002
Sub01_A_T29_R_C04,Sub01_A,amputee,21,29,right,4,unassigned_steady_or_transition,26940,27104,164,1.650000000000091,245.70000000000002
Sub01_A_T29_R_C05,Sub01_A,amputee,21,29,right,5,unassigned_steady_or_transition,27104,27267,163,1.6400000000001,245.70000000000002
Sub01_A_T29_R_C06,Sub01_A,amputee,21,29,right,6,unassigned_steady_or_transition,27267,27433,166,1.6699999999998454,245.70000000000002
Sub01_A_T29_R_C07,Sub01_A,amputee,21,29,right,7,unassigned_steady_or_transition,27433,27591,158,1.5900000000001455,245.70000000000002
Sub01_A_T29_R_C08,Sub01_A,amputee,21,29,right,8,unassigned_steady_or_transition,27591,27773,182,1.8399999999999181,245.70000000000002
Sub01_A_T29_R_C09,Sub01_A,amputee,21,29,right,9,unassigned_steady_or_transition,27773,27952,179,1.7999999999999545,245.70000000000002
Sub01_A_T29_R_C10,Sub01_A,amputee,21,29,right,10,gait_termination,27952,28122,170,1.7100000000000364,245.70000000000002
Sub01_A_T30_L_C01,Sub01_A,amputee,21,30,left,1,gait_initiation,29264,29423,159,1.599999999999909,1234.4955
Sub01_A_T30_L_C02,Sub01_A,amputee,21,30,left,2,unassigned_steady_or_transition,29423,29579,156,1.5699999999999363,1234.4955
Sub01_A_T30_L_C03,Sub01_A,amputee,21,30,left,3,unassigned_steady_or_transition,29579,29745,166,1.6700000000000728,1234.4955
Sub01_A_T30_L_C04,Sub01_A,amputee,21,30,left,4,unassigned_steady_or_transition,29745,29911,166,1.6600000000000819,1234.4955
Sub01_A_T30_L_C05,Sub01_A,amputee,21,30,left,5,unassigned_steady_or_transition,29911,30073,162,1.6399999999998727,1234.4955
Sub01_A_T30_L_C06,Sub01_A,amputee,21,30,left,6,unassigned_steady_or_transition,30073,30239,166,1.6700000000000728,1234.4955
Sub01_A_T30_L_C07,Sub01_A,amputee,21,30,left,7,unassigned_steady_or_transition,30239,30422,183,1.8399999999999181,1234.4955
Sub01_A_T30_L_C08,Sub01_A,amputee,21,30,left,8,unassigned_steady_or_transition,30422,30594,172,1.7399999999997817,1234.4955
Sub01_A_T30_L_C09,Sub01_A,amputee,21,30,left,9,unassigned_steady_or_transition,30594,30759,165,1.6599999999998545,1234.4955
Sub01_A_T30_L_C10,Sub01_A,amputee,21,30,left,10,gait_termination,30759,30919,160,1.6100000000001273,1234.4955
Sub01_A_T30_R_C01,Sub01_A,amputee,21,30,right,1,gait_initiation,29357,29515,158,1.5900000000001455,267.075
Sub01_A_T30_R_C02,Sub01_A,amputee,21,30,right,2,unassigned_steady_or_transition,29515,29678,163,1.6299999999998818,267.075
Sub01_A_T30_R_C03,Sub01_A,amputee,21,30,right,3,unassigned_steady_or_transition,29678,29848,170,1.7100000000000364,267.075
Sub01_A_T30_R_C04,Sub01_A,amputee,21,30,right,4,unassigned_steady_or_transition,29848,30008,160,1.6200000000001182,267.075
Sub01_A_T30_R_C05,Sub01_A,amputee,21,30,right,5,unassigned_steady_or_transition,30008,30169,161,1.6099999999999,267.075
Sub01_A_T30_R_C06,Sub01_A,amputee,21,30,right,6,unassigned_steady_or_transition,30169,30346,177,1.7899999999999636,267.075
Sub01_A_T30_R_C07,Sub01_A,amputee,21,30,right,7,unassigned_steady_or_transition,30346,30517,171,1.7200000000000273,267.075
Sub01_A_T30_R_C08,Sub01_A,amputee,21,30,right,8,unassigned_steady_or_transition,30517,30690,173,1.75,267.075
Sub01_A_T30_R_C09,Sub01_A,amputee,21,30,right,9,unassigned_steady_or_transition,30690,30851,161,1.6200000000001182,267.075
Sub01_A_T30_R_C10,Sub01_A,amputee,21,30,right,10,gait_termination,30851,31015,164,1.650000000000091,267.075
Sub01_H_T01_L_C01,Sub01_H,healthy,1,1,left,1,gait_initiation,988,1096,108,1.1200000000000045,2459.9865
Sub01_H_T01_L_C02,Sub01_H,healthy,1,1,left,2,unassigned_steady_or_transition,1096,1201,105,1.0600000000000023,2459.9865
Sub01_H_T01_L_C03,Sub01_H,healthy,1,1,left,3,unassigned_steady_or_transition,1201,1318,117,1.170000000000016,2459.9865
Sub01_H_T01_L_C04,Sub01_H,healthy,1,1,left,4,unassigned_steady_or_transition,1318,1435,117,1.1800000000000068,2459.9865
Sub01_H_T01_L_C05,Sub01_H,healthy,1,1,left,5,unassigned_steady_or_transition,1435,1559,124,1.240000000000009,2459.9865
Sub01_H_T01_L_C06,Sub01_H,healthy,1,1,left,6,unassigned_steady_or_transition,1559,1669,110,1.1100000000000136,2459.9865
Sub01_H_T01_L_C07,Sub01_H,healthy,1,1,left,7,unassigned_steady_or_transition,1669,1793,124,1.240000000000009,2459.9865
Sub01_H_T01_L_C08,Sub01_H,healthy,1,1,left,8,unassigned_steady_or_transition,1793,1914,121,1.2200000000000273,2459.9865
Sub01_H_T01_L_C09,Sub01_H,healthy,1,1,left,9,unassigned_steady_or_transition,1914,2029,115,1.1499999999999773,2459.9865
Sub01_H_T01_L_C10,Sub01_H,healthy,1,1,left,10,gait_termination,2029,2143,114,1.1400000000000432,2459.9865
Sub01_H_T01_R_C01,Sub01_H,healthy,1,1,right,1,gait_initiation,1036,1151,115,1.170000000000016,1264.4300000000003
Sub01_H_T01_R_C02,Sub01_H,healthy,1,1,right,2,unassigned_steady_or_transition,1151,1258,107,1.0699999999999932,1264.4300000000003
Sub01_H_T01_R_C03,Sub01_H,healthy,1,1,right,3,unassigned_steady_or_transition,1258,1375,117,1.17999999999995,1264.4300000000003
Sub01_H_T01_R_C04,Sub01_H,healthy,1,1,right,4,unassigned_steady_or_transition,1375,1495,120,1.1999999999999886,1264.4300000000003
Sub01_H_T01_R_C05,Sub01_H,healthy,1,1,right,5,unassigned_steady_or_transition,1495,1612,117,1.1800000000000068,1264.4300000000003
Sub01_H_T01_R_C06,Sub01_H,healthy,1,1,right,6,unassigned_steady_or_transition,1612,1721,109,1.089999999999975,1264.4300000000003
Sub01_H_T01_R_C07,Sub01_H,healthy,1,1,right,7,unassigned_steady_or_transition,1721,1850,129,1.2999999999999545,1264.4300000000003
Sub01_H_T01_R_C08,Sub01_H,healthy,1,1,right,8,unassigned_steady_or_transition,1850,1973,123,1.2299999999999613,1264.4300000000003
Sub01_H_T01_R_C09,Sub01_H,healthy,1,1,right,9,unassigned_steady_or_transition,1973,2082,109,1.0900000000000318,1264.4300000000003
Sub01_H_T01_R_C10,Sub01_H,healthy,1,1,right,10,gait_termination,2082,2205,123,1.2300000000000182,1264.4300000000003
Sub01_H_T02_L_C01,Sub01_H,healthy,1,2,left,1,gait_initiation,4466,4558,92,0.9300000000000068,2455.49885
Sub01_H_T02_L_C02,Sub01_H,healthy,1,2,left,2,unassigned_steady_or_transition,4558,4660,102,1.0199999999999818,2455.49885
Sub01_H_T02_L_C03,Sub01_H,healthy,1,2,left,3,unassigned_steady_or_transition,4660,4774,114,1.1399999999999864,2455.49885
Sub01_H_T02_L_C04,Sub01_H,healthy,1,2,left,4,unassigned_steady_or_transition,4774,4889,115,1.160000000000025,2455.49885
Sub01_H_T02_L_C05,Sub01_H,healthy,1,2,left,5,unassigned_steady_or_transition,4889,5005,116,1.1599999999999682,2455.49885
Sub01_H_T02_L_C06,Sub01_H,healthy,1,2,left,6,unassigned_steady_or_transition,5005,5129,124,1.25,2455.49885
Sub01_H_T02_L_C07,Sub01_H,healthy,1,2,left,7,unassigned_steady_or_transition,5129,5247,118,1.1899999999999977,2455.49885
Sub01_H_T02_L_C08,Sub01_H,healthy,1,2,left,8,unassigned_steady_or_transition,5247,5363,116,1.1599999999999682,2455.49885
Sub01_H_T02_L_C09,Sub01_H,healthy,1,2,left,9,unassigned_steady_or_transition,5363,5486,123,1.2299999999999613,2455.49885
Sub01_H_T02_L_C10,Sub01_H,healthy,1,2,left,10,gait_termination,5486,5605,119,1.1899999999999977,2455.49885
Sub01_H_T02_R_C01,Sub01_H,healthy,1,2,right,1,gait_initiation,4512,4605,93,0.9300000000000068,1332.6
Sub01_H_T02_R_C02,Sub01_H,healthy,1,2,right,2,unassigned_steady_or_transition,4605,4716,111,1.1200000000000045,1332.6
Sub01_H_T02_R_C03,Sub01_H,healthy,1,2,right,3,unassigned_steady_or_transition,4716,4827,111,1.1100000000000136,1332.6
Sub01_H_T02_R_C04,Sub01_H,healthy,1,2,right,4,unassigned_steady_or_transition,4827,4942,115,1.1499999999999773,1332.6
Sub01_H_T02_R_C05,Sub01_H,healthy,1,2,right,5,unassigned_steady_or_transition,4942,5062,120,1.2100000000000364,1332.6
Sub01_H_T02_R_C06,Sub01_H,healthy,1,2,right,6,unassigned_steady_or_transition,5062,5187,125,1.25,1332.6
Sub01_H_T02_R_C07,Sub01_H,healthy,1,2,right,7,unassigned_steady_or_transition,5187,5304,117,1.170000000000016,1332.6
Sub01_H_T02_R_C08,Sub01_H,healthy,1,2,right,8,unassigned_steady_or_transition,5304,5424,120,1.1999999999999886,1332.6
Sub01_H_T02_R_C09,Sub01_H,healthy,1,2,right,9,unassigned_steady_or_transition,5424,5542,118,1.1800000000000068,1332.6
Sub01_H_T02_R_C10,Sub01_H,healthy,1,2,right,10,gait_termination,5542,5667,125,1.2600000000000477,1332.6
Sub01_H_T03_L_C01,Sub01_H,healthy,1,3,left,1,gait_initiation,7274,7377,103,1.0500000000000114,2519.8435
Sub01_H_T03_L_C02,Sub01_H,healthy,1,3,left,2,unassigned_steady_or_transition,7377,7494,117,1.169999999999959,2519.8435
Sub01_H_T03_L_C03,Sub01_H,healthy,1,3,left,3,unassigned_steady_or_transition,7494,7615,121,1.2099999999999795,2519.8435
Sub01_H_T03_L_C04,Sub01_H,healthy,1,3,left,4,unassigned_steady_or_transition,7615,7732,117,1.170000000000016,2519.8435
Sub01_H_T03_L_C05,Sub01_H,healthy,1,3,left,5,unassigned_steady_or_transition,7732,7849,117,1.170000000000016,2519.8435
Sub01_H_T03_L_C06,Sub01_H,healthy,1,3,left,6,unassigned_steady_or_transition,7849,7963,114,1.1399999999999864,2519.8435
Sub01_H_T03_L_C07,Sub01_H,healthy,1,3,left,7,unassigned_steady_or_transition,7963,8079,116,1.160000000000025,2519.8435
Sub01_H_T03_L_C08,Sub01_H,healthy,1,3,left,8,unassigned_steady_or_transition,8079,8200,121,1.2099999999999795,2519.8435
Sub01_H_T03_L_C09,Sub01_H,healthy,1,3,left,9,unassigned_steady_or_transition,8200,8322,122,1.2199999999999704,2519.8435
Sub01_H_T03_L_C10,Sub01_H,healthy,1,3,left,10,gait_termination,8322,8429,107,1.080000000000041,2519.8435
Sub01_H_T03_R_C01,Sub01_H,healthy,1,3,right,1,gait_initiation,7218,7321,103,1.0399999999999636,1319.8600000000001
Sub01_H_T03_R_C02,Sub01_H,healthy,1,3,right,2,unassigned_steady_or_transition,7321,7436,115,1.1599999999999682,1319.8600000000001
Sub01_H_T03_R_C03,Sub01_H,healthy,1,3,right,3,unassigned_steady_or_transition,7436,7555,119,1.1899999999999977,1319.8600000000001
Sub01_H_T03_R_C04,Sub01_H,healthy,1,3,right,4,unassigned_steady_or_transition,7555,7674,119,1.17999999999995,1319.8600000000001
Sub01_H_T03_R_C05,Sub01_H,healthy,1,3,right,5,unassigned_steady_or_transition,7674,7791,117,1.1599999999999682,1319.8600000000001
Sub01_H_T03_R_C06,Sub01_H,healthy,1,3,right,6,unassigned_steady_or_transition,7791,7908,117,1.169999999999959,1319.8600000000001
Sub01_H_T03_R_C07,Sub01_H,healthy,1,3,right,7,unassigned_steady_or_transition,7908,8020,112,1.1099999999999568,1319.8600000000001
Sub01_H_T03_R_C08,Sub01_H,healthy,1,3,right,8,unassigned_steady_or_transition,8020,8140,120,1.1999999999999886,1319.8600000000001
Sub01_H_T03_R_C09,Sub01_H,healthy,1,3,right,9,unassigned_steady_or_transition,8140,8261,121,1.2099999999999795,1319.8600000000001
Sub01_H_T03_R_C10,Sub01_H,healthy,1,3,right,10,unassigned_steady_or_transition,8261,8375,114,1.1400000000000432,1319.8600000000001
Sub01_H_T03_R_C11,Sub01_H,healthy,1,3,right,11,gait_termination,8375,8494,119,1.1899999999999977,1319.8600000000001
Sub01_H_T04_L_C01,Sub01_H,healthy,1,4,left,1,gait_initiation,10130,10229,99,0.9900000000000091,2505.2985
Sub01_H_T04_L_C02,Sub01_H,healthy,1,4,left,2,unassigned_steady_or_transition,10229,10335,106,1.0600000000000023,2505.2985
Sub01_H_T04_L_C03,Sub01_H,healthy,1,4,left,3,unassigned_steady_or_transition,10335,10454,119,1.1899999999999977,2505.2985
Sub01_H_T04_L_C04,Sub01_H,healthy,1,4,left,4,unassigned_steady_or_transition,10454,10564,110,1.1099999999999568,2505.2985
Sub01_H_T04_L_C05,Sub01_H,healthy,1,4,left,5,unassigned_steady_or_transition,10564,10677,113,1.1299999999999955,2505.2985
Sub01_H_T04_L_C06,Sub01_H,healthy,1,4,left,6,unassigned_steady_or_transition,10677,10805,128,1.2899999999999636,2505.2985
Sub01_H_T04_L_C07,Sub01_H,healthy,1,4,left,7,unassigned_steady_or_transition,10805,10921,116,1.169999999999959,2505.2985
Sub01_H_T04_L_C08,Sub01_H,healthy,1,4,left,8,unassigned_steady_or_transition,10921,11038,117,1.170000000000016,2505.2985
Sub01_H_T04_L_C09,Sub01_H,healthy,1,4,left,9,unassigned_steady_or_transition,11038,11161,123,1.240000000000009,2505.2985
Sub01_H_T04_L_C10,Sub01_H,healthy,1,4,left,10,gait_termination,11161,11272,111,1.1200000000000045,2505.2985
Sub01_H_T04_R_C01,Sub01_H,healthy,1,4,right,1,gait_initiation,10121,10217,96,0.9699999999999704,-1361.705
Sub01_H_T04_R_C02,Sub01_H,healthy,1,4,right,2,unassigned_steady_or_transition,10217,10323,106,1.0699999999999932,-1361.705
Sub01_H_T04_R_C03,Sub01_H,healthy,1,4,right,3,unassigned_steady_or_transition,10323,10435,112,1.1200000000000045,-1361.705
Sub01_H_T04_R_C04,Sub01_H,healthy,1,4,right,4,unassigned_steady_or_transition,10435,10553,118,1.1899999999999977,-1361.705
Sub01_H_T04_R_C05,Sub01_H,healthy,1,4,right,5,unassigned_steady_or_transition,10553,10671,118,1.1800000000000068,-1361.705
Sub01_H_T04_R_C06,Sub01_H,healthy,1,4,right,6,unassigned_steady_or_transition,10671,10772,101,1.0199999999999818,-1361.705
Sub01_H_T04_R_C07,Sub01_H,healthy,1,4,right,7,unassigned_steady_or_transition,10772,10891,119,1.1899999999999977,-1361.705
Sub01_H_T04_R_C08,Sub01_H,healthy,1,4,right,8,unassigned_steady_or_transition,10891,11028,137,1.3800000000000523,-1361.705
Sub01_H_T04_R_C09,Sub01_H,healthy,1,4,right,9,unassigned_steady_or_transition,11028,11125,97,0.9799999999999613,-1361.705
Sub01_H_T04_R_C10,Sub01_H,healthy,1,4,right,10,gait_termination,11125,11262,137,1.3799999999999955,-1361.705
Sub01_H_T05_L_C01,Sub01_H,healthy,1,5,left,1,gait_initiation,12869,12974,105,1.0699999999999932,2585.6882
Sub01_H_T05_L_C02,Sub01_H,healthy,1,5,left,2,unassigned_steady_or_transition,12974,13092,118,1.1899999999999977,2585.6882
Sub01_H_T05_L_C03,Sub01_H,healthy,1,5,left,3,unassigned_steady_or_transition,13092,13213,121,1.2199999999999704,2585.6882
Sub01_H_T05_L_C04,Sub01_H,healthy,1,5,left,4,unassigned_steady_or_transition,13213,13331,118,1.1800000000000068,2585.6882
Sub01_H_T05_L_C05,Sub01_H,healthy,1,5,left,5,unassigned_steady_or_transition,13331,13448,117,1.169999999999959,2585.6882
Sub01_H_T05_L_C06,Sub01_H,healthy,1,5,left,6,unassigned_steady_or_transition,13448,13567,119,1.1899999999999977,2585.6882
Sub01_H_T05_L_C07,Sub01_H,healthy,1,5,left,7,unassigned_steady_or_transition,13567,13685,118,1.170000000000016,2585.6882
Sub01_H_T05_L_C08,Sub01_H,healthy,1,5,left,8,unassigned_steady_or_transition,13685,13806,121,1.2099999999999795,2585.6882
Sub01_H_T05_L_C09,Sub01_H,healthy,1,5,left,9,unassigned_steady_or_transition,13806,13925,119,1.1999999999999886,2585.6882
Sub01_H_T05_L_C10,Sub01_H,healthy,1,5,left,10,gait_termination,13925,14039,114,1.1399999999999864,2585.6882
Sub01_H_T05_R_C01,Sub01_H,healthy,1,5,right,1,gait_initiation,12920,13033,113,1.1399999999999864,1285.1200000000001
Sub01_H_T05_R_C02,Sub01_H,healthy,1,5,right,2,unassigned_steady_or_transition,13033,13153,120,1.2099999999999795,1285.1200000000001
Sub01_H_T05_R_C03,Sub01_H,healthy,1,5,right,3,unassigned_steady_or_transition,13153,13271,118,1.1899999999999977,1285.1200000000001
Sub01_H_T05_R_C04,Sub01_H,healthy,1,5,right,4,unassigned_steady_or_transition,13271,13391,120,1.2099999999999795,1285.1200000000001
Sub01_H_T05_R_C05,Sub01_H,healthy,1,5,right,5,unassigned_steady_or_transition,13391,13506,115,1.150000000000034,1285.1200000000001
Sub01_H_T05_R_C06,Sub01_H,healthy,1,5,right,6,unassigned_steady_or_transition,13506,13627,121,1.2099999999999795,1285.1200000000001
Sub01_H_T05_R_C07,Sub01_H,healthy,1,5,right,7,unassigned_steady_or_transition,13627,13745,118,1.17999999999995,1285.1200000000001
Sub01_H_T05_R_C08,Sub01_H,healthy,1,5,right,8,unassigned_steady_or_transition,13745,13867,122,1.2299999999999613,1285.1200000000001
Sub01_H_T05_R_C09,Sub01_H,healthy,1,5,right,9,unassigned_steady_or_transition,13867,13984,117,1.170000000000016,1285.1200000000001
Sub01_H_T05_R_C10,Sub01_H,healthy,1,5,right,10,unassigned_steady_or_transition,13984,14098,114,1.150000000000034,1285.1200000000001
Sub01_H_T05_R_C11,Sub01_H,healthy,1,5,right,11,gait_termination,14098,14220,122,1.2300000000000182,1285.1200000000001
Sub01_H_T06_L_C01,Sub01_H,healthy,1,6,left,1,gait_initiation,15827,15948,121,1.2199999999999704,-2595.1605
Sub01_H_T06_L_C02,Sub01_H,healthy,1,6,left,2,unassigned_steady_or_transition,15948,16061,113,1.1299999999999955,-2595.1605
Sub01_H_T06_L_C03,Sub01_H,healthy,1,6,left,3,unassigned_steady_or_transition,16061,16183,122,1.2200000000000273,-2595.1605
Sub01_H_T06_L_C04,Sub01_H,healthy,1,6,left,4,unassigned_steady_or_transition,16183,16298,115,1.150000000000034,-2595.1605
Sub01_H_T06_L_C05,Sub01_H,healthy,1,6,left,5,unassigned_steady_or_transition,16298,16421,123,1.2299999999999613,-2595.1605
Sub01_H_T06_L_C06,Sub01_H,healthy,1,6,left,6,unassigned_steady_or_transition,16421,16546,125,1.259999999999991,-2595.1605
Sub01_H_T06_L_C07,Sub01_H,healthy,1,6,left,7,unassigned_steady_or_transition,16546,16668,122,1.2199999999999704,-2595.1605
Sub01_H_T06_L_C08,Sub01_H,healthy,1,6,left,8,unassigned_steady_or_transition,16668,16790,122,1.2199999999999704,-2595.1605
Sub01_H_T06_L_C09,Sub01_H,healthy,1,6,left,9,unassigned_steady_or_transition,16790,16907,117,1.170000000000016,-2595.1605
Sub01_H_T06_L_C10,Sub01_H,healthy,1,6,left,10,gait_termination,16907,17038,131,1.3199999999999932,-2595.1605
Sub01_H_T06_R_C01,Sub01_H,healthy,1,6,right,1,gait_initiation,15819,15937,118,1.1800000000000068,1294.815
Sub01_H_T06_R_C02,Sub01_H,healthy,1,6,right,2,unassigned_steady_or_transition,15937,16052,115,1.150000000000034,1294.815
Sub01_H_T06_R_C03,Sub01_H,healthy,1,6,right,3,unassigned_steady_or_transition,16052,16171,119,1.1899999999999977,1294.815
Sub01_H_T06_R_C04,Sub01_H,healthy,1,6,right,4,unassigned_steady_or_transition,16171,16289,118,1.1800000000000068,1294.815
Sub01_H_T06_R_C05,Sub01_H,healthy,1,6,right,5,unassigned_steady_or_transition,16289,16412,123,1.2300000000000182,1294.815
Sub01_H_T06_R_C06,Sub01_H,healthy,1,6,right,6,unassigned_steady_or_transition,16412,16538,126,1.259999999999991,1294.815
Sub01_H_T06_R_C07,Sub01_H,healthy,1,6,right,7,unassigned_steady_or_transition,16538,16659,121,1.2099999999999795,1294.815
Sub01_H_T06_R_C08,Sub01_H,healthy,1,6,right,8,unassigned_steady_or_transition,16659,16780,121,1.2099999999999795,1294.815
Sub01_H_T06_R_C09,Sub01_H,healthy,1,6,right,9,unassigned_steady_or_transition,16780,16898,118,1.1800000000000068,1294.815
Sub01_H_T06_R_C10,Sub01_H,healthy,1,6,right,10,gait_termination,16898,17028,130,1.2999999999999545,1294.815
Sub01_H_T07_L_C01,Sub01_H,healthy,1,7,left,1,gait_initiation,25081,25195,114,1.1599999999999682,2602.7578
Sub01_H_T07_L_C02,Sub01_H,healthy,1,7,left,2,unassigned_steady_or_transition,25195,25315,120,1.2000000000000455,2602.7578
Sub01_H_T07_L_C03,Sub01_H,healthy,1,7,left,3,unassigned_steady_or_transition,25315,25436,121,1.2000000000000455,2602.7578
Sub01_H_T07_L_C04,Sub01_H,healthy,1,7,left,4,unassigned_steady_or_transition,25436,25555,119,1.1899999999999409,2602.7578
Sub01_H_T07_L_C05,Sub01_H,healthy,1,7,left,5,unassigned_steady_or_transition,25555,25675,120,1.2000000000000455,2602.7578
Sub01_H_T07_L_C06,Sub01_H,healthy,1,7,left,6,unassigned_steady_or_transition,25675,25788,113,1.1299999999999955,2602.7578
Sub01_H_T07_L_C07,Sub01_H,healthy,1,7,left,7,unassigned_steady_or_transition,25788,25902,114,1.1399999999999864,2602.7578
Sub01_H_T07_L_C08,Sub01_H,healthy,1,7,left,8,unassigned_steady_or_transition,25902,26027,125,1.25,2602.7578
Sub01_H_T07_L_C09,Sub01_H,healthy,1,7,left,9,unassigned_steady_or_transition,26027,26154,127,1.2699999999999818,2602.7578
Sub01_H_T07_L_C10,Sub01_H,healthy,1,7,left,10,gait_termination,26154,26273,119,1.1899999999999409,2602.7578
Sub01_H_T07_R_C01,Sub01_H,healthy,1,7,right,1,gait_initiation,25134,25256,122,1.2300000000000182,1298.65
Sub01_H_T07_R_C02,Sub01_H,healthy,1,7,right,2,unassigned_steady_or_transition,25256,25375,119,1.1900000000000546,1298.65
Sub01_H_T07_R_C03,Sub01_H,healthy,1,7,right,3,unassigned_steady_or_transition,25375,25493,118,1.17999999999995,1298.65
Sub01_H_T07_R_C04,Sub01_H,healthy,1,7,right,4,unassigned_steady_or_transition,25493,25616,123,1.2300000000000182,1298.65
Sub01_H_T07_R_C05,Sub01_H,healthy,1,7,right,5,unassigned_steady_or_transition,25616,25733,117,1.1700000000000728,1298.65
Sub01_H_T07_R_C06,Sub01_H,healthy,1,7,right,6,unassigned_steady_or_transition,25733,25841,108,1.0799999999999272,1298.65
Sub01_H_T07_R_C07,Sub01_H,healthy,1,7,right,7,unassigned_steady_or_transition,25841,25960,119,1.1899999999999409,1298.65
Sub01_H_T07_R_C08,Sub01_H,healthy,1,7,right,8,unassigned_steady_or_transition,25960,26089,129,1.2899999999999636,1298.65
Sub01_H_T07_R_C09,Sub01_H,healthy,1,7,right,9,unassigned_steady_or_transition,26089,26214,125,1.25,1298.65
Sub01_H_T07_R_C10,Sub01_H,healthy,1,7,right,10,gait_termination,26214,26339,125,1.25,1298.65
Sub01_H_T08_L_C01,Sub01_H,healthy,1,8,left,1,gait_initiation,30103,30225,122,1.2300000000000182,2585.2734
Sub01_H_T08_L_C02,Sub01_H,healthy,1,8,left,2,unassigned_steady_or_transition,30225,30339,114,1.1399999999999864,2585.2734
Sub01_H_T08_L_C03,Sub01_H,healthy,1,8,left,3,unassigned_steady_or_transition,30339,30449,110,1.1100000000000136,2585.2734
Sub01_H_T08_L_C04,Sub01_H,healthy,1,8,left,4,unassigned_steady_or_transition,30449,30571,122,1.2200000000000273,2585.2734
Sub01_H_T08_L_C05,Sub01_H,healthy,1,8,left,5,unassigned_steady_or_transition,30571,30685,114,1.1499999999999773,2585.2734
Sub01_H_T08_L_C06,Sub01_H,healthy,1,8,left,6,unassigned_steady_or_transition,30685,30819,134,1.3400000000000318,2585.2734
Sub01_H_T08_L_C07,Sub01_H,healthy,1,8,left,7,unassigned_steady_or_transition,30819,30938,119,1.2000000000000455,2585.2734
Sub01_H_T08_L_C08,Sub01_H,healthy,1,8,left,8,unassigned_steady_or_transition,30938,31052,114,1.1399999999999864,2585.2734
Sub01_H_T08_L_C09,Sub01_H,healthy,1,8,left,9,unassigned_steady_or_transition,31052,31173,121,1.2099999999999227,2585.2734
Sub01_H_T08_L_C10,Sub01_H,healthy,1,8,left,10,gait_termination,31173,31290,117,1.17999999999995,2585.2734
Sub01_H_T08_R_C01,Sub01_H,healthy,1,8,right,1,gait_initiation,30165,30279,114,1.1499999999999773,1258.9299999999998
Sub01_H_T08_R_C02,Sub01_H,healthy,1,8,right,2,unassigned_steady_or_transition,30279,30392,113,1.1299999999999955,1258.9299999999998
Sub01_H_T08_R_C03,Sub01_H,healthy,1,8,right,3,unassigned_steady_or_transition,30392,30507,115,1.150000000000091,1258.9299999999998
Sub01_H_T08_R_C04,Sub01_H,healthy,1,8,right,4,unassigned_steady_or_transition,30507,30625,118,1.1899999999999409,1258.9299999999998
Sub01_H_T08_R_C05,Sub01_H,healthy,1,8,right,5,unassigned_steady_or_transition,30625,30750,125,1.25,1258.9299999999998
Sub01_H_T08_R_C06,Sub01_H,healthy,1,8,right,6,unassigned_steady_or_transition,30750,30879,129,1.3000000000000682,1258.9299999999998
Sub01_H_T08_R_C07,Sub01_H,healthy,1,8,right,7,unassigned_steady_or_transition,30879,30996,117,1.169999999999959,1258.9299999999998
Sub01_H_T08_R_C08,Sub01_H,healthy,1,8,right,8,unassigned_steady_or_transition,30996,31113,117,1.1700000000000728,1258.9299999999998
Sub01_H_T08_R_C09,Sub01_H,healthy,1,8,right,9,gait_termination,31113,31229,116,1.1599999999999682,1258.9299999999998
Sub01_H_T09_L_C01,Sub01_H,healthy,1,9,left,1,gait_initiation,33186,33302,116,1.169999999999959,2608.3531000000003
Sub01_H_T09_L_C02,Sub01_H,healthy,1,9,left,2,unassigned_steady_or_transition,33302,33418,116,1.1600000000000819,2608.3531000000003
Sub01_H_T09_L_C03,Sub01_H,healthy,1,9,left,3,unassigned_steady_or_transition,33418,33539,121,1.2099999999999227,2608.3531000000003
Sub01_H_T09_L_C04,Sub01_H,healthy,1,9,left,4,unassigned_steady_or_transition,33539,33655,116,1.1599999999999682,2608.3531000000003
Sub01_H_T09_L_C05,Sub01_H,healthy,1,9,left,5,unassigned_steady_or_transition,33655,33771,116,1.1599999999999682,2608.3531000000003
Sub01_H_T09_L_C06,Sub01_H,healthy,1,9,left,6,unassigned_steady_or_transition,33771,33883,112,1.1200000000000045,2608.3531000000003
Sub01_H_T09_L_C07,Sub01_H,healthy,1,9,left,7,unassigned_steady_or_transition,33883,33993,110,1.1000000000000227,2608.3531000000003
Sub01_H_T09_L_C08,Sub01_H,healthy,1,9,left,8,unassigned_steady_or_transition,33993,34114,121,1.2000000000000455,2608.3531000000003
Sub01_H_T09_L_C09,Sub01_H,healthy,1,9,left,9,unassigned_steady_or_transition,34114,34233,119,1.1899999999999409,2608.3531000000003
Sub01_H_T09_L_C10,Sub01_H,healthy,1,9,left,10,gait_termination,34233,34349,116,1.1600000000000819,2608.3531000000003
Sub01_H_T09_R_C01,Sub01_H,healthy,1,9,right,1,gait_initiation,33240,33361,121,1.2200000000000273,1291.0
Sub01_H_T09_R_C02,Sub01_H,healthy,1,9,right,2,unassigned_steady_or_transition,33361,33476,115,1.1399999999999864,1291.0
Sub01_H_T09_R_C03,Sub01_H,healthy,1,9,right,3,unassigned_steady_or_transition,33476,33593,117,1.1599999999999682,1291.0
Sub01_H_T09_R_C04,Sub01_H,healthy,1,9,right,4,unassigned_steady_or_transition,33593,33710,117,1.169999999999959,1291.0
Sub01_H_T09_R_C05,Sub01_H,healthy,1,9,right,5,unassigned_steady_or_transition,33710,33827,117,1.1700000000000728,1291.0
Sub01_H_T09_R_C06,Sub01_H,healthy,1,9,right,6,unassigned_steady_or_transition,33827,33934,107,1.0699999999999363,1291.0
Sub01_H_T09_R_C07,Sub01_H,healthy,1,9,right,7,unassigned_steady_or_transition,33934,34057,123,1.2300000000000182,1291.0
Sub01_H_T09_R_C08,Sub01_H,healthy,1,9,right,8,unassigned_steady_or_transition,34057,34170,113,1.1200000000000045,1291.0
Sub01_H_T09_R_C09,Sub01_H,healthy,1,9,right,9,unassigned_steady_or_transition,34170,34288,118,1.1800000000000637,1291.0
Sub01_H_T09_R_C10,Sub01_H,healthy,1,9,right,10,gait_termination,34288,34412,124,1.240000000000009,1291.0
Sub01_H_T10_L_C01,Sub01_H,healthy,1,10,left,1,gait_initiation,36160,36255,95,0.9600000000000364,2592.045
Sub01_H_T10_L_C02,Sub01_H,healthy,1,10,left,2,unassigned_steady_or_transition,36255,36362,107,1.0699999999999363,2592.045
Sub01_H_T10_L_C03,Sub01_H,healthy,1,10,left,3,unassigned_steady_or_transition,36362,36476,114,1.1399999999999864,2592.045
Sub01_H_T10_L_C04,Sub01_H,healthy,1,10,left,4,unassigned_steady_or_transition,36476,36593,117,1.1700000000000728,2592.045
Sub01_H_T10_L_C05,Sub01_H,healthy,1,10,left,5,unassigned_steady_or_transition,36593,36711,118,1.17999999999995,2592.045
Sub01_H_T10_L_C06,Sub01_H,healthy,1,10,left,6,unassigned_steady_or_transition,36711,36840,129,1.3000000000000682,2592.045
Sub01_H_T10_L_C07,Sub01_H,healthy,1,10,left,7,unassigned_steady_or_transition,36840,36958,118,1.17999999999995,2592.045
Sub01_H_T10_L_C08,Sub01_H,healthy,1,10,left,8,unassigned_steady_or_transition,36958,37076,118,1.1800000000000637,2592.045
Sub01_H_T10_L_C09,Sub01_H,healthy,1,10,left,9,unassigned_steady_or_transition,37076,37191,115,1.1499999999999773,2592.045
Sub01_H_T10_L_C10,Sub01_H,healthy,1,10,left,10,gait_termination,37191,37312,121,1.2100000000000364,2592.045
Sub01_H_T10_R_C01,Sub01_H,healthy,1,10,right,1,gait_initiation,36203,36305,102,1.0200000000000955,1294.57
Sub01_H_T10_R_C02,Sub01_H,healthy,1,10,right,2,unassigned_steady_or_transition,36305,36417,112,1.1200000000000045,1294.57
Sub01_H_T10_R_C03,Sub01_H,healthy,1,10,right,3,unassigned_steady_or_transition,36417,36532,115,1.1599999999999682,1294.57
Sub01_H_T10_R_C04,Sub01_H,healthy,1,10,right,4,unassigned_steady_or_transition,36532,36649,117,1.169999999999959,1294.57
Sub01_H_T10_R_C05,Sub01_H,healthy,1,10,right,5,unassigned_steady_or_transition,36649,36774,125,1.25,1294.57
Sub01_H_T10_R_C06,Sub01_H,healthy,1,10,right,6,unassigned_steady_or_transition,36774,36897,123,1.2299999999999045,1294.57
Sub01_H_T10_R_C07,Sub01_H,healthy,1,10,right,7,unassigned_steady_or_transition,36897,37017,120,1.2000000000000455,1294.57
Sub01_H_T10_R_C08,Sub01_H,healthy,1,10,right,8,unassigned_steady_or_transition,37017,37130,113,1.1200000000000045,1294.57
Sub01_H_T10_R_C09,Sub01_H,healthy,1,10,right,9,gait_termination,37130,37249,119,1.1900000000000546,1294.57
Sub01_H_T11_L_C01,Sub01_H,healthy,1,11,left,1,gait_initiation,39264,39380,116,1.17999999999995,2628.1137
Sub01_H_T11_L_C02,Sub01_H,healthy,1,11,left,2,unassigned_steady_or_transition,39380,39496,116,1.1599999999999682,2628.1137
Sub01_H_T11_L_C03,Sub01_H,healthy,1,11,left,3,unassigned_steady_or_transition,39496,39611,115,1.150000000000091,2628.1137
Sub01_H_T11_L_C04,Sub01_H,healthy,1,11,left,4,unassigned_steady_or_transition,39611,39729,118,1.17999999999995,2628.1137
Sub01_H_T11_L_C05,Sub01_H,healthy,1,11,left,5,unassigned_steady_or_transition,39729,39843,114,1.1499999999999773,2628.1137
Sub01_H_T11_L_C06,Sub01_H,healthy,1,11,left,6,unassigned_steady_or_transition,39843,39958,115,1.1499999999999773,2628.1137
Sub01_H_T11_L_C07,Sub01_H,healthy,1,11,left,7,unassigned_steady_or_transition,39958,40072,114,1.1399999999999864,2628.1137
Sub01_H_T11_L_C08,Sub01_H,healthy,1,11,left,8,unassigned_steady_or_transition,40072,40195,123,1.2300000000000182,2628.1137
Sub01_H_T11_L_C09,Sub01_H,healthy,1,11,left,9,unassigned_steady_or_transition,40195,40305,110,1.1000000000000227,2628.1137
Sub01_H_T11_L_C10,Sub01_H,healthy,1,11,left,10,gait_termination,40305,40417,112,1.1200000000000045,2628.1137
Sub01_H_T11_R_C01,Sub01_H,healthy,1,11,right,1,gait_initiation,39317,39435,118,1.1900000000000546,1324.15
Sub01_H_T11_R_C02,Sub01_H,healthy,1,11,right,2,unassigned_steady_or_transition,39435,39551,116,1.1599999999999682,1324.15
Sub01_H_T11_R_C03,Sub01_H,healthy,1,11,right,3,unassigned_steady_or_transition,39551,39664,113,1.1299999999999955,1324.15
Sub01_H_T11_R_C04,Sub01_H,healthy,1,11,right,4,unassigned_steady_or_transition,39664,39784,120,1.2000000000000455,1324.15
Sub01_H_T11_R_C05,Sub01_H,healthy,1,11,right,5,unassigned_steady_or_transition,39784,39901,117,1.169999999999959,1324.15
Sub01_H_T11_R_C06,Sub01_H,healthy,1,11,right,6,unassigned_steady_or_transition,39901,40009,108,1.080000000000041,1324.15
Sub01_H_T11_R_C07,Sub01_H,healthy,1,11,right,7,unassigned_steady_or_transition,40009,40131,122,1.2200000000000273,1324.15
Sub01_H_T11_R_C08,Sub01_H,healthy,1,11,right,8,unassigned_steady_or_transition,40131,40251,120,1.1999999999999318,1324.15
Sub01_H_T11_R_C09,Sub01_H,healthy,1,11,right,9,unassigned_steady_or_transition,40251,40356,105,1.0600000000000591,1324.15
Sub01_H_T11_R_C10,Sub01_H,healthy,1,11,right,10,gait_termination,40356,40476,120,1.2000000000000455,1324.15
Sub01_H_T12_L_C01,Sub01_H,healthy,1,12,left,1,gait_initiation,42099,42203,104,1.0499999999999545,2623.9057
Sub01_H_T12_L_C02,Sub01_H,healthy,1,12,left,2,unassigned_steady_or_transition,42203,42320,117,1.169999999999959,2623.9057
Sub01_H_T12_L_C03,Sub01_H,healthy,1,12,left,3,unassigned_steady_or_transition,42320,42437,117,1.169999999999959,2623.9057
Sub01_H_T12_L_C04,Sub01_H,healthy,1,12,left,4,unassigned_steady_or_transition,42437,42559,122,1.2200000000000273,2623.9057
Sub01_H_T12_L_C05,Sub01_H,healthy,1,12,left,5,unassigned_steady_or_transition,42559,42671,112,1.1200000000000045,2623.9057
Sub01_H_T12_L_C06,Sub01_H,healthy,1,12,left,6,unassigned_steady_or_transition,42671,42801,130,1.3099999999999454,2623.9057
Sub01_H_T12_L_C07,Sub01_H,healthy,1,12,left,7,unassigned_steady_or_transition,42801,42923,122,1.2199999999999136,2623.9057
Sub01_H_T12_L_C08,Sub01_H,healthy,1,12,left,8,unassigned_steady_or_transition,42923,43042,119,1.2000000000000455,2623.9057
Sub01_H_T12_L_C09,Sub01_H,healthy,1,12,left,9,unassigned_steady_or_transition,43042,43167,125,1.259999999999991,2623.9057
Sub01_H_T12_L_C10,Sub01_H,healthy,1,12,left,10,gait_termination,43167,43292,125,1.259999999999991,2623.9057
Sub01_H_T12_R_C01,Sub01_H,healthy,1,12,right,1,gait_initiation,42085,42174,89,0.8900000000001,-1420.33
Sub01_H_T12_R_C02,Sub01_H,healthy,1,12,right,2,unassigned_steady_or_transition,42174,42310,136,1.3700000000000045,-1420.33
Sub01_H_T12_R_C03,Sub01_H,healthy,1,12,right,3,unassigned_steady_or_transition,42310,42418,108,1.0799999999999272,-1420.33
Sub01_H_T12_R_C04,Sub01_H,healthy,1,12,right,4,unassigned_steady_or_transition,42418,42537,119,1.2000000000000455,-1420.33
Sub01_H_T12_R_C05,Sub01_H,healthy,1,12,right,5,unassigned_steady_or_transition,42537,42668,131,1.3100000000000591,-1420.33
Sub01_H_T12_R_C06,Sub01_H,healthy,1,12,right,6,unassigned_steady_or_transition,42668,42786,118,1.1899999999999409,-1420.33
Sub01_H_T12_R_C07,Sub01_H,healthy,1,12,right,7,unassigned_steady_or_transition,42786,42882,96,0.9700000000000273,-1420.33
Sub01_H_T12_R_C08,Sub01_H,healthy,1,12,right,8,unassigned_steady_or_transition,42882,43027,145,1.4600000000000364,-1420.33
Sub01_H_T12_R_C09,Sub01_H,healthy,1,12,right,9,unassigned_steady_or_transition,43027,43152,125,1.259999999999991,-1420.33
Sub01_H_T12_R_C10,Sub01_H,healthy,1,12,right,10,gait_termination,43152,43257,105,1.0499999999999545,-1420.33
Sub01_H_T13_L_C01,Sub01_H,healthy,1,13,left,1,gait_initiation,46111,46225,114,1.1399999999999864,-2701.71295
Sub01_H_T13_L_C02,Sub01_H,healthy,1,13,left,2,unassigned_steady_or_transition,46225,46338,113,1.1299999999999955,-2701.71295
Sub01_H_T13_L_C03,Sub01_H,healthy,1,13,left,3,unassigned_steady_or_transition,46338,46461,123,1.2300000000000182,-2701.71295
Sub01_H_T13_L_C04,Sub01_H,healthy,1,13,left,4,unassigned_steady_or_transition,46461,46537,76,0.7599999999999909,-2701.71295
Sub01_H_T13_L_C05,Sub01_H,healthy,1,13,left,5,unassigned_steady_or_transition,46537,46689,152,1.5300000000000864,-2701.71295
Sub01_H_T13_L_C06,Sub01_H,healthy,1,13,left,6,unassigned_steady_or_transition,46689,46793,104,1.0299999999999727,-2701.71295
Sub01_H_T13_L_C07,Sub01_H,healthy,1,13,left,7,unassigned_steady_or_transition,46793,46916,123,1.2300000000000182,-2701.71295
Sub01_H_T13_L_C08,Sub01_H,healthy,1,13,left,8,unassigned_steady_or_transition,46916,47034,118,1.17999999999995,-2701.71295
Sub01_H_T13_L_C09,Sub01_H,healthy,1,13,left,9,unassigned_steady_or_transition,47034,47150,116,1.1599999999999682,-2701.71295
Sub01_H_T13_L_C10,Sub01_H,healthy,1,13,left,10,gait_termination,47150,47277,127,1.2699999999999818,-2701.71295
Sub01_H_T13_R_C01,Sub01_H,healthy,1,13,right,1,gait_initiation,46103,46219,116,1.1700000000000728,1370.14
Sub01_H_T13_R_C02,Sub01_H,healthy,1,13,right,2,unassigned_steady_or_transition,46219,46333,114,1.1399999999999864,1370.14
Sub01_H_T13_R_C03,Sub01_H,healthy,1,13,right,3,unassigned_steady_or_transition,46333,46452,119,1.1899999999999409,1370.14
Sub01_H_T13_R_C04,Sub01_H,healthy,1,13,right,4,unassigned_steady_or_transition,46452,46566,114,1.1399999999999864,1370.14
Sub01_H_T13_R_C05,Sub01_H,healthy,1,13,right,5,unassigned_steady_or_transition,46566,46682,116,1.1599999999999682,1370.14
Sub01_H_T13_R_C06,Sub01_H,healthy,1,13,right,6,unassigned_steady_or_transition,46682,46787,105,1.0500000000000682,1370.14
Sub01_H_T13_R_C07,Sub01_H,healthy,1,13,right,7,unassigned_steady_or_transition,46787,46909,122,1.2199999999999136,1370.14
Sub01_H_T13_R_C08,Sub01_H,healthy,1,13,right,8,unassigned_steady_or_transition,46909,47026,117,1.1700000000000728,1370.14
Sub01_H_T13_R_C09,Sub01_H,healthy,1,13,right,9,unassigned_steady_or_transition,47026,47145,119,1.1899999999999409,1370.14
Sub01_H_T13_R_C10,Sub01_H,healthy,1,13,right,10,gait_termination,47145,47269,124,1.240000000000009,1370.14
Sub01_H_T14_L_C01,Sub01_H,healthy,1,14,left,1,gait_initiation,49631,49729,98,0.9900000000000091,2634.7711
Sub01_H_T14_L_C02,Sub01_H,healthy,1,14,left,2,unassigned_steady_or_transition,49729,49842,113,1.1299999999999955,2634.7711
Sub01_H_T14_L_C03,Sub01_H,healthy,1,14,left,3,unassigned_steady_or_transition,49842,49956,114,1.1400000000001,2634.7711
Sub01_H_T14_L_C04,Sub01_H,healthy,1,14,left,4,unassigned_steady_or_transition,49956,50072,116,1.1599999999999682,2634.7711
Sub01_H_T14_L_C05,Sub01_H,healthy,1,14,left,5,unassigned_steady_or_transition,50072,50191,119,1.1900000000000546,2634.7711
Sub01_H_T14_L_C06,Sub01_H,healthy,1,14,left,6,unassigned_steady_or_transition,50191,50319,128,1.2899999999999636,2634.7711
Sub01_H_T14_L_C07,Sub01_H,healthy,1,14,left,7,unassigned_steady_or_transition,50319,50417,98,0.9700000000000273,2634.7711
Sub01_H_T14_L_C08,Sub01_H,healthy,1,14,left,8,unassigned_steady_or_transition,50417,50531,114,1.1399999999999864,2634.7711
Sub01_H_T14_L_C09,Sub01_H,healthy,1,14,left,9,unassigned_steady_or_transition,50531,50652,121,1.2100000000000364,2634.7711
Sub01_H_T14_L_C10,Sub01_H,healthy,1,14,left,10,gait_termination,50652,50776,124,1.240000000000009,2634.7711
Sub01_H_T14_R_C01,Sub01_H,healthy,1,14,right,1,gait_initiation,49675,49786,111,1.1100000000000136,1352.4
Sub01_H_T14_R_C02,Sub01_H,healthy,1,14,right,2,unassigned_steady_or_transition,49786,49898,112,1.1200000000000045,1352.4
Sub01_H_T14_R_C03,Sub01_H,healthy,1,14,right,3,unassigned_steady_or_transition,49898,50012,114,1.1399999999999864,1352.4
Sub01_H_T14_R_C04,Sub01_H,healthy,1,14,right,4,unassigned_steady_or_transition,50012,50131,119,1.1900000000000546,1352.4
Sub01_H_T14_R_C05,Sub01_H,healthy,1,14,right,5,unassigned_steady_or_transition,50131,50254,123,1.240000000000009,1352.4
Sub01_H_T14_R_C06,Sub01_H,healthy,1,14,right,6,unassigned_steady_or_transition,50254,50377,123,1.2300000000000182,1352.4
Sub01_H_T14_R_C07,Sub01_H,healthy,1,14,right,7,unassigned_steady_or_transition,50377,50471,94,1.1899999999999409,1352.4
Sub01_H_T14_R_C08,Sub01_H,healthy,1,14,right,8,unassigned_steady_or_transition,50471,50591,120,1.2000000000000455,1352.4
Sub01_H_T14_R_C09,Sub01_H,healthy,1,14,right,9,gait_termination,50591,50714,123,1.2300000000000182,1352.4
Sub01_H_T15_L_C01,Sub01_H,healthy,1,15,left,1,gait_initiation,52660,52766,106,1.0599999999999454,-2738.7792
Sub01_H_T15_L_C02,Sub01_H,healthy,1,15,left,2,unassigned_steady_or_transition,52766,52880,114,1.1499999999999773,-2738.7792
Sub01_H_T15_L_C03,Sub01_H,healthy,1,15,left,3,unassigned_steady_or_transition,52880,52958,78,0.7799999999999727,-2738.7792
Sub01_H_T15_L_C04,Sub01_H,healthy,1,15,left,4,unassigned_steady_or_transition,52958,53108,150,1.509999999999991,-2738.7792
Sub01_H_T15_L_C05,Sub01_H,healthy,1,15,left,5,unassigned_steady_or_transition,53108,53226,118,1.1800000000000637,-2738.7792
Sub01_H_T15_L_C06,Sub01_H,healthy,1,15,left,6,unassigned_steady_or_transition,53226,53297,71,0.7099999999999227,-2738.7792
Sub01_H_T15_L_C07,Sub01_H,healthy,1,15,left,7,unassigned_steady_or_transition,53297,53441,144,1.4499999999999318,-2738.7792
Sub01_H_T15_L_C08,Sub01_H,healthy,1,15,left,8,unassigned_steady_or_transition,53441,53555,114,1.1399999999999864,-2738.7792
Sub01_H_T15_L_C09,Sub01_H,healthy,1,15,left,9,unassigned_steady_or_transition,53555,53673,118,1.1800000000000637,-2738.7792
Sub01_H_T15_L_C10,Sub01_H,healthy,1,15,left,10,gait_termination,53673,53795,122,1.2300000000000182,-2738.7792
Sub01_H_T15_R_C01,Sub01_H,healthy,1,15,right,1,gait_initiation,52648,52761,113,1.1299999999999955,1352.4650000000001
Sub01_H_T15_R_C02,Sub01_H,healthy,1,15,right,2,unassigned_steady_or_transition,52761,52874,113,1.1399999999999864,1352.4650000000001
Sub01_H_T15_R_C03,Sub01_H,healthy,1,15,right,3,unassigned_steady_or_transition,52874,52984,110,1.1000000000000227,1352.4650000000001
Sub01_H_T15_R_C04,Sub01_H,healthy,1,15,right,4,unassigned_steady_or_transition,52984,53102,118,1.1900000000000546,1352.4650000000001
Sub01_H_T15_R_C05,Sub01_H,healthy,1,15,right,5,unassigned_steady_or_transition,53102,53219,117,1.169999999999959,1352.4650000000001
Sub01_H_T15_R_C06,Sub01_H,healthy,1,15,right,6,unassigned_steady_or_transition,53219,53322,103,1.0299999999999727,1352.4650000000001
Sub01_H_T15_R_C07,Sub01_H,healthy,1,15,right,7,unassigned_steady_or_transition,53322,53435,113,1.1299999999999955,1352.4650000000001
Sub01_H_T15_R_C08,Sub01_H,healthy,1,15,right,8,unassigned_steady_or_transition,53435,53549,114,1.1499999999999773,1352.4650000000001
Sub01_H_T15_R_C09,Sub01_H,healthy,1,15,right,9,unassigned_steady_or_transition,53549,53667,118,1.17999999999995,1352.4650000000001
Sub01_H_T15_R_C10,Sub01_H,healthy,1,15,right,10,gait_termination,53667,53789,122,1.2300000000000182,1352.4650000000001
Sub01_H_T16_L_C01,Sub01_H,healthy,1,16,left,1,gait_initiation,55449,55553,104,1.0500000000000682,2643.7681
Sub01_H_T16_L_C02,Sub01_H,healthy,1,16,left,2,unassigned_steady_or_transition,55553,55664,111,1.1100000000000136,2643.7681
Sub01_H_T16_L_C03,Sub01_H,healthy,1,16,left,3,unassigned_steady_or_transition,55664,55783,119,1.1999999999999318,2643.7681
Sub01_H_T16_L_C04,Sub01_H,healthy,1,16,left,4,unassigned_steady_or_transition,55783,55898,115,1.1399999999999864,2643.7681
Sub01_H_T16_L_C05,Sub01_H,healthy,1,16,left,5,unassigned_steady_or_transition,55898,56017,119,1.1899999999999409,2643.7681
Sub01_H_T16_L_C06,Sub01_H,healthy,1,16,left,6,unassigned_steady_or_transition,56017,56149,132,1.32000000000005,2643.7681
Sub01_H_T16_L_C07,Sub01_H,healthy,1,16,left,7,unassigned_steady_or_transition,56149,56268,119,1.1999999999999318,2643.7681
Sub01_H_T16_L_C08,Sub01_H,healthy,1,16,left,8,unassigned_steady_or_transition,56268,56384,116,1.1600000000000819,2643.7681
Sub01_H_T16_L_C09,Sub01_H,healthy,1,16,left,9,unassigned_steady_or_transition,56384,56503,119,1.1899999999999409,2643.7681
Sub01_H_T16_L_C10,Sub01_H,healthy,1,16,left,10,gait_termination,56503,56627,124,1.240000000000009,2643.7681
Sub01_H_T16_R_C01,Sub01_H,healthy,1,16,right,1,gait_initiation,55429,55546,117,1.17999999999995,-1419.0
Sub01_H_T16_R_C02,Sub01_H,healthy,1,16,right,2,unassigned_steady_or_transition,55546,55658,112,1.1200000000000045,-1419.0
Sub01_H_T16_R_C03,Sub01_H,healthy,1,16,right,3,unassigned_steady_or_transition,55658,55767,109,1.0900000000000318,-1419.0
Sub01_H_T16_R_C04,Sub01_H,healthy,1,16,right,4,unassigned_steady_or_transition,55767,55889,122,1.2200000000000273,-1419.0
Sub01_H_T16_R_C05,Sub01_H,healthy,1,16,right,5,unassigned_steady_or_transition,55889,55998,109,1.0899999999999181,-1419.0
Sub01_H_T16_R_C06,Sub01_H,healthy,1,16,right,6,unassigned_steady_or_transition,55998,56138,140,1.4099999999999682,-1419.0
Sub01_H_T16_R_C07,Sub01_H,healthy,1,16,right,7,unassigned_steady_or_transition,56138,56245,107,1.0699999999999363,-1419.0
Sub01_H_T16_R_C08,Sub01_H,healthy,1,16,right,8,unassigned_steady_or_transition,56245,56352,107,1.0699999999999363,-1419.0
Sub01_H_T16_R_C09,Sub01_H,healthy,1,16,right,9,unassigned_steady_or_transition,56352,56474,122,1.2300000000000182,-1419.0
Sub01_H_T16_R_C10,Sub01_H,healthy,1,16,right,10,gait_termination,56474,56593,119,1.1900000000000546,-1419.0
Sub01_H_T17_L_C01,Sub01_H,healthy,1,17,left,1,gait_initiation,58036,58236,200,2.0399999999999636,2686.8575
Sub01_H_T17_L_C02,Sub01_H,healthy,1,17,left,2,unassigned_steady_or_transition,58236,58346,110,1.1000000000000227,2686.8575
Sub01_H_T17_L_C03,Sub01_H,healthy,1,17,left,3,unassigned_steady_or_transition,58346,58463,117,1.1800000000000637,2686.8575
Sub01_H_T17_L_C04,Sub01_H,healthy,1,17,left,4,unassigned_steady_or_transition,58463,58579,116,1.1599999999999682,2686.8575
Sub01_H_T17_L_C05,Sub01_H,healthy,1,17,left,5,unassigned_steady_or_transition,58579,58701,122,1.2200000000000273,2686.8575
Sub01_H_T17_L_C06,Sub01_H,healthy,1,17,left,6,unassigned_steady_or_transition,58701,58814,113,1.1299999999999955,2686.8575
Sub01_H_T17_L_C07,Sub01_H,healthy,1,17,left,7,unassigned_steady_or_transition,58814,58930,116,1.1599999999999682,2686.8575
Sub01_H_T17_L_C08,Sub01_H,healthy,1,17,left,8,unassigned_steady_or_transition,58930,59060,130,1.3000000000000682,2686.8575
Sub01_H_T17_L_C09,Sub01_H,healthy,1,17,left,9,unassigned_steady_or_transition,59060,59176,116,1.169999999999959,2686.8575
Sub01_H_T17_L_C10,Sub01_H,healthy,1,17,left,10,gait_termination,59176,59288,112,1.1200000000000045,2686.8575
Sub01_H_T17_R_C01,Sub01_H,healthy,1,17,right,1,gait_initiation,58180,58292,112,1.1200000000000045,1361.375
Sub01_H_T17_R_C02,Sub01_H,healthy,1,17,right,2,unassigned_steady_or_transition,58292,58403,111,1.1200000000000045,1361.375
Sub01_H_T17_R_C03,Sub01_H,healthy,1,17,right,3,unassigned_steady_or_transition,58403,58519,116,1.1599999999999682,1361.375
Sub01_H_T17_R_C04,Sub01_H,healthy,1,17,right,4,unassigned_steady_or_transition,58519,58638,119,1.1900000000000546,1361.375
Sub01_H_T17_R_C05,Sub01_H,healthy,1,17,right,5,unassigned_steady_or_transition,58638,58756,118,1.1899999999999409,1361.375
Sub01_H_T17_R_C06,Sub01_H,healthy,1,17,right,6,unassigned_steady_or_transition,58756,58870,114,1.1299999999999955,1361.375
Sub01_H_T17_R_C07,Sub01_H,healthy,1,17,right,7,unassigned_steady_or_transition,58870,58994,124,1.240000000000009,1361.375
Sub01_H_T17_R_C08,Sub01_H,healthy,1,17,right,8,unassigned_steady_or_transition,58994,59116,122,1.2199999999999136,1361.375
Sub01_H_T17_R_C09,Sub01_H,healthy,1,17,right,9,unassigned_steady_or_transition,59116,59230,114,1.1400000000001,1361.375
Sub01_H_T17_R_C10,Sub01_H,healthy,1,17,right,10,gait_termination,59230,59351,121,1.2099999999999227,1361.375
Sub01_H_T18_L_C01,Sub01_H,healthy,1,18,left,1,gait_initiation,61073,61185,112,1.1200000000000045,2691.03225
Sub01_H_T18_L_C02,Sub01_H,healthy,1,18,left,2,unassigned_steady_or_transition,61185,61310,125,1.259999999999991,2691.03225
Sub01_H_T18_L_C03,Sub01_H,healthy,1,18,left,3,unassigned_steady_or_transition,61310,61429,119,1.1999999999999318,2691.03225
Sub01_H_T18_L_C04,Sub01_H,healthy,1,18,left,4,unassigned_steady_or_transition,61429,61541,112,1.1199999999998909,2691.03225
Sub01_H_T18_L_C05,Sub01_H,healthy,1,18,left,5,unassigned_steady_or_transition,61541,61655,114,1.1399999999999864,2691.03225
Sub01_H_T18_L_C06,Sub01_H,healthy,1,18,left,6,unassigned_steady_or_transition,61655,61785,130,1.2999999999999545,2691.03225
Sub01_H_T18_L_C07,Sub01_H,healthy,1,18,left,7,unassigned_steady_or_transition,61785,61901,116,1.1600000000000819,2691.03225
Sub01_H_T18_L_C08,Sub01_H,healthy,1,18,left,8,unassigned_steady_or_transition,61901,62028,127,1.2799999999999727,2691.03225
Sub01_H_T18_L_C09,Sub01_H,healthy,1,18,left,9,unassigned_steady_or_transition,62028,62148,120,1.2000000000000455,2691.03225
Sub01_H_T18_L_C10,Sub01_H,healthy,1,18,left,10,gait_termination,62148,62269,121,1.2099999999999227,2691.03225
Sub01_H_T18_R_C01,Sub01_H,healthy,1,18,right,1,gait_initiation,61055,61183,128,1.2899999999999636,-1434.835
Sub01_H_T18_R_C02,Sub01_H,healthy,1,18,right,2,unassigned_steady_or_transition,61183,61296,113,1.1399999999999864,-1434.835
Sub01_H_T18_R_C03,Sub01_H,healthy,1,18,right,3,unassigned_steady_or_transition,61296,61415,119,1.1999999999999318,-1434.835
Sub01_H_T18_R_C04,Sub01_H,healthy,1,18,right,4,unassigned_steady_or_transition,61415,61529,114,1.1400000000001,-1434.835
Sub01_H_T18_R_C05,Sub01_H,healthy,1,18,right,5,unassigned_steady_or_transition,61529,61645,116,1.169999999999959,-1434.835
Sub01_H_T18_R_C06,Sub01_H,healthy,1,18,right,6,unassigned_steady_or_transition,61645,61766,121,1.2100000000000364,-1434.835
Sub01_H_T18_R_C07,Sub01_H,healthy,1,18,right,7,unassigned_steady_or_transition,61766,61891,125,1.259999999999991,-1434.835
Sub01_H_T18_R_C08,Sub01_H,healthy,1,18,right,8,unassigned_steady_or_transition,61891,61991,100,1.0,-1434.835
Sub01_H_T18_R_C09,Sub01_H,healthy,1,18,right,9,unassigned_steady_or_transition,61991,62120,129,1.2899999999999636,-1434.835
Sub01_H_T18_R_C10,Sub01_H,healthy,1,18,right,10,gait_termination,62120,62230,110,1.1000000000000227,-1434.835
Sub01_H_T21_L_C01,Sub01_H,healthy,21,21,left,1,gait_initiation,1355,1474,119,1.199999999999818,2705.8881
Sub01_H_T21_L_C02,Sub01_H,healthy,21,21,left,2,unassigned_steady_or_transition,1474,1582,108,1.0900000000001455,2705.8881
Sub01_H_T21_L_C03,Sub01_H,healthy,21,21,left,3,unassigned_steady_or_transition,1582,1660,78,0.7899999999999636,2705.8881
Sub01_H_T21_L_C04,Sub01_H,healthy,21,21,left,4,unassigned_steady_or_transition,1660,1778,118,1.1900000000000546,2705.8881
Sub01_H_T21_L_C05,Sub01_H,healthy,21,21,left,5,unassigned_steady_or_transition,1778,1897,119,1.1900000000000546,2705.8881
Sub01_H_T21_L_C06,Sub01_H,healthy,21,21,left,6,unassigned_steady_or_transition,1897,2009,112,1.1200000000001182,2705.8881
Sub01_H_T21_L_C07,Sub01_H,healthy,21,21,left,7,unassigned_steady_or_transition,2009,2129,120,1.199999999999818,2705.8881
Sub01_H_T21_L_C08,Sub01_H,healthy,21,21,left,8,unassigned_steady_or_transition,2129,2259,130,1.3100000000001728,2705.8881
Sub01_H_T21_L_C09,Sub01_H,healthy,21,21,left,9,unassigned_steady_or_transition,2259,2373,114,1.1499999999998636,2705.8881
Sub01_H_T21_L_C10,Sub01_H,healthy,21,21,left,10,gait_termination,2373,2493,120,1.2100000000000364,2705.8881
Sub01_H_T21_R_C01,Sub01_H,healthy,21,21,right,1,gait_initiation,1412,1527,115,1.1600000000000819,1360.56
Sub01_H_T21_R_C02,Sub01_H,healthy,21,21,right,2,unassigned_steady_or_transition,1527,1635,108,1.0899999999999181,1360.56
Sub01_H_T21_R_C03,Sub01_H,healthy,21,21,right,3,unassigned_steady_or_transition,1635,1717,82,1.1800000000000637,1360.56
Sub01_H_T21_R_C04,Sub01_H,healthy,21,21,right,4,unassigned_steady_or_transition,1717,1838,121,1.2200000000000273,1360.56
Sub01_H_T21_R_C05,Sub01_H,healthy,21,21,right,5,unassigned_steady_or_transition,1838,1951,113,1.1299999999998818,1360.56
Sub01_H_T21_R_C06,Sub01_H,healthy,21,21,right,6,unassigned_steady_or_transition,1951,2070,119,1.1900000000000546,1360.56
Sub01_H_T21_R_C07,Sub01_H,healthy,21,21,right,7,unassigned_steady_or_transition,2070,2192,122,1.2300000000000182,1360.56
Sub01_H_T21_R_C08,Sub01_H,healthy,21,21,right,8,unassigned_steady_or_transition,2192,2318,126,1.2699999999999818,1360.56
Sub01_H_T21_R_C09,Sub01_H,healthy,21,21,right,9,gait_termination,2318,2430,112,1.1300000000001091,1360.56
Sub01_H_T22_L_C01,Sub01_H,healthy,21,22,left,1,gait_initiation,4160,4288,128,1.2999999999999545,-2790.2497
Sub01_H_T22_L_C02,Sub01_H,healthy,21,22,left,2,unassigned_steady_or_transition,4288,4395,107,1.0799999999999272,-2790.2497
Sub01_H_T22_L_C03,Sub01_H,healthy,21,22,left,3,unassigned_steady_or_transition,4395,4508,113,1.1400000000001,-2790.2497
Sub01_H_T22_L_C04,Sub01_H,healthy,21,22,left,4,unassigned_steady_or_transition,4508,4622,114,1.150000000000091,-2790.2497
Sub01_H_T22_L_C05,Sub01_H,healthy,21,22,left,5,unassigned_steady_or_transition,4622,4739,117,1.1799999999998363,-2790.2497
Sub01_H_T22_L_C06,Sub01_H,healthy,21,22,left,6,unassigned_steady_or_transition,4739,4865,126,1.2800000000002,-2790.2497
Sub01_H_T22_L_C07,Sub01_H,healthy,21,22,left,7,unassigned_steady_or_transition,4865,4949,84,0.8399999999999181,-2790.2497
Sub01_H_T22_L_C08,Sub01_H,healthy,21,22,left,8,unassigned_steady_or_transition,4949,5104,155,1.5699999999999363,-2790.2497
Sub01_H_T22_L_C09,Sub01_H,healthy,21,22,left,9,unassigned_steady_or_transition,5104,5182,78,0.7899999999999636,-2790.2497
Sub01_H_T22_L_C10,Sub01_H,healthy,21,22,left,10,gait_termination,5182,5334,152,1.540000000000191,-2790.2497
Sub01_H_T22_R_C01,Sub01_H,healthy,21,22,right,1,gait_initiation,4154,4282,128,1.2899999999999636,1377.0300000000002
Sub01_H_T22_R_C02,Sub01_H,healthy,21,22,right,2,unassigned_steady_or_transition,4282,4389,107,1.0899999999999181,1377.0300000000002
Sub01_H_T22_R_C03,Sub01_H,healthy,21,22,right,3,unassigned_steady_or_transition,4389,4505,116,1.1700000000000728,1377.0300000000002
Sub01_H_T22_R_C04,Sub01_H,healthy,21,22,right,4,unassigned_steady_or_transition,4505,4617,112,1.1299999999998818,1377.0300000000002
Sub01_H_T22_R_C05,Sub01_H,healthy,21,22,right,5,unassigned_steady_or_transition,4617,4734,117,1.1800000000000637,1377.0300000000002
Sub01_H_T22_R_C06,Sub01_H,healthy,21,22,right,6,unassigned_steady_or_transition,4734,4861,127,1.2799999999999727,1377.0300000000002
Sub01_H_T22_R_C07,Sub01_H,healthy,21,22,right,7,unassigned_steady_or_transition,4861,4978,117,1.1800000000000637,1377.0300000000002
Sub01_H_T22_R_C08,Sub01_H,healthy,21,22,right,8,unassigned_steady_or_transition,4978,5099,121,1.2200000000000273,1377.0300000000002
Sub01_H_T22_R_C09,Sub01_H,healthy,21,22,right,9,unassigned_steady_or_transition,5099,5213,114,1.1600000000000819,1377.0300000000002
Sub01_H_T22_R_C10,Sub01_H,healthy,21,22,right,10,gait_termination,5213,5331,118,1.1900000000000546,1377.0300000000002
Sub01_H_T23_L_C01,Sub01_H,healthy,21,23,left,1,gait_initiation,7506,7621,115,1.1600000000000819,2737.1822
Sub01_H_T23_L_C02,Sub01_H,healthy,21,23,left,2,unassigned_steady_or_transition,7621,7737,116,1.1800000000000637,2737.1822
Sub01_H_T23_L_C03,Sub01_H,healthy,21,23,left,3,unassigned_steady_or_transition,7737,7851,114,1.1499999999998636,2737.1822
Sub01_H_T23_L_C04,Sub01_H,healthy,21,23,left,4,unassigned_steady_or_transition,7851,7968,117,1.1800000000000637,2737.1822
Sub01_H_T23_L_C05,Sub01_H,healthy,21,23,left,5,unassigned_steady_or_transition,7968,8084,116,1.1800000000000637,2737.1822
Sub01_H_T23_L_C06,Sub01_H,healthy,21,23,left,6,unassigned_steady_or_transition,8084,8198,114,1.1499999999998636,2737.1822
Sub01_H_T23_L_C07,Sub01_H,healthy,21,23,left,7,unassigned_steady_or_transition,8198,8312,114,1.1400000000001,2737.1822
Sub01_H_T23_L_C08,Sub01_H,healthy,21,23,left,8,unassigned_steady_or_transition,8312,8428,116,1.1800000000000637,2737.1822
Sub01_H_T23_L_C09,Sub01_H,healthy,21,23,left,9,unassigned_steady_or_transition,8428,8551,123,1.240000000000009,2737.1822
Sub01_H_T23_L_C10,Sub01_H,healthy,21,23,left,10,gait_termination,8551,8672,121,1.2200000000000273,2737.1822
Sub01_H_T23_R_C01,Sub01_H,healthy,21,23,right,1,gait_initiation,7494,7619,125,1.2699999999999818,-1455.2
Sub01_H_T23_R_C02,Sub01_H,healthy,21,23,right,2,unassigned_steady_or_transition,7619,7721,102,1.0299999999999727,-1455.2
Sub01_H_T23_R_C03,Sub01_H,healthy,21,23,right,3,unassigned_steady_or_transition,7721,7821,100,1.009999999999991,-1455.2
Sub01_H_T23_R_C04,Sub01_H,healthy,21,23,right,4,unassigned_steady_or_transition,7821,7936,115,1.1700000000000728,-1455.2
Sub01_H_T23_R_C05,Sub01_H,healthy,21,23,right,5,unassigned_steady_or_transition,7936,8056,120,1.2100000000000364,-1455.2
Sub01_H_T23_R_C06,Sub01_H,healthy,21,23,right,6,unassigned_steady_or_transition,8056,8190,134,1.3599999999999,-1455.2
Sub01_H_T23_R_C07,Sub01_H,healthy,21,23,right,7,unassigned_steady_or_transition,8190,8306,116,1.1600000000000819,-1455.2
Sub01_H_T23_R_C08,Sub01_H,healthy,21,23,right,8,unassigned_steady_or_transition,8306,8423,117,1.1799999999998363,-1455.2
Sub01_H_T23_R_C09,Sub01_H,healthy,21,23,right,9,unassigned_steady_or_transition,8423,8543,120,1.209999999999809,-1455.2
Sub01_H_T23_R_C10,Sub01_H,healthy,21,23,right,10,gait_termination,8543,8662,119,1.2000000000000455,-1455.2
Sub01_H_T24_L_C01,Sub01_H,healthy,21,24,left,1,gait_initiation,10274,10393,119,1.2000000000000455,-2772.8073
Sub01_H_T24_L_C02,Sub01_H,healthy,21,24,left,2,unassigned_steady_or_transition,10393,10505,112,1.1299999999998818,-2772.8073
Sub01_H_T24_L_C03,Sub01_H,healthy,21,24,left,3,unassigned_steady_or_transition,10505,10622,117,1.1800000000000637,-2772.8073
Sub01_H_T24_L_C04,Sub01_H,healthy,21,24,left,4,unassigned_steady_or_transition,10622,10731,109,1.1000000000001364,-2772.8073
Sub01_H_T24_L_C05,Sub01_H,healthy,21,24,left,5,unassigned_steady_or_transition,10731,10849,118,1.1899999999998272,-2772.8073
Sub01_H_T24_L_C06,Sub01_H,healthy,21,24,left,6,unassigned_steady_or_transition,10849,10971,122,1.240000000000009,-2772.8073
Sub01_H_T24_L_C07,Sub01_H,healthy,21,24,left,7,unassigned_steady_or_transition,10971,11093,122,1.240000000000009,-2772.8073
Sub01_H_T24_L_C08,Sub01_H,healthy,21,24,left,8,unassigned_steady_or_transition,11093,11212,119,1.2000000000000455,-2772.8073
Sub01_H_T24_L_C09,Sub01_H,healthy,21,24,left,9,unassigned_steady_or_transition,11212,11300,88,0.8900000000001,-2772.8073
Sub01_H_T24_L_C10,Sub01_H,healthy,21,24,left,10,gait_termination,11300,11460,160,1.6299999999998818,-2772.8073
Sub01_H_T24_R_C01,Sub01_H,healthy,21,24,right,1,gait_initiation,10263,10383,120,1.209999999999809,1364.15
Sub01_H_T24_R_C02,Sub01_H,healthy,21,24,right,2,unassigned_steady_or_transition,10383,10498,115,1.1600000000000819,1364.15
Sub01_H_T24_R_C03,Sub01_H,healthy,21,24,right,3,unassigned_steady_or_transition,10498,10617,119,1.2000000000000455,1364.15
Sub01_H_T24_R_C04,Sub01_H,healthy,21,24,right,4,unassigned_steady_or_transition,10617,10726,109,1.099999999999909,1364.15
Sub01_H_T24_R_C05,Sub01_H,healthy,21,24,right,5,unassigned_steady_or_transition,10726,10843,117,1.1800000000000637,1364.15
Sub01_H_T24_R_C06,Sub01_H,healthy,21,24,right,6,unassigned_steady_or_transition,10843,10964,121,1.2300000000000182,1364.15
Sub01_H_T24_R_C07,Sub01_H,healthy,21,24,right,7,unassigned_steady_or_transition,10964,11087,123,1.240000000000009,1364.15
Sub01_H_T24_R_C08,Sub01_H,healthy,21,24,right,8,unassigned_steady_or_transition,11087,11207,120,1.2200000000000273,1364.15
Sub01_H_T24_R_C09,Sub01_H,healthy,21,24,right,9,unassigned_steady_or_transition,11207,11332,125,1.2699999999999818,1364.15
Sub01_H_T24_R_C10,Sub01_H,healthy,21,24,right,10,gait_termination,11332,11452,120,1.2100000000000364,1364.15
Sub01_H_T25_L_C01,Sub01_H,healthy,21,25,left,1,gait_initiation,13697,13822,125,1.259999999999991,2743.6125
Sub01_H_T25_L_C02,Sub01_H,healthy,21,25,left,2,unassigned_steady_or_transition,13822,13945,123,1.240000000000009,2743.6125
Sub01_H_T25_L_C03,Sub01_H,healthy,21,25,left,3,unassigned_steady_or_transition,13945,14060,115,1.1600000000000819,2743.6125
Sub01_H_T25_L_C04,Sub01_H,healthy,21,25,left,4,unassigned_steady_or_transition,14060,14179,119,1.209999999999809,2743.6125
Sub01_H_T25_L_C05,Sub01_H,healthy,21,25,left,5,unassigned_steady_or_transition,14179,14301,122,1.2299999999997908,2743.6125
Sub01_H_T25_L_C06,Sub01_H,healthy,21,25,left,6,unassigned_steady_or_transition,14301,14412,111,1.1200000000001182,2743.6125
Sub01_H_T25_L_C07,Sub01_H,healthy,21,25,left,7,unassigned_steady_or_transition,14412,14532,120,1.2000000000000455,2743.6125
Sub01_H_T25_L_C08,Sub01_H,healthy,21,25,left,8,unassigned_steady_or_transition,14532,14652,120,1.2100000000000364,2743.6125
Sub01_H_T25_L_C09,Sub01_H,healthy,21,25,left,9,unassigned_steady_or_transition,14652,14775,123,1.240000000000009,2743.6125
Sub01_H_T25_L_C10,Sub01_H,healthy,21,25,left,10,gait_termination,14775,14889,114,1.1399999999998727,2743.6125
Sub01_H_T25_R_C01,Sub01_H,healthy,21,25,right,1,gait_initiation,13689,13815,126,1.2799999999999727,-1454.885
Sub01_H_T25_R_C02,Sub01_H,healthy,21,25,right,2,unassigned_steady_or_transition,13815,13936,121,1.2200000000000273,-1454.885
Sub01_H_T25_R_C03,Sub01_H,healthy,21,25,right,3,unassigned_steady_or_transition,13936,14050,114,1.1499999999998636,-1454.885
Sub01_H_T25_R_C04,Sub01_H,healthy,21,25,right,4,unassigned_steady_or_transition,14050,14150,100,1.009999999999991,-1454.885
Sub01_H_T25_R_C05,Sub01_H,healthy,21,25,right,5,unassigned_steady_or_transition,14150,14266,116,1.1700000000000728,-1454.885
Sub01_H_T25_R_C06,Sub01_H,healthy,21,25,right,6,unassigned_steady_or_transition,14266,14407,141,1.4200000000000728,-1454.885
Sub01_H_T25_R_C07,Sub01_H,healthy,21,25,right,7,unassigned_steady_or_transition,14407,14525,118,1.1800000000000637,-1454.885
Sub01_H_T25_R_C08,Sub01_H,healthy,21,25,right,8,unassigned_steady_or_transition,14525,14644,119,1.199999999999818,-1454.885
Sub01_H_T25_R_C09,Sub01_H,healthy,21,25,right,9,unassigned_steady_or_transition,14644,14768,124,1.25,-1454.885
Sub01_H_T25_R_C10,Sub01_H,healthy,21,25,right,10,gait_termination,14768,14885,117,1.1700000000000728,-1454.885
Sub01_H_T26_L_C01,Sub01_H,healthy,21,26,left,1,gait_initiation,16276,16389,113,1.1300000000001091,2782.2828
Sub01_H_T26_L_C02,Sub01_H,healthy,21,26,left,2,unassigned_steady_or_transition,16389,16500,111,1.1200000000001182,2782.2828
Sub01_H_T26_L_C03,Sub01_H,healthy,21,26,left,3,unassigned_steady_or_transition,16500,16616,116,1.1699999999998454,2782.2828
Sub01_H_T26_L_C04,Sub01_H,healthy,21,26,left,4,unassigned_steady_or_transition,16616,16734,118,1.1800000000000637,2782.2828
Sub01_H_T26_L_C05,Sub01_H,healthy,21,26,left,5,unassigned_steady_or_transition,16734,16855,121,1.2200000000000273,2782.2828
Sub01_H_T26_L_C06,Sub01_H,healthy,21,26,left,6,unassigned_steady_or_transition,16855,16978,123,1.240000000000009,2782.2828
Sub01_H_T26_L_C07,Sub01_H,healthy,21,26,left,7,unassigned_steady_or_transition,16978,17094,116,1.1600000000000819,2782.2828
Sub01_H_T26_L_C08,Sub01_H,healthy,21,26,left,8,unassigned_steady_or_transition,17094,17210,116,1.1699999999998454,2782.2828
Sub01_H_T26_L_C09,Sub01_H,healthy,21,26,left,9,gait_termination,17210,17327,117,1.1800000000000637,2782.2828
Sub01_H_T26_R_C01,Sub01_H,healthy,21,26,right,1,gait_initiation,16218,16334,116,1.1700000000000728,1337.49
Sub01_H_T26_R_C02,Sub01_H,healthy,21,26,right,2,unassigned_steady_or_transition,16334,16441,107,1.0799999999999272,1337.49
Sub01_H_T26_R_C03,Sub01_H,healthy,21,26,right,3,unassigned_steady_or_transition,16441,16557,116,1.1700000000000728,1337.49
Sub01_H_T26_R_C04,Sub01_H,healthy,21,26,right,4,unassigned_steady_or_transition,16557,16675,118,1.1900000000000546,1337.49
Sub01_H_T26_R_C05,Sub01_H,healthy,21,26,right,5,unassigned_steady_or_transition,16675,16791,116,1.1599999999998545,1337.49
Sub01_H_T26_R_C06,Sub01_H,healthy,21,26,right,6,unassigned_steady_or_transition,16791,16919,128,1.290000000000191,1337.49
Sub01_H_T26_R_C07,Sub01_H,healthy,21,26,right,7,unassigned_steady_or_transition,16919,17033,114,1.1399999999998727,1337.49
Sub01_H_T26_R_C08,Sub01_H,healthy,21,26,right,8,unassigned_steady_or_transition,17033,17150,117,1.1800000000000637,1337.49
Sub01_H_T26_R_C09,Sub01_H,healthy,21,26,right,9,unassigned_steady_or_transition,17150,17263,113,1.1400000000001,1337.49
Sub01_H_T26_R_C10,Sub01_H,healthy,21,26,right,10,gait_termination,17263,17386,123,1.240000000000009,1337.49
Sub01_H_T27_L_C01,Sub01_H,healthy,21,27,left,1,gait_initiation,18902,19019,117,1.1799999999998363,2786.4143
Sub01_H_T27_L_C02,Sub01_H,healthy,21,27,left,2,unassigned_steady_or_transition,19019,19125,106,1.0800000000001546,2786.4143
Sub01_H_T27_L_C03,Sub01_H,healthy,21,27,left,3,unassigned_steady_or_transition,19125,19234,109,1.099999999999909,2786.4143
Sub01_H_T27_L_C04,Sub01_H,healthy,21,27,left,4,unassigned_steady_or_transition,19234,19341,107,1.0800000000001546,2786.4143
Sub01_H_T27_L_C05,Sub01_H,healthy,21,27,left,5,unassigned_steady_or_transition,19341,19456,115,1.1599999999998545,2786.4143
Sub01_H_T27_L_C06,Sub01_H,healthy,21,27,left,6,unassigned_steady_or_transition,19456,19563,107,1.0800000000001546,2786.4143
Sub01_H_T27_L_C07,Sub01_H,healthy,21,27,left,7,unassigned_steady_or_transition,19563,19678,115,1.1499999999998636,2786.4143
Sub01_H_T27_L_C08,Sub01_H,healthy,21,27,left,8,unassigned_steady_or_transition,19678,19800,122,1.2300000000000182,2786.4143
Sub01_H_T27_L_C09,Sub01_H,healthy,21,27,left,9,unassigned_steady_or_transition,19800,19932,132,1.3300000000001546,2786.4143
Sub01_H_T27_L_C10,Sub01_H,healthy,21,27,left,10,gait_termination,19932,20054,122,1.2300000000000182,2786.4143
Sub01_H_T27_R_C01,Sub01_H,healthy,21,27,right,1,gait_initiation,18965,19070,105,1.0599999999999454,1399.955
Sub01_H_T27_R_C02,Sub01_H,healthy,21,27,right,2,unassigned_steady_or_transition,19070,19179,109,1.099999999999909,1399.955
Sub01_H_T27_R_C03,Sub01_H,healthy,21,27,right,3,unassigned_steady_or_transition,19179,19286,107,1.0699999999999363,1399.955
Sub01_H_T27_R_C04,Sub01_H,healthy,21,27,right,4,unassigned_steady_or_transition,19286,19398,112,1.1300000000001091,1399.955
Sub01_H_T27_R_C05,Sub01_H,healthy,21,27,right,5,unassigned_steady_or_transition,19398,19509,111,1.1199999999998909,1399.955
Sub01_H_T27_R_C06,Sub01_H,healthy,21,27,right,6,unassigned_steady_or_transition,19509,19623,114,1.1400000000001,1399.955
Sub01_H_T27_R_C07,Sub01_H,healthy,21,27,right,7,unassigned_steady_or_transition,19623,19737,114,1.150000000000091,1399.955
Sub01_H_T27_R_C08,Sub01_H,healthy,21,27,right,8,unassigned_steady_or_transition,19737,19868,131,1.3199999999999363,1399.955
Sub01_H_T27_R_C09,Sub01_H,healthy,21,27,right,9,gait_termination,19868,19992,124,1.25,1399.955
Sub01_H_T28_L_C01,Sub01_H,healthy,21,28,left,1,gait_initiation,21405,21516,111,1.1200000000001182,2810.0144999999998
Sub01_H_T28_L_C02,Sub01_H,healthy,21,28,left,2,unassigned_steady_or_transition,21516,21623,107,1.0799999999999272,2810.0144999999998
Sub01_H_T28_L_C03,Sub01_H,healthy,21,28,left,3,unassigned_steady_or_transition,21623,21733,110,1.1100000000001273,2810.0144999999998
Sub01_H_T28_L_C04,Sub01_H,healthy,21,28,left,4,unassigned_steady_or_transition,21733,21844,111,1.1099999999999,2810.0144999999998
Sub01_H_T28_L_C05,Sub01_H,healthy,21,28,left,5,unassigned_steady_or_transition,21844,21964,120,1.2100000000000364,2810.0144999999998
Sub01_H_T28_L_C06,Sub01_H,healthy,21,28,left,6,unassigned_steady_or_transition,21964,22086,122,1.2300000000000182,2810.0144999999998
Sub01_H_T28_L_C07,Sub01_H,healthy,21,28,left,7,unassigned_steady_or_transition,22086,22202,116,1.1600000000000819,2810.0144999999998
Sub01_H_T28_L_C08,Sub01_H,healthy,21,28,left,8,unassigned_steady_or_transition,22202,22324,122,1.2200000000000273,2810.0144999999998
Sub01_H_T28_L_C09,Sub01_H,healthy,21,28,left,9,gait_termination,22324,22443,119,1.199999999999818,2810.0144999999998
Sub01_H_T28_R_C01,Sub01_H,healthy,21,28,right,1,gait_initiation,21340,21460,120,1.2199999999998,1347.27
Sub01_H_T28_R_C02,Sub01_H,healthy,21,28,right,2,unassigned_steady_or_transition,21460,21567,107,1.0800000000001546,1347.27
Sub01_H_T28_R_C03,Sub01_H,healthy,21,28,right,3,unassigned_steady_or_transition,21567,21677,110,1.1099999999999,1347.27
Sub01_H_T28_R_C04,Sub01_H,healthy,21,28,right,4,unassigned_steady_or_transition,21677,21785,108,1.0800000000001546,1347.27
Sub01_H_T28_R_C05,Sub01_H,healthy,21,28,right,5,unassigned_steady_or_transition,21785,21902,117,1.1799999999998363,1347.27
Sub01_H_T28_R_C06,Sub01_H,healthy,21,28,right,6,unassigned_steady_or_transition,21902,22024,122,1.240000000000009,1347.27
Sub01_H_T28_R_C07,Sub01_H,healthy,21,28,right,7,unassigned_steady_or_transition,22024,22142,118,1.1800000000000637,1347.27
Sub01_H_T28_R_C08,Sub01_H,healthy,21,28,right,8,unassigned_steady_or_transition,22142,22259,117,1.1800000000000637,1347.27
Sub01_H_T28_R_C09,Sub01_H,healthy,21,28,right,9,unassigned_steady_or_transition,22259,22381,122,1.240000000000009,1347.27
Sub01_H_T28_R_C10,Sub01_H,healthy,21,28,right,10,gait_termination,22381,22502,121,1.2200000000000273,1347.27
Sub01_H_T29_L_C01,Sub01_H,healthy,21,29,left,1,gait_initiation,23990,24103,113,1.1399999999998727,2810.4428
Sub01_H_T29_L_C02,Sub01_H,healthy,21,29,left,2,unassigned_steady_or_transition,24103,24216,113,1.1400000000001,2810.4428
Sub01_H_T29_L_C03,Sub01_H,healthy,21,29,left,3,unassigned_steady_or_transition,24216,24331,115,1.1599999999998545,2810.4428
Sub01_H_T29_L_C04,Sub01_H,healthy,21,29,left,4,unassigned_steady_or_transition,24331,24448,117,1.1800000000000637,2810.4428
Sub01_H_T29_L_C05,Sub01_H,healthy,21,29,left,5,unassigned_steady_or_transition,24448,24562,114,1.150000000000091,2810.4428
Sub01_H_T29_L_C06,Sub01_H,healthy,21,29,left,6,unassigned_steady_or_transition,24562,24675,113,1.1399999999998727,2810.4428
Sub01_H_T29_L_C07,Sub01_H,healthy,21,29,left,7,unassigned_steady_or_transition,24675,24786,111,1.1200000000001182,2810.4428
Sub01_H_T29_L_C08,Sub01_H,healthy,21,29,left,8,unassigned_steady_or_transition,24786,24908,122,1.2200000000000273,2810.4428
Sub01_H_T29_L_C09,Sub01_H,healthy,21,29,left,9,unassigned_steady_or_transition,24908,25023,115,1.1600000000000819,2810.4428
Sub01_H_T29_L_C10,Sub01_H,healthy,21,29,left,10,gait_termination,25023,25150,127,1.2799999999999727,2810.4428
Sub01_H_T29_R_C01,Sub01_H,healthy,21,29,right,1,gait_initiation,23969,24092,123,1.25,-1481.4
Sub01_H_T29_R_C02,Sub01_H,healthy,21,29,right,2,unassigned_steady_or_transition,24092,24186,94,0.9500000000000455,-1481.4
Sub01_H_T29_R_C03,Sub01_H,healthy,21,29,right,3,unassigned_steady_or_transition,24186,24319,133,1.3399999999999181,-1481.4
Sub01_H_T29_R_C04,Sub01_H,healthy,21,29,right,4,unassigned_steady_or_transition,24319,24413,94,0.9500000000000455,-1481.4
Sub01_H_T29_R_C05,Sub01_H,healthy,21,29,right,5,unassigned_steady_or_transition,24413,24534,121,1.2200000000000273,-1481.4
Sub01_H_T29_R_C06,Sub01_H,healthy,21,29,right,6,unassigned_steady_or_transition,24534,24644,110,1.1099999999999,-1481.4
Sub01_H_T29_R_C07,Sub01_H,healthy,21,29,right,7,unassigned_steady_or_transition,24644,24776,132,1.3300000000001546,-1481.4
Sub01_H_T29_R_C08,Sub01_H,healthy,21,29,right,8,unassigned_steady_or_transition,24776,24884,108,1.0799999999999272,-1481.4
Sub01_H_T29_R_C09,Sub01_H,healthy,21,29,right,9,unassigned_steady_or_transition,24884,25016,132,1.3299999999999272,-1481.4
Sub01_H_T29_R_C10,Sub01_H,healthy,21,29,right,10,gait_termination,25016,25143,127,1.2799999999999727,-1481.4
Sub01_H_T30_L_C01,Sub01_H,healthy,21,30,left,1,gait_initiation,27096,27209,113,1.1400000000001,2808.859
Sub01_H_T30_L_C02,Sub01_H,healthy,21,30,left,2,unassigned_steady_or_transition,27209,27321,112,1.1299999999998818,2808.859
Sub01_H_T30_L_C03,Sub01_H,healthy,21,30,left,3,unassigned_steady_or_transition,27321,27435,114,1.1400000000001,2808.859
Sub01_H_T30_L_C04,Sub01_H,healthy,21,30,left,4,unassigned_steady_or_transition,27435,27554,119,1.2000000000000455,2808.859
Sub01_H_T30_L_C05,Sub01_H,healthy,21,30,left,5,unassigned_steady_or_transition,27554,27675,121,1.2200000000000273,2808.859
Sub01_H_T30_L_C06,Sub01_H,healthy,21,30,left,6,unassigned_steady_or_transition,27675,27795,120,1.2200000000000273,2808.859
Sub01_H_T30_L_C07,Sub01_H,healthy,21,30,left,7,unassigned_steady_or_transition,27795,27909,114,1.1499999999998636,2808.859
Sub01_H_T30_L_C08,Sub01_H,healthy,21,30,left,8,unassigned_steady_or_transition,27909,28026,117,1.1800000000000637,2808.859
Sub01_H_T30_L_C09,Sub01_H,healthy,21,30,left,9,gait_termination,28026,28153,127,1.2799999999999727,2808.859
Sub01_H_T30_R_C01,Sub01_H,healthy,21,30,right,1,gait_initiation,27038,27152,114,1.1499999999998636,1361.065
Sub01_H_T30_R_C02,Sub01_H,healthy,21,30,right,2,unassigned_steady_or_transition,27152,27261,109,1.1000000000001364,1361.065
Sub01_H_T30_R_C03,Sub01_H,healthy,21,30,right,3,unassigned_steady_or_transition,27261,27376,115,1.1599999999998545,1361.065
Sub01_H_T30_R_C04,Sub01_H,healthy,21,30,right,4,unassigned_steady_or_transition,27376,27491,115,1.1499999999998636,1361.065
Sub01_H_T30_R_C05,Sub01_H,healthy,21,30,right,5,unassigned_steady_or_transition,27491,27613,122,1.2300000000000182,1361.065
Sub01_H_T30_R_C06,Sub01_H,healthy,21,30,right,6,unassigned_steady_or_transition,27613,27736,123,1.25,1361.065
Sub01_H_T30_R_C07,Sub01_H,healthy,21,30,right,7,unassigned_steady_or_transition,27736,27851,115,1.1600000000000819,1361.065
Sub01_H_T30_R_C08,Sub01_H,healthy,21,30,right,8,unassigned_steady_or_transition,27851,27966,115,1.1499999999998636,1361.065
Sub01_H_T30_R_C09,Sub01_H,healthy,21,30,right,9,unassigned_steady_or_transition,27966,28087,121,1.2199999999998,1361.065
Sub01_H_T30_R_C10,Sub01_H,healthy,21,30,right,10,gait_termination,28087,28212,125,1.259999999999991,1361.065
Sub01_H_T31_L_C01,Sub01_H,healthy,21,31,left,1,gait_initiation,29841,29960,119,1.2100000000000364,2815.16715
Sub01_H_T31_L_C02,Sub01_H,healthy,21,31,left,2,unassigned_steady_or_transition,29960,30084,124,1.25,2815.16715
Sub01_H_T31_L_C03,Sub01_H,healthy,21,31,left,3,unassigned_steady_or_transition,30084,30197,113,1.1400000000001,2815.16715
Sub01_H_T31_L_C04,Sub01_H,healthy,21,31,left,4,unassigned_steady_or_transition,30197,30317,120,1.2100000000000364,2815.16715
Sub01_H_T31_L_C05,Sub01_H,healthy,21,31,left,5,unassigned_steady_or_transition,30317,30434,117,1.1799999999998363,2815.16715
Sub01_H_T31_L_C06,Sub01_H,healthy,21,31,left,6,unassigned_steady_or_transition,30434,30551,117,1.1800000000000637,2815.16715
Sub01_H_T31_L_C07,Sub01_H,healthy,21,31,left,7,unassigned_steady_or_transition,30551,30669,118,1.1800000000000637,2815.16715
Sub01_H_T31_L_C08,Sub01_H,healthy,21,31,left,8,unassigned_steady_or_transition,30669,30794,125,1.259999999999991,2815.16715
Sub01_H_T31_L_C09,Sub01_H,healthy,21,31,left,9,unassigned_steady_or_transition,30794,30912,118,1.1800000000000637,2815.16715
Sub01_H_T31_L_C10,Sub01_H,healthy,21,31,left,10,gait_termination,30912,31030,118,1.1900000000000546,2815.16715
Sub01_H_T31_R_C01,Sub01_H,healthy,21,31,right,1,gait_initiation,29822,29950,128,1.2899999999999636,-1464.29
Sub01_H_T31_R_C02,Sub01_H,healthy,21,31,right,2,unassigned_steady_or_transition,29950,30042,92,0.9299999999998363,-1464.29
Sub01_H_T31_R_C03,Sub01_H,healthy,21,31,right,3,unassigned_steady_or_transition,30042,30168,126,1.259999999999991,-1464.29
Sub01_H_T31_R_C04,Sub01_H,healthy,21,31,right,4,unassigned_steady_or_transition,30168,30305,137,1.3899999999998727,-1464.29
Sub01_H_T31_R_C05,Sub01_H,healthy,21,31,right,5,unassigned_steady_or_transition,30305,30408,103,1.0299999999999727,-1464.29
Sub01_H_T31_R_C06,Sub01_H,healthy,21,31,right,6,unassigned_steady_or_transition,30408,30534,126,1.2699999999999818,-1464.29
Sub01_H_T31_R_C07,Sub01_H,healthy,21,31,right,7,unassigned_steady_or_transition,30534,30663,129,1.2899999999999636,-1464.29
Sub01_H_T31_R_C08,Sub01_H,healthy,21,31,right,8,unassigned_steady_or_transition,30663,30789,126,1.259999999999991,-1464.29
Sub01_H_T31_R_C09,Sub01_H,healthy,21,31,right,9,unassigned_steady_or_transition,30789,30906,117,1.1800000000000637,-1464.29
Sub01_H_T31_R_C10,Sub01_H,healthy,21,31,right,10,gait_termination,30906,31017,111,1.1199999999998909,-1464.29
Sub01_H_T32_L_C01,Sub01_H,healthy,21,32,left,1,gait_initiation,32573,32690,117,1.1799999999998363,2832.37225
Sub01_H_T32_L_C02,Sub01_H,healthy,21,32,left,2,unassigned_steady_or_transition,32690,32799,109,1.1000000000001364,2832.37225
Sub01_H_T32_L_C03,Sub01_H,healthy,21,32,left,3,unassigned_steady_or_transition,32799,32912,113,1.1299999999998818,2832.37225
Sub01_H_T32_L_C04,Sub01_H,healthy,21,32,left,4,unassigned_steady_or_transition,32912,33032,120,1.2100000000000364,2832.37225
Sub01_H_T32_L_C05,Sub01_H,healthy,21,32,left,5,unassigned_steady_or_transition,33032,33157,125,1.259999999999991,2832.37225
Sub01_H_T32_L_C06,Sub01_H,healthy,21,32,left,6,unassigned_steady_or_transition,33157,33285,128,1.290000000000191,2832.37225
Sub01_H_T32_L_C07,Sub01_H,healthy,21,32,left,7,unassigned_steady_or_transition,33285,33400,115,1.1499999999998636,2832.37225
Sub01_H_T32_L_C08,Sub01_H,healthy,21,32,left,8,unassigned_steady_or_transition,33400,33518,118,1.1900000000000546,2832.37225
Sub01_H_T32_L_C09,Sub01_H,healthy,21,32,left,9,unassigned_steady_or_transition,33518,33640,122,1.2300000000000182,2832.37225
Sub01_H_T32_L_C10,Sub01_H,healthy,21,32,left,10,gait_termination,33640,33777,137,1.3799999999998818,2832.37225
Sub01_H_T32_R_C01,Sub01_H,healthy,21,32,right,1,gait_initiation,32515,32632,117,1.1800000000000637,1381.21
Sub01_H_T32_R_C02,Sub01_H,healthy,21,32,right,2,unassigned_steady_or_transition,32632,32743,111,1.1200000000001182,1381.21
Sub01_H_T32_R_C03,Sub01_H,healthy,21,32,right,3,unassigned_steady_or_transition,32743,32857,114,1.1499999999998636,1381.21
Sub01_H_T32_R_C04,Sub01_H,healthy,21,32,right,4,unassigned_steady_or_transition,32857,32971,114,1.1400000000001,1381.21
Sub01_H_T32_R_C05,Sub01_H,healthy,21,32,right,5,unassigned_steady_or_transition,32971,33092,121,1.2200000000000273,1381.21
Sub01_H_T32_R_C06,Sub01_H,healthy,21,32,right,6,unassigned_steady_or_transition,33092,33223,131,1.3199999999999363,1381.21
Sub01_H_T32_R_C07,Sub01_H,healthy,21,32,right,7,unassigned_steady_or_transition,33223,33341,118,1.1900000000000546,1381.21
Sub01_H_T32_R_C08,Sub01_H,healthy,21,32,right,8,unassigned_steady_or_transition,33341,33458,117,1.1700000000000728,1381.21
Sub01_H_T32_R_C09,Sub01_H,healthy,21,32,right,9,unassigned_steady_or_transition,33458,33581,123,1.240000000000009,1381.21
Sub01_H_T32_R_C10,Sub01_H,healthy,21,32,right,10,gait_termination,33581,33704,123,1.2300000000000182,1381.21
Sub01_H_T33_L_C01,Sub01_H,healthy,21,33,left,1,gait_initiation,37734,37857,123,1.25,2836.4065
Sub01_H_T33_L_C02,Sub01_H,healthy,21,33,left,2,unassigned_steady_or_transition,37857,37966,109,1.1000000000001364,2836.4065
Sub01_H_T33_L_C03,Sub01_H,healthy,21,33,left,3,unassigned_steady_or_transition,37966,38076,110,1.1099999999999,2836.4065
Sub01_H_T33_L_C04,Sub01_H,healthy,21,33,left,4,unassigned_steady_or_transition,38076,38190,114,1.1600000000000819,2836.4065
Sub01_H_T33_L_C05,Sub01_H,healthy,21,33,left,5,unassigned_steady_or_transition,38190,38301,111,1.1200000000001182,2836.4065
Sub01_H_T33_L_C06,Sub01_H,healthy,21,33,left,6,unassigned_steady_or_transition,38301,38413,112,1.1299999999998818,2836.4065
Sub01_H_T33_L_C07,Sub01_H,healthy,21,33,left,7,unassigned_steady_or_transition,38413,38524,111,1.1200000000001182,2836.4065
Sub01_H_T33_L_C08,Sub01_H,healthy,21,33,left,8,unassigned_steady_or_transition,38524,38645,121,1.2100000000000364,2836.4065
Sub01_H_T33_L_C09,Sub01_H,healthy,21,33,left,9,unassigned_steady_or_transition,38645,38768,123,1.240000000000009,2836.4065
Sub01_H_T33_L_C10,Sub01_H,healthy,21,33,left,10,gait_termination,38768,38885,117,1.1699999999998454,2836.4065
Sub01_H_T33_R_C01,Sub01_H,healthy,21,33,right,1,gait_initiation,37720,37846,126,1.2799999999999727,-1448.3700000000001
Sub01_H_T33_R_C02,Sub01_H,healthy,21,33,right,2,unassigned_steady_or_transition,37846,37937,91,0.9200000000000728,-1448.3700000000001
Sub01_H_T33_R_C03,Sub01_H,healthy,21,33,right,3,unassigned_steady_or_transition,37937,38065,128,1.2899999999999636,-1448.3700000000001
Sub01_H_T33_R_C04,Sub01_H,healthy,21,33,right,4,unassigned_steady_or_transition,38065,38150,85,0.8599999999999,-1448.3700000000001
Sub01_H_T33_R_C05,Sub01_H,healthy,21,33,right,5,unassigned_steady_or_transition,38150,38284,134,1.3500000000001364,-1448.3700000000001
Sub01_H_T33_R_C06,Sub01_H,healthy,21,33,right,6,unassigned_steady_or_transition,38284,38386,102,1.0299999999999727,-1448.3700000000001
Sub01_H_T33_R_C07,Sub01_H,healthy,21,33,right,7,unassigned_steady_or_transition,38386,38513,127,1.2799999999999727,-1448.3700000000001
Sub01_H_T33_R_C08,Sub01_H,healthy,21,33,right,8,unassigned_steady_or_transition,38513,38638,125,1.259999999999991,-1448.3700000000001
Sub01_H_T33_R_C09,Sub01_H,healthy,21,33,right,9,unassigned_steady_or_transition,38638,38758,120,1.2100000000000364,-1448.3700000000001
Sub01_H_T33_R_C10,Sub01_H,healthy,21,33,right,10,gait_termination,38758,38876,118,1.1900000000000546,-1448.3700000000001
Sub01_H_T34_L_C01,Sub01_H,healthy,21,34,left,1,gait_initiation,39923,40044,121,1.2200000000000273,-2922.1377
Sub01_H_T34_L_C02,Sub01_H,healthy,21,34,left,2,unassigned_steady_or_transition,40044,40156,112,1.1300000000001091,-2922.1377
Sub01_H_T34_L_C03,Sub01_H,healthy,21,34,left,3,unassigned_steady_or_transition,40156,40271,115,1.1499999999998636,-2922.1377
Sub01_H_T34_L_C04,Sub01_H,healthy,21,34,left,4,unassigned_steady_or_transition,40271,40391,120,1.2100000000000364,-2922.1377
Sub01_H_T34_L_C05,Sub01_H,healthy,21,34,left,5,unassigned_steady_or_transition,40391,40511,120,1.2100000000000364,-2922.1377
Sub01_H_T34_L_C06,Sub01_H,healthy,21,34,left,6,unassigned_steady_or_transition,40511,40635,124,1.25,-2922.1377
Sub01_H_T34_L_C07,Sub01_H,healthy,21,34,left,7,unassigned_steady_or_transition,40635,40750,115,1.1600000000000819,-2922.1377
Sub01_H_T34_L_C08,Sub01_H,healthy,21,34,left,8,unassigned_steady_or_transition,40750,40832,82,0.8199999999999363,-2922.1377
Sub01_H_T34_L_C09,Sub01_H,healthy,21,34,left,9,unassigned_steady_or_transition,40832,40987,155,1.5700000000001637,-2922.1377
Sub01_H_T34_L_C10,Sub01_H,healthy,21,34,left,10,gait_termination,40987,41117,130,1.3099999999999454,-2922.1377
Sub01_H_T34_R_C01,Sub01_H,healthy,21,34,right,1,gait_initiation,39919,40037,118,1.1900000000000546,1387.6100000000001
Sub01_H_T34_R_C02,Sub01_H,healthy,21,34,right,2,unassigned_steady_or_transition,40037,40149,112,1.1199999999998909,1387.6100000000001
Sub01_H_T34_R_C03,Sub01_H,healthy,21,34,right,3,unassigned_steady_or_transition,40149,40267,118,1.1799999999998363,1387.6100000000001
Sub01_H_T34_R_C04,Sub01_H,healthy,21,34,right,4,unassigned_steady_or_transition,40267,40383,116,1.1700000000000728,1387.6100000000001
Sub01_H_T34_R_C05,Sub01_H,healthy,21,34,right,5,unassigned_steady_or_transition,40383,40505,122,1.2200000000000273,1387.6100000000001
Sub01_H_T34_R_C06,Sub01_H,healthy,21,34,right,6,unassigned_steady_or_transition,40505,40628,123,1.25,1387.6100000000001
Sub01_H_T34_R_C07,Sub01_H,healthy,21,34,right,7,unassigned_steady_or_transition,40628,40747,119,1.2000000000000455,1387.6100000000001
Sub01_H_T34_R_C08,Sub01_H,healthy,21,34,right,8,unassigned_steady_or_transition,40747,40862,115,1.1499999999998636,1387.6100000000001
Sub01_H_T34_R_C09,Sub01_H,healthy,21,34,right,9,unassigned_steady_or_transition,40862,40983,121,1.2300000000000182,1387.6100000000001
Sub01_H_T34_R_C10,Sub01_H,healthy,21,34,right,10,gait_termination,40983,41109,126,1.2699999999999818,1387.6100000000001
Sub01_H_T35_L_C01,Sub01_H,healthy,21,35,left,1,gait_initiation,42399,42526,127,1.2899999999999636,-2942.8285
Sub01_H_T35_L_C02,Sub01_H,healthy,21,35,left,2,unassigned_steady_or_transition,42526,42647,121,1.2200000000000273,-2942.8285
Sub01_H_T35_L_C03,Sub01_H,healthy,21,35,left,3,unassigned_steady_or_transition,42647,42725,78,0.7899999999999636,-2942.8285
Sub01_H_T35_L_C04,Sub01_H,healthy,21,35,left,4,unassigned_steady_or_transition,42725,42874,149,1.5,-2942.8285
Sub01_H_T35_L_C05,Sub01_H,healthy,21,35,left,5,unassigned_steady_or_transition,42874,42996,122,1.2300000000000182,-2942.8285
Sub01_H_T35_L_C06,Sub01_H,healthy,21,35,left,6,unassigned_steady_or_transition,42996,43112,116,1.1700000000000728,-2942.8285
Sub01_H_T35_L_C07,Sub01_H,healthy,21,35,left,7,unassigned_steady_or_transition,43112,43233,121,1.2200000000000273,-2942.8285
Sub01_H_T35_L_C08,Sub01_H,healthy,21,35,left,8,unassigned_steady_or_transition,43233,43358,125,1.259999999999991,-2942.8285
Sub01_H_T35_L_C09,Sub01_H,healthy,21,35,left,9,unassigned_steady_or_transition,43358,43466,108,1.099999999999909,-2942.8285
Sub01_H_T35_L_C10,Sub01_H,healthy,21,35,left,10,gait_termination,43466,43581,115,1.1600000000000819,-2942.8285
Sub01_H_T35_R_C01,Sub01_H,healthy,21,35,right,1,gait_initiation,42438,42571,133,1.3500000000001364,-1450.2
Sub01_H_T35_R_C02,Sub01_H,healthy,21,35,right,2,unassigned_steady_or_transition,42571,42679,108,1.0899999999999181,-1450.2
Sub01_H_T35_R_C03,Sub01_H,healthy,21,35,right,3,unassigned_steady_or_transition,42679,42799,120,1.2100000000000364,-1450.2
Sub01_H_T35_R_C04,Sub01_H,healthy,21,35,right,4,unassigned_steady_or_transition,42799,42920,121,1.2200000000000273,-1450.2
Sub01_H_T35_R_C05,Sub01_H,healthy,21,35,right,5,unassigned_steady_or_transition,42920,43040,120,1.2100000000000364,-1450.2
Sub01_H_T35_R_C06,Sub01_H,healthy,21,35,right,6,unassigned_steady_or_transition,43040,43158,118,1.2000000000000455,-1450.2
Sub01_H_T35_R_C07,Sub01_H,healthy,21,35,right,7,unassigned_steady_or_transition,43158,43258,100,1.0,-1450.2
Sub01_H_T35_R_C08,Sub01_H,healthy,21,35,right,8,unassigned_steady_or_transition,43258,43401,143,1.449999999999818,-1450.2
Sub01_H_T35_R_C09,Sub01_H,healthy,21,35,right,9,unassigned_steady_or_transition,43401,43516,115,1.1700000000000728,-1450.2
Sub01_H_T35_R_C10,Sub01_H,healthy,21,35,right,10,gait_termination,43516,43629,113,1.1400000000001,-1450.2
Sub01_H_T36_L_C01,Sub01_H,healthy,21,36,left,1,gait_initiation,45595,45709,114,1.1600000000000819,2915.0195
Sub01_H_T36_L_C02,Sub01_H,healthy,21,36,left,2,unassigned_steady_or_transition,45709,45826,117,1.1800000000000637,2915.0195
Sub01_H_T36_L_C03,Sub01_H,healthy,21,36,left,3,unassigned_steady_or_transition,45826,45940,114,1.1499999999998636,2915.0195
Sub01_H_T36_L_C04,Sub01_H,healthy,21,36,left,4,unassigned_steady_or_transition,45940,46057,117,1.1800000000000637,2915.0195
Sub01_H_T36_L_C05,Sub01_H,healthy,21,36,left,5,unassigned_steady_or_transition,46057,46178,121,1.2200000000000273,2915.0195
Sub01_H_T36_L_C06,Sub01_H,healthy,21,36,left,6,unassigned_steady_or_transition,46178,46303,125,1.259999999999991,2915.0195
Sub01_H_T36_L_C07,Sub01_H,healthy,21,36,left,7,unassigned_steady_or_transition,46303,46420,117,1.1800000000000637,2915.0195
Sub01_H_T36_L_C08,Sub01_H,healthy,21,36,left,8,unassigned_steady_or_transition,46420,46538,118,1.2000000000000455,2915.0195
Sub01_H_T36_L_C09,Sub01_H,healthy,21,36,left,9,gait_termination,46538,46659,121,1.209999999999809,2915.0195
Sub01_H_T36_R_C01,Sub01_H,healthy,21,36,right,1,gait_initiation,45531,45650,119,1.199999999999818,1410.71
Sub01_H_T36_R_C02,Sub01_H,healthy,21,36,right,2,unassigned_steady_or_transition,45650,45767,117,1.1900000000000546,1410.71
Sub01_H_T36_R_C03,Sub01_H,healthy,21,36,right,3,unassigned_steady_or_transition,45767,45884,117,1.1800000000000637,1410.71
Sub01_H_T36_R_C04,Sub01_H,healthy,21,36,right,4,unassigned_steady_or_transition,45884,45997,113,1.1399999999998727,1410.71
Sub01_H_T36_R_C05,Sub01_H,healthy,21,36,right,5,unassigned_steady_or_transition,45997,46117,120,1.209999999999809,1410.71
Sub01_H_T36_R_C06,Sub01_H,healthy,21,36,right,6,unassigned_steady_or_transition,46117,46239,122,1.2300000000000182,1410.71
Sub01_H_T36_R_C07,Sub01_H,healthy,21,36,right,7,unassigned_steady_or_transition,46239,46361,122,1.2300000000000182,1410.71
Sub01_H_T36_R_C08,Sub01_H,healthy,21,36,right,8,unassigned_steady_or_transition,46361,46475,114,1.150000000000091,1410.71
Sub01_H_T36_R_C09,Sub01_H,healthy,21,36,right,9,unassigned_steady_or_transition,46475,46598,123,1.240000000000009,1410.71
Sub01_H_T36_R_C10,Sub01_H,healthy,21,36,right,10,gait_termination,46598,46715,117,1.1700000000000728,1410.71
Sub01_H_T37_L_C01,Sub01_H,healthy,21,37,left,1,gait_initiation,47837,47946,109,1.1000000000001364,2917.6620500000004
Sub01_H_T37_L_C02,Sub01_H,healthy,21,37,left,2,unassigned_steady_or_transition,47946,48056,110,1.1099999999999,2917.6620500000004
Sub01_H_T37_L_C03,Sub01_H,healthy,21,37,left,3,unassigned_steady_or_transition,48056,48169,113,1.1400000000001,2917.6620500000004
Sub01_H_T37_L_C04,Sub01_H,healthy,21,37,left,4,unassigned_steady_or_transition,48169,48279,110,1.1099999999999,2917.6620500000004
Sub01_H_T37_L_C05,Sub01_H,healthy,21,37,left,5,unassigned_steady_or_transition,48279,48394,115,1.1600000000000819,2917.6620500000004
Sub01_H_T37_L_C06,Sub01_H,healthy,21,37,left,6,unassigned_steady_or_transition,48394,48509,115,1.1600000000000819,2917.6620500000004
Sub01_H_T37_L_C07,Sub01_H,healthy,21,37,left,7,unassigned_steady_or_transition,48509,48623,114,1.1499999999998636,2917.6620500000004
Sub01_H_T37_L_C08,Sub01_H,healthy,21,37,left,8,unassigned_steady_or_transition,48623,48734,111,1.1200000000001182,2917.6620500000004
Sub01_H_T37_L_C09,Sub01_H,healthy,21,37,left,9,unassigned_steady_or_transition,48734,48855,121,1.2200000000000273,2917.6620500000004
Sub01_H_T37_L_C10,Sub01_H,healthy,21,37,left,10,gait_termination,48855,48973,118,1.1899999999998272,2917.6620500000004
Sub01_H_T37_R_C01,Sub01_H,healthy,21,37,right,1,gait_initiation,47820,47936,116,1.1699999999998454,-1480.295
Sub01_H_T37_R_C02,Sub01_H,healthy,21,37,right,2,unassigned_steady_or_transition,47936,48033,97,0.9800000000000182,-1480.295
Sub01_H_T37_R_C03,Sub01_H,healthy,21,37,right,3,unassigned_steady_or_transition,48033,48132,99,0.9900000000000091,-1480.295
Sub01_H_T37_R_C04,Sub01_H,healthy,21,37,right,4,unassigned_steady_or_transition,48132,48250,118,1.1900000000000546,-1480.295
Sub01_H_T37_R_C05,Sub01_H,healthy,21,37,right,5,unassigned_steady_or_transition,48250,48365,115,1.1600000000000819,-1480.295
Sub01_H_T37_R_C06,Sub01_H,healthy,21,37,right,6,unassigned_steady_or_transition,48365,48501,136,1.3699999999998909,-1480.295
Sub01_H_T37_R_C07,Sub01_H,healthy,21,37,right,7,unassigned_steady_or_transition,48501,48612,111,1.1300000000001091,-1480.295
Sub01_H_T37_R_C08,Sub01_H,healthy,21,37,right,8,unassigned_steady_or_transition,48612,48723,111,1.1099999999999,-1480.295
Sub01_H_T37_R_C09,Sub01_H,healthy,21,37,right,9,unassigned_steady_or_transition,48723,48843,120,1.2100000000000364,-1480.295
Sub01_H_T37_R_C10,Sub01_H,healthy,21,37,right,10,gait_termination,48843,48941,98,0.9900000000000091,-1480.295
Sub01_H_T38_L_C01,Sub01_H,healthy,21,38,left,1,gait_initiation,50680,50800,120,1.2200000000000273,-3004.14475
Sub01_H_T38_L_C02,Sub01_H,healthy,21,38,left,2,unassigned_steady_or_transition,50800,50910,110,1.1099999999999,-3004.14475
Sub01_H_T38_L_C03,Sub01_H,healthy,21,38,left,3,unassigned_steady_or_transition,50910,51027,117,1.1800000000000637,-3004.14475
Sub01_H_T38_L_C04,Sub01_H,healthy,21,38,left,4,unassigned_steady_or_transition,51027,51147,120,1.2100000000000364,-3004.14475
Sub01_H_T38_L_C05,Sub01_H,healthy,21,38,left,5,unassigned_steady_or_transition,51147,51269,122,1.240000000000009,-3004.14475
Sub01_H_T38_L_C06,Sub01_H,healthy,21,38,left,6,unassigned_steady_or_transition,51269,51386,117,1.1800000000000637,-3004.14475
Sub01_H_T38_L_C07,Sub01_H,healthy,21,38,left,7,unassigned_steady_or_transition,51386,51505,119,1.199999999999818,-3004.14475
Sub01_H_T38_L_C08,Sub01_H,healthy,21,38,left,8,unassigned_steady_or_transition,51505,51627,122,1.2300000000000182,-3004.14475
Sub01_H_T38_L_C09,Sub01_H,healthy,21,38,left,9,unassigned_steady_or_transition,51627,51753,126,1.2700000000002092,-3004.14475
Sub01_H_T38_L_C10,Sub01_H,healthy,21,38,left,10,gait_termination,51753,51878,125,1.259999999999991,-3004.14475
Sub01_H_T38_R_C01,Sub01_H,healthy,21,38,right,1,gait_initiation,50675,50794,119,1.199999999999818,1386.5100000000002
Sub01_H_T38_R_C02,Sub01_H,healthy,21,38,right,2,unassigned_steady_or_transition,50794,50906,112,1.1299999999998818,1386.5100000000002
Sub01_H_T38_R_C03,Sub01_H,healthy,21,38,right,3,unassigned_steady_or_transition,50906,51022,116,1.1700000000000728,1386.5100000000002
Sub01_H_T38_R_C04,Sub01_H,healthy,21,38,right,4,unassigned_steady_or_transition,51022,51142,120,1.2100000000000364,1386.5100000000002
Sub01_H_T38_R_C05,Sub01_H,healthy,21,38,right,5,unassigned_steady_or_transition,51142,51262,120,1.2200000000000273,1386.5100000000002
Sub01_H_T38_R_C06,Sub01_H,healthy,21,38,right,6,unassigned_steady_or_transition,51262,51383,121,1.2199999999998,1386.5100000000002
Sub01_H_T38_R_C07,Sub01_H,healthy,21,38,right,7,unassigned_steady_or_transition,51383,51502,119,1.199999999999818,1386.5100000000002
Sub01_H_T38_R_C08,Sub01_H,healthy,21,38,right,8,unassigned_steady_or_transition,51502,51624,122,1.2300000000000182,1386.5100000000002
Sub01_H_T38_R_C09,Sub01_H,healthy,21,38,right,9,unassigned_steady_or_transition,51624,51748,124,1.259999999999991,1386.5100000000002
Sub01_H_T38_R_C10,Sub01_H,healthy,21,38,right,10,gait_termination,51748,51874,126,1.2699999999999818,1386.5100000000002
Sub01_H_T39_L_C01,Sub01_H,healthy,21,39,left,1,gait_initiation,53304,53422,118,1.2199999999998,2927.103
Sub01_H_T39_L_C02,Sub01_H,healthy,21,39,left,2,unassigned_steady_or_transition,53422,53537,115,1.1699999999998454,2927.103
Sub01_H_T39_L_C03,Sub01_H,healthy,21,39,left,3,unassigned_steady_or_transition,53537,53616,79,1.1600000000000819,2927.103
Sub01_H_T39_L_C04,Sub01_H,healthy,21,39,left,4,unassigned_steady_or_transition,53616,53733,117,1.1900000000000546,2927.103
Sub01_H_T39_L_C05,Sub01_H,healthy,21,39,left,5,unassigned_steady_or_transition,53733,53852,119,1.2000000000000455,2927.103
Sub01_H_T39_L_C06,Sub01_H,healthy,21,39,left,6,unassigned_steady_or_transition,53852,53969,117,1.1799999999998363,2927.103
Sub01_H_T39_L_C07,Sub01_H,healthy,21,39,left,7,unassigned_steady_or_transition,53969,54084,115,1.1600000000000819,2927.103
Sub01_H_T39_L_C08,Sub01_H,healthy,21,39,left,8,unassigned_steady_or_transition,54084,54204,120,1.2100000000000364,2927.103
Sub01_H_T39_L_C09,Sub01_H,healthy,21,39,left,9,unassigned_steady_or_transition,54204,54326,122,1.2300000000000182,2927.103
Sub01_H_T39_L_C10,Sub01_H,healthy,21,39,left,10,gait_termination,54326,54442,116,1.1800000000000637,2927.103
Sub01_H_T39_R_C01,Sub01_H,healthy,21,39,right,1,gait_initiation,53292,53413,121,1.240000000000009,-1529.65
Sub01_H_T39_R_C02,Sub01_H,healthy,21,39,right,2,unassigned_steady_or_transition,53413,53523,110,1.1300000000001091,-1529.65
Sub01_H_T39_R_C03,Sub01_H,healthy,21,39,right,3,unassigned_steady_or_transition,53523,53605,82,1.1899999999998272,-1529.65
Sub01_H_T39_R_C04,Sub01_H,healthy,21,39,right,4,unassigned_steady_or_transition,53605,53701,96,0.9700000000000273,-1529.65
Sub01_H_T39_R_C05,Sub01_H,healthy,21,39,right,5,unassigned_steady_or_transition,53701,53835,134,1.3500000000001364,-1529.65
Sub01_H_T39_R_C06,Sub01_H,healthy,21,39,right,6,unassigned_steady_or_transition,53835,53962,127,1.2899999999999636,-1529.65
Sub01_H_T39_R_C07,Sub01_H,healthy,21,39,right,7,unassigned_steady_or_transition,53962,54077,115,1.1600000000000819,-1529.65
Sub01_H_T39_R_C08,Sub01_H,healthy,21,39,right,8,unassigned_steady_or_transition,54077,54199,122,1.240000000000009,-1529.65
Sub01_H_T39_R_C09,Sub01_H,healthy,21,39,right,9,unassigned_steady_or_transition,54199,54313,114,1.1499999999998636,-1529.65
Sub01_H_T39_R_C10,Sub01_H,healthy,21,39,right,10,gait_termination,54313,54429,116,1.1800000000000637,-1529.65
Sub02_A_T01_L_C01,Sub02_A,amputee,1,1,left,1,gait_initiation,2483,2647,164,1.6599999999999966,1014.0508
Sub02_A_T01_L_C02,Sub02_A,amputee,1,1,left,2,unassigned_steady_or_transition,2647,2806,159,1.5999999999999943,1014.0508
Sub02_A_T01_L_C03,Sub02_A,amputee,1,1,left,3,unassigned_steady_or_transition,2806,2968,162,1.629999999999967,1014.0508
Sub02_A_T01_L_C04,Sub02_A,amputee,1,1,left,4,unassigned_steady_or_transition,2968,3133,165,1.6499999999999773,1014.0508
Sub02_A_T01_L_C05,Sub02_A,amputee,1,1,left,5,unassigned_steady_or_transition,3133,3306,173,1.740000000000009,1014.0508
Sub02_A_T01_L_C06,Sub02_A,amputee,1,1,left,6,unassigned_steady_or_transition,3306,3470,164,1.650000000000034,1014.0508
Sub02_A_T01_L_C07,Sub02_A,amputee,1,1,left,7,unassigned_steady_or_transition,3470,3646,176,1.7799999999999727,1014.0508
Sub02_A_T01_L_C08,Sub02_A,amputee,1,1,left,8,unassigned_steady_or_transition,3646,3816,170,1.7100000000000364,1014.0508
Sub02_A_T01_L_C09,Sub02_A,amputee,1,1,left,9,unassigned_steady_or_transition,3816,3981,165,1.6599999999999682,1014.0508
Sub02_A_T01_L_C10,Sub02_A,amputee,1,1,left,10,gait_termination,3981,4170,189,1.8899999999999864,1014.0508
Sub02_A_T01_R_C01,Sub02_A,amputee,1,1,right,1,gait_initiation,2567,2723,156,1.5699999999999932,211.5
Sub02_A_T01_R_C02,Sub02_A,amputee,1,1,right,2,unassigned_steady_or_transition,2723,2887,164,1.6399999999999864,211.5
Sub02_A_T01_R_C03,Sub02_A,amputee,1,1,right,3,unassigned_steady_or_transition,2887,3050,163,1.6400000000000432,211.5
Sub02_A_T01_R_C04,Sub02_A,amputee,1,1,right,4,unassigned_steady_or_transition,3050,3222,172,1.7299999999999613,211.5
Sub02_A_T01_R_C05,Sub02_A,amputee,1,1,right,5,unassigned_steady_or_transition,3222,3389,167,1.67999999999995,211.5
Sub02_A_T01_R_C06,Sub02_A,amputee,1,1,right,6,unassigned_steady_or_transition,3389,3558,169,1.6999999999999886,211.5
Sub02_A_T01_R_C07,Sub02_A,amputee,1,1,right,7,unassigned_steady_or_transition,3558,3738,180,1.8199999999999932,211.5
Sub02_A_T01_R_C08,Sub02_A,amputee,1,1,right,8,unassigned_steady_or_transition,3738,3906,168,1.6899999999999977,211.5
Sub02_A_T01_R_C09,Sub02_A,amputee,1,1,right,9,unassigned_steady_or_transition,3906,4071,165,1.650000000000034,211.5
Sub02_A_T01_R_C10,Sub02_A,amputee,1,1,right,10,gait_termination,4071,4241,170,1.6999999999999886,211.5
Sub02_A_T02_L_C01,Sub02_A,amputee,1,2,left,1,gait_initiation,6632,6776,144,1.4499999999999886,975.5159999999998
Sub02_A_T02_L_C02,Sub02_A,amputee,1,2,left,2,unassigned_steady_or_transition,6776,6943,167,1.6800000000000068,975.5159999999998
Sub02_A_T02_L_C03,Sub02_A,amputee,1,2,left,3,unassigned_steady_or_transition,6943,7107,164,1.6499999999999773,975.5159999999998
Sub02_A_T02_L_C04,Sub02_A,amputee,1,2,left,4,unassigned_steady_or_transition,7107,7286,179,1.8099999999999454,975.5159999999998
Sub02_A_T02_L_C05,Sub02_A,amputee,1,2,left,5,unassigned_steady_or_transition,7286,7460,174,1.75,975.5159999999998
Sub02_A_T02_L_C06,Sub02_A,amputee,1,2,left,6,unassigned_steady_or_transition,7460,7629,169,1.6899999999999977,975.5159999999998
Sub02_A_T02_L_C07,Sub02_A,amputee,1,2,left,7,unassigned_steady_or_transition,7629,7786,157,1.579999999999984,975.5159999999998
Sub02_A_T02_L_C08,Sub02_A,amputee,1,2,left,8,unassigned_steady_or_transition,7786,7948,162,1.6200000000000045,975.5159999999998
Sub02_A_T02_L_C09,Sub02_A,amputee,1,2,left,9,unassigned_steady_or_transition,7948,8111,163,1.6399999999999864,975.5159999999998
Sub02_A_T02_L_C10,Sub02_A,amputee,1,2,left,10,gait_termination,8111,8279,168,1.6800000000000068,975.5159999999998
Sub02_A_T02_R_C01,Sub02_A,amputee,1,2,right,1,gait_initiation,6569,6709,140,1.400000000000034,203.85
Sub02_A_T02_R_C02,Sub02_A,amputee,1,2,right,2,unassigned_steady_or_transition,6709,6867,158,1.589999999999975,203.85
Sub02_A_T02_R_C03,Sub02_A,amputee,1,2,right,3,unassigned_steady_or_transition,6867,7028,161,1.6200000000000045,203.85
Sub02_A_T02_R_C04,Sub02_A,amputee,1,2,right,4,unassigned_steady_or_transition,7028,7191,163,1.6399999999999864,203.85
Sub02_A_T02_R_C05,Sub02_A,amputee,1,2,right,5,unassigned_steady_or_transition,7191,7358,167,1.6800000000000068,203.85
Sub02_A_T02_R_C06,Sub02_A,amputee,1,2,right,6,unassigned_steady_or_transition,7358,7530,172,1.7200000000000273,203.85
Sub02_A_T02_R_C07,Sub02_A,amputee,1,2,right,7,unassigned_steady_or_transition,7530,7698,168,1.6800000000000068,203.85
Sub02_A_T02_R_C08,Sub02_A,amputee,1,2,right,8,unassigned_steady_or_transition,7698,7870,172,1.7200000000000273,203.85
Sub02_A_T02_R_C09,Sub02_A,amputee,1,2,right,9,unassigned_steady_or_transition,7870,8039,169,1.6999999999999886,203.85
Sub02_A_T02_R_C10,Sub02_A,amputee,1,2,right,10,gait_termination,8039,8202,163,1.6399999999999864,203.85
Sub02_A_T03_L_C01,Sub02_A,amputee,1,3,left,1,gait_initiation,10048,10214,166,1.670000000000016,951.9295
Sub02_A_T03_L_C02,Sub02_A,amputee,1,3,left,2,unassigned_steady_or_transition,10214,10373,159,1.599999999999966,951.9295
Sub02_A_T03_L_C03,Sub02_A,amputee,1,3,left,3,unassigned_steady_or_transition,10373,10540,167,1.669999999999959,951.9295
Sub02_A_T03_L_C04,Sub02_A,amputee,1,3,left,4,unassigned_steady_or_transition,10540,10716,176,1.7700000000000387,951.9295
Sub02_A_T03_L_C05,Sub02_A,amputee,1,3,left,5,unassigned_steady_or_transition,10716,10890,174,1.75,951.9295
Sub02_A_T03_L_C06,Sub02_A,amputee,1,3,left,6,unassigned_steady_or_transition,10890,11049,159,1.5900000000000318,951.9295
Sub02_A_T03_L_C07,Sub02_A,amputee,1,3,left,7,unassigned_steady_or_transition,11049,11220,171,1.7299999999999613,951.9295
Sub02_A_T03_L_C08,Sub02_A,amputee,1,3,left,8,unassigned_steady_or_transition,11220,11392,172,1.7299999999999613,951.9295
Sub02_A_T03_L_C09,Sub02_A,amputee,1,3,left,9,unassigned_steady_or_transition,11392,11551,159,1.6000000000000227,951.9295
Sub02_A_T03_L_C10,Sub02_A,amputee,1,3,left,10,gait_termination,11551,11722,171,1.7200000000000273,951.9295
Sub02_A_T03_R_C01,Sub02_A,amputee,1,3,right,1,gait_initiation,10139,10300,161,1.6200000000000045,212.85
Sub02_A_T03_R_C02,Sub02_A,amputee,1,3,right,2,unassigned_steady_or_transition,10300,10465,165,1.6499999999999773,212.85
Sub02_A_T03_R_C03,Sub02_A,amputee,1,3,right,3,unassigned_steady_or_transition,10465,10637,172,1.7300000000000182,212.85
Sub02_A_T03_R_C04,Sub02_A,amputee,1,3,right,4,unassigned_steady_or_transition,10637,10809,172,1.7200000000000273,212.85
Sub02_A_T03_R_C05,Sub02_A,amputee,1,3,right,5,unassigned_steady_or_transition,10809,10975,166,1.670000000000016,212.85
Sub02_A_T03_R_C06,Sub02_A,amputee,1,3,right,6,unassigned_steady_or_transition,10975,11143,168,1.6899999999999977,212.85
Sub02_A_T03_R_C07,Sub02_A,amputee,1,3,right,7,unassigned_steady_or_transition,11143,11316,173,1.740000000000009,212.85
Sub02_A_T03_R_C08,Sub02_A,amputee,1,3,right,8,unassigned_steady_or_transition,11316,11483,167,1.6800000000000068,212.85
Sub02_A_T03_R_C09,Sub02_A,amputee,1,3,right,9,unassigned_steady_or_transition,11483,11645,162,1.6200000000000045,212.85
Sub02_A_T03_R_C10,Sub02_A,amputee,1,3,right,10,gait_termination,11645,11816,171,1.7200000000000273,212.85
Sub02_A_T04_L_C01,Sub02_A,amputee,1,4,left,1,gait_initiation,13246,13430,184,1.8500000000000227,1031.1365
Sub02_A_T04_L_C02,Sub02_A,amputee,1,4,left,2,unassigned_steady_or_transition,13430,13583,153,1.5400000000000205,1031.1365
Sub02_A_T04_L_C03,Sub02_A,amputee,1,4,left,3,unassigned_steady_or_transition,13583,13754,171,1.7200000000000273,1031.1365
Sub02_A_T04_L_C04,Sub02_A,amputee,1,4,left,4,unassigned_steady_or_transition,13754,13924,170,1.7099999999999795,1031.1365
Sub02_A_T04_L_C05,Sub02_A,amputee,1,4,left,5,unassigned_steady_or_transition,13924,14099,175,1.759999999999991,1031.1365
Sub02_A_T04_L_C06,Sub02_A,amputee,1,4,left,6,unassigned_steady_or_transition,14099,14272,173,1.7399999999999523,1031.1365
Sub02_A_T04_L_C07,Sub02_A,amputee,1,4,left,7,unassigned_steady_or_transition,14604,14776,172,1.7200000000000273,1031.1365
Sub02_A_T04_L_C08,Sub02_A,amputee,1,4,left,8,gait_termination,14776,14976,200,2.009999999999991,1031.1365
Sub02_A_T04_R_C01,Sub02_A,amputee,1,4,right,1,gait_initiation,13140,13329,189,1.910000000000025,209.70000000000002
Sub02_A_T04_R_C02,Sub02_A,amputee,1,4,right,2,unassigned_steady_or_transition,13329,13500,171,1.7199999999999704,209.70000000000002
Sub02_A_T04_R_C03,Sub02_A,amputee,1,4,right,3,unassigned_steady_or_transition,13500,13667,167,1.67999999999995,209.70000000000002
Sub02_A_T04_R_C04,Sub02_A,amputee,1,4,right,4,unassigned_steady_or_transition,13667,13843,176,1.7799999999999727,209.70000000000002
Sub02_A_T04_R_C05,Sub02_A,amputee,1,4,right,5,unassigned_steady_or_transition,13843,14004,161,1.6200000000000045,209.70000000000002
Sub02_A_T04_R_C06,Sub02_A,amputee,1,4,right,6,unassigned_steady_or_transition,14004,14174,170,1.7100000000000364,209.70000000000002
Sub02_A_T04_R_C07,Sub02_A,amputee,1,4,right,7,unassigned_steady_or_transition,14174,14347,173,1.7299999999999613,209.70000000000002
Sub02_A_T04_R_C08,Sub02_A,amputee,1,4,right,8,unassigned_steady_or_transition,14347,14509,162,1.6299999999999955,209.70000000000002
Sub02_A_T04_R_C09,Sub02_A,amputee,1,4,right,9,unassigned_steady_or_transition,14509,14686,177,1.7799999999999727,209.70000000000002
Sub02_A_T04_R_C10,Sub02_A,amputee,1,4,right,10,gait_termination,14686,14850,164,1.6399999999999864,209.70000000000002
Sub02_A_T05_L_C01,Sub02_A,amputee,1,5,left,1,gait_initiation,16239,16385,146,1.4699999999999704,959.4010000000001
Sub02_A_T05_L_C02,Sub02_A,amputee,1,5,left,2,unassigned_steady_or_transition,16385,16537,152,1.5299999999999727,959.4010000000001
Sub02_A_T05_L_C03,Sub02_A,amputee,1,5,left,3,unassigned_steady_or_transition,16537,16698,161,1.6100000000000136,959.4010000000001
Sub02_A_T05_L_C04,Sub02_A,amputee,1,5,left,4,unassigned_steady_or_transition,16698,16864,166,1.660000000000025,959.4010000000001
Sub02_A_T05_L_C05,Sub02_A,amputee,1,5,left,5,unassigned_steady_or_transition,16864,17026,162,1.6200000000000045,959.4010000000001
Sub02_A_T05_L_C06,Sub02_A,amputee,1,5,left,6,unassigned_steady_or_transition,17026,17196,170,1.7099999999999795,959.4010000000001
Sub02_A_T05_L_C07,Sub02_A,amputee,1,5,left,7,unassigned_steady_or_transition,17196,17374,178,1.7999999999999545,959.4010000000001
Sub02_A_T05_L_C08,Sub02_A,amputee,1,5,left,8,unassigned_steady_or_transition,17374,17544,170,1.7099999999999795,959.4010000000001
Sub02_A_T05_L_C09,Sub02_A,amputee,1,5,left,9,unassigned_steady_or_transition,17544,17710,166,1.670000000000016,959.4010000000001
Sub02_A_T05_L_C10,Sub02_A,amputee,1,5,left,10,gait_termination,17710,17878,168,1.6899999999999977,959.4010000000001
Sub02_A_T05_R_C01,Sub02_A,amputee,1,5,right,1,gait_initiation,16183,16319,136,1.3700000000000045,206.1
Sub02_A_T05_R_C02,Sub02_A,amputee,1,5,right,2,unassigned_steady_or_transition,16319,16467,148,1.490000000000009,206.1
Sub02_A_T05_R_C03,Sub02_A,amputee,1,5,right,3,unassigned_steady_or_transition,16467,16623,156,1.5600000000000023,206.1
Sub02_A_T05_R_C04,Sub02_A,amputee,1,5,right,4,unassigned_steady_or_transition,16623,16788,165,1.650000000000034,206.1
Sub02_A_T05_R_C05,Sub02_A,amputee,1,5,right,5,unassigned_steady_or_transition,16788,16952,164,1.6399999999999864,206.1
Sub02_A_T05_R_C06,Sub02_A,amputee,1,5,right,6,unassigned_steady_or_transition,16952,17116,164,1.6400000000000432,206.1
Sub02_A_T05_R_C07,Sub02_A,amputee,1,5,right,7,unassigned_steady_or_transition,17116,17283,167,1.6800000000000068,206.1
Sub02_A_T05_R_C08,Sub02_A,amputee,1,5,right,8,unassigned_steady_or_transition,17283,17467,184,1.8599999999999568,206.1
Sub02_A_T05_R_C09,Sub02_A,amputee,1,5,right,9,unassigned_steady_or_transition,17467,17638,171,1.7199999999999704,206.1
Sub02_A_T05_R_C10,Sub02_A,amputee,1,5,right,10,unassigned_steady_or_transition,17638,17803,165,1.660000000000025,206.1
Sub02_A_T05_R_C11,Sub02_A,amputee,1,5,right,11,gait_termination,17803,17974,171,1.7200000000000273,206.1
Sub02_A_T06_L_C01,Sub02_A,amputee,1,6,left,1,gait_initiation,19312,19480,168,1.6899999999999977,982.3271
Sub02_A_T06_L_C02,Sub02_A,amputee,1,6,left,2,unassigned_steady_or_transition,19480,19649,169,1.6999999999999886,982.3271
Sub02_A_T06_L_C03,Sub02_A,amputee,1,6,left,3,unassigned_steady_or_transition,19649,19820,171,1.7199999999999704,982.3271
Sub02_A_T06_L_C04,Sub02_A,amputee,1,6,left,4,unassigned_steady_or_transition,19820,19988,168,1.6899999999999977,982.3271
Sub02_A_T06_L_C05,Sub02_A,amputee,1,6,left,5,unassigned_steady_or_transition,19988,20203,215,2.159999999999968,982.3271
Sub02_A_T06_L_C06,Sub02_A,amputee,1,6,left,6,unassigned_steady_or_transition,20203,20325,122,1.2199999999999704,982.3271
Sub02_A_T06_L_C07,Sub02_A,amputee,1,6,left,7,unassigned_steady_or_transition,20325,20502,177,1.7800000000000296,982.3271
Sub02_A_T06_L_C08,Sub02_A,amputee,1,6,left,8,unassigned_steady_or_transition,20502,20667,165,1.6499999999999773,982.3271
Sub02_A_T06_L_C09,Sub02_A,amputee,1,6,left,9,unassigned_steady_or_transition,20667,20835,168,1.6899999999999977,982.3271
Sub02_A_T06_L_C10,Sub02_A,amputee,1,6,left,10,gait_termination,20835,21010,175,1.759999999999991,982.3271
Sub02_A_T06_R_C01,Sub02_A,amputee,1,6,right,1,gait_initiation,19226,19403,177,1.7800000000000296,209.25
Sub02_A_T06_R_C02,Sub02_A,amputee,1,6,right,2,unassigned_steady_or_transition,19403,19571,168,1.6899999999999977,209.25
Sub02_A_T06_R_C03,Sub02_A,amputee,1,6,right,3,unassigned_steady_or_transition,19571,19743,172,1.7300000000000182,209.25
Sub02_A_T06_R_C04,Sub02_A,amputee,1,6,right,4,unassigned_steady_or_transition,19743,19906,163,1.6399999999999864,209.25
Sub02_A_T06_R_C05,Sub02_A,amputee,1,6,right,5,unassigned_steady_or_transition,19906,20070,164,1.6499999999999773,209.25
Sub02_A_T06_R_C06,Sub02_A,amputee,1,6,right,6,unassigned_steady_or_transition,20070,20236,166,1.660000000000025,209.25
Sub02_A_T06_R_C07,Sub02_A,amputee,1,6,right,7,unassigned_steady_or_transition,20236,20412,176,1.7699999999999818,209.25
Sub02_A_T06_R_C08,Sub02_A,amputee,1,6,right,8,unassigned_steady_or_transition,20412,20588,176,1.759999999999991,209.25
Sub02_A_T06_R_C09,Sub02_A,amputee,1,6,right,9,unassigned_steady_or_transition,20588,20761,173,1.7399999999999523,209.25
Sub02_A_T06_R_C10,Sub02_A,amputee,1,6,right,10,gait_termination,20761,20925,164,1.6399999999999864,209.25
Sub02_A_T07_L_C01,Sub02_A,amputee,1,7,left,1,gait_initiation,22444,22602,158,1.589999999999975,947.3729999999999
Sub02_A_T07_L_C02,Sub02_A,amputee,1,7,left,2,unassigned_steady_or_transition,22602,22764,162,1.6300000000000523,947.3729999999999
Sub02_A_T07_L_C03,Sub02_A,amputee,1,7,left,3,unassigned_steady_or_transition,22764,22933,169,1.6999999999999886,947.3729999999999
Sub02_A_T07_L_C04,Sub02_A,amputee,1,7,left,4,unassigned_steady_or_transition,22933,23102,169,1.6999999999999886,947.3729999999999
Sub02_A_T07_L_C05,Sub02_A,amputee,1,7,left,5,unassigned_steady_or_transition,23102,23265,163,1.6400000000000432,947.3729999999999
Sub02_A_T07_L_C06,Sub02_A,amputee,1,7,left,6,unassigned_steady_or_transition,23265,23435,170,1.6999999999999886,947.3729999999999
Sub02_A_T07_L_C07,Sub02_A,amputee,1,7,left,7,unassigned_steady_or_transition,23435,23603,168,1.6800000000000068,947.3729999999999
Sub02_A_T07_L_C08,Sub02_A,amputee,1,7,left,8,unassigned_steady_or_transition,23603,23777,174,1.75,947.3729999999999
Sub02_A_T07_L_C09,Sub02_A,amputee,1,7,left,9,unassigned_steady_or_transition,23777,23946,169,1.7099999999999795,947.3729999999999
Sub02_A_T07_L_C10,Sub02_A,amputee,1,7,left,10,gait_termination,23946,24120,174,1.740000000000009,947.3729999999999
Sub02_A_T07_R_C01,Sub02_A,amputee,1,7,right,1,gait_initiation,22390,22532,142,1.4300000000000068,209.70000000000002
Sub02_A_T07_R_C02,Sub02_A,amputee,1,7,right,2,unassigned_steady_or_transition,22532,22689,157,1.5699999999999932,209.70000000000002
Sub02_A_T07_R_C03,Sub02_A,amputee,1,7,right,3,unassigned_steady_or_transition,22689,22851,162,1.6199999999999477,209.70000000000002
Sub02_A_T07_R_C04,Sub02_A,amputee,1,7,right,4,unassigned_steady_or_transition,22851,23024,173,1.75,209.70000000000002
Sub02_A_T07_R_C05,Sub02_A,amputee,1,7,right,5,unassigned_steady_or_transition,23024,23193,169,1.6999999999999886,209.70000000000002
Sub02_A_T07_R_C06,Sub02_A,amputee,1,7,right,6,unassigned_steady_or_transition,23193,23354,161,1.6100000000000136,209.70000000000002
Sub02_A_T07_R_C07,Sub02_A,amputee,1,7,right,7,unassigned_steady_or_transition,23354,23525,171,1.7200000000000273,209.70000000000002
Sub02_A_T07_R_C08,Sub02_A,amputee,1,7,right,8,unassigned_steady_or_transition,23525,23694,169,1.6999999999999886,209.70000000000002
Sub02_A_T07_R_C09,Sub02_A,amputee,1,7,right,9,unassigned_steady_or_transition,23694,23874,180,1.8100000000000023,209.70000000000002
Sub02_A_T07_R_C10,Sub02_A,amputee,1,7,right,10,unassigned_steady_or_transition,23874,24039,165,1.660000000000025,209.70000000000002
Sub02_A_T07_R_C11,Sub02_A,amputee,1,7,right,11,gait_termination,24039,24220,181,1.8199999999999932,209.70000000000002
Sub02_A_T08_L_C01,Sub02_A,amputee,1,8,left,1,gait_initiation,25633,25797,164,1.6499999999999773,975.5821000000001
Sub02_A_T08_L_C02,Sub02_A,amputee,1,8,left,2,unassigned_steady_or_transition,25797,25959,162,1.6299999999999955,975.5821000000001
Sub02_A_T08_L_C03,Sub02_A,amputee,1,8,left,3,unassigned_steady_or_transition,25959,26133,174,1.75,975.5821000000001
Sub02_A_T08_L_C04,Sub02_A,amputee,1,8,left,4,unassigned_steady_or_transition,26133,26308,175,1.759999999999991,975.5821000000001
Sub02_A_T08_L_C05,Sub02_A,amputee,1,8,left,5,unassigned_steady_or_transition,26308,26475,167,1.6800000000000068,975.5821000000001
Sub02_A_T08_L_C06,Sub02_A,amputee,1,8,left,6,unassigned_steady_or_transition,26475,26646,171,1.7200000000000273,975.5821000000001
Sub02_A_T08_L_C07,Sub02_A,amputee,1,8,left,7,unassigned_steady_or_transition,26646,26815,169,1.6899999999999977,975.5821000000001
Sub02_A_T08_L_C08,Sub02_A,amputee,1,8,left,8,unassigned_steady_or_transition,26815,26980,165,1.6499999999999773,975.5821000000001
Sub02_A_T08_L_C09,Sub02_A,amputee,1,8,left,9,gait_termination,26980,27140,160,1.6099999999999568,975.5821000000001
Sub02_A_T08_R_C01,Sub02_A,amputee,1,8,right,1,gait_initiation,25559,25714,155,1.5600000000000023,206.1
Sub02_A_T08_R_C02,Sub02_A,amputee,1,8,right,2,unassigned_steady_or_transition,25714,25882,168,1.6899999999999977,206.1
Sub02_A_T08_R_C03,Sub02_A,amputee,1,8,right,3,unassigned_steady_or_transition,25882,26055,173,1.740000000000009,206.1
Sub02_A_T08_R_C04,Sub02_A,amputee,1,8,right,4,unassigned_steady_or_transition,26055,26226,171,1.7199999999999704,206.1
Sub02_A_T08_R_C05,Sub02_A,amputee,1,8,right,5,unassigned_steady_or_transition,26226,26390,164,1.6599999999999682,206.1
Sub02_A_T08_R_C06,Sub02_A,amputee,1,8,right,6,unassigned_steady_or_transition,26390,26561,171,1.7200000000000273,206.1
Sub02_A_T08_R_C07,Sub02_A,amputee,1,8,right,7,unassigned_steady_or_transition,26561,26728,167,1.670000000000016,206.1
Sub02_A_T08_R_C08,Sub02_A,amputee,1,8,right,8,unassigned_steady_or_transition,26728,26897,169,1.6999999999999886,206.1
Sub02_A_T08_R_C09,Sub02_A,amputee,1,8,right,9,unassigned_steady_or_transition,26897,27061,164,1.650000000000034,206.1
Sub02_A_T08_R_C10,Sub02_A,amputee,1,8,right,10,gait_termination,27061,27229,168,1.6800000000000068,206.1
Sub02_A_T09_L_C01,Sub02_A,amputee,1,9,left,1,gait_initiation,28563,28729,166,1.669999999999959,997.8078
Sub02_A_T09_L_C02,Sub02_A,amputee,1,9,left,2,unassigned_steady_or_transition,28729,28899,170,1.7100000000000364,997.8078
Sub02_A_T09_L_C03,Sub02_A,amputee,1,9,left,3,unassigned_steady_or_transition,28899,29068,169,1.7000000000000455,997.8078
Sub02_A_T09_L_C04,Sub02_A,amputee,1,9,left,4,unassigned_steady_or_transition,29068,29240,172,1.7200000000000273,997.8078
Sub02_A_T09_L_C05,Sub02_A,amputee,1,9,left,5,unassigned_steady_or_transition,29240,29411,171,1.7199999999999136,997.8078
Sub02_A_T09_L_C06,Sub02_A,amputee,1,9,left,6,unassigned_steady_or_transition,29411,29579,168,1.6899999999999409,997.8078
Sub02_A_T09_L_C07,Sub02_A,amputee,1,9,left,7,unassigned_steady_or_transition,29579,29759,180,1.8100000000000591,997.8078
Sub02_A_T09_L_C08,Sub02_A,amputee,1,9,left,8,unassigned_steady_or_transition,29759,29929,170,1.7099999999999227,997.8078
Sub02_A_T09_L_C09,Sub02_A,amputee,1,9,left,9,unassigned_steady_or_transition,29929,30100,171,1.7300000000000182,997.8078
Sub02_A_T09_L_C10,Sub02_A,amputee,1,9,left,10,gait_termination,30100,30278,178,1.7900000000000773,997.8078
Sub02_A_T09_R_C01,Sub02_A,amputee,1,9,right,1,gait_initiation,28503,28649,146,1.4700000000000273,215.55
Sub02_A_T09_R_C02,Sub02_A,amputee,1,9,right,2,unassigned_steady_or_transition,28649,28817,168,1.6899999999999409,215.55
Sub02_A_T09_R_C03,Sub02_A,amputee,1,9,right,3,unassigned_steady_or_transition,28817,28987,170,1.6999999999999318,215.55
Sub02_A_T09_R_C04,Sub02_A,amputee,1,9,right,4,unassigned_steady_or_transition,28987,29156,169,1.7000000000000455,215.55
Sub02_A_T09_R_C05,Sub02_A,amputee,1,9,right,5,unassigned_steady_or_transition,29156,29330,174,1.75,215.55
Sub02_A_T09_R_C06,Sub02_A,amputee,1,9,right,6,unassigned_steady_or_transition,29330,29494,164,1.6499999999999773,215.55
Sub02_A_T09_R_C07,Sub02_A,amputee,1,9,right,7,unassigned_steady_or_transition,29494,29670,176,1.759999999999991,215.55
Sub02_A_T09_R_C08,Sub02_A,amputee,1,9,right,8,unassigned_steady_or_transition,29670,29849,179,1.8100000000000591,215.55
Sub02_A_T09_R_C09,Sub02_A,amputee,1,9,right,9,unassigned_steady_or_transition,29849,30020,171,1.7200000000000273,215.55
Sub02_A_T09_R_C10,Sub02_A,amputee,1,9,right,10,unassigned_steady_or_transition,30020,30185,165,1.669999999999959,215.55
Sub02_A_T09_R_C11,Sub02_A,amputee,1,9,right,11,gait_termination,30185,30368,183,1.8400000000000318,215.55
Sub02_A_T10_L_C01,Sub02_A,amputee,1,10,left,1,gait_initiation,31816,31978,162,1.6299999999999955,1001.99755
Sub02_A_T10_L_C02,Sub02_A,amputee,1,10,left,2,unassigned_steady_or_transition,31978,32134,156,1.5699999999999363,1001.99755
Sub02_A_T10_L_C03,Sub02_A,amputee,1,10,left,3,unassigned_steady_or_transition,32134,32294,160,1.6100000000000136,1001.99755
Sub02_A_T10_L_C04,Sub02_A,amputee,1,10,left,4,unassigned_steady_or_transition,32294,32459,165,1.6600000000000819,1001.99755
Sub02_A_T10_L_C05,Sub02_A,amputee,1,10,left,5,unassigned_steady_or_transition,32459,32643,184,1.8500000000000227,1001.99755
Sub02_A_T10_L_C06,Sub02_A,amputee,1,10,left,6,unassigned_steady_or_transition,32643,32798,155,1.5499999999999545,1001.99755
Sub02_A_T10_L_C07,Sub02_A,amputee,1,10,left,7,unassigned_steady_or_transition,32798,32963,165,1.6499999999999773,1001.99755
Sub02_A_T10_L_C08,Sub02_A,amputee,1,10,left,8,unassigned_steady_or_transition,32963,33133,170,1.7100000000000364,1001.99755
Sub02_A_T10_L_C09,Sub02_A,amputee,1,10,left,9,unassigned_steady_or_transition,33133,33297,164,1.6399999999999864,1001.99755
Sub02_A_T10_L_C10,Sub02_A,amputee,1,10,left,10,gait_termination,33297,33471,174,1.740000000000009,1001.99755
Sub02_A_T10_R_C01,Sub02_A,amputee,1,10,right,1,gait_initiation,31741,31901,160,1.599999999999909,210.6
Sub02_A_T10_R_C02,Sub02_A,amputee,1,10,right,2,unassigned_steady_or_transition,31901,32052,151,1.5199999999999818,210.6
Sub02_A_T10_R_C03,Sub02_A,amputee,1,10,right,3,unassigned_steady_or_transition,32052,32212,160,1.6100000000000136,210.6
Sub02_A_T10_R_C04,Sub02_A,amputee,1,10,right,4,unassigned_steady_or_transition,32212,32377,165,1.6599999999999682,210.6
Sub02_A_T10_R_C05,Sub02_A,amputee,1,10,right,5,unassigned_steady_or_transition,32377,32546,169,1.7000000000000455,210.6
Sub02_A_T10_R_C06,Sub02_A,amputee,1,10,right,6,unassigned_steady_or_transition,32546,32714,168,1.67999999999995,210.6
Sub02_A_T10_R_C07,Sub02_A,amputee,1,10,right,7,unassigned_steady_or_transition,32714,32886,172,1.7200000000000273,210.6
Sub02_A_T10_R_C08,Sub02_A,amputee,1,10,right,8,unassigned_steady_or_transition,32886,33053,167,1.6800000000000637,210.6
Sub02_A_T10_R_C09,Sub02_A,amputee,1,10,right,9,unassigned_steady_or_transition,33053,33218,165,1.6499999999999773,210.6
Sub02_A_T10_R_C10,Sub02_A,amputee,1,10,right,10,gait_termination,33218,33387,169,1.6900000000000546,210.6
Sub02_A_T11_L_C01,Sub02_A,amputee,1,11,left,1,gait_initiation,36629,36777,148,1.4899999999998954,958.04465
Sub02_A_T11_L_C02,Sub02_A,amputee,1,11,left,2,unassigned_steady_or_transition,36777,36923,146,1.4599999999999227,958.04465
Sub02_A_T11_L_C03,Sub02_A,amputee,1,11,left,3,unassigned_steady_or_transition,36923,37076,153,1.5400000000000773,958.04465
Sub02_A_T11_L_C04,Sub02_A,amputee,1,11,left,4,unassigned_steady_or_transition,37076,37241,165,1.6499999999999773,958.04465
Sub02_A_T11_L_C05,Sub02_A,amputee,1,11,left,5,unassigned_steady_or_transition,37241,37402,161,1.6100000000000136,958.04465
Sub02_A_T11_L_C06,Sub02_A,amputee,1,11,left,6,unassigned_steady_or_transition,37402,37572,170,1.7000000000000455,958.04465
Sub02_A_T11_L_C07,Sub02_A,amputee,1,11,left,7,unassigned_steady_or_transition,37572,37743,171,1.7199999999999136,958.04465
Sub02_A_T11_L_C08,Sub02_A,amputee,1,11,left,8,unassigned_steady_or_transition,37743,37917,174,1.75,958.04465
Sub02_A_T11_L_C09,Sub02_A,amputee,1,11,left,9,unassigned_steady_or_transition,37917,38085,168,1.6899999999999409,958.04465
Sub02_A_T11_L_C10,Sub02_A,amputee,1,11,left,10,gait_termination,38085,38256,171,1.7100000000000364,958.04465
Sub02_A_T11_R_C01,Sub02_A,amputee,1,11,right,1,gait_initiation,36708,36854,146,1.4600000000000364,216.9
Sub02_A_T11_R_C02,Sub02_A,amputee,1,11,right,2,unassigned_steady_or_transition,36854,37003,149,1.5,216.9
Sub02_A_T11_R_C03,Sub02_A,amputee,1,11,right,3,unassigned_steady_or_transition,37003,37163,160,1.6000000000000227,216.9
Sub02_A_T11_R_C04,Sub02_A,amputee,1,11,right,4,unassigned_steady_or_transition,37163,37328,165,1.6499999999999773,216.9
Sub02_A_T11_R_C05,Sub02_A,amputee,1,11,right,5,unassigned_steady_or_transition,37328,37491,163,1.6299999999999955,216.9
Sub02_A_T11_R_C06,Sub02_A,amputee,1,11,right,6,unassigned_steady_or_transition,37491,37662,171,1.7200000000000273,216.9
Sub02_A_T11_R_C07,Sub02_A,amputee,1,11,right,7,unassigned_steady_or_transition,37662,37837,175,1.759999999999991,216.9
Sub02_A_T11_R_C08,Sub02_A,amputee,1,11,right,8,unassigned_steady_or_transition,37837,38008,171,1.7200000000000273,216.9
Sub02_A_T11_R_C09,Sub02_A,amputee,1,11,right,9,unassigned_steady_or_transition,38008,38175,167,1.669999999999959,216.9
Sub02_A_T11_R_C10,Sub02_A,amputee,1,11,right,10,gait_termination,38175,38357,182,1.830000000000041,216.9
Sub02_A_T12_L_C01,Sub02_A,amputee,1,12,left,1,gait_initiation,39628,39788,160,1.6100000000000136,984.6247000000001
Sub02_A_T12_L_C02,Sub02_A,amputee,1,12,left,2,unassigned_steady_or_transition,39788,39953,165,1.6599999999999682,984.6247000000001
Sub02_A_T12_L_C03,Sub02_A,amputee,1,12,left,3,unassigned_steady_or_transition,39953,40120,167,1.6900000000000546,984.6247000000001
Sub02_A_T12_L_C04,Sub02_A,amputee,1,12,left,4,unassigned_steady_or_transition,40120,40293,173,1.7299999999999045,984.6247000000001
Sub02_A_T12_L_C05,Sub02_A,amputee,1,12,left,5,unassigned_steady_or_transition,40293,40464,171,1.7199999999999136,984.6247000000001
Sub02_A_T12_L_C06,Sub02_A,amputee,1,12,left,6,unassigned_steady_or_transition,40464,40641,177,1.7800000000000864,984.6247000000001
Sub02_A_T12_L_C07,Sub02_A,amputee,1,12,left,7,unassigned_steady_or_transition,40641,40789,148,1.4800000000000182,984.6247000000001
Sub02_A_T12_L_C08,Sub02_A,amputee,1,12,left,8,unassigned_steady_or_transition,40789,40958,169,1.6899999999999409,984.6247000000001
Sub02_A_T12_L_C09,Sub02_A,amputee,1,12,left,9,unassigned_steady_or_transition,40958,41139,181,1.8100000000000591,984.6247000000001
Sub02_A_T12_L_C10,Sub02_A,amputee,1,12,left,10,gait_termination,41139,41315,176,1.759999999999991,984.6247000000001
Sub02_A_T12_R_C01,Sub02_A,amputee,1,12,right,1,gait_initiation,39559,39711,152,1.5199999999999818,204.75
Sub02_A_T12_R_C02,Sub02_A,amputee,1,12,right,2,unassigned_steady_or_transition,39711,39873,162,1.6299999999999955,204.75
Sub02_A_T12_R_C03,Sub02_A,amputee,1,12,right,3,unassigned_steady_or_transition,39873,40041,168,1.6899999999999409,204.75
Sub02_A_T12_R_C04,Sub02_A,amputee,1,12,right,4,unassigned_steady_or_transition,40041,40203,162,1.6299999999999955,204.75
Sub02_A_T12_R_C05,Sub02_A,amputee,1,12,right,5,unassigned_steady_or_transition,40203,40378,175,1.759999999999991,204.75
Sub02_A_T12_R_C06,Sub02_A,amputee,1,12,right,6,unassigned_steady_or_transition,40378,40540,162,1.6200000000000045,204.75
Sub02_A_T12_R_C07,Sub02_A,amputee,1,12,right,7,unassigned_steady_or_transition,40540,40710,170,1.7100000000000364,204.75
Sub02_A_T12_R_C08,Sub02_A,amputee,1,12,right,8,unassigned_steady_or_transition,40710,40876,166,1.6600000000000819,204.75
Sub02_A_T12_R_C09,Sub02_A,amputee,1,12,right,9,unassigned_steady_or_transition,40876,41044,168,1.67999999999995,204.75
Sub02_A_T12_R_C10,Sub02_A,amputee,1,12,right,10,gait_termination,41044,41213,169,1.6900000000000546,204.75
Sub02_A_T21_L_C01,Sub02_A,amputee,21,21,left,1,gait_initiation,1496,1674,178,1.7999999999999545,1003.1251
Sub02_A_T21_L_C02,Sub02_A,amputee,21,21,left,2,unassigned_steady_or_transition,1674,1812,138,1.400000000000091,1003.1251
Sub02_A_T21_L_C03,Sub02_A,amputee,21,21,left,3,unassigned_steady_or_transition,1812,1965,153,1.5499999999999545,1003.1251
Sub02_A_T21_L_C04,Sub02_A,amputee,21,21,left,4,unassigned_steady_or_transition,1965,2131,166,1.6700000000000728,1003.1251
Sub02_A_T21_L_C05,Sub02_A,amputee,21,21,left,5,unassigned_steady_or_transition,2131,2282,151,1.5399999999999636,1003.1251
Sub02_A_T21_L_C06,Sub02_A,amputee,21,21,left,6,unassigned_steady_or_transition,2282,2457,175,1.759999999999991,1003.1251
Sub02_A_T21_L_C07,Sub02_A,amputee,21,21,left,7,unassigned_steady_or_transition,2457,2628,171,1.740000000000009,1003.1251
Sub02_A_T21_L_C08,Sub02_A,amputee,21,21,left,8,unassigned_steady_or_transition,2628,2783,155,1.5699999999999363,1003.1251
Sub02_A_T21_L_C09,Sub02_A,amputee,21,21,left,9,unassigned_steady_or_transition,2783,2949,166,1.6900000000000546,1003.1251
Sub02_A_T21_L_C10,Sub02_A,amputee,21,21,left,10,gait_termination,2949,3133,184,1.8699999999998909,1003.1251
Sub02_A_T21_R_C01,Sub02_A,amputee,21,21,right,1,gait_initiation,1579,1737,158,1.6099999999999,203.48999999999992
Sub02_A_T21_R_C02,Sub02_A,amputee,21,21,right,2,unassigned_steady_or_transition,1737,1893,156,1.5799999999999272,203.48999999999992
Sub02_A_T21_R_C03,Sub02_A,amputee,21,21,right,3,unassigned_steady_or_transition,1893,2054,161,1.6199999999998909,203.48999999999992
Sub02_A_T21_R_C04,Sub02_A,amputee,21,21,right,4,unassigned_steady_or_transition,2054,2209,155,1.5800000000001546,203.48999999999992
Sub02_A_T21_R_C05,Sub02_A,amputee,21,21,right,5,unassigned_steady_or_transition,2209,2385,176,1.7799999999999727,203.48999999999992
Sub02_A_T21_R_C06,Sub02_A,amputee,21,21,right,6,unassigned_steady_or_transition,2385,2547,162,1.6399999999998727,203.48999999999992
Sub02_A_T21_R_C07,Sub02_A,amputee,21,21,right,7,unassigned_steady_or_transition,2547,2710,163,1.6499999999998636,203.48999999999992
Sub02_A_T21_R_C08,Sub02_A,amputee,21,21,right,8,unassigned_steady_or_transition,2710,2868,158,1.6100000000001273,203.48999999999992
Sub02_A_T21_R_C09,Sub02_A,amputee,21,21,right,9,unassigned_steady_or_transition,2868,3040,172,1.740000000000009,203.48999999999992
Sub02_A_T21_R_C10,Sub02_A,amputee,21,21,right,10,gait_termination,3040,3223,183,1.8599999999999,203.48999999999992
Sub02_A_T22_L_C01,Sub02_A,amputee,21,22,left,1,gait_initiation,4889,5052,163,1.650000000000091,997.384
Sub02_A_T22_L_C02,Sub02_A,amputee,21,22,left,2,unassigned_steady_or_transition,5052,5208,156,1.5899999999999181,997.384
Sub02_A_T22_L_C03,Sub02_A,amputee,21,22,left,3,unassigned_steady_or_transition,5208,5386,178,1.8199999999999363,997.384
Sub02_A_T22_L_C04,Sub02_A,amputee,21,22,left,4,unassigned_steady_or_transition,5386,5554,168,1.7000000000000455,997.384
Sub02_A_T22_L_C05,Sub02_A,amputee,21,22,left,5,unassigned_steady_or_transition,5554,5728,174,1.7799999999999727,997.384
Sub02_A_T22_L_C06,Sub02_A,amputee,21,22,left,6,unassigned_steady_or_transition,5728,5914,186,1.8900000000001,997.384
Sub02_A_T22_L_C07,Sub02_A,amputee,21,22,left,7,unassigned_steady_or_transition,5914,6065,151,1.5399999999999636,997.384
Sub02_A_T22_L_C08,Sub02_A,amputee,21,22,left,8,unassigned_steady_or_transition,6065,6115,50,0.4900000000000091,997.384
Sub02_A_T22_L_C09,Sub02_A,amputee,21,22,left,9,unassigned_steady_or_transition,6115,6222,107,1.0900000000001455,997.384
Sub02_A_T22_L_C10,Sub02_A,amputee,21,22,left,10,unassigned_steady_or_transition,6222,6392,170,1.7300000000000182,997.384
Sub02_A_T22_L_C11,Sub02_A,amputee,21,22,left,11,gait_termination,6392,6560,168,1.699999999999818,997.384
Sub02_A_T22_R_C01,Sub02_A,amputee,21,22,right,1,gait_initiation,4982,5129,147,1.5,199.8
Sub02_A_T22_R_C02,Sub02_A,amputee,21,22,right,2,unassigned_steady_or_transition,5129,5299,170,1.7300000000000182,199.8
Sub02_A_T22_R_C03,Sub02_A,amputee,21,22,right,3,unassigned_steady_or_transition,5299,5474,175,1.7799999999999727,199.8
Sub02_A_T22_R_C04,Sub02_A,amputee,21,22,right,4,unassigned_steady_or_transition,5474,5647,173,1.7699999999999818,199.8
Sub02_A_T22_R_C05,Sub02_A,amputee,21,22,right,5,unassigned_steady_or_transition,5647,5819,172,1.75,199.8
Sub02_A_T22_R_C06,Sub02_A,amputee,21,22,right,6,unassigned_steady_or_transition,5819,5984,165,1.6800000000000637,199.8
Sub02_A_T22_R_C07,Sub02_A,amputee,21,22,right,7,unassigned_steady_or_transition,5984,6148,164,1.6600000000000819,199.8
Sub02_A_T22_R_C08,Sub02_A,amputee,21,22,right,8,unassigned_steady_or_transition,6148,6313,165,1.6699999999998454,199.8
Sub02_A_T22_R_C09,Sub02_A,amputee,21,22,right,9,unassigned_steady_or_transition,6313,6480,167,1.6900000000000546,199.8
Sub02_A_T22_R_C10,Sub02_A,amputee,21,22,right,10,gait_termination,6480,6647,167,1.7000000000000455,199.8
Sub02_A_T23_L_C01,Sub02_A,amputee,21,23,left,1,gait_initiation,8657,8809,152,1.5399999999999636,1076.74445
Sub02_A_T23_L_C02,Sub02_A,amputee,21,23,left,2,unassigned_steady_or_transition,8809,8966,157,1.5899999999999181,1076.74445
Sub02_A_T23_L_C03,Sub02_A,amputee,21,23,left,3,unassigned_steady_or_transition,8966,9120,154,1.5599999999999454,1076.74445
Sub02_A_T23_L_C04,Sub02_A,amputee,21,23,left,4,unassigned_steady_or_transition,9120,9282,162,1.6300000000001091,1076.74445
Sub02_A_T23_L_C05,Sub02_A,amputee,21,23,left,5,unassigned_steady_or_transition,9282,9452,170,1.7100000000000364,1076.74445
Sub02_A_T23_L_C06,Sub02_A,amputee,21,23,left,6,unassigned_steady_or_transition,9452,9621,169,1.699999999999818,1076.74445
Sub02_A_T23_L_C07,Sub02_A,amputee,21,23,left,7,unassigned_steady_or_transition,9621,9800,179,1.8099999999999454,1076.74445
Sub02_A_T23_L_C08,Sub02_A,amputee,21,23,left,8,unassigned_steady_or_transition,9800,9985,185,1.8799999999998818,1076.74445
Sub02_A_T23_L_C09,Sub02_A,amputee,21,23,left,9,gait_termination,9985,10150,165,1.6700000000000728,1076.74445
Sub02_A_T23_R_C01,Sub02_A,amputee,21,23,right,1,gait_initiation,8576,8735,159,1.6099999999999,214.15500000000006
Sub02_A_T23_R_C02,Sub02_A,amputee,21,23,right,2,unassigned_steady_or_transition,8735,8891,156,1.5799999999999272,214.15500000000006
Sub02_A_T23_R_C03,Sub02_A,amputee,21,23,right,3,unassigned_steady_or_transition,8891,9049,158,1.5899999999999181,214.15500000000006
Sub02_A_T23_R_C04,Sub02_A,amputee,21,23,right,4,unassigned_steady_or_transition,9049,9206,157,1.5900000000001455,214.15500000000006
Sub02_A_T23_R_C05,Sub02_A,amputee,21,23,right,5,unassigned_steady_or_transition,9206,9376,170,1.699999999999818,214.15500000000006
Sub02_A_T23_R_C06,Sub02_A,amputee,21,23,right,6,unassigned_steady_or_transition,9376,9546,170,1.7199999999998,214.15500000000006
Sub02_A_T23_R_C07,Sub02_A,amputee,21,23,right,7,unassigned_steady_or_transition,9546,9719,173,1.75,214.15500000000006
Sub02_A_T23_R_C08,Sub02_A,amputee,21,23,right,8,unassigned_steady_or_transition,9719,9895,176,1.7799999999999727,214.15500000000006
Sub02_A_T23_R_C09,Sub02_A,amputee,21,23,right,9,unassigned_steady_or_transition,9895,10073,178,1.8099999999999454,214.15500000000006
Sub02_A_T23_R_C10,Sub02_A,amputee,21,23,right,10,gait_termination,10073,10242,169,1.7000000000000455,214.15500000000006
Sub02_A_T24_L_C01,Sub02_A,amputee,21,24,left,1,gait_initiation,11499,11654,155,1.5699999999999363,1067.6642000000002
Sub02_A_T24_L_C02,Sub02_A,amputee,21,24,left,2,unassigned_steady_or_transition,11654,11814,160,1.6200000000001182,1067.6642000000002
Sub02_A_T24_L_C03,Sub02_A,amputee,21,24,left,3,unassigned_steady_or_transition,11814,11985,171,1.7300000000000182,1067.6642000000002
Sub02_A_T24_L_C04,Sub02_A,amputee,21,24,left,4,unassigned_steady_or_transition,11985,12152,167,1.6800000000000637,1067.6642000000002
Sub02_A_T24_L_C05,Sub02_A,amputee,21,24,left,5,unassigned_steady_or_transition,12152,12328,176,1.7799999999999727,1067.6642000000002
Sub02_A_T24_L_C06,Sub02_A,amputee,21,24,left,6,unassigned_steady_or_transition,12328,12486,158,1.6099999999999,1067.6642000000002
Sub02_A_T24_L_C07,Sub02_A,amputee,21,24,left,7,unassigned_steady_or_transition,12486,12643,157,1.5900000000001455,1067.6642000000002
Sub02_A_T24_L_C08,Sub02_A,amputee,21,24,left,8,unassigned_steady_or_transition,12643,12809,166,1.6699999999998454,1067.6642000000002
Sub02_A_T24_L_C09,Sub02_A,amputee,21,24,left,9,unassigned_steady_or_transition,12809,12972,163,1.650000000000091,1067.6642000000002
Sub02_A_T24_L_C10,Sub02_A,amputee,21,24,left,10,gait_termination,12972,13133,161,1.6300000000001091,1067.6642000000002
Sub02_A_T24_R_C01,Sub02_A,amputee,21,24,right,1,gait_initiation,11630,11785,155,1.5700000000001637,-246.07
Sub02_A_T24_R_C02,Sub02_A,amputee,21,24,right,2,unassigned_steady_or_transition,11785,11951,166,1.6799999999998363,-246.07
Sub02_A_T24_R_C03,Sub02_A,amputee,21,24,right,3,unassigned_steady_or_transition,11951,12133,182,1.8399999999999181,-246.07
Sub02_A_T24_R_C04,Sub02_A,amputee,21,24,right,4,unassigned_steady_or_transition,12133,12297,164,1.6600000000000819,-246.07
Sub02_A_T24_R_C05,Sub02_A,amputee,21,24,right,5,unassigned_steady_or_transition,12297,12452,155,1.5699999999999363,-246.07
Sub02_A_T24_R_C06,Sub02_A,amputee,21,24,right,6,unassigned_steady_or_transition,12452,12611,159,1.6099999999999,-246.07
Sub02_A_T24_R_C07,Sub02_A,amputee,21,24,right,7,unassigned_steady_or_transition,12611,12776,165,1.6700000000000728,-246.07
Sub02_A_T24_R_C08,Sub02_A,amputee,21,24,right,8,unassigned_steady_or_transition,12776,12942,166,1.6700000000000728,-246.07
Sub02_A_T24_R_C09,Sub02_A,amputee,21,24,right,9,gait_termination,12942,13104,162,1.6399999999998727,-246.07
Sub02_A_T25_L_C01,Sub02_A,amputee,21,25,left,1,gait_initiation,14485,14650,165,1.6700000000000728,1074.3512
Sub02_A_T25_L_C02,Sub02_A,amputee,21,25,left,2,unassigned_steady_or_transition,14650,14819,169,1.7000000000000455,1074.3512
Sub02_A_T25_L_C03,Sub02_A,amputee,21,25,left,3,unassigned_steady_or_transition,14819,14981,162,1.6400000000001,1074.3512
Sub02_A_T25_L_C04,Sub02_A,amputee,21,25,left,4,unassigned_steady_or_transition,14981,15147,166,1.6799999999998363,1074.3512
Sub02_A_T25_L_C05,Sub02_A,amputee,21,25,left,5,unassigned_steady_or_transition,15147,15322,175,1.759999999999991,1074.3512
Sub02_A_T25_L_C06,Sub02_A,amputee,21,25,left,6,unassigned_steady_or_transition,15322,15486,164,1.6600000000000819,1074.3512
Sub02_A_T25_L_C07,Sub02_A,amputee,21,25,left,7,unassigned_steady_or_transition,15486,15662,176,1.7799999999999727,1074.3512
Sub02_A_T25_L_C08,Sub02_A,amputee,21,25,left,8,unassigned_steady_or_transition,15662,15837,175,1.7699999999999818,1074.3512
Sub02_A_T25_L_C09,Sub02_A,amputee,21,25,left,9,gait_termination,15837,16017,180,1.8200000000001637,1074.3512
Sub02_A_T25_R_C01,Sub02_A,amputee,21,25,right,1,gait_initiation,14405,14570,165,1.6700000000000728,208.8
Sub02_A_T25_R_C02,Sub02_A,amputee,21,25,right,2,unassigned_steady_or_transition,14570,14737,167,1.6800000000000637,208.8
Sub02_A_T25_R_C03,Sub02_A,amputee,21,25,right,3,unassigned_steady_or_transition,14737,14905,168,1.699999999999818,208.8
Sub02_A_T25_R_C04,Sub02_A,amputee,21,25,right,4,unassigned_steady_or_transition,14905,15067,162,1.6399999999998727,208.8
Sub02_A_T25_R_C05,Sub02_A,amputee,21,25,right,5,unassigned_steady_or_transition,15067,15238,171,1.7200000000000273,208.8
Sub02_A_T25_R_C06,Sub02_A,amputee,21,25,right,6,unassigned_steady_or_transition,15238,15406,168,1.6900000000000546,208.8
Sub02_A_T25_R_C07,Sub02_A,amputee,21,25,right,7,unassigned_steady_or_transition,15406,15580,174,1.759999999999991,208.8
Sub02_A_T25_R_C08,Sub02_A,amputee,21,25,right,8,unassigned_steady_or_transition,15580,15755,175,1.7799999999999727,208.8
Sub02_A_T25_R_C09,Sub02_A,amputee,21,25,right,9,unassigned_steady_or_transition,15755,15933,178,1.7999999999999545,208.8
Sub02_A_T25_R_C10,Sub02_A,amputee,21,25,right,10,gait_termination,15933,16103,170,1.7200000000000273,208.8
Sub02_A_T26_L_C01,Sub02_A,amputee,21,26,left,1,gait_initiation,17329,17493,164,1.6600000000000819,1097.1717
Sub02_A_T26_L_C02,Sub02_A,amputee,21,26,left,2,unassigned_steady_or_transition,17493,17666,173,1.740000000000009,1097.1717
Sub02_A_T26_L_C03,Sub02_A,amputee,21,26,left,3,unassigned_steady_or_transition,17666,17836,170,1.7100000000000364,1097.1717
Sub02_A_T26_L_C04,Sub02_A,amputee,21,26,left,4,unassigned_steady_or_transition,17836,18003,167,1.699999999999818,1097.1717
Sub02_A_T26_L_C05,Sub02_A,amputee,21,26,left,5,unassigned_steady_or_transition,18003,18173,170,1.7200000000000273,1097.1717
Sub02_A_T26_L_C06,Sub02_A,amputee,21,26,left,6,unassigned_steady_or_transition,18173,18321,148,1.5,1097.1717
Sub02_A_T26_L_C07,Sub02_A,amputee,21,26,left,7,unassigned_steady_or_transition,18321,18487,166,1.6800000000000637,1097.1717
Sub02_A_T26_L_C08,Sub02_A,amputee,21,26,left,8,unassigned_steady_or_transition,18487,18654,167,1.6900000000000546,1097.1717
Sub02_A_T26_L_C09,Sub02_A,amputee,21,26,left,9,gait_termination,18654,18818,164,1.6600000000000819,1097.1717
Sub02_A_T26_R_C01,Sub02_A,amputee,21,26,right,1,gait_initiation,17256,17423,167,1.6900000000000546,201.64500000000007
Sub02_A_T26_R_C02,Sub02_A,amputee,21,26,right,2,unassigned_steady_or_transition,17423,17586,163,1.6399999999998727,201.64500000000007
Sub02_A_T26_R_C03,Sub02_A,amputee,21,26,right,3,unassigned_steady_or_transition,17586,17764,178,1.800000000000182,201.64500000000007
Sub02_A_T26_R_C04,Sub02_A,amputee,21,26,right,4,unassigned_steady_or_transition,17764,17930,166,1.6799999999998363,201.64500000000007
Sub02_A_T26_R_C05,Sub02_A,amputee,21,26,right,5,unassigned_steady_or_transition,17930,18097,167,1.7000000000000455,201.64500000000007
Sub02_A_T26_R_C06,Sub02_A,amputee,21,26,right,6,unassigned_steady_or_transition,18097,18253,156,1.5800000000001546,201.64500000000007
Sub02_A_T26_R_C07,Sub02_A,amputee,21,26,right,7,unassigned_steady_or_transition,18253,18408,155,1.5599999999999454,201.64500000000007
Sub02_A_T26_R_C08,Sub02_A,amputee,21,26,right,8,unassigned_steady_or_transition,18408,18580,172,1.75,201.64500000000007
Sub02_A_T26_R_C09,Sub02_A,amputee,21,26,right,9,unassigned_steady_or_transition,18580,18743,163,1.6399999999998727,201.64500000000007
Sub02_A_T26_R_C10,Sub02_A,amputee,21,26,right,10,gait_termination,18743,18915,172,1.7399999999997817,201.64500000000007
Sub02_A_T27_L_C01,Sub02_A,amputee,21,27,left,1,gait_initiation,20033,20185,152,1.5399999999999636,1049.2024999999999
Sub02_A_T27_L_C02,Sub02_A,amputee,21,27,left,2,unassigned_steady_or_transition,20185,20346,161,1.6299999999998818,1049.2024999999999
Sub02_A_T27_L_C03,Sub02_A,amputee,21,27,left,3,unassigned_steady_or_transition,20346,20511,165,1.6599999999998545,1049.2024999999999
Sub02_A_T27_L_C04,Sub02_A,amputee,21,27,left,4,unassigned_steady_or_transition,20511,20672,161,1.6300000000001091,1049.2024999999999
Sub02_A_T27_L_C05,Sub02_A,amputee,21,27,left,5,unassigned_steady_or_transition,20672,20831,159,1.6199999999998909,1049.2024999999999
Sub02_A_T27_L_C06,Sub02_A,amputee,21,27,left,6,unassigned_steady_or_transition,20831,20995,164,1.650000000000091,1049.2024999999999
Sub02_A_T27_L_C07,Sub02_A,amputee,21,27,left,7,unassigned_steady_or_transition,20995,21172,177,1.7999999999999545,1049.2024999999999
Sub02_A_T27_L_C08,Sub02_A,amputee,21,27,left,8,unassigned_steady_or_transition,21172,21351,179,1.8199999999999363,1049.2024999999999
Sub02_A_T27_L_C09,Sub02_A,amputee,21,27,left,9,gait_termination,21351,21525,174,1.7700000000002092,1049.2024999999999
Sub02_A_T27_R_C01,Sub02_A,amputee,21,27,right,1,gait_initiation,19964,20114,150,1.5199999999999818,210.15
Sub02_A_T27_R_C02,Sub02_A,amputee,21,27,right,2,unassigned_steady_or_transition,20114,20273,159,1.599999999999909,210.15
Sub02_A_T27_R_C03,Sub02_A,amputee,21,27,right,3,unassigned_steady_or_transition,20273,20432,159,1.6099999999999,210.15
Sub02_A_T27_R_C04,Sub02_A,amputee,21,27,right,4,unassigned_steady_or_transition,20432,20597,165,1.6700000000000728,210.15
Sub02_A_T27_R_C05,Sub02_A,amputee,21,27,right,5,unassigned_steady_or_transition,20597,20759,162,1.6399999999998727,210.15
Sub02_A_T27_R_C06,Sub02_A,amputee,21,27,right,6,unassigned_steady_or_transition,20759,20917,158,1.6000000000001364,210.15
Sub02_A_T27_R_C07,Sub02_A,amputee,21,27,right,7,unassigned_steady_or_transition,20917,21086,169,1.7100000000000364,210.15
Sub02_A_T27_R_C08,Sub02_A,amputee,21,27,right,8,unassigned_steady_or_transition,21086,21267,181,1.8399999999999181,210.15
Sub02_A_T27_R_C09,Sub02_A,amputee,21,27,right,9,unassigned_steady_or_transition,21267,21445,178,1.8099999999999454,210.15
Sub02_A_T27_R_C10,Sub02_A,amputee,21,27,right,10,gait_termination,21445,21617,172,1.75,210.15
Sub02_A_T28_L_C01,Sub02_A,amputee,21,28,left,1,gait_initiation,22910,23079,169,1.7100000000000364,1083.0095000000001
Sub02_A_T28_L_C02,Sub02_A,amputee,21,28,left,2,unassigned_steady_or_transition,23079,23245,166,1.6800000000000637,1083.0095000000001
Sub02_A_T28_L_C03,Sub02_A,amputee,21,28,left,3,unassigned_steady_or_transition,23245,23421,176,1.7799999999999727,1083.0095000000001
Sub02_A_T28_L_C04,Sub02_A,amputee,21,28,left,4,unassigned_steady_or_transition,23421,23598,177,1.7899999999999636,1083.0095000000001
Sub02_A_T28_L_C05,Sub02_A,amputee,21,28,left,5,unassigned_steady_or_transition,23929,24097,168,1.7000000000000455,1083.0095000000001
Sub02_A_T28_L_C06,Sub02_A,amputee,21,28,left,6,unassigned_steady_or_transition,24097,24265,168,1.6900000000000546,1083.0095000000001
Sub02_A_T28_L_C07,Sub02_A,amputee,21,28,left,7,unassigned_steady_or_transition,24265,24441,176,1.7799999999999727,1083.0095000000001
Sub02_A_T28_L_C08,Sub02_A,amputee,21,28,left,8,gait_termination,24441,24610,169,1.7100000000000364,1083.0095000000001
Sub02_A_T28_R_C01,Sub02_A,amputee,21,28,right,1,gait_initiation,22860,23003,143,1.4400000000000546,207.0
Sub02_A_T28_R_C02,Sub02_A,amputee,21,28,right,2,unassigned_steady_or_transition,23003,23167,164,1.6599999999998545,207.0
Sub02_A_T28_R_C03,Sub02_A,amputee,21,28,right,3,unassigned_steady_or_transition,23167,23337,170,1.7200000000000273,207.0
Sub02_A_T28_R_C04,Sub02_A,amputee,21,28,right,4,unassigned_steady_or_transition,23337,23514,177,1.800000000000182,207.0
Sub02_A_T28_R_C05,Sub02_A,amputee,21,28,right,5,unassigned_steady_or_transition,23514,23699,185,1.8699999999998909,207.0
Sub02_A_T28_R_C06,Sub02_A,amputee,21,28,right,6,unassigned_steady_or_transition,23699,23853,154,1.5599999999999454,207.0
Sub02_A_T28_R_C07,Sub02_A,amputee,21,28,right,7,unassigned_steady_or_transition,23853,24014,161,1.6300000000001091,207.0
Sub02_A_T28_R_C08,Sub02_A,amputee,21,28,right,8,unassigned_steady_or_transition,24014,24186,172,1.7300000000000182,207.0
Sub02_A_T28_R_C09,Sub02_A,amputee,21,28,right,9,unassigned_steady_or_transition,24186,24359,173,1.75,207.0
Sub02_A_T28_R_C10,Sub02_A,amputee,21,28,right,10,unassigned_steady_or_transition,24359,24528,169,1.7100000000000364,207.0
Sub02_A_T28_R_C11,Sub02_A,amputee,21,28,right,11,gait_termination,24528,24694,166,1.6800000000000637,207.0
Sub02_A_T29_L_C01,Sub02_A,amputee,21,29,left,1,gait_initiation,26043,26197,154,1.5600000000001728,1071.066
Sub02_A_T29_L_C02,Sub02_A,amputee,21,29,left,2,unassigned_steady_or_transition,26197,26359,162,1.6299999999998818,1071.066
Sub02_A_T29_L_C03,Sub02_A,amputee,21,29,left,3,unassigned_steady_or_transition,26359,26522,163,1.6400000000001,1071.066
Sub02_A_T29_L_C04,Sub02_A,amputee,21,29,left,4,unassigned_steady_or_transition,26522,26680,158,1.5899999999999181,1071.066
Sub02_A_T29_L_C05,Sub02_A,amputee,21,29,left,5,unassigned_steady_or_transition,26680,26848,168,1.6900000000000546,1071.066
Sub02_A_T29_L_C06,Sub02_A,amputee,21,29,left,6,unassigned_steady_or_transition,26848,27007,159,1.6100000000001273,1071.066
Sub02_A_T29_L_C07,Sub02_A,amputee,21,29,left,7,unassigned_steady_or_transition,27007,27194,187,1.8999999999998636,1071.066
Sub02_A_T29_L_C08,Sub02_A,amputee,21,29,left,8,unassigned_steady_or_transition,27194,27368,174,1.7699999999999818,1071.066
Sub02_A_T29_L_C09,Sub02_A,amputee,21,29,left,9,gait_termination,27368,27545,177,1.790000000000191,1071.066
Sub02_A_T29_R_C01,Sub02_A,amputee,21,29,right,1,gait_initiation,25966,26123,157,1.5900000000001455,207.9
Sub02_A_T29_R_C02,Sub02_A,amputee,21,29,right,2,unassigned_steady_or_transition,26123,26286,163,1.6399999999998727,207.9
Sub02_A_T29_R_C03,Sub02_A,amputee,21,29,right,3,unassigned_steady_or_transition,26286,26445,159,1.6000000000001364,207.9
Sub02_A_T29_R_C04,Sub02_A,amputee,21,29,right,4,unassigned_steady_or_transition,26445,26609,164,1.6499999999998636,207.9
Sub02_A_T29_R_C05,Sub02_A,amputee,21,29,right,5,unassigned_steady_or_transition,26609,26769,160,1.6100000000001273,207.9
Sub02_A_T29_R_C06,Sub02_A,amputee,21,29,right,6,unassigned_steady_or_transition,26769,26932,163,1.6499999999998636,207.9
Sub02_A_T29_R_C07,Sub02_A,amputee,21,29,right,7,unassigned_steady_or_transition,26932,27108,176,1.7899999999999636,207.9
Sub02_A_T29_R_C08,Sub02_A,amputee,21,29,right,8,unassigned_steady_or_transition,27108,27285,177,1.7999999999999545,207.9
Sub02_A_T29_R_C09,Sub02_A,amputee,21,29,right,9,unassigned_steady_or_transition,27285,27464,179,1.8099999999999454,207.9
Sub02_A_T29_R_C10,Sub02_A,amputee,21,29,right,10,gait_termination,27464,27632,168,1.7000000000000455,207.9
Sub02_A_T30_L_C01,Sub02_A,amputee,21,30,left,1,gait_initiation,28870,29042,172,1.75,1032.4861
Sub02_A_T30_L_C02,Sub02_A,amputee,21,30,left,2,unassigned_steady_or_transition,29042,29207,165,1.6700000000000728,1032.4861
Sub02_A_T30_L_C03,Sub02_A,amputee,21,30,left,3,unassigned_steady_or_transition,29207,29379,172,1.75,1032.4861
Sub02_A_T30_L_C04,Sub02_A,amputee,21,30,left,4,unassigned_steady_or_transition,29379,29549,170,1.7200000000000273,1032.4861
Sub02_A_T30_L_C05,Sub02_A,amputee,21,30,left,5,unassigned_steady_or_transition,29549,29708,159,1.6099999999999,1032.4861
Sub02_A_T30_L_C06,Sub02_A,amputee,21,30,left,6,unassigned_steady_or_transition,29708,29879,171,1.740000000000009,1032.4861
Sub02_A_T30_L_C07,Sub02_A,amputee,21,30,left,7,unassigned_steady_or_transition,29879,30045,166,1.6800000000000637,1032.4861
Sub02_A_T30_L_C08,Sub02_A,amputee,21,30,left,8,unassigned_steady_or_transition,30045,30205,160,1.6200000000001182,1032.4861
Sub02_A_T30_L_C09,Sub02_A,amputee,21,30,left,9,unassigned_steady_or_transition,30205,30374,169,1.699999999999818,1032.4861
Sub02_A_T30_L_C10,Sub02_A,amputee,21,30,left,10,gait_termination,30374,30544,170,1.709999999999809,1032.4861
Sub02_A_T30_R_C01,Sub02_A,amputee,21,30,right,1,gait_initiation,28966,29127,161,1.6300000000001091,209.83499999999998
Sub02_A_T30_R_C02,Sub02_A,amputee,21,30,right,2,unassigned_steady_or_transition,29127,29297,170,1.7300000000000182,209.83499999999998
Sub02_A_T30_R_C03,Sub02_A,amputee,21,30,right,3,unassigned_steady_or_transition,29297,29468,171,1.7300000000000182,209.83499999999998
Sub02_A_T30_R_C04,Sub02_A,amputee,21,30,right,4,unassigned_steady_or_transition,29468,29637,169,1.709999999999809,209.83499999999998
Sub02_A_T30_R_C05,Sub02_A,amputee,21,30,right,5,unassigned_steady_or_transition,29637,29799,162,1.6400000000001,209.83499999999998
Sub02_A_T30_R_C06,Sub02_A,amputee,21,30,right,6,unassigned_steady_or_transition,29799,29961,162,1.6400000000001,209.83499999999998
Sub02_A_T30_R_C07,Sub02_A,amputee,21,30,right,7,unassigned_steady_or_transition,29961,30126,165,1.6699999999998454,209.83499999999998
Sub02_A_T30_R_C08,Sub02_A,amputee,21,30,right,8,unassigned_steady_or_transition,30126,30295,169,1.7100000000000364,209.83499999999998
Sub02_A_T30_R_C09,Sub02_A,amputee,21,30,right,9,unassigned_steady_or_transition,30295,30462,167,1.6800000000000637,209.83499999999998
Sub02_A_T30_R_C10,Sub02_A,amputee,21,30,right,10,gait_termination,30462,30633,171,1.7300000000000182,209.83499999999998
Sub02_H_T01_L_C01,Sub02_H,healthy,1,1,left,1,gait_initiation,2183,2259,76,0.75,-623.18425
Sub02_H_T01_L_C02,Sub02_H,healthy,1,1,left,2,unassigned_steady_or_transition,2259,2366,107,1.0400000000000205,-623.18425
Sub02_H_T01_L_C03,Sub02_H,healthy,1,1,left,3,unassigned_steady_or_transition,2366,2481,115,1.1299999999999955,-623.18425
Sub02_H_T01_L_C04,Sub02_H,healthy,1,1,left,4,unassigned_steady_or_transition,2481,2600,119,1.160000000000025,-623.18425
Sub02_H_T01_L_C05,Sub02_H,healthy,1,1,left,5,unassigned_steady_or_transition,2600,2759,159,1.5600000000000023,-623.18425
Sub02_H_T01_L_C06,Sub02_H,healthy,1,1,left,6,unassigned_steady_or_transition,2759,2833,74,0.7100000000000364,-623.18425
Sub02_H_T01_L_C07,Sub02_H,healthy,1,1,left,7,unassigned_steady_or_transition,2833,3000,167,1.6299999999999955,-623.18425
Sub02_H_T01_L_C08,Sub02_H,healthy,1,1,left,8,unassigned_steady_or_transition,3000,3133,133,1.2900000000000205,-623.18425
Sub02_H_T01_L_C09,Sub02_H,healthy,1,1,left,9,unassigned_steady_or_transition,3133,3254,121,1.169999999999959,-623.18425
Sub02_H_T01_L_C10,Sub02_H,healthy,1,1,left,10,gait_termination,3254,3377,123,1.1999999999999886,-623.18425
Sub02_H_T01_R_C01,Sub02_H,healthy,1,1,right,1,gait_initiation,2175,2288,113,1.1100000000000136,347.25
Sub02_H_T01_R_C02,Sub02_H,healthy,1,1,right,2,unassigned_steady_or_transition,2288,2398,110,1.079999999999984,347.25
Sub02_H_T01_R_C03,Sub02_H,healthy,1,1,right,3,unassigned_steady_or_transition,2398,2513,115,1.1200000000000045,347.25
Sub02_H_T01_R_C04,Sub02_H,healthy,1,1,right,4,unassigned_steady_or_transition,2513,2632,119,1.160000000000025,347.25
Sub02_H_T01_R_C05,Sub02_H,healthy,1,1,right,5,unassigned_steady_or_transition,2632,2753,121,1.1899999999999977,347.25
Sub02_H_T01_R_C06,Sub02_H,healthy,1,1,right,6,unassigned_steady_or_transition,2753,2867,114,1.1000000000000227,347.25
Sub02_H_T01_R_C07,Sub02_H,healthy,1,1,right,7,unassigned_steady_or_transition,2867,2995,128,1.25,347.25
Sub02_H_T01_R_C08,Sub02_H,healthy,1,1,right,8,unassigned_steady_or_transition,2995,3124,129,1.25,347.25
Sub02_H_T01_R_C09,Sub02_H,healthy,1,1,right,9,unassigned_steady_or_transition,3124,3248,124,1.1999999999999886,347.25
Sub02_H_T01_R_C10,Sub02_H,healthy,1,1,right,10,gait_termination,3248,3373,125,1.2099999999999795,347.25
Sub02_H_T02_L_C01,Sub02_H,healthy,1,2,left,1,gait_initiation,5820,5944,124,1.1999999999999886,580.2365
Sub02_H_T02_L_C02,Sub02_H,healthy,1,2,left,2,unassigned_steady_or_transition,5944,6064,120,1.170000000000016,580.2365
Sub02_H_T02_L_C03,Sub02_H,healthy,1,2,left,3,unassigned_steady_or_transition,6064,6183,119,1.1599999999999682,580.2365
Sub02_H_T02_L_C04,Sub02_H,healthy,1,2,left,4,unassigned_steady_or_transition,6183,6309,126,1.2199999999999704,580.2365
Sub02_H_T02_L_C05,Sub02_H,healthy,1,2,left,5,unassigned_steady_or_transition,6309,6431,122,1.1899999999999977,580.2365
Sub02_H_T02_L_C06,Sub02_H,healthy,1,2,left,6,unassigned_steady_or_transition,6431,6558,127,1.2399999999999523,580.2365
Sub02_H_T02_L_C07,Sub02_H,healthy,1,2,left,7,unassigned_steady_or_transition,6558,6678,120,1.169999999999959,580.2365
Sub02_H_T02_L_C08,Sub02_H,healthy,1,2,left,8,unassigned_steady_or_transition,6678,6797,119,1.160000000000025,580.2365
Sub02_H_T02_L_C09,Sub02_H,healthy,1,2,left,9,unassigned_steady_or_transition,6797,6921,124,1.2099999999999795,580.2365
Sub02_H_T02_L_C10,Sub02_H,healthy,1,2,left,10,gait_termination,6921,7047,126,1.2299999999999613,580.2365
Sub02_H_T02_R_C01,Sub02_H,healthy,1,2,right,1,gait_initiation,5826,5952,126,1.2199999999999704,-356.685
Sub02_H_T02_R_C02,Sub02_H,healthy,1,2,right,2,unassigned_steady_or_transition,5952,6036,84,0.8199999999999932,-356.685
Sub02_H_T02_R_C03,Sub02_H,healthy,1,2,right,3,unassigned_steady_or_transition,6036,6153,117,1.1399999999999864,-356.685
Sub02_H_T02_R_C04,Sub02_H,healthy,1,2,right,4,unassigned_steady_or_transition,6153,6315,162,1.5699999999999932,-356.685
Sub02_H_T02_R_C05,Sub02_H,healthy,1,2,right,5,unassigned_steady_or_transition,6315,6399,84,0.8199999999999932,-356.685
Sub02_H_T02_R_C06,Sub02_H,healthy,1,2,right,6,unassigned_steady_or_transition,6399,6521,122,1.1899999999999977,-356.685
Sub02_H_T02_R_C07,Sub02_H,healthy,1,2,right,7,unassigned_steady_or_transition,6521,6641,120,1.169999999999959,-356.685
Sub02_H_T02_R_C08,Sub02_H,healthy,1,2,right,8,unassigned_steady_or_transition,6641,6758,117,1.1399999999999864,-356.685
Sub02_H_T02_R_C09,Sub02_H,healthy,1,2,right,9,unassigned_steady_or_transition,6758,6888,130,1.2699999999999818,-356.685
Sub02_H_T02_R_C10,Sub02_H,healthy,1,2,right,10,gait_termination,6888,7009,121,1.17999999999995,-356.685
Sub02_H_T03_L_C01,Sub02_H,healthy,1,3,left,1,gait_initiation,11381,11510,129,1.2699999999999818,-627.6345
Sub02_H_T03_L_C02,Sub02_H,healthy,1,3,left,2,unassigned_steady_or_transition,11510,11627,117,1.1400000000000432,-627.6345
Sub02_H_T03_L_C03,Sub02_H,healthy,1,3,left,3,unassigned_steady_or_transition,11627,11749,122,1.1899999999999977,-627.6345
Sub02_H_T03_L_C04,Sub02_H,healthy,1,3,left,4,unassigned_steady_or_transition,11749,11833,84,0.8100000000000023,-627.6345
Sub02_H_T03_L_C05,Sub02_H,healthy,1,3,left,5,unassigned_steady_or_transition,11833,12000,167,1.6299999999999955,-627.6345
Sub02_H_T03_L_C06,Sub02_H,healthy,1,3,left,6,unassigned_steady_or_transition,12000,12123,123,1.1999999999999886,-627.6345
Sub02_H_T03_L_C07,Sub02_H,healthy,1,3,left,7,unassigned_steady_or_transition,12123,12252,129,1.25,-627.6345
Sub02_H_T03_L_C08,Sub02_H,healthy,1,3,left,8,unassigned_steady_or_transition,12252,12383,131,1.2699999999999818,-627.6345
Sub02_H_T03_L_C09,Sub02_H,healthy,1,3,left,9,unassigned_steady_or_transition,12383,12502,119,1.160000000000025,-627.6345
Sub02_H_T03_L_C10,Sub02_H,healthy,1,3,left,10,gait_termination,12502,12626,124,1.1999999999999886,-627.6345
Sub02_H_T03_R_C01,Sub02_H,healthy,1,3,right,1,gait_initiation,11374,11505,131,1.2899999999999636,357.0
Sub02_H_T03_R_C02,Sub02_H,healthy,1,3,right,2,unassigned_steady_or_transition,11505,11623,118,1.1499999999999773,357.0
Sub02_H_T03_R_C03,Sub02_H,healthy,1,3,right,3,unassigned_steady_or_transition,11623,11744,121,1.1800000000000068,357.0
Sub02_H_T03_R_C04,Sub02_H,healthy,1,3,right,4,unassigned_steady_or_transition,11744,11867,123,1.1899999999999977,357.0
Sub02_H_T03_R_C05,Sub02_H,healthy,1,3,right,5,unassigned_steady_or_transition,11867,11996,129,1.259999999999991,357.0
Sub02_H_T03_R_C06,Sub02_H,healthy,1,3,right,6,unassigned_steady_or_transition,11996,12120,124,1.2099999999999795,357.0
Sub02_H_T03_R_C07,Sub02_H,healthy,1,3,right,7,unassigned_steady_or_transition,12120,12249,129,1.25,357.0
Sub02_H_T03_R_C08,Sub02_H,healthy,1,3,right,8,unassigned_steady_or_transition,12249,12378,129,1.25,357.0
Sub02_H_T03_R_C09,Sub02_H,healthy,1,3,right,9,unassigned_steady_or_transition,12378,12499,121,1.1800000000000068,357.0
Sub02_H_T03_R_C10,Sub02_H,healthy,1,3,right,10,gait_termination,12499,12623,124,1.1999999999999886,357.0
Sub02_H_T04_L_C01,Sub02_H,healthy,1,4,left,1,gait_initiation,14518,14630,112,1.0900000000000318,599.8927
Sub02_H_T04_L_C02,Sub02_H,healthy,1,4,left,2,unassigned_steady_or_transition,14630,14751,121,1.17999999999995,599.8927
Sub02_H_T04_L_C03,Sub02_H,healthy,1,4,left,3,unassigned_steady_or_transition,14751,14875,124,1.2100000000000364,599.8927
Sub02_H_T04_L_C04,Sub02_H,healthy,1,4,left,4,unassigned_steady_or_transition,14875,14998,123,1.1900000000000546,599.8927
Sub02_H_T04_L_C05,Sub02_H,healthy,1,4,left,5,unassigned_steady_or_transition,14998,15122,124,1.1999999999999318,599.8927
Sub02_H_T04_L_C06,Sub02_H,healthy,1,4,left,6,unassigned_steady_or_transition,15122,15251,129,1.2699999999999818,599.8927
Sub02_H_T04_L_C07,Sub02_H,healthy,1,4,left,7,unassigned_steady_or_transition,15251,15365,114,1.1100000000000136,599.8927
Sub02_H_T04_L_C08,Sub02_H,healthy,1,4,left,8,unassigned_steady_or_transition,15365,15484,119,1.1599999999999682,599.8927
Sub02_H_T04_L_C09,Sub02_H,healthy,1,4,left,9,unassigned_steady_or_transition,15484,15604,120,1.169999999999959,599.8927
Sub02_H_T04_L_C10,Sub02_H,healthy,1,4,left,10,gait_termination,15604,15725,121,1.17999999999995,599.8927
Sub02_H_T04_R_C01,Sub02_H,healthy,1,4,right,1,gait_initiation,14573,14689,116,1.1300000000001091,339.9200000000001
Sub02_H_T04_R_C02,Sub02_H,healthy,1,4,right,2,unassigned_steady_or_transition,14689,14813,124,1.2099999999999227,339.9200000000001
Sub02_H_T04_R_C03,Sub02_H,healthy,1,4,right,3,unassigned_steady_or_transition,14813,14936,123,1.2000000000000455,339.9200000000001
Sub02_H_T04_R_C04,Sub02_H,healthy,1,4,right,4,unassigned_steady_or_transition,14936,15058,122,1.17999999999995,339.9200000000001
Sub02_H_T04_R_C05,Sub02_H,healthy,1,4,right,5,unassigned_steady_or_transition,15058,15185,127,1.2399999999998954,339.9200000000001
Sub02_H_T04_R_C06,Sub02_H,healthy,1,4,right,6,unassigned_steady_or_transition,15185,15309,124,1.2099999999999227,339.9200000000001
Sub02_H_T04_R_C07,Sub02_H,healthy,1,4,right,7,unassigned_steady_or_transition,15309,15424,115,1.1200000000000045,339.9200000000001
Sub02_H_T04_R_C08,Sub02_H,healthy,1,4,right,8,unassigned_steady_or_transition,15424,15543,119,1.1600000000000819,339.9200000000001
Sub02_H_T04_R_C09,Sub02_H,healthy,1,4,right,9,gait_termination,15543,15661,118,1.1499999999999773,339.9200000000001
Sub02_H_T05_L_C01,Sub02_H,healthy,1,5,left,1,gait_initiation,17732,17814,82,0.7999999999999545,-638.48685
Sub02_H_T05_L_C02,Sub02_H,healthy,1,5,left,2,unassigned_steady_or_transition,17814,17917,103,1.009999999999991,-638.48685
Sub02_H_T05_L_C03,Sub02_H,healthy,1,5,left,3,unassigned_steady_or_transition,17917,18064,147,1.4400000000000546,-638.48685
Sub02_H_T05_L_C04,Sub02_H,healthy,1,5,left,4,unassigned_steady_or_transition,18064,18180,116,1.1299999999999955,-638.48685
Sub02_H_T05_L_C05,Sub02_H,healthy,1,5,left,5,unassigned_steady_or_transition,18180,18262,82,0.7999999999999545,-638.48685
Sub02_H_T05_L_C06,Sub02_H,healthy,1,5,left,6,unassigned_steady_or_transition,18262,18418,156,1.5200000000000955,-638.48685
Sub02_H_T05_L_C07,Sub02_H,healthy,1,5,left,7,unassigned_steady_or_transition,18418,18548,130,1.259999999999991,-638.48685
Sub02_H_T05_L_C08,Sub02_H,healthy,1,5,left,8,unassigned_steady_or_transition,18548,18673,125,1.2100000000000364,-638.48685
Sub02_H_T05_L_C09,Sub02_H,healthy,1,5,left,9,unassigned_steady_or_transition,18673,18796,123,1.1999999999999318,-638.48685
Sub02_H_T05_L_C10,Sub02_H,healthy,1,5,left,10,gait_termination,18796,18916,120,1.1700000000000728,-638.48685
Sub02_H_T05_R_C01,Sub02_H,healthy,1,5,right,1,gait_initiation,17724,17837,113,1.1200000000000045,347.70000000000005
Sub02_H_T05_R_C02,Sub02_H,healthy,1,5,right,2,unassigned_steady_or_transition,17837,17946,109,1.0599999999999454,347.70000000000005
Sub02_H_T05_R_C03,Sub02_H,healthy,1,5,right,3,unassigned_steady_or_transition,17946,18059,113,1.1100000000000136,347.70000000000005
Sub02_H_T05_R_C04,Sub02_H,healthy,1,5,right,4,unassigned_steady_or_transition,18059,18172,113,1.1000000000000227,347.70000000000005
Sub02_H_T05_R_C05,Sub02_H,healthy,1,5,right,5,unassigned_steady_or_transition,18172,18293,121,1.1800000000000637,347.70000000000005
Sub02_H_T05_R_C06,Sub02_H,healthy,1,5,right,6,unassigned_steady_or_transition,18293,18414,121,1.17999999999995,347.70000000000005
Sub02_H_T05_R_C07,Sub02_H,healthy,1,5,right,7,unassigned_steady_or_transition,18414,18548,134,1.3000000000000682,347.70000000000005
Sub02_H_T05_R_C08,Sub02_H,healthy,1,5,right,8,unassigned_steady_or_transition,18548,18668,120,1.1599999999999682,347.70000000000005
Sub02_H_T05_R_C09,Sub02_H,healthy,1,5,right,9,unassigned_steady_or_transition,18668,18789,121,1.1800000000000637,347.70000000000005
Sub02_H_T05_R_C10,Sub02_H,healthy,1,5,right,10,gait_termination,18789,18913,124,1.2099999999999227,347.70000000000005
Sub02_H_T06_L_C01,Sub02_H,healthy,1,6,left,1,gait_initiation,20680,20773,93,0.9099999999999682,605.4745
Sub02_H_T06_L_C02,Sub02_H,healthy,1,6,left,2,unassigned_steady_or_transition,20773,20885,112,1.0900000000000318,605.4745
Sub02_H_T06_L_C03,Sub02_H,healthy,1,6,left,3,unassigned_steady_or_transition,20885,20994,109,1.0599999999999454,605.4745
Sub02_H_T06_L_C04,Sub02_H,healthy,1,6,left,4,unassigned_steady_or_transition,20994,21114,120,1.1700000000000728,605.4745
Sub02_H_T06_L_C05,Sub02_H,healthy,1,6,left,5,unassigned_steady_or_transition,21114,21237,123,1.1899999999999409,605.4745
Sub02_H_T06_L_C06,Sub02_H,healthy,1,6,left,6,unassigned_steady_or_transition,21237,21360,123,1.2100000000000364,605.4745
Sub02_H_T06_L_C07,Sub02_H,healthy,1,6,left,7,unassigned_steady_or_transition,21360,21478,118,1.1499999999999773,605.4745
Sub02_H_T06_L_C08,Sub02_H,healthy,1,6,left,8,unassigned_steady_or_transition,21478,21599,121,1.1700000000000728,605.4745
Sub02_H_T06_L_C09,Sub02_H,healthy,1,6,left,9,unassigned_steady_or_transition,21599,21722,123,1.1999999999999318,605.4745
Sub02_H_T06_L_C10,Sub02_H,healthy,1,6,left,10,gait_termination,21722,21845,123,1.1999999999999318,605.4745
Sub02_H_T06_R_C01,Sub02_H,healthy,1,6,right,1,gait_initiation,20679,20888,209,2.0499999999999545,-426.4
Sub02_H_T06_R_C02,Sub02_H,healthy,1,6,right,2,unassigned_steady_or_transition,20888,20966,78,0.7599999999999909,-426.4
Sub02_H_T06_R_C03,Sub02_H,healthy,1,6,right,3,unassigned_steady_or_transition,20966,21081,115,1.1200000000000045,-426.4
Sub02_H_T06_R_C04,Sub02_H,healthy,1,6,right,4,unassigned_steady_or_transition,21081,21208,127,1.2300000000000182,-426.4
Sub02_H_T06_R_C05,Sub02_H,healthy,1,6,right,5,unassigned_steady_or_transition,21208,21322,114,1.1200000000000045,-426.4
Sub02_H_T06_R_C06,Sub02_H,healthy,1,6,right,6,unassigned_steady_or_transition,21322,21443,121,1.1800000000000637,-426.4
Sub02_H_T06_R_C07,Sub02_H,healthy,1,6,right,7,unassigned_steady_or_transition,21443,21559,116,1.1299999999999955,-426.4
Sub02_H_T06_R_C08,Sub02_H,healthy,1,6,right,8,unassigned_steady_or_transition,21559,21685,126,1.2200000000000273,-426.4
Sub02_H_T06_R_C09,Sub02_H,healthy,1,6,right,9,gait_termination,21685,21807,122,1.1899999999999409,-426.4
Sub02_H_T07_L_C01,Sub02_H,healthy,1,7,left,1,gait_initiation,23670,23782,112,1.1000000000000227,-662.6225999999999
Sub02_H_T07_L_C02,Sub02_H,healthy,1,7,left,2,unassigned_steady_or_transition,23782,23856,74,0.7200000000000273,-662.6225999999999
Sub02_H_T07_L_C03,Sub02_H,healthy,1,7,left,3,unassigned_steady_or_transition,23856,24005,149,1.4600000000000364,-662.6225999999999
Sub02_H_T07_L_C04,Sub02_H,healthy,1,7,left,4,unassigned_steady_or_transition,24005,24086,81,0.7799999999999727,-662.6225999999999
Sub02_H_T07_L_C05,Sub02_H,healthy,1,7,left,5,unassigned_steady_or_transition,24086,24199,113,1.1000000000000227,-662.6225999999999
Sub02_H_T07_L_C06,Sub02_H,healthy,1,7,left,6,unassigned_steady_or_transition,24199,24348,149,1.4500000000000455,-662.6225999999999
Sub02_H_T07_L_C07,Sub02_H,healthy,1,7,left,7,unassigned_steady_or_transition,24348,24476,128,1.25,-662.6225999999999
Sub02_H_T07_L_C08,Sub02_H,healthy,1,7,left,8,unassigned_steady_or_transition,24476,24608,132,1.2799999999999727,-662.6225999999999
Sub02_H_T07_L_C09,Sub02_H,healthy,1,7,left,9,unassigned_steady_or_transition,24608,24731,123,1.2000000000000455,-662.6225999999999
Sub02_H_T07_L_C10,Sub02_H,healthy,1,7,left,10,gait_termination,24731,24853,122,1.1899999999999409,-662.6225999999999
Sub02_H_T07_R_C01,Sub02_H,healthy,1,7,right,1,gait_initiation,23556,23662,106,1.0399999999999636,341.85
Sub02_H_T07_R_C02,Sub02_H,healthy,1,7,right,2,unassigned_steady_or_transition,23662,23777,115,1.1200000000000045,341.85
Sub02_H_T07_R_C03,Sub02_H,healthy,1,7,right,3,unassigned_steady_or_transition,23777,23887,110,1.0799999999999272,341.85
Sub02_H_T07_R_C04,Sub02_H,healthy,1,7,right,4,unassigned_steady_or_transition,23887,24000,113,1.1000000000000227,341.85
Sub02_H_T07_R_C05,Sub02_H,healthy,1,7,right,5,unassigned_steady_or_transition,24000,24113,113,1.1000000000000227,341.85
Sub02_H_T07_R_C06,Sub02_H,healthy,1,7,right,6,unassigned_steady_or_transition,24113,24229,116,1.1299999999999955,341.85
Sub02_H_T07_R_C07,Sub02_H,healthy,1,7,right,7,unassigned_steady_or_transition,24229,24347,118,1.1499999999999773,341.85
Sub02_H_T07_R_C08,Sub02_H,healthy,1,7,right,8,unassigned_steady_or_transition,24347,24472,125,1.2199999999999136,341.85
Sub02_H_T07_R_C09,Sub02_H,healthy,1,7,right,9,unassigned_steady_or_transition,24472,24602,130,1.259999999999991,341.85
Sub02_H_T07_R_C10,Sub02_H,healthy,1,7,right,10,unassigned_steady_or_transition,24602,24724,122,1.1899999999999409,341.85
Sub02_H_T07_R_C11,Sub02_H,healthy,1,7,right,11,gait_termination,24724,24850,126,1.2300000000000182,341.85
Sub02_H_T08_L_C01,Sub02_H,healthy,1,8,left,1,gait_initiation,26502,26626,124,1.2100000000000364,589.327
Sub02_H_T08_L_C02,Sub02_H,healthy,1,8,left,2,unassigned_steady_or_transition,26626,26746,120,1.169999999999959,589.327
Sub02_H_T08_L_C03,Sub02_H,healthy,1,8,left,3,unassigned_steady_or_transition,26746,26871,125,1.2200000000000273,589.327
Sub02_H_T08_L_C04,Sub02_H,healthy,1,8,left,4,unassigned_steady_or_transition,26871,26994,123,1.1899999999999409,589.327
Sub02_H_T08_L_C05,Sub02_H,healthy,1,8,left,5,unassigned_steady_or_transition,26994,27114,120,1.1700000000000728,589.327
Sub02_H_T08_L_C06,Sub02_H,healthy,1,8,left,6,unassigned_steady_or_transition,27114,27246,132,1.2899999999999636,589.327
Sub02_H_T08_L_C07,Sub02_H,healthy,1,8,left,7,unassigned_steady_or_transition,27246,27362,116,1.1299999999999955,589.327
Sub02_H_T08_L_C08,Sub02_H,healthy,1,8,left,8,unassigned_steady_or_transition,27362,27478,116,1.1199999999998909,589.327
Sub02_H_T08_L_C09,Sub02_H,healthy,1,8,left,9,unassigned_steady_or_transition,27478,27601,123,1.1899999999999409,589.327
Sub02_H_T08_L_C10,Sub02_H,healthy,1,8,left,10,gait_termination,27601,27721,120,1.1700000000000728,589.327
Sub02_H_T08_R_C01,Sub02_H,healthy,1,8,right,1,gait_initiation,26565,26685,120,1.169999999999959,366.0100000000001
Sub02_H_T08_R_C02,Sub02_H,healthy,1,8,right,2,unassigned_steady_or_transition,26685,26809,124,1.2000000000000455,366.0100000000001
Sub02_H_T08_R_C03,Sub02_H,healthy,1,8,right,3,unassigned_steady_or_transition,26809,26933,124,1.2100000000000364,366.0100000000001
Sub02_H_T08_R_C04,Sub02_H,healthy,1,8,right,4,unassigned_steady_or_transition,26933,27054,121,1.17999999999995,366.0100000000001
Sub02_H_T08_R_C05,Sub02_H,healthy,1,8,right,5,unassigned_steady_or_transition,27054,27179,125,1.2200000000000273,366.0100000000001
Sub02_H_T08_R_C06,Sub02_H,healthy,1,8,right,6,unassigned_steady_or_transition,27179,27302,123,1.2000000000000455,366.0100000000001
Sub02_H_T08_R_C07,Sub02_H,healthy,1,8,right,7,unassigned_steady_or_transition,27302,27418,116,1.1299999999999955,366.0100000000001
Sub02_H_T08_R_C08,Sub02_H,healthy,1,8,right,8,unassigned_steady_or_transition,27418,27538,120,1.169999999999959,366.0100000000001
Sub02_H_T08_R_C09,Sub02_H,healthy,1,8,right,9,unassigned_steady_or_transition,27538,27658,120,1.1700000000000728,366.0100000000001
Sub02_H_T08_R_C10,Sub02_H,healthy,1,8,right,10,gait_termination,27658,27783,125,1.2200000000000273,366.0100000000001
Sub02_H_T09_L_C01,Sub02_H,healthy,1,9,left,1,gait_initiation,29657,29774,117,1.150000000000091,-643.9095
Sub02_H_T09_L_C02,Sub02_H,healthy,1,9,left,2,unassigned_steady_or_transition,29774,29889,115,1.1299999999999955,-643.9095
Sub02_H_T09_L_C03,Sub02_H,healthy,1,9,left,3,unassigned_steady_or_transition,29889,29973,84,0.8099999999999454,-643.9095
Sub02_H_T09_L_C04,Sub02_H,healthy,1,9,left,4,unassigned_steady_or_transition,29973,30093,120,1.1700000000000728,-643.9095
Sub02_H_T09_L_C05,Sub02_H,healthy,1,9,left,5,unassigned_steady_or_transition,30093,30260,167,1.6299999999999955,-643.9095
Sub02_H_T09_L_C06,Sub02_H,healthy,1,9,left,6,unassigned_steady_or_transition,30260,30374,114,1.1100000000000136,-643.9095
Sub02_H_T09_L_C07,Sub02_H,healthy,1,9,left,7,unassigned_steady_or_transition,30374,30491,117,1.1299999999999955,-643.9095
Sub02_H_T09_L_C08,Sub02_H,healthy,1,9,left,8,unassigned_steady_or_transition,30491,30611,120,1.169999999999959,-643.9095
Sub02_H_T09_L_C09,Sub02_H,healthy,1,9,left,9,unassigned_steady_or_transition,30611,30731,120,1.1599999999999682,-643.9095
Sub02_H_T09_L_C10,Sub02_H,healthy,1,9,left,10,gait_termination,30731,30853,122,1.17999999999995,-643.9095
Sub02_H_T09_R_C01,Sub02_H,healthy,1,9,right,1,gait_initiation,29679,29793,114,1.1200000000000045,-402.87999999999994
Sub02_H_T09_R_C02,Sub02_H,healthy,1,9,right,2,unassigned_steady_or_transition,29793,29911,118,1.1499999999999773,-402.87999999999994
Sub02_H_T09_R_C03,Sub02_H,healthy,1,9,right,3,unassigned_steady_or_transition,29911,30035,124,1.2099999999999227,-402.87999999999994
Sub02_H_T09_R_C04,Sub02_H,healthy,1,9,right,4,unassigned_steady_or_transition,30035,30152,117,1.1399999999999864,-402.87999999999994
Sub02_H_T09_R_C05,Sub02_H,healthy,1,9,right,5,unassigned_steady_or_transition,30152,30201,49,0.4700000000000273,-402.87999999999994
Sub02_H_T09_R_C06,Sub02_H,healthy,1,9,right,6,unassigned_steady_or_transition,30201,30317,116,1.1299999999999955,-402.87999999999994
Sub02_H_T09_R_C07,Sub02_H,healthy,1,9,right,7,unassigned_steady_or_transition,30317,30391,74,0.7200000000000273,-402.87999999999994
Sub02_H_T09_R_C08,Sub02_H,healthy,1,9,right,8,unassigned_steady_or_transition,30391,30518,127,1.2300000000000182,-402.87999999999994
Sub02_H_T09_R_C09,Sub02_H,healthy,1,9,right,9,unassigned_steady_or_transition,30518,30639,121,1.1800000000000637,-402.87999999999994
Sub02_H_T09_R_C10,Sub02_H,healthy,1,9,right,10,gait_termination,30639,30762,123,1.1999999999999318,-402.87999999999994
Sub02_H_T10_L_C01,Sub02_H,healthy,1,10,left,1,gait_initiation,32320,32439,119,1.1599999999999682,604.3106
Sub02_H_T10_L_C02,Sub02_H,healthy,1,10,left,2,unassigned_steady_or_transition,32439,32558,119,1.1600000000000819,604.3106
Sub02_H_T10_L_C03,Sub02_H,healthy,1,10,left,3,unassigned_steady_or_transition,32558,32680,122,1.17999999999995,604.3106
Sub02_H_T10_L_C04,Sub02_H,healthy,1,10,left,4,unassigned_steady_or_transition,32680,32797,117,1.1399999999999864,604.3106
Sub02_H_T10_L_C05,Sub02_H,healthy,1,10,left,5,unassigned_steady_or_transition,32797,32920,123,1.2000000000000455,604.3106
Sub02_H_T10_L_C06,Sub02_H,healthy,1,10,left,6,unassigned_steady_or_transition,32920,33046,126,1.2300000000000182,604.3106
Sub02_H_T10_L_C07,Sub02_H,healthy,1,10,left,7,unassigned_steady_or_transition,33046,33168,122,1.1899999999999409,604.3106
Sub02_H_T10_L_C08,Sub02_H,healthy,1,10,left,8,unassigned_steady_or_transition,33168,33288,120,1.169999999999959,604.3106
Sub02_H_T10_L_C09,Sub02_H,healthy,1,10,left,9,unassigned_steady_or_transition,33288,33412,124,1.2100000000000364,604.3106
Sub02_H_T10_L_C10,Sub02_H,healthy,1,10,left,10,gait_termination,33412,33530,118,1.1499999999999773,604.3106
Sub02_H_T10_R_C01,Sub02_H,healthy,1,10,right,1,gait_initiation,32325,32445,120,1.1700000000000728,-382.32
Sub02_H_T10_R_C02,Sub02_H,healthy,1,10,right,2,unassigned_steady_or_transition,32445,32528,83,0.7999999999999545,-382.32
Sub02_H_T10_R_C03,Sub02_H,healthy,1,10,right,3,unassigned_steady_or_transition,32528,32685,157,1.5299999999999727,-382.32
Sub02_H_T10_R_C04,Sub02_H,healthy,1,10,right,4,unassigned_steady_or_transition,32685,32802,117,1.1399999999999864,-382.32
Sub02_H_T10_R_C05,Sub02_H,healthy,1,10,right,5,unassigned_steady_or_transition,32802,32886,84,0.8199999999999363,-382.32
Sub02_H_T10_R_C06,Sub02_H,healthy,1,10,right,6,unassigned_steady_or_transition,32886,33023,137,1.330000000000041,-382.32
Sub02_H_T10_R_C07,Sub02_H,healthy,1,10,right,7,unassigned_steady_or_transition,33023,33136,113,1.1100000000000136,-382.32
Sub02_H_T10_R_C08,Sub02_H,healthy,1,10,right,8,unassigned_steady_or_transition,33136,33248,112,1.1000000000000227,-382.32
Sub02_H_T10_R_C09,Sub02_H,healthy,1,10,right,9,unassigned_steady_or_transition,33248,33378,130,1.2699999999999818,-382.32
Sub02_H_T10_R_C10,Sub02_H,healthy,1,10,right,10,gait_termination,33378,33493,115,1.1200000000000045,-382.32
Sub02_H_T11_L_C01,Sub02_H,healthy,1,11,left,1,gait_initiation,35730,35839,109,1.0699999999999363,-648.4655
Sub02_H_T11_L_C02,Sub02_H,healthy,1,11,left,2,unassigned_steady_or_transition,35839,35951,112,1.1000000000000227,-648.4655
Sub02_H_T11_L_C03,Sub02_H,healthy,1,11,left,3,unassigned_steady_or_transition,35951,36076,125,1.2200000000000273,-648.4655
Sub02_H_T11_L_C04,Sub02_H,healthy,1,11,left,4,unassigned_steady_or_transition,36076,36166,90,0.8700000000000045,-648.4655
Sub02_H_T11_L_C05,Sub02_H,healthy,1,11,left,5,unassigned_steady_or_transition,36166,36292,126,1.2300000000000182,-648.4655
Sub02_H_T11_L_C06,Sub02_H,healthy,1,11,left,6,unassigned_steady_or_transition,36292,36464,172,1.67999999999995,-648.4655
Sub02_H_T11_L_C07,Sub02_H,healthy,1,11,left,7,unassigned_steady_or_transition,36464,36595,131,1.2699999999999818,-648.4655
Sub02_H_T11_L_C08,Sub02_H,healthy,1,11,left,8,unassigned_steady_or_transition,36595,36719,124,1.1999999999999318,-648.4655
Sub02_H_T11_L_C09,Sub02_H,healthy,1,11,left,9,unassigned_steady_or_transition,36719,36840,121,1.169999999999959,-648.4655
Sub02_H_T11_L_C10,Sub02_H,healthy,1,11,left,10,gait_termination,36840,36965,125,1.2200000000000273,-648.4655
Sub02_H_T11_R_C01,Sub02_H,healthy,1,11,right,1,gait_initiation,35614,35725,111,1.0900000000000318,337.45000000000005
Sub02_H_T11_R_C02,Sub02_H,healthy,1,11,right,2,unassigned_steady_or_transition,35725,35832,107,1.0500000000000682,337.45000000000005
Sub02_H_T11_R_C03,Sub02_H,healthy,1,11,right,3,unassigned_steady_or_transition,35832,35945,113,1.1100000000000136,337.45000000000005
Sub02_H_T11_R_C04,Sub02_H,healthy,1,11,right,4,unassigned_steady_or_transition,35945,36069,124,1.2099999999999227,337.45000000000005
Sub02_H_T11_R_C05,Sub02_H,healthy,1,11,right,5,unassigned_steady_or_transition,36069,36193,124,1.2100000000000364,337.45000000000005
Sub02_H_T11_R_C06,Sub02_H,healthy,1,11,right,6,unassigned_steady_or_transition,36193,36323,130,1.2699999999999818,337.45000000000005
Sub02_H_T11_R_C07,Sub02_H,healthy,1,11,right,7,unassigned_steady_or_transition,36323,36458,135,1.32000000000005,337.45000000000005
Sub02_H_T11_R_C08,Sub02_H,healthy,1,11,right,8,unassigned_steady_or_transition,36458,36587,129,1.25,337.45000000000005
Sub02_H_T11_R_C09,Sub02_H,healthy,1,11,right,9,unassigned_steady_or_transition,36587,36711,124,1.2000000000000455,337.45000000000005
Sub02_H_T11_R_C10,Sub02_H,healthy,1,11,right,10,unassigned_steady_or_transition,36711,36834,123,1.1899999999999409,337.45000000000005
Sub02_H_T11_R_C11,Sub02_H,healthy,1,11,right,11,gait_termination,36834,36961,127,1.2399999999998954,337.45000000000005
Sub02_H_T12_L_C01,Sub02_H,healthy,1,12,left,1,gait_initiation,38444,38573,129,1.259999999999991,606.9929
Sub02_H_T12_L_C02,Sub02_H,healthy,1,12,left,2,unassigned_steady_or_transition,38573,38694,121,1.169999999999959,606.9929
Sub02_H_T12_L_C03,Sub02_H,healthy,1,12,left,3,unassigned_steady_or_transition,38694,38819,125,1.2200000000000273,606.9929
Sub02_H_T12_L_C04,Sub02_H,healthy,1,12,left,4,unassigned_steady_or_transition,38819,38941,122,1.17999999999995,606.9929
Sub02_H_T12_L_C05,Sub02_H,healthy,1,12,left,5,unassigned_steady_or_transition,38941,39065,124,1.2100000000000364,606.9929
Sub02_H_T12_L_C06,Sub02_H,healthy,1,12,left,6,unassigned_steady_or_transition,39065,39191,126,1.2200000000000273,606.9929
Sub02_H_T12_L_C07,Sub02_H,healthy,1,12,left,7,unassigned_steady_or_transition,39191,39313,122,1.17999999999995,606.9929
Sub02_H_T12_L_C08,Sub02_H,healthy,1,12,left,8,unassigned_steady_or_transition,39313,39436,123,1.1899999999999409,606.9929
Sub02_H_T12_L_C09,Sub02_H,healthy,1,12,left,9,unassigned_steady_or_transition,39436,39559,123,1.2000000000000455,606.9929
Sub02_H_T12_L_C10,Sub02_H,healthy,1,12,left,10,gait_termination,39559,39676,117,1.1399999999999864,606.9929
Sub02_H_T12_R_C01,Sub02_H,healthy,1,12,right,1,gait_initiation,38429,38577,148,1.4400000000000546,-384.91499999999996
Sub02_H_T12_R_C02,Sub02_H,healthy,1,12,right,2,unassigned_steady_or_transition,38577,38703,126,1.2200000000000273,-384.91499999999996
Sub02_H_T12_R_C03,Sub02_H,healthy,1,12,right,3,unassigned_steady_or_transition,38703,38797,94,0.9199999999999591,-384.91499999999996
Sub02_H_T12_R_C04,Sub02_H,healthy,1,12,right,4,unassigned_steady_or_transition,38797,38944,147,1.4300000000000637,-384.91499999999996
Sub02_H_T12_R_C05,Sub02_H,healthy,1,12,right,5,unassigned_steady_or_transition,38944,39028,84,0.8099999999999454,-384.91499999999996
Sub02_H_T12_R_C06,Sub02_H,healthy,1,12,right,6,unassigned_steady_or_transition,39028,39152,124,1.2100000000000364,-384.91499999999996
Sub02_H_T12_R_C07,Sub02_H,healthy,1,12,right,7,unassigned_steady_or_transition,39152,39278,126,1.2200000000000273,-384.91499999999996
Sub02_H_T12_R_C08,Sub02_H,healthy,1,12,right,8,unassigned_steady_or_transition,39278,39399,121,1.169999999999959,-384.91499999999996
Sub02_H_T12_R_C09,Sub02_H,healthy,1,12,right,9,unassigned_steady_or_transition,39399,39532,133,1.3000000000000682,-384.91499999999996
Sub02_H_T12_R_C10,Sub02_H,healthy,1,12,right,10,gait_termination,39532,39640,108,1.0499999999999545,-384.91499999999996
Sub02_H_T13_L_C01,Sub02_H,healthy,1,13,left,1,gait_initiation,41643,41772,129,1.259999999999991,-645.3935
Sub02_H_T13_L_C02,Sub02_H,healthy,1,13,left,2,unassigned_steady_or_transition,41772,41849,77,0.75,-645.3935
Sub02_H_T13_L_C03,Sub02_H,healthy,1,13,left,3,unassigned_steady_or_transition,41849,42005,156,1.5200000000000955,-645.3935
Sub02_H_T13_L_C04,Sub02_H,healthy,1,13,left,4,unassigned_steady_or_transition,42005,42127,122,1.17999999999995,-645.3935
Sub02_H_T13_L_C05,Sub02_H,healthy,1,13,left,5,unassigned_steady_or_transition,42127,42245,118,1.1499999999999773,-645.3935
Sub02_H_T13_L_C06,Sub02_H,healthy,1,13,left,6,unassigned_steady_or_transition,42245,42367,122,1.1900000000000546,-645.3935
Sub02_H_T13_L_C07,Sub02_H,healthy,1,13,left,7,unassigned_steady_or_transition,42367,42501,134,1.2999999999999545,-645.3935
Sub02_H_T13_L_C08,Sub02_H,healthy,1,13,left,8,unassigned_steady_or_transition,42501,42618,117,1.1399999999999864,-645.3935
Sub02_H_T13_L_C09,Sub02_H,healthy,1,13,left,9,unassigned_steady_or_transition,42618,42737,119,1.1499999999999773,-645.3935
Sub02_H_T13_L_C10,Sub02_H,healthy,1,13,left,10,gait_termination,42737,42861,124,1.2000000000000455,-645.3935
Sub02_H_T13_R_C01,Sub02_H,healthy,1,13,right,1,gait_initiation,41534,41633,99,0.9800000000000182,330.70000000000005
Sub02_H_T13_R_C02,Sub02_H,healthy,1,13,right,2,unassigned_steady_or_transition,41633,41765,132,1.2900000000000773,330.70000000000005
Sub02_H_T13_R_C03,Sub02_H,healthy,1,13,right,3,unassigned_steady_or_transition,41765,41882,117,1.1399999999999864,330.70000000000005
Sub02_H_T13_R_C04,Sub02_H,healthy,1,13,right,4,unassigned_steady_or_transition,41882,42001,119,1.1599999999999682,330.70000000000005
Sub02_H_T13_R_C05,Sub02_H,healthy,1,13,right,5,unassigned_steady_or_transition,42001,42123,122,1.1800000000000637,330.70000000000005
Sub02_H_T13_R_C06,Sub02_H,healthy,1,13,right,6,unassigned_steady_or_transition,42123,42242,119,1.1599999999999682,330.70000000000005
Sub02_H_T13_R_C07,Sub02_H,healthy,1,13,right,7,unassigned_steady_or_transition,42242,42364,122,1.1900000000000546,330.70000000000005
Sub02_H_T13_R_C08,Sub02_H,healthy,1,13,right,8,unassigned_steady_or_transition,42364,42498,134,1.2999999999999545,330.70000000000005
Sub02_H_T13_R_C09,Sub02_H,healthy,1,13,right,9,unassigned_steady_or_transition,42498,42613,115,1.1200000000000045,330.70000000000005
Sub02_H_T13_R_C10,Sub02_H,healthy,1,13,right,10,unassigned_steady_or_transition,42613,42732,119,1.150000000000091,330.70000000000005
Sub02_H_T13_R_C11,Sub02_H,healthy,1,13,right,11,gait_termination,42732,42857,125,1.2099999999999227,330.70000000000005
Sub02_H_T14_L_C01,Sub02_H,healthy,1,14,left,1,gait_initiation,44356,44473,117,1.1399999999999864,593.7230000000001
Sub02_H_T14_L_C02,Sub02_H,healthy,1,14,left,2,unassigned_steady_or_transition,44473,44584,111,1.0799999999999272,593.7230000000001
Sub02_H_T14_L_C03,Sub02_H,healthy,1,14,left,3,unassigned_steady_or_transition,44584,44703,119,1.1499999999999773,593.7230000000001
Sub02_H_T14_L_C04,Sub02_H,healthy,1,14,left,4,unassigned_steady_or_transition,44703,44820,117,1.1399999999999864,593.7230000000001
Sub02_H_T14_L_C05,Sub02_H,healthy,1,14,left,5,unassigned_steady_or_transition,44820,44944,124,1.1899999999999409,593.7230000000001
Sub02_H_T14_L_C06,Sub02_H,healthy,1,14,left,6,unassigned_steady_or_transition,44944,45064,120,1.1800000000000637,593.7230000000001
Sub02_H_T14_L_C07,Sub02_H,healthy,1,14,left,7,unassigned_steady_or_transition,45064,45185,121,1.169999999999959,593.7230000000001
Sub02_H_T14_L_C08,Sub02_H,healthy,1,14,left,8,unassigned_steady_or_transition,45185,45304,119,1.150000000000091,593.7230000000001
Sub02_H_T14_L_C09,Sub02_H,healthy,1,14,left,9,unassigned_steady_or_transition,45304,45430,126,1.2199999999999136,593.7230000000001
Sub02_H_T14_L_C10,Sub02_H,healthy,1,14,left,10,gait_termination,45430,45556,126,1.2300000000000182,593.7230000000001
Sub02_H_T14_R_C01,Sub02_H,healthy,1,14,right,1,gait_initiation,44411,44526,115,1.1200000000000045,373.15
Sub02_H_T14_R_C02,Sub02_H,healthy,1,14,right,2,unassigned_steady_or_transition,44526,44642,116,1.1200000000000045,373.15
Sub02_H_T14_R_C03,Sub02_H,healthy,1,14,right,3,unassigned_steady_or_transition,44642,44759,117,1.1299999999999955,373.15
Sub02_H_T14_R_C04,Sub02_H,healthy,1,14,right,4,unassigned_steady_or_transition,44759,44879,120,1.1599999999999682,373.15
Sub02_H_T14_R_C05,Sub02_H,healthy,1,14,right,5,unassigned_steady_or_transition,44879,45000,121,1.1800000000000637,373.15
Sub02_H_T14_R_C06,Sub02_H,healthy,1,14,right,6,unassigned_steady_or_transition,45000,45123,123,1.1899999999999409,373.15
Sub02_H_T14_R_C07,Sub02_H,healthy,1,14,right,7,unassigned_steady_or_transition,45123,45245,122,1.169999999999959,373.15
Sub02_H_T14_R_C08,Sub02_H,healthy,1,14,right,8,unassigned_steady_or_transition,45245,45366,121,1.169999999999959,373.15
Sub02_H_T14_R_C09,Sub02_H,healthy,1,14,right,9,unassigned_steady_or_transition,45366,45491,125,1.2100000000000364,373.15
Sub02_H_T14_R_C10,Sub02_H,healthy,1,14,right,10,gait_termination,45491,45623,132,1.2799999999999727,373.15
Sub02_H_T15_L_C01,Sub02_H,healthy,1,15,left,1,gait_initiation,47163,47285,122,1.1900000000000546,-645.6158
Sub02_H_T15_L_C02,Sub02_H,healthy,1,15,left,2,unassigned_steady_or_transition,47285,47411,126,1.2199999999999136,-645.6158
Sub02_H_T15_L_C03,Sub02_H,healthy,1,15,left,3,unassigned_steady_or_transition,47411,47532,121,1.17999999999995,-645.6158
Sub02_H_T15_L_C04,Sub02_H,healthy,1,15,left,4,unassigned_steady_or_transition,47532,47647,115,1.1200000000000045,-645.6158
Sub02_H_T15_L_C05,Sub02_H,healthy,1,15,left,5,unassigned_steady_or_transition,47647,47770,123,1.1900000000000546,-645.6158
Sub02_H_T15_L_C06,Sub02_H,healthy,1,15,left,6,unassigned_steady_or_transition,47770,47897,127,1.2300000000000182,-645.6158
Sub02_H_T15_L_C07,Sub02_H,healthy,1,15,left,7,unassigned_steady_or_transition,47897,48025,128,1.240000000000009,-645.6158
Sub02_H_T15_L_C08,Sub02_H,healthy,1,15,left,8,unassigned_steady_or_transition,48025,48145,120,1.1499999999999773,-645.6158
Sub02_H_T15_L_C09,Sub02_H,healthy,1,15,left,9,unassigned_steady_or_transition,48145,48271,126,1.2100000000000364,-645.6158
Sub02_H_T15_L_C10,Sub02_H,healthy,1,15,left,10,gait_termination,48271,48394,123,1.1899999999999409,-645.6158
Sub02_H_T15_R_C01,Sub02_H,healthy,1,15,right,1,gait_initiation,47200,47309,109,1.0599999999999454,-376.83500000000004
Sub02_H_T15_R_C02,Sub02_H,healthy,1,15,right,2,unassigned_steady_or_transition,47309,47431,122,1.1899999999999409,-376.83500000000004
Sub02_H_T15_R_C03,Sub02_H,healthy,1,15,right,3,unassigned_steady_or_transition,47431,47551,120,1.1599999999999682,-376.83500000000004
Sub02_H_T15_R_C04,Sub02_H,healthy,1,15,right,4,unassigned_steady_or_transition,47551,47677,126,1.2299999999999045,-376.83500000000004
Sub02_H_T15_R_C05,Sub02_H,healthy,1,15,right,5,unassigned_steady_or_transition,47677,47793,116,1.1200000000000045,-376.83500000000004
Sub02_H_T15_R_C06,Sub02_H,healthy,1,15,right,6,unassigned_steady_or_transition,47793,47949,156,1.5100000000001046,-376.83500000000004
Sub02_H_T15_R_C07,Sub02_H,healthy,1,15,right,7,unassigned_steady_or_transition,47949,48087,138,1.3399999999999181,-376.83500000000004
Sub02_H_T15_R_C08,Sub02_H,healthy,1,15,right,8,unassigned_steady_or_transition,48087,48174,87,0.8400000000000318,-376.83500000000004
Sub02_H_T15_R_C09,Sub02_H,healthy,1,15,right,9,unassigned_steady_or_transition,48174,48334,160,1.5500000000000682,-376.83500000000004
Sub02_H_T15_R_C10,Sub02_H,healthy,1,15,right,10,gait_termination,48334,48425,91,0.8700000000000045,-376.83500000000004
Sub02_H_T16_L_C01,Sub02_H,healthy,1,16,left,1,gait_initiation,49912,50013,101,0.9800000000000182,601.313
Sub02_H_T16_L_C02,Sub02_H,healthy,1,16,left,2,unassigned_steady_or_transition,50013,50121,108,1.0499999999999545,601.313
Sub02_H_T16_L_C03,Sub02_H,healthy,1,16,left,3,unassigned_steady_or_transition,50121,50232,111,1.0799999999999272,601.313
Sub02_H_T16_L_C04,Sub02_H,healthy,1,16,left,4,unassigned_steady_or_transition,50232,50345,113,1.0900000000000318,601.313
Sub02_H_T16_L_C05,Sub02_H,healthy,1,16,left,5,unassigned_steady_or_transition,50345,50465,120,1.1599999999999682,601.313
Sub02_H_T16_L_C06,Sub02_H,healthy,1,16,left,6,unassigned_steady_or_transition,50465,50592,127,1.240000000000009,601.313
Sub02_H_T16_L_C07,Sub02_H,healthy,1,16,left,7,unassigned_steady_or_transition,50592,50712,120,1.1599999999999682,601.313
Sub02_H_T16_L_C08,Sub02_H,healthy,1,16,left,8,unassigned_steady_or_transition,50712,50836,124,1.1999999999999318,601.313
Sub02_H_T16_L_C09,Sub02_H,healthy,1,16,left,9,unassigned_steady_or_transition,50836,50956,120,1.169999999999959,601.313
Sub02_H_T16_L_C10,Sub02_H,healthy,1,16,left,10,gait_termination,50956,51079,123,1.1900000000000546,601.313
Sub02_H_T16_R_C01,Sub02_H,healthy,1,16,right,1,gait_initiation,49961,50067,106,1.0299999999999727,344.6
Sub02_H_T16_R_C02,Sub02_H,healthy,1,16,right,2,unassigned_steady_or_transition,50067,50176,109,1.0600000000000591,344.6
Sub02_H_T16_R_C03,Sub02_H,healthy,1,16,right,3,unassigned_steady_or_transition,50176,50287,111,1.080000000000041,344.6
Sub02_H_T16_R_C04,Sub02_H,healthy,1,16,right,4,unassigned_steady_or_transition,50287,50403,116,1.1200000000000045,344.6
Sub02_H_T16_R_C05,Sub02_H,healthy,1,16,right,5,unassigned_steady_or_transition,50403,50526,123,1.1999999999999318,344.6
Sub02_H_T16_R_C06,Sub02_H,healthy,1,16,right,6,unassigned_steady_or_transition,50526,50652,126,1.2300000000000182,344.6
Sub02_H_T16_R_C07,Sub02_H,healthy,1,16,right,7,unassigned_steady_or_transition,50652,50772,120,1.1600000000000819,344.6
Sub02_H_T16_R_C08,Sub02_H,healthy,1,16,right,8,unassigned_steady_or_transition,50772,50894,122,1.17999999999995,344.6
Sub02_H_T16_R_C09,Sub02_H,healthy,1,16,right,9,unassigned_steady_or_transition,50894,51017,123,1.1900000000000546,344.6
Sub02_H_T16_R_C10,Sub02_H,healthy,1,16,right,10,gait_termination,51017,51142,125,1.2199999999999136,344.6
Sub02_H_T17_L_C01,Sub02_H,healthy,1,17,left,1,gait_initiation,52708,52789,81,0.7799999999999727,-670.59475
Sub02_H_T17_L_C02,Sub02_H,healthy,1,17,left,2,unassigned_steady_or_transition,52789,52905,116,1.1299999999999955,-670.59475
Sub02_H_T17_L_C03,Sub02_H,healthy,1,17,left,3,unassigned_steady_or_transition,52905,53018,113,1.099999999999909,-670.59475
Sub02_H_T17_L_C04,Sub02_H,healthy,1,17,left,4,unassigned_steady_or_transition,53018,53166,148,1.4399999999999409,-670.59475
Sub02_H_T17_L_C05,Sub02_H,healthy,1,17,left,5,unassigned_steady_or_transition,53166,53283,117,1.1299999999999955,-670.59475
Sub02_H_T17_L_C06,Sub02_H,healthy,1,17,left,6,unassigned_steady_or_transition,53283,53407,124,1.2000000000000455,-670.59475
Sub02_H_T17_L_C07,Sub02_H,healthy,1,17,left,7,unassigned_steady_or_transition,53407,53528,121,1.169999999999959,-670.59475
Sub02_H_T17_L_C08,Sub02_H,healthy,1,17,left,8,unassigned_steady_or_transition,53528,53664,136,1.32000000000005,-670.59475
Sub02_H_T17_L_C09,Sub02_H,healthy,1,17,left,9,unassigned_steady_or_transition,53664,53749,85,0.82000000000005,-670.59475
Sub02_H_T17_L_C10,Sub02_H,healthy,1,17,left,10,gait_termination,53749,53910,161,1.5599999999999454,-670.59475
Sub02_H_T17_R_C01,Sub02_H,healthy,1,17,right,1,gait_initiation,52600,52700,100,0.9799999999999045,357.63000000000005
Sub02_H_T17_R_C02,Sub02_H,healthy,1,17,right,2,unassigned_steady_or_transition,52700,52815,115,1.1200000000000045,357.63000000000005
Sub02_H_T17_R_C03,Sub02_H,healthy,1,17,right,3,unassigned_steady_or_transition,52815,52930,115,1.1099999999999,357.63000000000005
Sub02_H_T17_R_C04,Sub02_H,healthy,1,17,right,4,unassigned_steady_or_transition,52930,53046,116,1.1299999999999955,357.63000000000005
Sub02_H_T17_R_C05,Sub02_H,healthy,1,17,right,5,unassigned_steady_or_transition,53046,53163,117,1.1399999999999864,357.63000000000005
Sub02_H_T17_R_C06,Sub02_H,healthy,1,17,right,6,unassigned_steady_or_transition,53163,53281,118,1.1399999999999864,357.63000000000005
Sub02_H_T17_R_C07,Sub02_H,healthy,1,17,right,7,unassigned_steady_or_transition,53281,53403,122,1.1800000000000637,357.63000000000005
Sub02_H_T17_R_C08,Sub02_H,healthy,1,17,right,8,unassigned_steady_or_transition,53403,53525,122,1.17999999999995,357.63000000000005
Sub02_H_T17_R_C09,Sub02_H,healthy,1,17,right,9,unassigned_steady_or_transition,53525,53656,131,1.2699999999999818,357.63000000000005
Sub02_H_T17_R_C10,Sub02_H,healthy,1,17,right,10,unassigned_steady_or_transition,53656,53778,122,1.1800000000000637,357.63000000000005
Sub02_H_T17_R_C11,Sub02_H,healthy,1,17,right,11,gait_termination,53778,53903,125,1.2100000000000364,357.63000000000005
Sub02_H_T18_L_C01,Sub02_H,healthy,1,18,left,1,gait_initiation,55624,55746,122,1.1800000000000637,611.63595
Sub02_H_T18_L_C02,Sub02_H,healthy,1,18,left,2,unassigned_steady_or_transition,55746,55864,118,1.1399999999999864,611.63595
Sub02_H_T18_L_C03,Sub02_H,healthy,1,18,left,3,unassigned_steady_or_transition,55864,55985,121,1.169999999999959,611.63595
Sub02_H_T18_L_C04,Sub02_H,healthy,1,18,left,4,unassigned_steady_or_transition,55985,56109,124,1.2000000000000455,611.63595
Sub02_H_T18_L_C05,Sub02_H,healthy,1,18,left,5,unassigned_steady_or_transition,56109,56235,126,1.2200000000000273,611.63595
Sub02_H_T18_L_C06,Sub02_H,healthy,1,18,left,6,unassigned_steady_or_transition,56235,56359,124,1.1999999999999318,611.63595
Sub02_H_T18_L_C07,Sub02_H,healthy,1,18,left,7,unassigned_steady_or_transition,56359,56481,122,1.1800000000000637,611.63595
Sub02_H_T18_L_C08,Sub02_H,healthy,1,18,left,8,unassigned_steady_or_transition,56481,56600,119,1.1599999999999682,611.63595
Sub02_H_T18_L_C09,Sub02_H,healthy,1,18,left,9,unassigned_steady_or_transition,56600,56722,122,1.1800000000000637,611.63595
Sub02_H_T18_L_C10,Sub02_H,healthy,1,18,left,10,gait_termination,56722,56845,123,1.1899999999999409,611.63595
Sub02_H_T18_R_C01,Sub02_H,healthy,1,18,right,1,gait_initiation,55686,55805,119,1.1499999999999773,366.6400000000001
Sub02_H_T18_R_C02,Sub02_H,healthy,1,18,right,2,unassigned_steady_or_transition,55805,55925,120,1.1600000000000819,366.6400000000001
Sub02_H_T18_R_C03,Sub02_H,healthy,1,18,right,3,unassigned_steady_or_transition,55925,56047,122,1.17999999999995,366.6400000000001
Sub02_H_T18_R_C04,Sub02_H,healthy,1,18,right,4,unassigned_steady_or_transition,56047,56171,124,1.2000000000000455,366.6400000000001
Sub02_H_T18_R_C05,Sub02_H,healthy,1,18,right,5,unassigned_steady_or_transition,56171,56295,124,1.1999999999999318,366.6400000000001
Sub02_H_T18_R_C06,Sub02_H,healthy,1,18,right,6,unassigned_steady_or_transition,56295,56421,126,1.2199999999999136,366.6400000000001
Sub02_H_T18_R_C07,Sub02_H,healthy,1,18,right,7,unassigned_steady_or_transition,56421,56542,121,1.1700000000000728,366.6400000000001
Sub02_H_T18_R_C08,Sub02_H,healthy,1,18,right,8,unassigned_steady_or_transition,56542,56661,119,1.1599999999999682,366.6400000000001
Sub02_H_T18_R_C09,Sub02_H,healthy,1,18,right,9,unassigned_steady_or_transition,56661,56783,122,1.1800000000000637,366.6400000000001
Sub02_H_T18_R_C10,Sub02_H,healthy,1,18,right,10,gait_termination,56783,56910,127,1.2300000000000182,366.6400000000001
Sub02_H_T19_L_C01,Sub02_H,healthy,1,19,left,1,gait_initiation,58864,58958,94,0.9099999999999682,-651.6864499999999
Sub02_H_T19_L_C02,Sub02_H,healthy,1,19,left,2,unassigned_steady_or_transition,58958,59103,145,1.4099999999999682,-651.6864499999999
Sub02_H_T19_L_C03,Sub02_H,healthy,1,19,left,3,unassigned_steady_or_transition,59103,59229,126,1.2199999999999136,-651.6864499999999
Sub02_H_T19_L_C04,Sub02_H,healthy,1,19,left,4,unassigned_steady_or_transition,59229,59346,117,1.1299999999999955,-651.6864499999999
Sub02_H_T19_L_C05,Sub02_H,healthy,1,19,left,5,unassigned_steady_or_transition,59346,59439,93,0.900000000000091,-651.6864499999999
Sub02_H_T19_L_C06,Sub02_H,healthy,1,19,left,6,unassigned_steady_or_transition,59439,59606,167,1.6200000000000045,-651.6864499999999
Sub02_H_T19_L_C07,Sub02_H,healthy,1,19,left,7,unassigned_steady_or_transition,59606,59743,137,1.3299999999999272,-651.6864499999999
Sub02_H_T19_L_C08,Sub02_H,healthy,1,19,left,8,unassigned_steady_or_transition,59743,59856,113,1.0899999999999181,-651.6864499999999
Sub02_H_T19_L_C09,Sub02_H,healthy,1,19,left,9,unassigned_steady_or_transition,59856,59982,126,1.2200000000000273,-651.6864499999999
Sub02_H_T19_L_C10,Sub02_H,healthy,1,19,left,10,gait_termination,59982,60103,121,1.1700000000000728,-651.6864499999999
Sub02_H_T19_R_C01,Sub02_H,healthy,1,19,right,1,gait_initiation,58760,58859,99,0.9699999999999136,339.25
Sub02_H_T19_R_C02,Sub02_H,healthy,1,19,right,2,unassigned_steady_or_transition,58859,58984,125,1.2100000000000364,339.25
Sub02_H_T19_R_C03,Sub02_H,healthy,1,19,right,3,unassigned_steady_or_transition,58984,59104,120,1.1700000000000728,339.25
Sub02_H_T19_R_C04,Sub02_H,healthy,1,19,right,4,unassigned_steady_or_transition,59104,59226,122,1.17999999999995,339.25
Sub02_H_T19_R_C05,Sub02_H,healthy,1,19,right,5,unassigned_steady_or_transition,59226,59348,122,1.1800000000000637,339.25
Sub02_H_T19_R_C06,Sub02_H,healthy,1,19,right,6,unassigned_steady_or_transition,59348,59474,126,1.2199999999999136,339.25
Sub02_H_T19_R_C07,Sub02_H,healthy,1,19,right,7,unassigned_steady_or_transition,59474,59603,129,1.2399999999998954,339.25
Sub02_H_T19_R_C08,Sub02_H,healthy,1,19,right,8,unassigned_steady_or_transition,59603,59735,132,1.2799999999999727,339.25
Sub02_H_T19_R_C09,Sub02_H,healthy,1,19,right,9,unassigned_steady_or_transition,59735,59853,118,1.1399999999999864,339.25
Sub02_H_T19_R_C10,Sub02_H,healthy,1,19,right,10,unassigned_steady_or_transition,59853,59976,123,1.1900000000000546,339.25
Sub02_H_T19_R_C11,Sub02_H,healthy,1,19,right,11,gait_termination,59976,60100,124,1.1999999999999318,339.25
Sub02_H_T20_L_C01,Sub02_H,healthy,1,20,left,1,gait_initiation,62061,62183,122,1.17999999999995,604.48785
Sub02_H_T20_L_C02,Sub02_H,healthy,1,20,left,2,unassigned_steady_or_transition,62183,62306,123,1.1900000000000546,604.48785
Sub02_H_T20_L_C03,Sub02_H,healthy,1,20,left,3,unassigned_steady_or_transition,62306,62431,125,1.2099999999999227,604.48785
Sub02_H_T20_L_C04,Sub02_H,healthy,1,20,left,4,unassigned_steady_or_transition,62431,62553,122,1.17999999999995,604.48785
Sub02_H_T20_L_C05,Sub02_H,healthy,1,20,left,5,unassigned_steady_or_transition,62553,62677,124,1.2000000000000455,604.48785
Sub02_H_T20_L_C06,Sub02_H,healthy,1,20,left,6,unassigned_steady_or_transition,62677,62800,123,1.1999999999999318,604.48785
Sub02_H_T20_L_C07,Sub02_H,healthy,1,20,left,7,unassigned_steady_or_transition,62800,62922,122,1.1900000000000546,604.48785
Sub02_H_T20_L_C08,Sub02_H,healthy,1,20,left,8,unassigned_steady_or_transition,62922,63041,119,1.1599999999999682,604.48785
Sub02_H_T20_L_C09,Sub02_H,healthy,1,20,left,9,unassigned_steady_or_transition,63041,63163,122,1.1900000000000546,604.48785
Sub02_H_T20_L_C10,Sub02_H,healthy,1,20,left,10,gait_termination,63163,63285,122,1.1899999999999409,604.48785
Sub02_H_T20_R_C01,Sub02_H,healthy,1,20,right,1,gait_initiation,62056,62159,103,0.9900000000000091,-443.79999999999995
Sub02_H_T20_R_C02,Sub02_H,healthy,1,20,right,2,unassigned_steady_or_transition,62159,62309,150,1.4600000000000364,-443.79999999999995
Sub02_H_T20_R_C03,Sub02_H,healthy,1,20,right,3,unassigned_steady_or_transition,62309,62431,122,1.17999999999995,-443.79999999999995
Sub02_H_T20_R_C04,Sub02_H,healthy,1,20,right,4,unassigned_steady_or_transition,62431,62526,95,0.9199999999999591,-443.79999999999995
Sub02_H_T20_R_C05,Sub02_H,healthy,1,20,right,5,unassigned_steady_or_transition,62526,62677,151,1.4600000000000364,-443.79999999999995
Sub02_H_T20_R_C06,Sub02_H,healthy,1,20,right,6,unassigned_steady_or_transition,62677,62766,89,0.8700000000000045,-443.79999999999995
Sub02_H_T20_R_C07,Sub02_H,healthy,1,20,right,7,unassigned_steady_or_transition,62766,62908,142,1.3799999999999955,-443.79999999999995
Sub02_H_T20_R_C08,Sub02_H,healthy,1,20,right,8,unassigned_steady_or_transition,62908,63004,96,0.9399999999999409,-443.79999999999995
Sub02_H_T20_R_C09,Sub02_H,healthy,1,20,right,9,unassigned_steady_or_transition,63004,63128,124,1.2100000000000364,-443.79999999999995
Sub02_H_T20_R_C10,Sub02_H,healthy,1,20,right,10,gait_termination,63128,63248,120,1.1700000000000728,-443.79999999999995
Sub02_H_T21_L_C01,Sub02_H,healthy,21,21,left,1,gait_initiation,2526,2650,124,1.2100000000000364,651.2669000000001
Sub02_H_T21_L_C02,Sub02_H,healthy,21,21,left,2,unassigned_steady_or_transition,2650,2775,125,1.2200000000000273,651.2669000000001
Sub02_H_T21_L_C03,Sub02_H,healthy,21,21,left,3,unassigned_steady_or_transition,2775,2905,130,1.259999999999991,651.2669000000001
Sub02_H_T21_L_C04,Sub02_H,healthy,21,21,left,4,unassigned_steady_or_transition,2905,3029,124,1.2100000000000364,651.2669000000001
Sub02_H_T21_L_C05,Sub02_H,healthy,21,21,left,5,unassigned_steady_or_transition,3029,3155,126,1.2200000000000273,651.2669000000001
Sub02_H_T21_L_C06,Sub02_H,healthy,21,21,left,6,unassigned_steady_or_transition,3155,3273,118,1.1499999999998636,651.2669000000001
Sub02_H_T21_L_C07,Sub02_H,healthy,21,21,left,7,unassigned_steady_or_transition,3273,3396,123,1.1900000000000546,651.2669000000001
Sub02_H_T21_L_C08,Sub02_H,healthy,21,21,left,8,unassigned_steady_or_transition,3396,3519,123,1.1900000000000546,651.2669000000001
Sub02_H_T21_L_C09,Sub02_H,healthy,21,21,left,9,unassigned_steady_or_transition,3519,3642,123,1.2000000000000455,651.2669000000001
Sub02_H_T21_L_C10,Sub02_H,healthy,21,21,left,10,gait_termination,3642,3769,127,1.2300000000000182,651.2669000000001
Sub02_H_T21_R_C01,Sub02_H,healthy,21,21,right,1,gait_initiation,2593,2711,118,1.1499999999998636,388.5100000000001
Sub02_H_T21_R_C02,Sub02_H,healthy,21,21,right,2,unassigned_steady_or_transition,2711,2841,130,1.2699999999999818,388.5100000000001
Sub02_H_T21_R_C03,Sub02_H,healthy,21,21,right,3,unassigned_steady_or_transition,2841,2970,129,1.25,388.5100000000001
Sub02_H_T21_R_C04,Sub02_H,healthy,21,21,right,4,unassigned_steady_or_transition,2970,3093,123,1.2000000000000455,388.5100000000001
Sub02_H_T21_R_C05,Sub02_H,healthy,21,21,right,5,unassigned_steady_or_transition,3093,3214,121,1.1700000000000728,388.5100000000001
Sub02_H_T21_R_C06,Sub02_H,healthy,21,21,right,6,unassigned_steady_or_transition,3214,3335,121,1.1700000000000728,388.5100000000001
Sub02_H_T21_R_C07,Sub02_H,healthy,21,21,right,7,unassigned_steady_or_transition,3335,3459,124,1.2100000000000364,388.5100000000001
Sub02_H_T21_R_C08,Sub02_H,healthy,21,21,right,8,unassigned_steady_or_transition,3459,3584,125,1.209999999999809,388.5100000000001
Sub02_H_T21_R_C09,Sub02_H,healthy,21,21,right,9,unassigned_steady_or_transition,3584,3706,122,1.1899999999998272,388.5100000000001
Sub02_H_T21_R_C10,Sub02_H,healthy,21,21,right,10,gait_termination,3706,3836,130,1.259999999999991,388.5100000000001
Sub02_H_T22_L_C01,Sub02_H,healthy,21,22,left,1,gait_initiation,5524,5644,120,1.1800000000000637,662.2355
Sub02_H_T22_L_C02,Sub02_H,healthy,21,22,left,2,unassigned_steady_or_transition,5644,5770,126,1.2300000000000182,662.2355
Sub02_H_T22_L_C03,Sub02_H,healthy,21,22,left,3,unassigned_steady_or_transition,5770,5892,122,1.1899999999998272,662.2355
Sub02_H_T22_L_C04,Sub02_H,healthy,21,22,left,4,unassigned_steady_or_transition,5892,6016,124,1.2100000000000364,662.2355
Sub02_H_T22_L_C05,Sub02_H,healthy,21,22,left,5,unassigned_steady_or_transition,6016,6144,128,1.259999999999991,662.2355
Sub02_H_T22_L_C06,Sub02_H,healthy,21,22,left,6,unassigned_steady_or_transition,6144,6261,117,1.1400000000001,662.2355
Sub02_H_T22_L_C07,Sub02_H,healthy,21,22,left,7,unassigned_steady_or_transition,6261,6378,117,1.1400000000001,662.2355
Sub02_H_T22_L_C08,Sub02_H,healthy,21,22,left,8,unassigned_steady_or_transition,6378,6496,118,1.1599999999998545,662.2355
Sub02_H_T22_L_C09,Sub02_H,healthy,21,22,left,9,unassigned_steady_or_transition,6496,6618,122,1.2000000000000455,662.2355
Sub02_H_T22_L_C10,Sub02_H,healthy,21,22,left,10,gait_termination,6618,6741,123,1.2100000000000364,662.2355
Sub02_H_T22_R_C01,Sub02_H,healthy,21,22,right,1,gait_initiation,5461,5590,129,1.259999999999991,393.1
Sub02_H_T22_R_C02,Sub02_H,healthy,21,22,right,2,unassigned_steady_or_transition,5590,5707,117,1.1399999999998727,393.1
Sub02_H_T22_R_C03,Sub02_H,healthy,21,22,right,3,unassigned_steady_or_transition,5707,5834,127,1.240000000000009,393.1
Sub02_H_T22_R_C04,Sub02_H,healthy,21,22,right,4,unassigned_steady_or_transition,5834,5954,120,1.1800000000000637,393.1
Sub02_H_T22_R_C05,Sub02_H,healthy,21,22,right,5,unassigned_steady_or_transition,5954,6079,125,1.2200000000000273,393.1
Sub02_H_T22_R_C06,Sub02_H,healthy,21,22,right,6,unassigned_steady_or_transition,6079,6207,128,1.25,393.1
Sub02_H_T22_R_C07,Sub02_H,healthy,21,22,right,7,unassigned_steady_or_transition,6207,6318,111,1.0899999999999181,393.1
Sub02_H_T22_R_C08,Sub02_H,healthy,21,22,right,8,unassigned_steady_or_transition,6318,6437,119,1.1700000000000728,393.1
Sub02_H_T22_R_C09,Sub02_H,healthy,21,22,right,9,unassigned_steady_or_transition,6437,6558,121,1.1900000000000546,393.1
Sub02_H_T22_R_C10,Sub02_H,healthy,21,22,right,10,gait_termination,6558,6677,119,1.1699999999998454,393.1
Sub02_H_T23_L_C01,Sub02_H,healthy,21,23,left,1,gait_initiation,8521,8636,115,1.1400000000001,651.2114
Sub02_H_T23_L_C02,Sub02_H,healthy,21,23,left,2,unassigned_steady_or_transition,8636,8748,112,1.099999999999909,651.2114
Sub02_H_T23_L_C03,Sub02_H,healthy,21,23,left,3,unassigned_steady_or_transition,8748,8864,116,1.1400000000001,651.2114
Sub02_H_T23_L_C04,Sub02_H,healthy,21,23,left,4,unassigned_steady_or_transition,8864,8978,114,1.1099999999999,651.2114
Sub02_H_T23_L_C05,Sub02_H,healthy,21,23,left,5,unassigned_steady_or_transition,8978,9095,117,1.1499999999998636,651.2114
Sub02_H_T23_L_C06,Sub02_H,healthy,21,23,left,6,unassigned_steady_or_transition,9095,9211,116,1.1400000000001,651.2114
Sub02_H_T23_L_C07,Sub02_H,healthy,21,23,left,7,unassigned_steady_or_transition,9211,9337,126,1.2300000000000182,651.2114
Sub02_H_T23_L_C08,Sub02_H,healthy,21,23,left,8,unassigned_steady_or_transition,9337,9464,127,1.240000000000009,651.2114
Sub02_H_T23_L_C09,Sub02_H,healthy,21,23,left,9,unassigned_steady_or_transition,9464,9589,125,1.2200000000000273,651.2114
Sub02_H_T23_L_C10,Sub02_H,healthy,21,23,left,10,gait_termination,9589,9716,127,1.240000000000009,651.2114
Sub02_H_T23_R_C01,Sub02_H,healthy,21,23,right,1,gait_initiation,8581,8693,112,1.099999999999909,376.79000000000013
Sub02_H_T23_R_C02,Sub02_H,healthy,21,23,right,2,unassigned_steady_or_transition,8693,8807,114,1.1200000000001182,376.79000000000013
Sub02_H_T23_R_C03,Sub02_H,healthy,21,23,right,3,unassigned_steady_or_transition,8807,8922,115,1.1299999999998818,376.79000000000013
Sub02_H_T23_R_C04,Sub02_H,healthy,21,23,right,4,unassigned_steady_or_transition,8922,9036,114,1.1200000000001182,376.79000000000013
Sub02_H_T23_R_C05,Sub02_H,healthy,21,23,right,5,unassigned_steady_or_transition,9036,9152,116,1.1399999999998727,376.79000000000013
Sub02_H_T23_R_C06,Sub02_H,healthy,21,23,right,6,unassigned_steady_or_transition,9152,9276,124,1.2100000000000364,376.79000000000013
Sub02_H_T23_R_C07,Sub02_H,healthy,21,23,right,7,unassigned_steady_or_transition,9276,9400,124,1.2100000000000364,376.79000000000013
Sub02_H_T23_R_C08,Sub02_H,healthy,21,23,right,8,unassigned_steady_or_transition,9400,9528,128,1.25,376.79000000000013
Sub02_H_T23_R_C09,Sub02_H,healthy,21,23,right,9,unassigned_steady_or_transition,9528,9653,125,1.2200000000000273,376.79000000000013
Sub02_H_T23_R_C10,Sub02_H,healthy,21,23,right,10,gait_termination,9653,9782,129,1.259999999999991,376.79000000000013
Sub02_H_T24_L_C01,Sub02_H,healthy,21,24,left,1,gait_initiation,11197,11318,121,1.1800000000000637,-693.88785
Sub02_H_T24_L_C02,Sub02_H,healthy,21,24,left,2,unassigned_steady_or_transition,11318,11436,118,1.1599999999998545,-693.88785
Sub02_H_T24_L_C03,Sub02_H,healthy,21,24,left,3,unassigned_steady_or_transition,11436,11554,118,1.1599999999998545,-693.88785
Sub02_H_T24_L_C04,Sub02_H,healthy,21,24,left,4,unassigned_steady_or_transition,11554,11670,116,1.1400000000001,-693.88785
Sub02_H_T24_L_C05,Sub02_H,healthy,21,24,left,5,unassigned_steady_or_transition,11670,11794,124,1.2100000000000364,-693.88785
Sub02_H_T24_L_C06,Sub02_H,healthy,21,24,left,6,unassigned_steady_or_transition,11794,11920,126,1.240000000000009,-693.88785
Sub02_H_T24_L_C07,Sub02_H,healthy,21,24,left,7,unassigned_steady_or_transition,11920,11998,78,0.7599999999999909,-693.88785
Sub02_H_T24_L_C08,Sub02_H,healthy,21,24,left,8,unassigned_steady_or_transition,11998,12121,123,1.2100000000000364,-693.88785
Sub02_H_T24_L_C09,Sub02_H,healthy,21,24,left,9,unassigned_steady_or_transition,12121,12273,152,1.509999999999991,-693.88785
Sub02_H_T24_L_C10,Sub02_H,healthy,21,24,left,10,gait_termination,12273,12386,113,1.1099999999999,-693.88785
Sub02_H_T24_R_C01,Sub02_H,healthy,21,24,right,1,gait_initiation,11137,11259,122,1.199999999999818,-413.04999999999995
Sub02_H_T24_R_C02,Sub02_H,healthy,21,24,right,2,unassigned_steady_or_transition,11259,11375,116,1.1299999999998818,-413.04999999999995
Sub02_H_T24_R_C03,Sub02_H,healthy,21,24,right,3,unassigned_steady_or_transition,11375,11458,83,0.8199999999999363,-413.04999999999995
Sub02_H_T24_R_C04,Sub02_H,healthy,21,24,right,4,unassigned_steady_or_transition,11458,11574,116,1.1400000000001,-413.04999999999995
Sub02_H_T24_R_C05,Sub02_H,healthy,21,24,right,5,unassigned_steady_or_transition,11574,11707,133,1.2999999999999545,-413.04999999999995
Sub02_H_T24_R_C06,Sub02_H,healthy,21,24,right,6,unassigned_steady_or_transition,11707,11820,113,1.1100000000001273,-413.04999999999995
Sub02_H_T24_R_C07,Sub02_H,healthy,21,24,right,7,unassigned_steady_or_transition,11820,11938,118,1.1599999999998545,-413.04999999999995
Sub02_H_T24_R_C08,Sub02_H,healthy,21,24,right,8,unassigned_steady_or_transition,11938,12054,116,1.1400000000001,-413.04999999999995
Sub02_H_T24_R_C09,Sub02_H,healthy,21,24,right,9,unassigned_steady_or_transition,12054,12171,117,1.150000000000091,-413.04999999999995
Sub02_H_T24_R_C10,Sub02_H,healthy,21,24,right,10,gait_termination,12171,12292,121,1.1899999999998272,-413.04999999999995
Sub02_H_T25_L_C01,Sub02_H,healthy,21,25,left,1,gait_initiation,14233,14350,117,1.150000000000091,668.6067
Sub02_H_T25_L_C02,Sub02_H,healthy,21,25,left,2,unassigned_steady_or_transition,14350,14464,114,1.1199999999998909,668.6067
Sub02_H_T25_L_C03,Sub02_H,healthy,21,25,left,3,unassigned_steady_or_transition,14464,14586,122,1.2000000000000455,668.6067
Sub02_H_T25_L_C04,Sub02_H,healthy,21,25,left,4,unassigned_steady_or_transition,14586,14706,120,1.1800000000000637,668.6067
Sub02_H_T25_L_C05,Sub02_H,healthy,21,25,left,5,unassigned_steady_or_transition,14706,14829,123,1.2100000000000364,668.6067
Sub02_H_T25_L_C06,Sub02_H,healthy,21,25,left,6,unassigned_steady_or_transition,14829,14954,125,1.2200000000000273,668.6067
Sub02_H_T25_L_C07,Sub02_H,healthy,21,25,left,7,unassigned_steady_or_transition,14954,15075,121,1.1799999999998363,668.6067
Sub02_H_T25_L_C08,Sub02_H,healthy,21,25,left,8,unassigned_steady_or_transition,15075,15195,120,1.1700000000000728,668.6067
Sub02_H_T25_L_C09,Sub02_H,healthy,21,25,left,9,unassigned_steady_or_transition,15195,15315,120,1.1700000000000728,668.6067
Sub02_H_T25_L_C10,Sub02_H,healthy,21,25,left,10,gait_termination,15315,15438,123,1.2000000000000455,668.6067
Sub02_H_T25_R_C01,Sub02_H,healthy,21,25,right,1,gait_initiation,14242,14319,77,0.7599999999999909,-449.45
Sub02_H_T25_R_C02,Sub02_H,healthy,21,25,right,2,unassigned_steady_or_transition,14319,14431,112,1.1000000000001364,-449.45
Sub02_H_T25_R_C03,Sub02_H,healthy,21,25,right,3,unassigned_steady_or_transition,14431,14553,122,1.2000000000000455,-449.45
Sub02_H_T25_R_C04,Sub02_H,healthy,21,25,right,4,unassigned_steady_or_transition,14553,14673,120,1.1699999999998454,-449.45
Sub02_H_T25_R_C05,Sub02_H,healthy,21,25,right,5,unassigned_steady_or_transition,14673,14795,122,1.2000000000000455,-449.45
Sub02_H_T25_R_C06,Sub02_H,healthy,21,25,right,6,unassigned_steady_or_transition,14795,14919,124,1.2200000000000273,-449.45
Sub02_H_T25_R_C07,Sub02_H,healthy,21,25,right,7,unassigned_steady_or_transition,14919,15045,126,1.2300000000000182,-449.45
Sub02_H_T25_R_C08,Sub02_H,healthy,21,25,right,8,unassigned_steady_or_transition,15045,15194,149,1.4500000000000455,-449.45
Sub02_H_T25_R_C09,Sub02_H,healthy,21,25,right,9,unassigned_steady_or_transition,15194,15288,94,0.9200000000000728,-449.45
Sub02_H_T25_R_C10,Sub02_H,healthy,21,25,right,10,gait_termination,15288,15410,122,1.1799999999998363,-449.45
Sub02_H_T26_L_C01,Sub02_H,healthy,21,26,left,1,gait_initiation,17723,17829,106,1.0299999999999727,-713.1696999999999
Sub02_H_T26_L_C02,Sub02_H,healthy,21,26,left,2,unassigned_steady_or_transition,17829,17914,85,0.8299999999999272,-713.1696999999999
Sub02_H_T26_L_C03,Sub02_H,healthy,21,26,left,3,unassigned_steady_or_transition,17914,18060,146,1.4300000000000637,-713.1696999999999
Sub02_H_T26_L_C04,Sub02_H,healthy,21,26,left,4,unassigned_steady_or_transition,18060,18176,116,1.1299999999998818,-713.1696999999999
Sub02_H_T26_L_C05,Sub02_H,healthy,21,26,left,5,unassigned_steady_or_transition,18176,18301,125,1.2200000000000273,-713.1696999999999
Sub02_H_T26_L_C06,Sub02_H,healthy,21,26,left,6,unassigned_steady_or_transition,18301,18389,88,0.8600000000001273,-713.1696999999999
Sub02_H_T26_L_C07,Sub02_H,healthy,21,26,left,7,unassigned_steady_or_transition,18389,18507,118,1.1499999999998636,-713.1696999999999
Sub02_H_T26_L_C08,Sub02_H,healthy,21,26,left,8,unassigned_steady_or_transition,18507,18618,111,1.0899999999999181,-713.1696999999999
Sub02_H_T26_L_C09,Sub02_H,healthy,21,26,left,9,unassigned_steady_or_transition,18618,18738,120,1.1700000000000728,-713.1696999999999
Sub02_H_T26_L_C10,Sub02_H,healthy,21,26,left,10,gait_termination,18738,18893,155,1.5199999999999818,-713.1696999999999
Sub02_H_T26_R_C01,Sub02_H,healthy,21,26,right,1,gait_initiation,17718,17825,107,1.0600000000001728,399.19000000000005
Sub02_H_T26_R_C02,Sub02_H,healthy,21,26,right,2,unassigned_steady_or_transition,17825,17936,111,1.0799999999999272,399.19000000000005
Sub02_H_T26_R_C03,Sub02_H,healthy,21,26,right,3,unassigned_steady_or_transition,17936,18054,118,1.150000000000091,399.19000000000005
Sub02_H_T26_R_C04,Sub02_H,healthy,21,26,right,4,unassigned_steady_or_transition,18054,18172,118,1.1499999999998636,399.19000000000005
Sub02_H_T26_R_C05,Sub02_H,healthy,21,26,right,5,unassigned_steady_or_transition,18172,18293,121,1.1800000000000637,399.19000000000005
Sub02_H_T26_R_C06,Sub02_H,healthy,21,26,right,6,unassigned_steady_or_transition,18293,18414,121,1.1800000000000637,399.19000000000005
Sub02_H_T26_R_C07,Sub02_H,healthy,21,26,right,7,unassigned_steady_or_transition,18414,18532,118,1.1499999999998636,399.19000000000005
Sub02_H_T26_R_C08,Sub02_H,healthy,21,26,right,8,unassigned_steady_or_transition,18532,18647,115,1.1199999999998909,399.19000000000005
Sub02_H_T26_R_C09,Sub02_H,healthy,21,26,right,9,unassigned_steady_or_transition,18647,18765,118,1.1600000000000819,399.19000000000005
Sub02_H_T26_R_C10,Sub02_H,healthy,21,26,right,10,unassigned_steady_or_transition,18765,18888,123,1.2000000000000455,399.19000000000005
Sub02_H_T26_R_C11,Sub02_H,healthy,21,26,right,11,gait_termination,18888,19052,164,1.5899999999999181,399.19000000000005
Sub02_H_T27_L_C01,Sub02_H,healthy,21,27,left,1,gait_initiation,20427,20550,123,1.2100000000000364,662.0625
Sub02_H_T27_L_C02,Sub02_H,healthy,21,27,left,2,unassigned_steady_or_transition,20550,20669,119,1.1700000000000728,662.0625
Sub02_H_T27_L_C03,Sub02_H,healthy,21,27,left,3,unassigned_steady_or_transition,20669,20790,121,1.1799999999998363,662.0625
Sub02_H_T27_L_C04,Sub02_H,healthy,21,27,left,4,unassigned_steady_or_transition,20790,20916,126,1.2299999999997908,662.0625
Sub02_H_T27_L_C05,Sub02_H,healthy,21,27,left,5,unassigned_steady_or_transition,20916,21039,123,1.2000000000000455,662.0625
Sub02_H_T27_L_C06,Sub02_H,healthy,21,27,left,6,unassigned_steady_or_transition,21039,21163,124,1.2100000000000364,662.0625
Sub02_H_T27_L_C07,Sub02_H,healthy,21,27,left,7,unassigned_steady_or_transition,21163,21290,127,1.2300000000000182,662.0625
Sub02_H_T27_L_C08,Sub02_H,healthy,21,27,left,8,unassigned_steady_or_transition,21290,21411,121,1.1800000000000637,662.0625
Sub02_H_T27_L_C09,Sub02_H,healthy,21,27,left,9,unassigned_steady_or_transition,21411,21536,125,1.2100000000000364,662.0625
Sub02_H_T27_L_C10,Sub02_H,healthy,21,27,left,10,gait_termination,21536,21658,122,1.1900000000000546,662.0625
Sub02_H_T27_R_C01,Sub02_H,healthy,21,27,right,1,gait_initiation,20492,20609,117,1.1499999999998636,405.05
Sub02_H_T27_R_C02,Sub02_H,healthy,21,27,right,2,unassigned_steady_or_transition,20609,20728,119,1.1800000000000637,405.05
Sub02_H_T27_R_C03,Sub02_H,healthy,21,27,right,3,unassigned_steady_or_transition,20728,20853,125,1.2200000000000273,405.05
Sub02_H_T27_R_C04,Sub02_H,healthy,21,27,right,4,unassigned_steady_or_transition,20853,20901,48,0.4500000000000455,405.05
Sub02_H_T27_R_C05,Sub02_H,healthy,21,27,right,5,unassigned_steady_or_transition,20901,20978,77,0.75,405.05
Sub02_H_T27_R_C06,Sub02_H,healthy,21,27,right,6,unassigned_steady_or_transition,20978,21099,121,1.1800000000000637,405.05
Sub02_H_T27_R_C07,Sub02_H,healthy,21,27,right,7,unassigned_steady_or_transition,21099,21223,124,1.2100000000000364,405.05
Sub02_H_T27_R_C08,Sub02_H,healthy,21,27,right,8,unassigned_steady_or_transition,21223,21349,126,1.2199999999998,405.05
Sub02_H_T27_R_C09,Sub02_H,healthy,21,27,right,9,unassigned_steady_or_transition,21349,21473,124,1.2100000000000364,405.05
Sub02_H_T27_R_C10,Sub02_H,healthy,21,27,right,10,unassigned_steady_or_transition,21473,21594,121,1.1700000000000728,405.05
Sub02_H_T27_R_C11,Sub02_H,healthy,21,27,right,11,gait_termination,21594,21722,128,1.25,405.05
Sub02_H_T28_L_C01,Sub02_H,healthy,21,28,left,1,gait_initiation,23323,23437,114,1.1200000000001182,-731.2297
Sub02_H_T28_L_C02,Sub02_H,healthy,21,28,left,2,unassigned_steady_or_transition,23437,23552,115,1.1199999999998909,-731.2297
Sub02_H_T28_L_C03,Sub02_H,healthy,21,28,left,3,unassigned_steady_or_transition,23552,23668,116,1.1300000000001091,-731.2297
Sub02_H_T28_L_C04,Sub02_H,healthy,21,28,left,4,unassigned_steady_or_transition,23668,23788,120,1.1599999999998545,-731.2297
Sub02_H_T28_L_C05,Sub02_H,healthy,21,28,left,5,unassigned_steady_or_transition,23788,23909,121,1.1799999999998363,-731.2297
Sub02_H_T28_L_C06,Sub02_H,healthy,21,28,left,6,unassigned_steady_or_transition,23909,24000,91,0.8900000000001,-731.2297
Sub02_H_T28_L_C07,Sub02_H,healthy,21,28,left,7,unassigned_steady_or_transition,24000,24114,114,1.1099999999999,-731.2297
Sub02_H_T28_L_C08,Sub02_H,healthy,21,28,left,8,unassigned_steady_or_transition,24114,24272,158,1.5600000000001728,-731.2297
Sub02_H_T28_L_C09,Sub02_H,healthy,21,28,left,9,unassigned_steady_or_transition,24272,24351,79,0.7599999999999909,-731.2297
Sub02_H_T28_L_C10,Sub02_H,healthy,21,28,left,10,gait_termination,24351,24507,156,1.5299999999999727,-731.2297
Sub02_H_T28_R_C01,Sub02_H,healthy,21,28,right,1,gait_initiation,23251,23316,65,0.6400000000001,427.2950000000001
Sub02_H_T28_R_C02,Sub02_H,healthy,21,28,right,2,unassigned_steady_or_transition,23316,23432,116,1.1299999999998818,427.2950000000001
Sub02_H_T28_R_C03,Sub02_H,healthy,21,28,right,3,unassigned_steady_or_transition,23432,23546,114,1.1099999999999,427.2950000000001
Sub02_H_T28_R_C04,Sub02_H,healthy,21,28,right,4,unassigned_steady_or_transition,23546,23663,117,1.1400000000001,427.2950000000001
Sub02_H_T28_R_C05,Sub02_H,healthy,21,28,right,5,unassigned_steady_or_transition,23663,23783,120,1.1599999999998545,427.2950000000001
Sub02_H_T28_R_C06,Sub02_H,healthy,21,28,right,6,unassigned_steady_or_transition,23783,23902,119,1.1700000000000728,427.2950000000001
Sub02_H_T28_R_C07,Sub02_H,healthy,21,28,right,7,unassigned_steady_or_transition,23902,24026,124,1.2100000000000364,427.2950000000001
Sub02_H_T28_R_C08,Sub02_H,healthy,21,28,right,8,unassigned_steady_or_transition,24026,24143,117,1.1499999999998636,427.2950000000001
Sub02_H_T28_R_C09,Sub02_H,healthy,21,28,right,9,unassigned_steady_or_transition,24143,24265,122,1.1899999999998272,427.2950000000001
Sub02_H_T28_R_C10,Sub02_H,healthy,21,28,right,10,unassigned_steady_or_transition,24265,24382,117,1.150000000000091,427.2950000000001
Sub02_H_T28_R_C11,Sub02_H,healthy,21,28,right,11,gait_termination,24382,24505,123,1.2000000000000455,427.2950000000001
Sub02_H_T30_L_C01,Sub02_H,healthy,30,30,left,1,gait_initiation,10185,10310,125,1.210000000000008,-875.4581000000001
Sub02_H_T30_L_C02,Sub02_H,healthy,30,30,left,2,unassigned_steady_or_transition,10310,10437,127,1.2300000000000182,-875.4581000000001
Sub02_H_T30_L_C03,Sub02_H,healthy,30,30,left,3,unassigned_steady_or_transition,10437,10561,124,1.1999999999999886,-875.4581000000001
Sub02_H_T30_L_C04,Sub02_H,healthy,30,30,left,4,unassigned_steady_or_transition,10561,10682,121,1.1699999999999875,-875.4581000000001
Sub02_H_T30_L_C05,Sub02_H,healthy,30,30,left,5,unassigned_steady_or_transition,10682,10811,129,1.25,-875.4581000000001
Sub02_H_T30_L_C06,Sub02_H,healthy,30,30,left,6,unassigned_steady_or_transition,10811,10934,123,1.1899999999999977,-875.4581000000001
Sub02_H_T30_L_C07,Sub02_H,healthy,30,30,left,7,unassigned_steady_or_transition,10934,11052,118,1.1400000000000148,-875.4581000000001
Sub02_H_T30_L_C08,Sub02_H,healthy,30,30,left,8,unassigned_steady_or_transition,11052,11130,78,0.7599999999999909,-875.4581000000001
Sub02_H_T30_L_C09,Sub02_H,healthy,30,30,left,9,unassigned_steady_or_transition,11130,11288,158,1.5300000000000011,-875.4581000000001
Sub02_H_T30_L_C10,Sub02_H,healthy,30,30,left,10,gait_termination,11288,11368,80,0.7700000000000102,-875.4581000000001
Sub02_H_T30_R_C01,Sub02_H,healthy,30,30,right,1,gait_initiation,10180,10302,122,1.1799999999999784,528.9350000000002
Sub02_H_T30_R_C02,Sub02_H,healthy,30,30,right,2,unassigned_steady_or_transition,10302,10428,126,1.2199999999999989,528.9350000000002
Sub02_H_T30_R_C03,Sub02_H,healthy,30,30,right,3,unassigned_steady_or_transition,10428,10553,125,1.210000000000008,528.9350000000002
Sub02_H_T30_R_C04,Sub02_H,healthy,30,30,right,4,unassigned_steady_or_transition,10553,10676,123,1.1899999999999977,528.9350000000002
Sub02_H_T30_R_C05,Sub02_H,healthy,30,30,right,5,unassigned_steady_or_transition,10676,10801,125,1.2099999999999795,528.9350000000002
Sub02_H_T30_R_C06,Sub02_H,healthy,30,30,right,6,unassigned_steady_or_transition,10801,10927,126,1.2199999999999989,528.9350000000002
Sub02_H_T30_R_C07,Sub02_H,healthy,30,30,right,7,unassigned_steady_or_transition,10927,11045,118,1.1399999999999864,528.9350000000002
Sub02_H_T30_R_C08,Sub02_H,healthy,30,30,right,8,unassigned_steady_or_transition,11045,11160,115,1.1200000000000045,528.9350000000002
Sub02_H_T30_R_C09,Sub02_H,healthy,30,30,right,9,unassigned_steady_or_transition,11160,11282,122,1.1800000000000068,528.9350000000002
Sub02_H_T30_R_C10,Sub02_H,healthy,30,30,right,10,gait_termination,11282,11402,120,1.1599999999999966,528.9350000000002
Sub02_H_T31_L_C01,Sub02_H,healthy,30,31,left,1,gait_initiation,12708,12829,121,1.1899999999999693,843.4233
Sub02_H_T31_L_C02,Sub02_H,healthy,30,31,left,2,unassigned_steady_or_transition,12829,12939,110,1.0699999999999932,843.4233
Sub02_H_T31_L_C03,Sub02_H,healthy,30,31,left,3,unassigned_steady_or_transition,12939,13060,121,1.1800000000000068,843.4233
Sub02_H_T31_L_C04,Sub02_H,healthy,30,31,left,4,unassigned_steady_or_transition,13060,13189,129,1.25,843.4233
Sub02_H_T31_L_C05,Sub02_H,healthy,30,31,left,5,unassigned_steady_or_transition,13189,13317,128,1.25,843.4233
Sub02_H_T31_L_C06,Sub02_H,healthy,30,31,left,6,unassigned_steady_or_transition,13317,13440,123,1.2000000000000455,843.4233
Sub02_H_T31_L_C07,Sub02_H,healthy,30,31,left,7,unassigned_steady_or_transition,13440,13563,123,1.1899999999999977,843.4233
Sub02_H_T31_L_C08,Sub02_H,healthy,30,31,left,8,unassigned_steady_or_transition,13563,13693,130,1.259999999999991,843.4233
Sub02_H_T31_L_C09,Sub02_H,healthy,30,31,left,9,unassigned_steady_or_transition,13693,13819,126,1.2200000000000273,843.4233
Sub02_H_T31_L_C10,Sub02_H,healthy,30,31,left,10,gait_termination,13819,13942,123,1.1999999999999886,843.4233
Sub02_H_T31_R_C01,Sub02_H,healthy,30,31,right,1,gait_initiation,12773,12884,111,1.089999999999975,500.70000000000005
Sub02_H_T31_R_C02,Sub02_H,healthy,30,31,right,2,unassigned_steady_or_transition,12884,12999,115,1.1200000000000045,500.70000000000005
Sub02_H_T31_R_C03,Sub02_H,healthy,30,31,right,3,unassigned_steady_or_transition,12999,13125,126,1.2300000000000182,500.70000000000005
Sub02_H_T31_R_C04,Sub02_H,healthy,30,31,right,4,unassigned_steady_or_transition,13125,13254,129,1.25,500.70000000000005
Sub02_H_T31_R_C05,Sub02_H,healthy,30,31,right,5,unassigned_steady_or_transition,13254,13379,125,1.2099999999999795,500.70000000000005
Sub02_H_T31_R_C06,Sub02_H,healthy,30,31,right,6,unassigned_steady_or_transition,13379,13498,119,1.160000000000025,500.70000000000005
Sub02_H_T31_R_C07,Sub02_H,healthy,30,31,right,7,unassigned_steady_or_transition,13498,13627,129,1.25,500.70000000000005
Sub02_H_T31_R_C08,Sub02_H,healthy,30,31,right,8,unassigned_steady_or_transition,13627,13757,130,1.259999999999991,500.70000000000005
Sub02_H_T31_R_C09,Sub02_H,healthy,30,31,right,9,unassigned_steady_or_transition,13757,13879,122,1.1800000000000068,500.70000000000005
Sub02_H_T31_R_C10,Sub02_H,healthy,30,31,right,10,gait_termination,13879,14005,126,1.2200000000000273,500.70000000000005
Sub02_H_T32_L_C01,Sub02_H,healthy,30,32,left,1,gait_initiation,15375,15495,120,1.1599999999999682,-899.306
Sub02_H_T32_L_C02,Sub02_H,healthy,30,32,left,2,unassigned_steady_or_transition,15495,15614,119,1.1499999999999773,-899.306
Sub02_H_T32_L_C03,Sub02_H,healthy,30,32,left,3,unassigned_steady_or_transition,15614,15732,118,1.150000000000034,-899.306
Sub02_H_T32_L_C04,Sub02_H,healthy,30,32,left,4,unassigned_steady_or_transition,15732,15856,124,1.1999999999999886,-899.306
Sub02_H_T32_L_C05,Sub02_H,healthy,30,32,left,5,unassigned_steady_or_transition,15856,15976,120,1.170000000000016,-899.306
Sub02_H_T32_L_C06,Sub02_H,healthy,30,32,left,6,unassigned_steady_or_transition,15976,16102,126,1.2300000000000182,-899.306
Sub02_H_T32_L_C07,Sub02_H,healthy,30,32,left,7,unassigned_steady_or_transition,16102,16223,121,1.170000000000016,-899.306
Sub02_H_T32_L_C08,Sub02_H,healthy,30,32,left,8,unassigned_steady_or_transition,16223,16312,89,0.8599999999999568,-899.306
Sub02_H_T32_L_C09,Sub02_H,healthy,30,32,left,9,unassigned_steady_or_transition,16312,16431,119,1.1599999999999682,-899.306
Sub02_H_T32_L_C10,Sub02_H,healthy,30,32,left,10,gait_termination,16431,16592,161,1.5599999999999454,-899.306
Sub02_H_T32_R_C01,Sub02_H,healthy,30,32,right,1,gait_initiation,15285,15369,84,0.8100000000000023,534.05
Sub02_H_T32_R_C02,Sub02_H,healthy,30,32,right,2,unassigned_steady_or_transition,15369,15490,121,1.170000000000016,534.05
Sub02_H_T32_R_C03,Sub02_H,healthy,30,32,right,3,unassigned_steady_or_transition,15490,15611,121,1.170000000000016,534.05
Sub02_H_T32_R_C04,Sub02_H,healthy,30,32,right,4,unassigned_steady_or_transition,15611,15728,117,1.1399999999999864,534.05
Sub02_H_T32_R_C05,Sub02_H,healthy,30,32,right,5,unassigned_steady_or_transition,15728,15849,121,1.170000000000016,534.05
Sub02_H_T32_R_C06,Sub02_H,healthy,30,32,right,6,unassigned_steady_or_transition,15849,15971,122,1.1899999999999977,534.05
Sub02_H_T32_R_C07,Sub02_H,healthy,30,32,right,7,unassigned_steady_or_transition,15971,16097,126,1.2300000000000182,534.05
Sub02_H_T32_R_C08,Sub02_H,healthy,30,32,right,8,unassigned_steady_or_transition,16097,16219,122,1.1800000000000068,534.05
Sub02_H_T32_R_C09,Sub02_H,healthy,30,32,right,9,unassigned_steady_or_transition,16219,16336,117,1.1399999999999864,534.05
Sub02_H_T32_R_C10,Sub02_H,healthy,30,32,right,10,unassigned_steady_or_transition,16336,16458,122,1.1900000000000546,534.05
Sub02_H_T32_R_C11,Sub02_H,healthy,30,32,right,11,unassigned_steady_or_transition,16458,16585,127,1.240000000000009,534.05
Sub02_H_T32_R_C12,Sub02_H,healthy,30,32,right,12,gait_termination,16585,16638,53,0.5,534.05
Sub02_H_T33_L_C01,Sub02_H,healthy,30,33,left,1,gait_initiation,18225,18341,116,1.1299999999999955,836.0800500000001
Sub02_H_T33_L_C02,Sub02_H,healthy,30,33,left,2,unassigned_steady_or_transition,18341,18454,113,1.089999999999975,836.0800500000001
Sub02_H_T33_L_C03,Sub02_H,healthy,30,33,left,3,unassigned_steady_or_transition,18454,18569,115,1.1099999999999568,836.0800500000001
Sub02_H_T33_L_C04,Sub02_H,healthy,30,33,left,4,unassigned_steady_or_transition,18569,18687,118,1.1399999999999864,836.0800500000001
Sub02_H_T33_L_C05,Sub02_H,healthy,30,33,left,5,unassigned_steady_or_transition,18687,18809,122,1.1800000000000068,836.0800500000001
Sub02_H_T33_L_C06,Sub02_H,healthy,30,33,left,6,unassigned_steady_or_transition,18809,18926,117,1.1299999999999955,836.0800500000001
Sub02_H_T33_L_C07,Sub02_H,healthy,30,33,left,7,unassigned_steady_or_transition,18926,19048,122,1.1800000000000068,836.0800500000001
Sub02_H_T33_L_C08,Sub02_H,healthy,30,33,left,8,unassigned_steady_or_transition,19048,19177,129,1.240000000000009,836.0800500000001
Sub02_H_T33_L_C09,Sub02_H,healthy,30,33,left,9,unassigned_steady_or_transition,19177,19301,124,1.1999999999999886,836.0800500000001
Sub02_H_T33_L_C10,Sub02_H,healthy,30,33,left,10,gait_termination,19301,19424,123,1.1899999999999977,836.0800500000001
Sub02_H_T33_R_C01,Sub02_H,healthy,30,33,right,1,gait_initiation,18206,18319,113,1.099999999999966,-526.3
Sub02_H_T33_R_C02,Sub02_H,healthy,30,33,right,2,unassigned_steady_or_transition,18319,18424,105,1.0200000000000387,-526.3
Sub02_H_T33_R_C03,Sub02_H,healthy,30,33,right,3,unassigned_steady_or_transition,18424,18537,113,1.099999999999966,-526.3
Sub02_H_T33_R_C04,Sub02_H,healthy,30,33,right,4,unassigned_steady_or_transition,18537,18655,118,1.1399999999999864,-526.3
Sub02_H_T33_R_C05,Sub02_H,healthy,30,33,right,5,unassigned_steady_or_transition,18655,18778,123,1.1899999999999977,-526.3
Sub02_H_T33_R_C06,Sub02_H,healthy,30,33,right,6,unassigned_steady_or_transition,18778,18891,113,1.0900000000000318,-526.3
Sub02_H_T33_R_C07,Sub02_H,healthy,30,33,right,7,unassigned_steady_or_transition,18891,19031,140,1.349999999999966,-526.3
Sub02_H_T33_R_C08,Sub02_H,healthy,30,33,right,8,unassigned_steady_or_transition,19031,19144,113,1.089999999999975,-526.3
Sub02_H_T33_R_C09,Sub02_H,healthy,30,33,right,9,unassigned_steady_or_transition,19144,19305,161,1.5600000000000023,-526.3
Sub02_H_T33_R_C10,Sub02_H,healthy,30,33,right,10,gait_termination,19305,19430,125,1.2100000000000364,-526.3
Sub02_H_T34_L_C01,Sub02_H,healthy,30,34,left,1,gait_initiation,21387,21491,104,1.009999999999991,-881.66805
Sub02_H_T34_L_C02,Sub02_H,healthy,30,34,left,2,unassigned_steady_or_transition,21491,21597,106,1.0300000000000296,-881.66805
Sub02_H_T34_L_C03,Sub02_H,healthy,30,34,left,3,unassigned_steady_or_transition,21597,21711,114,1.099999999999966,-881.66805
Sub02_H_T34_L_C04,Sub02_H,healthy,30,34,left,4,unassigned_steady_or_transition,21711,21832,121,1.169999999999959,-881.66805
Sub02_H_T34_L_C05,Sub02_H,healthy,30,34,left,5,unassigned_steady_or_transition,21832,21955,123,1.1899999999999977,-881.66805
Sub02_H_T34_L_C06,Sub02_H,healthy,30,34,left,6,unassigned_steady_or_transition,21955,22044,89,0.8599999999999568,-881.66805
Sub02_H_T34_L_C07,Sub02_H,healthy,30,34,left,7,unassigned_steady_or_transition,22044,22197,153,1.4899999999999523,-881.66805
Sub02_H_T34_L_C08,Sub02_H,healthy,30,34,left,8,unassigned_steady_or_transition,22197,22318,121,1.1800000000000068,-881.66805
Sub02_H_T34_L_C09,Sub02_H,healthy,30,34,left,9,unassigned_steady_or_transition,22318,22442,124,1.1999999999999886,-881.66805
Sub02_H_T34_L_C10,Sub02_H,healthy,30,34,left,10,gait_termination,22442,22570,128,1.240000000000009,-881.66805
Sub02_H_T34_R_C01,Sub02_H,healthy,30,34,right,1,gait_initiation,21434,21515,81,0.7900000000000205,-541.95
Sub02_H_T34_R_C02,Sub02_H,healthy,30,34,right,2,unassigned_steady_or_transition,21515,21652,137,1.3199999999999932,-541.95
Sub02_H_T34_R_C03,Sub02_H,healthy,30,34,right,3,unassigned_steady_or_transition,21652,21772,120,1.160000000000025,-541.95
Sub02_H_T34_R_C04,Sub02_H,healthy,30,34,right,4,unassigned_steady_or_transition,21772,21892,120,1.170000000000016,-541.95
Sub02_H_T34_R_C05,Sub02_H,healthy,30,34,right,5,unassigned_steady_or_transition,21892,21992,100,0.9599999999999795,-541.95
Sub02_H_T34_R_C06,Sub02_H,healthy,30,34,right,6,unassigned_steady_or_transition,21992,22098,106,1.0300000000000296,-541.95
Sub02_H_T34_R_C07,Sub02_H,healthy,30,34,right,7,unassigned_steady_or_transition,22098,22220,122,1.1899999999999977,-541.95
Sub02_H_T34_R_C08,Sub02_H,healthy,30,34,right,8,unassigned_steady_or_transition,22220,22341,121,1.170000000000016,-541.95
Sub02_H_T34_R_C09,Sub02_H,healthy,30,34,right,9,unassigned_steady_or_transition,22341,22465,124,1.1999999999999886,-541.95
Sub02_H_T34_R_C10,Sub02_H,healthy,30,34,right,10,gait_termination,22465,22633,168,1.6299999999999955,-541.95
Sub02_H_T35_L_C01,Sub02_H,healthy,30,35,left,1,gait_initiation,24044,24164,120,1.169999999999959,826.32345
Sub02_H_T35_L_C02,Sub02_H,healthy,30,35,left,2,unassigned_steady_or_transition,24164,24283,119,1.160000000000025,826.32345
Sub02_H_T35_L_C03,Sub02_H,healthy,30,35,left,3,unassigned_steady_or_transition,24283,24405,122,1.1800000000000068,826.32345
Sub02_H_T35_L_C04,Sub02_H,healthy,30,35,left,4,unassigned_steady_or_transition,24405,24525,120,1.160000000000025,826.32345
Sub02_H_T35_L_C05,Sub02_H,healthy,30,35,left,5,unassigned_steady_or_transition,24525,24647,122,1.1800000000000068,826.32345
Sub02_H_T35_L_C06,Sub02_H,healthy,30,35,left,6,unassigned_steady_or_transition,24647,24769,122,1.1800000000000068,826.32345
Sub02_H_T35_L_C07,Sub02_H,healthy,30,35,left,7,unassigned_steady_or_transition,24769,24897,128,1.2300000000000182,826.32345
Sub02_H_T35_L_C08,Sub02_H,healthy,30,35,left,8,unassigned_steady_or_transition,24897,25020,123,1.1899999999999977,826.32345
Sub02_H_T35_L_C09,Sub02_H,healthy,30,35,left,9,unassigned_steady_or_transition,25020,25146,126,1.2200000000000273,826.32345
Sub02_H_T35_L_C10,Sub02_H,healthy,30,35,left,10,gait_termination,25146,25272,126,1.2199999999999704,826.32345
Sub02_H_T35_R_C01,Sub02_H,healthy,30,35,right,1,gait_initiation,24107,24224,117,1.1399999999999864,475.45000000000005
Sub02_H_T35_R_C02,Sub02_H,healthy,30,35,right,2,unassigned_steady_or_transition,24224,24341,117,1.1399999999999864,475.45000000000005
Sub02_H_T35_R_C03,Sub02_H,healthy,30,35,right,3,unassigned_steady_or_transition,24341,24464,123,1.1899999999999977,475.45000000000005
Sub02_H_T35_R_C04,Sub02_H,healthy,30,35,right,4,unassigned_steady_or_transition,24464,24587,123,1.1899999999999977,475.45000000000005
Sub02_H_T35_R_C05,Sub02_H,healthy,30,35,right,5,unassigned_steady_or_transition,24587,24706,119,1.1499999999999773,475.45000000000005
Sub02_H_T35_R_C06,Sub02_H,healthy,30,35,right,6,unassigned_steady_or_transition,24706,24831,125,1.1999999999999886,475.45000000000005
Sub02_H_T35_R_C07,Sub02_H,healthy,30,35,right,7,unassigned_steady_or_transition,24831,24957,126,1.2199999999999704,475.45000000000005
Sub02_H_T35_R_C08,Sub02_H,healthy,30,35,right,8,unassigned_steady_or_transition,24957,25083,126,1.2200000000000273,475.45000000000005
Sub02_H_T35_R_C09,Sub02_H,healthy,30,35,right,9,unassigned_steady_or_transition,25083,25206,123,1.1899999999999977,475.45000000000005
Sub02_H_T35_R_C10,Sub02_H,healthy,30,35,right,10,gait_termination,25206,25334,128,1.240000000000009,475.45000000000005
Sub02_H_T36_L_C01,Sub02_H,healthy,30,36,left,1,gait_initiation,26699,26817,118,1.1399999999999864,-910.8868500000001
Sub02_H_T36_L_C02,Sub02_H,healthy,30,36,left,2,unassigned_steady_or_transition,26817,26940,123,1.1899999999999977,-910.8868500000001
Sub02_H_T36_L_C03,Sub02_H,healthy,30,36,left,3,unassigned_steady_or_transition,26940,27062,122,1.1800000000000068,-910.8868500000001
Sub02_H_T36_L_C04,Sub02_H,healthy,30,36,left,4,unassigned_steady_or_transition,27062,27182,120,1.160000000000025,-910.8868500000001
Sub02_H_T36_L_C05,Sub02_H,healthy,30,36,left,5,unassigned_steady_or_transition,27182,27312,130,1.25,-910.8868500000001
Sub02_H_T36_L_C06,Sub02_H,healthy,30,36,left,6,unassigned_steady_or_transition,27312,27436,124,1.2100000000000364,-910.8868500000001
Sub02_H_T36_L_C07,Sub02_H,healthy,30,36,left,7,unassigned_steady_or_transition,27436,27549,113,1.099999999999966,-910.8868500000001
Sub02_H_T36_L_C08,Sub02_H,healthy,30,36,left,8,unassigned_steady_or_transition,27549,27674,125,1.2199999999999704,-910.8868500000001
Sub02_H_T36_L_C09,Sub02_H,healthy,30,36,left,9,unassigned_steady_or_transition,27674,27799,125,1.2100000000000364,-910.8868500000001
Sub02_H_T36_L_C10,Sub02_H,healthy,30,36,left,10,gait_termination,27799,27890,91,0.8799999999999955,-910.8868500000001
Sub02_H_T36_R_C01,Sub02_H,healthy,30,36,right,1,gait_initiation,26614,26693,79,0.7599999999999909,511.33000000000004
Sub02_H_T36_R_C02,Sub02_H,healthy,30,36,right,2,unassigned_steady_or_transition,26693,26813,120,1.1599999999999682,511.33000000000004
Sub02_H_T36_R_C03,Sub02_H,healthy,30,36,right,3,unassigned_steady_or_transition,26813,26934,121,1.170000000000016,511.33000000000004
Sub02_H_T36_R_C04,Sub02_H,healthy,30,36,right,4,unassigned_steady_or_transition,26934,27057,123,1.1899999999999977,511.33000000000004
Sub02_H_T36_R_C05,Sub02_H,healthy,30,36,right,5,unassigned_steady_or_transition,27057,27176,119,1.1499999999999773,511.33000000000004
Sub02_H_T36_R_C06,Sub02_H,healthy,30,36,right,6,unassigned_steady_or_transition,27176,27305,129,1.25,511.33000000000004
Sub02_H_T36_R_C07,Sub02_H,healthy,30,36,right,7,unassigned_steady_or_transition,27305,27429,124,1.1999999999999886,511.33000000000004
Sub02_H_T36_R_C08,Sub02_H,healthy,30,36,right,8,unassigned_steady_or_transition,27429,27547,118,1.1499999999999773,511.33000000000004
Sub02_H_T36_R_C09,Sub02_H,healthy,30,36,right,9,unassigned_steady_or_transition,27547,27668,121,1.1800000000000068,511.33000000000004
Sub02_H_T36_R_C10,Sub02_H,healthy,30,36,right,10,unassigned_steady_or_transition,27668,27794,126,1.2200000000000273,511.33000000000004
Sub02_H_T36_R_C11,Sub02_H,healthy,30,36,right,11,gait_termination,27794,27917,123,1.1899999999999977,511.33000000000004
Sub02_H_T37_L_C01,Sub02_H,healthy,30,37,left,1,gait_initiation,29273,29397,124,1.2099999999999795,830.6726
Sub02_H_T37_L_C02,Sub02_H,healthy,30,37,left,2,unassigned_steady_or_transition,29397,29518,121,1.1800000000000068,830.6726
Sub02_H_T37_L_C03,Sub02_H,healthy,30,37,left,3,unassigned_steady_or_transition,29518,29640,122,1.1800000000000068,830.6726
Sub02_H_T37_L_C04,Sub02_H,healthy,30,37,left,4,unassigned_steady_or_transition,29640,29762,122,1.1800000000000068,830.6726
Sub02_H_T37_L_C05,Sub02_H,healthy,30,37,left,5,unassigned_steady_or_transition,29762,29884,122,1.1899999999999977,830.6726
Sub02_H_T37_L_C06,Sub02_H,healthy,30,37,left,6,unassigned_steady_or_transition,29884,30006,122,1.17999999999995,830.6726
Sub02_H_T37_L_C07,Sub02_H,healthy,30,37,left,7,unassigned_steady_or_transition,30006,30132,126,1.2099999999999795,830.6726
Sub02_H_T37_L_C08,Sub02_H,healthy,30,37,left,8,unassigned_steady_or_transition,30132,30255,123,1.1800000000000068,830.6726
Sub02_H_T37_L_C09,Sub02_H,healthy,30,37,left,9,unassigned_steady_or_transition,30255,30379,124,1.1999999999999886,830.6726
Sub02_H_T37_L_C10,Sub02_H,healthy,30,37,left,10,gait_termination,30379,30505,126,1.2199999999999704,830.6726
Sub02_H_T37_R_C01,Sub02_H,healthy,30,37,right,1,gait_initiation,29251,29361,110,1.0699999999999932,-546.5
Sub02_H_T37_R_C02,Sub02_H,healthy,30,37,right,2,unassigned_steady_or_transition,29361,29485,124,1.1999999999999886,-546.5
Sub02_H_T37_R_C03,Sub02_H,healthy,30,37,right,3,unassigned_steady_or_transition,29485,29603,118,1.1499999999999773,-546.5
Sub02_H_T37_R_C04,Sub02_H,healthy,30,37,right,4,unassigned_steady_or_transition,29603,29728,125,1.2099999999999795,-546.5
Sub02_H_T37_R_C05,Sub02_H,healthy,30,37,right,5,unassigned_steady_or_transition,29728,29848,120,1.160000000000025,-546.5
Sub02_H_T37_R_C06,Sub02_H,healthy,30,37,right,6,unassigned_steady_or_transition,29848,30001,153,1.490000000000009,-546.5
Sub02_H_T37_R_C07,Sub02_H,healthy,30,37,right,7,unassigned_steady_or_transition,30001,30094,93,0.8899999999999864,-546.5
Sub02_H_T37_R_C08,Sub02_H,healthy,30,37,right,8,unassigned_steady_or_transition,30094,30222,128,1.240000000000009,-546.5
Sub02_H_T37_R_C09,Sub02_H,healthy,30,37,right,9,unassigned_steady_or_transition,30222,30343,121,1.170000000000016,-546.5
Sub02_H_T37_R_C10,Sub02_H,healthy,30,37,right,10,gait_termination,30343,30497,154,1.490000000000009,-546.5
Sub02_H_T38_L_C01,Sub02_H,healthy,30,38,left,1,gait_initiation,31824,31939,115,1.1200000000000045,-908.6869999999999
Sub02_H_T38_L_C02,Sub02_H,healthy,30,38,left,2,unassigned_steady_or_transition,31939,32060,121,1.170000000000016,-908.6869999999999
Sub02_H_T38_L_C03,Sub02_H,healthy,30,38,left,3,unassigned_steady_or_transition,32060,32184,124,1.1999999999999886,-908.6869999999999
Sub02_H_T38_L_C04,Sub02_H,healthy,30,38,left,4,unassigned_steady_or_transition,32184,32305,121,1.1800000000000068,-908.6869999999999
Sub02_H_T38_L_C05,Sub02_H,healthy,30,38,left,5,unassigned_steady_or_transition,32305,32426,121,1.169999999999959,-908.6869999999999
Sub02_H_T38_L_C06,Sub02_H,healthy,30,38,left,6,unassigned_steady_or_transition,32426,32519,93,0.8999999999999773,-908.6869999999999
Sub02_H_T38_L_C07,Sub02_H,healthy,30,38,left,7,unassigned_steady_or_transition,32519,32673,154,1.5,-908.6869999999999
Sub02_H_T38_L_C08,Sub02_H,healthy,30,38,left,8,unassigned_steady_or_transition,32673,32755,82,0.7900000000000205,-908.6869999999999
Sub02_H_T38_L_C09,Sub02_H,healthy,30,38,left,9,unassigned_steady_or_transition,32755,32911,156,1.5199999999999818,-908.6869999999999
Sub02_H_T38_L_C10,Sub02_H,healthy,30,38,left,10,gait_termination,32911,33000,89,0.8699999999999477,-908.6869999999999
Sub02_H_T38_R_C01,Sub02_H,healthy,30,38,right,1,gait_initiation,31817,31934,117,1.1399999999999864,477.24500000000006
Sub02_H_T38_R_C02,Sub02_H,healthy,30,38,right,2,unassigned_steady_or_transition,31934,32056,122,1.17999999999995,477.24500000000006
Sub02_H_T38_R_C03,Sub02_H,healthy,30,38,right,3,unassigned_steady_or_transition,32056,32179,123,1.1899999999999977,477.24500000000006
Sub02_H_T38_R_C04,Sub02_H,healthy,30,38,right,4,unassigned_steady_or_transition,32179,32300,121,1.1800000000000068,477.24500000000006
Sub02_H_T38_R_C05,Sub02_H,healthy,30,38,right,5,unassigned_steady_or_transition,32300,32420,120,1.1599999999999682,477.24500000000006
Sub02_H_T38_R_C06,Sub02_H,healthy,30,38,right,6,unassigned_steady_or_transition,32420,32544,124,1.2099999999999795,477.24500000000006
Sub02_H_T38_R_C07,Sub02_H,healthy,30,38,right,7,unassigned_steady_or_transition,32544,32666,122,1.1800000000000068,477.24500000000006
Sub02_H_T38_R_C08,Sub02_H,healthy,30,38,right,8,unassigned_steady_or_transition,32666,32783,117,1.1399999999999864,477.24500000000006
Sub02_H_T38_R_C09,Sub02_H,healthy,30,38,right,9,unassigned_steady_or_transition,32783,32907,124,1.1999999999999886,477.24500000000006
Sub02_H_T38_R_C10,Sub02_H,healthy,30,38,right,10,gait_termination,32907,33028,121,1.1800000000000068,477.24500000000006
Sub02_H_T39_L_C01,Sub02_H,healthy,30,39,left,1,gait_initiation,34405,34526,121,1.170000000000016,844.2319
Sub02_H_T39_L_C02,Sub02_H,healthy,30,39,left,2,unassigned_steady_or_transition,34526,34648,122,1.1800000000000068,844.2319
Sub02_H_T39_L_C03,Sub02_H,healthy,30,39,left,3,unassigned_steady_or_transition,34648,34772,124,1.1899999999999977,844.2319
Sub02_H_T39_L_C04,Sub02_H,healthy,30,39,left,4,unassigned_steady_or_transition,34772,34894,122,1.1800000000000068,844.2319
Sub02_H_T39_L_C05,Sub02_H,healthy,30,39,left,5,unassigned_steady_or_transition,34894,35019,125,1.2099999999999795,844.2319
Sub02_H_T39_L_C06,Sub02_H,healthy,30,39,left,6,unassigned_steady_or_transition,35019,35137,118,1.1299999999999955,844.2319
Sub02_H_T39_L_C07,Sub02_H,healthy,30,39,left,7,unassigned_steady_or_transition,35137,35263,126,1.2200000000000273,844.2319
Sub02_H_T39_L_C08,Sub02_H,healthy,30,39,left,8,unassigned_steady_or_transition,35263,35386,123,1.1899999999999977,844.2319
Sub02_H_T39_L_C09,Sub02_H,healthy,30,39,left,9,unassigned_steady_or_transition,35386,35508,122,1.1800000000000068,844.2319
Sub02_H_T39_L_C10,Sub02_H,healthy,30,39,left,10,gait_termination,35508,35632,124,1.1999999999999886,844.2319
Sub02_H_T39_R_C01,Sub02_H,healthy,30,39,right,1,gait_initiation,34466,34584,118,1.1399999999999864,496.25
Sub02_H_T39_R_C02,Sub02_H,healthy,30,39,right,2,unassigned_steady_or_transition,34584,34710,126,1.2200000000000273,496.25
Sub02_H_T39_R_C03,Sub02_H,healthy,30,39,right,3,unassigned_steady_or_transition,34710,34833,123,1.1899999999999977,496.25
Sub02_H_T39_R_C04,Sub02_H,healthy,30,39,right,4,unassigned_steady_or_transition,34833,34956,123,1.1899999999999977,496.25
Sub02_H_T39_R_C05,Sub02_H,healthy,30,39,right,5,unassigned_steady_or_transition,34956,35074,118,1.1399999999999864,496.25
Sub02_H_T39_R_C06,Sub02_H,healthy,30,39,right,6,unassigned_steady_or_transition,35074,35196,122,1.169999999999959,496.25
Sub02_H_T39_R_C07,Sub02_H,healthy,30,39,right,7,unassigned_steady_or_transition,35196,35324,128,1.2299999999999613,496.25
Sub02_H_T39_R_C08,Sub02_H,healthy,30,39,right,8,unassigned_steady_or_transition,35324,35447,123,1.17999999999995,496.25
Sub02_H_T39_R_C09,Sub02_H,healthy,30,39,right,9,unassigned_steady_or_transition,35447,35569,122,1.17999999999995,496.25
Sub02_H_T39_R_C10,Sub02_H,healthy,30,39,right,10,gait_termination,35569,35697,128,1.2399999999999523,496.25
Sub03_H_T01_L_C01,Sub03_H,healthy,1,1,left,1,gait_initiation,2846,2899,53,0.5,780.0165
Sub03_H_T01_L_C02,Sub03_H,healthy,1,1,left,2,unassigned_steady_or_transition,2899,3017,118,1.1499999999999773,780.0165
Sub03_H_T01_L_C03,Sub03_H,healthy,1,1,left,3,unassigned_steady_or_transition,3017,3165,148,1.420000000000016,780.0165
Sub03_H_T01_L_C04,Sub03_H,healthy,1,1,left,4,unassigned_steady_or_transition,3165,3321,156,1.509999999999991,780.0165
Sub03_H_T01_L_C05,Sub03_H,healthy,1,1,left,5,unassigned_steady_or_transition,3321,3507,186,1.8000000000000114,780.0165
Sub03_H_T01_L_C06,Sub03_H,healthy,1,1,left,6,unassigned_steady_or_transition,3773,3948,175,1.670000000000016,780.0165
Sub03_H_T01_L_C07,Sub03_H,healthy,1,1,left,7,unassigned_steady_or_transition,3948,4082,134,1.2699999999999818,780.0165
Sub03_H_T01_L_C08,Sub03_H,healthy,1,1,left,8,unassigned_steady_or_transition,4082,4208,126,1.2000000000000455,780.0165
Sub03_H_T01_L_C09,Sub03_H,healthy,1,1,left,9,unassigned_steady_or_transition,4208,4341,133,1.259999999999991,780.0165
Sub03_H_T01_L_C10,Sub03_H,healthy,1,1,left,10,unassigned_steady_or_transition,4341,4470,129,1.2300000000000182,780.0165
Sub03_H_T01_L_C11,Sub03_H,healthy,1,1,left,11,unassigned_steady_or_transition,4470,4604,134,1.259999999999991,780.0165
Sub03_H_T01_L_C12,Sub03_H,healthy,1,1,left,12,unassigned_steady_or_transition,4604,4722,118,1.1100000000000136,780.0165
Sub03_H_T01_L_C13,Sub03_H,healthy,1,1,left,13,unassigned_steady_or_transition,5123,5280,157,1.490000000000009,780.0165
Sub03_H_T01_L_C14,Sub03_H,healthy,1,1,left,14,unassigned_steady_or_transition,5280,5411,131,1.25,780.0165
Sub03_H_T01_L_C15,Sub03_H,healthy,1,1,left,15,unassigned_steady_or_transition,5411,5544,133,1.2699999999999818,780.0165
Sub03_H_T01_L_C16,Sub03_H,healthy,1,1,left,16,unassigned_steady_or_transition,5544,5733,189,1.7999999999999545,780.0165
Sub03_H_T01_L_C17,Sub03_H,healthy,1,1,left,17,unassigned_steady_or_transition,5733,5931,198,1.8899999999999864,780.0165
Sub03_H_T01_L_C18,Sub03_H,healthy,1,1,left,18,unassigned_steady_or_transition,6374,6576,202,1.9499999999999886,780.0165
Sub03_H_T01_L_C19,Sub03_H,healthy,1,1,left,19,unassigned_steady_or_transition,6576,6710,134,1.2899999999999636,780.0165
Sub03_H_T01_L_C20,Sub03_H,healthy,1,1,left,20,unassigned_steady_or_transition,6710,6832,122,1.170000000000016,780.0165
Sub03_H_T01_L_C21,Sub03_H,healthy,1,1,left,21,unassigned_steady_or_transition,6832,6948,116,1.1200000000000045,780.0165
Sub03_H_T01_L_C22,Sub03_H,healthy,1,1,left,22,unassigned_steady_or_transition,6948,7069,121,1.150000000000034,780.0165
Sub03_H_T01_L_C23,Sub03_H,healthy,1,1,left,23,unassigned_steady_or_transition,7069,7195,126,1.1999999999999886,780.0165
Sub03_H_T01_L_C24,Sub03_H,healthy,1,1,left,24,unassigned_steady_or_transition,7195,7288,93,0.8700000000000045,780.0165
Sub03_H_T01_L_C25,Sub03_H,healthy,1,1,left,25,unassigned_steady_or_transition,7288,7429,141,1.330000000000041,780.0165
Sub03_H_T01_L_C26,Sub03_H,healthy,1,1,left,26,unassigned_steady_or_transition,7429,7670,241,2.3100000000000023,780.0165
Sub03_H_T01_L_C27,Sub03_H,healthy,1,1,left,27,unassigned_steady_or_transition,8222,8345,123,1.1899999999999977,780.0165
Sub03_H_T01_L_C28,Sub03_H,healthy,1,1,left,28,unassigned_steady_or_transition,8345,8508,163,1.5300000000000296,780.0165
Sub03_H_T01_L_C29,Sub03_H,healthy,1,1,left,29,unassigned_steady_or_transition,8508,8633,125,1.1800000000000068,780.0165
Sub03_H_T01_L_C30,Sub03_H,healthy,1,1,left,30,unassigned_steady_or_transition,8633,8762,129,1.2199999999999704,780.0165
Sub03_H_T01_L_C31,Sub03_H,healthy,1,1,left,31,unassigned_steady_or_transition,9518,9641,123,1.160000000000025,780.0165
Sub03_H_T01_L_C32,Sub03_H,healthy,1,1,left,32,unassigned_steady_or_transition,9641,9865,224,2.1299999999999955,780.0165
Sub03_H_T01_L_C33,Sub03_H,healthy,1,1,left,33,unassigned_steady_or_transition,10146,10273,127,1.2200000000000273,780.0165
Sub03_H_T01_L_C34,Sub03_H,healthy,1,1,left,34,unassigned_steady_or_transition,10273,10401,128,1.2300000000000182,780.0165
Sub03_H_T01_L_C35,Sub03_H,healthy,1,1,left,35,unassigned_steady_or_transition,10401,10537,136,1.3100000000000023,780.0165
Sub03_H_T01_L_C36,Sub03_H,healthy,1,1,left,36,unassigned_steady_or_transition,10537,10676,139,1.3400000000000318,780.0165
Sub03_H_T01_L_C37,Sub03_H,healthy,1,1,left,37,unassigned_steady_or_transition,10676,10808,132,1.2699999999999818,780.0165
Sub03_H_T01_L_C38,Sub03_H,healthy,1,1,left,38,unassigned_steady_or_transition,10808,10922,114,1.079999999999984,780.0165
Sub03_H_T01_L_C39,Sub03_H,healthy,1,1,left,39,unassigned_steady_or_transition,10922,11052,130,1.2299999999999613,780.0165
Sub03_H_T01_L_C40,Sub03_H,healthy,1,1,left,40,unassigned_steady_or_transition,11052,11170,118,1.1300000000000523,780.0165
Sub03_H_T01_L_C41,Sub03_H,healthy,1,1,left,41,unassigned_steady_or_transition,11170,11286,116,1.099999999999966,780.0165
Sub03_H_T01_L_C42,Sub03_H,healthy,1,1,left,42,unassigned_steady_or_transition,11286,11404,118,1.1300000000000523,780.0165
Sub03_H_T01_L_C43,Sub03_H,healthy,1,1,left,43,unassigned_steady_or_transition,11404,11517,113,1.0600000000000023,780.0165
Sub03_H_T01_L_C44,Sub03_H,healthy,1,1,left,44,unassigned_steady_or_transition,11517,11657,140,1.3100000000000023,780.0165
Sub03_H_T01_L_C45,Sub03_H,healthy,1,1,left,45,unassigned_steady_or_transition,11657,11802,145,1.3799999999999955,780.0165
Sub03_H_T01_L_C46,Sub03_H,healthy,1,1,left,46,unassigned_steady_or_transition,11802,11921,119,1.1299999999999955,780.0165
Sub03_H_T01_L_C47,Sub03_H,healthy,1,1,left,47,unassigned_steady_or_transition,11921,12050,129,1.2299999999999613,780.0165
Sub03_H_T01_L_C48,Sub03_H,healthy,1,1,left,48,unassigned_steady_or_transition,12050,12182,132,1.25,780.0165
Sub03_H_T01_L_C49,Sub03_H,healthy,1,1,left,49,unassigned_steady_or_transition,12182,12307,125,1.1899999999999977,780.0165
Sub03_H_T01_L_C50,Sub03_H,healthy,1,1,left,50,unassigned_steady_or_transition,12307,12428,121,1.1499999999999773,780.0165
Sub03_H_T01_L_C51,Sub03_H,healthy,1,1,left,51,unassigned_steady_or_transition,12428,12568,140,1.3400000000000318,780.0165
Sub03_H_T01_L_C52,Sub03_H,healthy,1,1,left,52,unassigned_steady_or_transition,12568,12697,129,1.2300000000000182,780.0165
Sub03_H_T01_L_C53,Sub03_H,healthy,1,1,left,53,unassigned_steady_or_transition,12697,12812,115,1.1000000000000227,780.0165
Sub03_H_T01_L_C54,Sub03_H,healthy,1,1,left,54,unassigned_steady_or_transition,12812,12941,129,1.240000000000009,780.0165
Sub03_H_T01_L_C55,Sub03_H,healthy,1,1,left,55,unassigned_steady_or_transition,12941,13063,122,1.169999999999959,780.0165
Sub03_H_T01_L_C56,Sub03_H,healthy,1,1,left,56,gait_termination,13063,13181,118,1.1299999999999955,780.0165
Sub03_H_T01_R_C01,Sub03_H,healthy,1,1,right,1,gait_initiation,2905,3080,175,1.6999999999999886,659.6
Sub03_H_T01_R_C02,Sub03_H,healthy,1,1,right,2,unassigned_steady_or_transition,3080,3229,149,1.4300000000000068,659.6
Sub03_H_T01_R_C03,Sub03_H,healthy,1,1,right,3,unassigned_steady_or_transition,3229,3395,166,1.6000000000000227,659.6
Sub03_H_T01_R_C04,Sub03_H,healthy,1,1,right,4,unassigned_steady_or_transition,3395,3620,225,2.180000000000007,659.6
Sub03_H_T01_R_C05,Sub03_H,healthy,1,1,right,5,unassigned_steady_or_transition,3620,3852,232,2.259999999999991,659.6
Sub03_H_T01_R_C06,Sub03_H,healthy,1,1,right,6,unassigned_steady_or_transition,3852,4011,159,1.509999999999991,659.6
Sub03_H_T01_R_C07,Sub03_H,healthy,1,1,right,7,unassigned_steady_or_transition,4011,4134,123,1.1599999999999682,659.6
Sub03_H_T01_R_C08,Sub03_H,healthy,1,1,right,8,unassigned_steady_or_transition,4134,4264,130,1.2300000000000182,659.6
Sub03_H_T01_R_C09,Sub03_H,healthy,1,1,right,9,unassigned_steady_or_transition,4264,4401,137,1.3000000000000114,659.6
Sub03_H_T01_R_C10,Sub03_H,healthy,1,1,right,10,unassigned_steady_or_transition,4401,4529,128,1.2200000000000273,659.6
Sub03_H_T01_R_C11,Sub03_H,healthy,1,1,right,11,unassigned_steady_or_transition,4529,4663,134,1.2699999999999818,659.6
Sub03_H_T01_R_C12,Sub03_H,healthy,1,1,right,12,unassigned_steady_or_transition,5339,5469,130,1.240000000000009,659.6
Sub03_H_T01_R_C13,Sub03_H,healthy,1,1,right,13,unassigned_steady_or_transition,5469,5616,147,1.3999999999999773,659.6
Sub03_H_T01_R_C14,Sub03_H,healthy,1,1,right,14,unassigned_steady_or_transition,5616,5825,209,2.0,659.6
Sub03_H_T01_R_C15,Sub03_H,healthy,1,1,right,15,unassigned_steady_or_transition,5825,6014,189,1.7899999999999636,659.6
Sub03_H_T01_R_C16,Sub03_H,healthy,1,1,right,16,unassigned_steady_or_transition,6014,6227,213,2.0600000000000023,659.6
Sub03_H_T01_R_C17,Sub03_H,healthy,1,1,right,17,unassigned_steady_or_transition,6496,6640,144,1.3899999999999864,659.6
Sub03_H_T01_R_C18,Sub03_H,healthy,1,1,right,18,unassigned_steady_or_transition,6640,6767,127,1.2199999999999704,659.6
Sub03_H_T01_R_C19,Sub03_H,healthy,1,1,right,19,unassigned_steady_or_transition,6767,6883,116,1.1200000000000045,659.6
Sub03_H_T01_R_C20,Sub03_H,healthy,1,1,right,20,unassigned_steady_or_transition,6883,6933,50,0.4700000000000273,659.6
Sub03_H_T01_R_C21,Sub03_H,healthy,1,1,right,21,unassigned_steady_or_transition,6933,6998,65,0.6200000000000045,659.6
Sub03_H_T01_R_C22,Sub03_H,healthy,1,1,right,22,unassigned_steady_or_transition,6998,7130,132,1.259999999999991,659.6
Sub03_H_T01_R_C23,Sub03_H,healthy,1,1,right,23,unassigned_steady_or_transition,7130,7249,119,1.1299999999999955,659.6
Sub03_H_T01_R_C24,Sub03_H,healthy,1,1,right,24,unassigned_steady_or_transition,7249,7361,112,1.0499999999999545,659.6
Sub03_H_T01_R_C25,Sub03_H,healthy,1,1,right,25,unassigned_steady_or_transition,7361,7597,236,2.2399999999999523,659.6
Sub03_H_T01_R_C26,Sub03_H,healthy,1,1,right,26,unassigned_steady_or_transition,7597,7730,133,1.2899999999999636,659.6
Sub03_H_T01_R_C27,Sub03_H,healthy,1,1,right,27,unassigned_steady_or_transition,8283,8418,135,1.3000000000000114,659.6
Sub03_H_T01_R_C28,Sub03_H,healthy,1,1,right,28,unassigned_steady_or_transition,8418,8567,149,1.400000000000034,659.6
Sub03_H_T01_R_C29,Sub03_H,healthy,1,1,right,29,unassigned_steady_or_transition,8567,8701,134,1.2699999999999818,659.6
Sub03_H_T01_R_C30,Sub03_H,healthy,1,1,right,30,unassigned_steady_or_transition,8701,8846,145,1.3600000000000136,659.6
Sub03_H_T01_R_C31,Sub03_H,healthy,1,1,right,31,unassigned_steady_or_transition,9936,10062,126,1.1999999999999886,659.6
Sub03_H_T01_R_C32,Sub03_H,healthy,1,1,right,32,unassigned_steady_or_transition,10062,10202,140,1.3500000000000227,659.6
Sub03_H_T01_R_C33,Sub03_H,healthy,1,1,right,33,unassigned_steady_or_transition,10202,10329,127,1.2200000000000273,659.6
Sub03_H_T01_R_C34,Sub03_H,healthy,1,1,right,34,unassigned_steady_or_transition,10329,10467,138,1.329999999999984,659.6
Sub03_H_T01_R_C35,Sub03_H,healthy,1,1,right,35,unassigned_steady_or_transition,10467,10596,129,1.240000000000009,659.6
Sub03_H_T01_R_C36,Sub03_H,healthy,1,1,right,36,unassigned_steady_or_transition,10596,10741,145,1.400000000000034,659.6
Sub03_H_T01_R_C37,Sub03_H,healthy,1,1,right,37,unassigned_steady_or_transition,10741,10859,118,1.1299999999999955,659.6
Sub03_H_T01_R_C38,Sub03_H,healthy,1,1,right,38,unassigned_steady_or_transition,10859,10980,121,1.1499999999999773,659.6
Sub03_H_T01_R_C39,Sub03_H,healthy,1,1,right,39,unassigned_steady_or_transition,10980,11108,128,1.2099999999999795,659.6
Sub03_H_T01_R_C40,Sub03_H,healthy,1,1,right,40,unassigned_steady_or_transition,11108,11225,117,1.1200000000000045,659.6
Sub03_H_T01_R_C41,Sub03_H,healthy,1,1,right,41,unassigned_steady_or_transition,11225,11341,116,1.1000000000000227,659.6
Sub03_H_T01_R_C42,Sub03_H,healthy,1,1,right,42,unassigned_steady_or_transition,11341,11464,123,1.170000000000016,659.6
Sub03_H_T01_R_C43,Sub03_H,healthy,1,1,right,43,unassigned_steady_or_transition,11464,11590,126,1.1800000000000068,659.6
Sub03_H_T01_R_C44,Sub03_H,healthy,1,1,right,44,unassigned_steady_or_transition,11590,11720,130,1.2300000000000182,659.6
Sub03_H_T01_R_C45,Sub03_H,healthy,1,1,right,45,unassigned_steady_or_transition,11720,11858,138,1.3199999999999932,659.6
Sub03_H_T01_R_C46,Sub03_H,healthy,1,1,right,46,unassigned_steady_or_transition,11858,11980,122,1.160000000000025,659.6
Sub03_H_T01_R_C47,Sub03_H,healthy,1,1,right,47,unassigned_steady_or_transition,11980,12105,125,1.1899999999999977,659.6
Sub03_H_T01_R_C48,Sub03_H,healthy,1,1,right,48,unassigned_steady_or_transition,12105,12240,135,1.2799999999999727,659.6
Sub03_H_T01_R_C49,Sub03_H,healthy,1,1,right,49,unassigned_steady_or_transition,12240,12364,124,1.17999999999995,659.6
Sub03_H_T01_R_C50,Sub03_H,healthy,1,1,right,50,unassigned_steady_or_transition,12364,12493,129,1.2199999999999704,659.6
Sub03_H_T01_R_C51,Sub03_H,healthy,1,1,right,51,unassigned_steady_or_transition,12493,12628,135,1.3000000000000114,659.6
Sub03_H_T01_R_C52,Sub03_H,healthy,1,1,right,52,unassigned_steady_or_transition,12628,12750,122,1.170000000000016,659.6
Sub03_H_T01_R_C53,Sub03_H,healthy,1,1,right,53,unassigned_steady_or_transition,12750,12870,120,1.150000000000034,659.6
Sub03_H_T01_R_C54,Sub03_H,healthy,1,1,right,54,unassigned_steady_or_transition,12870,12992,122,1.169999999999959,659.6
Sub03_H_T01_R_C55,Sub03_H,healthy,1,1,right,55,unassigned_steady_or_transition,12992,13042,50,0.46999999999997044,659.6
Sub03_H_T01_R_C56,Sub03_H,healthy,1,1,right,56,unassigned_steady_or_transition,13042,13121,79,0.7599999999999909,659.6
Sub03_H_T01_R_C57,Sub03_H,healthy,1,1,right,57,unassigned_steady_or_transition,13121,13303,182,1.7399999999999523,659.6
Sub03_H_T01_R_C58,Sub03_H,healthy,1,1,right,58,gait_termination,13303,13449,146,1.3699999999999477,659.6
Sub03_H_T02_L_C01,Sub03_H,healthy,1,2,left,1,gait_initiation,24104,24268,164,1.5599999999999454,1028.5199000000002
Sub03_H_T02_R_C01,Sub03_H,healthy,1,2,right,1,gait_initiation,23930,24106,176,1.6700000000000728,-808.2199999999997
Sub03_H_T02_R_C02,Sub03_H,healthy,1,2,right,2,gait_termination,24106,24266,160,1.5199999999999818,-808.2199999999997
Sub03_H_T03_R_C01,Sub03_H,healthy,1,3,right,1,gait_initiation,27322,27565,243,2.3099999999999454,875.5700000000002
Sub03_H_T04_L_C01,Sub03_H,healthy,1,4,left,1,gait_initiation,30668,30801,133,1.2699999999999818,-1098.8489
Sub03_H_T04_R_C01,Sub03_H,healthy,1,4,right,1,gait_initiation,30667,30798,131,1.25,817.9300000000001
Sub03_H_T05_L_C01,Sub03_H,healthy,1,5,left,1,gait_initiation,33441,33557,116,1.1000000000000227,1073.05375
Sub03_H_T05_R_C01,Sub03_H,healthy,1,5,right,1,gait_initiation,33452,33569,117,1.1100000000000136,-859.45
Sub03_H_T05_R_C02,Sub03_H,healthy,1,5,right,2,gait_termination,33569,33761,192,1.8100000000000591,-859.45
Sub03_H_T06_L_C01,Sub03_H,healthy,1,6,left,1,gait_initiation,37054,37129,75,0.7099999999999227,-1097.1968
Sub03_H_T06_L_C02,Sub03_H,healthy,1,6,left,2,gait_termination,37129,37258,129,1.2200000000000273,-1097.1968
Sub03_H_T06_R_C01,Sub03_H,healthy,1,6,right,1,gait_initiation,36883,36964,81,0.7700000000000955,879.53
Sub03_H_T06_R_C02,Sub03_H,healthy,1,6,right,2,gait_termination,36964,37128,164,1.5699999999999363,879.53
Sub03_H_T07_L_C01,Sub03_H,healthy,1,7,left,1,gait_initiation,41336,41565,229,2.1800000000000637,1196.385
Sub03_H_T07_L_C02,Sub03_H,healthy,1,7,left,2,unassigned_steady_or_transition,41565,41650,85,0.8099999999999454,1196.385
Sub03_H_T07_L_C03,Sub03_H,healthy,1,7,left,3,unassigned_steady_or_transition,41650,41732,82,0.7699999999999818,1196.385
Sub03_H_T07_L_C04,Sub03_H,healthy,1,7,left,4,unassigned_steady_or_transition,41732,41806,74,0.7000000000000455,1196.385
Sub03_H_T07_L_C05,Sub03_H,healthy,1,7,left,5,gait_termination,41806,41885,79,0.75,1196.385
Sub03_H_T07_R_C01,Sub03_H,healthy,1,7,right,1,gait_initiation,39950,40071,121,1.1399999999999864,892.635
Sub03_H_T07_R_C02,Sub03_H,healthy,1,7,right,2,unassigned_steady_or_transition,40071,40245,174,1.6499999999999773,892.635
Sub03_H_T07_R_C03,Sub03_H,healthy,1,7,right,3,unassigned_steady_or_transition,41096,41200,104,0.9900000000000091,892.635
Sub03_H_T07_R_C04,Sub03_H,healthy,1,7,right,4,unassigned_steady_or_transition,41200,41268,68,0.6399999999999864,892.635
Sub03_H_T07_R_C05,Sub03_H,healthy,1,7,right,5,gait_termination,41268,41341,73,0.6899999999999409,892.635
Sub03_H_T08_L_C01,Sub03_H,healthy,1,8,left,1,gait_initiation,44418,44562,144,1.3600000000000136,-1009.0985000000001
Sub03_H_T08_R_C01,Sub03_H,healthy,1,8,right,1,gait_initiation,44473,44662,189,1.7799999999999727,-863.15
Sub03_H_T09_L_C01,Sub03_H,healthy,1,9,left,1,gait_initiation,47297,47430,133,1.25,-1115.12
Sub03_H_T10_L_C01,Sub03_H,healthy,1,10,left,1,gait_initiation,50556,50680,124,1.1600000000000819,-1037.5095
Sub03_H_T11_L_C01,Sub03_H,healthy,1,11,left,1,gait_initiation,53552,53700,148,1.400000000000091,-1105.0527
Sub03_H_T11_R_C01,Sub03_H,healthy,1,11,right,1,gait_initiation,53546,53691,145,1.3700000000000045,877.4000000000001
Sub03_H_T12_L_C01,Sub03_H,healthy,1,12,left,1,gait_initiation,56603,56738,135,1.2699999999999818,-1094.9735
Sub03_H_T12_L_C02,Sub03_H,healthy,1,12,left,2,unassigned_steady_or_transition,56738,56930,192,1.82000000000005,-1094.9735
Sub03_H_T12_L_C03,Sub03_H,healthy,1,12,left,3,unassigned_steady_or_transition,56930,57007,77,0.7300000000000182,-1094.9735
Sub03_H_T12_L_C04,Sub03_H,healthy,1,12,left,4,unassigned_steady_or_transition,57275,57351,76,0.7200000000000273,-1094.9735
Sub03_H_T12_L_C05,Sub03_H,healthy,1,12,left,5,unassigned_steady_or_transition,57351,57425,74,0.7000000000000455,-1094.9735
Sub03_H_T12_L_C06,Sub03_H,healthy,1,12,left,6,unassigned_steady_or_transition,57425,57495,70,0.6599999999999682,-1094.9735
Sub03_H_T12_L_C07,Sub03_H,healthy,1,12,left,7,unassigned_steady_or_transition,57495,57566,71,0.6700000000000728,-1094.9735
Sub03_H_T12_L_C08,Sub03_H,healthy,1,12,left,8,unassigned_steady_or_transition,57566,57633,67,0.6200000000000045,-1094.9735
Sub03_H_T12_L_C09,Sub03_H,healthy,1,12,left,9,unassigned_steady_or_transition,57633,57701,68,0.6399999999999864,-1094.9735
Sub03_H_T12_L_C10,Sub03_H,healthy,1,12,left,10,unassigned_steady_or_transition,57701,57769,68,0.6399999999999864,-1094.9735
Sub03_H_T12_L_C11,Sub03_H,healthy,1,12,left,11,unassigned_steady_or_transition,57769,57845,76,0.7200000000000273,-1094.9735
Sub03_H_T12_L_C12,Sub03_H,healthy,1,12,left,12,unassigned_steady_or_transition,57845,57918,73,0.6900000000000546,-1094.9735
Sub03_H_T12_L_C13,Sub03_H,healthy,1,12,left,13,unassigned_steady_or_transition,57918,57988,70,0.6599999999999682,-1094.9735
Sub03_H_T12_L_C14,Sub03_H,healthy,1,12,left,14,unassigned_steady_or_transition,57988,58058,70,0.6499999999999773,-1094.9735
Sub03_H_T12_L_C15,Sub03_H,healthy,1,12,left,15,unassigned_steady_or_transition,58058,58123,65,0.6200000000000045,-1094.9735
Sub03_H_T12_L_C16,Sub03_H,healthy,1,12,left,16,unassigned_steady_or_transition,58123,58224,101,0.9500000000000455,-1094.9735
Sub03_H_T12_L_C17,Sub03_H,healthy,1,12,left,17,unassigned_steady_or_transition,58224,58303,79,0.7400000000000091,-1094.9735
Sub03_H_T12_L_C18,Sub03_H,healthy,1,12,left,18,unassigned_steady_or_transition,58303,58383,80,0.7599999999999909,-1094.9735
Sub03_H_T12_L_C19,Sub03_H,healthy,1,12,left,19,unassigned_steady_or_transition,58383,58448,65,0.6000000000000227,-1094.9735
Sub03_H_T12_L_C20,Sub03_H,healthy,1,12,left,20,unassigned_steady_or_transition,58448,58514,66,0.6100000000000136,-1094.9735
Sub03_H_T12_L_C21,Sub03_H,healthy,1,12,left,21,unassigned_steady_or_transition,58514,58590,76,0.7100000000000364,-1094.9735
Sub03_H_T12_L_C22,Sub03_H,healthy,1,12,left,22,unassigned_steady_or_transition,58590,58662,72,0.6699999999999591,-1094.9735
Sub03_H_T12_L_C23,Sub03_H,healthy,1,12,left,23,unassigned_steady_or_transition,58662,58735,73,0.6800000000000637,-1094.9735
Sub03_H_T12_L_C24,Sub03_H,healthy,1,12,left,24,unassigned_steady_or_transition,58735,58815,80,0.75,-1094.9735
Sub03_H_T12_L_C25,Sub03_H,healthy,1,12,left,25,unassigned_steady_or_transition,58815,58891,76,0.7100000000000364,-1094.9735
Sub03_H_T12_L_C26,Sub03_H,healthy,1,12,left,26,unassigned_steady_or_transition,58891,58964,73,0.67999999999995,-1094.9735
Sub03_H_T12_L_C27,Sub03_H,healthy,1,12,left,27,unassigned_steady_or_transition,58964,59040,76,0.7100000000000364,-1094.9735
Sub03_H_T12_L_C28,Sub03_H,healthy,1,12,left,28,unassigned_steady_or_transition,59040,59114,74,0.7000000000000455,-1094.9735
Sub03_H_T12_L_C29,Sub03_H,healthy,1,12,left,29,unassigned_steady_or_transition,59114,59183,69,0.6499999999999773,-1094.9735
Sub03_H_T12_L_C30,Sub03_H,healthy,1,12,left,30,unassigned_steady_or_transition,59183,59254,71,0.6599999999999682,-1094.9735
Sub03_H_T12_L_C31,Sub03_H,healthy,1,12,left,31,unassigned_steady_or_transition,59254,59323,69,0.6499999999999773,-1094.9735
Sub03_H_T12_L_C32,Sub03_H,healthy,1,12,left,32,unassigned_steady_or_transition,59323,59438,115,1.0799999999999272,-1094.9735
Sub03_H_T12_L_C33,Sub03_H,healthy,1,12,left,33,unassigned_steady_or_transition,59780,60013,233,2.199999999999932,-1094.9735
Sub03_H_T12_L_C34,Sub03_H,healthy,1,12,left,34,unassigned_steady_or_transition,66401,66518,117,1.1000000000000227,-1094.9735
Sub03_H_T12_L_C35,Sub03_H,healthy,1,12,left,35,unassigned_steady_or_transition,66518,66596,78,0.7300000000000182,-1094.9735
Sub03_H_T12_L_C36,Sub03_H,healthy,1,12,left,36,unassigned_steady_or_transition,66596,66678,82,0.7699999999999818,-1094.9735
Sub03_H_T12_L_C37,Sub03_H,healthy,1,12,left,37,unassigned_steady_or_transition,66678,66757,79,0.7300000000000182,-1094.9735
Sub03_H_T12_L_C38,Sub03_H,healthy,1,12,left,38,unassigned_steady_or_transition,66757,66829,72,0.67999999999995,-1094.9735
Sub03_H_T12_L_C39,Sub03_H,healthy,1,12,left,39,unassigned_steady_or_transition,66829,66901,72,0.6700000000000728,-1094.9735
Sub03_H_T12_L_C40,Sub03_H,healthy,1,12,left,40,unassigned_steady_or_transition,66901,67049,148,1.3899999999999864,-1094.9735
Sub03_H_T12_L_C41,Sub03_H,healthy,1,12,left,41,unassigned_steady_or_transition,67049,67121,72,0.6699999999999591,-1094.9735
Sub03_H_T12_L_C42,Sub03_H,healthy,1,12,left,42,unassigned_steady_or_transition,67121,67202,81,0.7599999999999909,-1094.9735
Sub03_H_T12_L_C43,Sub03_H,healthy,1,12,left,43,unassigned_steady_or_transition,67202,67278,76,0.7099999999999227,-1094.9735
Sub03_H_T12_L_C44,Sub03_H,healthy,1,12,left,44,unassigned_steady_or_transition,67278,67363,85,0.7900000000000773,-1094.9735
Sub03_H_T12_L_C45,Sub03_H,healthy,1,12,left,45,unassigned_steady_or_transition,67363,67440,77,0.7200000000000273,-1094.9735
Sub03_H_T12_L_C46,Sub03_H,healthy,1,12,left,46,unassigned_steady_or_transition,67440,67519,79,0.7400000000000091,-1094.9735
Sub03_H_T12_L_C47,Sub03_H,healthy,1,12,left,47,unassigned_steady_or_transition,67519,67590,71,0.6599999999999682,-1094.9735
Sub03_H_T12_L_C48,Sub03_H,healthy,1,12,left,48,unassigned_steady_or_transition,67590,67814,224,2.1100000000000136,-1094.9735
Sub03_H_T12_L_C49,Sub03_H,healthy,1,12,left,49,unassigned_steady_or_transition,67814,67893,79,0.75,-1094.9735
Sub03_H_T12_L_C50,Sub03_H,healthy,1,12,left,50,unassigned_steady_or_transition,67893,67972,79,0.7400000000000091,-1094.9735
Sub03_H_T12_L_C51,Sub03_H,healthy,1,12,left,51,unassigned_steady_or_transition,67972,68043,71,0.6699999999999591,-1094.9735
Sub03_H_T12_L_C52,Sub03_H,healthy,1,12,left,52,unassigned_steady_or_transition,68043,68114,71,0.6599999999999682,-1094.9735
Sub03_H_T12_L_C53,Sub03_H,healthy,1,12,left,53,unassigned_steady_or_transition,68114,68165,51,0.4800000000000182,-1094.9735
Sub03_H_T12_L_C54,Sub03_H,healthy,1,12,left,54,unassigned_steady_or_transition,68165,68221,56,0.5199999999999818,-1094.9735
Sub03_H_T12_L_C55,Sub03_H,healthy,1,12,left,55,unassigned_steady_or_transition,68221,68279,58,0.5399999999999636,-1094.9735
Sub03_H_T12_L_C56,Sub03_H,healthy,1,12,left,56,unassigned_steady_or_transition,68279,68393,114,1.0600000000000591,-1094.9735
Sub03_H_T12_L_C57,Sub03_H,healthy,1,12,left,57,unassigned_steady_or_transition,68393,68454,61,0.5600000000000591,-1094.9735
Sub03_H_T12_L_C58,Sub03_H,healthy,1,12,left,58,unassigned_steady_or_transition,68454,68510,56,0.5199999999999818,-1094.9735
Sub03_H_T12_L_C59,Sub03_H,healthy,1,12,left,59,unassigned_steady_or_transition,68510,68569,59,0.5399999999999636,-1094.9735
Sub03_H_T12_L_C60,Sub03_H,healthy,1,12,left,60,unassigned_steady_or_transition,68569,68627,58,0.5400000000000773,-1094.9735
Sub03_H_T12_L_C61,Sub03_H,healthy,1,12,left,61,unassigned_steady_or_transition,68627,68682,55,0.5099999999999909,-1094.9735
Sub03_H_T12_L_C62,Sub03_H,healthy,1,12,left,62,unassigned_steady_or_transition,68682,68738,56,0.5099999999999909,-1094.9735
Sub03_H_T12_L_C63,Sub03_H,healthy,1,12,left,63,unassigned_steady_or_transition,68738,68793,55,0.5,-1094.9735
Sub03_H_T12_L_C64,Sub03_H,healthy,1,12,left,64,unassigned_steady_or_transition,68793,68851,58,0.5399999999999636,-1094.9735
Sub03_H_T12_L_C65,Sub03_H,healthy,1,12,left,65,unassigned_steady_or_transition,68851,68904,53,0.4899999999998954,-1094.9735
Sub03_H_T12_L_C66,Sub03_H,healthy,1,12,left,66,unassigned_steady_or_transition,68904,68963,59,0.5499999999999545,-1094.9735
Sub03_H_T12_L_C67,Sub03_H,healthy,1,12,left,67,unassigned_steady_or_transition,68963,69021,58,0.5299999999999727,-1094.9735
Sub03_H_T12_L_C68,Sub03_H,healthy,1,12,left,68,unassigned_steady_or_transition,69021,69080,59,0.5500000000000682,-1094.9735
Sub03_H_T12_L_C69,Sub03_H,healthy,1,12,left,69,unassigned_steady_or_transition,69080,69136,56,0.5199999999999818,-1094.9735
Sub03_H_T12_L_C70,Sub03_H,healthy,1,12,left,70,unassigned_steady_or_transition,69136,69194,58,0.5299999999999727,-1094.9735
Sub03_H_T12_L_C71,Sub03_H,healthy,1,12,left,71,unassigned_steady_or_transition,69194,69252,58,0.5400000000000773,-1094.9735
Sub03_H_T12_L_C72,Sub03_H,healthy,1,12,left,72,unassigned_steady_or_transition,69252,69309,57,0.5299999999999727,-1094.9735
Sub03_H_T12_L_C73,Sub03_H,healthy,1,12,left,73,unassigned_steady_or_transition,69309,69366,57,0.5199999999999818,-1094.9735
Sub03_H_T12_L_C74,Sub03_H,healthy,1,12,left,74,unassigned_steady_or_transition,69366,69423,57,0.5300000000000864,-1094.9735
Sub03_H_T12_L_C75,Sub03_H,healthy,1,12,left,75,unassigned_steady_or_transition,69423,69480,57,0.5299999999999727,-1094.9735
Sub03_H_T12_L_C76,Sub03_H,healthy,1,12,left,76,unassigned_steady_or_transition,69480,69539,59,0.5399999999999636,-1094.9735
Sub03_H_T12_L_C77,Sub03_H,healthy,1,12,left,77,unassigned_steady_or_transition,69539,69597,58,0.5400000000000773,-1094.9735
Sub03_H_T12_L_C78,Sub03_H,healthy,1,12,left,78,unassigned_steady_or_transition,69597,69656,59,0.5399999999999636,-1094.9735
Sub03_H_T12_L_C79,Sub03_H,healthy,1,12,left,79,unassigned_steady_or_transition,69656,69718,62,0.57000000000005,-1094.9735
Sub03_H_T12_L_C80,Sub03_H,healthy,1,12,left,80,unassigned_steady_or_transition,69718,69776,58,0.5299999999999727,-1094.9735
Sub03_H_T12_L_C81,Sub03_H,healthy,1,12,left,81,unassigned_steady_or_transition,69776,69836,60,0.5600000000000591,-1094.9735
Sub03_H_T12_L_C82,Sub03_H,healthy,1,12,left,82,unassigned_steady_or_transition,69836,69907,71,0.6499999999999773,-1094.9735
Sub03_H_T12_L_C83,Sub03_H,healthy,1,12,left,83,unassigned_steady_or_transition,69907,69962,55,0.5099999999999909,-1094.9735
Sub03_H_T12_L_C84,Sub03_H,healthy,1,12,left,84,unassigned_steady_or_transition,69962,70030,68,0.6200000000000045,-1094.9735
Sub03_H_T12_L_C85,Sub03_H,healthy,1,12,left,85,unassigned_steady_or_transition,70030,70095,65,0.6000000000000227,-1094.9735
Sub03_H_T12_L_C86,Sub03_H,healthy,1,12,left,86,unassigned_steady_or_transition,75332,75403,71,0.6600000000000819,-1094.9735
Sub03_H_T12_L_C87,Sub03_H,healthy,1,12,left,87,unassigned_steady_or_transition,75403,75486,83,0.7699999999999818,-1094.9735
Sub03_H_T12_L_C88,Sub03_H,healthy,1,12,left,88,unassigned_steady_or_transition,75486,75721,235,2.25,-1094.9735
Sub03_H_T12_L_C89,Sub03_H,healthy,1,12,left,89,unassigned_steady_or_transition,75721,75791,70,0.6600000000000819,-1094.9735
Sub03_H_T12_L_C90,Sub03_H,healthy,1,12,left,90,unassigned_steady_or_transition,76319,76400,81,0.75,-1094.9735
Sub03_H_T12_L_C91,Sub03_H,healthy,1,12,left,91,unassigned_steady_or_transition,76400,76474,74,0.6799999999998363,-1094.9735
Sub03_H_T12_L_C92,Sub03_H,healthy,1,12,left,92,unassigned_steady_or_transition,76474,76619,145,1.3500000000001364,-1094.9735
Sub03_H_T12_L_C93,Sub03_H,healthy,1,12,left,93,unassigned_steady_or_transition,76619,76685,66,0.6099999999999,-1094.9735
Sub03_H_T12_L_C94,Sub03_H,healthy,1,12,left,94,unassigned_steady_or_transition,76685,76749,64,0.6000000000001364,-1094.9735
Sub03_H_T12_L_C95,Sub03_H,healthy,1,12,left,95,unassigned_steady_or_transition,80142,80225,83,0.7899999999999636,-1094.9735
Sub03_H_T12_L_C96,Sub03_H,healthy,1,12,left,96,unassigned_steady_or_transition,80225,80319,94,0.8900000000001,-1094.9735
Sub03_H_T12_L_C97,Sub03_H,healthy,1,12,left,97,unassigned_steady_or_transition,80319,80413,94,0.8899999999998727,-1094.9735
Sub03_H_T12_L_C98,Sub03_H,healthy,1,12,left,98,unassigned_steady_or_transition,80413,80509,96,0.9100000000000819,-1094.9735
Sub03_H_T12_L_C99,Sub03_H,healthy,1,12,left,99,unassigned_steady_or_transition,80509,80595,86,0.8099999999999454,-1094.9735
Sub03_H_T12_L_C100,Sub03_H,healthy,1,12,left,100,unassigned_steady_or_transition,80595,80674,79,0.7400000000000091,-1094.9735
Sub03_H_T12_L_C101,Sub03_H,healthy,1,12,left,101,unassigned_steady_or_transition,80674,80751,77,0.7200000000000273,-1094.9735
Sub03_H_T12_L_C102,Sub03_H,healthy,1,12,left,102,gait_termination,80751,80831,80,0.7400000000000091,-1094.9735
Sub03_H_T12_R_C01,Sub03_H,healthy,1,12,right,1,gait_initiation,56608,56735,127,1.1899999999999409,947.0
Sub03_H_T12_R_C02,Sub03_H,healthy,1,12,right,2,unassigned_steady_or_transition,56735,56870,135,1.2799999999999727,947.0
Sub03_H_T12_R_C03,Sub03_H,healthy,1,12,right,3,unassigned_steady_or_transition,58385,58456,71,0.6600000000000819,947.0
Sub03_H_T12_R_C04,Sub03_H,healthy,1,12,right,4,unassigned_steady_or_transition,59254,59408,154,1.4599999999999227,947.0
Sub03_H_T12_R_C05,Sub03_H,healthy,1,12,right,5,unassigned_steady_or_transition,61926,61995,69,0.6399999999999864,947.0
Sub03_H_T12_R_C06,Sub03_H,healthy,1,12,right,6,unassigned_steady_or_transition,61995,62220,225,2.1200000000000045,947.0
Sub03_H_T12_R_C07,Sub03_H,healthy,1,12,right,7,unassigned_steady_or_transition,62588,62824,236,2.2200000000000273,947.0
Sub03_H_T12_R_C08,Sub03_H,healthy,1,12,right,8,unassigned_steady_or_transition,62824,62965,141,1.330000000000041,947.0
Sub03_H_T12_R_C09,Sub03_H,healthy,1,12,right,9,unassigned_steady_or_transition,62965,63212,247,2.3299999999999272,947.0
Sub03_H_T12_R_C10,Sub03_H,healthy,1,12,right,10,unassigned_steady_or_transition,63515,63750,235,2.2099999999999227,947.0
Sub03_H_T12_R_C11,Sub03_H,healthy,1,12,right,11,unassigned_steady_or_transition,63750,63899,149,1.3999999999999773,947.0
Sub03_H_T12_R_C12,Sub03_H,healthy,1,12,right,12,unassigned_steady_or_transition,65972,66235,263,2.4699999999999136,947.0
Sub03_H_T12_R_C13,Sub03_H,healthy,1,12,right,13,unassigned_steady_or_transition,66235,66468,233,2.2000000000000455,947.0
Sub03_H_T12_R_C14,Sub03_H,healthy,1,12,right,14,unassigned_steady_or_transition,66468,66527,59,0.5500000000000682,947.0
Sub03_H_T12_R_C15,Sub03_H,healthy,1,12,right,15,unassigned_steady_or_transition,66527,66769,242,2.2799999999999727,947.0
Sub03_H_T12_R_C16,Sub03_H,healthy,1,12,right,16,unassigned_steady_or_transition,66769,66847,78,0.7300000000000182,947.0
Sub03_H_T12_R_C17,Sub03_H,healthy,1,12,right,17,unassigned_steady_or_transition,68281,68530,249,2.3299999999999272,947.0
Sub03_H_T12_R_C18,Sub03_H,healthy,1,12,right,18,unassigned_steady_or_transition,68530,68587,57,0.5200000000000955,947.0
Sub03_H_T12_R_C19,Sub03_H,healthy,1,12,right,19,unassigned_steady_or_transition,68587,68701,114,1.0699999999999363,947.0
Sub03_H_T12_R_C20,Sub03_H,healthy,1,12,right,20,unassigned_steady_or_transition,68701,68759,58,0.5299999999999727,947.0
Sub03_H_T12_R_C21,Sub03_H,healthy,1,12,right,21,unassigned_steady_or_transition,68759,68927,168,1.5799999999999272,947.0
Sub03_H_T12_R_C22,Sub03_H,healthy,1,12,right,22,unassigned_steady_or_transition,69204,69389,185,1.7300000000000182,947.0
Sub03_H_T12_R_C23,Sub03_H,healthy,1,12,right,23,unassigned_steady_or_transition,72398,72646,248,2.3299999999999272,947.0
Sub03_H_T12_R_C24,Sub03_H,healthy,1,12,right,24,unassigned_steady_or_transition,72646,72822,176,1.6399999999999864,947.0
Sub03_H_T12_R_C25,Sub03_H,healthy,1,12,right,25,unassigned_steady_or_transition,72822,73081,259,2.439999999999941,947.0
Sub03_H_T12_R_C26,Sub03_H,healthy,1,12,right,26,unassigned_steady_or_transition,73081,73233,152,1.4200000000000728,947.0
Sub03_H_T12_R_C27,Sub03_H,healthy,1,12,right,27,unassigned_steady_or_transition,73233,73471,238,2.2299999999999045,947.0
Sub03_H_T12_R_C28,Sub03_H,healthy,1,12,right,28,unassigned_steady_or_transition,73471,73556,85,0.7899999999999636,947.0
Sub03_H_T12_R_C29,Sub03_H,healthy,1,12,right,29,unassigned_steady_or_transition,73556,73617,61,0.5599999999999454,947.0
Sub03_H_T12_R_C30,Sub03_H,healthy,1,12,right,30,unassigned_steady_or_transition,73617,73771,154,1.4400000000000546,947.0
Sub03_H_T12_R_C31,Sub03_H,healthy,1,12,right,31,unassigned_steady_or_transition,73771,73852,81,0.7599999999999909,947.0
Sub03_H_T12_R_C32,Sub03_H,healthy,1,12,right,32,unassigned_steady_or_transition,73852,73936,84,0.7799999999999727,947.0
Sub03_H_T12_R_C33,Sub03_H,healthy,1,12,right,33,unassigned_steady_or_transition,73936,74044,108,1.0,947.0
Sub03_H_T12_R_C34,Sub03_H,healthy,1,12,right,34,unassigned_steady_or_transition,74044,74163,119,1.1100000000001273,947.0
Sub03_H_T12_R_C35,Sub03_H,healthy,1,12,right,35,unassigned_steady_or_transition,74163,74243,80,0.7400000000000091,947.0
Sub03_H_T12_R_C36,Sub03_H,healthy,1,12,right,36,unassigned_steady_or_transition,74243,74400,157,1.4700000000000273,947.0
Sub03_H_T12_R_C37,Sub03_H,healthy,1,12,right,37,unassigned_steady_or_transition,74400,74646,246,2.349999999999909,947.0
Sub03_H_T12_R_C38,Sub03_H,healthy,1,12,right,38,unassigned_steady_or_transition,74646,74810,164,1.5399999999999636,947.0
Sub03_H_T12_R_C39,Sub03_H,healthy,1,12,right,39,unassigned_steady_or_transition,74810,74886,76,0.7000000000000455,947.0
Sub03_H_T12_R_C40,Sub03_H,healthy,1,12,right,40,unassigned_steady_or_transition,74886,74954,68,0.6300000000001091,947.0
Sub03_H_T12_R_C41,Sub03_H,healthy,1,12,right,41,unassigned_steady_or_transition,74954,75033,79,0.7300000000000182,947.0
Sub03_H_T12_R_C42,Sub03_H,healthy,1,12,right,42,unassigned_steady_or_transition,75033,75200,167,1.5599999999999454,947.0
Sub03_H_T12_R_C43,Sub03_H,healthy,1,12,right,43,unassigned_steady_or_transition,75200,75269,69,0.6400000000001,947.0
Sub03_H_T12_R_C44,Sub03_H,healthy,1,12,right,44,unassigned_steady_or_transition,75269,75354,85,0.7899999999999636,947.0
Sub03_H_T12_R_C45,Sub03_H,healthy,1,12,right,45,unassigned_steady_or_transition,75354,75426,72,0.6700000000000728,947.0
Sub03_H_T12_R_C46,Sub03_H,healthy,1,12,right,46,unassigned_steady_or_transition,76300,76421,121,1.1299999999998818,947.0
Sub03_H_T12_R_C47,Sub03_H,healthy,1,12,right,47,unassigned_steady_or_transition,76421,76486,65,0.599999999999909,947.0
Sub03_H_T12_R_C48,Sub03_H,healthy,1,12,right,48,unassigned_steady_or_transition,76486,76566,80,0.7400000000000091,947.0
Sub03_H_T12_R_C49,Sub03_H,healthy,1,12,right,49,unassigned_steady_or_transition,76566,76705,139,1.2899999999999636,947.0
Sub03_H_T12_R_C50,Sub03_H,healthy,1,12,right,50,unassigned_steady_or_transition,76705,76768,63,0.5900000000001455,947.0
Sub03_H_T12_R_C51,Sub03_H,healthy,1,12,right,51,unassigned_steady_or_transition,76768,76842,74,0.6799999999998363,947.0
Sub03_H_T12_R_C52,Sub03_H,healthy,1,12,right,52,unassigned_steady_or_transition,76842,76918,76,0.7100000000000364,947.0
Sub03_H_T12_R_C53,Sub03_H,healthy,1,12,right,53,unassigned_steady_or_transition,76918,76996,78,0.7400000000000091,947.0
Sub03_H_T12_R_C54,Sub03_H,healthy,1,12,right,54,unassigned_steady_or_transition,76996,77078,82,0.7699999999999818,947.0
Sub03_H_T12_R_C55,Sub03_H,healthy,1,12,right,55,unassigned_steady_or_transition,77078,77158,80,0.7599999999999909,947.0
Sub03_H_T12_R_C56,Sub03_H,healthy,1,12,right,56,unassigned_steady_or_transition,77158,77237,79,0.7400000000000091,947.0
Sub03_H_T12_R_C57,Sub03_H,healthy,1,12,right,57,unassigned_steady_or_transition,77237,77318,81,0.7699999999999818,947.0
Sub03_H_T12_R_C58,Sub03_H,healthy,1,12,right,58,unassigned_steady_or_transition,77318,77397,79,0.7399999999997817,947.0
Sub03_H_T12_R_C59,Sub03_H,healthy,1,12,right,59,unassigned_steady_or_transition,77397,77473,76,0.709999999999809,947.0
Sub03_H_T12_R_C60,Sub03_H,healthy,1,12,right,60,unassigned_steady_or_transition,77473,77552,79,0.7300000000000182,947.0
Sub03_H_T12_R_C61,Sub03_H,healthy,1,12,right,61,unassigned_steady_or_transition,77552,77632,80,0.7599999999999909,947.0
Sub03_H_T12_R_C62,Sub03_H,healthy,1,12,right,62,unassigned_steady_or_transition,77632,77712,80,0.7599999999999909,947.0
Sub03_H_T12_R_C63,Sub03_H,healthy,1,12,right,63,unassigned_steady_or_transition,77712,77791,79,0.75,947.0
Sub03_H_T12_R_C64,Sub03_H,healthy,1,12,right,64,unassigned_steady_or_transition,77791,77872,81,0.7599999999999909,947.0
Sub03_H_T12_R_C65,Sub03_H,healthy,1,12,right,65,unassigned_steady_or_transition,77872,77949,77,0.7300000000000182,947.0
Sub03_H_T12_R_C66,Sub03_H,healthy,1,12,right,66,unassigned_steady_or_transition,77949,78028,79,0.75,947.0
Sub03_H_T12_R_C67,Sub03_H,healthy,1,12,right,67,unassigned_steady_or_transition,78028,78106,78,0.7300000000000182,947.0
Sub03_H_T12_R_C68,Sub03_H,healthy,1,12,right,68,unassigned_steady_or_transition,78106,78186,80,0.7400000000000091,947.0
Sub03_H_T12_R_C69,Sub03_H,healthy,1,12,right,69,unassigned_steady_or_transition,78186,78261,75,0.709999999999809,947.0
Sub03_H_T12_R_C70,Sub03_H,healthy,1,12,right,70,unassigned_steady_or_transition,78261,78353,92,0.8599999999999,947.0
Sub03_H_T12_R_C71,Sub03_H,healthy,1,12,right,71,unassigned_steady_or_transition,78353,78502,149,1.400000000000091,947.0
Sub03_H_T12_R_C72,Sub03_H,healthy,1,12,right,72,unassigned_steady_or_transition,78502,78573,71,0.6599999999998545,947.0
Sub03_H_T12_R_C73,Sub03_H,healthy,1,12,right,73,unassigned_steady_or_transition,78573,78803,230,2.160000000000082,947.0
Sub03_H_T12_R_C74,Sub03_H,healthy,1,12,right,74,unassigned_steady_or_transition,78803,78879,76,0.7100000000000364,947.0
Sub03_H_T12_R_C75,Sub03_H,healthy,1,12,right,75,unassigned_steady_or_transition,78879,78949,70,0.6499999999998636,947.0
Sub03_H_T12_R_C76,Sub03_H,healthy,1,12,right,76,unassigned_steady_or_transition,78949,79035,86,0.8199999999999363,947.0
Sub03_H_T12_R_C77,Sub03_H,healthy,1,12,right,77,unassigned_steady_or_transition,79035,79114,79,0.7400000000000091,947.0
Sub03_H_T12_R_C78,Sub03_H,healthy,1,12,right,78,unassigned_steady_or_transition,79114,79264,150,1.4099999999998545,947.0
Sub03_H_T12_R_C79,Sub03_H,healthy,1,12,right,79,unassigned_steady_or_transition,79264,79341,77,0.7199999999997999,947.0
Sub03_H_T12_R_C80,Sub03_H,healthy,1,12,right,80,unassigned_steady_or_transition,79341,79413,72,0.6800000000000637,947.0
Sub03_H_T12_R_C81,Sub03_H,healthy,1,12,right,81,unassigned_steady_or_transition,79413,79634,221,2.0699999999999363,947.0
Sub03_H_T12_R_C82,Sub03_H,healthy,1,12,right,82,unassigned_steady_or_transition,79634,79710,76,0.709999999999809,947.0
Sub03_H_T12_R_C83,Sub03_H,healthy,1,12,right,83,unassigned_steady_or_transition,79710,79787,77,0.7200000000000273,947.0
Sub03_H_T12_R_C84,Sub03_H,healthy,1,12,right,84,unassigned_steady_or_transition,79787,79864,77,0.7300000000000182,947.0
Sub03_H_T12_R_C85,Sub03_H,healthy,1,12,right,85,unassigned_steady_or_transition,79864,79937,73,0.6800000000000637,947.0
Sub03_H_T12_R_C86,Sub03_H,healthy,1,12,right,86,unassigned_steady_or_transition,79937,80105,168,1.5899999999999181,947.0
Sub03_H_T12_R_C87,Sub03_H,healthy,1,12,right,87,unassigned_steady_or_transition,80524,80617,93,0.8699999999998909,947.0
Sub03_H_T12_R_C88,Sub03_H,healthy,1,12,right,88,unassigned_steady_or_transition,80617,80686,69,0.650000000000091,947.0
Sub03_H_T12_R_C89,Sub03_H,healthy,1,12,right,89,unassigned_steady_or_transition,80686,80774,88,0.8199999999999363,947.0
Sub03_H_T12_R_C90,Sub03_H,healthy,1,12,right,90,gait_termination,80774,80854,80,0.75,947.0
Sub03_H_T13_L_C01,Sub03_H,healthy,1,13,left,1,gait_initiation,82922,82975,53,0.4900000000000091,-1196.7735
Sub03_H_T13_L_C02,Sub03_H,healthy,1,13,left,2,unassigned_steady_or_transition,82975,83046,71,0.6700000000000728,-1196.7735
Sub03_H_T13_L_C03,Sub03_H,healthy,1,13,left,3,unassigned_steady_or_transition,83046,83204,158,1.490000000000009,-1196.7735
Sub03_H_T13_L_C04,Sub03_H,healthy,1,13,left,4,unassigned_steady_or_transition,83204,83370,166,1.5699999999999363,-1196.7735
Sub03_H_T13_L_C05,Sub03_H,healthy,1,13,left,5,unassigned_steady_or_transition,83370,83423,53,0.5,-1196.7735
Sub03_H_T13_L_C06,Sub03_H,healthy,1,13,left,6,unassigned_steady_or_transition,83423,83473,50,0.4699999999997999,-1196.7735
Sub03_H_T13_L_C07,Sub03_H,healthy,1,13,left,7,unassigned_steady_or_transition,83473,83556,83,0.790000000000191,-1196.7735
Sub03_H_T13_L_C08,Sub03_H,healthy,1,13,left,8,unassigned_steady_or_transition,83556,83620,64,0.6099999999999,-1196.7735
Sub03_H_T13_L_C09,Sub03_H,healthy,1,13,left,9,unassigned_steady_or_transition,83620,83676,56,0.5199999999999818,-1196.7735
Sub03_H_T13_L_C10,Sub03_H,healthy,1,13,left,10,unassigned_steady_or_transition,83676,83794,118,1.1300000000001091,-1196.7735
Sub03_H_T13_L_C11,Sub03_H,healthy,1,13,left,11,unassigned_steady_or_transition,83794,83881,87,0.8299999999999272,-1196.7735
Sub03_H_T13_L_C12,Sub03_H,healthy,1,13,left,12,gait_termination,83881,83986,105,0.9900000000000091,-1196.7735
Sub03_H_T13_R_C01,Sub03_H,healthy,1,13,right,1,gait_initiation,83044,83197,153,1.4400000000000546,993.7
Sub03_H_T13_R_C02,Sub03_H,healthy,1,13,right,2,unassigned_steady_or_transition,83197,83306,109,1.0199999999999818,993.7
Sub03_H_T13_R_C03,Sub03_H,healthy,1,13,right,3,unassigned_steady_or_transition,83306,83402,96,0.9200000000000728,993.7
Sub03_H_T13_R_C04,Sub03_H,healthy,1,13,right,4,unassigned_steady_or_transition,83402,83499,97,0.9199999999998454,993.7
Sub03_H_T13_R_C05,Sub03_H,healthy,1,13,right,5,unassigned_steady_or_transition,83499,83561,62,0.5900000000001455,993.7
Sub03_H_T13_R_C06,Sub03_H,healthy,1,13,right,6,unassigned_steady_or_transition,84751,84981,230,2.199999999999818,993.7
Sub03_H_T13_R_C07,Sub03_H,healthy,1,13,right,7,unassigned_steady_or_transition,84981,85085,104,0.9899999999997817,993.7
Sub03_H_T13_R_C08,Sub03_H,healthy,1,13,right,8,unassigned_steady_or_transition,85085,85188,103,0.9799999999997908,993.7
Sub03_H_T13_R_C09,Sub03_H,healthy,1,13,right,9,gait_termination,85188,85295,107,1.0199999999999818,993.7
Sub03_H_T14_L_C01,Sub03_H,healthy,1,14,left,1,gait_initiation,87705,87803,98,0.9300000000000637,1161.2275
Sub03_H_T14_L_C02,Sub03_H,healthy,1,14,left,2,unassigned_steady_or_transition,87803,87943,140,1.3199999999999363,1161.2275
Sub03_H_T14_L_C03,Sub03_H,healthy,1,14,left,3,unassigned_steady_or_transition,87943,88184,241,2.300000000000182,1161.2275
Sub03_H_T14_L_C04,Sub03_H,healthy,1,14,left,4,unassigned_steady_or_transition,88184,88373,189,1.7999999999999545,1161.2275
Sub03_H_T14_L_C05,Sub03_H,healthy,1,14,left,5,unassigned_steady_or_transition,88373,88458,85,0.7999999999999545,1161.2275
Sub03_H_T14_L_C06,Sub03_H,healthy,1,14,left,6,unassigned_steady_or_transition,88458,88546,88,0.8400000000001455,1161.2275
Sub03_H_T14_L_C07,Sub03_H,healthy,1,14,left,7,unassigned_steady_or_transition,88546,88636,90,0.8599999999999,1161.2275
Sub03_H_T14_L_C08,Sub03_H,healthy,1,14,left,8,unassigned_steady_or_transition,88636,88721,85,0.8099999999999454,1161.2275
Sub03_H_T14_L_C09,Sub03_H,healthy,1,14,left,9,unassigned_steady_or_transition,88721,88800,79,0.75,1161.2275
Sub03_H_T14_L_C10,Sub03_H,healthy,1,14,left,10,unassigned_steady_or_transition,88800,88883,83,0.7800000000002001,1161.2275
Sub03_H_T14_L_C11,Sub03_H,healthy,1,14,left,11,unassigned_steady_or_transition,88883,88955,72,0.6699999999998454,1161.2275
Sub03_H_T14_L_C12,Sub03_H,healthy,1,14,left,12,unassigned_steady_or_transition,88955,89032,77,0.7300000000000182,1161.2275
Sub03_H_T14_L_C13,Sub03_H,healthy,1,14,left,13,unassigned_steady_or_transition,89032,89107,75,0.7100000000000364,1161.2275
Sub03_H_T14_L_C14,Sub03_H,healthy,1,14,left,14,unassigned_steady_or_transition,89107,89188,81,0.7599999999999909,1161.2275
Sub03_H_T14_L_C15,Sub03_H,healthy,1,14,left,15,unassigned_steady_or_transition,89188,89268,80,0.7599999999999909,1161.2275
Sub03_H_T14_L_C16,Sub03_H,healthy,1,14,left,16,gait_termination,89268,89354,86,0.8200000000001637,1161.2275
Sub03_H_T14_R_C01,Sub03_H,healthy,1,14,right,1,gait_initiation,87798,87941,143,1.349999999999909,-1015.33
Sub03_H_T14_R_C02,Sub03_H,healthy,1,14,right,2,unassigned_steady_or_transition,87941,88151,210,2.0,-1015.33
Sub03_H_T14_R_C03,Sub03_H,healthy,1,14,right,3,unassigned_steady_or_transition,88151,88234,83,0.790000000000191,-1015.33
Sub03_H_T14_R_C04,Sub03_H,healthy,1,14,right,4,unassigned_steady_or_transition,88234,88321,87,0.8199999999999363,-1015.33
Sub03_H_T14_R_C05,Sub03_H,healthy,1,14,right,5,unassigned_steady_or_transition,88321,88410,89,0.849999999999909,-1015.33
Sub03_H_T14_R_C06,Sub03_H,healthy,1,14,right,6,unassigned_steady_or_transition,88410,88498,88,0.8400000000001455,-1015.33
Sub03_H_T14_R_C07,Sub03_H,healthy,1,14,right,7,unassigned_steady_or_transition,88498,88587,89,0.849999999999909,-1015.33
Sub03_H_T14_R_C08,Sub03_H,healthy,1,14,right,8,unassigned_steady_or_transition,88587,88675,88,0.8300000000001546,-1015.33
Sub03_H_T14_R_C09,Sub03_H,healthy,1,14,right,9,unassigned_steady_or_transition,88675,88760,85,0.8099999999999454,-1015.33
Sub03_H_T14_R_C10,Sub03_H,healthy,1,14,right,10,unassigned_steady_or_transition,88760,88838,78,0.7400000000000091,-1015.33
Sub03_H_T14_R_C11,Sub03_H,healthy,1,14,right,11,unassigned_steady_or_transition,88838,88908,70,0.6600000000000819,-1015.33
Sub03_H_T14_R_C12,Sub03_H,healthy,1,14,right,12,unassigned_steady_or_transition,88908,88989,81,0.7699999999999818,-1015.33
Sub03_H_T14_R_C13,Sub03_H,healthy,1,14,right,13,unassigned_steady_or_transition,88989,89064,75,0.7100000000000364,-1015.33
Sub03_H_T14_R_C14,Sub03_H,healthy,1,14,right,14,unassigned_steady_or_transition,89064,89141,77,0.7199999999997999,-1015.33
Sub03_H_T14_R_C15,Sub03_H,healthy,1,14,right,15,unassigned_steady_or_transition,89141,89222,81,0.7700000000002092,-1015.33
Sub03_H_T14_R_C16,Sub03_H,healthy,1,14,right,16,gait_termination,89222,89305,83,0.7899999999999636,-1015.33
Sub03_H_T15_L_C01,Sub03_H,healthy,1,15,left,1,gait_initiation,91679,91793,114,1.0599999999999454,1239.6403
Sub03_H_T15_R_C01,Sub03_H,healthy,1,15,right,1,gait_initiation,91621,91722,101,0.9600000000000364,944.38
Sub03_H_T15_R_C02,Sub03_H,healthy,1,15,right,2,unassigned_steady_or_transition,91722,91874,152,1.4299999999998363,944.38
Sub03_H_T15_R_C03,Sub03_H,healthy,1,15,right,3,unassigned_steady_or_transition,91874,91966,92,0.8599999999999,944.38
Sub03_H_T15_R_C04,Sub03_H,healthy,1,15,right,4,unassigned_steady_or_transition,91966,92111,145,1.3900000000001,944.38
Sub03_H_T15_R_C05,Sub03_H,healthy,1,15,right,5,unassigned_steady_or_transition,92111,92176,65,0.6099999999999,944.38
Sub03_H_T15_R_C06,Sub03_H,healthy,1,15,right,6,unassigned_steady_or_transition,92176,92226,50,0.4800000000000182,944.38
Sub03_H_T15_R_C07,Sub03_H,healthy,1,15,right,7,gait_termination,92638,92710,72,0.6800000000000637,944.38
Sub03_H_T16_L_C01,Sub03_H,healthy,1,16,left,1,gait_initiation,94982,95106,124,1.1600000000000819,-1136.4813
Sub03_H_T16_L_C02,Sub03_H,healthy,1,16,left,2,gait_termination,95760,95953,193,1.8199999999999363,-1136.4813
Sub03_H_T16_R_C01,Sub03_H,healthy,1,16,right,1,gait_initiation,95665,95903,238,2.25,927.475
Sub03_H_T17_L_C01,Sub03_H,healthy,1,17,left,1,gait_initiation,98531,98680,149,1.4100000000000819,-1207.5309
Sub03_H_T17_R_C01,Sub03_H,healthy,1,17,right,1,gait_initiation,98597,98766,169,1.5899999999999181,-985.1
Sub03_H_T17_R_C02,Sub03_H,healthy,1,17,right,2,gait_termination,98766,98900,134,1.2799999999999727,-985.1
Sub03_H_T18_L_C01,Sub03_H,healthy,1,18,left,1,gait_initiation,101485,101631,146,1.3799999999998818,-1076.5707
Sub03_H_T18_R_C01,Sub03_H,healthy,1,18,right,1,gait_initiation,101475,101631,156,1.4799999999997908,949.925
Sub03_H_T19_L_C01,Sub03_H,healthy,1,19,left,1,gait_initiation,104492,104636,144,1.349999999999909,1089.7555
Sub03_H_T19_R_C01,Sub03_H,healthy,1,19,right,1,gait_initiation,104498,104646,148,1.400000000000091,-980.75
Sub03_H_T19_R_C02,Sub03_H,healthy,1,19,right,2,unassigned_steady_or_transition,104646,104797,151,1.4300000000000637,-980.75
Sub03_H_T19_R_C03,Sub03_H,healthy,1,19,right,3,gait_termination,104797,104912,115,1.0899999999999181,-980.75
Sub03_H_T20_L_C01,Sub03_H,healthy,1,20,left,1,gait_initiation,107522,107665,143,1.3500000000001364,-1153.3852000000002
Sub03_H_T20_L_C02,Sub03_H,healthy,1,20,left,2,gait_termination,107665,107920,255,2.4299999999998363,-1153.3852000000002
Sub03_H_T20_R_C01,Sub03_H,healthy,1,20,right,1,gait_initiation,107513,107653,140,1.3199999999999363,980.95
Sub03_H_T20_R_C02,Sub03_H,healthy,1,20,right,2,unassigned_steady_or_transition,107653,107838,185,1.75,980.95
Sub03_H_T20_R_C03,Sub03_H,healthy,1,20,right,3,gait_termination,107838,107914,76,0.7200000000000273,980.95
Sub03_H_T21_L_C01,Sub03_H,healthy,21,21,left,1,gait_initiation,3195,3332,137,1.3399999999999181,1393.9575
Sub03_H_T21_L_C02,Sub03_H,healthy,21,21,left,2,unassigned_steady_or_transition,3332,3448,116,1.1299999999999955,1393.9575
Sub03_H_T21_L_C03,Sub03_H,healthy,21,21,left,3,unassigned_steady_or_transition,3448,3560,112,1.0900000000000318,1393.9575
Sub03_H_T21_L_C04,Sub03_H,healthy,21,21,left,4,unassigned_steady_or_transition,3560,3678,118,1.1399999999999864,1393.9575
Sub03_H_T21_L_C05,Sub03_H,healthy,21,21,left,5,unassigned_steady_or_transition,3678,3794,116,1.1200000000000045,1393.9575
Sub03_H_T21_L_C06,Sub03_H,healthy,21,21,left,6,unassigned_steady_or_transition,3794,3901,107,1.0299999999999727,1393.9575
Sub03_H_T21_L_C07,Sub03_H,healthy,21,21,left,7,unassigned_steady_or_transition,3901,4034,133,1.2799999999999727,1393.9575
Sub03_H_T21_L_C08,Sub03_H,healthy,21,21,left,8,unassigned_steady_or_transition,4034,4173,139,1.330000000000041,1393.9575
Sub03_H_T21_L_C09,Sub03_H,healthy,21,21,left,9,unassigned_steady_or_transition,4173,4298,125,1.1999999999999318,1393.9575
Sub03_H_T21_L_C10,Sub03_H,healthy,21,21,left,10,gait_termination,4298,4425,127,1.2199999999999136,1393.9575
Sub03_H_T21_R_C01,Sub03_H,healthy,21,21,right,1,gait_initiation,3182,3329,147,1.4399999999999409,-1350.995
Sub03_H_T21_R_C02,Sub03_H,healthy,21,21,right,2,unassigned_steady_or_transition,3329,3408,79,0.7699999999999818,-1350.995
Sub03_H_T21_R_C03,Sub03_H,healthy,21,21,right,3,unassigned_steady_or_transition,3408,3522,114,1.1100000000000136,-1350.995
Sub03_H_T21_R_C04,Sub03_H,healthy,21,21,right,4,unassigned_steady_or_transition,3522,3640,118,1.1399999999999864,-1350.995
Sub03_H_T21_R_C05,Sub03_H,healthy,21,21,right,5,unassigned_steady_or_transition,3640,3756,116,1.1199999999998909,-1350.995
Sub03_H_T21_R_C06,Sub03_H,healthy,21,21,right,6,unassigned_steady_or_transition,3756,3870,114,1.099999999999909,-1350.995
Sub03_H_T21_R_C07,Sub03_H,healthy,21,21,right,7,unassigned_steady_or_transition,3870,4024,154,1.4800000000000182,-1350.995
Sub03_H_T21_R_C08,Sub03_H,healthy,21,21,right,8,unassigned_steady_or_transition,4024,4164,140,1.3500000000000227,-1350.995
Sub03_H_T21_R_C09,Sub03_H,healthy,21,21,right,9,unassigned_steady_or_transition,4164,4290,126,1.2000000000000455,-1350.995
Sub03_H_T21_R_C10,Sub03_H,healthy,21,21,right,10,gait_termination,4290,4410,120,1.1499999999999773,-1350.995
Sub03_H_T22_L_C01,Sub03_H,healthy,21,22,left,1,gait_initiation,6886,7002,116,1.1199999999998909,1343.8487
Sub03_H_T22_L_C02,Sub03_H,healthy,21,22,left,2,unassigned_steady_or_transition,7002,7114,112,1.0799999999999272,1343.8487
Sub03_H_T22_L_C03,Sub03_H,healthy,21,22,left,3,unassigned_steady_or_transition,7114,7228,114,1.1000000000000227,1343.8487
Sub03_H_T22_L_C04,Sub03_H,healthy,21,22,left,4,unassigned_steady_or_transition,7228,7350,122,1.1700000000000728,1343.8487
Sub03_H_T22_L_C05,Sub03_H,healthy,21,22,left,5,unassigned_steady_or_transition,7350,7479,129,1.25,1343.8487
Sub03_H_T22_L_C06,Sub03_H,healthy,21,22,left,6,unassigned_steady_or_transition,7479,7596,117,1.1299999999999955,1343.8487
Sub03_H_T22_L_C07,Sub03_H,healthy,21,22,left,7,unassigned_steady_or_transition,7596,7712,116,1.1200000000000045,1343.8487
Sub03_H_T22_L_C08,Sub03_H,healthy,21,22,left,8,unassigned_steady_or_transition,7712,7830,118,1.1499999999999773,1343.8487
Sub03_H_T22_L_C09,Sub03_H,healthy,21,22,left,9,unassigned_steady_or_transition,7830,7951,121,1.169999999999959,1343.8487
Sub03_H_T22_L_C10,Sub03_H,healthy,21,22,left,10,gait_termination,7951,8080,129,1.25,1343.8487
Sub03_H_T22_R_C01,Sub03_H,healthy,21,22,right,1,gait_initiation,6821,6937,116,1.1099999999999,1296.5
Sub03_H_T22_R_C02,Sub03_H,healthy,21,22,right,2,unassigned_steady_or_transition,6937,7053,116,1.1199999999998909,1296.5
Sub03_H_T22_R_C03,Sub03_H,healthy,21,22,right,3,unassigned_steady_or_transition,7053,7168,115,1.1099999999999,1296.5
Sub03_H_T22_R_C04,Sub03_H,healthy,21,22,right,4,unassigned_steady_or_transition,7168,7285,117,1.1199999999998909,1296.5
Sub03_H_T22_R_C05,Sub03_H,healthy,21,22,right,5,unassigned_steady_or_transition,7285,7409,124,1.1899999999999409,1296.5
Sub03_H_T22_R_C06,Sub03_H,healthy,21,22,right,6,unassigned_steady_or_transition,7409,7531,122,1.1900000000000546,1296.5
Sub03_H_T22_R_C07,Sub03_H,healthy,21,22,right,7,unassigned_steady_or_transition,7531,7645,114,1.1000000000000227,1296.5
Sub03_H_T22_R_C08,Sub03_H,healthy,21,22,right,8,unassigned_steady_or_transition,7645,7764,119,1.1499999999999773,1296.5
Sub03_H_T22_R_C09,Sub03_H,healthy,21,22,right,9,unassigned_steady_or_transition,7764,7883,119,1.1599999999999682,1296.5
Sub03_H_T22_R_C10,Sub03_H,healthy,21,22,right,10,gait_termination,7883,8003,120,1.1600000000000819,1296.5
Sub03_H_T23_L_C01,Sub03_H,healthy,21,23,left,1,gait_initiation,10086,10214,128,1.25,1388.40345
Sub03_H_T23_L_C02,Sub03_H,healthy,21,23,left,2,unassigned_steady_or_transition,10214,10329,115,1.1200000000000045,1388.40345
Sub03_H_T23_L_C03,Sub03_H,healthy,21,23,left,3,unassigned_steady_or_transition,10329,10451,122,1.1700000000000728,1388.40345
Sub03_H_T23_L_C04,Sub03_H,healthy,21,23,left,4,unassigned_steady_or_transition,10451,10576,125,1.1999999999999318,1388.40345
Sub03_H_T23_L_C05,Sub03_H,healthy,21,23,left,5,unassigned_steady_or_transition,10576,10692,116,1.1200000000000045,1388.40345
Sub03_H_T23_L_C06,Sub03_H,healthy,21,23,left,6,unassigned_steady_or_transition,10692,10815,123,1.17999999999995,1388.40345
Sub03_H_T23_L_C07,Sub03_H,healthy,21,23,left,7,unassigned_steady_or_transition,10815,10941,126,1.2000000000000455,1388.40345
Sub03_H_T23_L_C08,Sub03_H,healthy,21,23,left,8,unassigned_steady_or_transition,10941,11070,129,1.240000000000009,1388.40345
Sub03_H_T23_L_C09,Sub03_H,healthy,21,23,left,9,unassigned_steady_or_transition,11070,11197,127,1.2200000000000273,1388.40345
Sub03_H_T23_L_C10,Sub03_H,healthy,21,23,left,10,gait_termination,11197,11325,128,1.2299999999999045,1388.40345
Sub03_H_T23_R_C01,Sub03_H,healthy,21,23,right,1,gait_initiation,10146,10265,119,1.1599999999999682,1277.375
Sub03_H_T23_R_C02,Sub03_H,healthy,21,23,right,2,unassigned_steady_or_transition,10265,10385,120,1.1599999999999682,1277.375
Sub03_H_T23_R_C03,Sub03_H,healthy,21,23,right,3,unassigned_steady_or_transition,10385,10509,124,1.1999999999999318,1277.375
Sub03_H_T23_R_C04,Sub03_H,healthy,21,23,right,4,unassigned_steady_or_transition,10509,10628,119,1.1499999999999773,1277.375
Sub03_H_T23_R_C05,Sub03_H,healthy,21,23,right,5,unassigned_steady_or_transition,10628,10749,121,1.169999999999959,1277.375
Sub03_H_T23_R_C06,Sub03_H,healthy,21,23,right,6,unassigned_steady_or_transition,10749,10876,127,1.2200000000000273,1277.375
Sub03_H_T23_R_C07,Sub03_H,healthy,21,23,right,7,unassigned_steady_or_transition,10876,11006,130,1.240000000000009,1277.375
Sub03_H_T23_R_C08,Sub03_H,healthy,21,23,right,8,unassigned_steady_or_transition,11006,11130,124,1.1899999999999409,1277.375
Sub03_H_T23_R_C09,Sub03_H,healthy,21,23,right,9,unassigned_steady_or_transition,11130,11257,127,1.2200000000000273,1277.375
Sub03_H_T23_R_C10,Sub03_H,healthy,21,23,right,10,gait_termination,11257,11389,132,1.2699999999999818,1277.375
Sub03_H_T24_L_C01,Sub03_H,healthy,21,24,left,1,gait_initiation,12903,12996,93,0.8899999999999864,1334.3276
Sub03_H_T24_L_C02,Sub03_H,healthy,21,24,left,2,unassigned_steady_or_transition,12996,13116,120,1.1599999999999682,1334.3276
Sub03_H_T24_L_C03,Sub03_H,healthy,21,24,left,3,unassigned_steady_or_transition,13116,13236,120,1.1499999999999773,1334.3276
Sub03_H_T24_L_C04,Sub03_H,healthy,21,24,left,4,unassigned_steady_or_transition,13236,13360,124,1.1899999999999409,1334.3276
Sub03_H_T24_L_C05,Sub03_H,healthy,21,24,left,5,unassigned_steady_or_transition,13360,13485,125,1.2000000000000455,1334.3276
Sub03_H_T24_L_C06,Sub03_H,healthy,21,24,left,6,unassigned_steady_or_transition,13485,13617,132,1.2799999999999727,1334.3276
Sub03_H_T24_L_C07,Sub03_H,healthy,21,24,left,7,unassigned_steady_or_transition,13617,13744,127,1.2200000000000273,1334.3276
Sub03_H_T24_L_C08,Sub03_H,healthy,21,24,left,8,unassigned_steady_or_transition,13744,13863,119,1.1499999999999773,1334.3276
Sub03_H_T24_L_C09,Sub03_H,healthy,21,24,left,9,unassigned_steady_or_transition,13863,13988,125,1.2100000000000364,1334.3276
Sub03_H_T24_L_C10,Sub03_H,healthy,21,24,left,10,gait_termination,13988,14112,124,1.1900000000000546,1334.3276
Sub03_H_T24_R_C01,Sub03_H,healthy,21,24,right,1,gait_initiation,12933,13049,116,1.1200000000000045,1222.7
Sub03_H_T24_R_C02,Sub03_H,healthy,21,24,right,2,unassigned_steady_or_transition,13049,13171,122,1.169999999999959,1222.7
Sub03_H_T24_R_C03,Sub03_H,healthy,21,24,right,3,unassigned_steady_or_transition,13171,13296,125,1.1999999999999318,1222.7
Sub03_H_T24_R_C04,Sub03_H,healthy,21,24,right,4,unassigned_steady_or_transition,13296,13419,123,1.1800000000000637,1222.7
Sub03_H_T24_R_C05,Sub03_H,healthy,21,24,right,5,unassigned_steady_or_transition,13419,13540,121,1.1599999999999682,1222.7
Sub03_H_T24_R_C06,Sub03_H,healthy,21,24,right,6,unassigned_steady_or_transition,13540,13674,134,1.3000000000000682,1222.7
Sub03_H_T24_R_C07,Sub03_H,healthy,21,24,right,7,unassigned_steady_or_transition,13674,13797,123,1.17999999999995,1222.7
Sub03_H_T24_R_C08,Sub03_H,healthy,21,24,right,8,unassigned_steady_or_transition,13797,13921,124,1.2000000000000455,1222.7
Sub03_H_T24_R_C09,Sub03_H,healthy,21,24,right,9,unassigned_steady_or_transition,13921,14045,124,1.1899999999999409,1222.7
Sub03_H_T24_R_C10,Sub03_H,healthy,21,24,right,10,gait_termination,14045,14168,123,1.1900000000000546,1222.7
Sub03_H_T25_L_C01,Sub03_H,healthy,21,25,left,1,gait_initiation,15627,15748,121,1.17999999999995,1335.2968
Sub03_H_T25_L_C02,Sub03_H,healthy,21,25,left,2,unassigned_steady_or_transition,15748,15858,110,1.07000000000005,1335.2968
Sub03_H_T25_L_C03,Sub03_H,healthy,21,25,left,3,unassigned_steady_or_transition,15858,15976,118,1.1299999999999955,1335.2968
Sub03_H_T25_L_C04,Sub03_H,healthy,21,25,left,4,unassigned_steady_or_transition,15976,16087,111,1.0799999999999272,1335.2968
Sub03_H_T25_L_C05,Sub03_H,healthy,21,25,left,5,unassigned_steady_or_transition,16087,16215,128,1.2299999999999045,1335.2968
Sub03_H_T25_L_C06,Sub03_H,healthy,21,25,left,6,unassigned_steady_or_transition,16215,16341,126,1.2100000000000364,1335.2968
Sub03_H_T25_L_C07,Sub03_H,healthy,21,25,left,7,unassigned_steady_or_transition,16341,16467,126,1.2000000000000455,1335.2968
Sub03_H_T25_L_C08,Sub03_H,healthy,21,25,left,8,unassigned_steady_or_transition,16467,16595,128,1.2300000000000182,1335.2968
Sub03_H_T25_L_C09,Sub03_H,healthy,21,25,left,9,unassigned_steady_or_transition,16595,16714,119,1.1399999999999864,1335.2968
Sub03_H_T25_L_C10,Sub03_H,healthy,21,25,left,10,gait_termination,16714,16843,129,1.240000000000009,1335.2968
Sub03_H_T25_R_C01,Sub03_H,healthy,21,25,right,1,gait_initiation,15622,15745,123,1.2000000000000455,-1258.1
Sub03_H_T25_R_C02,Sub03_H,healthy,21,25,right,2,unassigned_steady_or_transition,15745,15856,111,1.0799999999999272,-1258.1
Sub03_H_T25_R_C03,Sub03_H,healthy,21,25,right,3,unassigned_steady_or_transition,15856,15969,113,1.0799999999999272,-1258.1
Sub03_H_T25_R_C04,Sub03_H,healthy,21,25,right,4,unassigned_steady_or_transition,15969,16083,114,1.1100000000000136,-1258.1
Sub03_H_T25_R_C05,Sub03_H,healthy,21,25,right,5,unassigned_steady_or_transition,16083,16197,114,1.1000000000000227,-1258.1
Sub03_H_T25_R_C06,Sub03_H,healthy,21,25,right,6,unassigned_steady_or_transition,16197,16329,132,1.259999999999991,-1258.1
Sub03_H_T25_R_C07,Sub03_H,healthy,21,25,right,7,unassigned_steady_or_transition,16329,16459,130,1.240000000000009,-1258.1
Sub03_H_T25_R_C08,Sub03_H,healthy,21,25,right,8,unassigned_steady_or_transition,16459,16584,125,1.2000000000000455,-1258.1
Sub03_H_T25_R_C09,Sub03_H,healthy,21,25,right,9,unassigned_steady_or_transition,16584,16706,122,1.169999999999959,-1258.1
Sub03_H_T25_R_C10,Sub03_H,healthy,21,25,right,10,gait_termination,16706,16824,118,1.1299999999999955,-1258.1
Sub03_H_T26_L_C01,Sub03_H,healthy,21,26,left,1,gait_initiation,18476,18600,124,1.2000000000000455,-1419.0625
Sub03_H_T26_L_C02,Sub03_H,healthy,21,26,left,2,unassigned_steady_or_transition,18600,18736,136,1.2999999999999545,-1419.0625
Sub03_H_T26_L_C03,Sub03_H,healthy,21,26,left,3,unassigned_steady_or_transition,18736,18855,119,1.1399999999999864,-1419.0625
Sub03_H_T26_L_C04,Sub03_H,healthy,21,26,left,4,unassigned_steady_or_transition,18855,18973,118,1.1299999999999955,-1419.0625
Sub03_H_T26_L_C05,Sub03_H,healthy,21,26,left,5,unassigned_steady_or_transition,18973,19093,120,1.1599999999999682,-1419.0625
Sub03_H_T26_L_C06,Sub03_H,healthy,21,26,left,6,unassigned_steady_or_transition,19093,19217,124,1.1900000000000546,-1419.0625
Sub03_H_T26_L_C07,Sub03_H,healthy,21,26,left,7,unassigned_steady_or_transition,19217,19336,119,1.1499999999999773,-1419.0625
Sub03_H_T26_L_C08,Sub03_H,healthy,21,26,left,8,unassigned_steady_or_transition,19336,19455,119,1.1499999999999773,-1419.0625
Sub03_H_T26_L_C09,Sub03_H,healthy,21,26,left,9,unassigned_steady_or_transition,19455,19574,119,1.150000000000091,-1419.0625
Sub03_H_T26_L_C10,Sub03_H,healthy,21,26,left,10,gait_termination,19574,19701,127,1.2199999999999136,-1419.0625
Sub03_H_T26_R_C01,Sub03_H,healthy,21,26,right,1,gait_initiation,18465,18588,123,1.1900000000000546,1207.76
Sub03_H_T26_R_C02,Sub03_H,healthy,21,26,right,2,unassigned_steady_or_transition,18588,18723,135,1.2899999999999636,1207.76
Sub03_H_T26_R_C03,Sub03_H,healthy,21,26,right,3,unassigned_steady_or_transition,18723,18842,119,1.150000000000091,1207.76
Sub03_H_T26_R_C04,Sub03_H,healthy,21,26,right,4,unassigned_steady_or_transition,18842,18960,118,1.1299999999999955,1207.76
Sub03_H_T26_R_C05,Sub03_H,healthy,21,26,right,5,unassigned_steady_or_transition,18960,19081,121,1.1599999999999682,1207.76
Sub03_H_T26_R_C06,Sub03_H,healthy,21,26,right,6,unassigned_steady_or_transition,19081,19208,127,1.2300000000000182,1207.76
Sub03_H_T26_R_C07,Sub03_H,healthy,21,26,right,7,unassigned_steady_or_transition,19208,19329,121,1.1599999999999682,1207.76
Sub03_H_T26_R_C08,Sub03_H,healthy,21,26,right,8,unassigned_steady_or_transition,19329,19447,118,1.1499999999999773,1207.76
Sub03_H_T26_R_C09,Sub03_H,healthy,21,26,right,9,unassigned_steady_or_transition,19447,19569,122,1.169999999999959,1207.76
Sub03_H_T26_R_C10,Sub03_H,healthy,21,26,right,10,gait_termination,19569,19691,122,1.1800000000000637,1207.76
Sub03_H_T27_L_C01,Sub03_H,healthy,21,27,left,1,gait_initiation,21177,21299,122,1.1800000000000637,1324.9805000000001
Sub03_H_T27_L_C02,Sub03_H,healthy,21,27,left,2,unassigned_steady_or_transition,21299,21413,114,1.1100000000000136,1324.9805000000001
Sub03_H_T27_L_C03,Sub03_H,healthy,21,27,left,3,unassigned_steady_or_transition,21413,21533,120,1.169999999999959,1324.9805000000001
Sub03_H_T27_L_C04,Sub03_H,healthy,21,27,left,4,unassigned_steady_or_transition,21533,21646,113,1.0900000000000318,1324.9805000000001
Sub03_H_T27_L_C05,Sub03_H,healthy,21,27,left,5,unassigned_steady_or_transition,21646,21761,115,1.1100000000000136,1324.9805000000001
Sub03_H_T27_L_C06,Sub03_H,healthy,21,27,left,6,unassigned_steady_or_transition,21761,21873,112,1.07000000000005,1324.9805000000001
Sub03_H_T27_L_C07,Sub03_H,healthy,21,27,left,7,unassigned_steady_or_transition,21873,21993,120,1.1499999999999773,1324.9805000000001
Sub03_H_T27_L_C08,Sub03_H,healthy,21,27,left,8,unassigned_steady_or_transition,21993,22118,125,1.2000000000000455,1324.9805000000001
Sub03_H_T27_L_C09,Sub03_H,healthy,21,27,left,9,unassigned_steady_or_transition,22118,22244,126,1.1999999999999318,1324.9805000000001
Sub03_H_T27_L_C10,Sub03_H,healthy,21,27,left,10,gait_termination,22244,22369,125,1.2000000000000455,1324.9805000000001
Sub03_H_T27_R_C01,Sub03_H,healthy,21,27,right,1,gait_initiation,21168,21293,125,1.2099999999999227,-1247.8
Sub03_H_T27_R_C02,Sub03_H,healthy,21,27,right,2,unassigned_steady_or_transition,21293,21409,116,1.1299999999999955,-1247.8
Sub03_H_T27_R_C03,Sub03_H,healthy,21,27,right,3,unassigned_steady_or_transition,21409,21530,121,1.1700000000000728,-1247.8
Sub03_H_T27_R_C04,Sub03_H,healthy,21,27,right,4,unassigned_steady_or_transition,21530,21642,112,1.080000000000041,-1247.8
Sub03_H_T27_R_C05,Sub03_H,healthy,21,27,right,5,unassigned_steady_or_transition,21642,21756,114,1.1000000000000227,-1247.8
Sub03_H_T27_R_C06,Sub03_H,healthy,21,27,right,6,unassigned_steady_or_transition,21756,21869,113,1.0799999999999272,-1247.8
Sub03_H_T27_R_C07,Sub03_H,healthy,21,27,right,7,unassigned_steady_or_transition,21869,21980,111,1.0600000000000591,-1247.8
Sub03_H_T27_R_C08,Sub03_H,healthy,21,27,right,8,unassigned_steady_or_transition,21980,22106,126,1.2100000000000364,-1247.8
Sub03_H_T27_R_C09,Sub03_H,healthy,21,27,right,9,unassigned_steady_or_transition,22106,22233,127,1.2099999999999227,-1247.8
Sub03_H_T27_R_C10,Sub03_H,healthy,21,27,right,10,gait_termination,22233,22353,120,1.1400000000001,-1247.8
Sub03_H_T28_L_C01,Sub03_H,healthy,21,28,left,1,gait_initiation,24148,24261,113,1.0900000000000318,-1375.6754999999998
Sub03_H_T28_L_C02,Sub03_H,healthy,21,28,left,2,unassigned_steady_or_transition,24261,24372,111,1.0599999999999454,-1375.6754999999998
Sub03_H_T28_L_C03,Sub03_H,healthy,21,28,left,3,unassigned_steady_or_transition,24372,24496,124,1.1900000000000546,-1375.6754999999998
Sub03_H_T28_L_C04,Sub03_H,healthy,21,28,left,4,unassigned_steady_or_transition,24496,24612,116,1.1100000000000136,-1375.6754999999998
Sub03_H_T28_L_C05,Sub03_H,healthy,21,28,left,5,unassigned_steady_or_transition,24612,24736,124,1.1900000000000546,-1375.6754999999998
Sub03_H_T28_L_C06,Sub03_H,healthy,21,28,left,6,unassigned_steady_or_transition,24736,24860,124,1.1899999999999409,-1375.6754999999998
Sub03_H_T28_L_C07,Sub03_H,healthy,21,28,left,7,unassigned_steady_or_transition,24860,24978,118,1.1399999999999864,-1375.6754999999998
Sub03_H_T28_L_C08,Sub03_H,healthy,21,28,left,8,unassigned_steady_or_transition,24978,25099,121,1.1700000000000728,-1375.6754999999998
Sub03_H_T28_L_C09,Sub03_H,healthy,21,28,left,9,unassigned_steady_or_transition,25099,25222,123,1.1899999999999409,-1375.6754999999998
Sub03_H_T28_L_C10,Sub03_H,healthy,21,28,left,10,gait_termination,25222,25344,122,1.1700000000000728,-1375.6754999999998
Sub03_H_T28_R_C01,Sub03_H,healthy,21,28,right,1,gait_initiation,24079,24187,108,1.0299999999999727,-1227.1
Sub03_H_T28_R_C02,Sub03_H,healthy,21,28,right,2,unassigned_steady_or_transition,24187,24297,110,1.0600000000000591,-1227.1
Sub03_H_T28_R_C03,Sub03_H,healthy,21,28,right,3,unassigned_steady_or_transition,24297,24411,114,1.0899999999999181,-1227.1
Sub03_H_T28_R_C04,Sub03_H,healthy,21,28,right,4,unassigned_steady_or_transition,24411,24532,121,1.1600000000000819,-1227.1
Sub03_H_T28_R_C05,Sub03_H,healthy,21,28,right,5,unassigned_steady_or_transition,24532,24650,118,1.1299999999999955,-1227.1
Sub03_H_T28_R_C06,Sub03_H,healthy,21,28,right,6,unassigned_steady_or_transition,24650,24788,138,1.330000000000041,-1227.1
Sub03_H_T28_R_C07,Sub03_H,healthy,21,28,right,7,unassigned_steady_or_transition,24788,24881,93,0.8899999999999864,-1227.1
Sub03_H_T28_R_C08,Sub03_H,healthy,21,28,right,8,unassigned_steady_or_transition,24881,25000,119,1.1399999999999864,-1227.1
Sub03_H_T28_R_C09,Sub03_H,healthy,21,28,right,9,unassigned_steady_or_transition,25000,25155,155,1.5,-1227.1
Sub03_H_T28_R_C10,Sub03_H,healthy,21,28,right,10,gait_termination,25155,25242,87,0.8400000000000318,-1227.1
Sub03_H_T29_L_C01,Sub03_H,healthy,21,29,left,1,gait_initiation,26798,26917,119,1.1499999999999773,1328.2013
Sub03_H_T29_L_C02,Sub03_H,healthy,21,29,left,2,unassigned_steady_or_transition,26917,27027,110,1.0600000000000591,1328.2013
Sub03_H_T29_L_C03,Sub03_H,healthy,21,29,left,3,unassigned_steady_or_transition,27027,27148,121,1.169999999999959,1328.2013
Sub03_H_T29_L_C04,Sub03_H,healthy,21,29,left,4,unassigned_steady_or_transition,27148,27270,122,1.1700000000000728,1328.2013
Sub03_H_T29_L_C05,Sub03_H,healthy,21,29,left,5,unassigned_steady_or_transition,27270,27393,123,1.1899999999999409,1328.2013
Sub03_H_T29_L_C06,Sub03_H,healthy,21,29,left,6,unassigned_steady_or_transition,27393,27507,114,1.0900000000000318,1328.2013
Sub03_H_T29_L_C07,Sub03_H,healthy,21,29,left,7,unassigned_steady_or_transition,27507,27631,124,1.1800000000000637,1328.2013
Sub03_H_T29_L_C08,Sub03_H,healthy,21,29,left,8,unassigned_steady_or_transition,27631,27759,128,1.2199999999999136,1328.2013
Sub03_H_T29_L_C09,Sub03_H,healthy,21,29,left,9,unassigned_steady_or_transition,27759,27883,124,1.1899999999999409,1328.2013
Sub03_H_T29_L_C10,Sub03_H,healthy,21,29,left,10,gait_termination,27883,28016,133,1.2699999999999818,1328.2013
Sub03_H_T29_R_C01,Sub03_H,healthy,21,29,right,1,gait_initiation,26790,26911,121,1.1700000000000728,-1227.765
Sub03_H_T29_R_C02,Sub03_H,healthy,21,29,right,2,unassigned_steady_or_transition,26911,27023,112,1.0799999999999272,-1227.765
Sub03_H_T29_R_C03,Sub03_H,healthy,21,29,right,3,unassigned_steady_or_transition,27023,27141,118,1.1399999999999864,-1227.765
Sub03_H_T29_R_C04,Sub03_H,healthy,21,29,right,4,unassigned_steady_or_transition,27141,27236,95,0.9099999999999682,-1227.765
Sub03_H_T29_R_C05,Sub03_H,healthy,21,29,right,5,unassigned_steady_or_transition,27236,27385,149,1.4400000000000546,-1227.765
Sub03_H_T29_R_C06,Sub03_H,healthy,21,29,right,6,unassigned_steady_or_transition,27385,27499,114,1.0899999999999181,-1227.765
Sub03_H_T29_R_C07,Sub03_H,healthy,21,29,right,7,unassigned_steady_or_transition,27499,27616,117,1.1099999999999,-1227.765
Sub03_H_T29_R_C08,Sub03_H,healthy,21,29,right,8,unassigned_steady_or_transition,27616,27745,129,1.2299999999999045,-1227.765
Sub03_H_T29_R_C09,Sub03_H,healthy,21,29,right,9,unassigned_steady_or_transition,27745,27880,135,1.2900000000000773,-1227.765
Sub03_H_T29_R_C10,Sub03_H,healthy,21,29,right,10,gait_termination,27880,27997,117,1.1100000000000136,-1227.765
Sub03_H_T30_L_C01,Sub03_H,healthy,21,30,left,1,gait_initiation,29411,29531,120,1.1499999999999773,-1392.3745
Sub03_H_T30_L_C02,Sub03_H,healthy,21,30,left,2,unassigned_steady_or_transition,29531,29654,123,1.17999999999995,-1392.3745
Sub03_H_T30_L_C03,Sub03_H,healthy,21,30,left,3,unassigned_steady_or_transition,29654,29780,126,1.2000000000000455,-1392.3745
Sub03_H_T30_L_C04,Sub03_H,healthy,21,30,left,4,unassigned_steady_or_transition,29780,29899,119,1.1299999999999955,-1392.3745
Sub03_H_T30_L_C05,Sub03_H,healthy,21,30,left,5,unassigned_steady_or_transition,29899,30023,124,1.1900000000000546,-1392.3745
Sub03_H_T30_L_C06,Sub03_H,healthy,21,30,left,6,unassigned_steady_or_transition,30023,30151,128,1.2300000000000182,-1392.3745
Sub03_H_T30_L_C07,Sub03_H,healthy,21,30,left,7,unassigned_steady_or_transition,30151,30266,115,1.1100000000000136,-1392.3745
Sub03_H_T30_L_C08,Sub03_H,healthy,21,30,left,8,unassigned_steady_or_transition,30266,30382,116,1.1200000000000045,-1392.3745
Sub03_H_T30_L_C09,Sub03_H,healthy,21,30,left,9,unassigned_steady_or_transition,30382,30507,125,1.2099999999999227,-1392.3745
Sub03_H_T30_L_C10,Sub03_H,healthy,21,30,left,10,gait_termination,30507,30638,131,1.259999999999991,-1392.3745
Sub03_H_T30_R_C01,Sub03_H,healthy,21,30,right,1,gait_initiation,29398,29519,121,1.1599999999999682,1164.15
Sub03_H_T30_R_C02,Sub03_H,healthy,21,30,right,2,unassigned_steady_or_transition,29519,29642,123,1.17999999999995,1164.15
Sub03_H_T30_R_C03,Sub03_H,healthy,21,30,right,3,unassigned_steady_or_transition,29642,29767,125,1.1900000000000546,1164.15
Sub03_H_T30_R_C04,Sub03_H,healthy,21,30,right,4,unassigned_steady_or_transition,29767,29888,121,1.1599999999999682,1164.15
Sub03_H_T30_R_C05,Sub03_H,healthy,21,30,right,5,unassigned_steady_or_transition,29888,30011,123,1.1700000000000728,1164.15
Sub03_H_T30_R_C06,Sub03_H,healthy,21,30,right,6,unassigned_steady_or_transition,30011,30142,131,1.259999999999991,1164.15
Sub03_H_T30_R_C07,Sub03_H,healthy,21,30,right,7,unassigned_steady_or_transition,30142,30259,117,1.1200000000000045,1164.15
Sub03_H_T30_R_C08,Sub03_H,healthy,21,30,right,8,unassigned_steady_or_transition,30259,30374,115,1.1100000000000136,1164.15
Sub03_H_T30_R_C09,Sub03_H,healthy,21,30,right,9,unassigned_steady_or_transition,30374,30499,125,1.2100000000000364,1164.15
Sub03_H_T30_R_C10,Sub03_H,healthy,21,30,right,10,gait_termination,30499,30628,129,1.240000000000009,1164.15
Sub03_H_T31_L_C01,Sub03_H,healthy,21,31,left,1,gait_initiation,32228,32357,129,1.25,1276.6725
Sub03_H_T31_L_C02,Sub03_H,healthy,21,31,left,2,unassigned_steady_or_transition,32357,32488,131,1.2699999999999818,1276.6725
Sub03_H_T31_L_C03,Sub03_H,healthy,21,31,left,3,unassigned_steady_or_transition,32488,32616,128,1.2300000000000182,1276.6725
Sub03_H_T31_L_C04,Sub03_H,healthy,21,31,left,4,unassigned_steady_or_transition,32616,32746,130,1.2700000000000955,1276.6725
Sub03_H_T31_L_C05,Sub03_H,healthy,21,31,left,5,unassigned_steady_or_transition,32746,32873,127,1.2199999999999136,1276.6725
Sub03_H_T31_L_C06,Sub03_H,healthy,21,31,left,6,unassigned_steady_or_transition,32873,32982,109,1.0500000000000682,1276.6725
Sub03_H_T31_L_C07,Sub03_H,healthy,21,31,left,7,unassigned_steady_or_transition,32982,33099,117,1.1100000000000136,1276.6725
Sub03_H_T31_L_C08,Sub03_H,healthy,21,31,left,8,unassigned_steady_or_transition,33099,33217,118,1.1200000000000045,1276.6725
Sub03_H_T31_L_C09,Sub03_H,healthy,21,31,left,9,unassigned_steady_or_transition,33217,33338,121,1.1599999999999682,1276.6725
Sub03_H_T31_L_C10,Sub03_H,healthy,21,31,left,10,gait_termination,33338,33460,122,1.1700000000000728,1276.6725
Sub03_H_T31_R_C01,Sub03_H,healthy,21,31,right,1,gait_initiation,32225,32355,130,1.259999999999991,-990.65
Sub03_H_T31_R_C02,Sub03_H,healthy,21,31,right,2,unassigned_steady_or_transition,32355,32486,131,1.2699999999999818,-990.65
Sub03_H_T31_R_C03,Sub03_H,healthy,21,31,right,3,gait_termination,32486,32642,156,1.509999999999991,-990.65
Sub03_H_T32_L_C01,Sub03_H,healthy,21,32,left,1,gait_initiation,35128,35249,121,1.1599999999999682,1234.5896500000001
Sub03_H_T32_L_C02,Sub03_H,healthy,21,32,left,2,unassigned_steady_or_transition,35249,35369,120,1.1499999999999773,1234.5896500000001
Sub03_H_T32_L_C03,Sub03_H,healthy,21,32,left,3,unassigned_steady_or_transition,35369,35494,125,1.1900000000000546,1234.5896500000001
Sub03_H_T32_L_C04,Sub03_H,healthy,21,32,left,4,unassigned_steady_or_transition,35494,35614,120,1.1499999999999773,1234.5896500000001
Sub03_H_T32_L_C05,Sub03_H,healthy,21,32,left,5,unassigned_steady_or_transition,35614,35747,133,1.2800000000000864,1234.5896500000001
Sub03_H_T32_L_C06,Sub03_H,healthy,21,32,left,6,unassigned_steady_or_transition,35747,35871,124,1.1899999999999409,1234.5896500000001
Sub03_H_T32_L_C07,Sub03_H,healthy,21,32,left,7,unassigned_steady_or_transition,35871,35985,114,1.1000000000000227,1234.5896500000001
Sub03_H_T32_L_C08,Sub03_H,healthy,21,32,left,8,unassigned_steady_or_transition,35985,36111,126,1.2100000000000364,1234.5896500000001
Sub03_H_T32_L_C09,Sub03_H,healthy,21,32,left,9,unassigned_steady_or_transition,36111,36231,120,1.1599999999999682,1234.5896500000001
Sub03_H_T32_L_C10,Sub03_H,healthy,21,32,left,10,gait_termination,36231,36365,134,1.3000000000000682,1234.5896500000001
Sub03_H_T32_R_C01,Sub03_H,healthy,21,32,right,1,gait_initiation,35027,35187,160,1.5399999999999636,677.45
Sub03_H_T32_R_C02,Sub03_H,healthy,21,32,right,2,unassigned_steady_or_transition,35187,35309,122,1.1700000000000728,677.45
Sub03_H_T32_R_C03,Sub03_H,healthy,21,32,right,3,unassigned_steady_or_transition,35309,35379,70,0.6599999999999682,677.45
Sub03_H_T32_R_C04,Sub03_H,healthy,21,32,right,4,unassigned_steady_or_transition,35379,35427,48,0.4500000000000455,677.45
Sub03_H_T32_R_C05,Sub03_H,healthy,21,32,right,5,unassigned_steady_or_transition,35427,35551,124,1.17999999999995,677.45
Sub03_H_T32_R_C06,Sub03_H,healthy,21,32,right,6,unassigned_steady_or_transition,35551,35674,123,1.169999999999959,677.45
Sub03_H_T32_R_C07,Sub03_H,healthy,21,32,right,7,unassigned_steady_or_transition,35674,35811,137,1.32000000000005,677.45
Sub03_H_T32_R_C08,Sub03_H,healthy,21,32,right,8,unassigned_steady_or_transition,35811,35926,115,1.1100000000000136,677.45
Sub03_H_T32_R_C09,Sub03_H,healthy,21,32,right,9,unassigned_steady_or_transition,35926,36049,123,1.1899999999999409,677.45
Sub03_H_T32_R_C10,Sub03_H,healthy,21,32,right,10,unassigned_steady_or_transition,36049,36166,117,1.1200000000000045,677.45
Sub03_H_T32_R_C11,Sub03_H,healthy,21,32,right,11,unassigned_steady_or_transition,36166,36290,124,1.2000000000000455,677.45
Sub03_H_T32_R_C12,Sub03_H,healthy,21,32,right,12,gait_termination,36290,36367,77,0.7400000000000091,677.45
Sub03_H_T33_L_C01,Sub03_H,healthy,21,33,left,1,gait_initiation,37816,37935,119,1.1499999999999773,1262.0895
Sub03_H_T33_L_C02,Sub03_H,healthy,21,33,left,2,unassigned_steady_or_transition,37935,38048,113,1.0900000000000318,1262.0895
Sub03_H_T33_L_C03,Sub03_H,healthy,21,33,left,3,unassigned_steady_or_transition,38048,38162,114,1.099999999999909,1262.0895
Sub03_H_T33_L_C04,Sub03_H,healthy,21,33,left,4,unassigned_steady_or_transition,38162,38279,117,1.1299999999999955,1262.0895
Sub03_H_T33_L_C05,Sub03_H,healthy,21,33,left,5,unassigned_steady_or_transition,38279,38408,129,1.240000000000009,1262.0895
Sub03_H_T33_L_C06,Sub03_H,healthy,21,33,left,6,unassigned_steady_or_transition,38408,38526,118,1.1299999999999955,1262.0895
Sub03_H_T33_L_C07,Sub03_H,healthy,21,33,left,7,unassigned_steady_or_transition,38526,38653,127,1.2099999999999227,1262.0895
Sub03_H_T33_L_C08,Sub03_H,healthy,21,33,left,8,unassigned_steady_or_transition,38653,38776,123,1.17999999999995,1262.0895
Sub03_H_T33_L_C09,Sub03_H,healthy,21,33,left,9,unassigned_steady_or_transition,38776,38899,123,1.169999999999959,1262.0895
Sub03_H_T33_L_C10,Sub03_H,healthy,21,33,left,10,gait_termination,38899,39023,124,1.1899999999999409,1262.0895
Sub03_H_T33_R_C01,Sub03_H,healthy,21,33,right,1,gait_initiation,37727,37778,51,0.4799999999999045,681.1
Sub03_H_T33_R_C02,Sub03_H,healthy,21,33,right,2,unassigned_steady_or_transition,37778,37870,92,0.8999999999999773,681.1
Sub03_H_T33_R_C03,Sub03_H,healthy,21,33,right,3,unassigned_steady_or_transition,37870,37988,118,1.1399999999999864,681.1
Sub03_H_T33_R_C04,Sub03_H,healthy,21,33,right,4,unassigned_steady_or_transition,37988,38101,113,1.0900000000000318,681.1
Sub03_H_T33_R_C05,Sub03_H,healthy,21,33,right,5,unassigned_steady_or_transition,38101,38214,113,1.0900000000000318,681.1
Sub03_H_T33_R_C06,Sub03_H,healthy,21,33,right,6,unassigned_steady_or_transition,38214,38340,126,1.2099999999999227,681.1
Sub03_H_T33_R_C07,Sub03_H,healthy,21,33,right,7,unassigned_steady_or_transition,38340,38464,124,1.1900000000000546,681.1
Sub03_H_T33_R_C08,Sub03_H,healthy,21,33,right,8,unassigned_steady_or_transition,38464,38590,126,1.2100000000000364,681.1
Sub03_H_T33_R_C09,Sub03_H,healthy,21,33,right,9,unassigned_steady_or_transition,38590,38714,124,1.17999999999995,681.1
Sub03_H_T33_R_C10,Sub03_H,healthy,21,33,right,10,unassigned_steady_or_transition,38714,38787,73,0.6900000000000546,681.1
Sub03_H_T33_R_C11,Sub03_H,healthy,21,33,right,11,unassigned_steady_or_transition,38787,38834,47,0.4499999999999318,681.1
Sub03_H_T33_R_C12,Sub03_H,healthy,21,33,right,12,gait_termination,38834,38958,124,1.17999999999995,681.1
Sub03_H_T34_R_C01,Sub03_H,healthy,21,34,right,1,gait_initiation,41086,41196,110,1.0599999999999454,662.78
Sub03_H_T34_R_C02,Sub03_H,healthy,21,34,right,2,unassigned_steady_or_transition,41196,41331,135,1.3000000000000682,662.78
Sub03_H_T34_R_C03,Sub03_H,healthy,21,34,right,3,unassigned_steady_or_transition,41331,41415,84,0.7999999999999545,662.78
Sub03_H_T34_R_C04,Sub03_H,healthy,21,34,right,4,unassigned_steady_or_transition,41415,41534,119,1.1399999999999864,662.78
Sub03_H_T34_R_C05,Sub03_H,healthy,21,34,right,5,unassigned_steady_or_transition,41534,41689,155,1.4799999999999045,662.78
Sub03_H_T34_R_C06,Sub03_H,healthy,21,34,right,6,unassigned_steady_or_transition,41689,41816,127,1.2199999999999136,662.78
Sub03_H_T34_R_C07,Sub03_H,healthy,21,34,right,7,unassigned_steady_or_transition,41816,41937,121,1.1600000000000819,662.78
Sub03_H_T34_R_C08,Sub03_H,healthy,21,34,right,8,unassigned_steady_or_transition,41937,42066,129,1.25,662.78
Sub03_H_T34_R_C09,Sub03_H,healthy,21,34,right,9,unassigned_steady_or_transition,42066,42190,124,1.1899999999999409,662.78
Sub03_H_T34_R_C10,Sub03_H,healthy,21,34,right,10,gait_termination,42190,42312,122,1.1800000000000637,662.78
Sub03_H_T35_L_C01,Sub03_H,healthy,21,35,left,1,gait_initiation,43312,43441,129,1.2300000000000182,1327.8562
Sub03_H_T35_R_C01,Sub03_H,healthy,21,35,right,1,gait_initiation,43784,43836,52,0.4900000000000091,-711.65
Sub03_H_T35_R_C02,Sub03_H,healthy,21,35,right,2,unassigned_steady_or_transition,43836,43939,103,0.9900000000000091,-711.65
Sub03_H_T35_R_C03,Sub03_H,healthy,21,35,right,3,unassigned_steady_or_transition,43939,44040,101,0.9800000000000182,-711.65
Sub03_H_T35_R_C04,Sub03_H,healthy,21,35,right,4,unassigned_steady_or_transition,44040,44287,247,2.3899999999999864,-711.65
Sub03_H_T35_R_C05,Sub03_H,healthy,21,35,right,5,unassigned_steady_or_transition,44287,44381,94,0.9100000000000819,-711.65
Sub03_H_T35_R_C06,Sub03_H,healthy,21,35,right,6,unassigned_steady_or_transition,44381,44509,128,1.2300000000000182,-711.65
Sub03_H_T35_R_C07,Sub03_H,healthy,21,35,right,7,unassigned_steady_or_transition,44509,44639,130,1.25,-711.65
Sub03_H_T35_R_C08,Sub03_H,healthy,21,35,right,8,unassigned_steady_or_transition,44639,44753,114,1.0899999999999181,-711.65
Sub03_H_T35_R_C09,Sub03_H,healthy,21,35,right,9,unassigned_steady_or_transition,44753,44907,154,1.4699999999999136,-711.65
Sub03_H_T35_R_C10,Sub03_H,healthy,21,35,right,10,gait_termination,44907,45031,124,1.1900000000000546,-711.65
Sub03_H_T36_R_C01,Sub03_H,healthy,21,36,right,1,gait_initiation,46682,46812,130,1.240000000000009,662.565
Sub03_H_T36_R_C02,Sub03_H,healthy,21,36,right,2,unassigned_steady_or_transition,46812,46928,116,1.1200000000000045,662.565
Sub03_H_T36_R_C03,Sub03_H,healthy,21,36,right,3,unassigned_steady_or_transition,46928,47003,75,0.7100000000000364,662.565
Sub03_H_T36_R_C04,Sub03_H,healthy,21,36,right,4,unassigned_steady_or_transition,47003,47055,52,0.4900000000000091,662.565
Sub03_H_T36_R_C05,Sub03_H,healthy,21,36,right,5,unassigned_steady_or_transition,47055,47176,121,1.1599999999999682,662.565
Sub03_H_T36_R_C06,Sub03_H,healthy,21,36,right,6,unassigned_steady_or_transition,47176,47299,123,1.169999999999959,662.565
Sub03_H_T36_R_C07,Sub03_H,healthy,21,36,right,7,unassigned_steady_or_transition,47299,47433,134,1.3000000000000682,662.565
Sub03_H_T36_R_C08,Sub03_H,healthy,21,36,right,8,unassigned_steady_or_transition,47433,47543,110,1.0599999999999454,662.565
Sub03_H_T36_R_C09,Sub03_H,healthy,21,36,right,9,unassigned_steady_or_transition,47543,47658,115,1.1100000000000136,662.565
Sub03_H_T36_R_C10,Sub03_H,healthy,21,36,right,10,unassigned_steady_or_transition,47658,47774,116,1.1200000000000045,662.565
Sub03_H_T36_R_C11,Sub03_H,healthy,21,36,right,11,gait_termination,47774,47905,131,1.2700000000000955,662.565
Sub03_H_T37_L_C01,Sub03_H,healthy,21,37,left,1,gait_initiation,49318,49449,131,1.2699999999999818,-1356.7501
Sub03_H_T37_L_C02,Sub03_H,healthy,21,37,left,2,gait_termination,49449,49588,139,1.3700000000000045,-1356.7501
Sub03_H_T37_R_C01,Sub03_H,healthy,21,37,right,1,gait_initiation,49194,49425,231,2.2200000000000273,-700.9399999999999
Sub03_H_T37_R_C02,Sub03_H,healthy,21,37,right,2,unassigned_steady_or_transition,49425,49498,73,0.7200000000000273,-700.9399999999999
Sub03_H_T37_R_C03,Sub03_H,healthy,21,37,right,3,unassigned_steady_or_transition,49762,49871,109,1.0599999999999454,-700.9399999999999
Sub03_H_T37_R_C04,Sub03_H,healthy,21,37,right,4,unassigned_steady_or_transition,49871,49994,123,1.1900000000000546,-700.9399999999999
Sub03_H_T37_R_C05,Sub03_H,healthy,21,37,right,5,unassigned_steady_or_transition,49994,50106,112,1.0900000000000318,-700.9399999999999
Sub03_H_T37_R_C06,Sub03_H,healthy,21,37,right,6,unassigned_steady_or_transition,50106,50221,115,1.099999999999909,-700.9399999999999
Sub03_H_T37_R_C07,Sub03_H,healthy,21,37,right,7,unassigned_steady_or_transition,50221,50459,238,2.2999999999999545,-700.9399999999999
Sub03_H_T37_R_C08,Sub03_H,healthy,21,37,right,8,unassigned_steady_or_transition,50459,50614,155,1.4800000000000182,-700.9399999999999
Sub03_H_T37_R_C09,Sub03_H,healthy,21,37,right,9,gait_termination,50614,50753,139,1.3300000000001546,-700.9399999999999
Sub03_H_T38_L_C01,Sub03_H,healthy,21,38,left,1,gait_initiation,52068,52178,110,1.0499999999999545,-1301.1306999999997
Sub03_H_T38_R_C01,Sub03_H,healthy,21,38,right,1,gait_initiation,52351,52495,144,1.3900000000001,656.05
Sub03_H_T38_R_C02,Sub03_H,healthy,21,38,right,2,unassigned_steady_or_transition,52495,52625,130,1.240000000000009,656.05
Sub03_H_T38_R_C03,Sub03_H,healthy,21,38,right,3,unassigned_steady_or_transition,52625,52754,129,1.2300000000000182,656.05
Sub03_H_T38_R_C04,Sub03_H,healthy,21,38,right,4,unassigned_steady_or_transition,52754,52871,117,1.1300000000001091,656.05
Sub03_H_T38_R_C05,Sub03_H,healthy,21,38,right,5,unassigned_steady_or_transition,52871,52988,117,1.1299999999998818,656.05
Sub03_H_T38_R_C06,Sub03_H,healthy,21,38,right,6,unassigned_steady_or_transition,52988,53118,130,1.259999999999991,656.05
Sub03_H_T38_R_C07,Sub03_H,healthy,21,38,right,7,unassigned_steady_or_transition,53118,53237,119,1.150000000000091,656.05
Sub03_H_T38_R_C08,Sub03_H,healthy,21,38,right,8,unassigned_steady_or_transition,53237,53359,122,1.1800000000000637,656.05
Sub03_H_T38_R_C09,Sub03_H,healthy,21,38,right,9,unassigned_steady_or_transition,53359,53476,117,1.1399999999998727,656.05
Sub03_H_T38_R_C10,Sub03_H,healthy,21,38,right,10,gait_termination,53476,53598,122,1.1800000000000637,656.05
Sub03_H_T39_L_C01,Sub03_H,healthy,21,39,left,1,gait_initiation,54777,54927,150,1.4700000000000273,1283.3836000000001
Sub03_H_T39_L_C02,Sub03_H,healthy,21,39,left,2,gait_termination,54927,55067,140,1.3599999999999,1283.3836000000001
Sub03_H_T39_R_C01,Sub03_H,healthy,21,39,right,1,gait_initiation,54971,55093,122,1.1900000000000546,662.1700000000001
Sub03_H_T39_R_C02,Sub03_H,healthy,21,39,right,2,unassigned_steady_or_transition,55093,55212,119,1.150000000000091,662.1700000000001
Sub03_H_T39_R_C03,Sub03_H,healthy,21,39,right,3,unassigned_steady_or_transition,55212,55334,122,1.1799999999998363,662.1700000000001
Sub03_H_T39_R_C04,Sub03_H,healthy,21,39,right,4,unassigned_steady_or_transition,55334,55455,121,1.1699999999998454,662.1700000000001
Sub03_H_T39_R_C05,Sub03_H,healthy,21,39,right,5,unassigned_steady_or_transition,55455,55575,120,1.1600000000000819,662.1700000000001
Sub03_H_T39_R_C06,Sub03_H,healthy,21,39,right,6,unassigned_steady_or_transition,55575,55695,120,1.150000000000091,662.1700000000001
Sub03_H_T39_R_C07,Sub03_H,healthy,21,39,right,7,unassigned_steady_or_transition,55695,55818,123,1.1799999999998363,662.1700000000001
Sub03_H_T39_R_C08,Sub03_H,healthy,21,39,right,8,unassigned_steady_or_transition,55818,55943,125,1.2000000000000455,662.1700000000001
Sub03_H_T39_R_C09,Sub03_H,healthy,21,39,right,9,gait_termination,55943,56070,127,1.2200000000000273,662.1700000000001
Sub04_H_T01_L_C01,Sub04_H,healthy,1,1,left,1,gait_initiation,2161,2300,139,1.3799999999999955,1634.4288000000001
Sub04_H_T01_L_C02,Sub04_H,healthy,1,1,left,2,unassigned_steady_or_transition,2300,2424,124,1.240000000000009,1634.4288000000001
Sub04_H_T01_L_C03,Sub04_H,healthy,1,1,left,3,unassigned_steady_or_transition,2424,2544,120,1.200000000000017,1634.4288000000001
Sub04_H_T01_L_C04,Sub04_H,healthy,1,1,left,4,unassigned_steady_or_transition,2544,2661,117,1.1599999999999966,1634.4288000000001
Sub04_H_T01_L_C05,Sub04_H,healthy,1,1,left,5,unassigned_steady_or_transition,2661,2771,110,1.0999999999999943,1634.4288000000001
Sub04_H_T01_L_C06,Sub04_H,healthy,1,1,left,6,unassigned_steady_or_transition,2771,2898,127,1.2700000000000102,1634.4288000000001
Sub04_H_T01_L_C07,Sub04_H,healthy,1,1,left,7,unassigned_steady_or_transition,2898,3021,123,1.2199999999999989,1634.4288000000001
Sub04_H_T01_L_C08,Sub04_H,healthy,1,1,left,8,unassigned_steady_or_transition,3021,3153,132,1.3199999999999932,1634.4288000000001
Sub04_H_T01_L_C09,Sub04_H,healthy,1,1,left,9,unassigned_steady_or_transition,3153,3285,132,1.3199999999999932,1634.4288000000001
Sub04_H_T01_L_C10,Sub04_H,healthy,1,1,left,10,gait_termination,3285,3399,114,1.1699999999999875,1634.4288000000001
Sub04_H_T01_R_C01,Sub04_H,healthy,1,1,right,1,gait_initiation,1953,2087,134,1.3400000000000034,213.03000000000003
Sub04_H_T01_R_C02,Sub04_H,healthy,1,1,right,2,unassigned_steady_or_transition,2087,2198,111,1.1099999999999852,213.03000000000003
Sub04_H_T01_R_C03,Sub04_H,healthy,1,1,right,3,unassigned_steady_or_transition,2198,2319,121,1.1999999999999886,213.03000000000003
Sub04_H_T01_R_C04,Sub04_H,healthy,1,1,right,4,unassigned_steady_or_transition,2319,2431,112,1.1200000000000045,213.03000000000003
Sub04_H_T01_R_C05,Sub04_H,healthy,1,1,right,5,unassigned_steady_or_transition,2431,2550,119,1.1899999999999977,213.03000000000003
Sub04_H_T01_R_C06,Sub04_H,healthy,1,1,right,6,unassigned_steady_or_transition,2550,2618,68,0.6699999999999875,213.03000000000003
Sub04_H_T01_R_C07,Sub04_H,healthy,1,1,right,7,unassigned_steady_or_transition,2618,2800,182,1.8100000000000023,213.03000000000003
Sub04_H_T01_R_C08,Sub04_H,healthy,1,1,right,8,gait_termination,2800,3041,241,2.4099999999999966,213.03000000000003
Sub04_H_T02_L_C01,Sub04_H,healthy,1,2,left,1,gait_initiation,5670,5787,117,1.1599999999999682,1624.4626
Sub04_H_T02_L_C02,Sub04_H,healthy,1,2,left,2,unassigned_steady_or_transition,5787,5904,117,1.170000000000016,1624.4626
Sub04_H_T02_L_C03,Sub04_H,healthy,1,2,left,3,unassigned_steady_or_transition,5904,6028,124,1.240000000000009,1624.4626
Sub04_H_T02_L_C04,Sub04_H,healthy,1,2,left,4,unassigned_steady_or_transition,6028,6154,126,1.2600000000000477,1624.4626
Sub04_H_T02_L_C05,Sub04_H,healthy,1,2,left,5,unassigned_steady_or_transition,6154,6278,124,1.240000000000009,1624.4626
Sub04_H_T02_L_C06,Sub04_H,healthy,1,2,left,6,unassigned_steady_or_transition,6278,6404,126,1.25,1624.4626
Sub04_H_T02_L_C07,Sub04_H,healthy,1,2,left,7,unassigned_steady_or_transition,6404,6515,111,1.1200000000000045,1624.4626
Sub04_H_T02_L_C08,Sub04_H,healthy,1,2,left,8,unassigned_steady_or_transition,6515,6631,116,1.1899999999999977,1624.4626
Sub04_H_T02_L_C09,Sub04_H,healthy,1,2,left,9,gait_termination,6631,6747,116,1.1899999999999977,1624.4626
Sub04_H_T02_R_C01,Sub04_H,healthy,1,2,right,1,gait_initiation,5150,5236,86,0.8599999999999568,-281.35
Sub04_H_T02_R_C02,Sub04_H,healthy,1,2,right,2,unassigned_steady_or_transition,5236,5379,143,1.4399999999999977,-281.35
Sub04_H_T02_R_C03,Sub04_H,healthy,1,2,right,3,unassigned_steady_or_transition,5379,5481,102,1.009999999999991,-281.35
Sub04_H_T02_R_C04,Sub04_H,healthy,1,2,right,4,unassigned_steady_or_transition,5481,5590,109,1.089999999999975,-281.35
Sub04_H_T02_R_C05,Sub04_H,healthy,1,2,right,5,unassigned_steady_or_transition,5590,5725,135,1.349999999999966,-281.35
Sub04_H_T02_R_C06,Sub04_H,healthy,1,2,right,6,unassigned_steady_or_transition,5725,5862,137,1.3599999999999568,-281.35
Sub04_H_T02_R_C07,Sub04_H,healthy,1,2,right,7,unassigned_steady_or_transition,5862,5979,117,1.1599999999999682,-281.35
Sub04_H_T02_R_C08,Sub04_H,healthy,1,2,right,8,unassigned_steady_or_transition,5979,6098,119,1.1899999999999977,-281.35
Sub04_H_T02_R_C09,Sub04_H,healthy,1,2,right,9,unassigned_steady_or_transition,6098,6216,118,1.17999999999995,-281.35
Sub04_H_T02_R_C10,Sub04_H,healthy,1,2,right,10,gait_termination,6216,6337,121,1.2099999999999795,-281.35
Sub04_H_T03_L_C01,Sub04_H,healthy,1,3,left,1,gait_initiation,8503,8625,122,1.2199999999999704,-1696.6014
Sub04_H_T03_L_C02,Sub04_H,healthy,1,3,left,2,unassigned_steady_or_transition,8625,8698,73,0.7199999999999704,-1696.6014
Sub04_H_T03_L_C03,Sub04_H,healthy,1,3,left,3,unassigned_steady_or_transition,8698,8757,59,0.5799999999999841,-1696.6014
Sub04_H_T03_L_C04,Sub04_H,healthy,1,3,left,4,unassigned_steady_or_transition,8757,8876,119,1.17999999999995,-1696.6014
Sub04_H_T03_L_C05,Sub04_H,healthy,1,3,left,5,unassigned_steady_or_transition,8876,8924,48,1.1800000000000068,-1696.6014
Sub04_H_T03_L_C06,Sub04_H,healthy,1,3,left,6,gait_termination,8924,9039,115,1.1399999999999864,-1696.6014
Sub04_H_T03_R_C01,Sub04_H,healthy,1,3,right,1,gait_initiation,7950,8046,96,0.9499999999999886,-305.19
Sub04_H_T03_R_C02,Sub04_H,healthy,1,3,right,2,unassigned_steady_or_transition,8046,8177,131,1.3199999999999932,-305.19
Sub04_H_T03_R_C03,Sub04_H,healthy,1,3,right,3,unassigned_steady_or_transition,8177,8290,113,1.1299999999999955,-305.19
Sub04_H_T03_R_C04,Sub04_H,healthy,1,3,right,4,unassigned_steady_or_transition,8290,8412,122,1.2200000000000273,-305.19
Sub04_H_T03_R_C05,Sub04_H,healthy,1,3,right,5,unassigned_steady_or_transition,8412,8517,105,1.0500000000000114,-305.19
Sub04_H_T03_R_C06,Sub04_H,healthy,1,3,right,6,unassigned_steady_or_transition,8517,8618,101,1.009999999999991,-305.19
Sub04_H_T03_R_C07,Sub04_H,healthy,1,3,right,7,unassigned_steady_or_transition,8618,8698,80,0.7900000000000205,-305.19
Sub04_H_T03_R_C08,Sub04_H,healthy,1,3,right,8,unassigned_steady_or_transition,8698,8797,99,0.9900000000000091,-305.19
Sub04_H_T03_R_C09,Sub04_H,healthy,1,3,right,9,unassigned_steady_or_transition,8797,8879,82,0.8000000000000114,-305.19
Sub04_H_T03_R_C10,Sub04_H,healthy,1,3,right,10,unassigned_steady_or_transition,8879,8956,77,0.7600000000000477,-305.19
Sub04_H_T03_R_C11,Sub04_H,healthy,1,3,right,11,unassigned_steady_or_transition,8956,9069,113,1.1200000000000045,-305.19
Sub04_H_T03_R_C12,Sub04_H,healthy,1,3,right,12,gait_termination,9069,9178,109,1.099999999999966,-305.19
Sub04_H_T04_L_C01,Sub04_H,healthy,1,4,left,1,gait_initiation,10255,10416,161,1.589999999999975,-1694.83745
Sub04_H_T04_L_C02,Sub04_H,healthy,1,4,left,2,unassigned_steady_or_transition,11280,11394,114,1.1299999999999955,-1694.83745
Sub04_H_T04_L_C03,Sub04_H,healthy,1,4,left,3,unassigned_steady_or_transition,11394,11505,111,1.1000000000000227,-1694.83745
Sub04_H_T04_L_C04,Sub04_H,healthy,1,4,left,4,unassigned_steady_or_transition,11505,11626,121,1.1899999999999977,-1694.83745
Sub04_H_T04_L_C05,Sub04_H,healthy,1,4,left,5,unassigned_steady_or_transition,11626,11741,115,1.1299999999999955,-1694.83745
Sub04_H_T04_L_C06,Sub04_H,healthy,1,4,left,6,unassigned_steady_or_transition,11741,11863,122,1.2100000000000364,-1694.83745
Sub04_H_T04_L_C07,Sub04_H,healthy,1,4,left,7,unassigned_steady_or_transition,11863,11989,126,1.259999999999991,-1694.83745
Sub04_H_T04_L_C08,Sub04_H,healthy,1,4,left,8,unassigned_steady_or_transition,11989,12105,116,1.1800000000000068,-1694.83745
Sub04_H_T04_L_C09,Sub04_H,healthy,1,4,left,9,gait_termination,12105,12216,111,1.1200000000000045,-1694.83745
Sub04_H_T04_R_C01,Sub04_H,healthy,1,4,right,1,gait_initiation,10564,10658,94,0.9399999999999977,-336.55
Sub04_H_T04_R_C02,Sub04_H,healthy,1,4,right,2,unassigned_steady_or_transition,10658,10790,132,1.3199999999999932,-336.55
Sub04_H_T04_R_C03,Sub04_H,healthy,1,4,right,3,unassigned_steady_or_transition,10790,10908,118,1.170000000000016,-336.55
Sub04_H_T04_R_C04,Sub04_H,healthy,1,4,right,4,unassigned_steady_or_transition,10908,11024,116,1.1499999999999773,-336.55
Sub04_H_T04_R_C05,Sub04_H,healthy,1,4,right,5,unassigned_steady_or_transition,11024,11150,126,1.240000000000009,-336.55
Sub04_H_T04_R_C06,Sub04_H,healthy,1,4,right,6,unassigned_steady_or_transition,11150,11251,101,0.9900000000000091,-336.55
Sub04_H_T04_R_C07,Sub04_H,healthy,1,4,right,7,unassigned_steady_or_transition,11251,11355,104,1.0400000000000205,-336.55
Sub04_H_T04_R_C08,Sub04_H,healthy,1,4,right,8,unassigned_steady_or_transition,11355,11477,122,1.1999999999999886,-336.55
Sub04_H_T04_R_C09,Sub04_H,healthy,1,4,right,9,unassigned_steady_or_transition,11477,11591,114,1.1199999999999477,-336.55
Sub04_H_T04_R_C10,Sub04_H,healthy,1,4,right,10,gait_termination,11591,11734,143,1.4099999999999682,-336.55
Sub04_H_T05_L_C01,Sub04_H,healthy,1,5,left,1,gait_initiation,18645,18757,112,1.099999999999966,1613.7055
Sub04_H_T05_L_C02,Sub04_H,healthy,1,5,left,2,unassigned_steady_or_transition,18757,18873,116,1.1400000000000432,1613.7055
Sub04_H_T05_L_C03,Sub04_H,healthy,1,5,left,3,unassigned_steady_or_transition,18873,18990,117,1.1599999999999682,1613.7055
Sub04_H_T05_L_C04,Sub04_H,healthy,1,5,left,4,unassigned_steady_or_transition,18990,19106,116,1.1399999999999864,1613.7055
Sub04_H_T05_L_C05,Sub04_H,healthy,1,5,left,5,unassigned_steady_or_transition,19106,19229,123,1.2099999999999795,1613.7055
Sub04_H_T05_L_C06,Sub04_H,healthy,1,5,left,6,unassigned_steady_or_transition,19229,19349,120,1.17999999999995,1613.7055
Sub04_H_T05_L_C07,Sub04_H,healthy,1,5,left,7,unassigned_steady_or_transition,19349,19469,120,1.17999999999995,1613.7055
Sub04_H_T05_L_C08,Sub04_H,healthy,1,5,left,8,unassigned_steady_or_transition,19469,19593,124,1.2199999999999704,1613.7055
Sub04_H_T05_L_C09,Sub04_H,healthy,1,5,left,9,unassigned_steady_or_transition,19593,19718,125,1.240000000000009,1613.7055
Sub04_H_T05_L_C10,Sub04_H,healthy,1,5,left,10,gait_termination,19718,19838,120,1.2200000000000273,1613.7055
Sub04_H_T05_R_C01,Sub04_H,healthy,1,5,right,1,gait_initiation,18326,18442,116,1.1499999999999773,-331.15
Sub04_H_T05_R_C02,Sub04_H,healthy,1,5,right,2,unassigned_steady_or_transition,18442,18550,108,1.0600000000000023,-331.15
Sub04_H_T05_R_C03,Sub04_H,healthy,1,5,right,3,unassigned_steady_or_transition,18550,18663,113,1.1199999999999477,-331.15
Sub04_H_T05_R_C04,Sub04_H,healthy,1,5,right,4,unassigned_steady_or_transition,18663,18787,124,1.2199999999999704,-331.15
Sub04_H_T05_R_C05,Sub04_H,healthy,1,5,right,5,unassigned_steady_or_transition,18787,18944,157,1.5500000000000114,-331.15
Sub04_H_T05_R_C06,Sub04_H,healthy,1,5,right,6,unassigned_steady_or_transition,18944,19052,108,1.0699999999999932,-331.15
Sub04_H_T05_R_C07,Sub04_H,healthy,1,5,right,7,unassigned_steady_or_transition,19052,19158,106,1.0399999999999636,-331.15
Sub04_H_T05_R_C08,Sub04_H,healthy,1,5,right,8,unassigned_steady_or_transition,19158,19283,125,1.2300000000000182,-331.15
Sub04_H_T05_R_C09,Sub04_H,healthy,1,5,right,9,unassigned_steady_or_transition,19283,19400,117,1.150000000000034,-331.15
Sub04_H_T05_R_C10,Sub04_H,healthy,1,5,right,10,unassigned_steady_or_transition,19400,19520,120,1.1800000000000068,-331.15
Sub04_H_T05_R_C11,Sub04_H,healthy,1,5,right,11,gait_termination,19520,19570,50,0.4900000000000091,-331.15
Sub04_H_T06_L_C01,Sub04_H,healthy,1,6,left,1,gait_initiation,21375,21492,117,1.160000000000025,1623.2335
Sub04_H_T06_L_C02,Sub04_H,healthy,1,6,left,2,unassigned_steady_or_transition,21492,21607,115,1.1299999999999955,1623.2335
Sub04_H_T06_L_C03,Sub04_H,healthy,1,6,left,3,unassigned_steady_or_transition,21607,21728,121,1.1899999999999977,1623.2335
Sub04_H_T06_L_C04,Sub04_H,healthy,1,6,left,4,unassigned_steady_or_transition,21728,21848,120,1.1800000000000068,1623.2335
Sub04_H_T06_L_C05,Sub04_H,healthy,1,6,left,5,unassigned_steady_or_transition,21848,21977,129,1.2700000000000387,1623.2335
Sub04_H_T06_L_C06,Sub04_H,healthy,1,6,left,6,unassigned_steady_or_transition,21977,22104,127,1.25,1623.2335
Sub04_H_T06_L_C07,Sub04_H,healthy,1,6,left,7,unassigned_steady_or_transition,22104,22225,121,1.1899999999999977,1623.2335
Sub04_H_T06_L_C08,Sub04_H,healthy,1,6,left,8,unassigned_steady_or_transition,22225,22338,113,1.1100000000000136,1623.2335
Sub04_H_T06_L_C09,Sub04_H,healthy,1,6,left,9,unassigned_steady_or_transition,22338,22459,121,1.1899999999999977,1623.2335
Sub04_H_T06_L_C10,Sub04_H,healthy,1,6,left,10,gait_termination,22459,22577,118,1.1599999999999682,1623.2335
Sub04_H_T06_R_C01,Sub04_H,healthy,1,6,right,1,gait_initiation,21228,21312,84,0.8299999999999841,-355.9
Sub04_H_T06_R_C02,Sub04_H,healthy,1,6,right,2,unassigned_steady_or_transition,21312,21448,136,1.3500000000000227,-355.9
Sub04_H_T06_R_C03,Sub04_H,healthy,1,6,right,3,unassigned_steady_or_transition,21448,21549,101,0.9900000000000091,-355.9
Sub04_H_T06_R_C04,Sub04_H,healthy,1,6,right,4,unassigned_steady_or_transition,21549,21665,116,1.1399999999999864,-355.9
Sub04_H_T06_R_C05,Sub04_H,healthy,1,6,right,5,unassigned_steady_or_transition,21665,21798,133,1.3100000000000023,-355.9
Sub04_H_T06_R_C06,Sub04_H,healthy,1,6,right,6,unassigned_steady_or_transition,21798,21920,122,1.1999999999999886,-355.9
Sub04_H_T06_R_C07,Sub04_H,healthy,1,6,right,7,unassigned_steady_or_transition,21920,22053,133,1.3100000000000023,-355.9
Sub04_H_T06_R_C08,Sub04_H,healthy,1,6,right,8,unassigned_steady_or_transition,22053,22161,108,1.0699999999999932,-355.9
Sub04_H_T06_R_C09,Sub04_H,healthy,1,6,right,9,unassigned_steady_or_transition,22161,22278,117,1.1499999999999773,-355.9
Sub04_H_T06_R_C10,Sub04_H,healthy,1,6,right,10,gait_termination,22278,22432,154,1.5299999999999727,-355.9
Sub04_H_T07_L_C01,Sub04_H,healthy,1,7,left,1,gait_initiation,24231,24342,111,1.1000000000000227,1638.3453000000002
Sub04_H_T07_L_C02,Sub04_H,healthy,1,7,left,2,unassigned_steady_or_transition,24342,24464,122,1.2099999999999795,1638.3453000000002
Sub04_H_T07_L_C03,Sub04_H,healthy,1,7,left,3,unassigned_steady_or_transition,24464,24582,118,1.169999999999959,1638.3453000000002
Sub04_H_T07_L_C04,Sub04_H,healthy,1,7,left,4,unassigned_steady_or_transition,24582,24696,114,1.1299999999999955,1638.3453000000002
Sub04_H_T07_L_C05,Sub04_H,healthy,1,7,left,5,unassigned_steady_or_transition,24696,24815,119,1.169999999999959,1638.3453000000002
Sub04_H_T07_L_C06,Sub04_H,healthy,1,7,left,6,unassigned_steady_or_transition,24815,24932,117,1.1599999999999682,1638.3453000000002
Sub04_H_T07_L_C07,Sub04_H,healthy,1,7,left,7,unassigned_steady_or_transition,24932,25056,124,1.2300000000000182,1638.3453000000002
Sub04_H_T07_L_C08,Sub04_H,healthy,1,7,left,8,unassigned_steady_or_transition,25056,25174,118,1.160000000000025,1638.3453000000002
Sub04_H_T07_L_C09,Sub04_H,healthy,1,7,left,9,unassigned_steady_or_transition,25174,25292,118,1.170000000000016,1638.3453000000002
Sub04_H_T07_L_C10,Sub04_H,healthy,1,7,left,10,gait_termination,25292,25417,125,1.2299999999999613,1638.3453000000002
Sub04_H_T07_R_C01,Sub04_H,healthy,1,7,right,1,gait_initiation,24170,24277,107,1.0600000000000023,-377.7
Sub04_H_T07_R_C02,Sub04_H,healthy,1,7,right,2,unassigned_steady_or_transition,24277,24384,107,1.0600000000000023,-377.7
Sub04_H_T07_R_C03,Sub04_H,healthy,1,7,right,3,unassigned_steady_or_transition,24384,24508,124,1.2299999999999613,-377.7
Sub04_H_T07_R_C04,Sub04_H,healthy,1,7,right,4,unassigned_steady_or_transition,24508,24619,111,1.099999999999966,-377.7
Sub04_H_T07_R_C05,Sub04_H,healthy,1,7,right,5,unassigned_steady_or_transition,24619,24737,118,1.170000000000016,-377.7
Sub04_H_T07_R_C06,Sub04_H,healthy,1,7,right,6,unassigned_steady_or_transition,24737,24847,110,1.079999999999984,-377.7
Sub04_H_T07_R_C07,Sub04_H,healthy,1,7,right,7,unassigned_steady_or_transition,24847,24963,116,1.1499999999999773,-377.7
Sub04_H_T07_R_C08,Sub04_H,healthy,1,7,right,8,unassigned_steady_or_transition,24963,25119,156,1.5500000000000114,-377.7
Sub04_H_T07_R_C09,Sub04_H,healthy,1,7,right,9,unassigned_steady_or_transition,25119,25214,95,0.9300000000000068,-377.7
Sub04_H_T07_R_C10,Sub04_H,healthy,1,7,right,10,unassigned_steady_or_transition,25214,25363,149,1.4800000000000182,-377.7
Sub04_H_T07_R_C11,Sub04_H,healthy,1,7,right,11,unassigned_steady_or_transition,25363,25485,122,1.1999999999999886,-377.7
Sub04_H_T07_R_C12,Sub04_H,healthy,1,7,right,12,gait_termination,25485,25617,132,1.3100000000000023,-377.7
Sub04_H_T08_L_C01,Sub04_H,healthy,1,8,left,1,gait_initiation,26795,26900,105,1.07000000000005,-1692.605
Sub04_H_T08_L_C02,Sub04_H,healthy,1,8,left,2,unassigned_steady_or_transition,26900,27011,111,1.1099999999999568,-1692.605
Sub04_H_T08_L_C03,Sub04_H,healthy,1,8,left,3,unassigned_steady_or_transition,27011,27134,123,1.2199999999999704,-1692.605
Sub04_H_T08_L_C04,Sub04_H,healthy,1,8,left,4,unassigned_steady_or_transition,27134,27255,121,1.1999999999999886,-1692.605
Sub04_H_T08_L_C05,Sub04_H,healthy,1,8,left,5,unassigned_steady_or_transition,27255,27380,125,1.2299999999999613,-1692.605
Sub04_H_T08_L_C06,Sub04_H,healthy,1,8,left,6,unassigned_steady_or_transition,27380,27500,120,1.1800000000000068,-1692.605
Sub04_H_T08_L_C07,Sub04_H,healthy,1,8,left,7,unassigned_steady_or_transition,27500,27622,122,1.2099999999999795,-1692.605
Sub04_H_T08_L_C08,Sub04_H,healthy,1,8,left,8,unassigned_steady_or_transition,27622,27738,116,1.1499999999999773,-1692.605
Sub04_H_T08_L_C09,Sub04_H,healthy,1,8,left,9,gait_termination,27738,27858,120,1.17999999999995,-1692.605
Sub04_H_T08_R_C01,Sub04_H,healthy,1,8,right,1,gait_initiation,26905,26984,79,0.7800000000000296,-377.75
Sub04_H_T08_R_C02,Sub04_H,healthy,1,8,right,2,unassigned_steady_or_transition,26984,27103,119,1.1800000000000068,-377.75
Sub04_H_T08_R_C03,Sub04_H,healthy,1,8,right,3,unassigned_steady_or_transition,27103,27206,103,1.0200000000000387,-377.75
Sub04_H_T08_R_C04,Sub04_H,healthy,1,8,right,4,unassigned_steady_or_transition,27206,27341,135,1.329999999999984,-377.75
Sub04_H_T08_R_C05,Sub04_H,healthy,1,8,right,5,unassigned_steady_or_transition,27341,27448,107,1.0500000000000114,-377.75
Sub04_H_T08_R_C06,Sub04_H,healthy,1,8,right,6,unassigned_steady_or_transition,27448,27575,127,1.259999999999991,-377.75
Sub04_H_T08_R_C07,Sub04_H,healthy,1,8,right,7,unassigned_steady_or_transition,27575,27698,123,1.2199999999999704,-377.75
Sub04_H_T08_R_C08,Sub04_H,healthy,1,8,right,8,unassigned_steady_or_transition,27698,27822,124,1.2200000000000273,-377.75
Sub04_H_T08_R_C09,Sub04_H,healthy,1,8,right,9,unassigned_steady_or_transition,27822,27939,117,1.1599999999999682,-377.75
Sub04_H_T08_R_C10,Sub04_H,healthy,1,8,right,10,gait_termination,27939,28060,121,1.1899999999999977,-377.75
Sub04_H_T09_L_C01,Sub04_H,healthy,1,9,left,1,gait_initiation,29460,29574,114,1.1399999999999864,1633.77405
Sub04_H_T09_L_C02,Sub04_H,healthy,1,9,left,2,unassigned_steady_or_transition,29574,29688,114,1.1499999999999773,1633.77405
Sub04_H_T09_L_C03,Sub04_H,healthy,1,9,left,3,unassigned_steady_or_transition,29688,29808,120,1.17999999999995,1633.77405
Sub04_H_T09_L_C04,Sub04_H,healthy,1,9,left,4,unassigned_steady_or_transition,29808,29927,119,1.17999999999995,1633.77405
Sub04_H_T09_L_C05,Sub04_H,healthy,1,9,left,5,unassigned_steady_or_transition,29927,30043,116,1.1399999999999864,1633.77405
Sub04_H_T09_L_C06,Sub04_H,healthy,1,9,left,6,unassigned_steady_or_transition,30043,30159,116,1.1499999999999773,1633.77405
Sub04_H_T09_L_C07,Sub04_H,healthy,1,9,left,7,unassigned_steady_or_transition,30159,30279,120,1.17999999999995,1633.77405
Sub04_H_T09_L_C08,Sub04_H,healthy,1,9,left,8,unassigned_steady_or_transition,30279,30395,116,1.1399999999999864,1633.77405
Sub04_H_T09_L_C09,Sub04_H,healthy,1,9,left,9,unassigned_steady_or_transition,30395,30513,118,1.1600000000000819,1633.77405
Sub04_H_T09_L_C10,Sub04_H,healthy,1,9,left,10,gait_termination,30513,30637,124,1.2300000000000182,1633.77405
Sub04_H_T09_R_C01,Sub04_H,healthy,1,9,right,1,gait_initiation,29605,29735,130,1.2900000000000773,-382.35
Sub04_H_T09_R_C02,Sub04_H,healthy,1,9,right,2,unassigned_steady_or_transition,29735,29826,91,0.8899999999999864,-382.35
Sub04_H_T09_R_C03,Sub04_H,healthy,1,9,right,3,unassigned_steady_or_transition,29826,29938,112,1.1100000000000136,-382.35
Sub04_H_T09_R_C04,Sub04_H,healthy,1,9,right,4,unassigned_steady_or_transition,29938,30062,124,1.2200000000000273,-382.35
Sub04_H_T09_R_C05,Sub04_H,healthy,1,9,right,5,unassigned_steady_or_transition,30062,30179,117,1.1599999999999682,-382.35
Sub04_H_T09_R_C06,Sub04_H,healthy,1,9,right,6,unassigned_steady_or_transition,30179,30296,117,1.1499999999999773,-382.35
Sub04_H_T09_R_C07,Sub04_H,healthy,1,9,right,7,unassigned_steady_or_transition,30296,30446,150,1.490000000000009,-382.35
Sub04_H_T09_R_C08,Sub04_H,healthy,1,9,right,8,unassigned_steady_or_transition,30446,30553,107,1.0500000000000682,-382.35
Sub04_H_T09_R_C09,Sub04_H,healthy,1,9,right,9,unassigned_steady_or_transition,30553,30640,87,0.8600000000000136,-382.35
Sub04_H_T09_R_C10,Sub04_H,healthy,1,9,right,10,gait_termination,30640,30788,148,1.4600000000000364,-382.35
Sub04_H_T10_L_C01,Sub04_H,healthy,1,10,left,1,gait_initiation,34079,34208,129,1.2799999999999727,-1678.7239
Sub04_H_T10_R_C01,Sub04_H,healthy,1,10,right,1,gait_initiation,34230,34284,54,0.5199999999999818,-384.25
Sub04_H_T11_L_C01,Sub04_H,healthy,1,11,left,1,gait_initiation,42310,42427,117,1.1499999999999773,1586.205
Sub04_H_T11_L_C02,Sub04_H,healthy,1,11,left,2,unassigned_steady_or_transition,42427,42543,116,1.1299999999999955,1586.205
Sub04_H_T11_L_C03,Sub04_H,healthy,1,11,left,3,unassigned_steady_or_transition,42543,42667,124,1.2199999999999136,1586.205
Sub04_H_T11_L_C04,Sub04_H,healthy,1,11,left,4,unassigned_steady_or_transition,42667,42796,129,1.2600000000001046,1586.205
Sub04_H_T11_L_C05,Sub04_H,healthy,1,11,left,5,unassigned_steady_or_transition,42796,42922,126,1.240000000000009,1586.205
Sub04_H_T11_L_C06,Sub04_H,healthy,1,11,left,6,unassigned_steady_or_transition,42922,43044,122,1.1999999999999318,1586.205
Sub04_H_T11_L_C07,Sub04_H,healthy,1,11,left,7,unassigned_steady_or_transition,43044,43163,119,1.1800000000000637,1586.205
Sub04_H_T11_L_C08,Sub04_H,healthy,1,11,left,8,unassigned_steady_or_transition,43163,43283,120,1.17999999999995,1586.205
Sub04_H_T11_L_C09,Sub04_H,healthy,1,11,left,9,unassigned_steady_or_transition,43283,43406,123,1.2100000000000364,1586.205
Sub04_H_T11_L_C10,Sub04_H,healthy,1,11,left,10,gait_termination,43406,43531,125,1.2300000000000182,1586.205
Sub04_H_T11_R_C01,Sub04_H,healthy,1,11,right,1,gait_initiation,42218,42308,90,0.8899999999999864,339.4
Sub04_H_T11_R_C02,Sub04_H,healthy,1,11,right,2,unassigned_steady_or_transition,42308,42356,48,0.4600000000000364,339.4
Sub04_H_T11_R_C03,Sub04_H,healthy,1,11,right,3,unassigned_steady_or_transition,42356,42435,79,0.7799999999999727,339.4
Sub04_H_T11_R_C04,Sub04_H,healthy,1,11,right,4,unassigned_steady_or_transition,42435,42550,115,1.1200000000000045,339.4
Sub04_H_T11_R_C05,Sub04_H,healthy,1,11,right,5,gait_termination,42550,42663,113,1.1100000000000136,339.4
Sub04_H_T12_L_C01,Sub04_H,healthy,1,12,left,1,gait_initiation,47954,48077,123,1.2099999999999227,1617.8749
Sub04_H_T12_L_C02,Sub04_H,healthy,1,12,left,2,unassigned_steady_or_transition,48077,48201,124,1.2300000000000182,1617.8749
Sub04_H_T12_L_C03,Sub04_H,healthy,1,12,left,3,unassigned_steady_or_transition,48201,48325,124,1.2200000000000273,1617.8749
Sub04_H_T12_L_C04,Sub04_H,healthy,1,12,left,4,unassigned_steady_or_transition,48325,48448,123,1.2100000000000364,1617.8749
Sub04_H_T12_L_C05,Sub04_H,healthy,1,12,left,5,unassigned_steady_or_transition,48448,48564,116,1.1399999999999864,1617.8749
Sub04_H_T12_L_C06,Sub04_H,healthy,1,12,left,6,unassigned_steady_or_transition,48564,48690,126,1.240000000000009,1617.8749
Sub04_H_T12_L_C07,Sub04_H,healthy,1,12,left,7,unassigned_steady_or_transition,48690,48811,121,1.1900000000000546,1617.8749
Sub04_H_T12_L_C08,Sub04_H,healthy,1,12,left,8,unassigned_steady_or_transition,48811,48933,122,1.1999999999999318,1617.8749
Sub04_H_T12_L_C09,Sub04_H,healthy,1,12,left,9,unassigned_steady_or_transition,48933,49049,116,1.1600000000000819,1617.8749
Sub04_H_T12_L_C10,Sub04_H,healthy,1,12,left,10,gait_termination,49358,49467,109,1.080000000000041,1617.8749
Sub04_H_T12_R_C01,Sub04_H,healthy,1,12,right,1,gait_initiation,47354,47460,106,1.0499999999999545,351.525
Sub04_H_T12_R_C02,Sub04_H,healthy,1,12,right,2,unassigned_steady_or_transition,47460,47631,171,1.6900000000000546,351.525
Sub04_H_T12_R_C03,Sub04_H,healthy,1,12,right,3,unassigned_steady_or_transition,47631,47755,124,1.2300000000000182,351.525
Sub04_H_T12_R_C04,Sub04_H,healthy,1,12,right,4,unassigned_steady_or_transition,47755,47809,54,0.5299999999999727,351.525
Sub04_H_T12_R_C05,Sub04_H,healthy,1,12,right,5,unassigned_steady_or_transition,47809,47861,52,0.5,351.525
Sub04_H_T12_R_C06,Sub04_H,healthy,1,12,right,6,unassigned_steady_or_transition,47861,47914,53,0.5199999999999818,351.525
Sub04_H_T12_R_C07,Sub04_H,healthy,1,12,right,7,unassigned_steady_or_transition,47914,47963,49,0.4800000000000182,351.525
Sub04_H_T12_R_C08,Sub04_H,healthy,1,12,right,8,unassigned_steady_or_transition,47963,48015,52,0.5099999999999909,351.525
Sub04_H_T12_R_C09,Sub04_H,healthy,1,12,right,9,unassigned_steady_or_transition,48015,48068,53,0.5099999999999909,351.525
Sub04_H_T12_R_C10,Sub04_H,healthy,1,12,right,10,unassigned_steady_or_transition,48068,48120,52,0.5099999999999909,351.525
Sub04_H_T12_R_C11,Sub04_H,healthy,1,12,right,11,unassigned_steady_or_transition,48120,48176,56,0.5499999999999545,351.525
Sub04_H_T12_R_C12,Sub04_H,healthy,1,12,right,12,unassigned_steady_or_transition,48176,48230,54,0.5199999999999818,351.525
Sub04_H_T12_R_C13,Sub04_H,healthy,1,12,right,13,unassigned_steady_or_transition,48230,48280,50,0.4900000000000091,351.525
Sub04_H_T12_R_C14,Sub04_H,healthy,1,12,right,14,unassigned_steady_or_transition,48280,48326,46,0.4500000000000455,351.525
Sub04_H_T12_R_C15,Sub04_H,healthy,1,12,right,15,unassigned_steady_or_transition,48326,48372,46,0.4500000000000455,351.525
Sub04_H_T12_R_C16,Sub04_H,healthy,1,12,right,16,unassigned_steady_or_transition,48372,48421,49,0.4700000000000273,351.525
Sub04_H_T12_R_C17,Sub04_H,healthy,1,12,right,17,unassigned_steady_or_transition,48421,48470,49,0.4699999999999136,351.525
Sub04_H_T12_R_C18,Sub04_H,healthy,1,12,right,18,unassigned_steady_or_transition,48470,48557,87,0.8600000000000136,351.525
Sub04_H_T12_R_C19,Sub04_H,healthy,1,12,right,19,unassigned_steady_or_transition,48557,48648,91,0.8900000000001,351.525
Sub04_H_T12_R_C20,Sub04_H,healthy,1,12,right,20,unassigned_steady_or_transition,48648,48696,48,0.4699999999999136,351.525
Sub04_H_T12_R_C21,Sub04_H,healthy,1,12,right,21,unassigned_steady_or_transition,48696,48742,46,0.4500000000000455,351.525
Sub04_H_T12_R_C22,Sub04_H,healthy,1,12,right,22,unassigned_steady_or_transition,48742,48810,68,0.6599999999999682,351.525
Sub04_H_T12_R_C23,Sub04_H,healthy,1,12,right,23,unassigned_steady_or_transition,48810,48889,79,0.7699999999999818,351.525
Sub04_H_T12_R_C24,Sub04_H,healthy,1,12,right,24,unassigned_steady_or_transition,48889,48936,47,0.4599999999999227,351.525
Sub04_H_T12_R_C25,Sub04_H,healthy,1,12,right,25,unassigned_steady_or_transition,48936,49023,87,0.8599999999999,351.525
Sub04_H_T12_R_C26,Sub04_H,healthy,1,12,right,26,unassigned_steady_or_transition,49023,49083,60,0.5799999999999272,351.525
Sub04_H_T12_R_C27,Sub04_H,healthy,1,12,right,27,unassigned_steady_or_transition,49087,49129,42,0.40999999999996817,351.525
Sub04_H_T12_R_C28,Sub04_H,healthy,1,12,right,28,unassigned_steady_or_transition,49148,49196,48,0.4700000000000273,351.525
Sub04_H_T12_R_C29,Sub04_H,healthy,1,12,right,29,unassigned_steady_or_transition,49196,49247,51,0.4900000000000091,351.525
Sub04_H_T12_R_C30,Sub04_H,healthy,1,12,right,30,unassigned_steady_or_transition,49247,49299,52,0.5,351.525
Sub04_H_T12_R_C31,Sub04_H,healthy,1,12,right,31,unassigned_steady_or_transition,49299,49445,146,1.4500000000000455,351.525
Sub04_H_T12_R_C32,Sub04_H,healthy,1,12,right,32,unassigned_steady_or_transition,49445,49495,50,0.4800000000000182,351.525
Sub04_H_T12_R_C33,Sub04_H,healthy,1,12,right,33,unassigned_steady_or_transition,49495,49549,54,0.5199999999999818,351.525
Sub04_H_T12_R_C34,Sub04_H,healthy,1,12,right,34,unassigned_steady_or_transition,49549,49670,121,1.1800000000000637,351.525
Sub04_H_T12_R_C35,Sub04_H,healthy,1,12,right,35,gait_termination,49670,49723,53,0.5099999999999909,351.525
Sub04_H_T13_R_C01,Sub04_H,healthy,1,13,right,1,gait_initiation,52289,52406,117,1.1600000000000819,416.19000000000005
Sub04_H_T14_R_C01,Sub04_H,healthy,1,14,right,1,gait_initiation,54875,54964,89,0.8799999999999955,455.9
Sub04_H_T14_R_C02,Sub04_H,healthy,1,14,right,2,unassigned_steady_or_transition,54964,55062,98,0.9800000000000182,455.9
Sub04_H_T14_R_C03,Sub04_H,healthy,1,14,right,3,unassigned_steady_or_transition,55062,55206,144,1.4099999999999682,455.9
Sub04_H_T14_R_C04,Sub04_H,healthy,1,14,right,4,gait_termination,55206,55330,124,1.2300000000000182,455.9
Sub04_H_T15_L_C01,Sub04_H,healthy,1,15,left,1,gait_initiation,58252,58418,166,1.7099999999999227,1701.81635
Sub04_H_T15_R_C01,Sub04_H,healthy,1,15,right,1,gait_initiation,57990,58150,160,1.5899999999999181,413.33000000000004
Sub04_H_T15_R_C02,Sub04_H,healthy,1,15,right,2,unassigned_steady_or_transition,58150,58224,74,0.7300000000000182,413.33000000000004
Sub04_H_T15_R_C03,Sub04_H,healthy,1,15,right,3,unassigned_steady_or_transition,58224,58350,126,1.2800000000000864,413.33000000000004
Sub04_H_T15_R_C04,Sub04_H,healthy,1,15,right,4,unassigned_steady_or_transition,58350,58421,71,0.7300000000000182,413.33000000000004
Sub04_H_T15_R_C05,Sub04_H,healthy,1,15,right,5,unassigned_steady_or_transition,58421,58496,75,0.75,413.33000000000004
Sub04_H_T15_R_C06,Sub04_H,healthy,1,15,right,6,unassigned_steady_or_transition,58496,58577,81,0.7999999999999545,413.33000000000004
Sub04_H_T15_R_C07,Sub04_H,healthy,1,15,right,7,gait_termination,58577,58656,79,0.7799999999999727,413.33000000000004
Sub04_H_T16_L_C01,Sub04_H,healthy,1,16,left,1,gait_initiation,61156,61373,217,2.169999999999959,-1645.5858
Sub04_H_T16_L_C02,Sub04_H,healthy,1,16,left,2,gait_termination,61373,61529,156,1.5600000000000591,-1645.5858
Sub04_H_T16_R_C01,Sub04_H,healthy,1,16,right,1,gait_initiation,61072,61217,145,1.4499999999999318,443.94
Sub04_H_T16_R_C02,Sub04_H,healthy,1,16,right,2,unassigned_steady_or_transition,61217,61318,101,1.0,443.94
Sub04_H_T16_R_C03,Sub04_H,healthy,1,16,right,3,unassigned_steady_or_transition,61318,61397,79,0.7899999999999636,443.94
Sub04_H_T16_R_C04,Sub04_H,healthy,1,16,right,4,unassigned_steady_or_transition,61397,61477,80,0.8000000000000682,443.94
Sub04_H_T16_R_C05,Sub04_H,healthy,1,16,right,5,gait_termination,61477,61557,80,0.7899999999999636,443.94
Sub04_H_T17_L_C01,Sub04_H,healthy,1,17,left,1,gait_initiation,64419,64551,132,1.3400000000000318,-1674.4940499999998
Sub04_H_T17_R_C01,Sub04_H,healthy,1,17,right,1,gait_initiation,64011,64098,87,0.8799999999999955,-403.35
Sub04_H_T17_R_C02,Sub04_H,healthy,1,17,right,2,unassigned_steady_or_transition,64098,64180,82,0.8099999999999454,-403.35
Sub04_H_T17_R_C03,Sub04_H,healthy,1,17,right,3,unassigned_steady_or_transition,64180,64332,152,1.5,-403.35
Sub04_H_T17_R_C04,Sub04_H,healthy,1,17,right,4,unassigned_steady_or_transition,64332,64388,56,0.5600000000000591,-403.35
Sub04_H_T17_R_C05,Sub04_H,healthy,1,17,right,5,unassigned_steady_or_transition,64388,64470,82,0.8099999999999454,-403.35
Sub04_H_T17_R_C06,Sub04_H,healthy,1,17,right,6,unassigned_steady_or_transition,64470,64550,80,0.8199999999999363,-403.35
Sub04_H_T17_R_C07,Sub04_H,healthy,1,17,right,7,gait_termination,64550,64614,64,0.6299999999999955,-403.35
Sub04_H_T18_R_C01,Sub04_H,healthy,1,18,right,1,gait_initiation,66941,67055,114,1.1399999999999864,439.2
Sub04_H_T18_R_C02,Sub04_H,healthy,1,18,right,2,unassigned_steady_or_transition,67055,67133,78,0.7900000000000773,439.2
Sub04_H_T18_R_C03,Sub04_H,healthy,1,18,right,3,gait_termination,67133,67197,64,0.6399999999999864,439.2
Sub04_H_T21_L_C01,Sub04_H,healthy,21,21,left,1,gait_initiation,1929,2048,119,1.199999999999818,1601.2916
Sub04_H_T21_L_C02,Sub04_H,healthy,21,21,left,2,unassigned_steady_or_transition,2048,2169,121,1.209999999999809,1601.2916
Sub04_H_T21_L_C03,Sub04_H,healthy,21,21,left,3,unassigned_steady_or_transition,2169,2288,119,1.1900000000000546,1601.2916
Sub04_H_T21_L_C04,Sub04_H,healthy,21,21,left,4,unassigned_steady_or_transition,2288,2382,94,1.2799999999999727,1601.2916
Sub04_H_T21_L_C05,Sub04_H,healthy,21,21,left,5,unassigned_steady_or_transition,2382,2508,126,1.259999999999991,1601.2916
Sub04_H_T21_L_C06,Sub04_H,healthy,21,21,left,6,unassigned_steady_or_transition,2508,2629,121,1.2100000000000364,1601.2916
Sub04_H_T21_L_C07,Sub04_H,healthy,21,21,left,7,unassigned_steady_or_transition,2629,2698,69,0.6900000000000546,1601.2916
Sub04_H_T21_L_C08,Sub04_H,healthy,21,21,left,8,gait_termination,2698,2811,113,1.1300000000001091,1601.2916
Sub04_H_T21_R_C01,Sub04_H,healthy,21,21,right,1,gait_initiation,1392,1443,51,1.240000000000009,-431.45
Sub04_H_T21_R_C02,Sub04_H,healthy,21,21,right,2,unassigned_steady_or_transition,1443,1530,87,1.2299999999997908,-431.45
Sub04_H_T21_R_C03,Sub04_H,healthy,21,21,right,3,unassigned_steady_or_transition,1530,1648,118,1.1899999999998272,-431.45
Sub04_H_T21_R_C04,Sub04_H,healthy,21,21,right,4,unassigned_steady_or_transition,1648,1810,162,1.6300000000001091,-431.45
Sub04_H_T21_R_C05,Sub04_H,healthy,21,21,right,5,unassigned_steady_or_transition,1810,1903,93,0.9200000000000728,-431.45
Sub04_H_T21_R_C06,Sub04_H,healthy,21,21,right,6,unassigned_steady_or_transition,1903,2037,134,1.349999999999909,-431.45
Sub04_H_T21_R_C07,Sub04_H,healthy,21,21,right,7,unassigned_steady_or_transition,2037,2150,113,1.1300000000001091,-431.45
Sub04_H_T21_R_C08,Sub04_H,healthy,21,21,right,8,unassigned_steady_or_transition,2150,2302,152,1.5299999999999727,-431.45
Sub04_H_T21_R_C09,Sub04_H,healthy,21,21,right,9,unassigned_steady_or_transition,2302,2344,42,0.7699999999999818,-431.45
Sub04_H_T21_R_C10,Sub04_H,healthy,21,21,right,10,gait_termination,2344,2501,157,1.5699999999999363,-431.45
Sub04_H_T22_L_C01,Sub04_H,healthy,21,22,left,1,gait_initiation,12123,12242,119,1.199999999999818,1623.6521
Sub04_H_T22_L_C02,Sub04_H,healthy,21,22,left,2,unassigned_steady_or_transition,12242,12364,122,1.2000000000000455,1623.6521
Sub04_H_T22_L_C03,Sub04_H,healthy,21,22,left,3,unassigned_steady_or_transition,12364,12483,119,1.1900000000000546,1623.6521
Sub04_H_T22_L_C04,Sub04_H,healthy,21,22,left,4,unassigned_steady_or_transition,12483,12597,114,1.1400000000001,1623.6521
Sub04_H_T22_L_C05,Sub04_H,healthy,21,22,left,5,unassigned_steady_or_transition,12597,12711,114,1.1499999999998636,1623.6521
Sub04_H_T22_L_C06,Sub04_H,healthy,21,22,left,6,gait_termination,12711,12831,120,1.2100000000000364,1623.6521
Sub04_H_T22_R_C01,Sub04_H,healthy,21,22,right,1,gait_initiation,10755,10876,121,1.2200000000000273,-298.1
Sub04_H_T22_R_C02,Sub04_H,healthy,21,22,right,2,unassigned_steady_or_transition,10876,10995,119,1.2000000000000455,-298.1
Sub04_H_T22_R_C03,Sub04_H,healthy,21,22,right,3,unassigned_steady_or_transition,10995,11117,122,1.2200000000000273,-298.1
Sub04_H_T22_R_C04,Sub04_H,healthy,21,22,right,4,unassigned_steady_or_transition,11117,11232,115,1.1599999999998545,-298.1
Sub04_H_T22_R_C05,Sub04_H,healthy,21,22,right,5,unassigned_steady_or_transition,11232,11338,106,1.0700000000001637,-298.1
Sub04_H_T22_R_C06,Sub04_H,healthy,21,22,right,6,unassigned_steady_or_transition,11338,11461,123,1.240000000000009,-298.1
Sub04_H_T22_R_C07,Sub04_H,healthy,21,22,right,7,unassigned_steady_or_transition,11461,11579,118,1.1899999999998272,-298.1
Sub04_H_T22_R_C08,Sub04_H,healthy,21,22,right,8,unassigned_steady_or_transition,11579,11693,114,1.1400000000001,-298.1
Sub04_H_T22_R_C09,Sub04_H,healthy,21,22,right,9,unassigned_steady_or_transition,11693,11810,117,1.1800000000000637,-298.1
Sub04_H_T22_R_C10,Sub04_H,healthy,21,22,right,10,gait_termination,11810,11935,125,1.259999999999991,-298.1
Sub04_H_T23_L_C01,Sub04_H,healthy,21,23,left,1,gait_initiation,14563,14725,162,1.6599999999998545,-1660.12975
Sub04_H_T23_L_C02,Sub04_H,healthy,21,23,left,2,gait_termination,16071,16198,127,1.259999999999991,-1660.12975
Sub04_H_T23_R_C01,Sub04_H,healthy,21,23,right,1,gait_initiation,13927,13989,62,0.6200000000001182,484.6
Sub04_H_T23_R_C02,Sub04_H,healthy,21,23,right,2,unassigned_steady_or_transition,14297,14491,194,2.0299999999999727,484.6
Sub04_H_T23_R_C03,Sub04_H,healthy,21,23,right,3,unassigned_steady_or_transition,14491,14538,47,0.4799999999997908,484.6
Sub04_H_T23_R_C04,Sub04_H,healthy,21,23,right,4,unassigned_steady_or_transition,14538,14662,124,1.2700000000002092,484.6
Sub04_H_T23_R_C05,Sub04_H,healthy,21,23,right,5,unassigned_steady_or_transition,14662,14788,126,1.2699999999999818,484.6
Sub04_H_T23_R_C06,Sub04_H,healthy,21,23,right,6,unassigned_steady_or_transition,14788,14907,119,1.2000000000000455,484.6
Sub04_H_T23_R_C07,Sub04_H,healthy,21,23,right,7,unassigned_steady_or_transition,14907,15032,125,1.259999999999991,484.6
Sub04_H_T23_R_C08,Sub04_H,healthy,21,23,right,8,unassigned_steady_or_transition,15032,15158,126,1.259999999999991,484.6
Sub04_H_T23_R_C09,Sub04_H,healthy,21,23,right,9,unassigned_steady_or_transition,15158,15276,118,1.1899999999998272,484.6
Sub04_H_T23_R_C10,Sub04_H,healthy,21,23,right,10,unassigned_steady_or_transition,15276,15396,120,1.199999999999818,484.6
Sub04_H_T23_R_C11,Sub04_H,healthy,21,23,right,11,unassigned_steady_or_transition,15396,15509,113,1.1300000000001091,484.6
Sub04_H_T23_R_C12,Sub04_H,healthy,21,23,right,12,unassigned_steady_or_transition,15509,15627,118,1.1800000000000637,484.6
Sub04_H_T23_R_C13,Sub04_H,healthy,21,23,right,13,unassigned_steady_or_transition,15627,15749,122,1.2100000000000364,484.6
Sub04_H_T23_R_C14,Sub04_H,healthy,21,23,right,14,gait_termination,15749,15965,216,2.1399999999998727,484.6
Sub04_H_T24_L_C01,Sub04_H,healthy,21,24,left,1,gait_initiation,19734,19850,116,1.1599999999998545,1645.8845000000001
Sub04_H_T24_L_C02,Sub04_H,healthy,21,24,left,2,gait_termination,19850,19964,114,1.1400000000001,1645.8845000000001
Sub04_H_T24_R_C01,Sub04_H,healthy,21,24,right,1,gait_initiation,18119,18238,119,1.1699999999998454,-513.955
Sub04_H_T24_R_C02,Sub04_H,healthy,21,24,right,2,unassigned_steady_or_transition,18238,18352,114,1.1400000000001,-513.955
Sub04_H_T24_R_C03,Sub04_H,healthy,21,24,right,3,unassigned_steady_or_transition,18352,18492,140,1.4099999999998545,-513.955
Sub04_H_T24_R_C04,Sub04_H,healthy,21,24,right,4,unassigned_steady_or_transition,18492,18587,95,0.9499999999998181,-513.955
Sub04_H_T24_R_C05,Sub04_H,healthy,21,24,right,5,unassigned_steady_or_transition,18587,18715,128,1.2799999999999727,-513.955
Sub04_H_T24_R_C06,Sub04_H,healthy,21,24,right,6,unassigned_steady_or_transition,18715,18824,109,1.0899999999999181,-513.955
Sub04_H_T24_R_C07,Sub04_H,healthy,21,24,right,7,unassigned_steady_or_transition,18824,18936,112,1.1199999999998909,-513.955
Sub04_H_T24_R_C08,Sub04_H,healthy,21,24,right,8,unassigned_steady_or_transition,18936,19047,111,1.1100000000001273,-513.955
Sub04_H_T24_R_C09,Sub04_H,healthy,21,24,right,9,unassigned_steady_or_transition,19047,19157,110,1.0899999999999181,-513.955
Sub04_H_T24_R_C10,Sub04_H,healthy,21,24,right,10,gait_termination,19157,19272,115,1.150000000000091,-513.955
Sub04_H_T25_L_C01,Sub04_H,healthy,21,25,left,1,gait_initiation,20690,20802,112,1.1300000000001091,1608.9371500000002
Sub04_H_T25_L_C02,Sub04_H,healthy,21,25,left,2,unassigned_steady_or_transition,20802,20921,119,1.2100000000000364,1608.9371500000002
Sub04_H_T25_L_C03,Sub04_H,healthy,21,25,left,3,unassigned_steady_or_transition,21574,21686,112,1.1300000000001091,1608.9371500000002
Sub04_H_T25_L_C04,Sub04_H,healthy,21,25,left,4,gait_termination,21686,21816,130,1.2999999999999545,1608.9371500000002
Sub04_H_T25_R_C01,Sub04_H,healthy,21,25,right,1,gait_initiation,20984,21111,127,1.2799999999999727,-546.24
Sub04_H_T25_R_C02,Sub04_H,healthy,21,25,right,2,unassigned_steady_or_transition,21111,21225,114,1.150000000000091,-546.24
Sub04_H_T25_R_C03,Sub04_H,healthy,21,25,right,3,unassigned_steady_or_transition,21225,21327,102,1.0299999999999727,-546.24
Sub04_H_T25_R_C04,Sub04_H,healthy,21,25,right,4,unassigned_steady_or_transition,21327,21441,114,1.1400000000001,-546.24
Sub04_H_T25_R_C05,Sub04_H,healthy,21,25,right,5,unassigned_steady_or_transition,21441,21557,116,1.1599999999998545,-546.24
Sub04_H_T25_R_C06,Sub04_H,healthy,21,25,right,6,unassigned_steady_or_transition,21557,21714,157,1.5799999999999272,-546.24
Sub04_H_T25_R_C07,Sub04_H,healthy,21,25,right,7,unassigned_steady_or_transition,21714,21845,131,1.3199999999999363,-546.24
Sub04_H_T25_R_C08,Sub04_H,healthy,21,25,right,8,unassigned_steady_or_transition,21845,21968,123,1.240000000000009,-546.24
Sub04_H_T25_R_C09,Sub04_H,healthy,21,25,right,9,unassigned_steady_or_transition,21968,22087,119,1.2000000000000455,-546.24
Sub04_H_T25_R_C10,Sub04_H,healthy,21,25,right,10,gait_termination,22087,22208,121,1.2100000000000364,-546.24
Sub04_H_T26_L_C01,Sub04_H,healthy,21,26,left,1,gait_initiation,23471,23591,120,1.240000000000009,-1748.6645
Sub04_H_T26_L_C02,Sub04_H,healthy,21,26,left,2,unassigned_steady_or_transition,23591,23712,121,1.240000000000009,-1748.6645
Sub04_H_T26_L_C03,Sub04_H,healthy,21,26,left,3,unassigned_steady_or_transition,23712,23831,119,1.2100000000000364,-1748.6645
Sub04_H_T26_L_C04,Sub04_H,healthy,21,26,left,4,unassigned_steady_or_transition,23831,23985,154,1.5499999999999545,-1748.6645
Sub04_H_T26_L_C05,Sub04_H,healthy,21,26,left,5,unassigned_steady_or_transition,24258,24392,134,1.3399999999999181,-1748.6645
Sub04_H_T26_L_C06,Sub04_H,healthy,21,26,left,6,gait_termination,25204,25347,143,1.4500000000000455,-1748.6645
Sub04_H_T26_R_C01,Sub04_H,healthy,21,26,right,1,gait_initiation,23805,23927,122,1.2299999999997908,528.24
Sub04_H_T26_R_C02,Sub04_H,healthy,21,26,right,2,unassigned_steady_or_transition,23927,24047,120,1.209999999999809,528.24
Sub04_H_T26_R_C03,Sub04_H,healthy,21,26,right,3,unassigned_steady_or_transition,24047,24166,119,1.2000000000000455,528.24
Sub04_H_T26_R_C04,Sub04_H,healthy,21,26,right,4,unassigned_steady_or_transition,24166,24231,65,0.650000000000091,528.24
Sub04_H_T26_R_C05,Sub04_H,healthy,21,26,right,5,unassigned_steady_or_transition,24231,24291,60,0.599999999999909,528.24
Sub04_H_T26_R_C06,Sub04_H,healthy,21,26,right,6,unassigned_steady_or_transition,24291,24404,113,1.1400000000001,528.24
Sub04_H_T26_R_C07,Sub04_H,healthy,21,26,right,7,unassigned_steady_or_transition,24404,24527,123,1.240000000000009,528.24
Sub04_H_T26_R_C08,Sub04_H,healthy,21,26,right,8,unassigned_steady_or_transition,24527,24643,116,1.1600000000000819,528.24
Sub04_H_T26_R_C09,Sub04_H,healthy,21,26,right,9,unassigned_steady_or_transition,24643,24759,116,1.1499999999998636,528.24
Sub04_H_T26_R_C10,Sub04_H,healthy,21,26,right,10,unassigned_steady_or_transition,24759,24880,121,1.2000000000000455,528.24
Sub04_H_T26_R_C11,Sub04_H,healthy,21,26,right,11,unassigned_steady_or_transition,24880,24999,119,1.1800000000000637,528.24
Sub04_H_T26_R_C12,Sub04_H,healthy,21,26,right,12,gait_termination,24999,25161,162,1.6199999999998909,528.24
Sub04_H_T27_L_C01,Sub04_H,healthy,21,27,left,1,gait_initiation,26590,26734,144,1.4199999999998454,-1716.9745
Sub04_H_T27_L_C02,Sub04_H,healthy,21,27,left,2,unassigned_steady_or_transition,27236,27416,180,1.8099999999999454,-1716.9745
Sub04_H_T27_L_C03,Sub04_H,healthy,21,27,left,3,unassigned_steady_or_transition,27416,27570,154,1.5499999999999545,-1716.9745
Sub04_H_T27_L_C04,Sub04_H,healthy,21,27,left,4,gait_termination,27570,27695,125,1.25,-1716.9745
Sub04_H_T27_R_C01,Sub04_H,healthy,21,27,right,1,gait_initiation,27143,27251,108,1.0899999999999181,-562.6
Sub04_H_T27_R_C02,Sub04_H,healthy,21,27,right,2,unassigned_steady_or_transition,27251,27369,118,1.1800000000000637,-562.6
Sub04_H_T27_R_C03,Sub04_H,healthy,21,27,right,3,unassigned_steady_or_transition,27369,27476,107,1.0699999999999363,-562.6
Sub04_H_T27_R_C04,Sub04_H,healthy,21,27,right,4,unassigned_steady_or_transition,27476,27584,108,1.0800000000001546,-562.6
Sub04_H_T27_R_C05,Sub04_H,healthy,21,27,right,5,unassigned_steady_or_transition,27584,27708,124,1.240000000000009,-562.6
Sub04_H_T27_R_C06,Sub04_H,healthy,21,27,right,6,unassigned_steady_or_transition,27708,27833,125,1.25,-562.6
Sub04_H_T27_R_C07,Sub04_H,healthy,21,27,right,7,unassigned_steady_or_transition,27833,27974,141,1.4199999999998454,-562.6
Sub04_H_T27_R_C08,Sub04_H,healthy,21,27,right,8,unassigned_steady_or_transition,27974,28092,118,1.1900000000000546,-562.6
Sub04_H_T27_R_C09,Sub04_H,healthy,21,27,right,9,unassigned_steady_or_transition,28092,28189,97,0.9800000000000182,-562.6
Sub04_H_T27_R_C10,Sub04_H,healthy,21,27,right,10,gait_termination,28189,28336,147,1.4700000000000273,-562.6
Sub04_H_T28_L_C01,Sub04_H,healthy,21,28,left,1,gait_initiation,29412,29534,122,1.240000000000009,-1754.5974
Sub04_H_T28_L_C02,Sub04_H,healthy,21,28,left,2,unassigned_steady_or_transition,29534,29647,113,1.1600000000000819,-1754.5974
Sub04_H_T28_L_C03,Sub04_H,healthy,21,28,left,3,unassigned_steady_or_transition,29647,29759,112,1.1599999999998545,-1754.5974
Sub04_H_T28_L_C04,Sub04_H,healthy,21,28,left,4,unassigned_steady_or_transition,29759,29882,123,1.259999999999991,-1754.5974
Sub04_H_T28_L_C05,Sub04_H,healthy,21,28,left,5,gait_termination,30550,30699,149,1.509999999999991,-1754.5974
Sub04_H_T28_R_C01,Sub04_H,healthy,21,28,right,1,gait_initiation,29927,30045,118,1.2000000000000455,-550.5
Sub04_H_T28_R_C02,Sub04_H,healthy,21,28,right,2,unassigned_steady_or_transition,30045,30173,128,1.2899999999999636,-550.5
Sub04_H_T28_R_C03,Sub04_H,healthy,21,28,right,3,unassigned_steady_or_transition,30173,30288,115,1.1600000000000819,-550.5
Sub04_H_T28_R_C04,Sub04_H,healthy,21,28,right,4,unassigned_steady_or_transition,30288,30410,122,1.2300000000000182,-550.5
Sub04_H_T28_R_C05,Sub04_H,healthy,21,28,right,5,unassigned_steady_or_transition,30410,30537,127,1.2799999999999727,-550.5
Sub04_H_T28_R_C06,Sub04_H,healthy,21,28,right,6,unassigned_steady_or_transition,30537,30660,123,1.25,-550.5
Sub04_H_T28_R_C07,Sub04_H,healthy,21,28,right,7,unassigned_steady_or_transition,30660,30775,115,1.1600000000000819,-550.5
Sub04_H_T28_R_C08,Sub04_H,healthy,21,28,right,8,unassigned_steady_or_transition,30775,30898,123,1.2300000000000182,-550.5
Sub04_H_T28_R_C09,Sub04_H,healthy,21,28,right,9,unassigned_steady_or_transition,30898,31007,109,1.099999999999909,-550.5
Sub04_H_T28_R_C10,Sub04_H,healthy,21,28,right,10,gait_termination,31007,31125,118,1.1800000000000637,-550.5
Sub04_H_T29_L_C01,Sub04_H,healthy,21,29,left,1,gait_initiation,32242,32363,121,1.2100000000000364,1661.2287999999999
Sub04_H_T29_L_C02,Sub04_H,healthy,21,29,left,2,unassigned_steady_or_transition,32363,32475,112,1.1499999999998636,1661.2287999999999
Sub04_H_T29_L_C03,Sub04_H,healthy,21,29,left,3,unassigned_steady_or_transition,32475,32589,114,1.1400000000001,1661.2287999999999
Sub04_H_T29_L_C04,Sub04_H,healthy,21,29,left,4,unassigned_steady_or_transition,32589,32704,115,1.1900000000000546,1661.2287999999999
Sub04_H_T29_L_C05,Sub04_H,healthy,21,29,left,5,unassigned_steady_or_transition,32704,32829,125,1.259999999999991,1661.2287999999999
Sub04_H_T29_L_C06,Sub04_H,healthy,21,29,left,6,gait_termination,33382,33533,151,1.5299999999999727,1661.2287999999999
Sub04_H_T29_R_C01,Sub04_H,healthy,21,29,right,1,gait_initiation,32525,32681,156,1.5900000000001455,-582.05
Sub04_H_T29_R_C02,Sub04_H,healthy,21,29,right,2,unassigned_steady_or_transition,32681,32807,126,1.2799999999999727,-582.05
Sub04_H_T29_R_C03,Sub04_H,healthy,21,29,right,3,unassigned_steady_or_transition,32807,32925,118,1.1900000000000546,-582.05
Sub04_H_T29_R_C04,Sub04_H,healthy,21,29,right,4,unassigned_steady_or_transition,32925,33031,106,1.0599999999999454,-582.05
Sub04_H_T29_R_C05,Sub04_H,healthy,21,29,right,5,unassigned_steady_or_transition,33031,33137,106,1.0699999999999363,-582.05
Sub04_H_T29_R_C06,Sub04_H,healthy,21,29,right,6,unassigned_steady_or_transition,33137,33255,118,1.1700000000000728,-582.05
Sub04_H_T29_R_C07,Sub04_H,healthy,21,29,right,7,unassigned_steady_or_transition,33255,33373,118,1.1800000000000637,-582.05
Sub04_H_T29_R_C08,Sub04_H,healthy,21,29,right,8,unassigned_steady_or_transition,33373,33518,145,1.4600000000000364,-582.05
Sub04_H_T29_R_C09,Sub04_H,healthy,21,29,right,9,unassigned_steady_or_transition,33518,33625,107,1.0699999999999363,-582.05
Sub04_H_T29_R_C10,Sub04_H,healthy,21,29,right,10,unassigned_steady_or_transition,33625,33747,122,1.2300000000000182,-582.05
Sub04_H_T29_R_C11,Sub04_H,healthy,21,29,right,11,gait_termination,33747,33849,102,1.0199999999999818,-582.05
Sub04_H_T30_L_C01,Sub04_H,healthy,21,30,left,1,gait_initiation,35556,35678,122,1.2200000000000273,-1770.85975
Sub04_H_T30_L_C02,Sub04_H,healthy,21,30,left,2,unassigned_steady_or_transition,36024,36228,204,2.0599999999999454,-1770.85975
Sub04_H_T30_L_C03,Sub04_H,healthy,21,30,left,3,gait_termination,36228,36349,121,1.2200000000000273,-1770.85975
Sub04_H_T30_R_C01,Sub04_H,healthy,21,30,right,1,gait_initiation,36010,36111,101,1.009999999999991,-573.495
Sub04_H_T30_R_C02,Sub04_H,healthy,21,30,right,2,unassigned_steady_or_transition,36111,36213,102,1.0300000000002,-573.495
Sub04_H_T30_R_C03,Sub04_H,healthy,21,30,right,3,unassigned_steady_or_transition,36213,36326,113,1.1299999999998818,-573.495
Sub04_H_T30_R_C04,Sub04_H,healthy,21,30,right,4,unassigned_steady_or_transition,36326,36453,127,1.2899999999999636,-573.495
Sub04_H_T30_R_C05,Sub04_H,healthy,21,30,right,5,unassigned_steady_or_transition,36453,36571,118,1.1800000000000637,-573.495
Sub04_H_T30_R_C06,Sub04_H,healthy,21,30,right,6,unassigned_steady_or_transition,36571,36685,114,1.150000000000091,-573.495
Sub04_H_T30_R_C07,Sub04_H,healthy,21,30,right,7,unassigned_steady_or_transition,36685,36801,116,1.1699999999998454,-573.495
Sub04_H_T30_R_C08,Sub04_H,healthy,21,30,right,8,unassigned_steady_or_transition,36801,36910,109,1.0900000000001455,-573.495
Sub04_H_T30_R_C09,Sub04_H,healthy,21,30,right,9,unassigned_steady_or_transition,36910,37027,117,1.1800000000000637,-573.495
Sub04_H_T30_R_C10,Sub04_H,healthy,21,30,right,10,gait_termination,37027,37146,119,1.1699999999998454,-573.495
Sub04_H_T31_L_C01,Sub04_H,healthy,21,31,left,1,gait_initiation,41643,41729,86,0.849999999999909,1683.8764
Sub04_H_T31_L_C02,Sub04_H,healthy,21,31,left,2,unassigned_steady_or_transition,41729,41804,75,1.1100000000001273,1683.8764
Sub04_H_T31_L_C03,Sub04_H,healthy,21,31,left,3,unassigned_steady_or_transition,41804,41888,84,0.8299999999999272,1683.8764
Sub04_H_T31_L_C04,Sub04_H,healthy,21,31,left,4,unassigned_steady_or_transition,41888,42003,115,1.1399999999998727,1683.8764
Sub04_H_T31_L_C05,Sub04_H,healthy,21,31,left,5,unassigned_steady_or_transition,42003,42119,116,1.2000000000000455,1683.8764
Sub04_H_T31_L_C06,Sub04_H,healthy,21,31,left,6,unassigned_steady_or_transition,42119,42235,116,1.1700000000000728,1683.8764
Sub04_H_T31_L_C07,Sub04_H,healthy,21,31,left,7,gait_termination,42235,42363,128,1.2799999999999727,1683.8764
Sub04_H_T31_R_C01,Sub04_H,healthy,21,31,right,1,gait_initiation,42055,42185,130,1.3300000000001546,-381.37
Sub04_H_T31_R_C02,Sub04_H,healthy,21,31,right,2,unassigned_steady_or_transition,42185,42287,102,1.0199999999999818,-381.37
Sub04_H_T31_R_C03,Sub04_H,healthy,21,31,right,3,unassigned_steady_or_transition,42287,42408,121,1.2200000000000273,-381.37
Sub04_H_T31_R_C04,Sub04_H,healthy,21,31,right,4,unassigned_steady_or_transition,42408,42544,136,1.3599999999999,-381.37
Sub04_H_T31_R_C05,Sub04_H,healthy,21,31,right,5,unassigned_steady_or_transition,42544,42742,198,1.9800000000000182,-381.37
Sub04_H_T31_R_C06,Sub04_H,healthy,21,31,right,6,unassigned_steady_or_transition,42742,42791,49,0.4900000000000091,-381.37
Sub04_H_T31_R_C07,Sub04_H,healthy,21,31,right,7,unassigned_steady_or_transition,42791,42891,100,1.0,-381.37
Sub04_H_T31_R_C08,Sub04_H,healthy,21,31,right,8,unassigned_steady_or_transition,42891,42987,96,0.9600000000000364,-381.37
Sub04_H_T31_R_C09,Sub04_H,healthy,21,31,right,9,gait_termination,43001,43081,80,0.7999999999999545,-381.37
Sub04_H_T32_L_C01,Sub04_H,healthy,21,32,left,1,gait_initiation,44065,44190,125,1.240000000000009,1679.01595
Sub04_H_T32_L_C02,Sub04_H,healthy,21,32,left,2,unassigned_steady_or_transition,44190,44316,126,1.240000000000009,1679.01595
Sub04_H_T32_L_C03,Sub04_H,healthy,21,32,left,3,unassigned_steady_or_transition,44316,44434,118,1.1699999999998454,1679.01595
Sub04_H_T32_L_C04,Sub04_H,healthy,21,32,left,4,unassigned_steady_or_transition,44434,44548,114,1.1300000000001091,1679.01595
Sub04_H_T32_L_C05,Sub04_H,healthy,21,32,left,5,unassigned_steady_or_transition,44548,44665,117,1.1800000000000637,1679.01595
Sub04_H_T32_L_C06,Sub04_H,healthy,21,32,left,6,unassigned_steady_or_transition,44665,44784,119,1.199999999999818,1679.01595
Sub04_H_T32_L_C07,Sub04_H,healthy,21,32,left,7,unassigned_steady_or_transition,44784,44898,114,1.1399999999998727,1679.01595
Sub04_H_T32_L_C08,Sub04_H,healthy,21,32,left,8,unassigned_steady_or_transition,44898,45010,112,1.1200000000001182,1679.01595
Sub04_H_T32_L_C09,Sub04_H,healthy,21,32,left,9,unassigned_steady_or_transition,45010,45127,117,1.1799999999998363,1679.01595
Sub04_H_T32_L_C10,Sub04_H,healthy,21,32,left,10,gait_termination,45127,45249,122,1.2300000000000182,1679.01595
Sub04_H_T32_R_C01,Sub04_H,healthy,21,32,right,1,gait_initiation,44629,44753,124,1.240000000000009,309.15000000000003
Sub04_H_T32_R_C02,Sub04_H,healthy,21,32,right,2,unassigned_steady_or_transition,44753,44857,104,1.0399999999999636,309.15000000000003
Sub04_H_T32_R_C03,Sub04_H,healthy,21,32,right,3,unassigned_steady_or_transition,44857,44904,47,0.4700000000000273,309.15000000000003
Sub04_H_T32_R_C04,Sub04_H,healthy,21,32,right,4,unassigned_steady_or_transition,44904,44976,72,0.7200000000000273,309.15000000000003
Sub04_H_T32_R_C05,Sub04_H,healthy,21,32,right,5,unassigned_steady_or_transition,44976,45090,114,1.1400000000001,309.15000000000003
Sub04_H_T32_R_C06,Sub04_H,healthy,21,32,right,6,unassigned_steady_or_transition,45090,45136,46,0.4600000000000364,309.15000000000003
Sub04_H_T32_R_C07,Sub04_H,healthy,21,32,right,7,unassigned_steady_or_transition,45136,45204,68,0.6799999999998363,309.15000000000003
Sub04_H_T32_R_C08,Sub04_H,healthy,21,32,right,8,unassigned_steady_or_transition,45204,45253,49,0.4899999999997817,309.15000000000003
Sub04_H_T32_R_C09,Sub04_H,healthy,21,32,right,9,unassigned_steady_or_transition,45253,45320,67,0.6599999999998545,309.15000000000003
Sub04_H_T32_R_C10,Sub04_H,healthy,21,32,right,10,unassigned_steady_or_transition,45320,45390,70,0.7100000000000364,309.15000000000003
Sub04_H_T32_R_C11,Sub04_H,healthy,21,32,right,11,unassigned_steady_or_transition,45390,45455,65,0.650000000000091,309.15000000000003
Sub04_H_T32_R_C12,Sub04_H,healthy,21,32,right,12,unassigned_steady_or_transition,45455,45547,92,0.9099999999998545,309.15000000000003
Sub04_H_T32_R_C13,Sub04_H,healthy,21,32,right,13,unassigned_steady_or_transition,45547,45659,112,1.1300000000001091,309.15000000000003
Sub04_H_T32_R_C14,Sub04_H,healthy,21,32,right,14,gait_termination,45659,45712,53,0.5299999999999727,309.15000000000003
Sub04_H_T33_L_C01,Sub04_H,healthy,21,33,left,1,gait_initiation,48483,48599,116,1.1699999999998454,1671.7491
Sub04_H_T33_L_C02,Sub04_H,healthy,21,33,left,2,unassigned_steady_or_transition,48599,48716,117,1.1700000000000728,1671.7491
Sub04_H_T33_L_C03,Sub04_H,healthy,21,33,left,3,unassigned_steady_or_transition,48716,48830,114,1.1600000000000819,1671.7491
Sub04_H_T33_L_C04,Sub04_H,healthy,21,33,left,4,unassigned_steady_or_transition,48830,48952,122,1.259999999999991,1671.7491
Sub04_H_T33_L_C05,Sub04_H,healthy,21,33,left,5,unassigned_steady_or_transition,48952,49083,131,1.3199999999999363,1671.7491
Sub04_H_T33_L_C06,Sub04_H,healthy,21,33,left,6,unassigned_steady_or_transition,49083,49217,134,1.3500000000001364,1671.7491
Sub04_H_T33_L_C07,Sub04_H,healthy,21,33,left,7,unassigned_steady_or_transition,49217,49332,115,1.1599999999998545,1671.7491
Sub04_H_T33_L_C08,Sub04_H,healthy,21,33,left,8,unassigned_steady_or_transition,49332,49448,116,1.150000000000091,1671.7491
Sub04_H_T33_L_C09,Sub04_H,healthy,21,33,left,9,unassigned_steady_or_transition,49448,49562,114,1.1399999999998727,1671.7491
Sub04_H_T33_L_C10,Sub04_H,healthy,21,33,left,10,gait_termination,49562,49675,113,1.1299999999998818,1671.7491
Sub04_H_T33_R_C01,Sub04_H,healthy,21,33,right,1,gait_initiation,48891,48997,106,1.0800000000001546,-567.385
Sub04_H_T33_R_C02,Sub04_H,healthy,21,33,right,2,unassigned_steady_or_transition,48997,49121,124,1.259999999999991,-567.385
Sub04_H_T33_R_C03,Sub04_H,healthy,21,33,right,3,unassigned_steady_or_transition,49121,49236,115,1.1499999999998636,-567.385
Sub04_H_T33_R_C04,Sub04_H,healthy,21,33,right,4,unassigned_steady_or_transition,49236,49350,114,1.150000000000091,-567.385
Sub04_H_T33_R_C05,Sub04_H,healthy,21,33,right,5,unassigned_steady_or_transition,49350,49484,134,1.3399999999999181,-567.385
Sub04_H_T33_R_C06,Sub04_H,healthy,21,33,right,6,unassigned_steady_or_transition,49484,49633,149,1.490000000000009,-567.385
Sub04_H_T33_R_C07,Sub04_H,healthy,21,33,right,7,unassigned_steady_or_transition,49633,49729,96,1.3300000000001546,-567.385
Sub04_H_T33_R_C08,Sub04_H,healthy,21,33,right,8,unassigned_steady_or_transition,49729,49823,94,0.9399999999998272,-567.385
Sub04_H_T33_R_C09,Sub04_H,healthy,21,33,right,9,unassigned_steady_or_transition,49823,49942,119,1.1899999999998272,-567.385
Sub04_H_T33_R_C10,Sub04_H,healthy,21,33,right,10,gait_termination,49942,50043,101,1.009999999999991,-567.385
Sub04_H_T34_L_C01,Sub04_H,healthy,21,34,left,1,gait_initiation,52498,52617,119,1.1899999999998272,1670.92825
Sub04_H_T34_L_C02,Sub04_H,healthy,21,34,left,2,unassigned_steady_or_transition,52617,52741,124,1.25,1670.92825
Sub04_H_T34_L_C03,Sub04_H,healthy,21,34,left,3,unassigned_steady_or_transition,52741,52868,127,1.2799999999999727,1670.92825
Sub04_H_T34_L_C04,Sub04_H,healthy,21,34,left,4,unassigned_steady_or_transition,52868,52993,125,1.25,1670.92825
Sub04_H_T34_L_C05,Sub04_H,healthy,21,34,left,5,unassigned_steady_or_transition,52993,53119,126,1.2699999999999818,1670.92825
Sub04_H_T34_L_C06,Sub04_H,healthy,21,34,left,6,unassigned_steady_or_transition,53119,53240,121,1.2200000000000273,1670.92825
Sub04_H_T34_L_C07,Sub04_H,healthy,21,34,left,7,unassigned_steady_or_transition,53240,53355,115,1.1499999999998636,1670.92825
Sub04_H_T34_L_C08,Sub04_H,healthy,21,34,left,8,unassigned_steady_or_transition,53355,53475,120,1.2100000000000364,1670.92825
Sub04_H_T34_L_C09,Sub04_H,healthy,21,34,left,9,unassigned_steady_or_transition,53475,53594,119,1.1900000000000546,1670.92825
Sub04_H_T34_L_C10,Sub04_H,healthy,21,34,left,10,gait_termination,53594,53716,122,1.2200000000000273,1670.92825
Sub04_H_T34_R_C01,Sub04_H,healthy,21,34,right,1,gait_initiation,52388,52493,105,1.0499999999999545,-566.85
Sub04_H_T34_R_C02,Sub04_H,healthy,21,34,right,2,unassigned_steady_or_transition,52493,52585,92,0.9300000000000637,-566.85
Sub04_H_T34_R_C03,Sub04_H,healthy,21,34,right,3,unassigned_steady_or_transition,52585,52730,145,1.4600000000000364,-566.85
Sub04_H_T34_R_C04,Sub04_H,healthy,21,34,right,4,unassigned_steady_or_transition,52730,52857,127,1.2799999999999727,-566.85
Sub04_H_T34_R_C05,Sub04_H,healthy,21,34,right,5,unassigned_steady_or_transition,52857,52980,123,1.2300000000000182,-566.85
Sub04_H_T34_R_C06,Sub04_H,healthy,21,34,right,6,unassigned_steady_or_transition,52980,53093,113,1.1400000000001,-566.85
Sub04_H_T34_R_C07,Sub04_H,healthy,21,34,right,7,unassigned_steady_or_transition,53093,53215,122,1.2300000000000182,-566.85
Sub04_H_T34_R_C08,Sub04_H,healthy,21,34,right,8,unassigned_steady_or_transition,53215,53334,119,1.1899999999998272,-566.85
Sub04_H_T34_R_C09,Sub04_H,healthy,21,34,right,9,unassigned_steady_or_transition,53334,53449,115,1.1600000000000819,-566.85
Sub04_H_T34_R_C10,Sub04_H,healthy,21,34,right,10,unassigned_steady_or_transition,53449,53574,125,1.25,-566.85
Sub04_H_T34_R_C11,Sub04_H,healthy,21,34,right,11,unassigned_steady_or_transition,53574,53684,110,1.1000000000001364,-566.85
Sub04_H_T34_R_C12,Sub04_H,healthy,21,34,right,12,gait_termination,53684,53817,133,1.3399999999999181,-566.85
Sub04_H_T35_L_C01,Sub04_H,healthy,21,35,left,1,gait_initiation,57405,57513,108,1.0799999999999272,1699.2340000000002
Sub04_H_T35_L_C02,Sub04_H,healthy,21,35,left,2,unassigned_steady_or_transition,57513,57619,106,1.0699999999999363,1699.2340000000002
Sub04_H_T35_L_C03,Sub04_H,healthy,21,35,left,3,unassigned_steady_or_transition,57619,57731,112,1.1200000000001182,1699.2340000000002
Sub04_H_T35_L_C04,Sub04_H,healthy,21,35,left,4,unassigned_steady_or_transition,57731,57850,119,1.2000000000000455,1699.2340000000002
Sub04_H_T35_L_C05,Sub04_H,healthy,21,35,left,5,unassigned_steady_or_transition,57850,57968,118,1.1899999999998272,1699.2340000000002
Sub04_H_T35_L_C06,Sub04_H,healthy,21,35,left,6,gait_termination,58009,58083,74,1.099999999999909,1699.2340000000002
Sub04_H_T35_R_C01,Sub04_H,healthy,21,35,right,1,gait_initiation,57238,57312,74,0.7400000000000091,-575.4399999999999
Sub04_H_T35_R_C02,Sub04_H,healthy,21,35,right,2,unassigned_steady_or_transition,57312,57417,105,1.0599999999999454,-575.4399999999999
Sub04_H_T35_R_C03,Sub04_H,healthy,21,35,right,3,unassigned_steady_or_transition,57417,57526,109,1.0899999999999181,-575.4399999999999
Sub04_H_T35_R_C04,Sub04_H,healthy,21,35,right,4,unassigned_steady_or_transition,57526,57645,119,1.1899999999998272,-575.4399999999999
Sub04_H_T35_R_C05,Sub04_H,healthy,21,35,right,5,unassigned_steady_or_transition,57645,57768,123,1.2300000000000182,-575.4399999999999
Sub04_H_T35_R_C06,Sub04_H,healthy,21,35,right,6,unassigned_steady_or_transition,57768,57885,117,1.1800000000000637,-575.4399999999999
Sub04_H_T35_R_C07,Sub04_H,healthy,21,35,right,7,unassigned_steady_or_transition,57885,58002,117,1.1800000000000637,-575.4399999999999
Sub04_H_T35_R_C08,Sub04_H,healthy,21,35,right,8,unassigned_steady_or_transition,58002,58058,56,1.2699999999999818,-575.4399999999999
Sub04_H_T35_R_C09,Sub04_H,healthy,21,35,right,9,gait_termination,58058,58143,85,0.849999999999909,-575.4399999999999
Sub04_H_T36_L_C01,Sub04_H,healthy,21,36,left,1,gait_initiation,60336,60455,119,1.1800000000000637,-1793.9700500000001
Sub04_H_T36_L_C02,Sub04_H,healthy,21,36,left,2,unassigned_steady_or_transition,60455,60569,114,1.1299999999998818,-1793.9700500000001
Sub04_H_T36_L_C03,Sub04_H,healthy,21,36,left,3,unassigned_steady_or_transition,60569,60680,111,1.1000000000001364,-1793.9700500000001
Sub04_H_T36_L_C04,Sub04_H,healthy,21,36,left,4,unassigned_steady_or_transition,60680,60790,110,1.0899999999999181,-1793.9700500000001
Sub04_H_T36_L_C05,Sub04_H,healthy,21,36,left,5,unassigned_steady_or_transition,60790,60904,114,1.1300000000001091,-1793.9700500000001
Sub04_H_T36_L_C06,Sub04_H,healthy,21,36,left,6,unassigned_steady_or_transition,60904,61032,128,1.2699999999999818,-1793.9700500000001
Sub04_H_T36_L_C07,Sub04_H,healthy,21,36,left,7,unassigned_steady_or_transition,61032,61143,111,1.099999999999909,-1793.9700500000001
Sub04_H_T36_L_C08,Sub04_H,healthy,21,36,left,8,unassigned_steady_or_transition,61143,61257,114,1.1400000000001,-1793.9700500000001
Sub04_H_T36_L_C09,Sub04_H,healthy,21,36,left,9,gait_termination,61257,61372,115,1.1600000000000819,-1793.9700500000001
Sub04_H_T36_R_C01,Sub04_H,healthy,21,36,right,1,gait_initiation,59805,59924,119,1.1799999999998363,564.1
Sub04_H_T36_R_C02,Sub04_H,healthy,21,36,right,2,unassigned_steady_or_transition,59924,60045,121,1.2000000000000455,564.1
Sub04_H_T36_R_C03,Sub04_H,healthy,21,36,right,3,unassigned_steady_or_transition,60045,60150,105,1.0399999999999636,564.1
Sub04_H_T36_R_C04,Sub04_H,healthy,21,36,right,4,unassigned_steady_or_transition,60150,60259,109,1.0899999999999181,564.1
Sub04_H_T36_R_C05,Sub04_H,healthy,21,36,right,5,unassigned_steady_or_transition,60259,60374,115,1.1399999999998727,564.1
Sub04_H_T36_R_C06,Sub04_H,healthy,21,36,right,6,unassigned_steady_or_transition,60374,60500,126,1.25,564.1
Sub04_H_T36_R_C07,Sub04_H,healthy,21,36,right,7,unassigned_steady_or_transition,60500,60615,115,1.1399999999998727,564.1
Sub04_H_T36_R_C08,Sub04_H,healthy,21,36,right,8,unassigned_steady_or_transition,60615,60729,114,1.1300000000001091,564.1
Sub04_H_T36_R_C09,Sub04_H,healthy,21,36,right,9,unassigned_steady_or_transition,60729,60846,117,1.1599999999998545,564.1
Sub04_H_T36_R_C10,Sub04_H,healthy,21,36,right,10,unassigned_steady_or_transition,60846,60965,119,1.1800000000000637,564.1
Sub04_H_T36_R_C11,Sub04_H,healthy,21,36,right,11,unassigned_steady_or_transition,60965,61111,146,1.4500000000000455,564.1
Sub04_H_T36_R_C12,Sub04_H,healthy,21,36,right,12,gait_termination,61111,61172,61,0.599999999999909,564.1
Sub04_H_T37_L_C01,Sub04_H,healthy,21,37,left,1,gait_initiation,63855,63971,116,1.1600000000000819,1692.521
Sub04_H_T37_L_C02,Sub04_H,healthy,21,37,left,2,unassigned_steady_or_transition,63971,64083,112,1.1099999999999,1692.521
Sub04_H_T37_L_C03,Sub04_H,healthy,21,37,left,3,unassigned_steady_or_transition,64083,64199,116,1.1400000000001,1692.521
Sub04_H_T37_L_C04,Sub04_H,healthy,21,37,left,4,unassigned_steady_or_transition,64199,64318,119,1.1799999999998363,1692.521
Sub04_H_T37_L_C05,Sub04_H,healthy,21,37,left,5,unassigned_steady_or_transition,64318,64439,121,1.199999999999818,1692.521
Sub04_H_T37_L_C06,Sub04_H,healthy,21,37,left,6,unassigned_steady_or_transition,64439,64554,115,1.1400000000001,1692.521
Sub04_H_T37_L_C07,Sub04_H,healthy,21,37,left,7,gait_termination,64554,64675,121,1.2000000000000455,1692.521
Sub04_H_T37_R_C01,Sub04_H,healthy,21,37,right,1,gait_initiation,63388,63498,110,1.0900000000001455,554.82
Sub04_H_T37_R_C02,Sub04_H,healthy,21,37,right,2,unassigned_steady_or_transition,63498,63613,115,1.1499999999998636,554.82
Sub04_H_T37_R_C03,Sub04_H,healthy,21,37,right,3,unassigned_steady_or_transition,63613,63730,117,1.1600000000000819,554.82
Sub04_H_T37_R_C04,Sub04_H,healthy,21,37,right,4,unassigned_steady_or_transition,63730,63847,117,1.1800000000000637,554.82
Sub04_H_T37_R_C05,Sub04_H,healthy,21,37,right,5,unassigned_steady_or_transition,63847,63963,116,1.1599999999998545,554.82
Sub04_H_T37_R_C06,Sub04_H,healthy,21,37,right,6,unassigned_steady_or_transition,63963,64012,49,0.4800000000000182,554.82
Sub04_H_T37_R_C07,Sub04_H,healthy,21,37,right,7,unassigned_steady_or_transition,64012,64084,72,0.7100000000000364,554.82
Sub04_H_T37_R_C08,Sub04_H,healthy,21,37,right,8,unassigned_steady_or_transition,64084,64147,63,0.6200000000001182,554.82
Sub04_H_T37_R_C09,Sub04_H,healthy,21,37,right,9,unassigned_steady_or_transition,64147,64201,54,0.5199999999999818,554.82
Sub04_H_T37_R_C10,Sub04_H,healthy,21,37,right,10,unassigned_steady_or_transition,64201,64329,128,1.2699999999999818,554.82
Sub04_H_T37_R_C11,Sub04_H,healthy,21,37,right,11,unassigned_steady_or_transition,64329,64441,112,1.099999999999909,554.82
Sub04_H_T37_R_C12,Sub04_H,healthy,21,37,right,12,gait_termination,64441,64571,130,1.290000000000191,554.82
Sub04_H_T38_L_C01,Sub04_H,healthy,21,38,left,1,gait_initiation,66452,66556,104,1.0199999999999818,-1783.35725
Sub04_H_T38_L_C02,Sub04_H,healthy,21,38,left,2,unassigned_steady_or_transition,66556,66664,108,1.0700000000001637,-1783.35725
Sub04_H_T38_L_C03,Sub04_H,healthy,21,38,left,3,unassigned_steady_or_transition,66664,66773,109,1.0799999999999272,-1783.35725
Sub04_H_T38_L_C04,Sub04_H,healthy,21,38,left,4,unassigned_steady_or_transition,66773,66894,121,1.1900000000000546,-1783.35725
Sub04_H_T38_L_C05,Sub04_H,healthy,21,38,left,5,unassigned_steady_or_transition,66894,67017,123,1.2200000000000273,-1783.35725
Sub04_H_T38_L_C06,Sub04_H,healthy,21,38,left,6,unassigned_steady_or_transition,67017,67139,122,1.2100000000000364,-1783.35725
Sub04_H_T38_L_C07,Sub04_H,healthy,21,38,left,7,unassigned_steady_or_transition,67139,67260,121,1.1899999999998272,-1783.35725
Sub04_H_T38_L_C08,Sub04_H,healthy,21,38,left,8,unassigned_steady_or_transition,67260,67383,123,1.2100000000000364,-1783.35725
Sub04_H_T38_L_C09,Sub04_H,healthy,21,38,left,9,unassigned_steady_or_transition,67383,67499,116,1.1300000000001091,-1783.35725
Sub04_H_T38_L_C10,Sub04_H,healthy,21,38,left,10,gait_termination,67499,67620,121,1.1900000000000546,-1783.35725
Sub04_H_T38_R_C01,Sub04_H,healthy,21,38,right,1,gait_initiation,66044,66120,76,0.7599999999999909,320.40000000000003
Sub04_H_T38_R_C02,Sub04_H,healthy,21,38,right,2,unassigned_steady_or_transition,66120,66179,59,0.5799999999999272,320.40000000000003
Sub04_H_T38_R_C03,Sub04_H,healthy,21,38,right,3,unassigned_steady_or_transition,66179,66358,179,1.7799999999999727,320.40000000000003
Sub04_H_T38_R_C04,Sub04_H,healthy,21,38,right,4,unassigned_steady_or_transition,66358,66447,89,0.8800000000001091,320.40000000000003
Sub04_H_T38_R_C05,Sub04_H,healthy,21,38,right,5,unassigned_steady_or_transition,66447,66521,74,0.7200000000000273,320.40000000000003
Sub04_H_T38_R_C06,Sub04_H,healthy,21,38,right,6,unassigned_steady_or_transition,66521,66573,52,0.5099999999999909,320.40000000000003
Sub04_H_T38_R_C07,Sub04_H,healthy,21,38,right,7,unassigned_steady_or_transition,66573,66646,73,0.7200000000000273,320.40000000000003
Sub04_H_T38_R_C08,Sub04_H,healthy,21,38,right,8,unassigned_steady_or_transition,66646,66718,72,0.7100000000000364,320.40000000000003
Sub04_H_T38_R_C09,Sub04_H,healthy,21,38,right,9,unassigned_steady_or_transition,66718,66766,48,0.4700000000000273,320.40000000000003
Sub04_H_T38_R_C10,Sub04_H,healthy,21,38,right,10,unassigned_steady_or_transition,66766,66885,119,1.1699999999998454,320.40000000000003
Sub04_H_T38_R_C11,Sub04_H,healthy,21,38,right,11,unassigned_steady_or_transition,66885,67030,145,1.4299999999998363,320.40000000000003
Sub04_H_T38_R_C12,Sub04_H,healthy,21,38,right,12,unassigned_steady_or_transition,67030,67124,94,0.9300000000000637,320.40000000000003
Sub04_H_T38_R_C13,Sub04_H,healthy,21,38,right,13,unassigned_steady_or_transition,67124,67188,64,0.6400000000001,320.40000000000003
Sub04_H_T38_R_C14,Sub04_H,healthy,21,38,right,14,unassigned_steady_or_transition,67188,67300,112,1.099999999999909,320.40000000000003
Sub04_H_T38_R_C15,Sub04_H,healthy,21,38,right,15,gait_termination,67300,67400,100,0.9700000000000273,320.40000000000003
Sub04_H_T39_L_C01,Sub04_H,healthy,21,39,left,1,gait_initiation,69538,69656,118,1.1800000000000637,1711.21125
Sub04_H_T39_L_C02,Sub04_H,healthy,21,39,left,2,unassigned_steady_or_transition,69656,69771,115,1.1400000000001,1711.21125
Sub04_H_T39_L_C03,Sub04_H,healthy,21,39,left,3,unassigned_steady_or_transition,69771,69889,118,1.1699999999998454,1711.21125
Sub04_H_T39_L_C04,Sub04_H,healthy,21,39,left,4,unassigned_steady_or_transition,69889,70010,121,1.2000000000000455,1711.21125
Sub04_H_T39_L_C05,Sub04_H,healthy,21,39,left,5,unassigned_steady_or_transition,70010,70132,122,1.2000000000000455,1711.21125
Sub04_H_T39_L_C06,Sub04_H,healthy,21,39,left,6,unassigned_steady_or_transition,70132,70221,89,1.240000000000009,1711.21125
Sub04_H_T39_L_C07,Sub04_H,healthy,21,39,left,7,unassigned_steady_or_transition,70221,70353,132,1.2999999999999545,1711.21125
Sub04_H_T39_L_C08,Sub04_H,healthy,21,39,left,8,unassigned_steady_or_transition,70353,70447,94,0.9300000000000637,1711.21125
Sub04_H_T39_L_C09,Sub04_H,healthy,21,39,left,9,gait_termination,70449,70494,45,0.4399999999998272,1711.21125
Sub04_H_T39_R_C01,Sub04_H,healthy,21,39,right,1,gait_initiation,69218,69332,114,1.1299999999998818,561.1
Sub04_H_T39_R_C02,Sub04_H,healthy,21,39,right,2,unassigned_steady_or_transition,69332,69447,115,1.1400000000001,561.1
Sub04_H_T39_R_C03,Sub04_H,healthy,21,39,right,3,unassigned_steady_or_transition,69447,69567,120,1.1899999999998272,561.1
Sub04_H_T39_R_C04,Sub04_H,healthy,21,39,right,4,unassigned_steady_or_transition,69567,69687,120,1.1900000000000546,561.1
Sub04_H_T39_R_C05,Sub04_H,healthy,21,39,right,5,unassigned_steady_or_transition,69687,69813,126,1.25,561.1
Sub04_H_T39_R_C06,Sub04_H,healthy,21,39,right,6,unassigned_steady_or_transition,69813,69940,127,1.259999999999991,561.1
Sub04_H_T39_R_C07,Sub04_H,healthy,21,39,right,7,unassigned_steady_or_transition,69940,70008,68,0.6700000000000728,561.1
Sub04_H_T39_R_C08,Sub04_H,healthy,21,39,right,8,unassigned_steady_or_transition,70008,70062,54,0.5299999999999727,561.1
Sub04_H_T39_R_C09,Sub04_H,healthy,21,39,right,9,unassigned_steady_or_transition,70062,70179,117,1.1600000000000819,561.1
Sub04_H_T39_R_C10,Sub04_H,healthy,21,39,right,10,gait_termination,70179,70263,84,1.1800000000000637,561.1
Sub05_H_T01_L_C01,Sub05_H,healthy,1,1,left,1,gait_initiation,2101,2215,114,1.1299999999999955,-2636.86
Sub05_H_T01_L_C02,Sub05_H,healthy,1,1,left,2,unassigned_steady_or_transition,2215,2327,112,1.1199999999999477,-2636.86
Sub05_H_T01_L_C03,Sub05_H,healthy,1,1,left,3,unassigned_steady_or_transition,2327,2439,112,1.1099999999999568,-2636.86
Sub05_H_T01_L_C04,Sub05_H,healthy,1,1,left,4,unassigned_steady_or_transition,2439,2548,109,1.079999999999984,-2636.86
Sub05_H_T01_L_C05,Sub05_H,healthy,1,1,left,5,unassigned_steady_or_transition,2548,2657,109,1.079999999999984,-2636.86
Sub05_H_T01_L_C06,Sub05_H,healthy,1,1,left,6,unassigned_steady_or_transition,2657,2762,105,1.0499999999999545,-2636.86
Sub05_H_T01_L_C07,Sub05_H,healthy,1,1,left,7,unassigned_steady_or_transition,2762,2886,124,1.2399999999999523,-2636.86
Sub05_H_T01_L_C08,Sub05_H,healthy,1,1,left,8,unassigned_steady_or_transition,2886,3006,120,1.1899999999999977,-2636.86
Sub05_H_T01_L_C09,Sub05_H,healthy,1,1,left,9,unassigned_steady_or_transition,3006,3131,125,1.25,-2636.86
Sub05_H_T01_L_C10,Sub05_H,healthy,1,1,left,10,gait_termination,3131,3257,126,1.259999999999991,-2636.86
Sub05_H_T01_R_C01,Sub05_H,healthy,1,1,right,1,gait_initiation,2206,2317,111,1.1100000000000136,1194.6950000000002
Sub05_H_T01_R_C02,Sub05_H,healthy,1,1,right,2,unassigned_steady_or_transition,2317,2428,111,1.1000000000000227,1194.6950000000002
Sub05_H_T01_R_C03,Sub05_H,healthy,1,1,right,3,unassigned_steady_or_transition,2428,2540,112,1.1100000000000136,1194.6950000000002
Sub05_H_T01_R_C04,Sub05_H,healthy,1,1,right,4,unassigned_steady_or_transition,2540,2648,108,1.079999999999984,1194.6950000000002
Sub05_H_T01_R_C05,Sub05_H,healthy,1,1,right,5,unassigned_steady_or_transition,2648,2753,105,1.0400000000000205,1194.6950000000002
Sub05_H_T01_R_C06,Sub05_H,healthy,1,1,right,6,unassigned_steady_or_transition,2753,2870,117,1.170000000000016,1194.6950000000002
Sub05_H_T01_R_C07,Sub05_H,healthy,1,1,right,7,unassigned_steady_or_transition,2870,2990,120,1.1999999999999886,1194.6950000000002
Sub05_H_T01_R_C08,Sub05_H,healthy,1,1,right,8,unassigned_steady_or_transition,2990,3115,125,1.25,1194.6950000000002
Sub05_H_T01_R_C09,Sub05_H,healthy,1,1,right,9,gait_termination,3115,3240,125,1.240000000000009,1194.6950000000002
Sub05_H_T02_L_C01,Sub05_H,healthy,1,2,left,1,gait_initiation,4377,4486,109,1.089999999999975,2560.4925000000003
Sub05_H_T02_L_C02,Sub05_H,healthy,1,2,left,2,unassigned_steady_or_transition,4486,4595,109,1.0900000000000318,2560.4925000000003
Sub05_H_T02_L_C03,Sub05_H,healthy,1,2,left,3,unassigned_steady_or_transition,4595,4704,109,1.089999999999975,2560.4925000000003
Sub05_H_T02_L_C04,Sub05_H,healthy,1,2,left,4,unassigned_steady_or_transition,4704,4816,112,1.1199999999999477,2560.4925000000003
Sub05_H_T02_L_C05,Sub05_H,healthy,1,2,left,5,unassigned_steady_or_transition,4816,4930,114,1.1299999999999955,2560.4925000000003
Sub05_H_T02_L_C06,Sub05_H,healthy,1,2,left,6,unassigned_steady_or_transition,4930,5053,123,1.2300000000000182,2560.4925000000003
Sub05_H_T02_L_C07,Sub05_H,healthy,1,2,left,7,unassigned_steady_or_transition,5053,5176,123,1.2199999999999704,2560.4925000000003
Sub05_H_T02_L_C08,Sub05_H,healthy,1,2,left,8,unassigned_steady_or_transition,5176,5301,125,1.2399999999999523,2560.4925000000003
Sub05_H_T02_L_C09,Sub05_H,healthy,1,2,left,9,unassigned_steady_or_transition,5301,5426,125,1.2399999999999523,2560.4925000000003
Sub05_H_T02_L_C10,Sub05_H,healthy,1,2,left,10,gait_termination,5426,5546,120,1.1899999999999977,2560.4925000000003
Sub05_H_T02_R_C01,Sub05_H,healthy,1,2,right,1,gait_initiation,4365,4475,110,1.099999999999966,-1331.17
Sub05_H_T02_R_C02,Sub05_H,healthy,1,2,right,2,unassigned_steady_or_transition,4475,4574,99,0.9899999999999523,-1331.17
Sub05_H_T02_R_C03,Sub05_H,healthy,1,2,right,3,unassigned_steady_or_transition,4574,4697,123,1.2299999999999613,-1331.17
Sub05_H_T02_R_C04,Sub05_H,healthy,1,2,right,4,unassigned_steady_or_transition,4697,4798,101,1.0100000000000477,-1331.17
Sub05_H_T02_R_C05,Sub05_H,healthy,1,2,right,5,unassigned_steady_or_transition,4798,4917,119,1.1800000000000068,-1331.17
Sub05_H_T02_R_C06,Sub05_H,healthy,1,2,right,6,unassigned_steady_or_transition,4917,5028,111,1.1100000000000136,-1331.17
Sub05_H_T02_R_C07,Sub05_H,healthy,1,2,right,7,unassigned_steady_or_transition,5028,5148,120,1.1899999999999977,-1331.17
Sub05_H_T02_R_C08,Sub05_H,healthy,1,2,right,8,unassigned_steady_or_transition,5148,5279,131,1.3000000000000114,-1331.17
Sub05_H_T02_R_C09,Sub05_H,healthy,1,2,right,9,unassigned_steady_or_transition,5279,5402,123,1.2200000000000273,-1331.17
Sub05_H_T02_R_C10,Sub05_H,healthy,1,2,right,10,gait_termination,5402,5526,124,1.2299999999999613,-1331.17
Sub05_H_T03_L_C01,Sub05_H,healthy,1,3,left,1,gait_initiation,6868,6981,113,1.1200000000000045,2571.86
Sub05_H_T03_L_C02,Sub05_H,healthy,1,3,left,2,unassigned_steady_or_transition,6981,7102,121,1.1999999999999886,2571.86
Sub05_H_T03_L_C03,Sub05_H,healthy,1,3,left,3,unassigned_steady_or_transition,7102,7218,116,1.160000000000025,2571.86
Sub05_H_T03_L_C04,Sub05_H,healthy,1,3,left,4,unassigned_steady_or_transition,7218,7342,124,1.2300000000000182,2571.86
Sub05_H_T03_L_C05,Sub05_H,healthy,1,3,left,5,unassigned_steady_or_transition,7342,7454,112,1.1100000000000136,2571.86
Sub05_H_T03_L_C06,Sub05_H,healthy,1,3,left,6,unassigned_steady_or_transition,7454,7567,113,1.1299999999999955,2571.86
Sub05_H_T03_L_C07,Sub05_H,healthy,1,3,left,7,unassigned_steady_or_transition,7567,7689,122,1.2200000000000273,2571.86
Sub05_H_T03_L_C08,Sub05_H,healthy,1,3,left,8,unassigned_steady_or_transition,7689,7817,128,1.2799999999999727,2571.86
Sub05_H_T03_L_C09,Sub05_H,healthy,1,3,left,9,gait_termination,7817,7944,127,1.259999999999991,2571.86
Sub05_H_T03_R_C01,Sub05_H,healthy,1,3,right,1,gait_initiation,6799,6918,119,1.1899999999999977,1183.9
Sub05_H_T03_R_C02,Sub05_H,healthy,1,3,right,2,unassigned_steady_or_transition,6918,7035,117,1.170000000000016,1183.9
Sub05_H_T03_R_C03,Sub05_H,healthy,1,3,right,3,unassigned_steady_or_transition,7035,7152,117,1.1599999999999682,1183.9
Sub05_H_T03_R_C04,Sub05_H,healthy,1,3,right,4,unassigned_steady_or_transition,7152,7272,120,1.2000000000000455,1183.9
Sub05_H_T03_R_C05,Sub05_H,healthy,1,3,right,5,unassigned_steady_or_transition,7272,7396,124,1.2300000000000182,1183.9
Sub05_H_T03_R_C06,Sub05_H,healthy,1,3,right,6,unassigned_steady_or_transition,7396,7496,100,1.0,1183.9
Sub05_H_T03_R_C07,Sub05_H,healthy,1,3,right,7,unassigned_steady_or_transition,7496,7623,127,1.259999999999991,1183.9
Sub05_H_T03_R_C08,Sub05_H,healthy,1,3,right,8,unassigned_steady_or_transition,7623,7746,123,1.2200000000000273,1183.9
Sub05_H_T03_R_C09,Sub05_H,healthy,1,3,right,9,gait_termination,7746,7871,125,1.25,1183.9
Sub05_H_T04_L_C01,Sub05_H,healthy,1,4,left,1,gait_initiation,9314,9434,120,1.1899999999999977,2575.8856
Sub05_H_T04_L_C02,Sub05_H,healthy,1,4,left,2,unassigned_steady_or_transition,9434,9555,121,1.2099999999999795,2575.8856
Sub05_H_T04_L_C03,Sub05_H,healthy,1,4,left,3,unassigned_steady_or_transition,9555,9677,122,1.2200000000000273,2575.8856
Sub05_H_T04_L_C04,Sub05_H,healthy,1,4,left,4,unassigned_steady_or_transition,9677,9795,118,1.170000000000016,2575.8856
Sub05_H_T04_L_C05,Sub05_H,healthy,1,4,left,5,unassigned_steady_or_transition,9795,9921,126,1.25,2575.8856
Sub05_H_T04_L_C06,Sub05_H,healthy,1,4,left,6,unassigned_steady_or_transition,9921,10055,134,1.339999999999975,2575.8856
Sub05_H_T04_L_C07,Sub05_H,healthy,1,4,left,7,unassigned_steady_or_transition,10055,10177,122,1.2199999999999704,2575.8856
Sub05_H_T04_L_C08,Sub05_H,healthy,1,4,left,8,unassigned_steady_or_transition,10177,10307,130,1.2900000000000205,2575.8856
Sub05_H_T04_L_C09,Sub05_H,healthy,1,4,left,9,unassigned_steady_or_transition,10307,10428,121,1.2099999999999795,2575.8856
Sub05_H_T04_L_C10,Sub05_H,healthy,1,4,left,10,gait_termination,10428,10556,128,1.2699999999999818,2575.8856
Sub05_H_T04_R_C01,Sub05_H,healthy,1,4,right,1,gait_initiation,9311,9428,117,1.160000000000025,-1351.975
Sub05_H_T04_R_C02,Sub05_H,healthy,1,4,right,2,unassigned_steady_or_transition,9428,9534,106,1.0600000000000023,-1351.975
Sub05_H_T04_R_C03,Sub05_H,healthy,1,4,right,3,unassigned_steady_or_transition,9534,9660,126,1.259999999999991,-1351.975
Sub05_H_T04_R_C04,Sub05_H,healthy,1,4,right,4,unassigned_steady_or_transition,9660,9785,125,1.240000000000009,-1351.975
Sub05_H_T04_R_C05,Sub05_H,healthy,1,4,right,5,unassigned_steady_or_transition,9785,9906,121,1.1999999999999886,-1351.975
Sub05_H_T04_R_C06,Sub05_H,healthy,1,4,right,6,unassigned_steady_or_transition,9906,10030,124,1.2399999999999523,-1351.975
Sub05_H_T04_R_C07,Sub05_H,healthy,1,4,right,7,unassigned_steady_or_transition,10030,10164,134,1.329999999999984,-1351.975
Sub05_H_T04_R_C08,Sub05_H,healthy,1,4,right,8,unassigned_steady_or_transition,10164,10289,125,1.25,-1351.975
Sub05_H_T04_R_C09,Sub05_H,healthy,1,4,right,9,unassigned_steady_or_transition,10289,10402,113,1.1299999999999955,-1351.975
Sub05_H_T04_R_C10,Sub05_H,healthy,1,4,right,10,gait_termination,10402,10518,116,1.150000000000034,-1351.975
Sub05_H_T05_L_C01,Sub05_H,healthy,1,5,left,1,gait_initiation,13367,13480,113,1.1200000000000045,2576.95295
Sub05_H_T05_L_C02,Sub05_H,healthy,1,5,left,2,unassigned_steady_or_transition,13480,13590,110,1.1000000000000227,2576.95295
Sub05_H_T05_L_C03,Sub05_H,healthy,1,5,left,3,unassigned_steady_or_transition,13590,13697,107,1.0699999999999932,2576.95295
Sub05_H_T05_L_C04,Sub05_H,healthy,1,5,left,4,unassigned_steady_or_transition,13697,13818,121,1.1999999999999886,2576.95295
Sub05_H_T05_L_C05,Sub05_H,healthy,1,5,left,5,unassigned_steady_or_transition,13818,13927,109,1.079999999999984,2576.95295
Sub05_H_T05_L_C06,Sub05_H,healthy,1,5,left,6,unassigned_steady_or_transition,13927,14048,121,1.2099999999999795,2576.95295
Sub05_H_T05_L_C07,Sub05_H,healthy,1,5,left,7,unassigned_steady_or_transition,14048,14174,126,1.25,2576.95295
Sub05_H_T05_L_C08,Sub05_H,healthy,1,5,left,8,unassigned_steady_or_transition,14174,14300,126,1.259999999999991,2576.95295
Sub05_H_T05_L_C09,Sub05_H,healthy,1,5,left,9,gait_termination,14300,14424,124,1.2300000000000182,2576.95295
Sub05_H_T05_R_C01,Sub05_H,healthy,1,5,right,1,gait_initiation,13303,13416,113,1.1299999999999955,1204.8600000000001
Sub05_H_T05_R_C02,Sub05_H,healthy,1,5,right,2,unassigned_steady_or_transition,13416,13526,110,1.099999999999966,1204.8600000000001
Sub05_H_T05_R_C03,Sub05_H,healthy,1,5,right,3,unassigned_steady_or_transition,13526,13637,111,1.1100000000000136,1204.8600000000001
Sub05_H_T05_R_C04,Sub05_H,healthy,1,5,right,4,unassigned_steady_or_transition,13637,13750,113,1.1299999999999955,1204.8600000000001
Sub05_H_T05_R_C05,Sub05_H,healthy,1,5,right,5,unassigned_steady_or_transition,13750,13866,116,1.1599999999999682,1204.8600000000001
Sub05_H_T05_R_C06,Sub05_H,healthy,1,5,right,6,unassigned_steady_or_transition,13866,13982,116,1.150000000000034,1204.8600000000001
Sub05_H_T05_R_C07,Sub05_H,healthy,1,5,right,7,unassigned_steady_or_transition,13982,14104,122,1.2199999999999704,1204.8600000000001
Sub05_H_T05_R_C08,Sub05_H,healthy,1,5,right,8,unassigned_steady_or_transition,14104,14234,130,1.2899999999999636,1204.8600000000001
Sub05_H_T05_R_C09,Sub05_H,healthy,1,5,right,9,unassigned_steady_or_transition,14234,14353,119,1.1899999999999977,1204.8600000000001
Sub05_H_T05_R_C10,Sub05_H,healthy,1,5,right,10,gait_termination,14353,14476,123,1.2199999999999704,1204.8600000000001
Sub05_H_T06_L_C01,Sub05_H,healthy,1,6,left,1,gait_initiation,16041,16258,217,2.180000000000007,2583.7127
Sub05_H_T06_L_C02,Sub05_H,healthy,1,6,left,2,unassigned_steady_or_transition,16258,16378,120,1.1899999999999977,2583.7127
Sub05_H_T06_L_C03,Sub05_H,healthy,1,6,left,3,unassigned_steady_or_transition,16378,16499,121,1.2000000000000455,2583.7127
Sub05_H_T06_L_C04,Sub05_H,healthy,1,6,left,4,unassigned_steady_or_transition,16499,16620,121,1.2099999999999795,2583.7127
Sub05_H_T06_L_C05,Sub05_H,healthy,1,6,left,5,unassigned_steady_or_transition,16620,16737,117,1.170000000000016,2583.7127
Sub05_H_T06_L_C06,Sub05_H,healthy,1,6,left,6,unassigned_steady_or_transition,16737,16848,111,1.1000000000000227,2583.7127
Sub05_H_T06_L_C07,Sub05_H,healthy,1,6,left,7,unassigned_steady_or_transition,16848,16967,119,1.1800000000000068,2583.7127
Sub05_H_T06_L_C08,Sub05_H,healthy,1,6,left,8,unassigned_steady_or_transition,16967,17078,111,1.1000000000000227,2583.7127
Sub05_H_T06_L_C09,Sub05_H,healthy,1,6,left,9,gait_termination,17078,17193,115,1.1399999999999864,2583.7127
Sub05_H_T06_R_C01,Sub05_H,healthy,1,6,right,1,gait_initiation,16031,16133,102,1.0199999999999818,-1300.27
Sub05_H_T06_R_C02,Sub05_H,healthy,1,6,right,2,unassigned_steady_or_transition,16133,16250,117,1.160000000000025,-1300.27
Sub05_H_T06_R_C03,Sub05_H,healthy,1,6,right,3,unassigned_steady_or_transition,16250,16363,113,1.1299999999999955,-1300.27
Sub05_H_T06_R_C04,Sub05_H,healthy,1,6,right,4,unassigned_steady_or_transition,16363,16487,124,1.2300000000000182,-1300.27
Sub05_H_T06_R_C05,Sub05_H,healthy,1,6,right,5,unassigned_steady_or_transition,16487,16606,119,1.1899999999999977,-1300.27
Sub05_H_T06_R_C06,Sub05_H,healthy,1,6,right,6,unassigned_steady_or_transition,16606,16718,112,1.1100000000000136,-1300.27
Sub05_H_T06_R_C07,Sub05_H,healthy,1,6,right,7,unassigned_steady_or_transition,16718,16840,122,1.2100000000000364,-1300.27
Sub05_H_T06_R_C08,Sub05_H,healthy,1,6,right,8,unassigned_steady_or_transition,16840,16951,111,1.1099999999999568,-1300.27
Sub05_H_T06_R_C09,Sub05_H,healthy,1,6,right,9,unassigned_steady_or_transition,16951,17060,109,1.079999999999984,-1300.27
Sub05_H_T06_R_C10,Sub05_H,healthy,1,6,right,10,gait_termination,17060,17180,120,1.1999999999999886,-1300.27
Sub05_H_T07_L_C01,Sub05_H,healthy,1,7,left,1,gait_initiation,18455,18575,120,1.2099999999999795,2580.437
Sub05_H_T07_L_C02,Sub05_H,healthy,1,7,left,2,unassigned_steady_or_transition,18575,18683,108,1.079999999999984,2580.437
Sub05_H_T07_L_C03,Sub05_H,healthy,1,7,left,3,unassigned_steady_or_transition,18683,18802,119,1.17999999999995,2580.437
Sub05_H_T07_L_C04,Sub05_H,healthy,1,7,left,4,unassigned_steady_or_transition,18802,18912,110,1.099999999999966,2580.437
Sub05_H_T07_L_C05,Sub05_H,healthy,1,7,left,5,unassigned_steady_or_transition,18912,19029,117,1.160000000000025,2580.437
Sub05_H_T07_L_C06,Sub05_H,healthy,1,7,left,6,unassigned_steady_or_transition,19029,19139,110,1.1000000000000227,2580.437
Sub05_H_T07_L_C07,Sub05_H,healthy,1,7,left,7,unassigned_steady_or_transition,19139,19270,131,1.3100000000000023,2580.437
Sub05_H_T07_L_C08,Sub05_H,healthy,1,7,left,8,unassigned_steady_or_transition,19270,19405,135,1.339999999999975,2580.437
Sub05_H_T07_L_C09,Sub05_H,healthy,1,7,left,9,unassigned_steady_or_transition,19405,19537,132,1.3099999999999454,2580.437
Sub05_H_T07_L_C10,Sub05_H,healthy,1,7,left,10,gait_termination,19537,19661,124,1.2299999999999613,2580.437
Sub05_H_T07_R_C01,Sub05_H,healthy,1,7,right,1,gait_initiation,18509,18624,115,1.1399999999999864,1189.35
Sub05_H_T07_R_C02,Sub05_H,healthy,1,7,right,2,unassigned_steady_or_transition,18624,18737,113,1.1299999999999955,1189.35
Sub05_H_T07_R_C03,Sub05_H,healthy,1,7,right,3,unassigned_steady_or_transition,18737,18848,111,1.1000000000000227,1189.35
Sub05_H_T07_R_C04,Sub05_H,healthy,1,7,right,4,unassigned_steady_or_transition,18848,18966,118,1.170000000000016,1189.35
Sub05_H_T07_R_C05,Sub05_H,healthy,1,7,right,5,unassigned_steady_or_transition,18966,19079,113,1.1299999999999955,1189.35
Sub05_H_T07_R_C06,Sub05_H,healthy,1,7,right,6,unassigned_steady_or_transition,19332,19468,136,1.349999999999966,1189.35
Sub05_H_T07_R_C07,Sub05_H,healthy,1,7,right,7,unassigned_steady_or_transition,19468,19594,126,1.25,1189.35
Sub05_H_T07_R_C08,Sub05_H,healthy,1,7,right,8,gait_termination,19594,19718,124,1.240000000000009,1189.35
Sub05_H_T08_L_C01,Sub05_H,healthy,1,8,left,1,gait_initiation,20888,21005,117,1.169999999999959,2572.0143
Sub05_H_T08_L_C02,Sub05_H,healthy,1,8,left,2,unassigned_steady_or_transition,21005,21130,125,1.2399999999999523,2572.0143
Sub05_H_T08_L_C03,Sub05_H,healthy,1,8,left,3,unassigned_steady_or_transition,21130,21252,122,1.2199999999999704,2572.0143
Sub05_H_T08_L_C04,Sub05_H,healthy,1,8,left,4,unassigned_steady_or_transition,21252,21495,243,2.430000000000007,2572.0143
Sub05_H_T08_L_C05,Sub05_H,healthy,1,8,left,5,unassigned_steady_or_transition,21495,21619,124,1.240000000000009,2572.0143
Sub05_H_T08_L_C06,Sub05_H,healthy,1,8,left,6,unassigned_steady_or_transition,21619,21737,118,1.1800000000000068,2572.0143
Sub05_H_T08_L_C07,Sub05_H,healthy,1,8,left,7,unassigned_steady_or_transition,21737,21866,129,1.2800000000000296,2572.0143
Sub05_H_T08_L_C08,Sub05_H,healthy,1,8,left,8,unassigned_steady_or_transition,21866,21990,124,1.2300000000000182,2572.0143
Sub05_H_T08_L_C09,Sub05_H,healthy,1,8,left,9,gait_termination,21990,22118,128,1.2799999999999727,2572.0143
Sub05_H_T08_R_C01,Sub05_H,healthy,1,8,right,1,gait_initiation,20883,20996,113,1.1299999999999955,-1316.6399999999999
Sub05_H_T08_R_C02,Sub05_H,healthy,1,8,right,2,unassigned_steady_or_transition,20996,21113,117,1.160000000000025,-1316.6399999999999
Sub05_H_T08_R_C03,Sub05_H,healthy,1,8,right,3,unassigned_steady_or_transition,21113,21238,125,1.25,-1316.6399999999999
Sub05_H_T08_R_C04,Sub05_H,healthy,1,8,right,4,unassigned_steady_or_transition,21238,21357,119,1.1800000000000068,-1316.6399999999999
Sub05_H_T08_R_C05,Sub05_H,healthy,1,8,right,5,unassigned_steady_or_transition,21357,21484,127,1.2699999999999818,-1316.6399999999999
Sub05_H_T08_R_C06,Sub05_H,healthy,1,8,right,6,unassigned_steady_or_transition,21484,21603,119,1.1899999999999977,-1316.6399999999999
Sub05_H_T08_R_C07,Sub05_H,healthy,1,8,right,7,unassigned_steady_or_transition,21603,21701,98,0.9799999999999613,-1316.6399999999999
Sub05_H_T08_R_C08,Sub05_H,healthy,1,8,right,8,unassigned_steady_or_transition,21701,21832,131,1.2999999999999545,-1316.6399999999999
Sub05_H_T08_R_C09,Sub05_H,healthy,1,8,right,9,unassigned_steady_or_transition,21832,21968,136,1.349999999999966,-1316.6399999999999
Sub05_H_T08_R_C10,Sub05_H,healthy,1,8,right,10,gait_termination,21968,22098,130,1.3000000000000114,-1316.6399999999999
Sub05_H_T09_L_C01,Sub05_H,healthy,1,9,left,1,gait_initiation,23354,23463,109,1.0900000000000318,2524.9315
Sub05_H_T09_L_C02,Sub05_H,healthy,1,9,left,2,unassigned_steady_or_transition,23463,23580,117,1.1599999999999682,2524.9315
Sub05_H_T09_L_C03,Sub05_H,healthy,1,9,left,3,unassigned_steady_or_transition,23580,23696,116,1.150000000000034,2524.9315
Sub05_H_T09_L_C04,Sub05_H,healthy,1,9,left,4,unassigned_steady_or_transition,23696,23814,118,1.170000000000016,2524.9315
Sub05_H_T09_L_C05,Sub05_H,healthy,1,9,left,5,unassigned_steady_or_transition,23814,23926,112,1.1100000000000136,2524.9315
Sub05_H_T09_L_C06,Sub05_H,healthy,1,9,left,6,unassigned_steady_or_transition,23926,24053,127,1.2699999999999818,2524.9315
Sub05_H_T09_L_C07,Sub05_H,healthy,1,9,left,7,unassigned_steady_or_transition,24053,24177,124,1.2300000000000182,2524.9315
Sub05_H_T09_L_C08,Sub05_H,healthy,1,9,left,8,unassigned_steady_or_transition,24177,24303,126,1.25,2524.9315
Sub05_H_T09_L_C09,Sub05_H,healthy,1,9,left,9,gait_termination,24303,24421,118,1.169999999999959,2524.9315
Sub05_H_T09_R_C01,Sub05_H,healthy,1,9,right,1,gait_initiation,23401,23516,115,1.1399999999999864,1175.415
Sub05_H_T09_R_C02,Sub05_H,healthy,1,9,right,2,unassigned_steady_or_transition,23516,23631,115,1.1399999999999864,1175.415
Sub05_H_T09_R_C03,Sub05_H,healthy,1,9,right,3,unassigned_steady_or_transition,23631,23752,121,1.1999999999999886,1175.415
Sub05_H_T09_R_C04,Sub05_H,healthy,1,9,right,4,unassigned_steady_or_transition,23752,23867,115,1.1499999999999773,1175.415
Sub05_H_T09_R_C05,Sub05_H,healthy,1,9,right,5,unassigned_steady_or_transition,23867,23983,116,1.1499999999999773,1175.415
Sub05_H_T09_R_C06,Sub05_H,healthy,1,9,right,6,unassigned_steady_or_transition,23983,24108,125,1.25,1175.415
Sub05_H_T09_R_C07,Sub05_H,healthy,1,9,right,7,unassigned_steady_or_transition,24108,24239,131,1.3000000000000114,1175.415
Sub05_H_T09_R_C08,Sub05_H,healthy,1,9,right,8,unassigned_steady_or_transition,24239,24357,118,1.1800000000000068,1175.415
Sub05_H_T09_R_C09,Sub05_H,healthy,1,9,right,9,gait_termination,24357,24480,123,1.2200000000000273,1175.415
Sub05_H_T10_L_C01,Sub05_H,healthy,1,10,left,1,gait_initiation,25926,26035,109,1.0900000000000318,-2672.05715
Sub05_H_T10_L_C02,Sub05_H,healthy,1,10,left,2,unassigned_steady_or_transition,26035,26151,116,1.1499999999999773,-2672.05715
Sub05_H_T10_L_C03,Sub05_H,healthy,1,10,left,3,unassigned_steady_or_transition,26151,26266,115,1.1399999999999864,-2672.05715
Sub05_H_T10_L_C04,Sub05_H,healthy,1,10,left,4,unassigned_steady_or_transition,26266,26386,120,1.1899999999999409,-2672.05715
Sub05_H_T10_L_C05,Sub05_H,healthy,1,10,left,5,unassigned_steady_or_transition,26386,26501,115,1.150000000000091,-2672.05715
Sub05_H_T10_L_C06,Sub05_H,healthy,1,10,left,6,unassigned_steady_or_transition,26501,26625,124,1.2299999999999045,-2672.05715
Sub05_H_T10_L_C07,Sub05_H,healthy,1,10,left,7,unassigned_steady_or_transition,26625,26739,114,1.1399999999999864,-2672.05715
Sub05_H_T10_L_C08,Sub05_H,healthy,1,10,left,8,unassigned_steady_or_transition,26739,26852,113,1.1200000000000045,-2672.05715
Sub05_H_T10_L_C09,Sub05_H,healthy,1,10,left,9,unassigned_steady_or_transition,26852,26964,112,1.1200000000000045,-2672.05715
Sub05_H_T10_L_C10,Sub05_H,healthy,1,10,left,10,gait_termination,26964,27088,124,1.2300000000000182,-2672.05715
Sub05_H_T10_R_C01,Sub05_H,healthy,1,10,right,1,gait_initiation,25855,25959,104,1.0399999999999636,-1331.545
Sub05_H_T10_R_C02,Sub05_H,healthy,1,10,right,2,unassigned_steady_or_transition,25959,26073,114,1.1299999999999955,-1331.545
Sub05_H_T10_R_C03,Sub05_H,healthy,1,10,right,3,unassigned_steady_or_transition,26073,26182,109,1.080000000000041,-1331.545
Sub05_H_T10_R_C04,Sub05_H,healthy,1,10,right,4,unassigned_steady_or_transition,26182,26301,119,1.17999999999995,-1331.545
Sub05_H_T10_R_C05,Sub05_H,healthy,1,10,right,5,unassigned_steady_or_transition,26301,26426,125,1.2399999999998954,-1331.545
Sub05_H_T10_R_C06,Sub05_H,healthy,1,10,right,6,unassigned_steady_or_transition,26426,26543,117,1.1599999999999682,-1331.545
Sub05_H_T10_R_C07,Sub05_H,healthy,1,10,right,7,unassigned_steady_or_transition,26543,26672,129,1.2899999999999636,-1331.545
Sub05_H_T10_R_C08,Sub05_H,healthy,1,10,right,8,unassigned_steady_or_transition,26672,26778,106,1.0600000000000591,-1331.545
Sub05_H_T10_R_C09,Sub05_H,healthy,1,10,right,9,unassigned_steady_or_transition,26778,26896,118,1.169999999999959,-1331.545
Sub05_H_T10_R_C10,Sub05_H,healthy,1,10,right,10,gait_termination,26896,27013,117,1.1700000000000728,-1331.545
Sub05_H_T11_L_C01,Sub05_H,healthy,1,11,left,1,gait_initiation,29404,29516,112,1.1200000000000045,-2587.4653999999996
Sub05_H_T11_L_C02,Sub05_H,healthy,1,11,left,2,unassigned_steady_or_transition,29516,29625,109,1.0900000000000318,-2587.4653999999996
Sub05_H_T11_L_C03,Sub05_H,healthy,1,11,left,3,unassigned_steady_or_transition,29625,29741,116,1.1499999999999773,-2587.4653999999996
Sub05_H_T11_L_C04,Sub05_H,healthy,1,11,left,4,unassigned_steady_or_transition,29741,29856,115,1.1499999999999773,-2587.4653999999996
Sub05_H_T11_L_C05,Sub05_H,healthy,1,11,left,5,unassigned_steady_or_transition,29856,29969,113,1.1200000000000045,-2587.4653999999996
Sub05_H_T11_L_C06,Sub05_H,healthy,1,11,left,6,unassigned_steady_or_transition,29969,30080,111,1.1100000000000136,-2587.4653999999996
Sub05_H_T11_L_C07,Sub05_H,healthy,1,11,left,7,unassigned_steady_or_transition,30080,30213,133,1.3199999999999363,-2587.4653999999996
Sub05_H_T11_L_C08,Sub05_H,healthy,1,11,left,8,unassigned_steady_or_transition,30213,30339,126,1.25,-2587.4653999999996
Sub05_H_T11_L_C09,Sub05_H,healthy,1,11,left,9,unassigned_steady_or_transition,30339,30462,123,1.2299999999999045,-2587.4653999999996
Sub05_H_T11_L_C10,Sub05_H,healthy,1,11,left,10,gait_termination,30462,30579,117,1.1599999999999682,-2587.4653999999996
Sub05_H_T11_R_C01,Sub05_H,healthy,1,11,right,1,gait_initiation,29392,29506,114,1.1400000000001,1209.99
Sub05_H_T11_R_C02,Sub05_H,healthy,1,11,right,2,unassigned_steady_or_transition,29506,29618,112,1.1200000000000045,1209.99
Sub05_H_T11_R_C03,Sub05_H,healthy,1,11,right,3,unassigned_steady_or_transition,29618,29734,116,1.1499999999999773,1209.99
Sub05_H_T11_R_C04,Sub05_H,healthy,1,11,right,4,unassigned_steady_or_transition,29734,29848,114,1.1399999999999864,1209.99
Sub05_H_T11_R_C05,Sub05_H,healthy,1,11,right,5,unassigned_steady_or_transition,29848,29961,113,1.1200000000000045,1209.99
Sub05_H_T11_R_C06,Sub05_H,healthy,1,11,right,6,unassigned_steady_or_transition,29961,30066,105,1.0500000000000682,1209.99
Sub05_H_T11_R_C07,Sub05_H,healthy,1,11,right,7,unassigned_steady_or_transition,30066,30197,131,1.2999999999999545,1209.99
Sub05_H_T11_R_C08,Sub05_H,healthy,1,11,right,8,unassigned_steady_or_transition,30197,30323,126,1.259999999999991,1209.99
Sub05_H_T11_R_C09,Sub05_H,healthy,1,11,right,9,unassigned_steady_or_transition,30323,30446,123,1.2300000000000182,1209.99
Sub05_H_T11_R_C10,Sub05_H,healthy,1,11,right,10,gait_termination,30446,30565,119,1.1800000000000637,1209.99
Sub05_H_T12_L_C01,Sub05_H,healthy,1,12,left,1,gait_initiation,31719,31830,111,1.1100000000000136,2580.475
Sub05_H_T12_L_C02,Sub05_H,healthy,1,12,left,2,unassigned_steady_or_transition,31830,31944,114,1.1299999999999955,2580.475
Sub05_H_T12_L_C03,Sub05_H,healthy,1,12,left,3,unassigned_steady_or_transition,31944,32063,119,1.17999999999995,2580.475
Sub05_H_T12_L_C04,Sub05_H,healthy,1,12,left,4,unassigned_steady_or_transition,32063,32181,118,1.169999999999959,2580.475
Sub05_H_T12_L_C05,Sub05_H,healthy,1,12,left,5,unassigned_steady_or_transition,32181,32302,121,1.2000000000000455,2580.475
Sub05_H_T12_L_C06,Sub05_H,healthy,1,12,left,6,unassigned_steady_or_transition,32302,32425,123,1.2199999999999136,2580.475
Sub05_H_T12_L_C07,Sub05_H,healthy,1,12,left,7,unassigned_steady_or_transition,32425,32535,110,1.1000000000000227,2580.475
Sub05_H_T12_L_C08,Sub05_H,healthy,1,12,left,8,unassigned_steady_or_transition,32535,32654,119,1.1900000000000546,2580.475
Sub05_H_T12_L_C09,Sub05_H,healthy,1,12,left,9,unassigned_steady_or_transition,32654,32775,121,1.2000000000000455,2580.475
Sub05_H_T12_L_C10,Sub05_H,healthy,1,12,left,10,gait_termination,32775,32894,119,1.17999999999995,2580.475
Sub05_H_T12_R_C01,Sub05_H,healthy,1,12,right,1,gait_initiation,31707,31815,108,1.0699999999999363,-1281.85
Sub05_H_T12_R_C02,Sub05_H,healthy,1,12,right,2,unassigned_steady_or_transition,31815,31925,110,1.0899999999999181,-1281.85
Sub05_H_T12_R_C03,Sub05_H,healthy,1,12,right,3,unassigned_steady_or_transition,31925,32040,115,1.1400000000001,-1281.85
Sub05_H_T12_R_C04,Sub05_H,healthy,1,12,right,4,unassigned_steady_or_transition,32040,32161,121,1.1999999999999318,-1281.85
Sub05_H_T12_R_C05,Sub05_H,healthy,1,12,right,5,unassigned_steady_or_transition,32161,32291,130,1.2900000000000773,-1281.85
Sub05_H_T12_R_C06,Sub05_H,healthy,1,12,right,6,unassigned_steady_or_transition,32291,32397,106,1.0499999999999545,-1281.85
Sub05_H_T12_R_C07,Sub05_H,healthy,1,12,right,7,unassigned_steady_or_transition,32397,32512,115,1.1499999999999773,-1281.85
Sub05_H_T12_R_C08,Sub05_H,healthy,1,12,right,8,unassigned_steady_or_transition,32512,32635,123,1.2199999999999136,-1281.85
Sub05_H_T12_R_C09,Sub05_H,healthy,1,12,right,9,unassigned_steady_or_transition,32635,32762,127,1.2600000000001046,-1281.85
Sub05_H_T12_R_C10,Sub05_H,healthy,1,12,right,10,gait_termination,32762,32871,109,1.0799999999999272,-1281.85
Sub05_H_T13_L_C01,Sub05_H,healthy,1,13,left,1,gait_initiation,34259,34376,117,1.1600000000000819,2537.4665
Sub05_H_T13_L_C02,Sub05_H,healthy,1,13,left,2,unassigned_steady_or_transition,34376,34497,121,1.2099999999999227,2537.4665
Sub05_H_T13_L_C03,Sub05_H,healthy,1,13,left,3,unassigned_steady_or_transition,34497,34617,120,1.1800000000000637,2537.4665
Sub05_H_T13_L_C04,Sub05_H,healthy,1,13,left,4,unassigned_steady_or_transition,34617,34739,122,1.2100000000000364,2537.4665
Sub05_H_T13_L_C05,Sub05_H,healthy,1,13,left,5,unassigned_steady_or_transition,34739,34848,109,1.0899999999999181,2537.4665
Sub05_H_T13_L_C06,Sub05_H,healthy,1,13,left,6,unassigned_steady_or_transition,34848,34975,127,1.259999999999991,2537.4665
Sub05_H_T13_L_C07,Sub05_H,healthy,1,13,left,7,unassigned_steady_or_transition,34975,35104,129,1.2799999999999727,2537.4665
Sub05_H_T13_L_C08,Sub05_H,healthy,1,13,left,8,unassigned_steady_or_transition,35104,35225,121,1.2100000000000364,2537.4665
Sub05_H_T13_L_C09,Sub05_H,healthy,1,13,left,9,gait_termination,35225,35350,125,1.240000000000009,2537.4665
Sub05_H_T13_R_C01,Sub05_H,healthy,1,13,right,1,gait_initiation,34310,34429,119,1.1800000000000637,1150.655
Sub05_H_T13_R_C02,Sub05_H,healthy,1,13,right,2,unassigned_steady_or_transition,34429,34548,119,1.1899999999999409,1150.655
Sub05_H_T13_R_C03,Sub05_H,healthy,1,13,right,3,unassigned_steady_or_transition,34548,34670,122,1.2000000000000455,1150.655
Sub05_H_T13_R_C04,Sub05_H,healthy,1,13,right,4,unassigned_steady_or_transition,34670,34785,115,1.1499999999999773,1150.655
Sub05_H_T13_R_C05,Sub05_H,healthy,1,13,right,5,unassigned_steady_or_transition,34785,34903,118,1.1800000000000637,1150.655
Sub05_H_T13_R_C06,Sub05_H,healthy,1,13,right,6,unassigned_steady_or_transition,34903,35038,135,1.3400000000000318,1150.655
Sub05_H_T13_R_C07,Sub05_H,healthy,1,13,right,7,unassigned_steady_or_transition,35038,35162,124,1.2300000000000182,1150.655
Sub05_H_T13_R_C08,Sub05_H,healthy,1,13,right,8,unassigned_steady_or_transition,35162,35284,122,1.2199999999999136,1150.655
Sub05_H_T13_R_C09,Sub05_H,healthy,1,13,right,9,gait_termination,35284,35408,124,1.2299999999999045,1150.655
Sub05_H_T14_L_C01,Sub05_H,healthy,1,14,left,1,gait_initiation,37522,37642,120,1.1900000000000546,2554.2942999999996
Sub05_H_T14_L_C02,Sub05_H,healthy,1,14,left,2,unassigned_steady_or_transition,37642,37764,122,1.2099999999999227,2554.2942999999996
Sub05_H_T14_L_C03,Sub05_H,healthy,1,14,left,3,unassigned_steady_or_transition,37764,37880,116,1.1600000000000819,2554.2942999999996
Sub05_H_T14_L_C04,Sub05_H,healthy,1,14,left,4,unassigned_steady_or_transition,37880,38003,123,1.2200000000000273,2554.2942999999996
Sub05_H_T14_L_C05,Sub05_H,healthy,1,14,left,5,unassigned_steady_or_transition,38003,38128,125,1.25,2554.2942999999996
Sub05_H_T14_L_C06,Sub05_H,healthy,1,14,left,6,unassigned_steady_or_transition,38128,38249,121,1.1999999999999318,2554.2942999999996
Sub05_H_T14_L_C07,Sub05_H,healthy,1,14,left,7,unassigned_steady_or_transition,38249,38366,117,1.1600000000000819,2554.2942999999996
Sub05_H_T14_L_C08,Sub05_H,healthy,1,14,left,8,unassigned_steady_or_transition,38366,38488,122,1.2200000000000273,2554.2942999999996
Sub05_H_T14_L_C09,Sub05_H,healthy,1,14,left,9,gait_termination,38488,38614,126,1.25,2554.2942999999996
Sub05_H_T14_R_C01,Sub05_H,healthy,1,14,right,1,gait_initiation,37403,37514,111,1.1000000000000227,-1288.3
Sub05_H_T14_R_C02,Sub05_H,healthy,1,14,right,2,unassigned_steady_or_transition,37514,37626,112,1.1200000000000045,-1288.3
Sub05_H_T14_R_C03,Sub05_H,healthy,1,14,right,3,unassigned_steady_or_transition,37626,37747,121,1.2000000000000455,-1288.3
Sub05_H_T14_R_C04,Sub05_H,healthy,1,14,right,4,unassigned_steady_or_transition,37747,37862,115,1.1499999999999773,-1288.3
Sub05_H_T14_R_C05,Sub05_H,healthy,1,14,right,5,unassigned_steady_or_transition,37862,37994,132,1.3100000000000591,-1288.3
Sub05_H_T14_R_C06,Sub05_H,healthy,1,14,right,6,unassigned_steady_or_transition,37994,38115,121,1.2100000000000364,-1288.3
Sub05_H_T14_R_C07,Sub05_H,healthy,1,14,right,7,unassigned_steady_or_transition,38115,38229,114,1.1299999999999955,-1288.3
Sub05_H_T14_R_C08,Sub05_H,healthy,1,14,right,8,unassigned_steady_or_transition,38229,38358,129,1.2799999999999727,-1288.3
Sub05_H_T14_R_C09,Sub05_H,healthy,1,14,right,9,unassigned_steady_or_transition,38358,38477,119,1.1900000000000546,-1288.3
Sub05_H_T14_R_C10,Sub05_H,healthy,1,14,right,10,gait_termination,38477,38599,122,1.2099999999999227,-1288.3
Sub05_H_T15_L_C01,Sub05_H,healthy,1,15,left,1,gait_initiation,40051,40155,104,1.0399999999999636,2540.9384999999997
Sub05_H_T15_L_C02,Sub05_H,healthy,1,15,left,2,unassigned_steady_or_transition,40155,40264,109,1.080000000000041,2540.9384999999997
Sub05_H_T15_L_C03,Sub05_H,healthy,1,15,left,3,unassigned_steady_or_transition,40264,40384,120,1.1899999999999409,2540.9384999999997
Sub05_H_T15_L_C04,Sub05_H,healthy,1,15,left,4,unassigned_steady_or_transition,40384,40499,115,1.150000000000091,2540.9384999999997
Sub05_H_T15_L_C05,Sub05_H,healthy,1,15,left,5,unassigned_steady_or_transition,40499,40623,124,1.2299999999999045,2540.9384999999997
Sub05_H_T15_L_C06,Sub05_H,healthy,1,15,left,6,unassigned_steady_or_transition,40623,40755,132,1.3099999999999454,2540.9384999999997
Sub05_H_T15_L_C07,Sub05_H,healthy,1,15,left,7,unassigned_steady_or_transition,40755,40875,120,1.2000000000000455,2540.9384999999997
Sub05_H_T15_L_C08,Sub05_H,healthy,1,15,left,8,unassigned_steady_or_transition,40875,40997,122,1.2099999999999227,2540.9384999999997
Sub05_H_T15_L_C09,Sub05_H,healthy,1,15,left,9,gait_termination,40997,41117,120,1.1899999999999409,2540.9384999999997
Sub05_H_T15_R_C01,Sub05_H,healthy,1,15,right,1,gait_initiation,40095,40205,110,1.1000000000000227,1176.0600000000002
Sub05_H_T15_R_C02,Sub05_H,healthy,1,15,right,2,unassigned_steady_or_transition,40205,40317,112,1.1100000000000136,1176.0600000000002
Sub05_H_T15_R_C03,Sub05_H,healthy,1,15,right,3,unassigned_steady_or_transition,40317,40435,118,1.169999999999959,1176.0600000000002
Sub05_H_T15_R_C04,Sub05_H,healthy,1,15,right,4,unassigned_steady_or_transition,40435,40554,119,1.1900000000000546,1176.0600000000002
Sub05_H_T15_R_C05,Sub05_H,healthy,1,15,right,5,unassigned_steady_or_transition,40554,40684,130,1.2899999999999636,1176.0600000000002
Sub05_H_T15_R_C06,Sub05_H,healthy,1,15,right,6,unassigned_steady_or_transition,40684,40811,127,1.2600000000001046,1176.0600000000002
Sub05_H_T15_R_C07,Sub05_H,healthy,1,15,right,7,unassigned_steady_or_transition,40811,40930,119,1.1899999999999409,1176.0600000000002
Sub05_H_T15_R_C08,Sub05_H,healthy,1,15,right,8,unassigned_steady_or_transition,40930,41050,120,1.1900000000000546,1176.0600000000002
Sub05_H_T15_R_C09,Sub05_H,healthy,1,15,right,9,gait_termination,41050,41173,123,1.2200000000000273,1176.0600000000002
Sub05_H_T16_L_C01,Sub05_H,healthy,1,16,left,1,gait_initiation,42477,42587,110,1.099999999999909,2550.8244999999997
Sub05_H_T16_L_C02,Sub05_H,healthy,1,16,left,2,unassigned_steady_or_transition,42587,42705,118,1.17999999999995,2550.8244999999997
Sub05_H_T16_L_C03,Sub05_H,healthy,1,16,left,3,unassigned_steady_or_transition,42705,42828,123,1.2200000000000273,2550.8244999999997
Sub05_H_T16_L_C04,Sub05_H,healthy,1,16,left,4,unassigned_steady_or_transition,42828,42961,133,1.3199999999999363,2550.8244999999997
Sub05_H_T16_L_C05,Sub05_H,healthy,1,16,left,5,unassigned_steady_or_transition,42961,43087,126,1.25,2550.8244999999997
Sub05_H_T16_L_C06,Sub05_H,healthy,1,16,left,6,unassigned_steady_or_transition,43087,43215,128,1.2799999999999727,2550.8244999999997
Sub05_H_T16_L_C07,Sub05_H,healthy,1,16,left,7,unassigned_steady_or_transition,43215,43330,115,1.1399999999999864,2550.8244999999997
Sub05_H_T16_L_C08,Sub05_H,healthy,1,16,left,8,unassigned_steady_or_transition,43330,43446,116,1.1600000000000819,2550.8244999999997
Sub05_H_T16_L_C09,Sub05_H,healthy,1,16,left,9,unassigned_steady_or_transition,43446,43563,117,1.169999999999959,2550.8244999999997
Sub05_H_T16_L_C10,Sub05_H,healthy,1,16,left,10,gait_termination,43563,43674,111,1.1000000000000227,2550.8244999999997
Sub05_H_T16_R_C01,Sub05_H,healthy,1,16,right,1,gait_initiation,42472,42574,102,1.0199999999999818,-1314.625
Sub05_H_T16_R_C02,Sub05_H,healthy,1,16,right,2,unassigned_steady_or_transition,42574,42684,110,1.0899999999999181,-1314.625
Sub05_H_T16_R_C03,Sub05_H,healthy,1,16,right,3,unassigned_steady_or_transition,42684,42808,124,1.240000000000009,-1314.625
Sub05_H_T16_R_C04,Sub05_H,healthy,1,16,right,4,unassigned_steady_or_transition,42808,42939,131,1.3000000000000682,-1314.625
Sub05_H_T16_R_C05,Sub05_H,healthy,1,16,right,5,unassigned_steady_or_transition,42939,43077,138,1.3799999999999955,-1314.625
Sub05_H_T16_R_C06,Sub05_H,healthy,1,16,right,6,unassigned_steady_or_transition,43077,43199,122,1.2100000000000364,-1314.625
Sub05_H_T16_R_C07,Sub05_H,healthy,1,16,right,7,unassigned_steady_or_transition,43199,43319,120,1.1899999999999409,-1314.625
Sub05_H_T16_R_C08,Sub05_H,healthy,1,16,right,8,unassigned_steady_or_transition,43319,43433,114,1.1399999999999864,-1314.625
Sub05_H_T16_R_C09,Sub05_H,healthy,1,16,right,9,unassigned_steady_or_transition,43433,43542,109,1.0799999999999272,-1314.625
Sub05_H_T16_R_C10,Sub05_H,healthy,1,16,right,10,gait_termination,43542,43653,111,1.1100000000000136,-1314.625
Sub05_H_T17_L_C01,Sub05_H,healthy,1,17,left,1,gait_initiation,45674,45783,109,1.0899999999999181,2525.1582
Sub05_H_T17_L_C02,Sub05_H,healthy,1,17,left,2,unassigned_steady_or_transition,45783,45899,116,1.150000000000091,2525.1582
Sub05_H_T17_L_C03,Sub05_H,healthy,1,17,left,3,unassigned_steady_or_transition,45899,46008,109,1.0899999999999181,2525.1582
Sub05_H_T17_L_C04,Sub05_H,healthy,1,17,left,4,unassigned_steady_or_transition,46008,46122,114,1.1299999999999955,2525.1582
Sub05_H_T17_L_C05,Sub05_H,healthy,1,17,left,5,unassigned_steady_or_transition,46122,46234,112,1.1199999999998909,2525.1582
Sub05_H_T17_L_C06,Sub05_H,healthy,1,17,left,6,unassigned_steady_or_transition,46234,46371,137,1.3700000000000045,2525.1582
Sub05_H_T17_L_C07,Sub05_H,healthy,1,17,left,7,unassigned_steady_or_transition,46371,46503,132,1.3099999999999454,2525.1582
Sub05_H_T17_L_C08,Sub05_H,healthy,1,17,left,8,unassigned_steady_or_transition,46503,46628,125,1.25,2525.1582
Sub05_H_T17_L_C09,Sub05_H,healthy,1,17,left,9,gait_termination,46628,46755,127,1.259999999999991,2525.1582
Sub05_H_T17_R_C01,Sub05_H,healthy,1,17,right,1,gait_initiation,45608,45722,114,1.1399999999999864,1184.25
Sub05_H_T17_R_C02,Sub05_H,healthy,1,17,right,2,unassigned_steady_or_transition,45722,45833,111,1.1000000000000227,1184.25
Sub05_H_T17_R_C03,Sub05_H,healthy,1,17,right,3,unassigned_steady_or_transition,45833,45947,114,1.1299999999999955,1184.25
Sub05_H_T17_R_C04,Sub05_H,healthy,1,17,right,4,unassigned_steady_or_transition,45947,46060,113,1.1299999999999955,1184.25
Sub05_H_T17_R_C05,Sub05_H,healthy,1,17,right,5,unassigned_steady_or_transition,46060,46169,109,1.0799999999999272,1184.25
Sub05_H_T17_R_C06,Sub05_H,healthy,1,17,right,6,unassigned_steady_or_transition,46169,46300,131,1.3100000000000591,1184.25
Sub05_H_T17_R_C07,Sub05_H,healthy,1,17,right,7,unassigned_steady_or_transition,46300,46433,133,1.3299999999999272,1184.25
Sub05_H_T17_R_C08,Sub05_H,healthy,1,17,right,8,unassigned_steady_or_transition,46433,46559,126,1.25,1184.25
Sub05_H_T17_R_C09,Sub05_H,healthy,1,17,right,9,gait_termination,46559,46685,126,1.259999999999991,1184.25
Sub05_H_T18_L_C01,Sub05_H,healthy,1,18,left,1,gait_initiation,48298,48413,115,1.1399999999999864,-2607.9485999999997
Sub05_H_T18_L_C02,Sub05_H,healthy,1,18,left,2,unassigned_steady_or_transition,48413,48529,116,1.1600000000000819,-2607.9485999999997
Sub05_H_T18_L_C03,Sub05_H,healthy,1,18,left,3,unassigned_steady_or_transition,48529,48646,117,1.1599999999999682,-2607.9485999999997
Sub05_H_T18_L_C04,Sub05_H,healthy,1,18,left,4,unassigned_steady_or_transition,48646,48765,119,1.17999999999995,-2607.9485999999997
Sub05_H_T18_L_C05,Sub05_H,healthy,1,18,left,5,unassigned_steady_or_transition,48765,48878,113,1.1200000000000045,-2607.9485999999997
Sub05_H_T18_L_C06,Sub05_H,healthy,1,18,left,6,unassigned_steady_or_transition,48878,49000,122,1.2199999999999136,-2607.9485999999997
Sub05_H_T18_L_C07,Sub05_H,healthy,1,18,left,7,unassigned_steady_or_transition,49000,49114,114,1.1299999999999955,-2607.9485999999997
Sub05_H_T18_L_C08,Sub05_H,healthy,1,18,left,8,unassigned_steady_or_transition,49114,49230,116,1.1599999999999682,-2607.9485999999997
Sub05_H_T18_L_C09,Sub05_H,healthy,1,18,left,9,gait_termination,49230,49355,125,1.25,-2607.9485999999997
Sub05_H_T18_R_C01,Sub05_H,healthy,1,18,right,1,gait_initiation,48218,48337,119,1.1899999999999409,-1331.1
Sub05_H_T18_R_C02,Sub05_H,healthy,1,18,right,2,unassigned_steady_or_transition,48337,48439,102,1.009999999999991,-1331.1
Sub05_H_T18_R_C03,Sub05_H,healthy,1,18,right,3,unassigned_steady_or_transition,48439,48558,119,1.1800000000000637,-1331.1
Sub05_H_T18_R_C04,Sub05_H,healthy,1,18,right,4,unassigned_steady_or_transition,48558,48676,118,1.169999999999959,-1331.1
Sub05_H_T18_R_C05,Sub05_H,healthy,1,18,right,5,unassigned_steady_or_transition,48676,48797,121,1.2100000000000364,-1331.1
Sub05_H_T18_R_C06,Sub05_H,healthy,1,18,right,6,unassigned_steady_or_transition,48797,48927,130,1.3000000000000682,-1331.1
Sub05_H_T18_R_C07,Sub05_H,healthy,1,18,right,7,unassigned_steady_or_transition,48927,49038,111,1.099999999999909,-1331.1
Sub05_H_T18_R_C08,Sub05_H,healthy,1,18,right,8,unassigned_steady_or_transition,49038,49143,105,1.0399999999999636,-1331.1
Sub05_H_T18_R_C09,Sub05_H,healthy,1,18,right,9,unassigned_steady_or_transition,49143,49274,131,1.3099999999999454,-1331.1
Sub05_H_T18_R_C10,Sub05_H,healthy,1,18,right,10,gait_termination,49274,49398,124,1.2399999999998954,-1331.1
Sub05_H_T19_L_C01,Sub05_H,healthy,1,19,left,1,gait_initiation,50575,50691,116,1.1599999999999682,-2587.84175
Sub05_H_T19_L_C02,Sub05_H,healthy,1,19,left,2,unassigned_steady_or_transition,50691,50801,110,1.0899999999999181,-2587.84175
Sub05_H_T19_L_C03,Sub05_H,healthy,1,19,left,3,unassigned_steady_or_transition,50801,50910,109,1.0900000000000318,-2587.84175
Sub05_H_T19_L_C04,Sub05_H,healthy,1,19,left,4,unassigned_steady_or_transition,50910,51021,111,1.1000000000000227,-2587.84175
Sub05_H_T19_L_C05,Sub05_H,healthy,1,19,left,5,unassigned_steady_or_transition,51021,51133,112,1.1200000000000045,-2587.84175
Sub05_H_T19_L_C06,Sub05_H,healthy,1,19,left,6,unassigned_steady_or_transition,51133,51253,120,1.2000000000000455,-2587.84175
Sub05_H_T19_L_C07,Sub05_H,healthy,1,19,left,7,unassigned_steady_or_transition,51253,51390,137,1.3600000000000136,-2587.84175
Sub05_H_T19_L_C08,Sub05_H,healthy,1,19,left,8,unassigned_steady_or_transition,51390,51516,126,1.259999999999991,-2587.84175
Sub05_H_T19_L_C09,Sub05_H,healthy,1,19,left,9,unassigned_steady_or_transition,51516,51642,126,1.25,-2587.84175
Sub05_H_T19_L_C10,Sub05_H,healthy,1,19,left,10,gait_termination,51642,51762,120,1.1900000000000546,-2587.84175
Sub05_H_T19_R_C01,Sub05_H,healthy,1,19,right,1,gait_initiation,50568,50685,117,1.169999999999959,1186.85
Sub05_H_T19_R_C02,Sub05_H,healthy,1,19,right,2,unassigned_steady_or_transition,50685,50794,109,1.080000000000041,1186.85
Sub05_H_T19_R_C03,Sub05_H,healthy,1,19,right,3,unassigned_steady_or_transition,50794,50904,110,1.1000000000000227,1186.85
Sub05_H_T19_R_C04,Sub05_H,healthy,1,19,right,4,unassigned_steady_or_transition,50904,51014,110,1.0899999999999181,1186.85
Sub05_H_T19_R_C05,Sub05_H,healthy,1,19,right,5,unassigned_steady_or_transition,51014,51125,111,1.1000000000000227,1186.85
Sub05_H_T19_R_C06,Sub05_H,healthy,1,19,right,6,unassigned_steady_or_transition,51125,51241,116,1.1600000000000819,1186.85
Sub05_H_T19_R_C07,Sub05_H,healthy,1,19,right,7,unassigned_steady_or_transition,51241,51377,136,1.3500000000000227,1186.85
Sub05_H_T19_R_C08,Sub05_H,healthy,1,19,right,8,unassigned_steady_or_transition,51377,51503,126,1.259999999999991,1186.85
Sub05_H_T19_R_C09,Sub05_H,healthy,1,19,right,9,unassigned_steady_or_transition,51503,51630,127,1.259999999999991,1186.85
Sub05_H_T19_R_C10,Sub05_H,healthy,1,19,right,10,gait_termination,51630,51746,116,1.1499999999999773,1186.85
Sub05_H_T20_L_C01,Sub05_H,healthy,1,20,left,1,gait_initiation,52929,53043,114,1.1299999999999955,2530.1248
Sub05_H_T20_L_C02,Sub05_H,healthy,1,20,left,2,unassigned_steady_or_transition,53043,53158,115,1.1399999999999864,2530.1248
Sub05_H_T20_L_C03,Sub05_H,healthy,1,20,left,3,unassigned_steady_or_transition,53158,53275,117,1.1599999999999682,2530.1248
Sub05_H_T20_L_C04,Sub05_H,healthy,1,20,left,4,unassigned_steady_or_transition,53275,53394,119,1.1800000000000637,2530.1248
Sub05_H_T20_L_C05,Sub05_H,healthy,1,20,left,5,unassigned_steady_or_transition,53394,53512,118,1.169999999999959,2530.1248
Sub05_H_T20_L_C06,Sub05_H,healthy,1,20,left,6,unassigned_steady_or_transition,53512,53635,123,1.2300000000000182,2530.1248
Sub05_H_T20_L_C07,Sub05_H,healthy,1,20,left,7,unassigned_steady_or_transition,53635,53752,117,1.1599999999999682,2530.1248
Sub05_H_T20_L_C08,Sub05_H,healthy,1,20,left,8,unassigned_steady_or_transition,53752,53872,120,1.2000000000000455,2530.1248
Sub05_H_T20_L_C09,Sub05_H,healthy,1,20,left,9,unassigned_steady_or_transition,53872,53992,120,1.1900000000000546,2530.1248
Sub05_H_T20_L_C10,Sub05_H,healthy,1,20,left,10,gait_termination,53992,54114,122,1.2099999999999227,2530.1248
Sub05_H_T20_R_C01,Sub05_H,healthy,1,20,right,1,gait_initiation,52921,53042,121,1.1999999999999318,-1320.95
Sub05_H_T20_R_C02,Sub05_H,healthy,1,20,right,2,unassigned_steady_or_transition,53042,53146,104,1.0400000000000773,-1320.95
Sub05_H_T20_R_C03,Sub05_H,healthy,1,20,right,3,unassigned_steady_or_transition,53146,53251,105,1.0399999999999636,-1320.95
Sub05_H_T20_R_C04,Sub05_H,healthy,1,20,right,4,unassigned_steady_or_transition,53251,53380,129,1.2899999999999636,-1320.95
Sub05_H_T20_R_C05,Sub05_H,healthy,1,20,right,5,unassigned_steady_or_transition,53380,53506,126,1.25,-1320.95
Sub05_H_T20_R_C06,Sub05_H,healthy,1,20,right,6,unassigned_steady_or_transition,53506,53612,106,1.0599999999999454,-1320.95
Sub05_H_T20_R_C07,Sub05_H,healthy,1,20,right,7,unassigned_steady_or_transition,53612,53735,123,1.2200000000000273,-1320.95
Sub05_H_T20_R_C08,Sub05_H,healthy,1,20,right,8,unassigned_steady_or_transition,53735,53859,124,1.2300000000000182,-1320.95
Sub05_H_T20_R_C09,Sub05_H,healthy,1,20,right,9,unassigned_steady_or_transition,53859,53970,111,1.1000000000000227,-1320.95
Sub05_H_T20_R_C10,Sub05_H,healthy,1,20,right,10,gait_termination,53970,54087,117,1.1599999999999682,-1320.95
Sub05_H_T21_L_C01,Sub05_H,healthy,21,21,left,1,gait_initiation,913,1027,114,1.1399999999999864,-2627.9790000000003
Sub05_H_T21_L_C02,Sub05_H,healthy,21,21,left,2,unassigned_steady_or_transition,1027,1131,104,1.0400000000000773,-2627.9790000000003
Sub05_H_T21_L_C03,Sub05_H,healthy,21,21,left,3,unassigned_steady_or_transition,1131,1242,111,1.1099999999999,-2627.9790000000003
Sub05_H_T21_L_C04,Sub05_H,healthy,21,21,left,4,unassigned_steady_or_transition,1242,1358,116,1.1499999999999773,-2627.9790000000003
Sub05_H_T21_L_C05,Sub05_H,healthy,21,21,left,5,unassigned_steady_or_transition,1358,1476,118,1.169999999999959,-2627.9790000000003
Sub05_H_T21_L_C06,Sub05_H,healthy,21,21,left,6,unassigned_steady_or_transition,1476,1592,116,1.1600000000000819,-2627.9790000000003
Sub05_H_T21_L_C07,Sub05_H,healthy,21,21,left,7,unassigned_steady_or_transition,1592,1724,132,1.3099999999999454,-2627.9790000000003
Sub05_H_T21_L_C08,Sub05_H,healthy,21,21,left,8,unassigned_steady_or_transition,1724,1853,129,1.2799999999999727,-2627.9790000000003
Sub05_H_T21_L_C09,Sub05_H,healthy,21,21,left,9,unassigned_steady_or_transition,1853,1977,124,1.2299999999999045,-2627.9790000000003
Sub05_H_T21_L_C10,Sub05_H,healthy,21,21,left,10,gait_termination,1977,2098,121,1.2100000000000364,-2627.9790000000003
Sub05_H_T21_R_C01,Sub05_H,healthy,21,21,right,1,gait_initiation,951,1065,114,1.1399999999999864,-1345.02
Sub05_H_T21_R_C02,Sub05_H,healthy,21,21,right,2,unassigned_steady_or_transition,1065,1172,107,1.07000000000005,-1345.02
Sub05_H_T21_R_C03,Sub05_H,healthy,21,21,right,3,unassigned_steady_or_transition,1172,1276,104,1.0399999999999636,-1345.02
Sub05_H_T21_R_C04,Sub05_H,healthy,21,21,right,4,unassigned_steady_or_transition,1276,1394,118,1.1700000000000728,-1345.02
Sub05_H_T21_R_C05,Sub05_H,healthy,21,21,right,5,unassigned_steady_or_transition,1394,1509,115,1.1399999999999864,-1345.02
Sub05_H_T21_R_C06,Sub05_H,healthy,21,21,right,6,unassigned_steady_or_transition,1509,1630,121,1.2100000000000364,-1345.02
Sub05_H_T21_R_C07,Sub05_H,healthy,21,21,right,7,unassigned_steady_or_transition,1630,1773,143,1.419999999999959,-1345.02
Sub05_H_T21_R_C08,Sub05_H,healthy,21,21,right,8,unassigned_steady_or_transition,1773,1896,123,1.2200000000000273,-1345.02
Sub05_H_T21_R_C09,Sub05_H,healthy,21,21,right,9,unassigned_steady_or_transition,1896,2014,118,1.169999999999959,-1345.02
Sub05_H_T21_R_C10,Sub05_H,healthy,21,21,right,10,gait_termination,2014,2142,128,1.2700000000000955,-1345.02
Sub05_H_T22_L_C01,Sub05_H,healthy,21,22,left,1,gait_initiation,3239,3351,112,1.1100000000000136,-2636.46925
Sub05_H_T22_L_C02,Sub05_H,healthy,21,22,left,2,unassigned_steady_or_transition,3351,3467,116,1.1599999999999682,-2636.46925
Sub05_H_T22_L_C03,Sub05_H,healthy,21,22,left,3,unassigned_steady_or_transition,3467,3585,118,1.1700000000000728,-2636.46925
Sub05_H_T22_L_C04,Sub05_H,healthy,21,22,left,4,unassigned_steady_or_transition,3585,3702,117,1.169999999999959,-2636.46925
Sub05_H_T22_L_C05,Sub05_H,healthy,21,22,left,5,unassigned_steady_or_transition,3702,3818,116,1.1499999999999773,-2636.46925
Sub05_H_T22_L_C06,Sub05_H,healthy,21,22,left,6,unassigned_steady_or_transition,3818,3931,113,1.1299999999999955,-2636.46925
Sub05_H_T22_L_C07,Sub05_H,healthy,21,22,left,7,unassigned_steady_or_transition,3931,4058,127,1.2600000000001046,-2636.46925
Sub05_H_T22_L_C08,Sub05_H,healthy,21,22,left,8,unassigned_steady_or_transition,4058,4182,124,1.240000000000009,-2636.46925
Sub05_H_T22_L_C09,Sub05_H,healthy,21,22,left,9,unassigned_steady_or_transition,4182,4301,119,1.1899999999999409,-2636.46925
Sub05_H_T22_L_C10,Sub05_H,healthy,21,22,left,10,gait_termination,4301,4423,122,1.2100000000000364,-2636.46925
Sub05_H_T22_R_C01,Sub05_H,healthy,21,22,right,1,gait_initiation,3338,3452,114,1.1299999999999955,1226.095
Sub05_H_T22_R_C02,Sub05_H,healthy,21,22,right,2,unassigned_steady_or_transition,3452,3571,119,1.17999999999995,1226.095
Sub05_H_T22_R_C03,Sub05_H,healthy,21,22,right,3,unassigned_steady_or_transition,3571,3686,115,1.1399999999999864,1226.095
Sub05_H_T22_R_C04,Sub05_H,healthy,21,22,right,4,unassigned_steady_or_transition,3686,3807,121,1.2099999999999227,1226.095
Sub05_H_T22_R_C05,Sub05_H,healthy,21,22,right,5,unassigned_steady_or_transition,3807,3921,114,1.1400000000001,1226.095
Sub05_H_T22_R_C06,Sub05_H,healthy,21,22,right,6,unassigned_steady_or_transition,3921,4050,129,1.2799999999999727,1226.095
Sub05_H_T22_R_C07,Sub05_H,healthy,21,22,right,7,unassigned_steady_or_transition,4050,4172,122,1.2200000000000273,1226.095
Sub05_H_T22_R_C08,Sub05_H,healthy,21,22,right,8,unassigned_steady_or_transition,4172,4295,123,1.2300000000000182,1226.095
Sub05_H_T22_R_C09,Sub05_H,healthy,21,22,right,9,gait_termination,4295,4417,122,1.2099999999999227,1226.095
Sub05_H_T23_L_C01,Sub05_H,healthy,21,23,left,1,gait_initiation,5780,5893,113,1.1299999999999955,-2558.7797499999997
Sub05_H_T23_L_C02,Sub05_H,healthy,21,23,left,2,unassigned_steady_or_transition,5893,6009,116,1.1499999999999773,-2558.7797499999997
Sub05_H_T23_L_C03,Sub05_H,healthy,21,23,left,3,unassigned_steady_or_transition,6009,6127,118,1.169999999999959,-2558.7797499999997
Sub05_H_T23_L_C04,Sub05_H,healthy,21,23,left,4,unassigned_steady_or_transition,6127,6249,122,1.2100000000000364,-2558.7797499999997
Sub05_H_T23_L_C05,Sub05_H,healthy,21,23,left,5,unassigned_steady_or_transition,6249,6365,116,1.1599999999999682,-2558.7797499999997
Sub05_H_T23_L_C06,Sub05_H,healthy,21,23,left,6,unassigned_steady_or_transition,6365,6477,112,1.1200000000000045,-2558.7797499999997
Sub05_H_T23_L_C07,Sub05_H,healthy,21,23,left,7,unassigned_steady_or_transition,6477,6605,128,1.2699999999999818,-2558.7797499999997
Sub05_H_T23_L_C08,Sub05_H,healthy,21,23,left,8,unassigned_steady_or_transition,6605,6729,124,1.2300000000000182,-2558.7797499999997
Sub05_H_T23_L_C09,Sub05_H,healthy,21,23,left,9,unassigned_steady_or_transition,6729,6855,126,1.259999999999991,-2558.7797499999997
Sub05_H_T23_L_C10,Sub05_H,healthy,21,23,left,10,gait_termination,6855,6981,126,1.2600000000001046,-2558.7797499999997
Sub05_H_T23_R_C01,Sub05_H,healthy,21,23,right,1,gait_initiation,5774,5887,113,1.1299999999999955,1203.15
Sub05_H_T23_R_C02,Sub05_H,healthy,21,23,right,2,unassigned_steady_or_transition,5887,6003,116,1.1499999999999773,1203.15
Sub05_H_T23_R_C03,Sub05_H,healthy,21,23,right,3,unassigned_steady_or_transition,6003,6120,117,1.169999999999959,1203.15
Sub05_H_T23_R_C04,Sub05_H,healthy,21,23,right,4,unassigned_steady_or_transition,6120,6243,123,1.2200000000000273,1203.15
Sub05_H_T23_R_C05,Sub05_H,healthy,21,23,right,5,unassigned_steady_or_transition,6243,6358,115,1.1399999999999864,1203.15
Sub05_H_T23_R_C06,Sub05_H,healthy,21,23,right,6,unassigned_steady_or_transition,6358,6467,109,1.0799999999999272,1203.15
Sub05_H_T23_R_C07,Sub05_H,healthy,21,23,right,7,unassigned_steady_or_transition,6467,6590,123,1.2300000000000182,1203.15
Sub05_H_T23_R_C08,Sub05_H,healthy,21,23,right,8,unassigned_steady_or_transition,6590,6718,128,1.2699999999999818,1203.15
Sub05_H_T23_R_C09,Sub05_H,healthy,21,23,right,9,gait_termination,6718,6841,123,1.2300000000000182,1203.15
Sub05_H_T24_L_C01,Sub05_H,healthy,21,24,left,1,gait_initiation,9257,9377,120,1.1899999999999409,-2621.18925
Sub05_H_T24_L_C02,Sub05_H,healthy,21,24,left,2,unassigned_steady_or_transition,9377,9499,122,1.2199999999999136,-2621.18925
Sub05_H_T24_L_C03,Sub05_H,healthy,21,24,left,3,unassigned_steady_or_transition,9499,9617,118,1.1700000000000728,-2621.18925
Sub05_H_T24_L_C04,Sub05_H,healthy,21,24,left,4,unassigned_steady_or_transition,9617,9741,124,1.2300000000000182,-2621.18925
Sub05_H_T24_L_C05,Sub05_H,healthy,21,24,left,5,unassigned_steady_or_transition,9741,9863,122,1.2199999999999136,-2621.18925
Sub05_H_T24_L_C06,Sub05_H,healthy,21,24,left,6,unassigned_steady_or_transition,9863,9988,125,1.2399999999998954,-2621.18925
Sub05_H_T24_L_C07,Sub05_H,healthy,21,24,left,7,unassigned_steady_or_transition,9988,10107,119,1.1899999999999409,-2621.18925
Sub05_H_T24_L_C08,Sub05_H,healthy,21,24,left,8,unassigned_steady_or_transition,10107,10226,119,1.1800000000000637,-2621.18925
Sub05_H_T24_L_C09,Sub05_H,healthy,21,24,left,9,unassigned_steady_or_transition,10226,10342,116,1.1599999999999682,-2621.18925
Sub05_H_T24_L_C10,Sub05_H,healthy,21,24,left,10,gait_termination,10342,10462,120,1.1900000000000546,-2621.18925
Sub05_H_T24_R_C01,Sub05_H,healthy,21,24,right,1,gait_initiation,9365,9483,118,1.17999999999995,1206.88
Sub05_H_T24_R_C02,Sub05_H,healthy,21,24,right,2,unassigned_steady_or_transition,9483,9605,122,1.2100000000000364,1206.88
Sub05_H_T24_R_C03,Sub05_H,healthy,21,24,right,3,unassigned_steady_or_transition,9605,9726,121,1.1999999999999318,1206.88
Sub05_H_T24_R_C04,Sub05_H,healthy,21,24,right,4,unassigned_steady_or_transition,9726,9850,124,1.2399999999998954,1206.88
Sub05_H_T24_R_C05,Sub05_H,healthy,21,24,right,5,unassigned_steady_or_transition,9850,9980,130,1.2899999999999636,1206.88
Sub05_H_T24_R_C06,Sub05_H,healthy,21,24,right,6,unassigned_steady_or_transition,9980,10099,119,1.17999999999995,1206.88
Sub05_H_T24_R_C07,Sub05_H,healthy,21,24,right,7,unassigned_steady_or_transition,10099,10218,119,1.17999999999995,1206.88
Sub05_H_T24_R_C08,Sub05_H,healthy,21,24,right,8,unassigned_steady_or_transition,10218,10335,117,1.169999999999959,1206.88
Sub05_H_T24_R_C09,Sub05_H,healthy,21,24,right,9,gait_termination,10335,10454,119,1.1800000000000637,1206.88
Sub05_H_T25_L_C01,Sub05_H,healthy,21,25,left,1,gait_initiation,11585,11706,121,1.2000000000000455,-2547.7266
Sub05_H_T25_L_C02,Sub05_H,healthy,21,25,left,2,unassigned_steady_or_transition,11706,11834,128,1.2799999999999727,-2547.7266
Sub05_H_T25_L_C03,Sub05_H,healthy,21,25,left,3,unassigned_steady_or_transition,11834,11956,122,1.2100000000000364,-2547.7266
Sub05_H_T25_L_C04,Sub05_H,healthy,21,25,left,4,unassigned_steady_or_transition,11956,12080,124,1.2300000000000182,-2547.7266
Sub05_H_T25_L_C05,Sub05_H,healthy,21,25,left,5,unassigned_steady_or_transition,12080,12198,118,1.17999999999995,-2547.7266
Sub05_H_T25_L_C06,Sub05_H,healthy,21,25,left,6,unassigned_steady_or_transition,12198,12326,128,1.2800000000000864,-2547.7266
Sub05_H_T25_L_C07,Sub05_H,healthy,21,25,left,7,unassigned_steady_or_transition,12326,12461,135,1.3399999999999181,-2547.7266
Sub05_H_T25_L_C08,Sub05_H,healthy,21,25,left,8,unassigned_steady_or_transition,12461,12592,131,1.3000000000000682,-2547.7266
Sub05_H_T25_L_C09,Sub05_H,healthy,21,25,left,9,unassigned_steady_or_transition,12592,12715,123,1.2200000000000273,-2547.7266
Sub05_H_T25_L_C10,Sub05_H,healthy,21,25,left,10,gait_termination,12715,12838,123,1.2300000000000182,-2547.7266
Sub05_H_T25_R_C01,Sub05_H,healthy,21,25,right,1,gait_initiation,11509,11631,122,1.2300000000000182,-1283.6950000000002
Sub05_H_T25_R_C02,Sub05_H,healthy,21,25,right,2,unassigned_steady_or_transition,11631,11757,126,1.259999999999991,-1283.6950000000002
Sub05_H_T25_R_C03,Sub05_H,healthy,21,25,right,3,unassigned_steady_or_transition,11757,11886,129,1.2799999999999727,-1283.6950000000002
Sub05_H_T25_R_C04,Sub05_H,healthy,21,25,right,4,unassigned_steady_or_transition,11886,11998,112,1.1100000000000136,-1283.6950000000002
Sub05_H_T25_R_C05,Sub05_H,healthy,21,25,right,5,unassigned_steady_or_transition,11998,12126,128,1.2699999999999818,-1283.6950000000002
Sub05_H_T25_R_C06,Sub05_H,healthy,21,25,right,6,unassigned_steady_or_transition,12126,12244,118,1.17999999999995,-1283.6950000000002
Sub05_H_T25_R_C07,Sub05_H,healthy,21,25,right,7,unassigned_steady_or_transition,12244,12368,124,1.240000000000009,-1283.6950000000002
Sub05_H_T25_R_C08,Sub05_H,healthy,21,25,right,8,unassigned_steady_or_transition,12368,12504,136,1.3500000000000227,-1283.6950000000002
Sub05_H_T25_R_C09,Sub05_H,healthy,21,25,right,9,unassigned_steady_or_transition,12504,12637,133,1.330000000000041,-1283.6950000000002
Sub05_H_T25_R_C10,Sub05_H,healthy,21,25,right,10,gait_termination,12637,12758,121,1.1999999999999318,-1283.6950000000002
Sub05_H_T26_L_C01,Sub05_H,healthy,21,26,left,1,gait_initiation,14129,14237,108,1.080000000000041,-2604.9004
Sub05_H_T26_L_C02,Sub05_H,healthy,21,26,left,2,unassigned_steady_or_transition,14237,14347,110,1.1099999999999,-2604.9004
Sub05_H_T26_L_C03,Sub05_H,healthy,21,26,left,3,unassigned_steady_or_transition,14347,14460,113,1.1299999999999955,-2604.9004
Sub05_H_T26_L_C04,Sub05_H,healthy,21,26,left,4,unassigned_steady_or_transition,14460,14582,122,1.2199999999999136,-2604.9004
Sub05_H_T26_L_C05,Sub05_H,healthy,21,26,left,5,unassigned_steady_or_transition,14582,14701,119,1.1999999999999318,-2604.9004
Sub05_H_T26_L_C06,Sub05_H,healthy,21,26,left,6,unassigned_steady_or_transition,14701,14820,119,1.1900000000000546,-2604.9004
Sub05_H_T26_L_C07,Sub05_H,healthy,21,26,left,7,unassigned_steady_or_transition,14820,14933,113,1.1399999999999864,-2604.9004
Sub05_H_T26_L_C08,Sub05_H,healthy,21,26,left,8,unassigned_steady_or_transition,14933,15049,116,1.1599999999999682,-2604.9004
Sub05_H_T26_L_C09,Sub05_H,healthy,21,26,left,9,unassigned_steady_or_transition,15049,15160,111,1.1200000000000045,-2604.9004
Sub05_H_T26_L_C10,Sub05_H,healthy,21,26,left,10,gait_termination,15160,15283,123,1.2300000000000182,-2604.9004
Sub05_H_T26_R_C01,Sub05_H,healthy,21,26,right,1,gait_initiation,14225,14335,110,1.1100000000000136,1237.32
Sub05_H_T26_R_C02,Sub05_H,healthy,21,26,right,2,unassigned_steady_or_transition,14335,14449,114,1.1399999999999864,1237.32
Sub05_H_T26_R_C03,Sub05_H,healthy,21,26,right,3,unassigned_steady_or_transition,14449,14570,121,1.2099999999999227,1237.32
Sub05_H_T26_R_C04,Sub05_H,healthy,21,26,right,4,unassigned_steady_or_transition,14570,14690,120,1.1999999999999318,1237.32
Sub05_H_T26_R_C05,Sub05_H,healthy,21,26,right,5,unassigned_steady_or_transition,14690,14812,122,1.2300000000000182,1237.32
Sub05_H_T26_R_C06,Sub05_H,healthy,21,26,right,6,unassigned_steady_or_transition,14812,14925,113,1.1399999999999864,1237.32
Sub05_H_T26_R_C07,Sub05_H,healthy,21,26,right,7,unassigned_steady_or_transition,14925,15043,118,1.1800000000000637,1237.32
Sub05_H_T26_R_C08,Sub05_H,healthy,21,26,right,8,unassigned_steady_or_transition,15043,15154,111,1.1200000000000045,1237.32
Sub05_H_T26_R_C09,Sub05_H,healthy,21,26,right,9,gait_termination,15154,15277,123,1.2300000000000182,1237.32
Sub05_H_T27_L_C01,Sub05_H,healthy,21,27,left,1,gait_initiation,16603,16721,118,1.1800000000000637,2512.5278000000003
Sub05_H_T27_L_C02,Sub05_H,healthy,21,27,left,2,unassigned_steady_or_transition,16721,16833,112,1.1300000000001091,2512.5278000000003
Sub05_H_T27_L_C03,Sub05_H,healthy,21,27,left,3,unassigned_steady_or_transition,16833,16961,128,1.2799999999999727,2512.5278000000003
Sub05_H_T27_L_C04,Sub05_H,healthy,21,27,left,4,unassigned_steady_or_transition,16961,17081,120,1.2000000000000455,2512.5278000000003
Sub05_H_T27_L_C05,Sub05_H,healthy,21,27,left,5,unassigned_steady_or_transition,17081,17209,128,1.2799999999999727,2512.5278000000003
Sub05_H_T27_L_C06,Sub05_H,healthy,21,27,left,6,unassigned_steady_or_transition,17209,17313,104,1.0499999999999545,2512.5278000000003
Sub05_H_T27_L_C07,Sub05_H,healthy,21,27,left,7,unassigned_steady_or_transition,17313,17427,114,1.1400000000001,2512.5278000000003
Sub05_H_T27_L_C08,Sub05_H,healthy,21,27,left,8,unassigned_steady_or_transition,17427,17541,114,1.1499999999998636,2512.5278000000003
Sub05_H_T27_L_C09,Sub05_H,healthy,21,27,left,9,gait_termination,17541,17660,119,1.1900000000000546,2512.5278000000003
Sub05_H_T27_R_C01,Sub05_H,healthy,21,27,right,1,gait_initiation,16659,16774,115,1.1499999999998636,1186.625
Sub05_H_T27_R_C02,Sub05_H,healthy,21,27,right,2,unassigned_steady_or_transition,16774,16893,119,1.1900000000000546,1186.625
Sub05_H_T27_R_C03,Sub05_H,healthy,21,27,right,3,unassigned_steady_or_transition,16893,17016,123,1.2300000000000182,1186.625
Sub05_H_T27_R_C04,Sub05_H,healthy,21,27,right,4,unassigned_steady_or_transition,17016,17140,124,1.240000000000009,1186.625
Sub05_H_T27_R_C05,Sub05_H,healthy,21,27,right,5,unassigned_steady_or_transition,17140,17260,120,1.2100000000000364,1186.625
Sub05_H_T27_R_C06,Sub05_H,healthy,21,27,right,6,unassigned_steady_or_transition,17260,17365,105,1.0599999999999454,1186.625
Sub05_H_T27_R_C07,Sub05_H,healthy,21,27,right,7,unassigned_steady_or_transition,17365,17482,117,1.1700000000000728,1186.625
Sub05_H_T27_R_C08,Sub05_H,healthy,21,27,right,8,unassigned_steady_or_transition,17482,17597,115,1.150000000000091,1186.625
Sub05_H_T27_R_C09,Sub05_H,healthy,21,27,right,9,gait_termination,17597,17715,118,1.1799999999998363,1186.625
Sub05_H_T28_L_C01,Sub05_H,healthy,21,28,left,1,gait_initiation,18920,19029,109,1.099999999999909,-2662.334
Sub05_H_T28_L_C02,Sub05_H,healthy,21,28,left,2,unassigned_steady_or_transition,19029,19140,111,1.1200000000001182,-2662.334
Sub05_H_T28_L_C03,Sub05_H,healthy,21,28,left,3,unassigned_steady_or_transition,19140,19258,118,1.1799999999998363,-2662.334
Sub05_H_T28_L_C04,Sub05_H,healthy,21,28,left,4,unassigned_steady_or_transition,19258,19373,115,1.150000000000091,-2662.334
Sub05_H_T28_L_C05,Sub05_H,healthy,21,28,left,5,unassigned_steady_or_transition,19373,19488,115,1.1600000000000819,-2662.334
Sub05_H_T28_L_C06,Sub05_H,healthy,21,28,left,6,unassigned_steady_or_transition,19488,19609,121,1.2100000000000364,-2662.334
Sub05_H_T28_L_C07,Sub05_H,healthy,21,28,left,7,unassigned_steady_or_transition,19609,19725,116,1.1599999999998545,-2662.334
Sub05_H_T28_L_C08,Sub05_H,healthy,21,28,left,8,unassigned_steady_or_transition,19725,19845,120,1.2100000000000364,-2662.334
Sub05_H_T28_L_C09,Sub05_H,healthy,21,28,left,9,unassigned_steady_or_transition,19845,19959,114,1.150000000000091,-2662.334
Sub05_H_T28_L_C10,Sub05_H,healthy,21,28,left,10,gait_termination,19959,20084,125,1.25,-2662.334
Sub05_H_T28_R_C01,Sub05_H,healthy,21,28,right,1,gait_initiation,19014,19128,114,1.1399999999998727,1221.675
Sub05_H_T28_R_C02,Sub05_H,healthy,21,28,right,2,unassigned_steady_or_transition,19128,19242,114,1.150000000000091,1221.675
Sub05_H_T28_R_C03,Sub05_H,healthy,21,28,right,3,unassigned_steady_or_transition,19242,19359,117,1.1699999999998454,1221.675
Sub05_H_T28_R_C04,Sub05_H,healthy,21,28,right,4,unassigned_steady_or_transition,19359,19478,119,1.1900000000000546,1221.675
Sub05_H_T28_R_C05,Sub05_H,healthy,21,28,right,5,unassigned_steady_or_transition,19478,19603,125,1.259999999999991,1221.675
Sub05_H_T28_R_C06,Sub05_H,healthy,21,28,right,6,unassigned_steady_or_transition,19603,19717,114,1.1400000000001,1221.675
Sub05_H_T28_R_C07,Sub05_H,healthy,21,28,right,7,unassigned_steady_or_transition,19717,19838,121,1.2200000000000273,1221.675
Sub05_H_T28_R_C08,Sub05_H,healthy,21,28,right,8,unassigned_steady_or_transition,19838,19952,114,1.1399999999998727,1221.675
Sub05_H_T28_R_C09,Sub05_H,healthy,21,28,right,9,gait_termination,19952,20076,124,1.2399999999997817,1221.675
Sub05_H_T29_L_C01,Sub05_H,healthy,21,29,left,1,gait_initiation,21053,21253,200,2.040000000000191,-2590.8808
Sub05_H_T29_L_C02,Sub05_H,healthy,21,29,left,2,unassigned_steady_or_transition,21253,21368,115,1.1599999999998545,-2590.8808
Sub05_H_T29_L_C03,Sub05_H,healthy,21,29,left,3,unassigned_steady_or_transition,21368,21485,117,1.1700000000000728,-2590.8808
Sub05_H_T29_L_C04,Sub05_H,healthy,21,29,left,4,unassigned_steady_or_transition,21485,21603,118,1.1800000000000637,-2590.8808
Sub05_H_T29_L_C05,Sub05_H,healthy,21,29,left,5,unassigned_steady_or_transition,21603,21719,116,1.1599999999998545,-2590.8808
Sub05_H_T29_L_C06,Sub05_H,healthy,21,29,left,6,unassigned_steady_or_transition,21719,21845,126,1.2699999999999818,-2590.8808
Sub05_H_T29_L_C07,Sub05_H,healthy,21,29,left,7,unassigned_steady_or_transition,21845,21979,134,1.349999999999909,-2590.8808
Sub05_H_T29_L_C08,Sub05_H,healthy,21,29,left,8,unassigned_steady_or_transition,21979,22104,125,1.25,-2590.8808
Sub05_H_T29_L_C09,Sub05_H,healthy,21,29,left,9,unassigned_steady_or_transition,22104,22218,114,1.150000000000091,-2590.8808
Sub05_H_T29_L_C10,Sub05_H,healthy,21,29,left,10,gait_termination,22218,22335,117,1.1799999999998363,-2590.8808
Sub05_H_T29_R_C01,Sub05_H,healthy,21,29,right,1,gait_initiation,21182,21301,119,1.2100000000000364,-1287.17
Sub05_H_T29_R_C02,Sub05_H,healthy,21,29,right,2,unassigned_steady_or_transition,21301,21414,113,1.1299999999998818,-1287.17
Sub05_H_T29_R_C03,Sub05_H,healthy,21,29,right,3,unassigned_steady_or_transition,21414,21531,117,1.1800000000000637,-1287.17
Sub05_H_T29_R_C04,Sub05_H,healthy,21,29,right,4,unassigned_steady_or_transition,21531,21646,115,1.150000000000091,-1287.17
Sub05_H_T29_R_C05,Sub05_H,healthy,21,29,right,5,unassigned_steady_or_transition,21646,21752,106,1.0499999999999545,-1287.17
Sub05_H_T29_R_C06,Sub05_H,healthy,21,29,right,6,unassigned_steady_or_transition,21752,21889,137,1.3799999999998818,-1287.17
Sub05_H_T29_R_C07,Sub05_H,healthy,21,29,right,7,unassigned_steady_or_transition,21889,22029,140,1.4100000000000819,-1287.17
Sub05_H_T29_R_C08,Sub05_H,healthy,21,29,right,8,unassigned_steady_or_transition,22029,22140,111,1.1100000000001273,-1287.17
Sub05_H_T29_R_C09,Sub05_H,healthy,21,29,right,9,unassigned_steady_or_transition,22140,22251,111,1.1099999999999,-1287.17
Sub05_H_T29_R_C10,Sub05_H,healthy,21,29,right,10,gait_termination,22251,22373,122,1.2300000000000182,-1287.17
Sub05_H_T30_L_C01,Sub05_H,healthy,21,30,left,1,gait_initiation,23558,23678,120,1.2100000000000364,-2651.3032
Sub05_H_T30_L_C02,Sub05_H,healthy,21,30,left,2,unassigned_steady_or_transition,23678,23797,119,1.2000000000000455,-2651.3032
Sub05_H_T30_L_C03,Sub05_H,healthy,21,30,left,3,unassigned_steady_or_transition,23797,23916,119,1.1900000000000546,-2651.3032
Sub05_H_T30_L_C04,Sub05_H,healthy,21,30,left,4,unassigned_steady_or_transition,23916,24033,117,1.1700000000000728,-2651.3032
Sub05_H_T30_L_C05,Sub05_H,healthy,21,30,left,5,unassigned_steady_or_transition,24033,24150,117,1.1699999999998454,-2651.3032
Sub05_H_T30_L_C06,Sub05_H,healthy,21,30,left,6,unassigned_steady_or_transition,24150,24274,124,1.25,-2651.3032
Sub05_H_T30_L_C07,Sub05_H,healthy,21,30,left,7,unassigned_steady_or_transition,24274,24394,120,1.2000000000000455,-2651.3032
Sub05_H_T30_L_C08,Sub05_H,healthy,21,30,left,8,unassigned_steady_or_transition,24394,24512,118,1.1900000000000546,-2651.3032
Sub05_H_T30_L_C09,Sub05_H,healthy,21,30,left,9,unassigned_steady_or_transition,24512,24629,117,1.1700000000000728,-2651.3032
Sub05_H_T30_L_C10,Sub05_H,healthy,21,30,left,10,gait_termination,24629,24748,119,1.2000000000000455,-2651.3032
Sub05_H_T30_R_C01,Sub05_H,healthy,21,30,right,1,gait_initiation,23664,23786,122,1.2200000000000273,1203.75
Sub05_H_T30_R_C02,Sub05_H,healthy,21,30,right,2,unassigned_steady_or_transition,23786,23902,116,1.1699999999998454,1203.75
Sub05_H_T30_R_C03,Sub05_H,healthy,21,30,right,3,unassigned_steady_or_transition,23902,24020,118,1.1800000000000637,1203.75
Sub05_H_T30_R_C04,Sub05_H,healthy,21,30,right,4,unassigned_steady_or_transition,24020,24139,119,1.2000000000000455,1203.75
Sub05_H_T30_R_C05,Sub05_H,healthy,21,30,right,5,unassigned_steady_or_transition,24139,24268,129,1.2899999999999636,1203.75
Sub05_H_T30_R_C06,Sub05_H,healthy,21,30,right,6,unassigned_steady_or_transition,24268,24386,118,1.1800000000000637,1203.75
Sub05_H_T30_R_C07,Sub05_H,healthy,21,30,right,7,unassigned_steady_or_transition,24386,24505,119,1.2000000000000455,1203.75
Sub05_H_T30_R_C08,Sub05_H,healthy,21,30,right,8,unassigned_steady_or_transition,24505,24624,119,1.1899999999998272,1203.75
Sub05_H_T30_R_C09,Sub05_H,healthy,21,30,right,9,gait_termination,24624,24744,120,1.199999999999818,1203.75
Sub05_H_T31_L_C01,Sub05_H,healthy,21,31,left,1,gait_initiation,26058,26167,109,1.099999999999909,-2626.3268500000004
Sub05_H_T31_L_C02,Sub05_H,healthy,21,31,left,2,unassigned_steady_or_transition,26167,26282,115,1.150000000000091,-2626.3268500000004
Sub05_H_T31_L_C03,Sub05_H,healthy,21,31,left,3,unassigned_steady_or_transition,26282,26395,113,1.1299999999998818,-2626.3268500000004
Sub05_H_T31_L_C04,Sub05_H,healthy,21,31,left,4,unassigned_steady_or_transition,26395,26514,119,1.2000000000000455,-2626.3268500000004
Sub05_H_T31_L_C05,Sub05_H,healthy,21,31,left,5,unassigned_steady_or_transition,26514,26635,121,1.2100000000000364,-2626.3268500000004
Sub05_H_T31_L_C06,Sub05_H,healthy,21,31,left,6,unassigned_steady_or_transition,26635,26755,120,1.2100000000000364,-2626.3268500000004
Sub05_H_T31_L_C07,Sub05_H,healthy,21,31,left,7,unassigned_steady_or_transition,26755,26883,128,1.2799999999999727,-2626.3268500000004
Sub05_H_T31_L_C08,Sub05_H,healthy,21,31,left,8,unassigned_steady_or_transition,26883,27001,118,1.1900000000000546,-2626.3268500000004
Sub05_H_T31_L_C09,Sub05_H,healthy,21,31,left,9,unassigned_steady_or_transition,27001,27125,124,1.240000000000009,-2626.3268500000004
Sub05_H_T31_L_C10,Sub05_H,healthy,21,31,left,10,gait_termination,27125,27241,116,1.1700000000000728,-2626.3268500000004
Sub05_H_T31_R_C01,Sub05_H,healthy,21,31,right,1,gait_initiation,25988,26104,116,1.1699999999998454,-1290.75
Sub05_H_T31_R_C02,Sub05_H,healthy,21,31,right,2,unassigned_steady_or_transition,26104,26215,111,1.1100000000001273,-1290.75
Sub05_H_T31_R_C03,Sub05_H,healthy,21,31,right,3,unassigned_steady_or_transition,26215,26329,114,1.1399999999998727,-1290.75
Sub05_H_T31_R_C04,Sub05_H,healthy,21,31,right,4,unassigned_steady_or_transition,26329,26440,111,1.1199999999998909,-1290.75
Sub05_H_T31_R_C05,Sub05_H,healthy,21,31,right,5,unassigned_steady_or_transition,26440,26563,123,1.240000000000009,-1290.75
Sub05_H_T31_R_C06,Sub05_H,healthy,21,31,right,6,unassigned_steady_or_transition,26563,26676,113,1.1300000000001091,-1290.75
Sub05_H_T31_R_C07,Sub05_H,healthy,21,31,right,7,unassigned_steady_or_transition,26676,26806,130,1.3099999999999454,-1290.75
Sub05_H_T31_R_C08,Sub05_H,healthy,21,31,right,8,unassigned_steady_or_transition,26806,26925,119,1.2000000000000455,-1290.75
Sub05_H_T31_R_C09,Sub05_H,healthy,21,31,right,9,unassigned_steady_or_transition,26925,27035,110,1.099999999999909,-1290.75
Sub05_H_T31_R_C10,Sub05_H,healthy,21,31,right,10,gait_termination,27035,27160,125,1.259999999999991,-1290.75
Sub05_H_T32_L_C01,Sub05_H,healthy,21,32,left,1,gait_initiation,28257,28379,122,1.2300000000000182,-2557.3630000000003
Sub05_H_T32_L_C02,Sub05_H,healthy,21,32,left,2,unassigned_steady_or_transition,28379,28492,113,1.1399999999998727,-2557.3630000000003
Sub05_H_T32_L_C03,Sub05_H,healthy,21,32,left,3,unassigned_steady_or_transition,28492,28604,112,1.1200000000001182,-2557.3630000000003
Sub05_H_T32_L_C04,Sub05_H,healthy,21,32,left,4,unassigned_steady_or_transition,28604,28719,115,1.1499999999998636,-2557.3630000000003
Sub05_H_T32_L_C05,Sub05_H,healthy,21,32,left,5,unassigned_steady_or_transition,28719,28843,124,1.25,-2557.3630000000003
Sub05_H_T32_L_C06,Sub05_H,healthy,21,32,left,6,unassigned_steady_or_transition,28843,28971,128,1.2899999999999636,-2557.3630000000003
Sub05_H_T32_L_C07,Sub05_H,healthy,21,32,left,7,unassigned_steady_or_transition,28971,29113,142,1.4299999999998363,-2557.3630000000003
Sub05_H_T32_L_C08,Sub05_H,healthy,21,32,left,8,unassigned_steady_or_transition,29113,29258,145,1.459999999999809,-2557.3630000000003
Sub05_H_T32_L_C09,Sub05_H,healthy,21,32,left,9,unassigned_steady_or_transition,29258,29387,129,1.300000000000182,-2557.3630000000003
Sub05_H_T32_L_C10,Sub05_H,healthy,21,32,left,10,gait_termination,29387,29518,131,1.3099999999999454,-2557.3630000000003
Sub05_H_T32_R_C01,Sub05_H,healthy,21,32,right,1,gait_initiation,28201,28303,102,1.040000000000191,-1305.0
Sub05_H_T32_R_C02,Sub05_H,healthy,21,32,right,2,unassigned_steady_or_transition,28303,28423,120,1.199999999999818,-1305.0
Sub05_H_T32_R_C03,Sub05_H,healthy,21,32,right,3,unassigned_steady_or_transition,28423,28528,105,1.0599999999999454,-1305.0
Sub05_H_T32_R_C04,Sub05_H,healthy,21,32,right,4,unassigned_steady_or_transition,28528,28640,112,1.1199999999998909,-1305.0
Sub05_H_T32_R_C05,Sub05_H,healthy,21,32,right,5,unassigned_steady_or_transition,28640,28764,124,1.25,-1305.0
Sub05_H_T32_R_C06,Sub05_H,healthy,21,32,right,6,unassigned_steady_or_transition,28764,28890,126,1.259999999999991,-1305.0
Sub05_H_T32_R_C07,Sub05_H,healthy,21,32,right,7,unassigned_steady_or_transition,28890,29034,144,1.4600000000000364,-1305.0
Sub05_H_T32_R_C08,Sub05_H,healthy,21,32,right,8,unassigned_steady_or_transition,29034,29169,135,1.3600000000001273,-1305.0
Sub05_H_T32_R_C09,Sub05_H,healthy,21,32,right,9,unassigned_steady_or_transition,29169,29311,142,1.4300000000000637,-1305.0
Sub05_H_T32_R_C10,Sub05_H,healthy,21,32,right,10,gait_termination,29311,29439,128,1.2799999999999727,-1305.0
Sub05_H_T33_L_C01,Sub05_H,healthy,21,33,left,1,gait_initiation,30915,31072,157,1.5799999999999272,2573.0911
Sub05_H_T33_L_C02,Sub05_H,healthy,21,33,left,2,unassigned_steady_or_transition,31072,31187,115,1.1499999999998636,2573.0911
Sub05_H_T33_L_C03,Sub05_H,healthy,21,33,left,3,unassigned_steady_or_transition,31187,31306,119,1.199999999999818,2573.0911
Sub05_H_T33_L_C04,Sub05_H,healthy,21,33,left,4,unassigned_steady_or_transition,31306,31426,120,1.2000000000000455,2573.0911
Sub05_H_T33_L_C05,Sub05_H,healthy,21,33,left,5,unassigned_steady_or_transition,31426,31552,126,1.259999999999991,2573.0911
Sub05_H_T33_L_C06,Sub05_H,healthy,21,33,left,6,unassigned_steady_or_transition,31552,31669,117,1.1700000000000728,2573.0911
Sub05_H_T33_L_C07,Sub05_H,healthy,21,33,left,7,unassigned_steady_or_transition,31669,31805,136,1.3699999999998909,2573.0911
Sub05_H_T33_L_C08,Sub05_H,healthy,21,33,left,8,unassigned_steady_or_transition,31805,31922,117,1.1799999999998363,2573.0911
Sub05_H_T33_L_C09,Sub05_H,healthy,21,33,left,9,unassigned_steady_or_transition,31922,32037,115,1.150000000000091,2573.0911
Sub05_H_T33_L_C10,Sub05_H,healthy,21,33,left,10,gait_termination,32037,32150,113,1.1399999999998727,2573.0911
Sub05_H_T33_R_C01,Sub05_H,healthy,21,33,right,1,gait_initiation,31058,31176,118,1.1800000000000637,-1324.2
Sub05_H_T33_R_C02,Sub05_H,healthy,21,33,right,2,unassigned_steady_or_transition,31176,31292,116,1.1600000000000819,-1324.2
Sub05_H_T33_R_C03,Sub05_H,healthy,21,33,right,3,unassigned_steady_or_transition,31292,31401,109,1.0899999999999181,-1324.2
Sub05_H_T33_R_C04,Sub05_H,healthy,21,33,right,4,unassigned_steady_or_transition,31401,31537,136,1.3700000000001182,-1324.2
Sub05_H_T33_R_C05,Sub05_H,healthy,21,33,right,5,unassigned_steady_or_transition,31537,31657,120,1.199999999999818,-1324.2
Sub05_H_T33_R_C06,Sub05_H,healthy,21,33,right,6,unassigned_steady_or_transition,31657,31794,137,1.3799999999998818,-1324.2
Sub05_H_T33_R_C07,Sub05_H,healthy,21,33,right,7,unassigned_steady_or_transition,31794,31921,127,1.2799999999999727,-1324.2
Sub05_H_T33_R_C08,Sub05_H,healthy,21,33,right,8,unassigned_steady_or_transition,31921,32031,110,1.1000000000001364,-1324.2
Sub05_H_T33_R_C09,Sub05_H,healthy,21,33,right,9,unassigned_steady_or_transition,32031,32145,114,1.1499999999998636,-1324.2
Sub05_H_T33_R_C10,Sub05_H,healthy,21,33,right,10,gait_termination,32145,32259,114,1.150000000000091,-1324.2
Sub05_H_T34_L_C01,Sub05_H,healthy,21,34,left,1,gait_initiation,33279,33398,119,1.1900000000000546,-2658.0625
Sub05_H_T34_L_C02,Sub05_H,healthy,21,34,left,2,unassigned_steady_or_transition,33398,33511,113,1.1400000000001,-2658.0625
Sub05_H_T34_L_C03,Sub05_H,healthy,21,34,left,3,unassigned_steady_or_transition,33511,33635,124,1.240000000000009,-2658.0625
Sub05_H_T34_L_C04,Sub05_H,healthy,21,34,left,4,unassigned_steady_or_transition,33635,33757,122,1.2199999999998,-2658.0625
Sub05_H_T34_L_C05,Sub05_H,healthy,21,34,left,5,unassigned_steady_or_transition,33757,33877,120,1.199999999999818,-2658.0625
Sub05_H_T34_L_C06,Sub05_H,healthy,21,34,left,6,unassigned_steady_or_transition,33877,33993,116,1.1700000000000728,-2658.0625
Sub05_H_T34_L_C07,Sub05_H,healthy,21,34,left,7,unassigned_steady_or_transition,33993,34105,112,1.1200000000001182,-2658.0625
Sub05_H_T34_L_C08,Sub05_H,healthy,21,34,left,8,unassigned_steady_or_transition,34105,34225,120,1.1899999999998272,-2658.0625
Sub05_H_T34_L_C09,Sub05_H,healthy,21,34,left,9,unassigned_steady_or_transition,34225,34341,116,1.1700000000000728,-2658.0625
Sub05_H_T34_L_C10,Sub05_H,healthy,21,34,left,10,gait_termination,34341,34465,124,1.240000000000009,-2658.0625
Sub05_H_T34_R_C01,Sub05_H,healthy,21,34,right,1,gait_initiation,33384,33498,114,1.1400000000001,1187.0
Sub05_H_T34_R_C02,Sub05_H,healthy,21,34,right,2,unassigned_steady_or_transition,33498,33619,121,1.2100000000000364,1187.0
Sub05_H_T34_R_C03,Sub05_H,healthy,21,34,right,3,unassigned_steady_or_transition,33619,33739,120,1.2000000000000455,1187.0
Sub05_H_T34_R_C04,Sub05_H,healthy,21,34,right,4,unassigned_steady_or_transition,33739,33862,123,1.2300000000000182,1187.0
Sub05_H_T34_R_C05,Sub05_H,healthy,21,34,right,5,unassigned_steady_or_transition,33862,33985,123,1.240000000000009,1187.0
Sub05_H_T34_R_C06,Sub05_H,healthy,21,34,right,6,unassigned_steady_or_transition,33985,34098,113,1.1299999999998818,1187.0
Sub05_H_T34_R_C07,Sub05_H,healthy,21,34,right,7,unassigned_steady_or_transition,34098,34217,119,1.1900000000000546,1187.0
Sub05_H_T34_R_C08,Sub05_H,healthy,21,34,right,8,unassigned_steady_or_transition,34217,34334,117,1.1800000000000637,1187.0
Sub05_H_T34_R_C09,Sub05_H,healthy,21,34,right,9,gait_termination,34334,34458,124,1.240000000000009,1187.0
Sub05_H_T35_L_C01,Sub05_H,healthy,21,35,left,1,gait_initiation,35666,35778,112,1.1299999999998818,2606.6736
Sub05_H_T35_L_C02,Sub05_H,healthy,21,35,left,2,unassigned_steady_or_transition,35778,35889,111,1.1100000000001273,2606.6736
Sub05_H_T35_L_C03,Sub05_H,healthy,21,35,left,3,unassigned_steady_or_transition,35889,36002,113,1.1399999999998727,2606.6736
Sub05_H_T35_L_C04,Sub05_H,healthy,21,35,left,4,unassigned_steady_or_transition,36002,36117,115,1.1499999999998636,2606.6736
Sub05_H_T35_L_C05,Sub05_H,healthy,21,35,left,5,unassigned_steady_or_transition,36117,36235,118,1.1800000000000637,2606.6736
Sub05_H_T35_L_C06,Sub05_H,healthy,21,35,left,6,unassigned_steady_or_transition,36235,36351,116,1.1700000000000728,2606.6736
Sub05_H_T35_L_C07,Sub05_H,healthy,21,35,left,7,unassigned_steady_or_transition,36351,36480,129,1.2899999999999636,2606.6736
Sub05_H_T35_L_C08,Sub05_H,healthy,21,35,left,8,unassigned_steady_or_transition,36480,36604,124,1.240000000000009,2606.6736
Sub05_H_T35_L_C09,Sub05_H,healthy,21,35,left,9,gait_termination,36604,36715,111,1.1199999999998909,2606.6736
Sub05_H_T35_R_C01,Sub05_H,healthy,21,35,right,1,gait_initiation,35650,35772,122,1.2300000000000182,-1297.605
Sub05_H_T35_R_C02,Sub05_H,healthy,21,35,right,2,unassigned_steady_or_transition,35772,35880,108,1.0800000000001546,-1297.605
Sub05_H_T35_R_C03,Sub05_H,healthy,21,35,right,3,unassigned_steady_or_transition,35880,35993,113,1.1399999999998727,-1297.605
Sub05_H_T35_R_C04,Sub05_H,healthy,21,35,right,4,unassigned_steady_or_transition,35993,36107,114,1.1400000000001,-1297.605
Sub05_H_T35_R_C05,Sub05_H,healthy,21,35,right,5,unassigned_steady_or_transition,36107,36229,122,1.2200000000000273,-1297.605
Sub05_H_T35_R_C06,Sub05_H,healthy,21,35,right,6,unassigned_steady_or_transition,36229,36338,109,1.0899999999999181,-1297.605
Sub05_H_T35_R_C07,Sub05_H,healthy,21,35,right,7,unassigned_steady_or_transition,36338,36466,128,1.2899999999999636,-1297.605
Sub05_H_T35_R_C08,Sub05_H,healthy,21,35,right,8,unassigned_steady_or_transition,36466,36596,130,1.2999999999999545,-1297.605
Sub05_H_T35_R_C09,Sub05_H,healthy,21,35,right,9,unassigned_steady_or_transition,36596,36716,120,1.209999999999809,-1297.605
Sub05_H_T35_R_C10,Sub05_H,healthy,21,35,right,10,gait_termination,36716,36818,102,1.0199999999999818,-1297.605
Sub05_H_T36_L_C01,Sub05_H,healthy,21,36,left,1,gait_initiation,37949,38062,113,1.1299999999998818,2610.025
Sub05_H_T36_L_C02,Sub05_H,healthy,21,36,left,2,unassigned_steady_or_transition,38062,38173,111,1.1200000000001182,2610.025
Sub05_H_T36_L_C03,Sub05_H,healthy,21,36,left,3,unassigned_steady_or_transition,38173,38288,115,1.1499999999998636,2610.025
Sub05_H_T36_L_C04,Sub05_H,healthy,21,36,left,4,unassigned_steady_or_transition,38288,38403,115,1.1600000000000819,2610.025
Sub05_H_T36_L_C05,Sub05_H,healthy,21,36,left,5,unassigned_steady_or_transition,38403,38533,130,1.2999999999999545,2610.025
Sub05_H_T36_L_C06,Sub05_H,healthy,21,36,left,6,unassigned_steady_or_transition,38533,38644,111,1.1200000000001182,2610.025
Sub05_H_T36_L_C07,Sub05_H,healthy,21,36,left,7,unassigned_steady_or_transition,38644,38765,121,1.2100000000000364,2610.025
Sub05_H_T36_L_C08,Sub05_H,healthy,21,36,left,8,unassigned_steady_or_transition,38765,38892,127,1.2699999999999818,2610.025
Sub05_H_T36_L_C09,Sub05_H,healthy,21,36,left,9,gait_termination,38892,39008,116,1.1699999999998454,2610.025
Sub05_H_T36_R_C01,Sub05_H,healthy,21,36,right,1,gait_initiation,37999,38113,114,1.1499999999998636,1172.785
Sub05_H_T36_R_C02,Sub05_H,healthy,21,36,right,2,unassigned_steady_or_transition,38113,38226,113,1.1400000000001,1172.785
Sub05_H_T36_R_C03,Sub05_H,healthy,21,36,right,3,unassigned_steady_or_transition,38226,38341,115,1.1499999999998636,1172.785
Sub05_H_T36_R_C04,Sub05_H,healthy,21,36,right,4,unassigned_steady_or_transition,38341,38459,118,1.1800000000000637,1172.785
Sub05_H_T36_R_C05,Sub05_H,healthy,21,36,right,5,unassigned_steady_or_transition,38459,38583,124,1.25,1172.785
Sub05_H_T36_R_C06,Sub05_H,healthy,21,36,right,6,unassigned_steady_or_transition,38583,38704,121,1.2100000000000364,1172.785
Sub05_H_T36_R_C07,Sub05_H,healthy,21,36,right,7,unassigned_steady_or_transition,38704,38823,119,1.1900000000000546,1172.785
Sub05_H_T36_R_C08,Sub05_H,healthy,21,36,right,8,unassigned_steady_or_transition,38823,38941,118,1.1900000000000546,1172.785
Sub05_H_T36_R_C09,Sub05_H,healthy,21,36,right,9,gait_termination,38941,39063,122,1.2200000000000273,1172.785
Sub05_H_T37_R_C01,Sub05_H,healthy,21,37,right,1,gait_initiation,40323,40435,112,1.1199999999998909,1162.925
Sub05_H_T37_R_C02,Sub05_H,healthy,21,37,right,2,unassigned_steady_or_transition,40435,40547,112,1.1300000000001091,1162.925
Sub05_H_T37_R_C03,Sub05_H,healthy,21,37,right,3,unassigned_steady_or_transition,40547,40661,114,1.1400000000001,1162.925
Sub05_H_T37_R_C04,Sub05_H,healthy,21,37,right,4,unassigned_steady_or_transition,40661,40777,116,1.1599999999998545,1162.925
Sub05_H_T37_R_C05,Sub05_H,healthy,21,37,right,5,unassigned_steady_or_transition,40777,40899,122,1.2200000000000273,1162.925
Sub05_H_T37_R_C06,Sub05_H,healthy,21,37,right,6,unassigned_steady_or_transition,40899,41023,124,1.25,1162.925
Sub05_H_T37_R_C07,Sub05_H,healthy,21,37,right,7,unassigned_steady_or_transition,41023,41147,124,1.25,1162.925
Sub05_H_T37_R_C08,Sub05_H,healthy,21,37,right,8,unassigned_steady_or_transition,41147,41264,117,1.1700000000000728,1162.925
Sub05_H_T37_R_C09,Sub05_H,healthy,21,37,right,9,gait_termination,41264,41384,120,1.2100000000000364,1162.925
Sub05_H_T38_R_C01,Sub05_H,healthy,21,38,right,1,gait_initiation,42724,42838,114,1.150000000000091,1174.2900000000002
Sub05_H_T38_R_C02,Sub05_H,healthy,21,38,right,2,unassigned_steady_or_transition,42838,42956,118,1.1800000000000637,1174.2900000000002
Sub05_H_T38_R_C03,Sub05_H,healthy,21,38,right,3,unassigned_steady_or_transition,42956,43076,120,1.2000000000000455,1174.2900000000002
Sub05_H_T38_R_C04,Sub05_H,healthy,21,38,right,4,unassigned_steady_or_transition,43076,43195,119,1.199999999999818,1174.2900000000002
Sub05_H_T38_R_C05,Sub05_H,healthy,21,38,right,5,unassigned_steady_or_transition,43195,43313,118,1.1800000000000637,1174.2900000000002
Sub05_H_T38_R_C06,Sub05_H,healthy,21,38,right,6,unassigned_steady_or_transition,43313,43438,125,1.259999999999991,1174.2900000000002
Sub05_H_T38_R_C07,Sub05_H,healthy,21,38,right,7,unassigned_steady_or_transition,43438,43563,125,1.240000000000009,1174.2900000000002
Sub05_H_T38_R_C08,Sub05_H,healthy,21,38,right,8,unassigned_steady_or_transition,43563,43678,115,1.1600000000000819,1174.2900000000002
Sub05_H_T38_R_C09,Sub05_H,healthy,21,38,right,9,gait_termination,43678,43804,126,1.2699999999999818,1174.2900000000002
Sub05_H_T39_L_C01,Sub05_H,healthy,21,39,left,1,gait_initiation,44687,44815,128,1.3099999999999454,-2681.4184999999998
Sub05_H_T39_R_C01,Sub05_H,healthy,21,39,right,1,gait_initiation,44990,45103,113,1.1300000000001091,1262.915
Sub05_H_T39_R_C02,Sub05_H,healthy,21,39,right,2,unassigned_steady_or_transition,45103,45215,112,1.1199999999998909,1262.915
Sub05_H_T39_R_C03,Sub05_H,healthy,21,39,right,3,unassigned_steady_or_transition,45215,45333,118,1.1900000000000546,1262.915
Sub05_H_T39_R_C04,Sub05_H,healthy,21,39,right,4,unassigned_steady_or_transition,45333,45452,119,1.1900000000000546,1262.915
Sub05_H_T39_R_C05,Sub05_H,healthy,21,39,right,5,unassigned_steady_or_transition,45452,45574,122,1.2200000000000273,1262.915
Sub05_H_T39_R_C06,Sub05_H,healthy,21,39,right,6,unassigned_steady_or_transition,45574,45694,120,1.2100000000000364,1262.915
Sub05_H_T39_R_C07,Sub05_H,healthy,21,39,right,7,unassigned_steady_or_transition,45694,45816,122,1.2200000000000273,1262.915
Sub05_H_T39_R_C08,Sub05_H,healthy,21,39,right,8,unassigned_steady_or_transition,45816,45936,120,1.199999999999818,1262.915
Sub05_H_T39_R_C09,Sub05_H,healthy,21,39,right,9,gait_termination,45936,46054,118,1.1900000000000546,1262.915
Sub06_H_T01_L_C01,Sub06_H,healthy,1,1,left,1,gait_initiation,2060,2182,122,1.1499999999999773,857.7277000000001
Sub06_H_T01_L_C02,Sub06_H,healthy,1,1,left,2,unassigned_steady_or_transition,2182,2309,127,1.1899999999999977,857.7277000000001
Sub06_H_T01_L_C03,Sub06_H,healthy,1,1,left,3,unassigned_steady_or_transition,2309,2414,105,0.9899999999999523,857.7277000000001
Sub06_H_T01_L_C04,Sub06_H,healthy,1,1,left,4,unassigned_steady_or_transition,2414,2494,80,0.7599999999999909,857.7277000000001
Sub06_H_T01_L_C05,Sub06_H,healthy,1,1,left,5,unassigned_steady_or_transition,2494,2544,50,1.17999999999995,857.7277000000001
Sub06_H_T01_L_C06,Sub06_H,healthy,1,1,left,6,unassigned_steady_or_transition,2544,2562,18,1.25,857.7277000000001
Sub06_H_T01_L_C07,Sub06_H,healthy,1,1,left,7,unassigned_steady_or_transition,2562,2618,56,0.8799999999999955,857.7277000000001
Sub06_H_T01_L_C08,Sub06_H,healthy,1,1,left,8,unassigned_steady_or_transition,2618,2677,59,1.2899999999999636,857.7277000000001
Sub06_H_T01_L_C09,Sub06_H,healthy,1,1,left,9,gait_termination,2677,2769,92,1.580000000000041,857.7277000000001
Sub06_H_T01_R_C01,Sub06_H,healthy,1,1,right,1,gait_initiation,112,162,50,0.45999999999997954,666.77
Sub06_H_T01_R_C02,Sub06_H,healthy,1,1,right,2,unassigned_steady_or_transition,162,286,124,1.150000000000034,666.77
Sub06_H_T01_R_C03,Sub06_H,healthy,1,1,right,3,unassigned_steady_or_transition,286,395,109,1.009999999999991,666.77
Sub06_H_T01_R_C04,Sub06_H,healthy,1,1,right,4,unassigned_steady_or_transition,400,459,59,0.910000000000025,666.77
Sub06_H_T01_R_C05,Sub06_H,healthy,1,1,right,5,unassigned_steady_or_transition,459,600,141,1.3100000000000023,666.77
Sub06_H_T01_R_C06,Sub06_H,healthy,1,1,right,6,unassigned_steady_or_transition,600,732,132,1.240000000000009,666.77
Sub06_H_T01_R_C07,Sub06_H,healthy,1,1,right,7,unassigned_steady_or_transition,732,860,128,1.2200000000000273,666.77
Sub06_H_T01_R_C08,Sub06_H,healthy,1,1,right,8,gait_termination,860,983,123,1.1800000000000068,666.77
Sub06_H_T02_L_C01,Sub06_H,healthy,2,2,left,1,gait_initiation,1337,1456,119,1.1299999999999955,-879.3175
Sub06_H_T02_L_C02,Sub06_H,healthy,2,2,left,2,unassigned_steady_or_transition,1456,1588,132,1.259999999999991,-879.3175
Sub06_H_T02_L_C03,Sub06_H,healthy,2,2,left,3,unassigned_steady_or_transition,1588,1707,119,1.1299999999999955,-879.3175
Sub06_H_T02_L_C04,Sub06_H,healthy,2,2,left,4,unassigned_steady_or_transition,1707,1828,121,1.1599999999999682,-879.3175
Sub06_H_T02_L_C05,Sub06_H,healthy,2,2,left,5,unassigned_steady_or_transition,1828,1939,111,1.0499999999999545,-879.3175
Sub06_H_T02_L_C06,Sub06_H,healthy,2,2,left,6,unassigned_steady_or_transition,1939,2082,143,1.3699999999999477,-879.3175
Sub06_H_T02_L_C07,Sub06_H,healthy,2,2,left,7,unassigned_steady_or_transition,2082,2212,130,1.2299999999999613,-879.3175
Sub06_H_T02_L_C08,Sub06_H,healthy,2,2,left,8,unassigned_steady_or_transition,2212,2308,96,0.9000000000000341,-879.3175
Sub06_H_T02_L_C09,Sub06_H,healthy,2,2,left,9,unassigned_steady_or_transition,2308,2454,146,1.3600000000000136,-879.3175
Sub06_H_T02_L_C10,Sub06_H,healthy,2,2,left,10,unassigned_steady_or_transition,2454,2558,104,0.9599999999999795,-879.3175
Sub06_H_T02_L_C11,Sub06_H,healthy,2,2,left,11,gait_termination,2558,2686,128,1.1800000000000068,-879.3175
Sub06_H_T03_L_C01,Sub06_H,healthy,3,3,left,1,gait_initiation,2044,2161,117,1.099999999999909,835.3753
Sub06_H_T03_L_C02,Sub06_H,healthy,3,3,left,2,unassigned_steady_or_transition,2161,2280,119,1.1199999999998909,835.3753
Sub06_H_T03_L_C03,Sub06_H,healthy,3,3,left,3,unassigned_steady_or_transition,2280,2393,113,1.0599999999999454,835.3753
Sub06_H_T03_L_C04,Sub06_H,healthy,3,3,left,4,unassigned_steady_or_transition,2393,2512,119,1.1200000000000045,835.3753
Sub06_H_T03_L_C05,Sub06_H,healthy,3,3,left,5,unassigned_steady_or_transition,2512,2640,128,1.2000000000000455,835.3753
Sub06_H_T03_L_C06,Sub06_H,healthy,3,3,left,6,unassigned_steady_or_transition,2640,2779,139,1.3099999999999454,835.3753
Sub06_H_T03_L_C07,Sub06_H,healthy,3,3,left,7,unassigned_steady_or_transition,2779,2913,134,1.25,835.3753
Sub06_H_T03_L_C08,Sub06_H,healthy,3,3,left,8,unassigned_steady_or_transition,2913,3042,129,1.1900000000000546,835.3753
Sub06_H_T03_L_C09,Sub06_H,healthy,3,3,left,9,unassigned_steady_or_transition,3042,3128,86,1.1499999999999773,835.3753
Sub06_H_T03_L_C10,Sub06_H,healthy,3,3,left,10,gait_termination,3128,3258,130,1.2000000000000455,835.3753
Sub06_H_T03_R_C01,Sub06_H,healthy,3,3,right,1,gait_initiation,186,239,53,0.4900000000000091,639.95
Sub06_H_T03_R_C02,Sub06_H,healthy,3,3,right,2,unassigned_steady_or_transition,239,357,118,1.1099999999999568,639.95
Sub06_H_T03_R_C03,Sub06_H,healthy,3,3,right,3,unassigned_steady_or_transition,357,402,45,1.1499999999999773,639.95
Sub06_H_T03_R_C04,Sub06_H,healthy,3,3,right,4,unassigned_steady_or_transition,402,490,88,0.8300000000000409,639.95
Sub06_H_T03_R_C05,Sub06_H,healthy,3,3,right,5,unassigned_steady_or_transition,490,629,139,1.3099999999999454,639.95
Sub06_H_T03_R_C06,Sub06_H,healthy,3,3,right,6,unassigned_steady_or_transition,629,757,128,1.2100000000000364,639.95
Sub06_H_T03_R_C07,Sub06_H,healthy,3,3,right,7,unassigned_steady_or_transition,757,882,125,1.1900000000000546,639.95
Sub06_H_T03_R_C08,Sub06_H,healthy,3,3,right,8,gait_termination,882,1003,121,1.1499999999999773,639.95
Sub06_H_T04_L_C01,Sub06_H,healthy,4,4,left,1,gait_initiation,1665,1772,107,1.009999999999991,813.1061
Sub06_H_T04_L_C02,Sub06_H,healthy,4,4,left,2,unassigned_steady_or_transition,1772,1883,111,1.0500000000000682,813.1061
Sub06_H_T04_L_C03,Sub06_H,healthy,4,4,left,3,unassigned_steady_or_transition,1883,1994,111,1.0599999999999454,813.1061
Sub06_H_T04_L_C04,Sub06_H,healthy,4,4,left,4,unassigned_steady_or_transition,1994,2107,113,1.07000000000005,813.1061
Sub06_H_T04_L_C05,Sub06_H,healthy,4,4,left,5,unassigned_steady_or_transition,2107,2229,122,1.1599999999999682,813.1061
Sub06_H_T04_L_C06,Sub06_H,healthy,4,4,left,6,unassigned_steady_or_transition,2229,2356,127,1.2000000000000455,813.1061
Sub06_H_T04_L_C07,Sub06_H,healthy,4,4,left,7,unassigned_steady_or_transition,2356,2480,124,1.17999999999995,813.1061
Sub06_H_T04_L_C08,Sub06_H,healthy,4,4,left,8,unassigned_steady_or_transition,2480,2609,129,1.2300000000000182,813.1061
Sub06_H_T04_L_C09,Sub06_H,healthy,4,4,left,9,unassigned_steady_or_transition,2609,2736,127,1.2000000000000455,813.1061
Sub06_H_T04_L_C10,Sub06_H,healthy,4,4,left,10,gait_termination,2736,2868,132,1.2200000000000273,813.1061
Sub06_H_T05_R_C01,Sub06_H,healthy,5,5,right,1,gait_initiation,1419,1553,134,1.2300000000000182,661.7350000000001
Sub06_H_T05_R_C02,Sub06_H,healthy,5,5,right,2,unassigned_steady_or_transition,1553,1682,129,1.1900000000000546,661.7350000000001
Sub06_H_T05_R_C03,Sub06_H,healthy,5,5,right,3,unassigned_steady_or_transition,1682,1811,129,1.1899999999999409,661.7350000000001
Sub06_H_T05_R_C04,Sub06_H,healthy,5,5,right,4,unassigned_steady_or_transition,1811,1899,88,1.1700000000000728,661.7350000000001
Sub06_H_T05_R_C05,Sub06_H,healthy,5,5,right,5,unassigned_steady_or_transition,1899,1954,55,0.5,661.7350000000001
Sub06_H_T05_R_C06,Sub06_H,healthy,5,5,right,6,unassigned_steady_or_transition,1954,2030,76,0.6999999999999318,661.7350000000001
Sub06_H_T05_R_C07,Sub06_H,healthy,5,5,right,7,unassigned_steady_or_transition,2030,2151,121,1.1100000000000136,661.7350000000001
Sub06_H_T05_R_C08,Sub06_H,healthy,5,5,right,8,unassigned_steady_or_transition,2151,2287,136,1.25,661.7350000000001
Sub06_H_T05_R_C09,Sub06_H,healthy,5,5,right,9,unassigned_steady_or_transition,2287,2419,132,1.2299999999999045,661.7350000000001
Sub06_H_T05_R_C10,Sub06_H,healthy,5,5,right,10,unassigned_steady_or_transition,2419,2546,127,1.1999999999999318,661.7350000000001
Sub06_H_T05_R_C11,Sub06_H,healthy,5,5,right,11,gait_termination,2546,2672,126,1.2000000000000455,661.7350000000001
Sub06_H_T06_R_C01,Sub06_H,healthy,6,6,right,1,gait_initiation,176,227,51,0.8400000000000318,657.095
Sub06_H_T06_R_C02,Sub06_H,healthy,6,6,right,2,unassigned_steady_or_transition,227,261,34,1.0399999999999636,657.095
Sub06_H_T06_R_C03,Sub06_H,healthy,6,6,right,3,unassigned_steady_or_transition,261,323,62,0.9300000000000637,657.095
Sub06_H_T06_R_C04,Sub06_H,healthy,6,6,right,4,unassigned_steady_or_transition,330,368,38,1.080000000000041,657.095
Sub06_H_T06_R_C05,Sub06_H,healthy,6,6,right,5,unassigned_steady_or_transition,368,387,19,0.5499999999999545,657.095
Sub06_H_T06_R_C06,Sub06_H,healthy,6,6,right,6,unassigned_steady_or_transition,387,410,23,0.9400000000000546,657.095
Sub06_H_T06_R_C07,Sub06_H,healthy,6,6,right,7,unassigned_steady_or_transition,442,479,37,0.7000000000000455,657.095
Sub06_H_T06_R_C08,Sub06_H,healthy,6,6,right,8,unassigned_steady_or_transition,479,602,123,1.1599999999999682,657.095
Sub06_H_T06_R_C09,Sub06_H,healthy,6,6,right,9,gait_termination,602,861,259,2.4500000000000455,657.095
Sub06_H_T07_R_C01,Sub06_H,healthy,7,7,right,1,gait_initiation,113,191,78,0.7300000000000182,707.245
Sub06_H_T07_R_C02,Sub06_H,healthy,7,7,right,2,unassigned_steady_or_transition,191,317,126,1.1800000000000637,707.245
Sub06_H_T07_R_C03,Sub06_H,healthy,7,7,right,3,unassigned_steady_or_transition,317,444,127,1.2099999999999227,707.245
Sub06_H_T07_R_C04,Sub06_H,healthy,7,7,right,4,unassigned_steady_or_transition,444,575,131,1.240000000000009,707.245
Sub06_H_T07_R_C05,Sub06_H,healthy,7,7,right,5,unassigned_steady_or_transition,575,704,129,1.2200000000000273,707.245
Sub06_H_T07_R_C06,Sub06_H,healthy,7,7,right,6,unassigned_steady_or_transition,704,839,135,1.2799999999999727,707.245
Sub06_H_T07_R_C07,Sub06_H,healthy,7,7,right,7,unassigned_steady_or_transition,839,970,131,1.2399999999998954,707.245
Sub06_H_T07_R_C08,Sub06_H,healthy,7,7,right,8,unassigned_steady_or_transition,970,1096,126,1.1999999999999318,707.245
Sub06_H_T07_R_C09,Sub06_H,healthy,7,7,right,9,unassigned_steady_or_transition,1096,1219,123,1.1600000000000819,707.245
Sub06_H_T07_R_C10,Sub06_H,healthy,7,7,right,10,gait_termination,1764,1934,170,1.6200000000000045,707.245
Sub06_H_T08_L_C01,Sub06_H,healthy,8,8,left,1,gait_initiation,522,630,108,1.3900000000001,-1072.989
Sub06_H_T08_L_C02,Sub06_H,healthy,8,8,left,2,unassigned_steady_or_transition,630,713,83,1.1600000000000819,-1072.989
Sub06_H_T08_L_C03,Sub06_H,healthy,8,8,left,3,unassigned_steady_or_transition,713,841,128,1.2300000000000182,-1072.989
Sub06_H_T08_L_C04,Sub06_H,healthy,8,8,left,4,unassigned_steady_or_transition,841,973,132,1.2699999999999818,-1072.989
Sub06_H_T08_L_C05,Sub06_H,healthy,8,8,left,5,unassigned_steady_or_transition,973,1096,123,1.1699999999998454,-1072.989
Sub06_H_T08_L_C06,Sub06_H,healthy,8,8,left,6,unassigned_steady_or_transition,1096,1146,50,1.2200000000000273,-1072.989
Sub06_H_T08_L_C07,Sub06_H,healthy,8,8,left,7,unassigned_steady_or_transition,1146,1204,58,0.9100000000000819,-1072.989
Sub06_H_T08_L_C08,Sub06_H,healthy,8,8,left,8,unassigned_steady_or_transition,1204,1279,75,1.0799999999999272,-1072.989
Sub06_H_T08_L_C09,Sub06_H,healthy,8,8,left,9,unassigned_steady_or_transition,1279,1367,88,1.1900000000000546,-1072.989
Sub06_H_T08_L_C10,Sub06_H,healthy,8,8,left,10,gait_termination,1367,1488,121,1.5199999999999818,-1072.989
Sub06_H_T08_R_C01,Sub06_H,healthy,8,8,right,1,gait_initiation,192,208,16,0.5199999999999818,668.65
Sub06_H_T10_L_C01,Sub06_H,healthy,10,10,left,1,gait_initiation,1163,1271,108,1.0199999999999818,-1063.0142
Sub06_H_T10_L_C02,Sub06_H,healthy,10,10,left,2,unassigned_steady_or_transition,1271,1315,44,1.150000000000091,-1063.0142
Sub06_H_T10_L_C03,Sub06_H,healthy,10,10,left,3,unassigned_steady_or_transition,1315,1412,97,0.9100000000000819,-1063.0142
Sub06_H_T10_L_C04,Sub06_H,healthy,10,10,left,4,unassigned_steady_or_transition,1412,1533,121,1.150000000000091,-1063.0142
Sub06_H_T10_L_C05,Sub06_H,healthy,10,10,left,5,unassigned_steady_or_transition,1533,1667,134,1.2799999999999727,-1063.0142
Sub06_H_T10_L_C06,Sub06_H,healthy,10,10,left,6,unassigned_steady_or_transition,1667,1788,121,1.150000000000091,-1063.0142
Sub06_H_T10_L_C07,Sub06_H,healthy,10,10,left,7,unassigned_steady_or_transition,1788,1868,80,0.7599999999999909,-1063.0142
Sub06_H_T10_L_C08,Sub06_H,healthy,10,10,left,8,unassigned_steady_or_transition,1868,2000,132,1.259999999999991,-1063.0142
Sub06_H_T10_L_C09,Sub06_H,healthy,10,10,left,9,unassigned_steady_or_transition,2000,2119,119,1.1399999999998727,-1063.0142
Sub06_H_T10_L_C10,Sub06_H,healthy,10,10,left,10,gait_termination,2119,2253,134,1.2899999999999636,-1063.0142
Sub06_H_T10_R_C01,Sub06_H,healthy,10,10,right,1,gait_initiation,190,213,23,0.5700000000001637,747.1
Sub06_H_T10_R_C02,Sub06_H,healthy,10,10,right,2,unassigned_steady_or_transition,213,312,99,1.2899999999999636,747.1
Sub06_H_T10_R_C03,Sub06_H,healthy,10,10,right,3,gait_termination,912,974,62,0.9400000000000546,747.1
Sub06_H_T11_L_C01,Sub06_H,healthy,11,11,left,1,gait_initiation,3057,3077,20,0.8999999999998636,1083.00745
Sub06_H_T11_L_C02,Sub06_H,healthy,11,11,left,2,unassigned_steady_or_transition,3077,3197,120,1.1100000000001273,1083.00745
Sub06_H_T11_L_C03,Sub06_H,healthy,11,11,left,3,unassigned_steady_or_transition,3197,3259,62,0.9500000000000455,1083.00745
Sub06_H_T11_L_C04,Sub06_H,healthy,11,11,left,4,unassigned_steady_or_transition,3259,3295,36,1.0599999999999454,1083.00745
Sub06_H_T11_L_C05,Sub06_H,healthy,11,11,left,5,unassigned_steady_or_transition,3295,3432,137,1.2800000000002,1083.00745
Sub06_H_T11_L_C06,Sub06_H,healthy,11,11,left,6,unassigned_steady_or_transition,3432,3562,130,1.209999999999809,1083.00745
Sub06_H_T11_L_C07,Sub06_H,healthy,11,11,left,7,gait_termination,3562,3610,48,0.4399999999998272,1083.00745
Sub06_H_T11_R_C01,Sub06_H,healthy,11,11,right,1,gait_initiation,113,182,69,0.6399999999998727,725.15
Sub06_H_T11_R_C02,Sub06_H,healthy,11,11,right,2,unassigned_steady_or_transition,182,303,121,1.1300000000001091,725.15
Sub06_H_T11_R_C03,Sub06_H,healthy,11,11,right,3,unassigned_steady_or_transition,303,429,126,1.1800000000000637,725.15
Sub06_H_T11_R_C04,Sub06_H,healthy,11,11,right,4,unassigned_steady_or_transition,429,562,133,1.240000000000009,725.15
Sub06_H_T11_R_C05,Sub06_H,healthy,11,11,right,5,unassigned_steady_or_transition,562,696,134,1.259999999999991,725.15
Sub06_H_T11_R_C06,Sub06_H,healthy,11,11,right,6,unassigned_steady_or_transition,696,824,128,1.1899999999998272,725.15
Sub06_H_T11_R_C07,Sub06_H,healthy,11,11,right,7,unassigned_steady_or_transition,824,954,130,1.209999999999809,725.15
Sub06_H_T11_R_C08,Sub06_H,healthy,11,11,right,8,gait_termination,954,1076,122,1.1600000000000819,725.15
Sub06_H_T12_L_C01,Sub06_H,healthy,12,12,left,1,gait_initiation,2543,2670,127,1.2200000000000273,-1320.8577
Sub06_H_T12_L_C02,Sub06_H,healthy,12,12,left,2,unassigned_steady_or_transition,2670,2791,121,1.1499999999998636,-1320.8577
Sub06_H_T12_L_C03,Sub06_H,healthy,12,12,left,3,unassigned_steady_or_transition,2791,2916,125,1.1800000000000637,-1320.8577
Sub06_H_T12_L_C04,Sub06_H,healthy,12,12,left,4,unassigned_steady_or_transition,2916,3048,132,1.240000000000009,-1320.8577
Sub06_H_T12_L_C05,Sub06_H,healthy,12,12,left,5,unassigned_steady_or_transition,3048,3179,131,1.240000000000009,-1320.8577
Sub06_H_T12_L_C06,Sub06_H,healthy,12,12,left,6,unassigned_steady_or_transition,3179,3278,99,0.9400000000000546,-1320.8577
Sub06_H_T12_L_C07,Sub06_H,healthy,12,12,left,7,unassigned_steady_or_transition,3278,3390,112,1.0699999999999363,-1320.8577
Sub06_H_T12_L_C08,Sub06_H,healthy,12,12,left,8,unassigned_steady_or_transition,3390,3472,82,1.1499999999998636,-1320.8577
Sub06_H_T12_L_C09,Sub06_H,healthy,12,12,left,9,unassigned_steady_or_transition,3472,3588,116,1.1600000000000819,-1320.8577
Sub06_H_T12_L_C10,Sub06_H,healthy,12,12,left,10,gait_termination,3588,3667,79,1.1400000000001,-1320.8577
Sub06_H_T12_R_C01,Sub06_H,healthy,12,12,right,1,gait_initiation,542,559,17,0.5200000000002092,-937.75
Sub06_H_T12_R_C02,Sub06_H,healthy,12,12,right,2,unassigned_steady_or_transition,559,604,45,0.7899999999999636,-937.75
Sub06_H_T12_R_C03,Sub06_H,healthy,12,12,right,3,unassigned_steady_or_transition,604,739,135,1.25,-937.75
Sub06_H_T12_R_C04,Sub06_H,healthy,12,12,right,4,unassigned_steady_or_transition,739,868,129,1.2000000000000455,-937.75
Sub06_H_T12_R_C05,Sub06_H,healthy,12,12,right,5,unassigned_steady_or_transition,868,997,129,2.3099999999999454,-937.75
Sub06_H_T12_R_C06,Sub06_H,healthy,12,12,right,6,unassigned_steady_or_transition,997,1024,27,0.6099999999999,-937.75
Sub06_H_T12_R_C07,Sub06_H,healthy,12,12,right,7,unassigned_steady_or_transition,1024,1142,118,1.099999999999909,-937.75
Sub06_H_T12_R_C08,Sub06_H,healthy,12,12,right,8,unassigned_steady_or_transition,1142,1270,128,1.1900000000000546,-937.75
Sub06_H_T12_R_C09,Sub06_H,healthy,12,12,right,9,unassigned_steady_or_transition,1270,1387,117,1.1000000000001364,-937.75
Sub06_H_T12_R_C10,Sub06_H,healthy,12,12,right,10,unassigned_steady_or_transition,3232,3311,79,1.1100000000001273,-937.75
Sub06_H_T12_R_C11,Sub06_H,healthy,12,12,right,11,gait_termination,3311,3406,95,0.9099999999998545,-937.75
Sub06_H_T13_L_C01,Sub06_H,healthy,13,13,left,1,gait_initiation,2778,2899,121,1.509999999999991,1580.5658500000002
Sub06_H_T13_L_C02,Sub06_H,healthy,13,13,left,2,unassigned_steady_or_transition,2899,3030,131,1.240000000000009,1580.5658500000002
Sub06_H_T13_L_C03,Sub06_H,healthy,13,13,left,3,unassigned_steady_or_transition,3030,3165,135,1.2799999999999727,1580.5658500000002
Sub06_H_T13_L_C04,Sub06_H,healthy,13,13,left,4,unassigned_steady_or_transition,3165,3290,125,1.1800000000000637,1580.5658500000002
Sub06_H_T13_L_C05,Sub06_H,healthy,13,13,left,5,unassigned_steady_or_transition,3290,3417,127,1.2000000000000455,1580.5658500000002
Sub06_H_T13_L_C06,Sub06_H,healthy,13,13,left,6,unassigned_steady_or_transition,3417,3542,125,1.1699999999998454,1580.5658500000002
Sub06_H_T13_L_C07,Sub06_H,healthy,13,13,left,7,unassigned_steady_or_transition,3542,3676,134,1.2600000000002183,1580.5658500000002
Sub06_H_T13_L_C08,Sub06_H,healthy,13,13,left,8,unassigned_steady_or_transition,3676,3809,133,1.25,1580.5658500000002
Sub06_H_T13_L_C09,Sub06_H,healthy,13,13,left,9,unassigned_steady_or_transition,3809,3938,129,1.2199999999998,1580.5658500000002
Sub06_H_T13_L_C10,Sub06_H,healthy,13,13,left,10,gait_termination,3938,4065,127,1.1899999999998272,1580.5658500000002
Sub06_H_T13_R_C01,Sub06_H,healthy,13,13,right,1,gait_initiation,1489,1522,33,1.0399999999999636,843.025
Sub06_H_T13_R_C02,Sub06_H,healthy,13,13,right,2,unassigned_steady_or_transition,1522,1615,93,1.240000000000009,843.025
Sub06_H_T13_R_C03,Sub06_H,healthy,13,13,right,3,unassigned_steady_or_transition,1615,1752,137,1.259999999999991,843.025
Sub06_H_T13_R_C04,Sub06_H,healthy,13,13,right,4,unassigned_steady_or_transition,1752,1880,128,1.1900000000000546,843.025
Sub06_H_T13_R_C05,Sub06_H,healthy,13,13,right,5,unassigned_steady_or_transition,1880,2009,129,1.199999999999818,843.025
Sub06_H_T13_R_C06,Sub06_H,healthy,13,13,right,6,unassigned_steady_or_transition,2009,2131,122,1.1400000000001,843.025
Sub06_H_T13_R_C07,Sub06_H,healthy,13,13,right,7,unassigned_steady_or_transition,2131,2197,66,0.9800000000000182,843.025
Sub06_H_T13_R_C08,Sub06_H,healthy,13,13,right,8,unassigned_steady_or_transition,2197,2283,86,1.1899999999998272,843.025
Sub06_H_T13_R_C09,Sub06_H,healthy,13,13,right,9,unassigned_steady_or_transition,2283,2338,55,0.8700000000001182,843.025
Sub06_H_T13_R_C10,Sub06_H,healthy,13,13,right,10,gait_termination,2338,2394,56,0.8800000000001091,843.025
Sub06_H_T14_L_C01,Sub06_H,healthy,14,14,left,1,gait_initiation,1738,1860,122,1.1600000000000819,-1659.6770499999998
Sub06_H_T14_L_C02,Sub06_H,healthy,14,14,left,2,unassigned_steady_or_transition,1860,1972,112,1.0699999999999363,-1659.6770499999998
Sub06_H_T14_L_C03,Sub06_H,healthy,14,14,left,3,unassigned_steady_or_transition,1972,2091,119,1.1200000000001182,-1659.6770499999998
Sub06_H_T14_L_C04,Sub06_H,healthy,14,14,left,4,unassigned_steady_or_transition,2091,2217,126,1.2000000000000455,-1659.6770499999998
Sub06_H_T14_L_C05,Sub06_H,healthy,14,14,left,5,unassigned_steady_or_transition,2217,2346,129,1.2300000000000182,-1659.6770499999998
Sub06_H_T14_L_C06,Sub06_H,healthy,14,14,left,6,unassigned_steady_or_transition,2346,2474,128,1.2100000000000364,-1659.6770499999998
Sub06_H_T14_L_C07,Sub06_H,healthy,14,14,left,7,unassigned_steady_or_transition,2474,2595,121,1.1299999999998818,-1659.6770499999998
Sub06_H_T14_L_C08,Sub06_H,healthy,14,14,left,8,unassigned_steady_or_transition,2595,2723,128,1.2000000000000455,-1659.6770499999998
Sub06_H_T14_L_C09,Sub06_H,healthy,14,14,left,9,unassigned_steady_or_transition,2723,2854,131,1.2200000000000273,-1659.6770499999998
Sub06_H_T14_L_C10,Sub06_H,healthy,14,14,left,10,gait_termination,2854,2944,90,1.2000000000000455,-1659.6770499999998
Sub06_H_T14_R_C01,Sub06_H,healthy,14,14,right,1,gait_initiation,421,547,126,1.1600000000000819,849.6500000000001
Sub06_H_T14_R_C02,Sub06_H,healthy,14,14,right,2,unassigned_steady_or_transition,547,666,119,1.0899999999999181,849.6500000000001
Sub06_H_T14_R_C03,Sub06_H,healthy,14,14,right,3,unassigned_steady_or_transition,666,788,122,1.1200000000001182,849.6500000000001
Sub06_H_T14_R_C04,Sub06_H,healthy,14,14,right,4,unassigned_steady_or_transition,788,879,91,1.2000000000000455,849.6500000000001
Sub06_H_T14_R_C05,Sub06_H,healthy,14,14,right,5,unassigned_steady_or_transition,879,918,39,1.0799999999999272,849.6500000000001
Sub06_H_T14_R_C06,Sub06_H,healthy,14,14,right,6,unassigned_steady_or_transition,918,947,29,1.0,849.6500000000001
Sub06_H_T14_R_C07,Sub06_H,healthy,14,14,right,7,unassigned_steady_or_transition,947,968,21,0.9299999999998363,849.6500000000001
Sub06_H_T14_R_C08,Sub06_H,healthy,14,14,right,8,unassigned_steady_or_transition,972,983,11,0.4600000000000364,849.6500000000001
Sub06_H_T14_R_C09,Sub06_H,healthy,14,14,right,9,gait_termination,1171,1336,165,1.9300000000000637,849.6500000000001
Sub06_H_T15_R_C01,Sub06_H,healthy,15,15,right,1,gait_initiation,683,820,137,1.2799999999999727,784.6
Sub06_H_T15_R_C02,Sub06_H,healthy,15,15,right,2,unassigned_steady_or_transition,820,952,132,1.240000000000009,784.6
Sub06_H_T15_R_C03,Sub06_H,healthy,15,15,right,3,unassigned_steady_or_transition,952,1080,128,1.1900000000000546,784.6
Sub06_H_T15_R_C04,Sub06_H,healthy,15,15,right,4,unassigned_steady_or_transition,1080,1212,132,1.240000000000009,784.6
Sub06_H_T15_R_C05,Sub06_H,healthy,15,15,right,5,unassigned_steady_or_transition,1212,1341,129,1.2000000000000455,784.6
Sub06_H_T15_R_C06,Sub06_H,healthy,15,15,right,6,unassigned_steady_or_transition,1341,1463,122,1.150000000000091,784.6
Sub06_H_T15_R_C07,Sub06_H,healthy,15,15,right,7,unassigned_steady_or_transition,1463,1590,127,1.209999999999809,784.6
Sub06_H_T15_R_C08,Sub06_H,healthy,15,15,right,8,unassigned_steady_or_transition,1590,1713,123,1.1800000000000637,784.6
Sub06_H_T15_R_C09,Sub06_H,healthy,15,15,right,9,unassigned_steady_or_transition,1713,1840,127,1.2200000000000273,784.6
Sub06_H_T15_R_C10,Sub06_H,healthy,15,15,right,10,unassigned_steady_or_transition,1840,1967,127,1.2100000000000364,784.6
Sub06_H_T15_R_C11,Sub06_H,healthy,15,15,right,11,unassigned_steady_or_transition,2657,2812,155,1.4700000000000273,784.6
Sub06_H_T15_R_C12,Sub06_H,healthy,15,15,right,12,unassigned_steady_or_transition,2812,2967,155,1.4700000000000273,784.6
Sub06_H_T15_R_C13,Sub06_H,healthy,15,15,right,13,gait_termination,2967,3095,128,1.2100000000000364,784.6
Sub06_H_T16_L_C01,Sub06_H,healthy,16,16,left,1,gait_initiation,2252,2369,117,1.1199999999998909,-1681.3515
Sub06_H_T16_L_C02,Sub06_H,healthy,16,16,left,2,unassigned_steady_or_transition,2369,2482,113,1.069999999999709,-1681.3515
Sub06_H_T16_L_C03,Sub06_H,healthy,16,16,left,3,unassigned_steady_or_transition,2482,2598,116,1.099999999999909,-1681.3515
Sub06_H_T16_L_C04,Sub06_H,healthy,16,16,left,4,unassigned_steady_or_transition,2598,2710,112,1.0799999999999272,-1681.3515
Sub06_H_T16_L_C05,Sub06_H,healthy,16,16,left,5,unassigned_steady_or_transition,2710,2835,125,1.1900000000000546,-1681.3515
Sub06_H_T16_L_C06,Sub06_H,healthy,16,16,left,6,unassigned_steady_or_transition,2835,2960,125,1.1799999999998363,-1681.3515
Sub06_H_T16_L_C07,Sub06_H,healthy,16,16,left,7,unassigned_steady_or_transition,2960,3091,131,1.2099999999995816,-1681.3515
Sub06_H_T16_L_C08,Sub06_H,healthy,16,16,left,8,unassigned_steady_or_transition,3091,3217,126,1.199999999999818,-1681.3515
Sub06_H_T16_L_C09,Sub06_H,healthy,16,16,left,9,unassigned_steady_or_transition,3217,3350,133,1.2599999999997635,-1681.3515
Sub06_H_T16_L_C10,Sub06_H,healthy,16,16,left,10,gait_termination,3350,3479,129,1.2199999999998,-1681.3515
Sub06_H_T17_R_C01,Sub06_H,healthy,17,17,right,1,gait_initiation,281,393,112,1.069999999999709,823.7
Sub06_H_T17_R_C02,Sub06_H,healthy,17,17,right,2,unassigned_steady_or_transition,393,508,115,1.099999999999909,823.7
Sub06_H_T17_R_C03,Sub06_H,healthy,17,17,right,3,unassigned_steady_or_transition,508,623,115,1.0899999999996908,823.7
Sub06_H_T17_R_C04,Sub06_H,healthy,17,17,right,4,unassigned_steady_or_transition,623,746,123,1.1700000000000728,823.7
Sub06_H_T17_R_C05,Sub06_H,healthy,17,17,right,5,unassigned_steady_or_transition,746,874,128,1.2200000000002547,823.7
Sub06_H_T17_R_C06,Sub06_H,healthy,17,17,right,6,unassigned_steady_or_transition,874,1001,127,1.2200000000002547,823.7
Sub06_H_T17_R_C07,Sub06_H,healthy,17,17,right,7,unassigned_steady_or_transition,1001,1132,131,1.25,823.7
Sub06_H_T17_R_C08,Sub06_H,healthy,17,17,right,8,unassigned_steady_or_transition,1132,1262,130,1.25,823.7
Sub06_H_T17_R_C09,Sub06_H,healthy,17,17,right,9,unassigned_steady_or_transition,1262,1390,128,1.2200000000002547,823.7
Sub06_H_T17_R_C10,Sub06_H,healthy,17,17,right,10,gait_termination,1390,1518,128,1.2200000000002547,823.7
Sub06_H_T18_L_C01,Sub06_H,healthy,18,18,left,1,gait_initiation,1647,1767,120,1.1499999999996362,1673.983
Sub06_H_T18_L_C02,Sub06_H,healthy,18,18,left,2,unassigned_steady_or_transition,1767,1888,121,1.1599999999998545,1673.983
Sub06_H_T18_L_C03,Sub06_H,healthy,18,18,left,3,unassigned_steady_or_transition,1888,2015,127,1.2199999999998,1673.983
Sub06_H_T18_L_C04,Sub06_H,healthy,18,18,left,4,unassigned_steady_or_transition,2015,2145,130,1.2300000000000182,1673.983
Sub06_H_T18_L_C05,Sub06_H,healthy,18,18,left,5,unassigned_steady_or_transition,2145,2278,133,1.2300000000000182,1673.983
Sub06_H_T18_L_C06,Sub06_H,healthy,18,18,left,6,unassigned_steady_or_transition,2278,2411,133,1.25,1673.983
Sub06_H_T18_L_C07,Sub06_H,healthy,18,18,left,7,unassigned_steady_or_transition,2411,2531,120,1.1400000000003274,1673.983
Sub06_H_T18_L_C08,Sub06_H,healthy,18,18,left,8,unassigned_steady_or_transition,2531,2656,125,1.1799999999998363,1673.983
Sub06_H_T18_L_C09,Sub06_H,healthy,18,18,left,9,unassigned_steady_or_transition,2656,2787,131,1.2199999999998,1673.983
Sub06_H_T18_L_C10,Sub06_H,healthy,18,18,left,10,unassigned_steady_or_transition,2787,2914,127,1.1900000000000546,1673.983
Sub06_H_T18_L_C11,Sub06_H,healthy,18,18,left,11,gait_termination,2914,3084,170,1.6300000000001091,1673.983
Sub06_H_T18_R_C01,Sub06_H,healthy,18,18,right,1,gait_initiation,48,117,69,0.650000000000091,-849.35
Sub06_H_T18_R_C02,Sub06_H,healthy,18,18,right,2,unassigned_steady_or_transition,287,353,66,0.9800000000000182,-849.35
Sub06_H_T18_R_C03,Sub06_H,healthy,18,18,right,3,unassigned_steady_or_transition,353,475,122,1.1300000000001091,-849.35
Sub06_H_T18_R_C04,Sub06_H,healthy,18,18,right,4,unassigned_steady_or_transition,475,571,96,1.2600000000002183,-849.35
Sub06_H_T18_R_C05,Sub06_H,healthy,18,18,right,5,unassigned_steady_or_transition,571,676,105,1.3500000000003638,-849.35
Sub06_H_T18_R_C06,Sub06_H,healthy,18,18,right,6,unassigned_steady_or_transition,676,810,134,1.2400000000002365,-849.35
Sub06_H_T18_R_C07,Sub06_H,healthy,18,18,right,7,unassigned_steady_or_transition,810,869,59,0.9099999999998545,-849.35
Sub06_H_T18_R_C08,Sub06_H,healthy,18,18,right,8,unassigned_steady_or_transition,869,892,23,0.5700000000001637,-849.35
Sub06_H_T18_R_C09,Sub06_H,healthy,18,18,right,9,unassigned_steady_or_transition,892,942,50,1.2100000000000364,-849.35
Sub06_H_T18_R_C10,Sub06_H,healthy,18,18,right,10,unassigned_steady_or_transition,942,954,12,1.199999999999818,-849.35
Sub06_H_T18_R_C11,Sub06_H,healthy,18,18,right,11,unassigned_steady_or_transition,954,1037,83,1.1399999999998727,-849.35
Sub06_H_T18_R_C12,Sub06_H,healthy,18,18,right,12,gait_termination,1427,1680,253,2.430000000000291,-849.35
Sub06_H_T20_L_C01,Sub06_H,healthy,20,20,left,1,gait_initiation,2474,2586,112,1.0700000000001637,-1730.4207000000001
Sub06_H_T20_L_C02,Sub06_H,healthy,20,20,left,2,unassigned_steady_or_transition,2586,2699,113,1.0799999999999272,-1730.4207000000001
Sub06_H_T20_L_C03,Sub06_H,healthy,20,20,left,3,unassigned_steady_or_transition,2699,2816,117,1.1100000000001273,-1730.4207000000001
Sub06_H_T20_L_C04,Sub06_H,healthy,20,20,left,4,unassigned_steady_or_transition,2816,2940,124,1.1799999999998363,-1730.4207000000001
Sub06_H_T20_L_C05,Sub06_H,healthy,20,20,left,5,unassigned_steady_or_transition,2940,3067,127,1.2100000000000364,-1730.4207000000001
Sub06_H_T20_L_C06,Sub06_H,healthy,20,20,left,6,unassigned_steady_or_transition,3067,3156,89,1.2200000000002547,-1730.4207000000001
Sub06_H_T20_L_C07,Sub06_H,healthy,20,20,left,7,unassigned_steady_or_transition,3156,3275,119,1.1200000000003456,-1730.4207000000001
Sub06_H_T20_L_C08,Sub06_H,healthy,20,20,left,8,unassigned_steady_or_transition,3275,3395,120,1.1300000000001091,-1730.4207000000001
Sub06_H_T20_L_C09,Sub06_H,healthy,20,20,left,9,unassigned_steady_or_transition,3395,3523,128,1.2100000000000364,-1730.4207000000001
Sub06_H_T20_L_C10,Sub06_H,healthy,20,20,left,10,gait_termination,4156,4201,45,0.42000000000007276,-1730.4207000000001
Sub06_H_T20_R_C01,Sub06_H,healthy,20,20,right,1,gait_initiation,477,595,118,1.0900000000001455,781.2
Sub06_H_T20_R_C02,Sub06_H,healthy,20,20,right,2,unassigned_steady_or_transition,595,712,117,1.0799999999999272,781.2
Sub06_H_T20_R_C03,Sub06_H,healthy,20,20,right,3,unassigned_steady_or_transition,712,833,121,1.1199999999998909,781.2
Sub06_H_T20_R_C04,Sub06_H,healthy,20,20,right,4,unassigned_steady_or_transition,833,958,125,1.1599999999998545,781.2
Sub06_H_T20_R_C05,Sub06_H,healthy,20,20,right,5,unassigned_steady_or_transition,958,1091,133,1.2300000000000182,781.2
Sub06_H_T20_R_C06,Sub06_H,healthy,20,20,right,6,unassigned_steady_or_transition,1091,1223,132,1.2300000000000182,781.2
Sub06_H_T20_R_C07,Sub06_H,healthy,20,20,right,7,unassigned_steady_or_transition,1223,1344,121,1.1300000000001091,781.2
Sub06_H_T20_R_C08,Sub06_H,healthy,20,20,right,8,unassigned_steady_or_transition,1344,1463,119,1.1399999999998727,781.2
Sub06_H_T20_R_C09,Sub06_H,healthy,20,20,right,9,unassigned_steady_or_transition,1463,1587,124,1.1899999999995998,781.2
Sub06_H_T20_R_C10,Sub06_H,healthy,20,20,right,10,unassigned_steady_or_transition,2174,2305,131,1.2600000000002183,781.2
Sub06_H_T20_R_C11,Sub06_H,healthy,20,20,right,11,unassigned_steady_or_transition,2305,2458,153,1.4700000000002547,781.2
Sub06_H_T20_R_C12,Sub06_H,healthy,20,20,right,12,gait_termination,2458,2704,246,2.3600000000001273,781.2
Sub06_H_T21_R_C01,Sub06_H,healthy,21,21,right,1,gait_initiation,487,504,17,0.8800000000001091,840.9350000000001
Sub06_H_T21_R_C02,Sub06_H,healthy,21,21,right,2,unassigned_steady_or_transition,504,549,45,1.1599999999998545,840.9350000000001
Sub06_H_T21_R_C03,Sub06_H,healthy,21,21,right,3,unassigned_steady_or_transition,549,674,125,1.1900000000000546,840.9350000000001
Sub06_H_T21_R_C04,Sub06_H,healthy,21,21,right,4,unassigned_steady_or_transition,674,731,57,0.8899999999998727,840.9350000000001
Sub06_H_T21_R_C05,Sub06_H,healthy,21,21,right,5,gait_termination,731,855,124,1.1799999999998363,840.9350000000001
Sub06_H_T22_L_C01,Sub06_H,healthy,22,22,left,1,gait_initiation,2280,2392,112,1.0700000000001637,-1845.8248
Sub06_H_T22_L_C02,Sub06_H,healthy,22,22,left,2,unassigned_steady_or_transition,2392,2513,121,1.1600000000003092,-1845.8248
Sub06_H_T22_L_C03,Sub06_H,healthy,22,22,left,3,unassigned_steady_or_transition,2513,2637,124,1.180000000000291,-1845.8248
Sub06_H_T22_L_C04,Sub06_H,healthy,22,22,left,4,unassigned_steady_or_transition,2637,2768,131,1.2400000000002365,-1845.8248
Sub06_H_T22_L_C05,Sub06_H,healthy,22,22,left,5,unassigned_steady_or_transition,2768,2899,131,1.2200000000002547,-1845.8248
Sub06_H_T22_L_C06,Sub06_H,healthy,22,22,left,6,unassigned_steady_or_transition,2899,3032,133,1.2400000000002365,-1845.8248
Sub06_H_T22_L_C07,Sub06_H,healthy,22,22,left,7,unassigned_steady_or_transition,3032,3153,121,1.1199999999998909,-1845.8248
Sub06_H_T22_L_C08,Sub06_H,healthy,22,22,left,8,unassigned_steady_or_transition,3153,3273,120,1.1300000000001091,-1845.8248
Sub06_H_T22_L_C09,Sub06_H,healthy,22,22,left,9,unassigned_steady_or_transition,3273,3391,118,1.1199999999998909,-1845.8248
Sub06_H_T22_L_C10,Sub06_H,healthy,22,22,left,10,unassigned_steady_or_transition,3391,3519,128,1.199999999999818,-1845.8248
Sub06_H_T22_L_C11,Sub06_H,healthy,22,22,left,11,gait_termination,4415,4493,78,0.7399999999997817,-1845.8248
Sub06_H_T22_R_C01,Sub06_H,healthy,22,22,right,1,gait_initiation,346,466,120,1.1099999999996726,895.5550000000001
Sub06_H_T22_R_C02,Sub06_H,healthy,22,22,right,2,unassigned_steady_or_transition,466,589,123,1.1399999999998727,895.5550000000001
Sub06_H_T22_R_C03,Sub06_H,healthy,22,22,right,3,unassigned_steady_or_transition,589,706,117,1.0899999999996908,895.5550000000001
Sub06_H_T22_R_C04,Sub06_H,healthy,22,22,right,4,unassigned_steady_or_transition,706,783,77,0.7100000000000364,895.5550000000001
Sub06_H_T22_R_C05,Sub06_H,healthy,22,22,right,5,unassigned_steady_or_transition,783,838,55,0.8699999999998909,895.5550000000001
Sub06_H_T22_R_C06,Sub06_H,healthy,22,22,right,6,unassigned_steady_or_transition,838,954,116,1.0899999999996908,895.5550000000001
Sub06_H_T22_R_C07,Sub06_H,healthy,22,22,right,7,unassigned_steady_or_transition,954,1074,120,1.1199999999998909,895.5550000000001
Sub06_H_T22_R_C08,Sub06_H,healthy,22,22,right,8,unassigned_steady_or_transition,1074,1195,121,1.150000000000091,895.5550000000001
Sub06_H_T22_R_C09,Sub06_H,healthy,22,22,right,9,unassigned_steady_or_transition,1195,1313,118,1.1199999999998909,895.5550000000001
Sub06_H_T22_R_C10,Sub06_H,healthy,22,22,right,10,unassigned_steady_or_transition,1313,1439,126,1.199999999999818,895.5550000000001
Sub06_H_T22_R_C11,Sub06_H,healthy,22,22,right,11,unassigned_steady_or_transition,2331,2506,175,1.6799999999998363,895.5550000000001
Sub06_H_T22_R_C12,Sub06_H,healthy,22,22,right,12,gait_termination,2917,3155,238,2.2199999999998,895.5550000000001
Sub06_H_T23_L_C01,Sub06_H,healthy,23,23,left,1,gait_initiation,2706,2830,124,1.150000000000091,-1879.2234999999998
Sub06_H_T23_L_C02,Sub06_H,healthy,23,23,left,2,unassigned_steady_or_transition,2830,2950,120,1.1099999999996726,-1879.2234999999998
Sub06_H_T23_L_C03,Sub06_H,healthy,23,23,left,3,unassigned_steady_or_transition,2950,3070,120,1.1100000000001273,-1879.2234999999998
Sub06_H_T23_L_C04,Sub06_H,healthy,23,23,left,4,unassigned_steady_or_transition,3070,3201,131,1.2100000000000364,-1879.2234999999998
Sub06_H_T23_L_C05,Sub06_H,healthy,23,23,left,5,unassigned_steady_or_transition,3201,3325,124,1.1799999999998363,-1879.2234999999998
Sub06_H_T23_L_C06,Sub06_H,healthy,23,23,left,6,unassigned_steady_or_transition,3325,3462,137,1.2800000000002,-1879.2234999999998
Sub06_H_T23_L_C07,Sub06_H,healthy,23,23,left,7,unassigned_steady_or_transition,3462,3588,126,1.199999999999818,-1879.2234999999998
Sub06_H_T23_L_C08,Sub06_H,healthy,23,23,left,8,unassigned_steady_or_transition,3588,3713,125,1.1900000000000546,-1879.2234999999998
Sub06_H_T23_L_C09,Sub06_H,healthy,23,23,left,9,unassigned_steady_or_transition,3713,3843,130,1.2199999999998,-1879.2234999999998
Sub06_H_T23_L_C10,Sub06_H,healthy,23,23,left,10,gait_termination,3843,3908,65,0.599999999999909,-1879.2234999999998
Sub06_H_T23_R_C01,Sub06_H,healthy,23,23,right,1,gait_initiation,275,395,120,1.1299999999996544,889.325
Sub06_H_T23_R_C02,Sub06_H,healthy,23,23,right,2,unassigned_steady_or_transition,395,509,114,1.0900000000001455,889.325
Sub06_H_T23_R_C03,Sub06_H,healthy,23,23,right,3,unassigned_steady_or_transition,509,628,119,1.1399999999998727,889.325
Sub06_H_T23_R_C04,Sub06_H,healthy,23,23,right,4,unassigned_steady_or_transition,628,753,125,1.1900000000000546,889.325
Sub06_H_T23_R_C05,Sub06_H,healthy,23,23,right,5,unassigned_steady_or_transition,753,877,124,1.1900000000000546,889.325
Sub06_H_T23_R_C06,Sub06_H,healthy,23,23,right,6,unassigned_steady_or_transition,877,1006,129,1.2300000000000182,889.325
Sub06_H_T23_R_C07,Sub06_H,healthy,23,23,right,7,unassigned_steady_or_transition,1006,1133,127,1.2100000000000364,889.325
Sub06_H_T23_R_C08,Sub06_H,healthy,23,23,right,8,unassigned_steady_or_transition,1133,1260,127,1.2199999999998,889.325
Sub06_H_T23_R_C09,Sub06_H,healthy,23,23,right,9,unassigned_steady_or_transition,1260,1385,125,1.199999999999818,889.325
Sub06_H_T23_R_C10,Sub06_H,healthy,23,23,right,10,unassigned_steady_or_transition,2321,2499,178,1.6900000000000546,889.325
Sub06_H_T23_R_C11,Sub06_H,healthy,23,23,right,11,gait_termination,2499,2637,138,1.3099999999999454,889.325
Sub06_H_T24_L_C01,Sub06_H,healthy,24,24,left,1,gait_initiation,2230,2356,126,1.2100000000000364,-1995.0695
Sub06_H_T24_L_C02,Sub06_H,healthy,24,24,left,2,unassigned_steady_or_transition,2356,2488,132,1.2599999999997635,-1995.0695
Sub06_H_T24_L_C03,Sub06_H,healthy,24,24,left,3,unassigned_steady_or_transition,2488,2616,128,1.2199999999998,-1995.0695
Sub06_H_T24_L_C04,Sub06_H,healthy,24,24,left,4,unassigned_steady_or_transition,2616,2739,123,1.1799999999998363,-1995.0695
Sub06_H_T24_L_C05,Sub06_H,healthy,24,24,left,5,unassigned_steady_or_transition,2739,2868,129,1.2100000000000364,-1995.0695
Sub06_H_T24_L_C06,Sub06_H,healthy,24,24,left,6,unassigned_steady_or_transition,2868,3001,133,1.2300000000000182,-1995.0695
Sub06_H_T24_L_C07,Sub06_H,healthy,24,24,left,7,unassigned_steady_or_transition,3001,3115,114,1.0599999999999454,-1995.0695
Sub06_H_T24_L_C08,Sub06_H,healthy,24,24,left,8,unassigned_steady_or_transition,3115,3235,120,1.1400000000003274,-1995.0695
Sub06_H_T24_L_C09,Sub06_H,healthy,24,24,left,9,unassigned_steady_or_transition,3235,3361,126,1.1799999999998363,-1995.0695
Sub06_H_T24_L_C10,Sub06_H,healthy,24,24,left,10,gait_termination,3361,3491,130,1.2300000000000182,-1995.0695
Sub06_H_T24_R_C01,Sub06_H,healthy,24,24,right,1,gait_initiation,372,504,132,1.2300000000000182,849.25
Sub06_H_T24_R_C02,Sub06_H,healthy,24,24,right,2,unassigned_steady_or_transition,504,635,131,1.2199999999998,849.25
Sub06_H_T24_R_C03,Sub06_H,healthy,24,24,right,3,unassigned_steady_or_transition,635,764,129,1.199999999999818,849.25
Sub06_H_T24_R_C04,Sub06_H,healthy,24,24,right,4,unassigned_steady_or_transition,764,891,127,1.1900000000000546,849.25
Sub06_H_T24_R_C05,Sub06_H,healthy,24,24,right,5,unassigned_steady_or_transition,891,1019,128,1.2000000000002728,849.25
Sub06_H_T24_R_C06,Sub06_H,healthy,24,24,right,6,unassigned_steady_or_transition,1019,1153,134,1.25,849.25
Sub06_H_T24_R_C07,Sub06_H,healthy,24,24,right,7,unassigned_steady_or_transition,1153,1268,115,1.099999999999909,849.25
Sub06_H_T24_R_C08,Sub06_H,healthy,24,24,right,8,unassigned_steady_or_transition,1268,1388,120,1.1400000000003274,849.25
Sub06_H_T24_R_C09,Sub06_H,healthy,24,24,right,9,unassigned_steady_or_transition,1388,1513,125,1.180000000000291,849.25
Sub06_H_T24_R_C10,Sub06_H,healthy,24,24,right,10,gait_termination,1513,1643,130,1.2300000000000182,849.25
Sub06_H_T25_L_C01,Sub06_H,healthy,25,25,left,1,gait_initiation,2362,2469,107,1.0099999999997635,-1920.748
Sub06_H_T25_L_C02,Sub06_H,healthy,25,25,left,2,unassigned_steady_or_transition,2469,2575,106,1.0,-1920.748
Sub06_H_T25_L_C03,Sub06_H,healthy,25,25,left,3,unassigned_steady_or_transition,2575,2685,110,1.0399999999999636,-1920.748
Sub06_H_T25_L_C04,Sub06_H,healthy,25,25,left,4,unassigned_steady_or_transition,2685,2810,125,1.1599999999998545,-1920.748
Sub06_H_T25_L_C05,Sub06_H,healthy,25,25,left,5,unassigned_steady_or_transition,2810,2939,129,1.199999999999818,-1920.748
Sub06_H_T25_L_C06,Sub06_H,healthy,25,25,left,6,unassigned_steady_or_transition,2939,3080,141,1.3299999999999272,-1920.748
Sub06_H_T25_L_C07,Sub06_H,healthy,25,25,left,7,unassigned_steady_or_transition,3080,3212,132,1.2400000000002365,-1920.748
Sub06_H_T25_L_C08,Sub06_H,healthy,25,25,left,8,unassigned_steady_or_transition,3212,3343,131,1.2400000000002365,-1920.748
Sub06_H_T25_L_C09,Sub06_H,healthy,25,25,left,9,gait_termination,3343,3470,127,1.2000000000002728,-1920.748
Sub06_H_T25_R_C01,Sub06_H,healthy,25,25,right,1,gait_initiation,332,435,103,0.9699999999997999,-994.25
Sub06_H_T25_R_C02,Sub06_H,healthy,25,25,right,2,unassigned_steady_or_transition,435,535,100,0.919999999999618,-994.25
Sub06_H_T25_R_C03,Sub06_H,healthy,25,25,right,3,unassigned_steady_or_transition,535,654,119,1.1199999999998909,-994.25
Sub06_H_T25_R_C04,Sub06_H,healthy,25,25,right,4,unassigned_steady_or_transition,654,760,106,0.9899999999997817,-994.25
Sub06_H_T25_R_C05,Sub06_H,healthy,25,25,right,5,unassigned_steady_or_transition,760,888,128,1.199999999999818,-994.25
Sub06_H_T25_R_C06,Sub06_H,healthy,25,25,right,6,unassigned_steady_or_transition,888,1009,121,1.1299999999996544,-994.25
Sub06_H_T25_R_C07,Sub06_H,healthy,25,25,right,7,unassigned_steady_or_transition,1009,1182,173,1.6199999999998909,-994.25
Sub06_H_T25_R_C08,Sub06_H,healthy,25,25,right,8,unassigned_steady_or_transition,1182,1316,134,1.2799999999997453,-994.25
Sub06_H_T25_R_C09,Sub06_H,healthy,25,25,right,9,unassigned_steady_or_transition,1316,1386,70,1.0299999999997453,-994.25
Sub06_H_T25_R_C10,Sub06_H,healthy,25,25,right,10,gait_termination,1386,1521,135,1.300000000000182,-994.25
Sub06_H_T26_L_C01,Sub06_H,healthy,26,26,left,1,gait_initiation,1872,1984,112,1.069999999999709,1960.0978999999998
Sub06_H_T26_L_C02,Sub06_H,healthy,26,26,left,2,unassigned_steady_or_transition,1984,2090,106,1.0,1960.0978999999998
Sub06_H_T26_L_C03,Sub06_H,healthy,26,26,left,3,unassigned_steady_or_transition,2090,2206,116,1.099999999999909,1960.0978999999998
Sub06_H_T26_L_C04,Sub06_H,healthy,26,26,left,4,unassigned_steady_or_transition,2206,2330,124,1.1799999999998363,1960.0978999999998
Sub06_H_T26_L_C05,Sub06_H,healthy,26,26,left,5,unassigned_steady_or_transition,2330,2456,126,1.2100000000000364,1960.0978999999998
Sub06_H_T26_L_C06,Sub06_H,healthy,26,26,left,6,unassigned_steady_or_transition,2456,2583,127,1.199999999999818,1960.0978999999998
Sub06_H_T26_L_C07,Sub06_H,healthy,26,26,left,7,unassigned_steady_or_transition,2583,2708,125,1.1799999999998363,1960.0978999999998
Sub06_H_T26_L_C08,Sub06_H,healthy,26,26,left,8,unassigned_steady_or_transition,2708,2833,125,1.1799999999998363,1960.0978999999998
Sub06_H_T26_L_C09,Sub06_H,healthy,26,26,left,9,unassigned_steady_or_transition,2833,2959,126,1.1900000000000546,1960.0978999999998
Sub06_H_T26_L_C10,Sub06_H,healthy,26,26,left,10,unassigned_steady_or_transition,2959,3087,128,1.2199999999998,1960.0978999999998
Sub06_H_T26_L_C11,Sub06_H,healthy,26,26,left,11,gait_termination,3087,3221,134,1.2599999999997635,1960.0978999999998
Sub06_H_T26_R_C01,Sub06_H,healthy,26,26,right,1,gait_initiation,771,883,112,1.0499999999997272,938.35
Sub06_H_T26_R_C02,Sub06_H,healthy,26,26,right,2,unassigned_steady_or_transition,883,979,96,0.9099999999998545,938.35
Sub06_H_T26_R_C03,Sub06_H,healthy,26,26,right,3,unassigned_steady_or_transition,979,1017,38,0.7200000000002547,938.35
Sub06_H_T26_R_C04,Sub06_H,healthy,26,26,right,4,unassigned_steady_or_transition,1017,1075,58,0.9100000000003092,938.35
Sub06_H_T26_R_C05,Sub06_H,healthy,26,26,right,5,unassigned_steady_or_transition,1075,1110,35,0.6900000000000546,938.35
Sub06_H_T26_R_C06,Sub06_H,healthy,26,26,right,6,unassigned_steady_or_transition,1110,1152,42,0.7600000000002183,938.35
Sub06_H_T26_R_C07,Sub06_H,healthy,26,26,right,7,unassigned_steady_or_transition,1152,1165,13,0.8600000000001273,938.35
Sub06_H_T26_R_C08,Sub06_H,healthy,26,26,right,8,unassigned_steady_or_transition,1165,1212,47,1.1799999999998363,938.35
Sub06_H_T26_R_C09,Sub06_H,healthy,26,26,right,9,unassigned_steady_or_transition,1212,1340,128,1.2199999999998,938.35
Sub06_H_T26_R_C10,Sub06_H,healthy,26,26,right,10,gait_termination,1340,1466,126,1.1899999999995998,938.35
Sub06_H_T27_L_C01,Sub06_H,healthy,27,27,left,1,gait_initiation,3468,3548,80,0.7399999999997817,1963.5274000000002
Sub06_H_T27_L_C02,Sub06_H,healthy,27,27,left,2,unassigned_steady_or_transition,3548,3669,121,1.1199999999998909,1963.5274000000002
Sub06_H_T27_L_C03,Sub06_H,healthy,27,27,left,3,gait_termination,3669,3747,78,1.0799999999999272,1963.5274000000002
Sub06_H_T27_R_C01,Sub06_H,healthy,27,27,right,1,gait_initiation,283,396,113,1.0599999999999454,898.85
Sub06_H_T27_R_C02,Sub06_H,healthy,27,27,right,2,unassigned_steady_or_transition,396,510,114,1.069999999999709,898.85
Sub06_H_T27_R_C03,Sub06_H,healthy,27,27,right,3,unassigned_steady_or_transition,510,625,115,1.0799999999999272,898.85
Sub06_H_T27_R_C04,Sub06_H,healthy,27,27,right,4,unassigned_steady_or_transition,625,749,124,1.1599999999998545,898.85
Sub06_H_T27_R_C05,Sub06_H,healthy,27,27,right,5,unassigned_steady_or_transition,749,873,124,1.1700000000000728,898.85
Sub06_H_T27_R_C06,Sub06_H,healthy,27,27,right,6,unassigned_steady_or_transition,873,1011,138,1.2899999999999636,898.85
Sub06_H_T27_R_C07,Sub06_H,healthy,27,27,right,7,unassigned_steady_or_transition,1011,1147,136,1.2800000000002,898.85
Sub06_H_T27_R_C08,Sub06_H,healthy,27,27,right,8,unassigned_steady_or_transition,1147,1270,123,1.1799999999998363,898.85
Sub06_H_T27_R_C09,Sub06_H,healthy,27,27,right,9,gait_termination,1270,1392,122,1.180000000000291,898.85
Sub06_H_T28_R_C01,Sub06_H,healthy,28,28,right,1,gait_initiation,327,442,115,1.0499999999997272,970.21
Sub06_H_T28_R_C02,Sub06_H,healthy,28,28,right,2,unassigned_steady_or_transition,442,560,118,1.0900000000001455,970.21
Sub06_H_T28_R_C03,Sub06_H,healthy,28,28,right,3,unassigned_steady_or_transition,560,681,121,1.1100000000001273,970.21
Sub06_H_T28_R_C04,Sub06_H,healthy,28,28,right,4,unassigned_steady_or_transition,681,804,123,1.1400000000003274,970.21
Sub06_H_T28_R_C05,Sub06_H,healthy,28,28,right,5,unassigned_steady_or_transition,804,934,130,1.1900000000000546,970.21
Sub06_H_T28_R_C06,Sub06_H,healthy,28,28,right,6,unassigned_steady_or_transition,934,1065,131,1.2100000000000364,970.21
Sub06_H_T28_R_C07,Sub06_H,healthy,28,28,right,7,unassigned_steady_or_transition,1065,1189,124,1.1700000000000728,970.21
Sub06_H_T28_R_C08,Sub06_H,healthy,28,28,right,8,unassigned_steady_or_transition,1189,1315,126,1.2000000000002728,970.21
Sub06_H_T28_R_C09,Sub06_H,healthy,28,28,right,9,unassigned_steady_or_transition,1315,1440,125,1.180000000000291,970.21
Sub06_H_T28_R_C10,Sub06_H,healthy,28,28,right,10,gait_termination,1440,1561,121,1.150000000000091,970.21
Sub06_H_T29_L_C01,Sub06_H,healthy,29,29,left,1,gait_initiation,2443,2565,122,1.1599999999998545,2090.575
Sub06_H_T29_L_C02,Sub06_H,healthy,29,29,left,2,unassigned_steady_or_transition,2565,2687,122,1.1499999999996362,2090.575
Sub06_H_T29_L_C03,Sub06_H,healthy,29,29,left,3,unassigned_steady_or_transition,2687,2813,126,1.1799999999998363,2090.575
Sub06_H_T29_L_C04,Sub06_H,healthy,29,29,left,4,unassigned_steady_or_transition,2813,2942,129,1.199999999999818,2090.575
Sub06_H_T29_L_C05,Sub06_H,healthy,29,29,left,5,unassigned_steady_or_transition,2942,3071,129,1.199999999999818,2090.575
Sub06_H_T29_L_C06,Sub06_H,healthy,29,29,left,6,unassigned_steady_or_transition,3071,3205,134,1.2599999999997635,2090.575
Sub06_H_T29_L_C07,Sub06_H,healthy,29,29,left,7,unassigned_steady_or_transition,3205,3335,130,1.2199999999998,2090.575
Sub06_H_T29_L_C08,Sub06_H,healthy,29,29,left,8,unassigned_steady_or_transition,3335,3462,127,1.1899999999995998,2090.575
Sub06_H_T29_L_C09,Sub06_H,healthy,29,29,left,9,unassigned_steady_or_transition,3462,3589,127,1.1900000000000546,2090.575
Sub06_H_T29_L_C10,Sub06_H,healthy,29,29,left,10,gait_termination,3589,3716,127,1.1900000000000546,2090.575
Sub06_H_T29_R_C01,Sub06_H,healthy,29,29,right,1,gait_initiation,409,529,120,1.1200000000003456,899.4
Sub06_H_T29_R_C02,Sub06_H,healthy,29,29,right,2,unassigned_steady_or_transition,529,652,123,1.1599999999998545,899.4
Sub06_H_T29_R_C03,Sub06_H,healthy,29,29,right,3,unassigned_steady_or_transition,652,782,130,1.2199999999998,899.4
Sub06_H_T29_R_C04,Sub06_H,healthy,29,29,right,4,unassigned_steady_or_transition,782,910,128,1.199999999999818,899.4
Sub06_H_T29_R_C05,Sub06_H,healthy,29,29,right,5,unassigned_steady_or_transition,910,1036,126,1.1799999999998363,899.4
Sub06_H_T29_R_C06,Sub06_H,healthy,29,29,right,6,unassigned_steady_or_transition,1036,1174,138,1.2999999999997272,899.4
Sub06_H_T29_R_C07,Sub06_H,healthy,29,29,right,7,unassigned_steady_or_transition,1174,1303,129,1.2100000000000364,899.4
Sub06_H_T29_R_C08,Sub06_H,healthy,29,29,right,8,unassigned_steady_or_transition,1303,1423,120,1.150000000000091,899.4
Sub06_H_T29_R_C09,Sub06_H,healthy,29,29,right,9,unassigned_steady_or_transition,1423,1547,124,1.1799999999998363,899.4
Sub06_H_T29_R_C10,Sub06_H,healthy,29,29,right,10,unassigned_steady_or_transition,2717,2896,179,1.6700000000000728,899.4
Sub06_H_T29_R_C11,Sub06_H,healthy,29,29,right,11,gait_termination,2896,3084,188,1.75,899.4
Sub06_H_T30_L_C01,Sub06_H,healthy,30,30,left,1,gait_initiation,1975,2087,112,1.0700000000001637,-2166.38365
Sub06_H_T30_L_C02,Sub06_H,healthy,30,30,left,2,unassigned_steady_or_transition,2087,2210,123,1.1799999999998363,-2166.38365
Sub06_H_T30_L_C03,Sub06_H,healthy,30,30,left,3,unassigned_steady_or_transition,2210,2329,119,1.1399999999998727,-2166.38365
Sub06_H_T30_L_C04,Sub06_H,healthy,30,30,left,4,unassigned_steady_or_transition,2329,2457,128,1.2199999999998,-2166.38365
Sub06_H_T30_L_C05,Sub06_H,healthy,30,30,left,5,unassigned_steady_or_transition,2457,2586,129,1.199999999999818,-2166.38365
Sub06_H_T30_L_C06,Sub06_H,healthy,30,30,left,6,unassigned_steady_or_transition,2586,2717,131,1.2100000000000364,-2166.38365
Sub06_H_T30_L_C07,Sub06_H,healthy,30,30,left,7,unassigned_steady_or_transition,2717,2844,127,1.1799999999998363,-2166.38365
Sub06_H_T30_L_C08,Sub06_H,healthy,30,30,left,8,unassigned_steady_or_transition,2844,2962,118,1.1100000000001273,-2166.38365
Sub06_H_T30_L_C09,Sub06_H,healthy,30,30,left,9,unassigned_steady_or_transition,2962,3087,125,1.180000000000291,-2166.38365
Sub06_H_T30_L_C10,Sub06_H,healthy,30,30,left,10,gait_termination,3087,3213,126,1.1799999999998363,-2166.38365
Sub06_H_T30_R_C01,Sub06_H,healthy,30,30,right,1,gait_initiation,164,216,52,1.2099999999995816,898.8
Sub06_H_T30_R_C02,Sub06_H,healthy,30,30,right,2,unassigned_steady_or_transition,216,346,130,1.2100000000000364,898.8
Sub06_H_T30_R_C03,Sub06_H,healthy,30,30,right,3,unassigned_steady_or_transition,346,478,132,1.2400000000002365,898.8
Sub06_H_T30_R_C04,Sub06_H,healthy,30,30,right,4,unassigned_steady_or_transition,478,600,122,1.1300000000001091,898.8
Sub06_H_T30_R_C05,Sub06_H,healthy,30,30,right,5,unassigned_steady_or_transition,600,723,123,1.150000000000091,898.8
Sub06_H_T30_R_C06,Sub06_H,healthy,30,30,right,6,unassigned_steady_or_transition,723,850,127,1.1799999999998363,898.8
Sub06_H_T30_R_C07,Sub06_H,healthy,30,30,right,7,gait_termination,850,974,124,1.1700000000000728,898.8
Sub06_H_T31_L_C01,Sub06_H,healthy,31,31,left,1,gait_initiation,2266,2414,148,1.4099999999998545,-2230.4606
Sub06_H_T31_L_C02,Sub06_H,healthy,31,31,left,2,unassigned_steady_or_transition,2414,2528,114,1.080000000000382,-2230.4606
Sub06_H_T31_L_C03,Sub06_H,healthy,31,31,left,3,unassigned_steady_or_transition,2528,2649,121,1.1399999999998727,-2230.4606
Sub06_H_T31_L_C04,Sub06_H,healthy,31,31,left,4,unassigned_steady_or_transition,2649,2771,122,1.1599999999998545,-2230.4606
Sub06_H_T31_L_C05,Sub06_H,healthy,31,31,left,5,unassigned_steady_or_transition,2771,2896,125,1.1900000000000546,-2230.4606
Sub06_H_T31_L_C06,Sub06_H,healthy,31,31,left,6,unassigned_steady_or_transition,2896,3029,133,1.2699999999999818,-2230.4606
Sub06_H_T31_L_C07,Sub06_H,healthy,31,31,left,7,unassigned_steady_or_transition,3029,3158,129,1.199999999999818,-2230.4606
Sub06_H_T31_L_C08,Sub06_H,healthy,31,31,left,8,unassigned_steady_or_transition,3158,3288,130,1.2199999999998,-2230.4606
Sub06_H_T31_L_C09,Sub06_H,healthy,31,31,left,9,unassigned_steady_or_transition,3288,3410,122,1.169999999999618,-2230.4606
Sub06_H_T31_L_C10,Sub06_H,healthy,31,31,left,10,gait_termination,3410,3538,128,1.2100000000000364,-2230.4606
Sub06_H_T32_R_C01,Sub06_H,healthy,32,32,right,1,gait_initiation,206,246,40,1.099999999999909,972.585
Sub06_H_T32_R_C02,Sub06_H,healthy,32,32,right,2,unassigned_steady_or_transition,246,324,78,1.0900000000001455,972.585
Sub06_H_T32_R_C03,Sub06_H,healthy,32,32,right,3,unassigned_steady_or_transition,324,444,120,1.1100000000001273,972.585
Sub06_H_T32_R_C04,Sub06_H,healthy,32,32,right,4,unassigned_steady_or_transition,444,565,121,1.1299999999996544,972.585
Sub06_H_T32_R_C05,Sub06_H,healthy,32,32,right,5,unassigned_steady_or_transition,565,693,128,1.1900000000000546,972.585
Sub06_H_T32_R_C06,Sub06_H,healthy,32,32,right,6,unassigned_steady_or_transition,693,827,134,1.25,972.585
Sub06_H_T32_R_C07,Sub06_H,healthy,32,32,right,7,unassigned_steady_or_transition,827,954,127,1.1799999999998363,972.585
Sub06_H_T32_R_C08,Sub06_H,healthy,32,32,right,8,unassigned_steady_or_transition,954,1080,126,1.1799999999998363,972.585
Sub06_H_T32_R_C09,Sub06_H,healthy,32,32,right,9,unassigned_steady_or_transition,1080,1209,129,1.2199999999998,972.585
Sub06_H_T32_R_C10,Sub06_H,healthy,32,32,right,10,gait_termination,1209,1334,125,1.1799999999998363,972.585
Sub06_H_T33_L_C01,Sub06_H,healthy,33,33,left,1,gait_initiation,4176,4303,127,1.1900000000000546,-2322.5205
Sub06_H_T33_R_C01,Sub06_H,healthy,33,33,right,1,gait_initiation,524,645,121,1.1199999999998909,975.15
Sub06_H_T33_R_C02,Sub06_H,healthy,33,33,right,2,unassigned_steady_or_transition,645,767,122,1.1300000000001091,975.15
Sub06_H_T33_R_C03,Sub06_H,healthy,33,33,right,3,unassigned_steady_or_transition,767,889,122,1.1399999999998727,975.15
Sub06_H_T33_R_C04,Sub06_H,healthy,33,33,right,4,unassigned_steady_or_transition,889,1014,125,1.1799999999998363,975.15
Sub06_H_T33_R_C05,Sub06_H,healthy,33,33,right,5,unassigned_steady_or_transition,1014,1145,131,1.2100000000000364,975.15
Sub06_H_T33_R_C06,Sub06_H,healthy,33,33,right,6,unassigned_steady_or_transition,1145,1277,132,1.2399999999997817,975.15
Sub06_H_T33_R_C07,Sub06_H,healthy,33,33,right,7,unassigned_steady_or_transition,1277,1401,124,1.1799999999998363,975.15
Sub06_H_T33_R_C08,Sub06_H,healthy,33,33,right,8,unassigned_steady_or_transition,1401,1532,131,1.25,975.15
Sub06_H_T33_R_C09,Sub06_H,healthy,33,33,right,9,unassigned_steady_or_transition,1532,1656,124,1.1900000000000546,975.15
Sub06_H_T33_R_C10,Sub06_H,healthy,33,33,right,10,unassigned_steady_or_transition,2756,2941,185,1.7399999999997817,975.15
Sub06_H_T33_R_C11,Sub06_H,healthy,33,33,right,11,gait_termination,2941,3152,211,1.9800000000000182,975.15
Sub06_H_T36_R_C01,Sub06_H,healthy,36,36,right,1,gait_initiation,594,712,118,1.099999999999909,1038.51
Sub06_H_T36_R_C02,Sub06_H,healthy,36,36,right,2,unassigned_steady_or_transition,712,829,117,1.0900000000001455,1038.51
Sub06_H_T36_R_C03,Sub06_H,healthy,36,36,right,3,unassigned_steady_or_transition,829,955,126,1.1700000000000728,1038.51
Sub06_H_T36_R_C04,Sub06_H,healthy,36,36,right,4,unassigned_steady_or_transition,955,1083,128,1.1900000000000546,1038.51
Sub06_H_T36_R_C05,Sub06_H,healthy,36,36,right,5,unassigned_steady_or_transition,1083,1211,128,1.199999999999818,1038.51
Sub06_H_T36_R_C06,Sub06_H,healthy,36,36,right,6,unassigned_steady_or_transition,1211,1339,128,1.199999999999818,1038.51
Sub06_H_T36_R_C07,Sub06_H,healthy,36,36,right,7,unassigned_steady_or_transition,1339,1458,119,1.1299999999996544,1038.51
Sub06_H_T36_R_C08,Sub06_H,healthy,36,36,right,8,unassigned_steady_or_transition,1458,1583,125,1.1900000000000546,1038.51
Sub06_H_T36_R_C09,Sub06_H,healthy,36,36,right,9,unassigned_steady_or_transition,1583,1708,125,1.1900000000000546,1038.51
Sub06_H_T36_R_C10,Sub06_H,healthy,36,36,right,10,gait_termination,1708,1831,123,1.1599999999998545,1038.51
Sub06_H_T37_L_C01,Sub06_H,healthy,37,37,left,1,gait_initiation,3513,3615,102,0.9700000000002547,2401.7305
Sub06_H_T37_L_C02,Sub06_H,healthy,37,37,left,2,unassigned_steady_or_transition,3615,3737,122,1.1599999999998545,2401.7305
Sub06_H_T37_L_C03,Sub06_H,healthy,37,37,left,3,unassigned_steady_or_transition,3737,3851,114,1.0799999999999272,2401.7305
Sub06_H_T37_L_C04,Sub06_H,healthy,37,37,left,4,unassigned_steady_or_transition,3851,3967,116,1.099999999999909,2401.7305
Sub06_H_T37_L_C05,Sub06_H,healthy,37,37,left,5,unassigned_steady_or_transition,3967,4089,122,1.1600000000003092,2401.7305
Sub06_H_T37_L_C06,Sub06_H,healthy,37,37,left,6,unassigned_steady_or_transition,4089,4209,120,1.1399999999998727,2401.7305
Sub06_H_T37_L_C07,Sub06_H,healthy,37,37,left,7,unassigned_steady_or_transition,4209,4342,133,1.2300000000000182,2401.7305
Sub06_H_T37_L_C08,Sub06_H,healthy,37,37,left,8,unassigned_steady_or_transition,4342,4479,137,1.2800000000002,2401.7305
Sub06_H_T37_L_C09,Sub06_H,healthy,37,37,left,9,unassigned_steady_or_transition,4479,4613,134,1.25,2401.7305
Sub06_H_T37_L_C10,Sub06_H,healthy,37,37,left,10,gait_termination,4613,4740,127,1.1900000000000546,2401.7305
Sub06_H_T38_L_C01,Sub06_H,healthy,38,38,left,1,gait_initiation,2070,2218,148,1.4200000000000728,-2537.62735
Sub06_H_T38_L_C02,Sub06_H,healthy,38,38,left,2,unassigned_steady_or_transition,2218,2336,118,1.1299999999996544,-2537.62735
Sub06_H_T38_L_C03,Sub06_H,healthy,38,38,left,3,unassigned_steady_or_transition,2336,2464,128,1.2199999999998,-2537.62735
Sub06_H_T38_L_C04,Sub06_H,healthy,38,38,left,4,unassigned_steady_or_transition,2464,2592,128,1.199999999999818,-2537.62735
Sub06_H_T38_L_C05,Sub06_H,healthy,38,38,left,5,unassigned_steady_or_transition,2592,2724,132,1.2199999999998,-2537.62735
Sub06_H_T38_L_C06,Sub06_H,healthy,38,38,left,6,unassigned_steady_or_transition,2724,2856,132,1.2199999999998,-2537.62735
Sub06_H_T38_L_C07,Sub06_H,healthy,38,38,left,7,unassigned_steady_or_transition,2856,2982,126,1.1799999999998363,-2537.62735
Sub06_H_T38_L_C08,Sub06_H,healthy,38,38,left,8,unassigned_steady_or_transition,2982,3107,125,1.1599999999998545,-2537.62735
Sub06_H_T38_L_C09,Sub06_H,healthy,38,38,left,9,unassigned_steady_or_transition,3107,3232,125,1.1600000000003092,-2537.62735
Sub06_H_T38_L_C10,Sub06_H,healthy,38,38,left,10,gait_termination,3232,3356,124,1.150000000000091,-2537.62735
Sub06_H_T38_R_C01,Sub06_H,healthy,38,38,right,1,gait_initiation,315,418,103,0.9600000000000364,1104.58
Sub06_H_T38_R_C02,Sub06_H,healthy,38,38,right,2,unassigned_steady_or_transition,418,541,123,1.1300000000001091,1104.58
Sub06_H_T38_R_C03,Sub06_H,healthy,38,38,right,3,unassigned_steady_or_transition,541,669,128,1.1899999999995998,1104.58
Sub06_H_T38_R_C04,Sub06_H,healthy,38,38,right,4,unassigned_steady_or_transition,669,798,129,1.199999999999818,1104.58
Sub06_H_T38_R_C05,Sub06_H,healthy,38,38,right,5,unassigned_steady_or_transition,798,929,131,1.2199999999998,1104.58
Sub06_H_T38_R_C06,Sub06_H,healthy,38,38,right,6,unassigned_steady_or_transition,929,1061,132,1.25,1104.58
Sub06_H_T38_R_C07,Sub06_H,healthy,38,38,right,7,unassigned_steady_or_transition,1061,1184,123,1.1700000000000728,1104.58
Sub06_H_T38_R_C08,Sub06_H,healthy,38,38,right,8,unassigned_steady_or_transition,1184,1306,122,1.150000000000091,1104.58
Sub06_H_T38_R_C09,Sub06_H,healthy,38,38,right,9,unassigned_steady_or_transition,1306,1432,126,1.1900000000000546,1104.58
Sub06_H_T38_R_C10,Sub06_H,healthy,38,38,right,10,gait_termination,1432,1554,122,1.150000000000091,1104.58
Sub06_H_T39_L_C01,Sub06_H,healthy,39,39,left,1,gait_initiation,2144,2231,87,0.8299999999999272,2512.3891
Sub06_H_T39_L_C02,Sub06_H,healthy,39,39,left,2,unassigned_steady_or_transition,2231,2361,130,1.2199999999993452,2512.3891
Sub06_H_T39_L_C03,Sub06_H,healthy,39,39,left,3,unassigned_steady_or_transition,2361,2492,131,1.2399999999997817,2512.3891
Sub06_H_T39_L_C04,Sub06_H,healthy,39,39,left,4,unassigned_steady_or_transition,2492,2623,131,1.2200000000002547,2512.3891
Sub06_H_T39_L_C05,Sub06_H,healthy,39,39,left,5,unassigned_steady_or_transition,2623,2753,130,1.2100000000000364,2512.3891
Sub06_H_T39_L_C06,Sub06_H,healthy,39,39,left,6,unassigned_steady_or_transition,2753,2882,129,1.2000000000007276,2512.3891
Sub06_H_T39_L_C07,Sub06_H,healthy,39,39,left,7,unassigned_steady_or_transition,2882,3014,132,1.230000000000473,2512.3891
Sub06_H_T39_L_C08,Sub06_H,healthy,39,39,left,8,unassigned_steady_or_transition,3014,3144,130,1.2100000000000364,2512.3891
Sub06_H_T39_L_C09,Sub06_H,healthy,39,39,left,9,unassigned_steady_or_transition,3144,3272,128,1.2100000000000364,2512.3891
Sub06_H_T39_L_C10,Sub06_H,healthy,39,39,left,10,unassigned_steady_or_transition,3272,3400,128,1.1900000000005093,2512.3891
Sub06_H_T39_L_C11,Sub06_H,healthy,39,39,left,11,gait_termination,3400,3522,122,1.1500000000005457,2512.3891
Sub06_H_T40_L_C01,Sub06_H,healthy,40,40,left,1,gait_initiation,2614,2729,115,1.1000000000003638,-2585.5093
Sub06_H_T40_L_C02,Sub06_H,healthy,40,40,left,2,unassigned_steady_or_transition,2729,2836,107,1.019999999999527,-2585.5093
Sub06_H_T40_L_C03,Sub06_H,healthy,40,40,left,3,unassigned_steady_or_transition,2836,2951,115,1.1000000000003638,-2585.5093
Sub06_H_T40_L_C04,Sub06_H,healthy,40,40,left,4,unassigned_steady_or_transition,2951,3078,127,1.2100000000000364,-2585.5093
Sub06_H_T40_L_C05,Sub06_H,healthy,40,40,left,5,unassigned_steady_or_transition,3078,3205,127,1.180000000000291,-2585.5093
Sub06_H_T40_L_C06,Sub06_H,healthy,40,40,left,6,unassigned_steady_or_transition,3205,3339,134,1.2400000000006912,-2585.5093
Sub06_H_T40_L_C07,Sub06_H,healthy,40,40,left,7,unassigned_steady_or_transition,3339,3467,128,1.1900000000005093,-2585.5093
Sub06_H_T40_L_C08,Sub06_H,healthy,40,40,left,8,unassigned_steady_or_transition,3467,3593,126,1.1899999999995998,-2585.5093
Sub06_H_T40_L_C09,Sub06_H,healthy,40,40,left,9,unassigned_steady_or_transition,3593,3724,131,1.2299999999995634,-2585.5093
Sub06_H_T40_L_C10,Sub06_H,healthy,40,40,left,10,gait_termination,3724,3850,126,1.1900000000005093,-2585.5093
Sub06_H_T40_R_C01,Sub06_H,healthy,40,40,right,1,gait_initiation,614,729,115,1.0599999999994907,1099.5
Sub06_H_T40_R_C02,Sub06_H,healthy,40,40,right,2,unassigned_steady_or_transition,729,842,113,1.050000000000182,1099.5
Sub06_H_T40_R_C03,Sub06_H,healthy,40,40,right,3,unassigned_steady_or_transition,842,965,123,1.139999999999418,1099.5
Sub06_H_T40_R_C04,Sub06_H,healthy,40,40,right,4,unassigned_steady_or_transition,965,1089,124,1.1599999999998545,1099.5
Sub06_H_T40_R_C05,Sub06_H,healthy,40,40,right,5,unassigned_steady_or_transition,1089,1218,129,1.199999999999818,1099.5
Sub06_H_T40_R_C06,Sub06_H,healthy,40,40,right,6,unassigned_steady_or_transition,1218,1351,133,1.2399999999997817,1099.5
Sub06_H_T40_R_C07,Sub06_H,healthy,40,40,right,7,unassigned_steady_or_transition,1351,1476,125,1.1700000000000728,1099.5
Sub06_H_T40_R_C08,Sub06_H,healthy,40,40,right,8,unassigned_steady_or_transition,1476,1603,127,1.1899999999995998,1099.5
Sub06_H_T40_R_C09,Sub06_H,healthy,40,40,right,9,unassigned_steady_or_transition,1603,1732,129,1.2299999999995634,1099.5
Sub06_H_T40_R_C10,Sub06_H,healthy,40,40,right,10,gait_termination,1732,1856,124,1.180000000000291,1099.5
Sub07_H_T02_L_C01,Sub07_H,healthy,2,2,left,1,gait_initiation,2475,2606,131,1.25,-1059.6174
Sub07_H_T02_L_C02,Sub07_H,healthy,2,2,left,2,unassigned_steady_or_transition,2606,2718,112,1.0600000000000023,-1059.6174
Sub07_H_T02_L_C03,Sub07_H,healthy,2,2,left,3,unassigned_steady_or_transition,2718,2836,118,1.1299999999999955,-1059.6174
Sub07_H_T02_L_C04,Sub07_H,healthy,2,2,left,4,unassigned_steady_or_transition,2836,2953,117,1.1099999999999568,-1059.6174
Sub07_H_T02_L_C05,Sub07_H,healthy,2,2,left,5,unassigned_steady_or_transition,2953,3068,115,1.1099999999999568,-1059.6174
Sub07_H_T02_L_C06,Sub07_H,healthy,2,2,left,6,unassigned_steady_or_transition,3068,3204,136,1.3199999999999932,-1059.6174
Sub07_H_T02_L_C07,Sub07_H,healthy,2,2,left,7,unassigned_steady_or_transition,3204,3328,124,1.170000000000016,-1059.6174
Sub07_H_T02_L_C08,Sub07_H,healthy,2,2,left,8,unassigned_steady_or_transition,3328,3428,100,0.9499999999999886,-1059.6174
Sub07_H_T02_L_C09,Sub07_H,healthy,2,2,left,9,gait_termination,3428,3583,155,1.490000000000009,-1059.6174
Sub07_H_T02_R_C01,Sub07_H,healthy,2,2,right,1,gait_initiation,611,704,93,0.8799999999999955,-362.3
Sub07_H_T02_R_C02,Sub07_H,healthy,2,2,right,2,unassigned_steady_or_transition,704,847,143,1.3700000000000045,-362.3
Sub07_H_T02_R_C03,Sub07_H,healthy,2,2,right,3,unassigned_steady_or_transition,847,921,74,0.6999999999999886,-362.3
Sub07_H_T02_R_C04,Sub07_H,healthy,2,2,right,4,unassigned_steady_or_transition,921,1050,129,1.25,-362.3
Sub07_H_T02_R_C05,Sub07_H,healthy,2,2,right,5,unassigned_steady_or_transition,1050,1195,145,1.410000000000025,-362.3
Sub07_H_T02_R_C06,Sub07_H,healthy,2,2,right,6,unassigned_steady_or_transition,1195,1295,100,0.9599999999999795,-362.3
Sub07_H_T02_R_C07,Sub07_H,healthy,2,2,right,7,unassigned_steady_or_transition,1295,1406,111,1.0699999999999932,-362.3
Sub07_H_T02_R_C08,Sub07_H,healthy,2,2,right,8,unassigned_steady_or_transition,1406,1526,120,1.1499999999999773,-362.3
Sub07_H_T02_R_C09,Sub07_H,healthy,2,2,right,9,unassigned_steady_or_transition,1526,1653,127,1.2200000000000273,-362.3
Sub07_H_T02_R_C10,Sub07_H,healthy,2,2,right,10,gait_termination,1653,1779,126,1.2199999999999704,-362.3
Sub07_H_T04_L_C01,Sub07_H,healthy,4,4,left,1,gait_initiation,3029,3123,94,0.8900000000000148,-985.8768499999999
Sub07_H_T04_L_C02,Sub07_H,healthy,4,4,left,2,unassigned_steady_or_transition,3123,3237,114,1.0900000000000034,-985.8768499999999
Sub07_H_T04_L_C03,Sub07_H,healthy,4,4,left,3,unassigned_steady_or_transition,3237,3355,118,1.1200000000000045,-985.8768499999999
Sub07_H_T04_L_C04,Sub07_H,healthy,4,4,left,4,unassigned_steady_or_transition,3355,3481,126,1.200000000000017,-985.8768499999999
Sub07_H_T04_L_C05,Sub07_H,healthy,4,4,left,5,unassigned_steady_or_transition,3481,3625,144,1.3700000000000045,-985.8768499999999
Sub07_H_T04_L_C06,Sub07_H,healthy,4,4,left,6,unassigned_steady_or_transition,3625,3758,133,1.2600000000000193,-985.8768499999999
Sub07_H_T04_L_C07,Sub07_H,healthy,4,4,left,7,gait_termination,3758,3885,127,1.210000000000008,-985.8768499999999
Sub07_H_T04_R_C01,Sub07_H,healthy,4,4,right,1,gait_initiation,755,873,118,1.1200000000000045,-395.57
Sub07_H_T04_R_C02,Sub07_H,healthy,4,4,right,2,unassigned_steady_or_transition,873,966,93,0.8700000000000045,-395.57
Sub07_H_T04_R_C03,Sub07_H,healthy,4,4,right,3,unassigned_steady_or_transition,966,1093,127,1.210000000000008,-395.57
Sub07_H_T04_R_C04,Sub07_H,healthy,4,4,right,4,unassigned_steady_or_transition,1093,1217,124,1.1899999999999977,-395.57
Sub07_H_T04_R_C05,Sub07_H,healthy,4,4,right,5,unassigned_steady_or_transition,1217,1363,146,1.4099999999999966,-395.57
Sub07_H_T04_R_C06,Sub07_H,healthy,4,4,right,6,unassigned_steady_or_transition,1363,1482,119,1.1400000000000148,-395.57
Sub07_H_T04_R_C07,Sub07_H,healthy,4,4,right,7,unassigned_steady_or_transition,1482,1609,127,1.2299999999999898,-395.57
Sub07_H_T04_R_C08,Sub07_H,healthy,4,4,right,8,unassigned_steady_or_transition,1609,1725,116,1.1099999999999852,-395.57
Sub07_H_T04_R_C09,Sub07_H,healthy,4,4,right,9,unassigned_steady_or_transition,1725,1858,133,1.2800000000000011,-395.57
Sub07_H_T04_R_C10,Sub07_H,healthy,4,4,right,10,gait_termination,2674,2871,197,1.8600000000000136,-395.57
Sub07_H_T05_R_C01,Sub07_H,healthy,5,5,right,1,gait_initiation,165,290,125,1.1800000000000068,350.5
Sub07_H_T05_R_C02,Sub07_H,healthy,5,5,right,2,unassigned_steady_or_transition,290,411,121,1.1299999999999955,350.5
Sub07_H_T05_R_C03,Sub07_H,healthy,5,5,right,3,unassigned_steady_or_transition,411,531,120,1.1299999999999955,350.5
Sub07_H_T05_R_C04,Sub07_H,healthy,5,5,right,4,unassigned_steady_or_transition,531,657,126,1.1899999999999977,350.5
Sub07_H_T05_R_C05,Sub07_H,healthy,5,5,right,5,unassigned_steady_or_transition,657,783,126,1.1899999999999977,350.5
Sub07_H_T05_R_C06,Sub07_H,healthy,5,5,right,6,unassigned_steady_or_transition,783,911,128,1.2099999999999795,350.5
Sub07_H_T05_R_C07,Sub07_H,healthy,5,5,right,7,unassigned_steady_or_transition,911,1040,129,1.25,350.5
Sub07_H_T05_R_C08,Sub07_H,healthy,5,5,right,8,unassigned_steady_or_transition,1040,1174,134,1.3100000000000023,350.5
Sub07_H_T05_R_C09,Sub07_H,healthy,5,5,right,9,unassigned_steady_or_transition,1174,1306,132,1.2699999999999818,350.5
Sub07_H_T05_R_C10,Sub07_H,healthy,5,5,right,10,gait_termination,1306,1429,123,1.1800000000000068,350.5
Sub07_H_T06_L_C01,Sub07_H,healthy,6,6,left,1,gait_initiation,2092,2206,114,1.1099999999999568,-1019.1867
Sub07_H_T06_L_C02,Sub07_H,healthy,6,6,left,2,unassigned_steady_or_transition,2206,2320,114,1.089999999999975,-1019.1867
Sub07_H_T06_L_C03,Sub07_H,healthy,6,6,left,3,unassigned_steady_or_transition,2320,2435,115,1.1200000000000045,-1019.1867
Sub07_H_T06_L_C04,Sub07_H,healthy,6,6,left,4,unassigned_steady_or_transition,2435,2555,120,1.1399999999999864,-1019.1867
Sub07_H_T06_L_C05,Sub07_H,healthy,6,6,left,5,unassigned_steady_or_transition,2555,2682,127,1.2099999999999795,-1019.1867
Sub07_H_T06_L_C06,Sub07_H,healthy,6,6,left,6,unassigned_steady_or_transition,2682,2807,125,1.1800000000000068,-1019.1867
Sub07_H_T06_L_C07,Sub07_H,healthy,6,6,left,7,gait_termination,2807,2893,86,0.8100000000000023,-1019.1867
Sub07_H_T06_R_C01,Sub07_H,healthy,6,6,right,1,gait_initiation,699,816,117,1.099999999999966,341.43500000000006
Sub07_H_T06_R_C02,Sub07_H,healthy,6,6,right,2,unassigned_steady_or_transition,816,933,117,1.1100000000000136,341.43500000000006
Sub07_H_T06_R_C03,Sub07_H,healthy,6,6,right,3,unassigned_steady_or_transition,933,1051,118,1.1400000000000432,341.43500000000006
Sub07_H_T06_R_C04,Sub07_H,healthy,6,6,right,4,unassigned_steady_or_transition,1051,1169,118,1.1399999999999864,341.43500000000006
Sub07_H_T06_R_C05,Sub07_H,healthy,6,6,right,5,unassigned_steady_or_transition,1169,1288,119,1.1399999999999864,341.43500000000006
Sub07_H_T06_R_C06,Sub07_H,healthy,6,6,right,6,unassigned_steady_or_transition,1288,1413,125,1.1999999999999886,341.43500000000006
Sub07_H_T06_R_C07,Sub07_H,healthy,6,6,right,7,unassigned_steady_or_transition,1413,1530,117,1.1200000000000045,341.43500000000006
Sub07_H_T06_R_C08,Sub07_H,healthy,6,6,right,8,unassigned_steady_or_transition,1530,1643,113,1.0900000000000318,341.43500000000006
Sub07_H_T06_R_C09,Sub07_H,healthy,6,6,right,9,unassigned_steady_or_transition,1643,1763,120,1.1599999999999682,341.43500000000006
Sub07_H_T06_R_C10,Sub07_H,healthy,6,6,right,10,gait_termination,1763,1886,123,1.1899999999999977,341.43500000000006
Sub07_H_T07_R_C01,Sub07_H,healthy,7,7,right,1,gait_initiation,533,662,129,1.2300000000000182,400.5200000000004
Sub07_H_T07_R_C02,Sub07_H,healthy,7,7,right,2,unassigned_steady_or_transition,662,777,115,1.099999999999966,400.5200000000004
Sub07_H_T07_R_C03,Sub07_H,healthy,7,7,right,3,unassigned_steady_or_transition,777,896,119,1.1399999999999864,400.5200000000004
Sub07_H_T07_R_C04,Sub07_H,healthy,7,7,right,4,unassigned_steady_or_transition,896,1011,115,1.1000000000000227,400.5200000000004
Sub07_H_T07_R_C05,Sub07_H,healthy,7,7,right,5,unassigned_steady_or_transition,1011,1130,119,1.1599999999999682,400.5200000000004
Sub07_H_T07_R_C06,Sub07_H,healthy,7,7,right,6,unassigned_steady_or_transition,1130,1245,115,1.1099999999999568,400.5200000000004
Sub07_H_T07_R_C07,Sub07_H,healthy,7,7,right,7,unassigned_steady_or_transition,1245,1370,125,1.2100000000000364,400.5200000000004
Sub07_H_T07_R_C08,Sub07_H,healthy,7,7,right,8,unassigned_steady_or_transition,1370,1502,132,1.2799999999999727,400.5200000000004
Sub07_H_T07_R_C09,Sub07_H,healthy,7,7,right,9,unassigned_steady_or_transition,1502,1630,128,1.2299999999999613,400.5200000000004
Sub07_H_T07_R_C10,Sub07_H,healthy,7,7,right,10,gait_termination,1630,1752,122,1.1800000000000068,400.5200000000004
Sub07_H_T08_L_C01,Sub07_H,healthy,8,8,left,1,gait_initiation,4156,4276,120,1.1399999999999864,931.3255
Sub07_H_T08_L_C02,Sub07_H,healthy,8,8,left,2,gait_termination,4276,4375,99,0.9600000000000364,931.3255
Sub07_H_T08_R_C01,Sub07_H,healthy,8,8,right,1,gait_initiation,1231,1333,102,0.9500000000000455,-418.75
Sub07_H_T08_R_C02,Sub07_H,healthy,8,8,right,2,unassigned_steady_or_transition,1333,1454,121,1.1399999999999864,-418.75
Sub07_H_T08_R_C03,Sub07_H,healthy,8,8,right,3,unassigned_steady_or_transition,1454,1544,90,1.2100000000000364,-418.75
Sub07_H_T08_R_C04,Sub07_H,healthy,8,8,right,4,unassigned_steady_or_transition,1544,1650,106,1.0,-418.75
Sub07_H_T08_R_C05,Sub07_H,healthy,8,8,right,5,unassigned_steady_or_transition,1650,1789,139,1.349999999999966,-418.75
Sub07_H_T08_R_C06,Sub07_H,healthy,8,8,right,6,unassigned_steady_or_transition,1789,1909,120,1.1599999999999682,-418.75
Sub07_H_T08_R_C07,Sub07_H,healthy,8,8,right,7,unassigned_steady_or_transition,1909,2025,116,1.1100000000000136,-418.75
Sub07_H_T08_R_C08,Sub07_H,healthy,8,8,right,8,unassigned_steady_or_transition,2025,2171,146,1.400000000000034,-418.75
Sub07_H_T08_R_C09,Sub07_H,healthy,8,8,right,9,unassigned_steady_or_transition,2171,2270,99,0.9499999999999886,-418.75
Sub07_H_T08_R_C10,Sub07_H,healthy,8,8,right,10,unassigned_steady_or_transition,2270,2401,131,1.259999999999991,-418.75
Sub07_H_T08_R_C11,Sub07_H,healthy,8,8,right,11,gait_termination,3414,3588,174,1.6600000000000819,-418.75
Sub07_H_T09_L_C01,Sub07_H,healthy,9,9,left,1,gait_initiation,1887,2117,230,2.199999999999932,964.4175
Sub07_H_T09_L_C02,Sub07_H,healthy,9,9,left,2,unassigned_steady_or_transition,2117,2237,120,1.150000000000091,964.4175
Sub07_H_T09_L_C03,Sub07_H,healthy,9,9,left,3,unassigned_steady_or_transition,2237,2355,118,1.1299999999999955,964.4175
Sub07_H_T09_L_C04,Sub07_H,healthy,9,9,left,4,unassigned_steady_or_transition,2355,2471,116,1.1000000000000227,964.4175
Sub07_H_T09_L_C05,Sub07_H,healthy,9,9,left,5,unassigned_steady_or_transition,2471,2592,121,1.1599999999999682,964.4175
Sub07_H_T09_L_C06,Sub07_H,healthy,9,9,left,6,unassigned_steady_or_transition,2592,2711,119,1.1299999999999955,964.4175
Sub07_H_T09_L_C07,Sub07_H,healthy,9,9,left,7,unassigned_steady_or_transition,2711,2848,137,1.2799999999999727,964.4175
Sub07_H_T09_L_C08,Sub07_H,healthy,9,9,left,8,unassigned_steady_or_transition,2848,2992,144,1.3600000000000136,964.4175
Sub07_H_T09_L_C09,Sub07_H,healthy,9,9,left,9,unassigned_steady_or_transition,2992,3137,145,1.3700000000000045,964.4175
Sub07_H_T09_L_C10,Sub07_H,healthy,9,9,left,10,gait_termination,3137,3181,44,0.41000000000008185,964.4175
Sub07_H_T09_R_C01,Sub07_H,healthy,9,9,right,1,gait_initiation,117,317,200,1.9099999999999682,-351.1
Sub07_H_T09_R_C02,Sub07_H,healthy,9,9,right,2,unassigned_steady_or_transition,317,411,94,0.8899999999999864,-351.1
Sub07_H_T09_R_C03,Sub07_H,healthy,9,9,right,3,unassigned_steady_or_transition,411,532,121,1.150000000000091,-351.1
Sub07_H_T09_R_C04,Sub07_H,healthy,9,9,right,4,unassigned_steady_or_transition,532,645,113,1.0699999999999363,-351.1
Sub07_H_T09_R_C05,Sub07_H,healthy,9,9,right,5,unassigned_steady_or_transition,645,754,109,1.0400000000000773,-351.1
Sub07_H_T09_R_C06,Sub07_H,healthy,9,9,right,6,unassigned_steady_or_transition,754,881,127,1.1999999999999318,-351.1
Sub07_H_T09_R_C07,Sub07_H,healthy,9,9,right,7,unassigned_steady_or_transition,881,1021,140,1.3500000000000227,-351.1
Sub07_H_T09_R_C08,Sub07_H,healthy,9,9,right,8,unassigned_steady_or_transition,1021,1152,131,1.2700000000000955,-351.1
Sub07_H_T09_R_C09,Sub07_H,healthy,9,9,right,9,unassigned_steady_or_transition,1152,1291,139,1.349999999999909,-351.1
Sub07_H_T09_R_C10,Sub07_H,healthy,9,9,right,10,gait_termination,1291,1437,146,1.4100000000000819,-351.1
Sub07_H_T10_L_C01,Sub07_H,healthy,10,10,left,1,gait_initiation,1814,1890,76,0.7199999999999136,964.0534
Sub07_H_T10_L_C02,Sub07_H,healthy,10,10,left,2,unassigned_steady_or_transition,1890,2002,112,1.080000000000041,964.0534
Sub07_H_T10_L_C03,Sub07_H,healthy,10,10,left,3,unassigned_steady_or_transition,2002,2111,109,1.0399999999999636,964.0534
Sub07_H_T10_L_C04,Sub07_H,healthy,10,10,left,4,unassigned_steady_or_transition,2111,2230,119,1.1299999999999955,964.0534
Sub07_H_T10_L_C05,Sub07_H,healthy,10,10,left,5,unassigned_steady_or_transition,2230,2348,118,1.1200000000000045,964.0534
Sub07_H_T10_L_C06,Sub07_H,healthy,10,10,left,6,unassigned_steady_or_transition,2348,2465,117,1.1100000000000136,964.0534
Sub07_H_T10_L_C07,Sub07_H,healthy,10,10,left,7,unassigned_steady_or_transition,2465,2594,129,1.2300000000000182,964.0534
Sub07_H_T10_L_C08,Sub07_H,healthy,10,10,left,8,unassigned_steady_or_transition,2594,2728,134,1.2699999999999818,964.0534
Sub07_H_T10_L_C09,Sub07_H,healthy,10,10,left,9,unassigned_steady_or_transition,2728,2854,126,1.1999999999999318,964.0534
Sub07_H_T10_L_C10,Sub07_H,healthy,10,10,left,10,unassigned_steady_or_transition,2854,2983,129,1.2299999999999045,964.0534
Sub07_H_T10_L_C11,Sub07_H,healthy,10,10,left,11,gait_termination,2983,3113,130,1.240000000000009,964.0534
Sub07_H_T10_R_C01,Sub07_H,healthy,10,10,right,1,gait_initiation,438,555,117,1.0900000000000318,379.95000000000005
Sub07_H_T10_R_C02,Sub07_H,healthy,10,10,right,2,unassigned_steady_or_transition,555,668,113,1.07000000000005,379.95000000000005
Sub07_H_T10_R_C03,Sub07_H,healthy,10,10,right,3,unassigned_steady_or_transition,668,783,115,1.1200000000000045,379.95000000000005
Sub07_H_T10_R_C04,Sub07_H,healthy,10,10,right,4,unassigned_steady_or_transition,783,900,117,1.1200000000000045,379.95000000000005
Sub07_H_T10_R_C05,Sub07_H,healthy,10,10,right,5,unassigned_steady_or_transition,900,1021,121,1.1599999999999682,379.95000000000005
Sub07_H_T10_R_C06,Sub07_H,healthy,10,10,right,6,unassigned_steady_or_transition,1021,1154,133,1.2699999999999818,379.95000000000005
Sub07_H_T10_R_C07,Sub07_H,healthy,10,10,right,7,unassigned_steady_or_transition,1154,1284,130,1.25,379.95000000000005
Sub07_H_T10_R_C08,Sub07_H,healthy,10,10,right,8,unassigned_steady_or_transition,1284,1409,125,1.2100000000000364,379.95000000000005
Sub07_H_T10_R_C09,Sub07_H,healthy,10,10,right,9,unassigned_steady_or_transition,1409,1535,126,1.2100000000000364,379.95000000000005
Sub07_H_T10_R_C10,Sub07_H,healthy,10,10,right,10,gait_termination,1535,1667,132,1.2699999999999818,379.95000000000005
Sub07_H_T11_L_C01,Sub07_H,healthy,11,11,left,1,gait_initiation,1958,2101,143,1.3700000000000045,1010.944
Sub07_H_T11_L_C02,Sub07_H,healthy,11,11,left,2,unassigned_steady_or_transition,2101,2217,116,1.1100000000000136,1010.944
Sub07_H_T11_L_C03,Sub07_H,healthy,11,11,left,3,unassigned_steady_or_transition,2217,2336,119,1.1299999999999955,1010.944
Sub07_H_T11_L_C04,Sub07_H,healthy,11,11,left,4,unassigned_steady_or_transition,2336,2448,112,1.0699999999999363,1010.944
Sub07_H_T11_L_C05,Sub07_H,healthy,11,11,left,5,unassigned_steady_or_transition,2448,2567,119,1.1399999999999864,1010.944
Sub07_H_T11_L_C06,Sub07_H,healthy,11,11,left,6,unassigned_steady_or_transition,2567,2688,121,1.1399999999999864,1010.944
Sub07_H_T11_L_C07,Sub07_H,healthy,11,11,left,7,unassigned_steady_or_transition,2688,2827,139,1.2999999999999545,1010.944
Sub07_H_T11_L_C08,Sub07_H,healthy,11,11,left,8,unassigned_steady_or_transition,2827,2955,128,1.2100000000000364,1010.944
Sub07_H_T11_L_C09,Sub07_H,healthy,11,11,left,9,unassigned_steady_or_transition,2955,3081,126,1.2000000000000455,1010.944
Sub07_H_T11_L_C10,Sub07_H,healthy,11,11,left,10,gait_termination,3081,3205,124,1.1899999999999409,1010.944
Sub07_H_T11_R_C01,Sub07_H,healthy,11,11,right,1,gait_initiation,1480,1611,131,1.259999999999991,337.45000000000005
Sub07_H_T11_R_C02,Sub07_H,healthy,11,11,right,2,unassigned_steady_or_transition,1611,1727,116,1.1200000000000045,337.45000000000005
Sub07_H_T11_R_C03,Sub07_H,healthy,11,11,right,3,unassigned_steady_or_transition,1727,1843,116,1.1100000000000136,337.45000000000005
Sub07_H_T11_R_C04,Sub07_H,healthy,11,11,right,4,unassigned_steady_or_transition,1843,1958,115,1.1000000000000227,337.45000000000005
Sub07_H_T11_R_C05,Sub07_H,healthy,11,11,right,5,unassigned_steady_or_transition,1958,2082,124,1.17999999999995,337.45000000000005
Sub07_H_T11_R_C06,Sub07_H,healthy,11,11,right,6,unassigned_steady_or_transition,2082,2204,122,1.1700000000000728,337.45000000000005
Sub07_H_T11_R_C07,Sub07_H,healthy,11,11,right,7,unassigned_steady_or_transition,2204,2333,129,1.240000000000009,337.45000000000005
Sub07_H_T11_R_C08,Sub07_H,healthy,11,11,right,8,unassigned_steady_or_transition,2333,2461,128,1.2099999999999227,337.45000000000005
Sub07_H_T11_R_C09,Sub07_H,healthy,11,11,right,9,unassigned_steady_or_transition,2461,2586,125,1.2000000000000455,337.45000000000005
Sub07_H_T11_R_C10,Sub07_H,healthy,11,11,right,10,gait_termination,2586,2714,128,1.2000000000000455,337.45000000000005
Sub07_H_T12_L_C01,Sub07_H,healthy,12,12,left,1,gait_initiation,910,995,85,1.1800000000000637,1045.6613
Sub07_H_T12_L_C02,Sub07_H,healthy,12,12,left,2,unassigned_steady_or_transition,995,1106,111,1.0699999999999363,1045.6613
Sub07_H_T12_L_C03,Sub07_H,healthy,12,12,left,3,unassigned_steady_or_transition,1106,1222,116,1.1200000000001182,1045.6613
Sub07_H_T12_L_C04,Sub07_H,healthy,12,12,left,4,unassigned_steady_or_transition,1222,1341,119,1.1400000000001,1045.6613
Sub07_H_T12_L_C05,Sub07_H,healthy,12,12,left,5,unassigned_steady_or_transition,1341,1458,117,1.1299999999998818,1045.6613
Sub07_H_T12_L_C06,Sub07_H,healthy,12,12,left,6,unassigned_steady_or_transition,1458,1594,136,1.3199999999999363,1045.6613
Sub07_H_T12_L_C07,Sub07_H,healthy,12,12,left,7,unassigned_steady_or_transition,1594,1731,137,1.3200000000001637,1045.6613
Sub07_H_T12_L_C08,Sub07_H,healthy,12,12,left,8,unassigned_steady_or_transition,1731,1831,100,1.1900000000000546,1045.6613
Sub07_H_T12_L_C09,Sub07_H,healthy,12,12,left,9,unassigned_steady_or_transition,1831,1918,87,1.209999999999809,1045.6613
Sub07_H_T12_L_C10,Sub07_H,healthy,12,12,left,10,gait_termination,1918,2038,120,1.1600000000000819,1045.6613
Sub07_H_T12_R_C01,Sub07_H,healthy,12,12,right,1,gait_initiation,930,1049,119,1.1499999999998636,360.015
Sub07_H_T12_R_C02,Sub07_H,healthy,12,12,right,2,unassigned_steady_or_transition,1049,1159,110,1.0599999999999454,360.015
Sub07_H_T12_R_C03,Sub07_H,healthy,12,12,right,3,unassigned_steady_or_transition,1159,1276,117,1.1199999999998909,360.015
Sub07_H_T12_R_C04,Sub07_H,healthy,12,12,right,4,unassigned_steady_or_transition,1276,1393,117,1.1300000000001091,360.015
Sub07_H_T12_R_C05,Sub07_H,healthy,12,12,right,5,unassigned_steady_or_transition,1393,1521,128,1.240000000000009,360.015
Sub07_H_T12_R_C06,Sub07_H,healthy,12,12,right,6,unassigned_steady_or_transition,1521,1663,142,1.3699999999998909,360.015
Sub07_H_T12_R_C07,Sub07_H,healthy,12,12,right,7,unassigned_steady_or_transition,1663,1766,103,1.2200000000000273,360.015
Sub07_H_T12_R_C08,Sub07_H,healthy,12,12,right,8,unassigned_steady_or_transition,1766,1851,85,1.1900000000000546,360.015
Sub07_H_T12_R_C09,Sub07_H,healthy,12,12,right,9,unassigned_steady_or_transition,1851,1974,123,1.1900000000000546,360.015
Sub07_H_T12_R_C10,Sub07_H,healthy,12,12,right,10,gait_termination,1974,2099,125,1.209999999999809,360.015
Sub07_H_T13_L_C01,Sub07_H,healthy,13,13,left,1,gait_initiation,1122,1213,91,0.8799999999999955,-1065.6417
Sub07_H_T13_L_C02,Sub07_H,healthy,13,13,left,2,unassigned_steady_or_transition,1213,1328,115,1.0999999999999943,-1065.6417
Sub07_H_T13_L_C03,Sub07_H,healthy,13,13,left,3,unassigned_steady_or_transition,1328,1437,109,1.0499999999999972,-1065.6417
Sub07_H_T13_L_C04,Sub07_H,healthy,13,13,left,4,unassigned_steady_or_transition,1437,1554,117,1.1199999999999903,-1065.6417
Sub07_H_T13_L_C05,Sub07_H,healthy,13,13,left,5,unassigned_steady_or_transition,1554,1672,118,1.1299999999999955,-1065.6417
Sub07_H_T13_L_C06,Sub07_H,healthy,13,13,left,6,unassigned_steady_or_transition,1672,1786,114,1.0900000000000034,-1065.6417
Sub07_H_T13_L_C07,Sub07_H,healthy,13,13,left,7,unassigned_steady_or_transition,1786,1948,162,1.5400000000000063,-1065.6417
Sub07_H_T13_L_C08,Sub07_H,healthy,13,13,left,8,unassigned_steady_or_transition,1948,2097,149,1.4200000000000017,-1065.6417
Sub07_H_T13_L_C09,Sub07_H,healthy,13,13,left,9,unassigned_steady_or_transition,2097,2226,129,1.2199999999999989,-1065.6417
Sub07_H_T13_L_C10,Sub07_H,healthy,13,13,left,10,gait_termination,2226,2361,135,1.289999999999992,-1065.6417
Sub07_H_T13_R_C01,Sub07_H,healthy,13,13,right,1,gait_initiation,1041,1116,75,0.7099999999999937,353.24500000000006
Sub07_H_T13_R_C02,Sub07_H,healthy,13,13,right,2,unassigned_steady_or_transition,1116,1241,125,1.210000000000008,353.24500000000006
Sub07_H_T13_R_C03,Sub07_H,healthy,13,13,right,3,unassigned_steady_or_transition,1241,1357,116,1.1099999999999994,353.24500000000006
Sub07_H_T13_R_C04,Sub07_H,healthy,13,13,right,4,unassigned_steady_or_transition,1357,1474,117,1.1200000000000045,353.24500000000006
Sub07_H_T13_R_C05,Sub07_H,healthy,13,13,right,5,unassigned_steady_or_transition,1474,1586,112,1.0799999999999983,353.24500000000006
Sub07_H_T13_R_C06,Sub07_H,healthy,13,13,right,6,unassigned_steady_or_transition,1586,1706,120,1.1500000000000057,353.24500000000006
Sub07_H_T13_R_C07,Sub07_H,healthy,13,13,right,7,unassigned_steady_or_transition,1706,1824,118,1.1299999999999955,353.24500000000006
Sub07_H_T13_R_C08,Sub07_H,healthy,13,13,right,8,unassigned_steady_or_transition,1824,1956,132,1.25,353.24500000000006
Sub07_H_T13_R_C09,Sub07_H,healthy,13,13,right,9,unassigned_steady_or_transition,1956,2095,139,1.3199999999999932,353.24500000000006
Sub07_H_T13_R_C10,Sub07_H,healthy,13,13,right,10,unassigned_steady_or_transition,2095,2234,139,1.3199999999999932,353.24500000000006
Sub07_H_T13_R_C11,Sub07_H,healthy,13,13,right,11,gait_termination,2234,2366,132,1.2600000000000051,353.24500000000006
Sub07_H_T14_L_C01,Sub07_H,healthy,13,14,left,1,gait_initiation,4418,4531,113,1.0799999999999983,1037.4853500000002
Sub07_H_T14_L_C02,Sub07_H,healthy,13,14,left,2,unassigned_steady_or_transition,4531,4647,116,1.1099999999999994,1037.4853500000002
Sub07_H_T14_L_C03,Sub07_H,healthy,13,14,left,3,unassigned_steady_or_transition,4647,4772,125,1.2000000000000028,1037.4853500000002
Sub07_H_T14_L_C04,Sub07_H,healthy,13,14,left,4,unassigned_steady_or_transition,4772,4897,125,1.1899999999999977,1037.4853500000002
Sub07_H_T14_L_C05,Sub07_H,healthy,13,14,left,5,unassigned_steady_or_transition,4897,5016,119,1.1400000000000006,1037.4853500000002
Sub07_H_T14_L_C06,Sub07_H,healthy,13,14,left,6,unassigned_steady_or_transition,5016,5146,130,1.2600000000000051,1037.4853500000002
Sub07_H_T14_L_C07,Sub07_H,healthy,13,14,left,7,unassigned_steady_or_transition,5146,5273,127,1.2199999999999989,1037.4853500000002
Sub07_H_T14_L_C08,Sub07_H,healthy,13,14,left,8,unassigned_steady_or_transition,5273,5396,123,1.1800000000000068,1037.4853500000002
Sub07_H_T14_L_C09,Sub07_H,healthy,13,14,left,9,unassigned_steady_or_transition,5396,5522,126,1.2199999999999989,1037.4853500000002
Sub07_H_T14_L_C10,Sub07_H,healthy,13,14,left,10,gait_termination,5522,5648,126,1.2099999999999937,1037.4853500000002
Sub07_H_T14_R_C01,Sub07_H,healthy,13,14,right,1,gait_initiation,4467,4589,122,1.1699999999999875,383.35
Sub07_H_T14_R_C02,Sub07_H,healthy,13,14,right,2,unassigned_steady_or_transition,4589,4707,118,1.1299999999999955,383.35
Sub07_H_T14_R_C03,Sub07_H,healthy,13,14,right,3,unassigned_steady_or_transition,4707,4832,125,1.1899999999999977,383.35
Sub07_H_T14_R_C04,Sub07_H,healthy,13,14,right,4,unassigned_steady_or_transition,4832,4957,125,1.1899999999999977,383.35
Sub07_H_T14_R_C05,Sub07_H,healthy,13,14,right,5,unassigned_steady_or_transition,4957,5078,121,1.1599999999999966,383.35
Sub07_H_T14_R_C06,Sub07_H,healthy,13,14,right,6,unassigned_steady_or_transition,5078,5210,132,1.269999999999996,383.35
Sub07_H_T14_R_C07,Sub07_H,healthy,13,14,right,7,unassigned_steady_or_transition,5210,5334,124,1.1899999999999977,383.35
Sub07_H_T14_R_C08,Sub07_H,healthy,13,14,right,8,unassigned_steady_or_transition,5334,5458,124,1.2000000000000028,383.35
Sub07_H_T14_R_C09,Sub07_H,healthy,13,14,right,9,unassigned_steady_or_transition,5458,5584,126,1.2099999999999937,383.35
Sub07_H_T14_R_C10,Sub07_H,healthy,13,14,right,10,gait_termination,5584,5710,126,1.2099999999999795,383.35
Sub07_H_T15_L_C01,Sub07_H,healthy,13,15,left,1,gait_initiation,7776,7901,125,1.2199999999999989,-1050.27135
Sub07_H_T15_L_C02,Sub07_H,healthy,13,15,left,2,unassigned_steady_or_transition,7901,7982,81,0.7699999999999818,-1050.27135
Sub07_H_T15_L_C03,Sub07_H,healthy,13,15,left,3,unassigned_steady_or_transition,7982,8098,116,1.1199999999999761,-1050.27135
Sub07_H_T15_L_C04,Sub07_H,healthy,13,15,left,4,unassigned_steady_or_transition,8098,8222,124,1.1999999999999886,-1050.27135
Sub07_H_T15_L_C05,Sub07_H,healthy,13,15,left,5,unassigned_steady_or_transition,8222,8344,122,1.170000000000016,-1050.27135
Sub07_H_T15_L_C06,Sub07_H,healthy,13,15,left,6,unassigned_steady_or_transition,8344,8462,118,1.1400000000000148,-1050.27135
Sub07_H_T15_L_C07,Sub07_H,healthy,13,15,left,7,unassigned_steady_or_transition,8462,8585,123,1.539999999999992,-1050.27135
Sub07_H_T15_L_C08,Sub07_H,healthy,13,15,left,8,unassigned_steady_or_transition,8585,8677,92,1.25,-1050.27135
Sub07_H_T15_L_C09,Sub07_H,healthy,13,15,left,9,unassigned_steady_or_transition,8677,8783,106,1.210000000000008,-1050.27135
Sub07_H_T15_L_C10,Sub07_H,healthy,13,15,left,10,gait_termination,8783,8909,126,1.210000000000008,-1050.27135
Sub07_H_T15_R_C01,Sub07_H,healthy,13,15,right,1,gait_initiation,7771,7897,126,1.2299999999999898,348.26
Sub07_H_T15_R_C02,Sub07_H,healthy,13,15,right,2,unassigned_steady_or_transition,7897,8014,117,1.1200000000000045,348.26
Sub07_H_T15_R_C03,Sub07_H,healthy,13,15,right,3,unassigned_steady_or_transition,8014,8129,115,1.0999999999999943,348.26
Sub07_H_T15_R_C04,Sub07_H,healthy,13,15,right,4,unassigned_steady_or_transition,8129,8251,122,1.1800000000000068,348.26
Sub07_H_T15_R_C05,Sub07_H,healthy,13,15,right,5,unassigned_steady_or_transition,8251,8374,123,1.1800000000000068,348.26
Sub07_H_T15_R_C06,Sub07_H,healthy,13,15,right,6,unassigned_steady_or_transition,8374,8497,123,1.1800000000000068,348.26
Sub07_H_T15_R_C07,Sub07_H,healthy,13,15,right,7,unassigned_steady_or_transition,8497,8588,91,1.2299999999999898,348.26
Sub07_H_T15_R_C08,Sub07_H,healthy,13,15,right,8,unassigned_steady_or_transition,8588,8677,89,1.2199999999999989,348.26
Sub07_H_T15_R_C09,Sub07_H,healthy,13,15,right,9,unassigned_steady_or_transition,8677,8784,107,1.2199999999999989,348.26
Sub07_H_T15_R_C10,Sub07_H,healthy,13,15,right,10,gait_termination,8784,8910,126,1.210000000000008,348.26
Sub07_H_T16_L_C01,Sub07_H,healthy,13,16,left,1,gait_initiation,10909,10986,77,0.7400000000000091,1031.5874
Sub07_H_T16_L_C02,Sub07_H,healthy,13,16,left,2,unassigned_steady_or_transition,10986,11095,109,1.0400000000000205,1031.5874
Sub07_H_T16_L_C03,Sub07_H,healthy,13,16,left,3,unassigned_steady_or_transition,11095,11207,112,1.0800000000000125,1031.5874
Sub07_H_T16_L_C04,Sub07_H,healthy,13,16,left,4,unassigned_steady_or_transition,11207,11325,118,1.1299999999999955,1031.5874
Sub07_H_T16_L_C05,Sub07_H,healthy,13,16,left,5,unassigned_steady_or_transition,11325,11446,121,1.160000000000025,1031.5874
Sub07_H_T16_L_C06,Sub07_H,healthy,13,16,left,6,unassigned_steady_or_transition,11446,11575,129,1.240000000000009,1031.5874
Sub07_H_T16_L_C07,Sub07_H,healthy,13,16,left,7,unassigned_steady_or_transition,11575,11701,126,1.2199999999999989,1031.5874
Sub07_H_T16_L_C08,Sub07_H,healthy,13,16,left,8,unassigned_steady_or_transition,11701,11826,125,1.200000000000017,1031.5874
Sub07_H_T16_L_C09,Sub07_H,healthy,13,16,left,9,unassigned_steady_or_transition,11826,11947,121,1.1699999999999875,1031.5874
Sub07_H_T16_L_C10,Sub07_H,healthy,13,16,left,10,gait_termination,11947,12072,125,1.1999999999999886,1031.5874
Sub07_H_T16_R_C01,Sub07_H,healthy,13,16,right,1,gait_initiation,10964,11036,72,1.0500000000000114,339.18000000000006
Sub07_H_T16_R_C02,Sub07_H,healthy,13,16,right,2,unassigned_steady_or_transition,11036,11148,112,1.0699999999999932,339.18000000000006
Sub07_H_T16_R_C03,Sub07_H,healthy,13,16,right,3,unassigned_steady_or_transition,11148,11261,113,1.079999999999984,339.18000000000006
Sub07_H_T16_R_C04,Sub07_H,healthy,13,16,right,4,unassigned_steady_or_transition,11261,11381,120,1.1499999999999773,339.18000000000006
Sub07_H_T16_R_C05,Sub07_H,healthy,13,16,right,5,unassigned_steady_or_transition,11381,11508,127,1.2199999999999989,339.18000000000006
Sub07_H_T16_R_C06,Sub07_H,healthy,13,16,right,6,unassigned_steady_or_transition,11508,11634,126,1.2199999999999989,339.18000000000006
Sub07_H_T16_R_C07,Sub07_H,healthy,13,16,right,7,unassigned_steady_or_transition,11634,11763,129,1.240000000000009,339.18000000000006
Sub07_H_T16_R_C08,Sub07_H,healthy,13,16,right,8,unassigned_steady_or_transition,11763,11883,120,1.160000000000025,339.18000000000006
Sub07_H_T16_R_C09,Sub07_H,healthy,13,16,right,9,unassigned_steady_or_transition,11883,12006,123,1.1800000000000068,339.18000000000006
Sub07_H_T16_R_C10,Sub07_H,healthy,13,16,right,10,gait_termination,12006,12135,129,1.240000000000009,339.18000000000006
Sub07_H_T17_L_C01,Sub07_H,healthy,13,17,left,1,gait_initiation,13981,14098,117,1.1399999999999864,-1065.6091
Sub07_H_T17_L_C02,Sub07_H,healthy,13,17,left,2,unassigned_steady_or_transition,14098,14178,80,0.7599999999999909,-1065.6091
Sub07_H_T17_L_C03,Sub07_H,healthy,13,17,left,3,unassigned_steady_or_transition,14178,14291,113,1.0900000000000034,-1065.6091
Sub07_H_T17_L_C04,Sub07_H,healthy,13,17,left,4,unassigned_steady_or_transition,14291,14443,152,1.4599999999999795,-1065.6091
Sub07_H_T17_L_C05,Sub07_H,healthy,13,17,left,5,unassigned_steady_or_transition,14443,14527,84,0.8100000000000023,-1065.6091
Sub07_H_T17_L_C06,Sub07_H,healthy,13,17,left,6,unassigned_steady_or_transition,14527,14642,115,1.1100000000000136,-1065.6091
Sub07_H_T17_L_C07,Sub07_H,healthy,13,17,left,7,unassigned_steady_or_transition,14642,14802,160,1.5300000000000011,-1065.6091
Sub07_H_T17_L_C08,Sub07_H,healthy,13,17,left,8,unassigned_steady_or_transition,14802,14942,140,1.3400000000000034,-1065.6091
Sub07_H_T17_L_C09,Sub07_H,healthy,13,17,left,9,unassigned_steady_or_transition,14942,15064,122,1.1599999999999966,-1065.6091
Sub07_H_T17_L_C10,Sub07_H,healthy,13,17,left,10,gait_termination,15064,15189,125,1.1999999999999886,-1065.6091
Sub07_H_T17_R_C01,Sub07_H,healthy,13,17,right,1,gait_initiation,13916,14012,96,0.9300000000000068,-384.445
Sub07_H_T17_R_C02,Sub07_H,healthy,13,17,right,2,unassigned_steady_or_transition,14012,14128,116,1.1300000000000239,-384.445
Sub07_H_T17_R_C03,Sub07_H,healthy,13,17,right,3,unassigned_steady_or_transition,14128,14238,110,1.0600000000000023,-384.445
Sub07_H_T17_R_C04,Sub07_H,healthy,13,17,right,4,unassigned_steady_or_transition,14238,14349,111,1.0699999999999932,-384.445
Sub07_H_T17_R_C05,Sub07_H,healthy,13,17,right,5,unassigned_steady_or_transition,14349,14478,129,1.2399999999999807,-384.445
Sub07_H_T17_R_C06,Sub07_H,healthy,13,17,right,6,unassigned_steady_or_transition,14478,14582,104,1.009999999999991,-384.445
Sub07_H_T17_R_C07,Sub07_H,healthy,13,17,right,7,unassigned_steady_or_transition,14582,14723,141,1.3400000000000034,-384.445
Sub07_H_T17_R_C08,Sub07_H,healthy,13,17,right,8,unassigned_steady_or_transition,14723,14844,121,1.1599999999999966,-384.445
Sub07_H_T17_R_C09,Sub07_H,healthy,13,17,right,9,unassigned_steady_or_transition,14844,14979,135,1.3000000000000114,-384.445
Sub07_H_T17_R_C10,Sub07_H,healthy,13,17,right,10,gait_termination,14979,15094,115,1.0999999999999943,-384.445
Sub07_H_T18_L_C01,Sub07_H,healthy,13,18,left,1,gait_initiation,18200,18327,127,1.2100000000000364,1018.5595000000001
Sub07_H_T18_L_C02,Sub07_H,healthy,13,18,left,2,unassigned_steady_or_transition,18327,18452,125,1.1899999999999977,1018.5595000000001
Sub07_H_T18_L_C03,Sub07_H,healthy,13,18,left,3,unassigned_steady_or_transition,18452,18573,121,1.150000000000034,1018.5595000000001
Sub07_H_T18_L_C04,Sub07_H,healthy,13,18,left,4,unassigned_steady_or_transition,18573,18699,126,1.1999999999999886,1018.5595000000001
Sub07_H_T18_L_C05,Sub07_H,healthy,13,18,left,5,unassigned_steady_or_transition,18699,18822,123,1.1999999999999886,1018.5595000000001
Sub07_H_T18_L_C06,Sub07_H,healthy,13,18,left,6,unassigned_steady_or_transition,18822,18959,137,1.32000000000005,1018.5595000000001
Sub07_H_T18_L_C07,Sub07_H,healthy,13,18,left,7,unassigned_steady_or_transition,18959,19086,127,1.2199999999999704,1018.5595000000001
Sub07_H_T18_L_C08,Sub07_H,healthy,13,18,left,8,unassigned_steady_or_transition,19086,19211,125,1.2000000000000455,1018.5595000000001
Sub07_H_T18_L_C09,Sub07_H,healthy,13,18,left,9,unassigned_steady_or_transition,19211,19334,123,1.1899999999999977,1018.5595000000001
Sub07_H_T18_L_C10,Sub07_H,healthy,13,18,left,10,gait_termination,19334,19458,124,1.1899999999999977,1018.5595000000001
Sub07_H_T18_R_C01,Sub07_H,healthy,13,18,right,1,gait_initiation,18258,18387,129,1.2200000000000273,310.65999999999997
Sub07_H_T18_R_C02,Sub07_H,healthy,13,18,right,2,unassigned_steady_or_transition,18387,18509,122,1.160000000000025,310.65999999999997
Sub07_H_T18_R_C03,Sub07_H,healthy,13,18,right,3,unassigned_steady_or_transition,18509,18634,125,1.1899999999999977,310.65999999999997
Sub07_H_T18_R_C04,Sub07_H,healthy,13,18,right,4,unassigned_steady_or_transition,18634,18758,124,1.1999999999999886,310.65999999999997
Sub07_H_T18_R_C05,Sub07_H,healthy,13,18,right,5,unassigned_steady_or_transition,18758,18886,128,1.240000000000009,310.65999999999997
Sub07_H_T18_R_C06,Sub07_H,healthy,13,18,right,6,unassigned_steady_or_transition,18886,19020,134,1.2900000000000205,310.65999999999997
Sub07_H_T18_R_C07,Sub07_H,healthy,13,18,right,7,unassigned_steady_or_transition,19020,19147,127,1.2200000000000273,310.65999999999997
Sub07_H_T18_R_C08,Sub07_H,healthy,13,18,right,8,unassigned_steady_or_transition,19147,19273,126,1.2099999999999795,310.65999999999997
Sub07_H_T18_R_C09,Sub07_H,healthy,13,18,right,9,unassigned_steady_or_transition,19273,19393,120,1.1499999999999773,310.65999999999997
Sub07_H_T18_R_C10,Sub07_H,healthy,13,18,right,10,gait_termination,19393,19484,91,0.8700000000000045,310.65999999999997
Sub07_H_T19_L_C01,Sub07_H,healthy,13,19,left,1,gait_initiation,23027,23151,124,1.1999999999999886,-1040.62225
Sub07_H_T19_L_C02,Sub07_H,healthy,13,19,left,2,unassigned_steady_or_transition,23151,23235,84,0.8100000000000023,-1040.62225
Sub07_H_T19_L_C03,Sub07_H,healthy,13,19,left,3,unassigned_steady_or_transition,23235,23354,119,1.1499999999999773,-1040.62225
Sub07_H_T19_L_C04,Sub07_H,healthy,13,19,left,4,unassigned_steady_or_transition,23354,23500,146,1.410000000000025,-1040.62225
Sub07_H_T19_L_C05,Sub07_H,healthy,13,19,left,5,unassigned_steady_or_transition,23500,23620,120,1.1599999999999682,-1040.62225
Sub07_H_T19_L_C06,Sub07_H,healthy,13,19,left,6,unassigned_steady_or_transition,23620,23724,104,1.009999999999991,-1040.62225
Sub07_H_T19_L_C07,Sub07_H,healthy,13,19,left,7,unassigned_steady_or_transition,23724,23836,112,1.0699999999999932,-1040.62225
Sub07_H_T19_L_C08,Sub07_H,healthy,13,19,left,8,unassigned_steady_or_transition,23836,23951,115,1.1000000000000227,-1040.62225
Sub07_H_T19_L_C09,Sub07_H,healthy,13,19,left,9,gait_termination,23951,24004,53,0.5,-1040.62225
Sub07_H_T19_R_C01,Sub07_H,healthy,13,19,right,1,gait_initiation,23075,23175,100,0.9700000000000273,-352.6
Sub07_H_T19_R_C02,Sub07_H,healthy,13,19,right,2,unassigned_steady_or_transition,23175,23289,114,1.1100000000000136,-352.6
Sub07_H_T19_R_C03,Sub07_H,healthy,13,19,right,3,unassigned_steady_or_transition,23289,23415,126,1.2200000000000273,-352.6
Sub07_H_T19_R_C04,Sub07_H,healthy,13,19,right,4,unassigned_steady_or_transition,23415,23535,120,1.1599999999999682,-352.6
Sub07_H_T19_R_C05,Sub07_H,healthy,13,19,right,5,unassigned_steady_or_transition,23535,23642,107,1.0300000000000296,-352.6
Sub07_H_T19_R_C06,Sub07_H,healthy,13,19,right,6,unassigned_steady_or_transition,23642,23771,129,1.6200000000000045,-352.6
Sub07_H_T19_R_C07,Sub07_H,healthy,13,19,right,7,unassigned_steady_or_transition,23771,23870,99,0.9399999999999977,-352.6
Sub07_H_T19_R_C08,Sub07_H,healthy,13,19,right,8,gait_termination,23870,23972,102,1.330000000000041,-352.6
Sub07_H_T21_R_C01,Sub07_H,healthy,21,21,right,1,gait_initiation,787,887,100,0.9699999999999136,-414.575
Sub07_H_T21_R_C02,Sub07_H,healthy,21,21,right,2,unassigned_steady_or_transition,887,991,104,1.3600000000000136,-414.575
Sub07_H_T21_R_C03,Sub07_H,healthy,21,21,right,3,unassigned_steady_or_transition,991,1107,116,1.1200000000000045,-414.575
Sub07_H_T21_R_C04,Sub07_H,healthy,21,21,right,4,unassigned_steady_or_transition,1107,1213,106,1.0200000000000955,-414.575
Sub07_H_T21_R_C05,Sub07_H,healthy,21,21,right,5,unassigned_steady_or_transition,1213,1354,141,1.3599999999999,-414.575
Sub07_H_T21_R_C06,Sub07_H,healthy,21,21,right,6,unassigned_steady_or_transition,1354,1455,101,0.9699999999999136,-414.575
Sub07_H_T21_R_C07,Sub07_H,healthy,21,21,right,7,unassigned_steady_or_transition,1455,1578,123,1.1800000000000637,-414.575
Sub07_H_T21_R_C08,Sub07_H,healthy,21,21,right,8,unassigned_steady_or_transition,1578,1705,127,1.2100000000000364,-414.575
Sub07_H_T21_R_C09,Sub07_H,healthy,21,21,right,9,unassigned_steady_or_transition,1705,1812,107,1.0199999999999818,-414.575
Sub07_H_T21_R_C10,Sub07_H,healthy,21,21,right,10,gait_termination,1812,1888,76,0.7300000000000182,-414.575
Sub07_H_T22_L_C01,Sub07_H,healthy,21,22,left,1,gait_initiation,3427,3625,198,1.8999999999999773,-1080.2395000000001
Sub07_H_T22_R_C01,Sub07_H,healthy,21,22,right,1,gait_initiation,3822,3929,107,1.0299999999999727,-381.055
Sub07_H_T22_R_C02,Sub07_H,healthy,21,22,right,2,unassigned_steady_or_transition,3929,4007,78,0.75,-381.055
Sub07_H_T22_R_C03,Sub07_H,healthy,21,22,right,3,unassigned_steady_or_transition,4007,4114,107,1.0299999999999727,-381.055
Sub07_H_T22_R_C04,Sub07_H,healthy,21,22,right,4,unassigned_steady_or_transition,4114,4235,121,1.1599999999999682,-381.055
Sub07_H_T22_R_C05,Sub07_H,healthy,21,22,right,5,unassigned_steady_or_transition,4235,4313,78,1.1099999999999,-381.055
Sub07_H_T22_R_C06,Sub07_H,healthy,21,22,right,6,unassigned_steady_or_transition,4313,4414,101,0.9800000000000182,-381.055
Sub07_H_T22_R_C07,Sub07_H,healthy,21,22,right,7,unassigned_steady_or_transition,4414,4554,140,1.3400000000000318,-381.055
Sub07_H_T22_R_C08,Sub07_H,healthy,21,22,right,8,unassigned_steady_or_transition,4554,4668,114,1.1000000000000227,-381.055
Sub07_H_T22_R_C09,Sub07_H,healthy,21,22,right,9,unassigned_steady_or_transition,4668,4772,104,1.009999999999991,-381.055
Sub07_H_T22_R_C10,Sub07_H,healthy,21,22,right,10,gait_termination,4772,4897,125,1.2000000000000455,-381.055
Sub07_H_T23_L_C01,Sub07_H,healthy,21,23,left,1,gait_initiation,6506,6649,143,1.3400000000000318,-1079.70395
Sub07_H_T23_R_C01,Sub07_H,healthy,21,23,right,1,gait_initiation,6889,7004,115,1.1100000000000136,334.1600000000001
Sub07_H_T23_R_C02,Sub07_H,healthy,21,23,right,2,unassigned_steady_or_transition,7004,7118,114,1.1000000000000227,334.1600000000001
Sub07_H_T23_R_C03,Sub07_H,healthy,21,23,right,3,unassigned_steady_or_transition,7118,7235,117,1.1299999999999955,334.1600000000001
Sub07_H_T23_R_C04,Sub07_H,healthy,21,23,right,4,unassigned_steady_or_transition,7235,7358,123,1.1800000000000637,334.1600000000001
Sub07_H_T23_R_C05,Sub07_H,healthy,21,23,right,5,unassigned_steady_or_transition,7358,7440,82,1.1599999999999682,334.1600000000001
Sub07_H_T23_R_C06,Sub07_H,healthy,21,23,right,6,unassigned_steady_or_transition,7440,7575,135,1.2800000000000864,334.1600000000001
Sub07_H_T23_R_C07,Sub07_H,healthy,21,23,right,7,unassigned_steady_or_transition,7575,7698,123,1.17999999999995,334.1600000000001
Sub07_H_T23_R_C08,Sub07_H,healthy,21,23,right,8,unassigned_steady_or_transition,7698,7825,127,1.2200000000000273,334.1600000000001
Sub07_H_T23_R_C09,Sub07_H,healthy,21,23,right,9,unassigned_steady_or_transition,7825,7950,125,1.1899999999999409,334.1600000000001
Sub07_H_T23_R_C10,Sub07_H,healthy,21,23,right,10,gait_termination,7950,8077,127,1.2199999999999136,334.1600000000001
Sub07_H_T24_L_C01,Sub07_H,healthy,21,24,left,1,gait_initiation,11765,11932,167,1.5799999999999272,1101.921
Sub07_H_T24_L_C02,Sub07_H,healthy,21,24,left,2,gait_termination,11932,12080,148,1.3999999999999773,1101.921
Sub07_H_T24_R_C01,Sub07_H,healthy,21,24,right,1,gait_initiation,12088,12215,127,1.2300000000000182,334.6
Sub07_H_T24_R_C02,Sub07_H,healthy,21,24,right,2,unassigned_steady_or_transition,12215,12332,117,1.1200000000000045,334.6
Sub07_H_T24_R_C03,Sub07_H,healthy,21,24,right,3,unassigned_steady_or_transition,12332,12454,122,1.169999999999959,334.6
Sub07_H_T24_R_C04,Sub07_H,healthy,21,24,right,4,unassigned_steady_or_transition,12454,12575,121,1.1600000000000819,334.6
Sub07_H_T24_R_C05,Sub07_H,healthy,21,24,right,5,unassigned_steady_or_transition,12575,12703,128,1.2300000000000182,334.6
Sub07_H_T24_R_C06,Sub07_H,healthy,21,24,right,6,unassigned_steady_or_transition,12703,12832,129,1.25,334.6
Sub07_H_T24_R_C07,Sub07_H,healthy,21,24,right,7,unassigned_steady_or_transition,12832,12952,120,1.1599999999999682,334.6
Sub07_H_T24_R_C08,Sub07_H,healthy,21,24,right,8,unassigned_steady_or_transition,12952,13070,118,1.1399999999999864,334.6
Sub07_H_T24_R_C09,Sub07_H,healthy,21,24,right,9,unassigned_steady_or_transition,13070,13195,125,1.2000000000000455,334.6
Sub07_H_T24_R_C10,Sub07_H,healthy,21,24,right,10,gait_termination,13195,13321,126,1.2100000000000364,334.6
Sub07_H_T25_L_C01,Sub07_H,healthy,21,25,left,1,gait_initiation,15893,16019,126,1.1800000000000637,1081.12635
Sub07_H_T25_L_C02,Sub07_H,healthy,21,25,left,2,gait_termination,16019,16213,194,1.8399999999999181,1081.12635
Sub07_H_T25_R_C01,Sub07_H,healthy,21,25,right,1,gait_initiation,16249,16380,131,1.2799999999999727,-362.51
Sub07_H_T25_R_C02,Sub07_H,healthy,21,25,right,2,unassigned_steady_or_transition,16380,16495,115,1.1100000000000136,-362.51
Sub07_H_T25_R_C03,Sub07_H,healthy,21,25,right,3,unassigned_steady_or_transition,16495,16620,125,1.2000000000000455,-362.51
Sub07_H_T25_R_C04,Sub07_H,healthy,21,25,right,4,unassigned_steady_or_transition,16620,16729,109,1.0499999999999545,-362.51
Sub07_H_T25_R_C05,Sub07_H,healthy,21,25,right,5,unassigned_steady_or_transition,16729,16854,125,1.1999999999999318,-362.51
Sub07_H_T25_R_C06,Sub07_H,healthy,21,25,right,6,unassigned_steady_or_transition,16854,16983,129,1.240000000000009,-362.51
Sub07_H_T25_R_C07,Sub07_H,healthy,21,25,right,7,unassigned_steady_or_transition,16983,17129,146,1.3899999999999864,-362.51
Sub07_H_T25_R_C08,Sub07_H,healthy,21,25,right,8,unassigned_steady_or_transition,17129,17243,114,1.0900000000000318,-362.51
Sub07_H_T25_R_C09,Sub07_H,healthy,21,25,right,9,unassigned_steady_or_transition,17243,17366,123,1.1800000000000637,-362.51
Sub07_H_T25_R_C10,Sub07_H,healthy,21,25,right,10,gait_termination,17366,17498,132,1.259999999999991,-362.51
Sub07_H_T26_L_C01,Sub07_H,healthy,21,26,left,1,gait_initiation,20237,20491,254,2.449999999999932,1100.518
Sub07_H_T26_L_C02,Sub07_H,healthy,21,26,left,2,gait_termination,20491,20662,171,1.6399999999999864,1100.518
Sub07_H_T26_R_C01,Sub07_H,healthy,21,26,right,1,gait_initiation,20296,20409,113,1.0900000000000318,-403.64
Sub07_H_T26_R_C02,Sub07_H,healthy,21,26,right,2,unassigned_steady_or_transition,20409,20539,130,1.25,-403.64
Sub07_H_T26_R_C03,Sub07_H,healthy,21,26,right,3,unassigned_steady_or_transition,20539,20646,107,1.0199999999999818,-403.64
Sub07_H_T26_R_C04,Sub07_H,healthy,21,26,right,4,unassigned_steady_or_transition,20646,20769,123,1.1800000000000637,-403.64
Sub07_H_T26_R_C05,Sub07_H,healthy,21,26,right,5,unassigned_steady_or_transition,20769,20942,173,1.6599999999999682,-403.64
Sub07_H_T26_R_C06,Sub07_H,healthy,21,26,right,6,unassigned_steady_or_transition,20942,21044,102,0.9900000000000091,-403.64
Sub07_H_T26_R_C07,Sub07_H,healthy,21,26,right,7,unassigned_steady_or_transition,21044,21158,114,1.1000000000000227,-403.64
Sub07_H_T26_R_C08,Sub07_H,healthy,21,26,right,8,unassigned_steady_or_transition,21158,21280,122,1.169999999999959,-403.64
Sub07_H_T26_R_C09,Sub07_H,healthy,21,26,right,9,unassigned_steady_or_transition,21280,21416,136,1.3099999999999454,-403.64
Sub07_H_T26_R_C10,Sub07_H,healthy,21,26,right,10,gait_termination,21416,21539,123,1.1800000000000637,-403.64
Sub07_H_T27_L_C01,Sub07_H,healthy,21,27,left,1,gait_initiation,23687,23908,221,2.1200000000000045,1091.2643
Sub07_H_T27_R_C01,Sub07_H,healthy,21,27,right,1,gait_initiation,23902,24007,105,1.009999999999991,-377.66
Sub07_H_T27_R_C02,Sub07_H,healthy,21,27,right,2,unassigned_steady_or_transition,24007,24114,107,1.0400000000000773,-377.66
Sub07_H_T27_R_C03,Sub07_H,healthy,21,27,right,3,unassigned_steady_or_transition,24114,24278,164,1.5799999999999272,-377.66
Sub07_H_T27_R_C04,Sub07_H,healthy,21,27,right,4,unassigned_steady_or_transition,24278,24361,83,0.8000000000000682,-377.66
Sub07_H_T27_R_C05,Sub07_H,healthy,21,27,right,5,unassigned_steady_or_transition,24361,24508,147,1.4099999999999682,-377.66
Sub07_H_T27_R_C06,Sub07_H,healthy,21,27,right,6,unassigned_steady_or_transition,24508,24606,98,0.9400000000000546,-377.66
Sub07_H_T27_R_C07,Sub07_H,healthy,21,27,right,7,unassigned_steady_or_transition,24606,24740,134,1.2799999999999727,-377.66
Sub07_H_T27_R_C08,Sub07_H,healthy,21,27,right,8,unassigned_steady_or_transition,24740,24892,152,1.4500000000000455,-377.66
Sub07_H_T27_R_C09,Sub07_H,healthy,21,27,right,9,unassigned_steady_or_transition,24892,25008,116,1.1100000000000136,-377.66
Sub07_H_T27_R_C10,Sub07_H,healthy,21,27,right,10,gait_termination,25008,25127,119,1.1299999999999955,-377.66
Sub07_H_T28_L_C01,Sub07_H,healthy,21,28,left,1,gait_initiation,28407,28630,223,2.1499999999999773,1131.2511
Sub07_H_T28_L_C02,Sub07_H,healthy,21,28,left,2,gait_termination,28630,28828,198,1.9099999999999682,1131.2511
Sub07_H_T28_R_C01,Sub07_H,healthy,21,28,right,1,gait_initiation,28649,28776,127,1.2199999999999136,327.56999999999994
Sub07_H_T28_R_C02,Sub07_H,healthy,21,28,right,2,unassigned_steady_or_transition,28776,28894,118,1.1400000000001,327.56999999999994
Sub07_H_T28_R_C03,Sub07_H,healthy,21,28,right,3,unassigned_steady_or_transition,28894,29019,125,1.1899999999999409,327.56999999999994
Sub07_H_T28_R_C04,Sub07_H,healthy,21,28,right,4,unassigned_steady_or_transition,29019,29138,119,1.1299999999999955,327.56999999999994
Sub07_H_T28_R_C05,Sub07_H,healthy,21,28,right,5,unassigned_steady_or_transition,29138,29263,125,1.2000000000000455,327.56999999999994
Sub07_H_T28_R_C06,Sub07_H,healthy,21,28,right,6,unassigned_steady_or_transition,29263,29402,139,1.3400000000000318,327.56999999999994
Sub07_H_T28_R_C07,Sub07_H,healthy,21,28,right,7,unassigned_steady_or_transition,29402,29526,124,1.1999999999999318,327.56999999999994
Sub07_H_T28_R_C08,Sub07_H,healthy,21,28,right,8,unassigned_steady_or_transition,29526,29642,116,1.1200000000000045,327.56999999999994
Sub07_H_T28_R_C09,Sub07_H,healthy,21,28,right,9,unassigned_steady_or_transition,29642,29766,124,1.1999999999999318,327.56999999999994
Sub07_H_T28_R_C10,Sub07_H,healthy,21,28,right,10,gait_termination,29766,29891,125,1.2000000000000455,327.56999999999994
Sub07_H_T29_L_C01,Sub07_H,healthy,21,29,left,1,gait_initiation,32952,33192,240,2.2999999999999545,1098.7228000000002
Sub07_H_T29_R_C01,Sub07_H,healthy,21,29,right,1,gait_initiation,33494,33606,112,1.0900000000000318,343.51
Sub07_H_T29_R_C02,Sub07_H,healthy,21,29,right,2,unassigned_steady_or_transition,33606,33721,115,1.1100000000000136,343.51
Sub07_H_T29_R_C03,Sub07_H,healthy,21,29,right,3,unassigned_steady_or_transition,33721,33843,122,1.1800000000000637,343.51
Sub07_H_T29_R_C04,Sub07_H,healthy,21,29,right,4,unassigned_steady_or_transition,33843,33969,126,1.2199999999998,343.51
Sub07_H_T29_R_C05,Sub07_H,healthy,21,29,right,5,unassigned_steady_or_transition,33969,34096,127,1.2199999999998,343.51
Sub07_H_T29_R_C06,Sub07_H,healthy,21,29,right,6,unassigned_steady_or_transition,34096,34225,129,1.240000000000009,343.51
Sub07_H_T29_R_C07,Sub07_H,healthy,21,29,right,7,unassigned_steady_or_transition,34225,34354,129,1.240000000000009,343.51
Sub07_H_T29_R_C08,Sub07_H,healthy,21,29,right,8,unassigned_steady_or_transition,34354,34463,109,1.040000000000191,343.51
Sub07_H_T29_R_C09,Sub07_H,healthy,21,29,right,9,unassigned_steady_or_transition,34463,34569,106,1.009999999999991,343.51
Sub07_H_T29_R_C10,Sub07_H,healthy,21,29,right,10,gait_termination,34569,34700,131,1.259999999999991,343.51
Sub07_H_T30_L_C01,Sub07_H,healthy,30,30,left,1,gait_initiation,2081,2196,115,1.1000000000000085,-1157.01235
Sub07_H_T30_L_C02,Sub07_H,healthy,30,30,left,2,unassigned_steady_or_transition,2196,2310,114,1.0900000000000034,-1157.01235
Sub07_H_T30_L_C03,Sub07_H,healthy,30,30,left,3,unassigned_steady_or_transition,2310,2431,121,1.1599999999999966,-1157.01235
Sub07_H_T30_L_C04,Sub07_H,healthy,30,30,left,4,unassigned_steady_or_transition,2431,2555,124,1.190000000000012,-1157.01235
Sub07_H_T30_L_C05,Sub07_H,healthy,30,30,left,5,unassigned_steady_or_transition,2555,2674,119,1.1400000000000006,-1157.01235
Sub07_H_T30_L_C06,Sub07_H,healthy,30,30,left,6,unassigned_steady_or_transition,2674,2818,144,1.3900000000000006,-1157.01235
Sub07_H_T30_L_C07,Sub07_H,healthy,30,30,left,7,unassigned_steady_or_transition,2818,2914,96,0.9200000000000017,-1157.01235
Sub07_H_T30_L_C08,Sub07_H,healthy,30,30,left,8,unassigned_steady_or_transition,2914,3059,145,1.4099999999999966,-1157.01235
Sub07_H_T30_L_C09,Sub07_H,healthy,30,30,left,9,unassigned_steady_or_transition,3059,3152,93,0.8900000000000006,-1157.01235
Sub07_H_T30_L_C10,Sub07_H,healthy,30,30,left,10,gait_termination,3152,3306,154,1.480000000000004,-1157.01235
Sub07_H_T30_R_C01,Sub07_H,healthy,30,30,right,1,gait_initiation,2077,2200,123,1.1799999999999926,319.25
Sub07_H_T30_R_C02,Sub07_H,healthy,30,30,right,2,unassigned_steady_or_transition,2200,2314,114,1.0900000000000034,319.25
Sub07_H_T30_R_C03,Sub07_H,healthy,30,30,right,3,unassigned_steady_or_transition,2314,2435,121,1.1599999999999966,319.25
Sub07_H_T30_R_C04,Sub07_H,healthy,30,30,right,4,unassigned_steady_or_transition,2435,2555,120,1.1500000000000057,319.25
Sub07_H_T30_R_C05,Sub07_H,healthy,30,30,right,5,unassigned_steady_or_transition,2555,2680,125,1.2000000000000028,319.25
Sub07_H_T30_R_C06,Sub07_H,healthy,30,30,right,6,unassigned_steady_or_transition,2680,2815,135,1.2999999999999972,319.25
Sub07_H_T30_R_C07,Sub07_H,healthy,30,30,right,7,unassigned_steady_or_transition,2815,2937,122,1.1799999999999926,319.25
Sub07_H_T30_R_C08,Sub07_H,healthy,30,30,right,8,unassigned_steady_or_transition,2937,3059,122,1.1799999999999926,319.25
Sub07_H_T30_R_C09,Sub07_H,healthy,30,30,right,9,unassigned_steady_or_transition,3059,3182,123,1.1799999999999926,319.25
Sub07_H_T30_R_C10,Sub07_H,healthy,30,30,right,10,gait_termination,3182,3309,127,1.2199999999999989,319.25
Sub07_H_T31_L_C01,Sub07_H,healthy,30,31,left,1,gait_initiation,5529,5650,121,1.1800000000000068,1128.5748
Sub07_H_T31_L_C02,Sub07_H,healthy,30,31,left,2,unassigned_steady_or_transition,5650,5767,117,1.1299999999999955,1128.5748
Sub07_H_T31_L_C03,Sub07_H,healthy,30,31,left,3,unassigned_steady_or_transition,5767,5883,116,1.1200000000000045,1128.5748
Sub07_H_T31_L_C04,Sub07_H,healthy,30,31,left,4,unassigned_steady_or_transition,5883,5996,113,1.089999999999975,1128.5748
Sub07_H_T31_L_C05,Sub07_H,healthy,30,31,left,5,unassigned_steady_or_transition,5996,6114,118,1.1399999999999864,1128.5748
Sub07_H_T31_L_C06,Sub07_H,healthy,30,31,left,6,unassigned_steady_or_transition,6114,6227,113,1.079999999999984,1128.5748
Sub07_H_T31_L_C07,Sub07_H,healthy,30,31,left,7,unassigned_steady_or_transition,6227,6351,124,1.1800000000000068,1128.5748
Sub07_H_T31_L_C08,Sub07_H,healthy,30,31,left,8,unassigned_steady_or_transition,6351,6481,130,1.2299999999999898,1128.5748
Sub07_H_T31_L_C09,Sub07_H,healthy,30,31,left,9,unassigned_steady_or_transition,6481,6609,128,1.2199999999999989,1128.5748
Sub07_H_T31_L_C10,Sub07_H,healthy,30,31,left,10,gait_termination,6609,6734,125,1.1899999999999977,1128.5748
Sub07_H_T31_R_C01,Sub07_H,healthy,30,31,right,1,gait_initiation,5588,5709,121,1.1699999999999875,392.70000000000005
Sub07_H_T31_R_C02,Sub07_H,healthy,30,31,right,2,unassigned_steady_or_transition,5709,5825,116,1.1200000000000045,392.70000000000005
Sub07_H_T31_R_C03,Sub07_H,healthy,30,31,right,3,unassigned_steady_or_transition,5825,5940,115,1.1099999999999852,392.70000000000005
Sub07_H_T31_R_C04,Sub07_H,healthy,30,31,right,4,unassigned_steady_or_transition,5940,6054,114,1.1000000000000227,392.70000000000005
Sub07_H_T31_R_C05,Sub07_H,healthy,30,31,right,5,unassigned_steady_or_transition,6054,6172,118,1.1299999999999955,392.70000000000005
Sub07_H_T31_R_C06,Sub07_H,healthy,30,31,right,6,unassigned_steady_or_transition,6172,6291,119,1.1400000000000148,392.70000000000005
Sub07_H_T31_R_C07,Sub07_H,healthy,30,31,right,7,unassigned_steady_or_transition,6291,6412,121,1.1599999999999966,392.70000000000005
Sub07_H_T31_R_C08,Sub07_H,healthy,30,31,right,8,unassigned_steady_or_transition,6412,6544,132,1.259999999999991,392.70000000000005
Sub07_H_T31_R_C09,Sub07_H,healthy,30,31,right,9,unassigned_steady_or_transition,6544,6670,126,1.200000000000017,392.70000000000005
Sub07_H_T31_R_C10,Sub07_H,healthy,30,31,right,10,gait_termination,6670,6798,128,1.2199999999999989,392.70000000000005
Sub07_H_T32_L_C01,Sub07_H,healthy,30,32,left,1,gait_initiation,8313,8438,125,1.200000000000017,-1191.1193
Sub07_H_T32_L_C02,Sub07_H,healthy,30,32,left,2,unassigned_steady_or_transition,8438,8549,111,1.0699999999999932,-1191.1193
Sub07_H_T32_L_C03,Sub07_H,healthy,30,32,left,3,unassigned_steady_or_transition,8549,8672,123,1.1799999999999784,-1191.1193
Sub07_H_T32_L_C04,Sub07_H,healthy,30,32,left,4,unassigned_steady_or_transition,8672,8779,107,1.0199999999999818,-1191.1193
Sub07_H_T32_L_C05,Sub07_H,healthy,30,32,left,5,unassigned_steady_or_transition,8779,8901,122,1.1699999999999875,-1191.1193
Sub07_H_T32_L_C06,Sub07_H,healthy,30,32,left,6,unassigned_steady_or_transition,8901,9031,130,1.2600000000000193,-1191.1193
Sub07_H_T32_L_C07,Sub07_H,healthy,30,32,left,7,unassigned_steady_or_transition,9031,9122,91,0.8700000000000045,-1191.1193
Sub07_H_T32_L_C08,Sub07_H,healthy,30,32,left,8,unassigned_steady_or_transition,9122,9271,149,1.4399999999999977,-1191.1193
Sub07_H_T32_L_C09,Sub07_H,healthy,30,32,left,9,unassigned_steady_or_transition,9271,9372,101,0.9699999999999989,-1191.1193
Sub07_H_T32_L_C10,Sub07_H,healthy,30,32,left,10,gait_termination,9372,9528,156,1.509999999999991,-1191.1193
Sub07_H_T32_R_C01,Sub07_H,healthy,30,32,right,1,gait_initiation,8361,8471,110,1.0600000000000023,-450.105
Sub07_H_T32_R_C02,Sub07_H,healthy,30,32,right,2,unassigned_steady_or_transition,8471,8586,115,1.1100000000000136,-450.105
Sub07_H_T32_R_C03,Sub07_H,healthy,30,32,right,3,unassigned_steady_or_transition,8586,8712,126,1.200000000000017,-450.105
Sub07_H_T32_R_C04,Sub07_H,healthy,30,32,right,4,unassigned_steady_or_transition,8712,8828,116,1.1099999999999852,-450.105
Sub07_H_T32_R_C05,Sub07_H,healthy,30,32,right,5,unassigned_steady_or_transition,8828,8948,120,1.1599999999999966,-450.105
Sub07_H_T32_R_C06,Sub07_H,healthy,30,32,right,6,unassigned_steady_or_transition,8948,9068,120,1.1599999999999966,-450.105
Sub07_H_T32_R_C07,Sub07_H,healthy,30,32,right,7,unassigned_steady_or_transition,9068,9185,117,1.1299999999999955,-450.105
Sub07_H_T32_R_C08,Sub07_H,healthy,30,32,right,8,unassigned_steady_or_transition,9185,9312,127,1.2199999999999989,-450.105
Sub07_H_T32_R_C09,Sub07_H,healthy,30,32,right,9,unassigned_steady_or_transition,9312,9432,120,1.160000000000025,-450.105
Sub07_H_T32_R_C10,Sub07_H,healthy,30,32,right,10,gait_termination,9432,9561,129,1.240000000000009,-450.105
Sub07_H_T33_L_C01,Sub07_H,healthy,30,33,left,1,gait_initiation,11927,12045,118,1.1499999999999773,1116.4426
Sub07_H_T33_L_C02,Sub07_H,healthy,30,33,left,2,unassigned_steady_or_transition,12045,12161,116,1.1200000000000045,1116.4426
Sub07_H_T33_L_C03,Sub07_H,healthy,30,33,left,3,unassigned_steady_or_transition,12161,12276,115,1.0999999999999943,1116.4426
Sub07_H_T33_L_C04,Sub07_H,healthy,30,33,left,4,unassigned_steady_or_transition,12276,12393,117,1.1300000000000239,1116.4426
Sub07_H_T33_L_C05,Sub07_H,healthy,30,33,left,5,unassigned_steady_or_transition,12393,12511,118,1.1399999999999864,1116.4426
Sub07_H_T33_L_C06,Sub07_H,healthy,30,33,left,6,unassigned_steady_or_transition,12511,12634,123,1.1699999999999875,1116.4426
Sub07_H_T33_L_C07,Sub07_H,healthy,30,33,left,7,unassigned_steady_or_transition,12634,12751,117,1.1200000000000045,1116.4426
Sub07_H_T33_L_C08,Sub07_H,healthy,30,33,left,8,unassigned_steady_or_transition,12751,12878,127,1.2199999999999989,1116.4426
Sub07_H_T33_L_C09,Sub07_H,healthy,30,33,left,9,unassigned_steady_or_transition,12878,13002,124,1.1800000000000068,1116.4426
Sub07_H_T33_L_C10,Sub07_H,healthy,30,33,left,10,gait_termination,13002,13126,124,1.1899999999999977,1116.4426
Sub07_H_T33_R_C01,Sub07_H,healthy,30,33,right,1,gait_initiation,11986,12102,116,1.1200000000000045,378.41999999999996
Sub07_H_T33_R_C02,Sub07_H,healthy,30,33,right,2,unassigned_steady_or_transition,12102,12217,115,1.1100000000000136,378.41999999999996
Sub07_H_T33_R_C03,Sub07_H,healthy,30,33,right,3,unassigned_steady_or_transition,12217,12331,114,1.0999999999999943,378.41999999999996
Sub07_H_T33_R_C04,Sub07_H,healthy,30,33,right,4,unassigned_steady_or_transition,12331,12448,117,1.1299999999999955,378.41999999999996
Sub07_H_T33_R_C05,Sub07_H,healthy,30,33,right,5,unassigned_steady_or_transition,12448,12567,119,1.1400000000000148,378.41999999999996
Sub07_H_T33_R_C06,Sub07_H,healthy,30,33,right,6,unassigned_steady_or_transition,12567,12690,123,1.1800000000000068,378.41999999999996
Sub07_H_T33_R_C07,Sub07_H,healthy,30,33,right,7,unassigned_steady_or_transition,12690,12810,120,1.1500000000000057,378.41999999999996
Sub07_H_T33_R_C08,Sub07_H,healthy,30,33,right,8,unassigned_steady_or_transition,12810,12934,124,1.1800000000000068,378.41999999999996
Sub07_H_T33_R_C09,Sub07_H,healthy,30,33,right,9,unassigned_steady_or_transition,12934,13059,125,1.200000000000017,378.41999999999996
Sub07_H_T33_R_C10,Sub07_H,healthy,30,33,right,10,gait_termination,13059,13189,130,1.240000000000009,378.41999999999996
Sub07_H_T34_L_C01,Sub07_H,healthy,30,34,left,1,gait_initiation,16152,16257,105,1.009999999999991,-1149.9582
Sub07_H_T34_L_C02,Sub07_H,healthy,30,34,left,2,unassigned_steady_or_transition,16257,16374,117,1.1200000000000045,-1149.9582
Sub07_H_T34_L_C03,Sub07_H,healthy,30,34,left,3,unassigned_steady_or_transition,16374,16488,114,1.0900000000000034,-1149.9582
Sub07_H_T34_L_C04,Sub07_H,healthy,30,34,left,4,unassigned_steady_or_transition,16488,16609,121,1.1599999999999966,-1149.9582
Sub07_H_T34_L_C05,Sub07_H,healthy,30,34,left,5,unassigned_steady_or_transition,16609,16732,123,1.1800000000000068,-1149.9582
Sub07_H_T34_L_C06,Sub07_H,healthy,30,34,left,6,unassigned_steady_or_transition,16732,16848,116,1.1299999999999955,-1149.9582
Sub07_H_T34_L_C07,Sub07_H,healthy,30,34,left,7,unassigned_steady_or_transition,16848,17005,157,1.509999999999991,-1149.9582
Sub07_H_T34_L_C08,Sub07_H,healthy,30,34,left,8,unassigned_steady_or_transition,17005,17093,88,0.8500000000000227,-1149.9582
Sub07_H_T34_L_C09,Sub07_H,healthy,30,34,left,9,unassigned_steady_or_transition,17093,17222,129,1.240000000000009,-1149.9582
Sub07_H_T34_L_C10,Sub07_H,healthy,30,34,left,10,gait_termination,17222,17346,124,1.1899999999999977,-1149.9582
Sub07_H_T34_R_C01,Sub07_H,healthy,30,34,right,1,gait_initiation,16147,16264,117,1.1299999999999955,301.20000000000005
Sub07_H_T34_R_C02,Sub07_H,healthy,30,34,right,2,unassigned_steady_or_transition,16264,16378,114,1.089999999999975,301.20000000000005
Sub07_H_T34_R_C03,Sub07_H,healthy,30,34,right,3,unassigned_steady_or_transition,16378,16495,117,1.1200000000000045,301.20000000000005
Sub07_H_T34_R_C04,Sub07_H,healthy,30,34,right,4,unassigned_steady_or_transition,16495,16614,119,1.1399999999999864,301.20000000000005
Sub07_H_T34_R_C05,Sub07_H,healthy,30,34,right,5,unassigned_steady_or_transition,16614,16736,122,1.1699999999999875,301.20000000000005
Sub07_H_T34_R_C06,Sub07_H,healthy,30,34,right,6,unassigned_steady_or_transition,16736,16876,140,1.3600000000000136,301.20000000000005
Sub07_H_T34_R_C07,Sub07_H,healthy,30,34,right,7,unassigned_steady_or_transition,16876,17005,129,1.240000000000009,301.20000000000005
Sub07_H_T34_R_C08,Sub07_H,healthy,30,34,right,8,unassigned_steady_or_transition,17005,17126,121,1.170000000000016,301.20000000000005
Sub07_H_T34_R_C09,Sub07_H,healthy,30,34,right,9,unassigned_steady_or_transition,17126,17250,124,1.1899999999999977,301.20000000000005
Sub07_H_T34_R_C10,Sub07_H,healthy,30,34,right,10,gait_termination,17250,17373,123,1.1800000000000068,301.20000000000005
Sub07_H_T35_L_C01,Sub07_H,healthy,30,35,left,1,gait_initiation,19735,19872,137,1.3199999999999932,1138.65375
Sub07_H_T35_L_C02,Sub07_H,healthy,30,35,left,2,unassigned_steady_or_transition,19872,20006,134,1.2900000000000205,1138.65375
Sub07_H_T35_L_C03,Sub07_H,healthy,30,35,left,3,unassigned_steady_or_transition,20006,20130,124,1.1899999999999977,1138.65375
Sub07_H_T35_L_C04,Sub07_H,healthy,30,35,left,4,unassigned_steady_or_transition,20130,20250,120,1.1499999999999773,1138.65375
Sub07_H_T35_L_C05,Sub07_H,healthy,30,35,left,5,unassigned_steady_or_transition,20250,20381,131,1.259999999999991,1138.65375
Sub07_H_T35_L_C06,Sub07_H,healthy,30,35,left,6,unassigned_steady_or_transition,20381,20505,124,1.1800000000000068,1138.65375
Sub07_H_T35_L_C07,Sub07_H,healthy,30,35,left,7,unassigned_steady_or_transition,20505,20625,120,1.1399999999999864,1138.65375
Sub07_H_T35_L_C08,Sub07_H,healthy,30,35,left,8,unassigned_steady_or_transition,20625,20755,130,1.240000000000009,1138.65375
Sub07_H_T35_L_C09,Sub07_H,healthy,30,35,left,9,unassigned_steady_or_transition,20755,20882,127,1.2099999999999795,1138.65375
Sub07_H_T35_L_C10,Sub07_H,healthy,30,35,left,10,gait_termination,20882,21008,126,1.2000000000000455,1138.65375
Sub07_H_T35_R_C01,Sub07_H,healthy,30,35,right,1,gait_initiation,19802,19943,141,1.349999999999966,365.135
Sub07_H_T35_R_C02,Sub07_H,healthy,30,35,right,2,unassigned_steady_or_transition,19943,20070,127,1.2200000000000273,365.135
Sub07_H_T35_R_C03,Sub07_H,healthy,30,35,right,3,unassigned_steady_or_transition,20070,20190,120,1.160000000000025,365.135
Sub07_H_T35_R_C04,Sub07_H,healthy,30,35,right,4,unassigned_steady_or_transition,20190,20316,126,1.2099999999999795,365.135
Sub07_H_T35_R_C05,Sub07_H,healthy,30,35,right,5,unassigned_steady_or_transition,20316,20437,121,1.160000000000025,365.135
Sub07_H_T35_R_C06,Sub07_H,healthy,30,35,right,6,unassigned_steady_or_transition,20437,20563,126,1.1999999999999886,365.135
Sub07_H_T35_R_C07,Sub07_H,healthy,30,35,right,7,unassigned_steady_or_transition,20563,20689,126,1.2000000000000455,365.135
Sub07_H_T35_R_C08,Sub07_H,healthy,30,35,right,8,unassigned_steady_or_transition,20689,20814,125,1.1999999999999886,365.135
Sub07_H_T35_R_C09,Sub07_H,healthy,30,35,right,9,gait_termination,20814,20943,129,1.2200000000000273,365.135
Sub07_H_T36_L_C01,Sub07_H,healthy,30,36,left,1,gait_initiation,23237,23364,127,1.2200000000000273,-1191.0478
Sub07_H_T36_L_C02,Sub07_H,healthy,30,36,left,2,unassigned_steady_or_transition,23364,23480,116,1.1100000000000136,-1191.0478
Sub07_H_T36_L_C03,Sub07_H,healthy,30,36,left,3,unassigned_steady_or_transition,23480,23605,125,1.1999999999999886,-1191.0478
Sub07_H_T36_L_C04,Sub07_H,healthy,30,36,left,4,unassigned_steady_or_transition,23605,23722,117,1.1200000000000045,-1191.0478
Sub07_H_T36_L_C05,Sub07_H,healthy,30,36,left,5,unassigned_steady_or_transition,23722,23848,126,1.1999999999999886,-1191.0478
Sub07_H_T36_L_C06,Sub07_H,healthy,30,36,left,6,unassigned_steady_or_transition,23848,23972,124,1.1899999999999977,-1191.0478
Sub07_H_T36_L_C07,Sub07_H,healthy,30,36,left,7,unassigned_steady_or_transition,23972,24077,105,1.009999999999991,-1191.0478
Sub07_H_T36_L_C08,Sub07_H,healthy,30,36,left,8,unassigned_steady_or_transition,24077,24210,133,1.2699999999999818,-1191.0478
Sub07_H_T36_L_C09,Sub07_H,healthy,30,36,left,9,unassigned_steady_or_transition,24210,24323,113,1.089999999999975,-1191.0478
Sub07_H_T36_L_C10,Sub07_H,healthy,30,36,left,10,gait_termination,24323,24451,128,1.2200000000000273,-1191.0478
Sub07_H_T36_R_C01,Sub07_H,healthy,30,36,right,1,gait_initiation,23236,23366,130,1.25,349.125
Sub07_H_T36_R_C02,Sub07_H,healthy,30,36,right,2,unassigned_steady_or_transition,23366,23487,121,1.160000000000025,349.125
Sub07_H_T36_R_C03,Sub07_H,healthy,30,36,right,3,unassigned_steady_or_transition,23487,23608,121,1.1599999999999682,349.125
Sub07_H_T36_R_C04,Sub07_H,healthy,30,36,right,4,unassigned_steady_or_transition,23608,23729,121,1.1499999999999773,349.125
Sub07_H_T36_R_C05,Sub07_H,healthy,30,36,right,5,unassigned_steady_or_transition,23729,23853,124,1.1899999999999977,349.125
Sub07_H_T36_R_C06,Sub07_H,healthy,30,36,right,6,unassigned_steady_or_transition,23853,23980,127,1.2200000000000273,349.125
Sub07_H_T36_R_C07,Sub07_H,healthy,30,36,right,7,unassigned_steady_or_transition,23980,24106,126,1.2099999999999795,349.125
Sub07_H_T36_R_C08,Sub07_H,healthy,30,36,right,8,unassigned_steady_or_transition,24106,24230,124,1.1899999999999977,349.125
Sub07_H_T36_R_C09,Sub07_H,healthy,30,36,right,9,unassigned_steady_or_transition,24230,24356,126,1.1999999999999886,349.125
Sub07_H_T36_R_C10,Sub07_H,healthy,30,36,right,10,gait_termination,24356,24482,126,1.2099999999999795,349.125
Sub07_H_T37_L_C01,Sub07_H,healthy,30,37,left,1,gait_initiation,27571,27698,127,1.2299999999999613,1108.6280000000002
Sub07_H_T37_L_C02,Sub07_H,healthy,30,37,left,2,unassigned_steady_or_transition,27698,27812,114,1.099999999999966,1108.6280000000002
Sub07_H_T37_L_C03,Sub07_H,healthy,30,37,left,3,unassigned_steady_or_transition,27812,27926,114,1.1000000000000227,1108.6280000000002
Sub07_H_T37_L_C04,Sub07_H,healthy,30,37,left,4,unassigned_steady_or_transition,27926,28041,115,1.1000000000000227,1108.6280000000002
Sub07_H_T37_L_C05,Sub07_H,healthy,30,37,left,5,unassigned_steady_or_transition,28041,28159,118,1.1399999999999864,1108.6280000000002
Sub07_H_T37_L_C06,Sub07_H,healthy,30,37,left,6,unassigned_steady_or_transition,28159,28281,122,1.160000000000025,1108.6280000000002
Sub07_H_T37_L_C07,Sub07_H,healthy,30,37,left,7,unassigned_steady_or_transition,28281,28406,125,1.1999999999999886,1108.6280000000002
Sub07_H_T37_L_C08,Sub07_H,healthy,30,37,left,8,unassigned_steady_or_transition,28406,28541,135,1.2800000000000296,1108.6280000000002
Sub07_H_T37_L_C09,Sub07_H,healthy,30,37,left,9,unassigned_steady_or_transition,28541,28661,120,1.1499999999999773,1108.6280000000002
Sub07_H_T37_L_C10,Sub07_H,healthy,30,37,left,10,gait_termination,28661,28779,118,1.1200000000000045,1108.6280000000002
Sub07_H_T37_R_C01,Sub07_H,healthy,30,37,right,1,gait_initiation,27634,27752,118,1.1399999999999864,363.2000000000002
Sub07_H_T37_R_C02,Sub07_H,healthy,30,37,right,2,unassigned_steady_or_transition,27752,27867,115,1.1100000000000136,363.2000000000002
Sub07_H_T37_R_C03,Sub07_H,healthy,30,37,right,3,unassigned_steady_or_transition,27867,27982,115,1.1000000000000227,363.2000000000002
Sub07_H_T37_R_C04,Sub07_H,healthy,30,37,right,4,unassigned_steady_or_transition,27982,28097,115,1.1099999999999568,363.2000000000002
Sub07_H_T37_R_C05,Sub07_H,healthy,30,37,right,5,unassigned_steady_or_transition,28097,28216,119,1.1399999999999864,363.2000000000002
Sub07_H_T37_R_C06,Sub07_H,healthy,30,37,right,6,unassigned_steady_or_transition,28216,28342,126,1.1999999999999886,363.2000000000002
Sub07_H_T37_R_C07,Sub07_H,healthy,30,37,right,7,unassigned_steady_or_transition,28342,28469,127,1.2099999999999795,363.2000000000002
Sub07_H_T37_R_C08,Sub07_H,healthy,30,37,right,8,unassigned_steady_or_transition,28469,28599,130,1.240000000000009,363.2000000000002
Sub07_H_T37_R_C09,Sub07_H,healthy,30,37,right,9,unassigned_steady_or_transition,28599,28715,116,1.1100000000000136,363.2000000000002
Sub07_H_T37_R_C10,Sub07_H,healthy,30,37,right,10,gait_termination,28715,28841,126,1.1999999999999886,363.2000000000002
Sub07_H_T38_L_C01,Sub07_H,healthy,30,38,left,1,gait_initiation,32193,32314,121,1.160000000000025,1131.65505
Sub07_H_T38_L_C02,Sub07_H,healthy,30,38,left,2,unassigned_steady_or_transition,32314,32439,125,1.1999999999999886,1131.65505
Sub07_H_T38_L_C03,Sub07_H,healthy,30,38,left,3,unassigned_steady_or_transition,32439,32559,120,1.150000000000034,1131.65505
Sub07_H_T38_L_C04,Sub07_H,healthy,30,38,left,4,unassigned_steady_or_transition,32559,32682,123,1.1800000000000068,1131.65505
Sub07_H_T38_L_C05,Sub07_H,healthy,30,38,left,5,unassigned_steady_or_transition,32682,32808,126,1.1999999999999886,1131.65505
Sub07_H_T38_L_C06,Sub07_H,healthy,30,38,left,6,unassigned_steady_or_transition,32808,32936,128,1.240000000000009,1131.65505
Sub07_H_T38_L_C07,Sub07_H,healthy,30,38,left,7,unassigned_steady_or_transition,32936,33063,127,1.2099999999999795,1131.65505
Sub07_H_T38_L_C08,Sub07_H,healthy,30,38,left,8,unassigned_steady_or_transition,33063,33188,125,1.2099999999999795,1131.65505
Sub07_H_T38_L_C09,Sub07_H,healthy,30,38,left,9,unassigned_steady_or_transition,33188,33310,122,1.170000000000016,1131.65505
Sub07_H_T38_L_C10,Sub07_H,healthy,30,38,left,10,gait_termination,33310,33435,125,1.1899999999999977,1131.65505
Sub07_H_T38_R_C01,Sub07_H,healthy,30,38,right,1,gait_initiation,32127,32254,127,1.2199999999999704,322.32000000000016
Sub07_H_T38_R_C02,Sub07_H,healthy,30,38,right,2,unassigned_steady_or_transition,32254,32374,120,1.1499999999999773,322.32000000000016
Sub07_H_T38_R_C03,Sub07_H,healthy,30,38,right,3,unassigned_steady_or_transition,32374,32497,123,1.1800000000000068,322.32000000000016
Sub07_H_T38_R_C04,Sub07_H,healthy,30,38,right,4,unassigned_steady_or_transition,32497,32620,123,1.1800000000000068,322.32000000000016
Sub07_H_T38_R_C05,Sub07_H,healthy,30,38,right,5,unassigned_steady_or_transition,32620,32743,123,1.1800000000000068,322.32000000000016
Sub07_H_T38_R_C06,Sub07_H,healthy,30,38,right,6,unassigned_steady_or_transition,32743,32874,131,1.25,322.32000000000016
Sub07_H_T38_R_C07,Sub07_H,healthy,30,38,right,7,unassigned_steady_or_transition,32874,33003,129,1.2299999999999613,322.32000000000016
Sub07_H_T38_R_C08,Sub07_H,healthy,30,38,right,8,unassigned_steady_or_transition,33003,33124,121,1.1599999999999682,322.32000000000016
Sub07_H_T38_R_C09,Sub07_H,healthy,30,38,right,9,unassigned_steady_or_transition,33124,33249,125,1.1999999999999886,322.32000000000016
Sub07_H_T38_R_C10,Sub07_H,healthy,30,38,right,10,gait_termination,33249,33371,122,1.169999999999959,322.32000000000016
Sub07_H_T39_L_C01,Sub07_H,healthy,30,39,left,1,gait_initiation,37628,37748,120,1.160000000000025,1101.8011
Sub07_H_T39_L_C02,Sub07_H,healthy,30,39,left,2,unassigned_steady_or_transition,37748,37863,115,1.1100000000000136,1101.8011
Sub07_H_T39_L_C03,Sub07_H,healthy,30,39,left,3,unassigned_steady_or_transition,37863,37972,109,1.0500000000000114,1101.8011
Sub07_H_T39_L_C04,Sub07_H,healthy,30,39,left,4,unassigned_steady_or_transition,37972,38089,117,1.1200000000000045,1101.8011
Sub07_H_T39_L_C05,Sub07_H,healthy,30,39,left,5,unassigned_steady_or_transition,38089,38210,121,1.1599999999999682,1101.8011
Sub07_H_T39_L_C06,Sub07_H,healthy,30,39,left,6,unassigned_steady_or_transition,38210,38335,125,1.1900000000000546,1101.8011
Sub07_H_T39_L_C07,Sub07_H,healthy,30,39,left,7,unassigned_steady_or_transition,38335,38461,126,1.1999999999999886,1101.8011
Sub07_H_T39_L_C08,Sub07_H,healthy,30,39,left,8,unassigned_steady_or_transition,38461,38603,142,1.3500000000000227,1101.8011
Sub07_H_T39_L_C09,Sub07_H,healthy,30,39,left,9,unassigned_steady_or_transition,38603,38732,129,1.2299999999999613,1101.8011
Sub07_H_T39_L_C10,Sub07_H,healthy,30,39,left,10,gait_termination,38732,38858,126,1.1999999999999886,1101.8011
Sub07_H_T39_R_C01,Sub07_H,healthy,30,39,right,1,gait_initiation,37683,37802,119,1.1499999999999773,328.68499999999995
Sub07_H_T39_R_C02,Sub07_H,healthy,30,39,right,2,unassigned_steady_or_transition,37802,37916,114,1.1000000000000227,328.68499999999995
Sub07_H_T39_R_C03,Sub07_H,healthy,30,39,right,3,unassigned_steady_or_transition,37916,38030,114,1.089999999999975,328.68499999999995
Sub07_H_T39_R_C04,Sub07_H,healthy,30,39,right,4,unassigned_steady_or_transition,38030,38146,116,1.1200000000000045,328.68499999999995
Sub07_H_T39_R_C05,Sub07_H,healthy,30,39,right,5,unassigned_steady_or_transition,38146,38265,119,1.1299999999999955,328.68499999999995
Sub07_H_T39_R_C06,Sub07_H,healthy,30,39,right,6,unassigned_steady_or_transition,38265,38395,130,1.240000000000009,328.68499999999995
Sub07_H_T39_R_C07,Sub07_H,healthy,30,39,right,7,unassigned_steady_or_transition,38395,38527,132,1.259999999999991,328.68499999999995
Sub07_H_T39_R_C08,Sub07_H,healthy,30,39,right,8,unassigned_steady_or_transition,38527,38665,138,1.3100000000000023,328.68499999999995
Sub07_H_T39_R_C09,Sub07_H,healthy,30,39,right,9,gait_termination,38665,38790,125,1.2000000000000455,328.68499999999995
Sub08_H_T01_L_C01,Sub08_H,healthy,1,1,left,1,gait_initiation,1954,2044,90,0.910000000000025,-1964.8565
Sub08_H_T01_L_C02,Sub08_H,healthy,1,1,left,2,unassigned_steady_or_transition,2044,2211,167,1.6499999999999773,-1964.8565
Sub08_H_T01_L_C03,Sub08_H,healthy,1,1,left,3,unassigned_steady_or_transition,2211,2341,130,1.2899999999999636,-1964.8565
Sub08_H_T01_L_C04,Sub08_H,healthy,1,1,left,4,unassigned_steady_or_transition,2341,2472,131,1.3000000000000114,-1964.8565
Sub08_H_T01_L_C05,Sub08_H,healthy,1,1,left,5,unassigned_steady_or_transition,2472,2603,131,1.3100000000000023,-1964.8565
Sub08_H_T01_L_C06,Sub08_H,healthy,1,1,left,6,unassigned_steady_or_transition,2603,2738,135,1.3400000000000318,-1964.8565
Sub08_H_T01_L_C07,Sub08_H,healthy,1,1,left,7,unassigned_steady_or_transition,2738,2887,149,1.4800000000000182,-1964.8565
Sub08_H_T01_L_C08,Sub08_H,healthy,1,1,left,8,unassigned_steady_or_transition,2887,3015,128,1.2699999999999818,-1964.8565
Sub08_H_T01_L_C09,Sub08_H,healthy,1,1,left,9,unassigned_steady_or_transition,3015,3136,121,1.2000000000000455,-1964.8565
Sub08_H_T01_L_C10,Sub08_H,healthy,1,1,left,10,gait_termination,3136,3260,124,1.2199999999999704,-1964.8565
Sub08_H_T01_R_C01,Sub08_H,healthy,1,1,right,1,gait_initiation,1960,2079,119,1.1899999999999977,1137.77
Sub08_H_T01_R_C02,Sub08_H,healthy,1,1,right,2,unassigned_steady_or_transition,2079,2208,129,1.2800000000000296,1137.77
Sub08_H_T01_R_C03,Sub08_H,healthy,1,1,right,3,unassigned_steady_or_transition,2208,2341,133,1.3199999999999932,1137.77
Sub08_H_T01_R_C04,Sub08_H,healthy,1,1,right,4,unassigned_steady_or_transition,2341,2468,127,1.2600000000000477,1137.77
Sub08_H_T01_R_C05,Sub08_H,healthy,1,1,right,5,unassigned_steady_or_transition,2468,2594,126,1.25,1137.77
Sub08_H_T01_R_C06,Sub08_H,healthy,1,1,right,6,unassigned_steady_or_transition,2594,2732,138,1.3700000000000045,1137.77
Sub08_H_T01_R_C07,Sub08_H,healthy,1,1,right,7,unassigned_steady_or_transition,2732,2877,145,1.4399999999999977,1137.77
Sub08_H_T01_R_C08,Sub08_H,healthy,1,1,right,8,unassigned_steady_or_transition,2877,3005,128,1.2700000000000387,1137.77
Sub08_H_T01_R_C09,Sub08_H,healthy,1,1,right,9,unassigned_steady_or_transition,3005,3125,120,1.1899999999999977,1137.77
Sub08_H_T01_R_C10,Sub08_H,healthy,1,1,right,10,gait_termination,3125,3249,124,1.2199999999999704,1137.77
Sub08_H_T02_R_C01,Sub08_H,healthy,1,2,right,1,gait_initiation,7438,7607,169,1.669999999999959,-1237.1
Sub08_H_T03_L_C01,Sub08_H,healthy,1,3,left,1,gait_initiation,9443,9557,114,1.1200000000000045,1944.8155
Sub08_H_T03_L_C02,Sub08_H,healthy,1,3,left,2,unassigned_steady_or_transition,9557,9678,121,1.2100000000000364,1944.8155
Sub08_H_T03_L_C03,Sub08_H,healthy,1,3,left,3,unassigned_steady_or_transition,9678,9806,128,1.2699999999999818,1944.8155
Sub08_H_T03_L_C04,Sub08_H,healthy,1,3,left,4,unassigned_steady_or_transition,9806,9928,122,1.1999999999999886,1944.8155
Sub08_H_T03_L_C05,Sub08_H,healthy,1,3,left,5,unassigned_steady_or_transition,9928,10049,121,1.1999999999999886,1944.8155
Sub08_H_T03_L_C06,Sub08_H,healthy,1,3,left,6,unassigned_steady_or_transition,10049,10189,140,1.3899999999999864,1944.8155
Sub08_H_T03_L_C07,Sub08_H,healthy,1,3,left,7,unassigned_steady_or_transition,10189,10316,127,1.2700000000000387,1944.8155
Sub08_H_T03_L_C08,Sub08_H,healthy,1,3,left,8,unassigned_steady_or_transition,10316,10458,142,1.4099999999999682,1944.8155
Sub08_H_T03_L_C09,Sub08_H,healthy,1,3,left,9,unassigned_steady_or_transition,10458,10589,131,1.3000000000000114,1944.8155
Sub08_H_T03_L_C10,Sub08_H,healthy,1,3,left,10,gait_termination,10589,10714,125,1.240000000000009,1944.8155
Sub08_H_T03_R_C01,Sub08_H,healthy,1,3,right,1,gait_initiation,9429,9528,99,0.9799999999999613,-1227.355
Sub08_H_T03_R_C02,Sub08_H,healthy,1,3,right,2,unassigned_steady_or_transition,9528,9650,122,1.2099999999999795,-1227.355
Sub08_H_T03_R_C03,Sub08_H,healthy,1,3,right,3,unassigned_steady_or_transition,9650,9791,141,1.3999999999999773,-1227.355
Sub08_H_T03_R_C04,Sub08_H,healthy,1,3,right,4,unassigned_steady_or_transition,9791,9900,109,1.079999999999984,-1227.355
Sub08_H_T03_R_C05,Sub08_H,healthy,1,3,right,5,unassigned_steady_or_transition,9900,10037,137,1.3600000000000136,-1227.355
Sub08_H_T03_R_C06,Sub08_H,healthy,1,3,right,6,unassigned_steady_or_transition,10037,10172,135,1.339999999999975,-1227.355
Sub08_H_T03_R_C07,Sub08_H,healthy,1,3,right,7,unassigned_steady_or_transition,10172,10278,106,1.0499999999999545,-1227.355
Sub08_H_T03_R_C08,Sub08_H,healthy,1,3,right,8,unassigned_steady_or_transition,10278,10412,134,1.329999999999984,-1227.355
Sub08_H_T03_R_C09,Sub08_H,healthy,1,3,right,9,unassigned_steady_or_transition,10412,10576,164,1.6299999999999955,-1227.355
Sub08_H_T03_R_C10,Sub08_H,healthy,1,3,right,10,gait_termination,10576,10701,125,1.240000000000009,-1227.355
Sub08_H_T04_L_C01,Sub08_H,healthy,1,4,left,1,gait_initiation,14202,14323,121,1.2099999999999795,-2022.1995
Sub08_H_T04_L_C02,Sub08_H,healthy,1,4,left,2,unassigned_steady_or_transition,14323,14425,102,1.009999999999991,-2022.1995
Sub08_H_T04_L_C03,Sub08_H,healthy,1,4,left,3,unassigned_steady_or_transition,14425,14562,137,1.3600000000000136,-2022.1995
Sub08_H_T04_L_C04,Sub08_H,healthy,1,4,left,4,unassigned_steady_or_transition,14562,14687,125,1.2299999999999613,-2022.1995
Sub08_H_T04_L_C05,Sub08_H,healthy,1,4,left,5,unassigned_steady_or_transition,14687,14806,119,1.17999999999995,-2022.1995
Sub08_H_T04_L_C06,Sub08_H,healthy,1,4,left,6,unassigned_steady_or_transition,14806,14919,113,1.1199999999999477,-2022.1995
Sub08_H_T04_L_C07,Sub08_H,healthy,1,4,left,7,unassigned_steady_or_transition,14919,15047,128,1.259999999999991,-2022.1995
Sub08_H_T04_L_C08,Sub08_H,healthy,1,4,left,8,unassigned_steady_or_transition,15047,15174,127,1.25,-2022.1995
Sub08_H_T04_L_C09,Sub08_H,healthy,1,4,left,9,unassigned_steady_or_transition,15174,15291,117,1.150000000000034,-2022.1995
Sub08_H_T04_L_C10,Sub08_H,healthy,1,4,left,10,gait_termination,15291,15412,121,1.1899999999999977,-2022.1995
Sub08_H_T04_R_C01,Sub08_H,healthy,1,4,right,1,gait_initiation,14202,14319,117,1.169999999999959,1218.85
Sub08_H_T04_R_C02,Sub08_H,healthy,1,4,right,2,unassigned_steady_or_transition,14319,14432,113,1.1200000000000045,1218.85
Sub08_H_T04_R_C03,Sub08_H,healthy,1,4,right,3,unassigned_steady_or_transition,14432,14556,124,1.2299999999999613,1218.85
Sub08_H_T04_R_C04,Sub08_H,healthy,1,4,right,4,unassigned_steady_or_transition,14556,14681,125,1.240000000000009,1218.85
Sub08_H_T04_R_C05,Sub08_H,healthy,1,4,right,5,unassigned_steady_or_transition,14681,14801,120,1.2000000000000455,1218.85
Sub08_H_T04_R_C06,Sub08_H,healthy,1,4,right,6,unassigned_steady_or_transition,14801,14916,115,1.1399999999999864,1218.85
Sub08_H_T04_R_C07,Sub08_H,healthy,1,4,right,7,unassigned_steady_or_transition,14916,15040,124,1.2200000000000273,1218.85
Sub08_H_T04_R_C08,Sub08_H,healthy,1,4,right,8,unassigned_steady_or_transition,15040,15167,127,1.25,1218.85
Sub08_H_T04_R_C09,Sub08_H,healthy,1,4,right,9,unassigned_steady_or_transition,15167,15287,120,1.1800000000000068,1218.85
Sub08_H_T04_R_C10,Sub08_H,healthy,1,4,right,10,gait_termination,15287,15403,116,1.150000000000034,1218.85
Sub08_H_T05_L_C01,Sub08_H,healthy,1,5,left,1,gait_initiation,18131,18242,111,1.1100000000000136,1991.4026000000003
Sub08_H_T05_L_C02,Sub08_H,healthy,1,5,left,2,unassigned_steady_or_transition,18242,18357,115,1.1399999999999864,1991.4026000000003
Sub08_H_T05_L_C03,Sub08_H,healthy,1,5,left,3,unassigned_steady_or_transition,18357,18485,128,1.2700000000000387,1991.4026000000003
Sub08_H_T05_L_C04,Sub08_H,healthy,1,5,left,4,unassigned_steady_or_transition,18485,18610,125,1.240000000000009,1991.4026000000003
Sub08_H_T05_L_C05,Sub08_H,healthy,1,5,left,5,unassigned_steady_or_transition,18610,18735,125,1.240000000000009,1991.4026000000003
Sub08_H_T05_L_C06,Sub08_H,healthy,1,5,left,6,unassigned_steady_or_transition,18735,18863,128,1.2699999999999818,1991.4026000000003
Sub08_H_T05_L_C07,Sub08_H,healthy,1,5,left,7,unassigned_steady_or_transition,18863,18985,122,1.2100000000000364,1991.4026000000003
Sub08_H_T05_L_C08,Sub08_H,healthy,1,5,left,8,unassigned_steady_or_transition,18985,19105,120,1.1899999999999977,1991.4026000000003
Sub08_H_T05_L_C09,Sub08_H,healthy,1,5,left,9,unassigned_steady_or_transition,19105,19227,122,1.2100000000000364,1991.4026000000003
Sub08_H_T05_L_C10,Sub08_H,healthy,1,5,left,10,gait_termination,19227,19347,120,1.1899999999999977,1991.4026000000003
Sub08_H_T05_R_C01,Sub08_H,healthy,1,5,right,1,gait_initiation,18119,18209,90,0.8899999999999864,-1272.6699999999998
Sub08_H_T05_R_C02,Sub08_H,healthy,1,5,right,2,unassigned_steady_or_transition,18209,18321,112,1.1199999999999477,-1272.6699999999998
Sub08_H_T05_R_C03,Sub08_H,healthy,1,5,right,3,unassigned_steady_or_transition,18321,18448,127,1.259999999999991,-1272.6699999999998
Sub08_H_T05_R_C04,Sub08_H,healthy,1,5,right,4,unassigned_steady_or_transition,18448,18579,131,1.3000000000000114,-1272.6699999999998
Sub08_H_T05_R_C05,Sub08_H,healthy,1,5,right,5,unassigned_steady_or_transition,18579,18719,140,1.3899999999999864,-1272.6699999999998
Sub08_H_T05_R_C06,Sub08_H,healthy,1,5,right,6,unassigned_steady_or_transition,18719,18853,134,1.330000000000041,-1272.6699999999998
Sub08_H_T05_R_C07,Sub08_H,healthy,1,5,right,7,unassigned_steady_or_transition,18853,18970,117,1.1599999999999682,-1272.6699999999998
Sub08_H_T05_R_C08,Sub08_H,healthy,1,5,right,8,unassigned_steady_or_transition,18970,19091,121,1.2100000000000364,-1272.6699999999998
Sub08_H_T05_R_C09,Sub08_H,healthy,1,5,right,9,unassigned_steady_or_transition,19091,19207,116,1.1499999999999773,-1272.6699999999998
Sub08_H_T05_R_C10,Sub08_H,healthy,1,5,right,10,gait_termination,19207,19335,128,1.2699999999999818,-1272.6699999999998
Sub08_H_T06_L_C01,Sub08_H,healthy,1,6,left,1,gait_initiation,21976,22086,110,1.1000000000000227,-2104.9705999999996
Sub08_H_T06_L_C02,Sub08_H,healthy,1,6,left,2,unassigned_steady_or_transition,22086,22187,101,1.0,-2104.9705999999996
Sub08_H_T06_L_C03,Sub08_H,healthy,1,6,left,3,unassigned_steady_or_transition,22187,22310,123,1.2300000000000182,-2104.9705999999996
Sub08_H_T06_L_C04,Sub08_H,healthy,1,6,left,4,unassigned_steady_or_transition,22310,22432,122,1.2099999999999795,-2104.9705999999996
Sub08_H_T06_L_C05,Sub08_H,healthy,1,6,left,5,unassigned_steady_or_transition,22432,22549,117,1.170000000000016,-2104.9705999999996
Sub08_H_T06_L_C06,Sub08_H,healthy,1,6,left,6,unassigned_steady_or_transition,22549,22626,77,0.7700000000000387,-2104.9705999999996
Sub08_H_T06_L_C07,Sub08_H,healthy,1,6,left,7,unassigned_steady_or_transition,22626,22798,172,1.7099999999999795,-2104.9705999999996
Sub08_H_T06_L_C08,Sub08_H,healthy,1,6,left,8,unassigned_steady_or_transition,22798,22915,117,1.150000000000034,-2104.9705999999996
Sub08_H_T06_L_C09,Sub08_H,healthy,1,6,left,9,unassigned_steady_or_transition,22915,23032,117,1.160000000000025,-2104.9705999999996
Sub08_H_T06_L_C10,Sub08_H,healthy,1,6,left,10,gait_termination,23032,23159,127,1.25,-2104.9705999999996
Sub08_H_T06_R_C01,Sub08_H,healthy,1,6,right,1,gait_initiation,21971,22083,112,1.1200000000000045,1225.395
Sub08_H_T06_R_C02,Sub08_H,healthy,1,6,right,2,unassigned_steady_or_transition,22083,22190,107,1.0600000000000023,1225.395
Sub08_H_T06_R_C03,Sub08_H,healthy,1,6,right,3,unassigned_steady_or_transition,22190,22307,117,1.169999999999959,1225.395
Sub08_H_T06_R_C04,Sub08_H,healthy,1,6,right,4,unassigned_steady_or_transition,22307,22425,118,1.170000000000016,1225.395
Sub08_H_T06_R_C05,Sub08_H,healthy,1,6,right,5,unassigned_steady_or_transition,22425,22543,118,1.1800000000000068,1225.395
Sub08_H_T06_R_C06,Sub08_H,healthy,1,6,right,6,unassigned_steady_or_transition,22543,22658,115,1.1400000000000432,1225.395
Sub08_H_T06_R_C07,Sub08_H,healthy,1,6,right,7,unassigned_steady_or_transition,22658,22788,130,1.3000000000000114,1225.395
Sub08_H_T06_R_C08,Sub08_H,healthy,1,6,right,8,unassigned_steady_or_transition,22788,22912,124,1.2199999999999704,1225.395
Sub08_H_T06_R_C09,Sub08_H,healthy,1,6,right,9,unassigned_steady_or_transition,22912,23028,116,1.1399999999999864,1225.395
Sub08_H_T06_R_C10,Sub08_H,healthy,1,6,right,10,gait_termination,23028,23151,123,1.2099999999999795,1225.395
Sub08_H_T07_L_C01,Sub08_H,healthy,1,7,left,1,gait_initiation,24848,24960,112,1.1200000000000045,2152.7815
Sub08_H_T07_L_C02,Sub08_H,healthy,1,7,left,2,unassigned_steady_or_transition,24960,25071,111,1.1000000000000227,2152.7815
Sub08_H_T07_L_C03,Sub08_H,healthy,1,7,left,3,unassigned_steady_or_transition,25071,25186,115,1.1299999999999955,2152.7815
Sub08_H_T07_L_C04,Sub08_H,healthy,1,7,left,4,unassigned_steady_or_transition,25186,25308,122,1.2200000000000273,2152.7815
Sub08_H_T07_L_C05,Sub08_H,healthy,1,7,left,5,unassigned_steady_or_transition,25308,25430,122,1.1999999999999886,2152.7815
Sub08_H_T07_L_C06,Sub08_H,healthy,1,7,left,6,unassigned_steady_or_transition,25430,25554,124,1.2299999999999613,2152.7815
Sub08_H_T07_L_C07,Sub08_H,healthy,1,7,left,7,unassigned_steady_or_transition,25554,25670,116,1.1499999999999773,2152.7815
Sub08_H_T07_L_C08,Sub08_H,healthy,1,7,left,8,unassigned_steady_or_transition,25670,25786,116,1.160000000000025,2152.7815
Sub08_H_T07_L_C09,Sub08_H,healthy,1,7,left,9,unassigned_steady_or_transition,25786,25909,123,1.2199999999999704,2152.7815
Sub08_H_T07_L_C10,Sub08_H,healthy,1,7,left,10,gait_termination,25909,26030,121,1.2100000000000364,2152.7815
Sub08_H_T07_R_C01,Sub08_H,healthy,1,7,right,1,gait_initiation,24847,24923,76,0.7599999999999909,-1318.67
Sub08_H_T07_R_C02,Sub08_H,healthy,1,7,right,2,unassigned_steady_or_transition,24923,25046,123,1.2200000000000273,-1318.67
Sub08_H_T07_R_C03,Sub08_H,healthy,1,7,right,3,unassigned_steady_or_transition,25046,25155,109,1.079999999999984,-1318.67
Sub08_H_T07_R_C04,Sub08_H,healthy,1,7,right,4,unassigned_steady_or_transition,25155,25285,130,1.2900000000000205,-1318.67
Sub08_H_T07_R_C05,Sub08_H,healthy,1,7,right,5,unassigned_steady_or_transition,25285,25406,121,1.1999999999999886,-1318.67
Sub08_H_T07_R_C06,Sub08_H,healthy,1,7,right,6,unassigned_steady_or_transition,25406,25541,135,1.349999999999966,-1318.67
Sub08_H_T07_R_C07,Sub08_H,healthy,1,7,right,7,unassigned_steady_or_transition,25541,25653,112,1.1200000000000045,-1318.67
Sub08_H_T07_R_C08,Sub08_H,healthy,1,7,right,8,unassigned_steady_or_transition,25653,25772,119,1.1800000000000068,-1318.67
Sub08_H_T07_R_C09,Sub08_H,healthy,1,7,right,9,unassigned_steady_or_transition,25772,25898,126,1.2600000000000477,-1318.67
Sub08_H_T07_R_C10,Sub08_H,healthy,1,7,right,10,gait_termination,25898,26016,118,1.169999999999959,-1318.67
Sub08_H_T08_L_C01,Sub08_H,healthy,1,8,left,1,gait_initiation,28036,28149,113,1.1299999999999955,-2212.1255
Sub08_H_T08_L_C02,Sub08_H,healthy,1,8,left,2,unassigned_steady_or_transition,28149,28266,117,1.1599999999999682,-2212.1255
Sub08_H_T08_L_C03,Sub08_H,healthy,1,8,left,3,unassigned_steady_or_transition,28266,28384,118,1.169999999999959,-2212.1255
Sub08_H_T08_L_C04,Sub08_H,healthy,1,8,left,4,unassigned_steady_or_transition,28384,28490,106,1.0499999999999545,-2212.1255
Sub08_H_T08_L_C05,Sub08_H,healthy,1,8,left,5,unassigned_steady_or_transition,28490,28614,124,1.2300000000000182,-2212.1255
Sub08_H_T08_L_C06,Sub08_H,healthy,1,8,left,6,unassigned_steady_or_transition,28614,28693,79,0.7900000000000773,-2212.1255
Sub08_H_T08_L_C07,Sub08_H,healthy,1,8,left,7,unassigned_steady_or_transition,28693,28870,177,1.75,-2212.1255
Sub08_H_T08_L_C08,Sub08_H,healthy,1,8,left,8,unassigned_steady_or_transition,28870,29004,134,1.3299999999999272,-2212.1255
Sub08_H_T08_L_C09,Sub08_H,healthy,1,8,left,9,unassigned_steady_or_transition,29004,29124,120,1.1899999999999409,-2212.1255
Sub08_H_T08_L_C10,Sub08_H,healthy,1,8,left,10,gait_termination,29124,29248,124,1.2200000000000273,-2212.1255
Sub08_H_T08_R_C01,Sub08_H,healthy,1,8,right,1,gait_initiation,28031,28144,113,1.1299999999999955,1226.05
Sub08_H_T08_R_C02,Sub08_H,healthy,1,8,right,2,unassigned_steady_or_transition,28144,28261,117,1.1599999999999682,1226.05
Sub08_H_T08_R_C03,Sub08_H,healthy,1,8,right,3,unassigned_steady_or_transition,28261,28379,118,1.17999999999995,1226.05
Sub08_H_T08_R_C04,Sub08_H,healthy,1,8,right,4,unassigned_steady_or_transition,28379,28492,113,1.1200000000000045,1226.05
Sub08_H_T08_R_C05,Sub08_H,healthy,1,8,right,5,unassigned_steady_or_transition,28492,28615,123,1.2199999999999136,1226.05
Sub08_H_T08_R_C06,Sub08_H,healthy,1,8,right,6,unassigned_steady_or_transition,28615,28734,119,1.17999999999995,1226.05
Sub08_H_T08_R_C07,Sub08_H,healthy,1,8,right,7,unassigned_steady_or_transition,28734,28866,132,1.2999999999999545,1226.05
Sub08_H_T08_R_C08,Sub08_H,healthy,1,8,right,8,unassigned_steady_or_transition,28866,28997,131,1.2999999999999545,1226.05
Sub08_H_T08_R_C09,Sub08_H,healthy,1,8,right,9,unassigned_steady_or_transition,28997,29121,124,1.2200000000000273,1226.05
Sub08_H_T08_R_C10,Sub08_H,healthy,1,8,right,10,gait_termination,29121,29244,123,1.2200000000000273,1226.05
Sub08_H_T09_L_C01,Sub08_H,healthy,1,9,left,1,gait_initiation,30899,31012,113,1.1200000000000045,2131.7376999999997
Sub08_H_T09_L_C02,Sub08_H,healthy,1,9,left,2,unassigned_steady_or_transition,31012,31121,109,1.080000000000041,2131.7376999999997
Sub08_H_T09_L_C03,Sub08_H,healthy,1,9,left,3,unassigned_steady_or_transition,31121,31231,110,1.0900000000000318,2131.7376999999997
Sub08_H_T09_L_C04,Sub08_H,healthy,1,9,left,4,unassigned_steady_or_transition,31231,31347,116,1.1499999999999773,2131.7376999999997
Sub08_H_T09_L_C05,Sub08_H,healthy,1,9,left,5,unassigned_steady_or_transition,31347,31468,121,1.2000000000000455,2131.7376999999997
Sub08_H_T09_L_C06,Sub08_H,healthy,1,9,left,6,unassigned_steady_or_transition,31468,31591,123,1.2200000000000273,2131.7376999999997
Sub08_H_T09_L_C07,Sub08_H,healthy,1,9,left,7,unassigned_steady_or_transition,31591,31707,116,1.1599999999999682,2131.7376999999997
Sub08_H_T09_L_C08,Sub08_H,healthy,1,9,left,8,unassigned_steady_or_transition,31707,31826,119,1.1800000000000637,2131.7376999999997
Sub08_H_T09_L_C09,Sub08_H,healthy,1,9,left,9,unassigned_steady_or_transition,31826,31955,129,1.2799999999999727,2131.7376999999997
Sub08_H_T09_L_C10,Sub08_H,healthy,1,9,left,10,gait_termination,31955,32078,123,1.2200000000000273,2131.7376999999997
Sub08_H_T09_R_C01,Sub08_H,healthy,1,9,right,1,gait_initiation,30894,30989,95,0.9399999999999409,-1323.7749999999999
Sub08_H_T09_R_C02,Sub08_H,healthy,1,9,right,2,unassigned_steady_or_transition,30989,31091,102,1.0200000000000955,-1323.7749999999999
Sub08_H_T09_R_C03,Sub08_H,healthy,1,9,right,3,unassigned_steady_or_transition,31091,31202,111,1.1000000000000227,-1323.7749999999999
Sub08_H_T09_R_C04,Sub08_H,healthy,1,9,right,4,unassigned_steady_or_transition,31202,31315,113,1.1099999999999,-1323.7749999999999
Sub08_H_T09_R_C05,Sub08_H,healthy,1,9,right,5,unassigned_steady_or_transition,31315,31437,122,1.2099999999999227,-1323.7749999999999
Sub08_H_T09_R_C06,Sub08_H,healthy,1,9,right,6,unassigned_steady_or_transition,31437,31576,139,1.3899999999999864,-1323.7749999999999
Sub08_H_T09_R_C07,Sub08_H,healthy,1,9,right,7,unassigned_steady_or_transition,31576,31685,109,1.0899999999999181,-1323.7749999999999
Sub08_H_T09_R_C08,Sub08_H,healthy,1,9,right,8,unassigned_steady_or_transition,31685,31795,110,1.0900000000000318,-1323.7749999999999
Sub08_H_T09_R_C09,Sub08_H,healthy,1,9,right,9,unassigned_steady_or_transition,31795,31942,147,1.4600000000000364,-1323.7749999999999
Sub08_H_T09_R_C10,Sub08_H,healthy,1,9,right,10,gait_termination,31942,32065,123,1.2300000000000182,-1323.7749999999999
Sub08_H_T10_L_C01,Sub08_H,healthy,1,10,left,1,gait_initiation,33924,34056,132,1.3100000000000591,-2177.0965
Sub08_H_T10_L_C02,Sub08_H,healthy,1,10,left,2,unassigned_steady_or_transition,34056,34186,130,1.2899999999999636,-2177.0965
Sub08_H_T10_L_C03,Sub08_H,healthy,1,10,left,3,unassigned_steady_or_transition,34186,34313,127,1.2600000000001046,-2177.0965
Sub08_H_T10_L_C04,Sub08_H,healthy,1,10,left,4,unassigned_steady_or_transition,34313,34436,123,1.2099999999999227,-2177.0965
Sub08_H_T10_L_C05,Sub08_H,healthy,1,10,left,5,unassigned_steady_or_transition,34436,34544,108,1.0699999999999363,-2177.0965
Sub08_H_T10_L_C06,Sub08_H,healthy,1,10,left,6,unassigned_steady_or_transition,34544,34673,129,1.2799999999999727,-2177.0965
Sub08_H_T10_L_C07,Sub08_H,healthy,1,10,left,7,unassigned_steady_or_transition,34673,34797,124,1.2200000000000273,-2177.0965
Sub08_H_T10_L_C08,Sub08_H,healthy,1,10,left,8,unassigned_steady_or_transition,34797,34920,123,1.2100000000000364,-2177.0965
Sub08_H_T10_L_C09,Sub08_H,healthy,1,10,left,9,unassigned_steady_or_transition,34920,35041,121,1.1900000000000546,-2177.0965
Sub08_H_T10_L_C10,Sub08_H,healthy,1,10,left,10,gait_termination,35041,35168,127,1.25,-2177.0965
Sub08_H_T10_R_C01,Sub08_H,healthy,1,10,right,1,gait_initiation,33917,34049,132,1.3099999999999454,1228.1800000000003
Sub08_H_T10_R_C02,Sub08_H,healthy,1,10,right,2,unassigned_steady_or_transition,34049,34180,131,1.3000000000000682,1228.1800000000003
Sub08_H_T10_R_C03,Sub08_H,healthy,1,10,right,3,unassigned_steady_or_transition,34180,34305,125,1.240000000000009,1228.1800000000003
Sub08_H_T10_R_C04,Sub08_H,healthy,1,10,right,4,unassigned_steady_or_transition,34305,34429,124,1.2300000000000182,1228.1800000000003
Sub08_H_T10_R_C05,Sub08_H,healthy,1,10,right,5,unassigned_steady_or_transition,34429,34545,116,1.1599999999999682,1228.1800000000003
Sub08_H_T10_R_C06,Sub08_H,healthy,1,10,right,6,unassigned_steady_or_transition,34545,34668,123,1.2200000000000273,1228.1800000000003
Sub08_H_T10_R_C07,Sub08_H,healthy,1,10,right,7,unassigned_steady_or_transition,34668,34791,123,1.2100000000000364,1228.1800000000003
Sub08_H_T10_R_C08,Sub08_H,healthy,1,10,right,8,unassigned_steady_or_transition,34791,34915,124,1.2200000000000273,1228.1800000000003
Sub08_H_T10_R_C09,Sub08_H,healthy,1,10,right,9,unassigned_steady_or_transition,34915,35035,120,1.1899999999999409,1228.1800000000003
Sub08_H_T10_R_C10,Sub08_H,healthy,1,10,right,10,gait_termination,35035,35162,127,1.25,1228.1800000000003
Sub08_H_T11_L_C01,Sub08_H,healthy,1,11,left,1,gait_initiation,36778,36888,110,1.0799999999999272,2086.389
Sub08_H_T11_L_C02,Sub08_H,healthy,1,11,left,2,unassigned_steady_or_transition,36888,36995,107,1.0499999999999545,2086.389
Sub08_H_T11_L_C03,Sub08_H,healthy,1,11,left,3,unassigned_steady_or_transition,36995,37108,113,1.1100000000000136,2086.389
Sub08_H_T11_L_C04,Sub08_H,healthy,1,11,left,4,unassigned_steady_or_transition,37108,37228,120,1.1900000000000546,2086.389
Sub08_H_T11_L_C05,Sub08_H,healthy,1,11,left,5,unassigned_steady_or_transition,37228,37348,120,1.1999999999999318,2086.389
Sub08_H_T11_L_C06,Sub08_H,healthy,1,11,left,6,unassigned_steady_or_transition,37348,37467,119,1.1800000000000637,2086.389
Sub08_H_T11_L_C07,Sub08_H,healthy,1,11,left,7,unassigned_steady_or_transition,37467,37588,121,1.2100000000000364,2086.389
Sub08_H_T11_L_C08,Sub08_H,healthy,1,11,left,8,unassigned_steady_or_transition,37588,37705,117,1.1599999999999682,2086.389
Sub08_H_T11_L_C09,Sub08_H,healthy,1,11,left,9,unassigned_steady_or_transition,37705,37825,120,1.1899999999999409,2086.389
Sub08_H_T11_L_C10,Sub08_H,healthy,1,11,left,10,gait_termination,37825,37948,123,1.2199999999999136,2086.389
Sub08_H_T11_R_C01,Sub08_H,healthy,1,11,right,1,gait_initiation,36775,36864,89,0.8799999999999955,-1290.53
Sub08_H_T11_R_C02,Sub08_H,healthy,1,11,right,2,unassigned_steady_or_transition,36864,36971,107,1.0599999999999454,-1290.53
Sub08_H_T11_R_C03,Sub08_H,healthy,1,11,right,3,unassigned_steady_or_transition,36971,37082,111,1.1000000000000227,-1290.53
Sub08_H_T11_R_C04,Sub08_H,healthy,1,11,right,4,unassigned_steady_or_transition,37082,37192,110,1.0900000000000318,-1290.53
Sub08_H_T11_R_C05,Sub08_H,healthy,1,11,right,5,unassigned_steady_or_transition,37192,37314,122,1.2099999999999227,-1290.53
Sub08_H_T11_R_C06,Sub08_H,healthy,1,11,right,6,unassigned_steady_or_transition,37314,37440,126,1.259999999999991,-1290.53
Sub08_H_T11_R_C07,Sub08_H,healthy,1,11,right,7,unassigned_steady_or_transition,37440,37560,120,1.1899999999999409,-1290.53
Sub08_H_T11_R_C08,Sub08_H,healthy,1,11,right,8,unassigned_steady_or_transition,37560,37685,125,1.240000000000009,-1290.53
Sub08_H_T11_R_C09,Sub08_H,healthy,1,11,right,9,unassigned_steady_or_transition,37685,37802,117,1.1700000000000728,-1290.53
Sub08_H_T11_R_C10,Sub08_H,healthy,1,11,right,10,gait_termination,37802,37917,115,1.1399999999999864,-1290.53
Sub08_H_T12_L_C01,Sub08_H,healthy,1,12,left,1,gait_initiation,39878,39993,115,1.1499999999999773,-2138.2115
Sub08_H_T12_L_C02,Sub08_H,healthy,1,12,left,2,unassigned_steady_or_transition,39993,40110,117,1.1599999999999682,-2138.2115
Sub08_H_T12_L_C03,Sub08_H,healthy,1,12,left,3,unassigned_steady_or_transition,40110,40230,120,1.1900000000000546,-2138.2115
Sub08_H_T12_L_C04,Sub08_H,healthy,1,12,left,4,unassigned_steady_or_transition,40230,40345,115,1.1399999999999864,-2138.2115
Sub08_H_T12_L_C05,Sub08_H,healthy,1,12,left,5,unassigned_steady_or_transition,40345,40460,115,1.1399999999999864,-2138.2115
Sub08_H_T12_L_C06,Sub08_H,healthy,1,12,left,6,unassigned_steady_or_transition,40460,40546,86,0.8500000000000227,-2138.2115
Sub08_H_T12_L_C07,Sub08_H,healthy,1,12,left,7,unassigned_steady_or_transition,40546,40704,158,1.5599999999999454,-2138.2115
Sub08_H_T12_L_C08,Sub08_H,healthy,1,12,left,8,unassigned_steady_or_transition,40704,40830,126,1.25,-2138.2115
Sub08_H_T12_L_C09,Sub08_H,healthy,1,12,left,9,unassigned_steady_or_transition,40830,40954,124,1.2299999999999045,-2138.2115
Sub08_H_T12_L_C10,Sub08_H,healthy,1,12,left,10,gait_termination,40954,41078,124,1.2200000000000273,-2138.2115
Sub08_H_T12_R_C01,Sub08_H,healthy,1,12,right,1,gait_initiation,39906,40016,110,1.0899999999999181,-1278.78
Sub08_H_T12_R_C02,Sub08_H,healthy,1,12,right,2,unassigned_steady_or_transition,40016,40137,121,1.2100000000000364,-1278.78
Sub08_H_T12_R_C03,Sub08_H,healthy,1,12,right,3,unassigned_steady_or_transition,40137,40268,131,1.3000000000000682,-1278.78
Sub08_H_T12_R_C04,Sub08_H,healthy,1,12,right,4,unassigned_steady_or_transition,40268,40376,108,1.0699999999999363,-1278.78
Sub08_H_T12_R_C05,Sub08_H,healthy,1,12,right,5,unassigned_steady_or_transition,40376,40488,112,1.1100000000000136,-1278.78
Sub08_H_T12_R_C06,Sub08_H,healthy,1,12,right,6,unassigned_steady_or_transition,40488,40599,111,1.1000000000000227,-1278.78
Sub08_H_T12_R_C07,Sub08_H,healthy,1,12,right,7,unassigned_steady_or_transition,40599,40726,127,1.25,-1278.78
Sub08_H_T12_R_C08,Sub08_H,healthy,1,12,right,8,unassigned_steady_or_transition,40726,40855,129,1.2799999999999727,-1278.78
Sub08_H_T12_R_C09,Sub08_H,healthy,1,12,right,9,unassigned_steady_or_transition,40855,40989,134,1.3299999999999272,-1278.78
Sub08_H_T12_R_C10,Sub08_H,healthy,1,12,right,10,gait_termination,40989,41111,122,1.2000000000000455,-1278.78
Sub08_H_T13_L_C01,Sub08_H,healthy,1,13,left,1,gait_initiation,43140,43253,113,1.1200000000000045,2050.669
Sub08_H_T13_L_C02,Sub08_H,healthy,1,13,left,2,unassigned_steady_or_transition,43253,43367,114,1.1399999999999864,2050.669
Sub08_H_T13_L_C03,Sub08_H,healthy,1,13,left,3,unassigned_steady_or_transition,43367,43478,111,1.1000000000000227,2050.669
Sub08_H_T13_L_C04,Sub08_H,healthy,1,13,left,4,unassigned_steady_or_transition,43478,43598,120,1.1900000000000546,2050.669
Sub08_H_T13_L_C05,Sub08_H,healthy,1,13,left,5,unassigned_steady_or_transition,43598,43714,116,1.1399999999999864,2050.669
Sub08_H_T13_L_C06,Sub08_H,healthy,1,13,left,6,unassigned_steady_or_transition,43714,43840,126,1.259999999999991,2050.669
Sub08_H_T13_L_C07,Sub08_H,healthy,1,13,left,7,unassigned_steady_or_transition,43840,43957,117,1.1599999999999682,2050.669
Sub08_H_T13_L_C08,Sub08_H,healthy,1,13,left,8,unassigned_steady_or_transition,43957,44076,119,1.17999999999995,2050.669
Sub08_H_T13_L_C09,Sub08_H,healthy,1,13,left,9,unassigned_steady_or_transition,44076,44200,124,1.2300000000000182,2050.669
Sub08_H_T13_L_C10,Sub08_H,healthy,1,13,left,10,gait_termination,44200,44319,119,1.17999999999995,2050.669
Sub08_H_T13_R_C01,Sub08_H,healthy,1,13,right,1,gait_initiation,43135,43221,86,0.8600000000000136,-1277.5849999999998
Sub08_H_T13_R_C02,Sub08_H,healthy,1,13,right,2,unassigned_steady_or_transition,43221,43331,110,1.0899999999999181,-1277.5849999999998
Sub08_H_T13_R_C03,Sub08_H,healthy,1,13,right,3,unassigned_steady_or_transition,43331,43448,117,1.1600000000000819,-1277.5849999999998
Sub08_H_T13_R_C04,Sub08_H,healthy,1,13,right,4,unassigned_steady_or_transition,43448,43562,114,1.1299999999999955,-1277.5849999999998
Sub08_H_T13_R_C05,Sub08_H,healthy,1,13,right,5,unassigned_steady_or_transition,43562,43680,118,1.169999999999959,-1277.5849999999998
Sub08_H_T13_R_C06,Sub08_H,healthy,1,13,right,6,unassigned_steady_or_transition,43680,43821,141,1.4100000000000819,-1277.5849999999998
Sub08_H_T13_R_C07,Sub08_H,healthy,1,13,right,7,unassigned_steady_or_transition,43821,43931,110,1.0899999999999181,-1277.5849999999998
Sub08_H_T13_R_C08,Sub08_H,healthy,1,13,right,8,unassigned_steady_or_transition,43931,44049,118,1.1700000000000728,-1277.5849999999998
Sub08_H_T13_R_C09,Sub08_H,healthy,1,13,right,9,unassigned_steady_or_transition,44049,44180,131,1.2999999999999545,-1277.5849999999998
Sub08_H_T13_R_C10,Sub08_H,healthy,1,13,right,10,gait_termination,44180,44298,118,1.1700000000000728,-1277.5849999999998
Sub08_H_T14_L_C01,Sub08_H,healthy,1,14,left,1,gait_initiation,46418,46532,114,1.1299999999999955,-2108.1805999999997
Sub08_H_T14_L_C02,Sub08_H,healthy,1,14,left,2,unassigned_steady_or_transition,46532,46647,115,1.1499999999999773,-2108.1805999999997
Sub08_H_T14_L_C03,Sub08_H,healthy,1,14,left,3,unassigned_steady_or_transition,46647,46766,119,1.1800000000000637,-2108.1805999999997
Sub08_H_T14_L_C04,Sub08_H,healthy,1,14,left,4,unassigned_steady_or_transition,46766,46884,118,1.169999999999959,-2108.1805999999997
Sub08_H_T14_L_C05,Sub08_H,healthy,1,14,left,5,unassigned_steady_or_transition,46884,46999,115,1.1499999999999773,-2108.1805999999997
Sub08_H_T14_L_C06,Sub08_H,healthy,1,14,left,6,unassigned_steady_or_transition,46999,47127,128,1.2700000000000955,-2108.1805999999997
Sub08_H_T14_L_C07,Sub08_H,healthy,1,14,left,7,unassigned_steady_or_transition,47127,47250,123,1.2099999999999227,-2108.1805999999997
Sub08_H_T14_L_C08,Sub08_H,healthy,1,14,left,8,unassigned_steady_or_transition,47250,47371,121,1.1899999999999409,-2108.1805999999997
Sub08_H_T14_L_C09,Sub08_H,healthy,1,14,left,9,unassigned_steady_or_transition,47371,47495,124,1.2200000000000273,-2108.1805999999997
Sub08_H_T14_L_C10,Sub08_H,healthy,1,14,left,10,gait_termination,47495,47625,130,1.2899999999999636,-2108.1805999999997
Sub08_H_T14_R_C01,Sub08_H,healthy,1,14,right,1,gait_initiation,46452,46554,102,1.009999999999991,-1312.35
Sub08_H_T14_R_C02,Sub08_H,healthy,1,14,right,2,unassigned_steady_or_transition,46554,46670,116,1.1599999999999682,-1312.35
Sub08_H_T14_R_C03,Sub08_H,healthy,1,14,right,3,unassigned_steady_or_transition,46670,46791,121,1.2000000000000455,-1312.35
Sub08_H_T14_R_C04,Sub08_H,healthy,1,14,right,4,unassigned_steady_or_transition,46791,46908,117,1.169999999999959,-1312.35
Sub08_H_T14_R_C05,Sub08_H,healthy,1,14,right,5,unassigned_steady_or_transition,46908,47026,118,1.1700000000000728,-1312.35
Sub08_H_T14_R_C06,Sub08_H,healthy,1,14,right,6,unassigned_steady_or_transition,47026,47176,150,1.490000000000009,-1312.35
Sub08_H_T14_R_C07,Sub08_H,healthy,1,14,right,7,unassigned_steady_or_transition,47176,47271,95,0.9399999999999409,-1312.35
Sub08_H_T14_R_C08,Sub08_H,healthy,1,14,right,8,unassigned_steady_or_transition,47271,47398,127,1.25,-1312.35
Sub08_H_T14_R_C09,Sub08_H,healthy,1,14,right,9,unassigned_steady_or_transition,47398,47517,119,1.1700000000000728,-1312.35
Sub08_H_T14_R_C10,Sub08_H,healthy,1,14,right,10,gait_termination,47517,47661,144,1.42999999999995,-1312.35
Sub08_H_T15_L_C01,Sub08_H,healthy,1,15,left,1,gait_initiation,51494,51606,112,1.1200000000000045,2019.8229999999999
Sub08_H_T15_L_C02,Sub08_H,healthy,1,15,left,2,unassigned_steady_or_transition,51606,51715,109,1.080000000000041,2019.8229999999999
Sub08_H_T15_L_C03,Sub08_H,healthy,1,15,left,3,unassigned_steady_or_transition,51715,51822,107,1.0599999999999454,2019.8229999999999
Sub08_H_T15_L_C04,Sub08_H,healthy,1,15,left,4,unassigned_steady_or_transition,51822,51937,115,1.1400000000001,2019.8229999999999
Sub08_H_T15_L_C05,Sub08_H,healthy,1,15,left,5,unassigned_steady_or_transition,51937,52060,123,1.2199999999999136,2019.8229999999999
Sub08_H_T15_L_C06,Sub08_H,healthy,1,15,left,6,unassigned_steady_or_transition,52060,52193,133,1.32000000000005,2019.8229999999999
Sub08_H_T15_L_C07,Sub08_H,healthy,1,15,left,7,unassigned_steady_or_transition,52193,52305,112,1.1100000000000136,2019.8229999999999
Sub08_H_T15_L_C08,Sub08_H,healthy,1,15,left,8,unassigned_steady_or_transition,52305,52424,119,1.1800000000000637,2019.8229999999999
Sub08_H_T15_L_C09,Sub08_H,healthy,1,15,left,9,unassigned_steady_or_transition,52424,52548,124,1.2299999999999045,2019.8229999999999
Sub08_H_T15_L_C10,Sub08_H,healthy,1,15,left,10,gait_termination,52548,52668,120,1.1899999999999409,2019.8229999999999
Sub08_H_T15_R_C01,Sub08_H,healthy,1,15,right,1,gait_initiation,51493,51585,92,0.9199999999999591,-1237.85
Sub08_H_T15_R_C02,Sub08_H,healthy,1,15,right,2,unassigned_steady_or_transition,51585,51688,103,1.0200000000000955,-1237.85
Sub08_H_T15_R_C03,Sub08_H,healthy,1,15,right,3,unassigned_steady_or_transition,51688,51790,102,1.009999999999991,-1237.85
Sub08_H_T15_R_C04,Sub08_H,healthy,1,15,right,4,unassigned_steady_or_transition,51790,51904,114,1.1200000000000045,-1237.85
Sub08_H_T15_R_C05,Sub08_H,healthy,1,15,right,5,unassigned_steady_or_transition,51904,52035,131,1.2899999999999636,-1237.85
Sub08_H_T15_R_C06,Sub08_H,healthy,1,15,right,6,unassigned_steady_or_transition,52035,52173,138,1.3799999999999955,-1237.85
Sub08_H_T15_R_C07,Sub08_H,healthy,1,15,right,7,unassigned_steady_or_transition,52173,52277,104,1.0300000000000864,-1237.85
Sub08_H_T15_R_C08,Sub08_H,healthy,1,15,right,8,unassigned_steady_or_transition,52277,52393,116,1.1499999999999773,-1237.85
Sub08_H_T15_R_C09,Sub08_H,healthy,1,15,right,9,unassigned_steady_or_transition,52393,52531,138,1.3799999999999955,-1237.85
Sub08_H_T15_R_C10,Sub08_H,healthy,1,15,right,10,gait_termination,52531,52655,124,1.2200000000000273,-1237.85
Sub08_H_T16_L_C01,Sub08_H,healthy,1,16,left,1,gait_initiation,54515,54632,117,1.1600000000000819,-2109.8548
Sub08_H_T16_L_C02,Sub08_H,healthy,1,16,left,2,unassigned_steady_or_transition,54632,54745,113,1.1200000000000045,-2109.8548
Sub08_H_T16_L_C03,Sub08_H,healthy,1,16,left,3,unassigned_steady_or_transition,54745,54859,114,1.1299999999999955,-2109.8548
Sub08_H_T16_L_C04,Sub08_H,healthy,1,16,left,4,unassigned_steady_or_transition,54859,54978,119,1.1800000000000637,-2109.8548
Sub08_H_T16_L_C05,Sub08_H,healthy,1,16,left,5,unassigned_steady_or_transition,54978,55093,115,1.1399999999999864,-2109.8548
Sub08_H_T16_L_C06,Sub08_H,healthy,1,16,left,6,unassigned_steady_or_transition,55093,55175,82,0.8199999999999363,-2109.8548
Sub08_H_T16_L_C07,Sub08_H,healthy,1,16,left,7,unassigned_steady_or_transition,55175,55338,163,1.6100000000000136,-2109.8548
Sub08_H_T16_L_C08,Sub08_H,healthy,1,16,left,8,unassigned_steady_or_transition,55338,55461,123,1.2100000000000364,-2109.8548
Sub08_H_T16_L_C09,Sub08_H,healthy,1,16,left,9,unassigned_steady_or_transition,55461,55579,118,1.1700000000000728,-2109.8548
Sub08_H_T16_L_C10,Sub08_H,healthy,1,16,left,10,gait_termination,55579,55703,124,1.2199999999999136,-2109.8548
Sub08_H_T16_R_C01,Sub08_H,healthy,1,16,right,1,gait_initiation,54536,54657,121,1.2000000000000455,-1275.15
Sub08_H_T16_R_C02,Sub08_H,healthy,1,16,right,2,unassigned_steady_or_transition,54657,54767,110,1.1000000000000227,-1275.15
Sub08_H_T16_R_C03,Sub08_H,healthy,1,16,right,3,unassigned_steady_or_transition,54767,54903,136,1.3500000000000227,-1275.15
Sub08_H_T16_R_C04,Sub08_H,healthy,1,16,right,4,unassigned_steady_or_transition,54903,55004,101,1.0,-1275.15
Sub08_H_T16_R_C05,Sub08_H,healthy,1,16,right,5,unassigned_steady_or_transition,55004,55114,110,1.0899999999999181,-1275.15
Sub08_H_T16_R_C06,Sub08_H,healthy,1,16,right,6,unassigned_steady_or_transition,55114,55263,149,1.4800000000000182,-1275.15
Sub08_H_T16_R_C07,Sub08_H,healthy,1,16,right,7,unassigned_steady_or_transition,55263,55384,121,1.1900000000000546,-1275.15
Sub08_H_T16_R_C08,Sub08_H,healthy,1,16,right,8,unassigned_steady_or_transition,55384,55495,111,1.0900000000000318,-1275.15
Sub08_H_T16_R_C09,Sub08_H,healthy,1,16,right,9,unassigned_steady_or_transition,55495,55600,105,1.0399999999999636,-1275.15
Sub08_H_T16_R_C10,Sub08_H,healthy,1,16,right,10,gait_termination,55600,55728,128,1.2699999999999818,-1275.15
Sub08_H_T17_L_C01,Sub08_H,healthy,1,17,left,1,gait_initiation,59070,59178,108,1.080000000000041,2059.9811
Sub08_H_T17_L_C02,Sub08_H,healthy,1,17,left,2,unassigned_steady_or_transition,59178,59286,108,1.0799999999999272,2059.9811
Sub08_H_T17_L_C03,Sub08_H,healthy,1,17,left,3,unassigned_steady_or_transition,59286,59400,114,1.1400000000001,2059.9811
Sub08_H_T17_L_C04,Sub08_H,healthy,1,17,left,4,unassigned_steady_or_transition,59400,59520,120,1.1899999999999409,2059.9811
Sub08_H_T17_L_C05,Sub08_H,healthy,1,17,left,5,unassigned_steady_or_transition,59520,59645,125,1.240000000000009,2059.9811
Sub08_H_T17_L_C06,Sub08_H,healthy,1,17,left,6,unassigned_steady_or_transition,59645,59770,125,1.25,2059.9811
Sub08_H_T17_L_C07,Sub08_H,healthy,1,17,left,7,unassigned_steady_or_transition,59770,59884,114,1.1299999999999955,2059.9811
Sub08_H_T17_L_C08,Sub08_H,healthy,1,17,left,8,unassigned_steady_or_transition,59884,60003,119,1.1800000000000637,2059.9811
Sub08_H_T17_L_C09,Sub08_H,healthy,1,17,left,9,unassigned_steady_or_transition,60003,60125,122,1.2100000000000364,2059.9811
Sub08_H_T17_L_C10,Sub08_H,healthy,1,17,left,10,gait_termination,60125,60246,121,1.1899999999999409,2059.9811
Sub08_H_T17_R_C01,Sub08_H,healthy,1,17,right,1,gait_initiation,59067,59146,79,0.7899999999999636,-1239.625
Sub08_H_T17_R_C02,Sub08_H,healthy,1,17,right,2,unassigned_steady_or_transition,59146,59254,108,1.080000000000041,-1239.625
Sub08_H_T17_R_C03,Sub08_H,healthy,1,17,right,3,unassigned_steady_or_transition,59254,59365,111,1.1000000000000227,-1239.625
Sub08_H_T17_R_C04,Sub08_H,healthy,1,17,right,4,unassigned_steady_or_transition,59365,59485,120,1.1999999999999318,-1239.625
Sub08_H_T17_R_C05,Sub08_H,healthy,1,17,right,5,unassigned_steady_or_transition,59485,59618,133,1.32000000000005,-1239.625
Sub08_H_T17_R_C06,Sub08_H,healthy,1,17,right,6,unassigned_steady_or_transition,59618,59754,136,1.3500000000000227,-1239.625
Sub08_H_T17_R_C07,Sub08_H,healthy,1,17,right,7,unassigned_steady_or_transition,59754,59855,101,1.0,-1239.625
Sub08_H_T17_R_C08,Sub08_H,healthy,1,17,right,8,unassigned_steady_or_transition,59855,59977,122,1.2100000000000364,-1239.625
Sub08_H_T17_R_C09,Sub08_H,healthy,1,17,right,9,unassigned_steady_or_transition,59977,60104,127,1.259999999999991,-1239.625
Sub08_H_T17_R_C10,Sub08_H,healthy,1,17,right,10,gait_termination,60104,60232,128,1.2699999999999818,-1239.625
Sub08_H_T18_L_C01,Sub08_H,healthy,1,18,left,1,gait_initiation,63659,63801,142,1.4300000000000637,-2128.7188
Sub08_H_T18_L_C02,Sub08_H,healthy,1,18,left,2,unassigned_steady_or_transition,63801,63918,117,1.1599999999999682,-2128.7188
Sub08_H_T18_L_C03,Sub08_H,healthy,1,18,left,3,unassigned_steady_or_transition,63918,64038,120,1.1900000000000546,-2128.7188
Sub08_H_T18_L_C04,Sub08_H,healthy,1,18,left,4,unassigned_steady_or_transition,64038,64156,118,1.169999999999959,-2128.7188
Sub08_H_T18_L_C05,Sub08_H,healthy,1,18,left,5,unassigned_steady_or_transition,64156,64268,112,1.1100000000000136,-2128.7188
Sub08_H_T18_L_C06,Sub08_H,healthy,1,18,left,6,unassigned_steady_or_transition,64268,64387,119,1.1800000000000637,-2128.7188
Sub08_H_T18_L_C07,Sub08_H,healthy,1,18,left,7,unassigned_steady_or_transition,64387,64522,135,1.3399999999999181,-2128.7188
Sub08_H_T18_L_C08,Sub08_H,healthy,1,18,left,8,unassigned_steady_or_transition,64522,64656,134,1.3199999999999363,-2128.7188
Sub08_H_T18_L_C09,Sub08_H,healthy,1,18,left,9,unassigned_steady_or_transition,64656,64783,127,1.25,-2128.7188
Sub08_H_T18_L_C10,Sub08_H,healthy,1,18,left,10,gait_termination,64783,64907,124,1.2300000000000182,-2128.7188
Sub08_H_T18_R_C01,Sub08_H,healthy,1,18,right,1,gait_initiation,63682,63796,114,1.1299999999999955,1187.72
Sub08_H_T18_R_C02,Sub08_H,healthy,1,18,right,2,unassigned_steady_or_transition,63796,63913,117,1.1700000000000728,1187.72
Sub08_H_T18_R_C03,Sub08_H,healthy,1,18,right,3,unassigned_steady_or_transition,63913,64034,121,1.1999999999999318,1187.72
Sub08_H_T18_R_C04,Sub08_H,healthy,1,18,right,4,unassigned_steady_or_transition,64034,64152,118,1.169999999999959,1187.72
Sub08_H_T18_R_C05,Sub08_H,healthy,1,18,right,5,unassigned_steady_or_transition,64152,64273,121,1.2000000000000455,1187.72
Sub08_H_T18_R_C06,Sub08_H,healthy,1,18,right,6,unassigned_steady_or_transition,64273,64390,117,1.1599999999999682,1187.72
Sub08_H_T18_R_C07,Sub08_H,healthy,1,18,right,7,unassigned_steady_or_transition,64390,64519,129,1.2799999999999727,1187.72
Sub08_H_T18_R_C08,Sub08_H,healthy,1,18,right,8,unassigned_steady_or_transition,64519,64656,137,1.3500000000000227,1187.72
Sub08_H_T18_R_C09,Sub08_H,healthy,1,18,right,9,unassigned_steady_or_transition,64656,64777,121,1.1900000000000546,1187.72
Sub08_H_T18_R_C10,Sub08_H,healthy,1,18,right,10,gait_termination,64777,64901,124,1.2300000000000182,1187.72
Sub08_H_T19_L_C01,Sub08_H,healthy,1,19,left,1,gait_initiation,67758,67868,110,1.1000000000000227,2068.3704
Sub08_H_T19_L_C02,Sub08_H,healthy,1,19,left,2,unassigned_steady_or_transition,67868,67978,110,1.0900000000000318,2068.3704
Sub08_H_T19_L_C03,Sub08_H,healthy,1,19,left,3,unassigned_steady_or_transition,67978,68094,116,1.1499999999999773,2068.3704
Sub08_H_T19_L_C04,Sub08_H,healthy,1,19,left,4,unassigned_steady_or_transition,68094,68212,118,1.1700000000000728,2068.3704
Sub08_H_T19_L_C05,Sub08_H,healthy,1,19,left,5,unassigned_steady_or_transition,68212,68326,114,1.1399999999999864,2068.3704
Sub08_H_T19_L_C06,Sub08_H,healthy,1,19,left,6,unassigned_steady_or_transition,68326,68456,130,1.2899999999999636,2068.3704
Sub08_H_T19_L_C07,Sub08_H,healthy,1,19,left,7,unassigned_steady_or_transition,68456,68573,117,1.1600000000000819,2068.3704
Sub08_H_T19_L_C08,Sub08_H,healthy,1,19,left,8,unassigned_steady_or_transition,68573,68694,121,1.1999999999999318,2068.3704
Sub08_H_T19_L_C09,Sub08_H,healthy,1,19,left,9,unassigned_steady_or_transition,68694,68816,122,1.2099999999999227,2068.3704
Sub08_H_T19_L_C10,Sub08_H,healthy,1,19,left,10,gait_termination,68816,68935,119,1.1800000000000637,2068.3704
Sub08_H_T19_R_C01,Sub08_H,healthy,1,19,right,1,gait_initiation,67747,67854,107,1.0599999999999454,-1245.63
Sub08_H_T19_R_C02,Sub08_H,healthy,1,19,right,2,unassigned_steady_or_transition,67854,67952,98,0.9800000000000182,-1245.63
Sub08_H_T19_R_C03,Sub08_H,healthy,1,19,right,3,unassigned_steady_or_transition,67952,68061,109,1.07000000000005,-1245.63
Sub08_H_T19_R_C04,Sub08_H,healthy,1,19,right,4,unassigned_steady_or_transition,68061,68173,112,1.1100000000000136,-1245.63
Sub08_H_T19_R_C05,Sub08_H,healthy,1,19,right,5,unassigned_steady_or_transition,68173,68300,127,1.259999999999991,-1245.63
Sub08_H_T19_R_C06,Sub08_H,healthy,1,19,right,6,unassigned_steady_or_transition,68300,68425,125,1.25,-1245.63
Sub08_H_T19_R_C07,Sub08_H,healthy,1,19,right,7,unassigned_steady_or_transition,68425,68557,132,1.3099999999999454,-1245.63
Sub08_H_T19_R_C08,Sub08_H,healthy,1,19,right,8,unassigned_steady_or_transition,68557,68662,105,1.0400000000000773,-1245.63
Sub08_H_T19_R_C09,Sub08_H,healthy,1,19,right,9,unassigned_steady_or_transition,68662,68806,144,1.42999999999995,-1245.63
Sub08_H_T19_R_C10,Sub08_H,healthy,1,19,right,10,gait_termination,68806,68921,115,1.1400000000001,-1245.63
Sub08_H_T20_L_C01,Sub08_H,healthy,1,20,left,1,gait_initiation,71569,71667,98,0.9800000000000182,-2121.5822
Sub08_H_T20_L_C02,Sub08_H,healthy,1,20,left,2,unassigned_steady_or_transition,71667,71795,128,1.2799999999999727,-2121.5822
Sub08_H_T20_L_C03,Sub08_H,healthy,1,20,left,3,unassigned_steady_or_transition,71795,71915,120,1.1900000000000546,-2121.5822
Sub08_H_T20_L_C04,Sub08_H,healthy,1,20,left,4,unassigned_steady_or_transition,71915,72033,118,1.169999999999959,-2121.5822
Sub08_H_T20_L_C05,Sub08_H,healthy,1,20,left,5,unassigned_steady_or_transition,72033,72152,119,1.17999999999995,-2121.5822
Sub08_H_T20_L_C06,Sub08_H,healthy,1,20,left,6,unassigned_steady_or_transition,72152,72235,83,0.82000000000005,-2121.5822
Sub08_H_T20_L_C07,Sub08_H,healthy,1,20,left,7,unassigned_steady_or_transition,72235,72399,164,1.6200000000000045,-2121.5822
Sub08_H_T20_L_C08,Sub08_H,healthy,1,20,left,8,unassigned_steady_or_transition,72399,72539,140,1.3799999999999955,-2121.5822
Sub08_H_T20_L_C09,Sub08_H,healthy,1,20,left,9,unassigned_steady_or_transition,72539,72661,122,1.2100000000000364,-2121.5822
Sub08_H_T20_L_C10,Sub08_H,healthy,1,20,left,10,gait_termination,72661,72785,124,1.2299999999999045,-2121.5822
Sub08_H_T20_R_C01,Sub08_H,healthy,1,20,right,1,gait_initiation,71679,71791,112,1.1200000000000045,1118.15
Sub08_H_T20_R_C02,Sub08_H,healthy,1,20,right,2,unassigned_steady_or_transition,71791,71910,119,1.1800000000000637,1118.15
Sub08_H_T20_R_C03,Sub08_H,healthy,1,20,right,3,unassigned_steady_or_transition,71910,72029,119,1.17999999999995,1118.15
Sub08_H_T20_R_C04,Sub08_H,healthy,1,20,right,4,unassigned_steady_or_transition,72029,72148,119,1.1900000000000546,1118.15
Sub08_H_T20_R_C05,Sub08_H,healthy,1,20,right,5,unassigned_steady_or_transition,72148,72268,120,1.17999999999995,1118.15
Sub08_H_T20_R_C06,Sub08_H,healthy,1,20,right,6,unassigned_steady_or_transition,72268,72398,130,1.2900000000000773,1118.15
Sub08_H_T20_R_C07,Sub08_H,healthy,1,20,right,7,unassigned_steady_or_transition,72398,72536,138,1.3600000000000136,1118.15
Sub08_H_T20_R_C08,Sub08_H,healthy,1,20,right,8,unassigned_steady_or_transition,72536,72656,120,1.1899999999999409,1118.15
Sub08_H_T20_R_C09,Sub08_H,healthy,1,20,right,9,gait_termination,72656,72779,123,1.2200000000000273,1118.15
Sub08_H_T21_L_C01,Sub08_H,healthy,21,21,left,1,gait_initiation,3068,3190,122,1.2299999999997908,2318.0315
Sub08_H_T21_L_C02,Sub08_H,healthy,21,21,left,2,unassigned_steady_or_transition,3190,3307,117,1.1699999999998454,2318.0315
Sub08_H_T21_L_C03,Sub08_H,healthy,21,21,left,3,unassigned_steady_or_transition,3307,3427,120,1.2000000000000455,2318.0315
Sub08_H_T21_L_C04,Sub08_H,healthy,21,21,left,4,unassigned_steady_or_transition,3427,3549,122,1.2100000000000364,2318.0315
Sub08_H_T21_L_C05,Sub08_H,healthy,21,21,left,5,unassigned_steady_or_transition,3549,3671,122,1.2200000000000273,2318.0315
Sub08_H_T21_L_C06,Sub08_H,healthy,21,21,left,6,unassigned_steady_or_transition,3671,3798,127,1.2699999999999818,2318.0315
Sub08_H_T21_L_C07,Sub08_H,healthy,21,21,left,7,unassigned_steady_or_transition,3798,3924,126,1.259999999999991,2318.0315
Sub08_H_T21_L_C08,Sub08_H,healthy,21,21,left,8,unassigned_steady_or_transition,3924,4048,124,1.2300000000000182,2318.0315
Sub08_H_T21_L_C09,Sub08_H,healthy,21,21,left,9,unassigned_steady_or_transition,4048,4171,123,1.2300000000000182,2318.0315
Sub08_H_T21_L_C10,Sub08_H,healthy,21,21,left,10,gait_termination,4171,4292,121,1.2000000000000455,2318.0315
Sub08_H_T21_R_C01,Sub08_H,healthy,21,21,right,1,gait_initiation,3129,3247,118,1.1800000000000637,1141.21
Sub08_H_T21_R_C02,Sub08_H,healthy,21,21,right,2,unassigned_steady_or_transition,3247,3367,120,1.2000000000000455,1141.21
Sub08_H_T21_R_C03,Sub08_H,healthy,21,21,right,3,unassigned_steady_or_transition,3367,3487,120,1.199999999999818,1141.21
Sub08_H_T21_R_C04,Sub08_H,healthy,21,21,right,4,unassigned_steady_or_transition,3487,3610,123,1.2199999999998,1141.21
Sub08_H_T21_R_C05,Sub08_H,healthy,21,21,right,5,unassigned_steady_or_transition,3610,3729,119,1.1900000000000546,1141.21
Sub08_H_T21_R_C06,Sub08_H,healthy,21,21,right,6,unassigned_steady_or_transition,3729,3861,132,1.3200000000001637,1141.21
Sub08_H_T21_R_C07,Sub08_H,healthy,21,21,right,7,unassigned_steady_or_transition,3861,3984,123,1.2199999999998,1141.21
Sub08_H_T21_R_C08,Sub08_H,healthy,21,21,right,8,unassigned_steady_or_transition,3984,4106,122,1.2200000000000273,1141.21
Sub08_H_T21_R_C09,Sub08_H,healthy,21,21,right,9,gait_termination,4106,4227,121,1.2000000000000455,1141.21
Sub08_H_T22_L_C01,Sub08_H,healthy,21,22,left,1,gait_initiation,6033,6143,110,1.1000000000001364,-2408.68955
Sub08_H_T22_L_C02,Sub08_H,healthy,21,22,left,2,unassigned_steady_or_transition,6143,6249,106,1.0599999999999454,-2408.68955
Sub08_H_T22_L_C03,Sub08_H,healthy,21,22,left,3,unassigned_steady_or_transition,6249,6358,109,1.0900000000001455,-2408.68955
Sub08_H_T22_L_C04,Sub08_H,healthy,21,22,left,4,unassigned_steady_or_transition,6358,6474,116,1.1599999999998545,-2408.68955
Sub08_H_T22_L_C05,Sub08_H,healthy,21,22,left,5,unassigned_steady_or_transition,6474,6594,120,1.1900000000000546,-2408.68955
Sub08_H_T22_L_C06,Sub08_H,healthy,21,22,left,6,unassigned_steady_or_transition,6594,6716,122,1.2200000000000273,-2408.68955
Sub08_H_T22_L_C07,Sub08_H,healthy,21,22,left,7,unassigned_steady_or_transition,6716,6833,117,1.1700000000000728,-2408.68955
Sub08_H_T22_L_C08,Sub08_H,healthy,21,22,left,8,unassigned_steady_or_transition,6833,6951,118,1.1799999999998363,-2408.68955
Sub08_H_T22_L_C09,Sub08_H,healthy,21,22,left,9,unassigned_steady_or_transition,6951,7068,117,1.1800000000000637,-2408.68955
Sub08_H_T22_L_C10,Sub08_H,healthy,21,22,left,10,gait_termination,7068,7186,118,1.1700000000000728,-2408.68955
Sub08_H_T22_R_C01,Sub08_H,healthy,21,22,right,1,gait_initiation,6024,6133,109,1.0899999999999181,1152.75
Sub08_H_T22_R_C02,Sub08_H,healthy,21,22,right,2,unassigned_steady_or_transition,6133,6241,108,1.0800000000001546,1152.75
Sub08_H_T22_R_C03,Sub08_H,healthy,21,22,right,3,unassigned_steady_or_transition,6241,6349,108,1.0799999999999272,1152.75
Sub08_H_T22_R_C04,Sub08_H,healthy,21,22,right,4,unassigned_steady_or_transition,6349,6465,116,1.150000000000091,1152.75
Sub08_H_T22_R_C05,Sub08_H,healthy,21,22,right,5,unassigned_steady_or_transition,6465,6583,118,1.1800000000000637,1152.75
Sub08_H_T22_R_C06,Sub08_H,healthy,21,22,right,6,unassigned_steady_or_transition,6583,6706,123,1.2300000000000182,1152.75
Sub08_H_T22_R_C07,Sub08_H,healthy,21,22,right,7,unassigned_steady_or_transition,6706,6825,119,1.1899999999998272,1152.75
Sub08_H_T22_R_C08,Sub08_H,healthy,21,22,right,8,unassigned_steady_or_transition,6825,6942,117,1.1700000000000728,1152.75
Sub08_H_T22_R_C09,Sub08_H,healthy,21,22,right,9,unassigned_steady_or_transition,6942,7058,116,1.1600000000000819,1152.75
Sub08_H_T22_R_C10,Sub08_H,healthy,21,22,right,10,gait_termination,7058,7176,118,1.1799999999998363,1152.75
Sub08_H_T23_L_C01,Sub08_H,healthy,21,23,left,1,gait_initiation,9087,9205,118,1.1799999999998363,2297.0972500000003
Sub08_H_T23_L_C02,Sub08_H,healthy,21,23,left,2,unassigned_steady_or_transition,9205,9314,109,1.0900000000001455,2297.0972500000003
Sub08_H_T23_L_C03,Sub08_H,healthy,21,23,left,3,unassigned_steady_or_transition,9314,9433,119,1.1900000000000546,2297.0972500000003
Sub08_H_T23_L_C04,Sub08_H,healthy,21,23,left,4,unassigned_steady_or_transition,9433,9564,131,1.3099999999999454,2297.0972500000003
Sub08_H_T23_L_C05,Sub08_H,healthy,21,23,left,5,unassigned_steady_or_transition,9564,9678,114,1.1499999999998636,2297.0972500000003
Sub08_H_T23_L_C06,Sub08_H,healthy,21,23,left,6,unassigned_steady_or_transition,9678,9776,98,0.9799999999997908,2297.0972500000003
Sub08_H_T23_L_C07,Sub08_H,healthy,21,23,left,7,unassigned_steady_or_transition,9776,9883,107,1.0600000000001728,2297.0972500000003
Sub08_H_T23_L_C08,Sub08_H,healthy,21,23,left,8,unassigned_steady_or_transition,9883,9989,106,1.0499999999999545,2297.0972500000003
Sub08_H_T23_L_C09,Sub08_H,healthy,21,23,left,9,gait_termination,9989,10094,105,1.0499999999999545,2297.0972500000003
Sub08_H_T23_R_C01,Sub08_H,healthy,21,23,right,1,gait_initiation,9148,9259,111,1.1100000000001273,1262.75
Sub08_H_T23_R_C02,Sub08_H,healthy,21,23,right,2,unassigned_steady_or_transition,9259,9371,112,1.1199999999998909,1262.75
Sub08_H_T23_R_C03,Sub08_H,healthy,21,23,right,3,unassigned_steady_or_transition,9371,9498,127,1.259999999999991,1262.75
Sub08_H_T23_R_C04,Sub08_H,healthy,21,23,right,4,unassigned_steady_or_transition,9498,9621,123,1.240000000000009,1262.75
Sub08_H_T23_R_C05,Sub08_H,healthy,21,23,right,5,unassigned_steady_or_transition,9621,9728,107,1.0699999999999363,1262.75
Sub08_H_T23_R_C06,Sub08_H,healthy,21,23,right,6,unassigned_steady_or_transition,9728,9830,102,1.009999999999991,1262.75
Sub08_H_T23_R_C07,Sub08_H,healthy,21,23,right,7,unassigned_steady_or_transition,9830,9935,105,1.0399999999999636,1262.75
Sub08_H_T23_R_C08,Sub08_H,healthy,21,23,right,8,unassigned_steady_or_transition,9935,10041,106,1.0599999999999454,1262.75
Sub08_H_T23_R_C09,Sub08_H,healthy,21,23,right,9,gait_termination,10041,10151,110,1.0899999999999181,1262.75
Sub08_H_T24_L_C01,Sub08_H,healthy,21,24,left,1,gait_initiation,15374,15486,112,1.1199999999998909,2433.7169000000004
Sub08_H_T24_L_C02,Sub08_H,healthy,21,24,left,2,unassigned_steady_or_transition,15486,15596,110,1.099999999999909,2433.7169000000004
Sub08_H_T24_L_C03,Sub08_H,healthy,21,24,left,3,unassigned_steady_or_transition,15596,15713,117,1.1700000000000728,2433.7169000000004
Sub08_H_T24_L_C04,Sub08_H,healthy,21,24,left,4,unassigned_steady_or_transition,15713,15834,121,1.2100000000000364,2433.7169000000004
Sub08_H_T24_L_C05,Sub08_H,healthy,21,24,left,5,unassigned_steady_or_transition,15834,15953,119,1.1899999999998272,2433.7169000000004
Sub08_H_T24_L_C06,Sub08_H,healthy,21,24,left,6,unassigned_steady_or_transition,15953,16072,119,1.1900000000000546,2433.7169000000004
Sub08_H_T24_L_C07,Sub08_H,healthy,21,24,left,7,unassigned_steady_or_transition,16072,16189,117,1.1700000000000728,2433.7169000000004
Sub08_H_T24_L_C08,Sub08_H,healthy,21,24,left,8,unassigned_steady_or_transition,16189,16313,124,1.2300000000000182,2433.7169000000004
Sub08_H_T24_L_C09,Sub08_H,healthy,21,24,left,9,unassigned_steady_or_transition,16313,16432,119,1.1900000000000546,2433.7169000000004
Sub08_H_T24_L_C10,Sub08_H,healthy,21,24,left,10,gait_termination,16432,16552,120,1.199999999999818,2433.7169000000004
Sub08_H_T24_R_C01,Sub08_H,healthy,21,24,right,1,gait_initiation,15345,15451,106,1.0699999999999363,-1299.185
Sub08_H_T24_R_C02,Sub08_H,healthy,21,24,right,2,unassigned_steady_or_transition,15451,15583,132,1.3199999999999363,-1299.185
Sub08_H_T24_R_C03,Sub08_H,healthy,21,24,right,3,unassigned_steady_or_transition,15583,15690,107,1.0700000000001637,-1299.185
Sub08_H_T24_R_C04,Sub08_H,healthy,21,24,right,4,unassigned_steady_or_transition,15690,15824,134,1.3399999999999181,-1299.185
Sub08_H_T24_R_C05,Sub08_H,healthy,21,24,right,5,unassigned_steady_or_transition,15824,15930,106,1.0499999999999545,-1299.185
Sub08_H_T24_R_C06,Sub08_H,healthy,21,24,right,6,unassigned_steady_or_transition,15930,16039,109,1.0900000000001455,-1299.185
Sub08_H_T24_R_C07,Sub08_H,healthy,21,24,right,7,unassigned_steady_or_transition,16039,16175,136,1.3599999999999,-1299.185
Sub08_H_T24_R_C08,Sub08_H,healthy,21,24,right,8,unassigned_steady_or_transition,16175,16291,116,1.1600000000000819,-1299.185
Sub08_H_T24_R_C09,Sub08_H,healthy,21,24,right,9,unassigned_steady_or_transition,16291,16413,122,1.2200000000000273,-1299.185
Sub08_H_T24_R_C10,Sub08_H,healthy,21,24,right,10,gait_termination,16413,16528,115,1.1499999999998636,-1299.185
Sub08_H_T25_L_C01,Sub08_H,healthy,21,25,left,1,gait_initiation,21239,21355,116,1.1600000000000819,2480.7926500000003
Sub08_H_T25_L_C02,Sub08_H,healthy,21,25,left,2,unassigned_steady_or_transition,21355,21466,111,1.1199999999998909,2480.7926500000003
Sub08_H_T25_L_C03,Sub08_H,healthy,21,25,left,3,unassigned_steady_or_transition,21466,21577,111,1.1100000000001273,2480.7926500000003
Sub08_H_T25_L_C04,Sub08_H,healthy,21,25,left,4,unassigned_steady_or_transition,21577,21688,111,1.1099999999999,2480.7926500000003
Sub08_H_T25_L_C05,Sub08_H,healthy,21,25,left,5,unassigned_steady_or_transition,21688,21802,114,1.1400000000001,2480.7926500000003
Sub08_H_T25_L_C06,Sub08_H,healthy,21,25,left,6,unassigned_steady_or_transition,21802,21913,111,1.099999999999909,2480.7926500000003
Sub08_H_T25_L_C07,Sub08_H,healthy,21,25,left,7,unassigned_steady_or_transition,21913,22035,122,1.2200000000000273,2480.7926500000003
Sub08_H_T25_L_C08,Sub08_H,healthy,21,25,left,8,unassigned_steady_or_transition,22035,22160,125,1.2300000000000182,2480.7926500000003
Sub08_H_T25_L_C09,Sub08_H,healthy,21,25,left,9,unassigned_steady_or_transition,22160,22283,123,1.2100000000000364,2480.7926500000003
Sub08_H_T25_L_C10,Sub08_H,healthy,21,25,left,10,gait_termination,22283,22400,117,1.1600000000000819,2480.7926500000003
Sub08_H_T25_R_C01,Sub08_H,healthy,21,25,right,1,gait_initiation,21301,21410,109,1.0900000000001455,1134.8600000000001
Sub08_H_T25_R_C02,Sub08_H,healthy,21,25,right,2,unassigned_steady_or_transition,21410,21523,113,1.1299999999998818,1134.8600000000001
Sub08_H_T25_R_C03,Sub08_H,healthy,21,25,right,3,unassigned_steady_or_transition,21523,21632,109,1.0900000000001455,1134.8600000000001
Sub08_H_T25_R_C04,Sub08_H,healthy,21,25,right,4,unassigned_steady_or_transition,21632,21747,115,1.1599999999998545,1134.8600000000001
Sub08_H_T25_R_C05,Sub08_H,healthy,21,25,right,5,unassigned_steady_or_transition,21747,21858,111,1.099999999999909,1134.8600000000001
Sub08_H_T25_R_C06,Sub08_H,healthy,21,25,right,6,unassigned_steady_or_transition,21858,21976,118,1.1800000000000637,1134.8600000000001
Sub08_H_T25_R_C07,Sub08_H,healthy,21,25,right,7,unassigned_steady_or_transition,21976,22098,122,1.2100000000000364,1134.8600000000001
Sub08_H_T25_R_C08,Sub08_H,healthy,21,25,right,8,unassigned_steady_or_transition,22098,22222,124,1.2300000000000182,1134.8600000000001
Sub08_H_T25_R_C09,Sub08_H,healthy,21,25,right,9,gait_termination,22222,22341,119,1.1799999999998363,1134.8600000000001
Sub08_H_T26_L_C01,Sub08_H,healthy,21,26,left,1,gait_initiation,23993,24112,119,1.1900000000000546,-2584.5319
Sub08_H_T26_L_C02,Sub08_H,healthy,21,26,left,2,unassigned_steady_or_transition,24112,24240,128,1.2699999999999818,-2584.5319
Sub08_H_T26_L_C03,Sub08_H,healthy,21,26,left,3,unassigned_steady_or_transition,24240,24369,129,1.2799999999999727,-2584.5319
Sub08_H_T26_L_C04,Sub08_H,healthy,21,26,left,4,unassigned_steady_or_transition,24369,24485,116,1.1600000000000819,-2584.5319
Sub08_H_T26_L_C05,Sub08_H,healthy,21,26,left,5,unassigned_steady_or_transition,24485,24606,121,1.2100000000000364,-2584.5319
Sub08_H_T26_L_C06,Sub08_H,healthy,21,26,left,6,unassigned_steady_or_transition,24606,24732,126,1.2699999999999818,-2584.5319
Sub08_H_T26_L_C07,Sub08_H,healthy,21,26,left,7,unassigned_steady_or_transition,24732,24846,114,1.1399999999998727,-2584.5319
Sub08_H_T26_L_C08,Sub08_H,healthy,21,26,left,8,unassigned_steady_or_transition,24846,24960,114,1.1399999999998727,-2584.5319
Sub08_H_T26_L_C09,Sub08_H,healthy,21,26,left,9,unassigned_steady_or_transition,24960,25079,119,1.1900000000000546,-2584.5319
Sub08_H_T26_L_C10,Sub08_H,healthy,21,26,left,10,gait_termination,25079,25199,120,1.2000000000000455,-2584.5319
Sub08_H_T26_R_C01,Sub08_H,healthy,21,26,right,1,gait_initiation,23986,24106,120,1.2000000000000455,1191.53
Sub08_H_T26_R_C02,Sub08_H,healthy,21,26,right,2,unassigned_steady_or_transition,24106,24231,125,1.240000000000009,1191.53
Sub08_H_T26_R_C03,Sub08_H,healthy,21,26,right,3,unassigned_steady_or_transition,24231,24361,130,1.2999999999999545,1191.53
Sub08_H_T26_R_C04,Sub08_H,healthy,21,26,right,4,unassigned_steady_or_transition,24361,24479,118,1.1800000000000637,1191.53
Sub08_H_T26_R_C05,Sub08_H,healthy,21,26,right,5,unassigned_steady_or_transition,24479,24599,120,1.199999999999818,1191.53
Sub08_H_T26_R_C06,Sub08_H,healthy,21,26,right,6,unassigned_steady_or_transition,24599,24725,126,1.2699999999999818,1191.53
Sub08_H_T26_R_C07,Sub08_H,healthy,21,26,right,7,unassigned_steady_or_transition,24725,24838,113,1.1299999999998818,1191.53
Sub08_H_T26_R_C08,Sub08_H,healthy,21,26,right,8,unassigned_steady_or_transition,24838,24954,116,1.1600000000000819,1191.53
Sub08_H_T26_R_C09,Sub08_H,healthy,21,26,right,9,unassigned_steady_or_transition,24954,25072,118,1.1800000000000637,1191.53
Sub08_H_T26_R_C10,Sub08_H,healthy,21,26,right,10,gait_termination,25072,25193,121,1.199999999999818,1191.53
Sub08_H_T27_L_C01,Sub08_H,healthy,21,27,left,1,gait_initiation,26768,26886,118,1.1800000000000637,2550.0791
Sub08_H_T27_L_C02,Sub08_H,healthy,21,27,left,2,unassigned_steady_or_transition,26886,27005,119,1.1900000000000546,2550.0791
Sub08_H_T27_L_C03,Sub08_H,healthy,21,27,left,3,unassigned_steady_or_transition,27005,27125,120,1.2000000000000455,2550.0791
Sub08_H_T27_L_C04,Sub08_H,healthy,21,27,left,4,unassigned_steady_or_transition,27125,27250,125,1.25,2550.0791
Sub08_H_T27_L_C05,Sub08_H,healthy,21,27,left,5,unassigned_steady_or_transition,27250,27373,123,1.2300000000000182,2550.0791
Sub08_H_T27_L_C06,Sub08_H,healthy,21,27,left,6,unassigned_steady_or_transition,27373,27496,123,1.2200000000000273,2550.0791
Sub08_H_T27_L_C07,Sub08_H,healthy,21,27,left,7,unassigned_steady_or_transition,27496,27625,129,1.2799999999999727,2550.0791
Sub08_H_T27_L_C08,Sub08_H,healthy,21,27,left,8,unassigned_steady_or_transition,27625,27749,124,1.240000000000009,2550.0791
Sub08_H_T27_L_C09,Sub08_H,healthy,21,27,left,9,unassigned_steady_or_transition,27749,27871,122,1.2100000000000364,2550.0791
Sub08_H_T27_L_C10,Sub08_H,healthy,21,27,left,10,gait_termination,27871,27992,121,1.2000000000000455,2550.0791
Sub08_H_T27_R_C01,Sub08_H,healthy,21,27,right,1,gait_initiation,26831,26945,114,1.1399999999998727,1208.4800000000002
Sub08_H_T27_R_C02,Sub08_H,healthy,21,27,right,2,unassigned_steady_or_transition,26945,27067,122,1.2199999999998,1208.4800000000002
Sub08_H_T27_R_C03,Sub08_H,healthy,21,27,right,3,unassigned_steady_or_transition,27067,27187,120,1.2000000000000455,1208.4800000000002
Sub08_H_T27_R_C04,Sub08_H,healthy,21,27,right,4,unassigned_steady_or_transition,27187,27314,127,1.2699999999999818,1208.4800000000002
Sub08_H_T27_R_C05,Sub08_H,healthy,21,27,right,5,unassigned_steady_or_transition,27314,27431,117,1.1600000000000819,1208.4800000000002
Sub08_H_T27_R_C06,Sub08_H,healthy,21,27,right,6,unassigned_steady_or_transition,27431,27562,131,1.2999999999999545,1208.4800000000002
Sub08_H_T27_R_C07,Sub08_H,healthy,21,27,right,7,unassigned_steady_or_transition,27562,27685,123,1.2200000000000273,1208.4800000000002
Sub08_H_T27_R_C08,Sub08_H,healthy,21,27,right,8,unassigned_steady_or_transition,27685,27809,124,1.2300000000000182,1208.4800000000002
Sub08_H_T27_R_C09,Sub08_H,healthy,21,27,right,9,gait_termination,27809,27931,122,1.2100000000000364,1208.4800000000002
Sub08_H_T28_L_C01,Sub08_H,healthy,21,28,left,1,gait_initiation,29742,29851,109,1.0899999999999181,-2627.0229
Sub08_H_T28_L_C02,Sub08_H,healthy,21,28,left,2,unassigned_steady_or_transition,29851,29960,109,1.0799999999999272,-2627.0229
Sub08_H_T28_L_C03,Sub08_H,healthy,21,28,left,3,unassigned_steady_or_transition,29960,30073,113,1.1300000000001091,-2627.0229
Sub08_H_T28_L_C04,Sub08_H,healthy,21,28,left,4,unassigned_steady_or_transition,30073,30182,109,1.0899999999999181,-2627.0229
Sub08_H_T28_L_C05,Sub08_H,healthy,21,28,left,5,unassigned_steady_or_transition,30182,30304,122,1.2100000000000364,-2627.0229
Sub08_H_T28_L_C06,Sub08_H,healthy,21,28,left,6,unassigned_steady_or_transition,30304,30427,123,1.2300000000000182,-2627.0229
Sub08_H_T28_L_C07,Sub08_H,healthy,21,28,left,7,unassigned_steady_or_transition,30427,30541,114,1.1400000000001,-2627.0229
Sub08_H_T28_L_C08,Sub08_H,healthy,21,28,left,8,unassigned_steady_or_transition,30541,30660,119,1.1899999999998272,-2627.0229
Sub08_H_T28_L_C09,Sub08_H,healthy,21,28,left,9,unassigned_steady_or_transition,30660,30782,122,1.2200000000000273,-2627.0229
Sub08_H_T28_L_C10,Sub08_H,healthy,21,28,left,10,gait_termination,30782,30901,119,1.1900000000000546,-2627.0229
Sub08_H_T28_R_C01,Sub08_H,healthy,21,28,right,1,gait_initiation,29736,29846,110,1.1000000000001364,1169.0700000000002
Sub08_H_T28_R_C02,Sub08_H,healthy,21,28,right,2,unassigned_steady_or_transition,29846,29955,109,1.0799999999999272,1169.0700000000002
Sub08_H_T28_R_C03,Sub08_H,healthy,21,28,right,3,unassigned_steady_or_transition,29955,30068,113,1.1300000000001091,1169.0700000000002
Sub08_H_T28_R_C04,Sub08_H,healthy,21,28,right,4,unassigned_steady_or_transition,30068,30178,110,1.099999999999909,1169.0700000000002
Sub08_H_T28_R_C05,Sub08_H,healthy,21,28,right,5,unassigned_steady_or_transition,30178,30297,119,1.1800000000000637,1169.0700000000002
Sub08_H_T28_R_C06,Sub08_H,healthy,21,28,right,6,unassigned_steady_or_transition,30297,30422,125,1.25,1169.0700000000002
Sub08_H_T28_R_C07,Sub08_H,healthy,21,28,right,7,unassigned_steady_or_transition,30422,30536,114,1.1399999999998727,1169.0700000000002
Sub08_H_T28_R_C08,Sub08_H,healthy,21,28,right,8,unassigned_steady_or_transition,30536,30654,118,1.1800000000000637,1169.0700000000002
Sub08_H_T28_R_C09,Sub08_H,healthy,21,28,right,9,unassigned_steady_or_transition,30654,30775,121,1.2100000000000364,1169.0700000000002
Sub08_H_T28_R_C10,Sub08_H,healthy,21,28,right,10,gait_termination,30775,30895,120,1.2000000000000455,1169.0700000000002
Sub08_H_T29_L_C01,Sub08_H,healthy,21,29,left,1,gait_initiation,32770,32891,121,1.2200000000000273,2577.5479
Sub08_H_T29_L_C02,Sub08_H,healthy,21,29,left,2,unassigned_steady_or_transition,32891,33016,125,1.25,2577.5479
Sub08_H_T29_L_C03,Sub08_H,healthy,21,29,left,3,unassigned_steady_or_transition,33016,33134,118,1.1800000000000637,2577.5479
Sub08_H_T29_L_C04,Sub08_H,healthy,21,29,left,4,unassigned_steady_or_transition,33134,33272,138,1.3699999999998909,2577.5479
Sub08_H_T29_L_C05,Sub08_H,healthy,21,29,left,5,unassigned_steady_or_transition,33272,33395,123,1.2300000000000182,2577.5479
Sub08_H_T29_L_C06,Sub08_H,healthy,21,29,left,6,unassigned_steady_or_transition,33395,33507,112,1.1099999999999,2577.5479
Sub08_H_T29_L_C07,Sub08_H,healthy,21,29,left,7,unassigned_steady_or_transition,33507,33628,121,1.199999999999818,2577.5479
Sub08_H_T29_L_C08,Sub08_H,healthy,21,29,left,8,unassigned_steady_or_transition,33628,33750,122,1.2100000000000364,2577.5479
Sub08_H_T29_L_C09,Sub08_H,healthy,21,29,left,9,unassigned_steady_or_transition,33750,33869,119,1.1800000000000637,2577.5479
Sub08_H_T29_L_C10,Sub08_H,healthy,21,29,left,10,gait_termination,33869,33988,119,1.1900000000000546,2577.5479
Sub08_H_T29_R_C01,Sub08_H,healthy,21,29,right,1,gait_initiation,32833,32954,121,1.2100000000000364,1140.565
Sub08_H_T29_R_C02,Sub08_H,healthy,21,29,right,2,unassigned_steady_or_transition,32954,33078,124,1.240000000000009,1140.565
Sub08_H_T29_R_C03,Sub08_H,healthy,21,29,right,3,unassigned_steady_or_transition,33078,33201,123,1.2200000000000273,1140.565
Sub08_H_T29_R_C04,Sub08_H,healthy,21,29,right,4,unassigned_steady_or_transition,33201,33335,134,1.3300000000001546,1140.565
Sub08_H_T29_R_C05,Sub08_H,healthy,21,29,right,5,unassigned_steady_or_transition,33335,33450,115,1.1499999999998636,1140.565
Sub08_H_T29_R_C06,Sub08_H,healthy,21,29,right,6,unassigned_steady_or_transition,33450,33569,119,1.1800000000000637,1140.565
Sub08_H_T29_R_C07,Sub08_H,healthy,21,29,right,7,unassigned_steady_or_transition,33569,33688,119,1.1800000000000637,1140.565
Sub08_H_T29_R_C08,Sub08_H,healthy,21,29,right,8,unassigned_steady_or_transition,33688,33811,123,1.2200000000000273,1140.565
Sub08_H_T29_R_C09,Sub08_H,healthy,21,29,right,9,gait_termination,33811,33931,120,1.1899999999998272,1140.565
Sub08_H_T30_L_C01,Sub08_H,healthy,21,30,left,1,gait_initiation,36572,36687,115,1.1499999999998636,-2673.706
Sub08_H_T30_L_C02,Sub08_H,healthy,21,30,left,2,unassigned_steady_or_transition,36687,36799,112,1.1199999999998909,-2673.706
Sub08_H_T30_L_C03,Sub08_H,healthy,21,30,left,3,unassigned_steady_or_transition,36799,36920,121,1.2000000000000455,-2673.706
Sub08_H_T30_L_C04,Sub08_H,healthy,21,30,left,4,unassigned_steady_or_transition,36920,37036,116,1.1600000000000819,-2673.706
Sub08_H_T30_L_C05,Sub08_H,healthy,21,30,left,5,unassigned_steady_or_transition,37036,37159,123,1.2299999999997908,-2673.706
Sub08_H_T30_L_C06,Sub08_H,healthy,21,30,left,6,unassigned_steady_or_transition,37159,37279,120,1.199999999999818,-2673.706
Sub08_H_T30_L_C07,Sub08_H,healthy,21,30,left,7,unassigned_steady_or_transition,37279,37386,107,1.0700000000001637,-2673.706
Sub08_H_T30_L_C08,Sub08_H,healthy,21,30,left,8,unassigned_steady_or_transition,37386,37502,116,1.1499999999998636,-2673.706
Sub08_H_T30_L_C09,Sub08_H,healthy,21,30,left,9,unassigned_steady_or_transition,37502,37618,116,1.1600000000000819,-2673.706
Sub08_H_T30_L_C10,Sub08_H,healthy,21,30,left,10,gait_termination,37618,37734,116,1.1600000000000819,-2673.706
Sub08_H_T30_R_C01,Sub08_H,healthy,21,30,right,1,gait_initiation,36564,36679,115,1.1499999999998636,1172.75
Sub08_H_T30_R_C02,Sub08_H,healthy,21,30,right,2,unassigned_steady_or_transition,36679,36792,113,1.1300000000001091,1172.75
Sub08_H_T30_R_C03,Sub08_H,healthy,21,30,right,3,unassigned_steady_or_transition,36792,36911,119,1.1799999999998363,1172.75
Sub08_H_T30_R_C04,Sub08_H,healthy,21,30,right,4,unassigned_steady_or_transition,36911,37028,117,1.1699999999998454,1172.75
Sub08_H_T30_R_C05,Sub08_H,healthy,21,30,right,5,unassigned_steady_or_transition,37028,37151,123,1.2300000000000182,1172.75
Sub08_H_T30_R_C06,Sub08_H,healthy,21,30,right,6,unassigned_steady_or_transition,37151,37273,122,1.2200000000000273,1172.75
Sub08_H_T30_R_C07,Sub08_H,healthy,21,30,right,7,unassigned_steady_or_transition,37273,37380,107,1.0699999999999363,1172.75
Sub08_H_T30_R_C08,Sub08_H,healthy,21,30,right,8,unassigned_steady_or_transition,37380,37497,117,1.1700000000000728,1172.75
Sub08_H_T30_R_C09,Sub08_H,healthy,21,30,right,9,unassigned_steady_or_transition,37497,37611,114,1.1400000000001,1172.75
Sub08_H_T30_R_C10,Sub08_H,healthy,21,30,right,10,gait_termination,37611,37727,116,1.1599999999998545,1172.75
Sub08_H_T31_L_C01,Sub08_H,healthy,21,31,left,1,gait_initiation,39526,39641,115,1.1600000000000819,2594.10515
Sub08_H_T31_L_C02,Sub08_H,healthy,21,31,left,2,unassigned_steady_or_transition,39641,39752,111,1.1100000000001273,2594.10515
Sub08_H_T31_L_C03,Sub08_H,healthy,21,31,left,3,unassigned_steady_or_transition,39752,39860,108,1.0799999999999272,2594.10515
Sub08_H_T31_L_C04,Sub08_H,healthy,21,31,left,4,unassigned_steady_or_transition,39860,39972,112,1.1299999999998818,2594.10515
Sub08_H_T31_L_C05,Sub08_H,healthy,21,31,left,5,unassigned_steady_or_transition,39972,40088,116,1.1600000000000819,2594.10515
Sub08_H_T31_L_C06,Sub08_H,healthy,21,31,left,6,unassigned_steady_or_transition,40088,40205,117,1.1600000000000819,2594.10515
Sub08_H_T31_L_C07,Sub08_H,healthy,21,31,left,7,unassigned_steady_or_transition,40205,40329,124,1.240000000000009,2594.10515
Sub08_H_T31_L_C08,Sub08_H,healthy,21,31,left,8,unassigned_steady_or_transition,40329,40453,124,1.2300000000000182,2594.10515
Sub08_H_T31_L_C09,Sub08_H,healthy,21,31,left,9,unassigned_steady_or_transition,40453,40573,120,1.1900000000000546,2594.10515
Sub08_H_T31_L_C10,Sub08_H,healthy,21,31,left,10,gait_termination,40573,40691,118,1.1699999999998454,2594.10515
Sub08_H_T31_R_C01,Sub08_H,healthy,21,31,right,1,gait_initiation,39588,39697,109,1.0899999999999181,1179.22
Sub08_H_T31_R_C02,Sub08_H,healthy,21,31,right,2,unassigned_steady_or_transition,39697,39804,107,1.0700000000001637,1179.22
Sub08_H_T31_R_C03,Sub08_H,healthy,21,31,right,3,unassigned_steady_or_transition,39804,39915,111,1.1199999999998909,1179.22
Sub08_H_T31_R_C04,Sub08_H,healthy,21,31,right,4,unassigned_steady_or_transition,39915,40029,114,1.1400000000001,1179.22
Sub08_H_T31_R_C05,Sub08_H,healthy,21,31,right,5,unassigned_steady_or_transition,40029,40142,113,1.1299999999998818,1179.22
Sub08_H_T31_R_C06,Sub08_H,healthy,21,31,right,6,unassigned_steady_or_transition,40142,40265,123,1.2200000000000273,1179.22
Sub08_H_T31_R_C07,Sub08_H,healthy,21,31,right,7,unassigned_steady_or_transition,40265,40392,127,1.259999999999991,1179.22
Sub08_H_T31_R_C08,Sub08_H,healthy,21,31,right,8,unassigned_steady_or_transition,40392,40510,118,1.1800000000000637,1179.22
Sub08_H_T31_R_C09,Sub08_H,healthy,21,31,right,9,gait_termination,40510,40629,119,1.1800000000000637,1179.22
Sub08_H_T32_L_C01,Sub08_H,healthy,21,32,left,1,gait_initiation,42298,42410,112,1.1200000000001182,-2662.7335
Sub08_H_T32_L_C02,Sub08_H,healthy,21,32,left,2,unassigned_steady_or_transition,42410,42527,117,1.1699999999998454,-2662.7335
Sub08_H_T32_L_C03,Sub08_H,healthy,21,32,left,3,unassigned_steady_or_transition,42527,42648,121,1.2000000000000455,-2662.7335
Sub08_H_T32_L_C04,Sub08_H,healthy,21,32,left,4,unassigned_steady_or_transition,42648,42768,120,1.2000000000000455,-2662.7335
Sub08_H_T32_L_C05,Sub08_H,healthy,21,32,left,5,unassigned_steady_or_transition,42768,42891,123,1.2300000000000182,-2662.7335
Sub08_H_T32_L_C06,Sub08_H,healthy,21,32,left,6,unassigned_steady_or_transition,42891,43012,121,1.2100000000000364,-2662.7335
Sub08_H_T32_L_C07,Sub08_H,healthy,21,32,left,7,unassigned_steady_or_transition,43012,43125,113,1.1300000000001091,-2662.7335
Sub08_H_T32_L_C08,Sub08_H,healthy,21,32,left,8,unassigned_steady_or_transition,43125,43245,120,1.199999999999818,-2662.7335
Sub08_H_T32_L_C09,Sub08_H,healthy,21,32,left,9,unassigned_steady_or_transition,43245,43370,125,1.25,-2662.7335
Sub08_H_T32_L_C10,Sub08_H,healthy,21,32,left,10,gait_termination,43370,43494,124,1.2300000000000182,-2662.7335
Sub08_H_T32_R_C01,Sub08_H,healthy,21,32,right,1,gait_initiation,42292,42405,113,1.1300000000001091,1152.55
Sub08_H_T32_R_C02,Sub08_H,healthy,21,32,right,2,unassigned_steady_or_transition,42405,42519,114,1.1399999999998727,1152.55
Sub08_H_T32_R_C03,Sub08_H,healthy,21,32,right,3,unassigned_steady_or_transition,42519,42642,123,1.2200000000000273,1152.55
Sub08_H_T32_R_C04,Sub08_H,healthy,21,32,right,4,unassigned_steady_or_transition,42642,42762,120,1.2000000000000455,1152.55
Sub08_H_T32_R_C05,Sub08_H,healthy,21,32,right,5,unassigned_steady_or_transition,42762,42884,122,1.2100000000000364,1152.55
Sub08_H_T32_R_C06,Sub08_H,healthy,21,32,right,6,unassigned_steady_or_transition,42884,43006,122,1.2300000000000182,1152.55
Sub08_H_T32_R_C07,Sub08_H,healthy,21,32,right,7,unassigned_steady_or_transition,43006,43119,113,1.1299999999998818,1152.55
Sub08_H_T32_R_C08,Sub08_H,healthy,21,32,right,8,unassigned_steady_or_transition,43119,43240,121,1.2000000000000455,1152.55
Sub08_H_T32_R_C09,Sub08_H,healthy,21,32,right,9,unassigned_steady_or_transition,43240,43363,123,1.2300000000000182,1152.55
Sub08_H_T32_R_C10,Sub08_H,healthy,21,32,right,10,gait_termination,43363,43486,123,1.2200000000000273,1152.55
Sub08_H_T33_L_C01,Sub08_H,healthy,21,33,left,1,gait_initiation,45240,45368,128,1.2799999999999727,2612.35455
Sub08_H_T33_L_C02,Sub08_H,healthy,21,33,left,2,unassigned_steady_or_transition,45368,45488,120,1.199999999999818,2612.35455
Sub08_H_T33_L_C03,Sub08_H,healthy,21,33,left,3,unassigned_steady_or_transition,45488,45606,118,1.1799999999998363,2612.35455
Sub08_H_T33_L_C04,Sub08_H,healthy,21,33,left,4,unassigned_steady_or_transition,45606,45727,121,1.2100000000000364,2612.35455
Sub08_H_T33_L_C05,Sub08_H,healthy,21,33,left,5,unassigned_steady_or_transition,45727,45848,121,1.2100000000000364,2612.35455
Sub08_H_T33_L_C06,Sub08_H,healthy,21,33,left,6,unassigned_steady_or_transition,45848,45966,118,1.1700000000000728,2612.35455
Sub08_H_T33_L_C07,Sub08_H,healthy,21,33,left,7,unassigned_steady_or_transition,45966,46090,124,1.240000000000009,2612.35455
Sub08_H_T33_L_C08,Sub08_H,healthy,21,33,left,8,unassigned_steady_or_transition,46090,46219,129,1.2799999999999727,2612.35455
Sub08_H_T33_L_C09,Sub08_H,healthy,21,33,left,9,unassigned_steady_or_transition,46219,46342,123,1.2200000000000273,2612.35455
Sub08_H_T33_L_C10,Sub08_H,healthy,21,33,left,10,gait_termination,46342,46470,128,1.2699999999999818,2612.35455
Sub08_H_T33_R_C01,Sub08_H,healthy,21,33,right,1,gait_initiation,45330,45462,132,1.3199999999999363,-1257.475
Sub08_H_T33_R_C02,Sub08_H,healthy,21,33,right,2,unassigned_steady_or_transition,45462,45568,106,1.0700000000001637,-1257.475
Sub08_H_T33_R_C03,Sub08_H,healthy,21,33,right,3,unassigned_steady_or_transition,45568,45695,127,1.259999999999991,-1257.475
Sub08_H_T33_R_C04,Sub08_H,healthy,21,33,right,4,unassigned_steady_or_transition,45695,45819,124,1.240000000000009,-1257.475
Sub08_H_T33_R_C05,Sub08_H,healthy,21,33,right,5,unassigned_steady_or_transition,45819,45928,109,1.0899999999999181,-1257.475
Sub08_H_T33_R_C06,Sub08_H,healthy,21,33,right,6,unassigned_steady_or_transition,45928,46064,136,1.3500000000001364,-1257.475
Sub08_H_T33_R_C07,Sub08_H,healthy,21,33,right,7,unassigned_steady_or_transition,46064,46199,135,1.349999999999909,-1257.475
Sub08_H_T33_R_C08,Sub08_H,healthy,21,33,right,8,unassigned_steady_or_transition,46199,46334,135,1.3299999999999272,-1257.475
Sub08_H_T33_R_C09,Sub08_H,healthy,21,33,right,9,gait_termination,46334,46451,117,1.1599999999998545,-1257.475
Sub08_H_T34_L_C01,Sub08_H,healthy,21,34,left,1,gait_initiation,49650,49763,113,1.1400000000001,-2706.8785
Sub08_H_T34_L_C02,Sub08_H,healthy,21,34,left,2,unassigned_steady_or_transition,49763,49876,113,1.1299999999998818,-2706.8785
Sub08_H_T34_L_C03,Sub08_H,healthy,21,34,left,3,unassigned_steady_or_transition,49876,49994,118,1.1800000000000637,-2706.8785
Sub08_H_T34_L_C04,Sub08_H,healthy,21,34,left,4,unassigned_steady_or_transition,49994,50106,112,1.1100000000001273,-2706.8785
Sub08_H_T34_L_C05,Sub08_H,healthy,21,34,left,5,unassigned_steady_or_transition,50106,50228,122,1.2200000000000273,-2706.8785
Sub08_H_T34_L_C06,Sub08_H,healthy,21,34,left,6,unassigned_steady_or_transition,50228,50355,127,1.259999999999991,-2706.8785
Sub08_H_T34_L_C07,Sub08_H,healthy,21,34,left,7,unassigned_steady_or_transition,50355,50470,115,1.1499999999998636,-2706.8785
Sub08_H_T34_L_C08,Sub08_H,healthy,21,34,left,8,unassigned_steady_or_transition,50470,50586,116,1.150000000000091,-2706.8785
Sub08_H_T34_L_C09,Sub08_H,healthy,21,34,left,9,unassigned_steady_or_transition,50586,50706,120,1.1900000000000546,-2706.8785
Sub08_H_T34_L_C10,Sub08_H,healthy,21,34,left,10,gait_termination,50706,50824,118,1.1800000000000637,-2706.8785
Sub08_H_T34_R_C01,Sub08_H,healthy,21,34,right,1,gait_initiation,49677,49781,104,1.050000000000182,-1293.6100000000001
Sub08_H_T34_R_C02,Sub08_H,healthy,21,34,right,2,unassigned_steady_or_transition,49781,49898,117,1.1799999999998363,-1293.6100000000001
Sub08_H_T34_R_C03,Sub08_H,healthy,21,34,right,3,unassigned_steady_or_transition,49898,50023,125,1.240000000000009,-1293.6100000000001
Sub08_H_T34_R_C04,Sub08_H,healthy,21,34,right,4,unassigned_steady_or_transition,50023,50128,105,1.050000000000182,-1293.6100000000001
Sub08_H_T34_R_C05,Sub08_H,healthy,21,34,right,5,unassigned_steady_or_transition,50128,50251,123,1.2199999999998,-1293.6100000000001
Sub08_H_T34_R_C06,Sub08_H,healthy,21,34,right,6,unassigned_steady_or_transition,50251,50380,129,1.290000000000191,-1293.6100000000001
Sub08_H_T34_R_C07,Sub08_H,healthy,21,34,right,7,unassigned_steady_or_transition,50380,50487,107,1.0699999999999363,-1293.6100000000001
Sub08_H_T34_R_C08,Sub08_H,healthy,21,34,right,8,unassigned_steady_or_transition,50487,50613,126,1.259999999999991,-1293.6100000000001
Sub08_H_T34_R_C09,Sub08_H,healthy,21,34,right,9,unassigned_steady_or_transition,50613,50744,131,1.2999999999999545,-1293.6100000000001
Sub08_H_T34_R_C10,Sub08_H,healthy,21,34,right,10,gait_termination,50744,50840,96,0.9600000000000364,-1293.6100000000001
Sub08_H_T35_L_C01,Sub08_H,healthy,21,35,left,1,gait_initiation,52320,52442,122,1.2199999999998,2632.27765
Sub08_H_T35_L_C02,Sub08_H,healthy,21,35,left,2,unassigned_steady_or_transition,52442,52557,115,1.1499999999998636,2632.27765
Sub08_H_T35_L_C03,Sub08_H,healthy,21,35,left,3,unassigned_steady_or_transition,52557,52673,116,1.1600000000000819,2632.27765
Sub08_H_T35_L_C04,Sub08_H,healthy,21,35,left,4,unassigned_steady_or_transition,52673,52795,122,1.2200000000000273,2632.27765
Sub08_H_T35_L_C05,Sub08_H,healthy,21,35,left,5,unassigned_steady_or_transition,52795,52917,122,1.2200000000000273,2632.27765
Sub08_H_T35_L_C06,Sub08_H,healthy,21,35,left,6,unassigned_steady_or_transition,52917,53036,119,1.1799999999998363,2632.27765
Sub08_H_T35_L_C07,Sub08_H,healthy,21,35,left,7,unassigned_steady_or_transition,53036,53163,127,1.259999999999991,2632.27765
Sub08_H_T35_L_C08,Sub08_H,healthy,21,35,left,8,unassigned_steady_or_transition,53163,53287,124,1.2399999999997817,2632.27765
Sub08_H_T35_L_C09,Sub08_H,healthy,21,35,left,9,unassigned_steady_or_transition,53287,53411,124,1.2299999999997908,2632.27765
Sub08_H_T35_L_C10,Sub08_H,healthy,21,35,left,10,gait_termination,53411,53527,116,1.150000000000091,2632.27765
Sub08_H_T35_R_C01,Sub08_H,healthy,21,35,right,1,gait_initiation,52421,52527,106,1.0599999999999454,-1271.76
Sub08_H_T35_R_C02,Sub08_H,healthy,21,35,right,2,unassigned_steady_or_transition,52527,52641,114,1.1399999999998727,-1271.76
Sub08_H_T35_R_C03,Sub08_H,healthy,21,35,right,3,unassigned_steady_or_transition,52641,52762,121,1.209999999999809,-1271.76
Sub08_H_T35_R_C04,Sub08_H,healthy,21,35,right,4,unassigned_steady_or_transition,52762,52882,120,1.2000000000000455,-1271.76
Sub08_H_T35_R_C05,Sub08_H,healthy,21,35,right,5,unassigned_steady_or_transition,52882,52998,116,1.1600000000000819,-1271.76
Sub08_H_T35_R_C06,Sub08_H,healthy,21,35,right,6,unassigned_steady_or_transition,52998,53123,125,1.240000000000009,-1271.76
Sub08_H_T35_R_C07,Sub08_H,healthy,21,35,right,7,unassigned_steady_or_transition,53123,53274,151,1.509999999999991,-1271.76
Sub08_H_T35_R_C08,Sub08_H,healthy,21,35,right,8,unassigned_steady_or_transition,53274,53393,119,1.1800000000000637,-1271.76
Sub08_H_T35_R_C09,Sub08_H,healthy,21,35,right,9,unassigned_steady_or_transition,53393,53517,124,1.2300000000000182,-1271.76
Sub08_H_T35_R_C10,Sub08_H,healthy,21,35,right,10,gait_termination,53517,53647,130,1.2899999999999636,-1271.76
Sub08_H_T36_L_C01,Sub08_H,healthy,21,36,left,1,gait_initiation,55139,55260,121,1.2000000000000455,-2755.0036
Sub08_H_T36_L_C02,Sub08_H,healthy,21,36,left,2,unassigned_steady_or_transition,55260,55381,121,1.199999999999818,-2755.0036
Sub08_H_T36_L_C03,Sub08_H,healthy,21,36,left,3,unassigned_steady_or_transition,55381,55508,127,1.259999999999991,-2755.0036
Sub08_H_T36_L_C04,Sub08_H,healthy,21,36,left,4,unassigned_steady_or_transition,55508,55622,114,1.1400000000001,-2755.0036
Sub08_H_T36_L_C05,Sub08_H,healthy,21,36,left,5,unassigned_steady_or_transition,55622,55743,121,1.2000000000000455,-2755.0036
Sub08_H_T36_L_C06,Sub08_H,healthy,21,36,left,6,unassigned_steady_or_transition,55743,55867,124,1.240000000000009,-2755.0036
Sub08_H_T36_L_C07,Sub08_H,healthy,21,36,left,7,unassigned_steady_or_transition,55867,55981,114,1.1400000000001,-2755.0036
Sub08_H_T36_L_C08,Sub08_H,healthy,21,36,left,8,unassigned_steady_or_transition,55981,56099,118,1.1699999999998454,-2755.0036
Sub08_H_T36_L_C09,Sub08_H,healthy,21,36,left,9,unassigned_steady_or_transition,56099,56217,118,1.1900000000000546,-2755.0036
Sub08_H_T36_L_C10,Sub08_H,healthy,21,36,left,10,gait_termination,56217,56339,122,1.2200000000000273,-2755.0036
Sub08_H_T36_R_C01,Sub08_H,healthy,21,36,right,1,gait_initiation,55134,55256,122,1.199999999999818,1176.16
Sub08_H_T36_R_C02,Sub08_H,healthy,21,36,right,2,unassigned_steady_or_transition,55256,55376,120,1.2000000000000455,1176.16
Sub08_H_T36_R_C03,Sub08_H,healthy,21,36,right,3,unassigned_steady_or_transition,55376,55503,127,1.259999999999991,1176.16
Sub08_H_T36_R_C04,Sub08_H,healthy,21,36,right,4,unassigned_steady_or_transition,55503,55617,114,1.1400000000001,1176.16
Sub08_H_T36_R_C05,Sub08_H,healthy,21,36,right,5,unassigned_steady_or_transition,55617,55736,119,1.1800000000000637,1176.16
Sub08_H_T36_R_C06,Sub08_H,healthy,21,36,right,6,unassigned_steady_or_transition,55736,55861,125,1.25,1176.16
Sub08_H_T36_R_C07,Sub08_H,healthy,21,36,right,7,unassigned_steady_or_transition,55861,55977,116,1.1499999999998636,1176.16
Sub08_H_T36_R_C08,Sub08_H,healthy,21,36,right,8,unassigned_steady_or_transition,55977,56093,116,1.1600000000000819,1176.16
Sub08_H_T36_R_C09,Sub08_H,healthy,21,36,right,9,unassigned_steady_or_transition,56093,56213,120,1.2000000000000455,1176.16
Sub08_H_T36_R_C10,Sub08_H,healthy,21,36,right,10,gait_termination,56213,56332,119,1.1900000000000546,1176.16
Sub08_H_T37_L_C01,Sub08_H,healthy,21,37,left,1,gait_initiation,57838,57953,115,1.1600000000000819,2701.2306000000003
Sub08_H_T37_L_C02,Sub08_H,healthy,21,37,left,2,unassigned_steady_or_transition,57953,58065,112,1.1200000000001182,2701.2306000000003
Sub08_H_T37_L_C03,Sub08_H,healthy,21,37,left,3,unassigned_steady_or_transition,58065,58179,114,1.1399999999998727,2701.2306000000003
Sub08_H_T37_L_C04,Sub08_H,healthy,21,37,left,4,unassigned_steady_or_transition,58179,58295,116,1.1600000000000819,2701.2306000000003
Sub08_H_T37_L_C05,Sub08_H,healthy,21,37,left,5,unassigned_steady_or_transition,58295,58413,118,1.1800000000000637,2701.2306000000003
Sub08_H_T37_L_C06,Sub08_H,healthy,21,37,left,6,unassigned_steady_or_transition,58413,58531,118,1.1799999999998363,2701.2306000000003
Sub08_H_T37_L_C07,Sub08_H,healthy,21,37,left,7,unassigned_steady_or_transition,58531,58661,130,1.290000000000191,2701.2306000000003
Sub08_H_T37_L_C08,Sub08_H,healthy,21,37,left,8,unassigned_steady_or_transition,58661,58786,125,1.240000000000009,2701.2306000000003
Sub08_H_T37_L_C09,Sub08_H,healthy,21,37,left,9,unassigned_steady_or_transition,58786,58911,125,1.25,2701.2306000000003
Sub08_H_T37_L_C10,Sub08_H,healthy,21,37,left,10,gait_termination,58911,59031,120,1.1899999999998272,2701.2306000000003
Sub08_H_T37_R_C01,Sub08_H,healthy,21,37,right,1,gait_initiation,57898,58011,113,1.1299999999998818,1171.0500000000002
Sub08_H_T37_R_C02,Sub08_H,healthy,21,37,right,2,unassigned_steady_or_transition,58011,58125,114,1.1400000000001,1171.0500000000002
Sub08_H_T37_R_C03,Sub08_H,healthy,21,37,right,3,unassigned_steady_or_transition,58125,58237,112,1.1199999999998909,1171.0500000000002
Sub08_H_T37_R_C04,Sub08_H,healthy,21,37,right,4,unassigned_steady_or_transition,58237,58356,119,1.1899999999998272,1171.0500000000002
Sub08_H_T37_R_C05,Sub08_H,healthy,21,37,right,5,unassigned_steady_or_transition,58356,58466,110,1.1000000000001364,1171.0500000000002
Sub08_H_T37_R_C06,Sub08_H,healthy,21,37,right,6,unassigned_steady_or_transition,58466,58596,130,1.2899999999999636,1171.0500000000002
Sub08_H_T37_R_C07,Sub08_H,healthy,21,37,right,7,unassigned_steady_or_transition,58596,58723,127,1.259999999999991,1171.0500000000002
Sub08_H_T37_R_C08,Sub08_H,healthy,21,37,right,8,unassigned_steady_or_transition,58723,58850,127,1.259999999999991,1171.0500000000002
Sub08_H_T37_R_C09,Sub08_H,healthy,21,37,right,9,gait_termination,58850,58973,123,1.2200000000000273,1171.0500000000002
Sub08_H_T38_L_C01,Sub08_H,healthy,21,38,left,1,gait_initiation,62043,62152,109,1.0800000000001546,-2741.07435
Sub08_H_T38_L_C02,Sub08_H,healthy,21,38,left,2,unassigned_steady_or_transition,62152,62259,107,1.0699999999999363,-2741.07435
Sub08_H_T38_L_C03,Sub08_H,healthy,21,38,left,3,unassigned_steady_or_transition,62259,62383,124,1.240000000000009,-2741.07435
Sub08_H_T38_L_C04,Sub08_H,healthy,21,38,left,4,unassigned_steady_or_transition,62383,62470,87,0.8700000000001182,-2741.07435
Sub08_H_T38_L_C05,Sub08_H,healthy,21,38,left,5,unassigned_steady_or_transition,62470,62584,114,1.1300000000001091,-2741.07435
Sub08_H_T38_L_C06,Sub08_H,healthy,21,38,left,6,unassigned_steady_or_transition,62584,62671,87,1.2300000000000182,-2741.07435
Sub08_H_T38_L_C07,Sub08_H,healthy,21,38,left,7,unassigned_steady_or_transition,62671,62786,115,1.1499999999998636,-2741.07435
Sub08_H_T38_L_C08,Sub08_H,healthy,21,38,left,8,unassigned_steady_or_transition,62786,62907,121,1.2000000000000455,-2741.07435
Sub08_H_T38_L_C09,Sub08_H,healthy,21,38,left,9,unassigned_steady_or_transition,62907,63027,120,1.2000000000000455,-2741.07435
Sub08_H_T38_L_C10,Sub08_H,healthy,21,38,left,10,gait_termination,63027,63144,117,1.1700000000000728,-2741.07435
Sub08_H_T38_R_C01,Sub08_H,healthy,21,38,right,1,gait_initiation,62043,62147,104,1.0299999999999727,1216.85
Sub08_H_T38_R_C02,Sub08_H,healthy,21,38,right,2,unassigned_steady_or_transition,62147,62259,112,1.1199999999998909,1216.85
Sub08_H_T38_R_C03,Sub08_H,healthy,21,38,right,3,unassigned_steady_or_transition,62259,62380,121,1.2000000000000455,1216.85
Sub08_H_T38_R_C04,Sub08_H,healthy,21,38,right,4,unassigned_steady_or_transition,62380,62470,90,0.900000000000091,1216.85
Sub08_H_T38_R_C05,Sub08_H,healthy,21,38,right,5,unassigned_steady_or_transition,62470,62578,108,1.0699999999999363,1216.85
Sub08_H_T38_R_C06,Sub08_H,healthy,21,38,right,6,unassigned_steady_or_transition,62578,62668,90,1.259999999999991,1216.85
Sub08_H_T38_R_C07,Sub08_H,healthy,21,38,right,7,unassigned_steady_or_transition,62668,62782,114,1.1400000000001,1216.85
Sub08_H_T38_R_C08,Sub08_H,healthy,21,38,right,8,unassigned_steady_or_transition,62782,62903,121,1.2000000000000455,1216.85
Sub08_H_T38_R_C09,Sub08_H,healthy,21,38,right,9,unassigned_steady_or_transition,62903,63020,117,1.1700000000000728,1216.85
Sub08_H_T38_R_C10,Sub08_H,healthy,21,38,right,10,gait_termination,63020,63140,120,1.199999999999818,1216.85
Sub08_H_T39_L_C01,Sub08_H,healthy,21,39,left,1,gait_initiation,65349,65468,119,1.199999999999818,2717.38
Sub08_H_T39_L_C02,Sub08_H,healthy,21,39,left,2,unassigned_steady_or_transition,65468,65581,113,1.1299999999996544,2717.38
Sub08_H_T39_L_C03,Sub08_H,healthy,21,39,left,3,unassigned_steady_or_transition,65581,65691,110,1.099999999999909,2717.38
Sub08_H_T39_L_C04,Sub08_H,healthy,21,39,left,4,unassigned_steady_or_transition,65691,65809,118,1.1799999999998363,2717.38
Sub08_H_T39_L_C05,Sub08_H,healthy,21,39,left,5,unassigned_steady_or_transition,65809,65930,121,1.2100000000000364,2717.38
Sub08_H_T39_L_C06,Sub08_H,healthy,21,39,left,6,unassigned_steady_or_transition,65930,66047,117,1.1700000000000728,2717.38
Sub08_H_T39_L_C07,Sub08_H,healthy,21,39,left,7,unassigned_steady_or_transition,66047,66177,130,1.2899999999999636,2717.38
Sub08_H_T39_L_C08,Sub08_H,healthy,21,39,left,8,unassigned_steady_or_transition,66177,66311,134,1.3299999999999272,2717.38
Sub08_H_T39_L_C09,Sub08_H,healthy,21,39,left,9,unassigned_steady_or_transition,66311,66431,120,1.1900000000000546,2717.38
Sub08_H_T39_L_C10,Sub08_H,healthy,21,39,left,10,gait_termination,66431,66550,119,1.1799999999998363,2717.38
Sub08_H_T39_R_C01,Sub08_H,healthy,21,39,right,1,gait_initiation,65409,65522,113,1.1299999999996544,1192.74
Sub08_H_T39_R_C02,Sub08_H,healthy,21,39,right,2,unassigned_steady_or_transition,65522,65634,112,1.1199999999998909,1192.74
Sub08_H_T39_R_C03,Sub08_H,healthy,21,39,right,3,unassigned_steady_or_transition,65634,65748,114,1.1499999999996362,1192.74
Sub08_H_T39_R_C04,Sub08_H,healthy,21,39,right,4,unassigned_steady_or_transition,65748,65870,122,1.2100000000000364,1192.74
Sub08_H_T39_R_C05,Sub08_H,healthy,21,39,right,5,unassigned_steady_or_transition,65870,65985,115,1.150000000000091,1192.74
Sub08_H_T39_R_C06,Sub08_H,healthy,21,39,right,6,unassigned_steady_or_transition,65985,66113,128,1.2699999999999818,1192.74
Sub08_H_T39_R_C07,Sub08_H,healthy,21,39,right,7,unassigned_steady_or_transition,66113,66238,125,1.25,1192.74
Sub08_H_T39_R_C08,Sub08_H,healthy,21,39,right,8,unassigned_steady_or_transition,66238,66370,132,1.3099999999999454,1192.74
Sub08_H_T39_R_C09,Sub08_H,healthy,21,39,right,9,gait_termination,66370,66488,118,1.1700000000000728,1192.74
